#
# A fatal error has been detected by the Java Runtime Environment:
#
#  SIGSEGV (0xb) at pc=0x00007eb38d19f4f3, pid=1895528, tid=1895528
#
# JRE version: OpenJDK Runtime Environment (21.0.8+9) (build 21.0.8+9-Ubuntu-0ubuntu124.04.1)
# Java VM: OpenJDK 64-Bit Server VM (21.0.8+9-Ubuntu-0ubuntu124.04.1, mixed mode, sharing, tiered, compressed oops, compressed class ptrs, g1 gc, linux-amd64)
# Problematic frame:
# C  [_jpype.cpython-312-x86_64-linux-gnu.so+0x424f3]  JPypeException::toJava() [clone .cold]+0x5d
#
# Core dump will be written. Default location: Core dumps may be processed with "/usr/share/apport/apport -p%p -s%s -c%c -d%d -P%P -u%u -g%g -F%F -- %E" (or dumping to /home/henriqueramos_qs/meta-learning-concept-drift/core.1895528)
#
# If you would like to submit a bug report, please visit:
#   https://bugs.launchpad.net/ubuntu/+source/openjdk-21
# The crash happened outside the Java Virtual Machine in native code.
# See problematic frame for where to report the bug.
#

---------------  S U M M A R Y ------------

Command Line: -Xmx8g -Xss10M 

Host: Intel(R) Xeon(R) Gold 5220R CPU @ 2.20GHz, 96 cores, 187G, Ubuntu 24.04.3 LTS
Time: Wed Oct 29 11:01:35 2025 -03 elapsed time: 0.245918 seconds (0d 0h 0m 0s)

---------------  T H R E A D  ---------------

Current thread (0x000000001f94e070):  JavaThread "main"             [_thread_in_native, id=1895528, stack(0x00007fff2e721000,0x00007fff2ef1f000) (8184K)]

Stack: [0x00007fff2e721000,0x00007fff2ef1f000],  sp=0x00007fff2ef18560,  free space=8157k
Native frames: (J=compiled Java code, j=interpreted, Vv=VM code, C=native code)
C  [_jpype.cpython-312-x86_64-linux-gnu.so+0x424f3]  JPypeException::toJava() [clone .cold]+0x5d
Java frames: (J=compiled Java code, j=interpreted, Vv=VM code)
j  org.jpype.manager.TypeFactoryNative.newWrapper(JJ)V+0
j  org.jpype.JPypeContext.newWrapper(J)V+16
v  ~StubRoutines::call_stub 0x00007eb37b3cfcc6
j  org.jpype.manager.TypeFactoryNative.newWrapper(JJ)V+0
j  org.jpype.JPypeContext.newWrapper(J)V+16
v  ~StubRoutines::call_stub 0x00007eb37b3cfcc6

siginfo: si_signo: 11 (SIGSEGV), si_code: 1 (SEGV_MAPERR), si_addr: 0x0000000000000000

Registers:
RAX=0x00007eb4e2c7a7d8, RBX=0x000000001ff19c30, RCX=0x00007eb4e2c718d0, RDX=0x000000000001fee0
RSP=0x00007fff2ef18560, RBP=0x0000000000000000, RSI=0x0000000000000000, RDI=0x00007fff2ef184e8
R8 =0x000000001c68e010, R9 =0x0000000000000007, R10=0x000000001fee01d0, R11=0x624656b8ae64b284
R12=0x00007fff2ef18570, R13=0x000000001ff45d58, R14=0x00007fff2ef18568, R15=0x000000001f94e070
RIP=0x00007eb38d19f4f3, EFLAGS=0x0000000000010206, CSGSFS=0x002b000000000033, ERR=0x0000000000000006
  TRAPNO=0x000000000000000e

XMM[0]=0x0000000000000000 0x00007eb4e5804563
XMM[1]=0x00007eb4e5804563 0x00007eb4e5804563
XMM[2]=0x000000001f800b40 0x000000001f800b30
XMM[3]=0x0000000000000000 0x00007eb38d20ea81
XMM[4]=0x0000000000000000 0x00007eb4e5803b20
XMM[5]=0x0000000000000000 0x000000001f800b40
XMM[6]=0x0000000000000000 0x00007eb2ff421b00
XMM[7]=0x00007eb38d21c7b0 0x00007eb38d15d000
XMM[8]=0x0000000000000000 0x000000067fdcab0a
XMM[9]=0x0000000000000000 0x000000067fdcaab0
XMM[10]=0x0000000000000000 0x6161616161616161
XMM[11]=0x0000000000000000 0x59532400b2055953
XMM[12]=0x0000000000000000 0x00000000ea4b4f46
XMM[13]=0x0000000000000000 0x0000000000000000
XMM[14]=0x0000000000000000 0x0000000000000000
XMM[15]=0x0000000000000000 0x0000000000000000
  MXCSR=0x00001fa2


Register to memory mapping:

RAX=0x00007eb4e2c7a7d8: <offset 0x000000000027a7d8> in /lib/x86_64-linux-gnu/libstdc++.so.6 at 0x00007eb4e2a00000
RBX=0x000000001ff19c30 points into unknown readable memory: 0x00007eb38d215a38 | 38 5a 21 8d b3 7e 00 00
RCX=0x00007eb4e2c718d0: <offset 0x00000000002718d0> in /lib/x86_64-linux-gnu/libstdc++.so.6 at 0x00007eb4e2a00000
RDX=0x000000000001fee0 is an unknown value
RSP=0x00007fff2ef18560 is pointing into the stack for thread: 0x000000001f94e070
RBP=0x0 is null
RSI=0x0 is null
RDI=0x00007fff2ef184e8 is pointing into the stack for thread: 0x000000001f94e070
R8 =0x000000001c68e010 points into unknown readable memory: 0x0001000000020000 | 00 00 02 00 00 00 01 00
R9 =0x0000000000000007 is an unknown value
R10=0x000000001fee01d0 points into unknown readable memory: 0x000000000001fee0 | e0 fe 01 00 00 00 00 00
R11=0x624656b8ae64b284 is an unknown value
R12=0x00007fff2ef18570 is pointing into the stack for thread: 0x000000001f94e070
R13=0x000000001ff45d58 points into unknown readable memory: 0x726956206176614a | 4a 61 76 61 20 56 69 72
R14=0x00007fff2ef18568 is pointing into the stack for thread: 0x000000001f94e070
R15=0x000000001f94e070 is a thread

Top of Stack: (sp=0x00007fff2ef18560)
0x00007fff2ef18560:   0000003100000001 00007eb38d1ee7a0
0x00007fff2ef18570:   00007eb38d1ee763 00007fff2ef10000
0x00007fff2ef18580:   00007fff2ef186c8 00007eb4e2aba0f4
0x00007fff2ef18590:   00007eb2ff410130 00007fff2ef185e0
0x00007fff2ef185a0:   000000001ff461e0 00007fff2ef185d8
0x00007fff2ef185b0:   00007fff2ef186c8 00007eb38d1a29e8
0x00007fff2ef185c0:   00007fff2ef185e0 00007eb38d1a2a4b
0x00007fff2ef185d0:   00007eb3033024a0 0000000000000001
0x00007fff2ef185e0:   000000001f94e428 00007fff2ef10000
0x00007fff2ef185f0:   00007fff2ef18688 0000000000000000
0x00007fff2ef18600:   00007eb2ff410130 00007eb37b3dbac0
0x00007fff2ef18610:   0000000000000000 0000000600497240
0x00007fff2ef18620:   00007eb2ff4103b0 0000000000000000
0x00007fff2ef18630:   00007fff2ef18658 00007fff2ef186e8
0x00007fff2ef18640:   00007fff2ef18640 0000000000000000
0x00007fff2ef18650:   0000000000000008 00007eb2ff410770
0x00007fff2ef18660:   0000000000000000 0000000600497240
0x00007fff2ef18670:   00007eb2ff410130 0000000000000000
0x00007fff2ef18680:   00007fff2ef186a8 00007fff2ef18728
0x00007fff2ef18690:   00007eb37b3d7626 0000000000000000
0x00007fff2ef186a0:   00007eb37b3d8fd7 000000001ff12480
0x00007fff2ef186b0:   0000000000000000 000000001f7ec950
0x00007fff2ef186c0:   0000000000000000 0000000600497300
0x00007fff2ef186d0:   0000000000000000 0000000600497300
0x00007fff2ef186e0:   00007fff2ef186d0 00007eb2ff40e820
0x00007fff2ef186f0:   0000000000000006 00007eb2ff40b000
0x00007fff2ef18700:   0000000000000000 0000000600496788
0x00007fff2ef18710:   00007eb2ff40e848 00007fff2ef186a8
0x00007fff2ef18720:   00007fff2ef18748 00007fff2ef187c0
0x00007fff2ef18730:   00007eb37b3cfcc6 0000000000000000
0x00007fff2ef18740:   0000000600497300 000000001ff12480
0x00007fff2ef18750:   0000000000000000 0000000600496e90 

Instructions: (pc=0x00007eb38d19f4f3)
0x00007eb38d19f3f3:   ff ff 48 8b 54 24 30 48 8b 4c 24 38 49 89 c7 48
0x00007eb38d19f403:   89 94 24 90 00 00 00 48 8b 52 e8 48 89 8c 14 90
0x00007eb38d19f413:   00 00 00 48 c7 84 24 98 00 00 00 00 00 00 00 e9
0x00007eb38d19f423:   56 fe ff ff 4c 89 ff e8 21 9c ff ff e9 46 fd ff
0x00007eb38d19f433:   ff 4c 89 f7 48 89 c3 48 89 d5 e8 fe a6 ff ff eb
0x00007eb38d19f443:   a1 ff d0 48 8d 3d 65 ee 04 00 48 89 c6 e8 fb 90
0x00007eb38d19f453:   ff ff e9 27 ff ff ff 48 89 c7 48 89 d0 e9 ab fe
0x00007eb38d19f463:   ff ff 48 8b 7c 24 60 e8 71 00 02 00 49 8d 74 24
0x00007eb38d19f473:   08 4c 89 f7 e8 94 af ff ff e9 fc fd ff ff e8 ca
0x00007eb38d19f483:   b8 ff ff 48 89 c5 e8 f2 b3 ff ff 48 89 ef e8 ba
0x00007eb38d19f493:   b8 ff ff 4c 89 f7 e8 f2 a1 ff ff 4c 89 e7 e8 4a
0x00007eb38d19f4a3:   a7 ff ff 48 89 df 48 83 ed 01 75 59 e8 2c b6 ff
0x00007eb38d19f4b3:   ff 48 8d 3d 9d ee 04 00 48 89 c3 e8 5d 98 ff ff
0x00007eb38d19f4c3:   48 8b 43 20 48 8d 74 24 10 48 8d 7c 24 08 48 8b
0x00007eb38d19f4d3:   50 08 48 8b 08 8b 40 10 48 89 54 24 08 48 8d 54
0x00007eb38d19f4e3:   24 04 89 44 24 04 48 89 4c 24 10 e8 ed 98 ff ff
0x00007eb38d19f4f3:   c7 04 25 00 00 00 00 00 00 00 00 e8 7d b3 ff ff
0x00007eb38d19f503:   e9 b9 fe 01 00 e8 d3 b5 ff ff 48 8d 3d 44 ee 04
0x00007eb38d19f513:   00 e8 07 98 ff ff c7 04 25 00 00 00 00 00 00 00
0x00007eb38d19f523:   00 e8 57 b3 ff ff e9 93 fe 01 00 4c 89 f7 e8 5a
0x00007eb38d19f533:   a1 ff ff e9 63 ff ff ff 48 89 c3 48 89 d5 e8 3a
0x00007eb38d19f543:   b3 ff ff 48 89 df 48 89 e8 48 83 e8 01 75 52 e8
0x00007eb38d19f553:   89 b5 ff ff 48 8d 74 24 10 c7 44 24 20 b8 01 00
0x00007eb38d19f563:   00 48 89 c7 48 8d 05 75 ed 04 00 48 89 44 24 10
0x00007eb38d19f573:   48 8d 05 be ed 04 00 48 89 44 24 18 e8 5c 94 ff
0x00007eb38d19f583:   ff e8 17 93 ff ff 48 89 c7 48 89 d0 eb bb 48 89
0x00007eb38d19f593:   c3 48 89 d5 e8 e4 b2 ff ff 48 89 df 48 89 e8 eb
0x00007eb38d19f5a3:   a8 e8 a7 b7 ff ff 48 89 c5 e8 cf b2 ff ff 48 89
0x00007eb38d19f5b3:   ef e8 97 b7 ff ff 90 48 8b 73 18 48 85 f6 74 0f
0x00007eb38d19f5c3:   48 8b 05 ee 98 07 00 48 8b 38 e8 0e 93 ff ff 4c
0x00007eb38d19f5d3:   89 f7 e8 76 9a ff ff 48 89 ef e8 6e b7 ff ff 48
0x00007eb38d19f5e3:   89 ef e8 06 a6 ff ff 48 89 df 4c 89 e0 48 83 e8 


Stack slot to memory mapping:

stack at sp + 0 slots: 0x0000003100000001 is an unknown value
stack at sp + 1 slots: 0x00007eb38d1ee7a0: <offset 0x00000000000917a0> in /home/henriqueramos_qs/meta-learning-concept-drift/.venv/lib/python3.12/site-packages/_jpype.cpython-312-x86_64-linux-gnu.so at 0x00007eb38d15d000
stack at sp + 2 slots: 0x00007eb38d1ee763: <offset 0x0000000000091763> in /home/henriqueramos_qs/meta-learning-concept-drift/.venv/lib/python3.12/site-packages/_jpype.cpython-312-x86_64-linux-gnu.so at 0x00007eb38d15d000
stack at sp + 3 slots: 0x00007fff2ef10000 is pointing into the stack for thread: 0x000000001f94e070
stack at sp + 4 slots: 0x00007fff2ef186c8 is pointing into the stack for thread: 0x000000001f94e070
stack at sp + 5 slots: 0x00007eb4e2aba0f4: __cxa_get_globals+0x0000000000000014 in /lib/x86_64-linux-gnu/libstdc++.so.6 at 0x00007eb4e2a00000
stack at sp + 6 slots: {method} {0x00007eb2ff410130} 'newWrapper' '(JJ)V' in 'org/jpype/manager/TypeFactoryNative'
stack at sp + 7 slots: 0x00007fff2ef185e0 is pointing into the stack for thread: 0x000000001f94e070


---------------  P R O C E S S  ---------------

Threads class SMR info:
_java_thread_list=0x00007eb2f802ac30, length=15, elements={
0x000000001f94e070, 0x000000001fe95200, 0x000000001fe96a90, 0x000000001fe98430,
0x000000001fe99c70, 0x000000001fe9b410, 0x000000001fe9d1f0, 0x000000001fe9eaf0,
0x000000001feaa6e0, 0x000000001feb6710, 0x00007eb2d802c8f0, 0x00007eb2d802de70,
0x00007eb2e40b0100, 0x00007eb2e40b15e0, 0x00007eb2e8001120
}

Java Threads: ( => current thread )
=>0x000000001f94e070 JavaThread "main"                              [_thread_in_native, id=1895528, stack(0x00007fff2e721000,0x00007fff2ef1f000) (8184K)]
  0x000000001fe95200 JavaThread "Reference Handler"          daemon [_thread_blocked, id=1895826, stack(0x00007eb352a00000,0x00007eb353400000) (10240K)]
  0x000000001fe96a90 JavaThread "Finalizer"                  daemon [_thread_blocked, id=1895827, stack(0x00007eb352000000,0x00007eb352a00000) (10240K)]
  0x000000001fe98430 JavaThread "Signal Dispatcher"          daemon [_thread_blocked, id=1895828, stack(0x00007eb351600000,0x00007eb352000000) (10240K)]
  0x000000001fe99c70 JavaThread "Service Thread"             daemon [_thread_blocked, id=1895829, stack(0x00007eb350c00000,0x00007eb351600000) (10240K)]
  0x000000001fe9b410 JavaThread "Monitor Deflation Thread"   daemon [_thread_blocked, id=1895830, stack(0x00007eb350200000,0x00007eb350c00000) (10240K)]
  0x000000001fe9d1f0 JavaThread "C2 CompilerThread0"         daemon [_thread_blocked, id=1895831, stack(0x00007eb3534d6000,0x00007eb3535d6000) (1024K)]
  0x000000001fe9eaf0 JavaThread "C1 CompilerThread0"         daemon [_thread_blocked, id=1895832, stack(0x00007eb350100000,0x00007eb350200000) (1024K)]
  0x000000001feaa6e0 JavaThread "Notification Thread"        daemon [_thread_blocked, id=1895833, stack(0x00007eb2fe600000,0x00007eb2ff000000) (10240K)]
  0x000000001feb6710 JavaThread "Common-Cleaner"             daemon [_thread_blocked, id=1895834, stack(0x00007eb2fdc00000,0x00007eb2fe600000) (10240K)]
  0x00007eb2d802c8f0 JavaThread "C1 CompilerThread1"         daemon [_thread_blocked, id=1895835, stack(0x00007eb350000000,0x00007eb350100000) (1024K)]
  0x00007eb2d802de70 JavaThread "C1 CompilerThread2"         daemon [_thread_blocked, id=1895836, stack(0x00007eb2fdb00000,0x00007eb2fdc00000) (1024K)]
  0x00007eb2e40b0100 JavaThread "C2 CompilerThread1"         daemon [_thread_blocked, id=1895837, stack(0x00007eb2fda00000,0x00007eb2fdb00000) (1024K)]
  0x00007eb2e40b15e0 JavaThread "C2 CompilerThread2"         daemon [_thread_blocked, id=1895838, stack(0x00007eb2fd900000,0x00007eb2fda00000) (1024K)]
  0x00007eb2e8001120 JavaThread "SIGINT handler"             daemon [_thread_blocked, id=1895845, stack(0x00007eb2af600000,0x00007eb2b0000000) (10240K)]
Total: 15

Other Threads:
  0x000000001fe8d4f0 VMThread "VM Thread"                           [id=1895823, stack(0x00007eb3535d7000,0x00007eb3536d7000) (1024K)]
  0x000000001fe7cdb0 WatcherThread "VM Periodic Task Thread"        [id=1895822, stack(0x00007eb3536d8000,0x00007eb3537d8000) (1024K)]
  0x000000001f90b580 WorkerThread "GC Thread#0"                     [id=1895817, stack(0x00007eb365b7b000,0x00007eb365c7b000) (1024K)]
  0x00007eb2f8001000 WorkerThread "GC Thread#1"                     [id=1895840, stack(0x00007eb2fcd00000,0x00007eb2fce00000) (1024K)]
  0x00007eb2f8001d30 WorkerThread "GC Thread#2"                     [id=1895841, stack(0x00007eb2fcbff000,0x00007eb2fccff000) (1024K)]
  0x00007eb2f8002a60 WorkerThread "GC Thread#3"                     [id=1895842, stack(0x00007eb2fcafe000,0x00007eb2fcbfe000) (1024K)]
  0x00007eb2f8003790 WorkerThread "GC Thread#4"                     [id=1895843, stack(0x00007eb2fc9fd000,0x00007eb2fcafd000) (1024K)]
  0x00007eb2f80044c0 WorkerThread "GC Thread#5"                     [id=1895844, stack(0x00007eb2fc8fc000,0x00007eb2fc9fc000) (1024K)]
  0x000000001f9037c0 ConcurrentGCThread "G1 Main Marker"            [id=1895818, stack(0x00007eb365a7a000,0x00007eb365b7a000) (1024K)]
  0x000000001f97b590 WorkerThread "G1 Conc#0"                       [id=1895819, stack(0x00007eb365979000,0x00007eb365a79000) (1024K)]
  0x000000001fd4ae10 ConcurrentGCThread "G1 Refine#0"               [id=1895820, stack(0x00007eb3538da000,0x00007eb3539da000) (1024K)]
  0x000000001fd4bb10 ConcurrentGCThread "G1 Service"                [id=1895821, stack(0x00007eb3537d9000,0x00007eb3538d9000) (1024K)]
Total: 12

Threads with active compile tasks:
Total: 0

VM state: not at safepoint (normal execution)

VM Mutex/Monitor currently owned by a thread: None

Heap address: 0x0000000600000000, size: 8192 MB, Compressed Oops mode: Zero based, Oop shift amount: 3

CDS archive(s) mapped at: [0x00007eb303000000-0x00007eb303ca0000-0x00007eb303ca0000), size 13238272, SharedBaseAddress: 0x00007eb303000000, ArchiveRelocationMode: 1.
Compressed class space mapped at: 0x00007eb304000000-0x00007eb344000000, reserved size: 1073741824
Narrow klass base: 0x00007eb303000000, Narrow klass shift: 0, Narrow klass range: 0x100000000

GC Precious Log:
 CardTable entry size: 512
 Card Set container configuration: InlinePtr #cards 4 size 8 Array Of Cards #cards 32 size 80 Howl #buckets 8 coarsen threshold 7372 Howl Bitmap #cards 1024 size 144 coarsen threshold 921 Card regions per heap region 1 cards per card region 8192
 CPUs: 96 total, 96 available
 Memory: 187G
 Large Page Support: Disabled
 NUMA Support: Disabled
 Compressed Oops: Enabled (Zero based)
 Heap Region Size: 4M
 Heap Min Capacity: 8M
 Heap Initial Capacity: 2G
 Heap Max Capacity: 8G
 Pre-touch: Disabled
 Parallel Workers: 63
 Concurrent Workers: 16
 Concurrent Refinement Workers: 63
 Periodic GC: Disabled

Heap:
 garbage-first heap   total 81920K, used 14249K [0x0000000600000000, 0x0000000800000000)
  region size 4096K, 3 young (12288K), 0 survivors (0K)
 Metaspace       used 1465K, committed 1600K, reserved 1114112K
  class space    used 139K, committed 192K, reserved 1048576K

Heap Regions: E=young(eden), S=young(survivor), O=old, HS=humongous(starts), HC=humongous(continues), CS=collection set, F=free, TAMS=top-at-mark-start, PB=parsable bottom
|   0|0x0000000600000000, 0x0000000600400000, 0x0000000600400000|100%|HS|  |TAMS 0x0000000600000000| PB 0x0000000600000000| Untracked 
|   1|0x0000000600400000, 0x00000006004d8060, 0x0000000600800000| 21%| O|  |TAMS 0x0000000600400000| PB 0x0000000600400000| Untracked 
|   2|0x0000000600800000, 0x00000006009094d0, 0x0000000600c00000| 25%| O|  |TAMS 0x0000000600800000| PB 0x0000000600800000| Untracked 
|   3|0x0000000600c00000, 0x0000000600c00000, 0x0000000601000000|  0%| F|  |TAMS 0x0000000600c00000| PB 0x0000000600c00000| Untracked 
|   4|0x0000000601000000, 0x0000000601008e88, 0x0000000601400000|  0%| O|  |TAMS 0x0000000601000000| PB 0x0000000601000000| Untracked 
|   5|0x0000000601400000, 0x00000006014000b0, 0x0000000601800000|  0%| O|  |TAMS 0x0000000601400000| PB 0x0000000601400000| Untracked 
|   6|0x0000000601800000, 0x0000000601800320, 0x0000000601c00000|  0%| O|  |TAMS 0x0000000601800000| PB 0x0000000601800000| Untracked 
|   7|0x0000000601c00000, 0x0000000601c00000, 0x0000000602000000|  0%| F|  |TAMS 0x0000000601c00000| PB 0x0000000601c00000| Untracked 
|   8|0x0000000602000000, 0x0000000602000000, 0x0000000602400000|  0%| F|  |TAMS 0x0000000602000000| PB 0x0000000602000000| Untracked 
|   9|0x0000000602400000, 0x0000000602400000, 0x0000000602800000|  0%| F|  |TAMS 0x0000000602400000| PB 0x0000000602400000| Untracked 
|  10|0x0000000602800000, 0x0000000602800000, 0x0000000602c00000|  0%| F|  |TAMS 0x0000000602800000| PB 0x0000000602800000| Untracked 
|  11|0x0000000602c00000, 0x0000000602c00000, 0x0000000603000000|  0%| F|  |TAMS 0x0000000602c00000| PB 0x0000000602c00000| Untracked 
|  12|0x0000000603000000, 0x0000000603000000, 0x0000000603400000|  0%| F|  |TAMS 0x0000000603000000| PB 0x0000000603000000| Untracked 
|  13|0x0000000603400000, 0x0000000603400000, 0x0000000603800000|  0%| F|  |TAMS 0x0000000603400000| PB 0x0000000603400000| Untracked 
|  14|0x0000000603800000, 0x0000000603800000, 0x0000000603c00000|  0%| F|  |TAMS 0x0000000603800000| PB 0x0000000603800000| Untracked 
|  15|0x0000000603c00000, 0x0000000603c00000, 0x0000000604000000|  0%| F|  |TAMS 0x0000000603c00000| PB 0x0000000603c00000| Untracked 
|  16|0x0000000604000000, 0x0000000604000000, 0x0000000604400000|  0%| F|  |TAMS 0x0000000604000000| PB 0x0000000604000000| Untracked 
|  17|0x0000000604400000, 0x0000000604433420, 0x0000000604800000|  5%| E|  |TAMS 0x0000000604400000| PB 0x0000000604400000| Complete 
|  18|0x0000000604800000, 0x0000000604c00000, 0x0000000604c00000|100%| E|CS|TAMS 0x0000000604800000| PB 0x0000000604800000| Complete 
|  19|0x0000000604c00000, 0x0000000605000000, 0x0000000605000000|100%| E|CS|TAMS 0x0000000604c00000| PB 0x0000000604c00000| Complete 

Card table byte_map: [0x00007eb36e000000,0x00007eb36f000000] _byte_map_base: 0x00007eb36b000000

Marking Bits: (CMBitMap*) 0x000000001f97a7a0
 Bits: [0x00007eb366000000, 0x00007eb36e000000)

Polling page: 0x00007eb4e5814000

Metaspace:

Usage:
  Non-class:      1.29 MB used.
      Class:    139.78 KB used.
       Both:      1.43 MB used.

Virtual space:
  Non-class space:       64.00 MB reserved,       1.38 MB (  2%) committed,  1 nodes.
      Class space:        1.00 GB reserved,     192.00 KB ( <1%) committed,  1 nodes.
             Both:        1.06 GB reserved,       1.56 MB ( <1%) committed. 

Chunk freelists:
   Non-Class:  11.83 MB
       Class:  15.72 MB
        Both:  27.55 MB

MaxMetaspaceSize: unlimited
CompressedClassSpaceSize: 1.00 GB
Initial GC threshold: 21.00 MB
Current GC threshold: 21.00 MB
CDS: on
 - commit_granule_bytes: 65536.
 - commit_granule_words: 8192.
 - virtual_space_node_default_size: 8388608.
 - enlarge_chunks_in_place: 1.
 - use_allocation_guard: 0.


Internal statistics:

num_allocs_failed_limit: 0.
num_arena_births: 38.
num_arena_deaths: 0.
num_vsnodes_births: 2.
num_vsnodes_deaths: 0.
num_space_committed: 25.
num_space_uncommitted: 0.
num_chunks_returned_to_freelist: 0.
num_chunks_taken_from_freelist: 54.
num_chunk_merges: 0.
num_chunk_splits: 35.
num_chunks_enlarged: 19.
num_inconsistent_stats: 0.

CodeHeap 'non-profiled nmethods': size=118592Kb used=134Kb max_used=134Kb free=118457Kb
 bounds [0x00007eb37bc30000, 0x00007eb37bea0000, 0x00007eb383000000]
CodeHeap 'profiled nmethods': size=118588Kb used=705Kb max_used=705Kb free=117882Kb
 bounds [0x00007eb374000000, 0x00007eb374270000, 0x00007eb37b3cf000]
CodeHeap 'non-nmethods': size=8580Kb used=2493Kb max_used=2507Kb free=6086Kb
 bounds [0x00007eb37b3cf000, 0x00007eb37b64f000, 0x00007eb37bc30000]
CodeCache: size=245760Kb, used=3332Kb, max_used=3346Kb, free=242425Kb
 total_blobs=883, nmethods=480, adapters=307, full_count=0
Compilation: enabled, stopped_count=0, restarted_count=0

Compilation events (20 events):
Event: 0.156 Thread 0x00007eb2d802de70  470       3       java.util.stream.StreamOpFlag::fromCharacteristics (37 bytes)
Event: 0.156 Thread 0x000000001fe9eaf0 nmethod 469 0x00007eb3740a6310 code [0x00007eb3740a6500, 0x00007eb3740a6920]
Event: 0.156 Thread 0x00007eb2d802de70 nmethod 470 0x00007eb3740a6b10 code [0x00007eb3740a6ce0, 0x00007eb3740a6ff8]
Event: 0.157 Thread 0x00007eb2d802c8f0 nmethod 451 0x00007eb3740a7110 code [0x00007eb3740a7820, 0x00007eb3740ab840]
Event: 0.197 Thread 0x000000001fe9eaf0  471       3       java.util.HashMap$HashIterator::hasNext (13 bytes)
Event: 0.197 Thread 0x000000001fe9eaf0 nmethod 471 0x00007eb3740ad010 code [0x00007eb3740ad1a0, 0x00007eb3740ad300]
Event: 0.198 Thread 0x00007eb2d802c8f0  472       1       jdk.internal.jimage.ImageHeader::getTableLength (5 bytes)
Event: 0.198 Thread 0x00007eb2d802c8f0 nmethod 472 0x00007eb37bc51110 code [0x00007eb37bc512a0, 0x00007eb37bc51360]
Event: 0.198 Thread 0x000000001fe9eaf0  473   !   3       java.nio.DirectIntBufferU::get (34 bytes)
Event: 0.198 Thread 0x00007eb2d802de70  474       3       java.nio.DirectIntBufferU::ix (10 bytes)
Event: 0.198 Thread 0x00007eb2d802c8f0  475   !   3       jdk.internal.misc.ScopedMemoryAccess::getInt (16 bytes)
Event: 0.198 Thread 0x00007eb2d802de70 nmethod 474 0x00007eb3740ad390 code [0x00007eb3740ad520, 0x00007eb3740ad638]
Event: 0.198 Thread 0x00007eb2d802de70  476   !   3       jdk.internal.misc.ScopedMemoryAccess::getIntInternal (34 bytes)
Event: 0.199 Thread 0x00007eb2d802c8f0 nmethod 475 0x00007eb3740ad710 code [0x00007eb3740ad8e0, 0x00007eb3740adca8]
Event: 0.199 Thread 0x00007eb2d802de70 nmethod 476 0x00007eb3740ade90 code [0x00007eb3740ae040, 0x00007eb3740ae290]
Event: 0.199 Thread 0x000000001fe9eaf0 nmethod 473 0x00007eb3740ae410 code [0x00007eb3740ae660, 0x00007eb3740aef90]
Event: 0.207 Thread 0x000000001fe9eaf0  478       3       java.util.HashMap::newNode (13 bytes)
Event: 0.207 Thread 0x00007eb2d802c8f0  479       3       java.util.HashMap::afterNodeInsertion (1 bytes)
Event: 0.207 Thread 0x00007eb2d802c8f0 nmethod 479 0x00007eb3740af410 code [0x00007eb3740af5a0, 0x00007eb3740af6a0]
Event: 0.208 Thread 0x000000001fe9eaf0 nmethod 478 0x00007eb3740af710 code [0x00007eb3740af8c0, 0x00007eb3740afc10]

GC Heap History (2 events):
Event: 0.135 GC heap before
{Heap before GC invocations=0 (full 0):
 garbage-first heap   total 2101248K, used 17458K [0x0000000600000000, 0x0000000800000000)
  region size 4096K, 4 young (16384K), 0 survivors (0K)
 Metaspace       used 1306K, committed 1472K, reserved 1114112K
  class space    used 121K, committed 192K, reserved 1048576K
}
Event: 0.148 GC heap after
{Heap after GC invocations=1 (full 1):
 garbage-first heap   total 81920K, used 6057K [0x0000000600000000, 0x0000000800000000)
  region size 4096K, 0 young (0K), 0 survivors (0K)
 Metaspace       used 1306K, committed 1472K, reserved 1114112K
  class space    used 121K, committed 192K, reserved 1048576K
}

Dll operation events (6 events):
Event: 0.016 Loaded shared library /usr/lib/jvm/java-21-openjdk-amd64/lib/libjava.so
Event: 0.049 Loaded shared library /usr/lib/jvm/java-21-openjdk-amd64/lib/libjsvml.so
Event: 0.051 Loaded shared library /usr/lib/jvm/java-21-openjdk-amd64/lib/libnio.so
Event: 0.068 Loaded shared library /usr/lib/jvm/java-21-openjdk-amd64/lib/libzip.so
Event: 0.091 Loaded shared library /home/henriqueramos_qs/meta-learning-concept-drift/.venv/lib/python3.12/site-packages/_jpype.cpython-312-x86_64-linux-gnu.so
Event: 0.111 Loaded shared library /usr/lib/jvm/java-21-openjdk-amd64/lib/libjimage.so

Deoptimization events (0 events):
No events

Classes loaded (20 events):
Event: 0.199 Loading class jdk/internal/logger/LazyLoggers$LazyLoggerAccessor
Event: 0.199 Loading class jdk/internal/logger/LazyLoggers$LoggerAccessor
Event: 0.199 Loading class jdk/internal/logger/LazyLoggers$LoggerAccessor done
Event: 0.199 Loading class jdk/internal/logger/LazyLoggers$LazyLoggerAccessor done
Event: 0.199 Loading class java/lang/System$Logger$Level
Event: 0.199 Loading class java/lang/System$Logger$Level done
Event: 0.199 Loading class jdk/internal/logger/SurrogateLogger
Event: 0.199 Loading class jdk/internal/logger/SimpleConsoleLogger
Event: 0.199 Loading class sun/util/logging/PlatformLogger$ConfigurableBridge$LoggerConfiguration
Event: 0.199 Loading class sun/util/logging/PlatformLogger$ConfigurableBridge$LoggerConfiguration done
Event: 0.200 Loading class jdk/internal/logger/SimpleConsoleLogger done
Event: 0.200 Loading class jdk/internal/logger/SurrogateLogger done
Event: 0.200 Loading class sun/util/logging/PlatformLogger
Event: 0.200 Loading class sun/util/logging/PlatformLogger done
Event: 0.200 Loading class sun/util/logging/PlatformLogger$Level
Event: 0.200 Loading class sun/util/logging/PlatformLogger$Level done
Event: 0.201 Loading class jdk/internal/event/ThreadSleepEvent
Event: 0.201 Loading class jdk/internal/event/Event
Event: 0.201 Loading class jdk/internal/event/Event done
Event: 0.201 Loading class jdk/internal/event/ThreadSleepEvent done

Classes unloaded (0 events):
No events

Classes redefined (0 events):
No events

Internal exceptions (7 events):
Event: 0.093 Thread 0x000000001f94e070 Exception <a 'java/lang/NoSuchMethodError'{0x000000067fd031e0}: 'int java.lang.invoke.DirectMethodHandle$Holder.invokeStaticInit(java.lang.Object, java.lang.Object)'> (0x000000067fd031e0) 
thrown [./src/hotspot/share/interpreter/linkResolver.cpp, line 772]
Event: 0.094 Thread 0x000000001f94e070 Exception <a 'java/lang/NoSuchMethodError'{0x000000067fd09408}: 'java.lang.Object java.lang.invoke.DirectMethodHandle$Holder.invokeStaticInit(java.lang.Object, int)'> (0x000000067fd09408) 
thrown [./src/hotspot/share/interpreter/linkResolver.cpp, line 772]
Event: 0.096 Thread 0x000000001f94e070 Exception <a 'java/lang/NoSuchMethodError'{0x000000067fd13860}: 'int java.lang.invoke.DirectMethodHandle$Holder.invokeSpecial(java.lang.Object, java.lang.Object, java.lang.Object)'> (0x000000067fd13860) 
thrown [./src/hotspot/share/interpreter/linkResolver.cpp, line 772]
Event: 0.098 Thread 0x000000001f94e070 Exception <a 'java/lang/NoSuchMethodError'{0x000000067fd23768}: 'java.lang.Object java.lang.invoke.DirectMethodHandle$Holder.invokeStatic(java.lang.Object, java.lang.Object, int)'> (0x000000067fd23768) 
thrown [./src/hotspot/share/interpreter/linkResolver.cpp, line 772]
Event: 0.099 Thread 0x000000001f94e070 Exception <a 'java/lang/NoSuchMethodError'{0x000000067fd2ee28}: 'void java.lang.invoke.DelegatingMethodHandle$Holder.delegate(java.lang.Object, java.lang.Object, int, java.lang.Object)'> (0x000000067fd2ee28) 
thrown [./src/hotspot/share/interpreter/linkResolver.cpp, line 772]
Event: 0.118 Thread 0x000000001f94e070 Exception <a 'java/lang/NoSuchMethodError'{0x000000067fdcd330}: 'java.lang.Object java.lang.invoke.DirectMethodHandle$Holder.invokeInterface(java.lang.Object, java.lang.Object)'> (0x000000067fdcd330) 
thrown [./src/hotspot/share/interpreter/linkResolver.cpp, line 772]
Event: 0.118 Thread 0x000000001f94e070 Exception <a 'java/lang/IncompatibleClassChangeError'{0x000000067fdd05c8}: Found class java.lang.Object, but interface was expected> (0x000000067fdd05c8) 
thrown [./src/hotspot/share/interpreter/linkResolver.cpp, line 840]

ZGC Phase Switch (0 events):
No events

VM Operations (4 events):
Event: 0.135 Executing VM operation: G1CollectFull (System.gc())
Event: 0.148 Executing VM operation: G1CollectFull (System.gc()) done
Event: 0.207 Executing VM operation: ThreadDump
Event: 0.207 Executing VM operation: ThreadDump done

Memory protections (18 events):
Event: 0.016 Protecting memory [0x00007fff2e721000,0x00007fff2e725000] with protection modes 0
Event: 0.045 Protecting memory [0x00007eb352a00000,0x00007eb352a04000] with protection modes 0
Event: 0.045 Protecting memory [0x00007eb352000000,0x00007eb352004000] with protection modes 0
Event: 0.045 Protecting memory [0x00007eb351600000,0x00007eb351604000] with protection modes 0
Event: 0.045 Protecting memory [0x00007eb350c00000,0x00007eb350c04000] with protection modes 0
Event: 0.046 Protecting memory [0x00007eb350200000,0x00007eb350204000] with protection modes 0
Event: 0.046 Protecting memory [0x00007eb3534d6000,0x00007eb3534da000] with protection modes 0
Event: 0.046 Protecting memory [0x00007eb350100000,0x00007eb350104000] with protection modes 0
Event: 0.049 Protecting memory [0x00007eb2fe600000,0x00007eb2fe604000] with protection modes 0
Event: 0.050 Protecting memory [0x00007eb2fdc00000,0x00007eb2fdc04000] with protection modes 0
Event: 0.057 Protecting memory [0x00007eb350000000,0x00007eb350004000] with protection modes 0
Event: 0.057 Protecting memory [0x00007eb2fdb00000,0x00007eb2fdb04000] with protection modes 0
Event: 0.063 Protecting memory [0x00007eb2fda00000,0x00007eb2fda04000] with protection modes 0
Event: 0.063 Protecting memory [0x00007eb2fd900000,0x00007eb2fd904000] with protection modes 0
Event: 0.102 Protecting memory [0x00007eb4e5813000,0x00007eb4e5814000] with protection modes 1
Event: 0.110 Protecting memory [0x00007eb2fce00000,0x00007eb2fce04000] with protection modes 0
Event: 0.195 Protecting memory [0x00007eb2af600000,0x00007eb2af604000] with protection modes 0
Event: 0.201 Protecting memory [0x00007eb2aec00000,0x00007eb2aec04000] with protection modes 0

Nmethod flushes (0 events):
No events

Events (18 events):
Event: 0.036 Thread 0x000000001f94e070 Thread added: 0x000000001f94e070
Event: 0.045 Thread 0x000000001f94e070 Thread added: 0x000000001fe95200
Event: 0.045 Thread 0x000000001f94e070 Thread added: 0x000000001fe96a90
Event: 0.045 Thread 0x000000001f94e070 Thread added: 0x000000001fe98430
Event: 0.045 Thread 0x000000001f94e070 Thread added: 0x000000001fe99c70
Event: 0.046 Thread 0x000000001f94e070 Thread added: 0x000000001fe9b410
Event: 0.046 Thread 0x000000001f94e070 Thread added: 0x000000001fe9d1f0
Event: 0.046 Thread 0x000000001f94e070 Thread added: 0x000000001fe9eaf0
Event: 0.049 Thread 0x000000001f94e070 Thread added: 0x000000001feaa6e0
Event: 0.050 Thread 0x000000001f94e070 Thread added: 0x000000001feb6710
Event: 0.057 Thread 0x000000001fe9eaf0 Thread added: 0x00007eb2d802c8f0
Event: 0.057 Thread 0x000000001fe9eaf0 Thread added: 0x00007eb2d802de70
Event: 0.063 Thread 0x000000001fe9d1f0 Thread added: 0x00007eb2e40b0100
Event: 0.063 Thread 0x000000001fe9d1f0 Thread added: 0x00007eb2e40b15e0
Event: 0.110 Thread 0x000000001f94e070 Thread added: 0x000000001ff191c0
Event: 0.195 Thread 0x000000001fe98430 Thread added: 0x00007eb2e8001120
Event: 0.200 Thread 0x00007eb2e8001120 Thread added: 0x00007eb2a4003380
Event: 0.244 Thread 0x000000001ff191c0 Thread exited: 0x000000001ff191c0


Dynamic libraries:
00400000-00420000 r--p 00000000 08:05 8391893                            /usr/bin/python3.12
00420000-00703000 r-xp 00020000 08:05 8391893                            /usr/bin/python3.12
00703000-00a28000 r--p 00303000 08:05 8391893                            /usr/bin/python3.12
00a28000-00a29000 r--p 00627000 08:05 8391893                            /usr/bin/python3.12
00a29000-00ba7000 rw-p 00628000 08:05 8391893                            /usr/bin/python3.12
00ba7000-00bab000 rw-p 00000000 00:00 0 
1c68e000-1ffc2000 rw-p 00000000 00:00 0                                  [heap]
600000000-605000000 rw-p 00000000 00:00 0 
605000000-65d000000 ---p 00000000 00:00 0 
65d000000-680000000 rw-p 00000000 00:00 0 
680000000-7ffc00000 ---p 00000000 00:00 0 
7ffc00000-7ffd0d000 rw-p 00cdf000 08:05 8922105                          /usr/lib/jvm/java-21-openjdk-amd64/lib/server/classes.jsa
7ffd0d000-800000000 rw-p 00000000 00:00 0 
7eb29c000000-7eb29c021000 rw-p 00000000 00:00 0 
7eb29c021000-7eb2a0000000 ---p 00000000 00:00 0 
7eb2a4000000-7eb2a4021000 rw-p 00000000 00:00 0 
7eb2a4021000-7eb2a8000000 ---p 00000000 00:00 0 
7eb2a8000000-7eb2a8021000 rw-p 00000000 00:00 0 
7eb2a8021000-7eb2ac000000 ---p 00000000 00:00 0 
7eb2aec00000-7eb2aec04000 ---p 00000000 00:00 0 
7eb2aec04000-7eb2af600000 rw-p 00000000 00:00 0 
7eb2af600000-7eb2af604000 ---p 00000000 00:00 0 
7eb2af604000-7eb2b0000000 rw-p 00000000 00:00 0 
7eb2b0000000-7eb2b0021000 rw-p 00000000 00:00 0 
7eb2b0021000-7eb2b4000000 ---p 00000000 00:00 0 
7eb2b4000000-7eb2b4021000 rw-p 00000000 00:00 0 
7eb2b4021000-7eb2b8000000 ---p 00000000 00:00 0 
7eb2b8000000-7eb2b8021000 rw-p 00000000 00:00 0 
7eb2b8021000-7eb2bc000000 ---p 00000000 00:00 0 
7eb2bc000000-7eb2bc021000 rw-p 00000000 00:00 0 
7eb2bc021000-7eb2c0000000 ---p 00000000 00:00 0 
7eb2c0000000-7eb2c002e000 rw-p 00000000 00:00 0 
7eb2c002e000-7eb2c4000000 ---p 00000000 00:00 0 
7eb2c4000000-7eb2c4021000 rw-p 00000000 00:00 0 
7eb2c4021000-7eb2c8000000 ---p 00000000 00:00 0 
7eb2c8000000-7eb2c8038000 rw-p 00000000 00:00 0 
7eb2c8038000-7eb2cc000000 ---p 00000000 00:00 0 
7eb2cc000000-7eb2cc06a000 rw-p 00000000 00:00 0 
7eb2cc06a000-7eb2d0000000 ---p 00000000 00:00 0 
7eb2d0000000-7eb2d0021000 rw-p 00000000 00:00 0 
7eb2d0021000-7eb2d4000000 ---p 00000000 00:00 0 
7eb2d4000000-7eb2d4059000 rw-p 00000000 00:00 0 
7eb2d4059000-7eb2d8000000 ---p 00000000 00:00 0 
7eb2d8000000-7eb2d806d000 rw-p 00000000 00:00 0 
7eb2d806d000-7eb2dc000000 ---p 00000000 00:00 0 
7eb2dc000000-7eb2dc021000 rw-p 00000000 00:00 0 
7eb2dc021000-7eb2e0000000 ---p 00000000 00:00 0 
7eb2e0000000-7eb2e0021000 rw-p 00000000 00:00 0 
7eb2e0021000-7eb2e4000000 ---p 00000000 00:00 0 
7eb2e4000000-7eb2e40f5000 rw-p 00000000 00:00 0 
7eb2e40f5000-7eb2e8000000 ---p 00000000 00:00 0 
7eb2e8000000-7eb2e8021000 rw-p 00000000 00:00 0 
7eb2e8021000-7eb2ec000000 ---p 00000000 00:00 0 
7eb2ec000000-7eb2ec021000 rw-p 00000000 00:00 0 
7eb2ec021000-7eb2f0000000 ---p 00000000 00:00 0 
7eb2f0000000-7eb2f0021000 rw-p 00000000 00:00 0 
7eb2f0021000-7eb2f4000000 ---p 00000000 00:00 0 
7eb2f4000000-7eb2f4021000 rw-p 00000000 00:00 0 
7eb2f4021000-7eb2f8000000 ---p 00000000 00:00 0 
7eb2f8000000-7eb2f8030000 rw-p 00000000 00:00 0 
7eb2f8030000-7eb2fc000000 ---p 00000000 00:00 0 
7eb2fc8fb000-7eb2fc8fc000 ---p 00000000 00:00 0 
7eb2fc8fc000-7eb2fc9fc000 rw-p 00000000 00:00 0 
7eb2fc9fc000-7eb2fc9fd000 ---p 00000000 00:00 0 
7eb2fc9fd000-7eb2fcafd000 rw-p 00000000 00:00 0 
7eb2fcafd000-7eb2fcafe000 ---p 00000000 00:00 0 
7eb2fcafe000-7eb2fcbfe000 rw-p 00000000 00:00 0 
7eb2fcbfe000-7eb2fcbff000 ---p 00000000 00:00 0 
7eb2fcbff000-7eb2fccff000 rw-p 00000000 00:00 0 
7eb2fccff000-7eb2fcd00000 ---p 00000000 00:00 0 
7eb2fcd00000-7eb2fce00000 rw-p 00000000 00:00 0 
7eb2fce00000-7eb2fce04000 ---p 00000000 00:00 0 
7eb2fce04000-7eb2fd800000 rw-p 00000000 00:00 0 
7eb2fd900000-7eb2fd904000 ---p 00000000 00:00 0 
7eb2fd904000-7eb2fda00000 rw-p 00000000 00:00 0 
7eb2fda00000-7eb2fda04000 ---p 00000000 00:00 0 
7eb2fda04000-7eb2fdb00000 rw-p 00000000 00:00 0 
7eb2fdb00000-7eb2fdb04000 ---p 00000000 00:00 0 
7eb2fdb04000-7eb2fdc00000 rw-p 00000000 00:00 0 
7eb2fdc00000-7eb2fdc04000 ---p 00000000 00:00 0 
7eb2fdc04000-7eb2fe600000 rw-p 00000000 00:00 0 
7eb2fe600000-7eb2fe604000 ---p 00000000 00:00 0 
7eb2fe604000-7eb2ff000000 rw-p 00000000 00:00 0 
7eb2ff000000-7eb2ff130000 rw-p 00000000 00:00 0 
7eb2ff130000-7eb2ff400000 ---p 00000000 00:00 0 
7eb2ff400000-7eb2ff430000 rw-p 00000000 00:00 0 
7eb2ff430000-7eb303000000 ---p 00000000 00:00 0 
7eb303000000-7eb303ca0000 rw-p 00001000 08:05 8922105                    /usr/lib/jvm/java-21-openjdk-amd64/lib/server/classes.jsa
7eb303ca0000-7eb304000000 ---p 00000000 00:00 0 
7eb304000000-7eb304010000 rw-p 00000000 00:00 0 
7eb304010000-7eb304040000 ---p 00000000 00:00 0 
7eb304040000-7eb304060000 rw-p 00000000 00:00 0 
7eb304060000-7eb344000000 ---p 00000000 00:00 0 
7eb344000000-7eb344021000 rw-p 00000000 00:00 0 
7eb344021000-7eb348000000 ---p 00000000 00:00 0 
7eb348000000-7eb348021000 rw-p 00000000 00:00 0 
7eb348021000-7eb34c000000 ---p 00000000 00:00 0 
7eb34c000000-7eb34c021000 rw-p 00000000 00:00 0 
7eb34c021000-7eb350004000 ---p 00000000 00:00 0 
7eb350004000-7eb350100000 rw-p 00000000 00:00 0 
7eb350100000-7eb350104000 ---p 00000000 00:00 0 
7eb350104000-7eb350200000 rw-p 00000000 00:00 0 
7eb350200000-7eb350204000 ---p 00000000 00:00 0 
7eb350204000-7eb350c00000 rw-p 00000000 00:00 0 
7eb350c00000-7eb350c04000 ---p 00000000 00:00 0 
7eb350c04000-7eb351600000 rw-p 00000000 00:00 0 
7eb351600000-7eb351604000 ---p 00000000 00:00 0 
7eb351604000-7eb352000000 rw-p 00000000 00:00 0 
7eb352000000-7eb352004000 ---p 00000000 00:00 0 
7eb352004000-7eb352a00000 rw-p 00000000 00:00 0 
7eb352a00000-7eb352a04000 ---p 00000000 00:00 0 
7eb352a04000-7eb353400000 rw-p 00000000 00:00 0 
7eb353405000-7eb35340a000 r--p 00000000 08:05 8922088                    /usr/lib/jvm/java-21-openjdk-amd64/lib/libjsvml.so
7eb35340a000-7eb35344b000 r-xp 00005000 08:05 8922088                    /usr/lib/jvm/java-21-openjdk-amd64/lib/libjsvml.so
7eb35344b000-7eb3534d4000 r--p 00046000 08:05 8922088                    /usr/lib/jvm/java-21-openjdk-amd64/lib/libjsvml.so
7eb3534d4000-7eb3534d5000 r--p 000ce000 08:05 8922088                    /usr/lib/jvm/java-21-openjdk-amd64/lib/libjsvml.so
7eb3534d5000-7eb3534d6000 rw-p 000cf000 08:05 8922088                    /usr/lib/jvm/java-21-openjdk-amd64/lib/libjsvml.so
7eb3534d6000-7eb3534da000 ---p 00000000 00:00 0 
7eb3534da000-7eb3535d6000 rw-p 00000000 00:00 0 
7eb3535d6000-7eb3535d7000 ---p 00000000 00:00 0 
7eb3535d7000-7eb3536d7000 rw-p 00000000 00:00 0 
7eb3536d7000-7eb3536d8000 ---p 00000000 00:00 0 
7eb3536d8000-7eb3537d8000 rw-p 00000000 00:00 0 
7eb3537d8000-7eb3537d9000 ---p 00000000 00:00 0 
7eb3537d9000-7eb3538d9000 rw-p 00000000 00:00 0 
7eb3538d9000-7eb3538da000 ---p 00000000 00:00 0 
7eb3538da000-7eb3539da000 rw-p 00000000 00:00 0 
7eb3539da000-7eb358021000 rw-p 00000000 00:00 0 
7eb358021000-7eb35c000000 ---p 00000000 00:00 0 
7eb35c000000-7eb35c021000 rw-p 00000000 00:00 0 
7eb35c021000-7eb360000000 ---p 00000000 00:00 0 
7eb360000000-7eb360021000 rw-p 00000000 00:00 0 
7eb360021000-7eb364000000 ---p 00000000 00:00 0 
7eb36405f000-7eb365978000 rw-p 00000000 00:00 0 
7eb365978000-7eb365979000 ---p 00000000 00:00 0 
7eb365979000-7eb365a79000 rw-p 00000000 00:00 0 
7eb365a79000-7eb365a7a000 ---p 00000000 00:00 0 
7eb365a7a000-7eb365b7a000 rw-p 00000000 00:00 0 
7eb365b7a000-7eb365b7b000 ---p 00000000 00:00 0 
7eb365b7b000-7eb365c7b000 rw-p 00000000 00:00 0 
7eb365c7b000-7eb366140000 rw-p 00000000 00:00 0 
7eb366140000-7eb367740000 ---p 00000000 00:00 0 
7eb367740000-7eb368000000 rw-p 00000000 00:00 0 
7eb368000000-7eb36dff0000 ---p 00000000 00:00 0 
7eb36dff0000-7eb36e028000 rw-p 00000000 00:00 0 
7eb36e028000-7eb36e2e8000 ---p 00000000 00:00 0 
7eb36e2e8000-7eb36e400000 rw-p 00000000 00:00 0 
7eb36e400000-7eb36effe000 ---p 00000000 00:00 0 
7eb36effe000-7eb36f028000 rw-p 00000000 00:00 0 
7eb36f028000-7eb36f2e8000 ---p 00000000 00:00 0 
7eb36f2e8000-7eb36f400000 rw-p 00000000 00:00 0 
7eb36f400000-7eb36fffe000 ---p 00000000 00:00 0 
7eb36fffe000-7eb370000000 rw-p 00000000 00:00 0 
7eb3700c1000-7eb374000000 rw-p 00000000 00:00 0 
7eb374000000-7eb374270000 rwxp 00000000 00:00 0 
7eb374270000-7eb37b3cf000 ---p 00000000 00:00 0 
7eb37b3cf000-7eb37b64f000 rwxp 00000000 00:00 0 
7eb37b64f000-7eb37bc30000 ---p 00000000 00:00 0 
7eb37bc30000-7eb37bea0000 rwxp 00000000 00:00 0 
7eb37bea0000-7eb383000000 ---p 00000000 00:00 0 
7eb383000000-7eb38b62a000 r--s 00000000 08:05 8922104                    /usr/lib/jvm/java-21-openjdk-amd64/lib/modules
7eb38b630000-7eb38b635000 rw-p 00000000 00:00 0 
7eb38b635000-7eb38b718000 ---p 00000000 00:00 0 
7eb38b718000-7eb38b71d000 rw-p 00000000 00:00 0 
7eb38b71d000-7eb38b800000 ---p 00000000 00:00 0 
7eb38b800000-7eb38baa2000 r--p 00000000 08:05 8922108                    /usr/lib/jvm/java-21-openjdk-amd64/lib/server/libjvm.so
7eb38baa2000-7eb38c917000 r-xp 002a2000 08:05 8922108                    /usr/lib/jvm/java-21-openjdk-amd64/lib/server/libjvm.so
7eb38c917000-7eb38cbf1000 r--p 01117000 08:05 8922108                    /usr/lib/jvm/java-21-openjdk-amd64/lib/server/libjvm.so
7eb38cbf1000-7eb38ccc5000 r--p 013f0000 08:05 8922108                    /usr/lib/jvm/java-21-openjdk-amd64/lib/server/libjvm.so
7eb38ccc5000-7eb38ccf5000 rw-p 014c4000 08:05 8922108                    /usr/lib/jvm/java-21-openjdk-amd64/lib/server/libjvm.so
7eb38ccf5000-7eb38cd5b000 rw-p 00000000 00:00 0 
7eb38ce12000-7eb38ce19000 r--p 00000000 08:05 8922096                    /usr/lib/jvm/java-21-openjdk-amd64/lib/libnio.so
7eb38ce19000-7eb38ce22000 r-xp 00007000 08:05 8922096                    /usr/lib/jvm/java-21-openjdk-amd64/lib/libnio.so
7eb38ce22000-7eb38ce26000 r--p 00010000 08:05 8922096                    /usr/lib/jvm/java-21-openjdk-amd64/lib/libnio.so
7eb38ce26000-7eb38ce27000 r--p 00014000 08:05 8922096                    /usr/lib/jvm/java-21-openjdk-amd64/lib/libnio.so
7eb38ce27000-7eb38ce28000 rw-p 00015000 08:05 8922096                    /usr/lib/jvm/java-21-openjdk-amd64/lib/libnio.so
7eb38ce28000-7eb38ce2d000 rw-p 00000000 00:00 0 
7eb38ce2d000-7eb38ce39000 ---p 00000000 00:00 0 
7eb38ce39000-7eb38ce46000 r--p 00000000 08:05 8922081                    /usr/lib/jvm/java-21-openjdk-amd64/lib/libjava.so
7eb38ce46000-7eb38ce55000 r-xp 0000d000 08:05 8922081                    /usr/lib/jvm/java-21-openjdk-amd64/lib/libjava.so
7eb38ce55000-7eb38ce5a000 r--p 0001c000 08:05 8922081                    /usr/lib/jvm/java-21-openjdk-amd64/lib/libjava.so
7eb38ce5a000-7eb38ce5b000 r--p 00021000 08:05 8922081                    /usr/lib/jvm/java-21-openjdk-amd64/lib/libjava.so
7eb38ce5b000-7eb38ce5c000 rw-p 00022000 08:05 8922081                    /usr/lib/jvm/java-21-openjdk-amd64/lib/libjava.so
7eb38ce5c000-7eb38d15d000 rw-p 00000000 00:00 0 
7eb38d15d000-7eb38d198000 r--p 00000000 fc:00 34899781                   /home/henriqueramos_qs/meta-learning-concept-drift/.venv/lib/python3.12/site-packages/_jpype.cpython-312-x86_64-linux-gnu.so
7eb38d198000-7eb38d1ec000 r-xp 0003b000 fc:00 34899781                   /home/henriqueramos_qs/meta-learning-concept-drift/.venv/lib/python3.12/site-packages/_jpype.cpython-312-x86_64-linux-gnu.so
7eb38d1ec000-7eb38d214000 r--p 0008f000 fc:00 34899781                   /home/henriqueramos_qs/meta-learning-concept-drift/.venv/lib/python3.12/site-packages/_jpype.cpython-312-x86_64-linux-gnu.so
7eb38d214000-7eb38d215000 ---p 000b7000 fc:00 34899781                   /home/henriqueramos_qs/meta-learning-concept-drift/.venv/lib/python3.12/site-packages/_jpype.cpython-312-x86_64-linux-gnu.so
7eb38d215000-7eb38d219000 r--p 000b7000 fc:00 34899781                   /home/henriqueramos_qs/meta-learning-concept-drift/.venv/lib/python3.12/site-packages/_jpype.cpython-312-x86_64-linux-gnu.so
7eb38d219000-7eb38d21d000 rw-p 000bb000 fc:00 34899781                   /home/henriqueramos_qs/meta-learning-concept-drift/.venv/lib/python3.12/site-packages/_jpype.cpython-312-x86_64-linux-gnu.so
7eb38d21d000-7eb38d41d000 rw-p 00000000 00:00 0 
7eb38d41d000-7eb38d422000 r--p 00000000 fc:00 34868728                   /home/henriqueramos_qs/meta-learning-concept-drift/.venv/lib/python3.12/site-packages/scipy/cluster/_optimal_leaf_ordering.cpython-312-x86_64-linux-gnu.so
7eb38d422000-7eb38d45e000 r-xp 00005000 fc:00 34868728                   /home/henriqueramos_qs/meta-learning-concept-drift/.venv/lib/python3.12/site-packages/scipy/cluster/_optimal_leaf_ordering.cpython-312-x86_64-linux-gnu.so
7eb38d45e000-7eb38d467000 r--p 00041000 fc:00 34868728                   /home/henriqueramos_qs/meta-learning-concept-drift/.venv/lib/python3.12/site-packages/scipy/cluster/_optimal_leaf_ordering.cpython-312-x86_64-linux-gnu.so
7eb38d467000-7eb38d468000 r--p 00049000 fc:00 34868728                   /home/henriqueramos_qs/meta-learning-concept-drift/.venv/lib/python3.12/site-packages/scipy/cluster/_optimal_leaf_ordering.cpython-312-x86_64-linux-gnu.so
7eb38d468000-7eb38d46a000 rw-p 0004a000 fc:00 34868728                   /home/henriqueramos_qs/meta-learning-concept-drift/.venv/lib/python3.12/site-packages/scipy/cluster/_optimal_leaf_ordering.cpython-312-x86_64-linux-gnu.so
7eb38d46a000-7eb38d46b000 rw-p 00000000 00:00 0 
7eb38d46b000-7eb38d470000 r--p 00000000 fc:00 34868730                   /home/henriqueramos_qs/meta-learning-concept-drift/.venv/lib/python3.12/site-packages/scipy/cluster/_hierarchy.cpython-312-x86_64-linux-gnu.so
7eb38d470000-7eb38d4ba000 r-xp 00005000 fc:00 34868730                   /home/henriqueramos_qs/meta-learning-concept-drift/.venv/lib/python3.12/site-packages/scipy/cluster/_hierarchy.cpython-312-x86_64-linux-gnu.so
7eb38d4ba000-7eb38d4c7000 r--p 0004f000 fc:00 34868730                   /home/henriqueramos_qs/meta-learning-concept-drift/.venv/lib/python3.12/site-packages/scipy/cluster/_hierarchy.cpython-312-x86_64-linux-gnu.so
7eb38d4c7000-7eb38d4c8000 r--p 0005b000 fc:00 34868730                   /home/henriqueramos_qs/meta-learning-concept-drift/.venv/lib/python3.12/site-packages/scipy/cluster/_hierarchy.cpython-312-x86_64-linux-gnu.so
7eb38d4c8000-7eb38d4cb000 rw-p 0005c000 fc:00 34868730                   /home/henriqueramos_qs/meta-learning-concept-drift/.venv/lib/python3.12/site-packages/scipy/cluster/_hierarchy.cpython-312-x86_64-linux-gnu.so
7eb38d4cb000-7eb38d4cc000 rw-p 00000000 00:00 0 
7eb38d4cc000-7eb38d4cf000 r--p 00000000 fc:00 34868731                   /home/henriqueramos_qs/meta-learning-concept-drift/.venv/lib/python3.12/site-packages/scipy/cluster/_vq.cpython-312-x86_64-linux-gnu.so
7eb38d4cf000-7eb38d4e3000 r-xp 00003000 fc:00 34868731                   /home/henriqueramos_qs/meta-learning-concept-drift/.venv/lib/python3.12/site-packages/scipy/cluster/_vq.cpython-312-x86_64-linux-gnu.so
7eb38d4e3000-7eb38d4e7000 r--p 00017000 fc:00 34868731                   /home/henriqueramos_qs/meta-learning-concept-drift/.venv/lib/python3.12/site-packages/scipy/cluster/_vq.cpython-312-x86_64-linux-gnu.so
7eb38d4e7000-7eb38d4e8000 r--p 0001a000 fc:00 34868731                   /home/henriqueramos_qs/meta-learning-concept-drift/.venv/lib/python3.12/site-packages/scipy/cluster/_vq.cpython-312-x86_64-linux-gnu.so
7eb38d4e8000-7eb38d4e9000 rw-p 0001b000 fc:00 34868731                   /home/henriqueramos_qs/meta-learning-concept-drift/.venv/lib/python3.12/site-packages/scipy/cluster/_vq.cpython-312-x86_64-linux-gnu.so
7eb38d4e9000-7eb38d5e9000 rw-p 00000000 00:00 0 
7eb38d5e9000-7eb38d5ed000 r--p 00000000 fc:00 34996378                   /home/henriqueramos_qs/meta-learning-concept-drift/.venv/lib/python3.12/site-packages/river/drift/adwin_c.cpython-312-x86_64-linux-gnu.so
7eb38d5ed000-7eb38d604000 r-xp 00004000 fc:00 34996378                   /home/henriqueramos_qs/meta-learning-concept-drift/.venv/lib/python3.12/site-packages/river/drift/adwin_c.cpython-312-x86_64-linux-gnu.so
7eb38d604000-7eb38d609000 r--p 0001b000 fc:00 34996378                   /home/henriqueramos_qs/meta-learning-concept-drift/.venv/lib/python3.12/site-packages/river/drift/adwin_c.cpython-312-x86_64-linux-gnu.so
7eb38d609000-7eb38d60a000 r--p 0001f000 fc:00 34996378                   /home/henriqueramos_qs/meta-learning-concept-drift/.venv/lib/python3.12/site-packages/river/drift/adwin_c.cpython-312-x86_64-linux-gnu.so
7eb38d60a000-7eb38d60c000 rw-p 00020000 fc:00 34996378                   /home/henriqueramos_qs/meta-learning-concept-drift/.venv/lib/python3.12/site-packages/river/drift/adwin_c.cpython-312-x86_64-linux-gnu.so
7eb38d60c000-7eb38dc0c000 rw-p 00000000 00:00 0 
7eb38dc0c000-7eb38dc15000 r--p 00000000 fc:00 35534111                   /home/henriqueramos_qs/meta-learning-concept-drift/.venv/lib/python3.12/site-packages/greenlet/_greenlet.cpython-312-x86_64-linux-gnu.so
7eb38dc15000-7eb38dc26000 r-xp 00009000 fc:00 35534111                   /home/henriqueramos_qs/meta-learning-concept-drift/.venv/lib/python3.12/site-packages/greenlet/_greenlet.cpython-312-x86_64-linux-gnu.so
7eb38dc26000-7eb38dc2c000 r--p 0001a000 fc:00 35534111                   /home/henriqueramos_qs/meta-learning-concept-drift/.venv/lib/python3.12/site-packages/greenlet/_greenlet.cpython-312-x86_64-linux-gnu.so
7eb38dc2c000-7eb38dc2d000 r--p 00020000 fc:00 35534111                   /home/henriqueramos_qs/meta-learning-concept-drift/.venv/lib/python3.12/site-packages/greenlet/_greenlet.cpython-312-x86_64-linux-gnu.so
7eb38dc2d000-7eb38dc2e000 rw-p 00021000 fc:00 35534111                   /home/henriqueramos_qs/meta-learning-concept-drift/.venv/lib/python3.12/site-packages/greenlet/_greenlet.cpython-312-x86_64-linux-gnu.so
7eb38dc2e000-7eb38dd2e000 rw-p 00000000 00:00 0 
7eb38dd2e000-7eb38dd32000 r--p 00000000 fc:00 35534473                   /home/henriqueramos_qs/meta-learning-concept-drift/.venv/lib/python3.12/site-packages/sqlalchemy/cyextension/util.cpython-312-x86_64-linux-gnu.so
7eb38dd32000-7eb38dd43000 r-xp 00004000 fc:00 35534473                   /home/henriqueramos_qs/meta-learning-concept-drift/.venv/lib/python3.12/site-packages/sqlalchemy/cyextension/util.cpython-312-x86_64-linux-gnu.so
7eb38dd43000-7eb38dd47000 r--p 00015000 fc:00 35534473                   /home/henriqueramos_qs/meta-learning-concept-drift/.venv/lib/python3.12/site-packages/sqlalchemy/cyextension/util.cpython-312-x86_64-linux-gnu.so
7eb38dd47000-7eb38dd48000 r--p 00018000 fc:00 35534473                   /home/henriqueramos_qs/meta-learning-concept-drift/.venv/lib/python3.12/site-packages/sqlalchemy/cyextension/util.cpython-312-x86_64-linux-gnu.so
7eb38dd48000-7eb38dd49000 rw-p 00019000 fc:00 35534473                   /home/henriqueramos_qs/meta-learning-concept-drift/.venv/lib/python3.12/site-packages/sqlalchemy/cyextension/util.cpython-312-x86_64-linux-gnu.so
7eb38dd49000-7eb38dd4a000 rw-p 00000000 00:00 0 
7eb38dd4a000-7eb38dd4e000 r--p 00000000 fc:00 35534469                   /home/henriqueramos_qs/meta-learning-concept-drift/.venv/lib/python3.12/site-packages/sqlalchemy/cyextension/resultproxy.cpython-312-x86_64-linux-gnu.so
7eb38dd4e000-7eb38dd59000 r-xp 00004000 fc:00 35534469                   /home/henriqueramos_qs/meta-learning-concept-drift/.venv/lib/python3.12/site-packages/sqlalchemy/cyextension/resultproxy.cpython-312-x86_64-linux-gnu.so
7eb38dd59000-7eb38dd5c000 r--p 0000f000 fc:00 35534469                   /home/henriqueramos_qs/meta-learning-concept-drift/.venv/lib/python3.12/site-packages/sqlalchemy/cyextension/resultproxy.cpython-312-x86_64-linux-gnu.so
7eb38dd5c000-7eb38dd5d000 ---p 00012000 fc:00 35534469                   /home/henriqueramos_qs/meta-learning-concept-drift/.venv/lib/python3.12/site-packages/sqlalchemy/cyextension/resultproxy.cpython-312-x86_64-linux-gnu.so
7eb38dd5d000-7eb38dd5e000 r--p 00012000 fc:00 35534469                   /home/henriqueramos_qs/meta-learning-concept-drift/.venv/lib/python3.12/site-packages/sqlalchemy/cyextension/resultproxy.cpython-312-x86_64-linux-gnu.so
7eb38dd5e000-7eb38dd5f000 rw-p 00013000 fc:00 35534469                   /home/henriqueramos_qs/meta-learning-concept-drift/.venv/lib/python3.12/site-packages/sqlalchemy/cyextension/resultproxy.cpython-312-x86_64-linux-gnu.so
7eb38dd5f000-7eb38dd60000 rw-p 00000000 00:00 0 
7eb38dd60000-7eb38dd64000 r--p 00000000 fc:00 35534467                   /home/henriqueramos_qs/meta-learning-concept-drift/.venv/lib/python3.12/site-packages/sqlalchemy/cyextension/processors.cpython-312-x86_64-linux-gnu.so
7eb38dd64000-7eb38dd6f000 r-xp 00004000 fc:00 35534467                   /home/henriqueramos_qs/meta-learning-concept-drift/.venv/lib/python3.12/site-packages/sqlalchemy/cyextension/processors.cpython-312-x86_64-linux-gnu.so
7eb38dd6f000-7eb38dd72000 r--p 0000f000 fc:00 35534467                   /home/henriqueramos_qs/meta-learning-concept-drift/.venv/lib/python3.12/site-packages/sqlalchemy/cyextension/processors.cpython-312-x86_64-linux-gnu.so
7eb38dd72000-7eb38dd73000 r--p 00011000 fc:00 35534467                   /home/henriqueramos_qs/meta-learning-concept-drift/.venv/lib/python3.12/site-packages/sqlalchemy/cyextension/processors.cpython-312-x86_64-linux-gnu.so
7eb38dd73000-7eb38dd74000 rw-p 00012000 fc:00 35534467                   /home/henriqueramos_qs/meta-learning-concept-drift/.venv/lib/python3.12/site-packages/sqlalchemy/cyextension/processors.cpython-312-x86_64-linux-gnu.so
7eb38dd74000-7eb38dd75000 rw-p 00000000 00:00 0 
7eb38dd75000-7eb38dd79000 r--p 00000000 fc:00 35534472                   /home/henriqueramos_qs/meta-learning-concept-drift/.venv/lib/python3.12/site-packages/sqlalchemy/cyextension/immutabledict.cpython-312-x86_64-linux-gnu.so
7eb38dd79000-7eb38dd87000 r-xp 00004000 fc:00 35534472                   /home/henriqueramos_qs/meta-learning-concept-drift/.venv/lib/python3.12/site-packages/sqlalchemy/cyextension/immutabledict.cpython-312-x86_64-linux-gnu.so
7eb38dd87000-7eb38dd8b000 r--p 00012000 fc:00 35534472                   /home/henriqueramos_qs/meta-learning-concept-drift/.venv/lib/python3.12/site-packages/sqlalchemy/cyextension/immutabledict.cpython-312-x86_64-linux-gnu.so
7eb38dd8b000-7eb38dd8c000 r--p 00015000 fc:00 35534472                   /home/henriqueramos_qs/meta-learning-concept-drift/.venv/lib/python3.12/site-packages/sqlalchemy/cyextension/immutabledict.cpython-312-x86_64-linux-gnu.so
7eb38dd8c000-7eb38dd8e000 rw-p 00016000 fc:00 35534472                   /home/henriqueramos_qs/meta-learning-concept-drift/.venv/lib/python3.12/site-packages/sqlalchemy/cyextension/immutabledict.cpython-312-x86_64-linux-gnu.so
7eb38dd8e000-7eb38dd95000 r--p 00000000 fc:00 35534471                   /home/henriqueramos_qs/meta-learning-concept-drift/.venv/lib/python3.12/site-packages/sqlalchemy/cyextension/collections.cpython-312-x86_64-linux-gnu.so
7eb38dd95000-7eb38ddb9000 r-xp 00007000 fc:00 35534471                   /home/henriqueramos_qs/meta-learning-concept-drift/.venv/lib/python3.12/site-packages/sqlalchemy/cyextension/collections.cpython-312-x86_64-linux-gnu.so
7eb38ddb9000-7eb38ddc1000 r--p 0002b000 fc:00 35534471                   /home/henriqueramos_qs/meta-learning-concept-drift/.venv/lib/python3.12/site-packages/sqlalchemy/cyextension/collections.cpython-312-x86_64-linux-gnu.so
7eb38ddc1000-7eb38ddc2000 ---p 00033000 fc:00 35534471                   /home/henriqueramos_qs/meta-learning-concept-drift/.venv/lib/python3.12/site-packages/sqlalchemy/cyextension/collections.cpython-312-x86_64-linux-gnu.so
7eb38ddc2000-7eb38ddc3000 r--p 00033000 fc:00 35534471                   /home/henriqueramos_qs/meta-learning-concept-drift/.venv/lib/python3.12/site-packages/sqlalchemy/cyextension/collections.cpython-312-x86_64-linux-gnu.so
7eb38ddc3000-7eb38ddc6000 rw-p 00034000 fc:00 35534471                   /home/henriqueramos_qs/meta-learning-concept-drift/.venv/lib/python3.12/site-packages/sqlalchemy/cyextension/collections.cpython-312-x86_64-linux-gnu.so
7eb38ddc6000-7eb38ddca000 r--p 00000000 fc:00 34869303                   /home/henriqueramos_qs/meta-learning-concept-drift/.venv/lib/python3.12/site-packages/scipy/io/matlab/_streams.cpython-312-x86_64-linux-gnu.so
7eb38ddca000-7eb38dddf000 r-xp 00004000 fc:00 34869303                   /home/henriqueramos_qs/meta-learning-concept-drift/.venv/lib/python3.12/site-packages/scipy/io/matlab/_streams.cpython-312-x86_64-linux-gnu.so
7eb38dddf000-7eb38dde3000 r--p 00019000 fc:00 34869303                   /home/henriqueramos_qs/meta-learning-concept-drift/.venv/lib/python3.12/site-packages/scipy/io/matlab/_streams.cpython-312-x86_64-linux-gnu.so
7eb38dde3000-7eb38dde4000 ---p 0001d000 fc:00 34869303                   /home/henriqueramos_qs/meta-learning-concept-drift/.venv/lib/python3.12/site-packages/scipy/io/matlab/_streams.cpython-312-x86_64-linux-gnu.so
7eb38dde4000-7eb38dde5000 r--p 0001d000 fc:00 34869303                   /home/henriqueramos_qs/meta-learning-concept-drift/.venv/lib/python3.12/site-packages/scipy/io/matlab/_streams.cpython-312-x86_64-linux-gnu.so
7eb38dde5000-7eb38dde7000 rw-p 0001e000 fc:00 34869303                   /home/henriqueramos_qs/meta-learning-concept-drift/.venv/lib/python3.12/site-packages/scipy/io/matlab/_streams.cpython-312-x86_64-linux-gnu.so
7eb38dde7000-7eb38ddec000 r--p 00000000 fc:00 34869300                   /home/henriqueramos_qs/meta-learning-concept-drift/.venv/lib/python3.12/site-packages/scipy/io/matlab/_mio5_utils.cpython-312-x86_64-linux-gnu.so
7eb38ddec000-7eb38de13000 r-xp 00005000 fc:00 34869300                   /home/henriqueramos_qs/meta-learning-concept-drift/.venv/lib/python3.12/site-packages/scipy/io/matlab/_mio5_utils.cpython-312-x86_64-linux-gnu.so
7eb38de13000-7eb38de1b000 r--p 0002c000 fc:00 34869300                   /home/henriqueramos_qs/meta-learning-concept-drift/.venv/lib/python3.12/site-packages/scipy/io/matlab/_mio5_utils.cpython-312-x86_64-linux-gnu.so
7eb38de1b000-7eb38de1c000 r--p 00033000 fc:00 34869300                   /home/henriqueramos_qs/meta-learning-concept-drift/.venv/lib/python3.12/site-packages/scipy/io/matlab/_mio5_utils.cpython-312-x86_64-linux-gnu.so
7eb38de1c000-7eb38de1e000 rw-p 00034000 fc:00 34869300                   /home/henriqueramos_qs/meta-learning-concept-drift/.venv/lib/python3.12/site-packages/scipy/io/matlab/_mio5_utils.cpython-312-x86_64-linux-gnu.so
7eb38de1e000-7eb38e01e000 rw-p 00000000 00:00 0 
7eb38e01e000-7eb38e024000 r--p 00000000 fc:00 34996757                   /home/henriqueramos_qs/meta-learning-concept-drift/.venv/lib/python3.12/site-packages/river/utils/vectordict.cpython-312-x86_64-linux-gnu.so
7eb38e024000-7eb38e052000 r-xp 00006000 fc:00 34996757                   /home/henriqueramos_qs/meta-learning-concept-drift/.venv/lib/python3.12/site-packages/river/utils/vectordict.cpython-312-x86_64-linux-gnu.so
7eb38e052000-7eb38e05a000 r--p 00034000 fc:00 34996757                   /home/henriqueramos_qs/meta-learning-concept-drift/.venv/lib/python3.12/site-packages/river/utils/vectordict.cpython-312-x86_64-linux-gnu.so
7eb38e05a000-7eb38e05b000 r--p 0003b000 fc:00 34996757                   /home/henriqueramos_qs/meta-learning-concept-drift/.venv/lib/python3.12/site-packages/river/utils/vectordict.cpython-312-x86_64-linux-gnu.so
7eb38e05b000-7eb38e05f000 rw-p 0003c000 fc:00 34996757                   /home/henriqueramos_qs/meta-learning-concept-drift/.venv/lib/python3.12/site-packages/river/utils/vectordict.cpython-312-x86_64-linux-gnu.so
7eb38e05f000-7eb38e089000 r--p 00000000 fc:00 34996353                   /home/henriqueramos_qs/meta-learning-concept-drift/.venv/lib/python3.12/site-packages/river/stats/_rust_stats.cpython-312-x86_64-linux-gnu.so
7eb38e089000-7eb38e0f6000 r-xp 00029000 fc:00 34996353                   /home/henriqueramos_qs/meta-learning-concept-drift/.venv/lib/python3.12/site-packages/river/stats/_rust_stats.cpython-312-x86_64-linux-gnu.so
7eb38e0f6000-7eb38e0fe000 r--p 00095000 fc:00 34996353                   /home/henriqueramos_qs/meta-learning-concept-drift/.venv/lib/python3.12/site-packages/river/stats/_rust_stats.cpython-312-x86_64-linux-gnu.so
7eb38e0fe000-7eb38e0ff000 rw-p 0009c000 fc:00 34996353                   /home/henriqueramos_qs/meta-learning-concept-drift/.venv/lib/python3.12/site-packages/river/stats/_rust_stats.cpython-312-x86_64-linux-gnu.so
7eb38e0ff000-7eb38e800000 rw-p 00000000 00:00 0 
7eb38e800000-7eb38e803000 r-xp 00000000 fc:00 35402594                   /home/henriqueramos_qs/meta-learning-concept-drift/.venv/lib/python3.12/site-packages/pillow.libs/libXau-154567c4.so.6.0.0
7eb38e803000-7eb38ea02000 ---p 00003000 fc:00 35402594                   /home/henriqueramos_qs/meta-learning-concept-drift/.venv/lib/python3.12/site-packages/pillow.libs/libXau-154567c4.so.6.0.0
7eb38ea02000-7eb38ea03000 r--p 00002000 fc:00 35402594                   /home/henriqueramos_qs/meta-learning-concept-drift/.venv/lib/python3.12/site-packages/pillow.libs/libXau-154567c4.so.6.0.0
7eb38ea03000-7eb38ea04000 rw-p 00000000 00:00 0 
7eb38ea04000-7eb38ea05000 rw-p 00005000 fc:00 35402594                   /home/henriqueramos_qs/meta-learning-concept-drift/.venv/lib/python3.12/site-packages/pillow.libs/libXau-154567c4.so.6.0.0
7eb38ea0e000-7eb38ea1d000 r--p 00000000 fc:00 34870549                   /home/henriqueramos_qs/meta-learning-concept-drift/.venv/lib/python3.12/site-packages/matplotlib/_image.cpython-312-x86_64-linux-gnu.so
7eb38ea1d000-7eb38ea68000 r-xp 0000f000 fc:00 34870549                   /home/henriqueramos_qs/meta-learning-concept-drift/.venv/lib/python3.12/site-packages/matplotlib/_image.cpython-312-x86_64-linux-gnu.so
7eb38ea68000-7eb38ea78000 r--p 0005a000 fc:00 34870549                   /home/henriqueramos_qs/meta-learning-concept-drift/.venv/lib/python3.12/site-packages/matplotlib/_image.cpython-312-x86_64-linux-gnu.so
7eb38ea78000-7eb38ea79000 r--p 00069000 fc:00 34870549                   /home/henriqueramos_qs/meta-learning-concept-drift/.venv/lib/python3.12/site-packages/matplotlib/_image.cpython-312-x86_64-linux-gnu.so
7eb38ea79000-7eb38ea7a000 rw-p 0006a000 fc:00 34870549                   /home/henriqueramos_qs/meta-learning-concept-drift/.venv/lib/python3.12/site-packages/matplotlib/_image.cpython-312-x86_64-linux-gnu.so
7eb38ea7a000-7eb38ea7b000 rw-p 00000000 00:00 0 
7eb38ea7b000-7eb38ea80000 r--p 00000000 fc:00 34869054                   /home/henriqueramos_qs/meta-learning-concept-drift/.venv/lib/python3.12/site-packages/scipy/signal/_peak_finding_utils.cpython-312-x86_64-linux-gnu.so
7eb38ea80000-7eb38eaaf000 r-xp 00005000 fc:00 34869054                   /home/henriqueramos_qs/meta-learning-concept-drift/.venv/lib/python3.12/site-packages/scipy/signal/_peak_finding_utils.cpython-312-x86_64-linux-gnu.so
7eb38eaaf000-7eb38eab8000 r--p 00034000 fc:00 34869054                   /home/henriqueramos_qs/meta-learning-concept-drift/.venv/lib/python3.12/site-packages/scipy/signal/_peak_finding_utils.cpython-312-x86_64-linux-gnu.so
7eb38eab8000-7eb38eab9000 ---p 0003d000 fc:00 34869054                   /home/henriqueramos_qs/meta-learning-concept-drift/.venv/lib/python3.12/site-packages/scipy/signal/_peak_finding_utils.cpython-312-x86_64-linux-gnu.so
7eb38eab9000-7eb38eaba000 r--p 0003d000 fc:00 34869054                   /home/henriqueramos_qs/meta-learning-concept-drift/.venv/lib/python3.12/site-packages/scipy/signal/_peak_finding_utils.cpython-312-x86_64-linux-gnu.so
7eb38eaba000-7eb38eabc000 rw-p 0003e000 fc:00 34869054                   /home/henriqueramos_qs/meta-learning-concept-drift/.venv/lib/python3.12/site-packages/scipy/signal/_peak_finding_utils.cpython-312-x86_64-linux-gnu.so
7eb38eabc000-7eb38eabd000 rw-p 00000000 00:00 0 
7eb38eabd000-7eb38eac2000 r--p 00000000 fc:00 34869027                   /home/henriqueramos_qs/meta-learning-concept-drift/.venv/lib/python3.12/site-packages/scipy/signal/_sosfilt.cpython-312-x86_64-linux-gnu.so
7eb38eac2000-7eb38eaf4000 r-xp 00005000 fc:00 34869027                   /home/henriqueramos_qs/meta-learning-concept-drift/.venv/lib/python3.12/site-packages/scipy/signal/_sosfilt.cpython-312-x86_64-linux-gnu.so
7eb38eaf4000-7eb38eafc000 r--p 00037000 fc:00 34869027                   /home/henriqueramos_qs/meta-learning-concept-drift/.venv/lib/python3.12/site-packages/scipy/signal/_sosfilt.cpython-312-x86_64-linux-gnu.so
7eb38eafc000-7eb38eafd000 r--p 0003e000 fc:00 34869027                   /home/henriqueramos_qs/meta-learning-concept-drift/.venv/lib/python3.12/site-packages/scipy/signal/_sosfilt.cpython-312-x86_64-linux-gnu.so
7eb38eafd000-7eb38eaff000 rw-p 0003f000 fc:00 34869027                   /home/henriqueramos_qs/meta-learning-concept-drift/.venv/lib/python3.12/site-packages/scipy/signal/_sosfilt.cpython-312-x86_64-linux-gnu.so
7eb38eaff000-7eb38ec00000 rw-p 00000000 00:00 0 
7eb38ec00000-7eb38ed29000 r--p 00000000 fc:00 35401307                   /home/henriqueramos_qs/meta-learning-concept-drift/.venv/lib/python3.12/site-packages/lightgbm/lib/lib_lightgbm.so
7eb38ed29000-7eb38f3b7000 r-xp 00129000 fc:00 35401307                   /home/henriqueramos_qs/meta-learning-concept-drift/.venv/lib/python3.12/site-packages/lightgbm/lib/lib_lightgbm.so
7eb38f3b7000-7eb38f479000 r--p 007b7000 fc:00 35401307                   /home/henriqueramos_qs/meta-learning-concept-drift/.venv/lib/python3.12/site-packages/lightgbm/lib/lib_lightgbm.so
7eb38f479000-7eb38f485000 r--p 00879000 fc:00 35401307                   /home/henriqueramos_qs/meta-learning-concept-drift/.venv/lib/python3.12/site-packages/lightgbm/lib/lib_lightgbm.so
7eb38f485000-7eb38f48a000 rw-p 00885000 fc:00 35401307                   /home/henriqueramos_qs/meta-learning-concept-drift/.venv/lib/python3.12/site-packages/lightgbm/lib/lib_lightgbm.so
7eb38f48a000-7eb38f48b000 rw-p 00000000 00:00 0 
7eb38f49a000-7eb38f49f000 r--p 00000000 fc:00 34869033                   /home/henriqueramos_qs/meta-learning-concept-drift/.venv/lib/python3.12/site-packages/scipy/signal/_upfirdn_apply.cpython-312-x86_64-linux-gnu.so
7eb38f49f000-7eb38f4e3000 r-xp 00005000 fc:00 34869033                   /home/henriqueramos_qs/meta-learning-concept-drift/.venv/lib/python3.12/site-packages/scipy/signal/_upfirdn_apply.cpython-312-x86_64-linux-gnu.so
7eb38f4e3000-7eb38f4ec000 r--p 00049000 fc:00 34869033                   /home/henriqueramos_qs/meta-learning-concept-drift/.venv/lib/python3.12/site-packages/scipy/signal/_upfirdn_apply.cpython-312-x86_64-linux-gnu.so
7eb38f4ec000-7eb38f4ed000 ---p 00052000 fc:00 34869033                   /home/henriqueramos_qs/meta-learning-concept-drift/.venv/lib/python3.12/site-packages/scipy/signal/_upfirdn_apply.cpython-312-x86_64-linux-gnu.so
7eb38f4ed000-7eb38f4ee000 r--p 00052000 fc:00 34869033                   /home/henriqueramos_qs/meta-learning-concept-drift/.venv/lib/python3.12/site-packages/scipy/signal/_upfirdn_apply.cpython-312-x86_64-linux-gnu.so
7eb38f4ee000-7eb38f4f0000 rw-p 00053000 fc:00 34869033                   /home/henriqueramos_qs/meta-learning-concept-drift/.venv/lib/python3.12/site-packages/scipy/signal/_upfirdn_apply.cpython-312-x86_64-linux-gnu.so
7eb38f4f0000-7eb38f4f1000 rw-p 00000000 00:00 0 
7eb38f4f1000-7eb38f4f3000 r--p 00000000 fc:00 34869050                   /home/henriqueramos_qs/meta-learning-concept-drift/.venv/lib/python3.12/site-packages/scipy/signal/_sigtools.cpython-312-x86_64-linux-gnu.so
7eb38f4f3000-7eb38f506000 r-xp 00002000 fc:00 34869050                   /home/henriqueramos_qs/meta-learning-concept-drift/.venv/lib/python3.12/site-packages/scipy/signal/_sigtools.cpython-312-x86_64-linux-gnu.so
7eb38f506000-7eb38f508000 r--p 00015000 fc:00 34869050                   /home/henriqueramos_qs/meta-learning-concept-drift/.venv/lib/python3.12/site-packages/scipy/signal/_sigtools.cpython-312-x86_64-linux-gnu.so
7eb38f508000-7eb38f509000 r--p 00016000 fc:00 34869050                   /home/henriqueramos_qs/meta-learning-concept-drift/.venv/lib/python3.12/site-packages/scipy/signal/_sigtools.cpython-312-x86_64-linux-gnu.so
7eb38f509000-7eb38f50a000 rw-p 00017000 fc:00 34869050                   /home/henriqueramos_qs/meta-learning-concept-drift/.venv/lib/python3.12/site-packages/scipy/signal/_sigtools.cpython-312-x86_64-linux-gnu.so
7eb38f50a000-7eb38f50e000 r--p 00000000 fc:00 35399500                   /home/henriqueramos_qs/meta-learning-concept-drift/.venv/lib/python3.12/site-packages/sklearn/_isotonic.cpython-312-x86_64-linux-gnu.so
7eb38f50e000-7eb38f52a000 r-xp 00004000 fc:00 35399500                   /home/henriqueramos_qs/meta-learning-concept-drift/.venv/lib/python3.12/site-packages/sklearn/_isotonic.cpython-312-x86_64-linux-gnu.so
7eb38f52a000-7eb38f530000 r--p 00020000 fc:00 35399500                   /home/henriqueramos_qs/meta-learning-concept-drift/.venv/lib/python3.12/site-packages/sklearn/_isotonic.cpython-312-x86_64-linux-gnu.so
7eb38f530000-7eb38f531000 r--p 00025000 fc:00 35399500                   /home/henriqueramos_qs/meta-learning-concept-drift/.venv/lib/python3.12/site-packages/sklearn/_isotonic.cpython-312-x86_64-linux-gnu.so
7eb38f531000-7eb38f532000 rw-p 00026000 fc:00 35399500                   /home/henriqueramos_qs/meta-learning-concept-drift/.venv/lib/python3.12/site-packages/sklearn/_isotonic.cpython-312-x86_64-linux-gnu.so
7eb38f532000-7eb38f533000 rw-p 00000000 00:00 0 
7eb38f533000-7eb38f538000 r--p 00000000 fc:00 35399571                   /home/henriqueramos_qs/meta-learning-concept-drift/.venv/lib/python3.12/site-packages/sklearn/cluster/_hdbscan/_reachability.cpython-312-x86_64-linux-gnu.so
7eb38f538000-7eb38f560000 r-xp 00005000 fc:00 35399571                   /home/henriqueramos_qs/meta-learning-concept-drift/.venv/lib/python3.12/site-packages/sklearn/cluster/_hdbscan/_reachability.cpython-312-x86_64-linux-gnu.so
7eb38f560000-7eb38f567000 r--p 0002d000 fc:00 35399571                   /home/henriqueramos_qs/meta-learning-concept-drift/.venv/lib/python3.12/site-packages/sklearn/cluster/_hdbscan/_reachability.cpython-312-x86_64-linux-gnu.so
7eb38f567000-7eb38f568000 ---p 00034000 fc:00 35399571                   /home/henriqueramos_qs/meta-learning-concept-drift/.venv/lib/python3.12/site-packages/sklearn/cluster/_hdbscan/_reachability.cpython-312-x86_64-linux-gnu.so
7eb38f568000-7eb38f569000 r--p 00034000 fc:00 35399571                   /home/henriqueramos_qs/meta-learning-concept-drift/.venv/lib/python3.12/site-packages/sklearn/cluster/_hdbscan/_reachability.cpython-312-x86_64-linux-gnu.so
7eb38f569000-7eb38f56a000 rw-p 00035000 fc:00 35399571                   /home/henriqueramos_qs/meta-learning-concept-drift/.venv/lib/python3.12/site-packages/sklearn/cluster/_hdbscan/_reachability.cpython-312-x86_64-linux-gnu.so
7eb38f56a000-7eb38f56b000 rw-p 00000000 00:00 0 
7eb38f56b000-7eb38f570000 r--p 00000000 fc:00 35399573                   /home/henriqueramos_qs/meta-learning-concept-drift/.venv/lib/python3.12/site-packages/sklearn/cluster/_hdbscan/_tree.cpython-312-x86_64-linux-gnu.so
7eb38f570000-7eb38f59c000 r-xp 00005000 fc:00 35399573                   /home/henriqueramos_qs/meta-learning-concept-drift/.venv/lib/python3.12/site-packages/sklearn/cluster/_hdbscan/_tree.cpython-312-x86_64-linux-gnu.so
7eb38f59c000-7eb38f5a4000 r--p 00031000 fc:00 35399573                   /home/henriqueramos_qs/meta-learning-concept-drift/.venv/lib/python3.12/site-packages/sklearn/cluster/_hdbscan/_tree.cpython-312-x86_64-linux-gnu.so
7eb38f5a4000-7eb38f5a5000 r--p 00038000 fc:00 35399573                   /home/henriqueramos_qs/meta-learning-concept-drift/.venv/lib/python3.12/site-packages/sklearn/cluster/_hdbscan/_tree.cpython-312-x86_64-linux-gnu.so
7eb38f5a5000-7eb38f5a6000 rw-p 00039000 fc:00 35399573                   /home/henriqueramos_qs/meta-learning-concept-drift/.venv/lib/python3.12/site-packages/sklearn/cluster/_hdbscan/_tree.cpython-312-x86_64-linux-gnu.so
7eb38f5a6000-7eb38f5a7000 rw-p 00000000 00:00 0 
7eb38f5a7000-7eb38f5ac000 r--p 00000000 fc:00 35399556                   /home/henriqueramos_qs/meta-learning-concept-drift/.venv/lib/python3.12/site-packages/sklearn/cluster/_k_means_elkan.cpython-312-x86_64-linux-gnu.so
7eb38f5ac000-7eb38f5ee000 r-xp 00005000 fc:00 35399556                   /home/henriqueramos_qs/meta-learning-concept-drift/.venv/lib/python3.12/site-packages/sklearn/cluster/_k_means_elkan.cpython-312-x86_64-linux-gnu.so
7eb38f5ee000-7eb38f5f9000 r--p 00047000 fc:00 35399556                   /home/henriqueramos_qs/meta-learning-concept-drift/.venv/lib/python3.12/site-packages/sklearn/cluster/_k_means_elkan.cpython-312-x86_64-linux-gnu.so
7eb38f5f9000-7eb38f5fa000 ---p 00052000 fc:00 35399556                   /home/henriqueramos_qs/meta-learning-concept-drift/.venv/lib/python3.12/site-packages/sklearn/cluster/_k_means_elkan.cpython-312-x86_64-linux-gnu.so
7eb38f5fa000-7eb38f5fb000 r--p 00052000 fc:00 35399556                   /home/henriqueramos_qs/meta-learning-concept-drift/.venv/lib/python3.12/site-packages/sklearn/cluster/_k_means_elkan.cpython-312-x86_64-linux-gnu.so
7eb38f5fb000-7eb38f5fc000 rw-p 00053000 fc:00 35399556                   /home/henriqueramos_qs/meta-learning-concept-drift/.venv/lib/python3.12/site-packages/sklearn/cluster/_k_means_elkan.cpython-312-x86_64-linux-gnu.so
7eb38f5fc000-7eb38f5fd000 rw-p 00000000 00:00 0 
7eb38f5fd000-7eb38f600000 rw-p 0005c000 fc:00 35399556                   /home/henriqueramos_qs/meta-learning-concept-drift/.venv/lib/python3.12/site-packages/sklearn/cluster/_k_means_elkan.cpython-312-x86_64-linux-gnu.so
7eb38f600000-7eb38f60c000 r--p 00000000 fc:00 35399529                   /home/henriqueramos_qs/meta-learning-concept-drift/.venv/lib/python3.12/site-packages/sklearn/_loss/_loss.cpython-312-x86_64-linux-gnu.so
7eb38f60c000-7eb38f881000 r-xp 0000c000 fc:00 35399529                   /home/henriqueramos_qs/meta-learning-concept-drift/.venv/lib/python3.12/site-packages/sklearn/_loss/_loss.cpython-312-x86_64-linux-gnu.so
7eb38f881000-7eb38f8a7000 r--p 00281000 fc:00 35399529                   /home/henriqueramos_qs/meta-learning-concept-drift/.venv/lib/python3.12/site-packages/sklearn/_loss/_loss.cpython-312-x86_64-linux-gnu.so
7eb38f8a7000-7eb38f8a9000 r--p 002a6000 fc:00 35399529                   /home/henriqueramos_qs/meta-learning-concept-drift/.venv/lib/python3.12/site-packages/sklearn/_loss/_loss.cpython-312-x86_64-linux-gnu.so
7eb38f8a9000-7eb38f8af000 rw-p 002a8000 fc:00 35399529                   /home/henriqueramos_qs/meta-learning-concept-drift/.venv/lib/python3.12/site-packages/sklearn/_loss/_loss.cpython-312-x86_64-linux-gnu.so
7eb38f8af000-7eb38f8b1000 rw-p 00000000 00:00 0 
7eb38f8b1000-7eb38f8b4000 rw-p 002ce000 fc:00 35399529                   /home/henriqueramos_qs/meta-learning-concept-drift/.venv/lib/python3.12/site-packages/sklearn/_loss/_loss.cpython-312-x86_64-linux-gnu.so
7eb38f8c3000-7eb38f8c8000 r--p 00000000 fc:00 35399558                   /home/henriqueramos_qs/meta-learning-concept-drift/.venv/lib/python3.12/site-packages/sklearn/cluster/_k_means_lloyd.cpython-312-x86_64-linux-gnu.so
7eb38f8c8000-7eb38f8f1000 r-xp 00005000 fc:00 35399558                   /home/henriqueramos_qs/meta-learning-concept-drift/.venv/lib/python3.12/site-packages/sklearn/cluster/_k_means_lloyd.cpython-312-x86_64-linux-gnu.so
7eb38f8f1000-7eb38f8f9000 r--p 0002e000 fc:00 35399558                   /home/henriqueramos_qs/meta-learning-concept-drift/.venv/lib/python3.12/site-packages/sklearn/cluster/_k_means_lloyd.cpython-312-x86_64-linux-gnu.so
7eb38f8f9000-7eb38f8fa000 ---p 00036000 fc:00 35399558                   /home/henriqueramos_qs/meta-learning-concept-drift/.venv/lib/python3.12/site-packages/sklearn/cluster/_k_means_lloyd.cpython-312-x86_64-linux-gnu.so
7eb38f8fa000-7eb38f8fb000 r--p 00036000 fc:00 35399558                   /home/henriqueramos_qs/meta-learning-concept-drift/.venv/lib/python3.12/site-packages/sklearn/cluster/_k_means_lloyd.cpython-312-x86_64-linux-gnu.so
7eb38f8fb000-7eb38f8fc000 rw-p 00037000 fc:00 35399558                   /home/henriqueramos_qs/meta-learning-concept-drift/.venv/lib/python3.12/site-packages/sklearn/cluster/_k_means_lloyd.cpython-312-x86_64-linux-gnu.so
7eb38f8fc000-7eb38f8fd000 rw-p 00000000 00:00 0 
7eb38f8fd000-7eb38f900000 rw-p 0003f000 fc:00 35399558                   /home/henriqueramos_qs/meta-learning-concept-drift/.venv/lib/python3.12/site-packages/sklearn/cluster/_k_means_lloyd.cpython-312-x86_64-linux-gnu.so
7eb38f900000-7eb38fa00000 rw-p 00000000 00:00 0 
7eb38fa00000-7eb38fa25000 r-xp 00000000 fc:00 35399493                   /home/henriqueramos_qs/meta-learning-concept-drift/.venv/lib/python3.12/site-packages/scikit_learn.libs/libgomp-a34b3233.so.1.0.0
7eb38fa25000-7eb38fc24000 ---p 00025000 fc:00 35399493                   /home/henriqueramos_qs/meta-learning-concept-drift/.venv/lib/python3.12/site-packages/scikit_learn.libs/libgomp-a34b3233.so.1.0.0
7eb38fc24000-7eb38fc25000 r--p 00024000 fc:00 35399493                   /home/henriqueramos_qs/meta-learning-concept-drift/.venv/lib/python3.12/site-packages/scikit_learn.libs/libgomp-a34b3233.so.1.0.0
7eb38fc25000-7eb38fc2a000 rw-p 00025000 fc:00 35399493                   /home/henriqueramos_qs/meta-learning-concept-drift/.venv/lib/python3.12/site-packages/scikit_learn.libs/libgomp-a34b3233.so.1.0.0
7eb38fc2c000-7eb38fd2c000 rw-p 00000000 00:00 0 
7eb38fd2c000-7eb38fd40000 r--p 00000000 fc:00 34870600                   /home/henriqueramos_qs/meta-learning-concept-drift/.venv/lib/python3.12/site-packages/matplotlib/ft2font.cpython-312-x86_64-linux-gnu.so
7eb38fd40000-7eb38fdcb000 r-xp 00014000 fc:00 34870600                   /home/henriqueramos_qs/meta-learning-concept-drift/.venv/lib/python3.12/site-packages/matplotlib/ft2font.cpython-312-x86_64-linux-gnu.so
7eb38fdcb000-7eb38fdf7000 r--p 0009f000 fc:00 34870600                   /home/henriqueramos_qs/meta-learning-concept-drift/.venv/lib/python3.12/site-packages/matplotlib/ft2font.cpython-312-x86_64-linux-gnu.so
7eb38fdf7000-7eb38fdfd000 r--p 000ca000 fc:00 34870600                   /home/henriqueramos_qs/meta-learning-concept-drift/.venv/lib/python3.12/site-packages/matplotlib/ft2font.cpython-312-x86_64-linux-gnu.so
7eb38fdfd000-7eb38fdff000 rw-p 000d0000 fc:00 34870600                   /home/henriqueramos_qs/meta-learning-concept-drift/.venv/lib/python3.12/site-packages/matplotlib/ft2font.cpython-312-x86_64-linux-gnu.so
7eb38fdff000-7eb38fe00000 rw-p 00000000 00:00 0 
7eb38fe00000-7eb38fe0e000 r--p 00000000 fc:00 34868529                   /home/henriqueramos_qs/meta-learning-concept-drift/.venv/lib/python3.12/site-packages/scipy/special/cython_special.cpython-312-x86_64-linux-gnu.so
7eb38fe0e000-7eb3900a4000 r-xp 0000e000 fc:00 34868529                   /home/henriqueramos_qs/meta-learning-concept-drift/.venv/lib/python3.12/site-packages/scipy/special/cython_special.cpython-312-x86_64-linux-gnu.so
7eb3900a4000-7eb3900ea000 r--p 002a4000 fc:00 34868529                   /home/henriqueramos_qs/meta-learning-concept-drift/.venv/lib/python3.12/site-packages/scipy/special/cython_special.cpython-312-x86_64-linux-gnu.so
7eb3900ea000-7eb3900eb000 r--p 002e9000 fc:00 34868529                   /home/henriqueramos_qs/meta-learning-concept-drift/.venv/lib/python3.12/site-packages/scipy/special/cython_special.cpython-312-x86_64-linux-gnu.so
7eb3900eb000-7eb3900f0000 rw-p 002ea000 fc:00 34868529                   /home/henriqueramos_qs/meta-learning-concept-drift/.venv/lib/python3.12/site-packages/scipy/special/cython_special.cpython-312-x86_64-linux-gnu.so
7eb3900f0000-7eb3900f3000 rw-p 00000000 00:00 0 
7eb390100000-7eb390200000 rw-p 00000000 00:00 0 
7eb390200000-7eb39020d000 r--p 00000000 fc:00 34868342                   /home/henriqueramos_qs/meta-learning-concept-drift/.venv/lib/python3.12/site-packages/scipy/optimize/_highs/_highs_wrapper.cpython-312-x86_64-linux-gnu.so
7eb39020d000-7eb390504000 r-xp 0000d000 fc:00 34868342                   /home/henriqueramos_qs/meta-learning-concept-drift/.venv/lib/python3.12/site-packages/scipy/optimize/_highs/_highs_wrapper.cpython-312-x86_64-linux-gnu.so
7eb390504000-7eb390572000 r--p 00304000 fc:00 34868342                   /home/henriqueramos_qs/meta-learning-concept-drift/.venv/lib/python3.12/site-packages/scipy/optimize/_highs/_highs_wrapper.cpython-312-x86_64-linux-gnu.so
7eb390572000-7eb390574000 r--p 00371000 fc:00 34868342                   /home/henriqueramos_qs/meta-learning-concept-drift/.venv/lib/python3.12/site-packages/scipy/optimize/_highs/_highs_wrapper.cpython-312-x86_64-linux-gnu.so
7eb390574000-7eb390576000 rw-p 00373000 fc:00 34868342                   /home/henriqueramos_qs/meta-learning-concept-drift/.venv/lib/python3.12/site-packages/scipy/optimize/_highs/_highs_wrapper.cpython-312-x86_64-linux-gnu.so
7eb390576000-7eb39057a000 rw-p 00000000 00:00 0 
7eb390585000-7eb390589000 r--p 00000000 fc:00 35400119                   /home/henriqueramos_qs/meta-learning-concept-drift/.venv/lib/python3.12/site-packages/sklearn/manifold/_barnes_hut_tsne.cpython-312-x86_64-linux-gnu.so
7eb390589000-7eb390598000 r-xp 00004000 fc:00 35400119                   /home/henriqueramos_qs/meta-learning-concept-drift/.venv/lib/python3.12/site-packages/sklearn/manifold/_barnes_hut_tsne.cpython-312-x86_64-linux-gnu.so
7eb390598000-7eb39059d000 r--p 00013000 fc:00 35400119                   /home/henriqueramos_qs/meta-learning-concept-drift/.venv/lib/python3.12/site-packages/sklearn/manifold/_barnes_hut_tsne.cpython-312-x86_64-linux-gnu.so
7eb39059d000-7eb39059e000 r--p 00017000 fc:00 35400119                   /home/henriqueramos_qs/meta-learning-concept-drift/.venv/lib/python3.12/site-packages/sklearn/manifold/_barnes_hut_tsne.cpython-312-x86_64-linux-gnu.so
7eb39059e000-7eb39059f000 rw-p 00018000 fc:00 35400119                   /home/henriqueramos_qs/meta-learning-concept-drift/.venv/lib/python3.12/site-packages/sklearn/manifold/_barnes_hut_tsne.cpython-312-x86_64-linux-gnu.so
7eb39059f000-7eb3905a2000 rw-p 0001e000 fc:00 35400119                   /home/henriqueramos_qs/meta-learning-concept-drift/.venv/lib/python3.12/site-packages/sklearn/manifold/_barnes_hut_tsne.cpython-312-x86_64-linux-gnu.so
7eb3905a2000-7eb3905a7000 r--p 00000000 fc:00 35399553                   /home/henriqueramos_qs/meta-learning-concept-drift/.venv/lib/python3.12/site-packages/sklearn/cluster/_k_means_common.cpython-312-x86_64-linux-gnu.so
7eb3905a7000-7eb3905f0000 r-xp 00005000 fc:00 35399553                   /home/henriqueramos_qs/meta-learning-concept-drift/.venv/lib/python3.12/site-packages/sklearn/cluster/_k_means_common.cpython-312-x86_64-linux-gnu.so
7eb3905f0000-7eb3905f9000 r--p 0004e000 fc:00 35399553                   /home/henriqueramos_qs/meta-learning-concept-drift/.venv/lib/python3.12/site-packages/sklearn/cluster/_k_means_common.cpython-312-x86_64-linux-gnu.so
7eb3905f9000-7eb3905fa000 ---p 00057000 fc:00 35399553                   /home/henriqueramos_qs/meta-learning-concept-drift/.venv/lib/python3.12/site-packages/sklearn/cluster/_k_means_common.cpython-312-x86_64-linux-gnu.so
7eb3905fa000-7eb3905fb000 r--p 00057000 fc:00 35399553                   /home/henriqueramos_qs/meta-learning-concept-drift/.venv/lib/python3.12/site-packages/sklearn/cluster/_k_means_common.cpython-312-x86_64-linux-gnu.so
7eb3905fb000-7eb3905fd000 rw-p 00058000 fc:00 35399553                   /home/henriqueramos_qs/meta-learning-concept-drift/.venv/lib/python3.12/site-packages/sklearn/cluster/_k_means_common.cpython-312-x86_64-linux-gnu.so
7eb3905fd000-7eb390600000 rw-p 00062000 fc:00 35399553                   /home/henriqueramos_qs/meta-learning-concept-drift/.venv/lib/python3.12/site-packages/sklearn/cluster/_k_means_common.cpython-312-x86_64-linux-gnu.so
7eb390600000-7eb39063b000 r-xp 00000000 fc:00 34868032                   /home/henriqueramos_qs/meta-learning-concept-drift/.venv/lib/python3.12/site-packages/scipy.libs/libquadmath-96973f99.so.0.0.0
7eb39063b000-7eb39083a000 ---p 0003b000 fc:00 34868032                   /home/henriqueramos_qs/meta-learning-concept-drift/.venv/lib/python3.12/site-packages/scipy.libs/libquadmath-96973f99.so.0.0.0
7eb39083a000-7eb39083b000 r--p 0003a000 fc:00 34868032                   /home/henriqueramos_qs/meta-learning-concept-drift/.venv/lib/python3.12/site-packages/scipy.libs/libquadmath-96973f99.so.0.0.0
7eb39083b000-7eb39083d000 rw-p 0003b000 fc:00 34868032                   /home/henriqueramos_qs/meta-learning-concept-drift/.venv/lib/python3.12/site-packages/scipy.libs/libquadmath-96973f99.so.0.0.0
7eb390842000-7eb390846000 r--p 00000000 fc:00 35399560                   /home/henriqueramos_qs/meta-learning-concept-drift/.venv/lib/python3.12/site-packages/sklearn/cluster/_k_means_minibatch.cpython-312-x86_64-linux-gnu.so
7eb390846000-7eb390864000 r-xp 00004000 fc:00 35399560                   /home/henriqueramos_qs/meta-learning-concept-drift/.venv/lib/python3.12/site-packages/sklearn/cluster/_k_means_minibatch.cpython-312-x86_64-linux-gnu.so
7eb390864000-7eb39086a000 r--p 00022000 fc:00 35399560                   /home/henriqueramos_qs/meta-learning-concept-drift/.venv/lib/python3.12/site-packages/sklearn/cluster/_k_means_minibatch.cpython-312-x86_64-linux-gnu.so
7eb39086a000-7eb39086b000 r--p 00027000 fc:00 35399560                   /home/henriqueramos_qs/meta-learning-concept-drift/.venv/lib/python3.12/site-packages/sklearn/cluster/_k_means_minibatch.cpython-312-x86_64-linux-gnu.so
7eb39086b000-7eb39086c000 rw-p 00028000 fc:00 35399560                   /home/henriqueramos_qs/meta-learning-concept-drift/.venv/lib/python3.12/site-packages/sklearn/cluster/_k_means_minibatch.cpython-312-x86_64-linux-gnu.so
7eb39086c000-7eb39086d000 rw-p 00000000 00:00 0 
7eb39086d000-7eb390870000 rw-p 0002f000 fc:00 35399560                   /home/henriqueramos_qs/meta-learning-concept-drift/.venv/lib/python3.12/site-packages/sklearn/cluster/_k_means_minibatch.cpython-312-x86_64-linux-gnu.so
7eb390870000-7eb390877000 r--p 00000000 fc:00 35402728                   /home/henriqueramos_qs/meta-learning-concept-drift/.venv/lib/python3.12/site-packages/kiwisolver/_cext.cpython-312-x86_64-linux-gnu.so
7eb390877000-7eb39089b000 r-xp 00007000 fc:00 35402728                   /home/henriqueramos_qs/meta-learning-concept-drift/.venv/lib/python3.12/site-packages/kiwisolver/_cext.cpython-312-x86_64-linux-gnu.so
7eb39089b000-7eb3908a1000 r--p 0002b000 fc:00 35402728                   /home/henriqueramos_qs/meta-learning-concept-drift/.venv/lib/python3.12/site-packages/kiwisolver/_cext.cpython-312-x86_64-linux-gnu.so
7eb3908a1000-7eb3908a2000 r--p 00030000 fc:00 35402728                   /home/henriqueramos_qs/meta-learning-concept-drift/.venv/lib/python3.12/site-packages/kiwisolver/_cext.cpython-312-x86_64-linux-gnu.so
7eb3908a2000-7eb3908a3000 rw-p 00031000 fc:00 35402728                   /home/henriqueramos_qs/meta-learning-concept-drift/.venv/lib/python3.12/site-packages/kiwisolver/_cext.cpython-312-x86_64-linux-gnu.so
7eb3908a3000-7eb3909a4000 rw-p 00000000 00:00 0 
7eb3909a4000-7eb3909b3000 r--p 00000000 fc:00 34870561                   /home/henriqueramos_qs/meta-learning-concept-drift/.venv/lib/python3.12/site-packages/matplotlib/_path.cpython-312-x86_64-linux-gnu.so
7eb3909b3000-7eb3909ee000 r-xp 0000f000 fc:00 34870561                   /home/henriqueramos_qs/meta-learning-concept-drift/.venv/lib/python3.12/site-packages/matplotlib/_path.cpython-312-x86_64-linux-gnu.so
7eb3909ee000-7eb3909fc000 r--p 0004a000 fc:00 34870561                   /home/henriqueramos_qs/meta-learning-concept-drift/.venv/lib/python3.12/site-packages/matplotlib/_path.cpython-312-x86_64-linux-gnu.so
7eb3909fc000-7eb3909fd000 ---p 00058000 fc:00 34870561                   /home/henriqueramos_qs/meta-learning-concept-drift/.venv/lib/python3.12/site-packages/matplotlib/_path.cpython-312-x86_64-linux-gnu.so
7eb3909fd000-7eb3909fe000 r--p 00058000 fc:00 34870561                   /home/henriqueramos_qs/meta-learning-concept-drift/.venv/lib/python3.12/site-packages/matplotlib/_path.cpython-312-x86_64-linux-gnu.so
7eb3909fe000-7eb3909ff000 rw-p 00059000 fc:00 34870561                   /home/henriqueramos_qs/meta-learning-concept-drift/.venv/lib/python3.12/site-packages/matplotlib/_path.cpython-312-x86_64-linux-gnu.so
7eb3909ff000-7eb390a00000 rw-p 00000000 00:00 0 
7eb390a00000-7eb390c76000 r-xp 00000000 fc:00 34868034                   /home/henriqueramos_qs/meta-learning-concept-drift/.venv/lib/python3.12/site-packages/scipy.libs/libgfortran-040039e1.so.5.0.0
7eb390c76000-7eb390e75000 ---p 00276000 fc:00 34868034                   /home/henriqueramos_qs/meta-learning-concept-drift/.venv/lib/python3.12/site-packages/scipy.libs/libgfortran-040039e1.so.5.0.0
7eb390e75000-7eb390e76000 r--p 00275000 fc:00 34868034                   /home/henriqueramos_qs/meta-learning-concept-drift/.venv/lib/python3.12/site-packages/scipy.libs/libgfortran-040039e1.so.5.0.0
7eb390e76000-7eb390e78000 rw-p 00276000 fc:00 34868034                   /home/henriqueramos_qs/meta-learning-concept-drift/.venv/lib/python3.12/site-packages/scipy.libs/libgfortran-040039e1.so.5.0.0
7eb390e78000-7eb390e8d000 rw-p 0027b000 fc:00 34868034                   /home/henriqueramos_qs/meta-learning-concept-drift/.venv/lib/python3.12/site-packages/scipy.libs/libgfortran-040039e1.so.5.0.0
7eb390e92000-7eb390e97000 r--p 00000000 fc:00 35399550                   /home/henriqueramos_qs/meta-learning-concept-drift/.venv/lib/python3.12/site-packages/sklearn/cluster/_hierarchical_fast.cpython-312-x86_64-linux-gnu.so
7eb390e97000-7eb390eb2000 r-xp 00005000 fc:00 35399550                   /home/henriqueramos_qs/meta-learning-concept-drift/.venv/lib/python3.12/site-packages/sklearn/cluster/_hierarchical_fast.cpython-312-x86_64-linux-gnu.so
7eb390eb2000-7eb390eba000 r--p 00020000 fc:00 35399550                   /home/henriqueramos_qs/meta-learning-concept-drift/.venv/lib/python3.12/site-packages/sklearn/cluster/_hierarchical_fast.cpython-312-x86_64-linux-gnu.so
7eb390eba000-7eb390ebb000 ---p 00028000 fc:00 35399550                   /home/henriqueramos_qs/meta-learning-concept-drift/.venv/lib/python3.12/site-packages/sklearn/cluster/_hierarchical_fast.cpython-312-x86_64-linux-gnu.so
7eb390ebb000-7eb390ebc000 r--p 00028000 fc:00 35399550                   /home/henriqueramos_qs/meta-learning-concept-drift/.venv/lib/python3.12/site-packages/sklearn/cluster/_hierarchical_fast.cpython-312-x86_64-linux-gnu.so
7eb390ebc000-7eb390ebe000 rw-p 00029000 fc:00 35399550                   /home/henriqueramos_qs/meta-learning-concept-drift/.venv/lib/python3.12/site-packages/sklearn/cluster/_hierarchical_fast.cpython-312-x86_64-linux-gnu.so
7eb390ebe000-7eb390fbe000 rw-p 00000000 00:00 0 
7eb390fbe000-7eb390fc2000 r--p 00000000 fc:00 35402602                   /home/henriqueramos_qs/meta-learning-concept-drift/.venv/lib/python3.12/site-packages/pillow.libs/liblzma-64b7ab39.so.5.8.1
7eb390fc2000-7eb390fef000 r-xp 00004000 fc:00 35402602                   /home/henriqueramos_qs/meta-learning-concept-drift/.venv/lib/python3.12/site-packages/pillow.libs/liblzma-64b7ab39.so.5.8.1
7eb390fef000-7eb390ffc000 r--p 00031000 fc:00 35402602                   /home/henriqueramos_qs/meta-learning-concept-drift/.venv/lib/python3.12/site-packages/pillow.libs/liblzma-64b7ab39.so.5.8.1
7eb390ffc000-7eb390ffd000 r--p 0003e000 fc:00 35402602                   /home/henriqueramos_qs/meta-learning-concept-drift/.venv/lib/python3.12/site-packages/pillow.libs/liblzma-64b7ab39.so.5.8.1
7eb390ffd000-7eb391000000 rw-p 0003f000 fc:00 35402602                   /home/henriqueramos_qs/meta-learning-concept-drift/.venv/lib/python3.12/site-packages/pillow.libs/liblzma-64b7ab39.so.5.8.1
7eb391000000-7eb39103c000 r--p 00000000 fc:00 34868759                   /home/henriqueramos_qs/meta-learning-concept-drift/.venv/lib/python3.12/site-packages/scipy/linalg/_flapack.cpython-312-x86_64-linux-gnu.so
7eb39103c000-7eb391105000 r-xp 0003c000 fc:00 34868759                   /home/henriqueramos_qs/meta-learning-concept-drift/.venv/lib/python3.12/site-packages/scipy/linalg/_flapack.cpython-312-x86_64-linux-gnu.so
7eb391105000-7eb391181000 r--p 00105000 fc:00 34868759                   /home/henriqueramos_qs/meta-learning-concept-drift/.venv/lib/python3.12/site-packages/scipy/linalg/_flapack.cpython-312-x86_64-linux-gnu.so
7eb391181000-7eb391182000 ---p 00181000 fc:00 34868759                   /home/henriqueramos_qs/meta-learning-concept-drift/.venv/lib/python3.12/site-packages/scipy/linalg/_flapack.cpython-312-x86_64-linux-gnu.so
7eb391182000-7eb391183000 r--p 00181000 fc:00 34868759                   /home/henriqueramos_qs/meta-learning-concept-drift/.venv/lib/python3.12/site-packages/scipy/linalg/_flapack.cpython-312-x86_64-linux-gnu.so
7eb391183000-7eb39120f000 rw-p 00182000 fc:00 34868759                   /home/henriqueramos_qs/meta-learning-concept-drift/.venv/lib/python3.12/site-packages/scipy/linalg/_flapack.cpython-312-x86_64-linux-gnu.so
7eb39120f000-7eb391227000 rw-p 0023a000 fc:00 34868759                   /home/henriqueramos_qs/meta-learning-concept-drift/.venv/lib/python3.12/site-packages/scipy/linalg/_flapack.cpython-312-x86_64-linux-gnu.so
7eb39122e000-7eb391231000 r--p 00000000 fc:00 34869287                   /home/henriqueramos_qs/meta-learning-concept-drift/.venv/lib/python3.12/site-packages/scipy/io/matlab/_mio_utils.cpython-312-x86_64-linux-gnu.so
7eb391231000-7eb39123a000 r-xp 00003000 fc:00 34869287                   /home/henriqueramos_qs/meta-learning-concept-drift/.venv/lib/python3.12/site-packages/scipy/io/matlab/_mio_utils.cpython-312-x86_64-linux-gnu.so
7eb39123a000-7eb39123c000 r--p 0000c000 fc:00 34869287                   /home/henriqueramos_qs/meta-learning-concept-drift/.venv/lib/python3.12/site-packages/scipy/io/matlab/_mio_utils.cpython-312-x86_64-linux-gnu.so
7eb39123c000-7eb39123d000 ---p 0000e000 fc:00 34869287                   /home/henriqueramos_qs/meta-learning-concept-drift/.venv/lib/python3.12/site-packages/scipy/io/matlab/_mio_utils.cpython-312-x86_64-linux-gnu.so
7eb39123d000-7eb39123e000 r--p 0000e000 fc:00 34869287                   /home/henriqueramos_qs/meta-learning-concept-drift/.venv/lib/python3.12/site-packages/scipy/io/matlab/_mio_utils.cpython-312-x86_64-linux-gnu.so
7eb39123e000-7eb39123f000 rw-p 0000f000 fc:00 34869287                   /home/henriqueramos_qs/meta-learning-concept-drift/.venv/lib/python3.12/site-packages/scipy/io/matlab/_mio_utils.cpython-312-x86_64-linux-gnu.so
7eb39123f000-7eb391245000 r--p 00000000 fc:00 35402600                   /home/henriqueramos_qs/meta-learning-concept-drift/.venv/lib/python3.12/site-packages/pillow.libs/libjpeg-8a13c6e0.so.62.4.0
7eb391245000-7eb3912dc000 r-xp 00006000 fc:00 35402600                   /home/henriqueramos_qs/meta-learning-concept-drift/.venv/lib/python3.12/site-packages/pillow.libs/libjpeg-8a13c6e0.so.62.4.0
7eb3912dc000-7eb391305000 r--p 0009d000 fc:00 35402600                   /home/henriqueramos_qs/meta-learning-concept-drift/.venv/lib/python3.12/site-packages/pillow.libs/libjpeg-8a13c6e0.so.62.4.0
7eb391305000-7eb391306000 r--p 000c6000 fc:00 35402600                   /home/henriqueramos_qs/meta-learning-concept-drift/.venv/lib/python3.12/site-packages/pillow.libs/libjpeg-8a13c6e0.so.62.4.0
7eb391306000-7eb39130b000 rw-p 000c7000 fc:00 35402600                   /home/henriqueramos_qs/meta-learning-concept-drift/.venv/lib/python3.12/site-packages/pillow.libs/libjpeg-8a13c6e0.so.62.4.0
7eb39130b000-7eb391313000 r--p 00000000 fc:00 35402606                   /home/henriqueramos_qs/meta-learning-concept-drift/.venv/lib/python3.12/site-packages/pillow.libs/libtiff-13a02c81.so.6.1.0
7eb391313000-7eb391386000 r-xp 00008000 fc:00 35402606                   /home/henriqueramos_qs/meta-learning-concept-drift/.venv/lib/python3.12/site-packages/pillow.libs/libtiff-13a02c81.so.6.1.0
7eb391386000-7eb3913b8000 r--p 0007b000 fc:00 35402606                   /home/henriqueramos_qs/meta-learning-concept-drift/.venv/lib/python3.12/site-packages/pillow.libs/libtiff-13a02c81.so.6.1.0
7eb3913b8000-7eb3913bc000 r--p 000ad000 fc:00 35402606                   /home/henriqueramos_qs/meta-learning-concept-drift/.venv/lib/python3.12/site-packages/pillow.libs/libtiff-13a02c81.so.6.1.0
7eb3913bc000-7eb3913bd000 rw-p 000b1000 fc:00 35402606                   /home/henriqueramos_qs/meta-learning-concept-drift/.venv/lib/python3.12/site-packages/pillow.libs/libtiff-13a02c81.so.6.1.0
7eb3913bd000-7eb3913c1000 rw-p 000b3000 fc:00 35402606                   /home/henriqueramos_qs/meta-learning-concept-drift/.venv/lib/python3.12/site-packages/pillow.libs/libtiff-13a02c81.so.6.1.0
7eb3913c1000-7eb3913c2000 ---p 00000000 00:00 0 
7eb3913c2000-7eb391bc2000 rw-p 00000000 00:00 0 
7eb391bc2000-7eb391bc3000 ---p 00000000 00:00 0 
7eb391bc3000-7eb3923c3000 rw-p 00000000 00:00 0 
7eb3923c3000-7eb3923c4000 ---p 00000000 00:00 0 
7eb3923c4000-7eb392bc4000 rw-p 00000000 00:00 0 
7eb392bc4000-7eb392bc5000 ---p 00000000 00:00 0 
7eb392bc5000-7eb3933c5000 rw-p 00000000 00:00 0 
7eb3933c5000-7eb3933c6000 ---p 00000000 00:00 0 
7eb3933c6000-7eb393bc6000 rw-p 00000000 00:00 0 
7eb393bc6000-7eb393bc7000 ---p 00000000 00:00 0 
7eb393bc7000-7eb3943c7000 rw-p 00000000 00:00 0 
7eb3943c7000-7eb3943c8000 ---p 00000000 00:00 0 
7eb3943c8000-7eb394bc8000 rw-p 00000000 00:00 0 
7eb394bc8000-7eb394bc9000 ---p 00000000 00:00 0 
7eb394bc9000-7eb3953c9000 rw-p 00000000 00:00 0 
7eb3953c9000-7eb3953ca000 ---p 00000000 00:00 0 
7eb3953ca000-7eb395bca000 rw-p 00000000 00:00 0 
7eb395bca000-7eb395bcb000 ---p 00000000 00:00 0 
7eb395bcb000-7eb3963cb000 rw-p 00000000 00:00 0 
7eb3963cb000-7eb3963cc000 ---p 00000000 00:00 0 
7eb3963cc000-7eb396bcc000 rw-p 00000000 00:00 0 
7eb396bcc000-7eb396bcd000 ---p 00000000 00:00 0 
7eb396bcd000-7eb3973cd000 rw-p 00000000 00:00 0 
7eb3973cd000-7eb3973ce000 ---p 00000000 00:00 0 
7eb3973ce000-7eb397bce000 rw-p 00000000 00:00 0 
7eb397bce000-7eb397bcf000 ---p 00000000 00:00 0 
7eb397bcf000-7eb3983cf000 rw-p 00000000 00:00 0 
7eb3983cf000-7eb3983d0000 ---p 00000000 00:00 0 
7eb3983d0000-7eb398bd0000 rw-p 00000000 00:00 0 
7eb398bd0000-7eb398bd1000 ---p 00000000 00:00 0 
7eb398bd1000-7eb3993d1000 rw-p 00000000 00:00 0 
7eb3993d1000-7eb3993d2000 ---p 00000000 00:00 0 
7eb3993d2000-7eb399bd2000 rw-p 00000000 00:00 0 
7eb399bd2000-7eb399bd3000 ---p 00000000 00:00 0 
7eb399bd3000-7eb39a3d3000 rw-p 00000000 00:00 0 
7eb39a3d3000-7eb39a3d4000 ---p 00000000 00:00 0 
7eb39a3d4000-7eb39abd4000 rw-p 00000000 00:00 0 
7eb39abd4000-7eb39abd5000 ---p 00000000 00:00 0 
7eb39abd5000-7eb39b3d5000 rw-p 00000000 00:00 0 
7eb39b3d5000-7eb39b3d6000 ---p 00000000 00:00 0 
7eb39b3d6000-7eb39bbd6000 rw-p 00000000 00:00 0 
7eb39bbd6000-7eb39bbd7000 ---p 00000000 00:00 0 
7eb39bbd7000-7eb39c3d7000 rw-p 00000000 00:00 0 
7eb39c3d7000-7eb39c3d8000 ---p 00000000 00:00 0 
7eb39c3d8000-7eb39cbd8000 rw-p 00000000 00:00 0 
7eb39cbd8000-7eb39cbd9000 ---p 00000000 00:00 0 
7eb39cbd9000-7eb39d3d9000 rw-p 00000000 00:00 0 
7eb39d3d9000-7eb39d3da000 ---p 00000000 00:00 0 
7eb39d3da000-7eb39dbda000 rw-p 00000000 00:00 0 
7eb39dbda000-7eb39dbdb000 ---p 00000000 00:00 0 
7eb39dbdb000-7eb39e3db000 rw-p 00000000 00:00 0 
7eb39e3db000-7eb39e3dc000 ---p 00000000 00:00 0 
7eb39e3dc000-7eb39ebdc000 rw-p 00000000 00:00 0 
7eb39ebdc000-7eb39ebdd000 ---p 00000000 00:00 0 
7eb39ebdd000-7eb39f3dd000 rw-p 00000000 00:00 0 
7eb39f3dd000-7eb39f3de000 ---p 00000000 00:00 0 
7eb39f3de000-7eb39fbde000 rw-p 00000000 00:00 0 
7eb39fbde000-7eb39fbdf000 ---p 00000000 00:00 0 
7eb39fbdf000-7eb3a03df000 rw-p 00000000 00:00 0 
7eb3a03df000-7eb3a03e0000 ---p 00000000 00:00 0 
7eb3a03e0000-7eb3a0be0000 rw-p 00000000 00:00 0 
7eb3a0be0000-7eb3a0be1000 ---p 00000000 00:00 0 
7eb3a0be1000-7eb3a13e1000 rw-p 00000000 00:00 0 
7eb3a13e1000-7eb3a13e2000 ---p 00000000 00:00 0 
7eb3a13e2000-7eb3a1be2000 rw-p 00000000 00:00 0 
7eb3a1be2000-7eb3a1be3000 ---p 00000000 00:00 0 
7eb3a1be3000-7eb3a23e3000 rw-p 00000000 00:00 0 
7eb3a23e3000-7eb3a23e4000 ---p 00000000 00:00 0 
7eb3a23e4000-7eb3a2be4000 rw-p 00000000 00:00 0 
7eb3a2be4000-7eb3a2be5000 ---p 00000000 00:00 0 
7eb3a2be5000-7eb3a33e5000 rw-p 00000000 00:00 0 
7eb3a33e5000-7eb3a33e6000 ---p 00000000 00:00 0 
7eb3a33e6000-7eb3a3be6000 rw-p 00000000 00:00 0 
7eb3a3be6000-7eb3a3be7000 ---p 00000000 00:00 0 
7eb3a3be7000-7eb3a43e7000 rw-p 00000000 00:00 0 
7eb3a43e7000-7eb3a43e8000 ---p 00000000 00:00 0 
7eb3a43e8000-7eb3a4be8000 rw-p 00000000 00:00 0 
7eb3a4be8000-7eb3a4be9000 ---p 00000000 00:00 0 
7eb3a4be9000-7eb3a53e9000 rw-p 00000000 00:00 0 
7eb3a53e9000-7eb3a53ea000 ---p 00000000 00:00 0 
7eb3a53ea000-7eb3a5bea000 rw-p 00000000 00:00 0 
7eb3a5bea000-7eb3a5beb000 ---p 00000000 00:00 0 
7eb3a5beb000-7eb3a63eb000 rw-p 00000000 00:00 0 
7eb3a63eb000-7eb3a63ec000 ---p 00000000 00:00 0 
7eb3a63ec000-7eb3a6bec000 rw-p 00000000 00:00 0 
7eb3a6bec000-7eb3a6bed000 ---p 00000000 00:00 0 
7eb3a6bed000-7eb3a73ed000 rw-p 00000000 00:00 0 
7eb3a73ed000-7eb3a73ee000 ---p 00000000 00:00 0 
7eb3a73ee000-7eb3a7bee000 rw-p 00000000 00:00 0 
7eb3a7bee000-7eb3a7bef000 ---p 00000000 00:00 0 
7eb3a7bef000-7eb3a83ef000 rw-p 00000000 00:00 0 
7eb3a83ef000-7eb3a83f0000 ---p 00000000 00:00 0 
7eb3a83f0000-7eb3a8bf0000 rw-p 00000000 00:00 0 
7eb3a8bf0000-7eb3a8bf1000 ---p 00000000 00:00 0 
7eb3a8bf1000-7eb3a93f1000 rw-p 00000000 00:00 0 
7eb3a93f1000-7eb3a93f2000 ---p 00000000 00:00 0 
7eb3a93f2000-7eb3a9bf2000 rw-p 00000000 00:00 0 
7eb3a9bf2000-7eb3a9bf3000 ---p 00000000 00:00 0 
7eb3a9bf3000-7eb3aa3f3000 rw-p 00000000 00:00 0 
7eb3aa3f3000-7eb3aa3f4000 ---p 00000000 00:00 0 
7eb3aa3f4000-7eb3aabf4000 rw-p 00000000 00:00 0 
7eb3aabf4000-7eb3aabf5000 ---p 00000000 00:00 0 
7eb3aabf5000-7eb3ab3f5000 rw-p 00000000 00:00 0 
7eb3ab3f5000-7eb3ab3f6000 ---p 00000000 00:00 0 
7eb3ab3f6000-7eb3abbf6000 rw-p 00000000 00:00 0 
7eb3abbf6000-7eb3abbf7000 ---p 00000000 00:00 0 
7eb3abbf7000-7eb3ac3f7000 rw-p 00000000 00:00 0 
7eb3ac3f7000-7eb3ac3f8000 ---p 00000000 00:00 0 
7eb3ac3f8000-7eb3acbf8000 rw-p 00000000 00:00 0 
7eb3acbf8000-7eb3acbf9000 ---p 00000000 00:00 0 
7eb3acbf9000-7eb3ad3f9000 rw-p 00000000 00:00 0 
7eb3ad3f9000-7eb3ad3fa000 ---p 00000000 00:00 0 
7eb3ad3fa000-7eb3adbfa000 rw-p 00000000 00:00 0 
7eb3adbfa000-7eb3adbfb000 ---p 00000000 00:00 0 
7eb3adbfb000-7eb3ae3fb000 rw-p 00000000 00:00 0 
7eb3ae3fb000-7eb3ae3fc000 ---p 00000000 00:00 0 
7eb3ae3fc000-7eb3aebfc000 rw-p 00000000 00:00 0 
7eb3aebfc000-7eb3aebfd000 ---p 00000000 00:00 0 
7eb3aebfd000-7eb3af3fd000 rw-p 00000000 00:00 0 
7eb3af3fd000-7eb3af3fe000 ---p 00000000 00:00 0 
7eb3af3fe000-7eb3afbfe000 rw-p 00000000 00:00 0 
7eb3afbfe000-7eb3afbff000 ---p 00000000 00:00 0 
7eb3afbff000-7eb3b03ff000 rw-p 00000000 00:00 0 
7eb3b03ff000-7eb3b0400000 ---p 00000000 00:00 0 
7eb3b0400000-7eb3b0c00000 rw-p 00000000 00:00 0 
7eb3b0c00000-7eb430c00000 rw-p 00000000 00:00 0 
7eb430c00000-7eb430d0e000 r--p 00000000 fc:00 34868036                   /home/henriqueramos_qs/meta-learning-concept-drift/.venv/lib/python3.12/site-packages/scipy.libs/libscipy_openblas-c128ec02.so
7eb430d0e000-7eb430d16000 r-xp 0010e000 fc:00 34868036                   /home/henriqueramos_qs/meta-learning-concept-drift/.venv/lib/python3.12/site-packages/scipy.libs/libscipy_openblas-c128ec02.so
7eb430d16000-7eb430d18000 ---p 00116000 fc:00 34868036                   /home/henriqueramos_qs/meta-learning-concept-drift/.venv/lib/python3.12/site-packages/scipy.libs/libscipy_openblas-c128ec02.so
7eb430d18000-7eb43298f000 r-xp 00118000 fc:00 34868036                   /home/henriqueramos_qs/meta-learning-concept-drift/.venv/lib/python3.12/site-packages/scipy.libs/libscipy_openblas-c128ec02.so
7eb43298f000-7eb432b9c000 r--p 01d8f000 fc:00 34868036                   /home/henriqueramos_qs/meta-learning-concept-drift/.venv/lib/python3.12/site-packages/scipy.libs/libscipy_openblas-c128ec02.so
7eb432b9c000-7eb432b9d000 ---p 01f9c000 fc:00 34868036                   /home/henriqueramos_qs/meta-learning-concept-drift/.venv/lib/python3.12/site-packages/scipy.libs/libscipy_openblas-c128ec02.so
7eb432b9d000-7eb432ba3000 r--p 01f9c000 fc:00 34868036                   /home/henriqueramos_qs/meta-learning-concept-drift/.venv/lib/python3.12/site-packages/scipy.libs/libscipy_openblas-c128ec02.so
7eb432ba3000-7eb432bb9000 rw-p 01fa2000 fc:00 34868036                   /home/henriqueramos_qs/meta-learning-concept-drift/.venv/lib/python3.12/site-packages/scipy.libs/libscipy_openblas-c128ec02.so
7eb432bb9000-7eb432bc5000 rw-p 00000000 00:00 0 
7eb432bc5000-7eb432d5e000 rw-p 020cb000 fc:00 34868036                   /home/henriqueramos_qs/meta-learning-concept-drift/.venv/lib/python3.12/site-packages/scipy.libs/libscipy_openblas-c128ec02.so
7eb432d61000-7eb432d64000 r--p 00000000 fc:00 34869029                   /home/henriqueramos_qs/meta-learning-concept-drift/.venv/lib/python3.12/site-packages/scipy/signal/_spectral.cpython-312-x86_64-linux-gnu.so
7eb432d64000-7eb432d6c000 r-xp 00003000 fc:00 34869029                   /home/henriqueramos_qs/meta-learning-concept-drift/.venv/lib/python3.12/site-packages/scipy/signal/_spectral.cpython-312-x86_64-linux-gnu.so
7eb432d6c000-7eb432d6f000 r--p 0000b000 fc:00 34869029                   /home/henriqueramos_qs/meta-learning-concept-drift/.venv/lib/python3.12/site-packages/scipy/signal/_spectral.cpython-312-x86_64-linux-gnu.so
7eb432d6f000-7eb432d70000 r--p 0000d000 fc:00 34869029                   /home/henriqueramos_qs/meta-learning-concept-drift/.venv/lib/python3.12/site-packages/scipy/signal/_spectral.cpython-312-x86_64-linux-gnu.so
7eb432d70000-7eb432d71000 rw-p 0000e000 fc:00 34869029                   /home/henriqueramos_qs/meta-learning-concept-drift/.venv/lib/python3.12/site-packages/scipy/signal/_spectral.cpython-312-x86_64-linux-gnu.so
7eb432d71000-7eb432d79000 r--p 00000000 fc:00 35402603                   /home/henriqueramos_qs/meta-learning-concept-drift/.venv/lib/python3.12/site-packages/pillow.libs/libopenjp2-56811f71.so.2.5.3
7eb432d79000-7eb432de8000 r-xp 00008000 fc:00 35402603                   /home/henriqueramos_qs/meta-learning-concept-drift/.venv/lib/python3.12/site-packages/pillow.libs/libopenjp2-56811f71.so.2.5.3
7eb432de8000-7eb432dfb000 r--p 00077000 fc:00 35402603                   /home/henriqueramos_qs/meta-learning-concept-drift/.venv/lib/python3.12/site-packages/pillow.libs/libopenjp2-56811f71.so.2.5.3
7eb432dfb000-7eb432dfc000 r--p 0008a000 fc:00 35402603                   /home/henriqueramos_qs/meta-learning-concept-drift/.venv/lib/python3.12/site-packages/pillow.libs/libopenjp2-56811f71.so.2.5.3
7eb432dfc000-7eb432dfd000 rw-p 0008b000 fc:00 35402603                   /home/henriqueramos_qs/meta-learning-concept-drift/.venv/lib/python3.12/site-packages/pillow.libs/libopenjp2-56811f71.so.2.5.3
7eb432dfd000-7eb432e00000 rw-p 0008d000 fc:00 35402603                   /home/henriqueramos_qs/meta-learning-concept-drift/.venv/lib/python3.12/site-packages/pillow.libs/libopenjp2-56811f71.so.2.5.3
7eb432e00000-7eb432e03000 r--p 00000000 fc:00 34868078                   /home/henriqueramos_qs/meta-learning-concept-drift/.venv/lib/python3.12/site-packages/scipy/sparse/_sparsetools.cpython-312-x86_64-linux-gnu.so
7eb432e03000-7eb4331a5000 r-xp 00003000 fc:00 34868078                   /home/henriqueramos_qs/meta-learning-concept-drift/.venv/lib/python3.12/site-packages/scipy/sparse/_sparsetools.cpython-312-x86_64-linux-gnu.so
7eb4331a5000-7eb4331f6000 r--p 003a5000 fc:00 34868078                   /home/henriqueramos_qs/meta-learning-concept-drift/.venv/lib/python3.12/site-packages/scipy/sparse/_sparsetools.cpython-312-x86_64-linux-gnu.so
7eb4331f6000-7eb4331f7000 r--p 003f5000 fc:00 34868078                   /home/henriqueramos_qs/meta-learning-concept-drift/.venv/lib/python3.12/site-packages/scipy/sparse/_sparsetools.cpython-312-x86_64-linux-gnu.so
7eb4331f7000-7eb4331f8000 rw-p 003f6000 fc:00 34868078                   /home/henriqueramos_qs/meta-learning-concept-drift/.venv/lib/python3.12/site-packages/scipy/sparse/_sparsetools.cpython-312-x86_64-linux-gnu.so
7eb433200000-7eb43320b000 r--p 00000000 fc:00 35393363                   /home/henriqueramos_qs/meta-learning-concept-drift/.venv/lib/python3.12/site-packages/pandas/_libs/groupby.cpython-312-x86_64-linux-gnu.so
7eb43320b000-7eb433466000 r-xp 0000b000 fc:00 35393363                   /home/henriqueramos_qs/meta-learning-concept-drift/.venv/lib/python3.12/site-packages/pandas/_libs/groupby.cpython-312-x86_64-linux-gnu.so
7eb433466000-7eb43348b000 r--p 00266000 fc:00 35393363                   /home/henriqueramos_qs/meta-learning-concept-drift/.venv/lib/python3.12/site-packages/pandas/_libs/groupby.cpython-312-x86_64-linux-gnu.so
7eb43348b000-7eb43348c000 ---p 0028b000 fc:00 35393363                   /home/henriqueramos_qs/meta-learning-concept-drift/.venv/lib/python3.12/site-packages/pandas/_libs/groupby.cpython-312-x86_64-linux-gnu.so
7eb43348c000-7eb43348f000 r--p 0028b000 fc:00 35393363                   /home/henriqueramos_qs/meta-learning-concept-drift/.venv/lib/python3.12/site-packages/pandas/_libs/groupby.cpython-312-x86_64-linux-gnu.so
7eb43348f000-7eb433495000 rw-p 0028e000 fc:00 35393363                   /home/henriqueramos_qs/meta-learning-concept-drift/.venv/lib/python3.12/site-packages/pandas/_libs/groupby.cpython-312-x86_64-linux-gnu.so
7eb433495000-7eb433498000 rw-p 00000000 00:00 0 
7eb4334a3000-7eb4334a7000 r--p 00000000 fc:00 35399569                   /home/henriqueramos_qs/meta-learning-concept-drift/.venv/lib/python3.12/site-packages/sklearn/cluster/_hdbscan/_linkage.cpython-312-x86_64-linux-gnu.so
7eb4334a7000-7eb4334ba000 r-xp 00004000 fc:00 35399569                   /home/henriqueramos_qs/meta-learning-concept-drift/.venv/lib/python3.12/site-packages/sklearn/cluster/_hdbscan/_linkage.cpython-312-x86_64-linux-gnu.so
7eb4334ba000-7eb4334bf000 r--p 00017000 fc:00 35399569                   /home/henriqueramos_qs/meta-learning-concept-drift/.venv/lib/python3.12/site-packages/sklearn/cluster/_hdbscan/_linkage.cpython-312-x86_64-linux-gnu.so
7eb4334bf000-7eb4334c0000 ---p 0001c000 fc:00 35399569                   /home/henriqueramos_qs/meta-learning-concept-drift/.venv/lib/python3.12/site-packages/sklearn/cluster/_hdbscan/_linkage.cpython-312-x86_64-linux-gnu.so
7eb4334c0000-7eb4334c1000 r--p 0001c000 fc:00 35399569                   /home/henriqueramos_qs/meta-learning-concept-drift/.venv/lib/python3.12/site-packages/sklearn/cluster/_hdbscan/_linkage.cpython-312-x86_64-linux-gnu.so
7eb4334c1000-7eb4334c2000 rw-p 0001d000 fc:00 35399569                   /home/henriqueramos_qs/meta-learning-concept-drift/.venv/lib/python3.12/site-packages/sklearn/cluster/_hdbscan/_linkage.cpython-312-x86_64-linux-gnu.so
7eb4334c2000-7eb4334ce000 r--p 00000000 fc:00 35402610                   /home/henriqueramos_qs/meta-learning-concept-drift/.venv/lib/python3.12/site-packages/pillow.libs/libxcb-64009ff3.so.1.1.0
7eb4334ce000-7eb4334e9000 r-xp 0000c000 fc:00 35402610                   /home/henriqueramos_qs/meta-learning-concept-drift/.venv/lib/python3.12/site-packages/pillow.libs/libxcb-64009ff3.so.1.1.0
7eb4334e9000-7eb4334f3000 r--p 00027000 fc:00 35402610                   /home/henriqueramos_qs/meta-learning-concept-drift/.venv/lib/python3.12/site-packages/pillow.libs/libxcb-64009ff3.so.1.1.0
7eb4334f3000-7eb4334f4000 r--p 00030000 fc:00 35402610                   /home/henriqueramos_qs/meta-learning-concept-drift/.venv/lib/python3.12/site-packages/pillow.libs/libxcb-64009ff3.so.1.1.0
7eb4334f4000-7eb4334f5000 rw-p 00031000 fc:00 35402610                   /home/henriqueramos_qs/meta-learning-concept-drift/.venv/lib/python3.12/site-packages/pillow.libs/libxcb-64009ff3.so.1.1.0
7eb4334f5000-7eb433500000 rw-p 00033000 fc:00 35402610                   /home/henriqueramos_qs/meta-learning-concept-drift/.venv/lib/python3.12/site-packages/pillow.libs/libxcb-64009ff3.so.1.1.0
7eb433500000-7eb433600000 rw-p 00000000 00:00 0 
7eb433600000-7eb433614000 r--p 00000000 fc:00 35393367                   /home/henriqueramos_qs/meta-learning-concept-drift/.venv/lib/python3.12/site-packages/pandas/_libs/hashtable.cpython-312-x86_64-linux-gnu.so
7eb433614000-7eb4337be000 r-xp 00014000 fc:00 35393367                   /home/henriqueramos_qs/meta-learning-concept-drift/.venv/lib/python3.12/site-packages/pandas/_libs/hashtable.cpython-312-x86_64-linux-gnu.so
7eb4337be000-7eb4337fb000 r--p 001be000 fc:00 35393367                   /home/henriqueramos_qs/meta-learning-concept-drift/.venv/lib/python3.12/site-packages/pandas/_libs/hashtable.cpython-312-x86_64-linux-gnu.so
7eb4337fb000-7eb4337fc000 ---p 001fb000 fc:00 35393367                   /home/henriqueramos_qs/meta-learning-concept-drift/.venv/lib/python3.12/site-packages/pandas/_libs/hashtable.cpython-312-x86_64-linux-gnu.so
7eb4337fc000-7eb433800000 r--p 001fb000 fc:00 35393367                   /home/henriqueramos_qs/meta-learning-concept-drift/.venv/lib/python3.12/site-packages/pandas/_libs/hashtable.cpython-312-x86_64-linux-gnu.so
7eb433800000-7eb43380d000 rw-p 001ff000 fc:00 35393367                   /home/henriqueramos_qs/meta-learning-concept-drift/.venv/lib/python3.12/site-packages/pandas/_libs/hashtable.cpython-312-x86_64-linux-gnu.so
7eb43380d000-7eb433813000 rw-p 00000000 00:00 0 
7eb433813000-7eb433816000 r--p 00000000 08:05 8922095                    /usr/lib/jvm/java-21-openjdk-amd64/lib/libnet.so
7eb433816000-7eb43381e000 r-xp 00003000 08:05 8922095                    /usr/lib/jvm/java-21-openjdk-amd64/lib/libnet.so
7eb43381e000-7eb433820000 r--p 0000b000 08:05 8922095                    /usr/lib/jvm/java-21-openjdk-amd64/lib/libnet.so
7eb433820000-7eb433821000 r--p 0000c000 08:05 8922095                    /usr/lib/jvm/java-21-openjdk-amd64/lib/libnet.so
7eb433821000-7eb433822000 rw-p 0000d000 08:05 8922095                    /usr/lib/jvm/java-21-openjdk-amd64/lib/libnet.so
7eb433822000-7eb433827000 r--p 00000000 fc:00 35400428                   /home/henriqueramos_qs/meta-learning-concept-drift/.venv/lib/python3.12/site-packages/sklearn/utils/_fast_dict.cpython-312-x86_64-linux-gnu.so
7eb433827000-7eb43383b000 r-xp 00005000 fc:00 35400428                   /home/henriqueramos_qs/meta-learning-concept-drift/.venv/lib/python3.12/site-packages/sklearn/utils/_fast_dict.cpython-312-x86_64-linux-gnu.so
7eb43383b000-7eb433841000 r--p 00019000 fc:00 35400428                   /home/henriqueramos_qs/meta-learning-concept-drift/.venv/lib/python3.12/site-packages/sklearn/utils/_fast_dict.cpython-312-x86_64-linux-gnu.so
7eb433841000-7eb433842000 ---p 0001f000 fc:00 35400428                   /home/henriqueramos_qs/meta-learning-concept-drift/.venv/lib/python3.12/site-packages/sklearn/utils/_fast_dict.cpython-312-x86_64-linux-gnu.so
7eb433842000-7eb433843000 r--p 0001f000 fc:00 35400428                   /home/henriqueramos_qs/meta-learning-concept-drift/.venv/lib/python3.12/site-packages/sklearn/utils/_fast_dict.cpython-312-x86_64-linux-gnu.so
7eb433843000-7eb433845000 rw-p 00020000 fc:00 35400428                   /home/henriqueramos_qs/meta-learning-concept-drift/.venv/lib/python3.12/site-packages/sklearn/utils/_fast_dict.cpython-312-x86_64-linux-gnu.so
7eb433845000-7eb433859000 r--p 00000000 fc:00 35402572                   /home/henriqueramos_qs/meta-learning-concept-drift/.venv/lib/python3.12/site-packages/PIL/_imaging.cpython-312-x86_64-linux-gnu.so
7eb433859000-7eb4338e0000 r-xp 00014000 fc:00 35402572                   /home/henriqueramos_qs/meta-learning-concept-drift/.venv/lib/python3.12/site-packages/PIL/_imaging.cpython-312-x86_64-linux-gnu.so
7eb4338e0000-7eb4338f1000 r--p 0009b000 fc:00 35402572                   /home/henriqueramos_qs/meta-learning-concept-drift/.venv/lib/python3.12/site-packages/PIL/_imaging.cpython-312-x86_64-linux-gnu.so
7eb4338f1000-7eb4338f5000 r--p 000ac000 fc:00 35402572                   /home/henriqueramos_qs/meta-learning-concept-drift/.venv/lib/python3.12/site-packages/PIL/_imaging.cpython-312-x86_64-linux-gnu.so
7eb4338f5000-7eb4338f9000 rw-p 000b0000 fc:00 35402572                   /home/henriqueramos_qs/meta-learning-concept-drift/.venv/lib/python3.12/site-packages/PIL/_imaging.cpython-312-x86_64-linux-gnu.so
7eb4338f9000-7eb433900000 rw-p 00333000 fc:00 35402572                   /home/henriqueramos_qs/meta-learning-concept-drift/.venv/lib/python3.12/site-packages/PIL/_imaging.cpython-312-x86_64-linux-gnu.so
7eb433900000-7eb433a00000 rw-p 00000000 00:00 0 
7eb433a00000-7eb433ab3000 r--p 00000000 08:05 8392058                    /usr/lib/x86_64-linux-gnu/libcrypto.so.3
7eb433ab3000-7eb433de6000 r-xp 000b3000 08:05 8392058                    /usr/lib/x86_64-linux-gnu/libcrypto.so.3
7eb433de6000-7eb433eb1000 r--p 003e6000 08:05 8392058                    /usr/lib/x86_64-linux-gnu/libcrypto.so.3
7eb433eb1000-7eb433f0d000 r--p 004b0000 08:05 8392058                    /usr/lib/x86_64-linux-gnu/libcrypto.so.3
7eb433f0d000-7eb433f10000 rw-p 0050c000 08:05 8392058                    /usr/lib/x86_64-linux-gnu/libcrypto.so.3
7eb433f10000-7eb433f13000 rw-p 00000000 00:00 0 
7eb433f15000-7eb433f16000 r--p 00000000 fc:00 34869030                   /home/henriqueramos_qs/meta-learning-concept-drift/.venv/lib/python3.12/site-packages/scipy/signal/_spline.cpython-312-x86_64-linux-gnu.so
7eb433f16000-7eb433f25000 r-xp 00001000 fc:00 34869030                   /home/henriqueramos_qs/meta-learning-concept-drift/.venv/lib/python3.12/site-packages/scipy/signal/_spline.cpython-312-x86_64-linux-gnu.so
7eb433f25000-7eb433f27000 r--p 00010000 fc:00 34869030                   /home/henriqueramos_qs/meta-learning-concept-drift/.venv/lib/python3.12/site-packages/scipy/signal/_spline.cpython-312-x86_64-linux-gnu.so
7eb433f27000-7eb433f28000 r--p 00011000 fc:00 34869030                   /home/henriqueramos_qs/meta-learning-concept-drift/.venv/lib/python3.12/site-packages/scipy/signal/_spline.cpython-312-x86_64-linux-gnu.so
7eb433f28000-7eb433f2a000 rw-p 00012000 fc:00 34869030                   /home/henriqueramos_qs/meta-learning-concept-drift/.venv/lib/python3.12/site-packages/scipy/signal/_spline.cpython-312-x86_64-linux-gnu.so
7eb433f2a000-7eb433f37000 r--p 00000000 fc:00 34870579                   /home/henriqueramos_qs/meta-learning-concept-drift/.venv/lib/python3.12/site-packages/matplotlib/_c_internal_utils.cpython-312-x86_64-linux-gnu.so
7eb433f37000-7eb433f4e000 r-xp 0000d000 fc:00 34870579                   /home/henriqueramos_qs/meta-learning-concept-drift/.venv/lib/python3.12/site-packages/matplotlib/_c_internal_utils.cpython-312-x86_64-linux-gnu.so
7eb433f4e000-7eb433f56000 r--p 00024000 fc:00 34870579                   /home/henriqueramos_qs/meta-learning-concept-drift/.venv/lib/python3.12/site-packages/matplotlib/_c_internal_utils.cpython-312-x86_64-linux-gnu.so
7eb433f56000-7eb433f57000 ---p 0002c000 fc:00 34870579                   /home/henriqueramos_qs/meta-learning-concept-drift/.venv/lib/python3.12/site-packages/matplotlib/_c_internal_utils.cpython-312-x86_64-linux-gnu.so
7eb433f57000-7eb433f58000 r--p 0002c000 fc:00 34870579                   /home/henriqueramos_qs/meta-learning-concept-drift/.venv/lib/python3.12/site-packages/matplotlib/_c_internal_utils.cpython-312-x86_64-linux-gnu.so
7eb433f58000-7eb433f59000 rw-p 0002d000 fc:00 34870579                   /home/henriqueramos_qs/meta-learning-concept-drift/.venv/lib/python3.12/site-packages/matplotlib/_c_internal_utils.cpython-312-x86_64-linux-gnu.so
7eb433f59000-7eb433f64000 r--p 00000000 08:05 8398478                    /usr/lib/x86_64-linux-gnu/libgomp.so.1.0.0
7eb433f64000-7eb433fa0000 r-xp 0000b000 08:05 8398478                    /usr/lib/x86_64-linux-gnu/libgomp.so.1.0.0
7eb433fa0000-7eb433fad000 r--p 00047000 08:05 8398478                    /usr/lib/x86_64-linux-gnu/libgomp.so.1.0.0
7eb433fad000-7eb433fae000 r--p 00054000 08:05 8398478                    /usr/lib/x86_64-linux-gnu/libgomp.so.1.0.0
7eb433fae000-7eb433faf000 rw-p 00055000 08:05 8398478                    /usr/lib/x86_64-linux-gnu/libgomp.so.1.0.0
7eb433fb6000-7eb433fb9000 r--p 00000000 fc:00 34869040                   /home/henriqueramos_qs/meta-learning-concept-drift/.venv/lib/python3.12/site-packages/scipy/signal/_max_len_seq_inner.cpython-312-x86_64-linux-gnu.so
7eb433fb9000-7eb433fc1000 r-xp 00003000 fc:00 34869040                   /home/henriqueramos_qs/meta-learning-concept-drift/.venv/lib/python3.12/site-packages/scipy/signal/_max_len_seq_inner.cpython-312-x86_64-linux-gnu.so
7eb433fc1000-7eb433fc4000 r--p 0000b000 fc:00 34869040                   /home/henriqueramos_qs/meta-learning-concept-drift/.venv/lib/python3.12/site-packages/scipy/signal/_max_len_seq_inner.cpython-312-x86_64-linux-gnu.so
7eb433fc4000-7eb433fc5000 r--p 0000d000 fc:00 34869040                   /home/henriqueramos_qs/meta-learning-concept-drift/.venv/lib/python3.12/site-packages/scipy/signal/_max_len_seq_inner.cpython-312-x86_64-linux-gnu.so
7eb433fc5000-7eb433fc6000 rw-p 0000e000 fc:00 34869040                   /home/henriqueramos_qs/meta-learning-concept-drift/.venv/lib/python3.12/site-packages/scipy/signal/_max_len_seq_inner.cpython-312-x86_64-linux-gnu.so
7eb433fc6000-7eb433fcb000 r--p 00000000 fc:00 35399868                   /home/henriqueramos_qs/meta-learning-concept-drift/.venv/lib/python3.12/site-packages/sklearn/ensemble/_hist_gradient_boosting/splitting.cpython-312-x86_64-linux-gnu.so
7eb433fcb000-7eb433fef000 r-xp 00005000 fc:00 35399868                   /home/henriqueramos_qs/meta-learning-concept-drift/.venv/lib/python3.12/site-packages/sklearn/ensemble/_hist_gradient_boosting/splitting.cpython-312-x86_64-linux-gnu.so
7eb433fef000-7eb433ff9000 r--p 00029000 fc:00 35399868                   /home/henriqueramos_qs/meta-learning-concept-drift/.venv/lib/python3.12/site-packages/sklearn/ensemble/_hist_gradient_boosting/splitting.cpython-312-x86_64-linux-gnu.so
7eb433ff9000-7eb433ffb000 r--p 00032000 fc:00 35399868                   /home/henriqueramos_qs/meta-learning-concept-drift/.venv/lib/python3.12/site-packages/sklearn/ensemble/_hist_gradient_boosting/splitting.cpython-312-x86_64-linux-gnu.so
7eb433ffb000-7eb433ffd000 rw-p 00034000 fc:00 35399868                   /home/henriqueramos_qs/meta-learning-concept-drift/.venv/lib/python3.12/site-packages/sklearn/ensemble/_hist_gradient_boosting/splitting.cpython-312-x86_64-linux-gnu.so
7eb433ffd000-7eb434000000 rw-p 0003e000 fc:00 35399868                   /home/henriqueramos_qs/meta-learning-concept-drift/.venv/lib/python3.12/site-packages/sklearn/ensemble/_hist_gradient_boosting/splitting.cpython-312-x86_64-linux-gnu.so
7eb434000000-7eb434021000 rw-p 00000000 00:00 0 
7eb434021000-7eb438000000 ---p 00000000 00:00 0 
7eb438000000-7eb438004000 r--p 00000000 fc:00 35400126                   /home/henriqueramos_qs/meta-learning-concept-drift/.venv/lib/python3.12/site-packages/sklearn/manifold/_utils.cpython-312-x86_64-linux-gnu.so
7eb438004000-7eb43800d000 r-xp 00004000 fc:00 35400126                   /home/henriqueramos_qs/meta-learning-concept-drift/.venv/lib/python3.12/site-packages/sklearn/manifold/_utils.cpython-312-x86_64-linux-gnu.so
7eb43800d000-7eb438011000 r--p 0000d000 fc:00 35400126                   /home/henriqueramos_qs/meta-learning-concept-drift/.venv/lib/python3.12/site-packages/sklearn/manifold/_utils.cpython-312-x86_64-linux-gnu.so
7eb438011000-7eb438012000 ---p 00011000 fc:00 35400126                   /home/henriqueramos_qs/meta-learning-concept-drift/.venv/lib/python3.12/site-packages/sklearn/manifold/_utils.cpython-312-x86_64-linux-gnu.so
7eb438012000-7eb438013000 r--p 00011000 fc:00 35400126                   /home/henriqueramos_qs/meta-learning-concept-drift/.venv/lib/python3.12/site-packages/sklearn/manifold/_utils.cpython-312-x86_64-linux-gnu.so
7eb438013000-7eb438014000 rw-p 00012000 fc:00 35400126                   /home/henriqueramos_qs/meta-learning-concept-drift/.venv/lib/python3.12/site-packages/sklearn/manifold/_utils.cpython-312-x86_64-linux-gnu.so
7eb438014000-7eb438018000 r--p 00000000 fc:00 35399856                   /home/henriqueramos_qs/meta-learning-concept-drift/.venv/lib/python3.12/site-packages/sklearn/ensemble/_hist_gradient_boosting/_predictor.cpython-312-x86_64-linux-gnu.so
7eb438018000-7eb438028000 r-xp 00004000 fc:00 35399856                   /home/henriqueramos_qs/meta-learning-concept-drift/.venv/lib/python3.12/site-packages/sklearn/ensemble/_hist_gradient_boosting/_predictor.cpython-312-x86_64-linux-gnu.so
7eb438028000-7eb43802d000 r--p 00014000 fc:00 35399856                   /home/henriqueramos_qs/meta-learning-concept-drift/.venv/lib/python3.12/site-packages/sklearn/ensemble/_hist_gradient_boosting/_predictor.cpython-312-x86_64-linux-gnu.so
7eb43802d000-7eb43802f000 r--p 00018000 fc:00 35399856                   /home/henriqueramos_qs/meta-learning-concept-drift/.venv/lib/python3.12/site-packages/sklearn/ensemble/_hist_gradient_boosting/_predictor.cpython-312-x86_64-linux-gnu.so
7eb43802f000-7eb438030000 rw-p 0001a000 fc:00 35399856                   /home/henriqueramos_qs/meta-learning-concept-drift/.venv/lib/python3.12/site-packages/sklearn/ensemble/_hist_gradient_boosting/_predictor.cpython-312-x86_64-linux-gnu.so
7eb438030000-7eb438033000 rw-p 00020000 fc:00 35399856                   /home/henriqueramos_qs/meta-learning-concept-drift/.venv/lib/python3.12/site-packages/sklearn/ensemble/_hist_gradient_boosting/_predictor.cpython-312-x86_64-linux-gnu.so
7eb438033000-7eb438038000 r--p 00000000 fc:00 35399864                   /home/henriqueramos_qs/meta-learning-concept-drift/.venv/lib/python3.12/site-packages/sklearn/ensemble/_hist_gradient_boosting/histogram.cpython-312-x86_64-linux-gnu.so
7eb438038000-7eb438057000 r-xp 00005000 fc:00 35399864                   /home/henriqueramos_qs/meta-learning-concept-drift/.venv/lib/python3.12/site-packages/sklearn/ensemble/_hist_gradient_boosting/histogram.cpython-312-x86_64-linux-gnu.so
7eb438057000-7eb438060000 r--p 00024000 fc:00 35399864                   /home/henriqueramos_qs/meta-learning-concept-drift/.venv/lib/python3.12/site-packages/sklearn/ensemble/_hist_gradient_boosting/histogram.cpython-312-x86_64-linux-gnu.so
7eb438060000-7eb438061000 ---p 0002d000 fc:00 35399864                   /home/henriqueramos_qs/meta-learning-concept-drift/.venv/lib/python3.12/site-packages/sklearn/ensemble/_hist_gradient_boosting/histogram.cpython-312-x86_64-linux-gnu.so
7eb438061000-7eb438062000 r--p 0002d000 fc:00 35399864                   /home/henriqueramos_qs/meta-learning-concept-drift/.venv/lib/python3.12/site-packages/sklearn/ensemble/_hist_gradient_boosting/histogram.cpython-312-x86_64-linux-gnu.so
7eb438062000-7eb438063000 rw-p 0002e000 fc:00 35399864                   /home/henriqueramos_qs/meta-learning-concept-drift/.venv/lib/python3.12/site-packages/sklearn/ensemble/_hist_gradient_boosting/histogram.cpython-312-x86_64-linux-gnu.so
7eb438063000-7eb438064000 rw-p 00000000 00:00 0 
7eb438064000-7eb438067000 rw-p 00037000 fc:00 35399864                   /home/henriqueramos_qs/meta-learning-concept-drift/.venv/lib/python3.12/site-packages/sklearn/ensemble/_hist_gradient_boosting/histogram.cpython-312-x86_64-linux-gnu.so
7eb438067000-7eb43806b000 r--p 00000000 fc:00 35400396                   /home/henriqueramos_qs/meta-learning-concept-drift/.venv/lib/python3.12/site-packages/sklearn/tree/_partitioner.cpython-312-x86_64-linux-gnu.so
7eb43806b000-7eb438085000 r-xp 00004000 fc:00 35400396                   /home/henriqueramos_qs/meta-learning-concept-drift/.venv/lib/python3.12/site-packages/sklearn/tree/_partitioner.cpython-312-x86_64-linux-gnu.so
7eb438085000-7eb43808b000 r--p 0001e000 fc:00 35400396                   /home/henriqueramos_qs/meta-learning-concept-drift/.venv/lib/python3.12/site-packages/sklearn/tree/_partitioner.cpython-312-x86_64-linux-gnu.so
7eb43808b000-7eb43808c000 ---p 00024000 fc:00 35400396                   /home/henriqueramos_qs/meta-learning-concept-drift/.venv/lib/python3.12/site-packages/sklearn/tree/_partitioner.cpython-312-x86_64-linux-gnu.so
7eb43808c000-7eb43808d000 r--p 00024000 fc:00 35400396                   /home/henriqueramos_qs/meta-learning-concept-drift/.venv/lib/python3.12/site-packages/sklearn/tree/_partitioner.cpython-312-x86_64-linux-gnu.so
7eb43808d000-7eb43808e000 rw-p 00025000 fc:00 35400396                   /home/henriqueramos_qs/meta-learning-concept-drift/.venv/lib/python3.12/site-packages/sklearn/tree/_partitioner.cpython-312-x86_64-linux-gnu.so
7eb43808e000-7eb43808f000 rw-p 00000000 00:00 0 
7eb43808f000-7eb438093000 r--p 00000000 fc:00 35400406                   /home/henriqueramos_qs/meta-learning-concept-drift/.venv/lib/python3.12/site-packages/sklearn/tree/_utils.cpython-312-x86_64-linux-gnu.so
7eb438093000-7eb4380a5000 r-xp 00004000 fc:00 35400406                   /home/henriqueramos_qs/meta-learning-concept-drift/.venv/lib/python3.12/site-packages/sklearn/tree/_utils.cpython-312-x86_64-linux-gnu.so
7eb4380a5000-7eb4380ac000 r--p 00016000 fc:00 35400406                   /home/henriqueramos_qs/meta-learning-concept-drift/.venv/lib/python3.12/site-packages/sklearn/tree/_utils.cpython-312-x86_64-linux-gnu.so
7eb4380ac000-7eb4380ad000 r--p 0001c000 fc:00 35400406                   /home/henriqueramos_qs/meta-learning-concept-drift/.venv/lib/python3.12/site-packages/sklearn/tree/_utils.cpython-312-x86_64-linux-gnu.so
7eb4380ad000-7eb4380ae000 rw-p 0001d000 fc:00 35400406                   /home/henriqueramos_qs/meta-learning-concept-drift/.venv/lib/python3.12/site-packages/sklearn/tree/_utils.cpython-312-x86_64-linux-gnu.so
7eb4380ae000-7eb4380af000 rw-p 00000000 00:00 0 
7eb4380af000-7eb4380b4000 r--p 00000000 fc:00 35400258                   /home/henriqueramos_qs/meta-learning-concept-drift/.venv/lib/python3.12/site-packages/sklearn/neighbors/_quad_tree.cpython-312-x86_64-linux-gnu.so
7eb4380b4000-7eb4380cc000 r-xp 00005000 fc:00 35400258                   /home/henriqueramos_qs/meta-learning-concept-drift/.venv/lib/python3.12/site-packages/sklearn/neighbors/_quad_tree.cpython-312-x86_64-linux-gnu.so
7eb4380cc000-7eb4380d3000 r--p 0001d000 fc:00 35400258                   /home/henriqueramos_qs/meta-learning-concept-drift/.venv/lib/python3.12/site-packages/sklearn/neighbors/_quad_tree.cpython-312-x86_64-linux-gnu.so
7eb4380d3000-7eb4380d4000 ---p 00024000 fc:00 35400258                   /home/henriqueramos_qs/meta-learning-concept-drift/.venv/lib/python3.12/site-packages/sklearn/neighbors/_quad_tree.cpython-312-x86_64-linux-gnu.so
7eb4380d4000-7eb4380d5000 r--p 00024000 fc:00 35400258                   /home/henriqueramos_qs/meta-learning-concept-drift/.venv/lib/python3.12/site-packages/sklearn/neighbors/_quad_tree.cpython-312-x86_64-linux-gnu.so
7eb4380d5000-7eb4380d6000 rw-p 00025000 fc:00 35400258                   /home/henriqueramos_qs/meta-learning-concept-drift/.venv/lib/python3.12/site-packages/sklearn/neighbors/_quad_tree.cpython-312-x86_64-linux-gnu.so
7eb4380d6000-7eb4381d7000 rw-p 00000000 00:00 0 
7eb4381d7000-7eb4381db000 r--p 00000000 fc:00 35399816                   /home/henriqueramos_qs/meta-learning-concept-drift/.venv/lib/python3.12/site-packages/sklearn/decomposition/_online_lda_fast.cpython-312-x86_64-linux-gnu.so
7eb4381db000-7eb4381f6000 r-xp 00004000 fc:00 35399816                   /home/henriqueramos_qs/meta-learning-concept-drift/.venv/lib/python3.12/site-packages/sklearn/decomposition/_online_lda_fast.cpython-312-x86_64-linux-gnu.so
7eb4381f6000-7eb4381fb000 r--p 0001f000 fc:00 35399816                   /home/henriqueramos_qs/meta-learning-concept-drift/.venv/lib/python3.12/site-packages/sklearn/decomposition/_online_lda_fast.cpython-312-x86_64-linux-gnu.so
7eb4381fb000-7eb4381fc000 ---p 00024000 fc:00 35399816                   /home/henriqueramos_qs/meta-learning-concept-drift/.venv/lib/python3.12/site-packages/sklearn/decomposition/_online_lda_fast.cpython-312-x86_64-linux-gnu.so
7eb4381fc000-7eb4381fd000 r--p 00024000 fc:00 35399816                   /home/henriqueramos_qs/meta-learning-concept-drift/.venv/lib/python3.12/site-packages/sklearn/decomposition/_online_lda_fast.cpython-312-x86_64-linux-gnu.so
7eb4381fd000-7eb4381fe000 rw-p 00025000 fc:00 35399816                   /home/henriqueramos_qs/meta-learning-concept-drift/.venv/lib/python3.12/site-packages/sklearn/decomposition/_online_lda_fast.cpython-312-x86_64-linux-gnu.so
7eb4381fe000-7eb4383ff000 rw-p 00000000 00:00 0 
7eb4383ff000-7eb438400000 ---p 00000000 00:00 0 
7eb438400000-7eb438c00000 rw-p 00000000 00:00 0 
7eb438c00000-7eb439400000 rw-p 00000000 00:00 0 
7eb439400000-7eb439822000 r--p 00000000 fc:00 35401656                   /home/henriqueramos_qs/meta-learning-concept-drift/.venv/lib/python3.12/site-packages/pyarrow/libarrow.so.2100
7eb439822000-7eb43b18b000 r-xp 00422000 fc:00 35401656                   /home/henriqueramos_qs/meta-learning-concept-drift/.venv/lib/python3.12/site-packages/pyarrow/libarrow.so.2100
7eb43b18b000-7eb43b859000 r--p 01d8b000 fc:00 35401656                   /home/henriqueramos_qs/meta-learning-concept-drift/.venv/lib/python3.12/site-packages/pyarrow/libarrow.so.2100
7eb43b859000-7eb43b933000 r--p 02458000 fc:00 35401656                   /home/henriqueramos_qs/meta-learning-concept-drift/.venv/lib/python3.12/site-packages/pyarrow/libarrow.so.2100
7eb43b933000-7eb43b966000 rw-p 02532000 fc:00 35401656                   /home/henriqueramos_qs/meta-learning-concept-drift/.venv/lib/python3.12/site-packages/pyarrow/libarrow.so.2100
7eb43b966000-7eb43bb8e000 rw-p 00000000 00:00 0 
7eb43bb94000-7eb43bb97000 r--p 00000000 fc:00 35399849                   /home/henriqueramos_qs/meta-learning-concept-drift/.venv/lib/python3.12/site-packages/sklearn/ensemble/_hist_gradient_boosting/_binning.cpython-312-x86_64-linux-gnu.so
7eb43bb97000-7eb43bba0000 r-xp 00003000 fc:00 35399849                   /home/henriqueramos_qs/meta-learning-concept-drift/.venv/lib/python3.12/site-packages/sklearn/ensemble/_hist_gradient_boosting/_binning.cpython-312-x86_64-linux-gnu.so
7eb43bba0000-7eb43bba4000 r--p 0000c000 fc:00 35399849                   /home/henriqueramos_qs/meta-learning-concept-drift/.venv/lib/python3.12/site-packages/sklearn/ensemble/_hist_gradient_boosting/_binning.cpython-312-x86_64-linux-gnu.so
7eb43bba4000-7eb43bba5000 r--p 0000f000 fc:00 35399849                   /home/henriqueramos_qs/meta-learning-concept-drift/.venv/lib/python3.12/site-packages/sklearn/ensemble/_hist_gradient_boosting/_binning.cpython-312-x86_64-linux-gnu.so
7eb43bba5000-7eb43bba6000 rw-p 00010000 fc:00 35399849                   /home/henriqueramos_qs/meta-learning-concept-drift/.venv/lib/python3.12/site-packages/sklearn/ensemble/_hist_gradient_boosting/_binning.cpython-312-x86_64-linux-gnu.so
7eb43bba6000-7eb43bba9000 rw-p 00015000 fc:00 35399849                   /home/henriqueramos_qs/meta-learning-concept-drift/.venv/lib/python3.12/site-packages/sklearn/ensemble/_hist_gradient_boosting/_binning.cpython-312-x86_64-linux-gnu.so
7eb43bba9000-7eb43bbb2000 r--p 00000000 fc:00 35400332                   /home/henriqueramos_qs/meta-learning-concept-drift/.venv/lib/python3.12/site-packages/sklearn/svm/_libsvm_sparse.cpython-312-x86_64-linux-gnu.so
7eb43bbb2000-7eb43bbf1000 r-xp 00009000 fc:00 35400332                   /home/henriqueramos_qs/meta-learning-concept-drift/.venv/lib/python3.12/site-packages/sklearn/svm/_libsvm_sparse.cpython-312-x86_64-linux-gnu.so
7eb43bbf1000-7eb43bbfb000 r--p 00048000 fc:00 35400332                   /home/henriqueramos_qs/meta-learning-concept-drift/.venv/lib/python3.12/site-packages/sklearn/svm/_libsvm_sparse.cpython-312-x86_64-linux-gnu.so
7eb43bbfb000-7eb43bbfd000 r--p 00051000 fc:00 35400332                   /home/henriqueramos_qs/meta-learning-concept-drift/.venv/lib/python3.12/site-packages/sklearn/svm/_libsvm_sparse.cpython-312-x86_64-linux-gnu.so
7eb43bbfd000-7eb43bbfe000 rw-p 00053000 fc:00 35400332                   /home/henriqueramos_qs/meta-learning-concept-drift/.venv/lib/python3.12/site-packages/sklearn/svm/_libsvm_sparse.cpython-312-x86_64-linux-gnu.so
7eb43bbfe000-7eb43bc00000 rw-p 00000000 00:00 0 
7eb43bc00000-7eb43bd10000 r--p 00000000 fc:00 35401658                   /home/henriqueramos_qs/meta-learning-concept-drift/.venv/lib/python3.12/site-packages/pyarrow/libarrow_compute.so.2100
7eb43bd10000-7eb43c7ec000 r-xp 00110000 fc:00 35401658                   /home/henriqueramos_qs/meta-learning-concept-drift/.venv/lib/python3.12/site-packages/pyarrow/libarrow_compute.so.2100
7eb43c7ec000-7eb43ca03000 r--p 00bec000 fc:00 35401658                   /home/henriqueramos_qs/meta-learning-concept-drift/.venv/lib/python3.12/site-packages/pyarrow/libarrow_compute.so.2100
7eb43ca03000-7eb43ca04000 ---p 00e03000 fc:00 35401658                   /home/henriqueramos_qs/meta-learning-concept-drift/.venv/lib/python3.12/site-packages/pyarrow/libarrow_compute.so.2100
7eb43ca04000-7eb43ca22000 r--p 00e03000 fc:00 35401658                   /home/henriqueramos_qs/meta-learning-concept-drift/.venv/lib/python3.12/site-packages/pyarrow/libarrow_compute.so.2100
7eb43ca22000-7eb43ca27000 rw-p 00e21000 fc:00 35401658                   /home/henriqueramos_qs/meta-learning-concept-drift/.venv/lib/python3.12/site-packages/pyarrow/libarrow_compute.so.2100
7eb43ca27000-7eb43ca34000 rw-p 00000000 00:00 0 
7eb43ca3e000-7eb43ca43000 r--p 00000000 fc:00 35400085                   /home/henriqueramos_qs/meta-learning-concept-drift/.venv/lib/python3.12/site-packages/sklearn/linear_model/_sgd_fast.cpython-312-x86_64-linux-gnu.so
7eb43ca43000-7eb43ca64000 r-xp 00005000 fc:00 35400085                   /home/henriqueramos_qs/meta-learning-concept-drift/.venv/lib/python3.12/site-packages/sklearn/linear_model/_sgd_fast.cpython-312-x86_64-linux-gnu.so
7eb43ca64000-7eb43ca6e000 r--p 00026000 fc:00 35400085                   /home/henriqueramos_qs/meta-learning-concept-drift/.venv/lib/python3.12/site-packages/sklearn/linear_model/_sgd_fast.cpython-312-x86_64-linux-gnu.so
7eb43ca6e000-7eb43ca70000 r--p 0002f000 fc:00 35400085                   /home/henriqueramos_qs/meta-learning-concept-drift/.venv/lib/python3.12/site-packages/sklearn/linear_model/_sgd_fast.cpython-312-x86_64-linux-gnu.so
7eb43ca70000-7eb43ca72000 rw-p 00031000 fc:00 35400085                   /home/henriqueramos_qs/meta-learning-concept-drift/.venv/lib/python3.12/site-packages/sklearn/linear_model/_sgd_fast.cpython-312-x86_64-linux-gnu.so
7eb43ca72000-7eb43ca73000 rw-p 00000000 00:00 0 
7eb43ca73000-7eb43ca7c000 r--p 00000000 fc:00 35400329                   /home/henriqueramos_qs/meta-learning-concept-drift/.venv/lib/python3.12/site-packages/sklearn/svm/_libsvm.cpython-312-x86_64-linux-gnu.so
7eb43ca7c000-7eb43cac3000 r-xp 00009000 fc:00 35400329                   /home/henriqueramos_qs/meta-learning-concept-drift/.venv/lib/python3.12/site-packages/sklearn/svm/_libsvm.cpython-312-x86_64-linux-gnu.so
7eb43cac3000-7eb43cad0000 r--p 00050000 fc:00 35400329                   /home/henriqueramos_qs/meta-learning-concept-drift/.venv/lib/python3.12/site-packages/sklearn/svm/_libsvm.cpython-312-x86_64-linux-gnu.so
7eb43cad0000-7eb43cad2000 r--p 0005c000 fc:00 35400329                   /home/henriqueramos_qs/meta-learning-concept-drift/.venv/lib/python3.12/site-packages/sklearn/svm/_libsvm.cpython-312-x86_64-linux-gnu.so
7eb43cad2000-7eb43cad4000 rw-p 0005e000 fc:00 35400329                   /home/henriqueramos_qs/meta-learning-concept-drift/.venv/lib/python3.12/site-packages/sklearn/svm/_libsvm.cpython-312-x86_64-linux-gnu.so
7eb43cad4000-7eb43cad5000 rw-p 00000000 00:00 0 
7eb43cad5000-7eb43cadb000 r--p 00000000 fc:00 35400326                   /home/henriqueramos_qs/meta-learning-concept-drift/.venv/lib/python3.12/site-packages/sklearn/svm/_liblinear.cpython-312-x86_64-linux-gnu.so
7eb43cadb000-7eb43caf5000 r-xp 00006000 fc:00 35400326                   /home/henriqueramos_qs/meta-learning-concept-drift/.venv/lib/python3.12/site-packages/sklearn/svm/_liblinear.cpython-312-x86_64-linux-gnu.so
7eb43caf5000-7eb43cafb000 r--p 00020000 fc:00 35400326                   /home/henriqueramos_qs/meta-learning-concept-drift/.venv/lib/python3.12/site-packages/sklearn/svm/_liblinear.cpython-312-x86_64-linux-gnu.so
7eb43cafb000-7eb43cafc000 ---p 00026000 fc:00 35400326                   /home/henriqueramos_qs/meta-learning-concept-drift/.venv/lib/python3.12/site-packages/sklearn/svm/_liblinear.cpython-312-x86_64-linux-gnu.so
7eb43cafc000-7eb43cafd000 r--p 00026000 fc:00 35400326                   /home/henriqueramos_qs/meta-learning-concept-drift/.venv/lib/python3.12/site-packages/sklearn/svm/_liblinear.cpython-312-x86_64-linux-gnu.so
7eb43cafd000-7eb43cafe000 rw-p 00027000 fc:00 35400326                   /home/henriqueramos_qs/meta-learning-concept-drift/.venv/lib/python3.12/site-packages/sklearn/svm/_liblinear.cpython-312-x86_64-linux-gnu.so
7eb43cafe000-7eb43cc00000 rw-p 00000000 00:00 0 
7eb43cc00000-7eb43cdc6000 r--p 00000000 fc:00 35401671                   /home/henriqueramos_qs/meta-learning-concept-drift/.venv/lib/python3.12/site-packages/pyarrow/libparquet.so.2100
7eb43cdc6000-7eb43d2e7000 r-xp 001c6000 fc:00 35401671                   /home/henriqueramos_qs/meta-learning-concept-drift/.venv/lib/python3.12/site-packages/pyarrow/libparquet.so.2100
7eb43d2e7000-7eb43d456000 r--p 006e7000 fc:00 35401671                   /home/henriqueramos_qs/meta-learning-concept-drift/.venv/lib/python3.12/site-packages/pyarrow/libparquet.so.2100
7eb43d456000-7eb43d457000 ---p 00856000 fc:00 35401671                   /home/henriqueramos_qs/meta-learning-concept-drift/.venv/lib/python3.12/site-packages/pyarrow/libparquet.so.2100
7eb43d457000-7eb43d4d5000 r--p 00856000 fc:00 35401671                   /home/henriqueramos_qs/meta-learning-concept-drift/.venv/lib/python3.12/site-packages/pyarrow/libparquet.so.2100
7eb43d4d5000-7eb43d4e3000 rw-p 008d4000 fc:00 35401671                   /home/henriqueramos_qs/meta-learning-concept-drift/.venv/lib/python3.12/site-packages/pyarrow/libparquet.so.2100
7eb43d4e3000-7eb43d4e7000 rw-p 00000000 00:00 0 
7eb43d4ea000-7eb43d4ed000 r--p 00000000 fc:00 35399854                   /home/henriqueramos_qs/meta-learning-concept-drift/.venv/lib/python3.12/site-packages/sklearn/ensemble/_hist_gradient_boosting/_gradient_boosting.cpython-312-x86_64-linux-gnu.so
7eb43d4ed000-7eb43d4f7000 r-xp 00003000 fc:00 35399854                   /home/henriqueramos_qs/meta-learning-concept-drift/.venv/lib/python3.12/site-packages/sklearn/ensemble/_hist_gradient_boosting/_gradient_boosting.cpython-312-x86_64-linux-gnu.so
7eb43d4f7000-7eb43d4fb000 r--p 0000d000 fc:00 35399854                   /home/henriqueramos_qs/meta-learning-concept-drift/.venv/lib/python3.12/site-packages/sklearn/ensemble/_hist_gradient_boosting/_gradient_boosting.cpython-312-x86_64-linux-gnu.so
7eb43d4fb000-7eb43d4fc000 r--p 00010000 fc:00 35399854                   /home/henriqueramos_qs/meta-learning-concept-drift/.venv/lib/python3.12/site-packages/sklearn/ensemble/_hist_gradient_boosting/_gradient_boosting.cpython-312-x86_64-linux-gnu.so
7eb43d4fc000-7eb43d4fd000 rw-p 00011000 fc:00 35399854                   /home/henriqueramos_qs/meta-learning-concept-drift/.venv/lib/python3.12/site-packages/sklearn/ensemble/_hist_gradient_boosting/_gradient_boosting.cpython-312-x86_64-linux-gnu.so
7eb43d4fd000-7eb43d500000 rw-p 00016000 fc:00 35399854                   /home/henriqueramos_qs/meta-learning-concept-drift/.venv/lib/python3.12/site-packages/sklearn/ensemble/_hist_gradient_boosting/_gradient_boosting.cpython-312-x86_64-linux-gnu.so
7eb43d500000-7eb43d600000 rw-p 00000000 00:00 0 
7eb43d600000-7eb43d674000 r--p 00000000 fc:00 35401670                   /home/henriqueramos_qs/meta-learning-concept-drift/.venv/lib/python3.12/site-packages/pyarrow/libarrow_substrait.so.2100
7eb43d674000-7eb43d8b0000 r-xp 00074000 fc:00 35401670                   /home/henriqueramos_qs/meta-learning-concept-drift/.venv/lib/python3.12/site-packages/pyarrow/libarrow_substrait.so.2100
7eb43d8b0000-7eb43d969000 r--p 002b0000 fc:00 35401670                   /home/henriqueramos_qs/meta-learning-concept-drift/.venv/lib/python3.12/site-packages/pyarrow/libarrow_substrait.so.2100
7eb43d969000-7eb43d96a000 ---p 00369000 fc:00 35401670                   /home/henriqueramos_qs/meta-learning-concept-drift/.venv/lib/python3.12/site-packages/pyarrow/libarrow_substrait.so.2100
7eb43d96a000-7eb43d97c000 r--p 00369000 fc:00 35401670                   /home/henriqueramos_qs/meta-learning-concept-drift/.venv/lib/python3.12/site-packages/pyarrow/libarrow_substrait.so.2100
7eb43d97c000-7eb43d981000 rw-p 0037b000 fc:00 35401670                   /home/henriqueramos_qs/meta-learning-concept-drift/.venv/lib/python3.12/site-packages/pyarrow/libarrow_substrait.so.2100
7eb43d981000-7eb43d983000 rw-p 00000000 00:00 0 
7eb43d986000-7eb43d98a000 r--p 00000000 fc:00 35400083                   /home/henriqueramos_qs/meta-learning-concept-drift/.venv/lib/python3.12/site-packages/sklearn/linear_model/_sag_fast.cpython-312-x86_64-linux-gnu.so
7eb43d98a000-7eb43d9a1000 r-xp 00004000 fc:00 35400083                   /home/henriqueramos_qs/meta-learning-concept-drift/.venv/lib/python3.12/site-packages/sklearn/linear_model/_sag_fast.cpython-312-x86_64-linux-gnu.so
7eb43d9a1000-7eb43d9a8000 r--p 0001b000 fc:00 35400083                   /home/henriqueramos_qs/meta-learning-concept-drift/.venv/lib/python3.12/site-packages/sklearn/linear_model/_sag_fast.cpython-312-x86_64-linux-gnu.so
7eb43d9a8000-7eb43d9a9000 r--p 00021000 fc:00 35400083                   /home/henriqueramos_qs/meta-learning-concept-drift/.venv/lib/python3.12/site-packages/sklearn/linear_model/_sag_fast.cpython-312-x86_64-linux-gnu.so
7eb43d9a9000-7eb43d9aa000 rw-p 00022000 fc:00 35400083                   /home/henriqueramos_qs/meta-learning-concept-drift/.venv/lib/python3.12/site-packages/sklearn/linear_model/_sag_fast.cpython-312-x86_64-linux-gnu.so
7eb43d9aa000-7eb43d9af000 r--p 00000000 fc:00 35400069                   /home/henriqueramos_qs/meta-learning-concept-drift/.venv/lib/python3.12/site-packages/sklearn/linear_model/_cd_fast.cpython-312-x86_64-linux-gnu.so
7eb43d9af000-7eb43d9f1000 r-xp 00005000 fc:00 35400069                   /home/henriqueramos_qs/meta-learning-concept-drift/.venv/lib/python3.12/site-packages/sklearn/linear_model/_cd_fast.cpython-312-x86_64-linux-gnu.so
7eb43d9f1000-7eb43d9fc000 r--p 00047000 fc:00 35400069                   /home/henriqueramos_qs/meta-learning-concept-drift/.venv/lib/python3.12/site-packages/sklearn/linear_model/_cd_fast.cpython-312-x86_64-linux-gnu.so
7eb43d9fc000-7eb43d9fd000 ---p 00052000 fc:00 35400069                   /home/henriqueramos_qs/meta-learning-concept-drift/.venv/lib/python3.12/site-packages/sklearn/linear_model/_cd_fast.cpython-312-x86_64-linux-gnu.so
7eb43d9fd000-7eb43d9fe000 r--p 00052000 fc:00 35400069                   /home/henriqueramos_qs/meta-learning-concept-drift/.venv/lib/python3.12/site-packages/sklearn/linear_model/_cd_fast.cpython-312-x86_64-linux-gnu.so
7eb43d9fe000-7eb43d9ff000 rw-p 00053000 fc:00 35400069                   /home/henriqueramos_qs/meta-learning-concept-drift/.venv/lib/python3.12/site-packages/sklearn/linear_model/_cd_fast.cpython-312-x86_64-linux-gnu.so
7eb43d9ff000-7eb43da00000 rw-p 00000000 00:00 0 
7eb43da00000-7eb43da5e000 r--p 00000000 fc:00 35401651                   /home/henriqueramos_qs/meta-learning-concept-drift/.venv/lib/python3.12/site-packages/pyarrow/lib.cpython-312-x86_64-linux-gnu.so
7eb43da5e000-7eb43dcce000 r-xp 0005e000 fc:00 35401651                   /home/henriqueramos_qs/meta-learning-concept-drift/.venv/lib/python3.12/site-packages/pyarrow/lib.cpython-312-x86_64-linux-gnu.so
7eb43dcce000-7eb43ddc2000 r--p 002ce000 fc:00 35401651                   /home/henriqueramos_qs/meta-learning-concept-drift/.venv/lib/python3.12/site-packages/pyarrow/lib.cpython-312-x86_64-linux-gnu.so
7eb43ddc2000-7eb43ddc3000 ---p 003c2000 fc:00 35401651                   /home/henriqueramos_qs/meta-learning-concept-drift/.venv/lib/python3.12/site-packages/pyarrow/lib.cpython-312-x86_64-linux-gnu.so
7eb43ddc3000-7eb43ddd1000 r--p 003c2000 fc:00 35401651                   /home/henriqueramos_qs/meta-learning-concept-drift/.venv/lib/python3.12/site-packages/pyarrow/lib.cpython-312-x86_64-linux-gnu.so
7eb43ddd1000-7eb43ddf9000 rw-p 003d0000 fc:00 35401651                   /home/henriqueramos_qs/meta-learning-concept-drift/.venv/lib/python3.12/site-packages/pyarrow/lib.cpython-312-x86_64-linux-gnu.so
7eb43ddf9000-7eb43de04000 rw-p 00000000 00:00 0 
7eb43de05000-7eb43de08000 r--p 00000000 fc:00 35399547                   /home/henriqueramos_qs/meta-learning-concept-drift/.venv/lib/python3.12/site-packages/sklearn/cluster/_dbscan_inner.cpython-312-x86_64-linux-gnu.so
7eb43de08000-7eb43de0f000 r-xp 00003000 fc:00 35399547                   /home/henriqueramos_qs/meta-learning-concept-drift/.venv/lib/python3.12/site-packages/sklearn/cluster/_dbscan_inner.cpython-312-x86_64-linux-gnu.so
7eb43de0f000-7eb43de13000 r--p 0000a000 fc:00 35399547                   /home/henriqueramos_qs/meta-learning-concept-drift/.venv/lib/python3.12/site-packages/sklearn/cluster/_dbscan_inner.cpython-312-x86_64-linux-gnu.so
7eb43de13000-7eb43de14000 r--p 0000d000 fc:00 35399547                   /home/henriqueramos_qs/meta-learning-concept-drift/.venv/lib/python3.12/site-packages/sklearn/cluster/_dbscan_inner.cpython-312-x86_64-linux-gnu.so
7eb43de14000-7eb43de15000 rw-p 0000e000 fc:00 35399547                   /home/henriqueramos_qs/meta-learning-concept-drift/.venv/lib/python3.12/site-packages/sklearn/cluster/_dbscan_inner.cpython-312-x86_64-linux-gnu.so
7eb43de15000-7eb43de1a000 r--p 00000000 fc:00 35400448                   /home/henriqueramos_qs/meta-learning-concept-drift/.venv/lib/python3.12/site-packages/sklearn/utils/_random.cpython-312-x86_64-linux-gnu.so
7eb43de1a000-7eb43de3f000 r-xp 00005000 fc:00 35400448                   /home/henriqueramos_qs/meta-learning-concept-drift/.venv/lib/python3.12/site-packages/sklearn/utils/_random.cpython-312-x86_64-linux-gnu.so
7eb43de3f000-7eb43de47000 r--p 0002a000 fc:00 35400448                   /home/henriqueramos_qs/meta-learning-concept-drift/.venv/lib/python3.12/site-packages/sklearn/utils/_random.cpython-312-x86_64-linux-gnu.so
7eb43de47000-7eb43de48000 ---p 00032000 fc:00 35400448                   /home/henriqueramos_qs/meta-learning-concept-drift/.venv/lib/python3.12/site-packages/sklearn/utils/_random.cpython-312-x86_64-linux-gnu.so
7eb43de48000-7eb43de49000 r--p 00032000 fc:00 35400448                   /home/henriqueramos_qs/meta-learning-concept-drift/.venv/lib/python3.12/site-packages/sklearn/utils/_random.cpython-312-x86_64-linux-gnu.so
7eb43de49000-7eb43de4a000 rw-p 00033000 fc:00 35400448                   /home/henriqueramos_qs/meta-learning-concept-drift/.venv/lib/python3.12/site-packages/sklearn/utils/_random.cpython-312-x86_64-linux-gnu.so
7eb43de4a000-7eb43de4b000 rw-p 00000000 00:00 0 
7eb43de4b000-7eb43de50000 r--p 00000000 fc:00 35400452                   /home/henriqueramos_qs/meta-learning-concept-drift/.venv/lib/python3.12/site-packages/sklearn/utils/_seq_dataset.cpython-312-x86_64-linux-gnu.so
7eb43de50000-7eb43de6f000 r-xp 00005000 fc:00 35400452                   /home/henriqueramos_qs/meta-learning-concept-drift/.venv/lib/python3.12/site-packages/sklearn/utils/_seq_dataset.cpython-312-x86_64-linux-gnu.so
7eb43de6f000-7eb43de76000 r--p 00024000 fc:00 35400452                   /home/henriqueramos_qs/meta-learning-concept-drift/.venv/lib/python3.12/site-packages/sklearn/utils/_seq_dataset.cpython-312-x86_64-linux-gnu.so
7eb43de76000-7eb43de77000 ---p 0002b000 fc:00 35400452                   /home/henriqueramos_qs/meta-learning-concept-drift/.venv/lib/python3.12/site-packages/sklearn/utils/_seq_dataset.cpython-312-x86_64-linux-gnu.so
7eb43de77000-7eb43de78000 r--p 0002b000 fc:00 35400452                   /home/henriqueramos_qs/meta-learning-concept-drift/.venv/lib/python3.12/site-packages/sklearn/utils/_seq_dataset.cpython-312-x86_64-linux-gnu.so
7eb43de78000-7eb43de7a000 rw-p 0002c000 fc:00 35400452                   /home/henriqueramos_qs/meta-learning-concept-drift/.venv/lib/python3.12/site-packages/sklearn/utils/_seq_dataset.cpython-312-x86_64-linux-gnu.so
7eb43de7a000-7eb43de7b000 rw-p 00000000 00:00 0 
7eb43de7b000-7eb43de7f000 r--p 00000000 fc:00 35400473                   /home/henriqueramos_qs/meta-learning-concept-drift/.venv/lib/python3.12/site-packages/sklearn/utils/arrayfuncs.cpython-312-x86_64-linux-gnu.so
7eb43de7f000-7eb43de9b000 r-xp 00004000 fc:00 35400473                   /home/henriqueramos_qs/meta-learning-concept-drift/.venv/lib/python3.12/site-packages/sklearn/utils/arrayfuncs.cpython-312-x86_64-linux-gnu.so
7eb43de9b000-7eb43dea1000 r--p 00020000 fc:00 35400473                   /home/henriqueramos_qs/meta-learning-concept-drift/.venv/lib/python3.12/site-packages/sklearn/utils/arrayfuncs.cpython-312-x86_64-linux-gnu.so
7eb43dea1000-7eb43dea2000 ---p 00026000 fc:00 35400473                   /home/henriqueramos_qs/meta-learning-concept-drift/.venv/lib/python3.12/site-packages/sklearn/utils/arrayfuncs.cpython-312-x86_64-linux-gnu.so
7eb43dea2000-7eb43dea3000 r--p 00026000 fc:00 35400473                   /home/henriqueramos_qs/meta-learning-concept-drift/.venv/lib/python3.12/site-packages/sklearn/utils/arrayfuncs.cpython-312-x86_64-linux-gnu.so
7eb43dea3000-7eb43dea4000 rw-p 00027000 fc:00 35400473                   /home/henriqueramos_qs/meta-learning-concept-drift/.venv/lib/python3.12/site-packages/sklearn/utils/arrayfuncs.cpython-312-x86_64-linux-gnu.so
7eb43dea4000-7eb43dea5000 rw-p 00000000 00:00 0 
7eb43dea5000-7eb43dead000 r--p 00000000 fc:00 34868958                   /home/henriqueramos_qs/meta-learning-concept-drift/.venv/lib/python3.12/site-packages/scipy/stats/_unuran/unuran_wrapper.cpython-312-x86_64-linux-gnu.so
7eb43dead000-7eb43dfbc000 r-xp 00008000 fc:00 34868958                   /home/henriqueramos_qs/meta-learning-concept-drift/.venv/lib/python3.12/site-packages/scipy/stats/_unuran/unuran_wrapper.cpython-312-x86_64-linux-gnu.so
7eb43dfbc000-7eb43dff8000 r--p 00117000 fc:00 34868958                   /home/henriqueramos_qs/meta-learning-concept-drift/.venv/lib/python3.12/site-packages/scipy/stats/_unuran/unuran_wrapper.cpython-312-x86_64-linux-gnu.so
7eb43dff8000-7eb43dff9000 ---p 00153000 fc:00 34868958                   /home/henriqueramos_qs/meta-learning-concept-drift/.venv/lib/python3.12/site-packages/scipy/stats/_unuran/unuran_wrapper.cpython-312-x86_64-linux-gnu.so
7eb43dff9000-7eb43dffa000 r--p 00153000 fc:00 34868958                   /home/henriqueramos_qs/meta-learning-concept-drift/.venv/lib/python3.12/site-packages/scipy/stats/_unuran/unuran_wrapper.cpython-312-x86_64-linux-gnu.so
7eb43dffa000-7eb43dfff000 rw-p 00154000 fc:00 34868958                   /home/henriqueramos_qs/meta-learning-concept-drift/.venv/lib/python3.12/site-packages/scipy/stats/_unuran/unuran_wrapper.cpython-312-x86_64-linux-gnu.so
7eb43dfff000-7eb43e000000 rw-p 00000000 00:00 0 
7eb43e000000-7eb442000000 rw-p 00000000 00:00 0 
7eb442000000-7eb442004000 r--p 00000000 fc:00 35399840                   /home/henriqueramos_qs/meta-learning-concept-drift/.venv/lib/python3.12/site-packages/sklearn/ensemble/_gradient_boosting.cpython-312-x86_64-linux-gnu.so
7eb442004000-7eb442014000 r-xp 00004000 fc:00 35399840                   /home/henriqueramos_qs/meta-learning-concept-drift/.venv/lib/python3.12/site-packages/sklearn/ensemble/_gradient_boosting.cpython-312-x86_64-linux-gnu.so
7eb442014000-7eb442019000 r--p 00014000 fc:00 35399840                   /home/henriqueramos_qs/meta-learning-concept-drift/.venv/lib/python3.12/site-packages/sklearn/ensemble/_gradient_boosting.cpython-312-x86_64-linux-gnu.so
7eb442019000-7eb44201a000 ---p 00019000 fc:00 35399840                   /home/henriqueramos_qs/meta-learning-concept-drift/.venv/lib/python3.12/site-packages/sklearn/ensemble/_gradient_boosting.cpython-312-x86_64-linux-gnu.so
7eb44201a000-7eb44201b000 r--p 00019000 fc:00 35399840                   /home/henriqueramos_qs/meta-learning-concept-drift/.venv/lib/python3.12/site-packages/sklearn/ensemble/_gradient_boosting.cpython-312-x86_64-linux-gnu.so
7eb44201b000-7eb44201c000 rw-p 0001a000 fc:00 35399840                   /home/henriqueramos_qs/meta-learning-concept-drift/.venv/lib/python3.12/site-packages/sklearn/ensemble/_gradient_boosting.cpython-312-x86_64-linux-gnu.so
7eb44201c000-7eb442024000 r--p 00000000 fc:00 35400249                   /home/henriqueramos_qs/meta-learning-concept-drift/.venv/lib/python3.12/site-packages/sklearn/neighbors/_kd_tree.cpython-312-x86_64-linux-gnu.so
7eb442024000-7eb442091000 r-xp 00008000 fc:00 35400249                   /home/henriqueramos_qs/meta-learning-concept-drift/.venv/lib/python3.12/site-packages/sklearn/neighbors/_kd_tree.cpython-312-x86_64-linux-gnu.so
7eb442091000-7eb4420a5000 r--p 00075000 fc:00 35400249                   /home/henriqueramos_qs/meta-learning-concept-drift/.venv/lib/python3.12/site-packages/sklearn/neighbors/_kd_tree.cpython-312-x86_64-linux-gnu.so
7eb4420a5000-7eb4420a6000 ---p 00089000 fc:00 35400249                   /home/henriqueramos_qs/meta-learning-concept-drift/.venv/lib/python3.12/site-packages/sklearn/neighbors/_kd_tree.cpython-312-x86_64-linux-gnu.so
7eb4420a6000-7eb4420a8000 r--p 00089000 fc:00 35400249                   /home/henriqueramos_qs/meta-learning-concept-drift/.venv/lib/python3.12/site-packages/sklearn/neighbors/_kd_tree.cpython-312-x86_64-linux-gnu.so
7eb4420a8000-7eb4420ab000 rw-p 0008b000 fc:00 35400249                   /home/henriqueramos_qs/meta-learning-concept-drift/.venv/lib/python3.12/site-packages/sklearn/neighbors/_kd_tree.cpython-312-x86_64-linux-gnu.so
7eb4420ab000-7eb4420ac000 rw-p 00000000 00:00 0 
7eb4420ac000-7eb4420b0000 r--p 00000000 fc:00 35400144                   /home/henriqueramos_qs/meta-learning-concept-drift/.venv/lib/python3.12/site-packages/sklearn/metrics/_pairwise_fast.cpython-312-x86_64-linux-gnu.so
7eb4420b0000-7eb4420c9000 r-xp 00004000 fc:00 35400144                   /home/henriqueramos_qs/meta-learning-concept-drift/.venv/lib/python3.12/site-packages/sklearn/metrics/_pairwise_fast.cpython-312-x86_64-linux-gnu.so
7eb4420c9000-7eb4420ce000 r--p 0001d000 fc:00 35400144                   /home/henriqueramos_qs/meta-learning-concept-drift/.venv/lib/python3.12/site-packages/sklearn/metrics/_pairwise_fast.cpython-312-x86_64-linux-gnu.so
7eb4420ce000-7eb4420cf000 ---p 00022000 fc:00 35400144                   /home/henriqueramos_qs/meta-learning-concept-drift/.venv/lib/python3.12/site-packages/sklearn/metrics/_pairwise_fast.cpython-312-x86_64-linux-gnu.so
7eb4420cf000-7eb4420d0000 r--p 00022000 fc:00 35400144                   /home/henriqueramos_qs/meta-learning-concept-drift/.venv/lib/python3.12/site-packages/sklearn/metrics/_pairwise_fast.cpython-312-x86_64-linux-gnu.so
7eb4420d0000-7eb4420d1000 rw-p 00023000 fc:00 35400144                   /home/henriqueramos_qs/meta-learning-concept-drift/.venv/lib/python3.12/site-packages/sklearn/metrics/_pairwise_fast.cpython-312-x86_64-linux-gnu.so
7eb4420d1000-7eb4420d2000 rw-p 00000000 00:00 0 
7eb4420d2000-7eb4420d5000 rw-p 0002a000 fc:00 35400144                   /home/henriqueramos_qs/meta-learning-concept-drift/.venv/lib/python3.12/site-packages/sklearn/metrics/_pairwise_fast.cpython-312-x86_64-linux-gnu.so
7eb4420d5000-7eb4420da000 r--p 00000000 fc:00 35400172                   /home/henriqueramos_qs/meta-learning-concept-drift/.venv/lib/python3.12/site-packages/sklearn/metrics/_pairwise_distances_reduction/_radius_neighbors_classmode.cpython-312-x86_64-linux-gnu.so
7eb4420da000-7eb4420f2000 r-xp 00005000 fc:00 35400172                   /home/henriqueramos_qs/meta-learning-concept-drift/.venv/lib/python3.12/site-packages/sklearn/metrics/_pairwise_distances_reduction/_radius_neighbors_classmode.cpython-312-x86_64-linux-gnu.so
7eb4420f2000-7eb4420f8000 r--p 0001d000 fc:00 35400172                   /home/henriqueramos_qs/meta-learning-concept-drift/.venv/lib/python3.12/site-packages/sklearn/metrics/_pairwise_distances_reduction/_radius_neighbors_classmode.cpython-312-x86_64-linux-gnu.so
7eb4420f8000-7eb4420f9000 ---p 00023000 fc:00 35400172                   /home/henriqueramos_qs/meta-learning-concept-drift/.venv/lib/python3.12/site-packages/sklearn/metrics/_pairwise_distances_reduction/_radius_neighbors_classmode.cpython-312-x86_64-linux-gnu.so
7eb4420f9000-7eb4420fa000 r--p 00023000 fc:00 35400172                   /home/henriqueramos_qs/meta-learning-concept-drift/.venv/lib/python3.12/site-packages/sklearn/metrics/_pairwise_distances_reduction/_radius_neighbors_classmode.cpython-312-x86_64-linux-gnu.so
7eb4420fa000-7eb4420fb000 rw-p 00024000 fc:00 35400172                   /home/henriqueramos_qs/meta-learning-concept-drift/.venv/lib/python3.12/site-packages/sklearn/metrics/_pairwise_distances_reduction/_radius_neighbors_classmode.cpython-312-x86_64-linux-gnu.so
7eb4420fb000-7eb4420fc000 rw-p 00000000 00:00 0 
7eb4420fc000-7eb4420ff000 rw-p 0002e000 fc:00 35400172                   /home/henriqueramos_qs/meta-learning-concept-drift/.venv/lib/python3.12/site-packages/sklearn/metrics/_pairwise_distances_reduction/_radius_neighbors_classmode.cpython-312-x86_64-linux-gnu.so
7eb4420ff000-7eb4421ff000 rw-p 00000000 00:00 0 
7eb4421ff000-7eb442200000 ---p 00000000 00:00 0 
7eb442200000-7eb442a00000 rw-p 00000000 00:00 0 
7eb442a00000-7eb444a00000 rw-p 00000000 00:00 0 
7eb444a01000-7eb444a06000 r--p 00000000 fc:00 35400467                   /home/henriqueramos_qs/meta-learning-concept-drift/.venv/lib/python3.12/site-packages/sklearn/utils/_vector_sentinel.cpython-312-x86_64-linux-gnu.so
7eb444a06000-7eb444a19000 r-xp 00005000 fc:00 35400467                   /home/henriqueramos_qs/meta-learning-concept-drift/.venv/lib/python3.12/site-packages/sklearn/utils/_vector_sentinel.cpython-312-x86_64-linux-gnu.so
7eb444a19000-7eb444a1f000 r--p 00018000 fc:00 35400467                   /home/henriqueramos_qs/meta-learning-concept-drift/.venv/lib/python3.12/site-packages/sklearn/utils/_vector_sentinel.cpython-312-x86_64-linux-gnu.so
7eb444a1f000-7eb444a20000 r--p 0001d000 fc:00 35400467                   /home/henriqueramos_qs/meta-learning-concept-drift/.venv/lib/python3.12/site-packages/sklearn/utils/_vector_sentinel.cpython-312-x86_64-linux-gnu.so
7eb444a20000-7eb444a22000 rw-p 0001e000 fc:00 35400467                   /home/henriqueramos_qs/meta-learning-concept-drift/.venv/lib/python3.12/site-packages/sklearn/utils/_vector_sentinel.cpython-312-x86_64-linux-gnu.so
7eb444a22000-7eb444a28000 r--p 00000000 fc:00 35400169                   /home/henriqueramos_qs/meta-learning-concept-drift/.venv/lib/python3.12/site-packages/sklearn/metrics/_pairwise_distances_reduction/_radius_neighbors.cpython-312-x86_64-linux-gnu.so
7eb444a28000-7eb444a4a000 r-xp 00006000 fc:00 35400169                   /home/henriqueramos_qs/meta-learning-concept-drift/.venv/lib/python3.12/site-packages/sklearn/metrics/_pairwise_distances_reduction/_radius_neighbors.cpython-312-x86_64-linux-gnu.so
7eb444a4a000-7eb444a53000 r--p 00028000 fc:00 35400169                   /home/henriqueramos_qs/meta-learning-concept-drift/.venv/lib/python3.12/site-packages/sklearn/metrics/_pairwise_distances_reduction/_radius_neighbors.cpython-312-x86_64-linux-gnu.so
7eb444a53000-7eb444a54000 ---p 00031000 fc:00 35400169                   /home/henriqueramos_qs/meta-learning-concept-drift/.venv/lib/python3.12/site-packages/sklearn/metrics/_pairwise_distances_reduction/_radius_neighbors.cpython-312-x86_64-linux-gnu.so
7eb444a54000-7eb444a55000 r--p 00031000 fc:00 35400169                   /home/henriqueramos_qs/meta-learning-concept-drift/.venv/lib/python3.12/site-packages/sklearn/metrics/_pairwise_distances_reduction/_radius_neighbors.cpython-312-x86_64-linux-gnu.so
7eb444a55000-7eb444a57000 rw-p 00032000 fc:00 35400169                   /home/henriqueramos_qs/meta-learning-concept-drift/.venv/lib/python3.12/site-packages/sklearn/metrics/_pairwise_distances_reduction/_radius_neighbors.cpython-312-x86_64-linux-gnu.so
7eb444a57000-7eb444a58000 rw-p 00000000 00:00 0 
7eb444a58000-7eb444a5c000 rw-p 00042000 fc:00 35400169                   /home/henriqueramos_qs/meta-learning-concept-drift/.venv/lib/python3.12/site-packages/sklearn/metrics/_pairwise_distances_reduction/_radius_neighbors.cpython-312-x86_64-linux-gnu.so
7eb444a5c000-7eb444a62000 r--p 00000000 fc:00 35400166                   /home/henriqueramos_qs/meta-learning-concept-drift/.venv/lib/python3.12/site-packages/sklearn/metrics/_pairwise_distances_reduction/_middle_term_computer.cpython-312-x86_64-linux-gnu.so
7eb444a62000-7eb444a95000 r-xp 00006000 fc:00 35400166                   /home/henriqueramos_qs/meta-learning-concept-drift/.venv/lib/python3.12/site-packages/sklearn/metrics/_pairwise_distances_reduction/_middle_term_computer.cpython-312-x86_64-linux-gnu.so
7eb444a95000-7eb444aa1000 r--p 00039000 fc:00 35400166                   /home/henriqueramos_qs/meta-learning-concept-drift/.venv/lib/python3.12/site-packages/sklearn/metrics/_pairwise_distances_reduction/_middle_term_computer.cpython-312-x86_64-linux-gnu.so
7eb444aa1000-7eb444aa2000 ---p 00045000 fc:00 35400166                   /home/henriqueramos_qs/meta-learning-concept-drift/.venv/lib/python3.12/site-packages/sklearn/metrics/_pairwise_distances_reduction/_middle_term_computer.cpython-312-x86_64-linux-gnu.so
7eb444aa2000-7eb444aa3000 r--p 00045000 fc:00 35400166                   /home/henriqueramos_qs/meta-learning-concept-drift/.venv/lib/python3.12/site-packages/sklearn/metrics/_pairwise_distances_reduction/_middle_term_computer.cpython-312-x86_64-linux-gnu.so
7eb444aa3000-7eb444aa5000 rw-p 00046000 fc:00 35400166                   /home/henriqueramos_qs/meta-learning-concept-drift/.venv/lib/python3.12/site-packages/sklearn/metrics/_pairwise_distances_reduction/_middle_term_computer.cpython-312-x86_64-linux-gnu.so
7eb444aa5000-7eb444aa6000 rw-p 00000000 00:00 0 
7eb444aa6000-7eb444aab000 r--p 00000000 fc:00 35400423                   /home/henriqueramos_qs/meta-learning-concept-drift/.venv/lib/python3.12/site-packages/sklearn/utils/_cython_blas.cpython-312-x86_64-linux-gnu.so
7eb444aab000-7eb444ae8000 r-xp 00005000 fc:00 35400423                   /home/henriqueramos_qs/meta-learning-concept-drift/.venv/lib/python3.12/site-packages/sklearn/utils/_cython_blas.cpython-312-x86_64-linux-gnu.so
7eb444ae8000-7eb444af1000 r--p 00042000 fc:00 35400423                   /home/henriqueramos_qs/meta-learning-concept-drift/.venv/lib/python3.12/site-packages/sklearn/utils/_cython_blas.cpython-312-x86_64-linux-gnu.so
7eb444af1000-7eb444af2000 r--p 0004a000 fc:00 35400423                   /home/henriqueramos_qs/meta-learning-concept-drift/.venv/lib/python3.12/site-packages/sklearn/utils/_cython_blas.cpython-312-x86_64-linux-gnu.so
7eb444af2000-7eb444af4000 rw-p 0004b000 fc:00 35400423                   /home/henriqueramos_qs/meta-learning-concept-drift/.venv/lib/python3.12/site-packages/sklearn/utils/_cython_blas.cpython-312-x86_64-linux-gnu.so
7eb444af4000-7eb444af6000 r--p 00000000 fc:00 34868911                   /home/henriqueramos_qs/meta-learning-concept-drift/.venv/lib/python3.12/site-packages/scipy/stats/_mvn.cpython-312-x86_64-linux-gnu.so
7eb444af6000-7eb444aff000 r-xp 00002000 fc:00 34868911                   /home/henriqueramos_qs/meta-learning-concept-drift/.venv/lib/python3.12/site-packages/scipy/stats/_mvn.cpython-312-x86_64-linux-gnu.so
7eb444aff000-7eb444b05000 r--p 0000b000 fc:00 34868911                   /home/henriqueramos_qs/meta-learning-concept-drift/.venv/lib/python3.12/site-packages/scipy/stats/_mvn.cpython-312-x86_64-linux-gnu.so
7eb444b05000-7eb444b06000 r--p 00010000 fc:00 34868911                   /home/henriqueramos_qs/meta-learning-concept-drift/.venv/lib/python3.12/site-packages/scipy/stats/_mvn.cpython-312-x86_64-linux-gnu.so
7eb444b06000-7eb444b08000 rw-p 00011000 fc:00 34868911                   /home/henriqueramos_qs/meta-learning-concept-drift/.venv/lib/python3.12/site-packages/scipy/stats/_mvn.cpython-312-x86_64-linux-gnu.so
7eb444b08000-7eb444bff000 rw-p 00000000 00:00 0 
7eb444bff000-7eb444c00000 ---p 00000000 00:00 0 
7eb444c00000-7eb445400000 rw-p 00000000 00:00 0 
7eb445400000-7eb447400000 rw-p 00000000 00:00 0 
7eb447405000-7eb44740b000 r--p 00000000 fc:00 35400162                   /home/henriqueramos_qs/meta-learning-concept-drift/.venv/lib/python3.12/site-packages/sklearn/metrics/_pairwise_distances_reduction/_datasets_pair.cpython-312-x86_64-linux-gnu.so
7eb44740b000-7eb44743e000 r-xp 00006000 fc:00 35400162                   /home/henriqueramos_qs/meta-learning-concept-drift/.venv/lib/python3.12/site-packages/sklearn/metrics/_pairwise_distances_reduction/_datasets_pair.cpython-312-x86_64-linux-gnu.so
7eb44743e000-7eb44744b000 r--p 00039000 fc:00 35400162                   /home/henriqueramos_qs/meta-learning-concept-drift/.venv/lib/python3.12/site-packages/sklearn/metrics/_pairwise_distances_reduction/_datasets_pair.cpython-312-x86_64-linux-gnu.so
7eb44744b000-7eb44744c000 r--p 00045000 fc:00 35400162                   /home/henriqueramos_qs/meta-learning-concept-drift/.venv/lib/python3.12/site-packages/sklearn/metrics/_pairwise_distances_reduction/_datasets_pair.cpython-312-x86_64-linux-gnu.so
7eb44744c000-7eb44744f000 rw-p 00046000 fc:00 35400162                   /home/henriqueramos_qs/meta-learning-concept-drift/.venv/lib/python3.12/site-packages/sklearn/metrics/_pairwise_distances_reduction/_datasets_pair.cpython-312-x86_64-linux-gnu.so
7eb44744f000-7eb447454000 r--p 00000000 fc:00 35400158                   /home/henriqueramos_qs/meta-learning-concept-drift/.venv/lib/python3.12/site-packages/sklearn/metrics/_pairwise_distances_reduction/_base.cpython-312-x86_64-linux-gnu.so
7eb447454000-7eb44746f000 r-xp 00005000 fc:00 35400158                   /home/henriqueramos_qs/meta-learning-concept-drift/.venv/lib/python3.12/site-packages/sklearn/metrics/_pairwise_distances_reduction/_base.cpython-312-x86_64-linux-gnu.so
7eb44746f000-7eb447476000 r--p 00020000 fc:00 35400158                   /home/henriqueramos_qs/meta-learning-concept-drift/.venv/lib/python3.12/site-packages/sklearn/metrics/_pairwise_distances_reduction/_base.cpython-312-x86_64-linux-gnu.so
7eb447476000-7eb447477000 ---p 00027000 fc:00 35400158                   /home/henriqueramos_qs/meta-learning-concept-drift/.venv/lib/python3.12/site-packages/sklearn/metrics/_pairwise_distances_reduction/_base.cpython-312-x86_64-linux-gnu.so
7eb447477000-7eb447478000 r--p 00027000 fc:00 35400158                   /home/henriqueramos_qs/meta-learning-concept-drift/.venv/lib/python3.12/site-packages/sklearn/metrics/_pairwise_distances_reduction/_base.cpython-312-x86_64-linux-gnu.so
7eb447478000-7eb44747a000 rw-p 00028000 fc:00 35400158                   /home/henriqueramos_qs/meta-learning-concept-drift/.venv/lib/python3.12/site-packages/sklearn/metrics/_pairwise_distances_reduction/_base.cpython-312-x86_64-linux-gnu.so
7eb44747a000-7eb44747d000 rw-p 00034000 fc:00 35400158                   /home/henriqueramos_qs/meta-learning-concept-drift/.venv/lib/python3.12/site-packages/sklearn/metrics/_pairwise_distances_reduction/_base.cpython-312-x86_64-linux-gnu.so
7eb44747d000-7eb447486000 r--p 00000000 fc:00 35400140                   /home/henriqueramos_qs/meta-learning-concept-drift/.venv/lib/python3.12/site-packages/sklearn/metrics/_dist_metrics.cpython-312-x86_64-linux-gnu.so
7eb447486000-7eb4474df000 r-xp 00009000 fc:00 35400140                   /home/henriqueramos_qs/meta-learning-concept-drift/.venv/lib/python3.12/site-packages/sklearn/metrics/_dist_metrics.cpython-312-x86_64-linux-gnu.so
7eb4474df000-7eb4474f4000 r--p 00062000 fc:00 35400140                   /home/henriqueramos_qs/meta-learning-concept-drift/.venv/lib/python3.12/site-packages/sklearn/metrics/_dist_metrics.cpython-312-x86_64-linux-gnu.so
7eb4474f4000-7eb4474f5000 ---p 00077000 fc:00 35400140                   /home/henriqueramos_qs/meta-learning-concept-drift/.venv/lib/python3.12/site-packages/sklearn/metrics/_dist_metrics.cpython-312-x86_64-linux-gnu.so
7eb4474f5000-7eb4474f7000 r--p 00077000 fc:00 35400140                   /home/henriqueramos_qs/meta-learning-concept-drift/.venv/lib/python3.12/site-packages/sklearn/metrics/_dist_metrics.cpython-312-x86_64-linux-gnu.so
7eb4474f7000-7eb4474fd000 rw-p 00079000 fc:00 35400140                   /home/henriqueramos_qs/meta-learning-concept-drift/.venv/lib/python3.12/site-packages/sklearn/metrics/_dist_metrics.cpython-312-x86_64-linux-gnu.so
7eb4474fd000-7eb4475ff000 rw-p 00000000 00:00 0 
7eb4475ff000-7eb447600000 ---p 00000000 00:00 0 
7eb447600000-7eb447e00000 rw-p 00000000 00:00 0 
7eb447e00000-7eb449e00000 rw-p 00000000 00:00 0 
7eb449e06000-7eb449e0a000 r--p 00000000 fc:00 35399807                   /home/henriqueramos_qs/meta-learning-concept-drift/.venv/lib/python3.12/site-packages/sklearn/decomposition/_cdnmf_fast.cpython-312-x86_64-linux-gnu.so
7eb449e0a000-7eb449e18000 r-xp 00004000 fc:00 35399807                   /home/henriqueramos_qs/meta-learning-concept-drift/.venv/lib/python3.12/site-packages/sklearn/decomposition/_cdnmf_fast.cpython-312-x86_64-linux-gnu.so
7eb449e18000-7eb449e1d000 r--p 00012000 fc:00 35399807                   /home/henriqueramos_qs/meta-learning-concept-drift/.venv/lib/python3.12/site-packages/sklearn/decomposition/_cdnmf_fast.cpython-312-x86_64-linux-gnu.so
7eb449e1d000-7eb449e1e000 r--p 00016000 fc:00 35399807                   /home/henriqueramos_qs/meta-learning-concept-drift/.venv/lib/python3.12/site-packages/sklearn/decomposition/_cdnmf_fast.cpython-312-x86_64-linux-gnu.so
7eb449e1e000-7eb449e1f000 rw-p 00017000 fc:00 35399807                   /home/henriqueramos_qs/meta-learning-concept-drift/.venv/lib/python3.12/site-packages/sklearn/decomposition/_cdnmf_fast.cpython-312-x86_64-linux-gnu.so
7eb449e1f000-7eb449e20000 rw-p 00000000 00:00 0 
7eb449e20000-7eb449e25000 r--p 00000000 fc:00 35400153                   /home/henriqueramos_qs/meta-learning-concept-drift/.venv/lib/python3.12/site-packages/sklearn/metrics/_pairwise_distances_reduction/_argkmin.cpython-312-x86_64-linux-gnu.so
7eb449e25000-7eb449e47000 r-xp 00005000 fc:00 35400153                   /home/henriqueramos_qs/meta-learning-concept-drift/.venv/lib/python3.12/site-packages/sklearn/metrics/_pairwise_distances_reduction/_argkmin.cpython-312-x86_64-linux-gnu.so
7eb449e47000-7eb449e4f000 r--p 00027000 fc:00 35400153                   /home/henriqueramos_qs/meta-learning-concept-drift/.venv/lib/python3.12/site-packages/sklearn/metrics/_pairwise_distances_reduction/_argkmin.cpython-312-x86_64-linux-gnu.so
7eb449e4f000-7eb449e50000 r--p 0002e000 fc:00 35400153                   /home/henriqueramos_qs/meta-learning-concept-drift/.venv/lib/python3.12/site-packages/sklearn/metrics/_pairwise_distances_reduction/_argkmin.cpython-312-x86_64-linux-gnu.so
7eb449e50000-7eb449e52000 rw-p 0002f000 fc:00 35400153                   /home/henriqueramos_qs/meta-learning-concept-drift/.venv/lib/python3.12/site-packages/sklearn/metrics/_pairwise_distances_reduction/_argkmin.cpython-312-x86_64-linux-gnu.so
7eb449e52000-7eb449e55000 rw-p 0003c000 fc:00 35400153                   /home/henriqueramos_qs/meta-learning-concept-drift/.venv/lib/python3.12/site-packages/sklearn/metrics/_pairwise_distances_reduction/_argkmin.cpython-312-x86_64-linux-gnu.so
7eb449e55000-7eb449e5a000 r--p 00000000 fc:00 35400300                   /home/henriqueramos_qs/meta-learning-concept-drift/.venv/lib/python3.12/site-packages/sklearn/preprocessing/_target_encoder_fast.cpython-312-x86_64-linux-gnu.so
7eb449e5a000-7eb449ea1000 r-xp 00005000 fc:00 35400300                   /home/henriqueramos_qs/meta-learning-concept-drift/.venv/lib/python3.12/site-packages/sklearn/preprocessing/_target_encoder_fast.cpython-312-x86_64-linux-gnu.so
7eb449ea1000-7eb449ea8000 r--p 0004c000 fc:00 35400300                   /home/henriqueramos_qs/meta-learning-concept-drift/.venv/lib/python3.12/site-packages/sklearn/preprocessing/_target_encoder_fast.cpython-312-x86_64-linux-gnu.so
7eb449ea8000-7eb449ea9000 ---p 00053000 fc:00 35400300                   /home/henriqueramos_qs/meta-learning-concept-drift/.venv/lib/python3.12/site-packages/sklearn/preprocessing/_target_encoder_fast.cpython-312-x86_64-linux-gnu.so
7eb449ea9000-7eb449eaa000 r--p 00053000 fc:00 35400300                   /home/henriqueramos_qs/meta-learning-concept-drift/.venv/lib/python3.12/site-packages/sklearn/preprocessing/_target_encoder_fast.cpython-312-x86_64-linux-gnu.so
7eb449eaa000-7eb449eac000 rw-p 00054000 fc:00 35400300                   /home/henriqueramos_qs/meta-learning-concept-drift/.venv/lib/python3.12/site-packages/sklearn/preprocessing/_target_encoder_fast.cpython-312-x86_64-linux-gnu.so
7eb449eac000-7eb449eb1000 r--p 00000000 fc:00 35400291                   /home/henriqueramos_qs/meta-learning-concept-drift/.venv/lib/python3.12/site-packages/sklearn/preprocessing/_csr_polynomial_expansion.cpython-312-x86_64-linux-gnu.so
7eb449eb1000-7eb449ef4000 r-xp 00005000 fc:00 35400291                   /home/henriqueramos_qs/meta-learning-concept-drift/.venv/lib/python3.12/site-packages/sklearn/preprocessing/_csr_polynomial_expansion.cpython-312-x86_64-linux-gnu.so
7eb449ef4000-7eb449efb000 r--p 00048000 fc:00 35400291                   /home/henriqueramos_qs/meta-learning-concept-drift/.venv/lib/python3.12/site-packages/sklearn/preprocessing/_csr_polynomial_expansion.cpython-312-x86_64-linux-gnu.so
7eb449efb000-7eb449efc000 ---p 0004f000 fc:00 35400291                   /home/henriqueramos_qs/meta-learning-concept-drift/.venv/lib/python3.12/site-packages/sklearn/preprocessing/_csr_polynomial_expansion.cpython-312-x86_64-linux-gnu.so
7eb449efc000-7eb449efd000 r--p 0004f000 fc:00 35400291                   /home/henriqueramos_qs/meta-learning-concept-drift/.venv/lib/python3.12/site-packages/sklearn/preprocessing/_csr_polynomial_expansion.cpython-312-x86_64-linux-gnu.so
7eb449efd000-7eb449eff000 rw-p 00050000 fc:00 35400291                   /home/henriqueramos_qs/meta-learning-concept-drift/.venv/lib/python3.12/site-packages/sklearn/preprocessing/_csr_polynomial_expansion.cpython-312-x86_64-linux-gnu.so
7eb449eff000-7eb449f06000 r--p 00000000 fc:00 34868507                   /home/henriqueramos_qs/meta-learning-concept-drift/.venv/lib/python3.12/site-packages/scipy/fft/_pocketfft/pypocketfft.cpython-312-x86_64-linux-gnu.so
7eb449f06000-7eb449fe0000 r-xp 00007000 fc:00 34868507                   /home/henriqueramos_qs/meta-learning-concept-drift/.venv/lib/python3.12/site-packages/scipy/fft/_pocketfft/pypocketfft.cpython-312-x86_64-linux-gnu.so
7eb449fe0000-7eb449ffa000 r--p 000e1000 fc:00 34868507                   /home/henriqueramos_qs/meta-learning-concept-drift/.venv/lib/python3.12/site-packages/scipy/fft/_pocketfft/pypocketfft.cpython-312-x86_64-linux-gnu.so
7eb449ffa000-7eb449ffb000 ---p 000fb000 fc:00 34868507                   /home/henriqueramos_qs/meta-learning-concept-drift/.venv/lib/python3.12/site-packages/scipy/fft/_pocketfft/pypocketfft.cpython-312-x86_64-linux-gnu.so
7eb449ffb000-7eb449ffc000 r--p 000fb000 fc:00 34868507                   /home/henriqueramos_qs/meta-learning-concept-drift/.venv/lib/python3.12/site-packages/scipy/fft/_pocketfft/pypocketfft.cpython-312-x86_64-linux-gnu.so
7eb449ffc000-7eb449ffd000 rw-p 000fc000 fc:00 34868507                   /home/henriqueramos_qs/meta-learning-concept-drift/.venv/lib/python3.12/site-packages/scipy/fft/_pocketfft/pypocketfft.cpython-312-x86_64-linux-gnu.so
7eb449ffd000-7eb449fff000 rw-p 00000000 00:00 0 
7eb449fff000-7eb44a000000 ---p 00000000 00:00 0 
7eb44a000000-7eb44a800000 rw-p 00000000 00:00 0 
7eb44a800000-7eb44c800000 rw-p 00000000 00:00 0 
7eb44c80c000-7eb44c814000 r--p 00000000 fc:00 35400243                   /home/henriqueramos_qs/meta-learning-concept-drift/.venv/lib/python3.12/site-packages/sklearn/neighbors/_ball_tree.cpython-312-x86_64-linux-gnu.so
7eb44c814000-7eb44c87f000 r-xp 00008000 fc:00 35400243                   /home/henriqueramos_qs/meta-learning-concept-drift/.venv/lib/python3.12/site-packages/sklearn/neighbors/_ball_tree.cpython-312-x86_64-linux-gnu.so
7eb44c87f000-7eb44c894000 r--p 00073000 fc:00 35400243                   /home/henriqueramos_qs/meta-learning-concept-drift/.venv/lib/python3.12/site-packages/sklearn/neighbors/_ball_tree.cpython-312-x86_64-linux-gnu.so
7eb44c894000-7eb44c895000 ---p 00088000 fc:00 35400243                   /home/henriqueramos_qs/meta-learning-concept-drift/.venv/lib/python3.12/site-packages/sklearn/neighbors/_ball_tree.cpython-312-x86_64-linux-gnu.so
7eb44c895000-7eb44c897000 r--p 00088000 fc:00 35400243                   /home/henriqueramos_qs/meta-learning-concept-drift/.venv/lib/python3.12/site-packages/sklearn/neighbors/_ball_tree.cpython-312-x86_64-linux-gnu.so
7eb44c897000-7eb44c89a000 rw-p 0008a000 fc:00 35400243                   /home/henriqueramos_qs/meta-learning-concept-drift/.venv/lib/python3.12/site-packages/sklearn/neighbors/_ball_tree.cpython-312-x86_64-linux-gnu.so
7eb44c89a000-7eb44c89b000 rw-p 00000000 00:00 0 
7eb44c89b000-7eb44c8a3000 r--p 00000000 fc:00 35400403                   /home/henriqueramos_qs/meta-learning-concept-drift/.venv/lib/python3.12/site-packages/sklearn/tree/_tree.cpython-312-x86_64-linux-gnu.so
7eb44c8a3000-7eb44c8ea000 r-xp 00008000 fc:00 35400403                   /home/henriqueramos_qs/meta-learning-concept-drift/.venv/lib/python3.12/site-packages/sklearn/tree/_tree.cpython-312-x86_64-linux-gnu.so
7eb44c8ea000-7eb44c8f8000 r--p 0004f000 fc:00 35400403                   /home/henriqueramos_qs/meta-learning-concept-drift/.venv/lib/python3.12/site-packages/sklearn/tree/_tree.cpython-312-x86_64-linux-gnu.so
7eb44c8f8000-7eb44c8f9000 ---p 0005d000 fc:00 35400403                   /home/henriqueramos_qs/meta-learning-concept-drift/.venv/lib/python3.12/site-packages/sklearn/tree/_tree.cpython-312-x86_64-linux-gnu.so
7eb44c8f9000-7eb44c8fb000 r--p 0005d000 fc:00 35400403                   /home/henriqueramos_qs/meta-learning-concept-drift/.venv/lib/python3.12/site-packages/sklearn/tree/_tree.cpython-312-x86_64-linux-gnu.so
7eb44c8fb000-7eb44c8fe000 rw-p 0005f000 fc:00 35400403                   /home/henriqueramos_qs/meta-learning-concept-drift/.venv/lib/python3.12/site-packages/sklearn/tree/_tree.cpython-312-x86_64-linux-gnu.so
7eb44c8fe000-7eb44c9ff000 rw-p 00000000 00:00 0 
7eb44c9ff000-7eb44ca00000 ---p 00000000 00:00 0 
7eb44ca00000-7eb44d200000 rw-p 00000000 00:00 0 
7eb44d200000-7eb44f200000 rw-p 00000000 00:00 0 
7eb44f207000-7eb44f20b000 r--p 00000000 fc:00 35400156                   /home/henriqueramos_qs/meta-learning-concept-drift/.venv/lib/python3.12/site-packages/sklearn/metrics/_pairwise_distances_reduction/_argkmin_classmode.cpython-312-x86_64-linux-gnu.so
7eb44f20b000-7eb44f21f000 r-xp 00004000 fc:00 35400156                   /home/henriqueramos_qs/meta-learning-concept-drift/.venv/lib/python3.12/site-packages/sklearn/metrics/_pairwise_distances_reduction/_argkmin_classmode.cpython-312-x86_64-linux-gnu.so
7eb44f21f000-7eb44f225000 r--p 00018000 fc:00 35400156                   /home/henriqueramos_qs/meta-learning-concept-drift/.venv/lib/python3.12/site-packages/sklearn/metrics/_pairwise_distances_reduction/_argkmin_classmode.cpython-312-x86_64-linux-gnu.so
7eb44f225000-7eb44f226000 r--p 0001d000 fc:00 35400156                   /home/henriqueramos_qs/meta-learning-concept-drift/.venv/lib/python3.12/site-packages/sklearn/metrics/_pairwise_distances_reduction/_argkmin_classmode.cpython-312-x86_64-linux-gnu.so
7eb44f226000-7eb44f227000 rw-p 0001e000 fc:00 35400156                   /home/henriqueramos_qs/meta-learning-concept-drift/.venv/lib/python3.12/site-packages/sklearn/metrics/_pairwise_distances_reduction/_argkmin_classmode.cpython-312-x86_64-linux-gnu.so
7eb44f227000-7eb44f228000 rw-p 00000000 00:00 0 
7eb44f228000-7eb44f22b000 rw-p 00027000 fc:00 35400156                   /home/henriqueramos_qs/meta-learning-concept-drift/.venv/lib/python3.12/site-packages/sklearn/metrics/_pairwise_distances_reduction/_argkmin_classmode.cpython-312-x86_64-linux-gnu.so
7eb44f22b000-7eb44f230000 r--p 00000000 fc:00 35400392                   /home/henriqueramos_qs/meta-learning-concept-drift/.venv/lib/python3.12/site-packages/sklearn/tree/_criterion.cpython-312-x86_64-linux-gnu.so
7eb44f230000-7eb44f24d000 r-xp 00005000 fc:00 35400392                   /home/henriqueramos_qs/meta-learning-concept-drift/.venv/lib/python3.12/site-packages/sklearn/tree/_criterion.cpython-312-x86_64-linux-gnu.so
7eb44f24d000-7eb44f255000 r--p 00022000 fc:00 35400392                   /home/henriqueramos_qs/meta-learning-concept-drift/.venv/lib/python3.12/site-packages/sklearn/tree/_criterion.cpython-312-x86_64-linux-gnu.so
7eb44f255000-7eb44f256000 r--p 00029000 fc:00 35400392                   /home/henriqueramos_qs/meta-learning-concept-drift/.venv/lib/python3.12/site-packages/sklearn/tree/_criterion.cpython-312-x86_64-linux-gnu.so
7eb44f256000-7eb44f258000 rw-p 0002a000 fc:00 35400392                   /home/henriqueramos_qs/meta-learning-concept-drift/.venv/lib/python3.12/site-packages/sklearn/tree/_criterion.cpython-312-x86_64-linux-gnu.so
7eb44f258000-7eb44f259000 rw-p 00000000 00:00 0 
7eb44f259000-7eb44f25e000 r--p 00000000 fc:00 35400493                   /home/henriqueramos_qs/meta-learning-concept-drift/.venv/lib/python3.12/site-packages/sklearn/utils/sparsefuncs_fast.cpython-312-x86_64-linux-gnu.so
7eb44f25e000-7eb44f2ee000 r-xp 00005000 fc:00 35400493                   /home/henriqueramos_qs/meta-learning-concept-drift/.venv/lib/python3.12/site-packages/sklearn/utils/sparsefuncs_fast.cpython-312-x86_64-linux-gnu.so
7eb44f2ee000-7eb44f2fb000 r--p 00095000 fc:00 35400493                   /home/henriqueramos_qs/meta-learning-concept-drift/.venv/lib/python3.12/site-packages/sklearn/utils/sparsefuncs_fast.cpython-312-x86_64-linux-gnu.so
7eb44f2fb000-7eb44f2fd000 r--p 000a1000 fc:00 35400493                   /home/henriqueramos_qs/meta-learning-concept-drift/.venv/lib/python3.12/site-packages/sklearn/utils/sparsefuncs_fast.cpython-312-x86_64-linux-gnu.so
7eb44f2fd000-7eb44f2ff000 rw-p 000a3000 fc:00 35400493                   /home/henriqueramos_qs/meta-learning-concept-drift/.venv/lib/python3.12/site-packages/sklearn/utils/sparsefuncs_fast.cpython-312-x86_64-linux-gnu.so
7eb44f2ff000-7eb44f3ff000 rw-p 00000000 00:00 0 
7eb44f3ff000-7eb44f400000 ---p 00000000 00:00 0 
7eb44f400000-7eb44fc00000 rw-p 00000000 00:00 0 
7eb44fc00000-7eb451c00000 rw-p 00000000 00:00 0 
7eb451c02000-7eb451c04000 r--p 00000000 08:05 8922103                    /usr/lib/jvm/java-21-openjdk-amd64/lib/libzip.so
7eb451c04000-7eb451c09000 r-xp 00002000 08:05 8922103                    /usr/lib/jvm/java-21-openjdk-amd64/lib/libzip.so
7eb451c09000-7eb451c0b000 r--p 00007000 08:05 8922103                    /usr/lib/jvm/java-21-openjdk-amd64/lib/libzip.so
7eb451c0b000-7eb451c0c000 r--p 00008000 08:05 8922103                    /usr/lib/jvm/java-21-openjdk-amd64/lib/libzip.so
7eb451c0c000-7eb451c0d000 rw-p 00009000 08:05 8922103                    /usr/lib/jvm/java-21-openjdk-amd64/lib/libzip.so
7eb451c0d000-7eb451c11000 r--p 00000000 fc:00 35400193                   /home/henriqueramos_qs/meta-learning-concept-drift/.venv/lib/python3.12/site-packages/sklearn/metrics/cluster/_expected_mutual_info_fast.cpython-312-x86_64-linux-gnu.so
7eb451c11000-7eb451c1f000 r-xp 00004000 fc:00 35400193                   /home/henriqueramos_qs/meta-learning-concept-drift/.venv/lib/python3.12/site-packages/sklearn/metrics/cluster/_expected_mutual_info_fast.cpython-312-x86_64-linux-gnu.so
7eb451c1f000-7eb451c23000 r--p 00012000 fc:00 35400193                   /home/henriqueramos_qs/meta-learning-concept-drift/.venv/lib/python3.12/site-packages/sklearn/metrics/cluster/_expected_mutual_info_fast.cpython-312-x86_64-linux-gnu.so
7eb451c23000-7eb451c24000 r--p 00015000 fc:00 35400193                   /home/henriqueramos_qs/meta-learning-concept-drift/.venv/lib/python3.12/site-packages/sklearn/metrics/cluster/_expected_mutual_info_fast.cpython-312-x86_64-linux-gnu.so
7eb451c24000-7eb451c25000 rw-p 00016000 fc:00 35400193                   /home/henriqueramos_qs/meta-learning-concept-drift/.venv/lib/python3.12/site-packages/sklearn/metrics/cluster/_expected_mutual_info_fast.cpython-312-x86_64-linux-gnu.so
7eb451c25000-7eb451c2a000 r--p 00000000 fc:00 34869483                   /home/henriqueramos_qs/meta-learning-concept-drift/.venv/lib/python3.12/site-packages/scipy/ndimage/_ni_label.cpython-312-x86_64-linux-gnu.so
7eb451c2a000-7eb451c7a000 r-xp 00005000 fc:00 34869483                   /home/henriqueramos_qs/meta-learning-concept-drift/.venv/lib/python3.12/site-packages/scipy/ndimage/_ni_label.cpython-312-x86_64-linux-gnu.so
7eb451c7a000-7eb451c84000 r--p 00055000 fc:00 34869483                   /home/henriqueramos_qs/meta-learning-concept-drift/.venv/lib/python3.12/site-packages/scipy/ndimage/_ni_label.cpython-312-x86_64-linux-gnu.so
7eb451c84000-7eb451c85000 r--p 0005e000 fc:00 34869483                   /home/henriqueramos_qs/meta-learning-concept-drift/.venv/lib/python3.12/site-packages/scipy/ndimage/_ni_label.cpython-312-x86_64-linux-gnu.so
7eb451c85000-7eb451c88000 rw-p 0005f000 fc:00 34869483                   /home/henriqueramos_qs/meta-learning-concept-drift/.venv/lib/python3.12/site-packages/scipy/ndimage/_ni_label.cpython-312-x86_64-linux-gnu.so
7eb451c88000-7eb451c8d000 r--p 00000000 fc:00 34869022                   /home/henriqueramos_qs/meta-learning-concept-drift/.venv/lib/python3.12/site-packages/scipy/stats/_rcont/rcont.cpython-312-x86_64-linux-gnu.so
7eb451c8d000-7eb451cb3000 r-xp 00005000 fc:00 34869022                   /home/henriqueramos_qs/meta-learning-concept-drift/.venv/lib/python3.12/site-packages/scipy/stats/_rcont/rcont.cpython-312-x86_64-linux-gnu.so
7eb451cb3000-7eb451cbc000 r--p 0002b000 fc:00 34869022                   /home/henriqueramos_qs/meta-learning-concept-drift/.venv/lib/python3.12/site-packages/scipy/stats/_rcont/rcont.cpython-312-x86_64-linux-gnu.so
7eb451cbc000-7eb451cbd000 ---p 00034000 fc:00 34869022                   /home/henriqueramos_qs/meta-learning-concept-drift/.venv/lib/python3.12/site-packages/scipy/stats/_rcont/rcont.cpython-312-x86_64-linux-gnu.so
7eb451cbd000-7eb451cbe000 r--p 00034000 fc:00 34869022                   /home/henriqueramos_qs/meta-learning-concept-drift/.venv/lib/python3.12/site-packages/scipy/stats/_rcont/rcont.cpython-312-x86_64-linux-gnu.so
7eb451cbe000-7eb451cc0000 rw-p 00035000 fc:00 34869022                   /home/henriqueramos_qs/meta-learning-concept-drift/.venv/lib/python3.12/site-packages/scipy/stats/_rcont/rcont.cpython-312-x86_64-linux-gnu.so
7eb451cc0000-7eb451cc1000 rw-p 00000000 00:00 0 
7eb451cc1000-7eb451cc7000 r--p 00000000 fc:00 34868914                   /home/henriqueramos_qs/meta-learning-concept-drift/.venv/lib/python3.12/site-packages/scipy/stats/_qmc_cy.cpython-312-x86_64-linux-gnu.so
7eb451cc7000-7eb451cf2000 r-xp 00006000 fc:00 34868914                   /home/henriqueramos_qs/meta-learning-concept-drift/.venv/lib/python3.12/site-packages/scipy/stats/_qmc_cy.cpython-312-x86_64-linux-gnu.so
7eb451cf2000-7eb451cfb000 r--p 00031000 fc:00 34868914                   /home/henriqueramos_qs/meta-learning-concept-drift/.venv/lib/python3.12/site-packages/scipy/stats/_qmc_cy.cpython-312-x86_64-linux-gnu.so
7eb451cfb000-7eb451cfc000 r--p 00039000 fc:00 34868914                   /home/henriqueramos_qs/meta-learning-concept-drift/.venv/lib/python3.12/site-packages/scipy/stats/_qmc_cy.cpython-312-x86_64-linux-gnu.so
7eb451cfc000-7eb451cfe000 rw-p 0003a000 fc:00 34868914                   /home/henriqueramos_qs/meta-learning-concept-drift/.venv/lib/python3.12/site-packages/scipy/stats/_qmc_cy.cpython-312-x86_64-linux-gnu.so
7eb451cfe000-7eb451dff000 rw-p 00000000 00:00 0 
7eb451dff000-7eb451e00000 ---p 00000000 00:00 0 
7eb451e00000-7eb452600000 rw-p 00000000 00:00 0 
7eb452600000-7eb454600000 rw-p 00000000 00:00 0 
7eb454607000-7eb45460b000 r--p 00000000 fc:00 35400400                   /home/henriqueramos_qs/meta-learning-concept-drift/.venv/lib/python3.12/site-packages/sklearn/tree/_splitter.cpython-312-x86_64-linux-gnu.so
7eb45460b000-7eb45461f000 r-xp 00004000 fc:00 35400400                   /home/henriqueramos_qs/meta-learning-concept-drift/.venv/lib/python3.12/site-packages/sklearn/tree/_splitter.cpython-312-x86_64-linux-gnu.so
7eb45461f000-7eb454626000 r--p 00018000 fc:00 35400400                   /home/henriqueramos_qs/meta-learning-concept-drift/.venv/lib/python3.12/site-packages/sklearn/tree/_splitter.cpython-312-x86_64-linux-gnu.so
7eb454626000-7eb454627000 r--p 0001e000 fc:00 35400400                   /home/henriqueramos_qs/meta-learning-concept-drift/.venv/lib/python3.12/site-packages/sklearn/tree/_splitter.cpython-312-x86_64-linux-gnu.so
7eb454627000-7eb454629000 rw-p 0001f000 fc:00 35400400                   /home/henriqueramos_qs/meta-learning-concept-drift/.venv/lib/python3.12/site-packages/sklearn/tree/_splitter.cpython-312-x86_64-linux-gnu.so
7eb454629000-7eb45462e000 r--p 00000000 fc:00 34868917                   /home/henriqueramos_qs/meta-learning-concept-drift/.venv/lib/python3.12/site-packages/scipy/stats/_sobol.cpython-312-x86_64-linux-gnu.so
7eb45462e000-7eb454672000 r-xp 00005000 fc:00 34868917                   /home/henriqueramos_qs/meta-learning-concept-drift/.venv/lib/python3.12/site-packages/scipy/stats/_sobol.cpython-312-x86_64-linux-gnu.so
7eb454672000-7eb45467c000 r--p 00049000 fc:00 34868917                   /home/henriqueramos_qs/meta-learning-concept-drift/.venv/lib/python3.12/site-packages/scipy/stats/_sobol.cpython-312-x86_64-linux-gnu.so
7eb45467c000-7eb45467d000 r--p 00052000 fc:00 34868917                   /home/henriqueramos_qs/meta-learning-concept-drift/.venv/lib/python3.12/site-packages/scipy/stats/_sobol.cpython-312-x86_64-linux-gnu.so
7eb45467d000-7eb45467f000 rw-p 00053000 fc:00 34868917                   /home/henriqueramos_qs/meta-learning-concept-drift/.venv/lib/python3.12/site-packages/scipy/stats/_sobol.cpython-312-x86_64-linux-gnu.so
7eb45467f000-7eb454680000 rw-p 00000000 00:00 0 
7eb454680000-7eb454685000 r--p 00000000 fc:00 34868904                   /home/henriqueramos_qs/meta-learning-concept-drift/.venv/lib/python3.12/site-packages/scipy/stats/_ansari_swilk_statistics.cpython-312-x86_64-linux-gnu.so
7eb454685000-7eb4546b1000 r-xp 00005000 fc:00 34868904                   /home/henriqueramos_qs/meta-learning-concept-drift/.venv/lib/python3.12/site-packages/scipy/stats/_ansari_swilk_statistics.cpython-312-x86_64-linux-gnu.so
7eb4546b1000-7eb4546b9000 r--p 00031000 fc:00 34868904                   /home/henriqueramos_qs/meta-learning-concept-drift/.venv/lib/python3.12/site-packages/scipy/stats/_ansari_swilk_statistics.cpython-312-x86_64-linux-gnu.so
7eb4546b9000-7eb4546ba000 r--p 00038000 fc:00 34868904                   /home/henriqueramos_qs/meta-learning-concept-drift/.venv/lib/python3.12/site-packages/scipy/stats/_ansari_swilk_statistics.cpython-312-x86_64-linux-gnu.so
7eb4546ba000-7eb4546bc000 rw-p 00039000 fc:00 34868904                   /home/henriqueramos_qs/meta-learning-concept-drift/.venv/lib/python3.12/site-packages/scipy/stats/_ansari_swilk_statistics.cpython-312-x86_64-linux-gnu.so
7eb4546bc000-7eb4546bd000 rw-p 00000000 00:00 0 
7eb4546bd000-7eb4546c2000 r--p 00000000 fc:00 34868938                   /home/henriqueramos_qs/meta-learning-concept-drift/.venv/lib/python3.12/site-packages/scipy/stats/_biasedurn.cpython-312-x86_64-linux-gnu.so
7eb4546c2000-7eb4546ec000 r-xp 00005000 fc:00 34868938                   /home/henriqueramos_qs/meta-learning-concept-drift/.venv/lib/python3.12/site-packages/scipy/stats/_biasedurn.cpython-312-x86_64-linux-gnu.so
7eb4546ec000-7eb4546f8000 r--p 0002f000 fc:00 34868938                   /home/henriqueramos_qs/meta-learning-concept-drift/.venv/lib/python3.12/site-packages/scipy/stats/_biasedurn.cpython-312-x86_64-linux-gnu.so
7eb4546f8000-7eb4546f9000 r--p 0003a000 fc:00 34868938                   /home/henriqueramos_qs/meta-learning-concept-drift/.venv/lib/python3.12/site-packages/scipy/stats/_biasedurn.cpython-312-x86_64-linux-gnu.so
7eb4546f9000-7eb4546fc000 rw-p 0003b000 fc:00 34868938                   /home/henriqueramos_qs/meta-learning-concept-drift/.venv/lib/python3.12/site-packages/scipy/stats/_biasedurn.cpython-312-x86_64-linux-gnu.so
7eb4546fc000-7eb4547ff000 rw-p 00000000 00:00 0 
7eb4547ff000-7eb454800000 ---p 00000000 00:00 0 
7eb454800000-7eb455000000 rw-p 00000000 00:00 0 
7eb455000000-7eb457000000 rw-p 00000000 00:00 0 
7eb457002000-7eb457005000 r--p 00000000 fc:00 35400470                   /home/henriqueramos_qs/meta-learning-concept-drift/.venv/lib/python3.12/site-packages/sklearn/utils/_weight_vector.cpython-312-x86_64-linux-gnu.so
7eb457005000-7eb45700f000 r-xp 00003000 fc:00 35400470                   /home/henriqueramos_qs/meta-learning-concept-drift/.venv/lib/python3.12/site-packages/sklearn/utils/_weight_vector.cpython-312-x86_64-linux-gnu.so
7eb45700f000-7eb457013000 r--p 0000d000 fc:00 35400470                   /home/henriqueramos_qs/meta-learning-concept-drift/.venv/lib/python3.12/site-packages/sklearn/utils/_weight_vector.cpython-312-x86_64-linux-gnu.so
7eb457013000-7eb457014000 ---p 00011000 fc:00 35400470                   /home/henriqueramos_qs/meta-learning-concept-drift/.venv/lib/python3.12/site-packages/sklearn/utils/_weight_vector.cpython-312-x86_64-linux-gnu.so
7eb457014000-7eb457015000 r--p 00011000 fc:00 35400470                   /home/henriqueramos_qs/meta-learning-concept-drift/.venv/lib/python3.12/site-packages/sklearn/utils/_weight_vector.cpython-312-x86_64-linux-gnu.so
7eb457015000-7eb457016000 rw-p 00012000 fc:00 35400470                   /home/henriqueramos_qs/meta-learning-concept-drift/.venv/lib/python3.12/site-packages/sklearn/utils/_weight_vector.cpython-312-x86_64-linux-gnu.so
7eb457016000-7eb45701c000 r--p 00000000 fc:00 34868935                   /home/henriqueramos_qs/meta-learning-concept-drift/.venv/lib/python3.12/site-packages/scipy/stats/_stats.cpython-312-x86_64-linux-gnu.so
7eb45701c000-7eb4570aa000 r-xp 00006000 fc:00 34868935                   /home/henriqueramos_qs/meta-learning-concept-drift/.venv/lib/python3.12/site-packages/scipy/stats/_stats.cpython-312-x86_64-linux-gnu.so
7eb4570aa000-7eb4570b8000 r--p 00094000 fc:00 34868935                   /home/henriqueramos_qs/meta-learning-concept-drift/.venv/lib/python3.12/site-packages/scipy/stats/_stats.cpython-312-x86_64-linux-gnu.so
7eb4570b8000-7eb4570b9000 r--p 000a1000 fc:00 34868935                   /home/henriqueramos_qs/meta-learning-concept-drift/.venv/lib/python3.12/site-packages/scipy/stats/_stats.cpython-312-x86_64-linux-gnu.so
7eb4570b9000-7eb4570bc000 rw-p 000a2000 fc:00 34868935                   /home/henriqueramos_qs/meta-learning-concept-drift/.venv/lib/python3.12/site-packages/scipy/stats/_stats.cpython-312-x86_64-linux-gnu.so
7eb4570bc000-7eb4570bd000 rw-p 00000000 00:00 0 
7eb4570bd000-7eb4570c2000 r--p 00000000 fc:00 34868695                   /home/henriqueramos_qs/meta-learning-concept-drift/.venv/lib/python3.12/site-packages/scipy/interpolate/_rgi_cython.cpython-312-x86_64-linux-gnu.so
7eb4570c2000-7eb4570f2000 r-xp 00005000 fc:00 34868695                   /home/henriqueramos_qs/meta-learning-concept-drift/.venv/lib/python3.12/site-packages/scipy/interpolate/_rgi_cython.cpython-312-x86_64-linux-gnu.so
7eb4570f2000-7eb4570fa000 r--p 00035000 fc:00 34868695                   /home/henriqueramos_qs/meta-learning-concept-drift/.venv/lib/python3.12/site-packages/scipy/interpolate/_rgi_cython.cpython-312-x86_64-linux-gnu.so
7eb4570fa000-7eb4570fb000 ---p 0003d000 fc:00 34868695                   /home/henriqueramos_qs/meta-learning-concept-drift/.venv/lib/python3.12/site-packages/scipy/interpolate/_rgi_cython.cpython-312-x86_64-linux-gnu.so
7eb4570fb000-7eb4570fc000 r--p 0003d000 fc:00 34868695                   /home/henriqueramos_qs/meta-learning-concept-drift/.venv/lib/python3.12/site-packages/scipy/interpolate/_rgi_cython.cpython-312-x86_64-linux-gnu.so
7eb4570fc000-7eb4570fe000 rw-p 0003e000 fc:00 34868695                   /home/henriqueramos_qs/meta-learning-concept-drift/.venv/lib/python3.12/site-packages/scipy/interpolate/_rgi_cython.cpython-312-x86_64-linux-gnu.so
7eb4570fe000-7eb4571ff000 rw-p 00000000 00:00 0 
7eb4571ff000-7eb457200000 ---p 00000000 00:00 0 
7eb457200000-7eb457a00000 rw-p 00000000 00:00 0 
7eb457a00000-7eb459a00000 rw-p 00000000 00:00 0 
7eb459a09000-7eb459a0e000 r--p 00000000 fc:00 35399498                   /home/henriqueramos_qs/meta-learning-concept-drift/.venv/lib/python3.12/site-packages/sklearn/_cyutility.cpython-312-x86_64-linux-gnu.so
7eb459a0e000-7eb459a2a000 r-xp 00005000 fc:00 35399498                   /home/henriqueramos_qs/meta-learning-concept-drift/.venv/lib/python3.12/site-packages/sklearn/_cyutility.cpython-312-x86_64-linux-gnu.so
7eb459a2a000-7eb459a30000 r--p 00021000 fc:00 35399498                   /home/henriqueramos_qs/meta-learning-concept-drift/.venv/lib/python3.12/site-packages/sklearn/_cyutility.cpython-312-x86_64-linux-gnu.so
7eb459a30000-7eb459a31000 ---p 00027000 fc:00 35399498                   /home/henriqueramos_qs/meta-learning-concept-drift/.venv/lib/python3.12/site-packages/sklearn/_cyutility.cpython-312-x86_64-linux-gnu.so
7eb459a31000-7eb459a32000 r--p 00027000 fc:00 35399498                   /home/henriqueramos_qs/meta-learning-concept-drift/.venv/lib/python3.12/site-packages/sklearn/_cyutility.cpython-312-x86_64-linux-gnu.so
7eb459a32000-7eb459a34000 rw-p 00028000 fc:00 35399498                   /home/henriqueramos_qs/meta-learning-concept-drift/.venv/lib/python3.12/site-packages/sklearn/_cyutility.cpython-312-x86_64-linux-gnu.so
7eb459a34000-7eb459a3a000 r--p 00000000 fc:00 34868680                   /home/henriqueramos_qs/meta-learning-concept-drift/.venv/lib/python3.12/site-packages/scipy/interpolate/interpnd.cpython-312-x86_64-linux-gnu.so
7eb459a3a000-7eb459a87000 r-xp 00006000 fc:00 34868680                   /home/henriqueramos_qs/meta-learning-concept-drift/.venv/lib/python3.12/site-packages/scipy/interpolate/interpnd.cpython-312-x86_64-linux-gnu.so
7eb459a87000-7eb459a93000 r--p 00053000 fc:00 34868680                   /home/henriqueramos_qs/meta-learning-concept-drift/.venv/lib/python3.12/site-packages/scipy/interpolate/interpnd.cpython-312-x86_64-linux-gnu.so
7eb459a93000-7eb459a94000 r--p 0005e000 fc:00 34868680                   /home/henriqueramos_qs/meta-learning-concept-drift/.venv/lib/python3.12/site-packages/scipy/interpolate/interpnd.cpython-312-x86_64-linux-gnu.so
7eb459a94000-7eb459a97000 rw-p 0005f000 fc:00 34868680                   /home/henriqueramos_qs/meta-learning-concept-drift/.venv/lib/python3.12/site-packages/scipy/interpolate/interpnd.cpython-312-x86_64-linux-gnu.so
7eb459a97000-7eb459a9c000 r--p 00000000 fc:00 34868685                   /home/henriqueramos_qs/meta-learning-concept-drift/.venv/lib/python3.12/site-packages/scipy/interpolate/_ppoly.cpython-312-x86_64-linux-gnu.so
7eb459a9c000-7eb459af0000 r-xp 00005000 fc:00 34868685                   /home/henriqueramos_qs/meta-learning-concept-drift/.venv/lib/python3.12/site-packages/scipy/interpolate/_ppoly.cpython-312-x86_64-linux-gnu.so
7eb459af0000-7eb459afb000 r--p 00059000 fc:00 34868685                   /home/henriqueramos_qs/meta-learning-concept-drift/.venv/lib/python3.12/site-packages/scipy/interpolate/_ppoly.cpython-312-x86_64-linux-gnu.so
7eb459afb000-7eb459afc000 r--p 00063000 fc:00 34868685                   /home/henriqueramos_qs/meta-learning-concept-drift/.venv/lib/python3.12/site-packages/scipy/interpolate/_ppoly.cpython-312-x86_64-linux-gnu.so
7eb459afc000-7eb459afe000 rw-p 00064000 fc:00 34868685                   /home/henriqueramos_qs/meta-learning-concept-drift/.venv/lib/python3.12/site-packages/scipy/interpolate/_ppoly.cpython-312-x86_64-linux-gnu.so
7eb459afe000-7eb459bff000 rw-p 00000000 00:00 0 
7eb459bff000-7eb459c00000 ---p 00000000 00:00 0 
7eb459c00000-7eb45a400000 rw-p 00000000 00:00 0 
7eb45a400000-7eb45c400000 rw-p 00000000 00:00 0 
7eb45c407000-7eb45c40d000 r--p 00000000 fc:00 34868706                   /home/henriqueramos_qs/meta-learning-concept-drift/.venv/lib/python3.12/site-packages/scipy/interpolate/_bspl.cpython-312-x86_64-linux-gnu.so
7eb45c40d000-7eb45c47e000 r-xp 00006000 fc:00 34868706                   /home/henriqueramos_qs/meta-learning-concept-drift/.venv/lib/python3.12/site-packages/scipy/interpolate/_bspl.cpython-312-x86_64-linux-gnu.so
7eb45c47e000-7eb45c48e000 r--p 00077000 fc:00 34868706                   /home/henriqueramos_qs/meta-learning-concept-drift/.venv/lib/python3.12/site-packages/scipy/interpolate/_bspl.cpython-312-x86_64-linux-gnu.so
7eb45c48e000-7eb45c48f000 r--p 00086000 fc:00 34868706                   /home/henriqueramos_qs/meta-learning-concept-drift/.venv/lib/python3.12/site-packages/scipy/interpolate/_bspl.cpython-312-x86_64-linux-gnu.so
7eb45c48f000-7eb45c492000 rw-p 00087000 fc:00 34868706                   /home/henriqueramos_qs/meta-learning-concept-drift/.venv/lib/python3.12/site-packages/scipy/interpolate/_bspl.cpython-312-x86_64-linux-gnu.so
7eb45c492000-7eb45c493000 rw-p 00000000 00:00 0 
7eb45c493000-7eb45c4af000 r--p 00000000 fc:00 34868847                   /home/henriqueramos_qs/meta-learning-concept-drift/.venv/lib/python3.12/site-packages/scipy/integrate/_lsoda.cpython-312-x86_64-linux-gnu.so
7eb45c4af000-7eb45c4ca000 r-xp 0001c000 fc:00 34868847                   /home/henriqueramos_qs/meta-learning-concept-drift/.venv/lib/python3.12/site-packages/scipy/integrate/_lsoda.cpython-312-x86_64-linux-gnu.so
7eb45c4ca000-7eb45c4d9000 r--p 00037000 fc:00 34868847                   /home/henriqueramos_qs/meta-learning-concept-drift/.venv/lib/python3.12/site-packages/scipy/integrate/_lsoda.cpython-312-x86_64-linux-gnu.so
7eb45c4d9000-7eb45c4da000 ---p 00046000 fc:00 34868847                   /home/henriqueramos_qs/meta-learning-concept-drift/.venv/lib/python3.12/site-packages/scipy/integrate/_lsoda.cpython-312-x86_64-linux-gnu.so
7eb45c4da000-7eb45c4db000 r--p 00046000 fc:00 34868847                   /home/henriqueramos_qs/meta-learning-concept-drift/.venv/lib/python3.12/site-packages/scipy/integrate/_lsoda.cpython-312-x86_64-linux-gnu.so
7eb45c4db000-7eb45c4e0000 rw-p 00047000 fc:00 34868847                   /home/henriqueramos_qs/meta-learning-concept-drift/.venv/lib/python3.12/site-packages/scipy/integrate/_lsoda.cpython-312-x86_64-linux-gnu.so
7eb45c4e0000-7eb45c4f8000 rw-p 00067000 fc:00 34868847                   /home/henriqueramos_qs/meta-learning-concept-drift/.venv/lib/python3.12/site-packages/scipy/integrate/_lsoda.cpython-312-x86_64-linux-gnu.so
7eb45c4f8000-7eb45c4ff000 r--p 00000000 fc:00 34869102                   /home/henriqueramos_qs/meta-learning-concept-drift/.venv/lib/python3.12/site-packages/scipy/spatial/_qhull.cpython-312-x86_64-linux-gnu.so
7eb45c4ff000-7eb45c5c2000 r-xp 00007000 fc:00 34869102                   /home/henriqueramos_qs/meta-learning-concept-drift/.venv/lib/python3.12/site-packages/scipy/spatial/_qhull.cpython-312-x86_64-linux-gnu.so
7eb45c5c2000-7eb45c5fa000 r--p 000ca000 fc:00 34869102                   /home/henriqueramos_qs/meta-learning-concept-drift/.venv/lib/python3.12/site-packages/scipy/spatial/_qhull.cpython-312-x86_64-linux-gnu.so
7eb45c5fa000-7eb45c5fb000 r--p 00101000 fc:00 34869102                   /home/henriqueramos_qs/meta-learning-concept-drift/.venv/lib/python3.12/site-packages/scipy/spatial/_qhull.cpython-312-x86_64-linux-gnu.so
7eb45c5fb000-7eb45c5fe000 rw-p 00102000 fc:00 34869102                   /home/henriqueramos_qs/meta-learning-concept-drift/.venv/lib/python3.12/site-packages/scipy/spatial/_qhull.cpython-312-x86_64-linux-gnu.so
7eb45c5fe000-7eb45c5ff000 rw-p 00000000 00:00 0 
7eb45c5ff000-7eb45c600000 ---p 00000000 00:00 0 
7eb45c600000-7eb45ce00000 rw-p 00000000 00:00 0 
7eb45ce00000-7eb45ee00000 rw-p 00000000 00:00 0 
7eb45ee02000-7eb45ee0a000 rw-s 00000000 08:05 10504461                   /tmp/hsperfdata_henriqueramos_qs/1895528
7eb45ee0a000-7eb45ee0e000 r--p 00000000 fc:00 35400486                   /home/henriqueramos_qs/meta-learning-concept-drift/.venv/lib/python3.12/site-packages/sklearn/utils/murmurhash.cpython-312-x86_64-linux-gnu.so
7eb45ee0e000-7eb45ee21000 r-xp 00004000 fc:00 35400486                   /home/henriqueramos_qs/meta-learning-concept-drift/.venv/lib/python3.12/site-packages/sklearn/utils/murmurhash.cpython-312-x86_64-linux-gnu.so
7eb45ee21000-7eb45ee27000 r--p 00017000 fc:00 35400486                   /home/henriqueramos_qs/meta-learning-concept-drift/.venv/lib/python3.12/site-packages/sklearn/utils/murmurhash.cpython-312-x86_64-linux-gnu.so
7eb45ee27000-7eb45ee28000 r--p 0001c000 fc:00 35400486                   /home/henriqueramos_qs/meta-learning-concept-drift/.venv/lib/python3.12/site-packages/sklearn/utils/murmurhash.cpython-312-x86_64-linux-gnu.so
7eb45ee28000-7eb45ee29000 rw-p 0001d000 fc:00 35400486                   /home/henriqueramos_qs/meta-learning-concept-drift/.venv/lib/python3.12/site-packages/sklearn/utils/murmurhash.cpython-312-x86_64-linux-gnu.so
7eb45ee29000-7eb45efff000 rw-p 00000000 00:00 0 
7eb45efff000-7eb45f000000 ---p 00000000 00:00 0 
7eb45f000000-7eb45f800000 rw-p 00000000 00:00 0 
7eb45f800000-7eb461800000 rw-p 00000000 00:00 0 
7eb461807000-7eb461809000 r--p 00000000 fc:00 34869499                   /home/henriqueramos_qs/meta-learning-concept-drift/.venv/lib/python3.12/site-packages/scipy/ndimage/_nd_image.cpython-312-x86_64-linux-gnu.so
7eb461809000-7eb461824000 r-xp 00002000 fc:00 34869499                   /home/henriqueramos_qs/meta-learning-concept-drift/.venv/lib/python3.12/site-packages/scipy/ndimage/_nd_image.cpython-312-x86_64-linux-gnu.so
7eb461824000-7eb461828000 r--p 0001d000 fc:00 34869499                   /home/henriqueramos_qs/meta-learning-concept-drift/.venv/lib/python3.12/site-packages/scipy/ndimage/_nd_image.cpython-312-x86_64-linux-gnu.so
7eb461828000-7eb461829000 r--p 00020000 fc:00 34869499                   /home/henriqueramos_qs/meta-learning-concept-drift/.venv/lib/python3.12/site-packages/scipy/ndimage/_nd_image.cpython-312-x86_64-linux-gnu.so
7eb461829000-7eb46182a000 rw-p 00021000 fc:00 34869499                   /home/henriqueramos_qs/meta-learning-concept-drift/.venv/lib/python3.12/site-packages/scipy/ndimage/_nd_image.cpython-312-x86_64-linux-gnu.so
7eb46182a000-7eb461846000 r--p 00000000 fc:00 34868845                   /home/henriqueramos_qs/meta-learning-concept-drift/.venv/lib/python3.12/site-packages/scipy/integrate/_vode.cpython-312-x86_64-linux-gnu.so
7eb461846000-7eb46186b000 r-xp 0001c000 fc:00 34868845                   /home/henriqueramos_qs/meta-learning-concept-drift/.venv/lib/python3.12/site-packages/scipy/integrate/_vode.cpython-312-x86_64-linux-gnu.so
7eb46186b000-7eb46187c000 r--p 00041000 fc:00 34868845                   /home/henriqueramos_qs/meta-learning-concept-drift/.venv/lib/python3.12/site-packages/scipy/integrate/_vode.cpython-312-x86_64-linux-gnu.so
7eb46187c000-7eb46187d000 r--p 00051000 fc:00 34868845                   /home/henriqueramos_qs/meta-learning-concept-drift/.venv/lib/python3.12/site-packages/scipy/integrate/_vode.cpython-312-x86_64-linux-gnu.so
7eb46187d000-7eb461882000 rw-p 00052000 fc:00 34868845                   /home/henriqueramos_qs/meta-learning-concept-drift/.venv/lib/python3.12/site-packages/scipy/integrate/_vode.cpython-312-x86_64-linux-gnu.so
7eb461882000-7eb46189a000 rw-p 00073000 fc:00 34868845                   /home/henriqueramos_qs/meta-learning-concept-drift/.venv/lib/python3.12/site-packages/scipy/integrate/_vode.cpython-312-x86_64-linux-gnu.so
7eb46189a000-7eb4618b5000 r--p 00000000 fc:00 34868851                   /home/henriqueramos_qs/meta-learning-concept-drift/.venv/lib/python3.12/site-packages/scipy/integrate/_quadpack.cpython-312-x86_64-linux-gnu.so
7eb4618b5000-7eb4618d5000 r-xp 0001b000 fc:00 34868851                   /home/henriqueramos_qs/meta-learning-concept-drift/.venv/lib/python3.12/site-packages/scipy/integrate/_quadpack.cpython-312-x86_64-linux-gnu.so
7eb4618d5000-7eb4618e3000 r--p 0003b000 fc:00 34868851                   /home/henriqueramos_qs/meta-learning-concept-drift/.venv/lib/python3.12/site-packages/scipy/integrate/_quadpack.cpython-312-x86_64-linux-gnu.so
7eb4618e3000-7eb4618e4000 r--p 00048000 fc:00 34868851                   /home/henriqueramos_qs/meta-learning-concept-drift/.venv/lib/python3.12/site-packages/scipy/integrate/_quadpack.cpython-312-x86_64-linux-gnu.so
7eb4618e4000-7eb4618e8000 rw-p 00049000 fc:00 34868851                   /home/henriqueramos_qs/meta-learning-concept-drift/.venv/lib/python3.12/site-packages/scipy/integrate/_quadpack.cpython-312-x86_64-linux-gnu.so
7eb4618e8000-7eb4618ff000 rw-p 00068000 fc:00 34868851                   /home/henriqueramos_qs/meta-learning-concept-drift/.venv/lib/python3.12/site-packages/scipy/integrate/_quadpack.cpython-312-x86_64-linux-gnu.so
7eb4618ff000-7eb4619ff000 rw-p 00000000 00:00 0 
7eb4619ff000-7eb461a00000 ---p 00000000 00:00 0 
7eb461a00000-7eb462200000 rw-p 00000000 00:00 0 
7eb462200000-7eb466200000 rw-p 00000000 00:00 0 
7eb466201000-7eb466204000 r--p 00000000 fc:00 35399851                   /home/henriqueramos_qs/meta-learning-concept-drift/.venv/lib/python3.12/site-packages/sklearn/ensemble/_hist_gradient_boosting/_bitset.cpython-312-x86_64-linux-gnu.so
7eb466204000-7eb46620c000 r-xp 00003000 fc:00 35399851                   /home/henriqueramos_qs/meta-learning-concept-drift/.venv/lib/python3.12/site-packages/sklearn/ensemble/_hist_gradient_boosting/_bitset.cpython-312-x86_64-linux-gnu.so
7eb46620c000-7eb466210000 r--p 0000b000 fc:00 35399851                   /home/henriqueramos_qs/meta-learning-concept-drift/.venv/lib/python3.12/site-packages/sklearn/ensemble/_hist_gradient_boosting/_bitset.cpython-312-x86_64-linux-gnu.so
7eb466210000-7eb466211000 ---p 0000f000 fc:00 35399851                   /home/henriqueramos_qs/meta-learning-concept-drift/.venv/lib/python3.12/site-packages/sklearn/ensemble/_hist_gradient_boosting/_bitset.cpython-312-x86_64-linux-gnu.so
7eb466211000-7eb466212000 r--p 0000f000 fc:00 35399851                   /home/henriqueramos_qs/meta-learning-concept-drift/.venv/lib/python3.12/site-packages/sklearn/ensemble/_hist_gradient_boosting/_bitset.cpython-312-x86_64-linux-gnu.so
7eb466212000-7eb466213000 rw-p 00010000 fc:00 35399851                   /home/henriqueramos_qs/meta-learning-concept-drift/.venv/lib/python3.12/site-packages/sklearn/ensemble/_hist_gradient_boosting/_bitset.cpython-312-x86_64-linux-gnu.so
7eb466213000-7eb466217000 r--p 00000000 fc:00 34868688                   /home/henriqueramos_qs/meta-learning-concept-drift/.venv/lib/python3.12/site-packages/scipy/interpolate/_rbfinterp_pythran.cpython-312-x86_64-linux-gnu.so
7eb466217000-7eb466242000 r-xp 00004000 fc:00 34868688                   /home/henriqueramos_qs/meta-learning-concept-drift/.venv/lib/python3.12/site-packages/scipy/interpolate/_rbfinterp_pythran.cpython-312-x86_64-linux-gnu.so
7eb466242000-7eb466248000 r--p 0002f000 fc:00 34868688                   /home/henriqueramos_qs/meta-learning-concept-drift/.venv/lib/python3.12/site-packages/scipy/interpolate/_rbfinterp_pythran.cpython-312-x86_64-linux-gnu.so
7eb466248000-7eb466249000 r--p 00034000 fc:00 34868688                   /home/henriqueramos_qs/meta-learning-concept-drift/.venv/lib/python3.12/site-packages/scipy/interpolate/_rbfinterp_pythran.cpython-312-x86_64-linux-gnu.so
7eb466249000-7eb46624a000 rw-p 00035000 fc:00 34868688                   /home/henriqueramos_qs/meta-learning-concept-drift/.venv/lib/python3.12/site-packages/scipy/interpolate/_rbfinterp_pythran.cpython-312-x86_64-linux-gnu.so
7eb46624a000-7eb466269000 r--p 00000000 fc:00 34868741                   /home/henriqueramos_qs/meta-learning-concept-drift/.venv/lib/python3.12/site-packages/scipy/linalg/_interpolative.cpython-312-x86_64-linux-gnu.so
7eb466269000-7eb4662b3000 r-xp 0001f000 fc:00 34868741                   /home/henriqueramos_qs/meta-learning-concept-drift/.venv/lib/python3.12/site-packages/scipy/linalg/_interpolative.cpython-312-x86_64-linux-gnu.so
7eb4662b3000-7eb4662d2000 r--p 00069000 fc:00 34868741                   /home/henriqueramos_qs/meta-learning-concept-drift/.venv/lib/python3.12/site-packages/scipy/linalg/_interpolative.cpython-312-x86_64-linux-gnu.so
7eb4662d2000-7eb4662d3000 r--p 00087000 fc:00 34868741                   /home/henriqueramos_qs/meta-learning-concept-drift/.venv/lib/python3.12/site-packages/scipy/linalg/_interpolative.cpython-312-x86_64-linux-gnu.so
7eb4662d3000-7eb4662e6000 rw-p 00088000 fc:00 34868741                   /home/henriqueramos_qs/meta-learning-concept-drift/.venv/lib/python3.12/site-packages/scipy/linalg/_interpolative.cpython-312-x86_64-linux-gnu.so
7eb4662e6000-7eb4662fe000 rw-p 000bb000 fc:00 34868741                   /home/henriqueramos_qs/meta-learning-concept-drift/.venv/lib/python3.12/site-packages/scipy/linalg/_interpolative.cpython-312-x86_64-linux-gnu.so
7eb4662fe000-7eb4663fe000 rw-p 00000000 00:00 0 
7eb4663fe000-7eb4663ff000 ---p 00000000 00:00 0 
7eb4663ff000-7eb466bff000 rw-p 00000000 00:00 0 
7eb466bff000-7eb466c00000 ---p 00000000 00:00 0 
7eb466c00000-7eb467400000 rw-p 00000000 00:00 0 
7eb467400000-7eb469400000 rw-p 00000000 00:00 0 
7eb469401000-7eb469403000 r--p 00000000 08:05 8922084                    /usr/lib/jvm/java-21-openjdk-amd64/lib/libjimage.so
7eb469403000-7eb469406000 r-xp 00002000 08:05 8922084                    /usr/lib/jvm/java-21-openjdk-amd64/lib/libjimage.so
7eb469406000-7eb469407000 r--p 00005000 08:05 8922084                    /usr/lib/jvm/java-21-openjdk-amd64/lib/libjimage.so
7eb469407000-7eb469408000 r--p 00006000 08:05 8922084                    /usr/lib/jvm/java-21-openjdk-amd64/lib/libjimage.so
7eb469408000-7eb469409000 rw-p 00007000 08:05 8922084                    /usr/lib/jvm/java-21-openjdk-amd64/lib/libjimage.so
7eb469409000-7eb46940b000 r--p 00000000 fc:00 35399859                   /home/henriqueramos_qs/meta-learning-concept-drift/.venv/lib/python3.12/site-packages/sklearn/ensemble/_hist_gradient_boosting/common.cpython-312-x86_64-linux-gnu.so
7eb46940b000-7eb469410000 r-xp 00002000 fc:00 35399859                   /home/henriqueramos_qs/meta-learning-concept-drift/.venv/lib/python3.12/site-packages/sklearn/ensemble/_hist_gradient_boosting/common.cpython-312-x86_64-linux-gnu.so
7eb469410000-7eb469411000 r--p 00007000 fc:00 35399859                   /home/henriqueramos_qs/meta-learning-concept-drift/.venv/lib/python3.12/site-packages/sklearn/ensemble/_hist_gradient_boosting/common.cpython-312-x86_64-linux-gnu.so
7eb469411000-7eb469412000 r--p 00007000 fc:00 35399859                   /home/henriqueramos_qs/meta-learning-concept-drift/.venv/lib/python3.12/site-packages/sklearn/ensemble/_hist_gradient_boosting/common.cpython-312-x86_64-linux-gnu.so
7eb469412000-7eb469413000 rw-p 00008000 fc:00 35399859                   /home/henriqueramos_qs/meta-learning-concept-drift/.venv/lib/python3.12/site-packages/sklearn/ensemble/_hist_gradient_boosting/common.cpython-312-x86_64-linux-gnu.so
7eb469413000-7eb469417000 r--p 00000000 fc:00 34868433                   /home/henriqueramos_qs/meta-learning-concept-drift/.venv/lib/python3.12/site-packages/scipy/_lib/_uarray/_uarray.cpython-312-x86_64-linux-gnu.so
7eb469417000-7eb469429000 r-xp 00004000 fc:00 34868433                   /home/henriqueramos_qs/meta-learning-concept-drift/.venv/lib/python3.12/site-packages/scipy/_lib/_uarray/_uarray.cpython-312-x86_64-linux-gnu.so
7eb469429000-7eb46942f000 r--p 00016000 fc:00 34868433                   /home/henriqueramos_qs/meta-learning-concept-drift/.venv/lib/python3.12/site-packages/scipy/_lib/_uarray/_uarray.cpython-312-x86_64-linux-gnu.so
7eb46942f000-7eb469430000 r--p 0001b000 fc:00 34868433                   /home/henriqueramos_qs/meta-learning-concept-drift/.venv/lib/python3.12/site-packages/scipy/_lib/_uarray/_uarray.cpython-312-x86_64-linux-gnu.so
7eb469430000-7eb469431000 rw-p 0001c000 fc:00 34868433                   /home/henriqueramos_qs/meta-learning-concept-drift/.venv/lib/python3.12/site-packages/scipy/_lib/_uarray/_uarray.cpython-312-x86_64-linux-gnu.so
7eb469431000-7eb46944c000 r--p 00000000 fc:00 34868855                   /home/henriqueramos_qs/meta-learning-concept-drift/.venv/lib/python3.12/site-packages/scipy/integrate/_odepack.cpython-312-x86_64-linux-gnu.so
7eb46944c000-7eb469464000 r-xp 0001b000 fc:00 34868855                   /home/henriqueramos_qs/meta-learning-concept-drift/.venv/lib/python3.12/site-packages/scipy/integrate/_odepack.cpython-312-x86_64-linux-gnu.so
7eb469464000-7eb469472000 r--p 00033000 fc:00 34868855                   /home/henriqueramos_qs/meta-learning-concept-drift/.venv/lib/python3.12/site-packages/scipy/integrate/_odepack.cpython-312-x86_64-linux-gnu.so
7eb469472000-7eb469473000 r--p 00040000 fc:00 34868855                   /home/henriqueramos_qs/meta-learning-concept-drift/.venv/lib/python3.12/site-packages/scipy/integrate/_odepack.cpython-312-x86_64-linux-gnu.so
7eb469473000-7eb469477000 rw-p 00041000 fc:00 34868855                   /home/henriqueramos_qs/meta-learning-concept-drift/.venv/lib/python3.12/site-packages/scipy/integrate/_odepack.cpython-312-x86_64-linux-gnu.so
7eb469477000-7eb469478000 rw-p 00000000 00:00 0 
7eb469478000-7eb46948e000 rw-p 0005f000 fc:00 34868855                   /home/henriqueramos_qs/meta-learning-concept-drift/.venv/lib/python3.12/site-packages/scipy/integrate/_odepack.cpython-312-x86_64-linux-gnu.so
7eb46948e000-7eb469493000 r--p 00000000 fc:00 34868549                   /home/henriqueramos_qs/meta-learning-concept-drift/.venv/lib/python3.12/site-packages/scipy/special/_ufuncs_cxx.cpython-312-x86_64-linux-gnu.so
7eb469493000-7eb4695d5000 r-xp 00005000 fc:00 34868549                   /home/henriqueramos_qs/meta-learning-concept-drift/.venv/lib/python3.12/site-packages/scipy/special/_ufuncs_cxx.cpython-312-x86_64-linux-gnu.so
7eb4695d5000-7eb4695fc000 r--p 00147000 fc:00 34868549                   /home/henriqueramos_qs/meta-learning-concept-drift/.venv/lib/python3.12/site-packages/scipy/special/_ufuncs_cxx.cpython-312-x86_64-linux-gnu.so
7eb4695fc000-7eb4695fd000 r--p 0016d000 fc:00 34868549                   /home/henriqueramos_qs/meta-learning-concept-drift/.venv/lib/python3.12/site-packages/scipy/special/_ufuncs_cxx.cpython-312-x86_64-linux-gnu.so
7eb4695fd000-7eb4695fe000 rw-p 0016e000 fc:00 34868549                   /home/henriqueramos_qs/meta-learning-concept-drift/.venv/lib/python3.12/site-packages/scipy/special/_ufuncs_cxx.cpython-312-x86_64-linux-gnu.so
7eb4695fe000-7eb4695ff000 rw-p 00000000 00:00 0 
7eb4695ff000-7eb469600000 ---p 00000000 00:00 0 
7eb469600000-7eb469e00000 rw-p 00000000 00:00 0 
7eb469e00000-7eb46be00000 rw-p 00000000 00:00 0 
7eb46be03000-7eb46be07000 r--p 00000000 fc:00 34868696                   /home/henriqueramos_qs/meta-learning-concept-drift/.venv/lib/python3.12/site-packages/scipy/interpolate/_dfitpack.cpython-312-x86_64-linux-gnu.so
7eb46be07000-7eb46be3d000 r-xp 00004000 fc:00 34868696                   /home/henriqueramos_qs/meta-learning-concept-drift/.venv/lib/python3.12/site-packages/scipy/interpolate/_dfitpack.cpython-312-x86_64-linux-gnu.so
7eb46be3d000-7eb46be49000 r--p 0003a000 fc:00 34868696                   /home/henriqueramos_qs/meta-learning-concept-drift/.venv/lib/python3.12/site-packages/scipy/interpolate/_dfitpack.cpython-312-x86_64-linux-gnu.so
7eb46be49000-7eb46be4a000 ---p 00046000 fc:00 34868696                   /home/henriqueramos_qs/meta-learning-concept-drift/.venv/lib/python3.12/site-packages/scipy/interpolate/_dfitpack.cpython-312-x86_64-linux-gnu.so
7eb46be4a000-7eb46be4b000 r--p 00046000 fc:00 34868696                   /home/henriqueramos_qs/meta-learning-concept-drift/.venv/lib/python3.12/site-packages/scipy/interpolate/_dfitpack.cpython-312-x86_64-linux-gnu.so
7eb46be4b000-7eb46be53000 rw-p 00047000 fc:00 34868696                   /home/henriqueramos_qs/meta-learning-concept-drift/.venv/lib/python3.12/site-packages/scipy/interpolate/_dfitpack.cpython-312-x86_64-linux-gnu.so
7eb46be53000-7eb46be56000 rw-p 00052000 fc:00 34868696                   /home/henriqueramos_qs/meta-learning-concept-drift/.venv/lib/python3.12/site-packages/scipy/interpolate/_dfitpack.cpython-312-x86_64-linux-gnu.so
7eb46be56000-7eb46be5b000 r--p 00000000 fc:00 34868217                   /home/henriqueramos_qs/meta-learning-concept-drift/.venv/lib/python3.12/site-packages/scipy/optimize/_pava_pybind.cpython-312-x86_64-linux-gnu.so
7eb46be5b000-7eb46be74000 r-xp 00005000 fc:00 34868217                   /home/henriqueramos_qs/meta-learning-concept-drift/.venv/lib/python3.12/site-packages/scipy/optimize/_pava_pybind.cpython-312-x86_64-linux-gnu.so
7eb46be74000-7eb46be7c000 r--p 0001e000 fc:00 34868217                   /home/henriqueramos_qs/meta-learning-concept-drift/.venv/lib/python3.12/site-packages/scipy/optimize/_pava_pybind.cpython-312-x86_64-linux-gnu.so
7eb46be7c000-7eb46be7d000 ---p 00026000 fc:00 34868217                   /home/henriqueramos_qs/meta-learning-concept-drift/.venv/lib/python3.12/site-packages/scipy/optimize/_pava_pybind.cpython-312-x86_64-linux-gnu.so
7eb46be7d000-7eb46be7e000 r--p 00026000 fc:00 34868217                   /home/henriqueramos_qs/meta-learning-concept-drift/.venv/lib/python3.12/site-packages/scipy/optimize/_pava_pybind.cpython-312-x86_64-linux-gnu.so
7eb46be7e000-7eb46be7f000 rw-p 00027000 fc:00 34868217                   /home/henriqueramos_qs/meta-learning-concept-drift/.venv/lib/python3.12/site-packages/scipy/optimize/_pava_pybind.cpython-312-x86_64-linux-gnu.so
7eb46be7f000-7eb46be85000 r--p 00000000 fc:00 34868546                   /home/henriqueramos_qs/meta-learning-concept-drift/.venv/lib/python3.12/site-packages/scipy/special/_ufuncs.cpython-312-x86_64-linux-gnu.so
7eb46be85000-7eb46bf8f000 r-xp 00006000 fc:00 34868546                   /home/henriqueramos_qs/meta-learning-concept-drift/.venv/lib/python3.12/site-packages/scipy/special/_ufuncs.cpython-312-x86_64-linux-gnu.so
7eb46bf8f000-7eb46bff0000 r--p 00110000 fc:00 34868546                   /home/henriqueramos_qs/meta-learning-concept-drift/.venv/lib/python3.12/site-packages/scipy/special/_ufuncs.cpython-312-x86_64-linux-gnu.so
7eb46bff0000-7eb46bff1000 r--p 00170000 fc:00 34868546                   /home/henriqueramos_qs/meta-learning-concept-drift/.venv/lib/python3.12/site-packages/scipy/special/_ufuncs.cpython-312-x86_64-linux-gnu.so
7eb46bff1000-7eb46bff2000 rw-p 00171000 fc:00 34868546                   /home/henriqueramos_qs/meta-learning-concept-drift/.venv/lib/python3.12/site-packages/scipy/special/_ufuncs.cpython-312-x86_64-linux-gnu.so
7eb46bff2000-7eb46bffa000 rw-p 00000000 00:00 0 
7eb46bffa000-7eb46bfff000 rw-p 0019c000 fc:00 34868546                   /home/henriqueramos_qs/meta-learning-concept-drift/.venv/lib/python3.12/site-packages/scipy/special/_ufuncs.cpython-312-x86_64-linux-gnu.so
7eb46bfff000-7eb46c000000 ---p 00000000 00:00 0 
7eb46c000000-7eb46c800000 rw-p 00000000 00:00 0 
7eb46c800000-7eb46e800000 rw-p 00000000 00:00 0 
7eb46e805000-7eb46e808000 r--p 00000000 fc:00 35400441                   /home/henriqueramos_qs/meta-learning-concept-drift/.venv/lib/python3.12/site-packages/sklearn/utils/_openmp_helpers.cpython-312-x86_64-linux-gnu.so
7eb46e808000-7eb46e80f000 r-xp 00003000 fc:00 35400441                   /home/henriqueramos_qs/meta-learning-concept-drift/.venv/lib/python3.12/site-packages/sklearn/utils/_openmp_helpers.cpython-312-x86_64-linux-gnu.so
7eb46e80f000-7eb46e811000 r--p 0000a000 fc:00 35400441                   /home/henriqueramos_qs/meta-learning-concept-drift/.venv/lib/python3.12/site-packages/sklearn/utils/_openmp_helpers.cpython-312-x86_64-linux-gnu.so
7eb46e811000-7eb46e812000 ---p 0000c000 fc:00 35400441                   /home/henriqueramos_qs/meta-learning-concept-drift/.venv/lib/python3.12/site-packages/sklearn/utils/_openmp_helpers.cpython-312-x86_64-linux-gnu.so
7eb46e812000-7eb46e813000 r--p 0000c000 fc:00 35400441                   /home/henriqueramos_qs/meta-learning-concept-drift/.venv/lib/python3.12/site-packages/sklearn/utils/_openmp_helpers.cpython-312-x86_64-linux-gnu.so
7eb46e813000-7eb46e814000 rw-p 0000d000 fc:00 35400441                   /home/henriqueramos_qs/meta-learning-concept-drift/.venv/lib/python3.12/site-packages/sklearn/utils/_openmp_helpers.cpython-312-x86_64-linux-gnu.so
7eb46e814000-7eb46e817000 rw-p 00012000 fc:00 35400441                   /home/henriqueramos_qs/meta-learning-concept-drift/.venv/lib/python3.12/site-packages/sklearn/utils/_openmp_helpers.cpython-312-x86_64-linux-gnu.so
7eb46e817000-7eb46e81d000 r--p 00000000 fc:00 34868219                   /home/henriqueramos_qs/meta-learning-concept-drift/.venv/lib/python3.12/site-packages/scipy/optimize/_bglu_dense.cpython-312-x86_64-linux-gnu.so
7eb46e81d000-7eb46e856000 r-xp 00006000 fc:00 34868219                   /home/henriqueramos_qs/meta-learning-concept-drift/.venv/lib/python3.12/site-packages/scipy/optimize/_bglu_dense.cpython-312-x86_64-linux-gnu.so
7eb46e856000-7eb46e860000 r--p 0003f000 fc:00 34868219                   /home/henriqueramos_qs/meta-learning-concept-drift/.venv/lib/python3.12/site-packages/scipy/optimize/_bglu_dense.cpython-312-x86_64-linux-gnu.so
7eb46e860000-7eb46e861000 ---p 00049000 fc:00 34868219                   /home/henriqueramos_qs/meta-learning-concept-drift/.venv/lib/python3.12/site-packages/scipy/optimize/_bglu_dense.cpython-312-x86_64-linux-gnu.so
7eb46e861000-7eb46e862000 r--p 00049000 fc:00 34868219                   /home/henriqueramos_qs/meta-learning-concept-drift/.venv/lib/python3.12/site-packages/scipy/optimize/_bglu_dense.cpython-312-x86_64-linux-gnu.so
7eb46e862000-7eb46e865000 rw-p 0004a000 fc:00 34868219                   /home/henriqueramos_qs/meta-learning-concept-drift/.venv/lib/python3.12/site-packages/scipy/optimize/_bglu_dense.cpython-312-x86_64-linux-gnu.so
7eb46e865000-7eb46e866000 rw-p 00000000 00:00 0 
7eb46e866000-7eb46e86b000 r--p 00000000 fc:00 34868366                   /home/henriqueramos_qs/meta-learning-concept-drift/.venv/lib/python3.12/site-packages/scipy/optimize/_lsq/givens_elimination.cpython-312-x86_64-linux-gnu.so
7eb46e86b000-7eb46e88d000 r-xp 00005000 fc:00 34868366                   /home/henriqueramos_qs/meta-learning-concept-drift/.venv/lib/python3.12/site-packages/scipy/optimize/_lsq/givens_elimination.cpython-312-x86_64-linux-gnu.so
7eb46e88d000-7eb46e894000 r--p 00027000 fc:00 34868366                   /home/henriqueramos_qs/meta-learning-concept-drift/.venv/lib/python3.12/site-packages/scipy/optimize/_lsq/givens_elimination.cpython-312-x86_64-linux-gnu.so
7eb46e894000-7eb46e895000 r--p 0002d000 fc:00 34868366                   /home/henriqueramos_qs/meta-learning-concept-drift/.venv/lib/python3.12/site-packages/scipy/optimize/_lsq/givens_elimination.cpython-312-x86_64-linux-gnu.so
7eb46e895000-7eb46e897000 rw-p 0002e000 fc:00 34868366                   /home/henriqueramos_qs/meta-learning-concept-drift/.venv/lib/python3.12/site-packages/scipy/optimize/_lsq/givens_elimination.cpython-312-x86_64-linux-gnu.so
7eb46e897000-7eb46e8b3000 r--p 00000000 fc:00 34868261                   /home/henriqueramos_qs/meta-learning-concept-drift/.venv/lib/python3.12/site-packages/scipy/optimize/_lbfgsb.cpython-312-x86_64-linux-gnu.so
7eb46e8b3000-7eb46e8d1000 r-xp 0001c000 fc:00 34868261                   /home/henriqueramos_qs/meta-learning-concept-drift/.venv/lib/python3.12/site-packages/scipy/optimize/_lbfgsb.cpython-312-x86_64-linux-gnu.so
7eb46e8d1000-7eb46e8e1000 r--p 0003a000 fc:00 34868261                   /home/henriqueramos_qs/meta-learning-concept-drift/.venv/lib/python3.12/site-packages/scipy/optimize/_lbfgsb.cpython-312-x86_64-linux-gnu.so
7eb46e8e1000-7eb46e8e2000 r--p 00049000 fc:00 34868261                   /home/henriqueramos_qs/meta-learning-concept-drift/.venv/lib/python3.12/site-packages/scipy/optimize/_lbfgsb.cpython-312-x86_64-linux-gnu.so
7eb46e8e2000-7eb46e8e7000 rw-p 0004a000 fc:00 34868261                   /home/henriqueramos_qs/meta-learning-concept-drift/.venv/lib/python3.12/site-packages/scipy/optimize/_lbfgsb.cpython-312-x86_64-linux-gnu.so
7eb46e8e7000-7eb46e8ff000 rw-p 0006a000 fc:00 34868261                   /home/henriqueramos_qs/meta-learning-concept-drift/.venv/lib/python3.12/site-packages/scipy/optimize/_lbfgsb.cpython-312-x86_64-linux-gnu.so
7eb46e8ff000-7eb46e9ff000 rw-p 00000000 00:00 0 
7eb46e9ff000-7eb46ea00000 ---p 00000000 00:00 0 
7eb46ea00000-7eb46f200000 rw-p 00000000 00:00 0 
7eb46f200000-7eb471200000 rw-p 00000000 00:00 0 
7eb471203000-7eb471207000 r--p 00000000 fc:00 35400435                   /home/henriqueramos_qs/meta-learning-concept-drift/.venv/lib/python3.12/site-packages/sklearn/utils/_isfinite.cpython-312-x86_64-linux-gnu.so
7eb471207000-7eb471215000 r-xp 00004000 fc:00 35400435                   /home/henriqueramos_qs/meta-learning-concept-drift/.venv/lib/python3.12/site-packages/sklearn/utils/_isfinite.cpython-312-x86_64-linux-gnu.so
7eb471215000-7eb471219000 r--p 00012000 fc:00 35400435                   /home/henriqueramos_qs/meta-learning-concept-drift/.venv/lib/python3.12/site-packages/sklearn/utils/_isfinite.cpython-312-x86_64-linux-gnu.so
7eb471219000-7eb47121a000 ---p 00016000 fc:00 35400435                   /home/henriqueramos_qs/meta-learning-concept-drift/.venv/lib/python3.12/site-packages/sklearn/utils/_isfinite.cpython-312-x86_64-linux-gnu.so
7eb47121a000-7eb47121b000 r--p 00016000 fc:00 35400435                   /home/henriqueramos_qs/meta-learning-concept-drift/.venv/lib/python3.12/site-packages/sklearn/utils/_isfinite.cpython-312-x86_64-linux-gnu.so
7eb47121b000-7eb47121c000 rw-p 00017000 fc:00 35400435                   /home/henriqueramos_qs/meta-learning-concept-drift/.venv/lib/python3.12/site-packages/sklearn/utils/_isfinite.cpython-312-x86_64-linux-gnu.so
7eb47121c000-7eb47121d000 rw-p 00000000 00:00 0 
7eb47121d000-7eb471224000 r--p 00000000 fc:00 34869170                   /home/henriqueramos_qs/meta-learning-concept-drift/.venv/lib/python3.12/site-packages/scipy/spatial/transform/_rotation.cpython-312-x86_64-linux-gnu.so
7eb471224000-7eb4712c7000 r-xp 00007000 fc:00 34869170                   /home/henriqueramos_qs/meta-learning-concept-drift/.venv/lib/python3.12/site-packages/scipy/spatial/transform/_rotation.cpython-312-x86_64-linux-gnu.so
7eb4712c7000-7eb4712f9000 r--p 000aa000 fc:00 34869170                   /home/henriqueramos_qs/meta-learning-concept-drift/.venv/lib/python3.12/site-packages/scipy/spatial/transform/_rotation.cpython-312-x86_64-linux-gnu.so
7eb4712f9000-7eb4712fa000 r--p 000db000 fc:00 34869170                   /home/henriqueramos_qs/meta-learning-concept-drift/.venv/lib/python3.12/site-packages/scipy/spatial/transform/_rotation.cpython-312-x86_64-linux-gnu.so
7eb4712fa000-7eb4712fe000 rw-p 000dc000 fc:00 34869170                   /home/henriqueramos_qs/meta-learning-concept-drift/.venv/lib/python3.12/site-packages/scipy/spatial/transform/_rotation.cpython-312-x86_64-linux-gnu.so
7eb4712fe000-7eb4713ff000 rw-p 00000000 00:00 0 
7eb4713ff000-7eb471400000 ---p 00000000 00:00 0 
7eb471400000-7eb471c00000 rw-p 00000000 00:00 0 
7eb471c00000-7eb473c00000 rw-p 00000000 00:00 0 
7eb473c07000-7eb473c0a000 r--p 00000000 fc:00 34868896                   /home/henriqueramos_qs/meta-learning-concept-drift/.venv/lib/python3.12/site-packages/scipy/stats/_stats_pythran.cpython-312-x86_64-linux-gnu.so
7eb473c0a000-7eb473c20000 r-xp 00003000 fc:00 34868896                   /home/henriqueramos_qs/meta-learning-concept-drift/.venv/lib/python3.12/site-packages/scipy/stats/_stats_pythran.cpython-312-x86_64-linux-gnu.so
7eb473c20000-7eb473c25000 r--p 00019000 fc:00 34868896                   /home/henriqueramos_qs/meta-learning-concept-drift/.venv/lib/python3.12/site-packages/scipy/stats/_stats_pythran.cpython-312-x86_64-linux-gnu.so
7eb473c25000-7eb473c26000 r--p 0001d000 fc:00 34868896                   /home/henriqueramos_qs/meta-learning-concept-drift/.venv/lib/python3.12/site-packages/scipy/stats/_stats_pythran.cpython-312-x86_64-linux-gnu.so
7eb473c26000-7eb473c27000 rw-p 0001e000 fc:00 34868896                   /home/henriqueramos_qs/meta-learning-concept-drift/.venv/lib/python3.12/site-packages/scipy/stats/_stats_pythran.cpython-312-x86_64-linux-gnu.so
7eb473c27000-7eb473c2c000 r--p 00000000 fc:00 34868334                   /home/henriqueramos_qs/meta-learning-concept-drift/.venv/lib/python3.12/site-packages/scipy/optimize/_trlib/_trlib.cpython-312-x86_64-linux-gnu.so
7eb473c2c000-7eb473c6b000 r-xp 00005000 fc:00 34868334                   /home/henriqueramos_qs/meta-learning-concept-drift/.venv/lib/python3.12/site-packages/scipy/optimize/_trlib/_trlib.cpython-312-x86_64-linux-gnu.so
7eb473c6b000-7eb473c75000 r--p 00044000 fc:00 34868334                   /home/henriqueramos_qs/meta-learning-concept-drift/.venv/lib/python3.12/site-packages/scipy/optimize/_trlib/_trlib.cpython-312-x86_64-linux-gnu.so
7eb473c75000-7eb473c76000 r--p 0004d000 fc:00 34868334                   /home/henriqueramos_qs/meta-learning-concept-drift/.venv/lib/python3.12/site-packages/scipy/optimize/_trlib/_trlib.cpython-312-x86_64-linux-gnu.so
7eb473c76000-7eb473c78000 rw-p 0004e000 fc:00 34868334                   /home/henriqueramos_qs/meta-learning-concept-drift/.venv/lib/python3.12/site-packages/scipy/optimize/_trlib/_trlib.cpython-312-x86_64-linux-gnu.so
7eb473c78000-7eb473c79000 rw-p 00000000 00:00 0 
7eb473c79000-7eb473c7e000 rw-p 00059000 fc:00 34868334                   /home/henriqueramos_qs/meta-learning-concept-drift/.venv/lib/python3.12/site-packages/scipy/optimize/_trlib/_trlib.cpython-312-x86_64-linux-gnu.so
7eb473c7e000-7eb473c84000 r--p 00000000 fc:00 34869104                   /home/henriqueramos_qs/meta-learning-concept-drift/.venv/lib/python3.12/site-packages/scipy/spatial/_distance_pybind.cpython-312-x86_64-linux-gnu.so
7eb473c84000-7eb473ced000 r-xp 00006000 fc:00 34869104                   /home/henriqueramos_qs/meta-learning-concept-drift/.venv/lib/python3.12/site-packages/scipy/spatial/_distance_pybind.cpython-312-x86_64-linux-gnu.so
7eb473ced000-7eb473cfd000 r--p 0006f000 fc:00 34869104                   /home/henriqueramos_qs/meta-learning-concept-drift/.venv/lib/python3.12/site-packages/scipy/spatial/_distance_pybind.cpython-312-x86_64-linux-gnu.so
7eb473cfd000-7eb473cfe000 r--p 0007e000 fc:00 34869104                   /home/henriqueramos_qs/meta-learning-concept-drift/.venv/lib/python3.12/site-packages/scipy/spatial/_distance_pybind.cpython-312-x86_64-linux-gnu.so
7eb473cfe000-7eb473cff000 rw-p 0007f000 fc:00 34869104                   /home/henriqueramos_qs/meta-learning-concept-drift/.venv/lib/python3.12/site-packages/scipy/spatial/_distance_pybind.cpython-312-x86_64-linux-gnu.so
7eb473cff000-7eb473dff000 rw-p 00000000 00:00 0 
7eb473dff000-7eb473e00000 ---p 00000000 00:00 0 
7eb473e00000-7eb474600000 rw-p 00000000 00:00 0 
7eb474600000-7eb476600000 rw-p 00000000 00:00 0 
7eb476605000-7eb476606000 r--p 00000000 fc:00 34868690                   /home/henriqueramos_qs/meta-learning-concept-drift/.venv/lib/python3.12/site-packages/scipy/interpolate/_fitpack.cpython-312-x86_64-linux-gnu.so
7eb476606000-7eb476616000 r-xp 00001000 fc:00 34868690                   /home/henriqueramos_qs/meta-learning-concept-drift/.venv/lib/python3.12/site-packages/scipy/interpolate/_fitpack.cpython-312-x86_64-linux-gnu.so
7eb476616000-7eb476618000 r--p 00011000 fc:00 34868690                   /home/henriqueramos_qs/meta-learning-concept-drift/.venv/lib/python3.12/site-packages/scipy/interpolate/_fitpack.cpython-312-x86_64-linux-gnu.so
7eb476618000-7eb476619000 r--p 00012000 fc:00 34868690                   /home/henriqueramos_qs/meta-learning-concept-drift/.venv/lib/python3.12/site-packages/scipy/interpolate/_fitpack.cpython-312-x86_64-linux-gnu.so
7eb476619000-7eb47661a000 rw-p 00013000 fc:00 34868690                   /home/henriqueramos_qs/meta-learning-concept-drift/.venv/lib/python3.12/site-packages/scipy/interpolate/_fitpack.cpython-312-x86_64-linux-gnu.so
7eb47661a000-7eb47661c000 rw-p 00015000 fc:00 34868690                   /home/henriqueramos_qs/meta-learning-concept-drift/.venv/lib/python3.12/site-packages/scipy/interpolate/_fitpack.cpython-312-x86_64-linux-gnu.so
7eb47661c000-7eb47661f000 r--p 00000000 fc:00 34868544                   /home/henriqueramos_qs/meta-learning-concept-drift/.venv/lib/python3.12/site-packages/scipy/special/_special_ufuncs.cpython-312-x86_64-linux-gnu.so
7eb47661f000-7eb4766d2000 r-xp 00003000 fc:00 34868544                   /home/henriqueramos_qs/meta-learning-concept-drift/.venv/lib/python3.12/site-packages/scipy/special/_special_ufuncs.cpython-312-x86_64-linux-gnu.so
7eb4766d2000-7eb4766fd000 r--p 000b6000 fc:00 34868544                   /home/henriqueramos_qs/meta-learning-concept-drift/.venv/lib/python3.12/site-packages/scipy/special/_special_ufuncs.cpython-312-x86_64-linux-gnu.so
7eb4766fd000-7eb4766fe000 r--p 000e0000 fc:00 34868544                   /home/henriqueramos_qs/meta-learning-concept-drift/.venv/lib/python3.12/site-packages/scipy/special/_special_ufuncs.cpython-312-x86_64-linux-gnu.so
7eb4766fe000-7eb4766ff000 rw-p 000e1000 fc:00 34868544                   /home/henriqueramos_qs/meta-learning-concept-drift/.venv/lib/python3.12/site-packages/scipy/special/_special_ufuncs.cpython-312-x86_64-linux-gnu.so
7eb4766ff000-7eb4767ff000 rw-p 00000000 00:00 0 
7eb4767ff000-7eb476800000 ---p 00000000 00:00 0 
7eb476800000-7eb477000000 rw-p 00000000 00:00 0 
7eb477000000-7eb47b000000 rw-p 00000000 00:00 0 
7eb47b002000-7eb47b005000 r--p 00000000 fc:00 34868843                   /home/henriqueramos_qs/meta-learning-concept-drift/.venv/lib/python3.12/site-packages/scipy/integrate/_dop.cpython-312-x86_64-linux-gnu.so
7eb47b005000-7eb47b013000 r-xp 00003000 fc:00 34868843                   /home/henriqueramos_qs/meta-learning-concept-drift/.venv/lib/python3.12/site-packages/scipy/integrate/_dop.cpython-312-x86_64-linux-gnu.so
7eb47b013000-7eb47b017000 r--p 00011000 fc:00 34868843                   /home/henriqueramos_qs/meta-learning-concept-drift/.venv/lib/python3.12/site-packages/scipy/integrate/_dop.cpython-312-x86_64-linux-gnu.so
7eb47b017000-7eb47b018000 r--p 00014000 fc:00 34868843                   /home/henriqueramos_qs/meta-learning-concept-drift/.venv/lib/python3.12/site-packages/scipy/integrate/_dop.cpython-312-x86_64-linux-gnu.so
7eb47b018000-7eb47b01a000 rw-p 00015000 fc:00 34868843                   /home/henriqueramos_qs/meta-learning-concept-drift/.venv/lib/python3.12/site-packages/scipy/integrate/_dop.cpython-312-x86_64-linux-gnu.so
7eb47b01a000-7eb47b01d000 rw-p 0001a000 fc:00 34868843                   /home/henriqueramos_qs/meta-learning-concept-drift/.venv/lib/python3.12/site-packages/scipy/integrate/_dop.cpython-312-x86_64-linux-gnu.so
7eb47b01d000-7eb47b022000 r--p 00000000 fc:00 34869115                   /home/henriqueramos_qs/meta-learning-concept-drift/.venv/lib/python3.12/site-packages/scipy/spatial/_hausdorff.cpython-312-x86_64-linux-gnu.so
7eb47b022000-7eb47b048000 r-xp 00005000 fc:00 34869115                   /home/henriqueramos_qs/meta-learning-concept-drift/.venv/lib/python3.12/site-packages/scipy/spatial/_hausdorff.cpython-312-x86_64-linux-gnu.so
7eb47b048000-7eb47b04f000 r--p 0002b000 fc:00 34869115                   /home/henriqueramos_qs/meta-learning-concept-drift/.venv/lib/python3.12/site-packages/scipy/spatial/_hausdorff.cpython-312-x86_64-linux-gnu.so
7eb47b04f000-7eb47b050000 ---p 00032000 fc:00 34869115                   /home/henriqueramos_qs/meta-learning-concept-drift/.venv/lib/python3.12/site-packages/scipy/spatial/_hausdorff.cpython-312-x86_64-linux-gnu.so
7eb47b050000-7eb47b051000 r--p 00032000 fc:00 34869115                   /home/henriqueramos_qs/meta-learning-concept-drift/.venv/lib/python3.12/site-packages/scipy/spatial/_hausdorff.cpython-312-x86_64-linux-gnu.so
7eb47b051000-7eb47b053000 rw-p 00033000 fc:00 34869115                   /home/henriqueramos_qs/meta-learning-concept-drift/.venv/lib/python3.12/site-packages/scipy/spatial/_hausdorff.cpython-312-x86_64-linux-gnu.so
7eb47b053000-7eb47b054000 rw-p 00000000 00:00 0 
7eb47b054000-7eb47b072000 r--p 00000000 08:05 8392161                    /usr/lib/x86_64-linux-gnu/libssl.so.3
7eb47b072000-7eb47b0d4000 r-xp 0001e000 08:05 8392161                    /usr/lib/x86_64-linux-gnu/libssl.so.3
7eb47b0d4000-7eb47b0f0000 r--p 00080000 08:05 8392161                    /usr/lib/x86_64-linux-gnu/libssl.so.3
7eb47b0f0000-7eb47b0fa000 r--p 0009c000 08:05 8392161                    /usr/lib/x86_64-linux-gnu/libssl.so.3
7eb47b0fa000-7eb47b0fe000 rw-p 000a6000 08:05 8392161                    /usr/lib/x86_64-linux-gnu/libssl.so.3
7eb47b0fe000-7eb47b1fe000 rw-p 00000000 00:00 0 
7eb47b1fe000-7eb47b1ff000 ---p 00000000 00:00 0 
7eb47b1ff000-7eb47b9ff000 rw-p 00000000 00:00 0 
7eb47b9ff000-7eb47ba00000 ---p 00000000 00:00 0 
7eb47ba00000-7eb47c200000 rw-p 00000000 00:00 0 
7eb47c200000-7eb47e200000 rw-p 00000000 00:00 0 
7eb47e203000-7eb47e208000 r--p 00000000 fc:00 34869111                   /home/henriqueramos_qs/meta-learning-concept-drift/.venv/lib/python3.12/site-packages/scipy/spatial/_voronoi.cpython-312-x86_64-linux-gnu.so
7eb47e208000-7eb47e22c000 r-xp 00005000 fc:00 34869111                   /home/henriqueramos_qs/meta-learning-concept-drift/.venv/lib/python3.12/site-packages/scipy/spatial/_voronoi.cpython-312-x86_64-linux-gnu.so
7eb47e22c000-7eb47e233000 r--p 00029000 fc:00 34869111                   /home/henriqueramos_qs/meta-learning-concept-drift/.venv/lib/python3.12/site-packages/scipy/spatial/_voronoi.cpython-312-x86_64-linux-gnu.so
7eb47e233000-7eb47e234000 ---p 00030000 fc:00 34869111                   /home/henriqueramos_qs/meta-learning-concept-drift/.venv/lib/python3.12/site-packages/scipy/spatial/_voronoi.cpython-312-x86_64-linux-gnu.so
7eb47e234000-7eb47e235000 r--p 00030000 fc:00 34869111                   /home/henriqueramos_qs/meta-learning-concept-drift/.venv/lib/python3.12/site-packages/scipy/spatial/_voronoi.cpython-312-x86_64-linux-gnu.so
7eb47e235000-7eb47e237000 rw-p 00031000 fc:00 34869111                   /home/henriqueramos_qs/meta-learning-concept-drift/.venv/lib/python3.12/site-packages/scipy/spatial/_voronoi.cpython-312-x86_64-linux-gnu.so
7eb47e237000-7eb47e238000 rw-p 00000000 00:00 0 
7eb47e238000-7eb47e23c000 r--p 00000000 fc:00 34868532                   /home/henriqueramos_qs/meta-learning-concept-drift/.venv/lib/python3.12/site-packages/scipy/special/_specfun.cpython-312-x86_64-linux-gnu.so
7eb47e23c000-7eb47e264000 r-xp 00004000 fc:00 34868532                   /home/henriqueramos_qs/meta-learning-concept-drift/.venv/lib/python3.12/site-packages/scipy/special/_specfun.cpython-312-x86_64-linux-gnu.so
7eb47e264000-7eb47e269000 r--p 0002c000 fc:00 34868532                   /home/henriqueramos_qs/meta-learning-concept-drift/.venv/lib/python3.12/site-packages/scipy/special/_specfun.cpython-312-x86_64-linux-gnu.so
7eb47e269000-7eb47e26a000 r--p 00030000 fc:00 34868532                   /home/henriqueramos_qs/meta-learning-concept-drift/.venv/lib/python3.12/site-packages/scipy/special/_specfun.cpython-312-x86_64-linux-gnu.so
7eb47e26a000-7eb47e26b000 rw-p 00031000 fc:00 34868532                   /home/henriqueramos_qs/meta-learning-concept-drift/.venv/lib/python3.12/site-packages/scipy/special/_specfun.cpython-312-x86_64-linux-gnu.so
7eb47e26b000-7eb47e26c000 rw-p 00000000 00:00 0 
7eb47e26c000-7eb47e271000 r--p 00000000 fc:00 34868104                   /home/henriqueramos_qs/meta-learning-concept-drift/.venv/lib/python3.12/site-packages/scipy/sparse/csgraph/_traversal.cpython-312-x86_64-linux-gnu.so
7eb47e271000-7eb47e2ea000 r-xp 00005000 fc:00 34868104                   /home/henriqueramos_qs/meta-learning-concept-drift/.venv/lib/python3.12/site-packages/scipy/sparse/csgraph/_traversal.cpython-312-x86_64-linux-gnu.so
7eb47e2ea000-7eb47e2fb000 r--p 0007e000 fc:00 34868104                   /home/henriqueramos_qs/meta-learning-concept-drift/.venv/lib/python3.12/site-packages/scipy/sparse/csgraph/_traversal.cpython-312-x86_64-linux-gnu.so
7eb47e2fb000-7eb47e2fc000 r--p 0008e000 fc:00 34868104                   /home/henriqueramos_qs/meta-learning-concept-drift/.venv/lib/python3.12/site-packages/scipy/sparse/csgraph/_traversal.cpython-312-x86_64-linux-gnu.so
7eb47e2fc000-7eb47e2fe000 rw-p 0008f000 fc:00 34868104                   /home/henriqueramos_qs/meta-learning-concept-drift/.venv/lib/python3.12/site-packages/scipy/sparse/csgraph/_traversal.cpython-312-x86_64-linux-gnu.so
7eb47e2fe000-7eb47e3ff000 rw-p 00000000 00:00 0 
7eb47e3ff000-7eb47e400000 ---p 00000000 00:00 0 
7eb47e400000-7eb47ec00000 rw-p 00000000 00:00 0 
7eb47ec00000-7eb480c00000 rw-p 00000000 00:00 0 
7eb480c07000-7eb480c1a000 r--p 00000000 08:05 8396008                    /usr/lib/python3.12/lib-dynload/_ssl.cpython-312-x86_64-linux-gnu.so
7eb480c1a000-7eb480c27000 r-xp 00013000 08:05 8396008                    /usr/lib/python3.12/lib-dynload/_ssl.cpython-312-x86_64-linux-gnu.so
7eb480c27000-7eb480c35000 r--p 00020000 08:05 8396008                    /usr/lib/python3.12/lib-dynload/_ssl.cpython-312-x86_64-linux-gnu.so
7eb480c35000-7eb480c36000 r--p 0002d000 08:05 8396008                    /usr/lib/python3.12/lib-dynload/_ssl.cpython-312-x86_64-linux-gnu.so
7eb480c36000-7eb480c3f000 rw-p 0002e000 08:05 8396008                    /usr/lib/python3.12/lib-dynload/_ssl.cpython-312-x86_64-linux-gnu.so
7eb480c3f000-7eb480c44000 r--p 00000000 fc:00 34868109                   /home/henriqueramos_qs/meta-learning-concept-drift/.venv/lib/python3.12/site-packages/scipy/sparse/csgraph/_reordering.cpython-312-x86_64-linux-gnu.so
7eb480c44000-7eb480c79000 r-xp 00005000 fc:00 34868109                   /home/henriqueramos_qs/meta-learning-concept-drift/.venv/lib/python3.12/site-packages/scipy/sparse/csgraph/_reordering.cpython-312-x86_64-linux-gnu.so
7eb480c79000-7eb480c83000 r--p 0003a000 fc:00 34868109                   /home/henriqueramos_qs/meta-learning-concept-drift/.venv/lib/python3.12/site-packages/scipy/sparse/csgraph/_reordering.cpython-312-x86_64-linux-gnu.so
7eb480c83000-7eb480c84000 r--p 00043000 fc:00 34868109                   /home/henriqueramos_qs/meta-learning-concept-drift/.venv/lib/python3.12/site-packages/scipy/sparse/csgraph/_reordering.cpython-312-x86_64-linux-gnu.so
7eb480c84000-7eb480c86000 rw-p 00044000 fc:00 34868109                   /home/henriqueramos_qs/meta-learning-concept-drift/.venv/lib/python3.12/site-packages/scipy/sparse/csgraph/_reordering.cpython-312-x86_64-linux-gnu.so
7eb480c86000-7eb480c87000 rw-p 00000000 00:00 0 
7eb480c87000-7eb480c8c000 r--p 00000000 fc:00 34868112                   /home/henriqueramos_qs/meta-learning-concept-drift/.venv/lib/python3.12/site-packages/scipy/sparse/csgraph/_shortest_path.cpython-312-x86_64-linux-gnu.so
7eb480c8c000-7eb480ce6000 r-xp 00005000 fc:00 34868112                   /home/henriqueramos_qs/meta-learning-concept-drift/.venv/lib/python3.12/site-packages/scipy/sparse/csgraph/_shortest_path.cpython-312-x86_64-linux-gnu.so
7eb480ce6000-7eb480cfb000 r--p 0005f000 fc:00 34868112                   /home/henriqueramos_qs/meta-learning-concept-drift/.venv/lib/python3.12/site-packages/scipy/sparse/csgraph/_shortest_path.cpython-312-x86_64-linux-gnu.so
7eb480cfb000-7eb480cfc000 r--p 00073000 fc:00 34868112                   /home/henriqueramos_qs/meta-learning-concept-drift/.venv/lib/python3.12/site-packages/scipy/sparse/csgraph/_shortest_path.cpython-312-x86_64-linux-gnu.so
7eb480cfc000-7eb480cfe000 rw-p 00074000 fc:00 34868112                   /home/henriqueramos_qs/meta-learning-concept-drift/.venv/lib/python3.12/site-packages/scipy/sparse/csgraph/_shortest_path.cpython-312-x86_64-linux-gnu.so
7eb480cfe000-7eb480dff000 rw-p 00000000 00:00 0 
7eb480dff000-7eb480e00000 ---p 00000000 00:00 0 
7eb480e00000-7eb481600000 rw-p 00000000 00:00 0 
7eb481600000-7eb483600000 rw-p 00000000 00:00 0 
7eb483601000-7eb483603000 r--p 00000000 fc:00 35400255                   /home/henriqueramos_qs/meta-learning-concept-drift/.venv/lib/python3.12/site-packages/sklearn/neighbors/_partition_nodes.cpython-312-x86_64-linux-gnu.so
7eb483603000-7eb483605000 r-xp 00002000 fc:00 35400255                   /home/henriqueramos_qs/meta-learning-concept-drift/.venv/lib/python3.12/site-packages/sklearn/neighbors/_partition_nodes.cpython-312-x86_64-linux-gnu.so
7eb483605000-7eb483606000 r--p 00004000 fc:00 35400255                   /home/henriqueramos_qs/meta-learning-concept-drift/.venv/lib/python3.12/site-packages/sklearn/neighbors/_partition_nodes.cpython-312-x86_64-linux-gnu.so
7eb483606000-7eb483607000 r--p 00004000 fc:00 35400255                   /home/henriqueramos_qs/meta-learning-concept-drift/.venv/lib/python3.12/site-packages/sklearn/neighbors/_partition_nodes.cpython-312-x86_64-linux-gnu.so
7eb483607000-7eb483608000 rw-p 00005000 fc:00 35400255                   /home/henriqueramos_qs/meta-learning-concept-drift/.venv/lib/python3.12/site-packages/sklearn/neighbors/_partition_nodes.cpython-312-x86_64-linux-gnu.so
7eb483608000-7eb48360a000 r--p 00000000 fc:00 35400457                   /home/henriqueramos_qs/meta-learning-concept-drift/.venv/lib/python3.12/site-packages/sklearn/utils/_sorting.cpython-312-x86_64-linux-gnu.so
7eb48360a000-7eb48360c000 r-xp 00002000 fc:00 35400457                   /home/henriqueramos_qs/meta-learning-concept-drift/.venv/lib/python3.12/site-packages/sklearn/utils/_sorting.cpython-312-x86_64-linux-gnu.so
7eb48360c000-7eb48360d000 r--p 00004000 fc:00 35400457                   /home/henriqueramos_qs/meta-learning-concept-drift/.venv/lib/python3.12/site-packages/sklearn/utils/_sorting.cpython-312-x86_64-linux-gnu.so
7eb48360d000-7eb48360e000 r--p 00004000 fc:00 35400457                   /home/henriqueramos_qs/meta-learning-concept-drift/.venv/lib/python3.12/site-packages/sklearn/utils/_sorting.cpython-312-x86_64-linux-gnu.so
7eb48360e000-7eb48360f000 rw-p 00005000 fc:00 35400457                   /home/henriqueramos_qs/meta-learning-concept-drift/.venv/lib/python3.12/site-packages/sklearn/utils/_sorting.cpython-312-x86_64-linux-gnu.so
7eb48360f000-7eb483614000 r--p 00000000 fc:00 34868103                   /home/henriqueramos_qs/meta-learning-concept-drift/.venv/lib/python3.12/site-packages/scipy/sparse/csgraph/_matching.cpython-312-x86_64-linux-gnu.so
7eb483614000-7eb483649000 r-xp 00005000 fc:00 34868103                   /home/henriqueramos_qs/meta-learning-concept-drift/.venv/lib/python3.12/site-packages/scipy/sparse/csgraph/_matching.cpython-312-x86_64-linux-gnu.so
7eb483649000-7eb483657000 r--p 0003a000 fc:00 34868103                   /home/henriqueramos_qs/meta-learning-concept-drift/.venv/lib/python3.12/site-packages/scipy/sparse/csgraph/_matching.cpython-312-x86_64-linux-gnu.so
7eb483657000-7eb483658000 r--p 00047000 fc:00 34868103                   /home/henriqueramos_qs/meta-learning-concept-drift/.venv/lib/python3.12/site-packages/scipy/sparse/csgraph/_matching.cpython-312-x86_64-linux-gnu.so
7eb483658000-7eb48365a000 rw-p 00048000 fc:00 34868103                   /home/henriqueramos_qs/meta-learning-concept-drift/.venv/lib/python3.12/site-packages/scipy/sparse/csgraph/_matching.cpython-312-x86_64-linux-gnu.so
7eb48365a000-7eb48365b000 rw-p 00000000 00:00 0 
7eb48365b000-7eb483678000 r--p 00000000 fc:00 34868159                   /home/henriqueramos_qs/meta-learning-concept-drift/.venv/lib/python3.12/site-packages/scipy/sparse/linalg/_propack/_zpropack.cpython-312-x86_64-linux-gnu.so
7eb483678000-7eb483697000 r-xp 0001d000 fc:00 34868159                   /home/henriqueramos_qs/meta-learning-concept-drift/.venv/lib/python3.12/site-packages/scipy/sparse/linalg/_propack/_zpropack.cpython-312-x86_64-linux-gnu.so
7eb483697000-7eb4836a7000 r--p 0003c000 fc:00 34868159                   /home/henriqueramos_qs/meta-learning-concept-drift/.venv/lib/python3.12/site-packages/scipy/sparse/linalg/_propack/_zpropack.cpython-312-x86_64-linux-gnu.so
7eb4836a7000-7eb4836a8000 ---p 0004c000 fc:00 34868159                   /home/henriqueramos_qs/meta-learning-concept-drift/.venv/lib/python3.12/site-packages/scipy/sparse/linalg/_propack/_zpropack.cpython-312-x86_64-linux-gnu.so
7eb4836a8000-7eb4836a9000 r--p 0004c000 fc:00 34868159                   /home/henriqueramos_qs/meta-learning-concept-drift/.venv/lib/python3.12/site-packages/scipy/sparse/linalg/_propack/_zpropack.cpython-312-x86_64-linux-gnu.so
7eb4836a9000-7eb4836b1000 rw-p 0004d000 fc:00 34868159                   /home/henriqueramos_qs/meta-learning-concept-drift/.venv/lib/python3.12/site-packages/scipy/sparse/linalg/_propack/_zpropack.cpython-312-x86_64-linux-gnu.so
7eb4836b1000-7eb4836e7000 rw-p 00000000 00:00 0 
7eb4836e7000-7eb4836ff000 rw-p 00071000 fc:00 34868159                   /home/henriqueramos_qs/meta-learning-concept-drift/.venv/lib/python3.12/site-packages/scipy/sparse/linalg/_propack/_zpropack.cpython-312-x86_64-linux-gnu.so
7eb4836ff000-7eb4837ff000 rw-p 00000000 00:00 0 
7eb4837ff000-7eb483800000 ---p 00000000 00:00 0 
7eb483800000-7eb484000000 rw-p 00000000 00:00 0 
7eb484000000-7eb486000000 rw-p 00000000 00:00 0 
7eb486005000-7eb486008000 r--p 00000000 fc:00 34869020                   /home/henriqueramos_qs/meta-learning-concept-drift/.venv/lib/python3.12/site-packages/scipy/stats/_levy_stable/levyst.cpython-312-x86_64-linux-gnu.so
7eb486008000-7eb48600f000 r-xp 00003000 fc:00 34869020                   /home/henriqueramos_qs/meta-learning-concept-drift/.venv/lib/python3.12/site-packages/scipy/stats/_levy_stable/levyst.cpython-312-x86_64-linux-gnu.so
7eb48600f000-7eb486011000 r--p 0000a000 fc:00 34869020                   /home/henriqueramos_qs/meta-learning-concept-drift/.venv/lib/python3.12/site-packages/scipy/stats/_levy_stable/levyst.cpython-312-x86_64-linux-gnu.so
7eb486011000-7eb486012000 r--p 0000b000 fc:00 34869020                   /home/henriqueramos_qs/meta-learning-concept-drift/.venv/lib/python3.12/site-packages/scipy/stats/_levy_stable/levyst.cpython-312-x86_64-linux-gnu.so
7eb486012000-7eb486013000 rw-p 0000c000 fc:00 34869020                   /home/henriqueramos_qs/meta-learning-concept-drift/.venv/lib/python3.12/site-packages/scipy/stats/_levy_stable/levyst.cpython-312-x86_64-linux-gnu.so
7eb486013000-7eb486015000 r--p 00000000 fc:00 34868213                   /home/henriqueramos_qs/meta-learning-concept-drift/.venv/lib/python3.12/site-packages/scipy/optimize/_cobyla.cpython-312-x86_64-linux-gnu.so
7eb486015000-7eb486023000 r-xp 00002000 fc:00 34868213                   /home/henriqueramos_qs/meta-learning-concept-drift/.venv/lib/python3.12/site-packages/scipy/optimize/_cobyla.cpython-312-x86_64-linux-gnu.so
7eb486023000-7eb486026000 r--p 00010000 fc:00 34868213                   /home/henriqueramos_qs/meta-learning-concept-drift/.venv/lib/python3.12/site-packages/scipy/optimize/_cobyla.cpython-312-x86_64-linux-gnu.so
7eb486026000-7eb486027000 r--p 00012000 fc:00 34868213                   /home/henriqueramos_qs/meta-learning-concept-drift/.venv/lib/python3.12/site-packages/scipy/optimize/_cobyla.cpython-312-x86_64-linux-gnu.so
7eb486027000-7eb486028000 rw-p 00013000 fc:00 34868213                   /home/henriqueramos_qs/meta-learning-concept-drift/.venv/lib/python3.12/site-packages/scipy/optimize/_cobyla.cpython-312-x86_64-linux-gnu.so
7eb486028000-7eb48602a000 rw-p 00017000 fc:00 34868213                   /home/henriqueramos_qs/meta-learning-concept-drift/.venv/lib/python3.12/site-packages/scipy/optimize/_cobyla.cpython-312-x86_64-linux-gnu.so
7eb48602a000-7eb48602f000 r--p 00000000 fc:00 34868111                   /home/henriqueramos_qs/meta-learning-concept-drift/.venv/lib/python3.12/site-packages/scipy/sparse/csgraph/_flow.cpython-312-x86_64-linux-gnu.so
7eb48602f000-7eb486064000 r-xp 00005000 fc:00 34868111                   /home/henriqueramos_qs/meta-learning-concept-drift/.venv/lib/python3.12/site-packages/scipy/sparse/csgraph/_flow.cpython-312-x86_64-linux-gnu.so
7eb486064000-7eb486070000 r--p 0003a000 fc:00 34868111                   /home/henriqueramos_qs/meta-learning-concept-drift/.venv/lib/python3.12/site-packages/scipy/sparse/csgraph/_flow.cpython-312-x86_64-linux-gnu.so
7eb486070000-7eb486071000 r--p 00045000 fc:00 34868111                   /home/henriqueramos_qs/meta-learning-concept-drift/.venv/lib/python3.12/site-packages/scipy/sparse/csgraph/_flow.cpython-312-x86_64-linux-gnu.so
7eb486071000-7eb486073000 rw-p 00046000 fc:00 34868111                   /home/henriqueramos_qs/meta-learning-concept-drift/.venv/lib/python3.12/site-packages/scipy/sparse/csgraph/_flow.cpython-312-x86_64-linux-gnu.so
7eb486073000-7eb486074000 rw-p 00000000 00:00 0 
7eb486074000-7eb486091000 r--p 00000000 fc:00 34868160                   /home/henriqueramos_qs/meta-learning-concept-drift/.venv/lib/python3.12/site-packages/scipy/sparse/linalg/_propack/_cpropack.cpython-312-x86_64-linux-gnu.so
7eb486091000-7eb4860b2000 r-xp 0001d000 fc:00 34868160                   /home/henriqueramos_qs/meta-learning-concept-drift/.venv/lib/python3.12/site-packages/scipy/sparse/linalg/_propack/_cpropack.cpython-312-x86_64-linux-gnu.so
7eb4860b2000-7eb4860c2000 r--p 0003e000 fc:00 34868160                   /home/henriqueramos_qs/meta-learning-concept-drift/.venv/lib/python3.12/site-packages/scipy/sparse/linalg/_propack/_cpropack.cpython-312-x86_64-linux-gnu.so
7eb4860c2000-7eb4860c3000 ---p 0004e000 fc:00 34868160                   /home/henriqueramos_qs/meta-learning-concept-drift/.venv/lib/python3.12/site-packages/scipy/sparse/linalg/_propack/_cpropack.cpython-312-x86_64-linux-gnu.so
7eb4860c3000-7eb4860c4000 r--p 0004e000 fc:00 34868160                   /home/henriqueramos_qs/meta-learning-concept-drift/.venv/lib/python3.12/site-packages/scipy/sparse/linalg/_propack/_cpropack.cpython-312-x86_64-linux-gnu.so
7eb4860c4000-7eb4860cc000 rw-p 0004f000 fc:00 34868160                   /home/henriqueramos_qs/meta-learning-concept-drift/.venv/lib/python3.12/site-packages/scipy/sparse/linalg/_propack/_cpropack.cpython-312-x86_64-linux-gnu.so
7eb4860cc000-7eb4860e7000 rw-p 00000000 00:00 0 
7eb4860e7000-7eb4860ff000 rw-p 00073000 fc:00 34868160                   /home/henriqueramos_qs/meta-learning-concept-drift/.venv/lib/python3.12/site-packages/scipy/sparse/linalg/_propack/_cpropack.cpython-312-x86_64-linux-gnu.so
7eb4860ff000-7eb4861ff000 rw-p 00000000 00:00 0 
7eb4861ff000-7eb486200000 ---p 00000000 00:00 0 
7eb486200000-7eb486a00000 rw-p 00000000 00:00 0 
7eb486a00000-7eb488a00000 rw-p 00000000 00:00 0 
7eb488a04000-7eb488a06000 r--p 00000000 fc:00 35400431                   /home/henriqueramos_qs/meta-learning-concept-drift/.venv/lib/python3.12/site-packages/sklearn/utils/_heap.cpython-312-x86_64-linux-gnu.so
7eb488a06000-7eb488a07000 r-xp 00002000 fc:00 35400431                   /home/henriqueramos_qs/meta-learning-concept-drift/.venv/lib/python3.12/site-packages/sklearn/utils/_heap.cpython-312-x86_64-linux-gnu.so
7eb488a07000-7eb488a08000 r--p 00003000 fc:00 35400431                   /home/henriqueramos_qs/meta-learning-concept-drift/.venv/lib/python3.12/site-packages/sklearn/utils/_heap.cpython-312-x86_64-linux-gnu.so
7eb488a08000-7eb488a09000 r--p 00003000 fc:00 35400431                   /home/henriqueramos_qs/meta-learning-concept-drift/.venv/lib/python3.12/site-packages/sklearn/utils/_heap.cpython-312-x86_64-linux-gnu.so
7eb488a09000-7eb488a0a000 rw-p 00004000 fc:00 35400431                   /home/henriqueramos_qs/meta-learning-concept-drift/.venv/lib/python3.12/site-packages/sklearn/utils/_heap.cpython-312-x86_64-linux-gnu.so
7eb488a0a000-7eb488a0d000 r--p 00000000 fc:00 34868252                   /home/henriqueramos_qs/meta-learning-concept-drift/.venv/lib/python3.12/site-packages/scipy/optimize/_moduleTNC.cpython-312-x86_64-linux-gnu.so
7eb488a0d000-7eb488a27000 r-xp 00003000 fc:00 34868252                   /home/henriqueramos_qs/meta-learning-concept-drift/.venv/lib/python3.12/site-packages/scipy/optimize/_moduleTNC.cpython-312-x86_64-linux-gnu.so
7eb488a27000-7eb488a2b000 r--p 0001d000 fc:00 34868252                   /home/henriqueramos_qs/meta-learning-concept-drift/.venv/lib/python3.12/site-packages/scipy/optimize/_moduleTNC.cpython-312-x86_64-linux-gnu.so
7eb488a2b000-7eb488a2c000 r--p 00020000 fc:00 34868252                   /home/henriqueramos_qs/meta-learning-concept-drift/.venv/lib/python3.12/site-packages/scipy/optimize/_moduleTNC.cpython-312-x86_64-linux-gnu.so
7eb488a2c000-7eb488a2d000 rw-p 00021000 fc:00 34868252                   /home/henriqueramos_qs/meta-learning-concept-drift/.venv/lib/python3.12/site-packages/scipy/optimize/_moduleTNC.cpython-312-x86_64-linux-gnu.so
7eb488a2d000-7eb488a4a000 r--p 00000000 fc:00 34868162                   /home/henriqueramos_qs/meta-learning-concept-drift/.venv/lib/python3.12/site-packages/scipy/sparse/linalg/_propack/_dpropack.cpython-312-x86_64-linux-gnu.so
7eb488a4a000-7eb488a65000 r-xp 0001d000 fc:00 34868162                   /home/henriqueramos_qs/meta-learning-concept-drift/.venv/lib/python3.12/site-packages/scipy/sparse/linalg/_propack/_dpropack.cpython-312-x86_64-linux-gnu.so
7eb488a65000-7eb488a75000 r--p 00038000 fc:00 34868162                   /home/henriqueramos_qs/meta-learning-concept-drift/.venv/lib/python3.12/site-packages/scipy/sparse/linalg/_propack/_dpropack.cpython-312-x86_64-linux-gnu.so
7eb488a75000-7eb488a76000 r--p 00047000 fc:00 34868162                   /home/henriqueramos_qs/meta-learning-concept-drift/.venv/lib/python3.12/site-packages/scipy/sparse/linalg/_propack/_dpropack.cpython-312-x86_64-linux-gnu.so
7eb488a76000-7eb488a7e000 rw-p 00048000 fc:00 34868162                   /home/henriqueramos_qs/meta-learning-concept-drift/.venv/lib/python3.12/site-packages/scipy/sparse/linalg/_propack/_dpropack.cpython-312-x86_64-linux-gnu.so
7eb488a7e000-7eb488a96000 rw-p 0006b000 fc:00 34868162                   /home/henriqueramos_qs/meta-learning-concept-drift/.venv/lib/python3.12/site-packages/scipy/sparse/linalg/_propack/_dpropack.cpython-312-x86_64-linux-gnu.so
7eb488a96000-7eb488ab3000 r--p 00000000 fc:00 34868161                   /home/henriqueramos_qs/meta-learning-concept-drift/.venv/lib/python3.12/site-packages/scipy/sparse/linalg/_propack/_spropack.cpython-312-x86_64-linux-gnu.so
7eb488ab3000-7eb488ace000 r-xp 0001d000 fc:00 34868161                   /home/henriqueramos_qs/meta-learning-concept-drift/.venv/lib/python3.12/site-packages/scipy/sparse/linalg/_propack/_spropack.cpython-312-x86_64-linux-gnu.so
7eb488ace000-7eb488ade000 r--p 00038000 fc:00 34868161                   /home/henriqueramos_qs/meta-learning-concept-drift/.venv/lib/python3.12/site-packages/scipy/sparse/linalg/_propack/_spropack.cpython-312-x86_64-linux-gnu.so
7eb488ade000-7eb488adf000 r--p 00047000 fc:00 34868161                   /home/henriqueramos_qs/meta-learning-concept-drift/.venv/lib/python3.12/site-packages/scipy/sparse/linalg/_propack/_spropack.cpython-312-x86_64-linux-gnu.so
7eb488adf000-7eb488ae7000 rw-p 00048000 fc:00 34868161                   /home/henriqueramos_qs/meta-learning-concept-drift/.venv/lib/python3.12/site-packages/scipy/sparse/linalg/_propack/_spropack.cpython-312-x86_64-linux-gnu.so
7eb488ae7000-7eb488aff000 rw-p 0006b000 fc:00 34868161                   /home/henriqueramos_qs/meta-learning-concept-drift/.venv/lib/python3.12/site-packages/scipy/sparse/linalg/_propack/_spropack.cpython-312-x86_64-linux-gnu.so
7eb488aff000-7eb488bff000 rw-p 00000000 00:00 0 
7eb488bff000-7eb488c00000 ---p 00000000 00:00 0 
7eb488c00000-7eb489400000 rw-p 00000000 00:00 0 
7eb489400000-7eb48d400000 rw-p 00000000 00:00 0 
7eb48d401000-7eb48d402000 r--p 00000000 fc:00 34868278                   /home/henriqueramos_qs/meta-learning-concept-drift/.venv/lib/python3.12/site-packages/scipy/optimize/_direct.cpython-312-x86_64-linux-gnu.so
7eb48d402000-7eb48d408000 r-xp 00001000 fc:00 34868278                   /home/henriqueramos_qs/meta-learning-concept-drift/.venv/lib/python3.12/site-packages/scipy/optimize/_direct.cpython-312-x86_64-linux-gnu.so
7eb48d408000-7eb48d40a000 r--p 00007000 fc:00 34868278                   /home/henriqueramos_qs/meta-learning-concept-drift/.venv/lib/python3.12/site-packages/scipy/optimize/_direct.cpython-312-x86_64-linux-gnu.so
7eb48d40a000-7eb48d40b000 r--p 00008000 fc:00 34868278                   /home/henriqueramos_qs/meta-learning-concept-drift/.venv/lib/python3.12/site-packages/scipy/optimize/_direct.cpython-312-x86_64-linux-gnu.so
7eb48d40b000-7eb48d40c000 rw-p 00009000 fc:00 34868278                   /home/henriqueramos_qs/meta-learning-concept-drift/.venv/lib/python3.12/site-packages/scipy/optimize/_direct.cpython-312-x86_64-linux-gnu.so
7eb48d40c000-7eb48d411000 r--p 00000000 fc:00 34868108                   /home/henriqueramos_qs/meta-learning-concept-drift/.venv/lib/python3.12/site-packages/scipy/sparse/csgraph/_min_spanning_tree.cpython-312-x86_64-linux-gnu.so
7eb48d411000-7eb48d438000 r-xp 00005000 fc:00 34868108                   /home/henriqueramos_qs/meta-learning-concept-drift/.venv/lib/python3.12/site-packages/scipy/sparse/csgraph/_min_spanning_tree.cpython-312-x86_64-linux-gnu.so
7eb48d438000-7eb48d441000 r--p 0002c000 fc:00 34868108                   /home/henriqueramos_qs/meta-learning-concept-drift/.venv/lib/python3.12/site-packages/scipy/sparse/csgraph/_min_spanning_tree.cpython-312-x86_64-linux-gnu.so
7eb48d441000-7eb48d442000 r--p 00034000 fc:00 34868108                   /home/henriqueramos_qs/meta-learning-concept-drift/.venv/lib/python3.12/site-packages/scipy/sparse/csgraph/_min_spanning_tree.cpython-312-x86_64-linux-gnu.so
7eb48d442000-7eb48d444000 rw-p 00035000 fc:00 34868108                   /home/henriqueramos_qs/meta-learning-concept-drift/.venv/lib/python3.12/site-packages/scipy/sparse/csgraph/_min_spanning_tree.cpython-312-x86_64-linux-gnu.so
7eb48d444000-7eb48d445000 rw-p 00000000 00:00 0 
7eb48d445000-7eb48d463000 r--p 00000000 fc:00 34868191                   /home/henriqueramos_qs/meta-learning-concept-drift/.venv/lib/python3.12/site-packages/scipy/sparse/linalg/_eigen/arpack/_arpack.cpython-312-x86_64-linux-gnu.so
7eb48d463000-7eb48d4ba000 r-xp 0001e000 fc:00 34868191                   /home/henriqueramos_qs/meta-learning-concept-drift/.venv/lib/python3.12/site-packages/scipy/sparse/linalg/_eigen/arpack/_arpack.cpython-312-x86_64-linux-gnu.so
7eb48d4ba000-7eb48d4d6000 r--p 00075000 fc:00 34868191                   /home/henriqueramos_qs/meta-learning-concept-drift/.venv/lib/python3.12/site-packages/scipy/sparse/linalg/_eigen/arpack/_arpack.cpython-312-x86_64-linux-gnu.so
7eb48d4d6000-7eb48d4d7000 r--p 00090000 fc:00 34868191                   /home/henriqueramos_qs/meta-learning-concept-drift/.venv/lib/python3.12/site-packages/scipy/sparse/linalg/_eigen/arpack/_arpack.cpython-312-x86_64-linux-gnu.so
7eb48d4d7000-7eb48d4e5000 rw-p 00091000 fc:00 34868191                   /home/henriqueramos_qs/meta-learning-concept-drift/.venv/lib/python3.12/site-packages/scipy/sparse/linalg/_eigen/arpack/_arpack.cpython-312-x86_64-linux-gnu.so
7eb48d4e5000-7eb48d4e6000 rw-p 00000000 00:00 0 
7eb48d4e6000-7eb48d4fe000 rw-p 000bf000 fc:00 34868191                   /home/henriqueramos_qs/meta-learning-concept-drift/.venv/lib/python3.12/site-packages/scipy/sparse/linalg/_eigen/arpack/_arpack.cpython-312-x86_64-linux-gnu.so
7eb48d4fe000-7eb48d5fe000 rw-p 00000000 00:00 0 
7eb48d5fe000-7eb48d5ff000 ---p 00000000 00:00 0 
7eb48d5ff000-7eb48ddff000 rw-p 00000000 00:00 0 
7eb48ddff000-7eb48de00000 ---p 00000000 00:00 0 
7eb48de00000-7eb48e600000 rw-p 00000000 00:00 0 
7eb48e600000-7eb492600000 rw-p 00000000 00:00 0 
7eb492600000-7eb49261c000 r--p 00000000 fc:00 34868140                   /home/henriqueramos_qs/meta-learning-concept-drift/.venv/lib/python3.12/site-packages/scipy/sparse/linalg/_dsolve/_superlu.cpython-312-x86_64-linux-gnu.so
7eb49261c000-7eb492675000 r-xp 0001c000 fc:00 34868140                   /home/henriqueramos_qs/meta-learning-concept-drift/.venv/lib/python3.12/site-packages/scipy/sparse/linalg/_dsolve/_superlu.cpython-312-x86_64-linux-gnu.so
7eb492675000-7eb49268b000 r--p 00075000 fc:00 34868140                   /home/henriqueramos_qs/meta-learning-concept-drift/.venv/lib/python3.12/site-packages/scipy/sparse/linalg/_dsolve/_superlu.cpython-312-x86_64-linux-gnu.so
7eb49268b000-7eb49268c000 r--p 0008a000 fc:00 34868140                   /home/henriqueramos_qs/meta-learning-concept-drift/.venv/lib/python3.12/site-packages/scipy/sparse/linalg/_dsolve/_superlu.cpython-312-x86_64-linux-gnu.so
7eb49268c000-7eb492691000 rw-p 0008b000 fc:00 34868140                   /home/henriqueramos_qs/meta-learning-concept-drift/.venv/lib/python3.12/site-packages/scipy/sparse/linalg/_dsolve/_superlu.cpython-312-x86_64-linux-gnu.so
7eb492691000-7eb4926a9000 rw-p 000af000 fc:00 34868140                   /home/henriqueramos_qs/meta-learning-concept-drift/.venv/lib/python3.12/site-packages/scipy/sparse/linalg/_dsolve/_superlu.cpython-312-x86_64-linux-gnu.so
7eb4926a9000-7eb4926ad000 r--p 00000000 fc:00 34868756                   /home/henriqueramos_qs/meta-learning-concept-drift/.venv/lib/python3.12/site-packages/scipy/linalg/_decomp_update.cpython-312-x86_64-linux-gnu.so
7eb4926ad000-7eb4926ec000 r-xp 00004000 fc:00 34868756                   /home/henriqueramos_qs/meta-learning-concept-drift/.venv/lib/python3.12/site-packages/scipy/linalg/_decomp_update.cpython-312-x86_64-linux-gnu.so
7eb4926ec000-7eb4926fc000 r--p 00043000 fc:00 34868756                   /home/henriqueramos_qs/meta-learning-concept-drift/.venv/lib/python3.12/site-packages/scipy/linalg/_decomp_update.cpython-312-x86_64-linux-gnu.so
7eb4926fc000-7eb4926fd000 r--p 00052000 fc:00 34868756                   /home/henriqueramos_qs/meta-learning-concept-drift/.venv/lib/python3.12/site-packages/scipy/linalg/_decomp_update.cpython-312-x86_64-linux-gnu.so
7eb4926fd000-7eb4926fe000 rw-p 00053000 fc:00 34868756                   /home/henriqueramos_qs/meta-learning-concept-drift/.venv/lib/python3.12/site-packages/scipy/linalg/_decomp_update.cpython-312-x86_64-linux-gnu.so
7eb4926fe000-7eb4927ff000 rw-p 00000000 00:00 0 
7eb4927ff000-7eb492800000 ---p 00000000 00:00 0 
7eb492800000-7eb493000000 rw-p 00000000 00:00 0 
7eb493000000-7eb495000000 rw-p 00000000 00:00 0 
7eb495001000-7eb495008000 r--p 00000000 fc:00 34868742                   /home/henriqueramos_qs/meta-learning-concept-drift/.venv/lib/python3.12/site-packages/scipy/linalg/cython_blas.cpython-312-x86_64-linux-gnu.so
7eb495008000-7eb495034000 r-xp 00007000 fc:00 34868742                   /home/henriqueramos_qs/meta-learning-concept-drift/.venv/lib/python3.12/site-packages/scipy/linalg/cython_blas.cpython-312-x86_64-linux-gnu.so
7eb495034000-7eb495042000 r--p 00033000 fc:00 34868742                   /home/henriqueramos_qs/meta-learning-concept-drift/.venv/lib/python3.12/site-packages/scipy/linalg/cython_blas.cpython-312-x86_64-linux-gnu.so
7eb495042000-7eb495043000 ---p 00041000 fc:00 34868742                   /home/henriqueramos_qs/meta-learning-concept-drift/.venv/lib/python3.12/site-packages/scipy/linalg/cython_blas.cpython-312-x86_64-linux-gnu.so
7eb495043000-7eb495044000 r--p 00041000 fc:00 34868742                   /home/henriqueramos_qs/meta-learning-concept-drift/.venv/lib/python3.12/site-packages/scipy/linalg/cython_blas.cpython-312-x86_64-linux-gnu.so
7eb495044000-7eb495047000 rw-p 00042000 fc:00 34868742                   /home/henriqueramos_qs/meta-learning-concept-drift/.venv/lib/python3.12/site-packages/scipy/linalg/cython_blas.cpython-312-x86_64-linux-gnu.so
7eb495047000-7eb49504d000 rw-p 00051000 fc:00 34868742                   /home/henriqueramos_qs/meta-learning-concept-drift/.venv/lib/python3.12/site-packages/scipy/linalg/cython_blas.cpython-312-x86_64-linux-gnu.so
7eb49504d000-7eb495052000 r--p 00000000 fc:00 34868779                   /home/henriqueramos_qs/meta-learning-concept-drift/.venv/lib/python3.12/site-packages/scipy/linalg/_matfuncs_expm.cpython-312-x86_64-linux-gnu.so
7eb495052000-7eb4950b1000 r-xp 00005000 fc:00 34868779                   /home/henriqueramos_qs/meta-learning-concept-drift/.venv/lib/python3.12/site-packages/scipy/linalg/_matfuncs_expm.cpython-312-x86_64-linux-gnu.so
7eb4950b1000-7eb4950bc000 r--p 00064000 fc:00 34868779                   /home/henriqueramos_qs/meta-learning-concept-drift/.venv/lib/python3.12/site-packages/scipy/linalg/_matfuncs_expm.cpython-312-x86_64-linux-gnu.so
7eb4950bc000-7eb4950bd000 ---p 0006f000 fc:00 34868779                   /home/henriqueramos_qs/meta-learning-concept-drift/.venv/lib/python3.12/site-packages/scipy/linalg/_matfuncs_expm.cpython-312-x86_64-linux-gnu.so
7eb4950bd000-7eb4950be000 r--p 0006f000 fc:00 34868779                   /home/henriqueramos_qs/meta-learning-concept-drift/.venv/lib/python3.12/site-packages/scipy/linalg/_matfuncs_expm.cpython-312-x86_64-linux-gnu.so
7eb4950be000-7eb4950c0000 rw-p 00070000 fc:00 34868779                   /home/henriqueramos_qs/meta-learning-concept-drift/.venv/lib/python3.12/site-packages/scipy/linalg/_matfuncs_expm.cpython-312-x86_64-linux-gnu.so
7eb4950c0000-7eb4950c1000 rw-p 00000000 00:00 0 
7eb4950c1000-7eb4950c6000 r--p 00000000 fc:00 34868777                   /home/henriqueramos_qs/meta-learning-concept-drift/.venv/lib/python3.12/site-packages/scipy/linalg/_matfuncs_sqrtm_triu.cpython-312-x86_64-linux-gnu.so
7eb4950c6000-7eb4950f2000 r-xp 00005000 fc:00 34868777                   /home/henriqueramos_qs/meta-learning-concept-drift/.venv/lib/python3.12/site-packages/scipy/linalg/_matfuncs_sqrtm_triu.cpython-312-x86_64-linux-gnu.so
7eb4950f2000-7eb4950fa000 r--p 00031000 fc:00 34868777                   /home/henriqueramos_qs/meta-learning-concept-drift/.venv/lib/python3.12/site-packages/scipy/linalg/_matfuncs_sqrtm_triu.cpython-312-x86_64-linux-gnu.so
7eb4950fa000-7eb4950fb000 r--p 00038000 fc:00 34868777                   /home/henriqueramos_qs/meta-learning-concept-drift/.venv/lib/python3.12/site-packages/scipy/linalg/_matfuncs_sqrtm_triu.cpython-312-x86_64-linux-gnu.so
7eb4950fb000-7eb4950fd000 rw-p 00039000 fc:00 34868777                   /home/henriqueramos_qs/meta-learning-concept-drift/.venv/lib/python3.12/site-packages/scipy/linalg/_matfuncs_sqrtm_triu.cpython-312-x86_64-linux-gnu.so
7eb4950fd000-7eb4951fe000 rw-p 00000000 00:00 0 
7eb4951fe000-7eb4951ff000 ---p 00000000 00:00 0 
7eb4951ff000-7eb4959ff000 rw-p 00000000 00:00 0 
7eb4959ff000-7eb495a00000 ---p 00000000 00:00 0 
7eb495a00000-7eb496200000 rw-p 00000000 00:00 0 
7eb496200000-7eb498200000 rw-p 00000000 00:00 0 
7eb498201000-7eb498203000 r--p 00000000 fc:00 34868256                   /home/henriqueramos_qs/meta-learning-concept-drift/.venv/lib/python3.12/site-packages/scipy/optimize/_slsqp.cpython-312-x86_64-linux-gnu.so
7eb498203000-7eb498210000 r-xp 00002000 fc:00 34868256                   /home/henriqueramos_qs/meta-learning-concept-drift/.venv/lib/python3.12/site-packages/scipy/optimize/_slsqp.cpython-312-x86_64-linux-gnu.so
7eb498210000-7eb498213000 r--p 0000f000 fc:00 34868256                   /home/henriqueramos_qs/meta-learning-concept-drift/.venv/lib/python3.12/site-packages/scipy/optimize/_slsqp.cpython-312-x86_64-linux-gnu.so
7eb498213000-7eb498214000 r--p 00011000 fc:00 34868256                   /home/henriqueramos_qs/meta-learning-concept-drift/.venv/lib/python3.12/site-packages/scipy/optimize/_slsqp.cpython-312-x86_64-linux-gnu.so
7eb498214000-7eb498215000 rw-p 00012000 fc:00 34868256                   /home/henriqueramos_qs/meta-learning-concept-drift/.venv/lib/python3.12/site-packages/scipy/optimize/_slsqp.cpython-312-x86_64-linux-gnu.so
7eb498215000-7eb49821a000 r--p 00000000 fc:00 34868787                   /home/henriqueramos_qs/meta-learning-concept-drift/.venv/lib/python3.12/site-packages/scipy/linalg/_decomp_lu_cython.cpython-312-x86_64-linux-gnu.so
7eb49821a000-7eb498246000 r-xp 00005000 fc:00 34868787                   /home/henriqueramos_qs/meta-learning-concept-drift/.venv/lib/python3.12/site-packages/scipy/linalg/_decomp_lu_cython.cpython-312-x86_64-linux-gnu.so
7eb498246000-7eb49824e000 r--p 00031000 fc:00 34868787                   /home/henriqueramos_qs/meta-learning-concept-drift/.venv/lib/python3.12/site-packages/scipy/linalg/_decomp_lu_cython.cpython-312-x86_64-linux-gnu.so
7eb49824e000-7eb49824f000 r--p 00038000 fc:00 34868787                   /home/henriqueramos_qs/meta-learning-concept-drift/.venv/lib/python3.12/site-packages/scipy/linalg/_decomp_lu_cython.cpython-312-x86_64-linux-gnu.so
7eb49824f000-7eb498251000 rw-p 00039000 fc:00 34868787                   /home/henriqueramos_qs/meta-learning-concept-drift/.venv/lib/python3.12/site-packages/scipy/linalg/_decomp_lu_cython.cpython-312-x86_64-linux-gnu.so
7eb498251000-7eb498252000 rw-p 00000000 00:00 0 
7eb498252000-7eb49826c000 r--p 00000000 fc:00 34868785                   /home/henriqueramos_qs/meta-learning-concept-drift/.venv/lib/python3.12/site-packages/scipy/linalg/cython_lapack.cpython-312-x86_64-linux-gnu.so
7eb49826c000-7eb49828b000 r-xp 0001a000 fc:00 34868785                   /home/henriqueramos_qs/meta-learning-concept-drift/.venv/lib/python3.12/site-packages/scipy/linalg/cython_lapack.cpython-312-x86_64-linux-gnu.so
7eb49828b000-7eb4982e3000 r--p 00039000 fc:00 34868785                   /home/henriqueramos_qs/meta-learning-concept-drift/.venv/lib/python3.12/site-packages/scipy/linalg/cython_lapack.cpython-312-x86_64-linux-gnu.so
7eb4982e3000-7eb4982e4000 ---p 00091000 fc:00 34868785                   /home/henriqueramos_qs/meta-learning-concept-drift/.venv/lib/python3.12/site-packages/scipy/linalg/cython_lapack.cpython-312-x86_64-linux-gnu.so
7eb4982e4000-7eb4982e5000 r--p 00091000 fc:00 34868785                   /home/henriqueramos_qs/meta-learning-concept-drift/.venv/lib/python3.12/site-packages/scipy/linalg/cython_lapack.cpython-312-x86_64-linux-gnu.so
7eb4982e5000-7eb4982e9000 rw-p 00092000 fc:00 34868785                   /home/henriqueramos_qs/meta-learning-concept-drift/.venv/lib/python3.12/site-packages/scipy/linalg/cython_lapack.cpython-312-x86_64-linux-gnu.so
7eb4982e9000-7eb4982ff000 rw-p 000c1000 fc:00 34868785                   /home/henriqueramos_qs/meta-learning-concept-drift/.venv/lib/python3.12/site-packages/scipy/linalg/cython_lapack.cpython-312-x86_64-linux-gnu.so
7eb4982ff000-7eb4983ff000 rw-p 00000000 00:00 0 
7eb4983ff000-7eb498400000 ---p 00000000 00:00 0 
7eb498400000-7eb498c00000 rw-p 00000000 00:00 0 
7eb498c00000-7eb49ac00000 rw-p 00000000 00:00 0 
7eb49ac05000-7eb49ac07000 r--p 00000000 fc:00 34869117                   /home/henriqueramos_qs/meta-learning-concept-drift/.venv/lib/python3.12/site-packages/scipy/spatial/_distance_wrap.cpython-312-x86_64-linux-gnu.so
7eb49ac07000-7eb49ac1b000 r-xp 00002000 fc:00 34869117                   /home/henriqueramos_qs/meta-learning-concept-drift/.venv/lib/python3.12/site-packages/scipy/spatial/_distance_wrap.cpython-312-x86_64-linux-gnu.so
7eb49ac1b000-7eb49ac1d000 r--p 00016000 fc:00 34869117                   /home/henriqueramos_qs/meta-learning-concept-drift/.venv/lib/python3.12/site-packages/scipy/spatial/_distance_wrap.cpython-312-x86_64-linux-gnu.so
7eb49ac1d000-7eb49ac1e000 ---p 00018000 fc:00 34869117                   /home/henriqueramos_qs/meta-learning-concept-drift/.venv/lib/python3.12/site-packages/scipy/spatial/_distance_wrap.cpython-312-x86_64-linux-gnu.so
7eb49ac1e000-7eb49ac1f000 r--p 00018000 fc:00 34869117                   /home/henriqueramos_qs/meta-learning-concept-drift/.venv/lib/python3.12/site-packages/scipy/spatial/_distance_wrap.cpython-312-x86_64-linux-gnu.so
7eb49ac1f000-7eb49ac20000 rw-p 00019000 fc:00 34869117                   /home/henriqueramos_qs/meta-learning-concept-drift/.venv/lib/python3.12/site-packages/scipy/spatial/_distance_wrap.cpython-312-x86_64-linux-gnu.so
7eb49ac20000-7eb49ac47000 r--p 00000000 fc:00 34868778                   /home/henriqueramos_qs/meta-learning-concept-drift/.venv/lib/python3.12/site-packages/scipy/linalg/_fblas.cpython-312-x86_64-linux-gnu.so
7eb49ac47000-7eb49ac90000 r-xp 00027000 fc:00 34868778                   /home/henriqueramos_qs/meta-learning-concept-drift/.venv/lib/python3.12/site-packages/scipy/linalg/_fblas.cpython-312-x86_64-linux-gnu.so
7eb49ac90000-7eb49acbd000 r--p 00070000 fc:00 34868778                   /home/henriqueramos_qs/meta-learning-concept-drift/.venv/lib/python3.12/site-packages/scipy/linalg/_fblas.cpython-312-x86_64-linux-gnu.so
7eb49acbd000-7eb49acbe000 r--p 0009c000 fc:00 34868778                   /home/henriqueramos_qs/meta-learning-concept-drift/.venv/lib/python3.12/site-packages/scipy/linalg/_fblas.cpython-312-x86_64-linux-gnu.so
7eb49acbe000-7eb49ace7000 rw-p 0009d000 fc:00 34868778                   /home/henriqueramos_qs/meta-learning-concept-drift/.venv/lib/python3.12/site-packages/scipy/linalg/_fblas.cpython-312-x86_64-linux-gnu.so
7eb49ace7000-7eb49acff000 rw-p 000e6000 fc:00 34868778                   /home/henriqueramos_qs/meta-learning-concept-drift/.venv/lib/python3.12/site-packages/scipy/linalg/_fblas.cpython-312-x86_64-linux-gnu.so
7eb49acff000-7eb49adff000 rw-p 00000000 00:00 0 
7eb49adff000-7eb49ae00000 ---p 00000000 00:00 0 
7eb49ae00000-7eb49b600000 rw-p 00000000 00:00 0 
7eb49b600000-7eb49d600000 rw-p 00000000 00:00 0 
7eb49d605000-7eb49d607000 r--p 00000000 fc:00 34868341                   /home/henriqueramos_qs/meta-learning-concept-drift/.venv/lib/python3.12/site-packages/scipy/optimize/_highs/_highs_constants.cpython-312-x86_64-linux-gnu.so
7eb49d607000-7eb49d60b000 r-xp 00002000 fc:00 34868341                   /home/henriqueramos_qs/meta-learning-concept-drift/.venv/lib/python3.12/site-packages/scipy/optimize/_highs/_highs_constants.cpython-312-x86_64-linux-gnu.so
7eb49d60b000-7eb49d60c000 r--p 00006000 fc:00 34868341                   /home/henriqueramos_qs/meta-learning-concept-drift/.venv/lib/python3.12/site-packages/scipy/optimize/_highs/_highs_constants.cpython-312-x86_64-linux-gnu.so
7eb49d60c000-7eb49d60d000 r--p 00006000 fc:00 34868341                   /home/henriqueramos_qs/meta-learning-concept-drift/.venv/lib/python3.12/site-packages/scipy/optimize/_highs/_highs_constants.cpython-312-x86_64-linux-gnu.so
7eb49d60d000-7eb49d60e000 rw-p 00007000 fc:00 34868341                   /home/henriqueramos_qs/meta-learning-concept-drift/.venv/lib/python3.12/site-packages/scipy/optimize/_highs/_highs_constants.cpython-312-x86_64-linux-gnu.so
7eb49d60e000-7eb49d611000 r--p 00000000 fc:00 34868552                   /home/henriqueramos_qs/meta-learning-concept-drift/.venv/lib/python3.12/site-packages/scipy/special/_ellip_harm_2.cpython-312-x86_64-linux-gnu.so
7eb49d611000-7eb49d626000 r-xp 00003000 fc:00 34868552                   /home/henriqueramos_qs/meta-learning-concept-drift/.venv/lib/python3.12/site-packages/scipy/special/_ellip_harm_2.cpython-312-x86_64-linux-gnu.so
7eb49d626000-7eb49d629000 r--p 00018000 fc:00 34868552                   /home/henriqueramos_qs/meta-learning-concept-drift/.venv/lib/python3.12/site-packages/scipy/special/_ellip_harm_2.cpython-312-x86_64-linux-gnu.so
7eb49d629000-7eb49d62a000 r--p 0001a000 fc:00 34868552                   /home/henriqueramos_qs/meta-learning-concept-drift/.venv/lib/python3.12/site-packages/scipy/special/_ellip_harm_2.cpython-312-x86_64-linux-gnu.so
7eb49d62a000-7eb49d62b000 rw-p 0001b000 fc:00 34868552                   /home/henriqueramos_qs/meta-learning-concept-drift/.venv/lib/python3.12/site-packages/scipy/special/_ellip_harm_2.cpython-312-x86_64-linux-gnu.so
7eb49d62b000-7eb49d62e000 rw-p 00020000 fc:00 34868552                   /home/henriqueramos_qs/meta-learning-concept-drift/.venv/lib/python3.12/site-packages/scipy/special/_ellip_harm_2.cpython-312-x86_64-linux-gnu.so
7eb49d62e000-7eb49d634000 r--p 00000000 fc:00 34868774                   /home/henriqueramos_qs/meta-learning-concept-drift/.venv/lib/python3.12/site-packages/scipy/linalg/_cythonized_array_utils.cpython-312-x86_64-linux-gnu.so
7eb49d634000-7eb49d6a4000 r-xp 00006000 fc:00 34868774                   /home/henriqueramos_qs/meta-learning-concept-drift/.venv/lib/python3.12/site-packages/scipy/linalg/_cythonized_array_utils.cpython-312-x86_64-linux-gnu.so
7eb49d6a4000-7eb49d6b3000 r--p 00076000 fc:00 34868774                   /home/henriqueramos_qs/meta-learning-concept-drift/.venv/lib/python3.12/site-packages/scipy/linalg/_cythonized_array_utils.cpython-312-x86_64-linux-gnu.so
7eb49d6b3000-7eb49d6b4000 r--p 00084000 fc:00 34868774                   /home/henriqueramos_qs/meta-learning-concept-drift/.venv/lib/python3.12/site-packages/scipy/linalg/_cythonized_array_utils.cpython-312-x86_64-linux-gnu.so
7eb49d6b4000-7eb49d6b7000 rw-p 00085000 fc:00 34868774                   /home/henriqueramos_qs/meta-learning-concept-drift/.venv/lib/python3.12/site-packages/scipy/linalg/_cythonized_array_utils.cpython-312-x86_64-linux-gnu.so
7eb49d6b7000-7eb49d6b8000 rw-p 00000000 00:00 0 
7eb49d6b8000-7eb49d6c0000 r--p 00000000 fc:00 35393377                   /home/henriqueramos_qs/meta-learning-concept-drift/.venv/lib/python3.12/site-packages/pandas/_libs/join.cpython-312-x86_64-linux-gnu.so
7eb49d6c0000-7eb49d7e8000 r-xp 00008000 fc:00 35393377                   /home/henriqueramos_qs/meta-learning-concept-drift/.venv/lib/python3.12/site-packages/pandas/_libs/join.cpython-312-x86_64-linux-gnu.so
7eb49d7e8000-7eb49d7f8000 r--p 00130000 fc:00 35393377                   /home/henriqueramos_qs/meta-learning-concept-drift/.venv/lib/python3.12/site-packages/pandas/_libs/join.cpython-312-x86_64-linux-gnu.so
7eb49d7f8000-7eb49d7f9000 ---p 00140000 fc:00 35393377                   /home/henriqueramos_qs/meta-learning-concept-drift/.venv/lib/python3.12/site-packages/pandas/_libs/join.cpython-312-x86_64-linux-gnu.so
7eb49d7f9000-7eb49d7fb000 r--p 00140000 fc:00 35393377                   /home/henriqueramos_qs/meta-learning-concept-drift/.venv/lib/python3.12/site-packages/pandas/_libs/join.cpython-312-x86_64-linux-gnu.so
7eb49d7fb000-7eb49d7fe000 rw-p 00142000 fc:00 35393377                   /home/henriqueramos_qs/meta-learning-concept-drift/.venv/lib/python3.12/site-packages/pandas/_libs/join.cpython-312-x86_64-linux-gnu.so
7eb49d7fe000-7eb49d7ff000 rw-p 00000000 00:00 0 
7eb49d7ff000-7eb49d800000 ---p 00000000 00:00 0 
7eb49d800000-7eb49e000000 rw-p 00000000 00:00 0 
7eb49e000000-7eb4a0000000 rw-p 00000000 00:00 0 
7eb4a0000000-7eb4a0001000 r--p 00000000 fc:00 34868225                   /home/henriqueramos_qs/meta-learning-concept-drift/.venv/lib/python3.12/site-packages/scipy/optimize/_lsap.cpython-312-x86_64-linux-gnu.so
7eb4a0001000-7eb4a0003000 r-xp 00001000 fc:00 34868225                   /home/henriqueramos_qs/meta-learning-concept-drift/.venv/lib/python3.12/site-packages/scipy/optimize/_lsap.cpython-312-x86_64-linux-gnu.so
7eb4a0003000-7eb4a0005000 r--p 00003000 fc:00 34868225                   /home/henriqueramos_qs/meta-learning-concept-drift/.venv/lib/python3.12/site-packages/scipy/optimize/_lsap.cpython-312-x86_64-linux-gnu.so
7eb4a0005000-7eb4a0006000 r--p 00004000 fc:00 34868225                   /home/henriqueramos_qs/meta-learning-concept-drift/.venv/lib/python3.12/site-packages/scipy/optimize/_lsap.cpython-312-x86_64-linux-gnu.so
7eb4a0006000-7eb4a0007000 rw-p 00005000 fc:00 34868225                   /home/henriqueramos_qs/meta-learning-concept-drift/.venv/lib/python3.12/site-packages/scipy/optimize/_lsap.cpython-312-x86_64-linux-gnu.so
7eb4a0007000-7eb4a000c000 r--p 00000000 fc:00 34868746                   /home/henriqueramos_qs/meta-learning-concept-drift/.venv/lib/python3.12/site-packages/scipy/linalg/_solve_toeplitz.cpython-312-x86_64-linux-gnu.so
7eb4a000c000-7eb4a003c000 r-xp 00005000 fc:00 34868746                   /home/henriqueramos_qs/meta-learning-concept-drift/.venv/lib/python3.12/site-packages/scipy/linalg/_solve_toeplitz.cpython-312-x86_64-linux-gnu.so
7eb4a003c000-7eb4a0044000 r--p 00035000 fc:00 34868746                   /home/henriqueramos_qs/meta-learning-concept-drift/.venv/lib/python3.12/site-packages/scipy/linalg/_solve_toeplitz.cpython-312-x86_64-linux-gnu.so
7eb4a0044000-7eb4a0045000 ---p 0003d000 fc:00 34868746                   /home/henriqueramos_qs/meta-learning-concept-drift/.venv/lib/python3.12/site-packages/scipy/linalg/_solve_toeplitz.cpython-312-x86_64-linux-gnu.so
7eb4a0045000-7eb4a0046000 r--p 0003d000 fc:00 34868746                   /home/henriqueramos_qs/meta-learning-concept-drift/.venv/lib/python3.12/site-packages/scipy/linalg/_solve_toeplitz.cpython-312-x86_64-linux-gnu.so
7eb4a0046000-7eb4a0048000 rw-p 0003e000 fc:00 34868746                   /home/henriqueramos_qs/meta-learning-concept-drift/.venv/lib/python3.12/site-packages/scipy/linalg/_solve_toeplitz.cpython-312-x86_64-linux-gnu.so
7eb4a0048000-7eb4a0049000 rw-p 00000000 00:00 0 
7eb4a0049000-7eb4a004f000 r--p 00000000 fc:00 34868061                   /home/henriqueramos_qs/meta-learning-concept-drift/.venv/lib/python3.12/site-packages/scipy/sparse/_csparsetools.cpython-312-x86_64-linux-gnu.so
7eb4a004f000-7eb4a00eb000 r-xp 00006000 fc:00 34868061                   /home/henriqueramos_qs/meta-learning-concept-drift/.venv/lib/python3.12/site-packages/scipy/sparse/_csparsetools.cpython-312-x86_64-linux-gnu.so
7eb4a00eb000-7eb4a00fa000 r--p 000a2000 fc:00 34868061                   /home/henriqueramos_qs/meta-learning-concept-drift/.venv/lib/python3.12/site-packages/scipy/sparse/_csparsetools.cpython-312-x86_64-linux-gnu.so
7eb4a00fa000-7eb4a00fb000 r--p 000b0000 fc:00 34868061                   /home/henriqueramos_qs/meta-learning-concept-drift/.venv/lib/python3.12/site-packages/scipy/sparse/_csparsetools.cpython-312-x86_64-linux-gnu.so
7eb4a00fb000-7eb4a00fe000 rw-p 000b1000 fc:00 34868061                   /home/henriqueramos_qs/meta-learning-concept-drift/.venv/lib/python3.12/site-packages/scipy/sparse/_csparsetools.cpython-312-x86_64-linux-gnu.so
7eb4a00fe000-7eb4a01ff000 rw-p 00000000 00:00 0 
7eb4a01ff000-7eb4a0200000 ---p 00000000 00:00 0 
7eb4a0200000-7eb4a0a00000 rw-p 00000000 00:00 0 
7eb4a0a00000-7eb4a2a00000 rw-p 00000000 00:00 0 
7eb4a2a03000-7eb4a2a05000 r--p 00000000 fc:00 34868537                   /home/henriqueramos_qs/meta-learning-concept-drift/.venv/lib/python3.12/site-packages/scipy/special/_gufuncs.cpython-312-x86_64-linux-gnu.so
7eb4a2a05000-7eb4a2a2b000 r-xp 00002000 fc:00 34868537                   /home/henriqueramos_qs/meta-learning-concept-drift/.venv/lib/python3.12/site-packages/scipy/special/_gufuncs.cpython-312-x86_64-linux-gnu.so
7eb4a2a2b000-7eb4a2a30000 r--p 00028000 fc:00 34868537                   /home/henriqueramos_qs/meta-learning-concept-drift/.venv/lib/python3.12/site-packages/scipy/special/_gufuncs.cpython-312-x86_64-linux-gnu.so
7eb4a2a30000-7eb4a2a31000 r--p 0002c000 fc:00 34868537                   /home/henriqueramos_qs/meta-learning-concept-drift/.venv/lib/python3.12/site-packages/scipy/special/_gufuncs.cpython-312-x86_64-linux-gnu.so
7eb4a2a31000-7eb4a2a32000 rw-p 0002d000 fc:00 34868537                   /home/henriqueramos_qs/meta-learning-concept-drift/.venv/lib/python3.12/site-packages/scipy/special/_gufuncs.cpython-312-x86_64-linux-gnu.so
7eb4a2a32000-7eb4a2a3f000 r--p 00000000 fc:00 34867981                   /home/henriqueramos_qs/meta-learning-concept-drift/.venv/lib/python3.12/site-packages/charset_normalizer/md__mypyc.cpython-312-x86_64-linux-gnu.so
7eb4a2a3f000-7eb4a2a5e000 r-xp 0000d000 fc:00 34867981                   /home/henriqueramos_qs/meta-learning-concept-drift/.venv/lib/python3.12/site-packages/charset_normalizer/md__mypyc.cpython-312-x86_64-linux-gnu.so
7eb4a2a5e000-7eb4a2a67000 r--p 0002c000 fc:00 34867981                   /home/henriqueramos_qs/meta-learning-concept-drift/.venv/lib/python3.12/site-packages/charset_normalizer/md__mypyc.cpython-312-x86_64-linux-gnu.so
7eb4a2a67000-7eb4a2a68000 ---p 00035000 fc:00 34867981                   /home/henriqueramos_qs/meta-learning-concept-drift/.venv/lib/python3.12/site-packages/charset_normalizer/md__mypyc.cpython-312-x86_64-linux-gnu.so
7eb4a2a68000-7eb4a2a69000 r--p 00035000 fc:00 34867981                   /home/henriqueramos_qs/meta-learning-concept-drift/.venv/lib/python3.12/site-packages/charset_normalizer/md__mypyc.cpython-312-x86_64-linux-gnu.so
7eb4a2a69000-7eb4a2a6d000 rw-p 00036000 fc:00 34867981                   /home/henriqueramos_qs/meta-learning-concept-drift/.venv/lib/python3.12/site-packages/charset_normalizer/md__mypyc.cpython-312-x86_64-linux-gnu.so
7eb4a2a6d000-7eb4a2a6e000 rw-p 00000000 00:00 0 
7eb4a2a6e000-7eb4a2a78000 r--p 00000000 fc:00 34866703                   /home/henriqueramos_qs/meta-learning-concept-drift/.venv/lib/python3.12/site-packages/numpy/fft/_pocketfft_umath.cpython-312-x86_64-linux-gnu.so
7eb4a2a78000-7eb4a2af4000 r-xp 0000a000 fc:00 34866703                   /home/henriqueramos_qs/meta-learning-concept-drift/.venv/lib/python3.12/site-packages/numpy/fft/_pocketfft_umath.cpython-312-x86_64-linux-gnu.so
7eb4a2af4000-7eb4a2afd000 r--p 00086000 fc:00 34866703                   /home/henriqueramos_qs/meta-learning-concept-drift/.venv/lib/python3.12/site-packages/numpy/fft/_pocketfft_umath.cpython-312-x86_64-linux-gnu.so
7eb4a2afd000-7eb4a2afe000 r--p 0008e000 fc:00 34866703                   /home/henriqueramos_qs/meta-learning-concept-drift/.venv/lib/python3.12/site-packages/numpy/fft/_pocketfft_umath.cpython-312-x86_64-linux-gnu.so
7eb4a2afe000-7eb4a2aff000 rw-p 0008f000 fc:00 34866703                   /home/henriqueramos_qs/meta-learning-concept-drift/.venv/lib/python3.12/site-packages/numpy/fft/_pocketfft_umath.cpython-312-x86_64-linux-gnu.so
7eb4a2aff000-7eb4a2bff000 rw-p 00000000 00:00 0 
7eb4a2bff000-7eb4a2c00000 ---p 00000000 00:00 0 
7eb4a2c00000-7eb4a3400000 rw-p 00000000 00:00 0 
7eb4a3400000-7eb4a5400000 rw-p 00000000 00:00 0 
7eb4a5400000-7eb4a5402000 r--p 00000000 fc:00 34868255                   /home/henriqueramos_qs/meta-learning-concept-drift/.venv/lib/python3.12/site-packages/scipy/optimize/_minpack.cpython-312-x86_64-linux-gnu.so
7eb4a5402000-7eb4a540f000 r-xp 00002000 fc:00 34868255                   /home/henriqueramos_qs/meta-learning-concept-drift/.venv/lib/python3.12/site-packages/scipy/optimize/_minpack.cpython-312-x86_64-linux-gnu.so
7eb4a540f000-7eb4a5411000 r--p 0000f000 fc:00 34868255                   /home/henriqueramos_qs/meta-learning-concept-drift/.venv/lib/python3.12/site-packages/scipy/optimize/_minpack.cpython-312-x86_64-linux-gnu.so
7eb4a5411000-7eb4a5412000 r--p 00010000 fc:00 34868255                   /home/henriqueramos_qs/meta-learning-concept-drift/.venv/lib/python3.12/site-packages/scipy/optimize/_minpack.cpython-312-x86_64-linux-gnu.so
7eb4a5412000-7eb4a5413000 rw-p 00011000 fc:00 34868255                   /home/henriqueramos_qs/meta-learning-concept-drift/.venv/lib/python3.12/site-packages/scipy/optimize/_minpack.cpython-312-x86_64-linux-gnu.so
7eb4a5413000-7eb4a5417000 r--p 00000000 08:05 8397308                    /usr/lib/python3.12/lib-dynload/_asyncio.cpython-312-x86_64-linux-gnu.so
7eb4a5417000-7eb4a5420000 r-xp 00004000 08:05 8397308                    /usr/lib/python3.12/lib-dynload/_asyncio.cpython-312-x86_64-linux-gnu.so
7eb4a5420000-7eb4a5425000 r--p 0000d000 08:05 8397308                    /usr/lib/python3.12/lib-dynload/_asyncio.cpython-312-x86_64-linux-gnu.so
7eb4a5425000-7eb4a5426000 r--p 00011000 08:05 8397308                    /usr/lib/python3.12/lib-dynload/_asyncio.cpython-312-x86_64-linux-gnu.so
7eb4a5426000-7eb4a5428000 rw-p 00012000 08:05 8397308                    /usr/lib/python3.12/lib-dynload/_asyncio.cpython-312-x86_64-linux-gnu.so
7eb4a5428000-7eb4a5432000 r--p 00000000 fc:00 35393391                   /home/henriqueramos_qs/meta-learning-concept-drift/.venv/lib/python3.12/site-packages/pandas/_libs/parsers.cpython-312-x86_64-linux-gnu.so
7eb4a5432000-7eb4a5499000 r-xp 0000a000 fc:00 35393391                   /home/henriqueramos_qs/meta-learning-concept-drift/.venv/lib/python3.12/site-packages/pandas/_libs/parsers.cpython-312-x86_64-linux-gnu.so
7eb4a5499000-7eb4a54a7000 r--p 00071000 fc:00 35393391                   /home/henriqueramos_qs/meta-learning-concept-drift/.venv/lib/python3.12/site-packages/pandas/_libs/parsers.cpython-312-x86_64-linux-gnu.so
7eb4a54a7000-7eb4a54a8000 ---p 0007f000 fc:00 35393391                   /home/henriqueramos_qs/meta-learning-concept-drift/.venv/lib/python3.12/site-packages/pandas/_libs/parsers.cpython-312-x86_64-linux-gnu.so
7eb4a54a8000-7eb4a54aa000 r--p 0007f000 fc:00 35393391                   /home/henriqueramos_qs/meta-learning-concept-drift/.venv/lib/python3.12/site-packages/pandas/_libs/parsers.cpython-312-x86_64-linux-gnu.so
7eb4a54aa000-7eb4a54ad000 rw-p 00081000 fc:00 35393391                   /home/henriqueramos_qs/meta-learning-concept-drift/.venv/lib/python3.12/site-packages/pandas/_libs/parsers.cpython-312-x86_64-linux-gnu.so
7eb4a54ad000-7eb4a54af000 rw-p 00000000 00:00 0 
7eb4a54af000-7eb4a54b6000 r--p 00000000 fc:00 35393395                   /home/henriqueramos_qs/meta-learning-concept-drift/.venv/lib/python3.12/site-packages/pandas/_libs/reshape.cpython-312-x86_64-linux-gnu.so
7eb4a54b6000-7eb4a54f1000 r-xp 00007000 fc:00 35393395                   /home/henriqueramos_qs/meta-learning-concept-drift/.venv/lib/python3.12/site-packages/pandas/_libs/reshape.cpython-312-x86_64-linux-gnu.so
7eb4a54f1000-7eb4a54fa000 r--p 00042000 fc:00 35393395                   /home/henriqueramos_qs/meta-learning-concept-drift/.venv/lib/python3.12/site-packages/pandas/_libs/reshape.cpython-312-x86_64-linux-gnu.so
7eb4a54fa000-7eb4a54fc000 r--p 0004a000 fc:00 35393395                   /home/henriqueramos_qs/meta-learning-concept-drift/.venv/lib/python3.12/site-packages/pandas/_libs/reshape.cpython-312-x86_64-linux-gnu.so
7eb4a54fc000-7eb4a54fe000 rw-p 0004c000 fc:00 35393395                   /home/henriqueramos_qs/meta-learning-concept-drift/.venv/lib/python3.12/site-packages/pandas/_libs/reshape.cpython-312-x86_64-linux-gnu.so
7eb4a54fe000-7eb4a55ff000 rw-p 00000000 00:00 0 
7eb4a55ff000-7eb4a5600000 ---p 00000000 00:00 0 
7eb4a5600000-7eb4a5e00000 rw-p 00000000 00:00 0 
7eb4a5e00000-7eb4a7e00000 rw-p 00000000 00:00 0 
7eb4a7e03000-7eb4a7e06000 r--p 00000000 fc:00 34868105                   /home/henriqueramos_qs/meta-learning-concept-drift/.venv/lib/python3.12/site-packages/scipy/sparse/csgraph/_tools.cpython-312-x86_64-linux-gnu.so
7eb4a7e06000-7eb4a7e22000 r-xp 00003000 fc:00 34868105                   /home/henriqueramos_qs/meta-learning-concept-drift/.venv/lib/python3.12/site-packages/scipy/sparse/csgraph/_tools.cpython-312-x86_64-linux-gnu.so
7eb4a7e22000-7eb4a7e2c000 r--p 0001f000 fc:00 34868105                   /home/henriqueramos_qs/meta-learning-concept-drift/.venv/lib/python3.12/site-packages/scipy/sparse/csgraph/_tools.cpython-312-x86_64-linux-gnu.so
7eb4a7e2c000-7eb4a7e2d000 r--p 00028000 fc:00 34868105                   /home/henriqueramos_qs/meta-learning-concept-drift/.venv/lib/python3.12/site-packages/scipy/sparse/csgraph/_tools.cpython-312-x86_64-linux-gnu.so
7eb4a7e2d000-7eb4a7e2e000 rw-p 00029000 fc:00 34868105                   /home/henriqueramos_qs/meta-learning-concept-drift/.venv/lib/python3.12/site-packages/scipy/sparse/csgraph/_tools.cpython-312-x86_64-linux-gnu.so
7eb4a7e2e000-7eb4a7e2f000 rw-p 00000000 00:00 0 
7eb4a7e2f000-7eb4a7e3c000 r--p 00000000 fc:00 35393369                   /home/henriqueramos_qs/meta-learning-concept-drift/.venv/lib/python3.12/site-packages/pandas/_libs/index.cpython-312-x86_64-linux-gnu.so
7eb4a7e3c000-7eb4a7ed8000 r-xp 0000d000 fc:00 35393369                   /home/henriqueramos_qs/meta-learning-concept-drift/.venv/lib/python3.12/site-packages/pandas/_libs/index.cpython-312-x86_64-linux-gnu.so
7eb4a7ed8000-7eb4a7ef1000 r--p 000a9000 fc:00 35393369                   /home/henriqueramos_qs/meta-learning-concept-drift/.venv/lib/python3.12/site-packages/pandas/_libs/index.cpython-312-x86_64-linux-gnu.so
7eb4a7ef1000-7eb4a7ef4000 r--p 000c1000 fc:00 35393369                   /home/henriqueramos_qs/meta-learning-concept-drift/.venv/lib/python3.12/site-packages/pandas/_libs/index.cpython-312-x86_64-linux-gnu.so
7eb4a7ef4000-7eb4a7efc000 rw-p 000c4000 fc:00 35393369                   /home/henriqueramos_qs/meta-learning-concept-drift/.venv/lib/python3.12/site-packages/pandas/_libs/index.cpython-312-x86_64-linux-gnu.so
7eb4a7efc000-7eb4a7fff000 rw-p 00000000 00:00 0 
7eb4a7fff000-7eb4a8000000 ---p 00000000 00:00 0 
7eb4a8000000-7eb4a8800000 rw-p 00000000 00:00 0 
7eb4a8800000-7eb4aa800000 rw-p 00000000 00:00 0 
7eb4aa803000-7eb4aa80a000 r--p 00000000 fc:00 35393442                   /home/henriqueramos_qs/meta-learning-concept-drift/.venv/lib/python3.12/site-packages/pandas/_libs/window/aggregations.cpython-312-x86_64-linux-gnu.so
7eb4aa80a000-7eb4aa851000 r-xp 00007000 fc:00 35393442                   /home/henriqueramos_qs/meta-learning-concept-drift/.venv/lib/python3.12/site-packages/pandas/_libs/window/aggregations.cpython-312-x86_64-linux-gnu.so
7eb4aa851000-7eb4aa85d000 r--p 0004e000 fc:00 35393442                   /home/henriqueramos_qs/meta-learning-concept-drift/.venv/lib/python3.12/site-packages/pandas/_libs/window/aggregations.cpython-312-x86_64-linux-gnu.so
7eb4aa85d000-7eb4aa85f000 r--p 00059000 fc:00 35393442                   /home/henriqueramos_qs/meta-learning-concept-drift/.venv/lib/python3.12/site-packages/pandas/_libs/window/aggregations.cpython-312-x86_64-linux-gnu.so
7eb4aa85f000-7eb4aa861000 rw-p 0005b000 fc:00 35393442                   /home/henriqueramos_qs/meta-learning-concept-drift/.venv/lib/python3.12/site-packages/pandas/_libs/window/aggregations.cpython-312-x86_64-linux-gnu.so
7eb4aa861000-7eb4aa862000 rw-p 00000000 00:00 0 
7eb4aa862000-7eb4aa868000 r--p 00000000 fc:00 35393405                   /home/henriqueramos_qs/meta-learning-concept-drift/.venv/lib/python3.12/site-packages/pandas/_libs/writers.cpython-312-x86_64-linux-gnu.so
7eb4aa868000-7eb4aa890000 r-xp 00006000 fc:00 35393405                   /home/henriqueramos_qs/meta-learning-concept-drift/.venv/lib/python3.12/site-packages/pandas/_libs/writers.cpython-312-x86_64-linux-gnu.so
7eb4aa890000-7eb4aa899000 r--p 0002e000 fc:00 35393405                   /home/henriqueramos_qs/meta-learning-concept-drift/.venv/lib/python3.12/site-packages/pandas/_libs/writers.cpython-312-x86_64-linux-gnu.so
7eb4aa899000-7eb4aa89b000 r--p 00036000 fc:00 35393405                   /home/henriqueramos_qs/meta-learning-concept-drift/.venv/lib/python3.12/site-packages/pandas/_libs/writers.cpython-312-x86_64-linux-gnu.so
7eb4aa89b000-7eb4aa89d000 rw-p 00038000 fc:00 35393405                   /home/henriqueramos_qs/meta-learning-concept-drift/.venv/lib/python3.12/site-packages/pandas/_libs/writers.cpython-312-x86_64-linux-gnu.so
7eb4aa89d000-7eb4aa89e000 rw-p 00000000 00:00 0 
7eb4aa89e000-7eb4aa8a6000 r--p 00000000 fc:00 35393373                   /home/henriqueramos_qs/meta-learning-concept-drift/.venv/lib/python3.12/site-packages/pandas/_libs/internals.cpython-312-x86_64-linux-gnu.so
7eb4aa8a6000-7eb4aa8eb000 r-xp 00008000 fc:00 35393373                   /home/henriqueramos_qs/meta-learning-concept-drift/.venv/lib/python3.12/site-packages/pandas/_libs/internals.cpython-312-x86_64-linux-gnu.so
7eb4aa8eb000-7eb4aa8f8000 r--p 0004d000 fc:00 35393373                   /home/henriqueramos_qs/meta-learning-concept-drift/.venv/lib/python3.12/site-packages/pandas/_libs/internals.cpython-312-x86_64-linux-gnu.so
7eb4aa8f8000-7eb4aa8fa000 r--p 00059000 fc:00 35393373                   /home/henriqueramos_qs/meta-learning-concept-drift/.venv/lib/python3.12/site-packages/pandas/_libs/internals.cpython-312-x86_64-linux-gnu.so
7eb4aa8fa000-7eb4aa8fd000 rw-p 0005b000 fc:00 35393373                   /home/henriqueramos_qs/meta-learning-concept-drift/.venv/lib/python3.12/site-packages/pandas/_libs/internals.cpython-312-x86_64-linux-gnu.so
7eb4aa8fd000-7eb4aa9ff000 rw-p 00000000 00:00 0 
7eb4aa9ff000-7eb4aaa00000 ---p 00000000 00:00 0 
7eb4aaa00000-7eb4ab200000 rw-p 00000000 00:00 0 
7eb4ab200000-7eb4ad200000 rw-p 00000000 00:00 0 
7eb4ad203000-7eb4ad206000 r--p 00000000 fc:00 34868259                   /home/henriqueramos_qs/meta-learning-concept-drift/.venv/lib/python3.12/site-packages/scipy/optimize/_group_columns.cpython-312-x86_64-linux-gnu.so
7eb4ad206000-7eb4ad213000 r-xp 00003000 fc:00 34868259                   /home/henriqueramos_qs/meta-learning-concept-drift/.venv/lib/python3.12/site-packages/scipy/optimize/_group_columns.cpython-312-x86_64-linux-gnu.so
7eb4ad213000-7eb4ad216000 r--p 00010000 fc:00 34868259                   /home/henriqueramos_qs/meta-learning-concept-drift/.venv/lib/python3.12/site-packages/scipy/optimize/_group_columns.cpython-312-x86_64-linux-gnu.so
7eb4ad216000-7eb4ad217000 r--p 00012000 fc:00 34868259                   /home/henriqueramos_qs/meta-learning-concept-drift/.venv/lib/python3.12/site-packages/scipy/optimize/_group_columns.cpython-312-x86_64-linux-gnu.so
7eb4ad217000-7eb4ad218000 rw-p 00013000 fc:00 34868259                   /home/henriqueramos_qs/meta-learning-concept-drift/.venv/lib/python3.12/site-packages/scipy/optimize/_group_columns.cpython-312-x86_64-linux-gnu.so
7eb4ad218000-7eb4ad21b000 r--p 00000000 fc:00 34868389                   /home/henriqueramos_qs/meta-learning-concept-drift/.venv/lib/python3.12/site-packages/scipy/_lib/messagestream.cpython-312-x86_64-linux-gnu.so
7eb4ad21b000-7eb4ad226000 r-xp 00003000 fc:00 34868389                   /home/henriqueramos_qs/meta-learning-concept-drift/.venv/lib/python3.12/site-packages/scipy/_lib/messagestream.cpython-312-x86_64-linux-gnu.so
7eb4ad226000-7eb4ad229000 r--p 0000e000 fc:00 34868389                   /home/henriqueramos_qs/meta-learning-concept-drift/.venv/lib/python3.12/site-packages/scipy/_lib/messagestream.cpython-312-x86_64-linux-gnu.so
7eb4ad229000-7eb4ad22a000 r--p 00010000 fc:00 34868389                   /home/henriqueramos_qs/meta-learning-concept-drift/.venv/lib/python3.12/site-packages/scipy/_lib/messagestream.cpython-312-x86_64-linux-gnu.so
7eb4ad22a000-7eb4ad22b000 rw-p 00011000 fc:00 34868389                   /home/henriqueramos_qs/meta-learning-concept-drift/.venv/lib/python3.12/site-packages/scipy/_lib/messagestream.cpython-312-x86_64-linux-gnu.so
7eb4ad22b000-7eb4ad233000 r--p 00000000 fc:00 34869105                   /home/henriqueramos_qs/meta-learning-concept-drift/.venv/lib/python3.12/site-packages/scipy/spatial/_ckdtree.cpython-312-x86_64-linux-gnu.so
7eb4ad233000-7eb4ad2da000 r-xp 00008000 fc:00 34869105                   /home/henriqueramos_qs/meta-learning-concept-drift/.venv/lib/python3.12/site-packages/scipy/spatial/_ckdtree.cpython-312-x86_64-linux-gnu.so
7eb4ad2da000-7eb4ad2f9000 r--p 000af000 fc:00 34869105                   /home/henriqueramos_qs/meta-learning-concept-drift/.venv/lib/python3.12/site-packages/scipy/spatial/_ckdtree.cpython-312-x86_64-linux-gnu.so
7eb4ad2f9000-7eb4ad2fa000 r--p 000cd000 fc:00 34869105                   /home/henriqueramos_qs/meta-learning-concept-drift/.venv/lib/python3.12/site-packages/scipy/spatial/_ckdtree.cpython-312-x86_64-linux-gnu.so
7eb4ad2fa000-7eb4ad2fe000 rw-p 000ce000 fc:00 34869105                   /home/henriqueramos_qs/meta-learning-concept-drift/.venv/lib/python3.12/site-packages/scipy/spatial/_ckdtree.cpython-312-x86_64-linux-gnu.so
7eb4ad2fe000-7eb4ad3ff000 rw-p 00000000 00:00 0 
7eb4ad3ff000-7eb4ad400000 ---p 00000000 00:00 0 
7eb4ad400000-7eb4adc00000 rw-p 00000000 00:00 0 
7eb4adc00000-7eb4b1c00000 rw-p 00000000 00:00 0 
7eb4b1c01000-7eb4b1c04000 r--p 00000000 fc:00 34868526                   /home/henriqueramos_qs/meta-learning-concept-drift/.venv/lib/python3.12/site-packages/scipy/special/_comb.cpython-312-x86_64-linux-gnu.so
7eb4b1c04000-7eb4b1c0b000 r-xp 00003000 fc:00 34868526                   /home/henriqueramos_qs/meta-learning-concept-drift/.venv/lib/python3.12/site-packages/scipy/special/_comb.cpython-312-x86_64-linux-gnu.so
7eb4b1c0b000-7eb4b1c0d000 r--p 0000a000 fc:00 34868526                   /home/henriqueramos_qs/meta-learning-concept-drift/.venv/lib/python3.12/site-packages/scipy/special/_comb.cpython-312-x86_64-linux-gnu.so
7eb4b1c0d000-7eb4b1c0e000 r--p 0000b000 fc:00 34868526                   /home/henriqueramos_qs/meta-learning-concept-drift/.venv/lib/python3.12/site-packages/scipy/special/_comb.cpython-312-x86_64-linux-gnu.so
7eb4b1c0e000-7eb4b1c0f000 rw-p 0000c000 fc:00 34868526                   /home/henriqueramos_qs/meta-learning-concept-drift/.venv/lib/python3.12/site-packages/scipy/special/_comb.cpython-312-x86_64-linux-gnu.so
7eb4b1c0f000-7eb4b1c17000 r--p 00000000 fc:00 35393399                   /home/henriqueramos_qs/meta-learning-concept-drift/.venv/lib/python3.12/site-packages/pandas/_libs/sparse.cpython-312-x86_64-linux-gnu.so
7eb4b1c17000-7eb4b1ccc000 r-xp 00008000 fc:00 35393399                   /home/henriqueramos_qs/meta-learning-concept-drift/.venv/lib/python3.12/site-packages/pandas/_libs/sparse.cpython-312-x86_64-linux-gnu.so
7eb4b1ccc000-7eb4b1cdb000 r--p 000bd000 fc:00 35393399                   /home/henriqueramos_qs/meta-learning-concept-drift/.venv/lib/python3.12/site-packages/pandas/_libs/sparse.cpython-312-x86_64-linux-gnu.so
7eb4b1cdb000-7eb4b1cdd000 r--p 000cb000 fc:00 35393399                   /home/henriqueramos_qs/meta-learning-concept-drift/.venv/lib/python3.12/site-packages/pandas/_libs/sparse.cpython-312-x86_64-linux-gnu.so
7eb4b1cdd000-7eb4b1ce0000 rw-p 000cd000 fc:00 35393399                   /home/henriqueramos_qs/meta-learning-concept-drift/.venv/lib/python3.12/site-packages/pandas/_libs/sparse.cpython-312-x86_64-linux-gnu.so
7eb4b1ce0000-7eb4b1ce1000 rw-p 00000000 00:00 0 
7eb4b1ce1000-7eb4b1d15000 r--p 00000000 fc:00 35401576                   /home/henriqueramos_qs/meta-learning-concept-drift/.venv/lib/python3.12/site-packages/pyarrow/_compute.cpython-312-x86_64-linux-gnu.so
7eb4b1d15000-7eb4b1db2000 r-xp 00034000 fc:00 35401576                   /home/henriqueramos_qs/meta-learning-concept-drift/.venv/lib/python3.12/site-packages/pyarrow/_compute.cpython-312-x86_64-linux-gnu.so
7eb4b1db2000-7eb4b1de7000 r--p 000d1000 fc:00 35401576                   /home/henriqueramos_qs/meta-learning-concept-drift/.venv/lib/python3.12/site-packages/pyarrow/_compute.cpython-312-x86_64-linux-gnu.so
7eb4b1de7000-7eb4b1ded000 r--p 00105000 fc:00 35401576                   /home/henriqueramos_qs/meta-learning-concept-drift/.venv/lib/python3.12/site-packages/pyarrow/_compute.cpython-312-x86_64-linux-gnu.so
7eb4b1ded000-7eb4b1dfa000 rw-p 0010b000 fc:00 35401576                   /home/henriqueramos_qs/meta-learning-concept-drift/.venv/lib/python3.12/site-packages/pyarrow/_compute.cpython-312-x86_64-linux-gnu.so
7eb4b1dfa000-7eb4b1dfe000 rw-p 00000000 00:00 0 
7eb4b1dfe000-7eb4b1dff000 ---p 00000000 00:00 0 
7eb4b1dff000-7eb4b25ff000 rw-p 00000000 00:00 0 
7eb4b25ff000-7eb4b2600000 ---p 00000000 00:00 0 
7eb4b2600000-7eb4b2e00000 rw-p 00000000 00:00 0 
7eb4b2e00000-7eb4b4e00000 rw-p 00000000 00:00 0 
7eb4b4e04000-7eb4b4e05000 r--p 00000000 fc:00 34868273                   /home/henriqueramos_qs/meta-learning-concept-drift/.venv/lib/python3.12/site-packages/scipy/optimize/_zeros.cpython-312-x86_64-linux-gnu.so
7eb4b4e05000-7eb4b4e07000 r-xp 00001000 fc:00 34868273                   /home/henriqueramos_qs/meta-learning-concept-drift/.venv/lib/python3.12/site-packages/scipy/optimize/_zeros.cpython-312-x86_64-linux-gnu.so
7eb4b4e07000-7eb4b4e08000 r--p 00003000 fc:00 34868273                   /home/henriqueramos_qs/meta-learning-concept-drift/.venv/lib/python3.12/site-packages/scipy/optimize/_zeros.cpython-312-x86_64-linux-gnu.so
7eb4b4e08000-7eb4b4e09000 r--p 00003000 fc:00 34868273                   /home/henriqueramos_qs/meta-learning-concept-drift/.venv/lib/python3.12/site-packages/scipy/optimize/_zeros.cpython-312-x86_64-linux-gnu.so
7eb4b4e09000-7eb4b4e0a000 rw-p 00004000 fc:00 34868273                   /home/henriqueramos_qs/meta-learning-concept-drift/.venv/lib/python3.12/site-packages/scipy/optimize/_zeros.cpython-312-x86_64-linux-gnu.so
7eb4b4e0a000-7eb4b4e0c000 r--p 00000000 fc:00 34896621                   /home/henriqueramos_qs/meta-learning-concept-drift/.venv/lib/python3.12/site-packages/psutil/_psutil_posix.abi3.so
7eb4b4e0c000-7eb4b4e0e000 r-xp 00002000 fc:00 34896621                   /home/henriqueramos_qs/meta-learning-concept-drift/.venv/lib/python3.12/site-packages/psutil/_psutil_posix.abi3.so
7eb4b4e0e000-7eb4b4e0f000 r--p 00004000 fc:00 34896621                   /home/henriqueramos_qs/meta-learning-concept-drift/.venv/lib/python3.12/site-packages/psutil/_psutil_posix.abi3.so
7eb4b4e0f000-7eb4b4e10000 r--p 00004000 fc:00 34896621                   /home/henriqueramos_qs/meta-learning-concept-drift/.venv/lib/python3.12/site-packages/psutil/_psutil_posix.abi3.so
7eb4b4e10000-7eb4b4e11000 rw-p 00005000 fc:00 34896621                   /home/henriqueramos_qs/meta-learning-concept-drift/.venv/lib/python3.12/site-packages/psutil/_psutil_posix.abi3.so
7eb4b4e11000-7eb4b4e13000 r--p 00000000 fc:00 34896620                   /home/henriqueramos_qs/meta-learning-concept-drift/.venv/lib/python3.12/site-packages/psutil/_psutil_linux.abi3.so
7eb4b4e13000-7eb4b4e16000 r-xp 00002000 fc:00 34896620                   /home/henriqueramos_qs/meta-learning-concept-drift/.venv/lib/python3.12/site-packages/psutil/_psutil_linux.abi3.so
7eb4b4e16000-7eb4b4e17000 r--p 00005000 fc:00 34896620                   /home/henriqueramos_qs/meta-learning-concept-drift/.venv/lib/python3.12/site-packages/psutil/_psutil_linux.abi3.so
7eb4b4e17000-7eb4b4e18000 r--p 00005000 fc:00 34896620                   /home/henriqueramos_qs/meta-learning-concept-drift/.venv/lib/python3.12/site-packages/psutil/_psutil_linux.abi3.so
7eb4b4e18000-7eb4b4e19000 rw-p 00006000 fc:00 34896620                   /home/henriqueramos_qs/meta-learning-concept-drift/.venv/lib/python3.12/site-packages/psutil/_psutil_linux.abi3.so
7eb4b4e19000-7eb4b4e1d000 r--p 00000000 fc:00 34868409                   /home/henriqueramos_qs/meta-learning-concept-drift/.venv/lib/python3.12/site-packages/scipy/_lib/_ccallback_c.cpython-312-x86_64-linux-gnu.so
7eb4b4e1d000-7eb4b4e2b000 r-xp 00004000 fc:00 34868409                   /home/henriqueramos_qs/meta-learning-concept-drift/.venv/lib/python3.12/site-packages/scipy/_lib/_ccallback_c.cpython-312-x86_64-linux-gnu.so
7eb4b4e2b000-7eb4b4e2e000 r--p 00012000 fc:00 34868409                   /home/henriqueramos_qs/meta-learning-concept-drift/.venv/lib/python3.12/site-packages/scipy/_lib/_ccallback_c.cpython-312-x86_64-linux-gnu.so
7eb4b4e2e000-7eb4b4e2f000 r--p 00014000 fc:00 34868409                   /home/henriqueramos_qs/meta-learning-concept-drift/.venv/lib/python3.12/site-packages/scipy/_lib/_ccallback_c.cpython-312-x86_64-linux-gnu.so
7eb4b4e2f000-7eb4b4e30000 rw-p 00015000 fc:00 34868409                   /home/henriqueramos_qs/meta-learning-concept-drift/.venv/lib/python3.12/site-packages/scipy/_lib/_ccallback_c.cpython-312-x86_64-linux-gnu.so
7eb4b4e30000-7eb4b4f30000 rw-p 00000000 00:00 0 
7eb4b4f30000-7eb4b4f3c000 r--p 00000000 fc:00 35393381                   /home/henriqueramos_qs/meta-learning-concept-drift/.venv/lib/python3.12/site-packages/pandas/_libs/lib.cpython-312-x86_64-linux-gnu.so
7eb4b4f3c000-7eb4b4fd8000 r-xp 0000c000 fc:00 35393381                   /home/henriqueramos_qs/meta-learning-concept-drift/.venv/lib/python3.12/site-packages/pandas/_libs/lib.cpython-312-x86_64-linux-gnu.so
7eb4b4fd8000-7eb4b4ff3000 r--p 000a8000 fc:00 35393381                   /home/henriqueramos_qs/meta-learning-concept-drift/.venv/lib/python3.12/site-packages/pandas/_libs/lib.cpython-312-x86_64-linux-gnu.so
7eb4b4ff3000-7eb4b4ff4000 ---p 000c3000 fc:00 35393381                   /home/henriqueramos_qs/meta-learning-concept-drift/.venv/lib/python3.12/site-packages/pandas/_libs/lib.cpython-312-x86_64-linux-gnu.so
7eb4b4ff4000-7eb4b4ff7000 r--p 000c3000 fc:00 35393381                   /home/henriqueramos_qs/meta-learning-concept-drift/.venv/lib/python3.12/site-packages/pandas/_libs/lib.cpython-312-x86_64-linux-gnu.so
7eb4b4ff7000-7eb4b4ffd000 rw-p 000c6000 fc:00 35393381                   /home/henriqueramos_qs/meta-learning-concept-drift/.venv/lib/python3.12/site-packages/pandas/_libs/lib.cpython-312-x86_64-linux-gnu.so
7eb4b4ffd000-7eb4b4fff000 rw-p 00000000 00:00 0 
7eb4b4fff000-7eb4b5000000 ---p 00000000 00:00 0 
7eb4b5000000-7eb4b5800000 rw-p 00000000 00:00 0 
7eb4b5800000-7eb4b7800000 rw-p 00000000 00:00 0 
7eb4b7802000-7eb4b7804000 r--p 00000000 08:05 8397347                    /usr/lib/python3.12/lib-dynload/resource.cpython-312-x86_64-linux-gnu.so
7eb4b7804000-7eb4b7805000 r-xp 00002000 08:05 8397347                    /usr/lib/python3.12/lib-dynload/resource.cpython-312-x86_64-linux-gnu.so
7eb4b7805000-7eb4b7806000 r--p 00003000 08:05 8397347                    /usr/lib/python3.12/lib-dynload/resource.cpython-312-x86_64-linux-gnu.so
7eb4b7806000-7eb4b7807000 r--p 00003000 08:05 8397347                    /usr/lib/python3.12/lib-dynload/resource.cpython-312-x86_64-linux-gnu.so
7eb4b7807000-7eb4b7808000 rw-p 00004000 08:05 8397347                    /usr/lib/python3.12/lib-dynload/resource.cpython-312-x86_64-linux-gnu.so
7eb4b7808000-7eb4b780b000 r--p 00000000 08:05 8397327                    /usr/lib/python3.12/lib-dynload/_multibytecodec.cpython-312-x86_64-linux-gnu.so
7eb4b780b000-7eb4b7812000 r-xp 00003000 08:05 8397327                    /usr/lib/python3.12/lib-dynload/_multibytecodec.cpython-312-x86_64-linux-gnu.so
7eb4b7812000-7eb4b7814000 r--p 0000a000 08:05 8397327                    /usr/lib/python3.12/lib-dynload/_multibytecodec.cpython-312-x86_64-linux-gnu.so
7eb4b7814000-7eb4b7815000 r--p 0000b000 08:05 8397327                    /usr/lib/python3.12/lib-dynload/_multibytecodec.cpython-312-x86_64-linux-gnu.so
7eb4b7815000-7eb4b7816000 rw-p 0000c000 08:05 8397327                    /usr/lib/python3.12/lib-dynload/_multibytecodec.cpython-312-x86_64-linux-gnu.so
7eb4b7816000-7eb4b7822000 r--p 00000000 fc:00 35393357                   /home/henriqueramos_qs/meta-learning-concept-drift/.venv/lib/python3.12/site-packages/pandas/_libs/algos.cpython-312-x86_64-linux-gnu.so
7eb4b7822000-7eb4b79d0000 r-xp 0000c000 fc:00 35393357                   /home/henriqueramos_qs/meta-learning-concept-drift/.venv/lib/python3.12/site-packages/pandas/_libs/algos.cpython-312-x86_64-linux-gnu.so
7eb4b79d0000-7eb4b79f4000 r--p 001ba000 fc:00 35393357                   /home/henriqueramos_qs/meta-learning-concept-drift/.venv/lib/python3.12/site-packages/pandas/_libs/algos.cpython-312-x86_64-linux-gnu.so
7eb4b79f4000-7eb4b79f5000 ---p 001de000 fc:00 35393357                   /home/henriqueramos_qs/meta-learning-concept-drift/.venv/lib/python3.12/site-packages/pandas/_libs/algos.cpython-312-x86_64-linux-gnu.so
7eb4b79f5000-7eb4b79f8000 r--p 001de000 fc:00 35393357                   /home/henriqueramos_qs/meta-learning-concept-drift/.venv/lib/python3.12/site-packages/pandas/_libs/algos.cpython-312-x86_64-linux-gnu.so
7eb4b79f8000-7eb4b79fc000 rw-p 001e1000 fc:00 35393357                   /home/henriqueramos_qs/meta-learning-concept-drift/.venv/lib/python3.12/site-packages/pandas/_libs/algos.cpython-312-x86_64-linux-gnu.so
7eb4b79fc000-7eb4b79ff000 rw-p 00000000 00:00 0 
7eb4b79ff000-7eb4b7a00000 ---p 00000000 00:00 0 
7eb4b7a00000-7eb4b8200000 rw-p 00000000 00:00 0 
7eb4b8200000-7eb4ba200000 rw-p 00000000 00:00 0 
7eb4ba204000-7eb4ba20a000 r--p 00000000 fc:00 35393444                   /home/henriqueramos_qs/meta-learning-concept-drift/.venv/lib/python3.12/site-packages/pandas/_libs/window/indexers.cpython-312-x86_64-linux-gnu.so
7eb4ba20a000-7eb4ba22b000 r-xp 00006000 fc:00 35393444                   /home/henriqueramos_qs/meta-learning-concept-drift/.venv/lib/python3.12/site-packages/pandas/_libs/window/indexers.cpython-312-x86_64-linux-gnu.so
7eb4ba22b000-7eb4ba233000 r--p 00027000 fc:00 35393444                   /home/henriqueramos_qs/meta-learning-concept-drift/.venv/lib/python3.12/site-packages/pandas/_libs/window/indexers.cpython-312-x86_64-linux-gnu.so
7eb4ba233000-7eb4ba234000 ---p 0002f000 fc:00 35393444                   /home/henriqueramos_qs/meta-learning-concept-drift/.venv/lib/python3.12/site-packages/pandas/_libs/window/indexers.cpython-312-x86_64-linux-gnu.so
7eb4ba234000-7eb4ba235000 r--p 0002f000 fc:00 35393444                   /home/henriqueramos_qs/meta-learning-concept-drift/.venv/lib/python3.12/site-packages/pandas/_libs/window/indexers.cpython-312-x86_64-linux-gnu.so
7eb4ba235000-7eb4ba237000 rw-p 00030000 fc:00 35393444                   /home/henriqueramos_qs/meta-learning-concept-drift/.venv/lib/python3.12/site-packages/pandas/_libs/window/indexers.cpython-312-x86_64-linux-gnu.so
7eb4ba237000-7eb4ba23e000 r--p 00000000 fc:00 35393403                   /home/henriqueramos_qs/meta-learning-concept-drift/.venv/lib/python3.12/site-packages/pandas/_libs/tslib.cpython-312-x86_64-linux-gnu.so
7eb4ba23e000-7eb4ba276000 r-xp 00007000 fc:00 35393403                   /home/henriqueramos_qs/meta-learning-concept-drift/.venv/lib/python3.12/site-packages/pandas/_libs/tslib.cpython-312-x86_64-linux-gnu.so
7eb4ba276000-7eb4ba281000 r--p 0003f000 fc:00 35393403                   /home/henriqueramos_qs/meta-learning-concept-drift/.venv/lib/python3.12/site-packages/pandas/_libs/tslib.cpython-312-x86_64-linux-gnu.so
7eb4ba281000-7eb4ba283000 r--p 00049000 fc:00 35393403                   /home/henriqueramos_qs/meta-learning-concept-drift/.venv/lib/python3.12/site-packages/pandas/_libs/tslib.cpython-312-x86_64-linux-gnu.so
7eb4ba283000-7eb4ba285000 rw-p 0004b000 fc:00 35393403                   /home/henriqueramos_qs/meta-learning-concept-drift/.venv/lib/python3.12/site-packages/pandas/_libs/tslib.cpython-312-x86_64-linux-gnu.so
7eb4ba285000-7eb4ba286000 rw-p 00000000 00:00 0 
7eb4ba286000-7eb4ba28c000 r--p 00000000 fc:00 35393385                   /home/henriqueramos_qs/meta-learning-concept-drift/.venv/lib/python3.12/site-packages/pandas/_libs/ops.cpython-312-x86_64-linux-gnu.so
7eb4ba28c000-7eb4ba2b6000 r-xp 00006000 fc:00 35393385                   /home/henriqueramos_qs/meta-learning-concept-drift/.venv/lib/python3.12/site-packages/pandas/_libs/ops.cpython-312-x86_64-linux-gnu.so
7eb4ba2b6000-7eb4ba2bf000 r--p 00030000 fc:00 35393385                   /home/henriqueramos_qs/meta-learning-concept-drift/.venv/lib/python3.12/site-packages/pandas/_libs/ops.cpython-312-x86_64-linux-gnu.so
7eb4ba2bf000-7eb4ba2c0000 ---p 00039000 fc:00 35393385                   /home/henriqueramos_qs/meta-learning-concept-drift/.venv/lib/python3.12/site-packages/pandas/_libs/ops.cpython-312-x86_64-linux-gnu.so
7eb4ba2c0000-7eb4ba2c1000 r--p 00039000 fc:00 35393385                   /home/henriqueramos_qs/meta-learning-concept-drift/.venv/lib/python3.12/site-packages/pandas/_libs/ops.cpython-312-x86_64-linux-gnu.so
7eb4ba2c1000-7eb4ba2c3000 rw-p 0003a000 fc:00 35393385                   /home/henriqueramos_qs/meta-learning-concept-drift/.venv/lib/python3.12/site-packages/pandas/_libs/ops.cpython-312-x86_64-linux-gnu.so
7eb4ba2c3000-7eb4ba2c4000 rw-p 00000000 00:00 0 
7eb4ba2c4000-7eb4ba2ca000 r--p 00000000 fc:00 35393438                   /home/henriqueramos_qs/meta-learning-concept-drift/.venv/lib/python3.12/site-packages/pandas/_libs/tslibs/vectorized.cpython-312-x86_64-linux-gnu.so
7eb4ba2ca000-7eb4ba2f1000 r-xp 00006000 fc:00 35393438                   /home/henriqueramos_qs/meta-learning-concept-drift/.venv/lib/python3.12/site-packages/pandas/_libs/tslibs/vectorized.cpython-312-x86_64-linux-gnu.so
7eb4ba2f1000-7eb4ba2fa000 r--p 0002d000 fc:00 35393438                   /home/henriqueramos_qs/meta-learning-concept-drift/.venv/lib/python3.12/site-packages/pandas/_libs/tslibs/vectorized.cpython-312-x86_64-linux-gnu.so
7eb4ba2fa000-7eb4ba2fb000 ---p 00036000 fc:00 35393438                   /home/henriqueramos_qs/meta-learning-concept-drift/.venv/lib/python3.12/site-packages/pandas/_libs/tslibs/vectorized.cpython-312-x86_64-linux-gnu.so
7eb4ba2fb000-7eb4ba2fc000 r--p 00036000 fc:00 35393438                   /home/henriqueramos_qs/meta-learning-concept-drift/.venv/lib/python3.12/site-packages/pandas/_libs/tslibs/vectorized.cpython-312-x86_64-linux-gnu.so
7eb4ba2fc000-7eb4ba2fe000 rw-p 00037000 fc:00 35393438                   /home/henriqueramos_qs/meta-learning-concept-drift/.venv/lib/python3.12/site-packages/pandas/_libs/tslibs/vectorized.cpython-312-x86_64-linux-gnu.so
7eb4ba2fe000-7eb4ba3ff000 rw-p 00000000 00:00 0 
7eb4ba3ff000-7eb4ba400000 ---p 00000000 00:00 0 
7eb4ba400000-7eb4bac00000 rw-p 00000000 00:00 0 
7eb4bac00000-7eb4bcc00000 rw-p 00000000 00:00 0 
7eb4bcc00000-7eb4bcc02000 r--p 00000000 08:05 8397328                    /usr/lib/python3.12/lib-dynload/_multiprocessing.cpython-312-x86_64-linux-gnu.so
7eb4bcc02000-7eb4bcc04000 r-xp 00002000 08:05 8397328                    /usr/lib/python3.12/lib-dynload/_multiprocessing.cpython-312-x86_64-linux-gnu.so
7eb4bcc04000-7eb4bcc05000 r--p 00004000 08:05 8397328                    /usr/lib/python3.12/lib-dynload/_multiprocessing.cpython-312-x86_64-linux-gnu.so
7eb4bcc05000-7eb4bcc06000 r--p 00004000 08:05 8397328                    /usr/lib/python3.12/lib-dynload/_multiprocessing.cpython-312-x86_64-linux-gnu.so
7eb4bcc06000-7eb4bcc07000 rw-p 00005000 08:05 8397328                    /usr/lib/python3.12/lib-dynload/_multiprocessing.cpython-312-x86_64-linux-gnu.so
7eb4bcc07000-7eb4bcc0b000 r--p 00000000 fc:00 35393401                   /home/henriqueramos_qs/meta-learning-concept-drift/.venv/lib/python3.12/site-packages/pandas/_libs/testing.cpython-312-x86_64-linux-gnu.so
7eb4bcc0b000-7eb4bcc1f000 r-xp 00004000 fc:00 35393401                   /home/henriqueramos_qs/meta-learning-concept-drift/.venv/lib/python3.12/site-packages/pandas/_libs/testing.cpython-312-x86_64-linux-gnu.so
7eb4bcc1f000-7eb4bcc23000 r--p 00018000 fc:00 35393401                   /home/henriqueramos_qs/meta-learning-concept-drift/.venv/lib/python3.12/site-packages/pandas/_libs/testing.cpython-312-x86_64-linux-gnu.so
7eb4bcc23000-7eb4bcc24000 r--p 0001b000 fc:00 35393401                   /home/henriqueramos_qs/meta-learning-concept-drift/.venv/lib/python3.12/site-packages/pandas/_libs/testing.cpython-312-x86_64-linux-gnu.so
7eb4bcc24000-7eb4bcc25000 rw-p 0001c000 fc:00 35393401                   /home/henriqueramos_qs/meta-learning-concept-drift/.venv/lib/python3.12/site-packages/pandas/_libs/testing.cpython-312-x86_64-linux-gnu.so
7eb4bcc25000-7eb4bcc2e000 r--p 00000000 fc:00 35393426                   /home/henriqueramos_qs/meta-learning-concept-drift/.venv/lib/python3.12/site-packages/pandas/_libs/tslibs/period.cpython-312-x86_64-linux-gnu.so
7eb4bcc2e000-7eb4bcc7e000 r-xp 00009000 fc:00 35393426                   /home/henriqueramos_qs/meta-learning-concept-drift/.venv/lib/python3.12/site-packages/pandas/_libs/tslibs/period.cpython-312-x86_64-linux-gnu.so
7eb4bcc7e000-7eb4bcc98000 r--p 00059000 fc:00 35393426                   /home/henriqueramos_qs/meta-learning-concept-drift/.venv/lib/python3.12/site-packages/pandas/_libs/tslibs/period.cpython-312-x86_64-linux-gnu.so
7eb4bcc98000-7eb4bcc9b000 r--p 00072000 fc:00 35393426                   /home/henriqueramos_qs/meta-learning-concept-drift/.venv/lib/python3.12/site-packages/pandas/_libs/tslibs/period.cpython-312-x86_64-linux-gnu.so
7eb4bcc9b000-7eb4bcc9e000 rw-p 00075000 fc:00 35393426                   /home/henriqueramos_qs/meta-learning-concept-drift/.venv/lib/python3.12/site-packages/pandas/_libs/tslibs/period.cpython-312-x86_64-linux-gnu.so
7eb4bcc9e000-7eb4bcc9f000 rw-p 00000000 00:00 0 
7eb4bcc9f000-7eb4bcca6000 r--p 00000000 fc:00 35393428                   /home/henriqueramos_qs/meta-learning-concept-drift/.venv/lib/python3.12/site-packages/pandas/_libs/tslibs/strptime.cpython-312-x86_64-linux-gnu.so
7eb4bcca6000-7eb4bcce9000 r-xp 00007000 fc:00 35393428                   /home/henriqueramos_qs/meta-learning-concept-drift/.venv/lib/python3.12/site-packages/pandas/_libs/tslibs/strptime.cpython-312-x86_64-linux-gnu.so
7eb4bcce9000-7eb4bccf4000 r--p 0004a000 fc:00 35393428                   /home/henriqueramos_qs/meta-learning-concept-drift/.venv/lib/python3.12/site-packages/pandas/_libs/tslibs/strptime.cpython-312-x86_64-linux-gnu.so
7eb4bccf4000-7eb4bccf5000 ---p 00055000 fc:00 35393428                   /home/henriqueramos_qs/meta-learning-concept-drift/.venv/lib/python3.12/site-packages/pandas/_libs/tslibs/strptime.cpython-312-x86_64-linux-gnu.so
7eb4bccf5000-7eb4bccf7000 r--p 00055000 fc:00 35393428                   /home/henriqueramos_qs/meta-learning-concept-drift/.venv/lib/python3.12/site-packages/pandas/_libs/tslibs/strptime.cpython-312-x86_64-linux-gnu.so
7eb4bccf7000-7eb4bccf9000 rw-p 00057000 fc:00 35393428                   /home/henriqueramos_qs/meta-learning-concept-drift/.venv/lib/python3.12/site-packages/pandas/_libs/tslibs/strptime.cpython-312-x86_64-linux-gnu.so
7eb4bccf9000-7eb4bccfa000 rw-p 00000000 00:00 0 
7eb4bccfa000-7eb4bcd02000 r--p 00000000 fc:00 35393424                   /home/henriqueramos_qs/meta-learning-concept-drift/.venv/lib/python3.12/site-packages/pandas/_libs/tslibs/parsing.cpython-312-x86_64-linux-gnu.so
7eb4bcd02000-7eb4bcd4d000 r-xp 00008000 fc:00 35393424                   /home/henriqueramos_qs/meta-learning-concept-drift/.venv/lib/python3.12/site-packages/pandas/_libs/tslibs/parsing.cpython-312-x86_64-linux-gnu.so
7eb4bcd4d000-7eb4bcd5b000 r--p 00053000 fc:00 35393424                   /home/henriqueramos_qs/meta-learning-concept-drift/.venv/lib/python3.12/site-packages/pandas/_libs/tslibs/parsing.cpython-312-x86_64-linux-gnu.so
7eb4bcd5b000-7eb4bcd5c000 ---p 00061000 fc:00 35393424                   /home/henriqueramos_qs/meta-learning-concept-drift/.venv/lib/python3.12/site-packages/pandas/_libs/tslibs/parsing.cpython-312-x86_64-linux-gnu.so
7eb4bcd5c000-7eb4bcd5e000 r--p 00061000 fc:00 35393424                   /home/henriqueramos_qs/meta-learning-concept-drift/.venv/lib/python3.12/site-packages/pandas/_libs/tslibs/parsing.cpython-312-x86_64-linux-gnu.so
7eb4bcd5e000-7eb4bcd61000 rw-p 00063000 fc:00 35393424                   /home/henriqueramos_qs/meta-learning-concept-drift/.venv/lib/python3.12/site-packages/pandas/_libs/tslibs/parsing.cpython-312-x86_64-linux-gnu.so
7eb4bcd61000-7eb4bcd62000 rw-p 00000000 00:00 0 
7eb4bcd62000-7eb4bcd68000 r--p 00000000 fc:00 35393436                   /home/henriqueramos_qs/meta-learning-concept-drift/.venv/lib/python3.12/site-packages/pandas/_libs/tslibs/tzconversion.cpython-312-x86_64-linux-gnu.so
7eb4bcd68000-7eb4bcda0000 r-xp 00006000 fc:00 35393436                   /home/henriqueramos_qs/meta-learning-concept-drift/.venv/lib/python3.12/site-packages/pandas/_libs/tslibs/tzconversion.cpython-312-x86_64-linux-gnu.so
7eb4bcda0000-7eb4bcdaa000 r--p 0003e000 fc:00 35393436                   /home/henriqueramos_qs/meta-learning-concept-drift/.venv/lib/python3.12/site-packages/pandas/_libs/tslibs/tzconversion.cpython-312-x86_64-linux-gnu.so
7eb4bcdaa000-7eb4bcdac000 r--p 00047000 fc:00 35393436                   /home/henriqueramos_qs/meta-learning-concept-drift/.venv/lib/python3.12/site-packages/pandas/_libs/tslibs/tzconversion.cpython-312-x86_64-linux-gnu.so
7eb4bcdac000-7eb4bcdae000 rw-p 00049000 fc:00 35393436                   /home/henriqueramos_qs/meta-learning-concept-drift/.venv/lib/python3.12/site-packages/pandas/_libs/tslibs/tzconversion.cpython-312-x86_64-linux-gnu.so
7eb4bcdae000-7eb4bcdaf000 rw-p 00000000 00:00 0 
7eb4bcdaf000-7eb4bcdb6000 r--p 00000000 fc:00 35393416                   /home/henriqueramos_qs/meta-learning-concept-drift/.venv/lib/python3.12/site-packages/pandas/_libs/tslibs/fields.cpython-312-x86_64-linux-gnu.so
7eb4bcdb6000-7eb4bcdee000 r-xp 00007000 fc:00 35393416                   /home/henriqueramos_qs/meta-learning-concept-drift/.venv/lib/python3.12/site-packages/pandas/_libs/tslibs/fields.cpython-312-x86_64-linux-gnu.so
7eb4bcdee000-7eb4bcdf9000 r--p 0003f000 fc:00 35393416                   /home/henriqueramos_qs/meta-learning-concept-drift/.venv/lib/python3.12/site-packages/pandas/_libs/tslibs/fields.cpython-312-x86_64-linux-gnu.so
7eb4bcdf9000-7eb4bcdfa000 ---p 0004a000 fc:00 35393416                   /home/henriqueramos_qs/meta-learning-concept-drift/.venv/lib/python3.12/site-packages/pandas/_libs/tslibs/fields.cpython-312-x86_64-linux-gnu.so
7eb4bcdfa000-7eb4bcdfc000 r--p 0004a000 fc:00 35393416                   /home/henriqueramos_qs/meta-learning-concept-drift/.venv/lib/python3.12/site-packages/pandas/_libs/tslibs/fields.cpython-312-x86_64-linux-gnu.so
7eb4bcdfc000-7eb4bcdfe000 rw-p 0004c000 fc:00 35393416                   /home/henriqueramos_qs/meta-learning-concept-drift/.venv/lib/python3.12/site-packages/pandas/_libs/tslibs/fields.cpython-312-x86_64-linux-gnu.so
7eb4bcdfe000-7eb4bcdff000 rw-p 00000000 00:00 0 
7eb4bcdff000-7eb4bce00000 ---p 00000000 00:00 0 
7eb4bce00000-7eb4bd600000 rw-p 00000000 00:00 0 
7eb4bd600000-7eb4bf600000 rw-p 00000000 00:00 0 
7eb4bf604000-7eb4bf607000 r--p 00000000 fc:00 35399520                   /home/henriqueramos_qs/meta-learning-concept-drift/.venv/lib/python3.12/site-packages/sklearn/__check_build/_check_build.cpython-312-x86_64-linux-gnu.so
7eb4bf607000-7eb4bf60a000 r-xp 00003000 fc:00 35399520                   /home/henriqueramos_qs/meta-learning-concept-drift/.venv/lib/python3.12/site-packages/sklearn/__check_build/_check_build.cpython-312-x86_64-linux-gnu.so
7eb4bf60a000-7eb4bf60c000 r--p 00006000 fc:00 35399520                   /home/henriqueramos_qs/meta-learning-concept-drift/.venv/lib/python3.12/site-packages/sklearn/__check_build/_check_build.cpython-312-x86_64-linux-gnu.so
7eb4bf60c000-7eb4bf60d000 r--p 00007000 fc:00 35399520                   /home/henriqueramos_qs/meta-learning-concept-drift/.venv/lib/python3.12/site-packages/sklearn/__check_build/_check_build.cpython-312-x86_64-linux-gnu.so
7eb4bf60d000-7eb4bf60e000 rw-p 00008000 fc:00 35399520                   /home/henriqueramos_qs/meta-learning-concept-drift/.venv/lib/python3.12/site-packages/sklearn/__check_build/_check_build.cpython-312-x86_64-linux-gnu.so
7eb4bf60e000-7eb4bf610000 r--p 00000000 fc:00 35393379                   /home/henriqueramos_qs/meta-learning-concept-drift/.venv/lib/python3.12/site-packages/pandas/_libs/json.cpython-312-x86_64-linux-gnu.so
7eb4bf610000-7eb4bf619000 r-xp 00002000 fc:00 35393379                   /home/henriqueramos_qs/meta-learning-concept-drift/.venv/lib/python3.12/site-packages/pandas/_libs/json.cpython-312-x86_64-linux-gnu.so
7eb4bf619000-7eb4bf61d000 r--p 0000b000 fc:00 35393379                   /home/henriqueramos_qs/meta-learning-concept-drift/.venv/lib/python3.12/site-packages/pandas/_libs/json.cpython-312-x86_64-linux-gnu.so
7eb4bf61d000-7eb4bf61e000 r--p 0000e000 fc:00 35393379                   /home/henriqueramos_qs/meta-learning-concept-drift/.venv/lib/python3.12/site-packages/pandas/_libs/json.cpython-312-x86_64-linux-gnu.so
7eb4bf61e000-7eb4bf61f000 rw-p 0000f000 fc:00 35393379                   /home/henriqueramos_qs/meta-learning-concept-drift/.venv/lib/python3.12/site-packages/pandas/_libs/json.cpython-312-x86_64-linux-gnu.so
7eb4bf61f000-7eb4bf623000 r--p 00000000 fc:00 35393371                   /home/henriqueramos_qs/meta-learning-concept-drift/.venv/lib/python3.12/site-packages/pandas/_libs/indexing.cpython-312-x86_64-linux-gnu.so
7eb4bf623000-7eb4bf62b000 r-xp 00004000 fc:00 35393371                   /home/henriqueramos_qs/meta-learning-concept-drift/.venv/lib/python3.12/site-packages/pandas/_libs/indexing.cpython-312-x86_64-linux-gnu.so
7eb4bf62b000-7eb4bf62e000 r--p 0000c000 fc:00 35393371                   /home/henriqueramos_qs/meta-learning-concept-drift/.venv/lib/python3.12/site-packages/pandas/_libs/indexing.cpython-312-x86_64-linux-gnu.so
7eb4bf62e000-7eb4bf62f000 r--p 0000e000 fc:00 35393371                   /home/henriqueramos_qs/meta-learning-concept-drift/.venv/lib/python3.12/site-packages/pandas/_libs/indexing.cpython-312-x86_64-linux-gnu.so
7eb4bf62f000-7eb4bf630000 rw-p 0000f000 fc:00 35393371                   /home/henriqueramos_qs/meta-learning-concept-drift/.venv/lib/python3.12/site-packages/pandas/_libs/indexing.cpython-312-x86_64-linux-gnu.so
7eb4bf630000-7eb4bf636000 r--p 00000000 fc:00 35393434                   /home/henriqueramos_qs/meta-learning-concept-drift/.venv/lib/python3.12/site-packages/pandas/_libs/tslibs/timezones.cpython-312-x86_64-linux-gnu.so
7eb4bf636000-7eb4bf664000 r-xp 00006000 fc:00 35393434                   /home/henriqueramos_qs/meta-learning-concept-drift/.venv/lib/python3.12/site-packages/pandas/_libs/tslibs/timezones.cpython-312-x86_64-linux-gnu.so
7eb4bf664000-7eb4bf66e000 r--p 00034000 fc:00 35393434                   /home/henriqueramos_qs/meta-learning-concept-drift/.venv/lib/python3.12/site-packages/pandas/_libs/tslibs/timezones.cpython-312-x86_64-linux-gnu.so
7eb4bf66e000-7eb4bf670000 r--p 0003d000 fc:00 35393434                   /home/henriqueramos_qs/meta-learning-concept-drift/.venv/lib/python3.12/site-packages/pandas/_libs/tslibs/timezones.cpython-312-x86_64-linux-gnu.so
7eb4bf670000-7eb4bf672000 rw-p 0003f000 fc:00 35393434                   /home/henriqueramos_qs/meta-learning-concept-drift/.venv/lib/python3.12/site-packages/pandas/_libs/tslibs/timezones.cpython-312-x86_64-linux-gnu.so
7eb4bf672000-7eb4bf673000 rw-p 00000000 00:00 0 
7eb4bf673000-7eb4bf67d000 r--p 00000000 fc:00 35393430                   /home/henriqueramos_qs/meta-learning-concept-drift/.venv/lib/python3.12/site-packages/pandas/_libs/tslibs/timedeltas.cpython-312-x86_64-linux-gnu.so
7eb4bf67d000-7eb4bf6e1000 r-xp 0000a000 fc:00 35393430                   /home/henriqueramos_qs/meta-learning-concept-drift/.venv/lib/python3.12/site-packages/pandas/_libs/tslibs/timedeltas.cpython-312-x86_64-linux-gnu.so
7eb4bf6e1000-7eb4bf6f7000 r--p 0006e000 fc:00 35393430                   /home/henriqueramos_qs/meta-learning-concept-drift/.venv/lib/python3.12/site-packages/pandas/_libs/tslibs/timedeltas.cpython-312-x86_64-linux-gnu.so
7eb4bf6f7000-7eb4bf6fa000 r--p 00083000 fc:00 35393430                   /home/henriqueramos_qs/meta-learning-concept-drift/.venv/lib/python3.12/site-packages/pandas/_libs/tslibs/timedeltas.cpython-312-x86_64-linux-gnu.so
7eb4bf6fa000-7eb4bf6fd000 rw-p 00086000 fc:00 35393430                   /home/henriqueramos_qs/meta-learning-concept-drift/.venv/lib/python3.12/site-packages/pandas/_libs/tslibs/timedeltas.cpython-312-x86_64-linux-gnu.so
7eb4bf6fd000-7eb4bf7ff000 rw-p 00000000 00:00 0 
7eb4bf7ff000-7eb4bf800000 ---p 00000000 00:00 0 
7eb4bf800000-7eb4c0000000 rw-p 00000000 00:00 0 
7eb4c0000000-7eb4c2000000 rw-p 00000000 00:00 0 
7eb4c2000000-7eb4c2002000 r--p 00000000 08:05 8397344                    /usr/lib/python3.12/lib-dynload/mmap.cpython-312-x86_64-linux-gnu.so
7eb4c2002000-7eb4c2005000 r-xp 00002000 08:05 8397344                    /usr/lib/python3.12/lib-dynload/mmap.cpython-312-x86_64-linux-gnu.so
7eb4c2005000-7eb4c2007000 r--p 00005000 08:05 8397344                    /usr/lib/python3.12/lib-dynload/mmap.cpython-312-x86_64-linux-gnu.so
7eb4c2007000-7eb4c2008000 r--p 00006000 08:05 8397344                    /usr/lib/python3.12/lib-dynload/mmap.cpython-312-x86_64-linux-gnu.so
7eb4c2008000-7eb4c2009000 rw-p 00007000 08:05 8397344                    /usr/lib/python3.12/lib-dynload/mmap.cpython-312-x86_64-linux-gnu.so
7eb4c2009000-7eb4c200d000 r--p 00000000 fc:00 35393393                   /home/henriqueramos_qs/meta-learning-concept-drift/.venv/lib/python3.12/site-packages/pandas/_libs/properties.cpython-312-x86_64-linux-gnu.so
7eb4c200d000-7eb4c201a000 r-xp 00004000 fc:00 35393393                   /home/henriqueramos_qs/meta-learning-concept-drift/.venv/lib/python3.12/site-packages/pandas/_libs/properties.cpython-312-x86_64-linux-gnu.so
7eb4c201a000-7eb4c201d000 r--p 00011000 fc:00 35393393                   /home/henriqueramos_qs/meta-learning-concept-drift/.venv/lib/python3.12/site-packages/pandas/_libs/properties.cpython-312-x86_64-linux-gnu.so
7eb4c201d000-7eb4c201e000 ---p 00014000 fc:00 35393393                   /home/henriqueramos_qs/meta-learning-concept-drift/.venv/lib/python3.12/site-packages/pandas/_libs/properties.cpython-312-x86_64-linux-gnu.so
7eb4c201e000-7eb4c201f000 r--p 00014000 fc:00 35393393                   /home/henriqueramos_qs/meta-learning-concept-drift/.venv/lib/python3.12/site-packages/pandas/_libs/properties.cpython-312-x86_64-linux-gnu.so
7eb4c201f000-7eb4c2020000 rw-p 00015000 fc:00 35393393                   /home/henriqueramos_qs/meta-learning-concept-drift/.venv/lib/python3.12/site-packages/pandas/_libs/properties.cpython-312-x86_64-linux-gnu.so
7eb4c2020000-7eb4c2021000 rw-p 00000000 00:00 0 
7eb4c2021000-7eb4c202c000 r--p 00000000 fc:00 35393432                   /home/henriqueramos_qs/meta-learning-concept-drift/.venv/lib/python3.12/site-packages/pandas/_libs/tslibs/timestamps.cpython-312-x86_64-linux-gnu.so
7eb4c202c000-7eb4c208b000 r-xp 0000b000 fc:00 35393432                   /home/henriqueramos_qs/meta-learning-concept-drift/.venv/lib/python3.12/site-packages/pandas/_libs/tslibs/timestamps.cpython-312-x86_64-linux-gnu.so
7eb4c208b000-7eb4c20ad000 r--p 0006a000 fc:00 35393432                   /home/henriqueramos_qs/meta-learning-concept-drift/.venv/lib/python3.12/site-packages/pandas/_libs/tslibs/timestamps.cpython-312-x86_64-linux-gnu.so
7eb4c20ad000-7eb4c20ae000 ---p 0008c000 fc:00 35393432                   /home/henriqueramos_qs/meta-learning-concept-drift/.venv/lib/python3.12/site-packages/pandas/_libs/tslibs/timestamps.cpython-312-x86_64-linux-gnu.so
7eb4c20ae000-7eb4c20b1000 r--p 0008c000 fc:00 35393432                   /home/henriqueramos_qs/meta-learning-concept-drift/.venv/lib/python3.12/site-packages/pandas/_libs/tslibs/timestamps.cpython-312-x86_64-linux-gnu.so
7eb4c20b1000-7eb4c20b4000 rw-p 0008f000 fc:00 35393432                   /home/henriqueramos_qs/meta-learning-concept-drift/.venv/lib/python3.12/site-packages/pandas/_libs/tslibs/timestamps.cpython-312-x86_64-linux-gnu.so
7eb4c20b4000-7eb4c20b6000 rw-p 00000000 00:00 0 
7eb4c20b6000-7eb4c20c3000 r--p 00000000 fc:00 35393375                   /home/henriqueramos_qs/meta-learning-concept-drift/.venv/lib/python3.12/site-packages/pandas/_libs/interval.cpython-312-x86_64-linux-gnu.so
7eb4c20c3000-7eb4c21cf000 r-xp 0000d000 fc:00 35393375                   /home/henriqueramos_qs/meta-learning-concept-drift/.venv/lib/python3.12/site-packages/pandas/_libs/interval.cpython-312-x86_64-linux-gnu.so
7eb4c21cf000-7eb4c21f4000 r--p 00119000 fc:00 35393375                   /home/henriqueramos_qs/meta-learning-concept-drift/.venv/lib/python3.12/site-packages/pandas/_libs/interval.cpython-312-x86_64-linux-gnu.so
7eb4c21f4000-7eb4c21f6000 r--p 0013d000 fc:00 35393375                   /home/henriqueramos_qs/meta-learning-concept-drift/.venv/lib/python3.12/site-packages/pandas/_libs/interval.cpython-312-x86_64-linux-gnu.so
7eb4c21f6000-7eb4c21fd000 rw-p 0013f000 fc:00 35393375                   /home/henriqueramos_qs/meta-learning-concept-drift/.venv/lib/python3.12/site-packages/pandas/_libs/interval.cpython-312-x86_64-linux-gnu.so
7eb4c21fd000-7eb4c21ff000 rw-p 00000000 00:00 0 
7eb4c21ff000-7eb4c2200000 ---p 00000000 00:00 0 
7eb4c2200000-7eb4c2a00000 rw-p 00000000 00:00 0 
7eb4c2a00000-7eb4c6a00000 rw-p 00000000 00:00 0 
7eb4c6a03000-7eb4c6a13000 r--p 00000000 fc:00 35393422                   /home/henriqueramos_qs/meta-learning-concept-drift/.venv/lib/python3.12/site-packages/pandas/_libs/tslibs/offsets.cpython-312-x86_64-linux-gnu.so
7eb4c6a13000-7eb4c6ac3000 r-xp 00010000 fc:00 35393422                   /home/henriqueramos_qs/meta-learning-concept-drift/.venv/lib/python3.12/site-packages/pandas/_libs/tslibs/offsets.cpython-312-x86_64-linux-gnu.so
7eb4c6ac3000-7eb4c6aeb000 r--p 000c0000 fc:00 35393422                   /home/henriqueramos_qs/meta-learning-concept-drift/.venv/lib/python3.12/site-packages/pandas/_libs/tslibs/offsets.cpython-312-x86_64-linux-gnu.so
7eb4c6aeb000-7eb4c6aec000 ---p 000e8000 fc:00 35393422                   /home/henriqueramos_qs/meta-learning-concept-drift/.venv/lib/python3.12/site-packages/pandas/_libs/tslibs/offsets.cpython-312-x86_64-linux-gnu.so
7eb4c6aec000-7eb4c6af0000 r--p 000e8000 fc:00 35393422                   /home/henriqueramos_qs/meta-learning-concept-drift/.venv/lib/python3.12/site-packages/pandas/_libs/tslibs/offsets.cpython-312-x86_64-linux-gnu.so
7eb4c6af0000-7eb4c6afa000 rw-p 000ec000 fc:00 35393422                   /home/henriqueramos_qs/meta-learning-concept-drift/.venv/lib/python3.12/site-packages/pandas/_libs/tslibs/offsets.cpython-312-x86_64-linux-gnu.so
7eb4c6afa000-7eb4c6bfd000 rw-p 00000000 00:00 0 
7eb4c6bfd000-7eb4c6bfe000 ---p 00000000 00:00 0 
7eb4c6bfe000-7eb4c73fe000 rw-p 00000000 00:00 0 
7eb4c73fe000-7eb4c73ff000 ---p 00000000 00:00 0 
7eb4c73ff000-7eb4c7bff000 rw-p 00000000 00:00 0 
7eb4c7bff000-7eb4c7c00000 ---p 00000000 00:00 0 
7eb4c7c00000-7eb4c8400000 rw-p 00000000 00:00 0 
7eb4c8400000-7eb4ce400000 rw-p 00000000 00:00 0 
7eb4ce403000-7eb4ce407000 r--p 00000000 fc:00 35393387                   /home/henriqueramos_qs/meta-learning-concept-drift/.venv/lib/python3.12/site-packages/pandas/_libs/ops_dispatch.cpython-312-x86_64-linux-gnu.so
7eb4ce407000-7eb4ce40e000 r-xp 00004000 fc:00 35393387                   /home/henriqueramos_qs/meta-learning-concept-drift/.venv/lib/python3.12/site-packages/pandas/_libs/ops_dispatch.cpython-312-x86_64-linux-gnu.so
7eb4ce40e000-7eb4ce410000 r--p 0000b000 fc:00 35393387                   /home/henriqueramos_qs/meta-learning-concept-drift/.venv/lib/python3.12/site-packages/pandas/_libs/ops_dispatch.cpython-312-x86_64-linux-gnu.so
7eb4ce410000-7eb4ce411000 ---p 0000d000 fc:00 35393387                   /home/henriqueramos_qs/meta-learning-concept-drift/.venv/lib/python3.12/site-packages/pandas/_libs/ops_dispatch.cpython-312-x86_64-linux-gnu.so
7eb4ce411000-7eb4ce412000 r--p 0000d000 fc:00 35393387                   /home/henriqueramos_qs/meta-learning-concept-drift/.venv/lib/python3.12/site-packages/pandas/_libs/ops_dispatch.cpython-312-x86_64-linux-gnu.so
7eb4ce412000-7eb4ce413000 rw-p 0000e000 fc:00 35393387                   /home/henriqueramos_qs/meta-learning-concept-drift/.venv/lib/python3.12/site-packages/pandas/_libs/ops_dispatch.cpython-312-x86_64-linux-gnu.so
7eb4ce413000-7eb4ce419000 r--p 00000000 fc:00 35393418                   /home/henriqueramos_qs/meta-learning-concept-drift/.venv/lib/python3.12/site-packages/pandas/_libs/tslibs/nattype.cpython-312-x86_64-linux-gnu.so
7eb4ce419000-7eb4ce437000 r-xp 00006000 fc:00 35393418                   /home/henriqueramos_qs/meta-learning-concept-drift/.venv/lib/python3.12/site-packages/pandas/_libs/tslibs/nattype.cpython-312-x86_64-linux-gnu.so
7eb4ce437000-7eb4ce444000 r--p 00024000 fc:00 35393418                   /home/henriqueramos_qs/meta-learning-concept-drift/.venv/lib/python3.12/site-packages/pandas/_libs/tslibs/nattype.cpython-312-x86_64-linux-gnu.so
7eb4ce444000-7eb4ce446000 r--p 00030000 fc:00 35393418                   /home/henriqueramos_qs/meta-learning-concept-drift/.venv/lib/python3.12/site-packages/pandas/_libs/tslibs/nattype.cpython-312-x86_64-linux-gnu.so
7eb4ce446000-7eb4ce448000 rw-p 00032000 fc:00 35393418                   /home/henriqueramos_qs/meta-learning-concept-drift/.venv/lib/python3.12/site-packages/pandas/_libs/tslibs/nattype.cpython-312-x86_64-linux-gnu.so
7eb4ce448000-7eb4ce449000 rw-p 00000000 00:00 0 
7eb4ce449000-7eb4ce450000 r--p 00000000 fc:00 35393412                   /home/henriqueramos_qs/meta-learning-concept-drift/.venv/lib/python3.12/site-packages/pandas/_libs/tslibs/conversion.cpython-312-x86_64-linux-gnu.so
7eb4ce450000-7eb4ce482000 r-xp 00007000 fc:00 35393412                   /home/henriqueramos_qs/meta-learning-concept-drift/.venv/lib/python3.12/site-packages/pandas/_libs/tslibs/conversion.cpython-312-x86_64-linux-gnu.so
7eb4ce482000-7eb4ce48c000 r--p 00039000 fc:00 35393412                   /home/henriqueramos_qs/meta-learning-concept-drift/.venv/lib/python3.12/site-packages/pandas/_libs/tslibs/conversion.cpython-312-x86_64-linux-gnu.so
7eb4ce48c000-7eb4ce48e000 r--p 00042000 fc:00 35393412                   /home/henriqueramos_qs/meta-learning-concept-drift/.venv/lib/python3.12/site-packages/pandas/_libs/tslibs/conversion.cpython-312-x86_64-linux-gnu.so
7eb4ce48e000-7eb4ce490000 rw-p 00044000 fc:00 35393412                   /home/henriqueramos_qs/meta-learning-concept-drift/.venv/lib/python3.12/site-packages/pandas/_libs/tslibs/conversion.cpython-312-x86_64-linux-gnu.so
7eb4ce490000-7eb4ce491000 rw-p 00000000 00:00 0 
7eb4ce491000-7eb4ce495000 r--p 00000000 fc:00 35393420                   /home/henriqueramos_qs/meta-learning-concept-drift/.venv/lib/python3.12/site-packages/pandas/_libs/tslibs/np_datetime.cpython-312-x86_64-linux-gnu.so
7eb4ce495000-7eb4ce4aa000 r-xp 00004000 fc:00 35393420                   /home/henriqueramos_qs/meta-learning-concept-drift/.venv/lib/python3.12/site-packages/pandas/_libs/tslibs/np_datetime.cpython-312-x86_64-linux-gnu.so
7eb4ce4aa000-7eb4ce4af000 r--p 00019000 fc:00 35393420                   /home/henriqueramos_qs/meta-learning-concept-drift/.venv/lib/python3.12/site-packages/pandas/_libs/tslibs/np_datetime.cpython-312-x86_64-linux-gnu.so
7eb4ce4af000-7eb4ce4b0000 ---p 0001e000 fc:00 35393420                   /home/henriqueramos_qs/meta-learning-concept-drift/.venv/lib/python3.12/site-packages/pandas/_libs/tslibs/np_datetime.cpython-312-x86_64-linux-gnu.so
7eb4ce4b0000-7eb4ce4b1000 r--p 0001e000 fc:00 35393420                   /home/henriqueramos_qs/meta-learning-concept-drift/.venv/lib/python3.12/site-packages/pandas/_libs/tslibs/np_datetime.cpython-312-x86_64-linux-gnu.so
7eb4ce4b1000-7eb4ce4b2000 rw-p 0001f000 fc:00 35393420                   /home/henriqueramos_qs/meta-learning-concept-drift/.venv/lib/python3.12/site-packages/pandas/_libs/tslibs/np_datetime.cpython-312-x86_64-linux-gnu.so
7eb4ce4b2000-7eb4ce4b3000 rw-p 00000000 00:00 0 
7eb4ce4b3000-7eb4ce4b7000 r--p 00000000 fc:00 35393410                   /home/henriqueramos_qs/meta-learning-concept-drift/.venv/lib/python3.12/site-packages/pandas/_libs/tslibs/ccalendar.cpython-312-x86_64-linux-gnu.so
7eb4ce4b7000-7eb4ce4c6000 r-xp 00004000 fc:00 35393410                   /home/henriqueramos_qs/meta-learning-concept-drift/.venv/lib/python3.12/site-packages/pandas/_libs/tslibs/ccalendar.cpython-312-x86_64-linux-gnu.so
7eb4ce4c6000-7eb4ce4c9000 r--p 00013000 fc:00 35393410                   /home/henriqueramos_qs/meta-learning-concept-drift/.venv/lib/python3.12/site-packages/pandas/_libs/tslibs/ccalendar.cpython-312-x86_64-linux-gnu.so
7eb4ce4c9000-7eb4ce4ca000 ---p 00016000 fc:00 35393410                   /home/henriqueramos_qs/meta-learning-concept-drift/.venv/lib/python3.12/site-packages/pandas/_libs/tslibs/ccalendar.cpython-312-x86_64-linux-gnu.so
7eb4ce4ca000-7eb4ce4cb000 r--p 00016000 fc:00 35393410                   /home/henriqueramos_qs/meta-learning-concept-drift/.venv/lib/python3.12/site-packages/pandas/_libs/tslibs/ccalendar.cpython-312-x86_64-linux-gnu.so
7eb4ce4cb000-7eb4ce4cc000 rw-p 00017000 fc:00 35393410                   /home/henriqueramos_qs/meta-learning-concept-drift/.venv/lib/python3.12/site-packages/pandas/_libs/tslibs/ccalendar.cpython-312-x86_64-linux-gnu.so
7eb4ce4cc000-7eb4ce4d3000 r--p 00000000 fc:00 35393414                   /home/henriqueramos_qs/meta-learning-concept-drift/.venv/lib/python3.12/site-packages/pandas/_libs/tslibs/dtypes.cpython-312-x86_64-linux-gnu.so
7eb4ce4d3000-7eb4ce4f2000 r-xp 00007000 fc:00 35393414                   /home/henriqueramos_qs/meta-learning-concept-drift/.venv/lib/python3.12/site-packages/pandas/_libs/tslibs/dtypes.cpython-312-x86_64-linux-gnu.so
7eb4ce4f2000-7eb4ce4f8000 r--p 00026000 fc:00 35393414                   /home/henriqueramos_qs/meta-learning-concept-drift/.venv/lib/python3.12/site-packages/pandas/_libs/tslibs/dtypes.cpython-312-x86_64-linux-gnu.so
7eb4ce4f8000-7eb4ce4f9000 ---p 0002c000 fc:00 35393414                   /home/henriqueramos_qs/meta-learning-concept-drift/.venv/lib/python3.12/site-packages/pandas/_libs/tslibs/dtypes.cpython-312-x86_64-linux-gnu.so
7eb4ce4f9000-7eb4ce4fb000 r--p 0002c000 fc:00 35393414                   /home/henriqueramos_qs/meta-learning-concept-drift/.venv/lib/python3.12/site-packages/pandas/_libs/tslibs/dtypes.cpython-312-x86_64-linux-gnu.so
7eb4ce4fb000-7eb4ce4fc000 rw-p 0002e000 fc:00 35393414                   /home/henriqueramos_qs/meta-learning-concept-drift/.venv/lib/python3.12/site-packages/pandas/_libs/tslibs/dtypes.cpython-312-x86_64-linux-gnu.so
7eb4ce4fc000-7eb4ce5fe000 rw-p 00000000 00:00 0 
7eb4ce5fe000-7eb4ce5ff000 ---p 00000000 00:00 0 
7eb4ce5ff000-7eb4cedff000 rw-p 00000000 00:00 0 
7eb4cedff000-7eb4cee00000 ---p 00000000 00:00 0 
7eb4cee00000-7eb4cf600000 rw-p 00000000 00:00 0 
7eb4cf600000-7eb4d1600000 rw-p 00000000 00:00 0 
7eb4d1605000-7eb4d1607000 r--p 00000000 08:05 8397342                    /usr/lib/python3.12/lib-dynload/_zoneinfo.cpython-312-x86_64-linux-gnu.so
7eb4d1607000-7eb4d160f000 r-xp 00002000 08:05 8397342                    /usr/lib/python3.12/lib-dynload/_zoneinfo.cpython-312-x86_64-linux-gnu.so
7eb4d160f000-7eb4d1611000 r--p 0000a000 08:05 8397342                    /usr/lib/python3.12/lib-dynload/_zoneinfo.cpython-312-x86_64-linux-gnu.so
7eb4d1611000-7eb4d1612000 r--p 0000b000 08:05 8397342                    /usr/lib/python3.12/lib-dynload/_zoneinfo.cpython-312-x86_64-linux-gnu.so
7eb4d1612000-7eb4d1613000 rw-p 0000c000 08:05 8397342                    /usr/lib/python3.12/lib-dynload/_zoneinfo.cpython-312-x86_64-linux-gnu.so
7eb4d1613000-7eb4d161b000 r--p 00000000 fc:00 34866633                   /home/henriqueramos_qs/meta-learning-concept-drift/.venv/lib/python3.12/site-packages/numpy/random/_generator.cpython-312-x86_64-linux-gnu.so
7eb4d161b000-7eb4d16a1000 r-xp 00008000 fc:00 34866633                   /home/henriqueramos_qs/meta-learning-concept-drift/.venv/lib/python3.12/site-packages/numpy/random/_generator.cpython-312-x86_64-linux-gnu.so
7eb4d16a1000-7eb4d16f9000 r--p 0008e000 fc:00 34866633                   /home/henriqueramos_qs/meta-learning-concept-drift/.venv/lib/python3.12/site-packages/numpy/random/_generator.cpython-312-x86_64-linux-gnu.so
7eb4d16f9000-7eb4d16fa000 r--p 000e5000 fc:00 34866633                   /home/henriqueramos_qs/meta-learning-concept-drift/.venv/lib/python3.12/site-packages/numpy/random/_generator.cpython-312-x86_64-linux-gnu.so
7eb4d16fa000-7eb4d16fd000 rw-p 000e6000 fc:00 34866633                   /home/henriqueramos_qs/meta-learning-concept-drift/.venv/lib/python3.12/site-packages/numpy/random/_generator.cpython-312-x86_64-linux-gnu.so
7eb4d16fd000-7eb4d17ff000 rw-p 00000000 00:00 0 
7eb4d17ff000-7eb4d1800000 ---p 00000000 00:00 0 
7eb4d1800000-7eb4d2000000 rw-p 00000000 00:00 0 
7eb4d2000000-7eb4d4000000 rw-p 00000000 00:00 0 
7eb4d4002000-7eb4d4008000 r--p 00000000 fc:00 35393383                   /home/henriqueramos_qs/meta-learning-concept-drift/.venv/lib/python3.12/site-packages/pandas/_libs/missing.cpython-312-x86_64-linux-gnu.so
7eb4d4008000-7eb4d4026000 r-xp 00006000 fc:00 35393383                   /home/henriqueramos_qs/meta-learning-concept-drift/.venv/lib/python3.12/site-packages/pandas/_libs/missing.cpython-312-x86_64-linux-gnu.so
7eb4d4026000-7eb4d402e000 r--p 00024000 fc:00 35393383                   /home/henriqueramos_qs/meta-learning-concept-drift/.venv/lib/python3.12/site-packages/pandas/_libs/missing.cpython-312-x86_64-linux-gnu.so
7eb4d402e000-7eb4d4030000 r--p 0002b000 fc:00 35393383                   /home/henriqueramos_qs/meta-learning-concept-drift/.venv/lib/python3.12/site-packages/pandas/_libs/missing.cpython-312-x86_64-linux-gnu.so
7eb4d4030000-7eb4d4032000 rw-p 0002d000 fc:00 35393383                   /home/henriqueramos_qs/meta-learning-concept-drift/.venv/lib/python3.12/site-packages/pandas/_libs/missing.cpython-312-x86_64-linux-gnu.so
7eb4d4032000-7eb4d4036000 r--p 00000000 fc:00 34866637                   /home/henriqueramos_qs/meta-learning-concept-drift/.venv/lib/python3.12/site-packages/numpy/random/_bounded_integers.cpython-312-x86_64-linux-gnu.so
7eb4d4036000-7eb4d4077000 r-xp 00004000 fc:00 34866637                   /home/henriqueramos_qs/meta-learning-concept-drift/.venv/lib/python3.12/site-packages/numpy/random/_bounded_integers.cpython-312-x86_64-linux-gnu.so
7eb4d4077000-7eb4d4080000 r--p 00045000 fc:00 34866637                   /home/henriqueramos_qs/meta-learning-concept-drift/.venv/lib/python3.12/site-packages/numpy/random/_bounded_integers.cpython-312-x86_64-linux-gnu.so
7eb4d4080000-7eb4d4081000 r--p 0004d000 fc:00 34866637                   /home/henriqueramos_qs/meta-learning-concept-drift/.venv/lib/python3.12/site-packages/numpy/random/_bounded_integers.cpython-312-x86_64-linux-gnu.so
7eb4d4081000-7eb4d4082000 rw-p 0004e000 fc:00 34866637                   /home/henriqueramos_qs/meta-learning-concept-drift/.venv/lib/python3.12/site-packages/numpy/random/_bounded_integers.cpython-312-x86_64-linux-gnu.so
7eb4d4082000-7eb4d40d9000 r--p 00000000 fc:00 35401657                   /home/henriqueramos_qs/meta-learning-concept-drift/.venv/lib/python3.12/site-packages/pyarrow/libarrow_acero.so.2100
7eb4d40d9000-7eb4d41bd000 r-xp 00057000 fc:00 35401657                   /home/henriqueramos_qs/meta-learning-concept-drift/.venv/lib/python3.12/site-packages/pyarrow/libarrow_acero.so.2100
7eb4d41bd000-7eb4d41f6000 r--p 0013b000 fc:00 35401657                   /home/henriqueramos_qs/meta-learning-concept-drift/.venv/lib/python3.12/site-packages/pyarrow/libarrow_acero.so.2100
7eb4d41f6000-7eb4d41f7000 ---p 00174000 fc:00 35401657                   /home/henriqueramos_qs/meta-learning-concept-drift/.venv/lib/python3.12/site-packages/pyarrow/libarrow_acero.so.2100
7eb4d41f7000-7eb4d41fc000 r--p 00174000 fc:00 35401657                   /home/henriqueramos_qs/meta-learning-concept-drift/.venv/lib/python3.12/site-packages/pyarrow/libarrow_acero.so.2100
7eb4d41fc000-7eb4d41ff000 rw-p 00179000 fc:00 35401657                   /home/henriqueramos_qs/meta-learning-concept-drift/.venv/lib/python3.12/site-packages/pyarrow/libarrow_acero.so.2100
7eb4d41ff000-7eb4d4200000 ---p 00000000 00:00 0 
7eb4d4200000-7eb4d4a00000 rw-p 00000000 00:00 0 
7eb4d4a00000-7eb4d8a00000 rw-p 00000000 00:00 0 
7eb4d8a01000-7eb4d8a04000 r--p 00000000 fc:00 35393409                   /home/henriqueramos_qs/meta-learning-concept-drift/.venv/lib/python3.12/site-packages/pandas/_libs/tslibs/base.cpython-312-x86_64-linux-gnu.so
7eb4d8a04000-7eb4d8a0b000 r-xp 00003000 fc:00 35393409                   /home/henriqueramos_qs/meta-learning-concept-drift/.venv/lib/python3.12/site-packages/pandas/_libs/tslibs/base.cpython-312-x86_64-linux-gnu.so
7eb4d8a0b000-7eb4d8a0d000 r--p 0000a000 fc:00 35393409                   /home/henriqueramos_qs/meta-learning-concept-drift/.venv/lib/python3.12/site-packages/pandas/_libs/tslibs/base.cpython-312-x86_64-linux-gnu.so
7eb4d8a0d000-7eb4d8a0e000 ---p 0000c000 fc:00 35393409                   /home/henriqueramos_qs/meta-learning-concept-drift/.venv/lib/python3.12/site-packages/pandas/_libs/tslibs/base.cpython-312-x86_64-linux-gnu.so
7eb4d8a0e000-7eb4d8a0f000 r--p 0000c000 fc:00 35393409                   /home/henriqueramos_qs/meta-learning-concept-drift/.venv/lib/python3.12/site-packages/pandas/_libs/tslibs/base.cpython-312-x86_64-linux-gnu.so
7eb4d8a0f000-7eb4d8a10000 rw-p 0000d000 fc:00 35393409                   /home/henriqueramos_qs/meta-learning-concept-drift/.venv/lib/python3.12/site-packages/pandas/_libs/tslibs/base.cpython-312-x86_64-linux-gnu.so
7eb4d8a10000-7eb4d8a14000 r--p 00000000 fc:00 34866617                   /home/henriqueramos_qs/meta-learning-concept-drift/.venv/lib/python3.12/site-packages/numpy/random/_pcg64.cpython-312-x86_64-linux-gnu.so
7eb4d8a14000-7eb4d8a28000 r-xp 00004000 fc:00 34866617                   /home/henriqueramos_qs/meta-learning-concept-drift/.venv/lib/python3.12/site-packages/numpy/random/_pcg64.cpython-312-x86_64-linux-gnu.so
7eb4d8a28000-7eb4d8a2e000 r--p 00018000 fc:00 34866617                   /home/henriqueramos_qs/meta-learning-concept-drift/.venv/lib/python3.12/site-packages/numpy/random/_pcg64.cpython-312-x86_64-linux-gnu.so
7eb4d8a2e000-7eb4d8a2f000 r--p 0001d000 fc:00 34866617                   /home/henriqueramos_qs/meta-learning-concept-drift/.venv/lib/python3.12/site-packages/numpy/random/_pcg64.cpython-312-x86_64-linux-gnu.so
7eb4d8a2f000-7eb4d8a30000 rw-p 0001e000 fc:00 34866617                   /home/henriqueramos_qs/meta-learning-concept-drift/.venv/lib/python3.12/site-packages/numpy/random/_pcg64.cpython-312-x86_64-linux-gnu.so
7eb4d8a30000-7eb4d8a31000 rw-p 00000000 00:00 0 
7eb4d8a31000-7eb4d8ada000 r--p 00000000 fc:00 35401659                   /home/henriqueramos_qs/meta-learning-concept-drift/.venv/lib/python3.12/site-packages/pyarrow/libarrow_dataset.so.2100
7eb4d8ada000-7eb4d8bae000 r-xp 000a9000 fc:00 35401659                   /home/henriqueramos_qs/meta-learning-concept-drift/.venv/lib/python3.12/site-packages/pyarrow/libarrow_dataset.so.2100
7eb4d8bae000-7eb4d8bf3000 r--p 0017d000 fc:00 35401659                   /home/henriqueramos_qs/meta-learning-concept-drift/.venv/lib/python3.12/site-packages/pyarrow/libarrow_dataset.so.2100
7eb4d8bf3000-7eb4d8bf4000 ---p 001c2000 fc:00 35401659                   /home/henriqueramos_qs/meta-learning-concept-drift/.venv/lib/python3.12/site-packages/pyarrow/libarrow_dataset.so.2100
7eb4d8bf4000-7eb4d8bfc000 r--p 001c2000 fc:00 35401659                   /home/henriqueramos_qs/meta-learning-concept-drift/.venv/lib/python3.12/site-packages/pyarrow/libarrow_dataset.so.2100
7eb4d8bfc000-7eb4d8bfe000 rw-p 001ca000 fc:00 35401659                   /home/henriqueramos_qs/meta-learning-concept-drift/.venv/lib/python3.12/site-packages/pyarrow/libarrow_dataset.so.2100
7eb4d8bfe000-7eb4d8bff000 rw-p 00000000 00:00 0 
7eb4d8bff000-7eb4d8c00000 ---p 00000000 00:00 0 
7eb4d8c00000-7eb4d9400000 rw-p 00000000 00:00 0 
7eb4d9400000-7eb4db400000 rw-p 00000000 00:00 0 
7eb4db403000-7eb4db490000 r--p 00000000 fc:00 35401662                   /home/henriqueramos_qs/meta-learning-concept-drift/.venv/lib/python3.12/site-packages/pyarrow/libarrow_python.so.2100
7eb4db490000-7eb4db5ab000 r-xp 0008d000 fc:00 35401662                   /home/henriqueramos_qs/meta-learning-concept-drift/.venv/lib/python3.12/site-packages/pyarrow/libarrow_python.so.2100
7eb4db5ab000-7eb4db5ef000 r--p 001a8000 fc:00 35401662                   /home/henriqueramos_qs/meta-learning-concept-drift/.venv/lib/python3.12/site-packages/pyarrow/libarrow_python.so.2100
7eb4db5ef000-7eb4db5fb000 r--p 001eb000 fc:00 35401662                   /home/henriqueramos_qs/meta-learning-concept-drift/.venv/lib/python3.12/site-packages/pyarrow/libarrow_python.so.2100
7eb4db5fb000-7eb4db5fe000 rw-p 001f7000 fc:00 35401662                   /home/henriqueramos_qs/meta-learning-concept-drift/.venv/lib/python3.12/site-packages/pyarrow/libarrow_python.so.2100
7eb4db5fe000-7eb4db5ff000 ---p 00000000 00:00 0 
7eb4db5ff000-7eb4dbdff000 rw-p 00000000 00:00 0 
7eb4dbdff000-7eb4dbe00000 ---p 00000000 00:00 0 
7eb4dbe00000-7eb4dc600000 rw-p 00000000 00:00 0 
7eb4dc600000-7eb4e0600000 rw-p 00000000 00:00 0 
7eb4e0605000-7eb4e060b000 r--p 00000000 fc:00 34866616                   /home/henriqueramos_qs/meta-learning-concept-drift/.venv/lib/python3.12/site-packages/numpy/random/mtrand.cpython-312-x86_64-linux-gnu.so
7eb4e060b000-7eb4e0668000 r-xp 00006000 fc:00 34866616                   /home/henriqueramos_qs/meta-learning-concept-drift/.venv/lib/python3.12/site-packages/numpy/random/mtrand.cpython-312-x86_64-linux-gnu.so
7eb4e0668000-7eb4e06bb000 r--p 00063000 fc:00 34866616                   /home/henriqueramos_qs/meta-learning-concept-drift/.venv/lib/python3.12/site-packages/numpy/random/mtrand.cpython-312-x86_64-linux-gnu.so
7eb4e06bb000-7eb4e06bc000 r--p 000b5000 fc:00 34866616                   /home/henriqueramos_qs/meta-learning-concept-drift/.venv/lib/python3.12/site-packages/numpy/random/mtrand.cpython-312-x86_64-linux-gnu.so
7eb4e06bc000-7eb4e06be000 rw-p 000b6000 fc:00 34866616                   /home/henriqueramos_qs/meta-learning-concept-drift/.venv/lib/python3.12/site-packages/numpy/random/mtrand.cpython-312-x86_64-linux-gnu.so
7eb4e06be000-7eb4e06c0000 rw-p 00000000 00:00 0 
7eb4e06c0000-7eb4e06c4000 r--p 00000000 fc:00 34866630                   /home/henriqueramos_qs/meta-learning-concept-drift/.venv/lib/python3.12/site-packages/numpy/random/_common.cpython-312-x86_64-linux-gnu.so
7eb4e06c4000-7eb4e06f5000 r-xp 00004000 fc:00 34866630                   /home/henriqueramos_qs/meta-learning-concept-drift/.venv/lib/python3.12/site-packages/numpy/random/_common.cpython-312-x86_64-linux-gnu.so
7eb4e06f5000-7eb4e06f9000 r--p 00035000 fc:00 34866630                   /home/henriqueramos_qs/meta-learning-concept-drift/.venv/lib/python3.12/site-packages/numpy/random/_common.cpython-312-x86_64-linux-gnu.so
7eb4e06f9000-7eb4e06fa000 ---p 00039000 fc:00 34866630                   /home/henriqueramos_qs/meta-learning-concept-drift/.venv/lib/python3.12/site-packages/numpy/random/_common.cpython-312-x86_64-linux-gnu.so
7eb4e06fa000-7eb4e06fb000 r--p 00039000 fc:00 34866630                   /home/henriqueramos_qs/meta-learning-concept-drift/.venv/lib/python3.12/site-packages/numpy/random/_common.cpython-312-x86_64-linux-gnu.so
7eb4e06fb000-7eb4e06fc000 rw-p 0003a000 fc:00 34866630                   /home/henriqueramos_qs/meta-learning-concept-drift/.venv/lib/python3.12/site-packages/numpy/random/_common.cpython-312-x86_64-linux-gnu.so
7eb4e06fc000-7eb4e07fd000 rw-p 00000000 00:00 0 
7eb4e07fd000-7eb4e07fe000 ---p 00000000 00:00 0 
7eb4e07fe000-7eb4e0ffe000 rw-p 00000000 00:00 0 
7eb4e0ffe000-7eb4e0fff000 ---p 00000000 00:00 0 
7eb4e0fff000-7eb4e17ff000 rw-p 00000000 00:00 0 
7eb4e17ff000-7eb4e1800000 ---p 00000000 00:00 0 
7eb4e1800000-7eb4e2000000 rw-p 00000000 00:00 0 
7eb4e2000000-7eb4e203b000 r-xp 00000000 fc:00 34867493                   /home/henriqueramos_qs/meta-learning-concept-drift/.venv/lib/python3.12/site-packages/numpy.libs/libquadmath-96973f99-934c22de.so.0.0.0
7eb4e203b000-7eb4e223a000 ---p 0003b000 fc:00 34867493                   /home/henriqueramos_qs/meta-learning-concept-drift/.venv/lib/python3.12/site-packages/numpy.libs/libquadmath-96973f99-934c22de.so.0.0.0
7eb4e223a000-7eb4e223b000 r--p 0003a000 fc:00 34867493                   /home/henriqueramos_qs/meta-learning-concept-drift/.venv/lib/python3.12/site-packages/numpy.libs/libquadmath-96973f99-934c22de.so.0.0.0
7eb4e223b000-7eb4e223e000 rw-p 0003b000 fc:00 34867493                   /home/henriqueramos_qs/meta-learning-concept-drift/.venv/lib/python3.12/site-packages/numpy.libs/libquadmath-96973f99-934c22de.so.0.0.0
7eb4e223e000-7eb4e2245000 r--p 00000000 08:05 8397323                    /usr/lib/python3.12/lib-dynload/_decimal.cpython-312-x86_64-linux-gnu.so
7eb4e2245000-7eb4e2285000 r-xp 00007000 08:05 8397323                    /usr/lib/python3.12/lib-dynload/_decimal.cpython-312-x86_64-linux-gnu.so
7eb4e2285000-7eb4e2296000 r--p 00047000 08:05 8397323                    /usr/lib/python3.12/lib-dynload/_decimal.cpython-312-x86_64-linux-gnu.so
7eb4e2296000-7eb4e2297000 r--p 00057000 08:05 8397323                    /usr/lib/python3.12/lib-dynload/_decimal.cpython-312-x86_64-linux-gnu.so
7eb4e2297000-7eb4e229a000 rw-p 00058000 08:05 8397323                    /usr/lib/python3.12/lib-dynload/_decimal.cpython-312-x86_64-linux-gnu.so
7eb4e229a000-7eb4e229b000 r--p 00000000 fc:00 34868540                   /home/henriqueramos_qs/meta-learning-concept-drift/.venv/lib/python3.12/site-packages/scipy/special/libsf_error_state.so
7eb4e229b000-7eb4e229c000 r-xp 00001000 fc:00 34868540                   /home/henriqueramos_qs/meta-learning-concept-drift/.venv/lib/python3.12/site-packages/scipy/special/libsf_error_state.so
7eb4e229c000-7eb4e229d000 r--p 00002000 fc:00 34868540                   /home/henriqueramos_qs/meta-learning-concept-drift/.venv/lib/python3.12/site-packages/scipy/special/libsf_error_state.so
7eb4e229d000-7eb4e229e000 r--p 00002000 fc:00 34868540                   /home/henriqueramos_qs/meta-learning-concept-drift/.venv/lib/python3.12/site-packages/scipy/special/libsf_error_state.so
7eb4e229e000-7eb4e229f000 rw-p 00003000 fc:00 34868540                   /home/henriqueramos_qs/meta-learning-concept-drift/.venv/lib/python3.12/site-packages/scipy/special/libsf_error_state.so
7eb4e229f000-7eb4e22a1000 r--p 00000000 08:05 8397324                    /usr/lib/python3.12/lib-dynload/_json.cpython-312-x86_64-linux-gnu.so
7eb4e22a1000-7eb4e22a8000 r-xp 00002000 08:05 8397324                    /usr/lib/python3.12/lib-dynload/_json.cpython-312-x86_64-linux-gnu.so
7eb4e22a8000-7eb4e22aa000 r--p 00009000 08:05 8397324                    /usr/lib/python3.12/lib-dynload/_json.cpython-312-x86_64-linux-gnu.so
7eb4e22aa000-7eb4e22ab000 r--p 0000a000 08:05 8397324                    /usr/lib/python3.12/lib-dynload/_json.cpython-312-x86_64-linux-gnu.so
7eb4e22ab000-7eb4e22ac000 rw-p 0000b000 08:05 8397324                    /usr/lib/python3.12/lib-dynload/_json.cpython-312-x86_64-linux-gnu.so
7eb4e22ac000-7eb4e22b1000 r--p 00000000 fc:00 35393359                   /home/henriqueramos_qs/meta-learning-concept-drift/.venv/lib/python3.12/site-packages/pandas/_libs/arrays.cpython-312-x86_64-linux-gnu.so
7eb4e22b1000-7eb4e22c4000 r-xp 00005000 fc:00 35393359                   /home/henriqueramos_qs/meta-learning-concept-drift/.venv/lib/python3.12/site-packages/pandas/_libs/arrays.cpython-312-x86_64-linux-gnu.so
7eb4e22c4000-7eb4e22c9000 r--p 00018000 fc:00 35393359                   /home/henriqueramos_qs/meta-learning-concept-drift/.venv/lib/python3.12/site-packages/pandas/_libs/arrays.cpython-312-x86_64-linux-gnu.so
7eb4e22c9000-7eb4e22ca000 r--p 0001c000 fc:00 35393359                   /home/henriqueramos_qs/meta-learning-concept-drift/.venv/lib/python3.12/site-packages/pandas/_libs/arrays.cpython-312-x86_64-linux-gnu.so
7eb4e22ca000-7eb4e22cc000 rw-p 0001d000 fc:00 35393359                   /home/henriqueramos_qs/meta-learning-concept-drift/.venv/lib/python3.12/site-packages/pandas/_libs/arrays.cpython-312-x86_64-linux-gnu.so
7eb4e22cc000-7eb4e22d2000 r--p 00000000 fc:00 35393365                   /home/henriqueramos_qs/meta-learning-concept-drift/.venv/lib/python3.12/site-packages/pandas/_libs/hashing.cpython-312-x86_64-linux-gnu.so
7eb4e22d2000-7eb4e22f4000 r-xp 00006000 fc:00 35393365                   /home/henriqueramos_qs/meta-learning-concept-drift/.venv/lib/python3.12/site-packages/pandas/_libs/hashing.cpython-312-x86_64-linux-gnu.so
7eb4e22f4000-7eb4e22fc000 r--p 00028000 fc:00 35393365                   /home/henriqueramos_qs/meta-learning-concept-drift/.venv/lib/python3.12/site-packages/pandas/_libs/hashing.cpython-312-x86_64-linux-gnu.so
7eb4e22fc000-7eb4e22fd000 r--p 0002f000 fc:00 35393365                   /home/henriqueramos_qs/meta-learning-concept-drift/.venv/lib/python3.12/site-packages/pandas/_libs/hashing.cpython-312-x86_64-linux-gnu.so
7eb4e22fd000-7eb4e22ff000 rw-p 00030000 fc:00 35393365                   /home/henriqueramos_qs/meta-learning-concept-drift/.venv/lib/python3.12/site-packages/pandas/_libs/hashing.cpython-312-x86_64-linux-gnu.so
7eb4e22ff000-7eb4e2400000 rw-p 00000000 00:00 0 
7eb4e2400000-7eb4e2676000 r-xp 00000000 fc:00 34867494                   /home/henriqueramos_qs/meta-learning-concept-drift/.venv/lib/python3.12/site-packages/numpy.libs/libgfortran-040039e1-0352e75f.so.5.0.0
7eb4e2676000-7eb4e2875000 ---p 00276000 fc:00 34867494                   /home/henriqueramos_qs/meta-learning-concept-drift/.venv/lib/python3.12/site-packages/numpy.libs/libgfortran-040039e1-0352e75f.so.5.0.0
7eb4e2875000-7eb4e2876000 r--p 00275000 fc:00 34867494                   /home/henriqueramos_qs/meta-learning-concept-drift/.venv/lib/python3.12/site-packages/numpy.libs/libgfortran-040039e1-0352e75f.so.5.0.0
7eb4e2876000-7eb4e2878000 rw-p 00276000 fc:00 34867494                   /home/henriqueramos_qs/meta-learning-concept-drift/.venv/lib/python3.12/site-packages/numpy.libs/libgfortran-040039e1-0352e75f.so.5.0.0
7eb4e2878000-7eb4e28b1000 rw-p 0027b000 fc:00 34867494                   /home/henriqueramos_qs/meta-learning-concept-drift/.venv/lib/python3.12/site-packages/numpy.libs/libgfortran-040039e1-0352e75f.so.5.0.0
7eb4e28b1000-7eb4e28b2000 r--p 00000000 08:05 8397329                    /usr/lib/python3.12/lib-dynload/_posixshmem.cpython-312-x86_64-linux-gnu.so
7eb4e28b2000-7eb4e28b3000 r-xp 00001000 08:05 8397329                    /usr/lib/python3.12/lib-dynload/_posixshmem.cpython-312-x86_64-linux-gnu.so
7eb4e28b3000-7eb4e28b4000 r--p 00002000 08:05 8397329                    /usr/lib/python3.12/lib-dynload/_posixshmem.cpython-312-x86_64-linux-gnu.so
7eb4e28b4000-7eb4e28b5000 r--p 00002000 08:05 8397329                    /usr/lib/python3.12/lib-dynload/_posixshmem.cpython-312-x86_64-linux-gnu.so
7eb4e28b5000-7eb4e28b6000 rw-p 00003000 08:05 8397329                    /usr/lib/python3.12/lib-dynload/_posixshmem.cpython-312-x86_64-linux-gnu.so
7eb4e28b6000-7eb4e28b9000 r--p 00000000 fc:00 34866631                   /home/henriqueramos_qs/meta-learning-concept-drift/.venv/lib/python3.12/site-packages/numpy/random/_sfc64.cpython-312-x86_64-linux-gnu.so
7eb4e28b9000-7eb4e28c4000 r-xp 00003000 fc:00 34866631                   /home/henriqueramos_qs/meta-learning-concept-drift/.venv/lib/python3.12/site-packages/numpy/random/_sfc64.cpython-312-x86_64-linux-gnu.so
7eb4e28c4000-7eb4e28c7000 r--p 0000e000 fc:00 34866631                   /home/henriqueramos_qs/meta-learning-concept-drift/.venv/lib/python3.12/site-packages/numpy/random/_sfc64.cpython-312-x86_64-linux-gnu.so
7eb4e28c7000-7eb4e28c8000 ---p 00011000 fc:00 34866631                   /home/henriqueramos_qs/meta-learning-concept-drift/.venv/lib/python3.12/site-packages/numpy/random/_sfc64.cpython-312-x86_64-linux-gnu.so
7eb4e28c8000-7eb4e28c9000 r--p 00011000 fc:00 34866631                   /home/henriqueramos_qs/meta-learning-concept-drift/.venv/lib/python3.12/site-packages/numpy/random/_sfc64.cpython-312-x86_64-linux-gnu.so
7eb4e28c9000-7eb4e28ca000 rw-p 00012000 fc:00 34866631                   /home/henriqueramos_qs/meta-learning-concept-drift/.venv/lib/python3.12/site-packages/numpy/random/_sfc64.cpython-312-x86_64-linux-gnu.so
7eb4e28ca000-7eb4e28cf000 r--p 00000000 fc:00 34866622                   /home/henriqueramos_qs/meta-learning-concept-drift/.venv/lib/python3.12/site-packages/numpy/random/bit_generator.cpython-312-x86_64-linux-gnu.so
7eb4e28cf000-7eb4e28f2000 r-xp 00005000 fc:00 34866622                   /home/henriqueramos_qs/meta-learning-concept-drift/.venv/lib/python3.12/site-packages/numpy/random/bit_generator.cpython-312-x86_64-linux-gnu.so
7eb4e28f2000-7eb4e28fc000 r--p 00028000 fc:00 34866622                   /home/henriqueramos_qs/meta-learning-concept-drift/.venv/lib/python3.12/site-packages/numpy/random/bit_generator.cpython-312-x86_64-linux-gnu.so
7eb4e28fc000-7eb4e28fd000 r--p 00031000 fc:00 34866622                   /home/henriqueramos_qs/meta-learning-concept-drift/.venv/lib/python3.12/site-packages/numpy/random/bit_generator.cpython-312-x86_64-linux-gnu.so
7eb4e28fd000-7eb4e28ff000 rw-p 00032000 fc:00 34866622                   /home/henriqueramos_qs/meta-learning-concept-drift/.venv/lib/python3.12/site-packages/numpy/random/bit_generator.cpython-312-x86_64-linux-gnu.so
7eb4e28ff000-7eb4e2a00000 rw-p 00000000 00:00 0 
7eb4e2a00000-7eb4e2a9d000 r--p 00000000 08:05 8398454                    /usr/lib/x86_64-linux-gnu/libstdc++.so.6.0.33
7eb4e2a9d000-7eb4e2be5000 r-xp 0009d000 08:05 8398454                    /usr/lib/x86_64-linux-gnu/libstdc++.so.6.0.33
7eb4e2be5000-7eb4e2c6c000 r--p 001e5000 08:05 8398454                    /usr/lib/x86_64-linux-gnu/libstdc++.so.6.0.33
7eb4e2c6c000-7eb4e2c77000 r--p 0026b000 08:05 8398454                    /usr/lib/x86_64-linux-gnu/libstdc++.so.6.0.33
7eb4e2c77000-7eb4e2c7a000 rw-p 00276000 08:05 8398454                    /usr/lib/x86_64-linux-gnu/libstdc++.so.6.0.33
7eb4e2c7a000-7eb4e2c7e000 rw-p 00000000 00:00 0 
7eb4e2c7e000-7eb4e2c82000 r--p 00000000 fc:00 34866626                   /home/henriqueramos_qs/meta-learning-concept-drift/.venv/lib/python3.12/site-packages/numpy/random/_philox.cpython-312-x86_64-linux-gnu.so
7eb4e2c82000-7eb4e2c93000 r-xp 00004000 fc:00 34866626                   /home/henriqueramos_qs/meta-learning-concept-drift/.venv/lib/python3.12/site-packages/numpy/random/_philox.cpython-312-x86_64-linux-gnu.so
7eb4e2c93000-7eb4e2c98000 r--p 00015000 fc:00 34866626                   /home/henriqueramos_qs/meta-learning-concept-drift/.venv/lib/python3.12/site-packages/numpy/random/_philox.cpython-312-x86_64-linux-gnu.so
7eb4e2c98000-7eb4e2c99000 r--p 00019000 fc:00 34866626                   /home/henriqueramos_qs/meta-learning-concept-drift/.venv/lib/python3.12/site-packages/numpy/random/_philox.cpython-312-x86_64-linux-gnu.so
7eb4e2c99000-7eb4e2c9a000 rw-p 0001a000 fc:00 34866626                   /home/henriqueramos_qs/meta-learning-concept-drift/.venv/lib/python3.12/site-packages/numpy/random/_philox.cpython-312-x86_64-linux-gnu.so
7eb4e2c9a000-7eb4e2c9b000 rw-p 00000000 00:00 0 
7eb4e2c9b000-7eb4e2c9e000 r--p 00000000 08:05 8390031                    /usr/lib/x86_64-linux-gnu/liblzma.so.5.4.5
7eb4e2c9e000-7eb4e2cc0000 r-xp 00003000 08:05 8390031                    /usr/lib/x86_64-linux-gnu/liblzma.so.5.4.5
7eb4e2cc0000-7eb4e2ccb000 r--p 00025000 08:05 8390031                    /usr/lib/x86_64-linux-gnu/liblzma.so.5.4.5
7eb4e2ccb000-7eb4e2ccc000 r--p 00030000 08:05 8390031                    /usr/lib/x86_64-linux-gnu/liblzma.so.5.4.5
7eb4e2ccc000-7eb4e2ccd000 rw-p 00031000 08:05 8390031                    /usr/lib/x86_64-linux-gnu/liblzma.so.5.4.5
7eb4e2ccd000-7eb4e2cd1000 r--p 00000000 fc:00 34867015                   /home/henriqueramos_qs/meta-learning-concept-drift/.venv/lib/python3.12/site-packages/numpy/linalg/_umath_linalg.cpython-312-x86_64-linux-gnu.so
7eb4e2cd1000-7eb4e2cf5000 r-xp 00004000 fc:00 34867015                   /home/henriqueramos_qs/meta-learning-concept-drift/.venv/lib/python3.12/site-packages/numpy/linalg/_umath_linalg.cpython-312-x86_64-linux-gnu.so
7eb4e2cf5000-7eb4e2cfa000 r--p 00028000 fc:00 34867015                   /home/henriqueramos_qs/meta-learning-concept-drift/.venv/lib/python3.12/site-packages/numpy/linalg/_umath_linalg.cpython-312-x86_64-linux-gnu.so
7eb4e2cfa000-7eb4e2cfb000 ---p 0002d000 fc:00 34867015                   /home/henriqueramos_qs/meta-learning-concept-drift/.venv/lib/python3.12/site-packages/numpy/linalg/_umath_linalg.cpython-312-x86_64-linux-gnu.so
7eb4e2cfb000-7eb4e2cfc000 r--p 0002d000 fc:00 34867015                   /home/henriqueramos_qs/meta-learning-concept-drift/.venv/lib/python3.12/site-packages/numpy/linalg/_umath_linalg.cpython-312-x86_64-linux-gnu.so
7eb4e2cfc000-7eb4e2cfd000 rw-p 0002e000 fc:00 34867015                   /home/henriqueramos_qs/meta-learning-concept-drift/.venv/lib/python3.12/site-packages/numpy/linalg/_umath_linalg.cpython-312-x86_64-linux-gnu.so
7eb4e2cfd000-7eb4e2d00000 rw-p 00035000 fc:00 34867015                   /home/henriqueramos_qs/meta-learning-concept-drift/.venv/lib/python3.12/site-packages/numpy/linalg/_umath_linalg.cpython-312-x86_64-linux-gnu.so
7eb4e2d00000-7eb4e2e00000 rw-p 00000000 00:00 0 
7eb4e2e00000-7eb4e2eae000 r--p 00000000 fc:00 34867495                   /home/henriqueramos_qs/meta-learning-concept-drift/.venv/lib/python3.12/site-packages/numpy.libs/libscipy_openblas64_-ff651d7f.so
7eb4e2eae000-7eb4e3fd4000 r-xp 000ae000 fc:00 34867495                   /home/henriqueramos_qs/meta-learning-concept-drift/.venv/lib/python3.12/site-packages/numpy.libs/libscipy_openblas64_-ff651d7f.so
7eb4e3fd4000-7eb4e4187000 r--p 011d4000 fc:00 34867495                   /home/henriqueramos_qs/meta-learning-concept-drift/.venv/lib/python3.12/site-packages/numpy.libs/libscipy_openblas64_-ff651d7f.so
7eb4e4187000-7eb4e418d000 r--p 01386000 fc:00 34867495                   /home/henriqueramos_qs/meta-learning-concept-drift/.venv/lib/python3.12/site-packages/numpy.libs/libscipy_openblas64_-ff651d7f.so
7eb4e418d000-7eb4e4199000 rw-p 0138c000 fc:00 34867495                   /home/henriqueramos_qs/meta-learning-concept-drift/.venv/lib/python3.12/site-packages/numpy.libs/libscipy_openblas64_-ff651d7f.so
7eb4e4199000-7eb4e41a0000 rw-p 00000000 00:00 0 
7eb4e41a0000-7eb4e42ad000 rw-p 01455000 fc:00 34867495                   /home/henriqueramos_qs/meta-learning-concept-drift/.venv/lib/python3.12/site-packages/numpy.libs/libscipy_openblas64_-ff651d7f.so
7eb4e42ae000-7eb4e42b0000 r--p 00000000 fc:00 35393389                   /home/henriqueramos_qs/meta-learning-concept-drift/.venv/lib/python3.12/site-packages/pandas/_libs/pandas_datetime.cpython-312-x86_64-linux-gnu.so
7eb4e42b0000-7eb4e42b5000 r-xp 00002000 fc:00 35393389                   /home/henriqueramos_qs/meta-learning-concept-drift/.venv/lib/python3.12/site-packages/pandas/_libs/pandas_datetime.cpython-312-x86_64-linux-gnu.so
7eb4e42b5000-7eb4e42b7000 r--p 00007000 fc:00 35393389                   /home/henriqueramos_qs/meta-learning-concept-drift/.venv/lib/python3.12/site-packages/pandas/_libs/pandas_datetime.cpython-312-x86_64-linux-gnu.so
7eb4e42b7000-7eb4e42b8000 r--p 00008000 fc:00 35393389                   /home/henriqueramos_qs/meta-learning-concept-drift/.venv/lib/python3.12/site-packages/pandas/_libs/pandas_datetime.cpython-312-x86_64-linux-gnu.so
7eb4e42b8000-7eb4e42b9000 rw-p 00009000 fc:00 35393389                   /home/henriqueramos_qs/meta-learning-concept-drift/.venv/lib/python3.12/site-packages/pandas/_libs/pandas_datetime.cpython-312-x86_64-linux-gnu.so
7eb4e42b9000-7eb4e42bb000 r--p 00000000 08:05 8388634                    /usr/lib/x86_64-linux-gnu/libbz2.so.1.0.4
7eb4e42bb000-7eb4e42c9000 r-xp 00002000 08:05 8388634                    /usr/lib/x86_64-linux-gnu/libbz2.so.1.0.4
7eb4e42c9000-7eb4e42cb000 r--p 00010000 08:05 8388634                    /usr/lib/x86_64-linux-gnu/libbz2.so.1.0.4
7eb4e42cb000-7eb4e42cc000 r--p 00011000 08:05 8388634                    /usr/lib/x86_64-linux-gnu/libbz2.so.1.0.4
7eb4e42cc000-7eb4e42cd000 rw-p 00012000 08:05 8388634                    /usr/lib/x86_64-linux-gnu/libbz2.so.1.0.4
7eb4e42ce000-7eb4e42d2000 r--p 00000000 fc:00 34866627                   /home/henriqueramos_qs/meta-learning-concept-drift/.venv/lib/python3.12/site-packages/numpy/random/_mt19937.cpython-312-x86_64-linux-gnu.so
7eb4e42d2000-7eb4e42e6000 r-xp 00004000 fc:00 34866627                   /home/henriqueramos_qs/meta-learning-concept-drift/.venv/lib/python3.12/site-packages/numpy/random/_mt19937.cpython-312-x86_64-linux-gnu.so
7eb4e42e6000-7eb4e42ec000 r--p 00018000 fc:00 34866627                   /home/henriqueramos_qs/meta-learning-concept-drift/.venv/lib/python3.12/site-packages/numpy/random/_mt19937.cpython-312-x86_64-linux-gnu.so
7eb4e42ec000-7eb4e42ed000 r--p 0001d000 fc:00 34866627                   /home/henriqueramos_qs/meta-learning-concept-drift/.venv/lib/python3.12/site-packages/numpy/random/_mt19937.cpython-312-x86_64-linux-gnu.so
7eb4e42ed000-7eb4e42ee000 rw-p 0001e000 fc:00 34866627                   /home/henriqueramos_qs/meta-learning-concept-drift/.venv/lib/python3.12/site-packages/numpy/random/_mt19937.cpython-312-x86_64-linux-gnu.so
7eb4e42ee000-7eb4e42ef000 rw-p 00000000 00:00 0 
7eb4e42ef000-7eb4e42f3000 r--p 00000000 08:05 8396007                    /usr/lib/python3.12/lib-dynload/_hashlib.cpython-312-x86_64-linux-gnu.so
7eb4e42f3000-7eb4e42f9000 r-xp 00004000 08:05 8396007                    /usr/lib/python3.12/lib-dynload/_hashlib.cpython-312-x86_64-linux-gnu.so
7eb4e42f9000-7eb4e42fd000 r--p 0000a000 08:05 8396007                    /usr/lib/python3.12/lib-dynload/_hashlib.cpython-312-x86_64-linux-gnu.so
7eb4e42fd000-7eb4e42fe000 r--p 0000d000 08:05 8396007                    /usr/lib/python3.12/lib-dynload/_hashlib.cpython-312-x86_64-linux-gnu.so
7eb4e42fe000-7eb4e4300000 rw-p 0000e000 08:05 8396007                    /usr/lib/python3.12/lib-dynload/_hashlib.cpython-312-x86_64-linux-gnu.so
7eb4e4300000-7eb4e4400000 rw-p 00000000 00:00 0 
7eb4e4400000-7eb4e4428000 r--p 00000000 fc:00 34867266                   /home/henriqueramos_qs/meta-learning-concept-drift/.venv/lib/python3.12/site-packages/numpy/_core/_multiarray_umath.cpython-312-x86_64-linux-gnu.so
7eb4e4428000-7eb4e4bcf000 r-xp 00028000 fc:00 34867266                   /home/henriqueramos_qs/meta-learning-concept-drift/.venv/lib/python3.12/site-packages/numpy/_core/_multiarray_umath.cpython-312-x86_64-linux-gnu.so
7eb4e4bcf000-7eb4e4d5e000 r--p 007cf000 fc:00 34867266                   /home/henriqueramos_qs/meta-learning-concept-drift/.venv/lib/python3.12/site-packages/numpy/_core/_multiarray_umath.cpython-312-x86_64-linux-gnu.so
7eb4e4d5e000-7eb4e4d61000 r--p 0095d000 fc:00 34867266                   /home/henriqueramos_qs/meta-learning-concept-drift/.venv/lib/python3.12/site-packages/numpy/_core/_multiarray_umath.cpython-312-x86_64-linux-gnu.so
7eb4e4d61000-7eb4e4d83000 rw-p 00960000 fc:00 34867266                   /home/henriqueramos_qs/meta-learning-concept-drift/.venv/lib/python3.12/site-packages/numpy/_core/_multiarray_umath.cpython-312-x86_64-linux-gnu.so
7eb4e4d83000-7eb4e4d9b000 rw-p 00000000 00:00 0 
7eb4e4d9b000-7eb4e4da5000 rw-p 009f8000 fc:00 34867266                   /home/henriqueramos_qs/meta-learning-concept-drift/.venv/lib/python3.12/site-packages/numpy/_core/_multiarray_umath.cpython-312-x86_64-linux-gnu.so
7eb4e4da5000-7eb4e4da6000 r--p 00000000 fc:00 34867979                   /home/henriqueramos_qs/meta-learning-concept-drift/.venv/lib/python3.12/site-packages/charset_normalizer/md.cpython-312-x86_64-linux-gnu.so
7eb4e4da6000-7eb4e4da7000 r-xp 00001000 fc:00 34867979                   /home/henriqueramos_qs/meta-learning-concept-drift/.venv/lib/python3.12/site-packages/charset_normalizer/md.cpython-312-x86_64-linux-gnu.so
7eb4e4da7000-7eb4e4da8000 r--p 00002000 fc:00 34867979                   /home/henriqueramos_qs/meta-learning-concept-drift/.venv/lib/python3.12/site-packages/charset_normalizer/md.cpython-312-x86_64-linux-gnu.so
7eb4e4da8000-7eb4e4da9000 r--p 00002000 fc:00 34867979                   /home/henriqueramos_qs/meta-learning-concept-drift/.venv/lib/python3.12/site-packages/charset_normalizer/md.cpython-312-x86_64-linux-gnu.so
7eb4e4da9000-7eb4e4daa000 rw-p 00003000 fc:00 34867979                   /home/henriqueramos_qs/meta-learning-concept-drift/.venv/lib/python3.12/site-packages/charset_normalizer/md.cpython-312-x86_64-linux-gnu.so
7eb4e4daa000-7eb4e4dab000 r--p 00000000 08:05 8397352                    /usr/lib/x86_64-linux-gnu/librt.so.1
7eb4e4dab000-7eb4e4dac000 r-xp 00001000 08:05 8397352                    /usr/lib/x86_64-linux-gnu/librt.so.1
7eb4e4dac000-7eb4e4dad000 r--p 00002000 08:05 8397352                    /usr/lib/x86_64-linux-gnu/librt.so.1
7eb4e4dad000-7eb4e4dae000 r--p 00002000 08:05 8397352                    /usr/lib/x86_64-linux-gnu/librt.so.1
7eb4e4dae000-7eb4e4daf000 rw-p 00003000 08:05 8397352                    /usr/lib/x86_64-linux-gnu/librt.so.1
7eb4e4db3000-7eb4e4db5000 r--p 00000000 fc:00 35393390                   /home/henriqueramos_qs/meta-learning-concept-drift/.venv/lib/python3.12/site-packages/pandas/_libs/pandas_parser.cpython-312-x86_64-linux-gnu.so
7eb4e4db5000-7eb4e4dbb000 r-xp 00002000 fc:00 35393390                   /home/henriqueramos_qs/meta-learning-concept-drift/.venv/lib/python3.12/site-packages/pandas/_libs/pandas_parser.cpython-312-x86_64-linux-gnu.so
7eb4e4dbb000-7eb4e4dbd000 r--p 00008000 fc:00 35393390                   /home/henriqueramos_qs/meta-learning-concept-drift/.venv/lib/python3.12/site-packages/pandas/_libs/pandas_parser.cpython-312-x86_64-linux-gnu.so
7eb4e4dbd000-7eb4e4dbe000 r--p 00009000 fc:00 35393390                   /home/henriqueramos_qs/meta-learning-concept-drift/.venv/lib/python3.12/site-packages/pandas/_libs/pandas_parser.cpython-312-x86_64-linux-gnu.so
7eb4e4dbe000-7eb4e4dbf000 rw-p 0000a000 fc:00 35393390                   /home/henriqueramos_qs/meta-learning-concept-drift/.venv/lib/python3.12/site-packages/pandas/_libs/pandas_parser.cpython-312-x86_64-linux-gnu.so
7eb4e4dbf000-7eb4e4dc1000 r--p 00000000 08:05 8397330                    /usr/lib/python3.12/lib-dynload/_queue.cpython-312-x86_64-linux-gnu.so
7eb4e4dc1000-7eb4e4dc3000 r-xp 00002000 08:05 8397330                    /usr/lib/python3.12/lib-dynload/_queue.cpython-312-x86_64-linux-gnu.so
7eb4e4dc3000-7eb4e4dc4000 r--p 00004000 08:05 8397330                    /usr/lib/python3.12/lib-dynload/_queue.cpython-312-x86_64-linux-gnu.so
7eb4e4dc4000-7eb4e4dc5000 r--p 00004000 08:05 8397330                    /usr/lib/python3.12/lib-dynload/_queue.cpython-312-x86_64-linux-gnu.so
7eb4e4dc5000-7eb4e4dc6000 rw-p 00005000 08:05 8397330                    /usr/lib/python3.12/lib-dynload/_queue.cpython-312-x86_64-linux-gnu.so
7eb4e4dc6000-7eb4e4dc8000 r--p 00000000 08:05 8404077                    /usr/lib/x86_64-linux-gnu/libffi.so.8.1.4
7eb4e4dc8000-7eb4e4dcf000 r-xp 00002000 08:05 8404077                    /usr/lib/x86_64-linux-gnu/libffi.so.8.1.4
7eb4e4dcf000-7eb4e4dd0000 r--p 00009000 08:05 8404077                    /usr/lib/x86_64-linux-gnu/libffi.so.8.1.4
7eb4e4dd0000-7eb4e4dd1000 r--p 0000a000 08:05 8404077                    /usr/lib/x86_64-linux-gnu/libffi.so.8.1.4
7eb4e4dd1000-7eb4e4dd2000 rw-p 0000b000 08:05 8404077                    /usr/lib/x86_64-linux-gnu/libffi.so.8.1.4
7eb4e4dd2000-7eb4e4dd6000 r--p 00000000 08:05 8398492                    /usr/lib/x86_64-linux-gnu/libgcc_s.so.1
7eb4e4dd6000-7eb4e4dfa000 r-xp 00004000 08:05 8398492                    /usr/lib/x86_64-linux-gnu/libgcc_s.so.1
7eb4e4dfa000-7eb4e4dfe000 r--p 00028000 08:05 8398492                    /usr/lib/x86_64-linux-gnu/libgcc_s.so.1
7eb4e4dfe000-7eb4e4dff000 r--p 0002b000 08:05 8398492                    /usr/lib/x86_64-linux-gnu/libgcc_s.so.1
7eb4e4dff000-7eb4e4e00000 rw-p 0002c000 08:05 8398492                    /usr/lib/x86_64-linux-gnu/libgcc_s.so.1
7eb4e4e00000-7eb4e5000000 rw-p 00000000 00:00 0 
7eb4e5000000-7eb4e5575000 r--p 00000000 08:05 8388986                    /usr/lib/locale/locale-archive
7eb4e5576000-7eb4e5577000 r--p 00000000 08:05 8397272                    /usr/lib/x86_64-linux-gnu/libdl.so.2
7eb4e5577000-7eb4e5578000 r-xp 00001000 08:05 8397272                    /usr/lib/x86_64-linux-gnu/libdl.so.2
7eb4e5578000-7eb4e5579000 r--p 00002000 08:05 8397272                    /usr/lib/x86_64-linux-gnu/libdl.so.2
7eb4e5579000-7eb4e557a000 r--p 00002000 08:05 8397272                    /usr/lib/x86_64-linux-gnu/libdl.so.2
7eb4e557a000-7eb4e557b000 rw-p 00003000 08:05 8397272                    /usr/lib/x86_64-linux-gnu/libdl.so.2
7eb4e557b000-7eb4e5581000 r--p 00000000 08:05 8397318                    /usr/lib/python3.12/lib-dynload/_ctypes.cpython-312-x86_64-linux-gnu.so
7eb4e5581000-7eb4e5593000 r-xp 00006000 08:05 8397318                    /usr/lib/python3.12/lib-dynload/_ctypes.cpython-312-x86_64-linux-gnu.so
7eb4e5593000-7eb4e5599000 r--p 00018000 08:05 8397318                    /usr/lib/python3.12/lib-dynload/_ctypes.cpython-312-x86_64-linux-gnu.so
7eb4e5599000-7eb4e559a000 r--p 0001d000 08:05 8397318                    /usr/lib/python3.12/lib-dynload/_ctypes.cpython-312-x86_64-linux-gnu.so
7eb4e559a000-7eb4e559e000 rw-p 0001e000 08:05 8397318                    /usr/lib/python3.12/lib-dynload/_ctypes.cpython-312-x86_64-linux-gnu.so
7eb4e559e000-7eb4e5600000 rw-p 00000000 00:00 0 
7eb4e5600000-7eb4e5628000 r--p 00000000 08:05 8397270                    /usr/lib/x86_64-linux-gnu/libc.so.6
7eb4e5628000-7eb4e57b0000 r-xp 00028000 08:05 8397270                    /usr/lib/x86_64-linux-gnu/libc.so.6
7eb4e57b0000-7eb4e57ff000 r--p 001b0000 08:05 8397270                    /usr/lib/x86_64-linux-gnu/libc.so.6
7eb4e57ff000-7eb4e5803000 r--p 001fe000 08:05 8397270                    /usr/lib/x86_64-linux-gnu/libc.so.6
7eb4e5803000-7eb4e5805000 rw-p 00202000 08:05 8397270                    /usr/lib/x86_64-linux-gnu/libc.so.6
7eb4e5805000-7eb4e5812000 rw-p 00000000 00:00 0 
7eb4e5813000-7eb4e5814000 r--p 00000000 00:00 0 
7eb4e5814000-7eb4e5815000 ---p 00000000 00:00 0 
7eb4e5815000-7eb4e5816000 r--p 00000000 00:00 0 
7eb4e5816000-7eb4e5819000 r--p 00000000 08:05 8397326                    /usr/lib/python3.12/lib-dynload/_lzma.cpython-312-x86_64-linux-gnu.so
7eb4e5819000-7eb4e581e000 r-xp 00003000 08:05 8397326                    /usr/lib/python3.12/lib-dynload/_lzma.cpython-312-x86_64-linux-gnu.so
7eb4e581e000-7eb4e5821000 r--p 00008000 08:05 8397326                    /usr/lib/python3.12/lib-dynload/_lzma.cpython-312-x86_64-linux-gnu.so
7eb4e5821000-7eb4e5822000 r--p 0000a000 08:05 8397326                    /usr/lib/python3.12/lib-dynload/_lzma.cpython-312-x86_64-linux-gnu.so
7eb4e5822000-7eb4e5823000 rw-p 0000b000 08:05 8397326                    /usr/lib/python3.12/lib-dynload/_lzma.cpython-312-x86_64-linux-gnu.so
7eb4e5823000-7eb4e5825000 r--p 00000000 08:05 8397309                    /usr/lib/python3.12/lib-dynload/_bz2.cpython-312-x86_64-linux-gnu.so
7eb4e5825000-7eb4e5828000 r-xp 00002000 08:05 8397309                    /usr/lib/python3.12/lib-dynload/_bz2.cpython-312-x86_64-linux-gnu.so
7eb4e5828000-7eb4e582a000 r--p 00005000 08:05 8397309                    /usr/lib/python3.12/lib-dynload/_bz2.cpython-312-x86_64-linux-gnu.so
7eb4e582a000-7eb4e582b000 r--p 00006000 08:05 8397309                    /usr/lib/python3.12/lib-dynload/_bz2.cpython-312-x86_64-linux-gnu.so
7eb4e582b000-7eb4e582c000 rw-p 00007000 08:05 8397309                    /usr/lib/python3.12/lib-dynload/_bz2.cpython-312-x86_64-linux-gnu.so
7eb4e582c000-7eb4e582e000 rw-p 00000000 00:00 0 
7eb4e582e000-7eb4e5832000 r--p 00000000 08:05 8390286                    /usr/lib/x86_64-linux-gnu/libexpat.so.1.9.1
7eb4e5832000-7eb4e584f000 r-xp 00004000 08:05 8390286                    /usr/lib/x86_64-linux-gnu/libexpat.so.1.9.1
7eb4e584f000-7eb4e5857000 r--p 00021000 08:05 8390286                    /usr/lib/x86_64-linux-gnu/libexpat.so.1.9.1
7eb4e5857000-7eb4e5859000 r--p 00028000 08:05 8390286                    /usr/lib/x86_64-linux-gnu/libexpat.so.1.9.1
7eb4e5859000-7eb4e585a000 rw-p 0002a000 08:05 8390286                    /usr/lib/x86_64-linux-gnu/libexpat.so.1.9.1
7eb4e585a000-7eb4e585c000 r--p 00000000 08:05 8405465                    /usr/lib/x86_64-linux-gnu/libz.so.1.3
7eb4e585c000-7eb4e586e000 r-xp 00002000 08:05 8405465                    /usr/lib/x86_64-linux-gnu/libz.so.1.3
7eb4e586e000-7eb4e5874000 r--p 00014000 08:05 8405465                    /usr/lib/x86_64-linux-gnu/libz.so.1.3
7eb4e5874000-7eb4e5875000 r--p 0001a000 08:05 8405465                    /usr/lib/x86_64-linux-gnu/libz.so.1.3
7eb4e5875000-7eb4e5876000 rw-p 0001b000 08:05 8405465                    /usr/lib/x86_64-linux-gnu/libz.so.1.3
7eb4e5876000-7eb4e5886000 r--p 00000000 08:05 8397273                    /usr/lib/x86_64-linux-gnu/libm.so.6
7eb4e5886000-7eb4e5905000 r-xp 00010000 08:05 8397273                    /usr/lib/x86_64-linux-gnu/libm.so.6
7eb4e5905000-7eb4e595d000 r--p 0008f000 08:05 8397273                    /usr/lib/x86_64-linux-gnu/libm.so.6
7eb4e595d000-7eb4e595e000 r--p 000e7000 08:05 8397273                    /usr/lib/x86_64-linux-gnu/libm.so.6
7eb4e595e000-7eb4e595f000 rw-p 000e8000 08:05 8397273                    /usr/lib/x86_64-linux-gnu/libm.so.6
7eb4e595f000-7eb4e5960000 ---p 00000000 00:00 0 
7eb4e5960000-7eb4e5961000 rwxp 00000000 00:00 0 
7eb4e5961000-7eb4e5962000 r--p 00000000 08:05 8397316                    /usr/lib/python3.12/lib-dynload/_contextvars.cpython-312-x86_64-linux-gnu.so
7eb4e5962000-7eb4e5963000 r-xp 00001000 08:05 8397316                    /usr/lib/python3.12/lib-dynload/_contextvars.cpython-312-x86_64-linux-gnu.so
7eb4e5963000-7eb4e5964000 r--p 00002000 08:05 8397316                    /usr/lib/python3.12/lib-dynload/_contextvars.cpython-312-x86_64-linux-gnu.so
7eb4e5964000-7eb4e5965000 r--p 00002000 08:05 8397316                    /usr/lib/python3.12/lib-dynload/_contextvars.cpython-312-x86_64-linux-gnu.so
7eb4e5965000-7eb4e5966000 rw-p 00003000 08:05 8397316                    /usr/lib/python3.12/lib-dynload/_contextvars.cpython-312-x86_64-linux-gnu.so
7eb4e5966000-7eb4e5967000 r--p 00000000 08:05 8397349                    /usr/lib/x86_64-linux-gnu/libpthread.so.0
7eb4e5967000-7eb4e5968000 r-xp 00001000 08:05 8397349                    /usr/lib/x86_64-linux-gnu/libpthread.so.0
7eb4e5968000-7eb4e5969000 r--p 00002000 08:05 8397349                    /usr/lib/x86_64-linux-gnu/libpthread.so.0
7eb4e5969000-7eb4e596a000 r--p 00002000 08:05 8397349                    /usr/lib/x86_64-linux-gnu/libpthread.so.0
7eb4e596a000-7eb4e596b000 rw-p 00003000 08:05 8397349                    /usr/lib/x86_64-linux-gnu/libpthread.so.0
7eb4e596b000-7eb4e596f000 rw-p 00000000 00:00 0 
7eb4e596f000-7eb4e5976000 r--s 00000000 08:05 8397259                    /usr/lib/x86_64-linux-gnu/gconv/gconv-modules.cache
7eb4e5976000-7eb4e5978000 rw-p 00000000 00:00 0 
7eb4e5978000-7eb4e597a000 r--p 00000000 00:00 0                          [vvar]
7eb4e597a000-7eb4e597c000 r--p 00000000 00:00 0                          [vvar_vclock]
7eb4e597c000-7eb4e597e000 r-xp 00000000 00:00 0                          [vdso]
7eb4e597e000-7eb4e597f000 r--p 00000000 08:05 8397267                    /usr/lib/x86_64-linux-gnu/ld-linux-x86-64.so.2
7eb4e597f000-7eb4e59aa000 r-xp 00001000 08:05 8397267                    /usr/lib/x86_64-linux-gnu/ld-linux-x86-64.so.2
7eb4e59aa000-7eb4e59b4000 r--p 0002c000 08:05 8397267                    /usr/lib/x86_64-linux-gnu/ld-linux-x86-64.so.2
7eb4e59b4000-7eb4e59b6000 r--p 00036000 08:05 8397267                    /usr/lib/x86_64-linux-gnu/ld-linux-x86-64.so.2
7eb4e59b6000-7eb4e59b8000 rw-p 00038000 08:05 8397267                    /usr/lib/x86_64-linux-gnu/ld-linux-x86-64.so.2
7fff2e721000-7fff2e725000 ---p 00000000 00:00 0 
7fff2e725000-7fff2ef1f000 rw-p 00000000 00:00 0                          [stack]
ffffffffff600000-ffffffffff601000 --xp 00000000 00:00 0                  [vsyscall]
Total number of mappings: 2298

JVMTI agents: none


VM Arguments:
jvm_args: -Xmx8g -Xss10M 
java_command: <unknown>
java_class_path (initial): /home/henriqueramos_qs/meta-learning-concept-drift/.venv/lib/python3.12/site-packages/capymoa/jar/moa.jar:/home/henriqueramos_qs/meta-learning-concept-drift/.venv/lib/python3.12/site-packages/org.jpype.jar
Launcher Type: generic

[Global flags]
     intx CICompilerCount                          = 18                                        {product} {ergonomic}
     uint ConcGCThreads                            = 16                                        {product} {ergonomic}
     uint G1ConcRefinementThreads                  = 63                                        {product} {ergonomic}
   size_t G1HeapRegionSize                         = 4194304                                   {product} {ergonomic}
    uintx GCDrainStackTargetSize                   = 64                                        {product} {ergonomic}
   size_t InitialHeapSize                          = 2147483648                                {product} {ergonomic}
   size_t MarkStackSize                            = 4194304                                   {product} {ergonomic}
   size_t MaxHeapSize                              = 8589934592                                {product} {command line}
   size_t MaxNewSize                               = 5150605312                                {product} {ergonomic}
   size_t MinHeapDeltaBytes                        = 4194304                                   {product} {ergonomic}
   size_t MinHeapSize                              = 8388608                                   {product} {ergonomic}
    uintx NonNMethodCodeHeapSize                   = 8782280                                {pd product} {ergonomic}
    uintx NonProfiledCodeHeapSize                  = 121437980                              {pd product} {ergonomic}
    uintx ProfiledCodeHeapSize                     = 121437980                              {pd product} {ergonomic}
    uintx ReservedCodeCacheSize                    = 251658240                              {pd product} {ergonomic}
     bool SegmentedCodeCache                       = true                                      {product} {ergonomic}
   size_t SoftMaxHeapSize                          = 8589934592                             {manageable} {ergonomic}
     intx ThreadStackSize                          = 10240                                  {pd product} {command line}
     bool UseCompressedOops                        = true                           {product lp64_product} {ergonomic}
     bool UseG1GC                                  = true                                      {product} {ergonomic}

Logging:
Log output configuration:
 #0: stdout all=warning uptime,level,tags foldmultilines=false
 #1: stderr all=off uptime,level,tags foldmultilines=false

Environment Variables:
JAVA_HOME=/usr/lib/jvm/java-21-openjdk-amd64
PATH=/home/henriqueramos_qs/meta-learning-concept-drift/.venv/bin:/home/henriqueramos_qs/.vscode-server/cli/servers/Stable-7d842fb85a0275a4a8e4d7e040d2625abbf7f084/server/bin/remote-cli:/usr/local/sbin:/usr/local/bin:/usr/sbin:/usr/bin:/sbin:/bin:/usr/games:/usr/local/games:/snap/bin:/home/henriqueramos_qs/.vscode-server/extensions/ms-python.debugpy-2025.14.1-linux-x64/bundled/scripts/noConfigScripts
SHELL=/bin/bash
LANG=en_US.UTF-8
TERM=xterm-256color

Active Locale:
LC_ALL=en_US.UTF-8
LC_COLLATE=en_US.UTF-8
LC_CTYPE=en_US.UTF-8
LC_MESSAGES=en_US.UTF-8
LC_MONETARY=en_US.UTF-8
LC_NUMERIC=en_US.UTF-8
LC_TIME=en_US.UTF-8

Signal Handlers:
   SIGSEGV: crash_handler in libjvm.so, mask=11100100010111111101111111111110, flags=SA_RESTART|SA_SIGINFO, unblocked
    SIGBUS: crash_handler in libjvm.so, mask=11100100010111111101111111111110, flags=SA_RESTART|SA_SIGINFO, unblocked
    SIGFPE: crash_handler in libjvm.so, mask=11100100010111111101111111111110, flags=SA_RESTART|SA_SIGINFO, unblocked
   SIGPIPE: javaSignalHandler in libjvm.so, mask=11100100010111111101111111111110, flags=SA_RESTART|SA_SIGINFO, blocked
   SIGXFSZ: javaSignalHandler in libjvm.so, mask=11100100010111111101111111111110, flags=SA_RESTART|SA_SIGINFO, blocked
    SIGILL: crash_handler in libjvm.so, mask=11100100010111111101111111111110, flags=SA_RESTART|SA_SIGINFO, unblocked
   SIGUSR2: SR_handler in libjvm.so, mask=00000000000000000000000000000000, flags=SA_RESTART|SA_SIGINFO, blocked
    SIGHUP: SIG_IGN, mask=00000000000000000000000000000000, flags=none, blocked
    SIGINT: UserHandler in libjvm.so, mask=11100100010111111101111111111110, flags=SA_RESTART|SA_SIGINFO, blocked
   SIGTERM: UserHandler in libjvm.so, mask=11100100010111111101111111111110, flags=SA_RESTART|SA_SIGINFO, blocked
   SIGQUIT: UserHandler in libjvm.so, mask=11100100010111111101111111111110, flags=SA_RESTART|SA_SIGINFO, blocked
   SIGTRAP: crash_handler in libjvm.so, mask=11100100010111111101111111111110, flags=SA_RESTART|SA_SIGINFO, unblocked


Periodic native trim disabled

---------------  S Y S T E M  ---------------

OS:
DISTRIB_ID=Ubuntu
DISTRIB_RELEASE=24.04
DISTRIB_CODENAME=noble
DISTRIB_DESCRIPTION="Ubuntu 24.04.3 LTS"
uname: Linux 6.14.0-33-generic #33~24.04.1-Ubuntu SMP PREEMPT_DYNAMIC Fri Sep 19 17:02:30 UTC 2 x86_64
OS uptime: 19 days 22:17 hours
libc: glibc 2.39 NPTL 2.39 
rlimit (soft/hard): STACK 8192k/infinity , CORE 0k/infinity , NPROC 767845/767845 , NOFILE 1048576/1048576 , AS infinity/infinity , CPU infinity/infinity , DATA infinity/infinity , FSIZE infinity/infinity , MEMLOCK 24582040k/24582040k
load average: 0.46 0.38 0.26

/proc/meminfo:
MemTotal:       196656324 kB
MemFree:         2755024 kB
MemAvailable:   188819888 kB
Buffers:         1967000 kB
Cached:         181088164 kB
SwapCached:         3348 kB
Active:          6074968 kB
Inactive:       179949084 kB
Active(anon):    2190960 kB
Inactive(anon):   799568 kB
Active(file):    3884008 kB
Inactive(file): 179149516 kB
Unevictable:       10256 kB
Mlocked:               0 kB
SwapTotal:       8388604 kB
SwapFree:        8270628 kB
Zswap:                 0 kB
Zswapped:              0 kB
Dirty:             23256 kB
Writeback:             0 kB
AnonPages:       2980636 kB
Mapped:           906764 kB
Shmem:             21420 kB
KReclaimable:    4806028 kB
Slab:            6264040 kB
SReclaimable:    4806028 kB
SUnreclaim:      1458012 kB
KernelStack:       33840 kB
PageTables:        63592 kB
SecPageTables:     25488 kB
NFS_Unstable:          0 kB
Bounce:                0 kB
WritebackTmp:          0 kB
CommitLimit:    106716764 kB
Committed_AS:   16514636 kB
VmallocTotal:   34359738367 kB
VmallocUsed:      384764 kB
VmallocChunk:          0 kB
Percpu:           441984 kB
HardwareCorrupted:     0 kB
AnonHugePages:         0 kB
ShmemHugePages:        0 kB
ShmemPmdMapped:        0 kB
FileHugePages:         0 kB
FilePmdMapped:         0 kB
Unaccepted:            0 kB
HugePages_Total:       0
HugePages_Free:        0
HugePages_Rsvd:        0
HugePages_Surp:        0
Hugepagesize:       2048 kB
Hugetlb:               0 kB
DirectMap4k:     7367020 kB
DirectMap2M:    141185024 kB
DirectMap1G:    53477376 kB

/sys/kernel/mm/transparent_hugepage/enabled: always [madvise] never
/sys/kernel/mm/transparent_hugepage/hpage_pmd_size: 2097152
/sys/kernel/mm/transparent_hugepage/defrag (defrag/compaction efforts parameter): always defer defer+madvise [madvise] never

Process Memory:
Virtual Size: 17938316K (peak: 17998964K)
Resident Set Size: 298036K (peak: 332388K) (anon: 180688K, file: 117348K, shmem: 0K)
Swapped out: 0K
C-Heap outstanding allocations: 197204K, retained: 3395K
glibc malloc tunables: (default)

/proc/sys/kernel/threads-max (system-wide limit on the number of threads): 1535691
/proc/sys/vm/max_map_count (maximum number of memory map areas a process may have): 1048576
/proc/sys/vm/swappiness (control to define how aggressively the kernel swaps out anonymous memory): 60
/proc/sys/kernel/pid_max (system-wide limit on number of process identifiers): 4194304

container information not found.
Steal ticks since vm start: 0
Steal ticks percentage since vm start:  0.000

CPU: total 96 (initial active 96) (24 cores per cpu, 2 threads per core) family 6 model 85 stepping 7 microcode 0x5003901, cx8, cmov, fxsr, ht, mmx, 3dnowpref, sse, sse2, sse3, ssse3, sse4.1, sse4.2, popcnt, lzcnt, tsc, tscinvbit, avx, avx2, aes, erms, clmul, bmi1, bmi2, adx, avx512f, avx512dq, avx512cd, avx512bw, avx512vl, fma, vzeroupper, avx512_vnni, clflush, clflushopt, clwb, rdtscp, f16c, pku, ospke
CPU Model and flags from /proc/cpuinfo:
model name	: Intel(R) Xeon(R) Gold 5220R CPU @ 2.20GHz
flags		: fpu vme de pse tsc msr pae mce cx8 apic sep mtrr pge mca cmov pat pse36 clflush dts acpi mmx fxsr sse sse2 ss ht tm pbe syscall nx pdpe1gb rdtscp lm constant_tsc art arch_perfmon pebs bts rep_good nopl xtopology nonstop_tsc cpuid aperfmperf pni pclmulqdq dtes64 monitor ds_cpl vmx smx est tm2 ssse3 sdbg fma cx16 xtpr pdcm pcid dca sse4_1 sse4_2 x2apic movbe popcnt tsc_deadline_timer aes xsave avx f16c rdrand lahf_lm abm 3dnowprefetch cpuid_fault epb cat_l3 cdp_l3 intel_ppin ssbd mba ibrs ibpb stibp ibrs_enhanced tpr_shadow flexpriority ept vpid ept_ad fsgsbase tsc_adjust bmi1 avx2 smep bmi2 erms invpcid cqm mpx rdt_a avx512f avx512dq rdseed adx smap clflushopt clwb intel_pt avx512cd avx512bw avx512vl xsaveopt xsavec xgetbv1 xsaves cqm_llc cqm_occup_llc cqm_mbm_total cqm_mbm_local dtherm ida arat pln pts vnmi pku ospke avx512_vnni md_clear flush_l1d arch_capabilities

Online cpus: 0-95
Offline cpus: 
BIOS frequency limitation: <Not Available>
Frequency switch latency (ns): 20000
Available cpu frequencies: <Not Available>
Current governor: schedutil
Core performance/turbo boost: <Not Available>

Memory: 4k page, physical 196656324k(188819888k free), swap 8388604k(8270628k free)
Page Sizes: 4k

vm_info: OpenJDK 64-Bit Server VM (21.0.8+9-Ubuntu-0ubuntu124.04.1) for linux-amd64 JRE (21.0.8+9-Ubuntu-0ubuntu124.04.1), built on 2025-07-16T21:55:59Z by "buildd" with gcc 13.3.0

END.
