#
# A fatal error has been detected by the Java Runtime Environment:
#
#  SIGSEGV (0xb) at pc=0x00007ad992b72617, pid=503807, tid=504698
#
# JRE version: OpenJDK Runtime Environment (21.0.8+9) (build 21.0.8+9-Ubuntu-0ubuntu124.04.1)
# Java VM: OpenJDK 64-Bit Server VM (21.0.8+9-Ubuntu-0ubuntu124.04.1, mixed mode, sharing, tiered, compressed oops, compressed class ptrs, g1 gc, linux-amd64)
# Problematic frame:
# C  [lib_lightgbm.so+0x172617]  std::_Sp_counted_base<(__gnu_cxx::_Lock_policy)2>::_M_release_last_use_cold()+0x7
#
# Core dump will be written. Default location: Core dumps may be processed with "/usr/share/apport/apport -p%p -s%s -c%c -d%d -P%P -u%u -g%g -F%F -- %E" (or dumping to /home/henriqueramos_qs/meta-learning-concept-drift/core.503807)
#
# If you would like to submit a bug report, please visit:
#   https://bugs.launchpad.net/ubuntu/+source/openjdk-21
#

---------------  S U M M A R Y ------------

Command Line: -Xmx8g -Xss10M 

Host: Intel(R) Xeon(R) Gold 5220R CPU @ 2.20GHz, 96 cores, 187G, Ubuntu 24.04 LTS
Time: Wed Aug  6 12:03:11 2025 -03 elapsed time: 6.470834 seconds (0d 0h 0m 6s)

---------------  T H R E A D  ---------------

Current thread is native thread

Stack: [0x00007ad955600000,0x00007ad955e00000],  sp=0x00007ad955dfdb80,  free space=8182k
Native frames: (J=compiled Java code, j=interpreted, Vv=VM code, C=native code)
C  [lib_lightgbm.so+0x172617]  std::_Sp_counted_base<(__gnu_cxx::_Lock_policy)2>::_M_release_last_use_cold()+0x7

siginfo: si_signo: 11 (SIGSEGV), si_code: 1 (SEGV_MAPERR), si_addr: 0x00007ad0697d3cdf

Registers:
RAX=0x00007ad0697d3ccf, RBX=0x00007ad7c402f770, RCX=0x00007ad7c402f778, RDX=0x0000000000000001
RSP=0x00007ad955dfdb80, RBP=0x00007ad688015878, RSI=0x0000000000000001, RDI=0x00007ad7c402f770
R8 =0x00007ad6880008e0, R9 =0x0000000000000007, R10=0x00007ad688017220, R11=0x1791bfd37bbef71a
R12=0x00007ad6880168b0, R13=0x00007ad688015870, R14=0x00007ad68801c4b0, R15=0x00007ad68801c4b8
RIP=0x00007ad992b72617, EFLAGS=0x0000000000010246, CSGSFS=0x002b000000000033, ERR=0x0000000000000004
  TRAPNO=0x000000000000000e

XMM[0]=0x0000000000000000 0x00007ad688015870
XMM[1]=0x0000000000000000 0x00007ad688015870
XMM[2]=0x0000000000000000 0x00007ad7d0ea4240
XMM[3]=0x00007ad7cf9e91b0 0x00007ada3abf5810
XMM[4]=0x0000000000000000 0x00007ad7cfb48680
XMM[5]=0x00007adae9b18e80 0x00007ad9934a4780
XMM[6]=0x0000000000000000 0x00007ad7cfb4aac0
XMM[7]=0x0000000000000000 0x0000000000b37408
XMM[8]=0x00007adae6c74c58 0x00007adae6c74810
XMM[9]=0x0000000000000000 0x0000000000000000
XMM[10]=0x00007adae6c74478 0x00007adae6c74810
XMM[11]=0x00007adae6c74478 0x00007adae6c74810
XMM[12]=0x0000000000000000 0x0000000021800000
XMM[13]=0x0000000000000000 0x4069400000000000
XMM[14]=0x0000000000000000 0x0000000021000000
XMM[15]=0x0000000000000000 0x4020000000000000
  MXCSR=0x00001fa2


Top of Stack: (sp=0x00007ad955dfdb80)
0x00007ad955dfdb80:   00007ad6880168b0 00007ad992bbee8d
0x00007ad955dfdb90:   00007ad6880168b0 00007ad688015878
0x00007ad955dfdba0:   0000000000000000 00007ad688015870
0x00007ad955dfdbb0:   00007ad68801c4b0 00007ad992bbf489
0x00007ad955dfdbc0:   0000000000000000 00007ad992b54d17
0x00007ad955dfdbd0:   0000000000b49608 00007ad688015878
0x00007ad955dfdbe0:   00007ad955dfdc60 0000000000000000
0x00007ad955dfdbf0:   00007ad955dfdc20 00007ad955dfddc8
0x00007ad955dfdc00:   00007ad955dfde90 00007ad955dfdce0
0x00007ad955dfdc10:   00007ad955dfddb8 00007adae9783b16
0x00007ad955dfdc20:   0000000000000006 00007ad955dfddd0
0x00007ad955dfdc30:   00007ad955dfdd30 00007adae97803ef
0x00007ad955dfdc40:   0000000023bc8560 09a7226e1cd0f4b4
0x00007ad955dfdc50:   00007ad7cfb31d50 00007ad955dfddf0
0x00007ad955dfdc60:   0000000000000008 00007ad955dfddc0
0x00007ad955dfdc70:   00007ad955dfddd0 00007ad955dfde90
0x00007ad955dfdc80:   0000000655dfdcd0 00007ad992b54b10
0x00007ad955dfdc90:   00007ad955dfddb0 00000000000000e0
0x00007ad955dfdca0:   00007ad955dfdb60 0000000100000000
0x00007ad955dfdcb0:   00007ad955dfdcdc 00007ad955dfdcd8
0x00007ad955dfdcc0:   00007ad955dfddb8 00007ad955dfdc20
0x00007ad955dfdcd0:   00007ad955dfdd00 0000000100000000
0x00007ad955dfdce0:   0000000000000001 00007adae97852a0
0x00007ad955dfdcf0:   00007ad955dfddb8 98ca93f2d45f3a00
0x00007ad955dfdd00:   00007ad955dfdda0 0000000000000001
0x00007ad955dfdd10:   0000000000000001 00007ad955dfddb0
0x00007ad955dfdd20:   00007ad955dfde90 0000000000000010
0x00007ad955dfdd30:   00007ad955dfdda0 00007adae97830be
0x00007ad955dfdd40:   000000002c7852b0 000000002c7852b0
0x00007ad955dfdd50:   0000000000b495b8 0000000000b49608
0x00007ad955dfdd60:   0000000000b491a8 98ca93f2d45f3a00
0x00007ad955dfdd70:   00007ad955dfdda0 0000000000a408a0 

Instructions: (pc=0x00007ad992b72617)
0x00007ad992b72517:   00 00 e8 c2 af fb ff 48 83 c5 20 49 39 ec 75 e1
0x00007ad992b72527:   48 8b ab a8 00 00 00 48 85 ed 74 08 48 89 ef e8
0x00007ad992b72537:   a5 af fb ff 48 8b bb 88 00 00 00 48 8d b3 98 00
0x00007ad992b72547:   00 00 48 39 f7 74 05 e8 8d af fb ff 48 8b 7b 68
0x00007ad992b72557:   4c 8d 43 78 4c 39 c7 74 05 e8 7b af fb ff 48 8b
0x00007ad992b72567:   7b 48 4c 8d 4b 58 4c 39 cf 74 05 e8 69 af fb ff
0x00007ad992b72577:   48 8b 7b 28 4c 8d 53 38 4c 39 d7 74 05 e8 57 af
0x00007ad992b72587:   fb ff 48 8b 3b 48 83 c3 10 48 39 df 74 6b 5b 5d
0x00007ad992b72597:   41 5c e9 42 af fb ff 66 90 48 83 c5 20 49 39 ec
0x00007ad992b725a7:   0f 85 5b ff ff ff e9 75 ff ff ff 66 0f 1f 44 00
0x00007ad992b725b7:   00 48 83 c5 20 49 39 ec 0f 85 fb fc ff ff e9 15
0x00007ad992b725c7:   fd ff ff 66 0f 1f 44 00 00 48 83 c5 18 49 39 ec
0x00007ad992b725d7:   0f 85 03 fc ff ff e9 19 fc ff ff 66 0f 1f 44 00
0x00007ad992b725e7:   00 48 83 c5 18 49 39 ec 0f 85 33 fc ff ff e9 49
0x00007ad992b725f7:   fc ff ff 66 0f 1f 44 00 00 5b 5d 41 5c c3 66 2e
0x00007ad992b72607:   0f 1f 84 00 00 00 00 00 90 53 48 8b 07 48 89 fb
0x00007ad992b72617:   ff 50 10 48 83 3d 36 21 71 00 00 75 2c 8b 4b 0c
0x00007ad992b72627:   8d 51 ff 89 53 0c 83 f9 01 74 06 5b c3 0f 1f 40
0x00007ad992b72637:   00 48 8b 33 48 89 df 5b 4c 8b 46 18 41 ff e0 66
0x00007ad992b72647:   2e 0f 1f 84 00 00 00 00 00 b9 ff ff ff ff f0 0f
0x00007ad992b72657:   c1 4b 0c eb d1 0f 1f 40 00 48 b8 01 00 00 00 01
0x00007ad992b72667:   00 00 00 48 8b 57 08 48 39 c2 74 2d 48 83 3d dd
0x00007ad992b72677:   20 71 00 00 75 13 8b 77 08 44 8d 46 ff 44 89 47
0x00007ad992b72687:   08 83 fe 01 74 43 c3 66 90 48 8d 4f 08 be ff ff
0x00007ad992b72697:   ff ff f0 0f c1 31 eb e9 90 48 83 ec 18 4c 8b 0f
0x00007ad992b726a7:   48 c7 47 08 00 00 00 00 48 89 7c 24 08 41 ff 51
0x00007ad992b726b7:   10 48 8b 7c 24 08 4c 8b 17 4d 8b 5a 18 48 83 c4
0x00007ad992b726c7:   18 41 ff e3 0f 1f 44 00 00 e9 cb 6e fb ff 66 2e
0x00007ad992b726d7:   0f 1f 84 00 00 00 00 00 90 48 89 f0 41 56 48 c1
0x00007ad992b726e7:   e8 3c 41 55 41 54 55 53 0f 85 80 00 00 00 48 8b
0x00007ad992b726f7:   17 48 8b 4f 10 48 89 fb 48 29 d1 48 c1 f9 03 48
0x00007ad992b72707:   39 f1 72 0d 5b 5d 41 5c 41 5d 41 5e c3 0f 1f 40 



---------------  P R O C E S S  ---------------

VM state: at safepoint (shutting down)

VM Mutex/Monitor currently owned by a thread:  ([mutex/lock_event])
[0x00007ad990b26e10] Threads_lock - owner thread: 0x00000000266ddcc0
[0x00007ad990b26d10] Heap_lock - owner thread: 0x00007ad8ec009110

Heap address: 0x0000000600000000, size: 8192 MB, Compressed Oops mode: Zero based, Oop shift amount: 3

CDS archive(s) mapped at: [0x00007ad907000000-0x00007ad907ca0000-0x00007ad907ca0000), size 13238272, SharedBaseAddress: 0x00007ad907000000, ArchiveRelocationMode: 1.
Compressed class space mapped at: 0x00007ad908000000-0x00007ad948000000, reserved size: 1073741824
Narrow klass base: 0x00007ad907000000, Narrow klass shift: 0, Narrow klass range: 0x100000000

GC Precious Log:
<Skipped>

Heap:
 garbage-first heap   total 69632K, used 23593K [0x0000000600000000, 0x0000000800000000)
  region size 4096K, 2 young (8192K), 0 survivors (0K)
 Metaspace       used 3918K, committed 4032K, reserved 1114112K
  class space    used 389K, committed 448K, reserved 1048576K

Heap Regions: E=young(eden), S=young(survivor), O=old, HS=humongous(starts), HC=humongous(continues), CS=collection set, F=free, TAMS=top-at-mark-start, PB=parsable bottom
|   0|0x0000000600000000, 0x0000000600400000, 0x0000000600400000|100%|HS|  |TAMS 0x0000000600000000| PB 0x0000000600000000| Untracked 
|   1|0x0000000600400000, 0x0000000600800000, 0x0000000600800000|100%| O|  |TAMS 0x0000000600400000| PB 0x0000000600400000| Untracked 
|   2|0x0000000600800000, 0x0000000600c00000, 0x0000000600c00000|100%|HS|  |TAMS 0x0000000600800000| PB 0x0000000600800000| Untracked 
|   3|0x0000000600c00000, 0x0000000600f1e360, 0x0000000601000000| 77%| O|  |TAMS 0x0000000600c00000| PB 0x0000000600c00000| Untracked 
|   4|0x0000000601000000, 0x00000006013ec230, 0x0000000601400000| 98%| O|  |TAMS 0x0000000601000000| PB 0x0000000601000000| Untracked 
|   5|0x0000000601400000, 0x0000000601400000, 0x0000000601800000|  0%| F|  |TAMS 0x0000000601400000| PB 0x0000000601400000| Untracked 
|   6|0x0000000601800000, 0x0000000601800000, 0x0000000601c00000|  0%| F|  |TAMS 0x0000000601800000| PB 0x0000000601800000| Untracked 
|   7|0x0000000601c00000, 0x0000000601c00000, 0x0000000602000000|  0%| F|  |TAMS 0x0000000601c00000| PB 0x0000000601c00000| Untracked 
|   8|0x0000000602000000, 0x0000000602000000, 0x0000000602400000|  0%| F|  |TAMS 0x0000000602000000| PB 0x0000000602000000| Untracked 
|   9|0x0000000602400000, 0x0000000602400000, 0x0000000602800000|  0%| F|  |TAMS 0x0000000602400000| PB 0x0000000602400000| Untracked 
|  10|0x0000000602800000, 0x0000000602800000, 0x0000000602c00000|  0%| F|  |TAMS 0x0000000602800000| PB 0x0000000602800000| Untracked 
|  11|0x0000000602c00000, 0x0000000602c00000, 0x0000000603000000|  0%| F|  |TAMS 0x0000000602c00000| PB 0x0000000602c00000| Untracked 
|  12|0x0000000603000000, 0x0000000603000000, 0x0000000603400000|  0%| F|  |TAMS 0x0000000603000000| PB 0x0000000603000000| Untracked 
|  13|0x0000000603400000, 0x0000000603400000, 0x0000000603800000|  0%| F|  |TAMS 0x0000000603400000| PB 0x0000000603400000| Untracked 
|  14|0x0000000603800000, 0x0000000603800000, 0x0000000603c00000|  0%| F|  |TAMS 0x0000000603800000| PB 0x0000000603800000| Untracked 
|  15|0x0000000603c00000, 0x0000000603d70c08, 0x0000000604000000| 36%| E|  |TAMS 0x0000000603c00000| PB 0x0000000603c00000| Complete 
|  16|0x0000000604000000, 0x0000000604400000, 0x0000000604400000|100%| E|CS|TAMS 0x0000000604000000| PB 0x0000000604000000| Complete 

Card table byte_map: [0x00007ad971e00000,0x00007ad972e00000] _byte_map_base: 0x00007ad96ee00000

Marking Bits: (CMBitMap*) 0x000000002617d750
 Bits: [0x00007ad969e00000, 0x00007ad971e00000)

Polling page: 0x00007adae9775000

Metaspace:

Usage:
  Non-class:      3.45 MB used.
      Class:    389.25 KB used.
       Both:      3.83 MB used.

Virtual space:
  Non-class space:       64.00 MB reserved,       3.50 MB (  5%) committed,  1 nodes.
      Class space:        1.00 GB reserved,     448.00 KB ( <1%) committed,  1 nodes.
             Both:        1.06 GB reserved,       3.94 MB ( <1%) committed. 

Chunk freelists:
   Non-Class:  10.94 MB
       Class:  15.56 MB
        Both:  26.50 MB

MaxMetaspaceSize: unlimited
CompressedClassSpaceSize: 1.00 GB
Initial GC threshold: 21.00 MB
Current GC threshold: 21.00 MB
CDS: on
 - commit_granule_bytes: 65536.
 - commit_granule_words: 8192.
 - virtual_space_node_default_size: 8388608.
 - enlarge_chunks_in_place: 1.
 - use_allocation_guard: 0.


Internal statistics:

num_allocs_failed_limit: 0.
num_arena_births: 74.
num_arena_deaths: 0.
num_vsnodes_births: 2.
num_vsnodes_deaths: 0.
num_space_committed: 63.
num_space_uncommitted: 0.
num_chunks_returned_to_freelist: 0.
num_chunks_taken_from_freelist: 134.
num_chunk_merges: 0.
num_chunk_splits: 94.
num_chunks_enlarged: 63.
num_inconsistent_stats: 0.

CodeHeap 'non-profiled nmethods': size=118592Kb used=789Kb max_used=789Kb free=117803Kb
 bounds [0x00007ad97fa30000, 0x00007ad97fca0000, 0x00007ad986e00000]
CodeHeap 'profiled nmethods': size=118588Kb used=2017Kb max_used=2017Kb free=116570Kb
 bounds [0x00007ad977e00000, 0x00007ad978070000, 0x00007ad97f1cf000]
CodeHeap 'non-nmethods': size=8580Kb used=2585Kb max_used=4425Kb free=5994Kb
 bounds [0x00007ad97f1cf000, 0x00007ad97f63f000, 0x00007ad97fa30000]
CodeCache: size=245760Kb, used=5391Kb, max_used=7231Kb, free=240367Kb
 total_blobs=1745, nmethods=1277, adapters=371, full_count=0
Compilation: enabled, stopped_count=0, restarted_count=0

Compilation events (20 events):
Event: 3.002 Thread 0x00000000266eda00 nmethod 1393 0x00007ad97faea510 code [0x00007ad97faea6c0, 0x00007ad97faea930]
Event: 3.002 Thread 0x00000000266eda00 1417       4       java.util.LinkedList::node (65 bytes)
Event: 3.003 Thread 0x00007ad8e807fc20 nmethod 1416 0x00007ad97faeab10 code [0x00007ad97faeaca0, 0x00007ad97faeb008]
Event: 3.003 Thread 0x00007ad8e807fc20 1437       4       java.util.ArrayList::iterator (9 bytes)
Event: 3.003 Thread 0x00000000266eda00 nmethod 1417 0x00007ad97faeb110 code [0x00007ad97faeb2a0, 0x00007ad97faeb380]
Event: 3.003 Thread 0x00000000266eda00 1391       4       java.lang.reflect.Method::getParameterCount (6 bytes)
Event: 3.004 Thread 0x00000000266eda00 nmethod 1391 0x00007ad97faeb410 code [0x00007ad97faeb580, 0x00007ad97faeb628]
Event: 3.004 Thread 0x00007ad8e807fc20 nmethod 1437 0x00007ad97faeb710 code [0x00007ad97faeb8a0, 0x00007ad97faeb9a8]
Event: 3.010 Thread 0x00007ad8d8028b30 nmethod 1298 0x00007ad97faeba90 code [0x00007ad97faebe20, 0x00007ad97faedfa0]
Event: 3.071 Thread 0x00007ad8a4135c40 nmethod 1392 0x00007ad97faef210 code [0x00007ad97faef5a0, 0x00007ad97faf27c0]
Event: 3.139 Thread 0x00007ad8d8028b30 1438       4       jdk.internal.jimage.ImageStringsReader::hashCode (33 bytes)
Event: 3.148 Thread 0x00007ad8d8028b30 nmethod 1438 0x00007ad97faf4310 code [0x00007ad97faf44c0, 0x00007ad97faf4a80]
Event: 3.165 Thread 0x00007ad8d80014f0 1439       3       jdk.internal.loader.URLClassPath$1::hasMoreElements (5 bytes)
Event: 3.165 Thread 0x00007ad8d80014f0 nmethod 1439 0x00007ad977ff7390 code [0x00007ad977ff7540, 0x00007ad977ff7678]
Event: 5.959 Thread 0x00000000266eda00 1440       4       java.util.concurrent.ConcurrentHashMap$Traverser::advance (188 bytes)
Event: 5.967 Thread 0x00000000266eda00 nmethod 1440 0x00007ad97faf4d90 code [0x00007ad97faf4f20, 0x00007ad97faf5298]
Event: 5.974 Thread 0x00000000266ef310 1441       3       org.jpype.manager.TypeManager$Destroyer::add (101 bytes)
Event: 5.975 Thread 0x00007ad8d80014f0 1442       3       org.jpype.manager.TypeManager$Destroyer::add (39 bytes)
Event: 5.975 Thread 0x00000000266ef310 nmethod 1441 0x00007ad977ff7710 code [0x00007ad977ff7900, 0x00007ad977ff7d80]
Event: 5.975 Thread 0x00007ad8d80014f0 nmethod 1442 0x00007ad977ff7f90 code [0x00007ad977ff8140, 0x00007ad977ff8350]

GC Heap History (20 events):
Event: 0.232 GC heap before
{Heap before GC invocations=1 (full 1):
 garbage-first heap   total 81920K, used 10153K [0x0000000600000000, 0x0000000800000000)
  region size 4096K, 2 young (8192K), 0 survivors (0K)
 Metaspace       used 1560K, committed 1664K, reserved 1114112K
  class space    used 130K, committed 192K, reserved 1048576K
}
Event: 0.240 GC heap after
{Heap after GC invocations=2 (full 2):
 garbage-first heap   total 40960K, used 6412K [0x0000000600000000, 0x0000000800000000)
  region size 4096K, 0 young (0K), 0 survivors (0K)
 Metaspace       used 1560K, committed 1664K, reserved 1114112K
  class space    used 130K, committed 192K, reserved 1048576K
}
Event: 0.287 GC heap before
{Heap before GC invocations=2 (full 2):
 garbage-first heap   total 40960K, used 6412K [0x0000000600000000, 0x0000000800000000)
  region size 4096K, 1 young (4096K), 0 survivors (0K)
 Metaspace       used 1563K, committed 1664K, reserved 1114112K
  class space    used 131K, committed 192K, reserved 1048576K
}
Event: 0.306 GC heap after
{Heap after GC invocations=3 (full 3):
 garbage-first heap   total 28672K, used 6412K [0x0000000600000000, 0x0000000800000000)
  region size 4096K, 0 young (0K), 0 survivors (0K)
 Metaspace       used 1563K, committed 1664K, reserved 1114112K
  class space    used 131K, committed 192K, reserved 1048576K
}
Event: 0.473 GC heap before
{Heap before GC invocations=3 (full 3):
 garbage-first heap   total 28672K, used 14604K [0x0000000600000000, 0x0000000800000000)
  region size 4096K, 2 young (8192K), 0 survivors (0K)
 Metaspace       used 2130K, committed 2304K, reserved 1114112K
  class space    used 183K, committed 256K, reserved 1048576K
}
Event: 0.478 GC heap after
{Heap after GC invocations=4 (full 3):
 garbage-first heap   total 28672K, used 8428K [0x0000000600000000, 0x0000000800000000)
  region size 4096K, 1 young (4096K), 1 survivors (4096K)
 Metaspace       used 2130K, committed 2304K, reserved 1114112K
  class space    used 183K, committed 256K, reserved 1048576K
}
Event: 0.488 GC heap before
{Heap before GC invocations=4 (full 3):
 garbage-first heap   total 28672K, used 12524K [0x0000000600000000, 0x0000000800000000)
  region size 4096K, 2 young (8192K), 1 survivors (4096K)
 Metaspace       used 2134K, committed 2304K, reserved 1114112K
  class space    used 183K, committed 256K, reserved 1048576K
}
Event: 0.493 GC heap after
{Heap after GC invocations=5 (full 3):
 garbage-first heap   total 28672K, used 7704K [0x0000000600000000, 0x0000000800000000)
  region size 4096K, 1 young (4096K), 1 survivors (4096K)
 Metaspace       used 2134K, committed 2304K, reserved 1114112K
  class space    used 183K, committed 256K, reserved 1048576K
}
Event: 0.515 GC heap before
{Heap before GC invocations=5 (full 3):
 garbage-first heap   total 28672K, used 15896K [0x0000000600000000, 0x0000000800000000)
  region size 4096K, 3 young (12288K), 1 survivors (4096K)
 Metaspace       used 2152K, committed 2304K, reserved 1114112K
  class space    used 183K, committed 256K, reserved 1048576K
}
Event: 0.522 GC heap after
{Heap after GC invocations=6 (full 3):
 garbage-first heap   total 28672K, used 8622K [0x0000000600000000, 0x0000000800000000)
  region size 4096K, 1 young (4096K), 1 survivors (4096K)
 Metaspace       used 2152K, committed 2304K, reserved 1114112K
  class space    used 183K, committed 256K, reserved 1048576K
}
Event: 0.537 GC heap before
{Heap before GC invocations=6 (full 3):
 garbage-first heap   total 28672K, used 16814K [0x0000000600000000, 0x0000000800000000)
  region size 4096K, 3 young (12288K), 1 survivors (4096K)
 Metaspace       used 2158K, committed 2304K, reserved 1114112K
  class space    used 183K, committed 256K, reserved 1048576K
}
Event: 0.547 GC heap after
{Heap after GC invocations=7 (full 3):
 garbage-first heap   total 1064960K, used 9448K [0x0000000600000000, 0x0000000800000000)
  region size 4096K, 1 young (4096K), 1 survivors (4096K)
 Metaspace       used 2158K, committed 2304K, reserved 1114112K
  class space    used 183K, committed 256K, reserved 1048576K
}
Event: 0.669 GC heap before
{Heap before GC invocations=7 (full 3):
 garbage-first heap   total 1064960K, used 21736K [0x0000000600000000, 0x0000000800000000)
  region size 4096K, 5 young (20480K), 1 survivors (4096K)
 Metaspace       used 2221K, committed 2368K, reserved 1114112K
  class space    used 183K, committed 256K, reserved 1048576K
}
Event: 0.688 GC heap after
{Heap after GC invocations=8 (full 4):
 garbage-first heap   total 81920K, used 10280K [0x0000000600000000, 0x0000000800000000)
  region size 4096K, 0 young (0K), 0 survivors (0K)
 Metaspace       used 2221K, committed 2368K, reserved 1114112K
  class space    used 183K, committed 256K, reserved 1048576K
}
Event: 0.904 GC heap before
{Heap before GC invocations=8 (full 4):
 garbage-first heap   total 81920K, used 22568K [0x0000000600000000, 0x0000000800000000)
  region size 4096K, 3 young (12288K), 0 survivors (0K)
 Metaspace       used 2847K, committed 3072K, reserved 1114112K
  class space    used 256K, committed 384K, reserved 1048576K
}
Event: 0.941 GC heap after
{Heap after GC invocations=9 (full 5):
 garbage-first heap   total 69632K, used 19251K [0x0000000600000000, 0x0000000800000000)
  region size 4096K, 0 young (0K), 0 survivors (0K)
 Metaspace       used 2847K, committed 3072K, reserved 1114112K
  class space    used 256K, committed 384K, reserved 1048576K
}
Event: 1.556 GC heap before
{Heap before GC invocations=9 (full 5):
 garbage-first heap   total 69632K, used 19251K [0x0000000600000000, 0x0000000800000000)
  region size 4096K, 1 young (4096K), 0 survivors (0K)
 Metaspace       used 3120K, committed 3264K, reserved 1114112K
  class space    used 291K, committed 384K, reserved 1048576K
}
Event: 1.625 GC heap after
{Heap after GC invocations=10 (full 6):
 garbage-first heap   total 69632K, used 19496K [0x0000000600000000, 0x0000000800000000)
  region size 4096K, 0 young (0K), 0 survivors (0K)
 Metaspace       used 3120K, committed 3264K, reserved 1114112K
  class space    used 291K, committed 384K, reserved 1048576K
}
Event: 2.543 GC heap before
{Heap before GC invocations=10 (full 6):
 garbage-first heap   total 69632K, used 19496K [0x0000000600000000, 0x0000000800000000)
  region size 4096K, 1 young (4096K), 0 survivors (0K)
 Metaspace       used 3135K, committed 3264K, reserved 1114112K
  class space    used 291K, committed 384K, reserved 1048576K
}
Event: 2.603 GC heap after
{Heap after GC invocations=11 (full 7):
 garbage-first heap   total 69632K, used 19497K [0x0000000600000000, 0x0000000800000000)
  region size 4096K, 0 young (0K), 0 survivors (0K)
 Metaspace       used 3135K, committed 3264K, reserved 1114112K
  class space    used 291K, committed 384K, reserved 1048576K
}

Dll operation events (7 events):
Event: 0.013 Loaded shared library /usr/lib/jvm/java-21-openjdk-amd64/lib/libjava.so
Event: 0.039 Loaded shared library /usr/lib/jvm/java-21-openjdk-amd64/lib/libjsvml.so
Event: 0.040 Loaded shared library /usr/lib/jvm/java-21-openjdk-amd64/lib/libnio.so
Event: 0.055 Loaded shared library /usr/lib/jvm/java-21-openjdk-amd64/lib/libzip.so
Event: 0.076 Loaded shared library /home/henriqueramos_qs/meta-learning-concept-drift/.venv/lib/python3.12/site-packages/_jpype.cpython-312-x86_64-linux-gnu.so
Event: 0.095 Loaded shared library /usr/lib/jvm/java-21-openjdk-amd64/lib/libjimage.so
Event: 0.713 Loaded shared library /usr/lib/jvm/java-21-openjdk-amd64/lib/libnet.so

Deoptimization events (20 events):
Event: 1.833 Thread 0x0000000026150db0 DEOPT PACKING pc=0x00007ad97fa66dcc sp=0x00007ffe7b2fdaf0
Event: 1.833 Thread 0x0000000026150db0 DEOPT UNPACKING pc=0x00007ad97f226619 sp=0x00007ffe7b2fda78 mode 2
Event: 1.833 Thread 0x0000000026150db0 Uncommon trap: trap_request=0xffffffbe fr.pc=0x00007ad97fa66dcc relative=0x000000000000038c
Event: 1.833 Thread 0x0000000026150db0 Uncommon trap: reason=profile_predicate action=maybe_recompile pc=0x00007ad97fa66dcc method=jdk.internal.jimage.ImageStringsReader.stringFromByteBufferMatches(Ljava/nio/ByteBuffer;ILjava/lang/String;I)I @ 19 c2
Event: 1.833 Thread 0x0000000026150db0 DEOPT PACKING pc=0x00007ad97fa66dcc sp=0x00007ffe7b2fdaf0
Event: 1.833 Thread 0x0000000026150db0 DEOPT UNPACKING pc=0x00007ad97f226619 sp=0x00007ffe7b2fda78 mode 2
Event: 1.833 Thread 0x0000000026150db0 Uncommon trap: trap_request=0xffffffbe fr.pc=0x00007ad97fa66dcc relative=0x000000000000038c
Event: 1.833 Thread 0x0000000026150db0 Uncommon trap: reason=profile_predicate action=maybe_recompile pc=0x00007ad97fa66dcc method=jdk.internal.jimage.ImageStringsReader.stringFromByteBufferMatches(Ljava/nio/ByteBuffer;ILjava/lang/String;I)I @ 19 c2
Event: 1.833 Thread 0x0000000026150db0 DEOPT PACKING pc=0x00007ad97fa66dcc sp=0x00007ffe7b2fdaf0
Event: 1.833 Thread 0x0000000026150db0 DEOPT UNPACKING pc=0x00007ad97f226619 sp=0x00007ffe7b2fda78 mode 2
Event: 2.943 Thread 0x0000000026150db0 DEOPT PACKING pc=0x00007ad977fb5ee5 sp=0x00007ffe7b305820
Event: 2.943 Thread 0x0000000026150db0 DEOPT UNPACKING pc=0x00007ad97f22714f sp=0x00007ffe7b304d28 mode 0
Event: 2.964 Thread 0x0000000026150db0 Uncommon trap: trap_request=0xffffffc6 fr.pc=0x00007ad97faa6ebc relative=0x00000000000026bc
Event: 2.964 Thread 0x0000000026150db0 Uncommon trap: reason=bimorphic_or_optimized_type_check action=maybe_recompile pc=0x00007ad97faa6ebc method=java.util.HashMap.putVal(ILjava/lang/Object;Ljava/lang/Object;ZZ)Ljava/lang/Object; @ 91 c2
Event: 2.964 Thread 0x0000000026150db0 DEOPT PACKING pc=0x00007ad97faa6ebc sp=0x00007ffe7b304560
Event: 2.964 Thread 0x0000000026150db0 DEOPT UNPACKING pc=0x00007ad97f226619 sp=0x00007ffe7b3044a0 mode 2
Event: 2.976 Thread 0x0000000026150db0 Uncommon trap: trap_request=0xffffff45 fr.pc=0x00007ad97fa5ae04 relative=0x0000000000000444
Event: 2.976 Thread 0x0000000026150db0 Uncommon trap: reason=unstable_if action=reinterpret pc=0x00007ad97fa5ae04 method=jdk.internal.jimage.ImageStringsReader.stringFromByteBufferMatches(Ljava/nio/ByteBuffer;ILjava/lang/String;I)I @ 48 c2
Event: 2.976 Thread 0x0000000026150db0 DEOPT PACKING pc=0x00007ad97fa5ae04 sp=0x00007ffe7b304060
Event: 2.976 Thread 0x0000000026150db0 DEOPT UNPACKING pc=0x00007ad97f226619 sp=0x00007ffe7b303ff8 mode 2

Classes loaded (20 events):
Event: 5.963 Loading class java/lang/System$Logger$Level
Event: 5.963 Loading class java/lang/System$Logger$Level done
Event: 5.964 Loading class jdk/internal/logger/SurrogateLogger
Event: 5.964 Loading class jdk/internal/logger/SimpleConsoleLogger
Event: 5.964 Loading class sun/util/logging/PlatformLogger$ConfigurableBridge$LoggerConfiguration
Event: 5.964 Loading class sun/util/logging/PlatformLogger$ConfigurableBridge$LoggerConfiguration done
Event: 5.964 Loading class jdk/internal/logger/SimpleConsoleLogger done
Event: 5.964 Loading class jdk/internal/logger/SurrogateLogger done
Event: 5.965 Loading class sun/util/logging/PlatformLogger
Event: 5.965 Loading class sun/util/logging/PlatformLogger done
Event: 5.965 Loading class sun/util/logging/PlatformLogger$Level
Event: 5.965 Loading class sun/util/logging/PlatformLogger$Level done
Event: 5.966 Loading class jdk/internal/event/ThreadSleepEvent
Event: 5.966 Loading class jdk/internal/event/Event
Event: 5.966 Loading class jdk/internal/event/Event done
Event: 5.966 Loading class jdk/internal/event/ThreadSleepEvent done
Event: 5.976 Loading class java/util/WeakHashMap$KeyIterator
Event: 5.976 Loading class java/util/WeakHashMap$HashIterator
Event: 5.976 Loading class java/util/WeakHashMap$HashIterator done
Event: 5.976 Loading class java/util/WeakHashMap$KeyIterator done

Classes unloaded (0 events):
No events

Classes redefined (0 events):
No events

Internal exceptions (9 events):
Event: 0.078 Thread 0x0000000026150db0 Exception <a 'java/lang/NoSuchMethodError'{0x000000067fd03240}: 'int java.lang.invoke.DirectMethodHandle$Holder.invokeStaticInit(java.lang.Object, java.lang.Object)'> (0x000000067fd03240) 
thrown [./src/hotspot/share/interpreter/linkResolver.cpp, line 772]
Event: 0.079 Thread 0x0000000026150db0 Exception <a 'java/lang/NoSuchMethodError'{0x000000067fd09468}: 'java.lang.Object java.lang.invoke.DirectMethodHandle$Holder.invokeStaticInit(java.lang.Object, int)'> (0x000000067fd09468) 
thrown [./src/hotspot/share/interpreter/linkResolver.cpp, line 772]
Event: 0.081 Thread 0x0000000026150db0 Exception <a 'java/lang/NoSuchMethodError'{0x000000067fd138c0}: 'int java.lang.invoke.DirectMethodHandle$Holder.invokeSpecial(java.lang.Object, java.lang.Object, java.lang.Object)'> (0x000000067fd138c0) 
thrown [./src/hotspot/share/interpreter/linkResolver.cpp, line 772]
Event: 0.083 Thread 0x0000000026150db0 Exception <a 'java/lang/NoSuchMethodError'{0x000000067fd237c8}: 'java.lang.Object java.lang.invoke.DirectMethodHandle$Holder.invokeStatic(java.lang.Object, java.lang.Object, int)'> (0x000000067fd237c8) 
thrown [./src/hotspot/share/interpreter/linkResolver.cpp, line 772]
Event: 0.084 Thread 0x0000000026150db0 Exception <a 'java/lang/NoSuchMethodError'{0x000000067fd2ee88}: 'void java.lang.invoke.DelegatingMethodHandle$Holder.delegate(java.lang.Object, java.lang.Object, int, java.lang.Object)'> (0x000000067fd2ee88) 
thrown [./src/hotspot/share/interpreter/linkResolver.cpp, line 772]
Event: 0.101 Thread 0x0000000026150db0 Exception <a 'java/lang/NoSuchMethodError'{0x000000067fdcd390}: 'java.lang.Object java.lang.invoke.DirectMethodHandle$Holder.invokeInterface(java.lang.Object, java.lang.Object)'> (0x000000067fdcd390) 
thrown [./src/hotspot/share/interpreter/linkResolver.cpp, line 772]
Event: 0.101 Thread 0x0000000026150db0 Exception <a 'java/lang/IncompatibleClassChangeError'{0x000000067fdd0628}: Found class java.lang.Object, but interface was expected> (0x000000067fdd0628) 
thrown [./src/hotspot/share/interpreter/linkResolver.cpp, line 840]
Event: 0.190 Thread 0x0000000026150db0 Exception <a 'java/lang/NoSuchMethodError'{0x0000000604c5f5f8}: method resolution failed> (0x0000000604c5f5f8) 
thrown [./src/hotspot/share/prims/methodHandles.cpp, line 1144]
Event: 0.192 Thread 0x0000000026150db0 Exception <a 'java/lang/NoSuchMethodError'{0x0000000604c68a28}: 'java.lang.Object java.lang.invoke.Invokers$Holder.invokeExact_MT(java.lang.Object, java.lang.Object, java.lang.Object, java.lang.Object, java.lang.Object)'> (0x0000000604c68a28) 
thrown [./src/hotspot/share/interpreter/linkResolver.cpp, line 772]

ZGC Phase Switch (0 events):
No events

VM Operations (20 events):
Event: 0.547 Executing VM operation: G1CollectForAllocation (G1 Evacuation Pause) done
Event: 0.669 Executing VM operation: G1CollectFull (System.gc())
Event: 0.688 Executing VM operation: G1CollectFull (System.gc()) done
Event: 0.796 Executing VM operation: HandshakeAllThreads (Deoptimize)
Event: 0.796 Executing VM operation: HandshakeAllThreads (Deoptimize) done
Event: 0.904 Executing VM operation: G1CollectFull (System.gc())
Event: 0.941 Executing VM operation: G1CollectFull (System.gc()) done
Event: 1.066 Executing VM operation: HandshakeAllThreads (Deoptimize)
Event: 1.066 Executing VM operation: HandshakeAllThreads (Deoptimize) done
Event: 1.083 Executing VM operation: HandshakeAllThreads (Deoptimize)
Event: 1.083 Executing VM operation: HandshakeAllThreads (Deoptimize) done
Event: 1.556 Executing VM operation: G1CollectFull (System.gc())
Event: 1.625 Executing VM operation: G1CollectFull (System.gc()) done
Event: 2.543 Executing VM operation: G1CollectFull (System.gc())
Event: 2.603 Executing VM operation: G1CollectFull (System.gc()) done
Event: 3.603 Executing VM operation: Cleanup
Event: 3.603 Executing VM operation: Cleanup done
Event: 5.973 Executing VM operation: ThreadDump
Event: 5.973 Executing VM operation: ThreadDump done
Event: 5.978 Executing VM operation: Exit

Memory protections (20 events):
Event: 0.035 Protecting memory [0x00007ad9572d4000,0x00007ad9572d8000] with protection modes 0
Event: 0.036 Protecting memory [0x00007ad954900000,0x00007ad954904000] with protection modes 0
Event: 0.038 Protecting memory [0x00007ad901c00000,0x00007ad901c04000] with protection modes 0
Event: 0.039 Protecting memory [0x00007ad901200000,0x00007ad901204000] with protection modes 0
Event: 0.044 Protecting memory [0x00007ad954800000,0x00007ad954804000] with protection modes 0
Event: 0.044 Protecting memory [0x00007ad954700000,0x00007ad954704000] with protection modes 0
Event: 0.044 Protecting memory [0x00007ad954600000,0x00007ad954604000] with protection modes 0
Event: 0.049 Protecting memory [0x00007ad954500000,0x00007ad954504000] with protection modes 0
Event: 0.049 Protecting memory [0x00007ad954400000,0x00007ad954404000] with protection modes 0
Event: 0.087 Protecting memory [0x00007adae9a12000,0x00007adae9a13000] with protection modes 1
Event: 0.094 Protecting memory [0x00007ad900800000,0x00007ad900804000] with protection modes 0
Event: 0.445 Protecting memory [0x00007ad9004fe000,0x00007ad900502000] with protection modes 0
Event: 0.445 Protecting memory [0x00007ad9003fe000,0x00007ad900402000] with protection modes 0
Event: 0.458 Protecting memory [0x00007ad9002fe000,0x00007ad900302000] with protection modes 0
Event: 2.950 Protecting memory [0x00007ad954500000,0x00007ad954504000] with protection modes 0
Event: 2.974 Protecting memory [0x00007ad954400000,0x00007ad954404000] with protection modes 0
Event: 2.987 Protecting memory [0x00007ad9002fe000,0x00007ad900302000] with protection modes 0
Event: 3.762 Protecting memory [0x00007ad7cd194000,0x00007ad7cd198000] with protection modes 0
Event: 5.957 Protecting memory [0x00007ad74cc00000,0x00007ad74cc04000] with protection modes 0
Event: 5.966 Protecting memory [0x00007ad74c200000,0x00007ad74c204000] with protection modes 0

Nmethod flushes (20 events):
Event: 2.577 Thread 0x00000000266ddcc0 flushing  nmethod 0x00007ad977e54610
Event: 2.577 Thread 0x00000000266ddcc0 flushing  nmethod 0x00007ad977e55610
Event: 2.577 Thread 0x00000000266ddcc0 flushing  nmethod 0x00007ad977e59e10
Event: 2.577 Thread 0x00000000266ddcc0 flushing  nmethod 0x00007ad977e61d90
Event: 2.577 Thread 0x00000000266ddcc0 flushing  nmethod 0x00007ad977e6d010
Event: 2.577 Thread 0x00000000266ddcc0 flushing  nmethod 0x00007ad977e70110
Event: 2.578 Thread 0x00000000266ddcc0 flushing  nmethod 0x00007ad977e70b90
Event: 2.578 Thread 0x00000000266ddcc0 flushing  nmethod 0x00007ad977e75b10
Event: 2.578 Thread 0x00000000266ddcc0 flushing  nmethod 0x00007ad977e7e890
Event: 2.578 Thread 0x00000000266ddcc0 flushing  nmethod 0x00007ad977e97590
Event: 2.578 Thread 0x00000000266ddcc0 flushing  nmethod 0x00007ad977e9a090
Event: 2.578 Thread 0x00000000266ddcc0 flushing  nmethod 0x00007ad977ea0610
Event: 2.578 Thread 0x00000000266ddcc0 flushing  nmethod 0x00007ad977ea3c10
Event: 2.578 Thread 0x00000000266ddcc0 flushing  nmethod 0x00007ad977ea7890
Event: 2.578 Thread 0x00000000266ddcc0 flushing  nmethod 0x00007ad977eaf390
Event: 2.578 Thread 0x00000000266ddcc0 flushing  nmethod 0x00007ad977ec3610
Event: 2.578 Thread 0x00000000266ddcc0 flushing  nmethod 0x00007ad977eec890
Event: 2.578 Thread 0x00000000266ddcc0 flushing  nmethod 0x00007ad977f72a90
Event: 2.578 Thread 0x00000000266ddcc0 flushing  nmethod 0x00007ad977fa7510
Event: 2.578 Thread 0x00000000266ddcc0 flushing  nmethod 0x00007ad977fb2d90

Events (20 events):
Event: 0.458 Thread 0x00007ad8d80014f0 Thread added: 0x00007ad8cc09cf00
Event: 1.783 Thread 0x00007ad8cc09ab30 Thread exited: 0x00007ad8cc09ab30
Event: 1.783 Thread 0x00007ad8cc09cf00 Thread exited: 0x00007ad8cc09cf00
Event: 1.834 Thread 0x00007ad8e8081200 Thread exited: 0x00007ad8e8081200
Event: 2.938 Thread 0x00007ad8e807fcd0 Thread exited: 0x00007ad8e807fcd0
Event: 2.950 Thread 0x00007ad8dc044b10 Thread added: 0x00007ad8d8028b30
Event: 2.974 Thread 0x00007ad8cc099380 Thread added: 0x00007ad8a4135c40
Event: 2.987 Thread 0x00000000266eda00 Thread added: 0x00007ad8e807fc20
Event: 3.139 Thread 0x00007ad8e807fc20 Thread exited: 0x00007ad8e807fc20
Event: 3.762 Thread 0x00007ad7c403afa0 Thread added: 0x00007ad7c403afa0
Event: 5.957 Thread 0x00000000266e8c10 Thread added: 0x00007ad8ec009110
Event: 5.959 Thread 0x00007ad8cc099380 Thread exited: 0x00007ad8cc099380
Event: 5.959 Thread 0x00007ad8d8028b30 Thread exited: 0x00007ad8d8028b30
Event: 5.959 Thread 0x00007ad8a4135c40 Thread exited: 0x00007ad8a4135c40
Event: 5.966 Thread 0x00007ad8ec009110 Thread added: 0x00007ad644012700
Event: 5.974 Thread 0x0000000026762180 Thread exited: 0x0000000026762180
Event: 5.975 Thread 0x00007ad8d80029b0 Thread exited: 0x00007ad8d80029b0
Event: 5.976 Thread 0x00007ad644012700 Thread exited: 0x00007ad644012700
Event: 5.976 Thread 0x00007ad8ec009110 Before exit entered
Event: 5.977 Thread 0x00000000266e8c10 Thread exited: 0x00000000266e8c10


Dynamic libraries:
00400000-00420000 r--p 00000000 08:05 8391364                            /usr/bin/python3.12
00420000-00703000 r-xp 00020000 08:05 8391364                            /usr/bin/python3.12
00703000-00a28000 r--p 00303000 08:05 8391364                            /usr/bin/python3.12
00a28000-00a29000 r--p 00627000 08:05 8391364                            /usr/bin/python3.12
00a29000-00ba7000 rw-p 00628000 08:05 8391364                            /usr/bin/python3.12
00ba7000-00bab000 rw-p 00000000 00:00 0 
23142000-2d380000 rw-p 00000000 00:00 0                                  [heap]
600000000-604400000 rw-p 00000000 00:00 0 
604400000-800000000 ---p 00000000 00:00 0 
7ad640000000-7ad640025000 rw-p 00000000 00:00 0 
7ad640025000-7ad644000000 ---p 00000000 00:00 0 
7ad644000000-7ad644021000 rw-p 00000000 00:00 0 
7ad644021000-7ad648000000 ---p 00000000 00:00 0 
7ad648000000-7ad648021000 rw-p 00000000 00:00 0 
7ad648021000-7ad64c000000 ---p 00000000 00:00 0 
7ad650000000-7ad650021000 rw-p 00000000 00:00 0 
7ad650021000-7ad654000000 ---p 00000000 00:00 0 
7ad658000000-7ad658021000 rw-p 00000000 00:00 0 
7ad658021000-7ad65c000000 ---p 00000000 00:00 0 
7ad660000000-7ad660021000 rw-p 00000000 00:00 0 
7ad660021000-7ad664000000 ---p 00000000 00:00 0 
7ad668000000-7ad668091000 rw-p 00000000 00:00 0 
7ad668091000-7ad66c000000 ---p 00000000 00:00 0 
7ad670000000-7ad670021000 rw-p 00000000 00:00 0 
7ad670021000-7ad674000000 ---p 00000000 00:00 0 
7ad678000000-7ad678021000 rw-p 00000000 00:00 0 
7ad678021000-7ad67c000000 ---p 00000000 00:00 0 
7ad680000000-7ad680021000 rw-p 00000000 00:00 0 
7ad680021000-7ad684000000 ---p 00000000 00:00 0 
7ad688000000-7ad6882ca000 rw-p 00000000 00:00 0 
7ad6882ca000-7ad68c000000 ---p 00000000 00:00 0 
7ad690000000-7ad690291000 rw-p 00000000 00:00 0 
7ad690291000-7ad694000000 ---p 00000000 00:00 0 
7ad698000000-7ad698021000 rw-p 00000000 00:00 0 
7ad698021000-7ad69c000000 ---p 00000000 00:00 0 
7ad6a0000000-7ad6a0088000 rw-p 00000000 00:00 0 
7ad6a0088000-7ad6a4000000 ---p 00000000 00:00 0 
7ad6a8000000-7ad6a8091000 rw-p 00000000 00:00 0 
7ad6a8091000-7ad6ac000000 ---p 00000000 00:00 0 
7ad6b0000000-7ad6b0291000 rw-p 00000000 00:00 0 
7ad6b0291000-7ad6b4000000 ---p 00000000 00:00 0 
7ad6b8000000-7ad6b8021000 rw-p 00000000 00:00 0 
7ad6b8021000-7ad6bc000000 ---p 00000000 00:00 0 
7ad6c0000000-7ad6c0021000 rw-p 00000000 00:00 0 
7ad6c0021000-7ad6c4000000 ---p 00000000 00:00 0 
7ad6c8000000-7ad6c8021000 rw-p 00000000 00:00 0 
7ad6c8021000-7ad6cc000000 ---p 00000000 00:00 0 
7ad6d0000000-7ad6d0291000 rw-p 00000000 00:00 0 
7ad6d0291000-7ad6d4000000 ---p 00000000 00:00 0 
7ad6d8000000-7ad6d8021000 rw-p 00000000 00:00 0 
7ad6d8021000-7ad6dc000000 ---p 00000000 00:00 0 
7ad6e0000000-7ad6e0021000 rw-p 00000000 00:00 0 
7ad6e0021000-7ad6e4000000 ---p 00000000 00:00 0 
7ad6e8000000-7ad6e81b1000 rw-p 00000000 00:00 0 
7ad6e81b1000-7ad6ec000000 ---p 00000000 00:00 0 
7ad6f0000000-7ad6f0021000 rw-p 00000000 00:00 0 
7ad6f0021000-7ad6f4000000 ---p 00000000 00:00 0 
7ad6f8000000-7ad6f8021000 rw-p 00000000 00:00 0 
7ad6f8021000-7ad6fc000000 ---p 00000000 00:00 0 
7ad700000000-7ad700021000 rw-p 00000000 00:00 0 
7ad700021000-7ad704000000 ---p 00000000 00:00 0 
7ad708000000-7ad708087000 rw-p 00000000 00:00 0 
7ad708087000-7ad70c000000 ---p 00000000 00:00 0 
7ad710000000-7ad710021000 rw-p 00000000 00:00 0 
7ad710021000-7ad714000000 ---p 00000000 00:00 0 
7ad718000000-7ad718021000 rw-p 00000000 00:00 0 
7ad718021000-7ad71c000000 ---p 00000000 00:00 0 
7ad720000000-7ad720021000 rw-p 00000000 00:00 0 
7ad720021000-7ad724000000 ---p 00000000 00:00 0 
7ad728000000-7ad728021000 rw-p 00000000 00:00 0 
7ad728021000-7ad72c000000 ---p 00000000 00:00 0 
7ad730000000-7ad730021000 rw-p 00000000 00:00 0 
7ad730021000-7ad734000000 ---p 00000000 00:00 0 
7ad738000000-7ad738021000 rw-p 00000000 00:00 0 
7ad738021000-7ad73c000000 ---p 00000000 00:00 0 
7ad740000000-7ad740026000 rw-p 00000000 00:00 0 
7ad740026000-7ad744000000 ---p 00000000 00:00 0 
7ad748000000-7ad748021000 rw-p 00000000 00:00 0 
7ad748021000-7ad74c000000 ---p 00000000 00:00 0 
7ad74cc00000-7ad74cc04000 ---p 00000000 00:00 0 
7ad74cc04000-7ad74d600000 rw-p 00000000 00:00 0 
7ad74effe000-7ad74efff000 ---p 00000000 00:00 0 
7ad74efff000-7ad74f7ff000 rw-p 00000000 00:00 0 
7ad74f7ff000-7ad74f800000 ---p 00000000 00:00 0 
7ad74f800000-7ad750000000 rw-p 00000000 00:00 0 
7ad750000000-7ad750021000 rw-p 00000000 00:00 0 
7ad750021000-7ad754000000 ---p 00000000 00:00 0 
7ad7547f9000-7ad7547fa000 ---p 00000000 00:00 0 
7ad7547fa000-7ad754ffa000 rw-p 00000000 00:00 0 
7ad754ffa000-7ad754ffb000 ---p 00000000 00:00 0 
7ad754ffb000-7ad7557fb000 rw-p 00000000 00:00 0 
7ad7557fb000-7ad7557fc000 ---p 00000000 00:00 0 
7ad7557fc000-7ad755ffc000 rw-p 00000000 00:00 0 
7ad755ffc000-7ad755ffd000 ---p 00000000 00:00 0 
7ad755ffd000-7ad7567fd000 rw-p 00000000 00:00 0 
7ad7567fd000-7ad7567fe000 ---p 00000000 00:00 0 
7ad7567fe000-7ad756ffe000 rw-p 00000000 00:00 0 
7ad756ffe000-7ad756fff000 ---p 00000000 00:00 0 
7ad756fff000-7ad7577ff000 rw-p 00000000 00:00 0 
7ad7577ff000-7ad757800000 ---p 00000000 00:00 0 
7ad757800000-7ad758000000 rw-p 00000000 00:00 0 
7ad758000000-7ad758021000 rw-p 00000000 00:00 0 
7ad758021000-7ad75c000000 ---p 00000000 00:00 0 
7ad75c7f9000-7ad75c7fa000 ---p 00000000 00:00 0 
7ad75c7fa000-7ad75cffa000 rw-p 00000000 00:00 0 
7ad75cffa000-7ad75cffb000 ---p 00000000 00:00 0 
7ad75cffb000-7ad75d7fb000 rw-p 00000000 00:00 0 
7ad75d7fb000-7ad75d7fc000 ---p 00000000 00:00 0 
7ad75d7fc000-7ad75dffc000 rw-p 00000000 00:00 0 
7ad75dffc000-7ad75dffd000 ---p 00000000 00:00 0 
7ad75dffd000-7ad75e7fd000 rw-p 00000000 00:00 0 
7ad75e7fd000-7ad75e7fe000 ---p 00000000 00:00 0 
7ad75e7fe000-7ad75effe000 rw-p 00000000 00:00 0 
7ad75effe000-7ad75efff000 ---p 00000000 00:00 0 
7ad75efff000-7ad75f7ff000 rw-p 00000000 00:00 0 
7ad75f7ff000-7ad75f800000 ---p 00000000 00:00 0 
7ad75f800000-7ad760000000 rw-p 00000000 00:00 0 
7ad760000000-7ad760021000 rw-p 00000000 00:00 0 
7ad760021000-7ad764000000 ---p 00000000 00:00 0 
7ad764000000-7ad764024000 rw-p 00000000 00:00 0 
7ad764024000-7ad768000000 ---p 00000000 00:00 0 
7ad768000000-7ad768021000 rw-p 00000000 00:00 0 
7ad768021000-7ad76c000000 ---p 00000000 00:00 0 
7ad76c7f9000-7ad76c7fa000 ---p 00000000 00:00 0 
7ad76c7fa000-7ad76cffa000 rw-p 00000000 00:00 0 
7ad76cffa000-7ad76cffb000 ---p 00000000 00:00 0 
7ad76cffb000-7ad76d7fb000 rw-p 00000000 00:00 0 
7ad76d7fb000-7ad76d7fc000 ---p 00000000 00:00 0 
7ad76d7fc000-7ad76dffc000 rw-p 00000000 00:00 0 
7ad76dffc000-7ad76dffd000 ---p 00000000 00:00 0 
7ad76dffd000-7ad76e7fd000 rw-p 00000000 00:00 0 
7ad76e7fd000-7ad76e7fe000 ---p 00000000 00:00 0 
7ad76e7fe000-7ad76effe000 rw-p 00000000 00:00 0 
7ad76effe000-7ad76efff000 ---p 00000000 00:00 0 
7ad76efff000-7ad76f7ff000 rw-p 00000000 00:00 0 
7ad76f7ff000-7ad76f800000 ---p 00000000 00:00 0 
7ad76f800000-7ad770000000 rw-p 00000000 00:00 0 
7ad770000000-7ad770021000 rw-p 00000000 00:00 0 
7ad770021000-7ad774000000 ---p 00000000 00:00 0 
7ad7747f9000-7ad7747fa000 ---p 00000000 00:00 0 
7ad7747fa000-7ad774ffa000 rw-p 00000000 00:00 0 
7ad774ffa000-7ad774ffb000 ---p 00000000 00:00 0 
7ad774ffb000-7ad7757fb000 rw-p 00000000 00:00 0 
7ad7757fb000-7ad7757fc000 ---p 00000000 00:00 0 
7ad7757fc000-7ad775ffc000 rw-p 00000000 00:00 0 
7ad775ffc000-7ad775ffd000 ---p 00000000 00:00 0 
7ad775ffd000-7ad7767fd000 rw-p 00000000 00:00 0 
7ad7767fd000-7ad7767fe000 ---p 00000000 00:00 0 
7ad7767fe000-7ad776ffe000 rw-p 00000000 00:00 0 
7ad776ffe000-7ad776fff000 ---p 00000000 00:00 0 
7ad776fff000-7ad7777ff000 rw-p 00000000 00:00 0 
7ad7777ff000-7ad777800000 ---p 00000000 00:00 0 
7ad777800000-7ad778000000 rw-p 00000000 00:00 0 
7ad778000000-7ad778086000 rw-p 00000000 00:00 0 
7ad778086000-7ad77c000000 ---p 00000000 00:00 0 
7ad77c7f9000-7ad77c7fa000 ---p 00000000 00:00 0 
7ad77c7fa000-7ad77cffa000 rw-p 00000000 00:00 0 
7ad77cffa000-7ad77cffb000 ---p 00000000 00:00 0 
7ad77cffb000-7ad77d7fb000 rw-p 00000000 00:00 0 
7ad77d7fb000-7ad77d7fc000 ---p 00000000 00:00 0 
7ad77d7fc000-7ad77dffc000 rw-p 00000000 00:00 0 
7ad77dffc000-7ad77dffd000 ---p 00000000 00:00 0 
7ad77dffd000-7ad77e7fd000 rw-p 00000000 00:00 0 
7ad77e7fd000-7ad77e7fe000 ---p 00000000 00:00 0 
7ad77e7fe000-7ad77effe000 rw-p 00000000 00:00 0 
7ad77effe000-7ad77efff000 ---p 00000000 00:00 0 
7ad77efff000-7ad77f7ff000 rw-p 00000000 00:00 0 
7ad77f7ff000-7ad77f800000 ---p 00000000 00:00 0 
7ad77f800000-7ad780000000 rw-p 00000000 00:00 0 
7ad780000000-7ad780087000 rw-p 00000000 00:00 0 
7ad780087000-7ad784000000 ---p 00000000 00:00 0 
7ad7847f9000-7ad7847fa000 ---p 00000000 00:00 0 
7ad7847fa000-7ad784ffa000 rw-p 00000000 00:00 0 
7ad784ffa000-7ad784ffb000 ---p 00000000 00:00 0 
7ad784ffb000-7ad7857fb000 rw-p 00000000 00:00 0 
7ad7857fb000-7ad7857fc000 ---p 00000000 00:00 0 
7ad7857fc000-7ad785ffc000 rw-p 00000000 00:00 0 
7ad785ffc000-7ad785ffd000 ---p 00000000 00:00 0 
7ad785ffd000-7ad7867fd000 rw-p 00000000 00:00 0 
7ad7867fd000-7ad7867fe000 ---p 00000000 00:00 0 
7ad7867fe000-7ad786ffe000 rw-p 00000000 00:00 0 
7ad786ffe000-7ad786fff000 ---p 00000000 00:00 0 
7ad786fff000-7ad7877ff000 rw-p 00000000 00:00 0 
7ad7877ff000-7ad787800000 ---p 00000000 00:00 0 
7ad787800000-7ad788000000 rw-p 00000000 00:00 0 
7ad788000000-7ad788291000 rw-p 00000000 00:00 0 
7ad788291000-7ad78c000000 ---p 00000000 00:00 0 
7ad78c000000-7ad78c291000 rw-p 00000000 00:00 0 
7ad78c291000-7ad790000000 ---p 00000000 00:00 0 
7ad790000000-7ad790084000 rw-p 00000000 00:00 0 
7ad790084000-7ad794000000 ---p 00000000 00:00 0 
7ad794000000-7ad794021000 rw-p 00000000 00:00 0 
7ad794021000-7ad798000000 ---p 00000000 00:00 0 
7ad798000000-7ad798021000 rw-p 00000000 00:00 0 
7ad798021000-7ad79c000000 ---p 00000000 00:00 0 
7ad79c600000-7ad79e600000 rw-p 00000000 00:00 0 
7ad79e7d1000-7ad79e7d2000 ---p 00000000 00:00 0 
7ad79e7d2000-7ad79efd2000 rw-p 00000000 00:00 0 
7ad79efd2000-7ad79efd3000 ---p 00000000 00:00 0 
7ad79efd3000-7ad79f7d3000 rw-p 00000000 00:00 0 
7ad79f7d3000-7ad79f7d4000 ---p 00000000 00:00 0 
7ad79f7d4000-7ad79ffd4000 rw-p 00000000 00:00 0 
7ad79ffd4000-7ad79ffd5000 ---p 00000000 00:00 0 
7ad79ffd5000-7ad7a07d5000 rw-p 00000000 00:00 0 
7ad7a07d5000-7ad7a07d6000 ---p 00000000 00:00 0 
7ad7a07d6000-7ad7a0fd6000 rw-p 00000000 00:00 0 
7ad7a0fd6000-7ad7a0fd7000 ---p 00000000 00:00 0 
7ad7a0fd7000-7ad7a17d7000 rw-p 00000000 00:00 0 
7ad7a17d7000-7ad7a17d8000 ---p 00000000 00:00 0 
7ad7a17d8000-7ad7a1fd8000 rw-p 00000000 00:00 0 
7ad7a1fd8000-7ad7a1fd9000 ---p 00000000 00:00 0 
7ad7a1fd9000-7ad7a27d9000 rw-p 00000000 00:00 0 
7ad7a27d9000-7ad7a27da000 ---p 00000000 00:00 0 
7ad7a27da000-7ad7a2fda000 rw-p 00000000 00:00 0 
7ad7a2fda000-7ad7a2fdb000 ---p 00000000 00:00 0 
7ad7a2fdb000-7ad7a37db000 rw-p 00000000 00:00 0 
7ad7a37db000-7ad7a37dc000 ---p 00000000 00:00 0 
7ad7a37dc000-7ad7a3fdc000 rw-p 00000000 00:00 0 
7ad7a3fdc000-7ad7a3fdd000 ---p 00000000 00:00 0 
7ad7a3fdd000-7ad7a47dd000 rw-p 00000000 00:00 0 
7ad7a47dd000-7ad7a47de000 ---p 00000000 00:00 0 
7ad7a47de000-7ad7a4fde000 rw-p 00000000 00:00 0 
7ad7a4fde000-7ad7a4fdf000 ---p 00000000 00:00 0 
7ad7a4fdf000-7ad7a57df000 rw-p 00000000 00:00 0 
7ad7a57df000-7ad7a57e0000 ---p 00000000 00:00 0 
7ad7a57e0000-7ad7a5fe0000 rw-p 00000000 00:00 0 
7ad7a5fe0000-7ad7a5fe1000 ---p 00000000 00:00 0 
7ad7a5fe1000-7ad7a67e1000 rw-p 00000000 00:00 0 
7ad7a67e1000-7ad7a67e2000 ---p 00000000 00:00 0 
7ad7a67e2000-7ad7a6fe2000 rw-p 00000000 00:00 0 
7ad7a6fe2000-7ad7a6fe3000 ---p 00000000 00:00 0 
7ad7a6fe3000-7ad7a77e3000 rw-p 00000000 00:00 0 
7ad7a77e3000-7ad7a77e4000 ---p 00000000 00:00 0 
7ad7a77e4000-7ad7a7fe4000 rw-p 00000000 00:00 0 
7ad7a7fe4000-7ad7a7fe5000 ---p 00000000 00:00 0 
7ad7a7fe5000-7ad7a87e5000 rw-p 00000000 00:00 0 
7ad7a87e5000-7ad7a87e6000 ---p 00000000 00:00 0 
7ad7a87e6000-7ad7a8fe6000 rw-p 00000000 00:00 0 
7ad7a8fe6000-7ad7a8fe7000 ---p 00000000 00:00 0 
7ad7a8fe7000-7ad7a97e7000 rw-p 00000000 00:00 0 
7ad7a97e7000-7ad7a97e8000 ---p 00000000 00:00 0 
7ad7a97e8000-7ad7a9fe8000 rw-p 00000000 00:00 0 
7ad7a9fe8000-7ad7a9fe9000 ---p 00000000 00:00 0 
7ad7a9fe9000-7ad7aa7e9000 rw-p 00000000 00:00 0 
7ad7aa7e9000-7ad7aa7ea000 ---p 00000000 00:00 0 
7ad7aa7ea000-7ad7aafea000 rw-p 00000000 00:00 0 
7ad7aafea000-7ad7aafeb000 ---p 00000000 00:00 0 
7ad7aafeb000-7ad7ab7eb000 rw-p 00000000 00:00 0 
7ad7ab7eb000-7ad7ab7ec000 ---p 00000000 00:00 0 
7ad7ab7ec000-7ad7abfec000 rw-p 00000000 00:00 0 
7ad7abfec000-7ad7abfed000 ---p 00000000 00:00 0 
7ad7abfed000-7ad7ac7ed000 rw-p 00000000 00:00 0 
7ad7ac7ed000-7ad7ac7ee000 ---p 00000000 00:00 0 
7ad7ac7ee000-7ad7acfee000 rw-p 00000000 00:00 0 
7ad7acfee000-7ad7acfef000 ---p 00000000 00:00 0 
7ad7acfef000-7ad7ad7ef000 rw-p 00000000 00:00 0 
7ad7ad7ef000-7ad7ad7f0000 ---p 00000000 00:00 0 
7ad7ad7f0000-7ad7adff0000 rw-p 00000000 00:00 0 
7ad7adff0000-7ad7adff1000 ---p 00000000 00:00 0 
7ad7adff1000-7ad7ae7f1000 rw-p 00000000 00:00 0 
7ad7ae7f1000-7ad7ae7f2000 ---p 00000000 00:00 0 
7ad7ae7f2000-7ad7aeff2000 rw-p 00000000 00:00 0 
7ad7aeff2000-7ad7aeff3000 ---p 00000000 00:00 0 
7ad7aeff3000-7ad7af7f3000 rw-p 00000000 00:00 0 
7ad7af7f3000-7ad7af7f4000 ---p 00000000 00:00 0 
7ad7af7f4000-7ad7afff4000 rw-p 00000000 00:00 0 
7ad7afff4000-7ad7afff5000 ---p 00000000 00:00 0 
7ad7afff5000-7ad7b07f5000 rw-p 00000000 00:00 0 
7ad7b07f5000-7ad7b07f6000 ---p 00000000 00:00 0 
7ad7b07f6000-7ad7b0ff6000 rw-p 00000000 00:00 0 
7ad7b0ff6000-7ad7b0ff7000 ---p 00000000 00:00 0 
7ad7b0ff7000-7ad7b17f7000 rw-p 00000000 00:00 0 
7ad7b17f7000-7ad7b17f8000 ---p 00000000 00:00 0 
7ad7b17f8000-7ad7b1ff8000 rw-p 00000000 00:00 0 
7ad7b1ff8000-7ad7b1ff9000 ---p 00000000 00:00 0 
7ad7b1ff9000-7ad7b27f9000 rw-p 00000000 00:00 0 
7ad7b27f9000-7ad7b27fa000 ---p 00000000 00:00 0 
7ad7b27fa000-7ad7b2ffa000 rw-p 00000000 00:00 0 
7ad7b2ffa000-7ad7b2ffb000 ---p 00000000 00:00 0 
7ad7b2ffb000-7ad7b37fb000 rw-p 00000000 00:00 0 
7ad7b37fb000-7ad7b37fc000 ---p 00000000 00:00 0 
7ad7b37fc000-7ad7b3ffc000 rw-p 00000000 00:00 0 
7ad7b3ffc000-7ad7b3ffd000 ---p 00000000 00:00 0 
7ad7b3ffd000-7ad7b47fd000 rw-p 00000000 00:00 0 
7ad7b47fd000-7ad7b47fe000 ---p 00000000 00:00 0 
7ad7b47fe000-7ad7b4ffe000 rw-p 00000000 00:00 0 
7ad7b4ffe000-7ad7b4fff000 ---p 00000000 00:00 0 
7ad7b4fff000-7ad7b57ff000 rw-p 00000000 00:00 0 
7ad7b57ff000-7ad7b5800000 ---p 00000000 00:00 0 
7ad7b5800000-7ad7b6000000 rw-p 00000000 00:00 0 
7ad7b6000000-7ad7b8000000 rw-p 00000000 00:00 0 
7ad7b8000000-7ad7b8092000 rw-p 00000000 00:00 0 
7ad7b8092000-7ad7bc000000 ---p 00000000 00:00 0 
7ad7bc000000-7ad7bc021000 rw-p 00000000 00:00 0 
7ad7bc021000-7ad7c0000000 ---p 00000000 00:00 0 
7ad7c0000000-7ad7c0021000 rw-p 00000000 00:00 0 
7ad7c0021000-7ad7c4000000 ---p 00000000 00:00 0 
7ad7c4000000-7ad7c41c8000 rw-p 00000000 00:00 0 
7ad7c41c8000-7ad7c8000000 ---p 00000000 00:00 0 
7ad7c8000000-7ad7c809f000 rw-p 00000000 00:00 0 
7ad7c809f000-7ad7cc000000 ---p 00000000 00:00 0 
7ad7cc191000-7ad7cc192000 ---p 00000000 00:00 0 
7ad7cc192000-7ad7cc992000 rw-p 00000000 00:00 0 
7ad7cc992000-7ad7cc993000 ---p 00000000 00:00 0 
7ad7cc993000-7ad7cd193000 rw-p 00000000 00:00 0 
7ad7cd193000-7ad7cd194000 ---p 00000000 00:00 0 
7ad7cd194000-7ad7cd994000 rw-p 00000000 00:00 0 
7ad7cd994000-7ad7cd995000 ---p 00000000 00:00 0 
7ad7cd995000-7ad7ce195000 rw-p 00000000 00:00 0 
7ad7ce195000-7ad7ce196000 ---p 00000000 00:00 0 
7ad7ce196000-7ad7ce996000 rw-p 00000000 00:00 0 
7ad7ce996000-7ad7ce997000 ---p 00000000 00:00 0 
7ad7ce997000-7ad7cf197000 rw-p 00000000 00:00 0 
7ad7cf197000-7ad7cf198000 ---p 00000000 00:00 0 
7ad7cf198000-7ad7cf998000 rw-p 00000000 00:00 0 
7ad7cf998000-7ad7d0498000 rw-p 00000000 00:00 0 
7ad7d0598000-7ad7d0a98000 rw-p 00000000 00:00 0 
7ad7d0a98000-7ad7d0ab8000 r--p 00000000 08:05 8388653                    /usr/lib/x86_64-linux-gnu/libsqlite3.so.0.8.6
7ad7d0ab8000-7ad7d0bc3000 r-xp 00020000 08:05 8388653                    /usr/lib/x86_64-linux-gnu/libsqlite3.so.0.8.6
7ad7d0bc3000-7ad7d0bf7000 r--p 0012b000 08:05 8388653                    /usr/lib/x86_64-linux-gnu/libsqlite3.so.0.8.6
7ad7d0bf7000-7ad7d0bfb000 r--p 0015e000 08:05 8388653                    /usr/lib/x86_64-linux-gnu/libsqlite3.so.0.8.6
7ad7d0bfb000-7ad7d0bff000 rw-p 00162000 08:05 8388653                    /usr/lib/x86_64-linux-gnu/libsqlite3.so.0.8.6
7ad7d0bff000-7ad7d2c00000 rw-p 00000000 00:00 0 
7ad7d2c00000-7ad7d2ce1000 r--p 00000000 08:05 8393159                    /usr/lib/x86_64-linux-gnu/libcuda.so.535.230.02
7ad7d2ce1000-7ad7d3201000 r-xp 000e1000 08:05 8393159                    /usr/lib/x86_64-linux-gnu/libcuda.so.535.230.02
7ad7d3201000-7ad7d46e8000 r--p 00601000 08:05 8393159                    /usr/lib/x86_64-linux-gnu/libcuda.so.535.230.02
7ad7d46e8000-7ad7d4701000 r--p 01ae7000 08:05 8393159                    /usr/lib/x86_64-linux-gnu/libcuda.so.535.230.02
7ad7d4701000-7ad7d4807000 rw-p 01b00000 08:05 8393159                    /usr/lib/x86_64-linux-gnu/libcuda.so.535.230.02
7ad7d4807000-7ad7d486e000 rw-p 00000000 00:00 0 
7ad7d4900000-7ad7d4a00000 rw-p 00000000 00:00 0 
7ad7d4a00000-7ad7e3ee3000 r-xp 00000000 fc:00 35412103                   /home/henriqueramos_qs/meta-learning-concept-drift/.venv/lib/python3.12/site-packages/nvidia/nccl/lib/libnccl.so.2
7ad7e3ee3000-7ad7e40e3000 ---p 0f4e3000 fc:00 35412103                   /home/henriqueramos_qs/meta-learning-concept-drift/.venv/lib/python3.12/site-packages/nvidia/nccl/lib/libnccl.so.2
7ad7e40e3000-7ad7e40ed000 r--p 0f4e3000 fc:00 35412103                   /home/henriqueramos_qs/meta-learning-concept-drift/.venv/lib/python3.12/site-packages/nvidia/nccl/lib/libnccl.so.2
7ad7e40ed000-7ad7e4100000 rw-p 0f4ed000 fc:00 35412103                   /home/henriqueramos_qs/meta-learning-concept-drift/.venv/lib/python3.12/site-packages/nvidia/nccl/lib/libnccl.so.2
7ad7e4100000-7ad7e4132000 rw-p 00000000 00:00 0 
7ad7e4200000-7ad7fda69000 r-xp 00000000 fc:00 35412387                   /home/henriqueramos_qs/meta-learning-concept-drift/.venv/lib/python3.12/site-packages/nvidia/cublas/lib/libcublasLt.so.12
7ad7fda69000-7ad7fdc69000 ---p 19869000 fc:00 35412387                   /home/henriqueramos_qs/meta-learning-concept-drift/.venv/lib/python3.12/site-packages/nvidia/cublas/lib/libcublasLt.so.12
7ad7fdc69000-7ad7fdea7000 r--p 19869000 fc:00 35412387                   /home/henriqueramos_qs/meta-learning-concept-drift/.venv/lib/python3.12/site-packages/nvidia/cublas/lib/libcublasLt.so.12
7ad7fdea7000-7ad80185b000 rw-p 19aa7000 fc:00 35412387                   /home/henriqueramos_qs/meta-learning-concept-drift/.venv/lib/python3.12/site-packages/nvidia/cublas/lib/libcublasLt.so.12
7ad80185b000-7ad805a2c000 rw-p 00000000 00:00 0 
7ad805b00000-7ad805c00000 rw-p 00000000 00:00 0 
7ad805c00000-7ad80c328000 r-xp 00000000 fc:00 35412386                   /home/henriqueramos_qs/meta-learning-concept-drift/.venv/lib/python3.12/site-packages/nvidia/cublas/lib/libcublas.so.12
7ad80c328000-7ad80c528000 ---p 06728000 fc:00 35412386                   /home/henriqueramos_qs/meta-learning-concept-drift/.venv/lib/python3.12/site-packages/nvidia/cublas/lib/libcublas.so.12
7ad80c528000-7ad80c534000 r--p 06728000 fc:00 35412386                   /home/henriqueramos_qs/meta-learning-concept-drift/.venv/lib/python3.12/site-packages/nvidia/cublas/lib/libcublas.so.12
7ad80c534000-7ad80c53b000 rw-p 06734000 fc:00 35412386                   /home/henriqueramos_qs/meta-learning-concept-drift/.venv/lib/python3.12/site-packages/nvidia/cublas/lib/libcublas.so.12
7ad80c53b000-7ad80c547000 rw-p 00000000 00:00 0 
7ad80c600000-7ad810dcf000 r-xp 00000000 fc:00 35412140                   /home/henriqueramos_qs/meta-learning-concept-drift/.venv/lib/python3.12/site-packages/nvidia/curand/lib/libcurand.so.10
7ad810dcf000-7ad810fcf000 ---p 047cf000 fc:00 35412140                   /home/henriqueramos_qs/meta-learning-concept-drift/.venv/lib/python3.12/site-packages/nvidia/curand/lib/libcurand.so.10
7ad810fcf000-7ad810fd5000 r--p 047cf000 fc:00 35412140                   /home/henriqueramos_qs/meta-learning-concept-drift/.venv/lib/python3.12/site-packages/nvidia/curand/lib/libcurand.so.10
7ad810fd5000-7ad812401000 rw-p 047d5000 fc:00 35412140                   /home/henriqueramos_qs/meta-learning-concept-drift/.venv/lib/python3.12/site-packages/nvidia/curand/lib/libcurand.so.10
7ad812401000-7ad812a39000 rw-p 00000000 00:00 0 
7ad812b00000-7ad812c00000 rw-p 00000000 00:00 0 
7ad812c00000-7ad81317a000 r-xp 00000000 fc:00 35414327                   /home/henriqueramos_qs/meta-learning-concept-drift/.venv/lib/python3.12/site-packages/nvidia/cufft/lib/libcufft.so.11
7ad81317a000-7ad813379000 ---p 0057a000 fc:00 35414327                   /home/henriqueramos_qs/meta-learning-concept-drift/.venv/lib/python3.12/site-packages/nvidia/cufft/lib/libcufft.so.11
7ad813379000-7ad813386000 r--p 00579000 fc:00 35414327                   /home/henriqueramos_qs/meta-learning-concept-drift/.venv/lib/python3.12/site-packages/nvidia/cufft/lib/libcufft.so.11
7ad813386000-7ad823763000 rw-p 00586000 fc:00 35414327                   /home/henriqueramos_qs/meta-learning-concept-drift/.venv/lib/python3.12/site-packages/nvidia/cufft/lib/libcufft.so.11
7ad823763000-7ad823aaa000 rw-p 00000000 00:00 0 
7ad823aaa000-7ad823c00000 ---p 10eaa000 fc:00 35414327                   /home/henriqueramos_qs/meta-learning-concept-drift/.venv/lib/python3.12/site-packages/nvidia/cufft/lib/libcufft.so.11
7ad823c00000-7ad823c01000 rw-p 10a00000 fc:00 35414327                   /home/henriqueramos_qs/meta-learning-concept-drift/.venv/lib/python3.12/site-packages/nvidia/cufft/lib/libcufft.so.11
7ad823d00000-7ad823e00000 rw-p 00000000 00:00 0 
7ad823e00000-7ad8355ba000 r-xp 00000000 fc:00 35414303                   /home/henriqueramos_qs/meta-learning-concept-drift/.venv/lib/python3.12/site-packages/nvidia/cusparse/lib/libcusparse.so.12
7ad8355ba000-7ad8357ba000 ---p 117ba000 fc:00 35414303                   /home/henriqueramos_qs/meta-learning-concept-drift/.venv/lib/python3.12/site-packages/nvidia/cusparse/lib/libcusparse.so.12
7ad8357ba000-7ad8357c9000 r--p 117ba000 fc:00 35414303                   /home/henriqueramos_qs/meta-learning-concept-drift/.venv/lib/python3.12/site-packages/nvidia/cusparse/lib/libcusparse.so.12
7ad8357c9000-7ad8357e5000 rw-p 117c9000 fc:00 35414303                   /home/henriqueramos_qs/meta-learning-concept-drift/.venv/lib/python3.12/site-packages/nvidia/cusparse/lib/libcusparse.so.12
7ad8357e5000-7ad8357ea000 rw-p 00000000 00:00 0 
7ad8357ea000-7ad835800000 ---p 119ea000 fc:00 35414303                   /home/henriqueramos_qs/meta-learning-concept-drift/.venv/lib/python3.12/site-packages/nvidia/cusparse/lib/libcusparse.so.12
7ad835800000-7ad835805000 rw-p 11800000 fc:00 35414303                   /home/henriqueramos_qs/meta-learning-concept-drift/.venv/lib/python3.12/site-packages/nvidia/cusparse/lib/libcusparse.so.12
7ad835900000-7ad835a00000 rw-p 00000000 00:00 0 
7ad835a00000-7ad835abb000 r--p 00000000 fc:00 35412357                   /home/henriqueramos_qs/meta-learning-concept-drift/.venv/lib/python3.12/site-packages/nvidia/cuda_cupti/lib/libcupti.so.12
7ad835abb000-7ad835f58000 r-xp 000bb000 fc:00 35412357                   /home/henriqueramos_qs/meta-learning-concept-drift/.venv/lib/python3.12/site-packages/nvidia/cuda_cupti/lib/libcupti.so.12
7ad835f58000-7ad8360af000 r--p 00558000 fc:00 35412357                   /home/henriqueramos_qs/meta-learning-concept-drift/.venv/lib/python3.12/site-packages/nvidia/cuda_cupti/lib/libcupti.so.12
7ad8360af000-7ad8360fc000 r--p 006ae000 fc:00 35412357                   /home/henriqueramos_qs/meta-learning-concept-drift/.venv/lib/python3.12/site-packages/nvidia/cuda_cupti/lib/libcupti.so.12
7ad8360fc000-7ad8361b3000 rw-p 006fb000 fc:00 35412357                   /home/henriqueramos_qs/meta-learning-concept-drift/.venv/lib/python3.12/site-packages/nvidia/cuda_cupti/lib/libcupti.so.12
7ad8361b3000-7ad8361f4000 rw-p 00000000 00:00 0 
7ad836200000-7ad83622e000 r--p 00000000 fc:00 35412161                   /home/henriqueramos_qs/meta-learning-concept-drift/.venv/lib/python3.12/site-packages/nvidia/cufile/lib/libcufile.so.0
7ad83622e000-7ad836411000 r-xp 0002e000 fc:00 35412161                   /home/henriqueramos_qs/meta-learning-concept-drift/.venv/lib/python3.12/site-packages/nvidia/cufile/lib/libcufile.so.0
7ad836411000-7ad8364b3000 r--p 00211000 fc:00 35412161                   /home/henriqueramos_qs/meta-learning-concept-drift/.venv/lib/python3.12/site-packages/nvidia/cufile/lib/libcufile.so.0
7ad8364b3000-7ad8364b4000 ---p 002b3000 fc:00 35412161                   /home/henriqueramos_qs/meta-learning-concept-drift/.venv/lib/python3.12/site-packages/nvidia/cufile/lib/libcufile.so.0
7ad8364b4000-7ad8364b9000 r--p 002b3000 fc:00 35412161                   /home/henriqueramos_qs/meta-learning-concept-drift/.venv/lib/python3.12/site-packages/nvidia/cufile/lib/libcufile.so.0
7ad8364b9000-7ad8364c1000 rw-p 002b8000 fc:00 35412161                   /home/henriqueramos_qs/meta-learning-concept-drift/.venv/lib/python3.12/site-packages/nvidia/cufile/lib/libcufile.so.0
7ad8364c1000-7ad8364cc000 rw-p 00000000 00:00 0 
7ad8364cc000-7ad8364d8000 rw-p 002db000 fc:00 35412161                   /home/henriqueramos_qs/meta-learning-concept-drift/.venv/lib/python3.12/site-packages/nvidia/cufile/lib/libcufile.so.0
7ad836500000-7ad836600000 rw-p 00000000 00:00 0 
7ad836600000-7ad843f29000 r-xp 00000000 fc:00 35407401                   /home/henriqueramos_qs/meta-learning-concept-drift/.venv/lib/python3.12/site-packages/cusparselt/lib/libcusparseLt.so.0
7ad843f29000-7ad844129000 ---p 0d929000 fc:00 35407401                   /home/henriqueramos_qs/meta-learning-concept-drift/.venv/lib/python3.12/site-packages/cusparselt/lib/libcusparseLt.so.0
7ad844129000-7ad844156000 r--p 0d929000 fc:00 35407401                   /home/henriqueramos_qs/meta-learning-concept-drift/.venv/lib/python3.12/site-packages/cusparselt/lib/libcusparseLt.so.0
7ad844156000-7ad84415f000 rw-p 0d956000 fc:00 35407401                   /home/henriqueramos_qs/meta-learning-concept-drift/.venv/lib/python3.12/site-packages/cusparselt/lib/libcusparseLt.so.0
7ad84415f000-7ad84434f000 rw-p 00000000 00:00 0 
7ad84434f000-7ad844c54000 rw-p 0d95f000 fc:00 35407401                   /home/henriqueramos_qs/meta-learning-concept-drift/.venv/lib/python3.12/site-packages/cusparselt/lib/libcusparseLt.so.0
7ad844d00000-7ad844e00000 rw-p 00000000 00:00 0 
7ad844e00000-7ad844e1e000 r-xp 00000000 fc:00 35414362                   /home/henriqueramos_qs/meta-learning-concept-drift/.venv/lib/python3.12/site-packages/nvidia/cudnn/lib/libcudnn.so.9
7ad844e1e000-7ad84501d000 ---p 0001e000 fc:00 35414362                   /home/henriqueramos_qs/meta-learning-concept-drift/.venv/lib/python3.12/site-packages/nvidia/cudnn/lib/libcudnn.so.9
7ad84501d000-7ad84501e000 r--p 0001d000 fc:00 35414362                   /home/henriqueramos_qs/meta-learning-concept-drift/.venv/lib/python3.12/site-packages/nvidia/cudnn/lib/libcudnn.so.9
7ad84501e000-7ad84501f000 rw-p 0001e000 fc:00 35414362                   /home/henriqueramos_qs/meta-learning-concept-drift/.venv/lib/python3.12/site-packages/nvidia/cudnn/lib/libcudnn.so.9
7ad845100000-7ad845200000 rw-p 00000000 00:00 0 
7ad845200000-7ad845fbf000 r--p 00000000 fc:00 35521563                   /home/henriqueramos_qs/meta-learning-concept-drift/.venv/lib/python3.12/site-packages/torch/lib/libtorch_cuda.so
7ad845fbf000-7ad848f7b000 r-xp 00dbf000 fc:00 35521563                   /home/henriqueramos_qs/meta-learning-concept-drift/.venv/lib/python3.12/site-packages/torch/lib/libtorch_cuda.so
7ad848f7b000-7ad87d877000 r--p 03d7b000 fc:00 35521563                   /home/henriqueramos_qs/meta-learning-concept-drift/.venv/lib/python3.12/site-packages/torch/lib/libtorch_cuda.so
7ad87d877000-7ad87d8ee000 r--p 38676000 fc:00 35521563                   /home/henriqueramos_qs/meta-learning-concept-drift/.venv/lib/python3.12/site-packages/torch/lib/libtorch_cuda.so
7ad87d8ee000-7ad87d910000 rw-p 386ed000 fc:00 35521563                   /home/henriqueramos_qs/meta-learning-concept-drift/.venv/lib/python3.12/site-packages/torch/lib/libtorch_cuda.so
7ad87d910000-7ad87e65b000 rw-p 00000000 00:00 0 
7ad87e65b000-7ad87f13c000 rw-p 3a024000 fc:00 35521563                   /home/henriqueramos_qs/meta-learning-concept-drift/.venv/lib/python3.12/site-packages/torch/lib/libtorch_cuda.so
7ad87f200000-7ad880029000 r--p 00000000 fc:00 35521562                   /home/henriqueramos_qs/meta-learning-concept-drift/.venv/lib/python3.12/site-packages/torch/lib/libtorch_cpu.so
7ad880029000-7ad88fdd8000 r-xp 00e29000 fc:00 35521562                   /home/henriqueramos_qs/meta-learning-concept-drift/.venv/lib/python3.12/site-packages/torch/lib/libtorch_cpu.so
7ad88fdd8000-7ad892740000 r--p 10bd8000 fc:00 35521562                   /home/henriqueramos_qs/meta-learning-concept-drift/.venv/lib/python3.12/site-packages/torch/lib/libtorch_cpu.so
7ad892740000-7ad89299c000 r--p 1353f000 fc:00 35521562                   /home/henriqueramos_qs/meta-learning-concept-drift/.venv/lib/python3.12/site-packages/torch/lib/libtorch_cpu.so
7ad89299c000-7ad892a06000 rw-p 1379b000 fc:00 35521562                   /home/henriqueramos_qs/meta-learning-concept-drift/.venv/lib/python3.12/site-packages/torch/lib/libtorch_cpu.so
7ad892a06000-7ad892b10000 rw-p 00000000 00:00 0 
7ad892b10000-7ad893029000 rw-p 18d85000 fc:00 35521562                   /home/henriqueramos_qs/meta-learning-concept-drift/.venv/lib/python3.12/site-packages/torch/lib/libtorch_cpu.so
7ad893100000-7ad893200000 rw-p 00000000 00:00 0 
7ad893200000-7ad89337b000 r--p 00000000 fc:00 35521566                   /home/henriqueramos_qs/meta-learning-concept-drift/.venv/lib/python3.12/site-packages/torch/lib/libtorch_python.so
7ad89337b000-7ad893f1e000 r-xp 0017b000 fc:00 35521566                   /home/henriqueramos_qs/meta-learning-concept-drift/.venv/lib/python3.12/site-packages/torch/lib/libtorch_python.so
7ad893f1e000-7ad894302000 r--p 00d1e000 fc:00 35521566                   /home/henriqueramos_qs/meta-learning-concept-drift/.venv/lib/python3.12/site-packages/torch/lib/libtorch_python.so
7ad894302000-7ad894323000 r--p 01101000 fc:00 35521566                   /home/henriqueramos_qs/meta-learning-concept-drift/.venv/lib/python3.12/site-packages/torch/lib/libtorch_python.so
7ad894323000-7ad894381000 rw-p 01122000 fc:00 35521566                   /home/henriqueramos_qs/meta-learning-concept-drift/.venv/lib/python3.12/site-packages/torch/lib/libtorch_python.so
7ad894381000-7ad8943f7000 rw-p 00000000 00:00 0 
7ad8943f7000-7ad894485000 rw-p 018f0000 fc:00 35521566                   /home/henriqueramos_qs/meta-learning-concept-drift/.venv/lib/python3.12/site-packages/torch/lib/libtorch_python.so
7ad894500000-7ad894600000 rw-p 00000000 00:00 0 
7ad894600000-7ad897077000 r-xp 00000000 fc:00 35412082                   /home/henriqueramos_qs/meta-learning-concept-drift/.venv/lib/python3.12/site-packages/nvidia/nvjitlink/lib/libnvJitLink.so.12
7ad897077000-7ad897277000 ---p 02a77000 fc:00 35412082                   /home/henriqueramos_qs/meta-learning-concept-drift/.venv/lib/python3.12/site-packages/nvidia/nvjitlink/lib/libnvJitLink.so.12
7ad897277000-7ad8977a2000 r--p 02a77000 fc:00 35412082                   /home/henriqueramos_qs/meta-learning-concept-drift/.venv/lib/python3.12/site-packages/nvidia/nvjitlink/lib/libnvJitLink.so.12
7ad8977a2000-7ad897815000 rw-p 02fa2000 fc:00 35412082                   /home/henriqueramos_qs/meta-learning-concept-drift/.venv/lib/python3.12/site-packages/nvidia/nvjitlink/lib/libnvJitLink.so.12
7ad897815000-7ad897889000 rw-p 00000000 00:00 0 
7ad897900000-7ad897a00000 rw-p 00000000 00:00 0 
7ad897a00000-7ad89aaef000 r-xp 00000000 fc:00 35412297                   /home/henriqueramos_qs/meta-learning-concept-drift/.venv/lib/python3.12/site-packages/nvidia/cuda_nvrtc/lib/libnvrtc.so.12
7ad89aaef000-7ad89acee000 ---p 030ef000 fc:00 35412297                   /home/henriqueramos_qs/meta-learning-concept-drift/.venv/lib/python3.12/site-packages/nvidia/cuda_nvrtc/lib/libnvrtc.so.12
7ad89acee000-7ad89b277000 r--p 030ee000 fc:00 35412297                   /home/henriqueramos_qs/meta-learning-concept-drift/.venv/lib/python3.12/site-packages/nvidia/cuda_nvrtc/lib/libnvrtc.so.12
7ad89b277000-7ad89b35e000 rw-p 03677000 fc:00 35412297                   /home/henriqueramos_qs/meta-learning-concept-drift/.venv/lib/python3.12/site-packages/nvidia/cuda_nvrtc/lib/libnvrtc.so.12
7ad89b35e000-7ad89b63a000 rw-p 00000000 00:00 0 
7ad89b63a000-7ad89b800000 ---p 03c3a000 fc:00 35412297                   /home/henriqueramos_qs/meta-learning-concept-drift/.venv/lib/python3.12/site-packages/nvidia/cuda_nvrtc/lib/libnvrtc.so.12
7ad89b800000-7ad89b802000 rw-p 03800000 fc:00 35412297                   /home/henriqueramos_qs/meta-learning-concept-drift/.venv/lib/python3.12/site-packages/nvidia/cuda_nvrtc/lib/libnvrtc.so.12
7ad89b8de000-7ad89b905000 r--p 00000000 fc:00 35521556                   /home/henriqueramos_qs/meta-learning-concept-drift/.venv/lib/python3.12/site-packages/torch/lib/libc10.so
7ad89b905000-7ad89b9ad000 r-xp 00027000 fc:00 35521556                   /home/henriqueramos_qs/meta-learning-concept-drift/.venv/lib/python3.12/site-packages/torch/lib/libc10.so
7ad89b9ad000-7ad89b9e0000 r--p 000cf000 fc:00 35521556                   /home/henriqueramos_qs/meta-learning-concept-drift/.venv/lib/python3.12/site-packages/torch/lib/libc10.so
7ad89b9e0000-7ad89b9e3000 r--p 00101000 fc:00 35521556                   /home/henriqueramos_qs/meta-learning-concept-drift/.venv/lib/python3.12/site-packages/torch/lib/libc10.so
7ad89b9e3000-7ad89b9ea000 rw-p 00104000 fc:00 35521556                   /home/henriqueramos_qs/meta-learning-concept-drift/.venv/lib/python3.12/site-packages/torch/lib/libc10.so
7ad89b9ea000-7ad89b9ec000 rw-p 00000000 00:00 0 
7ad89b9ec000-7ad89ba00000 rw-p 0014c000 fc:00 35521556                   /home/henriqueramos_qs/meta-learning-concept-drift/.venv/lib/python3.12/site-packages/torch/lib/libc10.so
7ad89ba00000-7ad89baa9000 r-xp 00000000 fc:00 35412275                   /home/henriqueramos_qs/meta-learning-concept-drift/.venv/lib/python3.12/site-packages/nvidia/cuda_runtime/lib/libcudart.so.12
7ad89baa9000-7ad89bca9000 ---p 000a9000 fc:00 35412275                   /home/henriqueramos_qs/meta-learning-concept-drift/.venv/lib/python3.12/site-packages/nvidia/cuda_runtime/lib/libcudart.so.12
7ad89bca9000-7ad89bcae000 r--p 000a9000 fc:00 35412275                   /home/henriqueramos_qs/meta-learning-concept-drift/.venv/lib/python3.12/site-packages/nvidia/cuda_runtime/lib/libcudart.so.12
7ad89bcae000-7ad89bcaf000 rw-p 000ae000 fc:00 35412275                   /home/henriqueramos_qs/meta-learning-concept-drift/.venv/lib/python3.12/site-packages/nvidia/cuda_runtime/lib/libcudart.so.12
7ad89bcaf000-7ad89bcb1000 rw-p 00000000 00:00 0 
7ad89bd6a000-7ad89e6c2000 rw-p 00000000 00:00 0 
7ad89e6c2000-7ad8a0000000 ---p 00000000 00:00 0 
7ad8a0000000-7ad8a0021000 rw-p 00000000 00:00 0 
7ad8a0021000-7ad8a4000000 ---p 00000000 00:00 0 
7ad8a4000000-7ad8a4139000 rw-p 00000000 00:00 0 
7ad8a4139000-7ad8a8000000 ---p 00000000 00:00 0 
7ad8a8000000-7ad8a825a000 rw-p 00000000 00:00 0 
7ad8a825a000-7ad8ac000000 ---p 00000000 00:00 0 
7ad8ac000000-7ad8ac021000 rw-p 00000000 00:00 0 
7ad8ac021000-7ad8b0000000 ---p 00000000 00:00 0 
7ad8b0000000-7ad8b0021000 rw-p 00000000 00:00 0 
7ad8b0021000-7ad8b4000000 ---p 00000000 00:00 0 
7ad8b4000000-7ad8b4021000 rw-p 00000000 00:00 0 
7ad8b4021000-7ad8b8000000 ---p 00000000 00:00 0 
7ad8b8000000-7ad8b8021000 rw-p 00000000 00:00 0 
7ad8b8021000-7ad8bc000000 ---p 00000000 00:00 0 
7ad8bc000000-7ad8bc021000 rw-p 00000000 00:00 0 
7ad8bc021000-7ad8c0000000 ---p 00000000 00:00 0 
7ad8c0000000-7ad8c0021000 rw-p 00000000 00:00 0 
7ad8c0021000-7ad8c4000000 ---p 00000000 00:00 0 
7ad8c4000000-7ad8c5204000 rw-p 00000000 00:00 0 
7ad8c5204000-7ad8c8000000 ---p 00000000 00:00 0 
7ad8c8000000-7ad8c8c95000 rw-p 00000000 00:00 0 
7ad8c8c95000-7ad8cc000000 ---p 00000000 00:00 0 
7ad8cc000000-7ad8cc1d4000 rw-p 00000000 00:00 0 
7ad8cc1d4000-7ad8d0000000 ---p 00000000 00:00 0 
7ad8d0000000-7ad8d0279000 rw-p 00000000 00:00 0 
7ad8d0279000-7ad8d4000000 ---p 00000000 00:00 0 
7ad8d4000000-7ad8d4021000 rw-p 00000000 00:00 0 
7ad8d4021000-7ad8d8000000 ---p 00000000 00:00 0 
7ad8d8000000-7ad8d820e000 rw-p 00000000 00:00 0 
7ad8d820e000-7ad8dc000000 ---p 00000000 00:00 0 
7ad8dc000000-7ad8dc23d000 rw-p 00000000 00:00 0 
7ad8dc23d000-7ad8e0000000 ---p 00000000 00:00 0 
7ad8e0000000-7ad8e0021000 rw-p 00000000 00:00 0 
7ad8e0021000-7ad8e4000000 ---p 00000000 00:00 0 
7ad8e4000000-7ad8e4021000 rw-p 00000000 00:00 0 
7ad8e4021000-7ad8e8000000 ---p 00000000 00:00 0 
7ad8e8000000-7ad8e8eee000 rw-p 00000000 00:00 0 
7ad8e8eee000-7ad8ec000000 ---p 00000000 00:00 0 
7ad8ec000000-7ad8ec021000 rw-p 00000000 00:00 0 
7ad8ec021000-7ad8f0000000 ---p 00000000 00:00 0 
7ad8f0000000-7ad8f0021000 rw-p 00000000 00:00 0 
7ad8f0021000-7ad8f4000000 ---p 00000000 00:00 0 
7ad8f4000000-7ad8f4021000 rw-p 00000000 00:00 0 
7ad8f4021000-7ad8f8000000 ---p 00000000 00:00 0 
7ad8f8000000-7ad8f8021000 rw-p 00000000 00:00 0 
7ad8f8021000-7ad8fc000000 ---p 00000000 00:00 0 
7ad8fc000000-7ad8fd54b000 rw-p 00000000 00:00 0 
7ad8fd54b000-7ad900000000 ---p 00000000 00:00 0 
7ad9000fd000-7ad9001fd000 rw-p 00000000 00:00 0 
7ad9001fd000-7ad9001fe000 ---p 00000000 00:00 0 
7ad9001fe000-7ad9002fe000 rw-p 00000000 00:00 0 
7ad9005fe000-7ad9005ff000 ---p 00000000 00:00 0 
7ad9005ff000-7ad9006ff000 rw-p 00000000 00:00 0 
7ad9006ff000-7ad900700000 ---p 00000000 00:00 0 
7ad900700000-7ad900800000 rw-p 00000000 00:00 0 
7ad9009ff000-7ad900a00000 ---p 00000000 00:00 0 
7ad900a00000-7ad901200000 rw-p 00000000 00:00 0 
7ad901200000-7ad901204000 ---p 00000000 00:00 0 
7ad901204000-7ad901c00000 rw-p 00000000 00:00 0 
7ad901c00000-7ad901c04000 ---p 00000000 00:00 0 
7ad901c04000-7ad902600000 rw-p 00000000 00:00 0 
7ad902600000-7ad902604000 ---p 00000000 00:00 0 
7ad902604000-7ad903000000 rw-p 00000000 00:00 0 
7ad903000000-7ad903270000 rw-p 00000000 00:00 0 
7ad903270000-7ad903400000 ---p 00000000 00:00 0 
7ad903400000-7ad903510000 rw-p 00000000 00:00 0 
7ad903510000-7ad907000000 ---p 00000000 00:00 0 
7ad907000000-7ad907ca0000 rw-p 00001000 08:05 8922105                    /usr/lib/jvm/java-21-openjdk-amd64/lib/server/classes.jsa
7ad907ca0000-7ad908000000 ---p 00000000 00:00 0 
7ad908000000-7ad908030000 rw-p 00000000 00:00 0 
7ad908030000-7ad908040000 ---p 00000000 00:00 0 
7ad908040000-7ad908080000 rw-p 00000000 00:00 0 
7ad908080000-7ad948000000 ---p 00000000 00:00 0 
7ad948000000-7ad948021000 rw-p 00000000 00:00 0 
7ad948021000-7ad94c000000 ---p 00000000 00:00 0 
7ad94c000000-7ad94c021000 rw-p 00000000 00:00 0 
7ad94c021000-7ad950000000 ---p 00000000 00:00 0 
7ad950000000-7ad950021000 rw-p 00000000 00:00 0 
7ad950021000-7ad954000000 ---p 00000000 00:00 0 
7ad95402c000-7ad954033000 r--p 00000000 08:05 8394178                    /usr/lib/python3.12/lib-dynload/_sqlite3.cpython-312-x86_64-linux-gnu.so
7ad954033000-7ad954045000 r-xp 00007000 08:05 8394178                    /usr/lib/python3.12/lib-dynload/_sqlite3.cpython-312-x86_64-linux-gnu.so
7ad954045000-7ad95404c000 r--p 00019000 08:05 8394178                    /usr/lib/python3.12/lib-dynload/_sqlite3.cpython-312-x86_64-linux-gnu.so
7ad95404c000-7ad95404d000 r--p 00020000 08:05 8394178                    /usr/lib/python3.12/lib-dynload/_sqlite3.cpython-312-x86_64-linux-gnu.so
7ad95404d000-7ad95404f000 rw-p 00021000 08:05 8394178                    /usr/lib/python3.12/lib-dynload/_sqlite3.cpython-312-x86_64-linux-gnu.so
7ad95404f000-7ad954054000 r--p 00000000 fc:00 35396827                   /home/henriqueramos_qs/meta-learning-concept-drift/.venv/lib/python3.12/site-packages/scipy/cluster/_optimal_leaf_ordering.cpython-312-x86_64-linux-gnu.so
7ad954054000-7ad954072000 r-xp 00005000 fc:00 35396827                   /home/henriqueramos_qs/meta-learning-concept-drift/.venv/lib/python3.12/site-packages/scipy/cluster/_optimal_leaf_ordering.cpython-312-x86_64-linux-gnu.so
7ad954072000-7ad954078000 r--p 00023000 fc:00 35396827                   /home/henriqueramos_qs/meta-learning-concept-drift/.venv/lib/python3.12/site-packages/scipy/cluster/_optimal_leaf_ordering.cpython-312-x86_64-linux-gnu.so
7ad954078000-7ad954079000 r--p 00028000 fc:00 35396827                   /home/henriqueramos_qs/meta-learning-concept-drift/.venv/lib/python3.12/site-packages/scipy/cluster/_optimal_leaf_ordering.cpython-312-x86_64-linux-gnu.so
7ad954079000-7ad95407a000 rw-p 00029000 fc:00 35396827                   /home/henriqueramos_qs/meta-learning-concept-drift/.venv/lib/python3.12/site-packages/scipy/cluster/_optimal_leaf_ordering.cpython-312-x86_64-linux-gnu.so
7ad95407a000-7ad95407b000 rw-p 00000000 00:00 0 
7ad95407b000-7ad954080000 r--p 00000000 fc:00 35396826                   /home/henriqueramos_qs/meta-learning-concept-drift/.venv/lib/python3.12/site-packages/scipy/cluster/_hierarchy.cpython-312-x86_64-linux-gnu.so
7ad954080000-7ad9540ae000 r-xp 00005000 fc:00 35396826                   /home/henriqueramos_qs/meta-learning-concept-drift/.venv/lib/python3.12/site-packages/scipy/cluster/_hierarchy.cpython-312-x86_64-linux-gnu.so
7ad9540ae000-7ad9540b9000 r--p 00033000 fc:00 35396826                   /home/henriqueramos_qs/meta-learning-concept-drift/.venv/lib/python3.12/site-packages/scipy/cluster/_hierarchy.cpython-312-x86_64-linux-gnu.so
7ad9540b9000-7ad9540bb000 r--p 0003d000 fc:00 35396826                   /home/henriqueramos_qs/meta-learning-concept-drift/.venv/lib/python3.12/site-packages/scipy/cluster/_hierarchy.cpython-312-x86_64-linux-gnu.so
7ad9540bb000-7ad9540bd000 rw-p 0003f000 fc:00 35396826                   /home/henriqueramos_qs/meta-learning-concept-drift/.venv/lib/python3.12/site-packages/scipy/cluster/_hierarchy.cpython-312-x86_64-linux-gnu.so
7ad9540bd000-7ad9540c1000 r--p 00000000 fc:00 35396828                   /home/henriqueramos_qs/meta-learning-concept-drift/.venv/lib/python3.12/site-packages/scipy/cluster/_vq.cpython-312-x86_64-linux-gnu.so
7ad9540c1000-7ad9540d3000 r-xp 00004000 fc:00 35396828                   /home/henriqueramos_qs/meta-learning-concept-drift/.venv/lib/python3.12/site-packages/scipy/cluster/_vq.cpython-312-x86_64-linux-gnu.so
7ad9540d3000-7ad9540d7000 r--p 00016000 fc:00 35396828                   /home/henriqueramos_qs/meta-learning-concept-drift/.venv/lib/python3.12/site-packages/scipy/cluster/_vq.cpython-312-x86_64-linux-gnu.so
7ad9540d7000-7ad9540d8000 ---p 0001a000 fc:00 35396828                   /home/henriqueramos_qs/meta-learning-concept-drift/.venv/lib/python3.12/site-packages/scipy/cluster/_vq.cpython-312-x86_64-linux-gnu.so
7ad9540d8000-7ad9540d9000 r--p 0001a000 fc:00 35396828                   /home/henriqueramos_qs/meta-learning-concept-drift/.venv/lib/python3.12/site-packages/scipy/cluster/_vq.cpython-312-x86_64-linux-gnu.so
7ad9540d9000-7ad9540da000 rw-p 0001b000 fc:00 35396828                   /home/henriqueramos_qs/meta-learning-concept-drift/.venv/lib/python3.12/site-packages/scipy/cluster/_vq.cpython-312-x86_64-linux-gnu.so
7ad9540da000-7ad9540de000 r--p 00000000 fc:00 34996378                   /home/henriqueramos_qs/meta-learning-concept-drift/.venv/lib/python3.12/site-packages/river/drift/adwin_c.cpython-312-x86_64-linux-gnu.so
7ad9540de000-7ad9540f5000 r-xp 00004000 fc:00 34996378                   /home/henriqueramos_qs/meta-learning-concept-drift/.venv/lib/python3.12/site-packages/river/drift/adwin_c.cpython-312-x86_64-linux-gnu.so
7ad9540f5000-7ad9540fa000 r--p 0001b000 fc:00 34996378                   /home/henriqueramos_qs/meta-learning-concept-drift/.venv/lib/python3.12/site-packages/river/drift/adwin_c.cpython-312-x86_64-linux-gnu.so
7ad9540fa000-7ad9540fb000 r--p 0001f000 fc:00 34996378                   /home/henriqueramos_qs/meta-learning-concept-drift/.venv/lib/python3.12/site-packages/river/drift/adwin_c.cpython-312-x86_64-linux-gnu.so
7ad9540fb000-7ad9540fd000 rw-p 00020000 fc:00 34996378                   /home/henriqueramos_qs/meta-learning-concept-drift/.venv/lib/python3.12/site-packages/river/drift/adwin_c.cpython-312-x86_64-linux-gnu.so
7ad9540fd000-7ad9540fe000 ---p 00000000 00:00 0 
7ad9540fe000-7ad9541fe000 rw-p 00000000 00:00 0 
7ad9541fe000-7ad9541ff000 ---p 00000000 00:00 0 
7ad9541ff000-7ad9542ff000 rw-p 00000000 00:00 0 
7ad9542ff000-7ad954300000 ---p 00000000 00:00 0 
7ad954300000-7ad954400000 rw-p 00000000 00:00 0 
7ad954700000-7ad954704000 ---p 00000000 00:00 0 
7ad954704000-7ad954800000 rw-p 00000000 00:00 0 
7ad954800000-7ad954804000 ---p 00000000 00:00 0 
7ad954804000-7ad954900000 rw-p 00000000 00:00 0 
7ad954900000-7ad954904000 ---p 00000000 00:00 0 
7ad954904000-7ad954a00000 rw-p 00000000 00:00 0 
7ad954a00000-7ad954a04000 ---p 00000000 00:00 0 
7ad954a04000-7ad955400000 rw-p 00000000 00:00 0 
7ad9555ff000-7ad955600000 ---p 00000000 00:00 0 
7ad955600000-7ad955e00000 rw-p 00000000 00:00 0 
7ad955e00000-7ad955e04000 ---p 00000000 00:00 0 
7ad955e04000-7ad956800000 rw-p 00000000 00:00 0 
7ad956800000-7ad956804000 ---p 00000000 00:00 0 
7ad956804000-7ad957200000 rw-p 00000000 00:00 0 
7ad957213000-7ad95721c000 r--p 00000000 fc:00 35534111                   /home/henriqueramos_qs/meta-learning-concept-drift/.venv/lib/python3.12/site-packages/greenlet/_greenlet.cpython-312-x86_64-linux-gnu.so
7ad95721c000-7ad95722d000 r-xp 00009000 fc:00 35534111                   /home/henriqueramos_qs/meta-learning-concept-drift/.venv/lib/python3.12/site-packages/greenlet/_greenlet.cpython-312-x86_64-linux-gnu.so
7ad95722d000-7ad957233000 r--p 0001a000 fc:00 35534111                   /home/henriqueramos_qs/meta-learning-concept-drift/.venv/lib/python3.12/site-packages/greenlet/_greenlet.cpython-312-x86_64-linux-gnu.so
7ad957233000-7ad957234000 r--p 00020000 fc:00 35534111                   /home/henriqueramos_qs/meta-learning-concept-drift/.venv/lib/python3.12/site-packages/greenlet/_greenlet.cpython-312-x86_64-linux-gnu.so
7ad957234000-7ad957235000 rw-p 00021000 fc:00 35534111                   /home/henriqueramos_qs/meta-learning-concept-drift/.venv/lib/python3.12/site-packages/greenlet/_greenlet.cpython-312-x86_64-linux-gnu.so
7ad957235000-7ad957239000 r--p 00000000 fc:00 35534473                   /home/henriqueramos_qs/meta-learning-concept-drift/.venv/lib/python3.12/site-packages/sqlalchemy/cyextension/util.cpython-312-x86_64-linux-gnu.so
7ad957239000-7ad95724a000 r-xp 00004000 fc:00 35534473                   /home/henriqueramos_qs/meta-learning-concept-drift/.venv/lib/python3.12/site-packages/sqlalchemy/cyextension/util.cpython-312-x86_64-linux-gnu.so
7ad95724a000-7ad95724e000 r--p 00015000 fc:00 35534473                   /home/henriqueramos_qs/meta-learning-concept-drift/.venv/lib/python3.12/site-packages/sqlalchemy/cyextension/util.cpython-312-x86_64-linux-gnu.so
7ad95724e000-7ad95724f000 r--p 00018000 fc:00 35534473                   /home/henriqueramos_qs/meta-learning-concept-drift/.venv/lib/python3.12/site-packages/sqlalchemy/cyextension/util.cpython-312-x86_64-linux-gnu.so
7ad95724f000-7ad957250000 rw-p 00019000 fc:00 35534473                   /home/henriqueramos_qs/meta-learning-concept-drift/.venv/lib/python3.12/site-packages/sqlalchemy/cyextension/util.cpython-312-x86_64-linux-gnu.so
7ad957250000-7ad957251000 rw-p 00000000 00:00 0 
7ad957251000-7ad957255000 r--p 00000000 fc:00 35534469                   /home/henriqueramos_qs/meta-learning-concept-drift/.venv/lib/python3.12/site-packages/sqlalchemy/cyextension/resultproxy.cpython-312-x86_64-linux-gnu.so
7ad957255000-7ad957260000 r-xp 00004000 fc:00 35534469                   /home/henriqueramos_qs/meta-learning-concept-drift/.venv/lib/python3.12/site-packages/sqlalchemy/cyextension/resultproxy.cpython-312-x86_64-linux-gnu.so
7ad957260000-7ad957263000 r--p 0000f000 fc:00 35534469                   /home/henriqueramos_qs/meta-learning-concept-drift/.venv/lib/python3.12/site-packages/sqlalchemy/cyextension/resultproxy.cpython-312-x86_64-linux-gnu.so
7ad957263000-7ad957264000 ---p 00012000 fc:00 35534469                   /home/henriqueramos_qs/meta-learning-concept-drift/.venv/lib/python3.12/site-packages/sqlalchemy/cyextension/resultproxy.cpython-312-x86_64-linux-gnu.so
7ad957264000-7ad957265000 r--p 00012000 fc:00 35534469                   /home/henriqueramos_qs/meta-learning-concept-drift/.venv/lib/python3.12/site-packages/sqlalchemy/cyextension/resultproxy.cpython-312-x86_64-linux-gnu.so
7ad957265000-7ad957266000 rw-p 00013000 fc:00 35534469                   /home/henriqueramos_qs/meta-learning-concept-drift/.venv/lib/python3.12/site-packages/sqlalchemy/cyextension/resultproxy.cpython-312-x86_64-linux-gnu.so
7ad957266000-7ad957267000 rw-p 00000000 00:00 0 
7ad957267000-7ad95726e000 r--p 00000000 fc:00 35534471                   /home/henriqueramos_qs/meta-learning-concept-drift/.venv/lib/python3.12/site-packages/sqlalchemy/cyextension/collections.cpython-312-x86_64-linux-gnu.so
7ad95726e000-7ad957292000 r-xp 00007000 fc:00 35534471                   /home/henriqueramos_qs/meta-learning-concept-drift/.venv/lib/python3.12/site-packages/sqlalchemy/cyextension/collections.cpython-312-x86_64-linux-gnu.so
7ad957292000-7ad95729a000 r--p 0002b000 fc:00 35534471                   /home/henriqueramos_qs/meta-learning-concept-drift/.venv/lib/python3.12/site-packages/sqlalchemy/cyextension/collections.cpython-312-x86_64-linux-gnu.so
7ad95729a000-7ad95729b000 ---p 00033000 fc:00 35534471                   /home/henriqueramos_qs/meta-learning-concept-drift/.venv/lib/python3.12/site-packages/sqlalchemy/cyextension/collections.cpython-312-x86_64-linux-gnu.so
7ad95729b000-7ad95729c000 r--p 00033000 fc:00 35534471                   /home/henriqueramos_qs/meta-learning-concept-drift/.venv/lib/python3.12/site-packages/sqlalchemy/cyextension/collections.cpython-312-x86_64-linux-gnu.so
7ad95729c000-7ad95729f000 rw-p 00034000 fc:00 35534471                   /home/henriqueramos_qs/meta-learning-concept-drift/.venv/lib/python3.12/site-packages/sqlalchemy/cyextension/collections.cpython-312-x86_64-linux-gnu.so
7ad95729f000-7ad9572a5000 r--p 00000000 fc:00 35397074                   /home/henriqueramos_qs/meta-learning-concept-drift/.venv/lib/python3.12/site-packages/scipy/io/matlab/_mio5_utils.cpython-312-x86_64-linux-gnu.so
7ad9572a5000-7ad9572c7000 r-xp 00006000 fc:00 35397074                   /home/henriqueramos_qs/meta-learning-concept-drift/.venv/lib/python3.12/site-packages/scipy/io/matlab/_mio5_utils.cpython-312-x86_64-linux-gnu.so
7ad9572c7000-7ad9572d0000 r--p 00028000 fc:00 35397074                   /home/henriqueramos_qs/meta-learning-concept-drift/.venv/lib/python3.12/site-packages/scipy/io/matlab/_mio5_utils.cpython-312-x86_64-linux-gnu.so
7ad9572d0000-7ad9572d2000 r--p 00030000 fc:00 35397074                   /home/henriqueramos_qs/meta-learning-concept-drift/.venv/lib/python3.12/site-packages/scipy/io/matlab/_mio5_utils.cpython-312-x86_64-linux-gnu.so
7ad9572d2000-7ad9572d4000 rw-p 00032000 fc:00 35397074                   /home/henriqueramos_qs/meta-learning-concept-drift/.venv/lib/python3.12/site-packages/scipy/io/matlab/_mio5_utils.cpython-312-x86_64-linux-gnu.so
7ad9572d4000-7ad9572d8000 ---p 00000000 00:00 0 
7ad9572d8000-7ad9573d4000 rw-p 00000000 00:00 0 
7ad9573d4000-7ad9573d5000 ---p 00000000 00:00 0 
7ad9573d5000-7ad9574d5000 rw-p 00000000 00:00 0 
7ad9577d8000-7ad95c021000 rw-p 00000000 00:00 0 
7ad95c021000-7ad960000000 ---p 00000000 00:00 0 
7ad960000000-7ad960021000 rw-p 00000000 00:00 0 
7ad960021000-7ad964000000 ---p 00000000 00:00 0 
7ad964000000-7ad964021000 rw-p 00000000 00:00 0 
7ad964021000-7ad968000000 ---p 00000000 00:00 0 
7ad96800b000-7ad96800f000 r--p 00000000 fc:00 35534467                   /home/henriqueramos_qs/meta-learning-concept-drift/.venv/lib/python3.12/site-packages/sqlalchemy/cyextension/processors.cpython-312-x86_64-linux-gnu.so
7ad96800f000-7ad96801a000 r-xp 00004000 fc:00 35534467                   /home/henriqueramos_qs/meta-learning-concept-drift/.venv/lib/python3.12/site-packages/sqlalchemy/cyextension/processors.cpython-312-x86_64-linux-gnu.so
7ad96801a000-7ad96801d000 r--p 0000f000 fc:00 35534467                   /home/henriqueramos_qs/meta-learning-concept-drift/.venv/lib/python3.12/site-packages/sqlalchemy/cyextension/processors.cpython-312-x86_64-linux-gnu.so
7ad96801d000-7ad96801e000 r--p 00011000 fc:00 35534467                   /home/henriqueramos_qs/meta-learning-concept-drift/.venv/lib/python3.12/site-packages/sqlalchemy/cyextension/processors.cpython-312-x86_64-linux-gnu.so
7ad96801e000-7ad96801f000 rw-p 00012000 fc:00 35534467                   /home/henriqueramos_qs/meta-learning-concept-drift/.venv/lib/python3.12/site-packages/sqlalchemy/cyextension/processors.cpython-312-x86_64-linux-gnu.so
7ad96801f000-7ad968020000 rw-p 00000000 00:00 0 
7ad968020000-7ad968026000 r--p 00000000 fc:00 34996757                   /home/henriqueramos_qs/meta-learning-concept-drift/.venv/lib/python3.12/site-packages/river/utils/vectordict.cpython-312-x86_64-linux-gnu.so
7ad968026000-7ad968054000 r-xp 00006000 fc:00 34996757                   /home/henriqueramos_qs/meta-learning-concept-drift/.venv/lib/python3.12/site-packages/river/utils/vectordict.cpython-312-x86_64-linux-gnu.so
7ad968054000-7ad96805c000 r--p 00034000 fc:00 34996757                   /home/henriqueramos_qs/meta-learning-concept-drift/.venv/lib/python3.12/site-packages/river/utils/vectordict.cpython-312-x86_64-linux-gnu.so
7ad96805c000-7ad96805d000 r--p 0003b000 fc:00 34996757                   /home/henriqueramos_qs/meta-learning-concept-drift/.venv/lib/python3.12/site-packages/river/utils/vectordict.cpython-312-x86_64-linux-gnu.so
7ad96805d000-7ad968061000 rw-p 0003c000 fc:00 34996757                   /home/henriqueramos_qs/meta-learning-concept-drift/.venv/lib/python3.12/site-packages/river/utils/vectordict.cpython-312-x86_64-linux-gnu.so
7ad968061000-7ad969778000 rw-p 00000000 00:00 0 
7ad969778000-7ad969779000 ---p 00000000 00:00 0 
7ad969779000-7ad969879000 rw-p 00000000 00:00 0 
7ad96997a000-7ad96997b000 ---p 00000000 00:00 0 
7ad96997b000-7ad969a7b000 rw-p 00000000 00:00 0 
7ad969a7b000-7ad969f10000 rw-p 00000000 00:00 0 
7ad969f10000-7ad971e00000 ---p 00000000 00:00 0 
7ad971e00000-7ad971e22000 rw-p 00000000 00:00 0 
7ad971e22000-7ad972e00000 ---p 00000000 00:00 0 
7ad972e00000-7ad972e22000 rw-p 00000000 00:00 0 
7ad972e22000-7ad973e00000 ---p 00000000 00:00 0 
7ad973e10000-7ad973e1f000 r--p 00000000 fc:00 35521557                   /home/henriqueramos_qs/meta-learning-concept-drift/.venv/lib/python3.12/site-packages/torch/lib/libc10_cuda.so
7ad973e1f000-7ad973e7a000 r-xp 0000f000 fc:00 35521557                   /home/henriqueramos_qs/meta-learning-concept-drift/.venv/lib/python3.12/site-packages/torch/lib/libc10_cuda.so
7ad973e7a000-7ad973e90000 r--p 0006a000 fc:00 35521557                   /home/henriqueramos_qs/meta-learning-concept-drift/.venv/lib/python3.12/site-packages/torch/lib/libc10_cuda.so
7ad973e90000-7ad973e91000 ---p 00080000 fc:00 35521557                   /home/henriqueramos_qs/meta-learning-concept-drift/.venv/lib/python3.12/site-packages/torch/lib/libc10_cuda.so
7ad973e91000-7ad973e92000 r--p 00080000 fc:00 35521557                   /home/henriqueramos_qs/meta-learning-concept-drift/.venv/lib/python3.12/site-packages/torch/lib/libc10_cuda.so
7ad973e92000-7ad973e93000 rw-p 00081000 fc:00 35521557                   /home/henriqueramos_qs/meta-learning-concept-drift/.venv/lib/python3.12/site-packages/torch/lib/libc10_cuda.so
7ad973e93000-7ad973eb9000 rw-p 00000000 00:00 0 
7ad973eb9000-7ad973ec1000 rw-p 000a3000 fc:00 35521557                   /home/henriqueramos_qs/meta-learning-concept-drift/.venv/lib/python3.12/site-packages/torch/lib/libc10_cuda.so
7ad973ec1000-7ad977e00000 rw-p 00000000 00:00 0 
7ad977e00000-7ad978070000 rwxp 00000000 00:00 0 
7ad978070000-7ad97f1cf000 ---p 00000000 00:00 0 
7ad97f1cf000-7ad97f63f000 rwxp 00000000 00:00 0 
7ad97f63f000-7ad97fa30000 ---p 00000000 00:00 0 
7ad97fa30000-7ad97fca0000 rwxp 00000000 00:00 0 
7ad97fca0000-7ad986e00000 ---p 00000000 00:00 0 
7ad986e00000-7ad98f42a000 r--s 00000000 08:05 8922104                    /usr/lib/jvm/java-21-openjdk-amd64/lib/modules
7ad98f42e000-7ad98f432000 r--p 00000000 fc:00 35534472                   /home/henriqueramos_qs/meta-learning-concept-drift/.venv/lib/python3.12/site-packages/sqlalchemy/cyextension/immutabledict.cpython-312-x86_64-linux-gnu.so
7ad98f432000-7ad98f440000 r-xp 00004000 fc:00 35534472                   /home/henriqueramos_qs/meta-learning-concept-drift/.venv/lib/python3.12/site-packages/sqlalchemy/cyextension/immutabledict.cpython-312-x86_64-linux-gnu.so
7ad98f440000-7ad98f444000 r--p 00012000 fc:00 35534472                   /home/henriqueramos_qs/meta-learning-concept-drift/.venv/lib/python3.12/site-packages/sqlalchemy/cyextension/immutabledict.cpython-312-x86_64-linux-gnu.so
7ad98f444000-7ad98f445000 r--p 00015000 fc:00 35534472                   /home/henriqueramos_qs/meta-learning-concept-drift/.venv/lib/python3.12/site-packages/sqlalchemy/cyextension/immutabledict.cpython-312-x86_64-linux-gnu.so
7ad98f445000-7ad98f447000 rw-p 00016000 fc:00 35534472                   /home/henriqueramos_qs/meta-learning-concept-drift/.venv/lib/python3.12/site-packages/sqlalchemy/cyextension/immutabledict.cpython-312-x86_64-linux-gnu.so
7ad98f447000-7ad98f44c000 r--p 00000000 08:05 8922088                    /usr/lib/jvm/java-21-openjdk-amd64/lib/libjsvml.so
7ad98f44c000-7ad98f48d000 r-xp 00005000 08:05 8922088                    /usr/lib/jvm/java-21-openjdk-amd64/lib/libjsvml.so
7ad98f48d000-7ad98f516000 r--p 00046000 08:05 8922088                    /usr/lib/jvm/java-21-openjdk-amd64/lib/libjsvml.so
7ad98f516000-7ad98f517000 r--p 000ce000 08:05 8922088                    /usr/lib/jvm/java-21-openjdk-amd64/lib/libjsvml.so
7ad98f517000-7ad98f518000 rw-p 000cf000 08:05 8922088                    /usr/lib/jvm/java-21-openjdk-amd64/lib/libjsvml.so
7ad98f518000-7ad98f51d000 rw-p 00000000 00:00 0 
7ad98f51d000-7ad98f600000 ---p 00000000 00:00 0 
7ad98f600000-7ad98f8a2000 r--p 00000000 08:05 8922108                    /usr/lib/jvm/java-21-openjdk-amd64/lib/server/libjvm.so
7ad98f8a2000-7ad990717000 r-xp 002a2000 08:05 8922108                    /usr/lib/jvm/java-21-openjdk-amd64/lib/server/libjvm.so
7ad990717000-7ad9909f1000 r--p 01117000 08:05 8922108                    /usr/lib/jvm/java-21-openjdk-amd64/lib/server/libjvm.so
7ad9909f1000-7ad990ac5000 r--p 013f0000 08:05 8922108                    /usr/lib/jvm/java-21-openjdk-amd64/lib/server/libjvm.so
7ad990ac5000-7ad990af5000 rw-p 014c4000 08:05 8922108                    /usr/lib/jvm/java-21-openjdk-amd64/lib/server/libjvm.so
7ad990af5000-7ad990b5b000 rw-p 00000000 00:00 0 
7ad990b67000-7ad990b6a000 r--p 00000000 fc:00 35521560                   /home/henriqueramos_qs/meta-learning-concept-drift/.venv/lib/python3.12/site-packages/torch/lib/libshm.so
7ad990b6a000-7ad990b6d000 r-xp 00003000 fc:00 35521560                   /home/henriqueramos_qs/meta-learning-concept-drift/.venv/lib/python3.12/site-packages/torch/lib/libshm.so
7ad990b6d000-7ad990b6e000 r--p 00006000 fc:00 35521560                   /home/henriqueramos_qs/meta-learning-concept-drift/.venv/lib/python3.12/site-packages/torch/lib/libshm.so
7ad990b6e000-7ad990b6f000 ---p 00007000 fc:00 35521560                   /home/henriqueramos_qs/meta-learning-concept-drift/.venv/lib/python3.12/site-packages/torch/lib/libshm.so
7ad990b6f000-7ad990b70000 r--p 00007000 fc:00 35521560                   /home/henriqueramos_qs/meta-learning-concept-drift/.venv/lib/python3.12/site-packages/torch/lib/libshm.so
7ad990b70000-7ad990b71000 rw-p 00008000 fc:00 35521560                   /home/henriqueramos_qs/meta-learning-concept-drift/.venv/lib/python3.12/site-packages/torch/lib/libshm.so
7ad990b71000-7ad990b73000 rw-p 0000c000 fc:00 35521560                   /home/henriqueramos_qs/meta-learning-concept-drift/.venv/lib/python3.12/site-packages/torch/lib/libshm.so
7ad990b73000-7ad990b7b000 r--p 00000000 fc:00 35521561                   /home/henriqueramos_qs/meta-learning-concept-drift/.venv/lib/python3.12/site-packages/torch/lib/libtorch.so
7ad990b7b000-7ad990b97000 r-xp 00008000 fc:00 35521561                   /home/henriqueramos_qs/meta-learning-concept-drift/.venv/lib/python3.12/site-packages/torch/lib/libtorch.so
7ad990b97000-7ad990b9f000 r--p 00024000 fc:00 35521561                   /home/henriqueramos_qs/meta-learning-concept-drift/.venv/lib/python3.12/site-packages/torch/lib/libtorch.so
7ad990b9f000-7ad990ba0000 ---p 0002c000 fc:00 35521561                   /home/henriqueramos_qs/meta-learning-concept-drift/.venv/lib/python3.12/site-packages/torch/lib/libtorch.so
7ad990ba0000-7ad990ba1000 r--p 0002c000 fc:00 35521561                   /home/henriqueramos_qs/meta-learning-concept-drift/.venv/lib/python3.12/site-packages/torch/lib/libtorch.so
7ad990ba1000-7ad990ba2000 rw-p 0002d000 fc:00 35521561                   /home/henriqueramos_qs/meta-learning-concept-drift/.venv/lib/python3.12/site-packages/torch/lib/libtorch.so
7ad990ba2000-7ad990ba7000 rw-p 0003b000 fc:00 35521561                   /home/henriqueramos_qs/meta-learning-concept-drift/.venv/lib/python3.12/site-packages/torch/lib/libtorch.so
7ad990ba7000-7ad990ba8000 r--p 00000000 fc:00 35414505                   /home/henriqueramos_qs/meta-learning-concept-drift/.venv/lib/python3.12/site-packages/torch/_C.cpython-312-x86_64-linux-gnu.so
7ad990ba8000-7ad990ba9000 r-xp 00001000 fc:00 35414505                   /home/henriqueramos_qs/meta-learning-concept-drift/.venv/lib/python3.12/site-packages/torch/_C.cpython-312-x86_64-linux-gnu.so
7ad990ba9000-7ad990baa000 r--p 00002000 fc:00 35414505                   /home/henriqueramos_qs/meta-learning-concept-drift/.venv/lib/python3.12/site-packages/torch/_C.cpython-312-x86_64-linux-gnu.so
7ad990baa000-7ad990bab000 r--p 00002000 fc:00 35414505                   /home/henriqueramos_qs/meta-learning-concept-drift/.venv/lib/python3.12/site-packages/torch/_C.cpython-312-x86_64-linux-gnu.so
7ad990bab000-7ad990bac000 rw-p 00003000 fc:00 35414505                   /home/henriqueramos_qs/meta-learning-concept-drift/.venv/lib/python3.12/site-packages/torch/_C.cpython-312-x86_64-linux-gnu.so
7ad990bac000-7ad990bad000 rw-p 00006000 fc:00 35414505                   /home/henriqueramos_qs/meta-learning-concept-drift/.venv/lib/python3.12/site-packages/torch/_C.cpython-312-x86_64-linux-gnu.so
7ad990bad000-7ad990baf000 r--p 00000000 08:05 8922103                    /usr/lib/jvm/java-21-openjdk-amd64/lib/libzip.so
7ad990baf000-7ad990bb4000 r-xp 00002000 08:05 8922103                    /usr/lib/jvm/java-21-openjdk-amd64/lib/libzip.so
7ad990bb4000-7ad990bb6000 r--p 00007000 08:05 8922103                    /usr/lib/jvm/java-21-openjdk-amd64/lib/libzip.so
7ad990bb6000-7ad990bb7000 r--p 00008000 08:05 8922103                    /usr/lib/jvm/java-21-openjdk-amd64/lib/libzip.so
7ad990bb7000-7ad990bb8000 rw-p 00009000 08:05 8922103                    /usr/lib/jvm/java-21-openjdk-amd64/lib/libzip.so
7ad990bb8000-7ad990bbb000 r--p 00000000 08:05 8922095                    /usr/lib/jvm/java-21-openjdk-amd64/lib/libnet.so
7ad990bbb000-7ad990bc3000 r-xp 00003000 08:05 8922095                    /usr/lib/jvm/java-21-openjdk-amd64/lib/libnet.so
7ad990bc3000-7ad990bc5000 r--p 0000b000 08:05 8922095                    /usr/lib/jvm/java-21-openjdk-amd64/lib/libnet.so
7ad990bc5000-7ad990bc6000 r--p 0000c000 08:05 8922095                    /usr/lib/jvm/java-21-openjdk-amd64/lib/libnet.so
7ad990bc6000-7ad990bc7000 rw-p 0000d000 08:05 8922095                    /usr/lib/jvm/java-21-openjdk-amd64/lib/libnet.so
7ad990bc7000-7ad990bce000 r--p 00000000 08:05 8922096                    /usr/lib/jvm/java-21-openjdk-amd64/lib/libnio.so
7ad990bce000-7ad990bd7000 r-xp 00007000 08:05 8922096                    /usr/lib/jvm/java-21-openjdk-amd64/lib/libnio.so
7ad990bd7000-7ad990bdb000 r--p 00010000 08:05 8922096                    /usr/lib/jvm/java-21-openjdk-amd64/lib/libnio.so
7ad990bdb000-7ad990bdc000 r--p 00014000 08:05 8922096                    /usr/lib/jvm/java-21-openjdk-amd64/lib/libnio.so
7ad990bdc000-7ad990bdd000 rw-p 00015000 08:05 8922096                    /usr/lib/jvm/java-21-openjdk-amd64/lib/libnio.so
7ad990bdd000-7ad990be2000 rw-p 00000000 00:00 0 
7ad990be2000-7ad990cc5000 ---p 00000000 00:00 0 
7ad990cc5000-7ad990cce000 rw-p 00000000 00:00 0 
7ad990cce000-7ad990cd6000 ---p 00000000 00:00 0 
7ad990cd6000-7ad990ce3000 r--p 00000000 08:05 8922081                    /usr/lib/jvm/java-21-openjdk-amd64/lib/libjava.so
7ad990ce3000-7ad990cf2000 r-xp 0000d000 08:05 8922081                    /usr/lib/jvm/java-21-openjdk-amd64/lib/libjava.so
7ad990cf2000-7ad990cf7000 r--p 0001c000 08:05 8922081                    /usr/lib/jvm/java-21-openjdk-amd64/lib/libjava.so
7ad990cf7000-7ad990cf8000 r--p 00021000 08:05 8922081                    /usr/lib/jvm/java-21-openjdk-amd64/lib/libjava.so
7ad990cf8000-7ad990cf9000 rw-p 00022000 08:05 8922081                    /usr/lib/jvm/java-21-openjdk-amd64/lib/libjava.so
7ad990cf9000-7ad990cfa000 rw-p 00000000 00:00 0 
7ad990cfa000-7ad990d02000 rw-s 00000000 08:05 10490937                   /tmp/hsperfdata_henriqueramos_qs/503807 (deleted)
7ad990d02000-7ad990d04000 r--p 00000000 08:05 8922084                    /usr/lib/jvm/java-21-openjdk-amd64/lib/libjimage.so
7ad990d04000-7ad990d07000 r-xp 00002000 08:05 8922084                    /usr/lib/jvm/java-21-openjdk-amd64/lib/libjimage.so
7ad990d07000-7ad990d08000 r--p 00005000 08:05 8922084                    /usr/lib/jvm/java-21-openjdk-amd64/lib/libjimage.so
7ad990d08000-7ad990d09000 r--p 00006000 08:05 8922084                    /usr/lib/jvm/java-21-openjdk-amd64/lib/libjimage.so
7ad990d09000-7ad990d0a000 rw-p 00007000 08:05 8922084                    /usr/lib/jvm/java-21-openjdk-amd64/lib/libjimage.so
7ad990d0a000-7ad99100a000 rw-p 00000000 00:00 0 
7ad99100a000-7ad991045000 r--p 00000000 fc:00 34899781                   /home/henriqueramos_qs/meta-learning-concept-drift/.venv/lib/python3.12/site-packages/_jpype.cpython-312-x86_64-linux-gnu.so
7ad991045000-7ad991099000 r-xp 0003b000 fc:00 34899781                   /home/henriqueramos_qs/meta-learning-concept-drift/.venv/lib/python3.12/site-packages/_jpype.cpython-312-x86_64-linux-gnu.so
7ad991099000-7ad9910c1000 r--p 0008f000 fc:00 34899781                   /home/henriqueramos_qs/meta-learning-concept-drift/.venv/lib/python3.12/site-packages/_jpype.cpython-312-x86_64-linux-gnu.so
7ad9910c1000-7ad9910c2000 ---p 000b7000 fc:00 34899781                   /home/henriqueramos_qs/meta-learning-concept-drift/.venv/lib/python3.12/site-packages/_jpype.cpython-312-x86_64-linux-gnu.so
7ad9910c2000-7ad9910c6000 r--p 000b7000 fc:00 34899781                   /home/henriqueramos_qs/meta-learning-concept-drift/.venv/lib/python3.12/site-packages/_jpype.cpython-312-x86_64-linux-gnu.so
7ad9910c6000-7ad9910ca000 rw-p 000bb000 fc:00 34899781                   /home/henriqueramos_qs/meta-learning-concept-drift/.venv/lib/python3.12/site-packages/_jpype.cpython-312-x86_64-linux-gnu.so
7ad9910ca000-7ad9917ca000 rw-p 00000000 00:00 0 
7ad9917ca000-7ad9917ce000 r--p 00000000 fc:00 35397628                   /home/henriqueramos_qs/meta-learning-concept-drift/.venv/lib/python3.12/site-packages/scipy/signal/_peak_finding_utils.cpython-312-x86_64-linux-gnu.so
7ad9917ce000-7ad9917e4000 r-xp 00004000 fc:00 35397628                   /home/henriqueramos_qs/meta-learning-concept-drift/.venv/lib/python3.12/site-packages/scipy/signal/_peak_finding_utils.cpython-312-x86_64-linux-gnu.so
7ad9917e4000-7ad9917eb000 r--p 0001a000 fc:00 35397628                   /home/henriqueramos_qs/meta-learning-concept-drift/.venv/lib/python3.12/site-packages/scipy/signal/_peak_finding_utils.cpython-312-x86_64-linux-gnu.so
7ad9917eb000-7ad9917ec000 r--p 00020000 fc:00 35397628                   /home/henriqueramos_qs/meta-learning-concept-drift/.venv/lib/python3.12/site-packages/scipy/signal/_peak_finding_utils.cpython-312-x86_64-linux-gnu.so
7ad9917ec000-7ad9917ed000 rw-p 00021000 fc:00 35397628                   /home/henriqueramos_qs/meta-learning-concept-drift/.venv/lib/python3.12/site-packages/scipy/signal/_peak_finding_utils.cpython-312-x86_64-linux-gnu.so
7ad9917ed000-7ad9917f1000 r--p 00000000 fc:00 35397635                   /home/henriqueramos_qs/meta-learning-concept-drift/.venv/lib/python3.12/site-packages/scipy/signal/_sosfilt.cpython-312-x86_64-linux-gnu.so
7ad9917f1000-7ad991809000 r-xp 00004000 fc:00 35397635                   /home/henriqueramos_qs/meta-learning-concept-drift/.venv/lib/python3.12/site-packages/scipy/signal/_sosfilt.cpython-312-x86_64-linux-gnu.so
7ad991809000-7ad99180e000 r--p 0001c000 fc:00 35397635                   /home/henriqueramos_qs/meta-learning-concept-drift/.venv/lib/python3.12/site-packages/scipy/signal/_sosfilt.cpython-312-x86_64-linux-gnu.so
7ad99180e000-7ad99180f000 ---p 00021000 fc:00 35397635                   /home/henriqueramos_qs/meta-learning-concept-drift/.venv/lib/python3.12/site-packages/scipy/signal/_sosfilt.cpython-312-x86_64-linux-gnu.so
7ad99180f000-7ad991810000 r--p 00021000 fc:00 35397635                   /home/henriqueramos_qs/meta-learning-concept-drift/.venv/lib/python3.12/site-packages/scipy/signal/_sosfilt.cpython-312-x86_64-linux-gnu.so
7ad991810000-7ad991811000 rw-p 00022000 fc:00 35397635                   /home/henriqueramos_qs/meta-learning-concept-drift/.venv/lib/python3.12/site-packages/scipy/signal/_sosfilt.cpython-312-x86_64-linux-gnu.so
7ad991811000-7ad991912000 rw-p 00000000 00:00 0 
7ad991912000-7ad991913000 r--p 00000000 fc:00 35397637                   /home/henriqueramos_qs/meta-learning-concept-drift/.venv/lib/python3.12/site-packages/scipy/signal/_spline.cpython-312-x86_64-linux-gnu.so
7ad991913000-7ad99191c000 r-xp 00001000 fc:00 35397637                   /home/henriqueramos_qs/meta-learning-concept-drift/.venv/lib/python3.12/site-packages/scipy/signal/_spline.cpython-312-x86_64-linux-gnu.so
7ad99191c000-7ad99191d000 r--p 0000a000 fc:00 35397637                   /home/henriqueramos_qs/meta-learning-concept-drift/.venv/lib/python3.12/site-packages/scipy/signal/_spline.cpython-312-x86_64-linux-gnu.so
7ad99191d000-7ad99191e000 r--p 0000a000 fc:00 35397637                   /home/henriqueramos_qs/meta-learning-concept-drift/.venv/lib/python3.12/site-packages/scipy/signal/_spline.cpython-312-x86_64-linux-gnu.so
7ad99191e000-7ad991920000 rw-p 0000b000 fc:00 35397637                   /home/henriqueramos_qs/meta-learning-concept-drift/.venv/lib/python3.12/site-packages/scipy/signal/_spline.cpython-312-x86_64-linux-gnu.so
7ad991920000-7ad991925000 r--p 00000000 fc:00 35397642                   /home/henriqueramos_qs/meta-learning-concept-drift/.venv/lib/python3.12/site-packages/scipy/signal/_upfirdn_apply.cpython-312-x86_64-linux-gnu.so
7ad991925000-7ad99194d000 r-xp 00005000 fc:00 35397642                   /home/henriqueramos_qs/meta-learning-concept-drift/.venv/lib/python3.12/site-packages/scipy/signal/_upfirdn_apply.cpython-312-x86_64-linux-gnu.so
7ad99194d000-7ad991954000 r--p 0002d000 fc:00 35397642                   /home/henriqueramos_qs/meta-learning-concept-drift/.venv/lib/python3.12/site-packages/scipy/signal/_upfirdn_apply.cpython-312-x86_64-linux-gnu.so
7ad991954000-7ad991955000 ---p 00034000 fc:00 35397642                   /home/henriqueramos_qs/meta-learning-concept-drift/.venv/lib/python3.12/site-packages/scipy/signal/_upfirdn_apply.cpython-312-x86_64-linux-gnu.so
7ad991955000-7ad991956000 r--p 00034000 fc:00 35397642                   /home/henriqueramos_qs/meta-learning-concept-drift/.venv/lib/python3.12/site-packages/scipy/signal/_upfirdn_apply.cpython-312-x86_64-linux-gnu.so
7ad991956000-7ad991957000 rw-p 00035000 fc:00 35397642                   /home/henriqueramos_qs/meta-learning-concept-drift/.venv/lib/python3.12/site-packages/scipy/signal/_upfirdn_apply.cpython-312-x86_64-linux-gnu.so
7ad991957000-7ad991958000 rw-p 00000000 00:00 0 
7ad991958000-7ad99195b000 r--p 00000000 fc:00 35397626                   /home/henriqueramos_qs/meta-learning-concept-drift/.venv/lib/python3.12/site-packages/scipy/signal/_max_len_seq_inner.cpython-312-x86_64-linux-gnu.so
7ad99195b000-7ad991963000 r-xp 00003000 fc:00 35397626                   /home/henriqueramos_qs/meta-learning-concept-drift/.venv/lib/python3.12/site-packages/scipy/signal/_max_len_seq_inner.cpython-312-x86_64-linux-gnu.so
7ad991963000-7ad991966000 r--p 0000b000 fc:00 35397626                   /home/henriqueramos_qs/meta-learning-concept-drift/.venv/lib/python3.12/site-packages/scipy/signal/_max_len_seq_inner.cpython-312-x86_64-linux-gnu.so
7ad991966000-7ad991967000 r--p 0000d000 fc:00 35397626                   /home/henriqueramos_qs/meta-learning-concept-drift/.venv/lib/python3.12/site-packages/scipy/signal/_max_len_seq_inner.cpython-312-x86_64-linux-gnu.so
7ad991967000-7ad991968000 rw-p 0000e000 fc:00 35397626                   /home/henriqueramos_qs/meta-learning-concept-drift/.venv/lib/python3.12/site-packages/scipy/signal/_max_len_seq_inner.cpython-312-x86_64-linux-gnu.so
7ad991968000-7ad99196a000 r--p 00000000 fc:00 35397634                   /home/henriqueramos_qs/meta-learning-concept-drift/.venv/lib/python3.12/site-packages/scipy/signal/_sigtools.cpython-312-x86_64-linux-gnu.so
7ad99196a000-7ad99197f000 r-xp 00002000 fc:00 35397634                   /home/henriqueramos_qs/meta-learning-concept-drift/.venv/lib/python3.12/site-packages/scipy/signal/_sigtools.cpython-312-x86_64-linux-gnu.so
7ad99197f000-7ad991981000 r--p 00017000 fc:00 35397634                   /home/henriqueramos_qs/meta-learning-concept-drift/.venv/lib/python3.12/site-packages/scipy/signal/_sigtools.cpython-312-x86_64-linux-gnu.so
7ad991981000-7ad991982000 r--p 00018000 fc:00 35397634                   /home/henriqueramos_qs/meta-learning-concept-drift/.venv/lib/python3.12/site-packages/scipy/signal/_sigtools.cpython-312-x86_64-linux-gnu.so
7ad991982000-7ad991983000 rw-p 00019000 fc:00 35397634                   /home/henriqueramos_qs/meta-learning-concept-drift/.venv/lib/python3.12/site-packages/scipy/signal/_sigtools.cpython-312-x86_64-linux-gnu.so
7ad991983000-7ad991987000 r--p 00000000 fc:00 35400126                   /home/henriqueramos_qs/meta-learning-concept-drift/.venv/lib/python3.12/site-packages/sklearn/manifold/_utils.cpython-312-x86_64-linux-gnu.so
7ad991987000-7ad991990000 r-xp 00004000 fc:00 35400126                   /home/henriqueramos_qs/meta-learning-concept-drift/.venv/lib/python3.12/site-packages/sklearn/manifold/_utils.cpython-312-x86_64-linux-gnu.so
7ad991990000-7ad991994000 r--p 0000d000 fc:00 35400126                   /home/henriqueramos_qs/meta-learning-concept-drift/.venv/lib/python3.12/site-packages/sklearn/manifold/_utils.cpython-312-x86_64-linux-gnu.so
7ad991994000-7ad991995000 ---p 00011000 fc:00 35400126                   /home/henriqueramos_qs/meta-learning-concept-drift/.venv/lib/python3.12/site-packages/sklearn/manifold/_utils.cpython-312-x86_64-linux-gnu.so
7ad991995000-7ad991996000 r--p 00011000 fc:00 35400126                   /home/henriqueramos_qs/meta-learning-concept-drift/.venv/lib/python3.12/site-packages/sklearn/manifold/_utils.cpython-312-x86_64-linux-gnu.so
7ad991996000-7ad991997000 rw-p 00012000 fc:00 35400126                   /home/henriqueramos_qs/meta-learning-concept-drift/.venv/lib/python3.12/site-packages/sklearn/manifold/_utils.cpython-312-x86_64-linux-gnu.so
7ad991997000-7ad99199b000 r--p 00000000 fc:00 35399500                   /home/henriqueramos_qs/meta-learning-concept-drift/.venv/lib/python3.12/site-packages/sklearn/_isotonic.cpython-312-x86_64-linux-gnu.so
7ad99199b000-7ad9919b7000 r-xp 00004000 fc:00 35399500                   /home/henriqueramos_qs/meta-learning-concept-drift/.venv/lib/python3.12/site-packages/sklearn/_isotonic.cpython-312-x86_64-linux-gnu.so
7ad9919b7000-7ad9919bd000 r--p 00020000 fc:00 35399500                   /home/henriqueramos_qs/meta-learning-concept-drift/.venv/lib/python3.12/site-packages/sklearn/_isotonic.cpython-312-x86_64-linux-gnu.so
7ad9919bd000-7ad9919be000 r--p 00025000 fc:00 35399500                   /home/henriqueramos_qs/meta-learning-concept-drift/.venv/lib/python3.12/site-packages/sklearn/_isotonic.cpython-312-x86_64-linux-gnu.so
7ad9919be000-7ad9919bf000 rw-p 00026000 fc:00 35399500                   /home/henriqueramos_qs/meta-learning-concept-drift/.venv/lib/python3.12/site-packages/sklearn/_isotonic.cpython-312-x86_64-linux-gnu.so
7ad9919bf000-7ad9919c0000 rw-p 00000000 00:00 0 
7ad9919c0000-7ad9919c5000 r--p 00000000 fc:00 35399571                   /home/henriqueramos_qs/meta-learning-concept-drift/.venv/lib/python3.12/site-packages/sklearn/cluster/_hdbscan/_reachability.cpython-312-x86_64-linux-gnu.so
7ad9919c5000-7ad9919ed000 r-xp 00005000 fc:00 35399571                   /home/henriqueramos_qs/meta-learning-concept-drift/.venv/lib/python3.12/site-packages/sklearn/cluster/_hdbscan/_reachability.cpython-312-x86_64-linux-gnu.so
7ad9919ed000-7ad9919f4000 r--p 0002d000 fc:00 35399571                   /home/henriqueramos_qs/meta-learning-concept-drift/.venv/lib/python3.12/site-packages/sklearn/cluster/_hdbscan/_reachability.cpython-312-x86_64-linux-gnu.so
7ad9919f4000-7ad9919f5000 ---p 00034000 fc:00 35399571                   /home/henriqueramos_qs/meta-learning-concept-drift/.venv/lib/python3.12/site-packages/sklearn/cluster/_hdbscan/_reachability.cpython-312-x86_64-linux-gnu.so
7ad9919f5000-7ad9919f6000 r--p 00034000 fc:00 35399571                   /home/henriqueramos_qs/meta-learning-concept-drift/.venv/lib/python3.12/site-packages/sklearn/cluster/_hdbscan/_reachability.cpython-312-x86_64-linux-gnu.so
7ad9919f6000-7ad9919f7000 rw-p 00035000 fc:00 35399571                   /home/henriqueramos_qs/meta-learning-concept-drift/.venv/lib/python3.12/site-packages/sklearn/cluster/_hdbscan/_reachability.cpython-312-x86_64-linux-gnu.so
7ad9919f7000-7ad9919f8000 rw-p 00000000 00:00 0 
7ad9919f8000-7ad9919fd000 r--p 00000000 fc:00 35399573                   /home/henriqueramos_qs/meta-learning-concept-drift/.venv/lib/python3.12/site-packages/sklearn/cluster/_hdbscan/_tree.cpython-312-x86_64-linux-gnu.so
7ad9919fd000-7ad991a29000 r-xp 00005000 fc:00 35399573                   /home/henriqueramos_qs/meta-learning-concept-drift/.venv/lib/python3.12/site-packages/sklearn/cluster/_hdbscan/_tree.cpython-312-x86_64-linux-gnu.so
7ad991a29000-7ad991a31000 r--p 00031000 fc:00 35399573                   /home/henriqueramos_qs/meta-learning-concept-drift/.venv/lib/python3.12/site-packages/sklearn/cluster/_hdbscan/_tree.cpython-312-x86_64-linux-gnu.so
7ad991a31000-7ad991a32000 r--p 00038000 fc:00 35399573                   /home/henriqueramos_qs/meta-learning-concept-drift/.venv/lib/python3.12/site-packages/sklearn/cluster/_hdbscan/_tree.cpython-312-x86_64-linux-gnu.so
7ad991a32000-7ad991a33000 rw-p 00039000 fc:00 35399573                   /home/henriqueramos_qs/meta-learning-concept-drift/.venv/lib/python3.12/site-packages/sklearn/cluster/_hdbscan/_tree.cpython-312-x86_64-linux-gnu.so
7ad991a33000-7ad991a34000 rw-p 00000000 00:00 0 
7ad991a34000-7ad991a38000 r--p 00000000 fc:00 35399560                   /home/henriqueramos_qs/meta-learning-concept-drift/.venv/lib/python3.12/site-packages/sklearn/cluster/_k_means_minibatch.cpython-312-x86_64-linux-gnu.so
7ad991a38000-7ad991a56000 r-xp 00004000 fc:00 35399560                   /home/henriqueramos_qs/meta-learning-concept-drift/.venv/lib/python3.12/site-packages/sklearn/cluster/_k_means_minibatch.cpython-312-x86_64-linux-gnu.so
7ad991a56000-7ad991a5c000 r--p 00022000 fc:00 35399560                   /home/henriqueramos_qs/meta-learning-concept-drift/.venv/lib/python3.12/site-packages/sklearn/cluster/_k_means_minibatch.cpython-312-x86_64-linux-gnu.so
7ad991a5c000-7ad991a5d000 r--p 00027000 fc:00 35399560                   /home/henriqueramos_qs/meta-learning-concept-drift/.venv/lib/python3.12/site-packages/sklearn/cluster/_k_means_minibatch.cpython-312-x86_64-linux-gnu.so
7ad991a5d000-7ad991a5e000 rw-p 00028000 fc:00 35399560                   /home/henriqueramos_qs/meta-learning-concept-drift/.venv/lib/python3.12/site-packages/sklearn/cluster/_k_means_minibatch.cpython-312-x86_64-linux-gnu.so
7ad991a5e000-7ad991a5f000 rw-p 00000000 00:00 0 
7ad991a5f000-7ad991a62000 rw-p 0002f000 fc:00 35399560                   /home/henriqueramos_qs/meta-learning-concept-drift/.venv/lib/python3.12/site-packages/sklearn/cluster/_k_means_minibatch.cpython-312-x86_64-linux-gnu.so
7ad991a62000-7ad991a67000 r--p 00000000 fc:00 35399558                   /home/henriqueramos_qs/meta-learning-concept-drift/.venv/lib/python3.12/site-packages/sklearn/cluster/_k_means_lloyd.cpython-312-x86_64-linux-gnu.so
7ad991a67000-7ad991a90000 r-xp 00005000 fc:00 35399558                   /home/henriqueramos_qs/meta-learning-concept-drift/.venv/lib/python3.12/site-packages/sklearn/cluster/_k_means_lloyd.cpython-312-x86_64-linux-gnu.so
7ad991a90000-7ad991a98000 r--p 0002e000 fc:00 35399558                   /home/henriqueramos_qs/meta-learning-concept-drift/.venv/lib/python3.12/site-packages/sklearn/cluster/_k_means_lloyd.cpython-312-x86_64-linux-gnu.so
7ad991a98000-7ad991a99000 ---p 00036000 fc:00 35399558                   /home/henriqueramos_qs/meta-learning-concept-drift/.venv/lib/python3.12/site-packages/sklearn/cluster/_k_means_lloyd.cpython-312-x86_64-linux-gnu.so
7ad991a99000-7ad991a9a000 r--p 00036000 fc:00 35399558                   /home/henriqueramos_qs/meta-learning-concept-drift/.venv/lib/python3.12/site-packages/sklearn/cluster/_k_means_lloyd.cpython-312-x86_64-linux-gnu.so
7ad991a9a000-7ad991a9b000 rw-p 00037000 fc:00 35399558                   /home/henriqueramos_qs/meta-learning-concept-drift/.venv/lib/python3.12/site-packages/sklearn/cluster/_k_means_lloyd.cpython-312-x86_64-linux-gnu.so
7ad991a9b000-7ad991a9c000 rw-p 00000000 00:00 0 
7ad991a9c000-7ad991a9f000 rw-p 0003f000 fc:00 35399558                   /home/henriqueramos_qs/meta-learning-concept-drift/.venv/lib/python3.12/site-packages/sklearn/cluster/_k_means_lloyd.cpython-312-x86_64-linux-gnu.so
7ad991a9f000-7ad991aa4000 r--p 00000000 fc:00 35399556                   /home/henriqueramos_qs/meta-learning-concept-drift/.venv/lib/python3.12/site-packages/sklearn/cluster/_k_means_elkan.cpython-312-x86_64-linux-gnu.so
7ad991aa4000-7ad991ae6000 r-xp 00005000 fc:00 35399556                   /home/henriqueramos_qs/meta-learning-concept-drift/.venv/lib/python3.12/site-packages/sklearn/cluster/_k_means_elkan.cpython-312-x86_64-linux-gnu.so
7ad991ae6000-7ad991af1000 r--p 00047000 fc:00 35399556                   /home/henriqueramos_qs/meta-learning-concept-drift/.venv/lib/python3.12/site-packages/sklearn/cluster/_k_means_elkan.cpython-312-x86_64-linux-gnu.so
7ad991af1000-7ad991af2000 ---p 00052000 fc:00 35399556                   /home/henriqueramos_qs/meta-learning-concept-drift/.venv/lib/python3.12/site-packages/sklearn/cluster/_k_means_elkan.cpython-312-x86_64-linux-gnu.so
7ad991af2000-7ad991af3000 r--p 00052000 fc:00 35399556                   /home/henriqueramos_qs/meta-learning-concept-drift/.venv/lib/python3.12/site-packages/sklearn/cluster/_k_means_elkan.cpython-312-x86_64-linux-gnu.so
7ad991af3000-7ad991af4000 rw-p 00053000 fc:00 35399556                   /home/henriqueramos_qs/meta-learning-concept-drift/.venv/lib/python3.12/site-packages/sklearn/cluster/_k_means_elkan.cpython-312-x86_64-linux-gnu.so
7ad991af4000-7ad991af5000 rw-p 00000000 00:00 0 
7ad991af5000-7ad991af8000 rw-p 0005c000 fc:00 35399556                   /home/henriqueramos_qs/meta-learning-concept-drift/.venv/lib/python3.12/site-packages/sklearn/cluster/_k_means_elkan.cpython-312-x86_64-linux-gnu.so
7ad991af8000-7ad991afd000 r--p 00000000 fc:00 35399553                   /home/henriqueramos_qs/meta-learning-concept-drift/.venv/lib/python3.12/site-packages/sklearn/cluster/_k_means_common.cpython-312-x86_64-linux-gnu.so
7ad991afd000-7ad991b46000 r-xp 00005000 fc:00 35399553                   /home/henriqueramos_qs/meta-learning-concept-drift/.venv/lib/python3.12/site-packages/sklearn/cluster/_k_means_common.cpython-312-x86_64-linux-gnu.so
7ad991b46000-7ad991b4f000 r--p 0004e000 fc:00 35399553                   /home/henriqueramos_qs/meta-learning-concept-drift/.venv/lib/python3.12/site-packages/sklearn/cluster/_k_means_common.cpython-312-x86_64-linux-gnu.so
7ad991b4f000-7ad991b50000 ---p 00057000 fc:00 35399553                   /home/henriqueramos_qs/meta-learning-concept-drift/.venv/lib/python3.12/site-packages/sklearn/cluster/_k_means_common.cpython-312-x86_64-linux-gnu.so
7ad991b50000-7ad991b51000 r--p 00057000 fc:00 35399553                   /home/henriqueramos_qs/meta-learning-concept-drift/.venv/lib/python3.12/site-packages/sklearn/cluster/_k_means_common.cpython-312-x86_64-linux-gnu.so
7ad991b51000-7ad991b53000 rw-p 00058000 fc:00 35399553                   /home/henriqueramos_qs/meta-learning-concept-drift/.venv/lib/python3.12/site-packages/sklearn/cluster/_k_means_common.cpython-312-x86_64-linux-gnu.so
7ad991b53000-7ad991b56000 rw-p 00062000 fc:00 35399553                   /home/henriqueramos_qs/meta-learning-concept-drift/.venv/lib/python3.12/site-packages/sklearn/cluster/_k_means_common.cpython-312-x86_64-linux-gnu.so
7ad991b56000-7ad991b5b000 r--p 00000000 fc:00 35399550                   /home/henriqueramos_qs/meta-learning-concept-drift/.venv/lib/python3.12/site-packages/sklearn/cluster/_hierarchical_fast.cpython-312-x86_64-linux-gnu.so
7ad991b5b000-7ad991b76000 r-xp 00005000 fc:00 35399550                   /home/henriqueramos_qs/meta-learning-concept-drift/.venv/lib/python3.12/site-packages/sklearn/cluster/_hierarchical_fast.cpython-312-x86_64-linux-gnu.so
7ad991b76000-7ad991b7e000 r--p 00020000 fc:00 35399550                   /home/henriqueramos_qs/meta-learning-concept-drift/.venv/lib/python3.12/site-packages/sklearn/cluster/_hierarchical_fast.cpython-312-x86_64-linux-gnu.so
7ad991b7e000-7ad991b7f000 ---p 00028000 fc:00 35399550                   /home/henriqueramos_qs/meta-learning-concept-drift/.venv/lib/python3.12/site-packages/sklearn/cluster/_hierarchical_fast.cpython-312-x86_64-linux-gnu.so
7ad991b7f000-7ad991b80000 r--p 00028000 fc:00 35399550                   /home/henriqueramos_qs/meta-learning-concept-drift/.venv/lib/python3.12/site-packages/sklearn/cluster/_hierarchical_fast.cpython-312-x86_64-linux-gnu.so
7ad991b80000-7ad991b82000 rw-p 00029000 fc:00 35399550                   /home/henriqueramos_qs/meta-learning-concept-drift/.venv/lib/python3.12/site-packages/sklearn/cluster/_hierarchical_fast.cpython-312-x86_64-linux-gnu.so
7ad991b82000-7ad991b87000 r--p 00000000 fc:00 35400428                   /home/henriqueramos_qs/meta-learning-concept-drift/.venv/lib/python3.12/site-packages/sklearn/utils/_fast_dict.cpython-312-x86_64-linux-gnu.so
7ad991b87000-7ad991b9b000 r-xp 00005000 fc:00 35400428                   /home/henriqueramos_qs/meta-learning-concept-drift/.venv/lib/python3.12/site-packages/sklearn/utils/_fast_dict.cpython-312-x86_64-linux-gnu.so
7ad991b9b000-7ad991ba1000 r--p 00019000 fc:00 35400428                   /home/henriqueramos_qs/meta-learning-concept-drift/.venv/lib/python3.12/site-packages/sklearn/utils/_fast_dict.cpython-312-x86_64-linux-gnu.so
7ad991ba1000-7ad991ba2000 ---p 0001f000 fc:00 35400428                   /home/henriqueramos_qs/meta-learning-concept-drift/.venv/lib/python3.12/site-packages/sklearn/utils/_fast_dict.cpython-312-x86_64-linux-gnu.so
7ad991ba2000-7ad991ba3000 r--p 0001f000 fc:00 35400428                   /home/henriqueramos_qs/meta-learning-concept-drift/.venv/lib/python3.12/site-packages/sklearn/utils/_fast_dict.cpython-312-x86_64-linux-gnu.so
7ad991ba3000-7ad991ba5000 rw-p 00020000 fc:00 35400428                   /home/henriqueramos_qs/meta-learning-concept-drift/.venv/lib/python3.12/site-packages/sklearn/utils/_fast_dict.cpython-312-x86_64-linux-gnu.so
7ad991ba5000-7ad991da5000 rw-p 00000000 00:00 0 
7ad991da5000-7ad991dac000 r--p 00000000 fc:00 35402728                   /home/henriqueramos_qs/meta-learning-concept-drift/.venv/lib/python3.12/site-packages/kiwisolver/_cext.cpython-312-x86_64-linux-gnu.so
7ad991dac000-7ad991dd0000 r-xp 00007000 fc:00 35402728                   /home/henriqueramos_qs/meta-learning-concept-drift/.venv/lib/python3.12/site-packages/kiwisolver/_cext.cpython-312-x86_64-linux-gnu.so
7ad991dd0000-7ad991dd6000 r--p 0002b000 fc:00 35402728                   /home/henriqueramos_qs/meta-learning-concept-drift/.venv/lib/python3.12/site-packages/kiwisolver/_cext.cpython-312-x86_64-linux-gnu.so
7ad991dd6000-7ad991dd7000 r--p 00030000 fc:00 35402728                   /home/henriqueramos_qs/meta-learning-concept-drift/.venv/lib/python3.12/site-packages/kiwisolver/_cext.cpython-312-x86_64-linux-gnu.so
7ad991dd7000-7ad991dd8000 rw-p 00031000 fc:00 35402728                   /home/henriqueramos_qs/meta-learning-concept-drift/.venv/lib/python3.12/site-packages/kiwisolver/_cext.cpython-312-x86_64-linux-gnu.so
7ad991dd8000-7ad991dd9000 rw-p 00000000 00:00 0 
7ad991dd9000-7ad991df2000 r--p 00000000 fc:00 35403747                   /home/henriqueramos_qs/meta-learning-concept-drift/.venv/lib/python3.12/site-packages/matplotlib/ft2font.cpython-312-x86_64-linux-gnu.so
7ad991df2000-7ad991ebc000 r-xp 00019000 fc:00 35403747                   /home/henriqueramos_qs/meta-learning-concept-drift/.venv/lib/python3.12/site-packages/matplotlib/ft2font.cpython-312-x86_64-linux-gnu.so
7ad991ebc000-7ad991ef8000 r--p 000e3000 fc:00 35403747                   /home/henriqueramos_qs/meta-learning-concept-drift/.venv/lib/python3.12/site-packages/matplotlib/ft2font.cpython-312-x86_64-linux-gnu.so
7ad991ef8000-7ad991eff000 r--p 0011e000 fc:00 35403747                   /home/henriqueramos_qs/meta-learning-concept-drift/.venv/lib/python3.12/site-packages/matplotlib/ft2font.cpython-312-x86_64-linux-gnu.so
7ad991eff000-7ad991f00000 rw-p 00125000 fc:00 35403747                   /home/henriqueramos_qs/meta-learning-concept-drift/.venv/lib/python3.12/site-packages/matplotlib/ft2font.cpython-312-x86_64-linux-gnu.so
7ad991f00000-7ad992200000 rw-p 00000000 00:00 0 
7ad992200000-7ad992203000 r-xp 00000000 fc:00 35402594                   /home/henriqueramos_qs/meta-learning-concept-drift/.venv/lib/python3.12/site-packages/pillow.libs/libXau-154567c4.so.6.0.0
7ad992203000-7ad992402000 ---p 00003000 fc:00 35402594                   /home/henriqueramos_qs/meta-learning-concept-drift/.venv/lib/python3.12/site-packages/pillow.libs/libXau-154567c4.so.6.0.0
7ad992402000-7ad992403000 r--p 00002000 fc:00 35402594                   /home/henriqueramos_qs/meta-learning-concept-drift/.venv/lib/python3.12/site-packages/pillow.libs/libXau-154567c4.so.6.0.0
7ad992403000-7ad992404000 rw-p 00000000 00:00 0 
7ad992404000-7ad992405000 rw-p 00005000 fc:00 35402594                   /home/henriqueramos_qs/meta-learning-concept-drift/.venv/lib/python3.12/site-packages/pillow.libs/libXau-154567c4.so.6.0.0
7ad992408000-7ad99240c000 r--p 00000000 fc:00 35400119                   /home/henriqueramos_qs/meta-learning-concept-drift/.venv/lib/python3.12/site-packages/sklearn/manifold/_barnes_hut_tsne.cpython-312-x86_64-linux-gnu.so
7ad99240c000-7ad99241b000 r-xp 00004000 fc:00 35400119                   /home/henriqueramos_qs/meta-learning-concept-drift/.venv/lib/python3.12/site-packages/sklearn/manifold/_barnes_hut_tsne.cpython-312-x86_64-linux-gnu.so
7ad99241b000-7ad992420000 r--p 00013000 fc:00 35400119                   /home/henriqueramos_qs/meta-learning-concept-drift/.venv/lib/python3.12/site-packages/sklearn/manifold/_barnes_hut_tsne.cpython-312-x86_64-linux-gnu.so
7ad992420000-7ad992421000 r--p 00017000 fc:00 35400119                   /home/henriqueramos_qs/meta-learning-concept-drift/.venv/lib/python3.12/site-packages/sklearn/manifold/_barnes_hut_tsne.cpython-312-x86_64-linux-gnu.so
7ad992421000-7ad992422000 rw-p 00018000 fc:00 35400119                   /home/henriqueramos_qs/meta-learning-concept-drift/.venv/lib/python3.12/site-packages/sklearn/manifold/_barnes_hut_tsne.cpython-312-x86_64-linux-gnu.so
7ad992422000-7ad992425000 rw-p 0001e000 fc:00 35400119                   /home/henriqueramos_qs/meta-learning-concept-drift/.venv/lib/python3.12/site-packages/sklearn/manifold/_barnes_hut_tsne.cpython-312-x86_64-linux-gnu.so
7ad992425000-7ad992434000 r--p 00000000 fc:00 35403722                   /home/henriqueramos_qs/meta-learning-concept-drift/.venv/lib/python3.12/site-packages/matplotlib/_image.cpython-312-x86_64-linux-gnu.so
7ad992434000-7ad992480000 r-xp 0000f000 fc:00 35403722                   /home/henriqueramos_qs/meta-learning-concept-drift/.venv/lib/python3.12/site-packages/matplotlib/_image.cpython-312-x86_64-linux-gnu.so
7ad992480000-7ad992490000 r--p 0005b000 fc:00 35403722                   /home/henriqueramos_qs/meta-learning-concept-drift/.venv/lib/python3.12/site-packages/matplotlib/_image.cpython-312-x86_64-linux-gnu.so
7ad992490000-7ad992491000 r--p 0006a000 fc:00 35403722                   /home/henriqueramos_qs/meta-learning-concept-drift/.venv/lib/python3.12/site-packages/matplotlib/_image.cpython-312-x86_64-linux-gnu.so
7ad992491000-7ad992492000 rw-p 0006b000 fc:00 35403722                   /home/henriqueramos_qs/meta-learning-concept-drift/.venv/lib/python3.12/site-packages/matplotlib/_image.cpython-312-x86_64-linux-gnu.so
7ad992492000-7ad992493000 rw-p 00000000 00:00 0 
7ad992493000-7ad9924a2000 r--p 00000000 fc:00 35403818                   /home/henriqueramos_qs/meta-learning-concept-drift/.venv/lib/python3.12/site-packages/matplotlib/_path.cpython-312-x86_64-linux-gnu.so
7ad9924a2000-7ad9924df000 r-xp 0000f000 fc:00 35403818                   /home/henriqueramos_qs/meta-learning-concept-drift/.venv/lib/python3.12/site-packages/matplotlib/_path.cpython-312-x86_64-linux-gnu.so
7ad9924df000-7ad9924ee000 r--p 0004c000 fc:00 35403818                   /home/henriqueramos_qs/meta-learning-concept-drift/.venv/lib/python3.12/site-packages/matplotlib/_path.cpython-312-x86_64-linux-gnu.so
7ad9924ee000-7ad9924ef000 ---p 0005b000 fc:00 35403818                   /home/henriqueramos_qs/meta-learning-concept-drift/.venv/lib/python3.12/site-packages/matplotlib/_path.cpython-312-x86_64-linux-gnu.so
7ad9924ef000-7ad9924f0000 r--p 0005b000 fc:00 35403818                   /home/henriqueramos_qs/meta-learning-concept-drift/.venv/lib/python3.12/site-packages/matplotlib/_path.cpython-312-x86_64-linux-gnu.so
7ad9924f0000-7ad9924f1000 rw-p 0005c000 fc:00 35403818                   /home/henriqueramos_qs/meta-learning-concept-drift/.venv/lib/python3.12/site-packages/matplotlib/_path.cpython-312-x86_64-linux-gnu.so
7ad9924f1000-7ad9925f2000 rw-p 00000000 00:00 0 
7ad9925f2000-7ad9925f6000 r--p 00000000 fc:00 35402602                   /home/henriqueramos_qs/meta-learning-concept-drift/.venv/lib/python3.12/site-packages/pillow.libs/liblzma-64b7ab39.so.5.8.1
7ad9925f6000-7ad992623000 r-xp 00004000 fc:00 35402602                   /home/henriqueramos_qs/meta-learning-concept-drift/.venv/lib/python3.12/site-packages/pillow.libs/liblzma-64b7ab39.so.5.8.1
7ad992623000-7ad992630000 r--p 00031000 fc:00 35402602                   /home/henriqueramos_qs/meta-learning-concept-drift/.venv/lib/python3.12/site-packages/pillow.libs/liblzma-64b7ab39.so.5.8.1
7ad992630000-7ad992631000 r--p 0003e000 fc:00 35402602                   /home/henriqueramos_qs/meta-learning-concept-drift/.venv/lib/python3.12/site-packages/pillow.libs/liblzma-64b7ab39.so.5.8.1
7ad992631000-7ad992634000 rw-p 0003f000 fc:00 35402602                   /home/henriqueramos_qs/meta-learning-concept-drift/.venv/lib/python3.12/site-packages/pillow.libs/liblzma-64b7ab39.so.5.8.1
7ad992634000-7ad99263c000 r--p 00000000 fc:00 35402603                   /home/henriqueramos_qs/meta-learning-concept-drift/.venv/lib/python3.12/site-packages/pillow.libs/libopenjp2-56811f71.so.2.5.3
7ad99263c000-7ad9926ab000 r-xp 00008000 fc:00 35402603                   /home/henriqueramos_qs/meta-learning-concept-drift/.venv/lib/python3.12/site-packages/pillow.libs/libopenjp2-56811f71.so.2.5.3
7ad9926ab000-7ad9926be000 r--p 00077000 fc:00 35402603                   /home/henriqueramos_qs/meta-learning-concept-drift/.venv/lib/python3.12/site-packages/pillow.libs/libopenjp2-56811f71.so.2.5.3
7ad9926be000-7ad9926bf000 r--p 0008a000 fc:00 35402603                   /home/henriqueramos_qs/meta-learning-concept-drift/.venv/lib/python3.12/site-packages/pillow.libs/libopenjp2-56811f71.so.2.5.3
7ad9926bf000-7ad9926c0000 rw-p 0008b000 fc:00 35402603                   /home/henriqueramos_qs/meta-learning-concept-drift/.venv/lib/python3.12/site-packages/pillow.libs/libopenjp2-56811f71.so.2.5.3
7ad9926c0000-7ad9926c3000 rw-p 0008d000 fc:00 35402603                   /home/henriqueramos_qs/meta-learning-concept-drift/.venv/lib/python3.12/site-packages/pillow.libs/libopenjp2-56811f71.so.2.5.3
7ad9926c3000-7ad9926c9000 r--p 00000000 fc:00 35402600                   /home/henriqueramos_qs/meta-learning-concept-drift/.venv/lib/python3.12/site-packages/pillow.libs/libjpeg-8a13c6e0.so.62.4.0
7ad9926c9000-7ad992760000 r-xp 00006000 fc:00 35402600                   /home/henriqueramos_qs/meta-learning-concept-drift/.venv/lib/python3.12/site-packages/pillow.libs/libjpeg-8a13c6e0.so.62.4.0
7ad992760000-7ad992789000 r--p 0009d000 fc:00 35402600                   /home/henriqueramos_qs/meta-learning-concept-drift/.venv/lib/python3.12/site-packages/pillow.libs/libjpeg-8a13c6e0.so.62.4.0
7ad992789000-7ad99278a000 r--p 000c6000 fc:00 35402600                   /home/henriqueramos_qs/meta-learning-concept-drift/.venv/lib/python3.12/site-packages/pillow.libs/libjpeg-8a13c6e0.so.62.4.0
7ad99278a000-7ad99278f000 rw-p 000c7000 fc:00 35402600                   /home/henriqueramos_qs/meta-learning-concept-drift/.venv/lib/python3.12/site-packages/pillow.libs/libjpeg-8a13c6e0.so.62.4.0
7ad99278f000-7ad992797000 r--p 00000000 fc:00 35402606                   /home/henriqueramos_qs/meta-learning-concept-drift/.venv/lib/python3.12/site-packages/pillow.libs/libtiff-13a02c81.so.6.1.0
7ad992797000-7ad99280a000 r-xp 00008000 fc:00 35402606                   /home/henriqueramos_qs/meta-learning-concept-drift/.venv/lib/python3.12/site-packages/pillow.libs/libtiff-13a02c81.so.6.1.0
7ad99280a000-7ad99283c000 r--p 0007b000 fc:00 35402606                   /home/henriqueramos_qs/meta-learning-concept-drift/.venv/lib/python3.12/site-packages/pillow.libs/libtiff-13a02c81.so.6.1.0
7ad99283c000-7ad992840000 r--p 000ad000 fc:00 35402606                   /home/henriqueramos_qs/meta-learning-concept-drift/.venv/lib/python3.12/site-packages/pillow.libs/libtiff-13a02c81.so.6.1.0
7ad992840000-7ad992841000 rw-p 000b1000 fc:00 35402606                   /home/henriqueramos_qs/meta-learning-concept-drift/.venv/lib/python3.12/site-packages/pillow.libs/libtiff-13a02c81.so.6.1.0
7ad992841000-7ad992845000 rw-p 000b3000 fc:00 35402606                   /home/henriqueramos_qs/meta-learning-concept-drift/.venv/lib/python3.12/site-packages/pillow.libs/libtiff-13a02c81.so.6.1.0
7ad992845000-7ad992859000 r--p 00000000 fc:00 35402572                   /home/henriqueramos_qs/meta-learning-concept-drift/.venv/lib/python3.12/site-packages/PIL/_imaging.cpython-312-x86_64-linux-gnu.so
7ad992859000-7ad9928e0000 r-xp 00014000 fc:00 35402572                   /home/henriqueramos_qs/meta-learning-concept-drift/.venv/lib/python3.12/site-packages/PIL/_imaging.cpython-312-x86_64-linux-gnu.so
7ad9928e0000-7ad9928f1000 r--p 0009b000 fc:00 35402572                   /home/henriqueramos_qs/meta-learning-concept-drift/.venv/lib/python3.12/site-packages/PIL/_imaging.cpython-312-x86_64-linux-gnu.so
7ad9928f1000-7ad9928f5000 r--p 000ac000 fc:00 35402572                   /home/henriqueramos_qs/meta-learning-concept-drift/.venv/lib/python3.12/site-packages/PIL/_imaging.cpython-312-x86_64-linux-gnu.so
7ad9928f5000-7ad9928f9000 rw-p 000b0000 fc:00 35402572                   /home/henriqueramos_qs/meta-learning-concept-drift/.venv/lib/python3.12/site-packages/PIL/_imaging.cpython-312-x86_64-linux-gnu.so
7ad9928f9000-7ad992900000 rw-p 00333000 fc:00 35402572                   /home/henriqueramos_qs/meta-learning-concept-drift/.venv/lib/python3.12/site-packages/PIL/_imaging.cpython-312-x86_64-linux-gnu.so
7ad992900000-7ad992a00000 rw-p 00000000 00:00 0 
7ad992a00000-7ad992b29000 r--p 00000000 fc:00 35401307                   /home/henriqueramos_qs/meta-learning-concept-drift/.venv/lib/python3.12/site-packages/lightgbm/lib/lib_lightgbm.so
7ad992b29000-7ad9931b7000 r-xp 00129000 fc:00 35401307                   /home/henriqueramos_qs/meta-learning-concept-drift/.venv/lib/python3.12/site-packages/lightgbm/lib/lib_lightgbm.so
7ad9931b7000-7ad993279000 r--p 007b7000 fc:00 35401307                   /home/henriqueramos_qs/meta-learning-concept-drift/.venv/lib/python3.12/site-packages/lightgbm/lib/lib_lightgbm.so
7ad993279000-7ad993285000 r--p 00879000 fc:00 35401307                   /home/henriqueramos_qs/meta-learning-concept-drift/.venv/lib/python3.12/site-packages/lightgbm/lib/lib_lightgbm.so
7ad993285000-7ad99328a000 rw-p 00885000 fc:00 35401307                   /home/henriqueramos_qs/meta-learning-concept-drift/.venv/lib/python3.12/site-packages/lightgbm/lib/lib_lightgbm.so
7ad99328a000-7ad99328b000 rw-p 00000000 00:00 0 
7ad99328d000-7ad993291000 r--p 00000000 fc:00 35399569                   /home/henriqueramos_qs/meta-learning-concept-drift/.venv/lib/python3.12/site-packages/sklearn/cluster/_hdbscan/_linkage.cpython-312-x86_64-linux-gnu.so
7ad993291000-7ad9932a4000 r-xp 00004000 fc:00 35399569                   /home/henriqueramos_qs/meta-learning-concept-drift/.venv/lib/python3.12/site-packages/sklearn/cluster/_hdbscan/_linkage.cpython-312-x86_64-linux-gnu.so
7ad9932a4000-7ad9932a9000 r--p 00017000 fc:00 35399569                   /home/henriqueramos_qs/meta-learning-concept-drift/.venv/lib/python3.12/site-packages/sklearn/cluster/_hdbscan/_linkage.cpython-312-x86_64-linux-gnu.so
7ad9932a9000-7ad9932aa000 ---p 0001c000 fc:00 35399569                   /home/henriqueramos_qs/meta-learning-concept-drift/.venv/lib/python3.12/site-packages/sklearn/cluster/_hdbscan/_linkage.cpython-312-x86_64-linux-gnu.so
7ad9932aa000-7ad9932ab000 r--p 0001c000 fc:00 35399569                   /home/henriqueramos_qs/meta-learning-concept-drift/.venv/lib/python3.12/site-packages/sklearn/cluster/_hdbscan/_linkage.cpython-312-x86_64-linux-gnu.so
7ad9932ab000-7ad9932ac000 rw-p 0001d000 fc:00 35399569                   /home/henriqueramos_qs/meta-learning-concept-drift/.venv/lib/python3.12/site-packages/sklearn/cluster/_hdbscan/_linkage.cpython-312-x86_64-linux-gnu.so
7ad9932ac000-7ad9932b8000 r--p 00000000 fc:00 35402610                   /home/henriqueramos_qs/meta-learning-concept-drift/.venv/lib/python3.12/site-packages/pillow.libs/libxcb-64009ff3.so.1.1.0
7ad9932b8000-7ad9932d3000 r-xp 0000c000 fc:00 35402610                   /home/henriqueramos_qs/meta-learning-concept-drift/.venv/lib/python3.12/site-packages/pillow.libs/libxcb-64009ff3.so.1.1.0
7ad9932d3000-7ad9932dd000 r--p 00027000 fc:00 35402610                   /home/henriqueramos_qs/meta-learning-concept-drift/.venv/lib/python3.12/site-packages/pillow.libs/libxcb-64009ff3.so.1.1.0
7ad9932dd000-7ad9932de000 r--p 00030000 fc:00 35402610                   /home/henriqueramos_qs/meta-learning-concept-drift/.venv/lib/python3.12/site-packages/pillow.libs/libxcb-64009ff3.so.1.1.0
7ad9932de000-7ad9932df000 rw-p 00031000 fc:00 35402610                   /home/henriqueramos_qs/meta-learning-concept-drift/.venv/lib/python3.12/site-packages/pillow.libs/libxcb-64009ff3.so.1.1.0
7ad9932df000-7ad9932ea000 rw-p 00033000 fc:00 35402610                   /home/henriqueramos_qs/meta-learning-concept-drift/.venv/lib/python3.12/site-packages/pillow.libs/libxcb-64009ff3.so.1.1.0
7ad9932ea000-7ad9932f7000 r--p 00000000 fc:00 35403711                   /home/henriqueramos_qs/meta-learning-concept-drift/.venv/lib/python3.12/site-packages/matplotlib/_c_internal_utils.cpython-312-x86_64-linux-gnu.so
7ad9932f7000-7ad99330e000 r-xp 0000d000 fc:00 35403711                   /home/henriqueramos_qs/meta-learning-concept-drift/.venv/lib/python3.12/site-packages/matplotlib/_c_internal_utils.cpython-312-x86_64-linux-gnu.so
7ad99330e000-7ad993316000 r--p 00024000 fc:00 35403711                   /home/henriqueramos_qs/meta-learning-concept-drift/.venv/lib/python3.12/site-packages/matplotlib/_c_internal_utils.cpython-312-x86_64-linux-gnu.so
7ad993316000-7ad993317000 ---p 0002c000 fc:00 35403711                   /home/henriqueramos_qs/meta-learning-concept-drift/.venv/lib/python3.12/site-packages/matplotlib/_c_internal_utils.cpython-312-x86_64-linux-gnu.so
7ad993317000-7ad993318000 r--p 0002c000 fc:00 35403711                   /home/henriqueramos_qs/meta-learning-concept-drift/.venv/lib/python3.12/site-packages/matplotlib/_c_internal_utils.cpython-312-x86_64-linux-gnu.so
7ad993318000-7ad993319000 rw-p 0002d000 fc:00 35403711                   /home/henriqueramos_qs/meta-learning-concept-drift/.venv/lib/python3.12/site-packages/matplotlib/_c_internal_utils.cpython-312-x86_64-linux-gnu.so
7ad993319000-7ad993324000 r--p 00000000 08:05 8398478                    /usr/lib/x86_64-linux-gnu/libgomp.so.1.0.0
7ad993324000-7ad993360000 r-xp 0000b000 08:05 8398478                    /usr/lib/x86_64-linux-gnu/libgomp.so.1.0.0
7ad993360000-7ad99336d000 r--p 00047000 08:05 8398478                    /usr/lib/x86_64-linux-gnu/libgomp.so.1.0.0
7ad99336d000-7ad99336e000 r--p 00054000 08:05 8398478                    /usr/lib/x86_64-linux-gnu/libgomp.so.1.0.0
7ad99336e000-7ad99336f000 rw-p 00055000 08:05 8398478                    /usr/lib/x86_64-linux-gnu/libgomp.so.1.0.0
7ad993370000-7ad993371000 r--p 00000000 fc:00 35521565                   /home/henriqueramos_qs/meta-learning-concept-drift/.venv/lib/python3.12/site-packages/torch/lib/libtorch_global_deps.so
7ad993371000-7ad993372000 r-xp 00001000 fc:00 35521565                   /home/henriqueramos_qs/meta-learning-concept-drift/.venv/lib/python3.12/site-packages/torch/lib/libtorch_global_deps.so
7ad993372000-7ad993373000 r--p 00002000 fc:00 35521565                   /home/henriqueramos_qs/meta-learning-concept-drift/.venv/lib/python3.12/site-packages/torch/lib/libtorch_global_deps.so
7ad993373000-7ad993374000 r--p 00002000 fc:00 35521565                   /home/henriqueramos_qs/meta-learning-concept-drift/.venv/lib/python3.12/site-packages/torch/lib/libtorch_global_deps.so
7ad993374000-7ad993376000 rw-p 00003000 fc:00 35521565                   /home/henriqueramos_qs/meta-learning-concept-drift/.venv/lib/python3.12/site-packages/torch/lib/libtorch_global_deps.so
7ad993376000-7ad993379000 r--p 00000000 fc:00 35399547                   /home/henriqueramos_qs/meta-learning-concept-drift/.venv/lib/python3.12/site-packages/sklearn/cluster/_dbscan_inner.cpython-312-x86_64-linux-gnu.so
7ad993379000-7ad993380000 r-xp 00003000 fc:00 35399547                   /home/henriqueramos_qs/meta-learning-concept-drift/.venv/lib/python3.12/site-packages/sklearn/cluster/_dbscan_inner.cpython-312-x86_64-linux-gnu.so
7ad993380000-7ad993384000 r--p 0000a000 fc:00 35399547                   /home/henriqueramos_qs/meta-learning-concept-drift/.venv/lib/python3.12/site-packages/sklearn/cluster/_dbscan_inner.cpython-312-x86_64-linux-gnu.so
7ad993384000-7ad993385000 r--p 0000d000 fc:00 35399547                   /home/henriqueramos_qs/meta-learning-concept-drift/.venv/lib/python3.12/site-packages/sklearn/cluster/_dbscan_inner.cpython-312-x86_64-linux-gnu.so
7ad993385000-7ad993386000 rw-p 0000e000 fc:00 35399547                   /home/henriqueramos_qs/meta-learning-concept-drift/.venv/lib/python3.12/site-packages/sklearn/cluster/_dbscan_inner.cpython-312-x86_64-linux-gnu.so
7ad993386000-7ad99338b000 r--p 00000000 fc:00 35399868                   /home/henriqueramos_qs/meta-learning-concept-drift/.venv/lib/python3.12/site-packages/sklearn/ensemble/_hist_gradient_boosting/splitting.cpython-312-x86_64-linux-gnu.so
7ad99338b000-7ad9933af000 r-xp 00005000 fc:00 35399868                   /home/henriqueramos_qs/meta-learning-concept-drift/.venv/lib/python3.12/site-packages/sklearn/ensemble/_hist_gradient_boosting/splitting.cpython-312-x86_64-linux-gnu.so
7ad9933af000-7ad9933b9000 r--p 00029000 fc:00 35399868                   /home/henriqueramos_qs/meta-learning-concept-drift/.venv/lib/python3.12/site-packages/sklearn/ensemble/_hist_gradient_boosting/splitting.cpython-312-x86_64-linux-gnu.so
7ad9933b9000-7ad9933bb000 r--p 00032000 fc:00 35399868                   /home/henriqueramos_qs/meta-learning-concept-drift/.venv/lib/python3.12/site-packages/sklearn/ensemble/_hist_gradient_boosting/splitting.cpython-312-x86_64-linux-gnu.so
7ad9933bb000-7ad9933bd000 rw-p 00034000 fc:00 35399868                   /home/henriqueramos_qs/meta-learning-concept-drift/.venv/lib/python3.12/site-packages/sklearn/ensemble/_hist_gradient_boosting/splitting.cpython-312-x86_64-linux-gnu.so
7ad9933bd000-7ad9933c0000 rw-p 0003e000 fc:00 35399868                   /home/henriqueramos_qs/meta-learning-concept-drift/.venv/lib/python3.12/site-packages/sklearn/ensemble/_hist_gradient_boosting/splitting.cpython-312-x86_64-linux-gnu.so
7ad9933c0000-7ad9933c4000 r--p 00000000 fc:00 35399856                   /home/henriqueramos_qs/meta-learning-concept-drift/.venv/lib/python3.12/site-packages/sklearn/ensemble/_hist_gradient_boosting/_predictor.cpython-312-x86_64-linux-gnu.so
7ad9933c4000-7ad9933d4000 r-xp 00004000 fc:00 35399856                   /home/henriqueramos_qs/meta-learning-concept-drift/.venv/lib/python3.12/site-packages/sklearn/ensemble/_hist_gradient_boosting/_predictor.cpython-312-x86_64-linux-gnu.so
7ad9933d4000-7ad9933d9000 r--p 00014000 fc:00 35399856                   /home/henriqueramos_qs/meta-learning-concept-drift/.venv/lib/python3.12/site-packages/sklearn/ensemble/_hist_gradient_boosting/_predictor.cpython-312-x86_64-linux-gnu.so
7ad9933d9000-7ad9933db000 r--p 00018000 fc:00 35399856                   /home/henriqueramos_qs/meta-learning-concept-drift/.venv/lib/python3.12/site-packages/sklearn/ensemble/_hist_gradient_boosting/_predictor.cpython-312-x86_64-linux-gnu.so
7ad9933db000-7ad9933dc000 rw-p 0001a000 fc:00 35399856                   /home/henriqueramos_qs/meta-learning-concept-drift/.venv/lib/python3.12/site-packages/sklearn/ensemble/_hist_gradient_boosting/_predictor.cpython-312-x86_64-linux-gnu.so
7ad9933dc000-7ad9933df000 rw-p 00020000 fc:00 35399856                   /home/henriqueramos_qs/meta-learning-concept-drift/.venv/lib/python3.12/site-packages/sklearn/ensemble/_hist_gradient_boosting/_predictor.cpython-312-x86_64-linux-gnu.so
7ad9933df000-7ad9933e4000 r--p 00000000 fc:00 35399864                   /home/henriqueramos_qs/meta-learning-concept-drift/.venv/lib/python3.12/site-packages/sklearn/ensemble/_hist_gradient_boosting/histogram.cpython-312-x86_64-linux-gnu.so
7ad9933e4000-7ad993403000 r-xp 00005000 fc:00 35399864                   /home/henriqueramos_qs/meta-learning-concept-drift/.venv/lib/python3.12/site-packages/sklearn/ensemble/_hist_gradient_boosting/histogram.cpython-312-x86_64-linux-gnu.so
7ad993403000-7ad99340c000 r--p 00024000 fc:00 35399864                   /home/henriqueramos_qs/meta-learning-concept-drift/.venv/lib/python3.12/site-packages/sklearn/ensemble/_hist_gradient_boosting/histogram.cpython-312-x86_64-linux-gnu.so
7ad99340c000-7ad99340d000 ---p 0002d000 fc:00 35399864                   /home/henriqueramos_qs/meta-learning-concept-drift/.venv/lib/python3.12/site-packages/sklearn/ensemble/_hist_gradient_boosting/histogram.cpython-312-x86_64-linux-gnu.so
7ad99340d000-7ad99340e000 r--p 0002d000 fc:00 35399864                   /home/henriqueramos_qs/meta-learning-concept-drift/.venv/lib/python3.12/site-packages/sklearn/ensemble/_hist_gradient_boosting/histogram.cpython-312-x86_64-linux-gnu.so
7ad99340e000-7ad99340f000 rw-p 0002e000 fc:00 35399864                   /home/henriqueramos_qs/meta-learning-concept-drift/.venv/lib/python3.12/site-packages/sklearn/ensemble/_hist_gradient_boosting/histogram.cpython-312-x86_64-linux-gnu.so
7ad99340f000-7ad993410000 rw-p 00000000 00:00 0 
7ad993410000-7ad993413000 rw-p 00037000 fc:00 35399864                   /home/henriqueramos_qs/meta-learning-concept-drift/.venv/lib/python3.12/site-packages/sklearn/ensemble/_hist_gradient_boosting/histogram.cpython-312-x86_64-linux-gnu.so
7ad993413000-7ad993416000 r--p 00000000 fc:00 35399851                   /home/henriqueramos_qs/meta-learning-concept-drift/.venv/lib/python3.12/site-packages/sklearn/ensemble/_hist_gradient_boosting/_bitset.cpython-312-x86_64-linux-gnu.so
7ad993416000-7ad99341e000 r-xp 00003000 fc:00 35399851                   /home/henriqueramos_qs/meta-learning-concept-drift/.venv/lib/python3.12/site-packages/sklearn/ensemble/_hist_gradient_boosting/_bitset.cpython-312-x86_64-linux-gnu.so
7ad99341e000-7ad993422000 r--p 0000b000 fc:00 35399851                   /home/henriqueramos_qs/meta-learning-concept-drift/.venv/lib/python3.12/site-packages/sklearn/ensemble/_hist_gradient_boosting/_bitset.cpython-312-x86_64-linux-gnu.so
7ad993422000-7ad993423000 ---p 0000f000 fc:00 35399851                   /home/henriqueramos_qs/meta-learning-concept-drift/.venv/lib/python3.12/site-packages/sklearn/ensemble/_hist_gradient_boosting/_bitset.cpython-312-x86_64-linux-gnu.so
7ad993423000-7ad993424000 r--p 0000f000 fc:00 35399851                   /home/henriqueramos_qs/meta-learning-concept-drift/.venv/lib/python3.12/site-packages/sklearn/ensemble/_hist_gradient_boosting/_bitset.cpython-312-x86_64-linux-gnu.so
7ad993424000-7ad993425000 rw-p 00010000 fc:00 35399851                   /home/henriqueramos_qs/meta-learning-concept-drift/.venv/lib/python3.12/site-packages/sklearn/ensemble/_hist_gradient_boosting/_bitset.cpython-312-x86_64-linux-gnu.so
7ad993425000-7ad993428000 r--p 00000000 fc:00 35399849                   /home/henriqueramos_qs/meta-learning-concept-drift/.venv/lib/python3.12/site-packages/sklearn/ensemble/_hist_gradient_boosting/_binning.cpython-312-x86_64-linux-gnu.so
7ad993428000-7ad993431000 r-xp 00003000 fc:00 35399849                   /home/henriqueramos_qs/meta-learning-concept-drift/.venv/lib/python3.12/site-packages/sklearn/ensemble/_hist_gradient_boosting/_binning.cpython-312-x86_64-linux-gnu.so
7ad993431000-7ad993435000 r--p 0000c000 fc:00 35399849                   /home/henriqueramos_qs/meta-learning-concept-drift/.venv/lib/python3.12/site-packages/sklearn/ensemble/_hist_gradient_boosting/_binning.cpython-312-x86_64-linux-gnu.so
7ad993435000-7ad993436000 r--p 0000f000 fc:00 35399849                   /home/henriqueramos_qs/meta-learning-concept-drift/.venv/lib/python3.12/site-packages/sklearn/ensemble/_hist_gradient_boosting/_binning.cpython-312-x86_64-linux-gnu.so
7ad993436000-7ad993437000 rw-p 00010000 fc:00 35399849                   /home/henriqueramos_qs/meta-learning-concept-drift/.venv/lib/python3.12/site-packages/sklearn/ensemble/_hist_gradient_boosting/_binning.cpython-312-x86_64-linux-gnu.so
7ad993437000-7ad99343a000 rw-p 00015000 fc:00 35399849                   /home/henriqueramos_qs/meta-learning-concept-drift/.venv/lib/python3.12/site-packages/sklearn/ensemble/_hist_gradient_boosting/_binning.cpython-312-x86_64-linux-gnu.so
7ad99343a000-7ad99343c000 r--p 00000000 fc:00 35399859                   /home/henriqueramos_qs/meta-learning-concept-drift/.venv/lib/python3.12/site-packages/sklearn/ensemble/_hist_gradient_boosting/common.cpython-312-x86_64-linux-gnu.so
7ad99343c000-7ad993441000 r-xp 00002000 fc:00 35399859                   /home/henriqueramos_qs/meta-learning-concept-drift/.venv/lib/python3.12/site-packages/sklearn/ensemble/_hist_gradient_boosting/common.cpython-312-x86_64-linux-gnu.so
7ad993441000-7ad993442000 r--p 00007000 fc:00 35399859                   /home/henriqueramos_qs/meta-learning-concept-drift/.venv/lib/python3.12/site-packages/sklearn/ensemble/_hist_gradient_boosting/common.cpython-312-x86_64-linux-gnu.so
7ad993442000-7ad993443000 r--p 00007000 fc:00 35399859                   /home/henriqueramos_qs/meta-learning-concept-drift/.venv/lib/python3.12/site-packages/sklearn/ensemble/_hist_gradient_boosting/common.cpython-312-x86_64-linux-gnu.so
7ad993443000-7ad993444000 rw-p 00008000 fc:00 35399859                   /home/henriqueramos_qs/meta-learning-concept-drift/.venv/lib/python3.12/site-packages/sklearn/ensemble/_hist_gradient_boosting/common.cpython-312-x86_64-linux-gnu.so
7ad993444000-7ad993544000 rw-p 00000000 00:00 0 
7ad993544000-7ad993548000 r--p 00000000 fc:00 35399840                   /home/henriqueramos_qs/meta-learning-concept-drift/.venv/lib/python3.12/site-packages/sklearn/ensemble/_gradient_boosting.cpython-312-x86_64-linux-gnu.so
7ad993548000-7ad993558000 r-xp 00004000 fc:00 35399840                   /home/henriqueramos_qs/meta-learning-concept-drift/.venv/lib/python3.12/site-packages/sklearn/ensemble/_gradient_boosting.cpython-312-x86_64-linux-gnu.so
7ad993558000-7ad99355d000 r--p 00014000 fc:00 35399840                   /home/henriqueramos_qs/meta-learning-concept-drift/.venv/lib/python3.12/site-packages/sklearn/ensemble/_gradient_boosting.cpython-312-x86_64-linux-gnu.so
7ad99355d000-7ad99355e000 ---p 00019000 fc:00 35399840                   /home/henriqueramos_qs/meta-learning-concept-drift/.venv/lib/python3.12/site-packages/sklearn/ensemble/_gradient_boosting.cpython-312-x86_64-linux-gnu.so
7ad99355e000-7ad99355f000 r--p 00019000 fc:00 35399840                   /home/henriqueramos_qs/meta-learning-concept-drift/.venv/lib/python3.12/site-packages/sklearn/ensemble/_gradient_boosting.cpython-312-x86_64-linux-gnu.so
7ad99355f000-7ad993560000 rw-p 0001a000 fc:00 35399840                   /home/henriqueramos_qs/meta-learning-concept-drift/.venv/lib/python3.12/site-packages/sklearn/ensemble/_gradient_boosting.cpython-312-x86_64-linux-gnu.so
7ad993560000-7ad993564000 r--p 00000000 fc:00 35400396                   /home/henriqueramos_qs/meta-learning-concept-drift/.venv/lib/python3.12/site-packages/sklearn/tree/_partitioner.cpython-312-x86_64-linux-gnu.so
7ad993564000-7ad99357e000 r-xp 00004000 fc:00 35400396                   /home/henriqueramos_qs/meta-learning-concept-drift/.venv/lib/python3.12/site-packages/sklearn/tree/_partitioner.cpython-312-x86_64-linux-gnu.so
7ad99357e000-7ad993584000 r--p 0001e000 fc:00 35400396                   /home/henriqueramos_qs/meta-learning-concept-drift/.venv/lib/python3.12/site-packages/sklearn/tree/_partitioner.cpython-312-x86_64-linux-gnu.so
7ad993584000-7ad993585000 ---p 00024000 fc:00 35400396                   /home/henriqueramos_qs/meta-learning-concept-drift/.venv/lib/python3.12/site-packages/sklearn/tree/_partitioner.cpython-312-x86_64-linux-gnu.so
7ad993585000-7ad993586000 r--p 00024000 fc:00 35400396                   /home/henriqueramos_qs/meta-learning-concept-drift/.venv/lib/python3.12/site-packages/sklearn/tree/_partitioner.cpython-312-x86_64-linux-gnu.so
7ad993586000-7ad993587000 rw-p 00025000 fc:00 35400396                   /home/henriqueramos_qs/meta-learning-concept-drift/.venv/lib/python3.12/site-packages/sklearn/tree/_partitioner.cpython-312-x86_64-linux-gnu.so
7ad993587000-7ad993588000 rw-p 00000000 00:00 0 
7ad993588000-7ad99358c000 r--p 00000000 fc:00 35400406                   /home/henriqueramos_qs/meta-learning-concept-drift/.venv/lib/python3.12/site-packages/sklearn/tree/_utils.cpython-312-x86_64-linux-gnu.so
7ad99358c000-7ad99359e000 r-xp 00004000 fc:00 35400406                   /home/henriqueramos_qs/meta-learning-concept-drift/.venv/lib/python3.12/site-packages/sklearn/tree/_utils.cpython-312-x86_64-linux-gnu.so
7ad99359e000-7ad9935a5000 r--p 00016000 fc:00 35400406                   /home/henriqueramos_qs/meta-learning-concept-drift/.venv/lib/python3.12/site-packages/sklearn/tree/_utils.cpython-312-x86_64-linux-gnu.so
7ad9935a5000-7ad9935a6000 r--p 0001c000 fc:00 35400406                   /home/henriqueramos_qs/meta-learning-concept-drift/.venv/lib/python3.12/site-packages/sklearn/tree/_utils.cpython-312-x86_64-linux-gnu.so
7ad9935a6000-7ad9935a7000 rw-p 0001d000 fc:00 35400406                   /home/henriqueramos_qs/meta-learning-concept-drift/.venv/lib/python3.12/site-packages/sklearn/tree/_utils.cpython-312-x86_64-linux-gnu.so
7ad9935a7000-7ad9935a8000 rw-p 00000000 00:00 0 
7ad9935a8000-7ad9935ad000 r--p 00000000 fc:00 35400258                   /home/henriqueramos_qs/meta-learning-concept-drift/.venv/lib/python3.12/site-packages/sklearn/neighbors/_quad_tree.cpython-312-x86_64-linux-gnu.so
7ad9935ad000-7ad9935c5000 r-xp 00005000 fc:00 35400258                   /home/henriqueramos_qs/meta-learning-concept-drift/.venv/lib/python3.12/site-packages/sklearn/neighbors/_quad_tree.cpython-312-x86_64-linux-gnu.so
7ad9935c5000-7ad9935cc000 r--p 0001d000 fc:00 35400258                   /home/henriqueramos_qs/meta-learning-concept-drift/.venv/lib/python3.12/site-packages/sklearn/neighbors/_quad_tree.cpython-312-x86_64-linux-gnu.so
7ad9935cc000-7ad9935cd000 ---p 00024000 fc:00 35400258                   /home/henriqueramos_qs/meta-learning-concept-drift/.venv/lib/python3.12/site-packages/sklearn/neighbors/_quad_tree.cpython-312-x86_64-linux-gnu.so
7ad9935cd000-7ad9935ce000 r--p 00024000 fc:00 35400258                   /home/henriqueramos_qs/meta-learning-concept-drift/.venv/lib/python3.12/site-packages/sklearn/neighbors/_quad_tree.cpython-312-x86_64-linux-gnu.so
7ad9935ce000-7ad9935cf000 rw-p 00025000 fc:00 35400258                   /home/henriqueramos_qs/meta-learning-concept-drift/.venv/lib/python3.12/site-packages/sklearn/neighbors/_quad_tree.cpython-312-x86_64-linux-gnu.so
7ad9935cf000-7ad9935d0000 rw-p 00000000 00:00 0 
7ad9935d0000-7ad9935d4000 r--p 00000000 fc:00 35399807                   /home/henriqueramos_qs/meta-learning-concept-drift/.venv/lib/python3.12/site-packages/sklearn/decomposition/_cdnmf_fast.cpython-312-x86_64-linux-gnu.so
7ad9935d4000-7ad9935e2000 r-xp 00004000 fc:00 35399807                   /home/henriqueramos_qs/meta-learning-concept-drift/.venv/lib/python3.12/site-packages/sklearn/decomposition/_cdnmf_fast.cpython-312-x86_64-linux-gnu.so
7ad9935e2000-7ad9935e7000 r--p 00012000 fc:00 35399807                   /home/henriqueramos_qs/meta-learning-concept-drift/.venv/lib/python3.12/site-packages/sklearn/decomposition/_cdnmf_fast.cpython-312-x86_64-linux-gnu.so
7ad9935e7000-7ad9935e8000 r--p 00016000 fc:00 35399807                   /home/henriqueramos_qs/meta-learning-concept-drift/.venv/lib/python3.12/site-packages/sklearn/decomposition/_cdnmf_fast.cpython-312-x86_64-linux-gnu.so
7ad9935e8000-7ad9935e9000 rw-p 00017000 fc:00 35399807                   /home/henriqueramos_qs/meta-learning-concept-drift/.venv/lib/python3.12/site-packages/sklearn/decomposition/_cdnmf_fast.cpython-312-x86_64-linux-gnu.so
7ad9935e9000-7ad9935ea000 rw-p 00000000 00:00 0 
7ad9935ea000-7ad9935ee000 r--p 00000000 fc:00 35399816                   /home/henriqueramos_qs/meta-learning-concept-drift/.venv/lib/python3.12/site-packages/sklearn/decomposition/_online_lda_fast.cpython-312-x86_64-linux-gnu.so
7ad9935ee000-7ad993609000 r-xp 00004000 fc:00 35399816                   /home/henriqueramos_qs/meta-learning-concept-drift/.venv/lib/python3.12/site-packages/sklearn/decomposition/_online_lda_fast.cpython-312-x86_64-linux-gnu.so
7ad993609000-7ad99360e000 r--p 0001f000 fc:00 35399816                   /home/henriqueramos_qs/meta-learning-concept-drift/.venv/lib/python3.12/site-packages/sklearn/decomposition/_online_lda_fast.cpython-312-x86_64-linux-gnu.so
7ad99360e000-7ad99360f000 ---p 00024000 fc:00 35399816                   /home/henriqueramos_qs/meta-learning-concept-drift/.venv/lib/python3.12/site-packages/sklearn/decomposition/_online_lda_fast.cpython-312-x86_64-linux-gnu.so
7ad99360f000-7ad993610000 r--p 00024000 fc:00 35399816                   /home/henriqueramos_qs/meta-learning-concept-drift/.venv/lib/python3.12/site-packages/sklearn/decomposition/_online_lda_fast.cpython-312-x86_64-linux-gnu.so
7ad993610000-7ad993611000 rw-p 00025000 fc:00 35399816                   /home/henriqueramos_qs/meta-learning-concept-drift/.venv/lib/python3.12/site-packages/sklearn/decomposition/_online_lda_fast.cpython-312-x86_64-linux-gnu.so
7ad993611000-7ad993712000 rw-p 00000000 00:00 0 
7ad993712000-7ad993717000 r--p 00000000 fc:00 35400085                   /home/henriqueramos_qs/meta-learning-concept-drift/.venv/lib/python3.12/site-packages/sklearn/linear_model/_sgd_fast.cpython-312-x86_64-linux-gnu.so
7ad993717000-7ad993738000 r-xp 00005000 fc:00 35400085                   /home/henriqueramos_qs/meta-learning-concept-drift/.venv/lib/python3.12/site-packages/sklearn/linear_model/_sgd_fast.cpython-312-x86_64-linux-gnu.so
7ad993738000-7ad993742000 r--p 00026000 fc:00 35400085                   /home/henriqueramos_qs/meta-learning-concept-drift/.venv/lib/python3.12/site-packages/sklearn/linear_model/_sgd_fast.cpython-312-x86_64-linux-gnu.so
7ad993742000-7ad993744000 r--p 0002f000 fc:00 35400085                   /home/henriqueramos_qs/meta-learning-concept-drift/.venv/lib/python3.12/site-packages/sklearn/linear_model/_sgd_fast.cpython-312-x86_64-linux-gnu.so
7ad993744000-7ad993746000 rw-p 00031000 fc:00 35400085                   /home/henriqueramos_qs/meta-learning-concept-drift/.venv/lib/python3.12/site-packages/sklearn/linear_model/_sgd_fast.cpython-312-x86_64-linux-gnu.so
7ad993746000-7ad993747000 rw-p 00000000 00:00 0 
7ad993747000-7ad993750000 r--p 00000000 fc:00 35400332                   /home/henriqueramos_qs/meta-learning-concept-drift/.venv/lib/python3.12/site-packages/sklearn/svm/_libsvm_sparse.cpython-312-x86_64-linux-gnu.so
7ad993750000-7ad99378f000 r-xp 00009000 fc:00 35400332                   /home/henriqueramos_qs/meta-learning-concept-drift/.venv/lib/python3.12/site-packages/sklearn/svm/_libsvm_sparse.cpython-312-x86_64-linux-gnu.so
7ad99378f000-7ad993799000 r--p 00048000 fc:00 35400332                   /home/henriqueramos_qs/meta-learning-concept-drift/.venv/lib/python3.12/site-packages/sklearn/svm/_libsvm_sparse.cpython-312-x86_64-linux-gnu.so
7ad993799000-7ad99379b000 r--p 00051000 fc:00 35400332                   /home/henriqueramos_qs/meta-learning-concept-drift/.venv/lib/python3.12/site-packages/sklearn/svm/_libsvm_sparse.cpython-312-x86_64-linux-gnu.so
7ad99379b000-7ad99379c000 rw-p 00053000 fc:00 35400332                   /home/henriqueramos_qs/meta-learning-concept-drift/.venv/lib/python3.12/site-packages/sklearn/svm/_libsvm_sparse.cpython-312-x86_64-linux-gnu.so
7ad99379c000-7ad99379e000 rw-p 00000000 00:00 0 
7ad99379e000-7ad9937a7000 r--p 00000000 fc:00 35400329                   /home/henriqueramos_qs/meta-learning-concept-drift/.venv/lib/python3.12/site-packages/sklearn/svm/_libsvm.cpython-312-x86_64-linux-gnu.so
7ad9937a7000-7ad9937ee000 r-xp 00009000 fc:00 35400329                   /home/henriqueramos_qs/meta-learning-concept-drift/.venv/lib/python3.12/site-packages/sklearn/svm/_libsvm.cpython-312-x86_64-linux-gnu.so
7ad9937ee000-7ad9937fb000 r--p 00050000 fc:00 35400329                   /home/henriqueramos_qs/meta-learning-concept-drift/.venv/lib/python3.12/site-packages/sklearn/svm/_libsvm.cpython-312-x86_64-linux-gnu.so
7ad9937fb000-7ad9937fd000 r--p 0005c000 fc:00 35400329                   /home/henriqueramos_qs/meta-learning-concept-drift/.venv/lib/python3.12/site-packages/sklearn/svm/_libsvm.cpython-312-x86_64-linux-gnu.so
7ad9937fd000-7ad9937ff000 rw-p 0005e000 fc:00 35400329                   /home/henriqueramos_qs/meta-learning-concept-drift/.venv/lib/python3.12/site-packages/sklearn/svm/_libsvm.cpython-312-x86_64-linux-gnu.so
7ad9937ff000-7ad993800000 rw-p 00000000 00:00 0 
7ad993800000-7ad99380c000 r--p 00000000 fc:00 35399529                   /home/henriqueramos_qs/meta-learning-concept-drift/.venv/lib/python3.12/site-packages/sklearn/_loss/_loss.cpython-312-x86_64-linux-gnu.so
7ad99380c000-7ad993a81000 r-xp 0000c000 fc:00 35399529                   /home/henriqueramos_qs/meta-learning-concept-drift/.venv/lib/python3.12/site-packages/sklearn/_loss/_loss.cpython-312-x86_64-linux-gnu.so
7ad993a81000-7ad993aa7000 r--p 00281000 fc:00 35399529                   /home/henriqueramos_qs/meta-learning-concept-drift/.venv/lib/python3.12/site-packages/sklearn/_loss/_loss.cpython-312-x86_64-linux-gnu.so
7ad993aa7000-7ad993aa9000 r--p 002a6000 fc:00 35399529                   /home/henriqueramos_qs/meta-learning-concept-drift/.venv/lib/python3.12/site-packages/sklearn/_loss/_loss.cpython-312-x86_64-linux-gnu.so
7ad993aa9000-7ad993aaf000 rw-p 002a8000 fc:00 35399529                   /home/henriqueramos_qs/meta-learning-concept-drift/.venv/lib/python3.12/site-packages/sklearn/_loss/_loss.cpython-312-x86_64-linux-gnu.so
7ad993aaf000-7ad993ab1000 rw-p 00000000 00:00 0 
7ad993ab1000-7ad993ab4000 rw-p 002ce000 fc:00 35399529                   /home/henriqueramos_qs/meta-learning-concept-drift/.venv/lib/python3.12/site-packages/sklearn/_loss/_loss.cpython-312-x86_64-linux-gnu.so
7ad993ab5000-7ad993ab8000 r--p 00000000 fc:00 35399854                   /home/henriqueramos_qs/meta-learning-concept-drift/.venv/lib/python3.12/site-packages/sklearn/ensemble/_hist_gradient_boosting/_gradient_boosting.cpython-312-x86_64-linux-gnu.so
7ad993ab8000-7ad993ac2000 r-xp 00003000 fc:00 35399854                   /home/henriqueramos_qs/meta-learning-concept-drift/.venv/lib/python3.12/site-packages/sklearn/ensemble/_hist_gradient_boosting/_gradient_boosting.cpython-312-x86_64-linux-gnu.so
7ad993ac2000-7ad993ac6000 r--p 0000d000 fc:00 35399854                   /home/henriqueramos_qs/meta-learning-concept-drift/.venv/lib/python3.12/site-packages/sklearn/ensemble/_hist_gradient_boosting/_gradient_boosting.cpython-312-x86_64-linux-gnu.so
7ad993ac6000-7ad993ac7000 r--p 00010000 fc:00 35399854                   /home/henriqueramos_qs/meta-learning-concept-drift/.venv/lib/python3.12/site-packages/sklearn/ensemble/_hist_gradient_boosting/_gradient_boosting.cpython-312-x86_64-linux-gnu.so
7ad993ac7000-7ad993ac8000 rw-p 00011000 fc:00 35399854                   /home/henriqueramos_qs/meta-learning-concept-drift/.venv/lib/python3.12/site-packages/sklearn/ensemble/_hist_gradient_boosting/_gradient_boosting.cpython-312-x86_64-linux-gnu.so
7ad993ac8000-7ad993acb000 rw-p 00016000 fc:00 35399854                   /home/henriqueramos_qs/meta-learning-concept-drift/.venv/lib/python3.12/site-packages/sklearn/ensemble/_hist_gradient_boosting/_gradient_boosting.cpython-312-x86_64-linux-gnu.so
7ad993acb000-7ad993acf000 r--p 00000000 fc:00 35400083                   /home/henriqueramos_qs/meta-learning-concept-drift/.venv/lib/python3.12/site-packages/sklearn/linear_model/_sag_fast.cpython-312-x86_64-linux-gnu.so
7ad993acf000-7ad993ae6000 r-xp 00004000 fc:00 35400083                   /home/henriqueramos_qs/meta-learning-concept-drift/.venv/lib/python3.12/site-packages/sklearn/linear_model/_sag_fast.cpython-312-x86_64-linux-gnu.so
7ad993ae6000-7ad993aed000 r--p 0001b000 fc:00 35400083                   /home/henriqueramos_qs/meta-learning-concept-drift/.venv/lib/python3.12/site-packages/sklearn/linear_model/_sag_fast.cpython-312-x86_64-linux-gnu.so
7ad993aed000-7ad993aee000 r--p 00021000 fc:00 35400083                   /home/henriqueramos_qs/meta-learning-concept-drift/.venv/lib/python3.12/site-packages/sklearn/linear_model/_sag_fast.cpython-312-x86_64-linux-gnu.so
7ad993aee000-7ad993aef000 rw-p 00022000 fc:00 35400083                   /home/henriqueramos_qs/meta-learning-concept-drift/.venv/lib/python3.12/site-packages/sklearn/linear_model/_sag_fast.cpython-312-x86_64-linux-gnu.so
7ad993aef000-7ad993af5000 r--p 00000000 fc:00 35400326                   /home/henriqueramos_qs/meta-learning-concept-drift/.venv/lib/python3.12/site-packages/sklearn/svm/_liblinear.cpython-312-x86_64-linux-gnu.so
7ad993af5000-7ad993b0f000 r-xp 00006000 fc:00 35400326                   /home/henriqueramos_qs/meta-learning-concept-drift/.venv/lib/python3.12/site-packages/sklearn/svm/_liblinear.cpython-312-x86_64-linux-gnu.so
7ad993b0f000-7ad993b15000 r--p 00020000 fc:00 35400326                   /home/henriqueramos_qs/meta-learning-concept-drift/.venv/lib/python3.12/site-packages/sklearn/svm/_liblinear.cpython-312-x86_64-linux-gnu.so
7ad993b15000-7ad993b16000 ---p 00026000 fc:00 35400326                   /home/henriqueramos_qs/meta-learning-concept-drift/.venv/lib/python3.12/site-packages/sklearn/svm/_liblinear.cpython-312-x86_64-linux-gnu.so
7ad993b16000-7ad993b17000 r--p 00026000 fc:00 35400326                   /home/henriqueramos_qs/meta-learning-concept-drift/.venv/lib/python3.12/site-packages/sklearn/svm/_liblinear.cpython-312-x86_64-linux-gnu.so
7ad993b17000-7ad993b18000 rw-p 00027000 fc:00 35400326                   /home/henriqueramos_qs/meta-learning-concept-drift/.venv/lib/python3.12/site-packages/sklearn/svm/_liblinear.cpython-312-x86_64-linux-gnu.so
7ad993b18000-7ad993c1a000 rw-p 00000000 00:00 0 
7ad993c1a000-7ad993c1f000 r--p 00000000 fc:00 35400069                   /home/henriqueramos_qs/meta-learning-concept-drift/.venv/lib/python3.12/site-packages/sklearn/linear_model/_cd_fast.cpython-312-x86_64-linux-gnu.so
7ad993c1f000-7ad993c61000 r-xp 00005000 fc:00 35400069                   /home/henriqueramos_qs/meta-learning-concept-drift/.venv/lib/python3.12/site-packages/sklearn/linear_model/_cd_fast.cpython-312-x86_64-linux-gnu.so
7ad993c61000-7ad993c6c000 r--p 00047000 fc:00 35400069                   /home/henriqueramos_qs/meta-learning-concept-drift/.venv/lib/python3.12/site-packages/sklearn/linear_model/_cd_fast.cpython-312-x86_64-linux-gnu.so
7ad993c6c000-7ad993c6d000 ---p 00052000 fc:00 35400069                   /home/henriqueramos_qs/meta-learning-concept-drift/.venv/lib/python3.12/site-packages/sklearn/linear_model/_cd_fast.cpython-312-x86_64-linux-gnu.so
7ad993c6d000-7ad993c6e000 r--p 00052000 fc:00 35400069                   /home/henriqueramos_qs/meta-learning-concept-drift/.venv/lib/python3.12/site-packages/sklearn/linear_model/_cd_fast.cpython-312-x86_64-linux-gnu.so
7ad993c6e000-7ad993c6f000 rw-p 00053000 fc:00 35400069                   /home/henriqueramos_qs/meta-learning-concept-drift/.venv/lib/python3.12/site-packages/sklearn/linear_model/_cd_fast.cpython-312-x86_64-linux-gnu.so
7ad993c6f000-7ad993c70000 rw-p 00000000 00:00 0 
7ad993c70000-7ad993c75000 r--p 00000000 fc:00 35400448                   /home/henriqueramos_qs/meta-learning-concept-drift/.venv/lib/python3.12/site-packages/sklearn/utils/_random.cpython-312-x86_64-linux-gnu.so
7ad993c75000-7ad993c9a000 r-xp 00005000 fc:00 35400448                   /home/henriqueramos_qs/meta-learning-concept-drift/.venv/lib/python3.12/site-packages/sklearn/utils/_random.cpython-312-x86_64-linux-gnu.so
7ad993c9a000-7ad993ca2000 r--p 0002a000 fc:00 35400448                   /home/henriqueramos_qs/meta-learning-concept-drift/.venv/lib/python3.12/site-packages/sklearn/utils/_random.cpython-312-x86_64-linux-gnu.so
7ad993ca2000-7ad993ca3000 ---p 00032000 fc:00 35400448                   /home/henriqueramos_qs/meta-learning-concept-drift/.venv/lib/python3.12/site-packages/sklearn/utils/_random.cpython-312-x86_64-linux-gnu.so
7ad993ca3000-7ad993ca4000 r--p 00032000 fc:00 35400448                   /home/henriqueramos_qs/meta-learning-concept-drift/.venv/lib/python3.12/site-packages/sklearn/utils/_random.cpython-312-x86_64-linux-gnu.so
7ad993ca4000-7ad993ca5000 rw-p 00033000 fc:00 35400448                   /home/henriqueramos_qs/meta-learning-concept-drift/.venv/lib/python3.12/site-packages/sklearn/utils/_random.cpython-312-x86_64-linux-gnu.so
7ad993ca5000-7ad993ca6000 rw-p 00000000 00:00 0 
7ad993ca6000-7ad993cab000 r--p 00000000 fc:00 35400452                   /home/henriqueramos_qs/meta-learning-concept-drift/.venv/lib/python3.12/site-packages/sklearn/utils/_seq_dataset.cpython-312-x86_64-linux-gnu.so
7ad993cab000-7ad993cca000 r-xp 00005000 fc:00 35400452                   /home/henriqueramos_qs/meta-learning-concept-drift/.venv/lib/python3.12/site-packages/sklearn/utils/_seq_dataset.cpython-312-x86_64-linux-gnu.so
7ad993cca000-7ad993cd1000 r--p 00024000 fc:00 35400452                   /home/henriqueramos_qs/meta-learning-concept-drift/.venv/lib/python3.12/site-packages/sklearn/utils/_seq_dataset.cpython-312-x86_64-linux-gnu.so
7ad993cd1000-7ad993cd2000 ---p 0002b000 fc:00 35400452                   /home/henriqueramos_qs/meta-learning-concept-drift/.venv/lib/python3.12/site-packages/sklearn/utils/_seq_dataset.cpython-312-x86_64-linux-gnu.so
7ad993cd2000-7ad993cd3000 r--p 0002b000 fc:00 35400452                   /home/henriqueramos_qs/meta-learning-concept-drift/.venv/lib/python3.12/site-packages/sklearn/utils/_seq_dataset.cpython-312-x86_64-linux-gnu.so
7ad993cd3000-7ad993cd5000 rw-p 0002c000 fc:00 35400452                   /home/henriqueramos_qs/meta-learning-concept-drift/.venv/lib/python3.12/site-packages/sklearn/utils/_seq_dataset.cpython-312-x86_64-linux-gnu.so
7ad993cd5000-7ad993cd6000 rw-p 00000000 00:00 0 
7ad993cd6000-7ad993cda000 r--p 00000000 fc:00 35400473                   /home/henriqueramos_qs/meta-learning-concept-drift/.venv/lib/python3.12/site-packages/sklearn/utils/arrayfuncs.cpython-312-x86_64-linux-gnu.so
7ad993cda000-7ad993cf6000 r-xp 00004000 fc:00 35400473                   /home/henriqueramos_qs/meta-learning-concept-drift/.venv/lib/python3.12/site-packages/sklearn/utils/arrayfuncs.cpython-312-x86_64-linux-gnu.so
7ad993cf6000-7ad993cfc000 r--p 00020000 fc:00 35400473                   /home/henriqueramos_qs/meta-learning-concept-drift/.venv/lib/python3.12/site-packages/sklearn/utils/arrayfuncs.cpython-312-x86_64-linux-gnu.so
7ad993cfc000-7ad993cfd000 ---p 00026000 fc:00 35400473                   /home/henriqueramos_qs/meta-learning-concept-drift/.venv/lib/python3.12/site-packages/sklearn/utils/arrayfuncs.cpython-312-x86_64-linux-gnu.so
7ad993cfd000-7ad993cfe000 r--p 00026000 fc:00 35400473                   /home/henriqueramos_qs/meta-learning-concept-drift/.venv/lib/python3.12/site-packages/sklearn/utils/arrayfuncs.cpython-312-x86_64-linux-gnu.so
7ad993cfe000-7ad993cff000 rw-p 00027000 fc:00 35400473                   /home/henriqueramos_qs/meta-learning-concept-drift/.venv/lib/python3.12/site-packages/sklearn/utils/arrayfuncs.cpython-312-x86_64-linux-gnu.so
7ad993cff000-7ad993d00000 rw-p 00000000 00:00 0 
7ad993d00000-7ad993d08000 r--p 00000000 fc:00 35400249                   /home/henriqueramos_qs/meta-learning-concept-drift/.venv/lib/python3.12/site-packages/sklearn/neighbors/_kd_tree.cpython-312-x86_64-linux-gnu.so
7ad993d08000-7ad993d75000 r-xp 00008000 fc:00 35400249                   /home/henriqueramos_qs/meta-learning-concept-drift/.venv/lib/python3.12/site-packages/sklearn/neighbors/_kd_tree.cpython-312-x86_64-linux-gnu.so
7ad993d75000-7ad993d89000 r--p 00075000 fc:00 35400249                   /home/henriqueramos_qs/meta-learning-concept-drift/.venv/lib/python3.12/site-packages/sklearn/neighbors/_kd_tree.cpython-312-x86_64-linux-gnu.so
7ad993d89000-7ad993d8a000 ---p 00089000 fc:00 35400249                   /home/henriqueramos_qs/meta-learning-concept-drift/.venv/lib/python3.12/site-packages/sklearn/neighbors/_kd_tree.cpython-312-x86_64-linux-gnu.so
7ad993d8a000-7ad993d8c000 r--p 00089000 fc:00 35400249                   /home/henriqueramos_qs/meta-learning-concept-drift/.venv/lib/python3.12/site-packages/sklearn/neighbors/_kd_tree.cpython-312-x86_64-linux-gnu.so
7ad993d8c000-7ad993d8f000 rw-p 0008b000 fc:00 35400249                   /home/henriqueramos_qs/meta-learning-concept-drift/.venv/lib/python3.12/site-packages/sklearn/neighbors/_kd_tree.cpython-312-x86_64-linux-gnu.so
7ad993d8f000-7ad993e90000 rw-p 00000000 00:00 0 
7ad993e90000-7ad993e94000 r--p 00000000 fc:00 35400144                   /home/henriqueramos_qs/meta-learning-concept-drift/.venv/lib/python3.12/site-packages/sklearn/metrics/_pairwise_fast.cpython-312-x86_64-linux-gnu.so
7ad993e94000-7ad993ead000 r-xp 00004000 fc:00 35400144                   /home/henriqueramos_qs/meta-learning-concept-drift/.venv/lib/python3.12/site-packages/sklearn/metrics/_pairwise_fast.cpython-312-x86_64-linux-gnu.so
7ad993ead000-7ad993eb2000 r--p 0001d000 fc:00 35400144                   /home/henriqueramos_qs/meta-learning-concept-drift/.venv/lib/python3.12/site-packages/sklearn/metrics/_pairwise_fast.cpython-312-x86_64-linux-gnu.so
7ad993eb2000-7ad993eb3000 ---p 00022000 fc:00 35400144                   /home/henriqueramos_qs/meta-learning-concept-drift/.venv/lib/python3.12/site-packages/sklearn/metrics/_pairwise_fast.cpython-312-x86_64-linux-gnu.so
7ad993eb3000-7ad993eb4000 r--p 00022000 fc:00 35400144                   /home/henriqueramos_qs/meta-learning-concept-drift/.venv/lib/python3.12/site-packages/sklearn/metrics/_pairwise_fast.cpython-312-x86_64-linux-gnu.so
7ad993eb4000-7ad993eb5000 rw-p 00023000 fc:00 35400144                   /home/henriqueramos_qs/meta-learning-concept-drift/.venv/lib/python3.12/site-packages/sklearn/metrics/_pairwise_fast.cpython-312-x86_64-linux-gnu.so
7ad993eb5000-7ad993eb6000 rw-p 00000000 00:00 0 
7ad993eb6000-7ad993eb9000 rw-p 0002a000 fc:00 35400144                   /home/henriqueramos_qs/meta-learning-concept-drift/.venv/lib/python3.12/site-packages/sklearn/metrics/_pairwise_fast.cpython-312-x86_64-linux-gnu.so
7ad993eb9000-7ad993ebe000 r--p 00000000 fc:00 35400172                   /home/henriqueramos_qs/meta-learning-concept-drift/.venv/lib/python3.12/site-packages/sklearn/metrics/_pairwise_distances_reduction/_radius_neighbors_classmode.cpython-312-x86_64-linux-gnu.so
7ad993ebe000-7ad993ed6000 r-xp 00005000 fc:00 35400172                   /home/henriqueramos_qs/meta-learning-concept-drift/.venv/lib/python3.12/site-packages/sklearn/metrics/_pairwise_distances_reduction/_radius_neighbors_classmode.cpython-312-x86_64-linux-gnu.so
7ad993ed6000-7ad993edc000 r--p 0001d000 fc:00 35400172                   /home/henriqueramos_qs/meta-learning-concept-drift/.venv/lib/python3.12/site-packages/sklearn/metrics/_pairwise_distances_reduction/_radius_neighbors_classmode.cpython-312-x86_64-linux-gnu.so
7ad993edc000-7ad993edd000 ---p 00023000 fc:00 35400172                   /home/henriqueramos_qs/meta-learning-concept-drift/.venv/lib/python3.12/site-packages/sklearn/metrics/_pairwise_distances_reduction/_radius_neighbors_classmode.cpython-312-x86_64-linux-gnu.so
7ad993edd000-7ad993ede000 r--p 00023000 fc:00 35400172                   /home/henriqueramos_qs/meta-learning-concept-drift/.venv/lib/python3.12/site-packages/sklearn/metrics/_pairwise_distances_reduction/_radius_neighbors_classmode.cpython-312-x86_64-linux-gnu.so
7ad993ede000-7ad993edf000 rw-p 00024000 fc:00 35400172                   /home/henriqueramos_qs/meta-learning-concept-drift/.venv/lib/python3.12/site-packages/sklearn/metrics/_pairwise_distances_reduction/_radius_neighbors_classmode.cpython-312-x86_64-linux-gnu.so
7ad993edf000-7ad993ee0000 rw-p 00000000 00:00 0 
7ad993ee0000-7ad993ee3000 rw-p 0002e000 fc:00 35400172                   /home/henriqueramos_qs/meta-learning-concept-drift/.venv/lib/python3.12/site-packages/sklearn/metrics/_pairwise_distances_reduction/_radius_neighbors_classmode.cpython-312-x86_64-linux-gnu.so
7ad993ee3000-7ad993ee8000 r--p 00000000 fc:00 35400467                   /home/henriqueramos_qs/meta-learning-concept-drift/.venv/lib/python3.12/site-packages/sklearn/utils/_vector_sentinel.cpython-312-x86_64-linux-gnu.so
7ad993ee8000-7ad993efb000 r-xp 00005000 fc:00 35400467                   /home/henriqueramos_qs/meta-learning-concept-drift/.venv/lib/python3.12/site-packages/sklearn/utils/_vector_sentinel.cpython-312-x86_64-linux-gnu.so
7ad993efb000-7ad993f01000 r--p 00018000 fc:00 35400467                   /home/henriqueramos_qs/meta-learning-concept-drift/.venv/lib/python3.12/site-packages/sklearn/utils/_vector_sentinel.cpython-312-x86_64-linux-gnu.so
7ad993f01000-7ad993f02000 r--p 0001d000 fc:00 35400467                   /home/henriqueramos_qs/meta-learning-concept-drift/.venv/lib/python3.12/site-packages/sklearn/utils/_vector_sentinel.cpython-312-x86_64-linux-gnu.so
7ad993f02000-7ad993f04000 rw-p 0001e000 fc:00 35400467                   /home/henriqueramos_qs/meta-learning-concept-drift/.venv/lib/python3.12/site-packages/sklearn/utils/_vector_sentinel.cpython-312-x86_64-linux-gnu.so
7ad993f04000-7ad993f0a000 r--p 00000000 fc:00 35400169                   /home/henriqueramos_qs/meta-learning-concept-drift/.venv/lib/python3.12/site-packages/sklearn/metrics/_pairwise_distances_reduction/_radius_neighbors.cpython-312-x86_64-linux-gnu.so
7ad993f0a000-7ad993f2c000 r-xp 00006000 fc:00 35400169                   /home/henriqueramos_qs/meta-learning-concept-drift/.venv/lib/python3.12/site-packages/sklearn/metrics/_pairwise_distances_reduction/_radius_neighbors.cpython-312-x86_64-linux-gnu.so
7ad993f2c000-7ad993f35000 r--p 00028000 fc:00 35400169                   /home/henriqueramos_qs/meta-learning-concept-drift/.venv/lib/python3.12/site-packages/sklearn/metrics/_pairwise_distances_reduction/_radius_neighbors.cpython-312-x86_64-linux-gnu.so
7ad993f35000-7ad993f36000 ---p 00031000 fc:00 35400169                   /home/henriqueramos_qs/meta-learning-concept-drift/.venv/lib/python3.12/site-packages/sklearn/metrics/_pairwise_distances_reduction/_radius_neighbors.cpython-312-x86_64-linux-gnu.so
7ad993f36000-7ad993f37000 r--p 00031000 fc:00 35400169                   /home/henriqueramos_qs/meta-learning-concept-drift/.venv/lib/python3.12/site-packages/sklearn/metrics/_pairwise_distances_reduction/_radius_neighbors.cpython-312-x86_64-linux-gnu.so
7ad993f37000-7ad993f39000 rw-p 00032000 fc:00 35400169                   /home/henriqueramos_qs/meta-learning-concept-drift/.venv/lib/python3.12/site-packages/sklearn/metrics/_pairwise_distances_reduction/_radius_neighbors.cpython-312-x86_64-linux-gnu.so
7ad993f39000-7ad993f3a000 rw-p 00000000 00:00 0 
7ad993f3a000-7ad993f3e000 rw-p 00042000 fc:00 35400169                   /home/henriqueramos_qs/meta-learning-concept-drift/.venv/lib/python3.12/site-packages/sklearn/metrics/_pairwise_distances_reduction/_radius_neighbors.cpython-312-x86_64-linux-gnu.so
7ad993f3e000-7ad993f42000 r--p 00000000 fc:00 35400156                   /home/henriqueramos_qs/meta-learning-concept-drift/.venv/lib/python3.12/site-packages/sklearn/metrics/_pairwise_distances_reduction/_argkmin_classmode.cpython-312-x86_64-linux-gnu.so
7ad993f42000-7ad993f56000 r-xp 00004000 fc:00 35400156                   /home/henriqueramos_qs/meta-learning-concept-drift/.venv/lib/python3.12/site-packages/sklearn/metrics/_pairwise_distances_reduction/_argkmin_classmode.cpython-312-x86_64-linux-gnu.so
7ad993f56000-7ad993f5c000 r--p 00018000 fc:00 35400156                   /home/henriqueramos_qs/meta-learning-concept-drift/.venv/lib/python3.12/site-packages/sklearn/metrics/_pairwise_distances_reduction/_argkmin_classmode.cpython-312-x86_64-linux-gnu.so
7ad993f5c000-7ad993f5d000 r--p 0001d000 fc:00 35400156                   /home/henriqueramos_qs/meta-learning-concept-drift/.venv/lib/python3.12/site-packages/sklearn/metrics/_pairwise_distances_reduction/_argkmin_classmode.cpython-312-x86_64-linux-gnu.so
7ad993f5d000-7ad993f5e000 rw-p 0001e000 fc:00 35400156                   /home/henriqueramos_qs/meta-learning-concept-drift/.venv/lib/python3.12/site-packages/sklearn/metrics/_pairwise_distances_reduction/_argkmin_classmode.cpython-312-x86_64-linux-gnu.so
7ad993f5e000-7ad993f5f000 rw-p 00000000 00:00 0 
7ad993f5f000-7ad993f62000 rw-p 00027000 fc:00 35400156                   /home/henriqueramos_qs/meta-learning-concept-drift/.venv/lib/python3.12/site-packages/sklearn/metrics/_pairwise_distances_reduction/_argkmin_classmode.cpython-312-x86_64-linux-gnu.so
7ad993f62000-7ad993f68000 r--p 00000000 fc:00 35400166                   /home/henriqueramos_qs/meta-learning-concept-drift/.venv/lib/python3.12/site-packages/sklearn/metrics/_pairwise_distances_reduction/_middle_term_computer.cpython-312-x86_64-linux-gnu.so
7ad993f68000-7ad993f9b000 r-xp 00006000 fc:00 35400166                   /home/henriqueramos_qs/meta-learning-concept-drift/.venv/lib/python3.12/site-packages/sklearn/metrics/_pairwise_distances_reduction/_middle_term_computer.cpython-312-x86_64-linux-gnu.so
7ad993f9b000-7ad993fa7000 r--p 00039000 fc:00 35400166                   /home/henriqueramos_qs/meta-learning-concept-drift/.venv/lib/python3.12/site-packages/sklearn/metrics/_pairwise_distances_reduction/_middle_term_computer.cpython-312-x86_64-linux-gnu.so
7ad993fa7000-7ad993fa8000 ---p 00045000 fc:00 35400166                   /home/henriqueramos_qs/meta-learning-concept-drift/.venv/lib/python3.12/site-packages/sklearn/metrics/_pairwise_distances_reduction/_middle_term_computer.cpython-312-x86_64-linux-gnu.so
7ad993fa8000-7ad993fa9000 r--p 00045000 fc:00 35400166                   /home/henriqueramos_qs/meta-learning-concept-drift/.venv/lib/python3.12/site-packages/sklearn/metrics/_pairwise_distances_reduction/_middle_term_computer.cpython-312-x86_64-linux-gnu.so
7ad993fa9000-7ad993fab000 rw-p 00046000 fc:00 35400166                   /home/henriqueramos_qs/meta-learning-concept-drift/.venv/lib/python3.12/site-packages/sklearn/metrics/_pairwise_distances_reduction/_middle_term_computer.cpython-312-x86_64-linux-gnu.so
7ad993fab000-7ad993fac000 rw-p 00000000 00:00 0 
7ad993fac000-7ad993fb1000 r--p 00000000 fc:00 35400423                   /home/henriqueramos_qs/meta-learning-concept-drift/.venv/lib/python3.12/site-packages/sklearn/utils/_cython_blas.cpython-312-x86_64-linux-gnu.so
7ad993fb1000-7ad993fee000 r-xp 00005000 fc:00 35400423                   /home/henriqueramos_qs/meta-learning-concept-drift/.venv/lib/python3.12/site-packages/sklearn/utils/_cython_blas.cpython-312-x86_64-linux-gnu.so
7ad993fee000-7ad993ff7000 r--p 00042000 fc:00 35400423                   /home/henriqueramos_qs/meta-learning-concept-drift/.venv/lib/python3.12/site-packages/sklearn/utils/_cython_blas.cpython-312-x86_64-linux-gnu.so
7ad993ff7000-7ad993ff8000 r--p 0004a000 fc:00 35400423                   /home/henriqueramos_qs/meta-learning-concept-drift/.venv/lib/python3.12/site-packages/sklearn/utils/_cython_blas.cpython-312-x86_64-linux-gnu.so
7ad993ff8000-7ad993ffa000 rw-p 0004b000 fc:00 35400423                   /home/henriqueramos_qs/meta-learning-concept-drift/.venv/lib/python3.12/site-packages/sklearn/utils/_cython_blas.cpython-312-x86_64-linux-gnu.so
7ad993ffa000-7ad994000000 r--p 00000000 fc:00 35400162                   /home/henriqueramos_qs/meta-learning-concept-drift/.venv/lib/python3.12/site-packages/sklearn/metrics/_pairwise_distances_reduction/_datasets_pair.cpython-312-x86_64-linux-gnu.so
7ad994000000-7ad994033000 r-xp 00006000 fc:00 35400162                   /home/henriqueramos_qs/meta-learning-concept-drift/.venv/lib/python3.12/site-packages/sklearn/metrics/_pairwise_distances_reduction/_datasets_pair.cpython-312-x86_64-linux-gnu.so
7ad994033000-7ad994040000 r--p 00039000 fc:00 35400162                   /home/henriqueramos_qs/meta-learning-concept-drift/.venv/lib/python3.12/site-packages/sklearn/metrics/_pairwise_distances_reduction/_datasets_pair.cpython-312-x86_64-linux-gnu.so
7ad994040000-7ad994041000 r--p 00045000 fc:00 35400162                   /home/henriqueramos_qs/meta-learning-concept-drift/.venv/lib/python3.12/site-packages/sklearn/metrics/_pairwise_distances_reduction/_datasets_pair.cpython-312-x86_64-linux-gnu.so
7ad994041000-7ad994044000 rw-p 00046000 fc:00 35400162                   /home/henriqueramos_qs/meta-learning-concept-drift/.venv/lib/python3.12/site-packages/sklearn/metrics/_pairwise_distances_reduction/_datasets_pair.cpython-312-x86_64-linux-gnu.so
7ad994044000-7ad994049000 r--p 00000000 fc:00 35400158                   /home/henriqueramos_qs/meta-learning-concept-drift/.venv/lib/python3.12/site-packages/sklearn/metrics/_pairwise_distances_reduction/_base.cpython-312-x86_64-linux-gnu.so
7ad994049000-7ad994064000 r-xp 00005000 fc:00 35400158                   /home/henriqueramos_qs/meta-learning-concept-drift/.venv/lib/python3.12/site-packages/sklearn/metrics/_pairwise_distances_reduction/_base.cpython-312-x86_64-linux-gnu.so
7ad994064000-7ad99406b000 r--p 00020000 fc:00 35400158                   /home/henriqueramos_qs/meta-learning-concept-drift/.venv/lib/python3.12/site-packages/sklearn/metrics/_pairwise_distances_reduction/_base.cpython-312-x86_64-linux-gnu.so
7ad99406b000-7ad99406c000 ---p 00027000 fc:00 35400158                   /home/henriqueramos_qs/meta-learning-concept-drift/.venv/lib/python3.12/site-packages/sklearn/metrics/_pairwise_distances_reduction/_base.cpython-312-x86_64-linux-gnu.so
7ad99406c000-7ad99406d000 r--p 00027000 fc:00 35400158                   /home/henriqueramos_qs/meta-learning-concept-drift/.venv/lib/python3.12/site-packages/sklearn/metrics/_pairwise_distances_reduction/_base.cpython-312-x86_64-linux-gnu.so
7ad99406d000-7ad99406f000 rw-p 00028000 fc:00 35400158                   /home/henriqueramos_qs/meta-learning-concept-drift/.venv/lib/python3.12/site-packages/sklearn/metrics/_pairwise_distances_reduction/_base.cpython-312-x86_64-linux-gnu.so
7ad99406f000-7ad994072000 rw-p 00034000 fc:00 35400158                   /home/henriqueramos_qs/meta-learning-concept-drift/.venv/lib/python3.12/site-packages/sklearn/metrics/_pairwise_distances_reduction/_base.cpython-312-x86_64-linux-gnu.so
7ad994072000-7ad994077000 r--p 00000000 fc:00 35400153                   /home/henriqueramos_qs/meta-learning-concept-drift/.venv/lib/python3.12/site-packages/sklearn/metrics/_pairwise_distances_reduction/_argkmin.cpython-312-x86_64-linux-gnu.so
7ad994077000-7ad994099000 r-xp 00005000 fc:00 35400153                   /home/henriqueramos_qs/meta-learning-concept-drift/.venv/lib/python3.12/site-packages/sklearn/metrics/_pairwise_distances_reduction/_argkmin.cpython-312-x86_64-linux-gnu.so
7ad994099000-7ad9940a1000 r--p 00027000 fc:00 35400153                   /home/henriqueramos_qs/meta-learning-concept-drift/.venv/lib/python3.12/site-packages/sklearn/metrics/_pairwise_distances_reduction/_argkmin.cpython-312-x86_64-linux-gnu.so
7ad9940a1000-7ad9940a2000 r--p 0002e000 fc:00 35400153                   /home/henriqueramos_qs/meta-learning-concept-drift/.venv/lib/python3.12/site-packages/sklearn/metrics/_pairwise_distances_reduction/_argkmin.cpython-312-x86_64-linux-gnu.so
7ad9940a2000-7ad9940a4000 rw-p 0002f000 fc:00 35400153                   /home/henriqueramos_qs/meta-learning-concept-drift/.venv/lib/python3.12/site-packages/sklearn/metrics/_pairwise_distances_reduction/_argkmin.cpython-312-x86_64-linux-gnu.so
7ad9940a4000-7ad9940a7000 rw-p 0003c000 fc:00 35400153                   /home/henriqueramos_qs/meta-learning-concept-drift/.venv/lib/python3.12/site-packages/sklearn/metrics/_pairwise_distances_reduction/_argkmin.cpython-312-x86_64-linux-gnu.so
7ad9940a7000-7ad9940b0000 r--p 00000000 fc:00 35400140                   /home/henriqueramos_qs/meta-learning-concept-drift/.venv/lib/python3.12/site-packages/sklearn/metrics/_dist_metrics.cpython-312-x86_64-linux-gnu.so
7ad9940b0000-7ad994109000 r-xp 00009000 fc:00 35400140                   /home/henriqueramos_qs/meta-learning-concept-drift/.venv/lib/python3.12/site-packages/sklearn/metrics/_dist_metrics.cpython-312-x86_64-linux-gnu.so
7ad994109000-7ad99411e000 r--p 00062000 fc:00 35400140                   /home/henriqueramos_qs/meta-learning-concept-drift/.venv/lib/python3.12/site-packages/sklearn/metrics/_dist_metrics.cpython-312-x86_64-linux-gnu.so
7ad99411e000-7ad99411f000 ---p 00077000 fc:00 35400140                   /home/henriqueramos_qs/meta-learning-concept-drift/.venv/lib/python3.12/site-packages/sklearn/metrics/_dist_metrics.cpython-312-x86_64-linux-gnu.so
7ad99411f000-7ad994121000 r--p 00077000 fc:00 35400140                   /home/henriqueramos_qs/meta-learning-concept-drift/.venv/lib/python3.12/site-packages/sklearn/metrics/_dist_metrics.cpython-312-x86_64-linux-gnu.so
7ad994121000-7ad994127000 rw-p 00079000 fc:00 35400140                   /home/henriqueramos_qs/meta-learning-concept-drift/.venv/lib/python3.12/site-packages/sklearn/metrics/_dist_metrics.cpython-312-x86_64-linux-gnu.so
7ad994127000-7ad994129000 rw-p 00000000 00:00 0 
7ad994129000-7ad99412e000 r--p 00000000 fc:00 35400300                   /home/henriqueramos_qs/meta-learning-concept-drift/.venv/lib/python3.12/site-packages/sklearn/preprocessing/_target_encoder_fast.cpython-312-x86_64-linux-gnu.so
7ad99412e000-7ad994175000 r-xp 00005000 fc:00 35400300                   /home/henriqueramos_qs/meta-learning-concept-drift/.venv/lib/python3.12/site-packages/sklearn/preprocessing/_target_encoder_fast.cpython-312-x86_64-linux-gnu.so
7ad994175000-7ad99417c000 r--p 0004c000 fc:00 35400300                   /home/henriqueramos_qs/meta-learning-concept-drift/.venv/lib/python3.12/site-packages/sklearn/preprocessing/_target_encoder_fast.cpython-312-x86_64-linux-gnu.so
7ad99417c000-7ad99417d000 ---p 00053000 fc:00 35400300                   /home/henriqueramos_qs/meta-learning-concept-drift/.venv/lib/python3.12/site-packages/sklearn/preprocessing/_target_encoder_fast.cpython-312-x86_64-linux-gnu.so
7ad99417d000-7ad99417e000 r--p 00053000 fc:00 35400300                   /home/henriqueramos_qs/meta-learning-concept-drift/.venv/lib/python3.12/site-packages/sklearn/preprocessing/_target_encoder_fast.cpython-312-x86_64-linux-gnu.so
7ad99417e000-7ad994180000 rw-p 00054000 fc:00 35400300                   /home/henriqueramos_qs/meta-learning-concept-drift/.venv/lib/python3.12/site-packages/sklearn/preprocessing/_target_encoder_fast.cpython-312-x86_64-linux-gnu.so
7ad994180000-7ad994185000 r--p 00000000 fc:00 35400291                   /home/henriqueramos_qs/meta-learning-concept-drift/.venv/lib/python3.12/site-packages/sklearn/preprocessing/_csr_polynomial_expansion.cpython-312-x86_64-linux-gnu.so
7ad994185000-7ad9941c8000 r-xp 00005000 fc:00 35400291                   /home/henriqueramos_qs/meta-learning-concept-drift/.venv/lib/python3.12/site-packages/sklearn/preprocessing/_csr_polynomial_expansion.cpython-312-x86_64-linux-gnu.so
7ad9941c8000-7ad9941cf000 r--p 00048000 fc:00 35400291                   /home/henriqueramos_qs/meta-learning-concept-drift/.venv/lib/python3.12/site-packages/sklearn/preprocessing/_csr_polynomial_expansion.cpython-312-x86_64-linux-gnu.so
7ad9941cf000-7ad9941d0000 ---p 0004f000 fc:00 35400291                   /home/henriqueramos_qs/meta-learning-concept-drift/.venv/lib/python3.12/site-packages/sklearn/preprocessing/_csr_polynomial_expansion.cpython-312-x86_64-linux-gnu.so
7ad9941d0000-7ad9941d1000 r--p 0004f000 fc:00 35400291                   /home/henriqueramos_qs/meta-learning-concept-drift/.venv/lib/python3.12/site-packages/sklearn/preprocessing/_csr_polynomial_expansion.cpython-312-x86_64-linux-gnu.so
7ad9941d1000-7ad9941d3000 rw-p 00050000 fc:00 35400291                   /home/henriqueramos_qs/meta-learning-concept-drift/.venv/lib/python3.12/site-packages/sklearn/preprocessing/_csr_polynomial_expansion.cpython-312-x86_64-linux-gnu.so
7ad9941d3000-7ad9942d3000 rw-p 00000000 00:00 0 
7ad9942d3000-7ad9942d7000 r--p 00000000 fc:00 35400193                   /home/henriqueramos_qs/meta-learning-concept-drift/.venv/lib/python3.12/site-packages/sklearn/metrics/cluster/_expected_mutual_info_fast.cpython-312-x86_64-linux-gnu.so
7ad9942d7000-7ad9942e5000 r-xp 00004000 fc:00 35400193                   /home/henriqueramos_qs/meta-learning-concept-drift/.venv/lib/python3.12/site-packages/sklearn/metrics/cluster/_expected_mutual_info_fast.cpython-312-x86_64-linux-gnu.so
7ad9942e5000-7ad9942e9000 r--p 00012000 fc:00 35400193                   /home/henriqueramos_qs/meta-learning-concept-drift/.venv/lib/python3.12/site-packages/sklearn/metrics/cluster/_expected_mutual_info_fast.cpython-312-x86_64-linux-gnu.so
7ad9942e9000-7ad9942ea000 r--p 00015000 fc:00 35400193                   /home/henriqueramos_qs/meta-learning-concept-drift/.venv/lib/python3.12/site-packages/sklearn/metrics/cluster/_expected_mutual_info_fast.cpython-312-x86_64-linux-gnu.so
7ad9942ea000-7ad9942eb000 rw-p 00016000 fc:00 35400193                   /home/henriqueramos_qs/meta-learning-concept-drift/.venv/lib/python3.12/site-packages/sklearn/metrics/cluster/_expected_mutual_info_fast.cpython-312-x86_64-linux-gnu.so
7ad9942eb000-7ad9942f3000 r--p 00000000 fc:00 35400243                   /home/henriqueramos_qs/meta-learning-concept-drift/.venv/lib/python3.12/site-packages/sklearn/neighbors/_ball_tree.cpython-312-x86_64-linux-gnu.so
7ad9942f3000-7ad99435e000 r-xp 00008000 fc:00 35400243                   /home/henriqueramos_qs/meta-learning-concept-drift/.venv/lib/python3.12/site-packages/sklearn/neighbors/_ball_tree.cpython-312-x86_64-linux-gnu.so
7ad99435e000-7ad994373000 r--p 00073000 fc:00 35400243                   /home/henriqueramos_qs/meta-learning-concept-drift/.venv/lib/python3.12/site-packages/sklearn/neighbors/_ball_tree.cpython-312-x86_64-linux-gnu.so
7ad994373000-7ad994374000 ---p 00088000 fc:00 35400243                   /home/henriqueramos_qs/meta-learning-concept-drift/.venv/lib/python3.12/site-packages/sklearn/neighbors/_ball_tree.cpython-312-x86_64-linux-gnu.so
7ad994374000-7ad994376000 r--p 00088000 fc:00 35400243                   /home/henriqueramos_qs/meta-learning-concept-drift/.venv/lib/python3.12/site-packages/sklearn/neighbors/_ball_tree.cpython-312-x86_64-linux-gnu.so
7ad994376000-7ad994379000 rw-p 0008a000 fc:00 35400243                   /home/henriqueramos_qs/meta-learning-concept-drift/.venv/lib/python3.12/site-packages/sklearn/neighbors/_ball_tree.cpython-312-x86_64-linux-gnu.so
7ad994379000-7ad99437a000 rw-p 00000000 00:00 0 
7ad99437a000-7ad994382000 r--p 00000000 fc:00 35400403                   /home/henriqueramos_qs/meta-learning-concept-drift/.venv/lib/python3.12/site-packages/sklearn/tree/_tree.cpython-312-x86_64-linux-gnu.so
7ad994382000-7ad9943c9000 r-xp 00008000 fc:00 35400403                   /home/henriqueramos_qs/meta-learning-concept-drift/.venv/lib/python3.12/site-packages/sklearn/tree/_tree.cpython-312-x86_64-linux-gnu.so
7ad9943c9000-7ad9943d7000 r--p 0004f000 fc:00 35400403                   /home/henriqueramos_qs/meta-learning-concept-drift/.venv/lib/python3.12/site-packages/sklearn/tree/_tree.cpython-312-x86_64-linux-gnu.so
7ad9943d7000-7ad9943d8000 ---p 0005d000 fc:00 35400403                   /home/henriqueramos_qs/meta-learning-concept-drift/.venv/lib/python3.12/site-packages/sklearn/tree/_tree.cpython-312-x86_64-linux-gnu.so
7ad9943d8000-7ad9943da000 r--p 0005d000 fc:00 35400403                   /home/henriqueramos_qs/meta-learning-concept-drift/.venv/lib/python3.12/site-packages/sklearn/tree/_tree.cpython-312-x86_64-linux-gnu.so
7ad9943da000-7ad9943dd000 rw-p 0005f000 fc:00 35400403                   /home/henriqueramos_qs/meta-learning-concept-drift/.venv/lib/python3.12/site-packages/sklearn/tree/_tree.cpython-312-x86_64-linux-gnu.so
7ad9943dd000-7ad9943de000 rw-p 00000000 00:00 0 
7ad9943de000-7ad9943e2000 r--p 00000000 fc:00 35400400                   /home/henriqueramos_qs/meta-learning-concept-drift/.venv/lib/python3.12/site-packages/sklearn/tree/_splitter.cpython-312-x86_64-linux-gnu.so
7ad9943e2000-7ad9943f6000 r-xp 00004000 fc:00 35400400                   /home/henriqueramos_qs/meta-learning-concept-drift/.venv/lib/python3.12/site-packages/sklearn/tree/_splitter.cpython-312-x86_64-linux-gnu.so
7ad9943f6000-7ad9943fd000 r--p 00018000 fc:00 35400400                   /home/henriqueramos_qs/meta-learning-concept-drift/.venv/lib/python3.12/site-packages/sklearn/tree/_splitter.cpython-312-x86_64-linux-gnu.so
7ad9943fd000-7ad9943fe000 r--p 0001e000 fc:00 35400400                   /home/henriqueramos_qs/meta-learning-concept-drift/.venv/lib/python3.12/site-packages/sklearn/tree/_splitter.cpython-312-x86_64-linux-gnu.so
7ad9943fe000-7ad994400000 rw-p 0001f000 fc:00 35400400                   /home/henriqueramos_qs/meta-learning-concept-drift/.venv/lib/python3.12/site-packages/sklearn/tree/_splitter.cpython-312-x86_64-linux-gnu.so
7ad994400000-7ad994425000 r-xp 00000000 fc:00 35399493                   /home/henriqueramos_qs/meta-learning-concept-drift/.venv/lib/python3.12/site-packages/scikit_learn.libs/libgomp-a34b3233.so.1.0.0
7ad994425000-7ad994624000 ---p 00025000 fc:00 35399493                   /home/henriqueramos_qs/meta-learning-concept-drift/.venv/lib/python3.12/site-packages/scikit_learn.libs/libgomp-a34b3233.so.1.0.0
7ad994624000-7ad994625000 r--p 00024000 fc:00 35399493                   /home/henriqueramos_qs/meta-learning-concept-drift/.venv/lib/python3.12/site-packages/scikit_learn.libs/libgomp-a34b3233.so.1.0.0
7ad994625000-7ad99462a000 rw-p 00025000 fc:00 35399493                   /home/henriqueramos_qs/meta-learning-concept-drift/.venv/lib/python3.12/site-packages/scikit_learn.libs/libgomp-a34b3233.so.1.0.0
7ad99462c000-7ad99462f000 r--p 00000000 fc:00 35400470                   /home/henriqueramos_qs/meta-learning-concept-drift/.venv/lib/python3.12/site-packages/sklearn/utils/_weight_vector.cpython-312-x86_64-linux-gnu.so
7ad99462f000-7ad994639000 r-xp 00003000 fc:00 35400470                   /home/henriqueramos_qs/meta-learning-concept-drift/.venv/lib/python3.12/site-packages/sklearn/utils/_weight_vector.cpython-312-x86_64-linux-gnu.so
7ad994639000-7ad99463d000 r--p 0000d000 fc:00 35400470                   /home/henriqueramos_qs/meta-learning-concept-drift/.venv/lib/python3.12/site-packages/sklearn/utils/_weight_vector.cpython-312-x86_64-linux-gnu.so
7ad99463d000-7ad99463e000 ---p 00011000 fc:00 35400470                   /home/henriqueramos_qs/meta-learning-concept-drift/.venv/lib/python3.12/site-packages/sklearn/utils/_weight_vector.cpython-312-x86_64-linux-gnu.so
7ad99463e000-7ad99463f000 r--p 00011000 fc:00 35400470                   /home/henriqueramos_qs/meta-learning-concept-drift/.venv/lib/python3.12/site-packages/sklearn/utils/_weight_vector.cpython-312-x86_64-linux-gnu.so
7ad99463f000-7ad994640000 rw-p 00012000 fc:00 35400470                   /home/henriqueramos_qs/meta-learning-concept-drift/.venv/lib/python3.12/site-packages/sklearn/utils/_weight_vector.cpython-312-x86_64-linux-gnu.so
7ad994640000-7ad994645000 r--p 00000000 fc:00 35400392                   /home/henriqueramos_qs/meta-learning-concept-drift/.venv/lib/python3.12/site-packages/sklearn/tree/_criterion.cpython-312-x86_64-linux-gnu.so
7ad994645000-7ad994662000 r-xp 00005000 fc:00 35400392                   /home/henriqueramos_qs/meta-learning-concept-drift/.venv/lib/python3.12/site-packages/sklearn/tree/_criterion.cpython-312-x86_64-linux-gnu.so
7ad994662000-7ad99466a000 r--p 00022000 fc:00 35400392                   /home/henriqueramos_qs/meta-learning-concept-drift/.venv/lib/python3.12/site-packages/sklearn/tree/_criterion.cpython-312-x86_64-linux-gnu.so
7ad99466a000-7ad99466b000 r--p 00029000 fc:00 35400392                   /home/henriqueramos_qs/meta-learning-concept-drift/.venv/lib/python3.12/site-packages/sklearn/tree/_criterion.cpython-312-x86_64-linux-gnu.so
7ad99466b000-7ad99466d000 rw-p 0002a000 fc:00 35400392                   /home/henriqueramos_qs/meta-learning-concept-drift/.venv/lib/python3.12/site-packages/sklearn/tree/_criterion.cpython-312-x86_64-linux-gnu.so
7ad99466d000-7ad99466e000 rw-p 00000000 00:00 0 
7ad99466e000-7ad994671000 r--p 00000000 fc:00 35400441                   /home/henriqueramos_qs/meta-learning-concept-drift/.venv/lib/python3.12/site-packages/sklearn/utils/_openmp_helpers.cpython-312-x86_64-linux-gnu.so
7ad994671000-7ad994678000 r-xp 00003000 fc:00 35400441                   /home/henriqueramos_qs/meta-learning-concept-drift/.venv/lib/python3.12/site-packages/sklearn/utils/_openmp_helpers.cpython-312-x86_64-linux-gnu.so
7ad994678000-7ad99467a000 r--p 0000a000 fc:00 35400441                   /home/henriqueramos_qs/meta-learning-concept-drift/.venv/lib/python3.12/site-packages/sklearn/utils/_openmp_helpers.cpython-312-x86_64-linux-gnu.so
7ad99467a000-7ad99467b000 ---p 0000c000 fc:00 35400441                   /home/henriqueramos_qs/meta-learning-concept-drift/.venv/lib/python3.12/site-packages/sklearn/utils/_openmp_helpers.cpython-312-x86_64-linux-gnu.so
7ad99467b000-7ad99467c000 r--p 0000c000 fc:00 35400441                   /home/henriqueramos_qs/meta-learning-concept-drift/.venv/lib/python3.12/site-packages/sklearn/utils/_openmp_helpers.cpython-312-x86_64-linux-gnu.so
7ad99467c000-7ad99467d000 rw-p 0000d000 fc:00 35400441                   /home/henriqueramos_qs/meta-learning-concept-drift/.venv/lib/python3.12/site-packages/sklearn/utils/_openmp_helpers.cpython-312-x86_64-linux-gnu.so
7ad99467d000-7ad994680000 rw-p 00012000 fc:00 35400441                   /home/henriqueramos_qs/meta-learning-concept-drift/.venv/lib/python3.12/site-packages/sklearn/utils/_openmp_helpers.cpython-312-x86_64-linux-gnu.so
7ad994680000-7ad994684000 r--p 00000000 fc:00 35400486                   /home/henriqueramos_qs/meta-learning-concept-drift/.venv/lib/python3.12/site-packages/sklearn/utils/murmurhash.cpython-312-x86_64-linux-gnu.so
7ad994684000-7ad994697000 r-xp 00004000 fc:00 35400486                   /home/henriqueramos_qs/meta-learning-concept-drift/.venv/lib/python3.12/site-packages/sklearn/utils/murmurhash.cpython-312-x86_64-linux-gnu.so
7ad994697000-7ad99469d000 r--p 00017000 fc:00 35400486                   /home/henriqueramos_qs/meta-learning-concept-drift/.venv/lib/python3.12/site-packages/sklearn/utils/murmurhash.cpython-312-x86_64-linux-gnu.so
7ad99469d000-7ad99469e000 r--p 0001c000 fc:00 35400486                   /home/henriqueramos_qs/meta-learning-concept-drift/.venv/lib/python3.12/site-packages/sklearn/utils/murmurhash.cpython-312-x86_64-linux-gnu.so
7ad99469e000-7ad99469f000 rw-p 0001d000 fc:00 35400486                   /home/henriqueramos_qs/meta-learning-concept-drift/.venv/lib/python3.12/site-packages/sklearn/utils/murmurhash.cpython-312-x86_64-linux-gnu.so
7ad99469f000-7ad9946a4000 r--p 00000000 fc:00 35400493                   /home/henriqueramos_qs/meta-learning-concept-drift/.venv/lib/python3.12/site-packages/sklearn/utils/sparsefuncs_fast.cpython-312-x86_64-linux-gnu.so
7ad9946a4000-7ad994734000 r-xp 00005000 fc:00 35400493                   /home/henriqueramos_qs/meta-learning-concept-drift/.venv/lib/python3.12/site-packages/sklearn/utils/sparsefuncs_fast.cpython-312-x86_64-linux-gnu.so
7ad994734000-7ad994741000 r--p 00095000 fc:00 35400493                   /home/henriqueramos_qs/meta-learning-concept-drift/.venv/lib/python3.12/site-packages/sklearn/utils/sparsefuncs_fast.cpython-312-x86_64-linux-gnu.so
7ad994741000-7ad994743000 r--p 000a1000 fc:00 35400493                   /home/henriqueramos_qs/meta-learning-concept-drift/.venv/lib/python3.12/site-packages/sklearn/utils/sparsefuncs_fast.cpython-312-x86_64-linux-gnu.so
7ad994743000-7ad994745000 rw-p 000a3000 fc:00 35400493                   /home/henriqueramos_qs/meta-learning-concept-drift/.venv/lib/python3.12/site-packages/sklearn/utils/sparsefuncs_fast.cpython-312-x86_64-linux-gnu.so
7ad994745000-7ad99474a000 r--p 00000000 fc:00 35399498                   /home/henriqueramos_qs/meta-learning-concept-drift/.venv/lib/python3.12/site-packages/sklearn/_cyutility.cpython-312-x86_64-linux-gnu.so
7ad99474a000-7ad994766000 r-xp 00005000 fc:00 35399498                   /home/henriqueramos_qs/meta-learning-concept-drift/.venv/lib/python3.12/site-packages/sklearn/_cyutility.cpython-312-x86_64-linux-gnu.so
7ad994766000-7ad99476c000 r--p 00021000 fc:00 35399498                   /home/henriqueramos_qs/meta-learning-concept-drift/.venv/lib/python3.12/site-packages/sklearn/_cyutility.cpython-312-x86_64-linux-gnu.so
7ad99476c000-7ad99476d000 ---p 00027000 fc:00 35399498                   /home/henriqueramos_qs/meta-learning-concept-drift/.venv/lib/python3.12/site-packages/sklearn/_cyutility.cpython-312-x86_64-linux-gnu.so
7ad99476d000-7ad99476e000 r--p 00027000 fc:00 35399498                   /home/henriqueramos_qs/meta-learning-concept-drift/.venv/lib/python3.12/site-packages/sklearn/_cyutility.cpython-312-x86_64-linux-gnu.so
7ad99476e000-7ad994770000 rw-p 00028000 fc:00 35399498                   /home/henriqueramos_qs/meta-learning-concept-drift/.venv/lib/python3.12/site-packages/sklearn/_cyutility.cpython-312-x86_64-linux-gnu.so
7ad994770000-7ad994774000 r--p 00000000 fc:00 35400435                   /home/henriqueramos_qs/meta-learning-concept-drift/.venv/lib/python3.12/site-packages/sklearn/utils/_isfinite.cpython-312-x86_64-linux-gnu.so
7ad994774000-7ad994782000 r-xp 00004000 fc:00 35400435                   /home/henriqueramos_qs/meta-learning-concept-drift/.venv/lib/python3.12/site-packages/sklearn/utils/_isfinite.cpython-312-x86_64-linux-gnu.so
7ad994782000-7ad994786000 r--p 00012000 fc:00 35400435                   /home/henriqueramos_qs/meta-learning-concept-drift/.venv/lib/python3.12/site-packages/sklearn/utils/_isfinite.cpython-312-x86_64-linux-gnu.so
7ad994786000-7ad994787000 ---p 00016000 fc:00 35400435                   /home/henriqueramos_qs/meta-learning-concept-drift/.venv/lib/python3.12/site-packages/sklearn/utils/_isfinite.cpython-312-x86_64-linux-gnu.so
7ad994787000-7ad994788000 r--p 00016000 fc:00 35400435                   /home/henriqueramos_qs/meta-learning-concept-drift/.venv/lib/python3.12/site-packages/sklearn/utils/_isfinite.cpython-312-x86_64-linux-gnu.so
7ad994788000-7ad994789000 rw-p 00017000 fc:00 35400435                   /home/henriqueramos_qs/meta-learning-concept-drift/.venv/lib/python3.12/site-packages/sklearn/utils/_isfinite.cpython-312-x86_64-linux-gnu.so
7ad994789000-7ad99488a000 rw-p 00000000 00:00 0 
7ad99488a000-7ad99488f000 r--p 00000000 fc:00 35397418                   /home/henriqueramos_qs/meta-learning-concept-drift/.venv/lib/python3.12/site-packages/scipy/ndimage/_ni_label.cpython-312-x86_64-linux-gnu.so
7ad99488f000-7ad9948c1000 r-xp 00005000 fc:00 35397418                   /home/henriqueramos_qs/meta-learning-concept-drift/.venv/lib/python3.12/site-packages/scipy/ndimage/_ni_label.cpython-312-x86_64-linux-gnu.so
7ad9948c1000-7ad9948c8000 r--p 00037000 fc:00 35397418                   /home/henriqueramos_qs/meta-learning-concept-drift/.venv/lib/python3.12/site-packages/scipy/ndimage/_ni_label.cpython-312-x86_64-linux-gnu.so
7ad9948c8000-7ad9948c9000 ---p 0003e000 fc:00 35397418                   /home/henriqueramos_qs/meta-learning-concept-drift/.venv/lib/python3.12/site-packages/scipy/ndimage/_ni_label.cpython-312-x86_64-linux-gnu.so
7ad9948c9000-7ad9948ca000 r--p 0003e000 fc:00 35397418                   /home/henriqueramos_qs/meta-learning-concept-drift/.venv/lib/python3.12/site-packages/scipy/ndimage/_ni_label.cpython-312-x86_64-linux-gnu.so
7ad9948ca000-7ad9948cc000 rw-p 0003f000 fc:00 35397418                   /home/henriqueramos_qs/meta-learning-concept-drift/.venv/lib/python3.12/site-packages/scipy/ndimage/_ni_label.cpython-312-x86_64-linux-gnu.so
7ad9948cc000-7ad9948ce000 r--p 00000000 fc:00 35397415                   /home/henriqueramos_qs/meta-learning-concept-drift/.venv/lib/python3.12/site-packages/scipy/ndimage/_nd_image.cpython-312-x86_64-linux-gnu.so
7ad9948ce000-7ad9948e9000 r-xp 00002000 fc:00 35397415                   /home/henriqueramos_qs/meta-learning-concept-drift/.venv/lib/python3.12/site-packages/scipy/ndimage/_nd_image.cpython-312-x86_64-linux-gnu.so
7ad9948e9000-7ad9948ed000 r--p 0001d000 fc:00 35397415                   /home/henriqueramos_qs/meta-learning-concept-drift/.venv/lib/python3.12/site-packages/scipy/ndimage/_nd_image.cpython-312-x86_64-linux-gnu.so
7ad9948ed000-7ad9948ee000 r--p 00020000 fc:00 35397415                   /home/henriqueramos_qs/meta-learning-concept-drift/.venv/lib/python3.12/site-packages/scipy/ndimage/_nd_image.cpython-312-x86_64-linux-gnu.so
7ad9948ee000-7ad9948ef000 rw-p 00021000 fc:00 35397415                   /home/henriqueramos_qs/meta-learning-concept-drift/.venv/lib/python3.12/site-packages/scipy/ndimage/_nd_image.cpython-312-x86_64-linux-gnu.so
7ad9948ef000-7ad9949ef000 rw-p 00000000 00:00 0 
7ad9949ef000-7ad9949f3000 r--p 00000000 fc:00 35398081                   /home/henriqueramos_qs/meta-learning-concept-drift/.venv/lib/python3.12/site-packages/scipy/stats/_qmvnt_cy.cpython-312-x86_64-linux-gnu.so
7ad9949f3000-7ad994a07000 r-xp 00004000 fc:00 35398081                   /home/henriqueramos_qs/meta-learning-concept-drift/.venv/lib/python3.12/site-packages/scipy/stats/_qmvnt_cy.cpython-312-x86_64-linux-gnu.so
7ad994a07000-7ad994a0c000 r--p 00018000 fc:00 35398081                   /home/henriqueramos_qs/meta-learning-concept-drift/.venv/lib/python3.12/site-packages/scipy/stats/_qmvnt_cy.cpython-312-x86_64-linux-gnu.so
7ad994a0c000-7ad994a0d000 r--p 0001c000 fc:00 35398081                   /home/henriqueramos_qs/meta-learning-concept-drift/.venv/lib/python3.12/site-packages/scipy/stats/_qmvnt_cy.cpython-312-x86_64-linux-gnu.so
7ad994a0d000-7ad994a0e000 rw-p 0001d000 fc:00 35398081                   /home/henriqueramos_qs/meta-learning-concept-drift/.venv/lib/python3.12/site-packages/scipy/stats/_qmvnt_cy.cpython-312-x86_64-linux-gnu.so
7ad994a0e000-7ad994a12000 r--p 00000000 fc:00 35398118                   /home/henriqueramos_qs/meta-learning-concept-drift/.venv/lib/python3.12/site-packages/scipy/stats/_rcont/rcont.cpython-312-x86_64-linux-gnu.so
7ad994a12000-7ad994a1e000 r-xp 00004000 fc:00 35398118                   /home/henriqueramos_qs/meta-learning-concept-drift/.venv/lib/python3.12/site-packages/scipy/stats/_rcont/rcont.cpython-312-x86_64-linux-gnu.so
7ad994a1e000-7ad994a24000 r--p 00010000 fc:00 35398118                   /home/henriqueramos_qs/meta-learning-concept-drift/.venv/lib/python3.12/site-packages/scipy/stats/_rcont/rcont.cpython-312-x86_64-linux-gnu.so
7ad994a24000-7ad994a25000 ---p 00016000 fc:00 35398118                   /home/henriqueramos_qs/meta-learning-concept-drift/.venv/lib/python3.12/site-packages/scipy/stats/_rcont/rcont.cpython-312-x86_64-linux-gnu.so
7ad994a25000-7ad994a26000 r--p 00016000 fc:00 35398118                   /home/henriqueramos_qs/meta-learning-concept-drift/.venv/lib/python3.12/site-packages/scipy/stats/_rcont/rcont.cpython-312-x86_64-linux-gnu.so
7ad994a26000-7ad994a27000 rw-p 00017000 fc:00 35398118                   /home/henriqueramos_qs/meta-learning-concept-drift/.venv/lib/python3.12/site-packages/scipy/stats/_rcont/rcont.cpython-312-x86_64-linux-gnu.so
7ad994a27000-7ad994a2b000 r--p 00000000 fc:00 35398078                   /home/henriqueramos_qs/meta-learning-concept-drift/.venv/lib/python3.12/site-packages/scipy/stats/_qmc_cy.cpython-312-x86_64-linux-gnu.so
7ad994a2b000-7ad994a3e000 r-xp 00004000 fc:00 35398078                   /home/henriqueramos_qs/meta-learning-concept-drift/.venv/lib/python3.12/site-packages/scipy/stats/_qmc_cy.cpython-312-x86_64-linux-gnu.so
7ad994a3e000-7ad994a44000 r--p 00017000 fc:00 35398078                   /home/henriqueramos_qs/meta-learning-concept-drift/.venv/lib/python3.12/site-packages/scipy/stats/_qmc_cy.cpython-312-x86_64-linux-gnu.so
7ad994a44000-7ad994a45000 r--p 0001c000 fc:00 35398078                   /home/henriqueramos_qs/meta-learning-concept-drift/.venv/lib/python3.12/site-packages/scipy/stats/_qmc_cy.cpython-312-x86_64-linux-gnu.so
7ad994a45000-7ad994a46000 rw-p 0001d000 fc:00 35398078                   /home/henriqueramos_qs/meta-learning-concept-drift/.venv/lib/python3.12/site-packages/scipy/stats/_qmc_cy.cpython-312-x86_64-linux-gnu.so
7ad994a46000-7ad994a4b000 r--p 00000000 fc:00 35398088                   /home/henriqueramos_qs/meta-learning-concept-drift/.venv/lib/python3.12/site-packages/scipy/stats/_sobol.cpython-312-x86_64-linux-gnu.so
7ad994a4b000-7ad994a72000 r-xp 00005000 fc:00 35398088                   /home/henriqueramos_qs/meta-learning-concept-drift/.venv/lib/python3.12/site-packages/scipy/stats/_sobol.cpython-312-x86_64-linux-gnu.so
7ad994a72000-7ad994a79000 r--p 0002c000 fc:00 35398088                   /home/henriqueramos_qs/meta-learning-concept-drift/.venv/lib/python3.12/site-packages/scipy/stats/_sobol.cpython-312-x86_64-linux-gnu.so
7ad994a79000-7ad994a7a000 ---p 00033000 fc:00 35398088                   /home/henriqueramos_qs/meta-learning-concept-drift/.venv/lib/python3.12/site-packages/scipy/stats/_sobol.cpython-312-x86_64-linux-gnu.so
7ad994a7a000-7ad994a7b000 r--p 00033000 fc:00 35398088                   /home/henriqueramos_qs/meta-learning-concept-drift/.venv/lib/python3.12/site-packages/scipy/stats/_sobol.cpython-312-x86_64-linux-gnu.so
7ad994a7b000-7ad994a7c000 rw-p 00034000 fc:00 35398088                   /home/henriqueramos_qs/meta-learning-concept-drift/.venv/lib/python3.12/site-packages/scipy/stats/_sobol.cpython-312-x86_64-linux-gnu.so
7ad994a7c000-7ad994a7d000 rw-p 00000000 00:00 0 
7ad994a7d000-7ad994a82000 r--p 00000000 fc:00 35397725                   /home/henriqueramos_qs/meta-learning-concept-drift/.venv/lib/python3.12/site-packages/scipy/sparse/csgraph/_reordering.cpython-312-x86_64-linux-gnu.so
7ad994a82000-7ad994a9c000 r-xp 00005000 fc:00 35397725                   /home/henriqueramos_qs/meta-learning-concept-drift/.venv/lib/python3.12/site-packages/scipy/sparse/csgraph/_reordering.cpython-312-x86_64-linux-gnu.so
7ad994a9c000-7ad994aa3000 r--p 0001f000 fc:00 35397725                   /home/henriqueramos_qs/meta-learning-concept-drift/.venv/lib/python3.12/site-packages/scipy/sparse/csgraph/_reordering.cpython-312-x86_64-linux-gnu.so
7ad994aa3000-7ad994aa4000 ---p 00026000 fc:00 35397725                   /home/henriqueramos_qs/meta-learning-concept-drift/.venv/lib/python3.12/site-packages/scipy/sparse/csgraph/_reordering.cpython-312-x86_64-linux-gnu.so
7ad994aa4000-7ad994aa5000 r--p 00026000 fc:00 35397725                   /home/henriqueramos_qs/meta-learning-concept-drift/.venv/lib/python3.12/site-packages/scipy/sparse/csgraph/_reordering.cpython-312-x86_64-linux-gnu.so
7ad994aa5000-7ad994aa6000 rw-p 00027000 fc:00 35397725                   /home/henriqueramos_qs/meta-learning-concept-drift/.venv/lib/python3.12/site-packages/scipy/sparse/csgraph/_reordering.cpython-312-x86_64-linux-gnu.so
7ad994aa6000-7ad994aa7000 rw-p 00000000 00:00 0 
7ad994aa7000-7ad994aab000 r--p 00000000 fc:00 35397723                   /home/henriqueramos_qs/meta-learning-concept-drift/.venv/lib/python3.12/site-packages/scipy/sparse/csgraph/_matching.cpython-312-x86_64-linux-gnu.so
7ad994aab000-7ad994ac8000 r-xp 00004000 fc:00 35397723                   /home/henriqueramos_qs/meta-learning-concept-drift/.venv/lib/python3.12/site-packages/scipy/sparse/csgraph/_matching.cpython-312-x86_64-linux-gnu.so
7ad994ac8000-7ad994ad3000 r--p 00021000 fc:00 35397723                   /home/henriqueramos_qs/meta-learning-concept-drift/.venv/lib/python3.12/site-packages/scipy/sparse/csgraph/_matching.cpython-312-x86_64-linux-gnu.so
7ad994ad3000-7ad994ad4000 r--p 0002b000 fc:00 35397723                   /home/henriqueramos_qs/meta-learning-concept-drift/.venv/lib/python3.12/site-packages/scipy/sparse/csgraph/_matching.cpython-312-x86_64-linux-gnu.so
7ad994ad4000-7ad994ad5000 rw-p 0002c000 fc:00 35397723                   /home/henriqueramos_qs/meta-learning-concept-drift/.venv/lib/python3.12/site-packages/scipy/sparse/csgraph/_matching.cpython-312-x86_64-linux-gnu.so
7ad994ad5000-7ad994ad9000 r--p 00000000 fc:00 35397721                   /home/henriqueramos_qs/meta-learning-concept-drift/.venv/lib/python3.12/site-packages/scipy/sparse/csgraph/_flow.cpython-312-x86_64-linux-gnu.so
7ad994ad9000-7ad994af5000 r-xp 00004000 fc:00 35397721                   /home/henriqueramos_qs/meta-learning-concept-drift/.venv/lib/python3.12/site-packages/scipy/sparse/csgraph/_flow.cpython-312-x86_64-linux-gnu.so
7ad994af5000-7ad994afe000 r--p 00020000 fc:00 35397721                   /home/henriqueramos_qs/meta-learning-concept-drift/.venv/lib/python3.12/site-packages/scipy/sparse/csgraph/_flow.cpython-312-x86_64-linux-gnu.so
7ad994afe000-7ad994aff000 ---p 00029000 fc:00 35397721                   /home/henriqueramos_qs/meta-learning-concept-drift/.venv/lib/python3.12/site-packages/scipy/sparse/csgraph/_flow.cpython-312-x86_64-linux-gnu.so
7ad994aff000-7ad994b00000 r--p 00029000 fc:00 35397721                   /home/henriqueramos_qs/meta-learning-concept-drift/.venv/lib/python3.12/site-packages/scipy/sparse/csgraph/_flow.cpython-312-x86_64-linux-gnu.so
7ad994b00000-7ad994b01000 rw-p 0002a000 fc:00 35397721                   /home/henriqueramos_qs/meta-learning-concept-drift/.venv/lib/python3.12/site-packages/scipy/sparse/csgraph/_flow.cpython-312-x86_64-linux-gnu.so
7ad994b01000-7ad994b02000 rw-p 00000000 00:00 0 
7ad994b02000-7ad994b07000 r--p 00000000 fc:00 35397728                   /home/henriqueramos_qs/meta-learning-concept-drift/.venv/lib/python3.12/site-packages/scipy/sparse/csgraph/_traversal.cpython-312-x86_64-linux-gnu.so
7ad994b07000-7ad994b5c000 r-xp 00005000 fc:00 35397728                   /home/henriqueramos_qs/meta-learning-concept-drift/.venv/lib/python3.12/site-packages/scipy/sparse/csgraph/_traversal.cpython-312-x86_64-linux-gnu.so
7ad994b5c000-7ad994b6a000 r--p 0005a000 fc:00 35397728                   /home/henriqueramos_qs/meta-learning-concept-drift/.venv/lib/python3.12/site-packages/scipy/sparse/csgraph/_traversal.cpython-312-x86_64-linux-gnu.so
7ad994b6a000-7ad994b6b000 r--p 00067000 fc:00 35397728                   /home/henriqueramos_qs/meta-learning-concept-drift/.venv/lib/python3.12/site-packages/scipy/sparse/csgraph/_traversal.cpython-312-x86_64-linux-gnu.so
7ad994b6b000-7ad994b6d000 rw-p 00068000 fc:00 35397728                   /home/henriqueramos_qs/meta-learning-concept-drift/.venv/lib/python3.12/site-packages/scipy/sparse/csgraph/_traversal.cpython-312-x86_64-linux-gnu.so
7ad994b6d000-7ad994b71000 r--p 00000000 fc:00 35397727                   /home/henriqueramos_qs/meta-learning-concept-drift/.venv/lib/python3.12/site-packages/scipy/sparse/csgraph/_tools.cpython-312-x86_64-linux-gnu.so
7ad994b71000-7ad994b8c000 r-xp 00004000 fc:00 35397727                   /home/henriqueramos_qs/meta-learning-concept-drift/.venv/lib/python3.12/site-packages/scipy/sparse/csgraph/_tools.cpython-312-x86_64-linux-gnu.so
7ad994b8c000-7ad994b97000 r--p 0001f000 fc:00 35397727                   /home/henriqueramos_qs/meta-learning-concept-drift/.venv/lib/python3.12/site-packages/scipy/sparse/csgraph/_tools.cpython-312-x86_64-linux-gnu.so
7ad994b97000-7ad994b98000 ---p 0002a000 fc:00 35397727                   /home/henriqueramos_qs/meta-learning-concept-drift/.venv/lib/python3.12/site-packages/scipy/sparse/csgraph/_tools.cpython-312-x86_64-linux-gnu.so
7ad994b98000-7ad994b99000 r--p 0002a000 fc:00 35397727                   /home/henriqueramos_qs/meta-learning-concept-drift/.venv/lib/python3.12/site-packages/scipy/sparse/csgraph/_tools.cpython-312-x86_64-linux-gnu.so
7ad994b99000-7ad994b9a000 rw-p 0002b000 fc:00 35397727                   /home/henriqueramos_qs/meta-learning-concept-drift/.venv/lib/python3.12/site-packages/scipy/sparse/csgraph/_tools.cpython-312-x86_64-linux-gnu.so
7ad994b9a000-7ad994b9b000 rw-p 00000000 00:00 0 
7ad994b9b000-7ad994ba1000 r--p 00000000 fc:00 35397726                   /home/henriqueramos_qs/meta-learning-concept-drift/.venv/lib/python3.12/site-packages/scipy/sparse/csgraph/_shortest_path.cpython-312-x86_64-linux-gnu.so
7ad994ba1000-7ad994be6000 r-xp 00006000 fc:00 35397726                   /home/henriqueramos_qs/meta-learning-concept-drift/.venv/lib/python3.12/site-packages/scipy/sparse/csgraph/_shortest_path.cpython-312-x86_64-linux-gnu.so
7ad994be6000-7ad994bfc000 r--p 0004b000 fc:00 35397726                   /home/henriqueramos_qs/meta-learning-concept-drift/.venv/lib/python3.12/site-packages/scipy/sparse/csgraph/_shortest_path.cpython-312-x86_64-linux-gnu.so
7ad994bfc000-7ad994bfe000 r--p 00060000 fc:00 35397726                   /home/henriqueramos_qs/meta-learning-concept-drift/.venv/lib/python3.12/site-packages/scipy/sparse/csgraph/_shortest_path.cpython-312-x86_64-linux-gnu.so
7ad994bfe000-7ad994c00000 rw-p 00062000 fc:00 35397726                   /home/henriqueramos_qs/meta-learning-concept-drift/.venv/lib/python3.12/site-packages/scipy/sparse/csgraph/_shortest_path.cpython-312-x86_64-linux-gnu.so
7ad994c00000-7ad994e00000 rw-p 00000000 00:00 0 
7ad994e00000-7ad994e11000 r--p 00000000 fc:00 35397951                   /home/henriqueramos_qs/meta-learning-concept-drift/.venv/lib/python3.12/site-packages/scipy/special/cython_special.cpython-312-x86_64-linux-gnu.so
7ad994e11000-7ad995093000 r-xp 00011000 fc:00 35397951                   /home/henriqueramos_qs/meta-learning-concept-drift/.venv/lib/python3.12/site-packages/scipy/special/cython_special.cpython-312-x86_64-linux-gnu.so
7ad995093000-7ad9950d9000 r--p 00293000 fc:00 35397951                   /home/henriqueramos_qs/meta-learning-concept-drift/.venv/lib/python3.12/site-packages/scipy/special/cython_special.cpython-312-x86_64-linux-gnu.so
7ad9950d9000-7ad9950dc000 r--p 002d8000 fc:00 35397951                   /home/henriqueramos_qs/meta-learning-concept-drift/.venv/lib/python3.12/site-packages/scipy/special/cython_special.cpython-312-x86_64-linux-gnu.so
7ad9950dc000-7ad9950e2000 rw-p 002db000 fc:00 35397951                   /home/henriqueramos_qs/meta-learning-concept-drift/.venv/lib/python3.12/site-packages/scipy/special/cython_special.cpython-312-x86_64-linux-gnu.so
7ad9950e2000-7ad9950e4000 rw-p 00000000 00:00 0 
7ad9950e7000-7ad9950e9000 r--p 00000000 fc:00 35400255                   /home/henriqueramos_qs/meta-learning-concept-drift/.venv/lib/python3.12/site-packages/sklearn/neighbors/_partition_nodes.cpython-312-x86_64-linux-gnu.so
7ad9950e9000-7ad9950eb000 r-xp 00002000 fc:00 35400255                   /home/henriqueramos_qs/meta-learning-concept-drift/.venv/lib/python3.12/site-packages/sklearn/neighbors/_partition_nodes.cpython-312-x86_64-linux-gnu.so
7ad9950eb000-7ad9950ec000 r--p 00004000 fc:00 35400255                   /home/henriqueramos_qs/meta-learning-concept-drift/.venv/lib/python3.12/site-packages/sklearn/neighbors/_partition_nodes.cpython-312-x86_64-linux-gnu.so
7ad9950ec000-7ad9950ed000 r--p 00004000 fc:00 35400255                   /home/henriqueramos_qs/meta-learning-concept-drift/.venv/lib/python3.12/site-packages/sklearn/neighbors/_partition_nodes.cpython-312-x86_64-linux-gnu.so
7ad9950ed000-7ad9950ee000 rw-p 00005000 fc:00 35400255                   /home/henriqueramos_qs/meta-learning-concept-drift/.venv/lib/python3.12/site-packages/sklearn/neighbors/_partition_nodes.cpython-312-x86_64-linux-gnu.so
7ad9950ee000-7ad9950f2000 r--p 00000000 fc:00 35397724                   /home/henriqueramos_qs/meta-learning-concept-drift/.venv/lib/python3.12/site-packages/scipy/sparse/csgraph/_min_spanning_tree.cpython-312-x86_64-linux-gnu.so
7ad9950f2000-7ad995100000 r-xp 00004000 fc:00 35397724                   /home/henriqueramos_qs/meta-learning-concept-drift/.venv/lib/python3.12/site-packages/scipy/sparse/csgraph/_min_spanning_tree.cpython-312-x86_64-linux-gnu.so
7ad995100000-7ad995106000 r--p 00012000 fc:00 35397724                   /home/henriqueramos_qs/meta-learning-concept-drift/.venv/lib/python3.12/site-packages/scipy/sparse/csgraph/_min_spanning_tree.cpython-312-x86_64-linux-gnu.so
7ad995106000-7ad995107000 r--p 00017000 fc:00 35397724                   /home/henriqueramos_qs/meta-learning-concept-drift/.venv/lib/python3.12/site-packages/scipy/sparse/csgraph/_min_spanning_tree.cpython-312-x86_64-linux-gnu.so
7ad995107000-7ad995108000 rw-p 00018000 fc:00 35397724                   /home/henriqueramos_qs/meta-learning-concept-drift/.venv/lib/python3.12/site-packages/scipy/sparse/csgraph/_min_spanning_tree.cpython-312-x86_64-linux-gnu.so
7ad995108000-7ad99510c000 r--p 00000000 fc:00 35398041                   /home/henriqueramos_qs/meta-learning-concept-drift/.venv/lib/python3.12/site-packages/scipy/stats/_ansari_swilk_statistics.cpython-312-x86_64-linux-gnu.so
7ad99510c000-7ad99511b000 r-xp 00004000 fc:00 35398041                   /home/henriqueramos_qs/meta-learning-concept-drift/.venv/lib/python3.12/site-packages/scipy/stats/_ansari_swilk_statistics.cpython-312-x86_64-linux-gnu.so
7ad99511b000-7ad995120000 r--p 00013000 fc:00 35398041                   /home/henriqueramos_qs/meta-learning-concept-drift/.venv/lib/python3.12/site-packages/scipy/stats/_ansari_swilk_statistics.cpython-312-x86_64-linux-gnu.so
7ad995120000-7ad995121000 ---p 00018000 fc:00 35398041                   /home/henriqueramos_qs/meta-learning-concept-drift/.venv/lib/python3.12/site-packages/scipy/stats/_ansari_swilk_statistics.cpython-312-x86_64-linux-gnu.so
7ad995121000-7ad995122000 r--p 00018000 fc:00 35398041                   /home/henriqueramos_qs/meta-learning-concept-drift/.venv/lib/python3.12/site-packages/scipy/stats/_ansari_swilk_statistics.cpython-312-x86_64-linux-gnu.so
7ad995122000-7ad995123000 rw-p 00019000 fc:00 35398041                   /home/henriqueramos_qs/meta-learning-concept-drift/.venv/lib/python3.12/site-packages/scipy/stats/_ansari_swilk_statistics.cpython-312-x86_64-linux-gnu.so
7ad995123000-7ad995124000 rw-p 00000000 00:00 0 
7ad995124000-7ad995127000 r--p 00000000 fc:00 35398115                   /home/henriqueramos_qs/meta-learning-concept-drift/.venv/lib/python3.12/site-packages/scipy/stats/_levy_stable/levyst.cpython-312-x86_64-linux-gnu.so
7ad995127000-7ad99512d000 r-xp 00003000 fc:00 35398115                   /home/henriqueramos_qs/meta-learning-concept-drift/.venv/lib/python3.12/site-packages/scipy/stats/_levy_stable/levyst.cpython-312-x86_64-linux-gnu.so
7ad99512d000-7ad99512f000 r--p 00009000 fc:00 35398115                   /home/henriqueramos_qs/meta-learning-concept-drift/.venv/lib/python3.12/site-packages/scipy/stats/_levy_stable/levyst.cpython-312-x86_64-linux-gnu.so
7ad99512f000-7ad995130000 ---p 0000b000 fc:00 35398115                   /home/henriqueramos_qs/meta-learning-concept-drift/.venv/lib/python3.12/site-packages/scipy/stats/_levy_stable/levyst.cpython-312-x86_64-linux-gnu.so
7ad995130000-7ad995131000 r--p 0000b000 fc:00 35398115                   /home/henriqueramos_qs/meta-learning-concept-drift/.venv/lib/python3.12/site-packages/scipy/stats/_levy_stable/levyst.cpython-312-x86_64-linux-gnu.so
7ad995131000-7ad995132000 rw-p 0000c000 fc:00 35398115                   /home/henriqueramos_qs/meta-learning-concept-drift/.venv/lib/python3.12/site-packages/scipy/stats/_levy_stable/levyst.cpython-312-x86_64-linux-gnu.so
7ad995132000-7ad995136000 r--p 00000000 fc:00 35398095                   /home/henriqueramos_qs/meta-learning-concept-drift/.venv/lib/python3.12/site-packages/scipy/stats/_stats_pythran.cpython-312-x86_64-linux-gnu.so
7ad995136000-7ad995150000 r-xp 00004000 fc:00 35398095                   /home/henriqueramos_qs/meta-learning-concept-drift/.venv/lib/python3.12/site-packages/scipy/stats/_stats_pythran.cpython-312-x86_64-linux-gnu.so
7ad995150000-7ad995156000 r--p 0001e000 fc:00 35398095                   /home/henriqueramos_qs/meta-learning-concept-drift/.venv/lib/python3.12/site-packages/scipy/stats/_stats_pythran.cpython-312-x86_64-linux-gnu.so
7ad995156000-7ad995157000 r--p 00023000 fc:00 35398095                   /home/henriqueramos_qs/meta-learning-concept-drift/.venv/lib/python3.12/site-packages/scipy/stats/_stats_pythran.cpython-312-x86_64-linux-gnu.so
7ad995157000-7ad995158000 rw-p 00024000 fc:00 35398095                   /home/henriqueramos_qs/meta-learning-concept-drift/.venv/lib/python3.12/site-packages/scipy/stats/_stats_pythran.cpython-312-x86_64-linux-gnu.so
7ad995158000-7ad99515e000 r--p 00000000 fc:00 35398043                   /home/henriqueramos_qs/meta-learning-concept-drift/.venv/lib/python3.12/site-packages/scipy/stats/_biasedurn.cpython-312-x86_64-linux-gnu.so
7ad99515e000-7ad995186000 r-xp 00006000 fc:00 35398043                   /home/henriqueramos_qs/meta-learning-concept-drift/.venv/lib/python3.12/site-packages/scipy/stats/_biasedurn.cpython-312-x86_64-linux-gnu.so
7ad995186000-7ad995192000 r--p 0002e000 fc:00 35398043                   /home/henriqueramos_qs/meta-learning-concept-drift/.venv/lib/python3.12/site-packages/scipy/stats/_biasedurn.cpython-312-x86_64-linux-gnu.so
7ad995192000-7ad995193000 r--p 00039000 fc:00 35398043                   /home/henriqueramos_qs/meta-learning-concept-drift/.venv/lib/python3.12/site-packages/scipy/stats/_biasedurn.cpython-312-x86_64-linux-gnu.so
7ad995193000-7ad995196000 rw-p 0003a000 fc:00 35398043                   /home/henriqueramos_qs/meta-learning-concept-drift/.venv/lib/python3.12/site-packages/scipy/stats/_biasedurn.cpython-312-x86_64-linux-gnu.so
7ad995196000-7ad995299000 rw-p 00000000 00:00 0 
7ad995299000-7ad99529f000 r--p 00000000 fc:00 35398091                   /home/henriqueramos_qs/meta-learning-concept-drift/.venv/lib/python3.12/site-packages/scipy/stats/_stats.cpython-312-x86_64-linux-gnu.so
7ad99529f000-7ad99530b000 r-xp 00006000 fc:00 35398091                   /home/henriqueramos_qs/meta-learning-concept-drift/.venv/lib/python3.12/site-packages/scipy/stats/_stats.cpython-312-x86_64-linux-gnu.so
7ad99530b000-7ad995316000 r--p 00072000 fc:00 35398091                   /home/henriqueramos_qs/meta-learning-concept-drift/.venv/lib/python3.12/site-packages/scipy/stats/_stats.cpython-312-x86_64-linux-gnu.so
7ad995316000-7ad995317000 ---p 0007d000 fc:00 35398091                   /home/henriqueramos_qs/meta-learning-concept-drift/.venv/lib/python3.12/site-packages/scipy/stats/_stats.cpython-312-x86_64-linux-gnu.so
7ad995317000-7ad995319000 r--p 0007d000 fc:00 35398091                   /home/henriqueramos_qs/meta-learning-concept-drift/.venv/lib/python3.12/site-packages/scipy/stats/_stats.cpython-312-x86_64-linux-gnu.so
7ad995319000-7ad99531b000 rw-p 0007f000 fc:00 35398091                   /home/henriqueramos_qs/meta-learning-concept-drift/.venv/lib/python3.12/site-packages/scipy/stats/_stats.cpython-312-x86_64-linux-gnu.so
7ad99531b000-7ad99531c000 rw-p 00000000 00:00 0 
7ad99531c000-7ad995320000 r--p 00000000 fc:00 35396992                   /home/henriqueramos_qs/meta-learning-concept-drift/.venv/lib/python3.12/site-packages/scipy/interpolate/_rgi_cython.cpython-312-x86_64-linux-gnu.so
7ad995320000-7ad995335000 r-xp 00004000 fc:00 35396992                   /home/henriqueramos_qs/meta-learning-concept-drift/.venv/lib/python3.12/site-packages/scipy/interpolate/_rgi_cython.cpython-312-x86_64-linux-gnu.so
7ad995335000-7ad99533b000 r--p 00019000 fc:00 35396992                   /home/henriqueramos_qs/meta-learning-concept-drift/.venv/lib/python3.12/site-packages/scipy/interpolate/_rgi_cython.cpython-312-x86_64-linux-gnu.so
7ad99533b000-7ad99533c000 r--p 0001e000 fc:00 35396992                   /home/henriqueramos_qs/meta-learning-concept-drift/.venv/lib/python3.12/site-packages/scipy/interpolate/_rgi_cython.cpython-312-x86_64-linux-gnu.so
7ad99533c000-7ad99533d000 rw-p 0001f000 fc:00 35396992                   /home/henriqueramos_qs/meta-learning-concept-drift/.venv/lib/python3.12/site-packages/scipy/interpolate/_rgi_cython.cpython-312-x86_64-linux-gnu.so
7ad99533d000-7ad99533e000 rw-p 00000000 00:00 0 
7ad99533e000-7ad995342000 r--p 00000000 fc:00 35396990                   /home/henriqueramos_qs/meta-learning-concept-drift/.venv/lib/python3.12/site-packages/scipy/interpolate/_rbfinterp_pythran.cpython-312-x86_64-linux-gnu.so
7ad995342000-7ad99536d000 r-xp 00004000 fc:00 35396990                   /home/henriqueramos_qs/meta-learning-concept-drift/.venv/lib/python3.12/site-packages/scipy/interpolate/_rbfinterp_pythran.cpython-312-x86_64-linux-gnu.so
7ad99536d000-7ad995373000 r--p 0002f000 fc:00 35396990                   /home/henriqueramos_qs/meta-learning-concept-drift/.venv/lib/python3.12/site-packages/scipy/interpolate/_rbfinterp_pythran.cpython-312-x86_64-linux-gnu.so
7ad995373000-7ad995374000 r--p 00034000 fc:00 35396990                   /home/henriqueramos_qs/meta-learning-concept-drift/.venv/lib/python3.12/site-packages/scipy/interpolate/_rbfinterp_pythran.cpython-312-x86_64-linux-gnu.so
7ad995374000-7ad995375000 rw-p 00035000 fc:00 35396990                   /home/henriqueramos_qs/meta-learning-concept-drift/.venv/lib/python3.12/site-packages/scipy/interpolate/_rbfinterp_pythran.cpython-312-x86_64-linux-gnu.so
7ad995375000-7ad99537b000 r--p 00000000 fc:00 35396981                   /home/henriqueramos_qs/meta-learning-concept-drift/.venv/lib/python3.12/site-packages/scipy/interpolate/_interpnd.cpython-312-x86_64-linux-gnu.so
7ad99537b000-7ad9953aa000 r-xp 00006000 fc:00 35396981                   /home/henriqueramos_qs/meta-learning-concept-drift/.venv/lib/python3.12/site-packages/scipy/interpolate/_interpnd.cpython-312-x86_64-linux-gnu.so
7ad9953aa000-7ad9953b4000 r--p 00035000 fc:00 35396981                   /home/henriqueramos_qs/meta-learning-concept-drift/.venv/lib/python3.12/site-packages/scipy/interpolate/_interpnd.cpython-312-x86_64-linux-gnu.so
7ad9953b4000-7ad9953b6000 r--p 0003e000 fc:00 35396981                   /home/henriqueramos_qs/meta-learning-concept-drift/.venv/lib/python3.12/site-packages/scipy/interpolate/_interpnd.cpython-312-x86_64-linux-gnu.so
7ad9953b6000-7ad9953b8000 rw-p 00040000 fc:00 35396981                   /home/henriqueramos_qs/meta-learning-concept-drift/.venv/lib/python3.12/site-packages/scipy/interpolate/_interpnd.cpython-312-x86_64-linux-gnu.so
7ad9953b8000-7ad9953bd000 r--p 00000000 fc:00 35396987                   /home/henriqueramos_qs/meta-learning-concept-drift/.venv/lib/python3.12/site-packages/scipy/interpolate/_ppoly.cpython-312-x86_64-linux-gnu.so
7ad9953bd000-7ad9953f2000 r-xp 00005000 fc:00 35396987                   /home/henriqueramos_qs/meta-learning-concept-drift/.venv/lib/python3.12/site-packages/scipy/interpolate/_ppoly.cpython-312-x86_64-linux-gnu.so
7ad9953f2000-7ad9953fb000 r--p 0003a000 fc:00 35396987                   /home/henriqueramos_qs/meta-learning-concept-drift/.venv/lib/python3.12/site-packages/scipy/interpolate/_ppoly.cpython-312-x86_64-linux-gnu.so
7ad9953fb000-7ad9953fc000 ---p 00043000 fc:00 35396987                   /home/henriqueramos_qs/meta-learning-concept-drift/.venv/lib/python3.12/site-packages/scipy/interpolate/_ppoly.cpython-312-x86_64-linux-gnu.so
7ad9953fc000-7ad9953fd000 r--p 00043000 fc:00 35396987                   /home/henriqueramos_qs/meta-learning-concept-drift/.venv/lib/python3.12/site-packages/scipy/interpolate/_ppoly.cpython-312-x86_64-linux-gnu.so
7ad9953fd000-7ad9953fe000 rw-p 00044000 fc:00 35396987                   /home/henriqueramos_qs/meta-learning-concept-drift/.venv/lib/python3.12/site-packages/scipy/interpolate/_ppoly.cpython-312-x86_64-linux-gnu.so
7ad9953fe000-7ad9953ff000 rw-p 00000000 00:00 0 
7ad9953ff000-7ad995402000 r--p 00000000 fc:00 35396975                   /home/henriqueramos_qs/meta-learning-concept-drift/.venv/lib/python3.12/site-packages/scipy/interpolate/_dierckx.cpython-312-x86_64-linux-gnu.so
7ad995402000-7ad995410000 r-xp 00003000 fc:00 35396975                   /home/henriqueramos_qs/meta-learning-concept-drift/.venv/lib/python3.12/site-packages/scipy/interpolate/_dierckx.cpython-312-x86_64-linux-gnu.so
7ad995410000-7ad995415000 r--p 00011000 fc:00 35396975                   /home/henriqueramos_qs/meta-learning-concept-drift/.venv/lib/python3.12/site-packages/scipy/interpolate/_dierckx.cpython-312-x86_64-linux-gnu.so
7ad995415000-7ad995416000 r--p 00015000 fc:00 35396975                   /home/henriqueramos_qs/meta-learning-concept-drift/.venv/lib/python3.12/site-packages/scipy/interpolate/_dierckx.cpython-312-x86_64-linux-gnu.so
7ad995416000-7ad995419000 rw-p 00016000 fc:00 35396975                   /home/henriqueramos_qs/meta-learning-concept-drift/.venv/lib/python3.12/site-packages/scipy/interpolate/_dierckx.cpython-312-x86_64-linux-gnu.so
7ad995419000-7ad99541c000 rw-p 00023000 fc:00 35396975                   /home/henriqueramos_qs/meta-learning-concept-drift/.venv/lib/python3.12/site-packages/scipy/interpolate/_dierckx.cpython-312-x86_64-linux-gnu.so
7ad99541c000-7ad995420000 r--p 00000000 fc:00 35396974                   /home/henriqueramos_qs/meta-learning-concept-drift/.venv/lib/python3.12/site-packages/scipy/interpolate/_dfitpack.cpython-312-x86_64-linux-gnu.so
7ad995420000-7ad995459000 r-xp 00004000 fc:00 35396974                   /home/henriqueramos_qs/meta-learning-concept-drift/.venv/lib/python3.12/site-packages/scipy/interpolate/_dfitpack.cpython-312-x86_64-linux-gnu.so
7ad995459000-7ad995464000 r--p 0003d000 fc:00 35396974                   /home/henriqueramos_qs/meta-learning-concept-drift/.venv/lib/python3.12/site-packages/scipy/interpolate/_dfitpack.cpython-312-x86_64-linux-gnu.so
7ad995464000-7ad995465000 r--p 00047000 fc:00 35396974                   /home/henriqueramos_qs/meta-learning-concept-drift/.venv/lib/python3.12/site-packages/scipy/interpolate/_dfitpack.cpython-312-x86_64-linux-gnu.so
7ad995465000-7ad99546d000 rw-p 00048000 fc:00 35396974                   /home/henriqueramos_qs/meta-learning-concept-drift/.venv/lib/python3.12/site-packages/scipy/interpolate/_dfitpack.cpython-312-x86_64-linux-gnu.so
7ad99546d000-7ad995470000 rw-p 00053000 fc:00 35396974                   /home/henriqueramos_qs/meta-learning-concept-drift/.venv/lib/python3.12/site-packages/scipy/interpolate/_dfitpack.cpython-312-x86_64-linux-gnu.so
7ad995470000-7ad995471000 r--p 00000000 fc:00 35396976                   /home/henriqueramos_qs/meta-learning-concept-drift/.venv/lib/python3.12/site-packages/scipy/interpolate/_fitpack.cpython-312-x86_64-linux-gnu.so
7ad995471000-7ad995481000 r-xp 00001000 fc:00 35396976                   /home/henriqueramos_qs/meta-learning-concept-drift/.venv/lib/python3.12/site-packages/scipy/interpolate/_fitpack.cpython-312-x86_64-linux-gnu.so
7ad995481000-7ad995483000 r--p 00011000 fc:00 35396976                   /home/henriqueramos_qs/meta-learning-concept-drift/.venv/lib/python3.12/site-packages/scipy/interpolate/_fitpack.cpython-312-x86_64-linux-gnu.so
7ad995483000-7ad995484000 r--p 00012000 fc:00 35396976                   /home/henriqueramos_qs/meta-learning-concept-drift/.venv/lib/python3.12/site-packages/scipy/interpolate/_fitpack.cpython-312-x86_64-linux-gnu.so
7ad995484000-7ad995485000 rw-p 00013000 fc:00 35396976                   /home/henriqueramos_qs/meta-learning-concept-drift/.venv/lib/python3.12/site-packages/scipy/interpolate/_fitpack.cpython-312-x86_64-linux-gnu.so
7ad995485000-7ad995487000 rw-p 00015000 fc:00 35396976                   /home/henriqueramos_qs/meta-learning-concept-drift/.venv/lib/python3.12/site-packages/scipy/interpolate/_fitpack.cpython-312-x86_64-linux-gnu.so
7ad995487000-7ad995687000 rw-p 00000000 00:00 0 
7ad995687000-7ad9956a3000 r--p 00000000 fc:00 35396921                   /home/henriqueramos_qs/meta-learning-concept-drift/.venv/lib/python3.12/site-packages/scipy/integrate/_lsoda.cpython-312-x86_64-linux-gnu.so
7ad9956a3000-7ad9956be000 r-xp 0001c000 fc:00 35396921                   /home/henriqueramos_qs/meta-learning-concept-drift/.venv/lib/python3.12/site-packages/scipy/integrate/_lsoda.cpython-312-x86_64-linux-gnu.so
7ad9956be000-7ad9956cd000 r--p 00037000 fc:00 35396921                   /home/henriqueramos_qs/meta-learning-concept-drift/.venv/lib/python3.12/site-packages/scipy/integrate/_lsoda.cpython-312-x86_64-linux-gnu.so
7ad9956cd000-7ad9956ce000 ---p 00046000 fc:00 35396921                   /home/henriqueramos_qs/meta-learning-concept-drift/.venv/lib/python3.12/site-packages/scipy/integrate/_lsoda.cpython-312-x86_64-linux-gnu.so
7ad9956ce000-7ad9956cf000 r--p 00046000 fc:00 35396921                   /home/henriqueramos_qs/meta-learning-concept-drift/.venv/lib/python3.12/site-packages/scipy/integrate/_lsoda.cpython-312-x86_64-linux-gnu.so
7ad9956cf000-7ad9956d4000 rw-p 00047000 fc:00 35396921                   /home/henriqueramos_qs/meta-learning-concept-drift/.venv/lib/python3.12/site-packages/scipy/integrate/_lsoda.cpython-312-x86_64-linux-gnu.so
7ad9956d4000-7ad9956ec000 rw-p 00067000 fc:00 35396921                   /home/henriqueramos_qs/meta-learning-concept-drift/.venv/lib/python3.12/site-packages/scipy/integrate/_lsoda.cpython-312-x86_64-linux-gnu.so
7ad9956ec000-7ad9956ef000 r--p 00000000 fc:00 35396919                   /home/henriqueramos_qs/meta-learning-concept-drift/.venv/lib/python3.12/site-packages/scipy/integrate/_dop.cpython-312-x86_64-linux-gnu.so
7ad9956ef000-7ad9956fe000 r-xp 00003000 fc:00 35396919                   /home/henriqueramos_qs/meta-learning-concept-drift/.venv/lib/python3.12/site-packages/scipy/integrate/_dop.cpython-312-x86_64-linux-gnu.so
7ad9956fe000-7ad995702000 r--p 00012000 fc:00 35396919                   /home/henriqueramos_qs/meta-learning-concept-drift/.venv/lib/python3.12/site-packages/scipy/integrate/_dop.cpython-312-x86_64-linux-gnu.so
7ad995702000-7ad995703000 r--p 00015000 fc:00 35396919                   /home/henriqueramos_qs/meta-learning-concept-drift/.venv/lib/python3.12/site-packages/scipy/integrate/_dop.cpython-312-x86_64-linux-gnu.so
7ad995703000-7ad995705000 rw-p 00016000 fc:00 35396919                   /home/henriqueramos_qs/meta-learning-concept-drift/.venv/lib/python3.12/site-packages/scipy/integrate/_dop.cpython-312-x86_64-linux-gnu.so
7ad995705000-7ad995708000 rw-p 0001b000 fc:00 35396919                   /home/henriqueramos_qs/meta-learning-concept-drift/.venv/lib/python3.12/site-packages/scipy/integrate/_dop.cpython-312-x86_64-linux-gnu.so
7ad995708000-7ad995724000 r--p 00000000 fc:00 35396932                   /home/henriqueramos_qs/meta-learning-concept-drift/.venv/lib/python3.12/site-packages/scipy/integrate/_vode.cpython-312-x86_64-linux-gnu.so
7ad995724000-7ad99574a000 r-xp 0001c000 fc:00 35396932                   /home/henriqueramos_qs/meta-learning-concept-drift/.venv/lib/python3.12/site-packages/scipy/integrate/_vode.cpython-312-x86_64-linux-gnu.so
7ad99574a000-7ad99575b000 r--p 00042000 fc:00 35396932                   /home/henriqueramos_qs/meta-learning-concept-drift/.venv/lib/python3.12/site-packages/scipy/integrate/_vode.cpython-312-x86_64-linux-gnu.so
7ad99575b000-7ad99575c000 r--p 00052000 fc:00 35396932                   /home/henriqueramos_qs/meta-learning-concept-drift/.venv/lib/python3.12/site-packages/scipy/integrate/_vode.cpython-312-x86_64-linux-gnu.so
7ad99575c000-7ad995761000 rw-p 00053000 fc:00 35396932                   /home/henriqueramos_qs/meta-learning-concept-drift/.venv/lib/python3.12/site-packages/scipy/integrate/_vode.cpython-312-x86_64-linux-gnu.so
7ad995761000-7ad995779000 rw-p 00074000 fc:00 35396932                   /home/henriqueramos_qs/meta-learning-concept-drift/.venv/lib/python3.12/site-packages/scipy/integrate/_vode.cpython-312-x86_64-linux-gnu.so
7ad995779000-7ad995794000 r--p 00000000 fc:00 35396923                   /home/henriqueramos_qs/meta-learning-concept-drift/.venv/lib/python3.12/site-packages/scipy/integrate/_odepack.cpython-312-x86_64-linux-gnu.so
7ad995794000-7ad9957ac000 r-xp 0001b000 fc:00 35396923                   /home/henriqueramos_qs/meta-learning-concept-drift/.venv/lib/python3.12/site-packages/scipy/integrate/_odepack.cpython-312-x86_64-linux-gnu.so
7ad9957ac000-7ad9957ba000 r--p 00033000 fc:00 35396923                   /home/henriqueramos_qs/meta-learning-concept-drift/.venv/lib/python3.12/site-packages/scipy/integrate/_odepack.cpython-312-x86_64-linux-gnu.so
7ad9957ba000-7ad9957bb000 r--p 00040000 fc:00 35396923                   /home/henriqueramos_qs/meta-learning-concept-drift/.venv/lib/python3.12/site-packages/scipy/integrate/_odepack.cpython-312-x86_64-linux-gnu.so
7ad9957bb000-7ad9957bf000 rw-p 00041000 fc:00 35396923                   /home/henriqueramos_qs/meta-learning-concept-drift/.venv/lib/python3.12/site-packages/scipy/integrate/_odepack.cpython-312-x86_64-linux-gnu.so
7ad9957bf000-7ad9957c0000 rw-p 00000000 00:00 0 
7ad9957c0000-7ad9957d6000 rw-p 0005f000 fc:00 35396923                   /home/henriqueramos_qs/meta-learning-concept-drift/.venv/lib/python3.12/site-packages/scipy/integrate/_odepack.cpython-312-x86_64-linux-gnu.so
7ad9957d6000-7ad9957db000 r--p 00000000 fc:00 35397494                   /home/henriqueramos_qs/meta-learning-concept-drift/.venv/lib/python3.12/site-packages/scipy/optimize/_pava_pybind.cpython-312-x86_64-linux-gnu.so
7ad9957db000-7ad9957f5000 r-xp 00005000 fc:00 35397494                   /home/henriqueramos_qs/meta-learning-concept-drift/.venv/lib/python3.12/site-packages/scipy/optimize/_pava_pybind.cpython-312-x86_64-linux-gnu.so
7ad9957f5000-7ad9957fe000 r--p 0001f000 fc:00 35397494                   /home/henriqueramos_qs/meta-learning-concept-drift/.venv/lib/python3.12/site-packages/scipy/optimize/_pava_pybind.cpython-312-x86_64-linux-gnu.so
7ad9957fe000-7ad9957ff000 r--p 00027000 fc:00 35397494                   /home/henriqueramos_qs/meta-learning-concept-drift/.venv/lib/python3.12/site-packages/scipy/optimize/_pava_pybind.cpython-312-x86_64-linux-gnu.so
7ad9957ff000-7ad995800000 rw-p 00028000 fc:00 35397494                   /home/henriqueramos_qs/meta-learning-concept-drift/.venv/lib/python3.12/site-packages/scipy/optimize/_pava_pybind.cpython-312-x86_64-linux-gnu.so
7ad995800000-7ad995900000 rw-p 00000000 00:00 0 
7ad995900000-7ad995907000 r--p 00000000 fc:00 35396878                   /home/henriqueramos_qs/meta-learning-concept-drift/.venv/lib/python3.12/site-packages/scipy/fft/_pocketfft/pypocketfft.cpython-312-x86_64-linux-gnu.so
7ad995907000-7ad9959e1000 r-xp 00007000 fc:00 35396878                   /home/henriqueramos_qs/meta-learning-concept-drift/.venv/lib/python3.12/site-packages/scipy/fft/_pocketfft/pypocketfft.cpython-312-x86_64-linux-gnu.so
7ad9959e1000-7ad9959fb000 r--p 000e1000 fc:00 35396878                   /home/henriqueramos_qs/meta-learning-concept-drift/.venv/lib/python3.12/site-packages/scipy/fft/_pocketfft/pypocketfft.cpython-312-x86_64-linux-gnu.so
7ad9959fb000-7ad9959fc000 ---p 000fb000 fc:00 35396878                   /home/henriqueramos_qs/meta-learning-concept-drift/.venv/lib/python3.12/site-packages/scipy/fft/_pocketfft/pypocketfft.cpython-312-x86_64-linux-gnu.so
7ad9959fc000-7ad9959fd000 r--p 000fb000 fc:00 35396878                   /home/henriqueramos_qs/meta-learning-concept-drift/.venv/lib/python3.12/site-packages/scipy/fft/_pocketfft/pypocketfft.cpython-312-x86_64-linux-gnu.so
7ad9959fd000-7ad9959fe000 rw-p 000fc000 fc:00 35396878                   /home/henriqueramos_qs/meta-learning-concept-drift/.venv/lib/python3.12/site-packages/scipy/fft/_pocketfft/pypocketfft.cpython-312-x86_64-linux-gnu.so
7ad9959fe000-7ad995a00000 rw-p 00000000 00:00 0 
7ad995a00000-7ad995a12000 r--p 00000000 fc:00 35397527                   /home/henriqueramos_qs/meta-learning-concept-drift/.venv/lib/python3.12/site-packages/scipy/optimize/_highspy/_core.cpython-312-x86_64-linux-gnu.so
7ad995a12000-7ad995dfe000 r-xp 00012000 fc:00 35397527                   /home/henriqueramos_qs/meta-learning-concept-drift/.venv/lib/python3.12/site-packages/scipy/optimize/_highspy/_core.cpython-312-x86_64-linux-gnu.so
7ad995dfe000-7ad995e9e000 r--p 003fe000 fc:00 35397527                   /home/henriqueramos_qs/meta-learning-concept-drift/.venv/lib/python3.12/site-packages/scipy/optimize/_highspy/_core.cpython-312-x86_64-linux-gnu.so
7ad995e9e000-7ad995e9f000 ---p 0049e000 fc:00 35397527                   /home/henriqueramos_qs/meta-learning-concept-drift/.venv/lib/python3.12/site-packages/scipy/optimize/_highspy/_core.cpython-312-x86_64-linux-gnu.so
7ad995e9f000-7ad995ea4000 r--p 0049e000 fc:00 35397527                   /home/henriqueramos_qs/meta-learning-concept-drift/.venv/lib/python3.12/site-packages/scipy/optimize/_highspy/_core.cpython-312-x86_64-linux-gnu.so
7ad995ea4000-7ad995ea5000 rw-p 004a3000 fc:00 35397527                   /home/henriqueramos_qs/meta-learning-concept-drift/.venv/lib/python3.12/site-packages/scipy/optimize/_highspy/_core.cpython-312-x86_64-linux-gnu.so
7ad995ea5000-7ad995eaa000 rw-p 00000000 00:00 0 
7ad995eab000-7ad995eaf000 rw-p 00000000 00:00 0 
7ad995eaf000-7ad995eb1000 r--p 00000000 fc:00 35400457                   /home/henriqueramos_qs/meta-learning-concept-drift/.venv/lib/python3.12/site-packages/sklearn/utils/_sorting.cpython-312-x86_64-linux-gnu.so
7ad995eb1000-7ad995eb3000 r-xp 00002000 fc:00 35400457                   /home/henriqueramos_qs/meta-learning-concept-drift/.venv/lib/python3.12/site-packages/sklearn/utils/_sorting.cpython-312-x86_64-linux-gnu.so
7ad995eb3000-7ad995eb4000 r--p 00004000 fc:00 35400457                   /home/henriqueramos_qs/meta-learning-concept-drift/.venv/lib/python3.12/site-packages/sklearn/utils/_sorting.cpython-312-x86_64-linux-gnu.so
7ad995eb4000-7ad995eb5000 r--p 00004000 fc:00 35400457                   /home/henriqueramos_qs/meta-learning-concept-drift/.venv/lib/python3.12/site-packages/sklearn/utils/_sorting.cpython-312-x86_64-linux-gnu.so
7ad995eb5000-7ad995eb6000 rw-p 00005000 fc:00 35400457                   /home/henriqueramos_qs/meta-learning-concept-drift/.venv/lib/python3.12/site-packages/sklearn/utils/_sorting.cpython-312-x86_64-linux-gnu.so
7ad995eb6000-7ad995eb8000 r--p 00000000 fc:00 35396926                   /home/henriqueramos_qs/meta-learning-concept-drift/.venv/lib/python3.12/site-packages/scipy/integrate/_quadpack.cpython-312-x86_64-linux-gnu.so
7ad995eb8000-7ad995ecc000 r-xp 00002000 fc:00 35396926                   /home/henriqueramos_qs/meta-learning-concept-drift/.venv/lib/python3.12/site-packages/scipy/integrate/_quadpack.cpython-312-x86_64-linux-gnu.so
7ad995ecc000-7ad995ecf000 r--p 00016000 fc:00 35396926                   /home/henriqueramos_qs/meta-learning-concept-drift/.venv/lib/python3.12/site-packages/scipy/integrate/_quadpack.cpython-312-x86_64-linux-gnu.so
7ad995ecf000-7ad995ed0000 r--p 00018000 fc:00 35396926                   /home/henriqueramos_qs/meta-learning-concept-drift/.venv/lib/python3.12/site-packages/scipy/integrate/_quadpack.cpython-312-x86_64-linux-gnu.so
7ad995ed0000-7ad995ed1000 rw-p 00019000 fc:00 35396926                   /home/henriqueramos_qs/meta-learning-concept-drift/.venv/lib/python3.12/site-packages/scipy/integrate/_quadpack.cpython-312-x86_64-linux-gnu.so
7ad995ed1000-7ad995ed6000 r--p 00000000 fc:00 35397458                   /home/henriqueramos_qs/meta-learning-concept-drift/.venv/lib/python3.12/site-packages/scipy/optimize/_bglu_dense.cpython-312-x86_64-linux-gnu.so
7ad995ed6000-7ad995ef4000 r-xp 00005000 fc:00 35397458                   /home/henriqueramos_qs/meta-learning-concept-drift/.venv/lib/python3.12/site-packages/scipy/optimize/_bglu_dense.cpython-312-x86_64-linux-gnu.so
7ad995ef4000-7ad995efc000 r--p 00023000 fc:00 35397458                   /home/henriqueramos_qs/meta-learning-concept-drift/.venv/lib/python3.12/site-packages/scipy/optimize/_bglu_dense.cpython-312-x86_64-linux-gnu.so
7ad995efc000-7ad995efd000 ---p 0002b000 fc:00 35397458                   /home/henriqueramos_qs/meta-learning-concept-drift/.venv/lib/python3.12/site-packages/scipy/optimize/_bglu_dense.cpython-312-x86_64-linux-gnu.so
7ad995efd000-7ad995efe000 r--p 0002b000 fc:00 35397458                   /home/henriqueramos_qs/meta-learning-concept-drift/.venv/lib/python3.12/site-packages/scipy/optimize/_bglu_dense.cpython-312-x86_64-linux-gnu.so
7ad995efe000-7ad995f00000 rw-p 0002c000 fc:00 35397458                   /home/henriqueramos_qs/meta-learning-concept-drift/.venv/lib/python3.12/site-packages/scipy/optimize/_bglu_dense.cpython-312-x86_64-linux-gnu.so
7ad995f00000-7ad995f04000 r--p 00000000 fc:00 35396703                   /home/henriqueramos_qs/meta-learning-concept-drift/.venv/lib/python3.12/site-packages/scipy/_lib/_uarray/_uarray.cpython-312-x86_64-linux-gnu.so
7ad995f04000-7ad995f17000 r-xp 00004000 fc:00 35396703                   /home/henriqueramos_qs/meta-learning-concept-drift/.venv/lib/python3.12/site-packages/scipy/_lib/_uarray/_uarray.cpython-312-x86_64-linux-gnu.so
7ad995f17000-7ad995f1d000 r--p 00017000 fc:00 35396703                   /home/henriqueramos_qs/meta-learning-concept-drift/.venv/lib/python3.12/site-packages/scipy/_lib/_uarray/_uarray.cpython-312-x86_64-linux-gnu.so
7ad995f1d000-7ad995f1e000 r--p 0001c000 fc:00 35396703                   /home/henriqueramos_qs/meta-learning-concept-drift/.venv/lib/python3.12/site-packages/scipy/_lib/_uarray/_uarray.cpython-312-x86_64-linux-gnu.so
7ad995f1e000-7ad995f1f000 rw-p 0001d000 fc:00 35396703                   /home/henriqueramos_qs/meta-learning-concept-drift/.venv/lib/python3.12/site-packages/scipy/_lib/_uarray/_uarray.cpython-312-x86_64-linux-gnu.so
7ad995f1f000-7ad995f25000 r--p 00000000 fc:00 35397316                   /home/henriqueramos_qs/meta-learning-concept-drift/.venv/lib/python3.12/site-packages/scipy/linalg/_decomp_interpolative.cpython-312-x86_64-linux-gnu.so
7ad995f25000-7ad995fc7000 r-xp 00006000 fc:00 35397316                   /home/henriqueramos_qs/meta-learning-concept-drift/.venv/lib/python3.12/site-packages/scipy/linalg/_decomp_interpolative.cpython-312-x86_64-linux-gnu.so
7ad995fc7000-7ad995fd4000 r--p 000a8000 fc:00 35397316                   /home/henriqueramos_qs/meta-learning-concept-drift/.venv/lib/python3.12/site-packages/scipy/linalg/_decomp_interpolative.cpython-312-x86_64-linux-gnu.so
7ad995fd4000-7ad995fd6000 r--p 000b4000 fc:00 35397316                   /home/henriqueramos_qs/meta-learning-concept-drift/.venv/lib/python3.12/site-packages/scipy/linalg/_decomp_interpolative.cpython-312-x86_64-linux-gnu.so
7ad995fd6000-7ad995fd7000 rw-p 000b6000 fc:00 35397316                   /home/henriqueramos_qs/meta-learning-concept-drift/.venv/lib/python3.12/site-packages/scipy/linalg/_decomp_interpolative.cpython-312-x86_64-linux-gnu.so
7ad995fd7000-7ad995fd8000 rw-p 00000000 00:00 0 
7ad995fd8000-7ad995fde000 r--p 00000000 fc:00 35397528                   /home/henriqueramos_qs/meta-learning-concept-drift/.venv/lib/python3.12/site-packages/scipy/optimize/_highspy/_highs_options.cpython-312-x86_64-linux-gnu.so
7ad995fde000-7ad996014000 r-xp 00006000 fc:00 35397528                   /home/henriqueramos_qs/meta-learning-concept-drift/.venv/lib/python3.12/site-packages/scipy/optimize/_highspy/_highs_options.cpython-312-x86_64-linux-gnu.so
7ad996014000-7ad996025000 r--p 0003c000 fc:00 35397528                   /home/henriqueramos_qs/meta-learning-concept-drift/.venv/lib/python3.12/site-packages/scipy/optimize/_highspy/_highs_options.cpython-312-x86_64-linux-gnu.so
7ad996025000-7ad996026000 r--p 0004c000 fc:00 35397528                   /home/henriqueramos_qs/meta-learning-concept-drift/.venv/lib/python3.12/site-packages/scipy/optimize/_highspy/_highs_options.cpython-312-x86_64-linux-gnu.so
7ad996026000-7ad996027000 rw-p 0004d000 fc:00 35397528                   /home/henriqueramos_qs/meta-learning-concept-drift/.venv/lib/python3.12/site-packages/scipy/optimize/_highspy/_highs_options.cpython-312-x86_64-linux-gnu.so
7ad996027000-7ad996127000 rw-p 00000000 00:00 0 
7ad996127000-7ad996142000 r--p 00000000 fc:00 35397501                   /home/henriqueramos_qs/meta-learning-concept-drift/.venv/lib/python3.12/site-packages/scipy/optimize/_slsqplib.cpython-312-x86_64-linux-gnu.so
7ad996142000-7ad996156000 r-xp 0001b000 fc:00 35397501                   /home/henriqueramos_qs/meta-learning-concept-drift/.venv/lib/python3.12/site-packages/scipy/optimize/_slsqplib.cpython-312-x86_64-linux-gnu.so
7ad996156000-7ad996163000 r--p 0002f000 fc:00 35397501                   /home/henriqueramos_qs/meta-learning-concept-drift/.venv/lib/python3.12/site-packages/scipy/optimize/_slsqplib.cpython-312-x86_64-linux-gnu.so
7ad996163000-7ad996164000 r--p 0003b000 fc:00 35397501                   /home/henriqueramos_qs/meta-learning-concept-drift/.venv/lib/python3.12/site-packages/scipy/optimize/_slsqplib.cpython-312-x86_64-linux-gnu.so
7ad996164000-7ad996168000 rw-p 0003c000 fc:00 35397501                   /home/henriqueramos_qs/meta-learning-concept-drift/.venv/lib/python3.12/site-packages/scipy/optimize/_slsqplib.cpython-312-x86_64-linux-gnu.so
7ad996168000-7ad99617e000 rw-p 0005a000 fc:00 35397501                   /home/henriqueramos_qs/meta-learning-concept-drift/.venv/lib/python3.12/site-packages/scipy/optimize/_slsqplib.cpython-312-x86_64-linux-gnu.so
7ad99617e000-7ad996182000 r--p 00000000 fc:00 35397489                   /home/henriqueramos_qs/meta-learning-concept-drift/.venv/lib/python3.12/site-packages/scipy/optimize/_moduleTNC.cpython-312-x86_64-linux-gnu.so
7ad996182000-7ad996199000 r-xp 00004000 fc:00 35397489                   /home/henriqueramos_qs/meta-learning-concept-drift/.venv/lib/python3.12/site-packages/scipy/optimize/_moduleTNC.cpython-312-x86_64-linux-gnu.so
7ad996199000-7ad99619d000 r--p 0001b000 fc:00 35397489                   /home/henriqueramos_qs/meta-learning-concept-drift/.venv/lib/python3.12/site-packages/scipy/optimize/_moduleTNC.cpython-312-x86_64-linux-gnu.so
7ad99619d000-7ad99619e000 ---p 0001f000 fc:00 35397489                   /home/henriqueramos_qs/meta-learning-concept-drift/.venv/lib/python3.12/site-packages/scipy/optimize/_moduleTNC.cpython-312-x86_64-linux-gnu.so
7ad99619e000-7ad99619f000 r--p 0001f000 fc:00 35397489                   /home/henriqueramos_qs/meta-learning-concept-drift/.venv/lib/python3.12/site-packages/scipy/optimize/_moduleTNC.cpython-312-x86_64-linux-gnu.so
7ad99619f000-7ad9961a0000 rw-p 00020000 fc:00 35397489                   /home/henriqueramos_qs/meta-learning-concept-drift/.venv/lib/python3.12/site-packages/scipy/optimize/_moduleTNC.cpython-312-x86_64-linux-gnu.so
7ad9961a0000-7ad9961bb000 r--p 00000000 fc:00 35397474                   /home/henriqueramos_qs/meta-learning-concept-drift/.venv/lib/python3.12/site-packages/scipy/optimize/_lbfgsb.cpython-312-x86_64-linux-gnu.so
7ad9961bb000-7ad9961d0000 r-xp 0001b000 fc:00 35397474                   /home/henriqueramos_qs/meta-learning-concept-drift/.venv/lib/python3.12/site-packages/scipy/optimize/_lbfgsb.cpython-312-x86_64-linux-gnu.so
7ad9961d0000-7ad9961dc000 r--p 00030000 fc:00 35397474                   /home/henriqueramos_qs/meta-learning-concept-drift/.venv/lib/python3.12/site-packages/scipy/optimize/_lbfgsb.cpython-312-x86_64-linux-gnu.so
7ad9961dc000-7ad9961dd000 ---p 0003c000 fc:00 35397474                   /home/henriqueramos_qs/meta-learning-concept-drift/.venv/lib/python3.12/site-packages/scipy/optimize/_lbfgsb.cpython-312-x86_64-linux-gnu.so
7ad9961dd000-7ad9961de000 r--p 0003c000 fc:00 35397474                   /home/henriqueramos_qs/meta-learning-concept-drift/.venv/lib/python3.12/site-packages/scipy/optimize/_lbfgsb.cpython-312-x86_64-linux-gnu.so
7ad9961de000-7ad9961e2000 rw-p 0003d000 fc:00 35397474                   /home/henriqueramos_qs/meta-learning-concept-drift/.venv/lib/python3.12/site-packages/scipy/optimize/_lbfgsb.cpython-312-x86_64-linux-gnu.so
7ad9961e2000-7ad9961f8000 rw-p 0005b000 fc:00 35397474                   /home/henriqueramos_qs/meta-learning-concept-drift/.venv/lib/python3.12/site-packages/scipy/optimize/_lbfgsb.cpython-312-x86_64-linux-gnu.so
7ad9961f8000-7ad9962f8000 rw-p 00000000 00:00 0 
7ad9962f8000-7ad996301000 r--p 00000000 fc:00 35397906                   /home/henriqueramos_qs/meta-learning-concept-drift/.venv/lib/python3.12/site-packages/scipy/spatial/transform/_rotation.cpython-312-x86_64-linux-gnu.so
7ad996301000-7ad996381000 r-xp 00009000 fc:00 35397906                   /home/henriqueramos_qs/meta-learning-concept-drift/.venv/lib/python3.12/site-packages/scipy/spatial/transform/_rotation.cpython-312-x86_64-linux-gnu.so
7ad996381000-7ad9963b0000 r--p 00089000 fc:00 35397906                   /home/henriqueramos_qs/meta-learning-concept-drift/.venv/lib/python3.12/site-packages/scipy/spatial/transform/_rotation.cpython-312-x86_64-linux-gnu.so
7ad9963b0000-7ad9963b3000 r--p 000b7000 fc:00 35397906                   /home/henriqueramos_qs/meta-learning-concept-drift/.venv/lib/python3.12/site-packages/scipy/spatial/transform/_rotation.cpython-312-x86_64-linux-gnu.so
7ad9963b3000-7ad9963b6000 rw-p 000ba000 fc:00 35397906                   /home/henriqueramos_qs/meta-learning-concept-drift/.venv/lib/python3.12/site-packages/scipy/spatial/transform/_rotation.cpython-312-x86_64-linux-gnu.so
7ad9963b6000-7ad9963b7000 rw-p 00000000 00:00 0 
7ad9963b7000-7ad9963be000 r--p 00000000 fc:00 35397905                   /home/henriqueramos_qs/meta-learning-concept-drift/.venv/lib/python3.12/site-packages/scipy/spatial/transform/_rigid_transform.cpython-312-x86_64-linux-gnu.so
7ad9963be000-7ad9963ef000 r-xp 00007000 fc:00 35397905                   /home/henriqueramos_qs/meta-learning-concept-drift/.venv/lib/python3.12/site-packages/scipy/spatial/transform/_rigid_transform.cpython-312-x86_64-linux-gnu.so
7ad9963ef000-7ad99640d000 r--p 00038000 fc:00 35397905                   /home/henriqueramos_qs/meta-learning-concept-drift/.venv/lib/python3.12/site-packages/scipy/spatial/transform/_rigid_transform.cpython-312-x86_64-linux-gnu.so
7ad99640d000-7ad99640f000 r--p 00055000 fc:00 35397905                   /home/henriqueramos_qs/meta-learning-concept-drift/.venv/lib/python3.12/site-packages/scipy/spatial/transform/_rigid_transform.cpython-312-x86_64-linux-gnu.so
7ad99640f000-7ad996411000 rw-p 00057000 fc:00 35397905                   /home/henriqueramos_qs/meta-learning-concept-drift/.venv/lib/python3.12/site-packages/scipy/spatial/transform/_rigid_transform.cpython-312-x86_64-linux-gnu.so
7ad996411000-7ad996412000 rw-p 00000000 00:00 0 
7ad996412000-7ad996418000 r--p 00000000 fc:00 35397844                   /home/henriqueramos_qs/meta-learning-concept-drift/.venv/lib/python3.12/site-packages/scipy/spatial/_distance_pybind.cpython-312-x86_64-linux-gnu.so
7ad996418000-7ad996481000 r-xp 00006000 fc:00 35397844                   /home/henriqueramos_qs/meta-learning-concept-drift/.venv/lib/python3.12/site-packages/scipy/spatial/_distance_pybind.cpython-312-x86_64-linux-gnu.so
7ad996481000-7ad996491000 r--p 0006f000 fc:00 35397844                   /home/henriqueramos_qs/meta-learning-concept-drift/.venv/lib/python3.12/site-packages/scipy/spatial/_distance_pybind.cpython-312-x86_64-linux-gnu.so
7ad996491000-7ad996492000 r--p 0007e000 fc:00 35397844                   /home/henriqueramos_qs/meta-learning-concept-drift/.venv/lib/python3.12/site-packages/scipy/spatial/_distance_pybind.cpython-312-x86_64-linux-gnu.so
7ad996492000-7ad996493000 rw-p 0007f000 fc:00 35397844                   /home/henriqueramos_qs/meta-learning-concept-drift/.venv/lib/python3.12/site-packages/scipy/spatial/_distance_pybind.cpython-312-x86_64-linux-gnu.so
7ad996493000-7ad99649b000 r--p 00000000 fc:00 35397851                   /home/henriqueramos_qs/meta-learning-concept-drift/.venv/lib/python3.12/site-packages/scipy/spatial/_qhull.cpython-312-x86_64-linux-gnu.so
7ad99649b000-7ad996536000 r-xp 00008000 fc:00 35397851                   /home/henriqueramos_qs/meta-learning-concept-drift/.venv/lib/python3.12/site-packages/scipy/spatial/_qhull.cpython-312-x86_64-linux-gnu.so
7ad996536000-7ad99656c000 r--p 000a3000 fc:00 35397851                   /home/henriqueramos_qs/meta-learning-concept-drift/.venv/lib/python3.12/site-packages/scipy/spatial/_qhull.cpython-312-x86_64-linux-gnu.so
7ad99656c000-7ad99656d000 ---p 000d9000 fc:00 35397851                   /home/henriqueramos_qs/meta-learning-concept-drift/.venv/lib/python3.12/site-packages/scipy/spatial/_qhull.cpython-312-x86_64-linux-gnu.so
7ad99656d000-7ad99656f000 r--p 000d9000 fc:00 35397851                   /home/henriqueramos_qs/meta-learning-concept-drift/.venv/lib/python3.12/site-packages/scipy/spatial/_qhull.cpython-312-x86_64-linux-gnu.so
7ad99656f000-7ad996571000 rw-p 000db000 fc:00 35397851                   /home/henriqueramos_qs/meta-learning-concept-drift/.venv/lib/python3.12/site-packages/scipy/spatial/_qhull.cpython-312-x86_64-linux-gnu.so
7ad996571000-7ad996572000 rw-p 00000000 00:00 0 
7ad996572000-7ad99657b000 r--p 00000000 fc:00 35397843                   /home/henriqueramos_qs/meta-learning-concept-drift/.venv/lib/python3.12/site-packages/scipy/spatial/_ckdtree.cpython-312-x86_64-linux-gnu.so
7ad99657b000-7ad996606000 r-xp 00009000 fc:00 35397843                   /home/henriqueramos_qs/meta-learning-concept-drift/.venv/lib/python3.12/site-packages/scipy/spatial/_ckdtree.cpython-312-x86_64-linux-gnu.so
7ad996606000-7ad996623000 r--p 00094000 fc:00 35397843                   /home/henriqueramos_qs/meta-learning-concept-drift/.venv/lib/python3.12/site-packages/scipy/spatial/_ckdtree.cpython-312-x86_64-linux-gnu.so
7ad996623000-7ad996624000 ---p 000b1000 fc:00 35397843                   /home/henriqueramos_qs/meta-learning-concept-drift/.venv/lib/python3.12/site-packages/scipy/spatial/_ckdtree.cpython-312-x86_64-linux-gnu.so
7ad996624000-7ad996626000 r--p 000b1000 fc:00 35397843                   /home/henriqueramos_qs/meta-learning-concept-drift/.venv/lib/python3.12/site-packages/scipy/spatial/_ckdtree.cpython-312-x86_64-linux-gnu.so
7ad996626000-7ad996629000 rw-p 000b3000 fc:00 35397843                   /home/henriqueramos_qs/meta-learning-concept-drift/.venv/lib/python3.12/site-packages/scipy/spatial/_ckdtree.cpython-312-x86_64-linux-gnu.so
7ad996629000-7ad99662e000 rw-p 00000000 00:00 0 
7ad99662e000-7ad996632000 rw-p 00000000 00:00 0 
7ad996632000-7ad996636000 r--p 00000000 fc:00 35397077                   /home/henriqueramos_qs/meta-learning-concept-drift/.venv/lib/python3.12/site-packages/scipy/io/matlab/_streams.cpython-312-x86_64-linux-gnu.so
7ad996636000-7ad996648000 r-xp 00004000 fc:00 35397077                   /home/henriqueramos_qs/meta-learning-concept-drift/.venv/lib/python3.12/site-packages/scipy/io/matlab/_streams.cpython-312-x86_64-linux-gnu.so
7ad996648000-7ad99664d000 r--p 00016000 fc:00 35397077                   /home/henriqueramos_qs/meta-learning-concept-drift/.venv/lib/python3.12/site-packages/scipy/io/matlab/_streams.cpython-312-x86_64-linux-gnu.so
7ad99664d000-7ad99664e000 r--p 0001a000 fc:00 35397077                   /home/henriqueramos_qs/meta-learning-concept-drift/.venv/lib/python3.12/site-packages/scipy/io/matlab/_streams.cpython-312-x86_64-linux-gnu.so
7ad99664e000-7ad996650000 rw-p 0001b000 fc:00 35397077                   /home/henriqueramos_qs/meta-learning-concept-drift/.venv/lib/python3.12/site-packages/scipy/io/matlab/_streams.cpython-312-x86_64-linux-gnu.so
7ad996650000-7ad996653000 r--p 00000000 fc:00 35397075                   /home/henriqueramos_qs/meta-learning-concept-drift/.venv/lib/python3.12/site-packages/scipy/io/matlab/_mio_utils.cpython-312-x86_64-linux-gnu.so
7ad996653000-7ad99665a000 r-xp 00003000 fc:00 35397075                   /home/henriqueramos_qs/meta-learning-concept-drift/.venv/lib/python3.12/site-packages/scipy/io/matlab/_mio_utils.cpython-312-x86_64-linux-gnu.so
7ad99665a000-7ad99665d000 r--p 0000a000 fc:00 35397075                   /home/henriqueramos_qs/meta-learning-concept-drift/.venv/lib/python3.12/site-packages/scipy/io/matlab/_mio_utils.cpython-312-x86_64-linux-gnu.so
7ad99665d000-7ad99665e000 r--p 0000c000 fc:00 35397075                   /home/henriqueramos_qs/meta-learning-concept-drift/.venv/lib/python3.12/site-packages/scipy/io/matlab/_mio_utils.cpython-312-x86_64-linux-gnu.so
7ad99665e000-7ad99665f000 rw-p 0000d000 fc:00 35397075                   /home/henriqueramos_qs/meta-learning-concept-drift/.venv/lib/python3.12/site-packages/scipy/io/matlab/_mio_utils.cpython-312-x86_64-linux-gnu.so
7ad99665f000-7ad996689000 r--p 00000000 fc:00 34996353                   /home/henriqueramos_qs/meta-learning-concept-drift/.venv/lib/python3.12/site-packages/river/stats/_rust_stats.cpython-312-x86_64-linux-gnu.so
7ad996689000-7ad9966f6000 r-xp 00029000 fc:00 34996353                   /home/henriqueramos_qs/meta-learning-concept-drift/.venv/lib/python3.12/site-packages/river/stats/_rust_stats.cpython-312-x86_64-linux-gnu.so
7ad9966f6000-7ad9966fe000 r--p 00095000 fc:00 34996353                   /home/henriqueramos_qs/meta-learning-concept-drift/.venv/lib/python3.12/site-packages/river/stats/_rust_stats.cpython-312-x86_64-linux-gnu.so
7ad9966fe000-7ad9966ff000 rw-p 0009c000 fc:00 34996353                   /home/henriqueramos_qs/meta-learning-concept-drift/.venv/lib/python3.12/site-packages/river/stats/_rust_stats.cpython-312-x86_64-linux-gnu.so
7ad9966ff000-7ad996800000 rw-p 00000000 00:00 0 
7ad996800000-7ad99683b000 r-xp 00000000 fc:00 35398191                   /home/henriqueramos_qs/meta-learning-concept-drift/.venv/lib/python3.12/site-packages/scipy.libs/libquadmath-96973f99.so.0.0.0
7ad99683b000-7ad996a3a000 ---p 0003b000 fc:00 35398191                   /home/henriqueramos_qs/meta-learning-concept-drift/.venv/lib/python3.12/site-packages/scipy.libs/libquadmath-96973f99.so.0.0.0
7ad996a3a000-7ad996a3b000 r--p 0003a000 fc:00 35398191                   /home/henriqueramos_qs/meta-learning-concept-drift/.venv/lib/python3.12/site-packages/scipy.libs/libquadmath-96973f99.so.0.0.0
7ad996a3b000-7ad996a3d000 rw-p 0003b000 fc:00 35398191                   /home/henriqueramos_qs/meta-learning-concept-drift/.venv/lib/python3.12/site-packages/scipy.libs/libquadmath-96973f99.so.0.0.0
7ad996a3e000-7ad996a40000 r--p 00000000 fc:00 35400431                   /home/henriqueramos_qs/meta-learning-concept-drift/.venv/lib/python3.12/site-packages/sklearn/utils/_heap.cpython-312-x86_64-linux-gnu.so
7ad996a40000-7ad996a41000 r-xp 00002000 fc:00 35400431                   /home/henriqueramos_qs/meta-learning-concept-drift/.venv/lib/python3.12/site-packages/sklearn/utils/_heap.cpython-312-x86_64-linux-gnu.so
7ad996a41000-7ad996a42000 r--p 00003000 fc:00 35400431                   /home/henriqueramos_qs/meta-learning-concept-drift/.venv/lib/python3.12/site-packages/sklearn/utils/_heap.cpython-312-x86_64-linux-gnu.so
7ad996a42000-7ad996a43000 r--p 00003000 fc:00 35400431                   /home/henriqueramos_qs/meta-learning-concept-drift/.venv/lib/python3.12/site-packages/sklearn/utils/_heap.cpython-312-x86_64-linux-gnu.so
7ad996a43000-7ad996a44000 rw-p 00004000 fc:00 35400431                   /home/henriqueramos_qs/meta-learning-concept-drift/.venv/lib/python3.12/site-packages/sklearn/utils/_heap.cpython-312-x86_64-linux-gnu.so
7ad996a44000-7ad996a46000 r--p 00000000 fc:00 35397487                   /home/henriqueramos_qs/meta-learning-concept-drift/.venv/lib/python3.12/site-packages/scipy/optimize/_minpack.cpython-312-x86_64-linux-gnu.so
7ad996a46000-7ad996a58000 r-xp 00002000 fc:00 35397487                   /home/henriqueramos_qs/meta-learning-concept-drift/.venv/lib/python3.12/site-packages/scipy/optimize/_minpack.cpython-312-x86_64-linux-gnu.so
7ad996a58000-7ad996a5a000 r--p 00014000 fc:00 35397487                   /home/henriqueramos_qs/meta-learning-concept-drift/.venv/lib/python3.12/site-packages/scipy/optimize/_minpack.cpython-312-x86_64-linux-gnu.so
7ad996a5a000-7ad996a5b000 r--p 00015000 fc:00 35397487                   /home/henriqueramos_qs/meta-learning-concept-drift/.venv/lib/python3.12/site-packages/scipy/optimize/_minpack.cpython-312-x86_64-linux-gnu.so
7ad996a5b000-7ad996a5c000 rw-p 00016000 fc:00 35397487                   /home/henriqueramos_qs/meta-learning-concept-drift/.venv/lib/python3.12/site-packages/scipy/optimize/_minpack.cpython-312-x86_64-linux-gnu.so
7ad996a5c000-7ad996b5c000 rw-p 00000000 00:00 0 
7ad996b5c000-7ad996b79000 r--p 00000000 fc:00 35397808                   /home/henriqueramos_qs/meta-learning-concept-drift/.venv/lib/python3.12/site-packages/scipy/sparse/linalg/_propack/_zpropack.cpython-312-x86_64-linux-gnu.so
7ad996b79000-7ad996b98000 r-xp 0001d000 fc:00 35397808                   /home/henriqueramos_qs/meta-learning-concept-drift/.venv/lib/python3.12/site-packages/scipy/sparse/linalg/_propack/_zpropack.cpython-312-x86_64-linux-gnu.so
7ad996b98000-7ad996ba8000 r--p 0003c000 fc:00 35397808                   /home/henriqueramos_qs/meta-learning-concept-drift/.venv/lib/python3.12/site-packages/scipy/sparse/linalg/_propack/_zpropack.cpython-312-x86_64-linux-gnu.so
7ad996ba8000-7ad996ba9000 ---p 0004c000 fc:00 35397808                   /home/henriqueramos_qs/meta-learning-concept-drift/.venv/lib/python3.12/site-packages/scipy/sparse/linalg/_propack/_zpropack.cpython-312-x86_64-linux-gnu.so
7ad996ba9000-7ad996baa000 r--p 0004c000 fc:00 35397808                   /home/henriqueramos_qs/meta-learning-concept-drift/.venv/lib/python3.12/site-packages/scipy/sparse/linalg/_propack/_zpropack.cpython-312-x86_64-linux-gnu.so
7ad996baa000-7ad996bb2000 rw-p 0004d000 fc:00 35397808                   /home/henriqueramos_qs/meta-learning-concept-drift/.venv/lib/python3.12/site-packages/scipy/sparse/linalg/_propack/_zpropack.cpython-312-x86_64-linux-gnu.so
7ad996bb2000-7ad996be8000 rw-p 00000000 00:00 0 
7ad996be8000-7ad996c00000 rw-p 00071000 fc:00 35397808                   /home/henriqueramos_qs/meta-learning-concept-drift/.venv/lib/python3.12/site-packages/scipy/sparse/linalg/_propack/_zpropack.cpython-312-x86_64-linux-gnu.so
7ad996c00000-7ad996e76000 r-xp 00000000 fc:00 35398189                   /home/henriqueramos_qs/meta-learning-concept-drift/.venv/lib/python3.12/site-packages/scipy.libs/libgfortran-040039e1.so.5.0.0
7ad996e76000-7ad997075000 ---p 00276000 fc:00 35398189                   /home/henriqueramos_qs/meta-learning-concept-drift/.venv/lib/python3.12/site-packages/scipy.libs/libgfortran-040039e1.so.5.0.0
7ad997075000-7ad997076000 r--p 00275000 fc:00 35398189                   /home/henriqueramos_qs/meta-learning-concept-drift/.venv/lib/python3.12/site-packages/scipy.libs/libgfortran-040039e1.so.5.0.0
7ad997076000-7ad997078000 rw-p 00276000 fc:00 35398189                   /home/henriqueramos_qs/meta-learning-concept-drift/.venv/lib/python3.12/site-packages/scipy.libs/libgfortran-040039e1.so.5.0.0
7ad997078000-7ad99708d000 rw-p 0027b000 fc:00 35398189                   /home/henriqueramos_qs/meta-learning-concept-drift/.venv/lib/python3.12/site-packages/scipy.libs/libgfortran-040039e1.so.5.0.0
7ad99708e000-7ad99708f000 r--p 00000000 fc:00 35397420                   /home/henriqueramos_qs/meta-learning-concept-drift/.venv/lib/python3.12/site-packages/scipy/ndimage/_rank_filter_1d.cpython-312-x86_64-linux-gnu.so
7ad99708f000-7ad997092000 r-xp 00001000 fc:00 35397420                   /home/henriqueramos_qs/meta-learning-concept-drift/.venv/lib/python3.12/site-packages/scipy/ndimage/_rank_filter_1d.cpython-312-x86_64-linux-gnu.so
7ad997092000-7ad997093000 r--p 00004000 fc:00 35397420                   /home/henriqueramos_qs/meta-learning-concept-drift/.venv/lib/python3.12/site-packages/scipy/ndimage/_rank_filter_1d.cpython-312-x86_64-linux-gnu.so
7ad997093000-7ad997094000 r--p 00004000 fc:00 35397420                   /home/henriqueramos_qs/meta-learning-concept-drift/.venv/lib/python3.12/site-packages/scipy/ndimage/_rank_filter_1d.cpython-312-x86_64-linux-gnu.so
7ad997094000-7ad997095000 rw-p 00005000 fc:00 35397420                   /home/henriqueramos_qs/meta-learning-concept-drift/.venv/lib/python3.12/site-packages/scipy/ndimage/_rank_filter_1d.cpython-312-x86_64-linux-gnu.so
7ad997095000-7ad99709a000 r--p 00000000 fc:00 35397546                   /home/henriqueramos_qs/meta-learning-concept-drift/.venv/lib/python3.12/site-packages/scipy/optimize/_trlib/_trlib.cpython-312-x86_64-linux-gnu.so
7ad99709a000-7ad9970bc000 r-xp 00005000 fc:00 35397546                   /home/henriqueramos_qs/meta-learning-concept-drift/.venv/lib/python3.12/site-packages/scipy/optimize/_trlib/_trlib.cpython-312-x86_64-linux-gnu.so
7ad9970bc000-7ad9970c3000 r--p 00027000 fc:00 35397546                   /home/henriqueramos_qs/meta-learning-concept-drift/.venv/lib/python3.12/site-packages/scipy/optimize/_trlib/_trlib.cpython-312-x86_64-linux-gnu.so
7ad9970c3000-7ad9970c4000 ---p 0002e000 fc:00 35397546                   /home/henriqueramos_qs/meta-learning-concept-drift/.venv/lib/python3.12/site-packages/scipy/optimize/_trlib/_trlib.cpython-312-x86_64-linux-gnu.so
7ad9970c4000-7ad9970c5000 r--p 0002e000 fc:00 35397546                   /home/henriqueramos_qs/meta-learning-concept-drift/.venv/lib/python3.12/site-packages/scipy/optimize/_trlib/_trlib.cpython-312-x86_64-linux-gnu.so
7ad9970c5000-7ad9970c6000 rw-p 0002f000 fc:00 35397546                   /home/henriqueramos_qs/meta-learning-concept-drift/.venv/lib/python3.12/site-packages/scipy/optimize/_trlib/_trlib.cpython-312-x86_64-linux-gnu.so
7ad9970c6000-7ad9970c7000 rw-p 00000000 00:00 0 
7ad9970c7000-7ad9970ca000 rw-p 00036000 fc:00 35397546                   /home/henriqueramos_qs/meta-learning-concept-drift/.venv/lib/python3.12/site-packages/scipy/optimize/_trlib/_trlib.cpython-312-x86_64-linux-gnu.so
7ad9970ca000-7ad9970cd000 r--p 00000000 fc:00 35397471                   /home/henriqueramos_qs/meta-learning-concept-drift/.venv/lib/python3.12/site-packages/scipy/optimize/_group_columns.cpython-312-x86_64-linux-gnu.so
7ad9970cd000-7ad9970da000 r-xp 00003000 fc:00 35397471                   /home/henriqueramos_qs/meta-learning-concept-drift/.venv/lib/python3.12/site-packages/scipy/optimize/_group_columns.cpython-312-x86_64-linux-gnu.so
7ad9970da000-7ad9970dd000 r--p 00010000 fc:00 35397471                   /home/henriqueramos_qs/meta-learning-concept-drift/.venv/lib/python3.12/site-packages/scipy/optimize/_group_columns.cpython-312-x86_64-linux-gnu.so
7ad9970dd000-7ad9970de000 r--p 00012000 fc:00 35397471                   /home/henriqueramos_qs/meta-learning-concept-drift/.venv/lib/python3.12/site-packages/scipy/optimize/_group_columns.cpython-312-x86_64-linux-gnu.so
7ad9970de000-7ad9970df000 rw-p 00013000 fc:00 35397471                   /home/henriqueramos_qs/meta-learning-concept-drift/.venv/lib/python3.12/site-packages/scipy/optimize/_group_columns.cpython-312-x86_64-linux-gnu.so
7ad9970df000-7ad9970e1000 r--p 00000000 fc:00 35397845                   /home/henriqueramos_qs/meta-learning-concept-drift/.venv/lib/python3.12/site-packages/scipy/spatial/_distance_wrap.cpython-312-x86_64-linux-gnu.so
7ad9970e1000-7ad9970f5000 r-xp 00002000 fc:00 35397845                   /home/henriqueramos_qs/meta-learning-concept-drift/.venv/lib/python3.12/site-packages/scipy/spatial/_distance_wrap.cpython-312-x86_64-linux-gnu.so
7ad9970f5000-7ad9970f7000 r--p 00016000 fc:00 35397845                   /home/henriqueramos_qs/meta-learning-concept-drift/.venv/lib/python3.12/site-packages/scipy/spatial/_distance_wrap.cpython-312-x86_64-linux-gnu.so
7ad9970f7000-7ad9970f8000 ---p 00018000 fc:00 35397845                   /home/henriqueramos_qs/meta-learning-concept-drift/.venv/lib/python3.12/site-packages/scipy/spatial/_distance_wrap.cpython-312-x86_64-linux-gnu.so
7ad9970f8000-7ad9970f9000 r--p 00018000 fc:00 35397845                   /home/henriqueramos_qs/meta-learning-concept-drift/.venv/lib/python3.12/site-packages/scipy/spatial/_distance_wrap.cpython-312-x86_64-linux-gnu.so
7ad9970f9000-7ad9970fa000 rw-p 00019000 fc:00 35397845                   /home/henriqueramos_qs/meta-learning-concept-drift/.venv/lib/python3.12/site-packages/scipy/spatial/_distance_wrap.cpython-312-x86_64-linux-gnu.so
7ad9970fa000-7ad9970fe000 r--p 00000000 fc:00 35397847                   /home/henriqueramos_qs/meta-learning-concept-drift/.venv/lib/python3.12/site-packages/scipy/spatial/_hausdorff.cpython-312-x86_64-linux-gnu.so
7ad9970fe000-7ad997109000 r-xp 00004000 fc:00 35397847                   /home/henriqueramos_qs/meta-learning-concept-drift/.venv/lib/python3.12/site-packages/scipy/spatial/_hausdorff.cpython-312-x86_64-linux-gnu.so
7ad997109000-7ad99710d000 r--p 0000f000 fc:00 35397847                   /home/henriqueramos_qs/meta-learning-concept-drift/.venv/lib/python3.12/site-packages/scipy/spatial/_hausdorff.cpython-312-x86_64-linux-gnu.so
7ad99710d000-7ad99710e000 ---p 00013000 fc:00 35397847                   /home/henriqueramos_qs/meta-learning-concept-drift/.venv/lib/python3.12/site-packages/scipy/spatial/_hausdorff.cpython-312-x86_64-linux-gnu.so
7ad99710e000-7ad99710f000 r--p 00013000 fc:00 35397847                   /home/henriqueramos_qs/meta-learning-concept-drift/.venv/lib/python3.12/site-packages/scipy/spatial/_hausdorff.cpython-312-x86_64-linux-gnu.so
7ad99710f000-7ad997110000 rw-p 00014000 fc:00 35397847                   /home/henriqueramos_qs/meta-learning-concept-drift/.venv/lib/python3.12/site-packages/scipy/spatial/_hausdorff.cpython-312-x86_64-linux-gnu.so
7ad997110000-7ad997114000 r--p 00000000 fc:00 35397854                   /home/henriqueramos_qs/meta-learning-concept-drift/.venv/lib/python3.12/site-packages/scipy/spatial/_voronoi.cpython-312-x86_64-linux-gnu.so
7ad997114000-7ad99711d000 r-xp 00004000 fc:00 35397854                   /home/henriqueramos_qs/meta-learning-concept-drift/.venv/lib/python3.12/site-packages/scipy/spatial/_voronoi.cpython-312-x86_64-linux-gnu.so
7ad99711d000-7ad997121000 r--p 0000d000 fc:00 35397854                   /home/henriqueramos_qs/meta-learning-concept-drift/.venv/lib/python3.12/site-packages/scipy/spatial/_voronoi.cpython-312-x86_64-linux-gnu.so
7ad997121000-7ad997122000 ---p 00011000 fc:00 35397854                   /home/henriqueramos_qs/meta-learning-concept-drift/.venv/lib/python3.12/site-packages/scipy/spatial/_voronoi.cpython-312-x86_64-linux-gnu.so
7ad997122000-7ad997123000 r--p 00011000 fc:00 35397854                   /home/henriqueramos_qs/meta-learning-concept-drift/.venv/lib/python3.12/site-packages/scipy/spatial/_voronoi.cpython-312-x86_64-linux-gnu.so
7ad997123000-7ad997124000 rw-p 00012000 fc:00 35397854                   /home/henriqueramos_qs/meta-learning-concept-drift/.venv/lib/python3.12/site-packages/scipy/spatial/_voronoi.cpython-312-x86_64-linux-gnu.so
7ad997124000-7ad997141000 r--p 00000000 fc:00 35397805                   /home/henriqueramos_qs/meta-learning-concept-drift/.venv/lib/python3.12/site-packages/scipy/sparse/linalg/_propack/_cpropack.cpython-312-x86_64-linux-gnu.so
7ad997141000-7ad997163000 r-xp 0001d000 fc:00 35397805                   /home/henriqueramos_qs/meta-learning-concept-drift/.venv/lib/python3.12/site-packages/scipy/sparse/linalg/_propack/_cpropack.cpython-312-x86_64-linux-gnu.so
7ad997163000-7ad997173000 r--p 0003f000 fc:00 35397805                   /home/henriqueramos_qs/meta-learning-concept-drift/.venv/lib/python3.12/site-packages/scipy/sparse/linalg/_propack/_cpropack.cpython-312-x86_64-linux-gnu.so
7ad997173000-7ad997174000 ---p 0004f000 fc:00 35397805                   /home/henriqueramos_qs/meta-learning-concept-drift/.venv/lib/python3.12/site-packages/scipy/sparse/linalg/_propack/_cpropack.cpython-312-x86_64-linux-gnu.so
7ad997174000-7ad997175000 r--p 0004f000 fc:00 35397805                   /home/henriqueramos_qs/meta-learning-concept-drift/.venv/lib/python3.12/site-packages/scipy/sparse/linalg/_propack/_cpropack.cpython-312-x86_64-linux-gnu.so
7ad997175000-7ad99717d000 rw-p 00050000 fc:00 35397805                   /home/henriqueramos_qs/meta-learning-concept-drift/.venv/lib/python3.12/site-packages/scipy/sparse/linalg/_propack/_cpropack.cpython-312-x86_64-linux-gnu.so
7ad99717d000-7ad997198000 rw-p 00000000 00:00 0 
7ad997198000-7ad9971b0000 rw-p 00074000 fc:00 35397805                   /home/henriqueramos_qs/meta-learning-concept-drift/.venv/lib/python3.12/site-packages/scipy/sparse/linalg/_propack/_cpropack.cpython-312-x86_64-linux-gnu.so
7ad9971b0000-7ad9971ce000 r--p 00000000 fc:00 35397771                   /home/henriqueramos_qs/meta-learning-concept-drift/.venv/lib/python3.12/site-packages/scipy/sparse/linalg/_eigen/arpack/_arpack.cpython-312-x86_64-linux-gnu.so
7ad9971ce000-7ad997226000 r-xp 0001e000 fc:00 35397771                   /home/henriqueramos_qs/meta-learning-concept-drift/.venv/lib/python3.12/site-packages/scipy/sparse/linalg/_eigen/arpack/_arpack.cpython-312-x86_64-linux-gnu.so
7ad997226000-7ad997241000 r--p 00076000 fc:00 35397771                   /home/henriqueramos_qs/meta-learning-concept-drift/.venv/lib/python3.12/site-packages/scipy/sparse/linalg/_eigen/arpack/_arpack.cpython-312-x86_64-linux-gnu.so
7ad997241000-7ad997242000 ---p 00091000 fc:00 35397771                   /home/henriqueramos_qs/meta-learning-concept-drift/.venv/lib/python3.12/site-packages/scipy/sparse/linalg/_eigen/arpack/_arpack.cpython-312-x86_64-linux-gnu.so
7ad997242000-7ad997243000 r--p 00091000 fc:00 35397771                   /home/henriqueramos_qs/meta-learning-concept-drift/.venv/lib/python3.12/site-packages/scipy/sparse/linalg/_eigen/arpack/_arpack.cpython-312-x86_64-linux-gnu.so
7ad997243000-7ad997251000 rw-p 00092000 fc:00 35397771                   /home/henriqueramos_qs/meta-learning-concept-drift/.venv/lib/python3.12/site-packages/scipy/sparse/linalg/_eigen/arpack/_arpack.cpython-312-x86_64-linux-gnu.so
7ad997251000-7ad997252000 rw-p 00000000 00:00 0 
7ad997252000-7ad99726a000 rw-p 000c0000 fc:00 35397771                   /home/henriqueramos_qs/meta-learning-concept-drift/.venv/lib/python3.12/site-packages/scipy/sparse/linalg/_eigen/arpack/_arpack.cpython-312-x86_64-linux-gnu.so
7ad99726a000-7ad997286000 r--p 00000000 fc:00 35397759                   /home/henriqueramos_qs/meta-learning-concept-drift/.venv/lib/python3.12/site-packages/scipy/sparse/linalg/_dsolve/_superlu.cpython-312-x86_64-linux-gnu.so
7ad997286000-7ad9972df000 r-xp 0001c000 fc:00 35397759                   /home/henriqueramos_qs/meta-learning-concept-drift/.venv/lib/python3.12/site-packages/scipy/sparse/linalg/_dsolve/_superlu.cpython-312-x86_64-linux-gnu.so
7ad9972df000-7ad9972f5000 r--p 00075000 fc:00 35397759                   /home/henriqueramos_qs/meta-learning-concept-drift/.venv/lib/python3.12/site-packages/scipy/sparse/linalg/_dsolve/_superlu.cpython-312-x86_64-linux-gnu.so
7ad9972f5000-7ad9972f6000 r--p 0008a000 fc:00 35397759                   /home/henriqueramos_qs/meta-learning-concept-drift/.venv/lib/python3.12/site-packages/scipy/sparse/linalg/_dsolve/_superlu.cpython-312-x86_64-linux-gnu.so
7ad9972f6000-7ad9972fb000 rw-p 0008b000 fc:00 35397759                   /home/henriqueramos_qs/meta-learning-concept-drift/.venv/lib/python3.12/site-packages/scipy/sparse/linalg/_dsolve/_superlu.cpython-312-x86_64-linux-gnu.so
7ad9972fb000-7ad997313000 rw-p 000af000 fc:00 35397759                   /home/henriqueramos_qs/meta-learning-concept-drift/.venv/lib/python3.12/site-packages/scipy/sparse/linalg/_dsolve/_superlu.cpython-312-x86_64-linux-gnu.so
7ad997313000-7ad997413000 rw-p 00000000 00:00 0 
7ad997413000-7ad997419000 r--p 00000000 fc:00 35397348                   /home/henriqueramos_qs/meta-learning-concept-drift/.venv/lib/python3.12/site-packages/scipy/linalg/cython_blas.cpython-312-x86_64-linux-gnu.so
7ad997419000-7ad99742a000 r-xp 00006000 fc:00 35397348                   /home/henriqueramos_qs/meta-learning-concept-drift/.venv/lib/python3.12/site-packages/scipy/linalg/cython_blas.cpython-312-x86_64-linux-gnu.so
7ad99742a000-7ad997435000 r--p 00017000 fc:00 35397348                   /home/henriqueramos_qs/meta-learning-concept-drift/.venv/lib/python3.12/site-packages/scipy/linalg/cython_blas.cpython-312-x86_64-linux-gnu.so
7ad997435000-7ad997436000 ---p 00022000 fc:00 35397348                   /home/henriqueramos_qs/meta-learning-concept-drift/.venv/lib/python3.12/site-packages/scipy/linalg/cython_blas.cpython-312-x86_64-linux-gnu.so
7ad997436000-7ad997437000 r--p 00022000 fc:00 35397348                   /home/henriqueramos_qs/meta-learning-concept-drift/.venv/lib/python3.12/site-packages/scipy/linalg/cython_blas.cpython-312-x86_64-linux-gnu.so
7ad997437000-7ad997439000 rw-p 00023000 fc:00 35397348                   /home/henriqueramos_qs/meta-learning-concept-drift/.venv/lib/python3.12/site-packages/scipy/linalg/cython_blas.cpython-312-x86_64-linux-gnu.so
7ad997439000-7ad99743e000 rw-p 0002e000 fc:00 35397348                   /home/henriqueramos_qs/meta-learning-concept-drift/.venv/lib/python3.12/site-packages/scipy/linalg/cython_blas.cpython-312-x86_64-linux-gnu.so
7ad99743e000-7ad997443000 r--p 00000000 fc:00 35397326                   /home/henriqueramos_qs/meta-learning-concept-drift/.venv/lib/python3.12/site-packages/scipy/linalg/_decomp_update.cpython-312-x86_64-linux-gnu.so
7ad997443000-7ad99747b000 r-xp 00005000 fc:00 35397326                   /home/henriqueramos_qs/meta-learning-concept-drift/.venv/lib/python3.12/site-packages/scipy/linalg/_decomp_update.cpython-312-x86_64-linux-gnu.so
7ad99747b000-7ad99748b000 r--p 0003d000 fc:00 35397326                   /home/henriqueramos_qs/meta-learning-concept-drift/.venv/lib/python3.12/site-packages/scipy/linalg/_decomp_update.cpython-312-x86_64-linux-gnu.so
7ad99748b000-7ad99748c000 ---p 0004d000 fc:00 35397326                   /home/henriqueramos_qs/meta-learning-concept-drift/.venv/lib/python3.12/site-packages/scipy/linalg/_decomp_update.cpython-312-x86_64-linux-gnu.so
7ad99748c000-7ad99748d000 r--p 0004d000 fc:00 35397326                   /home/henriqueramos_qs/meta-learning-concept-drift/.venv/lib/python3.12/site-packages/scipy/linalg/_decomp_update.cpython-312-x86_64-linux-gnu.so
7ad99748d000-7ad99748e000 rw-p 0004e000 fc:00 35397326                   /home/henriqueramos_qs/meta-learning-concept-drift/.venv/lib/python3.12/site-packages/scipy/linalg/_decomp_update.cpython-312-x86_64-linux-gnu.so
7ad99748e000-7ad99748f000 rw-p 00000000 00:00 0 
7ad99748f000-7ad9974aa000 r--p 00000000 fc:00 35397333                   /home/henriqueramos_qs/meta-learning-concept-drift/.venv/lib/python3.12/site-packages/scipy/linalg/_matfuncs_expm.cpython-312-x86_64-linux-gnu.so
7ad9974aa000-7ad9974ca000 r-xp 0001b000 fc:00 35397333                   /home/henriqueramos_qs/meta-learning-concept-drift/.venv/lib/python3.12/site-packages/scipy/linalg/_matfuncs_expm.cpython-312-x86_64-linux-gnu.so
7ad9974ca000-7ad9974d8000 r--p 0003b000 fc:00 35397333                   /home/henriqueramos_qs/meta-learning-concept-drift/.venv/lib/python3.12/site-packages/scipy/linalg/_matfuncs_expm.cpython-312-x86_64-linux-gnu.so
7ad9974d8000-7ad9974d9000 r--p 00048000 fc:00 35397333                   /home/henriqueramos_qs/meta-learning-concept-drift/.venv/lib/python3.12/site-packages/scipy/linalg/_matfuncs_expm.cpython-312-x86_64-linux-gnu.so
7ad9974d9000-7ad9974dd000 rw-p 00049000 fc:00 35397333                   /home/henriqueramos_qs/meta-learning-concept-drift/.venv/lib/python3.12/site-packages/scipy/linalg/_matfuncs_expm.cpython-312-x86_64-linux-gnu.so
7ad9974dd000-7ad9974f3000 rw-p 00067000 fc:00 35397333                   /home/henriqueramos_qs/meta-learning-concept-drift/.venv/lib/python3.12/site-packages/scipy/linalg/_matfuncs_expm.cpython-312-x86_64-linux-gnu.so
7ad9974f3000-7ad99750e000 r--p 00000000 fc:00 35397336                   /home/henriqueramos_qs/meta-learning-concept-drift/.venv/lib/python3.12/site-packages/scipy/linalg/_matfuncs_schur_sqrtm.cpython-312-x86_64-linux-gnu.so
7ad99750e000-7ad99752b000 r-xp 0001b000 fc:00 35397336                   /home/henriqueramos_qs/meta-learning-concept-drift/.venv/lib/python3.12/site-packages/scipy/linalg/_matfuncs_schur_sqrtm.cpython-312-x86_64-linux-gnu.so
7ad99752b000-7ad997538000 r--p 00038000 fc:00 35397336                   /home/henriqueramos_qs/meta-learning-concept-drift/.venv/lib/python3.12/site-packages/scipy/linalg/_matfuncs_schur_sqrtm.cpython-312-x86_64-linux-gnu.so
7ad997538000-7ad997539000 r--p 00044000 fc:00 35397336                   /home/henriqueramos_qs/meta-learning-concept-drift/.venv/lib/python3.12/site-packages/scipy/linalg/_matfuncs_schur_sqrtm.cpython-312-x86_64-linux-gnu.so
7ad997539000-7ad99753d000 rw-p 00045000 fc:00 35397336                   /home/henriqueramos_qs/meta-learning-concept-drift/.venv/lib/python3.12/site-packages/scipy/linalg/_matfuncs_schur_sqrtm.cpython-312-x86_64-linux-gnu.so
7ad99753d000-7ad997553000 rw-p 00063000 fc:00 35397336                   /home/henriqueramos_qs/meta-learning-concept-drift/.venv/lib/python3.12/site-packages/scipy/linalg/_matfuncs_schur_sqrtm.cpython-312-x86_64-linux-gnu.so
7ad997553000-7ad99756e000 r--p 00000000 fc:00 35397351                   /home/henriqueramos_qs/meta-learning-concept-drift/.venv/lib/python3.12/site-packages/scipy/linalg/cython_lapack.cpython-312-x86_64-linux-gnu.so
7ad99756e000-7ad99758c000 r-xp 0001b000 fc:00 35397351                   /home/henriqueramos_qs/meta-learning-concept-drift/.venv/lib/python3.12/site-packages/scipy/linalg/cython_lapack.cpython-312-x86_64-linux-gnu.so
7ad99758c000-7ad9975e5000 r--p 00039000 fc:00 35397351                   /home/henriqueramos_qs/meta-learning-concept-drift/.venv/lib/python3.12/site-packages/scipy/linalg/cython_lapack.cpython-312-x86_64-linux-gnu.so
7ad9975e5000-7ad9975e6000 r--p 00091000 fc:00 35397351                   /home/henriqueramos_qs/meta-learning-concept-drift/.venv/lib/python3.12/site-packages/scipy/linalg/cython_lapack.cpython-312-x86_64-linux-gnu.so
7ad9975e6000-7ad9975ea000 rw-p 00092000 fc:00 35397351                   /home/henriqueramos_qs/meta-learning-concept-drift/.venv/lib/python3.12/site-packages/scipy/linalg/cython_lapack.cpython-312-x86_64-linux-gnu.so
7ad9975ea000-7ad997600000 rw-p 000c1000 fc:00 35397351                   /home/henriqueramos_qs/meta-learning-concept-drift/.venv/lib/python3.12/site-packages/scipy/linalg/cython_lapack.cpython-312-x86_64-linux-gnu.so
7ad997600000-7ad99763e000 r--p 00000000 fc:00 35397329                   /home/henriqueramos_qs/meta-learning-concept-drift/.venv/lib/python3.12/site-packages/scipy/linalg/_flapack.cpython-312-x86_64-linux-gnu.so
7ad99763e000-7ad99773b000 r-xp 0003e000 fc:00 35397329                   /home/henriqueramos_qs/meta-learning-concept-drift/.venv/lib/python3.12/site-packages/scipy/linalg/_flapack.cpython-312-x86_64-linux-gnu.so
7ad99773b000-7ad9977a0000 r--p 0013b000 fc:00 35397329                   /home/henriqueramos_qs/meta-learning-concept-drift/.venv/lib/python3.12/site-packages/scipy/linalg/_flapack.cpython-312-x86_64-linux-gnu.so
7ad9977a0000-7ad9977a1000 r--p 0019f000 fc:00 35397329                   /home/henriqueramos_qs/meta-learning-concept-drift/.venv/lib/python3.12/site-packages/scipy/linalg/_flapack.cpython-312-x86_64-linux-gnu.so
7ad9977a1000-7ad997834000 rw-p 001a0000 fc:00 35397329                   /home/henriqueramos_qs/meta-learning-concept-drift/.venv/lib/python3.12/site-packages/scipy/linalg/_flapack.cpython-312-x86_64-linux-gnu.so
7ad997834000-7ad99784c000 rw-p 00260000 fc:00 35397329                   /home/henriqueramos_qs/meta-learning-concept-drift/.venv/lib/python3.12/site-packages/scipy/linalg/_flapack.cpython-312-x86_64-linux-gnu.so
7ad99784e000-7ad997851000 r--p 00000000 fc:00 35397535                   /home/henriqueramos_qs/meta-learning-concept-drift/.venv/lib/python3.12/site-packages/scipy/optimize/_lsq/givens_elimination.cpython-312-x86_64-linux-gnu.so
7ad997851000-7ad997859000 r-xp 00003000 fc:00 35397535                   /home/henriqueramos_qs/meta-learning-concept-drift/.venv/lib/python3.12/site-packages/scipy/optimize/_lsq/givens_elimination.cpython-312-x86_64-linux-gnu.so
7ad997859000-7ad99785d000 r--p 0000b000 fc:00 35397535                   /home/henriqueramos_qs/meta-learning-concept-drift/.venv/lib/python3.12/site-packages/scipy/optimize/_lsq/givens_elimination.cpython-312-x86_64-linux-gnu.so
7ad99785d000-7ad99785e000 r--p 0000e000 fc:00 35397535                   /home/henriqueramos_qs/meta-learning-concept-drift/.venv/lib/python3.12/site-packages/scipy/optimize/_lsq/givens_elimination.cpython-312-x86_64-linux-gnu.so
7ad99785e000-7ad99785f000 rw-p 0000f000 fc:00 35397535                   /home/henriqueramos_qs/meta-learning-concept-drift/.venv/lib/python3.12/site-packages/scipy/optimize/_lsq/givens_elimination.cpython-312-x86_64-linux-gnu.so
7ad99785f000-7ad997862000 r--p 00000000 fc:00 35397331                   /home/henriqueramos_qs/meta-learning-concept-drift/.venv/lib/python3.12/site-packages/scipy/linalg/_linalg_pythran.cpython-312-x86_64-linux-gnu.so
7ad997862000-7ad997876000 r-xp 00003000 fc:00 35397331                   /home/henriqueramos_qs/meta-learning-concept-drift/.venv/lib/python3.12/site-packages/scipy/linalg/_linalg_pythran.cpython-312-x86_64-linux-gnu.so
7ad997876000-7ad99787a000 r--p 00017000 fc:00 35397331                   /home/henriqueramos_qs/meta-learning-concept-drift/.venv/lib/python3.12/site-packages/scipy/linalg/_linalg_pythran.cpython-312-x86_64-linux-gnu.so
7ad99787a000-7ad99787b000 r--p 0001a000 fc:00 35397331                   /home/henriqueramos_qs/meta-learning-concept-drift/.venv/lib/python3.12/site-packages/scipy/linalg/_linalg_pythran.cpython-312-x86_64-linux-gnu.so
7ad99787b000-7ad99787c000 rw-p 0001b000 fc:00 35397331                   /home/henriqueramos_qs/meta-learning-concept-drift/.venv/lib/python3.12/site-packages/scipy/linalg/_linalg_pythran.cpython-312-x86_64-linux-gnu.so
7ad99787c000-7ad997880000 r--p 00000000 fc:00 35397319                   /home/henriqueramos_qs/meta-learning-concept-drift/.venv/lib/python3.12/site-packages/scipy/linalg/_decomp_lu_cython.cpython-312-x86_64-linux-gnu.so
7ad997880000-7ad997891000 r-xp 00004000 fc:00 35397319                   /home/henriqueramos_qs/meta-learning-concept-drift/.venv/lib/python3.12/site-packages/scipy/linalg/_decomp_lu_cython.cpython-312-x86_64-linux-gnu.so
7ad997891000-7ad997895000 r--p 00015000 fc:00 35397319                   /home/henriqueramos_qs/meta-learning-concept-drift/.venv/lib/python3.12/site-packages/scipy/linalg/_decomp_lu_cython.cpython-312-x86_64-linux-gnu.so
7ad997895000-7ad997896000 ---p 00019000 fc:00 35397319                   /home/henriqueramos_qs/meta-learning-concept-drift/.venv/lib/python3.12/site-packages/scipy/linalg/_decomp_lu_cython.cpython-312-x86_64-linux-gnu.so
7ad997896000-7ad997897000 r--p 00019000 fc:00 35397319                   /home/henriqueramos_qs/meta-learning-concept-drift/.venv/lib/python3.12/site-packages/scipy/linalg/_decomp_lu_cython.cpython-312-x86_64-linux-gnu.so
7ad997897000-7ad997898000 rw-p 0001a000 fc:00 35397319                   /home/henriqueramos_qs/meta-learning-concept-drift/.venv/lib/python3.12/site-packages/scipy/linalg/_decomp_lu_cython.cpython-312-x86_64-linux-gnu.so
7ad997898000-7ad99789e000 r--p 00000000 fc:00 35397310                   /home/henriqueramos_qs/meta-learning-concept-drift/.venv/lib/python3.12/site-packages/scipy/linalg/_cythonized_array_utils.cpython-312-x86_64-linux-gnu.so
7ad99789e000-7ad9978ec000 r-xp 00006000 fc:00 35397310                   /home/henriqueramos_qs/meta-learning-concept-drift/.venv/lib/python3.12/site-packages/scipy/linalg/_cythonized_array_utils.cpython-312-x86_64-linux-gnu.so
7ad9978ec000-7ad9978f9000 r--p 00054000 fc:00 35397310                   /home/henriqueramos_qs/meta-learning-concept-drift/.venv/lib/python3.12/site-packages/scipy/linalg/_cythonized_array_utils.cpython-312-x86_64-linux-gnu.so
7ad9978f9000-7ad9978fb000 r--p 00060000 fc:00 35397310                   /home/henriqueramos_qs/meta-learning-concept-drift/.venv/lib/python3.12/site-packages/scipy/linalg/_cythonized_array_utils.cpython-312-x86_64-linux-gnu.so
7ad9978fb000-7ad9978fd000 rw-p 00062000 fc:00 35397310                   /home/henriqueramos_qs/meta-learning-concept-drift/.venv/lib/python3.12/site-packages/scipy/linalg/_cythonized_array_utils.cpython-312-x86_64-linux-gnu.so
7ad9978fd000-7ad9978fe000 rw-p 00000000 00:00 0 
7ad9978fe000-7ad997925000 r--p 00000000 fc:00 35397328                   /home/henriqueramos_qs/meta-learning-concept-drift/.venv/lib/python3.12/site-packages/scipy/linalg/_fblas.cpython-312-x86_64-linux-gnu.so
7ad997925000-7ad997973000 r-xp 00027000 fc:00 35397328                   /home/henriqueramos_qs/meta-learning-concept-drift/.venv/lib/python3.12/site-packages/scipy/linalg/_fblas.cpython-312-x86_64-linux-gnu.so
7ad997973000-7ad99799c000 r--p 00075000 fc:00 35397328                   /home/henriqueramos_qs/meta-learning-concept-drift/.venv/lib/python3.12/site-packages/scipy/linalg/_fblas.cpython-312-x86_64-linux-gnu.so
7ad99799c000-7ad99799d000 r--p 0009d000 fc:00 35397328                   /home/henriqueramos_qs/meta-learning-concept-drift/.venv/lib/python3.12/site-packages/scipy/linalg/_fblas.cpython-312-x86_64-linux-gnu.so
7ad99799d000-7ad9979c6000 rw-p 0009e000 fc:00 35397328                   /home/henriqueramos_qs/meta-learning-concept-drift/.venv/lib/python3.12/site-packages/scipy/linalg/_fblas.cpython-312-x86_64-linux-gnu.so
7ad9979c6000-7ad9979de000 rw-p 000e7000 fc:00 35397328                   /home/henriqueramos_qs/meta-learning-concept-drift/.venv/lib/python3.12/site-packages/scipy/linalg/_fblas.cpython-312-x86_64-linux-gnu.so
7ad9979de000-7ad997ade000 rw-p 00000000 00:00 0 
7ad997ade000-7ad997ae2000 r--p 00000000 fc:00 35397934                   /home/henriqueramos_qs/meta-learning-concept-drift/.venv/lib/python3.12/site-packages/scipy/special/_special_ufuncs.cpython-312-x86_64-linux-gnu.so
7ad997ae2000-7ad997bf3000 r-xp 00004000 fc:00 35397934                   /home/henriqueramos_qs/meta-learning-concept-drift/.venv/lib/python3.12/site-packages/scipy/special/_special_ufuncs.cpython-312-x86_64-linux-gnu.so
7ad997bf3000-7ad997c3f000 r--p 00115000 fc:00 35397934                   /home/henriqueramos_qs/meta-learning-concept-drift/.venv/lib/python3.12/site-packages/scipy/special/_special_ufuncs.cpython-312-x86_64-linux-gnu.so
7ad997c3f000-7ad997c40000 r--p 00160000 fc:00 35397934                   /home/henriqueramos_qs/meta-learning-concept-drift/.venv/lib/python3.12/site-packages/scipy/special/_special_ufuncs.cpython-312-x86_64-linux-gnu.so
7ad997c40000-7ad997c41000 rw-p 00161000 fc:00 35397934                   /home/henriqueramos_qs/meta-learning-concept-drift/.venv/lib/python3.12/site-packages/scipy/special/_special_ufuncs.cpython-312-x86_64-linux-gnu.so
7ad997c41000-7ad997c47000 r--p 00000000 fc:00 35397944                   /home/henriqueramos_qs/meta-learning-concept-drift/.venv/lib/python3.12/site-packages/scipy/special/_ufuncs_cxx.cpython-312-x86_64-linux-gnu.so
7ad997c47000-7ad997d8e000 r-xp 00006000 fc:00 35397944                   /home/henriqueramos_qs/meta-learning-concept-drift/.venv/lib/python3.12/site-packages/scipy/special/_ufuncs_cxx.cpython-312-x86_64-linux-gnu.so
7ad997d8e000-7ad997dbd000 r--p 0014d000 fc:00 35397944                   /home/henriqueramos_qs/meta-learning-concept-drift/.venv/lib/python3.12/site-packages/scipy/special/_ufuncs_cxx.cpython-312-x86_64-linux-gnu.so
7ad997dbd000-7ad997dbe000 ---p 0017c000 fc:00 35397944                   /home/henriqueramos_qs/meta-learning-concept-drift/.venv/lib/python3.12/site-packages/scipy/special/_ufuncs_cxx.cpython-312-x86_64-linux-gnu.so
7ad997dbe000-7ad997dbf000 r--p 0017c000 fc:00 35397944                   /home/henriqueramos_qs/meta-learning-concept-drift/.venv/lib/python3.12/site-packages/scipy/special/_ufuncs_cxx.cpython-312-x86_64-linux-gnu.so
7ad997dbf000-7ad997dc0000 rw-p 0017d000 fc:00 35397944                   /home/henriqueramos_qs/meta-learning-concept-drift/.venv/lib/python3.12/site-packages/scipy/special/_ufuncs_cxx.cpython-312-x86_64-linux-gnu.so
7ad997dc0000-7ad997dc1000 rw-p 00000000 00:00 0 
7ad997dc1000-7ad997dc2000 ---p 00000000 00:00 0 
7ad997dc2000-7ad9985c2000 rw-p 00000000 00:00 0 
7ad9985c2000-7ad9985c3000 ---p 00000000 00:00 0 
7ad9985c3000-7ad998dc3000 rw-p 00000000 00:00 0 
7ad998dc3000-7ad998dc4000 ---p 00000000 00:00 0 
7ad998dc4000-7ad9995c4000 rw-p 00000000 00:00 0 
7ad9995c4000-7ad9995c5000 ---p 00000000 00:00 0 
7ad9995c5000-7ad999dc5000 rw-p 00000000 00:00 0 
7ad999dc5000-7ad999dc6000 ---p 00000000 00:00 0 
7ad999dc6000-7ad99a5c6000 rw-p 00000000 00:00 0 
7ad99a5c6000-7ad99a5c7000 ---p 00000000 00:00 0 
7ad99a5c7000-7ad99adc7000 rw-p 00000000 00:00 0 
7ad99adc7000-7ad99adc8000 ---p 00000000 00:00 0 
7ad99adc8000-7ad99b5c8000 rw-p 00000000 00:00 0 
7ad99b5c8000-7ad99b5c9000 ---p 00000000 00:00 0 
7ad99b5c9000-7ad99bdc9000 rw-p 00000000 00:00 0 
7ad99bdc9000-7ad99bdca000 ---p 00000000 00:00 0 
7ad99bdca000-7ad99c5ca000 rw-p 00000000 00:00 0 
7ad99c5ca000-7ad99c5cb000 ---p 00000000 00:00 0 
7ad99c5cb000-7ad99cdcb000 rw-p 00000000 00:00 0 
7ad99cdcb000-7ad99cdcc000 ---p 00000000 00:00 0 
7ad99cdcc000-7ad99d5cc000 rw-p 00000000 00:00 0 
7ad99d5cc000-7ad99d5cd000 ---p 00000000 00:00 0 
7ad99d5cd000-7ad99ddcd000 rw-p 00000000 00:00 0 
7ad99ddcd000-7ad99ddce000 ---p 00000000 00:00 0 
7ad99ddce000-7ad99e5ce000 rw-p 00000000 00:00 0 
7ad99e5ce000-7ad99e5cf000 ---p 00000000 00:00 0 
7ad99e5cf000-7ad99edcf000 rw-p 00000000 00:00 0 
7ad99edcf000-7ad99edd0000 ---p 00000000 00:00 0 
7ad99edd0000-7ad99f5d0000 rw-p 00000000 00:00 0 
7ad99f5d0000-7ad99f5d1000 ---p 00000000 00:00 0 
7ad99f5d1000-7ad99fdd1000 rw-p 00000000 00:00 0 
7ad99fdd1000-7ad99fdd2000 ---p 00000000 00:00 0 
7ad99fdd2000-7ad9a05d2000 rw-p 00000000 00:00 0 
7ad9a05d2000-7ad9a05d3000 ---p 00000000 00:00 0 
7ad9a05d3000-7ad9a0dd3000 rw-p 00000000 00:00 0 
7ad9a0dd3000-7ad9a0dd4000 ---p 00000000 00:00 0 
7ad9a0dd4000-7ad9a15d4000 rw-p 00000000 00:00 0 
7ad9a15d4000-7ad9a15d5000 ---p 00000000 00:00 0 
7ad9a15d5000-7ad9a1dd5000 rw-p 00000000 00:00 0 
7ad9a1dd5000-7ad9a1dd6000 ---p 00000000 00:00 0 
7ad9a1dd6000-7ad9a25d6000 rw-p 00000000 00:00 0 
7ad9a25d6000-7ad9a25d7000 ---p 00000000 00:00 0 
7ad9a25d7000-7ad9a2dd7000 rw-p 00000000 00:00 0 
7ad9a2dd7000-7ad9a2dd8000 ---p 00000000 00:00 0 
7ad9a2dd8000-7ad9a35d8000 rw-p 00000000 00:00 0 
7ad9a35d8000-7ad9a35d9000 ---p 00000000 00:00 0 
7ad9a35d9000-7ad9a3dd9000 rw-p 00000000 00:00 0 
7ad9a3dd9000-7ad9a3dda000 ---p 00000000 00:00 0 
7ad9a3dda000-7ad9a45da000 rw-p 00000000 00:00 0 
7ad9a45da000-7ad9a45db000 ---p 00000000 00:00 0 
7ad9a45db000-7ad9a4ddb000 rw-p 00000000 00:00 0 
7ad9a4ddb000-7ad9a4ddc000 ---p 00000000 00:00 0 
7ad9a4ddc000-7ad9a55dc000 rw-p 00000000 00:00 0 
7ad9a55dc000-7ad9a55dd000 ---p 00000000 00:00 0 
7ad9a55dd000-7ad9a5ddd000 rw-p 00000000 00:00 0 
7ad9a5ddd000-7ad9a5dde000 ---p 00000000 00:00 0 
7ad9a5dde000-7ad9a65de000 rw-p 00000000 00:00 0 
7ad9a65de000-7ad9a65df000 ---p 00000000 00:00 0 
7ad9a65df000-7ad9a6ddf000 rw-p 00000000 00:00 0 
7ad9a6ddf000-7ad9a6de0000 ---p 00000000 00:00 0 
7ad9a6de0000-7ad9a75e0000 rw-p 00000000 00:00 0 
7ad9a75e0000-7ad9a75e1000 ---p 00000000 00:00 0 
7ad9a75e1000-7ad9a7de1000 rw-p 00000000 00:00 0 
7ad9a7de1000-7ad9a7de2000 ---p 00000000 00:00 0 
7ad9a7de2000-7ad9a85e2000 rw-p 00000000 00:00 0 
7ad9a85e2000-7ad9a85e3000 ---p 00000000 00:00 0 
7ad9a85e3000-7ad9a8de3000 rw-p 00000000 00:00 0 
7ad9a8de3000-7ad9a8de4000 ---p 00000000 00:00 0 
7ad9a8de4000-7ad9a95e4000 rw-p 00000000 00:00 0 
7ad9a95e4000-7ad9a95e5000 ---p 00000000 00:00 0 
7ad9a95e5000-7ad9a9de5000 rw-p 00000000 00:00 0 
7ad9a9de5000-7ad9a9de6000 ---p 00000000 00:00 0 
7ad9a9de6000-7ad9aa5e6000 rw-p 00000000 00:00 0 
7ad9aa5e6000-7ad9aa5e7000 ---p 00000000 00:00 0 
7ad9aa5e7000-7ad9aade7000 rw-p 00000000 00:00 0 
7ad9aade7000-7ad9aade8000 ---p 00000000 00:00 0 
7ad9aade8000-7ad9ab5e8000 rw-p 00000000 00:00 0 
7ad9ab5e8000-7ad9ab5e9000 ---p 00000000 00:00 0 
7ad9ab5e9000-7ad9abde9000 rw-p 00000000 00:00 0 
7ad9abde9000-7ad9abdea000 ---p 00000000 00:00 0 
7ad9abdea000-7ad9ac5ea000 rw-p 00000000 00:00 0 
7ad9ac5ea000-7ad9ac5eb000 ---p 00000000 00:00 0 
7ad9ac5eb000-7ad9acdeb000 rw-p 00000000 00:00 0 
7ad9acdeb000-7ad9acdec000 ---p 00000000 00:00 0 
7ad9acdec000-7ad9ad5ec000 rw-p 00000000 00:00 0 
7ad9ad5ec000-7ad9ad5ed000 ---p 00000000 00:00 0 
7ad9ad5ed000-7ad9added000 rw-p 00000000 00:00 0 
7ad9added000-7ad9addee000 ---p 00000000 00:00 0 
7ad9addee000-7ad9ae5ee000 rw-p 00000000 00:00 0 
7ad9ae5ee000-7ad9ae5ef000 ---p 00000000 00:00 0 
7ad9ae5ef000-7ad9aedef000 rw-p 00000000 00:00 0 
7ad9aedef000-7ad9aedf0000 ---p 00000000 00:00 0 
7ad9aedf0000-7ad9af5f0000 rw-p 00000000 00:00 0 
7ad9af5f0000-7ad9af5f1000 ---p 00000000 00:00 0 
7ad9af5f1000-7ad9afdf1000 rw-p 00000000 00:00 0 
7ad9afdf1000-7ad9afdf2000 ---p 00000000 00:00 0 
7ad9afdf2000-7ad9b05f2000 rw-p 00000000 00:00 0 
7ad9b05f2000-7ad9b05f3000 ---p 00000000 00:00 0 
7ad9b05f3000-7ad9b0df3000 rw-p 00000000 00:00 0 
7ad9b0df3000-7ad9b0df4000 ---p 00000000 00:00 0 
7ad9b0df4000-7ad9b15f4000 rw-p 00000000 00:00 0 
7ad9b15f4000-7ad9b15f5000 ---p 00000000 00:00 0 
7ad9b15f5000-7ad9b1df5000 rw-p 00000000 00:00 0 
7ad9b1df5000-7ad9b1df6000 ---p 00000000 00:00 0 
7ad9b1df6000-7ad9b25f6000 rw-p 00000000 00:00 0 
7ad9b25f6000-7ad9b25f7000 ---p 00000000 00:00 0 
7ad9b25f7000-7ad9b2df7000 rw-p 00000000 00:00 0 
7ad9b2df7000-7ad9b2df8000 ---p 00000000 00:00 0 
7ad9b2df8000-7ad9b35f8000 rw-p 00000000 00:00 0 
7ad9b35f8000-7ad9b35f9000 ---p 00000000 00:00 0 
7ad9b35f9000-7ad9b3df9000 rw-p 00000000 00:00 0 
7ad9b3df9000-7ad9b3dfa000 ---p 00000000 00:00 0 
7ad9b3dfa000-7ad9b45fa000 rw-p 00000000 00:00 0 
7ad9b45fa000-7ad9b45fb000 ---p 00000000 00:00 0 
7ad9b45fb000-7ad9b4dfb000 rw-p 00000000 00:00 0 
7ad9b4dfb000-7ad9b4dfc000 ---p 00000000 00:00 0 
7ad9b4dfc000-7ad9b55fc000 rw-p 00000000 00:00 0 
7ad9b55fc000-7ad9b55fd000 ---p 00000000 00:00 0 
7ad9b55fd000-7ad9b5dfd000 rw-p 00000000 00:00 0 
7ad9b5dfd000-7ad9b5dfe000 ---p 00000000 00:00 0 
7ad9b5dfe000-7ad9b65fe000 rw-p 00000000 00:00 0 
7ad9b65fe000-7ad9b65ff000 ---p 00000000 00:00 0 
7ad9b65ff000-7ad9b6dff000 rw-p 00000000 00:00 0 
7ad9b6dff000-7ad9b6e00000 ---p 00000000 00:00 0 
7ad9b6e00000-7ad9b7600000 rw-p 00000000 00:00 0 
7ad9b7600000-7ada37600000 rw-p 00000000 00:00 0 
7ada37600000-7ada376ab000 r--p 00000000 fc:00 35398192                   /home/henriqueramos_qs/meta-learning-concept-drift/.venv/lib/python3.12/site-packages/scipy.libs/libscipy_openblas-68440149.so
7ada376ab000-7ada387bc000 r-xp 000ab000 fc:00 35398192                   /home/henriqueramos_qs/meta-learning-concept-drift/.venv/lib/python3.12/site-packages/scipy.libs/libscipy_openblas-68440149.so
7ada387bc000-7ada3896b000 r--p 011bc000 fc:00 35398192                   /home/henriqueramos_qs/meta-learning-concept-drift/.venv/lib/python3.12/site-packages/scipy.libs/libscipy_openblas-68440149.so
7ada3896b000-7ada38971000 r--p 0136a000 fc:00 35398192                   /home/henriqueramos_qs/meta-learning-concept-drift/.venv/lib/python3.12/site-packages/scipy.libs/libscipy_openblas-68440149.so
7ada38971000-7ada3897c000 rw-p 01370000 fc:00 35398192                   /home/henriqueramos_qs/meta-learning-concept-drift/.venv/lib/python3.12/site-packages/scipy.libs/libscipy_openblas-68440149.so
7ada3897c000-7ada38984000 rw-p 00000000 00:00 0 
7ada38984000-7ada38a7e000 rw-p 01435000 fc:00 35398192                   /home/henriqueramos_qs/meta-learning-concept-drift/.venv/lib/python3.12/site-packages/scipy.libs/libscipy_openblas-68440149.so
7ada38a7e000-7ada38a7f000 r--p 00000000 fc:00 35397467                   /home/henriqueramos_qs/meta-learning-concept-drift/.venv/lib/python3.12/site-packages/scipy/optimize/_direct.cpython-312-x86_64-linux-gnu.so
7ada38a7f000-7ada38a85000 r-xp 00001000 fc:00 35397467                   /home/henriqueramos_qs/meta-learning-concept-drift/.venv/lib/python3.12/site-packages/scipy/optimize/_direct.cpython-312-x86_64-linux-gnu.so
7ada38a85000-7ada38a87000 r--p 00007000 fc:00 35397467                   /home/henriqueramos_qs/meta-learning-concept-drift/.venv/lib/python3.12/site-packages/scipy/optimize/_direct.cpython-312-x86_64-linux-gnu.so
7ada38a87000-7ada38a88000 r--p 00008000 fc:00 35397467                   /home/henriqueramos_qs/meta-learning-concept-drift/.venv/lib/python3.12/site-packages/scipy/optimize/_direct.cpython-312-x86_64-linux-gnu.so
7ada38a88000-7ada38a89000 rw-p 00009000 fc:00 35397467                   /home/henriqueramos_qs/meta-learning-concept-drift/.venv/lib/python3.12/site-packages/scipy/optimize/_direct.cpython-312-x86_64-linux-gnu.so
7ada38a89000-7ada38a8d000 r--p 00000000 fc:00 35397342                   /home/henriqueramos_qs/meta-learning-concept-drift/.venv/lib/python3.12/site-packages/scipy/linalg/_solve_toeplitz.cpython-312-x86_64-linux-gnu.so
7ada38a8d000-7ada38aa1000 r-xp 00004000 fc:00 35397342                   /home/henriqueramos_qs/meta-learning-concept-drift/.venv/lib/python3.12/site-packages/scipy/linalg/_solve_toeplitz.cpython-312-x86_64-linux-gnu.so
7ada38aa1000-7ada38aa7000 r--p 00018000 fc:00 35397342                   /home/henriqueramos_qs/meta-learning-concept-drift/.venv/lib/python3.12/site-packages/scipy/linalg/_solve_toeplitz.cpython-312-x86_64-linux-gnu.so
7ada38aa7000-7ada38aa8000 r--p 0001d000 fc:00 35397342                   /home/henriqueramos_qs/meta-learning-concept-drift/.venv/lib/python3.12/site-packages/scipy/linalg/_solve_toeplitz.cpython-312-x86_64-linux-gnu.so
7ada38aa8000-7ada38aa9000 rw-p 0001e000 fc:00 35397342                   /home/henriqueramos_qs/meta-learning-concept-drift/.venv/lib/python3.12/site-packages/scipy/linalg/_solve_toeplitz.cpython-312-x86_64-linux-gnu.so
7ada38aa9000-7ada38aaa000 rw-p 00000000 00:00 0 
7ada38aaa000-7ada38aaf000 r--p 00000000 fc:00 35397933                   /home/henriqueramos_qs/meta-learning-concept-drift/.venv/lib/python3.12/site-packages/scipy/special/_specfun.cpython-312-x86_64-linux-gnu.so
7ada38aaf000-7ada38ad6000 r-xp 00005000 fc:00 35397933                   /home/henriqueramos_qs/meta-learning-concept-drift/.venv/lib/python3.12/site-packages/scipy/special/_specfun.cpython-312-x86_64-linux-gnu.so
7ada38ad6000-7ada38adc000 r--p 0002c000 fc:00 35397933                   /home/henriqueramos_qs/meta-learning-concept-drift/.venv/lib/python3.12/site-packages/scipy/special/_specfun.cpython-312-x86_64-linux-gnu.so
7ada38adc000-7ada38add000 r--p 00031000 fc:00 35397933                   /home/henriqueramos_qs/meta-learning-concept-drift/.venv/lib/python3.12/site-packages/scipy/special/_specfun.cpython-312-x86_64-linux-gnu.so
7ada38add000-7ada38ade000 rw-p 00032000 fc:00 35397933                   /home/henriqueramos_qs/meta-learning-concept-drift/.venv/lib/python3.12/site-packages/scipy/special/_specfun.cpython-312-x86_64-linux-gnu.so
7ada38ade000-7ada38adf000 rw-p 00000000 00:00 0 
7ada38adf000-7ada38ae1000 r--p 00000000 fc:00 35397924                   /home/henriqueramos_qs/meta-learning-concept-drift/.venv/lib/python3.12/site-packages/scipy/special/_gufuncs.cpython-312-x86_64-linux-gnu.so
7ada38ae1000-7ada38b67000 r-xp 00002000 fc:00 35397924                   /home/henriqueramos_qs/meta-learning-concept-drift/.venv/lib/python3.12/site-packages/scipy/special/_gufuncs.cpython-312-x86_64-linux-gnu.so
7ada38b67000-7ada38b74000 r--p 00088000 fc:00 35397924                   /home/henriqueramos_qs/meta-learning-concept-drift/.venv/lib/python3.12/site-packages/scipy/special/_gufuncs.cpython-312-x86_64-linux-gnu.so
7ada38b74000-7ada38b75000 r--p 00094000 fc:00 35397924                   /home/henriqueramos_qs/meta-learning-concept-drift/.venv/lib/python3.12/site-packages/scipy/special/_gufuncs.cpython-312-x86_64-linux-gnu.so
7ada38b75000-7ada38b76000 rw-p 00095000 fc:00 35397924                   /home/henriqueramos_qs/meta-learning-concept-drift/.venv/lib/python3.12/site-packages/scipy/special/_gufuncs.cpython-312-x86_64-linux-gnu.so
7ada38b76000-7ada38b7a000 r--p 00000000 fc:00 35397923                   /home/henriqueramos_qs/meta-learning-concept-drift/.venv/lib/python3.12/site-packages/scipy/special/_ellip_harm_2.cpython-312-x86_64-linux-gnu.so
7ada38b7a000-7ada38b8d000 r-xp 00004000 fc:00 35397923                   /home/henriqueramos_qs/meta-learning-concept-drift/.venv/lib/python3.12/site-packages/scipy/special/_ellip_harm_2.cpython-312-x86_64-linux-gnu.so
7ada38b8d000-7ada38b90000 r--p 00017000 fc:00 35397923                   /home/henriqueramos_qs/meta-learning-concept-drift/.venv/lib/python3.12/site-packages/scipy/special/_ellip_harm_2.cpython-312-x86_64-linux-gnu.so
7ada38b90000-7ada38b91000 ---p 0001a000 fc:00 35397923                   /home/henriqueramos_qs/meta-learning-concept-drift/.venv/lib/python3.12/site-packages/scipy/special/_ellip_harm_2.cpython-312-x86_64-linux-gnu.so
7ada38b91000-7ada38b92000 r--p 0001a000 fc:00 35397923                   /home/henriqueramos_qs/meta-learning-concept-drift/.venv/lib/python3.12/site-packages/scipy/special/_ellip_harm_2.cpython-312-x86_64-linux-gnu.so
7ada38b92000-7ada38b93000 rw-p 0001b000 fc:00 35397923                   /home/henriqueramos_qs/meta-learning-concept-drift/.venv/lib/python3.12/site-packages/scipy/special/_ellip_harm_2.cpython-312-x86_64-linux-gnu.so
7ada38b93000-7ada38b96000 rw-p 00021000 fc:00 35397923                   /home/henriqueramos_qs/meta-learning-concept-drift/.venv/lib/python3.12/site-packages/scipy/special/_ellip_harm_2.cpython-312-x86_64-linux-gnu.so
7ada38b96000-7ada38b9e000 r--p 00000000 fc:00 35397941                   /home/henriqueramos_qs/meta-learning-concept-drift/.venv/lib/python3.12/site-packages/scipy/special/_ufuncs.cpython-312-x86_64-linux-gnu.so
7ada38b9e000-7ada38ca2000 r-xp 00008000 fc:00 35397941                   /home/henriqueramos_qs/meta-learning-concept-drift/.venv/lib/python3.12/site-packages/scipy/special/_ufuncs.cpython-312-x86_64-linux-gnu.so
7ada38ca2000-7ada38cf7000 r--p 0010c000 fc:00 35397941                   /home/henriqueramos_qs/meta-learning-concept-drift/.venv/lib/python3.12/site-packages/scipy/special/_ufuncs.cpython-312-x86_64-linux-gnu.so
7ada38cf7000-7ada38cf8000 ---p 00161000 fc:00 35397941                   /home/henriqueramos_qs/meta-learning-concept-drift/.venv/lib/python3.12/site-packages/scipy/special/_ufuncs.cpython-312-x86_64-linux-gnu.so
7ada38cf8000-7ada38cfa000 r--p 00161000 fc:00 35397941                   /home/henriqueramos_qs/meta-learning-concept-drift/.venv/lib/python3.12/site-packages/scipy/special/_ufuncs.cpython-312-x86_64-linux-gnu.so
7ada38cfa000-7ada38cfb000 rw-p 00163000 fc:00 35397941                   /home/henriqueramos_qs/meta-learning-concept-drift/.venv/lib/python3.12/site-packages/scipy/special/_ufuncs.cpython-312-x86_64-linux-gnu.so
7ada38cfb000-7ada38d02000 rw-p 00000000 00:00 0 
7ada38d02000-7ada38d07000 rw-p 0018b000 fc:00 35397941                   /home/henriqueramos_qs/meta-learning-concept-drift/.venv/lib/python3.12/site-packages/scipy/special/_ufuncs.cpython-312-x86_64-linux-gnu.so
7ada38d07000-7ada38f07000 rw-p 00000000 00:00 0 
7ada38f07000-7ada38f25000 r--p 00000000 08:05 8388999                    /usr/lib/x86_64-linux-gnu/libssl.so.3
7ada38f25000-7ada38f87000 r-xp 0001e000 08:05 8388999                    /usr/lib/x86_64-linux-gnu/libssl.so.3
7ada38f87000-7ada38fa3000 r--p 00080000 08:05 8388999                    /usr/lib/x86_64-linux-gnu/libssl.so.3
7ada38fa3000-7ada38fad000 r--p 0009c000 08:05 8388999                    /usr/lib/x86_64-linux-gnu/libssl.so.3
7ada38fad000-7ada38fb1000 rw-p 000a6000 08:05 8388999                    /usr/lib/x86_64-linux-gnu/libssl.so.3
7ada38fb4000-7ada38fb5000 r--p 00000000 fc:00 35397484                   /home/henriqueramos_qs/meta-learning-concept-drift/.venv/lib/python3.12/site-packages/scipy/optimize/_lsap.cpython-312-x86_64-linux-gnu.so
7ada38fb5000-7ada38fb7000 r-xp 00001000 fc:00 35397484                   /home/henriqueramos_qs/meta-learning-concept-drift/.venv/lib/python3.12/site-packages/scipy/optimize/_lsap.cpython-312-x86_64-linux-gnu.so
7ada38fb7000-7ada38fb9000 r--p 00003000 fc:00 35397484                   /home/henriqueramos_qs/meta-learning-concept-drift/.venv/lib/python3.12/site-packages/scipy/optimize/_lsap.cpython-312-x86_64-linux-gnu.so
7ada38fb9000-7ada38fba000 r--p 00004000 fc:00 35397484                   /home/henriqueramos_qs/meta-learning-concept-drift/.venv/lib/python3.12/site-packages/scipy/optimize/_lsap.cpython-312-x86_64-linux-gnu.so
7ada38fba000-7ada38fbb000 rw-p 00005000 fc:00 35397484                   /home/henriqueramos_qs/meta-learning-concept-drift/.venv/lib/python3.12/site-packages/scipy/optimize/_lsap.cpython-312-x86_64-linux-gnu.so
7ada38fbb000-7ada38fbe000 r--p 00000000 fc:00 35397921                   /home/henriqueramos_qs/meta-learning-concept-drift/.venv/lib/python3.12/site-packages/scipy/special/_comb.cpython-312-x86_64-linux-gnu.so
7ada38fbe000-7ada38fc4000 r-xp 00003000 fc:00 35397921                   /home/henriqueramos_qs/meta-learning-concept-drift/.venv/lib/python3.12/site-packages/scipy/special/_comb.cpython-312-x86_64-linux-gnu.so
7ada38fc4000-7ada38fc6000 r--p 00009000 fc:00 35397921                   /home/henriqueramos_qs/meta-learning-concept-drift/.venv/lib/python3.12/site-packages/scipy/special/_comb.cpython-312-x86_64-linux-gnu.so
7ada38fc6000-7ada38fc7000 r--p 0000a000 fc:00 35397921                   /home/henriqueramos_qs/meta-learning-concept-drift/.venv/lib/python3.12/site-packages/scipy/special/_comb.cpython-312-x86_64-linux-gnu.so
7ada38fc7000-7ada38fc8000 rw-p 0000b000 fc:00 35397921                   /home/henriqueramos_qs/meta-learning-concept-drift/.venv/lib/python3.12/site-packages/scipy/special/_comb.cpython-312-x86_64-linux-gnu.so
7ada38fc8000-7ada38fdb000 r--p 00000000 08:05 8396169                    /usr/lib/python3.12/lib-dynload/_ssl.cpython-312-x86_64-linux-gnu.so
7ada38fdb000-7ada38fe8000 r-xp 00013000 08:05 8396169                    /usr/lib/python3.12/lib-dynload/_ssl.cpython-312-x86_64-linux-gnu.so
7ada38fe8000-7ada38ff6000 r--p 00020000 08:05 8396169                    /usr/lib/python3.12/lib-dynload/_ssl.cpython-312-x86_64-linux-gnu.so
7ada38ff6000-7ada38ff7000 r--p 0002d000 08:05 8396169                    /usr/lib/python3.12/lib-dynload/_ssl.cpython-312-x86_64-linux-gnu.so
7ada38ff7000-7ada39000000 rw-p 0002e000 08:05 8396169                    /usr/lib/python3.12/lib-dynload/_ssl.cpython-312-x86_64-linux-gnu.so
7ada39000000-7ada39200000 rw-p 00000000 00:00 0 
7ada39200000-7ada39203000 r--p 00000000 fc:00 35397701                   /home/henriqueramos_qs/meta-learning-concept-drift/.venv/lib/python3.12/site-packages/scipy/sparse/_sparsetools.cpython-312-x86_64-linux-gnu.so
7ada39203000-7ada39587000 r-xp 00003000 fc:00 35397701                   /home/henriqueramos_qs/meta-learning-concept-drift/.venv/lib/python3.12/site-packages/scipy/sparse/_sparsetools.cpython-312-x86_64-linux-gnu.so
7ada39587000-7ada395d1000 r--p 00387000 fc:00 35397701                   /home/henriqueramos_qs/meta-learning-concept-drift/.venv/lib/python3.12/site-packages/scipy/sparse/_sparsetools.cpython-312-x86_64-linux-gnu.so
7ada395d1000-7ada395d2000 r--p 003d0000 fc:00 35397701                   /home/henriqueramos_qs/meta-learning-concept-drift/.venv/lib/python3.12/site-packages/scipy/sparse/_sparsetools.cpython-312-x86_64-linux-gnu.so
7ada395d2000-7ada395d3000 rw-p 003d1000 fc:00 35397701                   /home/henriqueramos_qs/meta-learning-concept-drift/.venv/lib/python3.12/site-packages/scipy/sparse/_sparsetools.cpython-312-x86_64-linux-gnu.so
7ada395d6000-7ada395db000 r--p 00000000 fc:00 35396668                   /home/henriqueramos_qs/meta-learning-concept-drift/.venv/lib/python3.12/site-packages/scipy/_cyutility.cpython-312-x86_64-linux-gnu.so
7ada395db000-7ada395f7000 r-xp 00005000 fc:00 35396668                   /home/henriqueramos_qs/meta-learning-concept-drift/.venv/lib/python3.12/site-packages/scipy/_cyutility.cpython-312-x86_64-linux-gnu.so
7ada395f7000-7ada395fd000 r--p 00021000 fc:00 35396668                   /home/henriqueramos_qs/meta-learning-concept-drift/.venv/lib/python3.12/site-packages/scipy/_cyutility.cpython-312-x86_64-linux-gnu.so
7ada395fd000-7ada395fe000 ---p 00027000 fc:00 35396668                   /home/henriqueramos_qs/meta-learning-concept-drift/.venv/lib/python3.12/site-packages/scipy/_cyutility.cpython-312-x86_64-linux-gnu.so
7ada395fe000-7ada395ff000 r--p 00027000 fc:00 35396668                   /home/henriqueramos_qs/meta-learning-concept-drift/.venv/lib/python3.12/site-packages/scipy/_cyutility.cpython-312-x86_64-linux-gnu.so
7ada395ff000-7ada39601000 rw-p 00028000 fc:00 35396668                   /home/henriqueramos_qs/meta-learning-concept-drift/.venv/lib/python3.12/site-packages/scipy/_cyutility.cpython-312-x86_64-linux-gnu.so
7ada39601000-7ada39607000 r--p 00000000 fc:00 35397691                   /home/henriqueramos_qs/meta-learning-concept-drift/.venv/lib/python3.12/site-packages/scipy/sparse/_csparsetools.cpython-312-x86_64-linux-gnu.so
7ada39607000-7ada39672000 r-xp 00006000 fc:00 35397691                   /home/henriqueramos_qs/meta-learning-concept-drift/.venv/lib/python3.12/site-packages/scipy/sparse/_csparsetools.cpython-312-x86_64-linux-gnu.so
7ada39672000-7ada3967d000 r--p 00071000 fc:00 35397691                   /home/henriqueramos_qs/meta-learning-concept-drift/.venv/lib/python3.12/site-packages/scipy/sparse/_csparsetools.cpython-312-x86_64-linux-gnu.so
7ada3967d000-7ada3967f000 r--p 0007b000 fc:00 35397691                   /home/henriqueramos_qs/meta-learning-concept-drift/.venv/lib/python3.12/site-packages/scipy/sparse/_csparsetools.cpython-312-x86_64-linux-gnu.so
7ada3967f000-7ada39681000 rw-p 0007d000 fc:00 35397691                   /home/henriqueramos_qs/meta-learning-concept-drift/.venv/lib/python3.12/site-packages/scipy/sparse/_csparsetools.cpython-312-x86_64-linux-gnu.so
7ada39681000-7ada39782000 rw-p 00000000 00:00 0 
7ada39782000-7ada39784000 r--p 00000000 fc:00 35392423                   /home/henriqueramos_qs/meta-learning-concept-drift/.venv/lib/python3.12/site-packages/numpy/fft/_pocketfft_umath.cpython-312-x86_64-linux-gnu.so
7ada39784000-7ada397f8000 r-xp 00002000 fc:00 35392423                   /home/henriqueramos_qs/meta-learning-concept-drift/.venv/lib/python3.12/site-packages/numpy/fft/_pocketfft_umath.cpython-312-x86_64-linux-gnu.so
7ada397f8000-7ada397fe000 r--p 00076000 fc:00 35392423                   /home/henriqueramos_qs/meta-learning-concept-drift/.venv/lib/python3.12/site-packages/numpy/fft/_pocketfft_umath.cpython-312-x86_64-linux-gnu.so
7ada397fe000-7ada397ff000 r--p 0007b000 fc:00 35392423                   /home/henriqueramos_qs/meta-learning-concept-drift/.venv/lib/python3.12/site-packages/numpy/fft/_pocketfft_umath.cpython-312-x86_64-linux-gnu.so
7ada397ff000-7ada39800000 rw-p 0007c000 fc:00 35392423                   /home/henriqueramos_qs/meta-learning-concept-drift/.venv/lib/python3.12/site-packages/numpy/fft/_pocketfft_umath.cpython-312-x86_64-linux-gnu.so
7ada39800000-7ada39e00000 rw-p 00000000 00:00 0 
7ada39e00000-7ada39e0b000 r--p 00000000 fc:00 35393363                   /home/henriqueramos_qs/meta-learning-concept-drift/.venv/lib/python3.12/site-packages/pandas/_libs/groupby.cpython-312-x86_64-linux-gnu.so
7ada39e0b000-7ada3a066000 r-xp 0000b000 fc:00 35393363                   /home/henriqueramos_qs/meta-learning-concept-drift/.venv/lib/python3.12/site-packages/pandas/_libs/groupby.cpython-312-x86_64-linux-gnu.so
7ada3a066000-7ada3a08b000 r--p 00266000 fc:00 35393363                   /home/henriqueramos_qs/meta-learning-concept-drift/.venv/lib/python3.12/site-packages/pandas/_libs/groupby.cpython-312-x86_64-linux-gnu.so
7ada3a08b000-7ada3a08c000 ---p 0028b000 fc:00 35393363                   /home/henriqueramos_qs/meta-learning-concept-drift/.venv/lib/python3.12/site-packages/pandas/_libs/groupby.cpython-312-x86_64-linux-gnu.so
7ada3a08c000-7ada3a08f000 r--p 0028b000 fc:00 35393363                   /home/henriqueramos_qs/meta-learning-concept-drift/.venv/lib/python3.12/site-packages/pandas/_libs/groupby.cpython-312-x86_64-linux-gnu.so
7ada3a08f000-7ada3a095000 rw-p 0028e000 fc:00 35393363                   /home/henriqueramos_qs/meta-learning-concept-drift/.venv/lib/python3.12/site-packages/pandas/_libs/groupby.cpython-312-x86_64-linux-gnu.so
7ada3a095000-7ada3a098000 rw-p 00000000 00:00 0 
7ada3a098000-7ada3a09c000 r--p 00000000 08:05 8394154                    /usr/lib/python3.12/lib-dynload/_asyncio.cpython-312-x86_64-linux-gnu.so
7ada3a09c000-7ada3a0a5000 r-xp 00004000 08:05 8394154                    /usr/lib/python3.12/lib-dynload/_asyncio.cpython-312-x86_64-linux-gnu.so
7ada3a0a5000-7ada3a0aa000 r--p 0000d000 08:05 8394154                    /usr/lib/python3.12/lib-dynload/_asyncio.cpython-312-x86_64-linux-gnu.so
7ada3a0aa000-7ada3a0ab000 r--p 00011000 08:05 8394154                    /usr/lib/python3.12/lib-dynload/_asyncio.cpython-312-x86_64-linux-gnu.so
7ada3a0ab000-7ada3a0ad000 rw-p 00012000 08:05 8394154                    /usr/lib/python3.12/lib-dynload/_asyncio.cpython-312-x86_64-linux-gnu.so
7ada3a0ad000-7ada3a0af000 r--p 00000000 fc:00 34896621                   /home/henriqueramos_qs/meta-learning-concept-drift/.venv/lib/python3.12/site-packages/psutil/_psutil_posix.abi3.so
7ada3a0af000-7ada3a0b1000 r-xp 00002000 fc:00 34896621                   /home/henriqueramos_qs/meta-learning-concept-drift/.venv/lib/python3.12/site-packages/psutil/_psutil_posix.abi3.so
7ada3a0b1000-7ada3a0b2000 r--p 00004000 fc:00 34896621                   /home/henriqueramos_qs/meta-learning-concept-drift/.venv/lib/python3.12/site-packages/psutil/_psutil_posix.abi3.so
7ada3a0b2000-7ada3a0b3000 r--p 00004000 fc:00 34896621                   /home/henriqueramos_qs/meta-learning-concept-drift/.venv/lib/python3.12/site-packages/psutil/_psutil_posix.abi3.so
7ada3a0b3000-7ada3a0b4000 rw-p 00005000 fc:00 34896621                   /home/henriqueramos_qs/meta-learning-concept-drift/.venv/lib/python3.12/site-packages/psutil/_psutil_posix.abi3.so
7ada3a0b4000-7ada3a0b6000 r--p 00000000 fc:00 34896620                   /home/henriqueramos_qs/meta-learning-concept-drift/.venv/lib/python3.12/site-packages/psutil/_psutil_linux.abi3.so
7ada3a0b6000-7ada3a0b9000 r-xp 00002000 fc:00 34896620                   /home/henriqueramos_qs/meta-learning-concept-drift/.venv/lib/python3.12/site-packages/psutil/_psutil_linux.abi3.so
7ada3a0b9000-7ada3a0ba000 r--p 00005000 fc:00 34896620                   /home/henriqueramos_qs/meta-learning-concept-drift/.venv/lib/python3.12/site-packages/psutil/_psutil_linux.abi3.so
7ada3a0ba000-7ada3a0bb000 r--p 00005000 fc:00 34896620                   /home/henriqueramos_qs/meta-learning-concept-drift/.venv/lib/python3.12/site-packages/psutil/_psutil_linux.abi3.so
7ada3a0bb000-7ada3a0bc000 rw-p 00006000 fc:00 34896620                   /home/henriqueramos_qs/meta-learning-concept-drift/.venv/lib/python3.12/site-packages/psutil/_psutil_linux.abi3.so
7ada3a0bc000-7ada3a0c6000 r--p 00000000 fc:00 35393391                   /home/henriqueramos_qs/meta-learning-concept-drift/.venv/lib/python3.12/site-packages/pandas/_libs/parsers.cpython-312-x86_64-linux-gnu.so
7ada3a0c6000-7ada3a12d000 r-xp 0000a000 fc:00 35393391                   /home/henriqueramos_qs/meta-learning-concept-drift/.venv/lib/python3.12/site-packages/pandas/_libs/parsers.cpython-312-x86_64-linux-gnu.so
7ada3a12d000-7ada3a13b000 r--p 00071000 fc:00 35393391                   /home/henriqueramos_qs/meta-learning-concept-drift/.venv/lib/python3.12/site-packages/pandas/_libs/parsers.cpython-312-x86_64-linux-gnu.so
7ada3a13b000-7ada3a13c000 ---p 0007f000 fc:00 35393391                   /home/henriqueramos_qs/meta-learning-concept-drift/.venv/lib/python3.12/site-packages/pandas/_libs/parsers.cpython-312-x86_64-linux-gnu.so
7ada3a13c000-7ada3a13e000 r--p 0007f000 fc:00 35393391                   /home/henriqueramos_qs/meta-learning-concept-drift/.venv/lib/python3.12/site-packages/pandas/_libs/parsers.cpython-312-x86_64-linux-gnu.so
7ada3a13e000-7ada3a141000 rw-p 00081000 fc:00 35393391                   /home/henriqueramos_qs/meta-learning-concept-drift/.venv/lib/python3.12/site-packages/pandas/_libs/parsers.cpython-312-x86_64-linux-gnu.so
7ada3a141000-7ada3a243000 rw-p 00000000 00:00 0 
7ada3a243000-7ada3a24a000 r--p 00000000 fc:00 35393395                   /home/henriqueramos_qs/meta-learning-concept-drift/.venv/lib/python3.12/site-packages/pandas/_libs/reshape.cpython-312-x86_64-linux-gnu.so
7ada3a24a000-7ada3a285000 r-xp 00007000 fc:00 35393395                   /home/henriqueramos_qs/meta-learning-concept-drift/.venv/lib/python3.12/site-packages/pandas/_libs/reshape.cpython-312-x86_64-linux-gnu.so
7ada3a285000-7ada3a28e000 r--p 00042000 fc:00 35393395                   /home/henriqueramos_qs/meta-learning-concept-drift/.venv/lib/python3.12/site-packages/pandas/_libs/reshape.cpython-312-x86_64-linux-gnu.so
7ada3a28e000-7ada3a290000 r--p 0004a000 fc:00 35393395                   /home/henriqueramos_qs/meta-learning-concept-drift/.venv/lib/python3.12/site-packages/pandas/_libs/reshape.cpython-312-x86_64-linux-gnu.so
7ada3a290000-7ada3a292000 rw-p 0004c000 fc:00 35393395                   /home/henriqueramos_qs/meta-learning-concept-drift/.venv/lib/python3.12/site-packages/pandas/_libs/reshape.cpython-312-x86_64-linux-gnu.so
7ada3a292000-7ada3a393000 rw-p 00000000 00:00 0 
7ada3a393000-7ada3a39a000 r--p 00000000 fc:00 35393442                   /home/henriqueramos_qs/meta-learning-concept-drift/.venv/lib/python3.12/site-packages/pandas/_libs/window/aggregations.cpython-312-x86_64-linux-gnu.so
7ada3a39a000-7ada3a3e1000 r-xp 00007000 fc:00 35393442                   /home/henriqueramos_qs/meta-learning-concept-drift/.venv/lib/python3.12/site-packages/pandas/_libs/window/aggregations.cpython-312-x86_64-linux-gnu.so
7ada3a3e1000-7ada3a3ed000 r--p 0004e000 fc:00 35393442                   /home/henriqueramos_qs/meta-learning-concept-drift/.venv/lib/python3.12/site-packages/pandas/_libs/window/aggregations.cpython-312-x86_64-linux-gnu.so
7ada3a3ed000-7ada3a3ef000 r--p 00059000 fc:00 35393442                   /home/henriqueramos_qs/meta-learning-concept-drift/.venv/lib/python3.12/site-packages/pandas/_libs/window/aggregations.cpython-312-x86_64-linux-gnu.so
7ada3a3ef000-7ada3a3f1000 rw-p 0005b000 fc:00 35393442                   /home/henriqueramos_qs/meta-learning-concept-drift/.venv/lib/python3.12/site-packages/pandas/_libs/window/aggregations.cpython-312-x86_64-linux-gnu.so
7ada3a3f1000-7ada3a5f2000 rw-p 00000000 00:00 0 
7ada3a5f2000-7ada3a5fa000 r--p 00000000 fc:00 35393377                   /home/henriqueramos_qs/meta-learning-concept-drift/.venv/lib/python3.12/site-packages/pandas/_libs/join.cpython-312-x86_64-linux-gnu.so
7ada3a5fa000-7ada3a722000 r-xp 00008000 fc:00 35393377                   /home/henriqueramos_qs/meta-learning-concept-drift/.venv/lib/python3.12/site-packages/pandas/_libs/join.cpython-312-x86_64-linux-gnu.so
7ada3a722000-7ada3a732000 r--p 00130000 fc:00 35393377                   /home/henriqueramos_qs/meta-learning-concept-drift/.venv/lib/python3.12/site-packages/pandas/_libs/join.cpython-312-x86_64-linux-gnu.so
7ada3a732000-7ada3a733000 ---p 00140000 fc:00 35393377                   /home/henriqueramos_qs/meta-learning-concept-drift/.venv/lib/python3.12/site-packages/pandas/_libs/join.cpython-312-x86_64-linux-gnu.so
7ada3a733000-7ada3a735000 r--p 00140000 fc:00 35393377                   /home/henriqueramos_qs/meta-learning-concept-drift/.venv/lib/python3.12/site-packages/pandas/_libs/join.cpython-312-x86_64-linux-gnu.so
7ada3a735000-7ada3a738000 rw-p 00142000 fc:00 35393377                   /home/henriqueramos_qs/meta-learning-concept-drift/.venv/lib/python3.12/site-packages/pandas/_libs/join.cpython-312-x86_64-linux-gnu.so
7ada3a738000-7ada3a739000 rw-p 00000000 00:00 0 
7ada3a739000-7ada3a73f000 r--p 00000000 fc:00 35393405                   /home/henriqueramos_qs/meta-learning-concept-drift/.venv/lib/python3.12/site-packages/pandas/_libs/writers.cpython-312-x86_64-linux-gnu.so
7ada3a73f000-7ada3a767000 r-xp 00006000 fc:00 35393405                   /home/henriqueramos_qs/meta-learning-concept-drift/.venv/lib/python3.12/site-packages/pandas/_libs/writers.cpython-312-x86_64-linux-gnu.so
7ada3a767000-7ada3a770000 r--p 0002e000 fc:00 35393405                   /home/henriqueramos_qs/meta-learning-concept-drift/.venv/lib/python3.12/site-packages/pandas/_libs/writers.cpython-312-x86_64-linux-gnu.so
7ada3a770000-7ada3a772000 r--p 00036000 fc:00 35393405                   /home/henriqueramos_qs/meta-learning-concept-drift/.venv/lib/python3.12/site-packages/pandas/_libs/writers.cpython-312-x86_64-linux-gnu.so
7ada3a772000-7ada3a774000 rw-p 00038000 fc:00 35393405                   /home/henriqueramos_qs/meta-learning-concept-drift/.venv/lib/python3.12/site-packages/pandas/_libs/writers.cpython-312-x86_64-linux-gnu.so
7ada3a774000-7ada3a775000 rw-p 00000000 00:00 0 
7ada3a775000-7ada3a782000 r--p 00000000 fc:00 35393369                   /home/henriqueramos_qs/meta-learning-concept-drift/.venv/lib/python3.12/site-packages/pandas/_libs/index.cpython-312-x86_64-linux-gnu.so
7ada3a782000-7ada3a81e000 r-xp 0000d000 fc:00 35393369                   /home/henriqueramos_qs/meta-learning-concept-drift/.venv/lib/python3.12/site-packages/pandas/_libs/index.cpython-312-x86_64-linux-gnu.so
7ada3a81e000-7ada3a837000 r--p 000a9000 fc:00 35393369                   /home/henriqueramos_qs/meta-learning-concept-drift/.venv/lib/python3.12/site-packages/pandas/_libs/index.cpython-312-x86_64-linux-gnu.so
7ada3a837000-7ada3a83a000 r--p 000c1000 fc:00 35393369                   /home/henriqueramos_qs/meta-learning-concept-drift/.venv/lib/python3.12/site-packages/pandas/_libs/index.cpython-312-x86_64-linux-gnu.so
7ada3a83a000-7ada3a842000 rw-p 000c4000 fc:00 35393369                   /home/henriqueramos_qs/meta-learning-concept-drift/.venv/lib/python3.12/site-packages/pandas/_libs/index.cpython-312-x86_64-linux-gnu.so
7ada3a842000-7ada3a945000 rw-p 00000000 00:00 0 
7ada3a945000-7ada3a94d000 r--p 00000000 fc:00 35393373                   /home/henriqueramos_qs/meta-learning-concept-drift/.venv/lib/python3.12/site-packages/pandas/_libs/internals.cpython-312-x86_64-linux-gnu.so
7ada3a94d000-7ada3a992000 r-xp 00008000 fc:00 35393373                   /home/henriqueramos_qs/meta-learning-concept-drift/.venv/lib/python3.12/site-packages/pandas/_libs/internals.cpython-312-x86_64-linux-gnu.so
7ada3a992000-7ada3a99f000 r--p 0004d000 fc:00 35393373                   /home/henriqueramos_qs/meta-learning-concept-drift/.venv/lib/python3.12/site-packages/pandas/_libs/internals.cpython-312-x86_64-linux-gnu.so
7ada3a99f000-7ada3a9a1000 r--p 00059000 fc:00 35393373                   /home/henriqueramos_qs/meta-learning-concept-drift/.venv/lib/python3.12/site-packages/pandas/_libs/internals.cpython-312-x86_64-linux-gnu.so
7ada3a9a1000-7ada3a9a4000 rw-p 0005b000 fc:00 35393373                   /home/henriqueramos_qs/meta-learning-concept-drift/.venv/lib/python3.12/site-packages/pandas/_libs/internals.cpython-312-x86_64-linux-gnu.so
7ada3a9a4000-7ada3aaa6000 rw-p 00000000 00:00 0 
7ada3aaa6000-7ada3aaae000 r--p 00000000 fc:00 35393399                   /home/henriqueramos_qs/meta-learning-concept-drift/.venv/lib/python3.12/site-packages/pandas/_libs/sparse.cpython-312-x86_64-linux-gnu.so
7ada3aaae000-7ada3ab63000 r-xp 00008000 fc:00 35393399                   /home/henriqueramos_qs/meta-learning-concept-drift/.venv/lib/python3.12/site-packages/pandas/_libs/sparse.cpython-312-x86_64-linux-gnu.so
7ada3ab63000-7ada3ab72000 r--p 000bd000 fc:00 35393399                   /home/henriqueramos_qs/meta-learning-concept-drift/.venv/lib/python3.12/site-packages/pandas/_libs/sparse.cpython-312-x86_64-linux-gnu.so
7ada3ab72000-7ada3ab74000 r--p 000cb000 fc:00 35393399                   /home/henriqueramos_qs/meta-learning-concept-drift/.venv/lib/python3.12/site-packages/pandas/_libs/sparse.cpython-312-x86_64-linux-gnu.so
7ada3ab74000-7ada3ab77000 rw-p 000cd000 fc:00 35393399                   /home/henriqueramos_qs/meta-learning-concept-drift/.venv/lib/python3.12/site-packages/pandas/_libs/sparse.cpython-312-x86_64-linux-gnu.so
7ada3ab77000-7ada3ab78000 rw-p 00000000 00:00 0 
7ada3ab78000-7ada3ab7f000 r--p 00000000 fc:00 35393403                   /home/henriqueramos_qs/meta-learning-concept-drift/.venv/lib/python3.12/site-packages/pandas/_libs/tslib.cpython-312-x86_64-linux-gnu.so
7ada3ab7f000-7ada3abb7000 r-xp 00007000 fc:00 35393403                   /home/henriqueramos_qs/meta-learning-concept-drift/.venv/lib/python3.12/site-packages/pandas/_libs/tslib.cpython-312-x86_64-linux-gnu.so
7ada3abb7000-7ada3abc2000 r--p 0003f000 fc:00 35393403                   /home/henriqueramos_qs/meta-learning-concept-drift/.venv/lib/python3.12/site-packages/pandas/_libs/tslib.cpython-312-x86_64-linux-gnu.so
7ada3abc2000-7ada3abc4000 r--p 00049000 fc:00 35393403                   /home/henriqueramos_qs/meta-learning-concept-drift/.venv/lib/python3.12/site-packages/pandas/_libs/tslib.cpython-312-x86_64-linux-gnu.so
7ada3abc4000-7ada3abc6000 rw-p 0004b000 fc:00 35393403                   /home/henriqueramos_qs/meta-learning-concept-drift/.venv/lib/python3.12/site-packages/pandas/_libs/tslib.cpython-312-x86_64-linux-gnu.so
7ada3abc6000-7ada3acc7000 rw-p 00000000 00:00 0 
7ada3acc8000-7ada3acc9000 r--p 00000000 fc:00 35397510                   /home/henriqueramos_qs/meta-learning-concept-drift/.venv/lib/python3.12/site-packages/scipy/optimize/_zeros.cpython-312-x86_64-linux-gnu.so
7ada3acc9000-7ada3accb000 r-xp 00001000 fc:00 35397510                   /home/henriqueramos_qs/meta-learning-concept-drift/.venv/lib/python3.12/site-packages/scipy/optimize/_zeros.cpython-312-x86_64-linux-gnu.so
7ada3accb000-7ada3accc000 r--p 00003000 fc:00 35397510                   /home/henriqueramos_qs/meta-learning-concept-drift/.venv/lib/python3.12/site-packages/scipy/optimize/_zeros.cpython-312-x86_64-linux-gnu.so
7ada3accc000-7ada3accd000 r--p 00003000 fc:00 35397510                   /home/henriqueramos_qs/meta-learning-concept-drift/.venv/lib/python3.12/site-packages/scipy/optimize/_zeros.cpython-312-x86_64-linux-gnu.so
7ada3accd000-7ada3acce000 rw-p 00004000 fc:00 35397510                   /home/henriqueramos_qs/meta-learning-concept-drift/.venv/lib/python3.12/site-packages/scipy/optimize/_zeros.cpython-312-x86_64-linux-gnu.so
7ada3acce000-7ada3acd2000 r--p 00000000 fc:00 35396697                   /home/henriqueramos_qs/meta-learning-concept-drift/.venv/lib/python3.12/site-packages/scipy/_lib/messagestream.cpython-312-x86_64-linux-gnu.so
7ada3acd2000-7ada3acdb000 r-xp 00004000 fc:00 35396697                   /home/henriqueramos_qs/meta-learning-concept-drift/.venv/lib/python3.12/site-packages/scipy/_lib/messagestream.cpython-312-x86_64-linux-gnu.so
7ada3acdb000-7ada3acde000 r--p 0000d000 fc:00 35396697                   /home/henriqueramos_qs/meta-learning-concept-drift/.venv/lib/python3.12/site-packages/scipy/_lib/messagestream.cpython-312-x86_64-linux-gnu.so
7ada3acde000-7ada3acdf000 r--p 0000f000 fc:00 35396697                   /home/henriqueramos_qs/meta-learning-concept-drift/.venv/lib/python3.12/site-packages/scipy/_lib/messagestream.cpython-312-x86_64-linux-gnu.so
7ada3acdf000-7ada3ace0000 rw-p 00010000 fc:00 35396697                   /home/henriqueramos_qs/meta-learning-concept-drift/.venv/lib/python3.12/site-packages/scipy/_lib/messagestream.cpython-312-x86_64-linux-gnu.so
7ada3ace0000-7ada3acfd000 r--p 00000000 fc:00 35397806                   /home/henriqueramos_qs/meta-learning-concept-drift/.venv/lib/python3.12/site-packages/scipy/sparse/linalg/_propack/_dpropack.cpython-312-x86_64-linux-gnu.so
7ada3acfd000-7ada3ad18000 r-xp 0001d000 fc:00 35397806                   /home/henriqueramos_qs/meta-learning-concept-drift/.venv/lib/python3.12/site-packages/scipy/sparse/linalg/_propack/_dpropack.cpython-312-x86_64-linux-gnu.so
7ada3ad18000-7ada3ad28000 r--p 00038000 fc:00 35397806                   /home/henriqueramos_qs/meta-learning-concept-drift/.venv/lib/python3.12/site-packages/scipy/sparse/linalg/_propack/_dpropack.cpython-312-x86_64-linux-gnu.so
7ada3ad28000-7ada3ad29000 r--p 00047000 fc:00 35397806                   /home/henriqueramos_qs/meta-learning-concept-drift/.venv/lib/python3.12/site-packages/scipy/sparse/linalg/_propack/_dpropack.cpython-312-x86_64-linux-gnu.so
7ada3ad29000-7ada3ad31000 rw-p 00048000 fc:00 35397806                   /home/henriqueramos_qs/meta-learning-concept-drift/.venv/lib/python3.12/site-packages/scipy/sparse/linalg/_propack/_dpropack.cpython-312-x86_64-linux-gnu.so
7ada3ad31000-7ada3ad49000 rw-p 0006b000 fc:00 35397806                   /home/henriqueramos_qs/meta-learning-concept-drift/.venv/lib/python3.12/site-packages/scipy/sparse/linalg/_propack/_dpropack.cpython-312-x86_64-linux-gnu.so
7ada3ad49000-7ada3ad66000 r--p 00000000 fc:00 35397807                   /home/henriqueramos_qs/meta-learning-concept-drift/.venv/lib/python3.12/site-packages/scipy/sparse/linalg/_propack/_spropack.cpython-312-x86_64-linux-gnu.so
7ada3ad66000-7ada3ad81000 r-xp 0001d000 fc:00 35397807                   /home/henriqueramos_qs/meta-learning-concept-drift/.venv/lib/python3.12/site-packages/scipy/sparse/linalg/_propack/_spropack.cpython-312-x86_64-linux-gnu.so
7ada3ad81000-7ada3ad91000 r--p 00038000 fc:00 35397807                   /home/henriqueramos_qs/meta-learning-concept-drift/.venv/lib/python3.12/site-packages/scipy/sparse/linalg/_propack/_spropack.cpython-312-x86_64-linux-gnu.so
7ada3ad91000-7ada3ad92000 r--p 00047000 fc:00 35397807                   /home/henriqueramos_qs/meta-learning-concept-drift/.venv/lib/python3.12/site-packages/scipy/sparse/linalg/_propack/_spropack.cpython-312-x86_64-linux-gnu.so
7ada3ad92000-7ada3ad9a000 rw-p 00048000 fc:00 35397807                   /home/henriqueramos_qs/meta-learning-concept-drift/.venv/lib/python3.12/site-packages/scipy/sparse/linalg/_propack/_spropack.cpython-312-x86_64-linux-gnu.so
7ada3ad9a000-7ada3adb2000 rw-p 0006b000 fc:00 35397807                   /home/henriqueramos_qs/meta-learning-concept-drift/.venv/lib/python3.12/site-packages/scipy/sparse/linalg/_propack/_spropack.cpython-312-x86_64-linux-gnu.so
7ada3adb2000-7ada3aeb2000 rw-p 00000000 00:00 0 
7ada3aeb2000-7ada3aeb8000 r--p 00000000 fc:00 35393385                   /home/henriqueramos_qs/meta-learning-concept-drift/.venv/lib/python3.12/site-packages/pandas/_libs/ops.cpython-312-x86_64-linux-gnu.so
7ada3aeb8000-7ada3aee2000 r-xp 00006000 fc:00 35393385                   /home/henriqueramos_qs/meta-learning-concept-drift/.venv/lib/python3.12/site-packages/pandas/_libs/ops.cpython-312-x86_64-linux-gnu.so
7ada3aee2000-7ada3aeeb000 r--p 00030000 fc:00 35393385                   /home/henriqueramos_qs/meta-learning-concept-drift/.venv/lib/python3.12/site-packages/pandas/_libs/ops.cpython-312-x86_64-linux-gnu.so
7ada3aeeb000-7ada3aeec000 ---p 00039000 fc:00 35393385                   /home/henriqueramos_qs/meta-learning-concept-drift/.venv/lib/python3.12/site-packages/pandas/_libs/ops.cpython-312-x86_64-linux-gnu.so
7ada3aeec000-7ada3aeed000 r--p 00039000 fc:00 35393385                   /home/henriqueramos_qs/meta-learning-concept-drift/.venv/lib/python3.12/site-packages/pandas/_libs/ops.cpython-312-x86_64-linux-gnu.so
7ada3aeed000-7ada3aeef000 rw-p 0003a000 fc:00 35393385                   /home/henriqueramos_qs/meta-learning-concept-drift/.venv/lib/python3.12/site-packages/pandas/_libs/ops.cpython-312-x86_64-linux-gnu.so
7ada3aeef000-7ada3b0f0000 rw-p 00000000 00:00 0 
7ada3b0f0000-7ada3b124000 r--p 00000000 fc:00 35401576                   /home/henriqueramos_qs/meta-learning-concept-drift/.venv/lib/python3.12/site-packages/pyarrow/_compute.cpython-312-x86_64-linux-gnu.so
7ada3b124000-7ada3b1c1000 r-xp 00034000 fc:00 35401576                   /home/henriqueramos_qs/meta-learning-concept-drift/.venv/lib/python3.12/site-packages/pyarrow/_compute.cpython-312-x86_64-linux-gnu.so
7ada3b1c1000-7ada3b1f6000 r--p 000d1000 fc:00 35401576                   /home/henriqueramos_qs/meta-learning-concept-drift/.venv/lib/python3.12/site-packages/pyarrow/_compute.cpython-312-x86_64-linux-gnu.so
7ada3b1f6000-7ada3b1fc000 r--p 00105000 fc:00 35401576                   /home/henriqueramos_qs/meta-learning-concept-drift/.venv/lib/python3.12/site-packages/pyarrow/_compute.cpython-312-x86_64-linux-gnu.so
7ada3b1fc000-7ada3b209000 rw-p 0010b000 fc:00 35401576                   /home/henriqueramos_qs/meta-learning-concept-drift/.venv/lib/python3.12/site-packages/pyarrow/_compute.cpython-312-x86_64-linux-gnu.so
7ada3b209000-7ada3b30d000 rw-p 00000000 00:00 0 
7ada3b30d000-7ada3b319000 r--p 00000000 fc:00 35393381                   /home/henriqueramos_qs/meta-learning-concept-drift/.venv/lib/python3.12/site-packages/pandas/_libs/lib.cpython-312-x86_64-linux-gnu.so
7ada3b319000-7ada3b3b5000 r-xp 0000c000 fc:00 35393381                   /home/henriqueramos_qs/meta-learning-concept-drift/.venv/lib/python3.12/site-packages/pandas/_libs/lib.cpython-312-x86_64-linux-gnu.so
7ada3b3b5000-7ada3b3d0000 r--p 000a8000 fc:00 35393381                   /home/henriqueramos_qs/meta-learning-concept-drift/.venv/lib/python3.12/site-packages/pandas/_libs/lib.cpython-312-x86_64-linux-gnu.so
7ada3b3d0000-7ada3b3d1000 ---p 000c3000 fc:00 35393381                   /home/henriqueramos_qs/meta-learning-concept-drift/.venv/lib/python3.12/site-packages/pandas/_libs/lib.cpython-312-x86_64-linux-gnu.so
7ada3b3d1000-7ada3b3d4000 r--p 000c3000 fc:00 35393381                   /home/henriqueramos_qs/meta-learning-concept-drift/.venv/lib/python3.12/site-packages/pandas/_libs/lib.cpython-312-x86_64-linux-gnu.so
7ada3b3d4000-7ada3b3da000 rw-p 000c6000 fc:00 35393381                   /home/henriqueramos_qs/meta-learning-concept-drift/.venv/lib/python3.12/site-packages/pandas/_libs/lib.cpython-312-x86_64-linux-gnu.so
7ada3b3da000-7ada3b3dc000 rw-p 00000000 00:00 0 
7ada3b3dc000-7ada3b3e8000 r--p 00000000 fc:00 35393357                   /home/henriqueramos_qs/meta-learning-concept-drift/.venv/lib/python3.12/site-packages/pandas/_libs/algos.cpython-312-x86_64-linux-gnu.so
7ada3b3e8000-7ada3b596000 r-xp 0000c000 fc:00 35393357                   /home/henriqueramos_qs/meta-learning-concept-drift/.venv/lib/python3.12/site-packages/pandas/_libs/algos.cpython-312-x86_64-linux-gnu.so
7ada3b596000-7ada3b5ba000 r--p 001ba000 fc:00 35393357                   /home/henriqueramos_qs/meta-learning-concept-drift/.venv/lib/python3.12/site-packages/pandas/_libs/algos.cpython-312-x86_64-linux-gnu.so
7ada3b5ba000-7ada3b5bb000 ---p 001de000 fc:00 35393357                   /home/henriqueramos_qs/meta-learning-concept-drift/.venv/lib/python3.12/site-packages/pandas/_libs/algos.cpython-312-x86_64-linux-gnu.so
7ada3b5bb000-7ada3b5be000 r--p 001de000 fc:00 35393357                   /home/henriqueramos_qs/meta-learning-concept-drift/.venv/lib/python3.12/site-packages/pandas/_libs/algos.cpython-312-x86_64-linux-gnu.so
7ada3b5be000-7ada3b5c2000 rw-p 001e1000 fc:00 35393357                   /home/henriqueramos_qs/meta-learning-concept-drift/.venv/lib/python3.12/site-packages/pandas/_libs/algos.cpython-312-x86_64-linux-gnu.so
7ada3b5c2000-7ada3b5c5000 rw-p 00000000 00:00 0 
7ada3b5c5000-7ada3b5cb000 r--p 00000000 fc:00 35393438                   /home/henriqueramos_qs/meta-learning-concept-drift/.venv/lib/python3.12/site-packages/pandas/_libs/tslibs/vectorized.cpython-312-x86_64-linux-gnu.so
7ada3b5cb000-7ada3b5f2000 r-xp 00006000 fc:00 35393438                   /home/henriqueramos_qs/meta-learning-concept-drift/.venv/lib/python3.12/site-packages/pandas/_libs/tslibs/vectorized.cpython-312-x86_64-linux-gnu.so
7ada3b5f2000-7ada3b5fb000 r--p 0002d000 fc:00 35393438                   /home/henriqueramos_qs/meta-learning-concept-drift/.venv/lib/python3.12/site-packages/pandas/_libs/tslibs/vectorized.cpython-312-x86_64-linux-gnu.so
7ada3b5fb000-7ada3b5fc000 ---p 00036000 fc:00 35393438                   /home/henriqueramos_qs/meta-learning-concept-drift/.venv/lib/python3.12/site-packages/pandas/_libs/tslibs/vectorized.cpython-312-x86_64-linux-gnu.so
7ada3b5fc000-7ada3b5fd000 r--p 00036000 fc:00 35393438                   /home/henriqueramos_qs/meta-learning-concept-drift/.venv/lib/python3.12/site-packages/pandas/_libs/tslibs/vectorized.cpython-312-x86_64-linux-gnu.so
7ada3b5fd000-7ada3b5ff000 rw-p 00037000 fc:00 35393438                   /home/henriqueramos_qs/meta-learning-concept-drift/.venv/lib/python3.12/site-packages/pandas/_libs/tslibs/vectorized.cpython-312-x86_64-linux-gnu.so
7ada3b5ff000-7ada3b600000 rw-p 00000000 00:00 0 
7ada3b600000-7ada3b614000 r--p 00000000 fc:00 35393367                   /home/henriqueramos_qs/meta-learning-concept-drift/.venv/lib/python3.12/site-packages/pandas/_libs/hashtable.cpython-312-x86_64-linux-gnu.so
7ada3b614000-7ada3b7be000 r-xp 00014000 fc:00 35393367                   /home/henriqueramos_qs/meta-learning-concept-drift/.venv/lib/python3.12/site-packages/pandas/_libs/hashtable.cpython-312-x86_64-linux-gnu.so
7ada3b7be000-7ada3b7fb000 r--p 001be000 fc:00 35393367                   /home/henriqueramos_qs/meta-learning-concept-drift/.venv/lib/python3.12/site-packages/pandas/_libs/hashtable.cpython-312-x86_64-linux-gnu.so
7ada3b7fb000-7ada3b7fc000 ---p 001fb000 fc:00 35393367                   /home/henriqueramos_qs/meta-learning-concept-drift/.venv/lib/python3.12/site-packages/pandas/_libs/hashtable.cpython-312-x86_64-linux-gnu.so
7ada3b7fc000-7ada3b800000 r--p 001fb000 fc:00 35393367                   /home/henriqueramos_qs/meta-learning-concept-drift/.venv/lib/python3.12/site-packages/pandas/_libs/hashtable.cpython-312-x86_64-linux-gnu.so
7ada3b800000-7ada3b80d000 rw-p 001ff000 fc:00 35393367                   /home/henriqueramos_qs/meta-learning-concept-drift/.venv/lib/python3.12/site-packages/pandas/_libs/hashtable.cpython-312-x86_64-linux-gnu.so
7ada3b80d000-7ada3b813000 rw-p 00000000 00:00 0 
7ada3b816000-7ada3b81a000 r--p 00000000 fc:00 35396679                   /home/henriqueramos_qs/meta-learning-concept-drift/.venv/lib/python3.12/site-packages/scipy/_lib/_ccallback_c.cpython-312-x86_64-linux-gnu.so
7ada3b81a000-7ada3b826000 r-xp 00004000 fc:00 35396679                   /home/henriqueramos_qs/meta-learning-concept-drift/.venv/lib/python3.12/site-packages/scipy/_lib/_ccallback_c.cpython-312-x86_64-linux-gnu.so
7ada3b826000-7ada3b829000 r--p 00010000 fc:00 35396679                   /home/henriqueramos_qs/meta-learning-concept-drift/.venv/lib/python3.12/site-packages/scipy/_lib/_ccallback_c.cpython-312-x86_64-linux-gnu.so
7ada3b829000-7ada3b82a000 r--p 00012000 fc:00 35396679                   /home/henriqueramos_qs/meta-learning-concept-drift/.venv/lib/python3.12/site-packages/scipy/_lib/_ccallback_c.cpython-312-x86_64-linux-gnu.so
7ada3b82a000-7ada3b82b000 rw-p 00013000 fc:00 35396679                   /home/henriqueramos_qs/meta-learning-concept-drift/.venv/lib/python3.12/site-packages/scipy/_lib/_ccallback_c.cpython-312-x86_64-linux-gnu.so
7ada3b82b000-7ada3b834000 r--p 00000000 fc:00 35393426                   /home/henriqueramos_qs/meta-learning-concept-drift/.venv/lib/python3.12/site-packages/pandas/_libs/tslibs/period.cpython-312-x86_64-linux-gnu.so
7ada3b834000-7ada3b884000 r-xp 00009000 fc:00 35393426                   /home/henriqueramos_qs/meta-learning-concept-drift/.venv/lib/python3.12/site-packages/pandas/_libs/tslibs/period.cpython-312-x86_64-linux-gnu.so
7ada3b884000-7ada3b89e000 r--p 00059000 fc:00 35393426                   /home/henriqueramos_qs/meta-learning-concept-drift/.venv/lib/python3.12/site-packages/pandas/_libs/tslibs/period.cpython-312-x86_64-linux-gnu.so
7ada3b89e000-7ada3b8a1000 r--p 00072000 fc:00 35393426                   /home/henriqueramos_qs/meta-learning-concept-drift/.venv/lib/python3.12/site-packages/pandas/_libs/tslibs/period.cpython-312-x86_64-linux-gnu.so
7ada3b8a1000-7ada3b8a4000 rw-p 00075000 fc:00 35393426                   /home/henriqueramos_qs/meta-learning-concept-drift/.venv/lib/python3.12/site-packages/pandas/_libs/tslibs/period.cpython-312-x86_64-linux-gnu.so
7ada3b8a4000-7ada3b8a5000 rw-p 00000000 00:00 0 
7ada3b8a5000-7ada3b8ac000 r--p 00000000 fc:00 35393428                   /home/henriqueramos_qs/meta-learning-concept-drift/.venv/lib/python3.12/site-packages/pandas/_libs/tslibs/strptime.cpython-312-x86_64-linux-gnu.so
7ada3b8ac000-7ada3b8ef000 r-xp 00007000 fc:00 35393428                   /home/henriqueramos_qs/meta-learning-concept-drift/.venv/lib/python3.12/site-packages/pandas/_libs/tslibs/strptime.cpython-312-x86_64-linux-gnu.so
7ada3b8ef000-7ada3b8fa000 r--p 0004a000 fc:00 35393428                   /home/henriqueramos_qs/meta-learning-concept-drift/.venv/lib/python3.12/site-packages/pandas/_libs/tslibs/strptime.cpython-312-x86_64-linux-gnu.so
7ada3b8fa000-7ada3b8fb000 ---p 00055000 fc:00 35393428                   /home/henriqueramos_qs/meta-learning-concept-drift/.venv/lib/python3.12/site-packages/pandas/_libs/tslibs/strptime.cpython-312-x86_64-linux-gnu.so
7ada3b8fb000-7ada3b8fd000 r--p 00055000 fc:00 35393428                   /home/henriqueramos_qs/meta-learning-concept-drift/.venv/lib/python3.12/site-packages/pandas/_libs/tslibs/strptime.cpython-312-x86_64-linux-gnu.so
7ada3b8fd000-7ada3b8ff000 rw-p 00057000 fc:00 35393428                   /home/henriqueramos_qs/meta-learning-concept-drift/.venv/lib/python3.12/site-packages/pandas/_libs/tslibs/strptime.cpython-312-x86_64-linux-gnu.so
7ada3b8ff000-7ada3ba00000 rw-p 00000000 00:00 0 
7ada3ba00000-7ada3bab3000 r--p 00000000 08:05 8388997                    /usr/lib/x86_64-linux-gnu/libcrypto.so.3
7ada3bab3000-7ada3bde6000 r-xp 000b3000 08:05 8388997                    /usr/lib/x86_64-linux-gnu/libcrypto.so.3
7ada3bde6000-7ada3beb1000 r--p 003e6000 08:05 8388997                    /usr/lib/x86_64-linux-gnu/libcrypto.so.3
7ada3beb1000-7ada3bf0d000 r--p 004b0000 08:05 8388997                    /usr/lib/x86_64-linux-gnu/libcrypto.so.3
7ada3bf0d000-7ada3bf10000 rw-p 0050c000 08:05 8388997                    /usr/lib/x86_64-linux-gnu/libcrypto.so.3
7ada3bf10000-7ada3bf13000 rw-p 00000000 00:00 0 
7ada3bf13000-7ada3bf14000 r--p 00000000 08:05 8420176                    /usr/lib/x86_64-linux-gnu/libutil.so.1
7ada3bf14000-7ada3bf15000 r-xp 00001000 08:05 8420176                    /usr/lib/x86_64-linux-gnu/libutil.so.1
7ada3bf15000-7ada3bf16000 r--p 00002000 08:05 8420176                    /usr/lib/x86_64-linux-gnu/libutil.so.1
7ada3bf16000-7ada3bf17000 r--p 00002000 08:05 8420176                    /usr/lib/x86_64-linux-gnu/libutil.so.1
7ada3bf17000-7ada3bf18000 rw-p 00003000 08:05 8420176                    /usr/lib/x86_64-linux-gnu/libutil.so.1
7ada3bf18000-7ada3bf1e000 r--p 00000000 fc:00 35393444                   /home/henriqueramos_qs/meta-learning-concept-drift/.venv/lib/python3.12/site-packages/pandas/_libs/window/indexers.cpython-312-x86_64-linux-gnu.so
7ada3bf1e000-7ada3bf3f000 r-xp 00006000 fc:00 35393444                   /home/henriqueramos_qs/meta-learning-concept-drift/.venv/lib/python3.12/site-packages/pandas/_libs/window/indexers.cpython-312-x86_64-linux-gnu.so
7ada3bf3f000-7ada3bf47000 r--p 00027000 fc:00 35393444                   /home/henriqueramos_qs/meta-learning-concept-drift/.venv/lib/python3.12/site-packages/pandas/_libs/window/indexers.cpython-312-x86_64-linux-gnu.so
7ada3bf47000-7ada3bf48000 ---p 0002f000 fc:00 35393444                   /home/henriqueramos_qs/meta-learning-concept-drift/.venv/lib/python3.12/site-packages/pandas/_libs/window/indexers.cpython-312-x86_64-linux-gnu.so
7ada3bf48000-7ada3bf49000 r--p 0002f000 fc:00 35393444                   /home/henriqueramos_qs/meta-learning-concept-drift/.venv/lib/python3.12/site-packages/pandas/_libs/window/indexers.cpython-312-x86_64-linux-gnu.so
7ada3bf49000-7ada3bf4b000 rw-p 00030000 fc:00 35393444                   /home/henriqueramos_qs/meta-learning-concept-drift/.venv/lib/python3.12/site-packages/pandas/_libs/window/indexers.cpython-312-x86_64-linux-gnu.so
7ada3bf4b000-7ada3bf53000 r--p 00000000 fc:00 35393424                   /home/henriqueramos_qs/meta-learning-concept-drift/.venv/lib/python3.12/site-packages/pandas/_libs/tslibs/parsing.cpython-312-x86_64-linux-gnu.so
7ada3bf53000-7ada3bf9e000 r-xp 00008000 fc:00 35393424                   /home/henriqueramos_qs/meta-learning-concept-drift/.venv/lib/python3.12/site-packages/pandas/_libs/tslibs/parsing.cpython-312-x86_64-linux-gnu.so
7ada3bf9e000-7ada3bfac000 r--p 00053000 fc:00 35393424                   /home/henriqueramos_qs/meta-learning-concept-drift/.venv/lib/python3.12/site-packages/pandas/_libs/tslibs/parsing.cpython-312-x86_64-linux-gnu.so
7ada3bfac000-7ada3bfad000 ---p 00061000 fc:00 35393424                   /home/henriqueramos_qs/meta-learning-concept-drift/.venv/lib/python3.12/site-packages/pandas/_libs/tslibs/parsing.cpython-312-x86_64-linux-gnu.so
7ada3bfad000-7ada3bfaf000 r--p 00061000 fc:00 35393424                   /home/henriqueramos_qs/meta-learning-concept-drift/.venv/lib/python3.12/site-packages/pandas/_libs/tslibs/parsing.cpython-312-x86_64-linux-gnu.so
7ada3bfaf000-7ada3bfb2000 rw-p 00063000 fc:00 35393424                   /home/henriqueramos_qs/meta-learning-concept-drift/.venv/lib/python3.12/site-packages/pandas/_libs/tslibs/parsing.cpython-312-x86_64-linux-gnu.so
7ada3bfb2000-7ada3bfb3000 rw-p 00000000 00:00 0 
7ada3bfb3000-7ada3bfb9000 r--p 00000000 fc:00 35393436                   /home/henriqueramos_qs/meta-learning-concept-drift/.venv/lib/python3.12/site-packages/pandas/_libs/tslibs/tzconversion.cpython-312-x86_64-linux-gnu.so
7ada3bfb9000-7ada3bff1000 r-xp 00006000 fc:00 35393436                   /home/henriqueramos_qs/meta-learning-concept-drift/.venv/lib/python3.12/site-packages/pandas/_libs/tslibs/tzconversion.cpython-312-x86_64-linux-gnu.so
7ada3bff1000-7ada3bffb000 r--p 0003e000 fc:00 35393436                   /home/henriqueramos_qs/meta-learning-concept-drift/.venv/lib/python3.12/site-packages/pandas/_libs/tslibs/tzconversion.cpython-312-x86_64-linux-gnu.so
7ada3bffb000-7ada3bffd000 r--p 00047000 fc:00 35393436                   /home/henriqueramos_qs/meta-learning-concept-drift/.venv/lib/python3.12/site-packages/pandas/_libs/tslibs/tzconversion.cpython-312-x86_64-linux-gnu.so
7ada3bffd000-7ada3bfff000 rw-p 00049000 fc:00 35393436                   /home/henriqueramos_qs/meta-learning-concept-drift/.venv/lib/python3.12/site-packages/pandas/_libs/tslibs/tzconversion.cpython-312-x86_64-linux-gnu.so
7ada3bfff000-7ada3c021000 rw-p 00000000 00:00 0 
7ada3c021000-7ada40000000 ---p 00000000 00:00 0 
7ada40001000-7ada40002000 r--p 00000000 08:05 8394176                    /usr/lib/python3.12/lib-dynload/_posixshmem.cpython-312-x86_64-linux-gnu.so
7ada40002000-7ada40003000 r-xp 00001000 08:05 8394176                    /usr/lib/python3.12/lib-dynload/_posixshmem.cpython-312-x86_64-linux-gnu.so
7ada40003000-7ada40004000 r--p 00002000 08:05 8394176                    /usr/lib/python3.12/lib-dynload/_posixshmem.cpython-312-x86_64-linux-gnu.so
7ada40004000-7ada40005000 r--p 00002000 08:05 8394176                    /usr/lib/python3.12/lib-dynload/_posixshmem.cpython-312-x86_64-linux-gnu.so
7ada40005000-7ada40006000 rw-p 00003000 08:05 8394176                    /usr/lib/python3.12/lib-dynload/_posixshmem.cpython-312-x86_64-linux-gnu.so
7ada40006000-7ada40010000 r--p 00000000 fc:00 35393430                   /home/henriqueramos_qs/meta-learning-concept-drift/.venv/lib/python3.12/site-packages/pandas/_libs/tslibs/timedeltas.cpython-312-x86_64-linux-gnu.so
7ada40010000-7ada40074000 r-xp 0000a000 fc:00 35393430                   /home/henriqueramos_qs/meta-learning-concept-drift/.venv/lib/python3.12/site-packages/pandas/_libs/tslibs/timedeltas.cpython-312-x86_64-linux-gnu.so
7ada40074000-7ada4008a000 r--p 0006e000 fc:00 35393430                   /home/henriqueramos_qs/meta-learning-concept-drift/.venv/lib/python3.12/site-packages/pandas/_libs/tslibs/timedeltas.cpython-312-x86_64-linux-gnu.so
7ada4008a000-7ada4008d000 r--p 00083000 fc:00 35393430                   /home/henriqueramos_qs/meta-learning-concept-drift/.venv/lib/python3.12/site-packages/pandas/_libs/tslibs/timedeltas.cpython-312-x86_64-linux-gnu.so
7ada4008d000-7ada40090000 rw-p 00086000 fc:00 35393430                   /home/henriqueramos_qs/meta-learning-concept-drift/.venv/lib/python3.12/site-packages/pandas/_libs/tslibs/timedeltas.cpython-312-x86_64-linux-gnu.so
7ada40090000-7ada40092000 rw-p 00000000 00:00 0 
7ada40092000-7ada4009d000 r--p 00000000 fc:00 35393432                   /home/henriqueramos_qs/meta-learning-concept-drift/.venv/lib/python3.12/site-packages/pandas/_libs/tslibs/timestamps.cpython-312-x86_64-linux-gnu.so
7ada4009d000-7ada400fc000 r-xp 0000b000 fc:00 35393432                   /home/henriqueramos_qs/meta-learning-concept-drift/.venv/lib/python3.12/site-packages/pandas/_libs/tslibs/timestamps.cpython-312-x86_64-linux-gnu.so
7ada400fc000-7ada4011e000 r--p 0006a000 fc:00 35393432                   /home/henriqueramos_qs/meta-learning-concept-drift/.venv/lib/python3.12/site-packages/pandas/_libs/tslibs/timestamps.cpython-312-x86_64-linux-gnu.so
7ada4011e000-7ada4011f000 ---p 0008c000 fc:00 35393432                   /home/henriqueramos_qs/meta-learning-concept-drift/.venv/lib/python3.12/site-packages/pandas/_libs/tslibs/timestamps.cpython-312-x86_64-linux-gnu.so
7ada4011f000-7ada40122000 r--p 0008c000 fc:00 35393432                   /home/henriqueramos_qs/meta-learning-concept-drift/.venv/lib/python3.12/site-packages/pandas/_libs/tslibs/timestamps.cpython-312-x86_64-linux-gnu.so
7ada40122000-7ada40125000 rw-p 0008f000 fc:00 35393432                   /home/henriqueramos_qs/meta-learning-concept-drift/.venv/lib/python3.12/site-packages/pandas/_libs/tslibs/timestamps.cpython-312-x86_64-linux-gnu.so
7ada40125000-7ada40127000 rw-p 00000000 00:00 0 
7ada40127000-7ada40137000 r--p 00000000 fc:00 35393422                   /home/henriqueramos_qs/meta-learning-concept-drift/.venv/lib/python3.12/site-packages/pandas/_libs/tslibs/offsets.cpython-312-x86_64-linux-gnu.so
7ada40137000-7ada401e7000 r-xp 00010000 fc:00 35393422                   /home/henriqueramos_qs/meta-learning-concept-drift/.venv/lib/python3.12/site-packages/pandas/_libs/tslibs/offsets.cpython-312-x86_64-linux-gnu.so
7ada401e7000-7ada4020f000 r--p 000c0000 fc:00 35393422                   /home/henriqueramos_qs/meta-learning-concept-drift/.venv/lib/python3.12/site-packages/pandas/_libs/tslibs/offsets.cpython-312-x86_64-linux-gnu.so
7ada4020f000-7ada40210000 ---p 000e8000 fc:00 35393422                   /home/henriqueramos_qs/meta-learning-concept-drift/.venv/lib/python3.12/site-packages/pandas/_libs/tslibs/offsets.cpython-312-x86_64-linux-gnu.so
7ada40210000-7ada40214000 r--p 000e8000 fc:00 35393422                   /home/henriqueramos_qs/meta-learning-concept-drift/.venv/lib/python3.12/site-packages/pandas/_libs/tslibs/offsets.cpython-312-x86_64-linux-gnu.so
7ada40214000-7ada4021e000 rw-p 000ec000 fc:00 35393422                   /home/henriqueramos_qs/meta-learning-concept-drift/.venv/lib/python3.12/site-packages/pandas/_libs/tslibs/offsets.cpython-312-x86_64-linux-gnu.so
7ada4021e000-7ada40321000 rw-p 00000000 00:00 0 
7ada40321000-7ada4032e000 r--p 00000000 fc:00 35393375                   /home/henriqueramos_qs/meta-learning-concept-drift/.venv/lib/python3.12/site-packages/pandas/_libs/interval.cpython-312-x86_64-linux-gnu.so
7ada4032e000-7ada4043a000 r-xp 0000d000 fc:00 35393375                   /home/henriqueramos_qs/meta-learning-concept-drift/.venv/lib/python3.12/site-packages/pandas/_libs/interval.cpython-312-x86_64-linux-gnu.so
7ada4043a000-7ada4045f000 r--p 00119000 fc:00 35393375                   /home/henriqueramos_qs/meta-learning-concept-drift/.venv/lib/python3.12/site-packages/pandas/_libs/interval.cpython-312-x86_64-linux-gnu.so
7ada4045f000-7ada40461000 r--p 0013d000 fc:00 35393375                   /home/henriqueramos_qs/meta-learning-concept-drift/.venv/lib/python3.12/site-packages/pandas/_libs/interval.cpython-312-x86_64-linux-gnu.so
7ada40461000-7ada40468000 rw-p 0013f000 fc:00 35393375                   /home/henriqueramos_qs/meta-learning-concept-drift/.venv/lib/python3.12/site-packages/pandas/_libs/interval.cpython-312-x86_64-linux-gnu.so
7ada40468000-7ada4056a000 rw-p 00000000 00:00 0 
7ada4056a000-7ada40573000 r--p 00000000 fc:00 35392642                   /home/henriqueramos_qs/meta-learning-concept-drift/.venv/lib/python3.12/site-packages/numpy/random/mtrand.cpython-312-x86_64-linux-gnu.so
7ada40573000-7ada405c1000 r-xp 00009000 fc:00 35392642                   /home/henriqueramos_qs/meta-learning-concept-drift/.venv/lib/python3.12/site-packages/numpy/random/mtrand.cpython-312-x86_64-linux-gnu.so
7ada405c1000-7ada40616000 r--p 00057000 fc:00 35392642                   /home/henriqueramos_qs/meta-learning-concept-drift/.venv/lib/python3.12/site-packages/numpy/random/mtrand.cpython-312-x86_64-linux-gnu.so
7ada40616000-7ada40619000 r--p 000ab000 fc:00 35392642                   /home/henriqueramos_qs/meta-learning-concept-drift/.venv/lib/python3.12/site-packages/numpy/random/mtrand.cpython-312-x86_64-linux-gnu.so
7ada40619000-7ada4061b000 rw-p 000ae000 fc:00 35392642                   /home/henriqueramos_qs/meta-learning-concept-drift/.venv/lib/python3.12/site-packages/numpy/random/mtrand.cpython-312-x86_64-linux-gnu.so
7ada4061b000-7ada4061d000 rw-p 00000000 00:00 0 
7ada4061d000-7ada40629000 r--p 00000000 fc:00 35392626                   /home/henriqueramos_qs/meta-learning-concept-drift/.venv/lib/python3.12/site-packages/numpy/random/_generator.cpython-312-x86_64-linux-gnu.so
7ada40629000-7ada4069d000 r-xp 0000c000 fc:00 35392626                   /home/henriqueramos_qs/meta-learning-concept-drift/.venv/lib/python3.12/site-packages/numpy/random/_generator.cpython-312-x86_64-linux-gnu.so
7ada4069d000-7ada406f7000 r--p 00080000 fc:00 35392626                   /home/henriqueramos_qs/meta-learning-concept-drift/.venv/lib/python3.12/site-packages/numpy/random/_generator.cpython-312-x86_64-linux-gnu.so
7ada406f7000-7ada406fa000 r--p 000da000 fc:00 35392626                   /home/henriqueramos_qs/meta-learning-concept-drift/.venv/lib/python3.12/site-packages/numpy/random/_generator.cpython-312-x86_64-linux-gnu.so
7ada406fa000-7ada406fd000 rw-p 000dd000 fc:00 35392626                   /home/henriqueramos_qs/meta-learning-concept-drift/.venv/lib/python3.12/site-packages/numpy/random/_generator.cpython-312-x86_64-linux-gnu.so
7ada406fd000-7ada407ff000 rw-p 00000000 00:00 0 
7ada407ff000-7ada40800000 ---p 00000000 00:00 0 
7ada40800000-7ada41000000 rw-p 00000000 00:00 0 
7ada41000000-7ada41800000 rw-p 00000000 00:00 0 
7ada41800000-7ada41c22000 r--p 00000000 fc:00 35401656                   /home/henriqueramos_qs/meta-learning-concept-drift/.venv/lib/python3.12/site-packages/pyarrow/libarrow.so.2100
7ada41c22000-7ada4358b000 r-xp 00422000 fc:00 35401656                   /home/henriqueramos_qs/meta-learning-concept-drift/.venv/lib/python3.12/site-packages/pyarrow/libarrow.so.2100
7ada4358b000-7ada43c59000 r--p 01d8b000 fc:00 35401656                   /home/henriqueramos_qs/meta-learning-concept-drift/.venv/lib/python3.12/site-packages/pyarrow/libarrow.so.2100
7ada43c59000-7ada43d33000 r--p 02458000 fc:00 35401656                   /home/henriqueramos_qs/meta-learning-concept-drift/.venv/lib/python3.12/site-packages/pyarrow/libarrow.so.2100
7ada43d33000-7ada43d66000 rw-p 02532000 fc:00 35401656                   /home/henriqueramos_qs/meta-learning-concept-drift/.venv/lib/python3.12/site-packages/pyarrow/libarrow.so.2100
7ada43d66000-7ada43f92000 rw-p 00000000 00:00 0 
7ada43f92000-7ada43f96000 r--p 00000000 fc:00 35393401                   /home/henriqueramos_qs/meta-learning-concept-drift/.venv/lib/python3.12/site-packages/pandas/_libs/testing.cpython-312-x86_64-linux-gnu.so
7ada43f96000-7ada43faa000 r-xp 00004000 fc:00 35393401                   /home/henriqueramos_qs/meta-learning-concept-drift/.venv/lib/python3.12/site-packages/pandas/_libs/testing.cpython-312-x86_64-linux-gnu.so
7ada43faa000-7ada43fae000 r--p 00018000 fc:00 35393401                   /home/henriqueramos_qs/meta-learning-concept-drift/.venv/lib/python3.12/site-packages/pandas/_libs/testing.cpython-312-x86_64-linux-gnu.so
7ada43fae000-7ada43faf000 r--p 0001b000 fc:00 35393401                   /home/henriqueramos_qs/meta-learning-concept-drift/.venv/lib/python3.12/site-packages/pandas/_libs/testing.cpython-312-x86_64-linux-gnu.so
7ada43faf000-7ada43fb0000 rw-p 0001c000 fc:00 35393401                   /home/henriqueramos_qs/meta-learning-concept-drift/.venv/lib/python3.12/site-packages/pandas/_libs/testing.cpython-312-x86_64-linux-gnu.so
7ada43fb0000-7ada43fb7000 r--p 00000000 fc:00 35393416                   /home/henriqueramos_qs/meta-learning-concept-drift/.venv/lib/python3.12/site-packages/pandas/_libs/tslibs/fields.cpython-312-x86_64-linux-gnu.so
7ada43fb7000-7ada43fef000 r-xp 00007000 fc:00 35393416                   /home/henriqueramos_qs/meta-learning-concept-drift/.venv/lib/python3.12/site-packages/pandas/_libs/tslibs/fields.cpython-312-x86_64-linux-gnu.so
7ada43fef000-7ada43ffa000 r--p 0003f000 fc:00 35393416                   /home/henriqueramos_qs/meta-learning-concept-drift/.venv/lib/python3.12/site-packages/pandas/_libs/tslibs/fields.cpython-312-x86_64-linux-gnu.so
7ada43ffa000-7ada43ffb000 ---p 0004a000 fc:00 35393416                   /home/henriqueramos_qs/meta-learning-concept-drift/.venv/lib/python3.12/site-packages/pandas/_libs/tslibs/fields.cpython-312-x86_64-linux-gnu.so
7ada43ffb000-7ada43ffd000 r--p 0004a000 fc:00 35393416                   /home/henriqueramos_qs/meta-learning-concept-drift/.venv/lib/python3.12/site-packages/pandas/_libs/tslibs/fields.cpython-312-x86_64-linux-gnu.so
7ada43ffd000-7ada43fff000 rw-p 0004c000 fc:00 35393416                   /home/henriqueramos_qs/meta-learning-concept-drift/.venv/lib/python3.12/site-packages/pandas/_libs/tslibs/fields.cpython-312-x86_64-linux-gnu.so
7ada43fff000-7ada44000000 rw-p 00000000 00:00 0 
7ada44000000-7ada44110000 r--p 00000000 fc:00 35401658                   /home/henriqueramos_qs/meta-learning-concept-drift/.venv/lib/python3.12/site-packages/pyarrow/libarrow_compute.so.2100
7ada44110000-7ada44bec000 r-xp 00110000 fc:00 35401658                   /home/henriqueramos_qs/meta-learning-concept-drift/.venv/lib/python3.12/site-packages/pyarrow/libarrow_compute.so.2100
7ada44bec000-7ada44e03000 r--p 00bec000 fc:00 35401658                   /home/henriqueramos_qs/meta-learning-concept-drift/.venv/lib/python3.12/site-packages/pyarrow/libarrow_compute.so.2100
7ada44e03000-7ada44e04000 ---p 00e03000 fc:00 35401658                   /home/henriqueramos_qs/meta-learning-concept-drift/.venv/lib/python3.12/site-packages/pyarrow/libarrow_compute.so.2100
7ada44e04000-7ada44e22000 r--p 00e03000 fc:00 35401658                   /home/henriqueramos_qs/meta-learning-concept-drift/.venv/lib/python3.12/site-packages/pyarrow/libarrow_compute.so.2100
7ada44e22000-7ada44e27000 rw-p 00e21000 fc:00 35401658                   /home/henriqueramos_qs/meta-learning-concept-drift/.venv/lib/python3.12/site-packages/pyarrow/libarrow_compute.so.2100
7ada44e27000-7ada44e34000 rw-p 00000000 00:00 0 
7ada44e36000-7ada44e38000 r--p 00000000 08:05 8394194                    /usr/lib/python3.12/lib-dynload/resource.cpython-312-x86_64-linux-gnu.so
7ada44e38000-7ada44e39000 r-xp 00002000 08:05 8394194                    /usr/lib/python3.12/lib-dynload/resource.cpython-312-x86_64-linux-gnu.so
7ada44e39000-7ada44e3a000 r--p 00003000 08:05 8394194                    /usr/lib/python3.12/lib-dynload/resource.cpython-312-x86_64-linux-gnu.so
7ada44e3a000-7ada44e3b000 r--p 00003000 08:05 8394194                    /usr/lib/python3.12/lib-dynload/resource.cpython-312-x86_64-linux-gnu.so
7ada44e3b000-7ada44e3c000 rw-p 00004000 08:05 8394194                    /usr/lib/python3.12/lib-dynload/resource.cpython-312-x86_64-linux-gnu.so
7ada44e3c000-7ada44e3e000 r--p 00000000 fc:00 35393379                   /home/henriqueramos_qs/meta-learning-concept-drift/.venv/lib/python3.12/site-packages/pandas/_libs/json.cpython-312-x86_64-linux-gnu.so
7ada44e3e000-7ada44e47000 r-xp 00002000 fc:00 35393379                   /home/henriqueramos_qs/meta-learning-concept-drift/.venv/lib/python3.12/site-packages/pandas/_libs/json.cpython-312-x86_64-linux-gnu.so
7ada44e47000-7ada44e4b000 r--p 0000b000 fc:00 35393379                   /home/henriqueramos_qs/meta-learning-concept-drift/.venv/lib/python3.12/site-packages/pandas/_libs/json.cpython-312-x86_64-linux-gnu.so
7ada44e4b000-7ada44e4c000 r--p 0000e000 fc:00 35393379                   /home/henriqueramos_qs/meta-learning-concept-drift/.venv/lib/python3.12/site-packages/pandas/_libs/json.cpython-312-x86_64-linux-gnu.so
7ada44e4c000-7ada44e4d000 rw-p 0000f000 fc:00 35393379                   /home/henriqueramos_qs/meta-learning-concept-drift/.venv/lib/python3.12/site-packages/pandas/_libs/json.cpython-312-x86_64-linux-gnu.so
7ada44e4d000-7ada44e51000 r--p 00000000 fc:00 35393387                   /home/henriqueramos_qs/meta-learning-concept-drift/.venv/lib/python3.12/site-packages/pandas/_libs/ops_dispatch.cpython-312-x86_64-linux-gnu.so
7ada44e51000-7ada44e58000 r-xp 00004000 fc:00 35393387                   /home/henriqueramos_qs/meta-learning-concept-drift/.venv/lib/python3.12/site-packages/pandas/_libs/ops_dispatch.cpython-312-x86_64-linux-gnu.so
7ada44e58000-7ada44e5a000 r--p 0000b000 fc:00 35393387                   /home/henriqueramos_qs/meta-learning-concept-drift/.venv/lib/python3.12/site-packages/pandas/_libs/ops_dispatch.cpython-312-x86_64-linux-gnu.so
7ada44e5a000-7ada44e5b000 ---p 0000d000 fc:00 35393387                   /home/henriqueramos_qs/meta-learning-concept-drift/.venv/lib/python3.12/site-packages/pandas/_libs/ops_dispatch.cpython-312-x86_64-linux-gnu.so
7ada44e5b000-7ada44e5c000 r--p 0000d000 fc:00 35393387                   /home/henriqueramos_qs/meta-learning-concept-drift/.venv/lib/python3.12/site-packages/pandas/_libs/ops_dispatch.cpython-312-x86_64-linux-gnu.so
7ada44e5c000-7ada44e5d000 rw-p 0000e000 fc:00 35393387                   /home/henriqueramos_qs/meta-learning-concept-drift/.venv/lib/python3.12/site-packages/pandas/_libs/ops_dispatch.cpython-312-x86_64-linux-gnu.so
7ada44e5d000-7ada44e61000 r--p 00000000 fc:00 35393393                   /home/henriqueramos_qs/meta-learning-concept-drift/.venv/lib/python3.12/site-packages/pandas/_libs/properties.cpython-312-x86_64-linux-gnu.so
7ada44e61000-7ada44e6e000 r-xp 00004000 fc:00 35393393                   /home/henriqueramos_qs/meta-learning-concept-drift/.venv/lib/python3.12/site-packages/pandas/_libs/properties.cpython-312-x86_64-linux-gnu.so
7ada44e6e000-7ada44e71000 r--p 00011000 fc:00 35393393                   /home/henriqueramos_qs/meta-learning-concept-drift/.venv/lib/python3.12/site-packages/pandas/_libs/properties.cpython-312-x86_64-linux-gnu.so
7ada44e71000-7ada44e72000 ---p 00014000 fc:00 35393393                   /home/henriqueramos_qs/meta-learning-concept-drift/.venv/lib/python3.12/site-packages/pandas/_libs/properties.cpython-312-x86_64-linux-gnu.so
7ada44e72000-7ada44e73000 r--p 00014000 fc:00 35393393                   /home/henriqueramos_qs/meta-learning-concept-drift/.venv/lib/python3.12/site-packages/pandas/_libs/properties.cpython-312-x86_64-linux-gnu.so
7ada44e73000-7ada44e74000 rw-p 00015000 fc:00 35393393                   /home/henriqueramos_qs/meta-learning-concept-drift/.venv/lib/python3.12/site-packages/pandas/_libs/properties.cpython-312-x86_64-linux-gnu.so
7ada44e74000-7ada44e75000 rw-p 00000000 00:00 0 
7ada44e75000-7ada44e77000 r--p 00000000 08:05 8394189                    /usr/lib/python3.12/lib-dynload/_zoneinfo.cpython-312-x86_64-linux-gnu.so
7ada44e77000-7ada44e7f000 r-xp 00002000 08:05 8394189                    /usr/lib/python3.12/lib-dynload/_zoneinfo.cpython-312-x86_64-linux-gnu.so
7ada44e7f000-7ada44e81000 r--p 0000a000 08:05 8394189                    /usr/lib/python3.12/lib-dynload/_zoneinfo.cpython-312-x86_64-linux-gnu.so
7ada44e81000-7ada44e82000 r--p 0000b000 08:05 8394189                    /usr/lib/python3.12/lib-dynload/_zoneinfo.cpython-312-x86_64-linux-gnu.so
7ada44e82000-7ada44e83000 rw-p 0000c000 08:05 8394189                    /usr/lib/python3.12/lib-dynload/_zoneinfo.cpython-312-x86_64-linux-gnu.so
7ada44e83000-7ada44eda000 r--p 00000000 fc:00 35401657                   /home/henriqueramos_qs/meta-learning-concept-drift/.venv/lib/python3.12/site-packages/pyarrow/libarrow_acero.so.2100
7ada44eda000-7ada44fbe000 r-xp 00057000 fc:00 35401657                   /home/henriqueramos_qs/meta-learning-concept-drift/.venv/lib/python3.12/site-packages/pyarrow/libarrow_acero.so.2100
7ada44fbe000-7ada44ff7000 r--p 0013b000 fc:00 35401657                   /home/henriqueramos_qs/meta-learning-concept-drift/.venv/lib/python3.12/site-packages/pyarrow/libarrow_acero.so.2100
7ada44ff7000-7ada44ff8000 ---p 00174000 fc:00 35401657                   /home/henriqueramos_qs/meta-learning-concept-drift/.venv/lib/python3.12/site-packages/pyarrow/libarrow_acero.so.2100
7ada44ff8000-7ada44ffd000 r--p 00174000 fc:00 35401657                   /home/henriqueramos_qs/meta-learning-concept-drift/.venv/lib/python3.12/site-packages/pyarrow/libarrow_acero.so.2100
7ada44ffd000-7ada45000000 rw-p 00179000 fc:00 35401657                   /home/henriqueramos_qs/meta-learning-concept-drift/.venv/lib/python3.12/site-packages/pyarrow/libarrow_acero.so.2100
7ada45000000-7ada451c6000 r--p 00000000 fc:00 35401671                   /home/henriqueramos_qs/meta-learning-concept-drift/.venv/lib/python3.12/site-packages/pyarrow/libparquet.so.2100
7ada451c6000-7ada456e7000 r-xp 001c6000 fc:00 35401671                   /home/henriqueramos_qs/meta-learning-concept-drift/.venv/lib/python3.12/site-packages/pyarrow/libparquet.so.2100
7ada456e7000-7ada45856000 r--p 006e7000 fc:00 35401671                   /home/henriqueramos_qs/meta-learning-concept-drift/.venv/lib/python3.12/site-packages/pyarrow/libparquet.so.2100
7ada45856000-7ada45857000 ---p 00856000 fc:00 35401671                   /home/henriqueramos_qs/meta-learning-concept-drift/.venv/lib/python3.12/site-packages/pyarrow/libparquet.so.2100
7ada45857000-7ada458d5000 r--p 00856000 fc:00 35401671                   /home/henriqueramos_qs/meta-learning-concept-drift/.venv/lib/python3.12/site-packages/pyarrow/libparquet.so.2100
7ada458d5000-7ada458e3000 rw-p 008d4000 fc:00 35401671                   /home/henriqueramos_qs/meta-learning-concept-drift/.venv/lib/python3.12/site-packages/pyarrow/libparquet.so.2100
7ada458e3000-7ada458e7000 rw-p 00000000 00:00 0 
7ada458e8000-7ada458ea000 r--p 00000000 08:05 8394175                    /usr/lib/python3.12/lib-dynload/_multiprocessing.cpython-312-x86_64-linux-gnu.so
7ada458ea000-7ada458ec000 r-xp 00002000 08:05 8394175                    /usr/lib/python3.12/lib-dynload/_multiprocessing.cpython-312-x86_64-linux-gnu.so
7ada458ec000-7ada458ed000 r--p 00004000 08:05 8394175                    /usr/lib/python3.12/lib-dynload/_multiprocessing.cpython-312-x86_64-linux-gnu.so
7ada458ed000-7ada458ee000 r--p 00004000 08:05 8394175                    /usr/lib/python3.12/lib-dynload/_multiprocessing.cpython-312-x86_64-linux-gnu.so
7ada458ee000-7ada458ef000 rw-p 00005000 08:05 8394175                    /usr/lib/python3.12/lib-dynload/_multiprocessing.cpython-312-x86_64-linux-gnu.so
7ada458ef000-7ada458f5000 r--p 00000000 fc:00 35393434                   /home/henriqueramos_qs/meta-learning-concept-drift/.venv/lib/python3.12/site-packages/pandas/_libs/tslibs/timezones.cpython-312-x86_64-linux-gnu.so
7ada458f5000-7ada45923000 r-xp 00006000 fc:00 35393434                   /home/henriqueramos_qs/meta-learning-concept-drift/.venv/lib/python3.12/site-packages/pandas/_libs/tslibs/timezones.cpython-312-x86_64-linux-gnu.so
7ada45923000-7ada4592d000 r--p 00034000 fc:00 35393434                   /home/henriqueramos_qs/meta-learning-concept-drift/.venv/lib/python3.12/site-packages/pandas/_libs/tslibs/timezones.cpython-312-x86_64-linux-gnu.so
7ada4592d000-7ada4592f000 r--p 0003d000 fc:00 35393434                   /home/henriqueramos_qs/meta-learning-concept-drift/.venv/lib/python3.12/site-packages/pandas/_libs/tslibs/timezones.cpython-312-x86_64-linux-gnu.so
7ada4592f000-7ada45931000 rw-p 0003f000 fc:00 35393434                   /home/henriqueramos_qs/meta-learning-concept-drift/.venv/lib/python3.12/site-packages/pandas/_libs/tslibs/timezones.cpython-312-x86_64-linux-gnu.so
7ada45931000-7ada45a32000 rw-p 00000000 00:00 0 
7ada45a32000-7ada45adb000 r--p 00000000 fc:00 35401659                   /home/henriqueramos_qs/meta-learning-concept-drift/.venv/lib/python3.12/site-packages/pyarrow/libarrow_dataset.so.2100
7ada45adb000-7ada45baf000 r-xp 000a9000 fc:00 35401659                   /home/henriqueramos_qs/meta-learning-concept-drift/.venv/lib/python3.12/site-packages/pyarrow/libarrow_dataset.so.2100
7ada45baf000-7ada45bf4000 r--p 0017d000 fc:00 35401659                   /home/henriqueramos_qs/meta-learning-concept-drift/.venv/lib/python3.12/site-packages/pyarrow/libarrow_dataset.so.2100
7ada45bf4000-7ada45bf5000 ---p 001c2000 fc:00 35401659                   /home/henriqueramos_qs/meta-learning-concept-drift/.venv/lib/python3.12/site-packages/pyarrow/libarrow_dataset.so.2100
7ada45bf5000-7ada45bfd000 r--p 001c2000 fc:00 35401659                   /home/henriqueramos_qs/meta-learning-concept-drift/.venv/lib/python3.12/site-packages/pyarrow/libarrow_dataset.so.2100
7ada45bfd000-7ada45bff000 rw-p 001ca000 fc:00 35401659                   /home/henriqueramos_qs/meta-learning-concept-drift/.venv/lib/python3.12/site-packages/pyarrow/libarrow_dataset.so.2100
7ada45bff000-7ada45c00000 rw-p 00000000 00:00 0 
7ada45c00000-7ada45c74000 r--p 00000000 fc:00 35401670                   /home/henriqueramos_qs/meta-learning-concept-drift/.venv/lib/python3.12/site-packages/pyarrow/libarrow_substrait.so.2100
7ada45c74000-7ada45eb0000 r-xp 00074000 fc:00 35401670                   /home/henriqueramos_qs/meta-learning-concept-drift/.venv/lib/python3.12/site-packages/pyarrow/libarrow_substrait.so.2100
7ada45eb0000-7ada45f69000 r--p 002b0000 fc:00 35401670                   /home/henriqueramos_qs/meta-learning-concept-drift/.venv/lib/python3.12/site-packages/pyarrow/libarrow_substrait.so.2100
7ada45f69000-7ada45f6a000 ---p 00369000 fc:00 35401670                   /home/henriqueramos_qs/meta-learning-concept-drift/.venv/lib/python3.12/site-packages/pyarrow/libarrow_substrait.so.2100
7ada45f6a000-7ada45f7c000 r--p 00369000 fc:00 35401670                   /home/henriqueramos_qs/meta-learning-concept-drift/.venv/lib/python3.12/site-packages/pyarrow/libarrow_substrait.so.2100
7ada45f7c000-7ada45f81000 rw-p 0037b000 fc:00 35401670                   /home/henriqueramos_qs/meta-learning-concept-drift/.venv/lib/python3.12/site-packages/pyarrow/libarrow_substrait.so.2100
7ada45f81000-7ada45f87000 rw-p 00000000 00:00 0 
7ada45f87000-7ada45f8d000 r--p 00000000 fc:00 35393418                   /home/henriqueramos_qs/meta-learning-concept-drift/.venv/lib/python3.12/site-packages/pandas/_libs/tslibs/nattype.cpython-312-x86_64-linux-gnu.so
7ada45f8d000-7ada45fab000 r-xp 00006000 fc:00 35393418                   /home/henriqueramos_qs/meta-learning-concept-drift/.venv/lib/python3.12/site-packages/pandas/_libs/tslibs/nattype.cpython-312-x86_64-linux-gnu.so
7ada45fab000-7ada45fb8000 r--p 00024000 fc:00 35393418                   /home/henriqueramos_qs/meta-learning-concept-drift/.venv/lib/python3.12/site-packages/pandas/_libs/tslibs/nattype.cpython-312-x86_64-linux-gnu.so
7ada45fb8000-7ada45fba000 r--p 00030000 fc:00 35393418                   /home/henriqueramos_qs/meta-learning-concept-drift/.venv/lib/python3.12/site-packages/pandas/_libs/tslibs/nattype.cpython-312-x86_64-linux-gnu.so
7ada45fba000-7ada45fbc000 rw-p 00032000 fc:00 35393418                   /home/henriqueramos_qs/meta-learning-concept-drift/.venv/lib/python3.12/site-packages/pandas/_libs/tslibs/nattype.cpython-312-x86_64-linux-gnu.so
7ada45fbc000-7ada45fbd000 rw-p 00000000 00:00 0 
7ada45fbd000-7ada45fc4000 r--p 00000000 fc:00 35393412                   /home/henriqueramos_qs/meta-learning-concept-drift/.venv/lib/python3.12/site-packages/pandas/_libs/tslibs/conversion.cpython-312-x86_64-linux-gnu.so
7ada45fc4000-7ada45ff6000 r-xp 00007000 fc:00 35393412                   /home/henriqueramos_qs/meta-learning-concept-drift/.venv/lib/python3.12/site-packages/pandas/_libs/tslibs/conversion.cpython-312-x86_64-linux-gnu.so
7ada45ff6000-7ada46000000 r--p 00039000 fc:00 35393412                   /home/henriqueramos_qs/meta-learning-concept-drift/.venv/lib/python3.12/site-packages/pandas/_libs/tslibs/conversion.cpython-312-x86_64-linux-gnu.so
7ada46000000-7ada46002000 r--p 00042000 fc:00 35393412                   /home/henriqueramos_qs/meta-learning-concept-drift/.venv/lib/python3.12/site-packages/pandas/_libs/tslibs/conversion.cpython-312-x86_64-linux-gnu.so
7ada46002000-7ada46004000 rw-p 00044000 fc:00 35393412                   /home/henriqueramos_qs/meta-learning-concept-drift/.venv/lib/python3.12/site-packages/pandas/_libs/tslibs/conversion.cpython-312-x86_64-linux-gnu.so
7ada46004000-7ada46005000 rw-p 00000000 00:00 0 
7ada46005000-7ada46092000 r--p 00000000 fc:00 35401662                   /home/henriqueramos_qs/meta-learning-concept-drift/.venv/lib/python3.12/site-packages/pyarrow/libarrow_python.so.2100
7ada46092000-7ada461ad000 r-xp 0008d000 fc:00 35401662                   /home/henriqueramos_qs/meta-learning-concept-drift/.venv/lib/python3.12/site-packages/pyarrow/libarrow_python.so.2100
7ada461ad000-7ada461f1000 r--p 001a8000 fc:00 35401662                   /home/henriqueramos_qs/meta-learning-concept-drift/.venv/lib/python3.12/site-packages/pyarrow/libarrow_python.so.2100
7ada461f1000-7ada461fd000 r--p 001eb000 fc:00 35401662                   /home/henriqueramos_qs/meta-learning-concept-drift/.venv/lib/python3.12/site-packages/pyarrow/libarrow_python.so.2100
7ada461fd000-7ada46200000 rw-p 001f7000 fc:00 35401662                   /home/henriqueramos_qs/meta-learning-concept-drift/.venv/lib/python3.12/site-packages/pyarrow/libarrow_python.so.2100
7ada46200000-7ada4625e000 r--p 00000000 fc:00 35401651                   /home/henriqueramos_qs/meta-learning-concept-drift/.venv/lib/python3.12/site-packages/pyarrow/lib.cpython-312-x86_64-linux-gnu.so
7ada4625e000-7ada464ce000 r-xp 0005e000 fc:00 35401651                   /home/henriqueramos_qs/meta-learning-concept-drift/.venv/lib/python3.12/site-packages/pyarrow/lib.cpython-312-x86_64-linux-gnu.so
7ada464ce000-7ada465c2000 r--p 002ce000 fc:00 35401651                   /home/henriqueramos_qs/meta-learning-concept-drift/.venv/lib/python3.12/site-packages/pyarrow/lib.cpython-312-x86_64-linux-gnu.so
7ada465c2000-7ada465c3000 ---p 003c2000 fc:00 35401651                   /home/henriqueramos_qs/meta-learning-concept-drift/.venv/lib/python3.12/site-packages/pyarrow/lib.cpython-312-x86_64-linux-gnu.so
7ada465c3000-7ada465d1000 r--p 003c2000 fc:00 35401651                   /home/henriqueramos_qs/meta-learning-concept-drift/.venv/lib/python3.12/site-packages/pyarrow/lib.cpython-312-x86_64-linux-gnu.so
7ada465d1000-7ada465f9000 rw-p 003d0000 fc:00 35401651                   /home/henriqueramos_qs/meta-learning-concept-drift/.venv/lib/python3.12/site-packages/pyarrow/lib.cpython-312-x86_64-linux-gnu.so
7ada465f9000-7ada46604000 rw-p 00000000 00:00 0 
7ada46606000-7ada46609000 r--p 00000000 fc:00 35399520                   /home/henriqueramos_qs/meta-learning-concept-drift/.venv/lib/python3.12/site-packages/sklearn/__check_build/_check_build.cpython-312-x86_64-linux-gnu.so
7ada46609000-7ada4660c000 r-xp 00003000 fc:00 35399520                   /home/henriqueramos_qs/meta-learning-concept-drift/.venv/lib/python3.12/site-packages/sklearn/__check_build/_check_build.cpython-312-x86_64-linux-gnu.so
7ada4660c000-7ada4660e000 r--p 00006000 fc:00 35399520                   /home/henriqueramos_qs/meta-learning-concept-drift/.venv/lib/python3.12/site-packages/sklearn/__check_build/_check_build.cpython-312-x86_64-linux-gnu.so
7ada4660e000-7ada4660f000 r--p 00007000 fc:00 35399520                   /home/henriqueramos_qs/meta-learning-concept-drift/.venv/lib/python3.12/site-packages/sklearn/__check_build/_check_build.cpython-312-x86_64-linux-gnu.so
7ada4660f000-7ada46610000 rw-p 00008000 fc:00 35399520                   /home/henriqueramos_qs/meta-learning-concept-drift/.venv/lib/python3.12/site-packages/sklearn/__check_build/_check_build.cpython-312-x86_64-linux-gnu.so
7ada46610000-7ada46613000 r--p 00000000 fc:00 35393409                   /home/henriqueramos_qs/meta-learning-concept-drift/.venv/lib/python3.12/site-packages/pandas/_libs/tslibs/base.cpython-312-x86_64-linux-gnu.so
7ada46613000-7ada4661a000 r-xp 00003000 fc:00 35393409                   /home/henriqueramos_qs/meta-learning-concept-drift/.venv/lib/python3.12/site-packages/pandas/_libs/tslibs/base.cpython-312-x86_64-linux-gnu.so
7ada4661a000-7ada4661c000 r--p 0000a000 fc:00 35393409                   /home/henriqueramos_qs/meta-learning-concept-drift/.venv/lib/python3.12/site-packages/pandas/_libs/tslibs/base.cpython-312-x86_64-linux-gnu.so
7ada4661c000-7ada4661d000 ---p 0000c000 fc:00 35393409                   /home/henriqueramos_qs/meta-learning-concept-drift/.venv/lib/python3.12/site-packages/pandas/_libs/tslibs/base.cpython-312-x86_64-linux-gnu.so
7ada4661d000-7ada4661e000 r--p 0000c000 fc:00 35393409                   /home/henriqueramos_qs/meta-learning-concept-drift/.venv/lib/python3.12/site-packages/pandas/_libs/tslibs/base.cpython-312-x86_64-linux-gnu.so
7ada4661e000-7ada4661f000 rw-p 0000d000 fc:00 35393409                   /home/henriqueramos_qs/meta-learning-concept-drift/.venv/lib/python3.12/site-packages/pandas/_libs/tslibs/base.cpython-312-x86_64-linux-gnu.so
7ada4661f000-7ada46623000 r--p 00000000 fc:00 35393420                   /home/henriqueramos_qs/meta-learning-concept-drift/.venv/lib/python3.12/site-packages/pandas/_libs/tslibs/np_datetime.cpython-312-x86_64-linux-gnu.so
7ada46623000-7ada46638000 r-xp 00004000 fc:00 35393420                   /home/henriqueramos_qs/meta-learning-concept-drift/.venv/lib/python3.12/site-packages/pandas/_libs/tslibs/np_datetime.cpython-312-x86_64-linux-gnu.so
7ada46638000-7ada4663d000 r--p 00019000 fc:00 35393420                   /home/henriqueramos_qs/meta-learning-concept-drift/.venv/lib/python3.12/site-packages/pandas/_libs/tslibs/np_datetime.cpython-312-x86_64-linux-gnu.so
7ada4663d000-7ada4663e000 ---p 0001e000 fc:00 35393420                   /home/henriqueramos_qs/meta-learning-concept-drift/.venv/lib/python3.12/site-packages/pandas/_libs/tslibs/np_datetime.cpython-312-x86_64-linux-gnu.so
7ada4663e000-7ada4663f000 r--p 0001e000 fc:00 35393420                   /home/henriqueramos_qs/meta-learning-concept-drift/.venv/lib/python3.12/site-packages/pandas/_libs/tslibs/np_datetime.cpython-312-x86_64-linux-gnu.so
7ada4663f000-7ada46640000 rw-p 0001f000 fc:00 35393420                   /home/henriqueramos_qs/meta-learning-concept-drift/.venv/lib/python3.12/site-packages/pandas/_libs/tslibs/np_datetime.cpython-312-x86_64-linux-gnu.so
7ada46640000-7ada46641000 rw-p 00000000 00:00 0 
7ada46641000-7ada46648000 r--p 00000000 fc:00 35393414                   /home/henriqueramos_qs/meta-learning-concept-drift/.venv/lib/python3.12/site-packages/pandas/_libs/tslibs/dtypes.cpython-312-x86_64-linux-gnu.so
7ada46648000-7ada46667000 r-xp 00007000 fc:00 35393414                   /home/henriqueramos_qs/meta-learning-concept-drift/.venv/lib/python3.12/site-packages/pandas/_libs/tslibs/dtypes.cpython-312-x86_64-linux-gnu.so
7ada46667000-7ada4666d000 r--p 00026000 fc:00 35393414                   /home/henriqueramos_qs/meta-learning-concept-drift/.venv/lib/python3.12/site-packages/pandas/_libs/tslibs/dtypes.cpython-312-x86_64-linux-gnu.so
7ada4666d000-7ada4666e000 ---p 0002c000 fc:00 35393414                   /home/henriqueramos_qs/meta-learning-concept-drift/.venv/lib/python3.12/site-packages/pandas/_libs/tslibs/dtypes.cpython-312-x86_64-linux-gnu.so
7ada4666e000-7ada46670000 r--p 0002c000 fc:00 35393414                   /home/henriqueramos_qs/meta-learning-concept-drift/.venv/lib/python3.12/site-packages/pandas/_libs/tslibs/dtypes.cpython-312-x86_64-linux-gnu.so
7ada46670000-7ada46671000 rw-p 0002e000 fc:00 35393414                   /home/henriqueramos_qs/meta-learning-concept-drift/.venv/lib/python3.12/site-packages/pandas/_libs/tslibs/dtypes.cpython-312-x86_64-linux-gnu.so
7ada46671000-7ada46673000 rw-p 00000000 00:00 0 
7ada46673000-7ada46679000 r--p 00000000 fc:00 35393383                   /home/henriqueramos_qs/meta-learning-concept-drift/.venv/lib/python3.12/site-packages/pandas/_libs/missing.cpython-312-x86_64-linux-gnu.so
7ada46679000-7ada46697000 r-xp 00006000 fc:00 35393383                   /home/henriqueramos_qs/meta-learning-concept-drift/.venv/lib/python3.12/site-packages/pandas/_libs/missing.cpython-312-x86_64-linux-gnu.so
7ada46697000-7ada4669f000 r--p 00024000 fc:00 35393383                   /home/henriqueramos_qs/meta-learning-concept-drift/.venv/lib/python3.12/site-packages/pandas/_libs/missing.cpython-312-x86_64-linux-gnu.so
7ada4669f000-7ada466a1000 r--p 0002b000 fc:00 35393383                   /home/henriqueramos_qs/meta-learning-concept-drift/.venv/lib/python3.12/site-packages/pandas/_libs/missing.cpython-312-x86_64-linux-gnu.so
7ada466a1000-7ada466a3000 rw-p 0002d000 fc:00 35393383                   /home/henriqueramos_qs/meta-learning-concept-drift/.venv/lib/python3.12/site-packages/pandas/_libs/missing.cpython-312-x86_64-linux-gnu.so
7ada466a3000-7ada466a7000 r--p 00000000 fc:00 35392628                   /home/henriqueramos_qs/meta-learning-concept-drift/.venv/lib/python3.12/site-packages/numpy/random/_mt19937.cpython-312-x86_64-linux-gnu.so
7ada466a7000-7ada466b8000 r-xp 00004000 fc:00 35392628                   /home/henriqueramos_qs/meta-learning-concept-drift/.venv/lib/python3.12/site-packages/numpy/random/_mt19937.cpython-312-x86_64-linux-gnu.so
7ada466b8000-7ada466be000 r--p 00015000 fc:00 35392628                   /home/henriqueramos_qs/meta-learning-concept-drift/.venv/lib/python3.12/site-packages/numpy/random/_mt19937.cpython-312-x86_64-linux-gnu.so
7ada466be000-7ada466bf000 r--p 0001b000 fc:00 35392628                   /home/henriqueramos_qs/meta-learning-concept-drift/.venv/lib/python3.12/site-packages/numpy/random/_mt19937.cpython-312-x86_64-linux-gnu.so
7ada466bf000-7ada466c0000 rw-p 0001c000 fc:00 35392628                   /home/henriqueramos_qs/meta-learning-concept-drift/.venv/lib/python3.12/site-packages/numpy/random/_mt19937.cpython-312-x86_64-linux-gnu.so
7ada466c0000-7ada467c1000 rw-p 00000000 00:00 0 
7ada467c1000-7ada467c2000 ---p 00000000 00:00 0 
7ada467c2000-7ada46fc2000 rw-p 00000000 00:00 0 
7ada46fc2000-7ada46fc3000 ---p 00000000 00:00 0 
7ada46fc3000-7ada477c3000 rw-p 00000000 00:00 0 
7ada477c3000-7ada477c4000 ---p 00000000 00:00 0 
7ada477c4000-7ada47fc4000 rw-p 00000000 00:00 0 
7ada47fc4000-7ada47fc5000 ---p 00000000 00:00 0 
7ada47fc5000-7ada487c5000 rw-p 00000000 00:00 0 
7ada487c5000-7ada487c6000 ---p 00000000 00:00 0 
7ada487c6000-7ada48fc6000 rw-p 00000000 00:00 0 
7ada48fc6000-7ada48fc7000 ---p 00000000 00:00 0 
7ada48fc7000-7ada497c7000 rw-p 00000000 00:00 0 
7ada497c7000-7ada497c8000 ---p 00000000 00:00 0 
7ada497c8000-7ada49fc8000 rw-p 00000000 00:00 0 
7ada49fc8000-7ada49fc9000 ---p 00000000 00:00 0 
7ada49fc9000-7ada4a7c9000 rw-p 00000000 00:00 0 
7ada4a7c9000-7ada4a7ca000 ---p 00000000 00:00 0 
7ada4a7ca000-7ada4afca000 rw-p 00000000 00:00 0 
7ada4afca000-7ada4afcb000 ---p 00000000 00:00 0 
7ada4afcb000-7ada4b7cb000 rw-p 00000000 00:00 0 
7ada4b7cb000-7ada4b7cc000 ---p 00000000 00:00 0 
7ada4b7cc000-7ada4bfcc000 rw-p 00000000 00:00 0 
7ada4bfcc000-7ada4bfcd000 ---p 00000000 00:00 0 
7ada4bfcd000-7ada4c7cd000 rw-p 00000000 00:00 0 
7ada4c7cd000-7ada4c7ce000 ---p 00000000 00:00 0 
7ada4c7ce000-7ada4cfce000 rw-p 00000000 00:00 0 
7ada4cfce000-7ada4cfcf000 ---p 00000000 00:00 0 
7ada4cfcf000-7ada4d7cf000 rw-p 00000000 00:00 0 
7ada4d7cf000-7ada4d7d0000 ---p 00000000 00:00 0 
7ada4d7d0000-7ada4dfd0000 rw-p 00000000 00:00 0 
7ada4dfd0000-7ada4dfd1000 ---p 00000000 00:00 0 
7ada4dfd1000-7ada4e7d1000 rw-p 00000000 00:00 0 
7ada4e7d1000-7ada4e7d2000 ---p 00000000 00:00 0 
7ada4e7d2000-7ada4efd2000 rw-p 00000000 00:00 0 
7ada4efd2000-7ada4efd3000 ---p 00000000 00:00 0 
7ada4efd3000-7ada4f7d3000 rw-p 00000000 00:00 0 
7ada4f7d3000-7ada4f7d4000 ---p 00000000 00:00 0 
7ada4f7d4000-7ada4ffd4000 rw-p 00000000 00:00 0 
7ada4ffd4000-7ada4ffd5000 ---p 00000000 00:00 0 
7ada4ffd5000-7ada507d5000 rw-p 00000000 00:00 0 
7ada507d5000-7ada507d6000 ---p 00000000 00:00 0 
7ada507d6000-7ada50fd6000 rw-p 00000000 00:00 0 
7ada50fd6000-7ada50fd7000 ---p 00000000 00:00 0 
7ada50fd7000-7ada517d7000 rw-p 00000000 00:00 0 
7ada517d7000-7ada517d8000 ---p 00000000 00:00 0 
7ada517d8000-7ada51fd8000 rw-p 00000000 00:00 0 
7ada51fd8000-7ada51fd9000 ---p 00000000 00:00 0 
7ada51fd9000-7ada527d9000 rw-p 00000000 00:00 0 
7ada527d9000-7ada527da000 ---p 00000000 00:00 0 
7ada527da000-7ada52fda000 rw-p 00000000 00:00 0 
7ada52fda000-7ada52fdb000 ---p 00000000 00:00 0 
7ada52fdb000-7ada537db000 rw-p 00000000 00:00 0 
7ada537db000-7ada537dc000 ---p 00000000 00:00 0 
7ada537dc000-7ada53fdc000 rw-p 00000000 00:00 0 
7ada53fdc000-7ada53fdd000 ---p 00000000 00:00 0 
7ada53fdd000-7ada547dd000 rw-p 00000000 00:00 0 
7ada547dd000-7ada547de000 ---p 00000000 00:00 0 
7ada547de000-7ada54fde000 rw-p 00000000 00:00 0 
7ada54fde000-7ada54fdf000 ---p 00000000 00:00 0 
7ada54fdf000-7ada557df000 rw-p 00000000 00:00 0 
7ada557df000-7ada557e0000 ---p 00000000 00:00 0 
7ada557e0000-7ada55fe0000 rw-p 00000000 00:00 0 
7ada55fe0000-7ada55fe1000 ---p 00000000 00:00 0 
7ada55fe1000-7ada567e1000 rw-p 00000000 00:00 0 
7ada567e1000-7ada567e2000 ---p 00000000 00:00 0 
7ada567e2000-7ada56fe2000 rw-p 00000000 00:00 0 
7ada56fe2000-7ada56fe3000 ---p 00000000 00:00 0 
7ada56fe3000-7ada577e3000 rw-p 00000000 00:00 0 
7ada577e3000-7ada577e4000 ---p 00000000 00:00 0 
7ada577e4000-7ada57fe4000 rw-p 00000000 00:00 0 
7ada57fe4000-7ada57fe5000 ---p 00000000 00:00 0 
7ada57fe5000-7ada587e5000 rw-p 00000000 00:00 0 
7ada587e5000-7ada587e6000 ---p 00000000 00:00 0 
7ada587e6000-7ada58fe6000 rw-p 00000000 00:00 0 
7ada58fe6000-7ada58fe7000 ---p 00000000 00:00 0 
7ada58fe7000-7ada597e7000 rw-p 00000000 00:00 0 
7ada597e7000-7ada597e8000 ---p 00000000 00:00 0 
7ada597e8000-7ada59fe8000 rw-p 00000000 00:00 0 
7ada59fe8000-7ada59fe9000 ---p 00000000 00:00 0 
7ada59fe9000-7ada5a7e9000 rw-p 00000000 00:00 0 
7ada5a7e9000-7ada5a7ea000 ---p 00000000 00:00 0 
7ada5a7ea000-7ada5afea000 rw-p 00000000 00:00 0 
7ada5afea000-7ada5afeb000 ---p 00000000 00:00 0 
7ada5afeb000-7ada5b7eb000 rw-p 00000000 00:00 0 
7ada5b7eb000-7ada5b7ec000 ---p 00000000 00:00 0 
7ada5b7ec000-7ada5bfec000 rw-p 00000000 00:00 0 
7ada5bfec000-7ada5bfed000 ---p 00000000 00:00 0 
7ada5bfed000-7ada5c7ed000 rw-p 00000000 00:00 0 
7ada5c7ed000-7ada5c7ee000 ---p 00000000 00:00 0 
7ada5c7ee000-7ada5cfee000 rw-p 00000000 00:00 0 
7ada5cfee000-7ada5cfef000 ---p 00000000 00:00 0 
7ada5cfef000-7ada5d7ef000 rw-p 00000000 00:00 0 
7ada5d7ef000-7ada5d7f0000 ---p 00000000 00:00 0 
7ada5d7f0000-7ada5dff0000 rw-p 00000000 00:00 0 
7ada5dff0000-7ada5dff1000 ---p 00000000 00:00 0 
7ada5dff1000-7ada5e7f1000 rw-p 00000000 00:00 0 
7ada5e7f1000-7ada5e7f2000 ---p 00000000 00:00 0 
7ada5e7f2000-7ada5eff2000 rw-p 00000000 00:00 0 
7ada5eff2000-7ada5eff3000 ---p 00000000 00:00 0 
7ada5eff3000-7ada5f7f3000 rw-p 00000000 00:00 0 
7ada5f7f3000-7ada5f7f4000 ---p 00000000 00:00 0 
7ada5f7f4000-7ada5fff4000 rw-p 00000000 00:00 0 
7ada5fff4000-7ada5fff5000 ---p 00000000 00:00 0 
7ada5fff5000-7ada607f5000 rw-p 00000000 00:00 0 
7ada607f5000-7ada607f6000 ---p 00000000 00:00 0 
7ada607f6000-7ada60ff6000 rw-p 00000000 00:00 0 
7ada60ff6000-7ada60ff7000 ---p 00000000 00:00 0 
7ada60ff7000-7ada617f7000 rw-p 00000000 00:00 0 
7ada617f7000-7ada617f8000 ---p 00000000 00:00 0 
7ada617f8000-7ada61ff8000 rw-p 00000000 00:00 0 
7ada61ff8000-7ada61ff9000 ---p 00000000 00:00 0 
7ada61ff9000-7ada627f9000 rw-p 00000000 00:00 0 
7ada627f9000-7ada627fa000 ---p 00000000 00:00 0 
7ada627fa000-7ada62ffa000 rw-p 00000000 00:00 0 
7ada62ffa000-7ada62ffb000 ---p 00000000 00:00 0 
7ada62ffb000-7ada637fb000 rw-p 00000000 00:00 0 
7ada637fb000-7ada637fc000 ---p 00000000 00:00 0 
7ada637fc000-7ada63ffc000 rw-p 00000000 00:00 0 
7ada63ffc000-7ada63ffd000 ---p 00000000 00:00 0 
7ada63ffd000-7ada647fd000 rw-p 00000000 00:00 0 
7ada647fd000-7ada647fe000 ---p 00000000 00:00 0 
7ada647fe000-7ada64ffe000 rw-p 00000000 00:00 0 
7ada64ffe000-7ada64fff000 ---p 00000000 00:00 0 
7ada64fff000-7ada657ff000 rw-p 00000000 00:00 0 
7ada657ff000-7ada65800000 ---p 00000000 00:00 0 
7ada65800000-7ada66000000 rw-p 00000000 00:00 0 
7ada66000000-7adae6000000 rw-p 00000000 00:00 0 
7adae6000000-7adae603b000 r-xp 00000000 fc:00 35392881                   /home/henriqueramos_qs/meta-learning-concept-drift/.venv/lib/python3.12/site-packages/numpy.libs/libquadmath-96973f99-934c22de.so.0.0.0
7adae603b000-7adae623a000 ---p 0003b000 fc:00 35392881                   /home/henriqueramos_qs/meta-learning-concept-drift/.venv/lib/python3.12/site-packages/numpy.libs/libquadmath-96973f99-934c22de.so.0.0.0
7adae623a000-7adae623b000 r--p 0003a000 fc:00 35392881                   /home/henriqueramos_qs/meta-learning-concept-drift/.venv/lib/python3.12/site-packages/numpy.libs/libquadmath-96973f99-934c22de.so.0.0.0
7adae623b000-7adae623e000 rw-p 0003b000 fc:00 35392881                   /home/henriqueramos_qs/meta-learning-concept-drift/.venv/lib/python3.12/site-packages/numpy.libs/libquadmath-96973f99-934c22de.so.0.0.0
7adae6240000-7adae6242000 r--p 00000000 08:05 8394191                    /usr/lib/python3.12/lib-dynload/mmap.cpython-312-x86_64-linux-gnu.so
7adae6242000-7adae6245000 r-xp 00002000 08:05 8394191                    /usr/lib/python3.12/lib-dynload/mmap.cpython-312-x86_64-linux-gnu.so
7adae6245000-7adae6247000 r--p 00005000 08:05 8394191                    /usr/lib/python3.12/lib-dynload/mmap.cpython-312-x86_64-linux-gnu.so
7adae6247000-7adae6248000 r--p 00006000 08:05 8394191                    /usr/lib/python3.12/lib-dynload/mmap.cpython-312-x86_64-linux-gnu.so
7adae6248000-7adae6249000 rw-p 00007000 08:05 8394191                    /usr/lib/python3.12/lib-dynload/mmap.cpython-312-x86_64-linux-gnu.so
7adae6249000-7adae624d000 r--p 00000000 fc:00 35392630                   /home/henriqueramos_qs/meta-learning-concept-drift/.venv/lib/python3.12/site-packages/numpy/random/_pcg64.cpython-312-x86_64-linux-gnu.so
7adae624d000-7adae6260000 r-xp 00004000 fc:00 35392630                   /home/henriqueramos_qs/meta-learning-concept-drift/.venv/lib/python3.12/site-packages/numpy/random/_pcg64.cpython-312-x86_64-linux-gnu.so
7adae6260000-7adae6266000 r--p 00017000 fc:00 35392630                   /home/henriqueramos_qs/meta-learning-concept-drift/.venv/lib/python3.12/site-packages/numpy/random/_pcg64.cpython-312-x86_64-linux-gnu.so
7adae6266000-7adae6267000 r--p 0001d000 fc:00 35392630                   /home/henriqueramos_qs/meta-learning-concept-drift/.venv/lib/python3.12/site-packages/numpy/random/_pcg64.cpython-312-x86_64-linux-gnu.so
7adae6267000-7adae6269000 rw-p 0001e000 fc:00 35392630                   /home/henriqueramos_qs/meta-learning-concept-drift/.venv/lib/python3.12/site-packages/numpy/random/_pcg64.cpython-312-x86_64-linux-gnu.so
7adae6269000-7adae626d000 r--p 00000000 fc:00 35392623                   /home/henriqueramos_qs/meta-learning-concept-drift/.venv/lib/python3.12/site-packages/numpy/random/_common.cpython-312-x86_64-linux-gnu.so
7adae626d000-7adae629d000 r-xp 00004000 fc:00 35392623                   /home/henriqueramos_qs/meta-learning-concept-drift/.venv/lib/python3.12/site-packages/numpy/random/_common.cpython-312-x86_64-linux-gnu.so
7adae629d000-7adae62a1000 r--p 00034000 fc:00 35392623                   /home/henriqueramos_qs/meta-learning-concept-drift/.venv/lib/python3.12/site-packages/numpy/random/_common.cpython-312-x86_64-linux-gnu.so
7adae62a1000-7adae62a2000 r--p 00038000 fc:00 35392623                   /home/henriqueramos_qs/meta-learning-concept-drift/.venv/lib/python3.12/site-packages/numpy/random/_common.cpython-312-x86_64-linux-gnu.so
7adae62a2000-7adae62a3000 rw-p 00039000 fc:00 35392623                   /home/henriqueramos_qs/meta-learning-concept-drift/.venv/lib/python3.12/site-packages/numpy/random/_common.cpython-312-x86_64-linux-gnu.so
7adae62a3000-7adae62a4000 rw-p 00000000 00:00 0 
7adae62a4000-7adae62ab000 r--p 00000000 08:05 8394170                    /usr/lib/python3.12/lib-dynload/_decimal.cpython-312-x86_64-linux-gnu.so
7adae62ab000-7adae62eb000 r-xp 00007000 08:05 8394170                    /usr/lib/python3.12/lib-dynload/_decimal.cpython-312-x86_64-linux-gnu.so
7adae62eb000-7adae62fc000 r--p 00047000 08:05 8394170                    /usr/lib/python3.12/lib-dynload/_decimal.cpython-312-x86_64-linux-gnu.so
7adae62fc000-7adae62fd000 r--p 00057000 08:05 8394170                    /usr/lib/python3.12/lib-dynload/_decimal.cpython-312-x86_64-linux-gnu.so
7adae62fd000-7adae6300000 rw-p 00058000 08:05 8394170                    /usr/lib/python3.12/lib-dynload/_decimal.cpython-312-x86_64-linux-gnu.so
7adae6300000-7adae6400000 rw-p 00000000 00:00 0 
7adae6400000-7adae6676000 r-xp 00000000 fc:00 35392880                   /home/henriqueramos_qs/meta-learning-concept-drift/.venv/lib/python3.12/site-packages/numpy.libs/libgfortran-040039e1-0352e75f.so.5.0.0
7adae6676000-7adae6875000 ---p 00276000 fc:00 35392880                   /home/henriqueramos_qs/meta-learning-concept-drift/.venv/lib/python3.12/site-packages/numpy.libs/libgfortran-040039e1-0352e75f.so.5.0.0
7adae6875000-7adae6876000 r--p 00275000 fc:00 35392880                   /home/henriqueramos_qs/meta-learning-concept-drift/.venv/lib/python3.12/site-packages/numpy.libs/libgfortran-040039e1-0352e75f.so.5.0.0
7adae6876000-7adae6878000 rw-p 00276000 fc:00 35392880                   /home/henriqueramos_qs/meta-learning-concept-drift/.venv/lib/python3.12/site-packages/numpy.libs/libgfortran-040039e1-0352e75f.so.5.0.0
7adae6878000-7adae68b1000 rw-p 0027b000 fc:00 35392880                   /home/henriqueramos_qs/meta-learning-concept-drift/.venv/lib/python3.12/site-packages/numpy.libs/libgfortran-040039e1-0352e75f.so.5.0.0
7adae68b1000-7adae68b5000 rw-p 00000000 00:00 0 
7adae68b5000-7adae68b9000 r--p 00000000 fc:00 35392620                   /home/henriqueramos_qs/meta-learning-concept-drift/.venv/lib/python3.12/site-packages/numpy/random/_bounded_integers.cpython-312-x86_64-linux-gnu.so
7adae68b9000-7adae68f6000 r-xp 00004000 fc:00 35392620                   /home/henriqueramos_qs/meta-learning-concept-drift/.venv/lib/python3.12/site-packages/numpy/random/_bounded_integers.cpython-312-x86_64-linux-gnu.so
7adae68f6000-7adae68fe000 r--p 00041000 fc:00 35392620                   /home/henriqueramos_qs/meta-learning-concept-drift/.venv/lib/python3.12/site-packages/numpy/random/_bounded_integers.cpython-312-x86_64-linux-gnu.so
7adae68fe000-7adae68ff000 r--p 00049000 fc:00 35392620                   /home/henriqueramos_qs/meta-learning-concept-drift/.venv/lib/python3.12/site-packages/numpy/random/_bounded_integers.cpython-312-x86_64-linux-gnu.so
7adae68ff000-7adae6900000 rw-p 0004a000 fc:00 35392620                   /home/henriqueramos_qs/meta-learning-concept-drift/.venv/lib/python3.12/site-packages/numpy/random/_bounded_integers.cpython-312-x86_64-linux-gnu.so
7adae6900000-7adae6a00000 rw-p 00000000 00:00 0 
7adae6a00000-7adae6a9d000 r--p 00000000 08:05 8398454                    /usr/lib/x86_64-linux-gnu/libstdc++.so.6.0.33
7adae6a9d000-7adae6be5000 r-xp 0009d000 08:05 8398454                    /usr/lib/x86_64-linux-gnu/libstdc++.so.6.0.33
7adae6be5000-7adae6c6c000 r--p 001e5000 08:05 8398454                    /usr/lib/x86_64-linux-gnu/libstdc++.so.6.0.33
7adae6c6c000-7adae6c77000 r--p 0026b000 08:05 8398454                    /usr/lib/x86_64-linux-gnu/libstdc++.so.6.0.33
7adae6c77000-7adae6c7a000 rw-p 00276000 08:05 8398454                    /usr/lib/x86_64-linux-gnu/libstdc++.so.6.0.33
7adae6c7a000-7adae6c7e000 rw-p 00000000 00:00 0 
7adae6c81000-7adae6c85000 r--p 00000000 fc:00 35393410                   /home/henriqueramos_qs/meta-learning-concept-drift/.venv/lib/python3.12/site-packages/pandas/_libs/tslibs/ccalendar.cpython-312-x86_64-linux-gnu.so
7adae6c85000-7adae6c94000 r-xp 00004000 fc:00 35393410                   /home/henriqueramos_qs/meta-learning-concept-drift/.venv/lib/python3.12/site-packages/pandas/_libs/tslibs/ccalendar.cpython-312-x86_64-linux-gnu.so
7adae6c94000-7adae6c97000 r--p 00013000 fc:00 35393410                   /home/henriqueramos_qs/meta-learning-concept-drift/.venv/lib/python3.12/site-packages/pandas/_libs/tslibs/ccalendar.cpython-312-x86_64-linux-gnu.so
7adae6c97000-7adae6c98000 ---p 00016000 fc:00 35393410                   /home/henriqueramos_qs/meta-learning-concept-drift/.venv/lib/python3.12/site-packages/pandas/_libs/tslibs/ccalendar.cpython-312-x86_64-linux-gnu.so
7adae6c98000-7adae6c99000 r--p 00016000 fc:00 35393410                   /home/henriqueramos_qs/meta-learning-concept-drift/.venv/lib/python3.12/site-packages/pandas/_libs/tslibs/ccalendar.cpython-312-x86_64-linux-gnu.so
7adae6c99000-7adae6c9a000 rw-p 00017000 fc:00 35393410                   /home/henriqueramos_qs/meta-learning-concept-drift/.venv/lib/python3.12/site-packages/pandas/_libs/tslibs/ccalendar.cpython-312-x86_64-linux-gnu.so
7adae6c9b000-7adae6c9f000 r--p 00000000 fc:00 35393371                   /home/henriqueramos_qs/meta-learning-concept-drift/.venv/lib/python3.12/site-packages/pandas/_libs/indexing.cpython-312-x86_64-linux-gnu.so
7adae6c9f000-7adae6ca7000 r-xp 00004000 fc:00 35393371                   /home/henriqueramos_qs/meta-learning-concept-drift/.venv/lib/python3.12/site-packages/pandas/_libs/indexing.cpython-312-x86_64-linux-gnu.so
7adae6ca7000-7adae6caa000 r--p 0000c000 fc:00 35393371                   /home/henriqueramos_qs/meta-learning-concept-drift/.venv/lib/python3.12/site-packages/pandas/_libs/indexing.cpython-312-x86_64-linux-gnu.so
7adae6caa000-7adae6cab000 r--p 0000e000 fc:00 35393371                   /home/henriqueramos_qs/meta-learning-concept-drift/.venv/lib/python3.12/site-packages/pandas/_libs/indexing.cpython-312-x86_64-linux-gnu.so
7adae6cab000-7adae6cac000 rw-p 0000f000 fc:00 35393371                   /home/henriqueramos_qs/meta-learning-concept-drift/.venv/lib/python3.12/site-packages/pandas/_libs/indexing.cpython-312-x86_64-linux-gnu.so
7adae6cac000-7adae6cb1000 r--p 00000000 fc:00 35393359                   /home/henriqueramos_qs/meta-learning-concept-drift/.venv/lib/python3.12/site-packages/pandas/_libs/arrays.cpython-312-x86_64-linux-gnu.so
7adae6cb1000-7adae6cc4000 r-xp 00005000 fc:00 35393359                   /home/henriqueramos_qs/meta-learning-concept-drift/.venv/lib/python3.12/site-packages/pandas/_libs/arrays.cpython-312-x86_64-linux-gnu.so
7adae6cc4000-7adae6cc9000 r--p 00018000 fc:00 35393359                   /home/henriqueramos_qs/meta-learning-concept-drift/.venv/lib/python3.12/site-packages/pandas/_libs/arrays.cpython-312-x86_64-linux-gnu.so
7adae6cc9000-7adae6cca000 r--p 0001c000 fc:00 35393359                   /home/henriqueramos_qs/meta-learning-concept-drift/.venv/lib/python3.12/site-packages/pandas/_libs/arrays.cpython-312-x86_64-linux-gnu.so
7adae6cca000-7adae6ccc000 rw-p 0001d000 fc:00 35393359                   /home/henriqueramos_qs/meta-learning-concept-drift/.venv/lib/python3.12/site-packages/pandas/_libs/arrays.cpython-312-x86_64-linux-gnu.so
7adae6ccc000-7adae6cd2000 r--p 00000000 fc:00 35393365                   /home/henriqueramos_qs/meta-learning-concept-drift/.venv/lib/python3.12/site-packages/pandas/_libs/hashing.cpython-312-x86_64-linux-gnu.so
7adae6cd2000-7adae6cf4000 r-xp 00006000 fc:00 35393365                   /home/henriqueramos_qs/meta-learning-concept-drift/.venv/lib/python3.12/site-packages/pandas/_libs/hashing.cpython-312-x86_64-linux-gnu.so
7adae6cf4000-7adae6cfc000 r--p 00028000 fc:00 35393365                   /home/henriqueramos_qs/meta-learning-concept-drift/.venv/lib/python3.12/site-packages/pandas/_libs/hashing.cpython-312-x86_64-linux-gnu.so
7adae6cfc000-7adae6cfd000 r--p 0002f000 fc:00 35393365                   /home/henriqueramos_qs/meta-learning-concept-drift/.venv/lib/python3.12/site-packages/pandas/_libs/hashing.cpython-312-x86_64-linux-gnu.so
7adae6cfd000-7adae6cff000 rw-p 00030000 fc:00 35393365                   /home/henriqueramos_qs/meta-learning-concept-drift/.venv/lib/python3.12/site-packages/pandas/_libs/hashing.cpython-312-x86_64-linux-gnu.so
7adae6cff000-7adae6e00000 rw-p 00000000 00:00 0 
7adae6e00000-7adae6ecf000 r--p 00000000 fc:00 35392882                   /home/henriqueramos_qs/meta-learning-concept-drift/.venv/lib/python3.12/site-packages/numpy.libs/libscipy_openblas64_-56d6093b.so
7adae6ecf000-7adae81ca000 r-xp 000cf000 fc:00 35392882                   /home/henriqueramos_qs/meta-learning-concept-drift/.venv/lib/python3.12/site-packages/numpy.libs/libscipy_openblas64_-56d6093b.so
7adae81ca000-7adae83b2000 r--p 013ca000 fc:00 35392882                   /home/henriqueramos_qs/meta-learning-concept-drift/.venv/lib/python3.12/site-packages/numpy.libs/libscipy_openblas64_-56d6093b.so
7adae83b2000-7adae83b3000 ---p 015b2000 fc:00 35392882                   /home/henriqueramos_qs/meta-learning-concept-drift/.venv/lib/python3.12/site-packages/numpy.libs/libscipy_openblas64_-56d6093b.so
7adae83b3000-7adae83bb000 r--p 015b2000 fc:00 35392882                   /home/henriqueramos_qs/meta-learning-concept-drift/.venv/lib/python3.12/site-packages/numpy.libs/libscipy_openblas64_-56d6093b.so
7adae83bb000-7adae83ca000 rw-p 015ba000 fc:00 35392882                   /home/henriqueramos_qs/meta-learning-concept-drift/.venv/lib/python3.12/site-packages/numpy.libs/libscipy_openblas64_-56d6093b.so
7adae83ca000-7adae83d3000 rw-p 00000000 00:00 0 
7adae83d3000-7adae83d7000 ---p 015d3000 fc:00 35392882                   /home/henriqueramos_qs/meta-learning-concept-drift/.venv/lib/python3.12/site-packages/numpy.libs/libscipy_openblas64_-56d6093b.so
7adae83d7000-7adae850e000 rw-p 016a6000 fc:00 35392882                   /home/henriqueramos_qs/meta-learning-concept-drift/.venv/lib/python3.12/site-packages/numpy.libs/libscipy_openblas64_-56d6093b.so
7adae850e000-7adae8510000 r--p 00000000 08:05 8394171                    /usr/lib/python3.12/lib-dynload/_json.cpython-312-x86_64-linux-gnu.so
7adae8510000-7adae8517000 r-xp 00002000 08:05 8394171                    /usr/lib/python3.12/lib-dynload/_json.cpython-312-x86_64-linux-gnu.so
7adae8517000-7adae8519000 r--p 00009000 08:05 8394171                    /usr/lib/python3.12/lib-dynload/_json.cpython-312-x86_64-linux-gnu.so
7adae8519000-7adae851a000 r--p 0000a000 08:05 8394171                    /usr/lib/python3.12/lib-dynload/_json.cpython-312-x86_64-linux-gnu.so
7adae851a000-7adae851b000 rw-p 0000b000 08:05 8394171                    /usr/lib/python3.12/lib-dynload/_json.cpython-312-x86_64-linux-gnu.so
7adae851b000-7adae8521000 r--p 00000000 fc:00 35392638                   /home/henriqueramos_qs/meta-learning-concept-drift/.venv/lib/python3.12/site-packages/numpy/random/bit_generator.cpython-312-x86_64-linux-gnu.so
7adae8521000-7adae8540000 r-xp 00006000 fc:00 35392638                   /home/henriqueramos_qs/meta-learning-concept-drift/.venv/lib/python3.12/site-packages/numpy/random/bit_generator.cpython-312-x86_64-linux-gnu.so
7adae8540000-7adae854a000 r--p 00025000 fc:00 35392638                   /home/henriqueramos_qs/meta-learning-concept-drift/.venv/lib/python3.12/site-packages/numpy/random/bit_generator.cpython-312-x86_64-linux-gnu.so
7adae854a000-7adae854b000 r--p 0002f000 fc:00 35392638                   /home/henriqueramos_qs/meta-learning-concept-drift/.venv/lib/python3.12/site-packages/numpy/random/bit_generator.cpython-312-x86_64-linux-gnu.so
7adae854b000-7adae854d000 rw-p 00030000 fc:00 35392638                   /home/henriqueramos_qs/meta-learning-concept-drift/.venv/lib/python3.12/site-packages/numpy/random/bit_generator.cpython-312-x86_64-linux-gnu.so
7adae854d000-7adae854e000 rw-p 00000000 00:00 0 
7adae854e000-7adae8551000 r--p 00000000 08:05 8390031                    /usr/lib/x86_64-linux-gnu/liblzma.so.5.4.5
7adae8551000-7adae8573000 r-xp 00003000 08:05 8390031                    /usr/lib/x86_64-linux-gnu/liblzma.so.5.4.5
7adae8573000-7adae857e000 r--p 00025000 08:05 8390031                    /usr/lib/x86_64-linux-gnu/liblzma.so.5.4.5
7adae857e000-7adae857f000 r--p 00030000 08:05 8390031                    /usr/lib/x86_64-linux-gnu/liblzma.so.5.4.5
7adae857f000-7adae8580000 rw-p 00031000 08:05 8390031                    /usr/lib/x86_64-linux-gnu/liblzma.so.5.4.5
7adae8580000-7adae8582000 r--p 00000000 08:05 8403956                    /usr/lib/x86_64-linux-gnu/libbz2.so.1.0.4
7adae8582000-7adae8590000 r-xp 00002000 08:05 8403956                    /usr/lib/x86_64-linux-gnu/libbz2.so.1.0.4
7adae8590000-7adae8592000 r--p 00010000 08:05 8403956                    /usr/lib/x86_64-linux-gnu/libbz2.so.1.0.4
7adae8592000-7adae8593000 r--p 00011000 08:05 8403956                    /usr/lib/x86_64-linux-gnu/libbz2.so.1.0.4
7adae8593000-7adae8594000 rw-p 00012000 08:05 8403956                    /usr/lib/x86_64-linux-gnu/libbz2.so.1.0.4
7adae8594000-7adae8596000 r--p 00000000 fc:00 35393389                   /home/henriqueramos_qs/meta-learning-concept-drift/.venv/lib/python3.12/site-packages/pandas/_libs/pandas_datetime.cpython-312-x86_64-linux-gnu.so
7adae8596000-7adae859b000 r-xp 00002000 fc:00 35393389                   /home/henriqueramos_qs/meta-learning-concept-drift/.venv/lib/python3.12/site-packages/pandas/_libs/pandas_datetime.cpython-312-x86_64-linux-gnu.so
7adae859b000-7adae859d000 r--p 00007000 fc:00 35393389                   /home/henriqueramos_qs/meta-learning-concept-drift/.venv/lib/python3.12/site-packages/pandas/_libs/pandas_datetime.cpython-312-x86_64-linux-gnu.so
7adae859d000-7adae859e000 r--p 00008000 fc:00 35393389                   /home/henriqueramos_qs/meta-learning-concept-drift/.venv/lib/python3.12/site-packages/pandas/_libs/pandas_datetime.cpython-312-x86_64-linux-gnu.so
7adae859e000-7adae859f000 rw-p 00009000 fc:00 35393389                   /home/henriqueramos_qs/meta-learning-concept-drift/.venv/lib/python3.12/site-packages/pandas/_libs/pandas_datetime.cpython-312-x86_64-linux-gnu.so
7adae859f000-7adae85a1000 r--p 00000000 fc:00 35393390                   /home/henriqueramos_qs/meta-learning-concept-drift/.venv/lib/python3.12/site-packages/pandas/_libs/pandas_parser.cpython-312-x86_64-linux-gnu.so
7adae85a1000-7adae85a7000 r-xp 00002000 fc:00 35393390                   /home/henriqueramos_qs/meta-learning-concept-drift/.venv/lib/python3.12/site-packages/pandas/_libs/pandas_parser.cpython-312-x86_64-linux-gnu.so
7adae85a7000-7adae85a9000 r--p 00008000 fc:00 35393390                   /home/henriqueramos_qs/meta-learning-concept-drift/.venv/lib/python3.12/site-packages/pandas/_libs/pandas_parser.cpython-312-x86_64-linux-gnu.so
7adae85a9000-7adae85aa000 r--p 00009000 fc:00 35393390                   /home/henriqueramos_qs/meta-learning-concept-drift/.venv/lib/python3.12/site-packages/pandas/_libs/pandas_parser.cpython-312-x86_64-linux-gnu.so
7adae85aa000-7adae85ab000 rw-p 0000a000 fc:00 35393390                   /home/henriqueramos_qs/meta-learning-concept-drift/.venv/lib/python3.12/site-packages/pandas/_libs/pandas_parser.cpython-312-x86_64-linux-gnu.so
7adae85ab000-7adae85af000 r--p 00000000 fc:00 35392535                   /home/henriqueramos_qs/meta-learning-concept-drift/.venv/lib/python3.12/site-packages/numpy/linalg/_umath_linalg.cpython-312-x86_64-linux-gnu.so
7adae85af000-7adae85d3000 r-xp 00004000 fc:00 35392535                   /home/henriqueramos_qs/meta-learning-concept-drift/.venv/lib/python3.12/site-packages/numpy/linalg/_umath_linalg.cpython-312-x86_64-linux-gnu.so
7adae85d3000-7adae85d8000 r--p 00028000 fc:00 35392535                   /home/henriqueramos_qs/meta-learning-concept-drift/.venv/lib/python3.12/site-packages/numpy/linalg/_umath_linalg.cpython-312-x86_64-linux-gnu.so
7adae85d8000-7adae85d9000 r--p 0002d000 fc:00 35392535                   /home/henriqueramos_qs/meta-learning-concept-drift/.venv/lib/python3.12/site-packages/numpy/linalg/_umath_linalg.cpython-312-x86_64-linux-gnu.so
7adae85d9000-7adae85da000 rw-p 0002e000 fc:00 35392535                   /home/henriqueramos_qs/meta-learning-concept-drift/.venv/lib/python3.12/site-packages/numpy/linalg/_umath_linalg.cpython-312-x86_64-linux-gnu.so
7adae85da000-7adae85dd000 rw-p 00036000 fc:00 35392535                   /home/henriqueramos_qs/meta-learning-concept-drift/.venv/lib/python3.12/site-packages/numpy/linalg/_umath_linalg.cpython-312-x86_64-linux-gnu.so
7adae85dd000-7adae85e3000 r--p 00000000 08:05 8394165                    /usr/lib/python3.12/lib-dynload/_ctypes.cpython-312-x86_64-linux-gnu.so
7adae85e3000-7adae85f5000 r-xp 00006000 08:05 8394165                    /usr/lib/python3.12/lib-dynload/_ctypes.cpython-312-x86_64-linux-gnu.so
7adae85f5000-7adae85fb000 r--p 00018000 08:05 8394165                    /usr/lib/python3.12/lib-dynload/_ctypes.cpython-312-x86_64-linux-gnu.so
7adae85fb000-7adae85fc000 r--p 0001d000 08:05 8394165                    /usr/lib/python3.12/lib-dynload/_ctypes.cpython-312-x86_64-linux-gnu.so
7adae85fc000-7adae8600000 rw-p 0001e000 08:05 8394165                    /usr/lib/python3.12/lib-dynload/_ctypes.cpython-312-x86_64-linux-gnu.so
7adae8600000-7adae862b000 r--p 00000000 fc:00 35391949                   /home/henriqueramos_qs/meta-learning-concept-drift/.venv/lib/python3.12/site-packages/numpy/_core/_multiarray_umath.cpython-312-x86_64-linux-gnu.so
7adae862b000-7adae8e16000 r-xp 0002b000 fc:00 35391949                   /home/henriqueramos_qs/meta-learning-concept-drift/.venv/lib/python3.12/site-packages/numpy/_core/_multiarray_umath.cpython-312-x86_64-linux-gnu.so
7adae8e16000-7adae8fa5000 r--p 00816000 fc:00 35391949                   /home/henriqueramos_qs/meta-learning-concept-drift/.venv/lib/python3.12/site-packages/numpy/_core/_multiarray_umath.cpython-312-x86_64-linux-gnu.so
7adae8fa5000-7adae8fa8000 r--p 009a5000 fc:00 35391949                   /home/henriqueramos_qs/meta-learning-concept-drift/.venv/lib/python3.12/site-packages/numpy/_core/_multiarray_umath.cpython-312-x86_64-linux-gnu.so
7adae8fa8000-7adae8fcb000 rw-p 009a8000 fc:00 35391949                   /home/henriqueramos_qs/meta-learning-concept-drift/.venv/lib/python3.12/site-packages/numpy/_core/_multiarray_umath.cpython-312-x86_64-linux-gnu.so
7adae8fcb000-7adae8fe2000 rw-p 00000000 00:00 0 
7adae8fe2000-7adae8fed000 rw-p 00a44000 fc:00 35391949                   /home/henriqueramos_qs/meta-learning-concept-drift/.venv/lib/python3.12/site-packages/numpy/_core/_multiarray_umath.cpython-312-x86_64-linux-gnu.so
7adae8fed000-7adae8ff1000 r--p 00000000 fc:00 35392636                   /home/henriqueramos_qs/meta-learning-concept-drift/.venv/lib/python3.12/site-packages/numpy/random/_sfc64.cpython-312-x86_64-linux-gnu.so
7adae8ff1000-7adae8ffa000 r-xp 00004000 fc:00 35392636                   /home/henriqueramos_qs/meta-learning-concept-drift/.venv/lib/python3.12/site-packages/numpy/random/_sfc64.cpython-312-x86_64-linux-gnu.so
7adae8ffa000-7adae8ffe000 r--p 0000d000 fc:00 35392636                   /home/henriqueramos_qs/meta-learning-concept-drift/.venv/lib/python3.12/site-packages/numpy/random/_sfc64.cpython-312-x86_64-linux-gnu.so
7adae8ffe000-7adae8fff000 r--p 00010000 fc:00 35392636                   /home/henriqueramos_qs/meta-learning-concept-drift/.venv/lib/python3.12/site-packages/numpy/random/_sfc64.cpython-312-x86_64-linux-gnu.so
7adae8fff000-7adae9000000 rw-p 00011000 fc:00 35392636                   /home/henriqueramos_qs/meta-learning-concept-drift/.venv/lib/python3.12/site-packages/numpy/random/_sfc64.cpython-312-x86_64-linux-gnu.so
7adae9000000-7adae9200000 rw-p 00000000 00:00 0 
7adae9200000-7adae9775000 r--p 00000000 08:05 8389048                    /usr/lib/locale/locale-archive
7adae9775000-7adae9776000 ---p 00000000 00:00 0 
7adae9776000-7adae9777000 r--p 00000000 00:00 0 
7adae9777000-7adae9778000 r--p 00000000 08:05 8420174                    /usr/lib/x86_64-linux-gnu/librt.so.1
7adae9778000-7adae9779000 r-xp 00001000 08:05 8420174                    /usr/lib/x86_64-linux-gnu/librt.so.1
7adae9779000-7adae977a000 r--p 00002000 08:05 8420174                    /usr/lib/x86_64-linux-gnu/librt.so.1
7adae977a000-7adae977b000 r--p 00002000 08:05 8420174                    /usr/lib/x86_64-linux-gnu/librt.so.1
7adae977b000-7adae977c000 rw-p 00003000 08:05 8420174                    /usr/lib/x86_64-linux-gnu/librt.so.1
7adae977c000-7adae977e000 r--p 00000000 08:05 8404077                    /usr/lib/x86_64-linux-gnu/libffi.so.8.1.4
7adae977e000-7adae9785000 r-xp 00002000 08:05 8404077                    /usr/lib/x86_64-linux-gnu/libffi.so.8.1.4
7adae9785000-7adae9786000 r--p 00009000 08:05 8404077                    /usr/lib/x86_64-linux-gnu/libffi.so.8.1.4
7adae9786000-7adae9787000 r--p 0000a000 08:05 8404077                    /usr/lib/x86_64-linux-gnu/libffi.so.8.1.4
7adae9787000-7adae9788000 rw-p 0000b000 08:05 8404077                    /usr/lib/x86_64-linux-gnu/libffi.so.8.1.4
7adae9788000-7adae978c000 r--p 00000000 fc:00 35392632                   /home/henriqueramos_qs/meta-learning-concept-drift/.venv/lib/python3.12/site-packages/numpy/random/_philox.cpython-312-x86_64-linux-gnu.so
7adae978c000-7adae979b000 r-xp 00004000 fc:00 35392632                   /home/henriqueramos_qs/meta-learning-concept-drift/.venv/lib/python3.12/site-packages/numpy/random/_philox.cpython-312-x86_64-linux-gnu.so
7adae979b000-7adae97a0000 r--p 00013000 fc:00 35392632                   /home/henriqueramos_qs/meta-learning-concept-drift/.venv/lib/python3.12/site-packages/numpy/random/_philox.cpython-312-x86_64-linux-gnu.so
7adae97a0000-7adae97a1000 r--p 00017000 fc:00 35392632                   /home/henriqueramos_qs/meta-learning-concept-drift/.venv/lib/python3.12/site-packages/numpy/random/_philox.cpython-312-x86_64-linux-gnu.so
7adae97a1000-7adae97a2000 rw-p 00018000 fc:00 35392632                   /home/henriqueramos_qs/meta-learning-concept-drift/.venv/lib/python3.12/site-packages/numpy/random/_philox.cpython-312-x86_64-linux-gnu.so
7adae97a2000-7adae97a3000 rw-p 00000000 00:00 0 
7adae97a3000-7adae97a7000 r--p 00000000 08:05 8396168                    /usr/lib/python3.12/lib-dynload/_hashlib.cpython-312-x86_64-linux-gnu.so
7adae97a7000-7adae97ad000 r-xp 00004000 08:05 8396168                    /usr/lib/python3.12/lib-dynload/_hashlib.cpython-312-x86_64-linux-gnu.so
7adae97ad000-7adae97b1000 r--p 0000a000 08:05 8396168                    /usr/lib/python3.12/lib-dynload/_hashlib.cpython-312-x86_64-linux-gnu.so
7adae97b1000-7adae97b2000 r--p 0000d000 08:05 8396168                    /usr/lib/python3.12/lib-dynload/_hashlib.cpython-312-x86_64-linux-gnu.so
7adae97b2000-7adae97b4000 rw-p 0000e000 08:05 8396168                    /usr/lib/python3.12/lib-dynload/_hashlib.cpython-312-x86_64-linux-gnu.so
7adae97b4000-7adae97b6000 r--p 00000000 08:05 8394177                    /usr/lib/python3.12/lib-dynload/_queue.cpython-312-x86_64-linux-gnu.so
7adae97b6000-7adae97b8000 r-xp 00002000 08:05 8394177                    /usr/lib/python3.12/lib-dynload/_queue.cpython-312-x86_64-linux-gnu.so
7adae97b8000-7adae97b9000 r--p 00004000 08:05 8394177                    /usr/lib/python3.12/lib-dynload/_queue.cpython-312-x86_64-linux-gnu.so
7adae97b9000-7adae97ba000 r--p 00004000 08:05 8394177                    /usr/lib/python3.12/lib-dynload/_queue.cpython-312-x86_64-linux-gnu.so
7adae97ba000-7adae97bb000 rw-p 00005000 08:05 8394177                    /usr/lib/python3.12/lib-dynload/_queue.cpython-312-x86_64-linux-gnu.so
7adae97bb000-7adae97bf000 r--p 00000000 08:05 8398492                    /usr/lib/x86_64-linux-gnu/libgcc_s.so.1
7adae97bf000-7adae97e3000 r-xp 00004000 08:05 8398492                    /usr/lib/x86_64-linux-gnu/libgcc_s.so.1
7adae97e3000-7adae97e7000 r--p 00028000 08:05 8398492                    /usr/lib/x86_64-linux-gnu/libgcc_s.so.1
7adae97e7000-7adae97e8000 r--p 0002b000 08:05 8398492                    /usr/lib/x86_64-linux-gnu/libgcc_s.so.1
7adae97e8000-7adae97e9000 rw-p 0002c000 08:05 8398492                    /usr/lib/x86_64-linux-gnu/libgcc_s.so.1
7adae97ea000-7adae97ed000 r--p 00000000 08:05 8394173                    /usr/lib/python3.12/lib-dynload/_lzma.cpython-312-x86_64-linux-gnu.so
7adae97ed000-7adae97f2000 r-xp 00003000 08:05 8394173                    /usr/lib/python3.12/lib-dynload/_lzma.cpython-312-x86_64-linux-gnu.so
7adae97f2000-7adae97f5000 r--p 00008000 08:05 8394173                    /usr/lib/python3.12/lib-dynload/_lzma.cpython-312-x86_64-linux-gnu.so
7adae97f5000-7adae97f6000 r--p 0000a000 08:05 8394173                    /usr/lib/python3.12/lib-dynload/_lzma.cpython-312-x86_64-linux-gnu.so
7adae97f6000-7adae97f7000 rw-p 0000b000 08:05 8394173                    /usr/lib/python3.12/lib-dynload/_lzma.cpython-312-x86_64-linux-gnu.so
7adae97f7000-7adae97f9000 r--p 00000000 08:05 8394155                    /usr/lib/python3.12/lib-dynload/_bz2.cpython-312-x86_64-linux-gnu.so
7adae97f9000-7adae97fc000 r-xp 00002000 08:05 8394155                    /usr/lib/python3.12/lib-dynload/_bz2.cpython-312-x86_64-linux-gnu.so
7adae97fc000-7adae97fe000 r--p 00005000 08:05 8394155                    /usr/lib/python3.12/lib-dynload/_bz2.cpython-312-x86_64-linux-gnu.so
7adae97fe000-7adae97ff000 r--p 00006000 08:05 8394155                    /usr/lib/python3.12/lib-dynload/_bz2.cpython-312-x86_64-linux-gnu.so
7adae97ff000-7adae9800000 rw-p 00007000 08:05 8394155                    /usr/lib/python3.12/lib-dynload/_bz2.cpython-312-x86_64-linux-gnu.so
7adae9800000-7adae9828000 r--p 00000000 08:05 8419413                    /usr/lib/x86_64-linux-gnu/libc.so.6
7adae9828000-7adae99b0000 r-xp 00028000 08:05 8419413                    /usr/lib/x86_64-linux-gnu/libc.so.6
7adae99b0000-7adae99ff000 r--p 001b0000 08:05 8419413                    /usr/lib/x86_64-linux-gnu/libc.so.6
7adae99ff000-7adae9a03000 r--p 001fe000 08:05 8419413                    /usr/lib/x86_64-linux-gnu/libc.so.6
7adae9a03000-7adae9a05000 rw-p 00202000 08:05 8419413                    /usr/lib/x86_64-linux-gnu/libc.so.6
7adae9a05000-7adae9a12000 rw-p 00000000 00:00 0 
7adae9a12000-7adae9a13000 r--p 00000000 00:00 0 
7adae9a13000-7adae9a14000 r--p 00000000 08:05 8419745                    /usr/lib/x86_64-linux-gnu/libdl.so.2
7adae9a14000-7adae9a15000 r-xp 00001000 08:05 8419745                    /usr/lib/x86_64-linux-gnu/libdl.so.2
7adae9a15000-7adae9a16000 r--p 00002000 08:05 8419745                    /usr/lib/x86_64-linux-gnu/libdl.so.2
7adae9a16000-7adae9a17000 r--p 00002000 08:05 8419745                    /usr/lib/x86_64-linux-gnu/libdl.so.2
7adae9a17000-7adae9a18000 rw-p 00003000 08:05 8419745                    /usr/lib/x86_64-linux-gnu/libdl.so.2
7adae9a18000-7adae9b7c000 rw-p 00000000 00:00 0 
7adae9b7c000-7adae9b80000 r--p 00000000 08:05 8390286                    /usr/lib/x86_64-linux-gnu/libexpat.so.1.9.1
7adae9b80000-7adae9b9d000 r-xp 00004000 08:05 8390286                    /usr/lib/x86_64-linux-gnu/libexpat.so.1.9.1
7adae9b9d000-7adae9ba5000 r--p 00021000 08:05 8390286                    /usr/lib/x86_64-linux-gnu/libexpat.so.1.9.1
7adae9ba5000-7adae9ba7000 r--p 00028000 08:05 8390286                    /usr/lib/x86_64-linux-gnu/libexpat.so.1.9.1
7adae9ba7000-7adae9ba8000 rw-p 0002a000 08:05 8390286                    /usr/lib/x86_64-linux-gnu/libexpat.so.1.9.1
7adae9ba8000-7adae9baa000 r--p 00000000 08:05 8404688                    /usr/lib/x86_64-linux-gnu/libz.so.1.3
7adae9baa000-7adae9bbc000 r-xp 00002000 08:05 8404688                    /usr/lib/x86_64-linux-gnu/libz.so.1.3
7adae9bbc000-7adae9bc2000 r--p 00014000 08:05 8404688                    /usr/lib/x86_64-linux-gnu/libz.so.1.3
7adae9bc2000-7adae9bc3000 r--p 0001a000 08:05 8404688                    /usr/lib/x86_64-linux-gnu/libz.so.1.3
7adae9bc3000-7adae9bc4000 rw-p 0001b000 08:05 8404688                    /usr/lib/x86_64-linux-gnu/libz.so.1.3
7adae9bc4000-7adae9bd4000 r--p 00000000 08:05 8419746                    /usr/lib/x86_64-linux-gnu/libm.so.6
7adae9bd4000-7adae9c53000 r-xp 00010000 08:05 8419746                    /usr/lib/x86_64-linux-gnu/libm.so.6
7adae9c53000-7adae9cab000 r--p 0008f000 08:05 8419746                    /usr/lib/x86_64-linux-gnu/libm.so.6
7adae9cab000-7adae9cac000 r--p 000e7000 08:05 8419746                    /usr/lib/x86_64-linux-gnu/libm.so.6
7adae9cac000-7adae9cad000 rw-p 000e8000 08:05 8419746                    /usr/lib/x86_64-linux-gnu/libm.so.6
7adae9cad000-7adae9cae000 ---p 00000000 00:00 0 
7adae9cae000-7adae9caf000 rwxp 00000000 00:00 0 
7adae9caf000-7adae9cb0000 r--p 00000000 08:05 8394163                    /usr/lib/python3.12/lib-dynload/_contextvars.cpython-312-x86_64-linux-gnu.so
7adae9cb0000-7adae9cb1000 r-xp 00001000 08:05 8394163                    /usr/lib/python3.12/lib-dynload/_contextvars.cpython-312-x86_64-linux-gnu.so
7adae9cb1000-7adae9cb2000 r--p 00002000 08:05 8394163                    /usr/lib/python3.12/lib-dynload/_contextvars.cpython-312-x86_64-linux-gnu.so
7adae9cb2000-7adae9cb3000 r--p 00002000 08:05 8394163                    /usr/lib/python3.12/lib-dynload/_contextvars.cpython-312-x86_64-linux-gnu.so
7adae9cb3000-7adae9cb4000 rw-p 00003000 08:05 8394163                    /usr/lib/python3.12/lib-dynload/_contextvars.cpython-312-x86_64-linux-gnu.so
7adae9cb4000-7adae9cb5000 r--p 00000000 08:05 8420150                    /usr/lib/x86_64-linux-gnu/libpthread.so.0
7adae9cb5000-7adae9cb6000 r-xp 00001000 08:05 8420150                    /usr/lib/x86_64-linux-gnu/libpthread.so.0
7adae9cb6000-7adae9cb7000 r--p 00002000 08:05 8420150                    /usr/lib/x86_64-linux-gnu/libpthread.so.0
7adae9cb7000-7adae9cb8000 r--p 00002000 08:05 8420150                    /usr/lib/x86_64-linux-gnu/libpthread.so.0
7adae9cb8000-7adae9cb9000 rw-p 00003000 08:05 8420150                    /usr/lib/x86_64-linux-gnu/libpthread.so.0
7adae9cb9000-7adae9cbd000 rw-p 00000000 00:00 0 
7adae9cbd000-7adae9cc4000 r--s 00000000 08:05 8418918                    /usr/lib/x86_64-linux-gnu/gconv/gconv-modules.cache
7adae9cc4000-7adae9cc6000 rw-p 00000000 00:00 0 
7adae9cc6000-7adae9cc8000 r--p 00000000 00:00 0                          [vvar]
7adae9cc8000-7adae9cca000 r--p 00000000 00:00 0                          [vvar_vclock]
7adae9cca000-7adae9ccc000 r-xp 00000000 00:00 0                          [vdso]
7adae9ccc000-7adae9ccd000 r--p 00000000 08:05 8419229                    /usr/lib/x86_64-linux-gnu/ld-linux-x86-64.so.2
7adae9ccd000-7adae9cf8000 r-xp 00001000 08:05 8419229                    /usr/lib/x86_64-linux-gnu/ld-linux-x86-64.so.2
7adae9cf8000-7adae9d02000 r--p 0002c000 08:05 8419229                    /usr/lib/x86_64-linux-gnu/ld-linux-x86-64.so.2
7adae9d02000-7adae9d04000 r--p 00036000 08:05 8419229                    /usr/lib/x86_64-linux-gnu/ld-linux-x86-64.so.2
7adae9d04000-7adae9d06000 rw-p 00038000 08:05 8419229                    /usr/lib/x86_64-linux-gnu/ld-linux-x86-64.so.2
7ffe7ab0f000-7ffe7ab13000 ---p 00000000 00:00 0 
7ffe7ab13000-7ffe7b30d000 rw-p 00000000 00:00 0                          [stack]
ffffffffff600000-ffffffffff601000 --xp 00000000 00:00 0                  [vsyscall]
Total number of mappings: 2675

JVMTI agents: none


VM Arguments:
jvm_args: -Xmx8g -Xss10M 
java_command: <unknown>
java_class_path (initial): /home/henriqueramos_qs/meta-learning-concept-drift/.venv/lib/python3.12/site-packages/capymoa/jar/moa.jar:/home/henriqueramos_qs/meta-learning-concept-drift/.venv/lib/python3.12/site-packages/org.jpype.jar
Launcher Type: generic

[Global flags]
     intx CICompilerCount                          = 18                                        {product} {ergonomic}
     uint ConcGCThreads                            = 16                                        {product} {ergonomic}
     uint G1ConcRefinementThreads                  = 63                                        {product} {ergonomic}
   size_t G1HeapRegionSize                         = 4194304                                   {product} {ergonomic}
    uintx GCDrainStackTargetSize                   = 64                                        {product} {ergonomic}
   size_t InitialHeapSize                          = 2147483648                                {product} {ergonomic}
   size_t MarkStackSize                            = 4194304                                   {product} {ergonomic}
   size_t MaxHeapSize                              = 8589934592                                {product} {command line}
   size_t MaxNewSize                               = 5150605312                                {product} {ergonomic}
   size_t MinHeapDeltaBytes                        = 4194304                                   {product} {ergonomic}
   size_t MinHeapSize                              = 8388608                                   {product} {ergonomic}
    uintx NonNMethodCodeHeapSize                   = 8782280                                {pd product} {ergonomic}
    uintx NonProfiledCodeHeapSize                  = 121437980                              {pd product} {ergonomic}
    uintx ProfiledCodeHeapSize                     = 121437980                              {pd product} {ergonomic}
    uintx ReservedCodeCacheSize                    = 251658240                              {pd product} {ergonomic}
     bool SegmentedCodeCache                       = true                                      {product} {ergonomic}
   size_t SoftMaxHeapSize                          = 8589934592                             {manageable} {ergonomic}
     intx ThreadStackSize                          = 10240                                  {pd product} {command line}
     bool UseCompressedOops                        = true                           {product lp64_product} {ergonomic}
     bool UseG1GC                                  = true                                      {product} {ergonomic}

Logging:
Log output configuration:
 #0: 
[error occurred during error reporting (printing log configuration), id 0xb, SIGSEGV (0xb) at pc=0x00007ad990195456]
Environment Variables:
JAVA_HOME=/usr/lib/jvm/java-21-openjdk-amd64
PATH=/home/henriqueramos_qs/meta-learning-concept-drift/.venv/bin:/usr/local/sbin:/usr/local/bin:/usr/sbin:/usr/bin:/sbin:/bin:/usr/games:/usr/local/games:/snap/bin
SHELL=/bin/bash
LANG=en_US.UTF-8
TERM=xterm-256color

Active Locale:
LC_ALL=LC_CTYPE=en_US.UTF-8;LC_NUMERIC=C;LC_TIME=C;LC_COLLATE=C;LC_MONETARY=C;LC_MESSAGES=C;LC_PAPER=en_US.UTF-8;LC_NAME=en_US.UTF-8;LC_ADDRESS=en_US.UTF-8;LC_TELEPHONE=en_US.UTF-8;LC_MEASUREMENT=en_US.UTF-8;LC_IDENTIFICATION=en_US.UTF-8
LC_COLLATE=C
LC_CTYPE=en_US.UTF-8
LC_MESSAGES=C
LC_MONETARY=C
LC_NUMERIC=C
LC_TIME=C

Signal Handlers:
   SIGSEGV: crash_handler in libjvm.so, mask=11100100010111111101111111111110, flags=SA_RESTART|SA_SIGINFO, unblocked
    SIGBUS: crash_handler in libjvm.so, mask=11100100010111111101111111111110, flags=SA_RESTART|SA_SIGINFO, unblocked
    SIGFPE: crash_handler in libjvm.so, mask=11100100010111111101111111111110, flags=SA_RESTART|SA_SIGINFO, unblocked
   SIGPIPE: javaSignalHandler in libjvm.so, mask=11100100010111111101111111111110, flags=SA_RESTART|SA_SIGINFO, blocked
   SIGXFSZ: javaSignalHandler in libjvm.so, mask=11100100010111111101111111111110, flags=SA_RESTART|SA_SIGINFO, blocked
    SIGILL: crash_handler in libjvm.so, mask=11100100010111111101111111111110, flags=SA_RESTART|SA_SIGINFO, unblocked
   SIGUSR2: SR_handler in libjvm.so, mask=00000000000000000000000000000000, flags=SA_RESTART|SA_SIGINFO, blocked
    SIGHUP: UserHandler in libjvm.so, mask=11100100010111111101111111111110, flags=SA_RESTART|SA_SIGINFO, blocked
    SIGINT: UserHandler in libjvm.so, mask=11100100010111111101111111111110, flags=SA_RESTART|SA_SIGINFO, blocked
   SIGTERM: UserHandler in libjvm.so, mask=11100100010111111101111111111110, flags=SA_RESTART|SA_SIGINFO, blocked
   SIGQUIT: UserHandler in libjvm.so, mask=11100100010111111101111111111110, flags=SA_RESTART|SA_SIGINFO, blocked
   SIGTRAP: crash_handler in libjvm.so, mask=11100100010111111101111111111110, flags=SA_RESTART|SA_SIGINFO, unblocked


Periodic native trim disabled

---------------  S Y S T E M  ---------------

OS:
DISTRIB_ID=Ubuntu
DISTRIB_RELEASE=24.04
DISTRIB_CODENAME=noble
DISTRIB_DESCRIPTION="Ubuntu 24.04 LTS"
uname: Linux 6.14.0-27-generic #27~24.04.1-Ubuntu SMP PREEMPT_DYNAMIC Tue Jul 22 17:38:49 UTC 2 x86_64
OS uptime: 5 days 22:18 hours
libc: glibc 2.39 NPTL 2.39 
rlimit (soft/hard): STACK 8192k/infinity , CORE 0k/infinity , NPROC 767846/767846 , NOFILE 1048576/1048576 , AS infinity/infinity , CPU infinity/infinity , DATA infinity/infinity , FSIZE infinity/infinity , MEMLOCK 24582036k/24582036k
load average: 31.97 46.06 24.45

/proc/meminfo:
MemTotal:       196656316 kB
MemFree:        136093376 kB
MemAvailable:   182927472 kB
Buffers:         2049356 kB
Cached:         44416368 kB
SwapCached:            0 kB
Active:         18745344 kB
Inactive:       37523072 kB
Active(anon):    9838976 kB
Inactive(anon):        0 kB
Active(file):    8906368 kB
Inactive(file): 37523072 kB
Unevictable:        5120 kB
Mlocked:               0 kB
SwapTotal:       8388604 kB
SwapFree:        8388604 kB
Zswap:                 0 kB
Zswapped:              0 kB
Dirty:             42188 kB
Writeback:             0 kB
AnonPages:       9810216 kB
Mapped:          1013748 kB
Shmem:             36364 kB
KReclaimable:    1851864 kB
Slab:            2834604 kB
SReclaimable:    1851864 kB
SUnreclaim:       982740 kB
KernelStack:       37552 kB
PageTables:        82796 kB
SecPageTables:     21568 kB
NFS_Unstable:          0 kB
Bounce:                0 kB
WritebackTmp:          0 kB
CommitLimit:    106716760 kB
Committed_AS:   33842972 kB
VmallocTotal:   34359738367 kB
VmallocUsed:      302672 kB
VmallocChunk:          0 kB
Percpu:           453504 kB
HardwareCorrupted:     0 kB
AnonHugePages:         0 kB
ShmemHugePages:        0 kB
ShmemPmdMapped:        0 kB
FileHugePages:         0 kB
FilePmdMapped:         0 kB
Unaccepted:            0 kB
HugePages_Total:       0
HugePages_Free:        0
HugePages_Rsvd:        0
HugePages_Surp:        0
Hugepagesize:       2048 kB
Hugetlb:               0 kB
DirectMap4k:      463212 kB
DirectMap2M:     6531072 kB
DirectMap1G:    195035136 kB

/sys/kernel/mm/transparent_hugepage/enabled: always [madvise] never
/sys/kernel/mm/transparent_hugepage/hpage_pmd_size: 2097152
/sys/kernel/mm/transparent_hugepage/defrag (defrag/compaction efforts parameter): always defer defer+madvise [madvise] never

Process Memory:
Virtual Size: 25906772K (peak: 27812284K)
Resident Set Size: 854424K (peak: 854424K) (anon: 548936K, file: 305488K, shmem: 0K)
Swapped out: 0K
C-Heap outstanding allocations: 267609K, retained: 163422K
glibc malloc tunables: (default)

/proc/sys/kernel/threads-max (system-wide limit on the number of threads): 1535692
/proc/sys/vm/max_map_count (maximum number of memory map areas a process may have): 1048576
/proc/sys/vm/swappiness (control to define how aggressively the kernel swaps out anonymous memory): 60
/proc/sys/kernel/pid_max (system-wide limit on number of process identifiers): 4194304

container information not found.
Steal ticks since vm start: 0
Steal ticks percentage since vm start:  0.000

CPU: total 96 (initial active 96) (24 cores per cpu, 2 threads per core) family 6 model 85 stepping 7 microcode 0x5003901, cx8, cmov, fxsr, ht, mmx, 3dnowpref, sse, sse2, sse3, ssse3, sse4.1, sse4.2, popcnt, lzcnt, tsc, tscinvbit, avx, avx2, aes, erms, clmul, bmi1, bmi2, adx, avx512f, avx512dq, avx512cd, avx512bw, avx512vl, fma, vzeroupper, avx512_vnni, clflush, clflushopt, clwb, rdtscp, f16c, pku, ospke
CPU Model and flags from /proc/cpuinfo:
model name	: Intel(R) Xeon(R) Gold 5220R CPU @ 2.20GHz
flags		: fpu vme de pse tsc msr pae mce cx8 apic sep mtrr pge mca cmov pat pse36 clflush dts acpi mmx fxsr sse sse2 ss ht tm pbe syscall nx pdpe1gb rdtscp lm constant_tsc art arch_perfmon pebs bts rep_good nopl xtopology nonstop_tsc cpuid aperfmperf pni pclmulqdq dtes64 monitor ds_cpl vmx smx est tm2 ssse3 sdbg fma cx16 xtpr pdcm pcid dca sse4_1 sse4_2 x2apic movbe popcnt tsc_deadline_timer aes xsave avx f16c rdrand lahf_lm abm 3dnowprefetch cpuid_fault epb cat_l3 cdp_l3 intel_ppin ssbd mba ibrs ibpb stibp ibrs_enhanced tpr_shadow flexpriority ept vpid ept_ad fsgsbase tsc_adjust bmi1 avx2 smep bmi2 erms invpcid cqm mpx rdt_a avx512f avx512dq rdseed adx smap clflushopt clwb intel_pt avx512cd avx512bw avx512vl xsaveopt xsavec xgetbv1 xsaves cqm_llc cqm_occup_llc cqm_mbm_total cqm_mbm_local dtherm ida arat pln pts vnmi pku ospke avx512_vnni md_clear flush_l1d arch_capabilities

Online cpus: 0-95
Offline cpus: 
BIOS frequency limitation: <Not Available>
Frequency switch latency (ns): 20000
Available cpu frequencies: <Not Available>
Current governor: schedutil
Core performance/turbo boost: <Not Available>

Memory: 4k page, physical 196656316k(182927472k free), swap 8388604k(8388604k free)
Page Sizes: 4k

vm_info: OpenJDK 64-Bit Server VM (21.0.8+9-Ubuntu-0ubuntu124.04.1) for linux-amd64 JRE (21.0.8+9-Ubuntu-0ubuntu124.04.1), built on 2025-07-16T21:55:59Z by "buildd" with gcc 13.3.0

END.
