#
# A fatal error has been detected by the Java Runtime Environment:
#
#  SIGSEGV (0xb) at pc=0x000076580e172617, pid=2718197, tid=2720739
#
# JRE version: OpenJDK Runtime Environment (21.0.7+6) (build 21.0.7+6-Ubuntu-0ubuntu124.04)
# Java VM: OpenJDK 64-Bit Server VM (21.0.7+6-Ubuntu-0ubuntu124.04, mixed mode, sharing, tiered, compressed oops, compressed class ptrs, g1 gc, linux-amd64)
# Problematic frame:
# C  [lib_lightgbm.so+0x172617]  std::_Sp_counted_base<(__gnu_cxx::_Lock_policy)2>::_M_release_last_use_cold()+0x7
#
# Core dump will be written. Default location: Core dumps may be processed with "/usr/share/apport/apport -p%p -s%s -c%c -d%d -P%P -u%u -g%g -F%F -- %E" (or dumping to /home/henriqueramos_qs/meta-learning-concept-drift/core.2718197)
#
# If you would like to submit a bug report, please visit:
#   https://bugs.launchpad.net/ubuntu/+source/openjdk-21
#

---------------  S U M M A R Y ------------

Command Line: -Xmx8g -Xss10M 

Host: Intel(R) Xeon(R) Gold 5220R CPU @ 2.20GHz, 96 cores, 187G, Ubuntu 24.04 LTS
Time: Wed Jul 23 22:07:28 2025 -03 elapsed time: 11.812102 seconds (0d 0h 0m 11s)

---------------  T H R E A D  ---------------

Current thread is native thread

Stack: [0x000076573f800000,0x0000765740000000],  sp=0x000076573fffdb80,  free space=8182k
Native frames: (J=compiled Java code, j=interpreted, Vv=VM code, C=native code)
C  [lib_lightgbm.so+0x172617]  std::_Sp_counted_base<(__gnu_cxx::_Lock_policy)2>::_M_release_last_use_cold()+0x7

siginfo: si_signo: 11 (SIGSEGV), si_code: 1 (SEGV_MAPERR), si_addr: 0x000076515d604f9d

Registers:
RAX=0x000076515d604f8d, RBX=0x000076563800dba0, RCX=0x000076563800dba8, RDX=0x0000000000000001
RSP=0x000076573fffdb80, RBP=0x000076550c00a298, RSI=0x0000000000000001, RDI=0x000076563800dba0
R8 =0x000076550c016580, R9 =0x0000000000000007, R10=0x000076550c0051b0, R11=0x17ef5c88a0d3fc0f
R12=0x000076550c00a9c0, R13=0x000076550c00a290, R14=0x000076550c02d330, R15=0x000076550c02d338
RIP=0x000076580e172617, EFLAGS=0x0000000000010246, CSGSFS=0x002b000000000033, ERR=0x0000000000000004
  TRAPNO=0x000000000000000e

XMM[0]=0x0000000000000000 0x000076550c00a290
XMM[1]=0x0000000000000000 0x000076550c00a290
XMM[2]=0x0000000000000000 0x00007656488b0440
XMM[3]=0x0000765648824630 0x00007658ba239850
XMM[4]=0x0000000000000000 0x00007656479c5d00
XMM[5]=0x00007659650d8e80 0x000076580ea7c3c0
XMM[6]=0x0000000000000000 0x0000765647da1ad0
XMM[7]=0x0000000000000000 0x0000000000b37408
XMM[8]=0x0000765962274c58 0x0000765962274810
XMM[9]=0x0000000000000000 0x0000000000000000
XMM[10]=0x0000765962274478 0x0000765962274810
XMM[11]=0x0000765962274478 0x0000765962274810
XMM[12]=0x0000000000000000 0x0000000021800000
XMM[13]=0x0000000000000000 0x4069200000000000
XMM[14]=0x0000000000000000 0x0000000021000000
XMM[15]=0x0000000000000000 0x401c000000000000
  MXCSR=0x00001fa2


Top of Stack: (sp=0x000076573fffdb80)
0x000076573fffdb80:   000076550c00a9c0 000076580e1bee8d
0x000076573fffdb90:   000076550c00a9c0 000076550c00a298
0x000076573fffdba0:   0000000000000000 000076550c00a290
0x000076573fffdbb0:   000076550c02d330 000076580e1bf489
0x000076573fffdbc0:   0000000000000000 000076580e154d17
0x000076573fffdbd0:   0000000000b49608 000076550c00a298
0x000076573fffdbe0:   000076573fffdc60 0000000000000000
0x000076573fffdbf0:   000076573fffdc20 000076573fffddc8
0x000076573fffdc00:   000076573fffde90 000076573fffdce0
0x000076573fffdc10:   000076573fffddb8 00007659645fbb16
0x000076573fffdc20:   0000000000000006 000076573fffddd0
0x000076573fffdc30:   000076573fffdd30 00007659645f83ef
0x000076573fffdc40:   0000000006defa10 d1462b235f60624b
0x000076573fffdc50:   00007656488317b0 000076573fffddf0
0x000076573fffdc60:   0000000000000008 000076573fffddc0
0x000076573fffdc70:   000076573fffddd0 000076573fffde90
0x000076573fffdc80:   000000063fffdcd0 000076580e154b10
0x000076573fffdc90:   000076573fffddb0 00000000000000e0
0x000076573fffdca0:   000076573fffdb60 0000000100000000
0x000076573fffdcb0:   000076573fffdcdc 000076573fffdcd8
0x000076573fffdcc0:   000076573fffddb8 000076573fffdc20
0x000076573fffdcd0:   000076573fffdd00 0000000100000000
0x000076573fffdce0:   0000000000000001 00007659645fd2a0
0x000076573fffdcf0:   000076573fffddb8 e6fb8ffd0ed6b800
0x000076573fffdd00:   000076573fffdda0 0000000000000001
0x000076573fffdd10:   0000000000000001 000076573fffddb0
0x000076573fffdd20:   000076573fffde90 0000000000000010
0x000076573fffdd30:   000076573fffdda0 00007659645fb0be
0x000076573fffdd40:   000000000e7b2690 000000000e7b2690
0x000076573fffdd50:   0000000000b495b8 0000000000b49608
0x000076573fffdd60:   0000000000b491a8 e6fb8ffd0ed6b800
0x000076573fffdd70:   000076573fffdda0 0000000000a408a0 

Instructions: (pc=0x000076580e172617)
0x000076580e172517:   00 00 e8 c2 af fb ff 48 83 c5 20 49 39 ec 75 e1
0x000076580e172527:   48 8b ab a8 00 00 00 48 85 ed 74 08 48 89 ef e8
0x000076580e172537:   a5 af fb ff 48 8b bb 88 00 00 00 48 8d b3 98 00
0x000076580e172547:   00 00 48 39 f7 74 05 e8 8d af fb ff 48 8b 7b 68
0x000076580e172557:   4c 8d 43 78 4c 39 c7 74 05 e8 7b af fb ff 48 8b
0x000076580e172567:   7b 48 4c 8d 4b 58 4c 39 cf 74 05 e8 69 af fb ff
0x000076580e172577:   48 8b 7b 28 4c 8d 53 38 4c 39 d7 74 05 e8 57 af
0x000076580e172587:   fb ff 48 8b 3b 48 83 c3 10 48 39 df 74 6b 5b 5d
0x000076580e172597:   41 5c e9 42 af fb ff 66 90 48 83 c5 20 49 39 ec
0x000076580e1725a7:   0f 85 5b ff ff ff e9 75 ff ff ff 66 0f 1f 44 00
0x000076580e1725b7:   00 48 83 c5 20 49 39 ec 0f 85 fb fc ff ff e9 15
0x000076580e1725c7:   fd ff ff 66 0f 1f 44 00 00 48 83 c5 18 49 39 ec
0x000076580e1725d7:   0f 85 03 fc ff ff e9 19 fc ff ff 66 0f 1f 44 00
0x000076580e1725e7:   00 48 83 c5 18 49 39 ec 0f 85 33 fc ff ff e9 49
0x000076580e1725f7:   fc ff ff 66 0f 1f 44 00 00 5b 5d 41 5c c3 66 2e
0x000076580e172607:   0f 1f 84 00 00 00 00 00 90 53 48 8b 07 48 89 fb
0x000076580e172617:   ff 50 10 48 83 3d 36 21 71 00 00 75 2c 8b 4b 0c
0x000076580e172627:   8d 51 ff 89 53 0c 83 f9 01 74 06 5b c3 0f 1f 40
0x000076580e172637:   00 48 8b 33 48 89 df 5b 4c 8b 46 18 41 ff e0 66
0x000076580e172647:   2e 0f 1f 84 00 00 00 00 00 b9 ff ff ff ff f0 0f
0x000076580e172657:   c1 4b 0c eb d1 0f 1f 40 00 48 b8 01 00 00 00 01
0x000076580e172667:   00 00 00 48 8b 57 08 48 39 c2 74 2d 48 83 3d dd
0x000076580e172677:   20 71 00 00 75 13 8b 77 08 44 8d 46 ff 44 89 47
0x000076580e172687:   08 83 fe 01 74 43 c3 66 90 48 8d 4f 08 be ff ff
0x000076580e172697:   ff ff f0 0f c1 31 eb e9 90 48 83 ec 18 4c 8b 0f
0x000076580e1726a7:   48 c7 47 08 00 00 00 00 48 89 7c 24 08 41 ff 51
0x000076580e1726b7:   10 48 8b 7c 24 08 4c 8b 17 4d 8b 5a 18 48 83 c4
0x000076580e1726c7:   18 41 ff e3 0f 1f 44 00 00 e9 cb 6e fb ff 66 2e
0x000076580e1726d7:   0f 1f 84 00 00 00 00 00 90 48 89 f0 41 56 48 c1
0x000076580e1726e7:   e8 3c 41 55 41 54 55 53 0f 85 80 00 00 00 48 8b
0x000076580e1726f7:   17 48 8b 4f 10 48 89 fb 48 29 d1 48 c1 f9 03 48
0x000076580e172707:   39 f1 72 0d 5b 5d 41 5c 41 5d 41 5e c3 0f 1f 40 



---------------  P R O C E S S  ---------------

VM state: at safepoint (shutting down)

VM Mutex/Monitor currently owned by a thread:  ([mutex/lock_event])
[0x000076580c119cf0] Threads_lock - owner thread: 0x00000000098955c0
[0x000076580c119bf0] Heap_lock - owner thread: 0x0000765768009110

Heap address: 0x0000000600000000, size: 8192 MB, Compressed Oops mode: Zero based, Oop shift amount: 3

CDS archive(s) mapped at: [0x0000765783000000-0x0000765783c97000-0x0000765783c97000), size 13201408, SharedBaseAddress: 0x0000765783000000, ArchiveRelocationMode: 1.
Compressed class space mapped at: 0x0000765784000000-0x00007657c4000000, reserved size: 1073741824
Narrow klass base: 0x0000765783000000, Narrow klass shift: 0, Narrow klass range: 0x100000000

GC Precious Log:
<Skipped>

Heap:
 garbage-first heap   total 69632K, used 19890K [0x0000000600000000, 0x0000000800000000)
  region size 4096K, 1 young (4096K), 0 survivors (0K)
 Metaspace       used 3882K, committed 4032K, reserved 1114112K
  class space    used 379K, committed 448K, reserved 1048576K

Heap Regions: E=young(eden), S=young(survivor), O=old, HS=humongous(starts), HC=humongous(continues), CS=collection set, F=free, TAMS=top-at-mark-start, PB=parsable bottom
|   0|0x0000000600000000, 0x0000000600400000, 0x0000000600400000|100%|HS|  |TAMS 0x0000000600000000| PB 0x0000000600000000| Untracked 
|   1|0x0000000600400000, 0x00000006007ffff8, 0x0000000600800000| 99%| O|  |TAMS 0x0000000600400000| PB 0x0000000600400000| Untracked 
|   2|0x0000000600800000, 0x0000000600c00000, 0x0000000600c00000|100%|HS|  |TAMS 0x0000000600800000| PB 0x0000000600800000| Untracked 
|   3|0x0000000600c00000, 0x0000000600f70180, 0x0000000601000000| 85%| O|  |TAMS 0x0000000600c00000| PB 0x0000000600c00000| Untracked 
|   4|0x0000000601000000, 0x00000006013fc6f8, 0x0000000601400000| 99%| O|  |TAMS 0x0000000601000000| PB 0x0000000601000000| Untracked 
|   5|0x0000000601400000, 0x0000000601400000, 0x0000000601800000|  0%| F|  |TAMS 0x0000000601400000| PB 0x0000000601400000| Untracked 
|   6|0x0000000601800000, 0x0000000601800000, 0x0000000601c00000|  0%| F|  |TAMS 0x0000000601800000| PB 0x0000000601800000| Untracked 
|   7|0x0000000601c00000, 0x0000000601c00000, 0x0000000602000000|  0%| F|  |TAMS 0x0000000601c00000| PB 0x0000000601c00000| Untracked 
|   8|0x0000000602000000, 0x0000000602000000, 0x0000000602400000|  0%| F|  |TAMS 0x0000000602000000| PB 0x0000000602000000| Untracked 
|   9|0x0000000602400000, 0x0000000602400000, 0x0000000602800000|  0%| F|  |TAMS 0x0000000602400000| PB 0x0000000602400000| Untracked 
|  10|0x0000000602800000, 0x0000000602800000, 0x0000000602c00000|  0%| F|  |TAMS 0x0000000602800000| PB 0x0000000602800000| Untracked 
|  11|0x0000000602c00000, 0x0000000602c00000, 0x0000000603000000|  0%| F|  |TAMS 0x0000000602c00000| PB 0x0000000602c00000| Untracked 
|  12|0x0000000603000000, 0x0000000603000000, 0x0000000603400000|  0%| F|  |TAMS 0x0000000603000000| PB 0x0000000603000000| Untracked 
|  13|0x0000000603400000, 0x0000000603400000, 0x0000000603800000|  0%| F|  |TAMS 0x0000000603400000| PB 0x0000000603400000| Untracked 
|  14|0x0000000603800000, 0x0000000603800000, 0x0000000603c00000|  0%| F|  |TAMS 0x0000000603800000| PB 0x0000000603800000| Untracked 
|  15|0x0000000603c00000, 0x0000000603c00000, 0x0000000604000000|  0%| F|  |TAMS 0x0000000603c00000| PB 0x0000000603c00000| Untracked 
|  16|0x0000000604000000, 0x0000000604208d28, 0x0000000604400000| 50%| E|  |TAMS 0x0000000604000000| PB 0x0000000604000000| Complete 

Card table byte_map: [0x00007657ed400000,0x00007657ee400000] _byte_map_base: 0x00007657ea400000

Marking Bits: (CMBitMap*) 0x0000000009336a90
 Bits: [0x00007657e5400000, 0x00007657ed400000)

Polling page: 0x0000765961eb3000

Metaspace:

Usage:
  Non-class:      3.42 MB used.
      Class:    379.80 KB used.
       Both:      3.79 MB used.

Virtual space:
  Non-class space:       64.00 MB reserved,       3.50 MB (  5%) committed,  1 nodes.
      Class space:        1.00 GB reserved,     448.00 KB ( <1%) committed,  1 nodes.
             Both:        1.06 GB reserved,       3.94 MB ( <1%) committed. 

Chunk freelists:
   Non-Class:  10.94 MB
       Class:  15.56 MB
        Both:  26.50 MB

MaxMetaspaceSize: unlimited
CompressedClassSpaceSize: 1.00 GB
Initial GC threshold: 21.00 MB
Current GC threshold: 21.00 MB
CDS: on
 - commit_granule_bytes: 65536.
 - commit_granule_words: 8192.
 - virtual_space_node_default_size: 8388608.
 - enlarge_chunks_in_place: 1.
 - use_allocation_guard: 0.


Internal statistics:

num_allocs_failed_limit: 0.
num_arena_births: 74.
num_arena_deaths: 0.
num_vsnodes_births: 2.
num_vsnodes_deaths: 0.
num_space_committed: 63.
num_space_uncommitted: 0.
num_chunks_returned_to_freelist: 0.
num_chunks_taken_from_freelist: 135.
num_chunk_merges: 0.
num_chunk_splits: 95.
num_chunks_enlarged: 63.
num_inconsistent_stats: 0.

CodeHeap 'non-profiled nmethods': size=118592Kb used=776Kb max_used=783Kb free=117816Kb
 bounds [0x00007657fb030000, 0x00007657fb2a0000, 0x0000765802400000]
CodeHeap 'profiled nmethods': size=118588Kb used=1986Kb max_used=1993Kb free=116601Kb
 bounds [0x00007657f3400000, 0x00007657f3670000, 0x00007657fa7cf000]
CodeHeap 'non-nmethods': size=8580Kb used=2587Kb max_used=4413Kb free=5992Kb
 bounds [0x00007657fa7cf000, 0x00007657fac3f000, 0x00007657fb030000]
 total_blobs=1739 nmethods=1271 adapters=371
 compilation: enabled
              stopped_count=0, restarted_count=0
 full_count=0

Compilation events (20 events):
Event: 3.165 Thread 0x00000000098a6c10 nmethod 1436 0x00007657f34f4d10 code [0x00007657f34f4ee0, 0x00007657f34f5350]
Event: 3.165 Thread 0x000076575802ef10 nmethod 1438 0x00007657fb0ebf10 code [0x00007657fb0ec0a0, 0x00007657fb0ec140]
Event: 3.165 Thread 0x00000000098a5300 nmethod 1267 0x00007657fb0ec210 code [0x00007657fb0ec3a0, 0x00007657fb0ec7b0]
Event: 3.166 Thread 0x000076575802da00 nmethod 1437 0x00007657f34f3b90 code [0x00007657f34f3de0, 0x00007657f34f4860]
Event: 3.166 Thread 0x0000765754072440 nmethod 1418 0x00007657fb0ec890 code [0x00007657fb0eca20, 0x00007657fb0ecd88]
Event: 3.166 Thread 0x000076574c0e71e0 1439       4       java.util.ArrayList::iterator (9 bytes)
Event: 3.167 Thread 0x000076574c0e71e0 nmethod 1439 0x00007657fb0ece90 code [0x00007657fb0ed020, 0x00007657fb0ed128]
Event: 3.198 Thread 0x000076574c0e71e0 1440       4       jdk.internal.jimage.ImageStringsReader::hashCode (33 bytes)
Event: 3.204 Thread 0x000076574c0e71e0 nmethod 1440 0x00007657fb0ed210 code [0x00007657fb0ed3c0, 0x00007657fb0ed980]
Event: 3.214 Thread 0x00000000098a6c10 1441       3       jdk.internal.loader.URLClassPath$1::hasMoreElements (5 bytes)
Event: 3.215 Thread 0x00000000098a6c10 nmethod 1441 0x00007657f3573310 code [0x00007657f35734c0, 0x00007657f35735f8]
Event: 3.246 Thread 0x0000765758137620 nmethod 1396 0x00007657fb0edc90 code [0x00007657fb0ee080, 0x00007657fb0f1c38]
Event: 7.814 Thread 0x000076575802ef10 1442       3       java.lang.Thread::interrupted (7 bytes)
Event: 7.814 Thread 0x00000000098a6c10 1443       3       java.lang.Thread::getAndClearInterrupt (19 bytes)
Event: 7.815 Thread 0x00000000098a6c10 nmethod 1443 0x00007657f35b8110 code [0x00007657f35b82c0, 0x00007657f35b8448]
Event: 7.815 Thread 0x000076575802ef10 nmethod 1442 0x00007657f35b7b90 code [0x00007657f35b7d40, 0x00007657f35b7fa8]
Event: 11.375 Thread 0x00000000098a6c10 1444       3       org.jpype.manager.TypeManager$Destroyer::add (101 bytes)
Event: 11.375 Thread 0x000076575802da00 1445       3       org.jpype.manager.TypeManager$Destroyer::add (39 bytes)
Event: 11.375 Thread 0x000076575802da00 nmethod 1445 0x00007657f34f3690 code [0x00007657f34f3840, 0x00007657f34f3a50]
Event: 11.375 Thread 0x00000000098a6c10 nmethod 1444 0x00007657f34f2e10 code [0x00007657f34f3000, 0x00007657f34f3480]

GC Heap History (20 events):
Event: 0.290 GC heap before
{Heap before GC invocations=2 (full 2):
 garbage-first heap   total 40960K, used 6412K [0x0000000600000000, 0x0000000800000000)
  region size 4096K, 1 young (4096K), 0 survivors (0K)
 Metaspace       used 1559K, committed 1664K, reserved 1114112K
  class space    used 128K, committed 192K, reserved 1048576K
}
Event: 0.307 GC heap after
{Heap after GC invocations=3 (full 3):
 garbage-first heap   total 28672K, used 6412K [0x0000000600000000, 0x0000000800000000)
  region size 4096K, 0 young (0K), 0 survivors (0K)
 Metaspace       used 1559K, committed 1664K, reserved 1114112K
  class space    used 128K, committed 192K, reserved 1048576K
}
Event: 0.472 GC heap before
{Heap before GC invocations=3 (full 3):
 garbage-first heap   total 28672K, used 14604K [0x0000000600000000, 0x0000000800000000)
  region size 4096K, 2 young (8192K), 0 survivors (0K)
 Metaspace       used 2122K, committed 2304K, reserved 1114112K
  class space    used 178K, committed 256K, reserved 1048576K
}
Event: 0.477 GC heap after
{Heap after GC invocations=4 (full 3):
 garbage-first heap   total 28672K, used 8428K [0x0000000600000000, 0x0000000800000000)
  region size 4096K, 1 young (4096K), 1 survivors (4096K)
 Metaspace       used 2122K, committed 2304K, reserved 1114112K
  class space    used 178K, committed 256K, reserved 1048576K
}
Event: 0.487 GC heap before
{Heap before GC invocations=4 (full 3):
 garbage-first heap   total 28672K, used 12524K [0x0000000600000000, 0x0000000800000000)
  region size 4096K, 2 young (8192K), 1 survivors (4096K)
 Metaspace       used 2128K, committed 2304K, reserved 1114112K
  class space    used 178K, committed 256K, reserved 1048576K
}
Event: 0.491 GC heap after
{Heap after GC invocations=5 (full 3):
 garbage-first heap   total 28672K, used 7704K [0x0000000600000000, 0x0000000800000000)
  region size 4096K, 1 young (4096K), 1 survivors (4096K)
 Metaspace       used 2128K, committed 2304K, reserved 1114112K
  class space    used 178K, committed 256K, reserved 1048576K
}
Event: 0.511 GC heap before
{Heap before GC invocations=5 (full 3):
 garbage-first heap   total 28672K, used 15896K [0x0000000600000000, 0x0000000800000000)
  region size 4096K, 3 young (12288K), 1 survivors (4096K)
 Metaspace       used 2144K, committed 2304K, reserved 1114112K
  class space    used 178K, committed 256K, reserved 1048576K
}
Event: 0.516 GC heap after
{Heap after GC invocations=6 (full 3):
 garbage-first heap   total 28672K, used 8407K [0x0000000600000000, 0x0000000800000000)
  region size 4096K, 1 young (4096K), 1 survivors (4096K)
 Metaspace       used 2144K, committed 2304K, reserved 1114112K
  class space    used 178K, committed 256K, reserved 1048576K
}
Event: 0.530 GC heap before
{Heap before GC invocations=6 (full 3):
 garbage-first heap   total 28672K, used 16599K [0x0000000600000000, 0x0000000800000000)
  region size 4096K, 3 young (12288K), 1 survivors (4096K)
 Metaspace       used 2150K, committed 2304K, reserved 1114112K
  class space    used 178K, committed 256K, reserved 1048576K
}
Event: 0.540 GC heap after
{Heap after GC invocations=7 (full 3):
 garbage-first heap   total 1064960K, used 9279K [0x0000000600000000, 0x0000000800000000)
  region size 4096K, 1 young (4096K), 1 survivors (4096K)
 Metaspace       used 2150K, committed 2304K, reserved 1114112K
  class space    used 178K, committed 256K, reserved 1048576K
}
Event: 0.659 GC heap before
{Heap before GC invocations=7 (full 3):
 garbage-first heap   total 1064960K, used 21567K [0x0000000600000000, 0x0000000800000000)
  region size 4096K, 5 young (20480K), 1 survivors (4096K)
 Metaspace       used 2213K, committed 2368K, reserved 1114112K
  class space    used 178K, committed 256K, reserved 1048576K
}
Event: 0.677 GC heap after
{Heap after GC invocations=8 (full 4):
 garbage-first heap   total 81920K, used 10279K [0x0000000600000000, 0x0000000800000000)
  region size 4096K, 0 young (0K), 0 survivors (0K)
 Metaspace       used 2213K, committed 2368K, reserved 1114112K
  class space    used 178K, committed 256K, reserved 1048576K
}
Event: 0.937 GC heap before
{Heap before GC invocations=8 (full 4):
 garbage-first heap   total 81920K, used 26663K [0x0000000600000000, 0x0000000800000000)
  region size 4096K, 4 young (16384K), 0 survivors (0K)
 Metaspace       used 3108K, committed 3264K, reserved 1114112K
  class space    used 284K, committed 384K, reserved 1048576K
}
Event: 0.977 GC heap after
{Heap after GC invocations=9 (full 5):
 garbage-first heap   total 69632K, used 19493K [0x0000000600000000, 0x0000000800000000)
  region size 4096K, 0 young (0K), 0 survivors (0K)
 Metaspace       used 3108K, committed 3264K, reserved 1114112K
  class space    used 284K, committed 384K, reserved 1048576K
}
Event: 1.624 GC heap before
{Heap before GC invocations=9 (full 5):
 garbage-first heap   total 69632K, used 19493K [0x0000000600000000, 0x0000000800000000)
  region size 4096K, 1 young (4096K), 0 survivors (0K)
 Metaspace       used 3108K, committed 3264K, reserved 1114112K
  class space    used 284K, committed 384K, reserved 1048576K
}
Event: 1.691 GC heap after
{Heap after GC invocations=10 (full 6):
 garbage-first heap   total 69632K, used 19493K [0x0000000600000000, 0x0000000800000000)
  region size 4096K, 0 young (0K), 0 survivors (0K)
 Metaspace       used 3108K, committed 3264K, reserved 1114112K
  class space    used 284K, committed 384K, reserved 1048576K
}
Event: 2.655 GC heap before
{Heap before GC invocations=10 (full 6):
 garbage-first heap   total 69632K, used 19493K [0x0000000600000000, 0x0000000800000000)
  region size 4096K, 1 young (4096K), 0 survivors (0K)
 Metaspace       used 3123K, committed 3264K, reserved 1114112K
  class space    used 284K, committed 384K, reserved 1048576K
}
Event: 2.718 GC heap after
{Heap after GC invocations=11 (full 7):
 garbage-first heap   total 69632K, used 19494K [0x0000000600000000, 0x0000000800000000)
  region size 4096K, 0 young (0K), 0 survivors (0K)
 Metaspace       used 3123K, committed 3264K, reserved 1114112K
  class space    used 284K, committed 384K, reserved 1048576K
}
Event: 3.558 GC heap before
{Heap before GC invocations=11 (full 7):
 garbage-first heap   total 69632K, used 19494K [0x0000000600000000, 0x0000000800000000)
  region size 4096K, 1 young (4096K), 0 survivors (0K)
 Metaspace       used 3786K, committed 3968K, reserved 1114112K
  class space    used 364K, committed 448K, reserved 1048576K
}
Event: 3.630 GC heap after
{Heap after GC invocations=12 (full 8):
 garbage-first heap   total 69632K, used 19890K [0x0000000600000000, 0x0000000800000000)
  region size 4096K, 0 young (0K), 0 survivors (0K)
 Metaspace       used 3786K, committed 3968K, reserved 1114112K
  class space    used 364K, committed 448K, reserved 1048576K
}

Dll operation events (7 events):
Event: 0.014 Loaded shared library /usr/lib/jvm/java-21-openjdk-amd64/lib/libjava.so
Event: 0.038 Loaded shared library /usr/lib/jvm/java-21-openjdk-amd64/lib/libjsvml.so
Event: 0.041 Loaded shared library /usr/lib/jvm/java-21-openjdk-amd64/lib/libnio.so
Event: 0.055 Loaded shared library /usr/lib/jvm/java-21-openjdk-amd64/lib/libzip.so
Event: 0.077 Loaded shared library /home/henriqueramos_qs/meta-learning-concept-drift/.venv/lib/python3.12/site-packages/_jpype.cpython-312-x86_64-linux-gnu.so
Event: 0.096 Loaded shared library /usr/lib/jvm/java-21-openjdk-amd64/lib/libjimage.so
Event: 0.761 Loaded shared library /usr/lib/jvm/java-21-openjdk-amd64/lib/libnet.so

Deoptimization events (20 events):
Event: 1.845 Thread 0x000000000930a680 Uncommon trap: trap_request=0xffffff45 fr.pc=0x00007657fb04badc relative=0x00000000000000bc
Event: 1.845 Thread 0x000000000930a680 Uncommon trap: reason=unstable_if action=reinterpret pc=0x00007657fb04badc method=java.lang.String.hashCode()I @ 42 c2
Event: 1.845 Thread 0x000000000930a680 DEOPT PACKING pc=0x00007657fb04badc sp=0x00007fff61b29be0
Event: 1.845 Thread 0x000000000930a680 DEOPT UNPACKING pc=0x00007657fa826619 sp=0x00007fff61b29b90 mode 2
Event: 1.845 Thread 0x000000000930a680 Uncommon trap: trap_request=0xffffff45 fr.pc=0x00007657fb099530 relative=0x00000000000004f0
Event: 1.845 Thread 0x000000000930a680 Uncommon trap: reason=unstable_if action=reinterpret pc=0x00007657fb099530 method=jdk.internal.jimage.ImageStringsReader.stringFromByteBufferMatches(Ljava/nio/ByteBuffer;ILjava/lang/String;I)I @ 48 c2
Event: 1.845 Thread 0x000000000930a680 DEOPT PACKING pc=0x00007657fb099530 sp=0x00007fff61b29660
Event: 1.845 Thread 0x000000000930a680 DEOPT UNPACKING pc=0x00007657fa826619 sp=0x00007fff61b295f8 mode 2
Event: 1.845 Thread 0x000000000930a680 Uncommon trap: trap_request=0xffffff45 fr.pc=0x00007657fb074480 relative=0x00000000000002c0
Event: 1.845 Thread 0x000000000930a680 Uncommon trap: reason=unstable_if action=reinterpret pc=0x00007657fb074480 method=java.lang.String.startsWith(Ljava/lang/String;I)Z @ 1 c2
Event: 1.845 Thread 0x000000000930a680 DEOPT PACKING pc=0x00007657fb074480 sp=0x00007fff61b29df0
Event: 1.845 Thread 0x000000000930a680 DEOPT UNPACKING pc=0x00007657fa826619 sp=0x00007fff61b29d80 mode 2
Event: 3.107 Thread 0x000000000930a680 DEOPT PACKING pc=0x00007657f35b7765 sp=0x00007fff61b2a6d0
Event: 3.107 Thread 0x000000000930a680 DEOPT UNPACKING pc=0x00007657fa82714f sp=0x00007fff61b29bd8 mode 0
Event: 3.129 Thread 0x000000000930a680 Uncommon trap: trap_request=0xffffffc6 fr.pc=0x00007657fb0aa3a4 relative=0x00000000000026a4
Event: 3.129 Thread 0x000000000930a680 Uncommon trap: reason=bimorphic_or_optimized_type_check action=maybe_recompile pc=0x00007657fb0aa3a4 method=java.util.HashMap.putVal(ILjava/lang/Object;Ljava/lang/Object;ZZ)Ljava/lang/Object; @ 91 c2
Event: 3.129 Thread 0x000000000930a680 DEOPT PACKING pc=0x00007657fb0aa3a4 sp=0x00007fff61b29410
Event: 3.129 Thread 0x000000000930a680 DEOPT UNPACKING pc=0x00007657fa826619 sp=0x00007fff61b29350 mode 2
Event: 3.131 Thread 0x000000000930a680 DEOPT PACKING pc=0x00007657f35b5126 sp=0x00007fff61b295e0
Event: 3.131 Thread 0x000000000930a680 DEOPT UNPACKING pc=0x00007657fa82714f sp=0x00007fff61b28a50 mode 0

Classes loaded (20 events):
Event: 11.367 Loading class java/lang/System$Logger$Level
Event: 11.367 Loading class java/lang/System$Logger$Level done
Event: 11.368 Loading class jdk/internal/logger/SurrogateLogger
Event: 11.368 Loading class jdk/internal/logger/SimpleConsoleLogger
Event: 11.368 Loading class sun/util/logging/PlatformLogger$ConfigurableBridge$LoggerConfiguration
Event: 11.368 Loading class sun/util/logging/PlatformLogger$ConfigurableBridge$LoggerConfiguration done
Event: 11.368 Loading class jdk/internal/logger/SimpleConsoleLogger done
Event: 11.368 Loading class jdk/internal/logger/SurrogateLogger done
Event: 11.368 Loading class sun/util/logging/PlatformLogger
Event: 11.368 Loading class sun/util/logging/PlatformLogger done
Event: 11.368 Loading class sun/util/logging/PlatformLogger$Level
Event: 11.368 Loading class sun/util/logging/PlatformLogger$Level done
Event: 11.369 Loading class jdk/internal/event/ThreadSleepEvent
Event: 11.369 Loading class jdk/internal/event/Event
Event: 11.369 Loading class jdk/internal/event/Event done
Event: 11.369 Loading class jdk/internal/event/ThreadSleepEvent done
Event: 11.375 Loading class java/util/WeakHashMap$KeyIterator
Event: 11.375 Loading class java/util/WeakHashMap$HashIterator
Event: 11.375 Loading class java/util/WeakHashMap$HashIterator done
Event: 11.375 Loading class java/util/WeakHashMap$KeyIterator done

Classes unloaded (0 events):
No events

Classes redefined (0 events):
No events

Internal exceptions (9 events):
Event: 0.079 Thread 0x000000000930a680 Exception <a 'java/lang/NoSuchMethodError'{0x000000067fd03240}: 'int java.lang.invoke.DirectMethodHandle$Holder.invokeStaticInit(java.lang.Object, java.lang.Object)'> (0x000000067fd03240) 
thrown [./src/hotspot/share/interpreter/linkResolver.cpp, line 772]
Event: 0.080 Thread 0x000000000930a680 Exception <a 'java/lang/NoSuchMethodError'{0x000000067fd09468}: 'java.lang.Object java.lang.invoke.DirectMethodHandle$Holder.invokeStaticInit(java.lang.Object, int)'> (0x000000067fd09468) 
thrown [./src/hotspot/share/interpreter/linkResolver.cpp, line 772]
Event: 0.081 Thread 0x000000000930a680 Exception <a 'java/lang/NoSuchMethodError'{0x000000067fd138c0}: 'int java.lang.invoke.DirectMethodHandle$Holder.invokeSpecial(java.lang.Object, java.lang.Object, java.lang.Object)'> (0x000000067fd138c0) 
thrown [./src/hotspot/share/interpreter/linkResolver.cpp, line 772]
Event: 0.083 Thread 0x000000000930a680 Exception <a 'java/lang/NoSuchMethodError'{0x000000067fd237c8}: 'java.lang.Object java.lang.invoke.DirectMethodHandle$Holder.invokeStatic(java.lang.Object, java.lang.Object, int)'> (0x000000067fd237c8) 
thrown [./src/hotspot/share/interpreter/linkResolver.cpp, line 772]
Event: 0.085 Thread 0x000000000930a680 Exception <a 'java/lang/NoSuchMethodError'{0x000000067fd2ee88}: 'void java.lang.invoke.DelegatingMethodHandle$Holder.delegate(java.lang.Object, java.lang.Object, int, java.lang.Object)'> (0x000000067fd2ee88) 
thrown [./src/hotspot/share/interpreter/linkResolver.cpp, line 772]
Event: 0.102 Thread 0x000000000930a680 Exception <a 'java/lang/NoSuchMethodError'{0x000000067fdcd390}: 'java.lang.Object java.lang.invoke.DirectMethodHandle$Holder.invokeInterface(java.lang.Object, java.lang.Object)'> (0x000000067fdcd390) 
thrown [./src/hotspot/share/interpreter/linkResolver.cpp, line 772]
Event: 0.102 Thread 0x000000000930a680 Exception <a 'java/lang/IncompatibleClassChangeError'{0x000000067fdd0628}: Found class java.lang.Object, but interface was expected> (0x000000067fdd0628) 
thrown [./src/hotspot/share/interpreter/linkResolver.cpp, line 840]
Event: 0.190 Thread 0x000000000930a680 Exception <a 'java/lang/NoSuchMethodError'{0x0000000604c5f5f8}: method resolution failed> (0x0000000604c5f5f8) 
thrown [./src/hotspot/share/prims/methodHandles.cpp, line 1144]
Event: 0.193 Thread 0x000000000930a680 Exception <a 'java/lang/NoSuchMethodError'{0x0000000604c68a28}: 'java.lang.Object java.lang.invoke.Invokers$Holder.invokeExact_MT(java.lang.Object, java.lang.Object, java.lang.Object, java.lang.Object, java.lang.Object)'> (0x0000000604c68a28) 
thrown [./src/hotspot/share/interpreter/linkResolver.cpp, line 772]

ZGC Phase Switch (0 events):
No events

VM Operations (20 events):
Event: 0.540 Executing VM operation: G1CollectForAllocation (G1 Evacuation Pause) done
Event: 0.659 Executing VM operation: G1CollectFull (System.gc())
Event: 0.677 Executing VM operation: G1CollectFull (System.gc()) done
Event: 0.843 Executing VM operation: HandshakeAllThreads (Deoptimize)
Event: 0.843 Executing VM operation: HandshakeAllThreads (Deoptimize) done
Event: 0.913 Executing VM operation: HandshakeAllThreads (Deoptimize)
Event: 0.913 Executing VM operation: HandshakeAllThreads (Deoptimize) done
Event: 0.922 Executing VM operation: HandshakeAllThreads (Deoptimize)
Event: 0.922 Executing VM operation: HandshakeAllThreads (Deoptimize) done
Event: 0.937 Executing VM operation: G1CollectFull (System.gc())
Event: 0.977 Executing VM operation: G1CollectFull (System.gc()) done
Event: 1.624 Executing VM operation: G1CollectFull (System.gc())
Event: 1.691 Executing VM operation: G1CollectFull (System.gc()) done
Event: 2.655 Executing VM operation: G1CollectFull (System.gc())
Event: 2.718 Executing VM operation: G1CollectFull (System.gc()) done
Event: 3.558 Executing VM operation: G1CollectFull (System.gc())
Event: 3.630 Executing VM operation: G1CollectFull (System.gc()) done
Event: 11.374 Executing VM operation: ThreadDump
Event: 11.374 Executing VM operation: ThreadDump done
Event: 11.376 Executing VM operation: Exit

Memory protections (20 events):
Event: 0.045 Protecting memory [0x00007657d0800000,0x00007657d0804000] with protection modes 0
Event: 0.045 Protecting memory [0x00007657d0700000,0x00007657d0704000] with protection modes 0
Event: 0.045 Protecting memory [0x00007657d0600000,0x00007657d0604000] with protection modes 0
Event: 0.051 Protecting memory [0x00007657d0500000,0x00007657d0504000] with protection modes 0
Event: 0.051 Protecting memory [0x00007657d0400000,0x00007657d0404000] with protection modes 0
Event: 0.088 Protecting memory [0x0000765965012000,0x0000765965013000] with protection modes 1
Event: 0.095 Protecting memory [0x000076573f600000,0x000076573f604000] with protection modes 0
Event: 0.445 Protecting memory [0x000076577c4fe000,0x000076577c502000] with protection modes 0
Event: 0.445 Protecting memory [0x000076577c3fe000,0x000076577c402000] with protection modes 0
Event: 0.457 Protecting memory [0x000076577c2fe000,0x000076577c302000] with protection modes 0
Event: 0.466 Protecting memory [0x000076577c1fe000,0x000076577c202000] with protection modes 0
Event: 0.794 Protecting memory [0x00007657d0400000,0x00007657d0404000] with protection modes 0
Event: 0.795 Protecting memory [0x000076577c2fe000,0x000076577c302000] with protection modes 0
Event: 0.795 Protecting memory [0x000076577c1fe000,0x000076577c202000] with protection modes 0
Event: 3.115 Protecting memory [0x000076577c4fe000,0x000076577c502000] with protection modes 0
Event: 3.140 Protecting memory [0x000076577c3fe000,0x000076577c402000] with protection modes 0
Event: 3.156 Protecting memory [0x00007657d0500000,0x00007657d0504000] with protection modes 0
Event: 4.128 Protecting memory [0x0000765644ffc000,0x0000765645000000] with protection modes 0
Event: 11.366 Protecting memory [0x0000765646e00000,0x0000765646e04000] with protection modes 0
Event: 11.369 Protecting memory [0x0000765646400000,0x0000765646404000] with protection modes 0

Nmethod flushes (20 events):
Event: 1.666 Thread 0x00000000098955c0 flushing  nmethod 0x00007657f3583b90
Event: 1.666 Thread 0x00000000098955c0 flushing  nmethod 0x00007657f3584110
Event: 1.666 Thread 0x00000000098955c0 flushing  nmethod 0x00007657f3588890
Event: 1.666 Thread 0x00000000098955c0 flushing  nmethod 0x00007657f3589710
Event: 1.666 Thread 0x00000000098955c0 flushing  nmethod 0x00007657f3589f10
Event: 1.666 Thread 0x00000000098955c0 flushing  nmethod 0x00007657f358af10
Event: 1.666 Thread 0x00000000098955c0 flushing  nmethod 0x00007657f358b590
Event: 1.666 Thread 0x00000000098955c0 flushing  nmethod 0x00007657f358cb90
Event: 1.666 Thread 0x00000000098955c0 flushing  nmethod 0x00007657f358dc10
Event: 1.666 Thread 0x00000000098955c0 flushing  nmethod 0x00007657f358ed10
Event: 1.666 Thread 0x00000000098955c0 flushing  nmethod 0x00007657f358f890
Event: 1.666 Thread 0x00000000098955c0 flushing  nmethod 0x00007657f3590510
Event: 1.666 Thread 0x00000000098955c0 flushing  nmethod 0x00007657f35a8490
Event: 1.666 Thread 0x00000000098955c0 flushing  nmethod 0x00007657f35b3d10
Event: 2.692 Thread 0x00000000098955c0 flushing  nmethod 0x00007657fb0a7710
Event: 3.601 Thread 0x00000000098955c0 flushing  nmethod 0x00007657fb04b890
Event: 3.601 Thread 0x00000000098955c0 flushing  nmethod 0x00007657fb06b290
Event: 3.601 Thread 0x00000000098955c0 flushing  nmethod 0x00007657fb074010
Event: 3.601 Thread 0x00000000098955c0 flushing  nmethod 0x00007657fb098e90
Event: 3.601 Thread 0x00000000098955c0 flushing  nmethod 0x00007657f35b7b90

Events (20 events):
Event: 0.795 Thread 0x0000765754070e00 Thread added: 0x0000765724045d40
Event: 1.845 Thread 0x0000765724045d40 Thread exited: 0x0000765724045d40
Event: 1.846 Thread 0x0000765724045050 Thread exited: 0x0000765724045050
Event: 1.846 Thread 0x0000765724002150 Thread exited: 0x0000765724002150
Event: 1.846 Thread 0x0000765764080120 Thread exited: 0x0000765764080120
Event: 3.099 Thread 0x00007657540724f0 Thread exited: 0x00007657540724f0
Event: 3.103 Thread 0x0000765754070e00 Thread exited: 0x0000765754070e00
Event: 3.115 Thread 0x000076575802ef10 Thread added: 0x000076574c0e71e0
Event: 3.140 Thread 0x00000000098a6c10 Thread added: 0x0000765758137620
Event: 3.156 Thread 0x000076575802c500 Thread added: 0x0000765754072440
Event: 4.128 Thread 0x0000765638034820 Thread added: 0x0000765638034820
Event: 7.814 Thread 0x0000765754072440 Thread exited: 0x0000765754072440
Event: 11.366 Thread 0x00000000098a0510 Thread added: 0x0000765768009110
Event: 11.369 Thread 0x0000765768009110 Thread added: 0x00007654f4000f00
Event: 11.375 Thread 0x000000000992a0a0 Thread exited: 0x000000000992a0a0
Event: 11.375 Thread 0x000076575802ef10 Thread exited: 0x000076575802ef10
Event: 11.375 Thread 0x0000765758137620 Thread exited: 0x0000765758137620
Event: 11.375 Thread 0x000076574c0e71e0 Thread exited: 0x000076574c0e71e0
Event: 11.375 Thread 0x00007654f4000f00 Thread exited: 0x00007654f4000f00
Event: 11.375 Thread 0x0000765768009110 Before exit entered


Dynamic libraries:
00400000-00420000 r--p 00000000 08:05 8391364                            /usr/bin/python3.12
00420000-00703000 r-xp 00020000 08:05 8391364                            /usr/bin/python3.12
00703000-00a28000 r--p 00303000 08:05 8391364                            /usr/bin/python3.12
00a28000-00a29000 r--p 00627000 08:05 8391364                            /usr/bin/python3.12
00a29000-00ba7000 rw-p 00628000 08:05 8391364                            /usr/bin/python3.12
00ba7000-00bab000 rw-p 00000000 00:00 0 
062fa000-10148000 rw-p 00000000 00:00 0                                  [heap]
600000000-604400000 rw-p 00000000 00:00 0 
604400000-800000000 ---p 00000000 00:00 0 
7654bc000000-7654bc091000 rw-p 00000000 00:00 0 
7654bc091000-7654c0000000 ---p 00000000 00:00 0 
7654c4000000-7654c41b1000 rw-p 00000000 00:00 0 
7654c41b1000-7654c8000000 ---p 00000000 00:00 0 
7654cc000000-7654cc091000 rw-p 00000000 00:00 0 
7654cc091000-7654d0000000 ---p 00000000 00:00 0 
7654d4000000-7654d41dd000 rw-p 00000000 00:00 0 
7654d41dd000-7654d8000000 ---p 00000000 00:00 0 
7654dc000000-7654dc291000 rw-p 00000000 00:00 0 
7654dc291000-7654e0000000 ---p 00000000 00:00 0 
7654e4000000-7654e4080000 rw-p 00000000 00:00 0 
7654e4080000-7654e8000000 ---p 00000000 00:00 0 
7654ec000000-7654ec1b2000 rw-p 00000000 00:00 0 
7654ec1b2000-7654f0000000 ---p 00000000 00:00 0 
7654f4000000-7654f4290000 rw-p 00000000 00:00 0 
7654f4290000-7654f8000000 ---p 00000000 00:00 0 
7654fc000000-7654fc290000 rw-p 00000000 00:00 0 
7654fc290000-765500000000 ---p 00000000 00:00 0 
765504000000-765504021000 rw-p 00000000 00:00 0 
765504021000-765508000000 ---p 00000000 00:00 0 
76550c000000-76550c2c9000 rw-p 00000000 00:00 0 
76550c2c9000-765510000000 ---p 00000000 00:00 0 
765514000000-765514091000 rw-p 00000000 00:00 0 
765514091000-765518000000 ---p 00000000 00:00 0 
76551c000000-76551c084000 rw-p 00000000 00:00 0 
76551c084000-765520000000 ---p 00000000 00:00 0 
765524000000-765524093000 rw-p 00000000 00:00 0 
765524093000-765528000000 ---p 00000000 00:00 0 
76552c000000-76552c028000 rw-p 00000000 00:00 0 
76552c028000-765530000000 ---p 00000000 00:00 0 
765534000000-7655341b3000 rw-p 00000000 00:00 0 
7655341b3000-765538000000 ---p 00000000 00:00 0 
76553c000000-76553c021000 rw-p 00000000 00:00 0 
76553c021000-765540000000 ---p 00000000 00:00 0 
765544000000-765544290000 rw-p 00000000 00:00 0 
765544290000-765548000000 ---p 00000000 00:00 0 
76554c000000-76554c1b3000 rw-p 00000000 00:00 0 
76554c1b3000-765550000000 ---p 00000000 00:00 0 
765554000000-765554091000 rw-p 00000000 00:00 0 
765554091000-765558000000 ---p 00000000 00:00 0 
76555c000000-76555c1b2000 rw-p 00000000 00:00 0 
76555c1b2000-765560000000 ---p 00000000 00:00 0 
765564000000-765564021000 rw-p 00000000 00:00 0 
765564021000-765568000000 ---p 00000000 00:00 0 
76556c000000-76556c021000 rw-p 00000000 00:00 0 
76556c021000-765570000000 ---p 00000000 00:00 0 
765574000000-7655741b5000 rw-p 00000000 00:00 0 
7655741b5000-765578000000 ---p 00000000 00:00 0 
76557c000000-76557c091000 rw-p 00000000 00:00 0 
76557c091000-765580000000 ---p 00000000 00:00 0 
765584000000-765584021000 rw-p 00000000 00:00 0 
765584021000-765588000000 ---p 00000000 00:00 0 
76558c000000-76558c021000 rw-p 00000000 00:00 0 
76558c021000-765590000000 ---p 00000000 00:00 0 
765594000000-765594292000 rw-p 00000000 00:00 0 
765594292000-765598000000 ---p 00000000 00:00 0 
76559c000000-76559c293000 rw-p 00000000 00:00 0 
76559c293000-7655a0000000 ---p 00000000 00:00 0 
7655a4000000-7655a4091000 rw-p 00000000 00:00 0 
7655a4091000-7655a8000000 ---p 00000000 00:00 0 
7655ac000000-7655ac091000 rw-p 00000000 00:00 0 
7655ac091000-7655b0000000 ---p 00000000 00:00 0 
7655b4000000-7655b4093000 rw-p 00000000 00:00 0 
7655b4093000-7655b8000000 ---p 00000000 00:00 0 
7655bc000000-7655bc1b1000 rw-p 00000000 00:00 0 
7655bc1b1000-7655c0000000 ---p 00000000 00:00 0 
7655c4000000-7655c4091000 rw-p 00000000 00:00 0 
7655c4091000-7655c8000000 ---p 00000000 00:00 0 
7655c8ffa000-7655c8ffb000 ---p 00000000 00:00 0 
7655c8ffb000-7655c97fb000 rw-p 00000000 00:00 0 
7655c97fb000-7655c97fc000 ---p 00000000 00:00 0 
7655c97fc000-7655c9ffc000 rw-p 00000000 00:00 0 
7655c9ffc000-7655c9ffd000 ---p 00000000 00:00 0 
7655c9ffd000-7655ca7fd000 rw-p 00000000 00:00 0 
7655ca7fd000-7655ca7fe000 ---p 00000000 00:00 0 
7655ca7fe000-7655caffe000 rw-p 00000000 00:00 0 
7655caffe000-7655cafff000 ---p 00000000 00:00 0 
7655cafff000-7655cb7ff000 rw-p 00000000 00:00 0 
7655cb7ff000-7655cb800000 ---p 00000000 00:00 0 
7655cb800000-7655cc000000 rw-p 00000000 00:00 0 
7655cc000000-7655cc025000 rw-p 00000000 00:00 0 
7655cc025000-7655d0000000 ---p 00000000 00:00 0 
7655d07f9000-7655d07fa000 ---p 00000000 00:00 0 
7655d07fa000-7655d0ffa000 rw-p 00000000 00:00 0 
7655d0ffa000-7655d0ffb000 ---p 00000000 00:00 0 
7655d0ffb000-7655d17fb000 rw-p 00000000 00:00 0 
7655d17fb000-7655d17fc000 ---p 00000000 00:00 0 
7655d17fc000-7655d1ffc000 rw-p 00000000 00:00 0 
7655d1ffc000-7655d1ffd000 ---p 00000000 00:00 0 
7655d1ffd000-7655d27fd000 rw-p 00000000 00:00 0 
7655d27fd000-7655d27fe000 ---p 00000000 00:00 0 
7655d27fe000-7655d2ffe000 rw-p 00000000 00:00 0 
7655d2ffe000-7655d2fff000 ---p 00000000 00:00 0 
7655d2fff000-7655d37ff000 rw-p 00000000 00:00 0 
7655d37ff000-7655d3800000 ---p 00000000 00:00 0 
7655d3800000-7655d4000000 rw-p 00000000 00:00 0 
7655d4000000-7655d4021000 rw-p 00000000 00:00 0 
7655d4021000-7655d8000000 ---p 00000000 00:00 0 
7655d87f9000-7655d87fa000 ---p 00000000 00:00 0 
7655d87fa000-7655d8ffa000 rw-p 00000000 00:00 0 
7655d8ffa000-7655d8ffb000 ---p 00000000 00:00 0 
7655d8ffb000-7655d97fb000 rw-p 00000000 00:00 0 
7655d97fb000-7655d97fc000 ---p 00000000 00:00 0 
7655d97fc000-7655d9ffc000 rw-p 00000000 00:00 0 
7655d9ffc000-7655d9ffd000 ---p 00000000 00:00 0 
7655d9ffd000-7655da7fd000 rw-p 00000000 00:00 0 
7655da7fd000-7655da7fe000 ---p 00000000 00:00 0 
7655da7fe000-7655daffe000 rw-p 00000000 00:00 0 
7655daffe000-7655dafff000 ---p 00000000 00:00 0 
7655dafff000-7655db7ff000 rw-p 00000000 00:00 0 
7655db7ff000-7655db800000 ---p 00000000 00:00 0 
7655db800000-7655dc000000 rw-p 00000000 00:00 0 
7655dc000000-7655dc028000 rw-p 00000000 00:00 0 
7655dc028000-7655e0000000 ---p 00000000 00:00 0 
7655e0000000-7655e0021000 rw-p 00000000 00:00 0 
7655e0021000-7655e4000000 ---p 00000000 00:00 0 
7655e4000000-7655e4091000 rw-p 00000000 00:00 0 
7655e4091000-7655e8000000 ---p 00000000 00:00 0 
7655e87f9000-7655e87fa000 ---p 00000000 00:00 0 
7655e87fa000-7655e8ffa000 rw-p 00000000 00:00 0 
7655e8ffa000-7655e8ffb000 ---p 00000000 00:00 0 
7655e8ffb000-7655e97fb000 rw-p 00000000 00:00 0 
7655e97fb000-7655e97fc000 ---p 00000000 00:00 0 
7655e97fc000-7655e9ffc000 rw-p 00000000 00:00 0 
7655e9ffc000-7655e9ffd000 ---p 00000000 00:00 0 
7655e9ffd000-7655ea7fd000 rw-p 00000000 00:00 0 
7655ea7fd000-7655ea7fe000 ---p 00000000 00:00 0 
7655ea7fe000-7655eaffe000 rw-p 00000000 00:00 0 
7655eaffe000-7655eafff000 ---p 00000000 00:00 0 
7655eafff000-7655eb7ff000 rw-p 00000000 00:00 0 
7655eb7ff000-7655eb800000 ---p 00000000 00:00 0 
7655eb800000-7655ec000000 rw-p 00000000 00:00 0 
7655ec000000-7655ec021000 rw-p 00000000 00:00 0 
7655ec021000-7655f0000000 ---p 00000000 00:00 0 
7655f07f9000-7655f07fa000 ---p 00000000 00:00 0 
7655f07fa000-7655f0ffa000 rw-p 00000000 00:00 0 
7655f0ffa000-7655f0ffb000 ---p 00000000 00:00 0 
7655f0ffb000-7655f17fb000 rw-p 00000000 00:00 0 
7655f17fb000-7655f17fc000 ---p 00000000 00:00 0 
7655f17fc000-7655f1ffc000 rw-p 00000000 00:00 0 
7655f1ffc000-7655f1ffd000 ---p 00000000 00:00 0 
7655f1ffd000-7655f27fd000 rw-p 00000000 00:00 0 
7655f27fd000-7655f27fe000 ---p 00000000 00:00 0 
7655f27fe000-7655f2ffe000 rw-p 00000000 00:00 0 
7655f2ffe000-7655f2fff000 ---p 00000000 00:00 0 
7655f2fff000-7655f37ff000 rw-p 00000000 00:00 0 
7655f37ff000-7655f3800000 ---p 00000000 00:00 0 
7655f3800000-7655f4000000 rw-p 00000000 00:00 0 
7655f4000000-7655f4026000 rw-p 00000000 00:00 0 
7655f4026000-7655f8000000 ---p 00000000 00:00 0 
7655f87f9000-7655f87fa000 ---p 00000000 00:00 0 
7655f87fa000-7655f8ffa000 rw-p 00000000 00:00 0 
7655f8ffa000-7655f8ffb000 ---p 00000000 00:00 0 
7655f8ffb000-7655f97fb000 rw-p 00000000 00:00 0 
7655f97fb000-7655f97fc000 ---p 00000000 00:00 0 
7655f97fc000-7655f9ffc000 rw-p 00000000 00:00 0 
7655f9ffc000-7655f9ffd000 ---p 00000000 00:00 0 
7655f9ffd000-7655fa7fd000 rw-p 00000000 00:00 0 
7655fa7fd000-7655fa7fe000 ---p 00000000 00:00 0 
7655fa7fe000-7655faffe000 rw-p 00000000 00:00 0 
7655faffe000-7655fafff000 ---p 00000000 00:00 0 
7655fafff000-7655fb7ff000 rw-p 00000000 00:00 0 
7655fb7ff000-7655fb800000 ---p 00000000 00:00 0 
7655fb800000-7655fc000000 rw-p 00000000 00:00 0 
7655fc000000-7655fc28f000 rw-p 00000000 00:00 0 
7655fc28f000-765600000000 ---p 00000000 00:00 0 
765600000000-765600091000 rw-p 00000000 00:00 0 
765600091000-765604000000 ---p 00000000 00:00 0 
765604000000-765604021000 rw-p 00000000 00:00 0 
765604021000-765608000000 ---p 00000000 00:00 0 
7656087fd000-7656087fe000 ---p 00000000 00:00 0 
7656087fe000-765608ffe000 rw-p 00000000 00:00 0 
765608ffe000-765608fff000 ---p 00000000 00:00 0 
765608fff000-7656097ff000 rw-p 00000000 00:00 0 
7656097ff000-765609800000 ---p 00000000 00:00 0 
765609800000-76560a000000 rw-p 00000000 00:00 0 
76560a000000-76560c000000 rw-p 00000000 00:00 0 
76560c000000-76560c082000 rw-p 00000000 00:00 0 
76560c082000-765610000000 ---p 00000000 00:00 0 
765610000000-765610091000 rw-p 00000000 00:00 0 
765610091000-765614000000 ---p 00000000 00:00 0 
765614000000-765614021000 rw-p 00000000 00:00 0 
765614021000-765618000000 ---p 00000000 00:00 0 
7656187d1000-7656187d2000 ---p 00000000 00:00 0 
7656187d2000-765618fd2000 rw-p 00000000 00:00 0 
765618fd2000-765618fd3000 ---p 00000000 00:00 0 
765618fd3000-7656197d3000 rw-p 00000000 00:00 0 
7656197d3000-7656197d4000 ---p 00000000 00:00 0 
7656197d4000-765619fd4000 rw-p 00000000 00:00 0 
765619fd4000-765619fd5000 ---p 00000000 00:00 0 
765619fd5000-76561a7d5000 rw-p 00000000 00:00 0 
76561a7d5000-76561a7d6000 ---p 00000000 00:00 0 
76561a7d6000-76561afd6000 rw-p 00000000 00:00 0 
76561afd6000-76561afd7000 ---p 00000000 00:00 0 
76561afd7000-76561b7d7000 rw-p 00000000 00:00 0 
76561b7d7000-76561b7d8000 ---p 00000000 00:00 0 
76561b7d8000-76561bfd8000 rw-p 00000000 00:00 0 
76561bfd8000-76561bfd9000 ---p 00000000 00:00 0 
76561bfd9000-76561c7d9000 rw-p 00000000 00:00 0 
76561c7d9000-76561c7da000 ---p 00000000 00:00 0 
76561c7da000-76561cfda000 rw-p 00000000 00:00 0 
76561cfda000-76561cfdb000 ---p 00000000 00:00 0 
76561cfdb000-76561d7db000 rw-p 00000000 00:00 0 
76561d7db000-76561d7dc000 ---p 00000000 00:00 0 
76561d7dc000-76561dfdc000 rw-p 00000000 00:00 0 
76561dfdc000-76561dfdd000 ---p 00000000 00:00 0 
76561dfdd000-76561e7dd000 rw-p 00000000 00:00 0 
76561e7dd000-76561e7de000 ---p 00000000 00:00 0 
76561e7de000-76561efde000 rw-p 00000000 00:00 0 
76561efde000-76561efdf000 ---p 00000000 00:00 0 
76561efdf000-76561f7df000 rw-p 00000000 00:00 0 
76561f7df000-76561f7e0000 ---p 00000000 00:00 0 
76561f7e0000-76561ffe0000 rw-p 00000000 00:00 0 
76561ffe0000-76561ffe1000 ---p 00000000 00:00 0 
76561ffe1000-7656207e1000 rw-p 00000000 00:00 0 
7656207e1000-7656207e2000 ---p 00000000 00:00 0 
7656207e2000-765620fe2000 rw-p 00000000 00:00 0 
765620fe2000-765620fe3000 ---p 00000000 00:00 0 
765620fe3000-7656217e3000 rw-p 00000000 00:00 0 
7656217e3000-7656217e4000 ---p 00000000 00:00 0 
7656217e4000-765621fe4000 rw-p 00000000 00:00 0 
765621fe4000-765621fe5000 ---p 00000000 00:00 0 
765621fe5000-7656227e5000 rw-p 00000000 00:00 0 
7656227e5000-7656227e6000 ---p 00000000 00:00 0 
7656227e6000-765622fe6000 rw-p 00000000 00:00 0 
765622fe6000-765622fe7000 ---p 00000000 00:00 0 
765622fe7000-7656237e7000 rw-p 00000000 00:00 0 
7656237e7000-7656237e8000 ---p 00000000 00:00 0 
7656237e8000-765623fe8000 rw-p 00000000 00:00 0 
765623fe8000-765623fe9000 ---p 00000000 00:00 0 
765623fe9000-7656247e9000 rw-p 00000000 00:00 0 
7656247e9000-7656247ea000 ---p 00000000 00:00 0 
7656247ea000-765624fea000 rw-p 00000000 00:00 0 
765624fea000-765624feb000 ---p 00000000 00:00 0 
765624feb000-7656257eb000 rw-p 00000000 00:00 0 
7656257eb000-7656257ec000 ---p 00000000 00:00 0 
7656257ec000-765625fec000 rw-p 00000000 00:00 0 
765625fec000-765625fed000 ---p 00000000 00:00 0 
765625fed000-7656267ed000 rw-p 00000000 00:00 0 
7656267ed000-7656267ee000 ---p 00000000 00:00 0 
7656267ee000-765626fee000 rw-p 00000000 00:00 0 
765626fee000-765626fef000 ---p 00000000 00:00 0 
765626fef000-7656277ef000 rw-p 00000000 00:00 0 
7656277ef000-7656277f0000 ---p 00000000 00:00 0 
7656277f0000-765627ff0000 rw-p 00000000 00:00 0 
765627ff0000-765627ff1000 ---p 00000000 00:00 0 
765627ff1000-7656287f1000 rw-p 00000000 00:00 0 
7656287f1000-7656287f2000 ---p 00000000 00:00 0 
7656287f2000-765628ff2000 rw-p 00000000 00:00 0 
765628ff2000-765628ff3000 ---p 00000000 00:00 0 
765628ff3000-7656297f3000 rw-p 00000000 00:00 0 
7656297f3000-7656297f4000 ---p 00000000 00:00 0 
7656297f4000-765629ff4000 rw-p 00000000 00:00 0 
765629ff4000-765629ff5000 ---p 00000000 00:00 0 
765629ff5000-76562a7f5000 rw-p 00000000 00:00 0 
76562a7f5000-76562a7f6000 ---p 00000000 00:00 0 
76562a7f6000-76562aff6000 rw-p 00000000 00:00 0 
76562aff6000-76562aff7000 ---p 00000000 00:00 0 
76562aff7000-76562b7f7000 rw-p 00000000 00:00 0 
76562b7f7000-76562b7f8000 ---p 00000000 00:00 0 
76562b7f8000-76562bff8000 rw-p 00000000 00:00 0 
76562bff8000-76562bff9000 ---p 00000000 00:00 0 
76562bff9000-76562c7f9000 rw-p 00000000 00:00 0 
76562c7f9000-76562c7fa000 ---p 00000000 00:00 0 
76562c7fa000-76562cffa000 rw-p 00000000 00:00 0 
76562cffa000-76562cffb000 ---p 00000000 00:00 0 
76562cffb000-76562d7fb000 rw-p 00000000 00:00 0 
76562d7fb000-76562d7fc000 ---p 00000000 00:00 0 
76562d7fc000-76562dffc000 rw-p 00000000 00:00 0 
76562dffc000-76562dffd000 ---p 00000000 00:00 0 
76562dffd000-76562e7fd000 rw-p 00000000 00:00 0 
76562e7fd000-76562e7fe000 ---p 00000000 00:00 0 
76562e7fe000-76562effe000 rw-p 00000000 00:00 0 
76562effe000-76562efff000 ---p 00000000 00:00 0 
76562efff000-76562f7ff000 rw-p 00000000 00:00 0 
76562f7ff000-76562f800000 ---p 00000000 00:00 0 
76562f800000-765630000000 rw-p 00000000 00:00 0 
765630000000-76563028f000 rw-p 00000000 00:00 0 
76563028f000-765634000000 ---p 00000000 00:00 0 
7656345fe000-7656345ff000 ---p 00000000 00:00 0 
7656345ff000-765634dff000 rw-p 00000000 00:00 0 
765634dff000-765634e00000 ---p 00000000 00:00 0 
765634e00000-765635600000 rw-p 00000000 00:00 0 
765635600000-765637600000 rw-p 00000000 00:00 0 
7656377ff000-765637800000 ---p 00000000 00:00 0 
765637800000-765638000000 rw-p 00000000 00:00 0 
765638000000-7656381c7000 rw-p 00000000 00:00 0 
7656381c7000-76563c000000 ---p 00000000 00:00 0 
76563c000000-76563c085000 rw-p 00000000 00:00 0 
76563c085000-765640000000 ---p 00000000 00:00 0 
765640000000-7656401b2000 rw-p 00000000 00:00 0 
7656401b2000-765644000000 ---p 00000000 00:00 0 
7656445fb000-7656445fc000 ---p 00000000 00:00 0 
7656445fc000-765644dfc000 rw-p 00000000 00:00 0 
765644dfc000-765644dfd000 ---p 00000000 00:00 0 
765644dfd000-7656455fd000 rw-p 00000000 00:00 0 
7656455fd000-7656455fe000 ---p 00000000 00:00 0 
7656455fe000-765645dfe000 rw-p 00000000 00:00 0 
765645dfe000-765645dff000 ---p 00000000 00:00 0 
765645dff000-7656465ff000 rw-p 00000000 00:00 0 
7656465ff000-765646600000 ---p 00000000 00:00 0 
765646600000-765646e00000 rw-p 00000000 00:00 0 
765646e00000-765646e04000 ---p 00000000 00:00 0 
765646e04000-765647800000 rw-p 00000000 00:00 0 
765647800000-765648600000 rw-p 00000000 00:00 0 
765648700000-765649600000 rw-p 00000000 00:00 0 
765649600000-7656496e1000 r--p 00000000 08:05 8393159                    /usr/lib/x86_64-linux-gnu/libcuda.so.535.230.02
7656496e1000-765649c01000 r-xp 000e1000 08:05 8393159                    /usr/lib/x86_64-linux-gnu/libcuda.so.535.230.02
765649c01000-76564b0e8000 r--p 00601000 08:05 8393159                    /usr/lib/x86_64-linux-gnu/libcuda.so.535.230.02
76564b0e8000-76564b101000 r--p 01ae7000 08:05 8393159                    /usr/lib/x86_64-linux-gnu/libcuda.so.535.230.02
76564b101000-76564b207000 rw-p 01b00000 08:05 8393159                    /usr/lib/x86_64-linux-gnu/libcuda.so.535.230.02
76564b207000-76564b26e000 rw-p 00000000 00:00 0 
76564b300000-76564b400000 rw-p 00000000 00:00 0 
76564b400000-76565a8e3000 r-xp 00000000 fc:00 35412103                   /home/henriqueramos_qs/meta-learning-concept-drift/.venv/lib/python3.12/site-packages/nvidia/nccl/lib/libnccl.so.2
76565a8e3000-76565aae3000 ---p 0f4e3000 fc:00 35412103                   /home/henriqueramos_qs/meta-learning-concept-drift/.venv/lib/python3.12/site-packages/nvidia/nccl/lib/libnccl.so.2
76565aae3000-76565aaed000 r--p 0f4e3000 fc:00 35412103                   /home/henriqueramos_qs/meta-learning-concept-drift/.venv/lib/python3.12/site-packages/nvidia/nccl/lib/libnccl.so.2
76565aaed000-76565ab00000 rw-p 0f4ed000 fc:00 35412103                   /home/henriqueramos_qs/meta-learning-concept-drift/.venv/lib/python3.12/site-packages/nvidia/nccl/lib/libnccl.so.2
76565ab00000-76565ab32000 rw-p 00000000 00:00 0 
76565ac00000-765674469000 r-xp 00000000 fc:00 35412387                   /home/henriqueramos_qs/meta-learning-concept-drift/.venv/lib/python3.12/site-packages/nvidia/cublas/lib/libcublasLt.so.12
765674469000-765674669000 ---p 19869000 fc:00 35412387                   /home/henriqueramos_qs/meta-learning-concept-drift/.venv/lib/python3.12/site-packages/nvidia/cublas/lib/libcublasLt.so.12
765674669000-7656748a7000 r--p 19869000 fc:00 35412387                   /home/henriqueramos_qs/meta-learning-concept-drift/.venv/lib/python3.12/site-packages/nvidia/cublas/lib/libcublasLt.so.12
7656748a7000-76567825b000 rw-p 19aa7000 fc:00 35412387                   /home/henriqueramos_qs/meta-learning-concept-drift/.venv/lib/python3.12/site-packages/nvidia/cublas/lib/libcublasLt.so.12
76567825b000-76567c42c000 rw-p 00000000 00:00 0 
76567c500000-76567c600000 rw-p 00000000 00:00 0 
76567c600000-765682d28000 r-xp 00000000 fc:00 35412386                   /home/henriqueramos_qs/meta-learning-concept-drift/.venv/lib/python3.12/site-packages/nvidia/cublas/lib/libcublas.so.12
765682d28000-765682f28000 ---p 06728000 fc:00 35412386                   /home/henriqueramos_qs/meta-learning-concept-drift/.venv/lib/python3.12/site-packages/nvidia/cublas/lib/libcublas.so.12
765682f28000-765682f34000 r--p 06728000 fc:00 35412386                   /home/henriqueramos_qs/meta-learning-concept-drift/.venv/lib/python3.12/site-packages/nvidia/cublas/lib/libcublas.so.12
765682f34000-765682f3b000 rw-p 06734000 fc:00 35412386                   /home/henriqueramos_qs/meta-learning-concept-drift/.venv/lib/python3.12/site-packages/nvidia/cublas/lib/libcublas.so.12
765682f3b000-765682f47000 rw-p 00000000 00:00 0 
765683000000-7656877cf000 r-xp 00000000 fc:00 35412140                   /home/henriqueramos_qs/meta-learning-concept-drift/.venv/lib/python3.12/site-packages/nvidia/curand/lib/libcurand.so.10
7656877cf000-7656879cf000 ---p 047cf000 fc:00 35412140                   /home/henriqueramos_qs/meta-learning-concept-drift/.venv/lib/python3.12/site-packages/nvidia/curand/lib/libcurand.so.10
7656879cf000-7656879d5000 r--p 047cf000 fc:00 35412140                   /home/henriqueramos_qs/meta-learning-concept-drift/.venv/lib/python3.12/site-packages/nvidia/curand/lib/libcurand.so.10
7656879d5000-765688e01000 rw-p 047d5000 fc:00 35412140                   /home/henriqueramos_qs/meta-learning-concept-drift/.venv/lib/python3.12/site-packages/nvidia/curand/lib/libcurand.so.10
765688e01000-765689439000 rw-p 00000000 00:00 0 
765689500000-765689600000 rw-p 00000000 00:00 0 
765689600000-765689b7a000 r-xp 00000000 fc:00 35414327                   /home/henriqueramos_qs/meta-learning-concept-drift/.venv/lib/python3.12/site-packages/nvidia/cufft/lib/libcufft.so.11
765689b7a000-765689d79000 ---p 0057a000 fc:00 35414327                   /home/henriqueramos_qs/meta-learning-concept-drift/.venv/lib/python3.12/site-packages/nvidia/cufft/lib/libcufft.so.11
765689d79000-765689d86000 r--p 00579000 fc:00 35414327                   /home/henriqueramos_qs/meta-learning-concept-drift/.venv/lib/python3.12/site-packages/nvidia/cufft/lib/libcufft.so.11
765689d86000-76569a163000 rw-p 00586000 fc:00 35414327                   /home/henriqueramos_qs/meta-learning-concept-drift/.venv/lib/python3.12/site-packages/nvidia/cufft/lib/libcufft.so.11
76569a163000-76569a4aa000 rw-p 00000000 00:00 0 
76569a4aa000-76569a600000 ---p 10eaa000 fc:00 35414327                   /home/henriqueramos_qs/meta-learning-concept-drift/.venv/lib/python3.12/site-packages/nvidia/cufft/lib/libcufft.so.11
76569a600000-76569a601000 rw-p 10a00000 fc:00 35414327                   /home/henriqueramos_qs/meta-learning-concept-drift/.venv/lib/python3.12/site-packages/nvidia/cufft/lib/libcufft.so.11
76569a700000-76569a800000 rw-p 00000000 00:00 0 
76569a800000-7656abfba000 r-xp 00000000 fc:00 35414303                   /home/henriqueramos_qs/meta-learning-concept-drift/.venv/lib/python3.12/site-packages/nvidia/cusparse/lib/libcusparse.so.12
7656abfba000-7656ac1ba000 ---p 117ba000 fc:00 35414303                   /home/henriqueramos_qs/meta-learning-concept-drift/.venv/lib/python3.12/site-packages/nvidia/cusparse/lib/libcusparse.so.12
7656ac1ba000-7656ac1c9000 r--p 117ba000 fc:00 35414303                   /home/henriqueramos_qs/meta-learning-concept-drift/.venv/lib/python3.12/site-packages/nvidia/cusparse/lib/libcusparse.so.12
7656ac1c9000-7656ac1e5000 rw-p 117c9000 fc:00 35414303                   /home/henriqueramos_qs/meta-learning-concept-drift/.venv/lib/python3.12/site-packages/nvidia/cusparse/lib/libcusparse.so.12
7656ac1e5000-7656ac1ea000 rw-p 00000000 00:00 0 
7656ac1ea000-7656ac200000 ---p 119ea000 fc:00 35414303                   /home/henriqueramos_qs/meta-learning-concept-drift/.venv/lib/python3.12/site-packages/nvidia/cusparse/lib/libcusparse.so.12
7656ac200000-7656ac205000 rw-p 11800000 fc:00 35414303                   /home/henriqueramos_qs/meta-learning-concept-drift/.venv/lib/python3.12/site-packages/nvidia/cusparse/lib/libcusparse.so.12
7656ac300000-7656ac400000 rw-p 00000000 00:00 0 
7656ac400000-7656b9d29000 r-xp 00000000 fc:00 35407401                   /home/henriqueramos_qs/meta-learning-concept-drift/.venv/lib/python3.12/site-packages/cusparselt/lib/libcusparseLt.so.0
7656b9d29000-7656b9f29000 ---p 0d929000 fc:00 35407401                   /home/henriqueramos_qs/meta-learning-concept-drift/.venv/lib/python3.12/site-packages/cusparselt/lib/libcusparseLt.so.0
7656b9f29000-7656b9f56000 r--p 0d929000 fc:00 35407401                   /home/henriqueramos_qs/meta-learning-concept-drift/.venv/lib/python3.12/site-packages/cusparselt/lib/libcusparseLt.so.0
7656b9f56000-7656b9f5f000 rw-p 0d956000 fc:00 35407401                   /home/henriqueramos_qs/meta-learning-concept-drift/.venv/lib/python3.12/site-packages/cusparselt/lib/libcusparseLt.so.0
7656b9f5f000-7656ba14f000 rw-p 00000000 00:00 0 
7656ba14f000-7656baa54000 rw-p 0d95f000 fc:00 35407401                   /home/henriqueramos_qs/meta-learning-concept-drift/.venv/lib/python3.12/site-packages/cusparselt/lib/libcusparseLt.so.0
7656bab00000-7656bac00000 rw-p 00000000 00:00 0 
7656bac00000-7656bb9bf000 r--p 00000000 fc:00 35521563                   /home/henriqueramos_qs/meta-learning-concept-drift/.venv/lib/python3.12/site-packages/torch/lib/libtorch_cuda.so
7656bb9bf000-7656be97b000 r-xp 00dbf000 fc:00 35521563                   /home/henriqueramos_qs/meta-learning-concept-drift/.venv/lib/python3.12/site-packages/torch/lib/libtorch_cuda.so
7656be97b000-7656f3277000 r--p 03d7b000 fc:00 35521563                   /home/henriqueramos_qs/meta-learning-concept-drift/.venv/lib/python3.12/site-packages/torch/lib/libtorch_cuda.so
7656f3277000-7656f32ee000 r--p 38676000 fc:00 35521563                   /home/henriqueramos_qs/meta-learning-concept-drift/.venv/lib/python3.12/site-packages/torch/lib/libtorch_cuda.so
7656f32ee000-7656f3310000 rw-p 386ed000 fc:00 35521563                   /home/henriqueramos_qs/meta-learning-concept-drift/.venv/lib/python3.12/site-packages/torch/lib/libtorch_cuda.so
7656f3310000-7656f405b000 rw-p 00000000 00:00 0 
7656f405b000-7656f4b3c000 rw-p 3a024000 fc:00 35521563                   /home/henriqueramos_qs/meta-learning-concept-drift/.venv/lib/python3.12/site-packages/torch/lib/libtorch_cuda.so
7656f4c00000-7656f5a29000 r--p 00000000 fc:00 35521562                   /home/henriqueramos_qs/meta-learning-concept-drift/.venv/lib/python3.12/site-packages/torch/lib/libtorch_cpu.so
7656f5a29000-7657057d8000 r-xp 00e29000 fc:00 35521562                   /home/henriqueramos_qs/meta-learning-concept-drift/.venv/lib/python3.12/site-packages/torch/lib/libtorch_cpu.so
7657057d8000-765708140000 r--p 10bd8000 fc:00 35521562                   /home/henriqueramos_qs/meta-learning-concept-drift/.venv/lib/python3.12/site-packages/torch/lib/libtorch_cpu.so
765708140000-76570839c000 r--p 1353f000 fc:00 35521562                   /home/henriqueramos_qs/meta-learning-concept-drift/.venv/lib/python3.12/site-packages/torch/lib/libtorch_cpu.so
76570839c000-765708406000 rw-p 1379b000 fc:00 35521562                   /home/henriqueramos_qs/meta-learning-concept-drift/.venv/lib/python3.12/site-packages/torch/lib/libtorch_cpu.so
765708406000-765708510000 rw-p 00000000 00:00 0 
765708510000-765708a29000 rw-p 18d85000 fc:00 35521562                   /home/henriqueramos_qs/meta-learning-concept-drift/.venv/lib/python3.12/site-packages/torch/lib/libtorch_cpu.so
765708b00000-765708c00000 rw-p 00000000 00:00 0 
765708c00000-76570b677000 r-xp 00000000 fc:00 35412082                   /home/henriqueramos_qs/meta-learning-concept-drift/.venv/lib/python3.12/site-packages/nvidia/nvjitlink/lib/libnvJitLink.so.12
76570b677000-76570b877000 ---p 02a77000 fc:00 35412082                   /home/henriqueramos_qs/meta-learning-concept-drift/.venv/lib/python3.12/site-packages/nvidia/nvjitlink/lib/libnvJitLink.so.12
76570b877000-76570bda2000 r--p 02a77000 fc:00 35412082                   /home/henriqueramos_qs/meta-learning-concept-drift/.venv/lib/python3.12/site-packages/nvidia/nvjitlink/lib/libnvJitLink.so.12
76570bda2000-76570be15000 rw-p 02fa2000 fc:00 35412082                   /home/henriqueramos_qs/meta-learning-concept-drift/.venv/lib/python3.12/site-packages/nvidia/nvjitlink/lib/libnvJitLink.so.12
76570be15000-76570be89000 rw-p 00000000 00:00 0 
76570bf00000-76570c000000 rw-p 00000000 00:00 0 
76570c000000-76570f0ef000 r-xp 00000000 fc:00 35412297                   /home/henriqueramos_qs/meta-learning-concept-drift/.venv/lib/python3.12/site-packages/nvidia/cuda_nvrtc/lib/libnvrtc.so.12
76570f0ef000-76570f2ee000 ---p 030ef000 fc:00 35412297                   /home/henriqueramos_qs/meta-learning-concept-drift/.venv/lib/python3.12/site-packages/nvidia/cuda_nvrtc/lib/libnvrtc.so.12
76570f2ee000-76570f877000 r--p 030ee000 fc:00 35412297                   /home/henriqueramos_qs/meta-learning-concept-drift/.venv/lib/python3.12/site-packages/nvidia/cuda_nvrtc/lib/libnvrtc.so.12
76570f877000-76570f95e000 rw-p 03677000 fc:00 35412297                   /home/henriqueramos_qs/meta-learning-concept-drift/.venv/lib/python3.12/site-packages/nvidia/cuda_nvrtc/lib/libnvrtc.so.12
76570f95e000-76570fc3a000 rw-p 00000000 00:00 0 
76570fc3a000-76570fe00000 ---p 03c3a000 fc:00 35412297                   /home/henriqueramos_qs/meta-learning-concept-drift/.venv/lib/python3.12/site-packages/nvidia/cuda_nvrtc/lib/libnvrtc.so.12
76570fe00000-76570fe02000 rw-p 03800000 fc:00 35412297                   /home/henriqueramos_qs/meta-learning-concept-drift/.venv/lib/python3.12/site-packages/nvidia/cuda_nvrtc/lib/libnvrtc.so.12
76570ff00000-7657107f2000 rw-p 00000000 00:00 0 
7657107f2000-765714000000 ---p 00000000 00:00 0 
765714000000-765714021000 rw-p 00000000 00:00 0 
765714021000-765718000000 ---p 00000000 00:00 0 
765718000000-765718632000 rw-p 00000000 00:00 0 
765718632000-76571c000000 ---p 00000000 00:00 0 
76571c000000-76571ce75000 rw-p 00000000 00:00 0 
76571ce75000-765720000000 ---p 00000000 00:00 0 
765720000000-765720021000 rw-p 00000000 00:00 0 
765720021000-765724000000 ---p 00000000 00:00 0 
765724000000-765724289000 rw-p 00000000 00:00 0 
765724289000-765728000000 ---p 00000000 00:00 0 
765728000000-765728021000 rw-p 00000000 00:00 0 
765728021000-76572c000000 ---p 00000000 00:00 0 
76572c000000-76572c021000 rw-p 00000000 00:00 0 
76572c021000-765730000000 ---p 00000000 00:00 0 
765730000000-765730021000 rw-p 00000000 00:00 0 
765730021000-765734000000 ---p 00000000 00:00 0 
765734000000-765734021000 rw-p 00000000 00:00 0 
765734021000-765738000000 ---p 00000000 00:00 0 
765738000000-765738021000 rw-p 00000000 00:00 0 
765738021000-76573c000000 ---p 00000000 00:00 0 
76573c000000-76573ca00000 rw-p 00000000 00:00 0 
76573ca00000-76573cabb000 r--p 00000000 fc:00 35412357                   /home/henriqueramos_qs/meta-learning-concept-drift/.venv/lib/python3.12/site-packages/nvidia/cuda_cupti/lib/libcupti.so.12
76573cabb000-76573cf58000 r-xp 000bb000 fc:00 35412357                   /home/henriqueramos_qs/meta-learning-concept-drift/.venv/lib/python3.12/site-packages/nvidia/cuda_cupti/lib/libcupti.so.12
76573cf58000-76573d0af000 r--p 00558000 fc:00 35412357                   /home/henriqueramos_qs/meta-learning-concept-drift/.venv/lib/python3.12/site-packages/nvidia/cuda_cupti/lib/libcupti.so.12
76573d0af000-76573d0fc000 r--p 006ae000 fc:00 35412357                   /home/henriqueramos_qs/meta-learning-concept-drift/.venv/lib/python3.12/site-packages/nvidia/cuda_cupti/lib/libcupti.so.12
76573d0fc000-76573d1b3000 rw-p 006fb000 fc:00 35412357                   /home/henriqueramos_qs/meta-learning-concept-drift/.venv/lib/python3.12/site-packages/nvidia/cuda_cupti/lib/libcupti.so.12
76573d1b3000-76573d1f4000 rw-p 00000000 00:00 0 
76573d200000-76573d22e000 r--p 00000000 fc:00 35412161                   /home/henriqueramos_qs/meta-learning-concept-drift/.venv/lib/python3.12/site-packages/nvidia/cufile/lib/libcufile.so.0
76573d22e000-76573d411000 r-xp 0002e000 fc:00 35412161                   /home/henriqueramos_qs/meta-learning-concept-drift/.venv/lib/python3.12/site-packages/nvidia/cufile/lib/libcufile.so.0
76573d411000-76573d4b3000 r--p 00211000 fc:00 35412161                   /home/henriqueramos_qs/meta-learning-concept-drift/.venv/lib/python3.12/site-packages/nvidia/cufile/lib/libcufile.so.0
76573d4b3000-76573d4b4000 ---p 002b3000 fc:00 35412161                   /home/henriqueramos_qs/meta-learning-concept-drift/.venv/lib/python3.12/site-packages/nvidia/cufile/lib/libcufile.so.0
76573d4b4000-76573d4b9000 r--p 002b3000 fc:00 35412161                   /home/henriqueramos_qs/meta-learning-concept-drift/.venv/lib/python3.12/site-packages/nvidia/cufile/lib/libcufile.so.0
76573d4b9000-76573d4c1000 rw-p 002b8000 fc:00 35412161                   /home/henriqueramos_qs/meta-learning-concept-drift/.venv/lib/python3.12/site-packages/nvidia/cufile/lib/libcufile.so.0
76573d4c1000-76573d4cc000 rw-p 00000000 00:00 0 
76573d4cc000-76573d4d8000 rw-p 002db000 fc:00 35412161                   /home/henriqueramos_qs/meta-learning-concept-drift/.venv/lib/python3.12/site-packages/nvidia/cufile/lib/libcufile.so.0
76573d500000-76573d600000 rw-p 00000000 00:00 0 
76573d600000-76573d61e000 r-xp 00000000 fc:00 35414362                   /home/henriqueramos_qs/meta-learning-concept-drift/.venv/lib/python3.12/site-packages/nvidia/cudnn/lib/libcudnn.so.9
76573d61e000-76573d81d000 ---p 0001e000 fc:00 35414362                   /home/henriqueramos_qs/meta-learning-concept-drift/.venv/lib/python3.12/site-packages/nvidia/cudnn/lib/libcudnn.so.9
76573d81d000-76573d81e000 r--p 0001d000 fc:00 35414362                   /home/henriqueramos_qs/meta-learning-concept-drift/.venv/lib/python3.12/site-packages/nvidia/cudnn/lib/libcudnn.so.9
76573d81e000-76573d81f000 rw-p 0001e000 fc:00 35414362                   /home/henriqueramos_qs/meta-learning-concept-drift/.venv/lib/python3.12/site-packages/nvidia/cudnn/lib/libcudnn.so.9
76573d900000-76573da00000 rw-p 00000000 00:00 0 
76573da00000-76573db7b000 r--p 00000000 fc:00 35521566                   /home/henriqueramos_qs/meta-learning-concept-drift/.venv/lib/python3.12/site-packages/torch/lib/libtorch_python.so
76573db7b000-76573e71e000 r-xp 0017b000 fc:00 35521566                   /home/henriqueramos_qs/meta-learning-concept-drift/.venv/lib/python3.12/site-packages/torch/lib/libtorch_python.so
76573e71e000-76573eb02000 r--p 00d1e000 fc:00 35521566                   /home/henriqueramos_qs/meta-learning-concept-drift/.venv/lib/python3.12/site-packages/torch/lib/libtorch_python.so
76573eb02000-76573eb23000 r--p 01101000 fc:00 35521566                   /home/henriqueramos_qs/meta-learning-concept-drift/.venv/lib/python3.12/site-packages/torch/lib/libtorch_python.so
76573eb23000-76573eb81000 rw-p 01122000 fc:00 35521566                   /home/henriqueramos_qs/meta-learning-concept-drift/.venv/lib/python3.12/site-packages/torch/lib/libtorch_python.so
76573eb81000-76573ebf7000 rw-p 00000000 00:00 0 
76573ebf7000-76573ec85000 rw-p 018f0000 fc:00 35521566                   /home/henriqueramos_qs/meta-learning-concept-drift/.venv/lib/python3.12/site-packages/torch/lib/libtorch_python.so
76573ed00000-76573ee00000 rw-p 00000000 00:00 0 
76573ee00000-76573eea9000 r-xp 00000000 fc:00 35412275                   /home/henriqueramos_qs/meta-learning-concept-drift/.venv/lib/python3.12/site-packages/nvidia/cuda_runtime/lib/libcudart.so.12
76573eea9000-76573f0a9000 ---p 000a9000 fc:00 35412275                   /home/henriqueramos_qs/meta-learning-concept-drift/.venv/lib/python3.12/site-packages/nvidia/cuda_runtime/lib/libcudart.so.12
76573f0a9000-76573f0ae000 r--p 000a9000 fc:00 35412275                   /home/henriqueramos_qs/meta-learning-concept-drift/.venv/lib/python3.12/site-packages/nvidia/cuda_runtime/lib/libcudart.so.12
76573f0ae000-76573f0af000 rw-p 000ae000 fc:00 35412275                   /home/henriqueramos_qs/meta-learning-concept-drift/.venv/lib/python3.12/site-packages/nvidia/cuda_runtime/lib/libcudart.so.12
76573f0af000-76573f0b1000 rw-p 00000000 00:00 0 
76573f148000-76573f16f000 r--p 00000000 fc:00 35521556                   /home/henriqueramos_qs/meta-learning-concept-drift/.venv/lib/python3.12/site-packages/torch/lib/libc10.so
76573f16f000-76573f217000 r-xp 00027000 fc:00 35521556                   /home/henriqueramos_qs/meta-learning-concept-drift/.venv/lib/python3.12/site-packages/torch/lib/libc10.so
76573f217000-76573f24a000 r--p 000cf000 fc:00 35521556                   /home/henriqueramos_qs/meta-learning-concept-drift/.venv/lib/python3.12/site-packages/torch/lib/libc10.so
76573f24a000-76573f24d000 r--p 00101000 fc:00 35521556                   /home/henriqueramos_qs/meta-learning-concept-drift/.venv/lib/python3.12/site-packages/torch/lib/libc10.so
76573f24d000-76573f254000 rw-p 00104000 fc:00 35521556                   /home/henriqueramos_qs/meta-learning-concept-drift/.venv/lib/python3.12/site-packages/torch/lib/libc10.so
76573f254000-76573f256000 rw-p 00000000 00:00 0 
76573f256000-76573f26a000 rw-p 0014c000 fc:00 35521556                   /home/henriqueramos_qs/meta-learning-concept-drift/.venv/lib/python3.12/site-packages/torch/lib/libc10.so
76573f26a000-76573f600000 rw-p 00000000 00:00 0 
76573f7ff000-76573f800000 ---p 00000000 00:00 0 
76573f800000-765740000000 rw-p 00000000 00:00 0 
765740000000-765740ce6000 rw-p 00000000 00:00 0 
765740ce6000-765744000000 ---p 00000000 00:00 0 
765744000000-7657448a9000 rw-p 00000000 00:00 0 
7657448a9000-765748000000 ---p 00000000 00:00 0 
765748000000-7657480d9000 rw-p 00000000 00:00 0 
7657480d9000-76574c000000 ---p 00000000 00:00 0 
76574c000000-76574c0ea000 rw-p 00000000 00:00 0 
76574c0ea000-765750000000 ---p 00000000 00:00 0 
765750000000-765750021000 rw-p 00000000 00:00 0 
765750021000-765754000000 ---p 00000000 00:00 0 
765754000000-765754113000 rw-p 00000000 00:00 0 
765754113000-765758000000 ---p 00000000 00:00 0 
765758000000-76575813b000 rw-p 00000000 00:00 0 
76575813b000-76575c000000 ---p 00000000 00:00 0 
76575c000000-76575c021000 rw-p 00000000 00:00 0 
76575c021000-765760000000 ---p 00000000 00:00 0 
765760000000-765760021000 rw-p 00000000 00:00 0 
765760021000-765764000000 ---p 00000000 00:00 0 
765764000000-7657669a1000 rw-p 00000000 00:00 0 
7657669a1000-765768000000 ---p 00000000 00:00 0 
765768000000-765768021000 rw-p 00000000 00:00 0 
765768021000-76576c000000 ---p 00000000 00:00 0 
76576c000000-76576c021000 rw-p 00000000 00:00 0 
76576c021000-765770000000 ---p 00000000 00:00 0 
765770000000-765770021000 rw-p 00000000 00:00 0 
765770021000-765774000000 ---p 00000000 00:00 0 
765774000000-765774021000 rw-p 00000000 00:00 0 
765774021000-765778000000 ---p 00000000 00:00 0 
765778000000-76577954c000 rw-p 00000000 00:00 0 
76577954c000-76577c000000 ---p 00000000 00:00 0 
76577c0fd000-76577c0fe000 ---p 00000000 00:00 0 
76577c0fe000-76577c1fe000 rw-p 00000000 00:00 0 
76577c5fe000-76577c5ff000 ---p 00000000 00:00 0 
76577c5ff000-76577c6ff000 rw-p 00000000 00:00 0 
76577c6ff000-76577c700000 ---p 00000000 00:00 0 
76577c700000-76577c800000 rw-p 00000000 00:00 0 
76577c800000-76577c804000 ---p 00000000 00:00 0 
76577c804000-76577d200000 rw-p 00000000 00:00 0 
76577d200000-76577d204000 ---p 00000000 00:00 0 
76577d204000-76577dc00000 rw-p 00000000 00:00 0 
76577dc00000-76577dc04000 ---p 00000000 00:00 0 
76577dc04000-76577e600000 rw-p 00000000 00:00 0 
76577e600000-76577e604000 ---p 00000000 00:00 0 
76577e604000-76577f000000 rw-p 00000000 00:00 0 
76577f000000-76577f270000 rw-p 00000000 00:00 0 
76577f270000-76577f400000 ---p 00000000 00:00 0 
76577f400000-76577f510000 rw-p 00000000 00:00 0 
76577f510000-765783000000 ---p 00000000 00:00 0 
765783000000-765783c97000 rw-p 00001000 08:05 8926142                    /usr/lib/jvm/java-21-openjdk-amd64/lib/server/classes.jsa
765783c97000-765784000000 ---p 00000000 00:00 0 
765784000000-765784030000 rw-p 00000000 00:00 0 
765784030000-765784040000 ---p 00000000 00:00 0 
765784040000-765784080000 rw-p 00000000 00:00 0 
765784080000-7657c4000000 ---p 00000000 00:00 0 
7657c4000000-7657c4084000 rw-p 00000000 00:00 0 
7657c4084000-7657c8000000 ---p 00000000 00:00 0 
7657c8000000-7657c8025000 rw-p 00000000 00:00 0 
7657c8025000-7657cc000000 ---p 00000000 00:00 0 
7657cc000000-7657cc091000 rw-p 00000000 00:00 0 
7657cc091000-7657d0000000 ---p 00000000 00:00 0 
7657d00d1000-7657d00d6000 r--p 00000000 fc:00 35396827                   /home/henriqueramos_qs/meta-learning-concept-drift/.venv/lib/python3.12/site-packages/scipy/cluster/_optimal_leaf_ordering.cpython-312-x86_64-linux-gnu.so
7657d00d6000-7657d00f4000 r-xp 00005000 fc:00 35396827                   /home/henriqueramos_qs/meta-learning-concept-drift/.venv/lib/python3.12/site-packages/scipy/cluster/_optimal_leaf_ordering.cpython-312-x86_64-linux-gnu.so
7657d00f4000-7657d00fa000 r--p 00023000 fc:00 35396827                   /home/henriqueramos_qs/meta-learning-concept-drift/.venv/lib/python3.12/site-packages/scipy/cluster/_optimal_leaf_ordering.cpython-312-x86_64-linux-gnu.so
7657d00fa000-7657d00fb000 r--p 00028000 fc:00 35396827                   /home/henriqueramos_qs/meta-learning-concept-drift/.venv/lib/python3.12/site-packages/scipy/cluster/_optimal_leaf_ordering.cpython-312-x86_64-linux-gnu.so
7657d00fb000-7657d00fc000 rw-p 00029000 fc:00 35396827                   /home/henriqueramos_qs/meta-learning-concept-drift/.venv/lib/python3.12/site-packages/scipy/cluster/_optimal_leaf_ordering.cpython-312-x86_64-linux-gnu.so
7657d00fc000-7657d00fd000 rw-p 00000000 00:00 0 
7657d00fd000-7657d00fe000 ---p 00000000 00:00 0 
7657d00fe000-7657d01fe000 rw-p 00000000 00:00 0 
7657d01fe000-7657d01ff000 ---p 00000000 00:00 0 
7657d01ff000-7657d02ff000 rw-p 00000000 00:00 0 
7657d02ff000-7657d0300000 ---p 00000000 00:00 0 
7657d0300000-7657d0400000 rw-p 00000000 00:00 0 
7657d0700000-7657d0704000 ---p 00000000 00:00 0 
7657d0704000-7657d0800000 rw-p 00000000 00:00 0 
7657d0800000-7657d0804000 ---p 00000000 00:00 0 
7657d0804000-7657d0900000 rw-p 00000000 00:00 0 
7657d0900000-7657d0904000 ---p 00000000 00:00 0 
7657d0904000-7657d0a00000 rw-p 00000000 00:00 0 
7657d0a00000-7657d0a04000 ---p 00000000 00:00 0 
7657d0a04000-7657d1400000 rw-p 00000000 00:00 0 
7657d1400000-7657d1404000 ---p 00000000 00:00 0 
7657d1404000-7657d1e00000 rw-p 00000000 00:00 0 
7657d1e00000-7657d1e04000 ---p 00000000 00:00 0 
7657d1e04000-7657d2800000 rw-p 00000000 00:00 0 
7657d2819000-7657d2828000 r--p 00000000 fc:00 35521557                   /home/henriqueramos_qs/meta-learning-concept-drift/.venv/lib/python3.12/site-packages/torch/lib/libc10_cuda.so
7657d2828000-7657d2883000 r-xp 0000f000 fc:00 35521557                   /home/henriqueramos_qs/meta-learning-concept-drift/.venv/lib/python3.12/site-packages/torch/lib/libc10_cuda.so
7657d2883000-7657d2899000 r--p 0006a000 fc:00 35521557                   /home/henriqueramos_qs/meta-learning-concept-drift/.venv/lib/python3.12/site-packages/torch/lib/libc10_cuda.so
7657d2899000-7657d289a000 ---p 00080000 fc:00 35521557                   /home/henriqueramos_qs/meta-learning-concept-drift/.venv/lib/python3.12/site-packages/torch/lib/libc10_cuda.so
7657d289a000-7657d289b000 r--p 00080000 fc:00 35521557                   /home/henriqueramos_qs/meta-learning-concept-drift/.venv/lib/python3.12/site-packages/torch/lib/libc10_cuda.so
7657d289b000-7657d289c000 rw-p 00081000 fc:00 35521557                   /home/henriqueramos_qs/meta-learning-concept-drift/.venv/lib/python3.12/site-packages/torch/lib/libc10_cuda.so
7657d289c000-7657d28c2000 rw-p 00000000 00:00 0 
7657d28c2000-7657d28ca000 rw-p 000a3000 fc:00 35521557                   /home/henriqueramos_qs/meta-learning-concept-drift/.venv/lib/python3.12/site-packages/torch/lib/libc10_cuda.so
7657d28ca000-7657d28ce000 ---p 00000000 00:00 0 
7657d28ce000-7657d29ca000 rw-p 00000000 00:00 0 
7657d29ca000-7657d29cb000 ---p 00000000 00:00 0 
7657d29cb000-7657d2acb000 rw-p 00000000 00:00 0 
7657d2dce000-7657d8021000 rw-p 00000000 00:00 0 
7657d8021000-7657dc000000 ---p 00000000 00:00 0 
7657dc000000-7657dc021000 rw-p 00000000 00:00 0 
7657dc021000-7657e0000000 ---p 00000000 00:00 0 
7657e0000000-7657e0021000 rw-p 00000000 00:00 0 
7657e0021000-7657e4000000 ---p 00000000 00:00 0 
7657e400c000-7657e4011000 r--p 00000000 fc:00 35396826                   /home/henriqueramos_qs/meta-learning-concept-drift/.venv/lib/python3.12/site-packages/scipy/cluster/_hierarchy.cpython-312-x86_64-linux-gnu.so
7657e4011000-7657e403f000 r-xp 00005000 fc:00 35396826                   /home/henriqueramos_qs/meta-learning-concept-drift/.venv/lib/python3.12/site-packages/scipy/cluster/_hierarchy.cpython-312-x86_64-linux-gnu.so
7657e403f000-7657e404a000 r--p 00033000 fc:00 35396826                   /home/henriqueramos_qs/meta-learning-concept-drift/.venv/lib/python3.12/site-packages/scipy/cluster/_hierarchy.cpython-312-x86_64-linux-gnu.so
7657e404a000-7657e404c000 r--p 0003d000 fc:00 35396826                   /home/henriqueramos_qs/meta-learning-concept-drift/.venv/lib/python3.12/site-packages/scipy/cluster/_hierarchy.cpython-312-x86_64-linux-gnu.so
7657e404c000-7657e404e000 rw-p 0003f000 fc:00 35396826                   /home/henriqueramos_qs/meta-learning-concept-drift/.venv/lib/python3.12/site-packages/scipy/cluster/_hierarchy.cpython-312-x86_64-linux-gnu.so
7657e404e000-7657e4052000 r--p 00000000 fc:00 35396828                   /home/henriqueramos_qs/meta-learning-concept-drift/.venv/lib/python3.12/site-packages/scipy/cluster/_vq.cpython-312-x86_64-linux-gnu.so
7657e4052000-7657e4064000 r-xp 00004000 fc:00 35396828                   /home/henriqueramos_qs/meta-learning-concept-drift/.venv/lib/python3.12/site-packages/scipy/cluster/_vq.cpython-312-x86_64-linux-gnu.so
7657e4064000-7657e4068000 r--p 00016000 fc:00 35396828                   /home/henriqueramos_qs/meta-learning-concept-drift/.venv/lib/python3.12/site-packages/scipy/cluster/_vq.cpython-312-x86_64-linux-gnu.so
7657e4068000-7657e4069000 ---p 0001a000 fc:00 35396828                   /home/henriqueramos_qs/meta-learning-concept-drift/.venv/lib/python3.12/site-packages/scipy/cluster/_vq.cpython-312-x86_64-linux-gnu.so
7657e4069000-7657e406a000 r--p 0001a000 fc:00 35396828                   /home/henriqueramos_qs/meta-learning-concept-drift/.venv/lib/python3.12/site-packages/scipy/cluster/_vq.cpython-312-x86_64-linux-gnu.so
7657e406a000-7657e406b000 rw-p 0001b000 fc:00 35396828                   /home/henriqueramos_qs/meta-learning-concept-drift/.venv/lib/python3.12/site-packages/scipy/cluster/_vq.cpython-312-x86_64-linux-gnu.so
7657e406b000-7657e4d78000 rw-p 00000000 00:00 0 
7657e4d78000-7657e4d79000 ---p 00000000 00:00 0 
7657e4d79000-7657e4e79000 rw-p 00000000 00:00 0 
7657e4f7a000-7657e4f7b000 ---p 00000000 00:00 0 
7657e4f7b000-7657e507b000 rw-p 00000000 00:00 0 
7657e507b000-7657e5510000 rw-p 00000000 00:00 0 
7657e5510000-7657ed400000 ---p 00000000 00:00 0 
7657ed400000-7657ed422000 rw-p 00000000 00:00 0 
7657ed422000-7657ee400000 ---p 00000000 00:00 0 
7657ee400000-7657ee422000 rw-p 00000000 00:00 0 
7657ee422000-7657ef400000 ---p 00000000 00:00 0 
7657ef417000-7657ef41d000 r--p 00000000 fc:00 35397074                   /home/henriqueramos_qs/meta-learning-concept-drift/.venv/lib/python3.12/site-packages/scipy/io/matlab/_mio5_utils.cpython-312-x86_64-linux-gnu.so
7657ef41d000-7657ef43f000 r-xp 00006000 fc:00 35397074                   /home/henriqueramos_qs/meta-learning-concept-drift/.venv/lib/python3.12/site-packages/scipy/io/matlab/_mio5_utils.cpython-312-x86_64-linux-gnu.so
7657ef43f000-7657ef448000 r--p 00028000 fc:00 35397074                   /home/henriqueramos_qs/meta-learning-concept-drift/.venv/lib/python3.12/site-packages/scipy/io/matlab/_mio5_utils.cpython-312-x86_64-linux-gnu.so
7657ef448000-7657ef44a000 r--p 00030000 fc:00 35397074                   /home/henriqueramos_qs/meta-learning-concept-drift/.venv/lib/python3.12/site-packages/scipy/io/matlab/_mio5_utils.cpython-312-x86_64-linux-gnu.so
7657ef44a000-7657ef44c000 rw-p 00032000 fc:00 35397074                   /home/henriqueramos_qs/meta-learning-concept-drift/.venv/lib/python3.12/site-packages/scipy/io/matlab/_mio5_utils.cpython-312-x86_64-linux-gnu.so
7657ef44c000-7657ef452000 r--p 00000000 fc:00 34996757                   /home/henriqueramos_qs/meta-learning-concept-drift/.venv/lib/python3.12/site-packages/river/utils/vectordict.cpython-312-x86_64-linux-gnu.so
7657ef452000-7657ef480000 r-xp 00006000 fc:00 34996757                   /home/henriqueramos_qs/meta-learning-concept-drift/.venv/lib/python3.12/site-packages/river/utils/vectordict.cpython-312-x86_64-linux-gnu.so
7657ef480000-7657ef488000 r--p 00034000 fc:00 34996757                   /home/henriqueramos_qs/meta-learning-concept-drift/.venv/lib/python3.12/site-packages/river/utils/vectordict.cpython-312-x86_64-linux-gnu.so
7657ef488000-7657ef489000 r--p 0003b000 fc:00 34996757                   /home/henriqueramos_qs/meta-learning-concept-drift/.venv/lib/python3.12/site-packages/river/utils/vectordict.cpython-312-x86_64-linux-gnu.so
7657ef489000-7657ef48d000 rw-p 0003c000 fc:00 34996757                   /home/henriqueramos_qs/meta-learning-concept-drift/.venv/lib/python3.12/site-packages/river/utils/vectordict.cpython-312-x86_64-linux-gnu.so
7657ef48d000-7657ef495000 r--p 00000000 fc:00 35521561                   /home/henriqueramos_qs/meta-learning-concept-drift/.venv/lib/python3.12/site-packages/torch/lib/libtorch.so
7657ef495000-7657ef4b1000 r-xp 00008000 fc:00 35521561                   /home/henriqueramos_qs/meta-learning-concept-drift/.venv/lib/python3.12/site-packages/torch/lib/libtorch.so
7657ef4b1000-7657ef4b9000 r--p 00024000 fc:00 35521561                   /home/henriqueramos_qs/meta-learning-concept-drift/.venv/lib/python3.12/site-packages/torch/lib/libtorch.so
7657ef4b9000-7657ef4ba000 ---p 0002c000 fc:00 35521561                   /home/henriqueramos_qs/meta-learning-concept-drift/.venv/lib/python3.12/site-packages/torch/lib/libtorch.so
7657ef4ba000-7657ef4bb000 r--p 0002c000 fc:00 35521561                   /home/henriqueramos_qs/meta-learning-concept-drift/.venv/lib/python3.12/site-packages/torch/lib/libtorch.so
7657ef4bb000-7657ef4bc000 rw-p 0002d000 fc:00 35521561                   /home/henriqueramos_qs/meta-learning-concept-drift/.venv/lib/python3.12/site-packages/torch/lib/libtorch.so
7657ef4bc000-7657ef4c1000 rw-p 0003b000 fc:00 35521561                   /home/henriqueramos_qs/meta-learning-concept-drift/.venv/lib/python3.12/site-packages/torch/lib/libtorch.so
7657ef4c1000-7657f3400000 rw-p 00000000 00:00 0 
7657f3400000-7657f3670000 rwxp 00000000 00:00 0 
7657f3670000-7657fa7cf000 ---p 00000000 00:00 0 
7657fa7cf000-7657fac3f000 rwxp 00000000 00:00 0 
7657fac3f000-7657fb030000 ---p 00000000 00:00 0 
7657fb030000-7657fb2a0000 rwxp 00000000 00:00 0 
7657fb2a0000-765802400000 ---p 00000000 00:00 0 
765802400000-76580aa1e000 r--s 00000000 08:05 8926140                    /usr/lib/jvm/java-21-openjdk-amd64/lib/modules
76580aa24000-76580aa28000 r--p 00000000 fc:00 34996378                   /home/henriqueramos_qs/meta-learning-concept-drift/.venv/lib/python3.12/site-packages/river/drift/adwin_c.cpython-312-x86_64-linux-gnu.so
76580aa28000-76580aa3f000 r-xp 00004000 fc:00 34996378                   /home/henriqueramos_qs/meta-learning-concept-drift/.venv/lib/python3.12/site-packages/river/drift/adwin_c.cpython-312-x86_64-linux-gnu.so
76580aa3f000-76580aa44000 r--p 0001b000 fc:00 34996378                   /home/henriqueramos_qs/meta-learning-concept-drift/.venv/lib/python3.12/site-packages/river/drift/adwin_c.cpython-312-x86_64-linux-gnu.so
76580aa44000-76580aa45000 r--p 0001f000 fc:00 34996378                   /home/henriqueramos_qs/meta-learning-concept-drift/.venv/lib/python3.12/site-packages/river/drift/adwin_c.cpython-312-x86_64-linux-gnu.so
76580aa45000-76580aa47000 rw-p 00020000 fc:00 34996378                   /home/henriqueramos_qs/meta-learning-concept-drift/.venv/lib/python3.12/site-packages/river/drift/adwin_c.cpython-312-x86_64-linux-gnu.so
76580aa47000-76580aa4c000 r--p 00000000 08:05 8926108                    /usr/lib/jvm/java-21-openjdk-amd64/lib/libjsvml.so
76580aa4c000-76580aa8d000 r-xp 00005000 08:05 8926108                    /usr/lib/jvm/java-21-openjdk-amd64/lib/libjsvml.so
76580aa8d000-76580ab16000 r--p 00046000 08:05 8926108                    /usr/lib/jvm/java-21-openjdk-amd64/lib/libjsvml.so
76580ab16000-76580ab17000 r--p 000ce000 08:05 8926108                    /usr/lib/jvm/java-21-openjdk-amd64/lib/libjsvml.so
76580ab17000-76580ab18000 rw-p 000cf000 08:05 8926108                    /usr/lib/jvm/java-21-openjdk-amd64/lib/libjsvml.so
76580ab18000-76580ab1d000 rw-p 00000000 00:00 0 
76580ab1d000-76580ac00000 ---p 00000000 00:00 0 
76580ac00000-76580aea1000 r--p 00000000 08:05 8926148                    /usr/lib/jvm/java-21-openjdk-amd64/lib/server/libjvm.so
76580aea1000-76580bd0d000 r-xp 002a1000 08:05 8926148                    /usr/lib/jvm/java-21-openjdk-amd64/lib/server/libjvm.so
76580bd0d000-76580bfe5000 r--p 0110d000 08:05 8926148                    /usr/lib/jvm/java-21-openjdk-amd64/lib/server/libjvm.so
76580bfe5000-76580c0b8000 r--p 013e5000 08:05 8926148                    /usr/lib/jvm/java-21-openjdk-amd64/lib/server/libjvm.so
76580c0b8000-76580c0e8000 rw-p 014b8000 08:05 8926148                    /usr/lib/jvm/java-21-openjdk-amd64/lib/server/libjvm.so
76580c0e8000-76580c14e000 rw-p 00000000 00:00 0 
76580c162000-76580c165000 r--p 00000000 fc:00 35521560                   /home/henriqueramos_qs/meta-learning-concept-drift/.venv/lib/python3.12/site-packages/torch/lib/libshm.so
76580c165000-76580c168000 r-xp 00003000 fc:00 35521560                   /home/henriqueramos_qs/meta-learning-concept-drift/.venv/lib/python3.12/site-packages/torch/lib/libshm.so
76580c168000-76580c169000 r--p 00006000 fc:00 35521560                   /home/henriqueramos_qs/meta-learning-concept-drift/.venv/lib/python3.12/site-packages/torch/lib/libshm.so
76580c169000-76580c16a000 ---p 00007000 fc:00 35521560                   /home/henriqueramos_qs/meta-learning-concept-drift/.venv/lib/python3.12/site-packages/torch/lib/libshm.so
76580c16a000-76580c16b000 r--p 00007000 fc:00 35521560                   /home/henriqueramos_qs/meta-learning-concept-drift/.venv/lib/python3.12/site-packages/torch/lib/libshm.so
76580c16b000-76580c16c000 rw-p 00008000 fc:00 35521560                   /home/henriqueramos_qs/meta-learning-concept-drift/.venv/lib/python3.12/site-packages/torch/lib/libshm.so
76580c16c000-76580c16e000 rw-p 0000c000 fc:00 35521560                   /home/henriqueramos_qs/meta-learning-concept-drift/.venv/lib/python3.12/site-packages/torch/lib/libshm.so
76580c16e000-76580c170000 r--p 00000000 08:05 8926138                    /usr/lib/jvm/java-21-openjdk-amd64/lib/libzip.so
76580c170000-76580c175000 r-xp 00002000 08:05 8926138                    /usr/lib/jvm/java-21-openjdk-amd64/lib/libzip.so
76580c175000-76580c177000 r--p 00007000 08:05 8926138                    /usr/lib/jvm/java-21-openjdk-amd64/lib/libzip.so
76580c177000-76580c178000 r--p 00008000 08:05 8926138                    /usr/lib/jvm/java-21-openjdk-amd64/lib/libzip.so
76580c178000-76580c179000 rw-p 00009000 08:05 8926138                    /usr/lib/jvm/java-21-openjdk-amd64/lib/libzip.so
76580c179000-76580c17c000 r--p 00000000 08:05 8926122                    /usr/lib/jvm/java-21-openjdk-amd64/lib/libnet.so
76580c17c000-76580c184000 r-xp 00003000 08:05 8926122                    /usr/lib/jvm/java-21-openjdk-amd64/lib/libnet.so
76580c184000-76580c186000 r--p 0000b000 08:05 8926122                    /usr/lib/jvm/java-21-openjdk-amd64/lib/libnet.so
76580c186000-76580c187000 r--p 0000c000 08:05 8926122                    /usr/lib/jvm/java-21-openjdk-amd64/lib/libnet.so
76580c187000-76580c188000 rw-p 0000d000 08:05 8926122                    /usr/lib/jvm/java-21-openjdk-amd64/lib/libnet.so
76580c188000-76580c18f000 r--p 00000000 08:05 8926124                    /usr/lib/jvm/java-21-openjdk-amd64/lib/libnio.so
76580c18f000-76580c198000 r-xp 00007000 08:05 8926124                    /usr/lib/jvm/java-21-openjdk-amd64/lib/libnio.so
76580c198000-76580c19c000 r--p 00010000 08:05 8926124                    /usr/lib/jvm/java-21-openjdk-amd64/lib/libnio.so
76580c19c000-76580c19d000 r--p 00014000 08:05 8926124                    /usr/lib/jvm/java-21-openjdk-amd64/lib/libnio.so
76580c19d000-76580c19e000 rw-p 00015000 08:05 8926124                    /usr/lib/jvm/java-21-openjdk-amd64/lib/libnio.so
76580c19e000-76580c1a3000 rw-p 00000000 00:00 0 
76580c1a3000-76580c286000 ---p 00000000 00:00 0 
76580c286000-76580c28f000 rw-p 00000000 00:00 0 
76580c28f000-76580c297000 ---p 00000000 00:00 0 
76580c297000-76580c2a4000 r--p 00000000 08:05 8926094                    /usr/lib/jvm/java-21-openjdk-amd64/lib/libjava.so
76580c2a4000-76580c2b3000 r-xp 0000d000 08:05 8926094                    /usr/lib/jvm/java-21-openjdk-amd64/lib/libjava.so
76580c2b3000-76580c2b8000 r--p 0001c000 08:05 8926094                    /usr/lib/jvm/java-21-openjdk-amd64/lib/libjava.so
76580c2b8000-76580c2b9000 r--p 00021000 08:05 8926094                    /usr/lib/jvm/java-21-openjdk-amd64/lib/libjava.so
76580c2b9000-76580c2ba000 rw-p 00022000 08:05 8926094                    /usr/lib/jvm/java-21-openjdk-amd64/lib/libjava.so
76580c2ba000-76580c2bb000 rw-p 00000000 00:00 0 
76580c2bb000-76580c2c3000 rw-s 00000000 08:05 10485911                   /tmp/hsperfdata_henriqueramos_qs/2718197 (deleted)
76580c2c3000-76580c5c3000 rw-p 00000000 00:00 0 
76580c5c3000-76580c5fe000 r--p 00000000 fc:00 34899781                   /home/henriqueramos_qs/meta-learning-concept-drift/.venv/lib/python3.12/site-packages/_jpype.cpython-312-x86_64-linux-gnu.so
76580c5fe000-76580c652000 r-xp 0003b000 fc:00 34899781                   /home/henriqueramos_qs/meta-learning-concept-drift/.venv/lib/python3.12/site-packages/_jpype.cpython-312-x86_64-linux-gnu.so
76580c652000-76580c67a000 r--p 0008f000 fc:00 34899781                   /home/henriqueramos_qs/meta-learning-concept-drift/.venv/lib/python3.12/site-packages/_jpype.cpython-312-x86_64-linux-gnu.so
76580c67a000-76580c67b000 ---p 000b7000 fc:00 34899781                   /home/henriqueramos_qs/meta-learning-concept-drift/.venv/lib/python3.12/site-packages/_jpype.cpython-312-x86_64-linux-gnu.so
76580c67b000-76580c67f000 r--p 000b7000 fc:00 34899781                   /home/henriqueramos_qs/meta-learning-concept-drift/.venv/lib/python3.12/site-packages/_jpype.cpython-312-x86_64-linux-gnu.so
76580c67f000-76580c683000 rw-p 000bb000 fc:00 34899781                   /home/henriqueramos_qs/meta-learning-concept-drift/.venv/lib/python3.12/site-packages/_jpype.cpython-312-x86_64-linux-gnu.so
76580c683000-76580cd83000 rw-p 00000000 00:00 0 
76580cd83000-76580cd87000 r--p 00000000 fc:00 35397628                   /home/henriqueramos_qs/meta-learning-concept-drift/.venv/lib/python3.12/site-packages/scipy/signal/_peak_finding_utils.cpython-312-x86_64-linux-gnu.so
76580cd87000-76580cd9d000 r-xp 00004000 fc:00 35397628                   /home/henriqueramos_qs/meta-learning-concept-drift/.venv/lib/python3.12/site-packages/scipy/signal/_peak_finding_utils.cpython-312-x86_64-linux-gnu.so
76580cd9d000-76580cda4000 r--p 0001a000 fc:00 35397628                   /home/henriqueramos_qs/meta-learning-concept-drift/.venv/lib/python3.12/site-packages/scipy/signal/_peak_finding_utils.cpython-312-x86_64-linux-gnu.so
76580cda4000-76580cda5000 r--p 00020000 fc:00 35397628                   /home/henriqueramos_qs/meta-learning-concept-drift/.venv/lib/python3.12/site-packages/scipy/signal/_peak_finding_utils.cpython-312-x86_64-linux-gnu.so
76580cda5000-76580cda6000 rw-p 00021000 fc:00 35397628                   /home/henriqueramos_qs/meta-learning-concept-drift/.venv/lib/python3.12/site-packages/scipy/signal/_peak_finding_utils.cpython-312-x86_64-linux-gnu.so
76580cda6000-76580cdaa000 r--p 00000000 fc:00 35397635                   /home/henriqueramos_qs/meta-learning-concept-drift/.venv/lib/python3.12/site-packages/scipy/signal/_sosfilt.cpython-312-x86_64-linux-gnu.so
76580cdaa000-76580cdc2000 r-xp 00004000 fc:00 35397635                   /home/henriqueramos_qs/meta-learning-concept-drift/.venv/lib/python3.12/site-packages/scipy/signal/_sosfilt.cpython-312-x86_64-linux-gnu.so
76580cdc2000-76580cdc7000 r--p 0001c000 fc:00 35397635                   /home/henriqueramos_qs/meta-learning-concept-drift/.venv/lib/python3.12/site-packages/scipy/signal/_sosfilt.cpython-312-x86_64-linux-gnu.so
76580cdc7000-76580cdc8000 ---p 00021000 fc:00 35397635                   /home/henriqueramos_qs/meta-learning-concept-drift/.venv/lib/python3.12/site-packages/scipy/signal/_sosfilt.cpython-312-x86_64-linux-gnu.so
76580cdc8000-76580cdc9000 r--p 00021000 fc:00 35397635                   /home/henriqueramos_qs/meta-learning-concept-drift/.venv/lib/python3.12/site-packages/scipy/signal/_sosfilt.cpython-312-x86_64-linux-gnu.so
76580cdc9000-76580cdca000 rw-p 00022000 fc:00 35397635                   /home/henriqueramos_qs/meta-learning-concept-drift/.venv/lib/python3.12/site-packages/scipy/signal/_sosfilt.cpython-312-x86_64-linux-gnu.so
76580cdca000-76580cecb000 rw-p 00000000 00:00 0 
76580cecb000-76580cecc000 r--p 00000000 fc:00 35397637                   /home/henriqueramos_qs/meta-learning-concept-drift/.venv/lib/python3.12/site-packages/scipy/signal/_spline.cpython-312-x86_64-linux-gnu.so
76580cecc000-76580ced5000 r-xp 00001000 fc:00 35397637                   /home/henriqueramos_qs/meta-learning-concept-drift/.venv/lib/python3.12/site-packages/scipy/signal/_spline.cpython-312-x86_64-linux-gnu.so
76580ced5000-76580ced6000 r--p 0000a000 fc:00 35397637                   /home/henriqueramos_qs/meta-learning-concept-drift/.venv/lib/python3.12/site-packages/scipy/signal/_spline.cpython-312-x86_64-linux-gnu.so
76580ced6000-76580ced7000 r--p 0000a000 fc:00 35397637                   /home/henriqueramos_qs/meta-learning-concept-drift/.venv/lib/python3.12/site-packages/scipy/signal/_spline.cpython-312-x86_64-linux-gnu.so
76580ced7000-76580ced9000 rw-p 0000b000 fc:00 35397637                   /home/henriqueramos_qs/meta-learning-concept-drift/.venv/lib/python3.12/site-packages/scipy/signal/_spline.cpython-312-x86_64-linux-gnu.so
76580ced9000-76580cede000 r--p 00000000 fc:00 35397642                   /home/henriqueramos_qs/meta-learning-concept-drift/.venv/lib/python3.12/site-packages/scipy/signal/_upfirdn_apply.cpython-312-x86_64-linux-gnu.so
76580cede000-76580cf06000 r-xp 00005000 fc:00 35397642                   /home/henriqueramos_qs/meta-learning-concept-drift/.venv/lib/python3.12/site-packages/scipy/signal/_upfirdn_apply.cpython-312-x86_64-linux-gnu.so
76580cf06000-76580cf0d000 r--p 0002d000 fc:00 35397642                   /home/henriqueramos_qs/meta-learning-concept-drift/.venv/lib/python3.12/site-packages/scipy/signal/_upfirdn_apply.cpython-312-x86_64-linux-gnu.so
76580cf0d000-76580cf0e000 ---p 00034000 fc:00 35397642                   /home/henriqueramos_qs/meta-learning-concept-drift/.venv/lib/python3.12/site-packages/scipy/signal/_upfirdn_apply.cpython-312-x86_64-linux-gnu.so
76580cf0e000-76580cf0f000 r--p 00034000 fc:00 35397642                   /home/henriqueramos_qs/meta-learning-concept-drift/.venv/lib/python3.12/site-packages/scipy/signal/_upfirdn_apply.cpython-312-x86_64-linux-gnu.so
76580cf0f000-76580cf10000 rw-p 00035000 fc:00 35397642                   /home/henriqueramos_qs/meta-learning-concept-drift/.venv/lib/python3.12/site-packages/scipy/signal/_upfirdn_apply.cpython-312-x86_64-linux-gnu.so
76580cf10000-76580cf11000 rw-p 00000000 00:00 0 
76580cf11000-76580cf14000 r--p 00000000 fc:00 35397626                   /home/henriqueramos_qs/meta-learning-concept-drift/.venv/lib/python3.12/site-packages/scipy/signal/_max_len_seq_inner.cpython-312-x86_64-linux-gnu.so
76580cf14000-76580cf1c000 r-xp 00003000 fc:00 35397626                   /home/henriqueramos_qs/meta-learning-concept-drift/.venv/lib/python3.12/site-packages/scipy/signal/_max_len_seq_inner.cpython-312-x86_64-linux-gnu.so
76580cf1c000-76580cf1f000 r--p 0000b000 fc:00 35397626                   /home/henriqueramos_qs/meta-learning-concept-drift/.venv/lib/python3.12/site-packages/scipy/signal/_max_len_seq_inner.cpython-312-x86_64-linux-gnu.so
76580cf1f000-76580cf20000 r--p 0000d000 fc:00 35397626                   /home/henriqueramos_qs/meta-learning-concept-drift/.venv/lib/python3.12/site-packages/scipy/signal/_max_len_seq_inner.cpython-312-x86_64-linux-gnu.so
76580cf20000-76580cf21000 rw-p 0000e000 fc:00 35397626                   /home/henriqueramos_qs/meta-learning-concept-drift/.venv/lib/python3.12/site-packages/scipy/signal/_max_len_seq_inner.cpython-312-x86_64-linux-gnu.so
76580cf21000-76580cf25000 r--p 00000000 fc:00 35400119                   /home/henriqueramos_qs/meta-learning-concept-drift/.venv/lib/python3.12/site-packages/sklearn/manifold/_barnes_hut_tsne.cpython-312-x86_64-linux-gnu.so
76580cf25000-76580cf34000 r-xp 00004000 fc:00 35400119                   /home/henriqueramos_qs/meta-learning-concept-drift/.venv/lib/python3.12/site-packages/sklearn/manifold/_barnes_hut_tsne.cpython-312-x86_64-linux-gnu.so
76580cf34000-76580cf39000 r--p 00013000 fc:00 35400119                   /home/henriqueramos_qs/meta-learning-concept-drift/.venv/lib/python3.12/site-packages/sklearn/manifold/_barnes_hut_tsne.cpython-312-x86_64-linux-gnu.so
76580cf39000-76580cf3a000 r--p 00017000 fc:00 35400119                   /home/henriqueramos_qs/meta-learning-concept-drift/.venv/lib/python3.12/site-packages/sklearn/manifold/_barnes_hut_tsne.cpython-312-x86_64-linux-gnu.so
76580cf3a000-76580cf3b000 rw-p 00018000 fc:00 35400119                   /home/henriqueramos_qs/meta-learning-concept-drift/.venv/lib/python3.12/site-packages/sklearn/manifold/_barnes_hut_tsne.cpython-312-x86_64-linux-gnu.so
76580cf3b000-76580cf3e000 rw-p 0001e000 fc:00 35400119                   /home/henriqueramos_qs/meta-learning-concept-drift/.venv/lib/python3.12/site-packages/sklearn/manifold/_barnes_hut_tsne.cpython-312-x86_64-linux-gnu.so
76580cf3e000-76580cf42000 r--p 00000000 fc:00 35399500                   /home/henriqueramos_qs/meta-learning-concept-drift/.venv/lib/python3.12/site-packages/sklearn/_isotonic.cpython-312-x86_64-linux-gnu.so
76580cf42000-76580cf5e000 r-xp 00004000 fc:00 35399500                   /home/henriqueramos_qs/meta-learning-concept-drift/.venv/lib/python3.12/site-packages/sklearn/_isotonic.cpython-312-x86_64-linux-gnu.so
76580cf5e000-76580cf64000 r--p 00020000 fc:00 35399500                   /home/henriqueramos_qs/meta-learning-concept-drift/.venv/lib/python3.12/site-packages/sklearn/_isotonic.cpython-312-x86_64-linux-gnu.so
76580cf64000-76580cf65000 r--p 00025000 fc:00 35399500                   /home/henriqueramos_qs/meta-learning-concept-drift/.venv/lib/python3.12/site-packages/sklearn/_isotonic.cpython-312-x86_64-linux-gnu.so
76580cf65000-76580cf66000 rw-p 00026000 fc:00 35399500                   /home/henriqueramos_qs/meta-learning-concept-drift/.venv/lib/python3.12/site-packages/sklearn/_isotonic.cpython-312-x86_64-linux-gnu.so
76580cf66000-76580cf67000 rw-p 00000000 00:00 0 
76580cf67000-76580cf6c000 r--p 00000000 fc:00 35399571                   /home/henriqueramos_qs/meta-learning-concept-drift/.venv/lib/python3.12/site-packages/sklearn/cluster/_hdbscan/_reachability.cpython-312-x86_64-linux-gnu.so
76580cf6c000-76580cf94000 r-xp 00005000 fc:00 35399571                   /home/henriqueramos_qs/meta-learning-concept-drift/.venv/lib/python3.12/site-packages/sklearn/cluster/_hdbscan/_reachability.cpython-312-x86_64-linux-gnu.so
76580cf94000-76580cf9b000 r--p 0002d000 fc:00 35399571                   /home/henriqueramos_qs/meta-learning-concept-drift/.venv/lib/python3.12/site-packages/sklearn/cluster/_hdbscan/_reachability.cpython-312-x86_64-linux-gnu.so
76580cf9b000-76580cf9c000 ---p 00034000 fc:00 35399571                   /home/henriqueramos_qs/meta-learning-concept-drift/.venv/lib/python3.12/site-packages/sklearn/cluster/_hdbscan/_reachability.cpython-312-x86_64-linux-gnu.so
76580cf9c000-76580cf9d000 r--p 00034000 fc:00 35399571                   /home/henriqueramos_qs/meta-learning-concept-drift/.venv/lib/python3.12/site-packages/sklearn/cluster/_hdbscan/_reachability.cpython-312-x86_64-linux-gnu.so
76580cf9d000-76580cf9e000 rw-p 00035000 fc:00 35399571                   /home/henriqueramos_qs/meta-learning-concept-drift/.venv/lib/python3.12/site-packages/sklearn/cluster/_hdbscan/_reachability.cpython-312-x86_64-linux-gnu.so
76580cf9e000-76580cf9f000 rw-p 00000000 00:00 0 
76580cf9f000-76580cfa4000 r--p 00000000 fc:00 35399573                   /home/henriqueramos_qs/meta-learning-concept-drift/.venv/lib/python3.12/site-packages/sklearn/cluster/_hdbscan/_tree.cpython-312-x86_64-linux-gnu.so
76580cfa4000-76580cfd0000 r-xp 00005000 fc:00 35399573                   /home/henriqueramos_qs/meta-learning-concept-drift/.venv/lib/python3.12/site-packages/sklearn/cluster/_hdbscan/_tree.cpython-312-x86_64-linux-gnu.so
76580cfd0000-76580cfd8000 r--p 00031000 fc:00 35399573                   /home/henriqueramos_qs/meta-learning-concept-drift/.venv/lib/python3.12/site-packages/sklearn/cluster/_hdbscan/_tree.cpython-312-x86_64-linux-gnu.so
76580cfd8000-76580cfd9000 r--p 00038000 fc:00 35399573                   /home/henriqueramos_qs/meta-learning-concept-drift/.venv/lib/python3.12/site-packages/sklearn/cluster/_hdbscan/_tree.cpython-312-x86_64-linux-gnu.so
76580cfd9000-76580cfda000 rw-p 00039000 fc:00 35399573                   /home/henriqueramos_qs/meta-learning-concept-drift/.venv/lib/python3.12/site-packages/sklearn/cluster/_hdbscan/_tree.cpython-312-x86_64-linux-gnu.so
76580cfda000-76580cfdb000 rw-p 00000000 00:00 0 
76580cfdb000-76580cfdf000 r--p 00000000 fc:00 35399569                   /home/henriqueramos_qs/meta-learning-concept-drift/.venv/lib/python3.12/site-packages/sklearn/cluster/_hdbscan/_linkage.cpython-312-x86_64-linux-gnu.so
76580cfdf000-76580cff2000 r-xp 00004000 fc:00 35399569                   /home/henriqueramos_qs/meta-learning-concept-drift/.venv/lib/python3.12/site-packages/sklearn/cluster/_hdbscan/_linkage.cpython-312-x86_64-linux-gnu.so
76580cff2000-76580cff7000 r--p 00017000 fc:00 35399569                   /home/henriqueramos_qs/meta-learning-concept-drift/.venv/lib/python3.12/site-packages/sklearn/cluster/_hdbscan/_linkage.cpython-312-x86_64-linux-gnu.so
76580cff7000-76580cff8000 ---p 0001c000 fc:00 35399569                   /home/henriqueramos_qs/meta-learning-concept-drift/.venv/lib/python3.12/site-packages/sklearn/cluster/_hdbscan/_linkage.cpython-312-x86_64-linux-gnu.so
76580cff8000-76580cff9000 r--p 0001c000 fc:00 35399569                   /home/henriqueramos_qs/meta-learning-concept-drift/.venv/lib/python3.12/site-packages/sklearn/cluster/_hdbscan/_linkage.cpython-312-x86_64-linux-gnu.so
76580cff9000-76580cffa000 rw-p 0001d000 fc:00 35399569                   /home/henriqueramos_qs/meta-learning-concept-drift/.venv/lib/python3.12/site-packages/sklearn/cluster/_hdbscan/_linkage.cpython-312-x86_64-linux-gnu.so
76580cffa000-76580cffe000 r--p 00000000 fc:00 35399560                   /home/henriqueramos_qs/meta-learning-concept-drift/.venv/lib/python3.12/site-packages/sklearn/cluster/_k_means_minibatch.cpython-312-x86_64-linux-gnu.so
76580cffe000-76580d01c000 r-xp 00004000 fc:00 35399560                   /home/henriqueramos_qs/meta-learning-concept-drift/.venv/lib/python3.12/site-packages/sklearn/cluster/_k_means_minibatch.cpython-312-x86_64-linux-gnu.so
76580d01c000-76580d022000 r--p 00022000 fc:00 35399560                   /home/henriqueramos_qs/meta-learning-concept-drift/.venv/lib/python3.12/site-packages/sklearn/cluster/_k_means_minibatch.cpython-312-x86_64-linux-gnu.so
76580d022000-76580d023000 r--p 00027000 fc:00 35399560                   /home/henriqueramos_qs/meta-learning-concept-drift/.venv/lib/python3.12/site-packages/sklearn/cluster/_k_means_minibatch.cpython-312-x86_64-linux-gnu.so
76580d023000-76580d024000 rw-p 00028000 fc:00 35399560                   /home/henriqueramos_qs/meta-learning-concept-drift/.venv/lib/python3.12/site-packages/sklearn/cluster/_k_means_minibatch.cpython-312-x86_64-linux-gnu.so
76580d024000-76580d025000 rw-p 00000000 00:00 0 
76580d025000-76580d028000 rw-p 0002f000 fc:00 35399560                   /home/henriqueramos_qs/meta-learning-concept-drift/.venv/lib/python3.12/site-packages/sklearn/cluster/_k_means_minibatch.cpython-312-x86_64-linux-gnu.so
76580d028000-76580d02d000 r--p 00000000 fc:00 35399558                   /home/henriqueramos_qs/meta-learning-concept-drift/.venv/lib/python3.12/site-packages/sklearn/cluster/_k_means_lloyd.cpython-312-x86_64-linux-gnu.so
76580d02d000-76580d056000 r-xp 00005000 fc:00 35399558                   /home/henriqueramos_qs/meta-learning-concept-drift/.venv/lib/python3.12/site-packages/sklearn/cluster/_k_means_lloyd.cpython-312-x86_64-linux-gnu.so
76580d056000-76580d05e000 r--p 0002e000 fc:00 35399558                   /home/henriqueramos_qs/meta-learning-concept-drift/.venv/lib/python3.12/site-packages/sklearn/cluster/_k_means_lloyd.cpython-312-x86_64-linux-gnu.so
76580d05e000-76580d05f000 ---p 00036000 fc:00 35399558                   /home/henriqueramos_qs/meta-learning-concept-drift/.venv/lib/python3.12/site-packages/sklearn/cluster/_k_means_lloyd.cpython-312-x86_64-linux-gnu.so
76580d05f000-76580d060000 r--p 00036000 fc:00 35399558                   /home/henriqueramos_qs/meta-learning-concept-drift/.venv/lib/python3.12/site-packages/sklearn/cluster/_k_means_lloyd.cpython-312-x86_64-linux-gnu.so
76580d060000-76580d061000 rw-p 00037000 fc:00 35399558                   /home/henriqueramos_qs/meta-learning-concept-drift/.venv/lib/python3.12/site-packages/sklearn/cluster/_k_means_lloyd.cpython-312-x86_64-linux-gnu.so
76580d061000-76580d062000 rw-p 00000000 00:00 0 
76580d062000-76580d065000 rw-p 0003f000 fc:00 35399558                   /home/henriqueramos_qs/meta-learning-concept-drift/.venv/lib/python3.12/site-packages/sklearn/cluster/_k_means_lloyd.cpython-312-x86_64-linux-gnu.so
76580d065000-76580d06a000 r--p 00000000 fc:00 35399556                   /home/henriqueramos_qs/meta-learning-concept-drift/.venv/lib/python3.12/site-packages/sklearn/cluster/_k_means_elkan.cpython-312-x86_64-linux-gnu.so
76580d06a000-76580d0ac000 r-xp 00005000 fc:00 35399556                   /home/henriqueramos_qs/meta-learning-concept-drift/.venv/lib/python3.12/site-packages/sklearn/cluster/_k_means_elkan.cpython-312-x86_64-linux-gnu.so
76580d0ac000-76580d0b7000 r--p 00047000 fc:00 35399556                   /home/henriqueramos_qs/meta-learning-concept-drift/.venv/lib/python3.12/site-packages/sklearn/cluster/_k_means_elkan.cpython-312-x86_64-linux-gnu.so
76580d0b7000-76580d0b8000 ---p 00052000 fc:00 35399556                   /home/henriqueramos_qs/meta-learning-concept-drift/.venv/lib/python3.12/site-packages/sklearn/cluster/_k_means_elkan.cpython-312-x86_64-linux-gnu.so
76580d0b8000-76580d0b9000 r--p 00052000 fc:00 35399556                   /home/henriqueramos_qs/meta-learning-concept-drift/.venv/lib/python3.12/site-packages/sklearn/cluster/_k_means_elkan.cpython-312-x86_64-linux-gnu.so
76580d0b9000-76580d0ba000 rw-p 00053000 fc:00 35399556                   /home/henriqueramos_qs/meta-learning-concept-drift/.venv/lib/python3.12/site-packages/sklearn/cluster/_k_means_elkan.cpython-312-x86_64-linux-gnu.so
76580d0ba000-76580d0bb000 rw-p 00000000 00:00 0 
76580d0bb000-76580d0be000 rw-p 0005c000 fc:00 35399556                   /home/henriqueramos_qs/meta-learning-concept-drift/.venv/lib/python3.12/site-packages/sklearn/cluster/_k_means_elkan.cpython-312-x86_64-linux-gnu.so
76580d0be000-76580d0c3000 r--p 00000000 fc:00 35399553                   /home/henriqueramos_qs/meta-learning-concept-drift/.venv/lib/python3.12/site-packages/sklearn/cluster/_k_means_common.cpython-312-x86_64-linux-gnu.so
76580d0c3000-76580d10c000 r-xp 00005000 fc:00 35399553                   /home/henriqueramos_qs/meta-learning-concept-drift/.venv/lib/python3.12/site-packages/sklearn/cluster/_k_means_common.cpython-312-x86_64-linux-gnu.so
76580d10c000-76580d115000 r--p 0004e000 fc:00 35399553                   /home/henriqueramos_qs/meta-learning-concept-drift/.venv/lib/python3.12/site-packages/sklearn/cluster/_k_means_common.cpython-312-x86_64-linux-gnu.so
76580d115000-76580d116000 ---p 00057000 fc:00 35399553                   /home/henriqueramos_qs/meta-learning-concept-drift/.venv/lib/python3.12/site-packages/sklearn/cluster/_k_means_common.cpython-312-x86_64-linux-gnu.so
76580d116000-76580d117000 r--p 00057000 fc:00 35399553                   /home/henriqueramos_qs/meta-learning-concept-drift/.venv/lib/python3.12/site-packages/sklearn/cluster/_k_means_common.cpython-312-x86_64-linux-gnu.so
76580d117000-76580d119000 rw-p 00058000 fc:00 35399553                   /home/henriqueramos_qs/meta-learning-concept-drift/.venv/lib/python3.12/site-packages/sklearn/cluster/_k_means_common.cpython-312-x86_64-linux-gnu.so
76580d119000-76580d11c000 rw-p 00062000 fc:00 35399553                   /home/henriqueramos_qs/meta-learning-concept-drift/.venv/lib/python3.12/site-packages/sklearn/cluster/_k_means_common.cpython-312-x86_64-linux-gnu.so
76580d11c000-76580d121000 r--p 00000000 fc:00 35399550                   /home/henriqueramos_qs/meta-learning-concept-drift/.venv/lib/python3.12/site-packages/sklearn/cluster/_hierarchical_fast.cpython-312-x86_64-linux-gnu.so
76580d121000-76580d13c000 r-xp 00005000 fc:00 35399550                   /home/henriqueramos_qs/meta-learning-concept-drift/.venv/lib/python3.12/site-packages/sklearn/cluster/_hierarchical_fast.cpython-312-x86_64-linux-gnu.so
76580d13c000-76580d144000 r--p 00020000 fc:00 35399550                   /home/henriqueramos_qs/meta-learning-concept-drift/.venv/lib/python3.12/site-packages/sklearn/cluster/_hierarchical_fast.cpython-312-x86_64-linux-gnu.so
76580d144000-76580d145000 ---p 00028000 fc:00 35399550                   /home/henriqueramos_qs/meta-learning-concept-drift/.venv/lib/python3.12/site-packages/sklearn/cluster/_hierarchical_fast.cpython-312-x86_64-linux-gnu.so
76580d145000-76580d146000 r--p 00028000 fc:00 35399550                   /home/henriqueramos_qs/meta-learning-concept-drift/.venv/lib/python3.12/site-packages/sklearn/cluster/_hierarchical_fast.cpython-312-x86_64-linux-gnu.so
76580d146000-76580d148000 rw-p 00029000 fc:00 35399550                   /home/henriqueramos_qs/meta-learning-concept-drift/.venv/lib/python3.12/site-packages/sklearn/cluster/_hierarchical_fast.cpython-312-x86_64-linux-gnu.so
76580d148000-76580d14d000 r--p 00000000 fc:00 35400428                   /home/henriqueramos_qs/meta-learning-concept-drift/.venv/lib/python3.12/site-packages/sklearn/utils/_fast_dict.cpython-312-x86_64-linux-gnu.so
76580d14d000-76580d161000 r-xp 00005000 fc:00 35400428                   /home/henriqueramos_qs/meta-learning-concept-drift/.venv/lib/python3.12/site-packages/sklearn/utils/_fast_dict.cpython-312-x86_64-linux-gnu.so
76580d161000-76580d167000 r--p 00019000 fc:00 35400428                   /home/henriqueramos_qs/meta-learning-concept-drift/.venv/lib/python3.12/site-packages/sklearn/utils/_fast_dict.cpython-312-x86_64-linux-gnu.so
76580d167000-76580d168000 ---p 0001f000 fc:00 35400428                   /home/henriqueramos_qs/meta-learning-concept-drift/.venv/lib/python3.12/site-packages/sklearn/utils/_fast_dict.cpython-312-x86_64-linux-gnu.so
76580d168000-76580d169000 r--p 0001f000 fc:00 35400428                   /home/henriqueramos_qs/meta-learning-concept-drift/.venv/lib/python3.12/site-packages/sklearn/utils/_fast_dict.cpython-312-x86_64-linux-gnu.so
76580d169000-76580d16b000 rw-p 00020000 fc:00 35400428                   /home/henriqueramos_qs/meta-learning-concept-drift/.venv/lib/python3.12/site-packages/sklearn/utils/_fast_dict.cpython-312-x86_64-linux-gnu.so
76580d16b000-76580d36b000 rw-p 00000000 00:00 0 
76580d36b000-76580d384000 r--p 00000000 fc:00 35403747                   /home/henriqueramos_qs/meta-learning-concept-drift/.venv/lib/python3.12/site-packages/matplotlib/ft2font.cpython-312-x86_64-linux-gnu.so
76580d384000-76580d44e000 r-xp 00019000 fc:00 35403747                   /home/henriqueramos_qs/meta-learning-concept-drift/.venv/lib/python3.12/site-packages/matplotlib/ft2font.cpython-312-x86_64-linux-gnu.so
76580d44e000-76580d48a000 r--p 000e3000 fc:00 35403747                   /home/henriqueramos_qs/meta-learning-concept-drift/.venv/lib/python3.12/site-packages/matplotlib/ft2font.cpython-312-x86_64-linux-gnu.so
76580d48a000-76580d491000 r--p 0011e000 fc:00 35403747                   /home/henriqueramos_qs/meta-learning-concept-drift/.venv/lib/python3.12/site-packages/matplotlib/ft2font.cpython-312-x86_64-linux-gnu.so
76580d491000-76580d492000 rw-p 00125000 fc:00 35403747                   /home/henriqueramos_qs/meta-learning-concept-drift/.venv/lib/python3.12/site-packages/matplotlib/ft2font.cpython-312-x86_64-linux-gnu.so
76580d492000-76580d792000 rw-p 00000000 00:00 0 
76580d792000-76580d7a1000 r--p 00000000 fc:00 35403722                   /home/henriqueramos_qs/meta-learning-concept-drift/.venv/lib/python3.12/site-packages/matplotlib/_image.cpython-312-x86_64-linux-gnu.so
76580d7a1000-76580d7ed000 r-xp 0000f000 fc:00 35403722                   /home/henriqueramos_qs/meta-learning-concept-drift/.venv/lib/python3.12/site-packages/matplotlib/_image.cpython-312-x86_64-linux-gnu.so
76580d7ed000-76580d7fd000 r--p 0005b000 fc:00 35403722                   /home/henriqueramos_qs/meta-learning-concept-drift/.venv/lib/python3.12/site-packages/matplotlib/_image.cpython-312-x86_64-linux-gnu.so
76580d7fd000-76580d7fe000 r--p 0006a000 fc:00 35403722                   /home/henriqueramos_qs/meta-learning-concept-drift/.venv/lib/python3.12/site-packages/matplotlib/_image.cpython-312-x86_64-linux-gnu.so
76580d7fe000-76580d7ff000 rw-p 0006b000 fc:00 35403722                   /home/henriqueramos_qs/meta-learning-concept-drift/.venv/lib/python3.12/site-packages/matplotlib/_image.cpython-312-x86_64-linux-gnu.so
76580d7ff000-76580d800000 rw-p 00000000 00:00 0 
76580d800000-76580d803000 r-xp 00000000 fc:00 35402594                   /home/henriqueramos_qs/meta-learning-concept-drift/.venv/lib/python3.12/site-packages/pillow.libs/libXau-154567c4.so.6.0.0
76580d803000-76580da02000 ---p 00003000 fc:00 35402594                   /home/henriqueramos_qs/meta-learning-concept-drift/.venv/lib/python3.12/site-packages/pillow.libs/libXau-154567c4.so.6.0.0
76580da02000-76580da03000 r--p 00002000 fc:00 35402594                   /home/henriqueramos_qs/meta-learning-concept-drift/.venv/lib/python3.12/site-packages/pillow.libs/libXau-154567c4.so.6.0.0
76580da03000-76580da04000 rw-p 00000000 00:00 0 
76580da04000-76580da05000 rw-p 00005000 fc:00 35402594                   /home/henriqueramos_qs/meta-learning-concept-drift/.venv/lib/python3.12/site-packages/pillow.libs/libXau-154567c4.so.6.0.0
76580da06000-76580da08000 r--p 00000000 fc:00 35397634                   /home/henriqueramos_qs/meta-learning-concept-drift/.venv/lib/python3.12/site-packages/scipy/signal/_sigtools.cpython-312-x86_64-linux-gnu.so
76580da08000-76580da1d000 r-xp 00002000 fc:00 35397634                   /home/henriqueramos_qs/meta-learning-concept-drift/.venv/lib/python3.12/site-packages/scipy/signal/_sigtools.cpython-312-x86_64-linux-gnu.so
76580da1d000-76580da1f000 r--p 00017000 fc:00 35397634                   /home/henriqueramos_qs/meta-learning-concept-drift/.venv/lib/python3.12/site-packages/scipy/signal/_sigtools.cpython-312-x86_64-linux-gnu.so
76580da1f000-76580da20000 r--p 00018000 fc:00 35397634                   /home/henriqueramos_qs/meta-learning-concept-drift/.venv/lib/python3.12/site-packages/scipy/signal/_sigtools.cpython-312-x86_64-linux-gnu.so
76580da20000-76580da21000 rw-p 00019000 fc:00 35397634                   /home/henriqueramos_qs/meta-learning-concept-drift/.venv/lib/python3.12/site-packages/scipy/signal/_sigtools.cpython-312-x86_64-linux-gnu.so
76580da21000-76580da28000 r--p 00000000 fc:00 35402728                   /home/henriqueramos_qs/meta-learning-concept-drift/.venv/lib/python3.12/site-packages/kiwisolver/_cext.cpython-312-x86_64-linux-gnu.so
76580da28000-76580da4c000 r-xp 00007000 fc:00 35402728                   /home/henriqueramos_qs/meta-learning-concept-drift/.venv/lib/python3.12/site-packages/kiwisolver/_cext.cpython-312-x86_64-linux-gnu.so
76580da4c000-76580da52000 r--p 0002b000 fc:00 35402728                   /home/henriqueramos_qs/meta-learning-concept-drift/.venv/lib/python3.12/site-packages/kiwisolver/_cext.cpython-312-x86_64-linux-gnu.so
76580da52000-76580da53000 r--p 00030000 fc:00 35402728                   /home/henriqueramos_qs/meta-learning-concept-drift/.venv/lib/python3.12/site-packages/kiwisolver/_cext.cpython-312-x86_64-linux-gnu.so
76580da53000-76580da54000 rw-p 00031000 fc:00 35402728                   /home/henriqueramos_qs/meta-learning-concept-drift/.venv/lib/python3.12/site-packages/kiwisolver/_cext.cpython-312-x86_64-linux-gnu.so
76580da54000-76580da55000 rw-p 00000000 00:00 0 
76580da55000-76580da64000 r--p 00000000 fc:00 35403818                   /home/henriqueramos_qs/meta-learning-concept-drift/.venv/lib/python3.12/site-packages/matplotlib/_path.cpython-312-x86_64-linux-gnu.so
76580da64000-76580daa1000 r-xp 0000f000 fc:00 35403818                   /home/henriqueramos_qs/meta-learning-concept-drift/.venv/lib/python3.12/site-packages/matplotlib/_path.cpython-312-x86_64-linux-gnu.so
76580daa1000-76580dab0000 r--p 0004c000 fc:00 35403818                   /home/henriqueramos_qs/meta-learning-concept-drift/.venv/lib/python3.12/site-packages/matplotlib/_path.cpython-312-x86_64-linux-gnu.so
76580dab0000-76580dab1000 ---p 0005b000 fc:00 35403818                   /home/henriqueramos_qs/meta-learning-concept-drift/.venv/lib/python3.12/site-packages/matplotlib/_path.cpython-312-x86_64-linux-gnu.so
76580dab1000-76580dab2000 r--p 0005b000 fc:00 35403818                   /home/henriqueramos_qs/meta-learning-concept-drift/.venv/lib/python3.12/site-packages/matplotlib/_path.cpython-312-x86_64-linux-gnu.so
76580dab2000-76580dab3000 rw-p 0005c000 fc:00 35403818                   /home/henriqueramos_qs/meta-learning-concept-drift/.venv/lib/python3.12/site-packages/matplotlib/_path.cpython-312-x86_64-linux-gnu.so
76580dab3000-76580dbb4000 rw-p 00000000 00:00 0 
76580dbb4000-76580dbb8000 r--p 00000000 fc:00 35402602                   /home/henriqueramos_qs/meta-learning-concept-drift/.venv/lib/python3.12/site-packages/pillow.libs/liblzma-64b7ab39.so.5.8.1
76580dbb8000-76580dbe5000 r-xp 00004000 fc:00 35402602                   /home/henriqueramos_qs/meta-learning-concept-drift/.venv/lib/python3.12/site-packages/pillow.libs/liblzma-64b7ab39.so.5.8.1
76580dbe5000-76580dbf2000 r--p 00031000 fc:00 35402602                   /home/henriqueramos_qs/meta-learning-concept-drift/.venv/lib/python3.12/site-packages/pillow.libs/liblzma-64b7ab39.so.5.8.1
76580dbf2000-76580dbf3000 r--p 0003e000 fc:00 35402602                   /home/henriqueramos_qs/meta-learning-concept-drift/.venv/lib/python3.12/site-packages/pillow.libs/liblzma-64b7ab39.so.5.8.1
76580dbf3000-76580dbf6000 rw-p 0003f000 fc:00 35402602                   /home/henriqueramos_qs/meta-learning-concept-drift/.venv/lib/python3.12/site-packages/pillow.libs/liblzma-64b7ab39.so.5.8.1
76580dbf6000-76580dc02000 r--p 00000000 fc:00 35402610                   /home/henriqueramos_qs/meta-learning-concept-drift/.venv/lib/python3.12/site-packages/pillow.libs/libxcb-64009ff3.so.1.1.0
76580dc02000-76580dc1d000 r-xp 0000c000 fc:00 35402610                   /home/henriqueramos_qs/meta-learning-concept-drift/.venv/lib/python3.12/site-packages/pillow.libs/libxcb-64009ff3.so.1.1.0
76580dc1d000-76580dc27000 r--p 00027000 fc:00 35402610                   /home/henriqueramos_qs/meta-learning-concept-drift/.venv/lib/python3.12/site-packages/pillow.libs/libxcb-64009ff3.so.1.1.0
76580dc27000-76580dc28000 r--p 00030000 fc:00 35402610                   /home/henriqueramos_qs/meta-learning-concept-drift/.venv/lib/python3.12/site-packages/pillow.libs/libxcb-64009ff3.so.1.1.0
76580dc28000-76580dc29000 rw-p 00031000 fc:00 35402610                   /home/henriqueramos_qs/meta-learning-concept-drift/.venv/lib/python3.12/site-packages/pillow.libs/libxcb-64009ff3.so.1.1.0
76580dc29000-76580dc34000 rw-p 00033000 fc:00 35402610                   /home/henriqueramos_qs/meta-learning-concept-drift/.venv/lib/python3.12/site-packages/pillow.libs/libxcb-64009ff3.so.1.1.0
76580dc34000-76580dc3c000 r--p 00000000 fc:00 35402603                   /home/henriqueramos_qs/meta-learning-concept-drift/.venv/lib/python3.12/site-packages/pillow.libs/libopenjp2-56811f71.so.2.5.3
76580dc3c000-76580dcab000 r-xp 00008000 fc:00 35402603                   /home/henriqueramos_qs/meta-learning-concept-drift/.venv/lib/python3.12/site-packages/pillow.libs/libopenjp2-56811f71.so.2.5.3
76580dcab000-76580dcbe000 r--p 00077000 fc:00 35402603                   /home/henriqueramos_qs/meta-learning-concept-drift/.venv/lib/python3.12/site-packages/pillow.libs/libopenjp2-56811f71.so.2.5.3
76580dcbe000-76580dcbf000 r--p 0008a000 fc:00 35402603                   /home/henriqueramos_qs/meta-learning-concept-drift/.venv/lib/python3.12/site-packages/pillow.libs/libopenjp2-56811f71.so.2.5.3
76580dcbf000-76580dcc0000 rw-p 0008b000 fc:00 35402603                   /home/henriqueramos_qs/meta-learning-concept-drift/.venv/lib/python3.12/site-packages/pillow.libs/libopenjp2-56811f71.so.2.5.3
76580dcc0000-76580dcc3000 rw-p 0008d000 fc:00 35402603                   /home/henriqueramos_qs/meta-learning-concept-drift/.venv/lib/python3.12/site-packages/pillow.libs/libopenjp2-56811f71.so.2.5.3
76580dcc3000-76580dcc9000 r--p 00000000 fc:00 35402600                   /home/henriqueramos_qs/meta-learning-concept-drift/.venv/lib/python3.12/site-packages/pillow.libs/libjpeg-8a13c6e0.so.62.4.0
76580dcc9000-76580dd60000 r-xp 00006000 fc:00 35402600                   /home/henriqueramos_qs/meta-learning-concept-drift/.venv/lib/python3.12/site-packages/pillow.libs/libjpeg-8a13c6e0.so.62.4.0
76580dd60000-76580dd89000 r--p 0009d000 fc:00 35402600                   /home/henriqueramos_qs/meta-learning-concept-drift/.venv/lib/python3.12/site-packages/pillow.libs/libjpeg-8a13c6e0.so.62.4.0
76580dd89000-76580dd8a000 r--p 000c6000 fc:00 35402600                   /home/henriqueramos_qs/meta-learning-concept-drift/.venv/lib/python3.12/site-packages/pillow.libs/libjpeg-8a13c6e0.so.62.4.0
76580dd8a000-76580dd8f000 rw-p 000c7000 fc:00 35402600                   /home/henriqueramos_qs/meta-learning-concept-drift/.venv/lib/python3.12/site-packages/pillow.libs/libjpeg-8a13c6e0.so.62.4.0
76580dd8f000-76580dd97000 r--p 00000000 fc:00 35402606                   /home/henriqueramos_qs/meta-learning-concept-drift/.venv/lib/python3.12/site-packages/pillow.libs/libtiff-13a02c81.so.6.1.0
76580dd97000-76580de0a000 r-xp 00008000 fc:00 35402606                   /home/henriqueramos_qs/meta-learning-concept-drift/.venv/lib/python3.12/site-packages/pillow.libs/libtiff-13a02c81.so.6.1.0
76580de0a000-76580de3c000 r--p 0007b000 fc:00 35402606                   /home/henriqueramos_qs/meta-learning-concept-drift/.venv/lib/python3.12/site-packages/pillow.libs/libtiff-13a02c81.so.6.1.0
76580de3c000-76580de40000 r--p 000ad000 fc:00 35402606                   /home/henriqueramos_qs/meta-learning-concept-drift/.venv/lib/python3.12/site-packages/pillow.libs/libtiff-13a02c81.so.6.1.0
76580de40000-76580de41000 rw-p 000b1000 fc:00 35402606                   /home/henriqueramos_qs/meta-learning-concept-drift/.venv/lib/python3.12/site-packages/pillow.libs/libtiff-13a02c81.so.6.1.0
76580de41000-76580de45000 rw-p 000b3000 fc:00 35402606                   /home/henriqueramos_qs/meta-learning-concept-drift/.venv/lib/python3.12/site-packages/pillow.libs/libtiff-13a02c81.so.6.1.0
76580de45000-76580de59000 r--p 00000000 fc:00 35402572                   /home/henriqueramos_qs/meta-learning-concept-drift/.venv/lib/python3.12/site-packages/PIL/_imaging.cpython-312-x86_64-linux-gnu.so
76580de59000-76580dee0000 r-xp 00014000 fc:00 35402572                   /home/henriqueramos_qs/meta-learning-concept-drift/.venv/lib/python3.12/site-packages/PIL/_imaging.cpython-312-x86_64-linux-gnu.so
76580dee0000-76580def1000 r--p 0009b000 fc:00 35402572                   /home/henriqueramos_qs/meta-learning-concept-drift/.venv/lib/python3.12/site-packages/PIL/_imaging.cpython-312-x86_64-linux-gnu.so
76580def1000-76580def5000 r--p 000ac000 fc:00 35402572                   /home/henriqueramos_qs/meta-learning-concept-drift/.venv/lib/python3.12/site-packages/PIL/_imaging.cpython-312-x86_64-linux-gnu.so
76580def5000-76580def9000 rw-p 000b0000 fc:00 35402572                   /home/henriqueramos_qs/meta-learning-concept-drift/.venv/lib/python3.12/site-packages/PIL/_imaging.cpython-312-x86_64-linux-gnu.so
76580def9000-76580df00000 rw-p 00333000 fc:00 35402572                   /home/henriqueramos_qs/meta-learning-concept-drift/.venv/lib/python3.12/site-packages/PIL/_imaging.cpython-312-x86_64-linux-gnu.so
76580df00000-76580e000000 rw-p 00000000 00:00 0 
76580e000000-76580e129000 r--p 00000000 fc:00 35401307                   /home/henriqueramos_qs/meta-learning-concept-drift/.venv/lib/python3.12/site-packages/lightgbm/lib/lib_lightgbm.so
76580e129000-76580e7b7000 r-xp 00129000 fc:00 35401307                   /home/henriqueramos_qs/meta-learning-concept-drift/.venv/lib/python3.12/site-packages/lightgbm/lib/lib_lightgbm.so
76580e7b7000-76580e879000 r--p 007b7000 fc:00 35401307                   /home/henriqueramos_qs/meta-learning-concept-drift/.venv/lib/python3.12/site-packages/lightgbm/lib/lib_lightgbm.so
76580e879000-76580e885000 r--p 00879000 fc:00 35401307                   /home/henriqueramos_qs/meta-learning-concept-drift/.venv/lib/python3.12/site-packages/lightgbm/lib/lib_lightgbm.so
76580e885000-76580e88a000 rw-p 00885000 fc:00 35401307                   /home/henriqueramos_qs/meta-learning-concept-drift/.venv/lib/python3.12/site-packages/lightgbm/lib/lib_lightgbm.so
76580e88a000-76580e88b000 rw-p 00000000 00:00 0 
76580e88c000-76580e88d000 r--p 00000000 fc:00 35414505                   /home/henriqueramos_qs/meta-learning-concept-drift/.venv/lib/python3.12/site-packages/torch/_C.cpython-312-x86_64-linux-gnu.so
76580e88d000-76580e88e000 r-xp 00001000 fc:00 35414505                   /home/henriqueramos_qs/meta-learning-concept-drift/.venv/lib/python3.12/site-packages/torch/_C.cpython-312-x86_64-linux-gnu.so
76580e88e000-76580e88f000 r--p 00002000 fc:00 35414505                   /home/henriqueramos_qs/meta-learning-concept-drift/.venv/lib/python3.12/site-packages/torch/_C.cpython-312-x86_64-linux-gnu.so
76580e88f000-76580e890000 r--p 00002000 fc:00 35414505                   /home/henriqueramos_qs/meta-learning-concept-drift/.venv/lib/python3.12/site-packages/torch/_C.cpython-312-x86_64-linux-gnu.so
76580e890000-76580e891000 rw-p 00003000 fc:00 35414505                   /home/henriqueramos_qs/meta-learning-concept-drift/.venv/lib/python3.12/site-packages/torch/_C.cpython-312-x86_64-linux-gnu.so
76580e891000-76580e892000 rw-p 00006000 fc:00 35414505                   /home/henriqueramos_qs/meta-learning-concept-drift/.venv/lib/python3.12/site-packages/torch/_C.cpython-312-x86_64-linux-gnu.so
76580e892000-76580e896000 r--p 00000000 fc:00 35400126                   /home/henriqueramos_qs/meta-learning-concept-drift/.venv/lib/python3.12/site-packages/sklearn/manifold/_utils.cpython-312-x86_64-linux-gnu.so
76580e896000-76580e89f000 r-xp 00004000 fc:00 35400126                   /home/henriqueramos_qs/meta-learning-concept-drift/.venv/lib/python3.12/site-packages/sklearn/manifold/_utils.cpython-312-x86_64-linux-gnu.so
76580e89f000-76580e8a3000 r--p 0000d000 fc:00 35400126                   /home/henriqueramos_qs/meta-learning-concept-drift/.venv/lib/python3.12/site-packages/sklearn/manifold/_utils.cpython-312-x86_64-linux-gnu.so
76580e8a3000-76580e8a4000 ---p 00011000 fc:00 35400126                   /home/henriqueramos_qs/meta-learning-concept-drift/.venv/lib/python3.12/site-packages/sklearn/manifold/_utils.cpython-312-x86_64-linux-gnu.so
76580e8a4000-76580e8a5000 r--p 00011000 fc:00 35400126                   /home/henriqueramos_qs/meta-learning-concept-drift/.venv/lib/python3.12/site-packages/sklearn/manifold/_utils.cpython-312-x86_64-linux-gnu.so
76580e8a5000-76580e8a6000 rw-p 00012000 fc:00 35400126                   /home/henriqueramos_qs/meta-learning-concept-drift/.venv/lib/python3.12/site-packages/sklearn/manifold/_utils.cpython-312-x86_64-linux-gnu.so
76580e8a6000-76580e8b3000 r--p 00000000 fc:00 35403711                   /home/henriqueramos_qs/meta-learning-concept-drift/.venv/lib/python3.12/site-packages/matplotlib/_c_internal_utils.cpython-312-x86_64-linux-gnu.so
76580e8b3000-76580e8ca000 r-xp 0000d000 fc:00 35403711                   /home/henriqueramos_qs/meta-learning-concept-drift/.venv/lib/python3.12/site-packages/matplotlib/_c_internal_utils.cpython-312-x86_64-linux-gnu.so
76580e8ca000-76580e8d2000 r--p 00024000 fc:00 35403711                   /home/henriqueramos_qs/meta-learning-concept-drift/.venv/lib/python3.12/site-packages/matplotlib/_c_internal_utils.cpython-312-x86_64-linux-gnu.so
76580e8d2000-76580e8d3000 ---p 0002c000 fc:00 35403711                   /home/henriqueramos_qs/meta-learning-concept-drift/.venv/lib/python3.12/site-packages/matplotlib/_c_internal_utils.cpython-312-x86_64-linux-gnu.so
76580e8d3000-76580e8d4000 r--p 0002c000 fc:00 35403711                   /home/henriqueramos_qs/meta-learning-concept-drift/.venv/lib/python3.12/site-packages/matplotlib/_c_internal_utils.cpython-312-x86_64-linux-gnu.so
76580e8d4000-76580e8d5000 rw-p 0002d000 fc:00 35403711                   /home/henriqueramos_qs/meta-learning-concept-drift/.venv/lib/python3.12/site-packages/matplotlib/_c_internal_utils.cpython-312-x86_64-linux-gnu.so
76580e8d5000-76580e8e0000 r--p 00000000 08:05 8398478                    /usr/lib/x86_64-linux-gnu/libgomp.so.1.0.0
76580e8e0000-76580e91c000 r-xp 0000b000 08:05 8398478                    /usr/lib/x86_64-linux-gnu/libgomp.so.1.0.0
76580e91c000-76580e929000 r--p 00047000 08:05 8398478                    /usr/lib/x86_64-linux-gnu/libgomp.so.1.0.0
76580e929000-76580e92a000 r--p 00054000 08:05 8398478                    /usr/lib/x86_64-linux-gnu/libgomp.so.1.0.0
76580e92a000-76580e92b000 rw-p 00055000 08:05 8398478                    /usr/lib/x86_64-linux-gnu/libgomp.so.1.0.0
76580e92c000-76580e92d000 r--p 00000000 fc:00 35521565                   /home/henriqueramos_qs/meta-learning-concept-drift/.venv/lib/python3.12/site-packages/torch/lib/libtorch_global_deps.so
76580e92d000-76580e92e000 r-xp 00001000 fc:00 35521565                   /home/henriqueramos_qs/meta-learning-concept-drift/.venv/lib/python3.12/site-packages/torch/lib/libtorch_global_deps.so
76580e92e000-76580e92f000 r--p 00002000 fc:00 35521565                   /home/henriqueramos_qs/meta-learning-concept-drift/.venv/lib/python3.12/site-packages/torch/lib/libtorch_global_deps.so
76580e92f000-76580e930000 r--p 00002000 fc:00 35521565                   /home/henriqueramos_qs/meta-learning-concept-drift/.venv/lib/python3.12/site-packages/torch/lib/libtorch_global_deps.so
76580e930000-76580e932000 rw-p 00003000 fc:00 35521565                   /home/henriqueramos_qs/meta-learning-concept-drift/.venv/lib/python3.12/site-packages/torch/lib/libtorch_global_deps.so
76580e932000-76580e935000 r--p 00000000 fc:00 35399547                   /home/henriqueramos_qs/meta-learning-concept-drift/.venv/lib/python3.12/site-packages/sklearn/cluster/_dbscan_inner.cpython-312-x86_64-linux-gnu.so
76580e935000-76580e93c000 r-xp 00003000 fc:00 35399547                   /home/henriqueramos_qs/meta-learning-concept-drift/.venv/lib/python3.12/site-packages/sklearn/cluster/_dbscan_inner.cpython-312-x86_64-linux-gnu.so
76580e93c000-76580e940000 r--p 0000a000 fc:00 35399547                   /home/henriqueramos_qs/meta-learning-concept-drift/.venv/lib/python3.12/site-packages/sklearn/cluster/_dbscan_inner.cpython-312-x86_64-linux-gnu.so
76580e940000-76580e941000 r--p 0000d000 fc:00 35399547                   /home/henriqueramos_qs/meta-learning-concept-drift/.venv/lib/python3.12/site-packages/sklearn/cluster/_dbscan_inner.cpython-312-x86_64-linux-gnu.so
76580e941000-76580e942000 rw-p 0000e000 fc:00 35399547                   /home/henriqueramos_qs/meta-learning-concept-drift/.venv/lib/python3.12/site-packages/sklearn/cluster/_dbscan_inner.cpython-312-x86_64-linux-gnu.so
76580e942000-76580e947000 r--p 00000000 fc:00 35399868                   /home/henriqueramos_qs/meta-learning-concept-drift/.venv/lib/python3.12/site-packages/sklearn/ensemble/_hist_gradient_boosting/splitting.cpython-312-x86_64-linux-gnu.so
76580e947000-76580e96b000 r-xp 00005000 fc:00 35399868                   /home/henriqueramos_qs/meta-learning-concept-drift/.venv/lib/python3.12/site-packages/sklearn/ensemble/_hist_gradient_boosting/splitting.cpython-312-x86_64-linux-gnu.so
76580e96b000-76580e975000 r--p 00029000 fc:00 35399868                   /home/henriqueramos_qs/meta-learning-concept-drift/.venv/lib/python3.12/site-packages/sklearn/ensemble/_hist_gradient_boosting/splitting.cpython-312-x86_64-linux-gnu.so
76580e975000-76580e977000 r--p 00032000 fc:00 35399868                   /home/henriqueramos_qs/meta-learning-concept-drift/.venv/lib/python3.12/site-packages/sklearn/ensemble/_hist_gradient_boosting/splitting.cpython-312-x86_64-linux-gnu.so
76580e977000-76580e979000 rw-p 00034000 fc:00 35399868                   /home/henriqueramos_qs/meta-learning-concept-drift/.venv/lib/python3.12/site-packages/sklearn/ensemble/_hist_gradient_boosting/splitting.cpython-312-x86_64-linux-gnu.so
76580e979000-76580e97c000 rw-p 0003e000 fc:00 35399868                   /home/henriqueramos_qs/meta-learning-concept-drift/.venv/lib/python3.12/site-packages/sklearn/ensemble/_hist_gradient_boosting/splitting.cpython-312-x86_64-linux-gnu.so
76580e97c000-76580e980000 r--p 00000000 fc:00 35399856                   /home/henriqueramos_qs/meta-learning-concept-drift/.venv/lib/python3.12/site-packages/sklearn/ensemble/_hist_gradient_boosting/_predictor.cpython-312-x86_64-linux-gnu.so
76580e980000-76580e990000 r-xp 00004000 fc:00 35399856                   /home/henriqueramos_qs/meta-learning-concept-drift/.venv/lib/python3.12/site-packages/sklearn/ensemble/_hist_gradient_boosting/_predictor.cpython-312-x86_64-linux-gnu.so
76580e990000-76580e995000 r--p 00014000 fc:00 35399856                   /home/henriqueramos_qs/meta-learning-concept-drift/.venv/lib/python3.12/site-packages/sklearn/ensemble/_hist_gradient_boosting/_predictor.cpython-312-x86_64-linux-gnu.so
76580e995000-76580e997000 r--p 00018000 fc:00 35399856                   /home/henriqueramos_qs/meta-learning-concept-drift/.venv/lib/python3.12/site-packages/sklearn/ensemble/_hist_gradient_boosting/_predictor.cpython-312-x86_64-linux-gnu.so
76580e997000-76580e998000 rw-p 0001a000 fc:00 35399856                   /home/henriqueramos_qs/meta-learning-concept-drift/.venv/lib/python3.12/site-packages/sklearn/ensemble/_hist_gradient_boosting/_predictor.cpython-312-x86_64-linux-gnu.so
76580e998000-76580e99b000 rw-p 00020000 fc:00 35399856                   /home/henriqueramos_qs/meta-learning-concept-drift/.venv/lib/python3.12/site-packages/sklearn/ensemble/_hist_gradient_boosting/_predictor.cpython-312-x86_64-linux-gnu.so
76580e99b000-76580e9a0000 r--p 00000000 fc:00 35399864                   /home/henriqueramos_qs/meta-learning-concept-drift/.venv/lib/python3.12/site-packages/sklearn/ensemble/_hist_gradient_boosting/histogram.cpython-312-x86_64-linux-gnu.so
76580e9a0000-76580e9bf000 r-xp 00005000 fc:00 35399864                   /home/henriqueramos_qs/meta-learning-concept-drift/.venv/lib/python3.12/site-packages/sklearn/ensemble/_hist_gradient_boosting/histogram.cpython-312-x86_64-linux-gnu.so
76580e9bf000-76580e9c8000 r--p 00024000 fc:00 35399864                   /home/henriqueramos_qs/meta-learning-concept-drift/.venv/lib/python3.12/site-packages/sklearn/ensemble/_hist_gradient_boosting/histogram.cpython-312-x86_64-linux-gnu.so
76580e9c8000-76580e9c9000 ---p 0002d000 fc:00 35399864                   /home/henriqueramos_qs/meta-learning-concept-drift/.venv/lib/python3.12/site-packages/sklearn/ensemble/_hist_gradient_boosting/histogram.cpython-312-x86_64-linux-gnu.so
76580e9c9000-76580e9ca000 r--p 0002d000 fc:00 35399864                   /home/henriqueramos_qs/meta-learning-concept-drift/.venv/lib/python3.12/site-packages/sklearn/ensemble/_hist_gradient_boosting/histogram.cpython-312-x86_64-linux-gnu.so
76580e9ca000-76580e9cb000 rw-p 0002e000 fc:00 35399864                   /home/henriqueramos_qs/meta-learning-concept-drift/.venv/lib/python3.12/site-packages/sklearn/ensemble/_hist_gradient_boosting/histogram.cpython-312-x86_64-linux-gnu.so
76580e9cb000-76580e9cc000 rw-p 00000000 00:00 0 
76580e9cc000-76580e9cf000 rw-p 00037000 fc:00 35399864                   /home/henriqueramos_qs/meta-learning-concept-drift/.venv/lib/python3.12/site-packages/sklearn/ensemble/_hist_gradient_boosting/histogram.cpython-312-x86_64-linux-gnu.so
76580e9cf000-76580e9d2000 r--p 00000000 fc:00 35399851                   /home/henriqueramos_qs/meta-learning-concept-drift/.venv/lib/python3.12/site-packages/sklearn/ensemble/_hist_gradient_boosting/_bitset.cpython-312-x86_64-linux-gnu.so
76580e9d2000-76580e9da000 r-xp 00003000 fc:00 35399851                   /home/henriqueramos_qs/meta-learning-concept-drift/.venv/lib/python3.12/site-packages/sklearn/ensemble/_hist_gradient_boosting/_bitset.cpython-312-x86_64-linux-gnu.so
76580e9da000-76580e9de000 r--p 0000b000 fc:00 35399851                   /home/henriqueramos_qs/meta-learning-concept-drift/.venv/lib/python3.12/site-packages/sklearn/ensemble/_hist_gradient_boosting/_bitset.cpython-312-x86_64-linux-gnu.so
76580e9de000-76580e9df000 ---p 0000f000 fc:00 35399851                   /home/henriqueramos_qs/meta-learning-concept-drift/.venv/lib/python3.12/site-packages/sklearn/ensemble/_hist_gradient_boosting/_bitset.cpython-312-x86_64-linux-gnu.so
76580e9df000-76580e9e0000 r--p 0000f000 fc:00 35399851                   /home/henriqueramos_qs/meta-learning-concept-drift/.venv/lib/python3.12/site-packages/sklearn/ensemble/_hist_gradient_boosting/_bitset.cpython-312-x86_64-linux-gnu.so
76580e9e0000-76580e9e1000 rw-p 00010000 fc:00 35399851                   /home/henriqueramos_qs/meta-learning-concept-drift/.venv/lib/python3.12/site-packages/sklearn/ensemble/_hist_gradient_boosting/_bitset.cpython-312-x86_64-linux-gnu.so
76580e9e1000-76580e9e4000 r--p 00000000 fc:00 35399849                   /home/henriqueramos_qs/meta-learning-concept-drift/.venv/lib/python3.12/site-packages/sklearn/ensemble/_hist_gradient_boosting/_binning.cpython-312-x86_64-linux-gnu.so
76580e9e4000-76580e9ed000 r-xp 00003000 fc:00 35399849                   /home/henriqueramos_qs/meta-learning-concept-drift/.venv/lib/python3.12/site-packages/sklearn/ensemble/_hist_gradient_boosting/_binning.cpython-312-x86_64-linux-gnu.so
76580e9ed000-76580e9f1000 r--p 0000c000 fc:00 35399849                   /home/henriqueramos_qs/meta-learning-concept-drift/.venv/lib/python3.12/site-packages/sklearn/ensemble/_hist_gradient_boosting/_binning.cpython-312-x86_64-linux-gnu.so
76580e9f1000-76580e9f2000 r--p 0000f000 fc:00 35399849                   /home/henriqueramos_qs/meta-learning-concept-drift/.venv/lib/python3.12/site-packages/sklearn/ensemble/_hist_gradient_boosting/_binning.cpython-312-x86_64-linux-gnu.so
76580e9f2000-76580e9f3000 rw-p 00010000 fc:00 35399849                   /home/henriqueramos_qs/meta-learning-concept-drift/.venv/lib/python3.12/site-packages/sklearn/ensemble/_hist_gradient_boosting/_binning.cpython-312-x86_64-linux-gnu.so
76580e9f3000-76580e9f6000 rw-p 00015000 fc:00 35399849                   /home/henriqueramos_qs/meta-learning-concept-drift/.venv/lib/python3.12/site-packages/sklearn/ensemble/_hist_gradient_boosting/_binning.cpython-312-x86_64-linux-gnu.so
76580e9f6000-76580e9f9000 r--p 00000000 fc:00 35399854                   /home/henriqueramos_qs/meta-learning-concept-drift/.venv/lib/python3.12/site-packages/sklearn/ensemble/_hist_gradient_boosting/_gradient_boosting.cpython-312-x86_64-linux-gnu.so
76580e9f9000-76580ea03000 r-xp 00003000 fc:00 35399854                   /home/henriqueramos_qs/meta-learning-concept-drift/.venv/lib/python3.12/site-packages/sklearn/ensemble/_hist_gradient_boosting/_gradient_boosting.cpython-312-x86_64-linux-gnu.so
76580ea03000-76580ea07000 r--p 0000d000 fc:00 35399854                   /home/henriqueramos_qs/meta-learning-concept-drift/.venv/lib/python3.12/site-packages/sklearn/ensemble/_hist_gradient_boosting/_gradient_boosting.cpython-312-x86_64-linux-gnu.so
76580ea07000-76580ea08000 r--p 00010000 fc:00 35399854                   /home/henriqueramos_qs/meta-learning-concept-drift/.venv/lib/python3.12/site-packages/sklearn/ensemble/_hist_gradient_boosting/_gradient_boosting.cpython-312-x86_64-linux-gnu.so
76580ea08000-76580ea09000 rw-p 00011000 fc:00 35399854                   /home/henriqueramos_qs/meta-learning-concept-drift/.venv/lib/python3.12/site-packages/sklearn/ensemble/_hist_gradient_boosting/_gradient_boosting.cpython-312-x86_64-linux-gnu.so
76580ea09000-76580ea0c000 rw-p 00016000 fc:00 35399854                   /home/henriqueramos_qs/meta-learning-concept-drift/.venv/lib/python3.12/site-packages/sklearn/ensemble/_hist_gradient_boosting/_gradient_boosting.cpython-312-x86_64-linux-gnu.so
76580ea0c000-76580eb0c000 rw-p 00000000 00:00 0 
76580eb0c000-76580eb10000 r--p 00000000 fc:00 35399840                   /home/henriqueramos_qs/meta-learning-concept-drift/.venv/lib/python3.12/site-packages/sklearn/ensemble/_gradient_boosting.cpython-312-x86_64-linux-gnu.so
76580eb10000-76580eb20000 r-xp 00004000 fc:00 35399840                   /home/henriqueramos_qs/meta-learning-concept-drift/.venv/lib/python3.12/site-packages/sklearn/ensemble/_gradient_boosting.cpython-312-x86_64-linux-gnu.so
76580eb20000-76580eb25000 r--p 00014000 fc:00 35399840                   /home/henriqueramos_qs/meta-learning-concept-drift/.venv/lib/python3.12/site-packages/sklearn/ensemble/_gradient_boosting.cpython-312-x86_64-linux-gnu.so
76580eb25000-76580eb26000 ---p 00019000 fc:00 35399840                   /home/henriqueramos_qs/meta-learning-concept-drift/.venv/lib/python3.12/site-packages/sklearn/ensemble/_gradient_boosting.cpython-312-x86_64-linux-gnu.so
76580eb26000-76580eb27000 r--p 00019000 fc:00 35399840                   /home/henriqueramos_qs/meta-learning-concept-drift/.venv/lib/python3.12/site-packages/sklearn/ensemble/_gradient_boosting.cpython-312-x86_64-linux-gnu.so
76580eb27000-76580eb28000 rw-p 0001a000 fc:00 35399840                   /home/henriqueramos_qs/meta-learning-concept-drift/.venv/lib/python3.12/site-packages/sklearn/ensemble/_gradient_boosting.cpython-312-x86_64-linux-gnu.so
76580eb28000-76580eb2c000 r--p 00000000 fc:00 35400396                   /home/henriqueramos_qs/meta-learning-concept-drift/.venv/lib/python3.12/site-packages/sklearn/tree/_partitioner.cpython-312-x86_64-linux-gnu.so
76580eb2c000-76580eb46000 r-xp 00004000 fc:00 35400396                   /home/henriqueramos_qs/meta-learning-concept-drift/.venv/lib/python3.12/site-packages/sklearn/tree/_partitioner.cpython-312-x86_64-linux-gnu.so
76580eb46000-76580eb4c000 r--p 0001e000 fc:00 35400396                   /home/henriqueramos_qs/meta-learning-concept-drift/.venv/lib/python3.12/site-packages/sklearn/tree/_partitioner.cpython-312-x86_64-linux-gnu.so
76580eb4c000-76580eb4d000 ---p 00024000 fc:00 35400396                   /home/henriqueramos_qs/meta-learning-concept-drift/.venv/lib/python3.12/site-packages/sklearn/tree/_partitioner.cpython-312-x86_64-linux-gnu.so
76580eb4d000-76580eb4e000 r--p 00024000 fc:00 35400396                   /home/henriqueramos_qs/meta-learning-concept-drift/.venv/lib/python3.12/site-packages/sklearn/tree/_partitioner.cpython-312-x86_64-linux-gnu.so
76580eb4e000-76580eb4f000 rw-p 00025000 fc:00 35400396                   /home/henriqueramos_qs/meta-learning-concept-drift/.venv/lib/python3.12/site-packages/sklearn/tree/_partitioner.cpython-312-x86_64-linux-gnu.so
76580eb4f000-76580eb50000 rw-p 00000000 00:00 0 
76580eb50000-76580eb54000 r--p 00000000 fc:00 35400406                   /home/henriqueramos_qs/meta-learning-concept-drift/.venv/lib/python3.12/site-packages/sklearn/tree/_utils.cpython-312-x86_64-linux-gnu.so
76580eb54000-76580eb66000 r-xp 00004000 fc:00 35400406                   /home/henriqueramos_qs/meta-learning-concept-drift/.venv/lib/python3.12/site-packages/sklearn/tree/_utils.cpython-312-x86_64-linux-gnu.so
76580eb66000-76580eb6d000 r--p 00016000 fc:00 35400406                   /home/henriqueramos_qs/meta-learning-concept-drift/.venv/lib/python3.12/site-packages/sklearn/tree/_utils.cpython-312-x86_64-linux-gnu.so
76580eb6d000-76580eb6e000 r--p 0001c000 fc:00 35400406                   /home/henriqueramos_qs/meta-learning-concept-drift/.venv/lib/python3.12/site-packages/sklearn/tree/_utils.cpython-312-x86_64-linux-gnu.so
76580eb6e000-76580eb6f000 rw-p 0001d000 fc:00 35400406                   /home/henriqueramos_qs/meta-learning-concept-drift/.venv/lib/python3.12/site-packages/sklearn/tree/_utils.cpython-312-x86_64-linux-gnu.so
76580eb6f000-76580eb70000 rw-p 00000000 00:00 0 
76580eb70000-76580eb75000 r--p 00000000 fc:00 35400258                   /home/henriqueramos_qs/meta-learning-concept-drift/.venv/lib/python3.12/site-packages/sklearn/neighbors/_quad_tree.cpython-312-x86_64-linux-gnu.so
76580eb75000-76580eb8d000 r-xp 00005000 fc:00 35400258                   /home/henriqueramos_qs/meta-learning-concept-drift/.venv/lib/python3.12/site-packages/sklearn/neighbors/_quad_tree.cpython-312-x86_64-linux-gnu.so
76580eb8d000-76580eb94000 r--p 0001d000 fc:00 35400258                   /home/henriqueramos_qs/meta-learning-concept-drift/.venv/lib/python3.12/site-packages/sklearn/neighbors/_quad_tree.cpython-312-x86_64-linux-gnu.so
76580eb94000-76580eb95000 ---p 00024000 fc:00 35400258                   /home/henriqueramos_qs/meta-learning-concept-drift/.venv/lib/python3.12/site-packages/sklearn/neighbors/_quad_tree.cpython-312-x86_64-linux-gnu.so
76580eb95000-76580eb96000 r--p 00024000 fc:00 35400258                   /home/henriqueramos_qs/meta-learning-concept-drift/.venv/lib/python3.12/site-packages/sklearn/neighbors/_quad_tree.cpython-312-x86_64-linux-gnu.so
76580eb96000-76580eb97000 rw-p 00025000 fc:00 35400258                   /home/henriqueramos_qs/meta-learning-concept-drift/.venv/lib/python3.12/site-packages/sklearn/neighbors/_quad_tree.cpython-312-x86_64-linux-gnu.so
76580eb97000-76580eb98000 rw-p 00000000 00:00 0 
76580eb98000-76580eb9c000 r--p 00000000 fc:00 35399807                   /home/henriqueramos_qs/meta-learning-concept-drift/.venv/lib/python3.12/site-packages/sklearn/decomposition/_cdnmf_fast.cpython-312-x86_64-linux-gnu.so
76580eb9c000-76580ebaa000 r-xp 00004000 fc:00 35399807                   /home/henriqueramos_qs/meta-learning-concept-drift/.venv/lib/python3.12/site-packages/sklearn/decomposition/_cdnmf_fast.cpython-312-x86_64-linux-gnu.so
76580ebaa000-76580ebaf000 r--p 00012000 fc:00 35399807                   /home/henriqueramos_qs/meta-learning-concept-drift/.venv/lib/python3.12/site-packages/sklearn/decomposition/_cdnmf_fast.cpython-312-x86_64-linux-gnu.so
76580ebaf000-76580ebb0000 r--p 00016000 fc:00 35399807                   /home/henriqueramos_qs/meta-learning-concept-drift/.venv/lib/python3.12/site-packages/sklearn/decomposition/_cdnmf_fast.cpython-312-x86_64-linux-gnu.so
76580ebb0000-76580ebb1000 rw-p 00017000 fc:00 35399807                   /home/henriqueramos_qs/meta-learning-concept-drift/.venv/lib/python3.12/site-packages/sklearn/decomposition/_cdnmf_fast.cpython-312-x86_64-linux-gnu.so
76580ebb1000-76580ebb2000 rw-p 00000000 00:00 0 
76580ebb2000-76580ebb6000 r--p 00000000 fc:00 35399816                   /home/henriqueramos_qs/meta-learning-concept-drift/.venv/lib/python3.12/site-packages/sklearn/decomposition/_online_lda_fast.cpython-312-x86_64-linux-gnu.so
76580ebb6000-76580ebd1000 r-xp 00004000 fc:00 35399816                   /home/henriqueramos_qs/meta-learning-concept-drift/.venv/lib/python3.12/site-packages/sklearn/decomposition/_online_lda_fast.cpython-312-x86_64-linux-gnu.so
76580ebd1000-76580ebd6000 r--p 0001f000 fc:00 35399816                   /home/henriqueramos_qs/meta-learning-concept-drift/.venv/lib/python3.12/site-packages/sklearn/decomposition/_online_lda_fast.cpython-312-x86_64-linux-gnu.so
76580ebd6000-76580ebd7000 ---p 00024000 fc:00 35399816                   /home/henriqueramos_qs/meta-learning-concept-drift/.venv/lib/python3.12/site-packages/sklearn/decomposition/_online_lda_fast.cpython-312-x86_64-linux-gnu.so
76580ebd7000-76580ebd8000 r--p 00024000 fc:00 35399816                   /home/henriqueramos_qs/meta-learning-concept-drift/.venv/lib/python3.12/site-packages/sklearn/decomposition/_online_lda_fast.cpython-312-x86_64-linux-gnu.so
76580ebd8000-76580ebd9000 rw-p 00025000 fc:00 35399816                   /home/henriqueramos_qs/meta-learning-concept-drift/.venv/lib/python3.12/site-packages/sklearn/decomposition/_online_lda_fast.cpython-312-x86_64-linux-gnu.so
76580ebd9000-76580ecda000 rw-p 00000000 00:00 0 
76580ecda000-76580ecdd000 r--p 00000000 fc:00 35400470                   /home/henriqueramos_qs/meta-learning-concept-drift/.venv/lib/python3.12/site-packages/sklearn/utils/_weight_vector.cpython-312-x86_64-linux-gnu.so
76580ecdd000-76580ece7000 r-xp 00003000 fc:00 35400470                   /home/henriqueramos_qs/meta-learning-concept-drift/.venv/lib/python3.12/site-packages/sklearn/utils/_weight_vector.cpython-312-x86_64-linux-gnu.so
76580ece7000-76580eceb000 r--p 0000d000 fc:00 35400470                   /home/henriqueramos_qs/meta-learning-concept-drift/.venv/lib/python3.12/site-packages/sklearn/utils/_weight_vector.cpython-312-x86_64-linux-gnu.so
76580eceb000-76580ecec000 ---p 00011000 fc:00 35400470                   /home/henriqueramos_qs/meta-learning-concept-drift/.venv/lib/python3.12/site-packages/sklearn/utils/_weight_vector.cpython-312-x86_64-linux-gnu.so
76580ecec000-76580eced000 r--p 00011000 fc:00 35400470                   /home/henriqueramos_qs/meta-learning-concept-drift/.venv/lib/python3.12/site-packages/sklearn/utils/_weight_vector.cpython-312-x86_64-linux-gnu.so
76580eced000-76580ecee000 rw-p 00012000 fc:00 35400470                   /home/henriqueramos_qs/meta-learning-concept-drift/.venv/lib/python3.12/site-packages/sklearn/utils/_weight_vector.cpython-312-x86_64-linux-gnu.so
76580ecee000-76580ecf3000 r--p 00000000 fc:00 35400085                   /home/henriqueramos_qs/meta-learning-concept-drift/.venv/lib/python3.12/site-packages/sklearn/linear_model/_sgd_fast.cpython-312-x86_64-linux-gnu.so
76580ecf3000-76580ed14000 r-xp 00005000 fc:00 35400085                   /home/henriqueramos_qs/meta-learning-concept-drift/.venv/lib/python3.12/site-packages/sklearn/linear_model/_sgd_fast.cpython-312-x86_64-linux-gnu.so
76580ed14000-76580ed1e000 r--p 00026000 fc:00 35400085                   /home/henriqueramos_qs/meta-learning-concept-drift/.venv/lib/python3.12/site-packages/sklearn/linear_model/_sgd_fast.cpython-312-x86_64-linux-gnu.so
76580ed1e000-76580ed20000 r--p 0002f000 fc:00 35400085                   /home/henriqueramos_qs/meta-learning-concept-drift/.venv/lib/python3.12/site-packages/sklearn/linear_model/_sgd_fast.cpython-312-x86_64-linux-gnu.so
76580ed20000-76580ed22000 rw-p 00031000 fc:00 35400085                   /home/henriqueramos_qs/meta-learning-concept-drift/.venv/lib/python3.12/site-packages/sklearn/linear_model/_sgd_fast.cpython-312-x86_64-linux-gnu.so
76580ed22000-76580ed23000 rw-p 00000000 00:00 0 
76580ed23000-76580ed27000 r--p 00000000 fc:00 35400083                   /home/henriqueramos_qs/meta-learning-concept-drift/.venv/lib/python3.12/site-packages/sklearn/linear_model/_sag_fast.cpython-312-x86_64-linux-gnu.so
76580ed27000-76580ed3e000 r-xp 00004000 fc:00 35400083                   /home/henriqueramos_qs/meta-learning-concept-drift/.venv/lib/python3.12/site-packages/sklearn/linear_model/_sag_fast.cpython-312-x86_64-linux-gnu.so
76580ed3e000-76580ed45000 r--p 0001b000 fc:00 35400083                   /home/henriqueramos_qs/meta-learning-concept-drift/.venv/lib/python3.12/site-packages/sklearn/linear_model/_sag_fast.cpython-312-x86_64-linux-gnu.so
76580ed45000-76580ed46000 r--p 00021000 fc:00 35400083                   /home/henriqueramos_qs/meta-learning-concept-drift/.venv/lib/python3.12/site-packages/sklearn/linear_model/_sag_fast.cpython-312-x86_64-linux-gnu.so
76580ed46000-76580ed47000 rw-p 00022000 fc:00 35400083                   /home/henriqueramos_qs/meta-learning-concept-drift/.venv/lib/python3.12/site-packages/sklearn/linear_model/_sag_fast.cpython-312-x86_64-linux-gnu.so
76580ed47000-76580ed50000 r--p 00000000 fc:00 35400332                   /home/henriqueramos_qs/meta-learning-concept-drift/.venv/lib/python3.12/site-packages/sklearn/svm/_libsvm_sparse.cpython-312-x86_64-linux-gnu.so
76580ed50000-76580ed8f000 r-xp 00009000 fc:00 35400332                   /home/henriqueramos_qs/meta-learning-concept-drift/.venv/lib/python3.12/site-packages/sklearn/svm/_libsvm_sparse.cpython-312-x86_64-linux-gnu.so
76580ed8f000-76580ed99000 r--p 00048000 fc:00 35400332                   /home/henriqueramos_qs/meta-learning-concept-drift/.venv/lib/python3.12/site-packages/sklearn/svm/_libsvm_sparse.cpython-312-x86_64-linux-gnu.so
76580ed99000-76580ed9b000 r--p 00051000 fc:00 35400332                   /home/henriqueramos_qs/meta-learning-concept-drift/.venv/lib/python3.12/site-packages/sklearn/svm/_libsvm_sparse.cpython-312-x86_64-linux-gnu.so
76580ed9b000-76580ed9c000 rw-p 00053000 fc:00 35400332                   /home/henriqueramos_qs/meta-learning-concept-drift/.venv/lib/python3.12/site-packages/sklearn/svm/_libsvm_sparse.cpython-312-x86_64-linux-gnu.so
76580ed9c000-76580ed9e000 rw-p 00000000 00:00 0 
76580ed9e000-76580eda7000 r--p 00000000 fc:00 35400329                   /home/henriqueramos_qs/meta-learning-concept-drift/.venv/lib/python3.12/site-packages/sklearn/svm/_libsvm.cpython-312-x86_64-linux-gnu.so
76580eda7000-76580edee000 r-xp 00009000 fc:00 35400329                   /home/henriqueramos_qs/meta-learning-concept-drift/.venv/lib/python3.12/site-packages/sklearn/svm/_libsvm.cpython-312-x86_64-linux-gnu.so
76580edee000-76580edfb000 r--p 00050000 fc:00 35400329                   /home/henriqueramos_qs/meta-learning-concept-drift/.venv/lib/python3.12/site-packages/sklearn/svm/_libsvm.cpython-312-x86_64-linux-gnu.so
76580edfb000-76580edfd000 r--p 0005c000 fc:00 35400329                   /home/henriqueramos_qs/meta-learning-concept-drift/.venv/lib/python3.12/site-packages/sklearn/svm/_libsvm.cpython-312-x86_64-linux-gnu.so
76580edfd000-76580edff000 rw-p 0005e000 fc:00 35400329                   /home/henriqueramos_qs/meta-learning-concept-drift/.venv/lib/python3.12/site-packages/sklearn/svm/_libsvm.cpython-312-x86_64-linux-gnu.so
76580edff000-76580ee00000 rw-p 00000000 00:00 0 
76580ee00000-76580ee0c000 r--p 00000000 fc:00 35399529                   /home/henriqueramos_qs/meta-learning-concept-drift/.venv/lib/python3.12/site-packages/sklearn/_loss/_loss.cpython-312-x86_64-linux-gnu.so
76580ee0c000-76580f081000 r-xp 0000c000 fc:00 35399529                   /home/henriqueramos_qs/meta-learning-concept-drift/.venv/lib/python3.12/site-packages/sklearn/_loss/_loss.cpython-312-x86_64-linux-gnu.so
76580f081000-76580f0a7000 r--p 00281000 fc:00 35399529                   /home/henriqueramos_qs/meta-learning-concept-drift/.venv/lib/python3.12/site-packages/sklearn/_loss/_loss.cpython-312-x86_64-linux-gnu.so
76580f0a7000-76580f0a9000 r--p 002a6000 fc:00 35399529                   /home/henriqueramos_qs/meta-learning-concept-drift/.venv/lib/python3.12/site-packages/sklearn/_loss/_loss.cpython-312-x86_64-linux-gnu.so
76580f0a9000-76580f0af000 rw-p 002a8000 fc:00 35399529                   /home/henriqueramos_qs/meta-learning-concept-drift/.venv/lib/python3.12/site-packages/sklearn/_loss/_loss.cpython-312-x86_64-linux-gnu.so
76580f0af000-76580f0b1000 rw-p 00000000 00:00 0 
76580f0b1000-76580f0b4000 rw-p 002ce000 fc:00 35399529                   /home/henriqueramos_qs/meta-learning-concept-drift/.venv/lib/python3.12/site-packages/sklearn/_loss/_loss.cpython-312-x86_64-linux-gnu.so
76580f0b9000-76580f0bb000 r--p 00000000 08:05 8926100                    /usr/lib/jvm/java-21-openjdk-amd64/lib/libjimage.so
76580f0bb000-76580f0be000 r-xp 00002000 08:05 8926100                    /usr/lib/jvm/java-21-openjdk-amd64/lib/libjimage.so
76580f0be000-76580f0bf000 r--p 00005000 08:05 8926100                    /usr/lib/jvm/java-21-openjdk-amd64/lib/libjimage.so
76580f0bf000-76580f0c0000 r--p 00006000 08:05 8926100                    /usr/lib/jvm/java-21-openjdk-amd64/lib/libjimage.so
76580f0c0000-76580f0c1000 rw-p 00007000 08:05 8926100                    /usr/lib/jvm/java-21-openjdk-amd64/lib/libjimage.so
76580f0c1000-76580f0c7000 r--p 00000000 fc:00 35400326                   /home/henriqueramos_qs/meta-learning-concept-drift/.venv/lib/python3.12/site-packages/sklearn/svm/_liblinear.cpython-312-x86_64-linux-gnu.so
76580f0c7000-76580f0e1000 r-xp 00006000 fc:00 35400326                   /home/henriqueramos_qs/meta-learning-concept-drift/.venv/lib/python3.12/site-packages/sklearn/svm/_liblinear.cpython-312-x86_64-linux-gnu.so
76580f0e1000-76580f0e7000 r--p 00020000 fc:00 35400326                   /home/henriqueramos_qs/meta-learning-concept-drift/.venv/lib/python3.12/site-packages/sklearn/svm/_liblinear.cpython-312-x86_64-linux-gnu.so
76580f0e7000-76580f0e8000 ---p 00026000 fc:00 35400326                   /home/henriqueramos_qs/meta-learning-concept-drift/.venv/lib/python3.12/site-packages/sklearn/svm/_liblinear.cpython-312-x86_64-linux-gnu.so
76580f0e8000-76580f0e9000 r--p 00026000 fc:00 35400326                   /home/henriqueramos_qs/meta-learning-concept-drift/.venv/lib/python3.12/site-packages/sklearn/svm/_liblinear.cpython-312-x86_64-linux-gnu.so
76580f0e9000-76580f0ea000 rw-p 00027000 fc:00 35400326                   /home/henriqueramos_qs/meta-learning-concept-drift/.venv/lib/python3.12/site-packages/sklearn/svm/_liblinear.cpython-312-x86_64-linux-gnu.so
76580f0ea000-76580f1ec000 rw-p 00000000 00:00 0 
76580f1ec000-76580f1f1000 r--p 00000000 fc:00 35400069                   /home/henriqueramos_qs/meta-learning-concept-drift/.venv/lib/python3.12/site-packages/sklearn/linear_model/_cd_fast.cpython-312-x86_64-linux-gnu.so
76580f1f1000-76580f233000 r-xp 00005000 fc:00 35400069                   /home/henriqueramos_qs/meta-learning-concept-drift/.venv/lib/python3.12/site-packages/sklearn/linear_model/_cd_fast.cpython-312-x86_64-linux-gnu.so
76580f233000-76580f23e000 r--p 00047000 fc:00 35400069                   /home/henriqueramos_qs/meta-learning-concept-drift/.venv/lib/python3.12/site-packages/sklearn/linear_model/_cd_fast.cpython-312-x86_64-linux-gnu.so
76580f23e000-76580f23f000 ---p 00052000 fc:00 35400069                   /home/henriqueramos_qs/meta-learning-concept-drift/.venv/lib/python3.12/site-packages/sklearn/linear_model/_cd_fast.cpython-312-x86_64-linux-gnu.so
76580f23f000-76580f240000 r--p 00052000 fc:00 35400069                   /home/henriqueramos_qs/meta-learning-concept-drift/.venv/lib/python3.12/site-packages/sklearn/linear_model/_cd_fast.cpython-312-x86_64-linux-gnu.so
76580f240000-76580f241000 rw-p 00053000 fc:00 35400069                   /home/henriqueramos_qs/meta-learning-concept-drift/.venv/lib/python3.12/site-packages/sklearn/linear_model/_cd_fast.cpython-312-x86_64-linux-gnu.so
76580f241000-76580f242000 rw-p 00000000 00:00 0 
76580f242000-76580f247000 r--p 00000000 fc:00 35400448                   /home/henriqueramos_qs/meta-learning-concept-drift/.venv/lib/python3.12/site-packages/sklearn/utils/_random.cpython-312-x86_64-linux-gnu.so
76580f247000-76580f26c000 r-xp 00005000 fc:00 35400448                   /home/henriqueramos_qs/meta-learning-concept-drift/.venv/lib/python3.12/site-packages/sklearn/utils/_random.cpython-312-x86_64-linux-gnu.so
76580f26c000-76580f274000 r--p 0002a000 fc:00 35400448                   /home/henriqueramos_qs/meta-learning-concept-drift/.venv/lib/python3.12/site-packages/sklearn/utils/_random.cpython-312-x86_64-linux-gnu.so
76580f274000-76580f275000 ---p 00032000 fc:00 35400448                   /home/henriqueramos_qs/meta-learning-concept-drift/.venv/lib/python3.12/site-packages/sklearn/utils/_random.cpython-312-x86_64-linux-gnu.so
76580f275000-76580f276000 r--p 00032000 fc:00 35400448                   /home/henriqueramos_qs/meta-learning-concept-drift/.venv/lib/python3.12/site-packages/sklearn/utils/_random.cpython-312-x86_64-linux-gnu.so
76580f276000-76580f277000 rw-p 00033000 fc:00 35400448                   /home/henriqueramos_qs/meta-learning-concept-drift/.venv/lib/python3.12/site-packages/sklearn/utils/_random.cpython-312-x86_64-linux-gnu.so
76580f277000-76580f278000 rw-p 00000000 00:00 0 
76580f278000-76580f27d000 r--p 00000000 fc:00 35400452                   /home/henriqueramos_qs/meta-learning-concept-drift/.venv/lib/python3.12/site-packages/sklearn/utils/_seq_dataset.cpython-312-x86_64-linux-gnu.so
76580f27d000-76580f29c000 r-xp 00005000 fc:00 35400452                   /home/henriqueramos_qs/meta-learning-concept-drift/.venv/lib/python3.12/site-packages/sklearn/utils/_seq_dataset.cpython-312-x86_64-linux-gnu.so
76580f29c000-76580f2a3000 r--p 00024000 fc:00 35400452                   /home/henriqueramos_qs/meta-learning-concept-drift/.venv/lib/python3.12/site-packages/sklearn/utils/_seq_dataset.cpython-312-x86_64-linux-gnu.so
76580f2a3000-76580f2a4000 ---p 0002b000 fc:00 35400452                   /home/henriqueramos_qs/meta-learning-concept-drift/.venv/lib/python3.12/site-packages/sklearn/utils/_seq_dataset.cpython-312-x86_64-linux-gnu.so
76580f2a4000-76580f2a5000 r--p 0002b000 fc:00 35400452                   /home/henriqueramos_qs/meta-learning-concept-drift/.venv/lib/python3.12/site-packages/sklearn/utils/_seq_dataset.cpython-312-x86_64-linux-gnu.so
76580f2a5000-76580f2a7000 rw-p 0002c000 fc:00 35400452                   /home/henriqueramos_qs/meta-learning-concept-drift/.venv/lib/python3.12/site-packages/sklearn/utils/_seq_dataset.cpython-312-x86_64-linux-gnu.so
76580f2a7000-76580f2a8000 rw-p 00000000 00:00 0 
76580f2a8000-76580f2ac000 r--p 00000000 fc:00 35400473                   /home/henriqueramos_qs/meta-learning-concept-drift/.venv/lib/python3.12/site-packages/sklearn/utils/arrayfuncs.cpython-312-x86_64-linux-gnu.so
76580f2ac000-76580f2c8000 r-xp 00004000 fc:00 35400473                   /home/henriqueramos_qs/meta-learning-concept-drift/.venv/lib/python3.12/site-packages/sklearn/utils/arrayfuncs.cpython-312-x86_64-linux-gnu.so
76580f2c8000-76580f2ce000 r--p 00020000 fc:00 35400473                   /home/henriqueramos_qs/meta-learning-concept-drift/.venv/lib/python3.12/site-packages/sklearn/utils/arrayfuncs.cpython-312-x86_64-linux-gnu.so
76580f2ce000-76580f2cf000 ---p 00026000 fc:00 35400473                   /home/henriqueramos_qs/meta-learning-concept-drift/.venv/lib/python3.12/site-packages/sklearn/utils/arrayfuncs.cpython-312-x86_64-linux-gnu.so
76580f2cf000-76580f2d0000 r--p 00026000 fc:00 35400473                   /home/henriqueramos_qs/meta-learning-concept-drift/.venv/lib/python3.12/site-packages/sklearn/utils/arrayfuncs.cpython-312-x86_64-linux-gnu.so
76580f2d0000-76580f2d1000 rw-p 00027000 fc:00 35400473                   /home/henriqueramos_qs/meta-learning-concept-drift/.venv/lib/python3.12/site-packages/sklearn/utils/arrayfuncs.cpython-312-x86_64-linux-gnu.so
76580f2d1000-76580f2d2000 rw-p 00000000 00:00 0 
76580f2d2000-76580f2da000 r--p 00000000 fc:00 35400249                   /home/henriqueramos_qs/meta-learning-concept-drift/.venv/lib/python3.12/site-packages/sklearn/neighbors/_kd_tree.cpython-312-x86_64-linux-gnu.so
76580f2da000-76580f347000 r-xp 00008000 fc:00 35400249                   /home/henriqueramos_qs/meta-learning-concept-drift/.venv/lib/python3.12/site-packages/sklearn/neighbors/_kd_tree.cpython-312-x86_64-linux-gnu.so
76580f347000-76580f35b000 r--p 00075000 fc:00 35400249                   /home/henriqueramos_qs/meta-learning-concept-drift/.venv/lib/python3.12/site-packages/sklearn/neighbors/_kd_tree.cpython-312-x86_64-linux-gnu.so
76580f35b000-76580f35c000 ---p 00089000 fc:00 35400249                   /home/henriqueramos_qs/meta-learning-concept-drift/.venv/lib/python3.12/site-packages/sklearn/neighbors/_kd_tree.cpython-312-x86_64-linux-gnu.so
76580f35c000-76580f35e000 r--p 00089000 fc:00 35400249                   /home/henriqueramos_qs/meta-learning-concept-drift/.venv/lib/python3.12/site-packages/sklearn/neighbors/_kd_tree.cpython-312-x86_64-linux-gnu.so
76580f35e000-76580f361000 rw-p 0008b000 fc:00 35400249                   /home/henriqueramos_qs/meta-learning-concept-drift/.venv/lib/python3.12/site-packages/sklearn/neighbors/_kd_tree.cpython-312-x86_64-linux-gnu.so
76580f361000-76580f462000 rw-p 00000000 00:00 0 
76580f462000-76580f466000 r--p 00000000 fc:00 35400144                   /home/henriqueramos_qs/meta-learning-concept-drift/.venv/lib/python3.12/site-packages/sklearn/metrics/_pairwise_fast.cpython-312-x86_64-linux-gnu.so
76580f466000-76580f47f000 r-xp 00004000 fc:00 35400144                   /home/henriqueramos_qs/meta-learning-concept-drift/.venv/lib/python3.12/site-packages/sklearn/metrics/_pairwise_fast.cpython-312-x86_64-linux-gnu.so
76580f47f000-76580f484000 r--p 0001d000 fc:00 35400144                   /home/henriqueramos_qs/meta-learning-concept-drift/.venv/lib/python3.12/site-packages/sklearn/metrics/_pairwise_fast.cpython-312-x86_64-linux-gnu.so
76580f484000-76580f485000 ---p 00022000 fc:00 35400144                   /home/henriqueramos_qs/meta-learning-concept-drift/.venv/lib/python3.12/site-packages/sklearn/metrics/_pairwise_fast.cpython-312-x86_64-linux-gnu.so
76580f485000-76580f486000 r--p 00022000 fc:00 35400144                   /home/henriqueramos_qs/meta-learning-concept-drift/.venv/lib/python3.12/site-packages/sklearn/metrics/_pairwise_fast.cpython-312-x86_64-linux-gnu.so
76580f486000-76580f487000 rw-p 00023000 fc:00 35400144                   /home/henriqueramos_qs/meta-learning-concept-drift/.venv/lib/python3.12/site-packages/sklearn/metrics/_pairwise_fast.cpython-312-x86_64-linux-gnu.so
76580f487000-76580f488000 rw-p 00000000 00:00 0 
76580f488000-76580f48b000 rw-p 0002a000 fc:00 35400144                   /home/henriqueramos_qs/meta-learning-concept-drift/.venv/lib/python3.12/site-packages/sklearn/metrics/_pairwise_fast.cpython-312-x86_64-linux-gnu.so
76580f48b000-76580f490000 r--p 00000000 fc:00 35400172                   /home/henriqueramos_qs/meta-learning-concept-drift/.venv/lib/python3.12/site-packages/sklearn/metrics/_pairwise_distances_reduction/_radius_neighbors_classmode.cpython-312-x86_64-linux-gnu.so
76580f490000-76580f4a8000 r-xp 00005000 fc:00 35400172                   /home/henriqueramos_qs/meta-learning-concept-drift/.venv/lib/python3.12/site-packages/sklearn/metrics/_pairwise_distances_reduction/_radius_neighbors_classmode.cpython-312-x86_64-linux-gnu.so
76580f4a8000-76580f4ae000 r--p 0001d000 fc:00 35400172                   /home/henriqueramos_qs/meta-learning-concept-drift/.venv/lib/python3.12/site-packages/sklearn/metrics/_pairwise_distances_reduction/_radius_neighbors_classmode.cpython-312-x86_64-linux-gnu.so
76580f4ae000-76580f4af000 ---p 00023000 fc:00 35400172                   /home/henriqueramos_qs/meta-learning-concept-drift/.venv/lib/python3.12/site-packages/sklearn/metrics/_pairwise_distances_reduction/_radius_neighbors_classmode.cpython-312-x86_64-linux-gnu.so
76580f4af000-76580f4b0000 r--p 00023000 fc:00 35400172                   /home/henriqueramos_qs/meta-learning-concept-drift/.venv/lib/python3.12/site-packages/sklearn/metrics/_pairwise_distances_reduction/_radius_neighbors_classmode.cpython-312-x86_64-linux-gnu.so
76580f4b0000-76580f4b1000 rw-p 00024000 fc:00 35400172                   /home/henriqueramos_qs/meta-learning-concept-drift/.venv/lib/python3.12/site-packages/sklearn/metrics/_pairwise_distances_reduction/_radius_neighbors_classmode.cpython-312-x86_64-linux-gnu.so
76580f4b1000-76580f4b2000 rw-p 00000000 00:00 0 
76580f4b2000-76580f4b5000 rw-p 0002e000 fc:00 35400172                   /home/henriqueramos_qs/meta-learning-concept-drift/.venv/lib/python3.12/site-packages/sklearn/metrics/_pairwise_distances_reduction/_radius_neighbors_classmode.cpython-312-x86_64-linux-gnu.so
76580f4b5000-76580f4ba000 r--p 00000000 fc:00 35400467                   /home/henriqueramos_qs/meta-learning-concept-drift/.venv/lib/python3.12/site-packages/sklearn/utils/_vector_sentinel.cpython-312-x86_64-linux-gnu.so
76580f4ba000-76580f4cd000 r-xp 00005000 fc:00 35400467                   /home/henriqueramos_qs/meta-learning-concept-drift/.venv/lib/python3.12/site-packages/sklearn/utils/_vector_sentinel.cpython-312-x86_64-linux-gnu.so
76580f4cd000-76580f4d3000 r--p 00018000 fc:00 35400467                   /home/henriqueramos_qs/meta-learning-concept-drift/.venv/lib/python3.12/site-packages/sklearn/utils/_vector_sentinel.cpython-312-x86_64-linux-gnu.so
76580f4d3000-76580f4d4000 r--p 0001d000 fc:00 35400467                   /home/henriqueramos_qs/meta-learning-concept-drift/.venv/lib/python3.12/site-packages/sklearn/utils/_vector_sentinel.cpython-312-x86_64-linux-gnu.so
76580f4d4000-76580f4d6000 rw-p 0001e000 fc:00 35400467                   /home/henriqueramos_qs/meta-learning-concept-drift/.venv/lib/python3.12/site-packages/sklearn/utils/_vector_sentinel.cpython-312-x86_64-linux-gnu.so
76580f4d6000-76580f4dc000 r--p 00000000 fc:00 35400169                   /home/henriqueramos_qs/meta-learning-concept-drift/.venv/lib/python3.12/site-packages/sklearn/metrics/_pairwise_distances_reduction/_radius_neighbors.cpython-312-x86_64-linux-gnu.so
76580f4dc000-76580f4fe000 r-xp 00006000 fc:00 35400169                   /home/henriqueramos_qs/meta-learning-concept-drift/.venv/lib/python3.12/site-packages/sklearn/metrics/_pairwise_distances_reduction/_radius_neighbors.cpython-312-x86_64-linux-gnu.so
76580f4fe000-76580f507000 r--p 00028000 fc:00 35400169                   /home/henriqueramos_qs/meta-learning-concept-drift/.venv/lib/python3.12/site-packages/sklearn/metrics/_pairwise_distances_reduction/_radius_neighbors.cpython-312-x86_64-linux-gnu.so
76580f507000-76580f508000 ---p 00031000 fc:00 35400169                   /home/henriqueramos_qs/meta-learning-concept-drift/.venv/lib/python3.12/site-packages/sklearn/metrics/_pairwise_distances_reduction/_radius_neighbors.cpython-312-x86_64-linux-gnu.so
76580f508000-76580f509000 r--p 00031000 fc:00 35400169                   /home/henriqueramos_qs/meta-learning-concept-drift/.venv/lib/python3.12/site-packages/sklearn/metrics/_pairwise_distances_reduction/_radius_neighbors.cpython-312-x86_64-linux-gnu.so
76580f509000-76580f50b000 rw-p 00032000 fc:00 35400169                   /home/henriqueramos_qs/meta-learning-concept-drift/.venv/lib/python3.12/site-packages/sklearn/metrics/_pairwise_distances_reduction/_radius_neighbors.cpython-312-x86_64-linux-gnu.so
76580f50b000-76580f50c000 rw-p 00000000 00:00 0 
76580f50c000-76580f510000 rw-p 00042000 fc:00 35400169                   /home/henriqueramos_qs/meta-learning-concept-drift/.venv/lib/python3.12/site-packages/sklearn/metrics/_pairwise_distances_reduction/_radius_neighbors.cpython-312-x86_64-linux-gnu.so
76580f510000-76580f514000 r--p 00000000 fc:00 35400156                   /home/henriqueramos_qs/meta-learning-concept-drift/.venv/lib/python3.12/site-packages/sklearn/metrics/_pairwise_distances_reduction/_argkmin_classmode.cpython-312-x86_64-linux-gnu.so
76580f514000-76580f528000 r-xp 00004000 fc:00 35400156                   /home/henriqueramos_qs/meta-learning-concept-drift/.venv/lib/python3.12/site-packages/sklearn/metrics/_pairwise_distances_reduction/_argkmin_classmode.cpython-312-x86_64-linux-gnu.so
76580f528000-76580f52e000 r--p 00018000 fc:00 35400156                   /home/henriqueramos_qs/meta-learning-concept-drift/.venv/lib/python3.12/site-packages/sklearn/metrics/_pairwise_distances_reduction/_argkmin_classmode.cpython-312-x86_64-linux-gnu.so
76580f52e000-76580f52f000 r--p 0001d000 fc:00 35400156                   /home/henriqueramos_qs/meta-learning-concept-drift/.venv/lib/python3.12/site-packages/sklearn/metrics/_pairwise_distances_reduction/_argkmin_classmode.cpython-312-x86_64-linux-gnu.so
76580f52f000-76580f530000 rw-p 0001e000 fc:00 35400156                   /home/henriqueramos_qs/meta-learning-concept-drift/.venv/lib/python3.12/site-packages/sklearn/metrics/_pairwise_distances_reduction/_argkmin_classmode.cpython-312-x86_64-linux-gnu.so
76580f530000-76580f531000 rw-p 00000000 00:00 0 
76580f531000-76580f534000 rw-p 00027000 fc:00 35400156                   /home/henriqueramos_qs/meta-learning-concept-drift/.venv/lib/python3.12/site-packages/sklearn/metrics/_pairwise_distances_reduction/_argkmin_classmode.cpython-312-x86_64-linux-gnu.so
76580f534000-76580f53a000 r--p 00000000 fc:00 35400166                   /home/henriqueramos_qs/meta-learning-concept-drift/.venv/lib/python3.12/site-packages/sklearn/metrics/_pairwise_distances_reduction/_middle_term_computer.cpython-312-x86_64-linux-gnu.so
76580f53a000-76580f56d000 r-xp 00006000 fc:00 35400166                   /home/henriqueramos_qs/meta-learning-concept-drift/.venv/lib/python3.12/site-packages/sklearn/metrics/_pairwise_distances_reduction/_middle_term_computer.cpython-312-x86_64-linux-gnu.so
76580f56d000-76580f579000 r--p 00039000 fc:00 35400166                   /home/henriqueramos_qs/meta-learning-concept-drift/.venv/lib/python3.12/site-packages/sklearn/metrics/_pairwise_distances_reduction/_middle_term_computer.cpython-312-x86_64-linux-gnu.so
76580f579000-76580f57a000 ---p 00045000 fc:00 35400166                   /home/henriqueramos_qs/meta-learning-concept-drift/.venv/lib/python3.12/site-packages/sklearn/metrics/_pairwise_distances_reduction/_middle_term_computer.cpython-312-x86_64-linux-gnu.so
76580f57a000-76580f57b000 r--p 00045000 fc:00 35400166                   /home/henriqueramos_qs/meta-learning-concept-drift/.venv/lib/python3.12/site-packages/sklearn/metrics/_pairwise_distances_reduction/_middle_term_computer.cpython-312-x86_64-linux-gnu.so
76580f57b000-76580f57d000 rw-p 00046000 fc:00 35400166                   /home/henriqueramos_qs/meta-learning-concept-drift/.venv/lib/python3.12/site-packages/sklearn/metrics/_pairwise_distances_reduction/_middle_term_computer.cpython-312-x86_64-linux-gnu.so
76580f57d000-76580f57e000 rw-p 00000000 00:00 0 
76580f57e000-76580f583000 r--p 00000000 fc:00 35400423                   /home/henriqueramos_qs/meta-learning-concept-drift/.venv/lib/python3.12/site-packages/sklearn/utils/_cython_blas.cpython-312-x86_64-linux-gnu.so
76580f583000-76580f5c0000 r-xp 00005000 fc:00 35400423                   /home/henriqueramos_qs/meta-learning-concept-drift/.venv/lib/python3.12/site-packages/sklearn/utils/_cython_blas.cpython-312-x86_64-linux-gnu.so
76580f5c0000-76580f5c9000 r--p 00042000 fc:00 35400423                   /home/henriqueramos_qs/meta-learning-concept-drift/.venv/lib/python3.12/site-packages/sklearn/utils/_cython_blas.cpython-312-x86_64-linux-gnu.so
76580f5c9000-76580f5ca000 r--p 0004a000 fc:00 35400423                   /home/henriqueramos_qs/meta-learning-concept-drift/.venv/lib/python3.12/site-packages/sklearn/utils/_cython_blas.cpython-312-x86_64-linux-gnu.so
76580f5ca000-76580f5cc000 rw-p 0004b000 fc:00 35400423                   /home/henriqueramos_qs/meta-learning-concept-drift/.venv/lib/python3.12/site-packages/sklearn/utils/_cython_blas.cpython-312-x86_64-linux-gnu.so
76580f5cc000-76580f5d2000 r--p 00000000 fc:00 35400162                   /home/henriqueramos_qs/meta-learning-concept-drift/.venv/lib/python3.12/site-packages/sklearn/metrics/_pairwise_distances_reduction/_datasets_pair.cpython-312-x86_64-linux-gnu.so
76580f5d2000-76580f605000 r-xp 00006000 fc:00 35400162                   /home/henriqueramos_qs/meta-learning-concept-drift/.venv/lib/python3.12/site-packages/sklearn/metrics/_pairwise_distances_reduction/_datasets_pair.cpython-312-x86_64-linux-gnu.so
76580f605000-76580f612000 r--p 00039000 fc:00 35400162                   /home/henriqueramos_qs/meta-learning-concept-drift/.venv/lib/python3.12/site-packages/sklearn/metrics/_pairwise_distances_reduction/_datasets_pair.cpython-312-x86_64-linux-gnu.so
76580f612000-76580f613000 r--p 00045000 fc:00 35400162                   /home/henriqueramos_qs/meta-learning-concept-drift/.venv/lib/python3.12/site-packages/sklearn/metrics/_pairwise_distances_reduction/_datasets_pair.cpython-312-x86_64-linux-gnu.so
76580f613000-76580f616000 rw-p 00046000 fc:00 35400162                   /home/henriqueramos_qs/meta-learning-concept-drift/.venv/lib/python3.12/site-packages/sklearn/metrics/_pairwise_distances_reduction/_datasets_pair.cpython-312-x86_64-linux-gnu.so
76580f616000-76580f61b000 r--p 00000000 fc:00 35400158                   /home/henriqueramos_qs/meta-learning-concept-drift/.venv/lib/python3.12/site-packages/sklearn/metrics/_pairwise_distances_reduction/_base.cpython-312-x86_64-linux-gnu.so
76580f61b000-76580f636000 r-xp 00005000 fc:00 35400158                   /home/henriqueramos_qs/meta-learning-concept-drift/.venv/lib/python3.12/site-packages/sklearn/metrics/_pairwise_distances_reduction/_base.cpython-312-x86_64-linux-gnu.so
76580f636000-76580f63d000 r--p 00020000 fc:00 35400158                   /home/henriqueramos_qs/meta-learning-concept-drift/.venv/lib/python3.12/site-packages/sklearn/metrics/_pairwise_distances_reduction/_base.cpython-312-x86_64-linux-gnu.so
76580f63d000-76580f63e000 ---p 00027000 fc:00 35400158                   /home/henriqueramos_qs/meta-learning-concept-drift/.venv/lib/python3.12/site-packages/sklearn/metrics/_pairwise_distances_reduction/_base.cpython-312-x86_64-linux-gnu.so
76580f63e000-76580f63f000 r--p 00027000 fc:00 35400158                   /home/henriqueramos_qs/meta-learning-concept-drift/.venv/lib/python3.12/site-packages/sklearn/metrics/_pairwise_distances_reduction/_base.cpython-312-x86_64-linux-gnu.so
76580f63f000-76580f641000 rw-p 00028000 fc:00 35400158                   /home/henriqueramos_qs/meta-learning-concept-drift/.venv/lib/python3.12/site-packages/sklearn/metrics/_pairwise_distances_reduction/_base.cpython-312-x86_64-linux-gnu.so
76580f641000-76580f644000 rw-p 00034000 fc:00 35400158                   /home/henriqueramos_qs/meta-learning-concept-drift/.venv/lib/python3.12/site-packages/sklearn/metrics/_pairwise_distances_reduction/_base.cpython-312-x86_64-linux-gnu.so
76580f644000-76580f649000 r--p 00000000 fc:00 35400153                   /home/henriqueramos_qs/meta-learning-concept-drift/.venv/lib/python3.12/site-packages/sklearn/metrics/_pairwise_distances_reduction/_argkmin.cpython-312-x86_64-linux-gnu.so
76580f649000-76580f66b000 r-xp 00005000 fc:00 35400153                   /home/henriqueramos_qs/meta-learning-concept-drift/.venv/lib/python3.12/site-packages/sklearn/metrics/_pairwise_distances_reduction/_argkmin.cpython-312-x86_64-linux-gnu.so
76580f66b000-76580f673000 r--p 00027000 fc:00 35400153                   /home/henriqueramos_qs/meta-learning-concept-drift/.venv/lib/python3.12/site-packages/sklearn/metrics/_pairwise_distances_reduction/_argkmin.cpython-312-x86_64-linux-gnu.so
76580f673000-76580f674000 r--p 0002e000 fc:00 35400153                   /home/henriqueramos_qs/meta-learning-concept-drift/.venv/lib/python3.12/site-packages/sklearn/metrics/_pairwise_distances_reduction/_argkmin.cpython-312-x86_64-linux-gnu.so
76580f674000-76580f676000 rw-p 0002f000 fc:00 35400153                   /home/henriqueramos_qs/meta-learning-concept-drift/.venv/lib/python3.12/site-packages/sklearn/metrics/_pairwise_distances_reduction/_argkmin.cpython-312-x86_64-linux-gnu.so
76580f676000-76580f679000 rw-p 0003c000 fc:00 35400153                   /home/henriqueramos_qs/meta-learning-concept-drift/.venv/lib/python3.12/site-packages/sklearn/metrics/_pairwise_distances_reduction/_argkmin.cpython-312-x86_64-linux-gnu.so
76580f679000-76580f682000 r--p 00000000 fc:00 35400140                   /home/henriqueramos_qs/meta-learning-concept-drift/.venv/lib/python3.12/site-packages/sklearn/metrics/_dist_metrics.cpython-312-x86_64-linux-gnu.so
76580f682000-76580f6db000 r-xp 00009000 fc:00 35400140                   /home/henriqueramos_qs/meta-learning-concept-drift/.venv/lib/python3.12/site-packages/sklearn/metrics/_dist_metrics.cpython-312-x86_64-linux-gnu.so
76580f6db000-76580f6f0000 r--p 00062000 fc:00 35400140                   /home/henriqueramos_qs/meta-learning-concept-drift/.venv/lib/python3.12/site-packages/sklearn/metrics/_dist_metrics.cpython-312-x86_64-linux-gnu.so
76580f6f0000-76580f6f1000 ---p 00077000 fc:00 35400140                   /home/henriqueramos_qs/meta-learning-concept-drift/.venv/lib/python3.12/site-packages/sklearn/metrics/_dist_metrics.cpython-312-x86_64-linux-gnu.so
76580f6f1000-76580f6f3000 r--p 00077000 fc:00 35400140                   /home/henriqueramos_qs/meta-learning-concept-drift/.venv/lib/python3.12/site-packages/sklearn/metrics/_dist_metrics.cpython-312-x86_64-linux-gnu.so
76580f6f3000-76580f6f9000 rw-p 00079000 fc:00 35400140                   /home/henriqueramos_qs/meta-learning-concept-drift/.venv/lib/python3.12/site-packages/sklearn/metrics/_dist_metrics.cpython-312-x86_64-linux-gnu.so
76580f6f9000-76580f6fb000 rw-p 00000000 00:00 0 
76580f6fb000-76580f700000 r--p 00000000 fc:00 35400300                   /home/henriqueramos_qs/meta-learning-concept-drift/.venv/lib/python3.12/site-packages/sklearn/preprocessing/_target_encoder_fast.cpython-312-x86_64-linux-gnu.so
76580f700000-76580f747000 r-xp 00005000 fc:00 35400300                   /home/henriqueramos_qs/meta-learning-concept-drift/.venv/lib/python3.12/site-packages/sklearn/preprocessing/_target_encoder_fast.cpython-312-x86_64-linux-gnu.so
76580f747000-76580f74e000 r--p 0004c000 fc:00 35400300                   /home/henriqueramos_qs/meta-learning-concept-drift/.venv/lib/python3.12/site-packages/sklearn/preprocessing/_target_encoder_fast.cpython-312-x86_64-linux-gnu.so
76580f74e000-76580f74f000 ---p 00053000 fc:00 35400300                   /home/henriqueramos_qs/meta-learning-concept-drift/.venv/lib/python3.12/site-packages/sklearn/preprocessing/_target_encoder_fast.cpython-312-x86_64-linux-gnu.so
76580f74f000-76580f750000 r--p 00053000 fc:00 35400300                   /home/henriqueramos_qs/meta-learning-concept-drift/.venv/lib/python3.12/site-packages/sklearn/preprocessing/_target_encoder_fast.cpython-312-x86_64-linux-gnu.so
76580f750000-76580f752000 rw-p 00054000 fc:00 35400300                   /home/henriqueramos_qs/meta-learning-concept-drift/.venv/lib/python3.12/site-packages/sklearn/preprocessing/_target_encoder_fast.cpython-312-x86_64-linux-gnu.so
76580f752000-76580f757000 r--p 00000000 fc:00 35400291                   /home/henriqueramos_qs/meta-learning-concept-drift/.venv/lib/python3.12/site-packages/sklearn/preprocessing/_csr_polynomial_expansion.cpython-312-x86_64-linux-gnu.so
76580f757000-76580f79a000 r-xp 00005000 fc:00 35400291                   /home/henriqueramos_qs/meta-learning-concept-drift/.venv/lib/python3.12/site-packages/sklearn/preprocessing/_csr_polynomial_expansion.cpython-312-x86_64-linux-gnu.so
76580f79a000-76580f7a1000 r--p 00048000 fc:00 35400291                   /home/henriqueramos_qs/meta-learning-concept-drift/.venv/lib/python3.12/site-packages/sklearn/preprocessing/_csr_polynomial_expansion.cpython-312-x86_64-linux-gnu.so
76580f7a1000-76580f7a2000 ---p 0004f000 fc:00 35400291                   /home/henriqueramos_qs/meta-learning-concept-drift/.venv/lib/python3.12/site-packages/sklearn/preprocessing/_csr_polynomial_expansion.cpython-312-x86_64-linux-gnu.so
76580f7a2000-76580f7a3000 r--p 0004f000 fc:00 35400291                   /home/henriqueramos_qs/meta-learning-concept-drift/.venv/lib/python3.12/site-packages/sklearn/preprocessing/_csr_polynomial_expansion.cpython-312-x86_64-linux-gnu.so
76580f7a3000-76580f7a5000 rw-p 00050000 fc:00 35400291                   /home/henriqueramos_qs/meta-learning-concept-drift/.venv/lib/python3.12/site-packages/sklearn/preprocessing/_csr_polynomial_expansion.cpython-312-x86_64-linux-gnu.so
76580f7a5000-76580f8a5000 rw-p 00000000 00:00 0 
76580f8a5000-76580f8a9000 r--p 00000000 fc:00 35400193                   /home/henriqueramos_qs/meta-learning-concept-drift/.venv/lib/python3.12/site-packages/sklearn/metrics/cluster/_expected_mutual_info_fast.cpython-312-x86_64-linux-gnu.so
76580f8a9000-76580f8b7000 r-xp 00004000 fc:00 35400193                   /home/henriqueramos_qs/meta-learning-concept-drift/.venv/lib/python3.12/site-packages/sklearn/metrics/cluster/_expected_mutual_info_fast.cpython-312-x86_64-linux-gnu.so
76580f8b7000-76580f8bb000 r--p 00012000 fc:00 35400193                   /home/henriqueramos_qs/meta-learning-concept-drift/.venv/lib/python3.12/site-packages/sklearn/metrics/cluster/_expected_mutual_info_fast.cpython-312-x86_64-linux-gnu.so
76580f8bb000-76580f8bc000 r--p 00015000 fc:00 35400193                   /home/henriqueramos_qs/meta-learning-concept-drift/.venv/lib/python3.12/site-packages/sklearn/metrics/cluster/_expected_mutual_info_fast.cpython-312-x86_64-linux-gnu.so
76580f8bc000-76580f8bd000 rw-p 00016000 fc:00 35400193                   /home/henriqueramos_qs/meta-learning-concept-drift/.venv/lib/python3.12/site-packages/sklearn/metrics/cluster/_expected_mutual_info_fast.cpython-312-x86_64-linux-gnu.so
76580f8bd000-76580f8c5000 r--p 00000000 fc:00 35400243                   /home/henriqueramos_qs/meta-learning-concept-drift/.venv/lib/python3.12/site-packages/sklearn/neighbors/_ball_tree.cpython-312-x86_64-linux-gnu.so
76580f8c5000-76580f930000 r-xp 00008000 fc:00 35400243                   /home/henriqueramos_qs/meta-learning-concept-drift/.venv/lib/python3.12/site-packages/sklearn/neighbors/_ball_tree.cpython-312-x86_64-linux-gnu.so
76580f930000-76580f945000 r--p 00073000 fc:00 35400243                   /home/henriqueramos_qs/meta-learning-concept-drift/.venv/lib/python3.12/site-packages/sklearn/neighbors/_ball_tree.cpython-312-x86_64-linux-gnu.so
76580f945000-76580f946000 ---p 00088000 fc:00 35400243                   /home/henriqueramos_qs/meta-learning-concept-drift/.venv/lib/python3.12/site-packages/sklearn/neighbors/_ball_tree.cpython-312-x86_64-linux-gnu.so
76580f946000-76580f948000 r--p 00088000 fc:00 35400243                   /home/henriqueramos_qs/meta-learning-concept-drift/.venv/lib/python3.12/site-packages/sklearn/neighbors/_ball_tree.cpython-312-x86_64-linux-gnu.so
76580f948000-76580f94b000 rw-p 0008a000 fc:00 35400243                   /home/henriqueramos_qs/meta-learning-concept-drift/.venv/lib/python3.12/site-packages/sklearn/neighbors/_ball_tree.cpython-312-x86_64-linux-gnu.so
76580f94b000-76580f94c000 rw-p 00000000 00:00 0 
76580f94c000-76580f954000 r--p 00000000 fc:00 35400403                   /home/henriqueramos_qs/meta-learning-concept-drift/.venv/lib/python3.12/site-packages/sklearn/tree/_tree.cpython-312-x86_64-linux-gnu.so
76580f954000-76580f99b000 r-xp 00008000 fc:00 35400403                   /home/henriqueramos_qs/meta-learning-concept-drift/.venv/lib/python3.12/site-packages/sklearn/tree/_tree.cpython-312-x86_64-linux-gnu.so
76580f99b000-76580f9a9000 r--p 0004f000 fc:00 35400403                   /home/henriqueramos_qs/meta-learning-concept-drift/.venv/lib/python3.12/site-packages/sklearn/tree/_tree.cpython-312-x86_64-linux-gnu.so
76580f9a9000-76580f9aa000 ---p 0005d000 fc:00 35400403                   /home/henriqueramos_qs/meta-learning-concept-drift/.venv/lib/python3.12/site-packages/sklearn/tree/_tree.cpython-312-x86_64-linux-gnu.so
76580f9aa000-76580f9ac000 r--p 0005d000 fc:00 35400403                   /home/henriqueramos_qs/meta-learning-concept-drift/.venv/lib/python3.12/site-packages/sklearn/tree/_tree.cpython-312-x86_64-linux-gnu.so
76580f9ac000-76580f9af000 rw-p 0005f000 fc:00 35400403                   /home/henriqueramos_qs/meta-learning-concept-drift/.venv/lib/python3.12/site-packages/sklearn/tree/_tree.cpython-312-x86_64-linux-gnu.so
76580f9af000-76580f9b0000 rw-p 00000000 00:00 0 
76580f9b0000-76580f9b4000 r--p 00000000 fc:00 35400400                   /home/henriqueramos_qs/meta-learning-concept-drift/.venv/lib/python3.12/site-packages/sklearn/tree/_splitter.cpython-312-x86_64-linux-gnu.so
76580f9b4000-76580f9c8000 r-xp 00004000 fc:00 35400400                   /home/henriqueramos_qs/meta-learning-concept-drift/.venv/lib/python3.12/site-packages/sklearn/tree/_splitter.cpython-312-x86_64-linux-gnu.so
76580f9c8000-76580f9cf000 r--p 00018000 fc:00 35400400                   /home/henriqueramos_qs/meta-learning-concept-drift/.venv/lib/python3.12/site-packages/sklearn/tree/_splitter.cpython-312-x86_64-linux-gnu.so
76580f9cf000-76580f9d0000 r--p 0001e000 fc:00 35400400                   /home/henriqueramos_qs/meta-learning-concept-drift/.venv/lib/python3.12/site-packages/sklearn/tree/_splitter.cpython-312-x86_64-linux-gnu.so
76580f9d0000-76580f9d2000 rw-p 0001f000 fc:00 35400400                   /home/henriqueramos_qs/meta-learning-concept-drift/.venv/lib/python3.12/site-packages/sklearn/tree/_splitter.cpython-312-x86_64-linux-gnu.so
76580f9d2000-76580f9d7000 r--p 00000000 fc:00 35400392                   /home/henriqueramos_qs/meta-learning-concept-drift/.venv/lib/python3.12/site-packages/sklearn/tree/_criterion.cpython-312-x86_64-linux-gnu.so
76580f9d7000-76580f9f4000 r-xp 00005000 fc:00 35400392                   /home/henriqueramos_qs/meta-learning-concept-drift/.venv/lib/python3.12/site-packages/sklearn/tree/_criterion.cpython-312-x86_64-linux-gnu.so
76580f9f4000-76580f9fc000 r--p 00022000 fc:00 35400392                   /home/henriqueramos_qs/meta-learning-concept-drift/.venv/lib/python3.12/site-packages/sklearn/tree/_criterion.cpython-312-x86_64-linux-gnu.so
76580f9fc000-76580f9fd000 r--p 00029000 fc:00 35400392                   /home/henriqueramos_qs/meta-learning-concept-drift/.venv/lib/python3.12/site-packages/sklearn/tree/_criterion.cpython-312-x86_64-linux-gnu.so
76580f9fd000-76580f9ff000 rw-p 0002a000 fc:00 35400392                   /home/henriqueramos_qs/meta-learning-concept-drift/.venv/lib/python3.12/site-packages/sklearn/tree/_criterion.cpython-312-x86_64-linux-gnu.so
76580f9ff000-76580fa00000 rw-p 00000000 00:00 0 
76580fa00000-76580fa25000 r-xp 00000000 fc:00 35399493                   /home/henriqueramos_qs/meta-learning-concept-drift/.venv/lib/python3.12/site-packages/scikit_learn.libs/libgomp-a34b3233.so.1.0.0
76580fa25000-76580fc24000 ---p 00025000 fc:00 35399493                   /home/henriqueramos_qs/meta-learning-concept-drift/.venv/lib/python3.12/site-packages/scikit_learn.libs/libgomp-a34b3233.so.1.0.0
76580fc24000-76580fc25000 r--p 00024000 fc:00 35399493                   /home/henriqueramos_qs/meta-learning-concept-drift/.venv/lib/python3.12/site-packages/scikit_learn.libs/libgomp-a34b3233.so.1.0.0
76580fc25000-76580fc2a000 rw-p 00025000 fc:00 35399493                   /home/henriqueramos_qs/meta-learning-concept-drift/.venv/lib/python3.12/site-packages/scikit_learn.libs/libgomp-a34b3233.so.1.0.0
76580fc2a000-76580fc2e000 rw-p 00000000 00:00 0 
76580fc2e000-76580fc30000 r--p 00000000 fc:00 35399859                   /home/henriqueramos_qs/meta-learning-concept-drift/.venv/lib/python3.12/site-packages/sklearn/ensemble/_hist_gradient_boosting/common.cpython-312-x86_64-linux-gnu.so
76580fc30000-76580fc35000 r-xp 00002000 fc:00 35399859                   /home/henriqueramos_qs/meta-learning-concept-drift/.venv/lib/python3.12/site-packages/sklearn/ensemble/_hist_gradient_boosting/common.cpython-312-x86_64-linux-gnu.so
76580fc35000-76580fc36000 r--p 00007000 fc:00 35399859                   /home/henriqueramos_qs/meta-learning-concept-drift/.venv/lib/python3.12/site-packages/sklearn/ensemble/_hist_gradient_boosting/common.cpython-312-x86_64-linux-gnu.so
76580fc36000-76580fc37000 r--p 00007000 fc:00 35399859                   /home/henriqueramos_qs/meta-learning-concept-drift/.venv/lib/python3.12/site-packages/sklearn/ensemble/_hist_gradient_boosting/common.cpython-312-x86_64-linux-gnu.so
76580fc37000-76580fc38000 rw-p 00008000 fc:00 35399859                   /home/henriqueramos_qs/meta-learning-concept-drift/.venv/lib/python3.12/site-packages/sklearn/ensemble/_hist_gradient_boosting/common.cpython-312-x86_64-linux-gnu.so
76580fc38000-76580fc3b000 r--p 00000000 fc:00 35400441                   /home/henriqueramos_qs/meta-learning-concept-drift/.venv/lib/python3.12/site-packages/sklearn/utils/_openmp_helpers.cpython-312-x86_64-linux-gnu.so
76580fc3b000-76580fc42000 r-xp 00003000 fc:00 35400441                   /home/henriqueramos_qs/meta-learning-concept-drift/.venv/lib/python3.12/site-packages/sklearn/utils/_openmp_helpers.cpython-312-x86_64-linux-gnu.so
76580fc42000-76580fc44000 r--p 0000a000 fc:00 35400441                   /home/henriqueramos_qs/meta-learning-concept-drift/.venv/lib/python3.12/site-packages/sklearn/utils/_openmp_helpers.cpython-312-x86_64-linux-gnu.so
76580fc44000-76580fc45000 ---p 0000c000 fc:00 35400441                   /home/henriqueramos_qs/meta-learning-concept-drift/.venv/lib/python3.12/site-packages/sklearn/utils/_openmp_helpers.cpython-312-x86_64-linux-gnu.so
76580fc45000-76580fc46000 r--p 0000c000 fc:00 35400441                   /home/henriqueramos_qs/meta-learning-concept-drift/.venv/lib/python3.12/site-packages/sklearn/utils/_openmp_helpers.cpython-312-x86_64-linux-gnu.so
76580fc46000-76580fc47000 rw-p 0000d000 fc:00 35400441                   /home/henriqueramos_qs/meta-learning-concept-drift/.venv/lib/python3.12/site-packages/sklearn/utils/_openmp_helpers.cpython-312-x86_64-linux-gnu.so
76580fc47000-76580fc4a000 rw-p 00012000 fc:00 35400441                   /home/henriqueramos_qs/meta-learning-concept-drift/.venv/lib/python3.12/site-packages/sklearn/utils/_openmp_helpers.cpython-312-x86_64-linux-gnu.so
76580fc4a000-76580fc4e000 r--p 00000000 fc:00 35400486                   /home/henriqueramos_qs/meta-learning-concept-drift/.venv/lib/python3.12/site-packages/sklearn/utils/murmurhash.cpython-312-x86_64-linux-gnu.so
76580fc4e000-76580fc61000 r-xp 00004000 fc:00 35400486                   /home/henriqueramos_qs/meta-learning-concept-drift/.venv/lib/python3.12/site-packages/sklearn/utils/murmurhash.cpython-312-x86_64-linux-gnu.so
76580fc61000-76580fc67000 r--p 00017000 fc:00 35400486                   /home/henriqueramos_qs/meta-learning-concept-drift/.venv/lib/python3.12/site-packages/sklearn/utils/murmurhash.cpython-312-x86_64-linux-gnu.so
76580fc67000-76580fc68000 r--p 0001c000 fc:00 35400486                   /home/henriqueramos_qs/meta-learning-concept-drift/.venv/lib/python3.12/site-packages/sklearn/utils/murmurhash.cpython-312-x86_64-linux-gnu.so
76580fc68000-76580fc69000 rw-p 0001d000 fc:00 35400486                   /home/henriqueramos_qs/meta-learning-concept-drift/.venv/lib/python3.12/site-packages/sklearn/utils/murmurhash.cpython-312-x86_64-linux-gnu.so
76580fc69000-76580fc6e000 r--p 00000000 fc:00 35400493                   /home/henriqueramos_qs/meta-learning-concept-drift/.venv/lib/python3.12/site-packages/sklearn/utils/sparsefuncs_fast.cpython-312-x86_64-linux-gnu.so
76580fc6e000-76580fcfe000 r-xp 00005000 fc:00 35400493                   /home/henriqueramos_qs/meta-learning-concept-drift/.venv/lib/python3.12/site-packages/sklearn/utils/sparsefuncs_fast.cpython-312-x86_64-linux-gnu.so
76580fcfe000-76580fd0b000 r--p 00095000 fc:00 35400493                   /home/henriqueramos_qs/meta-learning-concept-drift/.venv/lib/python3.12/site-packages/sklearn/utils/sparsefuncs_fast.cpython-312-x86_64-linux-gnu.so
76580fd0b000-76580fd0d000 r--p 000a1000 fc:00 35400493                   /home/henriqueramos_qs/meta-learning-concept-drift/.venv/lib/python3.12/site-packages/sklearn/utils/sparsefuncs_fast.cpython-312-x86_64-linux-gnu.so
76580fd0d000-76580fd0f000 rw-p 000a3000 fc:00 35400493                   /home/henriqueramos_qs/meta-learning-concept-drift/.venv/lib/python3.12/site-packages/sklearn/utils/sparsefuncs_fast.cpython-312-x86_64-linux-gnu.so
76580fd0f000-76580fd14000 r--p 00000000 fc:00 35399498                   /home/henriqueramos_qs/meta-learning-concept-drift/.venv/lib/python3.12/site-packages/sklearn/_cyutility.cpython-312-x86_64-linux-gnu.so
76580fd14000-76580fd30000 r-xp 00005000 fc:00 35399498                   /home/henriqueramos_qs/meta-learning-concept-drift/.venv/lib/python3.12/site-packages/sklearn/_cyutility.cpython-312-x86_64-linux-gnu.so
76580fd30000-76580fd36000 r--p 00021000 fc:00 35399498                   /home/henriqueramos_qs/meta-learning-concept-drift/.venv/lib/python3.12/site-packages/sklearn/_cyutility.cpython-312-x86_64-linux-gnu.so
76580fd36000-76580fd37000 ---p 00027000 fc:00 35399498                   /home/henriqueramos_qs/meta-learning-concept-drift/.venv/lib/python3.12/site-packages/sklearn/_cyutility.cpython-312-x86_64-linux-gnu.so
76580fd37000-76580fd38000 r--p 00027000 fc:00 35399498                   /home/henriqueramos_qs/meta-learning-concept-drift/.venv/lib/python3.12/site-packages/sklearn/_cyutility.cpython-312-x86_64-linux-gnu.so
76580fd38000-76580fd3a000 rw-p 00028000 fc:00 35399498                   /home/henriqueramos_qs/meta-learning-concept-drift/.venv/lib/python3.12/site-packages/sklearn/_cyutility.cpython-312-x86_64-linux-gnu.so
76580fd3a000-76580fd3e000 r--p 00000000 fc:00 35400435                   /home/henriqueramos_qs/meta-learning-concept-drift/.venv/lib/python3.12/site-packages/sklearn/utils/_isfinite.cpython-312-x86_64-linux-gnu.so
76580fd3e000-76580fd4c000 r-xp 00004000 fc:00 35400435                   /home/henriqueramos_qs/meta-learning-concept-drift/.venv/lib/python3.12/site-packages/sklearn/utils/_isfinite.cpython-312-x86_64-linux-gnu.so
76580fd4c000-76580fd50000 r--p 00012000 fc:00 35400435                   /home/henriqueramos_qs/meta-learning-concept-drift/.venv/lib/python3.12/site-packages/sklearn/utils/_isfinite.cpython-312-x86_64-linux-gnu.so
76580fd50000-76580fd51000 ---p 00016000 fc:00 35400435                   /home/henriqueramos_qs/meta-learning-concept-drift/.venv/lib/python3.12/site-packages/sklearn/utils/_isfinite.cpython-312-x86_64-linux-gnu.so
76580fd51000-76580fd52000 r--p 00016000 fc:00 35400435                   /home/henriqueramos_qs/meta-learning-concept-drift/.venv/lib/python3.12/site-packages/sklearn/utils/_isfinite.cpython-312-x86_64-linux-gnu.so
76580fd52000-76580fd53000 rw-p 00017000 fc:00 35400435                   /home/henriqueramos_qs/meta-learning-concept-drift/.venv/lib/python3.12/site-packages/sklearn/utils/_isfinite.cpython-312-x86_64-linux-gnu.so
76580fd53000-76580fe54000 rw-p 00000000 00:00 0 
76580fe54000-76580fe59000 r--p 00000000 fc:00 35397418                   /home/henriqueramos_qs/meta-learning-concept-drift/.venv/lib/python3.12/site-packages/scipy/ndimage/_ni_label.cpython-312-x86_64-linux-gnu.so
76580fe59000-76580fe8b000 r-xp 00005000 fc:00 35397418                   /home/henriqueramos_qs/meta-learning-concept-drift/.venv/lib/python3.12/site-packages/scipy/ndimage/_ni_label.cpython-312-x86_64-linux-gnu.so
76580fe8b000-76580fe92000 r--p 00037000 fc:00 35397418                   /home/henriqueramos_qs/meta-learning-concept-drift/.venv/lib/python3.12/site-packages/scipy/ndimage/_ni_label.cpython-312-x86_64-linux-gnu.so
76580fe92000-76580fe93000 ---p 0003e000 fc:00 35397418                   /home/henriqueramos_qs/meta-learning-concept-drift/.venv/lib/python3.12/site-packages/scipy/ndimage/_ni_label.cpython-312-x86_64-linux-gnu.so
76580fe93000-76580fe94000 r--p 0003e000 fc:00 35397418                   /home/henriqueramos_qs/meta-learning-concept-drift/.venv/lib/python3.12/site-packages/scipy/ndimage/_ni_label.cpython-312-x86_64-linux-gnu.so
76580fe94000-76580fe96000 rw-p 0003f000 fc:00 35397418                   /home/henriqueramos_qs/meta-learning-concept-drift/.venv/lib/python3.12/site-packages/scipy/ndimage/_ni_label.cpython-312-x86_64-linux-gnu.so
76580fe96000-76580fe98000 r--p 00000000 fc:00 35397415                   /home/henriqueramos_qs/meta-learning-concept-drift/.venv/lib/python3.12/site-packages/scipy/ndimage/_nd_image.cpython-312-x86_64-linux-gnu.so
76580fe98000-76580feb3000 r-xp 00002000 fc:00 35397415                   /home/henriqueramos_qs/meta-learning-concept-drift/.venv/lib/python3.12/site-packages/scipy/ndimage/_nd_image.cpython-312-x86_64-linux-gnu.so
76580feb3000-76580feb7000 r--p 0001d000 fc:00 35397415                   /home/henriqueramos_qs/meta-learning-concept-drift/.venv/lib/python3.12/site-packages/scipy/ndimage/_nd_image.cpython-312-x86_64-linux-gnu.so
76580feb7000-76580feb8000 r--p 00020000 fc:00 35397415                   /home/henriqueramos_qs/meta-learning-concept-drift/.venv/lib/python3.12/site-packages/scipy/ndimage/_nd_image.cpython-312-x86_64-linux-gnu.so
76580feb8000-76580feb9000 rw-p 00021000 fc:00 35397415                   /home/henriqueramos_qs/meta-learning-concept-drift/.venv/lib/python3.12/site-packages/scipy/ndimage/_nd_image.cpython-312-x86_64-linux-gnu.so
76580feb9000-76580ffb9000 rw-p 00000000 00:00 0 
76580ffb9000-76580ffbd000 r--p 00000000 fc:00 35398081                   /home/henriqueramos_qs/meta-learning-concept-drift/.venv/lib/python3.12/site-packages/scipy/stats/_qmvnt_cy.cpython-312-x86_64-linux-gnu.so
76580ffbd000-76580ffd1000 r-xp 00004000 fc:00 35398081                   /home/henriqueramos_qs/meta-learning-concept-drift/.venv/lib/python3.12/site-packages/scipy/stats/_qmvnt_cy.cpython-312-x86_64-linux-gnu.so
76580ffd1000-76580ffd6000 r--p 00018000 fc:00 35398081                   /home/henriqueramos_qs/meta-learning-concept-drift/.venv/lib/python3.12/site-packages/scipy/stats/_qmvnt_cy.cpython-312-x86_64-linux-gnu.so
76580ffd6000-76580ffd7000 r--p 0001c000 fc:00 35398081                   /home/henriqueramos_qs/meta-learning-concept-drift/.venv/lib/python3.12/site-packages/scipy/stats/_qmvnt_cy.cpython-312-x86_64-linux-gnu.so
76580ffd7000-76580ffd8000 rw-p 0001d000 fc:00 35398081                   /home/henriqueramos_qs/meta-learning-concept-drift/.venv/lib/python3.12/site-packages/scipy/stats/_qmvnt_cy.cpython-312-x86_64-linux-gnu.so
76580ffd8000-76580ffdc000 r--p 00000000 fc:00 35398118                   /home/henriqueramos_qs/meta-learning-concept-drift/.venv/lib/python3.12/site-packages/scipy/stats/_rcont/rcont.cpython-312-x86_64-linux-gnu.so
76580ffdc000-76580ffe8000 r-xp 00004000 fc:00 35398118                   /home/henriqueramos_qs/meta-learning-concept-drift/.venv/lib/python3.12/site-packages/scipy/stats/_rcont/rcont.cpython-312-x86_64-linux-gnu.so
76580ffe8000-76580ffee000 r--p 00010000 fc:00 35398118                   /home/henriqueramos_qs/meta-learning-concept-drift/.venv/lib/python3.12/site-packages/scipy/stats/_rcont/rcont.cpython-312-x86_64-linux-gnu.so
76580ffee000-76580ffef000 ---p 00016000 fc:00 35398118                   /home/henriqueramos_qs/meta-learning-concept-drift/.venv/lib/python3.12/site-packages/scipy/stats/_rcont/rcont.cpython-312-x86_64-linux-gnu.so
76580ffef000-76580fff0000 r--p 00016000 fc:00 35398118                   /home/henriqueramos_qs/meta-learning-concept-drift/.venv/lib/python3.12/site-packages/scipy/stats/_rcont/rcont.cpython-312-x86_64-linux-gnu.so
76580fff0000-76580fff1000 rw-p 00017000 fc:00 35398118                   /home/henriqueramos_qs/meta-learning-concept-drift/.venv/lib/python3.12/site-packages/scipy/stats/_rcont/rcont.cpython-312-x86_64-linux-gnu.so
76580fff1000-76580fff5000 r--p 00000000 fc:00 35398078                   /home/henriqueramos_qs/meta-learning-concept-drift/.venv/lib/python3.12/site-packages/scipy/stats/_qmc_cy.cpython-312-x86_64-linux-gnu.so
76580fff5000-765810008000 r-xp 00004000 fc:00 35398078                   /home/henriqueramos_qs/meta-learning-concept-drift/.venv/lib/python3.12/site-packages/scipy/stats/_qmc_cy.cpython-312-x86_64-linux-gnu.so
765810008000-76581000e000 r--p 00017000 fc:00 35398078                   /home/henriqueramos_qs/meta-learning-concept-drift/.venv/lib/python3.12/site-packages/scipy/stats/_qmc_cy.cpython-312-x86_64-linux-gnu.so
76581000e000-76581000f000 r--p 0001c000 fc:00 35398078                   /home/henriqueramos_qs/meta-learning-concept-drift/.venv/lib/python3.12/site-packages/scipy/stats/_qmc_cy.cpython-312-x86_64-linux-gnu.so
76581000f000-765810010000 rw-p 0001d000 fc:00 35398078                   /home/henriqueramos_qs/meta-learning-concept-drift/.venv/lib/python3.12/site-packages/scipy/stats/_qmc_cy.cpython-312-x86_64-linux-gnu.so
765810010000-765810015000 r--p 00000000 fc:00 35398088                   /home/henriqueramos_qs/meta-learning-concept-drift/.venv/lib/python3.12/site-packages/scipy/stats/_sobol.cpython-312-x86_64-linux-gnu.so
765810015000-76581003c000 r-xp 00005000 fc:00 35398088                   /home/henriqueramos_qs/meta-learning-concept-drift/.venv/lib/python3.12/site-packages/scipy/stats/_sobol.cpython-312-x86_64-linux-gnu.so
76581003c000-765810043000 r--p 0002c000 fc:00 35398088                   /home/henriqueramos_qs/meta-learning-concept-drift/.venv/lib/python3.12/site-packages/scipy/stats/_sobol.cpython-312-x86_64-linux-gnu.so
765810043000-765810044000 ---p 00033000 fc:00 35398088                   /home/henriqueramos_qs/meta-learning-concept-drift/.venv/lib/python3.12/site-packages/scipy/stats/_sobol.cpython-312-x86_64-linux-gnu.so
765810044000-765810045000 r--p 00033000 fc:00 35398088                   /home/henriqueramos_qs/meta-learning-concept-drift/.venv/lib/python3.12/site-packages/scipy/stats/_sobol.cpython-312-x86_64-linux-gnu.so
765810045000-765810046000 rw-p 00034000 fc:00 35398088                   /home/henriqueramos_qs/meta-learning-concept-drift/.venv/lib/python3.12/site-packages/scipy/stats/_sobol.cpython-312-x86_64-linux-gnu.so
765810046000-765810047000 rw-p 00000000 00:00 0 
765810047000-76581004c000 r--p 00000000 fc:00 35397725                   /home/henriqueramos_qs/meta-learning-concept-drift/.venv/lib/python3.12/site-packages/scipy/sparse/csgraph/_reordering.cpython-312-x86_64-linux-gnu.so
76581004c000-765810066000 r-xp 00005000 fc:00 35397725                   /home/henriqueramos_qs/meta-learning-concept-drift/.venv/lib/python3.12/site-packages/scipy/sparse/csgraph/_reordering.cpython-312-x86_64-linux-gnu.so
765810066000-76581006d000 r--p 0001f000 fc:00 35397725                   /home/henriqueramos_qs/meta-learning-concept-drift/.venv/lib/python3.12/site-packages/scipy/sparse/csgraph/_reordering.cpython-312-x86_64-linux-gnu.so
76581006d000-76581006e000 ---p 00026000 fc:00 35397725                   /home/henriqueramos_qs/meta-learning-concept-drift/.venv/lib/python3.12/site-packages/scipy/sparse/csgraph/_reordering.cpython-312-x86_64-linux-gnu.so
76581006e000-76581006f000 r--p 00026000 fc:00 35397725                   /home/henriqueramos_qs/meta-learning-concept-drift/.venv/lib/python3.12/site-packages/scipy/sparse/csgraph/_reordering.cpython-312-x86_64-linux-gnu.so
76581006f000-765810070000 rw-p 00027000 fc:00 35397725                   /home/henriqueramos_qs/meta-learning-concept-drift/.venv/lib/python3.12/site-packages/scipy/sparse/csgraph/_reordering.cpython-312-x86_64-linux-gnu.so
765810070000-765810071000 rw-p 00000000 00:00 0 
765810071000-765810075000 r--p 00000000 fc:00 35397723                   /home/henriqueramos_qs/meta-learning-concept-drift/.venv/lib/python3.12/site-packages/scipy/sparse/csgraph/_matching.cpython-312-x86_64-linux-gnu.so
765810075000-765810092000 r-xp 00004000 fc:00 35397723                   /home/henriqueramos_qs/meta-learning-concept-drift/.venv/lib/python3.12/site-packages/scipy/sparse/csgraph/_matching.cpython-312-x86_64-linux-gnu.so
765810092000-76581009d000 r--p 00021000 fc:00 35397723                   /home/henriqueramos_qs/meta-learning-concept-drift/.venv/lib/python3.12/site-packages/scipy/sparse/csgraph/_matching.cpython-312-x86_64-linux-gnu.so
76581009d000-76581009e000 r--p 0002b000 fc:00 35397723                   /home/henriqueramos_qs/meta-learning-concept-drift/.venv/lib/python3.12/site-packages/scipy/sparse/csgraph/_matching.cpython-312-x86_64-linux-gnu.so
76581009e000-76581009f000 rw-p 0002c000 fc:00 35397723                   /home/henriqueramos_qs/meta-learning-concept-drift/.venv/lib/python3.12/site-packages/scipy/sparse/csgraph/_matching.cpython-312-x86_64-linux-gnu.so
76581009f000-7658100a3000 r--p 00000000 fc:00 35397721                   /home/henriqueramos_qs/meta-learning-concept-drift/.venv/lib/python3.12/site-packages/scipy/sparse/csgraph/_flow.cpython-312-x86_64-linux-gnu.so
7658100a3000-7658100bf000 r-xp 00004000 fc:00 35397721                   /home/henriqueramos_qs/meta-learning-concept-drift/.venv/lib/python3.12/site-packages/scipy/sparse/csgraph/_flow.cpython-312-x86_64-linux-gnu.so
7658100bf000-7658100c8000 r--p 00020000 fc:00 35397721                   /home/henriqueramos_qs/meta-learning-concept-drift/.venv/lib/python3.12/site-packages/scipy/sparse/csgraph/_flow.cpython-312-x86_64-linux-gnu.so
7658100c8000-7658100c9000 ---p 00029000 fc:00 35397721                   /home/henriqueramos_qs/meta-learning-concept-drift/.venv/lib/python3.12/site-packages/scipy/sparse/csgraph/_flow.cpython-312-x86_64-linux-gnu.so
7658100c9000-7658100ca000 r--p 00029000 fc:00 35397721                   /home/henriqueramos_qs/meta-learning-concept-drift/.venv/lib/python3.12/site-packages/scipy/sparse/csgraph/_flow.cpython-312-x86_64-linux-gnu.so
7658100ca000-7658100cb000 rw-p 0002a000 fc:00 35397721                   /home/henriqueramos_qs/meta-learning-concept-drift/.venv/lib/python3.12/site-packages/scipy/sparse/csgraph/_flow.cpython-312-x86_64-linux-gnu.so
7658100cb000-7658100cc000 rw-p 00000000 00:00 0 
7658100cc000-7658100d0000 r--p 00000000 fc:00 35397724                   /home/henriqueramos_qs/meta-learning-concept-drift/.venv/lib/python3.12/site-packages/scipy/sparse/csgraph/_min_spanning_tree.cpython-312-x86_64-linux-gnu.so
7658100d0000-7658100de000 r-xp 00004000 fc:00 35397724                   /home/henriqueramos_qs/meta-learning-concept-drift/.venv/lib/python3.12/site-packages/scipy/sparse/csgraph/_min_spanning_tree.cpython-312-x86_64-linux-gnu.so
7658100de000-7658100e4000 r--p 00012000 fc:00 35397724                   /home/henriqueramos_qs/meta-learning-concept-drift/.venv/lib/python3.12/site-packages/scipy/sparse/csgraph/_min_spanning_tree.cpython-312-x86_64-linux-gnu.so
7658100e4000-7658100e5000 r--p 00017000 fc:00 35397724                   /home/henriqueramos_qs/meta-learning-concept-drift/.venv/lib/python3.12/site-packages/scipy/sparse/csgraph/_min_spanning_tree.cpython-312-x86_64-linux-gnu.so
7658100e5000-7658100e6000 rw-p 00018000 fc:00 35397724                   /home/henriqueramos_qs/meta-learning-concept-drift/.venv/lib/python3.12/site-packages/scipy/sparse/csgraph/_min_spanning_tree.cpython-312-x86_64-linux-gnu.so
7658100e6000-7658100eb000 r--p 00000000 fc:00 35397728                   /home/henriqueramos_qs/meta-learning-concept-drift/.venv/lib/python3.12/site-packages/scipy/sparse/csgraph/_traversal.cpython-312-x86_64-linux-gnu.so
7658100eb000-765810140000 r-xp 00005000 fc:00 35397728                   /home/henriqueramos_qs/meta-learning-concept-drift/.venv/lib/python3.12/site-packages/scipy/sparse/csgraph/_traversal.cpython-312-x86_64-linux-gnu.so
765810140000-76581014e000 r--p 0005a000 fc:00 35397728                   /home/henriqueramos_qs/meta-learning-concept-drift/.venv/lib/python3.12/site-packages/scipy/sparse/csgraph/_traversal.cpython-312-x86_64-linux-gnu.so
76581014e000-76581014f000 r--p 00067000 fc:00 35397728                   /home/henriqueramos_qs/meta-learning-concept-drift/.venv/lib/python3.12/site-packages/scipy/sparse/csgraph/_traversal.cpython-312-x86_64-linux-gnu.so
76581014f000-765810151000 rw-p 00068000 fc:00 35397728                   /home/henriqueramos_qs/meta-learning-concept-drift/.venv/lib/python3.12/site-packages/scipy/sparse/csgraph/_traversal.cpython-312-x86_64-linux-gnu.so
765810151000-765810155000 r--p 00000000 fc:00 35397727                   /home/henriqueramos_qs/meta-learning-concept-drift/.venv/lib/python3.12/site-packages/scipy/sparse/csgraph/_tools.cpython-312-x86_64-linux-gnu.so
765810155000-765810170000 r-xp 00004000 fc:00 35397727                   /home/henriqueramos_qs/meta-learning-concept-drift/.venv/lib/python3.12/site-packages/scipy/sparse/csgraph/_tools.cpython-312-x86_64-linux-gnu.so
765810170000-76581017b000 r--p 0001f000 fc:00 35397727                   /home/henriqueramos_qs/meta-learning-concept-drift/.venv/lib/python3.12/site-packages/scipy/sparse/csgraph/_tools.cpython-312-x86_64-linux-gnu.so
76581017b000-76581017c000 ---p 0002a000 fc:00 35397727                   /home/henriqueramos_qs/meta-learning-concept-drift/.venv/lib/python3.12/site-packages/scipy/sparse/csgraph/_tools.cpython-312-x86_64-linux-gnu.so
76581017c000-76581017d000 r--p 0002a000 fc:00 35397727                   /home/henriqueramos_qs/meta-learning-concept-drift/.venv/lib/python3.12/site-packages/scipy/sparse/csgraph/_tools.cpython-312-x86_64-linux-gnu.so
76581017d000-76581017e000 rw-p 0002b000 fc:00 35397727                   /home/henriqueramos_qs/meta-learning-concept-drift/.venv/lib/python3.12/site-packages/scipy/sparse/csgraph/_tools.cpython-312-x86_64-linux-gnu.so
76581017e000-76581017f000 rw-p 00000000 00:00 0 
76581017f000-765810185000 r--p 00000000 fc:00 35397726                   /home/henriqueramos_qs/meta-learning-concept-drift/.venv/lib/python3.12/site-packages/scipy/sparse/csgraph/_shortest_path.cpython-312-x86_64-linux-gnu.so
765810185000-7658101ca000 r-xp 00006000 fc:00 35397726                   /home/henriqueramos_qs/meta-learning-concept-drift/.venv/lib/python3.12/site-packages/scipy/sparse/csgraph/_shortest_path.cpython-312-x86_64-linux-gnu.so
7658101ca000-7658101e0000 r--p 0004b000 fc:00 35397726                   /home/henriqueramos_qs/meta-learning-concept-drift/.venv/lib/python3.12/site-packages/scipy/sparse/csgraph/_shortest_path.cpython-312-x86_64-linux-gnu.so
7658101e0000-7658101e2000 r--p 00060000 fc:00 35397726                   /home/henriqueramos_qs/meta-learning-concept-drift/.venv/lib/python3.12/site-packages/scipy/sparse/csgraph/_shortest_path.cpython-312-x86_64-linux-gnu.so
7658101e2000-7658101e4000 rw-p 00062000 fc:00 35397726                   /home/henriqueramos_qs/meta-learning-concept-drift/.venv/lib/python3.12/site-packages/scipy/sparse/csgraph/_shortest_path.cpython-312-x86_64-linux-gnu.so
7658101e4000-7658102e4000 rw-p 00000000 00:00 0 
7658102e4000-7658102e8000 r--p 00000000 fc:00 35398041                   /home/henriqueramos_qs/meta-learning-concept-drift/.venv/lib/python3.12/site-packages/scipy/stats/_ansari_swilk_statistics.cpython-312-x86_64-linux-gnu.so
7658102e8000-7658102f7000 r-xp 00004000 fc:00 35398041                   /home/henriqueramos_qs/meta-learning-concept-drift/.venv/lib/python3.12/site-packages/scipy/stats/_ansari_swilk_statistics.cpython-312-x86_64-linux-gnu.so
7658102f7000-7658102fc000 r--p 00013000 fc:00 35398041                   /home/henriqueramos_qs/meta-learning-concept-drift/.venv/lib/python3.12/site-packages/scipy/stats/_ansari_swilk_statistics.cpython-312-x86_64-linux-gnu.so
7658102fc000-7658102fd000 ---p 00018000 fc:00 35398041                   /home/henriqueramos_qs/meta-learning-concept-drift/.venv/lib/python3.12/site-packages/scipy/stats/_ansari_swilk_statistics.cpython-312-x86_64-linux-gnu.so
7658102fd000-7658102fe000 r--p 00018000 fc:00 35398041                   /home/henriqueramos_qs/meta-learning-concept-drift/.venv/lib/python3.12/site-packages/scipy/stats/_ansari_swilk_statistics.cpython-312-x86_64-linux-gnu.so
7658102fe000-7658102ff000 rw-p 00019000 fc:00 35398041                   /home/henriqueramos_qs/meta-learning-concept-drift/.venv/lib/python3.12/site-packages/scipy/stats/_ansari_swilk_statistics.cpython-312-x86_64-linux-gnu.so
7658102ff000-765810400000 rw-p 00000000 00:00 0 
765810400000-765810411000 r--p 00000000 fc:00 35397951                   /home/henriqueramos_qs/meta-learning-concept-drift/.venv/lib/python3.12/site-packages/scipy/special/cython_special.cpython-312-x86_64-linux-gnu.so
765810411000-765810693000 r-xp 00011000 fc:00 35397951                   /home/henriqueramos_qs/meta-learning-concept-drift/.venv/lib/python3.12/site-packages/scipy/special/cython_special.cpython-312-x86_64-linux-gnu.so
765810693000-7658106d9000 r--p 00293000 fc:00 35397951                   /home/henriqueramos_qs/meta-learning-concept-drift/.venv/lib/python3.12/site-packages/scipy/special/cython_special.cpython-312-x86_64-linux-gnu.so
7658106d9000-7658106dc000 r--p 002d8000 fc:00 35397951                   /home/henriqueramos_qs/meta-learning-concept-drift/.venv/lib/python3.12/site-packages/scipy/special/cython_special.cpython-312-x86_64-linux-gnu.so
7658106dc000-7658106e2000 rw-p 002db000 fc:00 35397951                   /home/henriqueramos_qs/meta-learning-concept-drift/.venv/lib/python3.12/site-packages/scipy/special/cython_special.cpython-312-x86_64-linux-gnu.so
7658106e2000-7658106e4000 rw-p 00000000 00:00 0 
7658106e7000-7658106e9000 r--p 00000000 fc:00 35400255                   /home/henriqueramos_qs/meta-learning-concept-drift/.venv/lib/python3.12/site-packages/sklearn/neighbors/_partition_nodes.cpython-312-x86_64-linux-gnu.so
7658106e9000-7658106eb000 r-xp 00002000 fc:00 35400255                   /home/henriqueramos_qs/meta-learning-concept-drift/.venv/lib/python3.12/site-packages/sklearn/neighbors/_partition_nodes.cpython-312-x86_64-linux-gnu.so
7658106eb000-7658106ec000 r--p 00004000 fc:00 35400255                   /home/henriqueramos_qs/meta-learning-concept-drift/.venv/lib/python3.12/site-packages/sklearn/neighbors/_partition_nodes.cpython-312-x86_64-linux-gnu.so
7658106ec000-7658106ed000 r--p 00004000 fc:00 35400255                   /home/henriqueramos_qs/meta-learning-concept-drift/.venv/lib/python3.12/site-packages/sklearn/neighbors/_partition_nodes.cpython-312-x86_64-linux-gnu.so
7658106ed000-7658106ee000 rw-p 00005000 fc:00 35400255                   /home/henriqueramos_qs/meta-learning-concept-drift/.venv/lib/python3.12/site-packages/sklearn/neighbors/_partition_nodes.cpython-312-x86_64-linux-gnu.so
7658106ee000-7658106f0000 r--p 00000000 fc:00 35400457                   /home/henriqueramos_qs/meta-learning-concept-drift/.venv/lib/python3.12/site-packages/sklearn/utils/_sorting.cpython-312-x86_64-linux-gnu.so
7658106f0000-7658106f2000 r-xp 00002000 fc:00 35400457                   /home/henriqueramos_qs/meta-learning-concept-drift/.venv/lib/python3.12/site-packages/sklearn/utils/_sorting.cpython-312-x86_64-linux-gnu.so
7658106f2000-7658106f3000 r--p 00004000 fc:00 35400457                   /home/henriqueramos_qs/meta-learning-concept-drift/.venv/lib/python3.12/site-packages/sklearn/utils/_sorting.cpython-312-x86_64-linux-gnu.so
7658106f3000-7658106f4000 r--p 00004000 fc:00 35400457                   /home/henriqueramos_qs/meta-learning-concept-drift/.venv/lib/python3.12/site-packages/sklearn/utils/_sorting.cpython-312-x86_64-linux-gnu.so
7658106f4000-7658106f5000 rw-p 00005000 fc:00 35400457                   /home/henriqueramos_qs/meta-learning-concept-drift/.venv/lib/python3.12/site-packages/sklearn/utils/_sorting.cpython-312-x86_64-linux-gnu.so
7658106f5000-7658106f8000 r--p 00000000 fc:00 35398115                   /home/henriqueramos_qs/meta-learning-concept-drift/.venv/lib/python3.12/site-packages/scipy/stats/_levy_stable/levyst.cpython-312-x86_64-linux-gnu.so
7658106f8000-7658106fe000 r-xp 00003000 fc:00 35398115                   /home/henriqueramos_qs/meta-learning-concept-drift/.venv/lib/python3.12/site-packages/scipy/stats/_levy_stable/levyst.cpython-312-x86_64-linux-gnu.so
7658106fe000-765810700000 r--p 00009000 fc:00 35398115                   /home/henriqueramos_qs/meta-learning-concept-drift/.venv/lib/python3.12/site-packages/scipy/stats/_levy_stable/levyst.cpython-312-x86_64-linux-gnu.so
765810700000-765810701000 ---p 0000b000 fc:00 35398115                   /home/henriqueramos_qs/meta-learning-concept-drift/.venv/lib/python3.12/site-packages/scipy/stats/_levy_stable/levyst.cpython-312-x86_64-linux-gnu.so
765810701000-765810702000 r--p 0000b000 fc:00 35398115                   /home/henriqueramos_qs/meta-learning-concept-drift/.venv/lib/python3.12/site-packages/scipy/stats/_levy_stable/levyst.cpython-312-x86_64-linux-gnu.so
765810702000-765810703000 rw-p 0000c000 fc:00 35398115                   /home/henriqueramos_qs/meta-learning-concept-drift/.venv/lib/python3.12/site-packages/scipy/stats/_levy_stable/levyst.cpython-312-x86_64-linux-gnu.so
765810703000-765810707000 r--p 00000000 fc:00 35398095                   /home/henriqueramos_qs/meta-learning-concept-drift/.venv/lib/python3.12/site-packages/scipy/stats/_stats_pythran.cpython-312-x86_64-linux-gnu.so
765810707000-765810721000 r-xp 00004000 fc:00 35398095                   /home/henriqueramos_qs/meta-learning-concept-drift/.venv/lib/python3.12/site-packages/scipy/stats/_stats_pythran.cpython-312-x86_64-linux-gnu.so
765810721000-765810727000 r--p 0001e000 fc:00 35398095                   /home/henriqueramos_qs/meta-learning-concept-drift/.venv/lib/python3.12/site-packages/scipy/stats/_stats_pythran.cpython-312-x86_64-linux-gnu.so
765810727000-765810728000 r--p 00023000 fc:00 35398095                   /home/henriqueramos_qs/meta-learning-concept-drift/.venv/lib/python3.12/site-packages/scipy/stats/_stats_pythran.cpython-312-x86_64-linux-gnu.so
765810728000-765810729000 rw-p 00024000 fc:00 35398095                   /home/henriqueramos_qs/meta-learning-concept-drift/.venv/lib/python3.12/site-packages/scipy/stats/_stats_pythran.cpython-312-x86_64-linux-gnu.so
765810729000-76581072f000 r--p 00000000 fc:00 35398043                   /home/henriqueramos_qs/meta-learning-concept-drift/.venv/lib/python3.12/site-packages/scipy/stats/_biasedurn.cpython-312-x86_64-linux-gnu.so
76581072f000-765810757000 r-xp 00006000 fc:00 35398043                   /home/henriqueramos_qs/meta-learning-concept-drift/.venv/lib/python3.12/site-packages/scipy/stats/_biasedurn.cpython-312-x86_64-linux-gnu.so
765810757000-765810763000 r--p 0002e000 fc:00 35398043                   /home/henriqueramos_qs/meta-learning-concept-drift/.venv/lib/python3.12/site-packages/scipy/stats/_biasedurn.cpython-312-x86_64-linux-gnu.so
765810763000-765810764000 r--p 00039000 fc:00 35398043                   /home/henriqueramos_qs/meta-learning-concept-drift/.venv/lib/python3.12/site-packages/scipy/stats/_biasedurn.cpython-312-x86_64-linux-gnu.so
765810764000-765810767000 rw-p 0003a000 fc:00 35398043                   /home/henriqueramos_qs/meta-learning-concept-drift/.venv/lib/python3.12/site-packages/scipy/stats/_biasedurn.cpython-312-x86_64-linux-gnu.so
765810767000-76581086a000 rw-p 00000000 00:00 0 
76581086a000-765810870000 r--p 00000000 fc:00 35398091                   /home/henriqueramos_qs/meta-learning-concept-drift/.venv/lib/python3.12/site-packages/scipy/stats/_stats.cpython-312-x86_64-linux-gnu.so
765810870000-7658108dc000 r-xp 00006000 fc:00 35398091                   /home/henriqueramos_qs/meta-learning-concept-drift/.venv/lib/python3.12/site-packages/scipy/stats/_stats.cpython-312-x86_64-linux-gnu.so
7658108dc000-7658108e7000 r--p 00072000 fc:00 35398091                   /home/henriqueramos_qs/meta-learning-concept-drift/.venv/lib/python3.12/site-packages/scipy/stats/_stats.cpython-312-x86_64-linux-gnu.so
7658108e7000-7658108e8000 ---p 0007d000 fc:00 35398091                   /home/henriqueramos_qs/meta-learning-concept-drift/.venv/lib/python3.12/site-packages/scipy/stats/_stats.cpython-312-x86_64-linux-gnu.so
7658108e8000-7658108ea000 r--p 0007d000 fc:00 35398091                   /home/henriqueramos_qs/meta-learning-concept-drift/.venv/lib/python3.12/site-packages/scipy/stats/_stats.cpython-312-x86_64-linux-gnu.so
7658108ea000-7658108ec000 rw-p 0007f000 fc:00 35398091                   /home/henriqueramos_qs/meta-learning-concept-drift/.venv/lib/python3.12/site-packages/scipy/stats/_stats.cpython-312-x86_64-linux-gnu.so
7658108ec000-7658108ed000 rw-p 00000000 00:00 0 
7658108ed000-7658108f1000 r--p 00000000 fc:00 35396992                   /home/henriqueramos_qs/meta-learning-concept-drift/.venv/lib/python3.12/site-packages/scipy/interpolate/_rgi_cython.cpython-312-x86_64-linux-gnu.so
7658108f1000-765810906000 r-xp 00004000 fc:00 35396992                   /home/henriqueramos_qs/meta-learning-concept-drift/.venv/lib/python3.12/site-packages/scipy/interpolate/_rgi_cython.cpython-312-x86_64-linux-gnu.so
765810906000-76581090c000 r--p 00019000 fc:00 35396992                   /home/henriqueramos_qs/meta-learning-concept-drift/.venv/lib/python3.12/site-packages/scipy/interpolate/_rgi_cython.cpython-312-x86_64-linux-gnu.so
76581090c000-76581090d000 r--p 0001e000 fc:00 35396992                   /home/henriqueramos_qs/meta-learning-concept-drift/.venv/lib/python3.12/site-packages/scipy/interpolate/_rgi_cython.cpython-312-x86_64-linux-gnu.so
76581090d000-76581090e000 rw-p 0001f000 fc:00 35396992                   /home/henriqueramos_qs/meta-learning-concept-drift/.venv/lib/python3.12/site-packages/scipy/interpolate/_rgi_cython.cpython-312-x86_64-linux-gnu.so
76581090e000-76581090f000 rw-p 00000000 00:00 0 
76581090f000-765810913000 r--p 00000000 fc:00 35396990                   /home/henriqueramos_qs/meta-learning-concept-drift/.venv/lib/python3.12/site-packages/scipy/interpolate/_rbfinterp_pythran.cpython-312-x86_64-linux-gnu.so
765810913000-76581093e000 r-xp 00004000 fc:00 35396990                   /home/henriqueramos_qs/meta-learning-concept-drift/.venv/lib/python3.12/site-packages/scipy/interpolate/_rbfinterp_pythran.cpython-312-x86_64-linux-gnu.so
76581093e000-765810944000 r--p 0002f000 fc:00 35396990                   /home/henriqueramos_qs/meta-learning-concept-drift/.venv/lib/python3.12/site-packages/scipy/interpolate/_rbfinterp_pythran.cpython-312-x86_64-linux-gnu.so
765810944000-765810945000 r--p 00034000 fc:00 35396990                   /home/henriqueramos_qs/meta-learning-concept-drift/.venv/lib/python3.12/site-packages/scipy/interpolate/_rbfinterp_pythran.cpython-312-x86_64-linux-gnu.so
765810945000-765810946000 rw-p 00035000 fc:00 35396990                   /home/henriqueramos_qs/meta-learning-concept-drift/.venv/lib/python3.12/site-packages/scipy/interpolate/_rbfinterp_pythran.cpython-312-x86_64-linux-gnu.so
765810946000-76581094c000 r--p 00000000 fc:00 35396981                   /home/henriqueramos_qs/meta-learning-concept-drift/.venv/lib/python3.12/site-packages/scipy/interpolate/_interpnd.cpython-312-x86_64-linux-gnu.so
76581094c000-76581097b000 r-xp 00006000 fc:00 35396981                   /home/henriqueramos_qs/meta-learning-concept-drift/.venv/lib/python3.12/site-packages/scipy/interpolate/_interpnd.cpython-312-x86_64-linux-gnu.so
76581097b000-765810985000 r--p 00035000 fc:00 35396981                   /home/henriqueramos_qs/meta-learning-concept-drift/.venv/lib/python3.12/site-packages/scipy/interpolate/_interpnd.cpython-312-x86_64-linux-gnu.so
765810985000-765810987000 r--p 0003e000 fc:00 35396981                   /home/henriqueramos_qs/meta-learning-concept-drift/.venv/lib/python3.12/site-packages/scipy/interpolate/_interpnd.cpython-312-x86_64-linux-gnu.so
765810987000-765810989000 rw-p 00040000 fc:00 35396981                   /home/henriqueramos_qs/meta-learning-concept-drift/.venv/lib/python3.12/site-packages/scipy/interpolate/_interpnd.cpython-312-x86_64-linux-gnu.so
765810989000-76581098e000 r--p 00000000 fc:00 35396987                   /home/henriqueramos_qs/meta-learning-concept-drift/.venv/lib/python3.12/site-packages/scipy/interpolate/_ppoly.cpython-312-x86_64-linux-gnu.so
76581098e000-7658109c3000 r-xp 00005000 fc:00 35396987                   /home/henriqueramos_qs/meta-learning-concept-drift/.venv/lib/python3.12/site-packages/scipy/interpolate/_ppoly.cpython-312-x86_64-linux-gnu.so
7658109c3000-7658109cc000 r--p 0003a000 fc:00 35396987                   /home/henriqueramos_qs/meta-learning-concept-drift/.venv/lib/python3.12/site-packages/scipy/interpolate/_ppoly.cpython-312-x86_64-linux-gnu.so
7658109cc000-7658109cd000 ---p 00043000 fc:00 35396987                   /home/henriqueramos_qs/meta-learning-concept-drift/.venv/lib/python3.12/site-packages/scipy/interpolate/_ppoly.cpython-312-x86_64-linux-gnu.so
7658109cd000-7658109ce000 r--p 00043000 fc:00 35396987                   /home/henriqueramos_qs/meta-learning-concept-drift/.venv/lib/python3.12/site-packages/scipy/interpolate/_ppoly.cpython-312-x86_64-linux-gnu.so
7658109ce000-7658109cf000 rw-p 00044000 fc:00 35396987                   /home/henriqueramos_qs/meta-learning-concept-drift/.venv/lib/python3.12/site-packages/scipy/interpolate/_ppoly.cpython-312-x86_64-linux-gnu.so
7658109cf000-7658109d0000 rw-p 00000000 00:00 0 
7658109d0000-7658109d3000 r--p 00000000 fc:00 35396975                   /home/henriqueramos_qs/meta-learning-concept-drift/.venv/lib/python3.12/site-packages/scipy/interpolate/_dierckx.cpython-312-x86_64-linux-gnu.so
7658109d3000-7658109e1000 r-xp 00003000 fc:00 35396975                   /home/henriqueramos_qs/meta-learning-concept-drift/.venv/lib/python3.12/site-packages/scipy/interpolate/_dierckx.cpython-312-x86_64-linux-gnu.so
7658109e1000-7658109e6000 r--p 00011000 fc:00 35396975                   /home/henriqueramos_qs/meta-learning-concept-drift/.venv/lib/python3.12/site-packages/scipy/interpolate/_dierckx.cpython-312-x86_64-linux-gnu.so
7658109e6000-7658109e7000 r--p 00015000 fc:00 35396975                   /home/henriqueramos_qs/meta-learning-concept-drift/.venv/lib/python3.12/site-packages/scipy/interpolate/_dierckx.cpython-312-x86_64-linux-gnu.so
7658109e7000-7658109ea000 rw-p 00016000 fc:00 35396975                   /home/henriqueramos_qs/meta-learning-concept-drift/.venv/lib/python3.12/site-packages/scipy/interpolate/_dierckx.cpython-312-x86_64-linux-gnu.so
7658109ea000-7658109ed000 rw-p 00023000 fc:00 35396975                   /home/henriqueramos_qs/meta-learning-concept-drift/.venv/lib/python3.12/site-packages/scipy/interpolate/_dierckx.cpython-312-x86_64-linux-gnu.so
7658109ed000-7658109f1000 r--p 00000000 fc:00 35396974                   /home/henriqueramos_qs/meta-learning-concept-drift/.venv/lib/python3.12/site-packages/scipy/interpolate/_dfitpack.cpython-312-x86_64-linux-gnu.so
7658109f1000-765810a2a000 r-xp 00004000 fc:00 35396974                   /home/henriqueramos_qs/meta-learning-concept-drift/.venv/lib/python3.12/site-packages/scipy/interpolate/_dfitpack.cpython-312-x86_64-linux-gnu.so
765810a2a000-765810a35000 r--p 0003d000 fc:00 35396974                   /home/henriqueramos_qs/meta-learning-concept-drift/.venv/lib/python3.12/site-packages/scipy/interpolate/_dfitpack.cpython-312-x86_64-linux-gnu.so
765810a35000-765810a36000 r--p 00047000 fc:00 35396974                   /home/henriqueramos_qs/meta-learning-concept-drift/.venv/lib/python3.12/site-packages/scipy/interpolate/_dfitpack.cpython-312-x86_64-linux-gnu.so
765810a36000-765810a3e000 rw-p 00048000 fc:00 35396974                   /home/henriqueramos_qs/meta-learning-concept-drift/.venv/lib/python3.12/site-packages/scipy/interpolate/_dfitpack.cpython-312-x86_64-linux-gnu.so
765810a3e000-765810a41000 rw-p 00053000 fc:00 35396974                   /home/henriqueramos_qs/meta-learning-concept-drift/.venv/lib/python3.12/site-packages/scipy/interpolate/_dfitpack.cpython-312-x86_64-linux-gnu.so
765810a41000-765810a42000 r--p 00000000 fc:00 35396976                   /home/henriqueramos_qs/meta-learning-concept-drift/.venv/lib/python3.12/site-packages/scipy/interpolate/_fitpack.cpython-312-x86_64-linux-gnu.so
765810a42000-765810a52000 r-xp 00001000 fc:00 35396976                   /home/henriqueramos_qs/meta-learning-concept-drift/.venv/lib/python3.12/site-packages/scipy/interpolate/_fitpack.cpython-312-x86_64-linux-gnu.so
765810a52000-765810a54000 r--p 00011000 fc:00 35396976                   /home/henriqueramos_qs/meta-learning-concept-drift/.venv/lib/python3.12/site-packages/scipy/interpolate/_fitpack.cpython-312-x86_64-linux-gnu.so
765810a54000-765810a55000 r--p 00012000 fc:00 35396976                   /home/henriqueramos_qs/meta-learning-concept-drift/.venv/lib/python3.12/site-packages/scipy/interpolate/_fitpack.cpython-312-x86_64-linux-gnu.so
765810a55000-765810a56000 rw-p 00013000 fc:00 35396976                   /home/henriqueramos_qs/meta-learning-concept-drift/.venv/lib/python3.12/site-packages/scipy/interpolate/_fitpack.cpython-312-x86_64-linux-gnu.so
765810a56000-765810a58000 rw-p 00015000 fc:00 35396976                   /home/henriqueramos_qs/meta-learning-concept-drift/.venv/lib/python3.12/site-packages/scipy/interpolate/_fitpack.cpython-312-x86_64-linux-gnu.so
765810a58000-765810c58000 rw-p 00000000 00:00 0 
765810c58000-765810c74000 r--p 00000000 fc:00 35396921                   /home/henriqueramos_qs/meta-learning-concept-drift/.venv/lib/python3.12/site-packages/scipy/integrate/_lsoda.cpython-312-x86_64-linux-gnu.so
765810c74000-765810c8f000 r-xp 0001c000 fc:00 35396921                   /home/henriqueramos_qs/meta-learning-concept-drift/.venv/lib/python3.12/site-packages/scipy/integrate/_lsoda.cpython-312-x86_64-linux-gnu.so
765810c8f000-765810c9e000 r--p 00037000 fc:00 35396921                   /home/henriqueramos_qs/meta-learning-concept-drift/.venv/lib/python3.12/site-packages/scipy/integrate/_lsoda.cpython-312-x86_64-linux-gnu.so
765810c9e000-765810c9f000 ---p 00046000 fc:00 35396921                   /home/henriqueramos_qs/meta-learning-concept-drift/.venv/lib/python3.12/site-packages/scipy/integrate/_lsoda.cpython-312-x86_64-linux-gnu.so
765810c9f000-765810ca0000 r--p 00046000 fc:00 35396921                   /home/henriqueramos_qs/meta-learning-concept-drift/.venv/lib/python3.12/site-packages/scipy/integrate/_lsoda.cpython-312-x86_64-linux-gnu.so
765810ca0000-765810ca5000 rw-p 00047000 fc:00 35396921                   /home/henriqueramos_qs/meta-learning-concept-drift/.venv/lib/python3.12/site-packages/scipy/integrate/_lsoda.cpython-312-x86_64-linux-gnu.so
765810ca5000-765810cbd000 rw-p 00067000 fc:00 35396921                   /home/henriqueramos_qs/meta-learning-concept-drift/.venv/lib/python3.12/site-packages/scipy/integrate/_lsoda.cpython-312-x86_64-linux-gnu.so
765810cbd000-765810cc0000 r--p 00000000 fc:00 35396919                   /home/henriqueramos_qs/meta-learning-concept-drift/.venv/lib/python3.12/site-packages/scipy/integrate/_dop.cpython-312-x86_64-linux-gnu.so
765810cc0000-765810ccf000 r-xp 00003000 fc:00 35396919                   /home/henriqueramos_qs/meta-learning-concept-drift/.venv/lib/python3.12/site-packages/scipy/integrate/_dop.cpython-312-x86_64-linux-gnu.so
765810ccf000-765810cd3000 r--p 00012000 fc:00 35396919                   /home/henriqueramos_qs/meta-learning-concept-drift/.venv/lib/python3.12/site-packages/scipy/integrate/_dop.cpython-312-x86_64-linux-gnu.so
765810cd3000-765810cd4000 r--p 00015000 fc:00 35396919                   /home/henriqueramos_qs/meta-learning-concept-drift/.venv/lib/python3.12/site-packages/scipy/integrate/_dop.cpython-312-x86_64-linux-gnu.so
765810cd4000-765810cd6000 rw-p 00016000 fc:00 35396919                   /home/henriqueramos_qs/meta-learning-concept-drift/.venv/lib/python3.12/site-packages/scipy/integrate/_dop.cpython-312-x86_64-linux-gnu.so
765810cd6000-765810cd9000 rw-p 0001b000 fc:00 35396919                   /home/henriqueramos_qs/meta-learning-concept-drift/.venv/lib/python3.12/site-packages/scipy/integrate/_dop.cpython-312-x86_64-linux-gnu.so
765810cd9000-765810cf5000 r--p 00000000 fc:00 35396932                   /home/henriqueramos_qs/meta-learning-concept-drift/.venv/lib/python3.12/site-packages/scipy/integrate/_vode.cpython-312-x86_64-linux-gnu.so
765810cf5000-765810d1b000 r-xp 0001c000 fc:00 35396932                   /home/henriqueramos_qs/meta-learning-concept-drift/.venv/lib/python3.12/site-packages/scipy/integrate/_vode.cpython-312-x86_64-linux-gnu.so
765810d1b000-765810d2c000 r--p 00042000 fc:00 35396932                   /home/henriqueramos_qs/meta-learning-concept-drift/.venv/lib/python3.12/site-packages/scipy/integrate/_vode.cpython-312-x86_64-linux-gnu.so
765810d2c000-765810d2d000 r--p 00052000 fc:00 35396932                   /home/henriqueramos_qs/meta-learning-concept-drift/.venv/lib/python3.12/site-packages/scipy/integrate/_vode.cpython-312-x86_64-linux-gnu.so
765810d2d000-765810d32000 rw-p 00053000 fc:00 35396932                   /home/henriqueramos_qs/meta-learning-concept-drift/.venv/lib/python3.12/site-packages/scipy/integrate/_vode.cpython-312-x86_64-linux-gnu.so
765810d32000-765810d4a000 rw-p 00074000 fc:00 35396932                   /home/henriqueramos_qs/meta-learning-concept-drift/.venv/lib/python3.12/site-packages/scipy/integrate/_vode.cpython-312-x86_64-linux-gnu.so
765810d4a000-765810d65000 r--p 00000000 fc:00 35396923                   /home/henriqueramos_qs/meta-learning-concept-drift/.venv/lib/python3.12/site-packages/scipy/integrate/_odepack.cpython-312-x86_64-linux-gnu.so
765810d65000-765810d7d000 r-xp 0001b000 fc:00 35396923                   /home/henriqueramos_qs/meta-learning-concept-drift/.venv/lib/python3.12/site-packages/scipy/integrate/_odepack.cpython-312-x86_64-linux-gnu.so
765810d7d000-765810d8b000 r--p 00033000 fc:00 35396923                   /home/henriqueramos_qs/meta-learning-concept-drift/.venv/lib/python3.12/site-packages/scipy/integrate/_odepack.cpython-312-x86_64-linux-gnu.so
765810d8b000-765810d8c000 r--p 00040000 fc:00 35396923                   /home/henriqueramos_qs/meta-learning-concept-drift/.venv/lib/python3.12/site-packages/scipy/integrate/_odepack.cpython-312-x86_64-linux-gnu.so
765810d8c000-765810d90000 rw-p 00041000 fc:00 35396923                   /home/henriqueramos_qs/meta-learning-concept-drift/.venv/lib/python3.12/site-packages/scipy/integrate/_odepack.cpython-312-x86_64-linux-gnu.so
765810d90000-765810d91000 rw-p 00000000 00:00 0 
765810d91000-765810da7000 rw-p 0005f000 fc:00 35396923                   /home/henriqueramos_qs/meta-learning-concept-drift/.venv/lib/python3.12/site-packages/scipy/integrate/_odepack.cpython-312-x86_64-linux-gnu.so
765810da7000-765810dac000 r--p 00000000 fc:00 35397494                   /home/henriqueramos_qs/meta-learning-concept-drift/.venv/lib/python3.12/site-packages/scipy/optimize/_pava_pybind.cpython-312-x86_64-linux-gnu.so
765810dac000-765810dc6000 r-xp 00005000 fc:00 35397494                   /home/henriqueramos_qs/meta-learning-concept-drift/.venv/lib/python3.12/site-packages/scipy/optimize/_pava_pybind.cpython-312-x86_64-linux-gnu.so
765810dc6000-765810dcf000 r--p 0001f000 fc:00 35397494                   /home/henriqueramos_qs/meta-learning-concept-drift/.venv/lib/python3.12/site-packages/scipy/optimize/_pava_pybind.cpython-312-x86_64-linux-gnu.so
765810dcf000-765810dd0000 r--p 00027000 fc:00 35397494                   /home/henriqueramos_qs/meta-learning-concept-drift/.venv/lib/python3.12/site-packages/scipy/optimize/_pava_pybind.cpython-312-x86_64-linux-gnu.so
765810dd0000-765810dd1000 rw-p 00028000 fc:00 35397494                   /home/henriqueramos_qs/meta-learning-concept-drift/.venv/lib/python3.12/site-packages/scipy/optimize/_pava_pybind.cpython-312-x86_64-linux-gnu.so
765810dd1000-765810ed1000 rw-p 00000000 00:00 0 
765810ed1000-765810ed6000 r--p 00000000 fc:00 35397458                   /home/henriqueramos_qs/meta-learning-concept-drift/.venv/lib/python3.12/site-packages/scipy/optimize/_bglu_dense.cpython-312-x86_64-linux-gnu.so
765810ed6000-765810ef4000 r-xp 00005000 fc:00 35397458                   /home/henriqueramos_qs/meta-learning-concept-drift/.venv/lib/python3.12/site-packages/scipy/optimize/_bglu_dense.cpython-312-x86_64-linux-gnu.so
765810ef4000-765810efc000 r--p 00023000 fc:00 35397458                   /home/henriqueramos_qs/meta-learning-concept-drift/.venv/lib/python3.12/site-packages/scipy/optimize/_bglu_dense.cpython-312-x86_64-linux-gnu.so
765810efc000-765810efd000 ---p 0002b000 fc:00 35397458                   /home/henriqueramos_qs/meta-learning-concept-drift/.venv/lib/python3.12/site-packages/scipy/optimize/_bglu_dense.cpython-312-x86_64-linux-gnu.so
765810efd000-765810efe000 r--p 0002b000 fc:00 35397458                   /home/henriqueramos_qs/meta-learning-concept-drift/.venv/lib/python3.12/site-packages/scipy/optimize/_bglu_dense.cpython-312-x86_64-linux-gnu.so
765810efe000-765810f00000 rw-p 0002c000 fc:00 35397458                   /home/henriqueramos_qs/meta-learning-concept-drift/.venv/lib/python3.12/site-packages/scipy/optimize/_bglu_dense.cpython-312-x86_64-linux-gnu.so
765810f00000-765810f07000 r--p 00000000 fc:00 35396878                   /home/henriqueramos_qs/meta-learning-concept-drift/.venv/lib/python3.12/site-packages/scipy/fft/_pocketfft/pypocketfft.cpython-312-x86_64-linux-gnu.so
765810f07000-765810fe1000 r-xp 00007000 fc:00 35396878                   /home/henriqueramos_qs/meta-learning-concept-drift/.venv/lib/python3.12/site-packages/scipy/fft/_pocketfft/pypocketfft.cpython-312-x86_64-linux-gnu.so
765810fe1000-765810ffb000 r--p 000e1000 fc:00 35396878                   /home/henriqueramos_qs/meta-learning-concept-drift/.venv/lib/python3.12/site-packages/scipy/fft/_pocketfft/pypocketfft.cpython-312-x86_64-linux-gnu.so
765810ffb000-765810ffc000 ---p 000fb000 fc:00 35396878                   /home/henriqueramos_qs/meta-learning-concept-drift/.venv/lib/python3.12/site-packages/scipy/fft/_pocketfft/pypocketfft.cpython-312-x86_64-linux-gnu.so
765810ffc000-765810ffd000 r--p 000fb000 fc:00 35396878                   /home/henriqueramos_qs/meta-learning-concept-drift/.venv/lib/python3.12/site-packages/scipy/fft/_pocketfft/pypocketfft.cpython-312-x86_64-linux-gnu.so
765810ffd000-765810ffe000 rw-p 000fc000 fc:00 35396878                   /home/henriqueramos_qs/meta-learning-concept-drift/.venv/lib/python3.12/site-packages/scipy/fft/_pocketfft/pypocketfft.cpython-312-x86_64-linux-gnu.so
765810ffe000-765811000000 rw-p 00000000 00:00 0 
765811000000-765811012000 r--p 00000000 fc:00 35397527                   /home/henriqueramos_qs/meta-learning-concept-drift/.venv/lib/python3.12/site-packages/scipy/optimize/_highspy/_core.cpython-312-x86_64-linux-gnu.so
765811012000-7658113fe000 r-xp 00012000 fc:00 35397527                   /home/henriqueramos_qs/meta-learning-concept-drift/.venv/lib/python3.12/site-packages/scipy/optimize/_highspy/_core.cpython-312-x86_64-linux-gnu.so
7658113fe000-76581149e000 r--p 003fe000 fc:00 35397527                   /home/henriqueramos_qs/meta-learning-concept-drift/.venv/lib/python3.12/site-packages/scipy/optimize/_highspy/_core.cpython-312-x86_64-linux-gnu.so
76581149e000-76581149f000 ---p 0049e000 fc:00 35397527                   /home/henriqueramos_qs/meta-learning-concept-drift/.venv/lib/python3.12/site-packages/scipy/optimize/_highspy/_core.cpython-312-x86_64-linux-gnu.so
76581149f000-7658114a4000 r--p 0049e000 fc:00 35397527                   /home/henriqueramos_qs/meta-learning-concept-drift/.venv/lib/python3.12/site-packages/scipy/optimize/_highspy/_core.cpython-312-x86_64-linux-gnu.so
7658114a4000-7658114a5000 rw-p 004a3000 fc:00 35397527                   /home/henriqueramos_qs/meta-learning-concept-drift/.venv/lib/python3.12/site-packages/scipy/optimize/_highspy/_core.cpython-312-x86_64-linux-gnu.so
7658114a5000-7658114aa000 rw-p 00000000 00:00 0 
7658114aa000-7658114ac000 r--p 00000000 fc:00 35400431                   /home/henriqueramos_qs/meta-learning-concept-drift/.venv/lib/python3.12/site-packages/sklearn/utils/_heap.cpython-312-x86_64-linux-gnu.so
7658114ac000-7658114ad000 r-xp 00002000 fc:00 35400431                   /home/henriqueramos_qs/meta-learning-concept-drift/.venv/lib/python3.12/site-packages/sklearn/utils/_heap.cpython-312-x86_64-linux-gnu.so
7658114ad000-7658114ae000 r--p 00003000 fc:00 35400431                   /home/henriqueramos_qs/meta-learning-concept-drift/.venv/lib/python3.12/site-packages/sklearn/utils/_heap.cpython-312-x86_64-linux-gnu.so
7658114ae000-7658114af000 r--p 00003000 fc:00 35400431                   /home/henriqueramos_qs/meta-learning-concept-drift/.venv/lib/python3.12/site-packages/sklearn/utils/_heap.cpython-312-x86_64-linux-gnu.so
7658114af000-7658114b0000 rw-p 00004000 fc:00 35400431                   /home/henriqueramos_qs/meta-learning-concept-drift/.venv/lib/python3.12/site-packages/sklearn/utils/_heap.cpython-312-x86_64-linux-gnu.so
7658114b0000-7658114b2000 r--p 00000000 fc:00 35396926                   /home/henriqueramos_qs/meta-learning-concept-drift/.venv/lib/python3.12/site-packages/scipy/integrate/_quadpack.cpython-312-x86_64-linux-gnu.so
7658114b2000-7658114c6000 r-xp 00002000 fc:00 35396926                   /home/henriqueramos_qs/meta-learning-concept-drift/.venv/lib/python3.12/site-packages/scipy/integrate/_quadpack.cpython-312-x86_64-linux-gnu.so
7658114c6000-7658114c9000 r--p 00016000 fc:00 35396926                   /home/henriqueramos_qs/meta-learning-concept-drift/.venv/lib/python3.12/site-packages/scipy/integrate/_quadpack.cpython-312-x86_64-linux-gnu.so
7658114c9000-7658114ca000 r--p 00018000 fc:00 35396926                   /home/henriqueramos_qs/meta-learning-concept-drift/.venv/lib/python3.12/site-packages/scipy/integrate/_quadpack.cpython-312-x86_64-linux-gnu.so
7658114ca000-7658114cb000 rw-p 00019000 fc:00 35396926                   /home/henriqueramos_qs/meta-learning-concept-drift/.venv/lib/python3.12/site-packages/scipy/integrate/_quadpack.cpython-312-x86_64-linux-gnu.so
7658114cb000-7658114cf000 r--p 00000000 fc:00 35396703                   /home/henriqueramos_qs/meta-learning-concept-drift/.venv/lib/python3.12/site-packages/scipy/_lib/_uarray/_uarray.cpython-312-x86_64-linux-gnu.so
7658114cf000-7658114e2000 r-xp 00004000 fc:00 35396703                   /home/henriqueramos_qs/meta-learning-concept-drift/.venv/lib/python3.12/site-packages/scipy/_lib/_uarray/_uarray.cpython-312-x86_64-linux-gnu.so
7658114e2000-7658114e8000 r--p 00017000 fc:00 35396703                   /home/henriqueramos_qs/meta-learning-concept-drift/.venv/lib/python3.12/site-packages/scipy/_lib/_uarray/_uarray.cpython-312-x86_64-linux-gnu.so
7658114e8000-7658114e9000 r--p 0001c000 fc:00 35396703                   /home/henriqueramos_qs/meta-learning-concept-drift/.venv/lib/python3.12/site-packages/scipy/_lib/_uarray/_uarray.cpython-312-x86_64-linux-gnu.so
7658114e9000-7658114ea000 rw-p 0001d000 fc:00 35396703                   /home/henriqueramos_qs/meta-learning-concept-drift/.venv/lib/python3.12/site-packages/scipy/_lib/_uarray/_uarray.cpython-312-x86_64-linux-gnu.so
7658114ea000-7658114f0000 r--p 00000000 fc:00 35397316                   /home/henriqueramos_qs/meta-learning-concept-drift/.venv/lib/python3.12/site-packages/scipy/linalg/_decomp_interpolative.cpython-312-x86_64-linux-gnu.so
7658114f0000-765811592000 r-xp 00006000 fc:00 35397316                   /home/henriqueramos_qs/meta-learning-concept-drift/.venv/lib/python3.12/site-packages/scipy/linalg/_decomp_interpolative.cpython-312-x86_64-linux-gnu.so
765811592000-76581159f000 r--p 000a8000 fc:00 35397316                   /home/henriqueramos_qs/meta-learning-concept-drift/.venv/lib/python3.12/site-packages/scipy/linalg/_decomp_interpolative.cpython-312-x86_64-linux-gnu.so
76581159f000-7658115a1000 r--p 000b4000 fc:00 35397316                   /home/henriqueramos_qs/meta-learning-concept-drift/.venv/lib/python3.12/site-packages/scipy/linalg/_decomp_interpolative.cpython-312-x86_64-linux-gnu.so
7658115a1000-7658115a2000 rw-p 000b6000 fc:00 35397316                   /home/henriqueramos_qs/meta-learning-concept-drift/.venv/lib/python3.12/site-packages/scipy/linalg/_decomp_interpolative.cpython-312-x86_64-linux-gnu.so
7658115a2000-7658115a3000 rw-p 00000000 00:00 0 
7658115a3000-7658115a9000 r--p 00000000 fc:00 35397528                   /home/henriqueramos_qs/meta-learning-concept-drift/.venv/lib/python3.12/site-packages/scipy/optimize/_highspy/_highs_options.cpython-312-x86_64-linux-gnu.so
7658115a9000-7658115df000 r-xp 00006000 fc:00 35397528                   /home/henriqueramos_qs/meta-learning-concept-drift/.venv/lib/python3.12/site-packages/scipy/optimize/_highspy/_highs_options.cpython-312-x86_64-linux-gnu.so
7658115df000-7658115f0000 r--p 0003c000 fc:00 35397528                   /home/henriqueramos_qs/meta-learning-concept-drift/.venv/lib/python3.12/site-packages/scipy/optimize/_highspy/_highs_options.cpython-312-x86_64-linux-gnu.so
7658115f0000-7658115f1000 r--p 0004c000 fc:00 35397528                   /home/henriqueramos_qs/meta-learning-concept-drift/.venv/lib/python3.12/site-packages/scipy/optimize/_highspy/_highs_options.cpython-312-x86_64-linux-gnu.so
7658115f1000-7658115f2000 rw-p 0004d000 fc:00 35397528                   /home/henriqueramos_qs/meta-learning-concept-drift/.venv/lib/python3.12/site-packages/scipy/optimize/_highspy/_highs_options.cpython-312-x86_64-linux-gnu.so
7658115f2000-7658116f2000 rw-p 00000000 00:00 0 
7658116f2000-76581170d000 r--p 00000000 fc:00 35397501                   /home/henriqueramos_qs/meta-learning-concept-drift/.venv/lib/python3.12/site-packages/scipy/optimize/_slsqplib.cpython-312-x86_64-linux-gnu.so
76581170d000-765811721000 r-xp 0001b000 fc:00 35397501                   /home/henriqueramos_qs/meta-learning-concept-drift/.venv/lib/python3.12/site-packages/scipy/optimize/_slsqplib.cpython-312-x86_64-linux-gnu.so
765811721000-76581172e000 r--p 0002f000 fc:00 35397501                   /home/henriqueramos_qs/meta-learning-concept-drift/.venv/lib/python3.12/site-packages/scipy/optimize/_slsqplib.cpython-312-x86_64-linux-gnu.so
76581172e000-76581172f000 r--p 0003b000 fc:00 35397501                   /home/henriqueramos_qs/meta-learning-concept-drift/.venv/lib/python3.12/site-packages/scipy/optimize/_slsqplib.cpython-312-x86_64-linux-gnu.so
76581172f000-765811733000 rw-p 0003c000 fc:00 35397501                   /home/henriqueramos_qs/meta-learning-concept-drift/.venv/lib/python3.12/site-packages/scipy/optimize/_slsqplib.cpython-312-x86_64-linux-gnu.so
765811733000-765811749000 rw-p 0005a000 fc:00 35397501                   /home/henriqueramos_qs/meta-learning-concept-drift/.venv/lib/python3.12/site-packages/scipy/optimize/_slsqplib.cpython-312-x86_64-linux-gnu.so
765811749000-76581174d000 r--p 00000000 fc:00 35397489                   /home/henriqueramos_qs/meta-learning-concept-drift/.venv/lib/python3.12/site-packages/scipy/optimize/_moduleTNC.cpython-312-x86_64-linux-gnu.so
76581174d000-765811764000 r-xp 00004000 fc:00 35397489                   /home/henriqueramos_qs/meta-learning-concept-drift/.venv/lib/python3.12/site-packages/scipy/optimize/_moduleTNC.cpython-312-x86_64-linux-gnu.so
765811764000-765811768000 r--p 0001b000 fc:00 35397489                   /home/henriqueramos_qs/meta-learning-concept-drift/.venv/lib/python3.12/site-packages/scipy/optimize/_moduleTNC.cpython-312-x86_64-linux-gnu.so
765811768000-765811769000 ---p 0001f000 fc:00 35397489                   /home/henriqueramos_qs/meta-learning-concept-drift/.venv/lib/python3.12/site-packages/scipy/optimize/_moduleTNC.cpython-312-x86_64-linux-gnu.so
765811769000-76581176a000 r--p 0001f000 fc:00 35397489                   /home/henriqueramos_qs/meta-learning-concept-drift/.venv/lib/python3.12/site-packages/scipy/optimize/_moduleTNC.cpython-312-x86_64-linux-gnu.so
76581176a000-76581176b000 rw-p 00020000 fc:00 35397489                   /home/henriqueramos_qs/meta-learning-concept-drift/.venv/lib/python3.12/site-packages/scipy/optimize/_moduleTNC.cpython-312-x86_64-linux-gnu.so
76581176b000-765811786000 r--p 00000000 fc:00 35397474                   /home/henriqueramos_qs/meta-learning-concept-drift/.venv/lib/python3.12/site-packages/scipy/optimize/_lbfgsb.cpython-312-x86_64-linux-gnu.so
765811786000-76581179b000 r-xp 0001b000 fc:00 35397474                   /home/henriqueramos_qs/meta-learning-concept-drift/.venv/lib/python3.12/site-packages/scipy/optimize/_lbfgsb.cpython-312-x86_64-linux-gnu.so
76581179b000-7658117a7000 r--p 00030000 fc:00 35397474                   /home/henriqueramos_qs/meta-learning-concept-drift/.venv/lib/python3.12/site-packages/scipy/optimize/_lbfgsb.cpython-312-x86_64-linux-gnu.so
7658117a7000-7658117a8000 ---p 0003c000 fc:00 35397474                   /home/henriqueramos_qs/meta-learning-concept-drift/.venv/lib/python3.12/site-packages/scipy/optimize/_lbfgsb.cpython-312-x86_64-linux-gnu.so
7658117a8000-7658117a9000 r--p 0003c000 fc:00 35397474                   /home/henriqueramos_qs/meta-learning-concept-drift/.venv/lib/python3.12/site-packages/scipy/optimize/_lbfgsb.cpython-312-x86_64-linux-gnu.so
7658117a9000-7658117ad000 rw-p 0003d000 fc:00 35397474                   /home/henriqueramos_qs/meta-learning-concept-drift/.venv/lib/python3.12/site-packages/scipy/optimize/_lbfgsb.cpython-312-x86_64-linux-gnu.so
7658117ad000-7658117c3000 rw-p 0005b000 fc:00 35397474                   /home/henriqueramos_qs/meta-learning-concept-drift/.venv/lib/python3.12/site-packages/scipy/optimize/_lbfgsb.cpython-312-x86_64-linux-gnu.so
7658117c3000-7658117c8000 r--p 00000000 fc:00 35397546                   /home/henriqueramos_qs/meta-learning-concept-drift/.venv/lib/python3.12/site-packages/scipy/optimize/_trlib/_trlib.cpython-312-x86_64-linux-gnu.so
7658117c8000-7658117ea000 r-xp 00005000 fc:00 35397546                   /home/henriqueramos_qs/meta-learning-concept-drift/.venv/lib/python3.12/site-packages/scipy/optimize/_trlib/_trlib.cpython-312-x86_64-linux-gnu.so
7658117ea000-7658117f1000 r--p 00027000 fc:00 35397546                   /home/henriqueramos_qs/meta-learning-concept-drift/.venv/lib/python3.12/site-packages/scipy/optimize/_trlib/_trlib.cpython-312-x86_64-linux-gnu.so
7658117f1000-7658117f2000 ---p 0002e000 fc:00 35397546                   /home/henriqueramos_qs/meta-learning-concept-drift/.venv/lib/python3.12/site-packages/scipy/optimize/_trlib/_trlib.cpython-312-x86_64-linux-gnu.so
7658117f2000-7658117f3000 r--p 0002e000 fc:00 35397546                   /home/henriqueramos_qs/meta-learning-concept-drift/.venv/lib/python3.12/site-packages/scipy/optimize/_trlib/_trlib.cpython-312-x86_64-linux-gnu.so
7658117f3000-7658117f4000 rw-p 0002f000 fc:00 35397546                   /home/henriqueramos_qs/meta-learning-concept-drift/.venv/lib/python3.12/site-packages/scipy/optimize/_trlib/_trlib.cpython-312-x86_64-linux-gnu.so
7658117f4000-7658117f5000 rw-p 00000000 00:00 0 
7658117f5000-7658117f8000 rw-p 00036000 fc:00 35397546                   /home/henriqueramos_qs/meta-learning-concept-drift/.venv/lib/python3.12/site-packages/scipy/optimize/_trlib/_trlib.cpython-312-x86_64-linux-gnu.so
7658117f8000-7658118f8000 rw-p 00000000 00:00 0 
7658118f8000-765811901000 r--p 00000000 fc:00 35397906                   /home/henriqueramos_qs/meta-learning-concept-drift/.venv/lib/python3.12/site-packages/scipy/spatial/transform/_rotation.cpython-312-x86_64-linux-gnu.so
765811901000-765811981000 r-xp 00009000 fc:00 35397906                   /home/henriqueramos_qs/meta-learning-concept-drift/.venv/lib/python3.12/site-packages/scipy/spatial/transform/_rotation.cpython-312-x86_64-linux-gnu.so
765811981000-7658119b0000 r--p 00089000 fc:00 35397906                   /home/henriqueramos_qs/meta-learning-concept-drift/.venv/lib/python3.12/site-packages/scipy/spatial/transform/_rotation.cpython-312-x86_64-linux-gnu.so
7658119b0000-7658119b3000 r--p 000b7000 fc:00 35397906                   /home/henriqueramos_qs/meta-learning-concept-drift/.venv/lib/python3.12/site-packages/scipy/spatial/transform/_rotation.cpython-312-x86_64-linux-gnu.so
7658119b3000-7658119b6000 rw-p 000ba000 fc:00 35397906                   /home/henriqueramos_qs/meta-learning-concept-drift/.venv/lib/python3.12/site-packages/scipy/spatial/transform/_rotation.cpython-312-x86_64-linux-gnu.so
7658119b6000-7658119b7000 rw-p 00000000 00:00 0 
7658119b7000-7658119be000 r--p 00000000 fc:00 35397905                   /home/henriqueramos_qs/meta-learning-concept-drift/.venv/lib/python3.12/site-packages/scipy/spatial/transform/_rigid_transform.cpython-312-x86_64-linux-gnu.so
7658119be000-7658119ef000 r-xp 00007000 fc:00 35397905                   /home/henriqueramos_qs/meta-learning-concept-drift/.venv/lib/python3.12/site-packages/scipy/spatial/transform/_rigid_transform.cpython-312-x86_64-linux-gnu.so
7658119ef000-765811a0d000 r--p 00038000 fc:00 35397905                   /home/henriqueramos_qs/meta-learning-concept-drift/.venv/lib/python3.12/site-packages/scipy/spatial/transform/_rigid_transform.cpython-312-x86_64-linux-gnu.so
765811a0d000-765811a0f000 r--p 00055000 fc:00 35397905                   /home/henriqueramos_qs/meta-learning-concept-drift/.venv/lib/python3.12/site-packages/scipy/spatial/transform/_rigid_transform.cpython-312-x86_64-linux-gnu.so
765811a0f000-765811a11000 rw-p 00057000 fc:00 35397905                   /home/henriqueramos_qs/meta-learning-concept-drift/.venv/lib/python3.12/site-packages/scipy/spatial/transform/_rigid_transform.cpython-312-x86_64-linux-gnu.so
765811a11000-765811a12000 rw-p 00000000 00:00 0 
765811a12000-765811a18000 r--p 00000000 fc:00 35397844                   /home/henriqueramos_qs/meta-learning-concept-drift/.venv/lib/python3.12/site-packages/scipy/spatial/_distance_pybind.cpython-312-x86_64-linux-gnu.so
765811a18000-765811a81000 r-xp 00006000 fc:00 35397844                   /home/henriqueramos_qs/meta-learning-concept-drift/.venv/lib/python3.12/site-packages/scipy/spatial/_distance_pybind.cpython-312-x86_64-linux-gnu.so
765811a81000-765811a91000 r--p 0006f000 fc:00 35397844                   /home/henriqueramos_qs/meta-learning-concept-drift/.venv/lib/python3.12/site-packages/scipy/spatial/_distance_pybind.cpython-312-x86_64-linux-gnu.so
765811a91000-765811a92000 r--p 0007e000 fc:00 35397844                   /home/henriqueramos_qs/meta-learning-concept-drift/.venv/lib/python3.12/site-packages/scipy/spatial/_distance_pybind.cpython-312-x86_64-linux-gnu.so
765811a92000-765811a93000 rw-p 0007f000 fc:00 35397844                   /home/henriqueramos_qs/meta-learning-concept-drift/.venv/lib/python3.12/site-packages/scipy/spatial/_distance_pybind.cpython-312-x86_64-linux-gnu.so
765811a93000-765811a9b000 r--p 00000000 fc:00 35397851                   /home/henriqueramos_qs/meta-learning-concept-drift/.venv/lib/python3.12/site-packages/scipy/spatial/_qhull.cpython-312-x86_64-linux-gnu.so
765811a9b000-765811b36000 r-xp 00008000 fc:00 35397851                   /home/henriqueramos_qs/meta-learning-concept-drift/.venv/lib/python3.12/site-packages/scipy/spatial/_qhull.cpython-312-x86_64-linux-gnu.so
765811b36000-765811b6c000 r--p 000a3000 fc:00 35397851                   /home/henriqueramos_qs/meta-learning-concept-drift/.venv/lib/python3.12/site-packages/scipy/spatial/_qhull.cpython-312-x86_64-linux-gnu.so
765811b6c000-765811b6d000 ---p 000d9000 fc:00 35397851                   /home/henriqueramos_qs/meta-learning-concept-drift/.venv/lib/python3.12/site-packages/scipy/spatial/_qhull.cpython-312-x86_64-linux-gnu.so
765811b6d000-765811b6f000 r--p 000d9000 fc:00 35397851                   /home/henriqueramos_qs/meta-learning-concept-drift/.venv/lib/python3.12/site-packages/scipy/spatial/_qhull.cpython-312-x86_64-linux-gnu.so
765811b6f000-765811b71000 rw-p 000db000 fc:00 35397851                   /home/henriqueramos_qs/meta-learning-concept-drift/.venv/lib/python3.12/site-packages/scipy/spatial/_qhull.cpython-312-x86_64-linux-gnu.so
765811b71000-765811b72000 rw-p 00000000 00:00 0 
765811b72000-765811b7b000 r--p 00000000 fc:00 35397843                   /home/henriqueramos_qs/meta-learning-concept-drift/.venv/lib/python3.12/site-packages/scipy/spatial/_ckdtree.cpython-312-x86_64-linux-gnu.so
765811b7b000-765811c06000 r-xp 00009000 fc:00 35397843                   /home/henriqueramos_qs/meta-learning-concept-drift/.venv/lib/python3.12/site-packages/scipy/spatial/_ckdtree.cpython-312-x86_64-linux-gnu.so
765811c06000-765811c23000 r--p 00094000 fc:00 35397843                   /home/henriqueramos_qs/meta-learning-concept-drift/.venv/lib/python3.12/site-packages/scipy/spatial/_ckdtree.cpython-312-x86_64-linux-gnu.so
765811c23000-765811c24000 ---p 000b1000 fc:00 35397843                   /home/henriqueramos_qs/meta-learning-concept-drift/.venv/lib/python3.12/site-packages/scipy/spatial/_ckdtree.cpython-312-x86_64-linux-gnu.so
765811c24000-765811c26000 r--p 000b1000 fc:00 35397843                   /home/henriqueramos_qs/meta-learning-concept-drift/.venv/lib/python3.12/site-packages/scipy/spatial/_ckdtree.cpython-312-x86_64-linux-gnu.so
765811c26000-765811c29000 rw-p 000b3000 fc:00 35397843                   /home/henriqueramos_qs/meta-learning-concept-drift/.venv/lib/python3.12/site-packages/scipy/spatial/_ckdtree.cpython-312-x86_64-linux-gnu.so
765811c29000-765811c2a000 rw-p 00000000 00:00 0 
765811c2a000-765811c32000 rw-p 00000000 00:00 0 
765811c32000-765811c36000 r--p 00000000 fc:00 35397077                   /home/henriqueramos_qs/meta-learning-concept-drift/.venv/lib/python3.12/site-packages/scipy/io/matlab/_streams.cpython-312-x86_64-linux-gnu.so
765811c36000-765811c48000 r-xp 00004000 fc:00 35397077                   /home/henriqueramos_qs/meta-learning-concept-drift/.venv/lib/python3.12/site-packages/scipy/io/matlab/_streams.cpython-312-x86_64-linux-gnu.so
765811c48000-765811c4d000 r--p 00016000 fc:00 35397077                   /home/henriqueramos_qs/meta-learning-concept-drift/.venv/lib/python3.12/site-packages/scipy/io/matlab/_streams.cpython-312-x86_64-linux-gnu.so
765811c4d000-765811c4e000 r--p 0001a000 fc:00 35397077                   /home/henriqueramos_qs/meta-learning-concept-drift/.venv/lib/python3.12/site-packages/scipy/io/matlab/_streams.cpython-312-x86_64-linux-gnu.so
765811c4e000-765811c50000 rw-p 0001b000 fc:00 35397077                   /home/henriqueramos_qs/meta-learning-concept-drift/.venv/lib/python3.12/site-packages/scipy/io/matlab/_streams.cpython-312-x86_64-linux-gnu.so
765811c50000-765811c53000 r--p 00000000 fc:00 35397075                   /home/henriqueramos_qs/meta-learning-concept-drift/.venv/lib/python3.12/site-packages/scipy/io/matlab/_mio_utils.cpython-312-x86_64-linux-gnu.so
765811c53000-765811c5a000 r-xp 00003000 fc:00 35397075                   /home/henriqueramos_qs/meta-learning-concept-drift/.venv/lib/python3.12/site-packages/scipy/io/matlab/_mio_utils.cpython-312-x86_64-linux-gnu.so
765811c5a000-765811c5d000 r--p 0000a000 fc:00 35397075                   /home/henriqueramos_qs/meta-learning-concept-drift/.venv/lib/python3.12/site-packages/scipy/io/matlab/_mio_utils.cpython-312-x86_64-linux-gnu.so
765811c5d000-765811c5e000 r--p 0000c000 fc:00 35397075                   /home/henriqueramos_qs/meta-learning-concept-drift/.venv/lib/python3.12/site-packages/scipy/io/matlab/_mio_utils.cpython-312-x86_64-linux-gnu.so
765811c5e000-765811c5f000 rw-p 0000d000 fc:00 35397075                   /home/henriqueramos_qs/meta-learning-concept-drift/.venv/lib/python3.12/site-packages/scipy/io/matlab/_mio_utils.cpython-312-x86_64-linux-gnu.so
765811c5f000-765811c89000 r--p 00000000 fc:00 34996353                   /home/henriqueramos_qs/meta-learning-concept-drift/.venv/lib/python3.12/site-packages/river/stats/_rust_stats.cpython-312-x86_64-linux-gnu.so
765811c89000-765811cf6000 r-xp 00029000 fc:00 34996353                   /home/henriqueramos_qs/meta-learning-concept-drift/.venv/lib/python3.12/site-packages/river/stats/_rust_stats.cpython-312-x86_64-linux-gnu.so
765811cf6000-765811cfe000 r--p 00095000 fc:00 34996353                   /home/henriqueramos_qs/meta-learning-concept-drift/.venv/lib/python3.12/site-packages/river/stats/_rust_stats.cpython-312-x86_64-linux-gnu.so
765811cfe000-765811cff000 rw-p 0009c000 fc:00 34996353                   /home/henriqueramos_qs/meta-learning-concept-drift/.venv/lib/python3.12/site-packages/river/stats/_rust_stats.cpython-312-x86_64-linux-gnu.so
765811cff000-765811e00000 rw-p 00000000 00:00 0 
765811e00000-765811e3b000 r-xp 00000000 fc:00 35398191                   /home/henriqueramos_qs/meta-learning-concept-drift/.venv/lib/python3.12/site-packages/scipy.libs/libquadmath-96973f99.so.0.0.0
765811e3b000-76581203a000 ---p 0003b000 fc:00 35398191                   /home/henriqueramos_qs/meta-learning-concept-drift/.venv/lib/python3.12/site-packages/scipy.libs/libquadmath-96973f99.so.0.0.0
76581203a000-76581203b000 r--p 0003a000 fc:00 35398191                   /home/henriqueramos_qs/meta-learning-concept-drift/.venv/lib/python3.12/site-packages/scipy.libs/libquadmath-96973f99.so.0.0.0
76581203b000-76581203d000 rw-p 0003b000 fc:00 35398191                   /home/henriqueramos_qs/meta-learning-concept-drift/.venv/lib/python3.12/site-packages/scipy.libs/libquadmath-96973f99.so.0.0.0
76581203d000-76581203e000 r--p 00000000 fc:00 35397420                   /home/henriqueramos_qs/meta-learning-concept-drift/.venv/lib/python3.12/site-packages/scipy/ndimage/_rank_filter_1d.cpython-312-x86_64-linux-gnu.so
76581203e000-765812041000 r-xp 00001000 fc:00 35397420                   /home/henriqueramos_qs/meta-learning-concept-drift/.venv/lib/python3.12/site-packages/scipy/ndimage/_rank_filter_1d.cpython-312-x86_64-linux-gnu.so
765812041000-765812042000 r--p 00004000 fc:00 35397420                   /home/henriqueramos_qs/meta-learning-concept-drift/.venv/lib/python3.12/site-packages/scipy/ndimage/_rank_filter_1d.cpython-312-x86_64-linux-gnu.so
765812042000-765812043000 r--p 00004000 fc:00 35397420                   /home/henriqueramos_qs/meta-learning-concept-drift/.venv/lib/python3.12/site-packages/scipy/ndimage/_rank_filter_1d.cpython-312-x86_64-linux-gnu.so
765812043000-765812044000 rw-p 00005000 fc:00 35397420                   /home/henriqueramos_qs/meta-learning-concept-drift/.venv/lib/python3.12/site-packages/scipy/ndimage/_rank_filter_1d.cpython-312-x86_64-linux-gnu.so
765812044000-765812046000 r--p 00000000 fc:00 35397487                   /home/henriqueramos_qs/meta-learning-concept-drift/.venv/lib/python3.12/site-packages/scipy/optimize/_minpack.cpython-312-x86_64-linux-gnu.so
765812046000-765812058000 r-xp 00002000 fc:00 35397487                   /home/henriqueramos_qs/meta-learning-concept-drift/.venv/lib/python3.12/site-packages/scipy/optimize/_minpack.cpython-312-x86_64-linux-gnu.so
765812058000-76581205a000 r--p 00014000 fc:00 35397487                   /home/henriqueramos_qs/meta-learning-concept-drift/.venv/lib/python3.12/site-packages/scipy/optimize/_minpack.cpython-312-x86_64-linux-gnu.so
76581205a000-76581205b000 r--p 00015000 fc:00 35397487                   /home/henriqueramos_qs/meta-learning-concept-drift/.venv/lib/python3.12/site-packages/scipy/optimize/_minpack.cpython-312-x86_64-linux-gnu.so
76581205b000-76581205c000 rw-p 00016000 fc:00 35397487                   /home/henriqueramos_qs/meta-learning-concept-drift/.venv/lib/python3.12/site-packages/scipy/optimize/_minpack.cpython-312-x86_64-linux-gnu.so
76581205c000-765812079000 r--p 00000000 fc:00 35397808                   /home/henriqueramos_qs/meta-learning-concept-drift/.venv/lib/python3.12/site-packages/scipy/sparse/linalg/_propack/_zpropack.cpython-312-x86_64-linux-gnu.so
765812079000-765812098000 r-xp 0001d000 fc:00 35397808                   /home/henriqueramos_qs/meta-learning-concept-drift/.venv/lib/python3.12/site-packages/scipy/sparse/linalg/_propack/_zpropack.cpython-312-x86_64-linux-gnu.so
765812098000-7658120a8000 r--p 0003c000 fc:00 35397808                   /home/henriqueramos_qs/meta-learning-concept-drift/.venv/lib/python3.12/site-packages/scipy/sparse/linalg/_propack/_zpropack.cpython-312-x86_64-linux-gnu.so
7658120a8000-7658120a9000 ---p 0004c000 fc:00 35397808                   /home/henriqueramos_qs/meta-learning-concept-drift/.venv/lib/python3.12/site-packages/scipy/sparse/linalg/_propack/_zpropack.cpython-312-x86_64-linux-gnu.so
7658120a9000-7658120aa000 r--p 0004c000 fc:00 35397808                   /home/henriqueramos_qs/meta-learning-concept-drift/.venv/lib/python3.12/site-packages/scipy/sparse/linalg/_propack/_zpropack.cpython-312-x86_64-linux-gnu.so
7658120aa000-7658120b2000 rw-p 0004d000 fc:00 35397808                   /home/henriqueramos_qs/meta-learning-concept-drift/.venv/lib/python3.12/site-packages/scipy/sparse/linalg/_propack/_zpropack.cpython-312-x86_64-linux-gnu.so
7658120b2000-7658120e8000 rw-p 00000000 00:00 0 
7658120e8000-765812100000 rw-p 00071000 fc:00 35397808                   /home/henriqueramos_qs/meta-learning-concept-drift/.venv/lib/python3.12/site-packages/scipy/sparse/linalg/_propack/_zpropack.cpython-312-x86_64-linux-gnu.so
765812100000-765812200000 rw-p 00000000 00:00 0 
765812200000-765812476000 r-xp 00000000 fc:00 35398189                   /home/henriqueramos_qs/meta-learning-concept-drift/.venv/lib/python3.12/site-packages/scipy.libs/libgfortran-040039e1.so.5.0.0
765812476000-765812675000 ---p 00276000 fc:00 35398189                   /home/henriqueramos_qs/meta-learning-concept-drift/.venv/lib/python3.12/site-packages/scipy.libs/libgfortran-040039e1.so.5.0.0
765812675000-765812676000 r--p 00275000 fc:00 35398189                   /home/henriqueramos_qs/meta-learning-concept-drift/.venv/lib/python3.12/site-packages/scipy.libs/libgfortran-040039e1.so.5.0.0
765812676000-765812678000 rw-p 00276000 fc:00 35398189                   /home/henriqueramos_qs/meta-learning-concept-drift/.venv/lib/python3.12/site-packages/scipy.libs/libgfortran-040039e1.so.5.0.0
765812678000-76581268d000 rw-p 0027b000 fc:00 35398189                   /home/henriqueramos_qs/meta-learning-concept-drift/.venv/lib/python3.12/site-packages/scipy.libs/libgfortran-040039e1.so.5.0.0
76581268d000-765812691000 rw-p 00000000 00:00 0 
765812691000-765812694000 r--p 00000000 fc:00 35397471                   /home/henriqueramos_qs/meta-learning-concept-drift/.venv/lib/python3.12/site-packages/scipy/optimize/_group_columns.cpython-312-x86_64-linux-gnu.so
765812694000-7658126a1000 r-xp 00003000 fc:00 35397471                   /home/henriqueramos_qs/meta-learning-concept-drift/.venv/lib/python3.12/site-packages/scipy/optimize/_group_columns.cpython-312-x86_64-linux-gnu.so
7658126a1000-7658126a4000 r--p 00010000 fc:00 35397471                   /home/henriqueramos_qs/meta-learning-concept-drift/.venv/lib/python3.12/site-packages/scipy/optimize/_group_columns.cpython-312-x86_64-linux-gnu.so
7658126a4000-7658126a5000 r--p 00012000 fc:00 35397471                   /home/henriqueramos_qs/meta-learning-concept-drift/.venv/lib/python3.12/site-packages/scipy/optimize/_group_columns.cpython-312-x86_64-linux-gnu.so
7658126a5000-7658126a6000 rw-p 00013000 fc:00 35397471                   /home/henriqueramos_qs/meta-learning-concept-drift/.venv/lib/python3.12/site-packages/scipy/optimize/_group_columns.cpython-312-x86_64-linux-gnu.so
7658126a6000-7658126a8000 r--p 00000000 fc:00 35397845                   /home/henriqueramos_qs/meta-learning-concept-drift/.venv/lib/python3.12/site-packages/scipy/spatial/_distance_wrap.cpython-312-x86_64-linux-gnu.so
7658126a8000-7658126bc000 r-xp 00002000 fc:00 35397845                   /home/henriqueramos_qs/meta-learning-concept-drift/.venv/lib/python3.12/site-packages/scipy/spatial/_distance_wrap.cpython-312-x86_64-linux-gnu.so
7658126bc000-7658126be000 r--p 00016000 fc:00 35397845                   /home/henriqueramos_qs/meta-learning-concept-drift/.venv/lib/python3.12/site-packages/scipy/spatial/_distance_wrap.cpython-312-x86_64-linux-gnu.so
7658126be000-7658126bf000 ---p 00018000 fc:00 35397845                   /home/henriqueramos_qs/meta-learning-concept-drift/.venv/lib/python3.12/site-packages/scipy/spatial/_distance_wrap.cpython-312-x86_64-linux-gnu.so
7658126bf000-7658126c0000 r--p 00018000 fc:00 35397845                   /home/henriqueramos_qs/meta-learning-concept-drift/.venv/lib/python3.12/site-packages/scipy/spatial/_distance_wrap.cpython-312-x86_64-linux-gnu.so
7658126c0000-7658126c1000 rw-p 00019000 fc:00 35397845                   /home/henriqueramos_qs/meta-learning-concept-drift/.venv/lib/python3.12/site-packages/scipy/spatial/_distance_wrap.cpython-312-x86_64-linux-gnu.so
7658126c1000-7658126c5000 r--p 00000000 fc:00 35397847                   /home/henriqueramos_qs/meta-learning-concept-drift/.venv/lib/python3.12/site-packages/scipy/spatial/_hausdorff.cpython-312-x86_64-linux-gnu.so
7658126c5000-7658126d0000 r-xp 00004000 fc:00 35397847                   /home/henriqueramos_qs/meta-learning-concept-drift/.venv/lib/python3.12/site-packages/scipy/spatial/_hausdorff.cpython-312-x86_64-linux-gnu.so
7658126d0000-7658126d4000 r--p 0000f000 fc:00 35397847                   /home/henriqueramos_qs/meta-learning-concept-drift/.venv/lib/python3.12/site-packages/scipy/spatial/_hausdorff.cpython-312-x86_64-linux-gnu.so
7658126d4000-7658126d5000 ---p 00013000 fc:00 35397847                   /home/henriqueramos_qs/meta-learning-concept-drift/.venv/lib/python3.12/site-packages/scipy/spatial/_hausdorff.cpython-312-x86_64-linux-gnu.so
7658126d5000-7658126d6000 r--p 00013000 fc:00 35397847                   /home/henriqueramos_qs/meta-learning-concept-drift/.venv/lib/python3.12/site-packages/scipy/spatial/_hausdorff.cpython-312-x86_64-linux-gnu.so
7658126d6000-7658126d7000 rw-p 00014000 fc:00 35397847                   /home/henriqueramos_qs/meta-learning-concept-drift/.venv/lib/python3.12/site-packages/scipy/spatial/_hausdorff.cpython-312-x86_64-linux-gnu.so
7658126d7000-7658126db000 r--p 00000000 fc:00 35397854                   /home/henriqueramos_qs/meta-learning-concept-drift/.venv/lib/python3.12/site-packages/scipy/spatial/_voronoi.cpython-312-x86_64-linux-gnu.so
7658126db000-7658126e4000 r-xp 00004000 fc:00 35397854                   /home/henriqueramos_qs/meta-learning-concept-drift/.venv/lib/python3.12/site-packages/scipy/spatial/_voronoi.cpython-312-x86_64-linux-gnu.so
7658126e4000-7658126e8000 r--p 0000d000 fc:00 35397854                   /home/henriqueramos_qs/meta-learning-concept-drift/.venv/lib/python3.12/site-packages/scipy/spatial/_voronoi.cpython-312-x86_64-linux-gnu.so
7658126e8000-7658126e9000 ---p 00011000 fc:00 35397854                   /home/henriqueramos_qs/meta-learning-concept-drift/.venv/lib/python3.12/site-packages/scipy/spatial/_voronoi.cpython-312-x86_64-linux-gnu.so
7658126e9000-7658126ea000 r--p 00011000 fc:00 35397854                   /home/henriqueramos_qs/meta-learning-concept-drift/.venv/lib/python3.12/site-packages/scipy/spatial/_voronoi.cpython-312-x86_64-linux-gnu.so
7658126ea000-7658126eb000 rw-p 00012000 fc:00 35397854                   /home/henriqueramos_qs/meta-learning-concept-drift/.venv/lib/python3.12/site-packages/scipy/spatial/_voronoi.cpython-312-x86_64-linux-gnu.so
7658126eb000-765812708000 r--p 00000000 fc:00 35397805                   /home/henriqueramos_qs/meta-learning-concept-drift/.venv/lib/python3.12/site-packages/scipy/sparse/linalg/_propack/_cpropack.cpython-312-x86_64-linux-gnu.so
765812708000-76581272a000 r-xp 0001d000 fc:00 35397805                   /home/henriqueramos_qs/meta-learning-concept-drift/.venv/lib/python3.12/site-packages/scipy/sparse/linalg/_propack/_cpropack.cpython-312-x86_64-linux-gnu.so
76581272a000-76581273a000 r--p 0003f000 fc:00 35397805                   /home/henriqueramos_qs/meta-learning-concept-drift/.venv/lib/python3.12/site-packages/scipy/sparse/linalg/_propack/_cpropack.cpython-312-x86_64-linux-gnu.so
76581273a000-76581273b000 ---p 0004f000 fc:00 35397805                   /home/henriqueramos_qs/meta-learning-concept-drift/.venv/lib/python3.12/site-packages/scipy/sparse/linalg/_propack/_cpropack.cpython-312-x86_64-linux-gnu.so
76581273b000-76581273c000 r--p 0004f000 fc:00 35397805                   /home/henriqueramos_qs/meta-learning-concept-drift/.venv/lib/python3.12/site-packages/scipy/sparse/linalg/_propack/_cpropack.cpython-312-x86_64-linux-gnu.so
76581273c000-765812744000 rw-p 00050000 fc:00 35397805                   /home/henriqueramos_qs/meta-learning-concept-drift/.venv/lib/python3.12/site-packages/scipy/sparse/linalg/_propack/_cpropack.cpython-312-x86_64-linux-gnu.so
765812744000-76581275f000 rw-p 00000000 00:00 0 
76581275f000-765812777000 rw-p 00074000 fc:00 35397805                   /home/henriqueramos_qs/meta-learning-concept-drift/.venv/lib/python3.12/site-packages/scipy/sparse/linalg/_propack/_cpropack.cpython-312-x86_64-linux-gnu.so
765812777000-765812795000 r--p 00000000 fc:00 35397771                   /home/henriqueramos_qs/meta-learning-concept-drift/.venv/lib/python3.12/site-packages/scipy/sparse/linalg/_eigen/arpack/_arpack.cpython-312-x86_64-linux-gnu.so
765812795000-7658127ed000 r-xp 0001e000 fc:00 35397771                   /home/henriqueramos_qs/meta-learning-concept-drift/.venv/lib/python3.12/site-packages/scipy/sparse/linalg/_eigen/arpack/_arpack.cpython-312-x86_64-linux-gnu.so
7658127ed000-765812808000 r--p 00076000 fc:00 35397771                   /home/henriqueramos_qs/meta-learning-concept-drift/.venv/lib/python3.12/site-packages/scipy/sparse/linalg/_eigen/arpack/_arpack.cpython-312-x86_64-linux-gnu.so
765812808000-765812809000 ---p 00091000 fc:00 35397771                   /home/henriqueramos_qs/meta-learning-concept-drift/.venv/lib/python3.12/site-packages/scipy/sparse/linalg/_eigen/arpack/_arpack.cpython-312-x86_64-linux-gnu.so
765812809000-76581280a000 r--p 00091000 fc:00 35397771                   /home/henriqueramos_qs/meta-learning-concept-drift/.venv/lib/python3.12/site-packages/scipy/sparse/linalg/_eigen/arpack/_arpack.cpython-312-x86_64-linux-gnu.so
76581280a000-765812818000 rw-p 00092000 fc:00 35397771                   /home/henriqueramos_qs/meta-learning-concept-drift/.venv/lib/python3.12/site-packages/scipy/sparse/linalg/_eigen/arpack/_arpack.cpython-312-x86_64-linux-gnu.so
765812818000-765812819000 rw-p 00000000 00:00 0 
765812819000-765812831000 rw-p 000c0000 fc:00 35397771                   /home/henriqueramos_qs/meta-learning-concept-drift/.venv/lib/python3.12/site-packages/scipy/sparse/linalg/_eigen/arpack/_arpack.cpython-312-x86_64-linux-gnu.so
765812831000-76581284d000 r--p 00000000 fc:00 35397759                   /home/henriqueramos_qs/meta-learning-concept-drift/.venv/lib/python3.12/site-packages/scipy/sparse/linalg/_dsolve/_superlu.cpython-312-x86_64-linux-gnu.so
76581284d000-7658128a6000 r-xp 0001c000 fc:00 35397759                   /home/henriqueramos_qs/meta-learning-concept-drift/.venv/lib/python3.12/site-packages/scipy/sparse/linalg/_dsolve/_superlu.cpython-312-x86_64-linux-gnu.so
7658128a6000-7658128bc000 r--p 00075000 fc:00 35397759                   /home/henriqueramos_qs/meta-learning-concept-drift/.venv/lib/python3.12/site-packages/scipy/sparse/linalg/_dsolve/_superlu.cpython-312-x86_64-linux-gnu.so
7658128bc000-7658128bd000 r--p 0008a000 fc:00 35397759                   /home/henriqueramos_qs/meta-learning-concept-drift/.venv/lib/python3.12/site-packages/scipy/sparse/linalg/_dsolve/_superlu.cpython-312-x86_64-linux-gnu.so
7658128bd000-7658128c2000 rw-p 0008b000 fc:00 35397759                   /home/henriqueramos_qs/meta-learning-concept-drift/.venv/lib/python3.12/site-packages/scipy/sparse/linalg/_dsolve/_superlu.cpython-312-x86_64-linux-gnu.so
7658128c2000-7658128da000 rw-p 000af000 fc:00 35397759                   /home/henriqueramos_qs/meta-learning-concept-drift/.venv/lib/python3.12/site-packages/scipy/sparse/linalg/_dsolve/_superlu.cpython-312-x86_64-linux-gnu.so
7658128da000-7658128e0000 r--p 00000000 fc:00 35397348                   /home/henriqueramos_qs/meta-learning-concept-drift/.venv/lib/python3.12/site-packages/scipy/linalg/cython_blas.cpython-312-x86_64-linux-gnu.so
7658128e0000-7658128f1000 r-xp 00006000 fc:00 35397348                   /home/henriqueramos_qs/meta-learning-concept-drift/.venv/lib/python3.12/site-packages/scipy/linalg/cython_blas.cpython-312-x86_64-linux-gnu.so
7658128f1000-7658128fc000 r--p 00017000 fc:00 35397348                   /home/henriqueramos_qs/meta-learning-concept-drift/.venv/lib/python3.12/site-packages/scipy/linalg/cython_blas.cpython-312-x86_64-linux-gnu.so
7658128fc000-7658128fd000 ---p 00022000 fc:00 35397348                   /home/henriqueramos_qs/meta-learning-concept-drift/.venv/lib/python3.12/site-packages/scipy/linalg/cython_blas.cpython-312-x86_64-linux-gnu.so
7658128fd000-7658128fe000 r--p 00022000 fc:00 35397348                   /home/henriqueramos_qs/meta-learning-concept-drift/.venv/lib/python3.12/site-packages/scipy/linalg/cython_blas.cpython-312-x86_64-linux-gnu.so
7658128fe000-765812900000 rw-p 00023000 fc:00 35397348                   /home/henriqueramos_qs/meta-learning-concept-drift/.venv/lib/python3.12/site-packages/scipy/linalg/cython_blas.cpython-312-x86_64-linux-gnu.so
765812900000-765812905000 rw-p 0002e000 fc:00 35397348                   /home/henriqueramos_qs/meta-learning-concept-drift/.venv/lib/python3.12/site-packages/scipy/linalg/cython_blas.cpython-312-x86_64-linux-gnu.so
765812905000-76581290a000 r--p 00000000 fc:00 35397326                   /home/henriqueramos_qs/meta-learning-concept-drift/.venv/lib/python3.12/site-packages/scipy/linalg/_decomp_update.cpython-312-x86_64-linux-gnu.so
76581290a000-765812942000 r-xp 00005000 fc:00 35397326                   /home/henriqueramos_qs/meta-learning-concept-drift/.venv/lib/python3.12/site-packages/scipy/linalg/_decomp_update.cpython-312-x86_64-linux-gnu.so
765812942000-765812952000 r--p 0003d000 fc:00 35397326                   /home/henriqueramos_qs/meta-learning-concept-drift/.venv/lib/python3.12/site-packages/scipy/linalg/_decomp_update.cpython-312-x86_64-linux-gnu.so
765812952000-765812953000 ---p 0004d000 fc:00 35397326                   /home/henriqueramos_qs/meta-learning-concept-drift/.venv/lib/python3.12/site-packages/scipy/linalg/_decomp_update.cpython-312-x86_64-linux-gnu.so
765812953000-765812954000 r--p 0004d000 fc:00 35397326                   /home/henriqueramos_qs/meta-learning-concept-drift/.venv/lib/python3.12/site-packages/scipy/linalg/_decomp_update.cpython-312-x86_64-linux-gnu.so
765812954000-765812955000 rw-p 0004e000 fc:00 35397326                   /home/henriqueramos_qs/meta-learning-concept-drift/.venv/lib/python3.12/site-packages/scipy/linalg/_decomp_update.cpython-312-x86_64-linux-gnu.so
765812955000-765812a56000 rw-p 00000000 00:00 0 
765812a56000-765812a59000 r--p 00000000 fc:00 35397331                   /home/henriqueramos_qs/meta-learning-concept-drift/.venv/lib/python3.12/site-packages/scipy/linalg/_linalg_pythran.cpython-312-x86_64-linux-gnu.so
765812a59000-765812a6d000 r-xp 00003000 fc:00 35397331                   /home/henriqueramos_qs/meta-learning-concept-drift/.venv/lib/python3.12/site-packages/scipy/linalg/_linalg_pythran.cpython-312-x86_64-linux-gnu.so
765812a6d000-765812a71000 r--p 00017000 fc:00 35397331                   /home/henriqueramos_qs/meta-learning-concept-drift/.venv/lib/python3.12/site-packages/scipy/linalg/_linalg_pythran.cpython-312-x86_64-linux-gnu.so
765812a71000-765812a72000 r--p 0001a000 fc:00 35397331                   /home/henriqueramos_qs/meta-learning-concept-drift/.venv/lib/python3.12/site-packages/scipy/linalg/_linalg_pythran.cpython-312-x86_64-linux-gnu.so
765812a72000-765812a73000 rw-p 0001b000 fc:00 35397331                   /home/henriqueramos_qs/meta-learning-concept-drift/.venv/lib/python3.12/site-packages/scipy/linalg/_linalg_pythran.cpython-312-x86_64-linux-gnu.so
765812a73000-765812a8e000 r--p 00000000 fc:00 35397333                   /home/henriqueramos_qs/meta-learning-concept-drift/.venv/lib/python3.12/site-packages/scipy/linalg/_matfuncs_expm.cpython-312-x86_64-linux-gnu.so
765812a8e000-765812aae000 r-xp 0001b000 fc:00 35397333                   /home/henriqueramos_qs/meta-learning-concept-drift/.venv/lib/python3.12/site-packages/scipy/linalg/_matfuncs_expm.cpython-312-x86_64-linux-gnu.so
765812aae000-765812abc000 r--p 0003b000 fc:00 35397333                   /home/henriqueramos_qs/meta-learning-concept-drift/.venv/lib/python3.12/site-packages/scipy/linalg/_matfuncs_expm.cpython-312-x86_64-linux-gnu.so
765812abc000-765812abd000 r--p 00048000 fc:00 35397333                   /home/henriqueramos_qs/meta-learning-concept-drift/.venv/lib/python3.12/site-packages/scipy/linalg/_matfuncs_expm.cpython-312-x86_64-linux-gnu.so
765812abd000-765812ac1000 rw-p 00049000 fc:00 35397333                   /home/henriqueramos_qs/meta-learning-concept-drift/.venv/lib/python3.12/site-packages/scipy/linalg/_matfuncs_expm.cpython-312-x86_64-linux-gnu.so
765812ac1000-765812ad7000 rw-p 00067000 fc:00 35397333                   /home/henriqueramos_qs/meta-learning-concept-drift/.venv/lib/python3.12/site-packages/scipy/linalg/_matfuncs_expm.cpython-312-x86_64-linux-gnu.so
765812ad7000-765812af2000 r--p 00000000 fc:00 35397336                   /home/henriqueramos_qs/meta-learning-concept-drift/.venv/lib/python3.12/site-packages/scipy/linalg/_matfuncs_schur_sqrtm.cpython-312-x86_64-linux-gnu.so
765812af2000-765812b0f000 r-xp 0001b000 fc:00 35397336                   /home/henriqueramos_qs/meta-learning-concept-drift/.venv/lib/python3.12/site-packages/scipy/linalg/_matfuncs_schur_sqrtm.cpython-312-x86_64-linux-gnu.so
765812b0f000-765812b1c000 r--p 00038000 fc:00 35397336                   /home/henriqueramos_qs/meta-learning-concept-drift/.venv/lib/python3.12/site-packages/scipy/linalg/_matfuncs_schur_sqrtm.cpython-312-x86_64-linux-gnu.so
765812b1c000-765812b1d000 r--p 00044000 fc:00 35397336                   /home/henriqueramos_qs/meta-learning-concept-drift/.venv/lib/python3.12/site-packages/scipy/linalg/_matfuncs_schur_sqrtm.cpython-312-x86_64-linux-gnu.so
765812b1d000-765812b21000 rw-p 00045000 fc:00 35397336                   /home/henriqueramos_qs/meta-learning-concept-drift/.venv/lib/python3.12/site-packages/scipy/linalg/_matfuncs_schur_sqrtm.cpython-312-x86_64-linux-gnu.so
765812b21000-765812b37000 rw-p 00063000 fc:00 35397336                   /home/henriqueramos_qs/meta-learning-concept-drift/.venv/lib/python3.12/site-packages/scipy/linalg/_matfuncs_schur_sqrtm.cpython-312-x86_64-linux-gnu.so
765812b37000-765812b3b000 r--p 00000000 fc:00 35397319                   /home/henriqueramos_qs/meta-learning-concept-drift/.venv/lib/python3.12/site-packages/scipy/linalg/_decomp_lu_cython.cpython-312-x86_64-linux-gnu.so
765812b3b000-765812b4c000 r-xp 00004000 fc:00 35397319                   /home/henriqueramos_qs/meta-learning-concept-drift/.venv/lib/python3.12/site-packages/scipy/linalg/_decomp_lu_cython.cpython-312-x86_64-linux-gnu.so
765812b4c000-765812b50000 r--p 00015000 fc:00 35397319                   /home/henriqueramos_qs/meta-learning-concept-drift/.venv/lib/python3.12/site-packages/scipy/linalg/_decomp_lu_cython.cpython-312-x86_64-linux-gnu.so
765812b50000-765812b51000 ---p 00019000 fc:00 35397319                   /home/henriqueramos_qs/meta-learning-concept-drift/.venv/lib/python3.12/site-packages/scipy/linalg/_decomp_lu_cython.cpython-312-x86_64-linux-gnu.so
765812b51000-765812b52000 r--p 00019000 fc:00 35397319                   /home/henriqueramos_qs/meta-learning-concept-drift/.venv/lib/python3.12/site-packages/scipy/linalg/_decomp_lu_cython.cpython-312-x86_64-linux-gnu.so
765812b52000-765812b53000 rw-p 0001a000 fc:00 35397319                   /home/henriqueramos_qs/meta-learning-concept-drift/.venv/lib/python3.12/site-packages/scipy/linalg/_decomp_lu_cython.cpython-312-x86_64-linux-gnu.so
765812b53000-765812b6e000 r--p 00000000 fc:00 35397351                   /home/henriqueramos_qs/meta-learning-concept-drift/.venv/lib/python3.12/site-packages/scipy/linalg/cython_lapack.cpython-312-x86_64-linux-gnu.so
765812b6e000-765812b8c000 r-xp 0001b000 fc:00 35397351                   /home/henriqueramos_qs/meta-learning-concept-drift/.venv/lib/python3.12/site-packages/scipy/linalg/cython_lapack.cpython-312-x86_64-linux-gnu.so
765812b8c000-765812be5000 r--p 00039000 fc:00 35397351                   /home/henriqueramos_qs/meta-learning-concept-drift/.venv/lib/python3.12/site-packages/scipy/linalg/cython_lapack.cpython-312-x86_64-linux-gnu.so
765812be5000-765812be6000 r--p 00091000 fc:00 35397351                   /home/henriqueramos_qs/meta-learning-concept-drift/.venv/lib/python3.12/site-packages/scipy/linalg/cython_lapack.cpython-312-x86_64-linux-gnu.so
765812be6000-765812bea000 rw-p 00092000 fc:00 35397351                   /home/henriqueramos_qs/meta-learning-concept-drift/.venv/lib/python3.12/site-packages/scipy/linalg/cython_lapack.cpython-312-x86_64-linux-gnu.so
765812bea000-765812c00000 rw-p 000c1000 fc:00 35397351                   /home/henriqueramos_qs/meta-learning-concept-drift/.venv/lib/python3.12/site-packages/scipy/linalg/cython_lapack.cpython-312-x86_64-linux-gnu.so
765812c00000-765812c3e000 r--p 00000000 fc:00 35397329                   /home/henriqueramos_qs/meta-learning-concept-drift/.venv/lib/python3.12/site-packages/scipy/linalg/_flapack.cpython-312-x86_64-linux-gnu.so
765812c3e000-765812d3b000 r-xp 0003e000 fc:00 35397329                   /home/henriqueramos_qs/meta-learning-concept-drift/.venv/lib/python3.12/site-packages/scipy/linalg/_flapack.cpython-312-x86_64-linux-gnu.so
765812d3b000-765812da0000 r--p 0013b000 fc:00 35397329                   /home/henriqueramos_qs/meta-learning-concept-drift/.venv/lib/python3.12/site-packages/scipy/linalg/_flapack.cpython-312-x86_64-linux-gnu.so
765812da0000-765812da1000 r--p 0019f000 fc:00 35397329                   /home/henriqueramos_qs/meta-learning-concept-drift/.venv/lib/python3.12/site-packages/scipy/linalg/_flapack.cpython-312-x86_64-linux-gnu.so
765812da1000-765812e34000 rw-p 001a0000 fc:00 35397329                   /home/henriqueramos_qs/meta-learning-concept-drift/.venv/lib/python3.12/site-packages/scipy/linalg/_flapack.cpython-312-x86_64-linux-gnu.so
765812e34000-765812e4c000 rw-p 00260000 fc:00 35397329                   /home/henriqueramos_qs/meta-learning-concept-drift/.venv/lib/python3.12/site-packages/scipy/linalg/_flapack.cpython-312-x86_64-linux-gnu.so
765812e4c000-765812e4f000 r--p 00000000 fc:00 35397535                   /home/henriqueramos_qs/meta-learning-concept-drift/.venv/lib/python3.12/site-packages/scipy/optimize/_lsq/givens_elimination.cpython-312-x86_64-linux-gnu.so
765812e4f000-765812e57000 r-xp 00003000 fc:00 35397535                   /home/henriqueramos_qs/meta-learning-concept-drift/.venv/lib/python3.12/site-packages/scipy/optimize/_lsq/givens_elimination.cpython-312-x86_64-linux-gnu.so
765812e57000-765812e5b000 r--p 0000b000 fc:00 35397535                   /home/henriqueramos_qs/meta-learning-concept-drift/.venv/lib/python3.12/site-packages/scipy/optimize/_lsq/givens_elimination.cpython-312-x86_64-linux-gnu.so
765812e5b000-765812e5c000 r--p 0000e000 fc:00 35397535                   /home/henriqueramos_qs/meta-learning-concept-drift/.venv/lib/python3.12/site-packages/scipy/optimize/_lsq/givens_elimination.cpython-312-x86_64-linux-gnu.so
765812e5c000-765812e5d000 rw-p 0000f000 fc:00 35397535                   /home/henriqueramos_qs/meta-learning-concept-drift/.venv/lib/python3.12/site-packages/scipy/optimize/_lsq/givens_elimination.cpython-312-x86_64-linux-gnu.so
765812e5d000-765812e61000 r--p 00000000 fc:00 35397342                   /home/henriqueramos_qs/meta-learning-concept-drift/.venv/lib/python3.12/site-packages/scipy/linalg/_solve_toeplitz.cpython-312-x86_64-linux-gnu.so
765812e61000-765812e75000 r-xp 00004000 fc:00 35397342                   /home/henriqueramos_qs/meta-learning-concept-drift/.venv/lib/python3.12/site-packages/scipy/linalg/_solve_toeplitz.cpython-312-x86_64-linux-gnu.so
765812e75000-765812e7b000 r--p 00018000 fc:00 35397342                   /home/henriqueramos_qs/meta-learning-concept-drift/.venv/lib/python3.12/site-packages/scipy/linalg/_solve_toeplitz.cpython-312-x86_64-linux-gnu.so
765812e7b000-765812e7c000 r--p 0001d000 fc:00 35397342                   /home/henriqueramos_qs/meta-learning-concept-drift/.venv/lib/python3.12/site-packages/scipy/linalg/_solve_toeplitz.cpython-312-x86_64-linux-gnu.so
765812e7c000-765812e7d000 rw-p 0001e000 fc:00 35397342                   /home/henriqueramos_qs/meta-learning-concept-drift/.venv/lib/python3.12/site-packages/scipy/linalg/_solve_toeplitz.cpython-312-x86_64-linux-gnu.so
765812e7d000-765812e7e000 rw-p 00000000 00:00 0 
765812e7e000-765812ea5000 r--p 00000000 fc:00 35397328                   /home/henriqueramos_qs/meta-learning-concept-drift/.venv/lib/python3.12/site-packages/scipy/linalg/_fblas.cpython-312-x86_64-linux-gnu.so
765812ea5000-765812ef3000 r-xp 00027000 fc:00 35397328                   /home/henriqueramos_qs/meta-learning-concept-drift/.venv/lib/python3.12/site-packages/scipy/linalg/_fblas.cpython-312-x86_64-linux-gnu.so
765812ef3000-765812f1c000 r--p 00075000 fc:00 35397328                   /home/henriqueramos_qs/meta-learning-concept-drift/.venv/lib/python3.12/site-packages/scipy/linalg/_fblas.cpython-312-x86_64-linux-gnu.so
765812f1c000-765812f1d000 r--p 0009d000 fc:00 35397328                   /home/henriqueramos_qs/meta-learning-concept-drift/.venv/lib/python3.12/site-packages/scipy/linalg/_fblas.cpython-312-x86_64-linux-gnu.so
765812f1d000-765812f46000 rw-p 0009e000 fc:00 35397328                   /home/henriqueramos_qs/meta-learning-concept-drift/.venv/lib/python3.12/site-packages/scipy/linalg/_fblas.cpython-312-x86_64-linux-gnu.so
765812f46000-765812f5e000 rw-p 000e7000 fc:00 35397328                   /home/henriqueramos_qs/meta-learning-concept-drift/.venv/lib/python3.12/site-packages/scipy/linalg/_fblas.cpython-312-x86_64-linux-gnu.so
765812f5e000-76581305e000 rw-p 00000000 00:00 0 
76581305e000-765813062000 r--p 00000000 fc:00 35397934                   /home/henriqueramos_qs/meta-learning-concept-drift/.venv/lib/python3.12/site-packages/scipy/special/_special_ufuncs.cpython-312-x86_64-linux-gnu.so
765813062000-765813173000 r-xp 00004000 fc:00 35397934                   /home/henriqueramos_qs/meta-learning-concept-drift/.venv/lib/python3.12/site-packages/scipy/special/_special_ufuncs.cpython-312-x86_64-linux-gnu.so
765813173000-7658131bf000 r--p 00115000 fc:00 35397934                   /home/henriqueramos_qs/meta-learning-concept-drift/.venv/lib/python3.12/site-packages/scipy/special/_special_ufuncs.cpython-312-x86_64-linux-gnu.so
7658131bf000-7658131c0000 r--p 00160000 fc:00 35397934                   /home/henriqueramos_qs/meta-learning-concept-drift/.venv/lib/python3.12/site-packages/scipy/special/_special_ufuncs.cpython-312-x86_64-linux-gnu.so
7658131c0000-7658131c1000 rw-p 00161000 fc:00 35397934                   /home/henriqueramos_qs/meta-learning-concept-drift/.venv/lib/python3.12/site-packages/scipy/special/_special_ufuncs.cpython-312-x86_64-linux-gnu.so
7658131c1000-7658131c2000 ---p 00000000 00:00 0 
7658131c2000-7658139c2000 rw-p 00000000 00:00 0 
7658139c2000-7658139c3000 ---p 00000000 00:00 0 
7658139c3000-7658141c3000 rw-p 00000000 00:00 0 
7658141c3000-7658141c4000 ---p 00000000 00:00 0 
7658141c4000-7658149c4000 rw-p 00000000 00:00 0 
7658149c4000-7658149c5000 ---p 00000000 00:00 0 
7658149c5000-7658151c5000 rw-p 00000000 00:00 0 
7658151c5000-7658151c6000 ---p 00000000 00:00 0 
7658151c6000-7658159c6000 rw-p 00000000 00:00 0 
7658159c6000-7658159c7000 ---p 00000000 00:00 0 
7658159c7000-7658161c7000 rw-p 00000000 00:00 0 
7658161c7000-7658161c8000 ---p 00000000 00:00 0 
7658161c8000-7658169c8000 rw-p 00000000 00:00 0 
7658169c8000-7658169c9000 ---p 00000000 00:00 0 
7658169c9000-7658171c9000 rw-p 00000000 00:00 0 
7658171c9000-7658171ca000 ---p 00000000 00:00 0 
7658171ca000-7658179ca000 rw-p 00000000 00:00 0 
7658179ca000-7658179cb000 ---p 00000000 00:00 0 
7658179cb000-7658181cb000 rw-p 00000000 00:00 0 
7658181cb000-7658181cc000 ---p 00000000 00:00 0 
7658181cc000-7658189cc000 rw-p 00000000 00:00 0 
7658189cc000-7658189cd000 ---p 00000000 00:00 0 
7658189cd000-7658191cd000 rw-p 00000000 00:00 0 
7658191cd000-7658191ce000 ---p 00000000 00:00 0 
7658191ce000-7658199ce000 rw-p 00000000 00:00 0 
7658199ce000-7658199cf000 ---p 00000000 00:00 0 
7658199cf000-76581a1cf000 rw-p 00000000 00:00 0 
76581a1cf000-76581a1d0000 ---p 00000000 00:00 0 
76581a1d0000-76581a9d0000 rw-p 00000000 00:00 0 
76581a9d0000-76581a9d1000 ---p 00000000 00:00 0 
76581a9d1000-76581b1d1000 rw-p 00000000 00:00 0 
76581b1d1000-76581b1d2000 ---p 00000000 00:00 0 
76581b1d2000-76581b9d2000 rw-p 00000000 00:00 0 
76581b9d2000-76581b9d3000 ---p 00000000 00:00 0 
76581b9d3000-76581c1d3000 rw-p 00000000 00:00 0 
76581c1d3000-76581c1d4000 ---p 00000000 00:00 0 
76581c1d4000-76581c9d4000 rw-p 00000000 00:00 0 
76581c9d4000-76581c9d5000 ---p 00000000 00:00 0 
76581c9d5000-76581d1d5000 rw-p 00000000 00:00 0 
76581d1d5000-76581d1d6000 ---p 00000000 00:00 0 
76581d1d6000-76581d9d6000 rw-p 00000000 00:00 0 
76581d9d6000-76581d9d7000 ---p 00000000 00:00 0 
76581d9d7000-76581e1d7000 rw-p 00000000 00:00 0 
76581e1d7000-76581e1d8000 ---p 00000000 00:00 0 
76581e1d8000-76581e9d8000 rw-p 00000000 00:00 0 
76581e9d8000-76581e9d9000 ---p 00000000 00:00 0 
76581e9d9000-76581f1d9000 rw-p 00000000 00:00 0 
76581f1d9000-76581f1da000 ---p 00000000 00:00 0 
76581f1da000-76581f9da000 rw-p 00000000 00:00 0 
76581f9da000-76581f9db000 ---p 00000000 00:00 0 
76581f9db000-7658201db000 rw-p 00000000 00:00 0 
7658201db000-7658201dc000 ---p 00000000 00:00 0 
7658201dc000-7658209dc000 rw-p 00000000 00:00 0 
7658209dc000-7658209dd000 ---p 00000000 00:00 0 
7658209dd000-7658211dd000 rw-p 00000000 00:00 0 
7658211dd000-7658211de000 ---p 00000000 00:00 0 
7658211de000-7658219de000 rw-p 00000000 00:00 0 
7658219de000-7658219df000 ---p 00000000 00:00 0 
7658219df000-7658221df000 rw-p 00000000 00:00 0 
7658221df000-7658221e0000 ---p 00000000 00:00 0 
7658221e0000-7658229e0000 rw-p 00000000 00:00 0 
7658229e0000-7658229e1000 ---p 00000000 00:00 0 
7658229e1000-7658231e1000 rw-p 00000000 00:00 0 
7658231e1000-7658231e2000 ---p 00000000 00:00 0 
7658231e2000-7658239e2000 rw-p 00000000 00:00 0 
7658239e2000-7658239e3000 ---p 00000000 00:00 0 
7658239e3000-7658241e3000 rw-p 00000000 00:00 0 
7658241e3000-7658241e4000 ---p 00000000 00:00 0 
7658241e4000-7658249e4000 rw-p 00000000 00:00 0 
7658249e4000-7658249e5000 ---p 00000000 00:00 0 
7658249e5000-7658251e5000 rw-p 00000000 00:00 0 
7658251e5000-7658251e6000 ---p 00000000 00:00 0 
7658251e6000-7658259e6000 rw-p 00000000 00:00 0 
7658259e6000-7658259e7000 ---p 00000000 00:00 0 
7658259e7000-7658261e7000 rw-p 00000000 00:00 0 
7658261e7000-7658261e8000 ---p 00000000 00:00 0 
7658261e8000-7658269e8000 rw-p 00000000 00:00 0 
7658269e8000-7658269e9000 ---p 00000000 00:00 0 
7658269e9000-7658271e9000 rw-p 00000000 00:00 0 
7658271e9000-7658271ea000 ---p 00000000 00:00 0 
7658271ea000-7658279ea000 rw-p 00000000 00:00 0 
7658279ea000-7658279eb000 ---p 00000000 00:00 0 
7658279eb000-7658281eb000 rw-p 00000000 00:00 0 
7658281eb000-7658281ec000 ---p 00000000 00:00 0 
7658281ec000-7658289ec000 rw-p 00000000 00:00 0 
7658289ec000-7658289ed000 ---p 00000000 00:00 0 
7658289ed000-7658291ed000 rw-p 00000000 00:00 0 
7658291ed000-7658291ee000 ---p 00000000 00:00 0 
7658291ee000-7658299ee000 rw-p 00000000 00:00 0 
7658299ee000-7658299ef000 ---p 00000000 00:00 0 
7658299ef000-76582a1ef000 rw-p 00000000 00:00 0 
76582a1ef000-76582a1f0000 ---p 00000000 00:00 0 
76582a1f0000-76582a9f0000 rw-p 00000000 00:00 0 
76582a9f0000-76582a9f1000 ---p 00000000 00:00 0 
76582a9f1000-76582b1f1000 rw-p 00000000 00:00 0 
76582b1f1000-76582b1f2000 ---p 00000000 00:00 0 
76582b1f2000-76582b9f2000 rw-p 00000000 00:00 0 
76582b9f2000-76582b9f3000 ---p 00000000 00:00 0 
76582b9f3000-76582c1f3000 rw-p 00000000 00:00 0 
76582c1f3000-76582c1f4000 ---p 00000000 00:00 0 
76582c1f4000-76582c9f4000 rw-p 00000000 00:00 0 
76582c9f4000-76582c9f5000 ---p 00000000 00:00 0 
76582c9f5000-76582d1f5000 rw-p 00000000 00:00 0 
76582d1f5000-76582d1f6000 ---p 00000000 00:00 0 
76582d1f6000-76582d9f6000 rw-p 00000000 00:00 0 
76582d9f6000-76582d9f7000 ---p 00000000 00:00 0 
76582d9f7000-76582e1f7000 rw-p 00000000 00:00 0 
76582e1f7000-76582e1f8000 ---p 00000000 00:00 0 
76582e1f8000-76582e9f8000 rw-p 00000000 00:00 0 
76582e9f8000-76582e9f9000 ---p 00000000 00:00 0 
76582e9f9000-76582f1f9000 rw-p 00000000 00:00 0 
76582f1f9000-76582f1fa000 ---p 00000000 00:00 0 
76582f1fa000-76582f9fa000 rw-p 00000000 00:00 0 
76582f9fa000-76582f9fb000 ---p 00000000 00:00 0 
76582f9fb000-7658301fb000 rw-p 00000000 00:00 0 
7658301fb000-7658301fc000 ---p 00000000 00:00 0 
7658301fc000-7658309fc000 rw-p 00000000 00:00 0 
7658309fc000-7658309fd000 ---p 00000000 00:00 0 
7658309fd000-7658311fd000 rw-p 00000000 00:00 0 
7658311fd000-7658311fe000 ---p 00000000 00:00 0 
7658311fe000-7658319fe000 rw-p 00000000 00:00 0 
7658319fe000-7658319ff000 ---p 00000000 00:00 0 
7658319ff000-7658321ff000 rw-p 00000000 00:00 0 
7658321ff000-765832200000 ---p 00000000 00:00 0 
765832200000-765832a00000 rw-p 00000000 00:00 0 
765832a00000-7658b2a00000 rw-p 00000000 00:00 0 
7658b2a00000-7658b2aab000 r--p 00000000 fc:00 35398192                   /home/henriqueramos_qs/meta-learning-concept-drift/.venv/lib/python3.12/site-packages/scipy.libs/libscipy_openblas-68440149.so
7658b2aab000-7658b3bbc000 r-xp 000ab000 fc:00 35398192                   /home/henriqueramos_qs/meta-learning-concept-drift/.venv/lib/python3.12/site-packages/scipy.libs/libscipy_openblas-68440149.so
7658b3bbc000-7658b3d6b000 r--p 011bc000 fc:00 35398192                   /home/henriqueramos_qs/meta-learning-concept-drift/.venv/lib/python3.12/site-packages/scipy.libs/libscipy_openblas-68440149.so
7658b3d6b000-7658b3d71000 r--p 0136a000 fc:00 35398192                   /home/henriqueramos_qs/meta-learning-concept-drift/.venv/lib/python3.12/site-packages/scipy.libs/libscipy_openblas-68440149.so
7658b3d71000-7658b3d7c000 rw-p 01370000 fc:00 35398192                   /home/henriqueramos_qs/meta-learning-concept-drift/.venv/lib/python3.12/site-packages/scipy.libs/libscipy_openblas-68440149.so
7658b3d7c000-7658b3d84000 rw-p 00000000 00:00 0 
7658b3d84000-7658b3e7e000 rw-p 01435000 fc:00 35398192                   /home/henriqueramos_qs/meta-learning-concept-drift/.venv/lib/python3.12/site-packages/scipy.libs/libscipy_openblas-68440149.so
7658b3e80000-7658b3e86000 r--p 00000000 fc:00 35397944                   /home/henriqueramos_qs/meta-learning-concept-drift/.venv/lib/python3.12/site-packages/scipy/special/_ufuncs_cxx.cpython-312-x86_64-linux-gnu.so
7658b3e86000-7658b3fcd000 r-xp 00006000 fc:00 35397944                   /home/henriqueramos_qs/meta-learning-concept-drift/.venv/lib/python3.12/site-packages/scipy/special/_ufuncs_cxx.cpython-312-x86_64-linux-gnu.so
7658b3fcd000-7658b3ffc000 r--p 0014d000 fc:00 35397944                   /home/henriqueramos_qs/meta-learning-concept-drift/.venv/lib/python3.12/site-packages/scipy/special/_ufuncs_cxx.cpython-312-x86_64-linux-gnu.so
7658b3ffc000-7658b3ffd000 ---p 0017c000 fc:00 35397944                   /home/henriqueramos_qs/meta-learning-concept-drift/.venv/lib/python3.12/site-packages/scipy/special/_ufuncs_cxx.cpython-312-x86_64-linux-gnu.so
7658b3ffd000-7658b3ffe000 r--p 0017c000 fc:00 35397944                   /home/henriqueramos_qs/meta-learning-concept-drift/.venv/lib/python3.12/site-packages/scipy/special/_ufuncs_cxx.cpython-312-x86_64-linux-gnu.so
7658b3ffe000-7658b3fff000 rw-p 0017d000 fc:00 35397944                   /home/henriqueramos_qs/meta-learning-concept-drift/.venv/lib/python3.12/site-packages/scipy/special/_ufuncs_cxx.cpython-312-x86_64-linux-gnu.so
7658b3fff000-7658b4021000 rw-p 00000000 00:00 0 
7658b4021000-7658b8000000 ---p 00000000 00:00 0 
7658b8001000-7658b8005000 rw-p 00000000 00:00 0 
7658b8005000-7658b800b000 r--p 00000000 fc:00 35397310                   /home/henriqueramos_qs/meta-learning-concept-drift/.venv/lib/python3.12/site-packages/scipy/linalg/_cythonized_array_utils.cpython-312-x86_64-linux-gnu.so
7658b800b000-7658b8059000 r-xp 00006000 fc:00 35397310                   /home/henriqueramos_qs/meta-learning-concept-drift/.venv/lib/python3.12/site-packages/scipy/linalg/_cythonized_array_utils.cpython-312-x86_64-linux-gnu.so
7658b8059000-7658b8066000 r--p 00054000 fc:00 35397310                   /home/henriqueramos_qs/meta-learning-concept-drift/.venv/lib/python3.12/site-packages/scipy/linalg/_cythonized_array_utils.cpython-312-x86_64-linux-gnu.so
7658b8066000-7658b8068000 r--p 00060000 fc:00 35397310                   /home/henriqueramos_qs/meta-learning-concept-drift/.venv/lib/python3.12/site-packages/scipy/linalg/_cythonized_array_utils.cpython-312-x86_64-linux-gnu.so
7658b8068000-7658b806a000 rw-p 00062000 fc:00 35397310                   /home/henriqueramos_qs/meta-learning-concept-drift/.venv/lib/python3.12/site-packages/scipy/linalg/_cythonized_array_utils.cpython-312-x86_64-linux-gnu.so
7658b806a000-7658b806b000 rw-p 00000000 00:00 0 
7658b806b000-7658b806e000 r--p 00000000 fc:00 35397921                   /home/henriqueramos_qs/meta-learning-concept-drift/.venv/lib/python3.12/site-packages/scipy/special/_comb.cpython-312-x86_64-linux-gnu.so
7658b806e000-7658b8074000 r-xp 00003000 fc:00 35397921                   /home/henriqueramos_qs/meta-learning-concept-drift/.venv/lib/python3.12/site-packages/scipy/special/_comb.cpython-312-x86_64-linux-gnu.so
7658b8074000-7658b8076000 r--p 00009000 fc:00 35397921                   /home/henriqueramos_qs/meta-learning-concept-drift/.venv/lib/python3.12/site-packages/scipy/special/_comb.cpython-312-x86_64-linux-gnu.so
7658b8076000-7658b8077000 r--p 0000a000 fc:00 35397921                   /home/henriqueramos_qs/meta-learning-concept-drift/.venv/lib/python3.12/site-packages/scipy/special/_comb.cpython-312-x86_64-linux-gnu.so
7658b8077000-7658b8078000 rw-p 0000b000 fc:00 35397921                   /home/henriqueramos_qs/meta-learning-concept-drift/.venv/lib/python3.12/site-packages/scipy/special/_comb.cpython-312-x86_64-linux-gnu.so
7658b8078000-7658b807d000 r--p 00000000 fc:00 35397933                   /home/henriqueramos_qs/meta-learning-concept-drift/.venv/lib/python3.12/site-packages/scipy/special/_specfun.cpython-312-x86_64-linux-gnu.so
7658b807d000-7658b80a4000 r-xp 00005000 fc:00 35397933                   /home/henriqueramos_qs/meta-learning-concept-drift/.venv/lib/python3.12/site-packages/scipy/special/_specfun.cpython-312-x86_64-linux-gnu.so
7658b80a4000-7658b80aa000 r--p 0002c000 fc:00 35397933                   /home/henriqueramos_qs/meta-learning-concept-drift/.venv/lib/python3.12/site-packages/scipy/special/_specfun.cpython-312-x86_64-linux-gnu.so
7658b80aa000-7658b80ab000 r--p 00031000 fc:00 35397933                   /home/henriqueramos_qs/meta-learning-concept-drift/.venv/lib/python3.12/site-packages/scipy/special/_specfun.cpython-312-x86_64-linux-gnu.so
7658b80ab000-7658b80ac000 rw-p 00032000 fc:00 35397933                   /home/henriqueramos_qs/meta-learning-concept-drift/.venv/lib/python3.12/site-packages/scipy/special/_specfun.cpython-312-x86_64-linux-gnu.so
7658b80ac000-7658b80ad000 rw-p 00000000 00:00 0 
7658b80ad000-7658b80af000 r--p 00000000 fc:00 35397924                   /home/henriqueramos_qs/meta-learning-concept-drift/.venv/lib/python3.12/site-packages/scipy/special/_gufuncs.cpython-312-x86_64-linux-gnu.so
7658b80af000-7658b8135000 r-xp 00002000 fc:00 35397924                   /home/henriqueramos_qs/meta-learning-concept-drift/.venv/lib/python3.12/site-packages/scipy/special/_gufuncs.cpython-312-x86_64-linux-gnu.so
7658b8135000-7658b8142000 r--p 00088000 fc:00 35397924                   /home/henriqueramos_qs/meta-learning-concept-drift/.venv/lib/python3.12/site-packages/scipy/special/_gufuncs.cpython-312-x86_64-linux-gnu.so
7658b8142000-7658b8143000 r--p 00094000 fc:00 35397924                   /home/henriqueramos_qs/meta-learning-concept-drift/.venv/lib/python3.12/site-packages/scipy/special/_gufuncs.cpython-312-x86_64-linux-gnu.so
7658b8143000-7658b8144000 rw-p 00095000 fc:00 35397924                   /home/henriqueramos_qs/meta-learning-concept-drift/.venv/lib/python3.12/site-packages/scipy/special/_gufuncs.cpython-312-x86_64-linux-gnu.so
7658b8144000-7658b8148000 r--p 00000000 fc:00 35397923                   /home/henriqueramos_qs/meta-learning-concept-drift/.venv/lib/python3.12/site-packages/scipy/special/_ellip_harm_2.cpython-312-x86_64-linux-gnu.so
7658b8148000-7658b815b000 r-xp 00004000 fc:00 35397923                   /home/henriqueramos_qs/meta-learning-concept-drift/.venv/lib/python3.12/site-packages/scipy/special/_ellip_harm_2.cpython-312-x86_64-linux-gnu.so
7658b815b000-7658b815e000 r--p 00017000 fc:00 35397923                   /home/henriqueramos_qs/meta-learning-concept-drift/.venv/lib/python3.12/site-packages/scipy/special/_ellip_harm_2.cpython-312-x86_64-linux-gnu.so
7658b815e000-7658b815f000 ---p 0001a000 fc:00 35397923                   /home/henriqueramos_qs/meta-learning-concept-drift/.venv/lib/python3.12/site-packages/scipy/special/_ellip_harm_2.cpython-312-x86_64-linux-gnu.so
7658b815f000-7658b8160000 r--p 0001a000 fc:00 35397923                   /home/henriqueramos_qs/meta-learning-concept-drift/.venv/lib/python3.12/site-packages/scipy/special/_ellip_harm_2.cpython-312-x86_64-linux-gnu.so
7658b8160000-7658b8161000 rw-p 0001b000 fc:00 35397923                   /home/henriqueramos_qs/meta-learning-concept-drift/.venv/lib/python3.12/site-packages/scipy/special/_ellip_harm_2.cpython-312-x86_64-linux-gnu.so
7658b8161000-7658b8164000 rw-p 00021000 fc:00 35397923                   /home/henriqueramos_qs/meta-learning-concept-drift/.venv/lib/python3.12/site-packages/scipy/special/_ellip_harm_2.cpython-312-x86_64-linux-gnu.so
7658b8164000-7658b816c000 r--p 00000000 fc:00 35397941                   /home/henriqueramos_qs/meta-learning-concept-drift/.venv/lib/python3.12/site-packages/scipy/special/_ufuncs.cpython-312-x86_64-linux-gnu.so
7658b816c000-7658b8270000 r-xp 00008000 fc:00 35397941                   /home/henriqueramos_qs/meta-learning-concept-drift/.venv/lib/python3.12/site-packages/scipy/special/_ufuncs.cpython-312-x86_64-linux-gnu.so
7658b8270000-7658b82c5000 r--p 0010c000 fc:00 35397941                   /home/henriqueramos_qs/meta-learning-concept-drift/.venv/lib/python3.12/site-packages/scipy/special/_ufuncs.cpython-312-x86_64-linux-gnu.so
7658b82c5000-7658b82c6000 ---p 00161000 fc:00 35397941                   /home/henriqueramos_qs/meta-learning-concept-drift/.venv/lib/python3.12/site-packages/scipy/special/_ufuncs.cpython-312-x86_64-linux-gnu.so
7658b82c6000-7658b82c8000 r--p 00161000 fc:00 35397941                   /home/henriqueramos_qs/meta-learning-concept-drift/.venv/lib/python3.12/site-packages/scipy/special/_ufuncs.cpython-312-x86_64-linux-gnu.so
7658b82c8000-7658b82c9000 rw-p 00163000 fc:00 35397941                   /home/henriqueramos_qs/meta-learning-concept-drift/.venv/lib/python3.12/site-packages/scipy/special/_ufuncs.cpython-312-x86_64-linux-gnu.so
7658b82c9000-7658b82d0000 rw-p 00000000 00:00 0 
7658b82d0000-7658b82d5000 rw-p 0018b000 fc:00 35397941                   /home/henriqueramos_qs/meta-learning-concept-drift/.venv/lib/python3.12/site-packages/scipy/special/_ufuncs.cpython-312-x86_64-linux-gnu.so
7658b82d5000-7658b84d5000 rw-p 00000000 00:00 0 
7658b84d5000-7658b84f3000 r--p 00000000 08:05 8388999                    /usr/lib/x86_64-linux-gnu/libssl.so.3
7658b84f3000-7658b8555000 r-xp 0001e000 08:05 8388999                    /usr/lib/x86_64-linux-gnu/libssl.so.3
7658b8555000-7658b8571000 r--p 00080000 08:05 8388999                    /usr/lib/x86_64-linux-gnu/libssl.so.3
7658b8571000-7658b857b000 r--p 0009c000 08:05 8388999                    /usr/lib/x86_64-linux-gnu/libssl.so.3
7658b857b000-7658b857f000 rw-p 000a6000 08:05 8388999                    /usr/lib/x86_64-linux-gnu/libssl.so.3
7658b857f000-7658b877f000 rw-p 00000000 00:00 0 
7658b877f000-7658b8785000 r--p 00000000 fc:00 35397691                   /home/henriqueramos_qs/meta-learning-concept-drift/.venv/lib/python3.12/site-packages/scipy/sparse/_csparsetools.cpython-312-x86_64-linux-gnu.so
7658b8785000-7658b87f0000 r-xp 00006000 fc:00 35397691                   /home/henriqueramos_qs/meta-learning-concept-drift/.venv/lib/python3.12/site-packages/scipy/sparse/_csparsetools.cpython-312-x86_64-linux-gnu.so
7658b87f0000-7658b87fb000 r--p 00071000 fc:00 35397691                   /home/henriqueramos_qs/meta-learning-concept-drift/.venv/lib/python3.12/site-packages/scipy/sparse/_csparsetools.cpython-312-x86_64-linux-gnu.so
7658b87fb000-7658b87fd000 r--p 0007b000 fc:00 35397691                   /home/henriqueramos_qs/meta-learning-concept-drift/.venv/lib/python3.12/site-packages/scipy/sparse/_csparsetools.cpython-312-x86_64-linux-gnu.so
7658b87fd000-7658b87ff000 rw-p 0007d000 fc:00 35397691                   /home/henriqueramos_qs/meta-learning-concept-drift/.venv/lib/python3.12/site-packages/scipy/sparse/_csparsetools.cpython-312-x86_64-linux-gnu.so
7658b87ff000-7658b8800000 rw-p 00000000 00:00 0 
7658b8800000-7658b8803000 r--p 00000000 fc:00 35397701                   /home/henriqueramos_qs/meta-learning-concept-drift/.venv/lib/python3.12/site-packages/scipy/sparse/_sparsetools.cpython-312-x86_64-linux-gnu.so
7658b8803000-7658b8b87000 r-xp 00003000 fc:00 35397701                   /home/henriqueramos_qs/meta-learning-concept-drift/.venv/lib/python3.12/site-packages/scipy/sparse/_sparsetools.cpython-312-x86_64-linux-gnu.so
7658b8b87000-7658b8bd1000 r--p 00387000 fc:00 35397701                   /home/henriqueramos_qs/meta-learning-concept-drift/.venv/lib/python3.12/site-packages/scipy/sparse/_sparsetools.cpython-312-x86_64-linux-gnu.so
7658b8bd1000-7658b8bd2000 r--p 003d0000 fc:00 35397701                   /home/henriqueramos_qs/meta-learning-concept-drift/.venv/lib/python3.12/site-packages/scipy/sparse/_sparsetools.cpython-312-x86_64-linux-gnu.so
7658b8bd2000-7658b8bd3000 rw-p 003d1000 fc:00 35397701                   /home/henriqueramos_qs/meta-learning-concept-drift/.venv/lib/python3.12/site-packages/scipy/sparse/_sparsetools.cpython-312-x86_64-linux-gnu.so
7658b8bd3000-7658b8bd7000 rw-p 00000000 00:00 0 
7658b8bd7000-7658b8bdb000 r--p 00000000 08:05 8394154                    /usr/lib/python3.12/lib-dynload/_asyncio.cpython-312-x86_64-linux-gnu.so
7658b8bdb000-7658b8be4000 r-xp 00004000 08:05 8394154                    /usr/lib/python3.12/lib-dynload/_asyncio.cpython-312-x86_64-linux-gnu.so
7658b8be4000-7658b8be9000 r--p 0000d000 08:05 8394154                    /usr/lib/python3.12/lib-dynload/_asyncio.cpython-312-x86_64-linux-gnu.so
7658b8be9000-7658b8bea000 r--p 00011000 08:05 8394154                    /usr/lib/python3.12/lib-dynload/_asyncio.cpython-312-x86_64-linux-gnu.so
7658b8bea000-7658b8bec000 rw-p 00012000 08:05 8394154                    /usr/lib/python3.12/lib-dynload/_asyncio.cpython-312-x86_64-linux-gnu.so
7658b8bec000-7658b8bff000 r--p 00000000 08:05 8396169                    /usr/lib/python3.12/lib-dynload/_ssl.cpython-312-x86_64-linux-gnu.so
7658b8bff000-7658b8c0c000 r-xp 00013000 08:05 8396169                    /usr/lib/python3.12/lib-dynload/_ssl.cpython-312-x86_64-linux-gnu.so
7658b8c0c000-7658b8c1a000 r--p 00020000 08:05 8396169                    /usr/lib/python3.12/lib-dynload/_ssl.cpython-312-x86_64-linux-gnu.so
7658b8c1a000-7658b8c1b000 r--p 0002d000 08:05 8396169                    /usr/lib/python3.12/lib-dynload/_ssl.cpython-312-x86_64-linux-gnu.so
7658b8c1b000-7658b8c24000 rw-p 0002e000 08:05 8396169                    /usr/lib/python3.12/lib-dynload/_ssl.cpython-312-x86_64-linux-gnu.so
7658b8c24000-7658b8c29000 r--p 00000000 fc:00 35396668                   /home/henriqueramos_qs/meta-learning-concept-drift/.venv/lib/python3.12/site-packages/scipy/_cyutility.cpython-312-x86_64-linux-gnu.so
7658b8c29000-7658b8c45000 r-xp 00005000 fc:00 35396668                   /home/henriqueramos_qs/meta-learning-concept-drift/.venv/lib/python3.12/site-packages/scipy/_cyutility.cpython-312-x86_64-linux-gnu.so
7658b8c45000-7658b8c4b000 r--p 00021000 fc:00 35396668                   /home/henriqueramos_qs/meta-learning-concept-drift/.venv/lib/python3.12/site-packages/scipy/_cyutility.cpython-312-x86_64-linux-gnu.so
7658b8c4b000-7658b8c4c000 ---p 00027000 fc:00 35396668                   /home/henriqueramos_qs/meta-learning-concept-drift/.venv/lib/python3.12/site-packages/scipy/_cyutility.cpython-312-x86_64-linux-gnu.so
7658b8c4c000-7658b8c4d000 r--p 00027000 fc:00 35396668                   /home/henriqueramos_qs/meta-learning-concept-drift/.venv/lib/python3.12/site-packages/scipy/_cyutility.cpython-312-x86_64-linux-gnu.so
7658b8c4d000-7658b8c4f000 rw-p 00028000 fc:00 35396668                   /home/henriqueramos_qs/meta-learning-concept-drift/.venv/lib/python3.12/site-packages/scipy/_cyutility.cpython-312-x86_64-linux-gnu.so
7658b8c4f000-7658b8d4f000 rw-p 00000000 00:00 0 
7658b8d4f000-7658b8d51000 r--p 00000000 fc:00 35392423                   /home/henriqueramos_qs/meta-learning-concept-drift/.venv/lib/python3.12/site-packages/numpy/fft/_pocketfft_umath.cpython-312-x86_64-linux-gnu.so
7658b8d51000-7658b8dc5000 r-xp 00002000 fc:00 35392423                   /home/henriqueramos_qs/meta-learning-concept-drift/.venv/lib/python3.12/site-packages/numpy/fft/_pocketfft_umath.cpython-312-x86_64-linux-gnu.so
7658b8dc5000-7658b8dcb000 r--p 00076000 fc:00 35392423                   /home/henriqueramos_qs/meta-learning-concept-drift/.venv/lib/python3.12/site-packages/numpy/fft/_pocketfft_umath.cpython-312-x86_64-linux-gnu.so
7658b8dcb000-7658b8dcc000 r--p 0007b000 fc:00 35392423                   /home/henriqueramos_qs/meta-learning-concept-drift/.venv/lib/python3.12/site-packages/numpy/fft/_pocketfft_umath.cpython-312-x86_64-linux-gnu.so
7658b8dcc000-7658b8dcd000 rw-p 0007c000 fc:00 35392423                   /home/henriqueramos_qs/meta-learning-concept-drift/.venv/lib/python3.12/site-packages/numpy/fft/_pocketfft_umath.cpython-312-x86_64-linux-gnu.so
7658b8dcd000-7658b90cd000 rw-p 00000000 00:00 0 
7658b90cd000-7658b90d1000 r--p 00000000 fc:00 35396679                   /home/henriqueramos_qs/meta-learning-concept-drift/.venv/lib/python3.12/site-packages/scipy/_lib/_ccallback_c.cpython-312-x86_64-linux-gnu.so
7658b90d1000-7658b90dd000 r-xp 00004000 fc:00 35396679                   /home/henriqueramos_qs/meta-learning-concept-drift/.venv/lib/python3.12/site-packages/scipy/_lib/_ccallback_c.cpython-312-x86_64-linux-gnu.so
7658b90dd000-7658b90e0000 r--p 00010000 fc:00 35396679                   /home/henriqueramos_qs/meta-learning-concept-drift/.venv/lib/python3.12/site-packages/scipy/_lib/_ccallback_c.cpython-312-x86_64-linux-gnu.so
7658b90e0000-7658b90e1000 r--p 00012000 fc:00 35396679                   /home/henriqueramos_qs/meta-learning-concept-drift/.venv/lib/python3.12/site-packages/scipy/_lib/_ccallback_c.cpython-312-x86_64-linux-gnu.so
7658b90e1000-7658b90e2000 rw-p 00013000 fc:00 35396679                   /home/henriqueramos_qs/meta-learning-concept-drift/.venv/lib/python3.12/site-packages/scipy/_lib/_ccallback_c.cpython-312-x86_64-linux-gnu.so
7658b90e2000-7658b92e2000 rw-p 00000000 00:00 0 
7658b92e2000-7658b92e6000 r--p 00000000 fc:00 35393401                   /home/henriqueramos_qs/meta-learning-concept-drift/.venv/lib/python3.12/site-packages/pandas/_libs/testing.cpython-312-x86_64-linux-gnu.so
7658b92e6000-7658b92fa000 r-xp 00004000 fc:00 35393401                   /home/henriqueramos_qs/meta-learning-concept-drift/.venv/lib/python3.12/site-packages/pandas/_libs/testing.cpython-312-x86_64-linux-gnu.so
7658b92fa000-7658b92fe000 r--p 00018000 fc:00 35393401                   /home/henriqueramos_qs/meta-learning-concept-drift/.venv/lib/python3.12/site-packages/pandas/_libs/testing.cpython-312-x86_64-linux-gnu.so
7658b92fe000-7658b92ff000 r--p 0001b000 fc:00 35393401                   /home/henriqueramos_qs/meta-learning-concept-drift/.venv/lib/python3.12/site-packages/pandas/_libs/testing.cpython-312-x86_64-linux-gnu.so
7658b92ff000-7658b9300000 rw-p 0001c000 fc:00 35393401                   /home/henriqueramos_qs/meta-learning-concept-drift/.venv/lib/python3.12/site-packages/pandas/_libs/testing.cpython-312-x86_64-linux-gnu.so
7658b9300000-7658b9400000 rw-p 00000000 00:00 0 
7658b9400000-7658b940b000 r--p 00000000 fc:00 35393363                   /home/henriqueramos_qs/meta-learning-concept-drift/.venv/lib/python3.12/site-packages/pandas/_libs/groupby.cpython-312-x86_64-linux-gnu.so
7658b940b000-7658b9666000 r-xp 0000b000 fc:00 35393363                   /home/henriqueramos_qs/meta-learning-concept-drift/.venv/lib/python3.12/site-packages/pandas/_libs/groupby.cpython-312-x86_64-linux-gnu.so
7658b9666000-7658b968b000 r--p 00266000 fc:00 35393363                   /home/henriqueramos_qs/meta-learning-concept-drift/.venv/lib/python3.12/site-packages/pandas/_libs/groupby.cpython-312-x86_64-linux-gnu.so
7658b968b000-7658b968c000 ---p 0028b000 fc:00 35393363                   /home/henriqueramos_qs/meta-learning-concept-drift/.venv/lib/python3.12/site-packages/pandas/_libs/groupby.cpython-312-x86_64-linux-gnu.so
7658b968c000-7658b968f000 r--p 0028b000 fc:00 35393363                   /home/henriqueramos_qs/meta-learning-concept-drift/.venv/lib/python3.12/site-packages/pandas/_libs/groupby.cpython-312-x86_64-linux-gnu.so
7658b968f000-7658b9695000 rw-p 0028e000 fc:00 35393363                   /home/henriqueramos_qs/meta-learning-concept-drift/.venv/lib/python3.12/site-packages/pandas/_libs/groupby.cpython-312-x86_64-linux-gnu.so
7658b9695000-7658b9698000 rw-p 00000000 00:00 0 
7658b9699000-7658b969a000 r--p 00000000 fc:00 35397467                   /home/henriqueramos_qs/meta-learning-concept-drift/.venv/lib/python3.12/site-packages/scipy/optimize/_direct.cpython-312-x86_64-linux-gnu.so
7658b969a000-7658b96a0000 r-xp 00001000 fc:00 35397467                   /home/henriqueramos_qs/meta-learning-concept-drift/.venv/lib/python3.12/site-packages/scipy/optimize/_direct.cpython-312-x86_64-linux-gnu.so
7658b96a0000-7658b96a2000 r--p 00007000 fc:00 35397467                   /home/henriqueramos_qs/meta-learning-concept-drift/.venv/lib/python3.12/site-packages/scipy/optimize/_direct.cpython-312-x86_64-linux-gnu.so
7658b96a2000-7658b96a3000 r--p 00008000 fc:00 35397467                   /home/henriqueramos_qs/meta-learning-concept-drift/.venv/lib/python3.12/site-packages/scipy/optimize/_direct.cpython-312-x86_64-linux-gnu.so
7658b96a3000-7658b96a4000 rw-p 00009000 fc:00 35397467                   /home/henriqueramos_qs/meta-learning-concept-drift/.venv/lib/python3.12/site-packages/scipy/optimize/_direct.cpython-312-x86_64-linux-gnu.so
7658b96a4000-7658b96ae000 r--p 00000000 fc:00 35393391                   /home/henriqueramos_qs/meta-learning-concept-drift/.venv/lib/python3.12/site-packages/pandas/_libs/parsers.cpython-312-x86_64-linux-gnu.so
7658b96ae000-7658b9715000 r-xp 0000a000 fc:00 35393391                   /home/henriqueramos_qs/meta-learning-concept-drift/.venv/lib/python3.12/site-packages/pandas/_libs/parsers.cpython-312-x86_64-linux-gnu.so
7658b9715000-7658b9723000 r--p 00071000 fc:00 35393391                   /home/henriqueramos_qs/meta-learning-concept-drift/.venv/lib/python3.12/site-packages/pandas/_libs/parsers.cpython-312-x86_64-linux-gnu.so
7658b9723000-7658b9724000 ---p 0007f000 fc:00 35393391                   /home/henriqueramos_qs/meta-learning-concept-drift/.venv/lib/python3.12/site-packages/pandas/_libs/parsers.cpython-312-x86_64-linux-gnu.so
7658b9724000-7658b9726000 r--p 0007f000 fc:00 35393391                   /home/henriqueramos_qs/meta-learning-concept-drift/.venv/lib/python3.12/site-packages/pandas/_libs/parsers.cpython-312-x86_64-linux-gnu.so
7658b9726000-7658b9729000 rw-p 00081000 fc:00 35393391                   /home/henriqueramos_qs/meta-learning-concept-drift/.venv/lib/python3.12/site-packages/pandas/_libs/parsers.cpython-312-x86_64-linux-gnu.so
7658b9729000-7658b972b000 rw-p 00000000 00:00 0 
7658b972b000-7658b972d000 r--p 00000000 fc:00 35393379                   /home/henriqueramos_qs/meta-learning-concept-drift/.venv/lib/python3.12/site-packages/pandas/_libs/json.cpython-312-x86_64-linux-gnu.so
7658b972d000-7658b9736000 r-xp 00002000 fc:00 35393379                   /home/henriqueramos_qs/meta-learning-concept-drift/.venv/lib/python3.12/site-packages/pandas/_libs/json.cpython-312-x86_64-linux-gnu.so
7658b9736000-7658b973a000 r--p 0000b000 fc:00 35393379                   /home/henriqueramos_qs/meta-learning-concept-drift/.venv/lib/python3.12/site-packages/pandas/_libs/json.cpython-312-x86_64-linux-gnu.so
7658b973a000-7658b973b000 r--p 0000e000 fc:00 35393379                   /home/henriqueramos_qs/meta-learning-concept-drift/.venv/lib/python3.12/site-packages/pandas/_libs/json.cpython-312-x86_64-linux-gnu.so
7658b973b000-7658b973c000 rw-p 0000f000 fc:00 35393379                   /home/henriqueramos_qs/meta-learning-concept-drift/.venv/lib/python3.12/site-packages/pandas/_libs/json.cpython-312-x86_64-linux-gnu.so
7658b973c000-7658b983c000 rw-p 00000000 00:00 0 
7658b983c000-7658b9843000 r--p 00000000 fc:00 35393395                   /home/henriqueramos_qs/meta-learning-concept-drift/.venv/lib/python3.12/site-packages/pandas/_libs/reshape.cpython-312-x86_64-linux-gnu.so
7658b9843000-7658b987e000 r-xp 00007000 fc:00 35393395                   /home/henriqueramos_qs/meta-learning-concept-drift/.venv/lib/python3.12/site-packages/pandas/_libs/reshape.cpython-312-x86_64-linux-gnu.so
7658b987e000-7658b9887000 r--p 00042000 fc:00 35393395                   /home/henriqueramos_qs/meta-learning-concept-drift/.venv/lib/python3.12/site-packages/pandas/_libs/reshape.cpython-312-x86_64-linux-gnu.so
7658b9887000-7658b9889000 r--p 0004a000 fc:00 35393395                   /home/henriqueramos_qs/meta-learning-concept-drift/.venv/lib/python3.12/site-packages/pandas/_libs/reshape.cpython-312-x86_64-linux-gnu.so
7658b9889000-7658b988b000 rw-p 0004c000 fc:00 35393395                   /home/henriqueramos_qs/meta-learning-concept-drift/.venv/lib/python3.12/site-packages/pandas/_libs/reshape.cpython-312-x86_64-linux-gnu.so
7658b988b000-7658b998c000 rw-p 00000000 00:00 0 
7658b998c000-7658b9992000 r--p 00000000 fc:00 35393444                   /home/henriqueramos_qs/meta-learning-concept-drift/.venv/lib/python3.12/site-packages/pandas/_libs/window/indexers.cpython-312-x86_64-linux-gnu.so
7658b9992000-7658b99b3000 r-xp 00006000 fc:00 35393444                   /home/henriqueramos_qs/meta-learning-concept-drift/.venv/lib/python3.12/site-packages/pandas/_libs/window/indexers.cpython-312-x86_64-linux-gnu.so
7658b99b3000-7658b99bb000 r--p 00027000 fc:00 35393444                   /home/henriqueramos_qs/meta-learning-concept-drift/.venv/lib/python3.12/site-packages/pandas/_libs/window/indexers.cpython-312-x86_64-linux-gnu.so
7658b99bb000-7658b99bc000 ---p 0002f000 fc:00 35393444                   /home/henriqueramos_qs/meta-learning-concept-drift/.venv/lib/python3.12/site-packages/pandas/_libs/window/indexers.cpython-312-x86_64-linux-gnu.so
7658b99bc000-7658b99bd000 r--p 0002f000 fc:00 35393444                   /home/henriqueramos_qs/meta-learning-concept-drift/.venv/lib/python3.12/site-packages/pandas/_libs/window/indexers.cpython-312-x86_64-linux-gnu.so
7658b99bd000-7658b99bf000 rw-p 00030000 fc:00 35393444                   /home/henriqueramos_qs/meta-learning-concept-drift/.venv/lib/python3.12/site-packages/pandas/_libs/window/indexers.cpython-312-x86_64-linux-gnu.so
7658b99bf000-7658b99c6000 r--p 00000000 fc:00 35393442                   /home/henriqueramos_qs/meta-learning-concept-drift/.venv/lib/python3.12/site-packages/pandas/_libs/window/aggregations.cpython-312-x86_64-linux-gnu.so
7658b99c6000-7658b9a0d000 r-xp 00007000 fc:00 35393442                   /home/henriqueramos_qs/meta-learning-concept-drift/.venv/lib/python3.12/site-packages/pandas/_libs/window/aggregations.cpython-312-x86_64-linux-gnu.so
7658b9a0d000-7658b9a19000 r--p 0004e000 fc:00 35393442                   /home/henriqueramos_qs/meta-learning-concept-drift/.venv/lib/python3.12/site-packages/pandas/_libs/window/aggregations.cpython-312-x86_64-linux-gnu.so
7658b9a19000-7658b9a1b000 r--p 00059000 fc:00 35393442                   /home/henriqueramos_qs/meta-learning-concept-drift/.venv/lib/python3.12/site-packages/pandas/_libs/window/aggregations.cpython-312-x86_64-linux-gnu.so
7658b9a1b000-7658b9a1d000 rw-p 0005b000 fc:00 35393442                   /home/henriqueramos_qs/meta-learning-concept-drift/.venv/lib/python3.12/site-packages/pandas/_libs/window/aggregations.cpython-312-x86_64-linux-gnu.so
7658b9a1d000-7658b9c1e000 rw-p 00000000 00:00 0 
7658b9c1e000-7658b9c26000 r--p 00000000 fc:00 35393377                   /home/henriqueramos_qs/meta-learning-concept-drift/.venv/lib/python3.12/site-packages/pandas/_libs/join.cpython-312-x86_64-linux-gnu.so
7658b9c26000-7658b9d4e000 r-xp 00008000 fc:00 35393377                   /home/henriqueramos_qs/meta-learning-concept-drift/.venv/lib/python3.12/site-packages/pandas/_libs/join.cpython-312-x86_64-linux-gnu.so
7658b9d4e000-7658b9d5e000 r--p 00130000 fc:00 35393377                   /home/henriqueramos_qs/meta-learning-concept-drift/.venv/lib/python3.12/site-packages/pandas/_libs/join.cpython-312-x86_64-linux-gnu.so
7658b9d5e000-7658b9d5f000 ---p 00140000 fc:00 35393377                   /home/henriqueramos_qs/meta-learning-concept-drift/.venv/lib/python3.12/site-packages/pandas/_libs/join.cpython-312-x86_64-linux-gnu.so
7658b9d5f000-7658b9d61000 r--p 00140000 fc:00 35393377                   /home/henriqueramos_qs/meta-learning-concept-drift/.venv/lib/python3.12/site-packages/pandas/_libs/join.cpython-312-x86_64-linux-gnu.so
7658b9d61000-7658b9d64000 rw-p 00142000 fc:00 35393377                   /home/henriqueramos_qs/meta-learning-concept-drift/.venv/lib/python3.12/site-packages/pandas/_libs/join.cpython-312-x86_64-linux-gnu.so
7658b9d64000-7658b9d65000 rw-p 00000000 00:00 0 
7658b9d65000-7658b9d6b000 r--p 00000000 fc:00 35393405                   /home/henriqueramos_qs/meta-learning-concept-drift/.venv/lib/python3.12/site-packages/pandas/_libs/writers.cpython-312-x86_64-linux-gnu.so
7658b9d6b000-7658b9d93000 r-xp 00006000 fc:00 35393405                   /home/henriqueramos_qs/meta-learning-concept-drift/.venv/lib/python3.12/site-packages/pandas/_libs/writers.cpython-312-x86_64-linux-gnu.so
7658b9d93000-7658b9d9c000 r--p 0002e000 fc:00 35393405                   /home/henriqueramos_qs/meta-learning-concept-drift/.venv/lib/python3.12/site-packages/pandas/_libs/writers.cpython-312-x86_64-linux-gnu.so
7658b9d9c000-7658b9d9e000 r--p 00036000 fc:00 35393405                   /home/henriqueramos_qs/meta-learning-concept-drift/.venv/lib/python3.12/site-packages/pandas/_libs/writers.cpython-312-x86_64-linux-gnu.so
7658b9d9e000-7658b9da0000 rw-p 00038000 fc:00 35393405                   /home/henriqueramos_qs/meta-learning-concept-drift/.venv/lib/python3.12/site-packages/pandas/_libs/writers.cpython-312-x86_64-linux-gnu.so
7658b9da0000-7658b9da1000 rw-p 00000000 00:00 0 
7658b9da1000-7658b9dae000 r--p 00000000 fc:00 35393369                   /home/henriqueramos_qs/meta-learning-concept-drift/.venv/lib/python3.12/site-packages/pandas/_libs/index.cpython-312-x86_64-linux-gnu.so
7658b9dae000-7658b9e4a000 r-xp 0000d000 fc:00 35393369                   /home/henriqueramos_qs/meta-learning-concept-drift/.venv/lib/python3.12/site-packages/pandas/_libs/index.cpython-312-x86_64-linux-gnu.so
7658b9e4a000-7658b9e63000 r--p 000a9000 fc:00 35393369                   /home/henriqueramos_qs/meta-learning-concept-drift/.venv/lib/python3.12/site-packages/pandas/_libs/index.cpython-312-x86_64-linux-gnu.so
7658b9e63000-7658b9e66000 r--p 000c1000 fc:00 35393369                   /home/henriqueramos_qs/meta-learning-concept-drift/.venv/lib/python3.12/site-packages/pandas/_libs/index.cpython-312-x86_64-linux-gnu.so
7658b9e66000-7658b9e6e000 rw-p 000c4000 fc:00 35393369                   /home/henriqueramos_qs/meta-learning-concept-drift/.venv/lib/python3.12/site-packages/pandas/_libs/index.cpython-312-x86_64-linux-gnu.so
7658b9e6e000-7658b9f71000 rw-p 00000000 00:00 0 
7658b9f71000-7658b9f75000 r--p 00000000 fc:00 35393371                   /home/henriqueramos_qs/meta-learning-concept-drift/.venv/lib/python3.12/site-packages/pandas/_libs/indexing.cpython-312-x86_64-linux-gnu.so
7658b9f75000-7658b9f7d000 r-xp 00004000 fc:00 35393371                   /home/henriqueramos_qs/meta-learning-concept-drift/.venv/lib/python3.12/site-packages/pandas/_libs/indexing.cpython-312-x86_64-linux-gnu.so
7658b9f7d000-7658b9f80000 r--p 0000c000 fc:00 35393371                   /home/henriqueramos_qs/meta-learning-concept-drift/.venv/lib/python3.12/site-packages/pandas/_libs/indexing.cpython-312-x86_64-linux-gnu.so
7658b9f80000-7658b9f81000 r--p 0000e000 fc:00 35393371                   /home/henriqueramos_qs/meta-learning-concept-drift/.venv/lib/python3.12/site-packages/pandas/_libs/indexing.cpython-312-x86_64-linux-gnu.so
7658b9f81000-7658b9f82000 rw-p 0000f000 fc:00 35393371                   /home/henriqueramos_qs/meta-learning-concept-drift/.venv/lib/python3.12/site-packages/pandas/_libs/indexing.cpython-312-x86_64-linux-gnu.so
7658b9f82000-7658b9f8a000 r--p 00000000 fc:00 35393373                   /home/henriqueramos_qs/meta-learning-concept-drift/.venv/lib/python3.12/site-packages/pandas/_libs/internals.cpython-312-x86_64-linux-gnu.so
7658b9f8a000-7658b9fcf000 r-xp 00008000 fc:00 35393373                   /home/henriqueramos_qs/meta-learning-concept-drift/.venv/lib/python3.12/site-packages/pandas/_libs/internals.cpython-312-x86_64-linux-gnu.so
7658b9fcf000-7658b9fdc000 r--p 0004d000 fc:00 35393373                   /home/henriqueramos_qs/meta-learning-concept-drift/.venv/lib/python3.12/site-packages/pandas/_libs/internals.cpython-312-x86_64-linux-gnu.so
7658b9fdc000-7658b9fde000 r--p 00059000 fc:00 35393373                   /home/henriqueramos_qs/meta-learning-concept-drift/.venv/lib/python3.12/site-packages/pandas/_libs/internals.cpython-312-x86_64-linux-gnu.so
7658b9fde000-7658b9fe1000 rw-p 0005b000 fc:00 35393373                   /home/henriqueramos_qs/meta-learning-concept-drift/.venv/lib/python3.12/site-packages/pandas/_libs/internals.cpython-312-x86_64-linux-gnu.so
7658b9fe1000-7658ba0e3000 rw-p 00000000 00:00 0 
7658ba0e3000-7658ba0eb000 r--p 00000000 fc:00 35393399                   /home/henriqueramos_qs/meta-learning-concept-drift/.venv/lib/python3.12/site-packages/pandas/_libs/sparse.cpython-312-x86_64-linux-gnu.so
7658ba0eb000-7658ba1a0000 r-xp 00008000 fc:00 35393399                   /home/henriqueramos_qs/meta-learning-concept-drift/.venv/lib/python3.12/site-packages/pandas/_libs/sparse.cpython-312-x86_64-linux-gnu.so
7658ba1a0000-7658ba1af000 r--p 000bd000 fc:00 35393399                   /home/henriqueramos_qs/meta-learning-concept-drift/.venv/lib/python3.12/site-packages/pandas/_libs/sparse.cpython-312-x86_64-linux-gnu.so
7658ba1af000-7658ba1b1000 r--p 000cb000 fc:00 35393399                   /home/henriqueramos_qs/meta-learning-concept-drift/.venv/lib/python3.12/site-packages/pandas/_libs/sparse.cpython-312-x86_64-linux-gnu.so
7658ba1b1000-7658ba1b4000 rw-p 000cd000 fc:00 35393399                   /home/henriqueramos_qs/meta-learning-concept-drift/.venv/lib/python3.12/site-packages/pandas/_libs/sparse.cpython-312-x86_64-linux-gnu.so
7658ba1b4000-7658ba1b5000 rw-p 00000000 00:00 0 
7658ba1b5000-7658ba1bc000 r--p 00000000 fc:00 35393403                   /home/henriqueramos_qs/meta-learning-concept-drift/.venv/lib/python3.12/site-packages/pandas/_libs/tslib.cpython-312-x86_64-linux-gnu.so
7658ba1bc000-7658ba1f4000 r-xp 00007000 fc:00 35393403                   /home/henriqueramos_qs/meta-learning-concept-drift/.venv/lib/python3.12/site-packages/pandas/_libs/tslib.cpython-312-x86_64-linux-gnu.so
7658ba1f4000-7658ba1ff000 r--p 0003f000 fc:00 35393403                   /home/henriqueramos_qs/meta-learning-concept-drift/.venv/lib/python3.12/site-packages/pandas/_libs/tslib.cpython-312-x86_64-linux-gnu.so
7658ba1ff000-7658ba201000 r--p 00049000 fc:00 35393403                   /home/henriqueramos_qs/meta-learning-concept-drift/.venv/lib/python3.12/site-packages/pandas/_libs/tslib.cpython-312-x86_64-linux-gnu.so
7658ba201000-7658ba203000 rw-p 0004b000 fc:00 35393403                   /home/henriqueramos_qs/meta-learning-concept-drift/.venv/lib/python3.12/site-packages/pandas/_libs/tslib.cpython-312-x86_64-linux-gnu.so
7658ba203000-7658ba304000 rw-p 00000000 00:00 0 
7658ba304000-7658ba305000 r--p 00000000 fc:00 35397484                   /home/henriqueramos_qs/meta-learning-concept-drift/.venv/lib/python3.12/site-packages/scipy/optimize/_lsap.cpython-312-x86_64-linux-gnu.so
7658ba305000-7658ba307000 r-xp 00001000 fc:00 35397484                   /home/henriqueramos_qs/meta-learning-concept-drift/.venv/lib/python3.12/site-packages/scipy/optimize/_lsap.cpython-312-x86_64-linux-gnu.so
7658ba307000-7658ba309000 r--p 00003000 fc:00 35397484                   /home/henriqueramos_qs/meta-learning-concept-drift/.venv/lib/python3.12/site-packages/scipy/optimize/_lsap.cpython-312-x86_64-linux-gnu.so
7658ba309000-7658ba30a000 r--p 00004000 fc:00 35397484                   /home/henriqueramos_qs/meta-learning-concept-drift/.venv/lib/python3.12/site-packages/scipy/optimize/_lsap.cpython-312-x86_64-linux-gnu.so
7658ba30a000-7658ba30b000 rw-p 00005000 fc:00 35397484                   /home/henriqueramos_qs/meta-learning-concept-drift/.venv/lib/python3.12/site-packages/scipy/optimize/_lsap.cpython-312-x86_64-linux-gnu.so
7658ba30b000-7658ba30f000 r--p 00000000 fc:00 35396697                   /home/henriqueramos_qs/meta-learning-concept-drift/.venv/lib/python3.12/site-packages/scipy/_lib/messagestream.cpython-312-x86_64-linux-gnu.so
7658ba30f000-7658ba318000 r-xp 00004000 fc:00 35396697                   /home/henriqueramos_qs/meta-learning-concept-drift/.venv/lib/python3.12/site-packages/scipy/_lib/messagestream.cpython-312-x86_64-linux-gnu.so
7658ba318000-7658ba31b000 r--p 0000d000 fc:00 35396697                   /home/henriqueramos_qs/meta-learning-concept-drift/.venv/lib/python3.12/site-packages/scipy/_lib/messagestream.cpython-312-x86_64-linux-gnu.so
7658ba31b000-7658ba31c000 r--p 0000f000 fc:00 35396697                   /home/henriqueramos_qs/meta-learning-concept-drift/.venv/lib/python3.12/site-packages/scipy/_lib/messagestream.cpython-312-x86_64-linux-gnu.so
7658ba31c000-7658ba31d000 rw-p 00010000 fc:00 35396697                   /home/henriqueramos_qs/meta-learning-concept-drift/.venv/lib/python3.12/site-packages/scipy/_lib/messagestream.cpython-312-x86_64-linux-gnu.so
7658ba31d000-7658ba33a000 r--p 00000000 fc:00 35397806                   /home/henriqueramos_qs/meta-learning-concept-drift/.venv/lib/python3.12/site-packages/scipy/sparse/linalg/_propack/_dpropack.cpython-312-x86_64-linux-gnu.so
7658ba33a000-7658ba355000 r-xp 0001d000 fc:00 35397806                   /home/henriqueramos_qs/meta-learning-concept-drift/.venv/lib/python3.12/site-packages/scipy/sparse/linalg/_propack/_dpropack.cpython-312-x86_64-linux-gnu.so
7658ba355000-7658ba365000 r--p 00038000 fc:00 35397806                   /home/henriqueramos_qs/meta-learning-concept-drift/.venv/lib/python3.12/site-packages/scipy/sparse/linalg/_propack/_dpropack.cpython-312-x86_64-linux-gnu.so
7658ba365000-7658ba366000 r--p 00047000 fc:00 35397806                   /home/henriqueramos_qs/meta-learning-concept-drift/.venv/lib/python3.12/site-packages/scipy/sparse/linalg/_propack/_dpropack.cpython-312-x86_64-linux-gnu.so
7658ba366000-7658ba36e000 rw-p 00048000 fc:00 35397806                   /home/henriqueramos_qs/meta-learning-concept-drift/.venv/lib/python3.12/site-packages/scipy/sparse/linalg/_propack/_dpropack.cpython-312-x86_64-linux-gnu.so
7658ba36e000-7658ba386000 rw-p 0006b000 fc:00 35397806                   /home/henriqueramos_qs/meta-learning-concept-drift/.venv/lib/python3.12/site-packages/scipy/sparse/linalg/_propack/_dpropack.cpython-312-x86_64-linux-gnu.so
7658ba386000-7658ba3a3000 r--p 00000000 fc:00 35397807                   /home/henriqueramos_qs/meta-learning-concept-drift/.venv/lib/python3.12/site-packages/scipy/sparse/linalg/_propack/_spropack.cpython-312-x86_64-linux-gnu.so
7658ba3a3000-7658ba3be000 r-xp 0001d000 fc:00 35397807                   /home/henriqueramos_qs/meta-learning-concept-drift/.venv/lib/python3.12/site-packages/scipy/sparse/linalg/_propack/_spropack.cpython-312-x86_64-linux-gnu.so
7658ba3be000-7658ba3ce000 r--p 00038000 fc:00 35397807                   /home/henriqueramos_qs/meta-learning-concept-drift/.venv/lib/python3.12/site-packages/scipy/sparse/linalg/_propack/_spropack.cpython-312-x86_64-linux-gnu.so
7658ba3ce000-7658ba3cf000 r--p 00047000 fc:00 35397807                   /home/henriqueramos_qs/meta-learning-concept-drift/.venv/lib/python3.12/site-packages/scipy/sparse/linalg/_propack/_spropack.cpython-312-x86_64-linux-gnu.so
7658ba3cf000-7658ba3d7000 rw-p 00048000 fc:00 35397807                   /home/henriqueramos_qs/meta-learning-concept-drift/.venv/lib/python3.12/site-packages/scipy/sparse/linalg/_propack/_spropack.cpython-312-x86_64-linux-gnu.so
7658ba3d7000-7658ba3ef000 rw-p 0006b000 fc:00 35397807                   /home/henriqueramos_qs/meta-learning-concept-drift/.venv/lib/python3.12/site-packages/scipy/sparse/linalg/_propack/_spropack.cpython-312-x86_64-linux-gnu.so
7658ba3ef000-7658ba4ef000 rw-p 00000000 00:00 0 
7658ba4ef000-7658ba4f5000 r--p 00000000 fc:00 35393385                   /home/henriqueramos_qs/meta-learning-concept-drift/.venv/lib/python3.12/site-packages/pandas/_libs/ops.cpython-312-x86_64-linux-gnu.so
7658ba4f5000-7658ba51f000 r-xp 00006000 fc:00 35393385                   /home/henriqueramos_qs/meta-learning-concept-drift/.venv/lib/python3.12/site-packages/pandas/_libs/ops.cpython-312-x86_64-linux-gnu.so
7658ba51f000-7658ba528000 r--p 00030000 fc:00 35393385                   /home/henriqueramos_qs/meta-learning-concept-drift/.venv/lib/python3.12/site-packages/pandas/_libs/ops.cpython-312-x86_64-linux-gnu.so
7658ba528000-7658ba529000 ---p 00039000 fc:00 35393385                   /home/henriqueramos_qs/meta-learning-concept-drift/.venv/lib/python3.12/site-packages/pandas/_libs/ops.cpython-312-x86_64-linux-gnu.so
7658ba529000-7658ba52a000 r--p 00039000 fc:00 35393385                   /home/henriqueramos_qs/meta-learning-concept-drift/.venv/lib/python3.12/site-packages/pandas/_libs/ops.cpython-312-x86_64-linux-gnu.so
7658ba52a000-7658ba52c000 rw-p 0003a000 fc:00 35393385                   /home/henriqueramos_qs/meta-learning-concept-drift/.venv/lib/python3.12/site-packages/pandas/_libs/ops.cpython-312-x86_64-linux-gnu.so
7658ba52c000-7658ba72d000 rw-p 00000000 00:00 0 
7658ba72d000-7658ba761000 r--p 00000000 fc:00 35401576                   /home/henriqueramos_qs/meta-learning-concept-drift/.venv/lib/python3.12/site-packages/pyarrow/_compute.cpython-312-x86_64-linux-gnu.so
7658ba761000-7658ba7fe000 r-xp 00034000 fc:00 35401576                   /home/henriqueramos_qs/meta-learning-concept-drift/.venv/lib/python3.12/site-packages/pyarrow/_compute.cpython-312-x86_64-linux-gnu.so
7658ba7fe000-7658ba833000 r--p 000d1000 fc:00 35401576                   /home/henriqueramos_qs/meta-learning-concept-drift/.venv/lib/python3.12/site-packages/pyarrow/_compute.cpython-312-x86_64-linux-gnu.so
7658ba833000-7658ba839000 r--p 00105000 fc:00 35401576                   /home/henriqueramos_qs/meta-learning-concept-drift/.venv/lib/python3.12/site-packages/pyarrow/_compute.cpython-312-x86_64-linux-gnu.so
7658ba839000-7658ba846000 rw-p 0010b000 fc:00 35401576                   /home/henriqueramos_qs/meta-learning-concept-drift/.venv/lib/python3.12/site-packages/pyarrow/_compute.cpython-312-x86_64-linux-gnu.so
7658ba846000-7658ba94a000 rw-p 00000000 00:00 0 
7658ba94a000-7658ba956000 r--p 00000000 fc:00 35393381                   /home/henriqueramos_qs/meta-learning-concept-drift/.venv/lib/python3.12/site-packages/pandas/_libs/lib.cpython-312-x86_64-linux-gnu.so
7658ba956000-7658ba9f2000 r-xp 0000c000 fc:00 35393381                   /home/henriqueramos_qs/meta-learning-concept-drift/.venv/lib/python3.12/site-packages/pandas/_libs/lib.cpython-312-x86_64-linux-gnu.so
7658ba9f2000-7658baa0d000 r--p 000a8000 fc:00 35393381                   /home/henriqueramos_qs/meta-learning-concept-drift/.venv/lib/python3.12/site-packages/pandas/_libs/lib.cpython-312-x86_64-linux-gnu.so
7658baa0d000-7658baa0e000 ---p 000c3000 fc:00 35393381                   /home/henriqueramos_qs/meta-learning-concept-drift/.venv/lib/python3.12/site-packages/pandas/_libs/lib.cpython-312-x86_64-linux-gnu.so
7658baa0e000-7658baa11000 r--p 000c3000 fc:00 35393381                   /home/henriqueramos_qs/meta-learning-concept-drift/.venv/lib/python3.12/site-packages/pandas/_libs/lib.cpython-312-x86_64-linux-gnu.so
7658baa11000-7658baa17000 rw-p 000c6000 fc:00 35393381                   /home/henriqueramos_qs/meta-learning-concept-drift/.venv/lib/python3.12/site-packages/pandas/_libs/lib.cpython-312-x86_64-linux-gnu.so
7658baa17000-7658baa19000 rw-p 00000000 00:00 0 
7658baa19000-7658baa25000 r--p 00000000 fc:00 35393357                   /home/henriqueramos_qs/meta-learning-concept-drift/.venv/lib/python3.12/site-packages/pandas/_libs/algos.cpython-312-x86_64-linux-gnu.so
7658baa25000-7658babd3000 r-xp 0000c000 fc:00 35393357                   /home/henriqueramos_qs/meta-learning-concept-drift/.venv/lib/python3.12/site-packages/pandas/_libs/algos.cpython-312-x86_64-linux-gnu.so
7658babd3000-7658babf7000 r--p 001ba000 fc:00 35393357                   /home/henriqueramos_qs/meta-learning-concept-drift/.venv/lib/python3.12/site-packages/pandas/_libs/algos.cpython-312-x86_64-linux-gnu.so
7658babf7000-7658babf8000 ---p 001de000 fc:00 35393357                   /home/henriqueramos_qs/meta-learning-concept-drift/.venv/lib/python3.12/site-packages/pandas/_libs/algos.cpython-312-x86_64-linux-gnu.so
7658babf8000-7658babfb000 r--p 001de000 fc:00 35393357                   /home/henriqueramos_qs/meta-learning-concept-drift/.venv/lib/python3.12/site-packages/pandas/_libs/algos.cpython-312-x86_64-linux-gnu.so
7658babfb000-7658babff000 rw-p 001e1000 fc:00 35393357                   /home/henriqueramos_qs/meta-learning-concept-drift/.venv/lib/python3.12/site-packages/pandas/_libs/algos.cpython-312-x86_64-linux-gnu.so
7658babff000-7658bac02000 rw-p 00000000 00:00 0 
7658bac02000-7658bac08000 r--p 00000000 fc:00 35393438                   /home/henriqueramos_qs/meta-learning-concept-drift/.venv/lib/python3.12/site-packages/pandas/_libs/tslibs/vectorized.cpython-312-x86_64-linux-gnu.so
7658bac08000-7658bac2f000 r-xp 00006000 fc:00 35393438                   /home/henriqueramos_qs/meta-learning-concept-drift/.venv/lib/python3.12/site-packages/pandas/_libs/tslibs/vectorized.cpython-312-x86_64-linux-gnu.so
7658bac2f000-7658bac38000 r--p 0002d000 fc:00 35393438                   /home/henriqueramos_qs/meta-learning-concept-drift/.venv/lib/python3.12/site-packages/pandas/_libs/tslibs/vectorized.cpython-312-x86_64-linux-gnu.so
7658bac38000-7658bac39000 ---p 00036000 fc:00 35393438                   /home/henriqueramos_qs/meta-learning-concept-drift/.venv/lib/python3.12/site-packages/pandas/_libs/tslibs/vectorized.cpython-312-x86_64-linux-gnu.so
7658bac39000-7658bac3a000 r--p 00036000 fc:00 35393438                   /home/henriqueramos_qs/meta-learning-concept-drift/.venv/lib/python3.12/site-packages/pandas/_libs/tslibs/vectorized.cpython-312-x86_64-linux-gnu.so
7658bac3a000-7658bac3c000 rw-p 00037000 fc:00 35393438                   /home/henriqueramos_qs/meta-learning-concept-drift/.venv/lib/python3.12/site-packages/pandas/_libs/tslibs/vectorized.cpython-312-x86_64-linux-gnu.so
7658bac3c000-7658bac3d000 rw-p 00000000 00:00 0 
7658bac3d000-7658bac46000 r--p 00000000 fc:00 35393426                   /home/henriqueramos_qs/meta-learning-concept-drift/.venv/lib/python3.12/site-packages/pandas/_libs/tslibs/period.cpython-312-x86_64-linux-gnu.so
7658bac46000-7658bac96000 r-xp 00009000 fc:00 35393426                   /home/henriqueramos_qs/meta-learning-concept-drift/.venv/lib/python3.12/site-packages/pandas/_libs/tslibs/period.cpython-312-x86_64-linux-gnu.so
7658bac96000-7658bacb0000 r--p 00059000 fc:00 35393426                   /home/henriqueramos_qs/meta-learning-concept-drift/.venv/lib/python3.12/site-packages/pandas/_libs/tslibs/period.cpython-312-x86_64-linux-gnu.so
7658bacb0000-7658bacb3000 r--p 00072000 fc:00 35393426                   /home/henriqueramos_qs/meta-learning-concept-drift/.venv/lib/python3.12/site-packages/pandas/_libs/tslibs/period.cpython-312-x86_64-linux-gnu.so
7658bacb3000-7658bacb6000 rw-p 00075000 fc:00 35393426                   /home/henriqueramos_qs/meta-learning-concept-drift/.venv/lib/python3.12/site-packages/pandas/_libs/tslibs/period.cpython-312-x86_64-linux-gnu.so
7658bacb6000-7658bacb7000 rw-p 00000000 00:00 0 
7658bacb7000-7658bacbe000 r--p 00000000 fc:00 35393428                   /home/henriqueramos_qs/meta-learning-concept-drift/.venv/lib/python3.12/site-packages/pandas/_libs/tslibs/strptime.cpython-312-x86_64-linux-gnu.so
7658bacbe000-7658bad01000 r-xp 00007000 fc:00 35393428                   /home/henriqueramos_qs/meta-learning-concept-drift/.venv/lib/python3.12/site-packages/pandas/_libs/tslibs/strptime.cpython-312-x86_64-linux-gnu.so
7658bad01000-7658bad0c000 r--p 0004a000 fc:00 35393428                   /home/henriqueramos_qs/meta-learning-concept-drift/.venv/lib/python3.12/site-packages/pandas/_libs/tslibs/strptime.cpython-312-x86_64-linux-gnu.so
7658bad0c000-7658bad0d000 ---p 00055000 fc:00 35393428                   /home/henriqueramos_qs/meta-learning-concept-drift/.venv/lib/python3.12/site-packages/pandas/_libs/tslibs/strptime.cpython-312-x86_64-linux-gnu.so
7658bad0d000-7658bad0f000 r--p 00055000 fc:00 35393428                   /home/henriqueramos_qs/meta-learning-concept-drift/.venv/lib/python3.12/site-packages/pandas/_libs/tslibs/strptime.cpython-312-x86_64-linux-gnu.so
7658bad0f000-7658bad11000 rw-p 00057000 fc:00 35393428                   /home/henriqueramos_qs/meta-learning-concept-drift/.venv/lib/python3.12/site-packages/pandas/_libs/tslibs/strptime.cpython-312-x86_64-linux-gnu.so
7658bad11000-7658bae12000 rw-p 00000000 00:00 0 
7658bae12000-7658bae1a000 r--p 00000000 fc:00 35393424                   /home/henriqueramos_qs/meta-learning-concept-drift/.venv/lib/python3.12/site-packages/pandas/_libs/tslibs/parsing.cpython-312-x86_64-linux-gnu.so
7658bae1a000-7658bae65000 r-xp 00008000 fc:00 35393424                   /home/henriqueramos_qs/meta-learning-concept-drift/.venv/lib/python3.12/site-packages/pandas/_libs/tslibs/parsing.cpython-312-x86_64-linux-gnu.so
7658bae65000-7658bae73000 r--p 00053000 fc:00 35393424                   /home/henriqueramos_qs/meta-learning-concept-drift/.venv/lib/python3.12/site-packages/pandas/_libs/tslibs/parsing.cpython-312-x86_64-linux-gnu.so
7658bae73000-7658bae74000 ---p 00061000 fc:00 35393424                   /home/henriqueramos_qs/meta-learning-concept-drift/.venv/lib/python3.12/site-packages/pandas/_libs/tslibs/parsing.cpython-312-x86_64-linux-gnu.so
7658bae74000-7658bae76000 r--p 00061000 fc:00 35393424                   /home/henriqueramos_qs/meta-learning-concept-drift/.venv/lib/python3.12/site-packages/pandas/_libs/tslibs/parsing.cpython-312-x86_64-linux-gnu.so
7658bae76000-7658bae79000 rw-p 00063000 fc:00 35393424                   /home/henriqueramos_qs/meta-learning-concept-drift/.venv/lib/python3.12/site-packages/pandas/_libs/tslibs/parsing.cpython-312-x86_64-linux-gnu.so
7658bae79000-7658bae7a000 rw-p 00000000 00:00 0 
7658bae7a000-7658bae84000 r--p 00000000 fc:00 35393430                   /home/henriqueramos_qs/meta-learning-concept-drift/.venv/lib/python3.12/site-packages/pandas/_libs/tslibs/timedeltas.cpython-312-x86_64-linux-gnu.so
7658bae84000-7658baee8000 r-xp 0000a000 fc:00 35393430                   /home/henriqueramos_qs/meta-learning-concept-drift/.venv/lib/python3.12/site-packages/pandas/_libs/tslibs/timedeltas.cpython-312-x86_64-linux-gnu.so
7658baee8000-7658baefe000 r--p 0006e000 fc:00 35393430                   /home/henriqueramos_qs/meta-learning-concept-drift/.venv/lib/python3.12/site-packages/pandas/_libs/tslibs/timedeltas.cpython-312-x86_64-linux-gnu.so
7658baefe000-7658baf01000 r--p 00083000 fc:00 35393430                   /home/henriqueramos_qs/meta-learning-concept-drift/.venv/lib/python3.12/site-packages/pandas/_libs/tslibs/timedeltas.cpython-312-x86_64-linux-gnu.so
7658baf01000-7658baf04000 rw-p 00086000 fc:00 35393430                   /home/henriqueramos_qs/meta-learning-concept-drift/.venv/lib/python3.12/site-packages/pandas/_libs/tslibs/timedeltas.cpython-312-x86_64-linux-gnu.so
7658baf04000-7658baf06000 rw-p 00000000 00:00 0 
7658baf06000-7658baf16000 r--p 00000000 fc:00 35393422                   /home/henriqueramos_qs/meta-learning-concept-drift/.venv/lib/python3.12/site-packages/pandas/_libs/tslibs/offsets.cpython-312-x86_64-linux-gnu.so
7658baf16000-7658bafc6000 r-xp 00010000 fc:00 35393422                   /home/henriqueramos_qs/meta-learning-concept-drift/.venv/lib/python3.12/site-packages/pandas/_libs/tslibs/offsets.cpython-312-x86_64-linux-gnu.so
7658bafc6000-7658bafee000 r--p 000c0000 fc:00 35393422                   /home/henriqueramos_qs/meta-learning-concept-drift/.venv/lib/python3.12/site-packages/pandas/_libs/tslibs/offsets.cpython-312-x86_64-linux-gnu.so
7658bafee000-7658bafef000 ---p 000e8000 fc:00 35393422                   /home/henriqueramos_qs/meta-learning-concept-drift/.venv/lib/python3.12/site-packages/pandas/_libs/tslibs/offsets.cpython-312-x86_64-linux-gnu.so
7658bafef000-7658baff3000 r--p 000e8000 fc:00 35393422                   /home/henriqueramos_qs/meta-learning-concept-drift/.venv/lib/python3.12/site-packages/pandas/_libs/tslibs/offsets.cpython-312-x86_64-linux-gnu.so
7658baff3000-7658baffd000 rw-p 000ec000 fc:00 35393422                   /home/henriqueramos_qs/meta-learning-concept-drift/.venv/lib/python3.12/site-packages/pandas/_libs/tslibs/offsets.cpython-312-x86_64-linux-gnu.so
7658baffd000-7658bb000000 rw-p 00000000 00:00 0 
7658bb000000-7658bb014000 r--p 00000000 fc:00 35393367                   /home/henriqueramos_qs/meta-learning-concept-drift/.venv/lib/python3.12/site-packages/pandas/_libs/hashtable.cpython-312-x86_64-linux-gnu.so
7658bb014000-7658bb1be000 r-xp 00014000 fc:00 35393367                   /home/henriqueramos_qs/meta-learning-concept-drift/.venv/lib/python3.12/site-packages/pandas/_libs/hashtable.cpython-312-x86_64-linux-gnu.so
7658bb1be000-7658bb1fb000 r--p 001be000 fc:00 35393367                   /home/henriqueramos_qs/meta-learning-concept-drift/.venv/lib/python3.12/site-packages/pandas/_libs/hashtable.cpython-312-x86_64-linux-gnu.so
7658bb1fb000-7658bb1fc000 ---p 001fb000 fc:00 35393367                   /home/henriqueramos_qs/meta-learning-concept-drift/.venv/lib/python3.12/site-packages/pandas/_libs/hashtable.cpython-312-x86_64-linux-gnu.so
7658bb1fc000-7658bb200000 r--p 001fb000 fc:00 35393367                   /home/henriqueramos_qs/meta-learning-concept-drift/.venv/lib/python3.12/site-packages/pandas/_libs/hashtable.cpython-312-x86_64-linux-gnu.so
7658bb200000-7658bb20d000 rw-p 001ff000 fc:00 35393367                   /home/henriqueramos_qs/meta-learning-concept-drift/.venv/lib/python3.12/site-packages/pandas/_libs/hashtable.cpython-312-x86_64-linux-gnu.so
7658bb20d000-7658bb213000 rw-p 00000000 00:00 0 
7658bb215000-7658bb216000 r--p 00000000 fc:00 35397510                   /home/henriqueramos_qs/meta-learning-concept-drift/.venv/lib/python3.12/site-packages/scipy/optimize/_zeros.cpython-312-x86_64-linux-gnu.so
7658bb216000-7658bb218000 r-xp 00001000 fc:00 35397510                   /home/henriqueramos_qs/meta-learning-concept-drift/.venv/lib/python3.12/site-packages/scipy/optimize/_zeros.cpython-312-x86_64-linux-gnu.so
7658bb218000-7658bb219000 r--p 00003000 fc:00 35397510                   /home/henriqueramos_qs/meta-learning-concept-drift/.venv/lib/python3.12/site-packages/scipy/optimize/_zeros.cpython-312-x86_64-linux-gnu.so
7658bb219000-7658bb21a000 r--p 00003000 fc:00 35397510                   /home/henriqueramos_qs/meta-learning-concept-drift/.venv/lib/python3.12/site-packages/scipy/optimize/_zeros.cpython-312-x86_64-linux-gnu.so
7658bb21a000-7658bb21b000 rw-p 00004000 fc:00 35397510                   /home/henriqueramos_qs/meta-learning-concept-drift/.venv/lib/python3.12/site-packages/scipy/optimize/_zeros.cpython-312-x86_64-linux-gnu.so
7658bb21b000-7658bb21d000 r--p 00000000 fc:00 34896621                   /home/henriqueramos_qs/meta-learning-concept-drift/.venv/lib/python3.12/site-packages/psutil/_psutil_posix.abi3.so
7658bb21d000-7658bb21f000 r-xp 00002000 fc:00 34896621                   /home/henriqueramos_qs/meta-learning-concept-drift/.venv/lib/python3.12/site-packages/psutil/_psutil_posix.abi3.so
7658bb21f000-7658bb220000 r--p 00004000 fc:00 34896621                   /home/henriqueramos_qs/meta-learning-concept-drift/.venv/lib/python3.12/site-packages/psutil/_psutil_posix.abi3.so
7658bb220000-7658bb221000 r--p 00004000 fc:00 34896621                   /home/henriqueramos_qs/meta-learning-concept-drift/.venv/lib/python3.12/site-packages/psutil/_psutil_posix.abi3.so
7658bb221000-7658bb222000 rw-p 00005000 fc:00 34896621                   /home/henriqueramos_qs/meta-learning-concept-drift/.venv/lib/python3.12/site-packages/psutil/_psutil_posix.abi3.so
7658bb222000-7658bb22d000 r--p 00000000 fc:00 35393432                   /home/henriqueramos_qs/meta-learning-concept-drift/.venv/lib/python3.12/site-packages/pandas/_libs/tslibs/timestamps.cpython-312-x86_64-linux-gnu.so
7658bb22d000-7658bb28c000 r-xp 0000b000 fc:00 35393432                   /home/henriqueramos_qs/meta-learning-concept-drift/.venv/lib/python3.12/site-packages/pandas/_libs/tslibs/timestamps.cpython-312-x86_64-linux-gnu.so
7658bb28c000-7658bb2ae000 r--p 0006a000 fc:00 35393432                   /home/henriqueramos_qs/meta-learning-concept-drift/.venv/lib/python3.12/site-packages/pandas/_libs/tslibs/timestamps.cpython-312-x86_64-linux-gnu.so
7658bb2ae000-7658bb2af000 ---p 0008c000 fc:00 35393432                   /home/henriqueramos_qs/meta-learning-concept-drift/.venv/lib/python3.12/site-packages/pandas/_libs/tslibs/timestamps.cpython-312-x86_64-linux-gnu.so
7658bb2af000-7658bb2b2000 r--p 0008c000 fc:00 35393432                   /home/henriqueramos_qs/meta-learning-concept-drift/.venv/lib/python3.12/site-packages/pandas/_libs/tslibs/timestamps.cpython-312-x86_64-linux-gnu.so
7658bb2b2000-7658bb2b5000 rw-p 0008f000 fc:00 35393432                   /home/henriqueramos_qs/meta-learning-concept-drift/.venv/lib/python3.12/site-packages/pandas/_libs/tslibs/timestamps.cpython-312-x86_64-linux-gnu.so
7658bb2b5000-7658bb3b7000 rw-p 00000000 00:00 0 
7658bb3b7000-7658bb3c4000 r--p 00000000 fc:00 35393375                   /home/henriqueramos_qs/meta-learning-concept-drift/.venv/lib/python3.12/site-packages/pandas/_libs/interval.cpython-312-x86_64-linux-gnu.so
7658bb3c4000-7658bb4d0000 r-xp 0000d000 fc:00 35393375                   /home/henriqueramos_qs/meta-learning-concept-drift/.venv/lib/python3.12/site-packages/pandas/_libs/interval.cpython-312-x86_64-linux-gnu.so
7658bb4d0000-7658bb4f5000 r--p 00119000 fc:00 35393375                   /home/henriqueramos_qs/meta-learning-concept-drift/.venv/lib/python3.12/site-packages/pandas/_libs/interval.cpython-312-x86_64-linux-gnu.so
7658bb4f5000-7658bb4f7000 r--p 0013d000 fc:00 35393375                   /home/henriqueramos_qs/meta-learning-concept-drift/.venv/lib/python3.12/site-packages/pandas/_libs/interval.cpython-312-x86_64-linux-gnu.so
7658bb4f7000-7658bb4fe000 rw-p 0013f000 fc:00 35393375                   /home/henriqueramos_qs/meta-learning-concept-drift/.venv/lib/python3.12/site-packages/pandas/_libs/interval.cpython-312-x86_64-linux-gnu.so
7658bb4fe000-7658bb600000 rw-p 00000000 00:00 0 
7658bb600000-7658bb6b3000 r--p 00000000 08:05 8388997                    /usr/lib/x86_64-linux-gnu/libcrypto.so.3
7658bb6b3000-7658bb9e6000 r-xp 000b3000 08:05 8388997                    /usr/lib/x86_64-linux-gnu/libcrypto.so.3
7658bb9e6000-7658bbab1000 r--p 003e6000 08:05 8388997                    /usr/lib/x86_64-linux-gnu/libcrypto.so.3
7658bbab1000-7658bbb0d000 r--p 004b0000 08:05 8388997                    /usr/lib/x86_64-linux-gnu/libcrypto.so.3
7658bbb0d000-7658bbb10000 rw-p 0050c000 08:05 8388997                    /usr/lib/x86_64-linux-gnu/libcrypto.so.3
7658bbb10000-7658bbb13000 rw-p 00000000 00:00 0 
7658bbb15000-7658bbb17000 r--p 00000000 fc:00 34896620                   /home/henriqueramos_qs/meta-learning-concept-drift/.venv/lib/python3.12/site-packages/psutil/_psutil_linux.abi3.so
7658bbb17000-7658bbb1a000 r-xp 00002000 fc:00 34896620                   /home/henriqueramos_qs/meta-learning-concept-drift/.venv/lib/python3.12/site-packages/psutil/_psutil_linux.abi3.so
7658bbb1a000-7658bbb1b000 r--p 00005000 fc:00 34896620                   /home/henriqueramos_qs/meta-learning-concept-drift/.venv/lib/python3.12/site-packages/psutil/_psutil_linux.abi3.so
7658bbb1b000-7658bbb1c000 r--p 00005000 fc:00 34896620                   /home/henriqueramos_qs/meta-learning-concept-drift/.venv/lib/python3.12/site-packages/psutil/_psutil_linux.abi3.so
7658bbb1c000-7658bbb1d000 rw-p 00006000 fc:00 34896620                   /home/henriqueramos_qs/meta-learning-concept-drift/.venv/lib/python3.12/site-packages/psutil/_psutil_linux.abi3.so
7658bbb1d000-7658bbb23000 r--p 00000000 fc:00 35393436                   /home/henriqueramos_qs/meta-learning-concept-drift/.venv/lib/python3.12/site-packages/pandas/_libs/tslibs/tzconversion.cpython-312-x86_64-linux-gnu.so
7658bbb23000-7658bbb5b000 r-xp 00006000 fc:00 35393436                   /home/henriqueramos_qs/meta-learning-concept-drift/.venv/lib/python3.12/site-packages/pandas/_libs/tslibs/tzconversion.cpython-312-x86_64-linux-gnu.so
7658bbb5b000-7658bbb65000 r--p 0003e000 fc:00 35393436                   /home/henriqueramos_qs/meta-learning-concept-drift/.venv/lib/python3.12/site-packages/pandas/_libs/tslibs/tzconversion.cpython-312-x86_64-linux-gnu.so
7658bbb65000-7658bbb67000 r--p 00047000 fc:00 35393436                   /home/henriqueramos_qs/meta-learning-concept-drift/.venv/lib/python3.12/site-packages/pandas/_libs/tslibs/tzconversion.cpython-312-x86_64-linux-gnu.so
7658bbb67000-7658bbb69000 rw-p 00049000 fc:00 35393436                   /home/henriqueramos_qs/meta-learning-concept-drift/.venv/lib/python3.12/site-packages/pandas/_libs/tslibs/tzconversion.cpython-312-x86_64-linux-gnu.so
7658bbb69000-7658bbb6a000 rw-p 00000000 00:00 0 
7658bbb6a000-7658bbb73000 r--p 00000000 fc:00 35392642                   /home/henriqueramos_qs/meta-learning-concept-drift/.venv/lib/python3.12/site-packages/numpy/random/mtrand.cpython-312-x86_64-linux-gnu.so
7658bbb73000-7658bbbc1000 r-xp 00009000 fc:00 35392642                   /home/henriqueramos_qs/meta-learning-concept-drift/.venv/lib/python3.12/site-packages/numpy/random/mtrand.cpython-312-x86_64-linux-gnu.so
7658bbbc1000-7658bbc16000 r--p 00057000 fc:00 35392642                   /home/henriqueramos_qs/meta-learning-concept-drift/.venv/lib/python3.12/site-packages/numpy/random/mtrand.cpython-312-x86_64-linux-gnu.so
7658bbc16000-7658bbc19000 r--p 000ab000 fc:00 35392642                   /home/henriqueramos_qs/meta-learning-concept-drift/.venv/lib/python3.12/site-packages/numpy/random/mtrand.cpython-312-x86_64-linux-gnu.so
7658bbc19000-7658bbc1b000 rw-p 000ae000 fc:00 35392642                   /home/henriqueramos_qs/meta-learning-concept-drift/.venv/lib/python3.12/site-packages/numpy/random/mtrand.cpython-312-x86_64-linux-gnu.so
7658bbc1b000-7658bbc1d000 rw-p 00000000 00:00 0 
7658bbc1d000-7658bbc29000 r--p 00000000 fc:00 35392626                   /home/henriqueramos_qs/meta-learning-concept-drift/.venv/lib/python3.12/site-packages/numpy/random/_generator.cpython-312-x86_64-linux-gnu.so
7658bbc29000-7658bbc9d000 r-xp 0000c000 fc:00 35392626                   /home/henriqueramos_qs/meta-learning-concept-drift/.venv/lib/python3.12/site-packages/numpy/random/_generator.cpython-312-x86_64-linux-gnu.so
7658bbc9d000-7658bbcf7000 r--p 00080000 fc:00 35392626                   /home/henriqueramos_qs/meta-learning-concept-drift/.venv/lib/python3.12/site-packages/numpy/random/_generator.cpython-312-x86_64-linux-gnu.so
7658bbcf7000-7658bbcfa000 r--p 000da000 fc:00 35392626                   /home/henriqueramos_qs/meta-learning-concept-drift/.venv/lib/python3.12/site-packages/numpy/random/_generator.cpython-312-x86_64-linux-gnu.so
7658bbcfa000-7658bbcfd000 rw-p 000dd000 fc:00 35392626                   /home/henriqueramos_qs/meta-learning-concept-drift/.venv/lib/python3.12/site-packages/numpy/random/_generator.cpython-312-x86_64-linux-gnu.so
7658bbcfd000-7658bbdff000 rw-p 00000000 00:00 0 
7658bbdff000-7658bbe00000 ---p 00000000 00:00 0 
7658bbe00000-7658bc600000 rw-p 00000000 00:00 0 
7658bc600000-7658bce00000 rw-p 00000000 00:00 0 
7658bce00000-7658bd222000 r--p 00000000 fc:00 35401656                   /home/henriqueramos_qs/meta-learning-concept-drift/.venv/lib/python3.12/site-packages/pyarrow/libarrow.so.2100
7658bd222000-7658beb8b000 r-xp 00422000 fc:00 35401656                   /home/henriqueramos_qs/meta-learning-concept-drift/.venv/lib/python3.12/site-packages/pyarrow/libarrow.so.2100
7658beb8b000-7658bf259000 r--p 01d8b000 fc:00 35401656                   /home/henriqueramos_qs/meta-learning-concept-drift/.venv/lib/python3.12/site-packages/pyarrow/libarrow.so.2100
7658bf259000-7658bf333000 r--p 02458000 fc:00 35401656                   /home/henriqueramos_qs/meta-learning-concept-drift/.venv/lib/python3.12/site-packages/pyarrow/libarrow.so.2100
7658bf333000-7658bf366000 rw-p 02532000 fc:00 35401656                   /home/henriqueramos_qs/meta-learning-concept-drift/.venv/lib/python3.12/site-packages/pyarrow/libarrow.so.2100
7658bf366000-7658bf58e000 rw-p 00000000 00:00 0 
7658bf591000-7658bf593000 r--p 00000000 08:05 8394175                    /usr/lib/python3.12/lib-dynload/_multiprocessing.cpython-312-x86_64-linux-gnu.so
7658bf593000-7658bf595000 r-xp 00002000 08:05 8394175                    /usr/lib/python3.12/lib-dynload/_multiprocessing.cpython-312-x86_64-linux-gnu.so
7658bf595000-7658bf596000 r--p 00004000 08:05 8394175                    /usr/lib/python3.12/lib-dynload/_multiprocessing.cpython-312-x86_64-linux-gnu.so
7658bf596000-7658bf597000 r--p 00004000 08:05 8394175                    /usr/lib/python3.12/lib-dynload/_multiprocessing.cpython-312-x86_64-linux-gnu.so
7658bf597000-7658bf598000 rw-p 00005000 08:05 8394175                    /usr/lib/python3.12/lib-dynload/_multiprocessing.cpython-312-x86_64-linux-gnu.so
7658bf598000-7658bf59c000 r--p 00000000 fc:00 35393393                   /home/henriqueramos_qs/meta-learning-concept-drift/.venv/lib/python3.12/site-packages/pandas/_libs/properties.cpython-312-x86_64-linux-gnu.so
7658bf59c000-7658bf5a9000 r-xp 00004000 fc:00 35393393                   /home/henriqueramos_qs/meta-learning-concept-drift/.venv/lib/python3.12/site-packages/pandas/_libs/properties.cpython-312-x86_64-linux-gnu.so
7658bf5a9000-7658bf5ac000 r--p 00011000 fc:00 35393393                   /home/henriqueramos_qs/meta-learning-concept-drift/.venv/lib/python3.12/site-packages/pandas/_libs/properties.cpython-312-x86_64-linux-gnu.so
7658bf5ac000-7658bf5ad000 ---p 00014000 fc:00 35393393                   /home/henriqueramos_qs/meta-learning-concept-drift/.venv/lib/python3.12/site-packages/pandas/_libs/properties.cpython-312-x86_64-linux-gnu.so
7658bf5ad000-7658bf5ae000 r--p 00014000 fc:00 35393393                   /home/henriqueramos_qs/meta-learning-concept-drift/.venv/lib/python3.12/site-packages/pandas/_libs/properties.cpython-312-x86_64-linux-gnu.so
7658bf5ae000-7658bf5af000 rw-p 00015000 fc:00 35393393                   /home/henriqueramos_qs/meta-learning-concept-drift/.venv/lib/python3.12/site-packages/pandas/_libs/properties.cpython-312-x86_64-linux-gnu.so
7658bf5af000-7658bf5b0000 rw-p 00000000 00:00 0 
7658bf5b0000-7658bf5b7000 r--p 00000000 fc:00 35393416                   /home/henriqueramos_qs/meta-learning-concept-drift/.venv/lib/python3.12/site-packages/pandas/_libs/tslibs/fields.cpython-312-x86_64-linux-gnu.so
7658bf5b7000-7658bf5ef000 r-xp 00007000 fc:00 35393416                   /home/henriqueramos_qs/meta-learning-concept-drift/.venv/lib/python3.12/site-packages/pandas/_libs/tslibs/fields.cpython-312-x86_64-linux-gnu.so
7658bf5ef000-7658bf5fa000 r--p 0003f000 fc:00 35393416                   /home/henriqueramos_qs/meta-learning-concept-drift/.venv/lib/python3.12/site-packages/pandas/_libs/tslibs/fields.cpython-312-x86_64-linux-gnu.so
7658bf5fa000-7658bf5fb000 ---p 0004a000 fc:00 35393416                   /home/henriqueramos_qs/meta-learning-concept-drift/.venv/lib/python3.12/site-packages/pandas/_libs/tslibs/fields.cpython-312-x86_64-linux-gnu.so
7658bf5fb000-7658bf5fd000 r--p 0004a000 fc:00 35393416                   /home/henriqueramos_qs/meta-learning-concept-drift/.venv/lib/python3.12/site-packages/pandas/_libs/tslibs/fields.cpython-312-x86_64-linux-gnu.so
7658bf5fd000-7658bf5ff000 rw-p 0004c000 fc:00 35393416                   /home/henriqueramos_qs/meta-learning-concept-drift/.venv/lib/python3.12/site-packages/pandas/_libs/tslibs/fields.cpython-312-x86_64-linux-gnu.so
7658bf5ff000-7658bf600000 rw-p 00000000 00:00 0 
7658bf600000-7658bf710000 r--p 00000000 fc:00 35401658                   /home/henriqueramos_qs/meta-learning-concept-drift/.venv/lib/python3.12/site-packages/pyarrow/libarrow_compute.so.2100
7658bf710000-7658c01ec000 r-xp 00110000 fc:00 35401658                   /home/henriqueramos_qs/meta-learning-concept-drift/.venv/lib/python3.12/site-packages/pyarrow/libarrow_compute.so.2100
7658c01ec000-7658c0403000 r--p 00bec000 fc:00 35401658                   /home/henriqueramos_qs/meta-learning-concept-drift/.venv/lib/python3.12/site-packages/pyarrow/libarrow_compute.so.2100
7658c0403000-7658c0404000 ---p 00e03000 fc:00 35401658                   /home/henriqueramos_qs/meta-learning-concept-drift/.venv/lib/python3.12/site-packages/pyarrow/libarrow_compute.so.2100
7658c0404000-7658c0422000 r--p 00e03000 fc:00 35401658                   /home/henriqueramos_qs/meta-learning-concept-drift/.venv/lib/python3.12/site-packages/pyarrow/libarrow_compute.so.2100
7658c0422000-7658c0427000 rw-p 00e21000 fc:00 35401658                   /home/henriqueramos_qs/meta-learning-concept-drift/.venv/lib/python3.12/site-packages/pyarrow/libarrow_compute.so.2100
7658c0427000-7658c0434000 rw-p 00000000 00:00 0 
7658c0436000-7658c0439000 r--p 00000000 fc:00 35399520                   /home/henriqueramos_qs/meta-learning-concept-drift/.venv/lib/python3.12/site-packages/sklearn/__check_build/_check_build.cpython-312-x86_64-linux-gnu.so
7658c0439000-7658c043c000 r-xp 00003000 fc:00 35399520                   /home/henriqueramos_qs/meta-learning-concept-drift/.venv/lib/python3.12/site-packages/sklearn/__check_build/_check_build.cpython-312-x86_64-linux-gnu.so
7658c043c000-7658c043e000 r--p 00006000 fc:00 35399520                   /home/henriqueramos_qs/meta-learning-concept-drift/.venv/lib/python3.12/site-packages/sklearn/__check_build/_check_build.cpython-312-x86_64-linux-gnu.so
7658c043e000-7658c043f000 r--p 00007000 fc:00 35399520                   /home/henriqueramos_qs/meta-learning-concept-drift/.venv/lib/python3.12/site-packages/sklearn/__check_build/_check_build.cpython-312-x86_64-linux-gnu.so
7658c043f000-7658c0440000 rw-p 00008000 fc:00 35399520                   /home/henriqueramos_qs/meta-learning-concept-drift/.venv/lib/python3.12/site-packages/sklearn/__check_build/_check_build.cpython-312-x86_64-linux-gnu.so
7658c0440000-7658c0446000 r--p 00000000 fc:00 35393434                   /home/henriqueramos_qs/meta-learning-concept-drift/.venv/lib/python3.12/site-packages/pandas/_libs/tslibs/timezones.cpython-312-x86_64-linux-gnu.so
7658c0446000-7658c0474000 r-xp 00006000 fc:00 35393434                   /home/henriqueramos_qs/meta-learning-concept-drift/.venv/lib/python3.12/site-packages/pandas/_libs/tslibs/timezones.cpython-312-x86_64-linux-gnu.so
7658c0474000-7658c047e000 r--p 00034000 fc:00 35393434                   /home/henriqueramos_qs/meta-learning-concept-drift/.venv/lib/python3.12/site-packages/pandas/_libs/tslibs/timezones.cpython-312-x86_64-linux-gnu.so
7658c047e000-7658c0480000 r--p 0003d000 fc:00 35393434                   /home/henriqueramos_qs/meta-learning-concept-drift/.venv/lib/python3.12/site-packages/pandas/_libs/tslibs/timezones.cpython-312-x86_64-linux-gnu.so
7658c0480000-7658c0482000 rw-p 0003f000 fc:00 35393434                   /home/henriqueramos_qs/meta-learning-concept-drift/.venv/lib/python3.12/site-packages/pandas/_libs/tslibs/timezones.cpython-312-x86_64-linux-gnu.so
7658c0482000-7658c0483000 rw-p 00000000 00:00 0 
7658c0483000-7658c04da000 r--p 00000000 fc:00 35401657                   /home/henriqueramos_qs/meta-learning-concept-drift/.venv/lib/python3.12/site-packages/pyarrow/libarrow_acero.so.2100
7658c04da000-7658c05be000 r-xp 00057000 fc:00 35401657                   /home/henriqueramos_qs/meta-learning-concept-drift/.venv/lib/python3.12/site-packages/pyarrow/libarrow_acero.so.2100
7658c05be000-7658c05f7000 r--p 0013b000 fc:00 35401657                   /home/henriqueramos_qs/meta-learning-concept-drift/.venv/lib/python3.12/site-packages/pyarrow/libarrow_acero.so.2100
7658c05f7000-7658c05f8000 ---p 00174000 fc:00 35401657                   /home/henriqueramos_qs/meta-learning-concept-drift/.venv/lib/python3.12/site-packages/pyarrow/libarrow_acero.so.2100
7658c05f8000-7658c05fd000 r--p 00174000 fc:00 35401657                   /home/henriqueramos_qs/meta-learning-concept-drift/.venv/lib/python3.12/site-packages/pyarrow/libarrow_acero.so.2100
7658c05fd000-7658c0600000 rw-p 00179000 fc:00 35401657                   /home/henriqueramos_qs/meta-learning-concept-drift/.venv/lib/python3.12/site-packages/pyarrow/libarrow_acero.so.2100
7658c0600000-7658c07c6000 r--p 00000000 fc:00 35401671                   /home/henriqueramos_qs/meta-learning-concept-drift/.venv/lib/python3.12/site-packages/pyarrow/libparquet.so.2100
7658c07c6000-7658c0ce7000 r-xp 001c6000 fc:00 35401671                   /home/henriqueramos_qs/meta-learning-concept-drift/.venv/lib/python3.12/site-packages/pyarrow/libparquet.so.2100
7658c0ce7000-7658c0e56000 r--p 006e7000 fc:00 35401671                   /home/henriqueramos_qs/meta-learning-concept-drift/.venv/lib/python3.12/site-packages/pyarrow/libparquet.so.2100
7658c0e56000-7658c0e57000 ---p 00856000 fc:00 35401671                   /home/henriqueramos_qs/meta-learning-concept-drift/.venv/lib/python3.12/site-packages/pyarrow/libparquet.so.2100
7658c0e57000-7658c0ed5000 r--p 00856000 fc:00 35401671                   /home/henriqueramos_qs/meta-learning-concept-drift/.venv/lib/python3.12/site-packages/pyarrow/libparquet.so.2100
7658c0ed5000-7658c0ee3000 rw-p 008d4000 fc:00 35401671                   /home/henriqueramos_qs/meta-learning-concept-drift/.venv/lib/python3.12/site-packages/pyarrow/libparquet.so.2100
7658c0ee3000-7658c0ee7000 rw-p 00000000 00:00 0 
7658c0ee7000-7658c0ee8000 r--p 00000000 08:05 8420176                    /usr/lib/x86_64-linux-gnu/libutil.so.1
7658c0ee8000-7658c0ee9000 r-xp 00001000 08:05 8420176                    /usr/lib/x86_64-linux-gnu/libutil.so.1
7658c0ee9000-7658c0eea000 r--p 00002000 08:05 8420176                    /usr/lib/x86_64-linux-gnu/libutil.so.1
7658c0eea000-7658c0eeb000 r--p 00002000 08:05 8420176                    /usr/lib/x86_64-linux-gnu/libutil.so.1
7658c0eeb000-7658c0eec000 rw-p 00003000 08:05 8420176                    /usr/lib/x86_64-linux-gnu/libutil.so.1
7658c0eec000-7658c0ef0000 r--p 00000000 fc:00 35393387                   /home/henriqueramos_qs/meta-learning-concept-drift/.venv/lib/python3.12/site-packages/pandas/_libs/ops_dispatch.cpython-312-x86_64-linux-gnu.so
7658c0ef0000-7658c0ef7000 r-xp 00004000 fc:00 35393387                   /home/henriqueramos_qs/meta-learning-concept-drift/.venv/lib/python3.12/site-packages/pandas/_libs/ops_dispatch.cpython-312-x86_64-linux-gnu.so
7658c0ef7000-7658c0ef9000 r--p 0000b000 fc:00 35393387                   /home/henriqueramos_qs/meta-learning-concept-drift/.venv/lib/python3.12/site-packages/pandas/_libs/ops_dispatch.cpython-312-x86_64-linux-gnu.so
7658c0ef9000-7658c0efa000 ---p 0000d000 fc:00 35393387                   /home/henriqueramos_qs/meta-learning-concept-drift/.venv/lib/python3.12/site-packages/pandas/_libs/ops_dispatch.cpython-312-x86_64-linux-gnu.so
7658c0efa000-7658c0efb000 r--p 0000d000 fc:00 35393387                   /home/henriqueramos_qs/meta-learning-concept-drift/.venv/lib/python3.12/site-packages/pandas/_libs/ops_dispatch.cpython-312-x86_64-linux-gnu.so
7658c0efb000-7658c0efc000 rw-p 0000e000 fc:00 35393387                   /home/henriqueramos_qs/meta-learning-concept-drift/.venv/lib/python3.12/site-packages/pandas/_libs/ops_dispatch.cpython-312-x86_64-linux-gnu.so
7658c0efc000-7658c0f02000 r--p 00000000 fc:00 35393418                   /home/henriqueramos_qs/meta-learning-concept-drift/.venv/lib/python3.12/site-packages/pandas/_libs/tslibs/nattype.cpython-312-x86_64-linux-gnu.so
7658c0f02000-7658c0f20000 r-xp 00006000 fc:00 35393418                   /home/henriqueramos_qs/meta-learning-concept-drift/.venv/lib/python3.12/site-packages/pandas/_libs/tslibs/nattype.cpython-312-x86_64-linux-gnu.so
7658c0f20000-7658c0f2d000 r--p 00024000 fc:00 35393418                   /home/henriqueramos_qs/meta-learning-concept-drift/.venv/lib/python3.12/site-packages/pandas/_libs/tslibs/nattype.cpython-312-x86_64-linux-gnu.so
7658c0f2d000-7658c0f2f000 r--p 00030000 fc:00 35393418                   /home/henriqueramos_qs/meta-learning-concept-drift/.venv/lib/python3.12/site-packages/pandas/_libs/tslibs/nattype.cpython-312-x86_64-linux-gnu.so
7658c0f2f000-7658c0f31000 rw-p 00032000 fc:00 35393418                   /home/henriqueramos_qs/meta-learning-concept-drift/.venv/lib/python3.12/site-packages/pandas/_libs/tslibs/nattype.cpython-312-x86_64-linux-gnu.so
7658c0f31000-7658c1032000 rw-p 00000000 00:00 0 
7658c1032000-7658c10db000 r--p 00000000 fc:00 35401659                   /home/henriqueramos_qs/meta-learning-concept-drift/.venv/lib/python3.12/site-packages/pyarrow/libarrow_dataset.so.2100
7658c10db000-7658c11af000 r-xp 000a9000 fc:00 35401659                   /home/henriqueramos_qs/meta-learning-concept-drift/.venv/lib/python3.12/site-packages/pyarrow/libarrow_dataset.so.2100
7658c11af000-7658c11f4000 r--p 0017d000 fc:00 35401659                   /home/henriqueramos_qs/meta-learning-concept-drift/.venv/lib/python3.12/site-packages/pyarrow/libarrow_dataset.so.2100
7658c11f4000-7658c11f5000 ---p 001c2000 fc:00 35401659                   /home/henriqueramos_qs/meta-learning-concept-drift/.venv/lib/python3.12/site-packages/pyarrow/libarrow_dataset.so.2100
7658c11f5000-7658c11fd000 r--p 001c2000 fc:00 35401659                   /home/henriqueramos_qs/meta-learning-concept-drift/.venv/lib/python3.12/site-packages/pyarrow/libarrow_dataset.so.2100
7658c11fd000-7658c11ff000 rw-p 001ca000 fc:00 35401659                   /home/henriqueramos_qs/meta-learning-concept-drift/.venv/lib/python3.12/site-packages/pyarrow/libarrow_dataset.so.2100
7658c11ff000-7658c1200000 rw-p 00000000 00:00 0 
7658c1200000-7658c1274000 r--p 00000000 fc:00 35401670                   /home/henriqueramos_qs/meta-learning-concept-drift/.venv/lib/python3.12/site-packages/pyarrow/libarrow_substrait.so.2100
7658c1274000-7658c14b0000 r-xp 00074000 fc:00 35401670                   /home/henriqueramos_qs/meta-learning-concept-drift/.venv/lib/python3.12/site-packages/pyarrow/libarrow_substrait.so.2100
7658c14b0000-7658c1569000 r--p 002b0000 fc:00 35401670                   /home/henriqueramos_qs/meta-learning-concept-drift/.venv/lib/python3.12/site-packages/pyarrow/libarrow_substrait.so.2100
7658c1569000-7658c156a000 ---p 00369000 fc:00 35401670                   /home/henriqueramos_qs/meta-learning-concept-drift/.venv/lib/python3.12/site-packages/pyarrow/libarrow_substrait.so.2100
7658c156a000-7658c157c000 r--p 00369000 fc:00 35401670                   /home/henriqueramos_qs/meta-learning-concept-drift/.venv/lib/python3.12/site-packages/pyarrow/libarrow_substrait.so.2100
7658c157c000-7658c1581000 rw-p 0037b000 fc:00 35401670                   /home/henriqueramos_qs/meta-learning-concept-drift/.venv/lib/python3.12/site-packages/pyarrow/libarrow_substrait.so.2100
7658c1581000-7658c1583000 rw-p 00000000 00:00 0 
7658c1584000-7658c1586000 r--p 00000000 08:05 8394191                    /usr/lib/python3.12/lib-dynload/mmap.cpython-312-x86_64-linux-gnu.so
7658c1586000-7658c1589000 r-xp 00002000 08:05 8394191                    /usr/lib/python3.12/lib-dynload/mmap.cpython-312-x86_64-linux-gnu.so
7658c1589000-7658c158b000 r--p 00005000 08:05 8394191                    /usr/lib/python3.12/lib-dynload/mmap.cpython-312-x86_64-linux-gnu.so
7658c158b000-7658c158c000 r--p 00006000 08:05 8394191                    /usr/lib/python3.12/lib-dynload/mmap.cpython-312-x86_64-linux-gnu.so
7658c158c000-7658c158d000 rw-p 00007000 08:05 8394191                    /usr/lib/python3.12/lib-dynload/mmap.cpython-312-x86_64-linux-gnu.so
7658c158d000-7658c158f000 r--p 00000000 08:05 8394189                    /usr/lib/python3.12/lib-dynload/_zoneinfo.cpython-312-x86_64-linux-gnu.so
7658c158f000-7658c1597000 r-xp 00002000 08:05 8394189                    /usr/lib/python3.12/lib-dynload/_zoneinfo.cpython-312-x86_64-linux-gnu.so
7658c1597000-7658c1599000 r--p 0000a000 08:05 8394189                    /usr/lib/python3.12/lib-dynload/_zoneinfo.cpython-312-x86_64-linux-gnu.so
7658c1599000-7658c159a000 r--p 0000b000 08:05 8394189                    /usr/lib/python3.12/lib-dynload/_zoneinfo.cpython-312-x86_64-linux-gnu.so
7658c159a000-7658c159b000 rw-p 0000c000 08:05 8394189                    /usr/lib/python3.12/lib-dynload/_zoneinfo.cpython-312-x86_64-linux-gnu.so
7658c159b000-7658c15a2000 r--p 00000000 fc:00 35393412                   /home/henriqueramos_qs/meta-learning-concept-drift/.venv/lib/python3.12/site-packages/pandas/_libs/tslibs/conversion.cpython-312-x86_64-linux-gnu.so
7658c15a2000-7658c15d4000 r-xp 00007000 fc:00 35393412                   /home/henriqueramos_qs/meta-learning-concept-drift/.venv/lib/python3.12/site-packages/pandas/_libs/tslibs/conversion.cpython-312-x86_64-linux-gnu.so
7658c15d4000-7658c15de000 r--p 00039000 fc:00 35393412                   /home/henriqueramos_qs/meta-learning-concept-drift/.venv/lib/python3.12/site-packages/pandas/_libs/tslibs/conversion.cpython-312-x86_64-linux-gnu.so
7658c15de000-7658c15e0000 r--p 00042000 fc:00 35393412                   /home/henriqueramos_qs/meta-learning-concept-drift/.venv/lib/python3.12/site-packages/pandas/_libs/tslibs/conversion.cpython-312-x86_64-linux-gnu.so
7658c15e0000-7658c15e2000 rw-p 00044000 fc:00 35393412                   /home/henriqueramos_qs/meta-learning-concept-drift/.venv/lib/python3.12/site-packages/pandas/_libs/tslibs/conversion.cpython-312-x86_64-linux-gnu.so
7658c15e2000-7658c15e3000 rw-p 00000000 00:00 0 
7658c15e3000-7658c15e7000 r--p 00000000 fc:00 35393420                   /home/henriqueramos_qs/meta-learning-concept-drift/.venv/lib/python3.12/site-packages/pandas/_libs/tslibs/np_datetime.cpython-312-x86_64-linux-gnu.so
7658c15e7000-7658c15fc000 r-xp 00004000 fc:00 35393420                   /home/henriqueramos_qs/meta-learning-concept-drift/.venv/lib/python3.12/site-packages/pandas/_libs/tslibs/np_datetime.cpython-312-x86_64-linux-gnu.so
7658c15fc000-7658c1601000 r--p 00019000 fc:00 35393420                   /home/henriqueramos_qs/meta-learning-concept-drift/.venv/lib/python3.12/site-packages/pandas/_libs/tslibs/np_datetime.cpython-312-x86_64-linux-gnu.so
7658c1601000-7658c1602000 ---p 0001e000 fc:00 35393420                   /home/henriqueramos_qs/meta-learning-concept-drift/.venv/lib/python3.12/site-packages/pandas/_libs/tslibs/np_datetime.cpython-312-x86_64-linux-gnu.so
7658c1602000-7658c1603000 r--p 0001e000 fc:00 35393420                   /home/henriqueramos_qs/meta-learning-concept-drift/.venv/lib/python3.12/site-packages/pandas/_libs/tslibs/np_datetime.cpython-312-x86_64-linux-gnu.so
7658c1603000-7658c1604000 rw-p 0001f000 fc:00 35393420                   /home/henriqueramos_qs/meta-learning-concept-drift/.venv/lib/python3.12/site-packages/pandas/_libs/tslibs/np_datetime.cpython-312-x86_64-linux-gnu.so
7658c1604000-7658c1605000 rw-p 00000000 00:00 0 
7658c1605000-7658c1692000 r--p 00000000 fc:00 35401662                   /home/henriqueramos_qs/meta-learning-concept-drift/.venv/lib/python3.12/site-packages/pyarrow/libarrow_python.so.2100
7658c1692000-7658c17ad000 r-xp 0008d000 fc:00 35401662                   /home/henriqueramos_qs/meta-learning-concept-drift/.venv/lib/python3.12/site-packages/pyarrow/libarrow_python.so.2100
7658c17ad000-7658c17f1000 r--p 001a8000 fc:00 35401662                   /home/henriqueramos_qs/meta-learning-concept-drift/.venv/lib/python3.12/site-packages/pyarrow/libarrow_python.so.2100
7658c17f1000-7658c17fd000 r--p 001eb000 fc:00 35401662                   /home/henriqueramos_qs/meta-learning-concept-drift/.venv/lib/python3.12/site-packages/pyarrow/libarrow_python.so.2100
7658c17fd000-7658c1800000 rw-p 001f7000 fc:00 35401662                   /home/henriqueramos_qs/meta-learning-concept-drift/.venv/lib/python3.12/site-packages/pyarrow/libarrow_python.so.2100
7658c1800000-7658c185e000 r--p 00000000 fc:00 35401651                   /home/henriqueramos_qs/meta-learning-concept-drift/.venv/lib/python3.12/site-packages/pyarrow/lib.cpython-312-x86_64-linux-gnu.so
7658c185e000-7658c1ace000 r-xp 0005e000 fc:00 35401651                   /home/henriqueramos_qs/meta-learning-concept-drift/.venv/lib/python3.12/site-packages/pyarrow/lib.cpython-312-x86_64-linux-gnu.so
7658c1ace000-7658c1bc2000 r--p 002ce000 fc:00 35401651                   /home/henriqueramos_qs/meta-learning-concept-drift/.venv/lib/python3.12/site-packages/pyarrow/lib.cpython-312-x86_64-linux-gnu.so
7658c1bc2000-7658c1bc3000 ---p 003c2000 fc:00 35401651                   /home/henriqueramos_qs/meta-learning-concept-drift/.venv/lib/python3.12/site-packages/pyarrow/lib.cpython-312-x86_64-linux-gnu.so
7658c1bc3000-7658c1bd1000 r--p 003c2000 fc:00 35401651                   /home/henriqueramos_qs/meta-learning-concept-drift/.venv/lib/python3.12/site-packages/pyarrow/lib.cpython-312-x86_64-linux-gnu.so
7658c1bd1000-7658c1bf9000 rw-p 003d0000 fc:00 35401651                   /home/henriqueramos_qs/meta-learning-concept-drift/.venv/lib/python3.12/site-packages/pyarrow/lib.cpython-312-x86_64-linux-gnu.so
7658c1bf9000-7658c1c04000 rw-p 00000000 00:00 0 
7658c1c06000-7658c1c09000 r--p 00000000 fc:00 35393409                   /home/henriqueramos_qs/meta-learning-concept-drift/.venv/lib/python3.12/site-packages/pandas/_libs/tslibs/base.cpython-312-x86_64-linux-gnu.so
7658c1c09000-7658c1c10000 r-xp 00003000 fc:00 35393409                   /home/henriqueramos_qs/meta-learning-concept-drift/.venv/lib/python3.12/site-packages/pandas/_libs/tslibs/base.cpython-312-x86_64-linux-gnu.so
7658c1c10000-7658c1c12000 r--p 0000a000 fc:00 35393409                   /home/henriqueramos_qs/meta-learning-concept-drift/.venv/lib/python3.12/site-packages/pandas/_libs/tslibs/base.cpython-312-x86_64-linux-gnu.so
7658c1c12000-7658c1c13000 ---p 0000c000 fc:00 35393409                   /home/henriqueramos_qs/meta-learning-concept-drift/.venv/lib/python3.12/site-packages/pandas/_libs/tslibs/base.cpython-312-x86_64-linux-gnu.so
7658c1c13000-7658c1c14000 r--p 0000c000 fc:00 35393409                   /home/henriqueramos_qs/meta-learning-concept-drift/.venv/lib/python3.12/site-packages/pandas/_libs/tslibs/base.cpython-312-x86_64-linux-gnu.so
7658c1c14000-7658c1c15000 rw-p 0000d000 fc:00 35393409                   /home/henriqueramos_qs/meta-learning-concept-drift/.venv/lib/python3.12/site-packages/pandas/_libs/tslibs/base.cpython-312-x86_64-linux-gnu.so
7658c1c15000-7658c1c19000 r--p 00000000 fc:00 35393410                   /home/henriqueramos_qs/meta-learning-concept-drift/.venv/lib/python3.12/site-packages/pandas/_libs/tslibs/ccalendar.cpython-312-x86_64-linux-gnu.so
7658c1c19000-7658c1c28000 r-xp 00004000 fc:00 35393410                   /home/henriqueramos_qs/meta-learning-concept-drift/.venv/lib/python3.12/site-packages/pandas/_libs/tslibs/ccalendar.cpython-312-x86_64-linux-gnu.so
7658c1c28000-7658c1c2b000 r--p 00013000 fc:00 35393410                   /home/henriqueramos_qs/meta-learning-concept-drift/.venv/lib/python3.12/site-packages/pandas/_libs/tslibs/ccalendar.cpython-312-x86_64-linux-gnu.so
7658c1c2b000-7658c1c2c000 ---p 00016000 fc:00 35393410                   /home/henriqueramos_qs/meta-learning-concept-drift/.venv/lib/python3.12/site-packages/pandas/_libs/tslibs/ccalendar.cpython-312-x86_64-linux-gnu.so
7658c1c2c000-7658c1c2d000 r--p 00016000 fc:00 35393410                   /home/henriqueramos_qs/meta-learning-concept-drift/.venv/lib/python3.12/site-packages/pandas/_libs/tslibs/ccalendar.cpython-312-x86_64-linux-gnu.so
7658c1c2d000-7658c1c2e000 rw-p 00017000 fc:00 35393410                   /home/henriqueramos_qs/meta-learning-concept-drift/.venv/lib/python3.12/site-packages/pandas/_libs/tslibs/ccalendar.cpython-312-x86_64-linux-gnu.so
7658c1c2e000-7658c1c35000 r--p 00000000 fc:00 35393414                   /home/henriqueramos_qs/meta-learning-concept-drift/.venv/lib/python3.12/site-packages/pandas/_libs/tslibs/dtypes.cpython-312-x86_64-linux-gnu.so
7658c1c35000-7658c1c54000 r-xp 00007000 fc:00 35393414                   /home/henriqueramos_qs/meta-learning-concept-drift/.venv/lib/python3.12/site-packages/pandas/_libs/tslibs/dtypes.cpython-312-x86_64-linux-gnu.so
7658c1c54000-7658c1c5a000 r--p 00026000 fc:00 35393414                   /home/henriqueramos_qs/meta-learning-concept-drift/.venv/lib/python3.12/site-packages/pandas/_libs/tslibs/dtypes.cpython-312-x86_64-linux-gnu.so
7658c1c5a000-7658c1c5b000 ---p 0002c000 fc:00 35393414                   /home/henriqueramos_qs/meta-learning-concept-drift/.venv/lib/python3.12/site-packages/pandas/_libs/tslibs/dtypes.cpython-312-x86_64-linux-gnu.so
7658c1c5b000-7658c1c5d000 r--p 0002c000 fc:00 35393414                   /home/henriqueramos_qs/meta-learning-concept-drift/.venv/lib/python3.12/site-packages/pandas/_libs/tslibs/dtypes.cpython-312-x86_64-linux-gnu.so
7658c1c5d000-7658c1c5e000 rw-p 0002e000 fc:00 35393414                   /home/henriqueramos_qs/meta-learning-concept-drift/.venv/lib/python3.12/site-packages/pandas/_libs/tslibs/dtypes.cpython-312-x86_64-linux-gnu.so
7658c1c5e000-7658c1c60000 rw-p 00000000 00:00 0 
7658c1c60000-7658c1c66000 r--p 00000000 fc:00 35393383                   /home/henriqueramos_qs/meta-learning-concept-drift/.venv/lib/python3.12/site-packages/pandas/_libs/missing.cpython-312-x86_64-linux-gnu.so
7658c1c66000-7658c1c84000 r-xp 00006000 fc:00 35393383                   /home/henriqueramos_qs/meta-learning-concept-drift/.venv/lib/python3.12/site-packages/pandas/_libs/missing.cpython-312-x86_64-linux-gnu.so
7658c1c84000-7658c1c8c000 r--p 00024000 fc:00 35393383                   /home/henriqueramos_qs/meta-learning-concept-drift/.venv/lib/python3.12/site-packages/pandas/_libs/missing.cpython-312-x86_64-linux-gnu.so
7658c1c8c000-7658c1c8e000 r--p 0002b000 fc:00 35393383                   /home/henriqueramos_qs/meta-learning-concept-drift/.venv/lib/python3.12/site-packages/pandas/_libs/missing.cpython-312-x86_64-linux-gnu.so
7658c1c8e000-7658c1c90000 rw-p 0002d000 fc:00 35393383                   /home/henriqueramos_qs/meta-learning-concept-drift/.venv/lib/python3.12/site-packages/pandas/_libs/missing.cpython-312-x86_64-linux-gnu.so
7658c1c90000-7658c1c94000 r--p 00000000 fc:00 35392636                   /home/henriqueramos_qs/meta-learning-concept-drift/.venv/lib/python3.12/site-packages/numpy/random/_sfc64.cpython-312-x86_64-linux-gnu.so
7658c1c94000-7658c1c9d000 r-xp 00004000 fc:00 35392636                   /home/henriqueramos_qs/meta-learning-concept-drift/.venv/lib/python3.12/site-packages/numpy/random/_sfc64.cpython-312-x86_64-linux-gnu.so
7658c1c9d000-7658c1ca1000 r--p 0000d000 fc:00 35392636                   /home/henriqueramos_qs/meta-learning-concept-drift/.venv/lib/python3.12/site-packages/numpy/random/_sfc64.cpython-312-x86_64-linux-gnu.so
7658c1ca1000-7658c1ca2000 r--p 00010000 fc:00 35392636                   /home/henriqueramos_qs/meta-learning-concept-drift/.venv/lib/python3.12/site-packages/numpy/random/_sfc64.cpython-312-x86_64-linux-gnu.so
7658c1ca2000-7658c1ca3000 rw-p 00011000 fc:00 35392636                   /home/henriqueramos_qs/meta-learning-concept-drift/.venv/lib/python3.12/site-packages/numpy/random/_sfc64.cpython-312-x86_64-linux-gnu.so
7658c1ca3000-7658c1ca7000 r--p 00000000 fc:00 35392628                   /home/henriqueramos_qs/meta-learning-concept-drift/.venv/lib/python3.12/site-packages/numpy/random/_mt19937.cpython-312-x86_64-linux-gnu.so
7658c1ca7000-7658c1cb8000 r-xp 00004000 fc:00 35392628                   /home/henriqueramos_qs/meta-learning-concept-drift/.venv/lib/python3.12/site-packages/numpy/random/_mt19937.cpython-312-x86_64-linux-gnu.so
7658c1cb8000-7658c1cbe000 r--p 00015000 fc:00 35392628                   /home/henriqueramos_qs/meta-learning-concept-drift/.venv/lib/python3.12/site-packages/numpy/random/_mt19937.cpython-312-x86_64-linux-gnu.so
7658c1cbe000-7658c1cbf000 r--p 0001b000 fc:00 35392628                   /home/henriqueramos_qs/meta-learning-concept-drift/.venv/lib/python3.12/site-packages/numpy/random/_mt19937.cpython-312-x86_64-linux-gnu.so
7658c1cbf000-7658c1cc0000 rw-p 0001c000 fc:00 35392628                   /home/henriqueramos_qs/meta-learning-concept-drift/.venv/lib/python3.12/site-packages/numpy/random/_mt19937.cpython-312-x86_64-linux-gnu.so
7658c1cc0000-7658c1dc1000 rw-p 00000000 00:00 0 
7658c1dc1000-7658c1dc2000 ---p 00000000 00:00 0 
7658c1dc2000-7658c25c2000 rw-p 00000000 00:00 0 
7658c25c2000-7658c25c3000 ---p 00000000 00:00 0 
7658c25c3000-7658c2dc3000 rw-p 00000000 00:00 0 
7658c2dc3000-7658c2dc4000 ---p 00000000 00:00 0 
7658c2dc4000-7658c35c4000 rw-p 00000000 00:00 0 
7658c35c4000-7658c35c5000 ---p 00000000 00:00 0 
7658c35c5000-7658c3dc5000 rw-p 00000000 00:00 0 
7658c3dc5000-7658c3dc6000 ---p 00000000 00:00 0 
7658c3dc6000-7658c45c6000 rw-p 00000000 00:00 0 
7658c45c6000-7658c45c7000 ---p 00000000 00:00 0 
7658c45c7000-7658c4dc7000 rw-p 00000000 00:00 0 
7658c4dc7000-7658c4dc8000 ---p 00000000 00:00 0 
7658c4dc8000-7658c55c8000 rw-p 00000000 00:00 0 
7658c55c8000-7658c55c9000 ---p 00000000 00:00 0 
7658c55c9000-7658c5dc9000 rw-p 00000000 00:00 0 
7658c5dc9000-7658c5dca000 ---p 00000000 00:00 0 
7658c5dca000-7658c65ca000 rw-p 00000000 00:00 0 
7658c65ca000-7658c65cb000 ---p 00000000 00:00 0 
7658c65cb000-7658c6dcb000 rw-p 00000000 00:00 0 
7658c6dcb000-7658c6dcc000 ---p 00000000 00:00 0 
7658c6dcc000-7658c75cc000 rw-p 00000000 00:00 0 
7658c75cc000-7658c75cd000 ---p 00000000 00:00 0 
7658c75cd000-7658c7dcd000 rw-p 00000000 00:00 0 
7658c7dcd000-7658c7dce000 ---p 00000000 00:00 0 
7658c7dce000-7658c85ce000 rw-p 00000000 00:00 0 
7658c85ce000-7658c85cf000 ---p 00000000 00:00 0 
7658c85cf000-7658c8dcf000 rw-p 00000000 00:00 0 
7658c8dcf000-7658c8dd0000 ---p 00000000 00:00 0 
7658c8dd0000-7658c95d0000 rw-p 00000000 00:00 0 
7658c95d0000-7658c95d1000 ---p 00000000 00:00 0 
7658c95d1000-7658c9dd1000 rw-p 00000000 00:00 0 
7658c9dd1000-7658c9dd2000 ---p 00000000 00:00 0 
7658c9dd2000-7658ca5d2000 rw-p 00000000 00:00 0 
7658ca5d2000-7658ca5d3000 ---p 00000000 00:00 0 
7658ca5d3000-7658cadd3000 rw-p 00000000 00:00 0 
7658cadd3000-7658cadd4000 ---p 00000000 00:00 0 
7658cadd4000-7658cb5d4000 rw-p 00000000 00:00 0 
7658cb5d4000-7658cb5d5000 ---p 00000000 00:00 0 
7658cb5d5000-7658cbdd5000 rw-p 00000000 00:00 0 
7658cbdd5000-7658cbdd6000 ---p 00000000 00:00 0 
7658cbdd6000-7658cc5d6000 rw-p 00000000 00:00 0 
7658cc5d6000-7658cc5d7000 ---p 00000000 00:00 0 
7658cc5d7000-7658ccdd7000 rw-p 00000000 00:00 0 
7658ccdd7000-7658ccdd8000 ---p 00000000 00:00 0 
7658ccdd8000-7658cd5d8000 rw-p 00000000 00:00 0 
7658cd5d8000-7658cd5d9000 ---p 00000000 00:00 0 
7658cd5d9000-7658cddd9000 rw-p 00000000 00:00 0 
7658cddd9000-7658cddda000 ---p 00000000 00:00 0 
7658cddda000-7658ce5da000 rw-p 00000000 00:00 0 
7658ce5da000-7658ce5db000 ---p 00000000 00:00 0 
7658ce5db000-7658ceddb000 rw-p 00000000 00:00 0 
7658ceddb000-7658ceddc000 ---p 00000000 00:00 0 
7658ceddc000-7658cf5dc000 rw-p 00000000 00:00 0 
7658cf5dc000-7658cf5dd000 ---p 00000000 00:00 0 
7658cf5dd000-7658cfddd000 rw-p 00000000 00:00 0 
7658cfddd000-7658cfdde000 ---p 00000000 00:00 0 
7658cfdde000-7658d05de000 rw-p 00000000 00:00 0 
7658d05de000-7658d05df000 ---p 00000000 00:00 0 
7658d05df000-7658d0ddf000 rw-p 00000000 00:00 0 
7658d0ddf000-7658d0de0000 ---p 00000000 00:00 0 
7658d0de0000-7658d15e0000 rw-p 00000000 00:00 0 
7658d15e0000-7658d15e1000 ---p 00000000 00:00 0 
7658d15e1000-7658d1de1000 rw-p 00000000 00:00 0 
7658d1de1000-7658d1de2000 ---p 00000000 00:00 0 
7658d1de2000-7658d25e2000 rw-p 00000000 00:00 0 
7658d25e2000-7658d25e3000 ---p 00000000 00:00 0 
7658d25e3000-7658d2de3000 rw-p 00000000 00:00 0 
7658d2de3000-7658d2de4000 ---p 00000000 00:00 0 
7658d2de4000-7658d35e4000 rw-p 00000000 00:00 0 
7658d35e4000-7658d35e5000 ---p 00000000 00:00 0 
7658d35e5000-7658d3de5000 rw-p 00000000 00:00 0 
7658d3de5000-7658d3de6000 ---p 00000000 00:00 0 
7658d3de6000-7658d45e6000 rw-p 00000000 00:00 0 
7658d45e6000-7658d45e7000 ---p 00000000 00:00 0 
7658d45e7000-7658d4de7000 rw-p 00000000 00:00 0 
7658d4de7000-7658d4de8000 ---p 00000000 00:00 0 
7658d4de8000-7658d55e8000 rw-p 00000000 00:00 0 
7658d55e8000-7658d55e9000 ---p 00000000 00:00 0 
7658d55e9000-7658d5de9000 rw-p 00000000 00:00 0 
7658d5de9000-7658d5dea000 ---p 00000000 00:00 0 
7658d5dea000-7658d65ea000 rw-p 00000000 00:00 0 
7658d65ea000-7658d65eb000 ---p 00000000 00:00 0 
7658d65eb000-7658d6deb000 rw-p 00000000 00:00 0 
7658d6deb000-7658d6dec000 ---p 00000000 00:00 0 
7658d6dec000-7658d75ec000 rw-p 00000000 00:00 0 
7658d75ec000-7658d75ed000 ---p 00000000 00:00 0 
7658d75ed000-7658d7ded000 rw-p 00000000 00:00 0 
7658d7ded000-7658d7dee000 ---p 00000000 00:00 0 
7658d7dee000-7658d85ee000 rw-p 00000000 00:00 0 
7658d85ee000-7658d85ef000 ---p 00000000 00:00 0 
7658d85ef000-7658d8def000 rw-p 00000000 00:00 0 
7658d8def000-7658d8df0000 ---p 00000000 00:00 0 
7658d8df0000-7658d95f0000 rw-p 00000000 00:00 0 
7658d95f0000-7658d95f1000 ---p 00000000 00:00 0 
7658d95f1000-7658d9df1000 rw-p 00000000 00:00 0 
7658d9df1000-7658d9df2000 ---p 00000000 00:00 0 
7658d9df2000-7658da5f2000 rw-p 00000000 00:00 0 
7658da5f2000-7658da5f3000 ---p 00000000 00:00 0 
7658da5f3000-7658dadf3000 rw-p 00000000 00:00 0 
7658dadf3000-7658dadf4000 ---p 00000000 00:00 0 
7658dadf4000-7658db5f4000 rw-p 00000000 00:00 0 
7658db5f4000-7658db5f5000 ---p 00000000 00:00 0 
7658db5f5000-7658dbdf5000 rw-p 00000000 00:00 0 
7658dbdf5000-7658dbdf6000 ---p 00000000 00:00 0 
7658dbdf6000-7658dc5f6000 rw-p 00000000 00:00 0 
7658dc5f6000-7658dc5f7000 ---p 00000000 00:00 0 
7658dc5f7000-7658dcdf7000 rw-p 00000000 00:00 0 
7658dcdf7000-7658dcdf8000 ---p 00000000 00:00 0 
7658dcdf8000-7658dd5f8000 rw-p 00000000 00:00 0 
7658dd5f8000-7658dd5f9000 ---p 00000000 00:00 0 
7658dd5f9000-7658dddf9000 rw-p 00000000 00:00 0 
7658dddf9000-7658dddfa000 ---p 00000000 00:00 0 
7658dddfa000-7658de5fa000 rw-p 00000000 00:00 0 
7658de5fa000-7658de5fb000 ---p 00000000 00:00 0 
7658de5fb000-7658dedfb000 rw-p 00000000 00:00 0 
7658dedfb000-7658dedfc000 ---p 00000000 00:00 0 
7658dedfc000-7658df5fc000 rw-p 00000000 00:00 0 
7658df5fc000-7658df5fd000 ---p 00000000 00:00 0 
7658df5fd000-7658dfdfd000 rw-p 00000000 00:00 0 
7658dfdfd000-7658dfdfe000 ---p 00000000 00:00 0 
7658dfdfe000-7658e05fe000 rw-p 00000000 00:00 0 
7658e05fe000-7658e05ff000 ---p 00000000 00:00 0 
7658e05ff000-7658e0dff000 rw-p 00000000 00:00 0 
7658e0dff000-7658e0e00000 ---p 00000000 00:00 0 
7658e0e00000-7658e1600000 rw-p 00000000 00:00 0 
7658e1600000-765961600000 rw-p 00000000 00:00 0 
765961600000-76596163b000 r-xp 00000000 fc:00 35392881                   /home/henriqueramos_qs/meta-learning-concept-drift/.venv/lib/python3.12/site-packages/numpy.libs/libquadmath-96973f99-934c22de.so.0.0.0
76596163b000-76596183a000 ---p 0003b000 fc:00 35392881                   /home/henriqueramos_qs/meta-learning-concept-drift/.venv/lib/python3.12/site-packages/numpy.libs/libquadmath-96973f99-934c22de.so.0.0.0
76596183a000-76596183b000 r--p 0003a000 fc:00 35392881                   /home/henriqueramos_qs/meta-learning-concept-drift/.venv/lib/python3.12/site-packages/numpy.libs/libquadmath-96973f99-934c22de.so.0.0.0
76596183b000-76596183e000 rw-p 0003b000 fc:00 35392881                   /home/henriqueramos_qs/meta-learning-concept-drift/.venv/lib/python3.12/site-packages/numpy.libs/libquadmath-96973f99-934c22de.so.0.0.0
76596183e000-765961840000 r--p 00000000 fc:00 35393389                   /home/henriqueramos_qs/meta-learning-concept-drift/.venv/lib/python3.12/site-packages/pandas/_libs/pandas_datetime.cpython-312-x86_64-linux-gnu.so
765961840000-765961845000 r-xp 00002000 fc:00 35393389                   /home/henriqueramos_qs/meta-learning-concept-drift/.venv/lib/python3.12/site-packages/pandas/_libs/pandas_datetime.cpython-312-x86_64-linux-gnu.so
765961845000-765961847000 r--p 00007000 fc:00 35393389                   /home/henriqueramos_qs/meta-learning-concept-drift/.venv/lib/python3.12/site-packages/pandas/_libs/pandas_datetime.cpython-312-x86_64-linux-gnu.so
765961847000-765961848000 r--p 00008000 fc:00 35393389                   /home/henriqueramos_qs/meta-learning-concept-drift/.venv/lib/python3.12/site-packages/pandas/_libs/pandas_datetime.cpython-312-x86_64-linux-gnu.so
765961848000-765961849000 rw-p 00009000 fc:00 35393389                   /home/henriqueramos_qs/meta-learning-concept-drift/.venv/lib/python3.12/site-packages/pandas/_libs/pandas_datetime.cpython-312-x86_64-linux-gnu.so
765961849000-76596184d000 r--p 00000000 fc:00 35392630                   /home/henriqueramos_qs/meta-learning-concept-drift/.venv/lib/python3.12/site-packages/numpy/random/_pcg64.cpython-312-x86_64-linux-gnu.so
76596184d000-765961860000 r-xp 00004000 fc:00 35392630                   /home/henriqueramos_qs/meta-learning-concept-drift/.venv/lib/python3.12/site-packages/numpy/random/_pcg64.cpython-312-x86_64-linux-gnu.so
765961860000-765961866000 r--p 00017000 fc:00 35392630                   /home/henriqueramos_qs/meta-learning-concept-drift/.venv/lib/python3.12/site-packages/numpy/random/_pcg64.cpython-312-x86_64-linux-gnu.so
765961866000-765961867000 r--p 0001d000 fc:00 35392630                   /home/henriqueramos_qs/meta-learning-concept-drift/.venv/lib/python3.12/site-packages/numpy/random/_pcg64.cpython-312-x86_64-linux-gnu.so
765961867000-765961869000 rw-p 0001e000 fc:00 35392630                   /home/henriqueramos_qs/meta-learning-concept-drift/.venv/lib/python3.12/site-packages/numpy/random/_pcg64.cpython-312-x86_64-linux-gnu.so
765961869000-76596186d000 r--p 00000000 fc:00 35392623                   /home/henriqueramos_qs/meta-learning-concept-drift/.venv/lib/python3.12/site-packages/numpy/random/_common.cpython-312-x86_64-linux-gnu.so
76596186d000-76596189d000 r-xp 00004000 fc:00 35392623                   /home/henriqueramos_qs/meta-learning-concept-drift/.venv/lib/python3.12/site-packages/numpy/random/_common.cpython-312-x86_64-linux-gnu.so
76596189d000-7659618a1000 r--p 00034000 fc:00 35392623                   /home/henriqueramos_qs/meta-learning-concept-drift/.venv/lib/python3.12/site-packages/numpy/random/_common.cpython-312-x86_64-linux-gnu.so
7659618a1000-7659618a2000 r--p 00038000 fc:00 35392623                   /home/henriqueramos_qs/meta-learning-concept-drift/.venv/lib/python3.12/site-packages/numpy/random/_common.cpython-312-x86_64-linux-gnu.so
7659618a2000-7659618a3000 rw-p 00039000 fc:00 35392623                   /home/henriqueramos_qs/meta-learning-concept-drift/.venv/lib/python3.12/site-packages/numpy/random/_common.cpython-312-x86_64-linux-gnu.so
7659618a3000-7659618a4000 rw-p 00000000 00:00 0 
7659618a4000-7659618ab000 r--p 00000000 08:05 8394170                    /usr/lib/python3.12/lib-dynload/_decimal.cpython-312-x86_64-linux-gnu.so
7659618ab000-7659618eb000 r-xp 00007000 08:05 8394170                    /usr/lib/python3.12/lib-dynload/_decimal.cpython-312-x86_64-linux-gnu.so
7659618eb000-7659618fc000 r--p 00047000 08:05 8394170                    /usr/lib/python3.12/lib-dynload/_decimal.cpython-312-x86_64-linux-gnu.so
7659618fc000-7659618fd000 r--p 00057000 08:05 8394170                    /usr/lib/python3.12/lib-dynload/_decimal.cpython-312-x86_64-linux-gnu.so
7659618fd000-765961900000 rw-p 00058000 08:05 8394170                    /usr/lib/python3.12/lib-dynload/_decimal.cpython-312-x86_64-linux-gnu.so
765961900000-765961a00000 rw-p 00000000 00:00 0 
765961a00000-765961c76000 r-xp 00000000 fc:00 35392880                   /home/henriqueramos_qs/meta-learning-concept-drift/.venv/lib/python3.12/site-packages/numpy.libs/libgfortran-040039e1-0352e75f.so.5.0.0
765961c76000-765961e75000 ---p 00276000 fc:00 35392880                   /home/henriqueramos_qs/meta-learning-concept-drift/.venv/lib/python3.12/site-packages/numpy.libs/libgfortran-040039e1-0352e75f.so.5.0.0
765961e75000-765961e76000 r--p 00275000 fc:00 35392880                   /home/henriqueramos_qs/meta-learning-concept-drift/.venv/lib/python3.12/site-packages/numpy.libs/libgfortran-040039e1-0352e75f.so.5.0.0
765961e76000-765961e78000 rw-p 00276000 fc:00 35392880                   /home/henriqueramos_qs/meta-learning-concept-drift/.venv/lib/python3.12/site-packages/numpy.libs/libgfortran-040039e1-0352e75f.so.5.0.0
765961e78000-765961eb1000 rw-p 0027b000 fc:00 35392880                   /home/henriqueramos_qs/meta-learning-concept-drift/.venv/lib/python3.12/site-packages/numpy.libs/libgfortran-040039e1-0352e75f.so.5.0.0
765961eb3000-765961eb4000 ---p 00000000 00:00 0 
765961eb4000-765961eb5000 r--p 00000000 00:00 0 
765961eb5000-765961eb9000 r--p 00000000 fc:00 35392620                   /home/henriqueramos_qs/meta-learning-concept-drift/.venv/lib/python3.12/site-packages/numpy/random/_bounded_integers.cpython-312-x86_64-linux-gnu.so
765961eb9000-765961ef6000 r-xp 00004000 fc:00 35392620                   /home/henriqueramos_qs/meta-learning-concept-drift/.venv/lib/python3.12/site-packages/numpy/random/_bounded_integers.cpython-312-x86_64-linux-gnu.so
765961ef6000-765961efe000 r--p 00041000 fc:00 35392620                   /home/henriqueramos_qs/meta-learning-concept-drift/.venv/lib/python3.12/site-packages/numpy/random/_bounded_integers.cpython-312-x86_64-linux-gnu.so
765961efe000-765961eff000 r--p 00049000 fc:00 35392620                   /home/henriqueramos_qs/meta-learning-concept-drift/.venv/lib/python3.12/site-packages/numpy/random/_bounded_integers.cpython-312-x86_64-linux-gnu.so
765961eff000-765961f00000 rw-p 0004a000 fc:00 35392620                   /home/henriqueramos_qs/meta-learning-concept-drift/.venv/lib/python3.12/site-packages/numpy/random/_bounded_integers.cpython-312-x86_64-linux-gnu.so
765961f00000-765962000000 rw-p 00000000 00:00 0 
765962000000-76596209d000 r--p 00000000 08:05 8398454                    /usr/lib/x86_64-linux-gnu/libstdc++.so.6.0.33
76596209d000-7659621e5000 r-xp 0009d000 08:05 8398454                    /usr/lib/x86_64-linux-gnu/libstdc++.so.6.0.33
7659621e5000-76596226c000 r--p 001e5000 08:05 8398454                    /usr/lib/x86_64-linux-gnu/libstdc++.so.6.0.33
76596226c000-765962277000 r--p 0026b000 08:05 8398454                    /usr/lib/x86_64-linux-gnu/libstdc++.so.6.0.33
765962277000-76596227a000 rw-p 00276000 08:05 8398454                    /usr/lib/x86_64-linux-gnu/libstdc++.so.6.0.33
76596227a000-76596227e000 rw-p 00000000 00:00 0 
76596227f000-765962283000 r--p 00000000 fc:00 35392632                   /home/henriqueramos_qs/meta-learning-concept-drift/.venv/lib/python3.12/site-packages/numpy/random/_philox.cpython-312-x86_64-linux-gnu.so
765962283000-765962292000 r-xp 00004000 fc:00 35392632                   /home/henriqueramos_qs/meta-learning-concept-drift/.venv/lib/python3.12/site-packages/numpy/random/_philox.cpython-312-x86_64-linux-gnu.so
765962292000-765962297000 r--p 00013000 fc:00 35392632                   /home/henriqueramos_qs/meta-learning-concept-drift/.venv/lib/python3.12/site-packages/numpy/random/_philox.cpython-312-x86_64-linux-gnu.so
765962297000-765962298000 r--p 00017000 fc:00 35392632                   /home/henriqueramos_qs/meta-learning-concept-drift/.venv/lib/python3.12/site-packages/numpy/random/_philox.cpython-312-x86_64-linux-gnu.so
765962298000-765962299000 rw-p 00018000 fc:00 35392632                   /home/henriqueramos_qs/meta-learning-concept-drift/.venv/lib/python3.12/site-packages/numpy/random/_philox.cpython-312-x86_64-linux-gnu.so
765962299000-76596229a000 rw-p 00000000 00:00 0 
76596229a000-76596229b000 r--p 00000000 08:05 8394176                    /usr/lib/python3.12/lib-dynload/_posixshmem.cpython-312-x86_64-linux-gnu.so
76596229b000-76596229c000 r-xp 00001000 08:05 8394176                    /usr/lib/python3.12/lib-dynload/_posixshmem.cpython-312-x86_64-linux-gnu.so
76596229c000-76596229d000 r--p 00002000 08:05 8394176                    /usr/lib/python3.12/lib-dynload/_posixshmem.cpython-312-x86_64-linux-gnu.so
76596229d000-76596229e000 r--p 00002000 08:05 8394176                    /usr/lib/python3.12/lib-dynload/_posixshmem.cpython-312-x86_64-linux-gnu.so
76596229e000-76596229f000 rw-p 00003000 08:05 8394176                    /usr/lib/python3.12/lib-dynload/_posixshmem.cpython-312-x86_64-linux-gnu.so
76596229f000-7659622a1000 r--p 00000000 08:05 8394171                    /usr/lib/python3.12/lib-dynload/_json.cpython-312-x86_64-linux-gnu.so
7659622a1000-7659622a8000 r-xp 00002000 08:05 8394171                    /usr/lib/python3.12/lib-dynload/_json.cpython-312-x86_64-linux-gnu.so
7659622a8000-7659622aa000 r--p 00009000 08:05 8394171                    /usr/lib/python3.12/lib-dynload/_json.cpython-312-x86_64-linux-gnu.so
7659622aa000-7659622ab000 r--p 0000a000 08:05 8394171                    /usr/lib/python3.12/lib-dynload/_json.cpython-312-x86_64-linux-gnu.so
7659622ab000-7659622ac000 rw-p 0000b000 08:05 8394171                    /usr/lib/python3.12/lib-dynload/_json.cpython-312-x86_64-linux-gnu.so
7659622ac000-7659622b1000 r--p 00000000 fc:00 35393359                   /home/henriqueramos_qs/meta-learning-concept-drift/.venv/lib/python3.12/site-packages/pandas/_libs/arrays.cpython-312-x86_64-linux-gnu.so
7659622b1000-7659622c4000 r-xp 00005000 fc:00 35393359                   /home/henriqueramos_qs/meta-learning-concept-drift/.venv/lib/python3.12/site-packages/pandas/_libs/arrays.cpython-312-x86_64-linux-gnu.so
7659622c4000-7659622c9000 r--p 00018000 fc:00 35393359                   /home/henriqueramos_qs/meta-learning-concept-drift/.venv/lib/python3.12/site-packages/pandas/_libs/arrays.cpython-312-x86_64-linux-gnu.so
7659622c9000-7659622ca000 r--p 0001c000 fc:00 35393359                   /home/henriqueramos_qs/meta-learning-concept-drift/.venv/lib/python3.12/site-packages/pandas/_libs/arrays.cpython-312-x86_64-linux-gnu.so
7659622ca000-7659622cc000 rw-p 0001d000 fc:00 35393359                   /home/henriqueramos_qs/meta-learning-concept-drift/.venv/lib/python3.12/site-packages/pandas/_libs/arrays.cpython-312-x86_64-linux-gnu.so
7659622cc000-7659622d2000 r--p 00000000 fc:00 35393365                   /home/henriqueramos_qs/meta-learning-concept-drift/.venv/lib/python3.12/site-packages/pandas/_libs/hashing.cpython-312-x86_64-linux-gnu.so
7659622d2000-7659622f4000 r-xp 00006000 fc:00 35393365                   /home/henriqueramos_qs/meta-learning-concept-drift/.venv/lib/python3.12/site-packages/pandas/_libs/hashing.cpython-312-x86_64-linux-gnu.so
7659622f4000-7659622fc000 r--p 00028000 fc:00 35393365                   /home/henriqueramos_qs/meta-learning-concept-drift/.venv/lib/python3.12/site-packages/pandas/_libs/hashing.cpython-312-x86_64-linux-gnu.so
7659622fc000-7659622fd000 r--p 0002f000 fc:00 35393365                   /home/henriqueramos_qs/meta-learning-concept-drift/.venv/lib/python3.12/site-packages/pandas/_libs/hashing.cpython-312-x86_64-linux-gnu.so
7659622fd000-7659622ff000 rw-p 00030000 fc:00 35393365                   /home/henriqueramos_qs/meta-learning-concept-drift/.venv/lib/python3.12/site-packages/pandas/_libs/hashing.cpython-312-x86_64-linux-gnu.so
7659622ff000-765962400000 rw-p 00000000 00:00 0 
765962400000-7659624cf000 r--p 00000000 fc:00 35392882                   /home/henriqueramos_qs/meta-learning-concept-drift/.venv/lib/python3.12/site-packages/numpy.libs/libscipy_openblas64_-56d6093b.so
7659624cf000-7659637ca000 r-xp 000cf000 fc:00 35392882                   /home/henriqueramos_qs/meta-learning-concept-drift/.venv/lib/python3.12/site-packages/numpy.libs/libscipy_openblas64_-56d6093b.so
7659637ca000-7659639b2000 r--p 013ca000 fc:00 35392882                   /home/henriqueramos_qs/meta-learning-concept-drift/.venv/lib/python3.12/site-packages/numpy.libs/libscipy_openblas64_-56d6093b.so
7659639b2000-7659639b3000 ---p 015b2000 fc:00 35392882                   /home/henriqueramos_qs/meta-learning-concept-drift/.venv/lib/python3.12/site-packages/numpy.libs/libscipy_openblas64_-56d6093b.so
7659639b3000-7659639bb000 r--p 015b2000 fc:00 35392882                   /home/henriqueramos_qs/meta-learning-concept-drift/.venv/lib/python3.12/site-packages/numpy.libs/libscipy_openblas64_-56d6093b.so
7659639bb000-7659639ca000 rw-p 015ba000 fc:00 35392882                   /home/henriqueramos_qs/meta-learning-concept-drift/.venv/lib/python3.12/site-packages/numpy.libs/libscipy_openblas64_-56d6093b.so
7659639ca000-7659639d3000 rw-p 00000000 00:00 0 
7659639d3000-7659639d7000 ---p 015d3000 fc:00 35392882                   /home/henriqueramos_qs/meta-learning-concept-drift/.venv/lib/python3.12/site-packages/numpy.libs/libscipy_openblas64_-56d6093b.so
7659639d7000-765963b0e000 rw-p 016a6000 fc:00 35392882                   /home/henriqueramos_qs/meta-learning-concept-drift/.venv/lib/python3.12/site-packages/numpy.libs/libscipy_openblas64_-56d6093b.so
765963b0f000-765963b11000 r--p 00000000 fc:00 35393390                   /home/henriqueramos_qs/meta-learning-concept-drift/.venv/lib/python3.12/site-packages/pandas/_libs/pandas_parser.cpython-312-x86_64-linux-gnu.so
765963b11000-765963b17000 r-xp 00002000 fc:00 35393390                   /home/henriqueramos_qs/meta-learning-concept-drift/.venv/lib/python3.12/site-packages/pandas/_libs/pandas_parser.cpython-312-x86_64-linux-gnu.so
765963b17000-765963b19000 r--p 00008000 fc:00 35393390                   /home/henriqueramos_qs/meta-learning-concept-drift/.venv/lib/python3.12/site-packages/pandas/_libs/pandas_parser.cpython-312-x86_64-linux-gnu.so
765963b19000-765963b1a000 r--p 00009000 fc:00 35393390                   /home/henriqueramos_qs/meta-learning-concept-drift/.venv/lib/python3.12/site-packages/pandas/_libs/pandas_parser.cpython-312-x86_64-linux-gnu.so
765963b1a000-765963b1b000 rw-p 0000a000 fc:00 35393390                   /home/henriqueramos_qs/meta-learning-concept-drift/.venv/lib/python3.12/site-packages/pandas/_libs/pandas_parser.cpython-312-x86_64-linux-gnu.so
765963b1b000-765963b1e000 r--p 00000000 08:05 8390031                    /usr/lib/x86_64-linux-gnu/liblzma.so.5.4.5
765963b1e000-765963b40000 r-xp 00003000 08:05 8390031                    /usr/lib/x86_64-linux-gnu/liblzma.so.5.4.5
765963b40000-765963b4b000 r--p 00025000 08:05 8390031                    /usr/lib/x86_64-linux-gnu/liblzma.so.5.4.5
765963b4b000-765963b4c000 r--p 00030000 08:05 8390031                    /usr/lib/x86_64-linux-gnu/liblzma.so.5.4.5
765963b4c000-765963b4d000 rw-p 00031000 08:05 8390031                    /usr/lib/x86_64-linux-gnu/liblzma.so.5.4.5
765963b4d000-765963b4f000 r--p 00000000 08:05 8403956                    /usr/lib/x86_64-linux-gnu/libbz2.so.1.0.4
765963b4f000-765963b5d000 r-xp 00002000 08:05 8403956                    /usr/lib/x86_64-linux-gnu/libbz2.so.1.0.4
765963b5d000-765963b5f000 r--p 00010000 08:05 8403956                    /usr/lib/x86_64-linux-gnu/libbz2.so.1.0.4
765963b5f000-765963b60000 r--p 00011000 08:05 8403956                    /usr/lib/x86_64-linux-gnu/libbz2.so.1.0.4
765963b60000-765963b61000 rw-p 00012000 08:05 8403956                    /usr/lib/x86_64-linux-gnu/libbz2.so.1.0.4
765963b61000-765963b63000 r--p 00000000 08:05 8394194                    /usr/lib/python3.12/lib-dynload/resource.cpython-312-x86_64-linux-gnu.so
765963b63000-765963b64000 r-xp 00002000 08:05 8394194                    /usr/lib/python3.12/lib-dynload/resource.cpython-312-x86_64-linux-gnu.so
765963b64000-765963b65000 r--p 00003000 08:05 8394194                    /usr/lib/python3.12/lib-dynload/resource.cpython-312-x86_64-linux-gnu.so
765963b65000-765963b66000 r--p 00003000 08:05 8394194                    /usr/lib/python3.12/lib-dynload/resource.cpython-312-x86_64-linux-gnu.so
765963b66000-765963b67000 rw-p 00004000 08:05 8394194                    /usr/lib/python3.12/lib-dynload/resource.cpython-312-x86_64-linux-gnu.so
765963b67000-765963b6b000 r--p 00000000 08:05 8396168                    /usr/lib/python3.12/lib-dynload/_hashlib.cpython-312-x86_64-linux-gnu.so
765963b6b000-765963b71000 r-xp 00004000 08:05 8396168                    /usr/lib/python3.12/lib-dynload/_hashlib.cpython-312-x86_64-linux-gnu.so
765963b71000-765963b75000 r--p 0000a000 08:05 8396168                    /usr/lib/python3.12/lib-dynload/_hashlib.cpython-312-x86_64-linux-gnu.so
765963b75000-765963b76000 r--p 0000d000 08:05 8396168                    /usr/lib/python3.12/lib-dynload/_hashlib.cpython-312-x86_64-linux-gnu.so
765963b76000-765963b78000 rw-p 0000e000 08:05 8396168                    /usr/lib/python3.12/lib-dynload/_hashlib.cpython-312-x86_64-linux-gnu.so
765963b78000-765963b7c000 r--p 00000000 fc:00 35392535                   /home/henriqueramos_qs/meta-learning-concept-drift/.venv/lib/python3.12/site-packages/numpy/linalg/_umath_linalg.cpython-312-x86_64-linux-gnu.so
765963b7c000-765963ba0000 r-xp 00004000 fc:00 35392535                   /home/henriqueramos_qs/meta-learning-concept-drift/.venv/lib/python3.12/site-packages/numpy/linalg/_umath_linalg.cpython-312-x86_64-linux-gnu.so
765963ba0000-765963ba5000 r--p 00028000 fc:00 35392535                   /home/henriqueramos_qs/meta-learning-concept-drift/.venv/lib/python3.12/site-packages/numpy/linalg/_umath_linalg.cpython-312-x86_64-linux-gnu.so
765963ba5000-765963ba6000 r--p 0002d000 fc:00 35392535                   /home/henriqueramos_qs/meta-learning-concept-drift/.venv/lib/python3.12/site-packages/numpy/linalg/_umath_linalg.cpython-312-x86_64-linux-gnu.so
765963ba6000-765963ba7000 rw-p 0002e000 fc:00 35392535                   /home/henriqueramos_qs/meta-learning-concept-drift/.venv/lib/python3.12/site-packages/numpy/linalg/_umath_linalg.cpython-312-x86_64-linux-gnu.so
765963ba7000-765963baa000 rw-p 00036000 fc:00 35392535                   /home/henriqueramos_qs/meta-learning-concept-drift/.venv/lib/python3.12/site-packages/numpy/linalg/_umath_linalg.cpython-312-x86_64-linux-gnu.so
765963baa000-765963bb0000 r--p 00000000 08:05 8394165                    /usr/lib/python3.12/lib-dynload/_ctypes.cpython-312-x86_64-linux-gnu.so
765963bb0000-765963bc2000 r-xp 00006000 08:05 8394165                    /usr/lib/python3.12/lib-dynload/_ctypes.cpython-312-x86_64-linux-gnu.so
765963bc2000-765963bc8000 r--p 00018000 08:05 8394165                    /usr/lib/python3.12/lib-dynload/_ctypes.cpython-312-x86_64-linux-gnu.so
765963bc8000-765963bc9000 r--p 0001d000 08:05 8394165                    /usr/lib/python3.12/lib-dynload/_ctypes.cpython-312-x86_64-linux-gnu.so
765963bc9000-765963bcd000 rw-p 0001e000 08:05 8394165                    /usr/lib/python3.12/lib-dynload/_ctypes.cpython-312-x86_64-linux-gnu.so
765963bcd000-765963bd3000 r--p 00000000 fc:00 35392638                   /home/henriqueramos_qs/meta-learning-concept-drift/.venv/lib/python3.12/site-packages/numpy/random/bit_generator.cpython-312-x86_64-linux-gnu.so
765963bd3000-765963bf2000 r-xp 00006000 fc:00 35392638                   /home/henriqueramos_qs/meta-learning-concept-drift/.venv/lib/python3.12/site-packages/numpy/random/bit_generator.cpython-312-x86_64-linux-gnu.so
765963bf2000-765963bfc000 r--p 00025000 fc:00 35392638                   /home/henriqueramos_qs/meta-learning-concept-drift/.venv/lib/python3.12/site-packages/numpy/random/bit_generator.cpython-312-x86_64-linux-gnu.so
765963bfc000-765963bfd000 r--p 0002f000 fc:00 35392638                   /home/henriqueramos_qs/meta-learning-concept-drift/.venv/lib/python3.12/site-packages/numpy/random/bit_generator.cpython-312-x86_64-linux-gnu.so
765963bfd000-765963bff000 rw-p 00030000 fc:00 35392638                   /home/henriqueramos_qs/meta-learning-concept-drift/.venv/lib/python3.12/site-packages/numpy/random/bit_generator.cpython-312-x86_64-linux-gnu.so
765963bff000-765963c00000 rw-p 00000000 00:00 0 
765963c00000-765963c2b000 r--p 00000000 fc:00 35391949                   /home/henriqueramos_qs/meta-learning-concept-drift/.venv/lib/python3.12/site-packages/numpy/_core/_multiarray_umath.cpython-312-x86_64-linux-gnu.so
765963c2b000-765964416000 r-xp 0002b000 fc:00 35391949                   /home/henriqueramos_qs/meta-learning-concept-drift/.venv/lib/python3.12/site-packages/numpy/_core/_multiarray_umath.cpython-312-x86_64-linux-gnu.so
765964416000-7659645a5000 r--p 00816000 fc:00 35391949                   /home/henriqueramos_qs/meta-learning-concept-drift/.venv/lib/python3.12/site-packages/numpy/_core/_multiarray_umath.cpython-312-x86_64-linux-gnu.so
7659645a5000-7659645a8000 r--p 009a5000 fc:00 35391949                   /home/henriqueramos_qs/meta-learning-concept-drift/.venv/lib/python3.12/site-packages/numpy/_core/_multiarray_umath.cpython-312-x86_64-linux-gnu.so
7659645a8000-7659645cb000 rw-p 009a8000 fc:00 35391949                   /home/henriqueramos_qs/meta-learning-concept-drift/.venv/lib/python3.12/site-packages/numpy/_core/_multiarray_umath.cpython-312-x86_64-linux-gnu.so
7659645cb000-7659645e2000 rw-p 00000000 00:00 0 
7659645e2000-7659645ed000 rw-p 00a44000 fc:00 35391949                   /home/henriqueramos_qs/meta-learning-concept-drift/.venv/lib/python3.12/site-packages/numpy/_core/_multiarray_umath.cpython-312-x86_64-linux-gnu.so
7659645ed000-7659645ef000 r--p 00000000 08:05 8394177                    /usr/lib/python3.12/lib-dynload/_queue.cpython-312-x86_64-linux-gnu.so
7659645ef000-7659645f1000 r-xp 00002000 08:05 8394177                    /usr/lib/python3.12/lib-dynload/_queue.cpython-312-x86_64-linux-gnu.so
7659645f1000-7659645f2000 r--p 00004000 08:05 8394177                    /usr/lib/python3.12/lib-dynload/_queue.cpython-312-x86_64-linux-gnu.so
7659645f2000-7659645f3000 r--p 00004000 08:05 8394177                    /usr/lib/python3.12/lib-dynload/_queue.cpython-312-x86_64-linux-gnu.so
7659645f3000-7659645f4000 rw-p 00005000 08:05 8394177                    /usr/lib/python3.12/lib-dynload/_queue.cpython-312-x86_64-linux-gnu.so
7659645f4000-7659645f6000 r--p 00000000 08:05 8404077                    /usr/lib/x86_64-linux-gnu/libffi.so.8.1.4
7659645f6000-7659645fd000 r-xp 00002000 08:05 8404077                    /usr/lib/x86_64-linux-gnu/libffi.so.8.1.4
7659645fd000-7659645fe000 r--p 00009000 08:05 8404077                    /usr/lib/x86_64-linux-gnu/libffi.so.8.1.4
7659645fe000-7659645ff000 r--p 0000a000 08:05 8404077                    /usr/lib/x86_64-linux-gnu/libffi.so.8.1.4
7659645ff000-765964600000 rw-p 0000b000 08:05 8404077                    /usr/lib/x86_64-linux-gnu/libffi.so.8.1.4
765964600000-765964800000 rw-p 00000000 00:00 0 
765964800000-765964d75000 r--p 00000000 08:05 8389048                    /usr/lib/locale/locale-archive
765964d75000-765964d76000 r--p 00000000 08:05 8420174                    /usr/lib/x86_64-linux-gnu/librt.so.1
765964d76000-765964d77000 r-xp 00001000 08:05 8420174                    /usr/lib/x86_64-linux-gnu/librt.so.1
765964d77000-765964d78000 r--p 00002000 08:05 8420174                    /usr/lib/x86_64-linux-gnu/librt.so.1
765964d78000-765964d79000 r--p 00002000 08:05 8420174                    /usr/lib/x86_64-linux-gnu/librt.so.1
765964d79000-765964d7a000 rw-p 00003000 08:05 8420174                    /usr/lib/x86_64-linux-gnu/librt.so.1
765964d7a000-765964d7e000 r--p 00000000 08:05 8398492                    /usr/lib/x86_64-linux-gnu/libgcc_s.so.1
765964d7e000-765964da2000 r-xp 00004000 08:05 8398492                    /usr/lib/x86_64-linux-gnu/libgcc_s.so.1
765964da2000-765964da6000 r--p 00028000 08:05 8398492                    /usr/lib/x86_64-linux-gnu/libgcc_s.so.1
765964da6000-765964da7000 r--p 0002b000 08:05 8398492                    /usr/lib/x86_64-linux-gnu/libgcc_s.so.1
765964da7000-765964da8000 rw-p 0002c000 08:05 8398492                    /usr/lib/x86_64-linux-gnu/libgcc_s.so.1
765964da9000-765964dac000 r--p 00000000 08:05 8394173                    /usr/lib/python3.12/lib-dynload/_lzma.cpython-312-x86_64-linux-gnu.so
765964dac000-765964db1000 r-xp 00003000 08:05 8394173                    /usr/lib/python3.12/lib-dynload/_lzma.cpython-312-x86_64-linux-gnu.so
765964db1000-765964db4000 r--p 00008000 08:05 8394173                    /usr/lib/python3.12/lib-dynload/_lzma.cpython-312-x86_64-linux-gnu.so
765964db4000-765964db5000 r--p 0000a000 08:05 8394173                    /usr/lib/python3.12/lib-dynload/_lzma.cpython-312-x86_64-linux-gnu.so
765964db5000-765964db6000 rw-p 0000b000 08:05 8394173                    /usr/lib/python3.12/lib-dynload/_lzma.cpython-312-x86_64-linux-gnu.so
765964db6000-765964db8000 r--p 00000000 08:05 8394155                    /usr/lib/python3.12/lib-dynload/_bz2.cpython-312-x86_64-linux-gnu.so
765964db8000-765964dbb000 r-xp 00002000 08:05 8394155                    /usr/lib/python3.12/lib-dynload/_bz2.cpython-312-x86_64-linux-gnu.so
765964dbb000-765964dbd000 r--p 00005000 08:05 8394155                    /usr/lib/python3.12/lib-dynload/_bz2.cpython-312-x86_64-linux-gnu.so
765964dbd000-765964dbe000 r--p 00006000 08:05 8394155                    /usr/lib/python3.12/lib-dynload/_bz2.cpython-312-x86_64-linux-gnu.so
765964dbe000-765964dbf000 rw-p 00007000 08:05 8394155                    /usr/lib/python3.12/lib-dynload/_bz2.cpython-312-x86_64-linux-gnu.so
765964dbf000-765964e00000 rw-p 00000000 00:00 0 
765964e00000-765964e28000 r--p 00000000 08:05 8419413                    /usr/lib/x86_64-linux-gnu/libc.so.6
765964e28000-765964fb0000 r-xp 00028000 08:05 8419413                    /usr/lib/x86_64-linux-gnu/libc.so.6
765964fb0000-765964fff000 r--p 001b0000 08:05 8419413                    /usr/lib/x86_64-linux-gnu/libc.so.6
765964fff000-765965003000 r--p 001fe000 08:05 8419413                    /usr/lib/x86_64-linux-gnu/libc.so.6
765965003000-765965005000 rw-p 00202000 08:05 8419413                    /usr/lib/x86_64-linux-gnu/libc.so.6
765965005000-765965012000 rw-p 00000000 00:00 0 
765965012000-765965013000 r--p 00000000 00:00 0 
765965013000-765965014000 r--p 00000000 08:05 8419745                    /usr/lib/x86_64-linux-gnu/libdl.so.2
765965014000-765965015000 r-xp 00001000 08:05 8419745                    /usr/lib/x86_64-linux-gnu/libdl.so.2
765965015000-765965016000 r--p 00002000 08:05 8419745                    /usr/lib/x86_64-linux-gnu/libdl.so.2
765965016000-765965017000 r--p 00002000 08:05 8419745                    /usr/lib/x86_64-linux-gnu/libdl.so.2
765965017000-765965018000 rw-p 00003000 08:05 8419745                    /usr/lib/x86_64-linux-gnu/libdl.so.2
765965018000-76596513b000 rw-p 00000000 00:00 0 
76596513b000-76596513f000 r--p 00000000 08:05 8390286                    /usr/lib/x86_64-linux-gnu/libexpat.so.1.9.1
76596513f000-76596515c000 r-xp 00004000 08:05 8390286                    /usr/lib/x86_64-linux-gnu/libexpat.so.1.9.1
76596515c000-765965164000 r--p 00021000 08:05 8390286                    /usr/lib/x86_64-linux-gnu/libexpat.so.1.9.1
765965164000-765965166000 r--p 00028000 08:05 8390286                    /usr/lib/x86_64-linux-gnu/libexpat.so.1.9.1
765965166000-765965167000 rw-p 0002a000 08:05 8390286                    /usr/lib/x86_64-linux-gnu/libexpat.so.1.9.1
765965167000-765965169000 r--p 00000000 08:05 8404688                    /usr/lib/x86_64-linux-gnu/libz.so.1.3
765965169000-76596517b000 r-xp 00002000 08:05 8404688                    /usr/lib/x86_64-linux-gnu/libz.so.1.3
76596517b000-765965181000 r--p 00014000 08:05 8404688                    /usr/lib/x86_64-linux-gnu/libz.so.1.3
765965181000-765965182000 r--p 0001a000 08:05 8404688                    /usr/lib/x86_64-linux-gnu/libz.so.1.3
765965182000-765965183000 rw-p 0001b000 08:05 8404688                    /usr/lib/x86_64-linux-gnu/libz.so.1.3
765965183000-765965193000 r--p 00000000 08:05 8419746                    /usr/lib/x86_64-linux-gnu/libm.so.6
765965193000-765965212000 r-xp 00010000 08:05 8419746                    /usr/lib/x86_64-linux-gnu/libm.so.6
765965212000-76596526a000 r--p 0008f000 08:05 8419746                    /usr/lib/x86_64-linux-gnu/libm.so.6
76596526a000-76596526b000 r--p 000e7000 08:05 8419746                    /usr/lib/x86_64-linux-gnu/libm.so.6
76596526b000-76596526c000 rw-p 000e8000 08:05 8419746                    /usr/lib/x86_64-linux-gnu/libm.so.6
76596526c000-76596526d000 ---p 00000000 00:00 0 
76596526d000-76596526e000 rwxp 00000000 00:00 0 
76596526e000-76596526f000 r--p 00000000 08:05 8394163                    /usr/lib/python3.12/lib-dynload/_contextvars.cpython-312-x86_64-linux-gnu.so
76596526f000-765965270000 r-xp 00001000 08:05 8394163                    /usr/lib/python3.12/lib-dynload/_contextvars.cpython-312-x86_64-linux-gnu.so
765965270000-765965271000 r--p 00002000 08:05 8394163                    /usr/lib/python3.12/lib-dynload/_contextvars.cpython-312-x86_64-linux-gnu.so
765965271000-765965272000 r--p 00002000 08:05 8394163                    /usr/lib/python3.12/lib-dynload/_contextvars.cpython-312-x86_64-linux-gnu.so
765965272000-765965273000 rw-p 00003000 08:05 8394163                    /usr/lib/python3.12/lib-dynload/_contextvars.cpython-312-x86_64-linux-gnu.so
765965273000-765965274000 r--p 00000000 08:05 8420150                    /usr/lib/x86_64-linux-gnu/libpthread.so.0
765965274000-765965275000 r-xp 00001000 08:05 8420150                    /usr/lib/x86_64-linux-gnu/libpthread.so.0
765965275000-765965276000 r--p 00002000 08:05 8420150                    /usr/lib/x86_64-linux-gnu/libpthread.so.0
765965276000-765965277000 r--p 00002000 08:05 8420150                    /usr/lib/x86_64-linux-gnu/libpthread.so.0
765965277000-765965278000 rw-p 00003000 08:05 8420150                    /usr/lib/x86_64-linux-gnu/libpthread.so.0
765965278000-76596527c000 rw-p 00000000 00:00 0 
76596527c000-765965283000 r--s 00000000 08:05 8418918                    /usr/lib/x86_64-linux-gnu/gconv/gconv-modules.cache
765965283000-765965285000 rw-p 00000000 00:00 0 
765965285000-765965289000 r--p 00000000 00:00 0                          [vvar]
765965289000-76596528b000 r-xp 00000000 00:00 0                          [vdso]
76596528b000-76596528c000 r--p 00000000 08:05 8419229                    /usr/lib/x86_64-linux-gnu/ld-linux-x86-64.so.2
76596528c000-7659652b7000 r-xp 00001000 08:05 8419229                    /usr/lib/x86_64-linux-gnu/ld-linux-x86-64.so.2
7659652b7000-7659652c1000 r--p 0002c000 08:05 8419229                    /usr/lib/x86_64-linux-gnu/ld-linux-x86-64.so.2
7659652c1000-7659652c3000 r--p 00036000 08:05 8419229                    /usr/lib/x86_64-linux-gnu/ld-linux-x86-64.so.2
7659652c3000-7659652c5000 rw-p 00038000 08:05 8419229                    /usr/lib/x86_64-linux-gnu/ld-linux-x86-64.so.2
7fff61334000-7fff61338000 ---p 00000000 00:00 0 
7fff61338000-7fff61b32000 rw-p 00000000 00:00 0                          [stack]
ffffffffff600000-ffffffffff601000 --xp 00000000 00:00 0                  [vsyscall]
Total number of mappings: 2635


VM Arguments:
jvm_args: -Xmx8g -Xss10M 
java_command: <unknown>
java_class_path (initial): /home/henriqueramos_qs/meta-learning-concept-drift/.venv/lib/python3.12/site-packages/capymoa/jar/moa.jar:/home/henriqueramos_qs/meta-learning-concept-drift/.venv/lib/python3.12/site-packages/org.jpype.jar
Launcher Type: generic

[Global flags]
     intx CICompilerCount                          = 18                                        {product} {ergonomic}
     uint ConcGCThreads                            = 16                                        {product} {ergonomic}
     uint G1ConcRefinementThreads                  = 63                                        {product} {ergonomic}
   size_t G1HeapRegionSize                         = 4194304                                   {product} {ergonomic}
    uintx GCDrainStackTargetSize                   = 64                                        {product} {ergonomic}
   size_t InitialHeapSize                          = 2147483648                                {product} {ergonomic}
   size_t MarkStackSize                            = 4194304                                   {product} {ergonomic}
   size_t MaxHeapSize                              = 8589934592                                {product} {command line}
   size_t MaxNewSize                               = 5150605312                                {product} {ergonomic}
   size_t MinHeapDeltaBytes                        = 4194304                                   {product} {ergonomic}
   size_t MinHeapSize                              = 8388608                                   {product} {ergonomic}
    uintx NonNMethodCodeHeapSize                   = 8782280                                {pd product} {ergonomic}
    uintx NonProfiledCodeHeapSize                  = 121437980                              {pd product} {ergonomic}
    uintx ProfiledCodeHeapSize                     = 121437980                              {pd product} {ergonomic}
    uintx ReservedCodeCacheSize                    = 251658240                              {pd product} {ergonomic}
     bool SegmentedCodeCache                       = true                                      {product} {ergonomic}
   size_t SoftMaxHeapSize                          = 8589934592                             {manageable} {ergonomic}
     intx ThreadStackSize                          = 10240                                  {pd product} {command line}
     bool UseCompressedOops                        = true                           {product lp64_product} {ergonomic}
     bool UseG1GC                                  = true                                      {product} {ergonomic}

Logging:
Log output configuration:
 #0: 
[error occurred during error reporting (printing log configuration), id 0xb, SIGSEGV (0xb) at pc=0x000076580b7900d3]
Environment Variables:
JAVA_HOME=/usr/lib/jvm/java-21-openjdk-amd64
PATH=/home/henriqueramos_qs/meta-learning-concept-drift/.venv/bin:/home/henriqueramos_qs/.vscode-server/cli/servers/Stable-c306e94f98122556ca081f527b466015e1bc37b0/server/bin/remote-cli:/usr/local/sbin:/usr/local/bin:/usr/sbin:/usr/bin:/sbin:/bin:/usr/games:/usr/local/games:/snap/bin:/home/henriqueramos_qs/.vscode-server/extensions/ms-python.debugpy-2025.10.0-linux-x64/bundled/scripts/noConfigScripts
SHELL=/bin/bash
LANG=en_US.UTF-8
TERM=xterm-256color

Active Locale:
LC_ALL=LC_CTYPE=en_US.UTF-8;LC_NUMERIC=C;LC_TIME=C;LC_COLLATE=C;LC_MONETARY=C;LC_MESSAGES=C;LC_PAPER=en_US.UTF-8;LC_NAME=en_US.UTF-8;LC_ADDRESS=en_US.UTF-8;LC_TELEPHONE=en_US.UTF-8;LC_MEASUREMENT=en_US.UTF-8;LC_IDENTIFICATION=en_US.UTF-8
LC_COLLATE=C
LC_CTYPE=en_US.UTF-8
LC_MESSAGES=C
LC_MONETARY=C
LC_NUMERIC=C
LC_TIME=C

Signal Handlers:
   SIGSEGV: crash_handler in libjvm.so, mask=11100100010111111101111111111110, flags=SA_RESTART|SA_SIGINFO, unblocked
    SIGBUS: crash_handler in libjvm.so, mask=11100100010111111101111111111110, flags=SA_RESTART|SA_SIGINFO, unblocked
    SIGFPE: crash_handler in libjvm.so, mask=11100100010111111101111111111110, flags=SA_RESTART|SA_SIGINFO, unblocked
   SIGPIPE: javaSignalHandler in libjvm.so, mask=11100100010111111101111111111110, flags=SA_RESTART|SA_SIGINFO, blocked
   SIGXFSZ: javaSignalHandler in libjvm.so, mask=11100100010111111101111111111110, flags=SA_RESTART|SA_SIGINFO, blocked
    SIGILL: crash_handler in libjvm.so, mask=11100100010111111101111111111110, flags=SA_RESTART|SA_SIGINFO, unblocked
   SIGUSR2: SR_handler in libjvm.so, mask=00000000000000000000000000000000, flags=SA_RESTART|SA_SIGINFO, blocked
    SIGHUP: UserHandler in libjvm.so, mask=11100100010111111101111111111110, flags=SA_RESTART|SA_SIGINFO, blocked
    SIGINT: UserHandler in libjvm.so, mask=11100100010111111101111111111110, flags=SA_RESTART|SA_SIGINFO, blocked
   SIGTERM: UserHandler in libjvm.so, mask=11100100010111111101111111111110, flags=SA_RESTART|SA_SIGINFO, blocked
   SIGQUIT: UserHandler in libjvm.so, mask=11100100010111111101111111111110, flags=SA_RESTART|SA_SIGINFO, blocked
   SIGTRAP: crash_handler in libjvm.so, mask=11100100010111111101111111111110, flags=SA_RESTART|SA_SIGINFO, unblocked


Periodic native trim disabled

---------------  S Y S T E M  ---------------

OS:
DISTRIB_ID=Ubuntu
DISTRIB_RELEASE=24.04
DISTRIB_CODENAME=noble
DISTRIB_DESCRIPTION="Ubuntu 24.04 LTS"
uname: Linux 6.11.0-26-generic #26~24.04.1-Ubuntu SMP PREEMPT_DYNAMIC Thu Apr 17 19:20:47 UTC 2 x86_64
OS uptime: 31 days 10:37 hours
libc: glibc 2.39 NPTL 2.39 
rlimit (soft/hard): STACK 8192k/infinity , CORE 0k/infinity , NPROC 767848/767848 , NOFILE 1048576/1048576 , AS infinity/infinity , CPU infinity/infinity , DATA infinity/infinity , FSIZE infinity/infinity , MEMLOCK 24581916k/24581916k
load average: 9.15 2.69 1.05

/proc/meminfo:
MemTotal:       196655348 kB
MemFree:        23011376 kB
MemAvailable:   187250316 kB
Buffers:         1441624 kB
Cached:         158999732 kB
SwapCached:         5728 kB
Active:         16847744 kB
Inactive:       148193000 kB
Active(anon):    3584612 kB
Inactive(anon):  1033584 kB
Active(file):   13263132 kB
Inactive(file): 147159416 kB
Unevictable:       10256 kB
Mlocked:               0 kB
SwapTotal:       8388604 kB
SwapFree:        8249084 kB
Zswap:                 0 kB
Zswapped:              0 kB
Dirty:             16784 kB
Writeback:             0 kB
AnonPages:       4605968 kB
Mapped:           744944 kB
Shmem:             18904 kB
KReclaimable:    5353160 kB
Slab:            6960464 kB
SReclaimable:    5353160 kB
SUnreclaim:      1607304 kB
KernelStack:       37120 kB
PageTables:        77912 kB
SecPageTables:     29328 kB
NFS_Unstable:          0 kB
Bounce:                0 kB
WritebackTmp:          0 kB
CommitLimit:    106716276 kB
Committed_AS:   17710680 kB
VmallocTotal:   34359738367 kB
VmallocUsed:      380460 kB
VmallocChunk:          0 kB
Percpu:           413952 kB
HardwareCorrupted:     0 kB
AnonHugePages:         0 kB
ShmemHugePages:        0 kB
ShmemPmdMapped:        0 kB
FileHugePages:         0 kB
FilePmdMapped:         0 kB
Unaccepted:            0 kB
HugePages_Total:       0
HugePages_Free:        0
HugePages_Rsvd:        0
HugePages_Surp:        0
Hugepagesize:       2048 kB
Hugetlb:               0 kB
DirectMap4k:    12624236 kB
DirectMap2M:    150607872 kB
DirectMap1G:    38797312 kB

/sys/kernel/mm/transparent_hugepage/enabled: always [madvise] never
/sys/kernel/mm/transparent_hugepage/hpage_pmd_size: 2097152
/sys/kernel/mm/transparent_hugepage/defrag (defrag/compaction efforts parameter): always defer defer+madvise [madvise] never

Process Memory:
Virtual Size: 25836828K (peak: 27798660K)
Resident Set Size: 855284K (peak: 855284K) (anon: 545244K, file: 310040K, shmem: 0K)
Swapped out: 0K
C-Heap outstanding allocations: 271752K, retained: 169651K
glibc malloc tunables: (default)

/proc/sys/kernel/threads-max (system-wide limit on the number of threads): 1535697
/proc/sys/vm/max_map_count (maximum number of memory map areas a process may have): 1048576
/proc/sys/vm/swappiness (control to define how aggressively the kernel swaps out anonymous memory): 60
/proc/sys/kernel/pid_max (system-wide limit on number of process identifiers): 4194304

container (cgroup) information:
container_type: cgroupv2
cpu_cpuset_cpus: not supported
cpu_memory_nodes: not supported
active_processor_count: 96
cpu_quota: no quota
cpu_period: 100000
cpu_shares: no shares
memory_limit_in_bytes: unlimited
memory_and_swap_limit_in_bytes: unlimited
memory_soft_limit_in_bytes: unlimited
memory_usage_in_bytes: 10835668 k
memory_max_usage_in_bytes: not supported
memory_swap_current_in_bytes: unlimited
memory_swap_max_limit_in_bytes: unlimited
maximum number of tasks: unlimited
current number of tasks: 344

Steal ticks since vm start: 0
Steal ticks percentage since vm start:  0.000

CPU: total 96 (initial active 96) (24 cores per cpu, 2 threads per core) family 6 model 85 stepping 7 microcode 0x5003901, cx8, cmov, fxsr, ht, mmx, 3dnowpref, sse, sse2, sse3, ssse3, sse4.1, sse4.2, popcnt, lzcnt, tsc, tscinvbit, avx, avx2, aes, erms, clmul, bmi1, bmi2, adx, avx512f, avx512dq, avx512cd, avx512bw, avx512vl, fma, vzeroupper, avx512_vnni, clflush, clflushopt, clwb, rdtscp, f16c, pku, ospke
CPU Model and flags from /proc/cpuinfo:
model name	: Intel(R) Xeon(R) Gold 5220R CPU @ 2.20GHz
flags		: fpu vme de pse tsc msr pae mce cx8 apic sep mtrr pge mca cmov pat pse36 clflush dts acpi mmx fxsr sse sse2 ss ht tm pbe syscall nx pdpe1gb rdtscp lm constant_tsc art arch_perfmon pebs bts rep_good nopl xtopology nonstop_tsc cpuid aperfmperf pni pclmulqdq dtes64 monitor ds_cpl vmx smx est tm2 ssse3 sdbg fma cx16 xtpr pdcm pcid dca sse4_1 sse4_2 x2apic movbe popcnt tsc_deadline_timer aes xsave avx f16c rdrand lahf_lm abm 3dnowprefetch cpuid_fault epb cat_l3 cdp_l3 intel_ppin ssbd mba ibrs ibpb stibp ibrs_enhanced tpr_shadow flexpriority ept vpid ept_ad fsgsbase tsc_adjust bmi1 avx2 smep bmi2 erms invpcid cqm mpx rdt_a avx512f avx512dq rdseed adx smap clflushopt clwb intel_pt avx512cd avx512bw avx512vl xsaveopt xsavec xgetbv1 xsaves cqm_llc cqm_occup_llc cqm_mbm_total cqm_mbm_local dtherm ida arat pln pts vnmi pku ospke avx512_vnni md_clear flush_l1d arch_capabilities

Online cpus: 0-95
Offline cpus: 
BIOS frequency limitation: <Not Available>
Frequency switch latency (ns): 20000
Available cpu frequencies: <Not Available>
Current governor: schedutil
Core performance/turbo boost: <Not Available>

Memory: 4k page, physical 196655348k(187250316k free), swap 8388604k(8249084k free)
Page Sizes: 4k

vm_info: OpenJDK 64-Bit Server VM (21.0.7+6-Ubuntu-0ubuntu124.04) for linux-amd64 JRE (21.0.7+6-Ubuntu-0ubuntu124.04), built on 2025-04-17T05:57:30Z by "buildd" with gcc 13.3.0

END.
