f1-score,recall,kappa,precision,last_f1-score,last_recall,last_kappa,last_precision,f1-score_pred_0_with_drift,f1-score_pred_0_without_drift,f1-score_pred_1_with_drift,f1-score_pred_1_without_drift,f1-score_pred_2_with_drift,f1-score_pred_2_without_drift,recall_pred_0_with_drift,recall_pred_0_without_drift,recall_pred_1_with_drift,recall_pred_1_without_drift,recall_pred_2_with_drift,recall_pred_2_without_drift,kappa_pred_0_with_drift,kappa_pred_0_without_drift,kappa_pred_1_with_drift,kappa_pred_1_without_drift,kappa_pred_2_with_drift,kappa_pred_2_without_drift,precision_pred_0_with_drift,precision_pred_0_without_drift,precision_pred_1_with_drift,precision_pred_1_without_drift,precision_pred_2_with_drift,precision_pred_2_without_drift
0.729,0.729,-0.0047158619053269,0.729,,,,,0.0,0.0,0.0,0.0,0.0,0.0,0.0,0.0,0.0,0.0,0.0,0.0,0.0,0.0,0.0,0.0,0.0,0.0,0.0,0.0,0.0,0.0,0.0,0.0
0.693,0.693,0.0212331824268316,0.693,,,,,0.0,0.0,0.0,0.0,0.0,0.0,0.0,0.0,0.0,0.0,0.0,0.0,0.0,0.0,0.0,0.0,0.0,0.0,0.0,0.0,0.0,0.0,0.0,0.0
0.672,0.672,0.0853777557177832,0.672,,,,,0.0,0.0,0.0,0.0,0.0,0.0,0.0,0.0,0.0,0.0,0.0,0.0,0.0,0.0,0.0,0.0,0.0,0.0,0.0,0.0,0.0,0.0,0.0,0.0
0.634,0.634,0.0942522136376909,0.634,,,,,0.0,0.0,0.0,0.0,0.0,0.0,0.0,0.0,0.0,0.0,0.0,0.0,0.0,0.0,0.0,0.0,0.0,0.0,0.0,0.0,0.0,0.0,0.0,0.0
0.617,0.617,0.1288564591995488,0.617,,,,,0.0,0.0,0.0,0.0,0.0,0.0,0.0,0.0,0.0,0.0,0.0,0.0,0.0,0.0,0.0,0.0,0.0,0.0,0.0,0.0,0.0,0.0,0.0,0.0
0.603,0.603,0.1493610565921304,0.603,,,,,0.0,0.0,0.0,0.0,0.0,0.0,0.0,0.0,0.0,0.0,0.0,0.0,0.0,0.0,0.0,0.0,0.0,0.0,0.0,0.0,0.0,0.0,0.0,0.0
0.617,0.617,0.1942880704145945,0.617,,,,,0.0,0.0,0.0,0.0,0.0,0.0,0.0,0.0,0.0,0.0,0.0,0.0,0.0,0.0,0.0,0.0,0.0,0.0,0.0,0.0,0.0,0.0,0.0,0.0
0.632,0.632,0.2026796895650705,0.632,,,,,0.0,0.0,0.0,0.0,0.0,0.0,0.0,0.0,0.0,0.0,0.0,0.0,0.0,0.0,0.0,0.0,0.0,0.0,0.0,0.0,0.0,0.0,0.0,0.0
0.653,0.653,0.2275018255000089,0.653,,,,,0.0,0.0,0.0,0.0,0.0,0.0,0.0,0.0,0.0,0.0,0.0,0.0,0.0,0.0,0.0,0.0,0.0,0.0,0.0,0.0,0.0,0.0,0.0,0.0
0.645,0.645,0.2286901202808871,0.645,,,,,0.0,0.0,0.0,0.0,0.0,0.0,0.0,0.0,0.0,0.0,0.0,0.0,0.0,0.0,0.0,0.0,0.0,0.0,0.0,0.0,0.0,0.0,0.0,0.0
0.635,0.635,0.2215757865283558,0.635,,,,,0.0,0.0,0.0,0.0,0.0,0.0,0.0,0.0,0.0,0.0,0.0,0.0,0.0,0.0,0.0,0.0,0.0,0.0,0.0,0.0,0.0,0.0,0.0,0.0
0.636,0.636,0.2128027681660899,0.636,,,,,0.0,0.0,0.0,0.0,0.0,0.0,0.0,0.0,0.0,0.0,0.0,0.0,0.0,0.0,0.0,0.0,0.0,0.0,0.0,0.0,0.0,0.0,0.0,0.0
0.637,0.637,0.2048889472992507,0.637,,,,,0.0,0.0,0.0,0.0,0.0,0.0,0.0,0.0,0.0,0.0,0.0,0.0,0.0,0.0,0.0,0.0,0.0,0.0,0.0,0.0,0.0,0.0,0.0,0.0
0.663,0.663,0.2590149516270887,0.663,,,,,0.0,0.0,0.0,0.0,0.0,0.0,0.0,0.0,0.0,0.0,0.0,0.0,0.0,0.0,0.0,0.0,0.0,0.0,0.0,0.0,0.0,0.0,0.0,0.0
0.656,0.656,0.2651582473169732,0.656,,,,,0.0,0.0,0.0,0.0,0.0,0.0,0.0,0.0,0.0,0.0,0.0,0.0,0.0,0.0,0.0,0.0,0.0,0.0,0.0,0.0,0.0,0.0,0.0,0.0
0.636,0.636,0.2308895058676369,0.636,,,,,0.0,0.0,0.0,0.0,0.0,0.0,0.0,0.0,0.0,0.0,0.0,0.0,0.0,0.0,0.0,0.0,0.0,0.0,0.0,0.0,0.0,0.0,0.0,0.0
0.631,0.631,0.2221819377576918,0.631,,,,,0.0,0.0,0.0,0.0,0.0,0.0,0.0,0.0,0.0,0.0,0.0,0.0,0.0,0.0,0.0,0.0,0.0,0.0,0.0,0.0,0.0,0.0,0.0,0.0
0.643,0.643,0.2438619380856362,0.643,,,,,0.0,0.0,0.0,0.0,0.0,0.0,0.0,0.0,0.0,0.0,0.0,0.0,0.0,0.0,0.0,0.0,0.0,0.0,0.0,0.0,0.0,0.0,0.0,0.0
0.65,0.65,0.2517882261395265,0.65,,,,,0.0,0.0,0.0,0.0,0.0,0.0,0.0,0.0,0.0,0.0,0.0,0.0,0.0,0.0,0.0,0.0,0.0,0.0,0.0,0.0,0.0,0.0,0.0,0.0
0.647,0.647,0.23249523842655,0.647,,,,,0.0,0.0,0.0,0.0,0.0,0.0,0.0,0.0,0.0,0.0,0.0,0.0,0.0,0.0,0.0,0.0,0.0,0.0,0.0,0.0,0.0,0.0,0.0,0.0
0.636,0.636,0.2047852701763892,0.636,,,,,0.0,0.0,0.0,0.0,0.0,0.0,0.0,0.0,0.0,0.0,0.0,0.0,0.0,0.0,0.0,0.0,0.0,0.0,0.0,0.0,0.0,0.0,0.0,0.0
0.63,0.63,0.2057733835341796,0.63,,,,,0.0,0.0,0.0,0.0,0.0,0.0,0.0,0.0,0.0,0.0,0.0,0.0,0.0,0.0,0.0,0.0,0.0,0.0,0.0,0.0,0.0,0.0,0.0,0.0
0.644,0.644,0.2469369796249915,0.644,,,,,0.0,0.0,0.0,0.0,0.0,0.0,0.0,0.0,0.0,0.0,0.0,0.0,0.0,0.0,0.0,0.0,0.0,0.0,0.0,0.0,0.0,0.0,0.0,0.0
0.649,0.649,0.2580285119983765,0.649,,,,,0.0,0.0,0.0,0.0,0.0,0.0,0.0,0.0,0.0,0.0,0.0,0.0,0.0,0.0,0.0,0.0,0.0,0.0,0.0,0.0,0.0,0.0,0.0,0.0
0.636,0.636,0.2335034787149812,0.636,,,,,0.0,0.0,0.0,0.0,0.0,0.0,0.0,0.0,0.0,0.0,0.0,0.0,0.0,0.0,0.0,0.0,0.0,0.0,0.0,0.0,0.0,0.0,0.0,0.0
0.63,0.63,0.2114942822679981,0.63,,,,,0.0,0.0,0.0,0.0,0.0,0.0,0.0,0.0,0.0,0.0,0.0,0.0,0.0,0.0,0.0,0.0,0.0,0.0,0.0,0.0,0.0,0.0,0.0,0.0
0.627,0.627,0.2065045354754165,0.627,,,,,0.0,0.0,0.0,0.0,0.0,0.0,0.0,0.0,0.0,0.0,0.0,0.0,0.0,0.0,0.0,0.0,0.0,0.0,0.0,0.0,0.0,0.0,0.0,0.0
0.627,0.627,0.210655515676847,0.627,,,,,0.0,0.0,0.0,0.0,0.0,0.0,0.0,0.0,0.0,0.0,0.0,0.0,0.0,0.0,0.0,0.0,0.0,0.0,0.0,0.0,0.0,0.0,0.0,0.0
0.625,0.625,0.198375374091492,0.625,,,,,0.0,0.0,0.0,0.0,0.0,0.0,0.0,0.0,0.0,0.0,0.0,0.0,0.0,0.0,0.0,0.0,0.0,0.0,0.0,0.0,0.0,0.0,0.0,0.0
0.639,0.639,0.2321305505687764,0.639,,,,,0.0,0.0,0.0,0.0,0.0,0.0,0.0,0.0,0.0,0.0,0.0,0.0,0.0,0.0,0.0,0.0,0.0,0.0,0.0,0.0,0.0,0.0,0.0,0.0
0.653,0.653,0.2538725519708945,0.653,,,,,0.0,0.0,0.0,0.0,0.0,0.0,0.0,0.0,0.0,0.0,0.0,0.0,0.0,0.0,0.0,0.0,0.0,0.0,0.0,0.0,0.0,0.0,0.0,0.0
0.653,0.653,0.267004647232784,0.653,,,,,0.0,0.0,0.0,0.0,0.0,0.0,0.0,0.0,0.0,0.0,0.0,0.0,0.0,0.0,0.0,0.0,0.0,0.0,0.0,0.0,0.0,0.0,0.0,0.0
0.648,0.648,0.2615746082359604,0.648,,,,,0.0,0.0,0.0,0.0,0.0,0.0,0.0,0.0,0.0,0.0,0.0,0.0,0.0,0.0,0.0,0.0,0.0,0.0,0.0,0.0,0.0,0.0,0.0,0.0
0.641,0.641,0.2472658346752549,0.641,,,,,0.0,0.0,0.0,0.0,0.0,0.0,0.0,0.0,0.0,0.0,0.0,0.0,0.0,0.0,0.0,0.0,0.0,0.0,0.0,0.0,0.0,0.0,0.0,0.0
0.634,0.634,0.2263628485066265,0.634,,,,,0.0,0.0,0.0,0.0,0.0,0.0,0.0,0.0,0.0,0.0,0.0,0.0,0.0,0.0,0.0,0.0,0.0,0.0,0.0,0.0,0.0,0.0,0.0,0.0
0.643,0.643,0.2493565913640263,0.643,,,,,0.0,0.0,0.0,0.0,0.0,0.0,0.0,0.0,0.0,0.0,0.0,0.0,0.0,0.0,0.0,0.0,0.0,0.0,0.0,0.0,0.0,0.0,0.0,0.0
0.632,0.632,0.220550359224617,0.632,,,,,0.0,0.0,0.0,0.0,0.0,0.0,0.0,0.0,0.0,0.0,0.0,0.0,0.0,0.0,0.0,0.0,0.0,0.0,0.0,0.0,0.0,0.0,0.0,0.0
0.632,0.632,0.2312191860950947,0.632,,,,,0.0,0.0,0.0,0.0,0.0,0.0,0.0,0.0,0.0,0.0,0.0,0.0,0.0,0.0,0.0,0.0,0.0,0.0,0.0,0.0,0.0,0.0,0.0,0.0
0.608,0.608,0.1775211494561567,0.608,,,,,0.0,0.0,0.0,0.0,0.0,0.0,0.0,0.0,0.0,0.0,0.0,0.0,0.0,0.0,0.0,0.0,0.0,0.0,0.0,0.0,0.0,0.0,0.0,0.0
0.63,0.63,0.21935987509758,0.63,,,,,0.0,0.0,0.0,0.0,0.0,0.0,0.0,0.0,0.0,0.0,0.0,0.0,0.0,0.0,0.0,0.0,0.0,0.0,0.0,0.0,0.0,0.0,0.0,0.0
0.648,0.648,0.2713784195535538,0.648,,,,,0.0,0.0,0.0,0.0,0.0,0.0,0.0,0.0,0.0,0.0,0.0,0.0,0.0,0.0,0.0,0.0,0.0,0.0,0.0,0.0,0.0,0.0,0.0,0.0
0.672,0.672,0.3296929666808357,0.672,,,,,0.0,0.0,0.0,0.0,0.0,0.0,0.0,0.0,0.0,0.0,0.0,0.0,0.0,0.0,0.0,0.0,0.0,0.0,0.0,0.0,0.0,0.0,0.0,0.0
0.681,0.681,0.3416653596281958,0.681,,,,,0.0,0.0,0.0,0.0,0.0,0.0,0.0,0.0,0.0,0.0,0.0,0.0,0.0,0.0,0.0,0.0,0.0,0.0,0.0,0.0,0.0,0.0,0.0,0.0
0.667,0.667,0.2965779467680608,0.667,,,,,0.0,0.0,0.0,0.0,0.0,0.0,0.0,0.0,0.0,0.0,0.0,0.0,0.0,0.0,0.0,0.0,0.0,0.0,0.0,0.0,0.0,0.0,0.0,0.0
0.666,0.666,0.2809162934894936,0.666,,,,,0.0,0.0,0.0,0.0,0.0,0.0,0.0,0.0,0.0,0.0,0.0,0.0,0.0,0.0,0.0,0.0,0.0,0.0,0.0,0.0,0.0,0.0,0.0,0.0
0.652,0.652,0.2478993049552197,0.652,,,,,0.0,0.0,0.0,0.0,0.0,0.0,0.0,0.0,0.0,0.0,0.0,0.0,0.0,0.0,0.0,0.0,0.0,0.0,0.0,0.0,0.0,0.0,0.0,0.0
0.653,0.653,0.2580396852548751,0.653,,,,,0.0,0.0,0.0,0.0,0.0,0.0,0.0,0.0,0.0,0.0,0.0,0.0,0.0,0.0,0.0,0.0,0.0,0.0,0.0,0.0,0.0,0.0,0.0,0.0
0.649,0.649,0.2464577071704593,0.649,,,,,0.0,0.0,0.0,0.0,0.0,0.0,0.0,0.0,0.0,0.0,0.0,0.0,0.0,0.0,0.0,0.0,0.0,0.0,0.0,0.0,0.0,0.0,0.0,0.0
0.654,0.654,0.2305673787254104,0.654,,,,,0.0,0.0,0.0,0.0,0.0,0.0,0.0,0.0,0.0,0.0,0.0,0.0,0.0,0.0,0.0,0.0,0.0,0.0,0.0,0.0,0.0,0.0,0.0,0.0
0.664,0.664,0.1966143031346389,0.664,,,,,0.0,0.0,0.0,0.0,0.0,0.0,0.0,0.0,0.0,0.0,0.0,0.0,0.0,0.0,0.0,0.0,0.0,0.0,0.0,0.0,0.0,0.0,0.0,0.0
0.724,0.724,0.19363792005329,0.724,,,,,0.0,0.0,0.0,0.0,0.0,0.0,0.0,0.0,0.0,0.0,0.0,0.0,0.0,0.0,0.0,0.0,0.0,0.0,0.0,0.0,0.0,0.0,0.0,0.0
0.799,0.799,0.2033925174381737,0.799,,,,,0.0,0.0,0.0,0.0,0.0,0.0,0.0,0.0,0.0,0.0,0.0,0.0,0.0,0.0,0.0,0.0,0.0,0.0,0.0,0.0,0.0,0.0,0.0,0.0
0.834,0.834,0.0636809746742625,0.834,,,,,0.0,0.0,0.0,0.0,0.0,0.0,0.0,0.0,0.0,0.0,0.0,0.0,0.0,0.0,0.0,0.0,0.0,0.0,0.0,0.0,0.0,0.0,0.0,0.0
0.852,0.852,0.0,0.852,,,,,0.0,0.0,0.0,0.0,0.0,0.0,0.0,0.0,0.0,0.0,0.0,0.0,0.0,0.0,0.0,0.0,0.0,0.0,0.0,0.0,0.0,0.0,0.0,0.0
0.826,0.826,-0.0039697193500738,0.826,,,,,0.0,0.0,0.0,0.0,0.0,0.0,0.0,0.0,0.0,0.0,0.0,0.0,0.0,0.0,0.0,0.0,0.0,0.0,0.0,0.0,0.0,0.0,0.0,0.0
0.828,0.828,-0.0059303100838665,0.828,,,,,0.0,0.0,0.0,0.0,0.0,0.0,0.0,0.0,0.0,0.0,0.0,0.0,0.0,0.0,0.0,0.0,0.0,0.0,0.0,0.0,0.0,0.0,0.0,0.0
0.826,0.826,0.0385996706927607,0.826,,,,,0.0,0.0,0.0,0.0,0.0,0.0,0.0,0.0,0.0,0.0,0.0,0.0,0.0,0.0,0.0,0.0,0.0,0.0,0.0,0.0,0.0,0.0,0.0,0.0
0.815,0.815,0.0381415855586058,0.815,,,,,0.0,0.0,0.0,0.0,0.0,0.0,0.0,0.0,0.0,0.0,0.0,0.0,0.0,0.0,0.0,0.0,0.0,0.0,0.0,0.0,0.0,0.0,0.0,0.0
0.793,0.793,0.0525795467027937,0.793,,,,,0.0,0.0,0.0,0.0,0.0,0.0,0.0,0.0,0.0,0.0,0.0,0.0,0.0,0.0,0.0,0.0,0.0,0.0,0.0,0.0,0.0,0.0,0.0,0.0
0.759,0.759,0.0116145542832769,0.759,,,,,0.0,0.0,0.0,0.0,0.0,0.0,0.0,0.0,0.0,0.0,0.0,0.0,0.0,0.0,0.0,0.0,0.0,0.0,0.0,0.0,0.0,0.0,0.0,0.0
0.753,0.753,0.0049310300373855,0.753,,,,,0.0,0.0,0.0,0.0,0.0,0.0,0.0,0.0,0.0,0.0,0.0,0.0,0.0,0.0,0.0,0.0,0.0,0.0,0.0,0.0,0.0,0.0,0.0,0.0
0.723,0.723,0.0104315518719634,0.723,,,,,0.0,0.0,0.0,0.0,0.0,0.0,0.0,0.0,0.0,0.0,0.0,0.0,0.0,0.0,0.0,0.0,0.0,0.0,0.0,0.0,0.0,0.0,0.0,0.0
0.699,0.699,0.0520162763451291,0.699,,,,,0.0,0.0,0.0,0.0,0.0,0.0,0.0,0.0,0.0,0.0,0.0,0.0,0.0,0.0,0.0,0.0,0.0,0.0,0.0,0.0,0.0,0.0,0.0,0.0
0.648,0.648,0.0330892249880508,0.648,,,,,0.0,0.0,0.0,0.0,0.0,0.0,0.0,0.0,0.0,0.0,0.0,0.0,0.0,0.0,0.0,0.0,0.0,0.0,0.0,0.0,0.0,0.0,0.0,0.0
0.587,0.587,0.0317891972993247,0.587,,,,,0.0,0.0,0.0,0.0,0.0,0.0,0.0,0.0,0.0,0.0,0.0,0.0,0.0,0.0,0.0,0.0,0.0,0.0,0.0,0.0,0.0,0.0,0.0,0.0
0.587,0.587,0.1018615170494086,0.587,,,,,0.0,0.0,0.0,0.0,0.0,0.0,0.0,0.0,0.0,0.0,0.0,0.0,0.0,0.0,0.0,0.0,0.0,0.0,0.0,0.0,0.0,0.0,0.0,0.0
0.597,0.597,0.1368231665524332,0.597,,,,,0.0,0.0,0.0,0.0,0.0,0.0,0.0,0.0,0.0,0.0,0.0,0.0,0.0,0.0,0.0,0.0,0.0,0.0,0.0,0.0,0.0,0.0,0.0,0.0
0.627,0.627,0.1883893990164934,0.627,,,,,0.0,0.0,0.0,0.0,0.0,0.0,0.0,0.0,0.0,0.0,0.0,0.0,0.0,0.0,0.0,0.0,0.0,0.0,0.0,0.0,0.0,0.0,0.0,0.0
0.643,0.643,0.2083695517198559,0.643,,,,,0.0,0.0,0.0,0.0,0.0,0.0,0.0,0.0,0.0,0.0,0.0,0.0,0.0,0.0,0.0,0.0,0.0,0.0,0.0,0.0,0.0,0.0,0.0,0.0
0.636,0.636,0.2019224023012699,0.636,,,,,0.0,0.0,0.0,0.0,0.0,0.0,0.0,0.0,0.0,0.0,0.0,0.0,0.0,0.0,0.0,0.0,0.0,0.0,0.0,0.0,0.0,0.0,0.0,0.0
0.627,0.627,0.1880996743691992,0.627,,,,,0.0,0.0,0.0,0.0,0.0,0.0,0.0,0.0,0.0,0.0,0.0,0.0,0.0,0.0,0.0,0.0,0.0,0.0,0.0,0.0,0.0,0.0,0.0,0.0
0.627,0.627,0.1839145845184439,0.627,,,,,0.0,0.0,0.0,0.0,0.0,0.0,0.0,0.0,0.0,0.0,0.0,0.0,0.0,0.0,0.0,0.0,0.0,0.0,0.0,0.0,0.0,0.0,0.0,0.0
0.63,0.63,0.190655350424359,0.63,,,,,0.0,0.0,0.0,0.0,0.0,0.0,0.0,0.0,0.0,0.0,0.0,0.0,0.0,0.0,0.0,0.0,0.0,0.0,0.0,0.0,0.0,0.0,0.0,0.0
0.649,0.649,0.2219848032131363,0.649,,,,,0.0,0.0,0.0,0.0,0.0,0.0,0.0,0.0,0.0,0.0,0.0,0.0,0.0,0.0,0.0,0.0,0.0,0.0,0.0,0.0,0.0,0.0,0.0,0.0
0.664,0.664,0.2745362213700902,0.664,,,,,0.0,0.0,0.0,0.0,0.0,0.0,0.0,0.0,0.0,0.0,0.0,0.0,0.0,0.0,0.0,0.0,0.0,0.0,0.0,0.0,0.0,0.0,0.0,0.0
0.66,0.66,0.268275885816604,0.66,,,,,0.0,0.0,0.0,0.0,0.0,0.0,0.0,0.0,0.0,0.0,0.0,0.0,0.0,0.0,0.0,0.0,0.0,0.0,0.0,0.0,0.0,0.0,0.0,0.0
0.657,0.657,0.2688500268585705,0.657,,,,,0.0,0.0,0.0,0.0,0.0,0.0,0.0,0.0,0.0,0.0,0.0,0.0,0.0,0.0,0.0,0.0,0.0,0.0,0.0,0.0,0.0,0.0,0.0,0.0
0.659,0.659,0.270900149668591,0.659,,,,,0.0,0.0,0.0,0.0,0.0,0.0,0.0,0.0,0.0,0.0,0.0,0.0,0.0,0.0,0.0,0.0,0.0,0.0,0.0,0.0,0.0,0.0,0.0,0.0
0.652,0.652,0.2498447954749258,0.652,,,,,0.0,0.0,0.0,0.0,0.0,0.0,0.0,0.0,0.0,0.0,0.0,0.0,0.0,0.0,0.0,0.0,0.0,0.0,0.0,0.0,0.0,0.0,0.0,0.0
0.645,0.645,0.2413881528335756,0.645,,,,,0.0,0.0,0.0,0.0,0.0,0.0,0.0,0.0,0.0,0.0,0.0,0.0,0.0,0.0,0.0,0.0,0.0,0.0,0.0,0.0,0.0,0.0,0.0,0.0
0.65,0.65,0.2400258825470859,0.65,,,,,0.0,0.0,0.0,0.0,0.0,0.0,0.0,0.0,0.0,0.0,0.0,0.0,0.0,0.0,0.0,0.0,0.0,0.0,0.0,0.0,0.0,0.0,0.0,0.0
0.658,0.658,0.2613039928463122,0.658,,,,,0.0,0.0,0.0,0.0,0.0,0.0,0.0,0.0,0.0,0.0,0.0,0.0,0.0,0.0,0.0,0.0,0.0,0.0,0.0,0.0,0.0,0.0,0.0,0.0
0.641,0.641,0.2285078180739772,0.641,,,,,0.0,0.0,0.0,0.0,0.0,0.0,0.0,0.0,0.0,0.0,0.0,0.0,0.0,0.0,0.0,0.0,0.0,0.0,0.0,0.0,0.0,0.0,0.0,0.0
0.655,0.655,0.2587977484638852,0.655,,,,,0.0,0.0,0.0,0.0,0.0,0.0,0.0,0.0,0.0,0.0,0.0,0.0,0.0,0.0,0.0,0.0,0.0,0.0,0.0,0.0,0.0,0.0,0.0,0.0
0.638,0.638,0.231699811108517,0.638,,,,,0.0,0.0,0.0,0.0,0.0,0.0,0.0,0.0,0.0,0.0,0.0,0.0,0.0,0.0,0.0,0.0,0.0,0.0,0.0,0.0,0.0,0.0,0.0,0.0
0.646,0.646,0.2534795444959933,0.646,,,,,0.0,0.0,0.0,0.0,0.0,0.0,0.0,0.0,0.0,0.0,0.0,0.0,0.0,0.0,0.0,0.0,0.0,0.0,0.0,0.0,0.0,0.0,0.0,0.0
0.64,0.64,0.235993208828523,0.64,,,,,0.0,0.0,0.0,0.0,0.0,0.0,0.0,0.0,0.0,0.0,0.0,0.0,0.0,0.0,0.0,0.0,0.0,0.0,0.0,0.0,0.0,0.0,0.0,0.0
0.623,0.623,0.2047353055335234,0.623,,,,,0.0,0.0,0.0,0.0,0.0,0.0,0.0,0.0,0.0,0.0,0.0,0.0,0.0,0.0,0.0,0.0,0.0,0.0,0.0,0.0,0.0,0.0,0.0,0.0
0.641,0.641,0.228905518373098,0.641,,,,,0.0,0.0,0.0,0.0,0.0,0.0,0.0,0.0,0.0,0.0,0.0,0.0,0.0,0.0,0.0,0.0,0.0,0.0,0.0,0.0,0.0,0.0,0.0,0.0
0.625,0.625,0.1991423348311151,0.625,,,,,0.0,0.0,0.0,0.0,0.0,0.0,0.0,0.0,0.0,0.0,0.0,0.0,0.0,0.0,0.0,0.0,0.0,0.0,0.0,0.0,0.0,0.0,0.0,0.0
0.63,0.63,0.2093037171273363,0.63,,,,,0.0,0.0,0.0,0.0,0.0,0.0,0.0,0.0,0.0,0.0,0.0,0.0,0.0,0.0,0.0,0.0,0.0,0.0,0.0,0.0,0.0,0.0,0.0,0.0
0.62,0.62,0.1979907557881851,0.62,,,,,0.0,0.0,0.0,0.0,0.0,0.0,0.0,0.0,0.0,0.0,0.0,0.0,0.0,0.0,0.0,0.0,0.0,0.0,0.0,0.0,0.0,0.0,0.0,0.0
0.628,0.628,0.2142383392547092,0.628,,,,,0.0,0.0,0.0,0.0,0.0,0.0,0.0,0.0,0.0,0.0,0.0,0.0,0.0,0.0,0.0,0.0,0.0,0.0,0.0,0.0,0.0,0.0,0.0,0.0
0.637,0.637,0.2368177613320998,0.637,,,,,0.0,0.0,0.0,0.0,0.0,0.0,0.0,0.0,0.0,0.0,0.0,0.0,0.0,0.0,0.0,0.0,0.0,0.0,0.0,0.0,0.0,0.0,0.0,0.0
0.649,0.649,0.2605856330313882,0.649,,,,,0.0,0.0,0.0,0.0,0.0,0.0,0.0,0.0,0.0,0.0,0.0,0.0,0.0,0.0,0.0,0.0,0.0,0.0,0.0,0.0,0.0,0.0,0.0,0.0
0.634,0.634,0.2335816863715746,0.634,,,,,0.0,0.0,0.0,0.0,0.0,0.0,0.0,0.0,0.0,0.0,0.0,0.0,0.0,0.0,0.0,0.0,0.0,0.0,0.0,0.0,0.0,0.0,0.0,0.0
0.621,0.621,0.2019506936080252,0.621,,,,,0.0,0.0,0.0,0.0,0.0,0.0,0.0,0.0,0.0,0.0,0.0,0.0,0.0,0.0,0.0,0.0,0.0,0.0,0.0,0.0,0.0,0.0,0.0,0.0
0.636,0.636,0.2425219855912699,0.636,0.621,0.621,0.2019506936080252,0.621,0.6224888096220853,0.6254563239783778,0.6224888096220853,0.6254563239783778,0.6224888096220853,0.6254563239783778,0.6224888096220853,0.6254563239783778,0.6224888096220853,0.6254563239783778,0.6224888096220853,0.6254563239783778,0.19059290574311172,0.2169102471356932,0.19059290574311172,0.2169102471356932,0.19059290574311172,0.2169102471356932,0.6224888096220853,0.6254563239783778,0.6224888096220853,0.6254563239783778,0.6224888096220853,0.6254563239783778
0.646,0.646,0.2574662398845506,0.646,0.621,0.621,0.2019506936080252,0.621,0.6420480743838088,0.6297850638623707,0.6420480743838088,0.6297850638623707,0.6420480743838088,0.6297850638623707,0.6420480743838088,0.6297850638623707,0.6420480743838088,0.6297850638623707,0.6420480743838088,0.6297850638623707,0.22575579230481985,0.21205540436730577,0.22575579230481985,0.21205540436730577,0.22575579230481985,0.21205540436730577,0.6420480743838088,0.6297850638623707,0.6420480743838088,0.6297850638623707,0.6420480743838088,0.6297850638623707
0.662,0.662,0.2875691353028463,0.662,0.621,0.621,0.2019506936080252,0.621,0.6381755398452597,0.6489097794535742,0.6381755398452597,0.6489097794535742,0.6381755398452597,0.6489097794535742,0.6381755398452597,0.6489097794535742,0.6381755398452597,0.6489097794535742,0.6381755398452597,0.6489097794535742,0.22845304672059055,0.23348791124602977,0.22845304672059055,0.23348791124602977,0.22845304672059055,0.23348791124602977,0.6381755398452597,0.6489097794535742,0.6381755398452597,0.6489097794535742,0.6381755398452597,0.6489097794535742
0.664,0.664,0.2987933402062716,0.664,0.621,0.621,0.2019506936080252,0.621,0.6164756291372514,0.6109433062219161,0.6164756291372514,0.6109433062219161,0.6164756291372514,0.6109433062219161,0.6164756291372514,0.6109433062219161,0.6164756291372514,0.6109433062219161,0.6164756291372514,0.6109433062219161,0.2603107191771727,0.27140493216349876,0.2603107191771727,0.27140493216349876,0.2603107191771727,0.27140493216349876,0.6164756291372514,0.6109433062219161,0.6164756291372514,0.6109433062219161,0.6164756291372514,0.6109433062219161
0.658,0.658,0.2989073614727044,0.658,0.621,0.621,0.2019506936080252,0.621,0.6312312277035778,0.666270011563643,0.6312312277035778,0.666270011563643,0.6312312277035778,0.666270011563643,0.6312312277035778,0.666270011563643,0.6312312277035778,0.666270011563643,0.6312312277035778,0.666270011563643,0.288444208093827,0.29246736046702754,0.288444208093827,0.29246736046702754,0.288444208093827,0.29246736046702754,0.6312312277035778,0.666270011563643,0.6312312277035778,0.666270011563643,0.6312312277035778,0.666270011563643
0.649,0.649,0.2719473644909438,0.649,0.621,0.621,0.2019506936080252,0.621,0.7001353951595579,0.6601621833329554,0.7001353951595579,0.6601621833329554,0.7001353951595579,0.6601621833329554,0.7001353951595579,0.6601621833329554,0.7001353951595579,0.6601621833329554,0.7001353951595579,0.6601621833329554,0.2838447643423424,0.29838601419424343,0.2838447643423424,0.29838601419424343,0.2838447643423424,0.29838601419424343,0.7001353951595579,0.6601621833329554,0.7001353951595579,0.6601621833329554,0.7001353951595579,0.6601621833329554
0.658,0.658,0.2779722420439718,0.658,0.621,0.621,0.2019506936080252,0.621,0.6834103892529495,0.6752477590613624,0.6834103892529495,0.6752477590613624,0.6834103892529495,0.6752477590613624,0.6834103892529495,0.6752477590613624,0.6834103892529495,0.6752477590613624,0.6834103892529495,0.6752477590613624,0.2856575811483247,0.279932275649704,0.2856575811483247,0.279932275649704,0.2856575811483247,0.279932275649704,0.6834103892529495,0.6752477590613624,0.6834103892529495,0.6752477590613624,0.6834103892529495,0.6752477590613624
0.677,0.677,0.2925540769035333,0.677,0.636,0.636,0.2425219855912699,0.636,0.7272705404019429,0.6594570830104624,0.7272705404019429,0.6594570830104624,0.7272705404019429,0.6594570830104624,0.7272705404019429,0.6594570830104624,0.7272705404019429,0.6594570830104624,0.7272705404019429,0.6594570830104624,0.2685961994273591,0.2663613552531679,0.2685961994273591,0.2663613552531679,0.2685961994273591,0.2663613552531679,0.7272705404019429,0.6594570830104624,0.7272705404019429,0.6594570830104624,0.7272705404019429,0.6594570830104624
0.672,0.672,0.2875234052905731,0.672,0.646,0.646,0.2574662398845506,0.646,0.697679084934388,0.6483221190852021,0.697679084934388,0.6483221190852021,0.697679084934388,0.6483221190852021,0.697679084934388,0.6483221190852021,0.697679084934388,0.6483221190852021,0.697679084934388,0.6483221190852021,0.22685395948363804,0.2520785702366491,0.22685395948363804,0.2520785702366491,0.22685395948363804,0.2520785702366491,0.697679084934388,0.6483221190852021,0.697679084934388,0.6483221190852021,0.697679084934388,0.6483221190852021
0.673,0.673,0.3108535300316122,0.673,0.662,0.662,0.2875691353028463,0.662,0.6525773705896557,0.650262987469474,0.6525773705896557,0.650262987469474,0.6525773705896557,0.650262987469474,0.6525773705896557,0.650262987469474,0.6525773705896557,0.650262987469474,0.6525773705896557,0.650262987469474,0.2510117194650158,0.2492319422224221,0.2510117194650158,0.2492319422224221,0.2510117194650158,0.2492319422224221,0.6525773705896557,0.650262987469474,0.6525773705896557,0.650262987469474,0.6525773705896557,0.650262987469474
0.656,0.656,0.2603295833763374,0.656,0.664,0.664,0.2987933402062716,0.664,0.6556894615411861,0.6571647173998875,0.6556894615411861,0.6571647173998875,0.6556894615411861,0.6571647173998875,0.6556894615411861,0.6571647173998875,0.6556894615411861,0.6571647173998875,0.6556894615411861,0.6571647173998875,0.22739702170939707,0.235488628097952,0.22739702170939707,0.235488628097952,0.22739702170939707,0.235488628097952,0.6556894615411861,0.6571647173998875,0.6556894615411861,0.6571647173998875,0.6556894615411861,0.6571647173998875
0.666,0.666,0.2470185089162928,0.666,0.658,0.658,0.2989073614727044,0.658,0.6649031144872503,0.6449784490233046,0.6649031144872503,0.6449784490233046,0.6649031144872503,0.6449784490233046,0.6649031144872503,0.6449784490233046,0.6649031144872503,0.6449784490233046,0.6649031144872503,0.6449784490233046,0.23615010380218332,0.22360340055820424,0.23615010380218332,0.22360340055820424,0.23615010380218332,0.22360340055820424,0.6649031144872503,0.6449784490233046,0.6649031144872503,0.6449784490233046,0.6649031144872503,0.6449784490233046
0.68,0.68,0.205087440381558,0.68,0.649,0.649,0.2719473644909438,0.649,0.6770743223828324,0.65651167008303,0.6770743223828324,0.65651167008303,0.6770743223828324,0.65651167008303,0.6770743223828324,0.65651167008303,0.6770743223828324,0.65651167008303,0.6770743223828324,0.65651167008303,0.20132841528338685,0.2123786096309791,0.20132841528338685,0.2123786096309791,0.20132841528338685,0.2123786096309791,0.6770743223828324,0.65651167008303,0.6770743223828324,0.65651167008303,0.6770743223828324,0.65651167008303
0.725,0.725,0.1810406442083193,0.725,0.658,0.658,0.2779722420439718,0.658,0.7160507566914861,0.7294557981240185,0.7160507566914861,0.7294557981240185,0.7160507566914861,0.7294557981240185,0.7160507566914861,0.7294557981240185,0.7160507566914861,0.7294557981240185,0.7160507566914861,0.7294557981240185,0.19489465960369992,0.1941602151472334,0.19489465960369992,0.1941602151472334,0.19489465960369992,0.1941602151472334,0.7160507566914861,0.7294557981240185,0.7160507566914861,0.7294557981240185,0.7160507566914861,0.7294557981240185
0.764,0.764,0.0880989180834621,0.764,0.677,0.677,0.2925540769035333,0.677,0.8039122800145015,0.7801827404085296,0.8039122800145015,0.7801827404085296,0.8039122800145015,0.7801827404085296,0.8039122800145015,0.7801827404085296,0.8039122800145015,0.7801827404085296,0.8039122800145015,0.7801827404085296,0.2416040388981043,0.1820939097106182,0.2416040388981043,0.1820939097106182,0.2416040388981043,0.1820939097106182,0.8039122800145015,0.7801827404085296,0.8039122800145015,0.7801827404085296,0.8039122800145015,0.7801827404085296
0.824,0.824,0.0,0.824,0.672,0.672,0.2875234052905731,0.672,0.8095234518358527,0.7934222507070091,0.8095234518358527,0.7934222507070091,0.8095234518358527,0.7934222507070091,0.8095234518358527,0.7934222507070091,0.8095234518358527,0.7934222507070091,0.8095234518358527,0.7934222507070091,0.03128865065259055,0.04251458752360629,0.03128865065259055,0.04251458752360629,0.03128865065259055,0.04251458752360629,0.8095234518358527,0.7934222507070091,0.8095234518358527,0.7934222507070091,0.8095234518358527,0.7934222507070091
0.815,0.815,-0.0039724748735538,0.815,0.673,0.673,0.3108535300316122,0.673,0.801717620633687,0.8069626868046562,0.801717620633687,0.8069626868046562,0.801717620633687,0.8069626868046562,0.801717620633687,0.8069626868046562,0.801717620633687,0.8069626868046562,0.801717620633687,0.8069626868046562,0.020951433847153967,0.033577729599079065,0.020951433847153967,0.033577729599079065,0.020951433847153967,0.033577729599079065,0.801717620633687,0.8069626868046562,0.801717620633687,0.8069626868046562,0.801717620633687,0.8069626868046562
0.807,0.807,0.0095656457837259,0.807,0.656,0.656,0.2603295833763374,0.656,0.7995181262766576,0.809382564787589,0.7995181262766576,0.809382564787589,0.7995181262766576,0.809382564787589,0.7995181262766576,0.809382564787589,0.7995181262766576,0.809382564787589,0.7995181262766576,0.809382564787589,0.01847792910787686,0.023529028347305074,0.01847792910787686,0.023529028347305074,0.01847792910787686,0.023529028347305074,0.7995181262766576,0.809382564787589,0.7995181262766576,0.809382564787589,0.7995181262766576,0.809382564787589
0.805,0.805,0.0287490287490287,0.805,0.666,0.666,0.2470185089162928,0.666,0.8145956985418653,0.802518503287362,0.8145956985418653,0.802518503287362,0.8145956985418653,0.802518503287362,0.8145956985418653,0.802518503287362,0.8145956985418653,0.802518503287362,0.8145956985418653,0.802518503287362,0.018162542673394295,0.020654327967683267,0.018162542673394295,0.020654327967683267,0.018162542673394295,0.020654327967683267,0.8145956985418653,0.802518503287362,0.8145956985418653,0.802518503287362,0.8145956985418653,0.802518503287362
0.794,0.794,0.050682494769537,0.794,0.68,0.68,0.205087440381558,0.68,0.7851805226898927,0.8041286210226215,0.7851805226898927,0.8041286210226215,0.7851805226898927,0.8041286210226215,0.7851805226898927,0.8041286210226215,0.7851805226898927,0.8041286210226215,0.7851805226898927,0.8041286210226215,0.025983749431304843,0.024811805808229448,0.025983749431304843,0.024811805808229448,0.025983749431304843,0.024811805808229448,0.7851805226898927,0.8041286210226215,0.7851805226898927,0.8041286210226215,0.7851805226898927,0.8041286210226215
0.776,0.776,0.0581903800874537,0.776,0.725,0.725,0.1810406442083193,0.725,0.774516281332077,0.7957260525962391,0.774516281332077,0.7957260525962391,0.774516281332077,0.7957260525962391,0.774516281332077,0.7957260525962391,0.774516281332077,0.7957260525962391,0.774516281332077,0.7957260525962391,0.018310889013046117,0.029716181591704433,0.018310889013046117,0.029716181591704433,0.018310889013046117,0.029716181591704433,0.774516281332077,0.7957260525962391,0.774516281332077,0.7957260525962391,0.774516281332077,0.7957260525962391
0.755,0.755,0.0422654136631589,0.755,0.764,0.764,0.0880989180834621,0.764,0.7491321367577048,0.7699278459712057,0.7491321367577048,0.7699278459712057,0.7491321367577048,0.7699278459712057,0.7491321367577048,0.7699278459712057,0.7491321367577048,0.7699278459712057,0.7491321367577048,0.7699278459712057,0.01095062873499187,0.030309744434818646,0.01095062873499187,0.030309744434818646,0.01095062873499187,0.030309744434818646,0.7491321367577048,0.7699278459712057,0.7491321367577048,0.7699278459712057,0.7491321367577048,0.7699278459712057
0.723,0.723,0.0162374099697413,0.723,0.824,0.824,0.0,0.824,0.7297067890949072,0.7355347126090129,0.7297067890949072,0.7355347126090129,0.7297067890949072,0.7355347126090129,0.7297067890949072,0.7355347126090129,0.7297067890949072,0.7355347126090129,0.7297067890949072,0.7355347126090129,0.025363341697754394,0.03987158523143611,0.025363341697754394,0.03987158523143611,0.025363341697754394,0.03987158523143611,0.7297067890949072,0.7355347126090129,0.7297067890949072,0.7355347126090129,0.7297067890949072,0.7355347126090129
0.69,0.69,0.0809096030122447,0.69,0.815,0.815,-0.0039724748735538,0.815,0.7503305316022751,0.6908517386999942,0.7503305316022751,0.6908517386999942,0.7503305316022751,0.6908517386999942,0.7503305316022751,0.6908517386999942,0.7503305316022751,0.6908517386999942,0.7503305316022751,0.6908517386999942,0.055457931147346366,0.06336003940142576,0.055457931147346366,0.06336003940142576,0.055457931147346366,0.06336003940142576,0.7503305316022751,0.6908517386999942,0.7503305316022751,0.6908517386999942,0.7503305316022751,0.6908517386999942
0.664,0.664,0.133716972959594,0.664,0.807,0.807,0.0095656457837259,0.807,0.6518794179844647,0.6911201513160251,0.6518794179844647,0.6911201513160251,0.6518794179844647,0.6911201513160251,0.6518794179844647,0.6911201513160251,0.6518794179844647,0.6911201513160251,0.6518794179844647,0.6911201513160251,0.05932235654605703,0.06745567762287093,0.05932235654605703,0.06745567762287093,0.05932235654605703,0.06745567762287093,0.6518794179844647,0.6911201513160251,0.6518794179844647,0.6911201513160251,0.6518794179844647,0.6911201513160251
0.631,0.631,0.1833247755803041,0.631,0.805,0.805,0.0287490287490287,0.805,0.6172168659950815,0.6526576229888664,0.6172168659950815,0.6526576229888664,0.6172168659950815,0.6526576229888664,0.6172168659950815,0.6526576229888664,0.6172168659950815,0.6526576229888664,0.6172168659950815,0.6526576229888664,0.07201630705861647,0.0766536875033665,0.07201630705861647,0.0766536875033665,0.07201630705861647,0.0766536875033665,0.6172168659950815,0.6526576229888664,0.6172168659950815,0.6526576229888664,0.6172168659950815,0.6526576229888664
0.609,0.609,0.1694069863281416,0.609,0.794,0.794,0.050682494769537,0.794,0.6372104876911222,0.6041325557529528,0.6372104876911222,0.6041325557529528,0.6372104876911222,0.6041325557529528,0.6372104876911222,0.6041325557529528,0.6372104876911222,0.6041325557529528,0.6372104876911222,0.6041325557529528,0.08556614860183537,0.13065538837166002,0.08556614860183537,0.13065538837166002,0.08556614860183537,0.13065538837166002,0.6372104876911222,0.6041325557529528,0.6372104876911222,0.6041325557529528,0.6372104876911222,0.6041325557529528
0.593,0.593,0.1573150026916229,0.593,0.776,0.776,0.0581903800874537,0.776,0.6534978229401238,0.6312981795085055,0.6534978229401238,0.6312981795085055,0.6534978229401238,0.6312981795085055,0.6534978229401238,0.6312981795085055,0.6534978229401238,0.6312981795085055,0.6534978229401238,0.6312981795085055,0.16693596721626353,0.208125769195406,0.16693596721626353,0.208125769195406,0.16693596721626353,0.208125769195406,0.6534978229401238,0.6312981795085055,0.6534978229401238,0.6312981795085055,0.6534978229401238,0.6312981795085055
0.607,0.607,0.1643560651164374,0.607,0.755,0.755,0.0422654136631589,0.755,0.6481593008892347,0.6316877563565565,0.6481593008892347,0.6316877563565565,0.6481593008892347,0.6316877563565565,0.6481593008892347,0.6316877563565565,0.6481593008892347,0.6316877563565565,0.6481593008892347,0.6316877563565565,0.16425577059416552,0.20740296352429496,0.16425577059416552,0.20740296352429496,0.16425577059416552,0.20740296352429496,0.6481593008892347,0.6316877563565565,0.6481593008892347,0.6316877563565565,0.6481593008892347,0.6316877563565565
0.624,0.624,0.1755651544719013,0.624,0.723,0.723,0.0162374099697413,0.723,0.6221057248069768,0.6213058982189654,0.6221057248069768,0.6213058982189654,0.6221057248069768,0.6213058982189654,0.6221057248069768,0.6213058982189654,0.6221057248069768,0.6213058982189654,0.6221057248069768,0.6213058982189654,0.07805252701146027,0.22015761927080246,0.07805252701146027,0.22015761927080246,0.07805252701146027,0.22015761927080246,0.6221057248069768,0.6213058982189654,0.6221057248069768,0.6213058982189654,0.6221057248069768,0.6213058982189654
0.606,0.606,0.1493183751549147,0.606,0.69,0.69,0.0809096030122447,0.69,0.6850873762593198,0.6417105475294341,0.6850873762593198,0.6417105475294341,0.6850873762593198,0.6417105475294341,0.6850873762593198,0.6417105475294341,0.6850873762593198,0.6417105475294341,0.6850873762593198,0.6417105475294341,0.1748886728240468,0.2278401399115936,0.1748886728240468,0.2278401399115936,0.1748886728240468,0.2278401399115936,0.6850873762593198,0.6417105475294341,0.6850873762593198,0.6417105475294341,0.6850873762593198,0.6417105475294341
0.607,0.607,0.1566813156629815,0.607,0.664,0.664,0.133716972959594,0.664,0.7232516587990792,0.658296457954318,0.7232516587990792,0.658296457954318,0.7232516587990792,0.658296457954318,0.7232516587990792,0.658296457954318,0.7232516587990792,0.658296457954318,0.7232516587990792,0.658296457954318,0.17440943124811384,0.22873188714794612,0.17440943124811384,0.22873188714794612,0.17440943124811384,0.22873188714794612,0.7232516587990792,0.658296457954318,0.7232516587990792,0.658296457954318,0.7232516587990792,0.658296457954318
0.596,0.596,0.1466891963248495,0.596,0.631,0.631,0.1833247755803041,0.631,0.6862744878176417,0.6518453446487954,0.6862744878176417,0.6518453446487954,0.6862744878176417,0.6518453446487954,0.6862744878176417,0.6518453446487954,0.6862744878176417,0.6518453446487954,0.6862744878176417,0.6518453446487954,0.07221018660861675,0.2206109368523168,0.07221018660861675,0.2206109368523168,0.07221018660861675,0.2206109368523168,0.6862744878176417,0.6518453446487954,0.6862744878176417,0.6518453446487954,0.6862744878176417,0.6518453446487954
0.624,0.624,0.2018035842415648,0.624,0.609,0.609,0.1694069863281416,0.609,0.6647880647300153,0.6554703106469343,0.6647880647300153,0.6554703106469343,0.6647880647300153,0.6554703106469343,0.6647880647300153,0.6554703106469343,0.6647880647300153,0.6554703106469343,0.6647880647300153,0.6554703106469343,0.27739002114678646,0.25299870233451793,0.27739002114678646,0.25299870233451793,0.27739002114678646,0.25299870233451793,0.6647880647300153,0.6554703106469343,0.6647880647300153,0.6554703106469343,0.6647880647300153,0.6554703106469343
0.615,0.615,0.19953760302055,0.615,0.593,0.593,0.1573150026916229,0.593,0.6747497579049859,0.6599976570836986,0.6747497579049859,0.6599976570836986,0.6747497579049859,0.6599976570836986,0.6747497579049859,0.6599976570836986,0.6747497579049859,0.6599976570836986,0.6747497579049859,0.6599976570836986,0.2685152245675444,0.25646838576379133,0.2685152245675444,0.25646838576379133,0.2685152245675444,0.25646838576379133,0.6747497579049859,0.6599976570836986,0.6747497579049859,0.6599976570836986,0.6747497579049859,0.6599976570836986
0.608,0.608,0.1801907311360213,0.608,0.607,0.607,0.1643560651164374,0.607,0.6631301741099819,0.6360864966204705,0.6631301741099819,0.6360864966204705,0.6631301741099819,0.6360864966204705,0.6631301741099819,0.6360864966204705,0.6631301741099819,0.6360864966204705,0.6631301741099819,0.6360864966204705,0.241221706273342,0.267043095204244,0.241221706273342,0.267043095204244,0.241221706273342,0.267043095204244,0.6631301741099819,0.6360864966204705,0.6631301741099819,0.6360864966204705,0.6631301741099819,0.6360864966204705
0.614,0.614,0.1977820544261233,0.614,0.624,0.624,0.1755651544719013,0.624,0.6991243889822476,0.6332949794800263,0.6991243889822476,0.6332949794800263,0.6991243889822476,0.6332949794800263,0.6991243889822476,0.6332949794800263,0.6991243889822476,0.6332949794800263,0.6991243889822476,0.6332949794800263,0.2742911226137232,0.2659164299951049,0.2742911226137232,0.2659164299951049,0.2742911226137232,0.2659164299951049,0.6991243889822476,0.6332949794800263,0.6991243889822476,0.6332949794800263,0.6991243889822476,0.6332949794800263
0.622,0.622,0.2016962897884706,0.622,0.606,0.606,0.1493183751549147,0.606,0.6964885872950237,0.6379622141834014,0.6964885872950237,0.6379622141834014,0.6964885872950237,0.6379622141834014,0.6964885872950237,0.6379622141834014,0.6964885872950237,0.6379622141834014,0.6964885872950237,0.6379622141834014,0.2509198068632938,0.25283346020412456,0.2509198068632938,0.25283346020412456,0.2509198068632938,0.25283346020412456,0.6964885872950237,0.6379622141834014,0.6964885872950237,0.6379622141834014,0.6964885872950237,0.6379622141834014
0.627,0.627,0.2217038217889544,0.627,0.607,0.607,0.1566813156629815,0.607,0.6584801980447752,0.6439371803943191,0.6584801980447752,0.6439371803943191,0.6584801980447752,0.6439371803943191,0.6584801980447752,0.6439371803943191,0.6584801980447752,0.6439371803943191,0.6584801980447752,0.6439371803943191,0.24341596617263103,0.25125064453259527,0.24341596617263103,0.25125064453259527,0.24341596617263103,0.25125064453259527,0.6584801980447752,0.6439371803943191,0.6584801980447752,0.6439371803943191,0.6584801980447752,0.6439371803943191
0.62,0.62,0.1992143871671998,0.62,0.596,0.596,0.1466891963248495,0.596,0.6604438790763888,0.628212037472513,0.6604438790763888,0.628212037472513,0.6604438790763888,0.628212037472513,0.6604438790763888,0.628212037472513,0.6604438790763888,0.628212037472513,0.6604438790763888,0.628212037472513,0.22043127077866914,0.24077330511101044,0.22043127077866914,0.24077330511101044,0.22043127077866914,0.24077330511101044,0.6604438790763888,0.628212037472513,0.6604438790763888,0.628212037472513,0.6604438790763888,0.628212037472513
0.611,0.611,0.1861243618712862,0.611,0.624,0.624,0.2018035842415648,0.624,0.6534209975974092,0.6324113559257343,0.6534209975974092,0.6324113559257343,0.6534209975974092,0.6324113559257343,0.6534209975974092,0.6324113559257343,0.6534209975974092,0.6324113559257343,0.6534209975974092,0.6324113559257343,0.24480426420178553,0.2404322200482086,0.24480426420178553,0.2404322200482086,0.24480426420178553,0.2404322200482086,0.6534209975974092,0.6324113559257343,0.6534209975974092,0.6324113559257343,0.6534209975974092,0.6324113559257343
0.618,0.618,0.2055701593850863,0.618,0.615,0.615,0.19953760302055,0.615,0.6597759912096824,0.6689423263135832,0.6597759912096824,0.6689423263135832,0.6597759912096824,0.6689423263135832,0.6597759912096824,0.6689423263135832,0.6597759912096824,0.6689423263135832,0.6597759912096824,0.6689423263135832,0.2709869034689787,0.2529600107979949,0.2709869034689787,0.2529600107979949,0.2709869034689787,0.2529600107979949,0.6597759912096824,0.6689423263135832,0.6597759912096824,0.6689423263135832,0.6597759912096824,0.6689423263135832
0.611,0.611,0.1937021714077255,0.611,0.608,0.608,0.1801907311360213,0.608,0.6609127166788147,0.6549657305534313,0.6609127166788147,0.6549657305534313,0.6609127166788147,0.6549657305534313,0.6609127166788147,0.6549657305534313,0.6609127166788147,0.6549657305534313,0.6609127166788147,0.6549657305534313,0.27231579272080914,0.2588026461988702,0.27231579272080914,0.2588026461988702,0.27231579272080914,0.2588026461988702,0.6609127166788147,0.6549657305534313,0.6609127166788147,0.6549657305534313,0.6609127166788147,0.6549657305534313
0.618,0.618,0.2005290739531534,0.618,0.614,0.614,0.1977820544261233,0.614,0.6509720735506108,0.6455684408063405,0.6509720735506108,0.6455684408063405,0.6509720735506108,0.6455684408063405,0.6509720735506108,0.6455684408063405,0.6509720735506108,0.6455684408063405,0.6509720735506108,0.6455684408063405,0.19167275385670726,0.2481517858776395,0.19167275385670726,0.2481517858776395,0.19167275385670726,0.2481517858776395,0.6509720735506108,0.6455684408063405,0.6509720735506108,0.6455684408063405,0.6509720735506108,0.6455684408063405
0.617,0.617,0.201098020892434,0.617,0.622,0.622,0.2016962897884706,0.622,0.6887320501477981,0.6482300377348044,0.6887320501477981,0.6482300377348044,0.6887320501477981,0.6482300377348044,0.6887320501477981,0.6482300377348044,0.6887320501477981,0.6482300377348044,0.6887320501477981,0.6482300377348044,0.1870241255845808,0.23130033191871213,0.1870241255845808,0.23130033191871213,0.1870241255845808,0.23130033191871213,0.6887320501477981,0.6482300377348044,0.6887320501477981,0.6482300377348044,0.6887320501477981,0.6482300377348044
0.623,0.623,0.2190348347751152,0.623,0.627,0.627,0.2217038217889544,0.627,0.6650225830892467,0.6398530654617224,0.6650225830892467,0.6398530654617224,0.6650225830892467,0.6398530654617224,0.6650225830892467,0.6398530654617224,0.6650225830892467,0.6398530654617224,0.6650225830892467,0.6398530654617224,0.24653050284680372,0.22861060932561195,0.24653050284680372,0.22861060932561195,0.24653050284680372,0.22861060932561195,0.6650225830892467,0.6398530654617224,0.6650225830892467,0.6398530654617224,0.6650225830892467,0.6398530654617224
0.629,0.629,0.2225742640649098,0.629,0.62,0.62,0.1992143871671998,0.62,0.6507771535487162,0.6568148172693662,0.6507771535487162,0.6568148172693662,0.6507771535487162,0.6568148172693662,0.6507771535487162,0.6568148172693662,0.6507771535487162,0.6568148172693662,0.6507771535487162,0.6568148172693662,0.2851906534240208,0.25069129319670963,0.2851906534240208,0.25069129319670963,0.2851906534240208,0.25069129319670963,0.6507771535487162,0.6568148172693662,0.6507771535487162,0.6568148172693662,0.6507771535487162,0.6568148172693662
0.633,0.633,0.2268866493646566,0.633,0.611,0.611,0.1861243618712862,0.611,0.6671218201124551,0.6691010394469108,0.6671218201124551,0.6691010394469108,0.6671218201124551,0.6691010394469108,0.6671218201124551,0.6691010394469108,0.6671218201124551,0.6691010394469108,0.6671218201124551,0.6691010394469108,0.2816851859532824,0.26999701635105505,0.2816851859532824,0.26999701635105505,0.2816851859532824,0.26999701635105505,0.6671218201124551,0.6691010394469108,0.6671218201124551,0.6691010394469108,0.6671218201124551,0.6691010394469108
0.632,0.632,0.2252762058744274,0.632,0.618,0.618,0.2055701593850863,0.618,0.6426329534107308,0.643385150279367,0.6426329534107308,0.643385150279367,0.6426329534107308,0.643385150279367,0.6426329534107308,0.643385150279367,0.6426329534107308,0.643385150279367,0.6426329534107308,0.643385150279367,0.25699131780266954,0.2677879130199206,0.25699131780266954,0.2677879130199206,0.25699131780266954,0.2677879130199206,0.6426329534107308,0.643385150279367,0.6426329534107308,0.643385150279367,0.6426329534107308,0.643385150279367
0.633,0.633,0.2295419238359155,0.633,0.611,0.611,0.1937021714077255,0.611,0.6433350882829191,0.6440932061397424,0.6433350882829191,0.6440932061397424,0.6433350882829191,0.6440932061397424,0.6433350882829191,0.6440932061397424,0.6433350882829191,0.6440932061397424,0.6433350882829191,0.6440932061397424,0.240819264279509,0.25365359008731464,0.240819264279509,0.25365359008731464,0.240819264279509,0.25365359008731464,0.6433350882829191,0.6440932061397424,0.6433350882829191,0.6440932061397424,0.6433350882829191,0.6440932061397424
0.63,0.63,0.23044925124792,0.63,0.618,0.618,0.2005290739531534,0.618,0.7034718467446894,0.6163576901403557,0.7034718467446894,0.6163576901403557,0.7034718467446894,0.6163576901403557,0.7034718467446894,0.6163576901403557,0.7034718467446894,0.6163576901403557,0.7034718467446894,0.6163576901403557,0.2680951488750118,0.24409921547883837,0.2680951488750118,0.24409921547883837,0.2680951488750118,0.24409921547883837,0.7034718467446894,0.6163576901403557,0.7034718467446894,0.6163576901403557,0.7034718467446894,0.6163576901403557
0.623,0.623,0.2254209847220967,0.623,0.617,0.617,0.201098020892434,0.617,0.6643837763657671,0.6175725799874651,0.6643837763657671,0.6175725799874651,0.6643837763657671,0.6175725799874651,0.6643837763657671,0.6175725799874651,0.6643837763657671,0.6175725799874651,0.6643837763657671,0.6175725799874651,0.2547638318498349,0.24304650609929024,0.2547638318498349,0.24304650609929024,0.2547638318498349,0.24304650609929024,0.6643837763657671,0.6175725799874651,0.6643837763657671,0.6175725799874651,0.6643837763657671,0.6175725799874651
0.61,0.61,0.2072139465296298,0.61,0.623,0.623,0.2190348347751152,0.623,0.6435287437814526,0.6387221939875067,0.6435287437814526,0.6387221939875067,0.6435287437814526,0.6387221939875067,0.6435287437814526,0.6387221939875067,0.6435287437814526,0.6387221939875067,0.6435287437814526,0.6387221939875067,0.15626481313165047,0.25818830446839547,0.15626481313165047,0.25818830446839547,0.15626481313165047,0.25818830446839547,0.6435287437814526,0.6387221939875067,0.6435287437814526,0.6387221939875067,0.6435287437814526,0.6387221939875067
0.571,0.571,0.1247684410677416,0.571,0.629,0.629,0.2225742640649098,0.629,0.6417859178001727,0.6448804066469194,0.6417859178001727,0.6448804066469194,0.6417859178001727,0.6448804066469194,0.6417859178001727,0.6448804066469194,0.6417859178001727,0.6448804066469194,0.6417859178001727,0.6448804066469194,0.17987004191629466,0.24351032651724305,0.17987004191629466,0.24351032651724305,0.17987004191629466,0.24351032651724305,0.6417859178001727,0.6448804066469194,0.6417859178001727,0.6448804066469194,0.6417859178001727,0.6448804066469194
0.564,0.564,0.105677715786019,0.564,0.633,0.633,0.2268866493646566,0.633,0.6804589200896776,0.6345186222365455,0.6804589200896776,0.6345186222365455,0.6804589200896776,0.6345186222365455,0.6804589200896776,0.6345186222365455,0.6804589200896776,0.6345186222365455,0.6804589200896776,0.6345186222365455,0.15864202175978523,0.2764610065593049,0.15864202175978523,0.2764610065593049,0.15864202175978523,0.2764610065593049,0.6804589200896776,0.6345186222365455,0.6804589200896776,0.6345186222365455,0.6804589200896776,0.6345186222365455
0.58,0.58,0.1350621107779497,0.58,0.632,0.632,0.2252762058744274,0.632,0.6427738253369938,0.6099172073177312,0.6427738253369938,0.6099172073177312,0.6427738253369938,0.6099172073177312,0.6427738253369938,0.6099172073177312,0.6427738253369938,0.6099172073177312,0.6427738253369938,0.6099172073177312,0.1906647806290417,0.27050071537874193,0.1906647806290417,0.27050071537874193,0.1906647806290417,0.27050071537874193,0.6427738253369938,0.6099172073177312,0.6427738253369938,0.6099172073177312,0.6427738253369938,0.6099172073177312
0.629,0.629,0.2349758326597271,0.629,0.633,0.633,0.2295419238359155,0.633,0.7144119310620599,0.6396806514010636,0.7144119310620599,0.6396806514010636,0.7144119310620599,0.6396806514010636,0.7144119310620599,0.6396806514010636,0.7144119310620599,0.6396806514010636,0.7144119310620599,0.6396806514010636,0.2793368619754662,0.28231975701789847,0.2793368619754662,0.28231975701789847,0.2793368619754662,0.28231975701789847,0.7144119310620599,0.6396806514010636,0.7144119310620599,0.6396806514010636,0.7144119310620599,0.6396806514010636
0.637,0.637,0.2330834692515063,0.637,0.63,0.63,0.23044925124792,0.63,0.7000851906948351,0.6409998601260133,0.7000851906948351,0.6409998601260133,0.7000851906948351,0.6409998601260133,0.7000851906948351,0.6409998601260133,0.7000851906948351,0.6409998601260133,0.7000851906948351,0.6409998601260133,0.1951449844501066,0.25503962217588017,0.1951449844501066,0.25503962217588017,0.1951449844501066,0.25503962217588017,0.7000851906948351,0.6409998601260133,0.7000851906948351,0.6409998601260133,0.7000851906948351,0.6409998601260133
0.611,0.611,0.1533760490301911,0.611,0.623,0.623,0.2254209847220967,0.623,0.6948907581688026,0.6292991093861127,0.6948907581688026,0.6292991093861127,0.6948907581688026,0.6292991093861127,0.6948907581688026,0.6292991093861127,0.6948907581688026,0.6292991093861127,0.6948907581688026,0.6292991093861127,0.1557457723759266,0.2305438239465488,0.1557457723759266,0.2305438239465488,0.1557457723759266,0.2305438239465488,0.6948907581688026,0.6292991093861127,0.6948907581688026,0.6292991093861127,0.6948907581688026,0.6292991093861127
0.613,0.613,0.1100256643761901,0.613,0.61,0.61,0.2072139465296298,0.61,0.7227473572435256,0.6186335838841776,0.7227473572435256,0.6186335838841776,0.7227473572435256,0.6186335838841776,0.7227473572435256,0.6186335838841776,0.7227473572435256,0.6186335838841776,0.7227473572435256,0.6186335838841776,0.15110120790977954,0.22732172326167085,0.15110120790977954,0.22732172326167085,0.15110120790977954,0.22732172326167085,0.7227473572435256,0.6186335838841776,0.7227473572435256,0.6186335838841776,0.7227473572435256,0.6186335838841776
0.677,0.677,0.1398410703253157,0.677,0.571,0.571,0.1247684410677416,0.571,0.7092034563340242,0.6979710299489182,0.7092034563340242,0.6979710299489182,0.7092034563340242,0.6979710299489182,0.7092034563340242,0.6979710299489182,0.7092034563340242,0.6979710299489182,0.7092034563340242,0.6979710299489182,0.19760285829176288,0.19661953056160578,0.19760285829176288,0.19661953056160578,0.19760285829176288,0.19661953056160578,0.7092034563340242,0.6979710299489182,0.7092034563340242,0.6979710299489182,0.7092034563340242,0.6979710299489182
0.747,0.747,0.1317180314366119,0.747,0.564,0.564,0.105677715786019,0.564,0.7633750878261425,0.7289283767090154,0.7633750878261425,0.7289283767090154,0.7633750878261425,0.7289283767090154,0.7633750878261425,0.7289283767090154,0.7633750878261425,0.7289283767090154,0.7633750878261425,0.7289283767090154,0.2720880221521027,0.1872663255511748,0.2720880221521027,0.1872663255511748,0.2720880221521027,0.1872663255511748,0.7633750878261425,0.7289283767090154,0.7633750878261425,0.7289283767090154,0.7633750878261425,0.7289283767090154
0.82,0.82,0.1096161456272261,0.82,0.58,0.58,0.1350621107779497,0.58,0.8110415358913345,0.7793576418022922,0.8110415358913345,0.7793576418022922,0.8110415358913345,0.7793576418022922,0.8110415358913345,0.7793576418022922,0.8110415358913345,0.7793576418022922,0.8110415358913345,0.7793576418022922,0.1099418474466073,0.06824091062805684,0.1099418474466073,0.06824091062805684,0.1099418474466073,0.06824091062805684,0.8110415358913345,0.7793576418022922,0.8110415358913345,0.7793576418022922,0.8110415358913345,0.7793576418022922
0.845,0.845,0.0,0.845,0.629,0.629,0.2349758326597271,0.629,0.8048946876424,0.8132922787867995,0.8048946876424,0.8132922787867995,0.8048946876424,0.8132922787867995,0.8048946876424,0.8132922787867995,0.8048946876424,0.8132922787867995,0.8048946876424,0.8132922787867995,0.03196739049596018,0.03736932797622947,0.03196739049596018,0.03736932797622947,0.03196739049596018,0.03736932797622947,0.8048946876424,0.8132922787867995,0.8048946876424,0.8132922787867995,0.8048946876424,0.8132922787867995
0.831,0.831,-0.0097992351816442,0.831,0.637,0.637,0.2330834692515063,0.637,0.8033621612943345,0.804094837405983,0.8033621612943345,0.804094837405983,0.8033621612943345,0.804094837405983,0.8033621612943345,0.804094837405983,0.8033621612943345,0.804094837405983,0.8033621612943345,0.804094837405983,0.0182120317443545,0.022022913756171263,0.0182120317443545,0.022022913756171263,0.0182120317443545,0.022022913756171263,0.8033621612943345,0.804094837405983,0.8033621612943345,0.804094837405983,0.8033621612943345,0.804094837405983
0.818,0.818,0.0049316027162086,0.818,0.611,0.611,0.1533760490301911,0.611,0.7990917317549483,0.8090108422015156,0.7990917317549483,0.8090108422015156,0.7990917317549483,0.8090108422015156,0.7990917317549483,0.8090108422015156,0.7990917317549483,0.8090108422015156,0.7990917317549483,0.8090108422015156,0.01798142723282382,0.025339452472578988,0.01798142723282382,0.025339452472578988,0.01798142723282382,0.025339452472578988,0.7990917317549483,0.8090108422015156,0.7990917317549483,0.8090108422015156,0.7990917317549483,0.8090108422015156
0.816,0.816,0.04906612091331,0.816,0.613,0.613,0.1100256643761901,0.613,0.8045601395237244,0.7871635949049838,0.8045601395237244,0.7871635949049838,0.8045601395237244,0.7871635949049838,0.8045601395237244,0.7871635949049838,0.8045601395237244,0.7871635949049838,0.8045601395237244,0.7871635949049838,0.03036651745039527,0.033263930624099214,0.03036651745039527,0.033263930624099214,0.03036651745039527,0.033263930624099214,0.8045601395237244,0.7871635949049838,0.8045601395237244,0.7871635949049838,0.8045601395237244,0.7871635949049838
0.794,0.794,0.0685813499240396,0.794,0.677,0.677,0.1398410703253157,0.677,0.7940667942021074,0.7926061547998065,0.7940667942021074,0.7926061547998065,0.7940667942021074,0.7926061547998065,0.7940667942021074,0.7926061547998065,0.7940667942021074,0.7926061547998065,0.7940667942021074,0.7926061547998065,0.026341731823616137,0.03036640113404034,0.026341731823616137,0.03036640113404034,0.026341731823616137,0.03036640113404034,0.7940667942021074,0.7926061547998065,0.7940667942021074,0.7926061547998065,0.7940667942021074,0.7926061547998065
0.781,0.781,0.0490829512296788,0.781,0.747,0.747,0.1317180314366119,0.747,0.7577433460683889,0.7814948079811068,0.7577433460683889,0.7814948079811068,0.7577433460683889,0.7814948079811068,0.7577433460683889,0.7814948079811068,0.7577433460683889,0.7814948079811068,0.7577433460683889,0.7814948079811068,0.01011287657172415,0.027468231610388097,0.01011287657172415,0.027468231610388097,0.01011287657172415,0.027468231610388097,0.7577433460683889,0.7814948079811068,0.7577433460683889,0.7814948079811068,0.7577433460683889,0.7814948079811068
0.73,0.73,0.0343900205996795,0.73,0.82,0.82,0.1096161456272261,0.82,0.7431150677505787,0.6955234918962816,0.7431150677505787,0.6955234918962816,0.7431150677505787,0.6955234918962816,0.7431150677505787,0.6955234918962816,0.7431150677505787,0.6955234918962816,0.7431150677505787,0.6955234918962816,0.012956116383980271,0.02411962430619951,0.012956116383980271,0.02411962430619951,0.012956116383980271,0.02411962430619951,0.7431150677505787,0.6955234918962816,0.7431150677505787,0.6955234918962816,0.7431150677505787,0.6955234918962816
0.687,0.687,0.0209938945050545,0.687,0.845,0.845,0.0,0.845,0.7100040594227736,0.6876917547484224,0.7100040594227736,0.6876917547484224,0.7100040594227736,0.6876917547484224,0.7100040594227736,0.6876917547484224,0.7100040594227736,0.6876917547484224,0.7100040594227736,0.6876917547484224,0.038681659305253475,0.039595111397877907,0.038681659305253475,0.039595111397877907,0.038681659305253475,0.039595111397877907,0.7100040594227736,0.6876917547484224,0.7100040594227736,0.6876917547484224,0.7100040594227736,0.6876917547484224
0.635,0.635,0.0402313962661057,0.635,0.831,0.831,-0.0097992351816442,0.831,0.6371173096444629,0.674291763264456,0.6371173096444629,0.674291763264456,0.6371173096444629,0.674291763264456,0.6371173096444629,0.674291763264456,0.6371173096444629,0.674291763264456,0.6371173096444629,0.674291763264456,0.054255749071032276,0.05376240016170922,0.054255749071032276,0.05376240016170922,0.054255749071032276,0.05376240016170922,0.6371173096444629,0.674291763264456,0.6371173096444629,0.674291763264456,0.6371173096444629,0.674291763264456
0.607,0.607,0.0834717065616896,0.607,0.818,0.818,0.0049316027162086,0.818,0.5973664572443386,0.6466115459271793,0.5973664572443386,0.6466115459271793,0.5973664572443386,0.6466115459271793,0.5973664572443386,0.6466115459271793,0.5973664572443386,0.6466115459271793,0.5973664572443386,0.6466115459271793,0.0932364119744477,0.07184218096861326,0.0932364119744477,0.07184218096861326,0.0932364119744477,0.07184218096861326,0.5973664572443386,0.6466115459271793,0.5973664572443386,0.6466115459271793,0.5973664572443386,0.6466115459271793
0.581,0.581,0.093254157180821,0.581,0.816,0.816,0.04906612091331,0.816,0.6086711774609969,0.5932095313006511,0.6086711774609969,0.5932095313006511,0.6086711774609969,0.5932095313006511,0.6086711774609969,0.5932095313006511,0.6086711774609969,0.5932095313006511,0.6086711774609969,0.5932095313006511,0.11615052777206133,0.1295695512350059,0.11615052777206133,0.1295695512350059,0.11615052777206133,0.1295695512350059,0.6086711774609969,0.5932095313006511,0.6086711774609969,0.5932095313006511,0.6086711774609969,0.5932095313006511
0.582,0.582,0.1197516773152846,0.582,0.794,0.794,0.0685813499240396,0.794,0.6507922440178656,0.6169565528453872,0.6507922440178656,0.6169565528453872,0.6507922440178656,0.6169565528453872,0.6507922440178656,0.6169565528453872,0.6507922440178656,0.6169565528453872,0.6507922440178656,0.6169565528453872,0.2009805991307207,0.2123631578607919,0.2009805991307207,0.2123631578607919,0.2009805991307207,0.2123631578607919,0.6507922440178656,0.6169565528453872,0.6507922440178656,0.6169565528453872,0.6507922440178656,0.6169565528453872
0.589,0.589,0.1099657845727402,0.589,0.781,0.781,0.0490829512296788,0.781,0.6296632086765982,0.6287234426024024,0.6296632086765982,0.6287234426024024,0.6296632086765982,0.6287234426024024,0.6296632086765982,0.6287234426024024,0.6296632086765982,0.6287234426024024,0.6296632086765982,0.6287234426024024,0.19624892680774694,0.18276906250305733,0.19624892680774694,0.18276906250305733,0.19624892680774694,0.18276906250305733,0.6296632086765982,0.6287234426024024,0.6296632086765982,0.6287234426024024,0.6296632086765982,0.6287234426024024
0.593,0.593,0.1119586657124405,0.593,0.73,0.73,0.0343900205996795,0.73,0.63473387948415,0.6393395487062502,0.63473387948415,0.6393395487062502,0.63473387948415,0.6393395487062502,0.63473387948415,0.6393395487062502,0.63473387948415,0.6393395487062502,0.63473387948415,0.6393395487062502,0.20205783166083738,0.20618431174686527,0.20205783166083738,0.20618431174686527,0.20205783166083738,0.20618431174686527,0.63473387948415,0.6393395487062502,0.63473387948415,0.6393395487062502,0.63473387948415,0.6393395487062502
0.581,0.581,0.0997378711701257,0.581,0.687,0.687,0.0209938945050545,0.687,0.6471558008039641,0.6481564507537968,0.6471558008039641,0.6481564507537968,0.6471558008039641,0.6481564507537968,0.6471558008039641,0.6481564507537968,0.6471558008039641,0.6481564507537968,0.6471558008039641,0.6481564507537968,0.20847784941870326,0.21792271035333835,0.20847784941870326,0.21792271035333835,0.20847784941870326,0.21792271035333835,0.6471558008039641,0.6481564507537968,0.6471558008039641,0.6481564507537968,0.6471558008039641,0.6481564507537968
0.575,0.575,0.0877009204561065,0.575,0.635,0.635,0.0402313962661057,0.635,0.6481266550452168,0.6480424571198418,0.6481266550452168,0.6480424571198418,0.6481266550452168,0.6480424571198418,0.6481266550452168,0.6480424571198418,0.6481266550452168,0.6480424571198418,0.6481266550452168,0.6480424571198418,0.1849499420259362,0.2065159942137446,0.1849499420259362,0.2065159942137446,0.1849499420259362,0.2065159942137446,0.6481266550452168,0.6480424571198418,0.6481266550452168,0.6480424571198418,0.6481266550452168,0.6480424571198418
0.575,0.575,0.102299802294733,0.575,0.607,0.607,0.0834717065616896,0.607,0.639216093550722,0.6503930114592433,0.639216093550722,0.6503930114592433,0.639216093550722,0.6503930114592433,0.639216093550722,0.6503930114592433,0.639216093550722,0.6503930114592433,0.639216093550722,0.6503930114592433,0.19952005258405067,0.21594897733516247,0.19952005258405067,0.21594897733516247,0.19952005258405067,0.21594897733516247,0.639216093550722,0.6503930114592433,0.639216093550722,0.6503930114592433,0.639216093550722,0.6503930114592433
0.585,0.585,0.1005089168826889,0.585,0.581,0.581,0.093254157180821,0.581,0.6549802171514398,0.6610399974997166,0.6549802171514398,0.6610399974997166,0.6549802171514398,0.6610399974997166,0.6549802171514398,0.6610399974997166,0.6549802171514398,0.6610399974997166,0.6549802171514398,0.6610399974997166,0.2178748444002743,0.2287863430641603,0.2178748444002743,0.2287863430641603,0.2178748444002743,0.2287863430641603,0.6549802171514398,0.6610399974997166,0.6549802171514398,0.6610399974997166,0.6549802171514398,0.6610399974997166
0.602,0.602,0.1469478737997256,0.602,0.582,0.582,0.1197516773152846,0.582,0.6436067119382106,0.6622842919053676,0.6436067119382106,0.6622842919053676,0.6436067119382106,0.6622842919053676,0.6436067119382106,0.6622842919053676,0.6436067119382106,0.6622842919053676,0.6436067119382106,0.6622842919053676,0.2740091654475862,0.2500581638270115,0.2740091654475862,0.2500581638270115,0.2740091654475862,0.2500581638270115,0.6436067119382106,0.6622842919053676,0.6436067119382106,0.6622842919053676,0.6436067119382106,0.6622842919053676
0.595,0.595,0.1528543578845205,0.595,0.589,0.589,0.1099657845727402,0.589,0.6514797284022075,0.6423499765979651,0.6514797284022075,0.6423499765979651,0.6514797284022075,0.6423499765979651,0.6514797284022075,0.6423499765979651,0.6514797284022075,0.6423499765979651,0.6514797284022075,0.6423499765979651,0.24518339457972207,0.25636141547546143,0.24518339457972207,0.25636141547546143,0.24518339457972207,0.25636141547546143,0.6514797284022075,0.6423499765979651,0.6514797284022075,0.6423499765979651,0.6514797284022075,0.6423499765979651
0.583,0.583,0.1331282221852652,0.583,0.593,0.593,0.1119586657124405,0.593,0.6462868066468216,0.6515370940623402,0.6462868066468216,0.6515370940623402,0.6462868066468216,0.6515370940623402,0.6462868066468216,0.6515370940623402,0.6462868066468216,0.6515370940623402,0.6462868066468216,0.6515370940623402,0.211439012329449,0.23958298534021816,0.211439012329449,0.23958298534021816,0.211439012329449,0.23958298534021816,0.6462868066468216,0.6515370940623402,0.6462868066468216,0.6515370940623402,0.6462868066468216,0.6515370940623402
0.572,0.572,0.1131665754968753,0.572,0.581,0.581,0.0997378711701257,0.581,0.6442149284666023,0.6661378221044237,0.6442149284666023,0.6661378221044237,0.6442149284666023,0.6661378221044237,0.6442149284666023,0.6661378221044237,0.6442149284666023,0.6661378221044237,0.6442149284666023,0.6661378221044237,0.24190609747155606,0.2461911683134449,0.24190609747155606,0.2461911683134449,0.24190609747155606,0.2461911683134449,0.6442149284666023,0.6661378221044237,0.6442149284666023,0.6661378221044237,0.6442149284666023,0.6661378221044237
0.574,0.574,0.1133681603429975,0.574,0.575,0.575,0.0877009204561065,0.575,0.6533078140325788,0.6392158678970892,0.6533078140325788,0.6392158678970892,0.6533078140325788,0.6392158678970892,0.6533078140325788,0.6392158678970892,0.6533078140325788,0.6392158678970892,0.6533078140325788,0.6392158678970892,0.24706643350344853,0.23320677902645062,0.24706643350344853,0.23320677902645062,0.24706643350344853,0.23320677902645062,0.6533078140325788,0.6392158678970892,0.6533078140325788,0.6392158678970892,0.6533078140325788,0.6392158678970892
0.573,0.573,0.1177394294026248,0.573,0.575,0.575,0.102299802294733,0.575,0.6545970867732164,0.6564302309406533,0.6545970867732164,0.6564302309406533,0.6545970867732164,0.6564302309406533,0.6545970867732164,0.6564302309406533,0.6545970867732164,0.6564302309406533,0.6545970867732164,0.6564302309406533,0.2513491314469223,0.23996288382528702,0.2513491314469223,0.23996288382528702,0.2513491314469223,0.23996288382528702,0.6545970867732164,0.6564302309406533,0.6545970867732164,0.6564302309406533,0.6545970867732164,0.6564302309406533
0.599,0.599,0.1697653810797604,0.599,0.585,0.585,0.1005089168826889,0.585,0.6507910987364605,0.6429715500005826,0.6507910987364605,0.6429715500005826,0.6507910987364605,0.6429715500005826,0.6507910987364605,0.6429715500005826,0.6507910987364605,0.6429715500005826,0.6507910987364605,0.6429715500005826,0.23715791039725578,0.2373625406773393,0.23715791039725578,0.2373625406773393,0.23715791039725578,0.2373625406773393,0.6507910987364605,0.6429715500005826,0.6507910987364605,0.6429715500005826,0.6507910987364605,0.6429715500005826
0.596,0.596,0.1665875887563589,0.596,0.602,0.602,0.1469478737997256,0.602,0.68655620994735,0.6598154283295599,0.68655620994735,0.6598154283295599,0.68655620994735,0.6598154283295599,0.68655620994735,0.6598154283295599,0.68655620994735,0.6598154283295599,0.68655620994735,0.6598154283295599,0.2544175741645252,0.25101244265534967,0.2544175741645252,0.25101244265534967,0.2544175741645252,0.25101244265534967,0.68655620994735,0.6598154283295599,0.68655620994735,0.6598154283295599,0.68655620994735,0.6598154283295599
0.598,0.598,0.1749039440412466,0.598,0.595,0.595,0.1528543578845205,0.595,0.6409200228411702,0.6538072148146581,0.6409200228411702,0.6538072148146581,0.6409200228411702,0.6538072148146581,0.6409200228411702,0.6538072148146581,0.6409200228411702,0.6538072148146581,0.6409200228411702,0.6538072148146581,0.21796450499889417,0.23932308257828827,0.21796450499889417,0.23932308257828827,0.21796450499889417,0.23932308257828827,0.6409200228411702,0.6538072148146581,0.6409200228411702,0.6538072148146581,0.6409200228411702,0.6538072148146581
0.602,0.602,0.1809519889696046,0.602,0.583,0.583,0.1331282221852652,0.583,0.6469364641092693,0.6554052830408066,0.6469364641092693,0.6554052830408066,0.6469364641092693,0.6554052830408066,0.6469364641092693,0.6554052830408066,0.6469364641092693,0.6554052830408066,0.6469364641092693,0.6554052830408066,0.21658445478906196,0.25531424951972986,0.21658445478906196,0.25531424951972986,0.21658445478906196,0.25531424951972986,0.6469364641092693,0.6554052830408066,0.6469364641092693,0.6554052830408066,0.6469364641092693,0.6554052830408066
0.618,0.618,0.2175722619125648,0.618,0.572,0.572,0.1131665754968753,0.572,0.6270225230955205,0.6372715070181522,0.6270225230955205,0.6372715070181522,0.6270225230955205,0.6372715070181522,0.6270225230955205,0.6372715070181522,0.6270225230955205,0.6372715070181522,0.6270225230955205,0.6372715070181522,0.2504040530176242,0.23678748237361702,0.2504040530176242,0.23678748237361702,0.2504040530176242,0.23678748237361702,0.6270225230955205,0.6372715070181522,0.6270225230955205,0.6372715070181522,0.6270225230955205,0.6372715070181522
0.612,0.612,0.215099225213926,0.612,0.574,0.574,0.1133681603429975,0.574,0.6381410178636048,0.6453384682371702,0.6381410178636048,0.6453384682371702,0.6381410178636048,0.6453384682371702,0.6381410178636048,0.6453384682371702,0.6381410178636048,0.6453384682371702,0.6381410178636048,0.6453384682371702,0.22154677128826786,0.23554174329636782,0.22154677128826786,0.23554174329636782,0.22154677128826786,0.23554174329636782,0.6381410178636048,0.6453384682371702,0.6381410178636048,0.6453384682371702,0.6381410178636048,0.6453384682371702
0.597,0.597,0.1821377255716919,0.597,0.573,0.573,0.1177394294026248,0.573,0.6451578072943391,0.655759501315931,0.6451578072943391,0.655759501315931,0.6451578072943391,0.655759501315931,0.6451578072943391,0.655759501315931,0.6451578072943391,0.655759501315931,0.6451578072943391,0.655759501315931,0.2529409898344077,0.22720299978931235,0.2529409898344077,0.22720299978931235,0.2529409898344077,0.22720299978931235,0.6451578072943391,0.655759501315931,0.6451578072943391,0.655759501315931,0.6451578072943391,0.655759501315931
0.583,0.583,0.1484582397386156,0.583,0.599,0.599,0.1697653810797604,0.599,0.6393187603455369,0.6314101226419374,0.6393187603455369,0.6314101226419374,0.6393187603455369,0.6314101226419374,0.6393187603455369,0.6314101226419374,0.6393187603455369,0.6314101226419374,0.6393187603455369,0.6314101226419374,0.22720687672627213,0.22514295648105018,0.22720687672627213,0.22514295648105018,0.22720687672627213,0.22514295648105018,0.6393187603455369,0.6314101226419374,0.6393187603455369,0.6314101226419374,0.6393187603455369,0.6314101226419374
0.594,0.594,0.1647465437788019,0.594,0.596,0.596,0.1665875887563589,0.596,0.6452588869582648,0.6396699956937736,0.6452588869582648,0.6396699956937736,0.6452588869582648,0.6396699956937736,0.6452588869582648,0.6396699956937736,0.6452588869582648,0.6396699956937736,0.6452588869582648,0.6396699956937736,0.2324545044629692,0.2268869740228507,0.2324545044629692,0.2268869740228507,0.2324545044629692,0.2268869740228507,0.6452588869582648,0.6396699956937736,0.6452588869582648,0.6396699956937736,0.6452588869582648,0.6396699956937736
0.612,0.612,0.205787110006673,0.612,0.598,0.598,0.1749039440412466,0.598,0.6947203787338484,0.6278621096929397,0.6947203787338484,0.6278621096929397,0.6947203787338484,0.6278621096929397,0.6947203787338484,0.6278621096929397,0.6947203787338484,0.6278621096929397,0.6947203787338484,0.6278621096929397,0.21649802562826032,0.2112920607015051,0.21649802562826032,0.2112920607015051,0.21649802562826032,0.2112920607015051,0.6947203787338484,0.6278621096929397,0.6947203787338484,0.6278621096929397,0.6947203787338484,0.6278621096929397
0.612,0.612,0.206423876005776,0.612,0.602,0.602,0.1809519889696046,0.602,0.6172788445696916,0.6004090491243541,0.6172788445696916,0.6004090491243541,0.6172788445696916,0.6004090491243541,0.6172788445696916,0.6004090491243541,0.6172788445696916,0.6004090491243541,0.6172788445696916,0.6004090491243541,0.21062778945858673,0.17613875318532157,0.21062778945858673,0.17613875318532157,0.21062778945858673,0.17613875318532157,0.6172788445696916,0.6004090491243541,0.6172788445696916,0.6004090491243541,0.6172788445696916,0.6004090491243541
0.615,0.615,0.2173524150268335,0.615,0.618,0.618,0.2175722619125648,0.618,0.6166926416629395,0.6080675606585904,0.6166926416629395,0.6080675606585904,0.6166926416629395,0.6080675606585904,0.6166926416629395,0.6080675606585904,0.6166926416629395,0.6080675606585904,0.6166926416629395,0.6080675606585904,0.20869425044758186,0.1773123220800102,0.20869425044758186,0.1773123220800102,0.20869425044758186,0.1773123220800102,0.6166926416629395,0.6080675606585904,0.6166926416629395,0.6080675606585904,0.6166926416629395,0.6080675606585904
0.605,0.605,0.1970957224512364,0.605,0.612,0.612,0.215099225213926,0.612,0.6273518708318025,0.6085929403569366,0.6273518708318025,0.6085929403569366,0.6273518708318025,0.6085929403569366,0.6273518708318025,0.6085929403569366,0.6273518708318025,0.6085929403569366,0.6273518708318025,0.6085929403569366,0.21232187960637533,0.18216166486068588,0.21232187960637533,0.18216166486068588,0.21232187960637533,0.18216166486068588,0.6273518708318025,0.6085929403569366,0.6273518708318025,0.6085929403569366,0.6273518708318025,0.6085929403569366
0.638,0.638,0.2666720687140426,0.638,0.597,0.597,0.1821377255716919,0.597,0.6094616264054759,0.6034921398096733,0.6094616264054759,0.6034921398096733,0.6094616264054759,0.6034921398096733,0.6094616264054759,0.6034921398096733,0.6094616264054759,0.6034921398096733,0.6094616264054759,0.6034921398096733,0.19270837694367207,0.17746486522085142,0.19270837694367207,0.17746486522085142,0.19270837694367207,0.17746486522085142,0.6094616264054759,0.6034921398096733,0.6094616264054759,0.6034921398096733,0.6094616264054759,0.6034921398096733
0.63,0.63,0.2566310519273347,0.63,0.583,0.583,0.1484582397386156,0.583,0.6091161588161199,0.6026811490386984,0.6091161588161199,0.6026811490386984,0.6091161588161199,0.6026811490386984,0.6091161588161199,0.6026811490386984,0.6091161588161199,0.6026811490386984,0.6091161588161199,0.6026811490386984,0.19106816478658467,0.19716178278059002,0.19106816478658467,0.19716178278059002,0.19106816478658467,0.19716178278059002,0.6091161588161199,0.6026811490386984,0.6091161588161199,0.6026811490386984,0.6091161588161199,0.6026811490386984
0.628,0.628,0.2515572437991921,0.628,0.594,0.594,0.1647465437788019,0.594,0.6111794098014729,0.6023103882400777,0.6111794098014729,0.6023103882400777,0.6111794098014729,0.6023103882400777,0.6111794098014729,0.6023103882400777,0.6111794098014729,0.6023103882400777,0.6111794098014729,0.6023103882400777,0.19122709179390326,0.19004186361614664,0.19122709179390326,0.19004186361614664,0.19122709179390326,0.19004186361614664,0.6111794098014729,0.6023103882400777,0.6111794098014729,0.6023103882400777,0.6111794098014729,0.6023103882400777
0.586,0.586,0.1706199115327905,0.586,0.612,0.612,0.205787110006673,0.612,0.6424030915679549,0.6318815283393653,0.6424030915679549,0.6318815283393653,0.6424030915679549,0.6318815283393653,0.6424030915679549,0.6318815283393653,0.6424030915679549,0.6318815283393653,0.6424030915679549,0.6318815283393653,0.2021465268373213,0.19524649890159712,0.2021465268373213,0.19524649890159712,0.2021465268373213,0.19524649890159712,0.6424030915679549,0.6318815283393653,0.6424030915679549,0.6318815283393653,0.6424030915679549,0.6318815283393653
0.589,0.589,0.1735038610038609,0.589,0.612,0.612,0.206423876005776,0.612,0.6335646593741137,0.623542225562853,0.6335646593741137,0.623542225562853,0.6335646593741137,0.623542225562853,0.6335646593741137,0.623542225562853,0.6335646593741137,0.623542225562853,0.6335646593741137,0.623542225562853,0.21522538133062935,0.20871827439300858,0.21522538133062935,0.20871827439300858,0.21522538133062935,0.20871827439300858,0.6335646593741137,0.623542225562853,0.6335646593741137,0.623542225562853,0.6335646593741137,0.623542225562853
0.599,0.599,0.1928146412554249,0.599,0.615,0.615,0.2173524150268335,0.615,0.642611430401373,0.638149502087713,0.642611430401373,0.638149502087713,0.642611430401373,0.638149502087713,0.642611430401373,0.638149502087713,0.642611430401373,0.638149502087713,0.642611430401373,0.638149502087713,0.21690830620363935,0.21528263759209554,0.21690830620363935,0.21528263759209554,0.21690830620363935,0.21528263759209554,0.642611430401373,0.638149502087713,0.642611430401373,0.638149502087713,0.642611430401373,0.638149502087713
0.602,0.602,0.1905962743024486,0.602,0.605,0.605,0.1970957224512364,0.605,0.6514267678266097,0.6387638567278995,0.6514267678266097,0.6387638567278995,0.6514267678266097,0.6387638567278995,0.6514267678266097,0.6387638567278995,0.6514267678266097,0.6387638567278995,0.6514267678266097,0.6387638567278995,0.2303725408241771,0.21266448558544665,0.2303725408241771,0.21266448558544665,0.2303725408241771,0.21266448558544665,0.6514267678266097,0.6387638567278995,0.6514267678266097,0.6387638567278995,0.6514267678266097,0.6387638567278995
0.61,0.61,0.2154527642214273,0.61,0.638,0.638,0.2666720687140426,0.638,0.6589739995079137,0.6447950631070636,0.6589739995079137,0.6447950631070636,0.6589739995079137,0.6447950631070636,0.6589739995079137,0.6447950631070636,0.6589739995079137,0.6447950631070636,0.6589739995079137,0.6447950631070636,0.23753021905373242,0.23283624228307048,0.23753021905373242,0.23283624228307048,0.23753021905373242,0.23283624228307048,0.6589739995079137,0.6447950631070636,0.6589739995079137,0.6447950631070636,0.6589739995079137,0.6447950631070636
0.603,0.603,0.1991252915022553,0.603,0.63,0.63,0.2566310519273347,0.63,0.642492848660969,0.6339733736862054,0.642492848660969,0.6339733736862054,0.642492848660969,0.6339733736862054,0.642492848660969,0.6339733736862054,0.642492848660969,0.6339733736862054,0.642492848660969,0.6339733736862054,0.23578304005946235,0.22394897894979887,0.23578304005946235,0.22394897894979887,0.23578304005946235,0.22394897894979887,0.642492848660969,0.6339733736862054,0.642492848660969,0.6339733736862054,0.642492848660969,0.6339733736862054
0.622,0.622,0.2397211506357782,0.622,0.628,0.628,0.2515572437991921,0.628,0.646195272446573,0.6285173185405271,0.646195272446573,0.6285173185405271,0.646195272446573,0.6285173185405271,0.646195272446573,0.6285173185405271,0.646195272446573,0.6285173185405271,0.646195272446573,0.6285173185405271,0.23150570144919583,0.21814404021964962,0.23150570144919583,0.21814404021964962,0.23150570144919583,0.21814404021964962,0.646195272446573,0.6285173185405271,0.646195272446573,0.6285173185405271,0.646195272446573,0.6285173185405271
0.623,0.623,0.2367308595584781,0.623,0.586,0.586,0.1706199115327905,0.586,0.6347225224152012,0.6307620353668797,0.6347225224152012,0.6307620353668797,0.6347225224152012,0.6307620353668797,0.6347225224152012,0.6307620353668797,0.6347225224152012,0.6307620353668797,0.6347225224152012,0.6307620353668797,0.22133457673713144,0.21925864407912235,0.22133457673713144,0.21925864407912235,0.22133457673713144,0.21925864407912235,0.6347225224152012,0.6307620353668797,0.6347225224152012,0.6307620353668797,0.6347225224152012,0.6307620353668797
0.622,0.622,0.2351615266014057,0.622,0.589,0.589,0.1735038610038609,0.589,0.6432113856942622,0.6293862056090079,0.6432113856942622,0.6293862056090079,0.6432113856942622,0.6293862056090079,0.6432113856942622,0.6293862056090079,0.6432113856942622,0.6293862056090079,0.6432113856942622,0.6293862056090079,0.22378292801459,0.21875227799088012,0.22378292801459,0.21875227799088012,0.22378292801459,0.21875227799088012,0.6432113856942622,0.6293862056090079,0.6432113856942622,0.6293862056090079,0.6432113856942622,0.6293862056090079
0.618,0.618,0.2282204622595766,0.618,0.599,0.599,0.1928146412554249,0.599,0.6527383920183348,0.6489949928189647,0.6527383920183348,0.6489949928189647,0.6527383920183348,0.6489949928189647,0.6527383920183348,0.6489949928189647,0.6527383920183348,0.6489949928189647,0.6527383920183348,0.6489949928189647,0.23512123631484896,0.22796215994149807,0.23512123631484896,0.22796215994149807,0.23512123631484896,0.22796215994149807,0.6527383920183348,0.6489949928189647,0.6527383920183348,0.6489949928189647,0.6527383920183348,0.6489949928189647
0.601,0.601,0.2123217359718252,0.601,0.602,0.602,0.1905962743024486,0.602,0.6629543771489386,0.6546183704275578,0.6629543771489386,0.6546183704275578,0.6629543771489386,0.6546183704275578,0.6629543771489386,0.6546183704275578,0.6629543771489386,0.6546183704275578,0.6629543771489386,0.6546183704275578,0.2377824993713731,0.2227688056119891,0.2377824993713731,0.2227688056119891,0.2377824993713731,0.2227688056119891,0.6629543771489386,0.6546183704275578,0.6629543771489386,0.6546183704275578,0.6629543771489386,0.6546183704275578
0.586,0.586,0.1846413209598385,0.586,0.61,0.61,0.2154527642214273,0.61,0.6482851671546288,0.6456938939439191,0.6482851671546288,0.6456938939439191,0.6482851671546288,0.6456938939439191,0.6482851671546288,0.6456938939439191,0.6482851671546288,0.6456938939439191,0.6482851671546288,0.6456938939439191,0.22370041060232307,0.20751796268055475,0.22370041060232307,0.20751796268055475,0.22370041060232307,0.20751796268055475,0.6482851671546288,0.6456938939439191,0.6482851671546288,0.6456938939439191,0.6482851671546288,0.6456938939439191
0.594,0.594,0.1892356049380742,0.594,0.603,0.603,0.1991252915022553,0.603,0.6513539483790806,0.6395243754147071,0.6513539483790806,0.6395243754147071,0.6513539483790806,0.6395243754147071,0.6513539483790806,0.6395243754147071,0.6513539483790806,0.6395243754147071,0.6513539483790806,0.6395243754147071,0.20202016408090726,0.21146077969893504,0.20202016408090726,0.21146077969893504,0.20202016408090726,0.21146077969893504,0.6513539483790806,0.6395243754147071,0.6513539483790806,0.6395243754147071,0.6513539483790806,0.6395243754147071
0.578,0.578,0.1248444628784737,0.578,0.622,0.622,0.2397211506357782,0.622,0.6378085362385367,0.6275737155459826,0.6378085362385367,0.6275737155459826,0.6378085362385367,0.6275737155459826,0.6378085362385367,0.6275737155459826,0.6378085362385367,0.6275737155459826,0.6378085362385367,0.6275737155459826,0.18893930210313048,0.15456505238295037,0.18893930210313048,0.15456505238295037,0.18893930210313048,0.15456505238295037,0.6378085362385367,0.6275737155459826,0.6378085362385367,0.6275737155459826,0.6378085362385367,0.6275737155459826
0.632,0.632,0.1530767708290181,0.632,0.623,0.623,0.2367308595584781,0.623,0.6610333794666053,0.7025062112619863,0.6610333794666053,0.7025062112619863,0.6610333794666053,0.7025062112619863,0.6610333794666053,0.7025062112619863,0.6610333794666053,0.7025062112619863,0.6610333794666053,0.7025062112619863,0.19205518696938156,0.16371456520201794,0.19205518696938156,0.16371456520201794,0.19205518696938156,0.16371456520201794,0.6610333794666053,0.7025062112619863,0.6610333794666053,0.7025062112619863,0.6610333794666053,0.7025062112619863
0.683,0.683,0.131030701754386,0.683,0.622,0.622,0.2351615266014057,0.622,0.7639168169529632,0.745062454578579,0.7639168169529632,0.745062454578579,0.7639168169529632,0.745062454578579,0.7639168169529632,0.745062454578579,0.7639168169529632,0.745062454578579,0.7639168169529632,0.745062454578579,0.16733506389948297,0.12503256676455937,0.16733506389948297,0.12503256676455937,0.16733506389948297,0.12503256676455937,0.7639168169529632,0.745062454578579,0.7639168169529632,0.745062454578579,0.7639168169529632,0.745062454578579
0.751,0.751,0.0965166908563135,0.751,0.618,0.618,0.2282204622595766,0.618,0.7800255071314653,0.7951340180327229,0.7800255071314653,0.7951340180327229,0.7800255071314653,0.7951340180327229,0.7800255071314653,0.7951340180327229,0.7800255071314653,0.7951340180327229,0.7800255071314653,0.7951340180327229,0.07470078619956315,0.0783724255255896,0.07470078619956315,0.0783724255255896,0.07470078619956315,0.0783724255255896,0.7800255071314653,0.7951340180327229,0.7800255071314653,0.7951340180327229,0.7800255071314653,0.7951340180327229
0.795,0.795,-0.0193933366484335,0.795,0.601,0.601,0.2123217359718252,0.601,0.7921810641475666,0.8140836858898686,0.7921810641475666,0.8140836858898686,0.7921810641475666,0.8140836858898686,0.7921810641475666,0.8140836858898686,0.7921810641475666,0.8140836858898686,0.7921810641475666,0.8140836858898686,0.04130797221226519,0.051898864042113683,0.04130797221226519,0.051898864042113683,0.04130797221226519,0.051898864042113683,0.7921810641475666,0.8140836858898686,0.7921810641475666,0.8140836858898686,0.7921810641475666,0.8140836858898686
0.778,0.778,-0.0177883733724555,0.778,0.586,0.586,0.1846413209598385,0.586,0.8004563311630319,0.7989757756385423,0.8004563311630319,0.7989757756385423,0.8004563311630319,0.7989757756385423,0.8004563311630319,0.7989757756385423,0.8004563311630319,0.7989757756385423,0.8004563311630319,0.7989757756385423,0.03876202216490626,0.061941567443775075,0.03876202216490626,0.061941567443775075,0.03876202216490626,0.061941567443775075,0.8004563311630319,0.7989757756385423,0.8004563311630319,0.7989757756385423,0.8004563311630319,0.7989757756385423
0.763,0.763,-0.0082017424448679,0.763,0.594,0.594,0.1892356049380742,0.594,0.782697734886849,0.8051667699813829,0.782697734886849,0.8051667699813829,0.782697734886849,0.8051667699813829,0.782697734886849,0.8051667699813829,0.782697734886849,0.8051667699813829,0.782697734886849,0.8051667699813829,0.038748142295875025,0.06056089074687609,0.038748142295875025,0.06056089074687609,0.038748142295875025,0.06056089074687609,0.782697734886849,0.8051667699813829,0.782697734886849,0.8051667699813829,0.782697734886849,0.8051667699813829
0.737,0.737,-0.0078172900061312,0.737,0.578,0.578,0.1248444628784737,0.578,0.7981351506404241,0.8045239105313148,0.7981351506404241,0.8045239105313148,0.7981351506404241,0.8045239105313148,0.7981351506404241,0.8045239105313148,0.7981351506404241,0.8045239105313148,0.7981351506404241,0.8045239105313148,0.04750740227034719,0.055250418265246494,0.04750740227034719,0.055250418265246494,0.04750740227034719,0.055250418265246494,0.7981351506404241,0.8045239105313148,0.7981351506404241,0.8045239105313148,0.7981351506404241,0.8045239105313148
0.715,0.715,-0.0108677146586457,0.715,0.632,0.632,0.1530767708290181,0.632,0.798032398633044,0.795163709920929,0.798032398633044,0.795163709920929,0.798032398633044,0.795163709920929,0.798032398633044,0.795163709920929,0.798032398633044,0.795163709920929,0.798032398633044,0.795163709920929,0.06576600938868268,0.07536026674462803,0.06576600938868268,0.07536026674462803,0.06576600938868268,0.07536026674462803,0.798032398633044,0.795163709920929,0.798032398633044,0.795163709920929,0.798032398633044,0.795163709920929
0.691,0.691,-0.0028560301181357,0.691,0.683,0.683,0.131030701754386,0.683,0.7791273564807758,0.7890968118942613,0.7791273564807758,0.7890968118942613,0.7791273564807758,0.7890968118942613,0.7791273564807758,0.7890968118942613,0.7791273564807758,0.7890968118942613,0.7791273564807758,0.7890968118942613,0.061184803674171194,0.06812384963511789,0.061184803674171194,0.06812384963511789,0.061184803674171194,0.06812384963511789,0.7791273564807758,0.7890968118942613,0.7791273564807758,0.7890968118942613,0.7791273564807758,0.7890968118942613
0.665,0.665,0.0056396556841792,0.665,0.751,0.751,0.0965166908563135,0.751,0.7702621602707397,0.7900872379211399,0.7702621602707397,0.7900872379211399,0.7702621602707397,0.7900872379211399,0.7702621602707397,0.7900872379211399,0.7702621602707397,0.7900872379211399,0.7702621602707397,0.7900872379211399,0.06467726896842058,0.0879982421182495,0.06467726896842058,0.0879982421182495,0.06467726896842058,0.0879982421182495,0.7702621602707397,0.7900872379211399,0.7702621602707397,0.7900872379211399,0.7702621602707397,0.7900872379211399
0.659,0.659,0.0183095347766006,0.659,0.795,0.795,-0.0193933366484335,0.795,0.7433963355374452,0.772304644308526,0.7433963355374452,0.772304644308526,0.7433963355374452,0.772304644308526,0.7433963355374452,0.772304644308526,0.7433963355374452,0.772304644308526,0.7433963355374452,0.772304644308526,0.053633953036206654,0.07161374135060124,0.053633953036206654,0.07161374135060124,0.053633953036206654,0.07161374135060124,0.7433963355374452,0.772304644308526,0.7433963355374452,0.772304644308526,0.7433963355374452,0.772304644308526
0.671,0.671,0.0334900117508812,0.671,0.778,0.778,-0.0177883733724555,0.778,0.7524994452929441,0.7656575859924601,0.7524994452929441,0.7656575859924601,0.7524994452929441,0.7656575859924601,0.7524994452929441,0.7656575859924601,0.7524994452929441,0.7656575859924601,0.7524994452929441,0.7656575859924601,0.05434054569510931,0.05534146082931639,0.05434054569510931,0.05534146082931639,0.05434054569510931,0.05534146082931639,0.7524994452929441,0.7656575859924601,0.7524994452929441,0.7656575859924601,0.7524994452929441,0.7656575859924601
0.65,0.65,0.0734858110969928,0.65,0.763,0.763,-0.0082017424448679,0.763,0.7202479033842617,0.7001681277269477,0.7202479033842617,0.7001681277269477,0.7202479033842617,0.7001681277269477,0.7202479033842617,0.7001681277269477,0.7202479033842617,0.7001681277269477,0.7202479033842617,0.7001681277269477,0.041338108725436466,0.08078431509511494,0.041338108725436466,0.08078431509511494,0.041338108725436466,0.08078431509511494,0.7202479033842617,0.7001681277269477,0.7202479033842617,0.7001681277269477,0.7202479033842617,0.7001681277269477
0.635,0.635,0.1065396402659329,0.635,0.737,0.737,-0.0078172900061312,0.737,0.6670355366112634,0.7011258735515657,0.6670355366112634,0.7011258735515657,0.6670355366112634,0.7011258735515657,0.6670355366112634,0.7011258735515657,0.6670355366112634,0.7011258735515657,0.6670355366112634,0.7011258735515657,0.04619424254446129,0.0754993609313388,0.04619424254446129,0.0754993609313388,0.04619424254446129,0.0754993609313388,0.6670355366112634,0.7011258735515657,0.6670355366112634,0.7011258735515657,0.6670355366112634,0.7011258735515657
0.601,0.601,0.1230537948253581,0.601,0.715,0.715,-0.0108677146586457,0.715,0.6350686336765043,0.6471887629499111,0.6350686336765043,0.6471887629499111,0.6350686336765043,0.6471887629499111,0.6350686336765043,0.6471887629499111,0.6350686336765043,0.6471887629499111,0.6350686336765043,0.6471887629499111,0.05640885211766858,0.09418971101673734,0.05640885211766858,0.09418971101673734,0.05640885211766858,0.09418971101673734,0.6350686336765043,0.6471887629499111,0.6350686336765043,0.6471887629499111,0.6350686336765043,0.6471887629499111
0.585,0.585,0.1164121649818172,0.585,0.691,0.691,-0.0028560301181357,0.691,0.6190450928437494,0.6092117968081394,0.6190450928437494,0.6092117968081394,0.6190450928437494,0.6092117968081394,0.6190450928437494,0.6092117968081394,0.6190450928437494,0.6092117968081394,0.6190450928437494,0.6092117968081394,0.14123763686582252,0.13850472147542303,0.14123763686582252,0.13850472147542303,0.14123763686582252,0.13850472147542303,0.6190450928437494,0.6092117968081394,0.6190450928437494,0.6092117968081394,0.6190450928437494,0.6092117968081394
0.588,0.588,0.1520714565025005,0.588,0.665,0.665,0.0056396556841792,0.665,0.5941348978091544,0.6042189523616311,0.5941348978091544,0.6042189523616311,0.5941348978091544,0.6042189523616311,0.5941348978091544,0.6042189523616311,0.5941348978091544,0.6042189523616311,0.5941348978091544,0.6042189523616311,0.12191151989171196,0.15044733246024156,0.12191151989171196,0.15044733246024156,0.12191151989171196,0.15044733246024156,0.5941348978091544,0.6042189523616311,0.5941348978091544,0.6042189523616311,0.5941348978091544,0.6042189523616311
0.605,0.605,0.197480698902885,0.605,0.659,0.659,0.0183095347766006,0.659,0.5882372508420864,0.6020991682282625,0.5882372508420864,0.6020991682282625,0.5882372508420864,0.6020991682282625,0.5882372508420864,0.6020991682282625,0.5882372508420864,0.6020991682282625,0.5882372508420864,0.6020991682282625,0.15649451495996844,0.15129360296016664,0.15649451495996844,0.15129360296016664,0.15649451495996844,0.15129360296016664,0.5882372508420864,0.6020991682282625,0.5882372508420864,0.6020991682282625,0.5882372508420864,0.6020991682282625
0.613,0.613,0.2028245142791226,0.613,0.671,0.671,0.0334900117508812,0.671,0.598610347256945,0.6070233982400477,0.598610347256945,0.6070233982400477,0.598610347256945,0.6070233982400477,0.598610347256945,0.6070233982400477,0.598610347256945,0.6070233982400477,0.598610347256945,0.6070233982400477,0.15658035855545285,0.13609402191599768,0.15658035855545285,0.13609402191599768,0.15658035855545285,0.13609402191599768,0.598610347256945,0.6070233982400477,0.598610347256945,0.6070233982400477,0.598610347256945,0.6070233982400477
0.617,0.617,0.2019370217873277,0.617,0.65,0.65,0.0734858110969928,0.65,0.6043106022663066,0.6237392538535934,0.6043106022663066,0.6237392538535934,0.6043106022663066,0.6237392538535934,0.6043106022663066,0.6237392538535934,0.6043106022663066,0.6237392538535934,0.6043106022663066,0.6237392538535934,0.17965163284038538,0.16097845130986171,0.17965163284038538,0.16097845130986171,0.17965163284038538,0.16097845130986171,0.6043106022663066,0.6237392538535934,0.6043106022663066,0.6237392538535934,0.6043106022663066,0.6237392538535934
0.614,0.614,0.2121323454371031,0.614,0.635,0.635,0.1065396402659329,0.635,0.6080463667695837,0.618708764636684,0.6080463667695837,0.618708764636684,0.6080463667695837,0.618708764636684,0.6080463667695837,0.618708764636684,0.6080463667695837,0.618708764636684,0.6080463667695837,0.618708764636684,0.1809147750386451,0.15900897142248932,0.1809147750386451,0.15900897142248932,0.1809147750386451,0.15900897142248932,0.6080463667695837,0.618708764636684,0.6080463667695837,0.618708764636684,0.6080463667695837,0.618708764636684
0.618,0.618,0.2226292226292225,0.618,0.601,0.601,0.1230537948253581,0.601,0.600206152094822,0.6130042852793852,0.600206152094822,0.6130042852793852,0.600206152094822,0.6130042852793852,0.600206152094822,0.6130042852793852,0.600206152094822,0.6130042852793852,0.600206152094822,0.6130042852793852,0.17277956934934935,0.15793706822188835,0.17277956934934935,0.15793706822188835,0.17277956934934935,0.15793706822188835,0.600206152094822,0.6130042852793852,0.600206152094822,0.6130042852793852,0.600206152094822,0.6130042852793852
0.632,0.632,0.2475791677571316,0.632,0.585,0.585,0.1164121649818172,0.585,0.597007035555772,0.5959967334267405,0.597007035555772,0.5959967334267405,0.597007035555772,0.5959967334267405,0.597007035555772,0.5959967334267405,0.597007035555772,0.5959967334267405,0.597007035555772,0.5959967334267405,0.15632116728503737,0.13623562433730374,0.15632116728503737,0.13623562433730374,0.15632116728503737,0.13623562433730374,0.597007035555772,0.5959967334267405,0.597007035555772,0.5959967334267405,0.597007035555772,0.5959967334267405
0.634,0.634,0.2370644909802679,0.634,0.588,0.588,0.1520714565025005,0.588,0.5895357328478281,0.5987915826304616,0.5895357328478281,0.5987915826304616,0.5895357328478281,0.5987915826304616,0.5895357328478281,0.5987915826304616,0.5895357328478281,0.5987915826304616,0.5895357328478281,0.5987915826304616,0.11809978932250058,0.14095492246312147,0.11809978932250058,0.14095492246312147,0.11809978932250058,0.14095492246312147,0.5895357328478281,0.5987915826304616,0.5895357328478281,0.5987915826304616,0.5895357328478281,0.5987915826304616
0.645,0.645,0.2621567470049799,0.645,0.605,0.605,0.197480698902885,0.605,0.6151781835139096,0.6072881803237831,0.6151781835139096,0.6072881803237831,0.6151781835139096,0.6072881803237831,0.6151781835139096,0.6072881803237831,0.6151781835139096,0.6072881803237831,0.6151781835139096,0.6072881803237831,0.19746904466487497,0.16964202180964727,0.19746904466487497,0.16964202180964727,0.19746904466487497,0.16964202180964727,0.6151781835139096,0.6072881803237831,0.6151781835139096,0.6072881803237831,0.6151781835139096,0.6072881803237831
0.623,0.623,0.226431819301039,0.623,0.613,0.613,0.2028245142791226,0.613,0.6095832255813367,0.6138120540779176,0.6095832255813367,0.6138120540779176,0.6095832255813367,0.6138120540779176,0.6095832255813367,0.6138120540779176,0.6095832255813367,0.6138120540779176,0.6095832255813367,0.6138120540779176,0.20068630761809936,0.1884199582767401,0.20068630761809936,0.1884199582767401,0.20068630761809936,0.1884199582767401,0.6095832255813367,0.6138120540779176,0.6095832255813367,0.6138120540779176,0.6095832255813367,0.6138120540779176
0.627,0.627,0.2351479260820709,0.627,0.617,0.617,0.2019370217873277,0.617,0.59872587246867,0.6235984736077798,0.59872587246867,0.6235984736077798,0.59872587246867,0.6235984736077798,0.59872587246867,0.6235984736077798,0.59872587246867,0.6235984736077798,0.59872587246867,0.6235984736077798,0.1796860306548056,0.1904630714793402,0.1796860306548056,0.1904630714793402,0.1796860306548056,0.1904630714793402,0.59872587246867,0.6235984736077798,0.59872587246867,0.6235984736077798,0.59872587246867,0.6235984736077798
0.646,0.646,0.2774301005474385,0.646,0.614,0.614,0.2121323454371031,0.614,0.5940447557324545,0.599538298801775,0.5940447557324545,0.599538298801775,0.5940447557324545,0.599538298801775,0.5940447557324545,0.599538298801775,0.5940447557324545,0.599538298801775,0.5940447557324545,0.599538298801775,0.19471822873575925,0.18692228566038604,0.19471822873575925,0.18692228566038604,0.19471822873575925,0.18692228566038604,0.5940447557324545,0.599538298801775,0.5940447557324545,0.599538298801775,0.5940447557324545,0.599538298801775
0.65,0.65,0.2786598737036487,0.65,0.618,0.618,0.2226292226292225,0.618,0.6164877439054454,0.6284149400683288,0.6164877439054454,0.6284149400683288,0.6164877439054454,0.6284149400683288,0.6164877439054454,0.6284149400683288,0.6164877439054454,0.6284149400683288,0.6164877439054454,0.6284149400683288,0.20343236323247862,0.1858914205208215,0.20343236323247862,0.1858914205208215,0.20343236323247862,0.1858914205208215,0.6164877439054454,0.6284149400683288,0.6164877439054454,0.6284149400683288,0.6164877439054454,0.6284149400683288
0.634,0.634,0.2430760067502729,0.634,0.632,0.632,0.2475791677571316,0.632,0.6064101327167344,0.6167336388971799,0.6064101327167344,0.6167336388971799,0.6064101327167344,0.6167336388971799,0.6064101327167344,0.6167336388971799,0.6064101327167344,0.6167336388971799,0.6064101327167344,0.6167336388971799,0.21003779708571285,0.1869012055735293,0.21003779708571285,0.1869012055735293,0.21003779708571285,0.1869012055735293,0.6064101327167344,0.6167336388971799,0.6064101327167344,0.6167336388971799,0.6064101327167344,0.6167336388971799
0.627,0.627,0.2213723885706651,0.627,0.634,0.634,0.2370644909802679,0.634,0.6180662878963036,0.6255645877290794,0.6180662878963036,0.6255645877290794,0.6180662878963036,0.6255645877290794,0.6180662878963036,0.6255645877290794,0.6180662878963036,0.6255645877290794,0.6180662878963036,0.6255645877290794,0.20852806912848615,0.20723222750483472,0.20852806912848615,0.20723222750483472,0.20852806912848615,0.20723222750483472,0.6180662878963036,0.6255645877290794,0.6180662878963036,0.6255645877290794,0.6180662878963036,0.6255645877290794
0.614,0.614,0.1944773702399038,0.614,0.645,0.645,0.2621567470049799,0.645,0.601684151235095,0.6071498826798085,0.601684151235095,0.6071498826798085,0.601684151235095,0.6071498826798085,0.601684151235095,0.6071498826798085,0.601684151235095,0.6071498826798085,0.601684151235095,0.6071498826798085,0.20516375336233064,0.19176902638910148,0.20516375336233064,0.19176902638910148,0.20516375336233064,0.19176902638910148,0.601684151235095,0.6071498826798085,0.601684151235095,0.6071498826798085,0.601684151235095,0.6071498826798085
0.609,0.609,0.1935350801927265,0.609,0.623,0.623,0.226431819301039,0.623,0.603616043167867,0.6182517265091314,0.603616043167867,0.6182517265091314,0.603616043167867,0.6182517265091314,0.603616043167867,0.6182517265091314,0.603616043167867,0.6182517265091314,0.603616043167867,0.6182517265091314,0.20816057952563327,0.203429903328216,0.20816057952563327,0.203429903328216,0.20816057952563327,0.203429903328216,0.603616043167867,0.6182517265091314,0.603616043167867,0.6182517265091314,0.603616043167867,0.6182517265091314
0.613,0.613,0.1970621187601146,0.613,0.627,0.627,0.2351479260820709,0.627,0.6066980344766515,0.6219456546452127,0.6066980344766515,0.6219456546452127,0.6066980344766515,0.6219456546452127,0.6066980344766515,0.6219456546452127,0.6066980344766515,0.6219456546452127,0.6066980344766515,0.6219456546452127,0.2231249485863154,0.23687170782448935,0.2231249485863154,0.23687170782448935,0.2231249485863154,0.23687170782448935,0.6066980344766515,0.6219456546452127,0.6066980344766515,0.6219456546452127,0.6066980344766515,0.6219456546452127
0.595,0.595,0.170890688590637,0.595,0.646,0.646,0.2774301005474385,0.646,0.6181977484632003,0.6272669069676845,0.6181977484632003,0.6272669069676845,0.6181977484632003,0.6272669069676845,0.6181977484632003,0.6272669069676845,0.6181977484632003,0.6272669069676845,0.6181977484632003,0.6272669069676845,0.23153404344307033,0.21059979067338586,0.23153404344307033,0.21059979067338586,0.23153404344307033,0.21059979067338586,0.6181977484632003,0.6272669069676845,0.6181977484632003,0.6272669069676845,0.6181977484632003,0.6272669069676845
0.595,0.595,0.1705918492729879,0.595,0.65,0.65,0.2786598737036487,0.65,0.6270580640021673,0.6303973237661252,0.6270580640021673,0.6303973237661252,0.6270580640021673,0.6303973237661252,0.6270580640021673,0.6303973237661252,0.6270580640021673,0.6303973237661252,0.6270580640021673,0.6303973237661252,0.24002416197848736,0.24254150280432465,0.24002416197848736,0.24254150280432465,0.24002416197848736,0.24254150280432465,0.6270580640021673,0.6303973237661252,0.6270580640021673,0.6303973237661252,0.6270580640021673,0.6303973237661252
0.592,0.592,0.1610979747095713,0.592,0.634,0.634,0.2430760067502729,0.634,0.6120956589669891,0.6231623345165467,0.6120956589669891,0.6231623345165467,0.6120956589669891,0.6231623345165467,0.6120956589669891,0.6231623345165467,0.6120956589669891,0.6231623345165467,0.6120956589669891,0.6231623345165467,0.21602104159335328,0.2217905442703775,0.21602104159335328,0.2217905442703775,0.21602104159335328,0.2217905442703775,0.6120956589669891,0.6231623345165467,0.6120956589669891,0.6231623345165467,0.6120956589669891,0.6231623345165467
0.578,0.578,0.1358515138980468,0.578,0.627,0.627,0.2213723885706651,0.627,0.6066241937938845,0.6277638013474307,0.6066241937938845,0.6277638013474307,0.6066241937938845,0.6277638013474307,0.6066241937938845,0.6277638013474307,0.6066241937938845,0.6277638013474307,0.6066241937938845,0.6277638013474307,0.22092958906359386,0.24912696647016908,0.22092958906359386,0.24912696647016908,0.22092958906359386,0.24912696647016908,0.6066241937938845,0.6277638013474307,0.6066241937938845,0.6277638013474307,0.6066241937938845,0.6277638013474307
0.595,0.595,0.1691625979567554,0.595,0.614,0.614,0.1944773702399038,0.614,0.6257724761458677,0.6368132592318931,0.6257724761458677,0.6368132592318931,0.6257724761458677,0.6368132592318931,0.6257724761458677,0.6368132592318931,0.6257724761458677,0.6368132592318931,0.6257724761458677,0.6368132592318931,0.23515217064627178,0.24200078586485874,0.23515217064627178,0.24200078586485874,0.23515217064627178,0.24200078586485874,0.6257724761458677,0.6368132592318931,0.6257724761458677,0.6368132592318931,0.6257724761458677,0.6368132592318931
0.616,0.616,0.2084530616788215,0.616,0.609,0.609,0.1935350801927265,0.609,0.6087550087781186,0.639591990547879,0.6087550087781186,0.639591990547879,0.6087550087781186,0.639591990547879,0.6087550087781186,0.639591990547879,0.6087550087781186,0.639591990547879,0.6087550087781186,0.639591990547879,0.23308472744496722,0.250551022758125,0.23308472744496722,0.250551022758125,0.23308472744496722,0.250551022758125,0.6087550087781186,0.639591990547879,0.6087550087781186,0.639591990547879,0.6087550087781186,0.639591990547879
0.62,0.62,0.2178881333047931,0.62,0.613,0.613,0.1970621187601146,0.613,0.6331681355020974,0.625053667692056,0.6331681355020974,0.625053667692056,0.6331681355020974,0.625053667692056,0.6331681355020974,0.625053667692056,0.6331681355020974,0.625053667692056,0.6331681355020974,0.625053667692056,0.25697432511984536,0.24810377338146863,0.25697432511984536,0.24810377338146863,0.25697432511984536,0.24810377338146863,0.6331681355020974,0.625053667692056,0.6331681355020974,0.625053667692056,0.6331681355020974,0.625053667692056
0.614,0.614,0.2081336571916234,0.614,0.595,0.595,0.170890688590637,0.595,0.6307868337903546,0.6325109560762842,0.6307868337903546,0.6325109560762842,0.6307868337903546,0.6325109560762842,0.6307868337903546,0.6325109560762842,0.6307868337903546,0.6325109560762842,0.6307868337903546,0.6325109560762842,0.25766434814338324,0.2139244863963566,0.25766434814338324,0.2139244863963566,0.25766434814338324,0.2139244863963566,0.6307868337903546,0.6325109560762842,0.6307868337903546,0.6325109560762842,0.6307868337903546,0.6325109560762842
0.614,0.614,0.2124152734306456,0.614,0.595,0.595,0.1705918492729879,0.595,0.6335672537958393,0.6357404588904145,0.6335672537958393,0.6357404588904145,0.6335672537958393,0.6357404588904145,0.6335672537958393,0.6357404588904145,0.6335672537958393,0.6357404588904145,0.6335672537958393,0.6357404588904145,0.26638705304640065,0.2360144574198728,0.26638705304640065,0.2360144574198728,0.26638705304640065,0.2360144574198728,0.6335672537958393,0.6357404588904145,0.6335672537958393,0.6357404588904145,0.6335672537958393,0.6357404588904145
0.601,0.601,0.1922292044571132,0.601,0.592,0.592,0.1610979747095713,0.592,0.6291337546567526,0.6335925834649778,0.6291337546567526,0.6335925834649778,0.6291337546567526,0.6335925834649778,0.6291337546567526,0.6335925834649778,0.6291337546567526,0.6335925834649778,0.6291337546567526,0.6335925834649778,0.2463313815668107,0.2242510736799565,0.2463313815668107,0.2242510736799565,0.2463313815668107,0.2242510736799565,0.6291337546567526,0.6335925834649778,0.6291337546567526,0.6335925834649778,0.6291337546567526,0.6335925834649778
0.585,0.585,0.1584471626488433,0.585,0.578,0.578,0.1358515138980468,0.578,0.6282937838683212,0.6386684145375918,0.6282937838683212,0.6386684145375918,0.6282937838683212,0.6386684145375918,0.6282937838683212,0.6386684145375918,0.6282937838683212,0.6386684145375918,0.6282937838683212,0.6386684145375918,0.23460086213457265,0.2270243656265903,0.23460086213457265,0.2270243656265903,0.23460086213457265,0.2270243656265903,0.6282937838683212,0.6386684145375918,0.6282937838683212,0.6386684145375918,0.6282937838683212,0.6386684145375918
0.575,0.575,0.1367052610197033,0.575,0.595,0.595,0.1691625979567554,0.595,0.6495995519392521,0.6308055213561073,0.6495995519392521,0.6308055213561073,0.6495995519392521,0.6308055213561073,0.6495995519392521,0.6308055213561073,0.6495995519392521,0.6308055213561073,0.6495995519392521,0.6308055213561073,0.22787017323347988,0.23367961695315673,0.22787017323347988,0.23367961695315673,0.22787017323347988,0.23367961695315673,0.6495995519392521,0.6308055213561073,0.6495995519392521,0.6308055213561073,0.6495995519392521,0.6308055213561073
0.573,0.573,0.1354945295227605,0.573,0.616,0.616,0.2084530616788215,0.616,0.6435942240399876,0.6450976752632263,0.6435942240399876,0.6450976752632263,0.6435942240399876,0.6450976752632263,0.6435942240399876,0.6450976752632263,0.6435942240399876,0.6450976752632263,0.6435942240399876,0.6450976752632263,0.2487006343639018,0.23745117423122408,0.2487006343639018,0.23745117423122408,0.2487006343639018,0.23745117423122408,0.6435942240399876,0.6450976752632263,0.6435942240399876,0.6450976752632263,0.6435942240399876,0.6450976752632263
0.58,0.58,0.144069420045894,0.58,0.62,0.62,0.2178881333047931,0.62,0.6369473889470759,0.6347034005690155,0.6369473889470759,0.6347034005690155,0.6369473889470759,0.6347034005690155,0.6369473889470759,0.6347034005690155,0.6369473889470759,0.6347034005690155,0.6369473889470759,0.6347034005690155,0.24897610481582644,0.23052795006316293,0.24897610481582644,0.23052795006316293,0.24897610481582644,0.23052795006316293,0.6369473889470759,0.6347034005690155,0.6369473889470759,0.6347034005690155,0.6369473889470759,0.6347034005690155
0.563,0.563,0.1088034717916924,0.563,0.614,0.614,0.2081336571916234,0.614,0.640017969365552,0.6465927000674754,0.640017969365552,0.6465927000674754,0.640017969365552,0.6465927000674754,0.640017969365552,0.6465927000674754,0.640017969365552,0.6465927000674754,0.640017969365552,0.6465927000674754,0.24723055085757623,0.24335336391647078,0.24723055085757623,0.24335336391647078,0.24723055085757623,0.24335336391647078,0.640017969365552,0.6465927000674754,0.640017969365552,0.6465927000674754,0.640017969365552,0.6465927000674754
0.549,0.549,0.0857193827490857,0.549,0.614,0.614,0.2124152734306456,0.614,0.6497213354615473,0.6415980467031954,0.6497213354615473,0.6415980467031954,0.6497213354615473,0.6415980467031954,0.6497213354615473,0.6415980467031954,0.6497213354615473,0.6415980467031954,0.6497213354615473,0.6415980467031954,0.2600444893831606,0.24488895240184314,0.2600444893831606,0.24488895240184314,0.2600444893831606,0.24488895240184314,0.6497213354615473,0.6415980467031954,0.6497213354615473,0.6415980467031954,0.6497213354615473,0.6415980467031954
0.553,0.553,0.0903911114728744,0.553,0.601,0.601,0.1922292044571132,0.601,0.6641826005574145,0.6586028735397185,0.6641826005574145,0.6586028735397185,0.6641826005574145,0.6586028735397185,0.6641826005574145,0.6586028735397185,0.6641826005574145,0.6586028735397185,0.6641826005574145,0.6586028735397185,0.277045494053971,0.26637576481300734,0.277045494053971,0.26637576481300734,0.277045494053971,0.26637576481300734,0.6641826005574145,0.6586028735397185,0.6641826005574145,0.6586028735397185,0.6641826005574145,0.6586028735397185
0.553,0.553,0.0964366858833897,0.553,0.585,0.585,0.1584471626488433,0.585,0.6277249964719605,0.6522665022400729,0.6277249964719605,0.6522665022400729,0.6277249964719605,0.6522665022400729,0.6277249964719605,0.6522665022400729,0.6277249964719605,0.6522665022400729,0.6277249964719605,0.6522665022400729,0.2730783453647707,0.2714058271579891,0.2730783453647707,0.2714058271579891,0.2730783453647707,0.2714058271579891,0.6277249964719605,0.6522665022400729,0.6277249964719605,0.6522665022400729,0.6277249964719605,0.6522665022400729
0.579,0.579,0.1503531786074672,0.579,0.575,0.575,0.1367052610197033,0.575,0.6455380472203576,0.6478703522561876,0.6455380472203576,0.6478703522561876,0.6455380472203576,0.6478703522561876,0.6455380472203576,0.6478703522561876,0.6455380472203576,0.6478703522561876,0.6455380472203576,0.6478703522561876,0.28272873221120665,0.27297702553859066,0.28272873221120665,0.27297702553859066,0.28272873221120665,0.27297702553859066,0.6455380472203576,0.6478703522561876,0.6455380472203576,0.6478703522561876,0.6455380472203576,0.6478703522561876
0.583,0.583,0.148785028414658,0.583,0.573,0.573,0.1354945295227605,0.573,0.6266951785374916,0.6480690036164587,0.6266951785374916,0.6480690036164587,0.6266951785374916,0.6480690036164587,0.6266951785374916,0.6480690036164587,0.6266951785374916,0.6480690036164587,0.6266951785374916,0.6480690036164587,0.2702400276976822,0.28247714355336917,0.2702400276976822,0.28247714355336917,0.2702400276976822,0.28247714355336917,0.6266951785374916,0.6480690036164587,0.6266951785374916,0.6480690036164587,0.6266951785374916,0.6480690036164587
0.611,0.611,0.1944702140348552,0.611,0.58,0.58,0.144069420045894,0.58,0.6550035443808023,0.6499997203324736,0.6550035443808023,0.6499997203324736,0.6550035443808023,0.6499997203324736,0.6550035443808023,0.6499997203324736,0.6550035443808023,0.6499997203324736,0.6550035443808023,0.6499997203324736,0.2788048742639332,0.2765969031884653,0.2788048742639332,0.2765969031884653,0.2788048742639332,0.2765969031884653,0.6550035443808023,0.6499997203324736,0.6550035443808023,0.6499997203324736,0.6550035443808023,0.6499997203324736
0.591,0.591,0.1505852446896002,0.591,0.563,0.563,0.1088034717916924,0.563,0.6312481232411831,0.6518593842648781,0.6312481232411831,0.6518593842648781,0.6312481232411831,0.6518593842648781,0.6312481232411831,0.6518593842648781,0.6312481232411831,0.6518593842648781,0.6312481232411831,0.6518593842648781,0.2675247669124342,0.2666618946384781,0.2675247669124342,0.2666618946384781,0.2675247669124342,0.2666618946384781,0.6312481232411831,0.6518593842648781,0.6312481232411831,0.6518593842648781,0.6312481232411831,0.6518593842648781
0.608,0.608,0.2005221080110948,0.608,0.549,0.549,0.0857193827490857,0.549,0.6655171852776713,0.6696249832903981,0.6655171852776713,0.6696249832903981,0.6655171852776713,0.6696249832903981,0.6655171852776713,0.6696249832903981,0.6655171852776713,0.6696249832903981,0.6655171852776713,0.6696249832903981,0.2926100611409858,0.27670309169520135,0.2926100611409858,0.27670309169520135,0.2926100611409858,0.27670309169520135,0.6655171852776713,0.6696249832903981,0.6655171852776713,0.6696249832903981,0.6655171852776713,0.6696249832903981
0.593,0.593,0.176686679721004,0.593,0.553,0.553,0.0903911114728744,0.553,0.6531880427379912,0.6551677128582729,0.6531880427379912,0.6551677128582729,0.6531880427379912,0.6551677128582729,0.6531880427379912,0.6551677128582729,0.6531880427379912,0.6551677128582729,0.6531880427379912,0.6551677128582729,0.27184202797345275,0.24447032959525064,0.27184202797345275,0.24447032959525064,0.27184202797345275,0.24447032959525064,0.6531880427379912,0.6551677128582729,0.6531880427379912,0.6551677128582729,0.6531880427379912,0.6551677128582729
0.591,0.591,0.1532091097308489,0.591,0.553,0.553,0.0964366858833897,0.553,0.6362557538979995,0.6483921712093235,0.6362557538979995,0.6483921712093235,0.6362557538979995,0.6483921712093235,0.6362557538979995,0.6483921712093235,0.6362557538979995,0.6483921712093235,0.6362557538979995,0.6483921712093235,0.26001895174039513,0.23874489752731015,0.26001895174039513,0.23874489752731015,0.26001895174039513,0.23874489752731015,0.6362557538979995,0.6483921712093235,0.6362557538979995,0.6483921712093235,0.6362557538979995,0.6483921712093235
0.601,0.601,0.1096691271633478,0.601,0.579,0.579,0.1503531786074672,0.579,0.6593246310810752,0.6267818469756036,0.6593246310810752,0.6267818469756036,0.6593246310810752,0.6267818469756036,0.6593246310810752,0.6267818469756036,0.6593246310810752,0.6267818469756036,0.6593246310810752,0.6267818469756036,0.2205873305355618,0.17403262039149398,0.2205873305355618,0.17403262039149398,0.2205873305355618,0.17403262039149398,0.6593246310810752,0.6267818469756036,0.6593246310810752,0.6267818469756036,0.6593246310810752,0.6267818469756036
0.658,0.658,0.0817115607681402,0.658,0.583,0.583,0.148785028414658,0.583,0.6579457378832806,0.6652695441526509,0.6579457378832806,0.6652695441526509,0.6579457378832806,0.6652695441526509,0.6579457378832806,0.6652695441526509,0.6579457378832806,0.6652695441526509,0.6579457378832806,0.6652695441526509,0.17916872206163909,0.1893799960057126,0.17916872206163909,0.1893799960057126,0.17916872206163909,0.1893799960057126,0.6579457378832806,0.6652695441526509,0.6579457378832806,0.6652695441526509,0.6579457378832806,0.6652695441526509
0.734,0.734,0.0747632994079877,0.734,0.611,0.611,0.1944702140348552,0.611,0.7615905698944982,0.7522143862056485,0.7615905698944982,0.7522143862056485,0.7615905698944982,0.7522143862056485,0.7615905698944982,0.7522143862056485,0.7615905698944982,0.7522143862056485,0.7615905698944982,0.7522143862056485,0.15355726028711925,0.15108409893872915,0.15355726028711925,0.15108409893872915,0.15355726028711925,0.15108409893872915,0.7615905698944982,0.7522143862056485,0.7615905698944982,0.7522143862056485,0.7615905698944982,0.7522143862056485
0.824,0.824,0.098656178302196,0.824,0.591,0.591,0.1505852446896002,0.591,0.7900687964227405,0.7957673800885836,0.7900687964227405,0.7957673800885836,0.7900687964227405,0.7957673800885836,0.7900687964227405,0.7957673800885836,0.7900687964227405,0.7957673800885836,0.7900687964227405,0.7957673800885836,0.06935987097738612,0.06485278609104157,0.06935987097738612,0.06485278609104157,0.06935987097738612,0.06485278609104157,0.7900687964227405,0.7957673800885836,0.7900687964227405,0.7957673800885836,0.7900687964227405,0.7957673800885836
0.854,0.854,-0.0052327182594325,0.854,0.608,0.608,0.2005221080110948,0.608,0.8025321583705286,0.8013709359273892,0.8025321583705286,0.8013709359273892,0.8025321583705286,0.8013709359273892,0.8025321583705286,0.8013709359273892,0.8025321583705286,0.8013709359273892,0.8025321583705286,0.8013709359273892,0.03937035381984087,0.0448490727530706,0.03937035381984087,0.0448490727530706,0.03937035381984087,0.0448490727530706,0.8025321583705286,0.8013709359273892,0.8025321583705286,0.8013709359273892,0.8025321583705286,0.8013709359273892
0.835,0.835,-0.0157596651071165,0.835,0.593,0.593,0.176686679721004,0.593,0.7970317133440127,0.8012271957983541,0.7970317133440127,0.8012271957983541,0.7970317133440127,0.8012271957983541,0.7970317133440127,0.8012271957983541,0.7970317133440127,0.8012271957983541,0.7970317133440127,0.8012271957983541,0.04422467032353618,0.06463496758385548,0.04422467032353618,0.06463496758385548,0.04422467032353618,0.06463496758385548,0.7970317133440127,0.8012271957983541,0.7970317133440127,0.8012271957983541,0.7970317133440127,0.8012271957983541
0.82,0.82,-0.0094099438095132,0.82,0.591,0.591,0.1532091097308489,0.591,0.7922942066380353,0.8015492800934398,0.7922942066380353,0.8015492800934398,0.7922942066380353,0.8015492800934398,0.7922942066380353,0.8015492800934398,0.7922942066380353,0.8015492800934398,0.7922942066380353,0.8015492800934398,0.04516392214183783,0.06370080430807468,0.04516392214183783,0.06370080430807468,0.04516392214183783,0.06370080430807468,0.7922942066380353,0.8015492800934398,0.7922942066380353,0.8015492800934398,0.7922942066380353,0.8015492800934398
0.811,0.811,-0.0102197896177198,0.811,0.601,0.601,0.1096691271633478,0.601,0.7965139079051856,0.7941497068193827,0.7965139079051856,0.7941497068193827,0.7965139079051856,0.7941497068193827,0.7965139079051856,0.7941497068193827,0.7965139079051856,0.7941497068193827,0.7965139079051856,0.7941497068193827,0.05042475406643197,0.07243822292876105,0.05042475406643197,0.07243822292876105,0.05042475406643197,0.07243822292876105,0.7965139079051856,0.7941497068193827,0.7965139079051856,0.7941497068193827,0.7965139079051856,0.7941497068193827
0.81,0.81,-0.009575022051244,0.81,0.658,0.658,0.0817115607681402,0.658,0.7758406630563528,0.7948637744838015,0.7758406630563528,0.7948637744838015,0.7758406630563528,0.7948637744838015,0.7758406630563528,0.7948637744838015,0.7758406630563528,0.7948637744838015,0.7758406630563528,0.7948637744838015,0.0652895162803241,0.06434468724028847,0.0652895162803241,0.06434468724028847,0.0652895162803241,0.06434468724028847,0.7758406630563528,0.7948637744838015,0.7758406630563528,0.7948637744838015,0.7758406630563528,0.7948637744838015
0.795,0.795,0.0098149078403337,0.795,0.734,0.734,0.0747632994079877,0.734,0.7694021036326497,0.7883491807758101,0.7694021036326497,0.7883491807758101,0.7694021036326497,0.7883491807758101,0.7694021036326497,0.7883491807758101,0.7694021036326497,0.7883491807758101,0.7694021036326497,0.7883491807758101,0.07053726354149505,0.07587102959044979,0.07053726354149505,0.07587102959044979,0.07053726354149505,0.07587102959044979,0.7694021036326497,0.7883491807758101,0.7694021036326497,0.7883491807758101,0.7694021036326497,0.7883491807758101
0.787,0.787,0.0116743072440098,0.787,0.824,0.824,0.098656178302196,0.824,0.7621046470250732,0.7914763973310611,0.7621046470250732,0.7914763973310611,0.7621046470250732,0.7914763973310611,0.7621046470250732,0.7914763973310611,0.7621046470250732,0.7914763973310611,0.7621046470250732,0.7914763973310611,0.061753390005918916,0.0969671686965064,0.061753390005918916,0.0969671686965064,0.061753390005918916,0.0969671686965064,0.7621046470250732,0.7914763973310611,0.7621046470250732,0.7914763973310611,0.7621046470250732,0.7914763973310611
0.784,0.784,0.0219517496196479,0.784,0.854,0.854,-0.0052327182594325,0.854,0.744558874488165,0.7578695288450898,0.744558874488165,0.7578695288450898,0.744558874488165,0.7578695288450898,0.744558874488165,0.7578695288450898,0.744558874488165,0.7578695288450898,0.744558874488165,0.7578695288450898,0.05768226113282054,0.06316579832252604,0.05768226113282054,0.06316579832252604,0.05768226113282054,0.06316579832252604,0.744558874488165,0.7578695288450898,0.744558874488165,0.7578695288450898,0.744558874488165,0.7578695288450898
0.751,0.751,0.0550714957952579,0.751,0.835,0.835,-0.0157596651071165,0.835,0.7425691302089774,0.7016619574128885,0.7425691302089774,0.7016619574128885,0.7425691302089774,0.7016619574128885,0.7425691302089774,0.7016619574128885,0.7425691302089774,0.7016619574128885,0.7425691302089774,0.7016619574128885,0.04126065533387789,0.07605260036600543,0.04126065533387789,0.07605260036600543,0.04126065533387789,0.07605260036600543,0.7425691302089774,0.7016619574128885,0.7425691302089774,0.7016619574128885,0.7425691302089774,0.7016619574128885
0.717,0.717,0.1083019295968138,0.717,0.82,0.82,-0.0094099438095132,0.82,0.7196740323245847,0.6942265027972694,0.7196740323245847,0.6942265027972694,0.7196740323245847,0.6942265027972694,0.7196740323245847,0.6942265027972694,0.7196740323245847,0.6942265027972694,0.7196740323245847,0.6942265027972694,0.035730562786917996,0.06819176334559147,0.035730562786917996,0.06819176334559147,0.035730562786917996,0.06819176334559147,0.7196740323245847,0.6942265027972694,0.7196740323245847,0.6942265027972694,0.7196740323245847,0.6942265027972694
0.665,0.665,0.1130714732015207,0.665,0.811,0.811,-0.0102197896177198,0.811,0.6471347623058441,0.6453225967106349,0.6471347623058441,0.6453225967106349,0.6471347623058441,0.6453225967106349,0.6471347623058441,0.6453225967106349,0.6471347623058441,0.6453225967106349,0.6471347623058441,0.6453225967106349,0.03766288481724637,0.08270079278384843,0.03766288481724637,0.08270079278384843,0.03766288481724637,0.08270079278384843,0.6471347623058441,0.6453225967106349,0.6471347623058441,0.6453225967106349,0.6471347623058441,0.6453225967106349
0.621,0.621,0.1244767651380046,0.621,0.81,0.81,-0.009575022051244,0.81,0.6254034588568693,0.6196076340952769,0.6254034588568693,0.6196076340952769,0.6254034588568693,0.6196076340952769,0.6254034588568693,0.6196076340952769,0.6254034588568693,0.6196076340952769,0.6254034588568693,0.6196076340952769,0.10118012579276262,0.1397621626020474,0.10118012579276262,0.1397621626020474,0.10118012579276262,0.1397621626020474,0.6254034588568693,0.6196076340952769,0.6254034588568693,0.6196076340952769,0.6254034588568693,0.6196076340952769
0.579,0.579,0.0907677289494371,0.579,0.795,0.795,0.0098149078403337,0.795,0.5950166915509817,0.6097563091721022,0.5950166915509817,0.6097563091721022,0.5950166915509817,0.6097563091721022,0.5950166915509817,0.6097563091721022,0.5950166915509817,0.6097563091721022,0.5950166915509817,0.6097563091721022,0.11998436638105524,0.137994574914461,0.11998436638105524,0.137994574914461,0.11998436638105524,0.137994574914461,0.5950166915509817,0.6097563091721022,0.5950166915509817,0.6097563091721022,0.5950166915509817,0.6097563091721022
0.565,0.565,0.089630578367111,0.565,0.787,0.787,0.0116743072440098,0.787,0.5922703520951924,0.6024090678378692,0.5922703520951924,0.6024090678378692,0.5922703520951924,0.6024090678378692,0.5922703520951924,0.6024090678378692,0.5922703520951924,0.6024090678378692,0.5922703520951924,0.6024090678378692,0.16086439642395348,0.14642544658242856,0.16086439642395348,0.14642544658242856,0.16086439642395348,0.14642544658242856,0.5922703520951924,0.6024090678378692,0.5922703520951924,0.6024090678378692,0.5922703520951924,0.6024090678378692
0.577,0.577,0.0777482230846378,0.577,0.784,0.784,0.0219517496196479,0.784,0.6162558633930337,0.6274305157532363,0.6162558633930337,0.6274305157532363,0.6162558633930337,0.6274305157532363,0.6162558633930337,0.6274305157532363,0.6162558633930337,0.6274305157532363,0.6162558633930337,0.6274305157532363,0.18240991412327906,0.1969502740511522,0.18240991412327906,0.1969502740511522,0.18240991412327906,0.1969502740511522,0.6162558633930337,0.6274305157532363,0.6162558633930337,0.6274305157532363,0.6162558633930337,0.6274305157532363
0.614,0.614,0.1152592565427264,0.614,0.751,0.751,0.0550714957952579,0.751,0.6274455141379511,0.6312523528404456,0.6274455141379511,0.6312523528404456,0.6274455141379511,0.6312523528404456,0.6274455141379511,0.6312523528404456,0.6274455141379511,0.6312523528404456,0.6274455141379511,0.6312523528404456,0.16788800878003668,0.18958224709916435,0.16788800878003668,0.18958224709916435,0.16788800878003668,0.18958224709916435,0.6274455141379511,0.6312523528404456,0.6274455141379511,0.6312523528404456,0.6274455141379511,0.6312523528404456
0.607,0.607,0.1465353243165768,0.607,0.717,0.717,0.1083019295968138,0.717,0.638833265979758,0.646147170672743,0.638833265979758,0.646147170672743,0.638833265979758,0.646147170672743,0.638833265979758,0.646147170672743,0.638833265979758,0.646147170672743,0.638833265979758,0.646147170672743,0.21697534051906756,0.20190385485692908,0.21697534051906756,0.20190385485692908,0.21697534051906756,0.20190385485692908,0.638833265979758,0.646147170672743,0.638833265979758,0.646147170672743,0.638833265979758,0.646147170672743
0.596,0.596,0.1224106770471291,0.596,0.665,0.665,0.1130714732015207,0.665,0.638401024449664,0.6441521315792447,0.638401024449664,0.6441521315792447,0.638401024449664,0.6441521315792447,0.638401024449664,0.6441521315792447,0.638401024449664,0.6441521315792447,0.638401024449664,0.6441521315792447,0.22194639720398768,0.2083236566022178,0.22194639720398768,0.2083236566022178,0.22194639720398768,0.2083236566022178,0.638401024449664,0.6441521315792447,0.638401024449664,0.6441521315792447,0.638401024449664,0.6441521315792447
0.61,0.61,0.1539946636586476,0.61,0.621,0.621,0.1244767651380046,0.621,0.649931752355988,0.6545590687992362,0.649931752355988,0.6545590687992362,0.649931752355988,0.6545590687992362,0.649931752355988,0.6545590687992362,0.649931752355988,0.6545590687992362,0.649931752355988,0.6545590687992362,0.22514052572280432,0.23021259881832765,0.22514052572280432,0.23021259881832765,0.22514052572280432,0.23021259881832765,0.649931752355988,0.6545590687992362,0.649931752355988,0.6545590687992362,0.649931752355988,0.6545590687992362
0.604,0.604,0.1174425446181824,0.604,0.579,0.579,0.0907677289494371,0.579,0.6539426822693895,0.6629140078488651,0.6539426822693895,0.6629140078488651,0.6539426822693895,0.6629140078488651,0.6539426822693895,0.6629140078488651,0.6539426822693895,0.6629140078488651,0.6539426822693895,0.6629140078488651,0.23378770646684727,0.23527129725091814,0.23378770646684727,0.23527129725091814,0.23378770646684727,0.23527129725091814,0.6539426822693895,0.6629140078488651,0.6539426822693895,0.6629140078488651,0.6539426822693895,0.6629140078488651
0.606,0.606,0.1334717432613132,0.606,0.565,0.565,0.089630578367111,0.565,0.6489542324687252,0.6533174376474432,0.6489542324687252,0.6533174376474432,0.6489542324687252,0.6533174376474432,0.6489542324687252,0.6533174376474432,0.6489542324687252,0.6533174376474432,0.6489542324687252,0.6533174376474432,0.23328180497302511,0.2274850269348199,0.23328180497302511,0.2274850269348199,0.23328180497302511,0.2274850269348199,0.6489542324687252,0.6533174376474432,0.6489542324687252,0.6533174376474432,0.6489542324687252,0.6533174376474432
0.595,0.595,0.1192741949513751,0.595,0.577,0.577,0.0777482230846378,0.577,0.6537735905999761,0.6548589376947446,0.6537735905999761,0.6548589376947446,0.6537735905999761,0.6548589376947446,0.6537735905999761,0.6548589376947446,0.6537735905999761,0.6548589376947446,0.6537735905999761,0.6548589376947446,0.23941661863927813,0.22555821194789635,0.23941661863927813,0.22555821194789635,0.23941661863927813,0.22555821194789635,0.6537735905999761,0.6548589376947446,0.6537735905999761,0.6548589376947446,0.6537735905999761,0.6548589376947446
0.592,0.592,0.1185430034350897,0.592,0.614,0.614,0.1152592565427264,0.614,0.6521005145664134,0.6522085547302079,0.6521005145664134,0.6522085547302079,0.6521005145664134,0.6522085547302079,0.6521005145664134,0.6522085547302079,0.6521005145664134,0.6522085547302079,0.6521005145664134,0.6522085547302079,0.21566872946744328,0.24279910582183117,0.21566872946744328,0.24279910582183117,0.21566872946744328,0.24279910582183117,0.6521005145664134,0.6522085547302079,0.6521005145664134,0.6522085547302079,0.6521005145664134,0.6522085547302079
0.599,0.599,0.1259427176424429,0.599,0.607,0.607,0.1465353243165768,0.607,0.6592572153319227,0.6552412912035938,0.6592572153319227,0.6552412912035938,0.6592572153319227,0.6552412912035938,0.6592572153319227,0.6552412912035938,0.6592572153319227,0.6552412912035938,0.6592572153319227,0.6552412912035938,0.2483725631070757,0.2493015972189321,0.2483725631070757,0.2493015972189321,0.2483725631070757,0.2493015972189321,0.6592572153319227,0.6552412912035938,0.6592572153319227,0.6552412912035938,0.6592572153319227,0.6552412912035938
0.585,0.585,0.0994705320718688,0.585,0.596,0.596,0.1224106770471291,0.596,0.6506339252253326,0.6614490879746824,0.6506339252253326,0.6614490879746824,0.6506339252253326,0.6614490879746824,0.6506339252253326,0.6614490879746824,0.6506339252253326,0.6614490879746824,0.6506339252253326,0.6614490879746824,0.2317289620199476,0.224846954614975,0.2317289620199476,0.224846954614975,0.2317289620199476,0.224846954614975,0.6506339252253326,0.6614490879746824,0.6506339252253326,0.6614490879746824,0.6506339252253326,0.6614490879746824
0.596,0.596,0.1270489500818932,0.596,0.61,0.61,0.1539946636586476,0.61,0.6419706876960656,0.6440888772255184,0.6419706876960656,0.6440888772255184,0.6419706876960656,0.6440888772255184,0.6419706876960656,0.6440888772255184,0.6419706876960656,0.6440888772255184,0.6419706876960656,0.6440888772255184,0.22607625388720332,0.21436025985923857,0.22607625388720332,0.21436025985923857,0.22607625388720332,0.21436025985923857,0.6419706876960656,0.6440888772255184,0.6419706876960656,0.6440888772255184,0.6419706876960656,0.6440888772255184
0.592,0.592,0.1101961057994277,0.592,0.604,0.604,0.1174425446181824,0.604,0.6381207690711976,0.6466579262242435,0.6381207690711976,0.6466579262242435,0.6381207690711976,0.6466579262242435,0.6381207690711976,0.6466579262242435,0.6381207690711976,0.6466579262242435,0.6381207690711976,0.6466579262242435,0.22295350220599125,0.19639806632253595,0.22295350220599125,0.19639806632253595,0.22295350220599125,0.19639806632253595,0.6381207690711976,0.6466579262242435,0.6381207690711976,0.6466579262242435,0.6381207690711976,0.6466579262242435
0.603,0.603,0.13625050040903,0.603,0.606,0.606,0.1334717432613132,0.606,0.6214208067488858,0.628341894588353,0.6214208067488858,0.628341894588353,0.6214208067488858,0.628341894588353,0.6214208067488858,0.628341894588353,0.6214208067488858,0.628341894588353,0.6214208067488858,0.628341894588353,0.1809154626134264,0.18532763594338572,0.1809154626134264,0.18532763594338572,0.1809154626134264,0.18532763594338572,0.6214208067488858,0.628341894588353,0.6214208067488858,0.628341894588353,0.6214208067488858,0.628341894588353
0.609,0.609,0.1397291136789672,0.609,0.595,0.595,0.1192741949513751,0.595,0.6302300590424983,0.6168618549381113,0.6302300590424983,0.6168618549381113,0.6302300590424983,0.6168618549381113,0.6302300590424983,0.6168618549381113,0.6302300590424983,0.6168618549381113,0.6302300590424983,0.6168618549381113,0.20495506340576922,0.213311163718137,0.20495506340576922,0.213311163718137,0.20495506340576922,0.213311163718137,0.6302300590424983,0.6168618549381113,0.6302300590424983,0.6168618549381113,0.6302300590424983,0.6168618549381113
0.604,0.604,0.1330087224577012,0.604,0.592,0.592,0.1185430034350897,0.592,0.608990320638124,0.6088221602570847,0.608990320638124,0.6088221602570847,0.608990320638124,0.6088221602570847,0.608990320638124,0.6088221602570847,0.608990320638124,0.6088221602570847,0.608990320638124,0.6088221602570847,0.1737708493944838,0.19202288191425657,0.1737708493944838,0.19202288191425657,0.1737708493944838,0.19202288191425657,0.608990320638124,0.6088221602570847,0.608990320638124,0.6088221602570847,0.608990320638124,0.6088221602570847
0.589,0.589,0.1131308423314948,0.589,0.599,0.599,0.1259427176424429,0.599,0.6325455463919407,0.6176717537609461,0.6325455463919407,0.6176717537609461,0.6325455463919407,0.6176717537609461,0.6325455463919407,0.6176717537609461,0.6325455463919407,0.6176717537609461,0.6325455463919407,0.6176717537609461,0.17040243512743417,0.1825176609785632,0.17040243512743417,0.1825176609785632,0.17040243512743417,0.1825176609785632,0.6325455463919407,0.6176717537609461,0.6325455463919407,0.6176717537609461,0.6325455463919407,0.6176717537609461
0.586,0.586,0.1100027946772147,0.586,0.585,0.585,0.0994705320718688,0.585,0.6322043569722928,0.6177429031582622,0.6322043569722928,0.6177429031582622,0.6322043569722928,0.6177429031582622,0.6322043569722928,0.6177429031582622,0.6322043569722928,0.6177429031582622,0.6322043569722928,0.6177429031582622,0.18422167312311669,0.1721492269914255,0.18422167312311669,0.1721492269914255,0.18422167312311669,0.1721492269914255,0.6322043569722928,0.6177429031582622,0.6322043569722928,0.6177429031582622,0.6322043569722928,0.6177429031582622
0.582,0.582,0.0947090290862625,0.582,0.596,0.596,0.1270489500818932,0.596,0.6245792917382534,0.6200962346648745,0.6245792917382534,0.6200962346648745,0.6245792917382534,0.6200962346648745,0.6245792917382534,0.6200962346648745,0.6245792917382534,0.6200962346648745,0.6245792917382534,0.6200962346648745,0.18265987600239572,0.15526727143291358,0.18265987600239572,0.15526727143291358,0.18265987600239572,0.15526727143291358,0.6245792917382534,0.6200962346648745,0.6245792917382534,0.6200962346648745,0.6245792917382534,0.6200962346648745
0.594,0.594,0.1082214949370702,0.594,0.592,0.592,0.1101961057994277,0.592,0.6321529497014601,0.6168742445515087,0.6321529497014601,0.6168742445515087,0.6321529497014601,0.6168742445515087,0.6321529497014601,0.6168742445515087,0.6321529497014601,0.6168742445515087,0.6321529497014601,0.6168742445515087,0.19165396903751625,0.17025990202599398,0.19165396903751625,0.17025990202599398,0.19165396903751625,0.17025990202599398,0.6321529497014601,0.6168742445515087,0.6321529497014601,0.6168742445515087,0.6321529497014601,0.6168742445515087
0.607,0.607,0.1308386411889596,0.607,0.603,0.603,0.13625050040903,0.603,0.6279714273724067,0.6296136750826699,0.6279714273724067,0.6296136750826699,0.6279714273724067,0.6296136750826699,0.6279714273724067,0.6296136750826699,0.6279714273724067,0.6296136750826699,0.6279714273724067,0.6296136750826699,0.20799335261163543,0.21042370338599145,0.20799335261163543,0.21042370338599145,0.20799335261163543,0.21042370338599145,0.6279714273724067,0.6296136750826699,0.6279714273724067,0.6296136750826699,0.6279714273724067,0.6296136750826699
0.62,0.62,0.1610738255033558,0.62,0.609,0.609,0.1397291136789672,0.609,0.6298346230017592,0.6284091974932269,0.6298346230017592,0.6284091974932269,0.6298346230017592,0.6284091974932269,0.6298346230017592,0.6284091974932269,0.6298346230017592,0.6284091974932269,0.6298346230017592,0.6284091974932269,0.1923458120550968,0.19346901874091507,0.1923458120550968,0.19346901874091507,0.1923458120550968,0.19346901874091507,0.6298346230017592,0.6284091974932269,0.6298346230017592,0.6284091974932269,0.6298346230017592,0.6284091974932269
0.614,0.614,0.14079020589872,0.614,0.604,0.604,0.1330087224577012,0.604,0.6264643572823061,0.6365422169051178,0.6264643572823061,0.6365422169051178,0.6264643572823061,0.6365422169051178,0.6264643572823061,0.6365422169051178,0.6264643572823061,0.6365422169051178,0.6264643572823061,0.6365422169051178,0.18669056146886118,0.21231136020614666,0.18669056146886118,0.21231136020614666,0.18669056146886118,0.21231136020614666,0.6264643572823061,0.6365422169051178,0.6264643572823061,0.6365422169051178,0.6264643572823061,0.6365422169051178
0.585,0.585,0.1020658975446371,0.585,0.589,0.589,0.1131308423314948,0.589,0.6196582344679961,0.6248813193297577,0.6196582344679961,0.6248813193297577,0.6196582344679961,0.6248813193297577,0.6196582344679961,0.6248813193297577,0.6196582344679961,0.6248813193297577,0.6196582344679961,0.6248813193297577,0.20548990449276325,0.2107877080907357,0.20548990449276325,0.2107877080907357,0.20548990449276325,0.2107877080907357,0.6196582344679961,0.6248813193297577,0.6196582344679961,0.6248813193297577,0.6196582344679961,0.6248813193297577
0.59,0.59,0.1129189294446008,0.59,0.586,0.586,0.1100027946772147,0.586,0.6236661634105426,0.6283059112798853,0.6236661634105426,0.6283059112798853,0.6236661634105426,0.6283059112798853,0.6236661634105426,0.6283059112798853,0.6236661634105426,0.6283059112798853,0.6236661634105426,0.6283059112798853,0.18791107642141266,0.20003126570697904,0.18791107642141266,0.20003126570697904,0.18791107642141266,0.20003126570697904,0.6236661634105426,0.6283059112798853,0.6236661634105426,0.6283059112798853,0.6236661634105426,0.6283059112798853
0.604,0.604,0.131011055470461,0.604,0.582,0.582,0.0947090290862625,0.582,0.6140788312316153,0.6153571508673723,0.6140788312316153,0.6153571508673723,0.6140788312316153,0.6153571508673723,0.6140788312316153,0.6153571508673723,0.6140788312316153,0.6153571508673723,0.6140788312316153,0.6153571508673723,0.1836833996083045,0.19863390600577763,0.1836833996083045,0.19863390600577763,0.1836833996083045,0.19863390600577763,0.6140788312316153,0.6153571508673723,0.6140788312316153,0.6153571508673723,0.6140788312316153,0.6153571508673723
0.606,0.606,0.1338260705162309,0.606,0.594,0.594,0.1082214949370702,0.594,0.6307661561328586,0.622421600392121,0.6307661561328586,0.622421600392121,0.6307661561328586,0.622421600392121,0.6307661561328586,0.622421600392121,0.6307661561328586,0.622421600392121,0.6307661561328586,0.622421600392121,0.1616858327238406,0.18671617023564135,0.1616858327238406,0.18671617023564135,0.1616858327238406,0.18671617023564135,0.6307661561328586,0.622421600392121,0.6307661561328586,0.622421600392121,0.6307661561328586,0.622421600392121
0.607,0.607,0.1430216228946242,0.607,0.607,0.607,0.1308386411889596,0.607,0.6202899235768748,0.6234936551768506,0.6202899235768748,0.6234936551768506,0.6202899235768748,0.6234936551768506,0.6202899235768748,0.6234936551768506,0.6202899235768748,0.6234936551768506,0.6202899235768748,0.6234936551768506,0.14722685898026816,0.17029479200441822,0.14722685898026816,0.17029479200441822,0.14722685898026816,0.17029479200441822,0.6202899235768748,0.6234936551768506,0.6202899235768748,0.6234936551768506,0.6202899235768748,0.6234936551768506
0.615,0.615,0.1613735177004642,0.615,0.62,0.62,0.1610738255033558,0.62,0.6054570308524758,0.6148774300400798,0.6054570308524758,0.6148774300400798,0.6054570308524758,0.6148774300400798,0.6054570308524758,0.6148774300400798,0.6054570308524758,0.6148774300400798,0.6054570308524758,0.6148774300400798,0.16657393418439476,0.16880281233751496,0.16657393418439476,0.16880281233751496,0.16657393418439476,0.16880281233751496,0.6054570308524758,0.6148774300400798,0.6054570308524758,0.6148774300400798,0.6054570308524758,0.6148774300400798
0.597,0.597,0.140578350251642,0.597,0.614,0.614,0.14079020589872,0.614,0.6027756730404484,0.608591942909938,0.6027756730404484,0.608591942909938,0.6027756730404484,0.608591942909938,0.6027756730404484,0.608591942909938,0.6027756730404484,0.608591942909938,0.6027756730404484,0.608591942909938,0.15833905790463582,0.1606467240898666,0.15833905790463582,0.1606467240898666,0.15833905790463582,0.1606467240898666,0.6027756730404484,0.608591942909938,0.6027756730404484,0.608591942909938,0.6027756730404484,0.608591942909938
0.604,0.604,0.1529955296986289,0.604,0.585,0.585,0.1020658975446371,0.585,0.5874834115472305,0.5996739452014429,0.5874834115472305,0.5996739452014429,0.5874834115472305,0.5996739452014429,0.5874834115472305,0.5996739452014429,0.5874834115472305,0.5996739452014429,0.5874834115472305,0.5996739452014429,0.13654515641750947,0.1300848017793345,0.13654515641750947,0.1300848017793345,0.13654515641750947,0.1300848017793345,0.5874834115472305,0.5996739452014429,0.5874834115472305,0.5996739452014429,0.5874834115472305,0.5996739452014429
0.605,0.605,0.1532109383709063,0.605,0.59,0.59,0.1129189294446008,0.59,0.5911716380710781,0.6084209484278003,0.5911716380710781,0.6084209484278003,0.5911716380710781,0.6084209484278003,0.5911716380710781,0.6084209484278003,0.5911716380710781,0.6084209484278003,0.5911716380710781,0.6084209484278003,0.14761040213839868,0.14153422086634282,0.14761040213839868,0.14153422086634282,0.14761040213839868,0.14153422086634282,0.5911716380710781,0.6084209484278003,0.5911716380710781,0.6084209484278003,0.5911716380710781,0.6084209484278003
0.587,0.587,0.1306361301730306,0.587,0.604,0.604,0.131011055470461,0.604,0.6024693095762595,0.6128207369050463,0.6024693095762595,0.6128207369050463,0.6024693095762595,0.6128207369050463,0.6024693095762595,0.6128207369050463,0.6024693095762595,0.6128207369050463,0.6024693095762595,0.6128207369050463,0.13700702025527445,0.15386288556610586,0.13700702025527445,0.15386288556610586,0.13700702025527445,0.15386288556610586,0.6024693095762595,0.6128207369050463,0.6024693095762595,0.6128207369050463,0.6024693095762595,0.6128207369050463
0.572,0.572,0.1009914300117628,0.572,0.606,0.606,0.1338260705162309,0.606,0.6134355373726116,0.6127314655216043,0.6134355373726116,0.6127314655216043,0.6134355373726116,0.6127314655216043,0.6134355373726116,0.6127314655216043,0.6134355373726116,0.6127314655216043,0.6134355373726116,0.6127314655216043,0.18371315761377693,0.1815279888140819,0.18371315761377693,0.1815279888140819,0.18371315761377693,0.1815279888140819,0.6134355373726116,0.6127314655216043,0.6134355373726116,0.6127314655216043,0.6134355373726116,0.6127314655216043
0.568,0.568,0.0692343159518588,0.568,0.607,0.607,0.1430216228946242,0.607,0.627307023884692,0.6339970951376501,0.627307023884692,0.6339970951376501,0.627307023884692,0.6339970951376501,0.627307023884692,0.6339970951376501,0.627307023884692,0.6339970951376501,0.627307023884692,0.6339970951376501,0.18297137743127295,0.18279558006587088,0.18297137743127295,0.18279558006587088,0.18297137743127295,0.18279558006587088,0.627307023884692,0.6339970951376501,0.627307023884692,0.6339970951376501,0.627307023884692,0.6339970951376501
0.585,0.585,0.0783676224993782,0.585,0.615,0.615,0.1613735177004642,0.615,0.6264168343265272,0.6304539984416553,0.6264168343265272,0.6304539984416553,0.6264168343265272,0.6304539984416553,0.6264168343265272,0.6304539984416553,0.6264168343265272,0.6304539984416553,0.6264168343265272,0.6304539984416553,0.17513373370061083,0.1701208556076009,0.17513373370061083,0.1701208556076009,0.17513373370061083,0.1701208556076009,0.6264168343265272,0.6304539984416553,0.6264168343265272,0.6304539984416553,0.6264168343265272,0.6304539984416553
0.605,0.605,0.0924964389100767,0.605,0.597,0.597,0.140578350251642,0.597,0.6201519404994702,0.6365282216352858,0.6201519404994702,0.6365282216352858,0.6201519404994702,0.6365282216352858,0.6201519404994702,0.6365282216352858,0.6201519404994702,0.6365282216352858,0.6201519404994702,0.6365282216352858,0.13246548344627654,0.18577251217719246,0.13246548344627654,0.18577251217719246,0.13246548344627654,0.18577251217719246,0.6201519404994702,0.6365282216352858,0.6201519404994702,0.6365282216352858,0.6201519404994702,0.6365282216352858
0.602,0.602,0.1032683390637039,0.602,0.604,0.604,0.1529955296986289,0.604,0.6125556822180975,0.6264617009086599,0.6125556822180975,0.6264617009086599,0.6125556822180975,0.6264617009086599,0.6125556822180975,0.6264617009086599,0.6125556822180975,0.6264617009086599,0.6125556822180975,0.6264617009086599,0.1747190581004763,0.18476638754545371,0.1747190581004763,0.18476638754545371,0.1747190581004763,0.18476638754545371,0.6125556822180975,0.6264617009086599,0.6125556822180975,0.6264617009086599,0.6125556822180975,0.6264617009086599
0.601,0.601,0.1017397881996974,0.601,0.605,0.605,0.1532109383709063,0.605,0.6070444946012201,0.6210689675630225,0.6070444946012201,0.6210689675630225,0.6070444946012201,0.6210689675630225,0.6070444946012201,0.6210689675630225,0.6070444946012201,0.6210689675630225,0.6070444946012201,0.6210689675630225,0.1602361840211948,0.16686598874455214,0.1602361840211948,0.16686598874455214,0.1602361840211948,0.16686598874455214,0.6070444946012201,0.6210689675630225,0.6070444946012201,0.6210689675630225,0.6070444946012201,0.6210689675630225
0.619,0.619,0.1070591544014248,0.619,0.587,0.587,0.1306361301730306,0.587,0.6031052755395226,0.604492362931801,0.6031052755395226,0.604492362931801,0.6031052755395226,0.604492362931801,0.6031052755395226,0.604492362931801,0.6031052755395226,0.604492362931801,0.6031052755395226,0.604492362931801,0.1562246254371473,0.1580819949101265,0.1562246254371473,0.1580819949101265,0.1562246254371473,0.1580819949101265,0.6031052755395226,0.604492362931801,0.6031052755395226,0.604492362931801,0.6031052755395226,0.604492362931801
0.667,0.667,0.1311018567805367,0.667,0.572,0.572,0.1009914300117628,0.572,0.614252383728702,0.6191258308442782,0.614252383728702,0.6191258308442782,0.614252383728702,0.6191258308442782,0.614252383728702,0.6191258308442782,0.614252383728702,0.6191258308442782,0.614252383728702,0.6191258308442782,0.15013205570861848,0.11108563914406402,0.15013205570861848,0.11108563914406402,0.15013205570861848,0.11108563914406402,0.614252383728702,0.6191258308442782,0.614252383728702,0.6191258308442782,0.614252383728702,0.6191258308442782
0.728,0.728,0.0864942200608556,0.728,0.568,0.568,0.0692343159518588,0.568,0.6879901946709241,0.6560099636622212,0.6879901946709241,0.6560099636622212,0.6879901946709241,0.6560099636622212,0.6879901946709241,0.6560099636622212,0.6879901946709241,0.6560099636622212,0.6879901946709241,0.6560099636622212,0.12782458942823852,0.1187963139114021,0.12782458942823852,0.1187963139114021,0.12782458942823852,0.1187963139114021,0.6879901946709241,0.6560099636622212,0.6879901946709241,0.6560099636622212,0.6879901946709241,0.6560099636622212
0.804,0.804,0.0783323458322753,0.804,0.585,0.585,0.0783676224993782,0.585,0.7670145776405951,0.7603570269807292,0.7670145776405951,0.7603570269807292,0.7670145776405951,0.7603570269807292,0.7670145776405951,0.7603570269807292,0.7670145776405951,0.7603570269807292,0.7670145776405951,0.7603570269807292,0.0829535364319746,0.06465869958656834,0.0829535364319746,0.06465869958656834,0.0829535364319746,0.06465869958656834,0.7670145776405951,0.7603570269807292,0.7670145776405951,0.7603570269807292,0.7670145776405951,0.7603570269807292
0.869,0.869,-0.0170491599639761,0.869,0.605,0.605,0.0924964389100767,0.605,0.7992942311831418,0.7977071489951548,0.7992942311831418,0.7977071489951548,0.7992942311831418,0.7977071489951548,0.7992942311831418,0.7977071489951548,0.7992942311831418,0.7977071489951548,0.7992942311831418,0.7977071489951548,-0.008694166060891543,0.004771030215988752,-0.008694166060891543,0.004771030215988752,-0.008694166060891543,0.004771030215988752,0.7992942311831418,0.7977071489951548,0.7992942311831418,0.7977071489951548,0.7992942311831418,0.7977071489951548
0.865,0.865,-0.0223555070883314,0.865,0.602,0.602,0.1032683390637039,0.602,0.813828017444316,0.8139023896015101,0.813828017444316,0.8139023896015101,0.813828017444316,0.8139023896015101,0.813828017444316,0.8139023896015101,0.813828017444316,0.8139023896015101,0.813828017444316,0.8139023896015101,-0.012257913387026764,-0.010509622442454182,-0.012257913387026764,-0.010509622442454182,-0.012257913387026764,-0.010509622442454182,0.813828017444316,0.8139023896015101,0.813828017444316,0.8139023896015101,0.813828017444316,0.8139023896015101
0.853,0.853,-0.0105593136446131,0.853,0.601,0.601,0.1017397881996974,0.601,0.8123193518252189,0.8116196107192915,0.8123193518252189,0.8116196107192915,0.8123193518252189,0.8116196107192915,0.8123193518252189,0.8116196107192915,0.8123193518252189,0.8116196107192915,0.8123193518252189,0.8116196107192915,-0.010923905770424432,-0.010612809616822984,-0.010923905770424432,-0.010612809616822984,-0.010923905770424432,-0.010612809616822984,0.8123193518252189,0.8116196107192915,0.8123193518252189,0.8116196107192915,0.8123193518252189,0.8116196107192915
0.841,0.841,-0.0077322854607684,0.841,0.619,0.619,0.1070591544014248,0.619,0.7881602166675508,0.7968122198317604,0.7881602166675508,0.7968122198317604,0.7881602166675508,0.7968122198317604,0.7881602166675508,0.7968122198317604,0.7881602166675508,0.7968122198317604,0.7881602166675508,0.7968122198317604,-0.0057104424594807066,-0.0011182446551828598,-0.0057104424594807066,-0.0011182446551828598,-0.0057104424594807066,-0.0011182446551828598,0.7881602166675508,0.7968122198317604,0.7881602166675508,0.7968122198317604,0.7881602166675508,0.7968122198317604
0.828,0.828,0.0465631929046561,0.828,0.667,0.667,0.1311018567805367,0.667,0.7790511451210239,0.7755205398184203,0.7790511451210239,0.7755205398184203,0.7790511451210239,0.7755205398184203,0.7790511451210239,0.7755205398184203,0.7790511451210239,0.7755205398184203,0.7790511451210239,0.7755205398184203,-0.006730045802551786,-0.005025317743781519,-0.006730045802551786,-0.005025317743781519,-0.006730045802551786,-0.005025317743781519,0.7790511451210239,0.7755205398184203,0.7790511451210239,0.7755205398184203,0.7790511451210239,0.7755205398184203
0.815,0.815,0.046037704715152,0.815,0.728,0.728,0.0864942200608556,0.728,0.7727778269475847,0.7700098287514783,0.7727778269475847,0.7700098287514783,0.7727778269475847,0.7700098287514783,0.7727778269475847,0.7700098287514783,0.7727778269475847,0.7700098287514783,0.7727778269475847,0.7700098287514783,-0.0007869800438408739,-0.003410613901682337,-0.0007869800438408739,-0.003410613901682337,-0.0007869800438408739,-0.003410613901682337,0.7727778269475847,0.7700098287514783,0.7727778269475847,0.7700098287514783,0.7727778269475847,0.7700098287514783
0.795,0.795,0.0579217293799745,0.795,0.804,0.804,0.0783323458322753,0.804,0.760900896405553,0.7448318653263083,0.760900896405553,0.7448318653263083,0.760900896405553,0.7448318653263083,0.760900896405553,0.7448318653263083,0.760900896405553,0.7448318653263083,0.760900896405553,0.7448318653263083,0.011853915479612202,0.006898006434085848,0.011853915479612202,0.006898006434085848,0.011853915479612202,0.006898006434085848,0.760900896405553,0.7448318653263083,0.760900896405553,0.7448318653263083,0.760900896405553,0.7448318653263083
0.787,0.787,0.0447059667755015,0.787,0.869,0.869,-0.0170491599639761,0.869,0.7350448552086382,0.7487815483454714,0.7350448552086382,0.7487815483454714,0.7350448552086382,0.7487815483454714,0.7350448552086382,0.7487815483454714,0.7350448552086382,0.7487815483454714,0.7350448552086382,0.7487815483454714,0.015620259365329868,0.022453580612486517,0.015620259365329868,0.022453580612486517,0.015620259365329868,0.022453580612486517,0.7350448552086382,0.7487815483454714,0.7350448552086382,0.7487815483454714,0.7350448552086382,0.7487815483454714
0.773,0.773,0.0598856953532674,0.773,0.865,0.865,-0.0223555070883314,0.865,0.7417861776382834,0.7522335129952487,0.7417861776382834,0.7522335129952487,0.7417861776382834,0.7522335129952487,0.7417861776382834,0.7522335129952487,0.7417861776382834,0.7522335129952487,0.7417861776382834,0.7522335129952487,0.034629652040245415,0.04838911484023359,0.034629652040245415,0.04838911484023359,0.034629652040245415,0.04838911484023359,0.7417861776382834,0.7522335129952487,0.7417861776382834,0.7522335129952487,0.7417861776382834,0.7522335129952487
0.742,0.742,0.0933115915544435,0.742,0.853,0.853,-0.0105593136446131,0.853,0.6915697512888901,0.7065196306919465,0.6915697512888901,0.7065196306919465,0.6915697512888901,0.7065196306919465,0.6915697512888901,0.7065196306919465,0.6915697512888901,0.7065196306919465,0.6915697512888901,0.7065196306919465,0.06472958666553937,0.07064688689581668,0.06472958666553937,0.07064688689581668,0.06472958666553937,0.07064688689581668,0.6915697512888901,0.7065196306919465,0.6915697512888901,0.7065196306919465,0.6915697512888901,0.7065196306919465
0.702,0.702,0.1239416745061148,0.702,0.841,0.841,-0.0077322854607684,0.841,0.661494755064286,0.6604214584454671,0.661494755064286,0.6604214584454671,0.661494755064286,0.6604214584454671,0.661494755064286,0.6604214584454671,0.661494755064286,0.6604214584454671,0.661494755064286,0.6604214584454671,0.11274174700999541,0.10047788595299699,0.11274174700999541,0.10047788595299699,0.11274174700999541,0.10047788595299699,0.661494755064286,0.6604214584454671,0.661494755064286,0.6604214584454671,0.661494755064286,0.6604214584454671
0.652,0.652,0.1641366588524653,0.652,0.828,0.828,0.0465631929046561,0.828,0.6423458486670758,0.6352717646668565,0.6423458486670758,0.6352717646668565,0.6423458486670758,0.6352717646668565,0.6423458486670758,0.6352717646668565,0.6423458486670758,0.6352717646668565,0.6423458486670758,0.6352717646668565,0.13157267613966137,0.12852190401072922,0.13157267613966137,0.12852190401072922,0.13157267613966137,0.12852190401072922,0.6423458486670758,0.6352717646668565,0.6423458486670758,0.6352717646668565,0.6423458486670758,0.6352717646668565
0.621,0.621,0.1549308336529286,0.621,0.815,0.815,0.046037704715152,0.815,0.603443423345009,0.6048136454260251,0.603443423345009,0.6048136454260251,0.603443423345009,0.6048136454260251,0.603443423345009,0.6048136454260251,0.603443423345009,0.6048136454260251,0.603443423345009,0.6048136454260251,0.10623934974226638,0.10422414008567765,0.10623934974226638,0.10422414008567765,0.10623934974226638,0.10422414008567765,0.603443423345009,0.6048136454260251,0.603443423345009,0.6048136454260251,0.603443423345009,0.6048136454260251
0.606,0.606,0.1540126425724886,0.606,0.795,0.795,0.0579217293799745,0.795,0.5883007765120268,0.5960974392005502,0.5883007765120268,0.5960974392005502,0.5883007765120268,0.5960974392005502,0.5883007765120268,0.5960974392005502,0.5883007765120268,0.5960974392005502,0.5883007765120268,0.5960974392005502,0.13037852619654225,0.11078386846373174,0.13037852619654225,0.11078386846373174,0.13037852619654225,0.11078386846373174,0.5883007765120268,0.5960974392005502,0.5883007765120268,0.5960974392005502,0.5883007765120268,0.5960974392005502
0.607,0.607,0.1598399206444221,0.607,0.787,0.787,0.0447059667755015,0.787,0.6086215747169373,0.6296517548123723,0.6086215747169373,0.6296517548123723,0.6086215747169373,0.6296517548123723,0.6086215747169373,0.6296517548123723,0.6086215747169373,0.6296517548123723,0.6086215747169373,0.6296517548123723,0.1544771019031907,0.16246246380551588,0.1544771019031907,0.16246246380551588,0.1544771019031907,0.16246246380551588,0.6086215747169373,0.6296517548123723,0.6086215747169373,0.6296517548123723,0.6086215747169373,0.6296517548123723
0.6,0.6,0.1411885949845414,0.6,0.773,0.773,0.0598856953532674,0.773,0.6162970983612708,0.6251925577940994,0.6162970983612708,0.6251925577940994,0.6162970983612708,0.6251925577940994,0.6162970983612708,0.6251925577940994,0.6162970983612708,0.6251925577940994,0.6162970983612708,0.6251925577940994,0.18431713632112995,0.18172706655189874,0.18431713632112995,0.18172706655189874,0.18431713632112995,0.18172706655189874,0.6162970983612708,0.6251925577940994,0.6162970983612708,0.6251925577940994,0.6162970983612708,0.6251925577940994
0.634,0.634,0.2135661979578507,0.634,0.742,0.742,0.0933115915544435,0.742,0.6231350964042274,0.6262582724166182,0.6231350964042274,0.6262582724166182,0.6231350964042274,0.6262582724166182,0.6231350964042274,0.6262582724166182,0.6231350964042274,0.6262582724166182,0.6231350964042274,0.6262582724166182,0.16420050591489962,0.16941432723519095,0.16420050591489962,0.16941432723519095,0.16420050591489962,0.16941432723519095,0.6231350964042274,0.6262582724166182,0.6231350964042274,0.6262582724166182,0.6231350964042274,0.6262582724166182
0.63,0.63,0.2022251450009702,0.63,0.702,0.702,0.1239416745061148,0.702,0.6398630016094072,0.6377009335936934,0.6398630016094072,0.6377009335936934,0.6398630016094072,0.6377009335936934,0.6398630016094072,0.6377009335936934,0.6398630016094072,0.6377009335936934,0.6398630016094072,0.6377009335936934,0.21280960782444805,0.20842785875994865,0.21280960782444805,0.20842785875994865,0.21280960782444805,0.20842785875994865,0.6398630016094072,0.6377009335936934,0.6398630016094072,0.6377009335936934,0.6398630016094072,0.6377009335936934
0.637,0.637,0.2124105011933174,0.637,0.652,0.652,0.1641366588524653,0.652,0.6401086678375463,0.6416548987907996,0.6401086678375463,0.6416548987907996,0.6401086678375463,0.6416548987907996,0.6401086678375463,0.6416548987907996,0.6401086678375463,0.6416548987907996,0.6401086678375463,0.6416548987907996,0.21532055056610327,0.21994823724817777,0.21532055056610327,0.21994823724817777,0.21532055056610327,0.21994823724817777,0.6401086678375463,0.6416548987907996,0.6401086678375463,0.6416548987907996,0.6401086678375463,0.6416548987907996
0.633,0.633,0.1963738285013575,0.633,0.621,0.621,0.1549308336529286,0.621,0.6479326446129358,0.6553662588206395,0.6479326446129358,0.6553662588206395,0.6479326446129358,0.6553662588206395,0.6479326446129358,0.6553662588206395,0.6479326446129358,0.6553662588206395,0.6479326446129358,0.6553662588206395,0.22880046530022982,0.2310699474023675,0.22880046530022982,0.2310699474023675,0.22880046530022982,0.2310699474023675,0.6479326446129358,0.6553662588206395,0.6479326446129358,0.6553662588206395,0.6479326446129358,0.6553662588206395
0.626,0.626,0.1809704842785752,0.626,0.606,0.606,0.1540126425724886,0.606,0.6345629954951114,0.6468425671432669,0.6345629954951114,0.6468425671432669,0.6345629954951114,0.6468425671432669,0.6345629954951114,0.6468425671432669,0.6345629954951114,0.6468425671432669,0.6345629954951114,0.6468425671432669,0.22202895472950712,0.2319200018830308,0.22202895472950712,0.2319200018830308,0.22202895472950712,0.2319200018830308,0.6345629954951114,0.6468425671432669,0.6345629954951114,0.6468425671432669,0.6345629954951114,0.6468425671432669
0.645,0.645,0.2288174621794704,0.645,0.607,0.607,0.1598399206444221,0.607,0.647345965490486,0.6469810285160682,0.647345965490486,0.6469810285160682,0.647345965490486,0.6469810285160682,0.647345965490486,0.6469810285160682,0.647345965490486,0.6469810285160682,0.647345965490486,0.6469810285160682,0.23521669057028863,0.233061856728979,0.23521669057028863,0.233061856728979,0.23521669057028863,0.233061856728979,0.647345965490486,0.6469810285160682,0.647345965490486,0.6469810285160682,0.647345965490486,0.6469810285160682
0.613,0.613,0.1725465041693393,0.613,0.6,0.6,0.1411885949845414,0.6,0.6481550253067335,0.6378989932557788,0.6481550253067335,0.6378989932557788,0.6481550253067335,0.6378989932557788,0.6481550253067335,0.6378989932557788,0.6481550253067335,0.6378989932557788,0.6481550253067335,0.6378989932557788,0.24090740246348982,0.23906734969090215,0.24090740246348982,0.23906734969090215,0.24090740246348982,0.23906734969090215,0.6481550253067335,0.6378989932557788,0.6481550253067335,0.6378989932557788,0.6481550253067335,0.6378989932557788
0.606,0.606,0.1697957360371864,0.606,0.634,0.634,0.2135661979578507,0.634,0.6560616424450849,0.6556856376735903,0.6560616424450849,0.6556856376735903,0.6560616424450849,0.6556856376735903,0.6560616424450849,0.6556856376735903,0.6560616424450849,0.6556856376735903,0.6560616424450849,0.6556856376735903,0.23046384721428356,0.2413529696702721,0.23046384721428356,0.2413529696702721,0.23046384721428356,0.2413529696702721,0.6560616424450849,0.6556856376735903,0.6560616424450849,0.6556856376735903,0.6560616424450849,0.6556856376735903
0.598,0.598,0.1425902306474937,0.598,0.63,0.63,0.2022251450009702,0.63,0.6506751686153747,0.6581762119034856,0.6506751686153747,0.6581762119034856,0.6506751686153747,0.6581762119034856,0.6506751686153747,0.6581762119034856,0.6506751686153747,0.6581762119034856,0.6506751686153747,0.6581762119034856,0.24584189053317815,0.2487785408829408,0.24584189053317815,0.2487785408829408,0.24584189053317815,0.2487785408829408,0.6506751686153747,0.6581762119034856,0.6506751686153747,0.6581762119034856,0.6506751686153747,0.6581762119034856
0.621,0.621,0.1946245973122986,0.621,0.637,0.637,0.2124105011933174,0.637,0.6476081747671771,0.6624207525333837,0.6476081747671771,0.6624207525333837,0.6476081747671771,0.6624207525333837,0.6476081747671771,0.6624207525333837,0.6476081747671771,0.6624207525333837,0.6476081747671771,0.6624207525333837,0.22358991288440952,0.21980858601114936,0.22358991288440952,0.21980858601114936,0.22358991288440952,0.21980858601114936,0.6476081747671771,0.6624207525333837,0.6476081747671771,0.6624207525333837,0.6476081747671771,0.6624207525333837
0.627,0.627,0.1894757885770411,0.627,0.633,0.633,0.1963738285013575,0.633,0.6439945242683625,0.6404714925140501,0.6439945242683625,0.6404714925140501,0.6439945242683625,0.6404714925140501,0.6439945242683625,0.6404714925140501,0.6439945242683625,0.6404714925140501,0.6439945242683625,0.6404714925140501,0.22448368666972943,0.2213377698796072,0.22448368666972943,0.2213377698796072,0.22448368666972943,0.2213377698796072,0.6439945242683625,0.6404714925140501,0.6439945242683625,0.6404714925140501,0.6439945242683625,0.6404714925140501
0.624,0.624,0.1771528613633878,0.624,0.626,0.626,0.1809704842785752,0.626,0.6379309903957824,0.646433076235734,0.6379309903957824,0.646433076235734,0.6379309903957824,0.646433076235734,0.6379309903957824,0.646433076235734,0.6379309903957824,0.646433076235734,0.6379309903957824,0.646433076235734,0.22053011116805743,0.18998217896987923,0.22053011116805743,0.18998217896987923,0.22053011116805743,0.18998217896987923,0.6379309903957824,0.646433076235734,0.6379309903957824,0.646433076235734,0.6379309903957824,0.646433076235734
0.602,0.602,0.1363446982848413,0.602,0.645,0.645,0.2288174621794704,0.645,0.6177872567477917,0.6358581633605515,0.6177872567477917,0.6358581633605515,0.6177872567477917,0.6358581633605515,0.6177872567477917,0.6358581633605515,0.6177872567477917,0.6358581633605515,0.6177872567477917,0.6358581633605515,0.19763424698427884,0.1986915207485979,0.19763424698427884,0.1986915207485979,0.19763424698427884,0.1986915207485979,0.6177872567477917,0.6358581633605515,0.6177872567477917,0.6358581633605515,0.6177872567477917,0.6358581633605515
0.602,0.602,0.1431610039225143,0.602,0.613,0.613,0.1725465041693393,0.613,0.6229688451412558,0.6311793289045915,0.6229688451412558,0.6311793289045915,0.6229688451412558,0.6311793289045915,0.6229688451412558,0.6311793289045915,0.6229688451412558,0.6311793289045915,0.6229688451412558,0.6311793289045915,0.1960701642799717,0.19067247224815254,0.1960701642799717,0.19067247224815254,0.1960701642799717,0.19067247224815254,0.6229688451412558,0.6311793289045915,0.6229688451412558,0.6311793289045915,0.6229688451412558,0.6311793289045915
0.613,0.613,0.1841776848354021,0.613,0.606,0.606,0.1697957360371864,0.606,0.6151651380829872,0.6170805524066876,0.6151651380829872,0.6170805524066876,0.6151651380829872,0.6170805524066876,0.6151651380829872,0.6170805524066876,0.6151651380829872,0.6170805524066876,0.6151651380829872,0.6170805524066876,0.17206747188105065,0.18148750495459354,0.17206747188105065,0.18148750495459354,0.17206747188105065,0.18148750495459354,0.6151651380829872,0.6170805524066876,0.6151651380829872,0.6170805524066876,0.6151651380829872,0.6170805524066876
0.608,0.608,0.1828328184346246,0.608,0.598,0.598,0.1425902306474937,0.598,0.6281525988945128,0.6185592424834366,0.6281525988945128,0.6185592424834366,0.6281525988945128,0.6185592424834366,0.6281525988945128,0.6185592424834366,0.6281525988945128,0.6185592424834366,0.6281525988945128,0.6185592424834366,0.17519394904763222,0.17358528418690902,0.17519394904763222,0.17358528418690902,0.17519394904763222,0.17358528418690902,0.6281525988945128,0.6185592424834366,0.6281525988945128,0.6185592424834366,0.6281525988945128,0.6185592424834366
0.606,0.606,0.167554045602826,0.606,0.621,0.621,0.1946245973122986,0.621,0.6212313909496158,0.6103479227151433,0.6212313909496158,0.6103479227151433,0.6212313909496158,0.6103479227151433,0.6212313909496158,0.6103479227151433,0.6212313909496158,0.6103479227151433,0.6212313909496158,0.6103479227151433,0.184621359934477,0.169659434928381,0.184621359934477,0.169659434928381,0.184621359934477,0.169659434928381,0.6212313909496158,0.6103479227151433,0.6212313909496158,0.6103479227151433,0.6212313909496158,0.6103479227151433
0.609,0.609,0.1716382495508626,0.609,0.627,0.627,0.1894757885770411,0.627,0.6180490862919916,0.6112059829503791,0.6180490862919916,0.6112059829503791,0.6180490862919916,0.6112059829503791,0.6180490862919916,0.6112059829503791,0.6180490862919916,0.6112059829503791,0.6180490862919916,0.6112059829503791,0.16734177653504786,0.15869647429466435,0.16734177653504786,0.15869647429466435,0.16734177653504786,0.15869647429466435,0.6180490862919916,0.6112059829503791,0.6180490862919916,0.6112059829503791,0.6180490862919916,0.6112059829503791
0.605,0.605,0.1558169554698787,0.605,0.624,0.624,0.1771528613633878,0.624,0.6220006066394046,0.6243912195370168,0.6220006066394046,0.6243912195370168,0.6220006066394046,0.6243912195370168,0.6220006066394046,0.6243912195370168,0.6220006066394046,0.6243912195370168,0.6220006066394046,0.6243912195370168,0.1980127676295938,0.18913738771719596,0.1980127676295938,0.18913738771719596,0.1980127676295938,0.18913738771719596,0.6220006066394046,0.6243912195370168,0.6220006066394046,0.6243912195370168,0.6220006066394046,0.6243912195370168
0.616,0.616,0.1771134683381549,0.616,0.602,0.602,0.1363446982848413,0.602,0.628836533816122,0.6288032093516703,0.628836533816122,0.6288032093516703,0.628836533816122,0.6288032093516703,0.628836533816122,0.6288032093516703,0.628836533816122,0.6288032093516703,0.628836533816122,0.6288032093516703,0.1905893940116027,0.2051811296476239,0.1905893940116027,0.2051811296476239,0.1905893940116027,0.2051811296476239,0.628836533816122,0.6288032093516703,0.628836533816122,0.6288032093516703,0.628836533816122,0.6288032093516703
0.626,0.626,0.207099638318712,0.626,0.602,0.602,0.1431610039225143,0.602,0.6346030535706625,0.6289837448414283,0.6346030535706625,0.6289837448414283,0.6346030535706625,0.6289837448414283,0.6346030535706625,0.6289837448414283,0.6346030535706625,0.6289837448414283,0.6346030535706625,0.6289837448414283,0.21171525900460844,0.19965635847736443,0.21171525900460844,0.19965635847736443,0.21171525900460844,0.19965635847736443,0.6346030535706625,0.6289837448414283,0.6346030535706625,0.6289837448414283,0.6346030535706625,0.6289837448414283
0.606,0.606,0.1618447923757657,0.606,0.613,0.613,0.1841776848354021,0.613,0.6167993660296963,0.6340655677266893,0.6167993660296963,0.6340655677266893,0.6167993660296963,0.6340655677266893,0.6167993660296963,0.6340655677266893,0.6167993660296963,0.6340655677266893,0.6167993660296963,0.6340655677266893,0.20468998405988595,0.2090331242413133,0.20468998405988595,0.2090331242413133,0.20468998405988595,0.2090331242413133,0.6167993660296963,0.6340655677266893,0.6167993660296963,0.6340655677266893,0.6167993660296963,0.6340655677266893
0.607,0.607,0.1740226986128625,0.607,0.608,0.608,0.1828328184346246,0.608,0.6223852128459099,0.6212768356562289,0.6223852128459099,0.6212768356562289,0.6223852128459099,0.6212768356562289,0.6223852128459099,0.6212768356562289,0.6223852128459099,0.6212768356562289,0.6223852128459099,0.6212768356562289,0.21487785522204733,0.20982936962880988,0.21487785522204733,0.20982936962880988,0.21487785522204733,0.20982936962880988,0.6223852128459099,0.6212768356562289,0.6223852128459099,0.6212768356562289,0.6223852128459099,0.6212768356562289
0.591,0.591,0.1411171776564468,0.591,0.606,0.606,0.167554045602826,0.606,0.6324836755804643,0.6303443154184891,0.6324836755804643,0.6303443154184891,0.6324836755804643,0.6303443154184891,0.6324836755804643,0.6303443154184891,0.6324836755804643,0.6303443154184891,0.6324836755804643,0.6303443154184891,0.17366618490393732,0.19332887597177884,0.17366618490393732,0.19332887597177884,0.17366618490393732,0.19332887597177884,0.6324836755804643,0.6303443154184891,0.6324836755804643,0.6303443154184891,0.6324836755804643,0.6303443154184891
0.597,0.597,0.1527632950990615,0.597,0.609,0.609,0.1716382495508626,0.609,0.6208797993084306,0.6271766696627014,0.6208797993084306,0.6271766696627014,0.6208797993084306,0.6271766696627014,0.6208797993084306,0.6271766696627014,0.6208797993084306,0.6271766696627014,0.6208797993084306,0.6271766696627014,0.17426668652106792,0.1658954234113701,0.17426668652106792,0.1658954234113701,0.17426668652106792,0.1658954234113701,0.6208797993084306,0.6271766696627014,0.6208797993084306,0.6271766696627014,0.6208797993084306,0.6271766696627014
0.613,0.613,0.1930371828448462,0.613,0.605,0.605,0.1558169554698787,0.605,0.6211607185842709,0.6228650000303637,0.6211607185842709,0.6228650000303637,0.6211607185842709,0.6228650000303637,0.6211607185842709,0.6228650000303637,0.6211607185842709,0.6228650000303637,0.6211607185842709,0.6228650000303637,0.1417928409280642,0.16682984501715734,0.1417928409280642,0.16682984501715734,0.1417928409280642,0.16682984501715734,0.6211607185842709,0.6228650000303637,0.6211607185842709,0.6228650000303637,0.6211607185842709,0.6228650000303637
0.612,0.612,0.2001715096144332,0.612,0.616,0.616,0.1771134683381549,0.616,0.617072892517065,0.625154606538377,0.617072892517065,0.625154606538377,0.617072892517065,0.625154606538377,0.617072892517065,0.625154606538377,0.617072892517065,0.625154606538377,0.617072892517065,0.625154606538377,0.14275978252825305,0.14741301387275035,0.14275978252825305,0.14741301387275035,0.14275978252825305,0.14741301387275035,0.617072892517065,0.625154606538377,0.617072892517065,0.625154606538377,0.617072892517065,0.625154606538377
0.639,0.639,0.2525075163371625,0.639,0.626,0.626,0.207099638318712,0.626,0.5980458415996148,0.6042471148288449,0.5980458415996148,0.6042471148288449,0.5980458415996148,0.6042471148288449,0.5980458415996148,0.6042471148288449,0.5980458415996148,0.6042471148288449,0.5980458415996148,0.6042471148288449,0.16968836004458052,0.1693812431053598,0.16968836004458052,0.1693812431053598,0.16968836004458052,0.1693812431053598,0.5980458415996148,0.6042471148288449,0.5980458415996148,0.6042471148288449,0.5980458415996148,0.6042471148288449
0.631,0.631,0.2378615510446873,0.631,0.606,0.606,0.1618447923757657,0.606,0.5904156895860347,0.5930535067381151,0.5904156895860347,0.5930535067381151,0.5904156895860347,0.5930535067381151,0.5904156895860347,0.5930535067381151,0.5904156895860347,0.5930535067381151,0.5904156895860347,0.5930535067381151,0.12626683641436093,0.12344539617222607,0.12626683641436093,0.12344539617222607,0.12626683641436093,0.12344539617222607,0.5904156895860347,0.5930535067381151,0.5904156895860347,0.5930535067381151,0.5904156895860347,0.5930535067381151
0.637,0.637,0.2434599929973155,0.637,0.607,0.607,0.1740226986128625,0.607,0.5912426192566079,0.6006132016305669,0.5912426192566079,0.6006132016305669,0.5912426192566079,0.6006132016305669,0.5912426192566079,0.6006132016305669,0.5912426192566079,0.6006132016305669,0.5912426192566079,0.6006132016305669,0.13014086014377813,0.1475365422848371,0.13014086014377813,0.1475365422848371,0.13014086014377813,0.1475365422848371,0.5912426192566079,0.6006132016305669,0.5912426192566079,0.6006132016305669,0.5912426192566079,0.6006132016305669
0.633,0.633,0.2369427811044577,0.633,0.591,0.591,0.1411171776564468,0.591,0.592413315734284,0.6159145058461981,0.592413315734284,0.6159145058461981,0.592413315734284,0.6159145058461981,0.592413315734284,0.6159145058461981,0.592413315734284,0.6159145058461981,0.592413315734284,0.6159145058461981,0.15417253276466195,0.12517727042581206,0.15417253276466195,0.12517727042581206,0.15417253276466195,0.12517727042581206,0.592413315734284,0.6159145058461981,0.592413315734284,0.6159145058461981,0.592413315734284,0.6159145058461981
0.609,0.609,0.1942463833821044,0.609,0.597,0.597,0.1527632950990615,0.597,0.5976025071921356,0.605289672657992,0.5976025071921356,0.605289672657992,0.5976025071921356,0.605289672657992,0.5976025071921356,0.605289672657992,0.5976025071921356,0.605289672657992,0.5976025071921356,0.605289672657992,0.1328993246459154,0.15065059702108854,0.1328993246459154,0.15065059702108854,0.1328993246459154,0.15065059702108854,0.5976025071921356,0.605289672657992,0.5976025071921356,0.605289672657992,0.5976025071921356,0.605289672657992
0.598,0.598,0.1720251605488526,0.598,0.613,0.613,0.1930371828448462,0.613,0.6092487150704615,0.6169263348925931,0.6092487150704615,0.6169263348925931,0.6092487150704615,0.6169263348925931,0.6092487150704615,0.6169263348925931,0.6092487150704615,0.6169263348925931,0.6092487150704615,0.6169263348925931,0.16124461059039466,0.18206147725687116,0.16124461059039466,0.18206147725687116,0.16124461059039466,0.18206147725687116,0.6092487150704615,0.6169263348925931,0.6092487150704615,0.6169263348925931,0.6092487150704615,0.6169263348925931
0.591,0.591,0.1374146905237937,0.591,0.612,0.612,0.2001715096144332,0.612,0.6252083123819633,0.6242135585515607,0.6252083123819633,0.6242135585515607,0.6252083123819633,0.6242135585515607,0.6252083123819633,0.6242135585515607,0.6252083123819633,0.6242135585515607,0.6252083123819633,0.6242135585515607,0.1862897927759035,0.178651736358124,0.1862897927759035,0.178651736358124,0.1862897927759035,0.178651736358124,0.6252083123819633,0.6242135585515607,0.6252083123819633,0.6242135585515607,0.6252083123819633,0.6242135585515607
0.606,0.606,0.1565155958981824,0.606,0.639,0.639,0.2525075163371625,0.639,0.6185754556128557,0.6342699630857329,0.6185754556128557,0.6342699630857329,0.6185754556128557,0.6342699630857329,0.6185754556128557,0.6342699630857329,0.6185754556128557,0.6342699630857329,0.6185754556128557,0.6342699630857329,0.1847103772670072,0.1685235951217956,0.1847103772670072,0.1685235951217956,0.1847103772670072,0.1685235951217956,0.6185754556128557,0.6342699630857329,0.6185754556128557,0.6342699630857329,0.6185754556128557,0.6342699630857329
0.618,0.618,0.178890169036851,0.618,0.631,0.631,0.2378615510446873,0.631,0.6155758909659749,0.6304570447206822,0.6155758909659749,0.6304570447206822,0.6155758909659749,0.6304570447206822,0.6155758909659749,0.6304570447206822,0.6155758909659749,0.6304570447206822,0.6155758909659749,0.6304570447206822,0.17678734949606914,0.18526204158071297,0.17678734949606914,0.18526204158071297,0.17678734949606914,0.18526204158071297,0.6155758909659749,0.6304570447206822,0.6155758909659749,0.6304570447206822,0.6155758909659749,0.6304570447206822
0.619,0.619,0.1975095414219878,0.619,0.637,0.637,0.2434599929973155,0.637,0.6043227849221178,0.6242464554009873,0.6043227849221178,0.6242464554009873,0.6043227849221178,0.6242464554009873,0.6043227849221178,0.6242464554009873,0.6043227849221178,0.6242464554009873,0.6043227849221178,0.6242464554009873,0.1914611165708263,0.19228132806575127,0.1914611165708263,0.19228132806575127,0.1914611165708263,0.19228132806575127,0.6043227849221178,0.6242464554009873,0.6043227849221178,0.6242464554009873,0.6043227849221178,0.6242464554009873
0.621,0.621,0.1897415724571995,0.621,0.633,0.633,0.2369427811044577,0.633,0.5920683980332301,0.6051107032148996,0.5920683980332301,0.6051107032148996,0.5920683980332301,0.6051107032148996,0.5920683980332301,0.6051107032148996,0.5920683980332301,0.6051107032148996,0.5920683980332301,0.6051107032148996,0.16318658559577126,0.1634605685461342,0.16318658559577126,0.1634605685461342,0.16318658559577126,0.1634605685461342,0.5920683980332301,0.6051107032148996,0.5920683980332301,0.6051107032148996,0.5920683980332301,0.6051107032148996
0.626,0.626,0.187172097834922,0.626,0.609,0.609,0.1942463833821044,0.609,0.6321669384645396,0.6200369373493014,0.6321669384645396,0.6200369373493014,0.6321669384645396,0.6200369373493014,0.6321669384645396,0.6200369373493014,0.6321669384645396,0.6200369373493014,0.6321669384645396,0.6200369373493014,0.1831268278975475,0.18238366758999355,0.1831268278975475,0.18238366758999355,0.1831268278975475,0.18238366758999355,0.6321669384645396,0.6200369373493014,0.6321669384645396,0.6200369373493014,0.6321669384645396,0.6200369373493014
0.623,0.623,0.1229131381563028,0.623,0.598,0.598,0.1720251605488526,0.598,0.6446797523096605,0.6138775651850866,0.6446797523096605,0.6138775651850866,0.6446797523096605,0.6138775651850866,0.6446797523096605,0.6138775651850866,0.6446797523096605,0.6138775651850866,0.6446797523096605,0.6138775651850866,0.14310951930675608,0.18969642747288706,0.14310951930675608,0.18969642747288706,0.14310951930675608,0.18969642747288706,0.6446797523096605,0.6138775651850866,0.6446797523096605,0.6138775651850866,0.6446797523096605,0.6138775651850866
0.701,0.701,0.1767621145374449,0.701,0.591,0.591,0.1374146905237937,0.591,0.6657561101410295,0.691009676097163,0.6657561101410295,0.691009676097163,0.6657561101410295,0.691009676097163,0.6657561101410295,0.691009676097163,0.6657561101410295,0.691009676097163,0.6657561101410295,0.691009676097163,0.12310610210458085,0.133234526395613,0.12310610210458085,0.133234526395613,0.12310610210458085,0.133234526395613,0.6657561101410295,0.691009676097163,0.6657561101410295,0.691009676097163,0.6657561101410295,0.691009676097163
0.759,0.759,0.1514084507042253,0.759,0.606,0.606,0.1565155958981824,0.606,0.7613944993036439,0.7379149819831072,0.7613944993036439,0.7379149819831072,0.7613944993036439,0.7379149819831072,0.7613944993036439,0.7379149819831072,0.7613944993036439,0.7379149819831072,0.7613944993036439,0.7379149819831072,0.08527685864471035,0.08923871850692651,0.08527685864471035,0.08923871850692651,0.08527685864471035,0.08923871850692651,0.7613944993036439,0.7379149819831072,0.7613944993036439,0.7379149819831072,0.7613944993036439,0.7379149819831072
0.821,0.821,0.1275102359134335,0.821,0.618,0.618,0.178890169036851,0.618,0.820860555991266,0.796159490671637,0.820860555991266,0.796159490671637,0.820860555991266,0.796159490671637,0.820860555991266,0.796159490671637,0.820860555991266,0.796159490671637,0.820860555991266,0.796159490671637,0.06643872274819146,0.07019470436899067,0.06643872274819146,0.07019470436899067,0.06643872274819146,0.07019470436899067,0.820860555991266,0.796159490671637,0.820860555991266,0.796159490671637,0.820860555991266,0.796159490671637
0.85,0.85,0.0,0.85,0.619,0.619,0.1975095414219878,0.619,0.8260630725782108,0.8312033295980243,0.8260630725782108,0.8312033295980243,0.8260630725782108,0.8312033295980243,0.8260630725782108,0.8312033295980243,0.8260630725782108,0.8312033295980243,0.8260630725782108,0.8312033295980243,0.022229154985648692,0.014350941642427267,0.022229154985648692,0.014350941642427267,0.022229154985648692,0.014350941642427267,0.8260630725782108,0.8312033295980243,0.8260630725782108,0.8312033295980243,0.8260630725782108,0.8312033295980243
0.836,0.836,0.0100802800748477,0.836,0.621,0.621,0.1897415724571995,0.621,0.8324904780623626,0.8310876240943879,0.8324904780623626,0.8310876240943879,0.8324904780623626,0.8310876240943879,0.8324904780623626,0.8310876240943879,0.8324904780623626,0.8310876240943879,0.8324904780623626,0.8310876240943879,0.017066327435501016,0.01095397727938066,0.017066327435501016,0.01095397727938066,0.017066327435501016,0.01095397727938066,0.8324904780623626,0.8310876240943879,0.8324904780623626,0.8310876240943879,0.8324904780623626,0.8310876240943879
0.825,0.825,0.0054331764759372,0.825,0.626,0.626,0.187172097834922,0.626,0.8119524329558238,0.8166595585606147,0.8119524329558238,0.8166595585606147,0.8119524329558238,0.8166595585606147,0.8119524329558238,0.8166595585606147,0.8119524329558238,0.8166595585606147,0.8119524329558238,0.8166595585606147,0.02585945954439752,0.020189772274064616,0.02585945954439752,0.020189772274064616,0.02585945954439752,0.020189772274064616,0.8119524329558238,0.8166595585606147,0.8119524329558238,0.8166595585606147,0.8119524329558238,0.8166595585606147
0.818,0.818,0.0217683418435904,0.818,0.623,0.623,0.1229131381563028,0.623,0.769702437000879,0.8103751773524243,0.769702437000879,0.8103751773524243,0.769702437000879,0.8103751773524243,0.769702437000879,0.8103751773524243,0.769702437000879,0.8103751773524243,0.769702437000879,0.8103751773524243,0.033311690117126376,0.03201031392802426,0.033311690117126376,0.03201031392802426,0.033311690117126376,0.03201031392802426,0.769702437000879,0.8103751773524243,0.769702437000879,0.8103751773524243,0.769702437000879,0.8103751773524243
0.817,0.817,0.0542440153801627,0.817,0.701,0.701,0.1767621145374449,0.701,0.765668337373929,0.8102246946750168,0.765668337373929,0.8102246946750168,0.765668337373929,0.8102246946750168,0.765668337373929,0.8102246946750168,0.765668337373929,0.8102246946750168,0.765668337373929,0.8102246946750168,0.05644299777742027,0.06059850277626896,0.05644299777742027,0.06059850277626896,0.05644299777742027,0.06059850277626896,0.765668337373929,0.8102246946750168,0.765668337373929,0.8102246946750168,0.765668337373929,0.8102246946750168
0.793,0.793,0.0472069816253635,0.793,0.759,0.759,0.1514084507042253,0.759,0.7578718609376115,0.783176253453379,0.7578718609376115,0.783176253453379,0.7578718609376115,0.783176253453379,0.7578718609376115,0.783176253453379,0.7578718609376115,0.783176253453379,0.7578718609376115,0.783176253453379,0.0722762955900434,0.06811202894497843,0.0722762955900434,0.06811202894497843,0.0722762955900434,0.06811202894497843,0.7578718609376115,0.783176253453379,0.7578718609376115,0.783176253453379,0.7578718609376115,0.783176253453379
0.779,0.779,0.0428757037678647,0.779,0.821,0.821,0.1275102359134335,0.821,0.7347963851912739,0.7751792767192608,0.7347963851912739,0.7751792767192608,0.7347963851912739,0.7751792767192608,0.7347963851912739,0.7751792767192608,0.7347963851912739,0.7751792767192608,0.7347963851912739,0.7751792767192608,0.06661925483249366,0.06519150762293384,0.06661925483249366,0.06519150762293384,0.06661925483249366,0.06519150762293384,0.7347963851912739,0.7751792767192608,0.7347963851912739,0.7751792767192608,0.7347963851912739,0.7751792767192608
0.762,0.762,0.0137576661694015,0.762,0.85,0.85,0.0,0.85,0.7176543980011992,0.7295117688840452,0.7176543980011992,0.7295117688840452,0.7176543980011992,0.7295117688840452,0.7176543980011992,0.7295117688840452,0.7176543980011992,0.7295117688840452,0.7176543980011992,0.7295117688840452,0.053924833806031705,0.06874762399073671,0.053924833806031705,0.06874762399073671,0.053924833806031705,0.06874762399073671,0.7176543980011992,0.7295117688840452,0.7176543980011992,0.7295117688840452,0.7176543980011992,0.7295117688840452
0.74,0.74,0.0354151053994493,0.74,0.836,0.836,0.0100802800748477,0.836,0.7088381936677968,0.7371186205248987,0.7088381936677968,0.7371186205248987,0.7088381936677968,0.7371186205248987,0.7088381936677968,0.7371186205248987,0.7088381936677968,0.7371186205248987,0.7088381936677968,0.7371186205248987,0.07015215559011191,0.08034351013870812,0.07015215559011191,0.08034351013870812,0.07015215559011191,0.08034351013870812,0.7088381936677968,0.7371186205248987,0.7088381936677968,0.7371186205248987,0.7088381936677968,0.7371186205248987
0.706,0.706,0.073951580896944,0.706,0.825,0.825,0.0054331764759372,0.825,0.7182722523510447,0.7162106615618347,0.7182722523510447,0.7162106615618347,0.7182722523510447,0.7162106615618347,0.7182722523510447,0.7162106615618347,0.7182722523510447,0.7162106615618347,0.7182722523510447,0.7162106615618347,0.07717442465410992,0.09994749144614293,0.07717442465410992,0.09994749144614293,0.07717442465410992,0.09994749144614293,0.7182722523510447,0.7162106615618347,0.7182722523510447,0.7162106615618347,0.7182722523510447,0.7162106615618347
0.662,0.662,0.1005854177754125,0.662,0.818,0.818,0.0217683418435904,0.818,0.68080655125105,0.7042899660283235,0.68080655125105,0.7042899660283235,0.68080655125105,0.7042899660283235,0.68080655125105,0.7042899660283235,0.68080655125105,0.7042899660283235,0.68080655125105,0.7042899660283235,0.08663250128802988,0.11536596105885936,0.08663250128802988,0.11536596105885936,0.08663250128802988,0.11536596105885936,0.68080655125105,0.7042899660283235,0.68080655125105,0.7042899660283235,0.68080655125105,0.7042899660283235
0.601,0.601,0.0895067362809887,0.601,0.817,0.817,0.0542440153801627,0.817,0.6874338769461695,0.7034824611028568,0.6874338769461695,0.7034824611028568,0.6874338769461695,0.7034824611028568,0.6874338769461695,0.7034824611028568,0.6874338769461695,0.7034824611028568,0.6874338769461695,0.7034824611028568,0.13257454853211714,0.12465587364292822,0.13257454853211714,0.12465587364292822,0.13257454853211714,0.12465587364292822,0.6874338769461695,0.7034824611028568,0.6874338769461695,0.7034824611028568,0.6874338769461695,0.7034824611028568
0.58,0.58,0.0812844518330562,0.58,0.793,0.793,0.0472069816253635,0.793,0.6208719719584731,0.6365203925165539,0.6208719719584731,0.6365203925165539,0.6208719719584731,0.6365203925165539,0.6208719719584731,0.6365203925165539,0.6208719719584731,0.6365203925165539,0.6208719719584731,0.6365203925165539,0.15154106909641427,0.13906036979441166,0.15154106909641427,0.13906036979441166,0.15154106909641427,0.13906036979441166,0.6208719719584731,0.6365203925165539,0.6208719719584731,0.6365203925165539,0.6208719719584731,0.6365203925165539
0.577,0.577,0.0971878361534651,0.577,0.779,0.779,0.0428757037678647,0.779,0.6081978379802311,0.6273956528217175,0.6081978379802311,0.6273956528217175,0.6081978379802311,0.6273956528217175,0.6081978379802311,0.6273956528217175,0.6081978379802311,0.6273956528217175,0.6081978379802311,0.6273956528217175,0.16452939896183635,0.14846931125170937,0.16452939896183635,0.14846931125170937,0.16452939896183635,0.14846931125170937,0.6081978379802311,0.6273956528217175,0.6081978379802311,0.6273956528217175,0.6081978379802311,0.6273956528217175
0.59,0.59,0.1250981597186657,0.59,0.762,0.762,0.0137576661694015,0.762,0.6046886075540913,0.6169747835512854,0.6046886075540913,0.6169747835512854,0.6046886075540913,0.6169747835512854,0.6046886075540913,0.6169747835512854,0.6046886075540913,0.6169747835512854,0.6046886075540913,0.6169747835512854,0.15960996468695687,0.13341172547162364,0.15960996468695687,0.13341172547162364,0.15960996468695687,0.13341172547162364,0.6046886075540913,0.6169747835512854,0.6046886075540913,0.6169747835512854,0.6046886075540913,0.6169747835512854
0.609,0.609,0.1575454623804189,0.609,0.74,0.74,0.0354151053994493,0.74,0.5985295908013317,0.6128640786197892,0.5985295908013317,0.6128640786197892,0.5985295908013317,0.6128640786197892,0.5985295908013317,0.6128640786197892,0.5985295908013317,0.6128640786197892,0.5985295908013317,0.6128640786197892,0.1674042041663927,0.1276417826300418,0.1674042041663927,0.1276417826300418,0.1674042041663927,0.1276417826300418,0.5985295908013317,0.6128640786197892,0.5985295908013317,0.6128640786197892,0.5985295908013317,0.6128640786197892
0.634,0.634,0.2099298434970318,0.634,0.706,0.706,0.073951580896944,0.706,0.6360529778494117,0.606132627365734,0.6360529778494117,0.606132627365734,0.6360529778494117,0.606132627365734,0.6360529778494117,0.606132627365734,0.6360529778494117,0.606132627365734,0.6360529778494117,0.606132627365734,0.17902670892576936,0.19814280538281615,0.17902670892576936,0.19814280538281615,0.17902670892576936,0.19814280538281615,0.6360529778494117,0.606132627365734,0.6360529778494117,0.606132627365734,0.6360529778494117,0.606132627365734
0.616,0.616,0.1837185869828623,0.616,0.662,0.662,0.1005854177754125,0.662,0.6216193192188535,0.6223211989388618,0.6216193192188535,0.6223211989388618,0.6216193192188535,0.6223211989388618,0.6216193192188535,0.6223211989388618,0.6216193192188535,0.6223211989388618,0.6216193192188535,0.6223211989388618,0.20112712839129693,0.20022256025329535,0.20112712839129693,0.20022256025329535,0.20112712839129693,0.20022256025329535,0.6216193192188535,0.6223211989388618,0.6216193192188535,0.6223211989388618,0.6216193192188535,0.6223211989388618
0.615,0.615,0.1868716735659373,0.615,0.601,0.601,0.0895067362809887,0.601,0.6165741105068078,0.6106384410510998,0.6165741105068078,0.6106384410510998,0.6165741105068078,0.6106384410510998,0.6165741105068078,0.6106384410510998,0.6165741105068078,0.6106384410510998,0.6165741105068078,0.6106384410510998,0.20630291439932638,0.20743698993522075,0.20630291439932638,0.20743698993522075,0.20630291439932638,0.20743698993522075,0.6165741105068078,0.6106384410510998,0.6165741105068078,0.6106384410510998,0.6165741105068078,0.6106384410510998
0.62,0.62,0.1992683841657431,0.62,0.58,0.58,0.0812844518330562,0.58,0.6089130433442318,0.6222061370100349,0.6089130433442318,0.6222061370100349,0.6089130433442318,0.6222061370100349,0.6089130433442318,0.6222061370100349,0.6089130433442318,0.6222061370100349,0.6089130433442318,0.6222061370100349,0.20799527868148646,0.20380414059951543,0.20799527868148646,0.20380414059951543,0.20799527868148646,0.20380414059951543,0.6089130433442318,0.6222061370100349,0.6089130433442318,0.6222061370100349,0.6089130433442318,0.6222061370100349
0.626,0.626,0.1914562435143547,0.626,0.577,0.577,0.0971878361534651,0.577,0.5985497798744898,0.5979051228929226,0.5985497798744898,0.5979051228929226,0.5985497798744898,0.5979051228929226,0.5985497798744898,0.5979051228929226,0.5985497798744898,0.5979051228929226,0.5985497798744898,0.5979051228929226,0.20489224213171686,0.18574829593046757,0.20489224213171686,0.18574829593046757,0.20489224213171686,0.18574829593046757,0.5985497798744898,0.5979051228929226,0.5985497798744898,0.5979051228929226,0.5985497798744898,0.5979051228929226
0.646,0.646,0.2353815316560685,0.646,0.59,0.59,0.1250981597186657,0.59,0.6305670245419444,0.6115543063684111,0.6305670245419444,0.6115543063684111,0.6305670245419444,0.6115543063684111,0.6305670245419444,0.6115543063684111,0.6305670245419444,0.6115543063684111,0.6305670245419444,0.6115543063684111,0.1972604678378685,0.1935632615704986,0.1972604678378685,0.1935632615704986,0.1972604678378685,0.1935632615704986,0.6305670245419444,0.6115543063684111,0.6305670245419444,0.6115543063684111,0.6305670245419444,0.6115543063684111
0.63,0.63,0.2145407610887738,0.63,0.609,0.609,0.1575454623804189,0.609,0.6072951808669363,0.6102719642304807,0.6072951808669363,0.6102719642304807,0.6072951808669363,0.6102719642304807,0.6072951808669363,0.6102719642304807,0.6072951808669363,0.6102719642304807,0.6072951808669363,0.6102719642304807,0.16865643356631654,0.17385621931250486,0.16865643356631654,0.17385621931250486,0.16865643356631654,0.17385621931250486,0.6072951808669363,0.6102719642304807,0.6072951808669363,0.6102719642304807,0.6072951808669363,0.6102719642304807
0.637,0.637,0.2357379865590944,0.637,0.634,0.634,0.2099298434970318,0.634,0.6343168970346995,0.6331474618486399,0.6343168970346995,0.6331474618486399,0.6343168970346995,0.6331474618486399,0.6343168970346995,0.6331474618486399,0.6343168970346995,0.6331474618486399,0.6343168970346995,0.6331474618486399,0.1655663824241951,0.1653930012783187,0.1655663824241951,0.1653930012783187,0.1655663824241951,0.1653930012783187,0.6343168970346995,0.6331474618486399,0.6343168970346995,0.6331474618486399,0.6343168970346995,0.6331474618486399
0.634,0.634,0.2269609002737319,0.634,0.616,0.616,0.1837185869828623,0.616,0.6109442751338887,0.6204207804120709,0.6109442751338887,0.6204207804120709,0.6109442751338887,0.6204207804120709,0.6109442751338887,0.6204207804120709,0.6109442751338887,0.6204207804120709,0.6109442751338887,0.6204207804120709,0.15366287539337573,0.14461377740882334,0.15366287539337573,0.14461377740882334,0.15366287539337573,0.14461377740882334,0.6109442751338887,0.6204207804120709,0.6109442751338887,0.6204207804120709,0.6109442751338887,0.6204207804120709
0.631,0.631,0.2225359234756225,0.631,0.615,0.615,0.1868716735659373,0.615,0.61757989652449,0.6054856273419037,0.61757989652449,0.6054856273419037,0.61757989652449,0.6054856273419037,0.61757989652449,0.6054856273419037,0.61757989652449,0.6054856273419037,0.61757989652449,0.6054856273419037,0.15042045293055684,0.14490234533440902,0.15042045293055684,0.14490234533440902,0.15042045293055684,0.14490234533440902,0.61757989652449,0.6054856273419037,0.61757989652449,0.6054856273419037,0.61757989652449,0.6054856273419037
0.606,0.606,0.1722793410167098,0.606,0.62,0.62,0.1992683841657431,0.62,0.6101364285400528,0.5995069816909424,0.6101364285400528,0.5995069816909424,0.6101364285400528,0.5995069816909424,0.6101364285400528,0.5995069816909424,0.6101364285400528,0.5995069816909424,0.6101364285400528,0.5995069816909424,0.1672605261662106,0.16346914482406902,0.1672605261662106,0.16346914482406902,0.1672605261662106,0.16346914482406902,0.6101364285400528,0.5995069816909424,0.6101364285400528,0.5995069816909424,0.6101364285400528,0.5995069816909424
0.614,0.614,0.1917922948073702,0.614,0.626,0.626,0.1914562435143547,0.626,0.6151194007412564,0.6143458983229473,0.6151194007412564,0.6143458983229473,0.6151194007412564,0.6143458983229473,0.6151194007412564,0.6143458983229473,0.6151194007412564,0.6143458983229473,0.6151194007412564,0.6143458983229473,0.16405231576012783,0.1584653156674063,0.16405231576012783,0.1584653156674063,0.16405231576012783,0.1584653156674063,0.6151194007412564,0.6143458983229473,0.6151194007412564,0.6143458983229473,0.6151194007412564,0.6143458983229473
0.619,0.619,0.1996807125152292,0.619,0.646,0.646,0.2353815316560685,0.646,0.6178997123606353,0.5915191334306945,0.6178997123606353,0.5915191334306945,0.6178997123606353,0.5915191334306945,0.6178997123606353,0.5915191334306945,0.6178997123606353,0.5915191334306945,0.6178997123606353,0.5915191334306945,0.17889252904140743,0.18894757130525117,0.17889252904140743,0.18894757130525117,0.17889252904140743,0.18894757130525117,0.6178997123606353,0.5915191334306945,0.6178997123606353,0.5915191334306945,0.6178997123606353,0.5915191334306945
0.614,0.614,0.1917246000502555,0.614,0.63,0.63,0.2145407610887738,0.63,0.6166458827451238,0.6088178824438676,0.6166458827451238,0.6088178824438676,0.6166458827451238,0.6088178824438676,0.6166458827451238,0.6088178824438676,0.6166458827451238,0.6088178824438676,0.6166458827451238,0.6088178824438676,0.15567987061376065,0.14902037867083898,0.15567987061376065,0.14902037867083898,0.15567987061376065,0.14902037867083898,0.6166458827451238,0.6088178824438676,0.6166458827451238,0.6088178824438676,0.6166458827451238,0.6088178824438676
0.638,0.638,0.2428552305735895,0.638,0.637,0.637,0.2357379865590944,0.637,0.629650373706676,0.5941447463806055,0.629650373706676,0.5941447463806055,0.629650373706676,0.5941447463806055,0.629650373706676,0.5941447463806055,0.629650373706676,0.5941447463806055,0.629650373706676,0.5941447463806055,0.18276815184680947,0.18007654190715694,0.18276815184680947,0.18007654190715694,0.18276815184680947,0.18007654190715694,0.629650373706676,0.5941447463806055,0.629650373706676,0.5941447463806055,0.629650373706676,0.5941447463806055
0.625,0.625,0.2257632941603971,0.625,0.634,0.634,0.2269609002737319,0.634,0.5903369507514941,0.6081478878175828,0.5903369507514941,0.6081478878175828,0.5903369507514941,0.6081478878175828,0.5903369507514941,0.6081478878175828,0.5903369507514941,0.6081478878175828,0.5903369507514941,0.6081478878175828,0.17886735128029102,0.16949919484629283,0.17886735128029102,0.16949919484629283,0.17886735128029102,0.16949919484629283,0.5903369507514941,0.6081478878175828,0.5903369507514941,0.6081478878175828,0.5903369507514941,0.6081478878175828
0.626,0.626,0.233983286908078,0.626,0.631,0.631,0.2225359234756225,0.631,0.6087616112134333,0.6083632904845211,0.6087616112134333,0.6083632904845211,0.6087616112134333,0.6083632904845211,0.6087616112134333,0.6083632904845211,0.6087616112134333,0.6083632904845211,0.6087616112134333,0.6083632904845211,0.17283710684257078,0.18679829902611247,0.17283710684257078,0.18679829902611247,0.17283710684257078,0.18679829902611247,0.6087616112134333,0.6083632904845211,0.6087616112134333,0.6083632904845211,0.6087616112134333,0.6083632904845211
0.632,0.632,0.2441638357042216,0.632,0.606,0.606,0.1722793410167098,0.606,0.5937816807112132,0.6245279724677372,0.5937816807112132,0.6245279724677372,0.5937816807112132,0.6245279724677372,0.5937816807112132,0.6245279724677372,0.5937816807112132,0.6245279724677372,0.5937816807112132,0.6245279724677372,0.16683927209046362,0.15265057794048648,0.16683927209046362,0.15265057794048648,0.16683927209046362,0.15265057794048648,0.5937816807112132,0.6245279724677372,0.5937816807112132,0.6245279724677372,0.5937816807112132,0.6245279724677372
0.628,0.628,0.2311380809867887,0.628,0.614,0.614,0.1917922948073702,0.614,0.5973201613062677,0.6204601373038745,0.5973201613062677,0.6204601373038745,0.5973201613062677,0.6204601373038745,0.5973201613062677,0.6204601373038745,0.5973201613062677,0.6204601373038745,0.5973201613062677,0.6204601373038745,0.1723313391113199,0.1494451229030998,0.1723313391113199,0.1494451229030998,0.1723313391113199,0.1494451229030998,0.5973201613062677,0.6204601373038745,0.5973201613062677,0.6204601373038745,0.5973201613062677,0.6204601373038745
0.616,0.616,0.1977537103890895,0.616,0.619,0.619,0.1996807125152292,0.619,0.6067399421514718,0.6113538637328755,0.6067399421514718,0.6113538637328755,0.6067399421514718,0.6113538637328755,0.6067399421514718,0.6113538637328755,0.6067399421514718,0.6113538637328755,0.6067399421514718,0.6113538637328755,0.17700093730015293,0.16377087507705598,0.17700093730015293,0.16377087507705598,0.17700093730015293,0.16377087507705598,0.6067399421514718,0.6113538637328755,0.6067399421514718,0.6113538637328755,0.6067399421514718,0.6113538637328755
0.64,0.64,0.2538272444254676,0.64,0.614,0.614,0.1917246000502555,0.614,0.5969931879075087,0.6080834458861026,0.5969931879075087,0.6080834458861026,0.5969931879075087,0.6080834458861026,0.5969931879075087,0.6080834458861026,0.5969931879075087,0.6080834458861026,0.5969931879075087,0.6080834458861026,0.18767049457570345,0.1904096791107822,0.18767049457570345,0.1904096791107822,0.18767049457570345,0.1904096791107822,0.5969931879075087,0.6080834458861026,0.5969931879075087,0.6080834458861026,0.5969931879075087,0.6080834458861026
0.633,0.633,0.2430180273091045,0.633,0.638,0.638,0.2428552305735895,0.638,0.619057890205772,0.6130597195099077,0.619057890205772,0.6130597195099077,0.619057890205772,0.6130597195099077,0.619057890205772,0.6130597195099077,0.619057890205772,0.6130597195099077,0.619057890205772,0.6130597195099077,0.19558265188396534,0.19930068830285294,0.19558265188396534,0.19930068830285294,0.19558265188396534,0.19930068830285294,0.619057890205772,0.6130597195099077,0.619057890205772,0.6130597195099077,0.619057890205772,0.6130597195099077
0.634,0.634,0.2476349837398708,0.634,0.625,0.625,0.2257632941603971,0.625,0.5840318025134086,0.5977665934987827,0.5840318025134086,0.5977665934987827,0.5840318025134086,0.5977665934987827,0.5840318025134086,0.5977665934987827,0.5840318025134086,0.5977665934987827,0.5840318025134086,0.5977665934987827,0.17489452543448053,0.18784770303137258,0.17489452543448053,0.18784770303137258,0.17489452543448053,0.18784770303137258,0.5840318025134086,0.5977665934987827,0.5840318025134086,0.5977665934987827,0.5840318025134086,0.5977665934987827
0.623,0.623,0.2348657666360883,0.623,0.626,0.626,0.233983286908078,0.626,0.6137565744014959,0.5854542593503408,0.6137565744014959,0.5854542593503408,0.6137565744014959,0.5854542593503408,0.6137565744014959,0.5854542593503408,0.6137565744014959,0.5854542593503408,0.6137565744014959,0.5854542593503408,0.17687216035305772,0.1705325521664362,0.17687216035305772,0.1705325521664362,0.17687216035305772,0.1705325521664362,0.6137565744014959,0.5854542593503408,0.6137565744014959,0.5854542593503408,0.6137565744014959,0.5854542593503408
0.625,0.625,0.2399798949348207,0.625,0.632,0.632,0.2441638357042216,0.632,0.5960077824226541,0.587357210692513,0.5960077824226541,0.587357210692513,0.5960077824226541,0.587357210692513,0.5960077824226541,0.587357210692513,0.5960077824226541,0.587357210692513,0.5960077824226541,0.587357210692513,0.16387016527159706,0.15572098389980096,0.16387016527159706,0.15572098389980096,0.16387016527159706,0.15572098389980096,0.5960077824226541,0.587357210692513,0.5960077824226541,0.587357210692513,0.5960077824226541,0.587357210692513
0.62,0.62,0.2390594775142075,0.62,0.628,0.628,0.2311380809867887,0.628,0.607222371699914,0.6182893968237113,0.607222371699914,0.6182893968237113,0.607222371699914,0.6182893968237113,0.607222371699914,0.6182893968237113,0.607222371699914,0.6182893968237113,0.607222371699914,0.6182893968237113,0.15919712645664033,0.16424503632505416,0.15919712645664033,0.16424503632505416,0.15919712645664033,0.16424503632505416,0.607222371699914,0.6182893968237113,0.607222371699914,0.6182893968237113,0.607222371699914,0.6182893968237113
0.628,0.628,0.258854890960022,0.628,0.616,0.616,0.1977537103890895,0.616,0.5796450160491737,0.6071339258371599,0.5796450160491737,0.6071339258371599,0.5796450160491737,0.6071339258371599,0.5796450160491737,0.6071339258371599,0.5796450160491737,0.6071339258371599,0.5796450160491737,0.6071339258371599,0.18638753579055786,0.17872886522395218,0.18638753579055786,0.17872886522395218,0.18638753579055786,0.17872886522395218,0.5796450160491737,0.6071339258371599,0.5796450160491737,0.6071339258371599,0.5796450160491737,0.6071339258371599
0.621,0.621,0.242266722113816,0.621,0.64,0.64,0.2538272444254676,0.64,0.6246893126394026,0.6489962521773993,0.6246893126394026,0.6489962521773993,0.6246893126394026,0.6489962521773993,0.6246893126394026,0.6489962521773993,0.6246893126394026,0.6489962521773993,0.6246893126394026,0.6489962521773993,0.19990387917884797,0.17749814273093692,0.19990387917884797,0.17749814273093692,0.19990387917884797,0.17749814273093692,0.6246893126394026,0.6489962521773993,0.6246893126394026,0.6489962521773993,0.6246893126394026,0.6489962521773993
0.624,0.624,0.2416511030346056,0.624,0.633,0.633,0.2430180273091045,0.633,0.6207619248970454,0.6269525631403537,0.6207619248970454,0.6269525631403537,0.6207619248970454,0.6269525631403537,0.6207619248970454,0.6269525631403537,0.6207619248970454,0.6269525631403537,0.6207619248970454,0.6269525631403537,0.23943357567752263,0.23078438504223056,0.23943357567752263,0.23078438504223056,0.23943357567752263,0.23078438504223056,0.6207619248970454,0.6269525631403537,0.6207619248970454,0.6269525631403537,0.6207619248970454,0.6269525631403537
0.62,0.62,0.2295308653990422,0.62,0.634,0.634,0.2476349837398708,0.634,0.6414993518101354,0.6297575239178077,0.6414993518101354,0.6297575239178077,0.6414993518101354,0.6297575239178077,0.6414993518101354,0.6297575239178077,0.6414993518101354,0.6297575239178077,0.6414993518101354,0.6297575239178077,0.2090840648095188,0.20581588836971,0.2090840648095188,0.20581588836971,0.2090840648095188,0.20581588836971,0.6414993518101354,0.6297575239178077,0.6414993518101354,0.6297575239178077,0.6414993518101354,0.6297575239178077
0.608,0.608,0.2027983405189946,0.608,0.623,0.623,0.2348657666360883,0.623,0.6447326154085802,0.6298674366611916,0.6447326154085802,0.6298674366611916,0.6447326154085802,0.6298674366611916,0.6447326154085802,0.6298674366611916,0.6447326154085802,0.6298674366611916,0.6447326154085802,0.6298674366611916,0.2337395588254132,0.23210674164325068,0.2337395588254132,0.23210674164325068,0.2337395588254132,0.23210674164325068,0.6447326154085802,0.6298674366611916,0.6447326154085802,0.6298674366611916,0.6447326154085802,0.6298674366611916
0.612,0.612,0.2169968195540917,0.612,0.625,0.625,0.2399798949348207,0.625,0.6301045016760329,0.6531016503954972,0.6301045016760329,0.6531016503954972,0.6301045016760329,0.6531016503954972,0.6301045016760329,0.6531016503954972,0.6301045016760329,0.6531016503954972,0.6301045016760329,0.6531016503954972,0.2050391559412713,0.1951879859924915,0.2050391559412713,0.1951879859924915,0.2050391559412713,0.1951879859924915,0.6301045016760329,0.6531016503954972,0.6301045016760329,0.6531016503954972,0.6301045016760329,0.6531016503954972
0.606,0.606,0.2082375448129512,0.606,0.62,0.62,0.2390594775142075,0.62,0.6200007115583378,0.6453879716761208,0.6200007115583378,0.6453879716761208,0.6200007115583378,0.6453879716761208,0.6200007115583378,0.6453879716761208,0.6200007115583378,0.6453879716761208,0.6200007115583378,0.6453879716761208,0.1896384569661485,0.1690366280496536,0.1896384569661485,0.1690366280496536,0.1896384569661485,0.1690366280496536,0.6200007115583378,0.6453879716761208,0.6200007115583378,0.6453879716761208,0.6200007115583378,0.6453879716761208
0.619,0.619,0.2381767429956249,0.619,0.628,0.628,0.258854890960022,0.628,0.591419675792181,0.5871356630465168,0.591419675792181,0.5871356630465168,0.591419675792181,0.5871356630465168,0.591419675792181,0.5871356630465168,0.591419675792181,0.5871356630465168,0.591419675792181,0.5871356630465168,0.18303257892899258,0.15959371841462133,0.18303257892899258,0.15959371841462133,0.18303257892899258,0.15959371841462133,0.591419675792181,0.5871356630465168,0.591419675792181,0.5871356630465168,0.591419675792181,0.5871356630465168
0.619,0.619,0.2365953354171676,0.619,0.621,0.621,0.242266722113816,0.621,0.5985876184031,0.5978102288676398,0.5985876184031,0.5978102288676398,0.5985876184031,0.5978102288676398,0.5985876184031,0.5978102288676398,0.5985876184031,0.5978102288676398,0.5985876184031,0.5978102288676398,0.17010256734758575,0.13234232433366047,0.17010256734758575,0.13234232433366047,0.17010256734758575,0.13234232433366047,0.5985876184031,0.5978102288676398,0.5985876184031,0.5978102288676398,0.5985876184031,0.5978102288676398
0.62,0.62,0.2377161977283942,0.62,0.624,0.624,0.2416511030346056,0.624,0.5891206933546372,0.5897977573651295,0.5891206933546372,0.5897977573651295,0.5891206933546372,0.5897977573651295,0.5891206933546372,0.5897977573651295,0.5891206933546372,0.5897977573651295,0.5891206933546372,0.5897977573651295,0.19848478849339846,0.15215854722095865,0.19848478849339846,0.15215854722095865,0.19848478849339846,0.15215854722095865,0.5891206933546372,0.5897977573651295,0.5891206933546372,0.5897977573651295,0.5891206933546372,0.5897977573651295
0.617,0.617,0.2261438119792129,0.617,0.62,0.62,0.2295308653990422,0.62,0.6277826482885837,0.59789435906432,0.6277826482885837,0.59789435906432,0.6277826482885837,0.59789435906432,0.6277826482885837,0.59789435906432,0.6277826482885837,0.59789435906432,0.6277826482885837,0.59789435906432,0.20110553937961279,0.17032282747031788,0.20110553937961279,0.17032282747031788,0.20110553937961279,0.17032282747031788,0.6277826482885837,0.59789435906432,0.6277826482885837,0.59789435906432,0.6277826482885837,0.59789435906432
0.611,0.611,0.2196401919404279,0.611,0.608,0.608,0.2027983405189946,0.608,0.6145281330509237,0.5933344063337647,0.6145281330509237,0.5933344063337647,0.6145281330509237,0.5933344063337647,0.6145281330509237,0.5933344063337647,0.6145281330509237,0.5933344063337647,0.6145281330509237,0.5933344063337647,0.18566257369133501,0.19115331859519194,0.18566257369133501,0.19115331859519194,0.18566257369133501,0.19115331859519194,0.6145281330509237,0.5933344063337647,0.6145281330509237,0.5933344063337647,0.6145281330509237,0.5933344063337647
0.595,0.595,0.18591655745218,0.595,0.612,0.612,0.2169968195540917,0.612,0.624998838292331,0.6048232179320956,0.624998838292331,0.6048232179320956,0.624998838292331,0.6048232179320956,0.624998838292331,0.6048232179320956,0.624998838292331,0.6048232179320956,0.624998838292331,0.6048232179320956,0.19926710085462987,0.19187396235116708,0.19926710085462987,0.19187396235116708,0.19926710085462987,0.19187396235116708,0.624998838292331,0.6048232179320956,0.624998838292331,0.6048232179320956,0.624998838292331,0.6048232179320956
0.614,0.614,0.2220721900884742,0.614,0.606,0.606,0.2082375448129512,0.606,0.6298442412840062,0.6196651395485144,0.6298442412840062,0.6196651395485144,0.6298442412840062,0.6196651395485144,0.6298442412840062,0.6196651395485144,0.6298442412840062,0.6196651395485144,0.6298442412840062,0.6196651395485144,0.1797074197737829,0.1831747405902505,0.1797074197737829,0.1831747405902505,0.1797074197737829,0.1831747405902505,0.6298442412840062,0.6196651395485144,0.6298442412840062,0.6196651395485144,0.6298442412840062,0.6196651395485144
0.615,0.615,0.1970869898895525,0.615,0.619,0.619,0.2381767429956249,0.619,0.6565372654613191,0.6089408278175882,0.6565372654613191,0.6089408278175882,0.6565372654613191,0.6089408278175882,0.6565372654613191,0.6089408278175882,0.6565372654613191,0.6089408278175882,0.6565372654613191,0.6089408278175882,0.15452413805145285,0.1845272097451586,0.15452413805145285,0.1845272097451586,0.15452413805145285,0.1845272097451586,0.6565372654613191,0.6089408278175882,0.6565372654613191,0.6089408278175882,0.6565372654613191,0.6089408278175882
0.662,0.662,0.2183452971212907,0.662,0.619,0.619,0.2365953354171676,0.619,0.6752093259089602,0.6998553301281927,0.6752093259089602,0.6998553301281927,0.6752093259089602,0.6998553301281927,0.6752093259089602,0.6998553301281927,0.6752093259089602,0.6998553301281927,0.6752093259089602,0.6998553301281927,0.16252827401378425,0.13682253894826302,0.16252827401378425,0.13682253894826302,0.16252827401378425,0.13682253894826302,0.6752093259089602,0.6998553301281927,0.6752093259089602,0.6998553301281927,0.6752093259089602,0.6998553301281927
0.718,0.718,0.1973266994187734,0.718,0.62,0.62,0.2377161977283942,0.62,0.7579786946959507,0.7360666238285444,0.7579786946959507,0.7360666238285444,0.7579786946959507,0.7360666238285444,0.7579786946959507,0.7360666238285444,0.7579786946959507,0.7360666238285444,0.7579786946959507,0.7360666238285444,0.09499066205669546,0.09534926033807481,0.09499066205669546,0.09534926033807481,0.09499066205669546,0.09534926033807481,0.7579786946959507,0.7360666238285444,0.7579786946959507,0.7360666238285444,0.7579786946959507,0.7360666238285444
0.777,0.777,0.1049496684701463,0.777,0.617,0.617,0.2261438119792129,0.617,0.820860555991266,0.7927963650162347,0.820860555991266,0.7927963650162347,0.820860555991266,0.7927963650162347,0.820860555991266,0.7927963650162347,0.820860555991266,0.7927963650162347,0.820860555991266,0.7927963650162347,0.06293391173179816,0.07192272609340875,0.06293391173179816,0.07192272609340875,0.06293391173179816,0.07192272609340875,0.820860555991266,0.7927963650162347,0.820860555991266,0.7927963650162347,0.820860555991266,0.7927963650162347
0.822,0.822,0.0,0.822,0.611,0.611,0.2196401919404279,0.611,0.8259339337325093,0.8312033295980243,0.8259339337325093,0.8312033295980243,0.8259339337325093,0.8312033295980243,0.8259339337325093,0.8312033295980243,0.8259339337325093,0.8312033295980243,0.8259339337325093,0.8312033295980243,0.0203430653965483,0.010629955403977022,0.0203430653965483,0.010629955403977022,0.0203430653965483,0.010629955403977022,0.8259339337325093,0.8312033295980243,0.8259339337325093,0.8312033295980243,0.8259339337325093,0.8312033295980243
0.826,0.826,-0.0019924677807594,0.826,0.595,0.595,0.18591655745218,0.595,0.8251614296921168,0.8312033295980243,0.8251614296921168,0.8312033295980243,0.8251614296921168,0.8312033295980243,0.8251614296921168,0.8312033295980243,0.8251614296921168,0.8312033295980243,0.8251614296921168,0.8312033295980243,0.02168695315278229,0.01095397727938066,0.02168695315278229,0.01095397727938066,0.02168695315278229,0.01095397727938066,0.8251614296921168,0.8312033295980243,0.8251614296921168,0.8312033295980243,0.8251614296921168,0.8312033295980243
0.817,0.817,0.0049372512343128,0.817,0.614,0.614,0.2220721900884742,0.614,0.8110840404142238,0.8166595585606147,0.8110840404142238,0.8166595585606147,0.8110840404142238,0.8166595585606147,0.8110840404142238,0.8166595585606147,0.8110840404142238,0.8166595585606147,0.8110840404142238,0.8166595585606147,0.025826595212716092,0.01920519058141311,0.025826595212716092,0.01920519058141311,0.025826595212716092,0.01920519058141311,0.8110840404142238,0.8166595585606147,0.8110840404142238,0.8166595585606147,0.8110840404142238,0.8166595585606147
0.792,0.792,-0.0092677956232714,0.792,0.615,0.615,0.1970869898895525,0.615,0.7680995324916422,0.8103751773524243,0.7680995324916422,0.8103751773524243,0.7680995324916422,0.8103751773524243,0.7680995324916422,0.8103751773524243,0.7680995324916422,0.8103751773524243,0.7680995324916422,0.8103751773524243,0.027947508591091515,0.025065747089186546,0.027947508591091515,0.025065747089186546,0.027947508591091515,0.025065747089186546,0.7680995324916422,0.8103751773524243,0.7680995324916422,0.8103751773524243,0.7680995324916422,0.8103751773524243
0.757,0.757,-0.0137672090112641,0.757,0.662,0.662,0.2183452971212907,0.662,0.762679801518971,0.8093214119712432,0.762679801518971,0.8093214119712432,0.762679801518971,0.8093214119712432,0.762679801518971,0.8093214119712432,0.762679801518971,0.8093214119712432,0.762679801518971,0.8093214119712432,0.057626179601089886,0.065811339560907,0.057626179601089886,0.065811339560907,0.057626179601089886,0.065811339560907,0.762679801518971,0.8093214119712432,0.762679801518971,0.8093214119712432,0.762679801518971,0.8093214119712432
0.745,0.745,-0.0200816065285223,0.745,0.718,0.718,0.1973266994187734,0.718,0.7585765915454257,0.7913771024277407,0.7585765915454257,0.7913771024277407,0.7585765915454257,0.7913771024277407,0.7585765915454257,0.7913771024277407,0.7585765915454257,0.7913771024277407,0.7585765915454257,0.7913771024277407,0.0717398905417456,0.07153686784423575,0.0717398905417456,0.07153686784423575,0.0717398905417456,0.07153686784423575,0.7585765915454257,0.7913771024277407,0.7585765915454257,0.7913771024277407,0.7585765915454257,0.7913771024277407
0.723,0.723,-0.0294030205731952,0.723,0.777,0.777,0.1049496684701463,0.777,0.7439959193065836,0.7892088557853316,0.7439959193065836,0.7892088557853316,0.7439959193065836,0.7892088557853316,0.7439959193065836,0.7892088557853316,0.7439959193065836,0.7892088557853316,0.7439959193065836,0.7892088557853316,0.0617677520042273,0.056045808470426714,0.0617677520042273,0.056045808470426714,0.0617677520042273,0.056045808470426714,0.7439959193065836,0.7892088557853316,0.7439959193065836,0.7892088557853316,0.7439959193065836,0.7892088557853316
0.726,0.726,-0.0081164411282075,0.726,0.822,0.822,0.0,0.822,0.7230048890836156,0.7804896397023167,0.7230048890836156,0.7804896397023167,0.7230048890836156,0.7804896397023167,0.7230048890836156,0.7804896397023167,0.7230048890836156,0.7804896397023167,0.7230048890836156,0.7804896397023167,0.0576715854411719,0.0561574047379169,0.0576715854411719,0.0561574047379169,0.0576715854411719,0.0561574047379169,0.7230048890836156,0.7804896397023167,0.7230048890836156,0.7804896397023167,0.7230048890836156,0.7804896397023167
0.712,0.712,-0.0109164940854364,0.712,0.826,0.826,-0.0019924677807594,0.826,0.7195326424845532,0.7786699650737825,0.7195326424845532,0.7786699650737825,0.7195326424845532,0.7786699650737825,0.7195326424845532,0.7786699650737825,0.7195326424845532,0.7786699650737825,0.7195326424845532,0.7786699650737825,0.0629367795244617,0.061873424394735525,0.0629367795244617,0.061873424394735525,0.0629367795244617,0.061873424394735525,0.7195326424845532,0.7786699650737825,0.7195326424845532,0.7786699650737825,0.7195326424845532,0.7786699650737825
0.668,0.668,0.0297163966238807,0.668,0.817,0.817,0.0049372512343128,0.817,0.7273669997819564,0.7287848191405932,0.7273669997819564,0.7287848191405932,0.7273669997819564,0.7287848191405932,0.7273669997819564,0.7287848191405932,0.7273669997819564,0.7287848191405932,0.7273669997819564,0.7287848191405932,0.07686989967326166,0.08896967833929448,0.07686989967326166,0.08896967833929448,0.07686989967326166,0.08896967833929448,0.7273669997819564,0.7287848191405932,0.7273669997819564,0.7287848191405932,0.7273669997819564,0.7287848191405932
0.647,0.647,0.0862497411472353,0.647,0.792,0.792,-0.0092677956232714,0.792,0.6793656765322237,0.7091025333455,0.6793656765322237,0.7091025333455,0.6793656765322237,0.7091025333455,0.6793656765322237,0.7091025333455,0.6793656765322237,0.7091025333455,0.6793656765322237,0.7091025333455,0.07579376087391218,0.10707275520637816,0.07579376087391218,0.10707275520637816,0.07579376087391218,0.10707275520637816,0.6793656765322237,0.7091025333455,0.6793656765322237,0.7091025333455,0.6793656765322237,0.7091025333455
0.6,0.6,0.0859858784818224,0.6,0.757,0.757,-0.0137672090112641,0.757,0.6817815347378632,0.7053926284676774,0.6817815347378632,0.7053926284676774,0.6817815347378632,0.7053926284676774,0.6817815347378632,0.7053926284676774,0.6817815347378632,0.7053926284676774,0.6817815347378632,0.7053926284676774,0.14068771599619395,0.12768260490982633,0.14068771599619395,0.12768260490982633,0.14068771599619395,0.12768260490982633,0.6817815347378632,0.7053926284676774,0.6817815347378632,0.7053926284676774,0.6817815347378632,0.7053926284676774
0.62,0.62,0.162083853355854,0.62,0.745,0.745,-0.0200816065285223,0.745,0.6554758769516625,0.6394659784659988,0.6554758769516625,0.6394659784659988,0.6554758769516625,0.6394659784659988,0.6554758769516625,0.6394659784659988,0.6554758769516625,0.6394659784659988,0.6554758769516625,0.6394659784659988,0.14884469289246477,0.1394195788445867,0.14884469289246477,0.1394195788445867,0.14884469289246477,0.1394195788445867,0.6554758769516625,0.6394659784659988,0.6554758769516625,0.6394659784659988,0.6554758769516625,0.6394659784659988
0.608,0.608,0.1787067144916363,0.608,0.723,0.723,-0.0294030205731952,0.723,0.606443229268689,0.6515887426679638,0.606443229268689,0.6515887426679638,0.606443229268689,0.6515887426679638,0.606443229268689,0.6515887426679638,0.606443229268689,0.6515887426679638,0.606443229268689,0.6515887426679638,0.14811092225633807,0.14263619428665217,0.14811092225633807,0.14263619428665217,0.14811092225633807,0.14263619428665217,0.606443229268689,0.6515887426679638,0.606443229268689,0.6515887426679638,0.606443229268689,0.6515887426679638
0.613,0.613,0.1937164048502021,0.613,0.726,0.726,-0.0081164411282075,0.726,0.6166708106852932,0.63413974391119,0.6166708106852932,0.63413974391119,0.6166708106852932,0.63413974391119,0.6166708106852932,0.63413974391119,0.6166708106852932,0.63413974391119,0.6166708106852932,0.63413974391119,0.16686116196391187,0.13879490389128257,0.16686116196391187,0.13879490389128257,0.16686116196391187,0.13879490389128257,0.6166708106852932,0.63413974391119,0.6166708106852932,0.63413974391119,0.6166708106852932,0.63413974391119
0.602,0.602,0.169393615600374,0.602,0.712,0.712,-0.0109164940854364,0.712,0.5980112342032473,0.6142399162586568,0.5980112342032473,0.6142399162586568,0.5980112342032473,0.6142399162586568,0.5980112342032473,0.6142399162586568,0.5980112342032473,0.6142399162586568,0.5980112342032473,0.6142399162586568,0.1665415382479729,0.1251074029385466,0.1665415382479729,0.1251074029385466,0.1665415382479729,0.1251074029385466,0.5980112342032473,0.6142399162586568,0.5980112342032473,0.6142399162586568,0.5980112342032473,0.6142399162586568
0.606,0.606,0.1649711766700575,0.606,0.668,0.668,0.0297163966238807,0.668,0.6013752678228586,0.6324829053686676,0.6013752678228586,0.6324829053686676,0.6013752678228586,0.6324829053686676,0.6013752678228586,0.6324829053686676,0.6013752678228586,0.6324829053686676,0.6013752678228586,0.6324829053686676,0.1860032909691774,0.13930183841892832,0.1860032909691774,0.13930183841892832,0.1860032909691774,0.13930183841892832,0.6013752678228586,0.6324829053686676,0.6013752678228586,0.6324829053686676,0.6013752678228586,0.6324829053686676
0.589,0.589,0.147939298449291,0.589,0.647,0.647,0.0862497411472353,0.647,0.6188782308121393,0.617533443621814,0.6188782308121393,0.617533443621814,0.6188782308121393,0.617533443621814,0.6188782308121393,0.617533443621814,0.6188782308121393,0.617533443621814,0.6188782308121393,0.617533443621814,0.20025693090788937,0.21472425612190088,0.20025693090788937,0.21472425612190088,0.20025693090788937,0.21472425612190088,0.6188782308121393,0.617533443621814,0.6188782308121393,0.617533443621814,0.6188782308121393,0.617533443621814
0.603,0.603,0.1670722905721815,0.603,0.6,0.6,0.0859858784818224,0.6,0.597971980147752,0.6140962020610945,0.597971980147752,0.6140962020610945,0.597971980147752,0.6140962020610945,0.597971980147752,0.6140962020610945,0.597971980147752,0.6140962020610945,0.597971980147752,0.6140962020610945,0.2033776601151822,0.20266746130976424,0.2033776601151822,0.20266746130976424,0.2033776601151822,0.20266746130976424,0.597971980147752,0.6140962020610945,0.597971980147752,0.6140962020610945,0.597971980147752,0.6140962020610945
0.598,0.598,0.1631938517645785,0.598,0.62,0.62,0.162083853355854,0.62,0.5949377822481555,0.617819550907424,0.5949377822481555,0.617819550907424,0.5949377822481555,0.617819550907424,0.5949377822481555,0.617819550907424,0.5949377822481555,0.617819550907424,0.5949377822481555,0.617819550907424,0.20216313686166082,0.20328655701684153,0.20216313686166082,0.20328655701684153,0.20216313686166082,0.20328655701684153,0.5949377822481555,0.617819550907424,0.5949377822481555,0.617819550907424,0.5949377822481555,0.617819550907424
0.622,0.622,0.1960730935447646,0.622,0.608,0.608,0.1787067144916363,0.608,0.6055881459964488,0.5982726774222361,0.6055881459964488,0.5982726774222361,0.6055881459964488,0.5982726774222361,0.6055881459964488,0.5982726774222361,0.6055881459964488,0.5982726774222361,0.6055881459964488,0.5982726774222361,0.19942697735441692,0.19529544812574934,0.19942697735441692,0.19529544812574934,0.19942697735441692,0.19529544812574934,0.6055881459964488,0.5982726774222361,0.6055881459964488,0.5982726774222361,0.6055881459964488,0.5982726774222361
0.63,0.63,0.2188786475200452,0.63,0.613,0.613,0.1937164048502021,0.613,0.6327089425722187,0.6222637550093415,0.6327089425722187,0.6222637550093415,0.6327089425722187,0.6222637550093415,0.6327089425722187,0.6222637550093415,0.6327089425722187,0.6222637550093415,0.6327089425722187,0.6222637550093415,0.1971679267397293,0.1974431803355621,0.1971679267397293,0.1974431803355621,0.1971679267397293,0.1974431803355621,0.6327089425722187,0.6222637550093415,0.6327089425722187,0.6222637550093415,0.6327089425722187,0.6222637550093415
0.626,0.626,0.2221136046922773,0.626,0.602,0.602,0.169393615600374,0.602,0.6131453314537589,0.62761639987977,0.6131453314537589,0.62761639987977,0.6131453314537589,0.62761639987977,0.6131453314537589,0.62761639987977,0.6131453314537589,0.62761639987977,0.6131453314537589,0.62761639987977,0.17645700269950282,0.1859938739789875,0.17645700269950282,0.1859938739789875,0.17645700269950282,0.1859938739789875,0.6131453314537589,0.62761639987977,0.6131453314537589,0.62761639987977,0.6131453314537589,0.62761639987977
0.621,0.621,0.2172009253139458,0.621,0.606,0.606,0.1649711766700575,0.606,0.6492912988321382,0.6323517810543081,0.6492912988321382,0.6323517810543081,0.6492912988321382,0.6323517810543081,0.6492912988321382,0.6323517810543081,0.6492912988321382,0.6323517810543081,0.6492912988321382,0.6323517810543081,0.16166028375635957,0.16069703956588144,0.16166028375635957,0.16069703956588144,0.16166028375635957,0.16069703956588144,0.6492912988321382,0.6323517810543081,0.6492912988321382,0.6323517810543081,0.6492912988321382,0.6323517810543081
0.597,0.597,0.1685372858416135,0.597,0.589,0.589,0.147939298449291,0.589,0.6149837415756699,0.6239219475676682,0.6149837415756699,0.6239219475676682,0.6149837415756699,0.6239219475676682,0.6149837415756699,0.6239219475676682,0.6149837415756699,0.6239219475676682,0.6149837415756699,0.6239219475676682,0.15709674199875445,0.1429518445580292,0.15709674199875445,0.1429518445580292,0.15709674199875445,0.1429518445580292,0.6149837415756699,0.6239219475676682,0.6149837415756699,0.6239219475676682,0.6149837415756699,0.6239219475676682
0.602,0.602,0.1815414987250143,0.602,0.603,0.603,0.1670722905721815,0.603,0.6473058864099103,0.6351566074586095,0.6473058864099103,0.6351566074586095,0.6473058864099103,0.6351566074586095,0.6473058864099103,0.6351566074586095,0.6473058864099103,0.6351566074586095,0.6473058864099103,0.6351566074586095,0.13867451389111984,0.15206943064633127,0.13867451389111984,0.15206943064633127,0.13867451389111984,0.15206943064633127,0.6473058864099103,0.6351566074586095,0.6473058864099103,0.6351566074586095,0.6473058864099103,0.6351566074586095
0.609,0.609,0.2042364740552597,0.609,0.598,0.598,0.1631938517645785,0.598,0.6178512146406241,0.6320861669742919,0.6178512146406241,0.6320861669742919,0.6178512146406241,0.6320861669742919,0.6178512146406241,0.6320861669742919,0.6178512146406241,0.6320861669742919,0.6178512146406241,0.6320861669742919,0.1508805632639659,0.1627233937959874,0.1508805632639659,0.1627233937959874,0.1508805632639659,0.1627233937959874,0.6178512146406241,0.6320861669742919,0.6178512146406241,0.6320861669742919,0.6178512146406241,0.6320861669742919
0.622,0.622,0.2237332270929426,0.622,0.622,0.622,0.1960730935447646,0.622,0.605829159038188,0.6120647927928934,0.605829159038188,0.6120647927928934,0.605829159038188,0.6120647927928934,0.605829159038188,0.6120647927928934,0.605829159038188,0.6120647927928934,0.605829159038188,0.6120647927928934,0.16032485046494604,0.16014008936874446,0.16032485046494604,0.16014008936874446,0.16032485046494604,0.16014008936874446,0.605829159038188,0.6120647927928934,0.605829159038188,0.6120647927928934,0.605829159038188,0.6120647927928934
0.611,0.611,0.1967257799400332,0.611,0.63,0.63,0.2188786475200452,0.63,0.613354799363728,0.6046090066098914,0.613354799363728,0.6046090066098914,0.613354799363728,0.6046090066098914,0.613354799363728,0.6046090066098914,0.613354799363728,0.6046090066098914,0.613354799363728,0.6046090066098914,0.18351859107489818,0.20193323200860766,0.18351859107489818,0.20193323200860766,0.18351859107489818,0.20193323200860766,0.613354799363728,0.6046090066098914,0.613354799363728,0.6046090066098914,0.613354799363728,0.6046090066098914
0.606,0.606,0.1889432795510779,0.606,0.626,0.626,0.2221136046922773,0.626,0.5827999994697098,0.5969652214062373,0.5827999994697098,0.5969652214062373,0.5827999994697098,0.5969652214062373,0.5827999994697098,0.5969652214062373,0.5827999994697098,0.5969652214062373,0.5827999994697098,0.5969652214062373,0.1554619654159989,0.1730517425440388,0.1554619654159989,0.1730517425440388,0.1554619654159989,0.1730517425440388,0.5827999994697098,0.5969652214062373,0.5827999994697098,0.5969652214062373,0.5827999994697098,0.5969652214062373
0.613,0.613,0.2160850436318557,0.613,0.621,0.621,0.2172009253139458,0.621,0.5804139231960562,0.5816121412063326,0.5804139231960562,0.5816121412063326,0.5804139231960562,0.5816121412063326,0.5804139231960562,0.5816121412063326,0.5804139231960562,0.5816121412063326,0.5804139231960562,0.5816121412063326,0.17209803739910323,0.16185671403846208,0.17209803739910323,0.16185671403846208,0.17209803739910323,0.16185671403846208,0.5804139231960562,0.5816121412063326,0.5804139231960562,0.5816121412063326,0.5804139231960562,0.5816121412063326
0.597,0.597,0.1846396633350867,0.597,0.597,0.597,0.1685372858416135,0.597,0.595203631763008,0.6086405564240441,0.595203631763008,0.6086405564240441,0.595203631763008,0.6086405564240441,0.595203631763008,0.6086405564240441,0.595203631763008,0.6086405564240441,0.595203631763008,0.6086405564240441,0.16846039911554883,0.16944987957712923,0.16846039911554883,0.16944987957712923,0.16846039911554883,0.16944987957712923,0.595203631763008,0.6086405564240441,0.595203631763008,0.6086405564240441,0.595203631763008,0.6086405564240441
0.613,0.613,0.2112535972542658,0.613,0.602,0.602,0.1815414987250143,0.602,0.62165426105736,0.6127070214813394,0.62165426105736,0.6127070214813394,0.62165426105736,0.6127070214813394,0.62165426105736,0.6127070214813394,0.62165426105736,0.6127070214813394,0.62165426105736,0.6127070214813394,0.2156480715024175,0.2196995430096143,0.2156480715024175,0.2196995430096143,0.2156480715024175,0.2196995430096143,0.62165426105736,0.6127070214813394,0.62165426105736,0.6127070214813394,0.62165426105736,0.6127070214813394
0.615,0.615,0.2079493087557603,0.615,0.609,0.609,0.2042364740552597,0.609,0.6282631905355033,0.6231706375191688,0.6282631905355033,0.6231706375191688,0.6282631905355033,0.6231706375191688,0.6282631905355033,0.6231706375191688,0.6282631905355033,0.6231706375191688,0.6282631905355033,0.6231706375191688,0.2239988798369762,0.22511491892789573,0.2239988798369762,0.22511491892789573,0.2239988798369762,0.22511491892789573,0.6282631905355033,0.6231706375191688,0.6282631905355033,0.6231706375191688,0.6282631905355033,0.6231706375191688
0.61,0.61,0.1950962788681814,0.61,0.622,0.622,0.2237332270929426,0.622,0.6275494642054534,0.6233859716796485,0.6275494642054534,0.6233859716796485,0.6275494642054534,0.6233859716796485,0.6275494642054534,0.6233859716796485,0.6275494642054534,0.6233859716796485,0.6275494642054534,0.6233859716796485,0.23042081350508437,0.216622551681829,0.23042081350508437,0.216622551681829,0.23042081350508437,0.216622551681829,0.6275494642054534,0.6233859716796485,0.6275494642054534,0.6233859716796485,0.6275494642054534,0.6233859716796485
0.614,0.614,0.201505968018866,0.614,0.611,0.611,0.1967257799400332,0.611,0.6148157455946585,0.6123165262558217,0.6148157455946585,0.6123165262558217,0.6148157455946585,0.6123165262558217,0.6148157455946585,0.6123165262558217,0.6148157455946585,0.6123165262558217,0.6148157455946585,0.6123165262558217,0.22615650628323242,0.228560487694547,0.22615650628323242,0.228560487694547,0.22615650628323242,0.228560487694547,0.6148157455946585,0.6123165262558217,0.6148157455946585,0.6123165262558217,0.6148157455946585,0.6123165262558217
0.616,0.616,0.2094894207451384,0.616,0.606,0.606,0.1889432795510779,0.606,0.6200986958833946,0.6207933781543953,0.6200986958833946,0.6207933781543953,0.6200986958833946,0.6207933781543953,0.6200986958833946,0.6207933781543953,0.6200986958833946,0.6207933781543953,0.6200986958833946,0.6207933781543953,0.22356072534694846,0.23374912671018097,0.22356072534694846,0.23374912671018097,0.22356072534694846,0.23374912671018097,0.6200986958833946,0.6207933781543953,0.6200986958833946,0.6207933781543953,0.6200986958833946,0.6207933781543953
0.626,0.626,0.2339738731837602,0.626,0.613,0.613,0.2160850436318557,0.613,0.62675237269961,0.6217291265324164,0.62675237269961,0.6217291265324164,0.62675237269961,0.6217291265324164,0.62675237269961,0.6217291265324164,0.62675237269961,0.6217291265324164,0.62675237269961,0.6217291265324164,0.23504428543080458,0.22606274486156266,0.23504428543080458,0.22606274486156266,0.23504428543080458,0.22606274486156266,0.62675237269961,0.6217291265324164,0.62675237269961,0.6217291265324164,0.62675237269961,0.6217291265324164
0.622,0.622,0.2273857021387927,0.622,0.597,0.597,0.1846396633350867,0.597,0.6131534044966558,0.6144364256982902,0.6131534044966558,0.6144364256982902,0.6131534044966558,0.6144364256982902,0.6131534044966558,0.6144364256982902,0.6131534044966558,0.6144364256982902,0.6131534044966558,0.6144364256982902,0.2303709775363157,0.2278918479284288,0.2303709775363157,0.2278918479284288,0.2303709775363157,0.2278918479284288,0.6131534044966558,0.6144364256982902,0.6131534044966558,0.6144364256982902,0.6131534044966558,0.6144364256982902
0.628,0.628,0.2406644594224968,0.628,0.613,0.613,0.2112535972542658,0.613,0.6045330333531196,0.6024266738922486,0.6045330333531196,0.6024266738922486,0.6045330333531196,0.6024266738922486,0.6045330333531196,0.6024266738922486,0.6045330333531196,0.6024266738922486,0.6045330333531196,0.6024266738922486,0.21809851069763844,0.2209123325745948,0.21809851069763844,0.2209123325745948,0.21809851069763844,0.2209123325745948,0.6045330333531196,0.6024266738922486,0.6045330333531196,0.6024266738922486,0.6045330333531196,0.6024266738922486
0.637,0.637,0.260457497697843,0.637,0.615,0.615,0.2079493087557603,0.615,0.6149763781639541,0.6122901511886556,0.6149763781639541,0.6122901511886556,0.6149763781639541,0.6122901511886556,0.6149763781639541,0.6122901511886556,0.6149763781639541,0.6122901511886556,0.6149763781639541,0.6122901511886556,0.22947671745655474,0.23432167668524334,0.22947671745655474,0.23432167668524334,0.22947671745655474,0.23432167668524334,0.6149763781639541,0.6122901511886556,0.6149763781639541,0.6122901511886556,0.6149763781639541,0.6122901511886556
0.636,0.636,0.2514477494077389,0.636,0.61,0.61,0.1950962788681814,0.61,0.6136467590274445,0.6173606827261836,0.6136467590274445,0.6173606827261836,0.6136467590274445,0.6173606827261836,0.6136467590274445,0.6173606827261836,0.6136467590274445,0.6173606827261836,0.6136467590274445,0.6173606827261836,0.23329509218157912,0.2307145853986306,0.23329509218157912,0.2307145853986306,0.23329509218157912,0.2307145853986306,0.6136467590274445,0.6173606827261836,0.6136467590274445,0.6173606827261836,0.6136467590274445,0.6173606827261836
0.64,0.64,0.2582060950732521,0.64,0.614,0.614,0.201505968018866,0.614,0.6131556286339925,0.6171099499040865,0.6131556286339925,0.6171099499040865,0.6131556286339925,0.6171099499040865,0.6131556286339925,0.6171099499040865,0.6131556286339925,0.6171099499040865,0.6131556286339925,0.6171099499040865,0.22641357097256765,0.23592244734949594,0.22641357097256765,0.23592244734949594,0.22641357097256765,0.23592244734949594,0.6131556286339925,0.6171099499040865,0.6131556286339925,0.6171099499040865,0.6131556286339925,0.6171099499040865
0.641,0.641,0.2669040890007024,0.641,0.616,0.616,0.2094894207451384,0.616,0.6090089666831496,0.6225667931926372,0.6090089666831496,0.6225667931926372,0.6090089666831496,0.6225667931926372,0.6090089666831496,0.6225667931926372,0.6090089666831496,0.6225667931926372,0.6090089666831496,0.6225667931926372,0.2192780122261401,0.239168184784402,0.2192780122261401,0.239168184784402,0.2192780122261401,0.239168184784402,0.6090089666831496,0.6225667931926372,0.6090089666831496,0.6225667931926372,0.6090089666831496,0.6225667931926372
0.626,0.626,0.235795814449589,0.626,0.626,0.626,0.2339738731837602,0.626,0.6041800089091023,0.6094889475100913,0.6041800089091023,0.6094889475100913,0.6041800089091023,0.6094889475100913,0.6041800089091023,0.6094889475100913,0.6041800089091023,0.6094889475100913,0.6041800089091023,0.6094889475100913,0.23647052796828255,0.24895228762579152,0.23647052796828255,0.24895228762579152,0.23647052796828255,0.24895228762579152,0.6041800089091023,0.6094889475100913,0.6041800089091023,0.6094889475100913,0.6041800089091023,0.6094889475100913
0.639,0.639,0.2641063274624918,0.639,0.622,0.622,0.2273857021387927,0.622,0.5990837886875657,0.607166879958041,0.5990837886875657,0.607166879958041,0.5990837886875657,0.607166879958041,0.5990837886875657,0.607166879958041,0.5990837886875657,0.607166879958041,0.5990837886875657,0.607166879958041,0.19727534283212197,0.19960308193374254,0.19727534283212197,0.19960308193374254,0.19727534283212197,0.19960308193374254,0.5990837886875657,0.607166879958041,0.5990837886875657,0.607166879958041,0.5990837886875657,0.607166879958041
0.621,0.621,0.2241809889543025,0.621,0.628,0.628,0.2406644594224968,0.628,0.603495513201034,0.5930343851359293,0.603495513201034,0.5930343851359293,0.603495513201034,0.5930343851359293,0.603495513201034,0.5930343851359293,0.603495513201034,0.5930343851359293,0.603495513201034,0.5930343851359293,0.2054723882394029,0.21000579920649126,0.2054723882394029,0.21000579920649126,0.2054723882394029,0.21000579920649126,0.603495513201034,0.5930343851359293,0.603495513201034,0.5930343851359293,0.603495513201034,0.5930343851359293
0.642,0.642,0.2673662841145364,0.642,0.637,0.637,0.260457497697843,0.637,0.5928803421422736,0.584770407427212,0.5928803421422736,0.584770407427212,0.5928803421422736,0.584770407427212,0.5928803421422736,0.584770407427212,0.5928803421422736,0.584770407427212,0.5928803421422736,0.584770407427212,0.2025622070963099,0.19537172669150668,0.2025622070963099,0.19537172669150668,0.2025622070963099,0.19537172669150668,0.5928803421422736,0.584770407427212,0.5928803421422736,0.584770407427212,0.5928803421422736,0.584770407427212
0.634,0.634,0.2554922701383239,0.634,0.636,0.636,0.2514477494077389,0.636,0.5928861256598035,0.5809548023854542,0.5928861256598035,0.5809548023854542,0.5928861256598035,0.5809548023854542,0.5928861256598035,0.5809548023854542,0.5928861256598035,0.5809548023854542,0.5928861256598035,0.5809548023854542,0.20753396730067955,0.20322343182341684,0.20753396730067955,0.20322343182341684,0.20753396730067955,0.20322343182341684,0.5928861256598035,0.5809548023854542,0.5928861256598035,0.5809548023854542,0.5928861256598035,0.5809548023854542
0.661,0.661,0.3144978646305164,0.661,0.64,0.64,0.2582060950732521,0.64,0.6088593343520697,0.6001041048086577,0.6088593343520697,0.6001041048086577,0.6088593343520697,0.6001041048086577,0.6088593343520697,0.6001041048086577,0.6088593343520697,0.6001041048086577,0.6088593343520697,0.6001041048086577,0.21562250613601033,0.2119925742481982,0.21562250613601033,0.2119925742481982,0.21562250613601033,0.2119925742481982,0.6088593343520697,0.6001041048086577,0.6088593343520697,0.6001041048086577,0.6088593343520697,0.6001041048086577
0.662,0.662,0.3080378163475042,0.662,0.641,0.641,0.2669040890007024,0.641,0.6087645633096171,0.6062385600179412,0.6087645633096171,0.6062385600179412,0.6087645633096171,0.6062385600179412,0.6087645633096171,0.6062385600179412,0.6087645633096171,0.6062385600179412,0.6087645633096171,0.6062385600179412,0.23102859651735191,0.22937409815451248,0.23102859651735191,0.22937409815451248,0.23102859651735191,0.22937409815451248,0.6087645633096171,0.6062385600179412,0.6087645633096171,0.6062385600179412,0.6087645633096171,0.6062385600179412
0.668,0.668,0.3198059398151183,0.668,0.626,0.626,0.235795814449589,0.626,0.6173536101965538,0.6179834405365894,0.6173536101965538,0.6179834405365894,0.6173536101965538,0.6179834405365894,0.6173536101965538,0.6179834405365894,0.6173536101965538,0.6179834405365894,0.6173536101965538,0.6179834405365894,0.23196715732060696,0.23114534076707127,0.23196715732060696,0.23114534076707127,0.23196715732060696,0.23114534076707127,0.6173536101965538,0.6179834405365894,0.6173536101965538,0.6179834405365894,0.6173536101965538,0.6179834405365894
0.666,0.666,0.304073876516869,0.666,0.639,0.639,0.2641063274624918,0.639,0.6139783783554059,0.6130632541594185,0.6139783783554059,0.6130632541594185,0.6139783783554059,0.6130632541594185,0.6139783783554059,0.6130632541594185,0.6139783783554059,0.6130632541594185,0.6139783783554059,0.6130632541594185,0.21863085970072055,0.21642200926784977,0.21863085970072055,0.21642200926784977,0.21863085970072055,0.21642200926784977,0.6139783783554059,0.6130632541594185,0.6139783783554059,0.6130632541594185,0.6139783783554059,0.6130632541594185
0.645,0.645,0.2757644255485829,0.645,0.621,0.621,0.2241809889543025,0.621,0.6101715807600526,0.6133994674123769,0.6101715807600526,0.6133994674123769,0.6101715807600526,0.6133994674123769,0.6101715807600526,0.6133994674123769,0.6101715807600526,0.6133994674123769,0.6101715807600526,0.6133994674123769,0.21008539163738907,0.22368048595517873,0.21008539163738907,0.22368048595517873,0.21008539163738907,0.22368048595517873,0.6101715807600526,0.6133994674123769,0.6101715807600526,0.6133994674123769,0.6101715807600526,0.6133994674123769
0.657,0.657,0.3059040650143271,0.657,0.642,0.642,0.2673662841145364,0.642,0.594300816192833,0.5988267368260041,0.594300816192833,0.5988267368260041,0.594300816192833,0.5988267368260041,0.594300816192833,0.5988267368260041,0.594300816192833,0.5988267368260041,0.594300816192833,0.5988267368260041,0.21205507086302564,0.18936622403959116,0.21205507086302564,0.18936622403959116,0.21205507086302564,0.18936622403959116,0.594300816192833,0.5988267368260041,0.594300816192833,0.5988267368260041,0.594300816192833,0.5988267368260041
0.66,0.66,0.3082231916140374,0.66,0.634,0.634,0.2554922701383239,0.634,0.5916087900168491,0.5990259822292179,0.5916087900168491,0.5990259822292179,0.5916087900168491,0.5990259822292179,0.5916087900168491,0.5990259822292179,0.5916087900168491,0.5990259822292179,0.5916087900168491,0.5990259822292179,0.20512010989079152,0.199135666979848,0.20512010989079152,0.199135666979848,0.20512010989079152,0.199135666979848,0.5916087900168491,0.5990259822292179,0.5916087900168491,0.5990259822292179,0.5916087900168491,0.5990259822292179
0.656,0.656,0.2605966812827788,0.656,0.661,0.661,0.3144978646305164,0.661,0.6109966647672832,0.6039949300239438,0.6109966647672832,0.6039949300239438,0.6109966647672832,0.6039949300239438,0.6109966647672832,0.6039949300239438,0.6109966647672832,0.6039949300239438,0.6109966647672832,0.6039949300239438,0.18716361154937777,0.19215106286853367,0.18716361154937777,0.19215106286853367,0.18716361154937777,0.19215106286853367,0.6109966647672832,0.6039949300239438,0.6109966647672832,0.6039949300239438,0.6109966647672832,0.6039949300239438
0.644,0.644,0.1886964448495898,0.644,0.662,0.662,0.3080378163475042,0.662,0.6149349975290105,0.5988613560018019,0.6149349975290105,0.5988613560018019,0.6149349975290105,0.5988613560018019,0.6149349975290105,0.5988613560018019,0.6149349975290105,0.5988613560018019,0.6149349975290105,0.5988613560018019,0.16201373850861575,0.19838628353056217,0.16201373850861575,0.19838628353056217,0.16201373850861575,0.19838628353056217,0.6149349975290105,0.5988613560018019,0.6149349975290105,0.5988613560018019,0.6149349975290105,0.5988613560018019
0.703,0.703,0.1826287978863936,0.703,0.668,0.668,0.3198059398151183,0.668,0.7149483181209986,0.6873228377994023,0.7149483181209986,0.6873228377994023,0.7149483181209986,0.6873228377994023,0.7149483181209986,0.6873228377994023,0.7149483181209986,0.6873228377994023,0.7149483181209986,0.6873228377994023,0.1787547280107152,0.19863471911357874,0.1787547280107152,0.19863471911357874,0.1787547280107152,0.19863471911357874,0.7149483181209986,0.6873228377994023,0.7149483181209986,0.6873228377994023,0.7149483181209986,0.6873228377994023
0.761,0.761,0.113961592644769,0.761,0.666,0.666,0.304073876516869,0.666,0.7792493555782207,0.7507729626468032,0.7792493555782207,0.7507729626468032,0.7792493555782207,0.7507729626468032,0.7792493555782207,0.7507729626468032,0.7792493555782207,0.7507729626468032,0.7792493555782207,0.7507729626468032,0.15152841862248867,0.1697400592516148,0.15152841862248867,0.1697400592516148,0.15152841862248867,0.1697400592516148,0.7792493555782207,0.7507729626468032,0.7792493555782207,0.7507729626468032,0.7792493555782207,0.7507729626468032
0.829,0.829,0.0280777537796975,0.829,0.645,0.645,0.2757644255485829,0.645,0.804027089508336,0.8091350456852163,0.804027089508336,0.8091350456852163,0.804027089508336,0.8091350456852163,0.804027089508336,0.8091350456852163,0.804027089508336,0.8091350456852163,0.804027089508336,0.8091350456852163,0.04446743718514411,0.0901809725394933,0.04446743718514411,0.0901809725394933,0.04446743718514411,0.0901809725394933,0.804027089508336,0.8091350456852163,0.804027089508336,0.8091350456852163,0.804027089508336,0.8091350456852163
0.834,0.834,0.007983936510972,0.834,0.657,0.657,0.3059040650143271,0.657,0.8108189763816548,0.803192214270927,0.8108189763816548,0.803192214270927,0.8108189763816548,0.803192214270927,0.8108189763816548,0.803192214270927,0.8108189763816548,0.803192214270927,0.8108189763816548,0.803192214270927,-0.00096371013810895,0.006073748624924535,-0.00096371013810895,0.006073748624924535,-0.00096371013810895,0.006073748624924535,0.8108189763816548,0.803192214270927,0.8108189763816548,0.803192214270927,0.8108189763816548,0.803192214270927
0.827,0.827,0.0149185741942831,0.827,0.66,0.66,0.3082231916140374,0.66,0.7970256554900411,0.7984337918763998,0.7970256554900411,0.7984337918763998,0.7970256554900411,0.7984337918763998,0.7970256554900411,0.7984337918763998,0.7970256554900411,0.7984337918763998,0.7970256554900411,0.7984337918763998,0.0005520799310365887,0.008549170468591917,0.0005520799310365887,0.008549170468591917,0.0005520799310365887,0.008549170468591917,0.7970256554900411,0.7984337918763998,0.7970256554900411,0.7984337918763998,0.7970256554900411,0.7984337918763998
0.797,0.797,0.0276287553648066,0.797,0.656,0.656,0.2605966812827788,0.656,0.7906390294407931,0.7886779358075198,0.7906390294407931,0.7886779358075198,0.7906390294407931,0.7886779358075198,0.7906390294407931,0.7886779358075198,0.7906390294407931,0.7886779358075198,0.7906390294407931,0.7886779358075198,0.00228152247348538,0.011769330643740797,0.00228152247348538,0.011769330643740797,0.00228152247348538,0.011769330643740797,0.7906390294407931,0.7886779358075198,0.7906390294407931,0.7886779358075198,0.7906390294407931,0.7886779358075198
0.774,0.774,0.0014933418162218,0.774,0.644,0.644,0.1886964448495898,0.644,0.7816343270188538,0.7745794300478142,0.7816343270188538,0.7745794300478142,0.7816343270188538,0.7745794300478142,0.7816343270188538,0.7745794300478142,0.7816343270188538,0.7745794300478142,0.7816343270188538,0.7745794300478142,-0.0016583928087192056,0.01837117013800936,-0.0016583928087192056,0.01837117013800936,-0.0016583928087192056,0.01837117013800936,0.7816343270188538,0.7745794300478142,0.7816343270188538,0.7745794300478142,0.7816343270188538,0.7745794300478142
0.754,0.754,0.0077844552897995,0.754,0.703,0.703,0.1826287978863936,0.703,0.7854285688586361,0.7819410976603974,0.7854285688586361,0.7819410976603974,0.7854285688586361,0.7819410976603974,0.7854285688586361,0.7819410976603974,0.7854285688586361,0.7819410976603974,0.7854285688586361,0.7819410976603974,-0.0030094873923702196,0.007186874848034351,-0.0030094873923702196,0.007186874848034351,-0.0030094873923702196,0.007186874848034351,0.7854285688586361,0.7819410976603974,0.7854285688586361,0.7819410976603974,0.7854285688586361,0.7819410976603974
0.734,0.734,-0.0127931769722815,0.734,0.761,0.761,0.113961592644769,0.761,0.762831984910643,0.755053872643796,0.762831984910643,0.755053872643796,0.762831984910643,0.755053872643796,0.762831984910643,0.755053872643796,0.762831984910643,0.755053872643796,0.762831984910643,0.755053872643796,0.010445056165977297,0.02784472116279238,0.010445056165977297,0.02784472116279238,0.010445056165977297,0.02784472116279238,0.762831984910643,0.755053872643796,0.762831984910643,0.755053872643796,0.762831984910643,0.755053872643796
0.717,0.717,0.0078530360398261,0.717,0.829,0.829,0.0280777537796975,0.829,0.7326021164819422,0.7019645347885403,0.7326021164819422,0.7019645347885403,0.7326021164819422,0.7019645347885403,0.7326021164819422,0.7019645347885403,0.7326021164819422,0.7019645347885403,0.7326021164819422,0.7019645347885403,0.018403621228670515,0.02996811962826678,0.018403621228670515,0.02996811962826678,0.018403621228670515,0.02996811962826678,0.7326021164819422,0.7019645347885403,0.7326021164819422,0.7019645347885403,0.7326021164819422,0.7019645347885403
0.678,0.678,0.0283469223944912,0.678,0.834,0.834,0.007983936510972,0.834,0.6439177602302443,0.6677444314930945,0.6439177602302443,0.6677444314930945,0.6439177602302443,0.6677444314930945,0.6439177602302443,0.6677444314930945,0.6439177602302443,0.6677444314930945,0.6439177602302443,0.6677444314930945,0.09836879806143871,0.06164013654972082,0.09836879806143871,0.06164013654972082,0.09836879806143871,0.06164013654972082,0.6439177602302443,0.6677444314930945,0.6439177602302443,0.6677444314930945,0.6439177602302443,0.6677444314930945
0.645,0.645,0.0926934990850261,0.645,0.827,0.827,0.0149185741942831,0.827,0.619202667991601,0.6307105757492745,0.619202667991601,0.6307105757492745,0.619202667991601,0.6307105757492745,0.619202667991601,0.6307105757492745,0.619202667991601,0.6307105757492745,0.619202667991601,0.6307105757492745,0.10991966639448865,0.11704692690542609,0.10991966639448865,0.11704692690542609,0.10991966639448865,0.11704692690542609,0.619202667991601,0.6307105757492745,0.619202667991601,0.6307105757492745,0.619202667991601,0.6307105757492745
0.618,0.618,0.1473823298335833,0.618,0.797,0.797,0.0276287553648066,0.797,0.6040983272139815,0.6132077922035766,0.6040983272139815,0.6132077922035766,0.6040983272139815,0.6132077922035766,0.6040983272139815,0.6132077922035766,0.6040983272139815,0.6132077922035766,0.6040983272139815,0.6132077922035766,0.1204158094322817,0.1328403217390713,0.1204158094322817,0.1328403217390713,0.1204158094322817,0.1328403217390713,0.6040983272139815,0.6132077922035766,0.6040983272139815,0.6132077922035766,0.6040983272139815,0.6132077922035766
0.632,0.632,0.2066811246157361,0.632,0.774,0.774,0.0014933418162218,0.774,0.5926908363677039,0.6035594275437999,0.5926908363677039,0.6035594275437999,0.5926908363677039,0.6035594275437999,0.5926908363677039,0.6035594275437999,0.5926908363677039,0.6035594275437999,0.5926908363677039,0.6035594275437999,0.12515391642495005,0.1485524045148088,0.12515391642495005,0.1485524045148088,0.12515391642495005,0.1485524045148088,0.5926908363677039,0.6035594275437999,0.5926908363677039,0.6035594275437999,0.5926908363677039,0.6035594275437999
0.628,0.628,0.2343410393202923,0.628,0.754,0.754,0.0077844552897995,0.754,0.5994654772419878,0.6047361926014383,0.5994654772419878,0.6047361926014383,0.5994654772419878,0.6047361926014383,0.5994654772419878,0.6047361926014383,0.5994654772419878,0.6047361926014383,0.5994654772419878,0.6047361926014383,0.16756419237125966,0.17189488563532812,0.16756419237125966,0.17189488563532812,0.16756419237125966,0.17189488563532812,0.5994654772419878,0.6047361926014383,0.5994654772419878,0.6047361926014383,0.5994654772419878,0.6047361926014383
0.646,0.646,0.2413722162217764,0.646,0.734,0.734,-0.0127931769722815,0.734,0.6012014078066321,0.5944186043074807,0.6012014078066321,0.5944186043074807,0.6012014078066321,0.5944186043074807,0.6012014078066321,0.5944186043074807,0.6012014078066321,0.5944186043074807,0.6012014078066321,0.5944186043074807,0.15814113485034878,0.17172475500283632,0.15814113485034878,0.17172475500283632,0.15814113485034878,0.17172475500283632,0.6012014078066321,0.5944186043074807,0.6012014078066321,0.5944186043074807,0.6012014078066321,0.5944186043074807
0.634,0.634,0.2004823319702211,0.634,0.717,0.717,0.0078530360398261,0.717,0.6151489935521699,0.6073550174512767,0.6151489935521699,0.6073550174512767,0.6151489935521699,0.6073550174512767,0.6151489935521699,0.6073550174512767,0.6151489935521699,0.6073550174512767,0.6151489935521699,0.6073550174512767,0.15014181514482605,0.16399921943619855,0.15014181514482605,0.16399921943619855,0.15014181514482605,0.16399921943619855,0.6151489935521699,0.6073550174512767,0.6151489935521699,0.6073550174512767,0.6151489935521699,0.6073550174512767
0.626,0.626,0.205097577460478,0.626,0.678,0.678,0.0283469223944912,0.678,0.6034752041369835,0.6045176579484689,0.6034752041369835,0.6045176579484689,0.6034752041369835,0.6045176579484689,0.6034752041369835,0.6045176579484689,0.6034752041369835,0.6045176579484689,0.6034752041369835,0.6045176579484689,0.16104087256437963,0.17188247817936772,0.16104087256437963,0.17188247817936772,0.16104087256437963,0.17188247817936772,0.6034752041369835,0.6045176579484689,0.6034752041369835,0.6045176579484689,0.6034752041369835,0.6045176579484689
0.631,0.631,0.2150673042560795,0.631,0.645,0.645,0.0926934990850261,0.645,0.6086730771123201,0.611241311693463,0.6086730771123201,0.611241311693463,0.6086730771123201,0.611241311693463,0.6086730771123201,0.611241311693463,0.6086730771123201,0.611241311693463,0.6086730771123201,0.611241311693463,0.15715149397191056,0.186398170962262,0.15715149397191056,0.186398170962262,0.15715149397191056,0.186398170962262,0.6086730771123201,0.611241311693463,0.6086730771123201,0.611241311693463,0.6086730771123201,0.611241311693463
0.628,0.628,0.220531044656028,0.628,0.618,0.618,0.1473823298335833,0.618,0.6054851228978478,0.6092082392353652,0.6054851228978478,0.6092082392353652,0.6054851228978478,0.6092082392353652,0.6054851228978478,0.6092082392353652,0.6054851228978478,0.6092082392353652,0.6054851228978478,0.6092082392353652,0.18054485011007315,0.20276930078005193,0.18054485011007315,0.20276930078005193,0.18054485011007315,0.20276930078005193,0.6054851228978478,0.6092082392353652,0.6054851228978478,0.6092082392353652,0.6054851228978478,0.6092082392353652
0.642,0.642,0.2416121884360687,0.642,0.632,0.632,0.2066811246157361,0.632,0.617596490811287,0.6124012818434537,0.617596490811287,0.6124012818434537,0.617596490811287,0.6124012818434537,0.617596490811287,0.6124012818434537,0.617596490811287,0.6124012818434537,0.617596490811287,0.6124012818434537,0.2176459475425867,0.21133453866431787,0.2176459475425867,0.21133453866431787,0.2176459475425867,0.21133453866431787,0.617596490811287,0.6124012818434537,0.617596490811287,0.6124012818434537,0.617596490811287,0.6124012818434537
0.631,0.631,0.2296064938535542,0.631,0.628,0.628,0.2343410393202923,0.628,0.6134897949315427,0.6145732990507371,0.6134897949315427,0.6145732990507371,0.6134897949315427,0.6145732990507371,0.6134897949315427,0.6145732990507371,0.6134897949315427,0.6145732990507371,0.6134897949315427,0.6145732990507371,0.21504243579020113,0.21387803619521423,0.21504243579020113,0.21387803619521423,0.21504243579020113,0.21387803619521423,0.6134897949315427,0.6145732990507371,0.6134897949315427,0.6145732990507371,0.6134897949315427,0.6145732990507371
0.638,0.638,0.2462447580695536,0.638,0.646,0.646,0.2413722162217764,0.646,0.6175014187549142,0.6213685603814302,0.6175014187549142,0.6213685603814302,0.6175014187549142,0.6213685603814302,0.6175014187549142,0.6213685603814302,0.6175014187549142,0.6213685603814302,0.6175014187549142,0.6213685603814302,0.20764656023835182,0.21104363614752655,0.20764656023835182,0.21104363614752655,0.20764656023835182,0.21104363614752655,0.6175014187549142,0.6213685603814302,0.6175014187549142,0.6213685603814302,0.6175014187549142,0.6213685603814302
0.648,0.648,0.2624534318963747,0.648,0.634,0.634,0.2004823319702211,0.634,0.6093072745607586,0.6063575408906938,0.6093072745607586,0.6063575408906938,0.6093072745607586,0.6063575408906938,0.6093072745607586,0.6063575408906938,0.6093072745607586,0.6063575408906938,0.6093072745607586,0.6063575408906938,0.19441387064640914,0.2095745481953603,0.19441387064640914,0.2095745481953603,0.19441387064640914,0.2095745481953603,0.6093072745607586,0.6063575408906938,0.6093072745607586,0.6063575408906938,0.6093072745607586,0.6063575408906938
0.654,0.654,0.2699959913074667,0.654,0.626,0.626,0.205097577460478,0.626,0.625830171530598,0.6278464785250288,0.625830171530598,0.6278464785250288,0.625830171530598,0.6278464785250288,0.625830171530598,0.6278464785250288,0.625830171530598,0.6278464785250288,0.625830171530598,0.6278464785250288,0.19772827931338463,0.19931038836998852,0.19772827931338463,0.19931038836998852,0.19772827931338463,0.19931038836998852,0.625830171530598,0.6278464785250288,0.625830171530598,0.6278464785250288,0.625830171530598,0.6278464785250288
0.642,0.642,0.2468612205055708,0.642,0.631,0.631,0.2150673042560795,0.631,0.6185713830818567,0.6214757795386673,0.6185713830818567,0.6214757795386673,0.6185713830818567,0.6214757795386673,0.6185713830818567,0.6214757795386673,0.6185713830818567,0.6214757795386673,0.6185713830818567,0.6214757795386673,0.20140824900819781,0.20331800602381606,0.20140824900819781,0.20331800602381606,0.20140824900819781,0.20331800602381606,0.6185713830818567,0.6214757795386673,0.6185713830818567,0.6214757795386673,0.6185713830818567,0.6214757795386673
0.65,0.65,0.2522645701589472,0.65,0.628,0.628,0.220531044656028,0.628,0.6136371921367223,0.6183243202189578,0.6136371921367223,0.6183243202189578,0.6136371921367223,0.6183243202189578,0.6136371921367223,0.6183243202189578,0.6136371921367223,0.6183243202189578,0.6136371921367223,0.6183243202189578,0.19524818072824768,0.21371889152512993,0.19524818072824768,0.21371889152512993,0.19524818072824768,0.21371889152512993,0.6136371921367223,0.6183243202189578,0.6136371921367223,0.6183243202189578,0.6136371921367223,0.6183243202189578
0.638,0.638,0.2364930989099989,0.638,0.642,0.642,0.2416121884360687,0.642,0.6085736131823335,0.6036872824423262,0.6085736131823335,0.6036872824423262,0.6085736131823335,0.6036872824423262,0.6085736131823335,0.6036872824423262,0.6085736131823335,0.6036872824423262,0.6085736131823335,0.6036872824423262,0.2209858874020718,0.20394106855415875,0.2209858874020718,0.20394106855415875,0.2209858874020718,0.20394106855415875,0.6085736131823335,0.6036872824423262,0.6085736131823335,0.6036872824423262,0.6085736131823335,0.6036872824423262
0.622,0.622,0.2133391049547148,0.622,0.631,0.631,0.2296064938535542,0.631,0.6036104985588686,0.6079199133318114,0.6036104985588686,0.6079199133318114,0.6036104985588686,0.6079199133318114,0.6036104985588686,0.6079199133318114,0.6036104985588686,0.6079199133318114,0.6036104985588686,0.6079199133318114,0.22166877960022383,0.20413512871549597,0.22166877960022383,0.20413512871549597,0.22166877960022383,0.20413512871549597,0.6036104985588686,0.6079199133318114,0.6036104985588686,0.6079199133318114,0.6036104985588686,0.6079199133318114
0.623,0.623,0.213252418674925,0.623,0.638,0.638,0.2462447580695536,0.638,0.6112264839670436,0.6093098524985506,0.6112264839670436,0.6093098524985506,0.6112264839670436,0.6093098524985506,0.6112264839670436,0.6093098524985506,0.6112264839670436,0.6093098524985506,0.6112264839670436,0.6093098524985506,0.1969799315729053,0.20454161663844794,0.1969799315729053,0.20454161663844794,0.1969799315729053,0.20454161663844794,0.6112264839670436,0.6093098524985506,0.6112264839670436,0.6093098524985506,0.6112264839670436,0.6093098524985506
0.623,0.623,0.2152569044903125,0.623,0.648,0.648,0.2624534318963747,0.648,0.6072548621164267,0.6074153152233507,0.6072548621164267,0.6074153152233507,0.6072548621164267,0.6074153152233507,0.6072548621164267,0.6074153152233507,0.6072548621164267,0.6074153152233507,0.6072548621164267,0.6074153152233507,0.20448242256019697,0.22181907944923548,0.20448242256019697,0.22181907944923548,0.20448242256019697,0.22181907944923548,0.6072548621164267,0.6074153152233507,0.6072548621164267,0.6074153152233507,0.6072548621164267,0.6074153152233507
0.609,0.609,0.1818372044360744,0.609,0.654,0.654,0.2699959913074667,0.654,0.619511628138393,0.6298369054992994,0.619511628138393,0.6298369054992994,0.619511628138393,0.6298369054992994,0.619511628138393,0.6298369054992994,0.619511628138393,0.6298369054992994,0.619511628138393,0.6298369054992994,0.2083460084313263,0.227175528417251,0.2083460084313263,0.227175528417251,0.2083460084313263,0.227175528417251,0.619511628138393,0.6298369054992994,0.619511628138393,0.6298369054992994,0.619511628138393,0.6298369054992994
0.615,0.615,0.2058908460872077,0.615,0.642,0.642,0.2468612205055708,0.642,0.6128431108349615,0.6177561970192805,0.6128431108349615,0.6177561970192805,0.6128431108349615,0.6177561970192805,0.6128431108349615,0.6177561970192805,0.6128431108349615,0.6177561970192805,0.6128431108349615,0.6177561970192805,0.19884614946877366,0.2150150626847466,0.19884614946877366,0.2150150626847466,0.19884614946877366,0.2150150626847466,0.6128431108349615,0.6177561970192805,0.6128431108349615,0.6177561970192805,0.6128431108349615,0.6177561970192805
0.624,0.624,0.2182562123681847,0.624,0.65,0.65,0.2522645701589472,0.65,0.6050871556693201,0.6131452729655311,0.6050871556693201,0.6131452729655311,0.6050871556693201,0.6131452729655311,0.6050871556693201,0.6131452729655311,0.6050871556693201,0.6131452729655311,0.6050871556693201,0.6131452729655311,0.19301457048821233,0.2351356011655429,0.19301457048821233,0.2351356011655429,0.19301457048821233,0.2351356011655429,0.6050871556693201,0.6131452729655311,0.6050871556693201,0.6131452729655311,0.6050871556693201,0.6131452729655311
0.63,0.63,0.2337386924682726,0.63,0.638,0.638,0.2364930989099989,0.638,0.6188267362332717,0.6145012257800847,0.6188267362332717,0.6145012257800847,0.6188267362332717,0.6145012257800847,0.6188267362332717,0.6145012257800847,0.6188267362332717,0.6145012257800847,0.6188267362332717,0.6145012257800847,0.22694459081787605,0.22328988473422054,0.22694459081787605,0.22328988473422054,0.22694459081787605,0.22328988473422054,0.6188267362332717,0.6145012257800847,0.6188267362332717,0.6145012257800847,0.6188267362332717,0.6145012257800847
0.624,0.624,0.2170613982117349,0.624,0.622,0.622,0.2133391049547148,0.622,0.6073318732563735,0.6031479333618558,0.6073318732563735,0.6031479333618558,0.6073318732563735,0.6031479333618558,0.6073318732563735,0.6031479333618558,0.6073318732563735,0.6031479333618558,0.6073318732563735,0.6031479333618558,0.22918441350505647,0.2410589117818647,0.22918441350505647,0.2410589117818647,0.22918441350505647,0.2410589117818647,0.6073318732563735,0.6031479333618558,0.6073318732563735,0.6031479333618558,0.6073318732563735,0.6031479333618558
0.617,0.617,0.2018771515974959,0.617,0.623,0.623,0.213252418674925,0.623,0.5967941741529659,0.5981202579234127,0.5967941741529659,0.5981202579234127,0.5967941741529659,0.5981202579234127,0.5967941741529659,0.5981202579234127,0.5967941741529659,0.5981202579234127,0.5967941741529659,0.5981202579234127,0.2235920586239285,0.22023995263096416,0.2235920586239285,0.22023995263096416,0.2235920586239285,0.22023995263096416,0.5967941741529659,0.5981202579234127,0.5967941741529659,0.5981202579234127,0.5967941741529659,0.5981202579234127
0.635,0.635,0.2423424695068792,0.635,0.623,0.623,0.2152569044903125,0.623,0.5982606693793215,0.6060027456040801,0.5982606693793215,0.6060027456040801,0.5982606693793215,0.6060027456040801,0.5982606693793215,0.6060027456040801,0.5982606693793215,0.6060027456040801,0.5982606693793215,0.6060027456040801,0.21463911355187554,0.22298467878123596,0.21463911355187554,0.22298467878123596,0.21463911355187554,0.22298467878123596,0.5982606693793215,0.6060027456040801,0.5982606693793215,0.6060027456040801,0.5982606693793215,0.6060027456040801
0.614,0.614,0.2112791172864732,0.614,0.609,0.609,0.1818372044360744,0.609,0.6109593766983893,0.6127908534514507,0.6109593766983893,0.6127908534514507,0.6109593766983893,0.6127908534514507,0.6109593766983893,0.6127908534514507,0.6109593766983893,0.6127908534514507,0.6109593766983893,0.6127908534514507,0.20272289476570707,0.2342979504393918,0.20272289476570707,0.2342979504393918,0.20272289476570707,0.2342979504393918,0.6109593766983893,0.6127908534514507,0.6109593766983893,0.6127908534514507,0.6109593766983893,0.6127908534514507
0.619,0.619,0.2276192020759,0.619,0.615,0.615,0.2058908460872077,0.615,0.6065490995020587,0.608707664179745,0.6065490995020587,0.608707664179745,0.6065490995020587,0.608707664179745,0.6065490995020587,0.608707664179745,0.6065490995020587,0.608707664179745,0.6065490995020587,0.608707664179745,0.19527182892563727,0.2383133633880577,0.19527182892563727,0.2383133633880577,0.19527182892563727,0.2383133633880577,0.6065490995020587,0.608707664179745,0.6065490995020587,0.608707664179745,0.6065490995020587,0.608707664179745
0.6,0.6,0.1839132989488803,0.6,0.624,0.624,0.2182562123681847,0.624,0.5999350941664116,0.5916605517411023,0.5999350941664116,0.5916605517411023,0.5999350941664116,0.5916605517411023,0.5999350941664116,0.5916605517411023,0.5999350941664116,0.5916605517411023,0.5999350941664116,0.5916605517411023,0.17544223345256174,0.2144378970169041,0.17544223345256174,0.2144378970169041,0.17544223345256174,0.2144378970169041,0.5999350941664116,0.5916605517411023,0.5999350941664116,0.5916605517411023,0.5999350941664116,0.5916605517411023
0.592,0.592,0.1608288049626279,0.592,0.63,0.63,0.2337386924682726,0.63,0.6118585026412516,0.5996677255182294,0.6118585026412516,0.5996677255182294,0.6118585026412516,0.5996677255182294,0.6118585026412516,0.5996677255182294,0.6118585026412516,0.5996677255182294,0.6118585026412516,0.5996677255182294,0.18777957814647608,0.2095226706993035,0.18777957814647608,0.2095226706993035,0.18777957814647608,0.2095226706993035,0.6118585026412516,0.5996677255182294,0.6118585026412516,0.5996677255182294,0.6118585026412516,0.5996677255182294
0.6,0.6,0.1710428695180028,0.6,0.624,0.624,0.2170613982117349,0.624,0.5942778884941387,0.5827843070399774,0.5942778884941387,0.5827843070399774,0.5942778884941387,0.5827843070399774,0.5942778884941387,0.5827843070399774,0.5942778884941387,0.5827843070399774,0.5942778884941387,0.5827843070399774,0.18173427036424086,0.20568937296467518,0.18173427036424086,0.20568937296467518,0.18173427036424086,0.20568937296467518,0.5942778884941387,0.5827843070399774,0.5942778884941387,0.5827843070399774,0.5942778884941387,0.5827843070399774
0.622,0.622,0.2140718562874252,0.622,0.617,0.617,0.2018771515974959,0.617,0.6087093110973839,0.6099321779456425,0.6087093110973839,0.6099321779456425,0.6087093110973839,0.6099321779456425,0.6087093110973839,0.6099321779456425,0.6087093110973839,0.6099321779456425,0.6087093110973839,0.6099321779456425,0.2249275171810685,0.2233086675064237,0.2249275171810685,0.2233086675064237,0.2249275171810685,0.2233086675064237,0.6087093110973839,0.6099321779456425,0.6087093110973839,0.6099321779456425,0.6087093110973839,0.6099321779456425
0.636,0.636,0.2186695057869971,0.636,0.635,0.635,0.2423424695068792,0.635,0.6145532086174751,0.6145370707245332,0.6145532086174751,0.6145370707245332,0.6145532086174751,0.6145370707245332,0.6145532086174751,0.6145370707245332,0.6145532086174751,0.6145370707245332,0.6145532086174751,0.6145370707245332,0.19265264568954893,0.20688628475843446,0.19265264568954893,0.20688628475843446,0.19265264568954893,0.20688628475843446,0.6145532086174751,0.6145370707245332,0.6145532086174751,0.6145370707245332,0.6145532086174751,0.6145370707245332
0.637,0.637,0.1897827814333033,0.637,0.614,0.614,0.2112791172864732,0.614,0.6167189064562935,0.6085740722970164,0.6167189064562935,0.6085740722970164,0.6167189064562935,0.6085740722970164,0.6167189064562935,0.6085740722970164,0.6167189064562935,0.6085740722970164,0.6167189064562935,0.6085740722970164,0.15824400271364528,0.21217911950565516,0.15824400271364528,0.21217911950565516,0.15824400271364528,0.21217911950565516,0.6167189064562935,0.6085740722970164,0.6167189064562935,0.6085740722970164,0.6167189064562935,0.6085740722970164
0.612,0.612,0.1071223104360833,0.612,0.619,0.619,0.2276192020759,0.619,0.6090672613304547,0.5961772152499217,0.6090672613304547,0.5961772152499217,0.6090672613304547,0.5961772152499217,0.6090672613304547,0.5961772152499217,0.6090672613304547,0.5961772152499217,0.6090672613304547,0.5961772152499217,0.13469324555620046,0.17158872117344476,0.13469324555620046,0.17158872117344476,0.13469324555620046,0.17158872117344476,0.6090672613304547,0.5961772152499217,0.6090672613304547,0.5961772152499217,0.6090672613304547,0.5961772152499217
0.635,0.635,0.0885481696049542,0.635,0.6,0.6,0.1839132989488803,0.6,0.6286143008037629,0.5972755493521211,0.6286143008037629,0.5972755493521211,0.6286143008037629,0.5972755493521211,0.6286143008037629,0.5972755493521211,0.6286143008037629,0.5972755493521211,0.6286143008037629,0.5972755493521211,0.14810191558904168,0.1765964713657122,0.14810191558904168,0.1765964713657122,0.14810191558904168,0.1765964713657122,0.6286143008037629,0.5972755493521211,0.6286143008037629,0.5972755493521211,0.6286143008037629,0.5972755493521211
0.704,0.704,0.0950226244343891,0.704,0.592,0.592,0.1608288049626279,0.592,0.7192537483081167,0.6778144599569378,0.7192537483081167,0.6778144599569378,0.7192537483081167,0.6778144599569378,0.7192537483081167,0.6778144599569378,0.7192537483081167,0.6778144599569378,0.7192537483081167,0.6778144599569378,0.19534531837858982,0.2001648627752687,0.19534531837858982,0.2001648627752687,0.19534531837858982,0.2001648627752687,0.7192537483081167,0.6778144599569378,0.7192537483081167,0.6778144599569378,0.7192537483081167,0.6778144599569378
0.777,0.777,0.10510770811262,0.777,0.6,0.6,0.1710428695180028,0.6,0.789906017760783,0.7727972852669194,0.789906017760783,0.7727972852669194,0.789906017760783,0.7727972852669194,0.789906017760783,0.7727972852669194,0.789906017760783,0.7727972852669194,0.789906017760783,0.7727972852669194,0.12552340391011058,0.10551784521906658,0.12552340391011058,0.10551784521906658,0.12552340391011058,0.10551784521906658,0.789906017760783,0.7727972852669194,0.789906017760783,0.7727972852669194,0.789906017760783,0.7727972852669194
0.804,0.804,0.0,0.804,0.622,0.622,0.2140718562874252,0.622,0.8128408375367361,0.8184603969858278,0.8128408375367361,0.8184603969858278,0.8128408375367361,0.8184603969858278,0.8128408375367361,0.8184603969858278,0.8128408375367361,0.8184603969858278,0.8128408375367361,0.8184603969858278,0.027657462050208016,0.007675440593456733,0.027657462050208016,0.007675440593456733,0.027657462050208016,0.007675440593456733,0.8128408375367361,0.8184603969858278,0.8128408375367361,0.8184603969858278,0.8128408375367361,0.8184603969858278
0.793,0.793,0.003677249186577,0.793,0.636,0.636,0.2186695057869971,0.636,0.7988544567132508,0.8046184771585062,0.7988544567132508,0.8046184771585062,0.7988544567132508,0.8046184771585062,0.7988544567132508,0.8046184771585062,0.7988544567132508,0.8046184771585062,0.7988544567132508,0.8046184771585062,0.007247681372031238,0.006986445209610041,0.007247681372031238,0.006986445209610041,0.007247681372031238,0.006986445209610041,0.7988544567132508,0.8046184771585062,0.7988544567132508,0.8046184771585062,0.7988544567132508,0.8046184771585062
0.75,0.75,0.0144676154058422,0.75,0.637,0.637,0.1897827814333033,0.637,0.7803791427315621,0.7882099667852857,0.7803791427315621,0.7882099667852857,0.7803791427315621,0.7882099667852857,0.7803791427315621,0.7882099667852857,0.7803791427315621,0.7882099667852857,0.7803791427315621,0.7882099667852857,0.007828568387341068,0.006583155194601869,0.007828568387341068,0.006583155194601869,0.007828568387341068,0.006583155194601869,0.7803791427315621,0.7882099667852857,0.7803791427315621,0.7882099667852857,0.7803791427315621,0.7882099667852857
0.735,0.735,0.0141662450522305,0.735,0.612,0.612,0.1071223104360833,0.612,0.7770625956730511,0.7697451642888029,0.7770625956730511,0.7697451642888029,0.7770625956730511,0.7697451642888029,0.7770625956730511,0.7697451642888029,0.7770625956730511,0.7697451642888029,0.7770625956730511,0.7697451642888029,-0.004083822115460104,0.016273664296377877,-0.004083822115460104,0.016273664296377877,-0.004083822115460104,0.016273664296377877,0.7770625956730511,0.7697451642888029,0.7770625956730511,0.7697451642888029,0.7770625956730511,0.7697451642888029
0.72,0.72,0.0207050923335199,0.72,0.635,0.635,0.0885481696049542,0.635,0.779255389382112,0.7754227140497436,0.779255389382112,0.7754227140497436,0.779255389382112,0.7754227140497436,0.779255389382112,0.7754227140497436,0.779255389382112,0.7754227140497436,0.779255389382112,0.7754227140497436,-0.0007332795746134177,0.01274204049611198,-0.0007332795746134177,0.01274204049611198,-0.0007332795746134177,0.01274204049611198,0.779255389382112,0.7754227140497436,0.779255389382112,0.7754227140497436,0.779255389382112,0.7754227140497436
0.72,0.72,0.0341830223172709,0.72,0.704,0.704,0.0950226244343891,0.704,0.7673015519577568,0.759407782908591,0.7673015519577568,0.759407782908591,0.7673015519577568,0.759407782908591,0.7673015519577568,0.759407782908591,0.7673015519577568,0.759407782908591,0.7673015519577568,0.759407782908591,0.001164528482402889,0.011234316921437443,0.001164528482402889,0.011234316921437443,0.001164528482402889,0.011234316921437443,0.7673015519577568,0.759407782908591,0.7673015519577568,0.759407782908591,0.7673015519577568,0.759407782908591
0.705,0.705,0.0339398226379009,0.705,0.777,0.777,0.10510770811262,0.777,0.7206386191987053,0.6970581660238299,0.7206386191987053,0.6970581660238299,0.7206386191987053,0.6970581660238299,0.7206386191987053,0.6970581660238299,0.7206386191987053,0.6970581660238299,0.7206386191987053,0.6970581660238299,0.011359267998892156,0.016748422350820174,0.011359267998892156,0.016748422350820174,0.011359267998892156,0.016748422350820174,0.7206386191987053,0.6970581660238299,0.7206386191987053,0.6970581660238299,0.7206386191987053,0.6970581660238299
0.681,0.681,0.0761656530553142,0.681,0.804,0.804,0.0,0.804,0.6736264295802936,0.665951837965328,0.6736264295802936,0.665951837965328,0.6736264295802936,0.665951837965328,0.6736264295802936,0.665951837965328,0.6736264295802936,0.665951837965328,0.6736264295802936,0.665951837965328,0.08670855360846921,0.052803767753525015,0.08670855360846921,0.052803767753525015,0.08670855360846921,0.052803767753525015,0.6736264295802936,0.665951837965328,0.6736264295802936,0.665951837965328,0.6736264295802936,0.665951837965328
0.635,0.635,0.0772948813881529,0.635,0.793,0.793,0.003677249186577,0.793,0.6183918414505137,0.6209472284114891,0.6183918414505137,0.6209472284114891,0.6183918414505137,0.6209472284114891,0.6183918414505137,0.6209472284114891,0.6183918414505137,0.6209472284114891,0.6183918414505137,0.6209472284114891,0.09251771081896569,0.11252328181029084,0.09251771081896569,0.11252328181029084,0.09251771081896569,0.11252328181029084,0.6183918414505137,0.6209472284114891,0.6183918414505137,0.6209472284114891,0.6183918414505137,0.6209472284114891
0.585,0.585,0.0734207964562253,0.585,0.75,0.75,0.0144676154058422,0.75,0.5913577318222444,0.588621137349079,0.5913577318222444,0.588621137349079,0.5913577318222444,0.588621137349079,0.5913577318222444,0.588621137349079,0.5913577318222444,0.588621137349079,0.5913577318222444,0.588621137349079,0.12280367044956256,0.10708910205348976,0.12280367044956256,0.10708910205348976,0.12280367044956256,0.10708910205348976,0.5913577318222444,0.588621137349079,0.5913577318222444,0.588621137349079,0.5913577318222444,0.588621137349079
0.555,0.555,0.0500789821969859,0.555,0.735,0.735,0.0141662450522305,0.735,0.586003263535773,0.589542519743295,0.586003263535773,0.589542519743295,0.586003263535773,0.589542519743295,0.586003263535773,0.589542519743295,0.586003263535773,0.589542519743295,0.586003263535773,0.589542519743295,0.13466765514955303,0.11729017492394356,0.13466765514955303,0.11729017492394356,0.13466765514955303,0.11729017492394356,0.586003263535773,0.589542519743295,0.586003263535773,0.589542519743295,0.586003263535773,0.589542519743295
0.542,0.542,0.0581403000789682,0.542,0.72,0.72,0.0207050923335199,0.72,0.5996240966058421,0.5910638878484171,0.5996240966058421,0.5910638878484171,0.5996240966058421,0.5910638878484171,0.5996240966058421,0.5910638878484171,0.5996240966058421,0.5910638878484171,0.5996240966058421,0.5910638878484171,0.17534333744067462,0.15229415388773015,0.17534333744067462,0.15229415388773015,0.17534333744067462,0.15229415388773015,0.5996240966058421,0.5910638878484171,0.5996240966058421,0.5910638878484171,0.5996240966058421,0.5910638878484171
0.551,0.551,0.0446401974552108,0.551,0.72,0.72,0.0341830223172709,0.72,0.6013535445346175,0.6011581254413055,0.6013535445346175,0.6011581254413055,0.6013535445346175,0.6011581254413055,0.6013535445346175,0.6011581254413055,0.6013535445346175,0.6011581254413055,0.6013535445346175,0.6011581254413055,0.13130098482805885,0.15148178570117984,0.13130098482805885,0.15148178570117984,0.13130098482805885,0.15148178570117984,0.6013535445346175,0.6011581254413055,0.6013535445346175,0.6011581254413055,0.6013535445346175,0.6011581254413055
0.569,0.569,0.0700384067664954,0.569,0.705,0.705,0.0339398226379009,0.705,0.6130449020524261,0.6115297527054797,0.6130449020524261,0.6115297527054797,0.6130449020524261,0.6115297527054797,0.6130449020524261,0.6115297527054797,0.6130449020524261,0.6115297527054797,0.6130449020524261,0.6115297527054797,0.15658589590957503,0.16445422326919543,0.15658589590957503,0.16445422326919543,0.15658589590957503,0.16445422326919543,0.6130449020524261,0.6115297527054797,0.6130449020524261,0.6115297527054797,0.6130449020524261,0.6115297527054797
0.576,0.576,0.1078379800105208,0.576,0.681,0.681,0.0761656530553142,0.681,0.6117908018688787,0.6154122687338145,0.6117908018688787,0.6154122687338145,0.6117908018688787,0.6154122687338145,0.6117908018688787,0.6154122687338145,0.6117908018688787,0.6154122687338145,0.6117908018688787,0.6154122687338145,0.1629907869457049,0.17255870696151374,0.1629907869457049,0.17255870696151374,0.1629907869457049,0.17255870696151374,0.6117908018688787,0.6154122687338145,0.6117908018688787,0.6154122687338145,0.6117908018688787,0.6154122687338145
0.564,0.564,0.0916818053032448,0.564,0.635,0.635,0.0772948813881529,0.635,0.609013530994983,0.6186901723141258,0.609013530994983,0.6186901723141258,0.609013530994983,0.6186901723141258,0.609013530994983,0.6186901723141258,0.609013530994983,0.6186901723141258,0.609013530994983,0.6186901723141258,0.1804552674053353,0.18449897920542427,0.1804552674053353,0.18449897920542427,0.1804552674053353,0.18449897920542427,0.609013530994983,0.6186901723141258,0.609013530994983,0.6186901723141258,0.609013530994983,0.6186901723141258
0.576,0.576,0.118459133096038,0.576,0.585,0.585,0.0734207964562253,0.585,0.5989238215743767,0.6021172757811155,0.5989238215743767,0.6021172757811155,0.5989238215743767,0.6021172757811155,0.5989238215743767,0.6021172757811155,0.5989238215743767,0.6021172757811155,0.5989238215743767,0.6021172757811155,0.1852409272600119,0.19086350146833897,0.1852409272600119,0.19086350146833897,0.1852409272600119,0.19086350146833897,0.5989238215743767,0.6021172757811155,0.5989238215743767,0.6021172757811155,0.5989238215743767,0.6021172757811155
0.567,0.567,0.0907945573660339,0.567,0.555,0.555,0.0500789821969859,0.555,0.6170422647169082,0.614516432552916,0.6170422647169082,0.614516432552916,0.6170422647169082,0.614516432552916,0.6170422647169082,0.614516432552916,0.6170422647169082,0.614516432552916,0.6170422647169082,0.614516432552916,0.19806682913818316,0.19023187700205463,0.19806682913818316,0.19023187700205463,0.19806682913818316,0.19023187700205463,0.6170422647169082,0.614516432552916,0.6170422647169082,0.614516432552916,0.6170422647169082,0.614516432552916
0.588,0.588,0.1316480561140829,0.588,0.542,0.542,0.0581403000789682,0.542,0.6237794340870562,0.618151818388486,0.6237794340870562,0.618151818388486,0.6237794340870562,0.618151818388486,0.6237794340870562,0.618151818388486,0.6237794340870562,0.618151818388486,0.6237794340870562,0.618151818388486,0.2158496249868544,0.2005064993340232,0.2158496249868544,0.2005064993340232,0.2158496249868544,0.2005064993340232,0.6237794340870562,0.618151818388486,0.6237794340870562,0.618151818388486,0.6237794340870562,0.618151818388486
0.57,0.57,0.1131643533318209,0.57,0.551,0.551,0.0446401974552108,0.551,0.6162144159001985,0.6210188203280606,0.6162144159001985,0.6210188203280606,0.6162144159001985,0.6210188203280606,0.6162144159001985,0.6210188203280606,0.6162144159001985,0.6210188203280606,0.6162144159001985,0.6210188203280606,0.22061353812221562,0.20697401581149774,0.22061353812221562,0.20697401581149774,0.22061353812221562,0.20697401581149774,0.6162144159001985,0.6210188203280606,0.6162144159001985,0.6210188203280606,0.6162144159001985,0.6210188203280606
0.58,0.58,0.1375344986200551,0.58,0.569,0.569,0.0700384067664954,0.569,0.6232957917665627,0.6365142423644106,0.6232957917665627,0.6365142423644106,0.6232957917665627,0.6365142423644106,0.6232957917665627,0.6365142423644106,0.6232957917665627,0.6365142423644106,0.6232957917665627,0.6365142423644106,0.2186803531212242,0.21636060163377085,0.2186803531212242,0.21636060163377085,0.2186803531212242,0.21636060163377085,0.6232957917665627,0.6365142423644106,0.6232957917665627,0.6365142423644106,0.6232957917665627,0.6365142423644106
0.576,0.576,0.1344713130315142,0.576,0.576,0.576,0.1078379800105208,0.576,0.6091117225108126,0.6135385904797763,0.6091117225108126,0.6135385904797763,0.6091117225108126,0.6135385904797763,0.6091117225108126,0.6135385904797763,0.6091117225108126,0.6135385904797763,0.6091117225108126,0.6135385904797763,0.18236821452596985,0.1778249186403557,0.18236821452596985,0.1778249186403557,0.18236821452596985,0.1778249186403557,0.6091117225108126,0.6135385904797763,0.6091117225108126,0.6135385904797763,0.6091117225108126,0.6135385904797763
0.571,0.571,0.1283464182961915,0.571,0.564,0.564,0.0916818053032448,0.564,0.627325291908905,0.6330729199983082,0.627325291908905,0.6330729199983082,0.627325291908905,0.6330729199983082,0.627325291908905,0.6330729199983082,0.627325291908905,0.6330729199983082,0.627325291908905,0.6330729199983082,0.20133773823865087,0.19742149939183276,0.20133773823865087,0.19742149939183276,0.20133773823865087,0.19742149939183276,0.627325291908905,0.6330729199983082,0.627325291908905,0.6330729199983082,0.627325291908905,0.6330729199983082
0.558,0.558,0.1074601789926011,0.558,0.576,0.576,0.118459133096038,0.576,0.6425053622824699,0.6693648821484085,0.6425053622824699,0.6693648821484085,0.6425053622824699,0.6693648821484085,0.6425053622824699,0.6693648821484085,0.6425053622824699,0.6693648821484085,0.6425053622824699,0.6693648821484085,0.19088544195652452,0.2024584577578517,0.19088544195652452,0.2024584577578517,0.19088544195652452,0.2024584577578517,0.6425053622824699,0.6693648821484085,0.6425053622824699,0.6693648821484085,0.6425053622824699,0.6693648821484085
0.549,0.549,0.0934308916941385,0.549,0.567,0.567,0.0907945573660339,0.567,0.6432457021672653,0.6615349697617162,0.6432457021672653,0.6615349697617162,0.6432457021672653,0.6615349697617162,0.6432457021672653,0.6615349697617162,0.6432457021672653,0.6615349697617162,0.6432457021672653,0.6615349697617162,0.1920027036899595,0.20131871499562437,0.1920027036899595,0.20131871499562437,0.1920027036899595,0.20131871499562437,0.6432457021672653,0.6615349697617162,0.6432457021672653,0.6615349697617162,0.6432457021672653,0.6615349697617162
0.552,0.552,0.0968470284654462,0.552,0.588,0.588,0.1316480561140829,0.588,0.608705186581269,0.6304186878378397,0.608705186581269,0.6304186878378397,0.608705186581269,0.6304186878378397,0.608705186581269,0.6304186878378397,0.608705186581269,0.6304186878378397,0.608705186581269,0.6304186878378397,0.1882149510051725,0.18545873877401664,0.1882149510051725,0.18545873877401664,0.1882149510051725,0.18545873877401664,0.608705186581269,0.6304186878378397,0.608705186581269,0.6304186878378397,0.608705186581269,0.6304186878378397
0.54,0.54,0.0835302415097046,0.54,0.57,0.57,0.1131643533318209,0.57,0.6040310149137351,0.608073234437846,0.6040310149137351,0.608073234437846,0.6040310149137351,0.608073234437846,0.6040310149137351,0.608073234437846,0.6040310149137351,0.608073234437846,0.6040310149137351,0.608073234437846,0.13783767416345888,0.1752049662977711,0.13783767416345888,0.1752049662977711,0.13783767416345888,0.1752049662977711,0.6040310149137351,0.608073234437846,0.6040310149137351,0.608073234437846,0.6040310149137351,0.608073234437846
0.521,0.521,0.0558450876349214,0.521,0.58,0.58,0.1375344986200551,0.58,0.5958026655846658,0.5717728433134045,0.5958026655846658,0.5717728433134045,0.5958026655846658,0.5717728433134045,0.5958026655846658,0.5717728433134045,0.5958026655846658,0.5717728433134045,0.5958026655846658,0.5717728433134045,0.16631518160334555,0.14660392679137665,0.16631518160334555,0.14660392679137665,0.16631518160334555,0.14660392679137665,0.5958026655846658,0.5717728433134045,0.5958026655846658,0.5717728433134045,0.5958026655846658,0.5717728433134045
0.538,0.538,0.093235774400201,0.538,0.576,0.576,0.1344713130315142,0.576,0.5951228750209374,0.5784692900731561,0.5951228750209374,0.5784692900731561,0.5951228750209374,0.5784692900731561,0.5951228750209374,0.5784692900731561,0.5951228750209374,0.5784692900731561,0.5951228750209374,0.5784692900731561,0.17323995604437079,0.14951924911017658,0.17323995604437079,0.14951924911017658,0.17323995604437079,0.14951924911017658,0.5951228750209374,0.5784692900731561,0.5951228750209374,0.5784692900731561,0.5951228750209374,0.5784692900731561
0.541,0.541,0.1022110253962789,0.541,0.571,0.571,0.1283464182961915,0.571,0.5956621312717246,0.5867721271117833,0.5956621312717246,0.5867721271117833,0.5956621312717246,0.5867721271117833,0.5956621312717246,0.5867721271117833,0.5956621312717246,0.5867721271117833,0.5956621312717246,0.5867721271117833,0.1656483118943582,0.14156352867251445,0.1656483118943582,0.14156352867251445,0.1656483118943582,0.14156352867251445,0.5956621312717246,0.5867721271117833,0.5956621312717246,0.5867721271117833,0.5956621312717246,0.5867721271117833
0.551,0.551,0.1203667424183059,0.551,0.558,0.558,0.1074601789926011,0.558,0.6056567178437411,0.5980113760590178,0.6056567178437411,0.5980113760590178,0.6056567178437411,0.5980113760590178,0.6056567178437411,0.5980113760590178,0.6056567178437411,0.5980113760590178,0.6056567178437411,0.5980113760590178,0.1640967912369399,0.15473133123427868,0.1640967912369399,0.15473133123427868,0.1640967912369399,0.15473133123427868,0.6056567178437411,0.5980113760590178,0.6056567178437411,0.5980113760590178,0.6056567178437411,0.5980113760590178
0.555,0.555,0.1286469551595849,0.555,0.549,0.549,0.0934308916941385,0.549,0.608643543539171,0.6048604685877764,0.608643543539171,0.6048604685877764,0.608643543539171,0.6048604685877764,0.608643543539171,0.6048604685877764,0.608643543539171,0.6048604685877764,0.608643543539171,0.6048604685877764,0.17975971350447875,0.1820544028028816,0.17975971350447875,0.1820544028028816,0.17975971350447875,0.1820544028028816,0.608643543539171,0.6048604685877764,0.608643543539171,0.6048604685877764,0.608643543539171,0.6048604685877764
0.56,0.56,0.1380796414411309,0.56,0.552,0.552,0.0968470284654462,0.552,0.6148729627001784,0.611714661673475,0.6148729627001784,0.611714661673475,0.6148729627001784,0.611714661673475,0.6148729627001784,0.611714661673475,0.6148729627001784,0.611714661673475,0.6148729627001784,0.611714661673475,0.17776814529770368,0.1931434730943936,0.17776814529770368,0.1931434730943936,0.17776814529770368,0.1931434730943936,0.6148729627001784,0.611714661673475,0.6148729627001784,0.611714661673475,0.6148729627001784,0.611714661673475
0.557,0.557,0.1265635104654647,0.557,0.54,0.54,0.0835302415097046,0.54,0.6070164879173082,0.5880065748669033,0.6070164879173082,0.5880065748669033,0.6070164879173082,0.5880065748669033,0.6070164879173082,0.5880065748669033,0.6070164879173082,0.5880065748669033,0.6070164879173082,0.5880065748669033,0.1836115156254987,0.15081766993939089,0.1836115156254987,0.15081766993939089,0.1836115156254987,0.15081766993939089,0.6070164879173082,0.5880065748669033,0.6070164879173082,0.5880065748669033,0.6070164879173082,0.5880065748669033
0.56,0.56,0.1365675420040268,0.56,0.521,0.521,0.0558450876349214,0.521,0.6075679703437623,0.6211347925767537,0.6075679703437623,0.6211347925767537,0.6075679703437623,0.6211347925767537,0.6075679703437623,0.6211347925767537,0.6075679703437623,0.6211347925767537,0.6075679703437623,0.6211347925767537,0.19247660164906633,0.17984657943661325,0.19247660164906633,0.17984657943661325,0.19247660164906633,0.17984657943661325,0.6075679703437623,0.6211347925767537,0.6075679703437623,0.6211347925767537,0.6075679703437623,0.6211347925767537
0.565,0.565,0.1533077444118311,0.565,0.538,0.538,0.093235774400201,0.538,0.6278692581961267,0.6148826694692604,0.6278692581961267,0.6148826694692604,0.6278692581961267,0.6148826694692604,0.6278692581961267,0.6148826694692604,0.6278692581961267,0.6148826694692604,0.6278692581961267,0.6148826694692604,0.19024496387526274,0.16678075765555317,0.19024496387526274,0.16678075765555317,0.19024496387526274,0.16678075765555317,0.6278692581961267,0.6148826694692604,0.6278692581961267,0.6148826694692604,0.6278692581961267,0.6148826694692604
0.562,0.562,0.1503164004454049,0.562,0.541,0.541,0.1022110253962789,0.541,0.6241842694427486,0.6177381364610581,0.6241842694427486,0.6177381364610581,0.6241842694427486,0.6177381364610581,0.6241842694427486,0.6177381364610581,0.6241842694427486,0.6177381364610581,0.6241842694427486,0.6177381364610581,0.20650303036794074,0.16368375991220008,0.20650303036794074,0.16368375991220008,0.20650303036794074,0.16368375991220008,0.6241842694427486,0.6177381364610581,0.6241842694427486,0.6177381364610581,0.6241842694427486,0.6177381364610581
0.552,0.552,0.1368148467846354,0.552,0.551,0.551,0.1203667424183059,0.551,0.6372216145432439,0.6392295473940369,0.6372216145432439,0.6392295473940369,0.6372216145432439,0.6392295473940369,0.6372216145432439,0.6392295473940369,0.6372216145432439,0.6392295473940369,0.6372216145432439,0.6392295473940369,0.2204895356792311,0.19041152131398142,0.2204895356792311,0.19041152131398142,0.2204895356792311,0.19041152131398142,0.6372216145432439,0.6392295473940369,0.6372216145432439,0.6392295473940369,0.6372216145432439,0.6392295473940369
0.544,0.544,0.1114575214341387,0.544,0.555,0.555,0.1286469551595849,0.555,0.6319524232779162,0.6350663401263019,0.6319524232779162,0.6350663401263019,0.6319524232779162,0.6350663401263019,0.6319524232779162,0.6350663401263019,0.6319524232779162,0.6350663401263019,0.6319524232779162,0.6350663401263019,0.21607649985853256,0.20606231768627487,0.21607649985853256,0.20606231768627487,0.21607649985853256,0.20606231768627487,0.6319524232779162,0.6350663401263019,0.6319524232779162,0.6350663401263019,0.6319524232779162,0.6350663401263019
0.561,0.561,0.1446830066632896,0.561,0.56,0.56,0.1380796414411309,0.56,0.6251234111374024,0.6134759525967604,0.6251234111374024,0.6134759525967604,0.6251234111374024,0.6134759525967604,0.6251234111374024,0.6134759525967604,0.6251234111374024,0.6134759525967604,0.6251234111374024,0.6134759525967604,0.2079878765527067,0.197716468821377,0.2079878765527067,0.197716468821377,0.2079878765527067,0.197716468821377,0.6251234111374024,0.6134759525967604,0.6251234111374024,0.6134759525967604,0.6251234111374024,0.6134759525967604
0.576,0.576,0.1696173972989063,0.576,0.557,0.557,0.1265635104654647,0.557,0.6263978841806328,0.6104566325064512,0.6263978841806328,0.6104566325064512,0.6263978841806328,0.6104566325064512,0.6263978841806328,0.6104566325064512,0.6263978841806328,0.6104566325064512,0.6263978841806328,0.6104566325064512,0.20976783034265511,0.17878606170063444,0.20976783034265511,0.17878606170063444,0.20976783034265511,0.17878606170063444,0.6263978841806328,0.6104566325064512,0.6263978841806328,0.6104566325064512,0.6263978841806328,0.6104566325064512
0.576,0.576,0.1723308646409594,0.576,0.56,0.56,0.1365675420040268,0.56,0.610972263880282,0.5976841736485122,0.610972263880282,0.5976841736485122,0.610972263880282,0.5976841736485122,0.610972263880282,0.5976841736485122,0.610972263880282,0.5976841736485122,0.610972263880282,0.5976841736485122,0.19773322057985618,0.1819437979219375,0.19773322057985618,0.1819437979219375,0.19773322057985618,0.1819437979219375,0.610972263880282,0.5976841736485122,0.610972263880282,0.5976841736485122,0.610972263880282,0.5976841736485122
0.581,0.581,0.183649612282274,0.581,0.565,0.565,0.1533077444118311,0.565,0.6302387690311277,0.6113921019090213,0.6302387690311277,0.6113921019090213,0.6302387690311277,0.6113921019090213,0.6302387690311277,0.6113921019090213,0.6302387690311277,0.6113921019090213,0.6302387690311277,0.6113921019090213,0.1927267968946414,0.1775076367419054,0.1927267968946414,0.1775076367419054,0.1927267968946414,0.1775076367419054,0.6302387690311277,0.6113921019090213,0.6302387690311277,0.6113921019090213,0.6302387690311277,0.6113921019090213
0.559,0.559,0.1397069151177489,0.559,0.562,0.562,0.1503164004454049,0.562,0.6287581643348071,0.6219416864191307,0.6287581643348071,0.6219416864191307,0.6287581643348071,0.6219416864191307,0.6287581643348071,0.6219416864191307,0.6287581643348071,0.6219416864191307,0.6287581643348071,0.6219416864191307,0.2023912857457504,0.17672060994286504,0.2023912857457504,0.17672060994286504,0.2023912857457504,0.17672060994286504,0.6287581643348071,0.6219416864191307,0.6287581643348071,0.6219416864191307,0.6287581643348071,0.6219416864191307
0.571,0.571,0.1625019522099016,0.571,0.552,0.552,0.1368148467846354,0.552,0.6121589972887524,0.6243379264633913,0.6121589972887524,0.6243379264633913,0.6121589972887524,0.6243379264633913,0.6121589972887524,0.6243379264633913,0.6121589972887524,0.6243379264633913,0.6121589972887524,0.6243379264633913,0.21258116826053078,0.2034558093427985,0.21258116826053078,0.2034558093427985,0.21258116826053078,0.2034558093427985,0.6121589972887524,0.6243379264633913,0.6121589972887524,0.6243379264633913,0.6121589972887524,0.6243379264633913
0.572,0.572,0.1643334387678995,0.572,0.544,0.544,0.1114575214341387,0.544,0.6202385172509227,0.6049116932828124,0.6202385172509227,0.6049116932828124,0.6202385172509227,0.6049116932828124,0.6202385172509227,0.6049116932828124,0.6202385172509227,0.6049116932828124,0.6202385172509227,0.6049116932828124,0.22173056891509904,0.15699126451251327,0.22173056891509904,0.15699126451251327,0.22173056891509904,0.15699126451251327,0.6202385172509227,0.6049116932828124,0.6202385172509227,0.6049116932828124,0.6202385172509227,0.6049116932828124
0.586,0.586,0.1895066562255285,0.586,0.561,0.561,0.1446830066632896,0.561,0.6263119049074104,0.635915749987092,0.6263119049074104,0.635915749987092,0.6263119049074104,0.635915749987092,0.6263119049074104,0.635915749987092,0.6263119049074104,0.635915749987092,0.6263119049074104,0.635915749987092,0.22800903910575715,0.21868959493368959,0.22800903910575715,0.21868959493368959,0.22800903910575715,0.21868959493368959,0.6263119049074104,0.635915749987092,0.6263119049074104,0.635915749987092,0.6263119049074104,0.635915749987092
0.594,0.594,0.214006938421509,0.594,0.576,0.576,0.1696173972989063,0.576,0.64267742280401,0.6329456912030433,0.64267742280401,0.6329456912030433,0.64267742280401,0.6329456912030433,0.64267742280401,0.6329456912030433,0.64267742280401,0.6329456912030433,0.64267742280401,0.6329456912030433,0.24031764598268962,0.21984069629169598,0.24031764598268962,0.21984069629169598,0.24031764598268962,0.21984069629169598,0.64267742280401,0.6329456912030433,0.64267742280401,0.6329456912030433,0.64267742280401,0.6329456912030433
0.588,0.588,0.2016617836270907,0.588,0.576,0.576,0.1723308646409594,0.576,0.6454052337560846,0.6434403977084544,0.6454052337560846,0.6434403977084544,0.6454052337560846,0.6434403977084544,0.6454052337560846,0.6434403977084544,0.6454052337560846,0.6434403977084544,0.6454052337560846,0.6434403977084544,0.23192914259608938,0.225143636174653,0.23192914259608938,0.225143636174653,0.23192914259608938,0.225143636174653,0.6454052337560846,0.6434403977084544,0.6454052337560846,0.6434403977084544,0.6454052337560846,0.6434403977084544
0.582,0.582,0.1847020456566854,0.582,0.581,0.581,0.183649612282274,0.581,0.6314737071688995,0.6311310758841221,0.6314737071688995,0.6311310758841221,0.6314737071688995,0.6311310758841221,0.6314737071688995,0.6311310758841221,0.6314737071688995,0.6311310758841221,0.6314737071688995,0.6311310758841221,0.228880841855169,0.2033238378574099,0.228880841855169,0.2033238378574099,0.228880841855169,0.2033238378574099,0.6314737071688995,0.6311310758841221,0.6314737071688995,0.6311310758841221,0.6314737071688995,0.6311310758841221
0.578,0.578,0.1810786474989909,0.578,0.559,0.559,0.1397069151177489,0.559,0.6352104133469558,0.6272315661676758,0.6352104133469558,0.6272315661676758,0.6352104133469558,0.6272315661676758,0.6352104133469558,0.6272315661676758,0.6352104133469558,0.6272315661676758,0.6352104133469558,0.6272315661676758,0.21585051256610138,0.19977172766047188,0.21585051256610138,0.19977172766047188,0.21585051256610138,0.19977172766047188,0.6352104133469558,0.6272315661676758,0.6352104133469558,0.6272315661676758,0.6352104133469558,0.6272315661676758
0.576,0.576,0.1763791763791763,0.576,0.571,0.571,0.1625019522099016,0.571,0.6241649948932481,0.6281668088219418,0.6241649948932481,0.6281668088219418,0.6241649948932481,0.6281668088219418,0.6241649948932481,0.6281668088219418,0.6241649948932481,0.6281668088219418,0.6241649948932481,0.6281668088219418,0.22688811622352836,0.19092941614504952,0.22688811622352836,0.19092941614504952,0.22688811622352836,0.19092941614504952,0.6241649948932481,0.6281668088219418,0.6241649948932481,0.6281668088219418,0.6241649948932481,0.6281668088219418
0.581,0.581,0.1898998491937666,0.581,0.572,0.572,0.1643334387678995,0.572,0.6362059999399119,0.638557559085615,0.6362059999399119,0.638557559085615,0.6362059999399119,0.638557559085615,0.6362059999399119,0.638557559085615,0.6362059999399119,0.638557559085615,0.6362059999399119,0.638557559085615,0.22640508168062148,0.2032977201680118,0.22640508168062148,0.2032977201680118,0.22640508168062148,0.2032977201680118,0.6362059999399119,0.638557559085615,0.6362059999399119,0.638557559085615,0.6362059999399119,0.638557559085615
0.555,0.555,0.1615290695045295,0.555,0.586,0.586,0.1895066562255285,0.586,0.6371957637854785,0.6423397876691065,0.6371957637854785,0.6423397876691065,0.6371957637854785,0.6423397876691065,0.6371957637854785,0.6423397876691065,0.6371957637854785,0.6423397876691065,0.6371957637854785,0.6423397876691065,0.16663988038022717,0.17977772102152736,0.16663988038022717,0.17977772102152736,0.16663988038022717,0.17977772102152736,0.6371957637854785,0.6423397876691065,0.6371957637854785,0.6423397876691065,0.6371957637854785,0.6423397876691065
0.573,0.573,0.1721083898186782,0.573,0.594,0.594,0.214006938421509,0.594,0.6344636714035392,0.6294955845791823,0.6344636714035392,0.6294955845791823,0.6344636714035392,0.6294955845791823,0.6344636714035392,0.6294955845791823,0.6344636714035392,0.6294955845791823,0.6344636714035392,0.6294955845791823,0.19700289555587588,0.149466600888277,0.19700289555587588,0.149466600888277,0.19700289555587588,0.149466600888277,0.6344636714035392,0.6294955845791823,0.6344636714035392,0.6294955845791823,0.6344636714035392,0.6294955845791823
0.598,0.598,0.1559728567589358,0.598,0.588,0.588,0.2016617836270907,0.588,0.7152078362979055,0.7157400329189422,0.7152078362979055,0.7157400329189422,0.7152078362979055,0.7157400329189422,0.7152078362979055,0.7157400329189422,0.7152078362979055,0.7157400329189422,0.7152078362979055,0.7157400329189422,0.1728649928888666,0.160735212052208,0.1728649928888666,0.160735212052208,0.1728649928888666,0.160735212052208,0.7152078362979055,0.7157400329189422,0.7152078362979055,0.7157400329189422,0.7152078362979055,0.7157400329189422
0.648,0.648,0.0918519512283218,0.648,0.582,0.582,0.1847020456566854,0.582,0.7660263762603894,0.7552840868184182,0.7660263762603894,0.7552840868184182,0.7660263762603894,0.7552840868184182,0.7660263762603894,0.7552840868184182,0.7660263762603894,0.7552840868184182,0.7660263762603894,0.7552840868184182,0.11682349121956863,0.08571701253613175,0.11682349121956863,0.08571701253613175,0.11682349121956863,0.08571701253613175,0.7660263762603894,0.7552840868184182,0.7660263762603894,0.7552840868184182,0.7660263762603894,0.7552840868184182
0.694,0.694,-0.0046555607356968,0.694,0.578,0.578,0.1810786474989909,0.578,0.7946755026126399,0.7917939073762807,0.7946755026126399,0.7917939073762807,0.7946755026126399,0.7917939073762807,0.7946755026126399,0.7917939073762807,0.7946755026126399,0.7917939073762807,0.7946755026126399,0.7917939073762807,0.0819573086566951,0.09850754768369886,0.0819573086566951,0.09850754768369886,0.0819573086566951,0.09850754768369886,0.7946755026126399,0.7917939073762807,0.7946755026126399,0.7917939073762807,0.7946755026126399,0.7917939073762807
0.684,0.684,0.0137820832917209,0.684,0.576,0.576,0.1763791763791763,0.576,0.7866744025983957,0.7804453352522753,0.7866744025983957,0.7804453352522753,0.7866744025983957,0.7804453352522753,0.7866744025983957,0.7804453352522753,0.7866744025983957,0.7804453352522753,0.7866744025983957,0.7804453352522753,0.07897929989474944,0.08182313620968025,0.07897929989474944,0.08182313620968025,0.07897929989474944,0.08182313620968025,0.7866744025983957,0.7804453352522753,0.7866744025983957,0.7804453352522753,0.7866744025983957,0.7804453352522753
0.663,0.663,0.0263154853398359,0.663,0.581,0.581,0.1898998491937666,0.581,0.777003025333805,0.783456767335463,0.777003025333805,0.783456767335463,0.777003025333805,0.783456767335463,0.777003025333805,0.783456767335463,0.777003025333805,0.783456767335463,0.777003025333805,0.783456767335463,0.06402961968146428,0.07011420948980328,0.06402961968146428,0.07011420948980328,0.06402961968146428,0.07011420948980328,0.777003025333805,0.783456767335463,0.777003025333805,0.783456767335463,0.777003025333805,0.783456767335463
0.673,0.673,0.0223396876270658,0.673,0.555,0.555,0.1615290695045295,0.555,0.7748824469526222,0.7694994685377806,0.7748824469526222,0.7694994685377806,0.7748824469526222,0.7694994685377806,0.7748824469526222,0.7694994685377806,0.7748824469526222,0.7694994685377806,0.7748824469526222,0.7694994685377806,0.07438154155635868,0.083099237799811,0.07438154155635868,0.083099237799811,0.07438154155635868,0.083099237799811,0.7748824469526222,0.7694994685377806,0.7748824469526222,0.7694994685377806,0.7748824469526222,0.7694994685377806
0.662,0.662,0.0331807780320366,0.662,0.573,0.573,0.1721083898186782,0.573,0.7510199531830261,0.7646239402382394,0.7510199531830261,0.7646239402382394,0.7510199531830261,0.7646239402382394,0.7510199531830261,0.7646239402382394,0.7510199531830261,0.7646239402382394,0.7510199531830261,0.7646239402382394,0.053159871706726,0.06717459328841019,0.053159871706726,0.06717459328841019,0.053159871706726,0.06717459328841019,0.7510199531830261,0.7646239402382394,0.7510199531830261,0.7646239402382394,0.7510199531830261,0.7646239402382394
0.647,0.647,0.0176543924484617,0.647,0.598,0.598,0.1559728567589358,0.598,0.7458708102995449,0.7575692196430669,0.7458708102995449,0.7575692196430669,0.7458708102995449,0.7575692196430669,0.7458708102995449,0.7575692196430669,0.7458708102995449,0.7575692196430669,0.7458708102995449,0.7575692196430669,0.051181913504758494,0.08671861453752232,0.051181913504758494,0.08671861453752232,0.051181913504758494,0.08671861453752232,0.7458708102995449,0.7575692196430669,0.7458708102995449,0.7575692196430669,0.7458708102995449,0.7575692196430669
0.6,0.6,0.0165756179592959,0.6,0.648,0.648,0.0918519512283218,0.648,0.7308072751518432,0.7378004553752991,0.7308072751518432,0.7378004553752991,0.7308072751518432,0.7378004553752991,0.7308072751518432,0.7378004553752991,0.7308072751518432,0.7378004553752991,0.7308072751518432,0.7378004553752991,0.060255180551877306,0.09718852149552264,0.060255180551877306,0.09718852149552264,0.060255180551877306,0.09718852149552264,0.7308072751518432,0.7378004553752991,0.7308072751518432,0.7378004553752991,0.7308072751518432,0.7378004553752991
0.585,0.585,0.0237774871326814,0.585,0.694,0.694,-0.0046555607356968,0.694,0.7152942567221642,0.7222792163833763,0.7152942567221642,0.7222792163833763,0.7152942567221642,0.7222792163833763,0.7152942567221642,0.7222792163833763,0.7152942567221642,0.7222792163833763,0.7152942567221642,0.7222792163833763,0.05321788678961875,0.08712873806227105,0.05321788678961875,0.08712873806227105,0.05321788678961875,0.08712873806227105,0.7152942567221642,0.7222792163833763,0.7152942567221642,0.7222792163833763,0.7152942567221642,0.7222792163833763
0.582,0.582,0.010421352171628,0.582,0.684,0.684,0.0137820832917209,0.684,0.7182006159046738,0.7228589600781511,0.7182006159046738,0.7228589600781511,0.7182006159046738,0.7228589600781511,0.7182006159046738,0.7228589600781511,0.7182006159046738,0.7228589600781511,0.7182006159046738,0.7228589600781511,0.02928446438304385,0.07389936741312443,0.02928446438304385,0.07389936741312443,0.02928446438304385,0.07389936741312443,0.7182006159046738,0.7228589600781511,0.7182006159046738,0.7228589600781511,0.7182006159046738,0.7228589600781511
0.591,0.591,0.0636875600934023,0.591,0.663,0.663,0.0263154853398359,0.663,0.7143135384898042,0.7152236888087767,0.7143135384898042,0.7152236888087767,0.7143135384898042,0.7152236888087767,0.7143135384898042,0.7152236888087767,0.7143135384898042,0.7152236888087767,0.7143135384898042,0.7152236888087767,0.040449009070129285,0.08043578328328084,0.040449009070129285,0.08043578328328084,0.040449009070129285,0.08043578328328084,0.7143135384898042,0.7152236888087767,0.7143135384898042,0.7152236888087767,0.7143135384898042,0.7152236888087767
0.58,0.58,0.0912710089488169,0.58,0.673,0.673,0.0223396876270658,0.673,0.7163604823503137,0.7123450683866814,0.7163604823503137,0.7123450683866814,0.7163604823503137,0.7123450683866814,0.7163604823503137,0.7123450683866814,0.7163604823503137,0.7123450683866814,0.7163604823503137,0.7123450683866814,0.04147478089700828,0.08913003119628227,0.04147478089700828,0.08913003119628227,0.04147478089700828,0.08913003119628227,0.7163604823503137,0.7123450683866814,0.7163604823503137,0.7123450683866814,0.7163604823503137,0.7123450683866814
0.58,0.58,0.123586783688698,0.58,0.662,0.662,0.0331807780320366,0.662,0.6485013965580328,0.6511289252183735,0.6485013965580328,0.6511289252183735,0.6485013965580328,0.6511289252183735,0.6485013965580328,0.6511289252183735,0.6485013965580328,0.6511289252183735,0.6485013965580328,0.6511289252183735,0.060569697796410034,0.11309289973942413,0.060569697796410034,0.11309289973942413,0.060569697796410034,0.11309289973942413,0.6485013965580328,0.6511289252183735,0.6485013965580328,0.6511289252183735,0.6485013965580328,0.6511289252183735
0.569,0.569,0.1325803621024158,0.569,0.647,0.647,0.0176543924484617,0.647,0.61214022783195,0.6278131510582261,0.61214022783195,0.6278131510582261,0.61214022783195,0.6278131510582261,0.61214022783195,0.6278131510582261,0.61214022783195,0.6278131510582261,0.61214022783195,0.6278131510582261,0.10844914783422699,0.1302484514665604,0.10844914783422699,0.1302484514665604,0.10844914783422699,0.1302484514665604,0.61214022783195,0.6278131510582261,0.61214022783195,0.6278131510582261,0.61214022783195,0.6278131510582261
0.578,0.578,0.1598579323745361,0.578,0.6,0.6,0.0165756179592959,0.6,0.5988951789661897,0.6036940201338319,0.5988951789661897,0.6036940201338319,0.5988951789661897,0.6036940201338319,0.5988951789661897,0.6036940201338319,0.5988951789661897,0.6036940201338319,0.5988951789661897,0.6036940201338319,0.13225948437380558,0.1418697879606202,0.13225948437380558,0.1418697879606202,0.13225948437380558,0.1418697879606202,0.5988951789661897,0.6036940201338319,0.5988951789661897,0.6036940201338319,0.5988951789661897,0.6036940201338319
0.58,0.58,0.1620780464448168,0.58,0.585,0.585,0.0237774871326814,0.585,0.5739812240394233,0.5812819600192453,0.5739812240394233,0.5812819600192453,0.5739812240394233,0.5812819600192453,0.5739812240394233,0.5812819600192453,0.5739812240394233,0.5812819600192453,0.5739812240394233,0.5812819600192453,0.14498571789571565,0.16404487745680074,0.14498571789571565,0.16404487745680074,0.14498571789571565,0.16404487745680074,0.5739812240394233,0.5812819600192453,0.5739812240394233,0.5812819600192453,0.5739812240394233,0.5812819600192453
0.587,0.587,0.1751481937143496,0.587,0.582,0.582,0.010421352171628,0.582,0.5778618160045839,0.5969941153436144,0.5778618160045839,0.5969941153436144,0.5778618160045839,0.5969941153436144,0.5778618160045839,0.5969941153436144,0.5778618160045839,0.5969941153436144,0.5778618160045839,0.5969941153436144,0.10627216236412362,0.13992769053520362,0.10627216236412362,0.13992769053520362,0.10627216236412362,0.13992769053520362,0.5778618160045839,0.5969941153436144,0.5778618160045839,0.5969941153436144,0.5778618160045839,0.5969941153436144
0.595,0.595,0.1832240265240434,0.595,0.591,0.591,0.0636875600934023,0.591,0.5972998404096302,0.6023666639065315,0.5972998404096302,0.6023666639065315,0.5972998404096302,0.6023666639065315,0.5972998404096302,0.6023666639065315,0.5972998404096302,0.6023666639065315,0.5972998404096302,0.6023666639065315,0.11750965147868346,0.17174035450452482,0.11750965147868346,0.17174035450452482,0.11750965147868346,0.17174035450452482,0.5972998404096302,0.6023666639065315,0.5972998404096302,0.6023666639065315,0.5972998404096302,0.6023666639065315
0.594,0.594,0.1901541898549857,0.594,0.58,0.58,0.0912710089488169,0.58,0.6190017871937388,0.6262068209015711,0.6190017871937388,0.6262068209015711,0.6190017871937388,0.6262068209015711,0.6190017871937388,0.6262068209015711,0.6190017871937388,0.6262068209015711,0.6190017871937388,0.6262068209015711,0.16167000888944089,0.19622165943938277,0.16167000888944089,0.19622165943938277,0.16167000888944089,0.19622165943938277,0.6190017871937388,0.6262068209015711,0.6190017871937388,0.6262068209015711,0.6190017871937388,0.6262068209015711
0.588,0.588,0.1857610959813753,0.588,0.58,0.58,0.123586783688698,0.58,0.6206253059158731,0.6043797261266958,0.6206253059158731,0.6043797261266958,0.6206253059158731,0.6043797261266958,0.6206253059158731,0.6043797261266958,0.6206253059158731,0.6043797261266958,0.6206253059158731,0.6043797261266958,0.18247618276949992,0.19481731214397632,0.18247618276949992,0.19481731214397632,0.18247618276949992,0.19481731214397632,0.6206253059158731,0.6043797261266958,0.6206253059158731,0.6043797261266958,0.6206253059158731,0.6043797261266958
0.602,0.602,0.2112689453992009,0.602,0.569,0.569,0.1325803621024158,0.569,0.6098075588223805,0.588640909525399,0.6098075588223805,0.588640909525399,0.6098075588223805,0.588640909525399,0.6098075588223805,0.588640909525399,0.6098075588223805,0.588640909525399,0.6098075588223805,0.588640909525399,0.1603173063475388,0.16643731351996766,0.1603173063475388,0.16643731351996766,0.1603173063475388,0.16643731351996766,0.6098075588223805,0.588640909525399,0.6098075588223805,0.588640909525399,0.6098075588223805,0.588640909525399
0.569,0.569,0.1529421013324948,0.569,0.578,0.578,0.1598579323745361,0.578,0.6253528485434641,0.6129373933965964,0.6253528485434641,0.6129373933965964,0.6253528485434641,0.6129373933965964,0.6253528485434641,0.6129373933965964,0.6253528485434641,0.6129373933965964,0.6253528485434641,0.6129373933965964,0.13283329178133468,0.18603961086626558,0.13283329178133468,0.18603961086626558,0.13283329178133468,0.18603961086626558,0.6253528485434641,0.6129373933965964,0.6253528485434641,0.6129373933965964,0.6253528485434641,0.6129373933965964
0.591,0.591,0.191431147100223,0.591,0.58,0.58,0.1620780464448168,0.58,0.6269309310113316,0.625791213168644,0.6269309310113316,0.625791213168644,0.6269309310113316,0.625791213168644,0.6269309310113316,0.625791213168644,0.6269309310113316,0.625791213168644,0.6269309310113316,0.625791213168644,0.20409756475097607,0.22223264407406976,0.20409756475097607,0.22223264407406976,0.20409756475097607,0.22223264407406976,0.6269309310113316,0.625791213168644,0.6269309310113316,0.625791213168644,0.6269309310113316,0.625791213168644
0.595,0.595,0.1983499865401973,0.595,0.587,0.587,0.1751481937143496,0.587,0.6177819173134449,0.6119410791010199,0.6177819173134449,0.6119410791010199,0.6177819173134449,0.6119410791010199,0.6177819173134449,0.6119410791010199,0.6177819173134449,0.6119410791010199,0.6177819173134449,0.6119410791010199,0.19857916898333627,0.19185355311837124,0.19857916898333627,0.19185355311837124,0.19857916898333627,0.19185355311837124,0.6177819173134449,0.6119410791010199,0.6177819173134449,0.6119410791010199,0.6177819173134449,0.6119410791010199
0.572,0.572,0.1550852811118129,0.572,0.595,0.595,0.1832240265240434,0.595,0.6141077033117809,0.6096424174392413,0.6141077033117809,0.6096424174392413,0.6141077033117809,0.6096424174392413,0.6141077033117809,0.6096424174392413,0.6141077033117809,0.6096424174392413,0.6141077033117809,0.6096424174392413,0.17734981200070732,0.2212068760793699,0.17734981200070732,0.2212068760793699,0.17734981200070732,0.2212068760793699,0.6141077033117809,0.6096424174392413,0.6141077033117809,0.6096424174392413,0.6141077033117809,0.6096424174392413
0.584,0.584,0.1807798345805434,0.584,0.594,0.594,0.1901541898549857,0.594,0.6162701453238578,0.6148506659712757,0.6162701453238578,0.6148506659712757,0.6162701453238578,0.6148506659712757,0.6162701453238578,0.6148506659712757,0.6162701453238578,0.6148506659712757,0.6162701453238578,0.6148506659712757,0.24458084356312246,0.23849653541020874,0.24458084356312246,0.23849653541020874,0.24458084356312246,0.23849653541020874,0.6162701453238578,0.6148506659712757,0.6162701453238578,0.6148506659712757,0.6162701453238578,0.6148506659712757
0.566,0.566,0.1486757396124709,0.566,0.588,0.588,0.1857610959813753,0.588,0.64449585392623,0.6626613887426871,0.64449585392623,0.6626613887426871,0.64449585392623,0.6626613887426871,0.64449585392623,0.6626613887426871,0.64449585392623,0.6626613887426871,0.64449585392623,0.6626613887426871,0.25152576288864925,0.25517328754067836,0.25152576288864925,0.25517328754067836,0.25152576288864925,0.25517328754067836,0.64449585392623,0.6626613887426871,0.64449585392623,0.6626613887426871,0.64449585392623,0.6626613887426871
0.582,0.582,0.1832364159319701,0.582,0.602,0.602,0.2112689453992009,0.602,0.6346357843902837,0.654948184764457,0.6346357843902837,0.654948184764457,0.6346357843902837,0.654948184764457,0.6346357843902837,0.654948184764457,0.6346357843902837,0.654948184764457,0.6346357843902837,0.654948184764457,0.23923911410643878,0.26984163801746913,0.23923911410643878,0.26984163801746913,0.23923911410643878,0.26984163801746913,0.6346357843902837,0.654948184764457,0.6346357843902837,0.654948184764457,0.6346357843902837,0.654948184764457
0.577,0.577,0.1738023063220726,0.577,0.569,0.569,0.1529421013324948,0.569,0.6418721549405157,0.6744661170139843,0.6418721549405157,0.6744661170139843,0.6418721549405157,0.6744661170139843,0.6418721549405157,0.6744661170139843,0.6418721549405157,0.6744661170139843,0.6418721549405157,0.6744661170139843,0.23827548873005672,0.25902136700076756,0.23827548873005672,0.25902136700076756,0.23827548873005672,0.25902136700076756,0.6418721549405157,0.6744661170139843,0.6418721549405157,0.6744661170139843,0.6418721549405157,0.6744661170139843
0.586,0.586,0.1849110096078121,0.586,0.591,0.591,0.191431147100223,0.591,0.627663913926826,0.6420464163330011,0.627663913926826,0.6420464163330011,0.627663913926826,0.6420464163330011,0.627663913926826,0.6420464163330011,0.627663913926826,0.6420464163330011,0.627663913926826,0.6420464163330011,0.2296542480350945,0.24075671614878255,0.2296542480350945,0.24075671614878255,0.2296542480350945,0.24075671614878255,0.627663913926826,0.6420464163330011,0.627663913926826,0.6420464163330011,0.627663913926826,0.6420464163330011
0.594,0.594,0.2061723036254071,0.594,0.595,0.595,0.1983499865401973,0.595,0.6228995305972473,0.6345831132696741,0.6228995305972473,0.6345831132696741,0.6228995305972473,0.6345831132696741,0.6228995305972473,0.6345831132696741,0.6228995305972473,0.6345831132696741,0.6228995305972473,0.6345831132696741,0.23411224538132155,0.24735871861644576,0.23411224538132155,0.24735871861644576,0.23411224538132155,0.24735871861644576,0.6228995305972473,0.6345831132696741,0.6228995305972473,0.6345831132696741,0.6228995305972473,0.6345831132696741
0.58,0.58,0.1813759121811264,0.58,0.572,0.572,0.1550852811118129,0.572,0.6148974652440007,0.6001930206433108,0.6148974652440007,0.6001930206433108,0.6148974652440007,0.6001930206433108,0.6148974652440007,0.6001930206433108,0.6148974652440007,0.6001930206433108,0.6148974652440007,0.6001930206433108,0.2279469474151232,0.19874063466569394,0.2279469474151232,0.19874063466569394,0.2279469474151232,0.19874063466569394,0.6148974652440007,0.6001930206433108,0.6148974652440007,0.6001930206433108,0.6148974652440007,0.6001930206433108
0.589,0.589,0.2034821975364149,0.589,0.584,0.584,0.1807798345805434,0.584,0.6063762981305294,0.5959129804014306,0.6063762981305294,0.5959129804014306,0.6063762981305294,0.5959129804014306,0.6063762981305294,0.5959129804014306,0.6063762981305294,0.5959129804014306,0.6063762981305294,0.5959129804014306,0.23653370247895042,0.20777414865557717,0.23653370247895042,0.20777414865557717,0.23653370247895042,0.20777414865557717,0.6063762981305294,0.5959129804014306,0.6063762981305294,0.5959129804014306,0.6063762981305294,0.5959129804014306
0.584,0.584,0.1934389359598269,0.584,0.566,0.566,0.1486757396124709,0.566,0.6090927904320056,0.6014582693527876,0.6090927904320056,0.6014582693527876,0.6090927904320056,0.6014582693527876,0.6090927904320056,0.6014582693527876,0.6090927904320056,0.6014582693527876,0.6090927904320056,0.6014582693527876,0.21367602860309762,0.1894151863814014,0.21367602860309762,0.1894151863814014,0.21367602860309762,0.1894151863814014,0.6090927904320056,0.6014582693527876,0.6090927904320056,0.6014582693527876,0.6090927904320056,0.6014582693527876
0.587,0.587,0.195715676728335,0.587,0.582,0.582,0.1832364159319701,0.582,0.6122173555896798,0.6100604488437611,0.6122173555896798,0.6100604488437611,0.6122173555896798,0.6100604488437611,0.6122173555896798,0.6100604488437611,0.6122173555896798,0.6100604488437611,0.6122173555896798,0.6100604488437611,0.20551451968698822,0.2235703302624241,0.20551451968698822,0.2235703302624241,0.20551451968698822,0.2235703302624241,0.6122173555896798,0.6100604488437611,0.6122173555896798,0.6100604488437611,0.6122173555896798,0.6100604488437611
0.57,0.57,0.169242658423493,0.57,0.577,0.577,0.1738023063220726,0.577,0.6192244071814126,0.6211734089658499,0.6192244071814126,0.6211734089658499,0.6192244071814126,0.6211734089658499,0.6192244071814126,0.6211734089658499,0.6192244071814126,0.6211734089658499,0.6192244071814126,0.6211734089658499,0.2141343322528419,0.21901320075243902,0.2141343322528419,0.21901320075243902,0.2141343322528419,0.21901320075243902,0.6192244071814126,0.6211734089658499,0.6192244071814126,0.6211734089658499,0.6192244071814126,0.6211734089658499
0.569,0.569,0.1708349365140438,0.569,0.586,0.586,0.1849110096078121,0.586,0.6137928448050274,0.6216278665578783,0.6137928448050274,0.6216278665578783,0.6137928448050274,0.6216278665578783,0.6137928448050274,0.6216278665578783,0.6137928448050274,0.6216278665578783,0.6137928448050274,0.6216278665578783,0.20799922721931996,0.17943008340762207,0.20799922721931996,0.17943008340762207,0.20799922721931996,0.17943008340762207,0.6137928448050274,0.6216278665578783,0.6137928448050274,0.6216278665578783,0.6137928448050274,0.6216278665578783
0.561,0.561,0.1605027039844568,0.561,0.594,0.594,0.2061723036254071,0.594,0.6334833471363238,0.637946583644444,0.6334833471363238,0.637946583644444,0.6334833471363238,0.637946583644444,0.6334833471363238,0.637946583644444,0.6334833471363238,0.637946583644444,0.6334833471363238,0.637946583644444,0.22865087179266882,0.25539452915550137,0.22865087179266882,0.25539452915550137,0.22865087179266882,0.25539452915550137,0.6334833471363238,0.637946583644444,0.6334833471363238,0.637946583644444,0.6334833471363238,0.637946583644444
0.572,0.572,0.1745196591614817,0.572,0.58,0.58,0.1813759121811264,0.58,0.6212765759509508,0.6338881265636078,0.6212765759509508,0.6338881265636078,0.6212765759509508,0.6338881265636078,0.6212765759509508,0.6338881265636078,0.6212765759509508,0.6338881265636078,0.6212765759509508,0.6338881265636078,0.24063481308086673,0.24355214274696468,0.24063481308086673,0.24355214274696468,0.24063481308086673,0.24355214274696468,0.6212765759509508,0.6338881265636078,0.6212765759509508,0.6338881265636078,0.6212765759509508,0.6338881265636078
0.581,0.581,0.1872662663128655,0.581,0.589,0.589,0.2034821975364149,0.589,0.6202413976732538,0.6290528417398255,0.6202413976732538,0.6290528417398255,0.6202413976732538,0.6290528417398255,0.6202413976732538,0.6290528417398255,0.6202413976732538,0.6290528417398255,0.6202413976732538,0.6290528417398255,0.2529573493855268,0.23608683815159479,0.2529573493855268,0.23608683815159479,0.2529573493855268,0.23608683815159479,0.6202413976732538,0.6290528417398255,0.6202413976732538,0.6290528417398255,0.6202413976732538,0.6290528417398255
0.587,0.587,0.192052772843583,0.587,0.584,0.584,0.1934389359598269,0.584,0.6283190543910285,0.6346246733411604,0.6283190543910285,0.6346246733411604,0.6283190543910285,0.6346246733411604,0.6283190543910285,0.6346246733411604,0.6283190543910285,0.6346246733411604,0.6283190543910285,0.6346246733411604,0.2360018040895006,0.24791908439842886,0.2360018040895006,0.24791908439842886,0.2360018040895006,0.24791908439842886,0.6283190543910285,0.6346246733411604,0.6283190543910285,0.6346246733411604,0.6283190543910285,0.6346246733411604
0.593,0.593,0.2069121406746897,0.593,0.587,0.587,0.195715676728335,0.587,0.6353736308878433,0.6386149122521179,0.6353736308878433,0.6386149122521179,0.6353736308878433,0.6386149122521179,0.6353736308878433,0.6386149122521179,0.6353736308878433,0.6386149122521179,0.6353736308878433,0.6386149122521179,0.26989108006130946,0.26005910016779404,0.26989108006130946,0.26005910016779404,0.26989108006130946,0.26005910016779404,0.6353736308878433,0.6386149122521179,0.6353736308878433,0.6386149122521179,0.6353736308878433,0.6386149122521179
0.591,0.591,0.2055537426382607,0.591,0.57,0.57,0.169242658423493,0.57,0.6411409366073212,0.6437368391133196,0.6411409366073212,0.6437368391133196,0.6411409366073212,0.6437368391133196,0.6411409366073212,0.6437368391133196,0.6411409366073212,0.6437368391133196,0.6411409366073212,0.6437368391133196,0.24136587559185263,0.26232937437067083,0.24136587559185263,0.26232937437067083,0.24136587559185263,0.26232937437067083,0.6411409366073212,0.6437368391133196,0.6411409366073212,0.6437368391133196,0.6411409366073212,0.6437368391133196
0.581,0.581,0.1957835256543136,0.581,0.569,0.569,0.1708349365140438,0.569,0.6415386212798784,0.6443074379545809,0.6415386212798784,0.6443074379545809,0.6415386212798784,0.6443074379545809,0.6415386212798784,0.6443074379545809,0.6415386212798784,0.6443074379545809,0.6415386212798784,0.6443074379545809,0.2564475319752105,0.24734876431956845,0.2564475319752105,0.24734876431956845,0.2564475319752105,0.24734876431956845,0.6415386212798784,0.6443074379545809,0.6415386212798784,0.6443074379545809,0.6415386212798784,0.6443074379545809
0.575,0.575,0.1873804971319311,0.575,0.561,0.561,0.1605027039844568,0.561,0.6288356448195808,0.6247489825818447,0.6288356448195808,0.6247489825818447,0.6288356448195808,0.6247489825818447,0.6288356448195808,0.6247489825818447,0.6288356448195808,0.6247489825818447,0.6288356448195808,0.6247489825818447,0.2585318854315909,0.25331766946924245,0.2585318854315909,0.25331766946924245,0.2585318854315909,0.25331766946924245,0.6288356448195808,0.6247489825818447,0.6288356448195808,0.6247489825818447,0.6288356448195808,0.6247489825818447
0.576,0.576,0.1903576175127175,0.576,0.572,0.572,0.1745196591614817,0.572,0.625047610790964,0.6153940688297601,0.625047610790964,0.6153940688297601,0.625047610790964,0.6153940688297601,0.625047610790964,0.6153940688297601,0.625047610790964,0.6153940688297601,0.625047610790964,0.6153940688297601,0.2548683412831086,0.25730497887093623,0.2548683412831086,0.25730497887093623,0.2548683412831086,0.25730497887093623,0.625047610790964,0.6153940688297601,0.625047610790964,0.6153940688297601,0.625047610790964,0.6153940688297601
0.571,0.571,0.1722173768745706,0.571,0.581,0.581,0.1872662663128655,0.581,0.6350030063438805,0.637601108191613,0.6350030063438805,0.637601108191613,0.6350030063438805,0.637601108191613,0.6350030063438805,0.637601108191613,0.6350030063438805,0.637601108191613,0.6350030063438805,0.637601108191613,0.2612477562912892,0.24693570227426492,0.2612477562912892,0.24693570227426492,0.2612477562912892,0.24693570227426492,0.6350030063438805,0.637601108191613,0.6350030063438805,0.637601108191613,0.6350030063438805,0.637601108191613
0.591,0.591,0.1986174681798233,0.591,0.587,0.587,0.192052772843583,0.587,0.6279108016385452,0.6351653333451546,0.6279108016385452,0.6351653333451546,0.6279108016385452,0.6351653333451546,0.6279108016385452,0.6351653333451546,0.6279108016385452,0.6351653333451546,0.6279108016385452,0.6351653333451546,0.24551477562714277,0.24646774199452415,0.24551477562714277,0.24646774199452415,0.24551477562714277,0.24646774199452415,0.6279108016385452,0.6351653333451546,0.6279108016385452,0.6351653333451546,0.6279108016385452,0.6351653333451546
0.598,0.598,0.2052948711866014,0.598,0.593,0.593,0.2069121406746897,0.593,0.6267708043386946,0.6565604710132152,0.6267708043386946,0.6565604710132152,0.6267708043386946,0.6565604710132152,0.6267708043386946,0.6565604710132152,0.6267708043386946,0.6565604710132152,0.6267708043386946,0.6565604710132152,0.2567643165535138,0.2584459987813581,0.2567643165535138,0.2584459987813581,0.2567643165535138,0.2584459987813581,0.6267708043386946,0.6565604710132152,0.6267708043386946,0.6565604710132152,0.6267708043386946,0.6565604710132152
0.62,0.62,0.2494538789408609,0.62,0.591,0.591,0.2055537426382607,0.591,0.6182385873752596,0.6449310619117118,0.6182385873752596,0.6449310619117118,0.6182385873752596,0.6449310619117118,0.6182385873752596,0.6449310619117118,0.6182385873752596,0.6449310619117118,0.6182385873752596,0.6449310619117118,0.26832387964968246,0.2810090830506034,0.26832387964968246,0.2810090830506034,0.26832387964968246,0.2810090830506034,0.6182385873752596,0.6449310619117118,0.6182385873752596,0.6449310619117118,0.6182385873752596,0.6449310619117118
0.628,0.628,0.2691695644486356,0.628,0.581,0.581,0.1957835256543136,0.581,0.6252157734699388,0.6361003991416707,0.6252157734699388,0.6361003991416707,0.6252157734699388,0.6361003991416707,0.6252157734699388,0.6361003991416707,0.6252157734699388,0.6361003991416707,0.6252157734699388,0.6361003991416707,0.29460532801497935,0.22596764141377948,0.29460532801497935,0.22596764141377948,0.29460532801497935,0.22596764141377948,0.6252157734699388,0.6361003991416707,0.6252157734699388,0.6361003991416707,0.6252157734699388,0.6361003991416707
0.622,0.622,0.2637176415590486,0.622,0.575,0.575,0.1873804971319311,0.575,0.6275155095060725,0.6455506951820253,0.6275155095060725,0.6455506951820253,0.6275155095060725,0.6455506951820253,0.6275155095060725,0.6455506951820253,0.6275155095060725,0.6455506951820253,0.6275155095060725,0.6455506951820253,0.3007503588861099,0.31298667601327795,0.3007503588861099,0.31298667601327795,0.3007503588861099,0.31298667601327795,0.6275155095060725,0.6455506951820253,0.6275155095060725,0.6455506951820253,0.6275155095060725,0.6455506951820253
0.607,0.607,0.2399746271427687,0.607,0.576,0.576,0.1903576175127175,0.576,0.6519477503818152,0.6610519671272019,0.6519477503818152,0.6610519671272019,0.6519477503818152,0.6610519671272019,0.6519477503818152,0.6610519671272019,0.6519477503818152,0.6610519671272019,0.6519477503818152,0.6610519671272019,0.2946696076967053,0.30859298188624257,0.2946696076967053,0.30859298188624257,0.2946696076967053,0.30859298188624257,0.6519477503818152,0.6610519671272019,0.6519477503818152,0.6610519671272019,0.6519477503818152,0.6610519671272019
0.611,0.611,0.2472385847311345,0.611,0.571,0.571,0.1722173768745706,0.571,0.6349244496170489,0.6399102179415599,0.6349244496170489,0.6399102179415599,0.6349244496170489,0.6399102179415599,0.6349244496170489,0.6399102179415599,0.6349244496170489,0.6399102179415599,0.6349244496170489,0.6399102179415599,0.26867569139187836,0.2928899654336589,0.26867569139187836,0.2928899654336589,0.26867569139187836,0.2928899654336589,0.6349244496170489,0.6399102179415599,0.6349244496170489,0.6399102179415599,0.6349244496170489,0.6399102179415599
0.61,0.61,0.2489167067886374,0.61,0.591,0.591,0.1986174681798233,0.591,0.6470820934465042,0.6512372782100534,0.6470820934465042,0.6512372782100534,0.6470820934465042,0.6512372782100534,0.6470820934465042,0.6512372782100534,0.6470820934465042,0.6512372782100534,0.6470820934465042,0.6512372782100534,0.2775842613607238,0.28492154000212805,0.2775842613607238,0.28492154000212805,0.2775842613607238,0.28492154000212805,0.6470820934465042,0.6512372782100534,0.6470820934465042,0.6512372782100534,0.6470820934465042,0.6512372782100534
0.609,0.609,0.2443334673304678,0.609,0.598,0.598,0.2052948711866014,0.598,0.6343446775175124,0.6480805607015022,0.6343446775175124,0.6480805607015022,0.6343446775175124,0.6480805607015022,0.6343446775175124,0.6480805607015022,0.6343446775175124,0.6480805607015022,0.6343446775175124,0.6480805607015022,0.2953966862986562,0.2816655289503005,0.2953966862986562,0.2816655289503005,0.2953966862986562,0.2816655289503005,0.6343446775175124,0.6480805607015022,0.6343446775175124,0.6480805607015022,0.6343446775175124,0.6480805607015022
0.599,0.599,0.2209901390173207,0.599,0.62,0.62,0.2494538789408609,0.62,0.6524524248510818,0.6552082084490573,0.6524524248510818,0.6552082084490573,0.6524524248510818,0.6552082084490573,0.6524524248510818,0.6552082084490573,0.6524524248510818,0.6552082084490573,0.6524524248510818,0.6552082084490573,0.29753230408143994,0.2990193888476116,0.29753230408143994,0.2990193888476116,0.29753230408143994,0.2990193888476116,0.6524524248510818,0.6552082084490573,0.6524524248510818,0.6552082084490573,0.6524524248510818,0.6552082084490573
0.564,0.564,0.1472483111213683,0.564,0.628,0.628,0.2691695644486356,0.628,0.6471134250146614,0.6564379296770428,0.6471134250146614,0.6564379296770428,0.6471134250146614,0.6564379296770428,0.6471134250146614,0.6564379296770428,0.6471134250146614,0.6564379296770428,0.6471134250146614,0.6564379296770428,0.19976536229970296,0.25584485247459593,0.19976536229970296,0.25584485247459593,0.19976536229970296,0.25584485247459593,0.6471134250146614,0.6564379296770428,0.6471134250146614,0.6564379296770428,0.6471134250146614,0.6564379296770428
0.598,0.598,0.1515264082128867,0.598,0.622,0.622,0.2637176415590486,0.622,0.6422100600895635,0.6390405499682467,0.6422100600895635,0.6390405499682467,0.6422100600895635,0.6390405499682467,0.6422100600895635,0.6390405499682467,0.6422100600895635,0.6390405499682467,0.6422100600895635,0.6390405499682467,0.18653113043840563,0.17880019878364226,0.18653113043840563,0.17880019878364226,0.18653113043840563,0.17880019878364226,0.6422100600895635,0.6390405499682467,0.6422100600895635,0.6390405499682467,0.6422100600895635,0.6390405499682467
0.655,0.655,0.1733438122987273,0.655,0.607,0.607,0.2399746271427687,0.607,0.7131614401257335,0.7101106259265836,0.7131614401257335,0.7101106259265836,0.7131614401257335,0.7101106259265836,0.7131614401257335,0.7101106259265836,0.7131614401257335,0.7101106259265836,0.7131614401257335,0.7101106259265836,0.10648951979031346,0.1810772295541722,0.10648951979031346,0.1810772295541722,0.10648951979031346,0.1810772295541722,0.7131614401257335,0.7101106259265836,0.7131614401257335,0.7101106259265836,0.7131614401257335,0.7101106259265836
0.709,0.709,0.0997289905827321,0.709,0.611,0.611,0.2472385847311345,0.611,0.7843403395174385,0.7818693043641651,0.7843403395174385,0.7818693043641651,0.7843403395174385,0.7818693043641651,0.7843403395174385,0.7818693043641651,0.7843403395174385,0.7818693043641651,0.7843403395174385,0.7818693043641651,0.09558653944892172,0.07819386666380812,0.09558653944892172,0.07819386666380812,0.09558653944892172,0.07819386666380812,0.7843403395174385,0.7818693043641651,0.7843403395174385,0.7818693043641651,0.7843403395174385,0.7818693043641651
0.767,0.767,-0.0108459869848156,0.767,0.61,0.61,0.2489167067886374,0.61,0.7981845254706949,0.7915819104240841,0.7981845254706949,0.7915819104240841,0.7981845254706949,0.7915819104240841,0.7981845254706949,0.7915819104240841,0.7981845254706949,0.7915819104240841,0.7981845254706949,0.7915819104240841,0.07547081076232966,0.09101625651360142,0.07547081076232966,0.09101625651360142,0.07547081076232966,0.09101625651360142,0.7981845254706949,0.7915819104240841,0.7981845254706949,0.7915819104240841,0.7981845254706949,0.7915819104240841
0.762,0.762,-0.0101181583593643,0.762,0.609,0.609,0.2443334673304678,0.609,0.6843808488327149,0.6757808287104018,0.6843808488327149,0.6757808287104018,0.6843808488327149,0.6757808287104018,0.6843808488327149,0.6757808287104018,0.6843808488327149,0.6757808287104018,0.6843808488327149,0.6757808287104018,0.02032669464134974,0.019851421336600727,0.02032669464134974,0.019851421336600727,0.02032669464134974,0.019851421336600727,0.6843808488327149,0.6757808287104018,0.6843808488327149,0.6757808287104018,0.6843808488327149,0.6757808287104018
0.765,0.765,-0.0015171920015,0.765,0.599,0.599,0.2209901390173207,0.599,0.6736666546861965,0.6684873085674129,0.6736666546861965,0.6684873085674129,0.6736666546861965,0.6684873085674129,0.6736666546861965,0.6684873085674129,0.6736666546861965,0.6684873085674129,0.6736666546861965,0.6684873085674129,0.02376657169335232,0.026443610583017384,0.02376657169335232,0.026443610583017384,0.02376657169335232,0.026443610583017384,0.6736666546861965,0.6684873085674129,0.6736666546861965,0.6684873085674129,0.6736666546861965,0.6684873085674129
0.75,0.75,0.0206217876394635,0.75,0.564,0.564,0.1472483111213683,0.564,0.6707927661745304,0.6686642932657492,0.6707927661745304,0.6686642932657492,0.6707927661745304,0.6686642932657492,0.6707927661745304,0.6686642932657492,0.6707927661745304,0.6686642932657492,0.6707927661745304,0.6686642932657492,0.02265616074004553,0.02538732177114392,0.02265616074004553,0.02538732177114392,0.02265616074004553,0.02538732177114392,0.6707927661745304,0.6686642932657492,0.6707927661745304,0.6686642932657492,0.6707927661745304,0.6686642932657492
0.735,0.735,0.0375535701314737,0.735,0.598,0.598,0.1515264082128867,0.598,0.6455747919741386,0.6525007874586249,0.6455747919741386,0.6525007874586249,0.6455747919741386,0.6525007874586249,0.6455747919741386,0.6525007874586249,0.6455747919741386,0.6525007874586249,0.6455747919741386,0.6525007874586249,0.03129582654031784,0.027682279924647765,0.03129582654031784,0.027682279924647765,0.03129582654031784,0.027682279924647765,0.6455747919741386,0.6525007874586249,0.6455747919741386,0.6525007874586249,0.6455747919741386,0.6525007874586249
0.705,0.705,0.0291581649443822,0.705,0.655,0.655,0.1733438122987273,0.655,0.6282690012587956,0.6410619497256883,0.6282690012587956,0.6410619497256883,0.6282690012587956,0.6410619497256883,0.6282690012587956,0.6410619497256883,0.6282690012587956,0.6410619497256883,0.6282690012587956,0.6410619497256883,0.02717199688008283,0.021467471261841054,0.02717199688008283,0.021467471261841054,0.02717199688008283,0.021467471261841054,0.6282690012587956,0.6410619497256883,0.6282690012587956,0.6410619497256883,0.6282690012587956,0.6410619497256883
0.673,0.673,0.0277117031398669,0.673,0.709,0.709,0.0997289905827321,0.709,0.6080694973252372,0.6136493839126371,0.6080694973252372,0.6136493839126371,0.6080694973252372,0.6136493839126371,0.6080694973252372,0.6136493839126371,0.6080694973252372,0.6136493839126371,0.6080694973252372,0.6136493839126371,0.021604842832060718,0.023975642662653455,0.021604842832060718,0.023975642662653455,0.021604842832060718,0.023975642662653455,0.6080694973252372,0.6136493839126371,0.6080694973252372,0.6136493839126371,0.6080694973252372,0.6136493839126371
0.672,0.672,0.0207727535989585,0.672,0.767,0.767,-0.0108459869848156,0.767,0.5857812170977146,0.5699635225581312,0.5857812170977146,0.5699635225581312,0.5857812170977146,0.5699635225581312,0.5857812170977146,0.5699635225581312,0.5857812170977146,0.5699635225581312,0.5857812170977146,0.5699635225581312,0.027164068820087532,0.035612485821980296,0.027164068820087532,0.035612485821980296,0.027164068820087532,0.035612485821980296,0.5857812170977146,0.5699635225581312,0.5857812170977146,0.5699635225581312,0.5857812170977146,0.5699635225581312
0.649,0.649,0.0574650912996776,0.649,0.762,0.762,-0.0101181583593643,0.762,0.5901669072345189,0.5758733526548488,0.5901669072345189,0.5758733526548488,0.5901669072345189,0.5758733526548488,0.5901669072345189,0.5758733526548488,0.5901669072345189,0.5758733526548488,0.5901669072345189,0.5758733526548488,0.06378147148150642,0.06496945997585579,0.06378147148150642,0.06496945997585579,0.06378147148150642,0.06496945997585579,0.5901669072345189,0.5758733526548488,0.5901669072345189,0.5758733526548488,0.5901669072345189,0.5758733526548488
0.635,0.635,0.0938430983118171,0.635,0.765,0.765,-0.0015171920015,0.765,0.581125415742529,0.5793642540266909,0.581125415742529,0.5793642540266909,0.581125415742529,0.5793642540266909,0.581125415742529,0.5793642540266909,0.581125415742529,0.5793642540266909,0.581125415742529,0.5793642540266909,0.06396038077564607,0.09330160752444965,0.06396038077564607,0.09330160752444965,0.06396038077564607,0.09330160752444965,0.581125415742529,0.5793642540266909,0.581125415742529,0.5793642540266909,0.581125415742529,0.5793642540266909
0.621,0.621,0.1202577482312305,0.621,0.75,0.75,0.0206217876394635,0.75,0.5859015111653948,0.5831220782071551,0.5859015111653948,0.5831220782071551,0.5859015111653948,0.5831220782071551,0.5859015111653948,0.5831220782071551,0.5859015111653948,0.5831220782071551,0.5859015111653948,0.5831220782071551,0.09549274332650616,0.10465837752288877,0.09549274332650616,0.10465837752288877,0.09549274332650616,0.10465837752288877,0.5859015111653948,0.5831220782071551,0.5859015111653948,0.5831220782071551,0.5859015111653948,0.5831220782071551
0.59,0.59,0.1279082134029873,0.59,0.735,0.735,0.0375535701314737,0.735,0.5638338474781642,0.5807685957306665,0.5638338474781642,0.5807685957306665,0.5638338474781642,0.5807685957306665,0.5638338474781642,0.5807685957306665,0.5638338474781642,0.5807685957306665,0.5638338474781642,0.5807685957306665,0.12117888844503938,0.12069025971143563,0.12117888844503938,0.12069025971143563,0.12117888844503938,0.12069025971143563,0.5638338474781642,0.5807685957306665,0.5638338474781642,0.5807685957306665,0.5638338474781642,0.5807685957306665
0.589,0.589,0.1482218353643372,0.589,0.705,0.705,0.0291581649443822,0.705,0.5594473559186319,0.5797604045932296,0.5594473559186319,0.5797604045932296,0.5594473559186319,0.5797604045932296,0.5594473559186319,0.5797604045932296,0.5594473559186319,0.5797604045932296,0.5594473559186319,0.5797604045932296,0.1199093591836485,0.1031403937671547,0.1199093591836485,0.1031403937671547,0.1199093591836485,0.1031403937671547,0.5594473559186319,0.5797604045932296,0.5594473559186319,0.5797604045932296,0.5594473559186319,0.5797604045932296
0.589,0.589,0.1583939453508943,0.589,0.673,0.673,0.0277117031398669,0.673,0.5657823453074421,0.5853779717792881,0.5657823453074421,0.5853779717792881,0.5657823453074421,0.5853779717792881,0.5657823453074421,0.5853779717792881,0.5657823453074421,0.5853779717792881,0.5657823453074421,0.5853779717792881,0.13631591716441188,0.13144797060981495,0.13631591716441188,0.13144797060981495,0.13631591716441188,0.13144797060981495,0.5657823453074421,0.5853779717792881,0.5657823453074421,0.5853779717792881,0.5657823453074421,0.5853779717792881
0.603,0.603,0.1859749846216936,0.603,0.672,0.672,0.0207727535989585,0.672,0.5740593264299116,0.5956996878555483,0.5740593264299116,0.5956996878555483,0.5740593264299116,0.5956996878555483,0.5740593264299116,0.5956996878555483,0.5740593264299116,0.5956996878555483,0.5740593264299116,0.5956996878555483,0.15694291659267057,0.1485502999099956,0.15694291659267057,0.1485502999099956,0.15694291659267057,0.1485502999099956,0.5740593264299116,0.5956996878555483,0.5740593264299116,0.5956996878555483,0.5740593264299116,0.5956996878555483
0.621,0.621,0.2125493455225431,0.621,0.649,0.649,0.0574650912996776,0.649,0.5777614948470714,0.5912994717933068,0.5777614948470714,0.5912994717933068,0.5777614948470714,0.5912994717933068,0.5777614948470714,0.5912994717933068,0.5777614948470714,0.5912994717933068,0.5777614948470714,0.5912994717933068,0.15381747500574514,0.15236288480952281,0.15381747500574514,0.15236288480952281,0.15381747500574514,0.15236288480952281,0.5777614948470714,0.5912994717933068,0.5777614948470714,0.5912994717933068,0.5777614948470714,0.5912994717933068
0.61,0.61,0.2005018388457706,0.61,0.635,0.635,0.0938430983118171,0.635,0.5842890708575282,0.5909619876293571,0.5842890708575282,0.5909619876293571,0.5842890708575282,0.5909619876293571,0.5842890708575282,0.5909619876293571,0.5842890708575282,0.5909619876293571,0.5842890708575282,0.5909619876293571,0.14656359378262984,0.1505735910303244,0.14656359378262984,0.1505735910303244,0.14656359378262984,0.1505735910303244,0.5842890708575282,0.5909619876293571,0.5842890708575282,0.5909619876293571,0.5842890708575282,0.5909619876293571
0.592,0.592,0.1614772797336456,0.592,0.621,0.621,0.1202577482312305,0.621,0.5923191050190233,0.6017754568681224,0.5923191050190233,0.6017754568681224,0.5923191050190233,0.6017754568681224,0.5923191050190233,0.6017754568681224,0.5923191050190233,0.6017754568681224,0.5923191050190233,0.6017754568681224,0.18371252496682663,0.16478587371870196,0.18371252496682663,0.16478587371870196,0.18371252496682663,0.16478587371870196,0.5923191050190233,0.6017754568681224,0.5923191050190233,0.6017754568681224,0.5923191050190233,0.6017754568681224
0.609,0.609,0.1909251181539021,0.609,0.59,0.59,0.1279082134029873,0.59,0.5829355045220034,0.6001734890379176,0.5829355045220034,0.6001734890379176,0.5829355045220034,0.6001734890379176,0.5829355045220034,0.6001734890379176,0.5829355045220034,0.6001734890379176,0.5829355045220034,0.6001734890379176,0.17131128584386343,0.152653641824802,0.17131128584386343,0.152653641824802,0.17131128584386343,0.152653641824802,0.5829355045220034,0.6001734890379176,0.5829355045220034,0.6001734890379176,0.5829355045220034,0.6001734890379176
0.615,0.615,0.1995642302926475,0.615,0.589,0.589,0.1482218353643372,0.589,0.5820039281690198,0.5882764197484718,0.5820039281690198,0.5882764197484718,0.5820039281690198,0.5882764197484718,0.5820039281690198,0.5882764197484718,0.5820039281690198,0.5882764197484718,0.5820039281690198,0.5882764197484718,0.1339519480159036,0.14955651863273992,0.1339519480159036,0.14955651863273992,0.1339519480159036,0.14955651863273992,0.5820039281690198,0.5882764197484718,0.5820039281690198,0.5882764197484718,0.5820039281690198,0.5882764197484718
0.65,0.65,0.2736419179173861,0.65,0.589,0.589,0.1583939453508943,0.589,0.582939157995302,0.5828608660468805,0.582939157995302,0.5828608660468805,0.582939157995302,0.5828608660468805,0.582939157995302,0.5828608660468805,0.582939157995302,0.5828608660468805,0.582939157995302,0.5828608660468805,0.1383391862497414,0.15253167343089452,0.1383391862497414,0.15253167343089452,0.1383391862497414,0.15253167343089452,0.582939157995302,0.5828608660468805,0.582939157995302,0.5828608660468805,0.582939157995302,0.5828608660468805
0.632,0.632,0.2486269065071359,0.632,0.603,0.603,0.1859749846216936,0.603,0.5766589922564009,0.5849656049393174,0.5766589922564009,0.5849656049393174,0.5766589922564009,0.5849656049393174,0.5766589922564009,0.5849656049393174,0.5766589922564009,0.5849656049393174,0.5766589922564009,0.5849656049393174,0.15629061422251248,0.1708346864310177,0.15629061422251248,0.1708346864310177,0.15629061422251248,0.1708346864310177,0.5766589922564009,0.5849656049393174,0.5766589922564009,0.5849656049393174,0.5766589922564009,0.5849656049393174
0.627,0.627,0.2383216120626986,0.627,0.621,0.621,0.2125493455225431,0.621,0.5865195912120917,0.5742692110202618,0.5865195912120917,0.5742692110202618,0.5865195912120917,0.5742692110202618,0.5865195912120917,0.5742692110202618,0.5865195912120917,0.5742692110202618,0.5865195912120917,0.5742692110202618,0.12386834372673783,0.132135506196442,0.12386834372673783,0.132135506196442,0.12386834372673783,0.132135506196442,0.5865195912120917,0.5742692110202618,0.5865195912120917,0.5742692110202618,0.5865195912120917,0.5742692110202618
0.606,0.606,0.1913104875125203,0.606,0.61,0.61,0.2005018388457706,0.61,0.5764488260261222,0.5754226133906211,0.5764488260261222,0.5754226133906211,0.5764488260261222,0.5754226133906211,0.5764488260261222,0.5754226133906211,0.5764488260261222,0.5754226133906211,0.5764488260261222,0.5754226133906211,0.1371175273937684,0.13956228156865735,0.1371175273937684,0.13956228156865735,0.1371175273937684,0.13956228156865735,0.5764488260261222,0.5754226133906211,0.5764488260261222,0.5754226133906211,0.5764488260261222,0.5754226133906211
0.592,0.592,0.1646704747865609,0.592,0.592,0.592,0.1614772797336456,0.592,0.5550871642209806,0.5769799321325277,0.5550871642209806,0.5769799321325277,0.5550871642209806,0.5769799321325277,0.5550871642209806,0.5769799321325277,0.5550871642209806,0.5769799321325277,0.5550871642209806,0.5769799321325277,0.11609023150130349,0.12877180434373153,0.11609023150130349,0.12877180434373153,0.11609023150130349,0.12877180434373153,0.5550871642209806,0.5769799321325277,0.5550871642209806,0.5769799321325277,0.5550871642209806,0.5769799321325277
0.595,0.595,0.1706869578749927,0.595,0.609,0.609,0.1909251181539021,0.609,0.556259213317113,0.5764826990441014,0.556259213317113,0.5764826990441014,0.556259213317113,0.5764826990441014,0.556259213317113,0.5764826990441014,0.556259213317113,0.5764826990441014,0.556259213317113,0.5764826990441014,0.11664491839205694,0.1296556876848362,0.11664491839205694,0.1296556876848362,0.11664491839205694,0.1296556876848362,0.556259213317113,0.5764826990441014,0.556259213317113,0.5764826990441014,0.556259213317113,0.5764826990441014
0.615,0.615,0.2024890627071456,0.615,0.615,0.615,0.1995642302926475,0.615,0.5664699089976919,0.5824864555457064,0.5664699089976919,0.5824864555457064,0.5664699089976919,0.5824864555457064,0.5664699089976919,0.5824864555457064,0.5664699089976919,0.5824864555457064,0.5664699089976919,0.5824864555457064,0.10727288333953526,0.12179618608600556,0.10727288333953526,0.12179618608600556,0.10727288333953526,0.12179618608600556,0.5664699089976919,0.5824864555457064,0.5664699089976919,0.5824864555457064,0.5664699089976919,0.5824864555457064
0.634,0.634,0.2395279255319148,0.634,0.65,0.65,0.2736419179173861,0.65,0.5586014789887087,0.5741229930430989,0.5586014789887087,0.5741229930430989,0.5586014789887087,0.5741229930430989,0.5586014789887087,0.5741229930430989,0.5586014789887087,0.5741229930430989,0.5586014789887087,0.5741229930430989,0.11086022551495474,0.13759273645199407,0.11086022551495474,0.13759273645199407,0.11086022551495474,0.13759273645199407,0.5586014789887087,0.5741229930430989,0.5586014789887087,0.5741229930430989,0.5586014789887087,0.5741229930430989
0.644,0.644,0.2622189800384641,0.644,0.632,0.632,0.2486269065071359,0.632,0.5580764528596474,0.57384232040434,0.5580764528596474,0.57384232040434,0.5580764528596474,0.57384232040434,0.5580764528596474,0.57384232040434,0.5580764528596474,0.57384232040434,0.5580764528596474,0.57384232040434,0.09051774535549505,0.12375088124260232,0.09051774535549505,0.12375088124260232,0.09051774535549505,0.12375088124260232,0.5580764528596474,0.57384232040434,0.5580764528596474,0.57384232040434,0.5580764528596474,0.57384232040434
0.627,0.627,0.24206710449314,0.627,0.627,0.627,0.2383216120626986,0.627,0.5660033744730937,0.5759001475383815,0.5660033744730937,0.5759001475383815,0.5660033744730937,0.5759001475383815,0.5660033744730937,0.5759001475383815,0.5660033744730937,0.5759001475383815,0.5660033744730937,0.5759001475383815,0.10081529440831144,0.13466120800295142,0.10081529440831144,0.13466120800295142,0.10081529440831144,0.13466120800295142,0.5660033744730937,0.5759001475383815,0.5660033744730937,0.5759001475383815,0.5660033744730937,0.5759001475383815
0.619,0.619,0.2265843855304291,0.619,0.606,0.606,0.1913104875125203,0.606,0.5683542793961365,0.5669044859592999,0.5683542793961365,0.5669044859592999,0.5683542793961365,0.5669044859592999,0.5683542793961365,0.5669044859592999,0.5683542793961365,0.5669044859592999,0.5683542793961365,0.5669044859592999,0.1288307173655663,0.15101684921557648,0.1288307173655663,0.15101684921557648,0.1288307173655663,0.15101684921557648,0.5683542793961365,0.5669044859592999,0.5683542793961365,0.5669044859592999,0.5683542793961365,0.5669044859592999
0.616,0.616,0.2245338115374829,0.616,0.592,0.592,0.1646704747865609,0.592,0.561232383742277,0.5777615653956119,0.561232383742277,0.5777615653956119,0.561232383742277,0.5777615653956119,0.561232383742277,0.5777615653956119,0.561232383742277,0.5777615653956119,0.561232383742277,0.5777615653956119,0.12379103460614536,0.14147568511360023,0.12379103460614536,0.14147568511360023,0.12379103460614536,0.14147568511360023,0.561232383742277,0.5777615653956119,0.561232383742277,0.5777615653956119,0.561232383742277,0.5777615653956119
0.616,0.616,0.2230495305924247,0.616,0.595,0.595,0.1706869578749927,0.595,0.5555451294991214,0.574131933428954,0.5555451294991214,0.574131933428954,0.5555451294991214,0.574131933428954,0.5555451294991214,0.574131933428954,0.5555451294991214,0.574131933428954,0.5555451294991214,0.574131933428954,0.13476323631766948,0.14495469833605948,0.13476323631766948,0.14495469833605948,0.13476323631766948,0.14495469833605948,0.5555451294991214,0.574131933428954,0.5555451294991214,0.574131933428954,0.5555451294991214,0.574131933428954
0.615,0.615,0.220117326764763,0.615,0.615,0.615,0.2024890627071456,0.615,0.5648369963410175,0.5852329278857654,0.5648369963410175,0.5852329278857654,0.5648369963410175,0.5852329278857654,0.5648369963410175,0.5852329278857654,0.5648369963410175,0.5852329278857654,0.5648369963410175,0.5852329278857654,0.13546695802411438,0.14902008391347835,0.13546695802411438,0.14902008391347835,0.13546695802411438,0.14902008391347835,0.5648369963410175,0.5852329278857654,0.5648369963410175,0.5852329278857654,0.5648369963410175,0.5852329278857654
0.615,0.615,0.217396960654378,0.615,0.634,0.634,0.2395279255319148,0.634,0.5513080782888535,0.5729390372339869,0.5513080782888535,0.5729390372339869,0.5513080782888535,0.5729390372339869,0.5513080782888535,0.5729390372339869,0.5513080782888535,0.5729390372339869,0.5513080782888535,0.5729390372339869,0.1251400416229765,0.16250831493766527,0.1251400416229765,0.16250831493766527,0.1251400416229765,0.16250831493766527,0.5513080782888535,0.5729390372339869,0.5513080782888535,0.5729390372339869,0.5513080782888535,0.5729390372339869
0.605,0.605,0.1993351441196741,0.605,0.644,0.644,0.2622189800384641,0.644,0.5695240429088984,0.5796568657222156,0.5695240429088984,0.5796568657222156,0.5695240429088984,0.5796568657222156,0.5695240429088984,0.5796568657222156,0.5695240429088984,0.5796568657222156,0.5695240429088984,0.5796568657222156,0.11528487980366221,0.16703110384550773,0.11528487980366221,0.16703110384550773,0.11528487980366221,0.16703110384550773,0.5695240429088984,0.5796568657222156,0.5695240429088984,0.5796568657222156,0.5695240429088984,0.5796568657222156
0.602,0.602,0.1889699918896999,0.602,0.627,0.627,0.24206710449314,0.627,0.5602083568686105,0.5724026589413618,0.5602083568686105,0.5724026589413618,0.5602083568686105,0.5724026589413618,0.5602083568686105,0.5724026589413618,0.5602083568686105,0.5724026589413618,0.5602083568686105,0.5724026589413618,0.11833336070534509,0.15788847097267578,0.11833336070534509,0.15788847097267578,0.11833336070534509,0.15788847097267578,0.5602083568686105,0.5724026589413618,0.5602083568686105,0.5724026589413618,0.5602083568686105,0.5724026589413618
0.596,0.596,0.1785779639306265,0.596,0.619,0.619,0.2265843855304291,0.619,0.5473004781057322,0.5783665597599627,0.5473004781057322,0.5783665597599627,0.5473004781057322,0.5783665597599627,0.5473004781057322,0.5783665597599627,0.5473004781057322,0.5783665597599627,0.5473004781057322,0.5783665597599627,0.12573012472834152,0.15219106998172532,0.12573012472834152,0.15219106998172532,0.12573012472834152,0.15219106998172532,0.5473004781057322,0.5783665597599627,0.5473004781057322,0.5783665597599627,0.5473004781057322,0.5783665597599627
0.609,0.609,0.2099414023034956,0.609,0.616,0.616,0.2245338115374829,0.616,0.5776965846909868,0.5895840540987499,0.5776965846909868,0.5895840540987499,0.5776965846909868,0.5895840540987499,0.5776965846909868,0.5895840540987499,0.5776965846909868,0.5895840540987499,0.5776965846909868,0.5895840540987499,0.1351159880092465,0.15884006308976192,0.1351159880092465,0.15884006308976192,0.1351159880092465,0.15884006308976192,0.5776965846909868,0.5895840540987499,0.5776965846909868,0.5895840540987499,0.5776965846909868,0.5895840540987499
0.598,0.598,0.1919240649837781,0.598,0.616,0.616,0.2230495305924247,0.616,0.5761058397541964,0.5781098113325082,0.5761058397541964,0.5781098113325082,0.5761058397541964,0.5781098113325082,0.5761058397541964,0.5781098113325082,0.5761058397541964,0.5781098113325082,0.5761058397541964,0.5781098113325082,0.1319550171656127,0.17068492229259222,0.1319550171656127,0.17068492229259222,0.1319550171656127,0.17068492229259222,0.5761058397541964,0.5781098113325082,0.5761058397541964,0.5781098113325082,0.5761058397541964,0.5781098113325082
0.604,0.604,0.2020858603972645,0.604,0.615,0.615,0.220117326764763,0.615,0.553771064869865,0.577282097839041,0.553771064869865,0.577282097839041,0.553771064869865,0.577282097839041,0.553771064869865,0.577282097839041,0.553771064869865,0.577282097839041,0.553771064869865,0.577282097839041,0.11658465757313483,0.167093319627078,0.11658465757313483,0.167093319627078,0.11658465757313483,0.167093319627078,0.553771064869865,0.577282097839041,0.553771064869865,0.577282097839041,0.553771064869865,0.577282097839041
0.608,0.608,0.2143186418936523,0.608,0.615,0.615,0.217396960654378,0.615,0.5691724055318221,0.5888077490683908,0.5691724055318221,0.5888077490683908,0.5691724055318221,0.5888077490683908,0.5691724055318221,0.5888077490683908,0.5691724055318221,0.5888077490683908,0.5691724055318221,0.5888077490683908,0.1328488117471893,0.16926336082988588,0.1328488117471893,0.16926336082988588,0.1328488117471893,0.16926336082988588,0.5691724055318221,0.5888077490683908,0.5691724055318221,0.5888077490683908,0.5691724055318221,0.5888077490683908
0.62,0.62,0.234472894296823,0.62,0.605,0.605,0.1993351441196741,0.605,0.5751372728214523,0.5743965353969669,0.5751372728214523,0.5743965353969669,0.5751372728214523,0.5743965353969669,0.5751372728214523,0.5743965353969669,0.5751372728214523,0.5743965353969669,0.5751372728214523,0.5743965353969669,0.1528800768306985,0.17388511545769805,0.1528800768306985,0.17388511545769805,0.1528800768306985,0.17388511545769805,0.5751372728214523,0.5743965353969669,0.5751372728214523,0.5743965353969669,0.5751372728214523,0.5743965353969669
0.626,0.626,0.2473395263471415,0.626,0.602,0.602,0.1889699918896999,0.602,0.5720485155673807,0.5850387025024264,0.5720485155673807,0.5850387025024264,0.5720485155673807,0.5850387025024264,0.5720485155673807,0.5850387025024264,0.5720485155673807,0.5850387025024264,0.5720485155673807,0.5850387025024264,0.16404367300517017,0.17272850291203729,0.16404367300517017,0.17272850291203729,0.16404367300517017,0.17272850291203729,0.5720485155673807,0.5850387025024264,0.5720485155673807,0.5850387025024264,0.5720485155673807,0.5850387025024264
0.608,0.608,0.208375068661346,0.608,0.596,0.596,0.1785779639306265,0.596,0.5802286108158854,0.5957382905038856,0.5802286108158854,0.5957382905038856,0.5802286108158854,0.5957382905038856,0.5802286108158854,0.5957382905038856,0.5802286108158854,0.5957382905038856,0.5802286108158854,0.5957382905038856,0.16697487642530412,0.1821522283628937,0.16697487642530412,0.1821522283628937,0.16697487642530412,0.1821522283628937,0.5802286108158854,0.5957382905038856,0.5802286108158854,0.5957382905038856,0.5802286108158854,0.5957382905038856
0.618,0.618,0.2255699764427307,0.618,0.609,0.609,0.2099414023034956,0.609,0.5647333981863703,0.5784137572210029,0.5647333981863703,0.5784137572210029,0.5647333981863703,0.5784137572210029,0.5647333981863703,0.5784137572210029,0.5647333981863703,0.5784137572210029,0.5647333981863703,0.5784137572210029,0.16787485064592855,0.1751377671839611,0.16787485064592855,0.1751377671839611,0.16787485064592855,0.1751377671839611,0.5647333981863703,0.5784137572210029,0.5647333981863703,0.5784137572210029,0.5647333981863703,0.5784137572210029
0.631,0.631,0.2540029112081513,0.631,0.598,0.598,0.1919240649837781,0.598,0.5858465813147805,0.6019755055666319,0.5858465813147805,0.6019755055666319,0.5858465813147805,0.6019755055666319,0.5858465813147805,0.6019755055666319,0.5858465813147805,0.6019755055666319,0.5858465813147805,0.6019755055666319,0.15100630511740204,0.17918129349836595,0.15100630511740204,0.17918129349836595,0.15100630511740204,0.17918129349836595,0.5858465813147805,0.6019755055666319,0.5858465813147805,0.6019755055666319,0.5858465813147805,0.6019755055666319
0.641,0.641,0.2782584920226454,0.641,0.604,0.604,0.2020858603972645,0.604,0.6000665280805738,0.6109530619422221,0.6000665280805738,0.6109530619422221,0.6000665280805738,0.6109530619422221,0.6000665280805738,0.6109530619422221,0.6000665280805738,0.6109530619422221,0.6000665280805738,0.6109530619422221,0.18439122715158462,0.20988712304634333,0.18439122715158462,0.20988712304634333,0.18439122715158462,0.20988712304634333,0.6000665280805738,0.6109530619422221,0.6000665280805738,0.6109530619422221,0.6000665280805738,0.6109530619422221
0.632,0.632,0.2608334103298529,0.632,0.608,0.608,0.2143186418936523,0.608,0.6026387869177029,0.6198487489232603,0.6026387869177029,0.6198487489232603,0.6026387869177029,0.6198487489232603,0.6026387869177029,0.6198487489232603,0.6026387869177029,0.6198487489232603,0.6026387869177029,0.6198487489232603,0.17689688980635004,0.22021496056955198,0.17689688980635004,0.22021496056955198,0.17689688980635004,0.22021496056955198,0.6026387869177029,0.6198487489232603,0.6026387869177029,0.6198487489232603,0.6026387869177029,0.6198487489232603
0.625,0.625,0.247809621618152,0.625,0.62,0.62,0.234472894296823,0.62,0.6023217783551404,0.6047731147856646,0.6023217783551404,0.6047731147856646,0.6023217783551404,0.6047731147856646,0.6023217783551404,0.6047731147856646,0.6023217783551404,0.6047731147856646,0.6023217783551404,0.6047731147856646,0.1839812290412961,0.22237772465165256,0.1839812290412961,0.22237772465165256,0.1839812290412961,0.22237772465165256,0.6023217783551404,0.6047731147856646,0.6023217783551404,0.6047731147856646,0.6023217783551404,0.6047731147856646
0.604,0.604,0.2075657460288238,0.604,0.626,0.626,0.2473395263471415,0.626,0.58999870792858,0.5988468103625606,0.58999870792858,0.5988468103625606,0.58999870792858,0.5988468103625606,0.58999870792858,0.5988468103625606,0.58999870792858,0.5988468103625606,0.58999870792858,0.5988468103625606,0.18250152426540825,0.21236775613196046,0.18250152426540825,0.21236775613196046,0.18250152426540825,0.21236775613196046,0.58999870792858,0.5988468103625606,0.58999870792858,0.5988468103625606,0.58999870792858,0.5988468103625606
0.624,0.624,0.2422257602934361,0.624,0.608,0.608,0.208375068661346,0.608,0.5860729146051118,0.5999402564012579,0.5860729146051118,0.5999402564012579,0.5860729146051118,0.5999402564012579,0.5860729146051118,0.5999402564012579,0.5860729146051118,0.5999402564012579,0.5860729146051118,0.5999402564012579,0.17628437470840255,0.21746461535468492,0.17628437470840255,0.21746461535468492,0.17628437470840255,0.21746461535468492,0.5860729146051118,0.5999402564012579,0.5860729146051118,0.5999402564012579,0.5860729146051118,0.5999402564012579
0.643,0.643,0.2771757616988191,0.643,0.618,0.618,0.2255699764427307,0.618,0.5868735957753355,0.5969696148282124,0.5868735957753355,0.5969696148282124,0.5868735957753355,0.5969696148282124,0.5868735957753355,0.5969696148282124,0.5868735957753355,0.5969696148282124,0.5868735957753355,0.5969696148282124,0.16667609945145231,0.18807452656792648,0.16667609945145231,0.18807452656792648,0.16667609945145231,0.18807452656792648,0.5868735957753355,0.5969696148282124,0.5868735957753355,0.5969696148282124,0.5868735957753355,0.5969696148282124
0.651,0.651,0.2832144852288784,0.651,0.631,0.631,0.2540029112081513,0.631,0.5860820583318247,0.596085950331561,0.5860820583318247,0.596085950331561,0.5860820583318247,0.596085950331561,0.5860820583318247,0.596085950331561,0.5860820583318247,0.596085950331561,0.5860820583318247,0.596085950331561,0.18178620354183164,0.20461641802960742,0.18178620354183164,0.20461641802960742,0.18178620354183164,0.20461641802960742,0.5860820583318247,0.596085950331561,0.5860820583318247,0.596085950331561,0.5860820583318247,0.596085950331561
0.652,0.652,0.2606724481514686,0.652,0.641,0.641,0.2782584920226454,0.641,0.5755873609849895,0.6010618116876054,0.5755873609849895,0.6010618116876054,0.5755873609849895,0.6010618116876054,0.5755873609849895,0.6010618116876054,0.5755873609849895,0.6010618116876054,0.5755873609849895,0.6010618116876054,0.12179038943003724,0.14622535203654283,0.12179038943003724,0.14622535203654283,0.12179038943003724,0.14622535203654283,0.5755873609849895,0.6010618116876054,0.5755873609849895,0.6010618116876054,0.5755873609849895,0.6010618116876054
0.681,0.681,0.2368567108763469,0.681,0.632,0.632,0.2608334103298529,0.632,0.6033714457349066,0.5965567339295268,0.6033714457349066,0.5965567339295268,0.6033714457349066,0.5965567339295268,0.6033714457349066,0.5965567339295268,0.6033714457349066,0.5965567339295268,0.6033714457349066,0.5965567339295268,0.13521000193019028,0.13577740897446472,0.13521000193019028,0.13577740897446472,0.13521000193019028,0.13577740897446472,0.6033714457349066,0.5965567339295268,0.6033714457349066,0.5965567339295268,0.6033714457349066,0.5965567339295268
0.712,0.712,0.1764652056549389,0.712,0.625,0.625,0.247809621618152,0.625,0.6470593292991531,0.6602585754234753,0.6470593292991531,0.6602585754234753,0.6470593292991531,0.6602585754234753,0.6470593292991531,0.6602585754234753,0.6470593292991531,0.6602585754234753,0.6470593292991531,0.6602585754234753,0.11053840244261803,0.12375181587934085,0.11053840244261803,0.12375181587934085,0.11053840244261803,0.12375181587934085,0.6470593292991531,0.6602585754234753,0.6470593292991531,0.6602585754234753,0.6470593292991531,0.6602585754234753
0.752,0.752,0.0951216842412522,0.752,0.604,0.604,0.2075657460288238,0.604,0.6867988786177934,0.6796309674524104,0.6867988786177934,0.6796309674524104,0.6867988786177934,0.6796309674524104,0.6867988786177934,0.6796309674524104,0.6867988786177934,0.6796309674524104,0.6867988786177934,0.6796309674524104,0.07905046727863044,0.07903822348703651,0.07905046727863044,0.07903822348703651,0.07905046727863044,0.07903822348703651,0.6867988786177934,0.6796309674524104,0.6867988786177934,0.6796309674524104,0.6867988786177934,0.6796309674524104
0.767,0.767,0.020580421696876,0.767,0.624,0.624,0.2422257602934361,0.624,0.6819567831428022,0.6807153749858532,0.6819567831428022,0.6807153749858532,0.6819567831428022,0.6807153749858532,0.6819567831428022,0.6807153749858532,0.6819567831428022,0.6807153749858532,0.6819567831428022,0.6807153749858532,0.017669495580869887,0.017188173341818498,0.017669495580869887,0.017188173341818498,0.017669495580869887,0.017188173341818498,0.6819567831428022,0.6807153749858532,0.6819567831428022,0.6807153749858532,0.6819567831428022,0.6807153749858532
0.769,0.769,0.0253987005316006,0.769,0.643,0.643,0.2771757616988191,0.643,0.6816269446657692,0.6727860518111526,0.6816269446657692,0.6727860518111526,0.6816269446657692,0.6727860518111526,0.6816269446657692,0.6727860518111526,0.6816269446657692,0.6727860518111526,0.6816269446657692,0.6727860518111526,0.034191195989498296,0.02541439617705139,0.034191195989498296,0.02541439617705139,0.034191195989498296,0.02541439617705139,0.6816269446657692,0.6727860518111526,0.6816269446657692,0.6727860518111526,0.6816269446657692,0.6727860518111526
0.777,0.777,0.0382293068350411,0.777,0.651,0.651,0.2832144852288784,0.651,0.6759757502326962,0.672322055756332,0.6759757502326962,0.672322055756332,0.6759757502326962,0.672322055756332,0.6759757502326962,0.672322055756332,0.6759757502326962,0.672322055756332,0.6759757502326962,0.672322055756332,0.020740570808754258,0.026506332883450272,0.020740570808754258,0.026506332883450272,0.020740570808754258,0.026506332883450272,0.6759757502326962,0.672322055756332,0.6759757502326962,0.672322055756332,0.6759757502326962,0.672322055756332
0.76,0.76,0.0625805594831694,0.76,0.652,0.652,0.2606724481514686,0.652,0.6700748079347512,0.6660054581761,0.6700748079347512,0.6660054581761,0.6700748079347512,0.6660054581761,0.6700748079347512,0.6660054581761,0.6700748079347512,0.6660054581761,0.6700748079347512,0.6660054581761,0.022853170715803738,0.02544636301098016,0.022853170715803738,0.02544636301098016,0.022853170715803738,0.02544636301098016,0.6700748079347512,0.6660054581761,0.6700748079347512,0.6660054581761,0.6700748079347512,0.6660054581761
0.749,0.749,0.0442318822920156,0.749,0.681,0.681,0.2368567108763469,0.681,0.6380551359228016,0.6438988258884206,0.6380551359228016,0.6438988258884206,0.6380551359228016,0.6438988258884206,0.6380551359228016,0.6438988258884206,0.6380551359228016,0.6438988258884206,0.6380551359228016,0.6438988258884206,0.03176422952585205,0.03134123239151824,0.03176422952585205,0.03134123239151824,0.03176422952585205,0.03134123239151824,0.6380551359228016,0.6438988258884206,0.6380551359228016,0.6438988258884206,0.6380551359228016,0.6438988258884206
0.728,0.728,0.0415785764622972,0.728,0.712,0.712,0.1764652056549389,0.712,0.6255888398486227,0.6284034987567944,0.6255888398486227,0.6284034987567944,0.6255888398486227,0.6284034987567944,0.6255888398486227,0.6284034987567944,0.6255888398486227,0.6284034987567944,0.6255888398486227,0.6284034987567944,0.026713855112732134,0.02137338706306522,0.026713855112732134,0.02137338706306522,0.026713855112732134,0.02137338706306522,0.6255888398486227,0.6284034987567944,0.6255888398486227,0.6284034987567944,0.6255888398486227,0.6284034987567944
0.714,0.714,0.0357708775833586,0.714,0.752,0.752,0.0951216842412522,0.752,0.6042101556082216,0.602199503287576,0.6042101556082216,0.602199503287576,0.6042101556082216,0.602199503287576,0.6042101556082216,0.602199503287576,0.6042101556082216,0.602199503287576,0.6042101556082216,0.602199503287576,0.02619557738945446,0.03622553677618879,0.02619557738945446,0.03622553677618879,0.02619557738945446,0.03622553677618879,0.6042101556082216,0.602199503287576,0.6042101556082216,0.602199503287576,0.6042101556082216,0.602199503287576
0.721,0.721,0.0336792230642414,0.721,0.767,0.767,0.020580421696876,0.767,0.5816759230221205,0.5742888407973783,0.5816759230221205,0.5742888407973783,0.5816759230221205,0.5742888407973783,0.5816759230221205,0.5742888407973783,0.5816759230221205,0.5742888407973783,0.5816759230221205,0.5742888407973783,0.018509814955490544,0.021592116827799407,0.018509814955490544,0.021592116827799407,0.018509814955490544,0.021592116827799407,0.5816759230221205,0.5742888407973783,0.5816759230221205,0.5742888407973783,0.5816759230221205,0.5742888407973783
0.689,0.689,0.082130166338083,0.689,0.769,0.769,0.0253987005316006,0.769,0.5872657170046912,0.5769970532453677,0.5872657170046912,0.5769970532453677,0.5872657170046912,0.5769970532453677,0.5872657170046912,0.5769970532453677,0.5872657170046912,0.5769970532453677,0.5872657170046912,0.5769970532453677,0.06265636237968819,0.06733112107364524,0.06265636237968819,0.06733112107364524,0.06265636237968819,0.06733112107364524,0.5872657170046912,0.5769970532453677,0.5872657170046912,0.5769970532453677,0.5872657170046912,0.5769970532453677
0.665,0.665,0.1217767897402556,0.665,0.777,0.777,0.0382293068350411,0.777,0.5780825878230372,0.5778711150012388,0.5780825878230372,0.5778711150012388,0.5780825878230372,0.5778711150012388,0.5780825878230372,0.5778711150012388,0.5780825878230372,0.5778711150012388,0.5780825878230372,0.5778711150012388,0.07224310853375482,0.09389381746272216,0.07224310853375482,0.09389381746272216,0.07224310853375482,0.09389381746272216,0.5780825878230372,0.5778711150012388,0.5780825878230372,0.5778711150012388,0.5780825878230372,0.5778711150012388
0.639,0.639,0.1639647985178323,0.639,0.76,0.76,0.0625805594831694,0.76,0.566502818014319,0.5788580206221677,0.566502818014319,0.5788580206221677,0.566502818014319,0.5788580206221677,0.566502818014319,0.5788580206221677,0.566502818014319,0.5788580206221677,0.566502818014319,0.5788580206221677,0.0991027027233914,0.09018272804938389,0.0991027027233914,0.09018272804938389,0.0991027027233914,0.09018272804938389,0.566502818014319,0.5788580206221677,0.566502818014319,0.5788580206221677,0.566502818014319,0.5788580206221677
0.614,0.614,0.1564095391286103,0.614,0.749,0.749,0.0442318822920156,0.749,0.5572526932722196,0.5727067975671368,0.5572526932722196,0.5727067975671368,0.5572526932722196,0.5727067975671368,0.5572526932722196,0.5727067975671368,0.5572526932722196,0.5727067975671368,0.5572526932722196,0.5727067975671368,0.10813508357692007,0.09870196744664442,0.10813508357692007,0.09870196744664442,0.10813508357692007,0.09870196744664442,0.5572526932722196,0.5727067975671368,0.5572526932722196,0.5727067975671368,0.5572526932722196,0.5727067975671368
0.583,0.583,0.1235150200519585,0.583,0.728,0.728,0.0415785764622972,0.728,0.5544466903594979,0.5796505436485856,0.5544466903594979,0.5796505436485856,0.5544466903594979,0.5796505436485856,0.5544466903594979,0.5796505436485856,0.5544466903594979,0.5796505436485856,0.5544466903594979,0.5796505436485856,0.11723704835608297,0.11838937962440854,0.11723704835608297,0.11838937962440854,0.11723704835608297,0.11838937962440854,0.5544466903594979,0.5796505436485856,0.5544466903594979,0.5796505436485856,0.5544466903594979,0.5796505436485856
0.594,0.594,0.1690408357075024,0.594,0.714,0.714,0.0357708775833586,0.714,0.5626004399035203,0.5861451879682344,0.5626004399035203,0.5861451879682344,0.5626004399035203,0.5861451879682344,0.5626004399035203,0.5861451879682344,0.5626004399035203,0.5861451879682344,0.5626004399035203,0.5861451879682344,0.13029524227713965,0.14388163136459128,0.13029524227713965,0.14388163136459128,0.13029524227713965,0.14388163136459128,0.5626004399035203,0.5861451879682344,0.5626004399035203,0.5861451879682344,0.5626004399035203,0.5861451879682344
0.613,0.613,0.1903833440724346,0.613,0.721,0.721,0.0336792230642414,0.721,0.5628621567230156,0.5864452950815373,0.5628621567230156,0.5864452950815373,0.5628621567230156,0.5864452950815373,0.5628621567230156,0.5864452950815373,0.5628621567230156,0.5864452950815373,0.5628621567230156,0.5864452950815373,0.12088497606140831,0.14855501289313147,0.12088497606140831,0.14855501289313147,0.12088497606140831,0.14855501289313147,0.5628621567230156,0.5864452950815373,0.5628621567230156,0.5864452950815373,0.5628621567230156,0.5864452950815373
0.65,0.65,0.2658194922827139,0.65,0.689,0.689,0.082130166338083,0.689,0.5709509432944754,0.5936541548271597,0.5709509432944754,0.5936541548271597,0.5709509432944754,0.5936541548271597,0.5709509432944754,0.5936541548271597,0.5709509432944754,0.5936541548271597,0.5709509432944754,0.5936541548271597,0.13287681778814373,0.1530474762345417,0.13287681778814373,0.1530474762345417,0.13287681778814373,0.1530474762345417,0.5709509432944754,0.5936541548271597,0.5709509432944754,0.5936541548271597,0.5709509432944754,0.5936541548271597
0.642,0.642,0.2592163419358042,0.642,0.665,0.665,0.1217767897402556,0.665,0.5744556721660994,0.5994395881432427,0.5744556721660994,0.5994395881432427,0.5744556721660994,0.5994395881432427,0.5744556721660994,0.5994395881432427,0.5744556721660994,0.5994395881432427,0.5744556721660994,0.5994395881432427,0.12691513955395095,0.15150664012594775,0.12691513955395095,0.15150664012594775,0.12691513955395095,0.15150664012594775,0.5744556721660994,0.5994395881432427,0.5744556721660994,0.5994395881432427,0.5744556721660994,0.5994395881432427
0.637,0.637,0.2501425348900622,0.637,0.639,0.639,0.1639647985178323,0.639,0.5699003363467209,0.5908691530099656,0.5699003363467209,0.5908691530099656,0.5699003363467209,0.5908691530099656,0.5699003363467209,0.5908691530099656,0.5699003363467209,0.5908691530099656,0.5699003363467209,0.5908691530099656,0.15074657573118408,0.16653561853510374,0.15074657573118408,0.16653561853510374,0.15074657573118408,0.16653561853510374,0.5699003363467209,0.5908691530099656,0.5699003363467209,0.5908691530099656,0.5699003363467209,0.5908691530099656
0.654,0.654,0.2860208663497093,0.654,0.614,0.614,0.1564095391286103,0.614,0.5718891562787107,0.6023578725281016,0.5718891562787107,0.6023578725281016,0.5718891562787107,0.6023578725281016,0.5718891562787107,0.6023578725281016,0.5718891562787107,0.6023578725281016,0.5718891562787107,0.6023578725281016,0.15472271066579016,0.15978700937931123,0.15472271066579016,0.15978700937931123,0.15472271066579016,0.15978700937931123,0.5718891562787107,0.6023578725281016,0.5718891562787107,0.6023578725281016,0.5718891562787107,0.6023578725281016
0.645,0.645,0.2647485232836537,0.645,0.583,0.583,0.1235150200519585,0.583,0.5865307189982578,0.5894780723304528,0.5865307189982578,0.5894780723304528,0.5865307189982578,0.5894780723304528,0.5865307189982578,0.5894780723304528,0.5865307189982578,0.5894780723304528,0.5865307189982578,0.5894780723304528,0.12871239194738854,0.1528438919625265,0.12871239194738854,0.1528438919625265,0.12871239194738854,0.1528438919625265,0.5865307189982578,0.5894780723304528,0.5865307189982578,0.5894780723304528,0.5865307189982578,0.5894780723304528
0.672,0.672,0.3306341017436165,0.672,0.594,0.594,0.1690408357075024,0.594,0.5797313192564024,0.5841970778867345,0.5797313192564024,0.5841970778867345,0.5797313192564024,0.5841970778867345,0.5797313192564024,0.5841970778867345,0.5797313192564024,0.5841970778867345,0.5797313192564024,0.5841970778867345,0.1411578878818169,0.14557647436592097,0.1411578878818169,0.14557647436592097,0.1411578878818169,0.14557647436592097,0.5797313192564024,0.5841970778867345,0.5797313192564024,0.5841970778867345,0.5797313192564024,0.5841970778867345
0.663,0.663,0.3181726216970825,0.663,0.613,0.613,0.1903833440724346,0.613,0.5690833341991683,0.5761484031906848,0.5690833341991683,0.5761484031906848,0.5690833341991683,0.5761484031906848,0.5690833341991683,0.5761484031906848,0.5690833341991683,0.5761484031906848,0.5690833341991683,0.5761484031906848,0.110166328820103,0.14431053948805414,0.110166328820103,0.14431053948805414,0.110166328820103,0.14431053948805414,0.5690833341991683,0.5761484031906848,0.5690833341991683,0.5761484031906848,0.5690833341991683,0.5761484031906848
0.671,0.671,0.3330522287002425,0.671,0.65,0.65,0.2658194922827139,0.65,0.579497744804279,0.5745924489683986,0.579497744804279,0.5745924489683986,0.579497744804279,0.5745924489683986,0.579497744804279,0.5745924489683986,0.579497744804279,0.5745924489683986,0.579497744804279,0.5745924489683986,0.11833080923322072,0.14059152388000626,0.11833080923322072,0.14059152388000626,0.11833080923322072,0.14059152388000626,0.579497744804279,0.5745924489683986,0.579497744804279,0.5745924489683986,0.579497744804279,0.5745924489683986
0.659,0.659,0.2975792231761778,0.659,0.642,0.642,0.2592163419358042,0.642,0.5618932612133896,0.5726739625185524,0.5618932612133896,0.5726739625185524,0.5618932612133896,0.5726739625185524,0.5618932612133896,0.5726739625185524,0.5618932612133896,0.5726739625185524,0.5618932612133896,0.5726739625185524,0.11642606325138297,0.13963359816331092,0.11642606325138297,0.13963359816331092,0.11642606325138297,0.13963359816331092,0.5618932612133896,0.5726739625185524,0.5618932612133896,0.5726739625185524,0.5618932612133896,0.5726739625185524
0.636,0.636,0.2570215545395166,0.636,0.637,0.637,0.2501425348900622,0.637,0.5519290810531574,0.5758898212569987,0.5519290810531574,0.5758898212569987,0.5519290810531574,0.5758898212569987,0.5519290810531574,0.5758898212569987,0.5519290810531574,0.5758898212569987,0.5519290810531574,0.5758898212569987,0.11803859964213854,0.14543825239378017,0.11803859964213854,0.14543825239378017,0.11803859964213854,0.14543825239378017,0.5519290810531574,0.5758898212569987,0.5519290810531574,0.5758898212569987,0.5519290810531574,0.5758898212569987
0.634,0.634,0.2554922701383239,0.634,0.654,0.654,0.2860208663497093,0.654,0.5540108996461721,0.5790670306144999,0.5540108996461721,0.5790670306144999,0.5540108996461721,0.5790670306144999,0.5540108996461721,0.5790670306144999,0.5540108996461721,0.5790670306144999,0.5540108996461721,0.5790670306144999,0.11588249740031724,0.12883989946894972,0.11588249740031724,0.12883989946894972,0.11588249740031724,0.12883989946894972,0.5540108996461721,0.5790670306144999,0.5540108996461721,0.5790670306144999,0.5540108996461721,0.5790670306144999
0.634,0.634,0.2589563027183751,0.634,0.645,0.645,0.2647485232836537,0.645,0.5626493434873613,0.5742128821804593,0.5626493434873613,0.5742128821804593,0.5626493434873613,0.5742128821804593,0.5626493434873613,0.5742128821804593,0.5626493434873613,0.5742128821804593,0.5626493434873613,0.5742128821804593,0.11165703198984453,0.13000483984539002,0.11165703198984453,0.13000483984539002,0.11165703198984453,0.13000483984539002,0.5626493434873613,0.5742128821804593,0.5626493434873613,0.5742128821804593,0.5626493434873613,0.5742128821804593
0.633,0.633,0.266,0.633,0.672,0.672,0.3306341017436165,0.672,0.5634561657518753,0.5841313753738373,0.5634561657518753,0.5841313753738373,0.5634561657518753,0.5841313753738373,0.5634561657518753,0.5841313753738373,0.5634561657518753,0.5841313753738373,0.5634561657518753,0.5841313753738373,0.1124019871074767,0.13142651185315654,0.1124019871074767,0.13142651185315654,0.1124019871074767,0.13142651185315654,0.5634561657518753,0.5841313753738373,0.5634561657518753,0.5841313753738373,0.5634561657518753,0.5841313753738373
0.649,0.649,0.2968637317905735,0.649,0.663,0.663,0.3181726216970825,0.663,0.5527324228248344,0.5699756493479414,0.5527324228248344,0.5699756493479414,0.5527324228248344,0.5699756493479414,0.5527324228248344,0.5699756493479414,0.5527324228248344,0.5699756493479414,0.5527324228248344,0.5699756493479414,0.09389178653652702,0.1410972577498167,0.09389178653652702,0.1410972577498167,0.09389178653652702,0.1410972577498167,0.5527324228248344,0.5699756493479414,0.5527324228248344,0.5699756493479414,0.5527324228248344,0.5699756493479414
0.66,0.66,0.3194664617059773,0.66,0.671,0.671,0.3330522287002425,0.671,0.5835747045099043,0.5766901217662704,0.5835747045099043,0.5766901217662704,0.5835747045099043,0.5766901217662704,0.5835747045099043,0.5766901217662704,0.5835747045099043,0.5766901217662704,0.5835747045099043,0.5766901217662704,0.09171322440396464,0.12847406825045346,0.09171322440396464,0.12847406825045346,0.09171322440396464,0.12847406825045346,0.5835747045099043,0.5766901217662704,0.5835747045099043,0.5766901217662704,0.5835747045099043,0.5766901217662704
0.664,0.664,0.3263968244421723,0.664,0.659,0.659,0.2975792231761778,0.659,0.5809945019467317,0.5792019503362694,0.5809945019467317,0.5792019503362694,0.5809945019467317,0.5792019503362694,0.5809945019467317,0.5792019503362694,0.5809945019467317,0.5792019503362694,0.5809945019467317,0.5792019503362694,0.1178972646102555,0.1368618797997901,0.1178972646102555,0.1368618797997901,0.1178972646102555,0.1368618797997901,0.5809945019467317,0.5792019503362694,0.5809945019467317,0.5792019503362694,0.5809945019467317,0.5792019503362694
0.666,0.666,0.3298555377207062,0.666,0.636,0.636,0.2570215545395166,0.636,0.5684019736760211,0.5755385285907347,0.5684019736760211,0.5755385285907347,0.5684019736760211,0.5755385285907347,0.5684019736760211,0.5755385285907347,0.5684019736760211,0.5755385285907347,0.5684019736760211,0.5755385285907347,0.1278769083415649,0.14231477716490992,0.1278769083415649,0.14231477716490992,0.1278769083415649,0.14231477716490992,0.5684019736760211,0.5755385285907347,0.5684019736760211,0.5755385285907347,0.5684019736760211,0.5755385285907347
0.625,0.625,0.2516702719530008,0.625,0.634,0.634,0.2554922701383239,0.634,0.5595983299735181,0.5804043770166404,0.5595983299735181,0.5804043770166404,0.5595983299735181,0.5804043770166404,0.5595983299735181,0.5804043770166404,0.5595983299735181,0.5804043770166404,0.5595983299735181,0.5804043770166404,0.13837571906232,0.1729198388123672,0.13837571906232,0.1729198388123672,0.13837571906232,0.1729198388123672,0.5595983299735181,0.5804043770166404,0.5595983299735181,0.5804043770166404,0.5595983299735181,0.5804043770166404
0.64,0.64,0.2849424775948643,0.64,0.634,0.634,0.2589563027183751,0.634,0.5584781914909791,0.576734964098435,0.5584781914909791,0.576734964098435,0.5584781914909791,0.576734964098435,0.5584781914909791,0.576734964098435,0.5584781914909791,0.576734964098435,0.5584781914909791,0.576734964098435,0.1294586057860064,0.13804634311284975,0.1294586057860064,0.13804634311284975,0.1294586057860064,0.13804634311284975,0.5584781914909791,0.576734964098435,0.5584781914909791,0.576734964098435,0.5584781914909791,0.576734964098435
0.635,0.635,0.2808561948820604,0.635,0.633,0.633,0.266,0.633,0.5503253726665648,0.5812623347388797,0.5503253726665648,0.5812623347388797,0.5503253726665648,0.5812623347388797,0.5503253726665648,0.5812623347388797,0.5503253726665648,0.5812623347388797,0.5503253726665648,0.5812623347388797,0.14224955118523366,0.14921362857185336,0.14224955118523366,0.14921362857185336,0.14224955118523366,0.14921362857185336,0.5503253726665648,0.5812623347388797,0.5503253726665648,0.5812623347388797,0.5503253726665648,0.5812623347388797
0.67,0.67,0.3484441636392356,0.67,0.649,0.649,0.2968637317905735,0.649,0.5799441390636685,0.5862968381425256,0.5799441390636685,0.5862968381425256,0.5799441390636685,0.5862968381425256,0.5799441390636685,0.5862968381425256,0.5799441390636685,0.5862968381425256,0.5799441390636685,0.5862968381425256,0.1483851528872901,0.17223589454576244,0.1483851528872901,0.17223589454576244,0.1483851528872901,0.17223589454576244,0.5799441390636685,0.5862968381425256,0.5799441390636685,0.5862968381425256,0.5799441390636685,0.5862968381425256
0.648,0.648,0.3046776232616941,0.648,0.66,0.66,0.3194664617059773,0.66,0.5603183719600371,0.5749911558653837,0.5603183719600371,0.5749911558653837,0.5603183719600371,0.5749911558653837,0.5603183719600371,0.5749911558653837,0.5603183719600371,0.5749911558653837,0.5603183719600371,0.5749911558653837,0.13293935403730503,0.15830215149281796,0.13293935403730503,0.15830215149281796,0.13293935403730503,0.15830215149281796,0.5603183719600371,0.5749911558653837,0.5603183719600371,0.5749911558653837,0.5603183719600371,0.5749911558653837
0.653,0.653,0.3123265953230282,0.653,0.664,0.664,0.3263968244421723,0.664,0.566064631890698,0.5873042670336949,0.566064631890698,0.5873042670336949,0.566064631890698,0.5873042670336949,0.566064631890698,0.5873042670336949,0.566064631890698,0.5873042670336949,0.566064631890698,0.5873042670336949,0.12177012737222209,0.15923817138398924,0.12177012737222209,0.15923817138398924,0.12177012737222209,0.15923817138398924,0.566064631890698,0.5873042670336949,0.566064631890698,0.5873042670336949,0.566064631890698,0.5873042670336949
0.648,0.648,0.3023486274898423,0.648,0.666,0.666,0.3298555377207062,0.666,0.5659104831427861,0.5808224050982227,0.5659104831427861,0.5808224050982227,0.5659104831427861,0.5808224050982227,0.5659104831427861,0.5808224050982227,0.5659104831427861,0.5808224050982227,0.5659104831427861,0.5808224050982227,0.1445499389925438,0.15442419983352249,0.1445499389925438,0.15442419983352249,0.1445499389925438,0.15442419983352249,0.5659104831427861,0.5808224050982227,0.5659104831427861,0.5808224050982227,0.5659104831427861,0.5808224050982227
0.641,0.641,0.2880939160783691,0.641,0.625,0.625,0.2516702719530008,0.625,0.5704942318592363,0.5872172513736582,0.5704942318592363,0.5872172513736582,0.5704942318592363,0.5872172513736582,0.5704942318592363,0.5872172513736582,0.5704942318592363,0.5872172513736582,0.5704942318592363,0.5872172513736582,0.13975186290941807,0.1723588679708824,0.13975186290941807,0.1723588679708824,0.13975186290941807,0.1723588679708824,0.5704942318592363,0.5872172513736582,0.5704942318592363,0.5872172513736582,0.5704942318592363,0.5872172513736582
0.646,0.646,0.2970192823242052,0.646,0.64,0.64,0.2849424775948643,0.64,0.656347124550687,0.6537726506644699,0.656347124550687,0.6537726506644699,0.656347124550687,0.6537726506644699,0.656347124550687,0.6537726506644699,0.656347124550687,0.6537726506644699,0.656347124550687,0.6537726506644699,0.2727542576704164,0.27596362864624696,0.2727542576704164,0.27596362864624696,0.2727542576704164,0.27596362864624696,0.656347124550687,0.6537726506644699,0.656347124550687,0.6537726506644699,0.656347124550687,0.6537726506644699
0.647,0.647,0.3083693190278769,0.647,0.635,0.635,0.2808561948820604,0.635,0.6476020972318595,0.6390271187214283,0.6476020972318595,0.6390271187214283,0.6476020972318595,0.6390271187214283,0.6476020972318595,0.6390271187214283,0.6476020972318595,0.6390271187214283,0.6476020972318595,0.6390271187214283,0.28029775298705234,0.2763933862021698,0.28029775298705234,0.2763933862021698,0.28029775298705234,0.2763933862021698,0.6476020972318595,0.6390271187214283,0.6476020972318595,0.6390271187214283,0.6476020972318595,0.6390271187214283
0.64,0.64,0.2922302610883925,0.64,0.67,0.67,0.3484441636392356,0.67,0.6532560840863665,0.6533397496552877,0.6532560840863665,0.6533397496552877,0.6532560840863665,0.6533397496552877,0.6532560840863665,0.6533397496552877,0.6532560840863665,0.6533397496552877,0.6532560840863665,0.6533397496552877,0.3094388917361848,0.29114758500199406,0.3094388917361848,0.29114758500199406,0.3094388917361848,0.29114758500199406,0.6532560840863665,0.6533397496552877,0.6532560840863665,0.6533397496552877,0.6532560840863665,0.6533397496552877
0.648,0.648,0.3063629377106036,0.648,0.648,0.648,0.3046776232616941,0.648,0.6514706074424754,0.6498748721867404,0.6514706074424754,0.6498748721867404,0.6514706074424754,0.6498748721867404,0.6514706074424754,0.6498748721867404,0.6514706074424754,0.6498748721867404,0.6514706074424754,0.6498748721867404,0.307526944698252,0.29051063177118963,0.307526944698252,0.29051063177118963,0.307526944698252,0.29051063177118963,0.6514706074424754,0.6498748721867404,0.6514706074424754,0.6498748721867404,0.6514706074424754,0.6498748721867404
0.641,0.641,0.2908165684213853,0.641,0.653,0.653,0.3123265953230282,0.653,0.6582557378597216,0.6489731717866783,0.6582557378597216,0.6489731717866783,0.6582557378597216,0.6489731717866783,0.6582557378597216,0.6489731717866783,0.6582557378597216,0.6489731717866783,0.6582557378597216,0.6489731717866783,0.29897776840047086,0.2866340829567223,0.29897776840047086,0.2866340829567223,0.29897776840047086,0.2866340829567223,0.6582557378597216,0.6489731717866783,0.6582557378597216,0.6489731717866783,0.6582557378597216,0.6489731717866783
0.64,0.64,0.2909589386443134,0.64,0.648,0.648,0.3023486274898423,0.648,0.6495385424999017,0.6344416030118066,0.6495385424999017,0.6344416030118066,0.6495385424999017,0.6344416030118066,0.6495385424999017,0.6344416030118066,0.6495385424999017,0.6344416030118066,0.6495385424999017,0.6344416030118066,0.2929206938010827,0.2892144251815542,0.2929206938010827,0.2892144251815542,0.2929206938010827,0.2892144251815542,0.6495385424999017,0.6344416030118066,0.6495385424999017,0.6344416030118066,0.6495385424999017,0.6344416030118066
0.634,0.634,0.2853879406286244,0.634,0.641,0.641,0.2880939160783691,0.641,0.6606599659830512,0.653701541498997,0.6606599659830512,0.653701541498997,0.6606599659830512,0.653701541498997,0.6606599659830512,0.653701541498997,0.6606599659830512,0.653701541498997,0.6606599659830512,0.653701541498997,0.29313671642553935,0.2776043268087154,0.29313671642553935,0.2776043268087154,0.29313671642553935,0.2776043268087154,0.6606599659830512,0.653701541498997,0.6606599659830512,0.653701541498997,0.6606599659830512,0.653701541498997
0.643,0.643,0.2989773316367407,0.643,0.646,0.646,0.2970192823242052,0.646,0.6848869321808432,0.6814880687950783,0.6848869321808432,0.6814880687950783,0.6848869321808432,0.6814880687950783,0.6848869321808432,0.6814880687950783,0.6848869321808432,0.6814880687950783,0.6848869321808432,0.6814880687950783,0.31613311657100546,0.3080874421358769,0.31613311657100546,0.3080874421358769,0.31613311657100546,0.3080874421358769,0.6848869321808432,0.6814880687950783,0.6848869321808432,0.6814880687950783,0.6848869321808432,0.6814880687950783
0.624,0.624,0.2607360395112994,0.624,0.647,0.647,0.3083693190278769,0.647,0.6585816769086612,0.6559764812048645,0.6585816769086612,0.6559764812048645,0.6585816769086612,0.6559764812048645,0.6585816769086612,0.6559764812048645,0.6585816769086612,0.6559764812048645,0.6585816769086612,0.6559764812048645,0.3120866499375294,0.3171985701029222,0.3120866499375294,0.3171985701029222,0.3120866499375294,0.3171985701029222,0.6585816769086612,0.6559764812048645,0.6585816769086612,0.6559764812048645,0.6585816769086612,0.6559764812048645
0.627,0.627,0.2654993422969981,0.627,0.64,0.64,0.2922302610883925,0.64,0.6569989263173087,0.6548144836857116,0.6569989263173087,0.6548144836857116,0.6569989263173087,0.6548144836857116,0.6569989263173087,0.6548144836857116,0.6569989263173087,0.6548144836857116,0.6569989263173087,0.6548144836857116,0.29968404405579413,0.2985198092997093,0.29968404405579413,0.2985198092997093,0.29968404405579413,0.2985198092997093,0.6569989263173087,0.6548144836857116,0.6569989263173087,0.6548144836857116,0.6569989263173087,0.6548144836857116
0.629,0.629,0.2620909676752087,0.629,0.648,0.648,0.3063629377106036,0.648,0.6505953638894401,0.657407139266028,0.6505953638894401,0.657407139266028,0.6505953638894401,0.657407139266028,0.6505953638894401,0.657407139266028,0.6505953638894401,0.657407139266028,0.6505953638894401,0.657407139266028,0.3013640182615143,0.2974725519778823,0.3013640182615143,0.2974725519778823,0.3013640182615143,0.2974725519778823,0.6505953638894401,0.657407139266028,0.6505953638894401,0.657407139266028,0.6505953638894401,0.657407139266028
0.639,0.639,0.281013989356617,0.639,0.641,0.641,0.2908165684213853,0.641,0.6441537438937595,0.6562126483913766,0.6441537438937595,0.6562126483913766,0.6441537438937595,0.6562126483913766,0.6441537438937595,0.6562126483913766,0.6441537438937595,0.6562126483913766,0.6441537438937595,0.6562126483913766,0.30981912122794264,0.3061608227763389,0.30981912122794264,0.3061608227763389,0.30981912122794264,0.3061608227763389,0.6441537438937595,0.6562126483913766,0.6441537438937595,0.6562126483913766,0.6441537438937595,0.6562126483913766
0.646,0.646,0.2980647208121828,0.646,0.64,0.64,0.2909589386443134,0.64,0.6571357326564742,0.6634568511511237,0.6571357326564742,0.6634568511511237,0.6571357326564742,0.6634568511511237,0.6571357326564742,0.6634568511511237,0.6571357326564742,0.6634568511511237,0.6571357326564742,0.6634568511511237,0.2962102289259422,0.31598748345198924,0.2962102289259422,0.31598748345198924,0.2962102289259422,0.31598748345198924,0.6571357326564742,0.6634568511511237,0.6571357326564742,0.6634568511511237,0.6571357326564742,0.6634568511511237
0.633,0.633,0.2710849116562858,0.633,0.634,0.634,0.2853879406286244,0.634,0.6487653190023921,0.6480187428922336,0.6487653190023921,0.6480187428922336,0.6487653190023921,0.6480187428922336,0.6487653190023921,0.6480187428922336,0.6487653190023921,0.6480187428922336,0.6487653190023921,0.6480187428922336,0.29298055479619034,0.3098716231427183,0.29298055479619034,0.3098716231427183,0.29298055479619034,0.3098716231427183,0.6487653190023921,0.6480187428922336,0.6487653190023921,0.6480187428922336,0.6487653190023921,0.6480187428922336
0.627,0.627,0.2468602350280661,0.627,0.643,0.643,0.2989773316367407,0.643,0.6502114948142829,0.6435223032458343,0.6502114948142829,0.6435223032458343,0.6502114948142829,0.6435223032458343,0.6502114948142829,0.6435223032458343,0.6502114948142829,0.6435223032458343,0.6502114948142829,0.6435223032458343,0.29031135546901715,0.2959833987549066,0.29031135546901715,0.2959833987549066,0.29031135546901715,0.2959833987549066,0.6502114948142829,0.6435223032458343,0.6502114948142829,0.6435223032458343,0.6502114948142829,0.6435223032458343
0.614,0.614,0.182161804837534,0.614,0.624,0.624,0.2607360395112994,0.624,0.6693012554144445,0.6467176080649193,0.6693012554144445,0.6467176080649193,0.6693012554144445,0.6467176080649193,0.6693012554144445,0.6467176080649193,0.6693012554144445,0.6467176080649193,0.6693012554144445,0.6467176080649193,0.2719700882151089,0.287087166784991,0.2719700882151089,0.287087166784991,0.2719700882151089,0.287087166784991,0.6693012554144445,0.6467176080649193,0.6693012554144445,0.6467176080649193,0.6693012554144445,0.6467176080649193
0.666,0.666,0.1663380274659173,0.666,0.627,0.627,0.2654993422969981,0.627,0.6761197897672233,0.66735533423154,0.6761197897672233,0.66735533423154,0.6761197897672233,0.66735533423154,0.6761197897672233,0.66735533423154,0.6761197897672233,0.66735533423154,0.6761197897672233,0.66735533423154,0.28673792642903884,0.2778715591480147,0.28673792642903884,0.2778715591480147,0.28673792642903884,0.2778715591480147,0.6761197897672233,0.66735533423154,0.6761197897672233,0.66735533423154,0.6761197897672233,0.66735533423154
0.691,0.691,0.0750607646164346,0.691,0.629,0.629,0.2620909676752087,0.629,0.7367627193139134,0.7331170804091225,0.7367627193139134,0.7331170804091225,0.7367627193139134,0.7331170804091225,0.7367627193139134,0.7331170804091225,0.7367627193139134,0.7331170804091225,0.7367627193139134,0.7331170804091225,0.1398831360571505,0.20349767218148054,0.1398831360571505,0.20349767218148054,0.1398831360571505,0.20349767218148054,0.7367627193139134,0.7331170804091225,0.7367627193139134,0.7331170804091225,0.7367627193139134,0.7331170804091225
0.735,0.735,0.0,0.735,0.639,0.639,0.281013989356617,0.639,0.7477382906553808,0.7469286934382631,0.7477382906553808,0.7469286934382631,0.7477382906553808,0.7469286934382631,0.7477382906553808,0.7469286934382631,0.7477382906553808,0.7469286934382631,0.7477382906553808,0.7469286934382631,0.027011604649271603,0.028897799167036383,0.027011604649271603,0.028897799167036383,0.027011604649271603,0.028897799167036383,0.7477382906553808,0.7469286934382631,0.7477382906553808,0.7469286934382631,0.7477382906553808,0.7469286934382631
0.729,0.729,0.0,0.729,0.646,0.646,0.2980647208121828,0.646,0.7524173307831262,0.7562813261968289,0.7524173307831262,0.7562813261968289,0.7524173307831262,0.7562813261968289,0.7524173307831262,0.7562813261968289,0.7524173307831262,0.7562813261968289,0.7524173307831262,0.7562813261968289,0.025628071459957383,0.024927509105032608,0.025628071459957383,0.024927509105032608,0.025628071459957383,0.024927509105032608,0.7524173307831262,0.7562813261968289,0.7524173307831262,0.7562813261968289,0.7524173307831262,0.7562813261968289
0.701,0.701,0.0026817520780242,0.701,0.633,0.633,0.2710849116562858,0.633,0.7484221191224242,0.7422122781287758,0.7484221191224242,0.7422122781287758,0.7484221191224242,0.7422122781287758,0.7484221191224242,0.7422122781287758,0.7484221191224242,0.7422122781287758,0.7484221191224242,0.7422122781287758,0.02847306938688629,0.027044574702045316,0.02847306938688629,0.027044574702045316,0.02847306938688629,0.027044574702045316,0.7484221191224242,0.7422122781287758,0.7484221191224242,0.7422122781287758,0.7484221191224242,0.7422122781287758
0.716,0.716,0.0158298910482104,0.716,0.627,0.627,0.2468602350280661,0.627,0.7422279016010016,0.7419407361523024,0.7422279016010016,0.7419407361523024,0.7422279016010016,0.7419407361523024,0.7422279016010016,0.7419407361523024,0.7422279016010016,0.7419407361523024,0.7422279016010016,0.7419407361523024,0.03537673422971557,0.031204730542876185,0.03537673422971557,0.031204730542876185,0.03537673422971557,0.031204730542876185,0.7422279016010016,0.7419407361523024,0.7422279016010016,0.7419407361523024,0.7422279016010016,0.7419407361523024
0.697,0.697,0.0185662645919437,0.697,0.614,0.614,0.182161804837534,0.614,0.7099983812574191,0.7221299646453234,0.7099983812574191,0.7221299646453234,0.7099983812574191,0.7221299646453234,0.7099983812574191,0.7221299646453234,0.7099983812574191,0.7221299646453234,0.7099983812574191,0.7221299646453234,0.05329217348913726,0.04952082422484931,0.05329217348913726,0.04952082422484931,0.05329217348913726,0.04952082422484931,0.7099983812574191,0.7221299646453234,0.7099983812574191,0.7221299646453234,0.7099983812574191,0.7221299646453234
0.69,0.69,0.0140764440599697,0.69,0.666,0.666,0.1663380274659173,0.666,0.6902068873549247,0.7164280824936777,0.6902068873549247,0.7164280824936777,0.6902068873549247,0.7164280824936777,0.6902068873549247,0.7164280824936777,0.6902068873549247,0.7164280824936777,0.6902068873549247,0.7164280824936777,0.049542049512095586,0.0418263672381298,0.049542049512095586,0.0418263672381298,0.049542049512095586,0.0418263672381298,0.6902068873549247,0.7164280824936777,0.6902068873549247,0.7164280824936777,0.6902068873549247,0.7164280824936777
0.659,0.659,0.0241752707126667,0.659,0.691,0.691,0.0750607646164346,0.691,0.6825367608165268,0.6850336719174963,0.6825367608165268,0.6850336719174963,0.6825367608165268,0.6850336719174963,0.6825367608165268,0.6850336719174963,0.6825367608165268,0.6850336719174963,0.6825367608165268,0.6850336719174963,0.046181537987979776,0.04878567697405592,0.046181537987979776,0.04878567697405592,0.046181537987979776,0.04878567697405592,0.6825367608165268,0.6850336719174963,0.6825367608165268,0.6850336719174963,0.6825367608165268,0.6850336719174963
0.643,0.643,0.0029938113005205,0.643,0.735,0.735,0.0,0.735,0.6623361660383104,0.6748515743270166,0.6623361660383104,0.6748515743270166,0.6623361660383104,0.6748515743270166,0.6623361660383104,0.6748515743270166,0.6623361660383104,0.6748515743270166,0.6623361660383104,0.6748515743270166,0.04080866890222525,0.04183563434042758,0.04080866890222525,0.04183563434042758,0.04080866890222525,0.04183563434042758,0.6623361660383104,0.6748515743270166,0.6623361660383104,0.6748515743270166,0.6623361660383104,0.6748515743270166
0.631,0.631,-0.0002168491813945,0.631,0.729,0.729,0.0,0.729,0.68186717053314,0.7051164388895204,0.68186717053314,0.7051164388895204,0.68186717053314,0.7051164388895204,0.68186717053314,0.7051164388895204,0.68186717053314,0.7051164388895204,0.68186717053314,0.7051164388895204,0.06057399290844185,0.05956672486228302,0.06057399290844185,0.05956672486228302,0.06057399290844185,0.05956672486228302,0.68186717053314,0.7051164388895204,0.68186717053314,0.7051164388895204,0.68186717053314,0.7051164388895204
0.618,0.618,0.0693096324016683,0.618,0.701,0.701,0.0026817520780242,0.701,0.6700300913238841,0.6881578336104467,0.6700300913238841,0.6881578336104467,0.6700300913238841,0.6881578336104467,0.6700300913238841,0.6881578336104467,0.6700300913238841,0.6881578336104467,0.6700300913238841,0.6881578336104467,0.11053709950122705,0.07275404384464748,0.11053709950122705,0.07275404384464748,0.11053709950122705,0.07275404384464748,0.6700300913238841,0.6881578336104467,0.6700300913238841,0.6881578336104467,0.6700300913238841,0.6881578336104467
0.638,0.638,0.1469507022339523,0.638,0.716,0.716,0.0158298910482104,0.716,0.6568037816915505,0.6534368968549,0.6568037816915505,0.6534368968549,0.6568037816915505,0.6534368968549,0.6568037816915505,0.6534368968549,0.6568037816915505,0.6534368968549,0.6568037816915505,0.6534368968549,0.18450347850836482,0.0975291716239975,0.18450347850836482,0.0975291716239975,0.18450347850836482,0.0975291716239975,0.6568037816915505,0.6534368968549,0.6568037816915505,0.6534368968549,0.6568037816915505,0.6534368968549
0.623,0.623,0.171938147952908,0.623,0.697,0.697,0.0185662645919437,0.697,0.6228559144176654,0.6373311606900652,0.6228559144176654,0.6373311606900652,0.6228559144176654,0.6373311606900652,0.6228559144176654,0.6373311606900652,0.6228559144176654,0.6373311606900652,0.6228559144176654,0.6373311606900652,0.1863001311226581,0.16040143811050478,0.1863001311226581,0.16040143811050478,0.1863001311226581,0.16040143811050478,0.6228559144176654,0.6373311606900652,0.6228559144176654,0.6373311606900652,0.6228559144176654,0.6373311606900652
0.604,0.604,0.1698983335080179,0.604,0.69,0.69,0.0140764440599697,0.69,0.6134377942495984,0.6150446551763162,0.6134377942495984,0.6150446551763162,0.6134377942495984,0.6150446551763162,0.6134377942495984,0.6150446551763162,0.6134377942495984,0.6150446551763162,0.6134377942495984,0.6150446551763162,0.1507353408645372,0.15400496473299993,0.1507353408645372,0.15400496473299993,0.1507353408645372,0.15400496473299993,0.6134377942495984,0.6150446551763162,0.6134377942495984,0.6150446551763162,0.6134377942495984,0.6150446551763162
0.579,0.579,0.1428804104401644,0.579,0.659,0.659,0.0241752707126667,0.659,0.599948258247411,0.6119157399954109,0.599948258247411,0.6119157399954109,0.599948258247411,0.6119157399954109,0.599948258247411,0.6119157399954109,0.599948258247411,0.6119157399954109,0.599948258247411,0.6119157399954109,0.1459037510867429,0.15990079431514193,0.1459037510867429,0.15990079431514193,0.1459037510867429,0.15990079431514193,0.599948258247411,0.6119157399954109,0.599948258247411,0.6119157399954109,0.599948258247411,0.6119157399954109
0.591,0.591,0.1731226447136457,0.591,0.643,0.643,0.0029938113005205,0.643,0.6060669526681716,0.6084194032961352,0.6060669526681716,0.6084194032961352,0.6060669526681716,0.6084194032961352,0.6060669526681716,0.6084194032961352,0.6060669526681716,0.6084194032961352,0.6060669526681716,0.6084194032961352,0.19794745398395647,0.17005714521906742,0.19794745398395647,0.17005714521906742,0.19794745398395647,0.17005714521906742,0.6060669526681716,0.6084194032961352,0.6060669526681716,0.6084194032961352,0.6060669526681716,0.6084194032961352
0.602,0.602,0.184024930293587,0.602,0.631,0.631,-0.0002168491813945,0.631,0.6230756941955479,0.6316159696135559,0.6230756941955479,0.6316159696135559,0.6230756941955479,0.6316159696135559,0.6230756941955479,0.6316159696135559,0.6230756941955479,0.6316159696135559,0.6230756941955479,0.6316159696135559,0.2138109268243615,0.2061879931564163,0.2138109268243615,0.2061879931564163,0.2138109268243615,0.2061879931564163,0.6230756941955479,0.6316159696135559,0.6230756941955479,0.6316159696135559,0.6230756941955479,0.6316159696135559
0.621,0.621,0.2185953684766114,0.621,0.618,0.618,0.0693096324016683,0.618,0.6324242347001856,0.6430423767827079,0.6324242347001856,0.6430423767827079,0.6324242347001856,0.6430423767827079,0.6324242347001856,0.6430423767827079,0.6324242347001856,0.6430423767827079,0.6324242347001856,0.6430423767827079,0.25360136636419367,0.24923291476441067,0.25360136636419367,0.24923291476441067,0.25360136636419367,0.24923291476441067,0.6324242347001856,0.6430423767827079,0.6324242347001856,0.6430423767827079,0.6324242347001856,0.6430423767827079
0.612,0.612,0.2153880997832205,0.612,0.638,0.638,0.1469507022339523,0.638,0.6201594431940632,0.6437972538167447,0.6201594431940632,0.6437972538167447,0.6201594431940632,0.6437972538167447,0.6201594431940632,0.6437972538167447,0.6201594431940632,0.6437972538167447,0.6201594431940632,0.6437972538167447,0.2474878889459094,0.27582176202268965,0.2474878889459094,0.27582176202268965,0.2474878889459094,0.27582176202268965,0.6201594431940632,0.6437972538167447,0.6201594431940632,0.6437972538167447,0.6201594431940632,0.6437972538167447
0.62,0.62,0.2388582874311466,0.62,0.623,0.623,0.171938147952908,0.623,0.632192749037454,0.6341255095743213,0.632192749037454,0.6341255095743213,0.632192749037454,0.6341255095743213,0.632192749037454,0.6341255095743213,0.632192749037454,0.6341255095743213,0.632192749037454,0.6341255095743213,0.2503038246631311,0.24686571729422585,0.2503038246631311,0.24686571729422585,0.2503038246631311,0.24686571729422585,0.632192749037454,0.6341255095743213,0.632192749037454,0.6341255095743213,0.632192749037454,0.6341255095743213
0.608,0.608,0.214491824302661,0.608,0.604,0.604,0.1698983335080179,0.604,0.6419401537435999,0.643506397970233,0.6419401537435999,0.643506397970233,0.6419401537435999,0.643506397970233,0.6419401537435999,0.643506397970233,0.6419401537435999,0.643506397970233,0.6419401537435999,0.643506397970233,0.2418012114896351,0.253486356158811,0.2418012114896351,0.253486356158811,0.2418012114896351,0.253486356158811,0.6419401537435999,0.643506397970233,0.6419401537435999,0.643506397970233,0.6419401537435999,0.643506397970233
0.618,0.618,0.2336549842518105,0.618,0.579,0.579,0.1428804104401644,0.579,0.6302994187408153,0.639105930564735,0.6302994187408153,0.639105930564735,0.6302994187408153,0.639105930564735,0.6302994187408153,0.639105930564735,0.6302994187408153,0.639105930564735,0.6302994187408153,0.639105930564735,0.24174174414295022,0.2694310267568746,0.24174174414295022,0.2694310267568746,0.24174174414295022,0.2694310267568746,0.6302994187408153,0.639105930564735,0.6302994187408153,0.639105930564735,0.6302994187408153,0.639105930564735
0.621,0.621,0.2400850142358744,0.621,0.591,0.591,0.1731226447136457,0.591,0.6431289443716769,0.6490557300310779,0.6431289443716769,0.6490557300310779,0.6431289443716769,0.6490557300310779,0.6431289443716769,0.6490557300310779,0.6431289443716769,0.6490557300310779,0.6431289443716769,0.6490557300310779,0.2755278764112214,0.307015775892779,0.2755278764112214,0.307015775892779,0.2755278764112214,0.307015775892779,0.6431289443716769,0.6490557300310779,0.6431289443716769,0.6490557300310779,0.6431289443716769,0.6490557300310779
0.615,0.615,0.2375331722580901,0.615,0.602,0.602,0.184024930293587,0.602,0.6556498824493266,0.6700705227973994,0.6556498824493266,0.6700705227973994,0.6556498824493266,0.6700705227973994,0.6556498824493266,0.6700705227973994,0.6556498824493266,0.6700705227973994,0.6556498824493266,0.6700705227973994,0.31096303344967924,0.30896088615036293,0.31096303344967924,0.30896088615036293,0.31096303344967924,0.30896088615036293,0.6556498824493266,0.6700705227973994,0.6556498824493266,0.6700705227973994,0.6556498824493266,0.6700705227973994
0.607,0.607,0.2269136346468588,0.607,0.621,0.621,0.2185953684766114,0.621,0.6303914148489086,0.6580255470947577,0.6303914148489086,0.6580255470947577,0.6303914148489086,0.6580255470947577,0.6303914148489086,0.6580255470947577,0.6303914148489086,0.6580255470947577,0.6303914148489086,0.6580255470947577,0.3142667555905134,0.3078167442930787,0.3142667555905134,0.3078167442930787,0.3142667555905134,0.3078167442930787,0.6303914148489086,0.6580255470947577,0.6303914148489086,0.6580255470947577,0.6303914148489086,0.6580255470947577
0.614,0.614,0.2392139858485917,0.614,0.612,0.612,0.2153880997832205,0.612,0.6377221975338213,0.6469047258181135,0.6377221975338213,0.6469047258181135,0.6377221975338213,0.6469047258181135,0.6377221975338213,0.6469047258181135,0.6377221975338213,0.6469047258181135,0.6377221975338213,0.6469047258181135,0.30312439462616886,0.28946443444261527,0.30312439462616886,0.28946443444261527,0.30312439462616886,0.28946443444261527,0.6377221975338213,0.6469047258181135,0.6377221975338213,0.6469047258181135,0.6377221975338213,0.6469047258181135
0.613,0.613,0.2393449325041473,0.613,0.62,0.62,0.2388582874311466,0.62,0.6313619308594455,0.6564340986382694,0.6313619308594455,0.6564340986382694,0.6313619308594455,0.6564340986382694,0.6313619308594455,0.6564340986382694,0.6313619308594455,0.6564340986382694,0.6313619308594455,0.6564340986382694,0.2786339888336725,0.2616232767266625,0.2786339888336725,0.2616232767266625,0.2786339888336725,0.2616232767266625,0.6313619308594455,0.6564340986382694,0.6313619308594455,0.6564340986382694,0.6313619308594455,0.6564340986382694
0.624,0.624,0.2589556004036327,0.624,0.608,0.608,0.214491824302661,0.608,0.639028166383931,0.6625419723693897,0.639028166383931,0.6625419723693897,0.639028166383931,0.6625419723693897,0.639028166383931,0.6625419723693897,0.639028166383931,0.6625419723693897,0.639028166383931,0.6625419723693897,0.23092938222164802,0.250361411211738,0.23092938222164802,0.250361411211738,0.23092938222164802,0.250361411211738,0.639028166383931,0.6625419723693897,0.639028166383931,0.6625419723693897,0.639028166383931,0.6625419723693897
0.632,0.632,0.2750625455548332,0.632,0.618,0.618,0.2336549842518105,0.618,0.6438568798392486,0.6633684750820527,0.6438568798392486,0.6633684750820527,0.6438568798392486,0.6633684750820527,0.6438568798392486,0.6633684750820527,0.6438568798392486,0.6633684750820527,0.6438568798392486,0.6633684750820527,0.269929864349869,0.26123965048258435,0.269929864349869,0.26123965048258435,0.269929864349869,0.26123965048258435,0.6438568798392486,0.6633684750820527,0.6438568798392486,0.6633684750820527,0.6438568798392486,0.6633684750820527
0.631,0.631,0.2742278098594873,0.631,0.621,0.621,0.2400850142358744,0.621,0.6412622080368037,0.6536702667738503,0.6412622080368037,0.6536702667738503,0.6412622080368037,0.6536702667738503,0.6412622080368037,0.6536702667738503,0.6412622080368037,0.6536702667738503,0.6412622080368037,0.6536702667738503,0.28448172432121277,0.292537283168134,0.28448172432121277,0.292537283168134,0.28448172432121277,0.292537283168134,0.6412622080368037,0.6536702667738503,0.6412622080368037,0.6536702667738503,0.6412622080368037,0.6536702667738503
0.63,0.63,0.2788311607309923,0.63,0.615,0.615,0.2375331722580901,0.615,0.6336693900335457,0.6480161567761348,0.6336693900335457,0.6480161567761348,0.6336693900335457,0.6480161567761348,0.6336693900335457,0.6480161567761348,0.6336693900335457,0.6480161567761348,0.6336693900335457,0.6480161567761348,0.28991668709583396,0.29353396718559366,0.28991668709583396,0.29353396718559366,0.28991668709583396,0.29353396718559366,0.6336693900335457,0.6480161567761348,0.6336693900335457,0.6480161567761348,0.6336693900335457,0.6480161567761348
0.606,0.606,0.2398723602927841,0.606,0.607,0.607,0.2269136346468588,0.607,0.6442791973157466,0.6475558398054543,0.6442791973157466,0.6475558398054543,0.6442791973157466,0.6475558398054543,0.6442791973157466,0.6475558398054543,0.6442791973157466,0.6475558398054543,0.6442791973157466,0.6475558398054543,0.3108943200016551,0.3199052152206373,0.3108943200016551,0.3199052152206373,0.3108943200016551,0.3199052152206373,0.6442791973157466,0.6475558398054543,0.6442791973157466,0.6475558398054543,0.6442791973157466,0.6475558398054543
0.609,0.609,0.2464364732456039,0.609,0.614,0.614,0.2392139858485917,0.614,0.6394891206022254,0.6522074363348235,0.6394891206022254,0.6522074363348235,0.6394891206022254,0.6522074363348235,0.6394891206022254,0.6522074363348235,0.6394891206022254,0.6522074363348235,0.6394891206022254,0.6522074363348235,0.3194345864536666,0.31554209557498075,0.3194345864536666,0.31554209557498075,0.3194345864536666,0.31554209557498075,0.6394891206022254,0.6522074363348235,0.6394891206022254,0.6522074363348235,0.6394891206022254,0.6522074363348235
0.607,0.607,0.2406501425954694,0.607,0.613,0.613,0.2393449325041473,0.613,0.6331281736010446,0.6402066721960227,0.6331281736010446,0.6402066721960227,0.6331281736010446,0.6402066721960227,0.6331281736010446,0.6402066721960227,0.6331281736010446,0.6402066721960227,0.6331281736010446,0.6402066721960227,0.3166983675111889,0.3038182649297651,0.3166983675111889,0.3038182649297651,0.3166983675111889,0.3038182649297651,0.6331281736010446,0.6402066721960227,0.6331281736010446,0.6402066721960227,0.6331281736010446,0.6402066721960227
0.613,0.613,0.2539730273658886,0.613,0.624,0.624,0.2589556004036327,0.624,0.6504335979955576,0.6400378691989659,0.6504335979955576,0.6400378691989659,0.6504335979955576,0.6400378691989659,0.6504335979955576,0.6400378691989659,0.6504335979955576,0.6400378691989659,0.6504335979955576,0.6400378691989659,0.2958441659770734,0.30222075326191633,0.2958441659770734,0.30222075326191633,0.2958441659770734,0.30222075326191633,0.6504335979955576,0.6400378691989659,0.6504335979955576,0.6400378691989659,0.6504335979955576,0.6400378691989659
0.607,0.607,0.2407675009852635,0.607,0.632,0.632,0.2750625455548332,0.632,0.6382632809902248,0.6314876769126723,0.6382632809902248,0.6314876769126723,0.6382632809902248,0.6314876769126723,0.6382632809902248,0.6314876769126723,0.6382632809902248,0.6314876769126723,0.6382632809902248,0.6314876769126723,0.28309179682968794,0.2835079349817825,0.28309179682968794,0.2835079349817825,0.28309179682968794,0.2835079349817825,0.6382632809902248,0.6314876769126723,0.6382632809902248,0.6314876769126723,0.6382632809902248,0.6314876769126723
0.601,0.601,0.2328752374433789,0.601,0.631,0.631,0.2742278098594873,0.631,0.6566879927717646,0.64420996858786,0.6566879927717646,0.64420996858786,0.6566879927717646,0.64420996858786,0.6566879927717646,0.64420996858786,0.6566879927717646,0.64420996858786,0.6566879927717646,0.64420996858786,0.2878295798486029,0.2882474920993754,0.2878295798486029,0.2882474920993754,0.2878295798486029,0.2882474920993754,0.6566879927717646,0.64420996858786,0.6566879927717646,0.64420996858786,0.6566879927717646,0.64420996858786
0.594,0.594,0.2227790816541405,0.594,0.63,0.63,0.2788311607309923,0.63,0.6411989327895079,0.6436656504472456,0.6411989327895079,0.6436656504472456,0.6411989327895079,0.6436656504472456,0.6411989327895079,0.6436656504472456,0.6411989327895079,0.6436656504472456,0.6411989327895079,0.6436656504472456,0.2634599964858343,0.2834386043733652,0.2634599964858343,0.2834386043733652,0.2634599964858343,0.2834386043733652,0.6411989327895079,0.6436656504472456,0.6411989327895079,0.6436656504472456,0.6411989327895079,0.6436656504472456
0.61,0.61,0.2565651020221429,0.61,0.606,0.606,0.2398723602927841,0.606,0.6347039319732974,0.645458522978063,0.6347039319732974,0.645458522978063,0.6347039319732974,0.645458522978063,0.6347039319732974,0.645458522978063,0.6347039319732974,0.645458522978063,0.6347039319732974,0.645458522978063,0.2961363713911061,0.29816508820751414,0.2961363713911061,0.29816508820751414,0.2961363713911061,0.29816508820751414,0.6347039319732974,0.645458522978063,0.6347039319732974,0.645458522978063,0.6347039319732974,0.645458522978063
0.597,0.597,0.2327141736541083,0.597,0.609,0.609,0.2464364732456039,0.609,0.620404735595483,0.6360476629380825,0.620404735595483,0.6360476629380825,0.620404735595483,0.6360476629380825,0.620404735595483,0.6360476629380825,0.620404735595483,0.6360476629380825,0.620404735595483,0.6360476629380825,0.27996922407731273,0.2767096041061218,0.27996922407731273,0.2767096041061218,0.27996922407731273,0.2767096041061218,0.620404735595483,0.6360476629380825,0.620404735595483,0.6360476629380825,0.620404735595483,0.6360476629380825
0.583,0.583,0.2076822520824466,0.583,0.607,0.607,0.2406501425954694,0.607,0.6249437553860943,0.640984023098558,0.6249437553860943,0.640984023098558,0.6249437553860943,0.640984023098558,0.6249437553860943,0.640984023098558,0.6249437553860943,0.640984023098558,0.6249437553860943,0.640984023098558,0.2907912982805751,0.2987128025066142,0.2907912982805751,0.2987128025066142,0.2907912982805751,0.2987128025066142,0.6249437553860943,0.640984023098558,0.6249437553860943,0.640984023098558,0.6249437553860943,0.640984023098558
0.587,0.587,0.2159200504241245,0.587,0.613,0.613,0.2539730273658886,0.613,0.6440551291967279,0.6465631379686577,0.6440551291967279,0.6465631379686577,0.6440551291967279,0.6465631379686577,0.6440551291967279,0.6465631379686577,0.6440551291967279,0.6465631379686577,0.6440551291967279,0.6465631379686577,0.2932644019659082,0.2932838124528131,0.2932644019659082,0.2932838124528131,0.2932644019659082,0.2932838124528131,0.6440551291967279,0.6465631379686577,0.6440551291967279,0.6465631379686577,0.6440551291967279,0.6465631379686577
0.585,0.585,0.2213883677298311,0.585,0.607,0.607,0.2407675009852635,0.607,0.6174735964389955,0.6354804797247048,0.6174735964389955,0.6354804797247048,0.6174735964389955,0.6354804797247048,0.6174735964389955,0.6354804797247048,0.6174735964389955,0.6354804797247048,0.6174735964389955,0.6354804797247048,0.28509064109379906,0.28737719704229747,0.28509064109379906,0.28737719704229747,0.28509064109379906,0.28737719704229747,0.6174735964389955,0.6354804797247048,0.6174735964389955,0.6354804797247048,0.6174735964389955,0.6354804797247048
0.591,0.591,0.2350393141164236,0.591,0.601,0.601,0.2328752374433789,0.601,0.6323278595252121,0.6477274565821943,0.6323278595252121,0.6477274565821943,0.6323278595252121,0.6477274565821943,0.6323278595252121,0.6477274565821943,0.6323278595252121,0.6477274565821943,0.6323278595252121,0.6477274565821943,0.2696166921807221,0.2897849979403841,0.2696166921807221,0.2897849979403841,0.2696166921807221,0.2897849979403841,0.6323278595252121,0.6477274565821943,0.6323278595252121,0.6477274565821943,0.6323278595252121,0.6477274565821943
0.59,0.59,0.2347548229110672,0.59,0.594,0.594,0.2227790816541405,0.594,0.626617513188485,0.6492257830847261,0.626617513188485,0.6492257830847261,0.626617513188485,0.6492257830847261,0.626617513188485,0.6492257830847261,0.626617513188485,0.6492257830847261,0.626617513188485,0.6492257830847261,0.2839015978277637,0.2966732200656832,0.2839015978277637,0.2966732200656832,0.2839015978277637,0.2966732200656832,0.626617513188485,0.6492257830847261,0.626617513188485,0.6492257830847261,0.626617513188485,0.6492257830847261
0.588,0.588,0.2226855083674508,0.588,0.61,0.61,0.2565651020221429,0.61,0.6555232851989492,0.6487986280637867,0.6555232851989492,0.6487986280637867,0.6555232851989492,0.6487986280637867,0.6555232851989492,0.6487986280637867,0.6555232851989492,0.6487986280637867,0.6555232851989492,0.6487986280637867,0.29668229781435396,0.266183260897206,0.29668229781435396,0.266183260897206,0.29668229781435396,0.266183260897206,0.6555232851989492,0.6487986280637867,0.6555232851989492,0.6487986280637867,0.6555232851989492,0.6487986280637867
0.575,0.575,0.2011878806104803,0.575,0.597,0.597,0.2327141736541083,0.597,0.627671318666044,0.6456190883519959,0.627671318666044,0.6456190883519959,0.627671318666044,0.6456190883519959,0.627671318666044,0.6456190883519959,0.627671318666044,0.6456190883519959,0.627671318666044,0.6456190883519959,0.2927899498345641,0.2940279891468393,0.2927899498345641,0.2940279891468393,0.2927899498345641,0.2940279891468393,0.627671318666044,0.6456190883519959,0.627671318666044,0.6456190883519959,0.627671318666044,0.6456190883519959
0.569,0.569,0.1856554434493443,0.569,0.583,0.583,0.2076822520824466,0.583,0.6339763578661323,0.6426641387511295,0.6339763578661323,0.6426641387511295,0.6339763578661323,0.6426641387511295,0.6339763578661323,0.6426641387511295,0.6339763578661323,0.6426641387511295,0.6339763578661323,0.6426641387511295,0.29165949865906005,0.28999281098925866,0.29165949865906005,0.28999281098925866,0.29165949865906005,0.28999281098925866,0.6339763578661323,0.6426641387511295,0.6339763578661323,0.6426641387511295,0.6339763578661323,0.6426641387511295
0.589,0.589,0.228545686613109,0.589,0.587,0.587,0.2159200504241245,0.587,0.626451819482342,0.6312369077912338,0.626451819482342,0.6312369077912338,0.626451819482342,0.6312369077912338,0.626451819482342,0.6312369077912338,0.626451819482342,0.6312369077912338,0.626451819482342,0.6312369077912338,0.2806325716143472,0.29567197901802916,0.2806325716143472,0.29567197901802916,0.2806325716143472,0.29567197901802916,0.626451819482342,0.6312369077912338,0.626451819482342,0.6312369077912338,0.626451819482342,0.6312369077912338
0.601,0.601,0.2429532035032862,0.601,0.585,0.585,0.2213883677298311,0.585,0.6398442044838608,0.6512135223878545,0.6398442044838608,0.6512135223878545,0.6398442044838608,0.6512135223878545,0.6398442044838608,0.6512135223878545,0.6398442044838608,0.6512135223878545,0.6398442044838608,0.6512135223878545,0.2888343045069436,0.2889672877310992,0.2888343045069436,0.2889672877310992,0.2888343045069436,0.2889672877310992,0.6398442044838608,0.6512135223878545,0.6398442044838608,0.6512135223878545,0.6398442044838608,0.6512135223878545
0.619,0.619,0.270657059503664,0.619,0.591,0.591,0.2350393141164236,0.591,0.6381945234840415,0.6608690334821583,0.6381945234840415,0.6608690334821583,0.6381945234840415,0.6608690334821583,0.6381945234840415,0.6608690334821583,0.6381945234840415,0.6608690334821583,0.6381945234840415,0.6608690334821583,0.31149371571257006,0.30956493486447595,0.31149371571257006,0.30956493486447595,0.31149371571257006,0.30956493486447595,0.6381945234840415,0.6608690334821583,0.6381945234840415,0.6608690334821583,0.6381945234840415,0.6608690334821583
0.627,0.627,0.2817143341318565,0.627,0.59,0.59,0.2347548229110672,0.59,0.6506709856114873,0.6646576825028836,0.6506709856114873,0.6646576825028836,0.6506709856114873,0.6646576825028836,0.6506709856114873,0.6646576825028836,0.6506709856114873,0.6646576825028836,0.6506709856114873,0.6646576825028836,0.308666331350439,0.31150826528198294,0.308666331350439,0.31150826528198294,0.308666331350439,0.31150826528198294,0.6506709856114873,0.6646576825028836,0.6506709856114873,0.6646576825028836,0.6506709856114873,0.6646576825028836
0.604,0.604,0.2529457706543515,0.604,0.588,0.588,0.2226855083674508,0.588,0.6479833584852253,0.6601984571957822,0.6479833584852253,0.6601984571957822,0.6479833584852253,0.6601984571957822,0.6479833584852253,0.6601984571957822,0.6479833584852253,0.6601984571957822,0.6479833584852253,0.6601984571957822,0.29207287043025404,0.3034708419315578,0.29207287043025404,0.3034708419315578,0.29207287043025404,0.3034708419315578,0.6479833584852253,0.6601984571957822,0.6479833584852253,0.6601984571957822,0.6479833584852253,0.6601984571957822
0.604,0.604,0.2602417290915543,0.604,0.575,0.575,0.2011878806104803,0.575,0.632889952720335,0.6460881277265098,0.632889952720335,0.6460881277265098,0.632889952720335,0.6460881277265098,0.632889952720335,0.6460881277265098,0.632889952720335,0.6460881277265098,0.632889952720335,0.6460881277265098,0.29379477596669373,0.29154046659731525,0.29379477596669373,0.29154046659731525,0.29379477596669373,0.29154046659731525,0.632889952720335,0.6460881277265098,0.632889952720335,0.6460881277265098,0.632889952720335,0.6460881277265098
0.596,0.596,0.2566287007562515,0.596,0.569,0.569,0.1856554434493443,0.569,0.6536890960964455,0.6599409321624997,0.6536890960964455,0.6599409321624997,0.6536890960964455,0.6599409321624997,0.6536890960964455,0.6599409321624997,0.6536890960964455,0.6599409321624997,0.6536890960964455,0.6599409321624997,0.2836598412305368,0.29249303214401107,0.2836598412305368,0.29249303214401107,0.2836598412305368,0.29249303214401107,0.6536890960964455,0.6599409321624997,0.6536890960964455,0.6599409321624997,0.6536890960964455,0.6599409321624997
0.609,0.609,0.2729639271104499,0.609,0.589,0.589,0.228545686613109,0.589,0.6473368418338904,0.6659746650159688,0.6473368418338904,0.6659746650159688,0.6473368418338904,0.6659746650159688,0.6473368418338904,0.6659746650159688,0.6473368418338904,0.6659746650159688,0.6473368418338904,0.6659746650159688,0.27925431123868955,0.31063076459148514,0.27925431123868955,0.31063076459148514,0.27925431123868955,0.31063076459148514,0.6473368418338904,0.6659746650159688,0.6473368418338904,0.6659746650159688,0.6473368418338904,0.6659746650159688
0.578,0.578,0.2123574030938302,0.578,0.601,0.601,0.2429532035032862,0.601,0.642927379919329,0.6516371922939187,0.642927379919329,0.6516371922939187,0.642927379919329,0.6516371922939187,0.642927379919329,0.6516371922939187,0.642927379919329,0.6516371922939187,0.642927379919329,0.6516371922939187,0.27318336112155706,0.3033263535144362,0.27318336112155706,0.3033263535144362,0.27318336112155706,0.3033263535144362,0.642927379919329,0.6516371922939187,0.642927379919329,0.6516371922939187,0.642927379919329,0.6516371922939187
0.555,0.555,0.180557294697377,0.555,0.619,0.619,0.270657059503664,0.619,0.6598648759309761,0.6547755085322979,0.6598648759309761,0.6547755085322979,0.6598648759309761,0.6547755085322979,0.6598648759309761,0.6547755085322979,0.6598648759309761,0.6547755085322979,0.6598648759309761,0.6547755085322979,0.2952036469701239,0.30437544546085143,0.2952036469701239,0.30437544546085143,0.2952036469701239,0.30437544546085143,0.6598648759309761,0.6547755085322979,0.6598648759309761,0.6547755085322979,0.6598648759309761,0.6547755085322979
0.514,0.514,0.1252164459308166,0.514,0.627,0.627,0.2817143341318565,0.627,0.6466649860634843,0.6414788217192922,0.6466649860634843,0.6414788217192922,0.6466649860634843,0.6414788217192922,0.6466649860634843,0.6414788217192922,0.6466649860634843,0.6414788217192922,0.6466649860634843,0.6414788217192922,0.29764969532726215,0.31454248528744494,0.29764969532726215,0.31454248528744494,0.29764969532726215,0.31454248528744494,0.6466649860634843,0.6414788217192922,0.6466649860634843,0.6414788217192922,0.6466649860634843,0.6414788217192922
0.531,0.531,0.138292164889356,0.531,0.604,0.604,0.2529457706543515,0.604,0.6655392780646613,0.6379808425568569,0.6655392780646613,0.6379808425568569,0.6655392780646613,0.6379808425568569,0.6655392780646613,0.6379808425568569,0.6655392780646613,0.6379808425568569,0.6655392780646613,0.6379808425568569,0.27198369897617325,0.2852865498617995,0.27198369897617325,0.2852865498617995,0.27198369897617325,0.2852865498617995,0.6655392780646613,0.6379808425568569,0.6655392780646613,0.6379808425568569,0.6655392780646613,0.6379808425568569
0.619,0.619,0.1933230010925074,0.619,0.604,0.604,0.2602417290915543,0.604,0.6944623823713375,0.6934649061790269,0.6944623823713375,0.6934649061790269,0.6944623823713375,0.6934649061790269,0.6944623823713375,0.6934649061790269,0.6944623823713375,0.6934649061790269,0.6944623823713375,0.6934649061790269,0.2844867623754149,0.2846764447954702,0.2844867623754149,0.2846764447954702,0.2844867623754149,0.2846764447954702,0.6944623823713375,0.6934649061790269,0.6944623823713375,0.6934649061790269,0.6944623823713375,0.6934649061790269
0.668,0.668,0.1454223466908282,0.668,0.596,0.596,0.2566287007562515,0.596,0.7262128825849415,0.7429098233607825,0.7262128825849415,0.7429098233607825,0.7262128825849415,0.7429098233607825,0.7262128825849415,0.7429098233607825,0.7262128825849415,0.7429098233607825,0.7262128825849415,0.7429098233607825,0.11419169474552376,0.16242260810976575,0.11419169474552376,0.16242260810976575,0.11419169474552376,0.16242260810976575,0.7262128825849415,0.7429098233607825,0.7262128825849415,0.7429098233607825,0.7262128825849415,0.7429098233607825
0.711,0.711,0.0077593902355284,0.711,0.609,0.609,0.2729639271104499,0.609,0.7544168698317617,0.752201260532752,0.7544168698317617,0.752201260532752,0.7544168698317617,0.752201260532752,0.7544168698317617,0.752201260532752,0.7544168698317617,0.752201260532752,0.7544168698317617,0.752201260532752,0.024455626888750234,0.028897799167036383,0.024455626888750234,0.028897799167036383,0.024455626888750234,0.028897799167036383,0.7544168698317617,0.752201260532752,0.7544168698317617,0.752201260532752,0.7544168698317617,0.752201260532752
0.702,0.702,0.0073482875092436,0.702,0.578,0.578,0.2123574030938302,0.578,0.7559967355581144,0.7511669771605415,0.7559967355581144,0.7511669771605415,0.7559967355581144,0.7511669771605415,0.7559967355581144,0.7511669771605415,0.7559967355581144,0.7511669771605415,0.7559967355581144,0.7511669771605415,0.02597991488074318,0.023330048949987074,0.02597991488074318,0.023330048949987074,0.02597991488074318,0.023330048949987074,0.7559967355581144,0.7511669771605415,0.7559967355581144,0.7511669771605415,0.7559967355581144,0.7511669771605415
0.695,0.695,0.0070450964305712,0.695,0.555,0.555,0.180557294697377,0.555,0.7406830983381936,0.7441235002437214,0.7406830983381936,0.7441235002437214,0.7406830983381936,0.7441235002437214,0.7406830983381936,0.7441235002437214,0.7406830983381936,0.7441235002437214,0.7406830983381936,0.7441235002437214,0.03208169345303915,0.031002790974123798,0.03208169345303915,0.031002790974123798,0.03208169345303915,0.031002790974123798,0.7406830983381936,0.7441235002437214,0.7406830983381936,0.7441235002437214,0.7406830983381936,0.7441235002437214
0.703,0.703,0.003489464501409,0.703,0.514,0.514,0.1252164459308166,0.514,0.7189906553205386,0.7393337152079131,0.7189906553205386,0.7393337152079131,0.7189906553205386,0.7393337152079131,0.7189906553205386,0.7393337152079131,0.7189906553205386,0.7393337152079131,0.7189906553205386,0.7393337152079131,0.034916387962889706,0.03251893151220618,0.034916387962889706,0.03251893151220618,0.034916387962889706,0.03251893151220618,0.7189906553205386,0.7393337152079131,0.7189906553205386,0.7393337152079131,0.7189906553205386,0.7393337152079131
0.688,0.688,0.032929974211466,0.688,0.531,0.531,0.138292164889356,0.531,0.718710452600924,0.7379382240969786,0.718710452600924,0.7379382240969786,0.718710452600924,0.7379382240969786,0.718710452600924,0.7379382240969786,0.718710452600924,0.7379382240969786,0.718710452600924,0.7379382240969786,0.055081942036265784,0.04698063885470116,0.055081942036265784,0.04698063885470116,0.055081942036265784,0.04698063885470116,0.718710452600924,0.7379382240969786,0.718710452600924,0.7379382240969786,0.718710452600924,0.7379382240969786
0.675,0.675,0.030996195541986,0.675,0.619,0.619,0.1933230010925074,0.619,0.6945577045569927,0.7182096138640779,0.6945577045569927,0.7182096138640779,0.6945577045569927,0.7182096138640779,0.6945577045569927,0.7182096138640779,0.6945577045569927,0.7182096138640779,0.6945577045569927,0.7182096138640779,0.04938575522563557,0.04126721526204605,0.04938575522563557,0.04126721526204605,0.04938575522563557,0.04126721526204605,0.6945577045569927,0.7182096138640779,0.6945577045569927,0.7182096138640779,0.6945577045569927,0.7182096138640779
0.641,0.641,0.0354959001859155,0.641,0.668,0.668,0.1454223466908282,0.668,0.6707864930797649,0.6915113281531396,0.6707864930797649,0.6915113281531396,0.6707864930797649,0.6915113281531396,0.6707864930797649,0.6915113281531396,0.6707864930797649,0.6915113281531396,0.6707864930797649,0.6915113281531396,0.05607755528593819,0.05084613321399428,0.05607755528593819,0.05084613321399428,0.05607755528593819,0.05084613321399428,0.6707864930797649,0.6915113281531396,0.6707864930797649,0.6915113281531396,0.6707864930797649,0.6915113281531396
0.607,0.607,0.048481444177578,0.607,0.711,0.711,0.0077593902355284,0.711,0.6640538146062424,0.6819764763192151,0.6640538146062424,0.6819764763192151,0.6640538146062424,0.6819764763192151,0.6640538146062424,0.6819764763192151,0.6640538146062424,0.6819764763192151,0.6640538146062424,0.6819764763192151,0.04402851724264147,0.04236383903903532,0.04402851724264147,0.04236383903903532,0.04402851724264147,0.04236383903903532,0.6640538146062424,0.6819764763192151,0.6640538146062424,0.6819764763192151,0.6640538146062424,0.6819764763192151
0.594,0.594,0.0318719209473347,0.594,0.702,0.702,0.0073482875092436,0.702,0.6770524436993847,0.6942025371249475,0.6770524436993847,0.6942025371249475,0.6770524436993847,0.6942025371249475,0.6770524436993847,0.6942025371249475,0.6770524436993847,0.6942025371249475,0.6770524436993847,0.6942025371249475,0.05474806665334078,0.05312980527902278,0.05474806665334078,0.05312980527902278,0.05474806665334078,0.05312980527902278,0.6770524436993847,0.6942025371249475,0.6770524436993847,0.6942025371249475,0.6770524436993847,0.6942025371249475
0.575,0.575,0.0412812993458153,0.575,0.695,0.695,0.0070450964305712,0.695,0.6777492456720037,0.6971405116195907,0.6777492456720037,0.6971405116195907,0.6777492456720037,0.6971405116195907,0.6777492456720037,0.6971405116195907,0.6777492456720037,0.6971405116195907,0.6777492456720037,0.6971405116195907,0.08823291093177586,0.06937788473174235,0.08823291093177586,0.06937788473174235,0.08823291093177586,0.06937788473174235,0.6777492456720037,0.6971405116195907,0.6777492456720037,0.6971405116195907,0.6777492456720037,0.6971405116195907
0.588,0.588,0.0836258168408221,0.588,0.703,0.703,0.003489464501409,0.703,0.6521677418841678,0.6668110333078301,0.6521677418841678,0.6668110333078301,0.6521677418841678,0.6668110333078301,0.6521677418841678,0.6668110333078301,0.6521677418841678,0.6668110333078301,0.6521677418841678,0.6668110333078301,0.18154076143939138,0.07274915278591253,0.18154076143939138,0.07274915278591253,0.18154076143939138,0.07274915278591253,0.6521677418841678,0.6668110333078301,0.6521677418841678,0.6668110333078301,0.6521677418841678,0.6668110333078301
0.554,0.554,0.0580582483262582,0.554,0.688,0.688,0.032929974211466,0.688,0.6307778721272786,0.6187990006770465,0.6307778721272786,0.6187990006770465,0.6307778721272786,0.6187990006770465,0.6307778721272786,0.6187990006770465,0.6307778721272786,0.6187990006770465,0.6307778721272786,0.6187990006770465,0.1819493797326689,0.11722397864301812,0.1819493797326689,0.11722397864301812,0.1819493797326689,0.11722397864301812,0.6307778721272786,0.6187990006770465,0.6307778721272786,0.6187990006770465,0.6307778721272786,0.6187990006770465
0.545,0.545,0.0716862258638417,0.545,0.675,0.675,0.030996195541986,0.675,0.6172457849713092,0.6141767226161828,0.6172457849713092,0.6141767226161828,0.6172457849713092,0.6141767226161828,0.6172457849713092,0.6141767226161828,0.6172457849713092,0.6141767226161828,0.6172457849713092,0.6141767226161828,0.15217596845196174,0.15255720699340108,0.15217596845196174,0.15255720699340108,0.15217596845196174,0.15255720699340108,0.6172457849713092,0.6141767226161828,0.6172457849713092,0.6141767226161828,0.6172457849713092,0.6141767226161828
0.559,0.559,0.1144151525374717,0.559,0.641,0.641,0.0354959001859155,0.641,0.6031632524131281,0.6105085426209892,0.6031632524131281,0.6105085426209892,0.6031632524131281,0.6105085426209892,0.6031632524131281,0.6105085426209892,0.6031632524131281,0.6105085426209892,0.6031632524131281,0.6105085426209892,0.19208153372638617,0.1446384397723599,0.19208153372638617,0.1446384397723599,0.19208153372638617,0.1446384397723599,0.6031632524131281,0.6105085426209892,0.6031632524131281,0.6105085426209892,0.6031632524131281,0.6105085426209892
0.583,0.583,0.1623411059507931,0.583,0.607,0.607,0.048481444177578,0.607,0.6250998726601521,0.6220490053434576,0.6250998726601521,0.6220490053434576,0.6250998726601521,0.6220490053434576,0.6250998726601521,0.6220490053434576,0.6250998726601521,0.6220490053434576,0.6250998726601521,0.6220490053434576,0.19624903148468403,0.1693177353311556,0.19624903148468403,0.1693177353311556,0.19624903148468403,0.1693177353311556,0.6250998726601521,0.6220490053434576,0.6250998726601521,0.6220490053434576,0.6250998726601521,0.6220490053434576
0.594,0.594,0.1866824255293576,0.594,0.594,0.594,0.0318719209473347,0.594,0.6177212116591299,0.61922013902714,0.6177212116591299,0.61922013902714,0.6177212116591299,0.61922013902714,0.6177212116591299,0.61922013902714,0.6177212116591299,0.61922013902714,0.6177212116591299,0.61922013902714,0.20671539890068394,0.19619646457311213,0.20671539890068394,0.19619646457311213,0.20671539890068394,0.19619646457311213,0.6177212116591299,0.61922013902714,0.6177212116591299,0.61922013902714,0.6177212116591299,0.61922013902714
0.604,0.604,0.2071532396599568,0.604,0.575,0.575,0.0412812993458153,0.575,0.6210767709190066,0.6385259504117812,0.6210767709190066,0.6385259504117812,0.6210767709190066,0.6385259504117812,0.6210767709190066,0.6385259504117812,0.6210767709190066,0.6385259504117812,0.6210767709190066,0.6385259504117812,0.249985676310283,0.261020794041869,0.249985676310283,0.261020794041869,0.249985676310283,0.261020794041869,0.6210767709190066,0.6385259504117812,0.6210767709190066,0.6385259504117812,0.6210767709190066,0.6385259504117812
0.61,0.61,0.2262917951220674,0.61,0.588,0.588,0.0836258168408221,0.588,0.6237547330842728,0.6380695347353639,0.6237547330842728,0.6380695347353639,0.6237547330842728,0.6380695347353639,0.6237547330842728,0.6380695347353639,0.6237547330842728,0.6380695347353639,0.6237547330842728,0.6380695347353639,0.24458869277482725,0.23984561759121173,0.24458869277482725,0.23984561759121173,0.24458869277482725,0.23984561759121173,0.6237547330842728,0.6380695347353639,0.6237547330842728,0.6380695347353639,0.6237547330842728,0.6380695347353639
0.61,0.61,0.2260522712389117,0.61,0.554,0.554,0.0580582483262582,0.554,0.5938282402265973,0.5964568800265018,0.5938282402265973,0.5964568800265018,0.5938282402265973,0.5964568800265018,0.5938282402265973,0.5964568800265018,0.5938282402265973,0.5964568800265018,0.5938282402265973,0.5964568800265018,0.21088808820606406,0.23189293457566648,0.21088808820606406,0.23189293457566648,0.21088808820606406,0.23189293457566648,0.5938282402265973,0.5964568800265018,0.5938282402265973,0.5964568800265018,0.5938282402265973,0.5964568800265018
0.611,0.611,0.230215143983409,0.611,0.545,0.545,0.0716862258638417,0.545,0.5978300106227177,0.6101746406903741,0.5978300106227177,0.6101746406903741,0.5978300106227177,0.6101746406903741,0.5978300106227177,0.6101746406903741,0.5978300106227177,0.6101746406903741,0.5978300106227177,0.6101746406903741,0.22153671117117987,0.22559455705816225,0.22153671117117987,0.22559455705816225,0.22153671117117987,0.22559455705816225,0.5978300106227177,0.6101746406903741,0.5978300106227177,0.6101746406903741,0.5978300106227177,0.6101746406903741
0.608,0.608,0.2233071265533857,0.608,0.559,0.559,0.1144151525374717,0.559,0.601307960475356,0.611683165214009,0.601307960475356,0.611683165214009,0.601307960475356,0.611683165214009,0.601307960475356,0.611683165214009,0.601307960475356,0.611683165214009,0.601307960475356,0.611683165214009,0.23295197339926735,0.23838788110768114,0.23295197339926735,0.23838788110768114,0.23295197339926735,0.23838788110768114,0.601307960475356,0.611683165214009,0.601307960475356,0.611683165214009,0.601307960475356,0.611683165214009
0.6,0.6,0.2099108779470324,0.6,0.583,0.583,0.1623411059507931,0.583,0.6143600274864434,0.6118494439416784,0.6143600274864434,0.6118494439416784,0.6143600274864434,0.6118494439416784,0.6143600274864434,0.6118494439416784,0.6143600274864434,0.6118494439416784,0.6143600274864434,0.6118494439416784,0.22874362955055869,0.25578944881917715,0.22874362955055869,0.25578944881917715,0.22874362955055869,0.25578944881917715,0.6143600274864434,0.6118494439416784,0.6143600274864434,0.6118494439416784,0.6143600274864434,0.6118494439416784
0.599,0.599,0.2129600552694385,0.599,0.594,0.594,0.1866824255293576,0.594,0.59214113668947,0.5900634006739823,0.59214113668947,0.5900634006739823,0.59214113668947,0.5900634006739823,0.59214113668947,0.5900634006739823,0.59214113668947,0.5900634006739823,0.59214113668947,0.5900634006739823,0.21998409912179354,0.23900681602849677,0.21998409912179354,0.23900681602849677,0.21998409912179354,0.23900681602849677,0.59214113668947,0.5900634006739823,0.59214113668947,0.5900634006739823,0.59214113668947,0.5900634006739823
0.608,0.608,0.2281033396345305,0.608,0.604,0.604,0.2071532396599568,0.604,0.5937768831944787,0.588036638006844,0.5937768831944787,0.588036638006844,0.5937768831944787,0.588036638006844,0.5937768831944787,0.588036638006844,0.5937768831944787,0.588036638006844,0.5937768831944787,0.588036638006844,0.2262480039094749,0.23140185868959645,0.2262480039094749,0.23140185868959645,0.2262480039094749,0.23140185868959645,0.5937768831944787,0.588036638006844,0.5937768831944787,0.588036638006844,0.5937768831944787,0.588036638006844
0.611,0.611,0.2386283566898926,0.611,0.61,0.61,0.2262917951220674,0.61,0.6026425574907975,0.609263337590945,0.6026425574907975,0.609263337590945,0.6026425574907975,0.609263337590945,0.6026425574907975,0.609263337590945,0.6026425574907975,0.609263337590945,0.6026425574907975,0.609263337590945,0.2574315936663807,0.2401914411893151,0.2574315936663807,0.2401914411893151,0.2574315936663807,0.2401914411893151,0.6026425574907975,0.609263337590945,0.6026425574907975,0.609263337590945,0.6026425574907975,0.609263337590945
0.583,0.583,0.1895988805970148,0.583,0.61,0.61,0.2260522712389117,0.61,0.5952843060060912,0.6147763383057044,0.5952843060060912,0.6147763383057044,0.5952843060060912,0.6147763383057044,0.5952843060060912,0.6147763383057044,0.5952843060060912,0.6147763383057044,0.5952843060060912,0.6147763383057044,0.23908869707486535,0.24832133082282584,0.23908869707486535,0.24832133082282584,0.23908869707486535,0.24832133082282584,0.5952843060060912,0.6147763383057044,0.5952843060060912,0.6147763383057044,0.5952843060060912,0.6147763383057044
0.601,0.601,0.2230884861324216,0.601,0.611,0.611,0.230215143983409,0.611,0.6140529973557948,0.6103107582550581,0.6140529973557948,0.6103107582550581,0.6140529973557948,0.6103107582550581,0.6140529973557948,0.6103107582550581,0.6140529973557948,0.6103107582550581,0.6140529973557948,0.6103107582550581,0.2480988266143262,0.2472685743158415,0.2480988266143262,0.2472685743158415,0.2480988266143262,0.2472685743158415,0.6140529973557948,0.6103107582550581,0.6140529973557948,0.6103107582550581,0.6140529973557948,0.6103107582550581
0.6,0.6,0.2206496664380572,0.6,0.608,0.608,0.2233071265533857,0.608,0.6210929304879814,0.6291745319225018,0.6210929304879814,0.6291745319225018,0.6210929304879814,0.6291745319225018,0.6210929304879814,0.6291745319225018,0.6210929304879814,0.6291745319225018,0.6210929304879814,0.6291745319225018,0.2558233045233359,0.2516399736510832,0.2558233045233359,0.2516399736510832,0.2558233045233359,0.2516399736510832,0.6210929304879814,0.6291745319225018,0.6210929304879814,0.6291745319225018,0.6210929304879814,0.6291745319225018
0.623,0.623,0.2696063236205827,0.623,0.6,0.6,0.2099108779470324,0.6,0.6192297296709725,0.636072481471244,0.6192297296709725,0.636072481471244,0.6192297296709725,0.636072481471244,0.6192297296709725,0.636072481471244,0.6192297296709725,0.636072481471244,0.6192297296709725,0.636072481471244,0.26918520146301006,0.28083855757839216,0.26918520146301006,0.28083855757839216,0.26918520146301006,0.28083855757839216,0.6192297296709725,0.636072481471244,0.6192297296709725,0.636072481471244,0.6192297296709725,0.636072481471244
0.619,0.619,0.2614905098622999,0.619,0.599,0.599,0.2129600552694385,0.599,0.607146034733442,0.6223838559483946,0.607146034733442,0.6223838559483946,0.607146034733442,0.6223838559483946,0.607146034733442,0.6223838559483946,0.607146034733442,0.6223838559483946,0.607146034733442,0.6223838559483946,0.26292240035005654,0.2712753170418888,0.26292240035005654,0.2712753170418888,0.26292240035005654,0.2712753170418888,0.607146034733442,0.6223838559483946,0.607146034733442,0.6223838559483946,0.607146034733442,0.6223838559483946
0.634,0.634,0.2876189734706191,0.634,0.608,0.608,0.2281033396345305,0.608,0.6053619573566381,0.6032092292941545,0.6053619573566381,0.6032092292941545,0.6053619573566381,0.6032092292941545,0.6053619573566381,0.6032092292941545,0.6053619573566381,0.6032092292941545,0.6053619573566381,0.6032092292941545,0.24448028473849182,0.2546494819429925,0.24448028473849182,0.2546494819429925,0.24448028473849182,0.2546494819429925,0.6053619573566381,0.6032092292941545,0.6053619573566381,0.6032092292941545,0.6053619573566381,0.6032092292941545
0.605,0.605,0.2355213550819443,0.605,0.611,0.611,0.2386283566898926,0.611,0.575419957441264,0.5653610089045216,0.575419957441264,0.5653610089045216,0.575419957441264,0.5653610089045216,0.575419957441264,0.5653610089045216,0.575419957441264,0.5653610089045216,0.575419957441264,0.5653610089045216,0.2252828019050213,0.23251049253149664,0.2252828019050213,0.23251049253149664,0.2252828019050213,0.23251049253149664,0.575419957441264,0.5653610089045216,0.575419957441264,0.5653610089045216,0.575419957441264,0.5653610089045216
0.588,0.588,0.2023078859222831,0.588,0.583,0.583,0.1895988805970148,0.583,0.59519160967573,0.5911822324670087,0.59519160967573,0.5911822324670087,0.59519160967573,0.5911822324670087,0.59519160967573,0.5911822324670087,0.59519160967573,0.5911822324670087,0.59519160967573,0.5911822324670087,0.23603945363766438,0.2340356149476245,0.23603945363766438,0.2340356149476245,0.23603945363766438,0.2340356149476245,0.59519160967573,0.5911822324670087,0.59519160967573,0.5911822324670087,0.59519160967573,0.5911822324670087
0.558,0.558,0.15,0.558,0.601,0.601,0.2230884861324216,0.601,0.5883709576640772,0.5986624998437027,0.5883709576640772,0.5986624998437027,0.5883709576640772,0.5986624998437027,0.5883709576640772,0.5986624998437027,0.5883709576640772,0.5986624998437027,0.5883709576640772,0.5986624998437027,0.22962571619426936,0.24687237190588732,0.22962571619426936,0.24687237190588732,0.22962571619426936,0.24687237190588732,0.5883709576640772,0.5986624998437027,0.5883709576640772,0.5986624998437027,0.5883709576640772,0.5986624998437027
0.548,0.548,0.1201192900219192,0.548,0.6,0.6,0.2206496664380572,0.6,0.5826158272411075,0.5994958744573936,0.5826158272411075,0.5994958744573936,0.5826158272411075,0.5994958744573936,0.5826158272411075,0.5994958744573936,0.5826158272411075,0.5994958744573936,0.5826158272411075,0.5994958744573936,0.22021901433605148,0.23654604553864075,0.22021901433605148,0.23654604553864075,0.22021901433605148,0.23654604553864075,0.5826158272411075,0.5994958744573936,0.5826158272411075,0.5994958744573936,0.5826158272411075,0.5994958744573936
0.561,0.561,0.1495544362650136,0.561,0.623,0.623,0.2696063236205827,0.623,0.5923029964399105,0.5914210067360189,0.5923029964399105,0.5914210067360189,0.5923029964399105,0.5914210067360189,0.5923029964399105,0.5914210067360189,0.5923029964399105,0.5914210067360189,0.5923029964399105,0.5914210067360189,0.23360334207245595,0.23649608051879548,0.23360334207245595,0.23649608051879548,0.23360334207245595,0.23649608051879548,0.5923029964399105,0.5914210067360189,0.5923029964399105,0.5914210067360189,0.5923029964399105,0.5914210067360189
0.578,0.578,0.1916452127007478,0.578,0.619,0.619,0.2614905098622999,0.619,0.6135296877287716,0.6152407347383975,0.6135296877287716,0.6152407347383975,0.6135296877287716,0.6152407347383975,0.6135296877287716,0.6152407347383975,0.6135296877287716,0.6152407347383975,0.6135296877287716,0.6152407347383975,0.2575073838632545,0.24126971583604187,0.2575073838632545,0.24126971583604187,0.2575073838632545,0.24126971583604187,0.6135296877287716,0.6152407347383975,0.6135296877287716,0.6152407347383975,0.6135296877287716,0.6152407347383975
0.597,0.597,0.2310745113602539,0.597,0.634,0.634,0.2876189734706191,0.634,0.610554131802845,0.5979061687863977,0.610554131802845,0.5979061687863977,0.610554131802845,0.5979061687863977,0.610554131802845,0.5979061687863977,0.610554131802845,0.5979061687863977,0.610554131802845,0.5979061687863977,0.24548028932882854,0.25684323167096706,0.24548028932882854,0.25684323167096706,0.24548028932882854,0.25684323167096706,0.610554131802845,0.5979061687863977,0.610554131802845,0.5979061687863977,0.610554131802845,0.5979061687863977
0.595,0.595,0.2232629858921544,0.595,0.605,0.605,0.2355213550819443,0.605,0.5828931192453094,0.5885889944557466,0.5828931192453094,0.5885889944557466,0.5828931192453094,0.5885889944557466,0.5828931192453094,0.5885889944557466,0.5828931192453094,0.5885889944557466,0.5828931192453094,0.5885889944557466,0.23636778342332548,0.2248223733291124,0.23636778342332548,0.2248223733291124,0.23636778342332548,0.2248223733291124,0.5828931192453094,0.5885889944557466,0.5828931192453094,0.5885889944557466,0.5828931192453094,0.5885889944557466
0.585,0.585,0.2044626768393206,0.585,0.588,0.588,0.2023078859222831,0.588,0.5855772498390597,0.5954976141449628,0.5855772498390597,0.5954976141449628,0.5855772498390597,0.5954976141449628,0.5855772498390597,0.5954976141449628,0.5855772498390597,0.5954976141449628,0.5855772498390597,0.5954976141449628,0.23281783235582876,0.21993845299330228,0.23281783235582876,0.21993845299330228,0.23281783235582876,0.21993845299330228,0.5855772498390597,0.5954976141449628,0.5855772498390597,0.5954976141449628,0.5855772498390597,0.5954976141449628
0.581,0.581,0.198932419721175,0.581,0.558,0.558,0.15,0.558,0.5900484064585925,0.5954391334168002,0.5900484064585925,0.5954391334168002,0.5900484064585925,0.5954391334168002,0.5900484064585925,0.5954391334168002,0.5900484064585925,0.5954391334168002,0.5900484064585925,0.5954391334168002,0.2224704188234766,0.2333538730856553,0.2224704188234766,0.2333538730856553,0.2224704188234766,0.2333538730856553,0.5900484064585925,0.5954391334168002,0.5900484064585925,0.5954391334168002,0.5900484064585925,0.5954391334168002
0.584,0.584,0.2076431956359424,0.584,0.548,0.548,0.1201192900219192,0.548,0.5999141358889127,0.6187724838309856,0.5999141358889127,0.6187724838309856,0.5999141358889127,0.6187724838309856,0.5999141358889127,0.6187724838309856,0.5999141358889127,0.6187724838309856,0.5999141358889127,0.6187724838309856,0.22978628809141005,0.23053226084930345,0.22978628809141005,0.23053226084930345,0.22978628809141005,0.23053226084930345,0.5999141358889127,0.6187724838309856,0.5999141358889127,0.6187724838309856,0.5999141358889127,0.6187724838309856
0.586,0.586,0.2115487163860745,0.586,0.561,0.561,0.1495544362650136,0.561,0.5856818257740557,0.5932790497439576,0.5856818257740557,0.5932790497439576,0.5856818257740557,0.5932790497439576,0.5856818257740557,0.5932790497439576,0.5856818257740557,0.5932790497439576,0.5856818257740557,0.5932790497439576,0.21991403537558624,0.22867361323813137,0.21991403537558624,0.22867361323813137,0.21991403537558624,0.22867361323813137,0.5856818257740557,0.5932790497439576,0.5856818257740557,0.5932790497439576,0.5856818257740557,0.5932790497439576
0.589,0.589,0.2154931513124741,0.589,0.578,0.578,0.1916452127007478,0.578,0.5932580500988096,0.6034987446873601,0.5932580500988096,0.6034987446873601,0.5932580500988096,0.6034987446873601,0.5932580500988096,0.6034987446873601,0.5932580500988096,0.6034987446873601,0.5932580500988096,0.6034987446873601,0.2505321374094485,0.2587430199227924,0.2505321374094485,0.2587430199227924,0.2505321374094485,0.2587430199227924,0.5932580500988096,0.6034987446873601,0.5932580500988096,0.6034987446873601,0.5932580500988096,0.6034987446873601
0.595,0.595,0.223191474670288,0.595,0.597,0.597,0.2310745113602539,0.597,0.5823964356933523,0.5775303095817319,0.5823964356933523,0.5775303095817319,0.5823964356933523,0.5775303095817319,0.5823964356933523,0.5775303095817319,0.5823964356933523,0.5775303095817319,0.5823964356933523,0.5775303095817319,0.21532890954965092,0.20970824863264648,0.21532890954965092,0.20970824863264648,0.21532890954965092,0.20970824863264648,0.5823964356933523,0.5775303095817319,0.5823964356933523,0.5775303095817319,0.5823964356933523,0.5775303095817319
0.62,0.62,0.2670120711538388,0.62,0.595,0.595,0.2232629858921544,0.595,0.5794087351873973,0.5906254588503395,0.5794087351873973,0.5906254588503395,0.5794087351873973,0.5906254588503395,0.5794087351873973,0.5906254588503395,0.5794087351873973,0.5906254588503395,0.5794087351873973,0.5906254588503395,0.24394074250897746,0.2561306747587612,0.24394074250897746,0.2561306747587612,0.24394074250897746,0.2561306747587612,0.5794087351873973,0.5906254588503395,0.5794087351873973,0.5906254588503395,0.5794087351873973,0.5906254588503395
0.634,0.634,0.2862853688500614,0.634,0.585,0.585,0.2044626768393206,0.585,0.5630892244163647,0.5659420668591106,0.5630892244163647,0.5659420668591106,0.5630892244163647,0.5659420668591106,0.5630892244163647,0.5659420668591106,0.5630892244163647,0.5659420668591106,0.5630892244163647,0.5659420668591106,0.20673402025515494,0.20752794527145665,0.20673402025515494,0.20752794527145665,0.20673402025515494,0.20752794527145665,0.5630892244163647,0.5659420668591106,0.5630892244163647,0.5659420668591106,0.5630892244163647,0.5659420668591106
0.634,0.634,0.2916640862079642,0.634,0.581,0.581,0.198932419721175,0.581,0.5821644232817687,0.5945852266075857,0.5821644232817687,0.5945852266075857,0.5821644232817687,0.5945852266075857,0.5821644232817687,0.5945852266075857,0.5821644232817687,0.5945852266075857,0.5821644232817687,0.5945852266075857,0.21302167821242646,0.2313405606625927,0.21302167821242646,0.2313405606625927,0.21302167821242646,0.2313405606625927,0.5821644232817687,0.5945852266075857,0.5821644232817687,0.5945852266075857,0.5821644232817687,0.5945852266075857
0.637,0.637,0.3014609664855211,0.637,0.584,0.584,0.2076431956359424,0.584,0.581225916430072,0.602865118240164,0.581225916430072,0.602865118240164,0.581225916430072,0.602865118240164,0.581225916430072,0.602865118240164,0.581225916430072,0.602865118240164,0.581225916430072,0.602865118240164,0.23552975785851232,0.24977849570585714,0.23552975785851232,0.24977849570585714,0.23552975785851232,0.24977849570585714,0.581225916430072,0.602865118240164,0.581225916430072,0.602865118240164,0.581225916430072,0.602865118240164
0.636,0.636,0.2925362575168022,0.636,0.586,0.586,0.2115487163860745,0.586,0.605812028166256,0.6007592400271854,0.605812028166256,0.6007592400271854,0.605812028166256,0.6007592400271854,0.605812028166256,0.6007592400271854,0.605812028166256,0.6007592400271854,0.605812028166256,0.6007592400271854,0.2729248719120034,0.2837121470212132,0.2729248719120034,0.2837121470212132,0.2729248719120034,0.2837121470212132,0.605812028166256,0.6007592400271854,0.605812028166256,0.6007592400271854,0.605812028166256,0.6007592400271854
0.63,0.63,0.2765892551997592,0.63,0.589,0.589,0.2154931513124741,0.589,0.6084418263505259,0.6090740474160297,0.6084418263505259,0.6090740474160297,0.6084418263505259,0.6090740474160297,0.6084418263505259,0.6090740474160297,0.6084418263505259,0.6090740474160297,0.6084418263505259,0.6090740474160297,0.2801983881329466,0.2814205488949175,0.2801983881329466,0.2814205488949175,0.2801983881329466,0.2814205488949175,0.6084418263505259,0.6090740474160297,0.6084418263505259,0.6090740474160297,0.6084418263505259,0.6090740474160297
0.631,0.631,0.283077520885953,0.631,0.595,0.595,0.223191474670288,0.595,0.6047876668925324,0.6057776354326394,0.6047876668925324,0.6057776354326394,0.6047876668925324,0.6057776354326394,0.6047876668925324,0.6057776354326394,0.6047876668925324,0.6057776354326394,0.6047876668925324,0.6057776354326394,0.25900157942398405,0.2663918608739531,0.25900157942398405,0.2663918608739531,0.25900157942398405,0.2663918608739531,0.6047876668925324,0.6057776354326394,0.6047876668925324,0.6057776354326394,0.6047876668925324,0.6057776354326394
0.607,0.607,0.2465144101722471,0.607,0.62,0.62,0.2670120711538388,0.62,0.612104457090669,0.6106912760796726,0.612104457090669,0.6106912760796726,0.612104457090669,0.6106912760796726,0.612104457090669,0.6106912760796726,0.612104457090669,0.6106912760796726,0.612104457090669,0.6106912760796726,0.2464808404796543,0.24954116622881722,0.2464808404796543,0.24954116622881722,0.2464808404796543,0.24954116622881722,0.612104457090669,0.6106912760796726,0.612104457090669,0.6106912760796726,0.612104457090669,0.6106912760796726
0.609,0.609,0.2629650294813989,0.609,0.634,0.634,0.2862853688500614,0.634,0.6212852557802258,0.6130738552922724,0.6212852557802258,0.6130738552922724,0.6212852557802258,0.6130738552922724,0.6212852557802258,0.6130738552922724,0.6212852557802258,0.6130738552922724,0.6212852557802258,0.6130738552922724,0.26486109751508485,0.2688952512285639,0.26486109751508485,0.2688952512285639,0.26486109751508485,0.2688952512285639,0.6212852557802258,0.6130738552922724,0.6212852557802258,0.6130738552922724,0.6212852557802258,0.6130738552922724
0.606,0.606,0.2551196345926978,0.606,0.634,0.634,0.2916640862079642,0.634,0.6237676472460879,0.6182400195521859,0.6237676472460879,0.6182400195521859,0.6237676472460879,0.6182400195521859,0.6237676472460879,0.6182400195521859,0.6237676472460879,0.6182400195521859,0.6237676472460879,0.6182400195521859,0.2725956812212862,0.2796263154774713,0.2725956812212862,0.2796263154774713,0.2725956812212862,0.2796263154774713,0.6237676472460879,0.6182400195521859,0.6237676472460879,0.6182400195521859,0.6237676472460879,0.6182400195521859
0.635,0.635,0.2950837401891107,0.635,0.637,0.637,0.3014609664855211,0.637,0.6170715421500844,0.6132804209255909,0.6170715421500844,0.6132804209255909,0.6170715421500844,0.6132804209255909,0.6170715421500844,0.6132804209255909,0.6170715421500844,0.6132804209255909,0.6170715421500844,0.6132804209255909,0.2672769201051247,0.24279872811060563,0.2672769201051247,0.24279872811060563,0.2672769201051247,0.24279872811060563,0.6170715421500844,0.6132804209255909,0.6170715421500844,0.6132804209255909,0.6170715421500844,0.6132804209255909
0.646,0.646,0.3133466784600344,0.646,0.636,0.636,0.2925362575168022,0.636,0.6263374873987058,0.6229652564233378,0.6263374873987058,0.6229652564233378,0.6263374873987058,0.6229652564233378,0.6263374873987058,0.6229652564233378,0.6263374873987058,0.6229652564233378,0.6263374873987058,0.6229652564233378,0.2556535290728637,0.2553877705939212,0.2556535290728637,0.2553877705939212,0.2556535290728637,0.2553877705939212,0.6263374873987058,0.6229652564233378,0.6263374873987058,0.6229652564233378,0.6263374873987058,0.6229652564233378
0.621,0.621,0.2690171269865762,0.621,0.63,0.63,0.2765892551997592,0.63,0.5648678143160496,0.5562132291701662,0.5648678143160496,0.5562132291701662,0.5648678143160496,0.5562132291701662,0.5648678143160496,0.5562132291701662,0.5648678143160496,0.5562132291701662,0.5648678143160496,0.5562132291701662,0.1829450585286531,0.1920267317634031,0.1829450585286531,0.1920267317634031,0.1829450585286531,0.1920267317634031,0.5648678143160496,0.5562132291701662,0.5648678143160496,0.5562132291701662,0.5648678143160496,0.5562132291701662
0.594,0.594,0.2274112950185154,0.594,0.631,0.631,0.283077520885953,0.631,0.542919839270182,0.5508842267962829,0.542919839270182,0.5508842267962829,0.542919839270182,0.5508842267962829,0.542919839270182,0.5508842267962829,0.542919839270182,0.5508842267962829,0.542919839270182,0.5508842267962829,0.15475737147731036,0.1639427133540551,0.15475737147731036,0.1639427133540551,0.15475737147731036,0.1639427133540551,0.542919839270182,0.5508842267962829,0.542919839270182,0.5508842267962829,0.542919839270182,0.5508842267962829
0.58,0.58,0.1961784024619907,0.58,0.607,0.607,0.2465144101722471,0.607,0.5862739898739826,0.6004638009934888,0.5862739898739826,0.6004638009934888,0.5862739898739826,0.6004638009934888,0.5862739898739826,0.6004638009934888,0.5862739898739826,0.6004638009934888,0.5862739898739826,0.6004638009934888,0.18436123332881105,0.1623373272458644,0.18436123332881105,0.1623373272458644,0.18436123332881105,0.1623373272458644,0.5862739898739826,0.6004638009934888,0.5862739898739826,0.6004638009934888,0.5862739898739826,0.6004638009934888
0.6,0.6,0.1724594505130752,0.6,0.609,0.609,0.2629650294813989,0.609,0.6036701953493432,0.6484041662316976,0.6036701953493432,0.6484041662316976,0.6036701953493432,0.6484041662316976,0.6036701953493432,0.6484041662316976,0.6036701953493432,0.6484041662316976,0.6036701953493432,0.6484041662316976,0.17363688271898517,0.17829344695832003,0.17363688271898517,0.17829344695832003,0.17363688271898517,0.17829344695832003,0.6036701953493432,0.6484041662316976,0.6036701953493432,0.6484041662316976,0.6036701953493432,0.6484041662316976
0.653,0.653,0.1139822285772648,0.653,0.606,0.606,0.2551196345926978,0.606,0.640300895024339,0.6729546629648909,0.640300895024339,0.6729546629648909,0.640300895024339,0.6729546629648909,0.640300895024339,0.6729546629648909,0.640300895024339,0.6729546629648909,0.640300895024339,0.6729546629648909,0.07625524110795785,0.10483330041114496,0.07625524110795785,0.10483330041114496,0.07625524110795785,0.10483330041114496,0.640300895024339,0.6729546629648909,0.640300895024339,0.6729546629648909,0.640300895024339,0.6729546629648909
0.701,0.701,0.0,0.701,0.635,0.635,0.2950837401891107,0.635,0.6959065545358315,0.6950062770309356,0.6959065545358315,0.6950062770309356,0.6959065545358315,0.6950062770309356,0.6959065545358315,0.6950062770309356,0.6959065545358315,0.6950062770309356,0.6959065545358315,0.6950062770309356,0.028149841665053018,0.012567788002884547,0.028149841665053018,0.012567788002884547,0.028149841665053018,0.012567788002884547,0.6959065545358315,0.6950062770309356,0.6959065545358315,0.6950062770309356,0.6959065545358315,0.6950062770309356
0.709,0.709,0.0096246783832717,0.709,0.646,0.646,0.3133466784600344,0.646,0.6953210662698309,0.695241919594244,0.6953210662698309,0.695241919594244,0.6953210662698309,0.695241919594244,0.6953210662698309,0.695241919594244,0.6953210662698309,0.695241919594244,0.6953210662698309,0.695241919594244,0.009673889814044956,0.014669206703134097,0.009673889814044956,0.014669206703134097,0.009673889814044956,0.014669206703134097,0.6953210662698309,0.695241919594244,0.6953210662698309,0.695241919594244,0.6953210662698309,0.695241919594244
0.696,0.696,0.0159583077072474,0.696,0.621,0.621,0.2690171269865762,0.621,0.6843834266289345,0.6815255290829432,0.6843834266289345,0.6815255290829432,0.6843834266289345,0.6815255290829432,0.6843834266289345,0.6815255290829432,0.6843834266289345,0.6815255290829432,0.6843834266289345,0.6815255290829432,0.019020308073534827,0.020034592002275836,0.019020308073534827,0.020034592002275836,0.019020308073534827,0.020034592002275836,0.6843834266289345,0.6815255290829432,0.6843834266289345,0.6815255290829432,0.6843834266289345,0.6815255290829432
0.672,0.672,0.0369709212195236,0.672,0.594,0.594,0.2274112950185154,0.594,0.6792812160865828,0.6796154607308907,0.6792812160865828,0.6796154607308907,0.6792812160865828,0.6796154607308907,0.6792812160865828,0.6796154607308907,0.6792812160865828,0.6796154607308907,0.6792812160865828,0.6796154607308907,0.013543703027191267,0.027720989879856956,0.013543703027191267,0.027720989879856956,0.013543703027191267,0.027720989879856956,0.6792812160865828,0.6796154607308907,0.6792812160865828,0.6796154607308907,0.6792812160865828,0.6796154607308907
0.65,0.65,0.0289214924644307,0.65,0.58,0.58,0.1961784024619907,0.58,0.6779622318914124,0.6758623391721507,0.6779622318914124,0.6758623391721507,0.6779622318914124,0.6758623391721507,0.6779622318914124,0.6758623391721507,0.6779622318914124,0.6758623391721507,0.6779622318914124,0.6758623391721507,0.029559229141609373,0.03794405799037599,0.029559229141609373,0.03794405799037599,0.029559229141609373,0.03794405799037599,0.6779622318914124,0.6758623391721507,0.6779622318914124,0.6758623391721507,0.6779622318914124,0.6758623391721507
0.619,0.619,0.0300901176111196,0.619,0.6,0.6,0.1724594505130752,0.6,0.6383201008391525,0.6671274537896116,0.6383201008391525,0.6671274537896116,0.6383201008391525,0.6671274537896116,0.6383201008391525,0.6671274537896116,0.6383201008391525,0.6671274537896116,0.6383201008391525,0.6671274537896116,0.02126807067992232,0.022088572258513153,0.02126807067992232,0.022088572258513153,0.02126807067992232,0.022088572258513153,0.6383201008391525,0.6671274537896116,0.6383201008391525,0.6671274537896116,0.6383201008391525,0.6671274537896116
0.593,0.593,0.0283242293441308,0.593,0.653,0.653,0.1139822285772648,0.653,0.6233693116536696,0.6354669986888943,0.6233693116536696,0.6354669986888943,0.6233693116536696,0.6354669986888943,0.6233693116536696,0.6354669986888943,0.6233693116536696,0.6354669986888943,0.6233693116536696,0.6354669986888943,0.022880599226867717,0.02472788371289566,0.022880599226867717,0.02472788371289566,0.022880599226867717,0.02472788371289566,0.6233693116536696,0.6354669986888943,0.6233693116536696,0.6354669986888943,0.6233693116536696,0.6354669986888943
0.586,0.586,0.0300951631267483,0.586,0.701,0.701,0.0,0.701,0.5840419040399648,0.6209264711050212,0.5840419040399648,0.6209264711050212,0.5840419040399648,0.6209264711050212,0.5840419040399648,0.6209264711050212,0.5840419040399648,0.6209264711050212,0.5840419040399648,0.6209264711050212,0.021892241137911467,0.023702272508668094,0.021892241137911467,0.023702272508668094,0.021892241137911467,0.023702272508668094,0.5840419040399648,0.6209264711050212,0.5840419040399648,0.6209264711050212,0.5840419040399648,0.6209264711050212
0.57,0.57,0.0249831072654631,0.57,0.709,0.709,0.0096246783832717,0.709,0.5691613285387022,0.5940701685430848,0.5691613285387022,0.5940701685430848,0.5691613285387022,0.5940701685430848,0.5691613285387022,0.5940701685430848,0.5691613285387022,0.5940701685430848,0.5691613285387022,0.5940701685430848,0.04989812636794072,0.06772517053536047,0.04989812636794072,0.06772517053536047,0.04989812636794072,0.06772517053536047,0.5691613285387022,0.5940701685430848,0.5691613285387022,0.5940701685430848,0.5691613285387022,0.5940701685430848
0.555,0.555,0.054036818162493,0.555,0.696,0.696,0.0159583077072474,0.696,0.5619300495021509,0.5752361350254162,0.5619300495021509,0.5752361350254162,0.5619300495021509,0.5752361350254162,0.5619300495021509,0.5752361350254162,0.5619300495021509,0.5752361350254162,0.5619300495021509,0.5752361350254162,0.11028013693132223,0.10475176911650651,0.11028013693132223,0.10475176911650651,0.11028013693132223,0.10475176911650651,0.5619300495021509,0.5752361350254162,0.5619300495021509,0.5752361350254162,0.5619300495021509,0.5752361350254162
0.556,0.556,0.0878349227741323,0.556,0.672,0.672,0.0369709212195236,0.672,0.5606086035216984,0.5628439407689713,0.5606086035216984,0.5628439407689713,0.5606086035216984,0.5628439407689713,0.5606086035216984,0.5628439407689713,0.5606086035216984,0.5628439407689713,0.5606086035216984,0.5628439407689713,0.09703623894998299,0.11075810675147812,0.09703623894998299,0.11075810675147812,0.09703623894998299,0.11075810675147812,0.5606086035216984,0.5628439407689713,0.5606086035216984,0.5628439407689713,0.5606086035216984,0.5628439407689713
0.571,0.571,0.1371542583146953,0.571,0.65,0.65,0.0289214924644307,0.65,0.5598692738581983,0.5504464627792333,0.5598692738581983,0.5504464627792333,0.5598692738581983,0.5504464627792333,0.5598692738581983,0.5504464627792333,0.5598692738581983,0.5504464627792333,0.5598692738581983,0.5504464627792333,0.14504327541236792,0.13753273646108388,0.14504327541236792,0.13753273646108388,0.14504327541236792,0.13753273646108388,0.5598692738581983,0.5504464627792333,0.5598692738581983,0.5504464627792333,0.5598692738581983,0.5504464627792333
0.574,0.574,0.1555159084151056,0.574,0.619,0.619,0.0300901176111196,0.619,0.5650954706857887,0.5883142211304182,0.5650954706857887,0.5883142211304182,0.5650954706857887,0.5883142211304182,0.5650954706857887,0.5883142211304182,0.5650954706857887,0.5883142211304182,0.5650954706857887,0.5883142211304182,0.16232581308499827,0.1517019212433079,0.16232581308499827,0.1517019212433079,0.16232581308499827,0.1517019212433079,0.5650954706857887,0.5883142211304182,0.5650954706857887,0.5883142211304182,0.5650954706857887,0.5883142211304182
0.575,0.575,0.161768766518086,0.575,0.593,0.593,0.0283242293441308,0.593,0.5611836660085392,0.5783042340808335,0.5611836660085392,0.5783042340808335,0.5611836660085392,0.5783042340808335,0.5611836660085392,0.5783042340808335,0.5611836660085392,0.5783042340808335,0.5611836660085392,0.5783042340808335,0.17479357412335064,0.16253027357857264,0.17479357412335064,0.16253027357857264,0.17479357412335064,0.16253027357857264,0.5611836660085392,0.5783042340808335,0.5611836660085392,0.5783042340808335,0.5611836660085392,0.5783042340808335
0.562,0.562,0.145882490591057,0.562,0.586,0.586,0.0300951631267483,0.586,0.6052761672088017,0.6098168606204095,0.6052761672088017,0.6098168606204095,0.6052761672088017,0.6098168606204095,0.6052761672088017,0.6098168606204095,0.6052761672088017,0.6098168606204095,0.6052761672088017,0.6098168606204095,0.2083700208926432,0.21075525223160008,0.2083700208926432,0.21075525223160008,0.2083700208926432,0.21075525223160008,0.6052761672088017,0.6098168606204095,0.6052761672088017,0.6098168606204095,0.6052761672088017,0.6098168606204095
0.576,0.576,0.1710979042852674,0.576,0.57,0.57,0.0249831072654631,0.57,0.6006515504394662,0.6067401475063757,0.6006515504394662,0.6067401475063757,0.6006515504394662,0.6067401475063757,0.6006515504394662,0.6067401475063757,0.6006515504394662,0.6067401475063757,0.6006515504394662,0.6067401475063757,0.20949008520748869,0.21456025701530326,0.20949008520748869,0.21456025701530326,0.20949008520748869,0.21456025701530326,0.6006515504394662,0.6067401475063757,0.6006515504394662,0.6067401475063757,0.6006515504394662,0.6067401475063757
0.582,0.582,0.1887149866467921,0.582,0.555,0.555,0.054036818162493,0.555,0.5999409133003528,0.6117989631184951,0.5999409133003528,0.6117989631184951,0.5999409133003528,0.6117989631184951,0.5999409133003528,0.6117989631184951,0.5999409133003528,0.6117989631184951,0.5999409133003528,0.6117989631184951,0.20813440201854802,0.22834987428146553,0.20813440201854802,0.22834987428146553,0.20813440201854802,0.22834987428146553,0.5999409133003528,0.6117989631184951,0.5999409133003528,0.6117989631184951,0.5999409133003528,0.6117989631184951
0.604,0.604,0.2254006009013519,0.604,0.556,0.556,0.0878349227741323,0.556,0.6031126801688067,0.6152722685291273,0.6031126801688067,0.6152722685291273,0.6031126801688067,0.6152722685291273,0.6031126801688067,0.6152722685291273,0.6031126801688067,0.6152722685291273,0.6031126801688067,0.6152722685291273,0.2050762506369116,0.23561442065848334,0.2050762506369116,0.23561442065848334,0.2050762506369116,0.23561442065848334,0.6031126801688067,0.6152722685291273,0.6031126801688067,0.6152722685291273,0.6031126801688067,0.6152722685291273
0.608,0.608,0.22888077552562,0.608,0.571,0.571,0.1371542583146953,0.571,0.6019197083264226,0.6167612201723842,0.6019197083264226,0.6167612201723842,0.6019197083264226,0.6167612201723842,0.6019197083264226,0.6167612201723842,0.6019197083264226,0.6167612201723842,0.6019197083264226,0.6167612201723842,0.20151840873227841,0.2411846593786735,0.20151840873227841,0.2411846593786735,0.20151840873227841,0.2411846593786735,0.6019197083264226,0.6167612201723842,0.6019197083264226,0.6167612201723842,0.6019197083264226,0.6167612201723842
0.595,0.595,0.2104585968387152,0.595,0.574,0.574,0.1555159084151056,0.574,0.5802496208335046,0.5859305665133622,0.5802496208335046,0.5859305665133622,0.5802496208335046,0.5859305665133622,0.5802496208335046,0.5859305665133622,0.5802496208335046,0.5859305665133622,0.5802496208335046,0.5859305665133622,0.19919888094304405,0.23701516012664886,0.19919888094304405,0.23701516012664886,0.19919888094304405,0.23701516012664886,0.5802496208335046,0.5859305665133622,0.5802496208335046,0.5859305665133622,0.5802496208335046,0.5859305665133622
0.576,0.576,0.1750715975594571,0.576,0.575,0.575,0.161768766518086,0.575,0.582743251623318,0.5664418093833922,0.582743251623318,0.5664418093833922,0.582743251623318,0.5664418093833922,0.582743251623318,0.5664418093833922,0.582743251623318,0.5664418093833922,0.582743251623318,0.5664418093833922,0.19620706677818725,0.21683346283742663,0.19620706677818725,0.21683346283742663,0.19620706677818725,0.21683346283742663,0.582743251623318,0.5664418093833922,0.582743251623318,0.5664418093833922,0.582743251623318,0.5664418093833922
0.563,0.563,0.1491366755192797,0.563,0.562,0.562,0.145882490591057,0.562,0.6081549992972569,0.611993518651963,0.6081549992972569,0.611993518651963,0.6081549992972569,0.611993518651963,0.6081549992972569,0.611993518651963,0.6081549992972569,0.611993518651963,0.6081549992972569,0.611993518651963,0.23637976277461512,0.2476846092819345,0.23637976277461512,0.2476846092819345,0.23637976277461512,0.2476846092819345,0.6081549992972569,0.611993518651963,0.6081549992972569,0.611993518651963,0.6081549992972569,0.611993518651963
0.572,0.572,0.1688933076492885,0.572,0.576,0.576,0.1710979042852674,0.576,0.6134344202289618,0.6157400129551613,0.6134344202289618,0.6157400129551613,0.6134344202289618,0.6157400129551613,0.6134344202289618,0.6157400129551613,0.6134344202289618,0.6157400129551613,0.6134344202289618,0.6157400129551613,0.24490484437092322,0.25634634145707247,0.24490484437092322,0.25634634145707247,0.24490484437092322,0.25634634145707247,0.6134344202289618,0.6157400129551613,0.6134344202289618,0.6157400129551613,0.6134344202289618,0.6157400129551613
0.586,0.586,0.1996597587380142,0.586,0.582,0.582,0.1887149866467921,0.582,0.6059833361008099,0.6185042746001154,0.6059833361008099,0.6185042746001154,0.6059833361008099,0.6185042746001154,0.6059833361008099,0.6185042746001154,0.6059833361008099,0.6185042746001154,0.6059833361008099,0.6185042746001154,0.2364422522611663,0.2607026030616094,0.2364422522611663,0.2607026030616094,0.2364422522611663,0.2607026030616094,0.6059833361008099,0.6185042746001154,0.6059833361008099,0.6185042746001154,0.6059833361008099,0.6185042746001154
0.593,0.593,0.2139457989555327,0.593,0.604,0.604,0.2254006009013519,0.604,0.6099012856039817,0.6288545947241224,0.6099012856039817,0.6288545947241224,0.6099012856039817,0.6288545947241224,0.6099012856039817,0.6288545947241224,0.6099012856039817,0.6288545947241224,0.6099012856039817,0.6288545947241224,0.24895324256644003,0.2510820105545601,0.24895324256644003,0.2510820105545601,0.24895324256644003,0.2510820105545601,0.6099012856039817,0.6288545947241224,0.6099012856039817,0.6288545947241224,0.6099012856039817,0.6288545947241224
0.595,0.595,0.2254614719674427,0.595,0.608,0.608,0.22888077552562,0.608,0.6051814531072548,0.6356329863687045,0.6051814531072548,0.6356329863687045,0.6051814531072548,0.6356329863687045,0.6051814531072548,0.6356329863687045,0.6051814531072548,0.6356329863687045,0.6051814531072548,0.6356329863687045,0.23601159198569457,0.27134942523571204,0.23601159198569457,0.27134942523571204,0.23601159198569457,0.27134942523571204,0.6051814531072548,0.6356329863687045,0.6051814531072548,0.6356329863687045,0.6051814531072548,0.6356329863687045
0.584,0.584,0.1973822312773969,0.584,0.595,0.595,0.2104585968387152,0.595,0.6110221557415356,0.6215235589930295,0.6110221557415356,0.6215235589930295,0.6110221557415356,0.6215235589930295,0.6110221557415356,0.6215235589930295,0.6110221557415356,0.6215235589930295,0.6110221557415356,0.6215235589930295,0.23726319689389028,0.25955714214077713,0.23726319689389028,0.25955714214077713,0.23726319689389028,0.25955714214077713,0.6110221557415356,0.6215235589930295,0.6110221557415356,0.6215235589930295,0.6110221557415356,0.6215235589930295
0.571,0.571,0.1779089376053964,0.571,0.576,0.576,0.1750715975594571,0.576,0.5819195594965898,0.5745094063402958,0.5819195594965898,0.5745094063402958,0.5819195594965898,0.5745094063402958,0.5819195594965898,0.5745094063402958,0.5819195594965898,0.5745094063402958,0.5819195594965898,0.5745094063402958,0.2299193814808967,0.24225769477565529,0.2299193814808967,0.24225769477565529,0.2299193814808967,0.24225769477565529,0.5819195594965898,0.5745094063402958,0.5819195594965898,0.5745094063402958,0.5819195594965898,0.5745094063402958
0.588,0.588,0.2081552323257172,0.588,0.563,0.563,0.1491366755192797,0.563,0.5909611549912389,0.5876655989146261,0.5909611549912389,0.5876655989146261,0.5909611549912389,0.5876655989146261,0.5909611549912389,0.5876655989146261,0.5909611549912389,0.5876655989146261,0.5909611549912389,0.5876655989146261,0.23579798835987237,0.24432916691968293,0.23579798835987237,0.24432916691968293,0.23579798835987237,0.24432916691968293,0.5909611549912389,0.5876655989146261,0.5909611549912389,0.5876655989146261,0.5909611549912389,0.5876655989146261
0.591,0.591,0.2088485167360455,0.591,0.572,0.572,0.1688933076492885,0.572,0.5945979204237578,0.5929285903443566,0.5945979204237578,0.5929285903443566,0.5945979204237578,0.5929285903443566,0.5945979204237578,0.5929285903443566,0.5945979204237578,0.5929285903443566,0.5945979204237578,0.5929285903443566,0.2481210535822973,0.23608866262937034,0.2481210535822973,0.23608866262937034,0.2481210535822973,0.23608866262937034,0.5945979204237578,0.5929285903443566,0.5945979204237578,0.5929285903443566,0.5945979204237578,0.5929285903443566
0.599,0.599,0.2232234869323333,0.599,0.586,0.586,0.1996597587380142,0.586,0.5990958902372276,0.598666471832691,0.5990958902372276,0.598666471832691,0.5990958902372276,0.598666471832691,0.5990958902372276,0.598666471832691,0.5990958902372276,0.598666471832691,0.5990958902372276,0.598666471832691,0.2323786944976854,0.23322688152557255,0.2323786944976854,0.23322688152557255,0.2323786944976854,0.23322688152557255,0.5990958902372276,0.598666471832691,0.5990958902372276,0.598666471832691,0.5990958902372276,0.598666471832691
0.604,0.604,0.2398210892058433,0.604,0.593,0.593,0.2139457989555327,0.593,0.589614574444362,0.5916341205872367,0.589614574444362,0.5916341205872367,0.589614574444362,0.5916341205872367,0.589614574444362,0.5916341205872367,0.589614574444362,0.5916341205872367,0.589614574444362,0.5916341205872367,0.21497208004931076,0.2401036316431627,0.21497208004931076,0.2401036316431627,0.21497208004931076,0.2401036316431627,0.589614574444362,0.5916341205872367,0.589614574444362,0.5916341205872367,0.589614574444362,0.5916341205872367
0.596,0.596,0.2291253243779576,0.596,0.595,0.595,0.2254614719674427,0.595,0.5934505288605908,0.5948437238099471,0.5934505288605908,0.5948437238099471,0.5934505288605908,0.5948437238099471,0.5934505288605908,0.5948437238099471,0.5934505288605908,0.5948437238099471,0.5934505288605908,0.5948437238099471,0.24242737012817048,0.2332174609607911,0.24242737012817048,0.2332174609607911,0.24242737012817048,0.2332174609607911,0.5934505288605908,0.5948437238099471,0.5934505288605908,0.5948437238099471,0.5934505288605908,0.5948437238099471
0.597,0.597,0.233607180891526,0.597,0.584,0.584,0.1973822312773969,0.584,0.6015165632141114,0.5948159284466096,0.6015165632141114,0.5948159284466096,0.6015165632141114,0.5948159284466096,0.6015165632141114,0.5948159284466096,0.6015165632141114,0.5948159284466096,0.6015165632141114,0.5948159284466096,0.2331107330563916,0.25280607007973527,0.2331107330563916,0.25280607007973527,0.2331107330563916,0.25280607007973527,0.6015165632141114,0.5948159284466096,0.6015165632141114,0.5948159284466096,0.6015165632141114,0.5948159284466096
0.579,0.579,0.2041467545822999,0.579,0.571,0.571,0.1779089376053964,0.571,0.5929039299710892,0.5877139836474234,0.5929039299710892,0.5877139836474234,0.5929039299710892,0.5877139836474234,0.5929039299710892,0.5877139836474234,0.5929039299710892,0.5877139836474234,0.5929039299710892,0.5877139836474234,0.23115707330259258,0.23482746221943923,0.23115707330259258,0.23482746221943923,0.23115707330259258,0.23482746221943923,0.5929039299710892,0.5877139836474234,0.5929039299710892,0.5877139836474234,0.5929039299710892,0.5877139836474234
0.581,0.581,0.2026034331823545,0.581,0.588,0.588,0.2081552323257172,0.588,0.5949581812176528,0.5992029484359198,0.5949581812176528,0.5992029484359198,0.5949581812176528,0.5992029484359198,0.5949581812176528,0.5992029484359198,0.5949581812176528,0.5992029484359198,0.5949581812176528,0.5992029484359198,0.2275734994140757,0.2272760611187242,0.2275734994140757,0.2272760611187242,0.2275734994140757,0.2272760611187242,0.5949581812176528,0.5992029484359198,0.5949581812176528,0.5992029484359198,0.5949581812176528,0.5992029484359198
0.593,0.593,0.2272464912813657,0.593,0.591,0.591,0.2088485167360455,0.591,0.565951057614245,0.5840658376808885,0.565951057614245,0.5840658376808885,0.565951057614245,0.5840658376808885,0.565951057614245,0.5840658376808885,0.565951057614245,0.5840658376808885,0.565951057614245,0.5840658376808885,0.2109446641052453,0.19876236976184733,0.2109446641052453,0.19876236976184733,0.2109446641052453,0.19876236976184733,0.565951057614245,0.5840658376808885,0.565951057614245,0.5840658376808885,0.565951057614245,0.5840658376808885
0.605,0.605,0.2473552635590379,0.605,0.599,0.599,0.2232234869323333,0.599,0.5852384016618997,0.6062129420211237,0.5852384016618997,0.6062129420211237,0.5852384016618997,0.6062129420211237,0.5852384016618997,0.6062129420211237,0.5852384016618997,0.6062129420211237,0.5852384016618997,0.6062129420211237,0.2086763715827533,0.21325965251301154,0.2086763715827533,0.21325965251301154,0.2086763715827533,0.21325965251301154,0.5852384016618997,0.6062129420211237,0.5852384016618997,0.6062129420211237,0.5852384016618997,0.6062129420211237
0.613,0.613,0.2592450807748259,0.613,0.604,0.604,0.2398210892058433,0.604,0.5894670438025572,0.5958552774504219,0.5894670438025572,0.5958552774504219,0.5894670438025572,0.5958552774504219,0.5894670438025572,0.5958552774504219,0.5894670438025572,0.5958552774504219,0.5894670438025572,0.5958552774504219,0.20974180558959957,0.22154727101883076,0.20974180558959957,0.22154727101883076,0.20974180558959957,0.22154727101883076,0.5894670438025572,0.5958552774504219,0.5894670438025572,0.5958552774504219,0.5894670438025572,0.5958552774504219
0.617,0.617,0.2543822079631201,0.617,0.596,0.596,0.2291253243779576,0.596,0.574792533496609,0.5619645429032432,0.574792533496609,0.5619645429032432,0.574792533496609,0.5619645429032432,0.574792533496609,0.5619645429032432,0.574792533496609,0.5619645429032432,0.574792533496609,0.5619645429032432,0.1859142034890184,0.21197001349763844,0.1859142034890184,0.21197001349763844,0.1859142034890184,0.21197001349763844,0.574792533496609,0.5619645429032432,0.574792533496609,0.5619645429032432,0.574792533496609,0.5619645429032432
0.636,0.636,0.2889291742201663,0.636,0.597,0.597,0.233607180891526,0.597,0.5795914740760335,0.5758319478035683,0.5795914740760335,0.5758319478035683,0.5795914740760335,0.5758319478035683,0.5795914740760335,0.5758319478035683,0.5795914740760335,0.5758319478035683,0.5795914740760335,0.5758319478035683,0.21258723690256237,0.21935250161341055,0.21258723690256237,0.21935250161341055,0.21258723690256237,0.21935250161341055,0.5795914740760335,0.5758319478035683,0.5795914740760335,0.5758319478035683,0.5795914740760335,0.5758319478035683
0.629,0.629,0.272252212667127,0.629,0.579,0.579,0.2041467545822999,0.579,0.5584863880611695,0.5546165211673337,0.5584863880611695,0.5546165211673337,0.5584863880611695,0.5546165211673337,0.5584863880611695,0.5546165211673337,0.5584863880611695,0.5546165211673337,0.5584863880611695,0.5546165211673337,0.20744942400430957,0.22166127997467214,0.20744942400430957,0.22166127997467214,0.20744942400430957,0.22166127997467214,0.5584863880611695,0.5546165211673337,0.5584863880611695,0.5546165211673337,0.5584863880611695,0.5546165211673337
0.626,0.626,0.2684081421870293,0.626,0.581,0.581,0.2026034331823545,0.581,0.5593311265162046,0.5579496588729496,0.5593311265162046,0.5579496588729496,0.5593311265162046,0.5579496588729496,0.5593311265162046,0.5579496588729496,0.5593311265162046,0.5579496588729496,0.5593311265162046,0.5579496588729496,0.20406325302240935,0.21717051727739678,0.20406325302240935,0.21717051727739678,0.20406325302240935,0.21717051727739678,0.5593311265162046,0.5579496588729496,0.5593311265162046,0.5579496588729496,0.5593311265162046,0.5579496588729496
0.623,0.623,0.2626868707413811,0.623,0.593,0.593,0.2272464912813657,0.593,0.5670230928042586,0.5611074916813567,0.5670230928042586,0.5611074916813567,0.5670230928042586,0.5611074916813567,0.5670230928042586,0.5611074916813567,0.5670230928042586,0.5611074916813567,0.5670230928042586,0.5611074916813567,0.19667207635146372,0.20909403724318518,0.19667207635146372,0.20909403724318518,0.19667207635146372,0.20909403724318518,0.5670230928042586,0.5611074916813567,0.5670230928042586,0.5611074916813567,0.5670230928042586,0.5611074916813567
0.612,0.612,0.2462301795448629,0.612,0.605,0.605,0.2473552635590379,0.605,0.5714740748563546,0.5649217522479756,0.5714740748563546,0.5649217522479756,0.5714740748563546,0.5649217522479756,0.5714740748563546,0.5649217522479756,0.5714740748563546,0.5649217522479756,0.5714740748563546,0.5649217522479756,0.20988067601426094,0.2318199275350454,0.20988067601426094,0.2318199275350454,0.20988067601426094,0.2318199275350454,0.5714740748563546,0.5649217522479756,0.5714740748563546,0.5649217522479756,0.5714740748563546,0.5649217522479756
0.614,0.614,0.251636318515991,0.614,0.613,0.613,0.2592450807748259,0.613,0.5747118489038116,0.5631226437765866,0.5747118489038116,0.5631226437765866,0.5747118489038116,0.5631226437765866,0.5747118489038116,0.5631226437765866,0.5747118489038116,0.5631226437765866,0.5747118489038116,0.5631226437765866,0.203771690721409,0.22872471977472048,0.203771690721409,0.22872471977472048,0.203771690721409,0.22872471977472048,0.5747118489038116,0.5631226437765866,0.5747118489038116,0.5631226437765866,0.5747118489038116,0.5631226437765866
0.61,0.61,0.2485664960848388,0.61,0.617,0.617,0.2543822079631201,0.617,0.5965240717100334,0.5823383643893596,0.5965240717100334,0.5823383643893596,0.5965240717100334,0.5823383643893596,0.5965240717100334,0.5823383643893596,0.5965240717100334,0.5823383643893596,0.5965240717100334,0.5823383643893596,0.20432493695756743,0.23493143145081952,0.20432493695756743,0.23493143145081952,0.20432493695756743,0.23493143145081952,0.5965240717100334,0.5823383643893596,0.5965240717100334,0.5823383643893596,0.5965240717100334,0.5823383643893596
0.584,0.584,0.2001999500124969,0.584,0.636,0.636,0.2889291742201663,0.636,0.600677268451185,0.581657528954187,0.600677268451185,0.581657528954187,0.600677268451185,0.581657528954187,0.600677268451185,0.581657528954187,0.600677268451185,0.581657528954187,0.600677268451185,0.581657528954187,0.1782153328653714,0.2400545762860944,0.1782153328653714,0.2400545762860944,0.1782153328653714,0.2400545762860944,0.600677268451185,0.581657528954187,0.600677268451185,0.581657528954187,0.600677268451185,0.581657528954187
0.567,0.567,0.1705679980997769,0.567,0.629,0.629,0.272252212667127,0.629,0.570022381396869,0.5657302184404583,0.570022381396869,0.5657302184404583,0.570022381396869,0.5657302184404583,0.570022381396869,0.5657302184404583,0.570022381396869,0.5657302184404583,0.570022381396869,0.5657302184404583,0.12231142497927644,0.18324194815990566,0.12231142497927644,0.18324194815990566,0.12231142497927644,0.18324194815990566,0.570022381396869,0.5657302184404583,0.570022381396869,0.5657302184404583,0.570022381396869,0.5657302184404583
0.55,0.55,0.1375973077704398,0.55,0.626,0.626,0.2684081421870293,0.626,0.5618210365390168,0.5476922748062176,0.5618210365390168,0.5476922748062176,0.5618210365390168,0.5476922748062176,0.5618210365390168,0.5476922748062176,0.5618210365390168,0.5476922748062176,0.5618210365390168,0.5476922748062176,0.11052353229214709,0.16159904158256402,0.11052353229214709,0.16159904158256402,0.11052353229214709,0.16159904158256402,0.5618210365390168,0.5476922748062176,0.5618210365390168,0.5476922748062176,0.5618210365390168,0.5476922748062176
0.547,0.547,0.1370179302146595,0.547,0.623,0.623,0.2626868707413811,0.623,0.5954677147869811,0.6076613493222399,0.5954677147869811,0.6076613493222399,0.5954677147869811,0.6076613493222399,0.5954677147869811,0.6076613493222399,0.5954677147869811,0.6076613493222399,0.5954677147869811,0.6076613493222399,0.1713882501755766,0.17280082604470068,0.1713882501755766,0.17280082604470068,0.1713882501755766,0.17280082604470068,0.5954677147869811,0.6076613493222399,0.5954677147869811,0.6076613493222399,0.5954677147869811,0.6076613493222399
0.59,0.59,0.1635623268472011,0.59,0.612,0.612,0.2462301795448629,0.612,0.5785017433822777,0.6176682232375853,0.5785017433822777,0.6176682232375853,0.5785017433822777,0.6176682232375853,0.5785017433822777,0.6176682232375853,0.5785017433822777,0.6176682232375853,0.5785017433822777,0.6176682232375853,0.1818470638253145,0.1726191409892943,0.1818470638253145,0.1726191409892943,0.1818470638253145,0.1726191409892943,0.5785017433822777,0.6176682232375853,0.5785017433822777,0.6176682232375853,0.5785017433822777,0.6176682232375853
0.671,0.671,0.1740889875184511,0.671,0.614,0.614,0.251636318515991,0.614,0.66840194835809,0.6664768025317576,0.66840194835809,0.6664768025317576,0.66840194835809,0.6664768025317576,0.66840194835809,0.6664768025317576,0.66840194835809,0.6664768025317576,0.66840194835809,0.6664768025317576,0.11333824662844892,0.10171659045539964,0.11333824662844892,0.10171659045539964,0.11333824662844892,0.10171659045539964,0.66840194835809,0.6664768025317576,0.66840194835809,0.6664768025317576,0.66840194835809,0.6664768025317576
0.728,0.728,0.020229381591839,0.728,0.61,0.61,0.2485664960848388,0.61,0.6712392762515262,0.6549241198209726,0.6712392762515262,0.6549241198209726,0.6712392762515262,0.6549241198209726,0.6712392762515262,0.6549241198209726,0.6712392762515262,0.6549241198209726,0.6712392762515262,0.6549241198209726,0.0670181252171863,0.0789744680965709,0.0670181252171863,0.0789744680965709,0.0670181252171863,0.0789744680965709,0.6712392762515262,0.6549241198209726,0.6712392762515262,0.6549241198209726,0.6712392762515262,0.6549241198209726
0.745,0.745,0.0058014410030878,0.745,0.584,0.584,0.2001999500124969,0.584,0.6718271392135039,0.6698614074177051,0.6718271392135039,0.6698614074177051,0.6718271392135039,0.6698614074177051,0.6718271392135039,0.6698614074177051,0.6718271392135039,0.6698614074177051,0.6718271392135039,0.6698614074177051,0.024434053896971734,0.026647941799663052,0.024434053896971734,0.026647941799663052,0.024434053896971734,0.026647941799663052,0.6718271392135039,0.6698614074177051,0.6718271392135039,0.6698614074177051,0.6718271392135039,0.6698614074177051
0.734,0.734,0.0104461176750692,0.734,0.567,0.567,0.1705679980997769,0.567,0.6739038998866244,0.6717203982562134,0.6739038998866244,0.6717203982562134,0.6739038998866244,0.6717203982562134,0.6739038998866244,0.6717203982562134,0.6739038998866244,0.6717203982562134,0.6739038998866244,0.6717203982562134,0.03594910833969662,0.031149779133182582,0.03594910833969662,0.031149779133182582,0.03594910833969662,0.031149779133182582,0.6739038998866244,0.6717203982562134,0.6739038998866244,0.6717203982562134,0.6739038998866244,0.6717203982562134
0.717,0.717,-0.0041728170773249,0.717,0.55,0.55,0.1375973077704398,0.55,0.6622853922709062,0.6519266090345696,0.6622853922709062,0.6519266090345696,0.6622853922709062,0.6519266090345696,0.6622853922709062,0.6519266090345696,0.6622853922709062,0.6519266090345696,0.6622853922709062,0.6519266090345696,0.03210655166822514,0.04054048298640721,0.03210655166822514,0.04054048298640721,0.03210655166822514,0.04054048298640721,0.6622853922709062,0.6519266090345696,0.6622853922709062,0.6519266090345696,0.6622853922709062,0.6519266090345696
0.702,0.702,0.006242663536442,0.702,0.547,0.547,0.1370179302146595,0.547,0.6370373282016618,0.6421872806931312,0.6370373282016618,0.6421872806931312,0.6370373282016618,0.6421872806931312,0.6370373282016618,0.6421872806931312,0.6370373282016618,0.6421872806931312,0.6370373282016618,0.6421872806931312,0.03213183009790739,0.04330058123232221,0.03213183009790739,0.04330058123232221,0.03213183009790739,0.04330058123232221,0.6370373282016618,0.6421872806931312,0.6370373282016618,0.6421872806931312,0.6370373282016618,0.6421872806931312
0.695,0.695,0.0210301972062448,0.695,0.59,0.59,0.1635623268472011,0.59,0.6321633803753693,0.6314638877157078,0.6321633803753693,0.6314638877157078,0.6321633803753693,0.6314638877157078,0.6321633803753693,0.6314638877157078,0.6321633803753693,0.6314638877157078,0.6321633803753693,0.6314638877157078,0.031101507816243823,0.04598382044307025,0.031101507816243823,0.04598382044307025,0.031101507816243823,0.04598382044307025,0.6321633803753693,0.6314638877157078,0.6321633803753693,0.6314638877157078,0.6321633803753693,0.6314638877157078
0.697,0.697,0.0346014146434716,0.697,0.671,0.671,0.1740889875184511,0.671,0.6099380262443103,0.618629073567449,0.6099380262443103,0.618629073567449,0.6099380262443103,0.618629073567449,0.6099380262443103,0.618629073567449,0.6099380262443103,0.618629073567449,0.6099380262443103,0.618629073567449,0.028248740921111338,0.04646324496298739,0.028248740921111338,0.04646324496298739,0.028248740921111338,0.04646324496298739,0.6099380262443103,0.618629073567449,0.6099380262443103,0.618629073567449,0.6099380262443103,0.618629073567449
0.677,0.677,0.0652528736962737,0.677,0.728,0.728,0.020229381591839,0.728,0.5875701232832095,0.590272187313099,0.5875701232832095,0.590272187313099,0.5875701232832095,0.590272187313099,0.5875701232832095,0.590272187313099,0.5875701232832095,0.590272187313099,0.5875701232832095,0.590272187313099,0.031300603242597015,0.04883554646916398,0.031300603242597015,0.04883554646916398,0.031300603242597015,0.04883554646916398,0.5875701232832095,0.590272187313099,0.5875701232832095,0.590272187313099,0.5875701232832095,0.590272187313099
0.659,0.659,0.1339462589526083,0.659,0.745,0.745,0.0058014410030878,0.745,0.6200239215578718,0.6067211302186871,0.6200239215578718,0.6067211302186871,0.6200239215578718,0.6067211302186871,0.6200239215578718,0.6067211302186871,0.6200239215578718,0.6067211302186871,0.6200239215578718,0.6067211302186871,0.038913956561709234,0.09547974556326584,0.038913956561709234,0.09547974556326584,0.038913956561709234,0.09547974556326584,0.6200239215578718,0.6067211302186871,0.6200239215578718,0.6067211302186871,0.6200239215578718,0.6067211302186871
0.625,0.625,0.1332926558686488,0.625,0.734,0.734,0.0104461176750692,0.734,0.6088401567307395,0.6226198128766849,0.6088401567307395,0.6226198128766849,0.6088401567307395,0.6226198128766849,0.6088401567307395,0.6226198128766849,0.6088401567307395,0.6226198128766849,0.6088401567307395,0.6226198128766849,0.064427625083186,0.08327672449686442,0.064427625083186,0.08327672449686442,0.064427625083186,0.08327672449686442,0.6088401567307395,0.6226198128766849,0.6088401567307395,0.6226198128766849,0.6088401567307395,0.6226198128766849
0.585,0.585,0.1191951778589014,0.585,0.717,0.717,-0.0041728170773249,0.717,0.6047004147276968,0.6173836118437426,0.6047004147276968,0.6173836118437426,0.6047004147276968,0.6173836118437426,0.6047004147276968,0.6173836118437426,0.6047004147276968,0.6173836118437426,0.6047004147276968,0.6173836118437426,0.09236920221353144,0.10123964970280062,0.09236920221353144,0.10123964970280062,0.09236920221353144,0.10123964970280062,0.6047004147276968,0.6173836118437426,0.6047004147276968,0.6173836118437426,0.6047004147276968,0.6173836118437426
0.598,0.598,0.167839695288565,0.598,0.702,0.702,0.006242663536442,0.702,0.5722741802918149,0.5835448987717748,0.5722741802918149,0.5835448987717748,0.5722741802918149,0.5835448987717748,0.5722741802918149,0.5835448987717748,0.5722741802918149,0.5835448987717748,0.5722741802918149,0.5835448987717748,0.1411428918450131,0.13632392684336977,0.1411428918450131,0.13632392684336977,0.1411428918450131,0.13632392684336977,0.5722741802918149,0.5835448987717748,0.5722741802918149,0.5835448987717748,0.5722741802918149,0.5835448987717748
0.584,0.584,0.1444237405958595,0.584,0.695,0.695,0.0210301972062448,0.695,0.5866906690153019,0.5950502868938782,0.5866906690153019,0.5950502868938782,0.5866906690153019,0.5950502868938782,0.5866906690153019,0.5950502868938782,0.5866906690153019,0.5950502868938782,0.5866906690153019,0.5950502868938782,0.14218821070604015,0.1510912047402276,0.14218821070604015,0.1510912047402276,0.14218821070604015,0.1510912047402276,0.5866906690153019,0.5950502868938782,0.5866906690153019,0.5950502868938782,0.5866906690153019,0.5950502868938782
0.629,0.629,0.2384307156698525,0.629,0.697,0.697,0.0346014146434716,0.697,0.5795549661058972,0.5651305136359618,0.5795549661058972,0.5651305136359618,0.5795549661058972,0.5651305136359618,0.5795549661058972,0.5651305136359618,0.5795549661058972,0.5651305136359618,0.5795549661058972,0.5651305136359618,0.1442248610765906,0.13500949149311073,0.1442248610765906,0.13500949149311073,0.1442248610765906,0.13500949149311073,0.5795549661058972,0.5651305136359618,0.5795549661058972,0.5651305136359618,0.5795549661058972,0.5651305136359618
0.608,0.608,0.1965632583459041,0.608,0.677,0.677,0.0652528736962737,0.677,0.5758255165900479,0.5661802685041664,0.5758255165900479,0.5661802685041664,0.5758255165900479,0.5661802685041664,0.5758255165900479,0.5661802685041664,0.5758255165900479,0.5661802685041664,0.5758255165900479,0.5661802685041664,0.1335730859701242,0.12213569720912418,0.1335730859701242,0.12213569720912418,0.1335730859701242,0.12213569720912418,0.5758255165900479,0.5661802685041664,0.5758255165900479,0.5661802685041664,0.5758255165900479,0.5661802685041664
0.6,0.6,0.1841895943382756,0.6,0.659,0.659,0.1339462589526083,0.659,0.5789056172052182,0.567635492505896,0.5789056172052182,0.567635492505896,0.5789056172052182,0.567635492505896,0.5789056172052182,0.567635492505896,0.5789056172052182,0.567635492505896,0.5789056172052182,0.567635492505896,0.19892068306671862,0.18559023179249506,0.19892068306671862,0.18559023179249506,0.19892068306671862,0.18559023179249506,0.5789056172052182,0.567635492505896,0.5789056172052182,0.567635492505896,0.5789056172052182,0.567635492505896
0.577,0.577,0.1497145613894026,0.577,0.625,0.625,0.1332926558686488,0.625,0.599822584156994,0.5951243789584049,0.599822584156994,0.5951243789584049,0.599822584156994,0.5951243789584049,0.599822584156994,0.5951243789584049,0.599822584156994,0.5951243789584049,0.599822584156994,0.5951243789584049,0.2114156489425954,0.19040737933361784,0.2114156489425954,0.19040737933361784,0.2114156489425954,0.19040737933361784,0.599822584156994,0.5951243789584049,0.599822584156994,0.5951243789584049,0.599822584156994,0.5951243789584049
0.574,0.574,0.1498363534764908,0.574,0.585,0.585,0.1191951778589014,0.585,0.6237634972673117,0.6255801144219506,0.6237634972673117,0.6255801144219506,0.6237634972673117,0.6255801144219506,0.6237634972673117,0.6255801144219506,0.6237634972673117,0.6255801144219506,0.6237634972673117,0.6255801144219506,0.2262119783904081,0.22792056640142508,0.2262119783904081,0.22792056640142508,0.2262119783904081,0.22792056640142508,0.6237634972673117,0.6255801144219506,0.6237634972673117,0.6255801144219506,0.6237634972673117,0.6255801144219506
0.564,0.564,0.1274275925006804,0.564,0.598,0.598,0.167839695288565,0.598,0.5924651001204122,0.5960845624340139,0.5924651001204122,0.5960845624340139,0.5924651001204122,0.5960845624340139,0.5924651001204122,0.5960845624340139,0.5924651001204122,0.5960845624340139,0.5924651001204122,0.5960845624340139,0.20070225304585068,0.21436787698067858,0.20070225304585068,0.21436787698067858,0.20070225304585068,0.21436787698067858,0.5924651001204122,0.5960845624340139,0.5924651001204122,0.5960845624340139,0.5924651001204122,0.5960845624340139
0.581,0.581,0.1573282276943373,0.581,0.584,0.584,0.1444237405958595,0.584,0.5925771846632025,0.6000806744161746,0.5925771846632025,0.6000806744161746,0.5925771846632025,0.6000806744161746,0.5925771846632025,0.6000806744161746,0.5925771846632025,0.6000806744161746,0.5925771846632025,0.6000806744161746,0.20430082676382502,0.2008430937109248,0.20430082676382502,0.2008430937109248,0.20430082676382502,0.2008430937109248,0.5925771846632025,0.6000806744161746,0.5925771846632025,0.6000806744161746,0.5925771846632025,0.6000806744161746
0.576,0.576,0.1471970135804852,0.576,0.629,0.629,0.2384307156698525,0.629,0.5919268861051729,0.5998354743642219,0.5919268861051729,0.5998354743642219,0.5919268861051729,0.5998354743642219,0.5919268861051729,0.5998354743642219,0.5919268861051729,0.5998354743642219,0.5919268861051729,0.5998354743642219,0.20128386302096674,0.199450821738991,0.20128386302096674,0.199450821738991,0.20128386302096674,0.199450821738991,0.5919268861051729,0.5998354743642219,0.5919268861051729,0.5998354743642219,0.5919268861051729,0.5998354743642219
0.587,0.587,0.1676273550301106,0.587,0.608,0.608,0.1965632583459041,0.608,0.57861019293871,0.5898529873218818,0.57861019293871,0.5898529873218818,0.57861019293871,0.5898529873218818,0.57861019293871,0.5898529873218818,0.57861019293871,0.5898529873218818,0.57861019293871,0.5898529873218818,0.17839982787467726,0.18444927168481864,0.17839982787467726,0.18444927168481864,0.17839982787467726,0.18444927168481864,0.57861019293871,0.5898529873218818,0.57861019293871,0.5898529873218818,0.57861019293871,0.5898529873218818
0.592,0.592,0.1820860814305475,0.592,0.6,0.6,0.1841895943382756,0.6,0.5879894519629297,0.5760799059840082,0.5879894519629297,0.5760799059840082,0.5879894519629297,0.5760799059840082,0.5879894519629297,0.5760799059840082,0.5879894519629297,0.5760799059840082,0.5879894519629297,0.5760799059840082,0.20219516448074126,0.16892441205246717,0.20219516448074126,0.16892441205246717,0.20219516448074126,0.16892441205246717,0.5879894519629297,0.5760799059840082,0.5879894519629297,0.5760799059840082,0.5879894519629297,0.5760799059840082
0.59,0.59,0.1778987091004608,0.59,0.577,0.577,0.1497145613894026,0.577,0.6034039289269271,0.6124874146400148,0.6034039289269271,0.6124874146400148,0.6034039289269271,0.6124874146400148,0.6034039289269271,0.6124874146400148,0.6034039289269271,0.6124874146400148,0.6034039289269271,0.6124874146400148,0.20753844577031105,0.2283732345104481,0.20753844577031105,0.2283732345104481,0.20753844577031105,0.2283732345104481,0.6034039289269271,0.6124874146400148,0.6034039289269271,0.6124874146400148,0.6034039289269271,0.6124874146400148
0.587,0.587,0.172550308139861,0.587,0.574,0.574,0.1498363534764908,0.574,0.6313251155872875,0.6391814315027146,0.6313251155872875,0.6391814315027146,0.6313251155872875,0.6391814315027146,0.6313251155872875,0.6391814315027146,0.6313251155872875,0.6391814315027146,0.6313251155872875,0.6391814315027146,0.21284359016002555,0.20004259230423296,0.21284359016002555,0.20004259230423296,0.21284359016002555,0.20004259230423296,0.6313251155872875,0.6391814315027146,0.6313251155872875,0.6391814315027146,0.6313251155872875,0.6391814315027146
0.603,0.603,0.2116195756646622,0.603,0.564,0.564,0.1274275925006804,0.564,0.6200255603425854,0.6308967914342786,0.6200255603425854,0.6308967914342786,0.6200255603425854,0.6308967914342786,0.6200255603425854,0.6308967914342786,0.6200255603425854,0.6308967914342786,0.6200255603425854,0.6308967914342786,0.22028200490886624,0.21493442421704223,0.22028200490886624,0.21493442421704223,0.22028200490886624,0.21493442421704223,0.6200255603425854,0.6308967914342786,0.6200255603425854,0.6308967914342786,0.6200255603425854,0.6308967914342786
0.609,0.609,0.2191618871119773,0.609,0.581,0.581,0.1573282276943373,0.581,0.6014024943536349,0.6156933124007358,0.6014024943536349,0.6156933124007358,0.6014024943536349,0.6156933124007358,0.6014024943536349,0.6156933124007358,0.6014024943536349,0.6156933124007358,0.6014024943536349,0.6156933124007358,0.25346155271256116,0.24894681267711607,0.25346155271256116,0.24894681267711607,0.25346155271256116,0.24894681267711607,0.6014024943536349,0.6156933124007358,0.6014024943536349,0.6156933124007358,0.6014024943536349,0.6156933124007358
0.605,0.605,0.2173568456508817,0.605,0.576,0.576,0.1471970135804852,0.576,0.5845539435241075,0.5943128518041393,0.5845539435241075,0.5943128518041393,0.5845539435241075,0.5943128518041393,0.5845539435241075,0.5943128518041393,0.5845539435241075,0.5943128518041393,0.5845539435241075,0.5943128518041393,0.23156637047643902,0.2440409437387742,0.23156637047643902,0.2440409437387742,0.23156637047643902,0.2440409437387742,0.5845539435241075,0.5943128518041393,0.5845539435241075,0.5943128518041393,0.5845539435241075,0.5943128518041393
0.603,0.603,0.2121139953957291,0.603,0.587,0.587,0.1676273550301106,0.587,0.5762417482602413,0.5846184664122863,0.5762417482602413,0.5846184664122863,0.5762417482602413,0.5846184664122863,0.5762417482602413,0.5846184664122863,0.5762417482602413,0.5846184664122863,0.5762417482602413,0.5846184664122863,0.22028523553476487,0.23571241417725888,0.22028523553476487,0.23571241417725888,0.22028523553476487,0.23571241417725888,0.5762417482602413,0.5846184664122863,0.5762417482602413,0.5846184664122863,0.5762417482602413,0.5846184664122863
0.589,0.589,0.1838955386289444,0.589,0.592,0.592,0.1820860814305475,0.592,0.5727014802308259,0.5686280780281078,0.5727014802308259,0.5686280780281078,0.5727014802308259,0.5686280780281078,0.5727014802308259,0.5686280780281078,0.5727014802308259,0.5686280780281078,0.5727014802308259,0.5686280780281078,0.21453474911566342,0.2248125361278527,0.21453474911566342,0.2248125361278527,0.21453474911566342,0.2248125361278527,0.5727014802308259,0.5686280780281078,0.5727014802308259,0.5686280780281078,0.5727014802308259,0.5686280780281078
0.603,0.603,0.2096923174926742,0.603,0.59,0.59,0.1778987091004608,0.59,0.5771323395300625,0.5630916115326389,0.5771323395300625,0.5630916115326389,0.5771323395300625,0.5630916115326389,0.5771323395300625,0.5630916115326389,0.5771323395300625,0.5630916115326389,0.5771323395300625,0.5630916115326389,0.19496175120116566,0.16843396505149233,0.19496175120116566,0.16843396505149233,0.19496175120116566,0.16843396505149233,0.5771323395300625,0.5630916115326389,0.5771323395300625,0.5630916115326389,0.5771323395300625,0.5630916115326389
0.588,0.588,0.1772012861222615,0.588,0.587,0.587,0.172550308139861,0.587,0.5854789741442402,0.5817904398451053,0.5854789741442402,0.5817904398451053,0.5854789741442402,0.5817904398451053,0.5854789741442402,0.5817904398451053,0.5854789741442402,0.5817904398451053,0.5854789741442402,0.5817904398451053,0.16477490447591894,0.1636515375172554,0.16477490447591894,0.1636515375172554,0.16477490447591894,0.1636515375172554,0.5854789741442402,0.5817904398451053,0.5854789741442402,0.5817904398451053,0.5854789741442402,0.5817904398451053
0.573,0.573,0.1496666374592755,0.573,0.603,0.603,0.2116195756646622,0.603,0.5778332481819182,0.5747793233848613,0.5778332481819182,0.5747793233848613,0.5778332481819182,0.5747793233848613,0.5778332481819182,0.5747793233848613,0.5778332481819182,0.5747793233848613,0.5778332481819182,0.5747793233848613,0.1855552560469068,0.18955974608300466,0.1855552560469068,0.18955974608300466,0.1855552560469068,0.18955974608300466,0.5778332481819182,0.5747793233848613,0.5778332481819182,0.5747793233848613,0.5778332481819182,0.5747793233848613
0.576,0.576,0.16403785488959,0.576,0.609,0.609,0.2191618871119773,0.609,0.5861113754349403,0.5958224753752164,0.5861113754349403,0.5958224753752164,0.5861113754349403,0.5958224753752164,0.5861113754349403,0.5958224753752164,0.5861113754349403,0.5958224753752164,0.5861113754349403,0.5958224753752164,0.20479397583421166,0.19509722889600187,0.20479397583421166,0.19509722889600187,0.20479397583421166,0.19509722889600187,0.5861113754349403,0.5958224753752164,0.5861113754349403,0.5958224753752164,0.5861113754349403,0.5958224753752164
0.567,0.567,0.1520577775688929,0.567,0.605,0.605,0.2173568456508817,0.605,0.5885395656251751,0.5971318251964679,0.5885395656251751,0.5971318251964679,0.5885395656251751,0.5971318251964679,0.5885395656251751,0.5971318251964679,0.5885395656251751,0.5971318251964679,0.5885395656251751,0.5971318251964679,0.1964843760099938,0.2007838960573898,0.1964843760099938,0.2007838960573898,0.1964843760099938,0.2007838960573898,0.5885395656251751,0.5971318251964679,0.5885395656251751,0.5971318251964679,0.5885395656251751,0.5971318251964679
0.573,0.573,0.1638795986622073,0.573,0.603,0.603,0.2121139953957291,0.603,0.5969939427995244,0.6044304919342899,0.5969939427995244,0.6044304919342899,0.5969939427995244,0.6044304919342899,0.5969939427995244,0.6044304919342899,0.5969939427995244,0.6044304919342899,0.5969939427995244,0.6044304919342899,0.23280840829438265,0.2327561080345583,0.23280840829438265,0.2327561080345583,0.23280840829438265,0.2327561080345583,0.5969939427995244,0.6044304919342899,0.5969939427995244,0.6044304919342899,0.5969939427995244,0.6044304919342899
0.582,0.582,0.1800866989662815,0.582,0.589,0.589,0.1838955386289444,0.589,0.5927123193274013,0.6117951478441652,0.5927123193274013,0.6117951478441652,0.5927123193274013,0.6117951478441652,0.5927123193274013,0.6117951478441652,0.5927123193274013,0.6117951478441652,0.5927123193274013,0.6117951478441652,0.22113019192892516,0.22718466956139302,0.22113019192892516,0.22718466956139302,0.22113019192892516,0.22718466956139302,0.5927123193274013,0.6117951478441652,0.5927123193274013,0.6117951478441652,0.5927123193274013,0.6117951478441652
0.594,0.594,0.1964183216622661,0.594,0.603,0.603,0.2096923174926742,0.603,0.597729186281418,0.6098716581988718,0.597729186281418,0.6098716581988718,0.597729186281418,0.6098716581988718,0.597729186281418,0.6098716581988718,0.597729186281418,0.6098716581988718,0.597729186281418,0.6098716581988718,0.21844262770476042,0.2243257137798129,0.21844262770476042,0.2243257137798129,0.21844262770476042,0.2243257137798129,0.597729186281418,0.6098716581988718,0.597729186281418,0.6098716581988718,0.597729186281418,0.6098716581988718
0.589,0.589,0.1911550541985153,0.589,0.588,0.588,0.1772012861222615,0.588,0.6102128281014558,0.6030491235066401,0.6102128281014558,0.6030491235066401,0.6102128281014558,0.6030491235066401,0.6102128281014558,0.6030491235066401,0.6102128281014558,0.6030491235066401,0.6102128281014558,0.6030491235066401,0.24714911129939393,0.23533724004754406,0.24714911129939393,0.23533724004754406,0.24714911129939393,0.23533724004754406,0.6102128281014558,0.6030491235066401,0.6102128281014558,0.6030491235066401,0.6102128281014558,0.6030491235066401
0.585,0.585,0.182826357492793,0.585,0.573,0.573,0.1496666374592755,0.573,0.5857955872380257,0.5853712454991,0.5857955872380257,0.5853712454991,0.5857955872380257,0.5853712454991,0.5857955872380257,0.5853712454991,0.5857955872380257,0.5853712454991,0.5857955872380257,0.5853712454991,0.24449684907076666,0.25422128393180726,0.24449684907076666,0.25422128393180726,0.24449684907076666,0.25422128393180726,0.5857955872380257,0.5853712454991,0.5857955872380257,0.5853712454991,0.5857955872380257,0.5853712454991
0.566,0.566,0.1418176065807166,0.566,0.576,0.576,0.16403785488959,0.576,0.5963236510159844,0.5907663351113852,0.5963236510159844,0.5907663351113852,0.5963236510159844,0.5907663351113852,0.5963236510159844,0.5907663351113852,0.5963236510159844,0.5907663351113852,0.5963236510159844,0.5907663351113852,0.23718232097959746,0.24392392010274286,0.23718232097959746,0.24392392010274286,0.23718232097959746,0.24392392010274286,0.5963236510159844,0.5907663351113852,0.5963236510159844,0.5907663351113852,0.5963236510159844,0.5907663351113852
0.587,0.587,0.1792462579193793,0.587,0.567,0.567,0.1520577775688929,0.567,0.5887748526594405,0.581936015868706,0.5887748526594405,0.581936015868706,0.5887748526594405,0.581936015868706,0.5887748526594405,0.581936015868706,0.5887748526594405,0.581936015868706,0.5887748526594405,0.581936015868706,0.2324718471011868,0.20506682597089687,0.2324718471011868,0.20506682597089687,0.2324718471011868,0.20506682597089687,0.5887748526594405,0.581936015868706,0.5887748526594405,0.581936015868706,0.5887748526594405,0.581936015868706
0.59,0.59,0.1834393534432968,0.59,0.573,0.573,0.1638795986622073,0.573,0.6249010797486734,0.6168646448310893,0.6249010797486734,0.6168646448310893,0.6249010797486734,0.6168646448310893,0.6249010797486734,0.6168646448310893,0.6249010797486734,0.6168646448310893,0.6249010797486734,0.6168646448310893,0.2829462096195299,0.269003220722841,0.2829462096195299,0.269003220722841,0.2829462096195299,0.269003220722841,0.6249010797486734,0.6168646448310893,0.6249010797486734,0.6168646448310893,0.6249010797486734,0.6168646448310893
0.618,0.618,0.2400218046100037,0.618,0.582,0.582,0.1800866989662815,0.582,0.6367725267704832,0.6258963770739052,0.6367725267704832,0.6258963770739052,0.6367725267704832,0.6258963770739052,0.6367725267704832,0.6258963770739052,0.6367725267704832,0.6258963770739052,0.6367725267704832,0.6258963770739052,0.26925140440121437,0.2695978793899636,0.26925140440121437,0.2695978793899636,0.26925140440121437,0.2695978793899636,0.6367725267704832,0.6258963770739052,0.6367725267704832,0.6258963770739052,0.6367725267704832,0.6258963770739052
0.599,0.599,0.2056700499972267,0.599,0.594,0.594,0.1964183216622661,0.594,0.6378515376379859,0.6215308066366252,0.6378515376379859,0.6215308066366252,0.6378515376379859,0.6215308066366252,0.6378515376379859,0.6215308066366252,0.6378515376379859,0.6215308066366252,0.6378515376379859,0.6215308066366252,0.2756234720825437,0.2719963793343186,0.2756234720825437,0.2719963793343186,0.2756234720825437,0.2719963793343186,0.6378515376379859,0.6215308066366252,0.6378515376379859,0.6215308066366252,0.6378515376379859,0.6215308066366252
0.61,0.61,0.2326792087545398,0.61,0.589,0.589,0.1911550541985153,0.589,0.6427600833351236,0.6347989395528075,0.6427600833351236,0.6347989395528075,0.6427600833351236,0.6347989395528075,0.6427600833351236,0.6347989395528075,0.6427600833351236,0.6347989395528075,0.6427600833351236,0.6347989395528075,0.2830226028051194,0.2825696097604458,0.2830226028051194,0.2825696097604458,0.2830226028051194,0.2825696097604458,0.6427600833351236,0.6347989395528075,0.6427600833351236,0.6347989395528075,0.6427600833351236,0.6347989395528075
0.617,0.617,0.2458313970431865,0.617,0.585,0.585,0.182826357492793,0.585,0.6399556239107397,0.6387339612218672,0.6399556239107397,0.6387339612218672,0.6399556239107397,0.6387339612218672,0.6399556239107397,0.6387339612218672,0.6399556239107397,0.6387339612218672,0.6399556239107397,0.6387339612218672,0.2521762351587706,0.26532979965709347,0.2521762351587706,0.26532979965709347,0.2521762351587706,0.26532979965709347,0.6399556239107397,0.6387339612218672,0.6399556239107397,0.6387339612218672,0.6399556239107397,0.6387339612218672
0.634,0.634,0.2760932771613363,0.634,0.566,0.566,0.1418176065807166,0.566,0.6280199339413097,0.6256441182467135,0.6280199339413097,0.6256441182467135,0.6280199339413097,0.6256441182467135,0.6280199339413097,0.6256441182467135,0.6280199339413097,0.6256441182467135,0.6280199339413097,0.6256441182467135,0.28411411185232366,0.25650674273057256,0.28411411185232366,0.25650674273057256,0.28411411185232366,0.25650674273057256,0.6280199339413097,0.6256441182467135,0.6280199339413097,0.6256441182467135,0.6280199339413097,0.6256441182467135
0.635,0.635,0.2743884983619071,0.635,0.587,0.587,0.1792462579193793,0.587,0.6197123446790701,0.6186167911870795,0.6197123446790701,0.6186167911870795,0.6197123446790701,0.6186167911870795,0.6197123446790701,0.6186167911870795,0.6197123446790701,0.6186167911870795,0.6197123446790701,0.6186167911870795,0.26389934219492894,0.25235932752874707,0.26389934219492894,0.25235932752874707,0.26389934219492894,0.25235932752874707,0.6197123446790701,0.6186167911870795,0.6197123446790701,0.6186167911870795,0.6197123446790701,0.6186167911870795
0.626,0.626,0.2564020995705425,0.626,0.59,0.59,0.1834393534432968,0.59,0.6270644952750823,0.6174302885416026,0.6270644952750823,0.6174302885416026,0.6270644952750823,0.6174302885416026,0.6270644952750823,0.6174302885416026,0.6270644952750823,0.6174302885416026,0.6270644952750823,0.6174302885416026,0.2670578575550156,0.24944148377848904,0.2670578575550156,0.24944148377848904,0.2670578575550156,0.24944148377848904,0.6270644952750823,0.6174302885416026,0.6270644952750823,0.6174302885416026,0.6270644952750823,0.6174302885416026
0.607,0.607,0.2183895244307966,0.607,0.618,0.618,0.2400218046100037,0.618,0.5964773133212363,0.6101336270131965,0.5964773133212363,0.6101336270131965,0.5964773133212363,0.6101336270131965,0.5964773133212363,0.6101336270131965,0.5964773133212363,0.6101336270131965,0.5964773133212363,0.6101336270131965,0.24444941119060684,0.2383165321288548,0.24444941119060684,0.2383165321288548,0.24444941119060684,0.2383165321288548,0.5964773133212363,0.6101336270131965,0.5964773133212363,0.6101336270131965,0.5964773133212363,0.6101336270131965
0.628,0.628,0.2715480778268634,0.628,0.599,0.599,0.2056700499972267,0.599,0.6039657278165794,0.6088300909976067,0.6039657278165794,0.6088300909976067,0.6039657278165794,0.6088300909976067,0.6039657278165794,0.6088300909976067,0.6039657278165794,0.6088300909976067,0.6039657278165794,0.6088300909976067,0.2582127211290956,0.25572806433598844,0.2582127211290956,0.25572806433598844,0.2582127211290956,0.25572806433598844,0.6039657278165794,0.6088300909976067,0.6039657278165794,0.6088300909976067,0.6039657278165794,0.6088300909976067
0.632,0.632,0.2824188723836562,0.632,0.61,0.61,0.2326792087545398,0.61,0.6259706758914513,0.616520077597729,0.6259706758914513,0.616520077597729,0.6259706758914513,0.616520077597729,0.6259706758914513,0.616520077597729,0.6259706758914513,0.616520077597729,0.6259706758914513,0.616520077597729,0.2735982612748439,0.27595413203446423,0.2735982612748439,0.27595413203446423,0.2735982612748439,0.27595413203446423,0.6259706758914513,0.616520077597729,0.6259706758914513,0.616520077597729,0.6259706758914513,0.616520077597729
0.627,0.627,0.2724733565309657,0.627,0.617,0.617,0.2458313970431865,0.617,0.6281510029855475,0.6293480797325056,0.6281510029855475,0.6293480797325056,0.6281510029855475,0.6293480797325056,0.6281510029855475,0.6293480797325056,0.6281510029855475,0.6293480797325056,0.6281510029855475,0.6293480797325056,0.3099769991442149,0.2587619004531298,0.3099769991442149,0.2587619004531298,0.3099769991442149,0.2587619004531298,0.6281510029855475,0.6293480797325056,0.6281510029855475,0.6293480797325056,0.6281510029855475,0.6293480797325056
0.601,0.601,0.218639845842929,0.601,0.634,0.634,0.2760932771613363,0.634,0.5882767103588649,0.5857111741586825,0.5882767103588649,0.5857111741586825,0.5882767103588649,0.5857111741586825,0.5882767103588649,0.5857111741586825,0.5882767103588649,0.5857111741586825,0.5882767103588649,0.5857111741586825,0.22582173306219389,0.21539719041330233,0.22582173306219389,0.21539719041330233,0.22582173306219389,0.21539719041330233,0.5882767103588649,0.5857111741586825,0.5882767103588649,0.5857111741586825,0.5882767103588649,0.5857111741586825
0.576,0.576,0.1596238920513104,0.576,0.635,0.635,0.2743884983619071,0.635,0.5748599114901604,0.5728549595965559,0.5748599114901604,0.5728549595965559,0.5748599114901604,0.5728549595965559,0.5748599114901604,0.5728549595965559,0.5748599114901604,0.5728549595965559,0.5748599114901604,0.5728549595965559,0.1669261036673581,0.1893850760893415,0.1669261036673581,0.1893850760893415,0.1669261036673581,0.1893850760893415,0.5748599114901604,0.5728549595965559,0.5748599114901604,0.5728549595965559,0.5748599114901604,0.5728549595965559
0.6,0.6,0.1732018173024055,0.6,0.626,0.626,0.2564020995705425,0.626,0.5795645477251994,0.5677194058011353,0.5795645477251994,0.5677194058011353,0.5795645477251994,0.5677194058011353,0.5795645477251994,0.5677194058011353,0.5795645477251994,0.5677194058011353,0.5795645477251994,0.5677194058011353,0.1732039840688619,0.16816224154004175,0.1732039840688619,0.16816224154004175,0.1732039840688619,0.16816224154004175,0.5795645477251994,0.5677194058011353,0.5795645477251994,0.5677194058011353,0.5795645477251994,0.5677194058011353
0.66,0.66,0.178128550363799,0.66,0.607,0.607,0.2183895244307966,0.607,0.6424517099393686,0.6312839562909967,0.6424517099393686,0.6312839562909967,0.6424517099393686,0.6312839562909967,0.6424517099393686,0.6312839562909967,0.6424517099393686,0.6312839562909967,0.6424517099393686,0.6312839562909967,0.17138934818721066,0.16191944312094841,0.17138934818721066,0.16191944312094841,0.17138934818721066,0.16191944312094841,0.6424517099393686,0.6312839562909967,0.6424517099393686,0.6312839562909967,0.6424517099393686,0.6312839562909967
0.718,0.718,0.1841033237663177,0.718,0.628,0.628,0.2715480778268634,0.628,0.6543527255831265,0.6576123816657726,0.6543527255831265,0.6576123816657726,0.6543527255831265,0.6576123816657726,0.6543527255831265,0.6576123816657726,0.6543527255831265,0.6576123816657726,0.6543527255831265,0.6576123816657726,0.11341506849134196,0.12060748420312169,0.11341506849134196,0.12060748420312169,0.11341506849134196,0.12060748420312169,0.6543527255831265,0.6576123816657726,0.6543527255831265,0.6576123816657726,0.6543527255831265,0.6576123816657726
0.766,0.766,0.0222296506769179,0.766,0.632,0.632,0.2824188723836562,0.632,0.6704206546278123,0.6675210578201933,0.6704206546278123,0.6675210578201933,0.6704206546278123,0.6675210578201933,0.6704206546278123,0.6675210578201933,0.6704206546278123,0.6675210578201933,0.6704206546278123,0.6675210578201933,0.025503666514500926,0.0428867399342446,0.025503666514500926,0.0428867399342446,0.025503666514500926,0.0428867399342446,0.6704206546278123,0.6675210578201933,0.6704206546278123,0.6675210578201933,0.6704206546278123,0.6675210578201933
0.749,0.749,0.0252427184466019,0.749,0.627,0.627,0.2724733565309657,0.627,0.666807538139732,0.6648857326224885,0.666807538139732,0.6648857326224885,0.666807538139732,0.6648857326224885,0.666807538139732,0.6648857326224885,0.666807538139732,0.6648857326224885,0.666807538139732,0.6648857326224885,0.04053146607136633,0.06075721996123822,0.04053146607136633,0.06075721996123822,0.04053146607136633,0.06075721996123822,0.666807538139732,0.6648857326224885,0.666807538139732,0.6648857326224885,0.666807538139732,0.6648857326224885
0.734,0.734,0.0342163355408388,0.734,0.601,0.601,0.218639845842929,0.601,0.6533273217218024,0.6675215765362935,0.6533273217218024,0.6675215765362935,0.6533273217218024,0.6675215765362935,0.6533273217218024,0.6675215765362935,0.6533273217218024,0.6675215765362935,0.6533273217218024,0.6675215765362935,0.04656107469459512,0.06263096066470362,0.04656107469459512,0.06263096066470362,0.04656107469459512,0.06263096066470362,0.6533273217218024,0.6675215765362935,0.6533273217218024,0.6675215765362935,0.6533273217218024,0.6675215765362935
0.742,0.742,0.054785788081508,0.742,0.576,0.576,0.1596238920513104,0.576,0.6421294586782823,0.6493392005549938,0.6421294586782823,0.6493392005549938,0.6421294586782823,0.6493392005549938,0.6421294586782823,0.6493392005549938,0.6421294586782823,0.6493392005549938,0.6421294586782823,0.6493392005549938,0.04884164743122649,0.06526494857593691,0.04884164743122649,0.06526494857593691,0.04884164743122649,0.06526494857593691,0.6421294586782823,0.6493392005549938,0.6421294586782823,0.6493392005549938,0.6421294586782823,0.6493392005549938
0.723,0.723,0.0759890586430047,0.723,0.6,0.6,0.1732018173024055,0.6,0.6351787463674147,0.6424253223966075,0.6351787463674147,0.6424253223966075,0.6351787463674147,0.6424253223966075,0.6351787463674147,0.6424253223966075,0.6351787463674147,0.6424253223966075,0.6351787463674147,0.6424253223966075,0.05011800914783979,0.06234007183935871,0.05011800914783979,0.06234007183935871,0.05011800914783979,0.06234007183935871,0.6351787463674147,0.6424253223966075,0.6351787463674147,0.6424253223966075,0.6351787463674147,0.6424253223966075
0.715,0.715,0.0525769905856072,0.715,0.66,0.66,0.178128550363799,0.66,0.6348492324960516,0.6376114006704063,0.6348492324960516,0.6376114006704063,0.6348492324960516,0.6376114006704063,0.6348492324960516,0.6376114006704063,0.6348492324960516,0.6376114006704063,0.6348492324960516,0.6376114006704063,0.05426918555329224,0.05707907625015421,0.05426918555329224,0.05707907625015421,0.05426918555329224,0.05707907625015421,0.6348492324960516,0.6376114006704063,0.6348492324960516,0.6376114006704063,0.6348492324960516,0.6376114006704063
0.684,0.684,0.0354502554835874,0.684,0.718,0.718,0.1841033237663177,0.718,0.6150959169485583,0.6215128252406708,0.6150959169485583,0.6215128252406708,0.6150959169485583,0.6215128252406708,0.6150959169485583,0.6215128252406708,0.6150959169485583,0.6215128252406708,0.6150959169485583,0.6215128252406708,0.052351419768037526,0.05129092657574774,0.052351419768037526,0.05129092657574774,0.052351419768037526,0.05129092657574774,0.6150959169485583,0.6215128252406708,0.6150959169485583,0.6215128252406708,0.6150959169485583,0.6215128252406708
0.677,0.677,0.0297736338732158,0.677,0.766,0.766,0.0222296506769179,0.766,0.6114137130890761,0.6204390327537088,0.6114137130890761,0.6204390327537088,0.6114137130890761,0.6204390327537088,0.6114137130890761,0.6204390327537088,0.6114137130890761,0.6204390327537088,0.6114137130890761,0.6204390327537088,0.04858733821257481,0.04919177812787983,0.04858733821257481,0.04919177812787983,0.04858733821257481,0.04919177812787983,0.6114137130890761,0.6204390327537088,0.6114137130890761,0.6204390327537088,0.6114137130890761,0.6204390327537088
0.674,0.674,0.0211679927938747,0.674,0.749,0.749,0.0252427184466019,0.749,0.5791421810857594,0.5773479075346813,0.5791421810857594,0.5773479075346813,0.5791421810857594,0.5773479075346813,0.5791421810857594,0.5773479075346813,0.5791421810857594,0.5773479075346813,0.5791421810857594,0.5773479075346813,0.032363610119834636,0.04168915586643915,0.032363610119834636,0.04168915586643915,0.032363610119834636,0.04168915586643915,0.5791421810857594,0.5773479075346813,0.5791421810857594,0.5773479075346813,0.5791421810857594,0.5773479075346813
0.652,0.652,0.0488476844360867,0.652,0.734,0.734,0.0342163355408388,0.734,0.5802974915997018,0.5861331758466072,0.5802974915997018,0.5861331758466072,0.5802974915997018,0.5861331758466072,0.5802974915997018,0.5861331758466072,0.5802974915997018,0.5861331758466072,0.5802974915997018,0.5861331758466072,0.05123449171328268,0.05469068382926954,0.05123449171328268,0.05469068382926954,0.05123449171328268,0.05469068382926954,0.5802974915997018,0.5861331758466072,0.5802974915997018,0.5861331758466072,0.5802974915997018,0.5861331758466072
0.616,0.616,0.0805302275687686,0.616,0.742,0.742,0.054785788081508,0.742,0.5638951824566456,0.5815712683553553,0.5638951824566456,0.5815712683553553,0.5638951824566456,0.5815712683553553,0.5638951824566456,0.5815712683553553,0.5638951824566456,0.5815712683553553,0.5638951824566456,0.5815712683553553,0.07936243552670318,0.08531034104460346,0.07936243552670318,0.08531034104460346,0.07936243552670318,0.08531034104460346,0.5638951824566456,0.5815712683553553,0.5638951824566456,0.5815712683553553,0.5638951824566456,0.5815712683553553
0.594,0.594,0.1003368197128168,0.594,0.723,0.723,0.0759890586430047,0.723,0.5510297645245554,0.5680874782025299,0.5510297645245554,0.5680874782025299,0.5510297645245554,0.5680874782025299,0.5510297645245554,0.5680874782025299,0.5510297645245554,0.5680874782025299,0.5510297645245554,0.5680874782025299,0.07778068449971268,0.0703846642663332,0.07778068449971268,0.0703846642663332,0.07778068449971268,0.0703846642663332,0.5510297645245554,0.5680874782025299,0.5510297645245554,0.5680874782025299,0.5510297645245554,0.5680874782025299
0.586,0.586,0.1282999322011058,0.586,0.715,0.715,0.0525769905856072,0.715,0.5769032072627458,0.5745664269349253,0.5769032072627458,0.5745664269349253,0.5769032072627458,0.5745664269349253,0.5769032072627458,0.5745664269349253,0.5769032072627458,0.5745664269349253,0.5769032072627458,0.5745664269349253,0.09597980068587877,0.11374155976456135,0.09597980068587877,0.11374155976456135,0.09597980068587877,0.11374155976456135,0.5769032072627458,0.5745664269349253,0.5769032072627458,0.5745664269349253,0.5769032072627458,0.5745664269349253
0.592,0.592,0.1654120573411011,0.592,0.684,0.684,0.0354502554835874,0.684,0.570555775395659,0.5749667091551434,0.570555775395659,0.5749667091551434,0.570555775395659,0.5749667091551434,0.570555775395659,0.5749667091551434,0.570555775395659,0.5749667091551434,0.570555775395659,0.5749667091551434,0.14294753830260057,0.1380793068684602,0.14294753830260057,0.1380793068684602,0.14294753830260057,0.1380793068684602,0.570555775395659,0.5749667091551434,0.570555775395659,0.5749667091551434,0.570555775395659,0.5749667091551434
0.619,0.619,0.2282762811423941,0.619,0.677,0.677,0.0297736338732158,0.677,0.5649511855077696,0.5754311084836041,0.5649511855077696,0.5754311084836041,0.5649511855077696,0.5754311084836041,0.5649511855077696,0.5754311084836041,0.5649511855077696,0.5754311084836041,0.5649511855077696,0.5754311084836041,0.14774050307396164,0.14880187356566238,0.14774050307396164,0.14880187356566238,0.14774050307396164,0.14880187356566238,0.5649511855077696,0.5754311084836041,0.5649511855077696,0.5754311084836041,0.5649511855077696,0.5754311084836041
0.614,0.614,0.2133975114016604,0.614,0.674,0.674,0.0211679927938747,0.674,0.566686411756901,0.5728565413025429,0.566686411756901,0.5728565413025429,0.566686411756901,0.5728565413025429,0.566686411756901,0.5728565413025429,0.566686411756901,0.5728565413025429,0.566686411756901,0.5728565413025429,0.15974392304337395,0.14437445348186778,0.15974392304337395,0.14437445348186778,0.15974392304337395,0.14437445348186778,0.566686411756901,0.5728565413025429,0.566686411756901,0.5728565413025429,0.566686411756901,0.5728565413025429
0.63,0.63,0.2371228397174467,0.63,0.652,0.652,0.0488476844360867,0.652,0.577406023922332,0.5729897780959007,0.577406023922332,0.5729897780959007,0.577406023922332,0.5729897780959007,0.577406023922332,0.5729897780959007,0.577406023922332,0.5729897780959007,0.577406023922332,0.5729897780959007,0.13298028131822046,0.1370426208929789,0.13298028131822046,0.1370426208929789,0.13298028131822046,0.1370426208929789,0.577406023922332,0.5729897780959007,0.577406023922332,0.5729897780959007,0.577406023922332,0.5729897780959007
0.63,0.63,0.2438609685119183,0.63,0.616,0.616,0.0805302275687686,0.616,0.5831100086607774,0.5822858930326359,0.5831100086607774,0.5822858930326359,0.5831100086607774,0.5822858930326359,0.5831100086607774,0.5822858930326359,0.5831100086607774,0.5822858930326359,0.5831100086607774,0.5822858930326359,0.16656070864614456,0.16603095143338267,0.16656070864614456,0.16603095143338267,0.16656070864614456,0.16603095143338267,0.5831100086607774,0.5822858930326359,0.5831100086607774,0.5822858930326359,0.5831100086607774,0.5822858930326359
0.625,0.625,0.2401523747771113,0.625,0.594,0.594,0.1003368197128168,0.594,0.5926004365171578,0.5908964325503258,0.5926004365171578,0.5908964325503258,0.5926004365171578,0.5908964325503258,0.5926004365171578,0.5908964325503258,0.5926004365171578,0.5908964325503258,0.5926004365171578,0.5908964325503258,0.19280877238825705,0.19947833401105775,0.19280877238825705,0.19947833401105775,0.19280877238825705,0.19947833401105775,0.5926004365171578,0.5908964325503258,0.5926004365171578,0.5908964325503258,0.5926004365171578,0.5908964325503258
0.611,0.611,0.2137919883584622,0.611,0.586,0.586,0.1282999322011058,0.586,0.6188814043252655,0.6197932908674987,0.6188814043252655,0.6197932908674987,0.6188814043252655,0.6197932908674987,0.6188814043252655,0.6197932908674987,0.6188814043252655,0.6197932908674987,0.6188814043252655,0.6197932908674987,0.22990468862312072,0.22918521917442083,0.22990468862312072,0.22918521917442083,0.22990468862312072,0.22918521917442083,0.6188814043252655,0.6197932908674987,0.6188814043252655,0.6197932908674987,0.6188814043252655,0.6197932908674987
0.607,0.607,0.2003353301211096,0.607,0.592,0.592,0.1654120573411011,0.592,0.599285275363891,0.6025555188091393,0.599285275363891,0.6025555188091393,0.599285275363891,0.6025555188091393,0.599285275363891,0.6025555188091393,0.599285275363891,0.6025555188091393,0.599285275363891,0.6025555188091393,0.20984036943174872,0.2305376783204198,0.20984036943174872,0.2305376783204198,0.20984036943174872,0.2305376783204198,0.599285275363891,0.6025555188091393,0.599285275363891,0.6025555188091393,0.599285275363891,0.6025555188091393
0.621,0.621,0.2382889437338713,0.621,0.619,0.619,0.2282762811423941,0.619,0.6032465682525546,0.6010354738341785,0.6032465682525546,0.6010354738341785,0.6032465682525546,0.6010354738341785,0.6032465682525546,0.6010354738341785,0.6032465682525546,0.6010354738341785,0.6032465682525546,0.6010354738341785,0.21377346176981693,0.20545748306690198,0.21377346176981693,0.20545748306690198,0.21377346176981693,0.20545748306690198,0.6032465682525546,0.6010354738341785,0.6032465682525546,0.6010354738341785,0.6032465682525546,0.6010354738341785
0.63,0.63,0.2567176652095655,0.63,0.614,0.614,0.2133975114016604,0.614,0.5889881232516673,0.607644928647431,0.5889881232516673,0.607644928647431,0.5889881232516673,0.607644928647431,0.5889881232516673,0.607644928647431,0.5889881232516673,0.607644928647431,0.5889881232516673,0.607644928647431,0.2012622633063639,0.2181234317385387,0.2012622633063639,0.2181234317385387,0.2012622633063639,0.2181234317385387,0.5889881232516673,0.607644928647431,0.5889881232516673,0.607644928647431,0.5889881232516673,0.607644928647431
0.616,0.616,0.2294572087890037,0.616,0.63,0.63,0.2371228397174467,0.63,0.5813716570500002,0.5867249469079644,0.5813716570500002,0.5867249469079644,0.5813716570500002,0.5867249469079644,0.5813716570500002,0.5867249469079644,0.5813716570500002,0.5867249469079644,0.5813716570500002,0.5867249469079644,0.2019609382559745,0.19917004524964088,0.2019609382559745,0.19917004524964088,0.2019609382559745,0.19917004524964088,0.5813716570500002,0.5867249469079644,0.5813716570500002,0.5867249469079644,0.5813716570500002,0.5867249469079644
0.615,0.615,0.2271062859345389,0.615,0.63,0.63,0.2438609685119183,0.63,0.6009578940243221,0.5993505359254366,0.6009578940243221,0.5993505359254366,0.6009578940243221,0.5993505359254366,0.6009578940243221,0.5993505359254366,0.6009578940243221,0.5993505359254366,0.6009578940243221,0.5993505359254366,0.2142162568830644,0.21688619083659347,0.2142162568830644,0.21688619083659347,0.2142162568830644,0.21688619083659347,0.6009578940243221,0.5993505359254366,0.6009578940243221,0.5993505359254366,0.6009578940243221,0.5993505359254366
0.606,0.606,0.2092672275383726,0.606,0.625,0.625,0.2401523747771113,0.625,0.6065194851218056,0.6038126436378739,0.6065194851218056,0.6038126436378739,0.6065194851218056,0.6038126436378739,0.6065194851218056,0.6038126436378739,0.6065194851218056,0.6038126436378739,0.6065194851218056,0.6038126436378739,0.21434293221463033,0.22608488899335852,0.21434293221463033,0.22608488899335852,0.21434293221463033,0.22608488899335852,0.6065194851218056,0.6038126436378739,0.6065194851218056,0.6038126436378739,0.6065194851218056,0.6038126436378739
0.614,0.614,0.2282315305408376,0.614,0.611,0.611,0.2137919883584622,0.611,0.6276522083490824,0.6377235760417801,0.6276522083490824,0.6377235760417801,0.6276522083490824,0.6377235760417801,0.6276522083490824,0.6377235760417801,0.6276522083490824,0.6377235760417801,0.6276522083490824,0.6377235760417801,0.21943730711433118,0.2087807143082897,0.21943730711433118,0.2087807143082897,0.21943730711433118,0.2087807143082897,0.6276522083490824,0.6377235760417801,0.6276522083490824,0.6377235760417801,0.6276522083490824,0.6377235760417801
0.606,0.606,0.2175211706201045,0.606,0.607,0.607,0.2003353301211096,0.607,0.6197415787640812,0.6313471055486006,0.6197415787640812,0.6313471055486006,0.6197415787640812,0.6313471055486006,0.6197415787640812,0.6313471055486006,0.6197415787640812,0.6313471055486006,0.6197415787640812,0.6313471055486006,0.22484229415701093,0.2186655396575578,0.22484229415701093,0.2186655396575578,0.22484229415701093,0.2186655396575578,0.6197415787640812,0.6313471055486006,0.6197415787640812,0.6313471055486006,0.6197415787640812,0.6313471055486006
0.587,0.587,0.1838460808802605,0.587,0.621,0.621,0.2382889437338713,0.621,0.6048622455351913,0.6234828703403986,0.6048622455351913,0.6234828703403986,0.6048622455351913,0.6234828703403986,0.6048622455351913,0.6234828703403986,0.6048622455351913,0.6234828703403986,0.6048622455351913,0.6234828703403986,0.2358239900412664,0.2612300013730533,0.2358239900412664,0.2612300013730533,0.2358239900412664,0.2612300013730533,0.6048622455351913,0.6234828703403986,0.6048622455351913,0.6234828703403986,0.6048622455351913,0.6234828703403986
0.601,0.601,0.2142761494411318,0.601,0.63,0.63,0.2567176652095655,0.63,0.5753524595589401,0.5900944699504364,0.5753524595589401,0.5900944699504364,0.5753524595589401,0.5900944699504364,0.5753524595589401,0.5900944699504364,0.5753524595589401,0.5900944699504364,0.5753524595589401,0.5900944699504364,0.2059136200498089,0.23029606319143853,0.2059136200498089,0.23029606319143853,0.2059136200498089,0.23029606319143853,0.5753524595589401,0.5900944699504364,0.5753524595589401,0.5900944699504364,0.5753524595589401,0.5900944699504364
0.604,0.604,0.2224774695175825,0.604,0.616,0.616,0.2294572087890037,0.616,0.6029190328407783,0.6074683067423398,0.6029190328407783,0.6074683067423398,0.6029190328407783,0.6074683067423398,0.6029190328407783,0.6074683067423398,0.6029190328407783,0.6074683067423398,0.6029190328407783,0.6074683067423398,0.23429796719428292,0.25706491537038123,0.23429796719428292,0.25706491537038123,0.23429796719428292,0.25706491537038123,0.6029190328407783,0.6074683067423398,0.6029190328407783,0.6074683067423398,0.6029190328407783,0.6074683067423398
0.609,0.609,0.2303695013739183,0.609,0.615,0.615,0.2271062859345389,0.615,0.5876565668873273,0.5837415244995398,0.5876565668873273,0.5837415244995398,0.5876565668873273,0.5837415244995398,0.5876565668873273,0.5837415244995398,0.5876565668873273,0.5837415244995398,0.5876565668873273,0.5837415244995398,0.23111965278176957,0.24087680232916794,0.23111965278176957,0.24087680232916794,0.23111965278176957,0.24087680232916794,0.5876565668873273,0.5837415244995398,0.5876565668873273,0.5837415244995398,0.5876565668873273,0.5837415244995398
0.597,0.597,0.2040418085434162,0.597,0.606,0.606,0.2092672275383726,0.606,0.58558628459398,0.5763014508979095,0.58558628459398,0.5763014508979095,0.58558628459398,0.5763014508979095,0.58558628459398,0.5763014508979095,0.58558628459398,0.5763014508979095,0.58558628459398,0.5763014508979095,0.19966433538321196,0.19495710939720545,0.19966433538321196,0.19495710939720545,0.19966433538321196,0.19495710939720545,0.58558628459398,0.5763014508979095,0.58558628459398,0.5763014508979095,0.58558628459398,0.5763014508979095
0.601,0.601,0.2156477295065855,0.601,0.614,0.614,0.2282315305408376,0.614,0.5935100076273302,0.5727833205011632,0.5935100076273302,0.5727833205011632,0.5935100076273302,0.5727833205011632,0.5935100076273302,0.5727833205011632,0.5935100076273302,0.5727833205011632,0.5935100076273302,0.5727833205011632,0.18948921039965513,0.15888186183918615,0.18948921039965513,0.15888186183918615,0.18948921039965513,0.15888186183918615,0.5935100076273302,0.5727833205011632,0.5935100076273302,0.5727833205011632,0.5935100076273302,0.5727833205011632
0.587,0.587,0.1909131514814321,0.587,0.606,0.606,0.2175211706201045,0.606,0.5666057753607825,0.5596133963106671,0.5666057753607825,0.5596133963106671,0.5666057753607825,0.5596133963106671,0.5666057753607825,0.5596133963106671,0.5666057753607825,0.5596133963106671,0.5666057753607825,0.5596133963106671,0.174949769111089,0.1497393572778565,0.174949769111089,0.1497393572778565,0.174949769111089,0.1497393572778565,0.5666057753607825,0.5596133963106671,0.5666057753607825,0.5596133963106671,0.5666057753607825,0.5596133963106671
0.595,0.595,0.2135006020118849,0.595,0.587,0.587,0.1838460808802605,0.587,0.578662524691641,0.5828242816482603,0.578662524691641,0.5828242816482603,0.578662524691641,0.5828242816482603,0.578662524691641,0.5828242816482603,0.578662524691641,0.5828242816482603,0.578662524691641,0.5828242816482603,0.19674848477399898,0.1604083063792347,0.19674848477399898,0.1604083063792347,0.19674848477399898,0.1604083063792347,0.578662524691641,0.5828242816482603,0.578662524691641,0.5828242816482603,0.578662524691641,0.5828242816482603
0.588,0.588,0.2061136953095192,0.588,0.601,0.601,0.2142761494411318,0.601,0.6040748569118166,0.6097782739153115,0.6040748569118166,0.6097782739153115,0.6040748569118166,0.6097782739153115,0.6040748569118166,0.6097782739153115,0.6040748569118166,0.6097782739153115,0.6040748569118166,0.6097782739153115,0.1925109375650444,0.18405086955000294,0.1925109375650444,0.18405086955000294,0.1925109375650444,0.18405086955000294,0.6040748569118166,0.6097782739153115,0.6040748569118166,0.6097782739153115,0.6040748569118166,0.6097782739153115
0.612,0.612,0.2486444616576296,0.612,0.604,0.604,0.2224774695175825,0.604,0.5892102468483795,0.602641489637826,0.5892102468483795,0.602641489637826,0.5892102468483795,0.602641489637826,0.5892102468483795,0.602641489637826,0.5892102468483795,0.602641489637826,0.5892102468483795,0.602641489637826,0.22762032789133935,0.23552245759561408,0.22762032789133935,0.23552245759561408,0.22762032789133935,0.23552245759561408,0.5892102468483795,0.602641489637826,0.5892102468483795,0.602641489637826,0.5892102468483795,0.602641489637826
0.599,0.599,0.2187317346883109,0.599,0.609,0.609,0.2303695013739183,0.609,0.5995344786325568,0.6053128995250601,0.5995344786325568,0.6053128995250601,0.5995344786325568,0.6053128995250601,0.5995344786325568,0.6053128995250601,0.5995344786325568,0.6053128995250601,0.5995344786325568,0.6053128995250601,0.22598048360132258,0.23034046337201558,0.22598048360132258,0.23034046337201558,0.22598048360132258,0.23034046337201558,0.5995344786325568,0.6053128995250601,0.5995344786325568,0.6053128995250601,0.5995344786325568,0.6053128995250601
0.6,0.6,0.2217141745305964,0.6,0.597,0.597,0.2040418085434162,0.597,0.5984057148140379,0.5948650366978655,0.5984057148140379,0.5948650366978655,0.5984057148140379,0.5948650366978655,0.5984057148140379,0.5948650366978655,0.5984057148140379,0.5948650366978655,0.5984057148140379,0.5948650366978655,0.20472610772775554,0.20515184937908987,0.20472610772775554,0.20515184937908987,0.20472610772775554,0.20515184937908987,0.5984057148140379,0.5948650366978655,0.5984057148140379,0.5948650366978655,0.5984057148140379,0.5948650366978655
0.601,0.601,0.2245440552264563,0.601,0.601,0.601,0.2156477295065855,0.601,0.6053134380563492,0.6058778826320593,0.6053134380563492,0.6058778826320593,0.6053134380563492,0.6058778826320593,0.6053134380563492,0.6058778826320593,0.6053134380563492,0.6058778826320593,0.6053134380563492,0.6058778826320593,0.2032772876440766,0.21311367788732524,0.2032772876440766,0.21311367788732524,0.2032772876440766,0.21311367788732524,0.6053134380563492,0.6058778826320593,0.6053134380563492,0.6058778826320593,0.6053134380563492,0.6058778826320593
0.599,0.599,0.2227175809265361,0.599,0.587,0.587,0.1909131514814321,0.587,0.5974836525607389,0.5947055990652994,0.5974836525607389,0.5947055990652994,0.5974836525607389,0.5947055990652994,0.5974836525607389,0.5947055990652994,0.5974836525607389,0.5947055990652994,0.5974836525607389,0.5947055990652994,0.20229379185575225,0.20840983715122668,0.20229379185575225,0.20840983715122668,0.20229379185575225,0.20840983715122668,0.5974836525607389,0.5947055990652994,0.5974836525607389,0.5947055990652994,0.5974836525607389,0.5947055990652994
0.582,0.582,0.1921175410995705,0.582,0.595,0.595,0.2135006020118849,0.595,0.6082504739450574,0.6015162189962749,0.6082504739450574,0.6015162189962749,0.6082504739450574,0.6015162189962749,0.6082504739450574,0.6015162189962749,0.6082504739450574,0.6015162189962749,0.6082504739450574,0.6015162189962749,0.2052088388032282,0.21091798313454313,0.2052088388032282,0.21091798313454313,0.2052088388032282,0.21091798313454313,0.6082504739450574,0.6015162189962749,0.6082504739450574,0.6015162189962749,0.6082504739450574,0.6015162189962749
0.612,0.612,0.2515634222841204,0.612,0.588,0.588,0.2061136953095192,0.588,0.5930235184077758,0.6052511634360748,0.5930235184077758,0.6052511634360748,0.5930235184077758,0.6052511634360748,0.5930235184077758,0.6052511634360748,0.5930235184077758,0.6052511634360748,0.5930235184077758,0.6052511634360748,0.19989237791866044,0.19907722028310942,0.19989237791866044,0.19907722028310942,0.19989237791866044,0.19907722028310942,0.5930235184077758,0.6052511634360748,0.5930235184077758,0.6052511634360748,0.5930235184077758,0.6052511634360748
0.591,0.591,0.2129893320607748,0.591,0.612,0.612,0.2486444616576296,0.612,0.6033819674589318,0.6143240822274738,0.6033819674589318,0.6143240822274738,0.6033819674589318,0.6143240822274738,0.6033819674589318,0.6143240822274738,0.6033819674589318,0.6143240822274738,0.6033819674589318,0.6143240822274738,0.19549959472500467,0.21280596486512973,0.19549959472500467,0.21280596486512973,0.19549959472500467,0.21280596486512973,0.6033819674589318,0.6143240822274738,0.6033819674589318,0.6143240822274738,0.6033819674589318,0.6143240822274738
0.6,0.6,0.2214778685621085,0.6,0.599,0.599,0.2187317346883109,0.599,0.626801980762093,0.6185509785556175,0.626801980762093,0.6185509785556175,0.626801980762093,0.6185509785556175,0.626801980762093,0.6185509785556175,0.626801980762093,0.6185509785556175,0.626801980762093,0.6185509785556175,0.25311664160800823,0.24050746682669194,0.25311664160800823,0.24050746682669194,0.25311664160800823,0.24050746682669194,0.626801980762093,0.6185509785556175,0.626801980762093,0.6185509785556175,0.626801980762093,0.6185509785556175
0.573,0.573,0.1700809316861934,0.573,0.6,0.6,0.2217141745305964,0.6,0.6081198979269864,0.6040306174334855,0.6081198979269864,0.6040306174334855,0.6081198979269864,0.6040306174334855,0.6081198979269864,0.6040306174334855,0.6081198979269864,0.6040306174334855,0.6081198979269864,0.6040306174334855,0.22179085687973338,0.2149544701798706,0.22179085687973338,0.2149544701798706,0.22179085687973338,0.2149544701798706,0.6081198979269864,0.6040306174334855,0.6081198979269864,0.6040306174334855,0.6081198979269864,0.6040306174334855
0.57,0.57,0.1737411081092507,0.57,0.601,0.601,0.2245440552264563,0.601,0.6068729238741893,0.6064830589225855,0.6068729238741893,0.6064830589225855,0.6068729238741893,0.6064830589225855,0.6068729238741893,0.6064830589225855,0.6068729238741893,0.6064830589225855,0.6068729238741893,0.6064830589225855,0.2318750011882349,0.2355296029469968,0.2318750011882349,0.2355296029469968,0.2318750011882349,0.2355296029469968,0.6068729238741893,0.6064830589225855,0.6068729238741893,0.6064830589225855,0.6068729238741893,0.6064830589225855
0.58,0.58,0.1892987434130524,0.58,0.599,0.599,0.2227175809265361,0.599,0.6068610345305844,0.6094265382576447,0.6068610345305844,0.6094265382576447,0.6068610345305844,0.6094265382576447,0.6068610345305844,0.6094265382576447,0.6068610345305844,0.6094265382576447,0.6068610345305844,0.6094265382576447,0.1989602727972407,0.2032489957452482,0.1989602727972407,0.2032489957452482,0.1989602727972407,0.2032489957452482,0.6068610345305844,0.6094265382576447,0.6068610345305844,0.6094265382576447,0.6068610345305844,0.6094265382576447
0.603,0.603,0.2249424075592518,0.603,0.582,0.582,0.1921175410995705,0.582,0.6328289647139642,0.6231717305381842,0.6328289647139642,0.6231717305381842,0.6328289647139642,0.6231717305381842,0.6328289647139642,0.6231717305381842,0.6328289647139642,0.6231717305381842,0.6328289647139642,0.6231717305381842,0.2551316305579933,0.25693098911457213,0.2551316305579933,0.25693098911457213,0.2551316305579933,0.25693098911457213,0.6328289647139642,0.6231717305381842,0.6328289647139642,0.6231717305381842,0.6328289647139642,0.6231717305381842
0.62,0.62,0.2589703588143525,0.62,0.612,0.612,0.2515634222841204,0.612,0.6377396617866702,0.6435644245573244,0.6377396617866702,0.6435644245573244,0.6377396617866702,0.6435644245573244,0.6377396617866702,0.6435644245573244,0.6377396617866702,0.6435644245573244,0.6377396617866702,0.6435644245573244,0.2737680510700636,0.27276965515869345,0.2737680510700636,0.27276965515869345,0.2737680510700636,0.27276965515869345,0.6377396617866702,0.6435644245573244,0.6377396617866702,0.6435644245573244,0.6377396617866702,0.6435644245573244
0.625,0.625,0.2754967194491456,0.625,0.591,0.591,0.2129893320607748,0.591,0.6213884174487787,0.6315262479647274,0.6213884174487787,0.6315262479647274,0.6213884174487787,0.6315262479647274,0.6213884174487787,0.6315262479647274,0.6213884174487787,0.6315262479647274,0.6213884174487787,0.6315262479647274,0.2596258523774225,0.2540127776413547,0.2596258523774225,0.2540127776413547,0.2596258523774225,0.2540127776413547,0.6213884174487787,0.6315262479647274,0.6213884174487787,0.6315262479647274,0.6213884174487787,0.6315262479647274
0.61,0.61,0.2468919811375407,0.61,0.6,0.6,0.2214778685621085,0.6,0.6182952050302102,0.6134534179474058,0.6182952050302102,0.6134534179474058,0.6182952050302102,0.6134534179474058,0.6182952050302102,0.6134534179474058,0.6182952050302102,0.6134534179474058,0.6182952050302102,0.6134534179474058,0.24656258954895893,0.25555962053452586,0.24656258954895893,0.25555962053452586,0.24656258954895893,0.25555962053452586,0.6182952050302102,0.6134534179474058,0.6182952050302102,0.6134534179474058,0.6182952050302102,0.6134534179474058
0.579,0.579,0.1962581137838869,0.579,0.573,0.573,0.1700809316861934,0.573,0.6257570050246724,0.6257497933262439,0.6257570050246724,0.6257497933262439,0.6257570050246724,0.6257497933262439,0.6257570050246724,0.6257497933262439,0.6257570050246724,0.6257497933262439,0.6257570050246724,0.6257497933262439,0.25352527765171495,0.25766684016978686,0.25352527765171495,0.25766684016978686,0.25352527765171495,0.25766684016978686,0.6257570050246724,0.6257497933262439,0.6257570050246724,0.6257497933262439,0.6257570050246724,0.6257497933262439
0.577,0.577,0.1884798673941571,0.577,0.57,0.57,0.1737411081092507,0.57,0.6442101620226439,0.6210172585385595,0.6442101620226439,0.6210172585385595,0.6442101620226439,0.6210172585385595,0.6442101620226439,0.6210172585385595,0.6442101620226439,0.6210172585385595,0.6442101620226439,0.6210172585385595,0.2761364306611063,0.2637087609026764,0.2761364306611063,0.2637087609026764,0.2761364306611063,0.2637087609026764,0.6442101620226439,0.6210172585385595,0.6442101620226439,0.6210172585385595,0.6442101620226439,0.6210172585385595
0.566,0.566,0.1806744899037952,0.566,0.58,0.58,0.1892987434130524,0.58,0.6217023242313677,0.622288350729632,0.6217023242313677,0.622288350729632,0.6217023242313677,0.622288350729632,0.6217023242313677,0.622288350729632,0.6217023242313677,0.622288350729632,0.6217023242313677,0.622288350729632,0.2712239138772369,0.260708573885515,0.2712239138772369,0.260708573885515,0.2712239138772369,0.260708573885515,0.6217023242313677,0.622288350729632,0.6217023242313677,0.622288350729632,0.6217023242313677,0.622288350729632
0.599,0.599,0.2370275659466947,0.599,0.603,0.603,0.2249424075592518,0.603,0.6115691168337021,0.6057285118708969,0.6115691168337021,0.6057285118708969,0.6115691168337021,0.6057285118708969,0.6115691168337021,0.6057285118708969,0.6115691168337021,0.6057285118708969,0.6115691168337021,0.6057285118708969,0.24363521894524998,0.22735064559392903,0.24363521894524998,0.22735064559392903,0.24363521894524998,0.22735064559392903,0.6115691168337021,0.6057285118708969,0.6115691168337021,0.6057285118708969,0.6115691168337021,0.6057285118708969
0.578,0.578,0.2003244181507408,0.578,0.62,0.62,0.2589703588143525,0.62,0.6010327140583088,0.5825503098875624,0.6010327140583088,0.5825503098875624,0.6010327140583088,0.5825503098875624,0.6010327140583088,0.5825503098875624,0.6010327140583088,0.5825503098875624,0.6010327140583088,0.5825503098875624,0.19855813178229414,0.21074783568432148,0.19855813178229414,0.21074783568432148,0.19855813178229414,0.21074783568432148,0.6010327140583088,0.5825503098875624,0.6010327140583088,0.5825503098875624,0.6010327140583088,0.5825503098875624
0.593,0.593,0.1997640581989775,0.593,0.625,0.625,0.2754967194491456,0.625,0.5993369021737263,0.6009310749656134,0.5993369021737263,0.6009310749656134,0.5993369021737263,0.6009310749656134,0.5993369021737263,0.6009310749656134,0.5993369021737263,0.6009310749656134,0.5993369021737263,0.6009310749656134,0.18394704448875962,0.1706163230420825,0.18394704448875962,0.1706163230420825,0.18394704448875962,0.1706163230420825,0.5993369021737263,0.6009310749656134,0.5993369021737263,0.6009310749656134,0.5993369021737263,0.6009310749656134
0.641,0.641,0.2083792723263505,0.641,0.61,0.61,0.2468919811375407,0.61,0.6703665608673198,0.6466684589088475,0.6703665608673198,0.6466684589088475,0.6703665608673198,0.6466684589088475,0.6703665608673198,0.6466684589088475,0.6703665608673198,0.6466684589088475,0.6703665608673198,0.6466684589088475,0.21246928890009006,0.17949937238491515,0.21246928890009006,0.17949937238491515,0.21246928890009006,0.17949937238491515,0.6703665608673198,0.6466684589088475,0.6703665608673198,0.6466684589088475,0.6703665608673198,0.6466684589088475
0.683,0.683,0.1708603174271036,0.683,0.579,0.579,0.1962581137838869,0.579,0.7163377274520756,0.6882049374312306,0.7163377274520756,0.6882049374312306,0.7163377274520756,0.6882049374312306,0.7163377274520756,0.6882049374312306,0.7163377274520756,0.6882049374312306,0.7163377274520756,0.6882049374312306,0.1729768809655013,0.1937466132748901,0.1729768809655013,0.1937466132748901,0.1729768809655013,0.1937466132748901,0.7163377274520756,0.6882049374312306,0.7163377274520756,0.6882049374312306,0.7163377274520756,0.6882049374312306
0.711,0.711,0.0356122694145599,0.711,0.577,0.577,0.1884798673941571,0.577,0.7386660204688233,0.7423252759178606,0.7386660204688233,0.7423252759178606,0.7386660204688233,0.7423252759178606,0.7386660204688233,0.7423252759178606,0.7386660204688233,0.7423252759178606,0.7386660204688233,0.7423252759178606,0.019192889608214154,0.018642423368408226,0.019192889608214154,0.018642423368408226,0.019192889608214154,0.018642423368408226,0.7386660204688233,0.7423252759178606,0.7386660204688233,0.7423252759178606,0.7386660204688233,0.7423252759178606
0.685,0.685,0.0358953012903697,0.685,0.566,0.566,0.1806744899037952,0.566,0.7386660204688233,0.7410652982393027,0.7386660204688233,0.7410652982393027,0.7386660204688233,0.7410652982393027,0.7386660204688233,0.7410652982393027,0.7386660204688233,0.7410652982393027,0.7386660204688233,0.7410652982393027,0.026419697272437884,0.0219178348812899,0.026419697272437884,0.0219178348812899,0.026419697272437884,0.0219178348812899,0.7386660204688233,0.7410652982393027,0.7386660204688233,0.7410652982393027,0.7386660204688233,0.7410652982393027
0.668,0.668,0.0271005251312829,0.668,0.599,0.599,0.2370275659466947,0.599,0.7365483521500816,0.7384814302518309,0.7365483521500816,0.7384814302518309,0.7365483521500816,0.7384814302518309,0.7365483521500816,0.7384814302518309,0.7365483521500816,0.7384814302518309,0.7365483521500816,0.7384814302518309,0.032677967441171,0.025470577752996593,0.032677967441171,0.025470577752996593,0.032677967441171,0.025470577752996593,0.7365483521500816,0.7384814302518309,0.7365483521500816,0.7384814302518309,0.7365483521500816,0.7384814302518309
0.657,0.657,0.0321233464264753,0.657,0.578,0.578,0.2003244181507408,0.578,0.734019861117486,0.7354606483416373,0.734019861117486,0.7354606483416373,0.734019861117486,0.7354606483416373,0.734019861117486,0.7354606483416373,0.734019861117486,0.7354606483416373,0.734019861117486,0.7354606483416373,0.04872347769528645,0.042006788571554106,0.04872347769528645,0.042006788571554106,0.04872347769528645,0.042006788571554106,0.734019861117486,0.7354606483416373,0.734019861117486,0.7354606483416373,0.734019861117486,0.7354606483416373
0.641,0.641,0.0521201879917622,0.641,0.593,0.593,0.1997640581989775,0.593,0.7247141137031844,0.7254433427672633,0.7247141137031844,0.7254433427672633,0.7247141137031844,0.7254433427672633,0.7247141137031844,0.7254433427672633,0.7247141137031844,0.7254433427672633,0.7247141137031844,0.7254433427672633,0.05124308700800944,0.04997305339344982,0.05124308700800944,0.04997305339344982,0.05124308700800944,0.04997305339344982,0.7247141137031844,0.7254433427672633,0.7247141137031844,0.7254433427672633,0.7247141137031844,0.7254433427672633
0.628,0.628,0.0409948904620239,0.628,0.641,0.641,0.2083792723263505,0.641,0.7130078136576012,0.7141600765368703,0.7130078136576012,0.7141600765368703,0.7130078136576012,0.7141600765368703,0.7130078136576012,0.7141600765368703,0.7130078136576012,0.7141600765368703,0.7130078136576012,0.7141600765368703,0.04605406615416106,0.03360982153156057,0.04605406615416106,0.03360982153156057,0.04605406615416106,0.03360982153156057,0.7130078136576012,0.7141600765368703,0.7130078136576012,0.7141600765368703,0.7130078136576012,0.7141600765368703
0.592,0.592,0.0284094968208986,0.592,0.683,0.683,0.1708603174271036,0.683,0.6810233931806065,0.6909974795034386,0.6810233931806065,0.6909974795034386,0.6810233931806065,0.6909974795034386,0.6810233931806065,0.6909974795034386,0.6810233931806065,0.6909974795034386,0.6810233931806065,0.6909974795034386,0.02681757249793616,0.03612160178219444,0.02681757249793616,0.03612160178219444,0.02681757249793616,0.03612160178219444,0.6810233931806065,0.6909974795034386,0.6810233931806065,0.6909974795034386,0.6810233931806065,0.6909974795034386
0.58,0.58,0.0242542514636187,0.58,0.711,0.711,0.0356122694145599,0.711,0.6726485395449792,0.6753502095086158,0.6726485395449792,0.6753502095086158,0.6726485395449792,0.6753502095086158,0.6726485395449792,0.6753502095086158,0.6726485395449792,0.6753502095086158,0.6726485395449792,0.6753502095086158,0.027979536020681005,0.03360678778666286,0.027979536020681005,0.03360678778666286,0.027979536020681005,0.03360678778666286,0.6726485395449792,0.6753502095086158,0.6726485395449792,0.6753502095086158,0.6726485395449792,0.6753502095086158
0.586,0.586,0.0188085396837436,0.586,0.685,0.685,0.0358953012903697,0.685,0.6672571276250461,0.6672971662140695,0.6672571276250461,0.6672971662140695,0.6672571276250461,0.6672971662140695,0.6672571276250461,0.6672971662140695,0.6672571276250461,0.6672971662140695,0.6672571276250461,0.6672971662140695,0.024035903250451768,0.012819893226686627,0.024035903250451768,0.012819893226686627,0.024035903250451768,0.012819893226686627,0.6672571276250461,0.6672971662140695,0.6672571276250461,0.6672971662140695,0.6672571276250461,0.6672971662140695
0.586,0.586,0.0654121216499313,0.586,0.668,0.668,0.0271005251312829,0.668,0.6609185883024574,0.6585205270462012,0.6609185883024574,0.6585205270462012,0.6609185883024574,0.6585205270462012,0.6609185883024574,0.6585205270462012,0.6609185883024574,0.6585205270462012,0.6609185883024574,0.6585205270462012,0.054916781707184836,0.06868510862346669,0.054916781707184836,0.06868510862346669,0.054916781707184836,0.06868510862346669,0.6609185883024574,0.6585205270462012,0.6609185883024574,0.6585205270462012,0.6609185883024574,0.6585205270462012
0.584,0.584,0.1170390243281219,0.584,0.657,0.657,0.0321233464264753,0.657,0.6103617746331389,0.6351175029559706,0.6103617746331389,0.6351175029559706,0.6103617746331389,0.6351175029559706,0.6103617746331389,0.6351175029559706,0.6103617746331389,0.6351175029559706,0.6103617746331389,0.6351175029559706,0.081467363923854,0.0911305013379389,0.081467363923854,0.0911305013379389,0.081467363923854,0.0911305013379389,0.6103617746331389,0.6351175029559706,0.6103617746331389,0.6351175029559706,0.6103617746331389,0.6351175029559706
0.56,0.56,0.1009252296727368,0.56,0.641,0.641,0.0521201879917622,0.641,0.5879559751173353,0.5853935824969199,0.5879559751173353,0.5853935824969199,0.5879559751173353,0.5853935824969199,0.5879559751173353,0.5853935824969199,0.5879559751173353,0.5853935824969199,0.5879559751173353,0.5853935824969199,0.09800347618360301,0.10514494559490345,0.09800347618360301,0.10514494559490345,0.09800347618360301,0.10514494559490345,0.5879559751173353,0.5853935824969199,0.5879559751173353,0.5853935824969199,0.5879559751173353,0.5853935824969199
0.571,0.571,0.1450163822035858,0.571,0.628,0.628,0.0409948904620239,0.628,0.5856536676515056,0.5915254960746583,0.5856536676515056,0.5915254960746583,0.5856536676515056,0.5915254960746583,0.5856536676515056,0.5915254960746583,0.5856536676515056,0.5915254960746583,0.5856536676515056,0.5915254960746583,0.11392883233857654,0.09820543720281634,0.11392883233857654,0.09820543720281634,0.11392883233857654,0.09820543720281634,0.5856536676515056,0.5915254960746583,0.5856536676515056,0.5915254960746583,0.5856536676515056,0.5915254960746583
0.576,0.576,0.1567055828477097,0.576,0.592,0.592,0.0284094968208986,0.592,0.5865368694557921,0.5859727459562897,0.5865368694557921,0.5859727459562897,0.5865368694557921,0.5859727459562897,0.5865368694557921,0.5859727459562897,0.5865368694557921,0.5859727459562897,0.5865368694557921,0.5859727459562897,0.16537762061567227,0.16235445763739906,0.16537762061567227,0.16235445763739906,0.16537762061567227,0.16235445763739906,0.5865368694557921,0.5859727459562897,0.5865368694557921,0.5859727459562897,0.5865368694557921,0.5859727459562897
0.602,0.602,0.2107402780256608,0.602,0.58,0.58,0.0242542514636187,0.58,0.6110292643531678,0.6066581668336544,0.6110292643531678,0.6066581668336544,0.6110292643531678,0.6066581668336544,0.6110292643531678,0.6066581668336544,0.6110292643531678,0.6066581668336544,0.6110292643531678,0.6066581668336544,0.19833819149564477,0.21219200387402318,0.19833819149564477,0.21219200387402318,0.19833819149564477,0.21219200387402318,0.6110292643531678,0.6066581668336544,0.6110292643531678,0.6066581668336544,0.6110292643531678,0.6066581668336544
0.606,0.606,0.2150768985576541,0.606,0.586,0.586,0.0188085396837436,0.586,0.6119031294921983,0.6174515434395396,0.6119031294921983,0.6174515434395396,0.6119031294921983,0.6174515434395396,0.6119031294921983,0.6174515434395396,0.6119031294921983,0.6174515434395396,0.6119031294921983,0.6174515434395396,0.18025858633458142,0.1944451953014736,0.18025858633458142,0.1944451953014736,0.18025858633458142,0.1944451953014736,0.6119031294921983,0.6174515434395396,0.6119031294921983,0.6174515434395396,0.6119031294921983,0.6174515434395396
0.62,0.62,0.2407167633753736,0.62,0.586,0.586,0.0654121216499313,0.586,0.6284679492615232,0.624133633431009,0.6284679492615232,0.624133633431009,0.6284679492615232,0.624133633431009,0.6284679492615232,0.624133633431009,0.6284679492615232,0.624133633431009,0.6284679492615232,0.624133633431009,0.18388614717818444,0.1806007133377341,0.18388614717818444,0.1806007133377341,0.18388614717818444,0.1806007133377341,0.6284679492615232,0.624133633431009,0.6284679492615232,0.624133633431009,0.6284679492615232,0.624133633431009
0.618,0.618,0.2409791766014941,0.618,0.584,0.584,0.1170390243281219,0.584,0.6141271685717803,0.6106642665841524,0.6141271685717803,0.6106642665841524,0.6141271685717803,0.6106642665841524,0.6141271685717803,0.6106642665841524,0.6141271685717803,0.6106642665841524,0.6141271685717803,0.6106642665841524,0.21005642103983901,0.18102840996016156,0.21005642103983901,0.18102840996016156,0.21005642103983901,0.18102840996016156,0.6141271685717803,0.6106642665841524,0.6141271685717803,0.6106642665841524,0.6141271685717803,0.6106642665841524
0.613,0.613,0.2372039484058155,0.613,0.56,0.56,0.1009252296727368,0.56,0.6148931362560519,0.6020752109300389,0.6148931362560519,0.6020752109300389,0.6148931362560519,0.6020752109300389,0.6148931362560519,0.6020752109300389,0.6148931362560519,0.6020752109300389,0.6148931362560519,0.6020752109300389,0.1950640554360155,0.18649620317679869,0.1950640554360155,0.18649620317679869,0.1950640554360155,0.18649620317679869,0.6148931362560519,0.6020752109300389,0.6148931362560519,0.6020752109300389,0.6148931362560519,0.6020752109300389
0.578,0.578,0.1759711628960514,0.578,0.571,0.571,0.1450163822035858,0.571,0.592907884546252,0.5997379324027128,0.592907884546252,0.5997379324027128,0.592907884546252,0.5997379324027128,0.592907884546252,0.5997379324027128,0.592907884546252,0.5997379324027128,0.592907884546252,0.5997379324027128,0.17288167575901142,0.18084059439061778,0.17288167575901142,0.18084059439061778,0.17288167575901142,0.18084059439061778,0.592907884546252,0.5997379324027128,0.592907884546252,0.5997379324027128,0.592907884546252,0.5997379324027128
0.578,0.578,0.1746205601627287,0.578,0.576,0.576,0.1567055828477097,0.576,0.5825208176349228,0.5829958199253816,0.5825208176349228,0.5829958199253816,0.5825208176349228,0.5829958199253816,0.5825208176349228,0.5829958199253816,0.5825208176349228,0.5829958199253816,0.5825208176349228,0.5829958199253816,0.15728239546213682,0.16896199078485993,0.15728239546213682,0.16896199078485993,0.15728239546213682,0.16896199078485993,0.5825208176349228,0.5829958199253816,0.5825208176349228,0.5829958199253816,0.5825208176349228,0.5829958199253816
0.576,0.576,0.1699295223179325,0.576,0.602,0.602,0.2107402780256608,0.602,0.6002348744388504,0.6037325402352114,0.6002348744388504,0.6037325402352114,0.6002348744388504,0.6037325402352114,0.6002348744388504,0.6037325402352114,0.6002348744388504,0.6037325402352114,0.6002348744388504,0.6037325402352114,0.1744537141071587,0.1833832245050281,0.1744537141071587,0.1833832245050281,0.1744537141071587,0.1833832245050281,0.6002348744388504,0.6037325402352114,0.6002348744388504,0.6037325402352114,0.6002348744388504,0.6037325402352114
0.595,0.595,0.2126076102932599,0.595,0.606,0.606,0.2150768985576541,0.606,0.616107087781318,0.6164986775658291,0.616107087781318,0.6164986775658291,0.616107087781318,0.6164986775658291,0.616107087781318,0.6164986775658291,0.616107087781318,0.6164986775658291,0.616107087781318,0.6164986775658291,0.2142255445423208,0.2036322747767351,0.2142255445423208,0.2036322747767351,0.2142255445423208,0.2036322747767351,0.616107087781318,0.6164986775658291,0.616107087781318,0.6164986775658291,0.616107087781318,0.6164986775658291
0.606,0.606,0.2282983390786586,0.606,0.62,0.62,0.2407167633753736,0.62,0.5963091356203973,0.6044625520471248,0.5963091356203973,0.6044625520471248,0.5963091356203973,0.6044625520471248,0.5963091356203973,0.6044625520471248,0.5963091356203973,0.6044625520471248,0.5963091356203973,0.6044625520471248,0.19390140982641577,0.19585657088843025,0.19390140982641577,0.19585657088843025,0.19390140982641577,0.19585657088843025,0.5963091356203973,0.6044625520471248,0.5963091356203973,0.6044625520471248,0.5963091356203973,0.6044625520471248
0.613,0.613,0.2398350029463759,0.613,0.618,0.618,0.2409791766014941,0.618,0.6056616461990695,0.6107064027527043,0.6056616461990695,0.6107064027527043,0.6056616461990695,0.6107064027527043,0.6056616461990695,0.6107064027527043,0.6056616461990695,0.6107064027527043,0.6056616461990695,0.6107064027527043,0.20276486302454025,0.20592587967964418,0.20276486302454025,0.20592587967964418,0.20276486302454025,0.20592587967964418,0.6056616461990695,0.6107064027527043,0.6056616461990695,0.6107064027527043,0.6056616461990695,0.6107064027527043
0.607,0.607,0.229744031986202,0.607,0.613,0.613,0.2372039484058155,0.613,0.6059390737912453,0.6045862458631522,0.6059390737912453,0.6045862458631522,0.6059390737912453,0.6045862458631522,0.6059390737912453,0.6045862458631522,0.6059390737912453,0.6045862458631522,0.6059390737912453,0.6045862458631522,0.1855839374657795,0.17855316756789688,0.1855839374657795,0.17855316756789688,0.1855839374657795,0.17855316756789688,0.6059390737912453,0.6045862458631522,0.6059390737912453,0.6045862458631522,0.6059390737912453,0.6045862458631522
0.578,0.578,0.1818661207270923,0.578,0.578,0.578,0.1759711628960514,0.578,0.5980291335130826,0.5973649888641362,0.5980291335130826,0.5973649888641362,0.5980291335130826,0.5973649888641362,0.5980291335130826,0.5973649888641362,0.5980291335130826,0.5973649888641362,0.5980291335130826,0.5973649888641362,0.179940190106502,0.18038512509592153,0.179940190106502,0.18038512509592153,0.179940190106502,0.18038512509592153,0.5980291335130826,0.5973649888641362,0.5980291335130826,0.5973649888641362,0.5980291335130826,0.5973649888641362
0.572,0.572,0.1839536302623551,0.572,0.578,0.578,0.1746205601627287,0.578,0.596093504204543,0.603679294758572,0.596093504204543,0.603679294758572,0.596093504204543,0.603679294758572,0.596093504204543,0.603679294758572,0.596093504204543,0.603679294758572,0.596093504204543,0.603679294758572,0.18651634732180747,0.18985090467263843,0.18651634732180747,0.18985090467263843,0.18651634732180747,0.18985090467263843,0.596093504204543,0.603679294758572,0.596093504204543,0.603679294758572,0.596093504204543,0.603679294758572
0.592,0.592,0.2229133891261204,0.592,0.576,0.576,0.1699295223179325,0.576,0.5849682791768431,0.5821089673082255,0.5849682791768431,0.5821089673082255,0.5849682791768431,0.5821089673082255,0.5849682791768431,0.5821089673082255,0.5849682791768431,0.5821089673082255,0.5849682791768431,0.5821089673082255,0.17037642959292043,0.17832914691813118,0.17037642959292043,0.17832914691813118,0.17037642959292043,0.17832914691813118,0.5849682791768431,0.5821089673082255,0.5849682791768431,0.5821089673082255,0.5849682791768431,0.5821089673082255
0.594,0.594,0.2224962848344645,0.594,0.595,0.595,0.2126076102932599,0.595,0.5897475721397477,0.5907455641565329,0.5897475721397477,0.5907455641565329,0.5897475721397477,0.5907455641565329,0.5897475721397477,0.5907455641565329,0.5897475721397477,0.5907455641565329,0.5897475721397477,0.5907455641565329,0.19289648099586668,0.18296202508057455,0.19289648099586668,0.18296202508057455,0.19289648099586668,0.18296202508057455,0.5897475721397477,0.5907455641565329,0.5897475721397477,0.5907455641565329,0.5897475721397477,0.5907455641565329
0.581,0.581,0.1978896265496619,0.581,0.606,0.606,0.2282983390786586,0.606,0.5960536319981794,0.598637685651358,0.5960536319981794,0.598637685651358,0.5960536319981794,0.598637685651358,0.5960536319981794,0.598637685651358,0.5960536319981794,0.598637685651358,0.5960536319981794,0.598637685651358,0.22867663390977286,0.20932179888996946,0.22867663390977286,0.20932179888996946,0.22867663390977286,0.20932179888996946,0.5960536319981794,0.598637685651358,0.5960536319981794,0.598637685651358,0.5960536319981794,0.598637685651358
0.592,0.592,0.2144812688437858,0.592,0.613,0.613,0.2398350029463759,0.613,0.5946421674964846,0.5948740277259584,0.5946421674964846,0.5948740277259584,0.5946421674964846,0.5948740277259584,0.5946421674964846,0.5948740277259584,0.5946421674964846,0.5948740277259584,0.5946421674964846,0.5948740277259584,0.19280631871008252,0.17682126666566195,0.19280631871008252,0.17682126666566195,0.19280631871008252,0.17682126666566195,0.5946421674964846,0.5948740277259584,0.5946421674964846,0.5948740277259584,0.5946421674964846,0.5948740277259584
0.576,0.576,0.1839091521508997,0.576,0.607,0.607,0.229744031986202,0.607,0.5867532920276027,0.5941471166899238,0.5867532920276027,0.5941471166899238,0.5867532920276027,0.5941471166899238,0.5867532920276027,0.5941471166899238,0.5867532920276027,0.5941471166899238,0.5867532920276027,0.5941471166899238,0.18817622126219388,0.1900792081444743,0.18817622126219388,0.1900792081444743,0.18817622126219388,0.1900792081444743,0.5867532920276027,0.5941471166899238,0.5867532920276027,0.5941471166899238,0.5867532920276027,0.5941471166899238
0.588,0.588,0.2024406863656074,0.588,0.578,0.578,0.1818661207270923,0.578,0.5889471989617159,0.5920865897815257,0.5889471989617159,0.5920865897815257,0.5889471989617159,0.5920865897815257,0.5889471989617159,0.5920865897815257,0.5889471989617159,0.5920865897815257,0.5889471989617159,0.5920865897815257,0.18661286329348836,0.18800215752468527,0.18661286329348836,0.18800215752468527,0.18661286329348836,0.18800215752468527,0.5889471989617159,0.5920865897815257,0.5889471989617159,0.5920865897815257,0.5889471989617159,0.5920865897815257
0.568,0.568,0.1642581049552529,0.568,0.572,0.572,0.1839536302623551,0.572,0.5816019801117135,0.5807303375835767,0.5816019801117135,0.5807303375835767,0.5816019801117135,0.5807303375835767,0.5816019801117135,0.5807303375835767,0.5816019801117135,0.5807303375835767,0.5816019801117135,0.5807303375835767,0.15974422638950458,0.14866140121773827,0.15974422638950458,0.14866140121773827,0.15974422638950458,0.14866140121773827,0.5816019801117135,0.5807303375835767,0.5816019801117135,0.5807303375835767,0.5816019801117135,0.5807303375835767
0.576,0.576,0.1899121131066106,0.576,0.592,0.592,0.2229133891261204,0.592,0.5792367811707503,0.5790890515318585,0.5792367811707503,0.5790890515318585,0.5792367811707503,0.5790890515318585,0.5792367811707503,0.5790890515318585,0.5792367811707503,0.5790890515318585,0.5792367811707503,0.5790890515318585,0.17594295458699943,0.17778010352146273,0.17594295458699943,0.17778010352146273,0.17594295458699943,0.17778010352146273,0.5792367811707503,0.5790890515318585,0.5792367811707503,0.5790890515318585,0.5792367811707503,0.5790890515318585
0.583,0.583,0.1981077650859581,0.583,0.594,0.594,0.2224962848344645,0.594,0.575985453313239,0.5829619201154961,0.575985453313239,0.5829619201154961,0.575985453313239,0.5829619201154961,0.575985453313239,0.5829619201154961,0.575985453313239,0.5829619201154961,0.575985453313239,0.5829619201154961,0.1778940653050481,0.18377415364923286,0.1778940653050481,0.18377415364923286,0.1778940653050481,0.18377415364923286,0.575985453313239,0.5829619201154961,0.575985453313239,0.5829619201154961,0.575985453313239,0.5829619201154961
0.593,0.593,0.2237387184631933,0.593,0.581,0.581,0.1978896265496619,0.581,0.5992539517670759,0.5977409177001769,0.5992539517670759,0.5977409177001769,0.5992539517670759,0.5977409177001769,0.5992539517670759,0.5977409177001769,0.5992539517670759,0.5977409177001769,0.5992539517670759,0.5977409177001769,0.223961638095046,0.21579932856423972,0.223961638095046,0.21579932856423972,0.223961638095046,0.21579932856423972,0.5992539517670759,0.5977409177001769,0.5992539517670759,0.5977409177001769,0.5992539517670759,0.5977409177001769
0.591,0.591,0.2116908748882104,0.591,0.592,0.592,0.2144812688437858,0.592,0.5903903472589023,0.5924199525686967,0.5903903472589023,0.5924199525686967,0.5903903472589023,0.5924199525686967,0.5903903472589023,0.5924199525686967,0.5903903472589023,0.5924199525686967,0.5903903472589023,0.5924199525686967,0.21035679609540087,0.2059583523230558,0.21035679609540087,0.2059583523230558,0.21035679609540087,0.2059583523230558,0.5903903472589023,0.5924199525686967,0.5903903472589023,0.5924199525686967,0.5903903472589023,0.5924199525686967
0.579,0.579,0.1875974497120891,0.579,0.576,0.576,0.1839091521508997,0.576,0.5977477541374986,0.6005496428474424,0.5977477541374986,0.6005496428474424,0.5977477541374986,0.6005496428474424,0.5977477541374986,0.6005496428474424,0.5977477541374986,0.6005496428474424,0.5977477541374986,0.6005496428474424,0.2179186314729078,0.2132970343457051,0.2179186314729078,0.2132970343457051,0.2179186314729078,0.2132970343457051,0.5977477541374986,0.6005496428474424,0.5977477541374986,0.6005496428474424,0.5977477541374986,0.6005496428474424
0.594,0.594,0.2218674414771485,0.594,0.588,0.588,0.2024406863656074,0.588,0.5921959950715191,0.6041179195376843,0.5921959950715191,0.6041179195376843,0.5921959950715191,0.6041179195376843,0.5921959950715191,0.6041179195376843,0.5921959950715191,0.6041179195376843,0.5921959950715191,0.6041179195376843,0.18467899946958172,0.20262079702461094,0.18467899946958172,0.20262079702461094,0.18467899946958172,0.20262079702461094,0.5921959950715191,0.6041179195376843,0.5921959950715191,0.6041179195376843,0.5921959950715191,0.6041179195376843
0.614,0.614,0.2618063178669645,0.614,0.568,0.568,0.1642581049552529,0.568,0.5837282637736576,0.5873762408777363,0.5837282637736576,0.5873762408777363,0.5837282637736576,0.5873762408777363,0.5837282637736576,0.5873762408777363,0.5837282637736576,0.5873762408777363,0.5837282637736576,0.5873762408777363,0.17229947279217228,0.16965999380654767,0.17229947279217228,0.16965999380654767,0.17229947279217228,0.16965999380654767,0.5837282637736576,0.5873762408777363,0.5837282637736576,0.5873762408777363,0.5837282637736576,0.5873762408777363
0.62,0.62,0.2738668501108309,0.62,0.576,0.576,0.1899121131066106,0.576,0.5959526844433645,0.5841413896545895,0.5959526844433645,0.5841413896545895,0.5959526844433645,0.5841413896545895,0.5959526844433645,0.5841413896545895,0.5959526844433645,0.5841413896545895,0.5959526844433645,0.5841413896545895,0.15512607103080256,0.1703832686967396,0.15512607103080256,0.1703832686967396,0.15512607103080256,0.1703832686967396,0.5959526844433645,0.5841413896545895,0.5959526844433645,0.5841413896545895,0.5959526844433645,0.5841413896545895
0.623,0.623,0.2796600453986136,0.623,0.583,0.583,0.1981077650859581,0.583,0.584355289623198,0.5897971031541429,0.584355289623198,0.5897971031541429,0.584355289623198,0.5897971031541429,0.584355289623198,0.5897971031541429,0.584355289623198,0.5897971031541429,0.584355289623198,0.5897971031541429,0.15026661347966552,0.16515998398692575,0.15026661347966552,0.16515998398692575,0.15026661347966552,0.16515998398692575,0.584355289623198,0.5897971031541429,0.584355289623198,0.5897971031541429,0.584355289623198,0.5897971031541429
0.612,0.612,0.2568957394078914,0.612,0.593,0.593,0.2237387184631933,0.593,0.5933984578568152,0.607631348316468,0.5933984578568152,0.607631348316468,0.5933984578568152,0.607631348316468,0.5933984578568152,0.607631348316468,0.5933984578568152,0.607631348316468,0.5933984578568152,0.607631348316468,0.16934078124950688,0.18795780467294543,0.16934078124950688,0.18795780467294543,0.16934078124950688,0.18795780467294543,0.5933984578568152,0.607631348316468,0.5933984578568152,0.607631348316468,0.5933984578568152,0.607631348316468
0.623,0.623,0.2669648065331518,0.623,0.591,0.591,0.2116908748882104,0.591,0.6207656006828574,0.6182938706838788,0.6207656006828574,0.6182938706838788,0.6207656006828574,0.6182938706838788,0.6207656006828574,0.6182938706838788,0.6207656006828574,0.6182938706838788,0.6207656006828574,0.6182938706838788,0.24042146794488617,0.2415516404772978,0.24042146794488617,0.2415516404772978,0.24042146794488617,0.2415516404772978,0.6207656006828574,0.6182938706838788,0.6207656006828574,0.6182938706838788,0.6207656006828574,0.6182938706838788
0.594,0.594,0.2120054654990373,0.594,0.579,0.579,0.1875974497120891,0.579,0.609191633338526,0.6144804758059579,0.609191633338526,0.6144804758059579,0.609191633338526,0.6144804758059579,0.609191633338526,0.6144804758059579,0.609191633338526,0.6144804758059579,0.609191633338526,0.6144804758059579,0.20913204740585967,0.2298074558534035,0.20913204740585967,0.2298074558534035,0.20913204740585967,0.2298074558534035,0.609191633338526,0.6144804758059579,0.609191633338526,0.6144804758059579,0.609191633338526,0.6144804758059579
0.592,0.592,0.2120631585452522,0.592,0.594,0.594,0.2218674414771485,0.594,0.6050096822204039,0.6116293125520785,0.6050096822204039,0.6116293125520785,0.6050096822204039,0.6116293125520785,0.6050096822204039,0.6116293125520785,0.6050096822204039,0.6116293125520785,0.6050096822204039,0.6116293125520785,0.2181803402732546,0.23199586112868148,0.2181803402732546,0.23199586112868148,0.2181803402732546,0.23199586112868148,0.6050096822204039,0.6116293125520785,0.6050096822204039,0.6116293125520785,0.6050096822204039,0.6116293125520785
0.609,0.609,0.2435674211646352,0.609,0.614,0.614,0.2618063178669645,0.614,0.6062286078998117,0.6025043715719645,0.6062286078998117,0.6025043715719645,0.6062286078998117,0.6025043715719645,0.6062286078998117,0.6025043715719645,0.6062286078998117,0.6025043715719645,0.6062286078998117,0.6025043715719645,0.19052768843473317,0.1855476262326253,0.19052768843473317,0.1855476262326253,0.19052768843473317,0.1855476262326253,0.6062286078998117,0.6025043715719645,0.6062286078998117,0.6025043715719645,0.6062286078998117,0.6025043715719645
0.643,0.643,0.3035179173429891,0.643,0.62,0.62,0.2738668501108309,0.62,0.6138607602802442,0.6221007970720175,0.6138607602802442,0.6221007970720175,0.6138607602802442,0.6221007970720175,0.6138607602802442,0.6221007970720175,0.6138607602802442,0.6221007970720175,0.6138607602802442,0.6221007970720175,0.24909015248172334,0.25285839006347227,0.24909015248172334,0.25285839006347227,0.24909015248172334,0.25285839006347227,0.6138607602802442,0.6221007970720175,0.6138607602802442,0.6221007970720175,0.6138607602802442,0.6221007970720175
0.647,0.647,0.3138383068717247,0.647,0.623,0.623,0.2796600453986136,0.623,0.6296997147109864,0.6428699503004547,0.6296997147109864,0.6428699503004547,0.6296997147109864,0.6428699503004547,0.6296997147109864,0.6428699503004547,0.6296997147109864,0.6428699503004547,0.6296997147109864,0.6428699503004547,0.2680917937886855,0.27210188436234545,0.2680917937886855,0.27210188436234545,0.2680917937886855,0.27210188436234545,0.6296997147109864,0.6428699503004547,0.6296997147109864,0.6428699503004547,0.6296997147109864,0.6428699503004547
0.64,0.64,0.311760859840099,0.64,0.612,0.612,0.2568957394078914,0.612,0.6186954078106153,0.6315464757099803,0.6186954078106153,0.6315464757099803,0.6186954078106153,0.6315464757099803,0.6186954078106153,0.6315464757099803,0.6186954078106153,0.6315464757099803,0.6186954078106153,0.6315464757099803,0.2593769147146289,0.2532698114278125,0.2593769147146289,0.2532698114278125,0.2593769147146289,0.2532698114278125,0.6186954078106153,0.6315464757099803,0.6186954078106153,0.6315464757099803,0.6186954078106153,0.6315464757099803
0.613,0.613,0.269397772323957,0.613,0.623,0.623,0.2669648065331518,0.623,0.6094569869026119,0.6136091498710885,0.6094569869026119,0.6136091498710885,0.6094569869026119,0.6136091498710885,0.6094569869026119,0.6136091498710885,0.6094569869026119,0.6136091498710885,0.6094569869026119,0.6136091498710885,0.24546816564765161,0.24859467607308966,0.24546816564765161,0.24859467607308966,0.24546816564765161,0.24859467607308966,0.6094569869026119,0.6136091498710885,0.6094569869026119,0.6136091498710885,0.6094569869026119,0.6136091498710885
0.585,0.585,0.2232420939147101,0.585,0.594,0.594,0.2120054654990373,0.594,0.6294845084031647,0.6330429041022012,0.6294845084031647,0.6330429041022012,0.6294845084031647,0.6330429041022012,0.6294845084031647,0.6330429041022012,0.6294845084031647,0.6330429041022012,0.6294845084031647,0.6330429041022012,0.2517319525636956,0.2520528436323936,0.2517319525636956,0.2520528436323936,0.2517319525636956,0.2520528436323936,0.6294845084031647,0.6330429041022012,0.6294845084031647,0.6330429041022012,0.6294845084031647,0.6330429041022012
0.606,0.606,0.2550661176087999,0.606,0.592,0.592,0.2120631585452522,0.592,0.6433406827995007,0.6223810382850169,0.6433406827995007,0.6223810382850169,0.6433406827995007,0.6223810382850169,0.6433406827995007,0.6223810382850169,0.6433406827995007,0.6223810382850169,0.6433406827995007,0.6223810382850169,0.268088883505555,0.2629850397585107,0.268088883505555,0.2629850397585107,0.268088883505555,0.2629850397585107,0.6433406827995007,0.6223810382850169,0.6433406827995007,0.6223810382850169,0.6433406827995007,0.6223810382850169
0.576,0.576,0.2037409153223535,0.576,0.609,0.609,0.2435674211646352,0.609,0.6160110923938599,0.624801653882632,0.6160110923938599,0.624801653882632,0.6160110923938599,0.624801653882632,0.6160110923938599,0.624801653882632,0.6160110923938599,0.624801653882632,0.6160110923938599,0.624801653882632,0.2540717067661399,0.24251049195952715,0.2540717067661399,0.24251049195952715,0.2540717067661399,0.24251049195952715,0.6160110923938599,0.624801653882632,0.6160110923938599,0.624801653882632,0.6160110923938599,0.624801653882632
0.606,0.606,0.2513490917382381,0.606,0.643,0.643,0.3035179173429891,0.643,0.6120786549991771,0.6136482723719499,0.6120786549991771,0.6136482723719499,0.6120786549991771,0.6136482723719499,0.6120786549991771,0.6136482723719499,0.6120786549991771,0.6136482723719499,0.6120786549991771,0.6136482723719499,0.2421209221359271,0.23931096786768666,0.2421209221359271,0.23931096786768666,0.2421209221359271,0.23931096786768666,0.6120786549991771,0.6136482723719499,0.6120786549991771,0.6136482723719499,0.6120786549991771,0.6136482723719499
0.564,0.564,0.1773584905660377,0.564,0.647,0.647,0.3138383068717247,0.647,0.594601418290346,0.578904547808219,0.594601418290346,0.578904547808219,0.594601418290346,0.578904547808219,0.594601418290346,0.578904547808219,0.594601418290346,0.578904547808219,0.594601418290346,0.578904547808219,0.17462385723452412,0.20209844709276378,0.17462385723452412,0.20209844709276378,0.17462385723452412,0.20209844709276378,0.594601418290346,0.578904547808219,0.594601418290346,0.578904547808219,0.594601418290346,0.578904547808219
0.581,0.581,0.1793967880924403,0.581,0.64,0.64,0.311760859840099,0.64,0.5940237169190545,0.596799692294929,0.5940237169190545,0.596799692294929,0.5940237169190545,0.596799692294929,0.5940237169190545,0.596799692294929,0.5940237169190545,0.596799692294929,0.5940237169190545,0.596799692294929,0.17903474238417827,0.1635153895200843,0.17903474238417827,0.1635153895200843,0.17903474238417827,0.1635153895200843,0.5940237169190545,0.596799692294929,0.5940237169190545,0.596799692294929,0.5940237169190545,0.596799692294929
0.655,0.655,0.2127313885136369,0.655,0.613,0.613,0.269397772323957,0.613,0.6693723962785028,0.6249245842557071,0.6693723962785028,0.6249245842557071,0.6693723962785028,0.6249245842557071,0.6693723962785028,0.6249245842557071,0.6693723962785028,0.6249245842557071,0.6693723962785028,0.6249245842557071,0.21143069226801026,0.17233669821954956,0.21143069226801026,0.17233669821954956,0.21143069226801026,0.17233669821954956,0.6693723962785028,0.6249245842557071,0.6693723962785028,0.6249245842557071,0.6693723962785028,0.6249245842557071
0.663,0.663,0.1234367521901076,0.663,0.585,0.585,0.2232420939147101,0.585,0.7152193849946894,0.6830811052581695,0.7152193849946894,0.6830811052581695,0.7152193849946894,0.6830811052581695,0.7152193849946894,0.6830811052581695,0.7152193849946894,0.6830811052581695,0.7152193849946894,0.6830811052581695,0.1667696614867368,0.1593373428527327,0.1667696614867368,0.1593373428527327,0.1667696614867368,0.1593373428527327,0.7152193849946894,0.6830811052581695,0.7152193849946894,0.6830811052581695,0.7152193849946894,0.6830811052581695
0.684,0.684,-0.0012103238725293,0.684,0.606,0.606,0.2550661176087999,0.606,0.7352059288670313,0.7356515198631561,0.7352059288670313,0.7356515198631561,0.7352059288670313,0.7356515198631561,0.7352059288670313,0.7356515198631561,0.7352059288670313,0.7356515198631561,0.7352059288670313,0.7356515198631561,0.03467502277702544,0.027169824758323077,0.03467502277702544,0.027169824758323077,0.03467502277702544,0.027169824758323077,0.7352059288670313,0.7356515198631561,0.7352059288670313,0.7356515198631561,0.7352059288670313,0.7356515198631561
0.657,0.657,0.0217329302378643,0.657,0.576,0.576,0.2037409153223535,0.576,0.7371627628060581,0.7395847253627259,0.7371627628060581,0.7395847253627259,0.7371627628060581,0.7395847253627259,0.7371627628060581,0.7395847253627259,0.7371627628060581,0.7395847253627259,0.7371627628060581,0.7395847253627259,0.03218299254533468,0.04173606532026303,0.03218299254533468,0.04173606532026303,0.03218299254533468,0.04173606532026303,0.7371627628060581,0.7395847253627259,0.7371627628060581,0.7395847253627259,0.7371627628060581,0.7395847253627259
0.636,0.636,0.0271541586487064,0.636,0.606,0.606,0.2513490917382381,0.606,0.7337884459549121,0.7333417452857824,0.7337884459549121,0.7333417452857824,0.7337884459549121,0.7333417452857824,0.7337884459549121,0.7333417452857824,0.7337884459549121,0.7333417452857824,0.7337884459549121,0.7333417452857824,0.03147924092321641,0.0367332167278018,0.03147924092321641,0.0367332167278018,0.03147924092321641,0.0367332167278018,0.7337884459549121,0.7333417452857824,0.7337884459549121,0.7333417452857824,0.7337884459549121,0.7333417452857824
0.638,0.638,0.0315884090228137,0.638,0.564,0.564,0.1773584905660377,0.564,0.73325476718886,0.7325619736792676,0.73325476718886,0.7325619736792676,0.73325476718886,0.7325619736792676,0.73325476718886,0.7325619736792676,0.73325476718886,0.7325619736792676,0.73325476718886,0.7325619736792676,0.050423345174362554,0.031519673076348724,0.050423345174362554,0.031519673076348724,0.050423345174362554,0.031519673076348724,0.73325476718886,0.7325619736792676,0.73325476718886,0.7325619736792676,0.73325476718886,0.7325619736792676
0.617,0.617,0.0510218240202976,0.617,0.581,0.581,0.1793967880924403,0.581,0.7300434208844858,0.7269445858158086,0.7300434208844858,0.7269445858158086,0.7300434208844858,0.7269445858158086,0.7300434208844858,0.7269445858158086,0.7300434208844858,0.7269445858158086,0.7300434208844858,0.7269445858158086,0.05046489931263078,0.04533781966029943,0.05046489931263078,0.04533781966029943,0.05046489931263078,0.04533781966029943,0.7300434208844858,0.7269445858158086,0.7300434208844858,0.7269445858158086,0.7300434208844858,0.7269445858158086
0.639,0.639,0.0403632265061777,0.639,0.655,0.655,0.2127313885136369,0.655,0.7098756452549914,0.7159262577941472,0.7098756452549914,0.7159262577941472,0.7098756452549914,0.7159262577941472,0.7098756452549914,0.7159262577941472,0.7098756452549914,0.7159262577941472,0.7098756452549914,0.7159262577941472,0.038376272613279784,0.03541567334327476,0.038376272613279784,0.03541567334327476,0.038376272613279784,0.03541567334327476,0.7098756452549914,0.7159262577941472,0.7098756452549914,0.7159262577941472,0.7098756452549914,0.7159262577941472
0.613,0.613,0.0391490883089025,0.613,0.663,0.663,0.1234367521901076,0.663,0.7016938096250461,0.692441179010999,0.7016938096250461,0.692441179010999,0.7016938096250461,0.692441179010999,0.7016938096250461,0.692441179010999,0.7016938096250461,0.692441179010999,0.7016938096250461,0.692441179010999,0.02505502791718094,0.04433347747120665,0.02505502791718094,0.04433347747120665,0.02505502791718094,0.04433347747120665,0.7016938096250461,0.692441179010999,0.7016938096250461,0.692441179010999,0.7016938096250461,0.692441179010999
0.588,0.588,0.0336985890123087,0.588,0.684,0.684,-0.0012103238725293,0.684,0.678936592378131,0.6781442395632923,0.678936592378131,0.6781442395632923,0.678936592378131,0.6781442395632923,0.678936592378131,0.6781442395632923,0.678936592378131,0.6781442395632923,0.678936592378131,0.6781442395632923,0.04643192448807449,0.044398516874930495,0.04643192448807449,0.044398516874930495,0.04643192448807449,0.044398516874930495,0.678936592378131,0.6781442395632923,0.678936592378131,0.6781442395632923,0.678936592378131,0.6781442395632923
0.585,0.585,0.0292306828601904,0.585,0.657,0.657,0.0217329302378643,0.657,0.6758844202399981,0.6734810245358448,0.6758844202399981,0.6734810245358448,0.6758844202399981,0.6734810245358448,0.6758844202399981,0.6734810245358448,0.6758844202399981,0.6734810245358448,0.6758844202399981,0.6734810245358448,0.040816047073116375,0.059097705205910345,0.040816047073116375,0.059097705205910345,0.040816047073116375,0.059097705205910345,0.6758844202399981,0.6734810245358448,0.6758844202399981,0.6734810245358448,0.6758844202399981,0.6734810245358448
0.554,0.554,0.0382624896494618,0.554,0.636,0.636,0.0271541586487064,0.636,0.6603754720288973,0.6650115501983505,0.6603754720288973,0.6650115501983505,0.6603754720288973,0.6650115501983505,0.6603754720288973,0.6650115501983505,0.6603754720288973,0.6650115501983505,0.6603754720288973,0.6650115501983505,0.05730964955274632,0.06116172368107057,0.05730964955274632,0.06116172368107057,0.05730964955274632,0.06116172368107057,0.6603754720288973,0.6650115501983505,0.6603754720288973,0.6650115501983505,0.6603754720288973,0.6650115501983505
0.561,0.561,0.0931625697170006,0.561,0.638,0.638,0.0315884090228137,0.638,0.6068487827844458,0.6347340047509049,0.6068487827844458,0.6347340047509049,0.6068487827844458,0.6347340047509049,0.6068487827844458,0.6347340047509049,0.6068487827844458,0.6347340047509049,0.6068487827844458,0.6347340047509049,0.07021557498261927,0.10358397518422661,0.07021557498261927,0.10358397518422661,0.07021557498261927,0.10358397518422661,0.6068487827844458,0.6347340047509049,0.6068487827844458,0.6347340047509049,0.6068487827844458,0.6347340047509049
0.551,0.551,0.0781498940590968,0.551,0.617,0.617,0.0510218240202976,0.617,0.5978652208743561,0.5942241034364002,0.5978652208743561,0.5942241034364002,0.5978652208743561,0.5942241034364002,0.5978652208743561,0.5942241034364002,0.5978652208743561,0.5942241034364002,0.5978652208743561,0.5942241034364002,0.08608320900271792,0.11338678977881674,0.08608320900271792,0.11338678977881674,0.08608320900271792,0.11338678977881674,0.5978652208743561,0.5942241034364002,0.5978652208743561,0.5942241034364002,0.5978652208743561,0.5942241034364002
0.551,0.551,0.0961939499343784,0.551,0.639,0.639,0.0403632265061777,0.639,0.5815247547690328,0.5813082421881742,0.5815247547690328,0.5813082421881742,0.5815247547690328,0.5813082421881742,0.5815247547690328,0.5813082421881742,0.5815247547690328,0.5813082421881742,0.5815247547690328,0.5813082421881742,0.13031101437292644,0.11536186084847388,0.13031101437292644,0.11536186084847388,0.13031101437292644,0.11536186084847388,0.5815247547690328,0.5813082421881742,0.5815247547690328,0.5813082421881742,0.5815247547690328,0.5813082421881742
0.584,0.584,0.1696772519510588,0.584,0.613,0.613,0.0391490883089025,0.613,0.5730870710215481,0.5767951461202148,0.5730870710215481,0.5767951461202148,0.5730870710215481,0.5767951461202148,0.5730870710215481,0.5767951461202148,0.5730870710215481,0.5767951461202148,0.5730870710215481,0.5767951461202148,0.1759040330294673,0.15829927801250918,0.1759040330294673,0.15829927801250918,0.1759040330294673,0.15829927801250918,0.5730870710215481,0.5767951461202148,0.5730870710215481,0.5767951461202148,0.5730870710215481,0.5767951461202148
0.602,0.602,0.2079538941603514,0.602,0.588,0.588,0.0336985890123087,0.588,0.5851816884595977,0.5905202366268555,0.5851816884595977,0.5905202366268555,0.5851816884595977,0.5905202366268555,0.5851816884595977,0.5905202366268555,0.5851816884595977,0.5905202366268555,0.5851816884595977,0.5905202366268555,0.2116571850585315,0.20784998557853568,0.2116571850585315,0.20784998557853568,0.2116571850585315,0.20784998557853568,0.5851816884595977,0.5905202366268555,0.5851816884595977,0.5905202366268555,0.5851816884595977,0.5905202366268555
0.611,0.611,0.2338900267843074,0.611,0.585,0.585,0.0292306828601904,0.585,0.6036274255266862,0.5962790502441742,0.6036274255266862,0.5962790502441742,0.6036274255266862,0.5962790502441742,0.6036274255266862,0.5962790502441742,0.6036274255266862,0.5962790502441742,0.6036274255266862,0.5962790502441742,0.21907280748785762,0.21120140722015238,0.21907280748785762,0.21120140722015238,0.21907280748785762,0.21120140722015238,0.6036274255266862,0.5962790502441742,0.6036274255266862,0.5962790502441742,0.6036274255266862,0.5962790502441742
0.615,0.615,0.2395272031983313,0.615,0.554,0.554,0.0382624896494618,0.554,0.6045820907029189,0.6013027763158069,0.6045820907029189,0.6013027763158069,0.6045820907029189,0.6013027763158069,0.6045820907029189,0.6013027763158069,0.6045820907029189,0.6013027763158069,0.6045820907029189,0.6013027763158069,0.21798441286287237,0.22669137684109458,0.21798441286287237,0.22669137684109458,0.21798441286287237,0.22669137684109458,0.6045820907029189,0.6013027763158069,0.6045820907029189,0.6013027763158069,0.6045820907029189,0.6013027763158069
0.603,0.603,0.2136433862853068,0.603,0.561,0.561,0.0931625697170006,0.561,0.5976399356286154,0.6023759992111004,0.5976399356286154,0.6023759992111004,0.5976399356286154,0.6023759992111004,0.5976399356286154,0.6023759992111004,0.5976399356286154,0.6023759992111004,0.5976399356286154,0.6023759992111004,0.22736887591375252,0.23420585556758455,0.22736887591375252,0.23420585556758455,0.22736887591375252,0.23420585556758455,0.5976399356286154,0.6023759992111004,0.5976399356286154,0.6023759992111004,0.5976399356286154,0.6023759992111004
0.591,0.591,0.1971891807011345,0.591,0.551,0.551,0.0781498940590968,0.551,0.5968333222780559,0.6032125059184487,0.5968333222780559,0.6032125059184487,0.5968333222780559,0.6032125059184487,0.5968333222780559,0.6032125059184487,0.5968333222780559,0.6032125059184487,0.5968333222780559,0.6032125059184487,0.22410667329238146,0.23252126195687078,0.22410667329238146,0.23252126195687078,0.22410667329238146,0.23252126195687078,0.5968333222780559,0.6032125059184487,0.5968333222780559,0.6032125059184487,0.5968333222780559,0.6032125059184487
0.56,0.56,0.1414332600949887,0.56,0.551,0.551,0.0961939499343784,0.551,0.5913840249944853,0.597051923557524,0.5913840249944853,0.597051923557524,0.5913840249944853,0.597051923557524,0.5913840249944853,0.597051923557524,0.5913840249944853,0.597051923557524,0.5913840249944853,0.597051923557524,0.19420468518541764,0.17948231575791398,0.19420468518541764,0.17948231575791398,0.19420468518541764,0.17948231575791398,0.5913840249944853,0.597051923557524,0.5913840249944853,0.597051923557524,0.5913840249944853,0.597051923557524
0.551,0.551,0.127504780263342,0.551,0.584,0.584,0.1696772519510588,0.584,0.5986567450876445,0.5958382785490562,0.5986567450876445,0.5958382785490562,0.5986567450876445,0.5958382785490562,0.5986567450876445,0.5958382785490562,0.5986567450876445,0.5958382785490562,0.5986567450876445,0.5958382785490562,0.1794607605040706,0.18074018359442556,0.1794607605040706,0.18074018359442556,0.1794607605040706,0.18074018359442556,0.5986567450876445,0.5958382785490562,0.5986567450876445,0.5958382785490562,0.5986567450876445,0.5958382785490562
0.577,0.577,0.1776827371695178,0.577,0.602,0.602,0.2079538941603514,0.602,0.5809612143796504,0.5837556741409656,0.5809612143796504,0.5837556741409656,0.5809612143796504,0.5837556741409656,0.5809612143796504,0.5837556741409656,0.5809612143796504,0.5837556741409656,0.5809612143796504,0.5837556741409656,0.17893256392904625,0.19206780128827763,0.17893256392904625,0.19206780128827763,0.17893256392904625,0.19206780128827763,0.5809612143796504,0.5837556741409656,0.5809612143796504,0.5837556741409656,0.5809612143796504,0.5837556741409656
0.593,0.593,0.2079554742536877,0.593,0.611,0.611,0.2338900267843074,0.611,0.5920513789004802,0.5959530596656647,0.5920513789004802,0.5959530596656647,0.5920513789004802,0.5959530596656647,0.5920513789004802,0.5959530596656647,0.5920513789004802,0.5959530596656647,0.5920513789004802,0.5959530596656647,0.20790741152576936,0.21715156383383208,0.20790741152576936,0.21715156383383208,0.20790741152576936,0.21715156383383208,0.5920513789004802,0.5959530596656647,0.5920513789004802,0.5959530596656647,0.5920513789004802,0.5959530596656647
0.596,0.596,0.2069474543798486,0.596,0.615,0.615,0.2395272031983313,0.615,0.6056121134018817,0.609113193122991,0.6056121134018817,0.609113193122991,0.6056121134018817,0.609113193122991,0.6056121134018817,0.609113193122991,0.6056121134018817,0.609113193122991,0.6056121134018817,0.609113193122991,0.23088234800911256,0.23567249172551352,0.23088234800911256,0.23567249172551352,0.23088234800911256,0.23567249172551352,0.6056121134018817,0.609113193122991,0.6056121134018817,0.609113193122991,0.6056121134018817,0.609113193122991
0.596,0.596,0.2102433779689179,0.596,0.603,0.603,0.2136433862853068,0.603,0.6121201068542987,0.6055443619855715,0.6121201068542987,0.6055443619855715,0.6121201068542987,0.6055443619855715,0.6121201068542987,0.6055443619855715,0.6121201068542987,0.6055443619855715,0.6121201068542987,0.6055443619855715,0.2400259625865629,0.2352071761546691,0.2400259625865629,0.2352071761546691,0.2400259625865629,0.2352071761546691,0.6121201068542987,0.6055443619855715,0.6121201068542987,0.6055443619855715,0.6121201068542987,0.6055443619855715
0.592,0.592,0.2022275059441871,0.592,0.591,0.591,0.1971891807011345,0.591,0.6144205049754355,0.6193657669503624,0.6144205049754355,0.6193657669503624,0.6144205049754355,0.6193657669503624,0.6144205049754355,0.6193657669503624,0.6144205049754355,0.6193657669503624,0.6144205049754355,0.6193657669503624,0.22452237862053162,0.2283628067735712,0.22452237862053162,0.2283628067735712,0.22452237862053162,0.2283628067735712,0.6144205049754355,0.6193657669503624,0.6144205049754355,0.6193657669503624,0.6144205049754355,0.6193657669503624
0.595,0.595,0.2179595115433037,0.595,0.56,0.56,0.1414332600949887,0.56,0.5849399878249577,0.595540984812922,0.5849399878249577,0.595540984812922,0.5849399878249577,0.595540984812922,0.5849399878249577,0.595540984812922,0.5849399878249577,0.595540984812922,0.5849399878249577,0.595540984812922,0.19768155397520598,0.20178616675402966,0.19768155397520598,0.20178616675402966,0.19768155397520598,0.20178616675402966,0.5849399878249577,0.595540984812922,0.5849399878249577,0.595540984812922,0.5849399878249577,0.595540984812922
0.574,0.574,0.1873113742068656,0.574,0.551,0.551,0.127504780263342,0.551,0.5780069913384351,0.582664983685278,0.5780069913384351,0.582664983685278,0.5780069913384351,0.582664983685278,0.5780069913384351,0.582664983685278,0.5780069913384351,0.582664983685278,0.5780069913384351,0.582664983685278,0.19581146048883907,0.19637312334064572,0.19581146048883907,0.19637312334064572,0.19581146048883907,0.19637312334064572,0.5780069913384351,0.582664983685278,0.5780069913384351,0.582664983685278,0.5780069913384351,0.582664983685278
0.578,0.578,0.1967902061698694,0.578,0.577,0.577,0.1776827371695178,0.577,0.5884942806381382,0.5975874313715576,0.5884942806381382,0.5975874313715576,0.5884942806381382,0.5975874313715576,0.5884942806381382,0.5975874313715576,0.5884942806381382,0.5975874313715576,0.5884942806381382,0.5975874313715576,0.22469477922460734,0.2224093021188029,0.22469477922460734,0.2224093021188029,0.22469477922460734,0.2224093021188029,0.5884942806381382,0.5975874313715576,0.5884942806381382,0.5975874313715576,0.5884942806381382,0.5975874313715576
0.573,0.573,0.1852886405959031,0.573,0.593,0.593,0.2079554742536877,0.593,0.5827153495999424,0.5882335221528524,0.5827153495999424,0.5882335221528524,0.5827153495999424,0.5882335221528524,0.5827153495999424,0.5882335221528524,0.5827153495999424,0.5882335221528524,0.5827153495999424,0.5882335221528524,0.21914313760350604,0.2285532661320011,0.21914313760350604,0.2285532661320011,0.21914313760350604,0.2285532661320011,0.5827153495999424,0.5882335221528524,0.5827153495999424,0.5882335221528524,0.5827153495999424,0.5882335221528524
0.562,0.562,0.1571444515858385,0.562,0.596,0.596,0.2069474543798486,0.596,0.5843383315470624,0.5807204838437651,0.5843383315470624,0.5807204838437651,0.5843383315470624,0.5807204838437651,0.5843383315470624,0.5807204838437651,0.5843383315470624,0.5807204838437651,0.5843383315470624,0.5807204838437651,0.20677098283376402,0.21933085209086423,0.20677098283376402,0.21933085209086423,0.20677098283376402,0.21933085209086423,0.5843383315470624,0.5807204838437651,0.5843383315470624,0.5807204838437651,0.5843383315470624,0.5807204838437651
0.558,0.558,0.1566044360316902,0.558,0.596,0.596,0.2102433779689179,0.596,0.594426346564953,0.5882433266473163,0.594426346564953,0.5882433266473163,0.594426346564953,0.5882433266473163,0.594426346564953,0.5882433266473163,0.594426346564953,0.5882433266473163,0.594426346564953,0.5882433266473163,0.2096113826611723,0.21609120880974167,0.2096113826611723,0.21609120880974167,0.2096113826611723,0.21609120880974167,0.594426346564953,0.5882433266473163,0.594426346564953,0.5882433266473163,0.594426346564953,0.5882433266473163
0.552,0.552,0.1395305063325176,0.552,0.592,0.592,0.2022275059441871,0.592,0.5875700546264786,0.5815987176228282,0.5875700546264786,0.5815987176228282,0.5875700546264786,0.5815987176228282,0.5875700546264786,0.5815987176228282,0.5875700546264786,0.5815987176228282,0.5875700546264786,0.5815987176228282,0.19881700012630366,0.1951477149304006,0.19881700012630366,0.1951477149304006,0.19881700012630366,0.1951477149304006,0.5875700546264786,0.5815987176228282,0.5875700546264786,0.5815987176228282,0.5875700546264786,0.5815987176228282
0.548,0.548,0.1368675931972944,0.548,0.595,0.595,0.2179595115433037,0.595,0.5825321229182938,0.5879097272279717,0.5825321229182938,0.5879097272279717,0.5825321229182938,0.5879097272279717,0.5825321229182938,0.5879097272279717,0.5825321229182938,0.5879097272279717,0.5825321229182938,0.5879097272279717,0.191391173485876,0.18717677217433223,0.191391173485876,0.18717677217433223,0.191391173485876,0.18717677217433223,0.5825321229182938,0.5879097272279717,0.5825321229182938,0.5879097272279717,0.5825321229182938,0.5879097272279717
0.559,0.559,0.1525944828328325,0.559,0.574,0.574,0.1873113742068656,0.574,0.5803047836183782,0.5692566325531856,0.5803047836183782,0.5692566325531856,0.5803047836183782,0.5692566325531856,0.5803047836183782,0.5692566325531856,0.5803047836183782,0.5692566325531856,0.5803047836183782,0.5692566325531856,0.19302511273994705,0.18984826823228865,0.19302511273994705,0.18984826823228865,0.19302511273994705,0.18984826823228865,0.5803047836183782,0.5692566325531856,0.5803047836183782,0.5692566325531856,0.5803047836183782,0.5692566325531856
0.558,0.558,0.1595775831580869,0.558,0.578,0.578,0.1967902061698694,0.578,0.5887541348336237,0.576243723568676,0.5887541348336237,0.576243723568676,0.5887541348336237,0.576243723568676,0.5887541348336237,0.576243723568676,0.5887541348336237,0.576243723568676,0.5887541348336237,0.576243723568676,0.18850383654751787,0.19372421669087397,0.18850383654751787,0.19372421669087397,0.18850383654751787,0.19372421669087397,0.5887541348336237,0.576243723568676,0.5887541348336237,0.576243723568676,0.5887541348336237,0.576243723568676
0.57,0.57,0.183580474282785,0.57,0.573,0.573,0.1852886405959031,0.573,0.6091137665903565,0.6056725044772675,0.6091137665903565,0.6056725044772675,0.6091137665903565,0.6056725044772675,0.6091137665903565,0.6056725044772675,0.6091137665903565,0.6056725044772675,0.6091137665903565,0.6056725044772675,0.21993231956711895,0.20441878130229993,0.21993231956711895,0.20441878130229993,0.21993231956711895,0.20441878130229993,0.6091137665903565,0.6056725044772675,0.6091137665903565,0.6056725044772675,0.6091137665903565,0.6056725044772675
0.569,0.569,0.1829817564186167,0.569,0.562,0.562,0.1571444515858385,0.562,0.6059092041489267,0.6034323802525052,0.6059092041489267,0.6034323802525052,0.6059092041489267,0.6034323802525052,0.6059092041489267,0.6034323802525052,0.6059092041489267,0.6034323802525052,0.6059092041489267,0.6034323802525052,0.23766661004226367,0.2344886342092573,0.23766661004226367,0.2344886342092573,0.23766661004226367,0.2344886342092573,0.6059092041489267,0.6034323802525052,0.6059092041489267,0.6034323802525052,0.6059092041489267,0.6034323802525052
0.581,0.581,0.2040455004825118,0.581,0.558,0.558,0.1566044360316902,0.558,0.5884098083762113,0.5914117368507988,0.5884098083762113,0.5914117368507988,0.5884098083762113,0.5914117368507988,0.5884098083762113,0.5914117368507988,0.5884098083762113,0.5914117368507988,0.5884098083762113,0.5914117368507988,0.22187060126214445,0.21223291034791225,0.22187060126214445,0.21223291034791225,0.22187060126214445,0.21223291034791225,0.5884098083762113,0.5914117368507988,0.5884098083762113,0.5914117368507988,0.5884098083762113,0.5914117368507988
0.581,0.581,0.2046015414404495,0.581,0.552,0.552,0.1395305063325176,0.552,0.5809707215990981,0.5947450743955626,0.5809707215990981,0.5947450743955626,0.5809707215990981,0.5947450743955626,0.5809707215990981,0.5947450743955626,0.5809707215990981,0.5947450743955626,0.5809707215990981,0.5947450743955626,0.20479121646274828,0.2074895737792446,0.20479121646274828,0.2074895737792446,0.20479121646274828,0.2074895737792446,0.5809707215990981,0.5947450743955626,0.5809707215990981,0.5947450743955626,0.5809707215990981,0.5947450743955626
0.579,0.579,0.2037493758605558,0.579,0.548,0.548,0.1368675931972944,0.548,0.599432563775087,0.591509144608929,0.599432563775087,0.591509144608929,0.599432563775087,0.591509144608929,0.599432563775087,0.591509144608929,0.599432563775087,0.591509144608929,0.599432563775087,0.591509144608929,0.21711532252494342,0.21148015779610227,0.21711532252494342,0.21148015779610227,0.21711532252494342,0.21148015779610227,0.599432563775087,0.591509144608929,0.599432563775087,0.591509144608929,0.599432563775087,0.591509144608929
0.566,0.566,0.1829480889645278,0.566,0.559,0.559,0.1525944828328325,0.559,0.5938131332053982,0.6050831070117477,0.5938131332053982,0.6050831070117477,0.5938131332053982,0.6050831070117477,0.5938131332053982,0.6050831070117477,0.5938131332053982,0.6050831070117477,0.5938131332053982,0.6050831070117477,0.21932165643862986,0.23163970539560239,0.21932165643862986,0.23163970539560239,0.21932165643862986,0.23163970539560239,0.5938131332053982,0.6050831070117477,0.5938131332053982,0.6050831070117477,0.5938131332053982,0.6050831070117477
0.567,0.567,0.1833886541943271,0.567,0.558,0.558,0.1595775831580869,0.558,0.6010566859975266,0.6084947174537663,0.6010566859975266,0.6084947174537663,0.6010566859975266,0.6084947174537663,0.6010566859975266,0.6084947174537663,0.6010566859975266,0.6084947174537663,0.6010566859975266,0.6084947174537663,0.2558000790376748,0.25389919082248763,0.2558000790376748,0.25389919082248763,0.2558000790376748,0.25389919082248763,0.6010566859975266,0.6084947174537663,0.6010566859975266,0.6084947174537663,0.6010566859975266,0.6084947174537663
0.585,0.585,0.2121110866412011,0.585,0.57,0.57,0.183580474282785,0.57,0.6034469723759985,0.6119823909807464,0.6034469723759985,0.6119823909807464,0.6034469723759985,0.6119823909807464,0.6034469723759985,0.6119823909807464,0.6034469723759985,0.6119823909807464,0.6034469723759985,0.6119823909807464,0.26164645263528047,0.2633126243178181,0.26164645263528047,0.2633126243178181,0.26164645263528047,0.2633126243178181,0.6034469723759985,0.6119823909807464,0.6034469723759985,0.6119823909807464,0.6034469723759985,0.6119823909807464
0.592,0.592,0.2138849497502929,0.592,0.569,0.569,0.1829817564186167,0.569,0.5992467624703218,0.6155649860588349,0.5992467624703218,0.6155649860588349,0.5992467624703218,0.6155649860588349,0.5992467624703218,0.6155649860588349,0.5992467624703218,0.6155649860588349,0.5992467624703218,0.6155649860588349,0.24686523493762658,0.23971585689189207,0.24686523493762658,0.23971585689189207,0.24686523493762658,0.23971585689189207,0.5992467624703218,0.6155649860588349,0.5992467624703218,0.6155649860588349,0.5992467624703218,0.6155649860588349
0.595,0.595,0.216076433515539,0.595,0.581,0.581,0.2040455004825118,0.581,0.580336593652077,0.5971470347234632,0.580336593652077,0.5971470347234632,0.580336593652077,0.5971470347234632,0.580336593652077,0.5971470347234632,0.580336593652077,0.5971470347234632,0.580336593652077,0.5971470347234632,0.24056509881109717,0.24131784465860875,0.24056509881109717,0.24131784465860875,0.24056509881109717,0.24131784465860875,0.580336593652077,0.5971470347234632,0.580336593652077,0.5971470347234632,0.580336593652077,0.5971470347234632
0.592,0.592,0.2063492063492064,0.592,0.581,0.581,0.2046015414404495,0.581,0.5967972513191472,0.5928165242936327,0.5967972513191472,0.5928165242936327,0.5967972513191472,0.5928165242936327,0.5967972513191472,0.5928165242936327,0.5967972513191472,0.5928165242936327,0.5967972513191472,0.5928165242936327,0.21707429718429352,0.22428792228123862,0.21707429718429352,0.22428792228123862,0.21707429718429352,0.22428792228123862,0.5967972513191472,0.5928165242936327,0.5967972513191472,0.5928165242936327,0.5967972513191472,0.5928165242936327
0.588,0.588,0.2007821471802353,0.588,0.579,0.579,0.2037493758605558,0.579,0.5929164307040471,0.577208450745378,0.5929164307040471,0.577208450745378,0.5929164307040471,0.577208450745378,0.5929164307040471,0.577208450745378,0.5929164307040471,0.577208450745378,0.5929164307040471,0.577208450745378,0.1982825190705299,0.20177387934821056,0.1982825190705299,0.20177387934821056,0.1982825190705299,0.20177387934821056,0.5929164307040471,0.577208450745378,0.5929164307040471,0.577208450745378,0.5929164307040471,0.577208450745378
0.579,0.579,0.1943508879363135,0.579,0.566,0.566,0.1829480889645278,0.566,0.5743430311265295,0.5766774937751408,0.5743430311265295,0.5766774937751408,0.5743430311265295,0.5766774937751408,0.5743430311265295,0.5766774937751408,0.5743430311265295,0.5766774937751408,0.5743430311265295,0.5766774937751408,0.2236671195187338,0.22672455229025745,0.2236671195187338,0.22672455229025745,0.2236671195187338,0.22672455229025745,0.5743430311265295,0.5766774937751408,0.5743430311265295,0.5766774937751408,0.5743430311265295,0.5766774937751408
0.592,0.592,0.2127959250612591,0.592,0.567,0.567,0.1833886541943271,0.567,0.6111655521518718,0.603772955308759,0.6111655521518718,0.603772955308759,0.6111655521518718,0.603772955308759,0.6111655521518718,0.603772955308759,0.6111655521518718,0.603772955308759,0.6111655521518718,0.603772955308759,0.24918142551775627,0.25131391464176234,0.24918142551775627,0.25131391464176234,0.24918142551775627,0.25131391464176234,0.6111655521518718,0.603772955308759,0.6111655521518718,0.603772955308759,0.6111655521518718,0.603772955308759
0.621,0.621,0.2616173502388541,0.621,0.585,0.585,0.2121110866412011,0.585,0.6301299149423737,0.6301529074484117,0.6301299149423737,0.6301529074484117,0.6301299149423737,0.6301529074484117,0.6301299149423737,0.6301529074484117,0.6301299149423737,0.6301529074484117,0.6301299149423737,0.6301529074484117,0.2682499002536141,0.2640579152723415,0.2682499002536141,0.2640579152723415,0.2682499002536141,0.2640579152723415,0.6301299149423737,0.6301529074484117,0.6301299149423737,0.6301529074484117,0.6301299149423737,0.6301529074484117
0.606,0.606,0.2454651305307024,0.606,0.592,0.592,0.2138849497502929,0.592,0.6177911624196133,0.6169359728464682,0.6177911624196133,0.6169359728464682,0.6177911624196133,0.6169359728464682,0.6177911624196133,0.6169359728464682,0.6177911624196133,0.6169359728464682,0.6177911624196133,0.6169359728464682,0.2872532084719759,0.28206367390807596,0.2872532084719759,0.28206367390807596,0.2872532084719759,0.28206367390807596,0.6177911624196133,0.6169359728464682,0.6177911624196133,0.6169359728464682,0.6177911624196133,0.6169359728464682
0.629,0.629,0.2871032950815892,0.629,0.595,0.595,0.216076433515539,0.595,0.6199918839331611,0.6182310811792885,0.6199918839331611,0.6182310811792885,0.6199918839331611,0.6182310811792885,0.6199918839331611,0.6182310811792885,0.6199918839331611,0.6182310811792885,0.6199918839331611,0.6182310811792885,0.2648123397326234,0.2657896040349513,0.2648123397326234,0.2657896040349513,0.2648123397326234,0.2657896040349513,0.6199918839331611,0.6182310811792885,0.6199918839331611,0.6182310811792885,0.6199918839331611,0.6182310811792885
0.615,0.615,0.2699318097347482,0.615,0.592,0.592,0.2063492063492064,0.592,0.6082703113649361,0.6007565744466472,0.6082703113649361,0.6007565744466472,0.6082703113649361,0.6007565744466472,0.6082703113649361,0.6007565744466472,0.6082703113649361,0.6007565744466472,0.6082703113649361,0.6007565744466472,0.23871023957257445,0.24939307918745152,0.23871023957257445,0.24939307918745152,0.23871023957257445,0.24939307918745152,0.6082703113649361,0.6007565744466472,0.6082703113649361,0.6007565744466472,0.6082703113649361,0.6007565744466472
0.631,0.631,0.2915127450905097,0.631,0.588,0.588,0.2007821471802353,0.588,0.5820189773478535,0.5848372013543336,0.5820189773478535,0.5848372013543336,0.5820189773478535,0.5848372013543336,0.5820189773478535,0.5848372013543336,0.5820189773478535,0.5848372013543336,0.5820189773478535,0.5848372013543336,0.23664381898249204,0.23220895054608925,0.23664381898249204,0.23220895054608925,0.23664381898249204,0.23220895054608925,0.5820189773478535,0.5848372013543336,0.5820189773478535,0.5848372013543336,0.5820189773478535,0.5848372013543336
0.635,0.635,0.2943751063270389,0.635,0.579,0.579,0.1943508879363135,0.579,0.5856050423845278,0.5859994834673777,0.5856050423845278,0.5859994834673777,0.5856050423845278,0.5859994834673777,0.5856050423845278,0.5859994834673777,0.5856050423845278,0.5859994834673777,0.5856050423845278,0.5859994834673777,0.22687535409179105,0.22699785476212866,0.22687535409179105,0.22699785476212866,0.22687535409179105,0.22699785476212866,0.5856050423845278,0.5859994834673777,0.5856050423845278,0.5859994834673777,0.5856050423845278,0.5859994834673777
0.627,0.627,0.2752046138181366,0.627,0.592,0.592,0.2127959250612591,0.592,0.593254932913917,0.5788819872296647,0.593254932913917,0.5788819872296647,0.593254932913917,0.5788819872296647,0.593254932913917,0.5788819872296647,0.593254932913917,0.5788819872296647,0.593254932913917,0.5788819872296647,0.2134610697632911,0.2132451210858648,0.2134610697632911,0.2132451210858648,0.2134610697632911,0.2132451210858648,0.593254932913917,0.5788819872296647,0.593254932913917,0.5788819872296647,0.593254932913917,0.5788819872296647
0.619,0.619,0.2651880424300867,0.619,0.621,0.621,0.2616173502388541,0.621,0.5796898342869056,0.5943013016858723,0.5796898342869056,0.5943013016858723,0.5796898342869056,0.5943013016858723,0.5796898342869056,0.5943013016858723,0.5796898342869056,0.5943013016858723,0.5796898342869056,0.5943013016858723,0.22743074209190312,0.24554647641585634,0.22743074209190312,0.24554647641585634,0.22743074209190312,0.24554647641585634,0.5796898342869056,0.5943013016858723,0.5796898342869056,0.5943013016858723,0.5796898342869056,0.5943013016858723
0.57,0.57,0.1805621724630777,0.57,0.606,0.606,0.2454651305307024,0.606,0.5671041887799928,0.5710014542384095,0.5671041887799928,0.5710014542384095,0.5671041887799928,0.5710014542384095,0.5671041887799928,0.5710014542384095,0.5671041887799928,0.5710014542384095,0.5671041887799928,0.5710014542384095,0.20796603613298423,0.21156804879204333,0.20796603613298423,0.21156804879204333,0.20796603613298423,0.21156804879204333,0.5671041887799928,0.5710014542384095,0.5671041887799928,0.5710014542384095,0.5671041887799928,0.5710014542384095
0.59,0.59,0.18,0.59,0.629,0.629,0.2871032950815892,0.629,0.595535738464079,0.6115887956056807,0.595535738464079,0.6115887956056807,0.595535738464079,0.6115887956056807,0.595535738464079,0.6115887956056807,0.595535738464079,0.6115887956056807,0.595535738464079,0.6115887956056807,0.20305204491077702,0.20192798152103777,0.20305204491077702,0.20192798152103777,0.20305204491077702,0.20192798152103777,0.595535738464079,0.6115887956056807,0.595535738464079,0.6115887956056807,0.595535738464079,0.6115887956056807
0.656,0.656,0.1628377852192197,0.656,0.615,0.615,0.2699318097347482,0.615,0.6345455440797536,0.6382083220060321,0.6345455440797536,0.6382083220060321,0.6345455440797536,0.6382083220060321,0.6345455440797536,0.6382083220060321,0.6345455440797536,0.6382083220060321,0.6345455440797536,0.6382083220060321,0.16695637526593315,0.19278953605322227,0.16695637526593315,0.19278953605322227,0.16695637526593315,0.19278953605322227,0.6345455440797536,0.6382083220060321,0.6345455440797536,0.6382083220060321,0.6345455440797536,0.6382083220060321
0.685,0.685,0.0973798225706623,0.685,0.631,0.631,0.2915127450905097,0.631,0.6692640494758516,0.6696760632963609,0.6692640494758516,0.6696760632963609,0.6692640494758516,0.6696760632963609,0.6692640494758516,0.6696760632963609,0.6692640494758516,0.6696760632963609,0.6692640494758516,0.6696760632963609,0.09142696418683245,0.14346999807695546,0.09142696418683245,0.14346999807695546,0.09142696418683245,0.14346999807695546,0.6692640494758516,0.6696760632963609,0.6692640494758516,0.6696760632963609,0.6692640494758516,0.6696760632963609
0.728,0.728,0.0086090639374256,0.728,0.635,0.635,0.2943751063270389,0.635,0.6733255458669408,0.674450472125418,0.6733255458669408,0.674450472125418,0.6733255458669408,0.674450472125418,0.6733255458669408,0.674450472125418,0.6733255458669408,0.674450472125418,0.6733255458669408,0.674450472125418,0.02448922005273982,0.01998707600349151,0.02448922005273982,0.01998707600349151,0.02448922005273982,0.01998707600349151,0.6733255458669408,0.674450472125418,0.6733255458669408,0.674450472125418,0.6733255458669408,0.674450472125418
0.706,0.706,0.0122029889259217,0.706,0.627,0.627,0.2752046138181366,0.627,0.6688929069281208,0.666821261305176,0.6688929069281208,0.666821261305176,0.6688929069281208,0.666821261305176,0.6688929069281208,0.666821261305176,0.6688929069281208,0.666821261305176,0.6688929069281208,0.666821261305176,0.03210634584988112,0.025022087089718908,0.03210634584988112,0.025022087089718908,0.03210634584988112,0.025022087089718908,0.6688929069281208,0.666821261305176,0.6688929069281208,0.666821261305176,0.6688929069281208,0.666821261305176
0.726,0.726,0.003288420685039,0.726,0.619,0.619,0.2651880424300867,0.619,0.6564348678790993,0.6448432339895597,0.6564348678790993,0.6448432339895597,0.6564348678790993,0.6448432339895597,0.6564348678790993,0.6448432339895597,0.6564348678790993,0.6448432339895597,0.6564348678790993,0.6448432339895597,0.035791057112272304,0.03227086359527721,0.035791057112272304,0.03227086359527721,0.035791057112272304,0.03227086359527721,0.6564348678790993,0.6448432339895597,0.6564348678790993,0.6448432339895597,0.6564348678790993,0.6448432339895597
0.722,0.722,0.0175914735421126,0.722,0.57,0.57,0.1805621724630777,0.57,0.641179641121154,0.6351643275339574,0.641179641121154,0.6351643275339574,0.641179641121154,0.6351643275339574,0.641179641121154,0.6351643275339574,0.641179641121154,0.6351643275339574,0.641179641121154,0.6351643275339574,0.032312177748739644,0.03463548040755348,0.032312177748739644,0.03463548040755348,0.032312177748739644,0.03463548040755348,0.641179641121154,0.6351643275339574,0.641179641121154,0.6351643275339574,0.641179641121154,0.6351643275339574
0.68,0.68,0.0162321692080668,0.68,0.59,0.59,0.18,0.59,0.6313473821143193,0.6241594110324388,0.6313473821143193,0.6241594110324388,0.6313473821143193,0.6241594110324388,0.6313473821143193,0.6241594110324388,0.6313473821143193,0.6241594110324388,0.6313473821143193,0.6241594110324388,0.043329636002291574,0.047051583317312975,0.043329636002291574,0.047051583317312975,0.043329636002291574,0.047051583317312975,0.6313473821143193,0.6241594110324388,0.6313473821143193,0.6241594110324388,0.6313473821143193,0.6241594110324388
0.681,0.681,0.0295456204823675,0.681,0.656,0.656,0.1628377852192197,0.656,0.6222770013560953,0.6244139425668677,0.6222770013560953,0.6244139425668677,0.6222770013560953,0.6244139425668677,0.6222770013560953,0.6244139425668677,0.6222770013560953,0.6244139425668677,0.6222770013560953,0.6244139425668677,0.030096813568717695,0.03673427258370775,0.030096813568717695,0.03673427258370775,0.030096813568717695,0.03673427258370775,0.6222770013560953,0.6244139425668677,0.6222770013560953,0.6244139425668677,0.6222770013560953,0.6244139425668677
0.643,0.643,0.0437056006171715,0.643,0.685,0.685,0.0973798225706623,0.685,0.6166322949133201,0.6095051948750247,0.6166322949133201,0.6095051948750247,0.6166322949133201,0.6095051948750247,0.6166322949133201,0.6095051948750247,0.6166322949133201,0.6095051948750247,0.6166322949133201,0.6095051948750247,0.030822191403949487,0.03537724379007014,0.030822191403949487,0.03537724379007014,0.030822191403949487,0.03537724379007014,0.6166322949133201,0.6095051948750247,0.6166322949133201,0.6095051948750247,0.6166322949133201,0.6095051948750247
0.646,0.646,0.0458581077802994,0.646,0.728,0.728,0.0086090639374256,0.728,0.5903870160648079,0.5895965410722482,0.5903870160648079,0.5895965410722482,0.5903870160648079,0.5895965410722482,0.5903870160648079,0.5895965410722482,0.5903870160648079,0.5895965410722482,0.5903870160648079,0.5895965410722482,0.02896051561775879,0.0355335544232493,0.02896051561775879,0.0355335544232493,0.02896051561775879,0.0355335544232493,0.5903870160648079,0.5895965410722482,0.5903870160648079,0.5895965410722482,0.5903870160648079,0.5895965410722482
0.647,0.647,0.0510038389986342,0.647,0.706,0.706,0.0122029889259217,0.706,0.5819593440839826,0.5784155413794435,0.5819593440839826,0.5784155413794435,0.5819593440839826,0.5784155413794435,0.5819593440839826,0.5784155413794435,0.5819593440839826,0.5784155413794435,0.5819593440839826,0.5784155413794435,0.024639192508094883,0.03182450241976314,0.024639192508094883,0.03182450241976314,0.024639192508094883,0.03182450241976314,0.5819593440839826,0.5784155413794435,0.5819593440839826,0.5784155413794435,0.5819593440839826,0.5784155413794435
0.616,0.616,0.0316528475458451,0.616,0.726,0.726,0.003288420685039,0.726,0.57334932276135,0.5718343049207386,0.57334932276135,0.5718343049207386,0.57334932276135,0.5718343049207386,0.57334932276135,0.5718343049207386,0.57334932276135,0.5718343049207386,0.57334932276135,0.5718343049207386,0.06950507843147945,0.06800876307993697,0.06950507843147945,0.06800876307993697,0.06950507843147945,0.06800876307993697,0.57334932276135,0.5718343049207386,0.57334932276135,0.5718343049207386,0.57334932276135,0.5718343049207386
0.609,0.609,0.0916693769455931,0.609,0.722,0.722,0.0175914735421126,0.722,0.582100410966045,0.5639811631802337,0.582100410966045,0.5639811631802337,0.582100410966045,0.5639811631802337,0.582100410966045,0.5639811631802337,0.582100410966045,0.5639811631802337,0.582100410966045,0.5639811631802337,0.11016596469024896,0.10308962101777439,0.11016596469024896,0.10308962101777439,0.11016596469024896,0.10308962101777439,0.582100410966045,0.5639811631802337,0.582100410966045,0.5639811631802337,0.582100410966045,0.5639811631802337
0.576,0.576,0.0652598533516165,0.576,0.68,0.68,0.0162321692080668,0.68,0.5639901756908389,0.5537366902182026,0.5639901756908389,0.5537366902182026,0.5639901756908389,0.5537366902182026,0.5639901756908389,0.5537366902182026,0.5639901756908389,0.5537366902182026,0.5639901756908389,0.5537366902182026,0.10102219401629026,0.08794162802117604,0.10102219401629026,0.08794162802117604,0.10102219401629026,0.08794162802117604,0.5639901756908389,0.5537366902182026,0.5639901756908389,0.5537366902182026,0.5639901756908389,0.5537366902182026
0.575,0.575,0.0959524194440426,0.575,0.681,0.681,0.0295456204823675,0.681,0.5619641204466834,0.5596446455216217,0.5619641204466834,0.5596446455216217,0.5619641204466834,0.5596446455216217,0.5619641204466834,0.5596446455216217,0.5619641204466834,0.5596446455216217,0.5619641204466834,0.5596446455216217,0.13468986405805217,0.15082301894198114,0.13468986405805217,0.15082301894198114,0.13468986405805217,0.15082301894198114,0.5619641204466834,0.5596446455216217,0.5619641204466834,0.5596446455216217,0.5619641204466834,0.5596446455216217
0.577,0.577,0.1176470588235293,0.577,0.643,0.643,0.0437056006171715,0.643,0.5748553334630492,0.5740212980352319,0.5748553334630492,0.5740212980352319,0.5748553334630492,0.5740212980352319,0.5748553334630492,0.5740212980352319,0.5748553334630492,0.5740212980352319,0.5748553334630492,0.5740212980352319,0.1627865396264904,0.15504051045295772,0.1627865396264904,0.15504051045295772,0.1627865396264904,0.15504051045295772,0.5748553334630492,0.5740212980352319,0.5748553334630492,0.5740212980352319,0.5748553334630492,0.5740212980352319
0.613,0.613,0.2030477759472817,0.613,0.646,0.646,0.0458581077802994,0.646,0.5829592310392592,0.5875824695119785,0.5829592310392592,0.5875824695119785,0.5829592310392592,0.5875824695119785,0.5829592310392592,0.5875824695119785,0.5829592310392592,0.5875824695119785,0.5829592310392592,0.5875824695119785,0.20700119629536984,0.20448937325696162,0.20700119629536984,0.20448937325696162,0.20700119629536984,0.20448937325696162,0.5829592310392592,0.5875824695119785,0.5829592310392592,0.5875824695119785,0.5829592310392592,0.5875824695119785
0.625,0.625,0.2281790789192036,0.625,0.647,0.647,0.0510038389986342,0.647,0.6173688563122028,0.6153498527560733,0.6173688563122028,0.6153498527560733,0.6173688563122028,0.6153498527560733,0.6173688563122028,0.6153498527560733,0.6173688563122028,0.6153498527560733,0.6173688563122028,0.6153498527560733,0.21817723929237678,0.22016860667753838,0.21817723929237678,0.22016860667753838,0.21817723929237678,0.22016860667753838,0.6173688563122028,0.6153498527560733,0.6173688563122028,0.6153498527560733,0.6173688563122028,0.6153498527560733
0.637,0.637,0.2502912091997323,0.637,0.616,0.616,0.0316528475458451,0.616,0.5981500154591838,0.5961939313429107,0.5981500154591838,0.5961939313429107,0.5981500154591838,0.5961939313429107,0.5981500154591838,0.5961939313429107,0.5981500154591838,0.5961939313429107,0.5981500154591838,0.5961939313429107,0.22358605035428825,0.21763414781547163,0.22358605035428825,0.21763414781547163,0.22358605035428825,0.21763414781547163,0.5981500154591838,0.5961939313429107,0.5981500154591838,0.5961939313429107,0.5981500154591838,0.5961939313429107
0.628,0.628,0.248594143882102,0.628,0.609,0.609,0.0916693769455931,0.609,0.6029838719228479,0.6086902908038897,0.6029838719228479,0.6086902908038897,0.6029838719228479,0.6086902908038897,0.6029838719228479,0.6086902908038897,0.6029838719228479,0.6086902908038897,0.6029838719228479,0.6086902908038897,0.23065863834360345,0.23683163022788098,0.23065863834360345,0.23683163022788098,0.23065863834360345,0.23683163022788098,0.6029838719228479,0.6086902908038897,0.6029838719228479,0.6086902908038897,0.6029838719228479,0.6086902908038897
0.63,0.63,0.26,0.63,0.576,0.576,0.0652598533516165,0.576,0.6012826625413452,0.6097759648755066,0.6012826625413452,0.6097759648755066,0.6012826625413452,0.6097759648755066,0.6012826625413452,0.6097759648755066,0.6012826625413452,0.6097759648755066,0.6012826625413452,0.6097759648755066,0.23151088419144625,0.22868613228071608,0.23151088419144625,0.22868613228071608,0.23151088419144625,0.22868613228071608,0.6012826625413452,0.6097759648755066,0.6012826625413452,0.6097759648755066,0.6012826625413452,0.6097759648755066
0.627,0.627,0.2528044871794872,0.627,0.575,0.575,0.0959524194440426,0.575,0.5872068736648524,0.6004100628921558,0.5872068736648524,0.6004100628921558,0.5872068736648524,0.6004100628921558,0.5872068736648524,0.6004100628921558,0.5872068736648524,0.6004100628921558,0.5872068736648524,0.6004100628921558,0.18478448073158682,0.18500976649080106,0.18478448073158682,0.18500976649080106,0.18478448073158682,0.18500976649080106,0.5872068736648524,0.6004100628921558,0.5872068736648524,0.6004100628921558,0.5872068736648524,0.6004100628921558
0.619,0.619,0.2303527852744873,0.619,0.577,0.577,0.1176470588235293,0.577,0.5906538348452253,0.5909770059343058,0.5906538348452253,0.5909770059343058,0.5906538348452253,0.5909770059343058,0.5906538348452253,0.5909770059343058,0.5906538348452253,0.5909770059343058,0.5906538348452253,0.5909770059343058,0.1696271848200722,0.1839514957196803,0.1696271848200722,0.1839514957196803,0.1696271848200722,0.1839514957196803,0.5906538348452253,0.5909770059343058,0.5906538348452253,0.5909770059343058,0.5906538348452253,0.5909770059343058
0.613,0.613,0.2176444426474749,0.613,0.613,0.613,0.2030477759472817,0.613,0.5869470745757412,0.5828636310689176,0.5869470745757412,0.5828636310689176,0.5869470745757412,0.5828636310689176,0.5869470745757412,0.5828636310689176,0.5869470745757412,0.5828636310689176,0.5869470745757412,0.5828636310689176,0.1775736733586083,0.19107645473362342,0.1775736733586083,0.19107645473362342,0.1775736733586083,0.19107645473362342,0.5869470745757412,0.5828636310689176,0.5869470745757412,0.5828636310689176,0.5869470745757412,0.5828636310689176
0.62,0.62,0.2353755513344708,0.62,0.625,0.625,0.2281790789192036,0.625,0.6101555064801708,0.6035394477052146,0.6101555064801708,0.6035394477052146,0.6101555064801708,0.6035394477052146,0.6101555064801708,0.6035394477052146,0.6101555064801708,0.6035394477052146,0.6101555064801708,0.6035394477052146,0.2122039799002095,0.22055189746605863,0.2122039799002095,0.22055189746605863,0.2122039799002095,0.22055189746605863,0.6101555064801708,0.6035394477052146,0.6101555064801708,0.6035394477052146,0.6101555064801708,0.6035394477052146
0.61,0.61,0.2170184060903922,0.61,0.637,0.637,0.2502912091997323,0.637,0.6093902122901925,0.6101712243052458,0.6093902122901925,0.6101712243052458,0.6093902122901925,0.6101712243052458,0.6093902122901925,0.6101712243052458,0.6093902122901925,0.6101712243052458,0.6093902122901925,0.6101712243052458,0.2253446307417249,0.2328753456354854,0.2253446307417249,0.2328753456354854,0.2253446307417249,0.2328753456354854,0.6093902122901925,0.6101712243052458,0.6093902122901925,0.6101712243052458,0.6093902122901925,0.6101712243052458
0.616,0.616,0.2319999999999999,0.616,0.628,0.628,0.248594143882102,0.628,0.6077897013242175,0.6047054101818988,0.6077897013242175,0.6047054101818988,0.6077897013242175,0.6047054101818988,0.6077897013242175,0.6047054101818988,0.6077897013242175,0.6047054101818988,0.6077897013242175,0.6047054101818988,0.23782715738155652,0.24000229316200775,0.23782715738155652,0.24000229316200775,0.23782715738155652,0.24000229316200775,0.6077897013242175,0.6047054101818988,0.6077897013242175,0.6047054101818988,0.6077897013242175,0.6047054101818988
0.632,0.632,0.2626994017446776,0.632,0.63,0.63,0.26,0.63,0.607174578606347,0.6140493273538956,0.607174578606347,0.6140493273538956,0.607174578606347,0.6140493273538956,0.607174578606347,0.6140493273538956,0.607174578606347,0.6140493273538956,0.607174578606347,0.6140493273538956,0.21530309833445999,0.22829914749278316,0.21530309833445999,0.22829914749278316,0.21530309833445999,0.22829914749278316,0.607174578606347,0.6140493273538956,0.607174578606347,0.6140493273538956,0.607174578606347,0.6140493273538956
0.648,0.648,0.294439299731005,0.648,0.627,0.627,0.2528044871794872,0.627,0.5881941284162802,0.5908993573505306,0.5881941284162802,0.5908993573505306,0.5881941284162802,0.5908993573505306,0.5881941284162802,0.5908993573505306,0.5881941284162802,0.5908993573505306,0.5881941284162802,0.5908993573505306,0.19438059032820718,0.19902272624890255,0.19438059032820718,0.19902272624890255,0.19438059032820718,0.19902272624890255,0.5881941284162802,0.5908993573505306,0.5881941284162802,0.5908993573505306,0.5881941284162802,0.5908993573505306
0.651,0.651,0.3024966224048477,0.651,0.619,0.619,0.2303527852744873,0.619,0.5772380769605788,0.5807557742993157,0.5772380769605788,0.5807557742993157,0.5772380769605788,0.5807557742993157,0.5772380769605788,0.5807557742993157,0.5772380769605788,0.5807557742993157,0.5772380769605788,0.5807557742993157,0.20415280308002515,0.21054367637659735,0.20415280308002515,0.21054367637659735,0.20415280308002515,0.21054367637659735,0.5772380769605788,0.5807557742993157,0.5772380769605788,0.5807557742993157,0.5772380769605788,0.5807557742993157
0.657,0.657,0.3186332936034962,0.657,0.613,0.613,0.2176444426474749,0.613,0.5839418971208844,0.5922704176257448,0.5839418971208844,0.5922704176257448,0.5839418971208844,0.5922704176257448,0.5839418971208844,0.5922704176257448,0.5839418971208844,0.5922704176257448,0.5839418971208844,0.5922704176257448,0.2089129156334357,0.20975745968327844,0.2089129156334357,0.20975745968327844,0.2089129156334357,0.20975745968327844,0.5839418971208844,0.5922704176257448,0.5839418971208844,0.5922704176257448,0.5839418971208844,0.5922704176257448
0.632,0.632,0.2706429837044201,0.632,0.62,0.62,0.2353755513344708,0.62,0.5896442437445764,0.590277486955393,0.5896442437445764,0.590277486955393,0.5896442437445764,0.590277486955393,0.5896442437445764,0.590277486955393,0.5896442437445764,0.590277486955393,0.5896442437445764,0.590277486955393,0.21290172225925402,0.2251310451789352,0.21290172225925402,0.2251310451789352,0.21290172225925402,0.2251310451789352,0.5896442437445764,0.590277486955393,0.5896442437445764,0.590277486955393,0.5896442437445764,0.590277486955393
0.613,0.613,0.2391594973341092,0.613,0.61,0.61,0.2170184060903922,0.61,0.5867311071274349,0.5876954909689617,0.5867311071274349,0.5876954909689617,0.5867311071274349,0.5876954909689617,0.5867311071274349,0.5876954909689617,0.5867311071274349,0.5876954909689617,0.5867311071274349,0.5876954909689617,0.21849253842070313,0.21866938026922664,0.21849253842070313,0.21866938026922664,0.21849253842070313,0.21866938026922664,0.5867311071274349,0.5876954909689617,0.5867311071274349,0.5876954909689617,0.5867311071274349,0.5876954909689617
0.594,0.594,0.2005356017643352,0.594,0.616,0.616,0.2319999999999999,0.616,0.5953992526302724,0.5902258760309386,0.5953992526302724,0.5902258760309386,0.5953992526302724,0.5902258760309386,0.5953992526302724,0.5902258760309386,0.5953992526302724,0.5902258760309386,0.5953992526302724,0.5902258760309386,0.2245997323673596,0.22026520943381983,0.2245997323673596,0.22026520943381983,0.2245997323673596,0.22026520943381983,0.5953992526302724,0.5902258760309386,0.5953992526302724,0.5902258760309386,0.5953992526302724,0.5902258760309386
0.587,0.587,0.1915530012371392,0.587,0.632,0.632,0.2626994017446776,0.632,0.5789383776582137,0.573936289081795,0.5789383776582137,0.573936289081795,0.5789383776582137,0.573936289081795,0.5789383776582137,0.573936289081795,0.5789383776582137,0.573936289081795,0.5789383776582137,0.573936289081795,0.1882190764677693,0.1873304957410651,0.1882190764677693,0.1873304957410651,0.1882190764677693,0.1873304957410651,0.5789383776582137,0.573936289081795,0.5789383776582137,0.573936289081795,0.5789383776582137,0.573936289081795
0.597,0.597,0.2096489507746616,0.597,0.648,0.648,0.294439299731005,0.648,0.5891989416515592,0.5936869993739332,0.5891989416515592,0.5936869993739332,0.5891989416515592,0.5936869993739332,0.5891989416515592,0.5936869993739332,0.5891989416515592,0.5936869993739332,0.5891989416515592,0.5936869993739332,0.1843413898095901,0.19049288146978824,0.1843413898095901,0.19049288146978824,0.1843413898095901,0.19049288146978824,0.5891989416515592,0.5936869993739332,0.5891989416515592,0.5936869993739332,0.5891989416515592,0.5936869993739332
0.607,0.607,0.2299915357848209,0.607,0.651,0.651,0.3024966224048477,0.651,0.5909881592137729,0.5789426343399897,0.5909881592137729,0.5789426343399897,0.5909881592137729,0.5789426343399897,0.5909881592137729,0.5789426343399897,0.5909881592137729,0.5789426343399897,0.5909881592137729,0.5789426343399897,0.18163358633493193,0.18024912459364198,0.18163358633493193,0.18024912459364198,0.18163358633493193,0.18024912459364198,0.5909881592137729,0.5789426343399897,0.5909881592137729,0.5789426343399897,0.5909881592137729,0.5789426343399897
0.605,0.605,0.2309010335132439,0.605,0.657,0.657,0.3186332936034962,0.657,0.5855983113199767,0.5758051790916416,0.5855983113199767,0.5758051790916416,0.5855983113199767,0.5758051790916416,0.5855983113199767,0.5758051790916416,0.5855983113199767,0.5758051790916416,0.5855983113199767,0.5758051790916416,0.19975181003898684,0.193422200805908,0.19975181003898684,0.193422200805908,0.19975181003898684,0.193422200805908,0.5855983113199767,0.5758051790916416,0.5855983113199767,0.5758051790916416,0.5855983113199767,0.5758051790916416
0.612,0.612,0.244312870052976,0.612,0.632,0.632,0.2706429837044201,0.632,0.5964297615208338,0.5933934578536598,0.5964297615208338,0.5933934578536598,0.5964297615208338,0.5933934578536598,0.5964297615208338,0.5933934578536598,0.5964297615208338,0.5933934578536598,0.5964297615208338,0.5933934578536598,0.2209969782912461,0.21614859679415288,0.2209969782912461,0.21614859679415288,0.2209969782912461,0.21614859679415288,0.5964297615208338,0.5933934578536598,0.5964297615208338,0.5933934578536598,0.5964297615208338,0.5933934578536598
0.628,0.628,0.2700815860420762,0.628,0.613,0.613,0.2391594973341092,0.613,0.604564755452617,0.5983881962454793,0.604564755452617,0.5983881962454793,0.604564755452617,0.5983881962454793,0.604564755452617,0.5983881962454793,0.604564755452617,0.5983881962454793,0.604564755452617,0.5983881962454793,0.23170865213787076,0.22567874690809336,0.23170865213787076,0.22567874690809336,0.23170865213787076,0.22567874690809336,0.604564755452617,0.5983881962454793,0.604564755452617,0.5983881962454793,0.604564755452617,0.5983881962454793
0.641,0.641,0.2871836008545854,0.641,0.594,0.594,0.2005356017643352,0.594,0.5854195021435477,0.5837847137071069,0.5854195021435477,0.5837847137071069,0.5854195021435477,0.5837847137071069,0.5854195021435477,0.5837847137071069,0.5854195021435477,0.5837847137071069,0.5854195021435477,0.5837847137071069,0.20961773379542342,0.2126787378859474,0.20961773379542342,0.2126787378859474,0.20961773379542342,0.2126787378859474,0.5854195021435477,0.5837847137071069,0.5854195021435477,0.5837847137071069,0.5854195021435477,0.5837847137071069
0.626,0.626,0.2565942475501401,0.626,0.587,0.587,0.1915530012371392,0.587,0.5863653979927754,0.5867027727492956,0.5863653979927754,0.5867027727492956,0.5863653979927754,0.5867027727492956,0.5863653979927754,0.5867027727492956,0.5863653979927754,0.5867027727492956,0.5863653979927754,0.5867027727492956,0.19140418302846648,0.2001143448439462,0.19140418302846648,0.2001143448439462,0.19140418302846648,0.2001143448439462,0.5863653979927754,0.5867027727492956,0.5863653979927754,0.5867027727492956,0.5863653979927754,0.5867027727492956
0.609,0.609,0.2266613924050633,0.609,0.597,0.597,0.2096489507746616,0.597,0.5917048758707959,0.5965933151523556,0.5917048758707959,0.5965933151523556,0.5917048758707959,0.5965933151523556,0.5917048758707959,0.5965933151523556,0.5917048758707959,0.5965933151523556,0.5917048758707959,0.5965933151523556,0.19842451142116366,0.22481790315695513,0.19842451142116366,0.22481790315695513,0.19842451142116366,0.22481790315695513,0.5917048758707959,0.5965933151523556,0.5917048758707959,0.5965933151523556,0.5917048758707959,0.5965933151523556
0.626,0.626,0.2689601250977326,0.626,0.607,0.607,0.2299915357848209,0.607,0.6000309380469988,0.607589721193637,0.6000309380469988,0.607589721193637,0.6000309380469988,0.607589721193637,0.6000309380469988,0.607589721193637,0.6000309380469988,0.607589721193637,0.6000309380469988,0.607589721193637,0.22271278238309977,0.2341135297870533,0.22271278238309977,0.2341135297870533,0.22271278238309977,0.2341135297870533,0.6000309380469988,0.607589721193637,0.6000309380469988,0.607589721193637,0.6000309380469988,0.607589721193637
0.622,0.622,0.2626548327318833,0.622,0.605,0.605,0.2309010335132439,0.605,0.6033805271333508,0.6069361686491334,0.6033805271333508,0.6069361686491334,0.6033805271333508,0.6069361686491334,0.6033805271333508,0.6069361686491334,0.6033805271333508,0.6069361686491334,0.6033805271333508,0.6069361686491334,0.2578894077345321,0.2619160408675754,0.2578894077345321,0.2619160408675754,0.2578894077345321,0.2619160408675754,0.6033805271333508,0.6069361686491334,0.6033805271333508,0.6069361686491334,0.6033805271333508,0.6069361686491334
0.607,0.607,0.2361634804512272,0.607,0.612,0.612,0.244312870052976,0.612,0.6181746390013039,0.6162354541868457,0.6181746390013039,0.6162354541868457,0.6181746390013039,0.6162354541868457,0.6181746390013039,0.6162354541868457,0.6181746390013039,0.6162354541868457,0.6181746390013039,0.6162354541868457,0.2614189808058878,0.26301084669544467,0.2614189808058878,0.26301084669544467,0.2614189808058878,0.26301084669544467,0.6181746390013039,0.6162354541868457,0.6181746390013039,0.6162354541868457,0.6181746390013039,0.6162354541868457
0.601,0.601,0.2206605048713601,0.601,0.628,0.628,0.2700815860420762,0.628,0.5965811086414872,0.6148285509538394,0.5965811086414872,0.6148285509538394,0.5965811086414872,0.6148285509538394,0.5965811086414872,0.6148285509538394,0.5965811086414872,0.6148285509538394,0.5965811086414872,0.6148285509538394,0.2537924881823618,0.2527146124321097,0.2537924881823618,0.2527146124321097,0.2537924881823618,0.2527146124321097,0.5965811086414872,0.6148285509538394,0.5965811086414872,0.6148285509538394,0.5965811086414872,0.6148285509538394
0.608,0.608,0.2335576610995318,0.608,0.641,0.641,0.2871836008545854,0.641,0.5902906911869122,0.6087022731578526,0.5902906911869122,0.6087022731578526,0.5902906911869122,0.6087022731578526,0.5902906911869122,0.6087022731578526,0.5902906911869122,0.6087022731578526,0.5902906911869122,0.6087022731578526,0.24244704074320733,0.23365238262336718,0.24244704074320733,0.23365238262336718,0.24244704074320733,0.23365238262336718,0.5902906911869122,0.6087022731578526,0.5902906911869122,0.6087022731578526,0.5902906911869122,0.6087022731578526
0.614,0.614,0.2396905185862182,0.614,0.626,0.626,0.2565942475501401,0.626,0.6041741815326436,0.5928895635689961,0.6041741815326436,0.5928895635689961,0.6041741815326436,0.5928895635689961,0.6041741815326436,0.5928895635689961,0.6041741815326436,0.5928895635689961,0.6041741815326436,0.5928895635689961,0.20109888118840474,0.21091244750371782,0.20109888118840474,0.21091244750371782,0.20109888118840474,0.21091244750371782,0.6041741815326436,0.5928895635689961,0.6041741815326436,0.5928895635689961,0.6041741815326436,0.5928895635689961
0.626,0.626,0.2642429965376142,0.626,0.609,0.609,0.2266613924050633,0.609,0.5935617645002407,0.5835011007307458,0.5935617645002407,0.5835011007307458,0.5935617645002407,0.5835011007307458,0.5935617645002407,0.5835011007307458,0.5935617645002407,0.5835011007307458,0.5935617645002407,0.5835011007307458,0.20927752333652183,0.20461746255897614,0.20927752333652183,0.20461746255897614,0.20927752333652183,0.20461746255897614,0.5935617645002407,0.5835011007307458,0.5935617645002407,0.5835011007307458,0.5935617645002407,0.5835011007307458
0.64,0.64,0.2903747215706372,0.64,0.626,0.626,0.2689601250977326,0.626,0.6047420134719034,0.6134226079598588,0.6047420134719034,0.6134226079598588,0.6047420134719034,0.6134226079598588,0.6047420134719034,0.6134226079598588,0.6047420134719034,0.6134226079598588,0.6047420134719034,0.6134226079598588,0.2713699782039853,0.25409117212269733,0.2713699782039853,0.25409117212269733,0.2713699782039853,0.25409117212269733,0.6047420134719034,0.6134226079598588,0.6047420134719034,0.6134226079598588,0.6047420134719034,0.6134226079598588
0.655,0.655,0.320229191131848,0.655,0.622,0.622,0.2626548327318833,0.622,0.6236485638640079,0.6107959544393069,0.6236485638640079,0.6107959544393069,0.6236485638640079,0.6107959544393069,0.6236485638640079,0.6107959544393069,0.6236485638640079,0.6107959544393069,0.6236485638640079,0.6107959544393069,0.26673266051705213,0.25175898948640524,0.26673266051705213,0.25175898948640524,0.26673266051705213,0.25175898948640524,0.6236485638640079,0.6107959544393069,0.6236485638640079,0.6107959544393069,0.6236485638640079,0.6107959544393069
0.655,0.655,0.3184727468116377,0.655,0.607,0.607,0.2361634804512272,0.607,0.6303403097400212,0.6299414511804794,0.6303403097400212,0.6299414511804794,0.6303403097400212,0.6299414511804794,0.6303403097400212,0.6299414511804794,0.6303403097400212,0.6299414511804794,0.6303403097400212,0.6299414511804794,0.2716132104046663,0.20091511676913448,0.2716132104046663,0.20091511676913448,0.2716132104046663,0.20091511676913448,0.6303403097400212,0.6299414511804794,0.6303403097400212,0.6299414511804794,0.6303403097400212,0.6299414511804794
0.633,0.633,0.2858755127297069,0.633,0.601,0.601,0.2206605048713601,0.601,0.6397873702631617,0.6229309925557819,0.6397873702631617,0.6229309925557819,0.6397873702631617,0.6229309925557819,0.6397873702631617,0.6229309925557819,0.6397873702631617,0.6229309925557819,0.6397873702631617,0.6229309925557819,0.2706839451042205,0.21578153020905766,0.2706839451042205,0.21578153020905766,0.2706839451042205,0.21578153020905766,0.6397873702631617,0.6229309925557819,0.6397873702631617,0.6229309925557819,0.6397873702631617,0.6229309925557819
0.643,0.643,0.3057230204354692,0.643,0.608,0.608,0.2335576610995318,0.608,0.6378672281201948,0.6386487893664511,0.6378672281201948,0.6386487893664511,0.6378672281201948,0.6386487893664511,0.6378672281201948,0.6386487893664511,0.6378672281201948,0.6386487893664511,0.6378672281201948,0.6386487893664511,0.27506067688750657,0.26476573321701774,0.27506067688750657,0.26476573321701774,0.27506067688750657,0.26476573321701774,0.6378672281201948,0.6386487893664511,0.6378672281201948,0.6386487893664511,0.6378672281201948,0.6386487893664511
0.645,0.645,0.3090374015135,0.645,0.614,0.614,0.2396905185862182,0.614,0.636892859653461,0.643897740275489,0.636892859653461,0.643897740275489,0.636892859653461,0.643897740275489,0.636892859653461,0.643897740275489,0.636892859653461,0.643897740275489,0.636892859653461,0.643897740275489,0.2701940665272769,0.2920564700958833,0.2701940665272769,0.2920564700958833,0.2701940665272769,0.2920564700958833,0.636892859653461,0.643897740275489,0.636892859653461,0.643897740275489,0.636892859653461,0.643897740275489
0.649,0.649,0.3126811310409649,0.649,0.626,0.626,0.2642429965376142,0.626,0.6475053353670792,0.6368190907659049,0.6475053353670792,0.6368190907659049,0.6475053353670792,0.6368190907659049,0.6475053353670792,0.6368190907659049,0.6475053353670792,0.6368190907659049,0.6475053353670792,0.6368190907659049,0.2906231081586872,0.2925232275928148,0.2906231081586872,0.2925232275928148,0.2906231081586872,0.2925232275928148,0.6475053353670792,0.6368190907659049,0.6475053353670792,0.6368190907659049,0.6475053353670792,0.6368190907659049
0.65,0.65,0.3140482910003136,0.65,0.64,0.64,0.2903747215706372,0.64,0.6384261739620166,0.636379913586191,0.6384261739620166,0.636379913586191,0.6384261739620166,0.636379913586191,0.6384261739620166,0.636379913586191,0.6384261739620166,0.636379913586191,0.6384261739620166,0.636379913586191,0.3068209076353704,0.2982308433458815,0.3068209076353704,0.2982308433458815,0.3068209076353704,0.2982308433458815,0.6384261739620166,0.636379913586191,0.6384261739620166,0.636379913586191,0.6384261739620166,0.636379913586191
0.654,0.654,0.3194950889573328,0.654,0.655,0.655,0.320229191131848,0.655,0.6365896227132019,0.6383953404097749,0.6365896227132019,0.6383953404097749,0.6365896227132019,0.6383953404097749,0.6365896227132019,0.6383953404097749,0.6365896227132019,0.6383953404097749,0.6365896227132019,0.6383953404097749,0.29791643195792716,0.27664648661659746,0.29791643195792716,0.27664648661659746,0.29791643195792716,0.27664648661659746,0.6365896227132019,0.6383953404097749,0.6365896227132019,0.6383953404097749,0.6365896227132019,0.6383953404097749
0.638,0.638,0.2962018228761626,0.638,0.655,0.655,0.3184727468116377,0.655,0.627247473180521,0.6245479020468189,0.627247473180521,0.6245479020468189,0.627247473180521,0.6245479020468189,0.627247473180521,0.6245479020468189,0.627247473180521,0.6245479020468189,0.627247473180521,0.6245479020468189,0.2893597524956805,0.29327478625855835,0.2893597524956805,0.29327478625855835,0.2893597524956805,0.29327478625855835,0.627247473180521,0.6245479020468189,0.627247473180521,0.6245479020468189,0.627247473180521,0.6245479020468189
0.612,0.612,0.2301098482443329,0.612,0.633,0.633,0.2858755127297069,0.633,0.6099766870210466,0.6015934651050792,0.6099766870210466,0.6015934651050792,0.6099766870210466,0.6015934651050792,0.6099766870210466,0.6015934651050792,0.6099766870210466,0.6015934651050792,0.6099766870210466,0.6015934651050792,0.20681119367053707,0.24760462042602568,0.20681119367053707,0.24760462042602568,0.20681119367053707,0.24760462042602568,0.6099766870210466,0.6015934651050792,0.6099766870210466,0.6015934651050792,0.6099766870210466,0.6015934651050792
0.639,0.639,0.2171235253296322,0.639,0.643,0.643,0.3057230204354692,0.643,0.6195662561377262,0.602231865076513,0.6195662561377262,0.602231865076513,0.6195662561377262,0.602231865076513,0.6195662561377262,0.602231865076513,0.6195662561377262,0.602231865076513,0.6195662561377262,0.602231865076513,0.17878515355396946,0.19166548249237608,0.17878515355396946,0.19166548249237608,0.17878515355396946,0.19166548249237608,0.6195662561377262,0.602231865076513,0.6195662561377262,0.602231865076513,0.6195662561377262,0.602231865076513
0.691,0.691,0.145965307949985,0.691,0.645,0.645,0.3090374015135,0.645,0.6583595101784212,0.6685377064779034,0.6583595101784212,0.6685377064779034,0.6583595101784212,0.6685377064779034,0.6583595101784212,0.6685377064779034,0.6583595101784212,0.6685377064779034,0.6583595101784212,0.6685377064779034,0.12525407603683059,0.1389721538441853,0.12525407603683059,0.1389721538441853,0.12525407603683059,0.1389721538441853,0.6583595101784212,0.6685377064779034,0.6583595101784212,0.6685377064779034,0.6583595101784212,0.6685377064779034
0.765,0.765,0.1049392120418051,0.765,0.649,0.649,0.3126811310409649,0.649,0.6857003328687279,0.6763756655518994,0.6857003328687279,0.6763756655518994,0.6857003328687279,0.6763756655518994,0.6857003328687279,0.6763756655518994,0.6857003328687279,0.6763756655518994,0.6857003328687279,0.6763756655518994,0.09056243763253775,0.09597404163134224,0.09056243763253775,0.09597404163134224,0.09056243763253775,0.09597404163134224,0.6857003328687279,0.6763756655518994,0.6857003328687279,0.6763756655518994,0.6857003328687279,0.6763756655518994
0.799,0.799,0.0,0.799,0.65,0.65,0.3140482910003136,0.65,0.6817051450098859,0.6930612760629851,0.6817051450098859,0.6930612760629851,0.6817051450098859,0.6930612760629851,0.6817051450098859,0.6930612760629851,0.6817051450098859,0.6930612760629851,0.6817051450098859,0.6930612760629851,0.035360945071646194,0.037070618092851414,0.035360945071646194,0.037070618092851414,0.035360945071646194,0.037070618092851414,0.6817051450098859,0.6930612760629851,0.6817051450098859,0.6930612760629851,0.6817051450098859,0.6930612760629851
0.781,0.781,-0.0059530371513614,0.781,0.654,0.654,0.3194950889573328,0.654,0.7057278599942178,0.6908323421619071,0.7057278599942178,0.6908323421619071,0.7057278599942178,0.6908323421619071,0.7057278599942178,0.6908323421619071,0.7057278599942178,0.6908323421619071,0.7057278599942178,0.6908323421619071,0.029223144309450416,0.05682083763537444,0.029223144309450416,0.05682083763537444,0.029223144309450416,0.05682083763537444,0.7057278599942178,0.6908323421619071,0.7057278599942178,0.6908323421619071,0.7057278599942178,0.6908323421619071
0.768,0.768,0.0089620586250203,0.768,0.638,0.638,0.2962018228761626,0.638,0.70052987561947,0.6975943316449909,0.70052987561947,0.6975943316449909,0.70052987561947,0.6975943316449909,0.70052987561947,0.6975943316449909,0.70052987561947,0.6975943316449909,0.70052987561947,0.6975943316449909,0.04095582931678342,0.04529000543381013,0.04095582931678342,0.04529000543381013,0.04095582931678342,0.04529000543381013,0.70052987561947,0.6975943316449909,0.70052987561947,0.6975943316449909,0.70052987561947,0.6975943316449909
0.753,0.753,0.0139090720365372,0.753,0.612,0.612,0.2301098482443329,0.612,0.6955306827450877,0.6814958764470787,0.6955306827450877,0.6814958764470787,0.6955306827450877,0.6814958764470787,0.6955306827450877,0.6814958764470787,0.6955306827450877,0.6814958764470787,0.6955306827450877,0.6814958764470787,0.03072572807323168,0.04972310939390795,0.03072572807323168,0.04972310939390795,0.03072572807323168,0.04972310939390795,0.6955306827450877,0.6814958764470787,0.6955306827450877,0.6814958764470787,0.6955306827450877,0.6814958764470787
0.752,0.752,0.0265653457263077,0.752,0.639,0.639,0.2171235253296322,0.639,0.6787662600436168,0.680065929195024,0.6787662600436168,0.680065929195024,0.6787662600436168,0.680065929195024,0.6787662600436168,0.680065929195024,0.6787662600436168,0.680065929195024,0.6787662600436168,0.680065929195024,0.03957568547218811,0.046454361739258834,0.03957568547218811,0.046454361739258834,0.03957568547218811,0.046454361739258834,0.6787662600436168,0.680065929195024,0.6787662600436168,0.680065929195024,0.6787662600436168,0.680065929195024
0.723,0.723,0.012970353477765,0.723,0.691,0.691,0.145965307949985,0.691,0.6605834998112124,0.673689877942671,0.6605834998112124,0.673689877942671,0.6605834998112124,0.673689877942671,0.6605834998112124,0.673689877942671,0.6605834998112124,0.673689877942671,0.6605834998112124,0.673689877942671,0.046075631436413425,0.030849519402444594,0.046075631436413425,0.030849519402444594,0.046075631436413425,0.030849519402444594,0.6605834998112124,0.673689877942671,0.6605834998112124,0.673689877942671,0.6605834998112124,0.673689877942671
0.705,0.705,0.0219481466746237,0.705,0.765,0.765,0.1049392120418051,0.765,0.6639782568700604,0.6607267944603281,0.6639782568700604,0.6607267944603281,0.6639782568700604,0.6607267944603281,0.6639782568700604,0.6607267944603281,0.6639782568700604,0.6607267944603281,0.6639782568700604,0.6607267944603281,0.036686291537833295,0.03798147436314188,0.036686291537833295,0.03798147436314188,0.036686291537833295,0.03798147436314188,0.6639782568700604,0.6607267944603281,0.6639782568700604,0.6607267944603281,0.6639782568700604,0.6607267944603281
0.693,0.693,0.0082698023000385,0.693,0.799,0.799,0.0,0.799,0.637643931155184,0.6267632944919651,0.637643931155184,0.6267632944919651,0.637643931155184,0.6267632944919651,0.637643931155184,0.6267632944919651,0.637643931155184,0.6267632944919651,0.637643931155184,0.6267632944919651,0.0407753024386616,0.033567718758616395,0.0407753024386616,0.033567718758616395,0.0407753024386616,0.033567718758616395,0.637643931155184,0.6267632944919651,0.637643931155184,0.6267632944919651,0.637643931155184,0.6267632944919651
0.675,0.675,0.0577197397566887,0.675,0.781,0.781,-0.0059530371513614,0.781,0.6102510880747878,0.6084265441127596,0.6102510880747878,0.6084265441127596,0.6102510880747878,0.6084265441127596,0.6102510880747878,0.6084265441127596,0.6102510880747878,0.6084265441127596,0.6102510880747878,0.6084265441127596,0.05800027982836471,0.08517792179796693,0.05800027982836471,0.08517792179796693,0.05800027982836471,0.08517792179796693,0.6102510880747878,0.6084265441127596,0.6102510880747878,0.6084265441127596,0.6102510880747878,0.6084265441127596
0.639,0.639,0.0856222328041255,0.639,0.768,0.768,0.0089620586250203,0.768,0.6098475611039287,0.6161918171746921,0.6098475611039287,0.6161918171746921,0.6098475611039287,0.6161918171746921,0.6098475611039287,0.6161918171746921,0.6098475611039287,0.6161918171746921,0.6098475611039287,0.6161918171746921,0.07719663668591589,0.08448707841008302,0.07719663668591589,0.08448707841008302,0.07719663668591589,0.08448707841008302,0.6098475611039287,0.6161918171746921,0.6098475611039287,0.6161918171746921,0.6098475611039287,0.6161918171746921
0.608,0.608,0.1154556080565747,0.608,0.753,0.753,0.0139090720365372,0.753,0.5853881411656248,0.5906958812714249,0.5853881411656248,0.5906958812714249,0.5853881411656248,0.5906958812714249,0.5853881411656248,0.5906958812714249,0.5853881411656248,0.5906958812714249,0.5853881411656248,0.5906958812714249,0.11956904098076475,0.08478166097556863,0.11956904098076475,0.08478166097556863,0.11956904098076475,0.08478166097556863,0.5853881411656248,0.5906958812714249,0.5853881411656248,0.5906958812714249,0.5853881411656248,0.5906958812714249
0.578,0.578,0.1007232571718386,0.578,0.752,0.752,0.0265653457263077,0.752,0.5792473861093252,0.5854137664588064,0.5792473861093252,0.5854137664588064,0.5792473861093252,0.5854137664588064,0.5792473861093252,0.5854137664588064,0.5792473861093252,0.5854137664588064,0.5792473861093252,0.5854137664588064,0.09750974566389535,0.12768929802765977,0.09750974566389535,0.12768929802765977,0.09750974566389535,0.12768929802765977,0.5792473861093252,0.5854137664588064,0.5792473861093252,0.5854137664588064,0.5792473861093252,0.5854137664588064
0.567,0.567,0.1019131531352148,0.567,0.723,0.723,0.012970353477765,0.723,0.5991254814986812,0.614265233126401,0.5991254814986812,0.614265233126401,0.5991254814986812,0.614265233126401,0.5991254814986812,0.614265233126401,0.5991254814986812,0.614265233126401,0.5991254814986812,0.614265233126401,0.20059756173043444,0.14548674310153037,0.20059756173043444,0.14548674310153037,0.20059756173043444,0.14548674310153037,0.5991254814986812,0.614265233126401,0.5991254814986812,0.614265233126401,0.5991254814986812,0.614265233126401
0.603,0.603,0.1816660207943404,0.603,0.705,0.705,0.0219481466746237,0.705,0.6324602980631819,0.621939654164404,0.6324602980631819,0.621939654164404,0.6324602980631819,0.621939654164404,0.6324602980631819,0.621939654164404,0.6324602980631819,0.621939654164404,0.6324602980631819,0.621939654164404,0.25320027162141484,0.1960239773880154,0.25320027162141484,0.1960239773880154,0.25320027162141484,0.1960239773880154,0.6324602980631819,0.621939654164404,0.6324602980631819,0.621939654164404,0.6324602980631819,0.621939654164404
0.58,0.58,0.1313519885834833,0.58,0.693,0.693,0.0082698023000385,0.693,0.6275038847671824,0.6264128341467755,0.6275038847671824,0.6264128341467755,0.6275038847671824,0.6264128341467755,0.6275038847671824,0.6264128341467755,0.6275038847671824,0.6264128341467755,0.6275038847671824,0.6264128341467755,0.27430514414875723,0.2850805477961421,0.27430514414875723,0.2850805477961421,0.27430514414875723,0.2850805477961421,0.6275038847671824,0.6264128341467755,0.6275038847671824,0.6264128341467755,0.6275038847671824,0.6264128341467755
0.602,0.602,0.1641078846888927,0.602,0.675,0.675,0.0577197397566887,0.675,0.6206036451459706,0.6234249317661927,0.6206036451459706,0.6234249317661927,0.6206036451459706,0.6234249317661927,0.6206036451459706,0.6234249317661927,0.6206036451459706,0.6234249317661927,0.6206036451459706,0.6234249317661927,0.1835848483272021,0.25960887661951315,0.1835848483272021,0.25960887661951315,0.1835848483272021,0.25960887661951315,0.6206036451459706,0.6234249317661927,0.6206036451459706,0.6234249317661927,0.6206036451459706,0.6234249317661927
0.569,0.569,0.1122846620914654,0.569,0.639,0.639,0.0856222328041255,0.639,0.6222163312173014,0.6219967037970607,0.6222163312173014,0.6219967037970607,0.6222163312173014,0.6219967037970607,0.6222163312173014,0.6219967037970607,0.6222163312173014,0.6219967037970607,0.6222163312173014,0.6219967037970607,0.22753525288471035,0.23144653054731865,0.22753525288471035,0.23144653054731865,0.22753525288471035,0.23144653054731865,0.6222163312173014,0.6219967037970607,0.6222163312173014,0.6219967037970607,0.6222163312173014,0.6219967037970607
0.577,0.577,0.1206698707821256,0.577,0.608,0.608,0.1154556080565747,0.608,0.5804637460537717,0.5980271995774666,0.5804637460537717,0.5980271995774666,0.5804637460537717,0.5980271995774666,0.5804637460537717,0.5980271995774666,0.5804637460537717,0.5980271995774666,0.5804637460537717,0.5980271995774666,0.21764010953283072,0.22866055957750941,0.21764010953283072,0.22866055957750941,0.21764010953283072,0.22866055957750941,0.5804637460537717,0.5980271995774666,0.5804637460537717,0.5980271995774666,0.5804637460537717,0.5980271995774666
0.571,0.571,0.1147191864496318,0.571,0.578,0.578,0.1007232571718386,0.578,0.5882081642429661,0.6136539064069134,0.5882081642429661,0.6136539064069134,0.5882081642429661,0.6136539064069134,0.5882081642429661,0.6136539064069134,0.5882081642429661,0.6136539064069134,0.5882081642429661,0.6136539064069134,0.2242986160012863,0.20119279942738122,0.2242986160012863,0.20119279942738122,0.2242986160012863,0.20119279942738122,0.5882081642429661,0.6136539064069134,0.5882081642429661,0.6136539064069134,0.5882081642429661,0.6136539064069134
0.57,0.57,0.106426662565927,0.57,0.567,0.567,0.1019131531352148,0.567,0.5981753102059713,0.6169308014498099,0.5981753102059713,0.6169308014498099,0.5981753102059713,0.6169308014498099,0.5981753102059713,0.6169308014498099,0.5981753102059713,0.6169308014498099,0.5981753102059713,0.6169308014498099,0.21471967614501788,0.2382365998440123,0.21471967614501788,0.2382365998440123,0.21471967614501788,0.2382365998440123,0.5981753102059713,0.6169308014498099,0.5981753102059713,0.6169308014498099,0.5981753102059713,0.6169308014498099
0.582,0.582,0.1376322434765385,0.582,0.603,0.603,0.1816660207943404,0.603,0.6028692729644888,0.6211101984467369,0.6028692729644888,0.6211101984467369,0.6028692729644888,0.6211101984467369,0.6028692729644888,0.6211101984467369,0.6028692729644888,0.6211101984467369,0.6028692729644888,0.6211101984467369,0.25618715271884035,0.25875105331799503,0.25618715271884035,0.25875105331799503,0.25618715271884035,0.25875105331799503,0.6028692729644888,0.6211101984467369,0.6028692729644888,0.6211101984467369,0.6028692729644888,0.6211101984467369
0.566,0.566,0.1126522700971993,0.566,0.58,0.58,0.1313519885834833,0.58,0.6050529806814156,0.645643937876967,0.6050529806814156,0.645643937876967,0.6050529806814156,0.645643937876967,0.6050529806814156,0.645643937876967,0.6050529806814156,0.645643937876967,0.6050529806814156,0.645643937876967,0.2213270625523012,0.2581247731970453,0.2213270625523012,0.2581247731970453,0.2213270625523012,0.2581247731970453,0.6050529806814156,0.645643937876967,0.6050529806814156,0.645643937876967,0.6050529806814156,0.645643937876967
0.577,0.577,0.1314881734559789,0.577,0.602,0.602,0.1641078846888927,0.602,0.6086025851006289,0.6254084296971703,0.6086025851006289,0.6254084296971703,0.6086025851006289,0.6254084296971703,0.6086025851006289,0.6254084296971703,0.6086025851006289,0.6254084296971703,0.6086025851006289,0.6254084296971703,0.19787167005962883,0.24631235800270046,0.19787167005962883,0.24631235800270046,0.19787167005962883,0.24631235800270046,0.6086025851006289,0.6254084296971703,0.6086025851006289,0.6254084296971703,0.6086025851006289,0.6254084296971703
0.581,0.581,0.1447024626036971,0.581,0.569,0.569,0.1122846620914654,0.569,0.6207746288783457,0.6374508709502622,0.6207746288783457,0.6374508709502622,0.6207746288783457,0.6374508709502622,0.6207746288783457,0.6374508709502622,0.6207746288783457,0.6374508709502622,0.6207746288783457,0.6374508709502622,0.24807087560496763,0.2475275646337435,0.24807087560496763,0.2475275646337435,0.24807087560496763,0.2475275646337435,0.6207746288783457,0.6374508709502622,0.6207746288783457,0.6374508709502622,0.6207746288783457,0.6374508709502622
0.58,0.58,0.1432173412810125,0.58,0.577,0.577,0.1206698707821256,0.577,0.6154001029295538,0.6385425741443405,0.6154001029295538,0.6385425741443405,0.6154001029295538,0.6385425741443405,0.6154001029295538,0.6385425741443405,0.6154001029295538,0.6385425741443405,0.6154001029295538,0.6385425741443405,0.2550897547121061,0.25223443439401316,0.2550897547121061,0.25223443439401316,0.2550897547121061,0.25223443439401316,0.6154001029295538,0.6385425741443405,0.6154001029295538,0.6385425741443405,0.6154001029295538,0.6385425741443405
0.585,0.585,0.1549100742864589,0.585,0.571,0.571,0.1147191864496318,0.571,0.6206657151469178,0.6292495664430003,0.6206657151469178,0.6292495664430003,0.6206657151469178,0.6292495664430003,0.6206657151469178,0.6292495664430003,0.6206657151469178,0.6292495664430003,0.6206657151469178,0.6292495664430003,0.23900574610615544,0.2451618066371784,0.23900574610615544,0.2451618066371784,0.23900574610615544,0.2451618066371784,0.6206657151469178,0.6292495664430003,0.6206657151469178,0.6292495664430003,0.6206657151469178,0.6292495664430003
0.596,0.596,0.1730699165291861,0.596,0.57,0.57,0.106426662565927,0.57,0.6367099559750458,0.6291778629728998,0.6367099559750458,0.6291778629728998,0.6367099559750458,0.6291778629728998,0.6367099559750458,0.6291778629728998,0.6367099559750458,0.6291778629728998,0.6367099559750458,0.6291778629728998,0.2613371577720887,0.2652306452638938,0.2613371577720887,0.2652306452638938,0.2613371577720887,0.2652306452638938,0.6367099559750458,0.6291778629728998,0.6367099559750458,0.6291778629728998,0.6367099559750458,0.6291778629728998
0.588,0.588,0.1556269674711438,0.588,0.582,0.582,0.1376322434765385,0.582,0.6314483512845689,0.6268976870340607,0.6314483512845689,0.6268976870340607,0.6314483512845689,0.6268976870340607,0.6314483512845689,0.6268976870340607,0.6314483512845689,0.6268976870340607,0.6314483512845689,0.6268976870340607,0.25994950847644094,0.2598305597451349,0.25994950847644094,0.2598305597451349,0.25994950847644094,0.2598305597451349,0.6314483512845689,0.6268976870340607,0.6314483512845689,0.6268976870340607,0.6314483512845689,0.6268976870340607
0.583,0.583,0.1508373517528998,0.583,0.566,0.566,0.1126522700971993,0.566,0.6133953808095024,0.6153572621275856,0.6133953808095024,0.6153572621275856,0.6133953808095024,0.6153572621275856,0.6133953808095024,0.6153572621275856,0.6133953808095024,0.6153572621275856,0.6133953808095024,0.6153572621275856,0.2690729133332274,0.25635147402971564,0.2690729133332274,0.25635147402971564,0.2690729133332274,0.25635147402971564,0.6133953808095024,0.6153572621275856,0.6133953808095024,0.6153572621275856,0.6133953808095024,0.6153572621275856
0.599,0.599,0.1855619013575322,0.599,0.577,0.577,0.1314881734559789,0.577,0.6051368186952033,0.5928172642364564,0.6051368186952033,0.5928172642364564,0.6051368186952033,0.5928172642364564,0.6051368186952033,0.5928172642364564,0.6051368186952033,0.5928172642364564,0.6051368186952033,0.5928172642364564,0.24413997817115435,0.2505167931899795,0.24413997817115435,0.2505167931899795,0.24413997817115435,0.2505167931899795,0.6051368186952033,0.5928172642364564,0.6051368186952033,0.5928172642364564,0.6051368186952033,0.5928172642364564
0.615,0.615,0.2205404792562539,0.615,0.581,0.581,0.1447024626036971,0.581,0.6033331289723591,0.5903813684740595,0.6033331289723591,0.5903813684740595,0.6033331289723591,0.5903813684740595,0.6033331289723591,0.5903813684740595,0.6033331289723591,0.5903813684740595,0.6033331289723591,0.5903813684740595,0.20262634956790349,0.20818312965269897,0.20262634956790349,0.20818312965269897,0.20262634956790349,0.20818312965269897,0.6033331289723591,0.5903813684740595,0.6033331289723591,0.5903813684740595,0.6033331289723591,0.5903813684740595
0.614,0.614,0.2178127938268003,0.614,0.58,0.58,0.1432173412810125,0.58,0.5882115941117517,0.5850463540940364,0.5882115941117517,0.5850463540940364,0.5882115941117517,0.5850463540940364,0.5882115941117517,0.5850463540940364,0.5882115941117517,0.5850463540940364,0.5882115941117517,0.5850463540940364,0.22615368611626022,0.19156944712226753,0.22615368611626022,0.19156944712226753,0.22615368611626022,0.19156944712226753,0.5882115941117517,0.5850463540940364,0.5882115941117517,0.5850463540940364,0.5882115941117517,0.5850463540940364
0.599,0.599,0.1809372855322069,0.599,0.585,0.585,0.1549100742864589,0.585,0.5937274448480306,0.5944115110255791,0.5937274448480306,0.5944115110255791,0.5937274448480306,0.5944115110255791,0.5937274448480306,0.5944115110255791,0.5937274448480306,0.5944115110255791,0.5937274448480306,0.5944115110255791,0.22984224738678188,0.20679776835258823,0.22984224738678188,0.20679776835258823,0.22984224738678188,0.20679776835258823,0.5937274448480306,0.5944115110255791,0.5937274448480306,0.5944115110255791,0.5937274448480306,0.5944115110255791
0.609,0.609,0.2078477771114604,0.609,0.596,0.596,0.1730699165291861,0.596,0.5985162392171832,0.6017128589101887,0.5985162392171832,0.6017128589101887,0.5985162392171832,0.6017128589101887,0.5985162392171832,0.6017128589101887,0.5985162392171832,0.6017128589101887,0.5985162392171832,0.6017128589101887,0.27376879730564047,0.26193878213679284,0.27376879730564047,0.26193878213679284,0.27376879730564047,0.26193878213679284,0.5985162392171832,0.6017128589101887,0.5985162392171832,0.6017128589101887,0.5985162392171832,0.6017128589101887
0.604,0.604,0.1965361781904209,0.604,0.588,0.588,0.1556269674711438,0.588,0.6072697944064013,0.6087197767341855,0.6072697944064013,0.6087197767341855,0.6072697944064013,0.6087197767341855,0.6072697944064013,0.6087197767341855,0.6072697944064013,0.6087197767341855,0.6072697944064013,0.6087197767341855,0.2781438647468018,0.2590318262104348,0.2781438647468018,0.2590318262104348,0.2781438647468018,0.2590318262104348,0.6072697944064013,0.6087197767341855,0.6072697944064013,0.6087197767341855,0.6072697944064013,0.6087197767341855
0.601,0.601,0.1875381795968235,0.601,0.583,0.583,0.1508373517528998,0.583,0.6090755493990364,0.6007825900723547,0.6090755493990364,0.6007825900723547,0.6090755493990364,0.6007825900723547,0.6090755493990364,0.6007825900723547,0.6090755493990364,0.6007825900723547,0.6090755493990364,0.6007825900723547,0.2546955300639726,0.2659593171205996,0.2546955300639726,0.2659593171205996,0.2546955300639726,0.2659593171205996,0.6090755493990364,0.6007825900723547,0.6090755493990364,0.6007825900723547,0.6090755493990364,0.6007825900723547
0.606,0.606,0.1962759425398497,0.606,0.599,0.599,0.1855619013575322,0.599,0.6111062139855951,0.6101255645040314,0.6111062139855951,0.6101255645040314,0.6111062139855951,0.6101255645040314,0.6111062139855951,0.6101255645040314,0.6111062139855951,0.6101255645040314,0.6111062139855951,0.6101255645040314,0.30120944941561106,0.2885141818214362,0.30120944941561106,0.2885141818214362,0.30120944941561106,0.2885141818214362,0.6111062139855951,0.6101255645040314,0.6111062139855951,0.6101255645040314,0.6111062139855951,0.6101255645040314
0.606,0.606,0.2023484158315619,0.606,0.615,0.615,0.2205404792562539,0.615,0.638550549579621,0.5983232884141648,0.638550549579621,0.5983232884141648,0.638550549579621,0.5983232884141648,0.638550549579621,0.5983232884141648,0.638550549579621,0.5983232884141648,0.638550549579621,0.5983232884141648,0.2836264469891768,0.28316782606273094,0.2836264469891768,0.28316782606273094,0.2836264469891768,0.28316782606273094,0.638550549579621,0.5983232884141648,0.638550549579621,0.5983232884141648,0.638550549579621,0.5983232884141648
0.62,0.62,0.2351262243012475,0.62,0.614,0.614,0.2178127938268003,0.614,0.6241023204125614,0.5952983356194474,0.6241023204125614,0.5952983356194474,0.6241023204125614,0.5952983356194474,0.6241023204125614,0.5952983356194474,0.6241023204125614,0.5952983356194474,0.6241023204125614,0.5952983356194474,0.22143258419655334,0.2736760886871192,0.22143258419655334,0.2736760886871192,0.22143258419655334,0.2736760886871192,0.6241023204125614,0.5952983356194474,0.6241023204125614,0.5952983356194474,0.6241023204125614,0.5952983356194474
0.628,0.628,0.2558124647411147,0.628,0.599,0.599,0.1809372855322069,0.599,0.6332337969039882,0.6176741374739161,0.6332337969039882,0.6176741374739161,0.6332337969039882,0.6176741374739161,0.6332337969039882,0.6176741374739161,0.6332337969039882,0.6176741374739161,0.6332337969039882,0.6176741374739161,0.2074343324827184,0.2556080482061009,0.2074343324827184,0.2556080482061009,0.2074343324827184,0.2556080482061009,0.6332337969039882,0.6176741374739161,0.6332337969039882,0.6176741374739161,0.6332337969039882,0.6176741374739161
0.611,0.611,0.2190950335247119,0.611,0.609,0.609,0.2078477771114604,0.609,0.6394711856021568,0.6295854533246247,0.6394711856021568,0.6295854533246247,0.6394711856021568,0.6295854533246247,0.6394711856021568,0.6295854533246247,0.6394711856021568,0.6295854533246247,0.6394711856021568,0.6295854533246247,0.25827664652452853,0.27301032402908376,0.25827664652452853,0.27301032402908376,0.25827664652452853,0.27301032402908376,0.6394711856021568,0.6295854533246247,0.6394711856021568,0.6295854533246247,0.6394711856021568,0.6295854533246247
0.604,0.604,0.2065559317958685,0.604,0.604,0.604,0.1965361781904209,0.604,0.633974747750655,0.6309711846360047,0.633974747750655,0.6309711846360047,0.633974747750655,0.6309711846360047,0.633974747750655,0.6309711846360047,0.633974747750655,0.6309711846360047,0.633974747750655,0.6309711846360047,0.23208895883241354,0.20851114019316613,0.23208895883241354,0.20851114019316613,0.23208895883241354,0.20851114019316613,0.633974747750655,0.6309711846360047,0.633974747750655,0.6309711846360047,0.633974747750655,0.6309711846360047
0.615,0.615,0.2284816518909213,0.615,0.601,0.601,0.1875381795968235,0.601,0.6257989771276643,0.6196471771590062,0.6257989771276643,0.6196471771590062,0.6257989771276643,0.6196471771590062,0.6257989771276643,0.6196471771590062,0.6257989771276643,0.6196471771590062,0.6257989771276643,0.6196471771590062,0.23953398159389977,0.26013116307995143,0.23953398159389977,0.26013116307995143,0.23953398159389977,0.26013116307995143,0.6257989771276643,0.6196471771590062,0.6257989771276643,0.6196471771590062,0.6257989771276643,0.6196471771590062
0.605,0.605,0.2081375394928872,0.605,0.606,0.606,0.1962759425398497,0.606,0.6267426133393498,0.6152411039456784,0.6267426133393498,0.6152411039456784,0.6267426133393498,0.6152411039456784,0.6267426133393498,0.6152411039456784,0.6267426133393498,0.6152411039456784,0.6267426133393498,0.6152411039456784,0.2470272875020894,0.24809562712629354,0.2470272875020894,0.24809562712629354,0.2470272875020894,0.24809562712629354,0.6267426133393498,0.6152411039456784,0.6267426133393498,0.6152411039456784,0.6267426133393498,0.6152411039456784
0.628,0.628,0.2444092377064164,0.628,0.606,0.606,0.2023484158315619,0.606,0.6044831291728234,0.6136547456116257,0.6044831291728234,0.6136547456116257,0.6044831291728234,0.6136547456116257,0.6044831291728234,0.6136547456116257,0.6044831291728234,0.6136547456116257,0.6044831291728234,0.6136547456116257,0.24978327338543313,0.21630623291723736,0.24978327338543313,0.21630623291723736,0.24978327338543313,0.21630623291723736,0.6044831291728234,0.6136547456116257,0.6044831291728234,0.6136547456116257,0.6044831291728234,0.6136547456116257
0.624,0.624,0.213389121338912,0.624,0.62,0.62,0.2351262243012475,0.62,0.6464112436517154,0.6228669986170883,0.6464112436517154,0.6228669986170883,0.6464112436517154,0.6228669986170883,0.6464112436517154,0.6228669986170883,0.6464112436517154,0.6228669986170883,0.6464112436517154,0.6228669986170883,0.1892102901807031,0.2193578693786667,0.1892102901807031,0.2193578693786667,0.1892102901807031,0.2193578693786667,0.6464112436517154,0.6228669986170883,0.6464112436517154,0.6228669986170883,0.6464112436517154,0.6228669986170883
0.613,0.613,0.1575235109717868,0.613,0.628,0.628,0.2558124647411147,0.628,0.6217617333606629,0.6098570887393568,0.6217617333606629,0.6098570887393568,0.6217617333606629,0.6098570887393568,0.6217617333606629,0.6098570887393568,0.6217617333606629,0.6098570887393568,0.6217617333606629,0.6098570887393568,0.18961503791951886,0.22523437364723156,0.18961503791951886,0.22523437364723156,0.18961503791951886,0.22523437364723156,0.6217617333606629,0.6098570887393568,0.6217617333606629,0.6098570887393568,0.6217617333606629,0.6098570887393568
0.631,0.631,0.0997101505850663,0.631,0.611,0.611,0.2190950335247119,0.611,0.6273820991469701,0.6084149475643778,0.6273820991469701,0.6084149475643778,0.6273820991469701,0.6084149475643778,0.6273820991469701,0.6084149475643778,0.6273820991469701,0.6084149475643778,0.6273820991469701,0.6084149475643778,0.15478607704351183,0.17924244215292107,0.15478607704351183,0.17924244215292107,0.15478607704351183,0.17924244215292107,0.6273820991469701,0.6084149475643778,0.6273820991469701,0.6084149475643778,0.6273820991469701,0.6084149475643778
0.691,0.691,0.0401341948310139,0.691,0.604,0.604,0.2065559317958685,0.604,0.6357707044117092,0.6481434958953798,0.6357707044117092,0.6481434958953798,0.6357707044117092,0.6481434958953798,0.6357707044117092,0.6481434958953798,0.6357707044117092,0.6481434958953798,0.6357707044117092,0.6481434958953798,0.1529767814906264,0.1289465279029303,0.1529767814906264,0.1289465279029303,0.1529767814906264,0.1289465279029303,0.6357707044117092,0.6481434958953798,0.6357707044117092,0.6481434958953798,0.6357707044117092,0.6481434958953798
0.744,0.744,-0.0099814573716809,0.744,0.615,0.615,0.2284816518909213,0.615,0.6768785059596281,0.6810070760591761,0.6768785059596281,0.6810070760591761,0.6768785059596281,0.6810070760591761,0.6768785059596281,0.6810070760591761,0.6768785059596281,0.6810070760591761,0.6768785059596281,0.6810070760591761,0.06858595097577977,0.07917858999521706,0.06858595097577977,0.07917858999521706,0.06858595097577977,0.07917858999521706,0.6768785059596281,0.6810070760591761,0.6768785059596281,0.6810070760591761,0.6768785059596281,0.6810070760591761
0.771,0.771,0.0,0.771,0.605,0.605,0.2081375394928872,0.605,0.6809460310979454,0.6905137199260024,0.6809460310979454,0.6905137199260024,0.6809460310979454,0.6905137199260024,0.6809460310979454,0.6905137199260024,0.6809460310979454,0.6905137199260024,0.6809460310979454,0.6905137199260024,0.0412418766746253,0.05502297043687327,0.0412418766746253,0.05502297043687327,0.0412418766746253,0.05502297043687327,0.6809460310979454,0.6905137199260024,0.6809460310979454,0.6905137199260024,0.6809460310979454,0.6905137199260024
0.762,0.762,0.0092580258425468,0.762,0.628,0.628,0.2444092377064164,0.628,0.6870780919218006,0.6967926418628309,0.6870780919218006,0.6967926418628309,0.6870780919218006,0.6967926418628309,0.6870780919218006,0.6967926418628309,0.6870780919218006,0.6967926418628309,0.6870780919218006,0.6967926418628309,0.039469986201852,0.07315313015330588,0.039469986201852,0.07315313015330588,0.039469986201852,0.07315313015330588,0.6870780919218006,0.6967926418628309,0.6870780919218006,0.6967926418628309,0.6870780919218006,0.6967926418628309
0.75,0.75,0.0104888185236492,0.75,0.624,0.624,0.213389121338912,0.624,0.682399725566778,0.6892830647512974,0.682399725566778,0.6892830647512974,0.682399725566778,0.6892830647512974,0.682399725566778,0.6892830647512974,0.682399725566778,0.6892830647512974,0.682399725566778,0.6892830647512974,0.04522935332172791,0.07155947827199928,0.04522935332172791,0.07155947827199928,0.04522935332172791,0.07155947827199928,0.682399725566778,0.6892830647512974,0.682399725566778,0.6892830647512974,0.682399725566778,0.6892830647512974
0.74,0.74,0.0306826231219476,0.74,0.613,0.613,0.1575235109717868,0.613,0.674835853692798,0.686050766933699,0.674835853692798,0.686050766933699,0.674835853692798,0.686050766933699,0.674835853692798,0.686050766933699,0.674835853692798,0.686050766933699,0.674835853692798,0.686050766933699,0.04658028431108374,0.046481514621876746,0.04658028431108374,0.046481514621876746,0.04658028431108374,0.046481514621876746,0.674835853692798,0.686050766933699,0.674835853692798,0.686050766933699,0.674835853692798,0.686050766933699
0.72,0.72,0.0117251748893485,0.72,0.631,0.631,0.0997101505850663,0.631,0.6480301641802138,0.6600671604021033,0.6480301641802138,0.6600671604021033,0.6480301641802138,0.6600671604021033,0.6480301641802138,0.6600671604021033,0.6480301641802138,0.6600671604021033,0.6480301641802138,0.6600671604021033,0.05493028456670294,0.06700827614704549,0.05493028456670294,0.06700827614704549,0.05493028456670294,0.06700827614704549,0.6480301641802138,0.6600671604021033,0.6480301641802138,0.6600671604021033,0.6480301641802138,0.6600671604021033
0.69,0.69,0.0250345955466095,0.69,0.691,0.691,0.0401341948310139,0.691,0.6248449435073529,0.6366328381240098,0.6248449435073529,0.6366328381240098,0.6248449435073529,0.6366328381240098,0.6248449435073529,0.6366328381240098,0.6248449435073529,0.6366328381240098,0.6248449435073529,0.6366328381240098,0.056182630272583176,0.11524196037002628,0.056182630272583176,0.11524196037002628,0.056182630272583176,0.11524196037002628,0.6248449435073529,0.6366328381240098,0.6248449435073529,0.6366328381240098,0.6248449435073529,0.6366328381240098
0.668,0.668,0.0991968743216844,0.668,0.744,0.744,-0.0099814573716809,0.744,0.6018198676786043,0.61757887862426,0.6018198676786043,0.61757887862426,0.6018198676786043,0.61757887862426,0.6018198676786043,0.61757887862426,0.6018198676786043,0.61757887862426,0.6018198676786043,0.61757887862426,0.07258023239389867,0.1052492732731049,0.07258023239389867,0.1052492732731049,0.07258023239389867,0.1052492732731049,0.6018198676786043,0.61757887862426,0.6018198676786043,0.61757887862426,0.6018198676786043,0.61757887862426
0.628,0.628,0.1273218634024125,0.628,0.771,0.771,0.0,0.771,0.5918942832225123,0.6035929008696119,0.5918942832225123,0.6035929008696119,0.5918942832225123,0.6035929008696119,0.5918942832225123,0.6035929008696119,0.5918942832225123,0.6035929008696119,0.5918942832225123,0.6035929008696119,0.0854612979465671,0.09702225982293051,0.0854612979465671,0.09702225982293051,0.0854612979465671,0.09702225982293051,0.5918942832225123,0.6035929008696119,0.5918942832225123,0.6035929008696119,0.5918942832225123,0.6035929008696119
0.599,0.599,0.157563025210084,0.599,0.762,0.762,0.0092580258425468,0.762,0.5865874053701101,0.5873293079018699,0.5865874053701101,0.5873293079018699,0.5865874053701101,0.5873293079018699,0.5865874053701101,0.5873293079018699,0.5865874053701101,0.5873293079018699,0.5865874053701101,0.5873293079018699,0.16015134789806293,0.1149863589333625,0.16015134789806293,0.1149863589333625,0.16015134789806293,0.1149863589333625,0.5865874053701101,0.5873293079018699,0.5865874053701101,0.5873293079018699,0.5865874053701101,0.5873293079018699
0.582,0.582,0.1206960385042575,0.582,0.75,0.75,0.0104888185236492,0.75,0.6098574029198814,0.6213957919242441,0.6098574029198814,0.6213957919242441,0.6098574029198814,0.6213957919242441,0.6098574029198814,0.6213957919242441,0.6098574029198814,0.6213957919242441,0.6098574029198814,0.6213957919242441,0.1719247409988994,0.17273985675038836,0.1719247409988994,0.17273985675038836,0.1719247409988994,0.17273985675038836,0.6098574029198814,0.6213957919242441,0.6098574029198814,0.6213957919242441,0.6098574029198814,0.6213957919242441
0.579,0.579,0.1318155572053121,0.579,0.74,0.74,0.0306826231219476,0.74,0.6043196371695104,0.6091864258462785,0.6043196371695104,0.6091864258462785,0.6043196371695104,0.6091864258462785,0.6043196371695104,0.6091864258462785,0.6043196371695104,0.6091864258462785,0.6043196371695104,0.6091864258462785,0.19646365282286465,0.18822511469740696,0.19646365282286465,0.18822511469740696,0.19646365282286465,0.18822511469740696,0.6043196371695104,0.6091864258462785,0.6043196371695104,0.6091864258462785,0.6043196371695104,0.6091864258462785
0.594,0.594,0.1414203360726114,0.594,0.72,0.72,0.0117251748893485,0.72,0.605644717532593,0.6082216847482632,0.605644717532593,0.6082216847482632,0.605644717532593,0.6082216847482632,0.605644717532593,0.6082216847482632,0.605644717532593,0.6082216847482632,0.605644717532593,0.6082216847482632,0.22323869052912665,0.28225896052747756,0.22323869052912665,0.28225896052747756,0.22323869052912665,0.28225896052747756,0.605644717532593,0.6082216847482632,0.605644717532593,0.6082216847482632,0.605644717532593,0.6082216847482632
0.6,0.6,0.1662671696854742,0.6,0.69,0.69,0.0250345955466095,0.69,0.6082232048664189,0.6062559501719913,0.6082232048664189,0.6062559501719913,0.6082232048664189,0.6062559501719913,0.6082232048664189,0.6062559501719913,0.6082232048664189,0.6062559501719913,0.6082232048664189,0.6062559501719913,0.19674144647000824,0.2804076218009731,0.19674144647000824,0.2804076218009731,0.19674144647000824,0.2804076218009731,0.6082232048664189,0.6062559501719913,0.6082232048664189,0.6062559501719913,0.6082232048664189,0.6062559501719913
0.603,0.603,0.1706081928033025,0.603,0.668,0.668,0.0991968743216844,0.668,0.6019771660883998,0.6120073007850116,0.6019771660883998,0.6120073007850116,0.6019771660883998,0.6120073007850116,0.6019771660883998,0.6120073007850116,0.6019771660883998,0.6120073007850116,0.6019771660883998,0.6120073007850116,0.21693102697004812,0.2434457932409706,0.21693102697004812,0.2434457932409706,0.21693102697004812,0.2434457932409706,0.6019771660883998,0.6120073007850116,0.6019771660883998,0.6120073007850116,0.6019771660883998,0.6120073007850116
0.594,0.594,0.1607408632379692,0.594,0.628,0.628,0.1273218634024125,0.628,0.6334722853786229,0.6343246113023708,0.6334722853786229,0.6343246113023708,0.6334722853786229,0.6343246113023708,0.6334722853786229,0.6343246113023708,0.6334722853786229,0.6343246113023708,0.6334722853786229,0.6343246113023708,0.21681314926807688,0.24794215376371234,0.21681314926807688,0.24794215376371234,0.21681314926807688,0.24794215376371234,0.6334722853786229,0.6343246113023708,0.6334722853786229,0.6343246113023708,0.6334722853786229,0.6343246113023708
0.607,0.607,0.1886200346849451,0.607,0.599,0.599,0.157563025210084,0.599,0.6105350487924848,0.6301195807157076,0.6105350487924848,0.6301195807157076,0.6105350487924848,0.6301195807157076,0.6105350487924848,0.6301195807157076,0.6105350487924848,0.6301195807157076,0.6105350487924848,0.6301195807157076,0.2153048069127866,0.2694464408852343,0.2153048069127866,0.2694464408852343,0.2153048069127866,0.2694464408852343,0.6105350487924848,0.6301195807157076,0.6105350487924848,0.6301195807157076,0.6105350487924848,0.6301195807157076
0.589,0.589,0.1503559822380988,0.589,0.582,0.582,0.1206960385042575,0.582,0.6177810099941359,0.6227407742816645,0.6177810099941359,0.6227407742816645,0.6177810099941359,0.6227407742816645,0.6177810099941359,0.6227407742816645,0.6177810099941359,0.6227407742816645,0.6177810099941359,0.6227407742816645,0.23468309922389646,0.2634332543168253,0.23468309922389646,0.2634332543168253,0.23468309922389646,0.2634332543168253,0.6177810099941359,0.6227407742816645,0.6177810099941359,0.6227407742816645,0.6177810099941359,0.6227407742816645
0.589,0.589,0.159075842765597,0.589,0.579,0.579,0.1318155572053121,0.579,0.6049336321598842,0.618338765696425,0.6049336321598842,0.618338765696425,0.6049336321598842,0.618338765696425,0.6049336321598842,0.618338765696425,0.6049336321598842,0.618338765696425,0.6049336321598842,0.618338765696425,0.20436005198192853,0.24103932280278004,0.20436005198192853,0.24103932280278004,0.20436005198192853,0.24103932280278004,0.6049336321598842,0.618338765696425,0.6049336321598842,0.618338765696425,0.6049336321598842,0.618338765696425
0.559,0.559,0.090203909853855,0.559,0.594,0.594,0.1414203360726114,0.594,0.6147167087598118,0.6266741727201965,0.6147167087598118,0.6266741727201965,0.6147167087598118,0.6266741727201965,0.6147167087598118,0.6266741727201965,0.6147167087598118,0.6266741727201965,0.6147167087598118,0.6266741727201965,0.22463021479971215,0.24022921003465475,0.22463021479971215,0.24022921003465475,0.22463021479971215,0.24022921003465475,0.6147167087598118,0.6266741727201965,0.6147167087598118,0.6266741727201965,0.6147167087598118,0.6266741727201965
0.56,0.56,0.0976210008203446,0.56,0.6,0.6,0.1662671696854742,0.6,0.6419724903206059,0.6311227135729007,0.6419724903206059,0.6311227135729007,0.6419724903206059,0.6311227135729007,0.6419724903206059,0.6311227135729007,0.6419724903206059,0.6311227135729007,0.6419724903206059,0.6311227135729007,0.25312272218996434,0.2574873717330107,0.25312272218996434,0.2574873717330107,0.25312272218996434,0.2574873717330107,0.6419724903206059,0.6311227135729007,0.6419724903206059,0.6311227135729007,0.6419724903206059,0.6311227135729007
0.589,0.589,0.1487651917453005,0.589,0.603,0.603,0.1706081928033025,0.603,0.6239422373142017,0.62486430671328,0.6239422373142017,0.62486430671328,0.6239422373142017,0.62486430671328,0.6239422373142017,0.62486430671328,0.6239422373142017,0.62486430671328,0.6239422373142017,0.62486430671328,0.28254506785524525,0.23576853317281396,0.28254506785524525,0.23576853317281396,0.28254506785524525,0.23576853317281396,0.6239422373142017,0.62486430671328,0.6239422373142017,0.62486430671328,0.6239422373142017,0.62486430671328
0.607,0.607,0.1885999322800962,0.607,0.594,0.594,0.1607408632379692,0.594,0.6298991356292378,0.6413673410455714,0.6298991356292378,0.6413673410455714,0.6298991356292378,0.6413673410455714,0.6298991356292378,0.6413673410455714,0.6298991356292378,0.6413673410455714,0.6298991356292378,0.6413673410455714,0.2739864045761654,0.2291300798485285,0.2739864045761654,0.2291300798485285,0.2739864045761654,0.2291300798485285,0.6298991356292378,0.6413673410455714,0.6298991356292378,0.6413673410455714,0.6298991356292378,0.6413673410455714
0.597,0.597,0.1667011289855672,0.597,0.607,0.607,0.1886200346849451,0.607,0.6272068066482583,0.622131417650082,0.6272068066482583,0.622131417650082,0.6272068066482583,0.622131417650082,0.6272068066482583,0.622131417650082,0.6272068066482583,0.622131417650082,0.6272068066482583,0.622131417650082,0.2762693879452187,0.24149883443840228,0.2762693879452187,0.24149883443840228,0.2762693879452187,0.24149883443840228,0.6272068066482583,0.622131417650082,0.6272068066482583,0.622131417650082,0.6272068066482583,0.622131417650082
0.601,0.601,0.1819344891498679,0.601,0.589,0.589,0.1503559822380988,0.589,0.6041528357363708,0.6057234504551496,0.6041528357363708,0.6057234504551496,0.6041528357363708,0.6057234504551496,0.6041528357363708,0.6057234504551496,0.6041528357363708,0.6057234504551496,0.6041528357363708,0.6057234504551496,0.2485704971639899,0.23419168938336507,0.2485704971639899,0.23419168938336507,0.2485704971639899,0.23419168938336507,0.6041528357363708,0.6057234504551496,0.6041528357363708,0.6057234504551496,0.6041528357363708,0.6057234504551496
0.578,0.578,0.1415051733467871,0.578,0.589,0.589,0.159075842765597,0.589,0.6098898289335066,0.5985899776464151,0.6098898289335066,0.5985899776464151,0.6098898289335066,0.5985899776464151,0.6098898289335066,0.5985899776464151,0.6098898289335066,0.5985899776464151,0.6098898289335066,0.5985899776464151,0.25161740978483954,0.22271865756808226,0.25161740978483954,0.22271865756808226,0.25161740978483954,0.22271865756808226,0.6098898289335066,0.5985899776464151,0.6098898289335066,0.5985899776464151,0.6098898289335066,0.5985899776464151
0.574,0.574,0.1376797512631169,0.574,0.559,0.559,0.090203909853855,0.559,0.6276431845196907,0.6221397363105546,0.6276431845196907,0.6221397363105546,0.6276431845196907,0.6221397363105546,0.6276431845196907,0.6221397363105546,0.6276431845196907,0.6221397363105546,0.6276431845196907,0.6221397363105546,0.2485386661766465,0.2220959990659152,0.2485386661766465,0.2220959990659152,0.2485386661766465,0.2220959990659152,0.6276431845196907,0.6221397363105546,0.6276431845196907,0.6221397363105546,0.6276431845196907,0.6221397363105546
0.558,0.558,0.1093916863124382,0.558,0.56,0.56,0.0976210008203446,0.56,0.6093601811964896,0.603740120357769,0.6093601811964896,0.603740120357769,0.6093601811964896,0.603740120357769,0.6093601811964896,0.603740120357769,0.6093601811964896,0.603740120357769,0.6093601811964896,0.603740120357769,0.23630033133240072,0.21073294981519863,0.23630033133240072,0.21073294981519863,0.23630033133240072,0.21073294981519863,0.6093601811964896,0.603740120357769,0.6093601811964896,0.603740120357769,0.6093601811964896,0.603740120357769
0.559,0.559,0.1061801259860394,0.559,0.589,0.589,0.1487651917453005,0.589,0.5860274934901419,0.605707956974591,0.5860274934901419,0.605707956974591,0.5860274934901419,0.605707956974591,0.5860274934901419,0.605707956974591,0.5860274934901419,0.605707956974591,0.5860274934901419,0.605707956974591,0.27177544929471054,0.22960353626243735,0.27177544929471054,0.22960353626243735,0.27177544929471054,0.22960353626243735,0.5860274934901419,0.605707956974591,0.5860274934901419,0.605707956974591,0.5860274934901419,0.605707956974591
0.559,0.559,0.1071645489662544,0.559,0.607,0.607,0.1885999322800962,0.607,0.5934522474583085,0.5881299637946253,0.5934522474583085,0.5881299637946253,0.5934522474583085,0.5881299637946253,0.5934522474583085,0.5881299637946253,0.5934522474583085,0.5881299637946253,0.5934522474583085,0.5881299637946253,0.26355189048769173,0.2481335261274449,0.26355189048769173,0.2481335261274449,0.26355189048769173,0.2481335261274449,0.5934522474583085,0.5881299637946253,0.5934522474583085,0.5881299637946253,0.5934522474583085,0.5881299637946253
0.562,0.562,0.1144788768842596,0.562,0.597,0.597,0.1667011289855672,0.597,0.6180544286570042,0.6083418722888225,0.6180544286570042,0.6083418722888225,0.6180544286570042,0.6083418722888225,0.6180544286570042,0.6083418722888225,0.6180544286570042,0.6083418722888225,0.6180544286570042,0.6083418722888225,0.2698646205500015,0.2546836535833691,0.2698646205500015,0.2546836535833691,0.2698646205500015,0.2546836535833691,0.6180544286570042,0.6083418722888225,0.6180544286570042,0.6083418722888225,0.6180544286570042,0.6083418722888225
0.574,0.574,0.1420181505456039,0.574,0.601,0.601,0.1819344891498679,0.601,0.6317989762552296,0.627625624745568,0.6317989762552296,0.627625624745568,0.6317989762552296,0.627625624745568,0.6317989762552296,0.627625624745568,0.6317989762552296,0.627625624745568,0.6317989762552296,0.627625624745568,0.26709543555398,0.25513757365251477,0.26709543555398,0.25513757365251477,0.26709543555398,0.25513757365251477,0.6317989762552296,0.627625624745568,0.6317989762552296,0.627625624745568,0.6317989762552296,0.627625624745568
0.579,0.579,0.1476490500639768,0.579,0.578,0.578,0.1415051733467871,0.578,0.6176824713262902,0.6182162387313487,0.6176824713262902,0.6182162387313487,0.6176824713262902,0.6182162387313487,0.6176824713262902,0.6182162387313487,0.6176824713262902,0.6182162387313487,0.6176824713262902,0.6182162387313487,0.27139859174670905,0.24999145926608252,0.27139859174670905,0.24999145926608252,0.27139859174670905,0.24999145926608252,0.6176824713262902,0.6182162387313487,0.6176824713262902,0.6182162387313487,0.6176824713262902,0.6182162387313487
0.568,0.568,0.1281885695834678,0.568,0.574,0.574,0.1376797512631169,0.574,0.6073723380160405,0.605668564988521,0.6073723380160405,0.605668564988521,0.6073723380160405,0.605668564988521,0.6073723380160405,0.605668564988521,0.6073723380160405,0.605668564988521,0.6073723380160405,0.605668564988521,0.2704432190272345,0.27496982265854286,0.2704432190272345,0.27496982265854286,0.2704432190272345,0.27496982265854286,0.6073723380160405,0.605668564988521,0.6073723380160405,0.605668564988521,0.6073723380160405,0.605668564988521
0.585,0.585,0.1634751058254384,0.585,0.558,0.558,0.1093916863124382,0.558,0.5808950742735556,0.6180691303127075,0.5808950742735556,0.6180691303127075,0.5808950742735556,0.6180691303127075,0.5808950742735556,0.6180691303127075,0.5808950742735556,0.6180691303127075,0.5808950742735556,0.6180691303127075,0.2525429675312088,0.2316547738745694,0.2525429675312088,0.2316547738745694,0.2525429675312088,0.2316547738745694,0.5808950742735556,0.6180691303127075,0.5808950742735556,0.6180691303127075,0.5808950742735556,0.6180691303127075
0.601,0.601,0.1980737691738753,0.601,0.559,0.559,0.1061801259860394,0.559,0.6018368618889323,0.6093020831833333,0.6018368618889323,0.6093020831833333,0.6018368618889323,0.6093020831833333,0.6018368618889323,0.6093020831833333,0.6018368618889323,0.6093020831833333,0.6018368618889323,0.6093020831833333,0.2286143748934669,0.23860111216348812,0.2286143748934669,0.23860111216348812,0.2286143748934669,0.23860111216348812,0.6018368618889323,0.6093020831833333,0.6018368618889323,0.6093020831833333,0.6018368618889323,0.6093020831833333
0.597,0.597,0.1925465838509317,0.597,0.559,0.559,0.1071645489662544,0.559,0.6171655575753193,0.6184228919329944,0.6171655575753193,0.6184228919329944,0.6171655575753193,0.6184228919329944,0.6171655575753193,0.6184228919329944,0.6171655575753193,0.6184228919329944,0.6171655575753193,0.6184228919329944,0.26273160138728885,0.26230930524612917,0.26273160138728885,0.26230930524612917,0.26273160138728885,0.26230930524612917,0.6171655575753193,0.6184228919329944,0.6171655575753193,0.6184228919329944,0.6171655575753193,0.6184228919329944
0.58,0.58,0.158990788946736,0.58,0.562,0.562,0.1144788768842596,0.562,0.6178651376335483,0.6286909619914122,0.6178651376335483,0.6286909619914122,0.6178651376335483,0.6286909619914122,0.6178651376335483,0.6286909619914122,0.6178651376335483,0.6286909619914122,0.6178651376335483,0.6286909619914122,0.2563754033593879,0.2290975202523826,0.2563754033593879,0.2290975202523826,0.2563754033593879,0.2290975202523826,0.6178651376335483,0.6286909619914122,0.6178651376335483,0.6286909619914122,0.6178651376335483,0.6286909619914122
0.561,0.561,0.1245213784301213,0.561,0.574,0.574,0.1420181505456039,0.574,0.6068181552037987,0.6169639597423621,0.6068181552037987,0.6169639597423621,0.6068181552037987,0.6169639597423621,0.6068181552037987,0.6169639597423621,0.6068181552037987,0.6169639597423621,0.6068181552037987,0.6169639597423621,0.24654176064971667,0.2269236228779999,0.24654176064971667,0.2269236228779999,0.24654176064971667,0.2269236228779999,0.6068181552037987,0.6169639597423621,0.6068181552037987,0.6169639597423621,0.6068181552037987,0.6169639597423621
0.543,0.543,0.0941957171512157,0.543,0.579,0.579,0.1476490500639768,0.579,0.6168547056709053,0.6252887184381264,0.6168547056709053,0.6252887184381264,0.6168547056709053,0.6252887184381264,0.6168547056709053,0.6252887184381264,0.6168547056709053,0.6252887184381264,0.6168547056709053,0.6252887184381264,0.25868039671558474,0.228068811294296,0.25868039671558474,0.228068811294296,0.25868039671558474,0.228068811294296,0.6168547056709053,0.6252887184381264,0.6168547056709053,0.6252887184381264,0.6168547056709053,0.6252887184381264
0.558,0.558,0.1237495589010788,0.558,0.568,0.568,0.1281885695834678,0.568,0.6142766478776385,0.6295162169643282,0.6142766478776385,0.6295162169643282,0.6142766478776385,0.6295162169643282,0.6142766478776385,0.6295162169643282,0.6142766478776385,0.6295162169643282,0.6142766478776385,0.6295162169643282,0.2772036130104123,0.2539727386957331,0.2772036130104123,0.2539727386957331,0.2772036130104123,0.2539727386957331,0.6142766478776385,0.6295162169643282,0.6142766478776385,0.6295162169643282,0.6142766478776385,0.6295162169643282
0.578,0.578,0.1647930586782355,0.578,0.585,0.585,0.1634751058254384,0.585,0.6308259136335589,0.6371711692291916,0.6308259136335589,0.6371711692291916,0.6308259136335589,0.6371711692291916,0.6308259136335589,0.6371711692291916,0.6308259136335589,0.6371711692291916,0.6308259136335589,0.6371711692291916,0.2525396280773044,0.26684262348871685,0.2525396280773044,0.26684262348871685,0.2525396280773044,0.26684262348871685,0.6308259136335589,0.6371711692291916,0.6308259136335589,0.6371711692291916,0.6308259136335589,0.6371711692291916
0.59,0.59,0.1864917954721323,0.59,0.601,0.601,0.1980737691738753,0.601,0.6154302450551713,0.6371804492427141,0.6154302450551713,0.6371804492427141,0.6154302450551713,0.6371804492427141,0.6154302450551713,0.6371804492427141,0.6154302450551713,0.6371804492427141,0.6154302450551713,0.6371804492427141,0.24075812174158018,0.270540956463785,0.24075812174158018,0.270540956463785,0.24075812174158018,0.270540956463785,0.6154302450551713,0.6371804492427141,0.6154302450551713,0.6371804492427141,0.6154302450551713,0.6371804492427141
0.568,0.568,0.136,0.568,0.597,0.597,0.1925465838509317,0.597,0.612147323108015,0.6300985102916308,0.612147323108015,0.6300985102916308,0.612147323108015,0.6300985102916308,0.612147323108015,0.6300985102916308,0.612147323108015,0.6300985102916308,0.612147323108015,0.6300985102916308,0.22474869841617626,0.2737655342807783,0.22474869841617626,0.2737655342807783,0.22474869841617626,0.2737655342807783,0.612147323108015,0.6300985102916308,0.612147323108015,0.6300985102916308,0.612147323108015,0.6300985102916308
0.542,0.542,0.0659047059639332,0.542,0.58,0.58,0.158990788946736,0.58,0.620468706054384,0.6288643421438797,0.620468706054384,0.6288643421438797,0.620468706054384,0.6288643421438797,0.620468706054384,0.6288643421438797,0.620468706054384,0.6288643421438797,0.620468706054384,0.6288643421438797,0.17854421538076024,0.22983143177320275,0.17854421538076024,0.22983143177320275,0.17854421538076024,0.22983143177320275,0.620468706054384,0.6288643421438797,0.620468706054384,0.6288643421438797,0.620468706054384,0.6288643421438797
0.515,0.515,-0.0018839549833915,0.515,0.561,0.561,0.1245213784301213,0.561,0.6072497596372611,0.6169648651499462,0.6072497596372611,0.6169648651499462,0.6072497596372611,0.6169648651499462,0.6072497596372611,0.6169648651499462,0.6072497596372611,0.6169648651499462,0.6072497596372611,0.6169648651499462,0.1780252893211948,0.2279336242656403,0.1780252893211948,0.2279336242656403,0.1780252893211948,0.2279336242656403,0.6072497596372611,0.6169648651499462,0.6072497596372611,0.6169648651499462,0.6072497596372611,0.6169648651499462
0.547,0.547,0.0026771403913556,0.547,0.543,0.543,0.0941957171512157,0.543,0.619339523860406,0.6255985468142626,0.619339523860406,0.6255985468142626,0.619339523860406,0.6255985468142626,0.619339523860406,0.6255985468142626,0.619339523860406,0.6255985468142626,0.619339523860406,0.6255985468142626,0.13887009445511395,0.10737130312849161,0.13887009445511395,0.10737130312849161,0.13887009445511395,0.10737130312849161,0.619339523860406,0.6255985468142626,0.619339523860406,0.6255985468142626,0.619339523860406,0.6255985468142626
0.58,0.58,-0.0185028008827023,0.58,0.558,0.558,0.1237495589010788,0.558,0.6784860682831806,0.6934170297265827,0.6784860682831806,0.6934170297265827,0.6784860682831806,0.6934170297265827,0.6784860682831806,0.6934170297265827,0.6784860682831806,0.6934170297265827,0.6784860682831806,0.6934170297265827,0.09707319356081606,0.0730903674428045,0.09707319356081606,0.0730903674428045,0.09707319356081606,0.0730903674428045,0.6784860682831806,0.6934170297265827,0.6784860682831806,0.6934170297265827,0.6784860682831806,0.6934170297265827
0.637,0.637,0.0111470693994965,0.637,0.578,0.578,0.1647930586782355,0.578,0.746765478062891,0.7508237914157277,0.746765478062891,0.7508237914157277,0.746765478062891,0.7508237914157277,0.746765478062891,0.7508237914157277,0.746765478062891,0.7508237914157277,0.746765478062891,0.7508237914157277,0.050325674593302706,0.07245430828085073,0.050325674593302706,0.07245430828085073,0.050325674593302706,0.07245430828085073,0.746765478062891,0.7508237914157277,0.746765478062891,0.7508237914157277,0.746765478062891,0.7508237914157277
0.633,0.633,0.0068304088503047,0.633,0.59,0.59,0.1864917954721323,0.59,0.7572487963934373,0.7631801693100959,0.7572487963934373,0.7631801693100959,0.7572487963934373,0.7631801693100959,0.7572487963934373,0.7631801693100959,0.7572487963934373,0.7631801693100959,0.7572487963934373,0.7631801693100959,0.017485121139182627,0.0491359056739652,0.017485121139182627,0.0491359056739652,0.017485121139182627,0.0491359056739652,0.7572487963934373,0.7631801693100959,0.7572487963934373,0.7631801693100959,0.7572487963934373,0.7631801693100959
0.588,0.588,0.0064819816343852,0.588,0.568,0.568,0.136,0.568,0.7568253398897435,0.7592644989343388,0.7568253398897435,0.7592644989343388,0.7568253398897435,0.7592644989343388,0.7568253398897435,0.7592644989343388,0.7568253398897435,0.7592644989343388,0.7568253398897435,0.7592644989343388,0.013794772092124036,0.04417265744551205,0.013794772092124036,0.04417265744551205,0.013794772092124036,0.04417265744551205,0.7568253398897435,0.7592644989343388,0.7568253398897435,0.7592644989343388,0.7568253398897435,0.7592644989343388
0.581,0.581,0.0023144400102863,0.581,0.542,0.542,0.0659047059639332,0.542,0.7539097075363516,0.749965539094049,0.7539097075363516,0.749965539094049,0.7539097075363516,0.749965539094049,0.7539097075363516,0.749965539094049,0.7539097075363516,0.749965539094049,0.7539097075363516,0.749965539094049,0.011150327457132566,0.027309306015852252,0.011150327457132566,0.027309306015852252,0.011150327457132566,0.027309306015852252,0.7539097075363516,0.749965539094049,0.7539097075363516,0.749965539094049,0.7539097075363516,0.749965539094049
0.577,0.577,0.010989010989011,0.577,0.515,0.515,-0.0018839549833915,0.515,0.7459359948702641,0.7378820090298923,0.7459359948702641,0.7378820090298923,0.7459359948702641,0.7378820090298923,0.7459359948702641,0.7378820090298923,0.7459359948702641,0.7378820090298923,0.7459359948702641,0.7378820090298923,0.023522428336809054,0.03248721153321497,0.023522428336809054,0.03248721153321497,0.023522428336809054,0.03248721153321497,0.7459359948702641,0.7378820090298923,0.7459359948702641,0.7378820090298923,0.7459359948702641,0.7378820090298923
0.572,0.572,0.0099925980754997,0.572,0.547,0.547,0.0026771403913556,0.547,0.7357972239399028,0.7331468744865526,0.7357972239399028,0.7331468744865526,0.7357972239399028,0.7331468744865526,0.7357972239399028,0.7331468744865526,0.7357972239399028,0.7331468744865526,0.7357972239399028,0.7331468744865526,0.02552391211867831,0.03820332913153643,0.02552391211867831,0.03820332913153643,0.02552391211867831,0.03820332913153643,0.7357972239399028,0.7331468744865526,0.7357972239399028,0.7331468744865526,0.7357972239399028,0.7331468744865526
0.569,0.569,0.0255306449133152,0.569,0.58,0.58,-0.0185028008827023,0.58,0.7306640407937686,0.7359810461949583,0.7306640407937686,0.7359810461949583,0.7306640407937686,0.7359810461949583,0.7306640407937686,0.7359810461949583,0.7306640407937686,0.7359810461949583,0.7306640407937686,0.7359810461949583,0.027143199762981487,0.0260929598001803,0.027143199762981487,0.0260929598001803,0.027143199762981487,0.0260929598001803,0.7306640407937686,0.7359810461949583,0.7306640407937686,0.7359810461949583,0.7306640407937686,0.7359810461949583
0.542,0.542,0.022265866831757,0.542,0.637,0.637,0.0111470693994965,0.637,0.7121979487120613,0.7125545975425834,0.7121979487120613,0.7125545975425834,0.7121979487120613,0.7125545975425834,0.7121979487120613,0.7125545975425834,0.7121979487120613,0.7125545975425834,0.7121979487120613,0.7125545975425834,0.027736757027918994,0.04505086066445993,0.027736757027918994,0.04505086066445993,0.027736757027918994,0.04505086066445993,0.7121979487120613,0.7125545975425834,0.7121979487120613,0.7125545975425834,0.7121979487120613,0.7125545975425834
0.538,0.538,0.0137267040966632,0.538,0.633,0.633,0.0068304088503047,0.633,0.707113087722139,0.7056791447978508,0.707113087722139,0.7056791447978508,0.707113087722139,0.7056791447978508,0.707113087722139,0.7056791447978508,0.707113087722139,0.7056791447978508,0.707113087722139,0.7056791447978508,0.03431037886269022,0.041255209265840476,0.03431037886269022,0.041255209265840476,0.03431037886269022,0.041255209265840476,0.707113087722139,0.7056791447978508,0.707113087722139,0.7056791447978508,0.707113087722139,0.7056791447978508
0.532,0.532,0.0287554788152476,0.532,0.588,0.588,0.0064819816343852,0.588,0.7029217599186638,0.7006936718815537,0.7029217599186638,0.7006936718815537,0.7029217599186638,0.7006936718815537,0.7029217599186638,0.7006936718815537,0.7029217599186638,0.7006936718815537,0.7029217599186638,0.7006936718815537,0.046705554130250564,0.046473906835642925,0.046705554130250564,0.046473906835642925,0.046705554130250564,0.046473906835642925,0.7029217599186638,0.7006936718815537,0.7029217599186638,0.7006936718815537,0.7029217599186638,0.7006936718815537
0.545,0.545,0.082705675531829,0.545,0.581,0.581,0.0023144400102863,0.581,0.6298255534663579,0.6338104715134989,0.6298255534663579,0.6338104715134989,0.6298255534663579,0.6338104715134989,0.6298255534663579,0.6338104715134989,0.6298255534663579,0.6338104715134989,0.6298255534663579,0.6338104715134989,0.06486544239582925,0.09725337354220116,0.06486544239582925,0.09725337354220116,0.06486544239582925,0.09725337354220116,0.6298255534663579,0.6338104715134989,0.6298255534663579,0.6338104715134989,0.6298255534663579,0.6338104715134989
0.566,0.566,0.1339226916245934,0.566,0.577,0.577,0.010989010989011,0.577,0.6304887177129407,0.6322576648166264,0.6304887177129407,0.6322576648166264,0.6304887177129407,0.6322576648166264,0.6304887177129407,0.6322576648166264,0.6304887177129407,0.6322576648166264,0.6304887177129407,0.6322576648166264,0.10656897120500101,0.11339301889020029,0.10656897120500101,0.11339301889020029,0.10656897120500101,0.11339301889020029,0.6304887177129407,0.6322576648166264,0.6304887177129407,0.6322576648166264,0.6304887177129407,0.6322576648166264
0.571,0.571,0.155298972969567,0.571,0.572,0.572,0.0099925980754997,0.572,0.6174868796041751,0.6041370848284843,0.6174868796041751,0.6041370848284843,0.6174868796041751,0.6041370848284843,0.6174868796041751,0.6041370848284843,0.6174868796041751,0.6041370848284843,0.6174868796041751,0.6041370848284843,0.09903830425824914,0.13208164540581294,0.09903830425824914,0.13208164540581294,0.09903830425824914,0.13208164540581294,0.6174868796041751,0.6041370848284843,0.6174868796041751,0.6041370848284843,0.6174868796041751,0.6041370848284843
0.572,0.572,0.1586992074474776,0.572,0.569,0.569,0.0255306449133152,0.569,0.5937662961059835,0.5864777133904389,0.5937662961059835,0.5864777133904389,0.5937662961059835,0.5864777133904389,0.5937662961059835,0.5864777133904389,0.5937662961059835,0.5864777133904389,0.5937662961059835,0.5864777133904389,0.13061407088482482,0.13554303585312244,0.13061407088482482,0.13554303585312244,0.13061407088482482,0.13554303585312244,0.5937662961059835,0.5864777133904389,0.5937662961059835,0.5864777133904389,0.5937662961059835,0.5864777133904389
0.584,0.584,0.1815663560815915,0.584,0.542,0.542,0.022265866831757,0.542,0.5834411582017126,0.5828501669327681,0.5834411582017126,0.5828501669327681,0.5834411582017126,0.5828501669327681,0.5834411582017126,0.5828501669327681,0.5834411582017126,0.5828501669327681,0.5834411582017126,0.5828501669327681,0.1348152006260098,0.14104902482859216,0.1348152006260098,0.14104902482859216,0.1348152006260098,0.14104902482859216,0.5834411582017126,0.5828501669327681,0.5834411582017126,0.5828501669327681,0.5834411582017126,0.5828501669327681
0.596,0.596,0.2021644252226633,0.596,0.538,0.538,0.0137267040966632,0.538,0.5787590234274573,0.5906547511538418,0.5787590234274573,0.5906547511538418,0.5787590234274573,0.5906547511538418,0.5787590234274573,0.5906547511538418,0.5787590234274573,0.5906547511538418,0.5787590234274573,0.5906547511538418,0.13722958153022358,0.14552361102898842,0.13722958153022358,0.14552361102898842,0.13722958153022358,0.14552361102898842,0.5787590234274573,0.5906547511538418,0.5787590234274573,0.5906547511538418,0.5787590234274573,0.5906547511538418
0.629,0.629,0.2690000866954075,0.629,0.532,0.532,0.0287554788152476,0.532,0.5993583240449984,0.6143893822686195,0.5993583240449984,0.6143893822686195,0.5993583240449984,0.6143893822686195,0.5993583240449984,0.6143893822686195,0.5993583240449984,0.6143893822686195,0.5993583240449984,0.6143893822686195,0.14264458212278452,0.15565901945067945,0.14264458212278452,0.15565901945067945,0.14264458212278452,0.15565901945067945,0.5993583240449984,0.6143893822686195,0.5993583240449984,0.6143893822686195,0.5993583240449984,0.6143893822686195
0.608,0.608,0.2239621483578484,0.608,0.545,0.545,0.082705675531829,0.545,0.5809603038625334,0.5835403742919674,0.5809603038625334,0.5835403742919674,0.5809603038625334,0.5835403742919674,0.5809603038625334,0.5835403742919674,0.5809603038625334,0.5835403742919674,0.5809603038625334,0.5835403742919674,0.13141455975533614,0.12047387150514106,0.13141455975533614,0.12047387150514106,0.13141455975533614,0.12047387150514106,0.5809603038625334,0.5835403742919674,0.5809603038625334,0.5835403742919674,0.5809603038625334,0.5835403742919674
0.6,0.6,0.2039737629752276,0.6,0.566,0.566,0.1339226916245934,0.566,0.5760848574682261,0.5895554339935778,0.5760848574682261,0.5895554339935778,0.5760848574682261,0.5895554339935778,0.5760848574682261,0.5895554339935778,0.5760848574682261,0.5895554339935778,0.5760848574682261,0.5895554339935778,0.12467643479460744,0.125514525228365,0.12467643479460744,0.125514525228365,0.12467643479460744,0.125514525228365,0.5760848574682261,0.5895554339935778,0.5760848574682261,0.5895554339935778,0.5760848574682261,0.5895554339935778
0.582,0.582,0.1698970513472293,0.582,0.571,0.571,0.155298972969567,0.571,0.585511041881349,0.580722872553889,0.585511041881349,0.580722872553889,0.585511041881349,0.580722872553889,0.585511041881349,0.580722872553889,0.585511041881349,0.580722872553889,0.585511041881349,0.580722872553889,0.1378707439391782,0.14431491127247176,0.1378707439391782,0.14431491127247176,0.1378707439391782,0.14431491127247176,0.585511041881349,0.580722872553889,0.585511041881349,0.580722872553889,0.585511041881349,0.580722872553889
0.586,0.586,0.1768696392144075,0.586,0.572,0.572,0.1586992074474776,0.572,0.595522231404381,0.5906250693651843,0.595522231404381,0.5906250693651843,0.595522231404381,0.5906250693651843,0.595522231404381,0.5906250693651843,0.595522231404381,0.5906250693651843,0.595522231404381,0.5906250693651843,0.10857342045814886,0.12901591549786484,0.10857342045814886,0.12901591549786484,0.10857342045814886,0.12901591549786484,0.595522231404381,0.5906250693651843,0.595522231404381,0.5906250693651843,0.595522231404381,0.5906250693651843
0.568,0.568,0.1569086651053863,0.568,0.584,0.584,0.1815663560815915,0.584,0.5980828066615859,0.5934401979429007,0.5980828066615859,0.5934401979429007,0.5980828066615859,0.5934401979429007,0.5980828066615859,0.5934401979429007,0.5980828066615859,0.5934401979429007,0.5980828066615859,0.5934401979429007,0.1413711505012495,0.14066047376214863,0.1413711505012495,0.14066047376214863,0.1413711505012495,0.14066047376214863,0.5980828066615859,0.5934401979429007,0.5980828066615859,0.5934401979429007,0.5980828066615859,0.5934401979429007
0.569,0.569,0.1566811980996956,0.569,0.596,0.596,0.2021644252226633,0.596,0.577755883382869,0.5672615532992452,0.577755883382869,0.5672615532992452,0.577755883382869,0.5672615532992452,0.577755883382869,0.5672615532992452,0.577755883382869,0.5672615532992452,0.577755883382869,0.5672615532992452,0.13554975221429127,0.10655877439981756,0.13554975221429127,0.10655877439981756,0.13554975221429127,0.10655877439981756,0.577755883382869,0.5672615532992452,0.577755883382869,0.5672615532992452,0.577755883382869,0.5672615532992452
0.552,0.552,0.121099880720698,0.552,0.629,0.629,0.2690000866954075,0.629,0.5976135790055088,0.5682559570202007,0.5976135790055088,0.5682559570202007,0.5976135790055088,0.5682559570202007,0.5976135790055088,0.5682559570202007,0.5976135790055088,0.5682559570202007,0.5976135790055088,0.5682559570202007,0.15693412672139911,0.11708268084740032,0.15693412672139911,0.11708268084740032,0.15693412672139911,0.11708268084740032,0.5976135790055088,0.5682559570202007,0.5976135790055088,0.5682559570202007,0.5976135790055088,0.5682559570202007
0.552,0.552,0.113801356991672,0.552,0.608,0.608,0.2239621483578484,0.608,0.6003122220418434,0.5859440713315127,0.6003122220418434,0.5859440713315127,0.6003122220418434,0.5859440713315127,0.6003122220418434,0.5859440713315127,0.6003122220418434,0.5859440713315127,0.6003122220418434,0.5859440713315127,0.12450735062587398,0.10400037147267444,0.12450735062587398,0.10400037147267444,0.12450735062587398,0.10400037147267444,0.6003122220418434,0.5859440713315127,0.6003122220418434,0.5859440713315127,0.6003122220418434,0.5859440713315127
0.556,0.556,0.1207398459314414,0.556,0.6,0.6,0.2039737629752276,0.6,0.5775422216312469,0.5872331634537169,0.5775422216312469,0.5872331634537169,0.5775422216312469,0.5872331634537169,0.5775422216312469,0.5872331634537169,0.5775422216312469,0.5872331634537169,0.5775422216312469,0.5872331634537169,0.15022077641810536,0.14722593653356392,0.15022077641810536,0.14722593653356392,0.15022077641810536,0.14722593653356392,0.5775422216312469,0.5872331634537169,0.5775422216312469,0.5872331634537169,0.5775422216312469,0.5872331634537169
0.547,0.547,0.0954328343903258,0.547,0.582,0.582,0.1698970513472293,0.582,0.5958752311477888,0.5999011650181901,0.5958752311477888,0.5999011650181901,0.5958752311477888,0.5999011650181901,0.5958752311477888,0.5999011650181901,0.5958752311477888,0.5999011650181901,0.5958752311477888,0.5999011650181901,0.15434804636427998,0.16624966451644987,0.15434804636427998,0.16624966451644987,0.15434804636427998,0.16624966451644987,0.5958752311477888,0.5999011650181901,0.5958752311477888,0.5999011650181901,0.5958752311477888,0.5999011650181901
0.564,0.564,0.1337140223088508,0.564,0.586,0.586,0.1768696392144075,0.586,0.5958859173093906,0.5844998377841754,0.5958859173093906,0.5844998377841754,0.5958859173093906,0.5844998377841754,0.5958859173093906,0.5844998377841754,0.5958859173093906,0.5844998377841754,0.5958859173093906,0.5844998377841754,0.1717590707412046,0.1618289426651111,0.1717590707412046,0.1618289426651111,0.1717590707412046,0.1618289426651111,0.5958859173093906,0.5844998377841754,0.5958859173093906,0.5844998377841754,0.5958859173093906,0.5844998377841754
0.562,0.562,0.1292765839015565,0.562,0.568,0.568,0.1569086651053863,0.568,0.5880774919809816,0.5871014292962248,0.5880774919809816,0.5871014292962248,0.5880774919809816,0.5871014292962248,0.5880774919809816,0.5871014292962248,0.5880774919809816,0.5871014292962248,0.5880774919809816,0.5871014292962248,0.15649551421649183,0.13921625795382844,0.15649551421649183,0.13921625795382844,0.15649551421649183,0.13921625795382844,0.5880774919809816,0.5871014292962248,0.5880774919809816,0.5871014292962248,0.5880774919809816,0.5871014292962248
0.563,0.563,0.1396282879193573,0.563,0.569,0.569,0.1566811980996956,0.569,0.5762070202215157,0.5913189314453566,0.5762070202215157,0.5913189314453566,0.5762070202215157,0.5913189314453566,0.5762070202215157,0.5913189314453566,0.5762070202215157,0.5913189314453566,0.5762070202215157,0.5913189314453566,0.14970582913829253,0.153481637986874,0.14970582913829253,0.153481637986874,0.14970582913829253,0.153481637986874,0.5762070202215157,0.5913189314453566,0.5762070202215157,0.5913189314453566,0.5762070202215157,0.5913189314453566
0.555,0.555,0.1277930223441788,0.555,0.552,0.552,0.121099880720698,0.552,0.5922361246478837,0.5946998154730333,0.5922361246478837,0.5946998154730333,0.5922361246478837,0.5946998154730333,0.5922361246478837,0.5946998154730333,0.5922361246478837,0.5946998154730333,0.5922361246478837,0.5946998154730333,0.1809670902479553,0.14254707497373037,0.1809670902479553,0.14254707497373037,0.1809670902479553,0.14254707497373037,0.5922361246478837,0.5946998154730333,0.5922361246478837,0.5946998154730333,0.5922361246478837,0.5946998154730333
0.565,0.565,0.1448185835836622,0.565,0.552,0.552,0.113801356991672,0.552,0.5885862051071457,0.583501758263632,0.5885862051071457,0.583501758263632,0.5885862051071457,0.583501758263632,0.5885862051071457,0.583501758263632,0.5885862051071457,0.583501758263632,0.5885862051071457,0.583501758263632,0.1538611265884266,0.12402937649837399,0.1538611265884266,0.12402937649837399,0.1538611265884266,0.12402937649837399,0.5885862051071457,0.583501758263632,0.5885862051071457,0.583501758263632,0.5885862051071457,0.583501758263632
0.553,0.553,0.1175286062874606,0.553,0.556,0.556,0.1207398459314414,0.556,0.5900749420118454,0.5901005342883622,0.5900749420118454,0.5901005342883622,0.5900749420118454,0.5901005342883622,0.5900749420118454,0.5901005342883622,0.5900749420118454,0.5901005342883622,0.5900749420118454,0.5901005342883622,0.18707487428342967,0.1398528975159186,0.18707487428342967,0.1398528975159186,0.18707487428342967,0.1398528975159186,0.5900749420118454,0.5901005342883622,0.5900749420118454,0.5901005342883622,0.5900749420118454,0.5901005342883622
0.551,0.551,0.1110671154226886,0.551,0.547,0.547,0.0954328343903258,0.547,0.5911362594921543,0.6022437779173525,0.5911362594921543,0.6022437779173525,0.5911362594921543,0.6022437779173525,0.5911362594921543,0.6022437779173525,0.5911362594921543,0.6022437779173525,0.5911362594921543,0.6022437779173525,0.1659782606144654,0.14142572119784233,0.1659782606144654,0.14142572119784233,0.1659782606144654,0.14142572119784233,0.5911362594921543,0.6022437779173525,0.5911362594921543,0.6022437779173525,0.5911362594921543,0.6022437779173525
0.525,0.525,0.0714241030934282,0.525,0.564,0.564,0.1337140223088508,0.564,0.592478700742508,0.5932508957939351,0.592478700742508,0.5932508957939351,0.592478700742508,0.5932508957939351,0.592478700742508,0.5932508957939351,0.592478700742508,0.5932508957939351,0.592478700742508,0.5932508957939351,0.16552358722707486,0.15000017197053384,0.16552358722707486,0.15000017197053384,0.16552358722707486,0.15000017197053384,0.592478700742508,0.5932508957939351,0.592478700742508,0.5932508957939351,0.592478700742508,0.5932508957939351
0.508,0.508,0.0350216531726604,0.508,0.562,0.562,0.1292765839015565,0.562,0.5984738001367306,0.6027055690246905,0.5984738001367306,0.6027055690246905,0.5984738001367306,0.6027055690246905,0.5984738001367306,0.6027055690246905,0.5984738001367306,0.6027055690246905,0.5984738001367306,0.6027055690246905,0.1670403386140497,0.16105235592962527,0.1670403386140497,0.16105235592962527,0.1670403386140497,0.16105235592962527,0.5984738001367306,0.6027055690246905,0.5984738001367306,0.6027055690246905,0.5984738001367306,0.6027055690246905
0.51,0.51,0.0301830776843147,0.51,0.563,0.563,0.1396282879193573,0.563,0.5950015544360299,0.5998689025676339,0.5950015544360299,0.5998689025676339,0.5950015544360299,0.5998689025676339,0.5950015544360299,0.5998689025676339,0.5950015544360299,0.5998689025676339,0.5950015544360299,0.5998689025676339,0.16667462579054917,0.17692195812092812,0.16667462579054917,0.17692195812092812,0.16667462579054917,0.17692195812092812,0.5950015544360299,0.5998689025676339,0.5950015544360299,0.5998689025676339,0.5950015544360299,0.5998689025676339
0.52,0.52,0.0474565104363046,0.52,0.555,0.555,0.1277930223441788,0.555,0.5868983208708038,0.5887127706304223,0.5868983208708038,0.5887127706304223,0.5868983208708038,0.5887127706304223,0.5868983208708038,0.5887127706304223,0.5868983208708038,0.5887127706304223,0.5868983208708038,0.5887127706304223,0.16524513434675064,0.1566038330610579,0.16524513434675064,0.1566038330610579,0.16524513434675064,0.1566038330610579,0.5868983208708038,0.5887127706304223,0.5868983208708038,0.5887127706304223,0.5868983208708038,0.5887127706304223
0.516,0.516,0.038060220610156,0.516,0.565,0.565,0.1448185835836622,0.565,0.5910882395082643,0.5958937108168956,0.5910882395082643,0.5958937108168956,0.5910882395082643,0.5958937108168956,0.5910882395082643,0.5958937108168956,0.5910882395082643,0.5958937108168956,0.5910882395082643,0.5958937108168956,0.14492328162442275,0.1652794567353727,0.14492328162442275,0.1652794567353727,0.14492328162442275,0.1652794567353727,0.5910882395082643,0.5958937108168956,0.5910882395082643,0.5958937108168956,0.5910882395082643,0.5958937108168956
0.514,0.514,0.0391649038176389,0.514,0.553,0.553,0.1175286062874606,0.553,0.5975213332611916,0.6122287460564607,0.5975213332611916,0.6122287460564607,0.5975213332611916,0.6122287460564607,0.5975213332611916,0.6122287460564607,0.5975213332611916,0.6122287460564607,0.5975213332611916,0.6122287460564607,0.2020990282121138,0.19390131724471094,0.2020990282121138,0.19390131724471094,0.2020990282121138,0.19390131724471094,0.5975213332611916,0.6122287460564607,0.5975213332611916,0.6122287460564607,0.5975213332611916,0.6122287460564607
0.513,0.513,0.0388714337590981,0.513,0.551,0.551,0.1110671154226886,0.551,0.587834227974295,0.5897841403361168,0.587834227974295,0.5897841403361168,0.587834227974295,0.5897841403361168,0.587834227974295,0.5897841403361168,0.587834227974295,0.5897841403361168,0.587834227974295,0.5897841403361168,0.24577474541969468,0.24736828359978263,0.24577474541969468,0.24736828359978263,0.24577474541969468,0.24736828359978263,0.587834227974295,0.5897841403361168,0.587834227974295,0.5897841403361168,0.587834227974295,0.5897841403361168
0.518,0.518,0.051535842893406,0.518,0.525,0.525,0.0714241030934282,0.525,0.602603254690039,0.6114093586209607,0.602603254690039,0.6114093586209607,0.602603254690039,0.6114093586209607,0.602603254690039,0.6114093586209607,0.602603254690039,0.6114093586209607,0.602603254690039,0.6114093586209607,0.2437115156183632,0.23223088391083402,0.2437115156183632,0.23223088391083402,0.2437115156183632,0.23223088391083402,0.602603254690039,0.6114093586209607,0.602603254690039,0.6114093586209607,0.602603254690039,0.6114093586209607
0.545,0.545,0.1026844525783523,0.545,0.508,0.508,0.0350216531726604,0.508,0.6017423612369214,0.6136529356382003,0.6017423612369214,0.6136529356382003,0.6017423612369214,0.6136529356382003,0.6017423612369214,0.6136529356382003,0.6017423612369214,0.6136529356382003,0.6017423612369214,0.6136529356382003,0.1917978258450035,0.214896064757974,0.1917978258450035,0.214896064757974,0.1917978258450035,0.214896064757974,0.6017423612369214,0.6136529356382003,0.6017423612369214,0.6136529356382003,0.6017423612369214,0.6136529356382003
0.557,0.557,0.1229181680670936,0.557,0.51,0.51,0.0301830776843147,0.51,0.6198054798146544,0.641811884158599,0.6198054798146544,0.641811884158599,0.6198054798146544,0.641811884158599,0.6198054798146544,0.641811884158599,0.6198054798146544,0.641811884158599,0.6198054798146544,0.641811884158599,0.21842712515695467,0.21255246705186398,0.21842712515695467,0.21255246705186398,0.21842712515695467,0.21255246705186398,0.6198054798146544,0.641811884158599,0.6198054798146544,0.641811884158599,0.6198054798146544,0.641811884158599
0.552,0.552,0.1117702339930289,0.552,0.52,0.52,0.0474565104363046,0.52,0.6226307077511991,0.6260756743256534,0.6226307077511991,0.6260756743256534,0.6226307077511991,0.6260756743256534,0.6226307077511991,0.6260756743256534,0.6226307077511991,0.6260756743256534,0.6226307077511991,0.6260756743256534,0.1968349911417265,0.21675299799452524,0.1968349911417265,0.21675299799452524,0.1968349911417265,0.21675299799452524,0.6226307077511991,0.6260756743256534,0.6226307077511991,0.6260756743256534,0.6226307077511991,0.6260756743256534
0.548,0.548,0.1033169338200286,0.548,0.516,0.516,0.038060220610156,0.516,0.6253392488475645,0.6326866491809775,0.6253392488475645,0.6326866491809775,0.6253392488475645,0.6326866491809775,0.6253392488475645,0.6326866491809775,0.6253392488475645,0.6326866491809775,0.6253392488475645,0.6326866491809775,0.27094233808234885,0.24877690624767126,0.27094233808234885,0.24877690624767126,0.27094233808234885,0.24877690624767126,0.6253392488475645,0.6326866491809775,0.6253392488475645,0.6326866491809775,0.6253392488475645,0.6326866491809775
0.547,0.547,0.0971851308583318,0.547,0.514,0.514,0.0391649038176389,0.514,0.6259084289994253,0.6339896658060343,0.6259084289994253,0.6339896658060343,0.6259084289994253,0.6339896658060343,0.6259084289994253,0.6339896658060343,0.6259084289994253,0.6339896658060343,0.6259084289994253,0.6339896658060343,0.2758722564295191,0.2548398947282041,0.2758722564295191,0.2548398947282041,0.2758722564295191,0.2548398947282041,0.6259084289994253,0.6339896658060343,0.6259084289994253,0.6339896658060343,0.6259084289994253,0.6339896658060343
0.549,0.549,0.1027161240519828,0.549,0.513,0.513,0.0388714337590981,0.513,0.630431953099835,0.6368227149577838,0.630431953099835,0.6368227149577838,0.630431953099835,0.6368227149577838,0.630431953099835,0.6368227149577838,0.630431953099835,0.6368227149577838,0.630431953099835,0.6368227149577838,0.27760270886646476,0.24201276029776322,0.27760270886646476,0.24201276029776322,0.27760270886646476,0.24201276029776322,0.630431953099835,0.6368227149577838,0.630431953099835,0.6368227149577838,0.630431953099835,0.6368227149577838
0.562,0.562,0.1254936568341274,0.562,0.518,0.518,0.051535842893406,0.518,0.6315275154869426,0.6334473244992892,0.6315275154869426,0.6334473244992892,0.6315275154869426,0.6334473244992892,0.6315275154869426,0.6334473244992892,0.6315275154869426,0.6334473244992892,0.6315275154869426,0.6334473244992892,0.29961901013859127,0.2840826062382652,0.29961901013859127,0.2840826062382652,0.29961901013859127,0.2840826062382652,0.6315275154869426,0.6334473244992892,0.6315275154869426,0.6334473244992892,0.6315275154869426,0.6334473244992892
0.56,0.56,0.1215004771849681,0.56,0.545,0.545,0.1026844525783523,0.545,0.6357317884492097,0.6391907652029644,0.6357317884492097,0.6391907652029644,0.6357317884492097,0.6391907652029644,0.6357317884492097,0.6391907652029644,0.6357317884492097,0.6391907652029644,0.6357317884492097,0.6391907652029644,0.29706251946799034,0.27864599452059785,0.29706251946799034,0.27864599452059785,0.29706251946799034,0.27864599452059785,0.6357317884492097,0.6391907652029644,0.6357317884492097,0.6391907652029644,0.6357317884492097,0.6391907652029644
0.565,0.565,0.1374524111675127,0.565,0.557,0.557,0.1229181680670936,0.557,0.6368648410112293,0.647884998846154,0.6368648410112293,0.647884998846154,0.6368648410112293,0.647884998846154,0.6368648410112293,0.647884998846154,0.6368648410112293,0.647884998846154,0.6368648410112293,0.647884998846154,0.2699025756868454,0.27446303020562923,0.2699025756868454,0.27446303020562923,0.2699025756868454,0.27446303020562923,0.6368648410112293,0.647884998846154,0.6368648410112293,0.647884998846154,0.6368648410112293,0.647884998846154
0.562,0.562,0.1294600267124593,0.562,0.552,0.552,0.1117702339930289,0.552,0.6304260763380515,0.6383607386064479,0.6304260763380515,0.6383607386064479,0.6304260763380515,0.6383607386064479,0.6304260763380515,0.6383607386064479,0.6304260763380515,0.6383607386064479,0.6304260763380515,0.6383607386064479,0.2773236317965708,0.30035759336494444,0.2773236317965708,0.30035759336494444,0.2773236317965708,0.30035759336494444,0.6304260763380515,0.6383607386064479,0.6304260763380515,0.6383607386064479,0.6304260763380515,0.6383607386064479
0.549,0.549,0.1002242456647167,0.549,0.548,0.548,0.1033169338200286,0.548,0.6220725246473373,0.6500226571204422,0.6220725246473373,0.6500226571204422,0.6220725246473373,0.6500226571204422,0.6220725246473373,0.6500226571204422,0.6220725246473373,0.6500226571204422,0.6220725246473373,0.6500226571204422,0.2726601556256376,0.3049527987613114,0.2726601556256376,0.3049527987613114,0.2726601556256376,0.3049527987613114,0.6220725246473373,0.6500226571204422,0.6220725246473373,0.6500226571204422,0.6220725246473373,0.6500226571204422
0.548,0.548,0.1024622716441621,0.548,0.547,0.547,0.0971851308583318,0.547,0.6382702082419706,0.6550336300442939,0.6382702082419706,0.6550336300442939,0.6382702082419706,0.6550336300442939,0.6382702082419706,0.6550336300442939,0.6382702082419706,0.6550336300442939,0.6382702082419706,0.6550336300442939,0.3009952655533199,0.30830944737075405,0.3009952655533199,0.30830944737075405,0.3009952655533199,0.30830944737075405,0.6382702082419706,0.6550336300442939,0.6382702082419706,0.6550336300442939,0.6382702082419706,0.6550336300442939
0.556,0.556,0.1162948072368289,0.556,0.549,0.549,0.1027161240519828,0.549,0.6408219126750518,0.6522951867061372,0.6408219126750518,0.6522951867061372,0.6408219126750518,0.6522951867061372,0.6408219126750518,0.6522951867061372,0.6408219126750518,0.6522951867061372,0.6408219126750518,0.6522951867061372,0.27969709311830615,0.2860909212549802,0.27969709311830615,0.2860909212549802,0.27969709311830615,0.2860909212549802,0.6408219126750518,0.6522951867061372,0.6408219126750518,0.6522951867061372,0.6408219126750518,0.6522951867061372
0.559,0.559,0.1214439397561559,0.559,0.562,0.562,0.1254936568341274,0.562,0.6370010083983992,0.6493452864619219,0.6370010083983992,0.6493452864619219,0.6370010083983992,0.6493452864619219,0.6370010083983992,0.6493452864619219,0.6370010083983992,0.6493452864619219,0.6370010083983992,0.6493452864619219,0.29493075155577564,0.2876020911892831,0.29493075155577564,0.2876020911892831,0.29493075155577564,0.2876020911892831,0.6370010083983992,0.6493452864619219,0.6370010083983992,0.6493452864619219,0.6370010083983992,0.6493452864619219
0.572,0.572,0.1462027967842964,0.572,0.56,0.56,0.1215004771849681,0.56,0.6225066768225372,0.6401843568665181,0.6225066768225372,0.6401843568665181,0.6225066768225372,0.6401843568665181,0.6225066768225372,0.6401843568665181,0.6225066768225372,0.6401843568665181,0.6225066768225372,0.6401843568665181,0.280387538222836,0.2767691055795024,0.280387538222836,0.2767691055795024,0.280387538222836,0.2767691055795024,0.6225066768225372,0.6401843568665181,0.6225066768225372,0.6401843568665181,0.6225066768225372,0.6401843568665181
0.557,0.557,0.1122956075665276,0.557,0.565,0.565,0.1374524111675127,0.565,0.6244716609338351,0.6168712514074536,0.6244716609338351,0.6168712514074536,0.6244716609338351,0.6168712514074536,0.6244716609338351,0.6168712514074536,0.6244716609338351,0.6168712514074536,0.6244716609338351,0.6168712514074536,0.242566769520825,0.2298610849206311,0.242566769520825,0.2298610849206311,0.242566769520825,0.2298610849206311,0.6244716609338351,0.6168712514074536,0.6244716609338351,0.6168712514074536,0.6244716609338351,0.6168712514074536
0.559,0.559,0.077112387202625,0.559,0.562,0.562,0.1294600267124593,0.562,0.6164134998691138,0.6240115317096256,0.6164134998691138,0.6240115317096256,0.6164134998691138,0.6240115317096256,0.6164134998691138,0.6240115317096256,0.6164134998691138,0.6240115317096256,0.6164134998691138,0.6240115317096256,0.2136946610044916,0.18377516193583035,0.2136946610044916,0.18377516193583035,0.2136946610044916,0.18377516193583035,0.6164134998691138,0.6240115317096256,0.6164134998691138,0.6240115317096256,0.6164134998691138,0.6240115317096256
0.607,0.607,0.0694436551684946,0.607,0.549,0.549,0.1002242456647167,0.549,0.6725527504605255,0.6921611622404457,0.6725527504605255,0.6921611622404457,0.6725527504605255,0.6921611622404457,0.6725527504605255,0.6921611622404457,0.6725527504605255,0.6921611622404457,0.6725527504605255,0.6921611622404457,0.13238264034965458,0.10038202053967571,0.13238264034965458,0.10038202053967571,0.13238264034965458,0.10038202053967571,0.6725527504605255,0.6921611622404457,0.6725527504605255,0.6921611622404457,0.6725527504605255,0.6921611622404457
0.669,0.669,0.0399229617941548,0.669,0.548,0.548,0.1024622716441621,0.548,0.7192502195065376,0.7259751122244094,0.7192502195065376,0.7259751122244094,0.7192502195065376,0.7259751122244094,0.7192502195065376,0.7259751122244094,0.7192502195065376,0.7259751122244094,0.7192502195065376,0.7259751122244094,0.0997792375885591,0.10394021267695765,0.0997792375885591,0.10394021267695765,0.0997792375885591,0.10394021267695765,0.7192502195065376,0.7259751122244094,0.7192502195065376,0.7259751122244094,0.7192502195065376,0.7259751122244094
0.721,0.721,0.0074988972209967,0.721,0.556,0.556,0.1162948072368289,0.556,0.7524550303186206,0.7570115159854824,0.7524550303186206,0.7570115159854824,0.7524550303186206,0.7570115159854824,0.7524550303186206,0.7570115159854824,0.7524550303186206,0.7570115159854824,0.7524550303186206,0.7570115159854824,0.0562589441393168,0.05108916419846661,0.0562589441393168,0.05108916419846661,0.0562589441393168,0.05108916419846661,0.7524550303186206,0.7570115159854824,0.7524550303186206,0.7570115159854824,0.7524550303186206,0.7570115159854824
0.719,0.719,0.0146850498618454,0.719,0.559,0.559,0.1214439397561559,0.559,0.7573450670703559,0.7598822797240651,0.7573450670703559,0.7598822797240651,0.7573450670703559,0.7598822797240651,0.7573450670703559,0.7598822797240651,0.7573450670703559,0.7598822797240651,0.7573450670703559,0.7598822797240651,0.03609758542777267,0.04347643758128225,0.03609758542777267,0.04347643758128225,0.03609758542777267,0.04347643758128225,0.7573450670703559,0.7598822797240651,0.7573450670703559,0.7598822797240651,0.7573450670703559,0.7598822797240651
0.72,0.72,0.0043807248108321,0.72,0.572,0.572,0.1462027967842964,0.572,0.7574299702057313,0.7566211218964052,0.7574299702057313,0.7566211218964052,0.7574299702057313,0.7566211218964052,0.7574299702057313,0.7566211218964052,0.7574299702057313,0.7566211218964052,0.7574299702057313,0.7566211218964052,0.03827399506371346,0.04977961207685326,0.03827399506371346,0.04977961207685326,0.03827399506371346,0.04977961207685326,0.7574299702057313,0.7566211218964052,0.7574299702057313,0.7566211218964052,0.7574299702057313,0.7566211218964052
0.718,0.718,0.0033363492422527,0.718,0.557,0.557,0.1122956075665276,0.557,0.7518891449451046,0.7476179307102737,0.7518891449451046,0.7476179307102737,0.7518891449451046,0.7476179307102737,0.7518891449451046,0.7476179307102737,0.7518891449451046,0.7476179307102737,0.7518891449451046,0.7476179307102737,0.04003159399735056,0.03650189902500227,0.04003159399735056,0.03650189902500227,0.04003159399735056,0.03650189902500227,0.7518891449451046,0.7476179307102737,0.7518891449451046,0.7476179307102737,0.7518891449451046,0.7476179307102737
0.691,0.691,0.0267103439586746,0.691,0.559,0.559,0.077112387202625,0.559,0.7461072939159001,0.7380864659572256,0.7461072939159001,0.7380864659572256,0.7461072939159001,0.7380864659572256,0.7461072939159001,0.7380864659572256,0.7461072939159001,0.7380864659572256,0.7461072939159001,0.7380864659572256,0.04376253230475687,0.03597321780889529,0.04376253230475687,0.03597321780889529,0.04376253230475687,0.03597321780889529,0.7461072939159001,0.7380864659572256,0.7461072939159001,0.7380864659572256,0.7461072939159001,0.7380864659572256
0.69,0.69,0.0264308326214764,0.69,0.607,0.607,0.0694436551684946,0.607,0.7387439916786288,0.7405118246095017,0.7387439916786288,0.7405118246095017,0.7387439916786288,0.7405118246095017,0.7387439916786288,0.7405118246095017,0.7387439916786288,0.7405118246095017,0.7387439916786288,0.7405118246095017,0.05053034513306999,0.03630562776543567,0.05053034513306999,0.03630562776543567,0.05053034513306999,0.03630562776543567,0.7387439916786288,0.7405118246095017,0.7387439916786288,0.7405118246095017,0.7387439916786288,0.7405118246095017
0.639,0.639,0.014296792232331,0.639,0.669,0.669,0.0399229617941548,0.669,0.7326266453892522,0.7334597877543638,0.7326266453892522,0.7334597877543638,0.7326266453892522,0.7334597877543638,0.7326266453892522,0.7334597877543638,0.7326266453892522,0.7334597877543638,0.7326266453892522,0.7334597877543638,0.04444398036126234,0.07595602496750276,0.04444398036126234,0.07595602496750276,0.04444398036126234,0.07595602496750276,0.7326266453892522,0.7334597877543638,0.7326266453892522,0.7334597877543638,0.7326266453892522,0.7334597877543638
0.637,0.637,-0.0048943615183594,0.637,0.721,0.721,0.0074988972209967,0.721,0.7160234139452091,0.711600013452122,0.7160234139452091,0.711600013452122,0.7160234139452091,0.711600013452122,0.7160234139452091,0.711600013452122,0.7160234139452091,0.711600013452122,0.7160234139452091,0.711600013452122,0.03604449597088523,0.041143089393944086,0.03604449597088523,0.041143089393944086,0.03604449597088523,0.041143089393944086,0.7160234139452091,0.711600013452122,0.7160234139452091,0.711600013452122,0.7160234139452091,0.711600013452122
0.638,0.638,-0.017008197872711,0.638,0.719,0.719,0.0146850498618454,0.719,0.7179203720272024,0.7065242278662138,0.7179203720272024,0.7065242278662138,0.7179203720272024,0.7065242278662138,0.7179203720272024,0.7065242278662138,0.7179203720272024,0.7065242278662138,0.7179203720272024,0.7065242278662138,0.030915696638712967,0.045418548631432645,0.030915696638712967,0.045418548631432645,0.030915696638712967,0.045418548631432645,0.7179203720272024,0.7065242278662138,0.7179203720272024,0.7065242278662138,0.7179203720272024,0.7065242278662138
0.624,0.624,0.0083499047910415,0.624,0.72,0.72,0.0043807248108321,0.72,0.7064399253235263,0.692021791548561,0.7064399253235263,0.692021791548561,0.7064399253235263,0.692021791548561,0.7064399253235263,0.692021791548561,0.7064399253235263,0.692021791548561,0.7064399253235263,0.692021791548561,0.05625854229209082,0.06018284719485544,0.05625854229209082,0.06018284719485544,0.05625854229209082,0.06018284719485544,0.7064399253235263,0.692021791548561,0.7064399253235263,0.692021791548561,0.7064399253235263,0.692021791548561
0.609,0.609,0.054642166344294,0.609,0.718,0.718,0.0033363492422527,0.718,0.6910364745501807,0.6793386139009527,0.6910364745501807,0.6793386139009527,0.6910364745501807,0.6793386139009527,0.6910364745501807,0.6793386139009527,0.6910364745501807,0.6793386139009527,0.6910364745501807,0.6793386139009527,0.08519820442923133,0.06868948427350258,0.08519820442923133,0.06868948427350258,0.08519820442923133,0.06868948427350258,0.6910364745501807,0.6793386139009527,0.6910364745501807,0.6793386139009527,0.6910364745501807,0.6793386139009527
0.573,0.573,0.0353770388108254,0.573,0.691,0.691,0.0267103439586746,0.691,0.6143325192979758,0.6309014569120909,0.6143325192979758,0.6309014569120909,0.6143325192979758,0.6309014569120909,0.6143325192979758,0.6309014569120909,0.6143325192979758,0.6309014569120909,0.6143325192979758,0.6309014569120909,0.0880310088635822,0.11844451824235741,0.0880310088635822,0.11844451824235741,0.0880310088635822,0.11844451824235741,0.6143325192979758,0.6309014569120909,0.6143325192979758,0.6309014569120909,0.6143325192979758,0.6309014569120909
0.556,0.556,0.0530949293660001,0.556,0.69,0.69,0.0264308326214764,0.69,0.5809147894239258,0.6103768430922912,0.5809147894239258,0.6103768430922912,0.5809147894239258,0.6103768430922912,0.5809147894239258,0.6103768430922912,0.5809147894239258,0.6103768430922912,0.5809147894239258,0.6103768430922912,0.11253489129086484,0.12287131307312928,0.11253489129086484,0.12287131307312928,0.11253489129086484,0.12287131307312928,0.5809147894239258,0.6103768430922912,0.5809147894239258,0.6103768430922912,0.5809147894239258,0.6103768430922912
0.551,0.551,0.0753706754530477,0.551,0.639,0.639,0.014296792232331,0.639,0.5779383667278859,0.569254608140141,0.5779383667278859,0.569254608140141,0.5779383667278859,0.569254608140141,0.5779383667278859,0.569254608140141,0.5779383667278859,0.569254608140141,0.5779383667278859,0.569254608140141,0.1425886366066572,0.12552957147618904,0.1425886366066572,0.12552957147618904,0.1425886366066572,0.12552957147618904,0.5779383667278859,0.569254608140141,0.5779383667278859,0.569254608140141,0.5779383667278859,0.569254608140141
0.575,0.575,0.1296690694626474,0.575,0.637,0.637,-0.0048943615183594,0.637,0.5812169275255545,0.5764901862853925,0.5812169275255545,0.5764901862853925,0.5812169275255545,0.5764901862853925,0.5812169275255545,0.5764901862853925,0.5812169275255545,0.5764901862853925,0.5812169275255545,0.5764901862853925,0.13772815254924722,0.12343664642357682,0.13772815254924722,0.12343664642357682,0.13772815254924722,0.12343664642357682,0.5812169275255545,0.5764901862853925,0.5812169275255545,0.5764901862853925,0.5812169275255545,0.5764901862853925
0.586,0.586,0.1463741520443721,0.586,0.638,0.638,-0.017008197872711,0.638,0.5693640072283442,0.5792574582277767,0.5693640072283442,0.5792574582277767,0.5693640072283442,0.5792574582277767,0.5693640072283442,0.5792574582277767,0.5693640072283442,0.5792574582277767,0.5693640072283442,0.5792574582277767,0.13121956593421547,0.13214714137026962,0.13121956593421547,0.13214714137026962,0.13121956593421547,0.13214714137026962,0.5693640072283442,0.5792574582277767,0.5693640072283442,0.5792574582277767,0.5693640072283442,0.5792574582277767
0.598,0.598,0.1719535305264893,0.598,0.624,0.624,0.0083499047910415,0.624,0.586792997629761,0.604120396633104,0.586792997629761,0.604120396633104,0.586792997629761,0.604120396633104,0.586792997629761,0.604120396633104,0.586792997629761,0.604120396633104,0.586792997629761,0.604120396633104,0.14504502792176768,0.14195375464460422,0.14504502792176768,0.14195375464460422,0.14504502792176768,0.14195375464460422,0.586792997629761,0.604120396633104,0.586792997629761,0.604120396633104,0.586792997629761,0.604120396633104
0.593,0.593,0.1684441938199262,0.593,0.609,0.609,0.054642166344294,0.609,0.5898136198797985,0.5973885929867419,0.5898136198797985,0.5973885929867419,0.5898136198797985,0.5973885929867419,0.5898136198797985,0.5973885929867419,0.5898136198797985,0.5973885929867419,0.5898136198797985,0.5973885929867419,0.16948270992195358,0.12712065387350882,0.16948270992195358,0.12712065387350882,0.16948270992195358,0.12712065387350882,0.5898136198797985,0.5973885929867419,0.5898136198797985,0.5973885929867419,0.5898136198797985,0.5973885929867419
0.585,0.585,0.1592995648615578,0.585,0.573,0.573,0.0353770388108254,0.573,0.5911125285844456,0.5979099715490401,0.5911125285844456,0.5979099715490401,0.5911125285844456,0.5979099715490401,0.5911125285844456,0.5979099715490401,0.5911125285844456,0.5979099715490401,0.5911125285844456,0.5979099715490401,0.17517208726282582,0.14538374215881136,0.17517208726282582,0.14538374215881136,0.17517208726282582,0.14538374215881136,0.5911125285844456,0.5979099715490401,0.5911125285844456,0.5979099715490401,0.5911125285844456,0.5979099715490401
0.555,0.555,0.1004431075748754,0.555,0.556,0.556,0.0530949293660001,0.556,0.5909771476179447,0.6052278932595273,0.5909771476179447,0.6052278932595273,0.5909771476179447,0.6052278932595273,0.5909771476179447,0.6052278932595273,0.5909771476179447,0.6052278932595273,0.5909771476179447,0.6052278932595273,0.17882147690178987,0.1407979969239771,0.17882147690178987,0.1407979969239771,0.17882147690178987,0.1407979969239771,0.5909771476179447,0.6052278932595273,0.5909771476179447,0.6052278932595273,0.5909771476179447,0.6052278932595273
0.534,0.534,0.0511599874573938,0.534,0.551,0.551,0.0753706754530477,0.551,0.5724158189190022,0.5718154731519612,0.5724158189190022,0.5718154731519612,0.5724158189190022,0.5718154731519612,0.5724158189190022,0.5718154731519612,0.5724158189190022,0.5718154731519612,0.5724158189190022,0.5718154731519612,0.13005120489958974,0.11840692045867839,0.13005120489958974,0.11840692045867839,0.13005120489958974,0.11840692045867839,0.5724158189190022,0.5718154731519612,0.5724158189190022,0.5718154731519612,0.5724158189190022,0.5718154731519612
0.552,0.552,0.0903183885640026,0.552,0.575,0.575,0.1296690694626474,0.575,0.5770803248861474,0.5774481712937664,0.5770803248861474,0.5774481712937664,0.5770803248861474,0.5774481712937664,0.5770803248861474,0.5774481712937664,0.5770803248861474,0.5774481712937664,0.5770803248861474,0.5774481712937664,0.1324799686001004,0.14232338453343366,0.1324799686001004,0.14232338453343366,0.1324799686001004,0.14232338453343366,0.5770803248861474,0.5774481712937664,0.5770803248861474,0.5774481712937664,0.5770803248861474,0.5774481712937664
0.586,0.586,0.1619704624951418,0.586,0.586,0.586,0.1463741520443721,0.586,0.5757831844705431,0.5901979618814794,0.5757831844705431,0.5901979618814794,0.5757831844705431,0.5901979618814794,0.5757831844705431,0.5901979618814794,0.5757831844705431,0.5901979618814794,0.5757831844705431,0.5901979618814794,0.13117557851674808,0.15189596117937243,0.13117557851674808,0.15189596117937243,0.13117557851674808,0.15189596117937243,0.5757831844705431,0.5901979618814794,0.5757831844705431,0.5901979618814794,0.5757831844705431,0.5901979618814794
0.593,0.593,0.1792633939374384,0.593,0.598,0.598,0.1719535305264893,0.598,0.5785084074678543,0.5771963757971887,0.5785084074678543,0.5771963757971887,0.5785084074678543,0.5771963757971887,0.5785084074678543,0.5771963757971887,0.5785084074678543,0.5771963757971887,0.5785084074678543,0.5771963757971887,0.13458838406184667,0.1462009721123046,0.13458838406184667,0.1462009721123046,0.13458838406184667,0.1462009721123046,0.5785084074678543,0.5771963757971887,0.5785084074678543,0.5771963757971887,0.5785084074678543,0.5771963757971887
0.588,0.588,0.1696327438800724,0.588,0.593,0.593,0.1684441938199262,0.593,0.5923499265332244,0.5834596300679807,0.5923499265332244,0.5834596300679807,0.5923499265332244,0.5834596300679807,0.5923499265332244,0.5834596300679807,0.5923499265332244,0.5834596300679807,0.5923499265332244,0.5834596300679807,0.10597490529852018,0.09682463107782607,0.10597490529852018,0.09682463107782607,0.10597490529852018,0.09682463107782607,0.5923499265332244,0.5834596300679807,0.5923499265332244,0.5834596300679807,0.5923499265332244,0.5834596300679807
0.578,0.578,0.1479704737445688,0.578,0.585,0.585,0.1592995648615578,0.585,0.5876039102926078,0.5841339158935758,0.5876039102926078,0.5841339158935758,0.5876039102926078,0.5841339158935758,0.5876039102926078,0.5841339158935758,0.5876039102926078,0.5841339158935758,0.5876039102926078,0.5841339158935758,0.09945129962635291,0.082534308782695,0.09945129962635291,0.082534308782695,0.09945129962635291,0.082534308782695,0.5876039102926078,0.5841339158935758,0.5876039102926078,0.5841339158935758,0.5876039102926078,0.5841339158935758
0.58,0.58,0.1527987897125567,0.58,0.555,0.555,0.1004431075748754,0.555,0.5807360646871544,0.5981121904832373,0.5807360646871544,0.5981121904832373,0.5807360646871544,0.5981121904832373,0.5807360646871544,0.5981121904832373,0.5807360646871544,0.5981121904832373,0.5807360646871544,0.5981121904832373,0.09580482996875857,0.1069435010062512,0.09580482996875857,0.1069435010062512,0.09580482996875857,0.1069435010062512,0.5807360646871544,0.5981121904832373,0.5807360646871544,0.5981121904832373,0.5807360646871544,0.5981121904832373
0.595,0.595,0.1825844057287715,0.595,0.534,0.534,0.0511599874573938,0.534,0.5858872519109485,0.5887127860496251,0.5858872519109485,0.5887127860496251,0.5858872519109485,0.5887127860496251,0.5858872519109485,0.5887127860496251,0.5858872519109485,0.5887127860496251,0.5858872519109485,0.5887127860496251,0.10289140421602322,0.09753958775839325,0.10289140421602322,0.09753958775839325,0.10289140421602322,0.09753958775839325,0.5858872519109485,0.5887127860496251,0.5858872519109485,0.5887127860496251,0.5858872519109485,0.5887127860496251
0.612,0.612,0.2215057042765019,0.612,0.552,0.552,0.0903183885640026,0.552,0.5920079123242212,0.6046693937498598,0.5920079123242212,0.6046693937498598,0.5920079123242212,0.6046693937498598,0.5920079123242212,0.6046693937498598,0.5920079123242212,0.6046693937498598,0.5920079123242212,0.6046693937498598,0.11755850249965229,0.1324108189580426,0.11755850249965229,0.1324108189580426,0.11755850249965229,0.1324108189580426,0.5920079123242212,0.6046693937498598,0.5920079123242212,0.6046693937498598,0.5920079123242212,0.6046693937498598
0.59,0.59,0.1797211051757598,0.59,0.586,0.586,0.1619704624951418,0.586,0.5871043756853646,0.6020710218670964,0.5871043756853646,0.6020710218670964,0.5871043756853646,0.6020710218670964,0.5871043756853646,0.6020710218670964,0.5871043756853646,0.6020710218670964,0.5871043756853646,0.6020710218670964,0.1481233801953855,0.15183001129454596,0.1481233801953855,0.15183001129454596,0.1481233801953855,0.15183001129454596,0.5871043756853646,0.6020710218670964,0.5871043756853646,0.6020710218670964,0.5871043756853646,0.6020710218670964
0.568,0.568,0.1426972490901079,0.568,0.593,0.593,0.1792633939374384,0.593,0.5772547651240411,0.5964650326366139,0.5772547651240411,0.5964650326366139,0.5772547651240411,0.5964650326366139,0.5772547651240411,0.5964650326366139,0.5772547651240411,0.5964650326366139,0.5772547651240411,0.5964650326366139,0.12445842338645992,0.13109321419714198,0.12445842338645992,0.13109321419714198,0.12445842338645992,0.13109321419714198,0.5772547651240411,0.5964650326366139,0.5772547651240411,0.5964650326366139,0.5772547651240411,0.5964650326366139
0.567,0.567,0.1431443633542831,0.567,0.588,0.588,0.1696327438800724,0.588,0.5835070383729096,0.5897219630875536,0.5835070383729096,0.5897219630875536,0.5835070383729096,0.5897219630875536,0.5835070383729096,0.5897219630875536,0.5835070383729096,0.5897219630875536,0.5835070383729096,0.5897219630875536,0.13216219714127794,0.15052522995022763,0.13216219714127794,0.15052522995022763,0.13216219714127794,0.15052522995022763,0.5835070383729096,0.5897219630875536,0.5835070383729096,0.5897219630875536,0.5835070383729096,0.5897219630875536
0.554,0.554,0.1158897994298876,0.554,0.578,0.578,0.1479704737445688,0.578,0.5680540316233782,0.5884162842790703,0.5680540316233782,0.5884162842790703,0.5680540316233782,0.5884162842790703,0.5680540316233782,0.5884162842790703,0.5680540316233782,0.5884162842790703,0.5680540316233782,0.5884162842790703,0.13219243261777935,0.1274689428859082,0.13219243261777935,0.1274689428859082,0.13219243261777935,0.1274689428859082,0.5680540316233782,0.5884162842790703,0.5680540316233782,0.5884162842790703,0.5680540316233782,0.5884162842790703
0.567,0.567,0.1393840136108506,0.567,0.58,0.58,0.1527987897125567,0.58,0.5693552608319451,0.5690728723991336,0.5693552608319451,0.5690728723991336,0.5693552608319451,0.5690728723991336,0.5693552608319451,0.5690728723991336,0.5693552608319451,0.5690728723991336,0.5693552608319451,0.5690728723991336,0.10992205319344445,0.07411368213903174,0.10992205319344445,0.07411368213903174,0.10992205319344445,0.07411368213903174,0.5693552608319451,0.5690728723991336,0.5693552608319451,0.5690728723991336,0.5693552608319451,0.5690728723991336
0.57,0.57,0.1444897179601452,0.57,0.595,0.595,0.1825844057287715,0.595,0.5574549072992807,0.5664674809149236,0.5574549072992807,0.5664674809149236,0.5574549072992807,0.5664674809149236,0.5574549072992807,0.5664674809149236,0.5574549072992807,0.5664674809149236,0.5574549072992807,0.5664674809149236,0.0982521849420704,0.07370309516524381,0.0982521849420704,0.07370309516524381,0.0982521849420704,0.07370309516524381,0.5574549072992807,0.5664674809149236,0.5574549072992807,0.5664674809149236,0.5574549072992807,0.5664674809149236
0.585,0.585,0.17281243771178,0.585,0.612,0.612,0.2215057042765019,0.612,0.5664563925532731,0.5584351775439443,0.5664563925532731,0.5584351775439443,0.5664563925532731,0.5584351775439443,0.5664563925532731,0.5584351775439443,0.5664563925532731,0.5584351775439443,0.5664563925532731,0.5584351775439443,0.09815681565591985,0.0788515327713385,0.09815681565591985,0.0788515327713385,0.09815681565591985,0.0788515327713385,0.5664563925532731,0.5584351775439443,0.5664563925532731,0.5584351775439443,0.5664563925532731,0.5584351775439443
0.579,0.579,0.1652191844925087,0.579,0.59,0.59,0.1797211051757598,0.59,0.5713639791849103,0.5581233149585493,0.5713639791849103,0.5581233149585493,0.5713639791849103,0.5581233149585493,0.5713639791849103,0.5581233149585493,0.5713639791849103,0.5581233149585493,0.5713639791849103,0.5581233149585493,0.08817394533497218,0.07471498294768485,0.08817394533497218,0.07471498294768485,0.08817394533497218,0.07471498294768485,0.5713639791849103,0.5581233149585493,0.5713639791849103,0.5581233149585493,0.5713639791849103,0.5581233149585493
0.584,0.584,0.1752152172792412,0.584,0.568,0.568,0.1426972490901079,0.568,0.5777959321289595,0.5783034198745655,0.5777959321289595,0.5783034198745655,0.5777959321289595,0.5783034198745655,0.5777959321289595,0.5783034198745655,0.5777959321289595,0.5783034198745655,0.5777959321289595,0.5783034198745655,0.08655286353290852,0.08607857611842888,0.08655286353290852,0.08607857611842888,0.08655286353290852,0.08607857611842888,0.5777959321289595,0.5783034198745655,0.5777959321289595,0.5783034198745655,0.5777959321289595,0.5783034198745655
0.591,0.591,0.1892963330029732,0.591,0.567,0.567,0.1431443633542831,0.567,0.5553732438577725,0.5608358624101261,0.5553732438577725,0.5608358624101261,0.5553732438577725,0.5608358624101261,0.5553732438577725,0.5608358624101261,0.5553732438577725,0.5608358624101261,0.5553732438577725,0.5608358624101261,0.0746147156861383,0.05682605066104598,0.0746147156861383,0.05682605066104598,0.0746147156861383,0.05682605066104598,0.5553732438577725,0.5608358624101261,0.5553732438577725,0.5608358624101261,0.5553732438577725,0.5608358624101261
0.574,0.574,0.1548960482463102,0.574,0.554,0.554,0.1158897994298876,0.554,0.5437674380446379,0.5636152357425182,0.5437674380446379,0.5636152357425182,0.5437674380446379,0.5636152357425182,0.5437674380446379,0.5636152357425182,0.5437674380446379,0.5636152357425182,0.5437674380446379,0.5636152357425182,0.05742038572572397,0.0500680598713117,0.05742038572572397,0.0500680598713117,0.05742038572572397,0.0500680598713117,0.5437674380446379,0.5636152357425182,0.5437674380446379,0.5636152357425182,0.5437674380446379,0.5636152357425182
0.563,0.563,0.1366707495357382,0.563,0.567,0.567,0.1393840136108506,0.567,0.5571433461971036,0.5583205027568325,0.5571433461971036,0.5583205027568325,0.5571433461971036,0.5583205027568325,0.5571433461971036,0.5583205027568325,0.5571433461971036,0.5583205027568325,0.5571433461971036,0.5583205027568325,0.0744272456554114,0.05528250700954363,0.0744272456554114,0.05528250700954363,0.0744272456554114,0.05528250700954363,0.5571433461971036,0.5583205027568325,0.5571433461971036,0.5583205027568325,0.5571433461971036,0.5583205027568325
0.566,0.566,0.1423738459592766,0.566,0.57,0.57,0.1444897179601452,0.57,0.558245862721868,0.55542569244445,0.558245862721868,0.55542569244445,0.558245862721868,0.55542569244445,0.558245862721868,0.55542569244445,0.558245862721868,0.55542569244445,0.558245862721868,0.55542569244445,0.053192465225503735,0.05818450885521534,0.053192465225503735,0.05818450885521534,0.053192465225503735,0.05818450885521534,0.558245862721868,0.55542569244445,0.558245862721868,0.55542569244445,0.558245862721868,0.55542569244445
0.576,0.576,0.1626510782842246,0.576,0.585,0.585,0.17281243771178,0.585,0.5668056258157912,0.5726861269858899,0.5668056258157912,0.5726861269858899,0.5668056258157912,0.5726861269858899,0.5668056258157912,0.5726861269858899,0.5668056258157912,0.5726861269858899,0.5668056258157912,0.5726861269858899,0.09787386581202899,0.08628953439906194,0.09787386581202899,0.08628953439906194,0.09787386581202899,0.08628953439906194,0.5668056258157912,0.5726861269858899,0.5668056258157912,0.5726861269858899,0.5668056258157912,0.5726861269858899
0.58,0.58,0.1683398876070763,0.58,0.579,0.579,0.1652191844925087,0.579,0.5708027833952891,0.583392570101031,0.5708027833952891,0.583392570101031,0.5708027833952891,0.583392570101031,0.5708027833952891,0.583392570101031,0.5708027833952891,0.583392570101031,0.5708027833952891,0.583392570101031,0.08265386772475229,0.10633743594814468,0.08265386772475229,0.10633743594814468,0.08265386772475229,0.10633743594814468,0.5708027833952891,0.583392570101031,0.5708027833952891,0.583392570101031,0.5708027833952891,0.583392570101031
0.593,0.593,0.1936762025517077,0.593,0.584,0.584,0.1752152172792412,0.584,0.590484353375376,0.5995410432354502,0.590484353375376,0.5995410432354502,0.590484353375376,0.5995410432354502,0.590484353375376,0.5995410432354502,0.590484353375376,0.5995410432354502,0.590484353375376,0.5995410432354502,0.09678187685650465,0.11030619401978436,0.09678187685650465,0.11030619401978436,0.09678187685650465,0.11030619401978436,0.590484353375376,0.5995410432354502,0.590484353375376,0.5995410432354502,0.590484353375376,0.5995410432354502
0.579,0.579,0.1717489671453864,0.579,0.591,0.591,0.1892963330029732,0.591,0.5661401595315331,0.5859646396952235,0.5661401595315331,0.5859646396952235,0.5661401595315331,0.5859646396952235,0.5661401595315331,0.5859646396952235,0.5661401595315331,0.5859646396952235,0.5661401595315331,0.5859646396952235,0.1054657201824366,0.09470320438465868,0.1054657201824366,0.09470320438465868,0.1054657201824366,0.09470320438465868,0.5661401595315331,0.5859646396952235,0.5661401595315331,0.5859646396952235,0.5661401595315331,0.5859646396952235
0.596,0.596,0.2017545592855308,0.596,0.574,0.574,0.1548960482463102,0.574,0.5673160048096417,0.6049409997185546,0.5673160048096417,0.6049409997185546,0.5673160048096417,0.6049409997185546,0.5673160048096417,0.6049409997185546,0.5673160048096417,0.6049409997185546,0.5673160048096417,0.6049409997185546,0.10952282528152335,0.10772406443615665,0.10952282528152335,0.10772406443615665,0.10952282528152335,0.10772406443615665,0.5673160048096417,0.6049409997185546,0.5673160048096417,0.6049409997185546,0.5673160048096417,0.6049409997185546
0.603,0.603,0.2122953356772672,0.603,0.563,0.563,0.1366707495357382,0.563,0.5596428979276381,0.5967041169493461,0.5596428979276381,0.5967041169493461,0.5596428979276381,0.5967041169493461,0.5596428979276381,0.5967041169493461,0.5596428979276381,0.5967041169493461,0.5596428979276381,0.5967041169493461,0.10034616394767355,0.09847047451293421,0.10034616394767355,0.09847047451293421,0.10034616394767355,0.09847047451293421,0.5596428979276381,0.5967041169493461,0.5596428979276381,0.5967041169493461,0.5596428979276381,0.5967041169493461
0.618,0.618,0.2416512151447414,0.618,0.566,0.566,0.1423738459592766,0.566,0.5847613247798762,0.6113791267438381,0.5847613247798762,0.6113791267438381,0.5847613247798762,0.6113791267438381,0.5847613247798762,0.6113791267438381,0.5847613247798762,0.6113791267438381,0.5847613247798762,0.6113791267438381,0.11924043694275713,0.10458812560257012,0.11924043694275713,0.10458812560257012,0.11924043694275713,0.10458812560257012,0.5847613247798762,0.6113791267438381,0.5847613247798762,0.6113791267438381,0.5847613247798762,0.6113791267438381
0.644,0.644,0.2918072442548857,0.644,0.576,0.576,0.1626510782842246,0.576,0.5849422348422362,0.6123940110839359,0.5849422348422362,0.6123940110839359,0.5849422348422362,0.6123940110839359,0.5849422348422362,0.6123940110839359,0.5849422348422362,0.6123940110839359,0.5849422348422362,0.6123940110839359,0.09459555813198327,0.08464590472152339,0.09459555813198327,0.08464590472152339,0.09459555813198327,0.08464590472152339,0.5849422348422362,0.6123940110839359,0.5849422348422362,0.6123940110839359,0.5849422348422362,0.6123940110839359
0.63,0.63,0.2661845962230323,0.63,0.58,0.58,0.1683398876070763,0.58,0.6120770355739595,0.6029868539865118,0.6120770355739595,0.6029868539865118,0.6120770355739595,0.6029868539865118,0.6120770355739595,0.6029868539865118,0.6120770355739595,0.6029868539865118,0.6120770355739595,0.6029868539865118,0.1178854747760414,0.08729086028431923,0.1178854747760414,0.08729086028431923,0.1178854747760414,0.08729086028431923,0.6120770355739595,0.6029868539865118,0.6120770355739595,0.6029868539865118,0.6120770355739595,0.6029868539865118
0.615,0.615,0.2423884638392998,0.615,0.593,0.593,0.1936762025517077,0.593,0.5970654505989227,0.6128091493799704,0.5970654505989227,0.6128091493799704,0.5970654505989227,0.6128091493799704,0.5970654505989227,0.6128091493799704,0.5970654505989227,0.6128091493799704,0.5970654505989227,0.6128091493799704,0.1277019044874147,0.13449005115582488,0.1277019044874147,0.13449005115582488,0.1277019044874147,0.13449005115582488,0.5970654505989227,0.6128091493799704,0.5970654505989227,0.6128091493799704,0.5970654505989227,0.6128091493799704
0.6,0.6,0.2156493638916341,0.6,0.579,0.579,0.1717489671453864,0.579,0.5972722515840085,0.600712782713264,0.5972722515840085,0.600712782713264,0.5972722515840085,0.600712782713264,0.5972722515840085,0.600712782713264,0.5972722515840085,0.600712782713264,0.5972722515840085,0.600712782713264,0.13842563258440677,0.1386555949677755,0.13842563258440677,0.1386555949677755,0.13842563258440677,0.1386555949677755,0.5972722515840085,0.600712782713264,0.5972722515840085,0.600712782713264,0.5972722515840085,0.600712782713264
0.594,0.594,0.2119718173172105,0.594,0.596,0.596,0.2017545592855308,0.596,0.5860934008265015,0.5978805600842156,0.5860934008265015,0.5978805600842156,0.5860934008265015,0.5978805600842156,0.5860934008265015,0.5978805600842156,0.5860934008265015,0.5978805600842156,0.5860934008265015,0.5978805600842156,0.12253700816312788,0.14648695994357444,0.12253700816312788,0.14648695994357444,0.12253700816312788,0.14648695994357444,0.5860934008265015,0.5978805600842156,0.5860934008265015,0.5978805600842156,0.5860934008265015,0.5978805600842156
0.61,0.61,0.2366591506952273,0.61,0.603,0.603,0.2122953356772672,0.603,0.5866062476806136,0.6030513735617197,0.5866062476806136,0.6030513735617197,0.5866062476806136,0.6030513735617197,0.5866062476806136,0.6030513735617197,0.5866062476806136,0.6030513735617197,0.5866062476806136,0.6030513735617197,0.10167220331270914,0.11694306841242744,0.10167220331270914,0.11694306841242744,0.10167220331270914,0.11694306841242744,0.5866062476806136,0.6030513735617197,0.5866062476806136,0.6030513735617197,0.5866062476806136,0.6030513735617197
0.599,0.599,0.2095095410818482,0.599,0.618,0.618,0.2416512151447414,0.618,0.5892922774519523,0.5947279960693946,0.5892922774519523,0.5947279960693946,0.5892922774519523,0.5947279960693946,0.5892922774519523,0.5947279960693946,0.5892922774519523,0.5947279960693946,0.5892922774519523,0.5947279960693946,0.13176722877644856,0.13461296852958893,0.13176722877644856,0.13461296852958893,0.13176722877644856,0.13461296852958893,0.5892922774519523,0.5947279960693946,0.5892922774519523,0.5947279960693946,0.5892922774519523,0.5947279960693946
0.594,0.594,0.1988950276243093,0.594,0.644,0.644,0.2918072442548857,0.644,0.5763872275136209,0.5765187986177873,0.5763872275136209,0.5765187986177873,0.5763872275136209,0.5765187986177873,0.5763872275136209,0.5765187986177873,0.5763872275136209,0.5765187986177873,0.5763872275136209,0.5765187986177873,0.11278851555322525,0.10281763575706822,0.11278851555322525,0.10281763575706822,0.11278851555322525,0.10281763575706822,0.5763872275136209,0.5765187986177873,0.5763872275136209,0.5765187986177873,0.5763872275136209,0.5765187986177873
0.579,0.579,0.173861852433281,0.579,0.63,0.63,0.2661845962230323,0.63,0.5741328809737478,0.576181100723557,0.5741328809737478,0.576181100723557,0.5741328809737478,0.576181100723557,0.5741328809737478,0.576181100723557,0.5741328809737478,0.576181100723557,0.5741328809737478,0.576181100723557,0.12436449962866193,0.10105540609525503,0.12436449962866193,0.10105540609525503,0.12436449962866193,0.10105540609525503,0.5741328809737478,0.576181100723557,0.5741328809737478,0.576181100723557,0.5741328809737478,0.576181100723557
0.539,0.539,0.1003895059752869,0.539,0.615,0.615,0.2423884638392998,0.615,0.5746736757880837,0.5842911373445465,0.5746736757880837,0.5842911373445465,0.5746736757880837,0.5842911373445465,0.5746736757880837,0.5842911373445465,0.5746736757880837,0.5842911373445465,0.5746736757880837,0.5842911373445465,0.09205001529466605,0.07669137910465751,0.09205001529466605,0.07669137910465751,0.09205001529466605,0.07669137910465751,0.5746736757880837,0.5842911373445465,0.5746736757880837,0.5842911373445465,0.5746736757880837,0.5842911373445465
0.564,0.564,0.1082568056777042,0.564,0.6,0.6,0.2156493638916341,0.6,0.6019255537558795,0.5740907901119874,0.6019255537558795,0.5740907901119874,0.6019255537558795,0.5740907901119874,0.6019255537558795,0.5740907901119874,0.6019255537558795,0.5740907901119874,0.6019255537558795,0.5740907901119874,0.051903696411152264,0.06464190362760013,0.051903696411152264,0.06464190362760013,0.051903696411152264,0.06464190362760013,0.6019255537558795,0.5740907901119874,0.6019255537558795,0.5740907901119874,0.6019255537558795,0.5740907901119874
0.583,0.583,0.0560485331401665,0.583,0.594,0.594,0.2119718173172105,0.594,0.5904750596763438,0.6058476534820353,0.5904750596763438,0.6058476534820353,0.5904750596763438,0.6058476534820353,0.5904750596763438,0.6058476534820353,0.5904750596763438,0.6058476534820353,0.5904750596763438,0.6058476534820353,0.021713655532614725,0.027087017951974855,0.021713655532614725,0.027087017951974855,0.021713655532614725,0.027087017951974855,0.5904750596763438,0.6058476534820353,0.5904750596763438,0.6058476534820353,0.5904750596763438,0.6058476534820353
0.603,0.603,0.010863065577038,0.603,0.61,0.61,0.2366591506952273,0.61,0.6491101888150023,0.6514809976900504,0.6491101888150023,0.6514809976900504,0.6491101888150023,0.6514809976900504,0.6491101888150023,0.6514809976900504,0.6491101888150023,0.6514809976900504,0.6491101888150023,0.6514809976900504,0.01645505640828528,0.021324990021120017,0.01645505640828528,0.021324990021120017,0.01645505640828528,0.021324990021120017,0.6491101888150023,0.6514809976900504,0.6491101888150023,0.6514809976900504,0.6491101888150023,0.6514809976900504
0.618,0.618,0.0049181011128246,0.618,0.599,0.599,0.2095095410818482,0.599,0.6803251075254882,0.6620780009159927,0.6803251075254882,0.6620780009159927,0.6803251075254882,0.6620780009159927,0.6803251075254882,0.6620780009159927,0.6803251075254882,0.6620780009159927,0.6803251075254882,0.6620780009159927,0.03327377559521163,0.004824370249696709,0.03327377559521163,0.004824370249696709,0.03327377559521163,0.004824370249696709,0.6803251075254882,0.6620780009159927,0.6803251075254882,0.6620780009159927,0.6803251075254882,0.6620780009159927
0.585,0.585,0.0046147499304428,0.585,0.594,0.594,0.1988950276243093,0.594,0.6779307938384318,0.6588922832077782,0.6779307938384318,0.6588922832077782,0.6779307938384318,0.6588922832077782,0.6779307938384318,0.6588922832077782,0.6779307938384318,0.6588922832077782,0.6779307938384318,0.6588922832077782,0.032233399589417025,0.027982675933429058,0.032233399589417025,0.027982675933429058,0.032233399589417025,0.027982675933429058,0.6779307938384318,0.6588922832077782,0.6779307938384318,0.6588922832077782,0.6779307938384318,0.6588922832077782
0.59,0.59,0.0124479728688146,0.59,0.579,0.579,0.173861852433281,0.579,0.6716953649932549,0.6478953769829813,0.6716953649932549,0.6478953769829813,0.6716953649932549,0.6478953769829813,0.6716953649932549,0.6478953769829813,0.6716953649932549,0.6478953769829813,0.6716953649932549,0.6478953769829813,0.01798154830583453,0.00650023864355826,0.01798154830583453,0.00650023864355826,0.01798154830583453,0.00650023864355826,0.6716953649932549,0.6478953769829813,0.6716953649932549,0.6478953769829813,0.6716953649932549,0.6478953769829813
0.586,0.586,0.0239532251980384,0.586,0.539,0.539,0.1003895059752869,0.539,0.6626137709685359,0.6505162390211685,0.6626137709685359,0.6505162390211685,0.6626137709685359,0.6505162390211685,0.6626137709685359,0.6505162390211685,0.6626137709685359,0.6505162390211685,0.6626137709685359,0.6505162390211685,0.02535281774797172,0.010610115510346652,0.02535281774797172,0.010610115510346652,0.02535281774797172,0.010610115510346652,0.6626137709685359,0.6505162390211685,0.6626137709685359,0.6505162390211685,0.6626137709685359,0.6505162390211685
0.587,0.587,0.0432550640300969,0.587,0.564,0.564,0.1082568056777042,0.564,0.6585016000130048,0.6277209385309483,0.6585016000130048,0.6277209385309483,0.6585016000130048,0.6277209385309483,0.6585016000130048,0.6277209385309483,0.6585016000130048,0.6277209385309483,0.6585016000130048,0.6277209385309483,0.0329199152374518,0.022594697118979913,0.0329199152374518,0.022594697118979913,0.0329199152374518,0.022594697118979913,0.6585016000130048,0.6277209385309483,0.6585016000130048,0.6277209385309483,0.6585016000130048,0.6277209385309483
0.58,0.58,0.0327038231229849,0.58,0.583,0.583,0.0560485331401665,0.583,0.6653753323930195,0.6429159139288363,0.6653753323930195,0.6429159139288363,0.6653753323930195,0.6429159139288363,0.6653753323930195,0.6429159139288363,0.6653753323930195,0.6429159139288363,0.6653753323930195,0.6429159139288363,0.04762104368728951,0.03839543134428027,0.04762104368728951,0.03839543134428027,0.04762104368728951,0.03839543134428027,0.6653753323930195,0.6429159139288363,0.6653753323930195,0.6429159139288363,0.6653753323930195,0.6429159139288363
0.576,0.576,0.0336622832007657,0.576,0.603,0.603,0.010863065577038,0.603,0.6331913938675343,0.6084113626823123,0.6331913938675343,0.6084113626823123,0.6331913938675343,0.6084113626823123,0.6331913938675343,0.6084113626823123,0.6331913938675343,0.6084113626823123,0.6331913938675343,0.6084113626823123,0.011286848092763977,0.012179406181472592,0.011286848092763977,0.012179406181472592,0.011286848092763977,0.012179406181472592,0.6331913938675343,0.6084113626823123,0.6331913938675343,0.6084113626823123,0.6331913938675343,0.6084113626823123
0.551,0.551,0.0299694083893602,0.551,0.618,0.618,0.0049181011128246,0.618,0.6128198667395687,0.5877186744482239,0.6128198667395687,0.5877186744482239,0.6128198667395687,0.5877186744482239,0.6128198667395687,0.5877186744482239,0.6128198667395687,0.5877186744482239,0.6128198667395687,0.5877186744482239,0.01704158612227334,0.014070006418247417,0.01704158612227334,0.014070006418247417,0.01704158612227334,0.014070006418247417,0.6128198667395687,0.5877186744482239,0.6128198667395687,0.5877186744482239,0.6128198667395687,0.5877186744482239
0.554,0.554,0.0326428803817372,0.554,0.585,0.585,0.0046147499304428,0.585,0.6023207112695784,0.5719551193095077,0.6023207112695784,0.5719551193095077,0.6023207112695784,0.5719551193095077,0.6023207112695784,0.5719551193095077,0.6023207112695784,0.5719551193095077,0.6023207112695784,0.5719551193095077,0.013834133526265079,0.012110538266883169,0.013834133526265079,0.012110538266883169,0.013834133526265079,0.012110538266883169,0.6023207112695784,0.5719551193095077,0.6023207112695784,0.5719551193095077,0.6023207112695784,0.5719551193095077
0.562,0.562,0.0763274103004254,0.562,0.59,0.59,0.0124479728688146,0.59,0.6050623469009766,0.575891489961352,0.6050623469009766,0.575891489961352,0.6050623469009766,0.575891489961352,0.6050623469009766,0.575891489961352,0.6050623469009766,0.575891489961352,0.6050623469009766,0.575891489961352,0.03151656236522357,0.03993873127804852,0.03151656236522357,0.03993873127804852,0.03151656236522357,0.03993873127804852,0.6050623469009766,0.575891489961352,0.6050623469009766,0.575891489961352,0.6050623469009766,0.575891489961352
0.579,0.579,0.1244925800226259,0.579,0.586,0.586,0.0239532251980384,0.586,0.5805520935206533,0.557319888041644,0.5805520935206533,0.557319888041644,0.5805520935206533,0.557319888041644,0.5805520935206533,0.557319888041644,0.5805520935206533,0.557319888041644,0.5805520935206533,0.557319888041644,0.06039132102113445,0.04611481570963755,0.06039132102113445,0.04611481570963755,0.06039132102113445,0.04611481570963755,0.5805520935206533,0.557319888041644,0.5805520935206533,0.557319888041644,0.5805520935206533,0.557319888041644
0.597,0.597,0.1827745917928667,0.597,0.587,0.587,0.0432550640300969,0.587,0.5577694048969349,0.5404146137728537,0.5577694048969349,0.5404146137728537,0.5577694048969349,0.5404146137728537,0.5577694048969349,0.5404146137728537,0.5577694048969349,0.5404146137728537,0.5577694048969349,0.5404146137728537,0.08383985961775438,0.07180979093179966,0.08383985961775438,0.07180979093179966,0.08383985961775438,0.07180979093179966,0.5577694048969349,0.5404146137728537,0.5577694048969349,0.5404146137728537,0.5577694048969349,0.5404146137728537
0.604,0.604,0.2048607904005011,0.604,0.58,0.58,0.0327038231229849,0.58,0.5624440615604874,0.5699845263469469,0.5624440615604874,0.5699845263469469,0.5624440615604874,0.5699845263469469,0.5624440615604874,0.5699845263469469,0.5624440615604874,0.5699845263469469,0.5624440615604874,0.5699845263469469,0.09276797673506099,0.09854757958850702,0.09276797673506099,0.09854757958850702,0.09276797673506099,0.09854757958850702,0.5624440615604874,0.5699845263469469,0.5624440615604874,0.5699845263469469,0.5624440615604874,0.5699845263469469
0.614,0.614,0.2312808931480441,0.614,0.576,0.576,0.0336622832007657,0.576,0.5469688004538347,0.5503167078776153,0.5469688004538347,0.5503167078776153,0.5469688004538347,0.5503167078776153,0.5469688004538347,0.5503167078776153,0.5469688004538347,0.5503167078776153,0.5469688004538347,0.5503167078776153,0.13175187262268323,0.1377912062424815,0.13175187262268323,0.1377912062424815,0.13175187262268323,0.1377912062424815,0.5469688004538347,0.5503167078776153,0.5469688004538347,0.5503167078776153,0.5469688004538347,0.5503167078776153
0.619,0.619,0.2433930940257841,0.619,0.551,0.551,0.0299694083893602,0.551,0.5625987577017015,0.5677964817442116,0.5625987577017015,0.5677964817442116,0.5625987577017015,0.5677964817442116,0.5625987577017015,0.5677964817442116,0.5625987577017015,0.5677964817442116,0.5625987577017015,0.5677964817442116,0.1685366953627,0.16806523245896376,0.1685366953627,0.16806523245896376,0.1685366953627,0.16806523245896376,0.5625987577017015,0.5677964817442116,0.5625987577017015,0.5677964817442116,0.5625987577017015,0.5677964817442116
0.641,0.641,0.2853275150897421,0.641,0.554,0.554,0.0326428803817372,0.554,0.5816057616695909,0.5732924167111844,0.5816057616695909,0.5732924167111844,0.5816057616695909,0.5732924167111844,0.5816057616695909,0.5732924167111844,0.5816057616695909,0.5732924167111844,0.5816057616695909,0.5732924167111844,0.18302464815114275,0.14259374848513418,0.18302464815114275,0.14259374848513418,0.18302464815114275,0.14259374848513418,0.5816057616695909,0.5732924167111844,0.5816057616695909,0.5732924167111844,0.5816057616695909,0.5732924167111844
0.65,0.65,0.3119148819049342,0.65,0.562,0.562,0.0763274103004254,0.562,0.5698484192994119,0.5826417681863012,0.5698484192994119,0.5826417681863012,0.5698484192994119,0.5826417681863012,0.5698484192994119,0.5826417681863012,0.5698484192994119,0.5826417681863012,0.5698484192994119,0.5826417681863012,0.17990830144045866,0.18429826150753095,0.17990830144045866,0.18429826150753095,0.17990830144045866,0.18429826150753095,0.5698484192994119,0.5826417681863012,0.5698484192994119,0.5826417681863012,0.5698484192994119,0.5826417681863012
0.662,0.662,0.3353365006449988,0.662,0.579,0.579,0.1244925800226259,0.579,0.5832386647523351,0.5892186537570627,0.5832386647523351,0.5892186537570627,0.5832386647523351,0.5892186537570627,0.5832386647523351,0.5892186537570627,0.5832386647523351,0.5892186537570627,0.5832386647523351,0.5892186537570627,0.18197026487400672,0.1580418467189924,0.18197026487400672,0.1580418467189924,0.18197026487400672,0.1580418467189924,0.5832386647523351,0.5892186537570627,0.5832386647523351,0.5892186537570627,0.5832386647523351,0.5892186537570627
0.636,0.636,0.2851952948569409,0.636,0.597,0.597,0.1827745917928667,0.597,0.5674896125038016,0.5776178435149625,0.5674896125038016,0.5776178435149625,0.5674896125038016,0.5776178435149625,0.5674896125038016,0.5776178435149625,0.5674896125038016,0.5776178435149625,0.5674896125038016,0.5776178435149625,0.15441598424624178,0.1306730011940984,0.15441598424624178,0.1306730011940984,0.15441598424624178,0.1306730011940984,0.5674896125038016,0.5776178435149625,0.5674896125038016,0.5776178435149625,0.5674896125038016,0.5776178435149625
0.63,0.63,0.2712633536066554,0.63,0.604,0.604,0.2048607904005011,0.604,0.5557278773683062,0.5426778429874,0.5557278773683062,0.5426778429874,0.5557278773683062,0.5426778429874,0.5557278773683062,0.5426778429874,0.5557278773683062,0.5426778429874,0.5557278773683062,0.5426778429874,0.12229092433558462,0.1192474782205778,0.12229092433558462,0.1192474782205778,0.12229092433558462,0.1192474782205778,0.5557278773683062,0.5426778429874,0.5557278773683062,0.5426778429874,0.5557278773683062,0.5426778429874
0.617,0.617,0.244730863885909,0.617,0.614,0.614,0.2312808931480441,0.614,0.543491057423944,0.5392357714366065,0.543491057423944,0.5392357714366065,0.543491057423944,0.5392357714366065,0.543491057423944,0.5392357714366065,0.543491057423944,0.5392357714366065,0.543491057423944,0.5392357714366065,0.1178302613388651,0.11117910085510004,0.1178302613388651,0.11117910085510004,0.1178302613388651,0.11117910085510004,0.543491057423944,0.5392357714366065,0.543491057423944,0.5392357714366065,0.543491057423944,0.5392357714366065
0.62,0.62,0.2548347498009623,0.62,0.619,0.619,0.2433930940257841,0.619,0.5759994327941987,0.6022017907864742,0.5759994327941987,0.6022017907864742,0.5759994327941987,0.6022017907864742,0.5759994327941987,0.6022017907864742,0.5759994327941987,0.6022017907864742,0.5759994327941987,0.6022017907864742,0.15322949595567487,0.13521893428509565,0.15322949595567487,0.13521893428509565,0.15322949595567487,0.13521893428509565,0.5759994327941987,0.6022017907864742,0.5759994327941987,0.6022017907864742,0.5759994327941987,0.6022017907864742
0.616,0.616,0.2502430852497043,0.616,0.641,0.641,0.2853275150897421,0.641,0.5700229485763223,0.5736488646066978,0.5700229485763223,0.5736488646066978,0.5700229485763223,0.5736488646066978,0.5700229485763223,0.5736488646066978,0.5700229485763223,0.5736488646066978,0.5700229485763223,0.5736488646066978,0.15899253269695934,0.15344235539056328,0.15899253269695934,0.15344235539056328,0.15899253269695934,0.15344235539056328,0.5700229485763223,0.5736488646066978,0.5700229485763223,0.5736488646066978,0.5700229485763223,0.5736488646066978
0.612,0.612,0.2464175701239527,0.612,0.65,0.65,0.3119148819049342,0.65,0.5519104356090775,0.5500833084696182,0.5519104356090775,0.5500833084696182,0.5519104356090775,0.5500833084696182,0.5519104356090775,0.5500833084696182,0.5519104356090775,0.5500833084696182,0.5519104356090775,0.5500833084696182,0.12272986895816468,0.1144268966721885,0.12272986895816468,0.1144268966721885,0.12272986895816468,0.1144268966721885,0.5519104356090775,0.5500833084696182,0.5519104356090775,0.5500833084696182,0.5519104356090775,0.5500833084696182
0.62,0.62,0.2616886346679929,0.62,0.662,0.662,0.3353365006449988,0.662,0.5603720036472921,0.540425382384676,0.5603720036472921,0.540425382384676,0.5603720036472921,0.540425382384676,0.5603720036472921,0.540425382384676,0.5603720036472921,0.540425382384676,0.5603720036472921,0.540425382384676,0.10127925140330887,0.06984959924988525,0.10127925140330887,0.06984959924988525,0.10127925140330887,0.06984959924988525,0.5603720036472921,0.540425382384676,0.5603720036472921,0.540425382384676,0.5603720036472921,0.540425382384676
0.622,0.622,0.2655744839592141,0.622,0.636,0.636,0.2851952948569409,0.636,0.5560448549030845,0.5494246756233423,0.5560448549030845,0.5494246756233423,0.5560448549030845,0.5494246756233423,0.5560448549030845,0.5494246756233423,0.5560448549030845,0.5494246756233423,0.5560448549030845,0.5494246756233423,0.1081624472505815,0.09175529540137611,0.1081624472505815,0.09175529540137611,0.1081624472505815,0.09175529540137611,0.5560448549030845,0.5494246756233423,0.5560448549030845,0.5494246756233423,0.5560448549030845,0.5494246756233423
0.631,0.631,0.2820173561116084,0.631,0.63,0.63,0.2712633536066554,0.63,0.5712437024378725,0.5629373339557722,0.5712437024378725,0.5629373339557722,0.5712437024378725,0.5629373339557722,0.5712437024378725,0.5629373339557722,0.5712437024378725,0.5629373339557722,0.5712437024378725,0.5629373339557722,0.11669047746703846,0.10969397810810333,0.11669047746703846,0.10969397810810333,0.11669047746703846,0.10969397810810333,0.5712437024378725,0.5629373339557722,0.5712437024378725,0.5629373339557722,0.5712437024378725,0.5629373339557722
0.64,0.64,0.2999513855128828,0.64,0.617,0.617,0.244730863885909,0.617,0.5551666044298745,0.550338663456257,0.5551666044298745,0.550338663456257,0.5551666044298745,0.550338663456257,0.5551666044298745,0.550338663456257,0.5551666044298745,0.550338663456257,0.5551666044298745,0.550338663456257,0.10989382896060139,0.0948215003265234,0.10989382896060139,0.0948215003265234,0.10989382896060139,0.0948215003265234,0.5551666044298745,0.550338663456257,0.5551666044298745,0.550338663456257,0.5551666044298745,0.550338663456257
0.65,0.65,0.3172197186945241,0.65,0.62,0.62,0.2548347498009623,0.62,0.5734446720483369,0.5751412342541853,0.5734446720483369,0.5751412342541853,0.5734446720483369,0.5751412342541853,0.5734446720483369,0.5751412342541853,0.5734446720483369,0.5751412342541853,0.5734446720483369,0.5751412342541853,0.14310495997405404,0.14862395923390254,0.14310495997405404,0.14862395923390254,0.14310495997405404,0.14862395923390254,0.5734446720483369,0.5751412342541853,0.5734446720483369,0.5751412342541853,0.5734446720483369,0.5751412342541853
0.643,0.643,0.3047711781888997,0.643,0.616,0.616,0.2502430852497043,0.616,0.5777797502736685,0.5808323281828609,0.5777797502736685,0.5808323281828609,0.5777797502736685,0.5808323281828609,0.5777797502736685,0.5808323281828609,0.5777797502736685,0.5808323281828609,0.5777797502736685,0.5808323281828609,0.145431160918712,0.15168942030992508,0.145431160918712,0.15168942030992508,0.145431160918712,0.15168942030992508,0.5777797502736685,0.5808323281828609,0.5777797502736685,0.5808323281828609,0.5777797502736685,0.5808323281828609
0.635,0.635,0.2918121847109041,0.635,0.612,0.612,0.2464175701239527,0.612,0.560529849725824,0.5653096671187676,0.560529849725824,0.5653096671187676,0.560529849725824,0.5653096671187676,0.560529849725824,0.5653096671187676,0.560529849725824,0.5653096671187676,0.560529849725824,0.5653096671187676,0.14344147551438183,0.1285314208671906,0.14344147551438183,0.1285314208671906,0.14344147551438183,0.1285314208671906,0.560529849725824,0.5653096671187676,0.560529849725824,0.5653096671187676,0.560529849725824,0.5653096671187676
0.63,0.63,0.283656526857072,0.63,0.62,0.62,0.2616886346679929,0.62,0.5531302005590887,0.5632448591609387,0.5531302005590887,0.5632448591609387,0.5531302005590887,0.5632448591609387,0.5531302005590887,0.5632448591609387,0.5531302005590887,0.5632448591609387,0.5531302005590887,0.5632448591609387,0.13282794988897995,0.14257439693342716,0.13282794988897995,0.14257439693342716,0.13282794988897995,0.14257439693342716,0.5531302005590887,0.5632448591609387,0.5531302005590887,0.5632448591609387,0.5531302005590887,0.5632448591609387
0.633,0.633,0.2897012487323005,0.633,0.622,0.622,0.2655744839592141,0.622,0.5579444456384082,0.5472209814537052,0.5579444456384082,0.5472209814537052,0.5579444456384082,0.5472209814537052,0.5579444456384082,0.5472209814537052,0.5579444456384082,0.5472209814537052,0.5579444456384082,0.5472209814537052,0.1468183897241004,0.12391500355919965,0.1468183897241004,0.12391500355919965,0.1468183897241004,0.12391500355919965,0.5579444456384082,0.5472209814537052,0.5579444456384082,0.5472209814537052,0.5579444456384082,0.5472209814537052
0.631,0.631,0.2859078066338971,0.631,0.631,0.631,0.2820173561116084,0.631,0.5455663913672579,0.5433754605052665,0.5455663913672579,0.5433754605052665,0.5455663913672579,0.5433754605052665,0.5455663913672579,0.5433754605052665,0.5455663913672579,0.5433754605052665,0.5455663913672579,0.5433754605052665,0.12035346582768933,0.0802915909202619,0.12035346582768933,0.0802915909202619,0.12035346582768933,0.0802915909202619,0.5455663913672579,0.5433754605052665,0.5455663913672579,0.5433754605052665,0.5455663913672579,0.5433754605052665
0.648,0.648,0.3166640782730238,0.648,0.64,0.64,0.2999513855128828,0.64,0.5358165877167297,0.5333596934111712,0.5358165877167297,0.5333596934111712,0.5358165877167297,0.5333596934111712,0.5358165877167297,0.5333596934111712,0.5358165877167297,0.5333596934111712,0.5358165877167297,0.5333596934111712,0.10433058374621122,0.06753392810997266,0.10433058374621122,0.06753392810997266,0.10433058374621122,0.06753392810997266,0.5358165877167297,0.5333596934111712,0.5358165877167297,0.5333596934111712,0.5358165877167297,0.5333596934111712
0.646,0.646,0.3120202118355845,0.646,0.65,0.65,0.3172197186945241,0.65,0.5486250884008418,0.5140430300278105,0.5486250884008418,0.5140430300278105,0.5486250884008418,0.5140430300278105,0.5486250884008418,0.5140430300278105,0.5486250884008418,0.5140430300278105,0.5486250884008418,0.5140430300278105,0.11839478741596468,0.08176802504245734,0.11839478741596468,0.08176802504245734,0.11839478741596468,0.08176802504245734,0.5486250884008418,0.5140430300278105,0.5486250884008418,0.5140430300278105,0.5486250884008418,0.5140430300278105
0.631,0.631,0.2889186939228563,0.631,0.643,0.643,0.3047711781888997,0.643,0.5612634022876424,0.5349525332662539,0.5612634022876424,0.5349525332662539,0.5612634022876424,0.5349525332662539,0.5612634022876424,0.5349525332662539,0.5612634022876424,0.5349525332662539,0.5612634022876424,0.5349525332662539,0.09919857747343751,0.07324215948655424,0.09919857747343751,0.07324215948655424,0.09919857747343751,0.07324215948655424,0.5612634022876424,0.5349525332662539,0.5612634022876424,0.5349525332662539,0.5612634022876424,0.5349525332662539
0.63,0.63,0.2893362015980332,0.63,0.635,0.635,0.2918121847109041,0.635,0.560900950429989,0.5497394133227083,0.560900950429989,0.5497394133227083,0.560900950429989,0.5497394133227083,0.560900950429989,0.5497394133227083,0.560900950429989,0.5497394133227083,0.560900950429989,0.5497394133227083,0.10754601712613701,0.07479536883807332,0.10754601712613701,0.07479536883807332,0.10754601712613701,0.07479536883807332,0.560900950429989,0.5497394133227083,0.560900950429989,0.5497394133227083,0.560900950429989,0.5497394133227083
0.607,0.607,0.2542411476716384,0.607,0.63,0.63,0.283656526857072,0.63,0.5271971068342598,0.5301282101693311,0.5271971068342598,0.5301282101693311,0.5271971068342598,0.5301282101693311,0.5271971068342598,0.5301282101693311,0.5271971068342598,0.5301282101693311,0.5271971068342598,0.5301282101693311,0.0832834923711147,0.07625721093763582,0.0832834923711147,0.07625721093763582,0.0832834923711147,0.07625721093763582,0.5271971068342598,0.5301282101693311,0.5271971068342598,0.5301282101693311,0.5271971068342598,0.5301282101693311
0.593,0.593,0.2321102440644197,0.593,0.633,0.633,0.2897012487323005,0.633,0.5206873489090715,0.5263660340761823,0.5206873489090715,0.5263660340761823,0.5206873489090715,0.5263660340761823,0.5206873489090715,0.5263660340761823,0.5206873489090715,0.5263660340761823,0.5206873489090715,0.5263660340761823,0.05394972790588568,0.050751911152046504,0.05394972790588568,0.050751911152046504,0.05394972790588568,0.050751911152046504,0.5206873489090715,0.5263660340761823,0.5206873489090715,0.5263660340761823,0.5206873489090715,0.5263660340761823
0.613,0.613,0.2692487801930542,0.613,0.631,0.631,0.2859078066338971,0.631,0.5251655032146728,0.521946902610635,0.5251655032146728,0.521946902610635,0.5251655032146728,0.521946902610635,0.5251655032146728,0.521946902610635,0.5251655032146728,0.521946902610635,0.5251655032146728,0.521946902610635,0.07803999241706663,0.06171220219638244,0.07803999241706663,0.06171220219638244,0.07803999241706663,0.06171220219638244,0.5251655032146728,0.521946902610635,0.5251655032146728,0.521946902610635,0.5251655032146728,0.521946902610635
0.633,0.633,0.2961528134709063,0.633,0.648,0.648,0.3166640782730238,0.648,0.5201287312727959,0.5200909467867115,0.5201287312727959,0.5200909467867115,0.5201287312727959,0.5200909467867115,0.5201287312727959,0.5200909467867115,0.5201287312727959,0.5200909467867115,0.5201287312727959,0.5200909467867115,0.06672401429371907,0.06183715854254226,0.06672401429371907,0.06183715854254226,0.06672401429371907,0.06183715854254226,0.5201287312727959,0.5200909467867115,0.5201287312727959,0.5200909467867115,0.5201287312727959,0.5200909467867115
0.646,0.646,0.31700578422785,0.646,0.646,0.646,0.3120202118355845,0.646,0.5330417626694702,0.5410165572422257,0.5330417626694702,0.5410165572422257,0.5330417626694702,0.5410165572422257,0.5330417626694702,0.5410165572422257,0.5330417626694702,0.5410165572422257,0.5330417626694702,0.5410165572422257,0.055327281514596864,0.08702047587045958,0.055327281514596864,0.08702047587045958,0.055327281514596864,0.08702047587045958,0.5330417626694702,0.5410165572422257,0.5330417626694702,0.5410165572422257,0.5330417626694702,0.5410165572422257
0.656,0.656,0.333785223201317,0.656,0.631,0.631,0.2889186939228563,0.631,0.546647317434584,0.548961917603581,0.546647317434584,0.548961917603581,0.546647317434584,0.548961917603581,0.546647317434584,0.548961917603581,0.546647317434584,0.548961917603581,0.546647317434584,0.548961917603581,0.06799217738569337,0.12343990334655427,0.06799217738569337,0.12343990334655427,0.06799217738569337,0.12343990334655427,0.546647317434584,0.548961917603581,0.546647317434584,0.548961917603581,0.546647317434584,0.548961917603581
0.663,0.663,0.3476173514425981,0.663,0.63,0.63,0.2893362015980332,0.63,0.56100000825902,0.5514539952422353,0.56100000825902,0.5514539952422353,0.56100000825902,0.5514539952422353,0.56100000825902,0.5514539952422353,0.56100000825902,0.5514539952422353,0.56100000825902,0.5514539952422353,0.11409980865874697,0.10369534657682146,0.11409980865874697,0.10369534657682146,0.11409980865874697,0.10369534657682146,0.56100000825902,0.5514539952422353,0.56100000825902,0.5514539952422353,0.56100000825902,0.5514539952422353
0.648,0.648,0.3192542740001547,0.648,0.607,0.607,0.2542411476716384,0.607,0.5505318107914167,0.559803146114496,0.5505318107914167,0.559803146114496,0.5505318107914167,0.559803146114496,0.5505318107914167,0.559803146114496,0.5505318107914167,0.559803146114496,0.5505318107914167,0.559803146114496,0.11829585519057287,0.1047192288594389,0.11829585519057287,0.1047192288594389,0.11829585519057287,0.1047192288594389,0.5505318107914167,0.559803146114496,0.5505318107914167,0.559803146114496,0.5505318107914167,0.559803146114496
0.631,0.631,0.2905865253735475,0.631,0.593,0.593,0.2321102440644197,0.593,0.5382095478444385,0.5615578554840466,0.5382095478444385,0.5615578554840466,0.5382095478444385,0.5615578554840466,0.5382095478444385,0.5615578554840466,0.5382095478444385,0.5615578554840466,0.5382095478444385,0.5615578554840466,0.10936981430678111,0.09885730517822323,0.10936981430678111,0.09885730517822323,0.10936981430678111,0.09885730517822323,0.5382095478444385,0.5615578554840466,0.5382095478444385,0.5615578554840466,0.5382095478444385,0.5615578554840466
0.619,0.619,0.2733999542299183,0.619,0.613,0.613,0.2692487801930542,0.613,0.5475435265247441,0.5659951661735202,0.5475435265247441,0.5659951661735202,0.5475435265247441,0.5659951661735202,0.5475435265247441,0.5659951661735202,0.5475435265247441,0.5659951661735202,0.5475435265247441,0.5659951661735202,0.11881882116516704,0.10869678759812297,0.11881882116516704,0.10869678759812297,0.11881882116516704,0.10869678759812297,0.5475435265247441,0.5659951661735202,0.5475435265247441,0.5659951661735202,0.5475435265247441,0.5659951661735202
0.619,0.619,0.270791067286271,0.619,0.633,0.633,0.2961528134709063,0.633,0.5652564216149035,0.5734562466799209,0.5652564216149035,0.5734562466799209,0.5652564216149035,0.5734562466799209,0.5652564216149035,0.5734562466799209,0.5652564216149035,0.5734562466799209,0.5652564216149035,0.5734562466799209,0.11712631581924678,0.11599923102520332,0.11712631581924678,0.11599923102520332,0.11712631581924678,0.11599923102520332,0.5652564216149035,0.5734562466799209,0.5652564216149035,0.5734562466799209,0.5652564216149035,0.5734562466799209
0.649,0.649,0.318308940057798,0.649,0.646,0.646,0.31700578422785,0.646,0.5708959401695904,0.5712654979648705,0.5708959401695904,0.5712654979648705,0.5708959401695904,0.5712654979648705,0.5708959401695904,0.5712654979648705,0.5708959401695904,0.5712654979648705,0.5708959401695904,0.5712654979648705,0.1205211473689574,0.08888386238630207,0.1205211473689574,0.08888386238630207,0.1205211473689574,0.08888386238630207,0.5708959401695904,0.5712654979648705,0.5708959401695904,0.5712654979648705,0.5708959401695904,0.5712654979648705
0.655,0.655,0.3287833273669628,0.655,0.656,0.656,0.333785223201317,0.656,0.5807323672118925,0.5701199648784768,0.5807323672118925,0.5701199648784768,0.5807323672118925,0.5701199648784768,0.5807323672118925,0.5701199648784768,0.5807323672118925,0.5701199648784768,0.5807323672118925,0.5701199648784768,0.13625362434403743,0.09432818166811058,0.13625362434403743,0.09432818166811058,0.13625362434403743,0.09432818166811058,0.5807323672118925,0.5701199648784768,0.5807323672118925,0.5701199648784768,0.5807323672118925,0.5701199648784768
0.657,0.657,0.3409422796095612,0.657,0.663,0.663,0.3476173514425981,0.663,0.5908902935867034,0.5965713779295443,0.5908902935867034,0.5965713779295443,0.5908902935867034,0.5965713779295443,0.5908902935867034,0.5965713779295443,0.5908902935867034,0.5965713779295443,0.5908902935867034,0.5965713779295443,0.17041909697877117,0.15452831060221936,0.17041909697877117,0.15452831060221936,0.17041909697877117,0.15452831060221936,0.5908902935867034,0.5965713779295443,0.5908902935867034,0.5965713779295443,0.5908902935867034,0.5965713779295443
0.65,0.65,0.334162776274888,0.65,0.648,0.648,0.3192542740001547,0.648,0.5736182461009399,0.5772098705045885,0.5736182461009399,0.5772098705045885,0.5736182461009399,0.5772098705045885,0.5736182461009399,0.5772098705045885,0.5736182461009399,0.5772098705045885,0.5736182461009399,0.5772098705045885,0.1644565417183584,0.16824459858939886,0.1644565417183584,0.16824459858939886,0.1644565417183584,0.16824459858939886,0.5736182461009399,0.5772098705045885,0.5736182461009399,0.5772098705045885,0.5736182461009399,0.5772098705045885
0.641,0.641,0.3213969770976206,0.641,0.631,0.631,0.2905865253735475,0.631,0.5675744216452249,0.5787885247983857,0.5675744216452249,0.5787885247983857,0.5675744216452249,0.5787885247983857,0.5675744216452249,0.5787885247983857,0.5675744216452249,0.5787885247983857,0.5675744216452249,0.5787885247983857,0.14143934967830163,0.1736748813112319,0.14143934967830163,0.1736748813112319,0.14143934967830163,0.1736748813112319,0.5675744216452249,0.5787885247983857,0.5675744216452249,0.5787885247983857,0.5675744216452249,0.5787885247983857
0.65,0.65,0.3335364460354939,0.65,0.619,0.619,0.2733999542299183,0.619,0.5797325310485719,0.560025508506763,0.5797325310485719,0.560025508506763,0.5797325310485719,0.560025508506763,0.5797325310485719,0.560025508506763,0.5797325310485719,0.560025508506763,0.5797325310485719,0.560025508506763,0.13878660351556146,0.12050846559489022,0.13878660351556146,0.12050846559489022,0.13878660351556146,0.12050846559489022,0.5797325310485719,0.560025508506763,0.5797325310485719,0.560025508506763,0.5797325310485719,0.560025508506763
0.629,0.629,0.2906960737829033,0.629,0.619,0.619,0.270791067286271,0.619,0.5827128138003337,0.566375486091066,0.5827128138003337,0.566375486091066,0.5827128138003337,0.566375486091066,0.5827128138003337,0.566375486091066,0.5827128138003337,0.566375486091066,0.5827128138003337,0.566375486091066,0.13830685654291994,0.14406978812625434,0.13830685654291994,0.14406978812625434,0.13830685654291994,0.14406978812625434,0.5827128138003337,0.566375486091066,0.5827128138003337,0.566375486091066,0.5827128138003337,0.566375486091066
0.638,0.638,0.2999257379788352,0.638,0.649,0.649,0.318308940057798,0.649,0.5590978342524746,0.5443782043584133,0.5590978342524746,0.5443782043584133,0.5590978342524746,0.5443782043584133,0.5590978342524746,0.5443782043584133,0.5590978342524746,0.5443782043584133,0.5590978342524746,0.5443782043584133,0.14312448941522055,0.09207215286894858,0.14312448941522055,0.09207215286894858,0.14312448941522055,0.09207215286894858,0.5590978342524746,0.5443782043584133,0.5590978342524746,0.5443782043584133,0.5590978342524746,0.5443782043584133
0.611,0.611,0.2545036412418551,0.611,0.655,0.655,0.3287833273669628,0.655,0.5980042924947979,0.6120847377306836,0.5980042924947979,0.6120847377306836,0.5980042924947979,0.6120847377306836,0.5980042924947979,0.6120847377306836,0.5980042924947979,0.6120847377306836,0.5980042924947979,0.6120847377306836,0.2854736934972713,0.2623753042283766,0.2854736934972713,0.2623753042283766,0.2854736934972713,0.2623753042283766,0.5980042924947979,0.6120847377306836,0.5980042924947979,0.6120847377306836,0.5980042924947979,0.6120847377306836
0.578,0.578,0.1833701655320285,0.578,0.657,0.657,0.3409422796095612,0.657,0.5869906319186684,0.5995248265329778,0.5869906319186684,0.5995248265329778,0.5869906319186684,0.5995248265329778,0.5869906319186684,0.5995248265329778,0.5869906319186684,0.5995248265329778,0.5869906319186684,0.5995248265329778,0.14769612662416456,0.1627828883975245,0.14769612662416456,0.1627828883975245,0.14769612662416456,0.1627828883975245,0.5869906319186684,0.5995248265329778,0.5869906319186684,0.5995248265329778,0.5869906319186684,0.5995248265329778
0.578,0.578,0.1390531216464895,0.578,0.65,0.65,0.334162776274888,0.65,0.596895264049812,0.6012875259797268,0.596895264049812,0.6012875259797268,0.596895264049812,0.6012875259797268,0.596895264049812,0.6012875259797268,0.596895264049812,0.6012875259797268,0.596895264049812,0.6012875259797268,0.08885621925952775,0.1768494213519116,0.08885621925952775,0.1768494213519116,0.08885621925952775,0.1768494213519116,0.596895264049812,0.6012875259797268,0.596895264049812,0.6012875259797268,0.596895264049812,0.6012875259797268
0.586,0.586,0.0756287510717347,0.586,0.641,0.641,0.3213969770976206,0.641,0.5996046619047657,0.6037972634458222,0.5996046619047657,0.6037972634458222,0.5996046619047657,0.6037972634458222,0.5996046619047657,0.6037972634458222,0.5996046619047657,0.6037972634458222,0.5996046619047657,0.6037972634458222,0.04127451978215919,0.0924911972382149,0.04127451978215919,0.0924911972382149,0.04127451978215919,0.0924911972382149,0.5996046619047657,0.6037972634458222,0.5996046619047657,0.6037972634458222,0.5996046619047657,0.6037972634458222
0.622,0.622,0.0653974533316851,0.622,0.65,0.65,0.3335364460354939,0.65,0.615573371924424,0.6235427160565266,0.615573371924424,0.6235427160565266,0.615573371924424,0.6235427160565266,0.615573371924424,0.6235427160565266,0.615573371924424,0.6235427160565266,0.615573371924424,0.6235427160565266,0.06380710551478373,0.08617719220371968,0.06380710551478373,0.08617719220371968,0.06380710551478373,0.08617719220371968,0.615573371924424,0.6235427160565266,0.615573371924424,0.6235427160565266,0.615573371924424,0.6235427160565266
0.624,0.624,0.0167364016736401,0.624,0.629,0.629,0.2906960737829033,0.629,0.6185019324647352,0.6090004932177713,0.6185019324647352,0.6090004932177713,0.6185019324647352,0.6090004932177713,0.6185019324647352,0.6090004932177713,0.6185019324647352,0.6090004932177713,0.6185019324647352,0.6090004932177713,0.01918221247628623,0.08644706306148946,0.01918221247628623,0.08644706306148946,0.01918221247628623,0.08644706306148946,0.6185019324647352,0.6090004932177713,0.6185019324647352,0.6090004932177713,0.6185019324647352,0.6090004932177713
0.603,0.603,0.0289124798199698,0.603,0.638,0.638,0.2999257379788352,0.638,0.611165215466039,0.6035576432438255,0.611165215466039,0.6035576432438255,0.611165215466039,0.6035576432438255,0.611165215466039,0.6035576432438255,0.611165215466039,0.6035576432438255,0.611165215466039,0.6035576432438255,0.019289804027382687,0.03634027217003561,0.019289804027382687,0.03634027217003561,0.019289804027382687,0.03634027217003561,0.611165215466039,0.6035576432438255,0.611165215466039,0.6035576432438255,0.611165215466039,0.6035576432438255
0.597,0.597,0.0445074590062878,0.597,0.611,0.611,0.2545036412418551,0.611,0.606330423406363,0.5959749952329318,0.606330423406363,0.5959749952329318,0.606330423406363,0.5959749952329318,0.606330423406363,0.5959749952329318,0.606330423406363,0.5959749952329318,0.606330423406363,0.5959749952329318,0.034093396222342066,0.04560399755347632,0.034093396222342066,0.04560399755347632,0.034093396222342066,0.04560399755347632,0.606330423406363,0.5959749952329318,0.606330423406363,0.5959749952329318,0.606330423406363,0.5959749952329318
0.568,0.568,0.0419416648924846,0.568,0.578,0.578,0.1833701655320285,0.578,0.5880954588186385,0.5813769007303656,0.5880954588186385,0.5813769007303656,0.5880954588186385,0.5813769007303656,0.5880954588186385,0.5813769007303656,0.5880954588186385,0.5813769007303656,0.5880954588186385,0.5813769007303656,0.0353274022117921,0.03430958653561584,0.0353274022117921,0.03430958653561584,0.0353274022117921,0.03430958653561584,0.5880954588186385,0.5813769007303656,0.5880954588186385,0.5813769007303656,0.5880954588186385,0.5813769007303656
0.544,0.544,0.0375523436444684,0.544,0.578,0.578,0.1390531216464895,0.578,0.5886725305627424,0.5846012335858661,0.5886725305627424,0.5846012335858661,0.5886725305627424,0.5846012335858661,0.5886725305627424,0.5846012335858661,0.5886725305627424,0.5846012335858661,0.5886725305627424,0.5846012335858661,0.0382872023451692,0.03479493410872639,0.0382872023451692,0.03479493410872639,0.0382872023451692,0.03479493410872639,0.5886725305627424,0.5846012335858661,0.5886725305627424,0.5846012335858661,0.5886725305627424,0.5846012335858661
0.528,0.528,0.0326084728740955,0.528,0.586,0.586,0.0756287510717347,0.586,0.5761026684088733,0.5805720431582937,0.5761026684088733,0.5805720431582937,0.5761026684088733,0.5805720431582937,0.5761026684088733,0.5805720431582937,0.5761026684088733,0.5805720431582937,0.5761026684088733,0.5805720431582937,0.03246630319576004,0.038877348779854874,0.03246630319576004,0.038877348779854874,0.03246630319576004,0.038877348779854874,0.5761026684088733,0.5805720431582937,0.5761026684088733,0.5805720431582937,0.5761026684088733,0.5805720431582937
0.529,0.529,0.0211156372100755,0.529,0.622,0.622,0.0653974533316851,0.622,0.5680404203546152,0.5813412575156686,0.5680404203546152,0.5813412575156686,0.5680404203546152,0.5813412575156686,0.5680404203546152,0.5813412575156686,0.5680404203546152,0.5813412575156686,0.5680404203546152,0.5813412575156686,0.04144785436322919,0.07397796673140335,0.04144785436322919,0.07397796673140335,0.04144785436322919,0.07397796673140335,0.5680404203546152,0.5813412575156686,0.5680404203546152,0.5813412575156686,0.5680404203546152,0.5813412575156686
0.537,0.537,0.0256651992020134,0.537,0.624,0.624,0.0167364016736401,0.624,0.5611506761659446,0.564504679065466,0.5611506761659446,0.564504679065466,0.5611506761659446,0.564504679065466,0.5611506761659446,0.564504679065466,0.5611506761659446,0.564504679065466,0.5611506761659446,0.564504679065466,0.03835784899837923,0.05327613067552873,0.03835784899837923,0.05327613067552873,0.03835784899837923,0.05327613067552873,0.5611506761659446,0.564504679065466,0.5611506761659446,0.564504679065466,0.5611506761659446,0.564504679065466
0.538,0.538,0.0430542724934027,0.538,0.603,0.603,0.0289124798199698,0.603,0.568295026657848,0.5739848066571674,0.568295026657848,0.5739848066571674,0.568295026657848,0.5739848066571674,0.568295026657848,0.5739848066571674,0.568295026657848,0.5739848066571674,0.568295026657848,0.5739848066571674,0.07777233345788592,0.09522113129321429,0.07777233345788592,0.09522113129321429,0.07777233345788592,0.09522113129321429,0.568295026657848,0.5739848066571674,0.568295026657848,0.5739848066571674,0.568295026657848,0.5739848066571674
0.566,0.566,0.0970673413002229,0.566,0.597,0.597,0.0445074590062878,0.597,0.5804010406018733,0.5820286255185468,0.5804010406018733,0.5820286255185468,0.5804010406018733,0.5820286255185468,0.5804010406018733,0.5820286255185468,0.5804010406018733,0.5820286255185468,0.5804010406018733,0.5820286255185468,0.08564402524386829,0.14594631819660958,0.08564402524386829,0.14594631819660958,0.08564402524386829,0.14594631819660958,0.5804010406018733,0.5820286255185468,0.5804010406018733,0.5820286255185468,0.5804010406018733,0.5820286255185468
0.61,0.61,0.1992444152431011,0.61,0.568,0.568,0.0419416648924846,0.568,0.5862820880856662,0.5864822849917657,0.5862820880856662,0.5864822849917657,0.5862820880856662,0.5864822849917657,0.5862820880856662,0.5864822849917657,0.5862820880856662,0.5864822849917657,0.5862820880856662,0.5864822849917657,0.11525918614409644,0.15489778271798713,0.11525918614409644,0.15489778271798713,0.11525918614409644,0.15489778271798713,0.5862820880856662,0.5864822849917657,0.5862820880856662,0.5864822849917657,0.5862820880856662,0.5864822849917657
0.61,0.61,0.2291027546728232,0.61,0.544,0.544,0.0375523436444684,0.544,0.5876649572519466,0.585751421403412,0.5876649572519466,0.585751421403412,0.5876649572519466,0.585751421403412,0.5876649572519466,0.585751421403412,0.5876649572519466,0.585751421403412,0.5876649572519466,0.585751421403412,0.1855332357658508,0.1349815833902362,0.1855332357658508,0.1349815833902362,0.1855332357658508,0.1349815833902362,0.5876649572519466,0.585751421403412,0.5876649572519466,0.585751421403412,0.5876649572519466,0.585751421403412
0.62,0.62,0.2482303738669051,0.62,0.528,0.528,0.0326084728740955,0.528,0.615706512303978,0.6228239210492134,0.615706512303978,0.6228239210492134,0.615706512303978,0.6228239210492134,0.615706512303978,0.6228239210492134,0.615706512303978,0.6228239210492134,0.615706512303978,0.6228239210492134,0.19517531361410378,0.20464444782582045,0.19517531361410378,0.20464444782582045,0.19517531361410378,0.20464444782582045,0.615706512303978,0.6228239210492134,0.615706512303978,0.6228239210492134,0.615706512303978,0.6228239210492134
0.615,0.615,0.241612430464724,0.615,0.529,0.529,0.0211156372100755,0.529,0.6288444164230963,0.6275367913966182,0.6288444164230963,0.6275367913966182,0.6288444164230963,0.6275367913966182,0.6288444164230963,0.6275367913966182,0.6288444164230963,0.6275367913966182,0.6288444164230963,0.6275367913966182,0.24249063764541806,0.23355577240798744,0.24249063764541806,0.23355577240798744,0.24249063764541806,0.23355577240798744,0.6288444164230963,0.6275367913966182,0.6288444164230963,0.6275367913966182,0.6288444164230963,0.6275367913966182
0.634,0.634,0.2729901952994644,0.634,0.537,0.537,0.0256651992020134,0.537,0.6120699185670372,0.6237611520108044,0.6120699185670372,0.6237611520108044,0.6120699185670372,0.6237611520108044,0.6120699185670372,0.6237611520108044,0.6120699185670372,0.6237611520108044,0.6120699185670372,0.6237611520108044,0.2642566945628987,0.22630336985654037,0.2642566945628987,0.22630336985654037,0.2642566945628987,0.22630336985654037,0.6120699185670372,0.6237611520108044,0.6120699185670372,0.6237611520108044,0.6120699185670372,0.6237611520108044
0.627,0.627,0.258696896464004,0.627,0.538,0.538,0.0430542724934027,0.538,0.6210373384733942,0.6417128712917702,0.6210373384733942,0.6417128712917702,0.6210373384733942,0.6417128712917702,0.6210373384733942,0.6417128712917702,0.6210373384733942,0.6417128712917702,0.6210373384733942,0.6417128712917702,0.2741660599788638,0.2699709081008771,0.2741660599788638,0.2699709081008771,0.2741660599788638,0.2699709081008771,0.6210373384733942,0.6417128712917702,0.6210373384733942,0.6417128712917702,0.6210373384733942,0.6417128712917702
0.641,0.641,0.2934906677792384,0.641,0.566,0.566,0.0970673413002229,0.566,0.6440947227611814,0.6433054039735274,0.6440947227611814,0.6433054039735274,0.6440947227611814,0.6433054039735274,0.6440947227611814,0.6433054039735274,0.6440947227611814,0.6433054039735274,0.6440947227611814,0.6433054039735274,0.31451736681305564,0.26748629644069605,0.31451736681305564,0.26748629644069605,0.31451736681305564,0.26748629644069605,0.6440947227611814,0.6433054039735274,0.6440947227611814,0.6433054039735274,0.6440947227611814,0.6433054039735274
0.642,0.642,0.3006173321872314,0.642,0.61,0.61,0.1992444152431011,0.61,0.6375880115902293,0.6446445888601526,0.6375880115902293,0.6446445888601526,0.6375880115902293,0.6446445888601526,0.6375880115902293,0.6446445888601526,0.6375880115902293,0.6446445888601526,0.6375880115902293,0.6446445888601526,0.31927793247627984,0.2557440635953267,0.31927793247627984,0.2557440635953267,0.31927793247627984,0.2557440635953267,0.6375880115902293,0.6446445888601526,0.6375880115902293,0.6446445888601526,0.6375880115902293,0.6446445888601526
0.649,0.649,0.314453125,0.649,0.61,0.61,0.2291027546728232,0.61,0.6371622346828367,0.6302374144887967,0.6371622346828367,0.6302374144887967,0.6371622346828367,0.6302374144887967,0.6371622346828367,0.6302374144887967,0.6371622346828367,0.6302374144887967,0.6371622346828367,0.6302374144887967,0.28061487683285363,0.2797024600106859,0.28061487683285363,0.2797024600106859,0.28061487683285363,0.2797024600106859,0.6371622346828367,0.6302374144887967,0.6371622346828367,0.6302374144887967,0.6371622346828367,0.6302374144887967
0.639,0.639,0.2962084938471856,0.639,0.62,0.62,0.2482303738669051,0.62,0.6413312252488603,0.6279866855633308,0.6413312252488603,0.6279866855633308,0.6413312252488603,0.6279866855633308,0.6413312252488603,0.6279866855633308,0.6413312252488603,0.6279866855633308,0.6413312252488603,0.6279866855633308,0.25020305746605465,0.2378419672299717,0.25020305746605465,0.2378419672299717,0.25020305746605465,0.2378419672299717,0.6413312252488603,0.6279866855633308,0.6413312252488603,0.6279866855633308,0.6413312252488603,0.6279866855633308
0.64,0.64,0.2969985744693316,0.64,0.615,0.615,0.241612430464724,0.615,0.6262858656597198,0.6272743921141659,0.6262858656597198,0.6272743921141659,0.6262858656597198,0.6272743921141659,0.6262858656597198,0.6272743921141659,0.6262858656597198,0.6272743921141659,0.6262858656597198,0.6272743921141659,0.25472339778564784,0.24030056147916345,0.25472339778564784,0.24030056147916345,0.25472339778564784,0.24030056147916345,0.6262858656597198,0.6272743921141659,0.6262858656597198,0.6272743921141659,0.6262858656597198,0.6272743921141659
0.619,0.619,0.2632157056885161,0.619,0.634,0.634,0.2729901952994644,0.634,0.6194012778272324,0.626661287362277,0.6194012778272324,0.626661287362277,0.6194012778272324,0.626661287362277,0.6194012778272324,0.626661287362277,0.6194012778272324,0.626661287362277,0.6194012778272324,0.626661287362277,0.24919572594009098,0.26235489013175906,0.24919572594009098,0.26235489013175906,0.24919572594009098,0.26235489013175906,0.6194012778272324,0.626661287362277,0.6194012778272324,0.626661287362277,0.6194012778272324,0.626661287362277
0.635,0.635,0.2896897987778772,0.635,0.627,0.627,0.258696896464004,0.627,0.6291082200288473,0.6338914517020853,0.6291082200288473,0.6338914517020853,0.6291082200288473,0.6338914517020853,0.6291082200288473,0.6338914517020853,0.6291082200288473,0.6338914517020853,0.6291082200288473,0.6338914517020853,0.2685930783762576,0.27718985020788073,0.2685930783762576,0.27718985020788073,0.2685930783762576,0.27718985020788073,0.6291082200288473,0.6338914517020853,0.6291082200288473,0.6338914517020853,0.6291082200288473,0.6338914517020853
0.632,0.632,0.2857586485311471,0.632,0.641,0.641,0.2934906677792384,0.641,0.6175572161535311,0.6190976582138914,0.6175572161535311,0.6190976582138914,0.6175572161535311,0.6190976582138914,0.6175572161535311,0.6190976582138914,0.6175572161535311,0.6190976582138914,0.6175572161535311,0.6190976582138914,0.264100291530857,0.250557879453362,0.264100291530857,0.250557879453362,0.264100291530857,0.250557879453362,0.6175572161535311,0.6190976582138914,0.6175572161535311,0.6190976582138914,0.6175572161535311,0.6190976582138914
0.634,0.634,0.2913349236345612,0.634,0.642,0.642,0.3006173321872314,0.642,0.620143946394076,0.6239149759158359,0.620143946394076,0.6239149759158359,0.620143946394076,0.6239149759158359,0.620143946394076,0.6239149759158359,0.620143946394076,0.6239149759158359,0.620143946394076,0.6239149759158359,0.22261999405038357,0.2529468791990276,0.22261999405038357,0.2529468791990276,0.22261999405038357,0.2529468791990276,0.620143946394076,0.6239149759158359,0.620143946394076,0.6239149759158359,0.620143946394076,0.6239149759158359
0.634,0.634,0.2932316307811142,0.634,0.649,0.649,0.314453125,0.649,0.6109280859690582,0.6093159665607255,0.6109280859690582,0.6093159665607255,0.6109280859690582,0.6093159665607255,0.6109280859690582,0.6093159665607255,0.6109280859690582,0.6093159665607255,0.6109280859690582,0.6093159665607255,0.24331109842344723,0.23795372118179908,0.24331109842344723,0.23795372118179908,0.24331109842344723,0.23795372118179908,0.6109280859690582,0.6093159665607255,0.6109280859690582,0.6093159665607255,0.6109280859690582,0.6093159665607255
0.64,0.64,0.3045682141311738,0.64,0.639,0.639,0.2962084938471856,0.639,0.6302322122821439,0.6290314841569753,0.6302322122821439,0.6290314841569753,0.6302322122821439,0.6290314841569753,0.6302322122821439,0.6290314841569753,0.6302322122821439,0.6290314841569753,0.6302322122821439,0.6290314841569753,0.2778971238188704,0.2715736643878385,0.2778971238188704,0.2715736643878385,0.2778971238188704,0.2715736643878385,0.6302322122821439,0.6290314841569753,0.6302322122821439,0.6290314841569753,0.6302322122821439,0.6290314841569753
0.628,0.628,0.2835213768716078,0.628,0.64,0.64,0.2969985744693316,0.64,0.6364593229459442,0.6350339500604013,0.6364593229459442,0.6350339500604013,0.6364593229459442,0.6350339500604013,0.6364593229459442,0.6350339500604013,0.6364593229459442,0.6350339500604013,0.6364593229459442,0.6350339500604013,0.29695924725283984,0.2622494023911407,0.29695924725283984,0.2622494023911407,0.29695924725283984,0.2622494023911407,0.6364593229459442,0.6350339500604013,0.6364593229459442,0.6350339500604013,0.6364593229459442,0.6350339500604013
0.623,0.623,0.2747043025233364,0.623,0.619,0.619,0.2632157056885161,0.619,0.6375148406580883,0.644675427626746,0.6375148406580883,0.644675427626746,0.6375148406580883,0.644675427626746,0.6375148406580883,0.644675427626746,0.6375148406580883,0.644675427626746,0.6375148406580883,0.644675427626746,0.3174249561166918,0.3046923444512238,0.3174249561166918,0.3046923444512238,0.3174249561166918,0.3046923444512238,0.6375148406580883,0.644675427626746,0.6375148406580883,0.644675427626746,0.6375148406580883,0.644675427626746
0.618,0.618,0.2663440116770377,0.618,0.635,0.635,0.2896897987778772,0.635,0.6392221055490864,0.6355128173186277,0.6392221055490864,0.6355128173186277,0.6392221055490864,0.6355128173186277,0.6392221055490864,0.6355128173186277,0.6392221055490864,0.6355128173186277,0.6392221055490864,0.6355128173186277,0.2893516040415424,0.28302799254554173,0.2893516040415424,0.28302799254554173,0.2893516040415424,0.28302799254554173,0.6392221055490864,0.6355128173186277,0.6392221055490864,0.6355128173186277,0.6392221055490864,0.6355128173186277
0.602,0.602,0.2428479570211583,0.602,0.632,0.632,0.2857586485311471,0.632,0.6334503577714121,0.6388625042364716,0.6334503577714121,0.6388625042364716,0.6334503577714121,0.6388625042364716,0.6334503577714121,0.6388625042364716,0.6334503577714121,0.6388625042364716,0.6334503577714121,0.6388625042364716,0.2445466987108669,0.2938103752511965,0.2445466987108669,0.2938103752511965,0.2445466987108669,0.2938103752511965,0.6334503577714121,0.6388625042364716,0.6334503577714121,0.6388625042364716,0.6334503577714121,0.6388625042364716
0.586,0.586,0.2198894278058542,0.586,0.634,0.634,0.2913349236345612,0.634,0.628094524583423,0.6196003575785104,0.628094524583423,0.6196003575785104,0.628094524583423,0.6196003575785104,0.628094524583423,0.6196003575785104,0.628094524583423,0.6196003575785104,0.628094524583423,0.6196003575785104,0.24689904665370327,0.25048900642816796,0.24689904665370327,0.25048900642816796,0.24689904665370327,0.25048900642816796,0.628094524583423,0.6196003575785104,0.628094524583423,0.6196003575785104,0.628094524583423,0.6196003575785104
0.587,0.587,0.2187559113505497,0.587,0.634,0.634,0.2932316307811142,0.634,0.6298506863455232,0.6271855813446311,0.6298506863455232,0.6271855813446311,0.6298506863455232,0.6271855813446311,0.6298506863455232,0.6271855813446311,0.6298506863455232,0.6271855813446311,0.6298506863455232,0.6271855813446311,0.2772904840933084,0.27618012296653055,0.2772904840933084,0.27618012296653055,0.2772904840933084,0.27618012296653055,0.6298506863455232,0.6271855813446311,0.6298506863455232,0.6271855813446311,0.6298506863455232,0.6271855813446311
0.585,0.585,0.2126133647023108,0.585,0.64,0.64,0.3045682141311738,0.64,0.6205713317260679,0.6104084008466156,0.6205713317260679,0.6104084008466156,0.6205713317260679,0.6104084008466156,0.6205713317260679,0.6104084008466156,0.6205713317260679,0.6104084008466156,0.6205713317260679,0.6104084008466156,0.26833025190608306,0.21313788325762417,0.26833025190608306,0.21313788325762417,0.26833025190608306,0.21313788325762417,0.6205713317260679,0.6104084008466156,0.6205713317260679,0.6104084008466156,0.6205713317260679,0.6104084008466156
0.597,0.597,0.2348004405119051,0.597,0.628,0.628,0.2835213768716078,0.628,0.6479838719084897,0.6452236707490653,0.6479838719084897,0.6452236707490653,0.6479838719084897,0.6452236707490653,0.6479838719084897,0.6452236707490653,0.6479838719084897,0.6452236707490653,0.6479838719084897,0.6452236707490653,0.3149055326851614,0.32342239861298483,0.3149055326851614,0.32342239861298483,0.3149055326851614,0.32342239861298483,0.6479838719084897,0.6452236707490653,0.6479838719084897,0.6452236707490653,0.6479838719084897,0.6452236707490653
0.612,0.612,0.2667624159044522,0.612,0.623,0.623,0.2747043025233364,0.623,0.6377570445416961,0.6216457118115053,0.6377570445416961,0.6216457118115053,0.6377570445416961,0.6216457118115053,0.6377570445416961,0.6216457118115053,0.6377570445416961,0.6216457118115053,0.6377570445416961,0.6216457118115053,0.32637335967671705,0.28959302916139973,0.32637335967671705,0.28959302916139973,0.32637335967671705,0.28959302916139973,0.6377570445416961,0.6216457118115053,0.6377570445416961,0.6216457118115053,0.6377570445416961,0.6216457118115053
0.614,0.614,0.2714341799293328,0.614,0.618,0.618,0.2663440116770377,0.618,0.6308274840435574,0.6330280087245567,0.6308274840435574,0.6330280087245567,0.6308274840435574,0.6330280087245567,0.6308274840435574,0.6330280087245567,0.6308274840435574,0.6330280087245567,0.6308274840435574,0.6330280087245567,0.28948249670693554,0.29461208592982546,0.28948249670693554,0.29461208592982546,0.28948249670693554,0.29461208592982546,0.6308274840435574,0.6330280087245567,0.6308274840435574,0.6330280087245567,0.6308274840435574,0.6330280087245567
0.602,0.602,0.2471731161358417,0.602,0.602,0.602,0.2428479570211583,0.602,0.6156083618041864,0.6297454193624427,0.6156083618041864,0.6297454193624427,0.6156083618041864,0.6297454193624427,0.6156083618041864,0.6297454193624427,0.6156083618041864,0.6297454193624427,0.6156083618041864,0.6297454193624427,0.28881510414711287,0.3114897752226696,0.28881510414711287,0.3114897752226696,0.28881510414711287,0.3114897752226696,0.6156083618041864,0.6297454193624427,0.6156083618041864,0.6297454193624427,0.6156083618041864,0.6297454193624427
0.588,0.588,0.2256308665040242,0.588,0.586,0.586,0.2198894278058542,0.586,0.5916039556177036,0.6173498668950859,0.5916039556177036,0.6173498668950859,0.5916039556177036,0.6173498668950859,0.5916039556177036,0.6173498668950859,0.5916039556177036,0.6173498668950859,0.5916039556177036,0.6173498668950859,0.24169315570226055,0.2556246466212393,0.24169315570226055,0.2556246466212393,0.24169315570226055,0.2556246466212393,0.5916039556177036,0.6173498668950859,0.5916039556177036,0.6173498668950859,0.5916039556177036,0.6173498668950859
0.579,0.579,0.2083906827019261,0.579,0.587,0.587,0.2187559113505497,0.587,0.6049007572669146,0.6256909434705228,0.6049007572669146,0.6256909434705228,0.6049007572669146,0.6256909434705228,0.6049007572669146,0.6256909434705228,0.6049007572669146,0.6256909434705228,0.6049007572669146,0.6256909434705228,0.23875126824220322,0.29325550102092846,0.23875126824220322,0.29325550102092846,0.23875126824220322,0.29325550102092846,0.6049007572669146,0.6256909434705228,0.6049007572669146,0.6256909434705228,0.6049007572669146,0.6256909434705228
0.558,0.558,0.1815027017818057,0.558,0.585,0.585,0.2126133647023108,0.585,0.6253472787507843,0.6384932646404197,0.6253472787507843,0.6384932646404197,0.6253472787507843,0.6384932646404197,0.6253472787507843,0.6384932646404197,0.6253472787507843,0.6384932646404197,0.6253472787507843,0.6384932646404197,0.23474900911557048,0.29022400140837235,0.23474900911557048,0.29022400140837235,0.23474900911557048,0.29022400140837235,0.6253472787507843,0.6384932646404197,0.6253472787507843,0.6384932646404197,0.6253472787507843,0.6384932646404197
0.557,0.557,0.1733655776737798,0.557,0.597,0.597,0.2348004405119051,0.597,0.6151074823759659,0.6198636985222222,0.6151074823759659,0.6198636985222222,0.6151074823759659,0.6198636985222222,0.6151074823759659,0.6198636985222222,0.6151074823759659,0.6198636985222222,0.6151074823759659,0.6198636985222222,0.29356843563463186,0.32217618453331354,0.29356843563463186,0.32217618453331354,0.29356843563463186,0.32217618453331354,0.6151074823759659,0.6198636985222222,0.6151074823759659,0.6198636985222222,0.6151074823759659,0.6198636985222222
0.554,0.554,0.1683945166246513,0.554,0.612,0.612,0.2667624159044522,0.612,0.6481829889954315,0.642708869215289,0.6481829889954315,0.642708869215289,0.6481829889954315,0.642708869215289,0.6481829889954315,0.642708869215289,0.6481829889954315,0.642708869215289,0.6481829889954315,0.642708869215289,0.31326166043234205,0.3068463534369854,0.31326166043234205,0.3068463534369854,0.31326166043234205,0.3068463534369854,0.6481829889954315,0.642708869215289,0.6481829889954315,0.642708869215289,0.6481829889954315,0.642708869215289
0.564,0.564,0.180253895674147,0.564,0.614,0.614,0.2714341799293328,0.614,0.64146901460694,0.641853546168299,0.64146901460694,0.641853546168299,0.64146901460694,0.641853546168299,0.64146901460694,0.641853546168299,0.64146901460694,0.641853546168299,0.64146901460694,0.641853546168299,0.2905905520179174,0.29363868600235055,0.2905905520179174,0.29363868600235055,0.2905905520179174,0.29363868600235055,0.64146901460694,0.641853546168299,0.64146901460694,0.641853546168299,0.64146901460694,0.641853546168299
0.579,0.579,0.1973001830384381,0.579,0.602,0.602,0.2471731161358417,0.602,0.6563429821642027,0.6459962882228786,0.6563429821642027,0.6459962882228786,0.6563429821642027,0.6459962882228786,0.6563429821642027,0.6459962882228786,0.6563429821642027,0.6459962882228786,0.6563429821642027,0.6459962882228786,0.31109221032089374,0.3054410086851925,0.31109221032089374,0.3054410086851925,0.31109221032089374,0.3054410086851925,0.6563429821642027,0.6459962882228786,0.6563429821642027,0.6459962882228786,0.6563429821642027,0.6459962882228786
0.573,0.573,0.1845854180193255,0.573,0.588,0.588,0.2256308665040242,0.588,0.6275421251516332,0.6328996684161408,0.6275421251516332,0.6328996684161408,0.6275421251516332,0.6328996684161408,0.6275421251516332,0.6328996684161408,0.6275421251516332,0.6328996684161408,0.6275421251516332,0.6328996684161408,0.28130931996530045,0.2985544428437678,0.28130931996530045,0.2985544428437678,0.28130931996530045,0.2985544428437678,0.6275421251516332,0.6328996684161408,0.6275421251516332,0.6328996684161408,0.6275421251516332,0.6328996684161408
0.578,0.578,0.1916823733124932,0.578,0.579,0.579,0.2083906827019261,0.579,0.6365125829159949,0.6324757727208516,0.6365125829159949,0.6324757727208516,0.6365125829159949,0.6324757727208516,0.6365125829159949,0.6324757727208516,0.6365125829159949,0.6324757727208516,0.6365125829159949,0.6324757727208516,0.30193884908577956,0.31935489151115654,0.30193884908577956,0.31935489151115654,0.30193884908577956,0.31935489151115654,0.6365125829159949,0.6324757727208516,0.6365125829159949,0.6324757727208516,0.6365125829159949,0.6324757727208516
0.574,0.574,0.1972049162718647,0.574,0.558,0.558,0.1815027017818057,0.558,0.6336122963107644,0.6332912266359437,0.6336122963107644,0.6332912266359437,0.6336122963107644,0.6332912266359437,0.6336122963107644,0.6332912266359437,0.6336122963107644,0.6332912266359437,0.6336122963107644,0.6332912266359437,0.3103003924731029,0.25815414809067233,0.3103003924731029,0.25815414809067233,0.3103003924731029,0.25815414809067233,0.6336122963107644,0.6332912266359437,0.6336122963107644,0.6332912266359437,0.6336122963107644,0.6332912266359437
0.575,0.575,0.1916156274964812,0.575,0.557,0.557,0.1733655776737798,0.557,0.6236719600982431,0.6332021824844132,0.6236719600982431,0.6332021824844132,0.6236719600982431,0.6332021824844132,0.6236719600982431,0.6332021824844132,0.6236719600982431,0.6332021824844132,0.6236719600982431,0.6332021824844132,0.316136981393406,0.2979886100956629,0.316136981393406,0.2979886100956629,0.316136981393406,0.2979886100956629,0.6236719600982431,0.6332021824844132,0.6236719600982431,0.6332021824844132,0.6236719600982431,0.6332021824844132
0.578,0.578,0.1876867165604114,0.578,0.554,0.554,0.1683945166246513,0.554,0.6432886949503284,0.6525629696696859,0.6432886949503284,0.6525629696696859,0.6432886949503284,0.6525629696696859,0.6432886949503284,0.6525629696696859,0.6432886949503284,0.6525629696696859,0.6432886949503284,0.6525629696696859,0.32141544297053115,0.32546568620084476,0.32141544297053115,0.32546568620084476,0.32141544297053115,0.32546568620084476,0.6432886949503284,0.6525629696696859,0.6432886949503284,0.6525629696696859,0.6432886949503284,0.6525629696696859
0.575,0.575,0.1895932330081536,0.575,0.564,0.564,0.180253895674147,0.564,0.6465834037010131,0.6555148573534201,0.6465834037010131,0.6555148573534201,0.6465834037010131,0.6555148573534201,0.6465834037010131,0.6555148573534201,0.6465834037010131,0.6555148573534201,0.6465834037010131,0.6555148573534201,0.3512112286254698,0.32815913546593023,0.3512112286254698,0.32815913546593023,0.3512112286254698,0.32815913546593023,0.6465834037010131,0.6555148573534201,0.6465834037010131,0.6555148573534201,0.6465834037010131,0.6555148573534201
0.588,0.588,0.2185988643131067,0.588,0.579,0.579,0.1973001830384381,0.579,0.6426818309267474,0.648810532578274,0.6426818309267474,0.648810532578274,0.6426818309267474,0.648810532578274,0.6426818309267474,0.648810532578274,0.6426818309267474,0.648810532578274,0.6426818309267474,0.648810532578274,0.35067756650187865,0.30036140481522494,0.35067756650187865,0.30036140481522494,0.35067756650187865,0.30036140481522494,0.6426818309267474,0.648810532578274,0.6426818309267474,0.648810532578274,0.6426818309267474,0.648810532578274
0.556,0.556,0.1751504793044511,0.556,0.573,0.573,0.1845854180193255,0.573,0.6331796723687289,0.647343845547915,0.6331796723687289,0.647343845547915,0.6331796723687289,0.647343845547915,0.6331796723687289,0.647343845547915,0.6331796723687289,0.647343845547915,0.6331796723687289,0.647343845547915,0.30264441892919886,0.3389869164218072,0.30264441892919886,0.3389869164218072,0.30264441892919886,0.3389869164218072,0.6331796723687289,0.647343845547915,0.6331796723687289,0.647343845547915,0.6331796723687289,0.647343845547915
0.553,0.553,0.1728349370836417,0.553,0.578,0.578,0.1916823733124932,0.578,0.6386665949359879,0.646074376286115,0.6386665949359879,0.646074376286115,0.6386665949359879,0.646074376286115,0.6386665949359879,0.646074376286115,0.6386665949359879,0.646074376286115,0.6386665949359879,0.646074376286115,0.34244185599210925,0.3475829993822022,0.34244185599210925,0.3475829993822022,0.34244185599210925,0.3475829993822022,0.6386665949359879,0.646074376286115,0.6386665949359879,0.646074376286115,0.6386665949359879,0.646074376286115
0.547,0.547,0.1377603849433548,0.547,0.574,0.574,0.1972049162718647,0.574,0.6411460983425562,0.6437873627741022,0.6411460983425562,0.6437873627741022,0.6411460983425562,0.6437873627741022,0.6411460983425562,0.6437873627741022,0.6411460983425562,0.6437873627741022,0.6411460983425562,0.6437873627741022,0.3111263287747311,0.29691815700139446,0.3111263287747311,0.29691815700139446,0.3111263287747311,0.29691815700139446,0.6411460983425562,0.6437873627741022,0.6411460983425562,0.6437873627741022,0.6411460983425562,0.6437873627741022
0.535,0.535,0.1165272109619023,0.535,0.575,0.575,0.1916156274964812,0.575,0.6278744411597394,0.6365275938685421,0.6278744411597394,0.6365275938685421,0.6278744411597394,0.6365275938685421,0.6278744411597394,0.6365275938685421,0.6278744411597394,0.6365275938685421,0.6278744411597394,0.6365275938685421,0.29121302344712807,0.3201653784812473,0.29121302344712807,0.3201653784812473,0.29121302344712807,0.3201653784812473,0.6278744411597394,0.6365275938685421,0.6278744411597394,0.6365275938685421,0.6278744411597394,0.6365275938685421
0.541,0.541,0.1298908098271155,0.541,0.578,0.578,0.1876867165604114,0.578,0.6231571369352676,0.6307992004667488,0.6231571369352676,0.6307992004667488,0.6231571369352676,0.6307992004667488,0.6231571369352676,0.6307992004667488,0.6231571369352676,0.6307992004667488,0.6231571369352676,0.6307992004667488,0.3029762788324823,0.3181980025965026,0.3029762788324823,0.3181980025965026,0.3029762788324823,0.3181980025965026,0.6231571369352676,0.6307992004667488,0.6231571369352676,0.6307992004667488,0.6231571369352676,0.6307992004667488
0.544,0.544,0.1516121230162421,0.544,0.575,0.575,0.1895932330081536,0.575,0.5766102636065487,0.610858456130923,0.5766102636065487,0.610858456130923,0.5766102636065487,0.610858456130923,0.5766102636065487,0.610858456130923,0.5766102636065487,0.610858456130923,0.5766102636065487,0.610858456130923,0.2085918723954052,0.2635424976218723,0.2085918723954052,0.2635424976218723,0.2085918723954052,0.2635424976218723,0.5766102636065487,0.610858456130923,0.5766102636065487,0.610858456130923,0.5766102636065487,0.610858456130923
0.557,0.557,0.162621542742216,0.557,0.588,0.588,0.2185988643131067,0.588,0.586048050004962,0.5988151961051843,0.586048050004962,0.5988151961051843,0.586048050004962,0.5988151961051843,0.586048050004962,0.5988151961051843,0.586048050004962,0.5988151961051843,0.586048050004962,0.5988151961051843,0.12648608222506838,0.1812607482192101,0.12648608222506838,0.1812607482192101,0.12648608222506838,0.1812607482192101,0.586048050004962,0.5988151961051843,0.586048050004962,0.5988151961051843,0.586048050004962,0.5988151961051843
0.602,0.602,0.1571225264299268,0.602,0.556,0.556,0.1751504793044511,0.556,0.5846695884076997,0.6146470039206644,0.5846695884076997,0.6146470039206644,0.5846695884076997,0.6146470039206644,0.5846695884076997,0.6146470039206644,0.5846695884076997,0.6146470039206644,0.5846695884076997,0.6146470039206644,0.08764751061420654,0.13900266176599557,0.08764751061420654,0.13900266176599557,0.08764751061420654,0.13900266176599557,0.5846695884076997,0.6146470039206644,0.5846695884076997,0.6146470039206644,0.5846695884076997,0.6146470039206644
0.624,0.624,0.0785217135574942,0.624,0.553,0.553,0.1728349370836417,0.553,0.593346314192892,0.6109865122655632,0.593346314192892,0.6109865122655632,0.593346314192892,0.6109865122655632,0.593346314192892,0.6109865122655632,0.593346314192892,0.6109865122655632,0.593346314192892,0.6109865122655632,0.043466154938414964,0.08173589191518985,0.043466154938414964,0.08173589191518985,0.043466154938414964,0.08173589191518985,0.593346314192892,0.6109865122655632,0.593346314192892,0.6109865122655632,0.593346314192892,0.6109865122655632
0.657,0.657,-0.000151626485648,0.657,0.547,0.547,0.1377603849433548,0.547,0.618508928450072,0.6337014778657999,0.618508928450072,0.6337014778657999,0.618508928450072,0.6337014778657999,0.618508928450072,0.6337014778657999,0.618508928450072,0.6337014778657999,0.618508928450072,0.6337014778657999,0.026599591476499592,0.07514282119909582,0.026599591476499592,0.07514282119909582,0.026599591476499592,0.07514282119909582,0.618508928450072,0.6337014778657999,0.618508928450072,0.6337014778657999,0.618508928450072,0.6337014778657999
0.64,0.64,-0.0004279608499191,0.64,0.535,0.535,0.1165272109619023,0.535,0.602061332995731,0.6051569410395196,0.602061332995731,0.6051569410395196,0.602061332995731,0.6051569410395196,0.602061332995731,0.6051569410395196,0.602061332995731,0.6051569410395196,0.602061332995731,0.6051569410395196,0.030318582064793997,0.03659556101287327,0.030318582064793997,0.03659556101287327,0.030318582064793997,0.03659556101287327,0.602061332995731,0.6051569410395196,0.602061332995731,0.6051569410395196,0.602061332995731,0.6051569410395196
0.613,0.613,0.0043018277622263,0.613,0.541,0.541,0.1298908098271155,0.541,0.5947264860716328,0.5980773123886298,0.5947264860716328,0.5980773123886298,0.5947264860716328,0.5980773123886298,0.5947264860716328,0.5980773123886298,0.5947264860716328,0.5980773123886298,0.5947264860716328,0.5980773123886298,0.04310846684671331,0.04394658471619207,0.04310846684671331,0.04394658471619207,0.04310846684671331,0.04394658471619207,0.5947264860716328,0.5980773123886298,0.5947264860716328,0.5980773123886298,0.5947264860716328,0.5980773123886298
0.594,0.594,0.004731203883019,0.594,0.544,0.544,0.1516121230162421,0.544,0.5788935260163384,0.5927580883763649,0.5788935260163384,0.5927580883763649,0.5788935260163384,0.5927580883763649,0.5788935260163384,0.5927580883763649,0.5788935260163384,0.5927580883763649,0.5788935260163384,0.5927580883763649,0.02660548272310294,0.048779140926721955,0.02660548272310294,0.048779140926721955,0.02660548272310294,0.048779140926721955,0.5788935260163384,0.5927580883763649,0.5788935260163384,0.5927580883763649,0.5788935260163384,0.5927580883763649
0.557,0.557,0.0150477579552125,0.557,0.557,0.557,0.162621542742216,0.557,0.5807339080668485,0.5783831397053735,0.5807339080668485,0.5783831397053735,0.5807339080668485,0.5783831397053735,0.5807339080668485,0.5783831397053735,0.5807339080668485,0.5783831397053735,0.5807339080668485,0.5783831397053735,0.031104705168083852,0.03921106655764425,0.031104705168083852,0.03921106655764425,0.031104705168083852,0.03921106655764425,0.5807339080668485,0.5783831397053735,0.5807339080668485,0.5783831397053735,0.5807339080668485,0.5783831397053735
0.571,0.571,0.0285238090924736,0.571,0.602,0.602,0.1571225264299268,0.602,0.5896718233168653,0.5846763613441849,0.5896718233168653,0.5846763613441849,0.5896718233168653,0.5846763613441849,0.5896718233168653,0.5846763613441849,0.5896718233168653,0.5846763613441849,0.5896718233168653,0.5846763613441849,0.031192268153191285,0.05724303049780753,0.031192268153191285,0.05724303049780753,0.031192268153191285,0.05724303049780753,0.5896718233168653,0.5846763613441849,0.5896718233168653,0.5846763613441849,0.5896718233168653,0.5846763613441849
0.549,0.549,0.0376654745952221,0.549,0.624,0.624,0.0785217135574942,0.624,0.5896638438943473,0.5846579403483677,0.5896638438943473,0.5846579403483677,0.5896638438943473,0.5846579403483677,0.5896638438943473,0.5846579403483677,0.5896638438943473,0.5846579403483677,0.5896638438943473,0.5846579403483677,0.03431772665176549,0.06044079434751679,0.03431772665176549,0.06044079434751679,0.03431772665176549,0.06044079434751679,0.5896638438943473,0.5846579403483677,0.5896638438943473,0.5846579403483677,0.5896638438943473,0.5846579403483677
0.53,0.53,0.0283795852214466,0.53,0.657,0.657,-0.000151626485648,0.657,0.5801067562235461,0.572591457106087,0.5801067562235461,0.572591457106087,0.5801067562235461,0.572591457106087,0.5801067562235461,0.572591457106087,0.5801067562235461,0.572591457106087,0.5801067562235461,0.572591457106087,0.060412148154925405,0.06339540483632064,0.060412148154925405,0.06339540483632064,0.060412148154925405,0.06339540483632064,0.5801067562235461,0.572591457106087,0.5801067562235461,0.572591457106087,0.5801067562235461,0.572591457106087
0.547,0.547,0.0325060868822348,0.547,0.64,0.64,-0.0004279608499191,0.64,0.5716287648566322,0.5664901765141667,0.5716287648566322,0.5664901765141667,0.5716287648566322,0.5664901765141667,0.5716287648566322,0.5664901765141667,0.5716287648566322,0.5664901765141667,0.5716287648566322,0.5664901765141667,0.04512538982250051,0.06328338892857734,0.04512538982250051,0.06328338892857734,0.04512538982250051,0.06328338892857734,0.5716287648566322,0.5664901765141667,0.5716287648566322,0.5664901765141667,0.5716287648566322,0.5664901765141667
0.562,0.562,0.0559042626569182,0.562,0.613,0.613,0.0043018277622263,0.613,0.5834344388794056,0.5724680264481885,0.5834344388794056,0.5724680264481885,0.5834344388794056,0.5724680264481885,0.5834344388794056,0.5724680264481885,0.5834344388794056,0.5724680264481885,0.5834344388794056,0.5724680264481885,0.08341447494462162,0.10657926586482346,0.08341447494462162,0.10657926586482346,0.08341447494462162,0.10657926586482346,0.5834344388794056,0.5724680264481885,0.5834344388794056,0.5724680264481885,0.5834344388794056,0.5724680264481885
0.591,0.591,0.1246468624261621,0.591,0.594,0.594,0.004731203883019,0.594,0.5855985035349618,0.5818113021148192,0.5855985035349618,0.5818113021148192,0.5855985035349618,0.5818113021148192,0.5855985035349618,0.5818113021148192,0.5855985035349618,0.5818113021148192,0.5855985035349618,0.5818113021148192,0.08969994687157476,0.1252958540918532,0.08969994687157476,0.1252958540918532,0.08969994687157476,0.1252958540918532,0.5855985035349618,0.5818113021148192,0.5855985035349618,0.5818113021148192,0.5855985035349618,0.5818113021148192
0.59,0.59,0.1454594718522686,0.59,0.557,0.557,0.0150477579552125,0.557,0.5884775428537132,0.5865362779454364,0.5884775428537132,0.5865362779454364,0.5884775428537132,0.5865362779454364,0.5884775428537132,0.5865362779454364,0.5884775428537132,0.5865362779454364,0.5884775428537132,0.5865362779454364,0.14999875466223847,0.14875552019107058,0.14999875466223847,0.14875552019107058,0.14999875466223847,0.14875552019107058,0.5884775428537132,0.5865362779454364,0.5884775428537132,0.5865362779454364,0.5884775428537132,0.5865362779454364
0.596,0.596,0.1929297449338363,0.596,0.571,0.571,0.0285238090924736,0.571,0.5937294156034211,0.590218772136839,0.5937294156034211,0.590218772136839,0.5937294156034211,0.590218772136839,0.5937294156034211,0.590218772136839,0.5937294156034211,0.590218772136839,0.5937294156034211,0.590218772136839,0.19552387262221518,0.1637847329859675,0.19552387262221518,0.1637847329859675,0.19552387262221518,0.1637847329859675,0.5937294156034211,0.590218772136839,0.5937294156034211,0.590218772136839,0.5937294156034211,0.590218772136839
0.591,0.591,0.1880409751449218,0.591,0.549,0.549,0.0376654745952221,0.549,0.6104624608995483,0.5938555943388972,0.6104624608995483,0.5938555943388972,0.6104624608995483,0.5938555943388972,0.6104624608995483,0.5938555943388972,0.6104624608995483,0.5938555943388972,0.6104624608995483,0.5938555943388972,0.2855996647432851,0.22916582060439122,0.2855996647432851,0.22916582060439122,0.2855996647432851,0.22916582060439122,0.6104624608995483,0.5938555943388972,0.6104624608995483,0.5938555943388972,0.6104624608995483,0.5938555943388972
0.589,0.589,0.1883822147094368,0.589,0.53,0.53,0.0283795852214466,0.53,0.607077223991247,0.6251094582380415,0.607077223991247,0.6251094582380415,0.607077223991247,0.6251094582380415,0.607077223991247,0.6251094582380415,0.607077223991247,0.6251094582380415,0.607077223991247,0.6251094582380415,0.27101547830779227,0.22959663668722918,0.27101547830779227,0.22959663668722918,0.27101547830779227,0.22959663668722918,0.607077223991247,0.6251094582380415,0.607077223991247,0.6251094582380415,0.607077223991247,0.6251094582380415
0.611,0.611,0.2317354483979018,0.611,0.547,0.547,0.0325060868822348,0.547,0.6317685283473703,0.6373583039666295,0.6317685283473703,0.6373583039666295,0.6317685283473703,0.6373583039666295,0.6317685283473703,0.6373583039666295,0.6317685283473703,0.6373583039666295,0.6317685283473703,0.6373583039666295,0.2933175878540741,0.24401006443789588,0.2933175878540741,0.24401006443789588,0.2933175878540741,0.24401006443789588,0.6317685283473703,0.6373583039666295,0.6317685283473703,0.6373583039666295,0.6317685283473703,0.6373583039666295
0.623,0.623,0.2570140241066432,0.623,0.562,0.562,0.0559042626569182,0.562,0.6388611195868119,0.6433557675745143,0.6388611195868119,0.6433557675745143,0.6388611195868119,0.6433557675745143,0.6388611195868119,0.6433557675745143,0.6388611195868119,0.6433557675745143,0.6388611195868119,0.6433557675745143,0.31155702892095755,0.2888672651030315,0.31155702892095755,0.2888672651030315,0.31155702892095755,0.2888672651030315,0.6388611195868119,0.6433557675745143,0.6388611195868119,0.6433557675745143,0.6388611195868119,0.6433557675745143
0.634,0.634,0.284843368973926,0.634,0.591,0.591,0.1246468624261621,0.591,0.6392728950884106,0.6493022922796816,0.6392728950884106,0.6493022922796816,0.6392728950884106,0.6493022922796816,0.6392728950884106,0.6493022922796816,0.6392728950884106,0.6493022922796816,0.6392728950884106,0.6493022922796816,0.31795623013162927,0.27942817948827475,0.31795623013162927,0.27942817948827475,0.31795623013162927,0.27942817948827475,0.6392728950884106,0.6493022922796816,0.6392728950884106,0.6493022922796816,0.6392728950884106,0.6493022922796816
0.624,0.624,0.266630518312782,0.624,0.59,0.59,0.1454594718522686,0.59,0.6356684700079556,0.6399354714139317,0.6356684700079556,0.6399354714139317,0.6356684700079556,0.6399354714139317,0.6356684700079556,0.6399354714139317,0.6356684700079556,0.6399354714139317,0.6356684700079556,0.6399354714139317,0.2960181558874411,0.31707408418895894,0.2960181558874411,0.31707408418895894,0.2960181558874411,0.31707408418895894,0.6356684700079556,0.6399354714139317,0.6356684700079556,0.6399354714139317,0.6356684700079556,0.6399354714139317
0.618,0.618,0.2540781616736768,0.618,0.596,0.596,0.1929297449338363,0.596,0.635239576182026,0.6270636925439315,0.635239576182026,0.6270636925439315,0.635239576182026,0.6270636925439315,0.635239576182026,0.6270636925439315,0.635239576182026,0.6270636925439315,0.635239576182026,0.6270636925439315,0.2788068770751439,0.2527128964468628,0.2788068770751439,0.2527128964468628,0.2788068770751439,0.2527128964468628,0.635239576182026,0.6270636925439315,0.635239576182026,0.6270636925439315,0.635239576182026,0.6270636925439315
0.601,0.601,0.2163871322518558,0.601,0.591,0.591,0.1880409751449218,0.591,0.6159999564954739,0.6326071870115024,0.6159999564954739,0.6326071870115024,0.6159999564954739,0.6326071870115024,0.6159999564954739,0.6326071870115024,0.6159999564954739,0.6326071870115024,0.6159999564954739,0.6326071870115024,0.2522827470039041,0.25125915589860726,0.2522827470039041,0.25125915589860726,0.2522827470039041,0.25125915589860726,0.6159999564954739,0.6326071870115024,0.6159999564954739,0.6326071870115024,0.6159999564954739,0.6326071870115024
0.588,0.588,0.1923120655246638,0.588,0.589,0.589,0.1883822147094368,0.589,0.6159468789397959,0.6262335644565435,0.6159468789397959,0.6262335644565435,0.6159468789397959,0.6262335644565435,0.6159468789397959,0.6262335644565435,0.6159468789397959,0.6262335644565435,0.6159468789397959,0.6262335644565435,0.22743869419741752,0.2404834142790975,0.22743869419741752,0.2404834142790975,0.22743869419741752,0.2404834142790975,0.6159468789397959,0.6262335644565435,0.6159468789397959,0.6262335644565435,0.6159468789397959,0.6262335644565435
0.586,0.586,0.1951444268611799,0.586,0.611,0.611,0.2317354483979018,0.611,0.6163074591151587,0.6300878368627127,0.6163074591151587,0.6300878368627127,0.6163074591151587,0.6300878368627127,0.6163074591151587,0.6300878368627127,0.6163074591151587,0.6300878368627127,0.6163074591151587,0.6300878368627127,0.2504651927211336,0.2681312620348561,0.2504651927211336,0.2681312620348561,0.2504651927211336,0.2681312620348561,0.6163074591151587,0.6300878368627127,0.6163074591151587,0.6300878368627127,0.6163074591151587,0.6300878368627127
0.595,0.595,0.2075294485970334,0.595,0.623,0.623,0.2570140241066432,0.623,0.6160232771253197,0.609685315734525,0.6160232771253197,0.609685315734525,0.6160232771253197,0.609685315734525,0.6160232771253197,0.609685315734525,0.6160232771253197,0.609685315734525,0.6160232771253197,0.609685315734525,0.25482769919952336,0.250480215463678,0.25482769919952336,0.250480215463678,0.25482769919952336,0.250480215463678,0.6160232771253197,0.609685315734525,0.6160232771253197,0.609685315734525,0.6160232771253197,0.609685315734525
0.614,0.614,0.2396156316115028,0.614,0.634,0.634,0.284843368973926,0.634,0.6186269475274169,0.6215472414269869,0.6186269475274169,0.6215472414269869,0.6186269475274169,0.6215472414269869,0.6186269475274169,0.6215472414269869,0.6186269475274169,0.6215472414269869,0.6186269475274169,0.6215472414269869,0.2764810071547832,0.2616599467141613,0.2764810071547832,0.2616599467141613,0.2764810071547832,0.2616599467141613,0.6186269475274169,0.6215472414269869,0.6186269475274169,0.6215472414269869,0.6186269475274169,0.6215472414269869
0.616,0.616,0.2416612358552047,0.616,0.624,0.624,0.266630518312782,0.624,0.6215490611174412,0.6181823181474615,0.6215490611174412,0.6181823181474615,0.6215490611174412,0.6181823181474615,0.6215490611174412,0.6181823181474615,0.6215490611174412,0.6181823181474615,0.6215490611174412,0.6181823181474615,0.23061555809163606,0.24654861336750886,0.23061555809163606,0.24654861336750886,0.23061555809163606,0.24654861336750886,0.6215490611174412,0.6181823181474615,0.6215490611174412,0.6181823181474615,0.6215490611174412,0.6181823181474615
0.621,0.621,0.2572414063418649,0.621,0.618,0.618,0.2540781616736768,0.618,0.6080539936240765,0.605109612842001,0.6080539936240765,0.605109612842001,0.6080539936240765,0.605109612842001,0.6080539936240765,0.605109612842001,0.6080539936240765,0.605109612842001,0.6080539936240765,0.605109612842001,0.27559843500692816,0.22498963771294142,0.27559843500692816,0.22498963771294142,0.27559843500692816,0.22498963771294142,0.6080539936240765,0.605109612842001,0.6080539936240765,0.605109612842001,0.6080539936240765,0.605109612842001
0.624,0.624,0.2695965686579226,0.624,0.601,0.601,0.2163871322518558,0.601,0.6107797583804792,0.6325069711557186,0.6107797583804792,0.6325069711557186,0.6107797583804792,0.6325069711557186,0.6107797583804792,0.6325069711557186,0.6107797583804792,0.6325069711557186,0.6107797583804792,0.6325069711557186,0.27796898053107183,0.27323364774090153,0.27796898053107183,0.27323364774090153,0.27796898053107183,0.27323364774090153,0.6107797583804792,0.6325069711557186,0.6107797583804792,0.6325069711557186,0.6107797583804792,0.6325069711557186
0.634,0.634,0.290961502696671,0.634,0.588,0.588,0.1923120655246638,0.588,0.6390852562973819,0.6528750224711484,0.6390852562973819,0.6528750224711484,0.6390852562973819,0.6528750224711484,0.6390852562973819,0.6528750224711484,0.6390852562973819,0.6528750224711484,0.6390852562973819,0.6528750224711484,0.32878324660080077,0.32030051236197277,0.32878324660080077,0.32030051236197277,0.32878324660080077,0.32030051236197277,0.6390852562973819,0.6528750224711484,0.6390852562973819,0.6528750224711484,0.6390852562973819,0.6528750224711484
0.607,0.607,0.238897194958517,0.607,0.586,0.586,0.1951444268611799,0.586,0.6331331779751579,0.6520074252757458,0.6331331779751579,0.6520074252757458,0.6331331779751579,0.6520074252757458,0.6331331779751579,0.6520074252757458,0.6331331779751579,0.6520074252757458,0.6331331779751579,0.6520074252757458,0.2908070284687012,0.3089542571006841,0.2908070284687012,0.3089542571006841,0.2908070284687012,0.3089542571006841,0.6331331779751579,0.6520074252757458,0.6331331779751579,0.6520074252757458,0.6331331779751579,0.6520074252757458
0.589,0.589,0.2075122440322394,0.589,0.595,0.595,0.2075294485970334,0.595,0.6271497448832218,0.6348933675263639,0.6271497448832218,0.6348933675263639,0.6271497448832218,0.6348933675263639,0.6271497448832218,0.6348933675263639,0.6271497448832218,0.6348933675263639,0.6271497448832218,0.6348933675263639,0.28882435591888656,0.27092535415308566,0.28882435591888656,0.27092535415308566,0.28882435591888656,0.27092535415308566,0.6271497448832218,0.6348933675263639,0.6271497448832218,0.6348933675263639,0.6271497448832218,0.6348933675263639
0.57,0.57,0.1721248666735978,0.57,0.614,0.614,0.2396156316115028,0.614,0.5940794898767225,0.5950732631244899,0.5940794898767225,0.5950732631244899,0.5940794898767225,0.5950732631244899,0.5940794898767225,0.5950732631244899,0.5940794898767225,0.5950732631244899,0.5940794898767225,0.5950732631244899,0.2278523047054145,0.21032731408057564,0.2278523047054145,0.21032731408057564,0.2278523047054145,0.21032731408057564,0.5940794898767225,0.5950732631244899,0.5940794898767225,0.5950732631244899,0.5940794898767225,0.5950732631244899
0.58,0.58,0.1904644421143527,0.58,0.616,0.616,0.2416612358552047,0.616,0.586551030517433,0.5841369530581215,0.586551030517433,0.5841369530581215,0.586551030517433,0.5841369530581215,0.586551030517433,0.5841369530581215,0.586551030517433,0.5841369530581215,0.586551030517433,0.5841369530581215,0.21107641084394552,0.21599518130029358,0.21107641084394552,0.21599518130029358,0.21107641084394552,0.21599518130029358,0.586551030517433,0.5841369530581215,0.586551030517433,0.5841369530581215,0.586551030517433,0.5841369530581215
0.596,0.596,0.223778507887102,0.596,0.621,0.621,0.2572414063418649,0.621,0.5936083738283401,0.5921249160575465,0.5936083738283401,0.5921249160575465,0.5936083738283401,0.5921249160575465,0.5936083738283401,0.5921249160575465,0.5936083738283401,0.5921249160575465,0.5936083738283401,0.5921249160575465,0.21072097116055416,0.20026126724071486,0.21072097116055416,0.20026126724071486,0.21072097116055416,0.20026126724071486,0.5936083738283401,0.5921249160575465,0.5936083738283401,0.5921249160575465,0.5936083738283401,0.5921249160575465
0.606,0.606,0.242403848742275,0.606,0.624,0.624,0.2695965686579226,0.624,0.5923607424002268,0.5905249278363796,0.5923607424002268,0.5905249278363796,0.5923607424002268,0.5905249278363796,0.5923607424002268,0.5905249278363796,0.5923607424002268,0.5905249278363796,0.5923607424002268,0.5905249278363796,0.20682287982682515,0.19854266838946086,0.20682287982682515,0.19854266838946086,0.20682287982682515,0.19854266838946086,0.5923607424002268,0.5905249278363796,0.5923607424002268,0.5905249278363796,0.5923607424002268,0.5905249278363796
0.605,0.605,0.2449151246367946,0.605,0.634,0.634,0.290961502696671,0.634,0.5986749086700097,0.5956758997533913,0.5986749086700097,0.5956758997533913,0.5986749086700097,0.5956758997533913,0.5986749086700097,0.5956758997533913,0.5986749086700097,0.5956758997533913,0.5986749086700097,0.5956758997533913,0.22520846757743762,0.24501635883692863,0.22520846757743762,0.24501635883692863,0.22520846757743762,0.24501635883692863,0.5986749086700097,0.5956758997533913,0.5986749086700097,0.5956758997533913,0.5986749086700097,0.5956758997533913
0.599,0.599,0.238198729444664,0.599,0.607,0.607,0.238897194958517,0.607,0.6050649012490564,0.6053197085997004,0.6050649012490564,0.6053197085997004,0.6050649012490564,0.6053197085997004,0.6050649012490564,0.6053197085997004,0.6050649012490564,0.6053197085997004,0.6050649012490564,0.6053197085997004,0.23992223781874436,0.2504195578490946,0.23992223781874436,0.2504195578490946,0.23992223781874436,0.2504195578490946,0.6050649012490564,0.6053197085997004,0.6050649012490564,0.6053197085997004,0.6050649012490564,0.6053197085997004
0.602,0.602,0.2392471987858538,0.602,0.589,0.589,0.2075122440322394,0.589,0.5998021259656238,0.6011604858990099,0.5998021259656238,0.6011604858990099,0.5998021259656238,0.6011604858990099,0.5998021259656238,0.6011604858990099,0.5998021259656238,0.6011604858990099,0.5998021259656238,0.6011604858990099,0.2443373420076048,0.24484684496383305,0.2443373420076048,0.24484684496383305,0.2443373420076048,0.24484684496383305,0.5998021259656238,0.6011604858990099,0.5998021259656238,0.6011604858990099,0.5998021259656238,0.6011604858990099
0.615,0.615,0.2611952900719998,0.615,0.57,0.57,0.1721248666735978,0.57,0.5991295746003846,0.5956429207741392,0.5991295746003846,0.5956429207741392,0.5991295746003846,0.5956429207741392,0.5991295746003846,0.5956429207741392,0.5991295746003846,0.5956429207741392,0.5991295746003846,0.5956429207741392,0.22661758952000663,0.24069359479471705,0.22661758952000663,0.24069359479471705,0.22661758952000663,0.24069359479471705,0.5991295746003846,0.5956429207741392,0.5991295746003846,0.5956429207741392,0.5991295746003846,0.5956429207741392
0.597,0.597,0.231268121471082,0.597,0.58,0.58,0.1904644421143527,0.58,0.583308522285142,0.5811556282919345,0.583308522285142,0.5811556282919345,0.583308522285142,0.5811556282919345,0.583308522285142,0.5811556282919345,0.583308522285142,0.5811556282919345,0.583308522285142,0.5811556282919345,0.20015686412831094,0.21542551715699243,0.20015686412831094,0.21542551715699243,0.20015686412831094,0.21542551715699243,0.583308522285142,0.5811556282919345,0.583308522285142,0.5811556282919345,0.583308522285142,0.5811556282919345
0.619,0.619,0.2710533565984021,0.619,0.596,0.596,0.223778507887102,0.596,0.5752307943851159,0.5806523788611339,0.5752307943851159,0.5806523788611339,0.5752307943851159,0.5806523788611339,0.5752307943851159,0.5806523788611339,0.5752307943851159,0.5806523788611339,0.5752307943851159,0.5806523788611339,0.19580173637123618,0.18109948373563564,0.19580173637123618,0.18109948373563564,0.19580173637123618,0.18109948373563564,0.5752307943851159,0.5806523788611339,0.5752307943851159,0.5806523788611339,0.5752307943851159,0.5806523788611339
0.611,0.611,0.2582281377521833,0.611,0.606,0.606,0.242403848742275,0.606,0.5566033510806817,0.5597379855516929,0.5566033510806817,0.5597379855516929,0.5566033510806817,0.5597379855516929,0.5566033510806817,0.5597379855516929,0.5566033510806817,0.5597379855516929,0.5566033510806817,0.5597379855516929,0.1672890826684702,0.1780512547082105,0.1672890826684702,0.1780512547082105,0.1672890826684702,0.1780512547082105,0.5566033510806817,0.5597379855516929,0.5566033510806817,0.5597379855516929,0.5566033510806817,0.5597379855516929
0.621,0.621,0.2784086149253276,0.621,0.605,0.605,0.2449151246367946,0.605,0.5554207601582052,0.5621007398131685,0.5554207601582052,0.5621007398131685,0.5554207601582052,0.5621007398131685,0.5554207601582052,0.5621007398131685,0.5554207601582052,0.5621007398131685,0.5554207601582052,0.5621007398131685,0.16506590480717223,0.16762689403758535,0.16506590480717223,0.16762689403758535,0.16506590480717223,0.16762689403758535,0.5554207601582052,0.5621007398131685,0.5554207601582052,0.5621007398131685,0.5554207601582052,0.5621007398131685
0.623,0.623,0.2821782178217822,0.623,0.599,0.599,0.238198729444664,0.599,0.5629490278515291,0.5693121274706161,0.5629490278515291,0.5693121274706161,0.5629490278515291,0.5693121274706161,0.5629490278515291,0.5693121274706161,0.5629490278515291,0.5693121274706161,0.5629490278515291,0.5693121274706161,0.17188966284286897,0.16721429296164317,0.17188966284286897,0.16721429296164317,0.17188966284286897,0.16721429296164317,0.5629490278515291,0.5693121274706161,0.5629490278515291,0.5693121274706161,0.5629490278515291,0.5693121274706161
0.623,0.623,0.2804080105667407,0.623,0.602,0.602,0.2392471987858538,0.602,0.5640628616025383,0.5723101946231379,0.5640628616025383,0.5723101946231379,0.5640628616025383,0.5723101946231379,0.5640628616025383,0.5723101946231379,0.5640628616025383,0.5723101946231379,0.5640628616025383,0.5723101946231379,0.1710104413378467,0.17397503932668215,0.1710104413378467,0.17397503932668215,0.1710104413378467,0.17397503932668215,0.5640628616025383,0.5723101946231379,0.5640628616025383,0.5723101946231379,0.5640628616025383,0.5723101946231379
0.618,0.618,0.2663214664351674,0.618,0.615,0.615,0.2611952900719998,0.615,0.5696506112167078,0.5701865734190876,0.5696506112167078,0.5701865734190876,0.5696506112167078,0.5701865734190876,0.5696506112167078,0.5701865734190876,0.5696506112167078,0.5701865734190876,0.5696506112167078,0.5701865734190876,0.17828975575057376,0.17958047746942132,0.17828975575057376,0.17958047746942132,0.17828975575057376,0.17958047746942132,0.5696506112167078,0.5701865734190876,0.5696506112167078,0.5701865734190876,0.5696506112167078,0.5701865734190876
0.613,0.613,0.2517922186390738,0.613,0.597,0.597,0.231268121471082,0.597,0.5695524877470228,0.5661681878045993,0.5695524877470228,0.5661681878045993,0.5695524877470228,0.5661681878045993,0.5695524877470228,0.5661681878045993,0.5695524877470228,0.5661681878045993,0.5695524877470228,0.5661681878045993,0.17508818198300313,0.18153240287905578,0.17508818198300313,0.18153240287905578,0.17508818198300313,0.18153240287905578,0.5695524877470228,0.5661681878045993,0.5695524877470228,0.5661681878045993,0.5695524877470228,0.5661681878045993
0.613,0.613,0.2537255869920706,0.613,0.619,0.619,0.2710533565984021,0.619,0.5770462690822544,0.5706292567089675,0.5770462690822544,0.5706292567089675,0.5770462690822544,0.5706292567089675,0.5770462690822544,0.5706292567089675,0.5770462690822544,0.5706292567089675,0.5770462690822544,0.5706292567089675,0.18813172762685473,0.19120260972575132,0.18813172762685473,0.19120260972575132,0.18813172762685473,0.19120260972575132,0.5770462690822544,0.5706292567089675,0.5770462690822544,0.5706292567089675,0.5770462690822544,0.5706292567089675
0.627,0.627,0.2865285885890481,0.627,0.611,0.611,0.2582281377521833,0.611,0.5760115009382599,0.5807773805811968,0.5760115009382599,0.5807773805811968,0.5760115009382599,0.5807773805811968,0.5760115009382599,0.5807773805811968,0.5760115009382599,0.5807773805811968,0.5760115009382599,0.5807773805811968,0.18521159352717956,0.19454401643641872,0.18521159352717956,0.19454401643641872,0.18521159352717956,0.19454401643641872,0.5760115009382599,0.5807773805811968,0.5760115009382599,0.5807773805811968,0.5760115009382599,0.5807773805811968
0.653,0.653,0.3287681832250078,0.653,0.621,0.621,0.2784086149253276,0.621,0.5620895190856784,0.5729816748242357,0.5620895190856784,0.5729816748242357,0.5620895190856784,0.5729816748242357,0.5620895190856784,0.5729816748242357,0.5620895190856784,0.5729816748242357,0.5620895190856784,0.5729816748242357,0.16995365346983912,0.18883055396387313,0.16995365346983912,0.18883055396387313,0.16995365346983912,0.18883055396387313,0.5620895190856784,0.5729816748242357,0.5620895190856784,0.5729816748242357,0.5620895190856784,0.5729816748242357
0.653,0.653,0.3252440399797768,0.653,0.623,0.623,0.2821782178217822,0.623,0.5735514349230136,0.5759075551794642,0.5735514349230136,0.5759075551794642,0.5735514349230136,0.5759075551794642,0.5735514349230136,0.5759075551794642,0.5735514349230136,0.5759075551794642,0.5735514349230136,0.5759075551794642,0.17229087113162692,0.17818399002340832,0.17229087113162692,0.17818399002340832,0.17229087113162692,0.17818399002340832,0.5735514349230136,0.5759075551794642,0.5735514349230136,0.5759075551794642,0.5735514349230136,0.5759075551794642
0.635,0.635,0.3004231960501702,0.635,0.623,0.623,0.2804080105667407,0.623,0.5737648169172785,0.5933118920641668,0.5737648169172785,0.5933118920641668,0.5737648169172785,0.5933118920641668,0.5737648169172785,0.5933118920641668,0.5737648169172785,0.5933118920641668,0.5737648169172785,0.5933118920641668,0.17750297554641759,0.18858213524550016,0.17750297554641759,0.18858213524550016,0.17750297554641759,0.18858213524550016,0.5737648169172785,0.5933118920641668,0.5737648169172785,0.5933118920641668,0.5737648169172785,0.5933118920641668
0.623,0.623,0.2852972177777103,0.623,0.618,0.618,0.2663214664351674,0.618,0.570103419556848,0.5798537347559837,0.570103419556848,0.5798537347559837,0.570103419556848,0.5798537347559837,0.570103419556848,0.5798537347559837,0.570103419556848,0.5798537347559837,0.570103419556848,0.5798537347559837,0.18551734084988844,0.19449088382015653,0.18551734084988844,0.19449088382015653,0.18551734084988844,0.19449088382015653,0.570103419556848,0.5798537347559837,0.570103419556848,0.5798537347559837,0.570103419556848,0.5798537347559837
0.61,0.61,0.2731610041560282,0.61,0.613,0.613,0.2517922186390738,0.613,0.5571631138229033,0.5595745191699826,0.5571631138229033,0.5595745191699826,0.5571631138229033,0.5595745191699826,0.5571631138229033,0.5595745191699826,0.5571631138229033,0.5595745191699826,0.5571631138229033,0.5595745191699826,0.1709346728551453,0.169615972813961,0.1709346728551453,0.169615972813961,0.1709346728551453,0.169615972813961,0.5571631138229033,0.5595745191699826,0.5571631138229033,0.5595745191699826,0.5571631138229033,0.5595745191699826
0.615,0.615,0.274914684766805,0.615,0.613,0.613,0.2537255869920706,0.613,0.5480103533516003,0.5521430315378789,0.5480103533516003,0.5521430315378789,0.5480103533516003,0.5521430315378789,0.5480103533516003,0.5521430315378789,0.5480103533516003,0.5521430315378789,0.5480103533516003,0.5521430315378789,0.16415110258713936,0.16434943452373268,0.16415110258713936,0.16434943452373268,0.16415110258713936,0.16434943452373268,0.5480103533516003,0.5521430315378789,0.5480103533516003,0.5521430315378789,0.5480103533516003,0.5521430315378789
0.637,0.637,0.3041071099932518,0.637,0.627,0.627,0.2865285885890481,0.627,0.5472091840274652,0.5530507708498014,0.5472091840274652,0.5530507708498014,0.5472091840274652,0.5530507708498014,0.5472091840274652,0.5530507708498014,0.5472091840274652,0.5530507708498014,0.5472091840274652,0.5530507708498014,0.1456623667172059,0.14237744903801497,0.1456623667172059,0.14237744903801497,0.1456623667172059,0.14237744903801497,0.5472091840274652,0.5530507708498014,0.5472091840274652,0.5530507708498014,0.5472091840274652,0.5530507708498014
0.659,0.659,0.3392753342375508,0.659,0.653,0.653,0.3287681832250078,0.653,0.5532175801975084,0.5452361399406249,0.5532175801975084,0.5452361399406249,0.5532175801975084,0.5452361399406249,0.5532175801975084,0.5452361399406249,0.5532175801975084,0.5452361399406249,0.5532175801975084,0.5452361399406249,0.14185107725033713,0.1433153673089997,0.14185107725033713,0.1433153673089997,0.14185107725033713,0.1433153673089997,0.5532175801975084,0.5452361399406249,0.5532175801975084,0.5452361399406249,0.5532175801975084,0.5452361399406249
0.641,0.641,0.3084130873672692,0.641,0.653,0.653,0.3252440399797768,0.653,0.5712857480219632,0.5652726253010084,0.5712857480219632,0.5652726253010084,0.5712857480219632,0.5652726253010084,0.5712857480219632,0.5652726253010084,0.5712857480219632,0.5652726253010084,0.5712857480219632,0.5652726253010084,0.16895124337902087,0.17101041894197713,0.16895124337902087,0.17101041894197713,0.16895124337902087,0.17101041894197713,0.5712857480219632,0.5652726253010084,0.5712857480219632,0.5652726253010084,0.5712857480219632,0.5652726253010084
0.607,0.607,0.2358070111303833,0.607,0.635,0.635,0.3004231960501702,0.635,0.5579290909167006,0.5676093327157042,0.5579290909167006,0.5676093327157042,0.5579290909167006,0.5676093327157042,0.5579290909167006,0.5676093327157042,0.5579290909167006,0.5676093327157042,0.5579290909167006,0.5676093327157042,0.16232240490378866,0.17870310871574963,0.16232240490378866,0.17870310871574963,0.16232240490378866,0.17870310871574963,0.5579290909167006,0.5676093327157042,0.5579290909167006,0.5676093327157042,0.5579290909167006,0.5676093327157042
0.603,0.603,0.1918739567642389,0.603,0.623,0.623,0.2852972177777103,0.623,0.577707303168119,0.5827023900241478,0.577707303168119,0.5827023900241478,0.577707303168119,0.5827023900241478,0.577707303168119,0.5827023900241478,0.577707303168119,0.5827023900241478,0.577707303168119,0.5827023900241478,0.14188781585544405,0.15524366118306404,0.14188781585544405,0.15524366118306404,0.14188781585544405,0.15524366118306404,0.577707303168119,0.5827023900241478,0.577707303168119,0.5827023900241478,0.577707303168119,0.5827023900241478
0.629,0.629,0.1196263988685657,0.629,0.61,0.61,0.2731610041560282,0.61,0.6075354794284337,0.6049946544382174,0.6075354794284337,0.6049946544382174,0.6075354794284337,0.6049946544382174,0.6075354794284337,0.6049946544382174,0.6075354794284337,0.6049946544382174,0.6075354794284337,0.6049946544382174,0.10933514246672499,0.14254048100354094,0.10933514246672499,0.14254048100354094,0.10933514246672499,0.14254048100354094,0.6075354794284337,0.6049946544382174,0.6075354794284337,0.6049946544382174,0.6075354794284337,0.6049946544382174
0.673,0.673,0.0751948595540571,0.673,0.615,0.615,0.274914684766805,0.615,0.6083657459358677,0.6104796650721985,0.6083657459358677,0.6104796650721985,0.6083657459358677,0.6104796650721985,0.6083657459358677,0.6104796650721985,0.6083657459358677,0.6104796650721985,0.6083657459358677,0.6104796650721985,0.04270807719522539,0.05278204479163707,0.04270807719522539,0.05278204479163707,0.04270807719522539,0.05278204479163707,0.6083657459358677,0.6104796650721985,0.6083657459358677,0.6104796650721985,0.6083657459358677,0.6104796650721985
0.712,0.712,0.0,0.712,0.637,0.637,0.3041071099932518,0.637,0.611907268938485,0.6340004192198088,0.611907268938485,0.6340004192198088,0.611907268938485,0.6340004192198088,0.611907268938485,0.6340004192198088,0.611907268938485,0.6340004192198088,0.611907268938485,0.6340004192198088,0.04147562323898381,0.017982562141822898,0.04147562323898381,0.017982562141822898,0.04147562323898381,0.017982562141822898,0.611907268938485,0.6340004192198088,0.611907268938485,0.6340004192198088,0.611907268938485,0.6340004192198088
0.685,0.685,0.0085984414538037,0.685,0.659,0.659,0.3392753342375508,0.659,0.6165031993492576,0.6193304839273485,0.6165031993492576,0.6193304839273485,0.6165031993492576,0.6193304839273485,0.6165031993492576,0.6193304839273485,0.6165031993492576,0.6193304839273485,0.6165031993492576,0.6193304839273485,0.013537035624426189,0.02295873862387547,0.013537035624426189,0.02295873862387547,0.013537035624426189,0.02295873862387547,0.6165031993492576,0.6193304839273485,0.6165031993492576,0.6193304839273485,0.6165031993492576,0.6193304839273485
0.669,0.669,0.0253468705095284,0.669,0.641,0.641,0.3084130873672692,0.641,0.5889556442787841,0.6079187330068045,0.5889556442787841,0.6079187330068045,0.5889556442787841,0.6079187330068045,0.5889556442787841,0.6079187330068045,0.5889556442787841,0.6079187330068045,0.5889556442787841,0.6079187330068045,0.012363786430452727,0.023769889934638414,0.012363786430452727,0.023769889934638414,0.012363786430452727,0.023769889934638414,0.5889556442787841,0.6079187330068045,0.5889556442787841,0.6079187330068045,0.5889556442787841,0.6079187330068045
0.654,0.654,0.0368984790789853,0.654,0.607,0.607,0.2358070111303833,0.607,0.5814502133131855,0.5913711196527458,0.5814502133131855,0.5913711196527458,0.5814502133131855,0.5913711196527458,0.5814502133131855,0.5913711196527458,0.5814502133131855,0.5913711196527458,0.5814502133131855,0.5913711196527458,0.020886462565778644,0.03014711698718195,0.020886462565778644,0.03014711698718195,0.020886462565778644,0.03014711698718195,0.5814502133131855,0.5913711196527458,0.5814502133131855,0.5913711196527458,0.5814502133131855,0.5913711196527458
0.649,0.649,0.0316386549985101,0.649,0.603,0.603,0.1918739567642389,0.603,0.5779588772365242,0.5767831901542099,0.5779588772365242,0.5767831901542099,0.5779588772365242,0.5767831901542099,0.5779588772365242,0.5767831901542099,0.5779588772365242,0.5767831901542099,0.5779588772365242,0.5767831901542099,0.020879342312434792,0.031344848878447865,0.020879342312434792,0.031344848878447865,0.020879342312434792,0.031344848878447865,0.5779588772365242,0.5767831901542099,0.5779588772365242,0.5767831901542099,0.5779588772365242,0.5767831901542099
0.63,0.63,0.0400182655984058,0.63,0.629,0.629,0.1196263988685657,0.629,0.5575732648886996,0.565165126327694,0.5575732648886996,0.565165126327694,0.5575732648886996,0.565165126327694,0.5575732648886996,0.565165126327694,0.5575732648886996,0.565165126327694,0.5575732648886996,0.565165126327694,0.022046965422576767,0.026394136771517824,0.022046965422576767,0.026394136771517824,0.022046965422576767,0.026394136771517824,0.5575732648886996,0.565165126327694,0.5575732648886996,0.565165126327694,0.5575732648886996,0.565165126327694
0.624,0.624,0.0320205541167444,0.624,0.673,0.673,0.0751948595540571,0.673,0.554434331797208,0.5680812822198389,0.554434331797208,0.5680812822198389,0.554434331797208,0.5680812822198389,0.554434331797208,0.5680812822198389,0.554434331797208,0.5680812822198389,0.554434331797208,0.5680812822198389,0.03128651335625214,0.041262816730872634,0.03128651335625214,0.041262816730872634,0.03128651335625214,0.041262816730872634,0.554434331797208,0.5680812822198389,0.554434331797208,0.5680812822198389,0.554434331797208,0.5680812822198389
0.6,0.6,0.0243378913014843,0.6,0.712,0.712,0.0,0.712,0.5630655561990222,0.5795063146910311,0.5630655561990222,0.5795063146910311,0.5630655561990222,0.5795063146910311,0.5630655561990222,0.5795063146910311,0.5630655561990222,0.5795063146910311,0.5630655561990222,0.5795063146910311,0.040674568814034036,0.05803055535211832,0.040674568814034036,0.05803055535211832,0.040674568814034036,0.05803055535211832,0.5630655561990222,0.5795063146910311,0.5630655561990222,0.5795063146910311,0.5630655561990222,0.5795063146910311
0.603,0.603,0.0743676788778631,0.603,0.685,0.685,0.0085984414538037,0.685,0.5632286232003519,0.5784646439927402,0.5632286232003519,0.5784646439927402,0.5632286232003519,0.5784646439927402,0.5632286232003519,0.5784646439927402,0.5632286232003519,0.5784646439927402,0.5632286232003519,0.5784646439927402,0.08037697325670881,0.08666395505783696,0.08037697325670881,0.08666395505783696,0.08037697325670881,0.08666395505783696,0.5632286232003519,0.5784646439927402,0.5632286232003519,0.5784646439927402,0.5632286232003519,0.5784646439927402
0.595,0.595,0.1157900252381908,0.595,0.669,0.669,0.0253468705095284,0.669,0.5909566149589038,0.5916879448753787,0.5909566149589038,0.5916879448753787,0.5909566149589038,0.5916879448753787,0.5909566149589038,0.5916879448753787,0.5909566149589038,0.5916879448753787,0.5909566149589038,0.5916879448753787,0.1443411069580536,0.18601655944413276,0.1443411069580536,0.18601655944413276,0.1443411069580536,0.18601655944413276,0.5909566149589038,0.5916879448753787,0.5909566149589038,0.5916879448753787,0.5909566149589038,0.5916879448753787
0.587,0.587,0.1470255355357835,0.587,0.654,0.654,0.0368984790789853,0.654,0.584161649877603,0.5901458575226345,0.584161649877603,0.5901458575226345,0.584161649877603,0.5901458575226345,0.584161649877603,0.5901458575226345,0.584161649877603,0.5901458575226345,0.584161649877603,0.5901458575226345,0.19909555378836816,0.19875215813720531,0.19909555378836816,0.19875215813720531,0.19909555378836816,0.19875215813720531,0.584161649877603,0.5901458575226345,0.584161649877603,0.5901458575226345,0.584161649877603,0.5901458575226345
0.59,0.59,0.1733837636442082,0.59,0.649,0.649,0.0316386549985101,0.649,0.5962241782661682,0.5885144693078996,0.5962241782661682,0.5885144693078996,0.5962241782661682,0.5885144693078996,0.5962241782661682,0.5885144693078996,0.5962241782661682,0.5885144693078996,0.5962241782661682,0.5885144693078996,0.21216349327368095,0.20554531485501565,0.21216349327368095,0.20554531485501565,0.21216349327368095,0.20554531485501565,0.5962241782661682,0.5885144693078996,0.5962241782661682,0.5885144693078996,0.5962241782661682,0.5885144693078996
0.579,0.579,0.1465501163611006,0.579,0.63,0.63,0.0400182655984058,0.63,0.5976886876563015,0.5818054890396621,0.5976886876563015,0.5818054890396621,0.5976886876563015,0.5818054890396621,0.5976886876563015,0.5818054890396621,0.5976886876563015,0.5818054890396621,0.5976886876563015,0.5818054890396621,0.19671792624987272,0.21043692231661698,0.19671792624987272,0.21043692231661698,0.19671792624987272,0.21043692231661698,0.5976886876563015,0.5818054890396621,0.5976886876563015,0.5818054890396621,0.5976886876563015,0.5818054890396621
0.589,0.589,0.170320486422325,0.589,0.624,0.624,0.0320205541167444,0.624,0.5924448023631276,0.5899950236908843,0.5924448023631276,0.5899950236908843,0.5924448023631276,0.5899950236908843,0.5924448023631276,0.5899950236908843,0.5924448023631276,0.5899950236908843,0.5924448023631276,0.5899950236908843,0.19513776442284225,0.2191059008842682,0.19513776442284225,0.2191059008842682,0.19513776442284225,0.2191059008842682,0.5924448023631276,0.5899950236908843,0.5924448023631276,0.5899950236908843,0.5924448023631276,0.5899950236908843
0.588,0.588,0.1666396970775753,0.588,0.6,0.6,0.0243378913014843,0.6,0.6014624702282556,0.6230861502656815,0.6014624702282556,0.6230861502656815,0.6014624702282556,0.6230861502656815,0.6014624702282556,0.6230861502656815,0.6014624702282556,0.6230861502656815,0.6014624702282556,0.6230861502656815,0.22795821080679401,0.24614522600200664,0.22795821080679401,0.24614522600200664,0.22795821080679401,0.24614522600200664,0.6014624702282556,0.6230861502656815,0.6014624702282556,0.6230861502656815,0.6014624702282556,0.6230861502656815
0.577,0.577,0.1560861550247787,0.577,0.603,0.603,0.0743676788778631,0.603,0.6068874607681274,0.6243496946642485,0.6068874607681274,0.6243496946642485,0.6068874607681274,0.6243496946642485,0.6068874607681274,0.6243496946642485,0.6068874607681274,0.6243496946642485,0.6068874607681274,0.6243496946642485,0.24164433598454207,0.2584249518761617,0.24164433598454207,0.2584249518761617,0.24164433598454207,0.2584249518761617,0.6068874607681274,0.6243496946642485,0.6068874607681274,0.6243496946642485,0.6068874607681274,0.6243496946642485
0.574,0.574,0.153848598487256,0.574,0.595,0.595,0.1157900252381908,0.595,0.6143736607394559,0.6155147566954918,0.6143736607394559,0.6155147566954918,0.6143736607394559,0.6155147566954918,0.6143736607394559,0.6155147566954918,0.6143736607394559,0.6155147566954918,0.6143736607394559,0.6155147566954918,0.23668316746950446,0.2541448880800741,0.23668316746950446,0.2541448880800741,0.23668316746950446,0.2541448880800741,0.6143736607394559,0.6155147566954918,0.6143736607394559,0.6155147566954918,0.6143736607394559,0.6155147566954918
0.586,0.586,0.1781539829754796,0.586,0.587,0.587,0.1470255355357835,0.587,0.6141897341492778,0.6303180124769776,0.6141897341492778,0.6303180124769776,0.6141897341492778,0.6303180124769776,0.6141897341492778,0.6303180124769776,0.6141897341492778,0.6303180124769776,0.6141897341492778,0.6303180124769776,0.23206682574539692,0.23101977057851228,0.23206682574539692,0.23101977057851228,0.23206682574539692,0.23101977057851228,0.6141897341492778,0.6303180124769776,0.6141897341492778,0.6303180124769776,0.6141897341492778,0.6303180124769776
0.6,0.6,0.2062736133600025,0.6,0.59,0.59,0.1733837636442082,0.59,0.6107847962672438,0.6081257132963677,0.6107847962672438,0.6081257132963677,0.6107847962672438,0.6081257132963677,0.6107847962672438,0.6081257132963677,0.6107847962672438,0.6081257132963677,0.6107847962672438,0.6081257132963677,0.21907568812773734,0.23406661832660366,0.21907568812773734,0.23406661832660366,0.21907568812773734,0.23406661832660366,0.6107847962672438,0.6081257132963677,0.6107847962672438,0.6081257132963677,0.6107847962672438,0.6081257132963677
0.605,0.605,0.2179704452222943,0.605,0.579,0.579,0.1465501163611006,0.579,0.6187053585358402,0.6174026953999361,0.6187053585358402,0.6174026953999361,0.6187053585358402,0.6174026953999361,0.6187053585358402,0.6174026953999361,0.6187053585358402,0.6174026953999361,0.6187053585358402,0.6174026953999361,0.21363880663024742,0.21695046435088738,0.21363880663024742,0.21695046435088738,0.21363880663024742,0.21695046435088738,0.6187053585358402,0.6174026953999361,0.6187053585358402,0.6174026953999361,0.6187053585358402,0.6174026953999361
0.613,0.613,0.2334690773106846,0.613,0.589,0.589,0.170320486422325,0.589,0.6099636474558934,0.6192467383399238,0.6099636474558934,0.6192467383399238,0.6099636474558934,0.6192467383399238,0.6099636474558934,0.6192467383399238,0.6099636474558934,0.6192467383399238,0.6099636474558934,0.6192467383399238,0.22851840823615188,0.2140927527966102,0.22851840823615188,0.2140927527966102,0.22851840823615188,0.2140927527966102,0.6099636474558934,0.6192467383399238,0.6099636474558934,0.6192467383399238,0.6099636474558934,0.6192467383399238
0.599,0.599,0.2041503262785197,0.599,0.588,0.588,0.1666396970775753,0.588,0.6107800480751545,0.6166763304317486,0.6107800480751545,0.6166763304317486,0.6107800480751545,0.6166763304317486,0.6107800480751545,0.6166763304317486,0.6107800480751545,0.6166763304317486,0.6107800480751545,0.6166763304317486,0.21819398792648187,0.21469128796532605,0.21819398792648187,0.21469128796532605,0.21819398792648187,0.21469128796532605,0.6107800480751545,0.6166763304317486,0.6107800480751545,0.6166763304317486,0.6107800480751545,0.6166763304317486
0.581,0.581,0.1625292814940957,0.581,0.577,0.577,0.1560861550247787,0.577,0.6156492614245543,0.618684461855246,0.6156492614245543,0.618684461855246,0.6156492614245543,0.618684461855246,0.6156492614245543,0.618684461855246,0.6156492614245543,0.618684461855246,0.6156492614245543,0.618684461855246,0.24664882869258212,0.2435667143151969,0.24664882869258212,0.2435667143151969,0.24664882869258212,0.2435667143151969,0.6156492614245543,0.618684461855246,0.6156492614245543,0.618684461855246,0.6156492614245543,0.618684461855246
0.588,0.588,0.1767902813299232,0.588,0.574,0.574,0.153848598487256,0.574,0.6249050185799245,0.6161393919527068,0.6249050185799245,0.6161393919527068,0.6249050185799245,0.6161393919527068,0.6249050185799245,0.6161393919527068,0.6249050185799245,0.6161393919527068,0.6249050185799245,0.6161393919527068,0.24054660182153947,0.25728987330888986,0.24054660182153947,0.25728987330888986,0.24054660182153947,0.25728987330888986,0.6249050185799245,0.6161393919527068,0.6249050185799245,0.6161393919527068,0.6249050185799245,0.6161393919527068
0.582,0.582,0.170256267741231,0.582,0.586,0.586,0.1781539829754796,0.586,0.6254020524671559,0.6259661818811257,0.6254020524671559,0.6259661818811257,0.6254020524671559,0.6259661818811257,0.6254020524671559,0.6259661818811257,0.6254020524671559,0.6259661818811257,0.6254020524671559,0.6259661818811257,0.2505270599535257,0.2569111151408098,0.2505270599535257,0.2569111151408098,0.2505270599535257,0.2569111151408098,0.6254020524671559,0.6259661818811257,0.6254020524671559,0.6259661818811257,0.6254020524671559,0.6259661818811257
0.579,0.579,0.176531338752709,0.579,0.6,0.6,0.2062736133600025,0.6,0.6242272425309543,0.627070094385714,0.6242272425309543,0.627070094385714,0.6242272425309543,0.627070094385714,0.6242272425309543,0.627070094385714,0.6242272425309543,0.627070094385714,0.6242272425309543,0.627070094385714,0.25536515548703204,0.26360606743943804,0.25536515548703204,0.26360606743943804,0.25536515548703204,0.26360606743943804,0.6242272425309543,0.627070094385714,0.6242272425309543,0.627070094385714,0.6242272425309543,0.627070094385714
0.566,0.566,0.1528765112565925,0.566,0.605,0.605,0.2179704452222943,0.605,0.6162663535014432,0.6244520111661656,0.6162663535014432,0.6244520111661656,0.6162663535014432,0.6244520111661656,0.6162663535014432,0.6244520111661656,0.6162663535014432,0.6244520111661656,0.6162663535014432,0.6244520111661656,0.24521237979658086,0.25866943370918005,0.24521237979658086,0.25866943370918005,0.24521237979658086,0.25866943370918005,0.6162663535014432,0.6244520111661656,0.6162663535014432,0.6244520111661656,0.6162663535014432,0.6244520111661656
0.555,0.555,0.1332834727870487,0.555,0.613,0.613,0.2334690773106846,0.613,0.5967325076937664,0.6107042538919417,0.5967325076937664,0.6107042538919417,0.5967325076937664,0.6107042538919417,0.5967325076937664,0.6107042538919417,0.5967325076937664,0.6107042538919417,0.5967325076937664,0.6107042538919417,0.229936389631688,0.22142925027093055,0.229936389631688,0.22142925027093055,0.229936389631688,0.22142925027093055,0.5967325076937664,0.6107042538919417,0.5967325076937664,0.6107042538919417,0.5967325076937664,0.6107042538919417
0.567,0.567,0.1540787859369994,0.567,0.599,0.599,0.2041503262785197,0.599,0.5993600873777442,0.5935369869114344,0.5993600873777442,0.5935369869114344,0.5993600873777442,0.5935369869114344,0.5993600873777442,0.5935369869114344,0.5993600873777442,0.5935369869114344,0.5993600873777442,0.5935369869114344,0.2125259254698357,0.20853634443880298,0.2125259254698357,0.20853634443880298,0.2125259254698357,0.20853634443880298,0.5993600873777442,0.5935369869114344,0.5993600873777442,0.5935369869114344,0.5993600873777442,0.5935369869114344
0.58,0.58,0.1798765128349326,0.58,0.581,0.581,0.1625292814940957,0.581,0.6007209194148754,0.5882442156270934,0.6007209194148754,0.5882442156270934,0.6007209194148754,0.5882442156270934,0.6007209194148754,0.5882442156270934,0.6007209194148754,0.5882442156270934,0.6007209194148754,0.5882442156270934,0.21537145557097753,0.21751722759374564,0.21537145557097753,0.21751722759374564,0.21537145557097753,0.21751722759374564,0.6007209194148754,0.5882442156270934,0.6007209194148754,0.5882442156270934,0.6007209194148754,0.5882442156270934
0.582,0.582,0.1841578283764741,0.582,0.588,0.588,0.1767902813299232,0.588,0.5911195581273804,0.576342895839317,0.5911195581273804,0.576342895839317,0.5911195581273804,0.576342895839317,0.5911195581273804,0.576342895839317,0.5911195581273804,0.576342895839317,0.5911195581273804,0.576342895839317,0.20553932544934347,0.19587110781024075,0.20553932544934347,0.19587110781024075,0.20553932544934347,0.19587110781024075,0.5911195581273804,0.576342895839317,0.5911195581273804,0.576342895839317,0.5911195581273804,0.576342895839317
0.57,0.57,0.1602218576673696,0.57,0.582,0.582,0.170256267741231,0.582,0.5883253436449847,0.5787257593704939,0.5883253436449847,0.5787257593704939,0.5883253436449847,0.5787257593704939,0.5883253436449847,0.5787257593704939,0.5883253436449847,0.5787257593704939,0.5883253436449847,0.5787257593704939,0.19318275822859668,0.1917194387415963,0.19318275822859668,0.1917194387415963,0.19318275822859668,0.1917194387415963,0.5883253436449847,0.5787257593704939,0.5883253436449847,0.5787257593704939,0.5883253436449847,0.5787257593704939
0.551,0.551,0.1307277106194484,0.551,0.579,0.579,0.176531338752709,0.579,0.6007041747544328,0.5905085182914283,0.6007041747544328,0.5905085182914283,0.6007041747544328,0.5905085182914283,0.6007041747544328,0.5905085182914283,0.6007041747544328,0.5905085182914283,0.6007041747544328,0.5905085182914283,0.21642361151796716,0.24048317363515617,0.21642361151796716,0.24048317363515617,0.21642361151796716,0.24048317363515617,0.6007041747544328,0.5905085182914283,0.6007041747544328,0.5905085182914283,0.6007041747544328,0.5905085182914283
0.557,0.557,0.1400863407665072,0.557,0.566,0.566,0.1528765112565925,0.566,0.6016086647211044,0.6015131342980771,0.6016086647211044,0.6015131342980771,0.6016086647211044,0.6015131342980771,0.6016086647211044,0.6015131342980771,0.6016086647211044,0.6015131342980771,0.6016086647211044,0.6015131342980771,0.2246093768291312,0.24224656298877367,0.2246093768291312,0.24224656298877367,0.2246093768291312,0.24224656298877367,0.6016086647211044,0.6015131342980771,0.6016086647211044,0.6015131342980771,0.6016086647211044,0.6015131342980771
0.577,0.577,0.1826402844334518,0.577,0.555,0.555,0.1332834727870487,0.555,0.5968669240163964,0.6002902734430584,0.5968669240163964,0.6002902734430584,0.5968669240163964,0.6002902734430584,0.5968669240163964,0.6002902734430584,0.5968669240163964,0.6002902734430584,0.5968669240163964,0.6002902734430584,0.23325266394174937,0.23696072586171213,0.23325266394174937,0.23696072586171213,0.23325266394174937,0.23696072586171213,0.5968669240163964,0.6002902734430584,0.5968669240163964,0.6002902734430584,0.5968669240163964,0.6002902734430584
0.549,0.549,0.12538591619219,0.549,0.567,0.567,0.1540787859369994,0.567,0.6005530921688031,0.5860802455927128,0.6005530921688031,0.5860802455927128,0.6005530921688031,0.5860802455927128,0.6005530921688031,0.5860802455927128,0.6005530921688031,0.5860802455927128,0.6005530921688031,0.5860802455927128,0.21686340538057028,0.2274969230787721,0.21686340538057028,0.2274969230787721,0.21686340538057028,0.2274969230787721,0.6005530921688031,0.5860802455927128,0.6005530921688031,0.5860802455927128,0.6005530921688031,0.5860802455927128
0.519,0.519,0.0651262954123162,0.519,0.58,0.58,0.1798765128349326,0.58,0.5807792543586126,0.5744142148641573,0.5807792543586126,0.5744142148641573,0.5807792543586126,0.5744142148641573,0.5807792543586126,0.5744142148641573,0.5807792543586126,0.5744142148641573,0.5807792543586126,0.5744142148641573,0.18699326490535037,0.17731212929580775,0.18699326490535037,0.17731212929580775,0.18699326490535037,0.17731212929580775,0.5807792543586126,0.5744142148641573,0.5807792543586126,0.5744142148641573,0.5807792543586126,0.5744142148641573
0.497,0.497,0.0164101120080095,0.497,0.582,0.582,0.1841578283764741,0.582,0.5502962488731042,0.5439696565556006,0.5502962488731042,0.5439696565556006,0.5502962488731042,0.5439696565556006,0.5502962488731042,0.5439696565556006,0.5502962488731042,0.5439696565556006,0.5502962488731042,0.5439696565556006,0.16292410927552062,0.15889853831351292,0.16292410927552062,0.15889853831351292,0.16292410927552062,0.15889853831351292,0.5502962488731042,0.5439696565556006,0.5502962488731042,0.5439696565556006,0.5502962488731042,0.5439696565556006
0.488,0.488,-0.0032330753404525,0.488,0.57,0.57,0.1602218576673696,0.57,0.552617235423051,0.5452866212371015,0.552617235423051,0.5452866212371015,0.552617235423051,0.5452866212371015,0.552617235423051,0.5452866212371015,0.552617235423051,0.5452866212371015,0.552617235423051,0.5452866212371015,0.16503730672484818,0.1709602062307951,0.16503730672484818,0.1709602062307951,0.16503730672484818,0.1709602062307951,0.552617235423051,0.5452866212371015,0.552617235423051,0.5452866212371015,0.552617235423051,0.5452866212371015
0.489,0.489,-0.0153877946810372,0.489,0.551,0.551,0.1307277106194484,0.551,0.5566118746901626,0.5491787093021901,0.5566118746901626,0.5491787093021901,0.5566118746901626,0.5491787093021901,0.5566118746901626,0.5491787093021901,0.5566118746901626,0.5491787093021901,0.5566118746901626,0.5491787093021901,0.1718542594726631,0.16616070427771562,0.1718542594726631,0.16616070427771562,0.1718542594726631,0.16616070427771562,0.5566118746901626,0.5491787093021901,0.5566118746901626,0.5491787093021901,0.5566118746901626,0.5491787093021901
0.479,0.479,-0.0461175185530247,0.479,0.557,0.557,0.1400863407665072,0.557,0.5667129302561058,0.5681478504218025,0.5667129302561058,0.5681478504218025,0.5667129302561058,0.5681478504218025,0.5667129302561058,0.5681478504218025,0.5667129302561058,0.5681478504218025,0.5667129302561058,0.5681478504218025,0.1753916842315192,0.1787395409921136,0.1753916842315192,0.1787395409921136,0.1753916842315192,0.1787395409921136,0.5667129302561058,0.5681478504218025,0.5667129302561058,0.5681478504218025,0.5667129302561058,0.5681478504218025
