recall,kappa,f1-score,precision,last_recall,last_kappa,last_f1-score,last_precision,recall_pred_0_with_drift,recall_pred_0_without_drift,recall_pred_1_with_drift,recall_pred_1_without_drift,recall_pred_2_with_drift,recall_pred_2_without_drift,kappa_pred_0_with_drift,kappa_pred_0_without_drift,kappa_pred_1_with_drift,kappa_pred_1_without_drift,kappa_pred_2_with_drift,kappa_pred_2_without_drift,f1-score_pred_0_with_drift,f1-score_pred_0_without_drift,f1-score_pred_1_with_drift,f1-score_pred_1_without_drift,f1-score_pred_2_with_drift,f1-score_pred_2_without_drift,precision_pred_0_with_drift,precision_pred_0_without_drift,precision_pred_1_with_drift,precision_pred_1_without_drift,precision_pred_2_with_drift,precision_pred_2_without_drift
0.85,0.6414913957934991,0.85,0.85,,,,,0.0,0.0,0.0,0.0,0.0,0.0,0.0,0.0,0.0,0.0,0.0,0.0,0.0,0.0,0.0,0.0,0.0,0.0,0.0,0.0,0.0,0.0,0.0,0.0
0.8,0.3150684931506849,0.8,0.8,,,,,0.0,0.0,0.0,0.0,0.0,0.0,0.0,0.0,0.0,0.0,0.0,0.0,0.0,0.0,0.0,0.0,0.0,0.0,0.0,0.0,0.0,0.0,0.0,0.0
0.75,0.1045845272206303,0.75,0.75,,,,,0.0,0.0,0.0,0.0,0.0,0.0,0.0,0.0,0.0,0.0,0.0,0.0,0.0,0.0,0.0,0.0,0.0,0.0,0.0,0.0,0.0,0.0,0.0,0.0
0.74,0.0,0.74,0.74,,,,,0.0,0.0,0.0,0.0,0.0,0.0,0.0,0.0,0.0,0.0,0.0,0.0,0.0,0.0,0.0,0.0,0.0,0.0,0.0,0.0,0.0,0.0,0.0,0.0
0.61,0.0,0.61,0.61,,,,,0.0,0.0,0.0,0.0,0.0,0.0,0.0,0.0,0.0,0.0,0.0,0.0,0.0,0.0,0.0,0.0,0.0,0.0,0.0,0.0,0.0,0.0,0.0,0.0
0.5,0.0,0.5,0.5,,,,,0.0,0.0,0.0,0.0,0.0,0.0,0.0,0.0,0.0,0.0,0.0,0.0,0.0,0.0,0.0,0.0,0.0,0.0,0.0,0.0,0.0,0.0,0.0,0.0
0.45,0.0,0.45,0.45,,,,,0.0,0.0,0.0,0.0,0.0,0.0,0.0,0.0,0.0,0.0,0.0,0.0,0.0,0.0,0.0,0.0,0.0,0.0,0.0,0.0,0.0,0.0,0.0,0.0
0.37,0.0,0.37,0.37,,,,,0.0,0.0,0.0,0.0,0.0,0.0,0.0,0.0,0.0,0.0,0.0,0.0,0.0,0.0,0.0,0.0,0.0,0.0,0.0,0.0,0.0,0.0,0.0,0.0
0.46,-0.0676156583629894,0.46,0.46,,,,,0.0,0.0,0.0,0.0,0.0,0.0,0.0,0.0,0.0,0.0,0.0,0.0,0.0,0.0,0.0,0.0,0.0,0.0,0.0,0.0,0.0,0.0,0.0,0.0
0.33,-0.3220205209155484,0.33,0.33,,,,,0.0,0.0,0.0,0.0,0.0,0.0,0.0,0.0,0.0,0.0,0.0,0.0,0.0,0.0,0.0,0.0,0.0,0.0,0.0,0.0,0.0,0.0,0.0,0.0
0.47,-0.0574620909816441,0.47,0.47,,,,,0.0,0.0,0.0,0.0,0.0,0.0,0.0,0.0,0.0,0.0,0.0,0.0,0.0,0.0,0.0,0.0,0.0,0.0,0.0,0.0,0.0,0.0,0.0,0.0
0.46,-0.08,0.46,0.46,,,,,0.0,0.0,0.0,0.0,0.0,0.0,0.0,0.0,0.0,0.0,0.0,0.0,0.0,0.0,0.0,0.0,0.0,0.0,0.0,0.0,0.0,0.0,0.0,0.0
0.62,0.2612752721617418,0.62,0.62,,,,,0.0,0.0,0.0,0.0,0.0,0.0,0.0,0.0,0.0,0.0,0.0,0.0,0.0,0.0,0.0,0.0,0.0,0.0,0.0,0.0,0.0,0.0,0.0,0.0
0.7,0.2679355783308932,0.7,0.7,,,,,0.0,0.0,0.0,0.0,0.0,0.0,0.0,0.0,0.0,0.0,0.0,0.0,0.0,0.0,0.0,0.0,0.0,0.0,0.0,0.0,0.0,0.0,0.0,0.0
0.6,0.0,0.6,0.6,,,,,0.0,0.0,0.0,0.0,0.0,0.0,0.0,0.0,0.0,0.0,0.0,0.0,0.0,0.0,0.0,0.0,0.0,0.0,0.0,0.0,0.0,0.0,0.0,0.0
0.62,0.0,0.62,0.62,,,,,0.0,0.0,0.0,0.0,0.0,0.0,0.0,0.0,0.0,0.0,0.0,0.0,0.0,0.0,0.0,0.0,0.0,0.0,0.0,0.0,0.0,0.0,0.0,0.0
0.47,0.0,0.47,0.47,,,,,0.0,0.0,0.0,0.0,0.0,0.0,0.0,0.0,0.0,0.0,0.0,0.0,0.0,0.0,0.0,0.0,0.0,0.0,0.0,0.0,0.0,0.0,0.0,0.0
0.57,0.0,0.57,0.57,,,,,0.0,0.0,0.0,0.0,0.0,0.0,0.0,0.0,0.0,0.0,0.0,0.0,0.0,0.0,0.0,0.0,0.0,0.0,0.0,0.0,0.0,0.0,0.0,0.0
0.5,0.0,0.5,0.5,,,,,0.0,0.0,0.0,0.0,0.0,0.0,0.0,0.0,0.0,0.0,0.0,0.0,0.0,0.0,0.0,0.0,0.0,0.0,0.0,0.0,0.0,0.0,0.0,0.0
0.61,0.1737288135593221,0.61,0.61,,,,,0.0,0.0,0.0,0.0,0.0,0.0,0.0,0.0,0.0,0.0,0.0,0.0,0.0,0.0,0.0,0.0,0.0,0.0,0.0,0.0,0.0,0.0,0.0,0.0
0.66,0.3153443415223519,0.66,0.66,,,,,0.0,0.0,0.0,0.0,0.0,0.0,0.0,0.0,0.0,0.0,0.0,0.0,0.0,0.0,0.0,0.0,0.0,0.0,0.0,0.0,0.0,0.0,0.0,0.0
0.79,0.5646766169154229,0.79,0.79,,,,,0.0,0.0,0.0,0.0,0.0,0.0,0.0,0.0,0.0,0.0,0.0,0.0,0.0,0.0,0.0,0.0,0.0,0.0,0.0,0.0,0.0,0.0,0.0,0.0
0.73,0.4494290375203915,0.73,0.73,,,,,0.0,0.0,0.0,0.0,0.0,0.0,0.0,0.0,0.0,0.0,0.0,0.0,0.0,0.0,0.0,0.0,0.0,0.0,0.0,0.0,0.0,0.0,0.0,0.0
0.58,0.1293532338308456,0.58,0.58,,,,,0.0,0.0,0.0,0.0,0.0,0.0,0.0,0.0,0.0,0.0,0.0,0.0,0.0,0.0,0.0,0.0,0.0,0.0,0.0,0.0,0.0,0.0,0.0,0.0
0.5,0.0955137481910275,0.5,0.5,,,,,0.0,0.0,0.0,0.0,0.0,0.0,0.0,0.0,0.0,0.0,0.0,0.0,0.0,0.0,0.0,0.0,0.0,0.0,0.0,0.0,0.0,0.0,0.0,0.0
0.42,0.0,0.42,0.42,,,,,0.0,0.0,0.0,0.0,0.0,0.0,0.0,0.0,0.0,0.0,0.0,0.0,0.0,0.0,0.0,0.0,0.0,0.0,0.0,0.0,0.0,0.0,0.0,0.0
0.51,0.0,0.51,0.51,,,,,0.0,0.0,0.0,0.0,0.0,0.0,0.0,0.0,0.0,0.0,0.0,0.0,0.0,0.0,0.0,0.0,0.0,0.0,0.0,0.0,0.0,0.0,0.0,0.0
0.64,0.0,0.64,0.64,,,,,0.0,0.0,0.0,0.0,0.0,0.0,0.0,0.0,0.0,0.0,0.0,0.0,0.0,0.0,0.0,0.0,0.0,0.0,0.0,0.0,0.0,0.0,0.0,0.0
0.79,0.0,0.79,0.79,,,,,0.0,0.0,0.0,0.0,0.0,0.0,0.0,0.0,0.0,0.0,0.0,0.0,0.0,0.0,0.0,0.0,0.0,0.0,0.0,0.0,0.0,0.0,0.0,0.0
0.96,0.0,0.96,0.96,,,,,0.0,0.0,0.0,0.0,0.0,0.0,0.0,0.0,0.0,0.0,0.0,0.0,0.0,0.0,0.0,0.0,0.0,0.0,0.0,0.0,0.0,0.0,0.0,0.0
0.91,0.4215938303341902,0.91,0.91,,,,,0.0,0.0,0.0,0.0,0.0,0.0,0.0,0.0,0.0,0.0,0.0,0.0,0.0,0.0,0.0,0.0,0.0,0.0,0.0,0.0,0.0,0.0,0.0,0.0
0.87,0.7082585278276481,0.87,0.87,,,,,0.0,0.0,0.0,0.0,0.0,0.0,0.0,0.0,0.0,0.0,0.0,0.0,0.0,0.0,0.0,0.0,0.0,0.0,0.0,0.0,0.0,0.0,0.0,0.0
0.83,0.6419545071609098,0.83,0.83,,,,,0.0,0.0,0.0,0.0,0.0,0.0,0.0,0.0,0.0,0.0,0.0,0.0,0.0,0.0,0.0,0.0,0.0,0.0,0.0,0.0,0.0,0.0,0.0,0.0
0.76,0.5228628230616301,0.76,0.76,,,,,0.0,0.0,0.0,0.0,0.0,0.0,0.0,0.0,0.0,0.0,0.0,0.0,0.0,0.0,0.0,0.0,0.0,0.0,0.0,0.0,0.0,0.0,0.0,0.0
0.69,0.3568464730290457,0.69,0.69,,,,,0.0,0.0,0.0,0.0,0.0,0.0,0.0,0.0,0.0,0.0,0.0,0.0,0.0,0.0,0.0,0.0,0.0,0.0,0.0,0.0,0.0,0.0,0.0,0.0
0.75,0.3926141885325558,0.75,0.75,,,,,0.0,0.0,0.0,0.0,0.0,0.0,0.0,0.0,0.0,0.0,0.0,0.0,0.0,0.0,0.0,0.0,0.0,0.0,0.0,0.0,0.0,0.0,0.0,0.0
0.76,0.1097922848664688,0.76,0.76,,,,,0.0,0.0,0.0,0.0,0.0,0.0,0.0,0.0,0.0,0.0,0.0,0.0,0.0,0.0,0.0,0.0,0.0,0.0,0.0,0.0,0.0,0.0,0.0,0.0
0.74,0.0,0.74,0.74,,,,,0.0,0.0,0.0,0.0,0.0,0.0,0.0,0.0,0.0,0.0,0.0,0.0,0.0,0.0,0.0,0.0,0.0,0.0,0.0,0.0,0.0,0.0,0.0,0.0
0.6,0.0,0.6,0.6,,,,,0.0,0.0,0.0,0.0,0.0,0.0,0.0,0.0,0.0,0.0,0.0,0.0,0.0,0.0,0.0,0.0,0.0,0.0,0.0,0.0,0.0,0.0,0.0,0.0
0.5,0.0,0.5,0.5,,,,,0.0,0.0,0.0,0.0,0.0,0.0,0.0,0.0,0.0,0.0,0.0,0.0,0.0,0.0,0.0,0.0,0.0,0.0,0.0,0.0,0.0,0.0,0.0,0.0
0.44,0.0,0.44,0.44,,,,,0.0,0.0,0.0,0.0,0.0,0.0,0.0,0.0,0.0,0.0,0.0,0.0,0.0,0.0,0.0,0.0,0.0,0.0,0.0,0.0,0.0,0.0,0.0,0.0
0.42,-0.0642201834862385,0.42,0.42,,,,,0.0,0.0,0.0,0.0,0.0,0.0,0.0,0.0,0.0,0.0,0.0,0.0,0.0,0.0,0.0,0.0,0.0,0.0,0.0,0.0,0.0,0.0,0.0,0.0
0.59,0.1598360655737704,0.59,0.59,,,,,0.0,0.0,0.0,0.0,0.0,0.0,0.0,0.0,0.0,0.0,0.0,0.0,0.0,0.0,0.0,0.0,0.0,0.0,0.0,0.0,0.0,0.0,0.0,0.0
0.49,0.0229885057471265,0.49,0.49,,,,,0.0,0.0,0.0,0.0,0.0,0.0,0.0,0.0,0.0,0.0,0.0,0.0,0.0,0.0,0.0,0.0,0.0,0.0,0.0,0.0,0.0,0.0,0.0,0.0
0.62,0.2288961038961039,0.62,0.62,,,,,0.0,0.0,0.0,0.0,0.0,0.0,0.0,0.0,0.0,0.0,0.0,0.0,0.0,0.0,0.0,0.0,0.0,0.0,0.0,0.0,0.0,0.0,0.0,0.0
0.52,0.1498405951115833,0.52,0.52,,,,,0.0,0.0,0.0,0.0,0.0,0.0,0.0,0.0,0.0,0.0,0.0,0.0,0.0,0.0,0.0,0.0,0.0,0.0,0.0,0.0,0.0,0.0,0.0,0.0
0.51,0.1136034732272069,0.51,0.51,,,,,0.0,0.0,0.0,0.0,0.0,0.0,0.0,0.0,0.0,0.0,0.0,0.0,0.0,0.0,0.0,0.0,0.0,0.0,0.0,0.0,0.0,0.0,0.0,0.0
0.42,0.0,0.42,0.42,,,,,0.0,0.0,0.0,0.0,0.0,0.0,0.0,0.0,0.0,0.0,0.0,0.0,0.0,0.0,0.0,0.0,0.0,0.0,0.0,0.0,0.0,0.0,0.0,0.0
0.59,0.0,0.59,0.59,,,,,0.0,0.0,0.0,0.0,0.0,0.0,0.0,0.0,0.0,0.0,0.0,0.0,0.0,0.0,0.0,0.0,0.0,0.0,0.0,0.0,0.0,0.0,0.0,0.0
0.67,0.0,0.67,0.67,,,,,0.0,0.0,0.0,0.0,0.0,0.0,0.0,0.0,0.0,0.0,0.0,0.0,0.0,0.0,0.0,0.0,0.0,0.0,0.0,0.0,0.0,0.0,0.0,0.0
0.91,0.0,0.91,0.91,,,,,0.0,0.0,0.0,0.0,0.0,0.0,0.0,0.0,0.0,0.0,0.0,0.0,0.0,0.0,0.0,0.0,0.0,0.0,0.0,0.0,0.0,0.0,0.0,0.0
0.92,0.0,0.92,0.92,,,,,0.0,0.0,0.0,0.0,0.0,0.0,0.0,0.0,0.0,0.0,0.0,0.0,0.0,0.0,0.0,0.0,0.0,0.0,0.0,0.0,0.0,0.0,0.0,0.0
0.85,0.0,0.85,0.85,,,,,0.0,0.0,0.0,0.0,0.0,0.0,0.0,0.0,0.0,0.0,0.0,0.0,0.0,0.0,0.0,0.0,0.0,0.0,0.0,0.0,0.0,0.0,0.0,0.0
0.63,-0.0428410372040586,0.63,0.63,,,,,0.0,0.0,0.0,0.0,0.0,0.0,0.0,0.0,0.0,0.0,0.0,0.0,0.0,0.0,0.0,0.0,0.0,0.0,0.0,0.0,0.0,0.0,0.0,0.0
0.58,-0.0563380281690142,0.58,0.58,,,,,0.0,0.0,0.0,0.0,0.0,0.0,0.0,0.0,0.0,0.0,0.0,0.0,0.0,0.0,0.0,0.0,0.0,0.0,0.0,0.0,0.0,0.0,0.0,0.0
0.63,0.0303983228511529,0.63,0.63,,,,,0.0,0.0,0.0,0.0,0.0,0.0,0.0,0.0,0.0,0.0,0.0,0.0,0.0,0.0,0.0,0.0,0.0,0.0,0.0,0.0,0.0,0.0,0.0,0.0
0.72,0.054054054054054,0.72,0.72,,,,,0.0,0.0,0.0,0.0,0.0,0.0,0.0,0.0,0.0,0.0,0.0,0.0,0.0,0.0,0.0,0.0,0.0,0.0,0.0,0.0,0.0,0.0,0.0,0.0
0.79,0.0,0.79,0.79,,,,,0.0,0.0,0.0,0.0,0.0,0.0,0.0,0.0,0.0,0.0,0.0,0.0,0.0,0.0,0.0,0.0,0.0,0.0,0.0,0.0,0.0,0.0,0.0,0.0
0.65,0.0,0.65,0.65,,,,,0.0,0.0,0.0,0.0,0.0,0.0,0.0,0.0,0.0,0.0,0.0,0.0,0.0,0.0,0.0,0.0,0.0,0.0,0.0,0.0,0.0,0.0,0.0,0.0
0.54,0.0,0.54,0.54,,,,,0.0,0.0,0.0,0.0,0.0,0.0,0.0,0.0,0.0,0.0,0.0,0.0,0.0,0.0,0.0,0.0,0.0,0.0,0.0,0.0,0.0,0.0,0.0,0.0
0.55,0.0,0.55,0.55,,,,,0.0,0.0,0.0,0.0,0.0,0.0,0.0,0.0,0.0,0.0,0.0,0.0,0.0,0.0,0.0,0.0,0.0,0.0,0.0,0.0,0.0,0.0,0.0,0.0
0.52,0.0,0.52,0.52,,,,,0.0,0.0,0.0,0.0,0.0,0.0,0.0,0.0,0.0,0.0,0.0,0.0,0.0,0.0,0.0,0.0,0.0,0.0,0.0,0.0,0.0,0.0,0.0,0.0
0.54,0.0,0.54,0.54,,,,,0.0,0.0,0.0,0.0,0.0,0.0,0.0,0.0,0.0,0.0,0.0,0.0,0.0,0.0,0.0,0.0,0.0,0.0,0.0,0.0,0.0,0.0,0.0,0.0
0.6,0.0,0.6,0.6,,,,,0.0,0.0,0.0,0.0,0.0,0.0,0.0,0.0,0.0,0.0,0.0,0.0,0.0,0.0,0.0,0.0,0.0,0.0,0.0,0.0,0.0,0.0,0.0,0.0
0.51,-0.3157894736842104,0.51,0.51,,,,,0.0,0.0,0.0,0.0,0.0,0.0,0.0,0.0,0.0,0.0,0.0,0.0,0.0,0.0,0.0,0.0,0.0,0.0,0.0,0.0,0.0,0.0,0.0,0.0
0.39,-0.2901861252115059,0.39,0.39,,,,,0.0,0.0,0.0,0.0,0.0,0.0,0.0,0.0,0.0,0.0,0.0,0.0,0.0,0.0,0.0,0.0,0.0,0.0,0.0,0.0,0.0,0.0,0.0,0.0
0.49,-0.162260711030082,0.49,0.49,,,,,0.0,0.0,0.0,0.0,0.0,0.0,0.0,0.0,0.0,0.0,0.0,0.0,0.0,0.0,0.0,0.0,0.0,0.0,0.0,0.0,0.0,0.0,0.0,0.0
0.53,-0.0720802919708027,0.53,0.53,,,,,0.0,0.0,0.0,0.0,0.0,0.0,0.0,0.0,0.0,0.0,0.0,0.0,0.0,0.0,0.0,0.0,0.0,0.0,0.0,0.0,0.0,0.0,0.0,0.0
0.67,0.0,0.67,0.67,,,,,0.0,0.0,0.0,0.0,0.0,0.0,0.0,0.0,0.0,0.0,0.0,0.0,0.0,0.0,0.0,0.0,0.0,0.0,0.0,0.0,0.0,0.0,0.0,0.0
0.75,0.0,0.75,0.75,,,,,0.0,0.0,0.0,0.0,0.0,0.0,0.0,0.0,0.0,0.0,0.0,0.0,0.0,0.0,0.0,0.0,0.0,0.0,0.0,0.0,0.0,0.0,0.0,0.0
0.76,0.0,0.76,0.76,,,,,0.0,0.0,0.0,0.0,0.0,0.0,0.0,0.0,0.0,0.0,0.0,0.0,0.0,0.0,0.0,0.0,0.0,0.0,0.0,0.0,0.0,0.0,0.0,0.0
0.72,0.0,0.72,0.72,,,,,0.0,0.0,0.0,0.0,0.0,0.0,0.0,0.0,0.0,0.0,0.0,0.0,0.0,0.0,0.0,0.0,0.0,0.0,0.0,0.0,0.0,0.0,0.0,0.0
0.72,0.0,0.72,0.72,,,,,0.0,0.0,0.0,0.0,0.0,0.0,0.0,0.0,0.0,0.0,0.0,0.0,0.0,0.0,0.0,0.0,0.0,0.0,0.0,0.0,0.0,0.0,0.0,0.0
0.81,0.0,0.81,0.81,,,,,0.0,0.0,0.0,0.0,0.0,0.0,0.0,0.0,0.0,0.0,0.0,0.0,0.0,0.0,0.0,0.0,0.0,0.0,0.0,0.0,0.0,0.0,0.0,0.0
0.8,0.0,0.8,0.8,,,,,0.0,0.0,0.0,0.0,0.0,0.0,0.0,0.0,0.0,0.0,0.0,0.0,0.0,0.0,0.0,0.0,0.0,0.0,0.0,0.0,0.0,0.0,0.0,0.0
0.89,0.5564516129032258,0.89,0.89,,,,,0.0,0.0,0.0,0.0,0.0,0.0,0.0,0.0,0.0,0.0,0.0,0.0,0.0,0.0,0.0,0.0,0.0,0.0,0.0,0.0,0.0,0.0,0.0,0.0
0.7,0.3106617647058823,0.7,0.7,,,,,0.0,0.0,0.0,0.0,0.0,0.0,0.0,0.0,0.0,0.0,0.0,0.0,0.0,0.0,0.0,0.0,0.0,0.0,0.0,0.0,0.0,0.0,0.0,0.0
0.58,0.1304347826086955,0.58,0.58,,,,,0.0,0.0,0.0,0.0,0.0,0.0,0.0,0.0,0.0,0.0,0.0,0.0,0.0,0.0,0.0,0.0,0.0,0.0,0.0,0.0,0.0,0.0,0.0,0.0
0.52,0.0318676885841064,0.52,0.52,,,,,0.0,0.0,0.0,0.0,0.0,0.0,0.0,0.0,0.0,0.0,0.0,0.0,0.0,0.0,0.0,0.0,0.0,0.0,0.0,0.0,0.0,0.0,0.0,0.0
0.46,0.0163934426229509,0.46,0.46,,,,,0.0,0.0,0.0,0.0,0.0,0.0,0.0,0.0,0.0,0.0,0.0,0.0,0.0,0.0,0.0,0.0,0.0,0.0,0.0,0.0,0.0,0.0,0.0,0.0
0.47,0.0170623145400593,0.47,0.47,,,,,0.0,0.0,0.0,0.0,0.0,0.0,0.0,0.0,0.0,0.0,0.0,0.0,0.0,0.0,0.0,0.0,0.0,0.0,0.0,0.0,0.0,0.0,0.0,0.0
0.4,0.0,0.4,0.4,,,,,0.0,0.0,0.0,0.0,0.0,0.0,0.0,0.0,0.0,0.0,0.0,0.0,0.0,0.0,0.0,0.0,0.0,0.0,0.0,0.0,0.0,0.0,0.0,0.0
0.36,0.0,0.36,0.36,,,,,0.0,0.0,0.0,0.0,0.0,0.0,0.0,0.0,0.0,0.0,0.0,0.0,0.0,0.0,0.0,0.0,0.0,0.0,0.0,0.0,0.0,0.0,0.0,0.0
0.49,0.0,0.49,0.49,,,,,0.0,0.0,0.0,0.0,0.0,0.0,0.0,0.0,0.0,0.0,0.0,0.0,0.0,0.0,0.0,0.0,0.0,0.0,0.0,0.0,0.0,0.0,0.0,0.0
0.64,0.0,0.64,0.64,,,,,0.0,0.0,0.0,0.0,0.0,0.0,0.0,0.0,0.0,0.0,0.0,0.0,0.0,0.0,0.0,0.0,0.0,0.0,0.0,0.0,0.0,0.0,0.0,0.0
0.66,0.0,0.66,0.66,,,,,0.0,0.0,0.0,0.0,0.0,0.0,0.0,0.0,0.0,0.0,0.0,0.0,0.0,0.0,0.0,0.0,0.0,0.0,0.0,0.0,0.0,0.0,0.0,0.0
0.63,0.0138592750533049,0.63,0.63,,,,,0.0,0.0,0.0,0.0,0.0,0.0,0.0,0.0,0.0,0.0,0.0,0.0,0.0,0.0,0.0,0.0,0.0,0.0,0.0,0.0,0.0,0.0,0.0,0.0
0.48,-0.1581291759465479,0.48,0.48,,,,,0.0,0.0,0.0,0.0,0.0,0.0,0.0,0.0,0.0,0.0,0.0,0.0,0.0,0.0,0.0,0.0,0.0,0.0,0.0,0.0,0.0,0.0,0.0,0.0
0.38,-0.2943632567849688,0.38,0.38,,,,,0.0,0.0,0.0,0.0,0.0,0.0,0.0,0.0,0.0,0.0,0.0,0.0,0.0,0.0,0.0,0.0,0.0,0.0,0.0,0.0,0.0,0.0,0.0,0.0
0.47,-0.1894075403949731,0.47,0.47,,,,,0.0,0.0,0.0,0.0,0.0,0.0,0.0,0.0,0.0,0.0,0.0,0.0,0.0,0.0,0.0,0.0,0.0,0.0,0.0,0.0,0.0,0.0,0.0,0.0
0.54,0.0799999999999999,0.54,0.54,,,,,0.0,0.0,0.0,0.0,0.0,0.0,0.0,0.0,0.0,0.0,0.0,0.0,0.0,0.0,0.0,0.0,0.0,0.0,0.0,0.0,0.0,0.0,0.0,0.0
0.68,0.0,0.68,0.68,,,,,0.0,0.0,0.0,0.0,0.0,0.0,0.0,0.0,0.0,0.0,0.0,0.0,0.0,0.0,0.0,0.0,0.0,0.0,0.0,0.0,0.0,0.0,0.0,0.0
0.67,0.0,0.67,0.67,,,,,0.0,0.0,0.0,0.0,0.0,0.0,0.0,0.0,0.0,0.0,0.0,0.0,0.0,0.0,0.0,0.0,0.0,0.0,0.0,0.0,0.0,0.0,0.0,0.0
0.86,0.0,0.86,0.86,,,,,0.0,0.0,0.0,0.0,0.0,0.0,0.0,0.0,0.0,0.0,0.0,0.0,0.0,0.0,0.0,0.0,0.0,0.0,0.0,0.0,0.0,0.0,0.0,0.0
0.74,0.0,0.74,0.74,,,,,0.0,0.0,0.0,0.0,0.0,0.0,0.0,0.0,0.0,0.0,0.0,0.0,0.0,0.0,0.0,0.0,0.0,0.0,0.0,0.0,0.0,0.0,0.0,0.0
0.79,0.0,0.79,0.79,,,,,0.0,0.0,0.0,0.0,0.0,0.0,0.0,0.0,0.0,0.0,0.0,0.0,0.0,0.0,0.0,0.0,0.0,0.0,0.0,0.0,0.0,0.0,0.0,0.0
0.64,0.0,0.64,0.64,,,,,0.0,0.0,0.0,0.0,0.0,0.0,0.0,0.0,0.0,0.0,0.0,0.0,0.0,0.0,0.0,0.0,0.0,0.0,0.0,0.0,0.0,0.0,0.0,0.0
0.76,0.5151515151515151,0.76,0.76,0.64,0.0,0.64,0.64,0.6979632054528887,0.6111647401977914,0.6979632054528887,0.6111647401977914,0.6979632054528887,0.6111647401977914,0.367333223239276,0.2527108621043524,0.367333223239276,0.2527108621043524,0.367333223239276,0.2527108621043524,0.6979632054528887,0.6111647401977914,0.6979632054528887,0.6111647401977914,0.6979632054528887,0.6111647401977914,0.6979632054528887,0.6111647401977914,0.6979632054528887,0.6111647401977914,0.6979632054528887,0.6111647401977914
0.79,0.5748987854251012,0.79,0.79,0.64,0.0,0.64,0.64,0.6656132122343764,0.6168321374050584,0.6656132122343764,0.6168321374050584,0.6656132122343764,0.6168321374050584,0.4200644247958562,0.32735968682093597,0.4200644247958562,0.32735968682093597,0.4200644247958562,0.32735968682093597,0.6656132122343764,0.6168321374050584,0.6656132122343764,0.6168321374050584,0.6656132122343764,0.6168321374050584,0.6656132122343764,0.6168321374050584,0.6656132122343764,0.6168321374050584,0.6656132122343764,0.6168321374050584
0.87,0.736842105263158,0.87,0.87,0.64,0.0,0.64,0.64,0.6705684623943707,0.5977060493702894,0.6705684623943707,0.5977060493702894,0.6705684623943707,0.5977060493702894,0.4076248771839268,0.32785393660762885,0.4076248771839268,0.32785393660762885,0.4076248771839268,0.32785393660762885,0.6705684623943707,0.5977060493702894,0.6705684623943707,0.5977060493702894,0.6705684623943707,0.5977060493702894,0.6705684623943707,0.5977060493702894,0.6705684623943707,0.5977060493702894,0.6705684623943707,0.5977060493702894
0.82,0.5881006864988558,0.82,0.82,0.64,0.0,0.64,0.64,0.6658188518216146,0.6190429066707958,0.6658188518216146,0.6190429066707958,0.6658188518216146,0.6190429066707958,0.414706293629725,0.32799098217985473,0.414706293629725,0.32799098217985473,0.414706293629725,0.32799098217985473,0.6658188518216146,0.6190429066707958,0.6658188518216146,0.6190429066707958,0.6658188518216146,0.6190429066707958,0.6658188518216146,0.6190429066707958,0.6658188518216146,0.6190429066707958,0.6658188518216146,0.6190429066707958
0.73,0.2338251986379115,0.73,0.73,0.64,0.0,0.64,0.64,0.6231248088446566,0.559320388957509,0.6231248088446566,0.559320388957509,0.6231248088446566,0.559320388957509,0.27826759022450015,0.19370528105257834,0.27826759022450015,0.19370528105257834,0.27826759022450015,0.19370528105257834,0.6231248088446566,0.559320388957509,0.6231248088446566,0.559320388957509,0.6231248088446566,0.559320388957509,0.6231248088446566,0.559320388957509,0.6231248088446566,0.559320388957509,0.6231248088446566,0.559320388957509
0.54,0.0448504983388703,0.54,0.54,0.64,0.0,0.64,0.64,0.4424992991138261,0.4797805153647542,0.4424992991138261,0.4797805153647542,0.4424992991138261,0.4797805153647542,0.02980276574396893,-0.014735844716048338,0.02980276574396893,-0.014735844716048338,0.02980276574396893,-0.014735844716048338,0.4424992991138261,0.4797805153647542,0.4424992991138261,0.4797805153647542,0.4424992991138261,0.4797805153647542,0.4424992991138261,0.4797805153647542,0.4424992991138261,0.4797805153647542,0.4424992991138261,0.4797805153647542
0.59,0.0,0.59,0.59,0.64,0.0,0.64,0.64,0.4383915981447878,0.4783842365412966,0.4383915981447878,0.4783842365412966,0.4383915981447878,0.4783842365412966,0.01685820129803925,-0.01397640309131836,0.01685820129803925,-0.01397640309131836,0.01685820129803925,-0.01397640309131836,0.4383915981447878,0.4783842365412966,0.4383915981447878,0.4783842365412966,0.4383915981447878,0.4783842365412966,0.4383915981447878,0.4783842365412966,0.4383915981447878,0.4783842365412966,0.4383915981447878,0.4783842365412966
0.62,0.0,0.62,0.62,0.64,0.0,0.64,0.64,0.5957185481526796,0.6079273002208193,0.5957185481526796,0.6079273002208193,0.5957185481526796,0.6079273002208193,0.004865835130919017,0.038321280797349734,0.004865835130919017,0.038321280797349734,0.004865835130919017,0.038321280797349734,0.5957185481526796,0.6079273002208193,0.5957185481526796,0.6079273002208193,0.5957185481526796,0.6079273002208193,0.5957185481526796,0.6079273002208193,0.5957185481526796,0.6079273002208193,0.5957185481526796,0.6079273002208193
0.75,0.0,0.75,0.75,0.64,0.0,0.64,0.64,0.6802496927873168,0.6609175416807888,0.6802496927873168,0.6609175416807888,0.6802496927873168,0.6609175416807888,-0.021742611925656574,0.007045986999641681,-0.021742611925656574,0.007045986999641681,-0.021742611925656574,0.007045986999641681,0.6802496927873168,0.6609175416807888,0.6802496927873168,0.6609175416807888,0.6802496927873168,0.6609175416807888,0.6802496927873168,0.6609175416807888,0.6802496927873168,0.6609175416807888,0.6802496927873168,0.6609175416807888
0.72,0.0,0.72,0.72,0.64,0.0,0.64,0.64,0.6089407823448559,0.5890197890580009,0.6089407823448559,0.5890197890580009,0.6089407823448559,0.5890197890580009,0.03879850685031458,0.06647397150967631,0.03879850685031458,0.06647397150967631,0.03879850685031458,0.06647397150967631,0.6089407823448559,0.5890197890580009,0.6089407823448559,0.5890197890580009,0.6089407823448559,0.5890197890580009,0.6089407823448559,0.5890197890580009,0.6089407823448559,0.5890197890580009,0.6089407823448559,0.5890197890580009
0.65,0.0,0.65,0.65,0.64,0.0,0.64,0.64,0.5784279065001098,0.540388856794375,0.5784279065001098,0.540388856794375,0.5784279065001098,0.540388856794375,0.023646754532689693,0.0730315158434576,0.023646754532689693,0.0730315158434576,0.023646754532689693,0.0730315158434576,0.5784279065001098,0.540388856794375,0.5784279065001098,0.540388856794375,0.5784279065001098,0.540388856794375,0.5784279065001098,0.540388856794375,0.5784279065001098,0.540388856794375,0.5784279065001098,0.540388856794375
0.7,0.3768176152887411,0.7,0.7,0.64,0.0,0.64,0.64,0.6774043117683702,0.6045667831310085,0.6774043117683702,0.6045667831310085,0.6774043117683702,0.6045667831310085,0.3137333522063218,0.24662072869602894,0.3137333522063218,0.24662072869602894,0.3137333522063218,0.24662072869602894,0.6774043117683702,0.6045667831310085,0.6774043117683702,0.6045667831310085,0.6774043117683702,0.6045667831310085,0.6774043117683702,0.6045667831310085,0.6774043117683702,0.6045667831310085,0.6774043117683702,0.6045667831310085
0.73,0.484732824427481,0.73,0.73,0.64,0.0,0.64,0.64,0.6426686069324872,0.5652768040026187,0.6426686069324872,0.5652768040026187,0.6426686069324872,0.5652768040026187,0.3655490751822843,0.2472377996966155,0.3655490751822843,0.2472377996966155,0.3655490751822843,0.2472377996966155,0.6426686069324872,0.5652768040026187,0.6426686069324872,0.5652768040026187,0.6426686069324872,0.5652768040026187,0.6426686069324872,0.5652768040026187,0.6426686069324872,0.5652768040026187,0.6426686069324872,0.5652768040026187
0.6,0.2854590925330476,0.6,0.6,0.64,0.0,0.64,0.64,0.6090379168025315,0.5173822683266187,0.6090379168025315,0.5173822683266187,0.6090379168025315,0.5173822683266187,0.3401743007354591,0.18609876253574786,0.3401743007354591,0.18609876253574786,0.3401743007354591,0.18609876253574786,0.6090379168025315,0.5173822683266187,0.6090379168025315,0.5173822683266187,0.6090379168025315,0.5173822683266187,0.6090379168025315,0.5173822683266187,0.6090379168025315,0.5173822683266187,0.6090379168025315,0.5173822683266187
0.65,0.3513713862120088,0.65,0.65,0.64,0.0,0.64,0.64,0.663995001927966,0.6310322823264095,0.663995001927966,0.6310322823264095,0.663995001927966,0.6310322823264095,0.41606286880235827,0.30645462959147335,0.41606286880235827,0.30645462959147335,0.41606286880235827,0.30645462959147335,0.663995001927966,0.6310322823264095,0.663995001927966,0.6310322823264095,0.663995001927966,0.6310322823264095,0.663995001927966,0.6310322823264095,0.663995001927966,0.6310322823264095,0.663995001927966,0.6310322823264095
0.67,0.0730337078651683,0.67,0.67,0.64,0.0,0.64,0.64,0.7383051012510498,0.7068834064065515,0.7383051012510498,0.7068834064065515,0.7383051012510498,0.7068834064065515,0.3295243332113516,0.20357990106019994,0.3295243332113516,0.20357990106019994,0.3295243332113516,0.20357990106019994,0.7383051012510498,0.7068834064065515,0.7383051012510498,0.7068834064065515,0.7383051012510498,0.7068834064065515,0.7383051012510498,0.7068834064065515,0.7383051012510498,0.7068834064065515,0.7383051012510498,0.7068834064065515
0.89,0.2403314917127071,0.89,0.89,0.64,0.0,0.64,0.64,0.8233199315316938,0.7989378376005736,0.8233199315316938,0.7989378376005736,0.8233199315316938,0.7989378376005736,0.34419741982493185,0.17930316605079358,0.34419741982493185,0.17930316605079358,0.34419741982493185,0.17930316605079358,0.8233199315316938,0.7989378376005736,0.8233199315316938,0.7989378376005736,0.8233199315316938,0.7989378376005736,0.8233199315316938,0.7989378376005736,0.8233199315316938,0.7989378376005736,0.8233199315316938,0.7989378376005736
0.93,0.0,0.93,0.93,0.76,0.5151515151515151,0.76,0.76,0.8021262506095376,0.7508583952223281,0.8021262506095376,0.7508583952223281,0.8021262506095376,0.7508583952223281,0.03364981896661718,0.013165884907983469,0.03364981896661718,0.013165884907983469,0.03364981896661718,0.013165884907983469,0.8021262506095376,0.7508583952223281,0.8021262506095376,0.7508583952223281,0.8021262506095376,0.7508583952223281,0.8021262506095376,0.7508583952223281,0.8021262506095376,0.7508583952223281,0.8021262506095376,0.7508583952223281
0.66,0.0,0.66,0.66,0.79,0.5748987854251012,0.79,0.79,0.684417726241613,0.689561894993598,0.684417726241613,0.689561894993598,0.684417726241613,0.689561894993598,-0.009380259823367482,0.13593936725470254,-0.009380259823367482,0.13593936725470254,-0.009380259823367482,0.13593936725470254,0.684417726241613,0.689561894993598,0.684417726241613,0.689561894993598,0.684417726241613,0.689561894993598,0.684417726241613,0.689561894993598,0.684417726241613,0.689561894993598,0.684417726241613,0.689561894993598
0.49,0.0,0.49,0.49,0.87,0.736842105263158,0.87,0.87,0.6775260796004634,0.6718106080923117,0.6775260796004634,0.6718106080923117,0.6775260796004634,0.6718106080923117,0.012188900113024096,0.11451219341471278,0.012188900113024096,0.11451219341471278,0.012188900113024096,0.11451219341471278,0.6775260796004634,0.6718106080923117,0.6775260796004634,0.6718106080923117,0.6775260796004634,0.6718106080923117,0.6775260796004634,0.6718106080923117,0.6775260796004634,0.6718106080923117,0.6775260796004634,0.6718106080923117
0.38,0.0,0.38,0.38,0.82,0.5881006864988558,0.82,0.82,0.5837812848369998,0.5742725177458147,0.5837812848369998,0.5742725177458147,0.5837812848369998,0.5742725177458147,0.061887328914459985,0.07088622515461669,0.061887328914459985,0.07088622515461669,0.061887328914459985,0.07088622515461669,0.5837812848369998,0.5742725177458147,0.5837812848369998,0.5742725177458147,0.5837812848369998,0.5742725177458147,0.5837812848369998,0.5742725177458147,0.5837812848369998,0.5742725177458147,0.5837812848369998,0.5742725177458147
0.47,0.0,0.47,0.47,0.73,0.2338251986379115,0.73,0.73,0.5982138092168429,0.6355368091164132,0.5982138092168429,0.6355368091164132,0.5982138092168429,0.6355368091164132,0.09527196876529669,0.13089226061227036,0.09527196876529669,0.13089226061227036,0.09527196876529669,0.13089226061227036,0.5982138092168429,0.6355368091164132,0.5982138092168429,0.6355368091164132,0.5982138092168429,0.6355368091164132,0.5982138092168429,0.6355368091164132,0.5982138092168429,0.6355368091164132,0.5982138092168429,0.6355368091164132
0.6,0.2236024844720496,0.6,0.6,0.54,0.0448504983388703,0.54,0.54,0.5388391480158364,0.5943799168317248,0.5388391480158364,0.5943799168317248,0.5388391480158364,0.5943799168317248,-0.08112490720073416,0.02386849871983181,-0.08112490720073416,0.02386849871983181,-0.08112490720073416,0.02386849871983181,0.5388391480158364,0.5943799168317248,0.5388391480158364,0.5943799168317248,0.5388391480158364,0.5943799168317248,0.5388391480158364,0.5943799168317248,0.5388391480158364,0.5943799168317248,0.5388391480158364,0.5943799168317248
0.76,0.52,0.76,0.76,0.59,0.0,0.59,0.59,0.590000238362636,0.49694540289305905,0.590000238362636,0.49694540289305905,0.590000238362636,0.49694540289305905,0.3649519462757729,0.18806628038841647,0.3649519462757729,0.18806628038841647,0.3649519462757729,0.18806628038841647,0.590000238362636,0.49694540289305905,0.590000238362636,0.49694540289305905,0.590000238362636,0.49694540289305905,0.590000238362636,0.49694540289305905,0.590000238362636,0.49694540289305905,0.590000238362636,0.49694540289305905
0.78,0.5622761639474732,0.78,0.78,0.62,0.0,0.62,0.62,0.5296616575797133,0.45378648081805556,0.5296616575797133,0.45378648081805556,0.5296616575797133,0.45378648081805556,0.3179693536334067,0.17937645516525355,0.3179693536334067,0.17937645516525355,0.3179693536334067,0.17937645516525355,0.5296616575797133,0.45378648081805556,0.5296616575797133,0.45378648081805556,0.5296616575797133,0.45378648081805556,0.5296616575797133,0.45378648081805556,0.5296616575797133,0.45378648081805556,0.5296616575797133,0.45378648081805556
0.84,0.6808934982050259,0.84,0.84,0.75,0.0,0.75,0.75,0.668623939632872,0.577339808361892,0.668623939632872,0.577339808361892,0.668623939632872,0.577339808361892,0.40855938674420095,0.3407373816922934,0.40855938674420095,0.3407373816922934,0.40855938674420095,0.3407373816922934,0.668623939632872,0.577339808361892,0.668623939632872,0.577339808361892,0.668623939632872,0.577339808361892,0.668623939632872,0.577339808361892,0.668623939632872,0.577339808361892,0.668623939632872,0.577339808361892
0.78,0.4344473007712082,0.78,0.78,0.72,0.0,0.72,0.72,0.6006002023008632,0.6043667505962794,0.6006002023008632,0.6043667505962794,0.6006002023008632,0.6043667505962794,0.3152324108239264,0.2282841897942012,0.3152324108239264,0.2282841897942012,0.3152324108239264,0.2282841897942012,0.6006002023008632,0.6043667505962794,0.6006002023008632,0.6043667505962794,0.6006002023008632,0.6043667505962794,0.6006002023008632,0.6043667505962794,0.6006002023008632,0.6043667505962794,0.6006002023008632,0.6043667505962794
0.74,0.3477170095333668,0.74,0.74,0.65,0.0,0.65,0.65,0.6567089937817967,0.6399596489460285,0.6567089937817967,0.6399596489460285,0.6567089937817967,0.6399596489460285,0.2398975357978281,0.12208616241491582,0.2398975357978281,0.12208616241491582,0.2398975357978281,0.12208616241491582,0.6567089937817967,0.6399596489460285,0.6567089937817967,0.6399596489460285,0.6567089937817967,0.6399596489460285,0.6567089937817967,0.6399596489460285,0.6567089937817967,0.6399596489460285,0.6567089937817967,0.6399596489460285
0.61,0.0,0.61,0.61,0.7,0.3768176152887411,0.7,0.7,0.5733347090518701,0.5568492085676156,0.5733347090518701,0.5568492085676156,0.5733347090518701,0.5568492085676156,-0.05012989969171603,0.010616274236599926,-0.05012989969171603,0.010616274236599926,-0.05012989969171603,0.010616274236599926,0.5733347090518701,0.5568492085676156,0.5733347090518701,0.5568492085676156,0.5733347090518701,0.5568492085676156,0.5733347090518701,0.5568492085676156,0.5733347090518701,0.5568492085676156,0.5733347090518701,0.5568492085676156
0.64,0.0,0.64,0.64,0.73,0.484732824427481,0.73,0.73,0.5462348300114237,0.528355009265332,0.5462348300114237,0.528355009265332,0.5462348300114237,0.528355009265332,-0.039814677956319114,0.005269119946904393,-0.039814677956319114,0.005269119946904393,-0.039814677956319114,0.005269119946904393,0.5462348300114237,0.528355009265332,0.5462348300114237,0.528355009265332,0.5462348300114237,0.528355009265332,0.5462348300114237,0.528355009265332,0.5462348300114237,0.528355009265332,0.5462348300114237,0.528355009265332
0.62,0.0,0.62,0.62,0.6,0.2854590925330476,0.6,0.6,0.5000214160743283,0.522108311133973,0.5000214160743283,0.522108311133973,0.5000214160743283,0.522108311133973,-0.04674153372588314,-0.09689510251519422,-0.04674153372588314,-0.09689510251519422,-0.04674153372588314,-0.09689510251519422,0.5000214160743283,0.522108311133973,0.5000214160743283,0.522108311133973,0.5000214160743283,0.522108311133973,0.5000214160743283,0.522108311133973,0.5000214160743283,0.522108311133973,0.5000214160743283,0.522108311133973
0.73,0.0,0.73,0.73,0.65,0.3513713862120088,0.65,0.65,0.5346919717182592,0.6045713758937052,0.5346919717182592,0.6045713758937052,0.5346919717182592,0.6045713758937052,-0.008975464734326307,0.00859367543146032,-0.008975464734326307,0.00859367543146032,-0.008975464734326307,0.00859367543146032,0.5346919717182592,0.6045713758937052,0.5346919717182592,0.6045713758937052,0.5346919717182592,0.6045713758937052,0.5346919717182592,0.6045713758937052,0.5346919717182592,0.6045713758937052,0.5346919717182592,0.6045713758937052
0.67,0.0,0.67,0.67,0.67,0.0730337078651683,0.67,0.67,0.525587386890874,0.6134318762221501,0.525587386890874,0.6134318762221501,0.525587386890874,0.6134318762221501,-0.006670065681072735,0.0024952147300463007,-0.006670065681072735,0.0024952147300463007,-0.006670065681072735,0.0024952147300463007,0.525587386890874,0.6134318762221501,0.525587386890874,0.6134318762221501,0.525587386890874,0.6134318762221501,0.525587386890874,0.6134318762221501,0.525587386890874,0.6134318762221501,0.525587386890874,0.6134318762221501
0.66,0.1521197007481295,0.66,0.66,0.89,0.2403314917127071,0.89,0.89,0.6775172991466039,0.60537543763429,0.6775172991466039,0.60537543763429,0.6775172991466039,0.60537543763429,0.2708149431393719,0.12855728256246288,0.2708149431393719,0.12855728256246288,0.2708149431393719,0.12855728256246288,0.6775172991466039,0.60537543763429,0.6775172991466039,0.60537543763429,0.6775172991466039,0.60537543763429,0.6775172991466039,0.60537543763429,0.6775172991466039,0.60537543763429,0.6775172991466039,0.60537543763429
0.65,0.3185358255451713,0.65,0.65,0.93,0.0,0.93,0.93,0.6790082646949399,0.6454297323366159,0.6790082646949399,0.6454297323366159,0.6790082646949399,0.6454297323366159,0.3746932897986077,0.20960667431854696,0.3746932897986077,0.20960667431854696,0.3746932897986077,0.20960667431854696,0.6790082646949399,0.6454297323366159,0.6790082646949399,0.6454297323366159,0.6790082646949399,0.6454297323366159,0.6790082646949399,0.6454297323366159,0.6790082646949399,0.6454297323366159,0.6790082646949399,0.6454297323366159
0.66,0.33359466875735,0.66,0.66,0.66,0.0,0.66,0.66,0.6577718836879316,0.5709308739295376,0.6577718836879316,0.5709308739295376,0.6577718836879316,0.5709308739295376,0.3314715027371092,0.12937816301264965,0.3314715027371092,0.12937816301264965,0.3314715027371092,0.12937816301264965,0.6577718836879316,0.5709308739295376,0.6577718836879316,0.5709308739295376,0.6577718836879316,0.5709308739295376,0.6577718836879316,0.5709308739295376,0.6577718836879316,0.5709308739295376,0.6577718836879316,0.5709308739295376
0.56,0.1914737228959941,0.56,0.56,0.49,0.0,0.49,0.49,0.568718856117479,0.49091531376228587,0.568718856117479,0.49091531376228587,0.568718856117479,0.49091531376228587,0.29712017141017133,-0.016421834641466147,0.29712017141017133,-0.016421834641466147,0.29712017141017133,-0.016421834641466147,0.568718856117479,0.49091531376228587,0.568718856117479,0.49091531376228587,0.568718856117479,0.49091531376228587,0.568718856117479,0.49091531376228587,0.568718856117479,0.49091531376228587,0.568718856117479,0.49091531376228587
0.44,-0.0835913312693497,0.44,0.44,0.38,0.0,0.38,0.38,0.4734664877427507,0.43450360507542823,0.4734664877427507,0.43450360507542823,0.4734664877427507,0.43450360507542823,-0.13375160149306164,-0.02745169774027068,-0.13375160149306164,-0.02745169774027068,-0.13375160149306164,-0.02745169774027068,0.4734664877427507,0.43450360507542823,0.4734664877427507,0.43450360507542823,0.4734664877427507,0.43450360507542823,0.4734664877427507,0.43450360507542823,0.4734664877427507,0.43450360507542823,0.4734664877427507,0.43450360507542823
0.47,0.0,0.47,0.47,0.47,0.0,0.47,0.47,0.5622287263142136,0.5061470353186277,0.5622287263142136,0.5061470353186277,0.5622287263142136,0.5061470353186277,-0.030348851907959502,0.05261183436205152,-0.030348851907959502,0.05261183436205152,-0.030348851907959502,0.05261183436205152,0.5622287263142136,0.5061470353186277,0.5622287263142136,0.5061470353186277,0.5622287263142136,0.5061470353186277,0.5622287263142136,0.5061470353186277,0.5622287263142136,0.5061470353186277,0.5622287263142136,0.5061470353186277
0.45,0.0,0.45,0.45,0.6,0.2236024844720496,0.6,0.6,0.603152547486219,0.5220509923200244,0.603152547486219,0.5220509923200244,0.603152547486219,0.5220509923200244,0.027606729155370817,0.05085569266319703,0.027606729155370817,0.05085569266319703,0.027606729155370817,0.05085569266319703,0.603152547486219,0.5220509923200244,0.603152547486219,0.5220509923200244,0.603152547486219,0.5220509923200244,0.603152547486219,0.5220509923200244,0.603152547486219,0.5220509923200244,0.603152547486219,0.5220509923200244
0.43,0.0,0.43,0.43,0.76,0.52,0.76,0.76,0.4950022792929594,0.48354540192603473,0.4950022792929594,0.48354540192603473,0.4950022792929594,0.48354540192603473,0.033261938337413664,-0.02077060869040056,0.033261938337413664,-0.02077060869040056,0.033261938337413664,-0.02077060869040056,0.4950022792929594,0.48354540192603473,0.4950022792929594,0.48354540192603473,0.4950022792929594,0.48354540192603473,0.4950022792929594,0.48354540192603473,0.4950022792929594,0.48354540192603473,0.4950022792929594,0.48354540192603473
0.52,0.0,0.52,0.52,0.78,0.5622761639474732,0.78,0.78,0.551738046269927,0.5094811492858322,0.551738046269927,0.5094811492858322,0.551738046269927,0.5094811492858322,0.0014115109170918477,0.020984654152261195,0.0014115109170918477,0.020984654152261195,0.0014115109170918477,0.020984654152261195,0.551738046269927,0.5094811492858322,0.551738046269927,0.5094811492858322,0.551738046269927,0.5094811492858322,0.551738046269927,0.5094811492858322,0.551738046269927,0.5094811492858322,0.551738046269927,0.5094811492858322
0.68,0.0,0.68,0.68,0.84,0.6808934982050259,0.84,0.84,0.6261505288339848,0.6389632160642474,0.6261505288339848,0.6389632160642474,0.6261505288339848,0.6389632160642474,-0.004743007199572879,0.022102482179593964,-0.004743007199572879,0.022102482179593964,-0.004743007199572879,0.022102482179593964,0.6261505288339848,0.6389632160642474,0.6261505288339848,0.6389632160642474,0.6261505288339848,0.6389632160642474,0.6261505288339848,0.6389632160642474,0.6261505288339848,0.6389632160642474,0.6261505288339848,0.6389632160642474
0.74,0.0,0.74,0.74,0.78,0.4344473007712082,0.78,0.78,0.6368705895265773,0.6469689392025366,0.6368705895265773,0.6469689392025366,0.6368705895265773,0.6469689392025366,-0.013352619261593882,0.0533021423776313,-0.013352619261593882,0.0533021423776313,-0.013352619261593882,0.0533021423776313,0.6368705895265773,0.6469689392025366,0.6368705895265773,0.6469689392025366,0.6368705895265773,0.6469689392025366,0.6368705895265773,0.6469689392025366,0.6368705895265773,0.6469689392025366,0.6368705895265773,0.6469689392025366
0.71,0.0,0.71,0.71,0.74,0.3477170095333668,0.74,0.74,0.6631366031195876,0.599936759144991,0.6631366031195876,0.599936759144991,0.6631366031195876,0.599936759144991,0.061502178036794176,-0.019236911982439417,0.061502178036794176,-0.019236911982439417,0.061502178036794176,-0.019236911982439417,0.6631366031195876,0.599936759144991,0.6631366031195876,0.599936759144991,0.6631366031195876,0.599936759144991,0.6631366031195876,0.599936759144991,0.6631366031195876,0.599936759144991,0.6631366031195876,0.599936759144991
0.66,0.3256644188813963,0.66,0.66,0.61,0.0,0.61,0.61,0.6763453583958483,0.5623401523829189,0.6763453583958483,0.5623401523829189,0.6763453583958483,0.5623401523829189,0.3314548858601755,0.1875935081880887,0.3314548858601755,0.1875935081880887,0.3314548858601755,0.1875935081880887,0.6763453583958483,0.5623401523829189,0.6763453583958483,0.5623401523829189,0.6763453583958483,0.5623401523829189,0.6763453583958483,0.5623401523829189,0.6763453583958483,0.5623401523829189,0.6763453583958483,0.5623401523829189
0.65,0.3,0.65,0.65,0.64,0.0,0.64,0.64,0.7982770536453089,0.5191015732705061,0.7982770536453089,0.5191015732705061,0.7982770536453089,0.5191015732705061,0.4269436263641649,0.19983693349588771,0.4269436263641649,0.19983693349588771,0.4269436263641649,0.19983693349588771,0.7982770536453089,0.5191015732705061,0.7982770536453089,0.5191015732705061,0.7982770536453089,0.5191015732705061,0.7982770536453089,0.5191015732705061,0.7982770536453089,0.5191015732705061,0.7982770536453089,0.5191015732705061
0.73,0.4289340101522843,0.73,0.73,0.62,0.0,0.62,0.62,0.8083201687638178,0.5264385004077026,0.8083201687638178,0.5264385004077026,0.8083201687638178,0.5264385004077026,0.4439111494333078,0.13696411126285116,0.4439111494333078,0.13696411126285116,0.4439111494333078,0.13696411126285116,0.8083201687638178,0.5264385004077026,0.8083201687638178,0.5264385004077026,0.8083201687638178,0.5264385004077026,0.8083201687638178,0.5264385004077026,0.8083201687638178,0.5264385004077026,0.8083201687638178,0.5264385004077026
0.74,0.128686327077748,0.74,0.74,0.73,0.0,0.73,0.73,0.6745825391155114,0.5680939905046474,0.6745825391155114,0.5680939905046474,0.6745825391155114,0.5680939905046474,0.2901430906768516,0.1295103686975594,0.2901430906768516,0.1295103686975594,0.2901430906768516,0.1295103686975594,0.6745825391155114,0.5680939905046474,0.6745825391155114,0.5680939905046474,0.6745825391155114,0.5680939905046474,0.6745825391155114,0.5680939905046474,0.6745825391155114,0.5680939905046474,0.6745825391155114,0.5680939905046474
0.79,0.0,0.79,0.79,0.67,0.0,0.67,0.67,0.7216339443072005,0.6497239873378251,0.7216339443072005,0.6497239873378251,0.7216339443072005,0.6497239873378251,0.09324275988717962,0.12748302673698414,0.09324275988717962,0.12748302673698414,0.09324275988717962,0.12748302673698414,0.7216339443072005,0.6497239873378251,0.7216339443072005,0.6497239873378251,0.7216339443072005,0.6497239873378251,0.7216339443072005,0.6497239873378251,0.7216339443072005,0.6497239873378251,0.7216339443072005,0.6497239873378251
0.85,0.0,0.85,0.85,0.66,0.1521197007481295,0.66,0.66,0.8186186308655127,0.7497319471001725,0.8186186308655127,0.7497319471001725,0.8186186308655127,0.7497319471001725,0.10380869936367734,0.09902298059677908,0.10380869936367734,0.09902298059677908,0.10380869936367734,0.09902298059677908,0.8186186308655127,0.7497319471001725,0.8186186308655127,0.7497319471001725,0.8186186308655127,0.7497319471001725,0.8186186308655127,0.7497319471001725,0.8186186308655127,0.7497319471001725,0.8186186308655127,0.7497319471001725
0.71,0.0,0.71,0.71,0.65,0.3185358255451713,0.65,0.65,0.8315416972627657,0.6982450048366203,0.8315416972627657,0.6982450048366203,0.8315416972627657,0.6982450048366203,0.07150963892523186,0.051385063221856854,0.07150963892523186,0.051385063221856854,0.07150963892523186,0.051385063221856854,0.8315416972627657,0.6982450048366203,0.8315416972627657,0.6982450048366203,0.8315416972627657,0.6982450048366203,0.8315416972627657,0.6982450048366203,0.8315416972627657,0.6982450048366203,0.8315416972627657,0.6982450048366203
0.71,0.0,0.71,0.71,0.66,0.33359466875735,0.66,0.66,0.743118109528706,0.6655072298290363,0.743118109528706,0.6655072298290363,0.743118109528706,0.6655072298290363,0.01841439145960383,0.01198919311506137,0.01841439145960383,0.01198919311506137,0.01841439145960383,0.01198919311506137,0.743118109528706,0.6655072298290363,0.743118109528706,0.6655072298290363,0.743118109528706,0.6655072298290363,0.743118109528706,0.6655072298290363,0.743118109528706,0.6655072298290363,0.743118109528706,0.6655072298290363
0.54,0.0,0.54,0.54,0.56,0.1914737228959941,0.56,0.56,0.6257727104245198,0.5496387171370339,0.6257727104245198,0.5496387171370339,0.6257727104245198,0.5496387171370339,0.00762935212133683,-0.0351035118760407,0.00762935212133683,-0.0351035118760407,0.00762935212133683,-0.0351035118760407,0.6257727104245198,0.5496387171370339,0.6257727104245198,0.5496387171370339,0.6257727104245198,0.5496387171370339,0.6257727104245198,0.5496387171370339,0.6257727104245198,0.5496387171370339,0.6257727104245198,0.5496387171370339
0.52,0.0,0.52,0.52,0.44,-0.0835913312693497,0.44,0.44,0.6741307095757229,0.45853344522318273,0.6741307095757229,0.45853344522318273,0.6741307095757229,0.45853344522318273,0.01556141686093148,-0.02833738342280972,0.01556141686093148,-0.02833738342280972,0.01556141686093148,-0.02833738342280972,0.6741307095757229,0.45853344522318273,0.6741307095757229,0.45853344522318273,0.6741307095757229,0.45853344522318273,0.6741307095757229,0.45853344522318273,0.6741307095757229,0.45853344522318273,0.6741307095757229,0.45853344522318273
0.42,0.0,0.42,0.42,0.47,0.0,0.47,0.47,0.6513113754841962,0.43876837818157943,0.6513113754841962,0.43876837818157943,0.6513113754841962,0.43876837818157943,0.04306770646493561,-0.051283664406460906,0.04306770646493561,-0.051283664406460906,0.04306770646493561,-0.051283664406460906,0.6513113754841962,0.43876837818157943,0.6513113754841962,0.43876837818157943,0.6513113754841962,0.43876837818157943,0.6513113754841962,0.43876837818157943,0.6513113754841962,0.43876837818157943,0.6513113754841962,0.43876837818157943
0.5,0.1551199729638392,0.5,0.5,0.45,0.0,0.45,0.45,0.6789034704160466,0.45860891414866245,0.6789034704160466,0.45860891414866245,0.6789034704160466,0.45860891414866245,0.2841681840065485,0.04762257434446244,0.2841681840065485,0.04762257434446244,0.2841681840065485,0.04762257434446244,0.6789034704160466,0.45860891414866245,0.6789034704160466,0.45860891414866245,0.6789034704160466,0.45860891414866245,0.6789034704160466,0.45860891414866245,0.6789034704160466,0.45860891414866245,0.6789034704160466,0.45860891414866245
0.64,0.3036750483558994,0.64,0.64,0.43,0.0,0.43,0.43,0.647217452516468,0.38850214728285215,0.647217452516468,0.38850214728285215,0.647217452516468,0.38850214728285215,0.26179779251079427,0.014135539407403397,0.26179779251079427,0.014135539407403397,0.26179779251079427,0.014135539407403397,0.647217452516468,0.38850214728285215,0.647217452516468,0.38850214728285215,0.647217452516468,0.38850214728285215,0.647217452516468,0.38850214728285215,0.647217452516468,0.38850214728285215,0.647217452516468,0.38850214728285215
0.82,0.6050899517332163,0.82,0.82,0.52,0.0,0.52,0.52,0.6674385148329808,0.46480175517914557,0.6674385148329808,0.46480175517914557,0.6674385148329808,0.46480175517914557,0.28781902839833245,0.11420839031282223,0.28781902839833245,0.11420839031282223,0.28781902839833245,0.11420839031282223,0.6674385148329808,0.46480175517914557,0.6674385148329808,0.46480175517914557,0.6674385148329808,0.46480175517914557,0.6674385148329808,0.46480175517914557,0.6674385148329808,0.46480175517914557,0.6674385148329808,0.46480175517914557
0.84,0.5180722891566265,0.84,0.84,0.68,0.0,0.68,0.68,0.7410694283936381,0.600327493108007,0.7410694283936381,0.600327493108007,0.7410694283936381,0.600327493108007,0.3749076163385823,0.20331746150871985,0.3749076163385823,0.20331746150871985,0.3749076163385823,0.20331746150871985,0.7410694283936381,0.600327493108007,0.7410694283936381,0.600327493108007,0.7410694283936381,0.600327493108007,0.7410694283936381,0.600327493108007,0.7410694283936381,0.600327493108007,0.7410694283936381,0.600327493108007
0.8,0.0,0.8,0.8,0.74,0.0,0.74,0.74,0.6476963779145347,0.5264928133169793,0.6476963779145347,0.5264928133169793,0.6476963779145347,0.5264928133169793,0.06301212721673347,0.0011092723961064006,0.06301212721673347,0.0011092723961064006,0.06301212721673347,0.0011092723961064006,0.6476963779145347,0.5264928133169793,0.6476963779145347,0.5264928133169793,0.6476963779145347,0.5264928133169793,0.6476963779145347,0.5264928133169793,0.6476963779145347,0.5264928133169793,0.6476963779145347,0.5264928133169793
0.66,0.0,0.66,0.66,0.71,0.0,0.71,0.71,0.631865270764836,0.5029786590497675,0.631865270764836,0.5029786590497675,0.631865270764836,0.5029786590497675,0.06378153875605175,-0.12801025725240103,0.06378153875605175,-0.12801025725240103,0.06378153875605175,-0.12801025725240103,0.631865270764836,0.5029786590497675,0.631865270764836,0.5029786590497675,0.631865270764836,0.5029786590497675,0.631865270764836,0.5029786590497675,0.631865270764836,0.5029786590497675,0.631865270764836,0.5029786590497675
0.69,0.0,0.69,0.69,0.66,0.3256644188813963,0.66,0.66,0.6552690099631321,0.49979370320602917,0.6552690099631321,0.49979370320602917,0.6552690099631321,0.49979370320602917,0.015158612366055098,-0.013756285926960998,0.015158612366055098,-0.013756285926960998,0.015158612366055098,-0.013756285926960998,0.6552690099631321,0.49979370320602917,0.6552690099631321,0.49979370320602917,0.6552690099631321,0.49979370320602917,0.6552690099631321,0.49979370320602917,0.6552690099631321,0.49979370320602917,0.6552690099631321,0.49979370320602917
0.71,0.0,0.71,0.71,0.65,0.3,0.65,0.65,0.6613747033046927,0.5871350903278546,0.6613747033046927,0.5871350903278546,0.6613747033046927,0.5871350903278546,-0.012533773174125008,0.04963305535298006,-0.012533773174125008,0.04963305535298006,-0.012533773174125008,0.04963305535298006,0.6613747033046927,0.5871350903278546,0.6613747033046927,0.5871350903278546,0.6613747033046927,0.5871350903278546,0.6613747033046927,0.5871350903278546,0.6613747033046927,0.5871350903278546,0.6613747033046927,0.5871350903278546
0.62,0.0,0.62,0.62,0.73,0.4289340101522843,0.73,0.73,0.6638053656395393,0.48482778000346943,0.6638053656395393,0.48482778000346943,0.6638053656395393,0.48482778000346943,0.0007548574544646541,-0.043174855301854095,0.0007548574544646541,-0.043174855301854095,0.0007548574544646541,-0.043174855301854095,0.6638053656395393,0.48482778000346943,0.6638053656395393,0.48482778000346943,0.6638053656395393,0.48482778000346943,0.6638053656395393,0.48482778000346943,0.6638053656395393,0.48482778000346943,0.6638053656395393,0.48482778000346943
0.54,0.0,0.54,0.54,0.74,0.128686327077748,0.74,0.74,0.6171861893716658,0.512938766195034,0.6171861893716658,0.512938766195034,0.6171861893716658,0.512938766195034,0.0013516966503956777,-0.02912550052383451,0.0013516966503956777,-0.02912550052383451,0.0013516966503956777,-0.02912550052383451,0.6171861893716658,0.512938766195034,0.6171861893716658,0.512938766195034,0.6171861893716658,0.512938766195034,0.6171861893716658,0.512938766195034,0.6171861893716658,0.512938766195034,0.6171861893716658,0.512938766195034
0.46,0.0,0.46,0.46,0.79,0.0,0.79,0.79,0.6740581797063919,0.5605648762904359,0.6740581797063919,0.5605648762904359,0.6740581797063919,0.5605648762904359,0.06861815044675385,0.05663465879206731,0.06861815044675385,0.05663465879206731,0.06861815044675385,0.05663465879206731,0.6740581797063919,0.5605648762904359,0.6740581797063919,0.5605648762904359,0.6740581797063919,0.5605648762904359,0.6740581797063919,0.5605648762904359,0.6740581797063919,0.5605648762904359,0.6740581797063919,0.5605648762904359
0.59,-0.0459183673469387,0.59,0.59,0.85,0.0,0.85,0.85,0.6552655106410412,0.5220164171322629,0.6552655106410412,0.5220164171322629,0.6552655106410412,0.5220164171322629,-0.09280191520850495,0.06195500585356003,-0.09280191520850495,0.06195500585356003,-0.09280191520850495,0.06195500585356003,0.6552655106410412,0.5220164171322629,0.6552655106410412,0.5220164171322629,0.6552655106410412,0.5220164171322629,0.6552655106410412,0.5220164171322629,0.6552655106410412,0.5220164171322629,0.6552655106410412,0.5220164171322629
0.59,0.1008771929824561,0.59,0.59,0.71,0.0,0.71,0.71,0.5413115067851652,0.4489956455439545,0.5413115067851652,0.4489956455439545,0.5413115067851652,0.4489956455439545,-0.12657390552742817,-0.13306886879107965,-0.12657390552742817,-0.13306886879107965,-0.12657390552742817,-0.13306886879107965,0.5413115067851652,0.4489956455439545,0.5413115067851652,0.4489956455439545,0.5413115067851652,0.4489956455439545,0.5413115067851652,0.4489956455439545,0.5413115067851652,0.4489956455439545,0.5413115067851652,0.4489956455439545
0.5,-0.0162601626016258,0.5,0.5,0.71,0.0,0.71,0.71,0.4898228895446418,0.466659686137634,0.4898228895446418,0.466659686137634,0.4898228895446418,0.466659686137634,-0.11990363994971943,-0.056310216634564904,-0.11990363994971943,-0.056310216634564904,-0.11990363994971943,-0.056310216634564904,0.4898228895446418,0.466659686137634,0.4898228895446418,0.466659686137634,0.4898228895446418,0.466659686137634,0.4898228895446418,0.466659686137634,0.4898228895446418,0.466659686137634,0.4898228895446418,0.466659686137634
0.45,-0.0895404120443739,0.45,0.45,0.54,0.0,0.54,0.54,0.5681165126671356,0.5008178603437444,0.5681165126671356,0.5008178603437444,0.5681165126671356,0.5008178603437444,-0.06625958409705668,-0.09437106191389395,-0.06625958409705668,-0.09437106191389395,-0.06625958409705668,-0.09437106191389395,0.5681165126671356,0.5008178603437444,0.5681165126671356,0.5008178603437444,0.5681165126671356,0.5008178603437444,0.5681165126671356,0.5008178603437444,0.5681165126671356,0.5008178603437444,0.5681165126671356,0.5008178603437444
0.59,0.0,0.59,0.59,0.52,0.0,0.52,0.52,0.6746774257735811,0.5794662736478747,0.6746774257735811,0.5794662736478747,0.6746774257735811,0.5794662736478747,0.032460414774896,0.05152341919540416,0.032460414774896,0.05152341919540416,0.032460414774896,0.05152341919540416,0.6746774257735811,0.5794662736478747,0.6746774257735811,0.5794662736478747,0.6746774257735811,0.5794662736478747,0.6746774257735811,0.5794662736478747,0.6746774257735811,0.5794662736478747,0.6746774257735811,0.5794662736478747
0.6,0.0,0.6,0.6,0.42,0.0,0.42,0.42,0.7533172830729618,0.57994089674544,0.7533172830729618,0.57994089674544,0.7533172830729618,0.57994089674544,0.07089532938680078,0.11284431740590747,0.07089532938680078,0.11284431740590747,0.07089532938680078,0.11284431740590747,0.7533172830729618,0.57994089674544,0.7533172830729618,0.57994089674544,0.7533172830729618,0.57994089674544,0.7533172830729618,0.57994089674544,0.7533172830729618,0.57994089674544,0.7533172830729618,0.57994089674544
0.54,0.0,0.54,0.54,0.5,0.1551199729638392,0.5,0.5,0.8018411174316348,0.6617139108843512,0.8018411174316348,0.6617139108843512,0.8018411174316348,0.6617139108843512,0.10689895554626871,0.12370746841344253,0.10689895554626871,0.12370746841344253,0.10689895554626871,0.12370746841344253,0.8018411174316348,0.6617139108843512,0.8018411174316348,0.6617139108843512,0.8018411174316348,0.6617139108843512,0.8018411174316348,0.6617139108843512,0.8018411174316348,0.6617139108843512,0.8018411174316348,0.6617139108843512
0.45,0.0,0.45,0.45,0.64,0.3036750483558994,0.64,0.64,0.7317878186496163,0.6639734989684223,0.7317878186496163,0.6639734989684223,0.7317878186496163,0.6639734989684223,0.03249966382902718,0.08602153802400912,0.03249966382902718,0.08602153802400912,0.03249966382902718,0.08602153802400912,0.7317878186496163,0.6639734989684223,0.7317878186496163,0.6639734989684223,0.7317878186496163,0.6639734989684223,0.7317878186496163,0.6639734989684223,0.7317878186496163,0.6639734989684223,0.7317878186496163,0.6639734989684223
0.39,0.0,0.39,0.39,0.82,0.6050899517332163,0.82,0.82,0.682554890309326,0.5281275217392619,0.682554890309326,0.5281275217392619,0.682554890309326,0.5281275217392619,9.689060392084473e-05,0.004812779400598989,9.689060392084473e-05,0.004812779400598989,9.689060392084473e-05,0.004812779400598989,0.682554890309326,0.5281275217392619,0.682554890309326,0.5281275217392619,0.682554890309326,0.5281275217392619,0.682554890309326,0.5281275217392619,0.682554890309326,0.5281275217392619,0.682554890309326,0.5281275217392619
0.4,0.0,0.4,0.4,0.84,0.5180722891566265,0.84,0.84,0.6072138987944443,0.5818913711175837,0.6072138987944443,0.5818913711175837,0.6072138987944443,0.5818913711175837,-0.04579979207852147,0.01230512790204825,-0.04579979207852147,0.01230512790204825,-0.04579979207852147,0.01230512790204825,0.6072138987944443,0.5818913711175837,0.6072138987944443,0.5818913711175837,0.6072138987944443,0.5818913711175837,0.6072138987944443,0.5818913711175837,0.6072138987944443,0.5818913711175837,0.6072138987944443,0.5818913711175837
0.33,0.0,0.33,0.33,0.8,0.0,0.8,0.8,0.5578669392602237,0.5782204488868509,0.5578669392602237,0.5782204488868509,0.5578669392602237,0.5782204488868509,-0.04928393905276182,0.05131330468443105,-0.04928393905276182,0.05131330468443105,-0.04928393905276182,0.05131330468443105,0.5578669392602237,0.5782204488868509,0.5578669392602237,0.5782204488868509,0.5578669392602237,0.5782204488868509,0.5578669392602237,0.5782204488868509,0.5578669392602237,0.5782204488868509,0.5578669392602237,0.5782204488868509
0.35,0.0,0.35,0.35,0.66,0.0,0.66,0.66,0.5931184602992199,0.6382436594452494,0.5931184602992199,0.6382436594452494,0.5931184602992199,0.6382436594452494,0.0709713845764384,0.11425901717909218,0.0709713845764384,0.11425901717909218,0.0709713845764384,0.11425901717909218,0.5931184602992199,0.6382436594452494,0.5931184602992199,0.6382436594452494,0.5931184602992199,0.6382436594452494,0.5931184602992199,0.6382436594452494,0.5931184602992199,0.6382436594452494,0.5931184602992199,0.6382436594452494
0.42,0.1101564897207733,0.42,0.42,0.69,0.0,0.69,0.69,0.6232863141380443,0.5490625204074311,0.6232863141380443,0.5490625204074311,0.6232863141380443,0.5490625204074311,0.25175024858273537,0.1592898629115226,0.25175024858273537,0.1592898629115226,0.25175024858273537,0.1592898629115226,0.6232863141380443,0.5490625204074311,0.6232863141380443,0.5490625204074311,0.6232863141380443,0.5490625204074311,0.6232863141380443,0.5490625204074311,0.6232863141380443,0.5490625204074311,0.6232863141380443,0.5490625204074311
0.61,0.2591185410334347,0.61,0.61,0.71,0.0,0.71,0.71,0.6424372077642564,0.44056080381629303,0.6424372077642564,0.44056080381629303,0.6424372077642564,0.44056080381629303,0.24971338058296005,-0.016483974967989548,0.24971338058296005,-0.016483974967989548,0.24971338058296005,-0.016483974967989548,0.6424372077642564,0.44056080381629303,0.6424372077642564,0.44056080381629303,0.6424372077642564,0.44056080381629303,0.6424372077642564,0.44056080381629303,0.6424372077642564,0.44056080381629303,0.6424372077642564,0.44056080381629303
0.57,0.2221418234442836,0.57,0.57,0.62,0.0,0.62,0.62,0.8088856361231248,0.5667790728703612,0.8088856361231248,0.5667790728703612,0.8088856361231248,0.5667790728703612,0.3720484003261989,0.15190285843871898,0.3720484003261989,0.15190285843871898,0.3720484003261989,0.15190285843871898,0.8088856361231248,0.5667790728703612,0.8088856361231248,0.5667790728703612,0.8088856361231248,0.5667790728703612,0.8088856361231248,0.5667790728703612,0.8088856361231248,0.5667790728703612,0.8088856361231248,0.5667790728703612
0.62,0.0124740124740125,0.62,0.62,0.54,0.0,0.54,0.54,0.5931349331278433,0.47848191315200805,0.5931349331278433,0.47848191315200805,0.5931349331278433,0.47848191315200805,-0.007604900694623815,-0.06986998773611947,-0.007604900694623815,-0.06986998773611947,-0.007604900694623815,-0.06986998773611947,0.5931349331278433,0.47848191315200805,0.5931349331278433,0.47848191315200805,0.5931349331278433,0.47848191315200805,0.5931349331278433,0.47848191315200805,0.5931349331278433,0.47848191315200805,0.5931349331278433,0.47848191315200805
0.54,0.0,0.54,0.54,0.46,0.0,0.46,0.46,0.5559517792144952,0.5224037953783525,0.5559517792144952,0.5224037953783525,0.5559517792144952,0.5224037953783525,-0.06389475496277927,0.04000079312259333,-0.06389475496277927,0.04000079312259333,-0.06389475496277927,0.04000079312259333,0.5559517792144952,0.5224037953783525,0.5559517792144952,0.5224037953783525,0.5559517792144952,0.5224037953783525,0.5559517792144952,0.5224037953783525,0.5559517792144952,0.5224037953783525,0.5559517792144952,0.5224037953783525
0.53,0.0,0.53,0.53,0.59,-0.0459183673469387,0.59,0.59,0.5645723242457958,0.6058453357973032,0.5645723242457958,0.6058453357973032,0.5645723242457958,0.6058453357973032,0.040772402814531754,0.04214675176057007,0.040772402814531754,0.04214675176057007,0.040772402814531754,0.04214675176057007,0.5645723242457958,0.6058453357973032,0.5645723242457958,0.6058453357973032,0.5645723242457958,0.6058453357973032,0.5645723242457958,0.6058453357973032,0.5645723242457958,0.6058453357973032,0.5645723242457958,0.6058453357973032
0.46,0.0,0.46,0.46,0.59,0.1008771929824561,0.59,0.59,0.5149610412362099,0.4590373694736115,0.5149610412362099,0.4590373694736115,0.5149610412362099,0.4590373694736115,0.05209486584476315,-0.007798147913997549,0.05209486584476315,-0.007798147913997549,0.05209486584476315,-0.007798147913997549,0.5149610412362099,0.4590373694736115,0.5149610412362099,0.4590373694736115,0.5149610412362099,0.4590373694736115,0.5149610412362099,0.4590373694736115,0.5149610412362099,0.4590373694736115,0.5149610412362099,0.4590373694736115
0.41,0.0,0.41,0.41,0.5,-0.0162601626016258,0.5,0.5,0.5490551182610192,0.5159954337626967,0.5490551182610192,0.5159954337626967,0.5490551182610192,0.5159954337626967,-0.005785780596594309,0.01184645718190213,-0.005785780596594309,0.01184645718190213,-0.005785780596594309,0.01184645718190213,0.5490551182610192,0.5159954337626967,0.5490551182610192,0.5159954337626967,0.5490551182610192,0.5159954337626967,0.5490551182610192,0.5159954337626967,0.5490551182610192,0.5159954337626967,0.5490551182610192,0.5159954337626967
0.36,0.0,0.36,0.36,0.45,-0.0895404120443739,0.45,0.45,0.6721531215562925,0.5967734311124161,0.6721531215562925,0.5967734311124161,0.6721531215562925,0.5967734311124161,-0.03515969702988472,0.050044645968645475,-0.03515969702988472,0.050044645968645475,-0.03515969702988472,0.050044645968645475,0.6721531215562925,0.5967734311124161,0.6721531215562925,0.5967734311124161,0.6721531215562925,0.5967734311124161,0.6721531215562925,0.5967734311124161,0.6721531215562925,0.5967734311124161,0.6721531215562925,0.5967734311124161
0.43,0.0,0.43,0.43,0.59,0.0,0.59,0.59,0.6567093107119927,0.5235870136543614,0.6567093107119927,0.5235870136543614,0.6567093107119927,0.5235870136543614,0.025190833380391464,-0.018510651736967858,0.025190833380391464,-0.018510651736967858,0.025190833380391464,-0.018510651736967858,0.6567093107119927,0.5235870136543614,0.6567093107119927,0.5235870136543614,0.6567093107119927,0.5235870136543614,0.6567093107119927,0.5235870136543614,0.6567093107119927,0.5235870136543614,0.6567093107119927,0.5235870136543614
0.39,0.0341988600379986,0.39,0.39,0.6,0.0,0.6,0.6,0.7392578447364229,0.5887479581123404,0.7392578447364229,0.5887479581123404,0.7392578447364229,0.5887479581123404,0.35396336638939596,0.06383317172040343,0.35396336638939596,0.06383317172040343,0.35396336638939596,0.06383317172040343,0.7392578447364229,0.5887479581123404,0.7392578447364229,0.5887479581123404,0.7392578447364229,0.5887479581123404,0.7392578447364229,0.5887479581123404,0.7392578447364229,0.5887479581123404,0.7392578447364229,0.5887479581123404
0.55,0.1134751773049645,0.55,0.55,0.54,0.0,0.54,0.54,0.5951548971682891,0.46889570945922093,0.5951548971682891,0.46889570945922093,0.5951548971682891,0.46889570945922093,0.27120947034352777,0.08260105949843792,0.27120947034352777,0.08260105949843792,0.27120947034352777,0.08260105949843792,0.5951548971682891,0.46889570945922093,0.5951548971682891,0.46889570945922093,0.5951548971682891,0.46889570945922093,0.5951548971682891,0.46889570945922093,0.5951548971682891,0.46889570945922093,0.5951548971682891,0.46889570945922093
0.46,0.0033222591362127,0.46,0.46,0.45,0.0,0.45,0.45,0.45654139153185475,0.523341405554505,0.45654139153185475,0.523341405554505,0.45654139153185475,0.523341405554505,0.3162579852173233,0.1709459911480603,0.3162579852173233,0.1709459911480603,0.3162579852173233,0.1709459911480603,0.45654139153185475,0.523341405554505,0.45654139153185475,0.523341405554505,0.45654139153185475,0.523341405554505,0.45654139153185475,0.523341405554505,0.45654139153185475,0.523341405554505,0.45654139153185475,0.523341405554505
0.53,0.0877329192546583,0.53,0.53,0.39,0.0,0.39,0.39,0.4634138574823579,0.4489154409943312,0.4634138574823579,0.4489154409943312,0.4634138574823579,0.4489154409943312,0.08570138935486885,0.027320325645273598,0.08570138935486885,0.027320325645273598,0.08570138935486885,0.027320325645273598,0.4634138574823579,0.4489154409943312,0.4634138574823579,0.4489154409943312,0.4634138574823579,0.4489154409943312,0.4634138574823579,0.4489154409943312,0.4634138574823579,0.4489154409943312,0.4634138574823579,0.4489154409943312
0.43,-0.051660516605166,0.43,0.43,0.4,0.0,0.4,0.4,0.4647758452699077,0.5275514887604132,0.4647758452699077,0.5275514887604132,0.4647758452699077,0.5275514887604132,-0.03217954311283199,0.055386478414909866,-0.03217954311283199,0.055386478414909866,-0.03217954311283199,0.055386478414909866,0.4647758452699077,0.5275514887604132,0.4647758452699077,0.5275514887604132,0.4647758452699077,0.5275514887604132,0.4647758452699077,0.5275514887604132,0.4647758452699077,0.5275514887604132,0.4647758452699077,0.5275514887604132
0.48,0.0,0.48,0.48,0.33,0.0,0.33,0.33,0.6291672392781152,0.6027679722754423,0.6291672392781152,0.6027679722754423,0.6291672392781152,0.6027679722754423,0.051308017097229805,0.13228830885612558,0.051308017097229805,0.13228830885612558,0.051308017097229805,0.13228830885612558,0.6291672392781152,0.6027679722754423,0.6291672392781152,0.6027679722754423,0.6291672392781152,0.6027679722754423,0.6291672392781152,0.6027679722754423,0.6291672392781152,0.6027679722754423,0.6291672392781152,0.6027679722754423
0.51,0.0,0.51,0.51,0.35,0.0,0.35,0.35,0.5288237286166252,0.5155909549542584,0.5288237286166252,0.5155909549542584,0.5288237286166252,0.5155909549542584,0.08604012983561656,0.04247424137571383,0.08604012983561656,0.04247424137571383,0.08604012983561656,0.04247424137571383,0.5288237286166252,0.5155909549542584,0.5288237286166252,0.5155909549542584,0.5288237286166252,0.5155909549542584,0.5288237286166252,0.5155909549542584,0.5288237286166252,0.5155909549542584,0.5288237286166252,0.5155909549542584
0.51,0.0,0.51,0.51,0.42,0.1101564897207733,0.42,0.42,0.42555920625700216,0.4593501471834023,0.42555920625700216,0.4593501471834023,0.42555920625700216,0.4593501471834023,0.020205751355290548,-0.055904176420803905,0.020205751355290548,-0.055904176420803905,0.020205751355290548,-0.055904176420803905,0.42555920625700216,0.4593501471834023,0.42555920625700216,0.4593501471834023,0.42555920625700216,0.4593501471834023,0.42555920625700216,0.4593501471834023,0.42555920625700216,0.4593501471834023,0.42555920625700216,0.4593501471834023
0.45,0.0,0.45,0.45,0.61,0.2591185410334347,0.61,0.61,0.4716254716821608,0.4420972706183027,0.4716254716821608,0.4420972706183027,0.4716254716821608,0.4420972706183027,0.02199385334618189,-0.09992319258764432,0.02199385334618189,-0.09992319258764432,0.02199385334618189,-0.09992319258764432,0.4716254716821608,0.4420972706183027,0.4716254716821608,0.4420972706183027,0.4716254716821608,0.4420972706183027,0.4716254716821608,0.4420972706183027,0.4716254716821608,0.4420972706183027,0.4716254716821608,0.4420972706183027
0.49,0.0,0.49,0.49,0.57,0.2221418234442836,0.57,0.57,0.4341981376577533,0.4333081754917124,0.4341981376577533,0.4333081754917124,0.4341981376577533,0.4333081754917124,0.014388168150683726,-0.07951422470888278,0.014388168150683726,-0.07951422470888278,0.014388168150683726,-0.07951422470888278,0.4341981376577533,0.4333081754917124,0.4341981376577533,0.4333081754917124,0.4341981376577533,0.4333081754917124,0.4341981376577533,0.4333081754917124,0.4341981376577533,0.4333081754917124,0.4341981376577533,0.4333081754917124
0.5,0.0,0.5,0.5,0.62,0.0124740124740125,0.62,0.62,0.44534535381069046,0.46434250330557086,0.44534535381069046,0.46434250330557086,0.44534535381069046,0.46434250330557086,0.01748912205851856,-0.06512964919079342,0.01748912205851856,-0.06512964919079342,0.01748912205851856,-0.06512964919079342,0.44534535381069046,0.46434250330557086,0.44534535381069046,0.46434250330557086,0.44534535381069046,0.46434250330557086,0.44534535381069046,0.46434250330557086,0.44534535381069046,0.46434250330557086,0.44534535381069046,0.46434250330557086
0.46,0.0,0.46,0.46,0.54,0.0,0.54,0.54,0.45545473275230636,0.5014692092704286,0.45545473275230636,0.5014692092704286,0.45545473275230636,0.5014692092704286,0.048075847637495575,0.005220521722154181,0.048075847637495575,0.005220521722154181,0.048075847637495575,0.005220521722154181,0.45545473275230636,0.5014692092704286,0.45545473275230636,0.5014692092704286,0.45545473275230636,0.5014692092704286,0.45545473275230636,0.5014692092704286,0.45545473275230636,0.5014692092704286,0.45545473275230636,0.5014692092704286
0.65,0.3295019157088122,0.65,0.65,0.53,0.0,0.53,0.53,0.42433177697077545,0.4847596289625691,0.42433177697077545,0.4847596289625691,0.42433177697077545,0.4847596289625691,0.1663332749933499,0.1417425656059172,0.1663332749933499,0.1417425656059172,0.1663332749933499,0.1417425656059172,0.42433177697077545,0.4847596289625691,0.42433177697077545,0.4847596289625691,0.42433177697077545,0.4847596289625691,0.42433177697077545,0.4847596289625691,0.42433177697077545,0.4847596289625691,0.42433177697077545,0.4847596289625691
0.56,0.2209631728045326,0.56,0.56,0.46,0.0,0.46,0.46,0.4683649059966428,0.4578881195888164,0.4683649059966428,0.4578881195888164,0.4683649059966428,0.4578881195888164,0.17391820013714665,0.25229037570933044,0.17391820013714665,0.25229037570933044,0.17391820013714665,0.25229037570933044,0.4683649059966428,0.4578881195888164,0.4683649059966428,0.4578881195888164,0.4683649059966428,0.4578881195888164,0.4683649059966428,0.4578881195888164,0.4683649059966428,0.4578881195888164,0.4683649059966428,0.4578881195888164
0.61,0.2867593269934163,0.61,0.61,0.41,0.0,0.41,0.41,0.4695371633915416,0.4829871597083933,0.4695371633915416,0.4829871597083933,0.4695371633915416,0.4829871597083933,0.16758730637478514,0.2989627272656086,0.16758730637478514,0.2989627272656086,0.16758730637478514,0.2989627272656086,0.4695371633915416,0.4829871597083933,0.4695371633915416,0.4829871597083933,0.4695371633915416,0.4829871597083933,0.4695371633915416,0.4829871597083933,0.4695371633915416,0.4829871597083933,0.4695371633915416,0.4829871597083933
0.64,0.2586490939044481,0.64,0.64,0.36,0.0,0.36,0.36,0.5049417108876598,0.543013745684846,0.5049417108876598,0.543013745684846,0.5049417108876598,0.543013745684846,0.14547679907632644,0.18850468628930747,0.14547679907632644,0.18850468628930747,0.14547679907632644,0.18850468628930747,0.5049417108876598,0.543013745684846,0.5049417108876598,0.543013745684846,0.5049417108876598,0.543013745684846,0.5049417108876598,0.543013745684846,0.5049417108876598,0.543013745684846,0.5049417108876598,0.543013745684846
0.58,0.0,0.58,0.58,0.43,0.0,0.43,0.43,0.5733437505675947,0.5782249229879387,0.5733437505675947,0.5782249229879387,0.5733437505675947,0.5782249229879387,-0.02091261440507029,0.06829193673280007,-0.02091261440507029,0.06829193673280007,-0.02091261440507029,0.06829193673280007,0.5733437505675947,0.5782249229879387,0.5733437505675947,0.5782249229879387,0.5733437505675947,0.5782249229879387,0.5733437505675947,0.5782249229879387,0.5733437505675947,0.5782249229879387,0.5733437505675947,0.5782249229879387
0.66,0.0,0.66,0.66,0.39,0.0341988600379986,0.39,0.39,0.5597709329277551,0.5388612831830004,0.5597709329277551,0.5388612831830004,0.5597709329277551,0.5388612831830004,-0.014315873425599097,0.007410289589516418,-0.014315873425599097,0.007410289589516418,-0.014315873425599097,0.007410289589516418,0.5597709329277551,0.5388612831830004,0.5597709329277551,0.5388612831830004,0.5597709329277551,0.5388612831830004,0.5597709329277551,0.5388612831830004,0.5597709329277551,0.5388612831830004,0.5597709329277551,0.5388612831830004
0.58,0.0,0.58,0.58,0.55,0.1134751773049645,0.55,0.55,0.5222664658689726,0.4790745376339836,0.5222664658689726,0.4790745376339836,0.5222664658689726,0.4790745376339836,-0.007467484286594459,-0.02009047625874367,-0.007467484286594459,-0.02009047625874367,-0.007467484286594459,-0.02009047625874367,0.5222664658689726,0.4790745376339836,0.5222664658689726,0.4790745376339836,0.5222664658689726,0.4790745376339836,0.5222664658689726,0.4790745376339836,0.5222664658689726,0.4790745376339836,0.5222664658689726,0.4790745376339836
0.56,0.0,0.56,0.56,0.46,0.0033222591362127,0.46,0.46,0.47224773159734373,0.42512289867405123,0.47224773159734373,0.42512289867405123,0.47224773159734373,0.42512289867405123,-0.022236213750495448,-0.03570887556866111,-0.022236213750495448,-0.03570887556866111,-0.022236213750495448,-0.03570887556866111,0.47224773159734373,0.42512289867405123,0.47224773159734373,0.42512289867405123,0.47224773159734373,0.42512289867405123,0.47224773159734373,0.42512289867405123,0.47224773159734373,0.42512289867405123,0.47224773159734373,0.42512289867405123
0.44,0.0,0.44,0.44,0.53,0.0877329192546583,0.53,0.53,0.3931059315838116,0.3607599832080248,0.3931059315838116,0.3607599832080248,0.3931059315838116,0.3607599832080248,-0.03283632203633005,-0.06250348151231094,-0.03283632203633005,-0.06250348151231094,-0.03283632203633005,-0.06250348151231094,0.3931059315838116,0.3607599832080248,0.3931059315838116,0.3607599832080248,0.3931059315838116,0.3607599832080248,0.3931059315838116,0.3607599832080248,0.3931059315838116,0.3607599832080248,0.3931059315838116,0.3607599832080248
0.39,0.0,0.39,0.39,0.43,-0.051660516605166,0.43,0.43,0.4117126691841652,0.39432917623910374,0.4117126691841652,0.39432917623910374,0.4117126691841652,0.39432917623910374,0.014917802133968516,-0.002711056002762601,0.014917802133968516,-0.002711056002762601,0.014917802133968516,-0.002711056002762601,0.4117126691841652,0.39432917623910374,0.4117126691841652,0.39432917623910374,0.4117126691841652,0.39432917623910374,0.4117126691841652,0.39432917623910374,0.4117126691841652,0.39432917623910374,0.4117126691841652,0.39432917623910374
0.45,0.0,0.45,0.45,0.48,0.0,0.48,0.48,0.3965204764381305,0.42099876010479204,0.3965204764381305,0.42099876010479204,0.3965204764381305,0.42099876010479204,0.014193612633237004,-0.0033010928405464066,0.014193612633237004,-0.0033010928405464066,0.014193612633237004,-0.0033010928405464066,0.3965204764381305,0.42099876010479204,0.3965204764381305,0.42099876010479204,0.3965204764381305,0.42099876010479204,0.3965204764381305,0.42099876010479204,0.3965204764381305,0.42099876010479204,0.3965204764381305,0.42099876010479204
0.56,0.2086330935251797,0.56,0.56,0.51,0.0,0.51,0.51,0.4378002985422731,0.4356609443631775,0.4378002985422731,0.4356609443631775,0.4378002985422731,0.4356609443631775,0.17983285379262606,0.17767357979160844,0.17983285379262606,0.17767357979160844,0.17983285379262606,0.17767357979160844,0.4378002985422731,0.4356609443631775,0.4378002985422731,0.4356609443631775,0.4378002985422731,0.4356609443631775,0.4378002985422731,0.4356609443631775,0.4378002985422731,0.4356609443631775,0.4378002985422731,0.4356609443631775
0.53,0.117205108940646,0.53,0.53,0.51,0.0,0.51,0.51,0.5112732688162344,0.5242357743410762,0.5112732688162344,0.5242357743410762,0.5112732688162344,0.5242357743410762,0.06557176993981692,0.23893844728813207,0.06557176993981692,0.23893844728813207,0.06557176993981692,0.23893844728813207,0.5112732688162344,0.5242357743410762,0.5112732688162344,0.5242357743410762,0.5112732688162344,0.5242357743410762,0.5112732688162344,0.5242357743410762,0.5112732688162344,0.5242357743410762,0.5112732688162344,0.5242357743410762
0.53,0.117205108940646,0.53,0.53,0.45,0.0,0.45,0.45,0.5076035862004333,0.5099781531177144,0.5076035862004333,0.5099781531177144,0.5076035862004333,0.5099781531177144,0.07578480745491865,0.37657311476721733,0.07578480745491865,0.37657311476721733,0.07578480745491865,0.37657311476721733,0.5076035862004333,0.5099781531177144,0.5076035862004333,0.5099781531177144,0.5076035862004333,0.5099781531177144,0.5076035862004333,0.5099781531177144,0.5076035862004333,0.5099781531177144,0.5076035862004333,0.5099781531177144
0.46,-0.0305343511450379,0.46,0.46,0.49,0.0,0.49,0.49,0.5078813648925621,0.47524020287110363,0.5078813648925621,0.47524020287110363,0.5078813648925621,0.47524020287110363,0.05063179744425617,0.15303580250266277,0.05063179744425617,0.15303580250266277,0.05063179744425617,0.15303580250266277,0.5078813648925621,0.47524020287110363,0.5078813648925621,0.47524020287110363,0.5078813648925621,0.47524020287110363,0.5078813648925621,0.47524020287110363,0.5078813648925621,0.47524020287110363,0.5078813648925621,0.47524020287110363
0.5,0.0,0.5,0.5,0.5,0.0,0.5,0.5,0.5120868008646956,0.5401907336583844,0.5120868008646956,0.5401907336583844,0.5120868008646956,0.5401907336583844,0.01708301800855816,0.03893523610188494,0.01708301800855816,0.03893523610188494,0.01708301800855816,0.03893523610188494,0.5120868008646956,0.5401907336583844,0.5120868008646956,0.5401907336583844,0.5120868008646956,0.5401907336583844,0.5120868008646956,0.5401907336583844,0.5120868008646956,0.5401907336583844,0.5120868008646956,0.5401907336583844
0.63,0.0,0.63,0.63,0.46,0.0,0.46,0.46,0.460181174518363,0.4957794928619633,0.460181174518363,0.4957794928619633,0.460181174518363,0.4957794928619633,-0.017231495399131297,0.03994524025460542,-0.017231495399131297,0.03994524025460542,-0.017231495399131297,0.03994524025460542,0.460181174518363,0.4957794928619633,0.460181174518363,0.4957794928619633,0.460181174518363,0.4957794928619633,0.460181174518363,0.4957794928619633,0.460181174518363,0.4957794928619633,0.460181174518363,0.4957794928619633
0.53,0.0,0.53,0.53,0.65,0.3295019157088122,0.65,0.65,0.45747909905943024,0.4305537693943472,0.45747909905943024,0.4305537693943472,0.45747909905943024,0.4305537693943472,0.01935275878031814,-0.02492256271333741,0.01935275878031814,-0.02492256271333741,0.01935275878031814,-0.02492256271333741,0.45747909905943024,0.4305537693943472,0.45747909905943024,0.4305537693943472,0.45747909905943024,0.4305537693943472,0.45747909905943024,0.4305537693943472,0.45747909905943024,0.4305537693943472,0.45747909905943024,0.4305537693943472
0.49,0.0,0.49,0.49,0.56,0.2209631728045326,0.56,0.56,0.48726686563848076,0.4070773257084969,0.48726686563848076,0.4070773257084969,0.48726686563848076,0.4070773257084969,-0.035964491862972715,-0.060589259568493294,-0.035964491862972715,-0.060589259568493294,-0.035964491862972715,-0.060589259568493294,0.48726686563848076,0.4070773257084969,0.48726686563848076,0.4070773257084969,0.48726686563848076,0.4070773257084969,0.48726686563848076,0.4070773257084969,0.48726686563848076,0.4070773257084969,0.48726686563848076,0.4070773257084969
0.4,0.0,0.4,0.4,0.61,0.2867593269934163,0.61,0.61,0.4093116397143821,0.3746064245514905,0.4093116397143821,0.3746064245514905,0.4093116397143821,0.3746064245514905,-0.05474622976928462,-0.08207549556248614,-0.05474622976928462,-0.08207549556248614,-0.05474622976928462,-0.08207549556248614,0.4093116397143821,0.3746064245514905,0.4093116397143821,0.3746064245514905,0.4093116397143821,0.3746064245514905,0.4093116397143821,0.3746064245514905,0.4093116397143821,0.3746064245514905,0.4093116397143821,0.3746064245514905
0.41,0.0,0.41,0.41,0.64,0.2586490939044481,0.64,0.64,0.4733469873849147,0.44535297180038236,0.4733469873849147,0.44535297180038236,0.4733469873849147,0.44535297180038236,-0.045630086175303584,-0.10322233638068665,-0.045630086175303584,-0.10322233638068665,-0.045630086175303584,-0.10322233638068665,0.4733469873849147,0.44535297180038236,0.4733469873849147,0.44535297180038236,0.4733469873849147,0.44535297180038236,0.4733469873849147,0.44535297180038236,0.4733469873849147,0.44535297180038236,0.4733469873849147,0.44535297180038236
0.37,0.0,0.37,0.37,0.58,0.0,0.58,0.58,0.43561220099164205,0.4104864663061886,0.43561220099164205,0.4104864663061886,0.43561220099164205,0.4104864663061886,-0.006530776899540446,0.007660432975245712,-0.006530776899540446,0.007660432975245712,-0.006530776899540446,0.007660432975245712,0.43561220099164205,0.4104864663061886,0.43561220099164205,0.4104864663061886,0.43561220099164205,0.4104864663061886,0.43561220099164205,0.4104864663061886,0.43561220099164205,0.4104864663061886,0.43561220099164205,0.4104864663061886
0.5,0.1832734400522705,0.5,0.5,0.66,0.0,0.66,0.66,0.4659852064475702,0.4162853253625712,0.4659852064475702,0.4162853253625712,0.4659852064475702,0.4162853253625712,0.3277273529795633,0.21392090967210756,0.3277273529795633,0.21392090967210756,0.3277273529795633,0.21392090967210756,0.4659852064475702,0.4162853253625712,0.4659852064475702,0.4162853253625712,0.4659852064475702,0.4162853253625712,0.4659852064475702,0.4162853253625712,0.4659852064475702,0.4162853253625712,0.4659852064475702,0.4162853253625712
0.57,0.1843702579666161,0.57,0.57,0.58,0.0,0.58,0.58,0.5156885187012604,0.5166261362002571,0.5156885187012604,0.5166261362002571,0.5156885187012604,0.5166261362002571,0.13663728623169213,0.1879712359876312,0.13663728623169213,0.1879712359876312,0.13663728623169213,0.1879712359876312,0.5156885187012604,0.5166261362002571,0.5156885187012604,0.5166261362002571,0.5156885187012604,0.5166261362002571,0.5156885187012604,0.5166261362002571,0.5156885187012604,0.5166261362002571,0.5156885187012604,0.5166261362002571
0.62,0.2551940415523324,0.62,0.62,0.56,0.0,0.56,0.56,0.45384246108935666,0.4982562152581431,0.45384246108935666,0.4982562152581431,0.45384246108935666,0.4982562152581431,0.222782410279549,0.2610722675554629,0.222782410279549,0.2610722675554629,0.222782410279549,0.2610722675554629,0.45384246108935666,0.4982562152581431,0.45384246108935666,0.4982562152581431,0.45384246108935666,0.4982562152581431,0.45384246108935666,0.4982562152581431,0.45384246108935666,0.4982562152581431,0.45384246108935666,0.4982562152581431
0.56,0.1365777080062793,0.56,0.56,0.44,0.0,0.44,0.44,0.4548571558251965,0.4400183325305485,0.4548571558251965,0.4400183325305485,0.4548571558251965,0.4400183325305485,0.09161764093557825,0.05767081695740754,0.09161764093557825,0.05767081695740754,0.09161764093557825,0.05767081695740754,0.4548571558251965,0.4400183325305485,0.4548571558251965,0.4400183325305485,0.4548571558251965,0.4400183325305485,0.4548571558251965,0.4400183325305485,0.4548571558251965,0.4400183325305485,0.4548571558251965,0.4400183325305485
0.52,0.0,0.52,0.52,0.39,0.0,0.39,0.39,0.4548302380095012,0.4039402407174634,0.4548302380095012,0.4039402407174634,0.4548302380095012,0.4039402407174634,-0.06917795009917704,-0.08873434022950122,-0.06917795009917704,-0.08873434022950122,-0.06917795009917704,-0.08873434022950122,0.4548302380095012,0.4039402407174634,0.4548302380095012,0.4039402407174634,0.4548302380095012,0.4039402407174634,0.4548302380095012,0.4039402407174634,0.4548302380095012,0.4039402407174634,0.4548302380095012,0.4039402407174634
0.39,0.0,0.39,0.39,0.45,0.0,0.45,0.45,0.46199791497175785,0.4300416013546079,0.46199791497175785,0.4300416013546079,0.46199791497175785,0.4300416013546079,-0.004963650279687171,-0.037955338641079445,-0.004963650279687171,-0.037955338641079445,-0.004963650279687171,-0.037955338641079445,0.46199791497175785,0.4300416013546079,0.46199791497175785,0.4300416013546079,0.46199791497175785,0.4300416013546079,0.46199791497175785,0.4300416013546079,0.46199791497175785,0.4300416013546079,0.46199791497175785,0.4300416013546079
0.31,0.0,0.31,0.31,0.56,0.2086330935251797,0.56,0.56,0.44063252935339486,0.3975038554271823,0.44063252935339486,0.3975038554271823,0.44063252935339486,0.3975038554271823,0.00791431421523139,-0.05706344795946171,0.00791431421523139,-0.05706344795946171,0.00791431421523139,-0.05706344795946171,0.44063252935339486,0.3975038554271823,0.44063252935339486,0.3975038554271823,0.44063252935339486,0.3975038554271823,0.44063252935339486,0.3975038554271823,0.44063252935339486,0.3975038554271823,0.44063252935339486,0.3975038554271823
0.46,0.0,0.46,0.46,0.53,0.117205108940646,0.53,0.53,0.44807233811975267,0.4283190444016651,0.44807233811975267,0.4283190444016651,0.44807233811975267,0.4283190444016651,0.020473991719994165,-0.028521206325780354,0.020473991719994165,-0.028521206325780354,0.020473991719994165,-0.028521206325780354,0.44807233811975267,0.4283190444016651,0.44807233811975267,0.4283190444016651,0.44807233811975267,0.4283190444016651,0.44807233811975267,0.4283190444016651,0.44807233811975267,0.4283190444016651,0.44807233811975267,0.4283190444016651
0.47,0.0,0.47,0.47,0.53,0.117205108940646,0.53,0.53,0.4636610254541736,0.48915640066609434,0.4636610254541736,0.48915640066609434,0.4636610254541736,0.48915640066609434,0.027377964522310533,0.043820444378127286,0.027377964522310533,0.043820444378127286,0.027377964522310533,0.043820444378127286,0.4636610254541736,0.48915640066609434,0.4636610254541736,0.48915640066609434,0.4636610254541736,0.48915640066609434,0.4636610254541736,0.48915640066609434,0.4636610254541736,0.48915640066609434,0.4636610254541736,0.48915640066609434
0.61,0.0,0.61,0.61,0.46,-0.0305343511450379,0.46,0.46,0.5286635219405735,0.5059292505674144,0.5286635219405735,0.5059292505674144,0.5286635219405735,0.5059292505674144,-0.03066551730368382,0.024060137293967596,-0.03066551730368382,0.024060137293967596,-0.03066551730368382,0.024060137293967596,0.5286635219405735,0.5059292505674144,0.5286635219405735,0.5059292505674144,0.5286635219405735,0.5059292505674144,0.5286635219405735,0.5059292505674144,0.5286635219405735,0.5059292505674144,0.5286635219405735,0.5059292505674144
0.67,0.0,0.67,0.67,0.5,0.0,0.5,0.5,0.47028200798220327,0.481810593430111,0.47028200798220327,0.481810593430111,0.47028200798220327,0.481810593430111,0.010119644188175951,0.07653252505846031,0.010119644188175951,0.07653252505846031,0.010119644188175951,0.07653252505846031,0.47028200798220327,0.481810593430111,0.47028200798220327,0.481810593430111,0.47028200798220327,0.481810593430111,0.47028200798220327,0.481810593430111,0.47028200798220327,0.481810593430111,0.47028200798220327,0.481810593430111
0.63,-0.1576971214017521,0.63,0.63,0.63,0.0,0.63,0.63,0.4978997308816601,0.48384417570787336,0.4978997308816601,0.48384417570787336,0.4978997308816601,0.48384417570787336,-0.01260409806476581,-0.0124724582346239,-0.01260409806476581,-0.0124724582346239,-0.01260409806476581,-0.0124724582346239,0.4978997308816601,0.48384417570787336,0.4978997308816601,0.48384417570787336,0.4978997308816601,0.48384417570787336,0.4978997308816601,0.48384417570787336,0.4978997308816601,0.48384417570787336,0.4978997308816601,0.48384417570787336
0.54,-0.1575239053850023,0.54,0.54,0.53,0.0,0.53,0.53,0.5541636625209234,0.5688237985598115,0.5541636625209234,0.5688237985598115,0.5541636625209234,0.5688237985598115,0.04653993592038371,0.2862661800280964,0.04653993592038371,0.2862661800280964,0.04653993592038371,0.2862661800280964,0.5541636625209234,0.5688237985598115,0.5541636625209234,0.5688237985598115,0.5541636625209234,0.5688237985598115,0.5541636625209234,0.5688237985598115,0.5541636625209234,0.5688237985598115,0.5541636625209234,0.5688237985598115
0.4,-0.3315579227696403,0.4,0.4,0.49,0.0,0.49,0.49,0.5610947315995861,0.6079999087713289,0.5610947315995861,0.6079999087713289,0.5610947315995861,0.6079999087713289,0.059415553897695275,0.26917230720554314,0.059415553897695275,0.26917230720554314,0.059415553897695275,0.26917230720554314,0.5610947315995861,0.6079999087713289,0.5610947315995861,0.6079999087713289,0.5610947315995861,0.6079999087713289,0.5610947315995861,0.6079999087713289,0.5610947315995861,0.6079999087713289,0.5610947315995861,0.6079999087713289
0.39,-0.3424295774647887,0.39,0.39,0.4,0.0,0.4,0.4,0.5281073972440186,0.5250439527091442,0.5281073972440186,0.5250439527091442,0.5281073972440186,0.5250439527091442,0.0930972509202791,0.2681448689390744,0.0930972509202791,0.2681448689390744,0.0930972509202791,0.2681448689390744,0.5281073972440186,0.5250439527091442,0.5281073972440186,0.5250439527091442,0.5281073972440186,0.5250439527091442,0.5281073972440186,0.5250439527091442,0.5281073972440186,0.5250439527091442,0.5281073972440186,0.5250439527091442
0.37,-0.0402906208718625,0.37,0.37,0.41,0.0,0.41,0.41,0.5063138575859839,0.48200602985006624,0.5063138575859839,0.48200602985006624,0.5063138575859839,0.48200602985006624,-0.018024830442150606,-0.05370879004018733,-0.018024830442150606,-0.05370879004018733,-0.018024830442150606,-0.05370879004018733,0.5063138575859839,0.48200602985006624,0.5063138575859839,0.48200602985006624,0.5063138575859839,0.48200602985006624,0.5063138575859839,0.48200602985006624,0.5063138575859839,0.48200602985006624,0.5063138575859839,0.48200602985006624
0.37,0.0,0.37,0.37,0.37,0.0,0.37,0.37,0.46730763103159306,0.46299911714337266,0.46730763103159306,0.46299911714337266,0.46730763103159306,0.46299911714337266,0.01977555828802026,-0.03211017479184075,0.01977555828802026,-0.03211017479184075,0.01977555828802026,-0.03211017479184075,0.46730763103159306,0.46299911714337266,0.46730763103159306,0.46299911714337266,0.46730763103159306,0.46299911714337266,0.46730763103159306,0.46299911714337266,0.46730763103159306,0.46299911714337266,0.46730763103159306,0.46299911714337266
0.3,0.0,0.3,0.3,0.5,0.1832734400522705,0.5,0.5,0.4981233060481266,0.4938103867065325,0.4981233060481266,0.4938103867065325,0.4981233060481266,0.4938103867065325,0.05150785503152875,0.061012747183169035,0.05150785503152875,0.061012747183169035,0.05150785503152875,0.061012747183169035,0.4981233060481266,0.4938103867065325,0.4981233060481266,0.4938103867065325,0.4981233060481266,0.4938103867065325,0.4981233060481266,0.4938103867065325,0.4981233060481266,0.4938103867065325,0.4981233060481266,0.4938103867065325
0.37,0.0,0.37,0.37,0.57,0.1843702579666161,0.57,0.57,0.43799931963772626,0.4077799678825931,0.43799931963772626,0.4077799678825931,0.43799931963772626,0.4077799678825931,0.0399348403061382,0.03439288384234444,0.0399348403061382,0.03439288384234444,0.0399348403061382,0.03439288384234444,0.43799931963772626,0.4077799678825931,0.43799931963772626,0.4077799678825931,0.43799931963772626,0.4077799678825931,0.43799931963772626,0.4077799678825931,0.43799931963772626,0.4077799678825931,0.43799931963772626,0.4077799678825931
0.53,0.0,0.53,0.53,0.62,0.2551940415523324,0.62,0.62,0.4661154005198943,0.4815114385047187,0.4661154005198943,0.4815114385047187,0.4661154005198943,0.4815114385047187,0.04253506973271392,0.09323374478367427,0.04253506973271392,0.09323374478367427,0.04253506973271392,0.09323374478367427,0.4661154005198943,0.4815114385047187,0.4661154005198943,0.4815114385047187,0.4661154005198943,0.4815114385047187,0.4661154005198943,0.4815114385047187,0.4661154005198943,0.4815114385047187,0.4661154005198943,0.4815114385047187
0.72,0.0,0.72,0.72,0.56,0.1365777080062793,0.56,0.56,0.5013946069974864,0.47550172522798984,0.5013946069974864,0.47550172522798984,0.5013946069974864,0.47550172522798984,0.0148987124848763,0.03325042236576029,0.0148987124848763,0.03325042236576029,0.0148987124848763,0.03325042236576029,0.5013946069974864,0.47550172522798984,0.5013946069974864,0.47550172522798984,0.5013946069974864,0.47550172522798984,0.5013946069974864,0.47550172522798984,0.5013946069974864,0.47550172522798984,0.5013946069974864,0.47550172522798984
0.68,0.0,0.68,0.68,0.52,0.0,0.52,0.52,0.4569684393775884,0.46962080458607797,0.4569684393775884,0.46962080458607797,0.4569684393775884,0.46962080458607797,0.04833724127177818,0.06979202676107132,0.04833724127177818,0.06979202676107132,0.04833724127177818,0.06979202676107132,0.4569684393775884,0.46962080458607797,0.4569684393775884,0.46962080458607797,0.4569684393775884,0.46962080458607797,0.4569684393775884,0.46962080458607797,0.4569684393775884,0.46962080458607797,0.4569684393775884,0.46962080458607797
0.68,0.1644908616187989,0.68,0.68,0.39,0.0,0.39,0.39,0.42284183765039307,0.4273169539631956,0.42284183765039307,0.4273169539631956,0.42284183765039307,0.4273169539631956,0.1569363513112137,0.020033000045671396,0.1569363513112137,0.020033000045671396,0.1569363513112137,0.020033000045671396,0.42284183765039307,0.4273169539631956,0.42284183765039307,0.4273169539631956,0.42284183765039307,0.4273169539631956,0.42284183765039307,0.4273169539631956,0.42284183765039307,0.4273169539631956,0.42284183765039307,0.4273169539631956
0.69,0.4338933528122718,0.69,0.69,0.31,0.0,0.31,0.31,0.4992312224038886,0.5294582879146036,0.4992312224038886,0.5294582879146036,0.4992312224038886,0.5294582879146036,0.4632996151039536,0.3649389985338229,0.4632996151039536,0.3649389985338229,0.4632996151039536,0.3649389985338229,0.4992312224038886,0.5294582879146036,0.4992312224038886,0.5294582879146036,0.4992312224038886,0.5294582879146036,0.4992312224038886,0.5294582879146036,0.4992312224038886,0.5294582879146036,0.4992312224038886,0.5294582879146036
0.8,0.6079968639749118,0.8,0.8,0.46,0.0,0.46,0.46,0.4965106303675862,0.5025423677317251,0.4965106303675862,0.5025423677317251,0.4965106303675862,0.5025423677317251,0.4991107235517387,0.38690054095474397,0.4991107235517387,0.38690054095474397,0.4991107235517387,0.38690054095474397,0.4965106303675862,0.5025423677317251,0.4965106303675862,0.5025423677317251,0.4965106303675862,0.5025423677317251,0.4965106303675862,0.5025423677317251,0.4965106303675862,0.5025423677317251,0.4965106303675862,0.5025423677317251
0.87,0.7327302631578947,0.87,0.87,0.47,0.0,0.47,0.47,0.517557800756291,0.5404861553556668,0.517557800756291,0.5404861553556668,0.517557800756291,0.5404861553556668,0.5428858396405337,0.31259042227961636,0.5428858396405337,0.31259042227961636,0.5428858396405337,0.31259042227961636,0.517557800756291,0.5404861553556668,0.517557800756291,0.5404861553556668,0.517557800756291,0.5404861553556668,0.517557800756291,0.5404861553556668,0.517557800756291,0.5404861553556668,0.517557800756291,0.5404861553556668
0.68,0.2307692307692306,0.68,0.68,0.61,0.0,0.61,0.61,0.5101521778007723,0.5174462671338398,0.5101521778007723,0.5174462671338398,0.5101521778007723,0.5174462671338398,0.377484860367978,0.07653849714285699,0.377484860367978,0.07653849714285699,0.377484860367978,0.07653849714285699,0.5101521778007723,0.5174462671338398,0.5101521778007723,0.5174462671338398,0.5101521778007723,0.5174462671338398,0.5101521778007723,0.5174462671338398,0.5101521778007723,0.5174462671338398,0.5101521778007723,0.5174462671338398
0.57,0.0,0.57,0.57,0.67,0.0,0.67,0.67,0.41897624006575096,0.4279586581691789,0.41897624006575096,0.4279586581691789,0.41897624006575096,0.4279586581691789,-0.05855053460670728,-0.07254970883710946,-0.05855053460670728,-0.07254970883710946,-0.05855053460670728,-0.07254970883710946,0.41897624006575096,0.4279586581691789,0.41897624006575096,0.4279586581691789,0.41897624006575096,0.4279586581691789,0.41897624006575096,0.4279586581691789,0.41897624006575096,0.4279586581691789,0.41897624006575096,0.4279586581691789
0.39,0.0,0.39,0.39,0.63,-0.1576971214017521,0.63,0.63,0.4697634071767832,0.45492084070237787,0.4697634071767832,0.45492084070237787,0.4697634071767832,0.45492084070237787,-0.03261350658169698,-0.04910984321206742,-0.03261350658169698,-0.04910984321206742,-0.03261350658169698,-0.04910984321206742,0.4697634071767832,0.45492084070237787,0.4697634071767832,0.45492084070237787,0.4697634071767832,0.45492084070237787,0.4697634071767832,0.45492084070237787,0.4697634071767832,0.45492084070237787,0.4697634071767832,0.45492084070237787
0.32,0.0,0.32,0.32,0.54,-0.1575239053850023,0.54,0.54,0.4316668487854463,0.41130066956747224,0.4316668487854463,0.41130066956747224,0.4316668487854463,0.41130066956747224,-0.04249917132369914,-0.004928955166324374,-0.04249917132369914,-0.004928955166324374,-0.04249917132369914,-0.004928955166324374,0.4316668487854463,0.41130066956747224,0.4316668487854463,0.41130066956747224,0.4316668487854463,0.41130066956747224,0.4316668487854463,0.41130066956747224,0.4316668487854463,0.41130066956747224,0.4316668487854463,0.41130066956747224
0.27,0.0,0.27,0.27,0.4,-0.3315579227696403,0.4,0.4,0.42204440291743733,0.4183165694520103,0.42204440291743733,0.4183165694520103,0.42204440291743733,0.4183165694520103,0.02202173866816684,-0.07104910203218574,0.02202173866816684,-0.07104910203218574,0.02202173866816684,-0.07104910203218574,0.42204440291743733,0.4183165694520103,0.42204440291743733,0.4183165694520103,0.42204440291743733,0.4183165694520103,0.42204440291743733,0.4183165694520103,0.42204440291743733,0.4183165694520103,0.42204440291743733,0.4183165694520103
0.49,0.0,0.49,0.49,0.39,-0.3424295774647887,0.39,0.39,0.4349967509480735,0.43119535239379964,0.4349967509480735,0.43119535239379964,0.4349967509480735,0.43119535239379964,0.03595850478309071,-0.04812512621020887,0.03595850478309071,-0.04812512621020887,0.03595850478309071,-0.04812512621020887,0.4349967509480735,0.43119535239379964,0.4349967509480735,0.43119535239379964,0.4349967509480735,0.43119535239379964,0.4349967509480735,0.43119535239379964,0.4349967509480735,0.43119535239379964,0.4349967509480735,0.43119535239379964
0.59,0.0,0.59,0.59,0.37,-0.0402906208718625,0.37,0.37,0.4784531001065732,0.48516767503043723,0.4784531001065732,0.48516767503043723,0.4784531001065732,0.48516767503043723,0.05659579525448354,0.00992085984098437,0.05659579525448354,0.00992085984098437,0.05659579525448354,0.00992085984098437,0.4784531001065732,0.48516767503043723,0.4784531001065732,0.48516767503043723,0.4784531001065732,0.48516767503043723,0.4784531001065732,0.48516767503043723,0.4784531001065732,0.48516767503043723,0.4784531001065732,0.48516767503043723
0.65,0.0,0.65,0.65,0.37,0.0,0.37,0.37,0.4805329899734284,0.501015652586625,0.4805329899734284,0.501015652586625,0.4805329899734284,0.501015652586625,0.0019262543313139475,-0.013368356015131193,0.0019262543313139475,-0.013368356015131193,0.0019262543313139475,-0.013368356015131193,0.4805329899734284,0.501015652586625,0.4805329899734284,0.501015652586625,0.4805329899734284,0.501015652586625,0.4805329899734284,0.501015652586625,0.4805329899734284,0.501015652586625,0.4805329899734284,0.501015652586625
0.62,0.2122719734660032,0.62,0.62,0.3,0.0,0.3,0.3,0.426959943178292,0.4249139105836872,0.426959943178292,0.4249139105836872,0.426959943178292,0.4249139105836872,-0.02506549289804411,0.0879279431302212,-0.02506549289804411,0.0879279431302212,-0.02506549289804411,0.0879279431302212,0.426959943178292,0.4249139105836872,0.426959943178292,0.4249139105836872,0.426959943178292,0.4249139105836872,0.426959943178292,0.4249139105836872,0.426959943178292,0.4249139105836872,0.426959943178292,0.4249139105836872
0.53,0.0926640926640925,0.53,0.53,0.37,0.0,0.37,0.37,0.457899108153568,0.4941802632635115,0.457899108153568,0.4941802632635115,0.457899108153568,0.4941802632635115,0.02102081126435602,0.254207071318677,0.02102081126435602,0.254207071318677,0.02102081126435602,0.254207071318677,0.457899108153568,0.4941802632635115,0.457899108153568,0.4941802632635115,0.457899108153568,0.4941802632635115,0.457899108153568,0.4941802632635115,0.457899108153568,0.4941802632635115,0.457899108153568,0.4941802632635115
0.56,0.1324921135646687,0.56,0.56,0.53,0.0,0.53,0.53,0.4927458058360458,0.5020866475816018,0.4927458058360458,0.5020866475816018,0.4927458058360458,0.5020866475816018,0.08907585856970354,0.3571137783985851,0.08907585856970354,0.3571137783985851,0.08907585856970354,0.3571137783985851,0.4927458058360458,0.5020866475816018,0.4927458058360458,0.5020866475816018,0.4927458058360458,0.5020866475816018,0.4927458058360458,0.5020866475816018,0.4927458058360458,0.5020866475816018,0.4927458058360458,0.5020866475816018
0.51,-0.0242474916387958,0.51,0.51,0.72,0.0,0.72,0.72,0.5617134389639694,0.5145202428307568,0.5617134389639694,0.5145202428307568,0.5617134389639694,0.5145202428307568,0.006183789984949109,0.014953389756996449,0.006183789984949109,0.014953389756996449,0.006183789984949109,0.014953389756996449,0.5617134389639694,0.5145202428307568,0.5617134389639694,0.5145202428307568,0.5617134389639694,0.5145202428307568,0.5617134389639694,0.5145202428307568,0.5617134389639694,0.5145202428307568,0.5617134389639694,0.5145202428307568
0.5,0.0,0.5,0.5,0.68,0.0,0.68,0.68,0.5543134761749743,0.5116957320988588,0.5543134761749743,0.5116957320988588,0.5543134761749743,0.5116957320988588,0.01056434538140937,-0.0016743410861061775,0.01056434538140937,-0.0016743410861061775,0.01056434538140937,-0.0016743410861061775,0.5543134761749743,0.5116957320988588,0.5543134761749743,0.5116957320988588,0.5543134761749743,0.5116957320988588,0.5543134761749743,0.5116957320988588,0.5543134761749743,0.5116957320988588,0.5543134761749743,0.5116957320988588
0.56,0.0,0.56,0.56,0.68,0.1644908616187989,0.68,0.68,0.4923688250029038,0.4903908817375988,0.4923688250029038,0.4903908817375988,0.4923688250029038,0.4903908817375988,-0.05199886050129074,-0.01049188280366425,-0.05199886050129074,-0.01049188280366425,-0.05199886050129074,-0.01049188280366425,0.4923688250029038,0.4903908817375988,0.4923688250029038,0.4903908817375988,0.4923688250029038,0.4903908817375988,0.4923688250029038,0.4903908817375988,0.4923688250029038,0.4903908817375988,0.4923688250029038,0.4903908817375988
0.5,0.0,0.5,0.5,0.69,0.4338933528122718,0.69,0.69,0.4720476456934701,0.42444805974774097,0.4720476456934701,0.42444805974774097,0.4720476456934701,0.42444805974774097,-0.06609946640922429,-0.024104037261583073,-0.06609946640922429,-0.024104037261583073,-0.06609946640922429,-0.024104037261583073,0.4720476456934701,0.42444805974774097,0.4720476456934701,0.42444805974774097,0.4720476456934701,0.42444805974774097,0.4720476456934701,0.42444805974774097,0.4720476456934701,0.42444805974774097,0.4720476456934701,0.42444805974774097
0.52,0.0,0.52,0.52,0.8,0.6079968639749118,0.8,0.8,0.46578167390350855,0.46295747779391466,0.46578167390350855,0.46295747779391466,0.46578167390350855,0.46295747779391466,-0.038758574401599834,-0.06672063532760578,-0.038758574401599834,-0.06672063532760578,-0.038758574401599834,-0.06672063532760578,0.46578167390350855,0.46295747779391466,0.46578167390350855,0.46295747779391466,0.46578167390350855,0.46295747779391466,0.46578167390350855,0.46295747779391466,0.46578167390350855,0.46295747779391466,0.46578167390350855,0.46295747779391466
0.41,0.0,0.41,0.41,0.87,0.7327302631578947,0.87,0.87,0.37194475497869534,0.3725373984830093,0.37194475497869534,0.3725373984830093,0.37194475497869534,0.3725373984830093,-0.046620108923492776,-0.044561302835019946,-0.046620108923492776,-0.044561302835019946,-0.046620108923492776,-0.044561302835019946,0.37194475497869534,0.3725373984830093,0.37194475497869534,0.3725373984830093,0.37194475497869534,0.3725373984830093,0.37194475497869534,0.3725373984830093,0.37194475497869534,0.3725373984830093,0.37194475497869534,0.3725373984830093
0.34,0.0,0.34,0.34,0.68,0.2307692307692306,0.68,0.68,0.4405278545633764,0.4045814859820653,0.4405278545633764,0.4045814859820653,0.4405278545633764,0.4045814859820653,-0.03016260676992236,-0.07374728290890964,-0.03016260676992236,-0.07374728290890964,-0.03016260676992236,-0.07374728290890964,0.4405278545633764,0.4045814859820653,0.4405278545633764,0.4045814859820653,0.4405278545633764,0.4045814859820653,0.4405278545633764,0.4045814859820653,0.4405278545633764,0.4045814859820653,0.4405278545633764,0.4045814859820653
0.32,0.0,0.32,0.32,0.57,0.0,0.57,0.57,0.3982549178508104,0.3867738782975503,0.3982549178508104,0.3867738782975503,0.3982549178508104,0.3867738782975503,0.0020643142258299513,0.027180812471656764,0.0020643142258299513,0.027180812471656764,0.0020643142258299513,0.027180812471656764,0.3982549178508104,0.3867738782975503,0.3982549178508104,0.3867738782975503,0.3982549178508104,0.3867738782975503,0.3982549178508104,0.3867738782975503,0.3982549178508104,0.3867738782975503,0.3982549178508104,0.3867738782975503
0.52,0.21875,0.52,0.52,0.39,0.0,0.39,0.39,0.4773971537739326,0.4360506771688192,0.4773971537739326,0.4360506771688192,0.4773971537739326,0.4360506771688192,0.437449803720556,0.254563920302738,0.437449803720556,0.254563920302738,0.437449803720556,0.254563920302738,0.4773971537739326,0.4360506771688192,0.4773971537739326,0.4360506771688192,0.4773971537739326,0.4360506771688192,0.4773971537739326,0.4360506771688192,0.4773971537739326,0.4360506771688192,0.4773971537739326,0.4360506771688192
0.54,0.1935483870967742,0.54,0.54,0.32,0.0,0.32,0.32,0.506890043105872,0.5269823597391708,0.506890043105872,0.5269823597391708,0.506890043105872,0.5269823597391708,0.461569063534869,0.2641303748053241,0.461569063534869,0.2641303748053241,0.461569063534869,0.2641303748053241,0.506890043105872,0.5269823597391708,0.506890043105872,0.5269823597391708,0.506890043105872,0.5269823597391708,0.506890043105872,0.5269823597391708,0.506890043105872,0.5269823597391708,0.506890043105872,0.5269823597391708
0.61,0.2883211678832116,0.61,0.61,0.27,0.0,0.27,0.27,0.5120405658623639,0.5239354309816789,0.5120405658623639,0.5239354309816789,0.5120405658623639,0.5239354309816789,0.33023432365673233,0.30158688296482444,0.33023432365673233,0.30158688296482444,0.33023432365673233,0.30158688296482444,0.5120405658623639,0.5239354309816789,0.5120405658623639,0.5239354309816789,0.5120405658623639,0.5239354309816789,0.5120405658623639,0.5239354309816789,0.5120405658623639,0.5239354309816789,0.5120405658623639,0.5239354309816789
0.41,0.0575079872204472,0.41,0.41,0.49,0.0,0.49,0.49,0.5009159772377787,0.4809777711666956,0.5009159772377787,0.4809777711666956,0.5009159772377787,0.4809777711666956,0.17138110974650972,0.14410661005307887,0.17138110974650972,0.14410661005307887,0.17138110974650972,0.14410661005307887,0.5009159772377787,0.4809777711666956,0.5009159772377787,0.4809777711666956,0.5009159772377787,0.4809777711666956,0.5009159772377787,0.4809777711666956,0.5009159772377787,0.4809777711666956,0.5009159772377787,0.4809777711666956
0.3,0.0,0.3,0.3,0.59,0.0,0.59,0.59,0.48000687459298935,0.4893311447584457,0.48000687459298935,0.4893311447584457,0.48000687459298935,0.4893311447584457,0.03531246584441793,-0.043332366638910116,0.03531246584441793,-0.043332366638910116,0.03531246584441793,-0.043332366638910116,0.48000687459298935,0.4893311447584457,0.48000687459298935,0.4893311447584457,0.48000687459298935,0.4893311447584457,0.48000687459298935,0.4893311447584457,0.48000687459298935,0.4893311447584457,0.48000687459298935,0.4893311447584457
0.48,0.0,0.48,0.48,0.65,0.0,0.65,0.65,0.43394593616153215,0.43909975162792386,0.43394593616153215,0.43909975162792386,0.43394593616153215,0.43909975162792386,-0.02904868379433953,-0.013458721682432756,-0.02904868379433953,-0.013458721682432756,-0.02904868379433953,-0.013458721682432756,0.43394593616153215,0.43909975162792386,0.43394593616153215,0.43909975162792386,0.43394593616153215,0.43909975162792386,0.43394593616153215,0.43909975162792386,0.43394593616153215,0.43909975162792386,0.43394593616153215,0.43909975162792386
0.51,0.0,0.51,0.51,0.62,0.2122719734660032,0.62,0.62,0.498430053668998,0.4761713135801918,0.498430053668998,0.4761713135801918,0.498430053668998,0.4761713135801918,-2.4429490541574882e-05,0.07269292466654324,-2.4429490541574882e-05,0.07269292466654324,-2.4429490541574882e-05,0.07269292466654324,0.498430053668998,0.4761713135801918,0.498430053668998,0.4761713135801918,0.498430053668998,0.4761713135801918,0.498430053668998,0.4761713135801918,0.498430053668998,0.4761713135801918,0.498430053668998,0.4761713135801918
0.6,0.0,0.6,0.6,0.53,0.0926640926640925,0.53,0.53,0.49228595533072683,0.4189869866692566,0.49228595533072683,0.4189869866692566,0.49228595533072683,0.4189869866692566,0.02630678395869311,-0.06492718818931147,0.02630678395869311,-0.06492718818931147,0.02630678395869311,-0.06492718818931147,0.49228595533072683,0.4189869866692566,0.49228595533072683,0.4189869866692566,0.49228595533072683,0.4189869866692566,0.49228595533072683,0.4189869866692566,0.49228595533072683,0.4189869866692566,0.49228595533072683,0.4189869866692566
0.54,0.0,0.54,0.54,0.56,0.1324921135646687,0.56,0.56,0.44952805596528544,0.4301923082678615,0.44952805596528544,0.4301923082678615,0.44952805596528544,0.4301923082678615,0.000263526127702396,-0.002649356415304586,0.000263526127702396,-0.002649356415304586,0.000263526127702396,-0.002649356415304586,0.44952805596528544,0.4301923082678615,0.44952805596528544,0.4301923082678615,0.44952805596528544,0.4301923082678615,0.44952805596528544,0.4301923082678615,0.44952805596528544,0.4301923082678615,0.44952805596528544,0.4301923082678615
0.53,0.0,0.53,0.53,0.51,-0.0242474916387958,0.51,0.51,0.5399919039419704,0.5248019086367806,0.5399919039419704,0.5248019086367806,0.5399919039419704,0.5248019086367806,0.012233514267012396,0.018355190120046435,0.012233514267012396,0.018355190120046435,0.012233514267012396,0.018355190120046435,0.5399919039419704,0.5248019086367806,0.5399919039419704,0.5248019086367806,0.5399919039419704,0.5248019086367806,0.5399919039419704,0.5248019086367806,0.5399919039419704,0.5248019086367806,0.5399919039419704,0.5248019086367806
0.54,0.0,0.54,0.54,0.5,0.0,0.5,0.5,0.42404700908967524,0.4748734127000495,0.42404700908967524,0.4748734127000495,0.42404700908967524,0.4748734127000495,0.003171427383762769,0.0038614007668301077,0.003171427383762769,0.0038614007668301077,0.003171427383762769,0.0038614007668301077,0.42404700908967524,0.4748734127000495,0.42404700908967524,0.4748734127000495,0.42404700908967524,0.4748734127000495,0.42404700908967524,0.4748734127000495,0.42404700908967524,0.4748734127000495,0.42404700908967524,0.4748734127000495
0.6,0.2603550295857988,0.6,0.6,0.56,0.0,0.56,0.56,0.4420529584027872,0.4251475742272441,0.4420529584027872,0.4251475742272441,0.4420529584027872,0.4251475742272441,0.07618585996122637,0.2176920779857091,0.07618585996122637,0.2176920779857091,0.07618585996122637,0.2176920779857091,0.4420529584027872,0.4251475742272441,0.4420529584027872,0.4251475742272441,0.4420529584027872,0.4251475742272441,0.4420529584027872,0.4251475742272441,0.4420529584027872,0.4251475742272441,0.4420529584027872,0.4251475742272441
0.52,0.1163475699558173,0.52,0.52,0.5,0.0,0.5,0.5,0.49424960523322325,0.49453715072466736,0.49424960523322325,0.49453715072466736,0.49424960523322325,0.49453715072466736,-0.002038931714923503,0.26020868114084916,-0.002038931714923503,0.26020868114084916,-0.002038931714923503,0.26020868114084916,0.49424960523322325,0.49453715072466736,0.49424960523322325,0.49453715072466736,0.49424960523322325,0.49453715072466736,0.49424960523322325,0.49453715072466736,0.49424960523322325,0.49453715072466736,0.49424960523322325,0.49453715072466736
0.61,0.2364917776037588,0.61,0.61,0.52,0.0,0.52,0.52,0.4385456319856706,0.45838592386350563,0.4385456319856706,0.45838592386350563,0.4385456319856706,0.45838592386350563,0.011916801368337195,0.27490613138429054,0.011916801368337195,0.27490613138429054,0.011916801368337195,0.27490613138429054,0.4385456319856706,0.45838592386350563,0.4385456319856706,0.45838592386350563,0.4385456319856706,0.45838592386350563,0.4385456319856706,0.45838592386350563,0.4385456319856706,0.45838592386350563,0.4385456319856706,0.45838592386350563
0.64,0.235993208828523,0.64,0.64,0.41,0.0,0.41,0.41,0.5149724121921471,0.47061409260564246,0.5149724121921471,0.47061409260564246,0.5149724121921471,0.47061409260564246,0.027669482785408636,0.1161436351213318,0.027669482785408636,0.1161436351213318,0.027669482785408636,0.1161436351213318,0.5149724121921471,0.47061409260564246,0.5149724121921471,0.47061409260564246,0.5149724121921471,0.47061409260564246,0.5149724121921471,0.47061409260564246,0.5149724121921471,0.47061409260564246,0.5149724121921471,0.47061409260564246
0.67,0.0,0.67,0.67,0.34,0.0,0.34,0.34,0.5215890786376803,0.4775272969119204,0.5215890786376803,0.4775272969119204,0.5215890786376803,0.4775272969119204,-0.056500128713449095,-0.036047165365463284,-0.056500128713449095,-0.036047165365463284,-0.056500128713449095,-0.036047165365463284,0.5215890786376803,0.4775272969119204,0.5215890786376803,0.4775272969119204,0.5215890786376803,0.4775272969119204,0.5215890786376803,0.4775272969119204,0.5215890786376803,0.4775272969119204,0.5215890786376803,0.4775272969119204
0.58,0.0,0.58,0.58,0.32,0.0,0.32,0.32,0.530424007028909,0.4905518480342883,0.530424007028909,0.4905518480342883,0.530424007028909,0.4905518480342883,-0.020968892704525073,-0.048115669460857144,-0.020968892704525073,-0.048115669460857144,-0.020968892704525073,-0.048115669460857144,0.530424007028909,0.4905518480342883,0.530424007028909,0.4905518480342883,0.530424007028909,0.4905518480342883,0.530424007028909,0.4905518480342883,0.530424007028909,0.4905518480342883,0.530424007028909,0.4905518480342883
0.46,0.0,0.46,0.46,0.52,0.21875,0.52,0.52,0.474980321551365,0.4490239819401979,0.474980321551365,0.4490239819401979,0.474980321551365,0.4490239819401979,0.012445587472335448,-0.06340169617327003,0.012445587472335448,-0.06340169617327003,0.012445587472335448,-0.06340169617327003,0.474980321551365,0.4490239819401979,0.474980321551365,0.4490239819401979,0.474980321551365,0.4490239819401979,0.474980321551365,0.4490239819401979,0.474980321551365,0.4490239819401979,0.474980321551365,0.4490239819401979
0.43,0.0,0.43,0.43,0.54,0.1935483870967742,0.54,0.54,0.46370283017092345,0.4796409790692466,0.46370283017092345,0.4796409790692466,0.46370283017092345,0.4796409790692466,0.02923674381676422,0.013620931854074574,0.02923674381676422,0.013620931854074574,0.02923674381676422,0.013620931854074574,0.46370283017092345,0.4796409790692466,0.46370283017092345,0.4796409790692466,0.46370283017092345,0.4796409790692466,0.46370283017092345,0.4796409790692466,0.46370283017092345,0.4796409790692466,0.46370283017092345,0.4796409790692466
0.56,0.0,0.56,0.56,0.61,0.2883211678832116,0.61,0.61,0.47275031488156466,0.5148997873455822,0.47275031488156466,0.5148997873455822,0.47275031488156466,0.5148997873455822,0.042050139458292494,0.10768165728308474,0.042050139458292494,0.10768165728308474,0.042050139458292494,0.10768165728308474,0.47275031488156466,0.5148997873455822,0.47275031488156466,0.5148997873455822,0.47275031488156466,0.5148997873455822,0.47275031488156466,0.5148997873455822,0.47275031488156466,0.5148997873455822,0.47275031488156466,0.5148997873455822
0.75,0.0,0.75,0.75,0.41,0.0575079872204472,0.41,0.41,0.5144224455122098,0.5090862519767476,0.5144224455122098,0.5090862519767476,0.5144224455122098,0.5090862519767476,0.010761997094879634,0.018437593808227806,0.010761997094879634,0.018437593808227806,0.010761997094879634,0.018437593808227806,0.5144224455122098,0.5090862519767476,0.5144224455122098,0.5090862519767476,0.5144224455122098,0.5090862519767476,0.5144224455122098,0.5090862519767476,0.5144224455122098,0.5090862519767476,0.5144224455122098,0.5090862519767476
0.7,0.0,0.7,0.7,0.3,0.0,0.3,0.3,0.4355205336202605,0.41592736718376044,0.4355205336202605,0.41592736718376044,0.4355205336202605,0.41592736718376044,0.02306486260588393,0.03684393074263863,0.02306486260588393,0.03684393074263863,0.02306486260588393,0.03684393074263863,0.4355205336202605,0.41592736718376044,0.4355205336202605,0.41592736718376044,0.4355205336202605,0.41592736718376044,0.4355205336202605,0.41592736718376044,0.4355205336202605,0.41592736718376044,0.4355205336202605,0.41592736718376044
0.71,0.296116504854369,0.71,0.71,0.48,0.0,0.48,0.48,0.44820623748408867,0.4118347365330628,0.44820623748408867,0.4118347365330628,0.44820623748408867,0.4118347365330628,0.015823751059579547,-0.013137427674662697,0.015823751059579547,-0.013137427674662697,0.015823751059579547,-0.013137427674662697,0.44820623748408867,0.4118347365330628,0.44820623748408867,0.4118347365330628,0.44820623748408867,0.4118347365330628,0.44820623748408867,0.4118347365330628,0.44820623748408867,0.4118347365330628,0.44820623748408867,0.4118347365330628
0.72,0.4776119402985074,0.72,0.72,0.51,0.0,0.51,0.51,0.5078377561172843,0.4910553127362985,0.5078377561172843,0.4910553127362985,0.5078377561172843,0.4910553127362985,0.3915292979783215,0.3105031768823316,0.3915292979783215,0.3105031768823316,0.3915292979783215,0.3105031768823316,0.5078377561172843,0.4910553127362985,0.5078377561172843,0.4910553127362985,0.5078377561172843,0.4910553127362985,0.5078377561172843,0.4910553127362985,0.5078377561172843,0.4910553127362985,0.5078377561172843,0.4910553127362985
0.75,0.5239908606245239,0.75,0.75,0.6,0.0,0.6,0.6,0.5312268516438265,0.5272781782354575,0.5312268516438265,0.5272781782354575,0.5312268516438265,0.5272781782354575,0.4617115167278504,0.2878134813195438,0.4617115167278504,0.2878134813195438,0.4617115167278504,0.2878134813195438,0.5312268516438265,0.5272781782354575,0.5312268516438265,0.5272781782354575,0.5312268516438265,0.5272781782354575,0.5312268516438265,0.5272781782354575,0.5312268516438265,0.5272781782354575,0.5312268516438265,0.5272781782354575
0.85,0.6933769419460343,0.85,0.85,0.54,0.0,0.54,0.54,0.5814101250691028,0.49716456823386035,0.5814101250691028,0.49716456823386035,0.5814101250691028,0.49716456823386035,0.505784724385287,0.3922571722869018,0.505784724385287,0.3922571722869018,0.505784724385287,0.3922571722869018,0.5814101250691028,0.49716456823386035,0.5814101250691028,0.49716456823386035,0.5814101250691028,0.49716456823386035,0.5814101250691028,0.49716456823386035,0.5814101250691028,0.49716456823386035,0.5814101250691028,0.49716456823386035
0.77,0.1153846153846154,0.77,0.77,0.53,0.0,0.53,0.53,0.6645681266152794,0.6546498179320778,0.6645681266152794,0.6546498179320778,0.6645681266152794,0.6546498179320778,0.25952855781924156,0.1021180026784735,0.25952855781924156,0.1021180026784735,0.25952855781924156,0.1021180026784735,0.6645681266152794,0.6546498179320778,0.6645681266152794,0.6546498179320778,0.6645681266152794,0.6546498179320778,0.6645681266152794,0.6546498179320778,0.6645681266152794,0.6546498179320778,0.6645681266152794,0.6546498179320778
0.65,0.0,0.65,0.65,0.54,0.0,0.54,0.54,0.536579273385952,0.4823778899888026,0.536579273385952,0.4823778899888026,0.536579273385952,0.4823778899888026,-0.020620598412593366,-0.06130246816513169,-0.020620598412593366,-0.06130246816513169,-0.020620598412593366,-0.06130246816513169,0.536579273385952,0.4823778899888026,0.536579273385952,0.4823778899888026,0.536579273385952,0.4823778899888026,0.536579273385952,0.4823778899888026,0.536579273385952,0.4823778899888026,0.536579273385952,0.4823778899888026
0.56,0.0,0.56,0.56,0.6,0.2603550295857988,0.6,0.6,0.5133434860741943,0.5701476834234487,0.5133434860741943,0.5701476834234487,0.5133434860741943,0.5701476834234487,-0.0239520397509057,-0.04261225457617154,-0.0239520397509057,-0.04261225457617154,-0.0239520397509057,-0.04261225457617154,0.5133434860741943,0.5701476834234487,0.5133434860741943,0.5701476834234487,0.5133434860741943,0.5701476834234487,0.5133434860741943,0.5701476834234487,0.5133434860741943,0.5701476834234487,0.5133434860741943,0.5701476834234487
0.62,0.0,0.62,0.62,0.52,0.1163475699558173,0.52,0.52,0.6573657104556602,0.6485141194983073,0.6573657104556602,0.6485141194983073,0.6573657104556602,0.6485141194983073,-0.030797727491135584,-0.022586278659137298,-0.030797727491135584,-0.022586278659137298,-0.030797727491135584,-0.022586278659137298,0.6573657104556602,0.6485141194983073,0.6573657104556602,0.6485141194983073,0.6573657104556602,0.6485141194983073,0.6573657104556602,0.6485141194983073,0.6573657104556602,0.6485141194983073,0.6573657104556602,0.6485141194983073
0.67,0.0,0.67,0.67,0.61,0.2364917776037588,0.61,0.61,0.5115321462443623,0.5800336260512723,0.5115321462443623,0.5800336260512723,0.5115321462443623,0.5800336260512723,-0.02291739365855016,0.00347948577985419,-0.02291739365855016,0.00347948577985419,-0.02291739365855016,0.00347948577985419,0.5115321462443623,0.5800336260512723,0.5115321462443623,0.5800336260512723,0.5115321462443623,0.5800336260512723,0.5115321462443623,0.5800336260512723,0.5115321462443623,0.5800336260512723,0.5115321462443623,0.5800336260512723
0.69,0.0,0.69,0.69,0.64,0.235993208828523,0.64,0.64,0.5508914044181853,0.6317305227946969,0.5508914044181853,0.6317305227946969,0.5508914044181853,0.6317305227946969,-0.014170280906757817,0.0007073006201178201,-0.014170280906757817,0.0007073006201178201,-0.014170280906757817,0.0007073006201178201,0.5508914044181853,0.6317305227946969,0.5508914044181853,0.6317305227946969,0.5508914044181853,0.6317305227946969,0.5508914044181853,0.6317305227946969,0.5508914044181853,0.6317305227946969,0.5508914044181853,0.6317305227946969
0.48,0.0,0.48,0.48,0.67,0.0,0.67,0.67,0.49464476510533123,0.47559699015931917,0.49464476510533123,0.47559699015931917,0.49464476510533123,0.47559699015931917,-0.011697064578266489,-0.02924231468565892,-0.011697064578266489,-0.02924231468565892,-0.011697064578266489,-0.02924231468565892,0.49464476510533123,0.47559699015931917,0.49464476510533123,0.47559699015931917,0.49464476510533123,0.47559699015931917,0.49464476510533123,0.47559699015931917,0.49464476510533123,0.47559699015931917,0.49464476510533123,0.47559699015931917
0.5,-0.0199918400652796,0.5,0.5,0.58,0.0,0.58,0.58,0.5620421118558436,0.4538264244282579,0.5620421118558436,0.4538264244282579,0.5620421118558436,0.4538264244282579,-0.054994186723144156,-0.030740044288712517,-0.054994186723144156,-0.030740044288712517,-0.054994186723144156,-0.030740044288712517,0.5620421118558436,0.4538264244282579,0.5620421118558436,0.4538264244282579,0.5620421118558436,0.4538264244282579,0.5620421118558436,0.4538264244282579,0.5620421118558436,0.4538264244282579,0.5620421118558436,0.4538264244282579
0.46,-0.2599160055996268,0.46,0.46,0.46,0.0,0.46,0.46,0.588989888729478,0.5592913115991518,0.588989888729478,0.5592913115991518,0.588989888729478,0.5592913115991518,0.024235778702531983,0.1845641105185415,0.024235778702531983,0.1845641105185415,0.024235778702531983,0.1845641105185415,0.588989888729478,0.5592913115991518,0.588989888729478,0.5592913115991518,0.588989888729478,0.5592913115991518,0.588989888729478,0.5592913115991518,0.588989888729478,0.5592913115991518,0.588989888729478,0.5592913115991518
0.45,-0.2707948243992606,0.45,0.45,0.43,0.0,0.43,0.43,0.549985849496118,0.5273825672574347,0.549985849496118,0.5273825672574347,0.549985849496118,0.5273825672574347,-0.08609500134028464,0.1413834784582098,-0.08609500134028464,0.1413834784582098,-0.08609500134028464,0.1413834784582098,0.549985849496118,0.5273825672574347,0.549985849496118,0.5273825672574347,0.549985849496118,0.5273825672574347,0.549985849496118,0.5273825672574347,0.549985849496118,0.5273825672574347,0.549985849496118,0.5273825672574347
0.44,-0.2814645308924484,0.44,0.44,0.56,0.0,0.56,0.56,0.5081784437743972,0.5299476151198046,0.5081784437743972,0.5299476151198046,0.5081784437743972,0.5299476151198046,-0.11333477524635956,0.09308723539415362,-0.11333477524635956,0.09308723539415362,-0.11333477524635956,0.09308723539415362,0.5081784437743972,0.5299476151198046,0.5081784437743972,0.5299476151198046,0.5081784437743972,0.5299476151198046,0.5081784437743972,0.5299476151198046,0.5081784437743972,0.5299476151198046,0.5081784437743972,0.5299476151198046
0.44,-0.017441860465116,0.44,0.44,0.75,0.0,0.75,0.75,0.5725803341138197,0.5623067149795415,0.5725803341138197,0.5623067149795415,0.5725803341138197,0.5623067149795415,-0.07171671525249028,-0.011166220235847542,-0.07171671525249028,-0.011166220235847542,-0.07171671525249028,-0.011166220235847542,0.5725803341138197,0.5623067149795415,0.5725803341138197,0.5623067149795415,0.5725803341138197,0.5623067149795415,0.5725803341138197,0.5623067149795415,0.5725803341138197,0.5623067149795415,0.5725803341138197,0.5623067149795415
0.51,0.0,0.51,0.51,0.7,0.0,0.7,0.7,0.6163611034938077,0.5891859084299156,0.6163611034938077,0.5891859084299156,0.6163611034938077,0.5891859084299156,-0.02011931203858728,-0.03897504545974891,-0.02011931203858728,-0.03897504545974891,-0.02011931203858728,-0.03897504545974891,0.6163611034938077,0.5891859084299156,0.6163611034938077,0.5891859084299156,0.6163611034938077,0.5891859084299156,0.6163611034938077,0.5891859084299156,0.6163611034938077,0.5891859084299156,0.6163611034938077,0.5891859084299156
0.67,0.0,0.67,0.67,0.71,0.296116504854369,0.71,0.71,0.4970073923897662,0.599244010174026,0.4970073923897662,0.599244010174026,0.4970073923897662,0.599244010174026,0.006588235205340088,0.04914590292363851,0.006588235205340088,0.04914590292363851,0.006588235205340088,0.04914590292363851,0.4970073923897662,0.599244010174026,0.4970073923897662,0.599244010174026,0.4970073923897662,0.599244010174026,0.4970073923897662,0.599244010174026,0.4970073923897662,0.599244010174026,0.4970073923897662,0.599244010174026
0.8,0.0,0.8,0.8,0.72,0.4776119402985074,0.72,0.72,0.6476669641103314,0.6518589276322001,0.6476669641103314,0.6518589276322001,0.6476669641103314,0.6518589276322001,0.0021234252935044004,0.022578740397782567,0.0021234252935044004,0.022578740397782567,0.0021234252935044004,0.022578740397782567,0.6476669641103314,0.6518589276322001,0.6476669641103314,0.6518589276322001,0.6476669641103314,0.6518589276322001,0.6476669641103314,0.6518589276322001,0.6476669641103314,0.6518589276322001,0.6476669641103314,0.6518589276322001
0.72,0.0,0.72,0.72,0.75,0.5239908606245239,0.75,0.75,0.4878248357062757,0.5788121134921594,0.4878248357062757,0.5788121134921594,0.4878248357062757,0.5788121134921594,-0.008266410143878099,0.017756664568473662,-0.008266410143878099,0.017756664568473662,-0.008266410143878099,0.017756664568473662,0.4878248357062757,0.5788121134921594,0.4878248357062757,0.5788121134921594,0.4878248357062757,0.5788121134921594,0.4878248357062757,0.5788121134921594,0.4878248357062757,0.5788121134921594,0.4878248357062757,0.5788121134921594
0.61,0.0,0.61,0.61,0.85,0.6933769419460343,0.85,0.85,0.48482761378235845,0.5338569684484814,0.48482761378235845,0.5338569684484814,0.48482761378235845,0.5338569684484814,-0.02047926152399183,-0.01529859825193399,-0.02047926152399183,-0.01529859825193399,-0.02047926152399183,-0.01529859825193399,0.48482761378235845,0.5338569684484814,0.48482761378235845,0.5338569684484814,0.48482761378235845,0.5338569684484814,0.48482761378235845,0.5338569684484814,0.48482761378235845,0.5338569684484814,0.48482761378235845,0.5338569684484814
0.58,0.0,0.58,0.58,0.77,0.1153846153846154,0.77,0.77,0.43976487514077206,0.48511010401009036,0.43976487514077206,0.48511010401009036,0.43976487514077206,0.48511010401009036,-0.025636967565324485,-0.07114165653105711,-0.025636967565324485,-0.07114165653105711,-0.025636967565324485,-0.07114165653105711,0.43976487514077206,0.48511010401009036,0.43976487514077206,0.48511010401009036,0.43976487514077206,0.48511010401009036,0.43976487514077206,0.48511010401009036,0.43976487514077206,0.48511010401009036,0.43976487514077206,0.48511010401009036
0.67,0.0,0.67,0.67,0.65,0.0,0.65,0.65,0.5076152412897468,0.5393653981236095,0.5076152412897468,0.5393653981236095,0.5076152412897468,0.5393653981236095,-0.020515446407743207,-0.006804774449222767,-0.020515446407743207,-0.006804774449222767,-0.020515446407743207,-0.006804774449222767,0.5076152412897468,0.5393653981236095,0.5076152412897468,0.5393653981236095,0.5076152412897468,0.5393653981236095,0.5076152412897468,0.5393653981236095,0.5076152412897468,0.5393653981236095,0.5076152412897468,0.5393653981236095
0.65,0.1413150147203139,0.65,0.65,0.56,0.0,0.56,0.56,0.5869336649064091,0.5617714773343236,0.5869336649064091,0.5617714773343236,0.5869336649064091,0.5617714773343236,0.07883054730034288,0.17314133666568823,0.07883054730034288,0.17314133666568823,0.07883054730034288,0.17314133666568823,0.5869336649064091,0.5617714773343236,0.5869336649064091,0.5617714773343236,0.5869336649064091,0.5617714773343236,0.5869336649064091,0.5617714773343236,0.5869336649064091,0.5617714773343236,0.5869336649064091,0.5617714773343236
0.64,0.19606967396159,0.64,0.64,0.62,0.0,0.62,0.62,0.6519948066873873,0.5993487393633414,0.6519948066873873,0.5993487393633414,0.6519948066873873,0.5993487393633414,0.16539791045925836,0.17931579843894643,0.16539791045925836,0.17931579843894643,0.16539791045925836,0.17931579843894643,0.6519948066873873,0.5993487393633414,0.6519948066873873,0.5993487393633414,0.6519948066873873,0.5993487393633414,0.6519948066873873,0.5993487393633414,0.6519948066873873,0.5993487393633414,0.6519948066873873,0.5993487393633414
0.58,0.129714048901782,0.58,0.58,0.67,0.0,0.67,0.67,0.5294933627852577,0.47372197428960794,0.5294933627852577,0.47372197428960794,0.5294933627852577,0.47372197428960794,0.054468493717220484,0.17971623825226657,0.054468493717220484,0.17971623825226657,0.054468493717220484,0.17971623825226657,0.5294933627852577,0.47372197428960794,0.5294933627852577,0.47372197428960794,0.5294933627852577,0.47372197428960794,0.5294933627852577,0.47372197428960794,0.5294933627852577,0.47372197428960794,0.5294933627852577,0.47372197428960794
0.72,0.1803278688524588,0.72,0.72,0.69,0.0,0.69,0.69,0.6488133372282934,0.6437902367184412,0.6488133372282934,0.6437902367184412,0.6488133372282934,0.6437902367184412,0.08756368709329107,0.138027960088877,0.08756368709329107,0.138027960088877,0.08756368709329107,0.138027960088877,0.6488133372282934,0.6437902367184412,0.6488133372282934,0.6437902367184412,0.6488133372282934,0.6437902367184412,0.6488133372282934,0.6437902367184412,0.6488133372282934,0.6437902367184412,0.6488133372282934,0.6437902367184412
0.7,0.0,0.7,0.7,0.48,0.0,0.48,0.48,0.6568107250098899,0.6352085612341396,0.6568107250098899,0.6352085612341396,0.6568107250098899,0.6352085612341396,0.030733515865310774,0.008229826678589552,0.030733515865310774,0.008229826678589552,0.030733515865310774,0.008229826678589552,0.6568107250098899,0.6352085612341396,0.6568107250098899,0.6352085612341396,0.6568107250098899,0.6352085612341396,0.6568107250098899,0.6352085612341396,0.6568107250098899,0.6352085612341396,0.6568107250098899,0.6352085612341396
0.55,0.0,0.55,0.55,0.5,-0.0199918400652796,0.5,0.5,0.6548305844469031,0.6123868040134044,0.6548305844469031,0.6123868040134044,0.6548305844469031,0.6123868040134044,0.01802959203101083,-0.027651325987697564,0.01802959203101083,-0.027651325987697564,0.01802959203101083,-0.027651325987697564,0.6548305844469031,0.6123868040134044,0.6548305844469031,0.6123868040134044,0.6548305844469031,0.6123868040134044,0.6548305844469031,0.6123868040134044,0.6548305844469031,0.6123868040134044,0.6548305844469031,0.6123868040134044
0.38,0.0,0.38,0.38,0.46,-0.2599160055996268,0.46,0.46,0.5055959049321463,0.4939729989752947,0.5055959049321463,0.4939729989752947,0.5055959049321463,0.4939729989752947,-0.027524414613181523,-0.0649640842589176,-0.027524414613181523,-0.0649640842589176,-0.027524414613181523,-0.0649640842589176,0.5055959049321463,0.4939729989752947,0.5055959049321463,0.4939729989752947,0.5055959049321463,0.4939729989752947,0.5055959049321463,0.4939729989752947,0.5055959049321463,0.4939729989752947,0.5055959049321463,0.4939729989752947
0.28,0.0,0.28,0.28,0.45,-0.2707948243992606,0.45,0.45,0.5211683372988977,0.47412313852996785,0.5211683372988977,0.47412313852996785,0.5211683372988977,0.47412313852996785,-0.009752766532063525,-0.05873936724999367,-0.009752766532063525,-0.05873936724999367,-0.009752766532063525,-0.05873936724999367,0.5211683372988977,0.47412313852996785,0.5211683372988977,0.47412313852996785,0.5211683372988977,0.47412313852996785,0.5211683372988977,0.47412313852996785,0.5211683372988977,0.47412313852996785,0.5211683372988977,0.47412313852996785
0.25,0.0,0.25,0.25,0.44,-0.2814645308924484,0.44,0.44,0.4876603316653758,0.5116612722033833,0.4876603316653758,0.5116612722033833,0.4876603316653758,0.5116612722033833,0.02706888248855085,0.003918578904237578,0.02706888248855085,0.003918578904237578,0.02706888248855085,0.003918578904237578,0.4876603316653758,0.5116612722033833,0.4876603316653758,0.5116612722033833,0.4876603316653758,0.5116612722033833,0.4876603316653758,0.5116612722033833,0.4876603316653758,0.5116612722033833,0.4876603316653758,0.5116612722033833
0.36,0.0,0.36,0.36,0.44,-0.017441860465116,0.44,0.44,0.42744504549401335,0.5184492431645717,0.42744504549401335,0.5184492431645717,0.42744504549401335,0.5184492431645717,0.01816416501221342,0.04566687302172979,0.01816416501221342,0.04566687302172979,0.01816416501221342,0.04566687302172979,0.42744504549401335,0.5184492431645717,0.42744504549401335,0.5184492431645717,0.42744504549401335,0.5184492431645717,0.42744504549401335,0.5184492431645717,0.42744504549401335,0.5184492431645717,0.42744504549401335,0.5184492431645717
0.35,0.0,0.35,0.35,0.51,0.0,0.51,0.51,0.4183804370758256,0.4620411384937242,0.4183804370758256,0.4620411384937242,0.4183804370758256,0.4620411384937242,0.015257540532252577,0.008784668350213914,0.015257540532252577,0.008784668350213914,0.015257540532252577,0.008784668350213914,0.4183804370758256,0.4620411384937242,0.4183804370758256,0.4620411384937242,0.4183804370758256,0.4620411384937242,0.4183804370758256,0.4620411384937242,0.4183804370758256,0.4620411384937242,0.4183804370758256,0.4620411384937242
0.54,0.1889985895627643,0.54,0.54,0.67,0.0,0.67,0.67,0.644880559615208,0.6424669388238383,0.644880559615208,0.6424669388238383,0.644880559615208,0.6424669388238383,0.3498048655453327,0.298158343183396,0.3498048655453327,0.298158343183396,0.3498048655453327,0.298158343183396,0.644880559615208,0.6424669388238383,0.644880559615208,0.6424669388238383,0.644880559615208,0.6424669388238383,0.644880559615208,0.6424669388238383,0.644880559615208,0.6424669388238383,0.644880559615208,0.6424669388238383
0.52,0.1501416430594901,0.52,0.52,0.8,0.0,0.8,0.8,0.6484594733108603,0.6427162319873677,0.6484594733108603,0.6427162319873677,0.6484594733108603,0.6427162319873677,0.3899477983328168,0.375696573346939,0.3899477983328168,0.375696573346939,0.3899477983328168,0.375696573346939,0.6484594733108603,0.6427162319873677,0.6484594733108603,0.6427162319873677,0.6484594733108603,0.6427162319873677,0.6484594733108603,0.6427162319873677,0.6484594733108603,0.6427162319873677,0.6484594733108603,0.6427162319873677
0.8,0.5689655172413792,0.8,0.8,0.72,0.0,0.72,0.72,0.7199064102919271,0.6901548959147439,0.7199064102919271,0.6901548959147439,0.7199064102919271,0.6901548959147439,0.472992078604076,0.3806363736859914,0.472992078604076,0.3806363736859914,0.472992078604076,0.3806363736859914,0.7199064102919271,0.6901548959147439,0.7199064102919271,0.6901548959147439,0.7199064102919271,0.6901548959147439,0.7199064102919271,0.6901548959147439,0.7199064102919271,0.6901548959147439,0.7199064102919271,0.6901548959147439
0.82,0.4943820224719101,0.82,0.82,0.61,0.0,0.61,0.61,0.7201293845141447,0.6764472064371192,0.7201293845141447,0.6764472064371192,0.7201293845141447,0.6764472064371192,0.48318797914249934,0.2755209077383498,0.48318797914249934,0.2755209077383498,0.48318797914249934,0.2755209077383498,0.7201293845141447,0.6764472064371192,0.7201293845141447,0.6764472064371192,0.7201293845141447,0.6764472064371192,0.7201293845141447,0.6764472064371192,0.7201293845141447,0.6764472064371192,0.7201293845141447,0.6764472064371192
0.81,0.0,0.81,0.81,0.58,0.0,0.58,0.58,0.6755873340927476,0.6468324154365018,0.6755873340927476,0.6468324154365018,0.6755873340927476,0.6468324154365018,0.0209837627939457,0.013923397885161304,0.0209837627939457,0.013923397885161304,0.0209837627939457,0.013923397885161304,0.6755873340927476,0.6468324154365018,0.6755873340927476,0.6468324154365018,0.6755873340927476,0.6468324154365018,0.6755873340927476,0.6468324154365018,0.6755873340927476,0.6468324154365018,0.6755873340927476,0.6468324154365018
0.7,0.0,0.7,0.7,0.67,0.0,0.67,0.67,0.6043890892429679,0.6063716135548468,0.6043890892429679,0.6063716135548468,0.6043890892429679,0.6063716135548468,-0.014212323724311044,-0.05214892789201425,-0.014212323724311044,-0.05214892789201425,-0.014212323724311044,-0.05214892789201425,0.6043890892429679,0.6063716135548468,0.6043890892429679,0.6063716135548468,0.6043890892429679,0.6063716135548468,0.6043890892429679,0.6063716135548468,0.6043890892429679,0.6063716135548468,0.6043890892429679,0.6063716135548468
0.47,0.0,0.47,0.47,0.65,0.1413150147203139,0.65,0.65,0.5085845085370467,0.4818459600058684,0.5085845085370467,0.4818459600058684,0.5085845085370467,0.4818459600058684,0.010895323484803451,-0.07388001564781231,0.010895323484803451,-0.07388001564781231,0.010895323484803451,-0.07388001564781231,0.5085845085370467,0.4818459600058684,0.5085845085370467,0.4818459600058684,0.5085845085370467,0.4818459600058684,0.5085845085370467,0.4818459600058684,0.5085845085370467,0.4818459600058684,0.5085845085370467,0.4818459600058684
0.34,0.0,0.34,0.34,0.64,0.19606967396159,0.64,0.64,0.5342756196577695,0.462307849879936,0.5342756196577695,0.462307849879936,0.5342756196577695,0.462307849879936,0.026183845589911506,0.00687064552475775,0.026183845589911506,0.00687064552475775,0.026183845589911506,0.00687064552475775,0.5342756196577695,0.462307849879936,0.5342756196577695,0.462307849879936,0.5342756196577695,0.462307849879936,0.5342756196577695,0.462307849879936,0.5342756196577695,0.462307849879936,0.5342756196577695,0.462307849879936
0.47,0.0,0.47,0.47,0.58,0.129714048901782,0.58,0.58,0.5707537671253643,0.5947256549306827,0.5707537671253643,0.5947256549306827,0.5707537671253643,0.5947256549306827,0.03017248598869928,0.005338192325266331,0.03017248598869928,0.005338192325266331,0.03017248598869928,0.005338192325266331,0.5707537671253643,0.5947256549306827,0.5707537671253643,0.5947256549306827,0.5707537671253643,0.5947256549306827,0.5707537671253643,0.5947256549306827,0.5707537671253643,0.5947256549306827,0.5707537671253643,0.5947256549306827
0.52,0.0,0.52,0.52,0.72,0.1803278688524588,0.72,0.72,0.5687701969685865,0.5664986044359624,0.5687701969685865,0.5664986044359624,0.5687701969685865,0.5664986044359624,0.023138277430872236,0.024637949270605083,0.023138277430872236,0.024637949270605083,0.023138277430872236,0.024637949270605083,0.5687701969685865,0.5664986044359624,0.5687701969685865,0.5664986044359624,0.5687701969685865,0.5664986044359624,0.5687701969685865,0.5664986044359624,0.5687701969685865,0.5664986044359624,0.5687701969685865,0.5664986044359624
0.65,0.0,0.65,0.65,0.7,0.0,0.7,0.7,0.5689044607982062,0.5550031545784582,0.5689044607982062,0.5550031545784582,0.5689044607982062,0.5550031545784582,0.01958259730242962,-0.003656003669026466,0.01958259730242962,-0.003656003669026466,0.01958259730242962,-0.003656003669026466,0.5689044607982062,0.5550031545784582,0.5689044607982062,0.5550031545784582,0.5689044607982062,0.5550031545784582,0.5689044607982062,0.5550031545784582,0.5689044607982062,0.5550031545784582,0.5689044607982062,0.5550031545784582
0.63,0.1821396993810785,0.63,0.63,0.55,0.0,0.55,0.55,0.645935159271545,0.6539043881685926,0.645935159271545,0.6539043881685926,0.645935159271545,0.6539043881685926,0.29930178518141226,0.19310145274701526,0.29930178518141226,0.19310145274701526,0.29930178518141226,0.19310145274701526,0.645935159271545,0.6539043881685926,0.645935159271545,0.6539043881685926,0.645935159271545,0.6539043881685926,0.645935159271545,0.6539043881685926,0.645935159271545,0.6539043881685926,0.645935159271545,0.6539043881685926
0.54,0.0665584415584416,0.54,0.54,0.38,0.0,0.38,0.38,0.6148131823522557,0.5899981533392857,0.6148131823522557,0.5899981533392857,0.6148131823522557,0.5899981533392857,0.15229112865597344,0.10843990212623414,0.15229112865597344,0.10843990212623414,0.15229112865597344,0.10843990212623414,0.6148131823522557,0.5899981533392857,0.6148131823522557,0.5899981533392857,0.6148131823522557,0.5899981533392857,0.6148131823522557,0.5899981533392857,0.6148131823522557,0.5899981533392857,0.6148131823522557,0.5899981533392857
0.5,0.0141955835962145,0.5,0.5,0.28,0.0,0.28,0.28,0.5938717172110882,0.5890462656948733,0.5938717172110882,0.5890462656948733,0.5938717172110882,0.5890462656948733,0.019457936050047753,0.15379728217424085,0.019457936050047753,0.15379728217424085,0.019457936050047753,0.15379728217424085,0.5938717172110882,0.5890462656948733,0.5938717172110882,0.5890462656948733,0.5938717172110882,0.5890462656948733,0.5938717172110882,0.5890462656948733,0.5938717172110882,0.5890462656948733,0.5938717172110882,0.5890462656948733
0.49,-0.0298869143780291,0.49,0.49,0.25,0.0,0.25,0.25,0.6034812429725881,0.5910857184720264,0.6034812429725881,0.5910857184720264,0.6034812429725881,0.5910857184720264,-0.0006905421345562693,0.13192255695826333,-0.0006905421345562693,0.13192255695826333,-0.0006905421345562693,0.13192255695826333,0.6034812429725881,0.5910857184720264,0.6034812429725881,0.5910857184720264,0.6034812429725881,0.5910857184720264,0.6034812429725881,0.5910857184720264,0.6034812429725881,0.5910857184720264,0.6034812429725881,0.5910857184720264
0.55,0.0,0.55,0.55,0.36,0.0,0.36,0.36,0.6485047153878933,0.5531665513450085,0.6485047153878933,0.5531665513450085,0.6485047153878933,0.5531665513450085,0.043272465583781915,-0.05336393330727245,0.043272465583781915,-0.05336393330727245,0.043272465583781915,-0.05336393330727245,0.6485047153878933,0.5531665513450085,0.6485047153878933,0.5531665513450085,0.6485047153878933,0.5531665513450085,0.6485047153878933,0.5531665513450085,0.6485047153878933,0.5531665513450085,0.6485047153878933,0.5531665513450085
0.68,0.0,0.68,0.68,0.35,0.0,0.35,0.35,0.6499243644737811,0.6130994371849998,0.6499243644737811,0.6130994371849998,0.6499243644737811,0.6130994371849998,0.026769542620125996,-0.02853713412470875,0.026769542620125996,-0.02853713412470875,0.026769542620125996,-0.02853713412470875,0.6499243644737811,0.6130994371849998,0.6499243644737811,0.6130994371849998,0.6499243644737811,0.6130994371849998,0.6499243644737811,0.6130994371849998,0.6499243644737811,0.6130994371849998,0.6499243644737811,0.6130994371849998
0.7,0.0,0.7,0.7,0.54,0.1889985895627643,0.54,0.54,0.5996680401135017,0.5695730644162746,0.5996680401135017,0.5695730644162746,0.5996680401135017,0.5695730644162746,-0.0067278948996047395,-0.0701638661624689,-0.0067278948996047395,-0.0701638661624689,-0.0067278948996047395,-0.0701638661624689,0.5996680401135017,0.5695730644162746,0.5996680401135017,0.5695730644162746,0.5996680401135017,0.5695730644162746,0.5996680401135017,0.5695730644162746,0.5996680401135017,0.5695730644162746,0.5996680401135017,0.5695730644162746
0.75,0.0,0.75,0.75,0.52,0.1501416430594901,0.52,0.52,0.40517915273648614,0.483129618382448,0.40517915273648614,0.483129618382448,0.40517915273648614,0.483129618382448,-0.029200737292471857,-0.08579286019759615,-0.029200737292471857,-0.08579286019759615,-0.029200737292471857,-0.08579286019759615,0.40517915273648614,0.483129618382448,0.40517915273648614,0.483129618382448,0.40517915273648614,0.483129618382448,0.40517915273648614,0.483129618382448,0.40517915273648614,0.483129618382448,0.40517915273648614,0.483129618382448
0.51,0.0,0.51,0.51,0.8,0.5689655172413792,0.8,0.8,0.4494174362918073,0.49214498727650746,0.4494174362918073,0.49214498727650746,0.4494174362918073,0.49214498727650746,-0.004837206450679097,-0.027412917566113162,-0.004837206450679097,-0.027412917566113162,-0.004837206450679097,-0.027412917566113162,0.4494174362918073,0.49214498727650746,0.4494174362918073,0.49214498727650746,0.4494174362918073,0.49214498727650746,0.4494174362918073,0.49214498727650746,0.4494174362918073,0.49214498727650746,0.4494174362918073,0.49214498727650746
0.52,0.0,0.52,0.52,0.82,0.4943820224719101,0.82,0.82,0.35783109575928324,0.4449370351913907,0.35783109575928324,0.4449370351913907,0.35783109575928324,0.4449370351913907,0.004732431952199037,0.034189947473375996,0.004732431952199037,0.034189947473375996,0.004732431952199037,0.034189947473375996,0.35783109575928324,0.4449370351913907,0.35783109575928324,0.4449370351913907,0.35783109575928324,0.4449370351913907,0.35783109575928324,0.4449370351913907,0.35783109575928324,0.4449370351913907,0.35783109575928324,0.4449370351913907
0.33,0.0,0.33,0.33,0.81,0.0,0.81,0.81,0.4241210728877286,0.5215375073640977,0.4241210728877286,0.5215375073640977,0.4241210728877286,0.5215375073640977,-0.004228408296241691,0.012901321437449167,-0.004228408296241691,0.012901321437449167,-0.004228408296241691,0.012901321437449167,0.4241210728877286,0.5215375073640977,0.4241210728877286,0.5215375073640977,0.4241210728877286,0.5215375073640977,0.4241210728877286,0.5215375073640977,0.4241210728877286,0.5215375073640977,0.4241210728877286,0.5215375073640977
0.51,0.1522491349480969,0.51,0.51,0.7,0.0,0.7,0.7,0.6439995597418877,0.6820674836265711,0.6439995597418877,0.6820674836265711,0.6439995597418877,0.6820674836265711,0.325005773326235,0.14236670413135522,0.325005773326235,0.14236670413135522,0.325005773326235,0.14236670413135522,0.6439995597418877,0.6820674836265711,0.6439995597418877,0.6820674836265711,0.6439995597418877,0.6820674836265711,0.6439995597418877,0.6820674836265711,0.6439995597418877,0.6820674836265711,0.6439995597418877,0.6820674836265711
0.63,0.3158284023668639,0.63,0.63,0.47,0.0,0.47,0.47,0.6335734591433893,0.6383805073851391,0.6335734591433893,0.6383805073851391,0.6335734591433893,0.6383805073851391,0.3757944393412746,0.33337022444650993,0.3757944393412746,0.33337022444650993,0.3757944393412746,0.33337022444650993,0.6335734591433893,0.6383805073851391,0.6335734591433893,0.6383805073851391,0.6335734591433893,0.6383805073851391,0.6335734591433893,0.6383805073851391,0.6335734591433893,0.6383805073851391,0.6335734591433893,0.6383805073851391
0.6,0.2740471869328492,0.6,0.6,0.34,0.0,0.34,0.34,0.6556813317498364,0.6041218757590886,0.6556813317498364,0.6041218757590886,0.6556813317498364,0.6041218757590886,0.4755662278196851,0.4154143567269975,0.4755662278196851,0.4154143567269975,0.4755662278196851,0.4154143567269975,0.6556813317498364,0.6041218757590886,0.6556813317498364,0.6041218757590886,0.6556813317498364,0.6041218757590886,0.6556813317498364,0.6041218757590886,0.6556813317498364,0.6041218757590886,0.6556813317498364,0.6041218757590886
0.63,0.3143068939955522,0.63,0.63,0.47,0.0,0.47,0.47,0.5663167536263028,0.49005909389029645,0.5663167536263028,0.49005909389029645,0.5663167536263028,0.49005909389029645,0.4029123864786916,0.4087576897846304,0.4029123864786916,0.4087576897846304,0.4029123864786916,0.4087576897846304,0.5663167536263028,0.49005909389029645,0.5663167536263028,0.49005909389029645,0.5663167536263028,0.49005909389029645,0.5663167536263028,0.49005909389029645,0.5663167536263028,0.49005909389029645,0.5663167536263028,0.49005909389029645
0.5,0.0340030911901082,0.5,0.5,0.52,0.0,0.52,0.52,0.5699777625948268,0.5114069525453007,0.5699777625948268,0.5114069525453007,0.5699777625948268,0.5114069525453007,0.3890531572730342,0.3680775983790366,0.3890531572730342,0.3680775983790366,0.3890531572730342,0.3680775983790366,0.5699777625948268,0.5114069525453007,0.5699777625948268,0.5114069525453007,0.5699777625948268,0.5114069525453007,0.5699777625948268,0.5114069525453007,0.5699777625948268,0.5114069525453007,0.5699777625948268,0.5114069525453007
0.51,0.0712661106899167,0.51,0.51,0.65,0.0,0.65,0.65,0.55409341227021,0.4789760353941195,0.55409341227021,0.4789760353941195,0.55409341227021,0.4789760353941195,0.3543232256343485,0.15781981041342266,0.3543232256343485,0.15781981041342266,0.3543232256343485,0.15781981041342266,0.55409341227021,0.4789760353941195,0.55409341227021,0.4789760353941195,0.55409341227021,0.4789760353941195,0.55409341227021,0.4789760353941195,0.55409341227021,0.4789760353941195,0.55409341227021,0.4789760353941195
0.67,0.1324921135646689,0.67,0.67,0.63,0.1821396993810785,0.63,0.63,0.7006822772451625,0.6508448687075061,0.7006822772451625,0.6508448687075061,0.7006822772451625,0.6508448687075061,0.3537321692799548,0.2305131168736695,0.3537321692799548,0.2305131168736695,0.3537321692799548,0.2305131168736695,0.7006822772451625,0.6508448687075061,0.7006822772451625,0.6508448687075061,0.7006822772451625,0.6508448687075061,0.7006822772451625,0.6508448687075061,0.7006822772451625,0.6508448687075061,0.7006822772451625,0.6508448687075061
0.82,0.0,0.82,0.82,0.54,0.0665584415584416,0.54,0.54,0.637168023678371,0.6435927464133087,0.637168023678371,0.6435927464133087,0.637168023678371,0.6435927464133087,0.049832466627690974,0.07180083216730515,0.049832466627690974,0.07180083216730515,0.049832466627690974,0.07180083216730515,0.637168023678371,0.6435927464133087,0.637168023678371,0.6435927464133087,0.637168023678371,0.6435927464133087,0.637168023678371,0.6435927464133087,0.637168023678371,0.6435927464133087,0.637168023678371,0.6435927464133087
0.73,0.0,0.73,0.73,0.5,0.0141955835962145,0.5,0.5,0.6149395224045361,0.6253280966613347,0.6149395224045361,0.6253280966613347,0.6149395224045361,0.6253280966613347,0.10155337995255849,0.06348366341101368,0.10155337995255849,0.06348366341101368,0.10155337995255849,0.06348366341101368,0.6149395224045361,0.6253280966613347,0.6149395224045361,0.6253280966613347,0.6149395224045361,0.6253280966613347,0.6149395224045361,0.6253280966613347,0.6149395224045361,0.6253280966613347,0.6149395224045361,0.6253280966613347
0.66,0.0,0.66,0.66,0.49,-0.0298869143780291,0.49,0.49,0.471413374054435,0.5625805938980155,0.471413374054435,0.5625805938980155,0.471413374054435,0.5625805938980155,-0.013304590675765886,0.07692916205491124,-0.013304590675765886,0.07692916205491124,-0.013304590675765886,0.07692916205491124,0.471413374054435,0.5625805938980155,0.471413374054435,0.5625805938980155,0.471413374054435,0.5625805938980155,0.471413374054435,0.5625805938980155,0.471413374054435,0.5625805938980155,0.471413374054435,0.5625805938980155
0.52,0.0,0.52,0.52,0.55,0.0,0.55,0.55,0.44211542961756695,0.5634477388185021,0.44211542961756695,0.5634477388185021,0.44211542961756695,0.5634477388185021,0.003928466740725916,0.024569314244315726,0.003928466740725916,0.024569314244315726,0.003928466740725916,0.024569314244315726,0.44211542961756695,0.5634477388185021,0.44211542961756695,0.5634477388185021,0.44211542961756695,0.5634477388185021,0.44211542961756695,0.5634477388185021,0.44211542961756695,0.5634477388185021,0.44211542961756695,0.5634477388185021
0.48,0.0,0.48,0.48,0.68,0.0,0.68,0.68,0.636670567303754,0.5616513171591596,0.636670567303754,0.5616513171591596,0.636670567303754,0.5616513171591596,0.038267695778305855,0.030035139493616973,0.038267695778305855,0.030035139493616973,0.038267695778305855,0.030035139493616973,0.636670567303754,0.5616513171591596,0.636670567303754,0.5616513171591596,0.636670567303754,0.5616513171591596,0.636670567303754,0.5616513171591596,0.636670567303754,0.5616513171591596,0.636670567303754,0.5616513171591596
0.66,0.3413405656722201,0.66,0.66,0.7,0.0,0.7,0.7,0.67875128793258,0.6311008995058193,0.67875128793258,0.6311008995058193,0.67875128793258,0.6311008995058193,0.3070771980629307,0.2832188664520029,0.3070771980629307,0.2832188664520029,0.3070771980629307,0.2832188664520029,0.67875128793258,0.6311008995058193,0.67875128793258,0.6311008995058193,0.67875128793258,0.6311008995058193,0.67875128793258,0.6311008995058193,0.67875128793258,0.6311008995058193,0.67875128793258,0.6311008995058193
0.66,0.3413405656722201,0.66,0.66,0.75,0.0,0.75,0.75,0.6158440437036791,0.6592011675607532,0.6158440437036791,0.6592011675607532,0.6158440437036791,0.6592011675607532,0.20596653539289672,0.35080201715654336,0.20596653539289672,0.35080201715654336,0.20596653539289672,0.35080201715654336,0.6158440437036791,0.6592011675607532,0.6158440437036791,0.6592011675607532,0.6158440437036791,0.6592011675607532,0.6158440437036791,0.6592011675607532,0.6158440437036791,0.6592011675607532,0.6158440437036791,0.6592011675607532
0.57,0.2386685552407932,0.57,0.57,0.51,0.0,0.51,0.51,0.5753663241366064,0.6167061064192337,0.5753663241366064,0.6167061064192337,0.5753663241366064,0.6167061064192337,0.18557989999944982,0.3844070688242887,0.18557989999944982,0.3844070688242887,0.18557989999944982,0.3844070688242887,0.5753663241366064,0.6167061064192337,0.5753663241366064,0.6167061064192337,0.5753663241366064,0.6167061064192337,0.5753663241366064,0.6167061064192337,0.5753663241366064,0.6167061064192337,0.5753663241366064,0.6167061064192337
0.46,0.1011984021304926,0.46,0.46,0.52,0.0,0.52,0.52,0.47635083729466204,0.4779311253388234,0.47635083729466204,0.4779311253388234,0.47635083729466204,0.4779311253388234,0.06658691595421817,0.11964275186594886,0.06658691595421817,0.11964275186594886,0.06658691595421817,0.11964275186594886,0.47635083729466204,0.4779311253388234,0.47635083729466204,0.4779311253388234,0.47635083729466204,0.4779311253388234,0.47635083729466204,0.4779311253388234,0.47635083729466204,0.4779311253388234,0.47635083729466204,0.4779311253388234
0.41,0.0,0.41,0.41,0.33,0.0,0.33,0.33,0.3692482732905931,0.4112065193056374,0.3692482732905931,0.4112065193056374,0.3692482732905931,0.4112065193056374,0.004263217768076538,0.015938333892669906,0.004263217768076538,0.015938333892669906,0.004263217768076538,0.015938333892669906,0.3692482732905931,0.4112065193056374,0.3692482732905931,0.4112065193056374,0.3692482732905931,0.4112065193056374,0.3692482732905931,0.4112065193056374,0.3692482732905931,0.4112065193056374,0.3692482732905931,0.4112065193056374
0.36,0.0,0.36,0.36,0.51,0.1522491349480969,0.51,0.51,0.4064184026554401,0.4385328454808355,0.4064184026554401,0.4385328454808355,0.4064184026554401,0.4385328454808355,0.0033067314866761267,0.052421667951930394,0.0033067314866761267,0.052421667951930394,0.0033067314866761267,0.052421667951930394,0.4064184026554401,0.4385328454808355,0.4064184026554401,0.4385328454808355,0.4064184026554401,0.4385328454808355,0.4064184026554401,0.4385328454808355,0.4064184026554401,0.4385328454808355,0.4064184026554401,0.4385328454808355
0.42,0.0,0.42,0.42,0.63,0.3158284023668639,0.63,0.63,0.34823471724051713,0.4729423836174333,0.34823471724051713,0.4729423836174333,0.34823471724051713,0.4729423836174333,-0.004453546404712863,-0.027271125099682315,-0.004453546404712863,-0.027271125099682315,-0.004453546404712863,-0.027271125099682315,0.34823471724051713,0.4729423836174333,0.34823471724051713,0.4729423836174333,0.34823471724051713,0.4729423836174333,0.34823471724051713,0.4729423836174333,0.34823471724051713,0.4729423836174333,0.34823471724051713,0.4729423836174333
0.42,0.0,0.42,0.42,0.6,0.2740471869328492,0.6,0.6,0.39815209392739526,0.5257166576397904,0.39815209392739526,0.5257166576397904,0.39815209392739526,0.5257166576397904,0.003342064376134264,0.08642711336780759,0.003342064376134264,0.08642711336780759,0.003342064376134264,0.08642711336780759,0.39815209392739526,0.5257166576397904,0.39815209392739526,0.5257166576397904,0.39815209392739526,0.5257166576397904,0.39815209392739526,0.5257166576397904,0.39815209392739526,0.5257166576397904,0.39815209392739526,0.5257166576397904
0.48,0.0,0.48,0.48,0.63,0.3143068939955522,0.63,0.63,0.37889811864939915,0.4666562682090606,0.37889811864939915,0.4666562682090606,0.37889811864939915,0.4666562682090606,0.019992487003706132,0.039742277646855256,0.019992487003706132,0.039742277646855256,0.019992487003706132,0.039742277646855256,0.37889811864939915,0.4666562682090606,0.37889811864939915,0.4666562682090606,0.37889811864939915,0.4666562682090606,0.37889811864939915,0.4666562682090606,0.37889811864939915,0.4666562682090606,0.37889811864939915,0.4666562682090606
0.52,0.0,0.52,0.52,0.5,0.0340030911901082,0.5,0.5,0.4985893141091568,0.5518049753020751,0.4985893141091568,0.5518049753020751,0.4985893141091568,0.5518049753020751,0.0041167681677384965,0.05679567519692675,0.0041167681677384965,0.05679567519692675,0.0041167681677384965,0.05679567519692675,0.4985893141091568,0.5518049753020751,0.4985893141091568,0.5518049753020751,0.4985893141091568,0.5518049753020751,0.4985893141091568,0.5518049753020751,0.4985893141091568,0.5518049753020751,0.4985893141091568,0.5518049753020751
0.64,0.0,0.64,0.64,0.51,0.0712661106899167,0.51,0.51,0.5475846466376298,0.4969781403074408,0.5475846466376298,0.4969781403074408,0.5475846466376298,0.4969781403074408,0.022016320811042368,0.03462279909758695,0.022016320811042368,0.03462279909758695,0.022016320811042368,0.03462279909758695,0.5475846466376298,0.4969781403074408,0.5475846466376298,0.4969781403074408,0.5475846466376298,0.4969781403074408,0.5475846466376298,0.4969781403074408,0.5475846466376298,0.4969781403074408,0.5475846466376298,0.4969781403074408
0.81,0.5774021352313168,0.81,0.81,0.67,0.1324921135646689,0.67,0.67,0.6528422913966216,0.6376220822639381,0.6528422913966216,0.6376220822639381,0.6528422913966216,0.6376220822639381,0.35323504255897,0.3092571300281409,0.35323504255897,0.3092571300281409,0.35323504255897,0.3092571300281409,0.6528422913966216,0.6376220822639381,0.6528422913966216,0.6376220822639381,0.6528422913966216,0.6376220822639381,0.6528422913966216,0.6376220822639381,0.6528422913966216,0.6376220822639381,0.6528422913966216,0.6376220822639381
0.75,0.4931062449310623,0.75,0.75,0.82,0.0,0.82,0.82,0.6860827635057826,0.6808059099426831,0.6860827635057826,0.6808059099426831,0.6860827635057826,0.6808059099426831,0.41298083718761897,0.35954127072603626,0.41298083718761897,0.35954127072603626,0.41298083718761897,0.35954127072603626,0.6860827635057826,0.6808059099426831,0.6860827635057826,0.6808059099426831,0.6860827635057826,0.6808059099426831,0.6860827635057826,0.6808059099426831,0.6860827635057826,0.6808059099426831,0.6860827635057826,0.6808059099426831
0.67,0.3658724058416603,0.67,0.67,0.73,0.0,0.73,0.73,0.6587187503833624,0.6134763590105261,0.6587187503833624,0.6134763590105261,0.6587187503833624,0.6134763590105261,0.37274663993512763,0.3524531289290348,0.37274663993512763,0.3524531289290348,0.37274663993512763,0.3524531289290348,0.6587187503833624,0.6134763590105261,0.6587187503833624,0.6134763590105261,0.6587187503833624,0.6134763590105261,0.6587187503833624,0.6134763590105261,0.6587187503833624,0.6134763590105261,0.6587187503833624,0.6134763590105261
0.5,0.0544629349470497,0.5,0.5,0.66,0.0,0.66,0.66,0.5564343732382871,0.5695847221013041,0.5564343732382871,0.5695847221013041,0.5564343732382871,0.5695847221013041,-0.0436347208993958,0.10609930896630852,-0.0436347208993958,0.10609930896630852,-0.0436347208993958,0.10609930896630852,0.5564343732382871,0.5695847221013041,0.5564343732382871,0.5695847221013041,0.5564343732382871,0.5695847221013041,0.5564343732382871,0.5695847221013041,0.5564343732382871,0.5695847221013041,0.5564343732382871,0.5695847221013041
0.47,0.0,0.47,0.47,0.52,0.0,0.52,0.52,0.5013055815767454,0.4304228497526523,0.5013055815767454,0.4304228497526523,0.5013055815767454,0.4304228497526523,0.015693457244708,0.01534959527480912,0.015693457244708,0.01534959527480912,0.015693457244708,0.01534959527480912,0.5013055815767454,0.4304228497526523,0.5013055815767454,0.4304228497526523,0.5013055815767454,0.4304228497526523,0.5013055815767454,0.4304228497526523,0.5013055815767454,0.4304228497526523,0.5013055815767454,0.4304228497526523
0.4,0.0,0.4,0.4,0.48,0.0,0.48,0.48,0.46237596635077544,0.4647482126656694,0.46237596635077544,0.4647482126656694,0.46237596635077544,0.4647482126656694,0.026142117678415948,0.012094721762787065,0.026142117678415948,0.012094721762787065,0.026142117678415948,0.012094721762787065,0.46237596635077544,0.4647482126656694,0.46237596635077544,0.4647482126656694,0.46237596635077544,0.4647482126656694,0.46237596635077544,0.4647482126656694,0.46237596635077544,0.4647482126656694,0.46237596635077544,0.4647482126656694
0.36,0.0,0.36,0.36,0.66,0.3413405656722201,0.66,0.66,0.35038978813029603,0.4291579352034006,0.35038978813029603,0.4291579352034006,0.35038978813029603,0.4291579352034006,0.004788185786675536,0.010517304074374827,0.004788185786675536,0.010517304074374827,0.004788185786675536,0.010517304074374827,0.35038978813029603,0.4291579352034006,0.35038978813029603,0.4291579352034006,0.35038978813029603,0.4291579352034006,0.35038978813029603,0.4291579352034006,0.35038978813029603,0.4291579352034006,0.35038978813029603,0.4291579352034006
0.46,0.0,0.46,0.46,0.66,0.3413405656722201,0.66,0.66,0.46028946827471107,0.5364715716076843,0.46028946827471107,0.5364715716076843,0.46028946827471107,0.5364715716076843,-0.00037512461195734884,0.10638896767523856,-0.00037512461195734884,0.10638896767523856,-0.00037512461195734884,0.10638896767523856,0.46028946827471107,0.5364715716076843,0.46028946827471107,0.5364715716076843,0.46028946827471107,0.5364715716076843,0.46028946827471107,0.5364715716076843,0.46028946827471107,0.5364715716076843,0.46028946827471107,0.5364715716076843
0.46,0.0,0.46,0.46,0.57,0.2386685552407932,0.57,0.57,0.5357103514227186,0.5098272068851214,0.5357103514227186,0.5098272068851214,0.5357103514227186,0.5098272068851214,0.017642127200884,0.0579519255331146,0.017642127200884,0.0579519255331146,0.017642127200884,0.0579519255331146,0.5357103514227186,0.5098272068851214,0.5357103514227186,0.5098272068851214,0.5357103514227186,0.5098272068851214,0.5357103514227186,0.5098272068851214,0.5357103514227186,0.5098272068851214,0.5357103514227186,0.5098272068851214
0.49,0.0,0.49,0.49,0.46,0.1011984021304926,0.46,0.46,0.4879505689045425,0.4764828815840194,0.4879505689045425,0.4764828815840194,0.4879505689045425,0.4764828815840194,0.04133269075130872,0.04528775415630377,0.04133269075130872,0.04528775415630377,0.04133269075130872,0.04528775415630377,0.4879505689045425,0.4764828815840194,0.4879505689045425,0.4764828815840194,0.4879505689045425,0.4764828815840194,0.4879505689045425,0.4764828815840194,0.4879505689045425,0.4764828815840194,0.4879505689045425,0.4764828815840194
0.43,0.0,0.43,0.43,0.41,0.0,0.41,0.41,0.49689178891311697,0.4720073190272921,0.49689178891311697,0.4720073190272921,0.49689178891311697,0.4720073190272921,0.029107372815098204,0.056802525665204835,0.029107372815098204,0.056802525665204835,0.029107372815098204,0.056802525665204835,0.49689178891311697,0.4720073190272921,0.49689178891311697,0.4720073190272921,0.49689178891311697,0.4720073190272921,0.49689178891311697,0.4720073190272921,0.49689178891311697,0.4720073190272921,0.49689178891311697,0.4720073190272921
0.49,0.1014799154334038,0.49,0.49,0.36,0.0,0.36,0.36,0.6333452245177488,0.5944918087175116,0.6333452245177488,0.5944918087175116,0.6333452245177488,0.5944918087175116,0.4456768687211231,0.36483735741822143,0.4456768687211231,0.36483735741822143,0.4456768687211231,0.36483735741822143,0.6333452245177488,0.5944918087175116,0.6333452245177488,0.5944918087175116,0.6333452245177488,0.5944918087175116,0.6333452245177488,0.5944918087175116,0.6333452245177488,0.5944918087175116,0.6333452245177488,0.5944918087175116
0.51,0.0262321144674084,0.51,0.51,0.42,0.0,0.42,0.42,0.5341652591727748,0.47574295826045954,0.5341652591727748,0.47574295826045954,0.5341652591727748,0.47574295826045954,0.4103922900309984,0.3413435052131268,0.4103922900309984,0.3413435052131268,0.4103922900309984,0.3413435052131268,0.5341652591727748,0.47574295826045954,0.5341652591727748,0.47574295826045954,0.5341652591727748,0.47574295826045954,0.5341652591727748,0.47574295826045954,0.5341652591727748,0.47574295826045954,0.5341652591727748,0.47574295826045954
0.73,0.3761552680221811,0.73,0.73,0.42,0.0,0.42,0.42,0.6697618405851126,0.621965576495877,0.6697618405851126,0.621965576495877,0.6697618405851126,0.621965576495877,0.48782296193714947,0.37126739701406475,0.48782296193714947,0.37126739701406475,0.48782296193714947,0.37126739701406475,0.6697618405851126,0.621965576495877,0.6697618405851126,0.621965576495877,0.6697618405851126,0.621965576495877,0.6697618405851126,0.621965576495877,0.6697618405851126,0.621965576495877,0.6697618405851126,0.621965576495877
0.51,-0.1611374407582937,0.51,0.51,0.48,0.0,0.48,0.48,0.5973707250980166,0.5949452919352821,0.5973707250980166,0.5949452919352821,0.5973707250980166,0.5949452919352821,0.2744601946050622,0.24673016039170814,0.2744601946050622,0.24673016039170814,0.2744601946050622,0.24673016039170814,0.5973707250980166,0.5949452919352821,0.5973707250980166,0.5949452919352821,0.5973707250980166,0.5949452919352821,0.5973707250980166,0.5949452919352821,0.5973707250980166,0.5949452919352821,0.5973707250980166,0.5949452919352821
0.6,0.0,0.6,0.6,0.52,0.0,0.52,0.52,0.5343011067545308,0.5353393841029994,0.5343011067545308,0.5353393841029994,0.5343011067545308,0.5353393841029994,0.021388827796633474,0.09200136268338234,0.021388827796633474,0.09200136268338234,0.021388827796633474,0.09200136268338234,0.5343011067545308,0.5353393841029994,0.5343011067545308,0.5353393841029994,0.5343011067545308,0.5353393841029994,0.5343011067545308,0.5353393841029994,0.5343011067545308,0.5353393841029994,0.5343011067545308,0.5353393841029994
0.5,0.0,0.5,0.5,0.64,0.0,0.64,0.64,0.42772378812185874,0.41686112229897876,0.42772378812185874,0.41686112229897876,0.42772378812185874,0.41686112229897876,0.014583494648234744,-0.032399626973585394,0.014583494648234744,-0.032399626973585394,0.014583494648234744,-0.032399626973585394,0.42772378812185874,0.41686112229897876,0.42772378812185874,0.41686112229897876,0.42772378812185874,0.41686112229897876,0.42772378812185874,0.41686112229897876,0.42772378812185874,0.41686112229897876,0.42772378812185874,0.41686112229897876
0.47,0.0,0.47,0.47,0.81,0.5774021352313168,0.81,0.81,0.34542877532970423,0.393398480424804,0.34542877532970423,0.393398480424804,0.34542877532970423,0.393398480424804,-0.013169453266282447,0.0038945988767439465,-0.013169453266282447,0.0038945988767439465,-0.013169453266282447,0.0038945988767439465,0.34542877532970423,0.393398480424804,0.34542877532970423,0.393398480424804,0.34542877532970423,0.393398480424804,0.34542877532970423,0.393398480424804,0.34542877532970423,0.393398480424804,0.34542877532970423,0.393398480424804
0.49,0.0,0.49,0.49,0.75,0.4931062449310623,0.75,0.75,0.5788855317000172,0.5280407651613851,0.5788855317000172,0.5280407651613851,0.5788855317000172,0.5280407651613851,0.010237807789534346,0.062469282647757744,0.010237807789534346,0.062469282647757744,0.010237807789534346,0.062469282647757744,0.5788855317000172,0.5280407651613851,0.5788855317000172,0.5280407651613851,0.5788855317000172,0.5280407651613851,0.5788855317000172,0.5280407651613851,0.5788855317000172,0.5280407651613851,0.5788855317000172,0.5280407651613851
0.48,0.0,0.48,0.48,0.67,0.3658724058416603,0.67,0.67,0.40615840254663066,0.4224434393929351,0.40615840254663066,0.4224434393929351,0.40615840254663066,0.4224434393929351,0.028649949793566516,0.030193490753543415,0.028649949793566516,0.030193490753543415,0.028649949793566516,0.030193490753543415,0.40615840254663066,0.4224434393929351,0.40615840254663066,0.4224434393929351,0.40615840254663066,0.4224434393929351,0.40615840254663066,0.4224434393929351,0.40615840254663066,0.4224434393929351,0.40615840254663066,0.4224434393929351
0.42,0.0,0.42,0.42,0.5,0.0544629349470497,0.5,0.5,0.4411693606366519,0.46358957657542643,0.4411693606366519,0.46358957657542643,0.4411693606366519,0.46358957657542643,0.05310664072412219,0.07143552217682964,0.05310664072412219,0.07143552217682964,0.05310664072412219,0.07143552217682964,0.4411693606366519,0.46358957657542643,0.4411693606366519,0.46358957657542643,0.4411693606366519,0.46358957657542643,0.4411693606366519,0.46358957657542643,0.4411693606366519,0.46358957657542643,0.4411693606366519,0.46358957657542643
0.42,0.0,0.42,0.42,0.47,0.0,0.47,0.47,0.4076710633770971,0.44391310924978583,0.4076710633770971,0.44391310924978583,0.4076710633770971,0.44391310924978583,0.014631848210000761,0.05108863134429281,0.014631848210000761,0.05108863134429281,0.014631848210000761,0.05108863134429281,0.4076710633770971,0.44391310924978583,0.4076710633770971,0.44391310924978583,0.4076710633770971,0.44391310924978583,0.4076710633770971,0.44391310924978583,0.4076710633770971,0.44391310924978583,0.4076710633770971,0.44391310924978583
0.53,0.2114093959731543,0.53,0.53,0.4,0.0,0.4,0.4,0.5663105725621165,0.5673476929044464,0.5663105725621165,0.5673476929044464,0.5663105725621165,0.5673476929044464,0.1871139832834777,0.3325196220824054,0.1871139832834777,0.3325196220824054,0.1871139832834777,0.3325196220824054,0.5663105725621165,0.5673476929044464,0.5663105725621165,0.5673476929044464,0.5663105725621165,0.5673476929044464,0.5663105725621165,0.5673476929044464,0.5663105725621165,0.5673476929044464,0.5663105725621165,0.5673476929044464
0.56,0.1419656786271451,0.56,0.56,0.36,0.0,0.36,0.36,0.4839159498857059,0.5315157679098413,0.4839159498857059,0.5315157679098413,0.4839159498857059,0.5315157679098413,0.07820692198203769,0.1070129467267052,0.07820692198203769,0.1070129467267052,0.07820692198203769,0.1070129467267052,0.4839159498857059,0.5315157679098413,0.4839159498857059,0.5315157679098413,0.4839159498857059,0.5315157679098413,0.4839159498857059,0.5315157679098413,0.4839159498857059,0.5315157679098413,0.4839159498857059,0.5315157679098413
0.66,0.3169947770188831,0.66,0.66,0.46,0.0,0.46,0.46,0.6919064953928995,0.6983628019185515,0.6919064953928995,0.6983628019185515,0.6919064953928995,0.6983628019185515,0.3952883466721235,0.3706531065364393,0.3952883466721235,0.3706531065364393,0.3952883466721235,0.3706531065364393,0.6919064953928995,0.6983628019185515,0.6919064953928995,0.6983628019185515,0.6919064953928995,0.6983628019185515,0.6919064953928995,0.6983628019185515,0.6919064953928995,0.6983628019185515,0.6919064953928995,0.6983628019185515
0.62,0.20997920997921,0.62,0.62,0.46,0.0,0.46,0.46,0.5084300018874051,0.5056135689725514,0.5084300018874051,0.5056135689725514,0.5084300018874051,0.5056135689725514,0.14475995898481087,0.12583878268146917,0.14475995898481087,0.12583878268146917,0.14475995898481087,0.12583878268146917,0.5084300018874051,0.5056135689725514,0.5084300018874051,0.5056135689725514,0.5084300018874051,0.5056135689725514,0.5084300018874051,0.5056135689725514,0.5084300018874051,0.5056135689725514,0.5084300018874051,0.5056135689725514
0.67,0.1581632653061224,0.67,0.67,0.49,0.0,0.49,0.49,0.6619172223866069,0.6890692730118285,0.6619172223866069,0.6890692730118285,0.6619172223866069,0.6890692730118285,0.30586702463544346,0.22598961252665636,0.30586702463544346,0.22598961252665636,0.30586702463544346,0.22598961252665636,0.6619172223866069,0.6890692730118285,0.6619172223866069,0.6890692730118285,0.6619172223866069,0.6890692730118285,0.6619172223866069,0.6890692730118285,0.6619172223866069,0.6890692730118285,0.6619172223866069,0.6890692730118285
0.61,0.0,0.61,0.61,0.43,0.0,0.43,0.43,0.44411326755571434,0.41462491440946975,0.44411326755571434,0.41462491440946975,0.44411326755571434,0.41462491440946975,0.0012393371336258433,0.006208543862703925,0.0012393371336258433,0.006208543862703925,0.0012393371336258433,0.006208543862703925,0.44411326755571434,0.41462491440946975,0.44411326755571434,0.41462491440946975,0.44411326755571434,0.41462491440946975,0.44411326755571434,0.41462491440946975,0.44411326755571434,0.41462491440946975,0.44411326755571434,0.41462491440946975
0.45,0.0,0.45,0.45,0.49,0.1014799154334038,0.49,0.49,0.382647285568597,0.4352131553815572,0.382647285568597,0.4352131553815572,0.382647285568597,0.4352131553815572,-0.04535280547970909,-0.02875132752348799,-0.04535280547970909,-0.02875132752348799,-0.04535280547970909,-0.02875132752348799,0.382647285568597,0.4352131553815572,0.382647285568597,0.4352131553815572,0.382647285568597,0.4352131553815572,0.382647285568597,0.4352131553815572,0.382647285568597,0.4352131553815572,0.382647285568597,0.4352131553815572
0.49,0.0,0.49,0.49,0.51,0.0262321144674084,0.51,0.51,0.42391607947684523,0.5995739020301305,0.42391607947684523,0.5995739020301305,0.42391607947684523,0.5995739020301305,-0.019848235063904915,0.04484712982312026,-0.019848235063904915,0.04484712982312026,-0.019848235063904915,0.04484712982312026,0.42391607947684523,0.5995739020301305,0.42391607947684523,0.5995739020301305,0.42391607947684523,0.5995739020301305,0.42391607947684523,0.5995739020301305,0.42391607947684523,0.5995739020301305,0.42391607947684523,0.5995739020301305
0.44,0.0,0.44,0.44,0.73,0.3761552680221811,0.73,0.73,0.41015067682091916,0.5161770972908873,0.41015067682091916,0.5161770972908873,0.41015067682091916,0.5161770972908873,0.017211574550303047,-0.02208183154143669,0.017211574550303047,-0.02208183154143669,0.017211574550303047,-0.02208183154143669,0.41015067682091916,0.5161770972908873,0.41015067682091916,0.5161770972908873,0.41015067682091916,0.5161770972908873,0.41015067682091916,0.5161770972908873,0.41015067682091916,0.5161770972908873,0.41015067682091916,0.5161770972908873
0.45,0.0,0.45,0.45,0.51,-0.1611374407582937,0.51,0.51,0.44487590915021186,0.5080657993802057,0.44487590915021186,0.5080657993802057,0.44487590915021186,0.5080657993802057,-0.04119737786017962,0.005980685327599631,-0.04119737786017962,0.005980685327599631,-0.04119737786017962,0.005980685327599631,0.44487590915021186,0.5080657993802057,0.44487590915021186,0.5080657993802057,0.44487590915021186,0.5080657993802057,0.44487590915021186,0.5080657993802057,0.44487590915021186,0.5080657993802057,0.44487590915021186,0.5080657993802057
0.58,0.0,0.58,0.58,0.6,0.0,0.6,0.6,0.4388792676009438,0.5351651211976439,0.4388792676009438,0.5351651211976439,0.4388792676009438,0.5351651211976439,0.021074236471346208,0.0033169992519045894,0.021074236471346208,0.0033169992519045894,0.021074236471346208,0.0033169992519045894,0.4388792676009438,0.5351651211976439,0.4388792676009438,0.5351651211976439,0.4388792676009438,0.5351651211976439,0.4388792676009438,0.5351651211976439,0.4388792676009438,0.5351651211976439,0.4388792676009438,0.5351651211976439
0.59,0.2258308157099696,0.59,0.59,0.5,0.0,0.5,0.5,0.5690996485404008,0.6228237677912312,0.5690996485404008,0.6228237677912312,0.5690996485404008,0.6228237677912312,0.19373336661618312,0.2896583767069249,0.19373336661618312,0.2896583767069249,0.19373336661618312,0.2896583767069249,0.5690996485404008,0.6228237677912312,0.5690996485404008,0.6228237677912312,0.5690996485404008,0.6228237677912312,0.5690996485404008,0.6228237677912312,0.5690996485404008,0.6228237677912312,0.5690996485404008,0.6228237677912312
0.67,0.2978723404255319,0.67,0.67,0.47,0.0,0.47,0.47,0.7001803138510734,0.7077815849085167,0.7001803138510734,0.7077815849085167,0.7001803138510734,0.7077815849085167,0.3415775127276327,0.3044581174052615,0.3415775127276327,0.3044581174052615,0.3415775127276327,0.3044581174052615,0.7001803138510734,0.7077815849085167,0.7001803138510734,0.7077815849085167,0.7001803138510734,0.7077815849085167,0.7001803138510734,0.7077815849085167,0.7001803138510734,0.7077815849085167,0.7001803138510734,0.7077815849085167
0.69,0.3318965517241379,0.69,0.69,0.49,0.0,0.49,0.49,0.7271308894382313,0.7323649687415629,0.7271308894382313,0.7323649687415629,0.7271308894382313,0.7323649687415629,0.36656479019717597,0.3017717224838552,0.36656479019717597,0.3017717224838552,0.36656479019717597,0.3017717224838552,0.7271308894382313,0.7323649687415629,0.7271308894382313,0.7323649687415629,0.7271308894382313,0.7323649687415629,0.7271308894382313,0.7323649687415629,0.7271308894382313,0.7323649687415629,0.7271308894382313,0.7323649687415629
0.67,0.2718446601941747,0.67,0.67,0.48,0.0,0.48,0.48,0.7246172581664565,0.7069454247692691,0.7246172581664565,0.7069454247692691,0.7246172581664565,0.7069454247692691,0.348502178444036,0.22238966372538135,0.348502178444036,0.22238966372538135,0.348502178444036,0.22238966372538135,0.7246172581664565,0.7069454247692691,0.7246172581664565,0.7069454247692691,0.7246172581664565,0.7069454247692691,0.7246172581664565,0.7069454247692691,0.7246172581664565,0.7069454247692691,0.7246172581664565,0.7069454247692691
0.63,-0.0393258426966294,0.63,0.63,0.42,0.0,0.42,0.42,0.5214980720540346,0.5551024983851316,0.5214980720540346,0.5551024983851316,0.5214980720540346,0.5551024983851316,-0.05441084117442025,-0.03558654964199102,-0.05441084117442025,-0.03558654964199102,-0.05441084117442025,-0.03558654964199102,0.5214980720540346,0.5551024983851316,0.5214980720540346,0.5551024983851316,0.5214980720540346,0.5551024983851316,0.5214980720540346,0.5551024983851316,0.5214980720540346,0.5551024983851316,0.5214980720540346,0.5551024983851316
0.55,0.0,0.55,0.55,0.42,0.0,0.42,0.42,0.47218794026103816,0.48815699315536776,0.47218794026103816,0.48815699315536776,0.47218794026103816,0.48815699315536776,-0.021327576671056805,-0.011724657187029657,-0.021327576671056805,-0.011724657187029657,-0.021327576671056805,-0.011724657187029657,0.47218794026103816,0.48815699315536776,0.47218794026103816,0.48815699315536776,0.47218794026103816,0.48815699315536776,0.47218794026103816,0.48815699315536776,0.47218794026103816,0.48815699315536776,0.47218794026103816,0.48815699315536776
0.54,0.0,0.54,0.54,0.53,0.2114093959731543,0.53,0.53,0.5904923565417487,0.5466229553233455,0.5904923565417487,0.5466229553233455,0.5904923565417487,0.5466229553233455,-0.009905499264860021,-0.02680949291329051,-0.009905499264860021,-0.02680949291329051,-0.009905499264860021,-0.02680949291329051,0.5904923565417487,0.5466229553233455,0.5904923565417487,0.5466229553233455,0.5904923565417487,0.5466229553233455,0.5904923565417487,0.5466229553233455,0.5904923565417487,0.5466229553233455,0.5904923565417487,0.5466229553233455
0.61,0.0,0.61,0.61,0.56,0.1419656786271451,0.56,0.56,0.4873888824642765,0.5613744492912237,0.4873888824642765,0.5613744492912237,0.4873888824642765,0.5613744492912237,-0.002842556991335961,-0.02430544351644508,-0.002842556991335961,-0.02430544351644508,-0.002842556991335961,-0.02430544351644508,0.4873888824642765,0.5613744492912237,0.4873888824642765,0.5613744492912237,0.4873888824642765,0.5613744492912237,0.4873888824642765,0.5613744492912237,0.4873888824642765,0.5613744492912237,0.4873888824642765,0.5613744492912237
0.67,0.0,0.67,0.67,0.66,0.3169947770188831,0.66,0.66,0.651045735238079,0.6376831800981688,0.651045735238079,0.6376831800981688,0.651045735238079,0.6376831800981688,0.018120630219113948,-0.010953294041368758,0.018120630219113948,-0.010953294041368758,0.018120630219113948,-0.010953294041368758,0.651045735238079,0.6376831800981688,0.651045735238079,0.6376831800981688,0.651045735238079,0.6376831800981688,0.651045735238079,0.6376831800981688,0.651045735238079,0.6376831800981688,0.651045735238079,0.6376831800981688
0.55,0.0,0.55,0.55,0.62,0.20997920997921,0.62,0.62,0.5353457730965856,0.656468299392212,0.5353457730965856,0.656468299392212,0.5353457730965856,0.656468299392212,-0.026629079465759126,0.055991704509116516,-0.026629079465759126,0.055991704509116516,-0.026629079465759126,0.055991704509116516,0.5353457730965856,0.656468299392212,0.5353457730965856,0.656468299392212,0.5353457730965856,0.656468299392212,0.5353457730965856,0.656468299392212,0.5353457730965856,0.656468299392212,0.5353457730965856,0.656468299392212
0.78,0.0,0.78,0.78,0.67,0.1581632653061224,0.67,0.67,0.6969655676641237,0.5975335702924628,0.6969655676641237,0.5975335702924628,0.6969655676641237,0.5975335702924628,0.060425613658992475,0.016401777414029914,0.060425613658992475,0.016401777414029914,0.060425613658992475,0.016401777414029914,0.6969655676641237,0.5975335702924628,0.6969655676641237,0.5975335702924628,0.6969655676641237,0.5975335702924628,0.6969655676641237,0.5975335702924628,0.6969655676641237,0.5975335702924628,0.6969655676641237,0.5975335702924628
0.67,0.1581632653061224,0.67,0.67,0.61,0.0,0.61,0.61,0.6882841969811214,0.7071325359820343,0.6882841969811214,0.7071325359820343,0.6882841969811214,0.7071325359820343,0.2066946970745574,0.14195635886952454,0.2066946970745574,0.14195635886952454,0.2066946970745574,0.14195635886952454,0.6882841969811214,0.7071325359820343,0.6882841969811214,0.7071325359820343,0.6882841969811214,0.7071325359820343,0.6882841969811214,0.7071325359820343,0.6882841969811214,0.7071325359820343,0.6882841969811214,0.7071325359820343
0.78,0.5445134575569358,0.78,0.78,0.45,0.0,0.45,0.45,0.6898628708893346,0.7234134365172123,0.6898628708893346,0.7234134365172123,0.6898628708893346,0.7234134365172123,0.37495957190222834,0.4000721128137676,0.37495957190222834,0.4000721128137676,0.37495957190222834,0.4000721128137676,0.6898628708893346,0.7234134365172123,0.6898628708893346,0.7234134365172123,0.6898628708893346,0.7234134365172123,0.6898628708893346,0.7234134365172123,0.6898628708893346,0.7234134365172123,0.6898628708893346,0.7234134365172123
0.59,0.2512783053323595,0.59,0.59,0.49,0.0,0.49,0.49,0.7110196724276605,0.7056204542413549,0.7110196724276605,0.7056204542413549,0.7110196724276605,0.7056204542413549,0.4221583145181264,0.395816577659013,0.4221583145181264,0.395816577659013,0.4221583145181264,0.395816577659013,0.7110196724276605,0.7056204542413549,0.7110196724276605,0.7056204542413549,0.7110196724276605,0.7056204542413549,0.7110196724276605,0.7056204542413549,0.7110196724276605,0.7056204542413549,0.7110196724276605,0.7056204542413549
0.62,0.2928917007815407,0.62,0.62,0.44,0.0,0.44,0.44,0.6045792255955175,0.5526143647828523,0.6045792255955175,0.5526143647828523,0.6045792255955175,0.5526143647828523,0.3549597379110961,0.16357030062668035,0.3549597379110961,0.16357030062668035,0.3549597379110961,0.16357030062668035,0.6045792255955175,0.5526143647828523,0.6045792255955175,0.5526143647828523,0.6045792255955175,0.5526143647828523,0.6045792255955175,0.5526143647828523,0.6045792255955175,0.5526143647828523,0.6045792255955175,0.5526143647828523
0.47,-0.042486231313926,0.47,0.47,0.45,0.0,0.45,0.45,0.5168123404321203,0.5319669492841973,0.5168123404321203,0.5319669492841973,0.5168123404321203,0.5319669492841973,-0.023306665612660905,-0.04167109549042671,-0.023306665612660905,-0.04167109549042671,-0.023306665612660905,-0.04167109549042671,0.5168123404321203,0.5319669492841973,0.5168123404321203,0.5319669492841973,0.5168123404321203,0.5319669492841973,0.5168123404321203,0.5319669492841973,0.5168123404321203,0.5319669492841973,0.5168123404321203,0.5319669492841973
0.47,0.0,0.47,0.47,0.58,0.0,0.58,0.58,0.5705952755331147,0.5727226159428292,0.5705952755331147,0.5727226159428292,0.5705952755331147,0.5727226159428292,-0.0007547932928651823,0.030711485375641487,-0.0007547932928651823,0.030711485375641487,-0.0007547932928651823,0.030711485375641487,0.5705952755331147,0.5727226159428292,0.5705952755331147,0.5727226159428292,0.5705952755331147,0.5727226159428292,0.5705952755331147,0.5727226159428292,0.5705952755331147,0.5727226159428292,0.5705952755331147,0.5727226159428292
0.54,0.0,0.54,0.54,0.59,0.2258308157099696,0.59,0.59,0.5915180438992492,0.5477579304573919,0.5915180438992492,0.5477579304573919,0.5915180438992492,0.5477579304573919,-0.038917902511612396,-0.009171132515328017,-0.038917902511612396,-0.009171132515328017,-0.038917902511612396,-0.009171132515328017,0.5915180438992492,0.5477579304573919,0.5915180438992492,0.5477579304573919,0.5915180438992492,0.5477579304573919,0.5915180438992492,0.5477579304573919,0.5915180438992492,0.5477579304573919,0.5915180438992492,0.5477579304573919
0.42,0.0,0.42,0.42,0.67,0.2978723404255319,0.67,0.67,0.47877188262876086,0.536226884898868,0.47877188262876086,0.536226884898868,0.47877188262876086,0.536226884898868,0.04587933395283185,-0.0016347023335587449,0.04587933395283185,-0.0016347023335587449,0.04587933395283185,-0.0016347023335587449,0.47877188262876086,0.536226884898868,0.47877188262876086,0.536226884898868,0.47877188262876086,0.536226884898868,0.47877188262876086,0.536226884898868,0.47877188262876086,0.536226884898868,0.47877188262876086,0.536226884898868
0.43,0.0,0.43,0.43,0.69,0.3318965517241379,0.69,0.69,0.5288473365688183,0.5403112389671222,0.5288473365688183,0.5403112389671222,0.5288473365688183,0.5403112389671222,1.7377838208847444e-06,-0.016246874427049276,1.7377838208847444e-06,-0.016246874427049276,1.7377838208847444e-06,-0.016246874427049276,0.5288473365688183,0.5403112389671222,0.5288473365688183,0.5403112389671222,0.5288473365688183,0.5403112389671222,0.5288473365688183,0.5403112389671222,0.5288473365688183,0.5403112389671222,0.5288473365688183,0.5403112389671222
0.41,0.0,0.41,0.41,0.67,0.2718446601941747,0.67,0.67,0.6684695960289366,0.7166582114108845,0.6684695960289366,0.7166582114108845,0.6684695960289366,0.7166582114108845,0.062442628473552565,0.03671985061449033,0.062442628473552565,0.03671985061449033,0.062442628473552565,0.03671985061449033,0.6684695960289366,0.7166582114108845,0.6684695960289366,0.7166582114108845,0.6684695960289366,0.7166582114108845,0.6684695960289366,0.7166582114108845,0.6684695960289366,0.7166582114108845,0.6684695960289366,0.7166582114108845
0.57,0.0,0.57,0.57,0.63,-0.0393258426966294,0.63,0.63,0.5931540135296628,0.6610350178615104,0.5931540135296628,0.6610350178615104,0.5931540135296628,0.6610350178615104,0.02765638493905352,0.0055562260333288935,0.02765638493905352,0.0055562260333288935,0.02765638493905352,0.0055562260333288935,0.5931540135296628,0.6610350178615104,0.5931540135296628,0.6610350178615104,0.5931540135296628,0.6610350178615104,0.5931540135296628,0.6610350178615104,0.5931540135296628,0.6610350178615104,0.5931540135296628,0.6610350178615104
0.61,0.0,0.61,0.61,0.55,0.0,0.55,0.55,0.6757239809476575,0.6182204983817973,0.6757239809476575,0.6182204983817973,0.6757239809476575,0.6182204983817973,-0.010973132511905048,0.00667948136827571,-0.010973132511905048,0.00667948136827571,-0.010973132511905048,0.00667948136827571,0.6757239809476575,0.6182204983817973,0.6757239809476575,0.6182204983817973,0.6757239809476575,0.6182204983817973,0.6757239809476575,0.6182204983817973,0.6757239809476575,0.6182204983817973,0.6757239809476575,0.6182204983817973
0.76,0.4836488812392426,0.76,0.76,0.54,0.0,0.54,0.54,0.6754726262069238,0.7120214172632356,0.6754726262069238,0.7120214172632356,0.6754726262069238,0.7120214172632356,0.28756590840925184,0.4001049121042064,0.28756590840925184,0.4001049121042064,0.28756590840925184,0.4001049121042064,0.6754726262069238,0.7120214172632356,0.6754726262069238,0.7120214172632356,0.6754726262069238,0.7120214172632356,0.6754726262069238,0.7120214172632356,0.6754726262069238,0.7120214172632356,0.6754726262069238,0.7120214172632356
0.83,0.630755864465682,0.83,0.83,0.61,0.0,0.61,0.61,0.7083350297683106,0.7057041440552259,0.7083350297683106,0.7057041440552259,0.7083350297683106,0.7057041440552259,0.31190591813868923,0.3527838808403713,0.31190591813868923,0.3527838808403713,0.31190591813868923,0.3527838808403713,0.7083350297683106,0.7057041440552259,0.7083350297683106,0.7057041440552259,0.7083350297683106,0.7057041440552259,0.7083350297683106,0.7057041440552259,0.7083350297683106,0.7057041440552259,0.7083350297683106,0.7057041440552259
0.86,0.6886120996441281,0.86,0.86,0.67,0.0,0.67,0.67,0.6606086025599841,0.6727004386008709,0.6606086025599841,0.6727004386008709,0.6606086025599841,0.6727004386008709,0.26836378325299104,0.23594837825704895,0.26836378325299104,0.23594837825704895,0.26836378325299104,0.23594837825704895,0.6606086025599841,0.6727004386008709,0.6606086025599841,0.6727004386008709,0.6606086025599841,0.6727004386008709,0.6606086025599841,0.6727004386008709,0.6606086025599841,0.6727004386008709,0.6606086025599841,0.6727004386008709
0.79,0.34375,0.79,0.79,0.55,0.0,0.55,0.55,0.7414146824179291,0.7079807041838471,0.7414146824179291,0.7079807041838471,0.7414146824179291,0.7079807041838471,0.1552069531211944,0.16080163112072388,0.1552069531211944,0.16080163112072388,0.1552069531211944,0.16080163112072388,0.7414146824179291,0.7079807041838471,0.7414146824179291,0.7079807041838471,0.7414146824179291,0.7079807041838471,0.7414146824179291,0.7079807041838471,0.7414146824179291,0.7079807041838471,0.7414146824179291,0.7079807041838471
0.8,0.0,0.8,0.8,0.78,0.0,0.78,0.78,0.6212083530720415,0.627007989145047,0.6212083530720415,0.627007989145047,0.6212083530720415,0.627007989145047,-0.08168081892462552,-0.1014619047108197,-0.08168081892462552,-0.1014619047108197,-0.08168081892462552,-0.1014619047108197,0.6212083530720415,0.627007989145047,0.6212083530720415,0.627007989145047,0.6212083530720415,0.627007989145047,0.6212083530720415,0.627007989145047,0.6212083530720415,0.627007989145047,0.6212083530720415,0.627007989145047
0.7,0.0,0.7,0.7,0.67,0.1581632653061224,0.67,0.67,0.6554682443190175,0.66941510799663,0.6554682443190175,0.66941510799663,0.6554682443190175,0.66941510799663,-0.0014119910868302908,-0.01955045774228332,-0.0014119910868302908,-0.01955045774228332,-0.0014119910868302908,-0.01955045774228332,0.6554682443190175,0.66941510799663,0.6554682443190175,0.66941510799663,0.6554682443190175,0.66941510799663,0.6554682443190175,0.66941510799663,0.6554682443190175,0.66941510799663,0.6554682443190175,0.66941510799663
0.59,0.0,0.59,0.59,0.78,0.5445134575569358,0.78,0.78,0.5766927089934363,0.47378605296877135,0.5766927089934363,0.47378605296877135,0.5766927089934363,0.47378605296877135,0.006119233519895411,-0.06376033062924254,0.006119233519895411,-0.06376033062924254,0.006119233519895411,-0.06376033062924254,0.5766927089934363,0.47378605296877135,0.5766927089934363,0.47378605296877135,0.5766927089934363,0.47378605296877135,0.5766927089934363,0.47378605296877135,0.5766927089934363,0.47378605296877135,0.5766927089934363,0.47378605296877135
0.61,0.0,0.61,0.61,0.59,0.2512783053323595,0.59,0.59,0.5183135645446212,0.5166035976749079,0.5183135645446212,0.5166035976749079,0.5183135645446212,0.5166035976749079,-0.0298339247126977,-0.018767176332445762,-0.0298339247126977,-0.018767176332445762,-0.0298339247126977,-0.018767176332445762,0.5183135645446212,0.5166035976749079,0.5183135645446212,0.5166035976749079,0.5183135645446212,0.5166035976749079,0.5183135645446212,0.5166035976749079,0.5183135645446212,0.5166035976749079,0.5183135645446212,0.5166035976749079
0.63,0.0,0.63,0.63,0.62,0.2928917007815407,0.62,0.62,0.6011366049467854,0.6700538274056489,0.6011366049467854,0.6700538274056489,0.6011366049467854,0.6700538274056489,-0.010958715648589634,0.013118581751425195,-0.010958715648589634,0.013118581751425195,-0.010958715648589634,0.013118581751425195,0.6011366049467854,0.6700538274056489,0.6011366049467854,0.6700538274056489,0.6011366049467854,0.6700538274056489,0.6011366049467854,0.6700538274056489,0.6011366049467854,0.6700538274056489,0.6011366049467854,0.6700538274056489
0.56,0.0,0.56,0.56,0.47,-0.042486231313926,0.47,0.47,0.4942620873054028,0.6026456779060451,0.4942620873054028,0.6026456779060451,0.4942620873054028,0.6026456779060451,-0.033753652153203736,-0.02086163431964237,-0.033753652153203736,-0.02086163431964237,-0.033753652153203736,-0.02086163431964237,0.4942620873054028,0.6026456779060451,0.4942620873054028,0.6026456779060451,0.4942620873054028,0.6026456779060451,0.4942620873054028,0.6026456779060451,0.4942620873054028,0.6026456779060451,0.4942620873054028,0.6026456779060451
0.47,0.0,0.47,0.47,0.47,0.0,0.47,0.47,0.45226577770649673,0.46595918131485625,0.45226577770649673,0.46595918131485625,0.45226577770649673,0.46595918131485625,-0.023373015597249976,-0.004737967054954908,-0.023373015597249976,-0.004737967054954908,-0.023373015597249976,-0.004737967054954908,0.45226577770649673,0.46595918131485625,0.45226577770649673,0.46595918131485625,0.45226577770649673,0.46595918131485625,0.45226577770649673,0.46595918131485625,0.45226577770649673,0.46595918131485625,0.45226577770649673,0.46595918131485625
0.41,-0.0719476744186045,0.41,0.41,0.54,0.0,0.54,0.54,0.5293364128433161,0.5405575915313273,0.5293364128433161,0.5405575915313273,0.5293364128433161,0.5405575915313273,0.02202282982735885,0.09338290479542832,0.02202282982735885,0.09338290479542832,0.02202282982735885,0.09338290479542832,0.5293364128433161,0.5405575915313273,0.5293364128433161,0.5405575915313273,0.5293364128433161,0.5405575915313273,0.5293364128433161,0.5405575915313273,0.5293364128433161,0.5405575915313273,0.5293364128433161,0.5405575915313273
0.36,-0.2441679626749611,0.36,0.36,0.42,0.0,0.42,0.42,0.5059084334663091,0.5692063714419089,0.5059084334663091,0.5692063714419089,0.5059084334663091,0.5692063714419089,-0.13311473532884105,0.025862461144652793,-0.13311473532884105,0.025862461144652793,-0.13311473532884105,0.025862461144652793,0.5059084334663091,0.5692063714419089,0.5059084334663091,0.5692063714419089,0.5059084334663091,0.5692063714419089,0.5059084334663091,0.5692063714419089,0.5059084334663091,0.5692063714419089,0.5059084334663091,0.5692063714419089
0.49,-0.0906757912745936,0.49,0.49,0.43,0.0,0.43,0.43,0.5260603893775839,0.5224128289401585,0.5260603893775839,0.5224128289401585,0.5260603893775839,0.5224128289401585,-0.030193953502287887,0.07979306575195529,-0.030193953502287887,0.07979306575195529,-0.030193953502287887,0.07979306575195529,0.5260603893775839,0.5224128289401585,0.5260603893775839,0.5224128289401585,0.5260603893775839,0.5224128289401585,0.5260603893775839,0.5224128289401585,0.5260603893775839,0.5224128289401585,0.5260603893775839,0.5224128289401585
0.32,-0.3600000000000001,0.32,0.32,0.41,0.0,0.41,0.41,0.5009512411203297,0.5401457772187132,0.5009512411203297,0.5401457772187132,0.5009512411203297,0.5401457772187132,-0.0603277538184018,0.0745946801669611,-0.0603277538184018,0.0745946801669611,-0.0603277538184018,0.0745946801669611,0.5009512411203297,0.5401457772187132,0.5009512411203297,0.5401457772187132,0.5009512411203297,0.5401457772187132,0.5009512411203297,0.5401457772187132,0.5009512411203297,0.5401457772187132,0.5009512411203297,0.5401457772187132
0.45,0.0,0.45,0.45,0.57,0.0,0.57,0.57,0.5410372198406943,0.5618452746587899,0.5410372198406943,0.5618452746587899,0.5410372198406943,0.5618452746587899,-0.0724354088169267,-0.016043075498116788,-0.0724354088169267,-0.016043075498116788,-0.0724354088169267,-0.016043075498116788,0.5410372198406943,0.5618452746587899,0.5410372198406943,0.5618452746587899,0.5410372198406943,0.5618452746587899,0.5410372198406943,0.5618452746587899,0.5410372198406943,0.5618452746587899,0.5410372198406943,0.5618452746587899
0.6,0.0,0.6,0.6,0.61,0.0,0.61,0.61,0.5214440416686981,0.5134973577797146,0.5214440416686981,0.5134973577797146,0.5214440416686981,0.5134973577797146,0.040752922647677256,0.03189605201907054,0.040752922647677256,0.03189605201907054,0.040752922647677256,0.03189605201907054,0.5214440416686981,0.5134973577797146,0.5214440416686981,0.5134973577797146,0.5214440416686981,0.5134973577797146,0.5214440416686981,0.5134973577797146,0.5214440416686981,0.5134973577797146,0.5214440416686981,0.5134973577797146
0.55,0.0,0.55,0.55,0.76,0.4836488812392426,0.76,0.76,0.4439774051002513,0.4749714462880507,0.4439774051002513,0.4749714462880507,0.4439774051002513,0.4749714462880507,-0.02538568433227169,-0.047041890630161856,-0.02538568433227169,-0.047041890630161856,-0.02538568433227169,-0.047041890630161856,0.4439774051002513,0.4749714462880507,0.4439774051002513,0.4749714462880507,0.4439774051002513,0.4749714462880507,0.4439774051002513,0.4749714462880507,0.4439774051002513,0.4749714462880507,0.4439774051002513,0.4749714462880507
0.68,0.0,0.68,0.68,0.83,0.630755864465682,0.83,0.83,0.5128638771358627,0.5615539186814119,0.5128638771358627,0.5615539186814119,0.5128638771358627,0.5615539186814119,-0.010928919650492088,-0.014661367520948413,-0.010928919650492088,-0.014661367520948413,-0.010928919650492088,-0.014661367520948413,0.5128638771358627,0.5615539186814119,0.5128638771358627,0.5615539186814119,0.5128638771358627,0.5615539186814119,0.5128638771358627,0.5615539186814119,0.5128638771358627,0.5615539186814119,0.5128638771358627,0.5615539186814119
0.78,0.0,0.78,0.78,0.86,0.6886120996441281,0.86,0.86,0.7247163308875338,0.7471481037021804,0.7247163308875338,0.7471481037021804,0.7247163308875338,0.7471481037021804,0.06631813672338924,0.0360514523151795,0.06631813672338924,0.0360514523151795,0.06631813672338924,0.0360514523151795,0.7247163308875338,0.7471481037021804,0.7247163308875338,0.7471481037021804,0.7247163308875338,0.7471481037021804,0.7247163308875338,0.7471481037021804,0.7247163308875338,0.7471481037021804,0.7247163308875338,0.7471481037021804
0.78,0.0,0.78,0.78,0.79,0.34375,0.79,0.79,0.7441761301933674,0.7739366649379433,0.7441761301933674,0.7739366649379433,0.7441761301933674,0.7739366649379433,-0.017685070476676324,-0.013425250000442762,-0.017685070476676324,-0.013425250000442762,-0.017685070476676324,-0.013425250000442762,0.7441761301933674,0.7739366649379433,0.7441761301933674,0.7739366649379433,0.7441761301933674,0.7739366649379433,0.7441761301933674,0.7739366649379433,0.7441761301933674,0.7739366649379433,0.7441761301933674,0.7739366649379433
0.78,0.0,0.78,0.78,0.8,0.0,0.8,0.8,0.6658060893648837,0.5845817041386648,0.6658060893648837,0.5845817041386648,0.6658060893648837,0.5845817041386648,0.029053232058045015,0.016786097865068867,0.029053232058045015,0.016786097865068867,0.029053232058045015,0.016786097865068867,0.6658060893648837,0.5845817041386648,0.6658060893648837,0.5845817041386648,0.6658060893648837,0.5845817041386648,0.6658060893648837,0.5845817041386648,0.6658060893648837,0.5845817041386648,0.6658060893648837,0.5845817041386648
0.64,-0.0273972602739727,0.64,0.64,0.7,0.0,0.7,0.7,0.6658370808505543,0.6377187072857472,0.6658370808505543,0.6377187072857472,0.6658370808505543,0.6377187072857472,0.12004041993859006,0.10103191352405962,0.12004041993859006,0.10103191352405962,0.12004041993859006,0.10103191352405962,0.6658370808505543,0.6377187072857472,0.6658370808505543,0.6377187072857472,0.6658370808505543,0.6377187072857472,0.6658370808505543,0.6377187072857472,0.6658370808505543,0.6377187072857472,0.6658370808505543,0.6377187072857472
0.56,0.0054249547920434,0.56,0.56,0.59,0.0,0.59,0.59,0.6697002995351943,0.6092998784568242,0.6697002995351943,0.6092998784568242,0.6697002995351943,0.6092998784568242,0.131615430020112,0.051324716374734534,0.131615430020112,0.051324716374734534,0.131615430020112,0.051324716374734534,0.6697002995351943,0.6092998784568242,0.6697002995351943,0.6092998784568242,0.6697002995351943,0.6092998784568242,0.6697002995351943,0.6092998784568242,0.6697002995351943,0.6092998784568242,0.6697002995351943,0.6092998784568242
0.58,0.0349264705882353,0.58,0.58,0.61,0.0,0.61,0.61,0.7066618690371917,0.7327694070509047,0.7066618690371917,0.7327694070509047,0.7066618690371917,0.7327694070509047,0.2922876523789941,0.19549445264509144,0.2922876523789941,0.19549445264509144,0.2922876523789941,0.19549445264509144,0.7066618690371917,0.7327694070509047,0.7066618690371917,0.7327694070509047,0.7066618690371917,0.7327694070509047,0.7066618690371917,0.7327694070509047,0.7066618690371917,0.7327694070509047,0.7066618690371917,0.7327694070509047
0.45,-0.179245283018868,0.45,0.45,0.63,0.0,0.63,0.63,0.5927256995348752,0.5201579090271944,0.5927256995348752,0.5201579090271944,0.5927256995348752,0.5201579090271944,0.08972929030811298,-0.05327211792987553,0.08972929030811298,-0.05327211792987553,0.08972929030811298,-0.05327211792987553,0.5927256995348752,0.5201579090271944,0.5927256995348752,0.5201579090271944,0.5927256995348752,0.5201579090271944,0.5927256995348752,0.5201579090271944,0.5927256995348752,0.5201579090271944,0.5927256995348752,0.5201579090271944
0.61,0.0,0.61,0.61,0.56,0.0,0.56,0.56,0.6499169096514616,0.6631800788031063,0.6499169096514616,0.6631800788031063,0.6499169096514616,0.6631800788031063,-0.02164129901022285,-0.0446321046996524,-0.02164129901022285,-0.0446321046996524,-0.02164129901022285,-0.0446321046996524,0.6499169096514616,0.6631800788031063,0.6499169096514616,0.6631800788031063,0.6499169096514616,0.6631800788031063,0.6499169096514616,0.6631800788031063,0.6499169096514616,0.6631800788031063,0.6499169096514616,0.6631800788031063
0.52,0.0,0.52,0.52,0.47,0.0,0.47,0.47,0.6427840531090452,0.6509251865561831,0.6427840531090452,0.6509251865561831,0.6427840531090452,0.6509251865561831,0.022849893592474857,0.02172133564650138,0.022849893592474857,0.02172133564650138,0.022849893592474857,0.02172133564650138,0.6427840531090452,0.6509251865561831,0.6427840531090452,0.6509251865561831,0.6427840531090452,0.6509251865561831,0.6427840531090452,0.6509251865561831,0.6427840531090452,0.6509251865561831,0.6427840531090452,0.6509251865561831
0.63,0.0,0.63,0.63,0.41,-0.0719476744186045,0.41,0.41,0.7229736336844526,0.68144395291607,0.7229736336844526,0.68144395291607,0.7229736336844526,0.68144395291607,-0.0024890691787093676,-0.033387782220559305,-0.0024890691787093676,-0.033387782220559305,-0.0024890691787093676,-0.033387782220559305,0.7229736336844526,0.68144395291607,0.7229736336844526,0.68144395291607,0.7229736336844526,0.68144395291607,0.7229736336844526,0.68144395291607,0.7229736336844526,0.68144395291607,0.7229736336844526,0.68144395291607
0.64,0.0,0.64,0.64,0.36,-0.2441679626749611,0.36,0.36,0.7568168575962808,0.786131784838012,0.7568168575962808,0.786131784838012,0.7568168575962808,0.786131784838012,0.013955507200169344,-0.011703801576311965,0.013955507200169344,-0.011703801576311965,0.013955507200169344,-0.011703801576311965,0.7568168575962808,0.786131784838012,0.7568168575962808,0.786131784838012,0.7568168575962808,0.786131784838012,0.7568168575962808,0.786131784838012,0.7568168575962808,0.786131784838012,0.7568168575962808,0.786131784838012
0.65,0.0,0.65,0.65,0.49,-0.0906757912745936,0.49,0.49,0.723070444591524,0.6894437413428656,0.723070444591524,0.6894437413428656,0.723070444591524,0.6894437413428656,0.019849141402316656,-0.03128399575493835,0.019849141402316656,-0.03128399575493835,0.019849141402316656,-0.03128399575493835,0.723070444591524,0.6894437413428656,0.723070444591524,0.6894437413428656,0.723070444591524,0.6894437413428656,0.723070444591524,0.6894437413428656,0.723070444591524,0.6894437413428656,0.723070444591524,0.6894437413428656
0.53,0.0,0.53,0.53,0.32,-0.3600000000000001,0.32,0.32,0.5878831339501084,0.5215835050093675,0.5878831339501084,0.5215835050093675,0.5878831339501084,0.5215835050093675,-0.0021665834841512904,-0.03610463718678168,-0.0021665834841512904,-0.03610463718678168,-0.0021665834841512904,-0.03610463718678168,0.5878831339501084,0.5215835050093675,0.5878831339501084,0.5215835050093675,0.5878831339501084,0.5215835050093675,0.5878831339501084,0.5215835050093675,0.5878831339501084,0.5215835050093675,0.5878831339501084,0.5215835050093675
0.46,0.0,0.46,0.46,0.45,0.0,0.45,0.45,0.6316624083605846,0.5576464576060701,0.6316624083605846,0.5576464576060701,0.6316624083605846,0.5576464576060701,0.024098731230119443,0.0232311757930288,0.024098731230119443,0.0232311757930288,0.024098731230119443,0.0232311757930288,0.6316624083605846,0.5576464576060701,0.6316624083605846,0.5576464576060701,0.6316624083605846,0.5576464576060701,0.6316624083605846,0.5576464576060701,0.6316624083605846,0.5576464576060701,0.6316624083605846,0.5576464576060701
0.48,0.0,0.48,0.48,0.6,0.0,0.6,0.6,0.7017066996634037,0.6242647405497684,0.7017066996634037,0.6242647405497684,0.7017066996634037,0.6242647405497684,0.039123891818064846,0.013409119066017513,0.039123891818064846,0.013409119066017513,0.039123891818064846,0.013409119066017513,0.7017066996634037,0.6242647405497684,0.7017066996634037,0.6242647405497684,0.7017066996634037,0.6242647405497684,0.7017066996634037,0.6242647405497684,0.7017066996634037,0.6242647405497684,0.7017066996634037,0.6242647405497684
0.63,0.2386831275720163,0.63,0.63,0.55,0.0,0.55,0.55,0.6776549191619209,0.6254883114357414,0.6776549191619209,0.6254883114357414,0.6776549191619209,0.6254883114357414,0.15799343182144684,-0.00823401181712855,0.15799343182144684,-0.00823401181712855,0.15799343182144684,-0.00823401181712855,0.6776549191619209,0.6254883114357414,0.6776549191619209,0.6254883114357414,0.6776549191619209,0.6254883114357414,0.6776549191619209,0.6254883114357414,0.6776549191619209,0.6254883114357414,0.6776549191619209,0.6254883114357414
0.71,0.3255813953488372,0.71,0.71,0.68,0.0,0.68,0.68,0.670070969255054,0.6273972588462177,0.670070969255054,0.6273972588462177,0.670070969255054,0.6273972588462177,0.1596699738887536,0.1191894540973939,0.1596699738887536,0.1191894540973939,0.1596699738887536,0.1191894540973939,0.670070969255054,0.6273972588462177,0.670070969255054,0.6273972588462177,0.670070969255054,0.6273972588462177,0.670070969255054,0.6273972588462177,0.670070969255054,0.6273972588462177,0.670070969255054,0.6273972588462177
0.64,0.2484342379958247,0.64,0.64,0.78,0.0,0.78,0.78,0.6610583670096746,0.6345287999276878,0.6610583670096746,0.6345287999276878,0.6610583670096746,0.6345287999276878,0.18137089668598316,0.06119004297062478,0.18137089668598316,0.06119004297062478,0.18137089668598316,0.06119004297062478,0.6610583670096746,0.6345287999276878,0.6610583670096746,0.6345287999276878,0.6610583670096746,0.6345287999276878,0.6610583670096746,0.6345287999276878,0.6610583670096746,0.6345287999276878,0.6610583670096746,0.6345287999276878
0.58,0.050632911392405,0.58,0.58,0.78,0.0,0.78,0.78,0.63409523534438,0.5490696829977169,0.63409523534438,0.5490696829977169,0.63409523534438,0.5490696829977169,0.11310448169031839,-0.031647101391360545,0.11310448169031839,-0.031647101391360545,0.11310448169031839,-0.031647101391360545,0.63409523534438,0.5490696829977169,0.63409523534438,0.5490696829977169,0.63409523534438,0.5490696829977169,0.63409523534438,0.5490696829977169,0.63409523534438,0.5490696829977169,0.63409523534438,0.5490696829977169
0.5,0.0,0.5,0.5,0.78,0.0,0.78,0.78,0.6273142041868289,0.6001176160205859,0.6273142041868289,0.6001176160205859,0.6273142041868289,0.6001176160205859,0.047107463004599254,0.02345124828433075,0.047107463004599254,0.02345124828433075,0.047107463004599254,0.02345124828433075,0.6273142041868289,0.6001176160205859,0.6273142041868289,0.6001176160205859,0.6273142041868289,0.6001176160205859,0.6273142041868289,0.6001176160205859,0.6273142041868289,0.6001176160205859,0.6273142041868289,0.6001176160205859
0.54,0.0,0.54,0.54,0.64,-0.0273972602739727,0.64,0.64,0.6525345668428597,0.6619628766816013,0.6525345668428597,0.6619628766816013,0.6525345668428597,0.6619628766816013,0.006669861511250159,-0.03380390138376534,0.006669861511250159,-0.03380390138376534,0.006669861511250159,-0.03380390138376534,0.6525345668428597,0.6619628766816013,0.6525345668428597,0.6619628766816013,0.6525345668428597,0.6619628766816013,0.6525345668428597,0.6619628766816013,0.6525345668428597,0.6619628766816013,0.6525345668428597,0.6619628766816013
0.57,0.0,0.57,0.57,0.56,0.0054249547920434,0.56,0.56,0.5671565279589622,0.49773673765867815,0.5671565279589622,0.49773673765867815,0.5671565279589622,0.49773673765867815,0.02698754340803821,-0.04636942480530641,0.02698754340803821,-0.04636942480530641,0.02698754340803821,-0.04636942480530641,0.5671565279589622,0.49773673765867815,0.5671565279589622,0.49773673765867815,0.5671565279589622,0.49773673765867815,0.5671565279589622,0.49773673765867815,0.5671565279589622,0.49773673765867815,0.5671565279589622,0.49773673765867815
0.58,0.0,0.58,0.58,0.58,0.0349264705882353,0.58,0.58,0.6379450913655157,0.5826258451492482,0.6379450913655157,0.5826258451492482,0.6379450913655157,0.5826258451492482,0.013771682285401382,-0.04981621533310391,0.013771682285401382,-0.04981621533310391,0.013771682285401382,-0.04981621533310391,0.6379450913655157,0.5826258451492482,0.6379450913655157,0.5826258451492482,0.6379450913655157,0.5826258451492482,0.6379450913655157,0.5826258451492482,0.6379450913655157,0.5826258451492482,0.6379450913655157,0.5826258451492482
0.67,0.0,0.67,0.67,0.45,-0.179245283018868,0.45,0.45,0.7223917504419494,0.7793637656314263,0.7223917504419494,0.7793637656314263,0.7223917504419494,0.7793637656314263,-0.006024306188893736,-0.014342609245653589,-0.006024306188893736,-0.014342609245653589,-0.006024306188893736,-0.014342609245653589,0.7223917504419494,0.7793637656314263,0.7223917504419494,0.7793637656314263,0.7223917504419494,0.7793637656314263,0.7223917504419494,0.7793637656314263,0.7223917504419494,0.7793637656314263,0.7223917504419494,0.7793637656314263
0.79,0.0,0.79,0.79,0.61,0.0,0.61,0.61,0.7698444291374961,0.7570918334252261,0.7698444291374961,0.7570918334252261,0.7698444291374961,0.7570918334252261,0.017482056739626845,-0.001653919187444954,0.017482056739626845,-0.001653919187444954,0.017482056739626845,-0.001653919187444954,0.7698444291374961,0.7570918334252261,0.7698444291374961,0.7570918334252261,0.7698444291374961,0.7570918334252261,0.7698444291374961,0.7570918334252261,0.7698444291374961,0.7570918334252261,0.7698444291374961,0.7570918334252261
0.75,0.1473396998635743,0.75,0.75,0.52,0.0,0.52,0.52,0.7126773610426207,0.728120304777293,0.7126773610426207,0.728120304777293,0.7126773610426207,0.728120304777293,0.21143082568366087,0.177724208676643,0.21143082568366087,0.177724208676643,0.21143082568366087,0.177724208676643,0.7126773610426207,0.728120304777293,0.7126773610426207,0.728120304777293,0.7126773610426207,0.728120304777293,0.7126773610426207,0.728120304777293,0.7126773610426207,0.728120304777293,0.7126773610426207,0.728120304777293
0.73,0.4341994970662196,0.73,0.73,0.63,0.0,0.63,0.63,0.7073027426345594,0.6857113001855042,0.7073027426345594,0.6857113001855042,0.7073027426345594,0.6857113001855042,0.32215217123449347,0.3345060264300517,0.32215217123449347,0.3345060264300517,0.32215217123449347,0.3345060264300517,0.7073027426345594,0.6857113001855042,0.7073027426345594,0.6857113001855042,0.7073027426345594,0.6857113001855042,0.7073027426345594,0.6857113001855042,0.7073027426345594,0.6857113001855042,0.7073027426345594,0.6857113001855042
0.72,0.4178794178794178,0.72,0.72,0.64,0.0,0.64,0.64,0.7687776483540678,0.7685812226376252,0.7687776483540678,0.7685812226376252,0.7687776483540678,0.7685812226376252,0.41738094249214963,0.3676166140873673,0.41738094249214963,0.3676166140873673,0.41738094249214963,0.3676166140873673,0.7687776483540678,0.7685812226376252,0.7687776483540678,0.7685812226376252,0.7687776483540678,0.7685812226376252,0.7687776483540678,0.7685812226376252,0.7687776483540678,0.7685812226376252,0.7687776483540678,0.7685812226376252
0.78,0.5198603230030554,0.78,0.78,0.65,0.0,0.65,0.65,0.7075219587205924,0.7306341951163347,0.7075219587205924,0.7306341951163347,0.7075219587205924,0.7306341951163347,0.36026847820283914,0.2413160024897474,0.36026847820283914,0.2413160024897474,0.36026847820283914,0.2413160024897474,0.7075219587205924,0.7306341951163347,0.7075219587205924,0.7306341951163347,0.7075219587205924,0.7306341951163347,0.7075219587205924,0.7306341951163347,0.7075219587205924,0.7306341951163347,0.7075219587205924,0.7306341951163347
0.58,-0.098326359832636,0.58,0.58,0.53,0.0,0.53,0.53,0.6472228927205693,0.5761977346658094,0.6472228927205693,0.5761977346658094,0.6472228927205693,0.5761977346658094,0.041591544961175626,-0.012789904789262304,0.041591544961175626,-0.012789904789262304,0.041591544961175626,-0.012789904789262304,0.6472228927205693,0.5761977346658094,0.6472228927205693,0.5761977346658094,0.6472228927205693,0.5761977346658094,0.6472228927205693,0.5761977346658094,0.6472228927205693,0.5761977346658094,0.6472228927205693,0.5761977346658094
0.46,0.0,0.46,0.46,0.46,0.0,0.46,0.46,0.5703785867043987,0.5568390678994422,0.5703785867043987,0.5568390678994422,0.5703785867043987,0.5568390678994422,-0.021134722400968906,-0.020394651434438048,-0.021134722400968906,-0.020394651434438048,-0.021134722400968906,-0.020394651434438048,0.5703785867043987,0.5568390678994422,0.5703785867043987,0.5568390678994422,0.5703785867043987,0.5568390678994422,0.5703785867043987,0.5568390678994422,0.5703785867043987,0.5568390678994422,0.5703785867043987,0.5568390678994422
0.41,0.0,0.41,0.41,0.48,0.0,0.48,0.48,0.48973226069710846,0.597839908999417,0.48973226069710846,0.597839908999417,0.48973226069710846,0.597839908999417,-0.009236179515471222,0.03185144245543303,-0.009236179515471222,0.03185144245543303,-0.009236179515471222,0.03185144245543303,0.48973226069710846,0.597839908999417,0.48973226069710846,0.597839908999417,0.48973226069710846,0.597839908999417,0.48973226069710846,0.597839908999417,0.48973226069710846,0.597839908999417,0.48973226069710846,0.597839908999417
0.47,0.0,0.47,0.47,0.63,0.2386831275720163,0.63,0.63,0.5929250148589007,0.7018098919256188,0.5929250148589007,0.7018098919256188,0.5929250148589007,0.7018098919256188,-0.017653960199421042,0.046646034898133876,-0.017653960199421042,0.046646034898133876,-0.017653960199421042,0.046646034898133876,0.5929250148589007,0.7018098919256188,0.5929250148589007,0.7018098919256188,0.5929250148589007,0.7018098919256188,0.5929250148589007,0.7018098919256188,0.5929250148589007,0.7018098919256188,0.5929250148589007,0.7018098919256188
0.66,0.0,0.66,0.66,0.71,0.3255813953488372,0.71,0.71,0.5488047629975316,0.6170980518006842,0.5488047629975316,0.6170980518006842,0.5488047629975316,0.6170980518006842,0.030583994852328298,0.0058324750744176675,0.030583994852328298,0.0058324750744176675,0.030583994852328298,0.0058324750744176675,0.5488047629975316,0.6170980518006842,0.5488047629975316,0.6170980518006842,0.5488047629975316,0.6170980518006842,0.5488047629975316,0.6170980518006842,0.5488047629975316,0.6170980518006842,0.5488047629975316,0.6170980518006842
0.74,0.0,0.74,0.74,0.64,0.2484342379958247,0.64,0.64,0.6578615861717417,0.7808135380856815,0.6578615861717417,0.7808135380856815,0.6578615861717417,0.7808135380856815,-0.034785437977171395,-0.004545719386850024,-0.034785437977171395,-0.004545719386850024,-0.034785437977171395,-0.004545719386850024,0.6578615861717417,0.7808135380856815,0.6578615861717417,0.7808135380856815,0.6578615861717417,0.7808135380856815,0.6578615861717417,0.7808135380856815,0.6578615861717417,0.7808135380856815,0.6578615861717417,0.7808135380856815
0.7,0.0,0.7,0.7,0.58,0.050632911392405,0.58,0.58,0.6039005137895981,0.6864157386729791,0.6039005137895981,0.6864157386729791,0.6039005137895981,0.6864157386729791,-0.0071105516701384,-0.033017152028164555,-0.0071105516701384,-0.033017152028164555,-0.0071105516701384,-0.033017152028164555,0.6039005137895981,0.6864157386729791,0.6039005137895981,0.6864157386729791,0.6039005137895981,0.6864157386729791,0.6039005137895981,0.6864157386729791,0.6039005137895981,0.6864157386729791,0.6039005137895981,0.6864157386729791
0.54,0.0,0.54,0.54,0.5,0.0,0.5,0.5,0.6653535642313052,0.6221316416472795,0.6653535642313052,0.6221316416472795,0.6653535642313052,0.6221316416472795,0.014978244232172123,0.10700054704392763,0.014978244232172123,0.10700054704392763,0.014978244232172123,0.10700054704392763,0.6653535642313052,0.6221316416472795,0.6653535642313052,0.6221316416472795,0.6653535642313052,0.6221316416472795,0.6653535642313052,0.6221316416472795,0.6653535642313052,0.6221316416472795,0.6653535642313052,0.6221316416472795
0.55,0.1923905240488155,0.55,0.55,0.54,0.0,0.54,0.54,0.7372235542591122,0.7335936354202566,0.7372235542591122,0.7335936354202566,0.7372235542591122,0.7335936354202566,0.3028493209820718,0.30515534166386804,0.3028493209820718,0.30515534166386804,0.3028493209820718,0.30515534166386804,0.7372235542591122,0.7335936354202566,0.7372235542591122,0.7335936354202566,0.7372235542591122,0.7335936354202566,0.7372235542591122,0.7335936354202566,0.7372235542591122,0.7335936354202566,0.7372235542591122,0.7335936354202566
0.6,0.2223950233281493,0.6,0.6,0.57,0.0,0.57,0.57,0.7275393323832996,0.766451028076682,0.7275393323832996,0.766451028076682,0.7275393323832996,0.766451028076682,0.2667245945256725,0.30837047435205533,0.2667245945256725,0.30837047435205533,0.2667245945256725,0.30837047435205533,0.7275393323832996,0.766451028076682,0.7275393323832996,0.766451028076682,0.7275393323832996,0.766451028076682,0.7275393323832996,0.766451028076682,0.7275393323832996,0.766451028076682,0.7275393323832996,0.766451028076682
0.74,0.439655172413793,0.74,0.74,0.58,0.0,0.58,0.58,0.7437171084959612,0.7773999282683953,0.7437171084959612,0.7773999282683953,0.7437171084959612,0.7773999282683953,0.21717181443828276,0.2378173004511868,0.21717181443828276,0.2378173004511868,0.21717181443828276,0.2378173004511868,0.7437171084959612,0.7773999282683953,0.7437171084959612,0.7773999282683953,0.7437171084959612,0.7773999282683953,0.7437171084959612,0.7773999282683953,0.7437171084959612,0.7773999282683953,0.7437171084959612,0.7773999282683953
0.62,0.0124740124740123,0.62,0.62,0.67,0.0,0.67,0.67,0.7521184625289312,0.7177381672656682,0.7521184625289312,0.7177381672656682,0.7521184625289312,0.7177381672656682,0.1844523134419938,0.210943882899199,0.1844523134419938,0.210943882899199,0.1844523134419938,0.210943882899199,0.7521184625289312,0.7177381672656682,0.7521184625289312,0.7177381672656682,0.7521184625289312,0.7177381672656682,0.7521184625289312,0.7177381672656682,0.7521184625289312,0.7177381672656682,0.7521184625289312,0.7177381672656682
0.66,0.0,0.66,0.66,0.79,0.0,0.79,0.79,0.6654819181352783,0.6099699702482553,0.6654819181352783,0.6099699702482553,0.6654819181352783,0.6099699702482553,0.03700796225959083,-0.0433565892579774,0.03700796225959083,-0.0433565892579774,0.03700796225959083,-0.0433565892579774,0.6654819181352783,0.6099699702482553,0.6654819181352783,0.6099699702482553,0.6654819181352783,0.6099699702482553,0.6654819181352783,0.6099699702482553,0.6654819181352783,0.6099699702482553,0.6654819181352783,0.6099699702482553
0.51,0.0,0.51,0.51,0.75,0.1473396998635743,0.75,0.75,0.6598103472174314,0.6707861268762363,0.6598103472174314,0.6707861268762363,0.6598103472174314,0.6707861268762363,0.04963407358843409,0.019863109360808644,0.04963407358843409,0.019863109360808644,0.04963407358843409,0.019863109360808644,0.6598103472174314,0.6707861268762363,0.6598103472174314,0.6707861268762363,0.6598103472174314,0.6707861268762363,0.6598103472174314,0.6707861268762363,0.6598103472174314,0.6707861268762363,0.6598103472174314,0.6707861268762363
0.62,0.0,0.62,0.62,0.73,0.4341994970662196,0.73,0.73,0.7411535769678761,0.7129379236132047,0.7411535769678761,0.7129379236132047,0.7411535769678761,0.7129379236132047,0.013630912794230647,0.014414203921121325,0.013630912794230647,0.014414203921121325,0.013630912794230647,0.014414203921121325,0.7411535769678761,0.7129379236132047,0.7411535769678761,0.7129379236132047,0.7411535769678761,0.7129379236132047,0.7411535769678761,0.7129379236132047,0.7411535769678761,0.7129379236132047,0.7411535769678761,0.7129379236132047
0.71,0.0,0.71,0.71,0.72,0.4178794178794178,0.72,0.72,0.6548655143736132,0.5861918810677009,0.6548655143736132,0.5861918810677009,0.6548655143736132,0.5861918810677009,-0.020670007122537904,-0.004128579256492463,-0.020670007122537904,-0.004128579256492463,-0.020670007122537904,-0.004128579256492463,0.6548655143736132,0.5861918810677009,0.6548655143736132,0.5861918810677009,0.6548655143736132,0.5861918810677009,0.6548655143736132,0.5861918810677009,0.6548655143736132,0.5861918810677009,0.6548655143736132,0.5861918810677009
0.87,0.0,0.87,0.87,0.78,0.5198603230030554,0.78,0.78,0.6825059905983221,0.5540613293133804,0.6825059905983221,0.5540613293133804,0.6825059905983221,0.5540613293133804,-0.025307651497356646,-0.09350821273908791,-0.025307651497356646,-0.09350821273908791,-0.025307651497356646,-0.09350821273908791,0.6825059905983221,0.5540613293133804,0.6825059905983221,0.5540613293133804,0.6825059905983221,0.5540613293133804,0.6825059905983221,0.5540613293133804,0.6825059905983221,0.5540613293133804,0.6825059905983221,0.5540613293133804
0.88,0.0,0.88,0.88,0.58,-0.098326359832636,0.58,0.58,0.6391607899312429,0.6500823276284797,0.6391607899312429,0.6500823276284797,0.6391607899312429,0.6500823276284797,-0.022977582948987454,-0.0423831500923754,-0.022977582948987454,-0.0423831500923754,-0.022977582948987454,-0.0423831500923754,0.6391607899312429,0.6500823276284797,0.6391607899312429,0.6500823276284797,0.6391607899312429,0.6500823276284797,0.6391607899312429,0.6500823276284797,0.6391607899312429,0.6500823276284797,0.6391607899312429,0.6500823276284797
0.82,0.0,0.82,0.82,0.46,0.0,0.46,0.46,0.5085102374906174,0.4915203012042684,0.5085102374906174,0.4915203012042684,0.5085102374906174,0.4915203012042684,-0.024878057896183695,-0.024597160472667207,-0.024878057896183695,-0.024597160472667207,-0.024878057896183695,-0.024597160472667207,0.5085102374906174,0.4915203012042684,0.5085102374906174,0.4915203012042684,0.5085102374906174,0.4915203012042684,0.5085102374906174,0.4915203012042684,0.5085102374906174,0.4915203012042684,0.5085102374906174,0.4915203012042684
0.74,0.409090909090909,0.74,0.74,0.41,0.0,0.41,0.41,0.6543583841639752,0.6503608392018467,0.6543583841639752,0.6503608392018467,0.6543583841639752,0.6503608392018467,0.21944779441354859,0.1641549391234167,0.21944779441354859,0.1641549391234167,0.21944779441354859,0.1641549391234167,0.6543583841639752,0.6503608392018467,0.6543583841639752,0.6503608392018467,0.6543583841639752,0.6503608392018467,0.6543583841639752,0.6503608392018467,0.6543583841639752,0.6503608392018467,0.6543583841639752,0.6503608392018467
0.69,0.3318965517241379,0.69,0.69,0.47,0.0,0.47,0.47,0.6158403112524793,0.5925321213537403,0.6158403112524793,0.5925321213537403,0.6158403112524793,0.5925321213537403,0.26421180735490996,0.08933960632773724,0.26421180735490996,0.08933960632773724,0.26421180735490996,0.08933960632773724,0.6158403112524793,0.5925321213537403,0.6158403112524793,0.5925321213537403,0.6158403112524793,0.5925321213537403,0.6158403112524793,0.5925321213537403,0.6158403112524793,0.5925321213537403,0.6158403112524793,0.5925321213537403
0.76,0.4582392776523701,0.76,0.76,0.66,0.0,0.66,0.66,0.6900598672677332,0.6466420722798499,0.6900598672677332,0.6466420722798499,0.6900598672677332,0.6466420722798499,0.3278714226428537,0.2276420442300781,0.3278714226428537,0.2276420442300781,0.3278714226428537,0.2276420442300781,0.6900598672677332,0.6466420722798499,0.6900598672677332,0.6466420722798499,0.6900598672677332,0.6466420722798499,0.6900598672677332,0.6466420722798499,0.6900598672677332,0.6466420722798499,0.6900598672677332,0.6466420722798499
0.68,0.2027902341803686,0.68,0.68,0.74,0.0,0.74,0.74,0.6363238577808161,0.628342731886294,0.6363238577808161,0.628342731886294,0.6363238577808161,0.628342731886294,0.12611075932003737,0.18308592651769046,0.12611075932003737,0.18308592651769046,0.12611075932003737,0.18308592651769046,0.6363238577808161,0.628342731886294,0.6363238577808161,0.628342731886294,0.6363238577808161,0.628342731886294,0.6363238577808161,0.628342731886294,0.6363238577808161,0.628342731886294,0.6363238577808161,0.628342731886294
0.69,0.042027194066749,0.69,0.69,0.7,0.0,0.7,0.7,0.6260744090330433,0.6136065123046905,0.6260744090330433,0.6136065123046905,0.6260744090330433,0.6136065123046905,0.19725399306923347,-0.03040772364954622,0.19725399306923347,-0.03040772364954622,0.19725399306923347,-0.03040772364954622,0.6260744090330433,0.6136065123046905,0.6260744090330433,0.6136065123046905,0.6260744090330433,0.6136065123046905,0.6260744090330433,0.6136065123046905,0.6260744090330433,0.6136065123046905,0.6260744090330433,0.6136065123046905
0.61,0.0,0.61,0.61,0.54,0.0,0.54,0.54,0.5342545942570617,0.5378826871508666,0.5342545942570617,0.5378826871508666,0.5342545942570617,0.5378826871508666,-0.04075079832128417,-0.0756050088401452,-0.04075079832128417,-0.0756050088401452,-0.04075079832128417,-0.0756050088401452,0.5342545942570617,0.5378826871508666,0.5342545942570617,0.5378826871508666,0.5342545942570617,0.5378826871508666,0.5342545942570617,0.5378826871508666,0.5342545942570617,0.5378826871508666,0.5342545942570617,0.5378826871508666
0.61,0.0,0.61,0.61,0.55,0.1923905240488155,0.55,0.55,0.6181890278949534,0.6580588120920425,0.6181890278949534,0.6580588120920425,0.6181890278949534,0.6580588120920425,0.0014557170464774805,-0.0624819022307577,0.0014557170464774805,-0.0624819022307577,0.0014557170464774805,-0.0624819022307577,0.6181890278949534,0.6580588120920425,0.6181890278949534,0.6580588120920425,0.6181890278949534,0.6580588120920425,0.6181890278949534,0.6580588120920425,0.6181890278949534,0.6580588120920425,0.6181890278949534,0.6580588120920425
0.76,0.0,0.76,0.76,0.6,0.2223950233281493,0.6,0.6,0.6508809019135756,0.679085988186807,0.6508809019135756,0.679085988186807,0.6508809019135756,0.679085988186807,-0.004355917042400234,0.01779524317544745,-0.004355917042400234,0.01779524317544745,-0.004355917042400234,0.01779524317544745,0.6508809019135756,0.679085988186807,0.6508809019135756,0.679085988186807,0.6508809019135756,0.679085988186807,0.6508809019135756,0.679085988186807,0.6508809019135756,0.679085988186807,0.6508809019135756,0.679085988186807
0.79,0.0,0.79,0.79,0.74,0.439655172413793,0.74,0.74,0.7359063724951395,0.6977068998395932,0.7359063724951395,0.6977068998395932,0.7359063724951395,0.6977068998395932,0.01783384213249834,-0.0014410281363371725,0.01783384213249834,-0.0014410281363371725,0.01783384213249834,-0.0014410281363371725,0.7359063724951395,0.6977068998395932,0.7359063724951395,0.6977068998395932,0.7359063724951395,0.6977068998395932,0.7359063724951395,0.6977068998395932,0.7359063724951395,0.6977068998395932,0.7359063724951395,0.6977068998395932
0.83,0.0,0.83,0.83,0.62,0.0124740124740123,0.62,0.62,0.6605372839190542,0.6285313047587204,0.6605372839190542,0.6285313047587204,0.6605372839190542,0.6285313047587204,0.046122027158141544,-0.03009479873193756,0.046122027158141544,-0.03009479873193756,0.046122027158141544,-0.03009479873193756,0.6605372839190542,0.6285313047587204,0.6605372839190542,0.6285313047587204,0.6605372839190542,0.6285313047587204,0.6605372839190542,0.6285313047587204,0.6605372839190542,0.6285313047587204,0.6605372839190542,0.6285313047587204
0.75,0.0,0.75,0.75,0.66,0.0,0.66,0.66,0.6655861353793145,0.6231273553426174,0.6655861353793145,0.6231273553426174,0.6655861353793145,0.6231273553426174,0.04973724397829051,-0.0014333086637122218,0.04973724397829051,-0.0014333086637122218,0.04973724397829051,-0.0014333086637122218,0.6655861353793145,0.6231273553426174,0.6655861353793145,0.6231273553426174,0.6655861353793145,0.6231273553426174,0.6655861353793145,0.6231273553426174,0.6655861353793145,0.6231273553426174,0.6655861353793145,0.6231273553426174
0.71,0.3549822064056939,0.71,0.71,0.51,0.0,0.51,0.51,0.6554365407214239,0.661489919642688,0.6554365407214239,0.661489919642688,0.6554365407214239,0.661489919642688,0.24105385340776578,0.15076215769648407,0.24105385340776578,0.15076215769648407,0.24105385340776578,0.15076215769648407,0.6554365407214239,0.661489919642688,0.6554365407214239,0.661489919642688,0.6554365407214239,0.661489919642688,0.6554365407214239,0.661489919642688,0.6554365407214239,0.661489919642688,0.6554365407214239,0.661489919642688
0.7,0.3589743589743589,0.7,0.7,0.62,0.0,0.62,0.62,0.7003705285672636,0.6878192501817767,0.7003705285672636,0.6878192501817767,0.7003705285672636,0.6878192501817767,0.3673822087202399,0.24246409493699284,0.3673822087202399,0.24246409493699284,0.3673822087202399,0.24246409493699284,0.7003705285672636,0.6878192501817767,0.7003705285672636,0.6878192501817767,0.7003705285672636,0.6878192501817767,0.7003705285672636,0.6878192501817767,0.7003705285672636,0.6878192501817767,0.7003705285672636,0.6878192501817767
0.69,0.3432203389830509,0.69,0.69,0.71,0.0,0.71,0.71,0.7251167714712109,0.5836498657574571,0.7251167714712109,0.5836498657574571,0.7251167714712109,0.5836498657574571,0.1548865064792659,0.08911768927644374,0.1548865064792659,0.08911768927644374,0.1548865064792659,0.08911768927644374,0.7251167714712109,0.5836498657574571,0.7251167714712109,0.5836498657574571,0.7251167714712109,0.5836498657574571,0.7251167714712109,0.5836498657574571,0.7251167714712109,0.5836498657574571,0.7251167714712109,0.5836498657574571
0.78,0.4554455445544554,0.78,0.78,0.87,0.0,0.87,0.87,0.650110838504963,0.6550927674940631,0.650110838504963,0.6550927674940631,0.650110838504963,0.6550927674940631,0.09152598982295387,0.1374243584721205,0.09152598982295387,0.1374243584721205,0.09152598982295387,0.1374243584721205,0.650110838504963,0.6550927674940631,0.650110838504963,0.6550927674940631,0.650110838504963,0.6550927674940631,0.650110838504963,0.6550927674940631,0.650110838504963,0.6550927674940631,0.650110838504963,0.6550927674940631
0.86,0.0,0.86,0.86,0.88,0.0,0.88,0.88,0.7264737332578137,0.6749533321352581,0.7264737332578137,0.6749533321352581,0.7264737332578137,0.6749533321352581,0.028016381476986343,0.08351884599610032,0.028016381476986343,0.08351884599610032,0.028016381476986343,0.08351884599610032,0.7264737332578137,0.6749533321352581,0.7264737332578137,0.6749533321352581,0.7264737332578137,0.6749533321352581,0.7264737332578137,0.6749533321352581,0.7264737332578137,0.6749533321352581,0.7264737332578137,0.6749533321352581
0.67,0.0,0.67,0.67,0.82,0.0,0.82,0.82,0.5799653177608294,0.5869034096219121,0.5799653177608294,0.5869034096219121,0.5799653177608294,0.5869034096219121,0.009141284606348856,0.0797347986403876,0.009141284606348856,0.0797347986403876,0.009141284606348856,0.0797347986403876,0.5799653177608294,0.5869034096219121,0.5799653177608294,0.5869034096219121,0.5799653177608294,0.5869034096219121,0.5799653177608294,0.5869034096219121,0.5799653177608294,0.5869034096219121,0.5799653177608294,0.5869034096219121
0.65,0.0,0.65,0.65,0.74,0.409090909090909,0.74,0.74,0.6188878595792113,0.5791926506269809,0.6188878595792113,0.5791926506269809,0.6188878595792113,0.5791926506269809,0.0020042258175048157,0.087874327685581,0.0020042258175048157,0.087874327685581,0.0020042258175048157,0.087874327685581,0.6188878595792113,0.5791926506269809,0.6188878595792113,0.5791926506269809,0.6188878595792113,0.5791926506269809,0.6188878595792113,0.5791926506269809,0.6188878595792113,0.5791926506269809,0.6188878595792113,0.5791926506269809
0.67,0.0,0.67,0.67,0.69,0.3318965517241379,0.69,0.69,0.6984727618176036,0.6963224039246638,0.6984727618176036,0.6963224039246638,0.6984727618176036,0.6963224039246638,0.019681553604384203,0.10672778982747338,0.019681553604384203,0.10672778982747338,0.019681553604384203,0.10672778982747338,0.6984727618176036,0.6963224039246638,0.6984727618176036,0.6963224039246638,0.6984727618176036,0.6963224039246638,0.6984727618176036,0.6963224039246638,0.6984727618176036,0.6963224039246638,0.6984727618176036,0.6963224039246638
0.77,0.0,0.77,0.77,0.76,0.4582392776523701,0.76,0.76,0.7150833512195632,0.7252523093336937,0.7150833512195632,0.7252523093336937,0.7150833512195632,0.7252523093336937,-0.006590189297339039,0.09483932503315474,-0.006590189297339039,0.09483932503315474,-0.006590189297339039,0.09483932503315474,0.7150833512195632,0.7252523093336937,0.7150833512195632,0.7252523093336937,0.7150833512195632,0.7252523093336937,0.7150833512195632,0.7252523093336937,0.7150833512195632,0.7252523093336937,0.7150833512195632,0.7252523093336937
0.82,0.0,0.82,0.82,0.68,0.2027902341803686,0.68,0.68,0.7412026797939598,0.723002907778782,0.7412026797939598,0.723002907778782,0.7412026797939598,0.723002907778782,-0.014416578684874164,-0.0072887347603280755,-0.014416578684874164,-0.0072887347603280755,-0.014416578684874164,-0.0072887347603280755,0.7412026797939598,0.723002907778782,0.7412026797939598,0.723002907778782,0.7412026797939598,0.723002907778782,0.7412026797939598,0.723002907778782,0.7412026797939598,0.723002907778782,0.7412026797939598,0.723002907778782
0.64,0.0,0.64,0.64,0.69,0.042027194066749,0.69,0.69,0.6928874169489987,0.6064104409318698,0.6928874169489987,0.6064104409318698,0.6928874169489987,0.6064104409318698,0.004387943252879312,-0.025320119370549017,0.004387943252879312,-0.025320119370549017,0.004387943252879312,-0.025320119370549017,0.6928874169489987,0.6064104409318698,0.6928874169489987,0.6064104409318698,0.6928874169489987,0.6064104409318698,0.6928874169489987,0.6064104409318698,0.6928874169489987,0.6064104409318698,0.6928874169489987,0.6064104409318698
0.5,0.0,0.5,0.5,0.61,0.0,0.61,0.61,0.554210213061222,0.6133870963991365,0.554210213061222,0.6133870963991365,0.554210213061222,0.6133870963991365,-0.01647485944824914,0.035392338340284546,-0.01647485944824914,0.035392338340284546,-0.01647485944824914,0.035392338340284546,0.554210213061222,0.6133870963991365,0.554210213061222,0.6133870963991365,0.554210213061222,0.6133870963991365,0.554210213061222,0.6133870963991365,0.554210213061222,0.6133870963991365,0.554210213061222,0.6133870963991365
0.49,0.068663257852447,0.49,0.49,0.61,0.0,0.61,0.61,0.5968470317070129,0.6295606928160429,0.5968470317070129,0.6295606928160429,0.5968470317070129,0.6295606928160429,0.09652478059233509,0.10953670864170743,0.09652478059233509,0.10953670864170743,0.09652478059233509,0.10953670864170743,0.5968470317070129,0.6295606928160429,0.5968470317070129,0.6295606928160429,0.5968470317070129,0.6295606928160429,0.5968470317070129,0.6295606928160429,0.5968470317070129,0.6295606928160429,0.5968470317070129,0.6295606928160429
0.48,0.084829285462865,0.48,0.48,0.76,0.0,0.76,0.76,0.5662126635865613,0.5926488453821978,0.5662126635865613,0.5926488453821978,0.5662126635865613,0.5926488453821978,-0.04394274395483551,0.16767773224047988,-0.04394274395483551,0.16767773224047988,-0.04394274395483551,0.16767773224047988,0.5662126635865613,0.5926488453821978,0.5662126635865613,0.5926488453821978,0.5662126635865613,0.5926488453821978,0.5662126635865613,0.5926488453821978,0.5662126635865613,0.5926488453821978,0.5662126635865613,0.5926488453821978
0.47,0.0772980501392757,0.47,0.47,0.79,0.0,0.79,0.79,0.5318271003532317,0.5796926390829924,0.5318271003532317,0.5796926390829924,0.5318271003532317,0.5796926390829924,-0.007823946847614888,0.14048970669195998,-0.007823946847614888,0.14048970669195998,-0.007823946847614888,0.14048970669195998,0.5318271003532317,0.5796926390829924,0.5318271003532317,0.5796926390829924,0.5318271003532317,0.5796926390829924,0.5318271003532317,0.5796926390829924,0.5318271003532317,0.5796926390829924,0.5318271003532317,0.5796926390829924
0.46,0.0705679862306367,0.46,0.46,0.83,0.0,0.83,0.83,0.5914995468139381,0.601894155173019,0.5914995468139381,0.601894155173019,0.5914995468139381,0.601894155173019,0.047458597164247884,0.21226978284783182,0.047458597164247884,0.21226978284783182,0.047458597164247884,0.21226978284783182,0.5914995468139381,0.601894155173019,0.5914995468139381,0.601894155173019,0.5914995468139381,0.601894155173019,0.5914995468139381,0.601894155173019,0.5914995468139381,0.601894155173019,0.5914995468139381,0.601894155173019
0.54,0.0623726049735018,0.54,0.54,0.75,0.0,0.75,0.75,0.6711817153186524,0.6660293527457709,0.6711817153186524,0.6660293527457709,0.6711817153186524,0.6660293527457709,0.22664454583420435,0.09766319235469116,0.22664454583420435,0.09766319235469116,0.22664454583420435,0.09766319235469116,0.6711817153186524,0.6660293527457709,0.6711817153186524,0.6660293527457709,0.6711817153186524,0.6660293527457709,0.6711817153186524,0.6660293527457709,0.6711817153186524,0.6660293527457709,0.6711817153186524,0.6660293527457709
0.58,0.0,0.58,0.58,0.71,0.3549822064056939,0.71,0.71,0.6881658582357036,0.7070615813387721,0.6881658582357036,0.7070615813387721,0.6881658582357036,0.7070615813387721,0.05766754796454857,0.07515321713774457,0.05766754796454857,0.07515321713774457,0.05766754796454857,0.07515321713774457,0.6881658582357036,0.7070615813387721,0.6881658582357036,0.7070615813387721,0.6881658582357036,0.7070615813387721,0.6881658582357036,0.7070615813387721,0.6881658582357036,0.7070615813387721,0.6881658582357036,0.7070615813387721
0.53,0.0,0.53,0.53,0.7,0.3589743589743589,0.7,0.7,0.6498598870873631,0.5986874774866658,0.6498598870873631,0.5986874774866658,0.6498598870873631,0.5986874774866658,0.021642214582898087,0.05732684535864235,0.021642214582898087,0.05732684535864235,0.021642214582898087,0.05732684535864235,0.6498598870873631,0.5986874774866658,0.6498598870873631,0.5986874774866658,0.6498598870873631,0.5986874774866658,0.6498598870873631,0.5986874774866658,0.6498598870873631,0.5986874774866658,0.6498598870873631,0.5986874774866658
0.46,0.0,0.46,0.46,0.69,0.3432203389830509,0.69,0.69,0.573662378469213,0.6014839599320712,0.573662378469213,0.6014839599320712,0.573662378469213,0.6014839599320712,0.02151177087651509,0.05339973841558343,0.02151177087651509,0.05339973841558343,0.02151177087651509,0.05339973841558343,0.573662378469213,0.6014839599320712,0.573662378469213,0.6014839599320712,0.573662378469213,0.6014839599320712,0.573662378469213,0.6014839599320712,0.573662378469213,0.6014839599320712,0.573662378469213,0.6014839599320712
0.48,0.0,0.48,0.48,0.78,0.4554455445544554,0.78,0.78,0.570172432284665,0.6146887642005547,0.570172432284665,0.6146887642005547,0.570172432284665,0.6146887642005547,0.028198434316921775,0.09145672895689819,0.028198434316921775,0.09145672895689819,0.028198434316921775,0.09145672895689819,0.570172432284665,0.6146887642005547,0.570172432284665,0.6146887642005547,0.570172432284665,0.6146887642005547,0.570172432284665,0.6146887642005547,0.570172432284665,0.6146887642005547,0.570172432284665,0.6146887642005547
0.47,0.0,0.47,0.47,0.86,0.0,0.86,0.86,0.6077198509684906,0.5775894676692505,0.6077198509684906,0.5775894676692505,0.6077198509684906,0.5775894676692505,0.013152068283513807,0.10322693291769065,0.013152068283513807,0.10322693291769065,0.013152068283513807,0.10322693291769065,0.6077198509684906,0.5775894676692505,0.6077198509684906,0.5775894676692505,0.6077198509684906,0.5775894676692505,0.6077198509684906,0.5775894676692505,0.6077198509684906,0.5775894676692505,0.6077198509684906,0.5775894676692505
0.48,-0.0015408320493066,0.48,0.48,0.67,0.0,0.67,0.67,0.5007220690307923,0.53209399390492,0.5007220690307923,0.53209399390492,0.5007220690307923,0.53209399390492,-0.09647037335540685,0.08400416913328602,-0.09647037335540685,0.08400416913328602,-0.09647037335540685,0.08400416913328602,0.5007220690307923,0.53209399390492,0.5007220690307923,0.53209399390492,0.5007220690307923,0.53209399390492,0.5007220690307923,0.53209399390492,0.5007220690307923,0.53209399390492,0.5007220690307923,0.53209399390492
0.5,-0.0438413361169103,0.5,0.5,0.65,0.0,0.65,0.65,0.519879956844028,0.5753815501168597,0.519879956844028,0.5753815501168597,0.519879956844028,0.5753815501168597,-0.03920966348587114,0.24415681208838172,-0.03920966348587114,0.24415681208838172,-0.03920966348587114,0.24415681208838172,0.519879956844028,0.5753815501168597,0.519879956844028,0.5753815501168597,0.519879956844028,0.5753815501168597,0.519879956844028,0.5753815501168597,0.519879956844028,0.5753815501168597,0.519879956844028,0.5753815501168597
0.49,-0.0554635761589406,0.49,0.49,0.67,0.0,0.67,0.67,0.5031731833233745,0.5611693120988964,0.5031731833233745,0.5611693120988964,0.5031731833233745,0.5611693120988964,-0.04933790954417207,0.175016202577957,-0.04933790954417207,0.175016202577957,-0.04933790954417207,0.175016202577957,0.5031731833233745,0.5611693120988964,0.5031731833233745,0.5611693120988964,0.5031731833233745,0.5611693120988964,0.5031731833233745,0.5611693120988964,0.5031731833233745,0.5611693120988964,0.5031731833233745,0.5611693120988964
0.6,0.1697799916977999,0.6,0.6,0.77,0.0,0.77,0.77,0.7031563245851766,0.6294460226034259,0.7031563245851766,0.6294460226034259,0.7031563245851766,0.6294460226034259,0.3147539235911777,0.2671591650651146,0.3147539235911777,0.2671591650651146,0.3147539235911777,0.2671591650651146,0.7031563245851766,0.6294460226034259,0.7031563245851766,0.6294460226034259,0.7031563245851766,0.6294460226034259,0.7031563245851766,0.6294460226034259,0.7031563245851766,0.6294460226034259,0.7031563245851766,0.6294460226034259
0.59,0.1201716738197423,0.59,0.59,0.82,0.0,0.82,0.82,0.6944760013182523,0.6064271658728012,0.6944760013182523,0.6064271658728012,0.6944760013182523,0.6064271658728012,0.15560590779057487,0.19933312055560293,0.15560590779057487,0.19933312055560293,0.15560590779057487,0.19933312055560293,0.6944760013182523,0.6064271658728012,0.6944760013182523,0.6064271658728012,0.6944760013182523,0.6064271658728012,0.6944760013182523,0.6064271658728012,0.6944760013182523,0.6064271658728012,0.6944760013182523,0.6064271658728012
0.61,0.1786015164279697,0.61,0.61,0.64,0.0,0.64,0.64,0.6579406323276028,0.6563381731166079,0.6579406323276028,0.6563381731166079,0.6579406323276028,0.6563381731166079,0.3203718878963221,0.2239843484241925,0.3203718878963221,0.2239843484241925,0.3203718878963221,0.2239843484241925,0.6579406323276028,0.6563381731166079,0.6579406323276028,0.6563381731166079,0.6579406323276028,0.6563381731166079,0.6579406323276028,0.6563381731166079,0.6579406323276028,0.6563381731166079,0.6579406323276028,0.6563381731166079
0.69,0.0,0.69,0.69,0.5,0.0,0.5,0.5,0.6627555129503008,0.6982417211478487,0.6627555129503008,0.6982417211478487,0.6627555129503008,0.6982417211478487,0.00040993518412825555,0.03630557210165161,0.00040993518412825555,0.03630557210165161,0.00040993518412825555,0.03630557210165161,0.6627555129503008,0.6982417211478487,0.6627555129503008,0.6982417211478487,0.6627555129503008,0.6982417211478487,0.6627555129503008,0.6982417211478487,0.6627555129503008,0.6982417211478487,0.6627555129503008,0.6982417211478487
0.6,0.0,0.6,0.6,0.49,0.068663257852447,0.49,0.49,0.6909203296316555,0.7198097314212143,0.6909203296316555,0.7198097314212143,0.6909203296316555,0.7198097314212143,0.010872100400076096,0.045283879558303604,0.010872100400076096,0.045283879558303604,0.010872100400076096,0.045283879558303604,0.6909203296316555,0.7198097314212143,0.6909203296316555,0.7198097314212143,0.6909203296316555,0.7198097314212143,0.6909203296316555,0.7198097314212143,0.6909203296316555,0.7198097314212143,0.6909203296316555,0.7198097314212143
0.6,0.0,0.6,0.6,0.48,0.084829285462865,0.48,0.48,0.5757649870595931,0.6553431841565173,0.5757649870595931,0.6553431841565173,0.5757649870595931,0.6553431841565173,-0.02346887058037777,-0.02649646350120301,-0.02346887058037777,-0.02649646350120301,-0.02346887058037777,-0.02649646350120301,0.5757649870595931,0.6553431841565173,0.5757649870595931,0.6553431841565173,0.5757649870595931,0.6553431841565173,0.5757649870595931,0.6553431841565173,0.5757649870595931,0.6553431841565173,0.5757649870595931,0.6553431841565173
0.58,0.0,0.58,0.58,0.47,0.0772980501392757,0.47,0.47,0.5375474836014569,0.5460211805940027,0.5375474836014569,0.5460211805940027,0.5375474836014569,0.5460211805940027,-0.024729211282227916,-0.02796638256664724,-0.024729211282227916,-0.02796638256664724,-0.024729211282227916,-0.02796638256664724,0.5375474836014569,0.5460211805940027,0.5375474836014569,0.5460211805940027,0.5375474836014569,0.5460211805940027,0.5375474836014569,0.5460211805940027,0.5375474836014569,0.5460211805940027,0.5375474836014569,0.5460211805940027
0.61,0.0,0.61,0.61,0.46,0.0705679862306367,0.46,0.46,0.6792199677351014,0.67061744451942,0.6792199677351014,0.67061744451942,0.6792199677351014,0.67061744451942,-0.03546627842136933,-0.06593579587424961,-0.03546627842136933,-0.06593579587424961,-0.03546627842136933,-0.06593579587424961,0.6792199677351014,0.67061744451942,0.6792199677351014,0.67061744451942,0.6792199677351014,0.67061744451942,0.6792199677351014,0.67061744451942,0.6792199677351014,0.67061744451942,0.6792199677351014,0.67061744451942
0.67,0.0,0.67,0.67,0.54,0.0623726049735018,0.54,0.54,0.5660481285496141,0.5694791952628179,0.5660481285496141,0.5694791952628179,0.5660481285496141,0.5694791952628179,-0.05235444445803909,-0.047604041407346705,-0.05235444445803909,-0.047604041407346705,-0.05235444445803909,-0.047604041407346705,0.5660481285496141,0.5694791952628179,0.5660481285496141,0.5694791952628179,0.5660481285496141,0.5694791952628179,0.5660481285496141,0.5694791952628179,0.5660481285496141,0.5694791952628179,0.5660481285496141,0.5694791952628179
0.82,0.4542146755609459,0.82,0.82,0.58,0.0,0.58,0.58,0.5049372253627168,0.5913032718493796,0.5049372253627168,0.5913032718493796,0.5049372253627168,0.5913032718493796,-0.0226880186277576,0.12202349616823865,-0.0226880186277576,0.12202349616823865,-0.0226880186277576,0.12202349616823865,0.5049372253627168,0.5913032718493796,0.5049372253627168,0.5913032718493796,0.5049372253627168,0.5913032718493796,0.5049372253627168,0.5913032718493796,0.5049372253627168,0.5913032718493796,0.5049372253627168,0.5913032718493796
0.75,0.405893536121673,0.75,0.75,0.53,0.0,0.53,0.53,0.5309202448553093,0.562404972734432,0.5309202448553093,0.562404972734432,0.5309202448553093,0.562404972734432,-0.014584617398282831,0.06517829749485146,-0.014584617398282831,0.06517829749485146,-0.014584617398282831,0.06517829749485146,0.5309202448553093,0.562404972734432,0.5309202448553093,0.562404972734432,0.5309202448553093,0.562404972734432,0.5309202448553093,0.562404972734432,0.5309202448553093,0.562404972734432,0.5309202448553093,0.562404972734432
0.72,0.3965517241379311,0.72,0.72,0.46,0.0,0.46,0.46,0.5794645930176978,0.581138906370273,0.5794645930176978,0.581138906370273,0.5794645930176978,0.581138906370273,0.3066713191396991,0.1729547474842173,0.3066713191396991,0.1729547474842173,0.3066713191396991,0.1729547474842173,0.5794645930176978,0.581138906370273,0.5794645930176978,0.581138906370273,0.5794645930176978,0.581138906370273,0.5794645930176978,0.581138906370273,0.5794645930176978,0.581138906370273,0.5794645930176978,0.581138906370273
0.62,0.2870544090056285,0.62,0.62,0.48,0.0,0.48,0.48,0.5982289814602103,0.6169799784382627,0.5982289814602103,0.6169799784382627,0.5982289814602103,0.6169799784382627,0.025788528793174538,0.12405825398815917,0.025788528793174538,0.12405825398815917,0.025788528793174538,0.12405825398815917,0.5982289814602103,0.6169799784382627,0.5982289814602103,0.6169799784382627,0.5982289814602103,0.6169799784382627,0.5982289814602103,0.6169799784382627,0.5982289814602103,0.6169799784382627,0.5982289814602103,0.6169799784382627
0.58,0.0728476821192052,0.58,0.58,0.47,0.0,0.47,0.47,0.7397854757233343,0.7227957530788777,0.7397854757233343,0.7227957530788777,0.7397854757233343,0.7227957530788777,0.12904789229401814,0.1516627479454746,0.12904789229401814,0.1516627479454746,0.12904789229401814,0.1516627479454746,0.7397854757233343,0.7227957530788777,0.7397854757233343,0.7227957530788777,0.7397854757233343,0.7227957530788777,0.7397854757233343,0.7227957530788777,0.7397854757233343,0.7227957530788777,0.7397854757233343,0.7227957530788777
0.69,0.0,0.69,0.69,0.48,-0.0015408320493066,0.48,0.48,0.6470296702336239,0.6664946576442985,0.6470296702336239,0.6664946576442985,0.6470296702336239,0.6664946576442985,-0.008992005299184997,0.021739838498314713,-0.008992005299184997,0.021739838498314713,-0.008992005299184997,0.021739838498314713,0.6470296702336239,0.6664946576442985,0.6470296702336239,0.6664946576442985,0.6470296702336239,0.6664946576442985,0.6470296702336239,0.6664946576442985,0.6470296702336239,0.6664946576442985,0.6470296702336239,0.6664946576442985
0.68,0.0,0.68,0.68,0.5,-0.0438413361169103,0.5,0.5,0.7210754052807139,0.6961694581563901,0.7210754052807139,0.6961694581563901,0.7210754052807139,0.6961694581563901,0.004617479672158001,-0.0058231502122714374,0.004617479672158001,-0.0058231502122714374,0.004617479672158001,-0.0058231502122714374,0.7210754052807139,0.6961694581563901,0.7210754052807139,0.6961694581563901,0.7210754052807139,0.6961694581563901,0.7210754052807139,0.6961694581563901,0.7210754052807139,0.6961694581563901,0.7210754052807139,0.6961694581563901
0.67,0.0,0.67,0.67,0.49,-0.0554635761589406,0.49,0.49,0.6789038575467657,0.7162564435570852,0.6789038575467657,0.7162564435570852,0.6789038575467657,0.7162564435570852,0.005116868398323445,0.003470492399549804,0.005116868398323445,0.003470492399549804,0.005116868398323445,0.003470492399549804,0.6789038575467657,0.7162564435570852,0.6789038575467657,0.7162564435570852,0.6789038575467657,0.7162564435570852,0.6789038575467657,0.7162564435570852,0.6789038575467657,0.7162564435570852,0.6789038575467657,0.7162564435570852
0.65,0.0,0.65,0.65,0.6,0.1697799916977999,0.6,0.6,0.6584536893668441,0.6712762699286687,0.6584536893668441,0.6712762699286687,0.6584536893668441,0.6712762699286687,-0.008349737658981697,0.011649920589259146,-0.008349737658981697,0.011649920589259146,-0.008349737658981697,0.011649920589259146,0.6584536893668441,0.6712762699286687,0.6584536893668441,0.6712762699286687,0.6584536893668441,0.6712762699286687,0.6584536893668441,0.6712762699286687,0.6584536893668441,0.6712762699286687,0.6584536893668441,0.6712762699286687
0.68,0.0,0.68,0.68,0.59,0.1201716738197423,0.59,0.59,0.6635278567768528,0.7264120597962671,0.6635278567768528,0.7264120597962671,0.6635278567768528,0.7264120597962671,0.004357210491157255,0.013961536132342517,0.004357210491157255,0.013961536132342517,0.004357210491157255,0.013961536132342517,0.6635278567768528,0.7264120597962671,0.6635278567768528,0.7264120597962671,0.6635278567768528,0.7264120597962671,0.6635278567768528,0.7264120597962671,0.6635278567768528,0.7264120597962671,0.6635278567768528,0.7264120597962671
0.72,0.0,0.72,0.72,0.61,0.1786015164279697,0.61,0.61,0.6335622938386579,0.662291768753158,0.6335622938386579,0.662291768753158,0.6335622938386579,0.662291768753158,0.010950382995458932,0.1164626163702916,0.010950382995458932,0.1164626163702916,0.010950382995458932,0.1164626163702916,0.6335622938386579,0.662291768753158,0.6335622938386579,0.662291768753158,0.6335622938386579,0.662291768753158,0.6335622938386579,0.662291768753158,0.6335622938386579,0.662291768753158,0.6335622938386579,0.662291768753158
0.75,0.1071428571428571,0.75,0.75,0.69,0.0,0.69,0.69,0.6034243807790945,0.6205008618949185,0.6034243807790945,0.6205008618949185,0.6034243807790945,0.6205008618949185,0.00810361324403542,0.19531169010976604,0.00810361324403542,0.19531169010976604,0.00810361324403542,0.19531169010976604,0.6034243807790945,0.6205008618949185,0.6034243807790945,0.6205008618949185,0.6034243807790945,0.6205008618949185,0.6034243807790945,0.6205008618949185,0.6034243807790945,0.6205008618949185,0.6034243807790945,0.6205008618949185
0.71,0.1559953434225843,0.71,0.71,0.6,0.0,0.6,0.6,0.5434591904459138,0.6042593811711995,0.5434591904459138,0.6042593811711995,0.5434591904459138,0.6042593811711995,-0.038543818920095674,0.1637179838759456,-0.038543818920095674,0.1637179838759456,-0.038543818920095674,0.1637179838759456,0.5434591904459138,0.6042593811711995,0.5434591904459138,0.6042593811711995,0.5434591904459138,0.6042593811711995,0.5434591904459138,0.6042593811711995,0.5434591904459138,0.6042593811711995,0.5434591904459138,0.6042593811711995
0.69,0.1321388577827547,0.69,0.69,0.6,0.0,0.6,0.6,0.5568839570600707,0.6277965038638321,0.5568839570600707,0.6277965038638321,0.5568839570600707,0.6277965038638321,-0.013671540711181623,0.18021431828687615,-0.013671540711181623,0.18021431828687615,-0.013671540711181623,0.18021431828687615,0.5568839570600707,0.6277965038638321,0.5568839570600707,0.6277965038638321,0.5568839570600707,0.6277965038638321,0.5568839570600707,0.6277965038638321,0.5568839570600707,0.6277965038638321,0.5568839570600707,0.6277965038638321
0.69,0.1321388577827547,0.69,0.69,0.58,0.0,0.58,0.58,0.622630468618328,0.6681299294681309,0.622630468618328,0.6681299294681309,0.622630468618328,0.6681299294681309,0.10751899896232635,0.2892964732920876,0.10751899896232635,0.2892964732920876,0.10751899896232635,0.2892964732920876,0.622630468618328,0.6681299294681309,0.622630468618328,0.6681299294681309,0.622630468618328,0.6681299294681309,0.622630468618328,0.6681299294681309,0.622630468618328,0.6681299294681309,0.622630468618328,0.6681299294681309
0.71,0.0,0.71,0.71,0.61,0.0,0.61,0.61,0.7381455234149819,0.7591684509961735,0.7381455234149819,0.7591684509961735,0.7381455234149819,0.7591684509961735,0.036364979619585236,0.058120255107955925,0.036364979619585236,0.058120255107955925,0.036364979619585236,0.058120255107955925,0.7381455234149819,0.7591684509961735,0.7381455234149819,0.7591684509961735,0.7381455234149819,0.7591684509961735,0.7381455234149819,0.7591684509961735,0.7381455234149819,0.7591684509961735,0.7381455234149819,0.7591684509961735
0.79,0.0,0.79,0.79,0.67,0.0,0.67,0.67,0.6839642095958797,0.6828188833236846,0.6839642095958797,0.6828188833236846,0.6839642095958797,0.6828188833236846,0.01619193536999541,0.03203691188627352,0.01619193536999541,0.03203691188627352,0.01619193536999541,0.03203691188627352,0.6839642095958797,0.6828188833236846,0.6839642095958797,0.6828188833236846,0.6839642095958797,0.6828188833236846,0.6839642095958797,0.6828188833236846,0.6839642095958797,0.6828188833236846,0.6839642095958797,0.6828188833236846
0.71,0.0,0.71,0.71,0.82,0.4542146755609459,0.82,0.82,0.6991264184200348,0.6520072219278028,0.6991264184200348,0.6520072219278028,0.6991264184200348,0.6520072219278028,0.032216748372916375,0.030838866949707364,0.032216748372916375,0.030838866949707364,0.032216748372916375,0.030838866949707364,0.6991264184200348,0.6520072219278028,0.6991264184200348,0.6520072219278028,0.6991264184200348,0.6520072219278028,0.6991264184200348,0.6520072219278028,0.6991264184200348,0.6520072219278028,0.6991264184200348,0.6520072219278028
0.66,0.0,0.66,0.66,0.75,0.405893536121673,0.75,0.75,0.5897761349864885,0.5655696325062716,0.5897761349864885,0.5655696325062716,0.5897761349864885,0.5655696325062716,-0.0031959564243403556,-0.0037029082116990875,-0.0031959564243403556,-0.0037029082116990875,-0.0031959564243403556,-0.0037029082116990875,0.5897761349864885,0.5655696325062716,0.5897761349864885,0.5655696325062716,0.5897761349864885,0.5655696325062716,0.5897761349864885,0.5655696325062716,0.5897761349864885,0.5655696325062716,0.5897761349864885,0.5655696325062716
0.54,0.0,0.54,0.54,0.72,0.3965517241379311,0.72,0.72,0.5648647077245617,0.5580477129504111,0.5648647077245617,0.5580477129504111,0.5648647077245617,0.5580477129504111,0.002423025253612038,-0.009922749010618747,0.002423025253612038,-0.009922749010618747,0.002423025253612038,-0.009922749010618747,0.5648647077245617,0.5580477129504111,0.5648647077245617,0.5580477129504111,0.5648647077245617,0.5580477129504111,0.5648647077245617,0.5580477129504111,0.5648647077245617,0.5580477129504111,0.5648647077245617,0.5580477129504111
0.5,0.0,0.5,0.5,0.62,0.2870544090056285,0.62,0.62,0.5855728343007017,0.6106635572568415,0.5855728343007017,0.6106635572568415,0.5855728343007017,0.6106635572568415,0.014972976272284376,0.035809991677962255,0.014972976272284376,0.035809991677962255,0.014972976272284376,0.035809991677962255,0.5855728343007017,0.6106635572568415,0.5855728343007017,0.6106635572568415,0.5855728343007017,0.6106635572568415,0.5855728343007017,0.6106635572568415,0.5855728343007017,0.6106635572568415,0.5855728343007017,0.6106635572568415
0.59,0.0,0.59,0.59,0.58,0.0728476821192052,0.58,0.58,0.599512380482589,0.6218022739378931,0.599512380482589,0.6218022739378931,0.599512380482589,0.6218022739378931,0.04861135987940855,0.09846594870312783,0.04861135987940855,0.09846594870312783,0.04861135987940855,0.09846594870312783,0.599512380482589,0.6218022739378931,0.599512380482589,0.6218022739378931,0.599512380482589,0.6218022739378931,0.599512380482589,0.6218022739378931,0.599512380482589,0.6218022739378931,0.599512380482589,0.6218022739378931
0.59,-0.2044653349001175,0.59,0.59,0.69,0.0,0.69,0.69,0.5929923319516532,0.5914664540977121,0.5929923319516532,0.5914664540977121,0.5929923319516532,0.5914664540977121,-0.020322419853968314,0.14633867975320436,-0.020322419853968314,0.14633867975320436,-0.020322419853968314,0.14633867975320436,0.5929923319516532,0.5914664540977121,0.5929923319516532,0.5914664540977121,0.5929923319516532,0.5914664540977121,0.5929923319516532,0.5914664540977121,0.5929923319516532,0.5914664540977121,0.5929923319516532,0.5914664540977121
0.6,0.0291262135922331,0.6,0.6,0.68,0.0,0.68,0.68,0.5737752104197241,0.5886085923586982,0.5737752104197241,0.5886085923586982,0.5737752104197241,0.5886085923586982,-0.003319328569892394,0.20409492989640862,-0.003319328569892394,0.20409492989640862,-0.003319328569892394,0.20409492989640862,0.5737752104197241,0.5886085923586982,0.5737752104197241,0.5886085923586982,0.5737752104197241,0.5886085923586982,0.5737752104197241,0.5886085923586982,0.5737752104197241,0.5886085923586982,0.5737752104197241,0.5886085923586982
0.57,0.0851063829787234,0.57,0.57,0.67,0.0,0.67,0.67,0.6756451675884564,0.599523947661101,0.6756451675884564,0.599523947661101,0.6756451675884564,0.599523947661101,0.2618959506805469,0.20148216410794625,0.2618959506805469,0.20148216410794625,0.2618959506805469,0.20148216410794625,0.6756451675884564,0.599523947661101,0.6756451675884564,0.599523947661101,0.6756451675884564,0.599523947661101,0.6756451675884564,0.599523947661101,0.6756451675884564,0.599523947661101,0.6756451675884564,0.599523947661101
0.57,0.0989103101424978,0.57,0.57,0.65,0.0,0.65,0.65,0.7308954431074235,0.6244830432726252,0.7308954431074235,0.6244830432726252,0.7308954431074235,0.6244830432726252,0.26514110648406247,0.2024849093017942,0.26514110648406247,0.2024849093017942,0.26514110648406247,0.2024849093017942,0.7308954431074235,0.6244830432726252,0.7308954431074235,0.6244830432726252,0.7308954431074235,0.6244830432726252,0.7308954431074235,0.6244830432726252,0.7308954431074235,0.6244830432726252,0.7308954431074235,0.6244830432726252
0.59,0.18,0.59,0.59,0.68,0.0,0.68,0.68,0.697482559996238,0.6678248809910694,0.697482559996238,0.6678248809910694,0.697482559996238,0.6678248809910694,0.3803395176517986,0.25852507767344407,0.3803395176517986,0.25852507767344407,0.3803395176517986,0.25852507767344407,0.697482559996238,0.6678248809910694,0.697482559996238,0.6678248809910694,0.697482559996238,0.6678248809910694,0.697482559996238,0.6678248809910694,0.697482559996238,0.6678248809910694,0.697482559996238,0.6678248809910694
0.69,0.2583732057416267,0.69,0.69,0.72,0.0,0.72,0.72,0.7572928498078428,0.6802062308912814,0.7572928498078428,0.6802062308912814,0.7572928498078428,0.6802062308912814,0.34577479009264167,0.2926304843454554,0.34577479009264167,0.2926304843454554,0.34577479009264167,0.2926304843454554,0.7572928498078428,0.6802062308912814,0.7572928498078428,0.6802062308912814,0.7572928498078428,0.6802062308912814,0.7572928498078428,0.6802062308912814,0.7572928498078428,0.6802062308912814,0.7572928498078428,0.6802062308912814
0.66,0.0700218818380744,0.66,0.66,0.75,0.1071428571428571,0.75,0.75,0.7603901554115052,0.714692255321315,0.7603901554115052,0.714692255321315,0.7603901554115052,0.714692255321315,0.34952280967862176,0.0919951282286886,0.34952280967862176,0.0919951282286886,0.34952280967862176,0.0919951282286886,0.7603901554115052,0.714692255321315,0.7603901554115052,0.714692255321315,0.7603901554115052,0.714692255321315,0.7603901554115052,0.714692255321315,0.7603901554115052,0.714692255321315,0.7603901554115052,0.714692255321315
0.76,0.0,0.76,0.76,0.71,0.1559953434225843,0.71,0.71,0.6848616456199457,0.6814722295760255,0.6848616456199457,0.6814722295760255,0.6848616456199457,0.6814722295760255,0.027809839883748567,0.07411874317661654,0.027809839883748567,0.07411874317661654,0.027809839883748567,0.07411874317661654,0.6848616456199457,0.6814722295760255,0.6848616456199457,0.6814722295760255,0.6848616456199457,0.6814722295760255,0.6848616456199457,0.6814722295760255,0.6848616456199457,0.6814722295760255,0.6848616456199457,0.6814722295760255
0.66,0.0,0.66,0.66,0.69,0.1321388577827547,0.69,0.69,0.7046376783880148,0.7108069713852998,0.7046376783880148,0.7108069713852998,0.7046376783880148,0.7108069713852998,0.008203567606984073,-0.0008390873703019501,0.008203567606984073,-0.0008390873703019501,0.008203567606984073,-0.0008390873703019501,0.7046376783880148,0.7108069713852998,0.7046376783880148,0.7108069713852998,0.7046376783880148,0.7108069713852998,0.7046376783880148,0.7108069713852998,0.7046376783880148,0.7108069713852998,0.7046376783880148,0.7108069713852998
0.52,0.0,0.52,0.52,0.69,0.1321388577827547,0.69,0.69,0.727283355865143,0.7374595929957628,0.727283355865143,0.7374595929957628,0.727283355865143,0.7374595929957628,0.028458102778062173,0.016366940412187312,0.028458102778062173,0.016366940412187312,0.028458102778062173,0.016366940412187312,0.727283355865143,0.7374595929957628,0.727283355865143,0.7374595929957628,0.727283355865143,0.7374595929957628,0.727283355865143,0.7374595929957628,0.727283355865143,0.7374595929957628,0.727283355865143,0.7374595929957628
0.39,0.0,0.39,0.39,0.71,0.0,0.71,0.71,0.6853878759630536,0.6088122643533236,0.6853878759630536,0.6088122643533236,0.6853878759630536,0.6088122643533236,0.0003127761031929371,-0.04448331213509446,0.0003127761031929371,-0.04448331213509446,0.0003127761031929371,-0.04448331213509446,0.6853878759630536,0.6088122643533236,0.6853878759630536,0.6088122643533236,0.6853878759630536,0.6088122643533236,0.6853878759630536,0.6088122643533236,0.6853878759630536,0.6088122643533236,0.6853878759630536,0.6088122643533236
0.28,0.0,0.28,0.28,0.79,0.0,0.79,0.79,0.5934283168069994,0.5762449062104735,0.5934283168069994,0.5762449062104735,0.5934283168069994,0.5762449062104735,-0.022103788338294263,0.051477951283220476,-0.022103788338294263,0.051477951283220476,-0.022103788338294263,0.051477951283220476,0.5934283168069994,0.5762449062104735,0.5934283168069994,0.5762449062104735,0.5934283168069994,0.5762449062104735,0.5934283168069994,0.5762449062104735,0.5934283168069994,0.5762449062104735,0.5934283168069994,0.5762449062104735
0.47,0.1390513320337881,0.47,0.47,0.71,0.0,0.71,0.71,0.6639154679378662,0.5600959669373834,0.6639154679378662,0.5600959669373834,0.6639154679378662,0.5600959669373834,0.1730572144414316,0.11000684616291678,0.1730572144414316,0.11000684616291678,0.1730572144414316,0.11000684616291678,0.6639154679378662,0.5600959669373834,0.6639154679378662,0.5600959669373834,0.6639154679378662,0.5600959669373834,0.6639154679378662,0.5600959669373834,0.6639154679378662,0.5600959669373834,0.6639154679378662,0.5600959669373834
0.45,0.1357636706473916,0.45,0.45,0.66,0.0,0.66,0.66,0.7123520207329165,0.6191920565752939,0.7123520207329165,0.6191920565752939,0.7123520207329165,0.6191920565752939,0.2652176293093844,0.17636554091499268,0.2652176293093844,0.17636554091499268,0.2652176293093844,0.17636554091499268,0.7123520207329165,0.6191920565752939,0.7123520207329165,0.6191920565752939,0.7123520207329165,0.6191920565752939,0.7123520207329165,0.6191920565752939,0.7123520207329165,0.6191920565752939,0.7123520207329165,0.6191920565752939
0.5,0.1740997687479353,0.5,0.5,0.54,0.0,0.54,0.54,0.6594956321682789,0.6951094821794932,0.6594956321682789,0.6951094821794932,0.6594956321682789,0.6951094821794932,0.1715614273366712,0.23080789538185298,0.1715614273366712,0.23080789538185298,0.1715614273366712,0.23080789538185298,0.6594956321682789,0.6951094821794932,0.6594956321682789,0.6951094821794932,0.6594956321682789,0.6951094821794932,0.6594956321682789,0.6951094821794932,0.6594956321682789,0.6951094821794932,0.6594956321682789,0.6951094821794932
0.46,0.0408525754884546,0.46,0.46,0.5,0.0,0.5,0.5,0.6103762458220892,0.5945018423009003,0.6103762458220892,0.5945018423009003,0.6103762458220892,0.5945018423009003,0.02524836790544416,0.1985733688645564,0.02524836790544416,0.1985733688645564,0.02524836790544416,0.1985733688645564,0.6103762458220892,0.5945018423009003,0.6103762458220892,0.5945018423009003,0.6103762458220892,0.5945018423009003,0.6103762458220892,0.5945018423009003,0.6103762458220892,0.5945018423009003,0.6103762458220892,0.5945018423009003
0.52,0.0577149587750294,0.52,0.52,0.59,0.0,0.59,0.59,0.6789832226089041,0.6599381568640018,0.6789832226089041,0.6599381568640018,0.6789832226089041,0.6599381568640018,0.03972316010488531,0.10177772754379383,0.03972316010488531,0.10177772754379383,0.03972316010488531,0.10177772754379383,0.6789832226089041,0.6599381568640018,0.6789832226089041,0.6599381568640018,0.6789832226089041,0.6599381568640018,0.6789832226089041,0.6599381568640018,0.6789832226089041,0.6599381568640018,0.6789832226089041,0.6599381568640018
0.6,0.0,0.6,0.6,0.59,-0.2044653349001175,0.59,0.59,0.6922658474287497,0.7247203870440769,0.6922658474287497,0.7247203870440769,0.6922658474287497,0.7247203870440769,0.03838515168960528,0.11551455204848474,0.03838515168960528,0.11551455204848474,0.03838515168960528,0.11551455204848474,0.6922658474287497,0.7247203870440769,0.6922658474287497,0.7247203870440769,0.6922658474287497,0.7247203870440769,0.6922658474287497,0.7247203870440769,0.6922658474287497,0.7247203870440769,0.6922658474287497,0.7247203870440769
0.63,0.0,0.63,0.63,0.6,0.0291262135922331,0.6,0.6,0.6845423147309124,0.6499572203675413,0.6845423147309124,0.6499572203675413,0.6845423147309124,0.6499572203675413,0.055317282572582165,0.08927105043335723,0.055317282572582165,0.08927105043335723,0.055317282572582165,0.08927105043335723,0.6845423147309124,0.6499572203675413,0.6845423147309124,0.6499572203675413,0.6845423147309124,0.6499572203675413,0.6845423147309124,0.6499572203675413,0.6845423147309124,0.6499572203675413,0.6845423147309124,0.6499572203675413
0.63,0.0,0.63,0.63,0.57,0.0851063829787234,0.57,0.57,0.5704856368107337,0.5568046758202431,0.5704856368107337,0.5568046758202431,0.5704856368107337,0.5568046758202431,0.056719222292950996,0.07236538662470174,0.056719222292950996,0.07236538662470174,0.056719222292950996,0.07236538662470174,0.5704856368107337,0.5568046758202431,0.5704856368107337,0.5568046758202431,0.5704856368107337,0.5568046758202431,0.5704856368107337,0.5568046758202431,0.5704856368107337,0.5568046758202431,0.5704856368107337,0.5568046758202431
0.6,0.0,0.6,0.6,0.57,0.0989103101424978,0.57,0.57,0.58498849351772,0.5443681658231991,0.58498849351772,0.5443681658231991,0.58498849351772,0.5443681658231991,0.045571670281238964,0.024495212779591397,0.045571670281238964,0.024495212779591397,0.045571670281238964,0.024495212779591397,0.58498849351772,0.5443681658231991,0.58498849351772,0.5443681658231991,0.58498849351772,0.5443681658231991,0.58498849351772,0.5443681658231991,0.58498849351772,0.5443681658231991,0.58498849351772,0.5443681658231991
0.6,0.0,0.6,0.6,0.59,0.18,0.59,0.59,0.6744020784452412,0.6177889382930556,0.6744020784452412,0.6177889382930556,0.6744020784452412,0.6177889382930556,0.019484032487294065,-0.01647875173237052,0.019484032487294065,-0.01647875173237052,0.019484032487294065,-0.01647875173237052,0.6744020784452412,0.6177889382930556,0.6744020784452412,0.6177889382930556,0.6744020784452412,0.6177889382930556,0.6744020784452412,0.6177889382930556,0.6744020784452412,0.6177889382930556,0.6744020784452412,0.6177889382930556
0.56,0.046793760831889,0.56,0.56,0.69,0.2583732057416267,0.69,0.69,0.5854882872290402,0.5885145141458551,0.5854882872290402,0.5885145141458551,0.5854882872290402,0.5885145141458551,-0.07232124041658307,0.04777276375366482,-0.07232124041658307,0.04777276375366482,-0.07232124041658307,0.04777276375366482,0.5854882872290402,0.5885145141458551,0.5854882872290402,0.5885145141458551,0.5854882872290402,0.5885145141458551,0.5854882872290402,0.5885145141458551,0.5854882872290402,0.5885145141458551,0.5854882872290402,0.5885145141458551
0.67,0.3452380952380953,0.67,0.67,0.66,0.0700218818380744,0.66,0.66,0.7068009204035249,0.6195861319673349,0.7068009204035249,0.6195861319673349,0.7068009204035249,0.6195861319673349,0.24281757487597244,0.21343475748482205,0.24281757487597244,0.21343475748482205,0.24281757487597244,0.21343475748482205,0.7068009204035249,0.6195861319673349,0.7068009204035249,0.6195861319673349,0.7068009204035249,0.6195861319673349,0.7068009204035249,0.6195861319673349,0.7068009204035249,0.6195861319673349,0.7068009204035249,0.6195861319673349
0.49,0.1145833333333332,0.49,0.49,0.76,0.0,0.76,0.76,0.6955209520729448,0.619817756874169,0.6955209520729448,0.619817756874169,0.6955209520729448,0.619817756874169,0.10456135775041439,0.22520603033755357,0.10456135775041439,0.22520603033755357,0.10456135775041439,0.22520603033755357,0.6955209520729448,0.619817756874169,0.6955209520729448,0.619817756874169,0.6955209520729448,0.619817756874169,0.6955209520729448,0.619817756874169,0.6955209520729448,0.619817756874169,0.6955209520729448,0.619817756874169
0.66,0.3511450381679389,0.66,0.66,0.66,0.0,0.66,0.66,0.7133780518733591,0.6480253904732884,0.7133780518733591,0.6480253904732884,0.7133780518733591,0.6480253904732884,0.3288943310763273,0.28208517961426427,0.3288943310763273,0.28208517961426427,0.3288943310763273,0.28208517961426427,0.7133780518733591,0.6480253904732884,0.7133780518733591,0.6480253904732884,0.7133780518733591,0.6480253904732884,0.7133780518733591,0.6480253904732884,0.7133780518733591,0.6480253904732884,0.7133780518733591,0.6480253904732884
0.5,0.0515933232169953,0.5,0.5,0.52,0.0,0.52,0.52,0.613600452512025,0.6087061750454724,0.613600452512025,0.6087061750454724,0.613600452512025,0.6087061750454724,0.1452087800979706,0.22501560167558657,0.1452087800979706,0.22501560167558657,0.1452087800979706,0.22501560167558657,0.613600452512025,0.6087061750454724,0.613600452512025,0.6087061750454724,0.613600452512025,0.6087061750454724,0.613600452512025,0.6087061750454724,0.613600452512025,0.6087061750454724,0.613600452512025,0.6087061750454724
0.63,0.1921397379912663,0.63,0.63,0.39,0.0,0.39,0.39,0.6109285877019721,0.6322269853742839,0.6109285877019721,0.6322269853742839,0.6109285877019721,0.6322269853742839,0.188046667061477,0.11616674398816176,0.188046667061477,0.11616674398816176,0.188046667061477,0.11616674398816176,0.6109285877019721,0.6322269853742839,0.6109285877019721,0.6322269853742839,0.6109285877019721,0.6322269853742839,0.6109285877019721,0.6322269853742839,0.6109285877019721,0.6322269853742839,0.6109285877019721,0.6322269853742839
0.63,0.0,0.63,0.63,0.28,0.0,0.28,0.28,0.6665647161422557,0.639943821240484,0.6665647161422557,0.639943821240484,0.6665647161422557,0.639943821240484,0.0024311675987153734,0.018648091816009123,0.0024311675987153734,0.018648091816009123,0.0024311675987153734,0.018648091816009123,0.6665647161422557,0.639943821240484,0.6665647161422557,0.639943821240484,0.6665647161422557,0.639943821240484,0.6665647161422557,0.639943821240484,0.6665647161422557,0.639943821240484,0.6665647161422557,0.639943821240484
0.55,0.0,0.55,0.55,0.47,0.1390513320337881,0.47,0.47,0.6578065535949481,0.6275147871547859,0.6578065535949481,0.6275147871547859,0.6578065535949481,0.6275147871547859,0.031944260645343545,0.0621254410497751,0.031944260645343545,0.0621254410497751,0.031944260645343545,0.0621254410497751,0.6578065535949481,0.6275147871547859,0.6578065535949481,0.6275147871547859,0.6578065535949481,0.6275147871547859,0.6578065535949481,0.6275147871547859,0.6578065535949481,0.6275147871547859,0.6578065535949481,0.6275147871547859
0.54,0.0,0.54,0.54,0.45,0.1357636706473916,0.45,0.45,0.6919335411504502,0.6513442958562938,0.6919335411504502,0.6513442958562938,0.6919335411504502,0.6513442958562938,0.013524100408142784,0.05653269401501802,0.013524100408142784,0.05653269401501802,0.013524100408142784,0.05653269401501802,0.6919335411504502,0.6513442958562938,0.6919335411504502,0.6513442958562938,0.6919335411504502,0.6513442958562938,0.6919335411504502,0.6513442958562938,0.6919335411504502,0.6513442958562938,0.6919335411504502,0.6513442958562938
0.59,0.0,0.59,0.59,0.5,0.1740997687479353,0.5,0.5,0.6459210562650777,0.6617992724972868,0.6459210562650777,0.6617992724972868,0.6459210562650777,0.6617992724972868,0.043395109024648784,0.025456363912751606,0.043395109024648784,0.025456363912751606,0.043395109024648784,0.025456363912751606,0.6459210562650777,0.6617992724972868,0.6459210562650777,0.6617992724972868,0.6459210562650777,0.6617992724972868,0.6459210562650777,0.6617992724972868,0.6459210562650777,0.6617992724972868,0.6459210562650777,0.6617992724972868
0.58,0.0,0.58,0.58,0.46,0.0408525754884546,0.46,0.46,0.6347046532829683,0.6372030492230061,0.6347046532829683,0.6372030492230061,0.6347046532829683,0.6372030492230061,0.011029535443955595,0.018753633334927796,0.011029535443955595,0.018753633334927796,0.011029535443955595,0.018753633334927796,0.6347046532829683,0.6372030492230061,0.6347046532829683,0.6372030492230061,0.6347046532829683,0.6372030492230061,0.6347046532829683,0.6372030492230061,0.6347046532829683,0.6372030492230061,0.6347046532829683,0.6372030492230061
0.56,0.0,0.56,0.56,0.52,0.0577149587750294,0.52,0.52,0.708440118518159,0.7004610317862529,0.708440118518159,0.7004610317862529,0.708440118518159,0.7004610317862529,0.027680974936197363,-0.034559616488004534,0.027680974936197363,-0.034559616488004534,0.027680974936197363,-0.034559616488004534,0.708440118518159,0.7004610317862529,0.708440118518159,0.7004610317862529,0.708440118518159,0.7004610317862529,0.708440118518159,0.7004610317862529,0.708440118518159,0.7004610317862529,0.708440118518159,0.7004610317862529
0.63,0.3392857142857143,0.63,0.63,0.6,0.0,0.6,0.6,0.5686776566908099,0.53991046957992,0.5686776566908099,0.53991046957992,0.5686776566908099,0.53991046957992,0.2519190105560302,0.14038142645684923,0.2519190105560302,0.14038142645684923,0.2519190105560302,0.14038142645684923,0.5686776566908099,0.53991046957992,0.5686776566908099,0.53991046957992,0.5686776566908099,0.53991046957992,0.5686776566908099,0.53991046957992,0.5686776566908099,0.53991046957992,0.5686776566908099,0.53991046957992
0.58,0.2859571574294457,0.58,0.58,0.63,0.0,0.63,0.63,0.5595850257329709,0.5446914697941786,0.5595850257329709,0.5446914697941786,0.5595850257329709,0.5446914697941786,0.08085176263580598,0.17979863245501881,0.08085176263580598,0.17979863245501881,0.08085176263580598,0.17979863245501881,0.5595850257329709,0.5446914697941786,0.5595850257329709,0.5446914697941786,0.5595850257329709,0.5446914697941786,0.5595850257329709,0.5446914697941786,0.5595850257329709,0.5446914697941786,0.5595850257329709,0.5446914697941786
0.81,0.6303501945525292,0.81,0.81,0.63,0.0,0.63,0.63,0.5957433876194306,0.5704009371661748,0.5957433876194306,0.5704009371661748,0.5957433876194306,0.5704009371661748,0.2982950991929919,0.15841758794404404,0.2982950991929919,0.15841758794404404,0.2982950991929919,0.15841758794404404,0.5957433876194306,0.5704009371661748,0.5957433876194306,0.5704009371661748,0.5957433876194306,0.5704009371661748,0.5957433876194306,0.5704009371661748,0.5957433876194306,0.5704009371661748,0.5957433876194306,0.5704009371661748
0.65,0.3455497382198953,0.65,0.65,0.6,0.0,0.6,0.6,0.6079138311503427,0.5792209500379212,0.6079138311503427,0.5792209500379212,0.6079138311503427,0.5792209500379212,0.28530891245802875,0.2161304347040009,0.28530891245802875,0.2161304347040009,0.28530891245802875,0.2161304347040009,0.6079138311503427,0.5792209500379212,0.6079138311503427,0.5792209500379212,0.6079138311503427,0.5792209500379212,0.6079138311503427,0.5792209500379212,0.6079138311503427,0.5792209500379212,0.6079138311503427,0.5792209500379212
0.61,0.1623711340206186,0.61,0.61,0.6,0.0,0.6,0.6,0.6401081174995085,0.6108515432130094,0.6401081174995085,0.6108515432130094,0.6401081174995085,0.6108515432130094,0.1423188907661505,0.11090881377176307,0.1423188907661505,0.11090881377176307,0.1423188907661505,0.11090881377176307,0.6401081174995085,0.6108515432130094,0.6401081174995085,0.6108515432130094,0.6401081174995085,0.6108515432130094,0.6401081174995085,0.6108515432130094,0.6401081174995085,0.6108515432130094,0.6401081174995085,0.6108515432130094
0.47,0.0,0.47,0.47,0.56,0.046793760831889,0.56,0.56,0.6040167706522217,0.5937161802448127,0.6040167706522217,0.5937161802448127,0.6040167706522217,0.5937161802448127,0.0034973378225315642,0.02921672584424324,0.0034973378225315642,0.02921672584424324,0.0034973378225315642,0.02921672584424324,0.6040167706522217,0.5937161802448127,0.6040167706522217,0.5937161802448127,0.6040167706522217,0.5937161802448127,0.6040167706522217,0.5937161802448127,0.6040167706522217,0.5937161802448127,0.6040167706522217,0.5937161802448127
0.56,0.0,0.56,0.56,0.67,0.3452380952380953,0.67,0.67,0.589647346859147,0.5932848225732833,0.589647346859147,0.5932848225732833,0.589647346859147,0.5932848225732833,-0.0016210079933654605,-0.009827480574984766,-0.0016210079933654605,-0.009827480574984766,-0.0016210079933654605,-0.009827480574984766,0.589647346859147,0.5932848225732833,0.589647346859147,0.5932848225732833,0.589647346859147,0.5932848225732833,0.589647346859147,0.5932848225732833,0.589647346859147,0.5932848225732833,0.589647346859147,0.5932848225732833
0.6,0.0,0.6,0.6,0.49,0.1145833333333332,0.49,0.49,0.6452583126493208,0.6070538752611545,0.6452583126493208,0.6070538752611545,0.6452583126493208,0.6070538752611545,-0.009956908198851887,-0.0002194146162248739,-0.009956908198851887,-0.0002194146162248739,-0.009956908198851887,-0.0002194146162248739,0.6452583126493208,0.6070538752611545,0.6452583126493208,0.6070538752611545,0.6452583126493208,0.6070538752611545,0.6452583126493208,0.6070538752611545,0.6452583126493208,0.6070538752611545,0.6452583126493208,0.6070538752611545
0.64,0.0,0.64,0.64,0.66,0.3511450381679389,0.66,0.66,0.7295962065478903,0.6924178655307852,0.7295962065478903,0.6924178655307852,0.7295962065478903,0.6924178655307852,0.022069476634190583,0.018602887589652947,0.022069476634190583,0.018602887589652947,0.022069476634190583,0.018602887589652947,0.7295962065478903,0.6924178655307852,0.7295962065478903,0.6924178655307852,0.7295962065478903,0.6924178655307852,0.7295962065478903,0.6924178655307852,0.7295962065478903,0.6924178655307852,0.7295962065478903,0.6924178655307852
0.55,0.0,0.55,0.55,0.5,0.0515933232169953,0.5,0.5,0.6708980321569652,0.6755445615822718,0.6708980321569652,0.6755445615822718,0.6708980321569652,0.6755445615822718,0.039965267220800856,0.03528780675813793,0.039965267220800856,0.03528780675813793,0.039965267220800856,0.03528780675813793,0.6708980321569652,0.6755445615822718,0.6708980321569652,0.6755445615822718,0.6708980321569652,0.6755445615822718,0.6708980321569652,0.6755445615822718,0.6708980321569652,0.6755445615822718,0.6708980321569652,0.6755445615822718
0.38,0.0,0.38,0.38,0.63,0.1921397379912663,0.63,0.63,0.7246986857465306,0.7356227391795189,0.7246986857465306,0.7356227391795189,0.7246986857465306,0.7356227391795189,0.017982016189469503,-0.016064224599334303,0.017982016189469503,-0.016064224599334303,0.017982016189469503,-0.016064224599334303,0.7246986857465306,0.7356227391795189,0.7246986857465306,0.7356227391795189,0.7246986857465306,0.7356227391795189,0.7246986857465306,0.7356227391795189,0.7246986857465306,0.7356227391795189,0.7246986857465306,0.7356227391795189
0.48,0.1772151898734177,0.48,0.48,0.63,0.0,0.63,0.63,0.6589767400374117,0.6608647553553195,0.6589767400374117,0.6608647553553195,0.6589767400374117,0.6608647553553195,0.23834433398530494,0.1680470291016329,0.23834433398530494,0.1680470291016329,0.23834433398530494,0.1680470291016329,0.6589767400374117,0.6608647553553195,0.6589767400374117,0.6608647553553195,0.6589767400374117,0.6608647553553195,0.6589767400374117,0.6608647553553195,0.6589767400374117,0.6608647553553195,0.6589767400374117,0.6608647553553195
0.51,0.1722972972972973,0.51,0.51,0.55,0.0,0.55,0.55,0.6570970283880975,0.6518104240472642,0.6570970283880975,0.6518104240472642,0.6570970283880975,0.6518104240472642,0.26650008420779076,0.1876194572551821,0.26650008420779076,0.1876194572551821,0.26650008420779076,0.1876194572551821,0.6570970283880975,0.6518104240472642,0.6570970283880975,0.6518104240472642,0.6570970283880975,0.6518104240472642,0.6570970283880975,0.6518104240472642,0.6570970283880975,0.6518104240472642,0.6570970283880975,0.6518104240472642
0.54,0.2024965325936201,0.54,0.54,0.54,0.0,0.54,0.54,0.6194920993136129,0.6481521480364578,0.6194920993136129,0.6481521480364578,0.6194920993136129,0.6481521480364578,0.2835614224784735,0.22047934067595992,0.2835614224784735,0.22047934067595992,0.2835614224784735,0.22047934067595992,0.6194920993136129,0.6481521480364578,0.6194920993136129,0.6481521480364578,0.6194920993136129,0.6481521480364578,0.6194920993136129,0.6481521480364578,0.6194920993136129,0.6481521480364578,0.6194920993136129,0.6481521480364578
0.44,0.1037131882202305,0.44,0.44,0.59,0.0,0.59,0.59,0.6652322682735682,0.6851572833041744,0.6652322682735682,0.6851572833041744,0.6652322682735682,0.6851572833041744,0.22503317575471876,0.23249160481067854,0.22503317575471876,0.23249160481067854,0.22503317575471876,0.23249160481067854,0.6652322682735682,0.6851572833041744,0.6652322682735682,0.6851572833041744,0.6652322682735682,0.6851572833041744,0.6652322682735682,0.6851572833041744,0.6652322682735682,0.6851572833041744,0.6652322682735682,0.6851572833041744
0.34,0.0350877192982457,0.34,0.34,0.58,0.0,0.58,0.58,0.6844294010219558,0.702592764911047,0.6844294010219558,0.702592764911047,0.6844294010219558,0.702592764911047,0.15809191939889858,0.14594045906184588,0.15809191939889858,0.14594045906184588,0.15809191939889858,0.14594045906184588,0.6844294010219558,0.702592764911047,0.6844294010219558,0.702592764911047,0.6844294010219558,0.702592764911047,0.6844294010219558,0.702592764911047,0.6844294010219558,0.702592764911047,0.6844294010219558,0.702592764911047
0.51,0.0,0.51,0.51,0.56,0.0,0.56,0.56,0.6935103431914449,0.7102375705800343,0.6935103431914449,0.7102375705800343,0.6935103431914449,0.7102375705800343,0.010655569845707953,0.03169140099776069,0.010655569845707953,0.03169140099776069,0.010655569845707953,0.03169140099776069,0.6935103431914449,0.7102375705800343,0.6935103431914449,0.7102375705800343,0.6935103431914449,0.7102375705800343,0.6935103431914449,0.7102375705800343,0.6935103431914449,0.7102375705800343,0.6935103431914449,0.7102375705800343
0.65,0.0,0.65,0.65,0.63,0.3392857142857143,0.63,0.63,0.7164003929215587,0.7197231248618619,0.7164003929215587,0.7197231248618619,0.7164003929215587,0.7197231248618619,0.028084585537200807,0.0441991696604143,0.028084585537200807,0.0441991696604143,0.028084585537200807,0.0441991696604143,0.7164003929215587,0.7197231248618619,0.7164003929215587,0.7197231248618619,0.7164003929215587,0.7197231248618619,0.7164003929215587,0.7197231248618619,0.7164003929215587,0.7197231248618619,0.7164003929215587,0.7197231248618619
0.77,0.0,0.77,0.77,0.58,0.2859571574294457,0.58,0.58,0.7494056587790563,0.7442803725741763,0.7494056587790563,0.7442803725741763,0.7494056587790563,0.7442803725741763,0.006284391013755894,0.01710870788095822,0.006284391013755894,0.01710870788095822,0.006284391013755894,0.01710870788095822,0.7494056587790563,0.7442803725741763,0.7494056587790563,0.7442803725741763,0.7494056587790563,0.7442803725741763,0.7494056587790563,0.7442803725741763,0.7494056587790563,0.7442803725741763,0.7494056587790563,0.7442803725741763
0.75,0.0,0.75,0.75,0.81,0.6303501945525292,0.81,0.81,0.7473646435638367,0.7406788070715519,0.7473646435638367,0.7406788070715519,0.7473646435638367,0.7406788070715519,0.008210519886283896,0.023951951367879493,0.008210519886283896,0.023951951367879493,0.008210519886283896,0.023951951367879493,0.7473646435638367,0.7406788070715519,0.7473646435638367,0.7406788070715519,0.7473646435638367,0.7406788070715519,0.7473646435638367,0.7406788070715519,0.7473646435638367,0.7406788070715519,0.7473646435638367,0.7406788070715519
0.77,0.0,0.77,0.77,0.65,0.3455497382198953,0.65,0.65,0.7704365367300685,0.7396896734694574,0.7704365367300685,0.7396896734694574,0.7704365367300685,0.7396896734694574,0.02583569153909348,0.03057982179270671,0.02583569153909348,0.03057982179270671,0.02583569153909348,0.03057982179270671,0.7704365367300685,0.7396896734694574,0.7704365367300685,0.7396896734694574,0.7704365367300685,0.7396896734694574,0.7704365367300685,0.7396896734694574,0.7704365367300685,0.7396896734694574,0.7704365367300685,0.7396896734694574
0.83,0.0,0.83,0.83,0.61,0.1623711340206186,0.61,0.61,0.7892042630385546,0.774159654103238,0.7892042630385546,0.774159654103238,0.7892042630385546,0.774159654103238,0.016059437297632054,0.013474837850863623,0.016059437297632054,0.013474837850863623,0.016059437297632054,0.013474837850863623,0.7892042630385546,0.774159654103238,0.7892042630385546,0.774159654103238,0.7892042630385546,0.774159654103238,0.7892042630385546,0.774159654103238,0.7892042630385546,0.774159654103238,0.7892042630385546,0.774159654103238
0.83,0.4727047146401986,0.83,0.83,0.47,0.0,0.47,0.47,0.686640911174215,0.7108807755239531,0.686640911174215,0.7108807755239531,0.686640911174215,0.7108807755239531,0.06209450675974264,0.1287558708854653,0.06209450675974264,0.1287558708854653,0.06209450675974264,0.1287558708854653,0.686640911174215,0.7108807755239531,0.686640911174215,0.7108807755239531,0.686640911174215,0.7108807755239531,0.686640911174215,0.7108807755239531,0.686640911174215,0.7108807755239531,0.686640911174215,0.7108807755239531
0.86,0.6856757970363718,0.86,0.86,0.56,0.0,0.56,0.56,0.6828535322355648,0.7119855940063295,0.6828535322355648,0.7119855940063295,0.6828535322355648,0.7119855940063295,0.28852645994410664,0.19455035057135586,0.28852645994410664,0.19455035057135586,0.28852645994410664,0.19455035057135586,0.6828535322355648,0.7119855940063295,0.6828535322355648,0.7119855940063295,0.6828535322355648,0.7119855940063295,0.6828535322355648,0.7119855940063295,0.6828535322355648,0.7119855940063295,0.6828535322355648,0.7119855940063295
0.6,0.278759466282005,0.6,0.6,0.6,0.0,0.6,0.6,0.6619565223741999,0.692818930457823,0.6619565223741999,0.692818930457823,0.6619565223741999,0.692818930457823,0.2506311461895512,0.2321763241463405,0.2506311461895512,0.2321763241463405,0.2506311461895512,0.2321763241463405,0.6619565223741999,0.692818930457823,0.6619565223741999,0.692818930457823,0.6619565223741999,0.692818930457823,0.6619565223741999,0.692818930457823,0.6619565223741999,0.692818930457823,0.6619565223741999,0.692818930457823
0.54,0.2024965325936201,0.54,0.54,0.64,0.0,0.64,0.64,0.6636818130984893,0.7007268929668445,0.6636818130984893,0.7007268929668445,0.6636818130984893,0.7007268929668445,0.2771244819386254,0.2537574514662878,0.2771244819386254,0.2537574514662878,0.2771244819386254,0.2537574514662878,0.6636818130984893,0.7007268929668445,0.6636818130984893,0.7007268929668445,0.6636818130984893,0.7007268929668445,0.6636818130984893,0.7007268929668445,0.6636818130984893,0.7007268929668445,0.6636818130984893,0.7007268929668445
0.55,0.0,0.55,0.55,0.55,0.0,0.55,0.55,0.6916715125000777,0.705345619825084,0.6916715125000777,0.705345619825084,0.6916715125000777,0.705345619825084,0.009969902817031641,0.027325721241588302,0.009969902817031641,0.027325721241588302,0.009969902817031641,0.027325721241588302,0.6916715125000777,0.705345619825084,0.6916715125000777,0.705345619825084,0.6916715125000777,0.705345619825084,0.6916715125000777,0.705345619825084,0.6916715125000777,0.705345619825084,0.6916715125000777,0.705345619825084
0.57,0.0,0.57,0.57,0.38,0.0,0.38,0.38,0.6912345766548197,0.6952968405626501,0.6912345766548197,0.6952968405626501,0.6912345766548197,0.6952968405626501,0.010345421019057407,0.028515040038929785,0.010345421019057407,0.028515040038929785,0.010345421019057407,0.028515040038929785,0.6912345766548197,0.6952968405626501,0.6912345766548197,0.6952968405626501,0.6912345766548197,0.6952968405626501,0.6912345766548197,0.6952968405626501,0.6912345766548197,0.6952968405626501,0.6912345766548197,0.6952968405626501
0.64,0.0,0.64,0.64,0.48,0.1772151898734177,0.48,0.48,0.6878445976652438,0.6879377546441835,0.6878445976652438,0.6879377546441835,0.6878445976652438,0.6879377546441835,0.015539123264070698,0.048391475933051396,0.015539123264070698,0.048391475933051396,0.015539123264070698,0.048391475933051396,0.6878445976652438,0.6879377546441835,0.6878445976652438,0.6879377546441835,0.6878445976652438,0.6879377546441835,0.6878445976652438,0.6879377546441835,0.6878445976652438,0.6879377546441835,0.6878445976652438,0.6879377546441835
0.54,0.0,0.54,0.54,0.51,0.1722972972972973,0.51,0.51,0.6920274161033976,0.657723858098536,0.6920274161033976,0.657723858098536,0.6920274161033976,0.657723858098536,0.007243755895523846,0.006736410844263093,0.007243755895523846,0.006736410844263093,0.007243755895523846,0.006736410844263093,0.6920274161033976,0.657723858098536,0.6920274161033976,0.657723858098536,0.6920274161033976,0.657723858098536,0.6920274161033976,0.657723858098536,0.6920274161033976,0.657723858098536,0.6920274161033976,0.657723858098536
0.63,0.0,0.63,0.63,0.54,0.2024965325936201,0.54,0.54,0.714394833200585,0.7107903405213881,0.714394833200585,0.7107903405213881,0.714394833200585,0.7107903405213881,-0.0005561659239403144,0.034535155246008545,-0.0005561659239403144,0.034535155246008545,-0.0005561659239403144,0.034535155246008545,0.714394833200585,0.7107903405213881,0.714394833200585,0.7107903405213881,0.714394833200585,0.7107903405213881,0.714394833200585,0.7107903405213881,0.714394833200585,0.7107903405213881,0.714394833200585,0.7107903405213881
0.71,0.0,0.71,0.71,0.44,0.1037131882202305,0.44,0.44,0.7349765915523727,0.7397283643532254,0.7349765915523727,0.7397283643532254,0.7349765915523727,0.7397283643532254,-0.01106199037526783,0.013356480012960418,-0.01106199037526783,0.013356480012960418,-0.01106199037526783,0.013356480012960418,0.7349765915523727,0.7397283643532254,0.7349765915523727,0.7397283643532254,0.7349765915523727,0.7397283643532254,0.7349765915523727,0.7397283643532254,0.7349765915523727,0.7397283643532254,0.7349765915523727,0.7397283643532254
0.77,0.0,0.77,0.77,0.34,0.0350877192982457,0.34,0.34,0.687752152531024,0.7205255813614407,0.687752152531024,0.7205255813614407,0.687752152531024,0.7205255813614407,-0.022192600373834078,0.00388258006812327,-0.022192600373834078,0.00388258006812327,-0.022192600373834078,0.00388258006812327,0.687752152531024,0.7205255813614407,0.687752152531024,0.7205255813614407,0.687752152531024,0.7205255813614407,0.687752152531024,0.7205255813614407,0.687752152531024,0.7205255813614407,0.687752152531024,0.7205255813614407
0.76,0.3119266055045872,0.76,0.76,0.51,0.0,0.51,0.51,0.5046936246620253,0.5294101939690563,0.5046936246620253,0.5294101939690563,0.5046936246620253,0.5294101939690563,0.14797177129294425,0.10688714168987981,0.14797177129294425,0.10688714168987981,0.14797177129294425,0.10688714168987981,0.5046936246620253,0.5294101939690563,0.5046936246620253,0.5294101939690563,0.5046936246620253,0.5294101939690563,0.5046936246620253,0.5294101939690563,0.5046936246620253,0.5294101939690563,0.5046936246620253,0.5294101939690563
0.82,0.6341463414634146,0.82,0.82,0.65,0.0,0.65,0.65,0.5535650608701895,0.5637314476865934,0.5535650608701895,0.5637314476865934,0.5535650608701895,0.5637314476865934,0.32478449156046396,0.2080392546267148,0.32478449156046396,0.2080392546267148,0.32478449156046396,0.2080392546267148,0.5535650608701895,0.5637314476865934,0.5535650608701895,0.5637314476865934,0.5535650608701895,0.5637314476865934,0.5535650608701895,0.5637314476865934,0.5535650608701895,0.5637314476865934,0.5535650608701895,0.5637314476865934
0.76,0.5418098510882016,0.76,0.76,0.77,0.0,0.77,0.77,0.6581253376311444,0.6649505668789617,0.6581253376311444,0.6649505668789617,0.6581253376311444,0.6649505668789617,0.26527747913707184,0.20712025850527177,0.26527747913707184,0.20712025850527177,0.26527747913707184,0.20712025850527177,0.6581253376311444,0.6649505668789617,0.6581253376311444,0.6649505668789617,0.6581253376311444,0.6649505668789617,0.6581253376311444,0.6649505668789617,0.6581253376311444,0.6649505668789617,0.6581253376311444,0.6649505668789617
0.81,0.62890625,0.81,0.81,0.75,0.0,0.75,0.75,0.6979621917079137,0.71791833606107,0.6979621917079137,0.71791833606107,0.6979621917079137,0.71791833606107,0.297354168351185,0.23000072862372514,0.297354168351185,0.23000072862372514,0.297354168351185,0.23000072862372514,0.6979621917079137,0.71791833606107,0.6979621917079137,0.71791833606107,0.6979621917079137,0.71791833606107,0.6979621917079137,0.71791833606107,0.6979621917079137,0.71791833606107,0.6979621917079137,0.71791833606107
0.71,0.2360379346680715,0.71,0.71,0.77,0.0,0.77,0.77,0.7119896618294578,0.70883637793391,0.7119896618294578,0.70883637793391,0.7119896618294578,0.70883637793391,0.21410223576368423,0.2000586547147153,0.21410223576368423,0.2000586547147153,0.21410223576368423,0.2000586547147153,0.7119896618294578,0.70883637793391,0.7119896618294578,0.70883637793391,0.7119896618294578,0.70883637793391,0.7119896618294578,0.70883637793391,0.7119896618294578,0.70883637793391,0.7119896618294578,0.70883637793391
0.73,0.2011834319526626,0.73,0.73,0.83,0.0,0.83,0.83,0.6918994524048581,0.6741753069327282,0.6918994524048581,0.6741753069327282,0.6918994524048581,0.6741753069327282,0.17600140420873533,0.2559740112247554,0.17600140420873533,0.2559740112247554,0.17600140420873533,0.2559740112247554,0.6918994524048581,0.6741753069327282,0.6918994524048581,0.6741753069327282,0.6918994524048581,0.6741753069327282,0.6918994524048581,0.6741753069327282,0.6918994524048581,0.6741753069327282,0.6918994524048581,0.6741753069327282
0.64,0.0,0.64,0.64,0.83,0.4727047146401986,0.83,0.83,0.6770241235782439,0.6699075552174826,0.6770241235782439,0.6699075552174826,0.6770241235782439,0.6699075552174826,-0.006249088869953469,0.03045761233112799,-0.006249088869953469,0.03045761233112799,-0.006249088869953469,0.03045761233112799,0.6770241235782439,0.6699075552174826,0.6770241235782439,0.6699075552174826,0.6770241235782439,0.6699075552174826,0.6770241235782439,0.6699075552174826,0.6770241235782439,0.6699075552174826,0.6770241235782439,0.6699075552174826
0.6,0.0,0.6,0.6,0.86,0.6856757970363718,0.86,0.86,0.70596951507856,0.673213156995768,0.70596951507856,0.673213156995768,0.70596951507856,0.673213156995768,-0.03591070925115296,0.03091640667699812,-0.03591070925115296,0.03091640667699812,-0.03591070925115296,0.03091640667699812,0.70596951507856,0.673213156995768,0.70596951507856,0.673213156995768,0.70596951507856,0.673213156995768,0.70596951507856,0.673213156995768,0.70596951507856,0.673213156995768,0.70596951507856,0.673213156995768
0.66,0.0,0.66,0.66,0.6,0.278759466282005,0.6,0.6,0.717064827591465,0.6900066481867088,0.717064827591465,0.6900066481867088,0.717064827591465,0.6900066481867088,-0.03424637097248158,0.043391181013227906,-0.03424637097248158,0.043391181013227906,-0.03424637097248158,0.043391181013227906,0.717064827591465,0.6900066481867088,0.717064827591465,0.6900066481867088,0.717064827591465,0.6900066481867088,0.717064827591465,0.6900066481867088,0.717064827591465,0.6900066481867088,0.717064827591465,0.6900066481867088
0.75,0.0,0.75,0.75,0.54,0.2024965325936201,0.54,0.54,0.7592313071114488,0.7205885070404409,0.7592313071114488,0.7205885070404409,0.7592313071114488,0.7205885070404409,-0.01424142227810581,0.015699169824116527,-0.01424142227810581,0.015699169824116527,-0.01424142227810581,0.015699169824116527,0.7592313071114488,0.7205885070404409,0.7592313071114488,0.7205885070404409,0.7592313071114488,0.7205885070404409,0.7592313071114488,0.7205885070404409,0.7592313071114488,0.7205885070404409,0.7592313071114488,0.7205885070404409
0.73,0.0,0.73,0.73,0.55,0.0,0.55,0.55,0.736477801332666,0.711721293643113,0.736477801332666,0.711721293643113,0.736477801332666,0.711721293643113,-0.013838556151316317,0.00858714276968296,-0.013838556151316317,0.00858714276968296,-0.013838556151316317,0.00858714276968296,0.736477801332666,0.711721293643113,0.736477801332666,0.711721293643113,0.736477801332666,0.711721293643113,0.736477801332666,0.711721293643113,0.736477801332666,0.711721293643113,0.736477801332666,0.711721293643113
0.75,-0.0382059800664451,0.75,0.75,0.57,0.0,0.57,0.57,0.7733121877173175,0.6842698374597534,0.7733121877173175,0.6842698374597534,0.7733121877173175,0.6842698374597534,-0.018929242455264016,0.08647100497270865,-0.018929242455264016,0.08647100497270865,-0.018929242455264016,0.08647100497270865,0.7733121877173175,0.6842698374597534,0.7733121877173175,0.6842698374597534,0.7733121877173175,0.6842698374597534,0.7733121877173175,0.6842698374597534,0.7733121877173175,0.6842698374597534,0.7733121877173175,0.6842698374597534
0.61,0.0020470829068577,0.61,0.61,0.64,0.0,0.64,0.64,0.7043759380552098,0.6687829290658377,0.7043759380552098,0.6687829290658377,0.7043759380552098,0.6687829290658377,0.19477808788062792,0.19426048035555404,0.19477808788062792,0.19426048035555404,0.19477808788062792,0.19426048035555404,0.7043759380552098,0.6687829290658377,0.7043759380552098,0.6687829290658377,0.7043759380552098,0.6687829290658377,0.7043759380552098,0.6687829290658377,0.7043759380552098,0.6687829290658377,0.7043759380552098,0.6687829290658377
0.63,0.0273396424815982,0.63,0.63,0.54,0.0,0.54,0.54,0.6941787871728018,0.6853747054685785,0.6941787871728018,0.6853747054685785,0.6941787871728018,0.6853747054685785,0.154617940785658,0.17755829591569514,0.154617940785658,0.17755829591569514,0.154617940785658,0.17755829591569514,0.6941787871728018,0.6853747054685785,0.6941787871728018,0.6853747054685785,0.6941787871728018,0.6853747054685785,0.6941787871728018,0.6853747054685785,0.6941787871728018,0.6853747054685785,0.6941787871728018,0.6853747054685785
0.77,0.4439071566731141,0.77,0.77,0.63,0.0,0.63,0.63,0.6200930166548733,0.6279832049727746,0.6200930166548733,0.6279832049727746,0.6200930166548733,0.6279832049727746,0.275807094647702,0.2632416297946682,0.275807094647702,0.2632416297946682,0.275807094647702,0.2632416297946682,0.6200930166548733,0.6279832049727746,0.6200930166548733,0.6279832049727746,0.6200930166548733,0.6279832049727746,0.6200930166548733,0.6279832049727746,0.6200930166548733,0.6279832049727746,0.6200930166548733,0.6279832049727746
0.8,0.4591671173607354,0.8,0.8,0.71,0.0,0.71,0.71,0.6554282032825227,0.6570098456798418,0.6554282032825227,0.6570098456798418,0.6554282032825227,0.6570098456798418,0.23575533879271768,0.1915642036595263,0.23575533879271768,0.1915642036595263,0.23575533879271768,0.1915642036595263,0.6554282032825227,0.6570098456798418,0.6554282032825227,0.6570098456798418,0.6554282032825227,0.6570098456798418,0.6554282032825227,0.6570098456798418,0.6554282032825227,0.6570098456798418,0.6554282032825227,0.6570098456798418
0.85,0.520460358056266,0.85,0.85,0.77,0.0,0.77,0.77,0.6740496263507171,0.6665947889399597,0.6740496263507171,0.6665947889399597,0.6740496263507171,0.6665947889399597,0.2216622993385477,0.21544275219939843,0.2216622993385477,0.21544275219939843,0.2216622993385477,0.21544275219939843,0.6740496263507171,0.6665947889399597,0.6740496263507171,0.6665947889399597,0.6740496263507171,0.6665947889399597,0.6740496263507171,0.6665947889399597,0.6740496263507171,0.6665947889399597,0.6740496263507171,0.6665947889399597
0.79,0.0691489361702129,0.79,0.79,0.76,0.3119266055045872,0.76,0.76,0.6838498883339056,0.6631817722623141,0.6838498883339056,0.6631817722623141,0.6838498883339056,0.6631817722623141,0.04129842645899954,0.018738936497765795,0.04129842645899954,0.018738936497765795,0.04129842645899954,0.018738936497765795,0.6838498883339056,0.6631817722623141,0.6838498883339056,0.6631817722623141,0.6838498883339056,0.6631817722623141,0.6838498883339056,0.6631817722623141,0.6838498883339056,0.6631817722623141,0.6838498883339056,0.6631817722623141
0.77,0.0619902120717782,0.77,0.77,0.82,0.6341463414634146,0.82,0.82,0.6787125911447771,0.673056257608198,0.6787125911447771,0.673056257608198,0.6787125911447771,0.673056257608198,0.029836883591822738,0.010561035203457008,0.029836883591822738,0.010561035203457008,0.029836883591822738,0.010561035203457008,0.6787125911447771,0.673056257608198,0.6787125911447771,0.673056257608198,0.6787125911447771,0.673056257608198,0.6787125911447771,0.673056257608198,0.6787125911447771,0.673056257608198,0.6787125911447771,0.673056257608198
0.8,0.0,0.8,0.8,0.76,0.5418098510882016,0.76,0.76,0.7625031976802279,0.728902969992993,0.7625031976802279,0.728902969992993,0.7625031976802279,0.728902969992993,-0.01139883582280446,0.018654015747065922,-0.01139883582280446,0.018654015747065922,-0.01139883582280446,0.018654015747065922,0.7625031976802279,0.728902969992993,0.7625031976802279,0.728902969992993,0.7625031976802279,0.728902969992993,0.7625031976802279,0.728902969992993,0.7625031976802279,0.728902969992993,0.7625031976802279,0.728902969992993
0.79,0.0,0.79,0.79,0.81,0.62890625,0.81,0.81,0.7589874265625839,0.7077844595968712,0.7589874265625839,0.7077844595968712,0.7589874265625839,0.7077844595968712,0.0018673477245977886,0.029149369465657025,0.0018673477245977886,0.029149369465657025,0.0018673477245977886,0.029149369465657025,0.7589874265625839,0.7077844595968712,0.7589874265625839,0.7077844595968712,0.7589874265625839,0.7077844595968712,0.7589874265625839,0.7077844595968712,0.7589874265625839,0.7077844595968712,0.7589874265625839,0.7077844595968712
0.83,0.0,0.83,0.83,0.71,0.2360379346680715,0.71,0.71,0.7612361065555983,0.732058459455165,0.7612361065555983,0.732058459455165,0.7612361065555983,0.732058459455165,0.013465188442320572,0.0457005861431683,0.013465188442320572,0.0457005861431683,0.013465188442320572,0.0457005861431683,0.7612361065555983,0.732058459455165,0.7612361065555983,0.732058459455165,0.7612361065555983,0.732058459455165,0.7612361065555983,0.732058459455165,0.7612361065555983,0.732058459455165,0.7612361065555983,0.732058459455165
0.83,0.0,0.83,0.83,0.73,0.2011834319526626,0.73,0.73,0.662009334629521,0.6522724911479988,0.662009334629521,0.6522724911479988,0.662009334629521,0.6522724911479988,-0.009901638435199964,-0.02054690373810282,-0.009901638435199964,-0.02054690373810282,-0.009901638435199964,-0.02054690373810282,0.662009334629521,0.6522724911479988,0.662009334629521,0.6522724911479988,0.662009334629521,0.6522724911479988,0.662009334629521,0.6522724911479988,0.662009334629521,0.6522724911479988,0.662009334629521,0.6522724911479988
0.74,0.1198375084631008,0.74,0.74,0.64,0.0,0.64,0.64,0.7362525410947647,0.6693847436937838,0.7362525410947647,0.6693847436937838,0.7362525410947647,0.6693847436937838,0.15861243170352168,0.19794379888198957,0.15861243170352168,0.19794379888198957,0.15861243170352168,0.19794379888198957,0.7362525410947647,0.6693847436937838,0.7362525410947647,0.6693847436937838,0.7362525410947647,0.6693847436937838,0.7362525410947647,0.6693847436937838,0.7362525410947647,0.6693847436937838,0.7362525410947647,0.6693847436937838
0.7,0.1263832265579499,0.7,0.7,0.6,0.0,0.6,0.6,0.6997293924864392,0.655444833489197,0.6997293924864392,0.655444833489197,0.6997293924864392,0.655444833489197,0.18041738399551335,0.22154952974485823,0.18041738399551335,0.22154952974485823,0.18041738399551335,0.22154952974485823,0.6997293924864392,0.655444833489197,0.6997293924864392,0.655444833489197,0.6997293924864392,0.655444833489197,0.6997293924864392,0.655444833489197,0.6997293924864392,0.655444833489197,0.6997293924864392,0.655444833489197
0.64,0.042043640234167,0.64,0.64,0.66,0.0,0.66,0.66,0.6464713698199684,0.647421113730997,0.6464713698199684,0.647421113730997,0.6464713698199684,0.647421113730997,0.18060321993987896,0.27158762689303756,0.18060321993987896,0.27158762689303756,0.18060321993987896,0.27158762689303756,0.6464713698199684,0.647421113730997,0.6464713698199684,0.647421113730997,0.6464713698199684,0.647421113730997,0.6464713698199684,0.647421113730997,0.6464713698199684,0.647421113730997,0.6464713698199684,0.647421113730997
0.66,0.0820734341252699,0.66,0.66,0.75,0.0,0.75,0.75,0.6724351044430473,0.6729340550957935,0.6724351044430473,0.6729340550957935,0.6724351044430473,0.6729340550957935,0.16183759309333,0.20261266170910644,0.16183759309333,0.20261266170910644,0.16183759309333,0.20261266170910644,0.6724351044430473,0.6729340550957935,0.6724351044430473,0.6729340550957935,0.6724351044430473,0.6729340550957935,0.6724351044430473,0.6729340550957935,0.6724351044430473,0.6729340550957935,0.6724351044430473,0.6729340550957935
0.6,0.0,0.6,0.6,0.73,0.0,0.73,0.73,0.7143549523980189,0.7176869895361077,0.7143549523980189,0.7176869895361077,0.7143549523980189,0.7176869895361077,0.020361781973912512,0.06888248153705966,0.020361781973912512,0.06888248153705966,0.020361781973912512,0.06888248153705966,0.7143549523980189,0.7176869895361077,0.7143549523980189,0.7176869895361077,0.7143549523980189,0.7176869895361077,0.7143549523980189,0.7176869895361077,0.7143549523980189,0.7176869895361077,0.7143549523980189,0.7176869895361077
0.58,0.0,0.58,0.58,0.75,-0.0382059800664451,0.75,0.75,0.7143110325375459,0.6926685833785342,0.7143110325375459,0.6926685833785342,0.7143110325375459,0.6926685833785342,0.029413815052951417,0.04815544244480335,0.029413815052951417,0.04815544244480335,0.029413815052951417,0.04815544244480335,0.7143110325375459,0.6926685833785342,0.7143110325375459,0.6926685833785342,0.7143110325375459,0.6926685833785342,0.7143110325375459,0.6926685833785342,0.7143110325375459,0.6926685833785342,0.7143110325375459,0.6926685833785342
0.5,0.0,0.5,0.5,0.61,0.0020470829068577,0.61,0.61,0.7522149624281936,0.7012795279378008,0.7522149624281936,0.7012795279378008,0.7522149624281936,0.7012795279378008,0.006479497686195216,0.06679548499959355,0.006479497686195216,0.06679548499959355,0.006479497686195216,0.06679548499959355,0.7522149624281936,0.7012795279378008,0.7522149624281936,0.7012795279378008,0.7522149624281936,0.7012795279378008,0.7522149624281936,0.7012795279378008,0.7522149624281936,0.7012795279378008,0.7522149624281936,0.7012795279378008
0.61,0.0,0.61,0.61,0.63,0.0273396424815982,0.63,0.63,0.7421041628889913,0.6893884343941947,0.7421041628889913,0.6893884343941947,0.7421041628889913,0.6893884343941947,-0.03579032472927111,0.018009948617865403,-0.03579032472927111,0.018009948617865403,-0.03579032472927111,0.018009948617865403,0.7421041628889913,0.6893884343941947,0.7421041628889913,0.6893884343941947,0.7421041628889913,0.6893884343941947,0.7421041628889913,0.6893884343941947,0.7421041628889913,0.6893884343941947,0.7421041628889913,0.6893884343941947
0.66,0.0,0.66,0.66,0.77,0.4439071566731141,0.77,0.77,0.726178722358277,0.6791145321324323,0.726178722358277,0.6791145321324323,0.726178722358277,0.6791145321324323,-0.028012546709113233,0.017146739039670046,-0.028012546709113233,0.017146739039670046,-0.028012546709113233,0.017146739039670046,0.726178722358277,0.6791145321324323,0.726178722358277,0.6791145321324323,0.726178722358277,0.6791145321324323,0.726178722358277,0.6791145321324323,0.726178722358277,0.6791145321324323,0.726178722358277,0.6791145321324323
0.78,0.0,0.78,0.78,0.8,0.4591671173607354,0.8,0.8,0.7828955282077672,0.741502124549908,0.7828955282077672,0.741502124549908,0.7828955282077672,0.741502124549908,-0.0073476734453826135,0.01654652769900218,-0.0073476734453826135,0.01654652769900218,-0.0073476734453826135,0.01654652769900218,0.7828955282077672,0.741502124549908,0.7828955282077672,0.741502124549908,0.7828955282077672,0.741502124549908,0.7828955282077672,0.741502124549908,0.7828955282077672,0.741502124549908,0.7828955282077672,0.741502124549908
0.8,0.0,0.8,0.8,0.85,0.520460358056266,0.85,0.85,0.6891562876259153,0.6826497818848117,0.6891562876259153,0.6826497818848117,0.6891562876259153,0.6826497818848117,-0.01658463576710236,-0.013831868193440632,-0.01658463576710236,-0.013831868193440632,-0.01658463576710236,-0.013831868193440632,0.6891562876259153,0.6826497818848117,0.6891562876259153,0.6826497818848117,0.6891562876259153,0.6826497818848117,0.6891562876259153,0.6826497818848117,0.6891562876259153,0.6826497818848117,0.6891562876259153,0.6826497818848117
0.75,-0.0032102728731941,0.75,0.75,0.79,0.0691489361702129,0.79,0.79,0.6863668460732906,0.6880786127780724,0.6863668460732906,0.6880786127780724,0.6863668460732906,0.6880786127780724,0.06565700182719347,0.1840427830254906,0.06565700182719347,0.1840427830254906,0.06565700182719347,0.1840427830254906,0.6863668460732906,0.6880786127780724,0.6863668460732906,0.6880786127780724,0.6863668460732906,0.6880786127780724,0.6863668460732906,0.6880786127780724,0.6863668460732906,0.6880786127780724,0.6863668460732906,0.6880786127780724
0.74,0.288840262582057,0.74,0.74,0.77,0.0619902120717782,0.77,0.77,0.6876924012953606,0.6808115154949943,0.6876924012953606,0.6808115154949943,0.6876924012953606,0.6808115154949943,0.13593530081181607,0.18927173526139898,0.13593530081181607,0.18927173526139898,0.13593530081181607,0.18927173526139898,0.6876924012953606,0.6808115154949943,0.6876924012953606,0.6808115154949943,0.6876924012953606,0.6808115154949943,0.6876924012953606,0.6808115154949943,0.6876924012953606,0.6808115154949943,0.6876924012953606,0.6808115154949943
0.69,0.2973708068902991,0.69,0.69,0.8,0.0,0.8,0.8,0.5529571543450296,0.5500613456315719,0.5529571543450296,0.5500613456315719,0.5529571543450296,0.5500613456315719,0.09682494514468165,0.2046300316372049,0.09682494514468165,0.2046300316372049,0.09682494514468165,0.2046300316372049,0.5529571543450296,0.5500613456315719,0.5529571543450296,0.5500613456315719,0.5529571543450296,0.5500613456315719,0.5529571543450296,0.5500613456315719,0.5529571543450296,0.5500613456315719,0.5529571543450296,0.5500613456315719
0.71,0.3450767841011743,0.71,0.71,0.79,0.0,0.79,0.79,0.648616446286511,0.6178172151626732,0.648616446286511,0.6178172151626732,0.648616446286511,0.6178172151626732,0.1394408989188202,0.24326055074974934,0.1394408989188202,0.24326055074974934,0.1394408989188202,0.24326055074974934,0.648616446286511,0.6178172151626732,0.648616446286511,0.6178172151626732,0.648616446286511,0.6178172151626732,0.648616446286511,0.6178172151626732,0.648616446286511,0.6178172151626732,0.648616446286511,0.6178172151626732
0.73,0.2178447276940904,0.73,0.73,0.83,0.0,0.83,0.83,0.7097212079931636,0.6887158705050738,0.7097212079931636,0.6887158705050738,0.7097212079931636,0.6887158705050738,0.0951004726802877,0.14887581178247022,0.0951004726802877,0.14887581178247022,0.0951004726802877,0.14887581178247022,0.7097212079931636,0.6887158705050738,0.7097212079931636,0.6887158705050738,0.7097212079931636,0.6887158705050738,0.7097212079931636,0.6887158705050738,0.7097212079931636,0.6887158705050738,0.7097212079931636,0.6887158705050738
0.73,0.0951742627345845,0.73,0.73,0.83,0.0,0.83,0.83,0.7345570629410266,0.7071591351797045,0.7345570629410266,0.7071591351797045,0.7345570629410266,0.7071591351797045,0.047189860104948446,0.07569594264345128,0.047189860104948446,0.07569594264345128,0.047189860104948446,0.07569594264345128,0.7345570629410266,0.7071591351797045,0.7345570629410266,0.7071591351797045,0.7345570629410266,0.7071591351797045,0.7345570629410266,0.7071591351797045,0.7345570629410266,0.7071591351797045,0.7345570629410266,0.7071591351797045
0.77,0.0,0.77,0.77,0.74,0.1198375084631008,0.74,0.74,0.7753776092257113,0.7669914010963247,0.7753776092257113,0.7669914010963247,0.7753776092257113,0.7669914010963247,0.013040463032250723,0.0563148803128171,0.013040463032250723,0.0563148803128171,0.013040463032250723,0.0563148803128171,0.7753776092257113,0.7669914010963247,0.7753776092257113,0.7669914010963247,0.7753776092257113,0.7669914010963247,0.7753776092257113,0.7669914010963247,0.7753776092257113,0.7669914010963247,0.7753776092257113,0.7669914010963247
0.68,0.0,0.68,0.68,0.7,0.1263832265579499,0.7,0.7,0.7372221205560617,0.7690421681073265,0.7372221205560617,0.7690421681073265,0.7372221205560617,0.7690421681073265,0.01628954310243291,0.0395134144799818,0.01628954310243291,0.0395134144799818,0.01628954310243291,0.0395134144799818,0.7372221205560617,0.7690421681073265,0.7372221205560617,0.7690421681073265,0.7372221205560617,0.7690421681073265,0.7372221205560617,0.7690421681073265,0.7372221205560617,0.7690421681073265,0.7372221205560617,0.7690421681073265
0.56,0.0,0.56,0.56,0.64,0.042043640234167,0.64,0.64,0.7089093424928832,0.6646497254085261,0.7089093424928832,0.6646497254085261,0.7089093424928832,0.6646497254085261,0.0056668280254365926,0.037335838252666495,0.0056668280254365926,0.037335838252666495,0.0056668280254365926,0.037335838252666495,0.7089093424928832,0.6646497254085261,0.7089093424928832,0.6646497254085261,0.7089093424928832,0.6646497254085261,0.7089093424928832,0.6646497254085261,0.7089093424928832,0.6646497254085261,0.7089093424928832,0.6646497254085261
0.5,0.0,0.5,0.5,0.66,0.0820734341252699,0.66,0.66,0.6455878376751226,0.5993729220962568,0.6455878376751226,0.5993729220962568,0.6455878376751226,0.5993729220962568,-0.037808705884254584,0.0369372927415964,-0.037808705884254584,0.0369372927415964,-0.037808705884254584,0.0369372927415964,0.6455878376751226,0.5993729220962568,0.6455878376751226,0.5993729220962568,0.6455878376751226,0.5993729220962568,0.6455878376751226,0.5993729220962568,0.6455878376751226,0.5993729220962568,0.6455878376751226,0.5993729220962568
0.59,0.0,0.59,0.59,0.6,0.0,0.6,0.6,0.627835226969442,0.6165474852072952,0.627835226969442,0.6165474852072952,0.627835226969442,0.6165474852072952,-0.02291485792099009,-0.01129695481003984,-0.02291485792099009,-0.01129695481003984,-0.02291485792099009,-0.01129695481003984,0.627835226969442,0.6165474852072952,0.627835226969442,0.6165474852072952,0.627835226969442,0.6165474852072952,0.627835226969442,0.6165474852072952,0.627835226969442,0.6165474852072952,0.627835226969442,0.6165474852072952
0.72,-0.0736196319018405,0.72,0.72,0.58,0.0,0.58,0.58,0.5716600887568447,0.5636661272179229,0.5716600887568447,0.5636661272179229,0.5716600887568447,0.5636661272179229,-0.0761178599230326,-0.015576329909952374,-0.0761178599230326,-0.015576329909952374,-0.0761178599230326,-0.015576329909952374,0.5716600887568447,0.5636661272179229,0.5716600887568447,0.5636661272179229,0.5716600887568447,0.5636661272179229,0.5716600887568447,0.5636661272179229,0.5716600887568447,0.5636661272179229,0.5716600887568447,0.5636661272179229
0.79,0.3312101910828025,0.79,0.79,0.5,0.0,0.5,0.5,0.63685372057,0.6476277337120064,0.63685372057,0.6476277337120064,0.63685372057,0.6476277337120064,0.1750428781768809,0.1833163614746725,0.1750428781768809,0.1833163614746725,0.1750428781768809,0.1833163614746725,0.63685372057,0.6476277337120064,0.63685372057,0.6476277337120064,0.63685372057,0.6476277337120064,0.63685372057,0.6476277337120064,0.63685372057,0.6476277337120064,0.63685372057,0.6476277337120064
0.6,0.1138679663269827,0.6,0.6,0.61,0.0,0.61,0.61,0.5529319449745074,0.5525237127678451,0.5529319449745074,0.5525237127678451,0.5529319449745074,0.5525237127678451,0.09805306570155017,0.15143057794415132,0.09805306570155017,0.15143057794415132,0.09805306570155017,0.15143057794415132,0.5529319449745074,0.5525237127678451,0.5529319449745074,0.5525237127678451,0.5529319449745074,0.5525237127678451,0.5529319449745074,0.5525237127678451,0.5529319449745074,0.5525237127678451,0.5529319449745074,0.5525237127678451
0.66,0.2125984251968503,0.66,0.66,0.66,0.0,0.66,0.66,0.6515600631922037,0.607912905226982,0.6515600631922037,0.607912905226982,0.6515600631922037,0.607912905226982,0.18111795478238696,0.20088504819218167,0.18111795478238696,0.20088504819218167,0.18111795478238696,0.20088504819218167,0.6515600631922037,0.607912905226982,0.6515600631922037,0.607912905226982,0.6515600631922037,0.607912905226982,0.6515600631922037,0.607912905226982,0.6515600631922037,0.607912905226982,0.6515600631922037,0.607912905226982
0.62,0.08521906596052,0.62,0.62,0.78,0.0,0.78,0.78,0.7001097308291062,0.6662187907507182,0.7001097308291062,0.6662187907507182,0.7001097308291062,0.6662187907507182,0.0990167792653882,0.031953272847831726,0.0990167792653882,0.031953272847831726,0.0990167792653882,0.031953272847831726,0.7001097308291062,0.6662187907507182,0.7001097308291062,0.6662187907507182,0.7001097308291062,0.6662187907507182,0.7001097308291062,0.6662187907507182,0.7001097308291062,0.6662187907507182,0.7001097308291062,0.6662187907507182
0.72,0.1288114499066583,0.72,0.72,0.8,0.0,0.8,0.8,0.7125059894983806,0.6916977749880415,0.7125059894983806,0.6916977749880415,0.7125059894983806,0.6916977749880415,0.07716220358939348,0.07314191634040373,0.07716220358939348,0.07314191634040373,0.07716220358939348,0.07314191634040373,0.7125059894983806,0.6916977749880415,0.7125059894983806,0.6916977749880415,0.7125059894983806,0.6916977749880415,0.7125059894983806,0.6916977749880415,0.7125059894983806,0.6916977749880415,0.7125059894983806,0.6916977749880415
0.6,0.0,0.6,0.6,0.75,-0.0032102728731941,0.75,0.75,0.6698829441077692,0.6214407616301738,0.6698829441077692,0.6214407616301738,0.6698829441077692,0.6214407616301738,-0.017864628978925146,0.017828358890626388,-0.017864628978925146,0.017828358890626388,-0.017864628978925146,0.017828358890626388,0.6698829441077692,0.6214407616301738,0.6698829441077692,0.6214407616301738,0.6698829441077692,0.6214407616301738,0.6698829441077692,0.6214407616301738,0.6698829441077692,0.6214407616301738,0.6698829441077692,0.6214407616301738
0.58,0.0,0.58,0.58,0.74,0.288840262582057,0.74,0.74,0.6475044314055388,0.6102110751636535,0.6475044314055388,0.6102110751636535,0.6475044314055388,0.6102110751636535,-0.008677897227794986,0.013119151103094839,-0.008677897227794986,0.013119151103094839,-0.008677897227794986,0.013119151103094839,0.6475044314055388,0.6102110751636535,0.6475044314055388,0.6102110751636535,0.6475044314055388,0.6102110751636535,0.6475044314055388,0.6102110751636535,0.6475044314055388,0.6102110751636535,0.6475044314055388,0.6102110751636535
0.6,0.0,0.6,0.6,0.69,0.2973708068902991,0.69,0.69,0.6674197919111275,0.6491068746530605,0.6674197919111275,0.6491068746530605,0.6674197919111275,0.6491068746530605,0.0213648210659858,0.04128963645462729,0.0213648210659858,0.04128963645462729,0.0213648210659858,0.04128963645462729,0.6674197919111275,0.6491068746530605,0.6674197919111275,0.6491068746530605,0.6674197919111275,0.6491068746530605,0.6674197919111275,0.6491068746530605,0.6674197919111275,0.6491068746530605,0.6674197919111275,0.6491068746530605
0.69,0.0,0.69,0.69,0.71,0.3450767841011743,0.71,0.71,0.6314979956975307,0.6395397021129074,0.6314979956975307,0.6395397021129074,0.6314979956975307,0.6395397021129074,0.020029616623086888,0.019349470760029755,0.020029616623086888,0.019349470760029755,0.020029616623086888,0.019349470760029755,0.6314979956975307,0.6395397021129074,0.6314979956975307,0.6395397021129074,0.6314979956975307,0.6395397021129074,0.6314979956975307,0.6395397021129074,0.6314979956975307,0.6395397021129074,0.6314979956975307,0.6395397021129074
0.73,0.0,0.73,0.73,0.73,0.2178447276940904,0.73,0.73,0.5412635432290699,0.5596033394478274,0.5412635432290699,0.5596033394478274,0.5412635432290699,0.5596033394478274,0.02564828336647343,-0.014117900954915535,0.02564828336647343,-0.014117900954915535,0.02564828336647343,-0.014117900954915535,0.5412635432290699,0.5596033394478274,0.5412635432290699,0.5596033394478274,0.5412635432290699,0.5596033394478274,0.5412635432290699,0.5596033394478274,0.5412635432290699,0.5596033394478274,0.5412635432290699,0.5596033394478274
0.73,0.0,0.73,0.73,0.73,0.0951742627345845,0.73,0.73,0.6805818288556443,0.7112575661157909,0.6805818288556443,0.7112575661157909,0.6805818288556443,0.7112575661157909,0.09003368770813587,0.12076331620289993,0.09003368770813587,0.12076331620289993,0.09003368770813587,0.12076331620289993,0.6805818288556443,0.7112575661157909,0.6805818288556443,0.7112575661157909,0.6805818288556443,0.7112575661157909,0.6805818288556443,0.7112575661157909,0.6805818288556443,0.7112575661157909,0.6805818288556443,0.7112575661157909
0.71,0.3336397058823529,0.71,0.71,0.77,0.0,0.77,0.77,0.6835121705299256,0.6394068257610108,0.6835121705299256,0.6394068257610108,0.6835121705299256,0.6394068257610108,0.18600582665630994,0.28249699598717204,0.18600582665630994,0.28249699598717204,0.18600582665630994,0.28249699598717204,0.6835121705299256,0.6394068257610108,0.6835121705299256,0.6394068257610108,0.6835121705299256,0.6394068257610108,0.6835121705299256,0.6394068257610108,0.6835121705299256,0.6394068257610108,0.6835121705299256,0.6394068257610108
0.45,0.1163239074550127,0.45,0.45,0.68,0.0,0.68,0.68,0.6845116999462717,0.650031636492746,0.6845116999462717,0.650031636492746,0.6845116999462717,0.650031636492746,0.20743762566365154,0.24486745234436666,0.20743762566365154,0.24486745234436666,0.20743762566365154,0.24486745234436666,0.6845116999462717,0.650031636492746,0.6845116999462717,0.650031636492746,0.6845116999462717,0.650031636492746,0.6845116999462717,0.650031636492746,0.6845116999462717,0.650031636492746,0.6845116999462717,0.650031636492746
0.4,0.0886998784933171,0.4,0.4,0.56,0.0,0.56,0.56,0.6464982915444896,0.6726980112250374,0.6464982915444896,0.6726980112250374,0.6464982915444896,0.6726980112250374,0.17630131894751677,0.20553767158979647,0.17630131894751677,0.20553767158979647,0.17630131894751677,0.20553767158979647,0.6464982915444896,0.6726980112250374,0.6464982915444896,0.6726980112250374,0.6464982915444896,0.6726980112250374,0.6464982915444896,0.6726980112250374,0.6464982915444896,0.6726980112250374,0.6464982915444896,0.6726980112250374
0.43,0.0279672578444747,0.43,0.43,0.5,0.0,0.5,0.5,0.5992635748180598,0.6295447851374493,0.5992635748180598,0.6295447851374493,0.5992635748180598,0.6295447851374493,-0.008623354318561469,0.01647218701165521,-0.008623354318561469,0.01647218701165521,-0.008623354318561469,0.01647218701165521,0.5992635748180598,0.6295447851374493,0.5992635748180598,0.6295447851374493,0.5992635748180598,0.6295447851374493,0.5992635748180598,0.6295447851374493,0.5992635748180598,0.6295447851374493,0.5992635748180598,0.6295447851374493
0.6,0.0,0.6,0.6,0.59,0.0,0.59,0.59,0.6158567153457498,0.6457387621254641,0.6158567153457498,0.6457387621254641,0.6158567153457498,0.6457387621254641,-0.05606367492372848,-0.01723778617090089,-0.05606367492372848,-0.01723778617090089,-0.05606367492372848,-0.01723778617090089,0.6158567153457498,0.6457387621254641,0.6158567153457498,0.6457387621254641,0.6158567153457498,0.6457387621254641,0.6158567153457498,0.6457387621254641,0.6158567153457498,0.6457387621254641,0.6158567153457498,0.6457387621254641
0.69,0.0,0.69,0.69,0.72,-0.0736196319018405,0.72,0.72,0.6218703949618244,0.6594809003519068,0.6218703949618244,0.6594809003519068,0.6218703949618244,0.6594809003519068,-0.07046182812218107,-0.022242949869426154,-0.07046182812218107,-0.022242949869426154,-0.07046182812218107,-0.022242949869426154,0.6218703949618244,0.6594809003519068,0.6218703949618244,0.6594809003519068,0.6218703949618244,0.6594809003519068,0.6218703949618244,0.6594809003519068,0.6218703949618244,0.6594809003519068,0.6218703949618244,0.6594809003519068
0.67,0.0,0.67,0.67,0.79,0.3312101910828025,0.79,0.79,0.6328307677773426,0.6610671002158023,0.6328307677773426,0.6610671002158023,0.6328307677773426,0.6610671002158023,-0.09675131883839794,-0.024503942395342416,-0.09675131883839794,-0.024503942395342416,-0.09675131883839794,-0.024503942395342416,0.6328307677773426,0.6610671002158023,0.6328307677773426,0.6610671002158023,0.6328307677773426,0.6610671002158023,0.6328307677773426,0.6610671002158023,0.6328307677773426,0.6610671002158023,0.6328307677773426,0.6610671002158023
0.67,0.0,0.67,0.67,0.6,0.1138679663269827,0.6,0.6,0.6613818731436545,0.7178264179214242,0.6613818731436545,0.7178264179214242,0.6613818731436545,0.7178264179214242,-0.08601233405108893,-0.038854572764599554,-0.08601233405108893,-0.038854572764599554,-0.08601233405108893,-0.038854572764599554,0.6613818731436545,0.7178264179214242,0.6613818731436545,0.7178264179214242,0.6613818731436545,0.7178264179214242,0.6613818731436545,0.7178264179214242,0.6613818731436545,0.7178264179214242,0.6613818731436545,0.7178264179214242
0.66,0.0,0.66,0.66,0.66,0.2125984251968503,0.66,0.66,0.5608900840772928,0.5642871980417813,0.5608900840772928,0.5642871980417813,0.5608900840772928,0.5642871980417813,-0.08392158812122533,-0.05348280581238521,-0.08392158812122533,-0.05348280581238521,-0.08392158812122533,-0.05348280581238521,0.5608900840772928,0.5642871980417813,0.5608900840772928,0.5642871980417813,0.5608900840772928,0.5642871980417813,0.5608900840772928,0.5642871980417813,0.5608900840772928,0.5642871980417813,0.5608900840772928,0.5642871980417813
0.58,0.0,0.58,0.58,0.62,0.08521906596052,0.62,0.62,0.5636078348587591,0.6127819305522676,0.5636078348587591,0.6127819305522676,0.5636078348587591,0.6127819305522676,-0.03817090373509061,-0.03810308713151553,-0.03817090373509061,-0.03810308713151553,-0.03817090373509061,-0.03810308713151553,0.5636078348587591,0.6127819305522676,0.5636078348587591,0.6127819305522676,0.5636078348587591,0.6127819305522676,0.5636078348587591,0.6127819305522676,0.5636078348587591,0.6127819305522676,0.5636078348587591,0.6127819305522676
0.55,0.0,0.55,0.55,0.72,0.1288114499066583,0.72,0.72,0.5890520120623259,0.603248044361278,0.5890520120623259,0.603248044361278,0.5890520120623259,0.603248044361278,0.00046163956094671965,-0.014508697019546633,0.00046163956094671965,-0.014508697019546633,0.00046163956094671965,-0.014508697019546633,0.5890520120623259,0.603248044361278,0.5890520120623259,0.603248044361278,0.5890520120623259,0.603248044361278,0.5890520120623259,0.603248044361278,0.5890520120623259,0.603248044361278,0.5890520120623259,0.603248044361278
0.59,0.2756183745583038,0.59,0.59,0.6,0.0,0.6,0.6,0.5825585583555887,0.5598398957488994,0.5825585583555887,0.5598398957488994,0.5825585583555887,0.5598398957488994,0.2524613408263386,0.006564080938963629,0.2524613408263386,0.006564080938963629,0.2524613408263386,0.006564080938963629,0.5825585583555887,0.5598398957488994,0.5825585583555887,0.5598398957488994,0.5825585583555887,0.5598398957488994,0.5825585583555887,0.5598398957488994,0.5825585583555887,0.5598398957488994,0.5825585583555887,0.5598398957488994
0.56,0.2465753424657535,0.56,0.56,0.58,0.0,0.58,0.58,0.6131203782839427,0.6310577702275585,0.6131203782839427,0.6310577702275585,0.6131203782839427,0.6310577702275585,0.22206741825047843,0.06736794686471306,0.22206741825047843,0.06736794686471306,0.22206741825047843,0.06736794686471306,0.6131203782839427,0.6310577702275585,0.6131203782839427,0.6310577702275585,0.6131203782839427,0.6310577702275585,0.6131203782839427,0.6310577702275585,0.6131203782839427,0.6310577702275585,0.6131203782839427,0.6310577702275585
0.67,0.3801652892561983,0.67,0.67,0.6,0.0,0.6,0.6,0.664950565416951,0.6911677739762732,0.664950565416951,0.6911677739762732,0.664950565416951,0.6911677739762732,0.1732373959402806,0.26896516112946617,0.1732373959402806,0.26896516112946617,0.1732373959402806,0.26896516112946617,0.664950565416951,0.6911677739762732,0.664950565416951,0.6911677739762732,0.664950565416951,0.6911677739762732,0.664950565416951,0.6911677739762732,0.664950565416951,0.6911677739762732,0.664950565416951,0.6911677739762732
0.58,0.1975544516622086,0.58,0.58,0.69,0.0,0.69,0.69,0.6332290385411529,0.6137833193359383,0.6332290385411529,0.6137833193359383,0.6332290385411529,0.6137833193359383,0.07615945049812,0.20084148063472568,0.07615945049812,0.20084148063472568,0.07615945049812,0.20084148063472568,0.6332290385411529,0.6137833193359383,0.6332290385411529,0.6137833193359383,0.6332290385411529,0.6137833193359383,0.6332290385411529,0.6137833193359383,0.6332290385411529,0.6137833193359383,0.6332290385411529,0.6137833193359383
0.59,0.0757439134355274,0.59,0.59,0.73,0.0,0.73,0.73,0.6911250940110828,0.6481031649409109,0.6911250940110828,0.6481031649409109,0.6911250940110828,0.6481031649409109,0.1401284878022896,0.16004548993200338,0.1401284878022896,0.16004548993200338,0.1401284878022896,0.16004548993200338,0.6911250940110828,0.6481031649409109,0.6911250940110828,0.6481031649409109,0.6911250940110828,0.6481031649409109,0.6911250940110828,0.6481031649409109,0.6911250940110828,0.6481031649409109,0.6911250940110828,0.6481031649409109
0.56,0.0,0.56,0.56,0.73,0.0,0.73,0.73,0.7022760390292195,0.7024284063424551,0.7022760390292195,0.7024284063424551,0.7022760390292195,0.7024284063424551,0.05856336318010957,0.06956805252792825,0.05856336318010957,0.06956805252792825,0.05856336318010957,0.06956805252792825,0.7022760390292195,0.7024284063424551,0.7022760390292195,0.7024284063424551,0.7022760390292195,0.7024284063424551,0.7022760390292195,0.7024284063424551,0.7022760390292195,0.7024284063424551,0.7022760390292195,0.7024284063424551
0.57,0.0,0.57,0.57,0.71,0.3336397058823529,0.71,0.71,0.682925659303241,0.7013387513844199,0.682925659303241,0.7013387513844199,0.682925659303241,0.7013387513844199,0.03372258143160503,0.024448792072844852,0.03372258143160503,0.024448792072844852,0.03372258143160503,0.024448792072844852,0.682925659303241,0.7013387513844199,0.682925659303241,0.7013387513844199,0.682925659303241,0.7013387513844199,0.682925659303241,0.7013387513844199,0.682925659303241,0.7013387513844199,0.682925659303241,0.7013387513844199
0.55,0.0,0.55,0.55,0.45,0.1163239074550127,0.45,0.45,0.621976606936266,0.653787294586926,0.621976606936266,0.653787294586926,0.621976606936266,0.653787294586926,-0.02989054605941722,-0.028609113551742806,-0.02989054605941722,-0.028609113551742806,-0.02989054605941722,-0.028609113551742806,0.621976606936266,0.653787294586926,0.621976606936266,0.653787294586926,0.621976606936266,0.653787294586926,0.621976606936266,0.653787294586926,0.621976606936266,0.653787294586926,0.621976606936266,0.653787294586926
0.52,0.0,0.52,0.52,0.4,0.0886998784933171,0.4,0.4,0.6093706914746481,0.627744741034445,0.6093706914746481,0.627744741034445,0.6093706914746481,0.627744741034445,-0.025507585940503594,0.004193743790590109,-0.025507585940503594,0.004193743790590109,-0.025507585940503594,0.004193743790590109,0.6093706914746481,0.627744741034445,0.6093706914746481,0.627744741034445,0.6093706914746481,0.627744741034445,0.6093706914746481,0.627744741034445,0.6093706914746481,0.627744741034445,0.6093706914746481,0.627744741034445
0.63,0.0,0.63,0.63,0.43,0.0279672578444747,0.43,0.43,0.6183508012118686,0.6463487062242992,0.6183508012118686,0.6463487062242992,0.6183508012118686,0.6463487062242992,-0.0605181700803741,0.00884482184246229,-0.0605181700803741,0.00884482184246229,-0.0605181700803741,0.00884482184246229,0.6183508012118686,0.6463487062242992,0.6183508012118686,0.6463487062242992,0.6183508012118686,0.6463487062242992,0.6183508012118686,0.6463487062242992,0.6183508012118686,0.6463487062242992,0.6183508012118686,0.6463487062242992
0.73,0.0,0.73,0.73,0.6,0.0,0.6,0.6,0.6446071076488491,0.6823606497458146,0.6446071076488491,0.6823606497458146,0.6446071076488491,0.6823606497458146,-0.014907708053660821,0.04779761490337441,-0.014907708053660821,0.04779761490337441,-0.014907708053660821,0.04779761490337441,0.6446071076488491,0.6823606497458146,0.6446071076488491,0.6823606497458146,0.6446071076488491,0.6823606497458146,0.6446071076488491,0.6823606497458146,0.6446071076488491,0.6823606497458146,0.6446071076488491,0.6823606497458146
0.67,0.2180094786729858,0.67,0.67,0.69,0.0,0.69,0.69,0.7043099966275238,0.6945335516159883,0.7043099966275238,0.6945335516159883,0.7043099966275238,0.6945335516159883,0.21653202950878886,0.3414750484263813,0.21653202950878886,0.3414750484263813,0.21653202950878886,0.3414750484263813,0.7043099966275238,0.6945335516159883,0.7043099966275238,0.6945335516159883,0.7043099966275238,0.6945335516159883,0.7043099966275238,0.6945335516159883,0.7043099966275238,0.6945335516159883,0.7043099966275238,0.6945335516159883
0.56,0.1775700934579439,0.56,0.56,0.67,0.0,0.67,0.67,0.7508005779177942,0.7334330539986988,0.7508005779177942,0.7334330539986988,0.7508005779177942,0.7334330539986988,0.1338127466688504,0.24246957496184385,0.1338127466688504,0.24246957496184385,0.1338127466688504,0.24246957496184385,0.7508005779177942,0.7334330539986988,0.7508005779177942,0.7334330539986988,0.7508005779177942,0.7334330539986988,0.7508005779177942,0.7334330539986988,0.7508005779177942,0.7334330539986988,0.7508005779177942,0.7334330539986988
0.53,0.1868512110726643,0.53,0.53,0.67,0.0,0.67,0.67,0.7236761220236796,0.7323320865189544,0.7236761220236796,0.7323320865189544,0.7236761220236796,0.7323320865189544,0.23878585066652883,0.3185936485152486,0.23878585066652883,0.3185936485152486,0.23878585066652883,0.3185936485152486,0.7236761220236796,0.7323320865189544,0.7236761220236796,0.7323320865189544,0.7236761220236796,0.7323320865189544,0.7236761220236796,0.7323320865189544,0.7236761220236796,0.7323320865189544,0.7236761220236796,0.7323320865189544
0.59,0.2540029112081513,0.59,0.59,0.66,0.0,0.66,0.66,0.7093848927324102,0.7127206636432001,0.7093848927324102,0.7127206636432001,0.7093848927324102,0.7127206636432001,0.2922991750968785,0.3187486139871751,0.2922991750968785,0.3187486139871751,0.2922991750968785,0.3187486139871751,0.7093848927324102,0.7127206636432001,0.7093848927324102,0.7127206636432001,0.7093848927324102,0.7127206636432001,0.7093848927324102,0.7127206636432001,0.7093848927324102,0.7127206636432001,0.7093848927324102,0.7127206636432001
0.7,0.1780821917808219,0.7,0.7,0.58,0.0,0.58,0.58,0.6607778485777835,0.6829092195456214,0.6607778485777835,0.6829092195456214,0.6607778485777835,0.6829092195456214,0.10754409218343829,0.16022665242624437,0.10754409218343829,0.16022665242624437,0.10754409218343829,0.16022665242624437,0.6607778485777835,0.6829092195456214,0.6607778485777835,0.6829092195456214,0.6607778485777835,0.6829092195456214,0.6607778485777835,0.6829092195456214,0.6607778485777835,0.6829092195456214,0.6607778485777835,0.6829092195456214
0.84,0.0,0.84,0.84,0.55,0.0,0.55,0.55,0.6357011239122318,0.6406740326887767,0.6357011239122318,0.6406740326887767,0.6357011239122318,0.6406740326887767,-0.018828996643069276,-0.03680225478160853,-0.018828996643069276,-0.03680225478160853,-0.018828996643069276,-0.03680225478160853,0.6357011239122318,0.6406740326887767,0.6357011239122318,0.6406740326887767,0.6357011239122318,0.6406740326887767,0.6357011239122318,0.6406740326887767,0.6357011239122318,0.6406740326887767,0.6357011239122318,0.6406740326887767
0.93,0.0,0.93,0.93,0.59,0.2756183745583038,0.59,0.59,0.677658693554694,0.7129846687634924,0.677658693554694,0.7129846687634924,0.677658693554694,0.7129846687634924,-0.07787657075057765,-0.019482988648035292,-0.07787657075057765,-0.019482988648035292,-0.07787657075057765,-0.019482988648035292,0.677658693554694,0.7129846687634924,0.677658693554694,0.7129846687634924,0.677658693554694,0.7129846687634924,0.677658693554694,0.7129846687634924,0.677658693554694,0.7129846687634924,0.677658693554694,0.7129846687634924
0.91,0.0,0.91,0.91,0.56,0.2465753424657535,0.56,0.56,0.7015249432076495,0.7459463545419962,0.7015249432076495,0.7459463545419962,0.7015249432076495,0.7459463545419962,-0.04052528157812592,-0.02865296955737073,-0.04052528157812592,-0.02865296955737073,-0.04052528157812592,-0.02865296955737073,0.7015249432076495,0.7459463545419962,0.7015249432076495,0.7459463545419962,0.7015249432076495,0.7459463545419962,0.7015249432076495,0.7459463545419962,0.7015249432076495,0.7459463545419962,0.7015249432076495,0.7459463545419962
0.87,0.0,0.87,0.87,0.67,0.3801652892561983,0.67,0.67,0.5824670028721978,0.6038951373164541,0.5824670028721978,0.6038951373164541,0.5824670028721978,0.6038951373164541,-0.047790833688063854,-0.1120177757734517,-0.047790833688063854,-0.1120177757734517,-0.047790833688063854,-0.1120177757734517,0.5824670028721978,0.6038951373164541,0.5824670028721978,0.6038951373164541,0.5824670028721978,0.6038951373164541,0.5824670028721978,0.6038951373164541,0.5824670028721978,0.6038951373164541,0.5824670028721978,0.6038951373164541
0.76,0.0,0.76,0.76,0.58,0.1975544516622086,0.58,0.58,0.6502589556186961,0.6623484782014842,0.6502589556186961,0.6623484782014842,0.6502589556186961,0.6623484782014842,-0.01775305959178004,-0.04790559245001547,-0.01775305959178004,-0.04790559245001547,-0.01775305959178004,-0.04790559245001547,0.6502589556186961,0.6623484782014842,0.6502589556186961,0.6623484782014842,0.6502589556186961,0.6623484782014842,0.6502589556186961,0.6623484782014842,0.6502589556186961,0.6623484782014842,0.6502589556186961,0.6623484782014842
0.71,0.0,0.71,0.71,0.59,0.0757439134355274,0.59,0.59,0.6637432365464303,0.6608291045191972,0.6637432365464303,0.6608291045191972,0.6637432365464303,0.6608291045191972,0.03842807310758596,-0.003721259113716735,0.03842807310758596,-0.003721259113716735,0.03842807310758596,-0.003721259113716735,0.6637432365464303,0.6608291045191972,0.6637432365464303,0.6608291045191972,0.6637432365464303,0.6608291045191972,0.6637432365464303,0.6608291045191972,0.6637432365464303,0.6608291045191972,0.6637432365464303,0.6608291045191972
0.65,0.0331491712707182,0.65,0.65,0.56,0.0,0.56,0.56,0.6384392377379221,0.6589849485323688,0.6384392377379221,0.6589849485323688,0.6384392377379221,0.6589849485323688,-0.032160392188303105,0.1013790390277912,-0.032160392188303105,0.1013790390277912,-0.032160392188303105,0.1013790390277912,0.6384392377379221,0.6589849485323688,0.6384392377379221,0.6589849485323688,0.6384392377379221,0.6589849485323688,0.6384392377379221,0.6589849485323688,0.6384392377379221,0.6589849485323688,0.6384392377379221,0.6589849485323688
0.62,0.2174629324546952,0.62,0.62,0.57,0.0,0.57,0.57,0.5955773632625673,0.629059311847213,0.5955773632625673,0.629059311847213,0.5955773632625673,0.629059311847213,-0.013238248881840187,0.09169985639087691,-0.013238248881840187,0.09169985639087691,-0.013238248881840187,0.09169985639087691,0.5955773632625673,0.629059311847213,0.5955773632625673,0.629059311847213,0.5955773632625673,0.629059311847213,0.5955773632625673,0.629059311847213,0.5955773632625673,0.629059311847213,0.5955773632625673,0.629059311847213
0.47,0.1071428571428571,0.47,0.47,0.55,0.0,0.55,0.55,0.5689190958445304,0.6198355476503355,0.5689190958445304,0.6198355476503355,0.5689190958445304,0.6198355476503355,0.013645111302402044,0.2012634719971005,0.013645111302402044,0.2012634719971005,0.013645111302402044,0.2012634719971005,0.5689190958445304,0.6198355476503355,0.5689190958445304,0.6198355476503355,0.5689190958445304,0.6198355476503355,0.5689190958445304,0.6198355476503355,0.5689190958445304,0.6198355476503355,0.5689190958445304,0.6198355476503355
0.46,0.1011984021304926,0.46,0.46,0.52,0.0,0.52,0.52,0.6532636122172492,0.6582836527306308,0.6532636122172492,0.6582836527306308,0.6532636122172492,0.6582836527306308,0.022623287584140186,0.18764901742343731,0.022623287584140186,0.18764901742343731,0.022623287584140186,0.18764901742343731,0.6532636122172492,0.6582836527306308,0.6532636122172492,0.6582836527306308,0.6532636122172492,0.6582836527306308,0.6532636122172492,0.6582836527306308,0.6532636122172492,0.6582836527306308,0.6532636122172492,0.6582836527306308
0.51,0.0,0.51,0.51,0.63,0.0,0.63,0.63,0.6500730701168587,0.6576592031392158,0.6500730701168587,0.6576592031392158,0.6500730701168587,0.6576592031392158,-0.02159924626264209,0.01616783315137632,-0.02159924626264209,0.01616783315137632,-0.02159924626264209,0.01616783315137632,0.6500730701168587,0.6576592031392158,0.6500730701168587,0.6576592031392158,0.6500730701168587,0.6576592031392158,0.6500730701168587,0.6576592031392158,0.6500730701168587,0.6576592031392158,0.6500730701168587,0.6576592031392158
0.6,0.0,0.6,0.6,0.73,0.0,0.73,0.73,0.6731554000555175,0.6733785784570155,0.6731554000555175,0.6733785784570155,0.6731554000555175,0.6733785784570155,-0.006836750901616063,0.013483960877258765,-0.006836750901616063,0.013483960877258765,-0.006836750901616063,0.013483960877258765,0.6731554000555175,0.6733785784570155,0.6731554000555175,0.6733785784570155,0.6731554000555175,0.6733785784570155,0.6731554000555175,0.6733785784570155,0.6731554000555175,0.6733785784570155,0.6731554000555175,0.6733785784570155
0.69,0.0,0.69,0.69,0.67,0.2180094786729858,0.67,0.67,0.6365692140905581,0.6164814204393972,0.6365692140905581,0.6164814204393972,0.6365692140905581,0.6164814204393972,-0.03011865871684307,-0.038023361226143464,-0.03011865871684307,-0.038023361226143464,-0.03011865871684307,-0.038023361226143464,0.6365692140905581,0.6164814204393972,0.6365692140905581,0.6164814204393972,0.6365692140905581,0.6164814204393972,0.6365692140905581,0.6164814204393972,0.6365692140905581,0.6164814204393972,0.6365692140905581,0.6164814204393972
0.67,0.0730337078651683,0.67,0.67,0.56,0.1775700934579439,0.56,0.56,0.629604214582072,0.6705542165534831,0.629604214582072,0.6705542165534831,0.629604214582072,0.6705542165534831,0.003340889792252189,0.028578134563673505,0.003340889792252189,0.028578134563673505,0.003340889792252189,0.028578134563673505,0.629604214582072,0.6705542165534831,0.629604214582072,0.6705542165534831,0.629604214582072,0.6705542165534831,0.629604214582072,0.6705542165534831,0.629604214582072,0.6705542165534831,0.629604214582072,0.6705542165534831
0.84,0.1701244813278009,0.84,0.84,0.53,0.1868512110726643,0.53,0.53,0.6575907680812478,0.6926250434700865,0.6575907680812478,0.6926250434700865,0.6575907680812478,0.6926250434700865,0.0033748083053453254,0.004357264406404806,0.0033748083053453254,0.004357264406404806,0.0033748083053453254,0.004357264406404806,0.6575907680812478,0.6926250434700865,0.6575907680812478,0.6926250434700865,0.6575907680812478,0.6926250434700865,0.6575907680812478,0.6926250434700865,0.6575907680812478,0.6926250434700865,0.6575907680812478,0.6926250434700865
0.86,0.1935483870967741,0.86,0.86,0.59,0.2540029112081513,0.59,0.59,0.743724564366492,0.7550749590106172,0.743724564366492,0.7550749590106172,0.743724564366492,0.7550749590106172,0.2556332116600289,0.0428195888299232,0.2556332116600289,0.0428195888299232,0.2556332116600289,0.0428195888299232,0.743724564366492,0.7550749590106172,0.743724564366492,0.7550749590106172,0.743724564366492,0.7550749590106172,0.743724564366492,0.7550749590106172,0.743724564366492,0.7550749590106172,0.743724564366492,0.7550749590106172
0.91,0.0,0.91,0.91,0.7,0.1780821917808219,0.7,0.7,0.6413308023865597,0.6656732308651848,0.6413308023865597,0.6656732308651848,0.6413308023865597,0.6656732308651848,0.008499518570523987,-0.01652755602794469,0.008499518570523987,-0.01652755602794469,0.008499518570523987,-0.01652755602794469,0.6413308023865597,0.6656732308651848,0.6413308023865597,0.6656732308651848,0.6413308023865597,0.6656732308651848,0.6413308023865597,0.6656732308651848,0.6413308023865597,0.6656732308651848,0.6413308023865597,0.6656732308651848
0.84,0.0,0.84,0.84,0.84,0.0,0.84,0.84,0.6232994456173319,0.6376762280759043,0.6232994456173319,0.6376762280759043,0.6232994456173319,0.6376762280759043,0.058197791956557714,-0.008599807676883932,0.058197791956557714,-0.008599807676883932,0.058197791956557714,-0.008599807676883932,0.6232994456173319,0.6376762280759043,0.6232994456173319,0.6376762280759043,0.6232994456173319,0.6376762280759043,0.6232994456173319,0.6376762280759043,0.6232994456173319,0.6376762280759043,0.6232994456173319,0.6376762280759043
0.8,0.3887530562347188,0.8,0.8,0.93,0.0,0.93,0.93,0.6631324664248661,0.6108102258085116,0.6631324664248661,0.6108102258085116,0.6631324664248661,0.6108102258085116,0.165069514245003,0.19794484004972202,0.165069514245003,0.19794484004972202,0.165069514245003,0.19794484004972202,0.6631324664248661,0.6108102258085116,0.6631324664248661,0.6108102258085116,0.6631324664248661,0.6108102258085116,0.6631324664248661,0.6108102258085116,0.6631324664248661,0.6108102258085116,0.6631324664248661,0.6108102258085116
0.58,0.1350906095551894,0.58,0.58,0.91,0.0,0.91,0.91,0.5897471953816757,0.5750985587324735,0.5897471953816757,0.5750985587324735,0.5897471953816757,0.5750985587324735,0.05568212601520394,0.18201807942283904,0.05568212601520394,0.18201807942283904,0.05568212601520394,0.18201807942283904,0.5897471953816757,0.5750985587324735,0.5897471953816757,0.5750985587324735,0.5897471953816757,0.5750985587324735,0.5897471953816757,0.5750985587324735,0.5897471953816757,0.5750985587324735,0.5897471953816757,0.5750985587324735
0.43,0.0397574123989218,0.43,0.43,0.87,0.0,0.87,0.87,0.622062462363982,0.6099508016658991,0.622062462363982,0.6099508016658991,0.622062462363982,0.6099508016658991,0.16624924014047077,0.16318697671911095,0.16624924014047077,0.16318697671911095,0.16624924014047077,0.16318697671911095,0.622062462363982,0.6099508016658991,0.622062462363982,0.6099508016658991,0.622062462363982,0.6099508016658991,0.622062462363982,0.6099508016658991,0.622062462363982,0.6099508016658991,0.622062462363982,0.6099508016658991
0.3,0.0,0.3,0.3,0.76,0.0,0.76,0.76,0.5679576405072086,0.5877220890709549,0.5679576405072086,0.5877220890709549,0.5679576405072086,0.5877220890709549,-0.04253227396229626,-0.01594955372062641,-0.04253227396229626,-0.01594955372062641,-0.04253227396229626,-0.01594955372062641,0.5679576405072086,0.5877220890709549,0.5679576405072086,0.5877220890709549,0.5679576405072086,0.5877220890709549,0.5679576405072086,0.5877220890709549,0.5679576405072086,0.5877220890709549,0.5679576405072086,0.5877220890709549
0.25,0.0,0.25,0.25,0.71,0.0,0.71,0.71,0.6369875163754012,0.6633445060200956,0.6369875163754012,0.6633445060200956,0.6369875163754012,0.6633445060200956,-0.015318907338505057,0.03703720917770104,-0.015318907338505057,0.03703720917770104,-0.015318907338505057,0.03703720917770104,0.6369875163754012,0.6633445060200956,0.6369875163754012,0.6633445060200956,0.6369875163754012,0.6633445060200956,0.6369875163754012,0.6633445060200956,0.6369875163754012,0.6633445060200956,0.6369875163754012,0.6633445060200956
0.33,0.0,0.33,0.33,0.65,0.0331491712707182,0.65,0.65,0.6258016452432429,0.633741569601849,0.6258016452432429,0.633741569601849,0.6258016452432429,0.633741569601849,-0.07087424881155813,-0.008938002382986183,-0.07087424881155813,-0.008938002382986183,-0.07087424881155813,-0.008938002382986183,0.6258016452432429,0.633741569601849,0.6258016452432429,0.633741569601849,0.6258016452432429,0.633741569601849,0.6258016452432429,0.633741569601849,0.6258016452432429,0.633741569601849,0.6258016452432429,0.633741569601849
0.48,0.0,0.48,0.48,0.62,0.2174629324546952,0.62,0.62,0.6001239544297684,0.6201938844375063,0.6001239544297684,0.6201938844375063,0.6001239544297684,0.6201938844375063,-0.05535278379186586,-0.011522158930942423,-0.05535278379186586,-0.011522158930942423,-0.05535278379186586,-0.011522158930942423,0.6001239544297684,0.6201938844375063,0.6001239544297684,0.6201938844375063,0.6001239544297684,0.6201938844375063,0.6001239544297684,0.6201938844375063,0.6001239544297684,0.6201938844375063,0.6001239544297684,0.6201938844375063
0.53,0.0,0.53,0.53,0.47,0.1071428571428571,0.47,0.47,0.5515358727256192,0.544908400322011,0.5515358727256192,0.544908400322011,0.5515358727256192,0.544908400322011,-0.035855214351013374,-0.08479500485029699,-0.035855214351013374,-0.08479500485029699,-0.035855214351013374,-0.08479500485029699,0.5515358727256192,0.544908400322011,0.5515358727256192,0.544908400322011,0.5515358727256192,0.544908400322011,0.5515358727256192,0.544908400322011,0.5515358727256192,0.544908400322011,0.5515358727256192,0.544908400322011
0.58,0.0,0.58,0.58,0.46,0.1011984021304926,0.46,0.46,0.5852576980212031,0.6183481560024929,0.5852576980212031,0.6183481560024929,0.5852576980212031,0.6183481560024929,-0.0041095871656153605,-0.036780980143872245,-0.0041095871656153605,-0.036780980143872245,-0.0041095871656153605,-0.036780980143872245,0.5852576980212031,0.6183481560024929,0.5852576980212031,0.6183481560024929,0.5852576980212031,0.6183481560024929,0.5852576980212031,0.6183481560024929,0.5852576980212031,0.6183481560024929,0.5852576980212031,0.6183481560024929
0.74,0.0,0.74,0.74,0.51,0.0,0.51,0.51,0.6971655250228415,0.7077961071145805,0.6971655250228415,0.7077961071145805,0.6971655250228415,0.7077961071145805,-0.022126541746533904,-0.05239215415410276,-0.022126541746533904,-0.05239215415410276,-0.022126541746533904,-0.05239215415410276,0.6971655250228415,0.7077961071145805,0.6971655250228415,0.7077961071145805,0.6971655250228415,0.7077961071145805,0.6971655250228415,0.7077961071145805,0.6971655250228415,0.7077961071145805,0.6971655250228415,0.7077961071145805
0.8,0.0,0.8,0.8,0.6,0.0,0.6,0.6,0.6610439556271693,0.6959127061114642,0.6610439556271693,0.6959127061114642,0.6610439556271693,0.6959127061114642,-0.0014507593420494572,-0.02004371569456722,-0.0014507593420494572,-0.02004371569456722,-0.0014507593420494572,-0.02004371569456722,0.6610439556271693,0.6959127061114642,0.6610439556271693,0.6959127061114642,0.6610439556271693,0.6959127061114642,0.6610439556271693,0.6959127061114642,0.6610439556271693,0.6959127061114642,0.6610439556271693,0.6959127061114642
0.95,0.8091603053435115,0.95,0.95,0.69,0.0,0.69,0.69,0.6993046970980159,0.6987327287221975,0.6993046970980159,0.6987327287221975,0.6993046970980159,0.6987327287221975,0.28542222641052806,0.16722877282847776,0.28542222641052806,0.16722877282847776,0.28542222641052806,0.16722877282847776,0.6993046970980159,0.6987327287221975,0.6993046970980159,0.6987327287221975,0.6993046970980159,0.6987327287221975,0.6993046970980159,0.6987327287221975,0.6993046970980159,0.6987327287221975,0.6993046970980159,0.6987327287221975
0.8,0.4802494802494802,0.8,0.8,0.67,0.0730337078651683,0.67,0.67,0.6781508373864513,0.7232474647459706,0.6781508373864513,0.7232474647459706,0.6781508373864513,0.7232474647459706,0.09982044520583137,0.21605469746529354,0.09982044520583137,0.21605469746529354,0.09982044520583137,0.21605469746529354,0.6781508373864513,0.7232474647459706,0.6781508373864513,0.7232474647459706,0.6781508373864513,0.7232474647459706,0.6781508373864513,0.7232474647459706,0.6781508373864513,0.7232474647459706,0.6781508373864513,0.7232474647459706
0.72,0.3577981651376146,0.72,0.72,0.84,0.1701244813278009,0.84,0.84,0.69424090508968,0.7013667342264673,0.69424090508968,0.7013667342264673,0.69424090508968,0.7013667342264673,-0.0018824191666574376,0.2534004178446178,-0.0018824191666574376,0.2534004178446178,-0.0018824191666574376,0.2534004178446178,0.69424090508968,0.7013667342264673,0.69424090508968,0.7013667342264673,0.69424090508968,0.7013667342264673,0.69424090508968,0.7013667342264673,0.69424090508968,0.7013667342264673,0.69424090508968,0.7013667342264673
0.57,0.14,0.57,0.57,0.86,0.1935483870967741,0.86,0.86,0.6466068568204393,0.6513583276381918,0.6466068568204393,0.6513583276381918,0.6466068568204393,0.6513583276381918,0.08143871640166232,0.1952447965650197,0.08143871640166232,0.1952447965650197,0.08143871640166232,0.1952447965650197,0.6466068568204393,0.6513583276381918,0.6466068568204393,0.6513583276381918,0.6466068568204393,0.6513583276381918,0.6466068568204393,0.6513583276381918,0.6466068568204393,0.6513583276381918,0.6466068568204393,0.6513583276381918
0.62,0.1304347826086956,0.62,0.62,0.91,0.0,0.91,0.91,0.6005427982962458,0.5954400757513516,0.6005427982962458,0.5954400757513516,0.6005427982962458,0.5954400757513516,0.11614671483305065,0.12266844129443057,0.11614671483305065,0.12266844129443057,0.11614671483305065,0.12266844129443057,0.6005427982962458,0.5954400757513516,0.6005427982962458,0.5954400757513516,0.6005427982962458,0.5954400757513516,0.6005427982962458,0.5954400757513516,0.6005427982962458,0.5954400757513516,0.6005427982962458,0.5954400757513516
0.59,0.0757439134355274,0.59,0.59,0.84,0.0,0.84,0.84,0.6689189394200298,0.6600524937366697,0.6689189394200298,0.6600524937366697,0.6689189394200298,0.6600524937366697,0.022183105717828805,0.07495099982262507,0.022183105717828805,0.07495099982262507,0.022183105717828805,0.07495099982262507,0.6689189394200298,0.6600524937366697,0.6689189394200298,0.6600524937366697,0.6689189394200298,0.6600524937366697,0.6689189394200298,0.6600524937366697,0.6689189394200298,0.6600524937366697,0.6689189394200298,0.6600524937366697
0.78,0.0,0.78,0.78,0.8,0.3887530562347188,0.8,0.8,0.6823915559275008,0.6878804864561094,0.6823915559275008,0.6878804864561094,0.6823915559275008,0.6878804864561094,-0.030639429906479297,-0.047168010983568064,-0.030639429906479297,-0.047168010983568064,-0.030639429906479297,-0.047168010983568064,0.6823915559275008,0.6878804864561094,0.6823915559275008,0.6878804864561094,0.6823915559275008,0.6878804864561094,0.6823915559275008,0.6878804864561094,0.6823915559275008,0.6878804864561094,0.6823915559275008,0.6878804864561094
0.82,0.0,0.82,0.82,0.58,0.1350906095551894,0.58,0.58,0.7067226298860673,0.7280518117108221,0.7067226298860673,0.7280518117108221,0.7067226298860673,0.7280518117108221,-0.03569436314261901,-0.024814776989862217,-0.03569436314261901,-0.024814776989862217,-0.03569436314261901,-0.024814776989862217,0.7067226298860673,0.7280518117108221,0.7067226298860673,0.7280518117108221,0.7067226298860673,0.7280518117108221,0.7067226298860673,0.7280518117108221,0.7067226298860673,0.7280518117108221,0.7067226298860673,0.7280518117108221
0.89,0.0,0.89,0.89,0.43,0.0397574123989218,0.43,0.43,0.674793918796107,0.7415011957209254,0.674793918796107,0.7415011957209254,0.674793918796107,0.7415011957209254,-0.06956512290885801,-0.08232837167515533,-0.06956512290885801,-0.08232837167515533,-0.06956512290885801,-0.08232837167515533,0.674793918796107,0.7415011957209254,0.674793918796107,0.7415011957209254,0.674793918796107,0.7415011957209254,0.674793918796107,0.7415011957209254,0.674793918796107,0.7415011957209254,0.674793918796107,0.7415011957209254
0.83,0.0,0.83,0.83,0.3,0.0,0.3,0.3,0.7129836524971622,0.7303313878009335,0.7129836524971622,0.7303313878009335,0.7129836524971622,0.7303313878009335,-0.04635851527189128,-0.015035687410581611,-0.04635851527189128,-0.015035687410581611,-0.04635851527189128,-0.015035687410581611,0.7129836524971622,0.7303313878009335,0.7129836524971622,0.7303313878009335,0.7129836524971622,0.7303313878009335,0.7129836524971622,0.7303313878009335,0.7129836524971622,0.7303313878009335,0.7129836524971622,0.7303313878009335
0.72,0.0,0.72,0.72,0.25,0.0,0.25,0.25,0.6193026668537157,0.6622564788299181,0.6193026668537157,0.6622564788299181,0.6193026668537157,0.6622564788299181,0.01734284872279026,0.015322437156665031,0.01734284872279026,0.015322437156665031,0.01734284872279026,0.015322437156665031,0.6193026668537157,0.6622564788299181,0.6193026668537157,0.6622564788299181,0.6193026668537157,0.6622564788299181,0.6193026668537157,0.6622564788299181,0.6193026668537157,0.6622564788299181,0.6193026668537157,0.6622564788299181
0.62,0.2510839574300354,0.62,0.62,0.33,0.0,0.33,0.33,0.627279683391604,0.6436844216707576,0.627279683391604,0.6436844216707576,0.627279683391604,0.6436844216707576,0.3091238456409453,0.16441134043161734,0.3091238456409453,0.16441134043161734,0.3091238456409453,0.16441134043161734,0.627279683391604,0.6436844216707576,0.627279683391604,0.6436844216707576,0.627279683391604,0.6436844216707576,0.627279683391604,0.6436844216707576,0.627279683391604,0.6436844216707576,0.627279683391604,0.6436844216707576
0.66,0.2884051904562579,0.66,0.66,0.48,0.0,0.48,0.48,0.6138151713316337,0.6177697867312072,0.6138151713316337,0.6177697867312072,0.6138151713316337,0.6177697867312072,0.177676501787795,0.08791778084330562,0.177676501787795,0.08791778084330562,0.177676501787795,0.08791778084330562,0.6138151713316337,0.6177697867312072,0.6138151713316337,0.6177697867312072,0.6138151713316337,0.6177697867312072,0.6138151713316337,0.6177697867312072,0.6138151713316337,0.6177697867312072,0.6138151713316337,0.6177697867312072
0.76,0.4056463595839523,0.76,0.76,0.53,0.0,0.53,0.53,0.6363937593619803,0.6883234113043205,0.6363937593619803,0.6883234113043205,0.6363937593619803,0.6883234113043205,0.041634350981484006,0.18996196635036233,0.041634350981484006,0.18996196635036233,0.041634350981484006,0.18996196635036233,0.6363937593619803,0.6883234113043205,0.6363937593619803,0.6883234113043205,0.6363937593619803,0.6883234113043205,0.6363937593619803,0.6883234113043205,0.6363937593619803,0.6883234113043205,0.6363937593619803,0.6883234113043205
0.85,0.4509516837481698,0.85,0.85,0.58,0.0,0.58,0.58,0.668110918797428,0.6964048669199433,0.668110918797428,0.6964048669199433,0.668110918797428,0.6964048669199433,0.14460567835956412,0.1331789417554214,0.14460567835956412,0.1331789417554214,0.14460567835956412,0.1331789417554214,0.668110918797428,0.6964048669199433,0.668110918797428,0.6964048669199433,0.668110918797428,0.6964048669199433,0.668110918797428,0.6964048669199433,0.668110918797428,0.6964048669199433,0.668110918797428,0.6964048669199433
0.76,0.0,0.76,0.76,0.74,0.0,0.74,0.74,0.6351100048489979,0.6408240692350674,0.6351100048489979,0.6408240692350674,0.6351100048489979,0.6408240692350674,-0.04835889768294067,-0.05159628205442342,-0.04835889768294067,-0.05159628205442342,-0.04835889768294067,-0.05159628205442342,0.6351100048489979,0.6408240692350674,0.6351100048489979,0.6408240692350674,0.6351100048489979,0.6408240692350674,0.6351100048489979,0.6408240692350674,0.6351100048489979,0.6408240692350674,0.6351100048489979,0.6408240692350674
0.68,0.0,0.68,0.68,0.8,0.0,0.8,0.8,0.6158242240548594,0.6317298235801707,0.6158242240548594,0.6317298235801707,0.6158242240548594,0.6317298235801707,-0.06729414878054184,-0.05640747487779292,-0.06729414878054184,-0.05640747487779292,-0.06729414878054184,-0.05640747487779292,0.6158242240548594,0.6317298235801707,0.6158242240548594,0.6317298235801707,0.6158242240548594,0.6317298235801707,0.6158242240548594,0.6317298235801707,0.6158242240548594,0.6317298235801707,0.6158242240548594,0.6317298235801707
0.48,0.0,0.48,0.48,0.95,0.8091603053435115,0.95,0.95,0.5965998793869984,0.61449479230022,0.5965998793869984,0.61449479230022,0.5965998793869984,0.61449479230022,-0.06586381263701171,-0.056342423220816125,-0.06586381263701171,-0.056342423220816125,-0.06586381263701171,-0.056342423220816125,0.5965998793869984,0.61449479230022,0.5965998793869984,0.61449479230022,0.5965998793869984,0.61449479230022,0.5965998793869984,0.61449479230022,0.5965998793869984,0.61449479230022,0.5965998793869984,0.61449479230022
0.37,0.0,0.37,0.37,0.8,0.4802494802494802,0.8,0.8,0.6916388001926044,0.709792052489609,0.6916388001926044,0.709792052489609,0.6916388001926044,0.709792052489609,-0.03335453782339242,0.0261344407765464,-0.03335453782339242,0.0261344407765464,-0.03335453782339242,0.0261344407765464,0.6916388001926044,0.709792052489609,0.6916388001926044,0.709792052489609,0.6916388001926044,0.709792052489609,0.6916388001926044,0.709792052489609,0.6916388001926044,0.709792052489609,0.6916388001926044,0.709792052489609
0.4,0.0,0.4,0.4,0.72,0.3577981651376146,0.72,0.72,0.6602359108497613,0.6718393191432045,0.6602359108497613,0.6718393191432045,0.6602359108497613,0.6718393191432045,-0.019445705203791297,-0.031951216921599794,-0.019445705203791297,-0.031951216921599794,-0.019445705203791297,-0.031951216921599794,0.6602359108497613,0.6718393191432045,0.6602359108497613,0.6718393191432045,0.6602359108497613,0.6718393191432045,0.6602359108497613,0.6718393191432045,0.6602359108497613,0.6718393191432045,0.6602359108497613,0.6718393191432045
0.56,0.0,0.56,0.56,0.57,0.14,0.57,0.57,0.6886661837284185,0.7008906201862567,0.6886661837284185,0.7008906201862567,0.6886661837284185,0.7008906201862567,-0.025112882057281682,-0.04250517317051285,-0.025112882057281682,-0.04250517317051285,-0.025112882057281682,-0.04250517317051285,0.6886661837284185,0.7008906201862567,0.6886661837284185,0.7008906201862567,0.6886661837284185,0.7008906201862567,0.6886661837284185,0.7008906201862567,0.6886661837284185,0.7008906201862567,0.6886661837284185,0.7008906201862567
0.64,0.0,0.64,0.64,0.62,0.1304347826086956,0.62,0.62,0.6943078994883145,0.7126320564380224,0.6943078994883145,0.7126320564380224,0.6943078994883145,0.7126320564380224,-0.025476905433557646,0.012434034475988629,-0.025476905433557646,0.012434034475988629,-0.025476905433557646,0.012434034475988629,0.6943078994883145,0.7126320564380224,0.6943078994883145,0.7126320564380224,0.6943078994883145,0.7126320564380224,0.6943078994883145,0.7126320564380224,0.6943078994883145,0.7126320564380224,0.6943078994883145,0.7126320564380224
0.85,0.4509516837481698,0.85,0.85,0.59,0.0757439134355274,0.59,0.59,0.6241667372067727,0.6636036108525304,0.6241667372067727,0.6636036108525304,0.6241667372067727,0.6636036108525304,0.023873344007712818,0.08692042356952749,0.023873344007712818,0.08692042356952749,0.023873344007712818,0.08692042356952749,0.6241667372067727,0.6636036108525304,0.6241667372067727,0.6636036108525304,0.6241667372067727,0.6636036108525304,0.6241667372067727,0.6636036108525304,0.6241667372067727,0.6636036108525304,0.6241667372067727,0.6636036108525304
0.7,0.3169398907103825,0.7,0.7,0.78,0.0,0.78,0.78,0.6557519885046131,0.6181662083003636,0.6557519885046131,0.6181662083003636,0.6557519885046131,0.6181662083003636,0.10180442261993929,0.08342483538865018,0.10180442261993929,0.08342483538865018,0.10180442261993929,0.08342483538865018,0.6557519885046131,0.6181662083003636,0.6557519885046131,0.6181662083003636,0.6557519885046131,0.6181662083003636,0.6557519885046131,0.6181662083003636,0.6557519885046131,0.6181662083003636,0.6557519885046131,0.6181662083003636
0.65,0.2665549036043587,0.65,0.65,0.82,0.0,0.82,0.82,0.6586526672112647,0.6234854560454475,0.6586526672112647,0.6234854560454475,0.6586526672112647,0.6234854560454475,0.023084265976913317,0.18987028252297064,0.023084265976913317,0.18987028252297064,0.023084265976913317,0.18987028252297064,0.6586526672112647,0.6234854560454475,0.6586526672112647,0.6234854560454475,0.6586526672112647,0.6234854560454475,0.6586526672112647,0.6234854560454475,0.6586526672112647,0.6234854560454475,0.6586526672112647,0.6234854560454475
0.43,0.1154562383612662,0.43,0.43,0.89,0.0,0.89,0.89,0.6495632746192218,0.6547049421742531,0.6495632746192218,0.6547049421742531,0.6495632746192218,0.6547049421742531,0.1349975029652032,0.17859979532214085,0.1349975029652032,0.17859979532214085,0.1349975029652032,0.17859979532214085,0.6495632746192218,0.6547049421742531,0.6495632746192218,0.6547049421742531,0.6495632746192218,0.6547049421742531,0.6495632746192218,0.6547049421742531,0.6495632746192218,0.6547049421742531,0.6495632746192218,0.6547049421742531
0.41,0.0,0.41,0.41,0.83,0.0,0.83,0.83,0.6509132592399012,0.6491147845296988,0.6509132592399012,0.6491147845296988,0.6509132592399012,0.6491147845296988,0.04012708607665376,0.005882407861604002,0.04012708607665376,0.005882407861604002,0.04012708607665376,0.005882407861604002,0.6509132592399012,0.6491147845296988,0.6509132592399012,0.6491147845296988,0.6509132592399012,0.6491147845296988,0.6509132592399012,0.6491147845296988,0.6509132592399012,0.6491147845296988,0.6509132592399012,0.6491147845296988
0.55,0.0,0.55,0.55,0.72,0.0,0.72,0.72,0.6334256839032403,0.6333188182038066,0.6334256839032403,0.6333188182038066,0.6334256839032403,0.6333188182038066,0.012304990996008049,-0.001979416067740721,0.012304990996008049,-0.001979416067740721,0.012304990996008049,-0.001979416067740721,0.6334256839032403,0.6333188182038066,0.6334256839032403,0.6333188182038066,0.6334256839032403,0.6333188182038066,0.6334256839032403,0.6333188182038066,0.6334256839032403,0.6333188182038066,0.6334256839032403,0.6333188182038066
0.52,0.0,0.52,0.52,0.62,0.2510839574300354,0.62,0.62,0.6317060880126656,0.6529135517510741,0.6317060880126656,0.6529135517510741,0.6317060880126656,0.6529135517510741,-0.00995220944971872,-0.023976530754416008,-0.00995220944971872,-0.023976530754416008,-0.00995220944971872,-0.023976530754416008,0.6317060880126656,0.6529135517510741,0.6317060880126656,0.6529135517510741,0.6317060880126656,0.6529135517510741,0.6317060880126656,0.6529135517510741,0.6317060880126656,0.6529135517510741,0.6317060880126656,0.6529135517510741
0.62,0.0,0.62,0.62,0.66,0.2884051904562579,0.66,0.66,0.6360104415260783,0.6821025580943723,0.6360104415260783,0.6821025580943723,0.6360104415260783,0.6821025580943723,-0.020487994817759078,-0.03573864460662628,-0.020487994817759078,-0.03573864460662628,-0.020487994817759078,-0.03573864460662628,0.6360104415260783,0.6821025580943723,0.6360104415260783,0.6821025580943723,0.6360104415260783,0.6821025580943723,0.6360104415260783,0.6821025580943723,0.6360104415260783,0.6821025580943723,0.6360104415260783,0.6821025580943723
0.65,0.0,0.65,0.65,0.76,0.4056463595839523,0.76,0.76,0.6595631602131096,0.6916738178816972,0.6595631602131096,0.6916738178816972,0.6595631602131096,0.6916738178816972,-0.005058753166585988,-0.048210016893914645,-0.005058753166585988,-0.048210016893914645,-0.005058753166585988,-0.048210016893914645,0.6595631602131096,0.6916738178816972,0.6595631602131096,0.6916738178816972,0.6595631602131096,0.6916738178816972,0.6595631602131096,0.6916738178816972,0.6595631602131096,0.6916738178816972,0.6595631602131096,0.6916738178816972
0.76,0.0,0.76,0.76,0.85,0.4509516837481698,0.85,0.85,0.6840230731724435,0.7168916746859405,0.6840230731724435,0.7168916746859405,0.6840230731724435,0.7168916746859405,0.013901480388636454,-0.00770179365503429,0.013901480388636454,-0.00770179365503429,0.013901480388636454,-0.00770179365503429,0.6840230731724435,0.7168916746859405,0.6840230731724435,0.7168916746859405,0.6840230731724435,0.7168916746859405,0.6840230731724435,0.7168916746859405,0.6840230731724435,0.7168916746859405,0.6840230731724435,0.7168916746859405
0.79,0.0,0.79,0.79,0.76,0.0,0.76,0.76,0.6420122611343045,0.6692163574664804,0.6420122611343045,0.6692163574664804,0.6420122611343045,0.6692163574664804,-0.0383967648902141,-0.03486777465480036,-0.0383967648902141,-0.03486777465480036,-0.0383967648902141,-0.03486777465480036,0.6420122611343045,0.6692163574664804,0.6420122611343045,0.6692163574664804,0.6420122611343045,0.6692163574664804,0.6420122611343045,0.6692163574664804,0.6420122611343045,0.6692163574664804,0.6420122611343045,0.6692163574664804
0.69,0.1132723112128144,0.69,0.69,0.68,0.0,0.68,0.68,0.5754590203318799,0.592524817563217,0.5754590203318799,0.592524817563217,0.5754590203318799,0.592524817563217,-0.04183503809094925,0.05879597372862165,-0.04183503809094925,0.05879597372862165,-0.04183503809094925,0.05879597372862165,0.5754590203318799,0.592524817563217,0.5754590203318799,0.592524817563217,0.5754590203318799,0.592524817563217,0.5754590203318799,0.592524817563217,0.5754590203318799,0.592524817563217,0.5754590203318799,0.592524817563217
0.56,0.1806331471135941,0.56,0.56,0.48,0.0,0.48,0.48,0.6264021825646848,0.7030124755153696,0.6264021825646848,0.7030124755153696,0.6264021825646848,0.7030124755153696,0.07907397719805052,0.14618497194914587,0.07907397719805052,0.14618497194914587,0.07907397719805052,0.14618497194914587,0.6264021825646848,0.7030124755153696,0.6264021825646848,0.7030124755153696,0.6264021825646848,0.7030124755153696,0.6264021825646848,0.7030124755153696,0.6264021825646848,0.7030124755153696,0.6264021825646848,0.7030124755153696
0.45,0.110608020698577,0.45,0.45,0.37,0.0,0.37,0.37,0.5976635349134884,0.6513615294068167,0.5976635349134884,0.6513615294068167,0.5976635349134884,0.6513615294068167,-0.006903303443026215,0.12353456739920342,-0.006903303443026215,0.12353456739920342,-0.006903303443026215,0.12353456739920342,0.5976635349134884,0.6513615294068167,0.5976635349134884,0.6513615294068167,0.5976635349134884,0.6513615294068167,0.5976635349134884,0.6513615294068167,0.5976635349134884,0.6513615294068167,0.5976635349134884,0.6513615294068167
0.47,0.1219350563286945,0.47,0.47,0.4,0.0,0.4,0.4,0.6542419498453659,0.6716037012001481,0.6542419498453659,0.6716037012001481,0.6542419498453659,0.6716037012001481,0.006813191540035184,0.14046336085870062,0.006813191540035184,0.14046336085870062,0.006813191540035184,0.14046336085870062,0.6542419498453659,0.6716037012001481,0.6542419498453659,0.6716037012001481,0.6542419498453659,0.6716037012001481,0.6542419498453659,0.6716037012001481,0.6542419498453659,0.6716037012001481,0.6542419498453659,0.6716037012001481
0.42,0.0,0.42,0.42,0.56,0.0,0.56,0.56,0.6086142506822508,0.6493202363242445,0.6086142506822508,0.6493202363242445,0.6086142506822508,0.6493202363242445,-0.02801342310518108,-0.026686468177729437,-0.02801342310518108,-0.026686468177729437,-0.02801342310518108,-0.026686468177729437,0.6086142506822508,0.6493202363242445,0.6086142506822508,0.6493202363242445,0.6086142506822508,0.6493202363242445,0.6086142506822508,0.6493202363242445,0.6086142506822508,0.6493202363242445,0.6086142506822508,0.6493202363242445
0.46,0.0,0.46,0.46,0.64,0.0,0.64,0.64,0.6038588507982506,0.6354059219120037,0.6038588507982506,0.6354059219120037,0.6038588507982506,0.6354059219120037,0.014006902153122652,-0.03872156117220746,0.014006902153122652,-0.03872156117220746,0.014006902153122652,-0.03872156117220746,0.6038588507982506,0.6354059219120037,0.6038588507982506,0.6354059219120037,0.6038588507982506,0.6354059219120037,0.6038588507982506,0.6354059219120037,0.6038588507982506,0.6354059219120037,0.6038588507982506,0.6354059219120037
0.54,0.0,0.54,0.54,0.85,0.4509516837481698,0.85,0.85,0.6612892166683252,0.6732568289585377,0.6612892166683252,0.6732568289585377,0.6612892166683252,0.6732568289585377,-0.017706514732079848,-0.012109790091008594,-0.017706514732079848,-0.012109790091008594,-0.017706514732079848,-0.012109790091008594,0.6612892166683252,0.6732568289585377,0.6612892166683252,0.6732568289585377,0.6612892166683252,0.6732568289585377,0.6612892166683252,0.6732568289585377,0.6612892166683252,0.6732568289585377,0.6612892166683252,0.6732568289585377
0.63,0.0,0.63,0.63,0.7,0.3169398907103825,0.7,0.7,0.612914366253863,0.659956533853896,0.612914366253863,0.659956533853896,0.612914366253863,0.659956533853896,-4.71244615300784e-05,-0.01006903173405479,-4.71244615300784e-05,-0.01006903173405479,-4.71244615300784e-05,-0.01006903173405479,0.612914366253863,0.659956533853896,0.612914366253863,0.659956533853896,0.612914366253863,0.659956533853896,0.612914366253863,0.659956533853896,0.612914366253863,0.659956533853896,0.612914366253863,0.659956533853896
0.64,0.0,0.64,0.64,0.65,0.2665549036043587,0.65,0.65,0.6194475400161022,0.6505321927225299,0.6194475400161022,0.6505321927225299,0.6194475400161022,0.6505321927225299,0.002112537591384576,0.010019037876152838,0.002112537591384576,0.010019037876152838,0.002112537591384576,0.010019037876152838,0.6194475400161022,0.6505321927225299,0.6194475400161022,0.6505321927225299,0.6194475400161022,0.6505321927225299,0.6194475400161022,0.6505321927225299,0.6194475400161022,0.6505321927225299,0.6194475400161022,0.6505321927225299
0.6,0.0,0.6,0.6,0.43,0.1154562383612662,0.43,0.43,0.557977299628155,0.5712441187734202,0.557977299628155,0.5712441187734202,0.557977299628155,0.5712441187734202,-0.012875621684030211,0.0013078116977698765,-0.012875621684030211,0.0013078116977698765,-0.012875621684030211,0.0013078116977698765,0.557977299628155,0.5712441187734202,0.557977299628155,0.5712441187734202,0.557977299628155,0.5712441187734202,0.557977299628155,0.5712441187734202,0.557977299628155,0.5712441187734202,0.557977299628155,0.5712441187734202
0.53,0.0,0.53,0.53,0.41,0.0,0.41,0.41,0.6418372481341282,0.6291858199061844,0.6418372481341282,0.6291858199061844,0.6418372481341282,0.6291858199061844,-0.016387875741040482,0.04167433644650512,-0.016387875741040482,0.04167433644650512,-0.016387875741040482,0.04167433644650512,0.6418372481341282,0.6291858199061844,0.6418372481341282,0.6291858199061844,0.6418372481341282,0.6291858199061844,0.6418372481341282,0.6291858199061844,0.6418372481341282,0.6291858199061844,0.6418372481341282,0.6291858199061844
0.6,0.0,0.6,0.6,0.55,0.0,0.55,0.55,0.5899301340257758,0.6105901586025918,0.5899301340257758,0.6105901586025918,0.5899301340257758,0.6105901586025918,0.054289171480777,0.09032114297426502,0.054289171480777,0.09032114297426502,0.054289171480777,0.09032114297426502,0.5899301340257758,0.6105901586025918,0.5899301340257758,0.6105901586025918,0.5899301340257758,0.6105901586025918,0.5899301340257758,0.6105901586025918,0.5899301340257758,0.6105901586025918,0.5899301340257758,0.6105901586025918
0.62,0.0231362467866323,0.62,0.62,0.52,0.0,0.52,0.52,0.609261436678227,0.6201878091111225,0.609261436678227,0.6201878091111225,0.609261436678227,0.6201878091111225,0.2393009729177926,0.23664510880029332,0.2393009729177926,0.23664510880029332,0.2393009729177926,0.23664510880029332,0.609261436678227,0.6201878091111225,0.609261436678227,0.6201878091111225,0.609261436678227,0.6201878091111225,0.609261436678227,0.6201878091111225,0.609261436678227,0.6201878091111225,0.609261436678227,0.6201878091111225
0.51,-0.0416666666666665,0.51,0.51,0.62,0.0,0.62,0.62,0.566388154027789,0.5061344743985235,0.566388154027789,0.5061344743985235,0.566388154027789,0.5061344743985235,0.13705222249927504,0.15197084898956553,0.13705222249927504,0.15197084898956553,0.13705222249927504,0.15197084898956553,0.566388154027789,0.5061344743985235,0.566388154027789,0.5061344743985235,0.566388154027789,0.5061344743985235,0.566388154027789,0.5061344743985235,0.566388154027789,0.5061344743985235,0.566388154027789,0.5061344743985235
0.4,-0.0873504893077201,0.4,0.4,0.65,0.0,0.65,0.65,0.5373944161262887,0.49332181445545836,0.5373944161262887,0.49332181445545836,0.5373944161262887,0.49332181445545836,0.15001680688976682,0.09136908531644881,0.15001680688976682,0.09136908531644881,0.15001680688976682,0.09136908531644881,0.5373944161262887,0.49332181445545836,0.5373944161262887,0.49332181445545836,0.5373944161262887,0.49332181445545836,0.5373944161262887,0.49332181445545836,0.5373944161262887,0.49332181445545836,0.5373944161262887,0.49332181445545836
0.36,0.0,0.36,0.36,0.76,0.0,0.76,0.76,0.4710519547724445,0.4457890618724179,0.4710519547724445,0.4457890618724179,0.4710519547724445,0.4457890618724179,0.015086031612446208,-0.004531107072996238,0.015086031612446208,-0.004531107072996238,0.015086031612446208,-0.004531107072996238,0.4710519547724445,0.4457890618724179,0.4710519547724445,0.4457890618724179,0.4710519547724445,0.4457890618724179,0.4710519547724445,0.4457890618724179,0.4710519547724445,0.4457890618724179,0.4710519547724445,0.4457890618724179
0.45,0.0,0.45,0.45,0.79,0.0,0.79,0.79,0.687155389787316,0.6802488277209037,0.687155389787316,0.6802488277209037,0.687155389787316,0.6802488277209037,0.018093156537199395,-0.027298638846660398,0.018093156537199395,-0.027298638846660398,0.018093156537199395,-0.027298638846660398,0.687155389787316,0.6802488277209037,0.687155389787316,0.6802488277209037,0.687155389787316,0.6802488277209037,0.687155389787316,0.6802488277209037,0.687155389787316,0.6802488277209037,0.687155389787316,0.6802488277209037
0.53,0.0,0.53,0.53,0.69,0.1132723112128144,0.69,0.69,0.6855741115331291,0.6911959698624806,0.6855741115331291,0.6911959698624806,0.6855741115331291,0.6911959698624806,0.014012399582376454,-0.016999239647792628,0.014012399582376454,-0.016999239647792628,0.014012399582376454,-0.016999239647792628,0.6855741115331291,0.6911959698624806,0.6855741115331291,0.6911959698624806,0.6855741115331291,0.6911959698624806,0.6855741115331291,0.6911959698624806,0.6855741115331291,0.6911959698624806,0.6855741115331291,0.6911959698624806
0.58,0.0,0.58,0.58,0.56,0.1806331471135941,0.56,0.56,0.5812458120998956,0.49664345220332606,0.5812458120998956,0.49664345220332606,0.5812458120998956,0.49664345220332606,-0.012241191136022431,0.003769305036614577,-0.012241191136022431,0.003769305036614577,-0.012241191136022431,0.003769305036614577,0.5812458120998956,0.49664345220332606,0.5812458120998956,0.49664345220332606,0.5812458120998956,0.49664345220332606,0.5812458120998956,0.49664345220332606,0.5812458120998956,0.49664345220332606,0.5812458120998956,0.49664345220332606
0.56,0.0,0.56,0.56,0.45,0.110608020698577,0.45,0.45,0.46398095904055137,0.4305049411943354,0.46398095904055137,0.4305049411943354,0.46398095904055137,0.4305049411943354,-0.01755008909876182,-0.016261709836620702,-0.01755008909876182,-0.016261709836620702,-0.01755008909876182,-0.016261709836620702,0.46398095904055137,0.4305049411943354,0.46398095904055137,0.4305049411943354,0.46398095904055137,0.4305049411943354,0.46398095904055137,0.4305049411943354,0.46398095904055137,0.4305049411943354,0.46398095904055137,0.4305049411943354
0.59,0.0,0.59,0.59,0.47,0.1219350563286945,0.47,0.47,0.6078876970936896,0.5829658172771145,0.6078876970936896,0.5829658172771145,0.6078876970936896,0.5829658172771145,-0.008575281519438031,-0.0005438080872331298,-0.008575281519438031,-0.0005438080872331298,-0.008575281519438031,-0.0005438080872331298,0.6078876970936896,0.5829658172771145,0.6078876970936896,0.5829658172771145,0.6078876970936896,0.5829658172771145,0.6078876970936896,0.5829658172771145,0.6078876970936896,0.5829658172771145,0.6078876970936896,0.5829658172771145
0.8,0.0,0.8,0.8,0.42,0.0,0.42,0.42,0.7440133643577084,0.7614763138535532,0.7440133643577084,0.7614763138535532,0.7440133643577084,0.7614763138535532,-0.03145965482143261,0.005796766018171107,-0.03145965482143261,0.005796766018171107,-0.03145965482143261,0.005796766018171107,0.7440133643577084,0.7614763138535532,0.7440133643577084,0.7614763138535532,0.7440133643577084,0.7614763138535532,0.7440133643577084,0.7614763138535532,0.7440133643577084,0.7614763138535532,0.7440133643577084,0.7614763138535532
0.71,0.0,0.71,0.71,0.46,0.0,0.46,0.46,0.7500302633530639,0.7081821316596973,0.7500302633530639,0.7081821316596973,0.7500302633530639,0.7081821316596973,-1.785785319777277e-05,0.014183505834805567,-1.785785319777277e-05,0.014183505834805567,-1.785785319777277e-05,0.014183505834805567,0.7500302633530639,0.7081821316596973,0.7500302633530639,0.7081821316596973,0.7500302633530639,0.7081821316596973,0.7500302633530639,0.7081821316596973,0.7500302633530639,0.7081821316596973,0.7500302633530639,0.7081821316596973
0.73,0.3583650190114068,0.73,0.73,0.54,0.0,0.54,0.54,0.7094081124841557,0.6882479262569468,0.7094081124841557,0.6882479262569468,0.7094081124841557,0.6882479262569468,0.3416576163799562,0.2949300524794851,0.3416576163799562,0.2949300524794851,0.3416576163799562,0.2949300524794851,0.7094081124841557,0.6882479262569468,0.7094081124841557,0.6882479262569468,0.7094081124841557,0.6882479262569468,0.7094081124841557,0.6882479262569468,0.7094081124841557,0.6882479262569468,0.7094081124841557,0.6882479262569468
0.48,0.1344873501997336,0.48,0.48,0.63,0.0,0.63,0.63,0.5141675337264736,0.5769705010862954,0.5141675337264736,0.5769705010862954,0.5141675337264736,0.5769705010862954,0.15000799976332183,0.24174362664149088,0.15000799976332183,0.24174362664149088,0.15000799976332183,0.24174362664149088,0.5141675337264736,0.5769705010862954,0.5141675337264736,0.5769705010862954,0.5141675337264736,0.5769705010862954,0.5141675337264736,0.5769705010862954,0.5141675337264736,0.5769705010862954,0.5141675337264736,0.5769705010862954
0.48,0.1344873501997336,0.48,0.48,0.64,0.0,0.64,0.64,0.4832453058634856,0.4708524914822494,0.4832453058634856,0.4708524914822494,0.4832453058634856,0.4708524914822494,0.15720628151633959,0.18888727265290758,0.15720628151633959,0.18888727265290758,0.15720628151633959,0.18888727265290758,0.4832453058634856,0.4708524914822494,0.4832453058634856,0.4708524914822494,0.4832453058634856,0.4708524914822494,0.4832453058634856,0.4708524914822494,0.4832453058634856,0.4708524914822494,0.4832453058634856,0.4708524914822494
0.55,0.0449915110356538,0.55,0.55,0.6,0.0,0.6,0.6,0.5151398839019236,0.5656516988552135,0.5151398839019236,0.5656516988552135,0.5151398839019236,0.5656516988552135,0.062236390465874175,0.08050519743929316,0.062236390465874175,0.08050519743929316,0.062236390465874175,0.08050519743929316,0.5151398839019236,0.5656516988552135,0.5151398839019236,0.5656516988552135,0.5151398839019236,0.5656516988552135,0.5151398839019236,0.5656516988552135,0.5151398839019236,0.5656516988552135,0.5151398839019236,0.5656516988552135
0.7,0.0831295843520781,0.7,0.7,0.53,0.0,0.53,0.53,0.5498480530409816,0.5570389437821831,0.5498480530409816,0.5570389437821831,0.5498480530409816,0.5570389437821831,0.09335594027681231,0.16553626937345334,0.09335594027681231,0.16553626937345334,0.09335594027681231,0.16553626937345334,0.5498480530409816,0.5570389437821831,0.5498480530409816,0.5570389437821831,0.5498480530409816,0.5570389437821831,0.5498480530409816,0.5570389437821831,0.5498480530409816,0.5570389437821831,0.5498480530409816,0.5570389437821831
0.77,0.1153846153846154,0.77,0.77,0.6,0.0,0.6,0.6,0.6283004221630704,0.6084765983623391,0.6283004221630704,0.6084765983623391,0.6283004221630704,0.6084765983623391,0.10117695708044025,0.18835319284854382,0.10117695708044025,0.18835319284854382,0.10117695708044025,0.18835319284854382,0.6283004221630704,0.6084765983623391,0.6283004221630704,0.6084765983623391,0.6283004221630704,0.6084765983623391,0.6283004221630704,0.6084765983623391,0.6283004221630704,0.6084765983623391,0.6283004221630704,0.6084765983623391
0.74,0.0997229916897507,0.74,0.74,0.62,0.0231362467866323,0.62,0.62,0.62565167246253,0.6409742543433548,0.62565167246253,0.6409742543433548,0.62565167246253,0.6409742543433548,0.1085605522777999,0.15754424676554724,0.1085605522777999,0.15754424676554724,0.1085605522777999,0.15754424676554724,0.62565167246253,0.6409742543433548,0.62565167246253,0.6409742543433548,0.62565167246253,0.6409742543433548,0.62565167246253,0.6409742543433548,0.62565167246253,0.6409742543433548,0.62565167246253,0.6409742543433548
0.63,0.0,0.63,0.63,0.51,-0.0416666666666665,0.51,0.51,0.47266682104698593,0.5076367148738676,0.47266682104698593,0.5076367148738676,0.47266682104698593,0.5076367148738676,-0.0451588833238022,0.022709115397015003,-0.0451588833238022,0.022709115397015003,-0.0451588833238022,0.022709115397015003,0.47266682104698593,0.5076367148738676,0.47266682104698593,0.5076367148738676,0.47266682104698593,0.5076367148738676,0.47266682104698593,0.5076367148738676,0.47266682104698593,0.5076367148738676,0.47266682104698593,0.5076367148738676
0.55,0.0,0.55,0.55,0.4,-0.0873504893077201,0.4,0.4,0.5948502896730111,0.6227097182207999,0.5948502896730111,0.6227097182207999,0.5948502896730111,0.6227097182207999,-0.029497355783672703,-0.012677604011869749,-0.029497355783672703,-0.012677604011869749,-0.029497355783672703,-0.012677604011869749,0.5948502896730111,0.6227097182207999,0.5948502896730111,0.6227097182207999,0.5948502896730111,0.6227097182207999,0.5948502896730111,0.6227097182207999,0.5948502896730111,0.6227097182207999,0.5948502896730111,0.6227097182207999
0.72,0.0,0.72,0.72,0.36,0.0,0.36,0.36,0.6675658252483956,0.6524477999511219,0.6675658252483956,0.6524477999511219,0.6675658252483956,0.6524477999511219,-0.023545728527034106,0.007441126288338588,-0.023545728527034106,0.007441126288338588,-0.023545728527034106,0.007441126288338588,0.6675658252483956,0.6524477999511219,0.6675658252483956,0.6524477999511219,0.6675658252483956,0.6524477999511219,0.6675658252483956,0.6524477999511219,0.6675658252483956,0.6524477999511219,0.6675658252483956,0.6524477999511219
0.74,0.0,0.74,0.74,0.45,0.0,0.45,0.45,0.7288845320210503,0.6672807316877793,0.7288845320210503,0.6672807316877793,0.7288845320210503,0.6672807316877793,0.014323898432990029,0.06370984365947639,0.014323898432990029,0.06370984365947639,0.014323898432990029,0.06370984365947639,0.7288845320210503,0.6672807316877793,0.7288845320210503,0.6672807316877793,0.7288845320210503,0.6672807316877793,0.7288845320210503,0.6672807316877793,0.7288845320210503,0.6672807316877793,0.7288845320210503,0.6672807316877793
0.78,0.3820224719101124,0.78,0.78,0.53,0.0,0.53,0.53,0.7752323226033759,0.8254054295070528,0.7752323226033759,0.8254054295070528,0.7752323226033759,0.8254054295070528,0.36661227983754463,0.330412425530323,0.36661227983754463,0.330412425530323,0.36661227983754463,0.330412425530323,0.7752323226033759,0.8254054295070528,0.7752323226033759,0.8254054295070528,0.7752323226033759,0.8254054295070528,0.7752323226033759,0.8254054295070528,0.7752323226033759,0.8254054295070528,0.7752323226033759,0.8254054295070528
0.66,0.2314647377938516,0.66,0.66,0.58,0.0,0.58,0.58,0.5750094860347336,0.660167323026821,0.5750094860347336,0.660167323026821,0.5750094860347336,0.660167323026821,0.34504865728810036,0.43755665403793714,0.34504865728810036,0.43755665403793714,0.34504865728810036,0.43755665403793714,0.5750094860347336,0.660167323026821,0.5750094860347336,0.660167323026821,0.5750094860347336,0.660167323026821,0.5750094860347336,0.660167323026821,0.5750094860347336,0.660167323026821,0.5750094860347336,0.660167323026821
0.66,0.2314647377938516,0.66,0.66,0.56,0.0,0.56,0.56,0.6396467603610517,0.6678714833410807,0.6396467603610517,0.6678714833410807,0.6396467603610517,0.6678714833410807,0.3953650233885583,0.45181734511295707,0.3953650233885583,0.45181734511295707,0.3953650233885583,0.45181734511295707,0.6396467603610517,0.6678714833410807,0.6396467603610517,0.6678714833410807,0.6396467603610517,0.6678714833410807,0.6396467603610517,0.6678714833410807,0.6396467603610517,0.6678714833410807,0.6396467603610517,0.6678714833410807
0.76,0.1957104557640752,0.76,0.76,0.59,0.0,0.59,0.59,0.6595337801013522,0.6554559803542741,0.6595337801013522,0.6554559803542741,0.6595337801013522,0.6554559803542741,0.20761600201487354,0.3641364172895614,0.20761600201487354,0.3641364172895614,0.20761600201487354,0.3641364172895614,0.6595337801013522,0.6554559803542741,0.6595337801013522,0.6554559803542741,0.6595337801013522,0.6554559803542741,0.6595337801013522,0.6554559803542741,0.6595337801013522,0.6554559803542741,0.6595337801013522,0.6554559803542741
0.71,0.0,0.71,0.71,0.8,0.0,0.8,0.8,0.5404794215339512,0.5886393062541639,0.5404794215339512,0.5886393062541639,0.5404794215339512,0.5886393062541639,0.03463791958747852,0.0974230047594112,0.03463791958747852,0.0974230047594112,0.03463791958747852,0.0974230047594112,0.5404794215339512,0.5886393062541639,0.5404794215339512,0.5886393062541639,0.5404794215339512,0.5886393062541639,0.5404794215339512,0.5886393062541639,0.5404794215339512,0.5886393062541639,0.5404794215339512,0.5886393062541639
0.63,0.0,0.63,0.63,0.71,0.0,0.71,0.71,0.5223658395910382,0.5849066661199356,0.5223658395910382,0.5849066661199356,0.5223658395910382,0.5849066661199356,0.026856834427759727,0.09349364341184031,0.026856834427759727,0.09349364341184031,0.026856834427759727,0.09349364341184031,0.5223658395910382,0.5849066661199356,0.5223658395910382,0.5849066661199356,0.5223658395910382,0.5849066661199356,0.5223658395910382,0.5849066661199356,0.5223658395910382,0.5849066661199356,0.5223658395910382,0.5849066661199356
0.51,0.0,0.51,0.51,0.73,0.3583650190114068,0.73,0.73,0.5347161841251882,0.581547044732728,0.5347161841251882,0.581547044732728,0.5347161841251882,0.581547044732728,-0.030355181127800702,0.019413020090772597,-0.030355181127800702,0.019413020090772597,-0.030355181127800702,0.019413020090772597,0.5347161841251882,0.581547044732728,0.5347161841251882,0.581547044732728,0.5347161841251882,0.581547044732728,0.5347161841251882,0.581547044732728,0.5347161841251882,0.581547044732728,0.5347161841251882,0.581547044732728
0.51,0.0,0.51,0.51,0.48,0.1344873501997336,0.48,0.48,0.5375188876821587,0.588383600114223,0.5375188876821587,0.588383600114223,0.5375188876821587,0.588383600114223,-0.019466831142505994,0.007622608462951881,-0.019466831142505994,0.007622608462951881,-0.019466831142505994,0.007622608462951881,0.5375188876821587,0.588383600114223,0.5375188876821587,0.588383600114223,0.5375188876821587,0.588383600114223,0.5375188876821587,0.588383600114223,0.5375188876821587,0.588383600114223,0.5375188876821587,0.588383600114223
0.5,0.0,0.5,0.5,0.48,0.1344873501997336,0.48,0.48,0.5294602293376875,0.5749779518502119,0.5294602293376875,0.5749779518502119,0.5294602293376875,0.5749779518502119,-0.036649047850362944,-0.006907886663318718,-0.036649047850362944,-0.006907886663318718,-0.036649047850362944,-0.006907886663318718,0.5294602293376875,0.5749779518502119,0.5294602293376875,0.5749779518502119,0.5294602293376875,0.5749779518502119,0.5294602293376875,0.5749779518502119,0.5294602293376875,0.5749779518502119,0.5294602293376875,0.5749779518502119
0.56,0.0,0.56,0.56,0.55,0.0449915110356538,0.55,0.55,0.5435969814952009,0.5034649706529464,0.5435969814952009,0.5034649706529464,0.5435969814952009,0.5034649706529464,-0.049409468444217314,0.0005679558759425149,-0.049409468444217314,0.0005679558759425149,-0.049409468444217314,0.0005679558759425149,0.5435969814952009,0.5034649706529464,0.5435969814952009,0.5034649706529464,0.5435969814952009,0.5034649706529464,0.5435969814952009,0.5034649706529464,0.5435969814952009,0.5034649706529464,0.5435969814952009,0.5034649706529464
0.56,0.0,0.56,0.56,0.7,0.0831295843520781,0.7,0.7,0.6268550486257936,0.6163367126703821,0.6268550486257936,0.6163367126703821,0.6268550486257936,0.6163367126703821,0.024575349809709844,0.04194418750991141,0.024575349809709844,0.04194418750991141,0.024575349809709844,0.04194418750991141,0.6268550486257936,0.6163367126703821,0.6268550486257936,0.6163367126703821,0.6268550486257936,0.6163367126703821,0.6268550486257936,0.6163367126703821,0.6268550486257936,0.6163367126703821,0.6268550486257936,0.6163367126703821
0.76,0.2941176470588235,0.76,0.76,0.77,0.1153846153846154,0.77,0.77,0.7450942372538936,0.7807106486899885,0.7450942372538936,0.7807106486899885,0.7450942372538936,0.7807106486899885,0.29550453247482417,0.18750213130368062,0.29550453247482417,0.18750213130368062,0.29550453247482417,0.18750213130368062,0.7450942372538936,0.7807106486899885,0.7450942372538936,0.7807106486899885,0.7450942372538936,0.7807106486899885,0.7450942372538936,0.7807106486899885,0.7450942372538936,0.7807106486899885,0.7450942372538936,0.7807106486899885
0.68,0.2766726943942132,0.68,0.68,0.74,0.0997229916897507,0.74,0.74,0.5368726607575176,0.5890419665818555,0.5368726607575176,0.5890419665818555,0.5368726607575176,0.5890419665818555,0.1965567325681563,0.22692798343526824,0.1965567325681563,0.22692798343526824,0.1965567325681563,0.22692798343526824,0.5368726607575176,0.5890419665818555,0.5368726607575176,0.5890419665818555,0.5368726607575176,0.5890419665818555,0.5368726607575176,0.5890419665818555,0.5368726607575176,0.5890419665818555,0.5368726607575176,0.5890419665818555
0.67,0.2660142348754447,0.67,0.67,0.63,0.0,0.63,0.63,0.5614405362322205,0.5684579540393054,0.5614405362322205,0.5684579540393054,0.5614405362322205,0.5684579540393054,0.22170486530492692,0.18579110796674925,0.22170486530492692,0.18579110796674925,0.22170486530492692,0.18579110796674925,0.5614405362322205,0.5684579540393054,0.5614405362322205,0.5684579540393054,0.5614405362322205,0.5684579540393054,0.5614405362322205,0.5684579540393054,0.5614405362322205,0.5684579540393054,0.5614405362322205,0.5684579540393054
0.46,0.1011984021304926,0.46,0.46,0.55,0.0,0.55,0.55,0.4541319377319047,0.5423764090005052,0.4541319377319047,0.5423764090005052,0.4541319377319047,0.5423764090005052,0.13771426383274835,0.11799269707471205,0.13771426383274835,0.11799269707471205,0.13771426383274835,0.11799269707471205,0.4541319377319047,0.5423764090005052,0.4541319377319047,0.5423764090005052,0.4541319377319047,0.5423764090005052,0.4541319377319047,0.5423764090005052,0.4541319377319047,0.5423764090005052,0.4541319377319047,0.5423764090005052
0.54,0.0,0.54,0.54,0.72,0.0,0.72,0.72,0.5059680894146337,0.5636594957939716,0.5059680894146337,0.5636594957939716,0.5059680894146337,0.5636594957939716,-0.003597625720846891,-0.01135948140815152,-0.003597625720846891,-0.01135948140815152,-0.003597625720846891,-0.01135948140815152,0.5059680894146337,0.5636594957939716,0.5059680894146337,0.5636594957939716,0.5059680894146337,0.5636594957939716,0.5059680894146337,0.5636594957939716,0.5059680894146337,0.5636594957939716,0.5059680894146337,0.5636594957939716
0.65,0.0,0.65,0.65,0.74,0.0,0.74,0.74,0.6765699819461044,0.7061481581053094,0.6765699819461044,0.7061481581053094,0.6765699819461044,0.7061481581053094,0.011843660162299752,0.0015291695220370233,0.011843660162299752,0.0015291695220370233,0.011843660162299752,0.0015291695220370233,0.6765699819461044,0.7061481581053094,0.6765699819461044,0.7061481581053094,0.6765699819461044,0.7061481581053094,0.6765699819461044,0.7061481581053094,0.6765699819461044,0.7061481581053094,0.6765699819461044,0.7061481581053094
0.61,0.0,0.61,0.61,0.78,0.3820224719101124,0.78,0.78,0.5971226499528932,0.6424905823917951,0.5971226499528932,0.6424905823917951,0.5971226499528932,0.6424905823917951,-0.02023644813479051,-0.009241245312372743,-0.02023644813479051,-0.009241245312372743,-0.02023644813479051,-0.009241245312372743,0.5971226499528932,0.6424905823917951,0.5971226499528932,0.6424905823917951,0.5971226499528932,0.6424905823917951,0.5971226499528932,0.6424905823917951,0.5971226499528932,0.6424905823917951,0.5971226499528932,0.6424905823917951
0.57,0.0,0.57,0.57,0.66,0.2314647377938516,0.66,0.66,0.6745270636384813,0.6413923837779252,0.6745270636384813,0.6413923837779252,0.6745270636384813,0.6413923837779252,-0.02385796353921501,-0.0330420783932897,-0.02385796353921501,-0.0330420783932897,-0.02385796353921501,-0.0330420783932897,0.6745270636384813,0.6413923837779252,0.6745270636384813,0.6413923837779252,0.6745270636384813,0.6413923837779252,0.6745270636384813,0.6413923837779252,0.6745270636384813,0.6413923837779252,0.6745270636384813,0.6413923837779252
0.48,0.0,0.48,0.48,0.66,0.2314647377938516,0.66,0.66,0.588777277476913,0.607237374237024,0.588777277476913,0.607237374237024,0.588777277476913,0.607237374237024,-0.029733379262379643,-0.03888383164196176,-0.029733379262379643,-0.03888383164196176,-0.029733379262379643,-0.03888383164196176,0.588777277476913,0.607237374237024,0.588777277476913,0.607237374237024,0.588777277476913,0.607237374237024,0.588777277476913,0.607237374237024,0.588777277476913,0.607237374237024,0.588777277476913,0.607237374237024
0.55,0.0,0.55,0.55,0.76,0.1957104557640752,0.76,0.76,0.6800603498517224,0.6472953559745707,0.6800603498517224,0.6472953559745707,0.6800603498517224,0.6472953559745707,-0.02891708466322853,-0.04525118831400713,-0.02891708466322853,-0.04525118831400713,-0.02891708466322853,-0.04525118831400713,0.6800603498517224,0.6472953559745707,0.6800603498517224,0.6472953559745707,0.6800603498517224,0.6472953559745707,0.6800603498517224,0.6472953559745707,0.6800603498517224,0.6472953559745707,0.6800603498517224,0.6472953559745707
0.72,0.0,0.72,0.72,0.71,0.0,0.71,0.71,0.7058627917434972,0.6718093916537383,0.7058627917434972,0.6718093916537383,0.7058627917434972,0.6718093916537383,-0.006404632449418431,-0.013877024889563633,-0.006404632449418431,-0.013877024889563633,-0.006404632449418431,-0.013877024889563633,0.7058627917434972,0.6718093916537383,0.7058627917434972,0.6718093916537383,0.7058627917434972,0.6718093916537383,0.7058627917434972,0.6718093916537383,0.7058627917434972,0.6718093916537383,0.7058627917434972,0.6718093916537383
0.88,0.4088669950738915,0.88,0.88,0.63,0.0,0.63,0.63,0.7374793597653974,0.7740721502066975,0.7374793597653974,0.7740721502066975,0.7374793597653974,0.7740721502066975,0.15455550621492858,0.1694854379664271,0.15455550621492858,0.1694854379664271,0.15455550621492858,0.1694854379664271,0.7374793597653974,0.7740721502066975,0.7374793597653974,0.7740721502066975,0.7374793597653974,0.7740721502066975,0.7374793597653974,0.7740721502066975,0.7374793597653974,0.7740721502066975,0.7374793597653974,0.7740721502066975
0.75,0.3781094527363184,0.75,0.75,0.51,0.0,0.51,0.51,0.6404974266635549,0.6468594100231679,0.6404974266635549,0.6468594100231679,0.6404974266635549,0.6468594100231679,0.31736497182790446,0.20240878625082917,0.31736497182790446,0.20240878625082917,0.31736497182790446,0.20240878625082917,0.6404974266635549,0.6468594100231679,0.6404974266635549,0.6468594100231679,0.6404974266635549,0.6468594100231679,0.6404974266635549,0.6468594100231679,0.6404974266635549,0.6468594100231679,0.6404974266635549,0.6468594100231679
0.67,0.2794759825327511,0.67,0.67,0.51,0.0,0.51,0.51,0.5684287646823151,0.5782475842309674,0.5684287646823151,0.5782475842309674,0.5684287646823151,0.5782475842309674,0.26335623011365716,0.26543524078580466,0.26335623011365716,0.26543524078580466,0.26335623011365716,0.26543524078580466,0.5684287646823151,0.5782475842309674,0.5684287646823151,0.5782475842309674,0.5684287646823151,0.5782475842309674,0.5684287646823151,0.5782475842309674,0.5684287646823151,0.5782475842309674,0.5684287646823151,0.5782475842309674
0.47,0.1137123745819397,0.47,0.47,0.5,0.0,0.5,0.5,0.5422993448925066,0.5538719407265933,0.5422993448925066,0.5538719407265933,0.5422993448925066,0.5538719407265933,0.13864580912732027,0.11618609369837897,0.13864580912732027,0.11618609369837897,0.13864580912732027,0.11618609369837897,0.5422993448925066,0.5538719407265933,0.5422993448925066,0.5538719407265933,0.5422993448925066,0.5538719407265933,0.5422993448925066,0.5538719407265933,0.5422993448925066,0.5538719407265933,0.5422993448925066,0.5538719407265933
0.44,0.0,0.44,0.44,0.56,0.0,0.56,0.56,0.6309625539213235,0.6882019107043689,0.6309625539213235,0.6882019107043689,0.6309625539213235,0.6882019107043689,0.0015476742834811853,0.035011429176087454,0.0015476742834811853,0.035011429176087454,0.0015476742834811853,0.035011429176087454,0.6309625539213235,0.6882019107043689,0.6309625539213235,0.6882019107043689,0.6309625539213235,0.6882019107043689,0.6309625539213235,0.6882019107043689,0.6309625539213235,0.6882019107043689,0.6309625539213235,0.6882019107043689
0.47,0.0,0.47,0.47,0.56,0.0,0.56,0.56,0.5205791006905249,0.5906653535237821,0.5205791006905249,0.5906653535237821,0.5205791006905249,0.5906653535237821,-0.012124081759910962,-0.013028289290051624,-0.012124081759910962,-0.013028289290051624,-0.012124081759910962,-0.013028289290051624,0.5205791006905249,0.5906653535237821,0.5205791006905249,0.5906653535237821,0.5205791006905249,0.5906653535237821,0.5205791006905249,0.5906653535237821,0.5205791006905249,0.5906653535237821,0.5205791006905249,0.5906653535237821
0.41,0.0,0.41,0.41,0.76,0.2941176470588235,0.76,0.76,0.4741921655420771,0.5497776347346428,0.4741921655420771,0.5497776347346428,0.4741921655420771,0.5497776347346428,-0.029700556826860246,-0.036533451561947795,-0.029700556826860246,-0.036533451561947795,-0.029700556826860246,-0.036533451561947795,0.4741921655420771,0.5497776347346428,0.4741921655420771,0.5497776347346428,0.4741921655420771,0.5497776347346428,0.4741921655420771,0.5497776347346428,0.4741921655420771,0.5497776347346428,0.4741921655420771,0.5497776347346428
0.33,0.0,0.33,0.33,0.68,0.2766726943942132,0.68,0.68,0.5266859365780432,0.5720204435677209,0.5266859365780432,0.5720204435677209,0.5266859365780432,0.5720204435677209,-0.012962401825495939,-0.009381396970373322,-0.012962401825495939,-0.009381396970373322,-0.012962401825495939,-0.009381396970373322,0.5266859365780432,0.5720204435677209,0.5266859365780432,0.5720204435677209,0.5266859365780432,0.5720204435677209,0.5266859365780432,0.5720204435677209,0.5266859365780432,0.5720204435677209,0.5266859365780432,0.5720204435677209
0.35,0.0,0.35,0.35,0.67,0.2660142348754447,0.67,0.67,0.5313190626502095,0.5336187292970493,0.5313190626502095,0.5336187292970493,0.5313190626502095,0.5336187292970493,-0.005714857634124209,0.017437771290543875,-0.005714857634124209,0.017437771290543875,-0.005714857634124209,0.017437771290543875,0.5313190626502095,0.5336187292970493,0.5313190626502095,0.5336187292970493,0.5313190626502095,0.5336187292970493,0.5313190626502095,0.5336187292970493,0.5313190626502095,0.5336187292970493,0.5313190626502095,0.5336187292970493
0.42,0.0,0.42,0.42,0.46,0.1011984021304926,0.46,0.46,0.6477536752809425,0.611042945235643,0.6477536752809425,0.611042945235643,0.6477536752809425,0.611042945235643,-0.01892350837840948,0.012387972050471938,-0.01892350837840948,0.012387972050471938,-0.01892350837840948,0.012387972050471938,0.6477536752809425,0.611042945235643,0.6477536752809425,0.611042945235643,0.6477536752809425,0.611042945235643,0.6477536752809425,0.611042945235643,0.6477536752809425,0.611042945235643,0.6477536752809425,0.611042945235643
0.45,0.0,0.45,0.45,0.54,0.0,0.54,0.54,0.725816196423038,0.7099691678442795,0.725816196423038,0.7099691678442795,0.725816196423038,0.7099691678442795,-0.005315012156226431,0.04502661661657164,-0.005315012156226431,0.04502661661657164,-0.005315012156226431,0.04502661661657164,0.725816196423038,0.7099691678442795,0.725816196423038,0.7099691678442795,0.725816196423038,0.7099691678442795,0.725816196423038,0.7099691678442795,0.725816196423038,0.7099691678442795,0.725816196423038,0.7099691678442795
0.55,0.0999999999999999,0.55,0.55,0.65,0.0,0.65,0.65,0.6923605793567478,0.6865180673137405,0.6923605793567478,0.6865180673137405,0.6923605793567478,0.6865180673137405,0.1755455443521259,0.10221231155786084,0.1755455443521259,0.10221231155786084,0.1755455443521259,0.10221231155786084,0.6923605793567478,0.6865180673137405,0.6923605793567478,0.6865180673137405,0.6923605793567478,0.6865180673137405,0.6923605793567478,0.6865180673137405,0.6923605793567478,0.6865180673137405,0.6923605793567478,0.6865180673137405
0.51,0.121863799283154,0.51,0.51,0.61,0.0,0.61,0.61,0.7071834908935418,0.7124369581032337,0.7071834908935418,0.7124369581032337,0.7071834908935418,0.7124369581032337,0.34474141554644283,0.2547352059010932,0.34474141554644283,0.2547352059010932,0.34474141554644283,0.2547352059010932,0.7071834908935418,0.7124369581032337,0.7071834908935418,0.7124369581032337,0.7071834908935418,0.7124369581032337,0.7071834908935418,0.7124369581032337,0.7071834908935418,0.7124369581032337,0.7071834908935418,0.7124369581032337
0.51,0.121863799283154,0.51,0.51,0.57,0.0,0.57,0.57,0.5174881989993014,0.5824965148173037,0.5174881989993014,0.5824965148173037,0.5174881989993014,0.5824965148173037,0.08152850859861004,0.21044981065937382,0.08152850859861004,0.21044981065937382,0.08152850859861004,0.21044981065937382,0.5174881989993014,0.5824965148173037,0.5174881989993014,0.5824965148173037,0.5174881989993014,0.5824965148173037,0.5174881989993014,0.5824965148173037,0.5174881989993014,0.5824965148173037,0.5174881989993014,0.5824965148173037
0.52,0.1504424778761062,0.52,0.52,0.48,0.0,0.48,0.48,0.47342228229340017,0.4591129729913698,0.47342228229340017,0.4591129729913698,0.47342228229340017,0.4591129729913698,0.25724542725715577,0.215480009484416,0.25724542725715577,0.215480009484416,0.25724542725715577,0.215480009484416,0.47342228229340017,0.4591129729913698,0.47342228229340017,0.4591129729913698,0.47342228229340017,0.4591129729913698,0.47342228229340017,0.4591129729913698,0.47342228229340017,0.4591129729913698,0.47342228229340017,0.4591129729913698
0.61,0.2424242424242424,0.61,0.61,0.55,0.0,0.55,0.55,0.5849424938189693,0.5184218445792429,0.5849424938189693,0.5184218445792429,0.5849424938189693,0.5184218445792429,0.23298282222494354,0.1807206014259251,0.23298282222494354,0.1807206014259251,0.23298282222494354,0.1807206014259251,0.5849424938189693,0.5184218445792429,0.5849424938189693,0.5184218445792429,0.5849424938189693,0.5184218445792429,0.5849424938189693,0.5184218445792429,0.5849424938189693,0.5184218445792429,0.5849424938189693,0.5184218445792429
0.86,0.7116968698517299,0.86,0.86,0.72,0.0,0.72,0.72,0.5516674690570509,0.4496634678437474,0.5516674690570509,0.4496634678437474,0.5516674690570509,0.4496634678437474,0.17576333356326454,0.14293059921032972,0.17576333356326454,0.14293059921032972,0.17576333356326454,0.14293059921032972,0.5516674690570509,0.4496634678437474,0.5516674690570509,0.4496634678437474,0.5516674690570509,0.4496634678437474,0.5516674690570509,0.4496634678437474,0.5516674690570509,0.4496634678437474,0.5516674690570509,0.4496634678437474
0.93,0.8479582971329279,0.93,0.93,0.88,0.4088669950738915,0.88,0.88,0.6674475679288603,0.6102380156895244,0.6674475679288603,0.6102380156895244,0.6674475679288603,0.6102380156895244,0.25089524003749764,0.10218761665815826,0.25089524003749764,0.10218761665815826,0.25089524003749764,0.10218761665815826,0.6674475679288603,0.6102380156895244,0.6674475679288603,0.6102380156895244,0.6674475679288603,0.6102380156895244,0.6674475679288603,0.6102380156895244,0.6674475679288603,0.6102380156895244,0.6674475679288603,0.6102380156895244
0.99,0.9681528662420382,0.99,0.99,0.75,0.3781094527363184,0.75,0.75,0.7500153580665871,0.69582729296437,0.7500153580665871,0.69582729296437,0.7500153580665871,0.69582729296437,0.30395773991264063,0.15622126894890348,0.30395773991264063,0.15622126894890348,0.30395773991264063,0.15622126894890348,0.7500153580665871,0.69582729296437,0.7500153580665871,0.69582729296437,0.7500153580665871,0.69582729296437,0.7500153580665871,0.69582729296437,0.7500153580665871,0.69582729296437,0.7500153580665871,0.69582729296437
0.96,0.7569866342648846,0.96,0.96,0.67,0.2794759825327511,0.67,0.67,0.6942440647417663,0.6637536675903408,0.6942440647417663,0.6637536675903408,0.6942440647417663,0.6637536675903408,0.23677912630214953,0.16335913420364295,0.23677912630214953,0.16335913420364295,0.23677912630214953,0.16335913420364295,0.6942440647417663,0.6637536675903408,0.6942440647417663,0.6637536675903408,0.6942440647417663,0.6637536675903408,0.6942440647417663,0.6637536675903408,0.6942440647417663,0.6637536675903408,0.6942440647417663,0.6637536675903408
0.92,0.0,0.92,0.92,0.47,0.1137123745819397,0.47,0.47,0.7081286589566287,0.6969736185431081,0.7081286589566287,0.6969736185431081,0.7081286589566287,0.6969736185431081,-0.005928140443671058,0.06877426293099068,-0.005928140443671058,0.06877426293099068,-0.005928140443671058,0.06877426293099068,0.7081286589566287,0.6969736185431081,0.7081286589566287,0.6969736185431081,0.7081286589566287,0.6969736185431081,0.7081286589566287,0.6969736185431081,0.7081286589566287,0.6969736185431081,0.7081286589566287,0.6969736185431081
0.82,0.0,0.82,0.82,0.44,0.0,0.44,0.44,0.6466172431195983,0.6681974195665741,0.6466172431195983,0.6681974195665741,0.6466172431195983,0.6681974195665741,-0.02137805625852409,0.058222646222718125,-0.02137805625852409,0.058222646222718125,-0.02137805625852409,0.058222646222718125,0.6466172431195983,0.6681974195665741,0.6466172431195983,0.6681974195665741,0.6466172431195983,0.6681974195665741,0.6466172431195983,0.6681974195665741,0.6466172431195983,0.6681974195665741,0.6466172431195983,0.6681974195665741
0.81,0.0,0.81,0.81,0.47,0.0,0.47,0.47,0.7417684515845308,0.7435347229265556,0.7417684515845308,0.7435347229265556,0.7417684515845308,0.7435347229265556,0.03942067243816412,0.03323731557771677,0.03942067243816412,0.03323731557771677,0.03942067243816412,0.03323731557771677,0.7417684515845308,0.7435347229265556,0.7417684515845308,0.7435347229265556,0.7417684515845308,0.7435347229265556,0.7417684515845308,0.7435347229265556,0.7417684515845308,0.7435347229265556,0.7417684515845308,0.7435347229265556
0.73,0.3720930232558139,0.73,0.73,0.41,0.0,0.41,0.41,0.7249399172630413,0.8024390512332562,0.7249399172630413,0.8024390512332562,0.7249399172630413,0.8024390512332562,0.23657233838768882,0.32639865620521713,0.23657233838768882,0.32639865620521713,0.23657233838768882,0.32639865620521713,0.7249399172630413,0.8024390512332562,0.7249399172630413,0.8024390512332562,0.7249399172630413,0.8024390512332562,0.7249399172630413,0.8024390512332562,0.7249399172630413,0.8024390512332562,0.7249399172630413,0.8024390512332562
0.69,0.3347639484978539,0.69,0.69,0.33,0.0,0.33,0.33,0.5851372071295107,0.6190456895078135,0.5851372071295107,0.6190456895078135,0.5851372071295107,0.6190456895078135,0.30873065485832046,0.31843584017852294,0.30873065485832046,0.31843584017852294,0.30873065485832046,0.31843584017852294,0.5851372071295107,0.6190456895078135,0.5851372071295107,0.6190456895078135,0.5851372071295107,0.6190456895078135,0.5851372071295107,0.6190456895078135,0.5851372071295107,0.6190456895078135,0.5851372071295107,0.6190456895078135
0.49,0.1528239202657807,0.49,0.49,0.35,0.0,0.35,0.35,0.5284173413176617,0.5075818051342607,0.5284173413176617,0.5075818051342607,0.5284173413176617,0.5075818051342607,0.12993318490820965,0.19410355721463018,0.12993318490820965,0.19410355721463018,0.12993318490820965,0.19410355721463018,0.5284173413176617,0.5075818051342607,0.5284173413176617,0.5075818051342607,0.5284173413176617,0.5075818051342607,0.5284173413176617,0.5075818051342607,0.5284173413176617,0.5075818051342607,0.5284173413176617,0.5075818051342607
0.52,0.1160220994475137,0.52,0.52,0.42,0.0,0.42,0.42,0.6020163905208364,0.6432560588273533,0.6020163905208364,0.6432560588273533,0.6020163905208364,0.6432560588273533,0.16451899919242022,0.17577450540081174,0.16451899919242022,0.17577450540081174,0.16451899919242022,0.17577450540081174,0.6020163905208364,0.6432560588273533,0.6020163905208364,0.6432560588273533,0.6020163905208364,0.6432560588273533,0.6020163905208364,0.6432560588273533,0.6020163905208364,0.6432560588273533,0.6020163905208364,0.6432560588273533
0.64,0.1408114558472555,0.64,0.64,0.45,0.0,0.45,0.45,0.5764032118055575,0.5949971704115232,0.5764032118055575,0.5949971704115232,0.5764032118055575,0.5949971704115232,0.1583019493853216,0.19660813114122003,0.1583019493853216,0.19660813114122003,0.1583019493853216,0.19660813114122003,0.5764032118055575,0.5949971704115232,0.5764032118055575,0.5949971704115232,0.5764032118055575,0.5949971704115232,0.5764032118055575,0.5949971704115232,0.5764032118055575,0.5949971704115232,0.5764032118055575,0.5949971704115232
0.83,0.2710120068610635,0.83,0.83,0.55,0.0999999999999999,0.55,0.55,0.6473212010701023,0.7004660198025866,0.6473212010701023,0.7004660198025866,0.6473212010701023,0.7004660198025866,0.17680438881204424,0.18830973329779085,0.17680438881204424,0.18830973329779085,0.17680438881204424,0.18830973329779085,0.6473212010701023,0.7004660198025866,0.6473212010701023,0.7004660198025866,0.6473212010701023,0.7004660198025866,0.6473212010701023,0.7004660198025866,0.6473212010701023,0.7004660198025866,0.6473212010701023,0.7004660198025866
0.73,0.0,0.73,0.73,0.51,0.121863799283154,0.51,0.51,0.6676106580542976,0.7475277828315744,0.6676106580542976,0.7475277828315744,0.6676106580542976,0.7475277828315744,0.0029695199511388377,0.01255842940718449,0.0029695199511388377,0.01255842940718449,0.0029695199511388377,0.01255842940718449,0.6676106580542976,0.7475277828315744,0.6676106580542976,0.7475277828315744,0.6676106580542976,0.7475277828315744,0.6676106580542976,0.7475277828315744,0.6676106580542976,0.7475277828315744,0.6676106580542976,0.7475277828315744
0.5,0.0,0.5,0.5,0.51,0.121863799283154,0.51,0.51,0.45988537679668107,0.5226651164303417,0.45988537679668107,0.5226651164303417,0.45988537679668107,0.5226651164303417,-0.029592030635323934,0.04271765016105201,-0.029592030635323934,0.04271765016105201,-0.029592030635323934,0.04271765016105201,0.45988537679668107,0.5226651164303417,0.45988537679668107,0.5226651164303417,0.45988537679668107,0.5226651164303417,0.45988537679668107,0.5226651164303417,0.45988537679668107,0.5226651164303417,0.45988537679668107,0.5226651164303417
0.47,0.0,0.47,0.47,0.52,0.1504424778761062,0.52,0.52,0.4708466579954226,0.49755593411197185,0.4708466579954226,0.49755593411197185,0.4708466579954226,0.49755593411197185,-0.030076353631909615,0.03204885933028729,-0.030076353631909615,0.03204885933028729,-0.030076353631909615,0.03204885933028729,0.4708466579954226,0.49755593411197185,0.4708466579954226,0.49755593411197185,0.4708466579954226,0.49755593411197185,0.4708466579954226,0.49755593411197185,0.4708466579954226,0.49755593411197185,0.4708466579954226,0.49755593411197185
0.42,0.0,0.42,0.42,0.61,0.2424242424242424,0.61,0.61,0.5265492596046042,0.5018146021398839,0.5265492596046042,0.5018146021398839,0.5265492596046042,0.5018146021398839,-0.028493398588403277,0.07607173264063982,-0.028493398588403277,0.07607173264063982,-0.028493398588403277,0.07607173264063982,0.5265492596046042,0.5018146021398839,0.5265492596046042,0.5018146021398839,0.5265492596046042,0.5018146021398839,0.5265492596046042,0.5018146021398839,0.5265492596046042,0.5018146021398839,0.5265492596046042,0.5018146021398839
0.61,0.0,0.61,0.61,0.86,0.7116968698517299,0.86,0.86,0.6964651874721668,0.6389725876993598,0.6964651874721668,0.6389725876993598,0.6964651874721668,0.6389725876993598,0.0336617910411953,0.0636840265660264,0.0336617910411953,0.0636840265660264,0.0336617910411953,0.0636840265660264,0.6964651874721668,0.6389725876993598,0.6964651874721668,0.6389725876993598,0.6964651874721668,0.6389725876993598,0.6964651874721668,0.6389725876993598,0.6964651874721668,0.6389725876993598,0.6964651874721668,0.6389725876993598
0.62,0.1016548463356973,0.62,0.62,0.93,0.8479582971329279,0.93,0.93,0.7301678550181033,0.7273961041188712,0.7301678550181033,0.7273961041188712,0.7301678550181033,0.7273961041188712,0.2455203284178254,0.20703835070072396,0.2455203284178254,0.20703835070072396,0.2455203284178254,0.20703835070072396,0.7301678550181033,0.7273961041188712,0.7301678550181033,0.7273961041188712,0.7301678550181033,0.7273961041188712,0.7301678550181033,0.7273961041188712,0.7301678550181033,0.7273961041188712,0.7301678550181033,0.7273961041188712
0.71,0.1944444444444444,0.71,0.71,0.99,0.9681528662420382,0.99,0.99,0.6632900549943976,0.6759313618292182,0.6632900549943976,0.6759313618292182,0.6632900549943976,0.6759313618292182,0.3520051230413734,0.24726128891075422,0.3520051230413734,0.24726128891075422,0.3520051230413734,0.24726128891075422,0.6632900549943976,0.6759313618292182,0.6632900549943976,0.6759313618292182,0.6632900549943976,0.6759313618292182,0.6632900549943976,0.6759313618292182,0.6632900549943976,0.6759313618292182,0.6632900549943976,0.6759313618292182
0.75,0.246987951807229,0.75,0.75,0.96,0.7569866342648846,0.96,0.96,0.768200366189816,0.7578162586513981,0.768200366189816,0.7578162586513981,0.768200366189816,0.7578162586513981,0.31980125787139185,0.28324637370251,0.31980125787139185,0.28324637370251,0.31980125787139185,0.28324637370251,0.768200366189816,0.7578162586513981,0.768200366189816,0.7578162586513981,0.768200366189816,0.7578162586513981,0.768200366189816,0.7578162586513981,0.768200366189816,0.7578162586513981,0.768200366189816,0.7578162586513981
0.82,0.2214532871972317,0.82,0.82,0.92,0.0,0.92,0.92,0.7565259454571077,0.7642844905245728,0.7565259454571077,0.7642844905245728,0.7565259454571077,0.7642844905245728,0.2972638704649554,0.2220862567238499,0.2972638704649554,0.2220862567238499,0.2972638704649554,0.2220862567238499,0.7565259454571077,0.7642844905245728,0.7565259454571077,0.7642844905245728,0.7565259454571077,0.7642844905245728,0.7565259454571077,0.7642844905245728,0.7565259454571077,0.7642844905245728,0.7565259454571077,0.7642844905245728
0.8,0.0,0.8,0.8,0.82,0.0,0.82,0.82,0.4984186504976341,0.5018033016772278,0.4984186504976341,0.5018033016772278,0.4984186504976341,0.5018033016772278,0.01175852760231453,0.055466837477520105,0.01175852760231453,0.055466837477520105,0.01175852760231453,0.055466837477520105,0.4984186504976341,0.5018033016772278,0.4984186504976341,0.5018033016772278,0.4984186504976341,0.5018033016772278,0.4984186504976341,0.5018033016772278,0.4984186504976341,0.5018033016772278,0.4984186504976341,0.5018033016772278
0.71,0.0,0.71,0.71,0.81,0.0,0.81,0.81,0.49721220636838626,0.5135605402011104,0.49721220636838626,0.5135605402011104,0.49721220636838626,0.5135605402011104,0.013798364440412653,0.0229249764544516,0.013798364440412653,0.0229249764544516,0.013798364440412653,0.0229249764544516,0.49721220636838626,0.5135605402011104,0.49721220636838626,0.5135605402011104,0.49721220636838626,0.5135605402011104,0.49721220636838626,0.5135605402011104,0.49721220636838626,0.5135605402011104,0.49721220636838626,0.5135605402011104
0.54,0.0,0.54,0.54,0.73,0.3720930232558139,0.73,0.73,0.43468195166427537,0.4877332140540362,0.43468195166427537,0.4877332140540362,0.43468195166427537,0.4877332140540362,-0.022537290910918967,0.01888269681338347,-0.022537290910918967,0.01888269681338347,-0.022537290910918967,0.01888269681338347,0.43468195166427537,0.4877332140540362,0.43468195166427537,0.4877332140540362,0.43468195166427537,0.4877332140540362,0.43468195166427537,0.4877332140540362,0.43468195166427537,0.4877332140540362,0.43468195166427537,0.4877332140540362
0.61,0.0,0.61,0.61,0.69,0.3347639484978539,0.69,0.69,0.5067154233303339,0.5025085275901829,0.5067154233303339,0.5025085275901829,0.5067154233303339,0.5025085275901829,-0.0026507363310909753,0.03875626748796697,-0.0026507363310909753,0.03875626748796697,-0.0026507363310909753,0.03875626748796697,0.5067154233303339,0.5025085275901829,0.5067154233303339,0.5025085275901829,0.5067154233303339,0.5025085275901829,0.5067154233303339,0.5025085275901829,0.5067154233303339,0.5025085275901829,0.5067154233303339,0.5025085275901829
0.63,0.0,0.63,0.63,0.49,0.1528239202657807,0.49,0.49,0.6545202095888091,0.6805501810290125,0.6545202095888091,0.6805501810290125,0.6545202095888091,0.6805501810290125,-0.021211022411972393,0.047315326041886284,-0.021211022411972393,0.047315326041886284,-0.021211022411972393,0.047315326041886284,0.6545202095888091,0.6805501810290125,0.6545202095888091,0.6805501810290125,0.6545202095888091,0.6805501810290125,0.6545202095888091,0.6805501810290125,0.6545202095888091,0.6805501810290125,0.6545202095888091,0.6805501810290125
0.66,0.0,0.66,0.66,0.52,0.1160220994475137,0.52,0.52,0.5083472245276364,0.5207374134737233,0.5083472245276364,0.5207374134737233,0.5083472245276364,0.5207374134737233,-0.01707645147312334,0.05215453115917249,-0.01707645147312334,0.05215453115917249,-0.01707645147312334,0.05215453115917249,0.5083472245276364,0.5207374134737233,0.5083472245276364,0.5207374134737233,0.5083472245276364,0.5207374134737233,0.5083472245276364,0.5207374134737233,0.5083472245276364,0.5207374134737233,0.5083472245276364,0.5207374134737233
0.65,0.0,0.65,0.65,0.64,0.1408114558472555,0.64,0.64,0.5342131294788258,0.5454525749141149,0.5342131294788258,0.5454525749141149,0.5342131294788258,0.5454525749141149,-0.033837341737135714,0.0268098291900608,-0.033837341737135714,0.0268098291900608,-0.033837341737135714,0.0268098291900608,0.5342131294788258,0.5454525749141149,0.5342131294788258,0.5454525749141149,0.5342131294788258,0.5454525749141149,0.5342131294788258,0.5454525749141149,0.5342131294788258,0.5454525749141149,0.5342131294788258,0.5454525749141149
0.53,-0.0662431941923775,0.53,0.53,0.83,0.2710120068610635,0.83,0.83,0.6668060786727595,0.67618192496919,0.6668060786727595,0.67618192496919,0.6668060786727595,0.67618192496919,0.15793600729026291,0.18900597729698093,0.15793600729026291,0.18900597729698093,0.15793600729026291,0.18900597729698093,0.6668060786727595,0.67618192496919,0.6668060786727595,0.67618192496919,0.6668060786727595,0.67618192496919,0.6668060786727595,0.67618192496919,0.6668060786727595,0.67618192496919,0.6668060786727595,0.67618192496919
0.54,-0.1105746016417188,0.54,0.54,0.73,0.0,0.73,0.73,0.6795706328868901,0.7062919744852378,0.6795706328868901,0.7062919744852378,0.6795706328868901,0.7062919744852378,0.21825396050802723,0.27537963690373257,0.21825396050802723,0.27537963690373257,0.21825396050802723,0.27537963690373257,0.6795706328868901,0.7062919744852378,0.6795706328868901,0.7062919744852378,0.6795706328868901,0.7062919744852378,0.6795706328868901,0.7062919744852378,0.6795706328868901,0.7062919744852378,0.6795706328868901,0.7062919744852378
0.69,0.016497461928934,0.69,0.69,0.5,0.0,0.5,0.5,0.5919480305960236,0.6304784250946285,0.5919480305960236,0.6304784250946285,0.5919480305960236,0.6304784250946285,0.2096610967520523,0.36224369085487096,0.2096610967520523,0.36224369085487096,0.2096610967520523,0.36224369085487096,0.5919480305960236,0.6304784250946285,0.5919480305960236,0.6304784250946285,0.5919480305960236,0.6304784250946285,0.5919480305960236,0.6304784250946285,0.5919480305960236,0.6304784250946285,0.5919480305960236,0.6304784250946285
0.6,-0.0395010395010395,0.6,0.6,0.47,0.0,0.47,0.47,0.6905547112447237,0.6400307719541363,0.6905547112447237,0.6400307719541363,0.6905547112447237,0.6400307719541363,0.18660938579806283,0.09027674537449636,0.18660938579806283,0.09027674537449636,0.18660938579806283,0.09027674537449636,0.6905547112447237,0.6400307719541363,0.6905547112447237,0.6400307719541363,0.6905547112447237,0.6400307719541363,0.6905547112447237,0.6400307719541363,0.6905547112447237,0.6400307719541363,0.6905547112447237,0.6400307719541363
0.64,0.0,0.64,0.64,0.42,0.0,0.42,0.42,0.7097889453478684,0.7231820069524435,0.7097889453478684,0.7231820069524435,0.7097889453478684,0.7231820069524435,0.027323590172735973,-0.0033598163644058612,0.027323590172735973,-0.0033598163644058612,0.027323590172735973,-0.0033598163644058612,0.7097889453478684,0.7231820069524435,0.7097889453478684,0.7231820069524435,0.7097889453478684,0.7231820069524435,0.7097889453478684,0.7231820069524435,0.7097889453478684,0.7231820069524435,0.7097889453478684,0.7231820069524435
0.6,0.0,0.6,0.6,0.61,0.0,0.61,0.61,0.6451349345485153,0.6550203634774778,0.6451349345485153,0.6550203634774778,0.6451349345485153,0.6550203634774778,0.02933310835235346,-0.026629825299353104,0.02933310835235346,-0.026629825299353104,0.02933310835235346,-0.026629825299353104,0.6451349345485153,0.6550203634774778,0.6451349345485153,0.6550203634774778,0.6451349345485153,0.6550203634774778,0.6451349345485153,0.6550203634774778,0.6451349345485153,0.6550203634774778,0.6451349345485153,0.6550203634774778
0.59,0.0,0.59,0.59,0.62,0.1016548463356973,0.62,0.62,0.6663220113344441,0.6411107644297638,0.6663220113344441,0.6411107644297638,0.6663220113344441,0.6411107644297638,0.014267580716408764,-0.05210811027260891,0.014267580716408764,-0.05210811027260891,0.014267580716408764,-0.05210811027260891,0.6663220113344441,0.6411107644297638,0.6663220113344441,0.6411107644297638,0.6663220113344441,0.6411107644297638,0.6663220113344441,0.6411107644297638,0.6663220113344441,0.6411107644297638,0.6663220113344441,0.6411107644297638
0.67,0.0,0.67,0.67,0.71,0.1944444444444444,0.71,0.71,0.7558927590340732,0.773148734773056,0.7558927590340732,0.773148734773056,0.7558927590340732,0.773148734773056,0.028380461347029047,0.06843187118917042,0.028380461347029047,0.06843187118917042,0.028380461347029047,0.06843187118917042,0.7558927590340732,0.773148734773056,0.7558927590340732,0.773148734773056,0.7558927590340732,0.773148734773056,0.7558927590340732,0.773148734773056,0.7558927590340732,0.773148734773056,0.7558927590340732,0.773148734773056
0.75,0.0,0.75,0.75,0.75,0.246987951807229,0.75,0.75,0.7159566818155716,0.7391290679462066,0.7159566818155716,0.7391290679462066,0.7159566818155716,0.7391290679462066,0.04520788868849939,0.013533837520406327,0.04520788868849939,0.013533837520406327,0.04520788868849939,0.013533837520406327,0.7159566818155716,0.7391290679462066,0.7159566818155716,0.7391290679462066,0.7159566818155716,0.7391290679462066,0.7159566818155716,0.7391290679462066,0.7159566818155716,0.7391290679462066,0.7159566818155716,0.7391290679462066
0.72,0.0,0.72,0.72,0.82,0.2214532871972317,0.82,0.82,0.7446038361234175,0.7447401919545672,0.7446038361234175,0.7447401919545672,0.7446038361234175,0.7447401919545672,0.031783105414831966,-0.002463813474282049,0.031783105414831966,-0.002463813474282049,0.031783105414831966,-0.002463813474282049,0.7446038361234175,0.7447401919545672,0.7446038361234175,0.7447401919545672,0.7446038361234175,0.7447401919545672,0.7446038361234175,0.7447401919545672,0.7446038361234175,0.7447401919545672,0.7446038361234175,0.7447401919545672
0.59,0.0,0.59,0.59,0.8,0.0,0.8,0.8,0.6580994823901215,0.6525322155111059,0.6580994823901215,0.6525322155111059,0.6580994823901215,0.6525322155111059,-0.021922814235735482,-0.13568756306162966,-0.021922814235735482,-0.13568756306162966,-0.021922814235735482,-0.13568756306162966,0.6580994823901215,0.6525322155111059,0.6580994823901215,0.6525322155111059,0.6580994823901215,0.6525322155111059,0.6580994823901215,0.6525322155111059,0.6580994823901215,0.6525322155111059,0.6580994823901215,0.6525322155111059
0.64,0.3074259330511736,0.64,0.64,0.71,0.0,0.71,0.71,0.6838361264201465,0.5531116294956205,0.6838361264201465,0.5531116294956205,0.6838361264201465,0.5531116294956205,0.25597861252862497,0.17973341974084406,0.25597861252862497,0.17973341974084406,0.25597861252862497,0.17973341974084406,0.6838361264201465,0.5531116294956205,0.6838361264201465,0.5531116294956205,0.6838361264201465,0.5531116294956205,0.6838361264201465,0.5531116294956205,0.6838361264201465,0.5531116294956205,0.6838361264201465,0.5531116294956205
0.58,0.2242334687846324,0.58,0.58,0.54,0.0,0.54,0.54,0.6357713522819961,0.6591081304173825,0.6357713522819961,0.6591081304173825,0.6357713522819961,0.6591081304173825,0.17254023282235725,0.0352908361062123,0.17254023282235725,0.0352908361062123,0.17254023282235725,0.0352908361062123,0.6357713522819961,0.6591081304173825,0.6357713522819961,0.6591081304173825,0.6357713522819961,0.6591081304173825,0.6357713522819961,0.6591081304173825,0.6357713522819961,0.6591081304173825,0.6357713522819961,0.6591081304173825
0.72,0.4129979035639413,0.72,0.72,0.61,0.0,0.61,0.61,0.5322111354510278,0.5773710143801157,0.5322111354510278,0.5773710143801157,0.5322111354510278,0.5773710143801157,0.25124303493642186,0.04371024609807326,0.25124303493642186,0.04371024609807326,0.25124303493642186,0.04371024609807326,0.5322111354510278,0.5773710143801157,0.5322111354510278,0.5773710143801157,0.5322111354510278,0.5773710143801157,0.5322111354510278,0.5773710143801157,0.5322111354510278,0.5773710143801157,0.5322111354510278,0.5773710143801157
0.78,0.4387755102040817,0.78,0.78,0.63,0.0,0.63,0.63,0.7167012310159656,0.7683852497117573,0.7167012310159656,0.7683852497117573,0.7167012310159656,0.7683852497117573,0.20858725371652675,0.14580325838938632,0.20858725371652675,0.14580325838938632,0.20858725371652675,0.14580325838938632,0.7167012310159656,0.7683852497117573,0.7167012310159656,0.7683852497117573,0.7167012310159656,0.7683852497117573,0.7167012310159656,0.7683852497117573,0.7167012310159656,0.7683852497117573,0.7167012310159656,0.7683852497117573
0.77,0.0,0.77,0.77,0.66,0.0,0.66,0.66,0.7379216524328474,0.7477125858119825,0.7379216524328474,0.7477125858119825,0.7379216524328474,0.7477125858119825,-0.04979537836597784,0.0027589643721152696,-0.04979537836597784,0.0027589643721152696,-0.04979537836597784,0.0027589643721152696,0.7379216524328474,0.7477125858119825,0.7379216524328474,0.7477125858119825,0.7379216524328474,0.7477125858119825,0.7379216524328474,0.7477125858119825,0.7379216524328474,0.7477125858119825,0.7379216524328474,0.7477125858119825
0.75,0.0,0.75,0.75,0.65,0.0,0.65,0.65,0.6797246978003196,0.6095218585832101,0.6797246978003196,0.6095218585832101,0.6797246978003196,0.6095218585832101,-0.02615523957019177,-0.0018054543122677437,-0.02615523957019177,-0.0018054543122677437,-0.02615523957019177,-0.0018054543122677437,0.6797246978003196,0.6095218585832101,0.6797246978003196,0.6095218585832101,0.6797246978003196,0.6095218585832101,0.6797246978003196,0.6095218585832101,0.6797246978003196,0.6095218585832101,0.6797246978003196,0.6095218585832101
0.72,0.0,0.72,0.72,0.53,-0.0662431941923775,0.53,0.53,0.7122523268823646,0.6153863273126995,0.7122523268823646,0.6153863273126995,0.7122523268823646,0.6153863273126995,0.08117189388963902,0.07394470663880093,0.08117189388963902,0.07394470663880093,0.08117189388963902,0.07394470663880093,0.7122523268823646,0.6153863273126995,0.7122523268823646,0.6153863273126995,0.7122523268823646,0.6153863273126995,0.7122523268823646,0.6153863273126995,0.7122523268823646,0.6153863273126995,0.7122523268823646,0.6153863273126995
0.65,0.0,0.65,0.65,0.54,-0.1105746016417188,0.54,0.54,0.7258743833206595,0.6320371176201017,0.7258743833206595,0.6320371176201017,0.7258743833206595,0.6320371176201017,0.0835489086700495,0.10606338686029568,0.0835489086700495,0.10606338686029568,0.0835489086700495,0.10606338686029568,0.7258743833206595,0.6320371176201017,0.7258743833206595,0.6320371176201017,0.7258743833206595,0.6320371176201017,0.7258743833206595,0.6320371176201017,0.7258743833206595,0.6320371176201017,0.7258743833206595,0.6320371176201017
0.62,0.0,0.62,0.62,0.69,0.016497461928934,0.69,0.69,0.7062670626232554,0.609795810609183,0.7062670626232554,0.609795810609183,0.7062670626232554,0.609795810609183,0.08402668155268468,0.08638896515011804,0.08402668155268468,0.08638896515011804,0.08402668155268468,0.08638896515011804,0.7062670626232554,0.609795810609183,0.7062670626232554,0.609795810609183,0.7062670626232554,0.609795810609183,0.7062670626232554,0.609795810609183,0.7062670626232554,0.609795810609183,0.7062670626232554,0.609795810609183
0.54,0.0,0.54,0.54,0.6,-0.0395010395010395,0.6,0.6,0.7101272425574566,0.6119372893138781,0.7101272425574566,0.6119372893138781,0.7101272425574566,0.6119372893138781,0.08205367249178608,-0.0035738166808656786,0.08205367249178608,-0.0035738166808656786,0.08205367249178608,-0.0035738166808656786,0.7101272425574566,0.6119372893138781,0.7101272425574566,0.6119372893138781,0.7101272425574566,0.6119372893138781,0.7101272425574566,0.6119372893138781,0.7101272425574566,0.6119372893138781,0.7101272425574566,0.6119372893138781
0.55,0.0,0.55,0.55,0.64,0.0,0.64,0.64,0.6819705278068328,0.5729112400276385,0.6819705278068328,0.5729112400276385,0.6819705278068328,0.5729112400276385,0.08314551125182561,0.009819293177565738,0.08314551125182561,0.009819293177565738,0.08314551125182561,0.009819293177565738,0.6819705278068328,0.5729112400276385,0.6819705278068328,0.5729112400276385,0.6819705278068328,0.5729112400276385,0.6819705278068328,0.5729112400276385,0.6819705278068328,0.5729112400276385,0.6819705278068328,0.5729112400276385
0.6,0.0,0.6,0.6,0.6,0.0,0.6,0.6,0.751534602493118,0.6623511964550117,0.751534602493118,0.6623511964550117,0.751534602493118,0.6623511964550117,0.08300291045962707,0.0041019735938585995,0.08300291045962707,0.0041019735938585995,0.08300291045962707,0.0041019735938585995,0.751534602493118,0.6623511964550117,0.751534602493118,0.6623511964550117,0.751534602493118,0.6623511964550117,0.751534602493118,0.6623511964550117,0.751534602493118,0.6623511964550117,0.751534602493118,0.6623511964550117
0.72,0.306930693069307,0.72,0.72,0.59,0.0,0.59,0.59,0.7137133372486041,0.6270471391578735,0.7137133372486041,0.6270471391578735,0.7137133372486041,0.6270471391578735,0.30085699654682213,0.1714142846264606,0.30085699654682213,0.1714142846264606,0.30085699654682213,0.1714142846264606,0.7137133372486041,0.6270471391578735,0.7137133372486041,0.6270471391578735,0.7137133372486041,0.6270471391578735,0.7137133372486041,0.6270471391578735,0.7137133372486041,0.6270471391578735,0.7137133372486041,0.6270471391578735
0.52,0.148936170212766,0.52,0.52,0.67,0.0,0.67,0.67,0.6737598061044111,0.6196563147676253,0.6737598061044111,0.6196563147676253,0.6737598061044111,0.6196563147676253,0.11844044574894164,0.10229424690294814,0.11844044574894164,0.10229424690294814,0.11844044574894164,0.10229424690294814,0.6737598061044111,0.6196563147676253,0.6737598061044111,0.6196563147676253,0.6737598061044111,0.6196563147676253,0.6737598061044111,0.6196563147676253,0.6737598061044111,0.6196563147676253,0.6737598061044111,0.6196563147676253
0.58,0.1860465116279068,0.58,0.58,0.75,0.0,0.75,0.75,0.6473679475965077,0.588410977114805,0.6473679475965077,0.588410977114805,0.6473679475965077,0.588410977114805,0.10949709385026982,0.06207971990919886,0.10949709385026982,0.06207971990919886,0.10949709385026982,0.06207971990919886,0.6473679475965077,0.588410977114805,0.6473679475965077,0.588410977114805,0.6473679475965077,0.588410977114805,0.6473679475965077,0.588410977114805,0.6473679475965077,0.588410977114805,0.6473679475965077,0.588410977114805
0.64,0.0644490644490645,0.64,0.64,0.72,0.0,0.72,0.72,0.6850524250401894,0.5652607562459812,0.6850524250401894,0.5652607562459812,0.6850524250401894,0.5652607562459812,0.18268356356342372,0.24899770217868034,0.18268356356342372,0.24899770217868034,0.18268356356342372,0.24899770217868034,0.6850524250401894,0.5652607562459812,0.6850524250401894,0.5652607562459812,0.6850524250401894,0.5652607562459812,0.6850524250401894,0.5652607562459812,0.6850524250401894,0.5652607562459812,0.6850524250401894,0.5652607562459812
0.81,0.1425992779783392,0.81,0.81,0.59,0.0,0.59,0.59,0.7041817016894892,0.5973116334652391,0.7041817016894892,0.5973116334652391,0.7041817016894892,0.5973116334652391,0.24966012797957882,0.17824971459199912,0.24966012797957882,0.17824971459199912,0.24966012797957882,0.17824971459199912,0.7041817016894892,0.5973116334652391,0.7041817016894892,0.5973116334652391,0.7041817016894892,0.5973116334652391,0.7041817016894892,0.5973116334652391,0.7041817016894892,0.5973116334652391,0.7041817016894892,0.5973116334652391
0.83,0.1600790513833992,0.83,0.83,0.64,0.3074259330511736,0.64,0.64,0.7764714607868423,0.7299192560904227,0.7764714607868423,0.7299192560904227,0.7764714607868423,0.7299192560904227,0.3674860137398406,0.32653201219851463,0.3674860137398406,0.32653201219851463,0.3674860137398406,0.32653201219851463,0.7764714607868423,0.7299192560904227,0.7764714607868423,0.7299192560904227,0.7764714607868423,0.7299192560904227,0.7764714607868423,0.7299192560904227,0.7764714607868423,0.7299192560904227,0.7764714607868423,0.7299192560904227
0.85,0.0,0.85,0.85,0.58,0.2242334687846324,0.58,0.58,0.7586825127128188,0.7335207256187638,0.7586825127128188,0.7335207256187638,0.7586825127128188,0.7335207256187638,0.06932195729081332,-0.026604125710763652,0.06932195729081332,-0.026604125710763652,0.06932195729081332,-0.026604125710763652,0.7586825127128188,0.7335207256187638,0.7586825127128188,0.7335207256187638,0.7586825127128188,0.7335207256187638,0.7586825127128188,0.7335207256187638,0.7586825127128188,0.7335207256187638,0.7586825127128188,0.7335207256187638
0.7,0.0,0.7,0.7,0.72,0.4129979035639413,0.72,0.72,0.7654806945511675,0.7274532915583392,0.7654806945511675,0.7274532915583392,0.7654806945511675,0.7274532915583392,0.14550315246588463,0.06581342695146154,0.14550315246588463,0.06581342695146154,0.14550315246588463,0.06581342695146154,0.7654806945511675,0.7274532915583392,0.7654806945511675,0.7274532915583392,0.7654806945511675,0.7274532915583392,0.7654806945511675,0.7274532915583392,0.7654806945511675,0.7274532915583392,0.7654806945511675,0.7274532915583392
0.64,0.0,0.64,0.64,0.78,0.4387755102040817,0.78,0.78,0.6706856698076415,0.6031480746490031,0.6706856698076415,0.6031480746490031,0.6706856698076415,0.6031480746490031,0.10250234436363413,0.011313435175654417,0.10250234436363413,0.011313435175654417,0.10250234436363413,0.011313435175654417,0.6706856698076415,0.6031480746490031,0.6706856698076415,0.6031480746490031,0.6706856698076415,0.6031480746490031,0.6706856698076415,0.6031480746490031,0.6706856698076415,0.6031480746490031,0.6706856698076415,0.6031480746490031
0.59,0.0,0.59,0.59,0.77,0.0,0.77,0.77,0.6899256844497449,0.6159665865609427,0.6899256844497449,0.6159665865609427,0.6899256844497449,0.6159665865609427,0.10095195944939547,0.08019029872834761,0.10095195944939547,0.08019029872834761,0.10095195944939547,0.08019029872834761,0.6899256844497449,0.6159665865609427,0.6899256844497449,0.6159665865609427,0.6899256844497449,0.6159665865609427,0.6899256844497449,0.6159665865609427,0.6899256844497449,0.6159665865609427,0.6899256844497449,0.6159665865609427
0.64,0.0,0.64,0.64,0.75,0.0,0.75,0.75,0.7169673131968467,0.6652230256003814,0.7169673131968467,0.6652230256003814,0.7169673131968467,0.6652230256003814,0.07507152225130086,0.06364247696118623,0.07507152225130086,0.06364247696118623,0.07507152225130086,0.06364247696118623,0.7169673131968467,0.6652230256003814,0.7169673131968467,0.6652230256003814,0.7169673131968467,0.6652230256003814,0.7169673131968467,0.6652230256003814,0.7169673131968467,0.6652230256003814,0.7169673131968467,0.6652230256003814
0.76,0.4056463595839523,0.76,0.76,0.72,0.0,0.72,0.72,0.7523580794301487,0.6558033939840369,0.7523580794301487,0.6558033939840369,0.7523580794301487,0.6558033939840369,0.26076422296916363,0.20067785665171925,0.26076422296916363,0.20067785665171925,0.26076422296916363,0.20067785665171925,0.7523580794301487,0.6558033939840369,0.7523580794301487,0.6558033939840369,0.7523580794301487,0.6558033939840369,0.7523580794301487,0.6558033939840369,0.7523580794301487,0.6558033939840369,0.7523580794301487,0.6558033939840369
0.64,0.269183922046285,0.64,0.64,0.65,0.0,0.65,0.65,0.6511753918951549,0.6359155449444001,0.6511753918951549,0.6359155449444001,0.6511753918951549,0.6359155449444001,0.06435948504963016,0.16155969326503863,0.06435948504963016,0.16155969326503863,0.06435948504963016,0.16155969326503863,0.6511753918951549,0.6359155449444001,0.6511753918951549,0.6359155449444001,0.6511753918951549,0.6359155449444001,0.6511753918951549,0.6359155449444001,0.6511753918951549,0.6359155449444001,0.6511753918951549,0.6359155449444001
0.67,0.2984693877551021,0.67,0.67,0.62,0.0,0.62,0.62,0.6045906329711883,0.6377006313807313,0.6045906329711883,0.6377006313807313,0.6045906329711883,0.6377006313807313,0.05878450292790851,0.11480298583168777,0.05878450292790851,0.11480298583168777,0.05878450292790851,0.11480298583168777,0.6045906329711883,0.6377006313807313,0.6045906329711883,0.6377006313807313,0.6045906329711883,0.6377006313807313,0.6045906329711883,0.6377006313807313,0.6045906329711883,0.6377006313807313,0.6045906329711883,0.6377006313807313
0.63,0.0618661257606489,0.63,0.63,0.54,0.0,0.54,0.54,0.649610818137038,0.7426682334991276,0.649610818137038,0.7426682334991276,0.649610818137038,0.7426682334991276,0.040016887515869695,0.07752654777129166,0.040016887515869695,0.07752654777129166,0.040016887515869695,0.07752654777129166,0.649610818137038,0.7426682334991276,0.649610818137038,0.7426682334991276,0.649610818137038,0.7426682334991276,0.649610818137038,0.7426682334991276,0.649610818137038,0.7426682334991276,0.649610818137038,0.7426682334991276
0.66,0.0,0.66,0.66,0.55,0.0,0.55,0.55,0.623206511232673,0.6840384587870458,0.623206511232673,0.6840384587870458,0.623206511232673,0.6840384587870458,-0.047196338128742236,-0.08116913768525587,-0.047196338128742236,-0.08116913768525587,-0.047196338128742236,-0.08116913768525587,0.623206511232673,0.6840384587870458,0.623206511232673,0.6840384587870458,0.623206511232673,0.6840384587870458,0.623206511232673,0.6840384587870458,0.623206511232673,0.6840384587870458,0.623206511232673,0.6840384587870458
0.68,0.0,0.68,0.68,0.6,0.0,0.6,0.6,0.6377807129136183,0.5351858766381821,0.6377807129136183,0.5351858766381821,0.6377807129136183,0.5351858766381821,-0.05814353789389881,0.013115250366755291,-0.05814353789389881,0.013115250366755291,-0.05814353789389881,0.013115250366755291,0.6377807129136183,0.5351858766381821,0.6377807129136183,0.5351858766381821,0.6377807129136183,0.5351858766381821,0.6377807129136183,0.5351858766381821,0.6377807129136183,0.5351858766381821,0.6377807129136183,0.5351858766381821
0.64,0.0,0.64,0.64,0.72,0.306930693069307,0.72,0.72,0.6563041749931433,0.5603634497165727,0.6563041749931433,0.5603634497165727,0.6563041749931433,0.5603634497165727,0.020474956594221706,-0.04203022077913047,0.020474956594221706,-0.04203022077913047,0.020474956594221706,-0.04203022077913047,0.6563041749931433,0.5603634497165727,0.6563041749931433,0.5603634497165727,0.6563041749931433,0.5603634497165727,0.6563041749931433,0.5603634497165727,0.6563041749931433,0.5603634497165727,0.6563041749931433,0.5603634497165727
0.51,0.0,0.51,0.51,0.52,0.148936170212766,0.52,0.52,0.5726842345724795,0.5842248590251893,0.5726842345724795,0.5842248590251893,0.5726842345724795,0.5842248590251893,-0.09227051603348169,-0.06987627345400513,-0.09227051603348169,-0.06987627345400513,-0.09227051603348169,-0.06987627345400513,0.5726842345724795,0.5842248590251893,0.5726842345724795,0.5842248590251893,0.5726842345724795,0.5842248590251893,0.5726842345724795,0.5842248590251893,0.5726842345724795,0.5842248590251893,0.5726842345724795,0.5842248590251893
0.51,0.0,0.51,0.51,0.58,0.1860465116279068,0.58,0.58,0.5818664159051272,0.5323647152539895,0.5818664159051272,0.5323647152539895,0.5818664159051272,0.5323647152539895,-0.06699618004582561,-0.043248978515076524,-0.06699618004582561,-0.043248978515076524,-0.06699618004582561,-0.043248978515076524,0.5818664159051272,0.5323647152539895,0.5818664159051272,0.5323647152539895,0.5818664159051272,0.5323647152539895,0.5818664159051272,0.5323647152539895,0.5818664159051272,0.5323647152539895,0.5818664159051272,0.5323647152539895
0.58,0.0,0.58,0.58,0.64,0.0644490644490645,0.64,0.64,0.7045426743025731,0.5648735959229783,0.7045426743025731,0.5648735959229783,0.7045426743025731,0.5648735959229783,0.0067242475154503595,-0.029552405970322954,0.0067242475154503595,-0.029552405970322954,0.0067242475154503595,-0.029552405970322954,0.7045426743025731,0.5648735959229783,0.7045426743025731,0.5648735959229783,0.7045426743025731,0.5648735959229783,0.7045426743025731,0.5648735959229783,0.7045426743025731,0.5648735959229783,0.7045426743025731,0.5648735959229783
0.54,0.0,0.54,0.54,0.81,0.1425992779783392,0.81,0.81,0.6900836622024531,0.5749288173297343,0.6900836622024531,0.5749288173297343,0.6900836622024531,0.5749288173297343,0.0436118979003116,-0.05431274450045178,0.0436118979003116,-0.05431274450045178,0.0436118979003116,-0.05431274450045178,0.6900836622024531,0.5749288173297343,0.6900836622024531,0.5749288173297343,0.6900836622024531,0.5749288173297343,0.6900836622024531,0.5749288173297343,0.6900836622024531,0.5749288173297343,0.6900836622024531,0.5749288173297343
0.58,0.1938579654510556,0.58,0.58,0.83,0.1600790513833992,0.83,0.83,0.6857002038411598,0.5920568811780017,0.6857002038411598,0.5920568811780017,0.6857002038411598,0.5920568811780017,0.2903803662111803,0.169684107707242,0.2903803662111803,0.169684107707242,0.2903803662111803,0.169684107707242,0.6857002038411598,0.5920568811780017,0.6857002038411598,0.5920568811780017,0.6857002038411598,0.5920568811780017,0.6857002038411598,0.5920568811780017,0.6857002038411598,0.5920568811780017,0.6857002038411598,0.5920568811780017
0.6,0.2110453648915188,0.6,0.6,0.85,0.0,0.85,0.85,0.7169554718214132,0.6396847586247589,0.7169554718214132,0.6396847586247589,0.7169554718214132,0.6396847586247589,0.26536720210096043,0.1242807959348703,0.26536720210096043,0.1242807959348703,0.26536720210096043,0.1242807959348703,0.7169554718214132,0.6396847586247589,0.7169554718214132,0.6396847586247589,0.7169554718214132,0.6396847586247589,0.7169554718214132,0.6396847586247589,0.7169554718214132,0.6396847586247589,0.7169554718214132,0.6396847586247589
0.62,0.22920892494929,0.62,0.62,0.7,0.0,0.7,0.7,0.6987068621568195,0.6168701029879293,0.6987068621568195,0.6168701029879293,0.6987068621568195,0.6168701029879293,0.21806310994192024,0.12500828325813704,0.21806310994192024,0.12500828325813704,0.21806310994192024,0.12500828325813704,0.6987068621568195,0.6168701029879293,0.6987068621568195,0.6168701029879293,0.6987068621568195,0.6168701029879293,0.6987068621568195,0.6168701029879293,0.6987068621568195,0.6168701029879293,0.6987068621568195,0.6168701029879293
0.63,0.1613780598368087,0.63,0.63,0.64,0.0,0.64,0.64,0.736829391909329,0.5935860874373631,0.736829391909329,0.5935860874373631,0.736829391909329,0.5935860874373631,0.2447609816344517,0.043131406955106005,0.2447609816344517,0.043131406955106005,0.2447609816344517,0.043131406955106005,0.736829391909329,0.5935860874373631,0.736829391909329,0.5935860874373631,0.736829391909329,0.5935860874373631,0.736829391909329,0.5935860874373631,0.736829391909329,0.5935860874373631,0.736829391909329,0.5935860874373631
0.41,0.0,0.41,0.41,0.59,0.0,0.59,0.59,0.6620973784098332,0.6504834161891536,0.6620973784098332,0.6504834161891536,0.6620973784098332,0.6504834161891536,0.0015703064078037548,0.007453918631483404,0.0015703064078037548,0.007453918631483404,0.0015703064078037548,0.007453918631483404,0.6620973784098332,0.6504834161891536,0.6620973784098332,0.6504834161891536,0.6620973784098332,0.6504834161891536,0.6620973784098332,0.6504834161891536,0.6620973784098332,0.6504834161891536,0.6620973784098332,0.6504834161891536
0.41,0.0,0.41,0.41,0.64,0.0,0.64,0.64,0.7366012697390074,0.7511229361598732,0.7366012697390074,0.7511229361598732,0.7366012697390074,0.7511229361598732,0.026448297430319165,0.06088515287406198,0.026448297430319165,0.06088515287406198,0.026448297430319165,0.06088515287406198,0.7366012697390074,0.7511229361598732,0.7366012697390074,0.7511229361598732,0.7366012697390074,0.7511229361598732,0.7366012697390074,0.7511229361598732,0.7366012697390074,0.7511229361598732,0.7366012697390074,0.7511229361598732
0.57,0.070069204152249,0.57,0.57,0.76,0.4056463595839523,0.76,0.76,0.7014494652135909,0.6858305755170363,0.7014494652135909,0.6858305755170363,0.7014494652135909,0.6858305755170363,0.3298532465802539,0.37753892122643135,0.3298532465802539,0.37753892122643135,0.3298532465802539,0.37753892122643135,0.7014494652135909,0.6858305755170363,0.7014494652135909,0.6858305755170363,0.7014494652135909,0.6858305755170363,0.7014494652135909,0.6858305755170363,0.7014494652135909,0.6858305755170363,0.7014494652135909,0.6858305755170363
0.71,0.1233373639661425,0.71,0.71,0.64,0.269183922046285,0.64,0.64,0.7894864571122843,0.8135215878258815,0.7894864571122843,0.8135215878258815,0.7894864571122843,0.8135215878258815,0.40600734367903235,0.41788897740511904,0.40600734367903235,0.41788897740511904,0.40600734367903235,0.41788897740511904,0.7894864571122843,0.8135215878258815,0.7894864571122843,0.8135215878258815,0.7894864571122843,0.8135215878258815,0.7894864571122843,0.8135215878258815,0.7894864571122843,0.8135215878258815,0.7894864571122843,0.8135215878258815
0.77,0.161807580174927,0.77,0.77,0.67,0.2984693877551021,0.67,0.67,0.7553889974152951,0.7036206525994163,0.7553889974152951,0.7036206525994163,0.7553889974152951,0.7036206525994163,0.4123925988607783,0.3597370541844926,0.4123925988607783,0.3597370541844926,0.4123925988607783,0.3597370541844926,0.7553889974152951,0.7036206525994163,0.7553889974152951,0.7036206525994163,0.7553889974152951,0.7036206525994163,0.7553889974152951,0.7036206525994163,0.7553889974152951,0.7036206525994163,0.7553889974152951,0.7036206525994163
0.64,0.0,0.64,0.64,0.63,0.0618661257606489,0.63,0.63,0.6032962031417612,0.500332846736332,0.6032962031417612,0.500332846736332,0.6032962031417612,0.500332846736332,0.007695220239027019,-0.02195567994483548,0.007695220239027019,-0.02195567994483548,0.007695220239027019,-0.02195567994483548,0.6032962031417612,0.500332846736332,0.6032962031417612,0.500332846736332,0.6032962031417612,0.500332846736332,0.6032962031417612,0.500332846736332,0.6032962031417612,0.500332846736332,0.6032962031417612,0.500332846736332
0.53,0.0,0.53,0.53,0.66,0.0,0.66,0.66,0.6337486896762721,0.6776728226403703,0.6337486896762721,0.6776728226403703,0.6337486896762721,0.6776728226403703,-0.09923860042763796,0.09071679380972753,-0.09923860042763796,0.09071679380972753,-0.09923860042763796,0.09071679380972753,0.6337486896762721,0.6776728226403703,0.6337486896762721,0.6776728226403703,0.6337486896762721,0.6776728226403703,0.6337486896762721,0.6776728226403703,0.6337486896762721,0.6776728226403703,0.6337486896762721,0.6776728226403703
0.43,-0.1670761670761669,0.43,0.43,0.68,0.0,0.68,0.68,0.6839660123303265,0.649027561157569,0.6839660123303265,0.649027561157569,0.6839660123303265,0.649027561157569,0.22874926820636643,0.17972075370683102,0.22874926820636643,0.17972075370683102,0.22874926820636643,0.17972075370683102,0.6839660123303265,0.649027561157569,0.6839660123303265,0.649027561157569,0.6839660123303265,0.649027561157569,0.6839660123303265,0.649027561157569,0.6839660123303265,0.649027561157569,0.6839660123303265,0.649027561157569
0.59,-0.0512820512820513,0.59,0.59,0.64,0.0,0.64,0.64,0.6739474780381193,0.6530916922631543,0.6739474780381193,0.6530916922631543,0.6739474780381193,0.6530916922631543,0.14495919417151326,0.06403812115239294,0.14495919417151326,0.06403812115239294,0.14495919417151326,0.06403812115239294,0.6739474780381193,0.6530916922631543,0.6739474780381193,0.6530916922631543,0.6739474780381193,0.6530916922631543,0.6739474780381193,0.6530916922631543,0.6739474780381193,0.6530916922631543,0.6739474780381193,0.6530916922631543
0.74,0.1746031746031746,0.74,0.74,0.51,0.0,0.51,0.51,0.7022186019838168,0.6049272629131903,0.7022186019838168,0.6049272629131903,0.7022186019838168,0.6049272629131903,0.27019023767538536,0.1577376116126036,0.27019023767538536,0.1577376116126036,0.27019023767538536,0.1577376116126036,0.7022186019838168,0.6049272629131903,0.7022186019838168,0.6049272629131903,0.7022186019838168,0.6049272629131903,0.7022186019838168,0.6049272629131903,0.7022186019838168,0.6049272629131903,0.7022186019838168,0.6049272629131903
0.57,-0.1387711864406779,0.57,0.57,0.51,0.0,0.51,0.51,0.6523361662957397,0.5163060770773268,0.6523361662957397,0.5163060770773268,0.6523361662957397,0.5163060770773268,0.2170791317965847,0.01147708002265067,0.2170791317965847,0.01147708002265067,0.2170791317965847,0.01147708002265067,0.6523361662957397,0.5163060770773268,0.6523361662957397,0.5163060770773268,0.6523361662957397,0.5163060770773268,0.6523361662957397,0.5163060770773268,0.6523361662957397,0.5163060770773268,0.6523361662957397,0.5163060770773268
0.68,0.0,0.68,0.68,0.58,0.0,0.58,0.58,0.7095900552369722,0.6191002753890475,0.7095900552369722,0.6191002753890475,0.7095900552369722,0.6191002753890475,0.05009481816606857,0.043310232797115066,0.05009481816606857,0.043310232797115066,0.05009481816606857,0.043310232797115066,0.7095900552369722,0.6191002753890475,0.7095900552369722,0.6191002753890475,0.7095900552369722,0.6191002753890475,0.7095900552369722,0.6191002753890475,0.7095900552369722,0.6191002753890475,0.7095900552369722,0.6191002753890475
0.6,0.0,0.6,0.6,0.54,0.0,0.54,0.54,0.711964301613539,0.6212309967426505,0.711964301613539,0.6212309967426505,0.711964301613539,0.6212309967426505,0.041484135275786725,0.02555848029561873,0.041484135275786725,0.02555848029561873,0.041484135275786725,0.02555848029561873,0.711964301613539,0.6212309967426505,0.711964301613539,0.6212309967426505,0.711964301613539,0.6212309967426505,0.711964301613539,0.6212309967426505,0.711964301613539,0.6212309967426505,0.711964301613539,0.6212309967426505
0.67,0.0,0.67,0.67,0.58,0.1938579654510556,0.58,0.58,0.6675608210853294,0.5450902347110335,0.6675608210853294,0.5450902347110335,0.6675608210853294,0.5450902347110335,0.07632658919209688,0.04555258238815638,0.07632658919209688,0.04555258238815638,0.07632658919209688,0.04555258238815638,0.6675608210853294,0.5450902347110335,0.6675608210853294,0.5450902347110335,0.6675608210853294,0.5450902347110335,0.6675608210853294,0.5450902347110335,0.6675608210853294,0.5450902347110335,0.6675608210853294,0.5450902347110335
0.67,0.0,0.67,0.67,0.6,0.2110453648915188,0.6,0.6,0.7199551240334445,0.5902019772286822,0.7199551240334445,0.5902019772286822,0.7199551240334445,0.5902019772286822,0.08908898466066333,0.13479038173464286,0.08908898466066333,0.13479038173464286,0.08908898466066333,0.13479038173464286,0.7199551240334445,0.5902019772286822,0.7199551240334445,0.5902019772286822,0.7199551240334445,0.5902019772286822,0.7199551240334445,0.5902019772286822,0.7199551240334445,0.5902019772286822,0.7199551240334445,0.5902019772286822
0.64,0.0,0.64,0.64,0.62,0.22920892494929,0.62,0.62,0.7023517106155408,0.6203253471928615,0.7023517106155408,0.6203253471928615,0.7023517106155408,0.6203253471928615,0.06353396733619666,0.06627549606599197,0.06353396733619666,0.06627549606599197,0.06353396733619666,0.06627549606599197,0.7023517106155408,0.6203253471928615,0.7023517106155408,0.6203253471928615,0.7023517106155408,0.6203253471928615,0.7023517106155408,0.6203253471928615,0.7023517106155408,0.6203253471928615,0.7023517106155408,0.6203253471928615
0.54,0.0,0.54,0.54,0.63,0.1613780598368087,0.63,0.63,0.7068347258075149,0.6911132979529295,0.7068347258075149,0.6911132979529295,0.7068347258075149,0.6911132979529295,0.022988675518368855,0.057818154435262115,0.022988675518368855,0.057818154435262115,0.022988675518368855,0.057818154435262115,0.7068347258075149,0.6911132979529295,0.7068347258075149,0.6911132979529295,0.7068347258075149,0.6911132979529295,0.7068347258075149,0.6911132979529295,0.7068347258075149,0.6911132979529295,0.7068347258075149,0.6911132979529295
0.58,0.0,0.58,0.58,0.41,0.0,0.41,0.41,0.6489873799476642,0.6203085289238244,0.6489873799476642,0.6203085289238244,0.6489873799476642,0.6203085289238244,-0.10881761631344342,-0.16719749572939463,-0.10881761631344342,-0.16719749572939463,-0.10881761631344342,-0.16719749572939463,0.6489873799476642,0.6203085289238244,0.6489873799476642,0.6203085289238244,0.6489873799476642,0.6203085289238244,0.6489873799476642,0.6203085289238244,0.6489873799476642,0.6203085289238244,0.6489873799476642,0.6203085289238244
0.71,-0.0386819484240688,0.71,0.71,0.41,0.0,0.41,0.41,0.7028788725125751,0.732290713071515,0.7028788725125751,0.732290713071515,0.7028788725125751,0.732290713071515,0.03602056507625361,0.06659934545439014,0.03602056507625361,0.06659934545439014,0.03602056507625361,0.06659934545439014,0.7028788725125751,0.732290713071515,0.7028788725125751,0.732290713071515,0.7028788725125751,0.732290713071515,0.7028788725125751,0.732290713071515,0.7028788725125751,0.732290713071515,0.7028788725125751,0.732290713071515
0.7,0.1740088105726872,0.7,0.7,0.57,0.070069204152249,0.57,0.57,0.7553951726552414,0.7235551824141035,0.7553951726552414,0.7235551824141035,0.7553951726552414,0.7235551824141035,0.09969717094919911,0.11769466283983117,0.09969717094919911,0.11769466283983117,0.09969717094919911,0.11769466283983117,0.7553951726552414,0.7235551824141035,0.7553951726552414,0.7235551824141035,0.7553951726552414,0.7235551824141035,0.7553951726552414,0.7235551824141035,0.7553951726552414,0.7235551824141035,0.7553951726552414,0.7235551824141035
0.6,0.0892531876138433,0.6,0.6,0.71,0.1233373639661425,0.71,0.71,0.6481991395414651,0.5765887094361554,0.6481991395414651,0.5765887094361554,0.6481991395414651,0.5765887094361554,0.2642901432305239,0.13766993088082952,0.2642901432305239,0.13766993088082952,0.2642901432305239,0.13766993088082952,0.6481991395414651,0.5765887094361554,0.6481991395414651,0.5765887094361554,0.6481991395414651,0.5765887094361554,0.6481991395414651,0.5765887094361554,0.6481991395414651,0.5765887094361554,0.6481991395414651,0.5765887094361554
0.56,0.0630323679727425,0.56,0.56,0.77,0.161807580174927,0.77,0.77,0.7146080402652965,0.6291734182849301,0.7146080402652965,0.6291734182849301,0.7146080402652965,0.6291734182849301,0.2577439026713192,0.09646925921501813,0.2577439026713192,0.09646925921501813,0.2577439026713192,0.09646925921501813,0.7146080402652965,0.6291734182849301,0.7146080402652965,0.6291734182849301,0.7146080402652965,0.6291734182849301,0.7146080402652965,0.6291734182849301,0.7146080402652965,0.6291734182849301,0.7146080402652965,0.6291734182849301
0.56,0.0,0.56,0.56,0.64,0.0,0.64,0.64,0.6421878273141047,0.5518896965028468,0.6421878273141047,0.5518896965028468,0.6421878273141047,0.5518896965028468,0.0322645289876827,0.05617320571957843,0.0322645289876827,0.05617320571957843,0.0322645289876827,0.05617320571957843,0.6421878273141047,0.5518896965028468,0.6421878273141047,0.5518896965028468,0.6421878273141047,0.5518896965028468,0.6421878273141047,0.5518896965028468,0.6421878273141047,0.5518896965028468,0.6421878273141047,0.5518896965028468
0.6,0.0,0.6,0.6,0.53,0.0,0.53,0.53,0.5879291710021713,0.6430902818759444,0.5879291710021713,0.6430902818759444,0.5879291710021713,0.6430902818759444,-0.03831941232323321,0.010864482273380332,-0.03831941232323321,0.010864482273380332,-0.03831941232323321,0.010864482273380332,0.5879291710021713,0.6430902818759444,0.5879291710021713,0.6430902818759444,0.5879291710021713,0.6430902818759444,0.5879291710021713,0.6430902818759444,0.5879291710021713,0.6430902818759444,0.5879291710021713,0.6430902818759444
0.72,0.0,0.72,0.72,0.43,-0.1670761670761669,0.43,0.43,0.7095596000279696,0.680811186916625,0.7095596000279696,0.680811186916625,0.7095596000279696,0.680811186916625,-0.01737464958586018,0.11350399285017373,-0.01737464958586018,0.11350399285017373,-0.01737464958586018,0.11350399285017373,0.7095596000279696,0.680811186916625,0.7095596000279696,0.680811186916625,0.7095596000279696,0.680811186916625,0.7095596000279696,0.680811186916625,0.7095596000279696,0.680811186916625,0.7095596000279696,0.680811186916625
0.72,0.0,0.72,0.72,0.59,-0.0512820512820513,0.59,0.59,0.7748044450378566,0.7414999774739643,0.7748044450378566,0.7414999774739643,0.7748044450378566,0.7414999774739643,-0.004536310528419535,0.047583133531398356,-0.004536310528419535,0.047583133531398356,-0.004536310528419535,0.047583133531398356,0.7748044450378566,0.7414999774739643,0.7748044450378566,0.7414999774739643,0.7748044450378566,0.7414999774739643,0.7748044450378566,0.7414999774739643,0.7748044450378566,0.7414999774739643,0.7748044450378566,0.7414999774739643
0.65,0.0,0.65,0.65,0.74,0.1746031746031746,0.74,0.74,0.759990506399591,0.7499214011972327,0.759990506399591,0.7499214011972327,0.759990506399591,0.7499214011972327,0.0477023511482435,0.045711562037058034,0.0477023511482435,0.045711562037058034,0.0477023511482435,0.045711562037058034,0.759990506399591,0.7499214011972327,0.759990506399591,0.7499214011972327,0.759990506399591,0.7499214011972327,0.759990506399591,0.7499214011972327,0.759990506399591,0.7499214011972327,0.759990506399591,0.7499214011972327
0.59,0.0,0.59,0.59,0.57,-0.1387711864406779,0.57,0.57,0.6983157268732616,0.7076431409600894,0.6983157268732616,0.7076431409600894,0.6983157268732616,0.7076431409600894,0.01852647296454146,-0.00593754350224694,0.01852647296454146,-0.00593754350224694,0.01852647296454146,-0.00593754350224694,0.6983157268732616,0.7076431409600894,0.6983157268732616,0.7076431409600894,0.6983157268732616,0.7076431409600894,0.6983157268732616,0.7076431409600894,0.6983157268732616,0.7076431409600894,0.6983157268732616,0.7076431409600894
0.43,0.0,0.43,0.43,0.68,0.0,0.68,0.68,0.6804205516161042,0.7289442680868443,0.6804205516161042,0.7289442680868443,0.6804205516161042,0.7289442680868443,0.04676820620466175,0.022860284544616544,0.04676820620466175,0.022860284544616544,0.04676820620466175,0.022860284544616544,0.6804205516161042,0.7289442680868443,0.6804205516161042,0.7289442680868443,0.6804205516161042,0.7289442680868443,0.6804205516161042,0.7289442680868443,0.6804205516161042,0.7289442680868443,0.6804205516161042,0.7289442680868443
0.57,0.1542092840283242,0.57,0.57,0.6,0.0,0.6,0.6,0.6824076388753048,0.6409239373043512,0.6824076388753048,0.6409239373043512,0.6824076388753048,0.6409239373043512,0.2594352176190747,0.04341069092822943,0.2594352176190747,0.04341069092822943,0.2594352176190747,0.04341069092822943,0.6824076388753048,0.6409239373043512,0.6824076388753048,0.6409239373043512,0.6824076388753048,0.6409239373043512,0.6824076388753048,0.6409239373043512,0.6824076388753048,0.6409239373043512,0.6824076388753048,0.6409239373043512
0.62,0.24,0.62,0.62,0.67,0.0,0.67,0.67,0.701471830479389,0.5671192226995643,0.701471830479389,0.5671192226995643,0.701471830479389,0.5671192226995643,0.2116768540948229,0.22418970551338457,0.2116768540948229,0.22418970551338457,0.2116768540948229,0.22418970551338457,0.701471830479389,0.5671192226995643,0.701471830479389,0.5671192226995643,0.701471830479389,0.5671192226995643,0.701471830479389,0.5671192226995643,0.701471830479389,0.5671192226995643,0.701471830479389,0.5671192226995643
0.62,0.24,0.62,0.62,0.67,0.0,0.67,0.67,0.6761609645925781,0.6503736088832833,0.6761609645925781,0.6503736088832833,0.6761609645925781,0.6503736088832833,0.16785199227186479,0.1804125747225199,0.16785199227186479,0.1804125747225199,0.16785199227186479,0.1804125747225199,0.6761609645925781,0.6503736088832833,0.6761609645925781,0.6503736088832833,0.6761609645925781,0.6503736088832833,0.6761609645925781,0.6503736088832833,0.6761609645925781,0.6503736088832833,0.6761609645925781,0.6503736088832833
0.63,0.26,0.63,0.63,0.64,0.0,0.64,0.64,0.6876232425722296,0.6488982614084722,0.6876232425722296,0.6488982614084722,0.6876232425722296,0.6488982614084722,0.303206238165051,0.24243904630832924,0.303206238165051,0.24243904630832924,0.303206238165051,0.24243904630832924,0.6876232425722296,0.6488982614084722,0.6876232425722296,0.6488982614084722,0.6876232425722296,0.6488982614084722,0.6876232425722296,0.6488982614084722,0.6876232425722296,0.6488982614084722,0.6876232425722296,0.6488982614084722
0.65,0.0352811466372657,0.65,0.65,0.54,0.0,0.54,0.54,0.7559714730179844,0.6992243069902231,0.7559714730179844,0.6992243069902231,0.7559714730179844,0.6992243069902231,0.35732923210283785,0.15345437925638858,0.35732923210283785,0.15345437925638858,0.35732923210283785,0.15345437925638858,0.7559714730179844,0.6992243069902231,0.7559714730179844,0.6992243069902231,0.7559714730179844,0.6992243069902231,0.7559714730179844,0.6992243069902231,0.7559714730179844,0.6992243069902231,0.7559714730179844,0.6992243069902231
0.74,0.0997229916897507,0.74,0.74,0.58,0.0,0.58,0.58,0.6833009480921225,0.6555009055800721,0.6833009480921225,0.6555009055800721,0.6833009480921225,0.6555009055800721,0.2552478868756489,0.36323758120616706,0.2552478868756489,0.36323758120616706,0.2552478868756489,0.36323758120616706,0.6833009480921225,0.6555009055800721,0.6833009480921225,0.6555009055800721,0.6833009480921225,0.6555009055800721,0.6833009480921225,0.6555009055800721,0.6833009480921225,0.6555009055800721,0.6833009480921225,0.6555009055800721
0.76,0.1097922848664688,0.76,0.76,0.71,-0.0386819484240688,0.71,0.71,0.8080976102263264,0.779089052281491,0.8080976102263264,0.779089052281491,0.8080976102263264,0.779089052281491,0.3904909619864941,0.35058242182459787,0.3904909619864941,0.35058242182459787,0.3904909619864941,0.35058242182459787,0.8080976102263264,0.779089052281491,0.8080976102263264,0.779089052281491,0.8080976102263264,0.779089052281491,0.8080976102263264,0.779089052281491,0.8080976102263264,0.779089052281491,0.8080976102263264,0.779089052281491
0.75,0.0558912386706947,0.75,0.75,0.7,0.1740088105726872,0.7,0.7,0.7652214219904203,0.7098496399901193,0.7652214219904203,0.7098496399901193,0.7652214219904203,0.7098496399901193,0.38672636650933867,0.13461156340549618,0.38672636650933867,0.13461156340549618,0.38672636650933867,0.13461156340549618,0.7652214219904203,0.7098496399901193,0.7652214219904203,0.7098496399901193,0.7652214219904203,0.7098496399901193,0.7652214219904203,0.7098496399901193,0.7652214219904203,0.7098496399901193,0.7652214219904203,0.7098496399901193
0.76,0.0,0.76,0.76,0.6,0.0892531876138433,0.6,0.6,0.7331665708688823,0.7535753818343663,0.7331665708688823,0.7535753818343663,0.7331665708688823,0.7535753818343663,0.14793877595026195,0.10583361850143982,0.14793877595026195,0.10583361850143982,0.14793877595026195,0.10583361850143982,0.7331665708688823,0.7535753818343663,0.7331665708688823,0.7535753818343663,0.7331665708688823,0.7535753818343663,0.7331665708688823,0.7535753818343663,0.7331665708688823,0.7535753818343663,0.7331665708688823,0.7535753818343663
0.81,0.0,0.81,0.81,0.56,0.0630323679727425,0.56,0.56,0.7567328457182043,0.7872615902678886,0.7567328457182043,0.7872615902678886,0.7567328457182043,0.7872615902678886,0.012798110249371716,0.10426369970044691,0.012798110249371716,0.10426369970044691,0.012798110249371716,0.10426369970044691,0.7567328457182043,0.7872615902678886,0.7567328457182043,0.7872615902678886,0.7567328457182043,0.7872615902678886,0.7567328457182043,0.7872615902678886,0.7567328457182043,0.7872615902678886,0.7567328457182043,0.7872615902678886
0.69,0.0,0.69,0.69,0.56,0.0,0.56,0.56,0.7489795713760625,0.7978986539496375,0.7489795713760625,0.7978986539496375,0.7489795713760625,0.7978986539496375,0.03968486755561874,0.08203393796663998,0.03968486755561874,0.08203393796663998,0.03968486755561874,0.08203393796663998,0.7489795713760625,0.7978986539496375,0.7489795713760625,0.7978986539496375,0.7489795713760625,0.7978986539496375,0.7489795713760625,0.7978986539496375,0.7489795713760625,0.7978986539496375,0.7489795713760625,0.7978986539496375
0.74,0.0,0.74,0.74,0.6,0.0,0.6,0.6,0.7161942309148628,0.7520153167301745,0.7161942309148628,0.7520153167301745,0.7161942309148628,0.7520153167301745,0.011972887971213014,-0.014634216206832707,0.011972887971213014,-0.014634216206832707,0.011972887971213014,-0.014634216206832707,0.7161942309148628,0.7520153167301745,0.7161942309148628,0.7520153167301745,0.7161942309148628,0.7520153167301745,0.7161942309148628,0.7520153167301745,0.7161942309148628,0.7520153167301745,0.7161942309148628,0.7520153167301745
0.71,0.2319915254237288,0.71,0.71,0.72,0.0,0.72,0.72,0.668528899990972,0.6630834613872397,0.668528899990972,0.6630834613872397,0.668528899990972,0.6630834613872397,0.0836687854491753,0.19726968245659646,0.0836687854491753,0.19726968245659646,0.0836687854491753,0.19726968245659646,0.668528899990972,0.6630834613872397,0.668528899990972,0.6630834613872397,0.668528899990972,0.6630834613872397,0.668528899990972,0.6630834613872397,0.668528899990972,0.6630834613872397,0.668528899990972,0.6630834613872397
0.71,0.2319915254237288,0.71,0.71,0.72,0.0,0.72,0.72,0.6498075765001818,0.5966799645196876,0.6498075765001818,0.5966799645196876,0.6498075765001818,0.5966799645196876,0.12464355614688427,0.012400375729458733,0.12464355614688427,0.012400375729458733,0.12464355614688427,0.012400375729458733,0.6498075765001818,0.5966799645196876,0.6498075765001818,0.5966799645196876,0.6498075765001818,0.5966799645196876,0.6498075765001818,0.5966799645196876,0.6498075765001818,0.5966799645196876,0.6498075765001818,0.5966799645196876
0.63,0.1498161764705882,0.63,0.63,0.65,0.0,0.65,0.65,0.6624483623433439,0.6154547491951832,0.6624483623433439,0.6154547491951832,0.6624483623433439,0.6154547491951832,0.15589383185635747,0.10376771190130371,0.15589383185635747,0.10376771190130371,0.15589383185635747,0.10376771190130371,0.6624483623433439,0.6154547491951832,0.6624483623433439,0.6154547491951832,0.6624483623433439,0.6154547491951832,0.6624483623433439,0.6154547491951832,0.6624483623433439,0.6154547491951832,0.6624483623433439,0.6154547491951832
0.42,-0.0055478502080441,0.42,0.42,0.59,0.0,0.59,0.59,0.6007664318953052,0.4896021114526538,0.6007664318953052,0.4896021114526538,0.6007664318953052,0.4896021114526538,0.13802701970587455,0.06495060466989691,0.13802701970587455,0.06495060466989691,0.13802701970587455,0.06495060466989691,0.6007664318953052,0.4896021114526538,0.6007664318953052,0.4896021114526538,0.6007664318953052,0.4896021114526538,0.6007664318953052,0.4896021114526538,0.6007664318953052,0.4896021114526538,0.6007664318953052,0.4896021114526538
0.4,0.0,0.4,0.4,0.43,0.0,0.43,0.43,0.6784870935294952,0.6364135702595343,0.6784870935294952,0.6364135702595343,0.6784870935294952,0.6364135702595343,0.05046073784581568,-0.03476087554227631,0.05046073784581568,-0.03476087554227631,0.05046073784581568,-0.03476087554227631,0.6784870935294952,0.6364135702595343,0.6784870935294952,0.6364135702595343,0.6784870935294952,0.6364135702595343,0.6784870935294952,0.6364135702595343,0.6784870935294952,0.6364135702595343,0.6784870935294952,0.6364135702595343
0.39,0.0,0.39,0.39,0.57,0.1542092840283242,0.57,0.57,0.7022013911891994,0.7105699743629484,0.7022013911891994,0.7105699743629484,0.7022013911891994,0.7105699743629484,0.034713740883687366,0.09068121708665781,0.034713740883687366,0.09068121708665781,0.034713740883687366,0.09068121708665781,0.7022013911891994,0.7105699743629484,0.7022013911891994,0.7105699743629484,0.7022013911891994,0.7105699743629484,0.7022013911891994,0.7105699743629484,0.7022013911891994,0.7105699743629484,0.7022013911891994,0.7105699743629484
0.48,0.0,0.48,0.48,0.62,0.24,0.62,0.62,0.6772685399877285,0.6441953814547748,0.6772685399877285,0.6441953814547748,0.6772685399877285,0.6441953814547748,-0.005241877285712206,0.01443236882161119,-0.005241877285712206,0.01443236882161119,-0.005241877285712206,0.01443236882161119,0.6772685399877285,0.6441953814547748,0.6772685399877285,0.6441953814547748,0.6772685399877285,0.6441953814547748,0.6772685399877285,0.6441953814547748,0.6772685399877285,0.6441953814547748,0.6772685399877285,0.6441953814547748
0.58,0.0,0.58,0.58,0.62,0.24,0.62,0.62,0.6310895834946093,0.695627894477216,0.6310895834946093,0.695627894477216,0.6310895834946093,0.695627894477216,-0.01919482425924506,0.11252080480778709,-0.01919482425924506,0.11252080480778709,-0.01919482425924506,0.11252080480778709,0.6310895834946093,0.695627894477216,0.6310895834946093,0.695627894477216,0.6310895834946093,0.695627894477216,0.6310895834946093,0.695627894477216,0.6310895834946093,0.695627894477216,0.6310895834946093,0.695627894477216
0.72,0.0,0.72,0.72,0.63,0.26,0.63,0.63,0.7429632445973146,0.8368305884921081,0.7429632445973146,0.8368305884921081,0.7429632445973146,0.8368305884921081,-0.0019476548519570334,0.1585081058824612,-0.0019476548519570334,0.1585081058824612,-0.0019476548519570334,0.1585081058824612,0.7429632445973146,0.8368305884921081,0.7429632445973146,0.8368305884921081,0.7429632445973146,0.8368305884921081,0.7429632445973146,0.8368305884921081,0.7429632445973146,0.8368305884921081,0.7429632445973146,0.8368305884921081
0.76,0.0,0.76,0.76,0.65,0.0352811466372657,0.65,0.65,0.7457471236124086,0.7656249548507824,0.7457471236124086,0.7656249548507824,0.7457471236124086,0.7656249548507824,-0.01566189682074487,0.14133395386530886,-0.01566189682074487,0.14133395386530886,-0.01566189682074487,0.14133395386530886,0.7457471236124086,0.7656249548507824,0.7457471236124086,0.7656249548507824,0.7457471236124086,0.7656249548507824,0.7457471236124086,0.7656249548507824,0.7457471236124086,0.7656249548507824,0.7457471236124086,0.7656249548507824
0.77,0.0,0.77,0.77,0.74,0.0997229916897507,0.74,0.74,0.5532410623018525,0.5882850935919801,0.5532410623018525,0.5882850935919801,0.5532410623018525,0.5882850935919801,-0.06515373280560442,-0.0582229481785587,-0.06515373280560442,-0.0582229481785587,-0.06515373280560442,-0.0582229481785587,0.5532410623018525,0.5882850935919801,0.5532410623018525,0.5882850935919801,0.5532410623018525,0.5882850935919801,0.5532410623018525,0.5882850935919801,0.5532410623018525,0.5882850935919801,0.5532410623018525,0.5882850935919801
0.62,0.121996303142329,0.62,0.62,0.76,0.1097922848664688,0.76,0.76,0.5585535683534084,0.6486221009553438,0.5585535683534084,0.6486221009553438,0.5585535683534084,0.6486221009553438,0.03402329142472422,0.05699414360629952,0.03402329142472422,0.05699414360629952,0.03402329142472422,0.05699414360629952,0.5585535683534084,0.6486221009553438,0.5585535683534084,0.6486221009553438,0.5585535683534084,0.6486221009553438,0.5585535683534084,0.6486221009553438,0.5585535683534084,0.6486221009553438,0.5585535683534084,0.6486221009553438
0.69,0.2234468937875752,0.69,0.69,0.75,0.0558912386706947,0.75,0.75,0.6460050075021696,0.6605195985797564,0.6460050075021696,0.6605195985797564,0.6460050075021696,0.6605195985797564,0.0783384268616458,0.1275666290026821,0.0783384268616458,0.1275666290026821,0.0783384268616458,0.1275666290026821,0.6460050075021696,0.6605195985797564,0.6460050075021696,0.6605195985797564,0.6460050075021696,0.6605195985797564,0.6460050075021696,0.6605195985797564,0.6460050075021696,0.6605195985797564,0.6460050075021696,0.6605195985797564
0.76,0.3435448577680525,0.76,0.76,0.76,0.0,0.76,0.76,0.6445170338728597,0.682655254602719,0.6445170338728597,0.682655254602719,0.6445170338728597,0.682655254602719,0.1531211243390086,0.1404574723003113,0.1531211243390086,0.1404574723003113,0.1531211243390086,0.1404574723003113,0.6445170338728597,0.682655254602719,0.6445170338728597,0.682655254602719,0.6445170338728597,0.682655254602719,0.6445170338728597,0.682655254602719,0.6445170338728597,0.682655254602719,0.6445170338728597,0.682655254602719
0.69,0.0893066980023501,0.69,0.69,0.81,0.0,0.81,0.81,0.6613698555832621,0.6759134699613636,0.6613698555832621,0.6759134699613636,0.6613698555832621,0.6759134699613636,0.07425784077972866,0.11252041396093497,0.07425784077972866,0.11252041396093497,0.07425784077972866,0.11252041396093497,0.6613698555832621,0.6759134699613636,0.6613698555832621,0.6759134699613636,0.6613698555832621,0.6759134699613636,0.6613698555832621,0.6759134699613636,0.6613698555832621,0.6759134699613636,0.6613698555832621,0.6759134699613636
0.56,0.0,0.56,0.56,0.69,0.0,0.69,0.69,0.6208393111492823,0.6424945767947694,0.6208393111492823,0.6424945767947694,0.6208393111492823,0.6424945767947694,-0.012002967206289272,0.03514238617662236,-0.012002967206289272,0.03514238617662236,-0.012002967206289272,0.03514238617662236,0.6208393111492823,0.6424945767947694,0.6208393111492823,0.6424945767947694,0.6208393111492823,0.6424945767947694,0.6208393111492823,0.6424945767947694,0.6208393111492823,0.6424945767947694,0.6208393111492823,0.6424945767947694
0.46,0.0,0.46,0.46,0.74,0.0,0.74,0.74,0.5976395583137072,0.5823769102470937,0.5976395583137072,0.5823769102470937,0.5976395583137072,0.5823769102470937,-0.019047234208428493,0.010251221299085992,-0.019047234208428493,0.010251221299085992,-0.019047234208428493,0.010251221299085992,0.5976395583137072,0.5823769102470937,0.5976395583137072,0.5823769102470937,0.5976395583137072,0.5823769102470937,0.5976395583137072,0.5823769102470937,0.5976395583137072,0.5823769102470937,0.5976395583137072,0.5823769102470937
0.31,0.0,0.31,0.31,0.71,0.2319915254237288,0.71,0.71,0.6003030308915007,0.6421554176704328,0.6003030308915007,0.6421554176704328,0.6003030308915007,0.6421554176704328,0.00502443120035852,-0.0013492632282266562,0.00502443120035852,-0.0013492632282266562,0.00502443120035852,-0.0013492632282266562,0.6003030308915007,0.6421554176704328,0.6003030308915007,0.6421554176704328,0.6003030308915007,0.6421554176704328,0.6003030308915007,0.6421554176704328,0.6003030308915007,0.6421554176704328,0.6003030308915007,0.6421554176704328
0.53,0.0,0.53,0.53,0.71,0.2319915254237288,0.71,0.71,0.624815035627224,0.6330122710719013,0.624815035627224,0.6330122710719013,0.624815035627224,0.6330122710719013,0.014769261579091393,0.04674611578556947,0.014769261579091393,0.04674611578556947,0.014769261579091393,0.04674611578556947,0.624815035627224,0.6330122710719013,0.624815035627224,0.6330122710719013,0.624815035627224,0.6330122710719013,0.624815035627224,0.6330122710719013,0.624815035627224,0.6330122710719013,0.624815035627224,0.6330122710719013
0.7,0.0,0.7,0.7,0.63,0.1498161764705882,0.63,0.63,0.610430060415641,0.7395631871516214,0.610430060415641,0.7395631871516214,0.610430060415641,0.7395631871516214,-0.002621605652081596,0.019768459107306777,-0.002621605652081596,0.019768459107306777,-0.002621605652081596,0.019768459107306777,0.610430060415641,0.7395631871516214,0.610430060415641,0.7395631871516214,0.610430060415641,0.7395631871516214,0.610430060415641,0.7395631871516214,0.610430060415641,0.7395631871516214,0.610430060415641,0.7395631871516214
0.74,0.0,0.74,0.74,0.42,-0.0055478502080441,0.42,0.42,0.7438017495781875,0.7820342411712536,0.7438017495781875,0.7820342411712536,0.7438017495781875,0.7820342411712536,0.0037848365196053438,0.02337376436051391,0.0037848365196053438,0.02337376436051391,0.0037848365196053438,0.02337376436051391,0.7438017495781875,0.7820342411712536,0.7438017495781875,0.7820342411712536,0.7438017495781875,0.7820342411712536,0.7438017495781875,0.7820342411712536,0.7438017495781875,0.7820342411712536,0.7438017495781875,0.7820342411712536
0.74,0.0,0.74,0.74,0.4,0.0,0.4,0.4,0.5924371335163349,0.6483831112775444,0.5924371335163349,0.6483831112775444,0.5924371335163349,0.6483831112775444,0.013241807420103651,-0.010926885309193545,0.013241807420103651,-0.010926885309193545,0.013241807420103651,-0.010926885309193545,0.5924371335163349,0.6483831112775444,0.5924371335163349,0.6483831112775444,0.5924371335163349,0.6483831112775444,0.5924371335163349,0.6483831112775444,0.5924371335163349,0.6483831112775444,0.5924371335163349,0.6483831112775444
0.61,0.2523006134969324,0.61,0.61,0.39,0.0,0.39,0.39,0.6292976802288194,0.6812030881851614,0.6292976802288194,0.6812030881851614,0.6292976802288194,0.6812030881851614,0.07929735614914106,0.1588756832008137,0.07929735614914106,0.1588756832008137,0.07929735614914106,0.1588756832008137,0.6292976802288194,0.6812030881851614,0.6292976802288194,0.6812030881851614,0.6292976802288194,0.6812030881851614,0.6292976802288194,0.6812030881851614,0.6292976802288194,0.6812030881851614,0.6292976802288194,0.6812030881851614
0.64,0.3150684931506849,0.64,0.64,0.48,0.0,0.48,0.48,0.6428994374806483,0.6565106646859427,0.6428994374806483,0.6565106646859427,0.6428994374806483,0.6565106646859427,0.19392448683233507,0.24650933086659618,0.19392448683233507,0.24650933086659618,0.19392448683233507,0.24650933086659618,0.6428994374806483,0.6565106646859427,0.6428994374806483,0.6565106646859427,0.6428994374806483,0.6565106646859427,0.6428994374806483,0.6565106646859427,0.6428994374806483,0.6565106646859427,0.6428994374806483,0.6565106646859427
0.66,0.3369734789391576,0.66,0.66,0.58,0.0,0.58,0.58,0.5708779674840295,0.6168528037245538,0.5708779674840295,0.6168528037245538,0.5708779674840295,0.6168528037245538,0.15813594658264019,0.1646471039301492,0.15813594658264019,0.1646471039301492,0.15813594658264019,0.1646471039301492,0.5708779674840295,0.6168528037245538,0.5708779674840295,0.6168528037245538,0.5708779674840295,0.6168528037245538,0.5708779674840295,0.6168528037245538,0.5708779674840295,0.6168528037245538,0.5708779674840295,0.6168528037245538
0.6,0.2435703479576398,0.6,0.6,0.72,0.0,0.72,0.72,0.600174623452637,0.6600236283321894,0.600174623452637,0.6600236283321894,0.600174623452637,0.6600236283321894,0.028261366043878217,0.13052097226664194,0.028261366043878217,0.13052097226664194,0.028261366043878217,0.13052097226664194,0.600174623452637,0.6600236283321894,0.600174623452637,0.6600236283321894,0.600174623452637,0.6600236283321894,0.600174623452637,0.6600236283321894,0.600174623452637,0.6600236283321894,0.600174623452637,0.6600236283321894
0.5,0.0,0.5,0.5,0.76,0.0,0.76,0.76,0.5251358643893077,0.5472608990713254,0.5251358643893077,0.5472608990713254,0.5251358643893077,0.5472608990713254,-0.025145562696048243,-0.017500973506167868,-0.025145562696048243,-0.017500973506167868,-0.025145562696048243,-0.017500973506167868,0.5251358643893077,0.5472608990713254,0.5251358643893077,0.5472608990713254,0.5251358643893077,0.5472608990713254,0.5251358643893077,0.5472608990713254,0.5251358643893077,0.5472608990713254,0.5251358643893077,0.5472608990713254
0.4,0.0,0.4,0.4,0.77,0.0,0.77,0.77,0.5481856989646338,0.5492816327721206,0.5481856989646338,0.5492816327721206,0.5481856989646338,0.5492816327721206,-0.028896724203624043,-0.027048217247333327,-0.028896724203624043,-0.027048217247333327,-0.028896724203624043,-0.027048217247333327,0.5481856989646338,0.5492816327721206,0.5481856989646338,0.5492816327721206,0.5481856989646338,0.5492816327721206,0.5481856989646338,0.5492816327721206,0.5481856989646338,0.5492816327721206,0.5481856989646338,0.5492816327721206
0.53,0.0926640926640925,0.53,0.53,0.62,0.121996303142329,0.62,0.62,0.6436397218993324,0.6279423827392088,0.6436397218993324,0.6279423827392088,0.6436397218993324,0.6279423827392088,0.0912889598977128,0.1564067035791799,0.0912889598977128,0.1564067035791799,0.0912889598977128,0.1564067035791799,0.6436397218993324,0.6279423827392088,0.6436397218993324,0.6279423827392088,0.6436397218993324,0.6279423827392088,0.6436397218993324,0.6279423827392088,0.6436397218993324,0.6279423827392088,0.6436397218993324,0.6279423827392088
0.72,0.2452830188679243,0.72,0.72,0.69,0.2234468937875752,0.69,0.69,0.6778879773455662,0.6666265601900055,0.6778879773455662,0.6666265601900055,0.6778879773455662,0.6666265601900055,0.13313477872923335,0.1744991951871011,0.13313477872923335,0.1744991951871011,0.13313477872923335,0.1744991951871011,0.6778879773455662,0.6666265601900055,0.6778879773455662,0.6666265601900055,0.6778879773455662,0.6666265601900055,0.6778879773455662,0.6666265601900055,0.6778879773455662,0.6666265601900055,0.6778879773455662,0.6666265601900055
0.94,0.66996699669967,0.94,0.94,0.76,0.3435448577680525,0.76,0.76,0.7203000842061391,0.7213444210055595,0.7203000842061391,0.7213444210055595,0.7203000842061391,0.7213444210055595,0.1384357458778626,0.143938693886863,0.1384357458778626,0.143938693886863,0.1384357458778626,0.143938693886863,0.7203000842061391,0.7213444210055595,0.7203000842061391,0.7213444210055595,0.7203000842061391,0.7213444210055595,0.7203000842061391,0.7213444210055595,0.7203000842061391,0.7213444210055595,0.7203000842061391,0.7213444210055595
0.78,0.3112085159674389,0.78,0.78,0.69,0.0893066980023501,0.69,0.69,0.7576447158102629,0.7470115501345299,0.7576447158102629,0.7470115501345299,0.7576447158102629,0.7470115501345299,0.053102981605055895,0.07811762452830544,0.053102981605055895,0.07811762452830544,0.053102981605055895,0.07811762452830544,0.7576447158102629,0.7470115501345299,0.7576447158102629,0.7470115501345299,0.7576447158102629,0.7470115501345299,0.7576447158102629,0.7470115501345299,0.7576447158102629,0.7470115501345299,0.7576447158102629,0.7470115501345299
0.81,0.0,0.81,0.81,0.56,0.0,0.56,0.56,0.524623229684589,0.6024334183250981,0.524623229684589,0.6024334183250981,0.524623229684589,0.6024334183250981,-0.0048692463469105765,0.015088526295244917,-0.0048692463469105765,0.015088526295244917,-0.0048692463469105765,0.015088526295244917,0.524623229684589,0.6024334183250981,0.524623229684589,0.6024334183250981,0.524623229684589,0.6024334183250981,0.524623229684589,0.6024334183250981,0.524623229684589,0.6024334183250981,0.524623229684589,0.6024334183250981
0.63,0.1131351869606902,0.63,0.63,0.46,0.0,0.46,0.46,0.606176981616834,0.6339209590955267,0.606176981616834,0.6339209590955267,0.606176981616834,0.6339209590955267,-0.04642815331566777,-0.06148425224963964,-0.04642815331566777,-0.06148425224963964,-0.04642815331566777,-0.06148425224963964,0.606176981616834,0.6339209590955267,0.606176981616834,0.6339209590955267,0.606176981616834,0.6339209590955267,0.606176981616834,0.6339209590955267,0.606176981616834,0.6339209590955267,0.606176981616834,0.6339209590955267
0.64,0.28,0.64,0.64,0.31,0.0,0.31,0.31,0.6334301347164341,0.6920840095082271,0.6334301347164341,0.6920840095082271,0.6334301347164341,0.6920840095082271,0.17034442224821753,0.2343527057136404,0.17034442224821753,0.2343527057136404,0.17034442224821753,0.2343527057136404,0.6334301347164341,0.6920840095082271,0.6334301347164341,0.6920840095082271,0.6334301347164341,0.6920840095082271,0.6334301347164341,0.6920840095082271,0.6334301347164341,0.6920840095082271,0.6334301347164341,0.6920840095082271
0.52,0.1814461118690313,0.52,0.52,0.53,0.0,0.53,0.53,0.5711050528157694,0.5732363965190685,0.5711050528157694,0.5732363965190685,0.5711050528157694,0.5732363965190685,0.15826763417143913,0.13549374673256948,0.15826763417143913,0.13549374673256948,0.15826763417143913,0.13549374673256948,0.5711050528157694,0.5732363965190685,0.5711050528157694,0.5732363965190685,0.5711050528157694,0.5732363965190685,0.5711050528157694,0.5732363965190685,0.5711050528157694,0.5732363965190685,0.5711050528157694,0.5732363965190685
0.53,0.1885359116022099,0.53,0.53,0.7,0.0,0.7,0.7,0.5701391153628202,0.5552786319979713,0.5701391153628202,0.5552786319979713,0.5701391153628202,0.5552786319979713,0.07646913693256609,0.180822054334242,0.07646913693256609,0.180822054334242,0.07646913693256609,0.180822054334242,0.5701391153628202,0.5552786319979713,0.5701391153628202,0.5552786319979713,0.5701391153628202,0.5552786319979713,0.5701391153628202,0.5552786319979713,0.5701391153628202,0.5552786319979713,0.5701391153628202,0.5552786319979713
0.52,0.0,0.52,0.52,0.74,0.0,0.74,0.74,0.536972471028727,0.532743207726848,0.536972471028727,0.532743207726848,0.536972471028727,0.532743207726848,-0.03869064539178534,0.015234810491954095,-0.03869064539178534,0.015234810491954095,-0.03869064539178534,0.015234810491954095,0.536972471028727,0.532743207726848,0.536972471028727,0.532743207726848,0.536972471028727,0.532743207726848,0.536972471028727,0.532743207726848,0.536972471028727,0.532743207726848,0.536972471028727,0.532743207726848
0.69,0.0,0.69,0.69,0.74,0.0,0.74,0.74,0.519839787830823,0.5393952278356509,0.519839787830823,0.5393952278356509,0.519839787830823,0.5393952278356509,-0.029008062054175825,0.012726800840532078,-0.029008062054175825,0.012726800840532078,-0.029008062054175825,0.012726800840532078,0.519839787830823,0.5393952278356509,0.519839787830823,0.5393952278356509,0.519839787830823,0.5393952278356509,0.519839787830823,0.5393952278356509,0.519839787830823,0.5393952278356509,0.519839787830823,0.5393952278356509
0.65,0.0,0.65,0.65,0.61,0.2523006134969324,0.61,0.61,0.5458445369978595,0.5954936907153566,0.5458445369978595,0.5954936907153566,0.5458445369978595,0.5954936907153566,-0.01511791418445954,0.014678793026334281,-0.01511791418445954,0.014678793026334281,-0.01511791418445954,0.014678793026334281,0.5458445369978595,0.5954936907153566,0.5458445369978595,0.5954936907153566,0.5458445369978595,0.5954936907153566,0.5458445369978595,0.5954936907153566,0.5458445369978595,0.5954936907153566,0.5458445369978595,0.5954936907153566
0.78,0.0,0.78,0.78,0.64,0.3150684931506849,0.64,0.64,0.5737137927552967,0.6035695662004826,0.5737137927552967,0.6035695662004826,0.5737137927552967,0.6035695662004826,-0.020794167563274738,0.010329061605258347,-0.020794167563274738,0.010329061605258347,-0.020794167563274738,0.010329061605258347,0.5737137927552967,0.6035695662004826,0.5737137927552967,0.6035695662004826,0.5737137927552967,0.6035695662004826,0.5737137927552967,0.6035695662004826,0.5737137927552967,0.6035695662004826,0.5737137927552967,0.6035695662004826
0.82,0.0,0.82,0.82,0.66,0.3369734789391576,0.66,0.66,0.5977424211524508,0.6119266487963338,0.5977424211524508,0.6119266487963338,0.5977424211524508,0.6119266487963338,-0.03831376001406069,-0.006307392029646431,-0.03831376001406069,-0.006307392029646431,-0.03831376001406069,-0.006307392029646431,0.5977424211524508,0.6119266487963338,0.5977424211524508,0.6119266487963338,0.5977424211524508,0.6119266487963338,0.5977424211524508,0.6119266487963338,0.5977424211524508,0.6119266487963338,0.5977424211524508,0.6119266487963338
0.72,0.0,0.72,0.72,0.6,0.2435703479576398,0.6,0.6,0.6190778633191872,0.6684218234882555,0.6190778633191872,0.6684218234882555,0.6190778633191872,0.6684218234882555,-0.003262458899099732,-0.010489167120169687,-0.003262458899099732,-0.010489167120169687,-0.003262458899099732,-0.010489167120169687,0.6190778633191872,0.6684218234882555,0.6190778633191872,0.6684218234882555,0.6190778633191872,0.6684218234882555,0.6190778633191872,0.6684218234882555,0.6190778633191872,0.6684218234882555,0.6190778633191872,0.6684218234882555
0.54,0.0,0.54,0.54,0.5,0.0,0.5,0.5,0.5685902404266832,0.6010005405515528,0.5685902404266832,0.6010005405515528,0.5685902404266832,0.6010005405515528,-0.04136348481548299,-0.013220738848662057,-0.04136348481548299,-0.013220738848662057,-0.04136348481548299,-0.013220738848662057,0.5685902404266832,0.6010005405515528,0.5685902404266832,0.6010005405515528,0.5685902404266832,0.6010005405515528,0.5685902404266832,0.6010005405515528,0.5685902404266832,0.6010005405515528,0.5685902404266832,0.6010005405515528
0.53,0.0,0.53,0.53,0.4,0.0,0.4,0.4,0.6329361192247395,0.6673835762685141,0.6329361192247395,0.6673835762685141,0.6329361192247395,0.6673835762685141,-0.00922066849479211,-0.013438923382918829,-0.00922066849479211,-0.013438923382918829,-0.00922066849479211,-0.013438923382918829,0.6329361192247395,0.6673835762685141,0.6329361192247395,0.6673835762685141,0.6329361192247395,0.6673835762685141,0.6329361192247395,0.6673835762685141,0.6329361192247395,0.6673835762685141,0.6329361192247395,0.6673835762685141
0.55,0.1865509761388285,0.55,0.55,0.53,0.0926640926640925,0.53,0.53,0.6265094975044128,0.676622090278012,0.6265094975044128,0.676622090278012,0.6265094975044128,0.676622090278012,0.1778052825927199,0.14842404067341278,0.1778052825927199,0.14842404067341278,0.1778052825927199,0.14842404067341278,0.6265094975044128,0.676622090278012,0.6265094975044128,0.676622090278012,0.6265094975044128,0.676622090278012,0.6265094975044128,0.676622090278012,0.6265094975044128,0.676622090278012,0.6265094975044128,0.676622090278012
0.74,0.3639921722113503,0.74,0.74,0.72,0.2452830188679243,0.72,0.72,0.5951942543880956,0.6178065390427993,0.5951942543880956,0.6178065390427993,0.5951942543880956,0.6178065390427993,0.06259335311329922,0.12037633482490652,0.06259335311329922,0.12037633482490652,0.06259335311329922,0.12037633482490652,0.5951942543880956,0.6178065390427993,0.5951942543880956,0.6178065390427993,0.5951942543880956,0.6178065390427993,0.5951942543880956,0.6178065390427993,0.5951942543880956,0.6178065390427993,0.5951942543880956,0.6178065390427993
0.67,0.2857142857142858,0.67,0.67,0.94,0.66996699669967,0.94,0.94,0.5861028098446853,0.5825667990897775,0.5861028098446853,0.5825667990897775,0.5861028098446853,0.5825667990897775,0.0895083292420379,0.010354144167970354,0.0895083292420379,0.010354144167970354,0.0895083292420379,0.010354144167970354,0.5861028098446853,0.5825667990897775,0.5861028098446853,0.5825667990897775,0.5861028098446853,0.5825667990897775,0.5861028098446853,0.5825667990897775,0.5861028098446853,0.5825667990897775,0.5861028098446853,0.5825667990897775
0.5,0.0,0.5,0.5,0.78,0.3112085159674389,0.78,0.78,0.536413456479511,0.5407147386156482,0.536413456479511,0.5407147386156482,0.536413456479511,0.5407147386156482,-0.04661320388902304,-0.06341079417957976,-0.04661320388902304,-0.06341079417957976,-0.04661320388902304,-0.06341079417957976,0.536413456479511,0.5407147386156482,0.536413456479511,0.5407147386156482,0.536413456479511,0.5407147386156482,0.536413456479511,0.5407147386156482,0.536413456479511,0.5407147386156482,0.536413456479511,0.5407147386156482
0.28,0.0,0.28,0.28,0.81,0.0,0.81,0.81,0.540849719565615,0.5377533890253963,0.540849719565615,0.5377533890253963,0.540849719565615,0.5377533890253963,-0.023097792693686375,0.00021034652192322137,-0.023097792693686375,0.00021034652192322137,-0.023097792693686375,0.00021034652192322137,0.540849719565615,0.5377533890253963,0.540849719565615,0.5377533890253963,0.540849719565615,0.5377533890253963,0.540849719565615,0.5377533890253963,0.540849719565615,0.5377533890253963,0.540849719565615,0.5377533890253963
0.32,0.0,0.32,0.32,0.63,0.1131351869606902,0.63,0.63,0.5717016086416404,0.5968421091599115,0.5717016086416404,0.5968421091599115,0.5717016086416404,0.5968421091599115,0.002015321300847301,0.010212430310752637,0.002015321300847301,0.010212430310752637,0.002015321300847301,0.010212430310752637,0.5717016086416404,0.5968421091599115,0.5717016086416404,0.5968421091599115,0.5717016086416404,0.5968421091599115,0.5717016086416404,0.5968421091599115,0.5717016086416404,0.5968421091599115,0.5717016086416404,0.5968421091599115
0.42,0.0,0.42,0.42,0.64,0.28,0.64,0.64,0.44118896580669864,0.5138631723694398,0.44118896580669864,0.5138631723694398,0.44118896580669864,0.5138631723694398,-0.000501077858832024,0.034477482114857856,-0.000501077858832024,0.034477482114857856,-0.000501077858832024,0.034477482114857856,0.44118896580669864,0.5138631723694398,0.44118896580669864,0.5138631723694398,0.44118896580669864,0.5138631723694398,0.44118896580669864,0.5138631723694398,0.44118896580669864,0.5138631723694398,0.44118896580669864,0.5138631723694398
0.47,0.0,0.47,0.47,0.52,0.1814461118690313,0.52,0.52,0.5587680587243667,0.5976131895035897,0.5587680587243667,0.5976131895035897,0.5587680587243667,0.5976131895035897,-0.0006794015663413936,0.006155546427114195,-0.0006794015663413936,0.006155546427114195,-0.0006794015663413936,0.006155546427114195,0.5587680587243667,0.5976131895035897,0.5587680587243667,0.5976131895035897,0.5587680587243667,0.5976131895035897,0.5587680587243667,0.5976131895035897,0.5587680587243667,0.5976131895035897,0.5587680587243667,0.5976131895035897
0.55,0.0,0.55,0.55,0.53,0.1885359116022099,0.53,0.53,0.6265199853765011,0.685386705877826,0.6265199853765011,0.685386705877826,0.6265199853765011,0.685386705877826,0.014774378788219049,0.028133864414366574,0.014774378788219049,0.028133864414366574,0.014774378788219049,0.028133864414366574,0.6265199853765011,0.685386705877826,0.6265199853765011,0.685386705877826,0.6265199853765011,0.685386705877826,0.6265199853765011,0.685386705877826,0.6265199853765011,0.685386705877826,0.6265199853765011,0.685386705877826
0.57,0.0,0.57,0.57,0.52,0.0,0.52,0.52,0.6332068714705373,0.6677243638241953,0.6332068714705373,0.6677243638241953,0.6332068714705373,0.6677243638241953,0.0020314830528231414,0.026219305688150247,0.0020314830528231414,0.026219305688150247,0.0020314830528231414,0.026219305688150247,0.6332068714705373,0.6677243638241953,0.6332068714705373,0.6677243638241953,0.6332068714705373,0.6677243638241953,0.6332068714705373,0.6677243638241953,0.6332068714705373,0.6677243638241953,0.6332068714705373,0.6677243638241953
0.55,0.0,0.55,0.55,0.69,0.0,0.69,0.69,0.597472685298044,0.6652629734255191,0.597472685298044,0.6652629734255191,0.597472685298044,0.6652629734255191,-0.04405512044288713,0.004235367104395205,-0.04405512044288713,0.004235367104395205,-0.04405512044288713,0.004235367104395205,0.597472685298044,0.6652629734255191,0.597472685298044,0.6652629734255191,0.597472685298044,0.6652629734255191,0.597472685298044,0.6652629734255191,0.597472685298044,0.6652629734255191,0.597472685298044,0.6652629734255191
0.57,0.2187500000000001,0.57,0.57,0.65,0.0,0.65,0.65,0.6619693671880493,0.6988485653671662,0.6619693671880493,0.6988485653671662,0.6619693671880493,0.6988485653671662,0.2019211032941987,0.22705378682714297,0.2019211032941987,0.22705378682714297,0.2019211032941987,0.22705378682714297,0.6619693671880493,0.6988485653671662,0.6619693671880493,0.6988485653671662,0.6619693671880493,0.6988485653671662,0.6619693671880493,0.6988485653671662,0.6619693671880493,0.6988485653671662,0.6619693671880493,0.6988485653671662
0.53,0.1885359116022099,0.53,0.53,0.78,0.0,0.78,0.78,0.6373207505309197,0.597332136078357,0.6373207505309197,0.597332136078357,0.6373207505309197,0.597332136078357,0.20194668972201782,0.27802085512385655,0.20194668972201782,0.27802085512385655,0.20194668972201782,0.27802085512385655,0.6373207505309197,0.597332136078357,0.6373207505309197,0.597332136078357,0.6373207505309197,0.597332136078357,0.6373207505309197,0.597332136078357,0.6373207505309197,0.597332136078357,0.6373207505309197,0.597332136078357
0.49,0.1611842105263157,0.49,0.49,0.82,0.0,0.82,0.82,0.6528589219495197,0.6778606454193106,0.6528589219495197,0.6778606454193106,0.6528589219495197,0.6778606454193106,0.20002772058936716,0.1959030885550002,0.20002772058936716,0.1959030885550002,0.20002772058936716,0.1959030885550002,0.6528589219495197,0.6778606454193106,0.6528589219495197,0.6778606454193106,0.6528589219495197,0.6778606454193106,0.6528589219495197,0.6778606454193106,0.6528589219495197,0.6778606454193106,0.6528589219495197,0.6778606454193106
0.43,0.0279672578444747,0.43,0.43,0.72,0.0,0.72,0.72,0.5669802000296589,0.5857817465011057,0.5669802000296589,0.5857817465011057,0.5669802000296589,0.5857817465011057,0.018453946819365737,0.05926003087413753,0.018453946819365737,0.05926003087413753,0.018453946819365737,0.05926003087413753,0.5669802000296589,0.5857817465011057,0.5669802000296589,0.5857817465011057,0.5669802000296589,0.5857817465011057,0.5669802000296589,0.5857817465011057,0.5669802000296589,0.5857817465011057,0.5669802000296589,0.5857817465011057
0.43,0.0,0.43,0.43,0.54,0.0,0.54,0.54,0.5742717109036121,0.57430186248523,0.5742717109036121,0.57430186248523,0.5742717109036121,0.57430186248523,-0.023285834543914176,0.03443535201923809,-0.023285834543914176,0.03443535201923809,-0.023285834543914176,0.03443535201923809,0.5742717109036121,0.57430186248523,0.5742717109036121,0.57430186248523,0.5742717109036121,0.57430186248523,0.5742717109036121,0.57430186248523,0.5742717109036121,0.57430186248523,0.5742717109036121,0.57430186248523
0.42,0.0,0.42,0.42,0.53,0.0,0.53,0.53,0.6242892474192608,0.6436493911652561,0.6242892474192608,0.6436493911652561,0.6242892474192608,0.6436493911652561,0.01906805964367484,0.018709223019856756,0.01906805964367484,0.018709223019856756,0.01906805964367484,0.018709223019856756,0.6242892474192608,0.6436493911652561,0.6242892474192608,0.6436493911652561,0.6242892474192608,0.6436493911652561,0.6242892474192608,0.6436493911652561,0.6242892474192608,0.6436493911652561,0.6242892474192608,0.6436493911652561
0.56,0.0,0.56,0.56,0.55,0.1865509761388285,0.55,0.55,0.5696469689255119,0.6126814775798973,0.5696469689255119,0.6126814775798973,0.5696469689255119,0.6126814775798973,-0.007512423632383099,0.0072194034805433864,-0.007512423632383099,0.0072194034805433864,-0.007512423632383099,0.0072194034805433864,0.5696469689255119,0.6126814775798973,0.5696469689255119,0.6126814775798973,0.5696469689255119,0.6126814775798973,0.5696469689255119,0.6126814775798973,0.5696469689255119,0.6126814775798973,0.5696469689255119,0.6126814775798973
0.57,0.0,0.57,0.57,0.74,0.3639921722113503,0.74,0.74,0.6616839678673678,0.6632894024946754,0.6616839678673678,0.6632894024946754,0.6616839678673678,0.6632894024946754,-0.005659511088150432,-0.003517995183884459,-0.005659511088150432,-0.003517995183884459,-0.005659511088150432,-0.003517995183884459,0.6616839678673678,0.6632894024946754,0.6616839678673678,0.6632894024946754,0.6616839678673678,0.6632894024946754,0.6616839678673678,0.6632894024946754,0.6616839678673678,0.6632894024946754,0.6616839678673678,0.6632894024946754
0.62,0.0,0.62,0.62,0.67,0.2857142857142858,0.67,0.67,0.578474977653267,0.556796689606885,0.578474977653267,0.556796689606885,0.578474977653267,0.556796689606885,-0.000519191944730914,0.019308352727452602,-0.000519191944730914,0.019308352727452602,-0.000519191944730914,0.019308352727452602,0.578474977653267,0.556796689606885,0.578474977653267,0.556796689606885,0.578474977653267,0.556796689606885,0.578474977653267,0.556796689606885,0.578474977653267,0.556796689606885,0.578474977653267,0.556796689606885
0.56,0.0,0.56,0.56,0.5,0.0,0.5,0.5,0.6048993243051122,0.5651578012456299,0.6048993243051122,0.5651578012456299,0.6048993243051122,0.5651578012456299,0.007532937421967493,-0.008407699380029695,0.007532937421967493,-0.008407699380029695,0.007532937421967493,-0.008407699380029695,0.6048993243051122,0.5651578012456299,0.6048993243051122,0.5651578012456299,0.6048993243051122,0.5651578012456299,0.6048993243051122,0.5651578012456299,0.6048993243051122,0.5651578012456299,0.6048993243051122,0.5651578012456299
0.6,0.0,0.6,0.6,0.28,0.0,0.28,0.28,0.6022926639486604,0.6175754212493214,0.6022926639486604,0.6175754212493214,0.6022926639486604,0.6175754212493214,0.014789959863154562,0.01883827479497544,0.014789959863154562,0.01883827479497544,0.014789959863154562,0.01883827479497544,0.6022926639486604,0.6175754212493214,0.6022926639486604,0.6175754212493214,0.6022926639486604,0.6175754212493214,0.6022926639486604,0.6175754212493214,0.6022926639486604,0.6175754212493214,0.6022926639486604,0.6175754212493214
0.66,0.2643877109476417,0.66,0.66,0.32,0.0,0.32,0.32,0.5864367338866291,0.5946461086560659,0.5864367338866291,0.5946461086560659,0.5864367338866291,0.5946461086560659,0.24860731429027683,0.22569503857237522,0.24860731429027683,0.22569503857237522,0.24860731429027683,0.22569503857237522,0.5864367338866291,0.5946461086560659,0.5864367338866291,0.5946461086560659,0.5864367338866291,0.5946461086560659,0.5864367338866291,0.5946461086560659,0.5864367338866291,0.5946461086560659,0.5864367338866291,0.5946461086560659
0.62,0.2323232323232323,0.62,0.62,0.42,0.0,0.42,0.42,0.6901872379531196,0.6472103711686273,0.6901872379531196,0.6472103711686273,0.6901872379531196,0.6472103711686273,0.2266167912567712,0.2143797562627073,0.2266167912567712,0.2143797562627073,0.2266167912567712,0.2143797562627073,0.6901872379531196,0.6472103711686273,0.6901872379531196,0.6472103711686273,0.6901872379531196,0.6472103711686273,0.6901872379531196,0.6472103711686273,0.6901872379531196,0.6472103711686273,0.6901872379531196,0.6472103711686273
0.71,0.3651488616462347,0.71,0.71,0.47,0.0,0.47,0.47,0.6816988048988055,0.6656611684246239,0.6816988048988055,0.6656611684246239,0.6816988048988055,0.6656611684246239,0.27435684907670904,0.23035717559287716,0.27435684907670904,0.23035717559287716,0.27435684907670904,0.23035717559287716,0.6816988048988055,0.6656611684246239,0.6816988048988055,0.6656611684246239,0.6816988048988055,0.6656611684246239,0.6816988048988055,0.6656611684246239,0.6816988048988055,0.6656611684246239,0.6816988048988055,0.6656611684246239
0.76,0.1234477720964208,0.76,0.76,0.55,0.0,0.55,0.55,0.7596448834956311,0.7164767245552147,0.7596448834956311,0.7164767245552147,0.7596448834956311,0.7164767245552147,0.2550558862297334,0.1895290815729814,0.2550558862297334,0.1895290815729814,0.2550558862297334,0.1895290815729814,0.7596448834956311,0.7164767245552147,0.7596448834956311,0.7164767245552147,0.7596448834956311,0.7164767245552147,0.7596448834956311,0.7164767245552147,0.7596448834956311,0.7164767245552147,0.7596448834956311,0.7164767245552147
0.77,0.161807580174927,0.77,0.77,0.57,0.0,0.57,0.57,0.7778074531567133,0.7959344969886399,0.7778074531567133,0.7959344969886399,0.7778074531567133,0.7959344969886399,0.13412713058145176,0.04604093269508739,0.13412713058145176,0.04604093269508739,0.13412713058145176,0.04604093269508739,0.7778074531567133,0.7959344969886399,0.7778074531567133,0.7959344969886399,0.7778074531567133,0.7959344969886399,0.7778074531567133,0.7959344969886399,0.7778074531567133,0.7959344969886399,0.7778074531567133,0.7959344969886399
0.85,0.0,0.85,0.85,0.55,0.0,0.55,0.55,0.5583748204109875,0.5394915896887796,0.5583748204109875,0.5394915896887796,0.5583748204109875,0.5394915896887796,-0.027335767157841792,-0.07373366442214885,-0.027335767157841792,-0.07373366442214885,-0.027335767157841792,-0.07373366442214885,0.5583748204109875,0.5394915896887796,0.5583748204109875,0.5394915896887796,0.5583748204109875,0.5394915896887796,0.5583748204109875,0.5394915896887796,0.5583748204109875,0.5394915896887796,0.5583748204109875,0.5394915896887796
0.71,0.0,0.71,0.71,0.57,0.2187500000000001,0.57,0.57,0.5490052469816372,0.5450230951085877,0.5490052469816372,0.5450230951085877,0.5490052469816372,0.5450230951085877,-0.03936086165958485,-0.0637923280413466,-0.03936086165958485,-0.0637923280413466,-0.03936086165958485,-0.0637923280413466,0.5490052469816372,0.5450230951085877,0.5490052469816372,0.5450230951085877,0.5490052469816372,0.5450230951085877,0.5490052469816372,0.5450230951085877,0.5490052469816372,0.5450230951085877,0.5490052469816372,0.5450230951085877
0.6,0.0,0.6,0.6,0.53,0.1885359116022099,0.53,0.53,0.6098728986253673,0.5871708804283154,0.6098728986253673,0.5871708804283154,0.6098728986253673,0.5871708804283154,0.00392749336291894,0.011305334803757545,0.00392749336291894,0.011305334803757545,0.00392749336291894,0.011305334803757545,0.6098728986253673,0.5871708804283154,0.6098728986253673,0.5871708804283154,0.6098728986253673,0.5871708804283154,0.6098728986253673,0.5871708804283154,0.6098728986253673,0.5871708804283154,0.6098728986253673,0.5871708804283154
0.51,0.0,0.51,0.51,0.49,0.1611842105263157,0.49,0.49,0.5621049803555399,0.5728912149431374,0.5621049803555399,0.5728912149431374,0.5621049803555399,0.5728912149431374,-0.022623309043310565,-0.03497100863234393,-0.022623309043310565,-0.03497100863234393,-0.022623309043310565,-0.03497100863234393,0.5621049803555399,0.5728912149431374,0.5621049803555399,0.5728912149431374,0.5621049803555399,0.5728912149431374,0.5621049803555399,0.5728912149431374,0.5621049803555399,0.5728912149431374,0.5621049803555399,0.5728912149431374
0.42,0.0,0.42,0.42,0.43,0.0279672578444747,0.43,0.43,0.6176866778640799,0.5905173751091651,0.6176866778640799,0.5905173751091651,0.6176866778640799,0.5905173751091651,0.00883797218163587,-0.01974004547939581,0.00883797218163587,-0.01974004547939581,0.00883797218163587,-0.01974004547939581,0.6176866778640799,0.5905173751091651,0.6176866778640799,0.5905173751091651,0.6176866778640799,0.5905173751091651,0.6176866778640799,0.5905173751091651,0.6176866778640799,0.5905173751091651,0.6176866778640799,0.5905173751091651
0.45,0.0,0.45,0.45,0.43,0.0,0.43,0.43,0.647105735488793,0.6308316304909902,0.647105735488793,0.6308316304909902,0.647105735488793,0.6308316304909902,0.027148414963656227,0.009503303629567778,0.027148414963656227,0.009503303629567778,0.027148414963656227,0.009503303629567778,0.647105735488793,0.6308316304909902,0.647105735488793,0.6308316304909902,0.647105735488793,0.6308316304909902,0.647105735488793,0.6308316304909902,0.647105735488793,0.6308316304909902,0.647105735488793,0.6308316304909902
0.56,0.1836734693877552,0.56,0.56,0.42,0.0,0.42,0.42,0.6415524380169261,0.6245777533676857,0.6415524380169261,0.6245777533676857,0.6415524380169261,0.6245777533676857,0.2526187120069243,0.1871762471572812,0.2526187120069243,0.1871762471572812,0.2526187120069243,0.1871762471572812,0.6415524380169261,0.6245777533676857,0.6415524380169261,0.6245777533676857,0.6415524380169261,0.6245777533676857,0.6415524380169261,0.6245777533676857,0.6415524380169261,0.6245777533676857,0.6415524380169261,0.6245777533676857
0.56,0.2184724689165186,0.56,0.56,0.56,0.0,0.56,0.56,0.6263293939604396,0.5954377246003693,0.6263293939604396,0.5954377246003693,0.6263293939604396,0.5954377246003693,0.2757770730979462,0.19203023701811184,0.2757770730979462,0.19203023701811184,0.2757770730979462,0.19203023701811184,0.6263293939604396,0.5954377246003693,0.6263293939604396,0.5954377246003693,0.6263293939604396,0.5954377246003693,0.6263293939604396,0.5954377246003693,0.6263293939604396,0.5954377246003693,0.6263293939604396,0.5954377246003693
0.57,0.2266187050359711,0.57,0.57,0.57,0.0,0.57,0.57,0.5806160831306667,0.5383480412480778,0.5806160831306667,0.5383480412480778,0.5806160831306667,0.5383480412480778,0.20863243073428994,0.15767002997726923,0.20863243073428994,0.15767002997726923,0.20863243073428994,0.15767002997726923,0.5806160831306667,0.5383480412480778,0.5806160831306667,0.5383480412480778,0.5806160831306667,0.5383480412480778,0.5806160831306667,0.5383480412480778,0.5806160831306667,0.5383480412480778,0.5806160831306667,0.5383480412480778
0.58,0.22680412371134,0.58,0.58,0.62,0.0,0.62,0.62,0.6046569120060006,0.6190931014407438,0.6046569120060006,0.6190931014407438,0.6046569120060006,0.6190931014407438,0.14900482156724945,0.17251440548315428,0.14900482156724945,0.17251440548315428,0.14900482156724945,0.17251440548315428,0.6046569120060006,0.6190931014407438,0.6046569120060006,0.6190931014407438,0.6046569120060006,0.6190931014407438,0.6046569120060006,0.6190931014407438,0.6046569120060006,0.6190931014407438,0.6046569120060006,0.6190931014407438
0.61,0.0,0.61,0.61,0.56,0.0,0.56,0.56,0.6073862131812454,0.661893436797192,0.6073862131812454,0.661893436797192,0.6073862131812454,0.661893436797192,0.032799217561881845,0.026659645267358485,0.032799217561881845,0.026659645267358485,0.032799217561881845,0.026659645267358485,0.6073862131812454,0.661893436797192,0.6073862131812454,0.661893436797192,0.6073862131812454,0.661893436797192,0.6073862131812454,0.661893436797192,0.6073862131812454,0.661893436797192,0.6073862131812454,0.661893436797192
0.73,0.0,0.73,0.73,0.6,0.0,0.6,0.6,0.6163144378122712,0.6689207794401403,0.6163144378122712,0.6689207794401403,0.6163144378122712,0.6689207794401403,0.014381608680652826,0.057320146100070364,0.014381608680652826,0.057320146100070364,0.014381608680652826,0.057320146100070364,0.6163144378122712,0.6689207794401403,0.6163144378122712,0.6689207794401403,0.6163144378122712,0.6689207794401403,0.6163144378122712,0.6689207794401403,0.6163144378122712,0.6689207794401403,0.6163144378122712,0.6689207794401403
0.69,0.0,0.69,0.69,0.66,0.2643877109476417,0.66,0.66,0.5329547522734405,0.6023717749174767,0.5329547522734405,0.6023717749174767,0.5329547522734405,0.6023717749174767,0.015595050029203842,0.0319629231386338,0.015595050029203842,0.0319629231386338,0.015595050029203842,0.0319629231386338,0.5329547522734405,0.6023717749174767,0.5329547522734405,0.6023717749174767,0.5329547522734405,0.6023717749174767,0.5329547522734405,0.6023717749174767,0.5329547522734405,0.6023717749174767,0.5329547522734405,0.6023717749174767
0.6,0.0,0.6,0.6,0.62,0.2323232323232323,0.62,0.62,0.5794942649374986,0.5673160125987766,0.5794942649374986,0.5673160125987766,0.5794942649374986,0.5673160125987766,0.004976288918360069,0.01626152021883897,0.004976288918360069,0.01626152021883897,0.004976288918360069,0.01626152021883897,0.5794942649374986,0.5673160125987766,0.5794942649374986,0.5673160125987766,0.5794942649374986,0.5673160125987766,0.5794942649374986,0.5673160125987766,0.5794942649374986,0.5673160125987766,0.5794942649374986,0.5673160125987766
0.54,0.0,0.54,0.54,0.71,0.3651488616462347,0.71,0.71,0.586943787508531,0.5671692006134105,0.586943787508531,0.5671692006134105,0.586943787508531,0.5671692006134105,0.013720921364699183,0.014883688419922918,0.013720921364699183,0.014883688419922918,0.013720921364699183,0.014883688419922918,0.586943787508531,0.5671692006134105,0.586943787508531,0.5671692006134105,0.586943787508531,0.5671692006134105,0.586943787508531,0.5671692006134105,0.586943787508531,0.5671692006134105,0.586943787508531,0.5671692006134105
0.51,0.0,0.51,0.51,0.76,0.1234477720964208,0.76,0.76,0.6295034185825829,0.5909746942980395,0.6295034185825829,0.5909746942980395,0.6295034185825829,0.5909746942980395,0.021771770715481368,0.0035235589887560085,0.021771770715481368,0.0035235589887560085,0.021771770715481368,0.0035235589887560085,0.6295034185825829,0.5909746942980395,0.6295034185825829,0.5909746942980395,0.6295034185825829,0.5909746942980395,0.6295034185825829,0.5909746942980395,0.6295034185825829,0.5909746942980395,0.6295034185825829,0.5909746942980395
0.67,0.0,0.67,0.67,0.77,0.161807580174927,0.77,0.77,0.5714374132775591,0.594029217868117,0.5714374132775591,0.594029217868117,0.5714374132775591,0.594029217868117,0.031585664832717804,0.021767645672701477,0.031585664832717804,0.021767645672701477,0.031585664832717804,0.021767645672701477,0.5714374132775591,0.594029217868117,0.5714374132775591,0.594029217868117,0.5714374132775591,0.594029217868117,0.5714374132775591,0.594029217868117,0.5714374132775591,0.594029217868117,0.5714374132775591,0.594029217868117
0.72,0.0996784565916398,0.72,0.72,0.85,0.0,0.85,0.85,0.6507638540069269,0.5962132601670463,0.6507638540069269,0.5962132601670463,0.6507638540069269,0.5962132601670463,-0.007573073751036005,0.0020516159431344504,-0.007573073751036005,0.0020516159431344504,-0.007573073751036005,0.0020516159431344504,0.6507638540069269,0.5962132601670463,0.6507638540069269,0.5962132601670463,0.6507638540069269,0.5962132601670463,0.6507638540069269,0.5962132601670463,0.6507638540069269,0.5962132601670463,0.6507638540069269,0.5962132601670463
0.66,0.2688172043010752,0.66,0.66,0.71,0.0,0.71,0.71,0.5981825355699437,0.6076552407229372,0.5981825355699437,0.6076552407229372,0.5981825355699437,0.6076552407229372,0.17456873847815155,0.14147816967237486,0.17456873847815155,0.14147816967237486,0.17456873847815155,0.14147816967237486,0.5981825355699437,0.6076552407229372,0.5981825355699437,0.6076552407229372,0.5981825355699437,0.6076552407229372,0.5981825355699437,0.6076552407229372,0.5981825355699437,0.6076552407229372,0.5981825355699437,0.6076552407229372
0.55,0.1697416974169742,0.55,0.55,0.6,0.0,0.6,0.6,0.5597000125370452,0.490558381370917,0.5597000125370452,0.490558381370917,0.5597000125370452,0.490558381370917,0.17782089166366152,0.15780050327202688,0.17782089166366152,0.15780050327202688,0.17782089166366152,0.15780050327202688,0.5597000125370452,0.490558381370917,0.5597000125370452,0.490558381370917,0.5597000125370452,0.490558381370917,0.5597000125370452,0.490558381370917,0.5597000125370452,0.490558381370917,0.5597000125370452,0.490558381370917
0.48,0.120135363790186,0.48,0.48,0.51,0.0,0.51,0.51,0.6386070375120207,0.6108686578946038,0.6386070375120207,0.6108686578946038,0.6386070375120207,0.6108686578946038,0.1479860616964504,0.1544689387402129,0.1479860616964504,0.1544689387402129,0.1479860616964504,0.1544689387402129,0.6386070375120207,0.6108686578946038,0.6386070375120207,0.6108686578946038,0.6386070375120207,0.6108686578946038,0.6386070375120207,0.6108686578946038,0.6386070375120207,0.6108686578946038,0.6386070375120207,0.6108686578946038
0.54,0.0,0.54,0.54,0.42,0.0,0.42,0.42,0.7197413218992683,0.7436058489632303,0.7197413218992683,0.7436058489632303,0.7197413218992683,0.7436058489632303,0.025871190720567455,0.04697483009954669,0.025871190720567455,0.04697483009954669,0.025871190720567455,0.04697483009954669,0.7197413218992683,0.7436058489632303,0.7197413218992683,0.7436058489632303,0.7197413218992683,0.7436058489632303,0.7197413218992683,0.7436058489632303,0.7197413218992683,0.7436058489632303,0.7197413218992683,0.7436058489632303
0.77,0.0,0.77,0.77,0.45,0.0,0.45,0.45,0.6885938312890535,0.7331944244283903,0.6885938312890535,0.7331944244283903,0.6885938312890535,0.7331944244283903,-0.009222002580904816,0.045537914372249785,-0.009222002580904816,0.045537914372249785,-0.009222002580904816,0.045537914372249785,0.6885938312890535,0.7331944244283903,0.6885938312890535,0.7331944244283903,0.6885938312890535,0.7331944244283903,0.6885938312890535,0.7331944244283903,0.6885938312890535,0.7331944244283903,0.6885938312890535,0.7331944244283903
0.66,0.0,0.66,0.66,0.56,0.1836734693877552,0.56,0.56,0.7451452111278141,0.7815842118894814,0.7451452111278141,0.7815842118894814,0.7451452111278141,0.7815842118894814,0.017585690453159,0.01927525058941016,0.017585690453159,0.01927525058941016,0.017585690453159,0.01927525058941016,0.7451452111278141,0.7815842118894814,0.7451452111278141,0.7815842118894814,0.7451452111278141,0.7815842118894814,0.7451452111278141,0.7815842118894814,0.7451452111278141,0.7815842118894814,0.7451452111278141,0.7815842118894814
0.68,0.0,0.68,0.68,0.56,0.2184724689165186,0.56,0.56,0.6434359662491747,0.6080948817683697,0.6434359662491747,0.6080948817683697,0.6434359662491747,0.6080948817683697,-0.0009484092785634025,-0.0036143723007943814,-0.0009484092785634025,-0.0036143723007943814,-0.0009484092785634025,-0.0036143723007943814,0.6434359662491747,0.6080948817683697,0.6434359662491747,0.6080948817683697,0.6434359662491747,0.6080948817683697,0.6434359662491747,0.6080948817683697,0.6434359662491747,0.6080948817683697,0.6434359662491747,0.6080948817683697
0.66,0.0,0.66,0.66,0.57,0.2266187050359711,0.57,0.57,0.6683442907763302,0.6426541975150575,0.6683442907763302,0.6426541975150575,0.6683442907763302,0.6426541975150575,-0.007812303138799991,0.008877490520060385,-0.007812303138799991,0.008877490520060385,-0.007812303138799991,0.008877490520060385,0.6683442907763302,0.6426541975150575,0.6683442907763302,0.6426541975150575,0.6683442907763302,0.6426541975150575,0.6683442907763302,0.6426541975150575,0.6683442907763302,0.6426541975150575,0.6683442907763302,0.6426541975150575
0.71,0.0,0.71,0.71,0.58,0.22680412371134,0.58,0.58,0.7679183622298592,0.7404844930104948,0.7679183622298592,0.7404844930104948,0.7679183622298592,0.7404844930104948,0.011937465324487088,0.028531727739484553,0.011937465324487088,0.028531727739484553,0.011937465324487088,0.028531727739484553,0.7679183622298592,0.7404844930104948,0.7679183622298592,0.7404844930104948,0.7679183622298592,0.7404844930104948,0.7679183622298592,0.7404844930104948,0.7679183622298592,0.7404844930104948,0.7679183622298592,0.7404844930104948
0.85,0.0,0.85,0.85,0.61,0.0,0.61,0.61,0.6995238729458876,0.7362591733734362,0.6995238729458876,0.7362591733734362,0.6995238729458876,0.7362591733734362,-0.016844805479650404,0.013620888141212047,-0.016844805479650404,0.013620888141212047,-0.016844805479650404,0.013620888141212047,0.6995238729458876,0.7362591733734362,0.6995238729458876,0.7362591733734362,0.6995238729458876,0.7362591733734362,0.6995238729458876,0.7362591733734362,0.6995238729458876,0.7362591733734362,0.6995238729458876,0.7362591733734362
0.91,0.0,0.91,0.91,0.73,0.0,0.73,0.73,0.6930675872105934,0.6756129317922929,0.6930675872105934,0.6756129317922929,0.6930675872105934,0.6756129317922929,-0.027884364606126033,-0.020404063300842847,-0.027884364606126033,-0.020404063300842847,-0.027884364606126033,-0.020404063300842847,0.6930675872105934,0.6756129317922929,0.6930675872105934,0.6756129317922929,0.6930675872105934,0.6756129317922929,0.6930675872105934,0.6756129317922929,0.6930675872105934,0.6756129317922929,0.6930675872105934,0.6756129317922929
0.97,0.8529411764705882,0.97,0.97,0.69,0.0,0.69,0.69,0.5792513223896045,0.666358996860536,0.5792513223896045,0.666358996860536,0.5792513223896045,0.666358996860536,0.13204274627782353,0.23895589695857675,0.13204274627782353,0.23895589695857675,0.13204274627782353,0.23895589695857675,0.5792513223896045,0.666358996860536,0.5792513223896045,0.666358996860536,0.5792513223896045,0.666358996860536,0.5792513223896045,0.666358996860536,0.5792513223896045,0.666358996860536,0.5792513223896045,0.666358996860536
0.72,0.2802056555269923,0.72,0.72,0.6,0.0,0.6,0.6,0.6613039235937707,0.645225600650535,0.6613039235937707,0.645225600650535,0.6613039235937707,0.645225600650535,0.10111531377782192,0.2137582144660103,0.10111531377782192,0.2137582144660103,0.10111531377782192,0.2137582144660103,0.6613039235937707,0.645225600650535,0.6613039235937707,0.645225600650535,0.6613039235937707,0.645225600650535,0.6613039235937707,0.645225600650535,0.6613039235937707,0.645225600650535,0.6613039235937707,0.645225600650535
0.62,0.1792656587473001,0.62,0.62,0.54,0.0,0.54,0.54,0.6163814778750221,0.6632051292664869,0.6163814778750221,0.6632051292664869,0.6163814778750221,0.6632051292664869,0.16181068646816127,0.19342498086878587,0.16181068646816127,0.19342498086878587,0.16181068646816127,0.19342498086878587,0.6163814778750221,0.6632051292664869,0.6163814778750221,0.6632051292664869,0.6163814778750221,0.6632051292664869,0.6163814778750221,0.6632051292664869,0.6163814778750221,0.6632051292664869,0.6163814778750221,0.6632051292664869
0.48,0.0,0.48,0.48,0.51,0.0,0.51,0.51,0.5960692211361276,0.6180574611251355,0.5960692211361276,0.6180574611251355,0.5960692211361276,0.6180574611251355,-0.01985207408734501,-0.0474642388477058,-0.01985207408734501,-0.0474642388477058,-0.01985207408734501,-0.0474642388477058,0.5960692211361276,0.6180574611251355,0.5960692211361276,0.6180574611251355,0.5960692211361276,0.6180574611251355,0.5960692211361276,0.6180574611251355,0.5960692211361276,0.6180574611251355,0.5960692211361276,0.6180574611251355
0.37,0.0,0.37,0.37,0.67,0.0,0.67,0.67,0.6158309741916949,0.6273739571622702,0.6158309741916949,0.6273739571622702,0.6158309741916949,0.6273739571622702,0.02308283603461487,0.026365532442979726,0.02308283603461487,0.026365532442979726,0.02308283603461487,0.026365532442979726,0.6158309741916949,0.6273739571622702,0.6158309741916949,0.6273739571622702,0.6158309741916949,0.6273739571622702,0.6158309741916949,0.6273739571622702,0.6158309741916949,0.6273739571622702,0.6158309741916949,0.6273739571622702
0.35,0.0,0.35,0.35,0.72,0.0996784565916398,0.72,0.72,0.6017579498615022,0.5851614954090063,0.6017579498615022,0.5851614954090063,0.6017579498615022,0.5851614954090063,0.0005273427839130023,0.015806153776626405,0.0005273427839130023,0.015806153776626405,0.0005273427839130023,0.015806153776626405,0.6017579498615022,0.5851614954090063,0.6017579498615022,0.5851614954090063,0.6017579498615022,0.5851614954090063,0.6017579498615022,0.5851614954090063,0.6017579498615022,0.5851614954090063,0.6017579498615022,0.5851614954090063
0.49,0.0,0.49,0.49,0.66,0.2688172043010752,0.66,0.66,0.5342252295307365,0.528703923737546,0.5342252295307365,0.528703923737546,0.5342252295307365,0.528703923737546,0.028972641949784585,0.04280509530451886,0.028972641949784585,0.04280509530451886,0.028972641949784585,0.04280509530451886,0.5342252295307365,0.528703923737546,0.5342252295307365,0.528703923737546,0.5342252295307365,0.528703923737546,0.5342252295307365,0.528703923737546,0.5342252295307365,0.528703923737546,0.5342252295307365,0.528703923737546
0.58,0.0,0.58,0.58,0.55,0.1697416974169742,0.55,0.55,0.577899428809057,0.5682786943791377,0.577899428809057,0.5682786943791377,0.577899428809057,0.5682786943791377,0.007202346555419228,-0.0021475147344427563,0.007202346555419228,-0.0021475147344427563,0.007202346555419228,-0.0021475147344427563,0.577899428809057,0.5682786943791377,0.577899428809057,0.5682786943791377,0.577899428809057,0.5682786943791377,0.577899428809057,0.5682786943791377,0.577899428809057,0.5682786943791377,0.577899428809057,0.5682786943791377
0.65,0.0,0.65,0.65,0.48,0.120135363790186,0.48,0.48,0.49147700597548394,0.46578566721769465,0.49147700597548394,0.46578566721769465,0.49147700597548394,0.46578566721769465,-0.0033720668371575967,0.009723871027491341,-0.0033720668371575967,0.009723871027491341,-0.0033720668371575967,0.009723871027491341,0.49147700597548394,0.46578566721769465,0.49147700597548394,0.46578566721769465,0.49147700597548394,0.46578566721769465,0.49147700597548394,0.46578566721769465,0.49147700597548394,0.46578566721769465,0.49147700597548394,0.46578566721769465
0.35,0.0,0.35,0.35,0.54,0.0,0.54,0.54,0.45475285408691307,0.4744310875755914,0.45475285408691307,0.4744310875755914,0.45475285408691307,0.4744310875755914,-0.0007041263694648604,-0.02774852914601797,-0.0007041263694648604,-0.02774852914601797,-0.0007041263694648604,-0.02774852914601797,0.45475285408691307,0.4744310875755914,0.45475285408691307,0.4744310875755914,0.45475285408691307,0.4744310875755914,0.45475285408691307,0.4744310875755914,0.45475285408691307,0.4744310875755914,0.45475285408691307,0.4744310875755914
0.27,0.0,0.27,0.27,0.77,0.0,0.77,0.77,0.4355669070276973,0.46172318315677596,0.4355669070276973,0.46172318315677596,0.4355669070276973,0.46172318315677596,-0.009575420446973503,-0.04529174553673741,-0.009575420446973503,-0.04529174553673741,-0.009575420446973503,-0.04529174553673741,0.4355669070276973,0.46172318315677596,0.4355669070276973,0.46172318315677596,0.4355669070276973,0.46172318315677596,0.4355669070276973,0.46172318315677596,0.4355669070276973,0.46172318315677596,0.4355669070276973,0.46172318315677596
0.34,0.0764063811922755,0.34,0.34,0.66,0.0,0.66,0.66,0.7181681395199125,0.692238997678792,0.7181681395199125,0.692238997678792,0.7181681395199125,0.692238997678792,0.258287423357153,0.26077244864749344,0.258287423357153,0.26077244864749344,0.258287423357153,0.26077244864749344,0.7181681395199125,0.692238997678792,0.7181681395199125,0.692238997678792,0.7181681395199125,0.692238997678792,0.7181681395199125,0.692238997678792,0.7181681395199125,0.692238997678792,0.7181681395199125,0.692238997678792
0.31,0.0635179153094464,0.31,0.31,0.68,0.0,0.68,0.68,0.6088437207560743,0.6113050996660953,0.6088437207560743,0.6113050996660953,0.6088437207560743,0.6113050996660953,0.20339118300998066,0.1998718327321708,0.20339118300998066,0.1998718327321708,0.20339118300998066,0.1998718327321708,0.6088437207560743,0.6113050996660953,0.6088437207560743,0.6113050996660953,0.6088437207560743,0.6113050996660953,0.6088437207560743,0.6113050996660953,0.6088437207560743,0.6113050996660953,0.6088437207560743,0.6113050996660953
0.46,0.1371045062320229,0.46,0.46,0.66,0.0,0.66,0.66,0.5739486143625675,0.5886213990467005,0.5739486143625675,0.5886213990467005,0.5739486143625675,0.5886213990467005,0.12678318770166205,0.19615849738345084,0.12678318770166205,0.19615849738345084,0.12678318770166205,0.19615849738345084,0.5739486143625675,0.5886213990467005,0.5739486143625675,0.5886213990467005,0.5739486143625675,0.5886213990467005,0.5739486143625675,0.5886213990467005,0.5739486143625675,0.5886213990467005,0.5739486143625675,0.5886213990467005
0.55,0.0449915110356538,0.55,0.55,0.71,0.0,0.71,0.71,0.6752133282969748,0.6153810505658321,0.6752133282969748,0.6153810505658321,0.6752133282969748,0.6153810505658321,0.05401764118648657,0.08818722139367542,0.05401764118648657,0.08818722139367542,0.05401764118648657,0.08818722139367542,0.6752133282969748,0.6153810505658321,0.6752133282969748,0.6153810505658321,0.6752133282969748,0.6153810505658321,0.6752133282969748,0.6153810505658321,0.6752133282969748,0.6153810505658321,0.6752133282969748,0.6153810505658321
0.68,0.0,0.68,0.68,0.85,0.0,0.85,0.85,0.750758648448693,0.6654103572256249,0.750758648448693,0.6654103572256249,0.750758648448693,0.6654103572256249,-0.023534359155411626,0.009364822153494066,-0.023534359155411626,0.009364822153494066,-0.023534359155411626,0.009364822153494066,0.750758648448693,0.6654103572256249,0.750758648448693,0.6654103572256249,0.750758648448693,0.6654103572256249,0.750758648448693,0.6654103572256249,0.750758648448693,0.6654103572256249,0.750758648448693,0.6654103572256249
0.76,0.0,0.76,0.76,0.91,0.0,0.91,0.91,0.5639761261931293,0.5289141782521802,0.5639761261931293,0.5289141782521802,0.5639761261931293,0.5289141782521802,0.008944542956276686,0.009539405502454025,0.008944542956276686,0.009539405502454025,0.008944542956276686,0.009539405502454025,0.5639761261931293,0.5289141782521802,0.5639761261931293,0.5289141782521802,0.5639761261931293,0.5289141782521802,0.5639761261931293,0.5289141782521802,0.5639761261931293,0.5289141782521802,0.5639761261931293,0.5289141782521802
0.72,0.0,0.72,0.72,0.97,0.8529411764705882,0.97,0.97,0.6125475370943722,0.5760822861731593,0.6125475370943722,0.5760822861731593,0.6125475370943722,0.5760822861731593,0.01719388150508722,0.03845919717350594,0.01719388150508722,0.03845919717350594,0.01719388150508722,0.03845919717350594,0.6125475370943722,0.5760822861731593,0.6125475370943722,0.5760822861731593,0.6125475370943722,0.5760822861731593,0.6125475370943722,0.5760822861731593,0.6125475370943722,0.5760822861731593,0.6125475370943722,0.5760822861731593
0.75,0.0,0.75,0.75,0.72,0.2802056555269923,0.72,0.72,0.5914295601878783,0.5823994099305355,0.5914295601878783,0.5823994099305355,0.5914295601878783,0.5823994099305355,0.012810788998146437,-0.01640896838626511,0.012810788998146437,-0.01640896838626511,0.012810788998146437,-0.01640896838626511,0.5914295601878783,0.5823994099305355,0.5914295601878783,0.5823994099305355,0.5914295601878783,0.5823994099305355,0.5914295601878783,0.5823994099305355,0.5914295601878783,0.5823994099305355,0.5914295601878783,0.5823994099305355
0.75,0.0,0.75,0.75,0.62,0.1792656587473001,0.62,0.62,0.6312806475396164,0.560316864031048,0.6312806475396164,0.560316864031048,0.6312806475396164,0.560316864031048,-0.020707676195552843,-0.007609231328820804,-0.020707676195552843,-0.007609231328820804,-0.020707676195552843,-0.007609231328820804,0.6312806475396164,0.560316864031048,0.6312806475396164,0.560316864031048,0.6312806475396164,0.560316864031048,0.6312806475396164,0.560316864031048,0.6312806475396164,0.560316864031048,0.6312806475396164,0.560316864031048
0.71,0.0,0.71,0.71,0.48,0.0,0.48,0.48,0.5705687828416165,0.5404863074644796,0.5705687828416165,0.5404863074644796,0.5705687828416165,0.5404863074644796,0.019952340970266262,0.02293513730178601,0.019952340970266262,0.02293513730178601,0.019952340970266262,0.02293513730178601,0.5705687828416165,0.5404863074644796,0.5705687828416165,0.5404863074644796,0.5705687828416165,0.5404863074644796,0.5705687828416165,0.5404863074644796,0.5705687828416165,0.5404863074644796,0.5705687828416165,0.5404863074644796
0.76,0.0,0.76,0.76,0.37,0.0,0.37,0.37,0.6647091462579492,0.671930555712259,0.6647091462579492,0.671930555712259,0.6647091462579492,0.671930555712259,0.016307818556738685,0.0096863488532422,0.016307818556738685,0.0096863488532422,0.016307818556738685,0.0096863488532422,0.6647091462579492,0.671930555712259,0.6647091462579492,0.671930555712259,0.6647091462579492,0.671930555712259,0.6647091462579492,0.671930555712259,0.6647091462579492,0.671930555712259,0.6647091462579492,0.671930555712259
0.6,0.2223950233281493,0.6,0.6,0.35,0.0,0.35,0.35,0.7091924636364555,0.6740662170286443,0.7091924636364555,0.6740662170286443,0.7091924636364555,0.6740662170286443,0.20712891463251054,0.2368934642846943,0.20712891463251054,0.2368934642846943,0.20712891463251054,0.2368934642846943,0.7091924636364555,0.6740662170286443,0.7091924636364555,0.6740662170286443,0.7091924636364555,0.6740662170286443,0.7091924636364555,0.6740662170286443,0.7091924636364555,0.6740662170286443,0.7091924636364555,0.6740662170286443
0.7,0.3218806509945749,0.7,0.7,0.49,0.0,0.49,0.49,0.6678460289545879,0.6048971631575193,0.6678460289545879,0.6048971631575193,0.6678460289545879,0.6048971631575193,0.2846874832096408,0.26973219948789007,0.2846874832096408,0.26973219948789007,0.2846874832096408,0.26973219948789007,0.6678460289545879,0.6048971631575193,0.6678460289545879,0.6048971631575193,0.6678460289545879,0.6048971631575193,0.6678460289545879,0.6048971631575193,0.6678460289545879,0.6048971631575193,0.6678460289545879,0.6048971631575193
0.66,0.2784380305602717,0.66,0.66,0.58,0.0,0.58,0.58,0.6728422843516458,0.615462495056489,0.6728422843516458,0.615462495056489,0.6728422843516458,0.615462495056489,0.2822202561335202,0.26772547549350534,0.2822202561335202,0.26772547549350534,0.2822202561335202,0.26772547549350534,0.6728422843516458,0.615462495056489,0.6728422843516458,0.615462495056489,0.6728422843516458,0.615462495056489,0.6728422843516458,0.615462495056489,0.6728422843516458,0.615462495056489,0.6728422843516458,0.615462495056489
0.79,0.3155149934810951,0.79,0.79,0.65,0.0,0.65,0.65,0.6654273361494119,0.5215121166406749,0.6654273361494119,0.5215121166406749,0.6654273361494119,0.5215121166406749,0.09827416156134958,0.045222413695548844,0.09827416156134958,0.045222413695548844,0.09827416156134958,0.045222413695548844,0.6654273361494119,0.5215121166406749,0.6654273361494119,0.5215121166406749,0.6654273361494119,0.5215121166406749,0.6654273361494119,0.5215121166406749,0.6654273361494119,0.5215121166406749,0.6654273361494119,0.5215121166406749
0.85,0.0,0.85,0.85,0.35,0.0,0.35,0.35,0.718567747156214,0.6179342305578096,0.718567747156214,0.6179342305578096,0.718567747156214,0.6179342305578096,-0.015497600311370563,0.026821751422944046,-0.015497600311370563,0.026821751422944046,-0.015497600311370563,0.026821751422944046,0.718567747156214,0.6179342305578096,0.718567747156214,0.6179342305578096,0.718567747156214,0.6179342305578096,0.718567747156214,0.6179342305578096,0.718567747156214,0.6179342305578096,0.718567747156214,0.6179342305578096
0.78,0.0,0.78,0.78,0.27,0.0,0.27,0.27,0.6890379219925694,0.630328669783902,0.6890379219925694,0.630328669783902,0.6890379219925694,0.630328669783902,-0.013781620423093582,0.032053566951988195,-0.013781620423093582,0.032053566951988195,-0.013781620423093582,0.032053566951988195,0.6890379219925694,0.630328669783902,0.6890379219925694,0.630328669783902,0.6890379219925694,0.630328669783902,0.6890379219925694,0.630328669783902,0.6890379219925694,0.630328669783902,0.6890379219925694,0.630328669783902
0.76,0.0,0.76,0.76,0.34,0.0764063811922755,0.34,0.34,0.5530018356971288,0.5041302902019006,0.5530018356971288,0.5041302902019006,0.5530018356971288,0.5041302902019006,-0.011485037684273678,0.02497449699153064,-0.011485037684273678,0.02497449699153064,-0.011485037684273678,0.02497449699153064,0.5530018356971288,0.5041302902019006,0.5530018356971288,0.5041302902019006,0.5530018356971288,0.5041302902019006,0.5530018356971288,0.5041302902019006,0.5530018356971288,0.5041302902019006,0.5530018356971288,0.5041302902019006
0.59,0.0,0.59,0.59,0.31,0.0635179153094464,0.31,0.31,0.4789396421696148,0.49828577652572403,0.4789396421696148,0.49828577652572403,0.4789396421696148,0.49828577652572403,-0.003055355909821867,0.003293995254219925,-0.003055355909821867,0.003293995254219925,-0.003055355909821867,0.003293995254219925,0.4789396421696148,0.49828577652572403,0.4789396421696148,0.49828577652572403,0.4789396421696148,0.49828577652572403,0.4789396421696148,0.49828577652572403,0.4789396421696148,0.49828577652572403,0.4789396421696148,0.49828577652572403
0.5,0.0,0.5,0.5,0.46,0.1371045062320229,0.46,0.46,0.5672048187175555,0.5141559783634829,0.5672048187175555,0.5141559783634829,0.5672048187175555,0.5141559783634829,-0.012812867572337544,-0.0019866436166167617,-0.012812867572337544,-0.0019866436166167617,-0.012812867572337544,-0.0019866436166167617,0.5672048187175555,0.5141559783634829,0.5672048187175555,0.5141559783634829,0.5672048187175555,0.5141559783634829,0.5672048187175555,0.5141559783634829,0.5672048187175555,0.5141559783634829,0.5672048187175555,0.5141559783634829
0.51,0.0,0.51,0.51,0.55,0.0449915110356538,0.55,0.55,0.49461551510008384,0.483201774450225,0.49461551510008384,0.483201774450225,0.49461551510008384,0.483201774450225,0.0018827097365654568,-0.020113951222536692,0.0018827097365654568,-0.020113951222536692,0.0018827097365654568,-0.020113951222536692,0.49461551510008384,0.483201774450225,0.49461551510008384,0.483201774450225,0.49461551510008384,0.483201774450225,0.49461551510008384,0.483201774450225,0.49461551510008384,0.483201774450225,0.49461551510008384,0.483201774450225
0.53,0.0,0.53,0.53,0.68,0.0,0.68,0.68,0.4713084965823167,0.6113170199037373,0.4713084965823167,0.6113170199037373,0.4713084965823167,0.6113170199037373,0.00133498034275213,-0.0344625320049499,0.00133498034275213,-0.0344625320049499,0.00133498034275213,-0.0344625320049499,0.4713084965823167,0.6113170199037373,0.4713084965823167,0.6113170199037373,0.4713084965823167,0.6113170199037373,0.4713084965823167,0.6113170199037373,0.4713084965823167,0.6113170199037373,0.4713084965823167,0.6113170199037373
0.7,0.2378048780487804,0.7,0.7,0.76,0.0,0.76,0.76,0.5709411265741323,0.6189901055191313,0.5709411265741323,0.6189901055191313,0.5709411265741323,0.6189901055191313,0.2100476320692901,0.15385526303841482,0.2100476320692901,0.15385526303841482,0.2100476320692901,0.15385526303841482,0.5709411265741323,0.6189901055191313,0.5709411265741323,0.6189901055191313,0.5709411265741323,0.6189901055191313,0.5709411265741323,0.6189901055191313,0.5709411265741323,0.6189901055191313,0.5709411265741323,0.6189901055191313
0.76,0.2874109263657957,0.76,0.76,0.72,0.0,0.72,0.72,0.6170078558649509,0.6235683155748573,0.6170078558649509,0.6235683155748573,0.6170078558649509,0.6235683155748573,0.2723100236014896,0.25380728510291306,0.2723100236014896,0.25380728510291306,0.2723100236014896,0.25380728510291306,0.6170078558649509,0.6235683155748573,0.6170078558649509,0.6235683155748573,0.6170078558649509,0.6235683155748573,0.6170078558649509,0.6235683155748573,0.6170078558649509,0.6235683155748573,0.6170078558649509,0.6235683155748573
0.78,0.3193069306930692,0.78,0.78,0.75,0.0,0.75,0.75,0.6929689386083775,0.6437157049566842,0.6929689386083775,0.6437157049566842,0.6929689386083775,0.6437157049566842,0.2097613508641578,0.1929795251691976,0.2097613508641578,0.1929795251691976,0.2097613508641578,0.1929795251691976,0.6929689386083775,0.6437157049566842,0.6929689386083775,0.6437157049566842,0.6929689386083775,0.6437157049566842,0.6929689386083775,0.6437157049566842,0.6929689386083775,0.6437157049566842,0.6929689386083775,0.6437157049566842
0.61,0.1038602941176469,0.61,0.61,0.75,0.0,0.75,0.75,0.5894597730228197,0.518193548726626,0.5894597730228197,0.518193548726626,0.5894597730228197,0.518193548726626,0.1900691250216027,0.16662868608876372,0.1900691250216027,0.16662868608876372,0.1900691250216027,0.16662868608876372,0.5894597730228197,0.518193548726626,0.5894597730228197,0.518193548726626,0.5894597730228197,0.518193548726626,0.5894597730228197,0.518193548726626,0.5894597730228197,0.518193548726626,0.5894597730228197,0.518193548726626
0.59,0.0,0.59,0.59,0.71,0.0,0.71,0.71,0.5593185056655725,0.5031715799937876,0.5593185056655725,0.5031715799937876,0.5593185056655725,0.5031715799937876,-0.020897869325554853,-0.0039562493465414225,-0.020897869325554853,-0.0039562493465414225,-0.020897869325554853,-0.0039562493465414225,0.5593185056655725,0.5031715799937876,0.5593185056655725,0.5031715799937876,0.5593185056655725,0.5031715799937876,0.5593185056655725,0.5031715799937876,0.5593185056655725,0.5031715799937876,0.5593185056655725,0.5031715799937876
0.58,0.0,0.58,0.58,0.76,0.0,0.76,0.76,0.660955978235368,0.6015905799169404,0.660955978235368,0.6015905799169404,0.660955978235368,0.6015905799169404,-0.025670441988127058,0.030476516964182705,-0.025670441988127058,0.030476516964182705,-0.025670441988127058,0.030476516964182705,0.660955978235368,0.6015905799169404,0.660955978235368,0.6015905799169404,0.660955978235368,0.6015905799169404,0.660955978235368,0.6015905799169404,0.660955978235368,0.6015905799169404,0.660955978235368,0.6015905799169404
0.7,0.0,0.7,0.7,0.6,0.2223950233281493,0.6,0.6,0.585165024127012,0.5795133652571534,0.585165024127012,0.5795133652571534,0.585165024127012,0.5795133652571534,-0.010263806442229611,0.014187964136753444,-0.010263806442229611,0.014187964136753444,-0.010263806442229611,0.014187964136753444,0.585165024127012,0.5795133652571534,0.585165024127012,0.5795133652571534,0.585165024127012,0.5795133652571534,0.585165024127012,0.5795133652571534,0.585165024127012,0.5795133652571534,0.585165024127012,0.5795133652571534
0.64,0.0,0.64,0.64,0.7,0.3218806509945749,0.7,0.7,0.4906720873462408,0.5186106868889598,0.4906720873462408,0.5186106868889598,0.4906720873462408,0.5186106868889598,-0.008963326990129864,0.0035185820523048923,-0.008963326990129864,0.0035185820523048923,-0.008963326990129864,0.0035185820523048923,0.4906720873462408,0.5186106868889598,0.4906720873462408,0.5186106868889598,0.4906720873462408,0.5186106868889598,0.4906720873462408,0.5186106868889598,0.4906720873462408,0.5186106868889598,0.4906720873462408,0.5186106868889598
0.61,0.0,0.61,0.61,0.66,0.2784380305602717,0.66,0.66,0.5627595027815535,0.5927619711946687,0.5627595027815535,0.5927619711946687,0.5627595027815535,0.5927619711946687,-0.030124858472335862,-0.05368742941312362,-0.030124858472335862,-0.05368742941312362,-0.030124858472335862,-0.05368742941312362,0.5627595027815535,0.5927619711946687,0.5627595027815535,0.5927619711946687,0.5627595027815535,0.5927619711946687,0.5627595027815535,0.5927619711946687,0.5627595027815535,0.5927619711946687,0.5627595027815535,0.5927619711946687
0.58,0.0,0.58,0.58,0.79,0.3155149934810951,0.79,0.79,0.545113914831583,0.57517350421532,0.545113914831583,0.57517350421532,0.545113914831583,0.57517350421532,-0.03108668967206292,0.00823783803468189,-0.03108668967206292,0.00823783803468189,-0.03108668967206292,0.00823783803468189,0.545113914831583,0.57517350421532,0.545113914831583,0.57517350421532,0.545113914831583,0.57517350421532,0.545113914831583,0.57517350421532,0.545113914831583,0.57517350421532,0.545113914831583,0.57517350421532
0.63,0.0,0.63,0.63,0.85,0.0,0.85,0.85,0.5998160875048054,0.6663160544369875,0.5998160875048054,0.6663160544369875,0.5998160875048054,0.6663160544369875,-0.016220212253927786,0.02936159857903444,-0.016220212253927786,0.02936159857903444,-0.016220212253927786,0.02936159857903444,0.5998160875048054,0.6663160544369875,0.5998160875048054,0.6663160544369875,0.5998160875048054,0.6663160544369875,0.5998160875048054,0.6663160544369875,0.5998160875048054,0.6663160544369875,0.5998160875048054,0.6663160544369875
0.73,0.1059602649006623,0.73,0.73,0.78,0.0,0.78,0.78,0.6161534514701779,0.6238621205567291,0.6161534514701779,0.6238621205567291,0.6161534514701779,0.6238621205567291,0.2589046370626512,0.2565396441750678,0.2589046370626512,0.2565396441750678,0.2589046370626512,0.2565396441750678,0.6161534514701779,0.6238621205567291,0.6161534514701779,0.6238621205567291,0.6161534514701779,0.6238621205567291,0.6161534514701779,0.6238621205567291,0.6161534514701779,0.6238621205567291,0.6161534514701779,0.6238621205567291
0.79,0.4385026737967914,0.79,0.79,0.76,0.0,0.76,0.76,0.574199569732924,0.623782706287933,0.574199569732924,0.623782706287933,0.574199569732924,0.623782706287933,0.31362665771023845,0.2355557726885839,0.31362665771023845,0.2355557726885839,0.31362665771023845,0.2355557726885839,0.574199569732924,0.623782706287933,0.574199569732924,0.623782706287933,0.574199569732924,0.623782706287933,0.574199569732924,0.623782706287933,0.574199569732924,0.623782706287933,0.574199569732924,0.623782706287933
0.91,0.7249388753056234,0.91,0.91,0.59,0.0,0.59,0.59,0.7137080889104339,0.6333336059480605,0.7137080889104339,0.6333336059480605,0.7137080889104339,0.6333336059480605,0.284858648992723,0.2590602360711742,0.284858648992723,0.2590602360711742,0.284858648992723,0.2590602360711742,0.7137080889104339,0.6333336059480605,0.7137080889104339,0.6333336059480605,0.7137080889104339,0.6333336059480605,0.7137080889104339,0.6333336059480605,0.7137080889104339,0.6333336059480605,0.7137080889104339,0.6333336059480605
0.9,0.7002398081534772,0.9,0.9,0.5,0.0,0.5,0.5,0.6591909466595909,0.5896624676511467,0.6591909466595909,0.5896624676511467,0.6591909466595909,0.5896624676511467,0.25527250501860477,0.21419729478067898,0.25527250501860477,0.21419729478067898,0.25527250501860477,0.21419729478067898,0.6591909466595909,0.5896624676511467,0.6591909466595909,0.5896624676511467,0.6591909466595909,0.5896624676511467,0.6591909466595909,0.5896624676511467,0.6591909466595909,0.5896624676511467,0.6591909466595909,0.5896624676511467
0.87,0.2793791574279378,0.87,0.87,0.51,0.0,0.51,0.51,0.7069623252846278,0.6287718118626127,0.7069623252846278,0.6287718118626127,0.7069623252846278,0.6287718118626127,0.21852687279786145,0.2568864766899364,0.21852687279786145,0.2568864766899364,0.21852687279786145,0.2568864766899364,0.7069623252846278,0.6287718118626127,0.7069623252846278,0.6287718118626127,0.7069623252846278,0.6287718118626127,0.7069623252846278,0.6287718118626127,0.7069623252846278,0.6287718118626127,0.7069623252846278,0.6287718118626127
0.89,0.0,0.89,0.89,0.53,0.0,0.53,0.53,0.6893178934794587,0.6701939343979039,0.6893178934794587,0.6701939343979039,0.6893178934794587,0.6701939343979039,-0.02969854372441945,-0.012754871804843852,-0.02969854372441945,-0.012754871804843852,-0.02969854372441945,-0.012754871804843852,0.6893178934794587,0.6701939343979039,0.6893178934794587,0.6701939343979039,0.6893178934794587,0.6701939343979039,0.6893178934794587,0.6701939343979039,0.6893178934794587,0.6701939343979039,0.6893178934794587,0.6701939343979039
0.79,0.0,0.79,0.79,0.7,0.2378048780487804,0.7,0.7,0.6473865312946858,0.623389734484016,0.6473865312946858,0.623389734484016,0.6473865312946858,0.623389734484016,-0.025631374498001624,-0.007131896622684012,-0.025631374498001624,-0.007131896622684012,-0.025631374498001624,-0.007131896622684012,0.6473865312946858,0.623389734484016,0.6473865312946858,0.623389734484016,0.6473865312946858,0.623389734484016,0.6473865312946858,0.623389734484016,0.6473865312946858,0.623389734484016,0.6473865312946858,0.623389734484016
0.76,0.0,0.76,0.76,0.76,0.2874109263657957,0.76,0.76,0.6785824568986708,0.6671919949328988,0.6785824568986708,0.6671919949328988,0.6785824568986708,0.6671919949328988,0.0137396429168943,0.03289196621016837,0.0137396429168943,0.03289196621016837,0.0137396429168943,0.03289196621016837,0.6785824568986708,0.6671919949328988,0.6785824568986708,0.6671919949328988,0.6785824568986708,0.6671919949328988,0.6785824568986708,0.6671919949328988,0.6785824568986708,0.6671919949328988,0.6785824568986708,0.6671919949328988
0.7,0.0,0.7,0.7,0.78,0.3193069306930692,0.78,0.78,0.7421406183453517,0.6848092476741693,0.7421406183453517,0.6848092476741693,0.7421406183453517,0.6848092476741693,-0.01921767178913014,-0.006302637250414673,-0.01921767178913014,-0.006302637250414673,-0.01921767178913014,-0.006302637250414673,0.7421406183453517,0.6848092476741693,0.7421406183453517,0.6848092476741693,0.7421406183453517,0.6848092476741693,0.7421406183453517,0.6848092476741693,0.7421406183453517,0.6848092476741693,0.7421406183453517,0.6848092476741693
0.72,0.0,0.72,0.72,0.61,0.1038602941176469,0.61,0.61,0.6167757391669542,0.5862267970074869,0.6167757391669542,0.5862267970074869,0.6167757391669542,0.5862267970074869,-0.029110372724976567,-0.020284839844832685,-0.029110372724976567,-0.020284839844832685,-0.029110372724976567,-0.020284839844832685,0.6167757391669542,0.5862267970074869,0.6167757391669542,0.5862267970074869,0.6167757391669542,0.5862267970074869,0.6167757391669542,0.5862267970074869,0.6167757391669542,0.5862267970074869,0.6167757391669542,0.5862267970074869
0.62,0.0311065782763895,0.62,0.62,0.59,0.0,0.59,0.59,0.6319385110259343,0.561291852613585,0.6319385110259343,0.561291852613585,0.6319385110259343,0.561291852613585,0.1296366573012345,0.00885699240502294,0.1296366573012345,0.00885699240502294,0.1296366573012345,0.00885699240502294,0.6319385110259343,0.561291852613585,0.6319385110259343,0.561291852613585,0.6319385110259343,0.561291852613585,0.6319385110259343,0.561291852613585,0.6319385110259343,0.561291852613585,0.6319385110259343,0.561291852613585
0.67,0.2289719626168224,0.67,0.67,0.58,0.0,0.58,0.58,0.6391987250067211,0.5998648929348684,0.6391987250067211,0.5998648929348684,0.6391987250067211,0.5998648929348684,0.23989127744296623,0.19969513013544077,0.23989127744296623,0.19969513013544077,0.23989127744296623,0.19969513013544077,0.6391987250067211,0.5998648929348684,0.6391987250067211,0.5998648929348684,0.6391987250067211,0.5998648929348684,0.6391987250067211,0.5998648929348684,0.6391987250067211,0.5998648929348684,0.6391987250067211,0.5998648929348684
0.67,0.2775831873905429,0.67,0.67,0.7,0.0,0.7,0.7,0.7641900877958687,0.7110642947521452,0.7641900877958687,0.7110642947521452,0.7641900877958687,0.7110642947521452,0.2594577816763631,0.2253874398825326,0.2594577816763631,0.2253874398825326,0.2594577816763631,0.2253874398825326,0.7641900877958687,0.7110642947521452,0.7641900877958687,0.7110642947521452,0.7641900877958687,0.7110642947521452,0.7641900877958687,0.7110642947521452,0.7641900877958687,0.7110642947521452,0.7641900877958687,0.7110642947521452
0.84,0.5616438356164384,0.84,0.84,0.64,0.0,0.64,0.64,0.6798371211390869,0.7057966691568786,0.6798371211390869,0.7057966691568786,0.6798371211390869,0.7057966691568786,0.23593309262340356,0.19257627183393916,0.23593309262340356,0.19257627183393916,0.23593309262340356,0.19257627183393916,0.6798371211390869,0.7057966691568786,0.6798371211390869,0.7057966691568786,0.6798371211390869,0.7057966691568786,0.6798371211390869,0.7057966691568786,0.6798371211390869,0.7057966691568786,0.6798371211390869,0.7057966691568786
0.81,0.4716351501668521,0.81,0.81,0.61,0.0,0.61,0.61,0.696983869460218,0.6226529598249532,0.696983869460218,0.6226529598249532,0.696983869460218,0.6226529598249532,0.19300023258503815,0.14780727994524887,0.19300023258503815,0.14780727994524887,0.19300023258503815,0.14780727994524887,0.696983869460218,0.6226529598249532,0.696983869460218,0.6226529598249532,0.696983869460218,0.6226529598249532,0.696983869460218,0.6226529598249532,0.696983869460218,0.6226529598249532,0.696983869460218,0.6226529598249532
0.83,0.0,0.83,0.83,0.58,0.0,0.58,0.58,0.730580165636921,0.6005449532741255,0.730580165636921,0.6005449532741255,0.730580165636921,0.6005449532741255,0.0006427413625327972,0.04077654169799118,0.0006427413625327972,0.04077654169799118,0.0006427413625327972,0.04077654169799118,0.730580165636921,0.6005449532741255,0.730580165636921,0.6005449532741255,0.730580165636921,0.6005449532741255,0.730580165636921,0.6005449532741255,0.730580165636921,0.6005449532741255,0.730580165636921,0.6005449532741255
0.72,0.0,0.72,0.72,0.63,0.0,0.63,0.63,0.715100453767543,0.6142537345221875,0.715100453767543,0.6142537345221875,0.715100453767543,0.6142537345221875,0.018931500283760082,0.032455619368158994,0.018931500283760082,0.032455619368158994,0.018931500283760082,0.032455619368158994,0.715100453767543,0.6142537345221875,0.715100453767543,0.6142537345221875,0.715100453767543,0.6142537345221875,0.715100453767543,0.6142537345221875,0.715100453767543,0.6142537345221875,0.715100453767543,0.6142537345221875
0.66,0.0,0.66,0.66,0.73,0.1059602649006623,0.73,0.73,0.5648515135910169,0.5288492361105647,0.5648515135910169,0.5288492361105647,0.5648515135910169,0.5288492361105647,0.0025682645412732907,0.007582593978416914,0.0025682645412732907,0.007582593978416914,0.0025682645412732907,0.007582593978416914,0.5648515135910169,0.5288492361105647,0.5648515135910169,0.5288492361105647,0.5648515135910169,0.5288492361105647,0.5648515135910169,0.5288492361105647,0.5648515135910169,0.5288492361105647,0.5648515135910169,0.5288492361105647
0.62,0.0,0.62,0.62,0.79,0.4385026737967914,0.79,0.79,0.5384631850674565,0.5482733477040067,0.5384631850674565,0.5482733477040067,0.5384631850674565,0.5482733477040067,-0.010298120366084906,0.010399970182999384,-0.010298120366084906,0.010399970182999384,-0.010298120366084906,0.010399970182999384,0.5384631850674565,0.5482733477040067,0.5384631850674565,0.5482733477040067,0.5384631850674565,0.5482733477040067,0.5384631850674565,0.5482733477040067,0.5384631850674565,0.5482733477040067,0.5384631850674565,0.5482733477040067
0.6,0.0,0.6,0.6,0.91,0.7249388753056234,0.91,0.91,0.5576307747148795,0.6058282479810132,0.5576307747148795,0.6058282479810132,0.5576307747148795,0.6058282479810132,-0.013187350817568971,0.034719830222487126,-0.013187350817568971,0.034719830222487126,-0.013187350817568971,0.034719830222487126,0.5576307747148795,0.6058282479810132,0.5576307747148795,0.6058282479810132,0.5576307747148795,0.6058282479810132,0.5576307747148795,0.6058282479810132,0.5576307747148795,0.6058282479810132,0.5576307747148795,0.6058282479810132
0.72,0.0,0.72,0.72,0.9,0.7002398081534772,0.9,0.9,0.5882361518168621,0.5971960179460319,0.5882361518168621,0.5971960179460319,0.5882361518168621,0.5971960179460319,-0.011644396070463331,0.028846566813664286,-0.011644396070463331,0.028846566813664286,-0.011644396070463331,0.028846566813664286,0.5882361518168621,0.5971960179460319,0.5882361518168621,0.5971960179460319,0.5882361518168621,0.5971960179460319,0.5882361518168621,0.5971960179460319,0.5882361518168621,0.5971960179460319,0.5882361518168621,0.5971960179460319
0.62,0.0,0.62,0.62,0.87,0.2793791574279378,0.87,0.87,0.6147184592152065,0.6707290115258104,0.6147184592152065,0.6707290115258104,0.6147184592152065,0.6707290115258104,0.010824001329425228,0.006097713949658109,0.010824001329425228,0.006097713949658109,0.010824001329425228,0.006097713949658109,0.6147184592152065,0.6707290115258104,0.6147184592152065,0.6707290115258104,0.6147184592152065,0.6707290115258104,0.6147184592152065,0.6707290115258104,0.6147184592152065,0.6707290115258104,0.6147184592152065,0.6707290115258104
0.75,0.0558912386706947,0.75,0.75,0.89,0.0,0.89,0.89,0.6809530890786734,0.666588002181157,0.6809530890786734,0.666588002181157,0.6809530890786734,0.666588002181157,0.1684087403571644,0.022831020701350797,0.1684087403571644,0.022831020701350797,0.1684087403571644,0.022831020701350797,0.6809530890786734,0.666588002181157,0.6809530890786734,0.666588002181157,0.6809530890786734,0.666588002181157,0.6809530890786734,0.666588002181157,0.6809530890786734,0.666588002181157,0.6809530890786734,0.666588002181157
0.75,0.339323467230444,0.75,0.75,0.79,0.0,0.79,0.79,0.6280857269065471,0.6238549872747905,0.6280857269065471,0.6238549872747905,0.6280857269065471,0.6238549872747905,0.21650390854831966,0.2199088387332493,0.21650390854831966,0.2199088387332493,0.21650390854831966,0.2199088387332493,0.6280857269065471,0.6238549872747905,0.6280857269065471,0.6238549872747905,0.6280857269065471,0.6238549872747905,0.6280857269065471,0.6238549872747905,0.6280857269065471,0.6238549872747905,0.6280857269065471,0.6238549872747905
0.81,0.5031380753138075,0.81,0.81,0.76,0.0,0.76,0.76,0.7203680326101161,0.6910801217235757,0.7203680326101161,0.6910801217235757,0.7203680326101161,0.6910801217235757,0.24477009194134375,0.2063167438260414,0.24477009194134375,0.2063167438260414,0.24477009194134375,0.2063167438260414,0.7203680326101161,0.6910801217235757,0.7203680326101161,0.6910801217235757,0.7203680326101161,0.6910801217235757,0.7203680326101161,0.6910801217235757,0.7203680326101161,0.6910801217235757,0.7203680326101161,0.6910801217235757
0.85,0.6323529411764706,0.85,0.85,0.7,0.0,0.7,0.7,0.6937323688362736,0.6905327756174389,0.6937323688362736,0.6905327756174389,0.6937323688362736,0.6905327756174389,0.24548011189250937,0.20007097182218794,0.24548011189250937,0.20007097182218794,0.24548011189250937,0.20007097182218794,0.6937323688362736,0.6905327756174389,0.6937323688362736,0.6905327756174389,0.6937323688362736,0.6905327756174389,0.6937323688362736,0.6905327756174389,0.6937323688362736,0.6905327756174389,0.6937323688362736,0.6905327756174389
0.8,0.4051160023795359,0.8,0.8,0.72,0.0,0.72,0.72,0.6358555167101169,0.616830519533221,0.6358555167101169,0.616830519533221,0.6358555167101169,0.616830519533221,0.2310206857602084,0.21712559071924026,0.2310206857602084,0.21712559071924026,0.2310206857602084,0.21712559071924026,0.6358555167101169,0.616830519533221,0.6358555167101169,0.616830519533221,0.6358555167101169,0.616830519533221,0.6358555167101169,0.616830519533221,0.6358555167101169,0.616830519533221,0.6358555167101169,0.616830519533221
0.72,0.306930693069307,0.72,0.72,0.62,0.0311065782763895,0.62,0.62,0.5956330712845685,0.5880253797239828,0.5956330712845685,0.5880253797239828,0.5956330712845685,0.5880253797239828,0.23104666437860766,0.23460661471716476,0.23104666437860766,0.23460661471716476,0.23104666437860766,0.23460661471716476,0.5956330712845685,0.5880253797239828,0.5956330712845685,0.5880253797239828,0.5956330712845685,0.5880253797239828,0.5956330712845685,0.5880253797239828,0.5956330712845685,0.5880253797239828,0.5956330712845685,0.5880253797239828
0.65,0.0352811466372657,0.65,0.65,0.67,0.2289719626168224,0.67,0.67,0.590199857202113,0.5888828628219285,0.590199857202113,0.5888828628219285,0.590199857202113,0.5888828628219285,0.12334537005174788,0.030107434430073375,0.12334537005174788,0.030107434430073375,0.12334537005174788,0.030107434430073375,0.590199857202113,0.5888828628219285,0.590199857202113,0.5888828628219285,0.590199857202113,0.5888828628219285,0.590199857202113,0.5888828628219285,0.590199857202113,0.5888828628219285,0.590199857202113,0.5888828628219285
0.67,0.0730337078651683,0.67,0.67,0.67,0.2775831873905429,0.67,0.67,0.7055928640327559,0.6706479931397212,0.7055928640327559,0.6706479931397212,0.7055928640327559,0.6706479931397212,0.21833464328965882,0.21954439310549198,0.21833464328965882,0.21954439310549198,0.21833464328965882,0.21954439310549198,0.7055928640327559,0.6706479931397212,0.7055928640327559,0.6706479931397212,0.7055928640327559,0.6706479931397212,0.7055928640327559,0.6706479931397212,0.7055928640327559,0.6706479931397212,0.7055928640327559,0.6706479931397212
0.79,0.0691489361702129,0.79,0.79,0.84,0.5616438356164384,0.84,0.84,0.7067618169155219,0.6421973799402384,0.7067618169155219,0.6421973799402384,0.7067618169155219,0.6421973799402384,0.2122443647075089,0.022801179872558114,0.2122443647075089,0.022801179872558114,0.2122443647075089,0.022801179872558114,0.7067618169155219,0.6421973799402384,0.7067618169155219,0.6421973799402384,0.7067618169155219,0.6421973799402384,0.7067618169155219,0.6421973799402384,0.7067618169155219,0.6421973799402384,0.7067618169155219,0.6421973799402384
0.86,0.10828025477707,0.86,0.86,0.81,0.4716351501668521,0.81,0.81,0.7774663296000541,0.7398659381037597,0.7774663296000541,0.7398659381037597,0.7774663296000541,0.7398659381037597,0.145821409538209,0.034059851222387694,0.145821409538209,0.034059851222387694,0.145821409538209,0.034059851222387694,0.7774663296000541,0.7398659381037597,0.7774663296000541,0.7398659381037597,0.7774663296000541,0.7398659381037597,0.7774663296000541,0.7398659381037597,0.7774663296000541,0.7398659381037597,0.7774663296000541,0.7398659381037597
0.75,0.0558912386706947,0.75,0.75,0.83,0.0,0.83,0.83,0.7828633557180429,0.7378961279506856,0.7828633557180429,0.7378961279506856,0.7828633557180429,0.7378961279506856,0.15321040066936586,-0.0035715754500920483,0.15321040066936586,-0.0035715754500920483,0.15321040066936586,-0.0035715754500920483,0.7828633557180429,0.7378961279506856,0.7828633557180429,0.7378961279506856,0.7828633557180429,0.7378961279506856,0.7828633557180429,0.7378961279506856,0.7828633557180429,0.7378961279506856,0.7828633557180429,0.7378961279506856
0.68,0.0401919616076785,0.68,0.68,0.72,0.0,0.72,0.72,0.6997237350212704,0.6742962549373765,0.6997237350212704,0.6742962549373765,0.6997237350212704,0.6742962549373765,0.10614254093407964,-0.06277025315614491,0.10614254093407964,-0.06277025315614491,0.10614254093407964,-0.06277025315614491,0.6997237350212704,0.6742962549373765,0.6997237350212704,0.6742962549373765,0.6997237350212704,0.6742962549373765,0.6997237350212704,0.6742962549373765,0.6997237350212704,0.6742962549373765,0.6997237350212704,0.6742962549373765
0.54,-0.0994263862332696,0.54,0.54,0.66,0.0,0.66,0.66,0.6709199207468421,0.6650654795488504,0.6709199207468421,0.6650654795488504,0.6709199207468421,0.6650654795488504,0.186054721188462,0.26471394815400684,0.186054721188462,0.26471394815400684,0.186054721188462,0.26471394815400684,0.6709199207468421,0.6650654795488504,0.6709199207468421,0.6650654795488504,0.6709199207468421,0.6650654795488504,0.6709199207468421,0.6650654795488504,0.6709199207468421,0.6650654795488504,0.6709199207468421,0.6650654795488504
0.64,-0.0273972602739727,0.64,0.64,0.62,0.0,0.62,0.62,0.5974222426950793,0.6521088919773866,0.5974222426950793,0.6521088919773866,0.5974222426950793,0.6521088919773866,0.1885897568685767,0.21017739807744032,0.1885897568685767,0.21017739807744032,0.1885897568685767,0.21017739807744032,0.5974222426950793,0.6521088919773866,0.5974222426950793,0.6521088919773866,0.5974222426950793,0.6521088919773866,0.5974222426950793,0.6521088919773866,0.5974222426950793,0.6521088919773866,0.5974222426950793,0.6521088919773866
0.74,0.0793201133144475,0.74,0.74,0.6,0.0,0.6,0.6,0.6962343579988295,0.6567990195360062,0.6962343579988295,0.6567990195360062,0.6962343579988295,0.6567990195360062,0.22415082247200888,0.1944114960191157,0.22415082247200888,0.1944114960191157,0.22415082247200888,0.1944114960191157,0.6962343579988295,0.6567990195360062,0.6962343579988295,0.6567990195360062,0.6962343579988295,0.6567990195360062,0.6962343579988295,0.6567990195360062,0.6962343579988295,0.6567990195360062,0.6962343579988295,0.6567990195360062
0.6,-0.146788990825688,0.6,0.6,0.72,0.0,0.72,0.72,0.6615960113313005,0.5591443608808585,0.6615960113313005,0.5591443608808585,0.6615960113313005,0.5591443608808585,0.1593221920479691,0.15936523681630566,0.1593221920479691,0.15936523681630566,0.1593221920479691,0.15936523681630566,0.6615960113313005,0.5591443608808585,0.6615960113313005,0.5591443608808585,0.6615960113313005,0.5591443608808585,0.6615960113313005,0.5591443608808585,0.6615960113313005,0.5591443608808585,0.6615960113313005,0.5591443608808585
0.56,0.0,0.56,0.56,0.62,0.0,0.62,0.62,0.5058378545190192,0.46704434506699455,0.5058378545190192,0.46704434506699455,0.5058378545190192,0.46704434506699455,-0.012927888761407727,0.03516530458569326,-0.012927888761407727,0.03516530458569326,-0.012927888761407727,0.03516530458569326,0.5058378545190192,0.46704434506699455,0.5058378545190192,0.46704434506699455,0.5058378545190192,0.46704434506699455,0.5058378545190192,0.46704434506699455,0.5058378545190192,0.46704434506699455,0.5058378545190192,0.46704434506699455
0.51,0.0,0.51,0.51,0.75,0.0558912386706947,0.75,0.75,0.5321983153674258,0.5140536350454131,0.5321983153674258,0.5140536350454131,0.5321983153674258,0.5140536350454131,0.02334593378402446,0.05883356146555703,0.02334593378402446,0.05883356146555703,0.02334593378402446,0.05883356146555703,0.5321983153674258,0.5140536350454131,0.5321983153674258,0.5140536350454131,0.5321983153674258,0.5140536350454131,0.5321983153674258,0.5140536350454131,0.5321983153674258,0.5140536350454131,0.5321983153674258,0.5140536350454131
0.65,0.0,0.65,0.65,0.75,0.339323467230444,0.75,0.75,0.5731248062829318,0.5719643356411203,0.5731248062829318,0.5719643356411203,0.5731248062829318,0.5719643356411203,-0.012002860635340755,0.014780716466069143,-0.012002860635340755,0.014780716466069143,-0.012002860635340755,0.014780716466069143,0.5731248062829318,0.5719643356411203,0.5731248062829318,0.5719643356411203,0.5731248062829318,0.5719643356411203,0.5731248062829318,0.5719643356411203,0.5731248062829318,0.5719643356411203,0.5731248062829318,0.5719643356411203
0.58,0.0,0.58,0.58,0.81,0.5031380753138075,0.81,0.81,0.6021534244819181,0.5796444716470263,0.6021534244819181,0.5796444716470263,0.6021534244819181,0.5796444716470263,0.007026129016076112,-0.006411885838991989,0.007026129016076112,-0.006411885838991989,0.007026129016076112,-0.006411885838991989,0.6021534244819181,0.5796444716470263,0.6021534244819181,0.5796444716470263,0.6021534244819181,0.5796444716470263,0.6021534244819181,0.5796444716470263,0.6021534244819181,0.5796444716470263,0.6021534244819181,0.5796444716470263
0.66,0.0,0.66,0.66,0.85,0.6323529411764706,0.85,0.85,0.5821538009809543,0.5615781287568977,0.5821538009809543,0.5615781287568977,0.5821538009809543,0.5615781287568977,-0.004491338987173508,0.02083887310364695,-0.004491338987173508,0.02083887310364695,-0.004491338987173508,0.02083887310364695,0.5821538009809543,0.5615781287568977,0.5821538009809543,0.5615781287568977,0.5821538009809543,0.5615781287568977,0.5821538009809543,0.5615781287568977,0.5821538009809543,0.5615781287568977,0.5821538009809543,0.5615781287568977
0.54,0.0,0.54,0.54,0.8,0.4051160023795359,0.8,0.8,0.5141481017631492,0.49144346556801166,0.5141481017631492,0.49144346556801166,0.5141481017631492,0.49144346556801166,-0.006732740069299591,-0.024633277439394155,-0.006732740069299591,-0.024633277439394155,-0.006732740069299591,-0.024633277439394155,0.5141481017631492,0.49144346556801166,0.5141481017631492,0.49144346556801166,0.5141481017631492,0.49144346556801166,0.5141481017631492,0.49144346556801166,0.5141481017631492,0.49144346556801166,0.5141481017631492,0.49144346556801166
0.68,0.0,0.68,0.68,0.72,0.306930693069307,0.72,0.72,0.5553045917513281,0.5389319462539608,0.5553045917513281,0.5389319462539608,0.5553045917513281,0.5389319462539608,-0.023614860892207573,-0.05039822599528247,-0.023614860892207573,-0.05039822599528247,-0.023614860892207573,-0.05039822599528247,0.5553045917513281,0.5389319462539608,0.5553045917513281,0.5389319462539608,0.5553045917513281,0.5389319462539608,0.5553045917513281,0.5389319462539608,0.5553045917513281,0.5389319462539608,0.5553045917513281,0.5389319462539608
0.63,0.2374278647980213,0.63,0.63,0.65,0.0352811466372657,0.65,0.65,0.596042757068438,0.5201928219956733,0.596042757068438,0.5201928219956733,0.596042757068438,0.5201928219956733,0.2287766789563712,0.19694669493583197,0.2287766789563712,0.19694669493583197,0.2287766789563712,0.19694669493583197,0.596042757068438,0.5201928219956733,0.596042757068438,0.5201928219956733,0.596042757068438,0.5201928219956733,0.596042757068438,0.5201928219956733,0.596042757068438,0.5201928219956733,0.596042757068438,0.5201928219956733
0.74,0.3722839208112023,0.74,0.74,0.67,0.0730337078651683,0.67,0.67,0.6219242683413617,0.53635517221937,0.6219242683413617,0.53635517221937,0.6219242683413617,0.53635517221937,0.269173179717847,0.23417853214020973,0.269173179717847,0.23417853214020973,0.269173179717847,0.23417853214020973,0.6219242683413617,0.53635517221937,0.6219242683413617,0.53635517221937,0.6219242683413617,0.53635517221937,0.6219242683413617,0.53635517221937,0.6219242683413617,0.53635517221937,0.6219242683413617,0.53635517221937
0.65,0.2821985233798196,0.65,0.65,0.79,0.0691489361702129,0.79,0.79,0.7010268370484786,0.715088628951971,0.7010268370484786,0.715088628951971,0.7010268370484786,0.715088628951971,0.29122502010518947,0.2572635040932304,0.29122502010518947,0.2572635040932304,0.29122502010518947,0.2572635040932304,0.7010268370484786,0.715088628951971,0.7010268370484786,0.715088628951971,0.7010268370484786,0.715088628951971,0.7010268370484786,0.715088628951971,0.7010268370484786,0.715088628951971,0.7010268370484786,0.715088628951971
0.74,0.3577075098814228,0.74,0.74,0.86,0.10828025477707,0.86,0.86,0.714224181957222,0.6093281629284703,0.714224181957222,0.6093281629284703,0.714224181957222,0.6093281629284703,0.22308994441107285,0.17762670075839893,0.22308994441107285,0.17762670075839893,0.22308994441107285,0.17762670075839893,0.714224181957222,0.6093281629284703,0.714224181957222,0.6093281629284703,0.714224181957222,0.6093281629284703,0.714224181957222,0.6093281629284703,0.714224181957222,0.6093281629284703,0.714224181957222,0.6093281629284703
0.57,0.0486725663716814,0.57,0.57,0.75,0.0558912386706947,0.75,0.75,0.6968640451109793,0.646442551992926,0.6968640451109793,0.646442551992926,0.6968640451109793,0.646442551992926,0.1188549193901427,0.04405844072845546,0.1188549193901427,0.04405844072845546,0.1188549193901427,0.04405844072845546,0.6968640451109793,0.646442551992926,0.6968640451109793,0.646442551992926,0.6968640451109793,0.646442551992926,0.6968640451109793,0.646442551992926,0.6968640451109793,0.646442551992926,0.6968640451109793,0.646442551992926
0.68,0.0,0.68,0.68,0.68,0.0401919616076785,0.68,0.68,0.5620637399315732,0.5417188745901926,0.5620637399315732,0.5417188745901926,0.5620637399315732,0.5417188745901926,-0.000316767705027553,-0.005284655714313595,-0.000316767705027553,-0.005284655714313595,-0.000316767705027553,-0.005284655714313595,0.5620637399315732,0.5417188745901926,0.5620637399315732,0.5417188745901926,0.5620637399315732,0.5417188745901926,0.5620637399315732,0.5417188745901926,0.5620637399315732,0.5417188745901926,0.5620637399315732,0.5417188745901926
0.59,0.0,0.59,0.59,0.54,-0.0994263862332696,0.54,0.54,0.5234805739297241,0.5775197172904665,0.5234805739297241,0.5775197172904665,0.5234805739297241,0.5775197172904665,-0.014028403838846385,-0.0011374508009899538,-0.014028403838846385,-0.0011374508009899538,-0.014028403838846385,-0.0011374508009899538,0.5234805739297241,0.5775197172904665,0.5234805739297241,0.5775197172904665,0.5234805739297241,0.5775197172904665,0.5234805739297241,0.5775197172904665,0.5234805739297241,0.5775197172904665,0.5234805739297241,0.5775197172904665
0.68,0.0,0.68,0.68,0.64,-0.0273972602739727,0.64,0.64,0.5196621063998534,0.5797620068670909,0.5196621063998534,0.5797620068670909,0.5196621063998534,0.5797620068670909,0.003945992482611568,0.003689494659962202,0.003945992482611568,0.003689494659962202,0.003945992482611568,0.003689494659962202,0.5196621063998534,0.5797620068670909,0.5196621063998534,0.5797620068670909,0.5196621063998534,0.5797620068670909,0.5196621063998534,0.5797620068670909,0.5196621063998534,0.5797620068670909,0.5196621063998534,0.5797620068670909
0.72,0.0,0.72,0.72,0.74,0.0793201133144475,0.74,0.74,0.6432479535299127,0.6619427841775443,0.6432479535299127,0.6619427841775443,0.6432479535299127,0.6619427841775443,0.027983809190602577,0.04023223289831307,0.027983809190602577,0.04023223289831307,0.027983809190602577,0.04023223289831307,0.6432479535299127,0.6619427841775443,0.6432479535299127,0.6619427841775443,0.6432479535299127,0.6619427841775443,0.6432479535299127,0.6619427841775443,0.6432479535299127,0.6619427841775443,0.6432479535299127,0.6619427841775443
0.66,0.0,0.66,0.66,0.6,-0.146788990825688,0.6,0.6,0.5199478375460738,0.5172500652768831,0.5199478375460738,0.5172500652768831,0.5199478375460738,0.5172500652768831,-0.029203367461016424,-0.018204687431462748,-0.029203367461016424,-0.018204687431462748,-0.029203367461016424,-0.018204687431462748,0.5199478375460738,0.5172500652768831,0.5199478375460738,0.5172500652768831,0.5199478375460738,0.5172500652768831,0.5199478375460738,0.5172500652768831,0.5199478375460738,0.5172500652768831,0.5199478375460738,0.5172500652768831
0.56,0.0,0.56,0.56,0.56,0.0,0.56,0.56,0.6091568368736264,0.5560710131865948,0.6091568368736264,0.5560710131865948,0.6091568368736264,0.5560710131865948,-0.021838192803575653,-0.01162829968186198,-0.021838192803575653,-0.01162829968186198,-0.021838192803575653,-0.01162829968186198,0.6091568368736264,0.5560710131865948,0.6091568368736264,0.5560710131865948,0.6091568368736264,0.5560710131865948,0.6091568368736264,0.5560710131865948,0.6091568368736264,0.5560710131865948,0.6091568368736264,0.5560710131865948
0.66,0.1122715404699737,0.66,0.66,0.51,0.0,0.51,0.51,0.7106293041265916,0.6947507818871116,0.7106293041265916,0.6947507818871116,0.7106293041265916,0.6947507818871116,0.25203169875721126,0.2458892277056625,0.25203169875721126,0.2458892277056625,0.25203169875721126,0.2458892277056625,0.7106293041265916,0.6947507818871116,0.7106293041265916,0.6947507818871116,0.7106293041265916,0.6947507818871116,0.7106293041265916,0.6947507818871116,0.7106293041265916,0.6947507818871116,0.7106293041265916,0.6947507818871116
0.71,0.3028846153846153,0.71,0.71,0.65,0.0,0.65,0.65,0.764335309426872,0.7895274308136696,0.764335309426872,0.7895274308136696,0.764335309426872,0.7895274308136696,0.33120369484346357,0.24390677796187096,0.33120369484346357,0.24390677796187096,0.33120369484346357,0.24390677796187096,0.764335309426872,0.7895274308136696,0.764335309426872,0.7895274308136696,0.764335309426872,0.7895274308136696,0.764335309426872,0.7895274308136696,0.764335309426872,0.7895274308136696,0.764335309426872,0.7895274308136696
0.91,0.7019867549668874,0.91,0.91,0.58,0.0,0.58,0.58,0.617168737981789,0.5987605058463804,0.617168737981789,0.5987605058463804,0.617168737981789,0.5987605058463804,0.2763917404828217,0.238170903723197,0.2763917404828217,0.238170903723197,0.2763917404828217,0.238170903723197,0.617168737981789,0.5987605058463804,0.617168737981789,0.5987605058463804,0.617168737981789,0.5987605058463804,0.617168737981789,0.5987605058463804,0.617168737981789,0.5987605058463804,0.617168737981789,0.5987605058463804
0.84,0.5404939689833429,0.84,0.84,0.66,0.0,0.66,0.66,0.7790093673440395,0.811256260733986,0.7790093673440395,0.811256260733986,0.7790093673440395,0.811256260733986,0.5016791491847696,0.5343927529059774,0.5016791491847696,0.5343927529059774,0.5016791491847696,0.5343927529059774,0.7790093673440395,0.811256260733986,0.7790093673440395,0.811256260733986,0.7790093673440395,0.811256260733986,0.7790093673440395,0.811256260733986,0.7790093673440395,0.811256260733986,0.7790093673440395,0.811256260733986
0.69,0.0795724465558196,0.69,0.69,0.54,0.0,0.54,0.54,0.6620229264471107,0.6704015075066224,0.6620229264471107,0.6704015075066224,0.6620229264471107,0.6704015075066224,0.06565050967555153,0.1086560689929639,0.06565050967555153,0.1086560689929639,0.06565050967555153,0.1086560689929639,0.6620229264471107,0.6704015075066224,0.6620229264471107,0.6704015075066224,0.6620229264471107,0.6704015075066224,0.6620229264471107,0.6704015075066224,0.6620229264471107,0.6704015075066224,0.6620229264471107,0.6704015075066224
0.55,0.0648379052369078,0.55,0.55,0.68,0.0,0.68,0.68,0.613774053211409,0.6026095732538252,0.613774053211409,0.6026095732538252,0.613774053211409,0.6026095732538252,0.049487035485992335,0.06231738594047459,0.049487035485992335,0.06231738594047459,0.049487035485992335,0.06231738594047459,0.613774053211409,0.6026095732538252,0.613774053211409,0.6026095732538252,0.613774053211409,0.6026095732538252,0.613774053211409,0.6026095732538252,0.613774053211409,0.6026095732538252,0.613774053211409,0.6026095732538252
0.56,0.0863787375415281,0.56,0.56,0.63,0.2374278647980213,0.63,0.63,0.6261636191256006,0.6248964725242259,0.6261636191256006,0.6248964725242259,0.6261636191256006,0.6248964725242259,0.05092192492428467,0.19722246813321584,0.05092192492428467,0.19722246813321584,0.05092192492428467,0.19722246813321584,0.6261636191256006,0.6248964725242259,0.6261636191256006,0.6248964725242259,0.6261636191256006,0.6248964725242259,0.6261636191256006,0.6248964725242259,0.6261636191256006,0.6248964725242259,0.6261636191256006,0.6248964725242259
0.55,0.0831295843520781,0.55,0.55,0.74,0.3722839208112023,0.74,0.74,0.7137910889620527,0.7837061233374887,0.7137910889620527,0.7837061233374887,0.7137910889620527,0.7837061233374887,0.05810079652047062,0.23821005053919714,0.05810079652047062,0.23821005053919714,0.05810079652047062,0.23821005053919714,0.7137910889620527,0.7837061233374887,0.7137910889620527,0.7837061233374887,0.7137910889620527,0.7837061233374887,0.7137910889620527,0.7837061233374887,0.7137910889620527,0.7837061233374887,0.7137910889620527,0.7837061233374887
0.67,0.2028985507246378,0.67,0.67,0.65,0.2821985233798196,0.65,0.65,0.6757276484137478,0.6990530054242767,0.6757276484137478,0.6990530054242767,0.6757276484137478,0.6990530054242767,0.3109195260445479,0.27421268006300487,0.3109195260445479,0.27421268006300487,0.3109195260445479,0.27421268006300487,0.6757276484137478,0.6990530054242767,0.6757276484137478,0.6990530054242767,0.6757276484137478,0.6990530054242767,0.6757276484137478,0.6990530054242767,0.6757276484137478,0.6990530054242767,0.6757276484137478,0.6990530054242767
0.68,0.1886409736308315,0.68,0.68,0.74,0.3577075098814228,0.74,0.74,0.6613647050934714,0.6636967168014911,0.6613647050934714,0.6636967168014911,0.6613647050934714,0.6636967168014911,0.3256972877238938,0.25374836019446806,0.3256972877238938,0.25374836019446806,0.3256972877238938,0.25374836019446806,0.6613647050934714,0.6636967168014911,0.6613647050934714,0.6636967168014911,0.6613647050934714,0.6636967168014911,0.6613647050934714,0.6636967168014911,0.6613647050934714,0.6636967168014911,0.6613647050934714,0.6636967168014911
0.64,0.215686274509804,0.64,0.64,0.57,0.0486725663716814,0.57,0.57,0.6752344123281455,0.6574397527310145,0.6752344123281455,0.6574397527310145,0.6752344123281455,0.6574397527310145,0.3380239001000646,0.20240446042060414,0.3380239001000646,0.20240446042060414,0.3380239001000646,0.20240446042060414,0.6752344123281455,0.6574397527310145,0.6752344123281455,0.6574397527310145,0.6752344123281455,0.6574397527310145,0.6752344123281455,0.6574397527310145,0.6752344123281455,0.6574397527310145,0.6752344123281455,0.6574397527310145
0.64,0.0322580645161291,0.64,0.64,0.68,0.0,0.68,0.68,0.7942937374947086,0.747652806322977,0.7942937374947086,0.747652806322977,0.7942937374947086,0.747652806322977,0.28350007317797526,0.2733451025385999,0.28350007317797526,0.2733451025385999,0.28350007317797526,0.2733451025385999,0.7942937374947086,0.747652806322977,0.7942937374947086,0.747652806322977,0.7942937374947086,0.747652806322977,0.7942937374947086,0.747652806322977,0.7942937374947086,0.747652806322977,0.7942937374947086,0.747652806322977
0.52,-0.1342155009451795,0.52,0.52,0.59,0.0,0.59,0.59,0.824852635370231,0.728544935286424,0.824852635370231,0.728544935286424,0.824852635370231,0.728544935286424,0.3697537509259396,0.31297771471471014,0.3697537509259396,0.31297771471471014,0.3697537509259396,0.31297771471471014,0.824852635370231,0.728544935286424,0.824852635370231,0.728544935286424,0.824852635370231,0.728544935286424,0.824852635370231,0.728544935286424,0.824852635370231,0.728544935286424,0.824852635370231,0.728544935286424
0.65,-0.0057471264367816,0.65,0.65,0.68,0.0,0.68,0.68,0.7302104816391157,0.7247636891422999,0.7302104816391157,0.7247636891422999,0.7302104816391157,0.7247636891422999,0.3415550848221325,0.3191480367288791,0.3415550848221325,0.3191480367288791,0.3415550848221325,0.3191480367288791,0.7302104816391157,0.7247636891422999,0.7302104816391157,0.7247636891422999,0.7302104816391157,0.7247636891422999,0.7302104816391157,0.7247636891422999,0.7302104816391157,0.7247636891422999,0.7302104816391157,0.7247636891422999
0.51,-0.2274549098196392,0.51,0.51,0.72,0.0,0.72,0.72,0.6695098571136593,0.7096887102473463,0.6695098571136593,0.7096887102473463,0.6695098571136593,0.7096887102473463,0.28501618205371787,0.32697804738661856,0.28501618205371787,0.32697804738661856,0.28501618205371787,0.32697804738661856,0.6695098571136593,0.7096887102473463,0.6695098571136593,0.7096887102473463,0.6695098571136593,0.7096887102473463,0.6695098571136593,0.7096887102473463,0.6695098571136593,0.7096887102473463,0.6695098571136593,0.7096887102473463
0.72,0.306930693069307,0.72,0.72,0.66,0.0,0.66,0.66,0.7052077260710193,0.6924830598376899,0.7052077260710193,0.6924830598376899,0.7052077260710193,0.6924830598376899,0.4323020419262058,0.36498310970261727,0.4323020419262058,0.36498310970261727,0.4323020419262058,0.36498310970261727,0.7052077260710193,0.6924830598376899,0.7052077260710193,0.6924830598376899,0.7052077260710193,0.6924830598376899,0.7052077260710193,0.6924830598376899,0.7052077260710193,0.6924830598376899,0.7052077260710193,0.6924830598376899
0.76,0.3733681462140992,0.76,0.76,0.56,0.0,0.56,0.56,0.7080620659123557,0.7040472555020908,0.7080620659123557,0.7040472555020908,0.7080620659123557,0.7040472555020908,0.3227669908909528,0.23455619838820999,0.3227669908909528,0.23455619838820999,0.3227669908909528,0.23455619838820999,0.7080620659123557,0.7040472555020908,0.7080620659123557,0.7040472555020908,0.7080620659123557,0.7040472555020908,0.7080620659123557,0.7040472555020908,0.7080620659123557,0.7040472555020908,0.7080620659123557,0.7040472555020908
0.78,0.3608367228355608,0.78,0.78,0.66,0.1122715404699737,0.66,0.66,0.7460660545325261,0.7599840261006885,0.7460660545325261,0.7599840261006885,0.7460660545325261,0.7599840261006885,0.3324181832704339,0.2794260736593588,0.3324181832704339,0.2794260736593588,0.3324181832704339,0.2794260736593588,0.7460660545325261,0.7599840261006885,0.7460660545325261,0.7599840261006885,0.7460660545325261,0.7599840261006885,0.7460660545325261,0.7599840261006885,0.7460660545325261,0.7599840261006885,0.7460660545325261,0.7599840261006885
0.86,0.1935483870967741,0.86,0.86,0.71,0.3028846153846153,0.71,0.71,0.6980972328084583,0.6853630758443058,0.6980972328084583,0.6853630758443058,0.6980972328084583,0.6853630758443058,0.12434539782661969,0.09033767269075274,0.12434539782661969,0.09033767269075274,0.12434539782661969,0.09033767269075274,0.6980972328084583,0.6853630758443058,0.6980972328084583,0.6853630758443058,0.6980972328084583,0.6853630758443058,0.6980972328084583,0.6853630758443058,0.6980972328084583,0.6853630758443058,0.6980972328084583,0.6853630758443058
0.83,0.1600790513833992,0.83,0.83,0.91,0.7019867549668874,0.91,0.91,0.6859577188916617,0.7167508515359684,0.6859577188916617,0.7167508515359684,0.6859577188916617,0.7167508515359684,0.10058551784823591,0.11976164894417214,0.10058551784823591,0.11976164894417214,0.10058551784823591,0.11976164894417214,0.6859577188916617,0.7167508515359684,0.6859577188916617,0.7167508515359684,0.6859577188916617,0.7167508515359684,0.6859577188916617,0.7167508515359684,0.6859577188916617,0.7167508515359684,0.6859577188916617,0.7167508515359684
0.79,0.0,0.79,0.79,0.84,0.5404939689833429,0.84,0.84,0.6933657367360507,0.7723011011775047,0.6933657367360507,0.7723011011775047,0.6933657367360507,0.7723011011775047,-0.04602517146408983,-0.05555956189553775,-0.04602517146408983,-0.05555956189553775,-0.04602517146408983,-0.05555956189553775,0.6933657367360507,0.7723011011775047,0.6933657367360507,0.7723011011775047,0.6933657367360507,0.7723011011775047,0.6933657367360507,0.7723011011775047,0.6933657367360507,0.7723011011775047,0.6933657367360507,0.7723011011775047
0.81,0.5441458733205374,0.81,0.81,0.69,0.0795724465558196,0.69,0.69,0.6371006523663553,0.6833531963923906,0.6371006523663553,0.6833531963923906,0.6371006523663553,0.6833531963923906,0.25594497948048717,0.19817398075799922,0.25594497948048717,0.19817398075799922,0.25594497948048717,0.19817398075799922,0.6371006523663553,0.6833531963923906,0.6371006523663553,0.6833531963923906,0.6371006523663553,0.6833531963923906,0.6371006523663553,0.6833531963923906,0.6371006523663553,0.6833531963923906,0.6371006523663553,0.6833531963923906
0.77,0.4590780809031044,0.77,0.77,0.55,0.0648379052369078,0.55,0.55,0.7208079080165156,0.7167494951106479,0.7208079080165156,0.7167494951106479,0.7208079080165156,0.7167494951106479,0.3092643001448875,0.23304337921453075,0.3092643001448875,0.23304337921453075,0.3092643001448875,0.23304337921453075,0.7208079080165156,0.7167494951106479,0.7208079080165156,0.7167494951106479,0.7208079080165156,0.7167494951106479,0.7208079080165156,0.7167494951106479,0.7208079080165156,0.7167494951106479,0.7208079080165156,0.7167494951106479
0.76,0.5123933360422592,0.76,0.76,0.56,0.0863787375415281,0.56,0.56,0.7804792061201878,0.7411205237993759,0.7804792061201878,0.7411205237993759,0.7804792061201878,0.7411205237993759,0.3213237139958091,0.2970550090035241,0.3213237139958091,0.2970550090035241,0.3213237139958091,0.2970550090035241,0.7804792061201878,0.7411205237993759,0.7804792061201878,0.7411205237993759,0.7804792061201878,0.7411205237993759,0.7804792061201878,0.7411205237993759,0.7804792061201878,0.7411205237993759,0.7804792061201878,0.7411205237993759
0.8,0.5012468827930174,0.8,0.8,0.55,0.0831295843520781,0.55,0.55,0.7953823880333493,0.7877372271765885,0.7953823880333493,0.7877372271765885,0.7953823880333493,0.7877372271765885,0.40505489473359624,0.43213626798076454,0.40505489473359624,0.43213626798076454,0.40505489473359624,0.43213626798076454,0.7953823880333493,0.7877372271765885,0.7953823880333493,0.7877372271765885,0.7953823880333493,0.7877372271765885,0.7953823880333493,0.7877372271765885,0.7953823880333493,0.7877372271765885,0.7953823880333493,0.7877372271765885
0.66,0.1759573436742607,0.66,0.66,0.67,0.2028985507246378,0.67,0.67,0.8112050623498326,0.7962880696811019,0.8112050623498326,0.7962880696811019,0.8112050623498326,0.7962880696811019,0.46352664144497213,0.5242460805465422,0.46352664144497213,0.5242460805465422,0.46352664144497213,0.5242460805465422,0.8112050623498326,0.7962880696811019,0.8112050623498326,0.7962880696811019,0.8112050623498326,0.7962880696811019,0.8112050623498326,0.7962880696811019,0.8112050623498326,0.7962880696811019,0.8112050623498326,0.7962880696811019
0.71,0.1158536585365852,0.71,0.71,0.68,0.1886409736308315,0.68,0.68,0.7155822140720519,0.6821145995373551,0.7155822140720519,0.6821145995373551,0.7155822140720519,0.6821145995373551,0.29613355631557975,0.22099943424320412,0.29613355631557975,0.22099943424320412,0.29613355631557975,0.22099943424320412,0.7155822140720519,0.6821145995373551,0.7155822140720519,0.6821145995373551,0.7155822140720519,0.6821145995373551,0.7155822140720519,0.6821145995373551,0.7155822140720519,0.6821145995373551,0.7155822140720519,0.6821145995373551
0.54,0.0464344941956881,0.54,0.54,0.64,0.215686274509804,0.64,0.64,0.6551621780649182,0.6489604669787,0.6551621780649182,0.6489604669787,0.6551621780649182,0.6489604669787,0.0686404667989662,0.29539513735919454,0.0686404667989662,0.29539513735919454,0.0686404667989662,0.29539513735919454,0.6551621780649182,0.6489604669787,0.6551621780649182,0.6489604669787,0.6551621780649182,0.6489604669787,0.6551621780649182,0.6489604669787,0.6551621780649182,0.6489604669787,0.6551621780649182,0.6489604669787
0.52,0.0577149587750294,0.52,0.52,0.64,0.0322580645161291,0.64,0.64,0.6523705185267862,0.6964218152327893,0.6523705185267862,0.6964218152327893,0.6523705185267862,0.6964218152327893,0.11373453843211273,0.23049554083342422,0.11373453843211273,0.23049554083342422,0.11373453843211273,0.23049554083342422,0.6523705185267862,0.6964218152327893,0.6523705185267862,0.6964218152327893,0.6523705185267862,0.6964218152327893,0.6523705185267862,0.6964218152327893,0.6523705185267862,0.6964218152327893,0.6523705185267862,0.6964218152327893
0.55,0.0234375,0.55,0.55,0.52,-0.1342155009451795,0.52,0.52,0.671641632347471,0.668210893281324,0.671641632347471,0.668210893281324,0.671641632347471,0.668210893281324,-0.003926988698502858,0.07694887619476258,-0.003926988698502858,0.07694887619476258,-0.003926988698502858,0.07694887619476258,0.671641632347471,0.668210893281324,0.671641632347471,0.668210893281324,0.671641632347471,0.668210893281324,0.671641632347471,0.668210893281324,0.671641632347471,0.668210893281324,0.671641632347471,0.668210893281324
0.59,0.0,0.59,0.59,0.65,-0.0057471264367816,0.65,0.65,0.7249437219978088,0.726095060389813,0.7249437219978088,0.726095060389813,0.7249437219978088,0.726095060389813,-0.07540551983677872,0.03207566921095443,-0.07540551983677872,0.03207566921095443,-0.07540551983677872,0.03207566921095443,0.7249437219978088,0.726095060389813,0.7249437219978088,0.726095060389813,0.7249437219978088,0.726095060389813,0.7249437219978088,0.726095060389813,0.7249437219978088,0.726095060389813,0.7249437219978088,0.726095060389813
0.7,0.0,0.7,0.7,0.51,-0.2274549098196392,0.51,0.51,0.6882151394146976,0.7309653946510827,0.6882151394146976,0.7309653946510827,0.6882151394146976,0.7309653946510827,-0.07722706337975467,0.02369619825198746,-0.07722706337975467,0.02369619825198746,-0.07722706337975467,0.02369619825198746,0.6882151394146976,0.7309653946510827,0.6882151394146976,0.7309653946510827,0.6882151394146976,0.7309653946510827,0.6882151394146976,0.7309653946510827,0.6882151394146976,0.7309653946510827,0.6882151394146976,0.7309653946510827
0.58,0.0,0.58,0.58,0.72,0.306930693069307,0.72,0.72,0.7123164973954975,0.721496854165317,0.7123164973954975,0.721496854165317,0.7123164973954975,0.721496854165317,-0.06718072204161415,0.05020965389280818,-0.06718072204161415,0.05020965389280818,-0.06718072204161415,0.05020965389280818,0.7123164973954975,0.721496854165317,0.7123164973954975,0.721496854165317,0.7123164973954975,0.721496854165317,0.7123164973954975,0.721496854165317,0.7123164973954975,0.721496854165317,0.7123164973954975,0.721496854165317
0.71,-0.0386819484240688,0.71,0.71,0.76,0.3733681462140992,0.76,0.76,0.5951367387636274,0.5970844134737942,0.5951367387636274,0.5970844134737942,0.5951367387636274,0.5970844134737942,-0.03481230788215718,0.10776844121833981,-0.03481230788215718,0.10776844121833981,-0.03481230788215718,0.10776844121833981,0.5951367387636274,0.5970844134737942,0.5951367387636274,0.5970844134737942,0.5951367387636274,0.5970844134737942,0.5951367387636274,0.5970844134737942,0.5951367387636274,0.5970844134737942,0.5951367387636274,0.5970844134737942
0.71,0.2800397219463754,0.71,0.71,0.78,0.3608367228355608,0.78,0.78,0.6414805238141597,0.5872845570776258,0.6414805238141597,0.5872845570776258,0.6414805238141597,0.5872845570776258,0.24419120489348223,0.2363735024568417,0.24419120489348223,0.2363735024568417,0.24419120489348223,0.2363735024568417,0.6414805238141597,0.5872845570776258,0.6414805238141597,0.5872845570776258,0.6414805238141597,0.5872845570776258,0.6414805238141597,0.5872845570776258,0.6414805238141597,0.5872845570776258,0.6414805238141597,0.5872845570776258
0.78,0.3972602739726028,0.78,0.78,0.86,0.1935483870967741,0.86,0.86,0.7487887700715037,0.6582048743529104,0.7487887700715037,0.6582048743529104,0.7487887700715037,0.6582048743529104,0.3354983343262263,0.2858456871964893,0.3354983343262263,0.2858456871964893,0.3354983343262263,0.2858456871964893,0.7487887700715037,0.6582048743529104,0.7487887700715037,0.6582048743529104,0.7487887700715037,0.6582048743529104,0.7487887700715037,0.6582048743529104,0.7487887700715037,0.6582048743529104,0.7487887700715037,0.6582048743529104
0.69,0.2504835589941973,0.69,0.69,0.83,0.1600790513833992,0.83,0.83,0.7770510926853753,0.7663056400525939,0.7770510926853753,0.7663056400525939,0.7770510926853753,0.7663056400525939,0.2932803985403415,0.33790563705510906,0.2932803985403415,0.33790563705510906,0.2932803985403415,0.33790563705510906,0.7770510926853753,0.7663056400525939,0.7770510926853753,0.7663056400525939,0.7770510926853753,0.7663056400525939,0.7770510926853753,0.7663056400525939,0.7770510926853753,0.7663056400525939,0.7770510926853753,0.7663056400525939
0.52,0.1004497751124438,0.52,0.52,0.79,0.0,0.79,0.79,0.6647002070266584,0.6170668802263795,0.6647002070266584,0.6170668802263795,0.6647002070266584,0.6170668802263795,0.11973566877377653,0.16485665259540114,0.11973566877377653,0.16485665259540114,0.11973566877377653,0.16485665259540114,0.6647002070266584,0.6170668802263795,0.6647002070266584,0.6170668802263795,0.6647002070266584,0.6170668802263795,0.6647002070266584,0.6170668802263795,0.6647002070266584,0.6170668802263795,0.6647002070266584,0.6170668802263795
0.46,0.0,0.46,0.46,0.81,0.5441458733205374,0.81,0.81,0.6343854477340265,0.6315492763596444,0.6343854477340265,0.6315492763596444,0.6343854477340265,0.6315492763596444,-0.026592735067220166,0.12466567815218792,-0.026592735067220166,0.12466567815218792,-0.026592735067220166,0.12466567815218792,0.6343854477340265,0.6315492763596444,0.6343854477340265,0.6315492763596444,0.6343854477340265,0.6315492763596444,0.6343854477340265,0.6315492763596444,0.6343854477340265,0.6315492763596444,0.6343854477340265,0.6315492763596444
0.49,0.0,0.49,0.49,0.77,0.4590780809031044,0.77,0.77,0.6973870249909361,0.733044600043273,0.6973870249909361,0.733044600043273,0.6973870249909361,0.733044600043273,-0.01323576396662306,0.09159364608913027,-0.01323576396662306,0.09159364608913027,-0.01323576396662306,0.09159364608913027,0.6973870249909361,0.733044600043273,0.6973870249909361,0.733044600043273,0.6973870249909361,0.733044600043273,0.6973870249909361,0.733044600043273,0.6973870249909361,0.733044600043273,0.6973870249909361,0.733044600043273
0.47,0.0,0.47,0.47,0.76,0.5123933360422592,0.76,0.76,0.5942332651641916,0.5691755438165612,0.5942332651641916,0.5691755438165612,0.5942332651641916,0.5691755438165612,-0.0008353978508923807,0.027211711731751638,-0.0008353978508923807,0.027211711731751638,-0.0008353978508923807,0.027211711731751638,0.5942332651641916,0.5691755438165612,0.5942332651641916,0.5691755438165612,0.5942332651641916,0.5691755438165612,0.5942332651641916,0.5691755438165612,0.5942332651641916,0.5691755438165612,0.5942332651641916,0.5691755438165612
0.41,0.0,0.41,0.41,0.8,0.5012468827930174,0.8,0.8,0.6130363770754772,0.5821722536176418,0.6130363770754772,0.5821722536176418,0.6130363770754772,0.5821722536176418,0.009376327645083924,0.03920238142900269,0.009376327645083924,0.03920238142900269,0.009376327645083924,0.03920238142900269,0.6130363770754772,0.5821722536176418,0.6130363770754772,0.5821722536176418,0.6130363770754772,0.5821722536176418,0.6130363770754772,0.5821722536176418,0.6130363770754772,0.5821722536176418,0.6130363770754772,0.5821722536176418
0.52,0.0,0.52,0.52,0.66,0.1759573436742607,0.66,0.66,0.5955222117375666,0.5607005719979883,0.5955222117375666,0.5607005719979883,0.5955222117375666,0.5607005719979883,-0.006850960471836634,0.012134879352114583,-0.006850960471836634,0.012134879352114583,-0.006850960471836634,0.012134879352114583,0.5955222117375666,0.5607005719979883,0.5955222117375666,0.5607005719979883,0.5955222117375666,0.5607005719979883,0.5955222117375666,0.5607005719979883,0.5955222117375666,0.5607005719979883,0.5955222117375666,0.5607005719979883
0.64,0.0,0.64,0.64,0.71,0.1158536585365852,0.71,0.71,0.6302479038875711,0.6582652910538428,0.6302479038875711,0.6582652910538428,0.6302479038875711,0.6582652910538428,0.007287676750294547,0.08250418655259352,0.007287676750294547,0.08250418655259352,0.007287676750294547,0.08250418655259352,0.6302479038875711,0.6582652910538428,0.6302479038875711,0.6582652910538428,0.6302479038875711,0.6582652910538428,0.6302479038875711,0.6582652910538428,0.6302479038875711,0.6582652910538428,0.6302479038875711,0.6582652910538428
0.73,0.0,0.73,0.73,0.54,0.0464344941956881,0.54,0.54,0.6652293290262818,0.5862946369999148,0.6652293290262818,0.5862946369999148,0.6652293290262818,0.5862946369999148,-0.028754264410261295,0.06439289133387201,-0.028754264410261295,0.06439289133387201,-0.028754264410261295,0.06439289133387201,0.6652293290262818,0.5862946369999148,0.6652293290262818,0.5862946369999148,0.6652293290262818,0.5862946369999148,0.6652293290262818,0.5862946369999148,0.6652293290262818,0.5862946369999148,0.6652293290262818,0.5862946369999148
0.8,0.4826694257630626,0.8,0.8,0.52,0.0577149587750294,0.52,0.52,0.7035687823576173,0.6209990294218845,0.7035687823576173,0.6209990294218845,0.7035687823576173,0.6209990294218845,0.28448581448600285,0.22023422167681958,0.28448581448600285,0.22023422167681958,0.28448581448600285,0.22023422167681958,0.7035687823576173,0.6209990294218845,0.7035687823576173,0.6209990294218845,0.7035687823576173,0.6209990294218845,0.7035687823576173,0.6209990294218845,0.7035687823576173,0.6209990294218845,0.7035687823576173,0.6209990294218845
0.66,0.3006993006993007,0.66,0.66,0.55,0.0234375,0.55,0.55,0.7199213199795513,0.6218657740622361,0.7199213199795513,0.6218657740622361,0.7199213199795513,0.6218657740622361,0.3940280426545349,0.40365164390032,0.3940280426545349,0.40365164390032,0.3940280426545349,0.40365164390032,0.7199213199795513,0.6218657740622361,0.7199213199795513,0.6218657740622361,0.7199213199795513,0.6218657740622361,0.7199213199795513,0.6218657740622361,0.7199213199795513,0.6218657740622361,0.7199213199795513,0.6218657740622361
0.65,0.3180046765393608,0.65,0.65,0.59,0.0,0.59,0.59,0.6733430411085082,0.654979340438896,0.6733430411085082,0.654979340438896,0.6733430411085082,0.654979340438896,0.42912273637446136,0.4599995317269316,0.42912273637446136,0.4599995317269316,0.42912273637446136,0.4599995317269316,0.6733430411085082,0.654979340438896,0.6733430411085082,0.654979340438896,0.6733430411085082,0.654979340438896,0.6733430411085082,0.654979340438896,0.6733430411085082,0.654979340438896,0.6733430411085082,0.654979340438896
0.63,0.3223443223443223,0.63,0.63,0.7,0.0,0.7,0.7,0.7380634400593789,0.6909444479193528,0.7380634400593789,0.6909444479193528,0.7380634400593789,0.6909444479193528,0.43110940488321536,0.4006228790883296,0.43110940488321536,0.4006228790883296,0.43110940488321536,0.4006228790883296,0.7380634400593789,0.6909444479193528,0.7380634400593789,0.6909444479193528,0.7380634400593789,0.6909444479193528,0.7380634400593789,0.6909444479193528,0.7380634400593789,0.6909444479193528,0.7380634400593789,0.6909444479193528
0.56,0.1574109536576023,0.56,0.56,0.58,0.0,0.58,0.58,0.7822958378592508,0.779721733261024,0.7822958378592508,0.779721733261024,0.7822958378592508,0.779721733261024,0.16314463912532773,0.29955808606868206,0.16314463912532773,0.29955808606868206,0.16314463912532773,0.29955808606868206,0.7822958378592508,0.779721733261024,0.7822958378592508,0.779721733261024,0.7822958378592508,0.779721733261024,0.7822958378592508,0.779721733261024,0.7822958378592508,0.779721733261024,0.7822958378592508,0.779721733261024
0.7,0.1181657848324514,0.7,0.7,0.71,-0.0386819484240688,0.71,0.71,0.6783286573802789,0.7360637298172445,0.6783286573802789,0.7360637298172445,0.6783286573802789,0.7360637298172445,0.04534554360644216,0.18740002168232892,0.04534554360644216,0.18740002168232892,0.04534554360644216,0.18740002168232892,0.6783286573802789,0.7360637298172445,0.6783286573802789,0.7360637298172445,0.6783286573802789,0.7360637298172445,0.6783286573802789,0.7360637298172445,0.6783286573802789,0.7360637298172445,0.6783286573802789,0.7360637298172445
0.66,0.0368271954674219,0.66,0.66,0.71,0.2800397219463754,0.71,0.71,0.6659248249350783,0.7556339138960011,0.6659248249350783,0.7556339138960011,0.6659248249350783,0.7556339138960011,0.11176889661489821,0.011902877584682782,0.11176889661489821,0.011902877584682782,0.11176889661489821,0.011902877584682782,0.6659248249350783,0.7556339138960011,0.6659248249350783,0.7556339138960011,0.6659248249350783,0.7556339138960011,0.6659248249350783,0.7556339138960011,0.6659248249350783,0.7556339138960011,0.6659248249350783,0.7556339138960011
0.71,0.0,0.71,0.71,0.78,0.3972602739726028,0.78,0.78,0.6849697464454785,0.720908993262156,0.6849697464454785,0.720908993262156,0.6849697464454785,0.720908993262156,-0.03652343266130003,0.003053516293756892,-0.03652343266130003,0.003053516293756892,-0.03652343266130003,0.003053516293756892,0.6849697464454785,0.720908993262156,0.6849697464454785,0.720908993262156,0.6849697464454785,0.720908993262156,0.6849697464454785,0.720908993262156,0.6849697464454785,0.720908993262156,0.6849697464454785,0.720908993262156
0.6,0.0,0.6,0.6,0.69,0.2504835589941973,0.69,0.69,0.6637135359239978,0.633722989098076,0.6637135359239978,0.633722989098076,0.6637135359239978,0.633722989098076,-0.03378545385918041,0.06246312163409305,-0.03378545385918041,0.06246312163409305,-0.03378545385918041,0.06246312163409305,0.6637135359239978,0.633722989098076,0.6637135359239978,0.633722989098076,0.6637135359239978,0.633722989098076,0.6637135359239978,0.633722989098076,0.6637135359239978,0.633722989098076,0.6637135359239978,0.633722989098076
0.56,0.0,0.56,0.56,0.52,0.1004497751124438,0.52,0.52,0.7075356027511543,0.6263212054360341,0.7075356027511543,0.6263212054360341,0.7075356027511543,0.6263212054360341,0.0011367565996445125,0.0748319736656429,0.0011367565996445125,0.0748319736656429,0.0011367565996445125,0.0748319736656429,0.7075356027511543,0.6263212054360341,0.7075356027511543,0.6263212054360341,0.7075356027511543,0.6263212054360341,0.7075356027511543,0.6263212054360341,0.7075356027511543,0.6263212054360341,0.7075356027511543,0.6263212054360341
0.51,0.0,0.51,0.51,0.46,0.0,0.46,0.46,0.704760149490273,0.5978422002295066,0.704760149490273,0.5978422002295066,0.704760149490273,0.5978422002295066,0.012556447466424068,0.0939917043176193,0.012556447466424068,0.0939917043176193,0.012556447466424068,0.0939917043176193,0.704760149490273,0.5978422002295066,0.704760149490273,0.5978422002295066,0.704760149490273,0.5978422002295066,0.704760149490273,0.5978422002295066,0.704760149490273,0.5978422002295066,0.704760149490273,0.5978422002295066
0.56,0.0983606557377049,0.56,0.56,0.49,0.0,0.49,0.49,0.703436268697833,0.642732177789158,0.703436268697833,0.642732177789158,0.703436268697833,0.642732177789158,0.1910559678456519,0.2803252893019843,0.1910559678456519,0.2803252893019843,0.1910559678456519,0.2803252893019843,0.703436268697833,0.642732177789158,0.703436268697833,0.642732177789158,0.703436268697833,0.642732177789158,0.703436268697833,0.642732177789158,0.703436268697833,0.642732177789158,0.703436268697833,0.642732177789158
0.57,0.1730769230769231,0.57,0.57,0.47,0.0,0.47,0.47,0.741943790346995,0.6466259025681041,0.741943790346995,0.6466259025681041,0.741943790346995,0.6466259025681041,0.3380966587755867,0.3902875208962184,0.3380966587755867,0.3902875208962184,0.3380966587755867,0.3902875208962184,0.741943790346995,0.6466259025681041,0.741943790346995,0.6466259025681041,0.741943790346995,0.6466259025681041,0.741943790346995,0.6466259025681041,0.741943790346995,0.6466259025681041,0.741943790346995,0.6466259025681041
0.67,0.3368167202572347,0.67,0.67,0.41,0.0,0.41,0.41,0.7295224569039802,0.6866558004949415,0.7295224569039802,0.6866558004949415,0.7295224569039802,0.6866558004949415,0.4804376604768301,0.5015985254771671,0.4804376604768301,0.5015985254771671,0.4804376604768301,0.5015985254771671,0.7295224569039802,0.6866558004949415,0.7295224569039802,0.6866558004949415,0.7295224569039802,0.6866558004949415,0.7295224569039802,0.6866558004949415,0.7295224569039802,0.6866558004949415,0.7295224569039802,0.6866558004949415
0.67,0.309623430962343,0.67,0.67,0.52,0.0,0.52,0.52,0.6798869417285764,0.665882184028904,0.6798869417285764,0.665882184028904,0.6798869417285764,0.665882184028904,0.418140632558742,0.4417763424724348,0.418140632558742,0.4417763424724348,0.418140632558742,0.4417763424724348,0.6798869417285764,0.665882184028904,0.6798869417285764,0.665882184028904,0.6798869417285764,0.665882184028904,0.6798869417285764,0.665882184028904,0.6798869417285764,0.665882184028904,0.6798869417285764,0.665882184028904
0.63,0.1281809613572101,0.63,0.63,0.64,0.0,0.64,0.64,0.7313583103326323,0.726779640951046,0.7313583103326323,0.726779640951046,0.7313583103326323,0.726779640951046,0.1917028392283471,0.2611438667701518,0.1917028392283471,0.2611438667701518,0.1917028392283471,0.2611438667701518,0.7313583103326323,0.726779640951046,0.7313583103326323,0.726779640951046,0.7313583103326323,0.726779640951046,0.7313583103326323,0.726779640951046,0.7313583103326323,0.726779640951046,0.7313583103326323,0.726779640951046
0.7,-0.0197144799456152,0.7,0.7,0.73,0.0,0.73,0.73,0.6830916501089794,0.7083778143709305,0.6830916501089794,0.7083778143709305,0.6830916501089794,0.7083778143709305,0.010372390374627206,0.09472237164222327,0.010372390374627206,0.09472237164222327,0.010372390374627206,0.09472237164222327,0.6830916501089794,0.7083778143709305,0.6830916501089794,0.7083778143709305,0.6830916501089794,0.7083778143709305,0.6830916501089794,0.7083778143709305,0.6830916501089794,0.7083778143709305,0.6830916501089794,0.7083778143709305
0.63,0.0,0.63,0.63,0.8,0.4826694257630626,0.8,0.8,0.6668184760916835,0.6658378422951683,0.6668184760916835,0.6658378422951683,0.6668184760916835,0.6658378422951683,0.002154891360460754,0.08142604890102344,0.002154891360460754,0.08142604890102344,0.002154891360460754,0.08142604890102344,0.6668184760916835,0.6658378422951683,0.6668184760916835,0.6658378422951683,0.6668184760916835,0.6658378422951683,0.6668184760916835,0.6658378422951683,0.6668184760916835,0.6658378422951683,0.6668184760916835,0.6658378422951683
0.61,0.0,0.61,0.61,0.66,0.3006993006993007,0.66,0.66,0.6338322279281733,0.6227376061004753,0.6338322279281733,0.6227376061004753,0.6338322279281733,0.6227376061004753,-0.007307575017545414,0.0505242510788763,-0.007307575017545414,0.0505242510788763,-0.007307575017545414,0.0505242510788763,0.6338322279281733,0.6227376061004753,0.6338322279281733,0.6227376061004753,0.6338322279281733,0.6227376061004753,0.6338322279281733,0.6227376061004753,0.6338322279281733,0.6227376061004753,0.6338322279281733,0.6227376061004753
0.47,0.0,0.47,0.47,0.65,0.3180046765393608,0.65,0.65,0.6126203070724227,0.5716066467550511,0.6126203070724227,0.5716066467550511,0.6126203070724227,0.5716066467550511,-0.03692460812859304,0.02637410576795566,-0.03692460812859304,0.02637410576795566,-0.03692460812859304,0.02637410576795566,0.6126203070724227,0.5716066467550511,0.6126203070724227,0.5716066467550511,0.6126203070724227,0.5716066467550511,0.6126203070724227,0.5716066467550511,0.6126203070724227,0.5716066467550511,0.6126203070724227,0.5716066467550511
0.56,0.0,0.56,0.56,0.63,0.3223443223443223,0.63,0.63,0.712649539500051,0.6571293607638637,0.712649539500051,0.6571293607638637,0.712649539500051,0.6571293607638637,-0.010539352183263101,0.0449903023060574,-0.010539352183263101,0.0449903023060574,-0.010539352183263101,0.0449903023060574,0.712649539500051,0.6571293607638637,0.712649539500051,0.6571293607638637,0.712649539500051,0.6571293607638637,0.712649539500051,0.6571293607638637,0.712649539500051,0.6571293607638637,0.712649539500051,0.6571293607638637
0.45,0.0,0.45,0.45,0.56,0.1574109536576023,0.56,0.56,0.693059978271002,0.5786747773334397,0.693059978271002,0.5786747773334397,0.693059978271002,0.5786747773334397,-0.015560468146584381,0.06152377087592322,-0.015560468146584381,0.06152377087592322,-0.015560468146584381,0.06152377087592322,0.693059978271002,0.5786747773334397,0.693059978271002,0.5786747773334397,0.693059978271002,0.5786747773334397,0.693059978271002,0.5786747773334397,0.693059978271002,0.5786747773334397,0.693059978271002,0.5786747773334397
0.62,0.2612752721617418,0.62,0.62,0.7,0.1181657848324514,0.7,0.7,0.6633470930291556,0.5918723417068209,0.6633470930291556,0.5918723417068209,0.6633470930291556,0.5918723417068209,0.055026430829207204,0.21526217011542245,0.055026430829207204,0.21526217011542245,0.055026430829207204,0.21526217011542245,0.6633470930291556,0.5918723417068209,0.6633470930291556,0.5918723417068209,0.6633470930291556,0.5918723417068209,0.6633470930291556,0.5918723417068209,0.6633470930291556,0.5918723417068209,0.6633470930291556,0.5918723417068209
0.69,0.421641791044776,0.69,0.69,0.66,0.0368271954674219,0.66,0.66,0.7549526727639243,0.644960512966453,0.7549526727639243,0.644960512966453,0.7549526727639243,0.644960512966453,0.46413158051159326,0.3325401197240935,0.46413158051159326,0.3325401197240935,0.46413158051159326,0.3325401197240935,0.7549526727639243,0.644960512966453,0.7549526727639243,0.644960512966453,0.7549526727639243,0.644960512966453,0.7549526727639243,0.644960512966453,0.7549526727639243,0.644960512966453,0.7549526727639243,0.644960512966453
0.76,0.5419847328244276,0.76,0.76,0.71,0.0,0.71,0.71,0.7104046927172646,0.6846995910050848,0.7104046927172646,0.6846995910050848,0.7104046927172646,0.6846995910050848,0.4395611860757716,0.48314347088336,0.4395611860757716,0.48314347088336,0.4395611860757716,0.48314347088336,0.7104046927172646,0.6846995910050848,0.7104046927172646,0.6846995910050848,0.7104046927172646,0.6846995910050848,0.7104046927172646,0.6846995910050848,0.7104046927172646,0.6846995910050848,0.7104046927172646,0.6846995910050848
0.7,0.4436201780415431,0.7,0.7,0.6,0.0,0.6,0.6,0.7731849946055744,0.6799606019377047,0.7731849946055744,0.6799606019377047,0.7731849946055744,0.6799606019377047,0.46108323681082436,0.4687020866908922,0.46108323681082436,0.4687020866908922,0.46108323681082436,0.4687020866908922,0.7731849946055744,0.6799606019377047,0.7731849946055744,0.6799606019377047,0.7731849946055744,0.6799606019377047,0.7731849946055744,0.6799606019377047,0.7731849946055744,0.6799606019377047,0.7731849946055744,0.6799606019377047
0.51,0.1677989130434781,0.51,0.51,0.56,0.0,0.56,0.56,0.684077915269356,0.6828840564595428,0.684077915269356,0.6828840564595428,0.684077915269356,0.6828840564595428,0.2454963649678992,0.3022239601681761,0.2454963649678992,0.3022239601681761,0.2454963649678992,0.3022239601681761,0.684077915269356,0.6828840564595428,0.684077915269356,0.6828840564595428,0.684077915269356,0.6828840564595428,0.684077915269356,0.6828840564595428,0.684077915269356,0.6828840564595428,0.684077915269356,0.6828840564595428
0.6,0.2236024844720496,0.6,0.6,0.51,0.0,0.51,0.51,0.6576726726179343,0.626277915155062,0.6576726726179343,0.626277915155062,0.6576726726179343,0.626277915155062,0.1721875242968652,0.23671846857156545,0.1721875242968652,0.23671846857156545,0.1721875242968652,0.23671846857156545,0.6576726726179343,0.626277915155062,0.6576726726179343,0.626277915155062,0.6576726726179343,0.626277915155062,0.6576726726179343,0.626277915155062,0.6576726726179343,0.626277915155062,0.6576726726179343,0.626277915155062
0.51,0.0712661106899167,0.51,0.51,0.56,0.0983606557377049,0.56,0.56,0.7330291149808257,0.7293230233398198,0.7330291149808257,0.7293230233398198,0.7330291149808257,0.7293230233398198,0.12499543003358868,0.21608013914545854,0.12499543003358868,0.21608013914545854,0.12499543003358868,0.21608013914545854,0.7330291149808257,0.7293230233398198,0.7330291149808257,0.7293230233398198,0.7330291149808257,0.7293230233398198,0.7330291149808257,0.7293230233398198,0.7330291149808257,0.7293230233398198,0.7330291149808257,0.7293230233398198
0.69,0.042027194066749,0.69,0.69,0.57,0.1730769230769231,0.57,0.57,0.7254009511253185,0.6761501627884049,0.7254009511253185,0.6761501627884049,0.7254009511253185,0.6761501627884049,0.11409609162853568,0.0787856959049396,0.11409609162853568,0.0787856959049396,0.11409609162853568,0.0787856959049396,0.7254009511253185,0.6761501627884049,0.7254009511253185,0.6761501627884049,0.7254009511253185,0.6761501627884049,0.7254009511253185,0.6761501627884049,0.7254009511253185,0.6761501627884049,0.7254009511253185,0.6761501627884049
0.77,0.0619902120717782,0.77,0.77,0.67,0.3368167202572347,0.67,0.67,0.7228744518116227,0.7034787779860853,0.7228744518116227,0.7034787779860853,0.7228744518116227,0.7034787779860853,0.10999485432389995,0.021653579467565146,0.10999485432389995,0.021653579467565146,0.10999485432389995,0.021653579467565146,0.7228744518116227,0.7034787779860853,0.7228744518116227,0.7034787779860853,0.7228744518116227,0.7034787779860853,0.7228744518116227,0.7034787779860853,0.7228744518116227,0.7034787779860853,0.7228744518116227,0.7034787779860853
0.77,0.0,0.77,0.77,0.67,0.309623430962343,0.67,0.67,0.7013170655089291,0.6999095041003772,0.7013170655089291,0.6999095041003772,0.7013170655089291,0.6999095041003772,-0.06216609217241815,0.07059258499212281,-0.06216609217241815,0.07059258499212281,-0.06216609217241815,0.07059258499212281,0.7013170655089291,0.6999095041003772,0.7013170655089291,0.6999095041003772,0.7013170655089291,0.6999095041003772,0.7013170655089291,0.6999095041003772,0.7013170655089291,0.6999095041003772,0.7013170655089291,0.6999095041003772
0.65,0.0,0.65,0.65,0.63,0.1281809613572101,0.63,0.63,0.7313424318529339,0.6465184013410394,0.7313424318529339,0.6465184013410394,0.7313424318529339,0.6465184013410394,-0.07809287155013321,0.06931349354698271,-0.07809287155013321,0.06931349354698271,-0.07809287155013321,0.06931349354698271,0.7313424318529339,0.6465184013410394,0.7313424318529339,0.6465184013410394,0.7313424318529339,0.6465184013410394,0.7313424318529339,0.6465184013410394,0.7313424318529339,0.6465184013410394,0.7313424318529339,0.6465184013410394
0.6,0.1866612444082961,0.6,0.6,0.7,-0.0197144799456152,0.7,0.7,0.7059281741484521,0.6328921866200731,0.7059281741484521,0.6328921866200731,0.7059281741484521,0.6328921866200731,-0.027738629009815146,0.22085165738770357,-0.027738629009815146,0.22085165738770357,-0.027738629009815146,0.22085165738770357,0.7059281741484521,0.6328921866200731,0.7059281741484521,0.6328921866200731,0.7059281741484521,0.6328921866200731,0.7059281741484521,0.6328921866200731,0.7059281741484521,0.6328921866200731,0.7059281741484521,0.6328921866200731
0.66,0.3724621631598377,0.66,0.66,0.63,0.0,0.63,0.63,0.7638650916708603,0.6712451863939812,0.7638650916708603,0.6712451863939812,0.7638650916708603,0.6712451863939812,0.4204445099965447,0.36355183789337453,0.4204445099965447,0.36355183789337453,0.4204445099965447,0.36355183789337453,0.7638650916708603,0.6712451863939812,0.7638650916708603,0.6712451863939812,0.7638650916708603,0.6712451863939812,0.7638650916708603,0.6712451863939812,0.7638650916708603,0.6712451863939812,0.7638650916708603,0.6712451863939812
0.64,0.3468795355587809,0.64,0.64,0.61,0.0,0.61,0.61,0.7573314502266562,0.6396601608608244,0.7573314502266562,0.6396601608608244,0.7573314502266562,0.6396601608608244,0.37217224215625866,0.39374069694978275,0.37217224215625866,0.39374069694978275,0.37217224215625866,0.39374069694978275,0.7573314502266562,0.6396601608608244,0.7573314502266562,0.6396601608608244,0.7573314502266562,0.6396601608608244,0.7573314502266562,0.6396601608608244,0.7573314502266562,0.6396601608608244,0.7573314502266562,0.6396601608608244
0.68,0.4056463595839524,0.68,0.68,0.47,0.0,0.47,0.47,0.7977364687954311,0.7122115872778856,0.7977364687954311,0.7122115872778856,0.7977364687954311,0.7122115872778856,0.4361251352733192,0.4591056784466477,0.4361251352733192,0.4591056784466477,0.4361251352733192,0.4591056784466477,0.7977364687954311,0.7122115872778856,0.7977364687954311,0.7122115872778856,0.7977364687954311,0.7122115872778856,0.7977364687954311,0.7122115872778856,0.7977364687954311,0.7122115872778856,0.7977364687954311,0.7122115872778856
0.55,0.12858249419055,0.55,0.55,0.56,0.0,0.56,0.56,0.704685348223769,0.6436985480598634,0.704685348223769,0.6436985480598634,0.704685348223769,0.6436985480598634,0.22759896478197297,0.2581481204848926,0.22759896478197297,0.2581481204848926,0.22759896478197297,0.2581481204848926,0.704685348223769,0.6436985480598634,0.704685348223769,0.6436985480598634,0.704685348223769,0.6436985480598634,0.704685348223769,0.6436985480598634,0.704685348223769,0.6436985480598634,0.704685348223769,0.6436985480598634
0.47,0.0955631399317404,0.47,0.47,0.45,0.0,0.45,0.45,0.7636574078130973,0.7226054126670995,0.7636574078130973,0.7226054126670995,0.7636574078130973,0.7226054126670995,0.12487867736272196,0.2186735164006715,0.12487867736272196,0.2186735164006715,0.12487867736272196,0.2186735164006715,0.7636574078130973,0.7226054126670995,0.7636574078130973,0.7226054126670995,0.7636574078130973,0.7226054126670995,0.7636574078130973,0.7226054126670995,0.7636574078130973,0.7226054126670995,0.7636574078130973,0.7226054126670995
0.49,0.0,0.49,0.49,0.62,0.2612752721617418,0.62,0.62,0.7426059570924702,0.7061395392567809,0.7426059570924702,0.7061395392567809,0.7426059570924702,0.7061395392567809,-0.02265964529605866,0.0341978430395365,-0.02265964529605866,0.0341978430395365,-0.02265964529605866,0.0341978430395365,0.7426059570924702,0.7061395392567809,0.7426059570924702,0.7061395392567809,0.7426059570924702,0.7061395392567809,0.7426059570924702,0.7061395392567809,0.7426059570924702,0.7061395392567809,0.7426059570924702,0.7061395392567809
0.42,0.0139408364501868,0.42,0.42,0.69,0.421641791044776,0.69,0.69,0.6528596486984685,0.5723579878734292,0.6528596486984685,0.5723579878734292,0.6528596486984685,0.5723579878734292,0.22331525936784935,0.033651994053544326,0.22331525936784935,0.033651994053544326,0.22331525936784935,0.033651994053544326,0.6528596486984685,0.5723579878734292,0.6528596486984685,0.5723579878734292,0.6528596486984685,0.5723579878734292,0.6528596486984685,0.5723579878734292,0.6528596486984685,0.5723579878734292,0.6528596486984685,0.5723579878734292
0.47,0.0170623145400593,0.47,0.47,0.76,0.5419847328244276,0.76,0.76,0.6736490992039951,0.5660594220112596,0.6736490992039951,0.5660594220112596,0.6736490992039951,0.5660594220112596,0.21715039866586838,0.04365375933241381,0.21715039866586838,0.04365375933241381,0.21715039866586838,0.04365375933241381,0.6736490992039951,0.5660594220112596,0.6736490992039951,0.5660594220112596,0.6736490992039951,0.5660594220112596,0.6736490992039951,0.5660594220112596,0.6736490992039951,0.5660594220112596,0.6736490992039951,0.5660594220112596
0.57,0.0253853127833183,0.57,0.57,0.7,0.4436201780415431,0.7,0.7,0.7408943381733485,0.7051982542638255,0.7408943381733485,0.7051982542638255,0.7408943381733485,0.7051982542638255,0.13898896635074856,0.12393786518035288,0.13898896635074856,0.12393786518035288,0.13898896635074856,0.12393786518035288,0.7408943381733485,0.7051982542638255,0.7408943381733485,0.7051982542638255,0.7408943381733485,0.7051982542638255,0.7408943381733485,0.7051982542638255,0.7408943381733485,0.7051982542638255,0.7408943381733485,0.7051982542638255
0.59,0.0275142314990511,0.59,0.59,0.51,0.1677989130434781,0.51,0.51,0.7350882859082818,0.6673266993275534,0.7350882859082818,0.6673266993275534,0.7350882859082818,0.6673266993275534,0.19024252140549655,0.14791238144120966,0.19024252140549655,0.14791238144120966,0.19024252140549655,0.14791238144120966,0.7350882859082818,0.6673266993275534,0.7350882859082818,0.6673266993275534,0.7350882859082818,0.6673266993275534,0.7350882859082818,0.6673266993275534,0.7350882859082818,0.6673266993275534,0.7350882859082818,0.6673266993275534
0.55,0.0449915110356538,0.55,0.55,0.6,0.2236024844720496,0.6,0.6,0.6773630672734958,0.5814878682427828,0.6773630672734958,0.5814878682427828,0.6773630672734958,0.5814878682427828,-0.039916947808708705,0.12992014315984515,-0.039916947808708705,0.12992014315984515,-0.039916947808708705,0.12992014315984515,0.6773630672734958,0.5814878682427828,0.6773630672734958,0.5814878682427828,0.6773630672734958,0.5814878682427828,0.6773630672734958,0.5814878682427828,0.6773630672734958,0.5814878682427828,0.6773630672734958,0.5814878682427828
0.62,0.2857142857142857,0.62,0.62,0.51,0.0712661106899167,0.51,0.51,0.6782795439385748,0.5902289356640139,0.6782795439385748,0.5902289356640139,0.6782795439385748,0.5902289356640139,0.4014423791845443,0.2828070797684014,0.4014423791845443,0.2828070797684014,0.4014423791845443,0.2828070797684014,0.6782795439385748,0.5902289356640139,0.6782795439385748,0.5902289356640139,0.6782795439385748,0.5902289356640139,0.6782795439385748,0.5902289356640139,0.6782795439385748,0.5902289356640139,0.6782795439385748,0.5902289356640139
0.61,0.2723880597014925,0.61,0.61,0.69,0.042027194066749,0.69,0.69,0.715978148234024,0.6446326669422814,0.715978148234024,0.6446326669422814,0.715978148234024,0.6446326669422814,0.45538530965168966,0.39391701921366057,0.45538530965168966,0.39391701921366057,0.45538530965168966,0.39391701921366057,0.715978148234024,0.6446326669422814,0.715978148234024,0.6446326669422814,0.715978148234024,0.6446326669422814,0.715978148234024,0.6446326669422814,0.715978148234024,0.6446326669422814,0.715978148234024,0.6446326669422814
0.7,0.4210729448089539,0.7,0.7,0.77,0.0619902120717782,0.77,0.77,0.7334944640106654,0.6903960105466573,0.7334944640106654,0.6903960105466573,0.7334944640106654,0.6903960105466573,0.49125718574399274,0.47870512361420847,0.49125718574399274,0.47870512361420847,0.49125718574399274,0.47870512361420847,0.7334944640106654,0.6903960105466573,0.7334944640106654,0.6903960105466573,0.7334944640106654,0.6903960105466573,0.7334944640106654,0.6903960105466573,0.7334944640106654,0.6903960105466573,0.7334944640106654,0.6903960105466573
0.63,0.2801556420233464,0.63,0.63,0.77,0.0,0.77,0.77,0.7426511293095076,0.7086540873030455,0.7426511293095076,0.7086540873030455,0.7426511293095076,0.7086540873030455,0.3690894078537094,0.42233059790598637,0.3690894078537094,0.42233059790598637,0.3690894078537094,0.42233059790598637,0.7426511293095076,0.7086540873030455,0.7426511293095076,0.7086540873030455,0.7426511293095076,0.7086540873030455,0.7426511293095076,0.7086540873030455,0.7426511293095076,0.7086540873030455,0.7426511293095076,0.7086540873030455
0.58,0.1452991452991453,0.58,0.58,0.65,0.0,0.65,0.65,0.6938559152967007,0.6456051564280944,0.6938559152967007,0.6456051564280944,0.6938559152967007,0.6456051564280944,0.05769717038229257,0.10704752975874783,0.05769717038229257,0.10704752975874783,0.05769717038229257,0.10704752975874783,0.6938559152967007,0.6456051564280944,0.6938559152967007,0.6456051564280944,0.6938559152967007,0.6456051564280944,0.6938559152967007,0.6456051564280944,0.6938559152967007,0.6456051564280944,0.6938559152967007,0.6456051564280944
0.49,0.0,0.49,0.49,0.6,0.1866612444082961,0.6,0.6,0.6532907875956832,0.6473207719677624,0.6532907875956832,0.6473207719677624,0.6532907875956832,0.6473207719677624,-0.002453483634904641,0.04791738364166533,-0.002453483634904641,0.04791738364166533,-0.002453483634904641,0.04791738364166533,0.6532907875956832,0.6473207719677624,0.6532907875956832,0.6473207719677624,0.6532907875956832,0.6473207719677624,0.6532907875956832,0.6473207719677624,0.6532907875956832,0.6473207719677624,0.6532907875956832,0.6473207719677624
0.32,0.0,0.32,0.32,0.66,0.3724621631598377,0.66,0.66,0.6075719769216658,0.5818950833146359,0.6075719769216658,0.5818950833146359,0.6075719769216658,0.5818950833146359,-0.04172511418139284,0.05418862230441956,-0.04172511418139284,0.05418862230441956,-0.04172511418139284,0.05418862230441956,0.6075719769216658,0.5818950833146359,0.6075719769216658,0.5818950833146359,0.6075719769216658,0.5818950833146359,0.6075719769216658,0.5818950833146359,0.6075719769216658,0.5818950833146359,0.6075719769216658,0.5818950833146359
0.3,0.0,0.3,0.3,0.64,0.3468795355587809,0.64,0.64,0.716994537723092,0.7105810678330269,0.716994537723092,0.7105810678330269,0.716994537723092,0.7105810678330269,-0.014396196318872016,0.056146064245306,-0.014396196318872016,0.056146064245306,-0.014396196318872016,0.056146064245306,0.716994537723092,0.7105810678330269,0.716994537723092,0.7105810678330269,0.716994537723092,0.7105810678330269,0.716994537723092,0.7105810678330269,0.716994537723092,0.7105810678330269,0.716994537723092,0.7105810678330269
0.27,0.0,0.27,0.27,0.68,0.4056463595839524,0.68,0.68,0.6846933369392317,0.6651995921936148,0.6846933369392317,0.6651995921936148,0.6846933369392317,0.6651995921936148,-0.01895928317982492,0.08291868302061069,-0.01895928317982492,0.08291868302061069,-0.01895928317982492,0.08291868302061069,0.6846933369392317,0.6651995921936148,0.6846933369392317,0.6651995921936148,0.6846933369392317,0.6651995921936148,0.6846933369392317,0.6651995921936148,0.6846933369392317,0.6651995921936148,0.6846933369392317,0.6651995921936148
0.28,0.0,0.28,0.28,0.55,0.12858249419055,0.55,0.55,0.7284089428919615,0.6371697336618164,0.7284089428919615,0.6371697336618164,0.7284089428919615,0.6371697336618164,0.013726895215259376,0.04873788812577145,0.013726895215259376,0.04873788812577145,0.013726895215259376,0.04873788812577145,0.7284089428919615,0.6371697336618164,0.7284089428919615,0.6371697336618164,0.7284089428919615,0.6371697336618164,0.7284089428919615,0.6371697336618164,0.7284089428919615,0.6371697336618164,0.7284089428919615,0.6371697336618164
0.29,0.0,0.29,0.29,0.47,0.0955631399317404,0.47,0.47,0.3925887126490954,0.4826596310531848,0.3925887126490954,0.4826596310531848,0.3925887126490954,0.4826596310531848,-0.058929155777872916,-0.02437309185444153,-0.058929155777872916,-0.02437309185444153,-0.058929155777872916,-0.02437309185444153,0.3925887126490954,0.4826596310531848,0.3925887126490954,0.4826596310531848,0.3925887126490954,0.4826596310531848,0.3925887126490954,0.4826596310531848,0.3925887126490954,0.4826596310531848,0.3925887126490954,0.4826596310531848
0.53,0.2300131061598952,0.53,0.53,0.49,0.0,0.49,0.49,0.5967052890320935,0.5770632561888858,0.5967052890320935,0.5770632561888858,0.5967052890320935,0.5770632561888858,0.4436777493795082,0.28527469575021835,0.4436777493795082,0.28527469575021835,0.4436777493795082,0.28527469575021835,0.5967052890320935,0.5770632561888858,0.5967052890320935,0.5770632561888858,0.5967052890320935,0.5770632561888858,0.5967052890320935,0.5770632561888858,0.5967052890320935,0.5770632561888858,0.5967052890320935,0.5770632561888858
0.52,0.2133726647000983,0.52,0.52,0.42,0.0139408364501868,0.42,0.42,0.5811962097593993,0.5463977510468552,0.5811962097593993,0.5463977510468552,0.5811962097593993,0.5463977510468552,0.32818593275936314,0.2655588000933694,0.32818593275936314,0.2655588000933694,0.32818593275936314,0.2655588000933694,0.5811962097593993,0.5463977510468552,0.5811962097593993,0.5463977510468552,0.5811962097593993,0.5463977510468552,0.5811962097593993,0.5463977510468552,0.5811962097593993,0.5463977510468552,0.5811962097593993,0.5463977510468552
0.72,0.460708782742681,0.72,0.72,0.47,0.0170623145400593,0.47,0.47,0.5200938796740143,0.5525105961435904,0.5200938796740143,0.5525105961435904,0.5200938796740143,0.5525105961435904,0.3477208265596835,0.329069645101337,0.3477208265596835,0.329069645101337,0.3477208265596835,0.329069645101337,0.5200938796740143,0.5525105961435904,0.5200938796740143,0.5525105961435904,0.5200938796740143,0.5525105961435904,0.5200938796740143,0.5525105961435904,0.5200938796740143,0.5525105961435904,0.5200938796740143,0.5525105961435904
0.55,0.1824127906976744,0.55,0.55,0.57,0.0253853127833183,0.57,0.57,0.5208626603450798,0.5411335740160507,0.5208626603450798,0.5411335740160507,0.5208626603450798,0.5411335740160507,0.33227481734180153,0.29597935101218376,0.33227481734180153,0.29597935101218376,0.33227481734180153,0.29597935101218376,0.5208626603450798,0.5411335740160507,0.5208626603450798,0.5411335740160507,0.5208626603450798,0.5411335740160507,0.5208626603450798,0.5411335740160507,0.5208626603450798,0.5411335740160507,0.5208626603450798,0.5411335740160507
0.42,-0.0225669957686882,0.42,0.42,0.59,0.0275142314990511,0.59,0.59,0.4517435962617303,0.5097454438238589,0.4517435962617303,0.5097454438238589,0.4517435962617303,0.5097454438238589,0.11604135953274458,0.1478041539778449,0.11604135953274458,0.1478041539778449,0.11604135953274458,0.1478041539778449,0.4517435962617303,0.5097454438238589,0.4517435962617303,0.5097454438238589,0.4517435962617303,0.5097454438238589,0.4517435962617303,0.5097454438238589,0.4517435962617303,0.5097454438238589,0.4517435962617303,0.5097454438238589
0.39,0.0,0.39,0.39,0.55,0.0449915110356538,0.55,0.55,0.4122759189304662,0.49599000959616035,0.4122759189304662,0.49599000959616035,0.4122759189304662,0.49599000959616035,0.014555122965451367,0.0059044464860518574,0.014555122965451367,0.0059044464860518574,0.014555122965451367,0.0059044464860518574,0.4122759189304662,0.49599000959616035,0.4122759189304662,0.49599000959616035,0.4122759189304662,0.49599000959616035,0.4122759189304662,0.49599000959616035,0.4122759189304662,0.49599000959616035,0.4122759189304662,0.49599000959616035
0.45,0.0,0.45,0.45,0.62,0.2857142857142857,0.62,0.62,0.36848341531480533,0.48663269599915027,0.36848341531480533,0.48663269599915027,0.36848341531480533,0.48663269599915027,0.005677851348643917,-0.020986631769471815,0.005677851348643917,-0.020986631769471815,0.005677851348643917,-0.020986631769471815,0.36848341531480533,0.48663269599915027,0.36848341531480533,0.48663269599915027,0.36848341531480533,0.48663269599915027,0.36848341531480533,0.48663269599915027,0.36848341531480533,0.48663269599915027,0.36848341531480533,0.48663269599915027
0.55,0.0,0.55,0.55,0.61,0.2723880597014925,0.61,0.61,0.4224436928198362,0.49998179693318046,0.4224436928198362,0.49998179693318046,0.4224436928198362,0.49998179693318046,-0.01738036177447207,-0.019388631686839818,-0.01738036177447207,-0.019388631686839818,-0.01738036177447207,-0.019388631686839818,0.4224436928198362,0.49998179693318046,0.4224436928198362,0.49998179693318046,0.4224436928198362,0.49998179693318046,0.4224436928198362,0.49998179693318046,0.4224436928198362,0.49998179693318046,0.4224436928198362,0.49998179693318046
0.71,0.0,0.71,0.71,0.7,0.4210729448089539,0.7,0.7,0.5517488126931315,0.4909383990408981,0.5517488126931315,0.4909383990408981,0.5517488126931315,0.4909383990408981,0.0031901566793429946,0.08488098365981026,0.0031901566793429946,0.08488098365981026,0.0031901566793429946,0.08488098365981026,0.5517488126931315,0.4909383990408981,0.5517488126931315,0.4909383990408981,0.5517488126931315,0.4909383990408981,0.5517488126931315,0.4909383990408981,0.5517488126931315,0.4909383990408981,0.5517488126931315,0.4909383990408981
0.64,0.0,0.64,0.64,0.63,0.2801556420233464,0.63,0.63,0.4836701121817053,0.5461128027832616,0.4836701121817053,0.5461128027832616,0.4836701121817053,0.5461128027832616,-0.0015070861303593881,-0.027609962823570422,-0.0015070861303593881,-0.027609962823570422,-0.0015070861303593881,-0.027609962823570422,0.4836701121817053,0.5461128027832616,0.4836701121817053,0.5461128027832616,0.4836701121817053,0.5461128027832616,0.4836701121817053,0.5461128027832616,0.4836701121817053,0.5461128027832616,0.4836701121817053,0.5461128027832616
0.53,0.0,0.53,0.53,0.58,0.1452991452991453,0.58,0.58,0.4496036951909898,0.4998606124641809,0.4496036951909898,0.4998606124641809,0.4496036951909898,0.4998606124641809,0.021816865243436765,-0.021389066965034682,0.021816865243436765,-0.021389066965034682,0.021816865243436765,-0.021389066965034682,0.4496036951909898,0.4998606124641809,0.4496036951909898,0.4998606124641809,0.4496036951909898,0.4998606124641809,0.4496036951909898,0.4998606124641809,0.4496036951909898,0.4998606124641809,0.4496036951909898,0.4998606124641809
0.59,0.042056074766355,0.59,0.59,0.49,0.0,0.49,0.49,0.5641214514423203,0.5447651850281986,0.5641214514423203,0.5447651850281986,0.5641214514423203,0.5447651850281986,0.01746389323850853,0.13218651563743652,0.01746389323850853,0.13218651563743652,0.01746389323850853,0.13218651563743652,0.5641214514423203,0.5447651850281986,0.5641214514423203,0.5447651850281986,0.5641214514423203,0.5447651850281986,0.5641214514423203,0.5447651850281986,0.5641214514423203,0.5447651850281986,0.5641214514423203,0.5447651850281986
0.58,0.1715976331360947,0.58,0.58,0.32,0.0,0.32,0.32,0.5328122400392942,0.5406874675663274,0.5328122400392942,0.5406874675663274,0.5328122400392942,0.5406874675663274,0.016681632041017552,0.09864599502093185,0.016681632041017552,0.09864599502093185,0.016681632041017552,0.09864599502093185,0.5328122400392942,0.5406874675663274,0.5328122400392942,0.5406874675663274,0.5328122400392942,0.5406874675663274,0.5328122400392942,0.5406874675663274,0.5328122400392942,0.5406874675663274,0.5328122400392942,0.5406874675663274
0.67,0.3325242718446601,0.67,0.67,0.3,0.0,0.3,0.3,0.6408909894623404,0.6054047949005403,0.6408909894623404,0.6054047949005403,0.6408909894623404,0.6054047949005403,0.27163937842991037,0.15947888889033335,0.27163937842991037,0.15947888889033335,0.27163937842991037,0.15947888889033335,0.6408909894623404,0.6054047949005403,0.6408909894623404,0.6054047949005403,0.6408909894623404,0.6054047949005403,0.6408909894623404,0.6054047949005403,0.6408909894623404,0.6054047949005403,0.6408909894623404,0.6054047949005403
0.61,0.2674680691209616,0.61,0.61,0.27,0.0,0.27,0.27,0.5843117732603887,0.5343096150264011,0.5843117732603887,0.5343096150264011,0.5843117732603887,0.5343096150264011,0.23027403463201251,0.10767450374402798,0.23027403463201251,0.10767450374402798,0.23027403463201251,0.10767450374402798,0.5843117732603887,0.5343096150264011,0.5843117732603887,0.5343096150264011,0.5843117732603887,0.5343096150264011,0.5843117732603887,0.5343096150264011,0.5843117732603887,0.5343096150264011,0.5843117732603887,0.5343096150264011
0.62,0.1852487135506003,0.62,0.62,0.28,0.0,0.28,0.28,0.4814057658416404,0.47946089148254467,0.4814057658416404,0.47946089148254467,0.4814057658416404,0.47946089148254467,0.08337708447849897,0.1124453707057489,0.08337708447849897,0.1124453707057489,0.08337708447849897,0.1124453707057489,0.4814057658416404,0.47946089148254467,0.4814057658416404,0.47946089148254467,0.4814057658416404,0.47946089148254467,0.4814057658416404,0.47946089148254467,0.4814057658416404,0.47946089148254467,0.4814057658416404,0.47946089148254467
0.59,0.0969162995594714,0.59,0.59,0.29,0.0,0.29,0.29,0.5069174669021784,0.5593574077491812,0.5069174669021784,0.5593574077491812,0.5069174669021784,0.5593574077491812,0.10074978972811853,0.22207221635764687,0.10074978972811853,0.22207221635764687,0.10074978972811853,0.22207221635764687,0.5069174669021784,0.5593574077491812,0.5069174669021784,0.5593574077491812,0.5069174669021784,0.5593574077491812,0.5069174669021784,0.5593574077491812,0.5069174669021784,0.5593574077491812,0.5069174669021784,0.5593574077491812
0.63,0.0,0.63,0.63,0.53,0.2300131061598952,0.53,0.53,0.3922472560436553,0.4176314067733326,0.3922472560436553,0.4176314067733326,0.3922472560436553,0.4176314067733326,0.013706272721807041,0.014636685188307332,0.013706272721807041,0.014636685188307332,0.013706272721807041,0.014636685188307332,0.3922472560436553,0.4176314067733326,0.3922472560436553,0.4176314067733326,0.3922472560436553,0.4176314067733326,0.3922472560436553,0.4176314067733326,0.3922472560436553,0.4176314067733326,0.3922472560436553,0.4176314067733326
0.44,0.0,0.44,0.44,0.52,0.2133726647000983,0.52,0.52,0.35392345889516874,0.41912824723134096,0.35392345889516874,0.41912824723134096,0.35392345889516874,0.41912824723134096,0.004982578934044057,0.002854848987146549,0.004982578934044057,0.002854848987146549,0.004982578934044057,0.002854848987146549,0.35392345889516874,0.41912824723134096,0.35392345889516874,0.41912824723134096,0.35392345889516874,0.41912824723134096,0.35392345889516874,0.41912824723134096,0.35392345889516874,0.41912824723134096,0.35392345889516874,0.41912824723134096
0.47,0.0,0.47,0.47,0.72,0.460708782742681,0.72,0.72,0.3767508555627376,0.3860361076112295,0.3767508555627376,0.3860361076112295,0.3767508555627376,0.3860361076112295,0.006746237486552715,0.04708971864304895,0.006746237486552715,0.04708971864304895,0.006746237486552715,0.04708971864304895,0.3767508555627376,0.3860361076112295,0.3767508555627376,0.3860361076112295,0.3767508555627376,0.3860361076112295,0.3767508555627376,0.3860361076112295,0.3767508555627376,0.3860361076112295,0.3767508555627376,0.3860361076112295
0.33,0.0,0.33,0.33,0.55,0.1824127906976744,0.55,0.55,0.35067952224479393,0.4151524777452946,0.35067952224479393,0.4151524777452946,0.35067952224479393,0.4151524777452946,-0.003560129626634285,-0.04210458583463374,-0.003560129626634285,-0.04210458583463374,-0.003560129626634285,-0.04210458583463374,0.35067952224479393,0.4151524777452946,0.35067952224479393,0.4151524777452946,0.35067952224479393,0.4151524777452946,0.35067952224479393,0.4151524777452946,0.35067952224479393,0.4151524777452946,0.35067952224479393,0.4151524777452946
0.36,0.0,0.36,0.36,0.42,-0.0225669957686882,0.42,0.42,0.4577796697512557,0.5037462597845885,0.4577796697512557,0.5037462597845885,0.4577796697512557,0.5037462597845885,0.007362239443903402,0.006774515692395688,0.007362239443903402,0.006774515692395688,0.007362239443903402,0.006774515692395688,0.4577796697512557,0.5037462597845885,0.4577796697512557,0.5037462597845885,0.4577796697512557,0.5037462597845885,0.4577796697512557,0.5037462597845885,0.4577796697512557,0.5037462597845885,0.4577796697512557,0.5037462597845885
0.44,0.0291262135922331,0.44,0.44,0.39,0.0,0.39,0.39,0.5396602634930628,0.5827567042038824,0.5396602634930628,0.5827567042038824,0.5396602634930628,0.5827567042038824,0.015751852589455908,0.008093894028128833,0.015751852589455908,0.008093894028128833,0.015751852589455908,0.008093894028128833,0.5396602634930628,0.5827567042038824,0.5396602634930628,0.5827567042038824,0.5396602634930628,0.5827567042038824,0.5396602634930628,0.5827567042038824,0.5396602634930628,0.5827567042038824,0.5396602634930628,0.5827567042038824
0.56,0.2134429746156596,0.56,0.56,0.45,0.0,0.45,0.45,0.6125726156006375,0.5760580702692485,0.6125726156006375,0.5760580702692485,0.6125726156006375,0.5760580702692485,0.20951972227716922,0.30899369214791383,0.20951972227716922,0.30899369214791383,0.20951972227716922,0.30899369214791383,0.6125726156006375,0.5760580702692485,0.6125726156006375,0.5760580702692485,0.6125726156006375,0.5760580702692485,0.6125726156006375,0.5760580702692485,0.6125726156006375,0.5760580702692485,0.6125726156006375,0.5760580702692485
0.52,0.1806077159440081,0.52,0.52,0.55,0.0,0.55,0.55,0.6323783941984104,0.6130332695022157,0.6323783941984104,0.6130332695022157,0.6323783941984104,0.6130332695022157,0.15169451321871671,0.25258634550811176,0.15169451321871671,0.25258634550811176,0.15169451321871671,0.25258634550811176,0.6323783941984104,0.6130332695022157,0.6323783941984104,0.6130332695022157,0.6323783941984104,0.6130332695022157,0.6323783941984104,0.6130332695022157,0.6323783941984104,0.6130332695022157,0.6323783941984104,0.6130332695022157
0.5,0.1539763113367173,0.5,0.5,0.71,0.0,0.71,0.71,0.5485665245019494,0.5978619917113158,0.5485665245019494,0.5978619917113158,0.5485665245019494,0.5978619917113158,0.2066090928381446,0.24001545939482508,0.2066090928381446,0.24001545939482508,0.2066090928381446,0.24001545939482508,0.5485665245019494,0.5978619917113158,0.5485665245019494,0.5978619917113158,0.5485665245019494,0.5978619917113158,0.5485665245019494,0.5978619917113158,0.5485665245019494,0.5978619917113158,0.5485665245019494,0.5978619917113158
0.46,0.0,0.46,0.46,0.64,0.0,0.64,0.64,0.49369738277649905,0.3574379190809846,0.49369738277649905,0.3574379190809846,0.49369738277649905,0.3574379190809846,0.004693031742015113,-0.02332410903990733,0.004693031742015113,-0.02332410903990733,0.004693031742015113,-0.02332410903990733,0.49369738277649905,0.3574379190809846,0.49369738277649905,0.3574379190809846,0.49369738277649905,0.3574379190809846,0.49369738277649905,0.3574379190809846,0.49369738277649905,0.3574379190809846,0.49369738277649905,0.3574379190809846
0.45,0.0,0.45,0.45,0.53,0.0,0.53,0.53,0.5196237259470808,0.43144643772364927,0.5196237259470808,0.43144643772364927,0.5196237259470808,0.43144643772364927,0.03923589980421939,0.033663761075839446,0.03923589980421939,0.033663761075839446,0.03923589980421939,0.033663761075839446,0.5196237259470808,0.43144643772364927,0.5196237259470808,0.43144643772364927,0.5196237259470808,0.43144643772364927,0.5196237259470808,0.43144643772364927,0.5196237259470808,0.43144643772364927,0.5196237259470808,0.43144643772364927
0.45,0.0,0.45,0.45,0.59,0.042056074766355,0.59,0.59,0.4473553759288144,0.42510182421433007,0.4473553759288144,0.42510182421433007,0.4473553759288144,0.42510182421433007,0.001978042749852345,-0.017689223383520077,0.001978042749852345,-0.017689223383520077,0.001978042749852345,-0.017689223383520077,0.4473553759288144,0.42510182421433007,0.4473553759288144,0.42510182421433007,0.4473553759288144,0.42510182421433007,0.4473553759288144,0.42510182421433007,0.4473553759288144,0.42510182421433007,0.4473553759288144,0.42510182421433007
0.34,0.0,0.34,0.34,0.58,0.1715976331360947,0.58,0.58,0.4087515249033772,0.427052929407785,0.4087515249033772,0.427052929407785,0.4087515249033772,0.427052929407785,-0.01650426563387035,0.027336023291450476,-0.01650426563387035,0.027336023291450476,-0.01650426563387035,0.027336023291450476,0.4087515249033772,0.427052929407785,0.4087515249033772,0.427052929407785,0.4087515249033772,0.427052929407785,0.4087515249033772,0.427052929407785,0.4087515249033772,0.427052929407785,0.4087515249033772,0.427052929407785
0.41,0.0,0.41,0.41,0.67,0.3325242718446601,0.67,0.67,0.4079784120488932,0.44698235583553614,0.4079784120488932,0.44698235583553614,0.4079784120488932,0.44698235583553614,-0.030970733108334862,-0.01443332981900011,-0.030970733108334862,-0.01443332981900011,-0.030970733108334862,-0.01443332981900011,0.4079784120488932,0.44698235583553614,0.4079784120488932,0.44698235583553614,0.4079784120488932,0.44698235583553614,0.4079784120488932,0.44698235583553614,0.4079784120488932,0.44698235583553614,0.4079784120488932,0.44698235583553614
0.44,0.0,0.44,0.44,0.61,0.2674680691209616,0.61,0.61,0.39549852565492527,0.4154497290398736,0.39549852565492527,0.4154497290398736,0.39549852565492527,0.4154497290398736,-0.001917989764440782,0.043770393209660946,-0.001917989764440782,0.043770393209660946,-0.001917989764440782,0.043770393209660946,0.39549852565492527,0.4154497290398736,0.39549852565492527,0.4154497290398736,0.39549852565492527,0.4154497290398736,0.39549852565492527,0.4154497290398736,0.39549852565492527,0.4154497290398736,0.39549852565492527,0.4154497290398736
0.45,0.0,0.45,0.45,0.62,0.1852487135506003,0.62,0.62,0.3470996152056338,0.418818202386741,0.3470996152056338,0.418818202386741,0.3470996152056338,0.418818202386741,-0.009508479985707596,0.002107373036559778,-0.009508479985707596,0.002107373036559778,-0.009508479985707596,0.002107373036559778,0.3470996152056338,0.418818202386741,0.3470996152056338,0.418818202386741,0.3470996152056338,0.418818202386741,0.3470996152056338,0.418818202386741,0.3470996152056338,0.418818202386741,0.3470996152056338,0.418818202386741
0.45,0.0,0.45,0.45,0.59,0.0969162995594714,0.59,0.59,0.4121996634796315,0.453172393456284,0.4121996634796315,0.453172393456284,0.4121996634796315,0.453172393456284,-0.052555280093442465,-0.012288405223755692,-0.052555280093442465,-0.012288405223755692,-0.052555280093442465,-0.012288405223755692,0.4121996634796315,0.453172393456284,0.4121996634796315,0.453172393456284,0.4121996634796315,0.453172393456284,0.4121996634796315,0.453172393456284,0.4121996634796315,0.453172393456284,0.4121996634796315,0.453172393456284
0.55,0.1372699386503066,0.55,0.55,0.63,0.0,0.63,0.63,0.5492096127399313,0.5255504336137683,0.5492096127399313,0.5255504336137683,0.5492096127399313,0.5255504336137683,0.07959270116285987,0.10087912188864998,0.07959270116285987,0.10087912188864998,0.07959270116285987,0.10087912188864998,0.5492096127399313,0.5255504336137683,0.5492096127399313,0.5255504336137683,0.5492096127399313,0.5255504336137683,0.5492096127399313,0.5255504336137683,0.5492096127399313,0.5255504336137683,0.5492096127399313,0.5255504336137683
0.47,0.0849447513812154,0.47,0.47,0.44,0.0,0.44,0.44,0.48499705740216215,0.4957032129060463,0.48499705740216215,0.4957032129060463,0.48499705740216215,0.4957032129060463,0.020905013957994933,0.050903570872707186,0.020905013957994933,0.050903570872707186,0.020905013957994933,0.050903570872707186,0.48499705740216215,0.4957032129060463,0.48499705740216215,0.4957032129060463,0.48499705740216215,0.4957032129060463,0.48499705740216215,0.4957032129060463,0.48499705740216215,0.4957032129060463,0.48499705740216215,0.4957032129060463
0.4,0.0470139771283353,0.4,0.4,0.47,0.0,0.47,0.47,0.44692102643775994,0.4616738104075149,0.44692102643775994,0.4616738104075149,0.44692102643775994,0.4616738104075149,-0.031375311126100376,-0.015504764378836121,-0.031375311126100376,-0.015504764378836121,-0.031375311126100376,-0.015504764378836121,0.44692102643775994,0.4616738104075149,0.44692102643775994,0.4616738104075149,0.44692102643775994,0.4616738104075149,0.44692102643775994,0.4616738104075149,0.44692102643775994,0.4616738104075149,0.44692102643775994,0.4616738104075149
0.34,0.0190249702734839,0.34,0.34,0.33,0.0,0.33,0.33,0.4582190439256761,0.411447267896639,0.4582190439256761,0.411447267896639,0.4582190439256761,0.411447267896639,0.043842761730715586,-0.04357390761900176,0.043842761730715586,-0.04357390761900176,0.043842761730715586,-0.04357390761900176,0.4582190439256761,0.411447267896639,0.4582190439256761,0.411447267896639,0.4582190439256761,0.411447267896639,0.4582190439256761,0.411447267896639,0.4582190439256761,0.411447267896639,0.4582190439256761,0.411447267896639
0.47,0.0,0.47,0.47,0.36,0.0,0.36,0.36,0.43768514902629296,0.5016929548605193,0.43768514902629296,0.5016929548605193,0.43768514902629296,0.5016929548605193,0.03323956578660389,0.005353160641323894,0.03323956578660389,0.005353160641323894,0.03323956578660389,0.005353160641323894,0.43768514902629296,0.5016929548605193,0.43768514902629296,0.5016929548605193,0.43768514902629296,0.5016929548605193,0.43768514902629296,0.5016929548605193,0.43768514902629296,0.5016929548605193,0.43768514902629296,0.5016929548605193
0.57,0.0,0.57,0.57,0.44,0.0291262135922331,0.44,0.44,0.4269599674082991,0.49944338827720286,0.4269599674082991,0.49944338827720286,0.4269599674082991,0.49944338827720286,0.005836204414465239,-0.018072878017120708,0.005836204414465239,-0.018072878017120708,0.005836204414465239,-0.018072878017120708,0.4269599674082991,0.49944338827720286,0.4269599674082991,0.49944338827720286,0.4269599674082991,0.49944338827720286,0.4269599674082991,0.49944338827720286,0.4269599674082991,0.49944338827720286,0.4269599674082991,0.49944338827720286
0.58,0.0,0.58,0.58,0.56,0.2134429746156596,0.56,0.56,0.4641719314978008,0.42146860211332277,0.4641719314978008,0.42146860211332277,0.4641719314978008,0.42146860211332277,-0.001398981929658632,0.04121393649118731,-0.001398981929658632,0.04121393649118731,-0.001398981929658632,0.04121393649118731,0.4641719314978008,0.42146860211332277,0.4641719314978008,0.42146860211332277,0.4641719314978008,0.42146860211332277,0.4641719314978008,0.42146860211332277,0.4641719314978008,0.42146860211332277,0.4641719314978008,0.42146860211332277
0.49,0.0,0.49,0.49,0.52,0.1806077159440081,0.52,0.52,0.44727245292723566,0.41320897097800546,0.44727245292723566,0.41320897097800546,0.44727245292723566,0.41320897097800546,-0.0011890594958982041,0.0026692010470370313,-0.0011890594958982041,0.0026692010470370313,-0.0011890594958982041,0.0026692010470370313,0.44727245292723566,0.41320897097800546,0.44727245292723566,0.41320897097800546,0.44727245292723566,0.41320897097800546,0.44727245292723566,0.41320897097800546,0.44727245292723566,0.41320897097800546,0.44727245292723566,0.41320897097800546
0.44,0.0,0.44,0.44,0.5,0.1539763113367173,0.5,0.5,0.4033261562866776,0.36895080236368194,0.4033261562866776,0.36895080236368194,0.4033261562866776,0.36895080236368194,-0.010216884398344301,-0.009726711155501675,-0.010216884398344301,-0.009726711155501675,-0.010216884398344301,-0.009726711155501675,0.4033261562866776,0.36895080236368194,0.4033261562866776,0.36895080236368194,0.4033261562866776,0.36895080236368194,0.4033261562866776,0.36895080236368194,0.4033261562866776,0.36895080236368194,0.4033261562866776,0.36895080236368194
0.39,0.0,0.39,0.39,0.46,0.0,0.46,0.46,0.39796556366332303,0.43546621370031313,0.39796556366332303,0.43546621370031313,0.39796556366332303,0.43546621370031313,-0.02031022347742727,-0.046105806506393086,-0.02031022347742727,-0.046105806506393086,-0.02031022347742727,-0.046105806506393086,0.39796556366332303,0.43546621370031313,0.39796556366332303,0.43546621370031313,0.39796556366332303,0.43546621370031313,0.39796556366332303,0.43546621370031313,0.39796556366332303,0.43546621370031313,0.39796556366332303,0.43546621370031313
0.5,0.0,0.5,0.5,0.45,0.0,0.45,0.45,0.47402202286685063,0.5593599576059366,0.47402202286685063,0.5593599576059366,0.47402202286685063,0.5593599576059366,-0.0574610291122755,-0.07954066910504516,-0.0574610291122755,-0.07954066910504516,-0.0574610291122755,-0.07954066910504516,0.47402202286685063,0.5593599576059366,0.47402202286685063,0.5593599576059366,0.47402202286685063,0.5593599576059366,0.47402202286685063,0.5593599576059366,0.47402202286685063,0.5593599576059366,0.47402202286685063,0.5593599576059366
0.6,0.1886409736308315,0.6,0.6,0.45,0.0,0.45,0.45,0.5802577641780123,0.5782153553194916,0.5802577641780123,0.5782153553194916,0.5802577641780123,0.5782153553194916,0.09765825002550306,0.14296744221405613,0.09765825002550306,0.14296744221405613,0.09765825002550306,0.14296744221405613,0.5802577641780123,0.5782153553194916,0.5802577641780123,0.5782153553194916,0.5802577641780123,0.5782153553194916,0.5802577641780123,0.5782153553194916,0.5802577641780123,0.5782153553194916,0.5802577641780123,0.5782153553194916
0.58,0.1715976331360947,0.58,0.58,0.34,0.0,0.34,0.34,0.5447639434108623,0.5664385991123001,0.5447639434108623,0.5664385991123001,0.5447639434108623,0.5664385991123001,0.14190869306887915,0.2420958979379949,0.14190869306887915,0.2420958979379949,0.14190869306887915,0.2420958979379949,0.5447639434108623,0.5664385991123001,0.5447639434108623,0.5664385991123001,0.5447639434108623,0.5664385991123001,0.5447639434108623,0.5664385991123001,0.5447639434108623,0.5664385991123001,0.5447639434108623,0.5664385991123001
0.54,0.1578176492127426,0.54,0.54,0.41,0.0,0.41,0.41,0.5581022734918294,0.5916644531957835,0.5581022734918294,0.5916644531957835,0.5581022734918294,0.5916644531957835,0.021870473486590943,0.14229395359679017,0.021870473486590943,0.14229395359679017,0.021870473486590943,0.14229395359679017,0.5581022734918294,0.5916644531957835,0.5581022734918294,0.5916644531957835,0.5581022734918294,0.5916644531957835,0.5581022734918294,0.5916644531957835,0.5581022734918294,0.5916644531957835,0.5581022734918294,0.5916644531957835
0.35,0.0030674846625767,0.35,0.35,0.44,0.0,0.44,0.44,0.41152903539827784,0.42578552439422124,0.41152903539827784,0.42578552439422124,0.41152903539827784,0.42578552439422124,0.08643861027676832,0.15982185240887295,0.08643861027676832,0.15982185240887295,0.08643861027676832,0.15982185240887295,0.41152903539827784,0.42578552439422124,0.41152903539827784,0.42578552439422124,0.41152903539827784,0.42578552439422124,0.41152903539827784,0.42578552439422124,0.41152903539827784,0.42578552439422124,0.41152903539827784,0.42578552439422124
0.39,0.0236875800256082,0.39,0.39,0.45,0.0,0.45,0.45,0.4608002745290367,0.3334290501139024,0.4608002745290367,0.3334290501139024,0.4608002745290367,0.3334290501139024,0.06587024065922921,0.03588386735010212,0.06587024065922921,0.03588386735010212,0.06587024065922921,0.03588386735010212,0.4608002745290367,0.3334290501139024,0.4608002745290367,0.3334290501139024,0.4608002745290367,0.3334290501139024,0.4608002745290367,0.3334290501139024,0.4608002745290367,0.3334290501139024,0.4608002745290367,0.3334290501139024
0.5,0.0,0.5,0.5,0.45,0.0,0.45,0.45,0.3466526373155431,0.34660346075614323,0.3466526373155431,0.34660346075614323,0.3466526373155431,0.34660346075614323,0.012406516621161524,0.034491277911842054,0.012406516621161524,0.034491277911842054,0.012406516621161524,0.034491277911842054,0.3466526373155431,0.34660346075614323,0.3466526373155431,0.34660346075614323,0.3466526373155431,0.34660346075614323,0.3466526373155431,0.34660346075614323,0.3466526373155431,0.34660346075614323,0.3466526373155431,0.34660346075614323
0.58,0.0,0.58,0.58,0.55,0.1372699386503066,0.55,0.55,0.3752417635831599,0.34280612463781923,0.3752417635831599,0.34280612463781923,0.3752417635831599,0.34280612463781923,-0.0004491139669431487,-0.04803907356254707,-0.0004491139669431487,-0.04803907356254707,-0.0004491139669431487,-0.04803907356254707,0.3752417635831599,0.34280612463781923,0.3752417635831599,0.34280612463781923,0.3752417635831599,0.34280612463781923,0.3752417635831599,0.34280612463781923,0.3752417635831599,0.34280612463781923,0.3752417635831599,0.34280612463781923
0.65,0.0,0.65,0.65,0.47,0.0849447513812154,0.47,0.47,0.3874052179335921,0.3811826332908408,0.3874052179335921,0.3811826332908408,0.3874052179335921,0.3811826332908408,-0.009935136953025022,-0.06395256709815872,-0.009935136953025022,-0.06395256709815872,-0.009935136953025022,-0.06395256709815872,0.3874052179335921,0.3811826332908408,0.3874052179335921,0.3811826332908408,0.3874052179335921,0.3811826332908408,0.3874052179335921,0.3811826332908408,0.3874052179335921,0.3811826332908408,0.3874052179335921,0.3811826332908408
0.6,0.0,0.6,0.6,0.4,0.0470139771283353,0.4,0.4,0.4021957345330905,0.45731390119477716,0.4021957345330905,0.45731390119477716,0.4021957345330905,0.45731390119477716,0.0033624277177525027,0.0023382205143956617,0.0033624277177525027,0.0023382205143956617,0.0033624277177525027,0.0023382205143956617,0.4021957345330905,0.45731390119477716,0.4021957345330905,0.45731390119477716,0.4021957345330905,0.45731390119477716,0.4021957345330905,0.45731390119477716,0.4021957345330905,0.45731390119477716,0.4021957345330905,0.45731390119477716
0.57,0.0,0.57,0.57,0.34,0.0190249702734839,0.34,0.34,0.4788140262231637,0.454102762737947,0.4788140262231637,0.454102762737947,0.4788140262231637,0.454102762737947,0.03212153063713119,0.050481385293893656,0.03212153063713119,0.050481385293893656,0.03212153063713119,0.050481385293893656,0.4788140262231637,0.454102762737947,0.4788140262231637,0.454102762737947,0.4788140262231637,0.454102762737947,0.4788140262231637,0.454102762737947,0.4788140262231637,0.454102762737947,0.4788140262231637,0.454102762737947
0.51,0.0,0.51,0.51,0.47,0.0,0.47,0.47,0.47972603845471345,0.4894806013282638,0.47972603845471345,0.4894806013282638,0.47972603845471345,0.4894806013282638,0.004174256714648018,0.004229400273842886,0.004174256714648018,0.004229400273842886,0.004174256714648018,0.004229400273842886,0.47972603845471345,0.4894806013282638,0.47972603845471345,0.4894806013282638,0.47972603845471345,0.4894806013282638,0.47972603845471345,0.4894806013282638,0.47972603845471345,0.4894806013282638,0.47972603845471345,0.4894806013282638
0.53,0.112537764350453,0.53,0.53,0.57,0.0,0.57,0.57,0.5395128395589885,0.5778060828759864,0.5395128395589885,0.5778060828759864,0.5395128395589885,0.5778060828759864,0.206930018492775,0.3492380421634619,0.206930018492775,0.3492380421634619,0.206930018492775,0.3492380421634619,0.5395128395589885,0.5778060828759864,0.5395128395589885,0.5778060828759864,0.5395128395589885,0.5778060828759864,0.5395128395589885,0.5778060828759864,0.5395128395589885,0.5778060828759864,0.5395128395589885,0.5778060828759864
0.53,0.128984432913269,0.53,0.53,0.58,0.0,0.58,0.58,0.5377994269014382,0.5561604228123647,0.5377994269014382,0.5561604228123647,0.5377994269014382,0.5561604228123647,0.16962153932920168,0.2968683518806661,0.16962153932920168,0.2968683518806661,0.16962153932920168,0.2968683518806661,0.5377994269014382,0.5561604228123647,0.5377994269014382,0.5561604228123647,0.5377994269014382,0.5561604228123647,0.5377994269014382,0.5561604228123647,0.5377994269014382,0.5561604228123647,0.5377994269014382,0.5561604228123647
0.6,0.2097984986171474,0.6,0.6,0.49,0.0,0.49,0.49,0.5438542544429781,0.6274470041563148,0.5438542544429781,0.6274470041563148,0.5438542544429781,0.6274470041563148,0.1732555328274783,0.2007538006335342,0.1732555328274783,0.2007538006335342,0.1732555328274783,0.2007538006335342,0.5438542544429781,0.6274470041563148,0.5438542544429781,0.6274470041563148,0.5438542544429781,0.6274470041563148,0.5438542544429781,0.6274470041563148,0.5438542544429781,0.6274470041563148,0.5438542544429781,0.6274470041563148
0.46,0.0927419354838708,0.46,0.46,0.44,0.0,0.44,0.44,0.4808983422094832,0.5251484336568436,0.4808983422094832,0.5251484336568436,0.4808983422094832,0.5251484336568436,0.176516208550668,0.27352504975161696,0.176516208550668,0.27352504975161696,0.176516208550668,0.27352504975161696,0.4808983422094832,0.5251484336568436,0.4808983422094832,0.5251484336568436,0.4808983422094832,0.5251484336568436,0.4808983422094832,0.5251484336568436,0.4808983422094832,0.5251484336568436,0.4808983422094832,0.5251484336568436
0.48,0.0341753343239228,0.48,0.48,0.39,0.0,0.39,0.39,0.48777684306693314,0.4206011941016213,0.48777684306693314,0.4206011941016213,0.48777684306693314,0.4206011941016213,0.08877542422490482,-0.048103435121270986,0.08877542422490482,-0.048103435121270986,0.08877542422490482,-0.048103435121270986,0.48777684306693314,0.4206011941016213,0.48777684306693314,0.4206011941016213,0.48777684306693314,0.4206011941016213,0.48777684306693314,0.4206011941016213,0.48777684306693314,0.4206011941016213,0.48777684306693314,0.4206011941016213
0.47,0.0,0.47,0.47,0.5,0.0,0.5,0.5,0.4432949784983094,0.4017923516991838,0.4432949784983094,0.4017923516991838,0.4432949784983094,0.4017923516991838,0.00048817727801031986,-0.004343387944296303,0.00048817727801031986,-0.004343387944296303,0.00048817727801031986,-0.004343387944296303,0.4432949784983094,0.4017923516991838,0.4432949784983094,0.4017923516991838,0.4432949784983094,0.4017923516991838,0.4432949784983094,0.4017923516991838,0.4432949784983094,0.4017923516991838,0.4432949784983094,0.4017923516991838
0.51,0.0,0.51,0.51,0.6,0.1886409736308315,0.6,0.6,0.39186225276975023,0.38672747305848126,0.39186225276975023,0.38672747305848126,0.39186225276975023,0.38672747305848126,0.004459816327664439,0.013459146678038807,0.004459816327664439,0.013459146678038807,0.004459816327664439,0.013459146678038807,0.39186225276975023,0.38672747305848126,0.39186225276975023,0.38672747305848126,0.39186225276975023,0.38672747305848126,0.39186225276975023,0.38672747305848126,0.39186225276975023,0.38672747305848126,0.39186225276975023,0.38672747305848126
0.54,0.0,0.54,0.54,0.58,0.1715976331360947,0.58,0.58,0.46331067253208436,0.3808129693643888,0.46331067253208436,0.3808129693643888,0.46331067253208436,0.3808129693643888,-0.006437827740521215,0.007961362549376239,-0.006437827740521215,0.007961362549376239,-0.006437827740521215,0.007961362549376239,0.46331067253208436,0.3808129693643888,0.46331067253208436,0.3808129693643888,0.46331067253208436,0.3808129693643888,0.46331067253208436,0.3808129693643888,0.46331067253208436,0.3808129693643888,0.46331067253208436,0.3808129693643888
0.55,0.0,0.55,0.55,0.54,0.1578176492127426,0.54,0.54,0.4482021767102477,0.4441811388285699,0.4482021767102477,0.4441811388285699,0.4482021767102477,0.4441811388285699,0.017791370181485446,0.03182761042787783,0.017791370181485446,0.03182761042787783,0.017791370181485446,0.03182761042787783,0.4482021767102477,0.4441811388285699,0.4482021767102477,0.4441811388285699,0.4482021767102477,0.4441811388285699,0.4482021767102477,0.4441811388285699,0.4482021767102477,0.4441811388285699,0.4482021767102477,0.4441811388285699
0.55,0.0,0.55,0.55,0.35,0.0030674846625767,0.35,0.35,0.46397967144217167,0.4404981341014406,0.46397967144217167,0.4404981341014406,0.46397967144217167,0.4404981341014406,-0.010138137757928664,-0.04190911909892531,-0.010138137757928664,-0.04190911909892531,-0.010138137757928664,-0.04190911909892531,0.46397967144217167,0.4404981341014406,0.46397967144217167,0.4404981341014406,0.46397967144217167,0.4404981341014406,0.46397967144217167,0.4404981341014406,0.46397967144217167,0.4404981341014406,0.46397967144217167,0.4404981341014406
0.66,0.0,0.66,0.66,0.39,0.0236875800256082,0.39,0.39,0.5745933880728263,0.5567327315235843,0.5745933880728263,0.5567327315235843,0.5745933880728263,0.5567327315235843,0.029165473389209124,-0.0007522364663044001,0.029165473389209124,-0.0007522364663044001,0.029165473389209124,-0.0007522364663044001,0.5745933880728263,0.5567327315235843,0.5745933880728263,0.5567327315235843,0.5745933880728263,0.5567327315235843,0.5745933880728263,0.5567327315235843,0.5745933880728263,0.5567327315235843,0.5745933880728263,0.5567327315235843
0.7,0.0831295843520781,0.7,0.7,0.5,0.0,0.5,0.5,0.5865782470013623,0.525564967626651,0.5865782470013623,0.525564967626651,0.5865782470013623,0.525564967626651,0.0062028654779851325,-0.009530361748351078,0.0062028654779851325,-0.009530361748351078,0.0062028654779851325,-0.009530361748351078,0.5865782470013623,0.525564967626651,0.5865782470013623,0.525564967626651,0.5865782470013623,0.525564967626651,0.5865782470013623,0.525564967626651,0.5865782470013623,0.525564967626651,0.5865782470013623,0.525564967626651
0.61,0.1271262309758282,0.61,0.61,0.58,0.0,0.58,0.58,0.5809655949687198,0.5834764657391974,0.5809655949687198,0.5834764657391974,0.5809655949687198,0.5834764657391974,0.04372130484717394,0.0975011471813589,0.04372130484717394,0.0975011471813589,0.04372130484717394,0.0975011471813589,0.5809655949687198,0.5834764657391974,0.5809655949687198,0.5834764657391974,0.5809655949687198,0.5834764657391974,0.5809655949687198,0.5834764657391974,0.5809655949687198,0.5834764657391974,0.5809655949687198,0.5834764657391974
0.5,0.0573152337858221,0.5,0.5,0.65,0.0,0.65,0.65,0.540739348161988,0.632804647499848,0.540739348161988,0.632804647499848,0.540739348161988,0.632804647499848,0.05039679610594256,0.07139356278774348,0.05039679610594256,0.07139356278774348,0.05039679610594256,0.07139356278774348,0.540739348161988,0.632804647499848,0.540739348161988,0.632804647499848,0.540739348161988,0.632804647499848,0.540739348161988,0.632804647499848,0.540739348161988,0.632804647499848,0.540739348161988,0.632804647499848
0.41,0.014696058784235,0.41,0.41,0.6,0.0,0.6,0.6,0.5407836506690457,0.6382236956134915,0.5407836506690457,0.6382236956134915,0.5407836506690457,0.6382236956134915,0.05677954027034631,0.007022564270837203,0.05677954027034631,0.007022564270837203,0.05677954027034631,0.007022564270837203,0.5407836506690457,0.6382236956134915,0.5407836506690457,0.6382236956134915,0.5407836506690457,0.6382236956134915,0.5407836506690457,0.6382236956134915,0.5407836506690457,0.6382236956134915,0.5407836506690457,0.6382236956134915
0.5,0.0,0.5,0.5,0.57,0.0,0.57,0.57,0.45707662653457787,0.46176299160474066,0.45707662653457787,0.46176299160474066,0.45707662653457787,0.46176299160474066,0.0034342912481837287,-0.008423822707689037,0.0034342912481837287,-0.008423822707689037,0.0034342912481837287,-0.008423822707689037,0.45707662653457787,0.46176299160474066,0.45707662653457787,0.46176299160474066,0.45707662653457787,0.46176299160474066,0.45707662653457787,0.46176299160474066,0.45707662653457787,0.46176299160474066,0.45707662653457787,0.46176299160474066
0.55,0.0,0.55,0.55,0.51,0.0,0.51,0.51,0.5043057891450214,0.5041499497062847,0.5043057891450214,0.5041499497062847,0.5043057891450214,0.5041499497062847,0.0004397257572947941,-0.0023630750566935544,0.0004397257572947941,-0.0023630750566935544,0.0004397257572947941,-0.0023630750566935544,0.5043057891450214,0.5041499497062847,0.5043057891450214,0.5041499497062847,0.5043057891450214,0.5041499497062847,0.5043057891450214,0.5041499497062847,0.5043057891450214,0.5041499497062847,0.5043057891450214,0.5041499497062847
0.55,0.0,0.55,0.55,0.53,0.112537764350453,0.53,0.53,0.4530525635698813,0.6072417739733544,0.4530525635698813,0.6072417739733544,0.4530525635698813,0.6072417739733544,-0.025013161815914856,0.03101275970496077,-0.025013161815914856,0.03101275970496077,-0.025013161815914856,0.03101275970496077,0.4530525635698813,0.6072417739733544,0.4530525635698813,0.6072417739733544,0.4530525635698813,0.6072417739733544,0.4530525635698813,0.6072417739733544,0.4530525635698813,0.6072417739733544,0.4530525635698813,0.6072417739733544
0.59,0.0,0.59,0.59,0.53,0.128984432913269,0.53,0.53,0.5562749146636752,0.6119686128226942,0.5562749146636752,0.6119686128226942,0.5562749146636752,0.6119686128226942,0.01670340882248885,0.09872776864276295,0.01670340882248885,0.09872776864276295,0.01670340882248885,0.09872776864276295,0.5562749146636752,0.6119686128226942,0.5562749146636752,0.6119686128226942,0.5562749146636752,0.6119686128226942,0.5562749146636752,0.6119686128226942,0.5562749146636752,0.6119686128226942,0.5562749146636752,0.6119686128226942
0.61,0.0,0.61,0.61,0.6,0.2097984986171474,0.6,0.6,0.4953276905146235,0.5195074900382233,0.4953276905146235,0.5195074900382233,0.4953276905146235,0.5195074900382233,0.035676602175234405,0.07324781011316696,0.035676602175234405,0.07324781011316696,0.035676602175234405,0.07324781011316696,0.4953276905146235,0.5195074900382233,0.4953276905146235,0.5195074900382233,0.4953276905146235,0.5195074900382233,0.4953276905146235,0.5195074900382233,0.4953276905146235,0.5195074900382233,0.4953276905146235,0.5195074900382233
0.64,0.0,0.64,0.64,0.46,0.0927419354838708,0.46,0.46,0.5337948600297895,0.610094678764487,0.5337948600297895,0.610094678764487,0.5337948600297895,0.610094678764487,0.018648708763770065,0.022333981738514582,0.018648708763770065,0.022333981738514582,0.018648708763770065,0.022333981738514582,0.5337948600297895,0.610094678764487,0.5337948600297895,0.610094678764487,0.5337948600297895,0.610094678764487,0.5337948600297895,0.610094678764487,0.5337948600297895,0.610094678764487,0.5337948600297895,0.610094678764487
0.78,0.0,0.78,0.78,0.48,0.0341753343239228,0.48,0.48,0.5341110469877,0.5726237106365933,0.5341110469877,0.5726237106365933,0.5341110469877,0.5726237106365933,0.037611837890516794,0.039374747289173805,0.037611837890516794,0.039374747289173805,0.037611837890516794,0.039374747289173805,0.5341110469877,0.5726237106365933,0.5341110469877,0.5726237106365933,0.5341110469877,0.5726237106365933,0.5341110469877,0.5726237106365933,0.5341110469877,0.5726237106365933,0.5341110469877,0.5726237106365933
0.88,0.0,0.88,0.88,0.47,0.0,0.47,0.47,0.5580980472574172,0.5022379725029742,0.5580980472574172,0.5022379725029742,0.5580980472574172,0.5022379725029742,-0.022073052020168737,-0.01979986066213273,-0.022073052020168737,-0.01979986066213273,-0.022073052020168737,-0.01979986066213273,0.5580980472574172,0.5022379725029742,0.5580980472574172,0.5022379725029742,0.5580980472574172,0.5022379725029742,0.5580980472574172,0.5022379725029742,0.5580980472574172,0.5022379725029742,0.5580980472574172,0.5022379725029742
0.87,0.5083207261724659,0.87,0.87,0.51,0.0,0.51,0.51,0.6274658116784346,0.49124702637302453,0.6274658116784346,0.49124702637302453,0.6274658116784346,0.49124702637302453,0.11961794554359916,0.13174118296226484,0.11961794554359916,0.13174118296226484,0.11961794554359916,0.13174118296226484,0.6274658116784346,0.49124702637302453,0.6274658116784346,0.49124702637302453,0.6274658116784346,0.49124702637302453,0.6274658116784346,0.49124702637302453,0.6274658116784346,0.49124702637302453,0.6274658116784346,0.49124702637302453
0.64,0.180327868852459,0.64,0.64,0.54,0.0,0.54,0.54,0.5371682910377319,0.5190098061296243,0.5371682910377319,0.5190098061296243,0.5371682910377319,0.5190098061296243,0.12086999184126168,0.2331319945297552,0.12086999184126168,0.2331319945297552,0.12086999184126168,0.2331319945297552,0.5371682910377319,0.5190098061296243,0.5371682910377319,0.5190098061296243,0.5371682910377319,0.5190098061296243,0.5371682910377319,0.5190098061296243,0.5371682910377319,0.5190098061296243,0.5371682910377319,0.5190098061296243
0.51,0.0892193308550185,0.51,0.51,0.55,0.0,0.55,0.55,0.4825784524344031,0.47981191235919174,0.4825784524344031,0.47981191235919174,0.4825784524344031,0.47981191235919174,0.026737166720090428,0.004033575781766297,0.026737166720090428,0.004033575781766297,0.026737166720090428,0.004033575781766297,0.4825784524344031,0.47981191235919174,0.4825784524344031,0.47981191235919174,0.4825784524344031,0.47981191235919174,0.4825784524344031,0.47981191235919174,0.4825784524344031,0.47981191235919174,0.4825784524344031,0.47981191235919174
0.44,0.0,0.44,0.44,0.55,0.0,0.55,0.55,0.5078649807562304,0.5640396776550742,0.5078649807562304,0.5640396776550742,0.5078649807562304,0.5640396776550742,0.04168942483579781,0.1337064915517002,0.04168942483579781,0.1337064915517002,0.04168942483579781,0.1337064915517002,0.5078649807562304,0.5640396776550742,0.5078649807562304,0.5640396776550742,0.5078649807562304,0.5640396776550742,0.5078649807562304,0.5640396776550742,0.5078649807562304,0.5640396776550742,0.5078649807562304,0.5640396776550742
0.47,0.0,0.47,0.47,0.66,0.0,0.66,0.66,0.5679190795586662,0.5750977755974548,0.5679190795586662,0.5750977755974548,0.5679190795586662,0.5750977755974548,0.04101639927704119,0.11602013493282548,0.04101639927704119,0.11602013493282548,0.04101639927704119,0.11602013493282548,0.5679190795586662,0.5750977755974548,0.5679190795586662,0.5750977755974548,0.5679190795586662,0.5750977755974548,0.5679190795586662,0.5750977755974548,0.5679190795586662,0.5750977755974548,0.5679190795586662,0.5750977755974548
0.43,0.0,0.43,0.43,0.7,0.0831295843520781,0.7,0.7,0.5041869740917008,0.5244334144963035,0.5041869740917008,0.5244334144963035,0.5041869740917008,0.5244334144963035,0.009416950347310117,0.06440599175058058,0.009416950347310117,0.06440599175058058,0.009416950347310117,0.06440599175058058,0.5041869740917008,0.5244334144963035,0.5041869740917008,0.5244334144963035,0.5041869740917008,0.5244334144963035,0.5041869740917008,0.5244334144963035,0.5041869740917008,0.5244334144963035,0.5041869740917008,0.5244334144963035
0.41,0.0,0.41,0.41,0.61,0.1271262309758282,0.61,0.61,0.41157780777311126,0.43883942916214075,0.41157780777311126,0.43883942916214075,0.41157780777311126,0.43883942916214075,0.02081013510384581,0.048890766577619295,0.02081013510384581,0.048890766577619295,0.02081013510384581,0.048890766577619295,0.41157780777311126,0.43883942916214075,0.41157780777311126,0.43883942916214075,0.41157780777311126,0.43883942916214075,0.41157780777311126,0.43883942916214075,0.41157780777311126,0.43883942916214075,0.41157780777311126,0.43883942916214075
0.34,0.0,0.34,0.34,0.5,0.0573152337858221,0.5,0.5,0.4219046751905696,0.43684196123335534,0.4219046751905696,0.43684196123335534,0.4219046751905696,0.43684196123335534,0.015588615339746835,0.05111335403298063,0.015588615339746835,0.05111335403298063,0.015588615339746835,0.05111335403298063,0.4219046751905696,0.43684196123335534,0.4219046751905696,0.43684196123335534,0.4219046751905696,0.43684196123335534,0.4219046751905696,0.43684196123335534,0.4219046751905696,0.43684196123335534,0.4219046751905696,0.43684196123335534
0.47,0.0,0.47,0.47,0.41,0.014696058784235,0.41,0.41,0.4427065884887088,0.4837720444163479,0.4427065884887088,0.4837720444163479,0.4427065884887088,0.4837720444163479,0.01732811039837462,0.056362675690363115,0.01732811039837462,0.056362675690363115,0.01732811039837462,0.056362675690363115,0.4427065884887088,0.4837720444163479,0.4427065884887088,0.4837720444163479,0.4427065884887088,0.4837720444163479,0.4427065884887088,0.4837720444163479,0.4427065884887088,0.4837720444163479,0.4427065884887088,0.4837720444163479
0.47,0.0,0.47,0.47,0.5,0.0,0.5,0.5,0.36067406426598153,0.46490144627359503,0.36067406426598153,0.46490144627359503,0.36067406426598153,0.46490144627359503,0.014621624436573489,0.038015861238759004,0.014621624436573489,0.038015861238759004,0.014621624436573489,0.038015861238759004,0.36067406426598153,0.46490144627359503,0.36067406426598153,0.46490144627359503,0.36067406426598153,0.46490144627359503,0.36067406426598153,0.46490144627359503,0.36067406426598153,0.46490144627359503,0.36067406426598153,0.46490144627359503
0.5,0.0,0.5,0.5,0.55,0.0,0.55,0.55,0.44064396821332047,0.4306077900659958,0.44064396821332047,0.4306077900659958,0.44064396821332047,0.4306077900659958,-0.03987817754891997,0.011804874623179447,-0.03987817754891997,0.011804874623179447,-0.03987817754891997,0.011804874623179447,0.44064396821332047,0.4306077900659958,0.44064396821332047,0.4306077900659958,0.44064396821332047,0.4306077900659958,0.44064396821332047,0.4306077900659958,0.44064396821332047,0.4306077900659958,0.44064396821332047,0.4306077900659958
0.64,0.2465466722478024,0.64,0.64,0.55,0.0,0.55,0.55,0.5293496933004036,0.4221732207124197,0.5293496933004036,0.4221732207124197,0.5293496933004036,0.4221732207124197,0.15667608844670491,0.14546488873957233,0.15667608844670491,0.14546488873957233,0.15667608844670491,0.14546488873957233,0.5293496933004036,0.4221732207124197,0.5293496933004036,0.4221732207124197,0.5293496933004036,0.4221732207124197,0.5293496933004036,0.4221732207124197,0.5293496933004036,0.4221732207124197,0.5293496933004036,0.4221732207124197
0.53,0.1823242867084203,0.53,0.53,0.59,0.0,0.59,0.59,0.5244044156948845,0.47948117658993866,0.5244044156948845,0.47948117658993866,0.5244044156948845,0.47948117658993866,0.20814029993611283,0.2945249824571211,0.20814029993611283,0.2945249824571211,0.20814029993611283,0.2945249824571211,0.5244044156948845,0.47948117658993866,0.5244044156948845,0.47948117658993866,0.5244044156948845,0.47948117658993866,0.5244044156948845,0.47948117658993866,0.5244044156948845,0.47948117658993866,0.5244044156948845,0.47948117658993866
0.66,0.3199999999999999,0.66,0.66,0.61,0.0,0.61,0.61,0.5399542407197202,0.4774920428961277,0.5399542407197202,0.4774920428961277,0.5399542407197202,0.4774920428961277,0.18868102214207874,0.3087789836502242,0.18868102214207874,0.3087789836502242,0.18868102214207874,0.3087789836502242,0.5399542407197202,0.4774920428961277,0.5399542407197202,0.4774920428961277,0.5399542407197202,0.4774920428961277,0.5399542407197202,0.4774920428961277,0.5399542407197202,0.4774920428961277,0.5399542407197202,0.4774920428961277
0.61,0.1623711340206186,0.61,0.61,0.64,0.0,0.64,0.64,0.5112814983730596,0.4086187390786566,0.5112814983730596,0.4086187390786566,0.5112814983730596,0.4086187390786566,0.1648775750174143,0.3246556437225005,0.1648775750174143,0.3246556437225005,0.1648775750174143,0.3246556437225005,0.5112814983730596,0.4086187390786566,0.5112814983730596,0.4086187390786566,0.5112814983730596,0.4086187390786566,0.5112814983730596,0.4086187390786566,0.5112814983730596,0.4086187390786566,0.5112814983730596,0.4086187390786566
0.81,0.2857142857142857,0.81,0.81,0.78,0.0,0.78,0.78,0.4822584355019862,0.3930364100707243,0.4822584355019862,0.3930364100707243,0.4822584355019862,0.3930364100707243,0.13085565972087357,0.07783220959390394,0.13085565972087357,0.07783220959390394,0.13085565972087357,0.07783220959390394,0.4822584355019862,0.3930364100707243,0.4822584355019862,0.3930364100707243,0.4822584355019862,0.3930364100707243,0.4822584355019862,0.3930364100707243,0.4822584355019862,0.3930364100707243,0.4822584355019862,0.3930364100707243
0.78,0.0,0.78,0.78,0.88,0.0,0.88,0.88,0.48170344408419,0.40222841776161683,0.48170344408419,0.40222841776161683,0.48170344408419,0.40222841776161683,0.0018424109371641315,-0.04126648355167661,0.0018424109371641315,-0.04126648355167661,0.0018424109371641315,-0.04126648355167661,0.48170344408419,0.40222841776161683,0.48170344408419,0.40222841776161683,0.48170344408419,0.40222841776161683,0.48170344408419,0.40222841776161683,0.48170344408419,0.40222841776161683,0.48170344408419,0.40222841776161683
0.61,0.0,0.61,0.61,0.87,0.5083207261724659,0.87,0.87,0.5510172748665654,0.4860565152885493,0.5510172748665654,0.4860565152885493,0.5510172748665654,0.4860565152885493,0.002366598313734317,-0.017187365562477363,0.002366598313734317,-0.017187365562477363,0.002366598313734317,-0.017187365562477363,0.5510172748665654,0.4860565152885493,0.5510172748665654,0.4860565152885493,0.5510172748665654,0.4860565152885493,0.5510172748665654,0.4860565152885493,0.5510172748665654,0.4860565152885493,0.5510172748665654,0.4860565152885493
0.42,0.0,0.42,0.42,0.64,0.180327868852459,0.64,0.64,0.4983924204494899,0.474230756199604,0.4983924204494899,0.474230756199604,0.4983924204494899,0.474230756199604,0.006745033235898423,0.0040262829559793,0.006745033235898423,0.0040262829559793,0.006745033235898423,0.0040262829559793,0.4983924204494899,0.474230756199604,0.4983924204494899,0.474230756199604,0.4983924204494899,0.474230756199604,0.4983924204494899,0.474230756199604,0.4983924204494899,0.474230756199604,0.4983924204494899,0.474230756199604
0.3,0.0,0.3,0.3,0.51,0.0892193308550185,0.51,0.51,0.44429848281036527,0.44223836762625135,0.44429848281036527,0.44223836762625135,0.44429848281036527,0.44223836762625135,-0.004139259296696192,-0.028628622262540676,-0.004139259296696192,-0.028628622262540676,-0.004139259296696192,-0.028628622262540676,0.44429848281036527,0.44223836762625135,0.44429848281036527,0.44223836762625135,0.44429848281036527,0.44223836762625135,0.44429848281036527,0.44223836762625135,0.44429848281036527,0.44223836762625135,0.44429848281036527,0.44223836762625135
0.35,0.0,0.35,0.35,0.44,0.0,0.44,0.44,0.4339584889898063,0.4549003409934989,0.4339584889898063,0.4549003409934989,0.4339584889898063,0.4549003409934989,0.006595977016365593,-0.025653600557412948,0.006595977016365593,-0.025653600557412948,0.006595977016365593,-0.025653600557412948,0.4339584889898063,0.4549003409934989,0.4339584889898063,0.4549003409934989,0.4339584889898063,0.4549003409934989,0.4339584889898063,0.4549003409934989,0.4339584889898063,0.4549003409934989,0.4339584889898063,0.4549003409934989
0.51,0.0,0.51,0.51,0.47,0.0,0.47,0.47,0.5224278882246806,0.48159035654538307,0.5224278882246806,0.48159035654538307,0.5224278882246806,0.48159035654538307,0.01924671542670764,-0.04680002676637526,0.01924671542670764,-0.04680002676637526,0.01924671542670764,-0.04680002676637526,0.5224278882246806,0.48159035654538307,0.5224278882246806,0.48159035654538307,0.5224278882246806,0.48159035654538307,0.5224278882246806,0.48159035654538307,0.5224278882246806,0.48159035654538307,0.5224278882246806,0.48159035654538307
0.63,0.0913555992141453,0.63,0.63,0.43,0.0,0.43,0.43,0.6604215913165739,0.7057685806409719,0.6604215913165739,0.7057685806409719,0.6604215913165739,0.7057685806409719,0.2185815991244427,0.13411796879386534,0.2185815991244427,0.13411796879386534,0.2185815991244427,0.13411796879386534,0.6604215913165739,0.7057685806409719,0.6604215913165739,0.7057685806409719,0.6604215913165739,0.7057685806409719,0.6604215913165739,0.7057685806409719,0.6604215913165739,0.7057685806409719,0.6604215913165739,0.7057685806409719
0.61,0.0687679083094556,0.61,0.61,0.41,0.0,0.41,0.41,0.6396710747849016,0.6552831605070372,0.6396710747849016,0.6552831605070372,0.6396710747849016,0.6552831605070372,0.20736391039631147,0.1568595559515506,0.20736391039631147,0.1568595559515506,0.20736391039631147,0.1568595559515506,0.6396710747849016,0.6552831605070372,0.6396710747849016,0.6552831605070372,0.6396710747849016,0.6552831605070372,0.6396710747849016,0.6552831605070372,0.6396710747849016,0.6552831605070372,0.6396710747849016,0.6552831605070372
0.53,-0.0103181427343079,0.53,0.53,0.34,0.0,0.34,0.34,0.5939858788340511,0.6129610016990377,0.5939858788340511,0.6129610016990377,0.5939858788340511,0.6129610016990377,0.1880086899293737,0.1957136414094529,0.1880086899293737,0.1957136414094529,0.1880086899293737,0.1957136414094529,0.5939858788340511,0.6129610016990377,0.5939858788340511,0.6129610016990377,0.5939858788340511,0.6129610016990377,0.5939858788340511,0.6129610016990377,0.5939858788340511,0.6129610016990377,0.5939858788340511,0.6129610016990377
0.4,-0.0901162790697673,0.4,0.4,0.47,0.0,0.47,0.47,0.41875124293696186,0.4555088644061384,0.41875124293696186,0.4555088644061384,0.41875124293696186,0.4555088644061384,-0.0049721147452734095,0.06079913449792092,-0.0049721147452734095,0.06079913449792092,-0.0049721147452734095,0.06079913449792092,0.41875124293696186,0.4555088644061384,0.41875124293696186,0.4555088644061384,0.41875124293696186,0.4555088644061384,0.41875124293696186,0.4555088644061384,0.41875124293696186,0.4555088644061384,0.41875124293696186,0.4555088644061384
0.52,0.0,0.52,0.52,0.47,0.0,0.47,0.47,0.5735551848939514,0.6136691693751255,0.5735551848939514,0.6136691693751255,0.5735551848939514,0.6136691693751255,0.0027045926717998146,-0.028207124198437867,0.0027045926717998146,-0.028207124198437867,0.0027045926717998146,-0.028207124198437867,0.5735551848939514,0.6136691693751255,0.5735551848939514,0.6136691693751255,0.5735551848939514,0.6136691693751255,0.5735551848939514,0.6136691693751255,0.5735551848939514,0.6136691693751255,0.5735551848939514,0.6136691693751255
0.68,0.0,0.68,0.68,0.5,0.0,0.5,0.5,0.6216316444624013,0.6270879465395328,0.6216316444624013,0.6270879465395328,0.6216316444624013,0.6270879465395328,0.003667926797877702,0.011848336277067453,0.003667926797877702,0.011848336277067453,0.003667926797877702,0.011848336277067453,0.6216316444624013,0.6270879465395328,0.6216316444624013,0.6270879465395328,0.6216316444624013,0.6270879465395328,0.6216316444624013,0.6270879465395328,0.6216316444624013,0.6270879465395328,0.6216316444624013,0.6270879465395328
0.72,0.0,0.72,0.72,0.64,0.2465466722478024,0.64,0.64,0.6863245927141988,0.6703128245563139,0.6863245927141988,0.6703128245563139,0.6863245927141988,0.6703128245563139,0.009909863300666273,-0.0015054730476500178,0.009909863300666273,-0.0015054730476500178,0.009909863300666273,-0.0015054730476500178,0.6863245927141988,0.6703128245563139,0.6863245927141988,0.6703128245563139,0.6863245927141988,0.6703128245563139,0.6863245927141988,0.6703128245563139,0.6863245927141988,0.6703128245563139,0.6863245927141988,0.6703128245563139
0.66,0.0,0.66,0.66,0.53,0.1823242867084203,0.53,0.53,0.6239663000780599,0.5320172359726829,0.6239663000780599,0.5320172359726829,0.6239663000780599,0.5320172359726829,0.008696731471233182,-0.0063234251508574105,0.008696731471233182,-0.0063234251508574105,0.008696731471233182,-0.0063234251508574105,0.6239663000780599,0.5320172359726829,0.6239663000780599,0.5320172359726829,0.6239663000780599,0.5320172359726829,0.6239663000780599,0.5320172359726829,0.6239663000780599,0.5320172359726829,0.6239663000780599,0.5320172359726829
0.57,0.0,0.57,0.57,0.66,0.3199999999999999,0.66,0.66,0.6272214121808332,0.5699310125581969,0.6272214121808332,0.5699310125581969,0.6272214121808332,0.5699310125581969,0.007142858538960236,0.014479393371322709,0.007142858538960236,0.014479393371322709,0.007142858538960236,0.014479393371322709,0.6272214121808332,0.5699310125581969,0.6272214121808332,0.5699310125581969,0.6272214121808332,0.5699310125581969,0.6272214121808332,0.5699310125581969,0.6272214121808332,0.5699310125581969,0.6272214121808332,0.5699310125581969
0.68,0.0,0.68,0.68,0.61,0.1623711340206186,0.61,0.61,0.641594177058285,0.5623436427240021,0.641594177058285,0.5623436427240021,0.641594177058285,0.5623436427240021,0.01670074522549577,0.0202773122144785,0.01670074522549577,0.0202773122144785,0.01670074522549577,0.0202773122144785,0.641594177058285,0.5623436427240021,0.641594177058285,0.5623436427240021,0.641594177058285,0.5623436427240021,0.641594177058285,0.5623436427240021,0.641594177058285,0.5623436427240021,0.641594177058285,0.5623436427240021
0.63,0.0,0.63,0.63,0.81,0.2857142857142857,0.81,0.81,0.6547483047423173,0.6528145378284866,0.6547483047423173,0.6528145378284866,0.6547483047423173,0.6528145378284866,0.00907108247940383,0.005208871444842492,0.00907108247940383,0.005208871444842492,0.00907108247940383,0.005208871444842492,0.6547483047423173,0.6528145378284866,0.6547483047423173,0.6528145378284866,0.6547483047423173,0.6528145378284866,0.6547483047423173,0.6528145378284866,0.6547483047423173,0.6528145378284866,0.6547483047423173,0.6528145378284866
0.65,0.116161616161616,0.65,0.65,0.78,0.0,0.78,0.78,0.6879265011353629,0.6649004606406387,0.6879265011353629,0.6649004606406387,0.6879265011353629,0.6649004606406387,0.1345001105936859,0.05024916506348776,0.1345001105936859,0.05024916506348776,0.1345001105936859,0.05024916506348776,0.6879265011353629,0.6649004606406387,0.6879265011353629,0.6649004606406387,0.6879265011353629,0.6649004606406387,0.6879265011353629,0.6649004606406387,0.6879265011353629,0.6649004606406387,0.6879265011353629,0.6649004606406387
0.47,0.0111940298507461,0.47,0.47,0.61,0.0,0.61,0.61,0.5935141494267756,0.6228216776902601,0.5935141494267756,0.6228216776902601,0.5935141494267756,0.6228216776902601,0.16087409720318716,0.10681887365798175,0.16087409720318716,0.10681887365798175,0.16087409720318716,0.10681887365798175,0.5935141494267756,0.6228216776902601,0.5935141494267756,0.6228216776902601,0.5935141494267756,0.6228216776902601,0.5935141494267756,0.6228216776902601,0.5935141494267756,0.6228216776902601,0.5935141494267756,0.6228216776902601
0.49,0.0222392638036809,0.49,0.49,0.42,0.0,0.42,0.42,0.5433905407712148,0.6305503492512466,0.5433905407712148,0.6305503492512466,0.5433905407712148,0.6305503492512466,0.15701829288130303,0.12694395678506162,0.15701829288130303,0.12694395678506162,0.15701829288130303,0.12694395678506162,0.5433905407712148,0.6305503492512466,0.5433905407712148,0.6305503492512466,0.5433905407712148,0.6305503492512466,0.5433905407712148,0.6305503492512466,0.5433905407712148,0.6305503492512466,0.5433905407712148,0.6305503492512466
0.49,0.0222392638036809,0.49,0.49,0.3,0.0,0.3,0.3,0.4742059158246155,0.5700403377550181,0.4742059158246155,0.5700403377550181,0.4742059158246155,0.5700403377550181,0.02901618311501402,0.1186204427881867,0.02901618311501402,0.1186204427881867,0.02901618311501402,0.1186204427881867,0.4742059158246155,0.5700403377550181,0.4742059158246155,0.5700403377550181,0.4742059158246155,0.5700403377550181,0.4742059158246155,0.5700403377550181,0.4742059158246155,0.5700403377550181,0.4742059158246155,0.5700403377550181
0.51,0.02,0.51,0.51,0.35,0.0,0.35,0.35,0.491042452142855,0.5289967768643942,0.491042452142855,0.5289967768643942,0.491042452142855,0.5289967768643942,0.07293607779487427,0.04466710993586426,0.07293607779487427,0.04466710993586426,0.07293607779487427,0.04466710993586426,0.491042452142855,0.5289967768643942,0.491042452142855,0.5289967768643942,0.491042452142855,0.5289967768643942,0.491042452142855,0.5289967768643942,0.491042452142855,0.5289967768643942,0.491042452142855,0.5289967768643942
0.67,0.0384615384615383,0.67,0.67,0.51,0.0,0.51,0.51,0.5854774422173237,0.543033587461197,0.5854774422173237,0.543033587461197,0.5854774422173237,0.543033587461197,0.11341393478863666,0.033679809086436856,0.11341393478863666,0.033679809086436856,0.11341393478863666,0.033679809086436856,0.5854774422173237,0.543033587461197,0.5854774422173237,0.543033587461197,0.5854774422173237,0.543033587461197,0.5854774422173237,0.543033587461197,0.5854774422173237,0.543033587461197,0.5854774422173237,0.543033587461197
0.69,0.042027194066749,0.69,0.69,0.63,0.0913555992141453,0.63,0.63,0.6045131542230827,0.5366604190961802,0.6045131542230827,0.5366604190961802,0.6045131542230827,0.5366604190961802,0.13960287604687574,0.019206148432164005,0.13960287604687574,0.019206148432164005,0.13960287604687574,0.019206148432164005,0.6045131542230827,0.5366604190961802,0.6045131542230827,0.5366604190961802,0.6045131542230827,0.5366604190961802,0.6045131542230827,0.5366604190961802,0.6045131542230827,0.5366604190961802,0.6045131542230827,0.5366604190961802
0.69,0.042027194066749,0.69,0.69,0.61,0.0687679083094556,0.61,0.61,0.5929509227832968,0.542323785829299,0.5929509227832968,0.542323785829299,0.5929509227832968,0.542323785829299,0.16892920403830447,0.025689378168219063,0.16892920403830447,0.025689378168219063,0.16892920403830447,0.025689378168219063,0.5929509227832968,0.542323785829299,0.5929509227832968,0.542323785829299,0.5929509227832968,0.542323785829299,0.5929509227832968,0.542323785829299,0.5929509227832968,0.542323785829299,0.5929509227832968,0.542323785829299
0.72,0.0,0.72,0.72,0.53,-0.0103181427343079,0.53,0.53,0.584862675567068,0.5365426958144015,0.584862675567068,0.5365426958144015,0.584862675567068,0.5365426958144015,0.008921723806119941,0.0054298157664735,0.008921723806119941,0.0054298157664735,0.008921723806119941,0.0054298157664735,0.584862675567068,0.5365426958144015,0.584862675567068,0.5365426958144015,0.584862675567068,0.5365426958144015,0.584862675567068,0.5365426958144015,0.584862675567068,0.5365426958144015,0.584862675567068,0.5365426958144015
0.68,0.0,0.68,0.68,0.4,-0.0901162790697673,0.4,0.4,0.5949438879990843,0.5130423466410029,0.5949438879990843,0.5130423466410029,0.5949438879990843,0.5130423466410029,0.0010068674907585287,-0.008042862574078193,0.0010068674907585287,-0.008042862574078193,0.0010068674907585287,-0.008042862574078193,0.5949438879990843,0.5130423466410029,0.5949438879990843,0.5130423466410029,0.5949438879990843,0.5130423466410029,0.5949438879990843,0.5130423466410029,0.5949438879990843,0.5130423466410029,0.5949438879990843,0.5130423466410029
0.69,0.0,0.69,0.69,0.52,0.0,0.52,0.52,0.6212598142244228,0.5734924833853895,0.6212598142244228,0.5734924833853895,0.6212598142244228,0.5734924833853895,0.005362313370576187,0.005932368991249657,0.005362313370576187,0.005932368991249657,0.005362313370576187,0.005932368991249657,0.6212598142244228,0.5734924833853895,0.6212598142244228,0.5734924833853895,0.6212598142244228,0.5734924833853895,0.6212598142244228,0.5734924833853895,0.6212598142244228,0.5734924833853895,0.6212598142244228,0.5734924833853895
0.74,0.1263440860215052,0.74,0.74,0.68,0.0,0.68,0.68,0.7005075388619002,0.6983952033108848,0.7005075388619002,0.6983952033108848,0.7005075388619002,0.6983952033108848,0.10367365486948338,0.09978987438646025,0.10367365486948338,0.09978987438646025,0.10367365486948338,0.09978987438646025,0.7005075388619002,0.6983952033108848,0.7005075388619002,0.6983952033108848,0.7005075388619002,0.6983952033108848,0.7005075388619002,0.6983952033108848,0.7005075388619002,0.6983952033108848,0.7005075388619002,0.6983952033108848
0.69,0.3104982206405693,0.69,0.69,0.72,0.0,0.72,0.72,0.6680257696601476,0.7095902823240544,0.6680257696601476,0.7095902823240544,0.6680257696601476,0.7095902823240544,0.1739705191686694,0.19652374202519268,0.1739705191686694,0.19652374202519268,0.1739705191686694,0.19652374202519268,0.6680257696601476,0.7095902823240544,0.6680257696601476,0.7095902823240544,0.6680257696601476,0.7095902823240544,0.6680257696601476,0.7095902823240544,0.6680257696601476,0.7095902823240544,0.6680257696601476,0.7095902823240544
0.8,0.4600431965442765,0.8,0.8,0.66,0.0,0.66,0.66,0.514526128277551,0.6544401987566527,0.514526128277551,0.6544401987566527,0.514526128277551,0.6544401987566527,0.14128371740245574,0.1964256249702696,0.14128371740245574,0.1964256249702696,0.14128371740245574,0.1964256249702696,0.514526128277551,0.6544401987566527,0.514526128277551,0.6544401987566527,0.514526128277551,0.6544401987566527,0.514526128277551,0.6544401987566527,0.514526128277551,0.6544401987566527,0.514526128277551,0.6544401987566527
0.78,0.4282744282744282,0.78,0.78,0.57,0.0,0.57,0.57,0.5160855915329621,0.620790917758961,0.5160855915329621,0.620790917758961,0.5160855915329621,0.620790917758961,0.12593737353621587,0.19104602035610144,0.12593737353621587,0.19104602035610144,0.12593737353621587,0.19104602035610144,0.5160855915329621,0.620790917758961,0.5160855915329621,0.620790917758961,0.5160855915329621,0.620790917758961,0.5160855915329621,0.620790917758961,0.5160855915329621,0.620790917758961,0.5160855915329621,0.620790917758961
0.73,0.0,0.73,0.73,0.68,0.0,0.68,0.68,0.663977342444229,0.632368897471533,0.663977342444229,0.632368897471533,0.663977342444229,0.632368897471533,0.03054482093158015,0.06856530612785637,0.03054482093158015,0.06856530612785637,0.03054482093158015,0.06856530612785637,0.663977342444229,0.632368897471533,0.663977342444229,0.632368897471533,0.663977342444229,0.632368897471533,0.663977342444229,0.632368897471533,0.663977342444229,0.632368897471533,0.663977342444229,0.632368897471533
0.61,0.0,0.61,0.61,0.63,0.0,0.63,0.63,0.6591036645197037,0.5987649978295749,0.6591036645197037,0.5987649978295749,0.6591036645197037,0.5987649978295749,0.02187008313842856,0.03913266098161201,0.02187008313842856,0.03913266098161201,0.02187008313842856,0.03913266098161201,0.6591036645197037,0.5987649978295749,0.6591036645197037,0.5987649978295749,0.6591036645197037,0.5987649978295749,0.6591036645197037,0.5987649978295749,0.6591036645197037,0.5987649978295749,0.6591036645197037,0.5987649978295749
0.63,0.0,0.63,0.63,0.65,0.116161616161616,0.65,0.65,0.644558072064946,0.5602568757869165,0.644558072064946,0.5602568757869165,0.644558072064946,0.5602568757869165,0.0069028257728608105,0.0241832380102502,0.0069028257728608105,0.0241832380102502,0.0069028257728608105,0.0241832380102502,0.644558072064946,0.5602568757869165,0.644558072064946,0.5602568757869165,0.644558072064946,0.5602568757869165,0.644558072064946,0.5602568757869165,0.644558072064946,0.5602568757869165,0.644558072064946,0.5602568757869165
0.7,0.0,0.7,0.7,0.47,0.0111940298507461,0.47,0.47,0.6387548655949599,0.6503468455893047,0.6387548655949599,0.6503468455893047,0.6387548655949599,0.6503468455893047,0.003548901259291564,-0.0006507751048636207,0.003548901259291564,-0.0006507751048636207,0.003548901259291564,-0.0006507751048636207,0.6387548655949599,0.6503468455893047,0.6387548655949599,0.6503468455893047,0.6387548655949599,0.6503468455893047,0.6387548655949599,0.6503468455893047,0.6387548655949599,0.6503468455893047,0.6387548655949599,0.6503468455893047
0.83,0.0,0.83,0.83,0.49,0.0222392638036809,0.49,0.49,0.6009430149106528,0.6035504176589916,0.6009430149106528,0.6035504176589916,0.6009430149106528,0.6035504176589916,0.018417454598623664,0.03550861639022547,0.018417454598623664,0.03550861639022547,0.018417454598623664,0.03550861639022547,0.6009430149106528,0.6035504176589916,0.6009430149106528,0.6035504176589916,0.6009430149106528,0.6035504176589916,0.6009430149106528,0.6035504176589916,0.6009430149106528,0.6035504176589916,0.6009430149106528,0.6035504176589916
0.73,0.0,0.73,0.73,0.49,0.0222392638036809,0.49,0.49,0.6184759103425096,0.5969988436988994,0.6184759103425096,0.5969988436988994,0.6184759103425096,0.5969988436988994,0.015973496224224473,0.02875838324085965,0.015973496224224473,0.02875838324085965,0.015973496224224473,0.02875838324085965,0.6184759103425096,0.5969988436988994,0.6184759103425096,0.5969988436988994,0.6184759103425096,0.5969988436988994,0.6184759103425096,0.5969988436988994,0.6184759103425096,0.5969988436988994,0.6184759103425096,0.5969988436988994
0.65,0.0,0.65,0.65,0.51,0.02,0.51,0.51,0.6165779124930473,0.6264720881368468,0.6165779124930473,0.6264720881368468,0.6165779124930473,0.6264720881368468,0.033336762487090756,0.04117857349874634,0.033336762487090756,0.04117857349874634,0.033336762487090756,0.04117857349874634,0.6165779124930473,0.6264720881368468,0.6165779124930473,0.6264720881368468,0.6165779124930473,0.6264720881368468,0.6165779124930473,0.6264720881368468,0.6165779124930473,0.6264720881368468,0.6165779124930473,0.6264720881368468
0.71,0.0,0.71,0.71,0.67,0.0384615384615383,0.67,0.67,0.6719641942457715,0.6355524693020143,0.6719641942457715,0.6355524693020143,0.6719641942457715,0.6355524693020143,0.015765752634416267,0.03203903403535905,0.015765752634416267,0.03203903403535905,0.015765752634416267,0.03203903403535905,0.6719641942457715,0.6355524693020143,0.6719641942457715,0.6355524693020143,0.6719641942457715,0.6355524693020143,0.6719641942457715,0.6355524693020143,0.6719641942457715,0.6355524693020143,0.6719641942457715,0.6355524693020143
0.64,0.2484342379958247,0.64,0.64,0.69,0.042027194066749,0.69,0.69,0.6904337353587447,0.6542765475120179,0.6904337353587447,0.6542765475120179,0.6904337353587447,0.6542765475120179,0.19352792044201284,0.2004404562554314,0.19352792044201284,0.2004404562554314,0.19352792044201284,0.2004404562554314,0.6904337353587447,0.6542765475120179,0.6904337353587447,0.6542765475120179,0.6904337353587447,0.6542765475120179,0.6904337353587447,0.6542765475120179,0.6904337353587447,0.6542765475120179,0.6904337353587447,0.6542765475120179
0.64,0.2484342379958247,0.64,0.64,0.69,0.042027194066749,0.69,0.69,0.5434068957000027,0.6187555778083897,0.5434068957000027,0.6187555778083897,0.5434068957000027,0.6187555778083897,0.06806024323086317,0.15565426144687358,0.06806024323086317,0.15565426144687358,0.06806024323086317,0.15565426144687358,0.5434068957000027,0.6187555778083897,0.5434068957000027,0.6187555778083897,0.5434068957000027,0.6187555778083897,0.5434068957000027,0.6187555778083897,0.5434068957000027,0.6187555778083897,0.5434068957000027,0.6187555778083897
0.52,0.147424511545293,0.52,0.52,0.72,0.0,0.72,0.72,0.5227704080326339,0.5853642054673486,0.5227704080326339,0.5853642054673486,0.5227704080326339,0.5853642054673486,0.08558893703578618,0.16141026181236198,0.08558893703578618,0.16141026181236198,0.08558893703578618,0.16141026181236198,0.5227704080326339,0.5853642054673486,0.5227704080326339,0.5853642054673486,0.5227704080326339,0.5853642054673486,0.5227704080326339,0.5853642054673486,0.5227704080326339,0.5853642054673486,0.5227704080326339,0.5853642054673486
0.55,0.0,0.55,0.55,0.68,0.0,0.68,0.68,0.5781267917029825,0.6107423400115135,0.5781267917029825,0.6107423400115135,0.5781267917029825,0.6107423400115135,0.026635542444516328,0.06043517996567234,0.026635542444516328,0.06043517996567234,0.026635542444516328,0.06043517996567234,0.5781267917029825,0.6107423400115135,0.5781267917029825,0.6107423400115135,0.5781267917029825,0.6107423400115135,0.5781267917029825,0.6107423400115135,0.5781267917029825,0.6107423400115135,0.5781267917029825,0.6107423400115135
0.59,0.0,0.59,0.59,0.69,0.0,0.69,0.69,0.5654115051495396,0.5494940390518415,0.5654115051495396,0.5494940390518415,0.5654115051495396,0.5494940390518415,0.02621840988277444,0.03620395189299747,0.02621840988277444,0.03620395189299747,0.02621840988277444,0.03620395189299747,0.5654115051495396,0.5494940390518415,0.5654115051495396,0.5494940390518415,0.5654115051495396,0.5494940390518415,0.5654115051495396,0.5494940390518415,0.5654115051495396,0.5494940390518415,0.5654115051495396,0.5494940390518415
0.55,0.0,0.55,0.55,0.74,0.1263440860215052,0.74,0.74,0.5629521285376634,0.5306229604841993,0.5629521285376634,0.5306229604841993,0.5629521285376634,0.5306229604841993,0.0016056648528165471,0.026683819303839156,0.0016056648528165471,0.026683819303839156,0.0016056648528165471,0.026683819303839156,0.5629521285376634,0.5306229604841993,0.5629521285376634,0.5306229604841993,0.5629521285376634,0.5306229604841993,0.5629521285376634,0.5306229604841993,0.5629521285376634,0.5306229604841993,0.5629521285376634,0.5306229604841993
0.59,0.0,0.59,0.59,0.69,0.3104982206405693,0.69,0.69,0.5332122360426231,0.5332181338244897,0.5332122360426231,0.5332181338244897,0.5332122360426231,0.5332181338244897,0.0056796415189713356,0.01880703746423998,0.0056796415189713356,0.01880703746423998,0.0056796415189713356,0.01880703746423998,0.5332122360426231,0.5332181338244897,0.5332122360426231,0.5332181338244897,0.5332122360426231,0.5332181338244897,0.5332122360426231,0.5332181338244897,0.5332122360426231,0.5332181338244897,0.5332122360426231,0.5332181338244897
0.63,0.0,0.63,0.63,0.8,0.4600431965442765,0.8,0.8,0.5567031192430815,0.5324805908072526,0.5567031192430815,0.5324805908072526,0.5567031192430815,0.5324805908072526,-0.0007926291005066425,0.017519331197699273,-0.0007926291005066425,0.017519331197699273,-0.0007926291005066425,0.017519331197699273,0.5567031192430815,0.5324805908072526,0.5567031192430815,0.5324805908072526,0.5567031192430815,0.5324805908072526,0.5567031192430815,0.5324805908072526,0.5567031192430815,0.5324805908072526,0.5567031192430815,0.5324805908072526
0.68,0.0,0.68,0.68,0.78,0.4282744282744282,0.78,0.78,0.6322390712644904,0.6168883508043261,0.6322390712644904,0.6168883508043261,0.6322390712644904,0.6168883508043261,0.0031765659010637177,0.0007279187438848809,0.0031765659010637177,0.0007279187438848809,0.0031765659010637177,0.0007279187438848809,0.6322390712644904,0.6168883508043261,0.6322390712644904,0.6168883508043261,0.6322390712644904,0.6168883508043261,0.6322390712644904,0.6168883508043261,0.6322390712644904,0.6168883508043261,0.6322390712644904,0.6168883508043261
0.82,0.0,0.82,0.82,0.73,0.0,0.73,0.73,0.6356987457697151,0.6452571917951089,0.6356987457697151,0.6452571917951089,0.6356987457697151,0.6452571917951089,0.00020456462402602534,0.010776919904447735,0.00020456462402602534,0.010776919904447735,0.00020456462402602534,0.010776919904447735,0.6356987457697151,0.6452571917951089,0.6356987457697151,0.6452571917951089,0.6356987457697151,0.6452571917951089,0.6356987457697151,0.6452571917951089,0.6356987457697151,0.6452571917951089,0.6356987457697151,0.6452571917951089
0.85,0.0,0.85,0.85,0.61,0.0,0.61,0.61,0.6530669500264595,0.6556088027069784,0.6530669500264595,0.6556088027069784,0.6530669500264595,0.6556088027069784,0.01711129037762478,0.03761070097853799,0.01711129037762478,0.03761070097853799,0.01711129037762478,0.03761070097853799,0.6530669500264595,0.6556088027069784,0.6530669500264595,0.6556088027069784,0.6530669500264595,0.6556088027069784,0.6530669500264595,0.6556088027069784,0.6530669500264595,0.6556088027069784,0.6530669500264595,0.6556088027069784
0.72,0.1740412979351032,0.72,0.72,0.63,0.0,0.63,0.63,0.6488724516726729,0.6430539218676794,0.6488724516726729,0.6430539218676794,0.6488724516726729,0.6430539218676794,0.22618512289577788,0.1730463732995037,0.22618512289577788,0.1730463732995037,0.22618512289577788,0.1730463732995037,0.6488724516726729,0.6430539218676794,0.6488724516726729,0.6430539218676794,0.6488724516726729,0.6430539218676794,0.6488724516726729,0.6430539218676794,0.6488724516726729,0.6430539218676794,0.6488724516726729,0.6430539218676794
0.65,0.0979381443298968,0.65,0.65,0.7,0.0,0.7,0.7,0.5257653161812245,0.5904758801063528,0.5257653161812245,0.5904758801063528,0.5257653161812245,0.5904758801063528,0.10848668955993503,0.15264514921781985,0.10848668955993503,0.15264514921781985,0.10848668955993503,0.15264514921781985,0.5257653161812245,0.5904758801063528,0.5257653161812245,0.5904758801063528,0.5257653161812245,0.5904758801063528,0.5257653161812245,0.5904758801063528,0.5257653161812245,0.5904758801063528,0.5257653161812245,0.5904758801063528
0.61,0.0624999999999998,0.61,0.61,0.83,0.0,0.83,0.83,0.5286463129562681,0.5917921261430618,0.5286463129562681,0.5917921261430618,0.5286463129562681,0.5917921261430618,0.0809746499879181,0.174444830239358,0.0809746499879181,0.174444830239358,0.0809746499879181,0.174444830239358,0.5286463129562681,0.5917921261430618,0.5286463129562681,0.5917921261430618,0.5286463129562681,0.5917921261430618,0.5286463129562681,0.5917921261430618,0.5286463129562681,0.5917921261430618,0.5286463129562681,0.5917921261430618
0.67,0.0730337078651683,0.67,0.67,0.73,0.0,0.73,0.73,0.4675072574925196,0.5739667718689502,0.4675072574925196,0.5739667718689502,0.4675072574925196,0.5739667718689502,0.013584492058545252,0.04150572528412403,0.013584492058545252,0.04150572528412403,0.013584492058545252,0.04150572528412403,0.4675072574925196,0.5739667718689502,0.4675072574925196,0.5739667718689502,0.4675072574925196,0.5739667718689502,0.4675072574925196,0.5739667718689502,0.4675072574925196,0.5739667718689502,0.4675072574925196,0.5739667718689502
0.84,0.0,0.84,0.84,0.65,0.0,0.65,0.65,0.6074879665334075,0.5497825143625115,0.6074879665334075,0.5497825143625115,0.6074879665334075,0.5497825143625115,0.024265959914326347,0.024899187960811735,0.024265959914326347,0.024899187960811735,0.024265959914326347,0.024899187960811735,0.6074879665334075,0.5497825143625115,0.6074879665334075,0.5497825143625115,0.6074879665334075,0.5497825143625115,0.6074879665334075,0.5497825143625115,0.6074879665334075,0.5497825143625115,0.6074879665334075,0.5497825143625115
0.76,0.0,0.76,0.76,0.71,0.0,0.71,0.71,0.5724483500898895,0.5502748295281972,0.5724483500898895,0.5502748295281972,0.5724483500898895,0.5502748295281972,0.017942794465446256,0.026161935236932565,0.017942794465446256,0.026161935236932565,0.017942794465446256,0.026161935236932565,0.5724483500898895,0.5502748295281972,0.5724483500898895,0.5502748295281972,0.5724483500898895,0.5502748295281972,0.5724483500898895,0.5502748295281972,0.5724483500898895,0.5502748295281972,0.5724483500898895,0.5502748295281972
0.55,0.0,0.55,0.55,0.64,0.2484342379958247,0.64,0.64,0.5900060198837017,0.5343113773666327,0.5900060198837017,0.5343113773666327,0.5900060198837017,0.5343113773666327,0.008666108169324145,0.019604154563292266,0.008666108169324145,0.019604154563292266,0.008666108169324145,0.019604154563292266,0.5900060198837017,0.5343113773666327,0.5900060198837017,0.5343113773666327,0.5900060198837017,0.5343113773666327,0.5900060198837017,0.5343113773666327,0.5900060198837017,0.5343113773666327,0.5900060198837017,0.5343113773666327
0.38,0.0,0.38,0.38,0.64,0.2484342379958247,0.64,0.64,0.5967907631057183,0.5202379529620511,0.5967907631057183,0.5202379529620511,0.5967907631057183,0.5202379529620511,0.002191251815069808,0.002850260249273156,0.002191251815069808,0.002850260249273156,0.002191251815069808,0.002850260249273156,0.5967907631057183,0.5202379529620511,0.5967907631057183,0.5202379529620511,0.5967907631057183,0.5202379529620511,0.5967907631057183,0.5202379529620511,0.5967907631057183,0.5202379529620511,0.5967907631057183,0.5202379529620511
0.3,0.0,0.3,0.3,0.52,0.147424511545293,0.52,0.52,0.49970511003868573,0.5332358990708065,0.49970511003868573,0.5332358990708065,0.49970511003868573,0.5332358990708065,0.005155025346116664,0.014195359238203163,0.005155025346116664,0.014195359238203163,0.005155025346116664,0.014195359238203163,0.49970511003868573,0.5332358990708065,0.49970511003868573,0.5332358990708065,0.49970511003868573,0.5332358990708065,0.49970511003868573,0.5332358990708065,0.49970511003868573,0.5332358990708065,0.49970511003868573,0.5332358990708065
0.45,0.0,0.45,0.45,0.55,0.0,0.55,0.55,0.6338129741312669,0.602349645212078,0.6338129741312669,0.602349645212078,0.6338129741312669,0.602349645212078,0.009053324276482028,0.007311218599334802,0.009053324276482028,0.007311218599334802,0.009053324276482028,0.007311218599334802,0.6338129741312669,0.602349645212078,0.6338129741312669,0.602349645212078,0.6338129741312669,0.602349645212078,0.6338129741312669,0.602349645212078,0.6338129741312669,0.602349645212078,0.6338129741312669,0.602349645212078
0.49,0.0,0.49,0.49,0.59,0.0,0.59,0.59,0.6357619000456046,0.6628973444524802,0.6357619000456046,0.6628973444524802,0.6357619000456046,0.6628973444524802,0.01065315699442668,0.000603215058419645,0.01065315699442668,0.000603215058419645,0.01065315699442668,0.000603215058419645,0.6357619000456046,0.6628973444524802,0.6357619000456046,0.6628973444524802,0.6357619000456046,0.6628973444524802,0.6357619000456046,0.6628973444524802,0.6357619000456046,0.6628973444524802,0.6357619000456046,0.6628973444524802
0.5,0.0279937791601865,0.5,0.5,0.55,0.0,0.55,0.55,0.6977602604543915,0.7008953869675513,0.6977602604543915,0.7008953869675513,0.6977602604543915,0.7008953869675513,0.17703883408350038,0.158570341741399,0.17703883408350038,0.158570341741399,0.17703883408350038,0.158570341741399,0.6977602604543915,0.7008953869675513,0.6977602604543915,0.7008953869675513,0.6977602604543915,0.7008953869675513,0.6977602604543915,0.7008953869675513,0.6977602604543915,0.7008953869675513,0.6977602604543915,0.7008953869675513
0.49,0.0222392638036809,0.49,0.49,0.59,0.0,0.59,0.59,0.520590796712959,0.5836339207141911,0.520590796712959,0.5836339207141911,0.520590796712959,0.5836339207141911,0.06361619500417831,0.13278021855693453,0.06361619500417831,0.13278021855693453,0.06361619500417831,0.13278021855693453,0.520590796712959,0.5836339207141911,0.520590796712959,0.5836339207141911,0.520590796712959,0.5836339207141911,0.520590796712959,0.5836339207141911,0.520590796712959,0.5836339207141911,0.520590796712959,0.5836339207141911
0.52,0.04,0.52,0.52,0.63,0.0,0.63,0.63,0.502521172724981,0.5755118378355696,0.502521172724981,0.5755118378355696,0.502521172724981,0.5755118378355696,0.07673566860229329,0.15441221096704505,0.07673566860229329,0.15441221096704505,0.07673566860229329,0.15441221096704505,0.502521172724981,0.5755118378355696,0.502521172724981,0.5755118378355696,0.502521172724981,0.5755118378355696,0.502521172724981,0.5755118378355696,0.502521172724981,0.5755118378355696,0.502521172724981,0.5755118378355696
0.57,0.1253051261187957,0.57,0.57,0.68,0.0,0.68,0.68,0.42436519431081177,0.4606736084098958,0.42436519431081177,0.4606736084098958,0.42436519431081177,0.4606736084098958,-0.0014504988714358616,0.04067653972542701,-0.0014504988714358616,0.04067653972542701,-0.0014504988714358616,0.04067653972542701,0.42436519431081177,0.4606736084098958,0.42436519431081177,0.4606736084098958,0.42436519431081177,0.4606736084098958,0.42436519431081177,0.4606736084098958,0.42436519431081177,0.4606736084098958,0.42436519431081177,0.4606736084098958
0.68,0.0,0.68,0.68,0.82,0.0,0.82,0.82,0.5291718523991114,0.53710622523936,0.5291718523991114,0.53710622523936,0.5291718523991114,0.53710622523936,-0.008244719954045644,0.03502916595672314,-0.008244719954045644,0.03502916595672314,-0.008244719954045644,0.03502916595672314,0.5291718523991114,0.53710622523936,0.5291718523991114,0.53710622523936,0.5291718523991114,0.53710622523936,0.5291718523991114,0.53710622523936,0.5291718523991114,0.53710622523936,0.5291718523991114,0.53710622523936
