f1-score,recall,kappa,precision,last_f1-score,last_recall,last_kappa,last_precision,f1-score_pred_0_with_drift,f1-score_pred_0_without_drift,f1-score_pred_1_with_drift,f1-score_pred_1_without_drift,f1-score_pred_2_with_drift,f1-score_pred_2_without_drift,recall_pred_0_with_drift,recall_pred_0_without_drift,recall_pred_1_with_drift,recall_pred_1_without_drift,recall_pred_2_with_drift,recall_pred_2_without_drift,kappa_pred_0_with_drift,kappa_pred_0_without_drift,kappa_pred_1_with_drift,kappa_pred_1_without_drift,kappa_pred_2_with_drift,kappa_pred_2_without_drift,precision_pred_0_with_drift,precision_pred_0_without_drift,precision_pred_1_with_drift,precision_pred_1_without_drift,precision_pred_2_with_drift,precision_pred_2_without_drift
0.729,0.729,-0.0047158619053269,0.729,,,,,0.0,0.0,0.0,0.0,0.0,0.0,0.0,0.0,0.0,0.0,0.0,0.0,0.0,0.0,0.0,0.0,0.0,0.0,0.0,0.0,0.0,0.0,0.0,0.0
0.693,0.693,0.0212331824268316,0.693,,,,,0.0,0.0,0.0,0.0,0.0,0.0,0.0,0.0,0.0,0.0,0.0,0.0,0.0,0.0,0.0,0.0,0.0,0.0,0.0,0.0,0.0,0.0,0.0,0.0
0.672,0.672,0.0853777557177832,0.672,,,,,0.0,0.0,0.0,0.0,0.0,0.0,0.0,0.0,0.0,0.0,0.0,0.0,0.0,0.0,0.0,0.0,0.0,0.0,0.0,0.0,0.0,0.0,0.0,0.0
0.634,0.634,0.0942522136376909,0.634,,,,,0.0,0.0,0.0,0.0,0.0,0.0,0.0,0.0,0.0,0.0,0.0,0.0,0.0,0.0,0.0,0.0,0.0,0.0,0.0,0.0,0.0,0.0,0.0,0.0
0.617,0.617,0.1288564591995488,0.617,,,,,0.0,0.0,0.0,0.0,0.0,0.0,0.0,0.0,0.0,0.0,0.0,0.0,0.0,0.0,0.0,0.0,0.0,0.0,0.0,0.0,0.0,0.0,0.0,0.0
0.603,0.603,0.1493610565921304,0.603,,,,,0.0,0.0,0.0,0.0,0.0,0.0,0.0,0.0,0.0,0.0,0.0,0.0,0.0,0.0,0.0,0.0,0.0,0.0,0.0,0.0,0.0,0.0,0.0,0.0
0.617,0.617,0.1942880704145945,0.617,,,,,0.0,0.0,0.0,0.0,0.0,0.0,0.0,0.0,0.0,0.0,0.0,0.0,0.0,0.0,0.0,0.0,0.0,0.0,0.0,0.0,0.0,0.0,0.0,0.0
0.632,0.632,0.2026796895650705,0.632,,,,,0.0,0.0,0.0,0.0,0.0,0.0,0.0,0.0,0.0,0.0,0.0,0.0,0.0,0.0,0.0,0.0,0.0,0.0,0.0,0.0,0.0,0.0,0.0,0.0
0.653,0.653,0.2275018255000089,0.653,,,,,0.0,0.0,0.0,0.0,0.0,0.0,0.0,0.0,0.0,0.0,0.0,0.0,0.0,0.0,0.0,0.0,0.0,0.0,0.0,0.0,0.0,0.0,0.0,0.0
0.645,0.645,0.2286901202808871,0.645,,,,,0.0,0.0,0.0,0.0,0.0,0.0,0.0,0.0,0.0,0.0,0.0,0.0,0.0,0.0,0.0,0.0,0.0,0.0,0.0,0.0,0.0,0.0,0.0,0.0
0.635,0.635,0.2215757865283558,0.635,,,,,0.0,0.0,0.0,0.0,0.0,0.0,0.0,0.0,0.0,0.0,0.0,0.0,0.0,0.0,0.0,0.0,0.0,0.0,0.0,0.0,0.0,0.0,0.0,0.0
0.636,0.636,0.2128027681660899,0.636,,,,,0.0,0.0,0.0,0.0,0.0,0.0,0.0,0.0,0.0,0.0,0.0,0.0,0.0,0.0,0.0,0.0,0.0,0.0,0.0,0.0,0.0,0.0,0.0,0.0
0.637,0.637,0.2048889472992507,0.637,,,,,0.0,0.0,0.0,0.0,0.0,0.0,0.0,0.0,0.0,0.0,0.0,0.0,0.0,0.0,0.0,0.0,0.0,0.0,0.0,0.0,0.0,0.0,0.0,0.0
0.663,0.663,0.2590149516270887,0.663,,,,,0.0,0.0,0.0,0.0,0.0,0.0,0.0,0.0,0.0,0.0,0.0,0.0,0.0,0.0,0.0,0.0,0.0,0.0,0.0,0.0,0.0,0.0,0.0,0.0
0.656,0.656,0.2651582473169732,0.656,,,,,0.0,0.0,0.0,0.0,0.0,0.0,0.0,0.0,0.0,0.0,0.0,0.0,0.0,0.0,0.0,0.0,0.0,0.0,0.0,0.0,0.0,0.0,0.0,0.0
0.636,0.636,0.2308895058676369,0.636,,,,,0.0,0.0,0.0,0.0,0.0,0.0,0.0,0.0,0.0,0.0,0.0,0.0,0.0,0.0,0.0,0.0,0.0,0.0,0.0,0.0,0.0,0.0,0.0,0.0
0.631,0.631,0.2221819377576918,0.631,,,,,0.0,0.0,0.0,0.0,0.0,0.0,0.0,0.0,0.0,0.0,0.0,0.0,0.0,0.0,0.0,0.0,0.0,0.0,0.0,0.0,0.0,0.0,0.0,0.0
0.643,0.643,0.2438619380856362,0.643,,,,,0.0,0.0,0.0,0.0,0.0,0.0,0.0,0.0,0.0,0.0,0.0,0.0,0.0,0.0,0.0,0.0,0.0,0.0,0.0,0.0,0.0,0.0,0.0,0.0
0.65,0.65,0.2517882261395265,0.65,,,,,0.0,0.0,0.0,0.0,0.0,0.0,0.0,0.0,0.0,0.0,0.0,0.0,0.0,0.0,0.0,0.0,0.0,0.0,0.0,0.0,0.0,0.0,0.0,0.0
0.647,0.647,0.23249523842655,0.647,,,,,0.0,0.0,0.0,0.0,0.0,0.0,0.0,0.0,0.0,0.0,0.0,0.0,0.0,0.0,0.0,0.0,0.0,0.0,0.0,0.0,0.0,0.0,0.0,0.0
0.636,0.636,0.2047852701763892,0.636,,,,,0.0,0.0,0.0,0.0,0.0,0.0,0.0,0.0,0.0,0.0,0.0,0.0,0.0,0.0,0.0,0.0,0.0,0.0,0.0,0.0,0.0,0.0,0.0,0.0
0.63,0.63,0.2057733835341796,0.63,,,,,0.0,0.0,0.0,0.0,0.0,0.0,0.0,0.0,0.0,0.0,0.0,0.0,0.0,0.0,0.0,0.0,0.0,0.0,0.0,0.0,0.0,0.0,0.0,0.0
0.644,0.644,0.2469369796249915,0.644,,,,,0.0,0.0,0.0,0.0,0.0,0.0,0.0,0.0,0.0,0.0,0.0,0.0,0.0,0.0,0.0,0.0,0.0,0.0,0.0,0.0,0.0,0.0,0.0,0.0
0.649,0.649,0.2580285119983765,0.649,,,,,0.0,0.0,0.0,0.0,0.0,0.0,0.0,0.0,0.0,0.0,0.0,0.0,0.0,0.0,0.0,0.0,0.0,0.0,0.0,0.0,0.0,0.0,0.0,0.0
0.636,0.636,0.2335034787149812,0.636,,,,,0.0,0.0,0.0,0.0,0.0,0.0,0.0,0.0,0.0,0.0,0.0,0.0,0.0,0.0,0.0,0.0,0.0,0.0,0.0,0.0,0.0,0.0,0.0,0.0
0.63,0.63,0.2114942822679981,0.63,,,,,0.0,0.0,0.0,0.0,0.0,0.0,0.0,0.0,0.0,0.0,0.0,0.0,0.0,0.0,0.0,0.0,0.0,0.0,0.0,0.0,0.0,0.0,0.0,0.0
0.627,0.627,0.2065045354754165,0.627,,,,,0.0,0.0,0.0,0.0,0.0,0.0,0.0,0.0,0.0,0.0,0.0,0.0,0.0,0.0,0.0,0.0,0.0,0.0,0.0,0.0,0.0,0.0,0.0,0.0
0.627,0.627,0.210655515676847,0.627,,,,,0.0,0.0,0.0,0.0,0.0,0.0,0.0,0.0,0.0,0.0,0.0,0.0,0.0,0.0,0.0,0.0,0.0,0.0,0.0,0.0,0.0,0.0,0.0,0.0
0.625,0.625,0.198375374091492,0.625,,,,,0.0,0.0,0.0,0.0,0.0,0.0,0.0,0.0,0.0,0.0,0.0,0.0,0.0,0.0,0.0,0.0,0.0,0.0,0.0,0.0,0.0,0.0,0.0,0.0
0.639,0.639,0.2321305505687764,0.639,,,,,0.0,0.0,0.0,0.0,0.0,0.0,0.0,0.0,0.0,0.0,0.0,0.0,0.0,0.0,0.0,0.0,0.0,0.0,0.0,0.0,0.0,0.0,0.0,0.0
0.653,0.653,0.2538725519708945,0.653,,,,,0.0,0.0,0.0,0.0,0.0,0.0,0.0,0.0,0.0,0.0,0.0,0.0,0.0,0.0,0.0,0.0,0.0,0.0,0.0,0.0,0.0,0.0,0.0,0.0
0.653,0.653,0.267004647232784,0.653,,,,,0.0,0.0,0.0,0.0,0.0,0.0,0.0,0.0,0.0,0.0,0.0,0.0,0.0,0.0,0.0,0.0,0.0,0.0,0.0,0.0,0.0,0.0,0.0,0.0
0.648,0.648,0.2615746082359604,0.648,,,,,0.0,0.0,0.0,0.0,0.0,0.0,0.0,0.0,0.0,0.0,0.0,0.0,0.0,0.0,0.0,0.0,0.0,0.0,0.0,0.0,0.0,0.0,0.0,0.0
0.641,0.641,0.2472658346752549,0.641,,,,,0.0,0.0,0.0,0.0,0.0,0.0,0.0,0.0,0.0,0.0,0.0,0.0,0.0,0.0,0.0,0.0,0.0,0.0,0.0,0.0,0.0,0.0,0.0,0.0
0.634,0.634,0.2263628485066265,0.634,,,,,0.0,0.0,0.0,0.0,0.0,0.0,0.0,0.0,0.0,0.0,0.0,0.0,0.0,0.0,0.0,0.0,0.0,0.0,0.0,0.0,0.0,0.0,0.0,0.0
0.643,0.643,0.2493565913640263,0.643,,,,,0.0,0.0,0.0,0.0,0.0,0.0,0.0,0.0,0.0,0.0,0.0,0.0,0.0,0.0,0.0,0.0,0.0,0.0,0.0,0.0,0.0,0.0,0.0,0.0
0.632,0.632,0.220550359224617,0.632,,,,,0.0,0.0,0.0,0.0,0.0,0.0,0.0,0.0,0.0,0.0,0.0,0.0,0.0,0.0,0.0,0.0,0.0,0.0,0.0,0.0,0.0,0.0,0.0,0.0
0.632,0.632,0.2312191860950947,0.632,,,,,0.0,0.0,0.0,0.0,0.0,0.0,0.0,0.0,0.0,0.0,0.0,0.0,0.0,0.0,0.0,0.0,0.0,0.0,0.0,0.0,0.0,0.0,0.0,0.0
0.608,0.608,0.1775211494561567,0.608,,,,,0.0,0.0,0.0,0.0,0.0,0.0,0.0,0.0,0.0,0.0,0.0,0.0,0.0,0.0,0.0,0.0,0.0,0.0,0.0,0.0,0.0,0.0,0.0,0.0
0.63,0.63,0.21935987509758,0.63,,,,,0.0,0.0,0.0,0.0,0.0,0.0,0.0,0.0,0.0,0.0,0.0,0.0,0.0,0.0,0.0,0.0,0.0,0.0,0.0,0.0,0.0,0.0,0.0,0.0
0.648,0.648,0.2713784195535538,0.648,,,,,0.0,0.0,0.0,0.0,0.0,0.0,0.0,0.0,0.0,0.0,0.0,0.0,0.0,0.0,0.0,0.0,0.0,0.0,0.0,0.0,0.0,0.0,0.0,0.0
0.672,0.672,0.3296929666808357,0.672,,,,,0.0,0.0,0.0,0.0,0.0,0.0,0.0,0.0,0.0,0.0,0.0,0.0,0.0,0.0,0.0,0.0,0.0,0.0,0.0,0.0,0.0,0.0,0.0,0.0
0.681,0.681,0.3416653596281958,0.681,,,,,0.0,0.0,0.0,0.0,0.0,0.0,0.0,0.0,0.0,0.0,0.0,0.0,0.0,0.0,0.0,0.0,0.0,0.0,0.0,0.0,0.0,0.0,0.0,0.0
0.667,0.667,0.2965779467680608,0.667,,,,,0.0,0.0,0.0,0.0,0.0,0.0,0.0,0.0,0.0,0.0,0.0,0.0,0.0,0.0,0.0,0.0,0.0,0.0,0.0,0.0,0.0,0.0,0.0,0.0
0.666,0.666,0.2809162934894936,0.666,,,,,0.0,0.0,0.0,0.0,0.0,0.0,0.0,0.0,0.0,0.0,0.0,0.0,0.0,0.0,0.0,0.0,0.0,0.0,0.0,0.0,0.0,0.0,0.0,0.0
0.652,0.652,0.2478993049552197,0.652,,,,,0.0,0.0,0.0,0.0,0.0,0.0,0.0,0.0,0.0,0.0,0.0,0.0,0.0,0.0,0.0,0.0,0.0,0.0,0.0,0.0,0.0,0.0,0.0,0.0
0.653,0.653,0.2580396852548751,0.653,,,,,0.0,0.0,0.0,0.0,0.0,0.0,0.0,0.0,0.0,0.0,0.0,0.0,0.0,0.0,0.0,0.0,0.0,0.0,0.0,0.0,0.0,0.0,0.0,0.0
0.649,0.649,0.2464577071704593,0.649,,,,,0.0,0.0,0.0,0.0,0.0,0.0,0.0,0.0,0.0,0.0,0.0,0.0,0.0,0.0,0.0,0.0,0.0,0.0,0.0,0.0,0.0,0.0,0.0,0.0
0.654,0.654,0.2305673787254104,0.654,,,,,0.0,0.0,0.0,0.0,0.0,0.0,0.0,0.0,0.0,0.0,0.0,0.0,0.0,0.0,0.0,0.0,0.0,0.0,0.0,0.0,0.0,0.0,0.0,0.0
0.664,0.664,0.1966143031346389,0.664,,,,,0.0,0.0,0.0,0.0,0.0,0.0,0.0,0.0,0.0,0.0,0.0,0.0,0.0,0.0,0.0,0.0,0.0,0.0,0.0,0.0,0.0,0.0,0.0,0.0
0.724,0.724,0.19363792005329,0.724,,,,,0.0,0.0,0.0,0.0,0.0,0.0,0.0,0.0,0.0,0.0,0.0,0.0,0.0,0.0,0.0,0.0,0.0,0.0,0.0,0.0,0.0,0.0,0.0,0.0
0.799,0.799,0.2033925174381737,0.799,,,,,0.0,0.0,0.0,0.0,0.0,0.0,0.0,0.0,0.0,0.0,0.0,0.0,0.0,0.0,0.0,0.0,0.0,0.0,0.0,0.0,0.0,0.0,0.0,0.0
0.834,0.834,0.0636809746742625,0.834,,,,,0.0,0.0,0.0,0.0,0.0,0.0,0.0,0.0,0.0,0.0,0.0,0.0,0.0,0.0,0.0,0.0,0.0,0.0,0.0,0.0,0.0,0.0,0.0,0.0
0.852,0.852,0.0,0.852,,,,,0.0,0.0,0.0,0.0,0.0,0.0,0.0,0.0,0.0,0.0,0.0,0.0,0.0,0.0,0.0,0.0,0.0,0.0,0.0,0.0,0.0,0.0,0.0,0.0
0.826,0.826,-0.0039697193500738,0.826,,,,,0.0,0.0,0.0,0.0,0.0,0.0,0.0,0.0,0.0,0.0,0.0,0.0,0.0,0.0,0.0,0.0,0.0,0.0,0.0,0.0,0.0,0.0,0.0,0.0
0.828,0.828,-0.0059303100838665,0.828,,,,,0.0,0.0,0.0,0.0,0.0,0.0,0.0,0.0,0.0,0.0,0.0,0.0,0.0,0.0,0.0,0.0,0.0,0.0,0.0,0.0,0.0,0.0,0.0,0.0
0.826,0.826,0.0385996706927607,0.826,,,,,0.0,0.0,0.0,0.0,0.0,0.0,0.0,0.0,0.0,0.0,0.0,0.0,0.0,0.0,0.0,0.0,0.0,0.0,0.0,0.0,0.0,0.0,0.0,0.0
0.815,0.815,0.0381415855586058,0.815,,,,,0.0,0.0,0.0,0.0,0.0,0.0,0.0,0.0,0.0,0.0,0.0,0.0,0.0,0.0,0.0,0.0,0.0,0.0,0.0,0.0,0.0,0.0,0.0,0.0
0.793,0.793,0.0525795467027937,0.793,,,,,0.0,0.0,0.0,0.0,0.0,0.0,0.0,0.0,0.0,0.0,0.0,0.0,0.0,0.0,0.0,0.0,0.0,0.0,0.0,0.0,0.0,0.0,0.0,0.0
0.759,0.759,0.0116145542832769,0.759,,,,,0.0,0.0,0.0,0.0,0.0,0.0,0.0,0.0,0.0,0.0,0.0,0.0,0.0,0.0,0.0,0.0,0.0,0.0,0.0,0.0,0.0,0.0,0.0,0.0
0.753,0.753,0.0049310300373855,0.753,,,,,0.0,0.0,0.0,0.0,0.0,0.0,0.0,0.0,0.0,0.0,0.0,0.0,0.0,0.0,0.0,0.0,0.0,0.0,0.0,0.0,0.0,0.0,0.0,0.0
0.723,0.723,0.0104315518719634,0.723,,,,,0.0,0.0,0.0,0.0,0.0,0.0,0.0,0.0,0.0,0.0,0.0,0.0,0.0,0.0,0.0,0.0,0.0,0.0,0.0,0.0,0.0,0.0,0.0,0.0
0.699,0.699,0.0520162763451291,0.699,,,,,0.0,0.0,0.0,0.0,0.0,0.0,0.0,0.0,0.0,0.0,0.0,0.0,0.0,0.0,0.0,0.0,0.0,0.0,0.0,0.0,0.0,0.0,0.0,0.0
0.648,0.648,0.0330892249880508,0.648,,,,,0.0,0.0,0.0,0.0,0.0,0.0,0.0,0.0,0.0,0.0,0.0,0.0,0.0,0.0,0.0,0.0,0.0,0.0,0.0,0.0,0.0,0.0,0.0,0.0
0.587,0.587,0.0317891972993247,0.587,,,,,0.0,0.0,0.0,0.0,0.0,0.0,0.0,0.0,0.0,0.0,0.0,0.0,0.0,0.0,0.0,0.0,0.0,0.0,0.0,0.0,0.0,0.0,0.0,0.0
0.587,0.587,0.1018615170494086,0.587,,,,,0.0,0.0,0.0,0.0,0.0,0.0,0.0,0.0,0.0,0.0,0.0,0.0,0.0,0.0,0.0,0.0,0.0,0.0,0.0,0.0,0.0,0.0,0.0,0.0
0.597,0.597,0.1368231665524332,0.597,,,,,0.0,0.0,0.0,0.0,0.0,0.0,0.0,0.0,0.0,0.0,0.0,0.0,0.0,0.0,0.0,0.0,0.0,0.0,0.0,0.0,0.0,0.0,0.0,0.0
0.627,0.627,0.1883893990164934,0.627,,,,,0.0,0.0,0.0,0.0,0.0,0.0,0.0,0.0,0.0,0.0,0.0,0.0,0.0,0.0,0.0,0.0,0.0,0.0,0.0,0.0,0.0,0.0,0.0,0.0
0.643,0.643,0.2083695517198559,0.643,,,,,0.0,0.0,0.0,0.0,0.0,0.0,0.0,0.0,0.0,0.0,0.0,0.0,0.0,0.0,0.0,0.0,0.0,0.0,0.0,0.0,0.0,0.0,0.0,0.0
0.636,0.636,0.2019224023012699,0.636,,,,,0.0,0.0,0.0,0.0,0.0,0.0,0.0,0.0,0.0,0.0,0.0,0.0,0.0,0.0,0.0,0.0,0.0,0.0,0.0,0.0,0.0,0.0,0.0,0.0
0.627,0.627,0.1880996743691992,0.627,,,,,0.0,0.0,0.0,0.0,0.0,0.0,0.0,0.0,0.0,0.0,0.0,0.0,0.0,0.0,0.0,0.0,0.0,0.0,0.0,0.0,0.0,0.0,0.0,0.0
0.627,0.627,0.1839145845184439,0.627,,,,,0.0,0.0,0.0,0.0,0.0,0.0,0.0,0.0,0.0,0.0,0.0,0.0,0.0,0.0,0.0,0.0,0.0,0.0,0.0,0.0,0.0,0.0,0.0,0.0
0.63,0.63,0.190655350424359,0.63,,,,,0.0,0.0,0.0,0.0,0.0,0.0,0.0,0.0,0.0,0.0,0.0,0.0,0.0,0.0,0.0,0.0,0.0,0.0,0.0,0.0,0.0,0.0,0.0,0.0
0.649,0.649,0.2219848032131363,0.649,,,,,0.0,0.0,0.0,0.0,0.0,0.0,0.0,0.0,0.0,0.0,0.0,0.0,0.0,0.0,0.0,0.0,0.0,0.0,0.0,0.0,0.0,0.0,0.0,0.0
0.664,0.664,0.2745362213700902,0.664,,,,,0.0,0.0,0.0,0.0,0.0,0.0,0.0,0.0,0.0,0.0,0.0,0.0,0.0,0.0,0.0,0.0,0.0,0.0,0.0,0.0,0.0,0.0,0.0,0.0
0.66,0.66,0.268275885816604,0.66,,,,,0.0,0.0,0.0,0.0,0.0,0.0,0.0,0.0,0.0,0.0,0.0,0.0,0.0,0.0,0.0,0.0,0.0,0.0,0.0,0.0,0.0,0.0,0.0,0.0
0.657,0.657,0.2688500268585705,0.657,,,,,0.0,0.0,0.0,0.0,0.0,0.0,0.0,0.0,0.0,0.0,0.0,0.0,0.0,0.0,0.0,0.0,0.0,0.0,0.0,0.0,0.0,0.0,0.0,0.0
0.659,0.659,0.270900149668591,0.659,,,,,0.0,0.0,0.0,0.0,0.0,0.0,0.0,0.0,0.0,0.0,0.0,0.0,0.0,0.0,0.0,0.0,0.0,0.0,0.0,0.0,0.0,0.0,0.0,0.0
0.652,0.652,0.2498447954749258,0.652,,,,,0.0,0.0,0.0,0.0,0.0,0.0,0.0,0.0,0.0,0.0,0.0,0.0,0.0,0.0,0.0,0.0,0.0,0.0,0.0,0.0,0.0,0.0,0.0,0.0
0.645,0.645,0.2413881528335756,0.645,,,,,0.0,0.0,0.0,0.0,0.0,0.0,0.0,0.0,0.0,0.0,0.0,0.0,0.0,0.0,0.0,0.0,0.0,0.0,0.0,0.0,0.0,0.0,0.0,0.0
0.65,0.65,0.2400258825470859,0.65,,,,,0.0,0.0,0.0,0.0,0.0,0.0,0.0,0.0,0.0,0.0,0.0,0.0,0.0,0.0,0.0,0.0,0.0,0.0,0.0,0.0,0.0,0.0,0.0,0.0
0.658,0.658,0.2613039928463122,0.658,,,,,0.0,0.0,0.0,0.0,0.0,0.0,0.0,0.0,0.0,0.0,0.0,0.0,0.0,0.0,0.0,0.0,0.0,0.0,0.0,0.0,0.0,0.0,0.0,0.0
0.641,0.641,0.2285078180739772,0.641,,,,,0.0,0.0,0.0,0.0,0.0,0.0,0.0,0.0,0.0,0.0,0.0,0.0,0.0,0.0,0.0,0.0,0.0,0.0,0.0,0.0,0.0,0.0,0.0,0.0
0.655,0.655,0.2587977484638852,0.655,,,,,0.0,0.0,0.0,0.0,0.0,0.0,0.0,0.0,0.0,0.0,0.0,0.0,0.0,0.0,0.0,0.0,0.0,0.0,0.0,0.0,0.0,0.0,0.0,0.0
0.638,0.638,0.231699811108517,0.638,,,,,0.0,0.0,0.0,0.0,0.0,0.0,0.0,0.0,0.0,0.0,0.0,0.0,0.0,0.0,0.0,0.0,0.0,0.0,0.0,0.0,0.0,0.0,0.0,0.0
0.646,0.646,0.2534795444959933,0.646,,,,,0.0,0.0,0.0,0.0,0.0,0.0,0.0,0.0,0.0,0.0,0.0,0.0,0.0,0.0,0.0,0.0,0.0,0.0,0.0,0.0,0.0,0.0,0.0,0.0
0.64,0.64,0.235993208828523,0.64,,,,,0.0,0.0,0.0,0.0,0.0,0.0,0.0,0.0,0.0,0.0,0.0,0.0,0.0,0.0,0.0,0.0,0.0,0.0,0.0,0.0,0.0,0.0,0.0,0.0
0.623,0.623,0.2047353055335234,0.623,,,,,0.0,0.0,0.0,0.0,0.0,0.0,0.0,0.0,0.0,0.0,0.0,0.0,0.0,0.0,0.0,0.0,0.0,0.0,0.0,0.0,0.0,0.0,0.0,0.0
0.641,0.641,0.228905518373098,0.641,,,,,0.0,0.0,0.0,0.0,0.0,0.0,0.0,0.0,0.0,0.0,0.0,0.0,0.0,0.0,0.0,0.0,0.0,0.0,0.0,0.0,0.0,0.0,0.0,0.0
0.625,0.625,0.1991423348311151,0.625,,,,,0.0,0.0,0.0,0.0,0.0,0.0,0.0,0.0,0.0,0.0,0.0,0.0,0.0,0.0,0.0,0.0,0.0,0.0,0.0,0.0,0.0,0.0,0.0,0.0
0.63,0.63,0.2093037171273363,0.63,,,,,0.0,0.0,0.0,0.0,0.0,0.0,0.0,0.0,0.0,0.0,0.0,0.0,0.0,0.0,0.0,0.0,0.0,0.0,0.0,0.0,0.0,0.0,0.0,0.0
0.62,0.62,0.1979907557881851,0.62,,,,,0.0,0.0,0.0,0.0,0.0,0.0,0.0,0.0,0.0,0.0,0.0,0.0,0.0,0.0,0.0,0.0,0.0,0.0,0.0,0.0,0.0,0.0,0.0,0.0
0.628,0.628,0.2142383392547092,0.628,,,,,0.0,0.0,0.0,0.0,0.0,0.0,0.0,0.0,0.0,0.0,0.0,0.0,0.0,0.0,0.0,0.0,0.0,0.0,0.0,0.0,0.0,0.0,0.0,0.0
0.637,0.637,0.2368177613320998,0.637,,,,,0.0,0.0,0.0,0.0,0.0,0.0,0.0,0.0,0.0,0.0,0.0,0.0,0.0,0.0,0.0,0.0,0.0,0.0,0.0,0.0,0.0,0.0,0.0,0.0
0.649,0.649,0.2605856330313882,0.649,,,,,0.0,0.0,0.0,0.0,0.0,0.0,0.0,0.0,0.0,0.0,0.0,0.0,0.0,0.0,0.0,0.0,0.0,0.0,0.0,0.0,0.0,0.0,0.0,0.0
0.634,0.634,0.2335816863715746,0.634,,,,,0.0,0.0,0.0,0.0,0.0,0.0,0.0,0.0,0.0,0.0,0.0,0.0,0.0,0.0,0.0,0.0,0.0,0.0,0.0,0.0,0.0,0.0,0.0,0.0
0.621,0.621,0.2019506936080252,0.621,,,,,0.0,0.0,0.0,0.0,0.0,0.0,0.0,0.0,0.0,0.0,0.0,0.0,0.0,0.0,0.0,0.0,0.0,0.0,0.0,0.0,0.0,0.0,0.0,0.0
0.636,0.636,0.2425219855912699,0.636,0.621,0.621,0.2019506936080252,0.621,0.6224888096220853,0.6254563239783778,0.6224888096220853,0.6254563239783778,0.6224888096220853,0.6254563239783778,0.6224888096220853,0.6254563239783778,0.6224888096220853,0.6254563239783778,0.6224888096220853,0.6254563239783778,0.19059290574311172,0.2169102471356932,0.19059290574311172,0.2169102471356932,0.19059290574311172,0.2169102471356932,0.6224888096220853,0.6254563239783778,0.6224888096220853,0.6254563239783778,0.6224888096220853,0.6254563239783778
0.646,0.646,0.2574662398845506,0.646,0.621,0.621,0.2019506936080252,0.621,0.6420480743838088,0.6297850638623707,0.6420480743838088,0.6297850638623707,0.6420480743838088,0.6297850638623707,0.6420480743838088,0.6297850638623707,0.6420480743838088,0.6297850638623707,0.6420480743838088,0.6297850638623707,0.22575579230481985,0.21205540436730577,0.22575579230481985,0.21205540436730577,0.22575579230481985,0.21205540436730577,0.6420480743838088,0.6297850638623707,0.6420480743838088,0.6297850638623707,0.6420480743838088,0.6297850638623707
0.662,0.662,0.2875691353028463,0.662,0.621,0.621,0.2019506936080252,0.621,0.6381755398452597,0.6489097794535742,0.6381755398452597,0.6489097794535742,0.6381755398452597,0.6489097794535742,0.6381755398452597,0.6489097794535742,0.6381755398452597,0.6489097794535742,0.6381755398452597,0.6489097794535742,0.2288036260353241,0.23348791124602977,0.2288036260353241,0.23348791124602977,0.2288036260353241,0.23348791124602977,0.6381755398452597,0.6489097794535742,0.6381755398452597,0.6489097794535742,0.6381755398452597,0.6489097794535742
0.664,0.664,0.2987933402062716,0.664,0.621,0.621,0.2019506936080252,0.621,0.6164756291372514,0.6109433062219161,0.6164756291372514,0.6109433062219161,0.6164756291372514,0.6109433062219161,0.6164756291372514,0.6109433062219161,0.6164756291372514,0.6109433062219161,0.6164756291372514,0.6109433062219161,0.2603107191771727,0.27140493216349876,0.2603107191771727,0.27140493216349876,0.2603107191771727,0.27140493216349876,0.6164756291372514,0.6109433062219161,0.6164756291372514,0.6109433062219161,0.6164756291372514,0.6109433062219161
0.658,0.658,0.2989073614727044,0.658,0.621,0.621,0.2019506936080252,0.621,0.6312312277035778,0.666270011563643,0.6312312277035778,0.666270011563643,0.6312312277035778,0.666270011563643,0.6312312277035778,0.666270011563643,0.6312312277035778,0.666270011563643,0.6312312277035778,0.666270011563643,0.288444208093827,0.29246736046702754,0.288444208093827,0.29246736046702754,0.288444208093827,0.29246736046702754,0.6312312277035778,0.666270011563643,0.6312312277035778,0.666270011563643,0.6312312277035778,0.666270011563643
0.649,0.649,0.2719473644909438,0.649,0.621,0.621,0.2019506936080252,0.621,0.7001353951595579,0.6601621833329554,0.7001353951595579,0.6601621833329554,0.7001353951595579,0.6601621833329554,0.7001353951595579,0.6601621833329554,0.7001353951595579,0.6601621833329554,0.7001353951595579,0.6601621833329554,0.2838447643423424,0.29838601419424343,0.2838447643423424,0.29838601419424343,0.2838447643423424,0.29838601419424343,0.7001353951595579,0.6601621833329554,0.7001353951595579,0.6601621833329554,0.7001353951595579,0.6601621833329554
0.658,0.658,0.2779722420439718,0.658,0.621,0.621,0.2019506936080252,0.621,0.6834103892529495,0.6752477590613624,0.6834103892529495,0.6752477590613624,0.6834103892529495,0.6752477590613624,0.6834103892529495,0.6752477590613624,0.6834103892529495,0.6752477590613624,0.6834103892529495,0.6752477590613624,0.2856575811483247,0.279932275649704,0.2856575811483247,0.279932275649704,0.2856575811483247,0.279932275649704,0.6834103892529495,0.6752477590613624,0.6834103892529495,0.6752477590613624,0.6834103892529495,0.6752477590613624
0.677,0.677,0.2925540769035333,0.677,0.636,0.636,0.2425219855912699,0.636,0.7272705404019429,0.6594570830104624,0.7272705404019429,0.6594570830104624,0.7272705404019429,0.6594570830104624,0.7272705404019429,0.6594570830104624,0.7272705404019429,0.6594570830104624,0.7272705404019429,0.6594570830104624,0.2685961994273591,0.2663613552531679,0.2685961994273591,0.2663613552531679,0.2685961994273591,0.2663613552531679,0.7272705404019429,0.6594570830104624,0.7272705404019429,0.6594570830104624,0.7272705404019429,0.6594570830104624
0.672,0.672,0.2875234052905731,0.672,0.646,0.646,0.2574662398845506,0.646,0.697679084934388,0.6483221190852021,0.697679084934388,0.6483221190852021,0.697679084934388,0.6483221190852021,0.697679084934388,0.6483221190852021,0.697679084934388,0.6483221190852021,0.697679084934388,0.6483221190852021,0.22685395948363804,0.2520785702366491,0.22685395948363804,0.2520785702366491,0.22685395948363804,0.2520785702366491,0.697679084934388,0.6483221190852021,0.697679084934388,0.6483221190852021,0.697679084934388,0.6483221190852021
0.673,0.673,0.3108535300316122,0.673,0.662,0.662,0.2875691353028463,0.662,0.6525773705896557,0.650262987469474,0.6525773705896557,0.650262987469474,0.6525773705896557,0.650262987469474,0.6525773705896557,0.650262987469474,0.6525773705896557,0.650262987469474,0.6525773705896557,0.650262987469474,0.2510117194650158,0.2492319422224221,0.2510117194650158,0.2492319422224221,0.2510117194650158,0.2492319422224221,0.6525773705896557,0.650262987469474,0.6525773705896557,0.650262987469474,0.6525773705896557,0.650262987469474
0.656,0.656,0.2603295833763374,0.656,0.664,0.664,0.2987933402062716,0.664,0.6556894615411861,0.6571647173998875,0.6556894615411861,0.6571647173998875,0.6556894615411861,0.6571647173998875,0.6556894615411861,0.6571647173998875,0.6556894615411861,0.6571647173998875,0.6556894615411861,0.6571647173998875,0.22739702170939707,0.235488628097952,0.22739702170939707,0.235488628097952,0.22739702170939707,0.235488628097952,0.6556894615411861,0.6571647173998875,0.6556894615411861,0.6571647173998875,0.6556894615411861,0.6571647173998875
0.666,0.666,0.2470185089162928,0.666,0.658,0.658,0.2989073614727044,0.658,0.6649031144872503,0.6449784490233046,0.6649031144872503,0.6449784490233046,0.6649031144872503,0.6449784490233046,0.6649031144872503,0.6449784490233046,0.6649031144872503,0.6449784490233046,0.6649031144872503,0.6449784490233046,0.23615010380218332,0.22360340055820424,0.23615010380218332,0.22360340055820424,0.23615010380218332,0.22360340055820424,0.6649031144872503,0.6449784490233046,0.6649031144872503,0.6449784490233046,0.6649031144872503,0.6449784490233046
0.68,0.68,0.205087440381558,0.68,0.649,0.649,0.2719473644909438,0.649,0.6770743223828324,0.65651167008303,0.6770743223828324,0.65651167008303,0.6770743223828324,0.65651167008303,0.6770743223828324,0.65651167008303,0.6770743223828324,0.65651167008303,0.6770743223828324,0.65651167008303,0.20132841528338685,0.2123786096309791,0.20132841528338685,0.2123786096309791,0.20132841528338685,0.2123786096309791,0.6770743223828324,0.65651167008303,0.6770743223828324,0.65651167008303,0.6770743223828324,0.65651167008303
0.725,0.725,0.1810406442083193,0.725,0.658,0.658,0.2779722420439718,0.658,0.7160507566914861,0.7294557981240185,0.7160507566914861,0.7294557981240185,0.7160507566914861,0.7294557981240185,0.7160507566914861,0.7294557981240185,0.7160507566914861,0.7294557981240185,0.7160507566914861,0.7294557981240185,0.19489465960369992,0.1941602151472334,0.19489465960369992,0.1941602151472334,0.19489465960369992,0.1941602151472334,0.7160507566914861,0.7294557981240185,0.7160507566914861,0.7294557981240185,0.7160507566914861,0.7294557981240185
0.764,0.764,0.0880989180834621,0.764,0.677,0.677,0.2925540769035333,0.677,0.8039122800145015,0.7801827404085296,0.8039122800145015,0.7801827404085296,0.8039122800145015,0.7801827404085296,0.8039122800145015,0.7801827404085296,0.8039122800145015,0.7801827404085296,0.8039122800145015,0.7801827404085296,0.2416040388981043,0.1820939097106182,0.2416040388981043,0.1820939097106182,0.2416040388981043,0.1820939097106182,0.8039122800145015,0.7801827404085296,0.8039122800145015,0.7801827404085296,0.8039122800145015,0.7801827404085296
0.824,0.824,0.0,0.824,0.672,0.672,0.2875234052905731,0.672,0.8095234518358527,0.7934222507070091,0.8095234518358527,0.7934222507070091,0.8095234518358527,0.7934222507070091,0.8095234518358527,0.7934222507070091,0.8095234518358527,0.7934222507070091,0.8095234518358527,0.7934222507070091,0.03128865065259055,0.04251458752360629,0.03128865065259055,0.04251458752360629,0.03128865065259055,0.04251458752360629,0.8095234518358527,0.7934222507070091,0.8095234518358527,0.7934222507070091,0.8095234518358527,0.7934222507070091
0.815,0.815,-0.0039724748735538,0.815,0.673,0.673,0.3108535300316122,0.673,0.801717620633687,0.8069626868046562,0.801717620633687,0.8069626868046562,0.801717620633687,0.8069626868046562,0.801717620633687,0.8069626868046562,0.801717620633687,0.8069626868046562,0.801717620633687,0.8069626868046562,0.020951433847153967,0.033577729599079065,0.020951433847153967,0.033577729599079065,0.020951433847153967,0.033577729599079065,0.801717620633687,0.8069626868046562,0.801717620633687,0.8069626868046562,0.801717620633687,0.8069626868046562
0.807,0.807,0.0095656457837259,0.807,0.656,0.656,0.2603295833763374,0.656,0.7995181262766576,0.809382564787589,0.7995181262766576,0.809382564787589,0.7995181262766576,0.809382564787589,0.7995181262766576,0.809382564787589,0.7995181262766576,0.809382564787589,0.7995181262766576,0.809382564787589,0.01847792910787686,0.023529028347305074,0.01847792910787686,0.023529028347305074,0.01847792910787686,0.023529028347305074,0.7995181262766576,0.809382564787589,0.7995181262766576,0.809382564787589,0.7995181262766576,0.809382564787589
0.805,0.805,0.0287490287490287,0.805,0.666,0.666,0.2470185089162928,0.666,0.8145956985418653,0.802518503287362,0.8145956985418653,0.802518503287362,0.8145956985418653,0.802518503287362,0.8145956985418653,0.802518503287362,0.8145956985418653,0.802518503287362,0.8145956985418653,0.802518503287362,0.018162542673394295,0.020654327967683267,0.018162542673394295,0.020654327967683267,0.018162542673394295,0.020654327967683267,0.8145956985418653,0.802518503287362,0.8145956985418653,0.802518503287362,0.8145956985418653,0.802518503287362
0.794,0.794,0.050682494769537,0.794,0.68,0.68,0.205087440381558,0.68,0.7851805226898927,0.8041286210226215,0.7851805226898927,0.8041286210226215,0.7851805226898927,0.8041286210226215,0.7851805226898927,0.8041286210226215,0.7851805226898927,0.8041286210226215,0.7851805226898927,0.8041286210226215,0.025983749431304843,0.024811805808229448,0.025983749431304843,0.024811805808229448,0.025983749431304843,0.024811805808229448,0.7851805226898927,0.8041286210226215,0.7851805226898927,0.8041286210226215,0.7851805226898927,0.8041286210226215
0.776,0.776,0.0581903800874537,0.776,0.725,0.725,0.1810406442083193,0.725,0.774516281332077,0.7957260525962391,0.774516281332077,0.7957260525962391,0.774516281332077,0.7957260525962391,0.774516281332077,0.7957260525962391,0.774516281332077,0.7957260525962391,0.774516281332077,0.7957260525962391,0.018310889013046117,0.029716181591704433,0.018310889013046117,0.029716181591704433,0.018310889013046117,0.029716181591704433,0.774516281332077,0.7957260525962391,0.774516281332077,0.7957260525962391,0.774516281332077,0.7957260525962391
0.755,0.755,0.0422654136631589,0.755,0.764,0.764,0.0880989180834621,0.764,0.7491321367577048,0.7699278459712057,0.7491321367577048,0.7699278459712057,0.7491321367577048,0.7699278459712057,0.7491321367577048,0.7699278459712057,0.7491321367577048,0.7699278459712057,0.7491321367577048,0.7699278459712057,0.01095062873499187,0.030309744434818646,0.01095062873499187,0.030309744434818646,0.01095062873499187,0.030309744434818646,0.7491321367577048,0.7699278459712057,0.7491321367577048,0.7699278459712057,0.7491321367577048,0.7699278459712057
0.723,0.723,0.0162374099697413,0.723,0.824,0.824,0.0,0.824,0.7297067890949072,0.7355347126090129,0.7297067890949072,0.7355347126090129,0.7297067890949072,0.7355347126090129,0.7297067890949072,0.7355347126090129,0.7297067890949072,0.7355347126090129,0.7297067890949072,0.7355347126090129,0.025363341697754394,0.03987158523143611,0.025363341697754394,0.03987158523143611,0.025363341697754394,0.03987158523143611,0.7297067890949072,0.7355347126090129,0.7297067890949072,0.7355347126090129,0.7297067890949072,0.7355347126090129
0.69,0.69,0.0809096030122447,0.69,0.815,0.815,-0.0039724748735538,0.815,0.7503305316022751,0.6908517386999942,0.7503305316022751,0.6908517386999942,0.7503305316022751,0.6908517386999942,0.7503305316022751,0.6908517386999942,0.7503305316022751,0.6908517386999942,0.7503305316022751,0.6908517386999942,0.055457931147346366,0.06336003940142576,0.055457931147346366,0.06336003940142576,0.055457931147346366,0.06336003940142576,0.7503305316022751,0.6908517386999942,0.7503305316022751,0.6908517386999942,0.7503305316022751,0.6908517386999942
0.664,0.664,0.133716972959594,0.664,0.807,0.807,0.0095656457837259,0.807,0.6518794179844647,0.6911201513160251,0.6518794179844647,0.6911201513160251,0.6518794179844647,0.6911201513160251,0.6518794179844647,0.6911201513160251,0.6518794179844647,0.6911201513160251,0.6518794179844647,0.6911201513160251,0.05932235654605703,0.06745567762287093,0.05932235654605703,0.06745567762287093,0.05932235654605703,0.06745567762287093,0.6518794179844647,0.6911201513160251,0.6518794179844647,0.6911201513160251,0.6518794179844647,0.6911201513160251
0.631,0.631,0.1833247755803041,0.631,0.805,0.805,0.0287490287490287,0.805,0.6172168659950815,0.6526576229888664,0.6172168659950815,0.6526576229888664,0.6172168659950815,0.6526576229888664,0.6172168659950815,0.6526576229888664,0.6172168659950815,0.6526576229888664,0.6172168659950815,0.6526576229888664,0.07201630705861647,0.0766536875033665,0.07201630705861647,0.0766536875033665,0.07201630705861647,0.0766536875033665,0.6172168659950815,0.6526576229888664,0.6172168659950815,0.6526576229888664,0.6172168659950815,0.6526576229888664
0.609,0.609,0.1694069863281416,0.609,0.794,0.794,0.050682494769537,0.794,0.6372104876911222,0.6041325557529528,0.6372104876911222,0.6041325557529528,0.6372104876911222,0.6041325557529528,0.6372104876911222,0.6041325557529528,0.6372104876911222,0.6041325557529528,0.6372104876911222,0.6041325557529528,0.08556614860183537,0.13065538837166002,0.08556614860183537,0.13065538837166002,0.08556614860183537,0.13065538837166002,0.6372104876911222,0.6041325557529528,0.6372104876911222,0.6041325557529528,0.6372104876911222,0.6041325557529528
0.593,0.593,0.1573150026916229,0.593,0.776,0.776,0.0581903800874537,0.776,0.6534978229401238,0.6312981795085055,0.6534978229401238,0.6312981795085055,0.6534978229401238,0.6312981795085055,0.6534978229401238,0.6312981795085055,0.6534978229401238,0.6312981795085055,0.6534978229401238,0.6312981795085055,0.16693596721626353,0.208125769195406,0.16693596721626353,0.208125769195406,0.16693596721626353,0.208125769195406,0.6534978229401238,0.6312981795085055,0.6534978229401238,0.6312981795085055,0.6534978229401238,0.6312981795085055
0.607,0.607,0.1643560651164374,0.607,0.755,0.755,0.0422654136631589,0.755,0.6481593008892347,0.6316877563565565,0.6481593008892347,0.6316877563565565,0.6481593008892347,0.6316877563565565,0.6481593008892347,0.6316877563565565,0.6481593008892347,0.6316877563565565,0.6481593008892347,0.6316877563565565,0.16425577059416552,0.20740296352429496,0.16425577059416552,0.20740296352429496,0.16425577059416552,0.20740296352429496,0.6481593008892347,0.6316877563565565,0.6481593008892347,0.6316877563565565,0.6481593008892347,0.6316877563565565
0.624,0.624,0.1755651544719013,0.624,0.723,0.723,0.0162374099697413,0.723,0.6221057248069768,0.6213058982189654,0.6221057248069768,0.6213058982189654,0.6221057248069768,0.6213058982189654,0.6221057248069768,0.6213058982189654,0.6221057248069768,0.6213058982189654,0.6221057248069768,0.6213058982189654,0.15832373097277017,0.22015761927080246,0.15832373097277017,0.22015761927080246,0.15832373097277017,0.22015761927080246,0.6221057248069768,0.6213058982189654,0.6221057248069768,0.6213058982189654,0.6221057248069768,0.6213058982189654
0.606,0.606,0.1493183751549147,0.606,0.69,0.69,0.0809096030122447,0.69,0.6850873762593198,0.6417105475294341,0.6850873762593198,0.6417105475294341,0.6850873762593198,0.6417105475294341,0.6850873762593198,0.6417105475294341,0.6850873762593198,0.6417105475294341,0.6850873762593198,0.6417105475294341,0.1748886728240468,0.2278401399115936,0.1748886728240468,0.2278401399115936,0.1748886728240468,0.2278401399115936,0.6850873762593198,0.6417105475294341,0.6850873762593198,0.6417105475294341,0.6850873762593198,0.6417105475294341
0.607,0.607,0.1566813156629815,0.607,0.664,0.664,0.133716972959594,0.664,0.7232516587990792,0.658296457954318,0.7232516587990792,0.658296457954318,0.7232516587990792,0.658296457954318,0.7232516587990792,0.658296457954318,0.7232516587990792,0.658296457954318,0.7232516587990792,0.658296457954318,0.17440943124811384,0.22873188714794612,0.17440943124811384,0.22873188714794612,0.17440943124811384,0.22873188714794612,0.7232516587990792,0.658296457954318,0.7232516587990792,0.658296457954318,0.7232516587990792,0.658296457954318
0.596,0.596,0.1466891963248495,0.596,0.631,0.631,0.1833247755803041,0.631,0.6862744878176417,0.6518453446487954,0.6862744878176417,0.6518453446487954,0.6862744878176417,0.6518453446487954,0.6862744878176417,0.6518453446487954,0.6862744878176417,0.6518453446487954,0.6862744878176417,0.6518453446487954,0.15780774851373466,0.2206109368523168,0.15780774851373466,0.2206109368523168,0.15780774851373466,0.2206109368523168,0.6862744878176417,0.6518453446487954,0.6862744878176417,0.6518453446487954,0.6862744878176417,0.6518453446487954
0.624,0.624,0.2018035842415648,0.624,0.609,0.609,0.1694069863281416,0.609,0.6647880647300153,0.6554703106469343,0.6647880647300153,0.6554703106469343,0.6647880647300153,0.6554703106469343,0.6647880647300153,0.6554703106469343,0.6647880647300153,0.6554703106469343,0.6647880647300153,0.6554703106469343,0.27739002114678646,0.25299870233451793,0.27739002114678646,0.25299870233451793,0.27739002114678646,0.25299870233451793,0.6647880647300153,0.6554703106469343,0.6647880647300153,0.6554703106469343,0.6647880647300153,0.6554703106469343
0.615,0.615,0.19953760302055,0.615,0.593,0.593,0.1573150026916229,0.593,0.6747497579049859,0.6599976570836986,0.6747497579049859,0.6599976570836986,0.6747497579049859,0.6599976570836986,0.6747497579049859,0.6599976570836986,0.6747497579049859,0.6599976570836986,0.6747497579049859,0.6599976570836986,0.2685152245675444,0.25646838576379133,0.2685152245675444,0.25646838576379133,0.2685152245675444,0.25646838576379133,0.6747497579049859,0.6599976570836986,0.6747497579049859,0.6599976570836986,0.6747497579049859,0.6599976570836986
0.608,0.608,0.1801907311360213,0.608,0.607,0.607,0.1643560651164374,0.607,0.6631301741099819,0.6360864966204705,0.6631301741099819,0.6360864966204705,0.6631301741099819,0.6360864966204705,0.6631301741099819,0.6360864966204705,0.6631301741099819,0.6360864966204705,0.6631301741099819,0.6360864966204705,0.241221706273342,0.267043095204244,0.241221706273342,0.267043095204244,0.241221706273342,0.267043095204244,0.6631301741099819,0.6360864966204705,0.6631301741099819,0.6360864966204705,0.6631301741099819,0.6360864966204705
0.614,0.614,0.1977820544261233,0.614,0.624,0.624,0.1755651544719013,0.624,0.6991243889822476,0.6332949794800263,0.6991243889822476,0.6332949794800263,0.6991243889822476,0.6332949794800263,0.6991243889822476,0.6332949794800263,0.6991243889822476,0.6332949794800263,0.6991243889822476,0.6332949794800263,0.27464170192845677,0.2659164299951049,0.27464170192845677,0.2659164299951049,0.27464170192845677,0.2659164299951049,0.6991243889822476,0.6332949794800263,0.6991243889822476,0.6332949794800263,0.6991243889822476,0.6332949794800263
0.622,0.622,0.2016962897884706,0.622,0.606,0.606,0.1493183751549147,0.606,0.6964885872950237,0.6379622141834014,0.6964885872950237,0.6379622141834014,0.6964885872950237,0.6379622141834014,0.6964885872950237,0.6379622141834014,0.6964885872950237,0.6379622141834014,0.6964885872950237,0.6379622141834014,0.2509198068632938,0.25283346020412456,0.2509198068632938,0.25283346020412456,0.2509198068632938,0.25283346020412456,0.6964885872950237,0.6379622141834014,0.6964885872950237,0.6379622141834014,0.6964885872950237,0.6379622141834014
0.627,0.627,0.2217038217889544,0.627,0.607,0.607,0.1566813156629815,0.607,0.6584801980447752,0.6439371803943191,0.6584801980447752,0.6439371803943191,0.6584801980447752,0.6439371803943191,0.6584801980447752,0.6439371803943191,0.6584801980447752,0.6439371803943191,0.6584801980447752,0.6439371803943191,0.24341596617263103,0.25125064453259527,0.24341596617263103,0.25125064453259527,0.24341596617263103,0.25125064453259527,0.6584801980447752,0.6439371803943191,0.6584801980447752,0.6439371803943191,0.6584801980447752,0.6439371803943191
0.62,0.62,0.1992143871671998,0.62,0.596,0.596,0.1466891963248495,0.596,0.6604438790763888,0.628212037472513,0.6604438790763888,0.628212037472513,0.6604438790763888,0.628212037472513,0.6604438790763888,0.628212037472513,0.6604438790763888,0.628212037472513,0.6604438790763888,0.628212037472513,0.22043127077866914,0.24077330511101044,0.22043127077866914,0.24077330511101044,0.22043127077866914,0.24077330511101044,0.6604438790763888,0.628212037472513,0.6604438790763888,0.628212037472513,0.6604438790763888,0.628212037472513
0.611,0.611,0.1861243618712862,0.611,0.624,0.624,0.2018035842415648,0.624,0.6534209975974092,0.6324113559257343,0.6534209975974092,0.6324113559257343,0.6534209975974092,0.6324113559257343,0.6534209975974092,0.6324113559257343,0.6534209975974092,0.6324113559257343,0.6534209975974092,0.6324113559257343,0.24480426420178553,0.2404322200482086,0.24480426420178553,0.2404322200482086,0.24480426420178553,0.2404322200482086,0.6534209975974092,0.6324113559257343,0.6534209975974092,0.6324113559257343,0.6534209975974092,0.6324113559257343
0.618,0.618,0.2055701593850863,0.618,0.615,0.615,0.19953760302055,0.615,0.6597759912096824,0.6689423263135832,0.6597759912096824,0.6689423263135832,0.6597759912096824,0.6689423263135832,0.6597759912096824,0.6689423263135832,0.6597759912096824,0.6689423263135832,0.6597759912096824,0.6689423263135832,0.2709869034689787,0.2529600107979949,0.2709869034689787,0.2529600107979949,0.2709869034689787,0.2529600107979949,0.6597759912096824,0.6689423263135832,0.6597759912096824,0.6689423263135832,0.6597759912096824,0.6689423263135832
0.611,0.611,0.1937021714077255,0.611,0.608,0.608,0.1801907311360213,0.608,0.6609127166788147,0.6549657305534313,0.6609127166788147,0.6549657305534313,0.6609127166788147,0.6549657305534313,0.6609127166788147,0.6549657305534313,0.6609127166788147,0.6549657305534313,0.6609127166788147,0.6549657305534313,0.27231579272080914,0.2588026461988702,0.27231579272080914,0.2588026461988702,0.27231579272080914,0.2588026461988702,0.6609127166788147,0.6549657305534313,0.6609127166788147,0.6549657305534313,0.6609127166788147,0.6549657305534313
0.618,0.618,0.2005290739531534,0.618,0.614,0.614,0.1977820544261233,0.614,0.6509720735506108,0.6455684408063405,0.6509720735506108,0.6455684408063405,0.6509720735506108,0.6455684408063405,0.6509720735506108,0.6455684408063405,0.6509720735506108,0.6455684408063405,0.6509720735506108,0.6455684408063405,0.19167275385670726,0.2481517858776395,0.19167275385670726,0.2481517858776395,0.19167275385670726,0.2481517858776395,0.6509720735506108,0.6455684408063405,0.6509720735506108,0.6455684408063405,0.6509720735506108,0.6455684408063405
0.617,0.617,0.201098020892434,0.617,0.622,0.622,0.2016962897884706,0.622,0.6887320501477981,0.6482300377348044,0.6887320501477981,0.6482300377348044,0.6887320501477981,0.6482300377348044,0.6887320501477981,0.6482300377348044,0.6887320501477981,0.6482300377348044,0.6887320501477981,0.6482300377348044,0.1870241255845808,0.23130033191871213,0.1870241255845808,0.23130033191871213,0.1870241255845808,0.23130033191871213,0.6887320501477981,0.6482300377348044,0.6887320501477981,0.6482300377348044,0.6887320501477981,0.6482300377348044
0.623,0.623,0.2190348347751152,0.623,0.627,0.627,0.2217038217889544,0.627,0.6650225830892467,0.6398530654617224,0.6650225830892467,0.6398530654617224,0.6650225830892467,0.6398530654617224,0.6650225830892467,0.6398530654617224,0.6650225830892467,0.6398530654617224,0.6650225830892467,0.6398530654617224,0.24653050284680372,0.22861060932561195,0.24653050284680372,0.22861060932561195,0.24653050284680372,0.22861060932561195,0.6650225830892467,0.6398530654617224,0.6650225830892467,0.6398530654617224,0.6650225830892467,0.6398530654617224
0.629,0.629,0.2225742640649098,0.629,0.62,0.62,0.1992143871671998,0.62,0.6507771535487162,0.6568148172693662,0.6507771535487162,0.6568148172693662,0.6507771535487162,0.6568148172693662,0.6507771535487162,0.6568148172693662,0.6507771535487162,0.6568148172693662,0.6507771535487162,0.6568148172693662,0.28554123273875437,0.25069129319670963,0.28554123273875437,0.25069129319670963,0.28554123273875437,0.25069129319670963,0.6507771535487162,0.6568148172693662,0.6507771535487162,0.6568148172693662,0.6507771535487162,0.6568148172693662
0.633,0.633,0.2268866493646566,0.633,0.611,0.611,0.1861243618712862,0.611,0.6671218201124551,0.6691010394469108,0.6671218201124551,0.6691010394469108,0.6671218201124551,0.6691010394469108,0.6671218201124551,0.6691010394469108,0.6671218201124551,0.6691010394469108,0.6671218201124551,0.6691010394469108,0.2816851859532824,0.26999701635105505,0.2816851859532824,0.26999701635105505,0.2816851859532824,0.26999701635105505,0.6671218201124551,0.6691010394469108,0.6671218201124551,0.6691010394469108,0.6671218201124551,0.6691010394469108
0.632,0.632,0.2252762058744274,0.632,0.618,0.618,0.2055701593850863,0.618,0.6426329534107308,0.643385150279367,0.6426329534107308,0.643385150279367,0.6426329534107308,0.643385150279367,0.6426329534107308,0.643385150279367,0.6426329534107308,0.643385150279367,0.6426329534107308,0.643385150279367,0.25699131780266954,0.2677879130199206,0.25699131780266954,0.2677879130199206,0.25699131780266954,0.2677879130199206,0.6426329534107308,0.643385150279367,0.6426329534107308,0.643385150279367,0.6426329534107308,0.643385150279367
0.633,0.633,0.2295419238359155,0.633,0.611,0.611,0.1937021714077255,0.611,0.6433350882829191,0.6440932061397424,0.6433350882829191,0.6440932061397424,0.6433350882829191,0.6440932061397424,0.6433350882829191,0.6440932061397424,0.6433350882829191,0.6440932061397424,0.6433350882829191,0.6440932061397424,0.240819264279509,0.25365359008731464,0.240819264279509,0.25365359008731464,0.240819264279509,0.25365359008731464,0.6433350882829191,0.6440932061397424,0.6433350882829191,0.6440932061397424,0.6433350882829191,0.6440932061397424
0.63,0.63,0.23044925124792,0.63,0.618,0.618,0.2005290739531534,0.618,0.7034718467446894,0.6163576901403557,0.7034718467446894,0.6163576901403557,0.7034718467446894,0.6163576901403557,0.7034718467446894,0.6163576901403557,0.7034718467446894,0.6163576901403557,0.7034718467446894,0.6163576901403557,0.2680951488750118,0.24409921547883837,0.2680951488750118,0.24409921547883837,0.2680951488750118,0.24409921547883837,0.7034718467446894,0.6163576901403557,0.7034718467446894,0.6163576901403557,0.7034718467446894,0.6163576901403557
0.623,0.623,0.2254209847220967,0.623,0.617,0.617,0.201098020892434,0.617,0.6643837763657671,0.6175725799874651,0.6643837763657671,0.6175725799874651,0.6643837763657671,0.6175725799874651,0.6643837763657671,0.6175725799874651,0.6643837763657671,0.6175725799874651,0.6643837763657671,0.6175725799874651,0.2547638318498349,0.24304650609929024,0.2547638318498349,0.24304650609929024,0.2547638318498349,0.24304650609929024,0.6643837763657671,0.6175725799874651,0.6643837763657671,0.6175725799874651,0.6643837763657671,0.6175725799874651
0.61,0.61,0.2072139465296298,0.61,0.623,0.623,0.2190348347751152,0.623,0.6435287437814526,0.6387221939875067,0.6435287437814526,0.6387221939875067,0.6435287437814526,0.6387221939875067,0.6435287437814526,0.6387221939875067,0.6435287437814526,0.6387221939875067,0.6435287437814526,0.6387221939875067,0.15626481313165047,0.25818830446839547,0.15626481313165047,0.25818830446839547,0.15626481313165047,0.25818830446839547,0.6435287437814526,0.6387221939875067,0.6435287437814526,0.6387221939875067,0.6435287437814526,0.6387221939875067
0.571,0.571,0.1247684410677416,0.571,0.629,0.629,0.2225742640649098,0.629,0.6417859178001727,0.6448804066469194,0.6417859178001727,0.6448804066469194,0.6417859178001727,0.6448804066469194,0.6417859178001727,0.6448804066469194,0.6417859178001727,0.6448804066469194,0.6417859178001727,0.6448804066469194,0.17987004191629466,0.24351032651724305,0.17987004191629466,0.24351032651724305,0.17987004191629466,0.24351032651724305,0.6417859178001727,0.6448804066469194,0.6417859178001727,0.6448804066469194,0.6417859178001727,0.6448804066469194
0.564,0.564,0.105677715786019,0.564,0.633,0.633,0.2268866493646566,0.633,0.6804589200896776,0.6345186222365455,0.6804589200896776,0.6345186222365455,0.6804589200896776,0.6345186222365455,0.6804589200896776,0.6345186222365455,0.6804589200896776,0.6345186222365455,0.6804589200896776,0.6345186222365455,0.15864202175978523,0.2764610065593049,0.15864202175978523,0.2764610065593049,0.15864202175978523,0.2764610065593049,0.6804589200896776,0.6345186222365455,0.6804589200896776,0.6345186222365455,0.6804589200896776,0.6345186222365455
0.58,0.58,0.1350621107779497,0.58,0.632,0.632,0.2252762058744274,0.632,0.6427738253369938,0.6099172073177312,0.6427738253369938,0.6099172073177312,0.6427738253369938,0.6099172073177312,0.6427738253369938,0.6099172073177312,0.6427738253369938,0.6099172073177312,0.6427738253369938,0.6099172073177312,0.1906647806290417,0.27050071537874193,0.1906647806290417,0.27050071537874193,0.1906647806290417,0.27050071537874193,0.6427738253369938,0.6099172073177312,0.6427738253369938,0.6099172073177312,0.6427738253369938,0.6099172073177312
0.629,0.629,0.2349758326597271,0.629,0.633,0.633,0.2295419238359155,0.633,0.7144119310620599,0.6396806514010636,0.7144119310620599,0.6396806514010636,0.7144119310620599,0.6396806514010636,0.7144119310620599,0.6396806514010636,0.7144119310620599,0.6396806514010636,0.7144119310620599,0.6396806514010636,0.2793368619754662,0.28231975701789847,0.2793368619754662,0.28231975701789847,0.2793368619754662,0.28231975701789847,0.7144119310620599,0.6396806514010636,0.7144119310620599,0.6396806514010636,0.7144119310620599,0.6396806514010636
0.637,0.637,0.2330834692515063,0.637,0.63,0.63,0.23044925124792,0.63,0.7000851906948351,0.6409998601260133,0.7000851906948351,0.6409998601260133,0.7000851906948351,0.6409998601260133,0.7000851906948351,0.6409998601260133,0.7000851906948351,0.6409998601260133,0.7000851906948351,0.6409998601260133,0.1951449844501066,0.25503962217588017,0.1951449844501066,0.25503962217588017,0.1951449844501066,0.25503962217588017,0.7000851906948351,0.6409998601260133,0.7000851906948351,0.6409998601260133,0.7000851906948351,0.6409998601260133
0.611,0.611,0.1533760490301911,0.611,0.623,0.623,0.2254209847220967,0.623,0.6948907581688026,0.6292991093861127,0.6948907581688026,0.6292991093861127,0.6948907581688026,0.6292991093861127,0.6948907581688026,0.6292991093861127,0.6948907581688026,0.6292991093861127,0.6948907581688026,0.6292991093861127,0.1557457723759266,0.2305438239465488,0.1557457723759266,0.2305438239465488,0.1557457723759266,0.2305438239465488,0.6948907581688026,0.6292991093861127,0.6948907581688026,0.6292991093861127,0.6948907581688026,0.6292991093861127
0.613,0.613,0.1100256643761901,0.613,0.61,0.61,0.2072139465296298,0.61,0.7227473572435256,0.6186335838841776,0.7227473572435256,0.6186335838841776,0.7227473572435256,0.6186335838841776,0.7227473572435256,0.6186335838841776,0.7227473572435256,0.6186335838841776,0.7227473572435256,0.6186335838841776,0.15110120790977954,0.22732172326167085,0.15110120790977954,0.22732172326167085,0.15110120790977954,0.22732172326167085,0.7227473572435256,0.6186335838841776,0.7227473572435256,0.6186335838841776,0.7227473572435256,0.6186335838841776
0.677,0.677,0.1398410703253157,0.677,0.571,0.571,0.1247684410677416,0.571,0.7092034563340242,0.6979710299489182,0.7092034563340242,0.6979710299489182,0.7092034563340242,0.6979710299489182,0.7092034563340242,0.6979710299489182,0.7092034563340242,0.6979710299489182,0.7092034563340242,0.6979710299489182,0.19760285829176288,0.19661953056160578,0.19760285829176288,0.19661953056160578,0.19760285829176288,0.19661953056160578,0.7092034563340242,0.6979710299489182,0.7092034563340242,0.6979710299489182,0.7092034563340242,0.6979710299489182
0.747,0.747,0.1317180314366119,0.747,0.564,0.564,0.105677715786019,0.564,0.7633750878261425,0.7289283767090154,0.7633750878261425,0.7289283767090154,0.7633750878261425,0.7289283767090154,0.7633750878261425,0.7289283767090154,0.7633750878261425,0.7289283767090154,0.7633750878261425,0.7289283767090154,0.2720880221521027,0.1872663255511748,0.2720880221521027,0.1872663255511748,0.2720880221521027,0.1872663255511748,0.7633750878261425,0.7289283767090154,0.7633750878261425,0.7289283767090154,0.7633750878261425,0.7289283767090154
0.82,0.82,0.1096161456272261,0.82,0.58,0.58,0.1350621107779497,0.58,0.8110415358913345,0.7793576418022922,0.8110415358913345,0.7793576418022922,0.8110415358913345,0.7793576418022922,0.8110415358913345,0.7793576418022922,0.8110415358913345,0.7793576418022922,0.8110415358913345,0.7793576418022922,0.1099418474466073,0.06824091062805684,0.1099418474466073,0.06824091062805684,0.1099418474466073,0.06824091062805684,0.8110415358913345,0.7793576418022922,0.8110415358913345,0.7793576418022922,0.8110415358913345,0.7793576418022922
0.845,0.845,0.0,0.845,0.629,0.629,0.2349758326597271,0.629,0.8048946876424,0.8132922787867995,0.8048946876424,0.8132922787867995,0.8048946876424,0.8132922787867995,0.8048946876424,0.8132922787867995,0.8048946876424,0.8132922787867995,0.8048946876424,0.8132922787867995,0.03196739049596018,0.03736932797622947,0.03196739049596018,0.03736932797622947,0.03196739049596018,0.03736932797622947,0.8048946876424,0.8132922787867995,0.8048946876424,0.8132922787867995,0.8048946876424,0.8132922787867995
0.831,0.831,-0.0097992351816442,0.831,0.637,0.637,0.2330834692515063,0.637,0.8033621612943345,0.804094837405983,0.8033621612943345,0.804094837405983,0.8033621612943345,0.804094837405983,0.8033621612943345,0.804094837405983,0.8033621612943345,0.804094837405983,0.8033621612943345,0.804094837405983,0.0182120317443545,0.022022913756171263,0.0182120317443545,0.022022913756171263,0.0182120317443545,0.022022913756171263,0.8033621612943345,0.804094837405983,0.8033621612943345,0.804094837405983,0.8033621612943345,0.804094837405983
0.818,0.818,0.0049316027162086,0.818,0.611,0.611,0.1533760490301911,0.611,0.7990917317549483,0.8090108422015156,0.7990917317549483,0.8090108422015156,0.7990917317549483,0.8090108422015156,0.7990917317549483,0.8090108422015156,0.7990917317549483,0.8090108422015156,0.7990917317549483,0.8090108422015156,0.01798142723282382,0.025339452472578988,0.01798142723282382,0.025339452472578988,0.01798142723282382,0.025339452472578988,0.7990917317549483,0.8090108422015156,0.7990917317549483,0.8090108422015156,0.7990917317549483,0.8090108422015156
0.816,0.816,0.04906612091331,0.816,0.613,0.613,0.1100256643761901,0.613,0.8045601395237244,0.7871635949049838,0.8045601395237244,0.7871635949049838,0.8045601395237244,0.7871635949049838,0.8045601395237244,0.7871635949049838,0.8045601395237244,0.7871635949049838,0.8045601395237244,0.7871635949049838,0.03036651745039527,0.033263930624099214,0.03036651745039527,0.033263930624099214,0.03036651745039527,0.033263930624099214,0.8045601395237244,0.7871635949049838,0.8045601395237244,0.7871635949049838,0.8045601395237244,0.7871635949049838
0.794,0.794,0.0685813499240396,0.794,0.677,0.677,0.1398410703253157,0.677,0.7940667942021074,0.7926061547998065,0.7940667942021074,0.7926061547998065,0.7940667942021074,0.7926061547998065,0.7940667942021074,0.7926061547998065,0.7940667942021074,0.7926061547998065,0.7940667942021074,0.7926061547998065,0.026341731823616137,0.03036640113404034,0.026341731823616137,0.03036640113404034,0.026341731823616137,0.03036640113404034,0.7940667942021074,0.7926061547998065,0.7940667942021074,0.7926061547998065,0.7940667942021074,0.7926061547998065
0.781,0.781,0.0490829512296788,0.781,0.747,0.747,0.1317180314366119,0.747,0.7577433460683889,0.7814948079811068,0.7577433460683889,0.7814948079811068,0.7577433460683889,0.7814948079811068,0.7577433460683889,0.7814948079811068,0.7577433460683889,0.7814948079811068,0.7577433460683889,0.7814948079811068,0.01011287657172415,0.027468231610388097,0.01011287657172415,0.027468231610388097,0.01011287657172415,0.027468231610388097,0.7577433460683889,0.7814948079811068,0.7577433460683889,0.7814948079811068,0.7577433460683889,0.7814948079811068
0.73,0.73,0.0343900205996795,0.73,0.82,0.82,0.1096161456272261,0.82,0.7431150677505787,0.6955234918962816,0.7431150677505787,0.6955234918962816,0.7431150677505787,0.6955234918962816,0.7431150677505787,0.6955234918962816,0.7431150677505787,0.6955234918962816,0.7431150677505787,0.6955234918962816,0.012956116383980271,0.02411962430619951,0.012956116383980271,0.02411962430619951,0.012956116383980271,0.02411962430619951,0.7431150677505787,0.6955234918962816,0.7431150677505787,0.6955234918962816,0.7431150677505787,0.6955234918962816
0.687,0.687,0.0209938945050545,0.687,0.845,0.845,0.0,0.845,0.7100040594227736,0.6876917547484224,0.7100040594227736,0.6876917547484224,0.7100040594227736,0.6876917547484224,0.7100040594227736,0.6876917547484224,0.7100040594227736,0.6876917547484224,0.7100040594227736,0.6876917547484224,0.038681659305253475,0.039595111397877907,0.038681659305253475,0.039595111397877907,0.038681659305253475,0.039595111397877907,0.7100040594227736,0.6876917547484224,0.7100040594227736,0.6876917547484224,0.7100040594227736,0.6876917547484224
0.635,0.635,0.0402313962661057,0.635,0.831,0.831,-0.0097992351816442,0.831,0.6371173096444629,0.674291763264456,0.6371173096444629,0.674291763264456,0.6371173096444629,0.674291763264456,0.6371173096444629,0.674291763264456,0.6371173096444629,0.674291763264456,0.6371173096444629,0.674291763264456,0.054255749071032276,0.05376240016170922,0.054255749071032276,0.05376240016170922,0.054255749071032276,0.05376240016170922,0.6371173096444629,0.674291763264456,0.6371173096444629,0.674291763264456,0.6371173096444629,0.674291763264456
0.607,0.607,0.0834717065616896,0.607,0.818,0.818,0.0049316027162086,0.818,0.5973664572443386,0.6466115459271793,0.5973664572443386,0.6466115459271793,0.5973664572443386,0.6466115459271793,0.5973664572443386,0.6466115459271793,0.5973664572443386,0.6466115459271793,0.5973664572443386,0.6466115459271793,0.0932364119744477,0.07184218096861326,0.0932364119744477,0.07184218096861326,0.0932364119744477,0.07184218096861326,0.5973664572443386,0.6466115459271793,0.5973664572443386,0.6466115459271793,0.5973664572443386,0.6466115459271793
0.581,0.581,0.093254157180821,0.581,0.816,0.816,0.04906612091331,0.816,0.6086711774609969,0.5932095313006511,0.6086711774609969,0.5932095313006511,0.6086711774609969,0.5932095313006511,0.6086711774609969,0.5932095313006511,0.6086711774609969,0.5932095313006511,0.6086711774609969,0.5932095313006511,0.11615052777206133,0.1295695512350059,0.11615052777206133,0.1295695512350059,0.11615052777206133,0.1295695512350059,0.6086711774609969,0.5932095313006511,0.6086711774609969,0.5932095313006511,0.6086711774609969,0.5932095313006511
0.582,0.582,0.1197516773152846,0.582,0.794,0.794,0.0685813499240396,0.794,0.6507922440178656,0.6169565528453872,0.6507922440178656,0.6169565528453872,0.6507922440178656,0.6169565528453872,0.6507922440178656,0.6169565528453872,0.6507922440178656,0.6169565528453872,0.6507922440178656,0.6169565528453872,0.2009805991307207,0.2123631578607919,0.2009805991307207,0.2123631578607919,0.2009805991307207,0.2123631578607919,0.6507922440178656,0.6169565528453872,0.6507922440178656,0.6169565528453872,0.6507922440178656,0.6169565528453872
0.589,0.589,0.1099657845727402,0.589,0.781,0.781,0.0490829512296788,0.781,0.6296632086765982,0.6287234426024024,0.6296632086765982,0.6287234426024024,0.6296632086765982,0.6287234426024024,0.6296632086765982,0.6287234426024024,0.6296632086765982,0.6287234426024024,0.6296632086765982,0.6287234426024024,0.19624892680774694,0.18276906250305733,0.19624892680774694,0.18276906250305733,0.19624892680774694,0.18276906250305733,0.6296632086765982,0.6287234426024024,0.6296632086765982,0.6287234426024024,0.6296632086765982,0.6287234426024024
0.593,0.593,0.1119586657124405,0.593,0.73,0.73,0.0343900205996795,0.73,0.63473387948415,0.6393395487062502,0.63473387948415,0.6393395487062502,0.63473387948415,0.6393395487062502,0.63473387948415,0.6393395487062502,0.63473387948415,0.6393395487062502,0.63473387948415,0.6393395487062502,0.20205783166083738,0.20618431174686527,0.20205783166083738,0.20618431174686527,0.20205783166083738,0.20618431174686527,0.63473387948415,0.6393395487062502,0.63473387948415,0.6393395487062502,0.63473387948415,0.6393395487062502
0.581,0.581,0.0997378711701257,0.581,0.687,0.687,0.0209938945050545,0.687,0.6471558008039641,0.6481564507537968,0.6471558008039641,0.6481564507537968,0.6471558008039641,0.6481564507537968,0.6471558008039641,0.6481564507537968,0.6471558008039641,0.6481564507537968,0.6471558008039641,0.6481564507537968,0.20847784941870326,0.21792271035333835,0.20847784941870326,0.21792271035333835,0.20847784941870326,0.21792271035333835,0.6471558008039641,0.6481564507537968,0.6471558008039641,0.6481564507537968,0.6471558008039641,0.6481564507537968
0.575,0.575,0.0877009204561065,0.575,0.635,0.635,0.0402313962661057,0.635,0.6481266550452168,0.6480424571198418,0.6481266550452168,0.6480424571198418,0.6481266550452168,0.6480424571198418,0.6481266550452168,0.6480424571198418,0.6481266550452168,0.6480424571198418,0.6481266550452168,0.6480424571198418,0.1849499420259362,0.2065159942137446,0.1849499420259362,0.2065159942137446,0.1849499420259362,0.2065159942137446,0.6481266550452168,0.6480424571198418,0.6481266550452168,0.6480424571198418,0.6481266550452168,0.6480424571198418
0.575,0.575,0.102299802294733,0.575,0.607,0.607,0.0834717065616896,0.607,0.639216093550722,0.6503930114592433,0.639216093550722,0.6503930114592433,0.639216093550722,0.6503930114592433,0.639216093550722,0.6503930114592433,0.639216093550722,0.6503930114592433,0.639216093550722,0.6503930114592433,0.19952005258405067,0.21594897733516247,0.19952005258405067,0.21594897733516247,0.19952005258405067,0.21594897733516247,0.639216093550722,0.6503930114592433,0.639216093550722,0.6503930114592433,0.639216093550722,0.6503930114592433
0.585,0.585,0.1005089168826889,0.585,0.581,0.581,0.093254157180821,0.581,0.6549802171514398,0.6610399974997166,0.6549802171514398,0.6610399974997166,0.6549802171514398,0.6610399974997166,0.6549802171514398,0.6610399974997166,0.6549802171514398,0.6610399974997166,0.6549802171514398,0.6610399974997166,0.2178748444002743,0.2287863430641603,0.2178748444002743,0.2287863430641603,0.2178748444002743,0.2287863430641603,0.6549802171514398,0.6610399974997166,0.6549802171514398,0.6610399974997166,0.6549802171514398,0.6610399974997166
0.602,0.602,0.1469478737997256,0.602,0.582,0.582,0.1197516773152846,0.582,0.6436067119382106,0.6622842919053676,0.6436067119382106,0.6622842919053676,0.6436067119382106,0.6622842919053676,0.6436067119382106,0.6622842919053676,0.6436067119382106,0.6622842919053676,0.6436067119382106,0.6622842919053676,0.2740091654475862,0.2500581638270115,0.2740091654475862,0.2500581638270115,0.2740091654475862,0.2500581638270115,0.6436067119382106,0.6622842919053676,0.6436067119382106,0.6622842919053676,0.6436067119382106,0.6622842919053676
0.595,0.595,0.1528543578845205,0.595,0.589,0.589,0.1099657845727402,0.589,0.6514797284022075,0.6423499765979651,0.6514797284022075,0.6423499765979651,0.6514797284022075,0.6423499765979651,0.6514797284022075,0.6423499765979651,0.6514797284022075,0.6423499765979651,0.6514797284022075,0.6423499765979651,0.24518339457972207,0.25636141547546143,0.24518339457972207,0.25636141547546143,0.24518339457972207,0.25636141547546143,0.6514797284022075,0.6423499765979651,0.6514797284022075,0.6423499765979651,0.6514797284022075,0.6423499765979651
0.583,0.583,0.1331282221852652,0.583,0.593,0.593,0.1119586657124405,0.593,0.6462868066468216,0.6515370940623402,0.6462868066468216,0.6515370940623402,0.6462868066468216,0.6515370940623402,0.6462868066468216,0.6515370940623402,0.6462868066468216,0.6515370940623402,0.6462868066468216,0.6515370940623402,0.211439012329449,0.23958298534021816,0.211439012329449,0.23958298534021816,0.211439012329449,0.23958298534021816,0.6462868066468216,0.6515370940623402,0.6462868066468216,0.6515370940623402,0.6462868066468216,0.6515370940623402
0.572,0.572,0.1131665754968753,0.572,0.581,0.581,0.0997378711701257,0.581,0.6442149284666023,0.6661378221044237,0.6442149284666023,0.6661378221044237,0.6442149284666023,0.6661378221044237,0.6442149284666023,0.6661378221044237,0.6442149284666023,0.6661378221044237,0.6442149284666023,0.6661378221044237,0.24190609747155606,0.2461911683134449,0.24190609747155606,0.2461911683134449,0.24190609747155606,0.2461911683134449,0.6442149284666023,0.6661378221044237,0.6442149284666023,0.6661378221044237,0.6442149284666023,0.6661378221044237
0.574,0.574,0.1133681603429975,0.574,0.575,0.575,0.0877009204561065,0.575,0.6533078140325788,0.6392158678970892,0.6533078140325788,0.6392158678970892,0.6533078140325788,0.6392158678970892,0.6533078140325788,0.6392158678970892,0.6533078140325788,0.6392158678970892,0.6533078140325788,0.6392158678970892,0.24706643350344853,0.23320677902645062,0.24706643350344853,0.23320677902645062,0.24706643350344853,0.23320677902645062,0.6533078140325788,0.6392158678970892,0.6533078140325788,0.6392158678970892,0.6533078140325788,0.6392158678970892
0.573,0.573,0.1177394294026248,0.573,0.575,0.575,0.102299802294733,0.575,0.6545970867732164,0.6564302309406533,0.6545970867732164,0.6564302309406533,0.6545970867732164,0.6564302309406533,0.6545970867732164,0.6564302309406533,0.6545970867732164,0.6564302309406533,0.6545970867732164,0.6564302309406533,0.2513491314469223,0.23996288382528702,0.2513491314469223,0.23996288382528702,0.2513491314469223,0.23996288382528702,0.6545970867732164,0.6564302309406533,0.6545970867732164,0.6564302309406533,0.6545970867732164,0.6564302309406533
0.599,0.599,0.1697653810797604,0.599,0.585,0.585,0.1005089168826889,0.585,0.6507910987364605,0.6429715500005826,0.6507910987364605,0.6429715500005826,0.6507910987364605,0.6429715500005826,0.6507910987364605,0.6429715500005826,0.6507910987364605,0.6429715500005826,0.6507910987364605,0.6429715500005826,0.23715791039725578,0.2373625406773393,0.23715791039725578,0.2373625406773393,0.23715791039725578,0.2373625406773393,0.6507910987364605,0.6429715500005826,0.6507910987364605,0.6429715500005826,0.6507910987364605,0.6429715500005826
0.596,0.596,0.1665875887563589,0.596,0.602,0.602,0.1469478737997256,0.602,0.68655620994735,0.6598154283295599,0.68655620994735,0.6598154283295599,0.68655620994735,0.6598154283295599,0.68655620994735,0.6598154283295599,0.68655620994735,0.6598154283295599,0.68655620994735,0.6598154283295599,0.2544175741645252,0.25101244265534967,0.2544175741645252,0.25101244265534967,0.2544175741645252,0.25101244265534967,0.68655620994735,0.6598154283295599,0.68655620994735,0.6598154283295599,0.68655620994735,0.6598154283295599
0.598,0.598,0.1749039440412466,0.598,0.595,0.595,0.1528543578845205,0.595,0.6409200228411702,0.6538072148146581,0.6409200228411702,0.6538072148146581,0.6409200228411702,0.6538072148146581,0.6409200228411702,0.6538072148146581,0.6409200228411702,0.6538072148146581,0.6409200228411702,0.6538072148146581,0.21796450499889417,0.23932308257828827,0.21796450499889417,0.23932308257828827,0.21796450499889417,0.23932308257828827,0.6409200228411702,0.6538072148146581,0.6409200228411702,0.6538072148146581,0.6409200228411702,0.6538072148146581
0.602,0.602,0.1809519889696046,0.602,0.583,0.583,0.1331282221852652,0.583,0.6469364641092693,0.6554052830408066,0.6469364641092693,0.6554052830408066,0.6469364641092693,0.6554052830408066,0.6469364641092693,0.6554052830408066,0.6469364641092693,0.6554052830408066,0.6469364641092693,0.6554052830408066,0.21658445478906196,0.25531424951972986,0.21658445478906196,0.25531424951972986,0.21658445478906196,0.25531424951972986,0.6469364641092693,0.6554052830408066,0.6469364641092693,0.6554052830408066,0.6469364641092693,0.6554052830408066
0.618,0.618,0.2175722619125648,0.618,0.572,0.572,0.1131665754968753,0.572,0.6270225230955205,0.6372715070181522,0.6270225230955205,0.6372715070181522,0.6270225230955205,0.6372715070181522,0.6270225230955205,0.6372715070181522,0.6270225230955205,0.6372715070181522,0.6270225230955205,0.6372715070181522,0.2504040530176242,0.23678748237361702,0.2504040530176242,0.23678748237361702,0.2504040530176242,0.23678748237361702,0.6270225230955205,0.6372715070181522,0.6270225230955205,0.6372715070181522,0.6270225230955205,0.6372715070181522
0.612,0.612,0.215099225213926,0.612,0.574,0.574,0.1133681603429975,0.574,0.6381410178636048,0.6453384682371702,0.6381410178636048,0.6453384682371702,0.6381410178636048,0.6453384682371702,0.6381410178636048,0.6453384682371702,0.6381410178636048,0.6453384682371702,0.6381410178636048,0.6453384682371702,0.22154677128826786,0.23554174329636782,0.22154677128826786,0.23554174329636782,0.22154677128826786,0.23554174329636782,0.6381410178636048,0.6453384682371702,0.6381410178636048,0.6453384682371702,0.6381410178636048,0.6453384682371702
0.597,0.597,0.1821377255716919,0.597,0.573,0.573,0.1177394294026248,0.573,0.6451578072943391,0.655759501315931,0.6451578072943391,0.655759501315931,0.6451578072943391,0.655759501315931,0.6451578072943391,0.655759501315931,0.6451578072943391,0.655759501315931,0.6451578072943391,0.655759501315931,0.2529409898344077,0.22720299978931235,0.2529409898344077,0.22720299978931235,0.2529409898344077,0.22720299978931235,0.6451578072943391,0.655759501315931,0.6451578072943391,0.655759501315931,0.6451578072943391,0.655759501315931
0.583,0.583,0.1484582397386156,0.583,0.599,0.599,0.1697653810797604,0.599,0.6393187603455369,0.6314101226419374,0.6393187603455369,0.6314101226419374,0.6393187603455369,0.6314101226419374,0.6393187603455369,0.6314101226419374,0.6393187603455369,0.6314101226419374,0.6393187603455369,0.6314101226419374,0.22720687672627213,0.22514295648105018,0.22720687672627213,0.22514295648105018,0.22720687672627213,0.22514295648105018,0.6393187603455369,0.6314101226419374,0.6393187603455369,0.6314101226419374,0.6393187603455369,0.6314101226419374
0.594,0.594,0.1647465437788019,0.594,0.596,0.596,0.1665875887563589,0.596,0.6452588869582648,0.6396699956937736,0.6452588869582648,0.6396699956937736,0.6452588869582648,0.6396699956937736,0.6452588869582648,0.6396699956937736,0.6452588869582648,0.6396699956937736,0.6452588869582648,0.6396699956937736,0.2324545044629692,0.2268869740228507,0.2324545044629692,0.2268869740228507,0.2324545044629692,0.2268869740228507,0.6452588869582648,0.6396699956937736,0.6452588869582648,0.6396699956937736,0.6452588869582648,0.6396699956937736
0.612,0.612,0.205787110006673,0.612,0.598,0.598,0.1749039440412466,0.598,0.6947203787338484,0.6278621096929397,0.6947203787338484,0.6278621096929397,0.6947203787338484,0.6278621096929397,0.6947203787338484,0.6278621096929397,0.6947203787338484,0.6278621096929397,0.6947203787338484,0.6278621096929397,0.21649802562826032,0.2112920607015051,0.21649802562826032,0.2112920607015051,0.21649802562826032,0.2112920607015051,0.6947203787338484,0.6278621096929397,0.6947203787338484,0.6278621096929397,0.6947203787338484,0.6278621096929397
0.612,0.612,0.206423876005776,0.612,0.602,0.602,0.1809519889696046,0.602,0.6208983804826966,0.6004090491243541,0.6208983804826966,0.6004090491243541,0.6208983804826966,0.6004090491243541,0.6208983804826966,0.6004090491243541,0.6208983804826966,0.6004090491243541,0.6208983804826966,0.6004090491243541,0.19531690914065833,0.17613875318532157,0.19531690914065833,0.17613875318532157,0.19531690914065833,0.17613875318532157,0.6208983804826966,0.6004090491243541,0.6208983804826966,0.6004090491243541,0.6208983804826966,0.6004090491243541
0.615,0.615,0.2173524150268335,0.615,0.618,0.618,0.2175722619125648,0.618,0.6135021513599161,0.6080675606585904,0.6135021513599161,0.6080675606585904,0.6135021513599161,0.6080675606585904,0.6135021513599161,0.6080675606585904,0.6135021513599161,0.6080675606585904,0.6135021513599161,0.6080675606585904,0.2007513623017758,0.1773123220800102,0.2007513623017758,0.1773123220800102,0.2007513623017758,0.1773123220800102,0.6135021513599161,0.6080675606585904,0.6135021513599161,0.6080675606585904,0.6135021513599161,0.6080675606585904
0.605,0.605,0.1970957224512364,0.605,0.612,0.612,0.215099225213926,0.612,0.6250674670861815,0.6085929403569366,0.6250674670861815,0.6085929403569366,0.6250674670861815,0.6085929403569366,0.6250674670861815,0.6085929403569366,0.6250674670861815,0.6085929403569366,0.6250674670861815,0.6085929403569366,0.2097837489068266,0.18216166486068588,0.2097837489068266,0.18216166486068588,0.2097837489068266,0.18216166486068588,0.6250674670861815,0.6085929403569366,0.6250674670861815,0.6085929403569366,0.6250674670861815,0.6085929403569366
0.638,0.638,0.2666720687140426,0.638,0.597,0.597,0.1821377255716919,0.597,0.6199470392887876,0.6034921398096733,0.6199470392887876,0.6034921398096733,0.6199470392887876,0.6034921398096733,0.6199470392887876,0.6034921398096733,0.6199470392887876,0.6034921398096733,0.6199470392887876,0.6034921398096733,0.19558980937172674,0.17746486522085142,0.19558980937172674,0.17746486522085142,0.19558980937172674,0.17746486522085142,0.6199470392887876,0.6034921398096733,0.6199470392887876,0.6034921398096733,0.6199470392887876,0.6034921398096733
0.63,0.63,0.2566310519273347,0.63,0.583,0.583,0.1484582397386156,0.583,0.6193526280606613,0.6026811490386984,0.6193526280606613,0.6026811490386984,0.6193526280606613,0.6026811490386984,0.6193526280606613,0.6026811490386984,0.6193526280606613,0.6026811490386984,0.6193526280606613,0.6026811490386984,0.201281555529602,0.19716178278059002,0.201281555529602,0.19716178278059002,0.201281555529602,0.19716178278059002,0.6193526280606613,0.6026811490386984,0.6193526280606613,0.6026811490386984,0.6193526280606613,0.6026811490386984
0.628,0.628,0.2515572437991921,0.628,0.594,0.594,0.1647465437788019,0.594,0.6182463251397433,0.6023103882400777,0.6182463251397433,0.6023103882400777,0.6182463251397433,0.6023103882400777,0.6182463251397433,0.6023103882400777,0.6182463251397433,0.6023103882400777,0.6182463251397433,0.6023103882400777,0.19786658421872882,0.19004186361614664,0.19786658421872882,0.19004186361614664,0.19786658421872882,0.19004186361614664,0.6182463251397433,0.6023103882400777,0.6182463251397433,0.6023103882400777,0.6182463251397433,0.6023103882400777
0.586,0.586,0.1706199115327905,0.586,0.612,0.612,0.205787110006673,0.612,0.644065744231997,0.6318815283393653,0.644065744231997,0.6318815283393653,0.644065744231997,0.6318815283393653,0.644065744231997,0.6318815283393653,0.644065744231997,0.6318815283393653,0.644065744231997,0.6318815283393653,0.2154744406358391,0.19524649890159712,0.2154744406358391,0.19524649890159712,0.2154744406358391,0.19524649890159712,0.644065744231997,0.6318815283393653,0.644065744231997,0.6318815283393653,0.644065744231997,0.6318815283393653
0.589,0.589,0.1735038610038609,0.589,0.612,0.612,0.206423876005776,0.612,0.6359342625536542,0.623542225562853,0.6359342625536542,0.623542225562853,0.6359342625536542,0.623542225562853,0.6359342625536542,0.623542225562853,0.6359342625536542,0.623542225562853,0.6359342625536542,0.623542225562853,0.21647786779132722,0.20871827439300858,0.21647786779132722,0.20871827439300858,0.21647786779132722,0.20871827439300858,0.6359342625536542,0.623542225562853,0.6359342625536542,0.623542225562853,0.6359342625536542,0.623542225562853
0.599,0.599,0.1928146412554249,0.599,0.615,0.615,0.2173524150268335,0.615,0.6500606172320633,0.638149502087713,0.6500606172320633,0.638149502087713,0.6500606172320633,0.638149502087713,0.6500606172320633,0.638149502087713,0.6500606172320633,0.638149502087713,0.6500606172320633,0.638149502087713,0.2130028952390026,0.21528263759209554,0.2130028952390026,0.21528263759209554,0.2130028952390026,0.21528263759209554,0.6500606172320633,0.638149502087713,0.6500606172320633,0.638149502087713,0.6500606172320633,0.638149502087713
0.602,0.602,0.1905962743024486,0.602,0.605,0.605,0.1970957224512364,0.605,0.6556618040038696,0.6387638567278995,0.6556618040038696,0.6387638567278995,0.6556618040038696,0.6387638567278995,0.6556618040038696,0.6387638567278995,0.6556618040038696,0.6387638567278995,0.6556618040038696,0.6387638567278995,0.22563422026220092,0.21266448558544665,0.22563422026220092,0.21266448558544665,0.22563422026220092,0.21266448558544665,0.6556618040038696,0.6387638567278995,0.6556618040038696,0.6387638567278995,0.6556618040038696,0.6387638567278995
0.61,0.61,0.2154527642214273,0.61,0.638,0.638,0.2666720687140426,0.638,0.6585916956820408,0.6447950631070636,0.6585916956820408,0.6447950631070636,0.6585916956820408,0.6447950631070636,0.6585916956820408,0.6447950631070636,0.6585916956820408,0.6447950631070636,0.6585916956820408,0.6447950631070636,0.24381704168051968,0.23283624228307048,0.24381704168051968,0.23283624228307048,0.24381704168051968,0.23283624228307048,0.6585916956820408,0.6447950631070636,0.6585916956820408,0.6447950631070636,0.6585916956820408,0.6447950631070636
0.603,0.603,0.1991252915022553,0.603,0.63,0.63,0.2566310519273347,0.63,0.642314968720313,0.6339733736862054,0.642314968720313,0.6339733736862054,0.642314968720313,0.6339733736862054,0.642314968720313,0.6339733736862054,0.642314968720313,0.6339733736862054,0.642314968720313,0.6339733736862054,0.24028503951293342,0.22394897894979887,0.24028503951293342,0.22394897894979887,0.24028503951293342,0.22394897894979887,0.642314968720313,0.6339733736862054,0.642314968720313,0.6339733736862054,0.642314968720313,0.6339733736862054
0.622,0.622,0.2397211506357782,0.622,0.628,0.628,0.2515572437991921,0.628,0.6502007565496571,0.6285173185405271,0.6502007565496571,0.6285173185405271,0.6502007565496571,0.6285173185405271,0.6502007565496571,0.6285173185405271,0.6502007565496571,0.6285173185405271,0.6502007565496571,0.6285173185405271,0.23387382649226515,0.21814404021964962,0.23387382649226515,0.21814404021964962,0.23387382649226515,0.21814404021964962,0.6502007565496571,0.6285173185405271,0.6502007565496571,0.6285173185405271,0.6502007565496571,0.6285173185405271
0.623,0.623,0.2367308595584781,0.623,0.586,0.586,0.1706199115327905,0.586,0.6397013565092682,0.6307620353668797,0.6397013565092682,0.6307620353668797,0.6397013565092682,0.6307620353668797,0.6397013565092682,0.6307620353668797,0.6397013565092682,0.6307620353668797,0.6397013565092682,0.6307620353668797,0.2240744608812466,0.21925864407912235,0.2240744608812466,0.21925864407912235,0.2240744608812466,0.21925864407912235,0.6397013565092682,0.6307620353668797,0.6397013565092682,0.6307620353668797,0.6397013565092682,0.6307620353668797
0.622,0.622,0.2351615266014057,0.622,0.589,0.589,0.1735038610038609,0.589,0.6491080111885627,0.6293862056090079,0.6491080111885627,0.6293862056090079,0.6491080111885627,0.6293862056090079,0.6491080111885627,0.6293862056090079,0.6491080111885627,0.6293862056090079,0.6491080111885627,0.6293862056090079,0.2452693799032005,0.21875227799088012,0.2452693799032005,0.21875227799088012,0.2452693799032005,0.21875227799088012,0.6491080111885627,0.6293862056090079,0.6491080111885627,0.6293862056090079,0.6491080111885627,0.6293862056090079
0.618,0.618,0.2282204622595766,0.618,0.599,0.599,0.1928146412554249,0.599,0.6646819426567637,0.6489949928189647,0.6646819426567637,0.6489949928189647,0.6646819426567637,0.6489949928189647,0.6646819426567637,0.6489949928189647,0.6646819426567637,0.6489949928189647,0.6646819426567637,0.6489949928189647,0.2456784722513696,0.22796215994149807,0.2456784722513696,0.22796215994149807,0.2456784722513696,0.22796215994149807,0.6646819426567637,0.6489949928189647,0.6646819426567637,0.6489949928189647,0.6646819426567637,0.6489949928189647
0.601,0.601,0.2123217359718252,0.601,0.602,0.602,0.1905962743024486,0.602,0.6606625255583546,0.6546183704275578,0.6606625255583546,0.6546183704275578,0.6606625255583546,0.6546183704275578,0.6606625255583546,0.6546183704275578,0.6606625255583546,0.6546183704275578,0.6606625255583546,0.6546183704275578,0.2503237700723116,0.2227688056119891,0.2503237700723116,0.2227688056119891,0.2503237700723116,0.2227688056119891,0.6606625255583546,0.6546183704275578,0.6606625255583546,0.6546183704275578,0.6606625255583546,0.6546183704275578
0.586,0.586,0.1846413209598385,0.586,0.61,0.61,0.2154527642214273,0.61,0.6431559163299113,0.6456938939439191,0.6431559163299113,0.6456938939439191,0.6431559163299113,0.6456938939439191,0.6431559163299113,0.6456938939439191,0.6431559163299113,0.6456938939439191,0.6431559163299113,0.6456938939439191,0.2323104445192379,0.20751796268055475,0.2323104445192379,0.20751796268055475,0.2323104445192379,0.20751796268055475,0.6431559163299113,0.6456938939439191,0.6431559163299113,0.6456938939439191,0.6431559163299113,0.6456938939439191
0.594,0.594,0.1892356049380742,0.594,0.603,0.603,0.1991252915022553,0.603,0.6491796870660348,0.6395243754147071,0.6491796870660348,0.6395243754147071,0.6491796870660348,0.6395243754147071,0.6491796870660348,0.6395243754147071,0.6491796870660348,0.6395243754147071,0.6491796870660348,0.6395243754147071,0.20842775061671645,0.21146077969893504,0.20842775061671645,0.21146077969893504,0.20842775061671645,0.21146077969893504,0.6491796870660348,0.6395243754147071,0.6491796870660348,0.6395243754147071,0.6491796870660348,0.6395243754147071
0.578,0.578,0.1248444628784737,0.578,0.622,0.622,0.2397211506357782,0.622,0.6335028416388023,0.6275737155459826,0.6335028416388023,0.6275737155459826,0.6335028416388023,0.6275737155459826,0.6335028416388023,0.6275737155459826,0.6335028416388023,0.6275737155459826,0.6335028416388023,0.6275737155459826,0.20931629607490088,0.15456505238295037,0.20931629607490088,0.15456505238295037,0.20931629607490088,0.15456505238295037,0.6335028416388023,0.6275737155459826,0.6335028416388023,0.6275737155459826,0.6335028416388023,0.6275737155459826
0.632,0.632,0.1530767708290181,0.632,0.623,0.623,0.2367308595584781,0.623,0.680540664997114,0.7025062112619863,0.680540664997114,0.7025062112619863,0.680540664997114,0.7025062112619863,0.680540664997114,0.7025062112619863,0.680540664997114,0.7025062112619863,0.680540664997114,0.7025062112619863,0.20880072139729028,0.16371456520201794,0.20880072139729028,0.16371456520201794,0.20880072139729028,0.16371456520201794,0.680540664997114,0.7025062112619863,0.680540664997114,0.7025062112619863,0.680540664997114,0.7025062112619863
0.683,0.683,0.131030701754386,0.683,0.622,0.622,0.2351615266014057,0.622,0.7566864829894965,0.745062454578579,0.7566864829894965,0.745062454578579,0.7566864829894965,0.745062454578579,0.7566864829894965,0.745062454578579,0.7566864829894965,0.745062454578579,0.7566864829894965,0.745062454578579,0.15871323927491965,0.12503256676455937,0.15871323927491965,0.12503256676455937,0.15871323927491965,0.12503256676455937,0.7566864829894965,0.745062454578579,0.7566864829894965,0.745062454578579,0.7566864829894965,0.745062454578579
0.751,0.751,0.0965166908563135,0.751,0.618,0.618,0.2282204622595766,0.618,0.7872226539202802,0.7951340180327229,0.7872226539202802,0.7951340180327229,0.7872226539202802,0.7951340180327229,0.7872226539202802,0.7951340180327229,0.7872226539202802,0.7951340180327229,0.7872226539202802,0.7951340180327229,0.06428417944417532,0.0783724255255896,0.06428417944417532,0.0783724255255896,0.06428417944417532,0.0783724255255896,0.7872226539202802,0.7951340180327229,0.7872226539202802,0.7951340180327229,0.7872226539202802,0.7951340180327229
0.795,0.795,-0.0193933366484335,0.795,0.601,0.601,0.2123217359718252,0.601,0.8074686144633177,0.8140836858898686,0.8074686144633177,0.8140836858898686,0.8074686144633177,0.8140836858898686,0.8074686144633177,0.8140836858898686,0.8074686144633177,0.8140836858898686,0.8074686144633177,0.8140836858898686,0.03750667908601197,0.051898864042113683,0.03750667908601197,0.051898864042113683,0.03750667908601197,0.051898864042113683,0.8074686144633177,0.8140836858898686,0.8074686144633177,0.8140836858898686,0.8074686144633177,0.8140836858898686
0.778,0.778,-0.0177883733724555,0.778,0.586,0.586,0.1846413209598385,0.586,0.80408238482187,0.7989757756385423,0.80408238482187,0.7989757756385423,0.80408238482187,0.7989757756385423,0.80408238482187,0.7989757756385423,0.80408238482187,0.7989757756385423,0.80408238482187,0.7989757756385423,0.05182700100957028,0.061941567443775075,0.05182700100957028,0.061941567443775075,0.05182700100957028,0.061941567443775075,0.80408238482187,0.7989757756385423,0.80408238482187,0.7989757756385423,0.80408238482187,0.7989757756385423
0.763,0.763,-0.0082017424448679,0.763,0.594,0.594,0.1892356049380742,0.594,0.7907695466156452,0.8051667699813829,0.7907695466156452,0.8051667699813829,0.7907695466156452,0.8051667699813829,0.7907695466156452,0.8051667699813829,0.7907695466156452,0.8051667699813829,0.7907695466156452,0.8051667699813829,0.051577550114956676,0.06056089074687609,0.051577550114956676,0.06056089074687609,0.051577550114956676,0.06056089074687609,0.7907695466156452,0.8051667699813829,0.7907695466156452,0.8051667699813829,0.7907695466156452,0.8051667699813829
0.737,0.737,-0.0078172900061312,0.737,0.578,0.578,0.1248444628784737,0.578,0.7966222868264335,0.8045239105313148,0.7966222868264335,0.8045239105313148,0.7966222868264335,0.8045239105313148,0.7966222868264335,0.8045239105313148,0.7966222868264335,0.8045239105313148,0.7966222868264335,0.8045239105313148,0.0565106527876655,0.055250418265246494,0.0565106527876655,0.055250418265246494,0.0565106527876655,0.055250418265246494,0.7966222868264335,0.8045239105313148,0.7966222868264335,0.8045239105313148,0.7966222868264335,0.8045239105313148
0.715,0.715,-0.0108677146586457,0.715,0.632,0.632,0.1530767708290181,0.632,0.7971093573789333,0.795163709920929,0.7971093573789333,0.795163709920929,0.7971093573789333,0.795163709920929,0.7971093573789333,0.795163709920929,0.7971093573789333,0.795163709920929,0.7971093573789333,0.795163709920929,0.06686631489948228,0.07536026674462803,0.06686631489948228,0.07536026674462803,0.06686631489948228,0.07536026674462803,0.7971093573789333,0.795163709920929,0.7971093573789333,0.795163709920929,0.7971093573789333,0.795163709920929
0.691,0.691,-0.0028560301181357,0.691,0.683,0.683,0.131030701754386,0.683,0.7857447459238643,0.7890968118942613,0.7857447459238643,0.7890968118942613,0.7857447459238643,0.7890968118942613,0.7857447459238643,0.7890968118942613,0.7857447459238643,0.7890968118942613,0.7857447459238643,0.7890968118942613,0.05998911209490203,0.06812384963511789,0.05998911209490203,0.06812384963511789,0.05998911209490203,0.06812384963511789,0.7857447459238643,0.7890968118942613,0.7857447459238643,0.7890968118942613,0.7857447459238643,0.7890968118942613
0.665,0.665,0.0056396556841792,0.665,0.751,0.751,0.0965166908563135,0.751,0.7812070081811193,0.7900872379211399,0.7812070081811193,0.7900872379211399,0.7812070081811193,0.7900872379211399,0.7812070081811193,0.7900872379211399,0.7812070081811193,0.7900872379211399,0.7812070081811193,0.7900872379211399,0.057324165442968124,0.0879982421182495,0.057324165442968124,0.0879982421182495,0.057324165442968124,0.0879982421182495,0.7812070081811193,0.7900872379211399,0.7812070081811193,0.7900872379211399,0.7812070081811193,0.7900872379211399
0.659,0.659,0.0183095347766006,0.659,0.795,0.795,-0.0193933366484335,0.795,0.7634685424681157,0.772304644308526,0.7634685424681157,0.772304644308526,0.7634685424681157,0.772304644308526,0.7634685424681157,0.772304644308526,0.7634685424681157,0.772304644308526,0.7634685424681157,0.772304644308526,0.042539197105931334,0.07161374135060124,0.042539197105931334,0.07161374135060124,0.042539197105931334,0.07161374135060124,0.7634685424681157,0.772304644308526,0.7634685424681157,0.772304644308526,0.7634685424681157,0.772304644308526
0.671,0.671,0.0334900117508812,0.671,0.778,0.778,-0.0177883733724555,0.778,0.7664914823447652,0.7656575859924601,0.7664914823447652,0.7656575859924601,0.7664914823447652,0.7656575859924601,0.7664914823447652,0.7656575859924601,0.7664914823447652,0.7656575859924601,0.7664914823447652,0.7656575859924601,0.05171152363033991,0.05534146082931639,0.05171152363033991,0.05534146082931639,0.05171152363033991,0.05534146082931639,0.7664914823447652,0.7656575859924601,0.7664914823447652,0.7656575859924601,0.7664914823447652,0.7656575859924601
0.65,0.65,0.0734858110969928,0.65,0.763,0.763,-0.0082017424448679,0.763,0.7101920466726558,0.7001681277269477,0.7101920466726558,0.7001681277269477,0.7101920466726558,0.7001681277269477,0.7101920466726558,0.7001681277269477,0.7101920466726558,0.7001681277269477,0.7101920466726558,0.7001681277269477,0.044036447388377926,0.08078431509511494,0.044036447388377926,0.08078431509511494,0.044036447388377926,0.08078431509511494,0.7101920466726558,0.7001681277269477,0.7101920466726558,0.7001681277269477,0.7101920466726558,0.7001681277269477
0.635,0.635,0.1065396402659329,0.635,0.737,0.737,-0.0078172900061312,0.737,0.672450586880314,0.7011258735515657,0.672450586880314,0.7011258735515657,0.672450586880314,0.7011258735515657,0.672450586880314,0.7011258735515657,0.672450586880314,0.7011258735515657,0.672450586880314,0.7011258735515657,0.05260454063913535,0.0754993609313388,0.05260454063913535,0.0754993609313388,0.05260454063913535,0.0754993609313388,0.672450586880314,0.7011258735515657,0.672450586880314,0.7011258735515657,0.672450586880314,0.7011258735515657
0.601,0.601,0.1230537948253581,0.601,0.715,0.715,-0.0108677146586457,0.715,0.6462543282843534,0.6471887629499111,0.6462543282843534,0.6471887629499111,0.6462543282843534,0.6471887629499111,0.6462543282843534,0.6471887629499111,0.6462543282843534,0.6471887629499111,0.6462543282843534,0.6471887629499111,0.06681074944166943,0.09418971101673734,0.06681074944166943,0.09418971101673734,0.06681074944166943,0.09418971101673734,0.6462543282843534,0.6471887629499111,0.6462543282843534,0.6471887629499111,0.6462543282843534,0.6471887629499111
0.585,0.585,0.1164121649818172,0.585,0.691,0.691,-0.0028560301181357,0.691,0.6182928802074162,0.6092117968081394,0.6182928802074162,0.6092117968081394,0.6182928802074162,0.6092117968081394,0.6182928802074162,0.6092117968081394,0.6182928802074162,0.6092117968081394,0.6182928802074162,0.6092117968081394,0.14349578602613466,0.13850472147542303,0.14349578602613466,0.13850472147542303,0.14349578602613466,0.13850472147542303,0.6182928802074162,0.6092117968081394,0.6182928802074162,0.6092117968081394,0.6182928802074162,0.6092117968081394
0.588,0.588,0.1520714565025005,0.588,0.665,0.665,0.0056396556841792,0.665,0.6056871148284294,0.6042189523616311,0.6056871148284294,0.6042189523616311,0.6056871148284294,0.6042189523616311,0.6056871148284294,0.6042189523616311,0.6056871148284294,0.6042189523616311,0.6056871148284294,0.6042189523616311,0.12596442288072593,0.15044733246024156,0.12596442288072593,0.15044733246024156,0.12596442288072593,0.15044733246024156,0.6056871148284294,0.6042189523616311,0.6056871148284294,0.6042189523616311,0.6056871148284294,0.6042189523616311
0.605,0.605,0.197480698902885,0.605,0.659,0.659,0.0183095347766006,0.659,0.5921042637338211,0.6020991682282625,0.5921042637338211,0.6020991682282625,0.5921042637338211,0.6020991682282625,0.5921042637338211,0.6020991682282625,0.5921042637338211,0.6020991682282625,0.5921042637338211,0.6020991682282625,0.15611786958793944,0.15129360296016664,0.15611786958793944,0.15129360296016664,0.15611786958793944,0.15129360296016664,0.5921042637338211,0.6020991682282625,0.5921042637338211,0.6020991682282625,0.5921042637338211,0.6020991682282625
0.613,0.613,0.2028245142791226,0.613,0.671,0.671,0.0334900117508812,0.671,0.5953285499831448,0.6070233982400477,0.5953285499831448,0.6070233982400477,0.5953285499831448,0.6070233982400477,0.5953285499831448,0.6070233982400477,0.5953285499831448,0.6070233982400477,0.5953285499831448,0.6070233982400477,0.1503641545267516,0.13609402191599768,0.1503641545267516,0.13609402191599768,0.1503641545267516,0.13609402191599768,0.5953285499831448,0.6070233982400477,0.5953285499831448,0.6070233982400477,0.5953285499831448,0.6070233982400477
0.617,0.617,0.2019370217873277,0.617,0.65,0.65,0.0734858110969928,0.65,0.6082015883321241,0.6237392538535934,0.6082015883321241,0.6237392538535934,0.6082015883321241,0.6237392538535934,0.6082015883321241,0.6237392538535934,0.6082015883321241,0.6237392538535934,0.6082015883321241,0.6237392538535934,0.17618826129633247,0.16097845130986171,0.17618826129633247,0.16097845130986171,0.17618826129633247,0.16097845130986171,0.6082015883321241,0.6237392538535934,0.6082015883321241,0.6237392538535934,0.6082015883321241,0.6237392538535934
0.614,0.614,0.2121323454371031,0.614,0.635,0.635,0.1065396402659329,0.635,0.6107155719510344,0.618708764636684,0.6107155719510344,0.618708764636684,0.6107155719510344,0.618708764636684,0.6107155719510344,0.618708764636684,0.6107155719510344,0.618708764636684,0.6107155719510344,0.618708764636684,0.18427841732057632,0.15900897142248932,0.18427841732057632,0.15900897142248932,0.18427841732057632,0.15900897142248932,0.6107155719510344,0.618708764636684,0.6107155719510344,0.618708764636684,0.6107155719510344,0.618708764636684
0.618,0.618,0.2226292226292225,0.618,0.601,0.601,0.1230537948253581,0.601,0.6085445349460282,0.6130042852793852,0.6085445349460282,0.6130042852793852,0.6085445349460282,0.6130042852793852,0.6085445349460282,0.6130042852793852,0.6085445349460282,0.6130042852793852,0.6085445349460282,0.6130042852793852,0.18720809758527074,0.15793706822188835,0.18720809758527074,0.15793706822188835,0.18720809758527074,0.15793706822188835,0.6085445349460282,0.6130042852793852,0.6085445349460282,0.6130042852793852,0.6085445349460282,0.6130042852793852
0.632,0.632,0.2475791677571316,0.632,0.585,0.585,0.1164121649818172,0.585,0.5965265270576059,0.5959967334267405,0.5965265270576059,0.5959967334267405,0.5965265270576059,0.5959967334267405,0.5965265270576059,0.5959967334267405,0.5965265270576059,0.5959967334267405,0.5965265270576059,0.5959967334267405,0.16251925889235816,0.13623562433730374,0.16251925889235816,0.13623562433730374,0.16251925889235816,0.13623562433730374,0.5965265270576059,0.5959967334267405,0.5965265270576059,0.5959967334267405,0.5965265270576059,0.5959967334267405
0.634,0.634,0.2370644909802679,0.634,0.588,0.588,0.1520714565025005,0.588,0.5926982685678431,0.5987915826304616,0.5926982685678431,0.5987915826304616,0.5926982685678431,0.5987915826304616,0.5926982685678431,0.5987915826304616,0.5926982685678431,0.5987915826304616,0.5926982685678431,0.5987915826304616,0.13011637771349885,0.14095492246312147,0.13011637771349885,0.14095492246312147,0.13011637771349885,0.14095492246312147,0.5926982685678431,0.5987915826304616,0.5926982685678431,0.5987915826304616,0.5926982685678431,0.5987915826304616
0.645,0.645,0.2621567470049799,0.645,0.605,0.605,0.197480698902885,0.605,0.6152337154892356,0.6072881803237831,0.6152337154892356,0.6072881803237831,0.6152337154892356,0.6072881803237831,0.6152337154892356,0.6072881803237831,0.6152337154892356,0.6072881803237831,0.6152337154892356,0.6072881803237831,0.1994261396148499,0.16964202180964727,0.1994261396148499,0.16964202180964727,0.1994261396148499,0.16964202180964727,0.6152337154892356,0.6072881803237831,0.6152337154892356,0.6072881803237831,0.6152337154892356,0.6072881803237831
0.623,0.623,0.226431819301039,0.623,0.613,0.613,0.2028245142791226,0.613,0.6209757627511027,0.6138120540779176,0.6209757627511027,0.6138120540779176,0.6209757627511027,0.6138120540779176,0.6209757627511027,0.6138120540779176,0.6209757627511027,0.6138120540779176,0.6209757627511027,0.6138120540779176,0.2158557526611533,0.1884199582767401,0.2158557526611533,0.1884199582767401,0.2158557526611533,0.1884199582767401,0.6209757627511027,0.6138120540779176,0.6209757627511027,0.6138120540779176,0.6209757627511027,0.6138120540779176
0.627,0.627,0.2351479260820709,0.627,0.617,0.617,0.2019370217873277,0.617,0.6047761154765685,0.6235984736077798,0.6047761154765685,0.6235984736077798,0.6047761154765685,0.6235984736077798,0.6047761154765685,0.6235984736077798,0.6047761154765685,0.6235984736077798,0.6047761154765685,0.6235984736077798,0.1869761684441451,0.1904630714793402,0.1869761684441451,0.1904630714793402,0.1869761684441451,0.1904630714793402,0.6047761154765685,0.6235984736077798,0.6047761154765685,0.6235984736077798,0.6047761154765685,0.6235984736077798
0.646,0.646,0.2774301005474385,0.646,0.614,0.614,0.2121323454371031,0.614,0.6033275462181884,0.599538298801775,0.6033275462181884,0.599538298801775,0.6033275462181884,0.599538298801775,0.6033275462181884,0.599538298801775,0.6033275462181884,0.599538298801775,0.6033275462181884,0.599538298801775,0.192411421507711,0.18692228566038604,0.192411421507711,0.18692228566038604,0.192411421507711,0.18692228566038604,0.6033275462181884,0.599538298801775,0.6033275462181884,0.599538298801775,0.6033275462181884,0.599538298801775
0.65,0.65,0.2786598737036487,0.65,0.618,0.618,0.2226292226292225,0.618,0.622594545137206,0.6284149400683288,0.622594545137206,0.6284149400683288,0.622594545137206,0.6284149400683288,0.622594545137206,0.6284149400683288,0.622594545137206,0.6284149400683288,0.622594545137206,0.6284149400683288,0.2007897778537875,0.1858914205208215,0.2007897778537875,0.1858914205208215,0.2007897778537875,0.1858914205208215,0.622594545137206,0.6284149400683288,0.622594545137206,0.6284149400683288,0.622594545137206,0.6284149400683288
0.634,0.634,0.2430760067502729,0.634,0.632,0.632,0.2475791677571316,0.632,0.6177000336993191,0.6167336388971799,0.6177000336993191,0.6167336388971799,0.6177000336993191,0.6167336388971799,0.6177000336993191,0.6167336388971799,0.6177000336993191,0.6167336388971799,0.6177000336993191,0.6167336388971799,0.20601343781350007,0.1869012055735293,0.20601343781350007,0.1869012055735293,0.20601343781350007,0.1869012055735293,0.6177000336993191,0.6167336388971799,0.6177000336993191,0.6167336388971799,0.6177000336993191,0.6167336388971799
0.627,0.627,0.2213723885706651,0.627,0.634,0.634,0.2370644909802679,0.634,0.623504612206902,0.6255645877290794,0.623504612206902,0.6255645877290794,0.623504612206902,0.6255645877290794,0.623504612206902,0.6255645877290794,0.623504612206902,0.6255645877290794,0.623504612206902,0.6255645877290794,0.21858235385197458,0.20723222750483472,0.21858235385197458,0.20723222750483472,0.21858235385197458,0.20723222750483472,0.623504612206902,0.6255645877290794,0.623504612206902,0.6255645877290794,0.623504612206902,0.6255645877290794
0.614,0.614,0.1944773702399038,0.614,0.645,0.645,0.2621567470049799,0.645,0.6105383474786185,0.6071498826798085,0.6105383474786185,0.6071498826798085,0.6105383474786185,0.6071498826798085,0.6105383474786185,0.6071498826798085,0.6105383474786185,0.6071498826798085,0.6105383474786185,0.6071498826798085,0.20593337774945625,0.19176902638910148,0.20593337774945625,0.19176902638910148,0.20593337774945625,0.19176902638910148,0.6105383474786185,0.6071498826798085,0.6105383474786185,0.6071498826798085,0.6105383474786185,0.6071498826798085
0.609,0.609,0.1935350801927265,0.609,0.623,0.623,0.226431819301039,0.623,0.6072190795084906,0.6182517265091314,0.6072190795084906,0.6182517265091314,0.6072190795084906,0.6182517265091314,0.6072190795084906,0.6182517265091314,0.6072190795084906,0.6182517265091314,0.6072190795084906,0.6182517265091314,0.19799965729185737,0.203429903328216,0.19799965729185737,0.203429903328216,0.19799965729185737,0.203429903328216,0.6072190795084906,0.6182517265091314,0.6072190795084906,0.6182517265091314,0.6072190795084906,0.6182517265091314
0.613,0.613,0.1970621187601146,0.613,0.627,0.627,0.2351479260820709,0.627,0.6141002696787046,0.6219456546452127,0.6141002696787046,0.6219456546452127,0.6141002696787046,0.6219456546452127,0.6141002696787046,0.6219456546452127,0.6141002696787046,0.6219456546452127,0.6141002696787046,0.6219456546452127,0.23055230079282374,0.23687170782448935,0.23055230079282374,0.23687170782448935,0.23055230079282374,0.23687170782448935,0.6141002696787046,0.6219456546452127,0.6141002696787046,0.6219456546452127,0.6141002696787046,0.6219456546452127
0.595,0.595,0.170890688590637,0.595,0.646,0.646,0.2774301005474385,0.646,0.6300283565778279,0.6272669069676845,0.6300283565778279,0.6272669069676845,0.6300283565778279,0.6272669069676845,0.6300283565778279,0.6272669069676845,0.6300283565778279,0.6272669069676845,0.6300283565778279,0.6272669069676845,0.22797611144742816,0.21059979067338586,0.22797611144742816,0.21059979067338586,0.22797611144742816,0.21059979067338586,0.6300283565778279,0.6272669069676845,0.6300283565778279,0.6272669069676845,0.6300283565778279,0.6272669069676845
0.595,0.595,0.1705918492729879,0.595,0.65,0.65,0.2786598737036487,0.65,0.6346870183020117,0.6303973237661252,0.6346870183020117,0.6303973237661252,0.6346870183020117,0.6303973237661252,0.6346870183020117,0.6303973237661252,0.6346870183020117,0.6303973237661252,0.6346870183020117,0.6303973237661252,0.247877558138792,0.24254150280432465,0.247877558138792,0.24254150280432465,0.247877558138792,0.24254150280432465,0.6346870183020117,0.6303973237661252,0.6346870183020117,0.6303973237661252,0.6346870183020117,0.6303973237661252
0.592,0.592,0.1610979747095713,0.592,0.634,0.634,0.2430760067502729,0.634,0.6194686114912953,0.6231623345165467,0.6194686114912953,0.6231623345165467,0.6194686114912953,0.6231623345165467,0.6194686114912953,0.6231623345165467,0.6194686114912953,0.6231623345165467,0.6194686114912953,0.6231623345165467,0.22102467234124654,0.2217905442703775,0.22102467234124654,0.2217905442703775,0.22102467234124654,0.2217905442703775,0.6194686114912953,0.6231623345165467,0.6194686114912953,0.6231623345165467,0.6194686114912953,0.6231623345165467
0.578,0.578,0.1358515138980468,0.578,0.627,0.627,0.2213723885706651,0.627,0.6122454616751296,0.6277638013474307,0.6122454616751296,0.6277638013474307,0.6122454616751296,0.6277638013474307,0.6122454616751296,0.6277638013474307,0.6122454616751296,0.6277638013474307,0.6122454616751296,0.6277638013474307,0.21551650274884493,0.24912696647016908,0.21551650274884493,0.24912696647016908,0.21551650274884493,0.24912696647016908,0.6122454616751296,0.6277638013474307,0.6122454616751296,0.6277638013474307,0.6122454616751296,0.6277638013474307
0.595,0.595,0.1691625979567554,0.595,0.614,0.614,0.1944773702399038,0.614,0.6199955501568312,0.6368132592318931,0.6199955501568312,0.6368132592318931,0.6199955501568312,0.6368132592318931,0.6199955501568312,0.6368132592318931,0.6199955501568312,0.6368132592318931,0.6199955501568312,0.6368132592318931,0.23175845970109693,0.24200078586485874,0.23175845970109693,0.24200078586485874,0.23175845970109693,0.24200078586485874,0.6199955501568312,0.6368132592318931,0.6199955501568312,0.6368132592318931,0.6199955501568312,0.6368132592318931
0.616,0.616,0.2084530616788215,0.616,0.609,0.609,0.1935350801927265,0.609,0.6167882709502261,0.639591990547879,0.6167882709502261,0.639591990547879,0.6167882709502261,0.639591990547879,0.6167882709502261,0.639591990547879,0.6167882709502261,0.639591990547879,0.6167882709502261,0.639591990547879,0.22731425423442733,0.250551022758125,0.22731425423442733,0.250551022758125,0.22731425423442733,0.250551022758125,0.6167882709502261,0.639591990547879,0.6167882709502261,0.639591990547879,0.6167882709502261,0.639591990547879
0.62,0.62,0.2178881333047931,0.62,0.613,0.613,0.1970621187601146,0.613,0.6365326552981557,0.625053667692056,0.6365326552981557,0.625053667692056,0.6365326552981557,0.625053667692056,0.6365326552981557,0.625053667692056,0.6365326552981557,0.625053667692056,0.6365326552981557,0.625053667692056,0.24579242970311627,0.24810377338146863,0.24579242970311627,0.24810377338146863,0.24579242970311627,0.24810377338146863,0.6365326552981557,0.625053667692056,0.6365326552981557,0.625053667692056,0.6365326552981557,0.625053667692056
0.614,0.614,0.2081336571916234,0.614,0.595,0.595,0.170890688590637,0.595,0.6249852639152481,0.6325109560762842,0.6249852639152481,0.6325109560762842,0.6249852639152481,0.6325109560762842,0.6249852639152481,0.6325109560762842,0.6249852639152481,0.6325109560762842,0.6249852639152481,0.6325109560762842,0.23291494130778376,0.2139244863963566,0.23291494130778376,0.2139244863963566,0.23291494130778376,0.2139244863963566,0.6249852639152481,0.6325109560762842,0.6249852639152481,0.6325109560762842,0.6249852639152481,0.6325109560762842
0.614,0.614,0.2124152734306456,0.614,0.595,0.595,0.1705918492729879,0.595,0.63724553748528,0.6357404588904145,0.63724553748528,0.6357404588904145,0.63724553748528,0.6357404588904145,0.63724553748528,0.6357404588904145,0.63724553748528,0.6357404588904145,0.63724553748528,0.6357404588904145,0.24494862219210117,0.2360144574198728,0.24494862219210117,0.2360144574198728,0.24494862219210117,0.2360144574198728,0.63724553748528,0.6357404588904145,0.63724553748528,0.6357404588904145,0.63724553748528,0.6357404588904145
0.601,0.601,0.1922292044571132,0.601,0.592,0.592,0.1610979747095713,0.592,0.6373814609521157,0.6335925834649778,0.6373814609521157,0.6335925834649778,0.6373814609521157,0.6335925834649778,0.6373814609521157,0.6335925834649778,0.6373814609521157,0.6335925834649778,0.6373814609521157,0.6335925834649778,0.245479897008237,0.2242510736799565,0.245479897008237,0.2242510736799565,0.245479897008237,0.2242510736799565,0.6373814609521157,0.6335925834649778,0.6373814609521157,0.6335925834649778,0.6373814609521157,0.6335925834649778
0.585,0.585,0.1584471626488433,0.585,0.578,0.578,0.1358515138980468,0.578,0.6322729435295172,0.6386684145375918,0.6322729435295172,0.6386684145375918,0.6322729435295172,0.6386684145375918,0.6322729435295172,0.6386684145375918,0.6322729435295172,0.6386684145375918,0.6322729435295172,0.6386684145375918,0.23703704549156338,0.2270243656265903,0.23703704549156338,0.2270243656265903,0.23703704549156338,0.2270243656265903,0.6322729435295172,0.6386684145375918,0.6322729435295172,0.6386684145375918,0.6322729435295172,0.6386684145375918
0.575,0.575,0.1367052610197033,0.575,0.595,0.595,0.1691625979567554,0.595,0.6405918299094067,0.6308055213561073,0.6405918299094067,0.6308055213561073,0.6405918299094067,0.6308055213561073,0.6405918299094067,0.6308055213561073,0.6405918299094067,0.6308055213561073,0.6405918299094067,0.6308055213561073,0.24050344152337844,0.23367961695315673,0.24050344152337844,0.23367961695315673,0.24050344152337844,0.23367961695315673,0.6405918299094067,0.6308055213561073,0.6405918299094067,0.6308055213561073,0.6405918299094067,0.6308055213561073
0.573,0.573,0.1354945295227605,0.573,0.616,0.616,0.2084530616788215,0.616,0.6476307718998142,0.6450976752632263,0.6476307718998142,0.6450976752632263,0.6476307718998142,0.6450976752632263,0.6476307718998142,0.6450976752632263,0.6476307718998142,0.6450976752632263,0.6476307718998142,0.6450976752632263,0.23978321087600768,0.23745117423122408,0.23978321087600768,0.23745117423122408,0.23978321087600768,0.23745117423122408,0.6476307718998142,0.6450976752632263,0.6476307718998142,0.6450976752632263,0.6476307718998142,0.6450976752632263
0.58,0.58,0.144069420045894,0.58,0.62,0.62,0.2178881333047931,0.62,0.6427123131803371,0.6347034005690155,0.6427123131803371,0.6347034005690155,0.6427123131803371,0.6347034005690155,0.6427123131803371,0.6347034005690155,0.6427123131803371,0.6347034005690155,0.6427123131803371,0.6347034005690155,0.24748494868747817,0.23052795006316293,0.24748494868747817,0.23052795006316293,0.24748494868747817,0.23052795006316293,0.6427123131803371,0.6347034005690155,0.6427123131803371,0.6347034005690155,0.6427123131803371,0.6347034005690155
0.563,0.563,0.1088034717916924,0.563,0.614,0.614,0.2081336571916234,0.614,0.6407836845144729,0.6465927000674754,0.6407836845144729,0.6465927000674754,0.6407836845144729,0.6465927000674754,0.6407836845144729,0.6465927000674754,0.6407836845144729,0.6465927000674754,0.6407836845144729,0.6465927000674754,0.24023956833754756,0.24335336391647078,0.24023956833754756,0.24335336391647078,0.24023956833754756,0.24335336391647078,0.6407836845144729,0.6465927000674754,0.6407836845144729,0.6465927000674754,0.6407836845144729,0.6465927000674754
0.549,0.549,0.0857193827490857,0.549,0.614,0.614,0.2124152734306456,0.614,0.6560899981130173,0.6415980467031954,0.6560899981130173,0.6415980467031954,0.6560899981130173,0.6415980467031954,0.6560899981130173,0.6415980467031954,0.6560899981130173,0.6415980467031954,0.6560899981130173,0.6415980467031954,0.2595085365156396,0.24488895240184314,0.2595085365156396,0.24488895240184314,0.2595085365156396,0.24488895240184314,0.6560899981130173,0.6415980467031954,0.6560899981130173,0.6415980467031954,0.6560899981130173,0.6415980467031954
0.553,0.553,0.0903911114728744,0.553,0.601,0.601,0.1922292044571132,0.601,0.6617114654898023,0.6586028735397185,0.6617114654898023,0.6586028735397185,0.6617114654898023,0.6586028735397185,0.6617114654898023,0.6586028735397185,0.6617114654898023,0.6586028735397185,0.6617114654898023,0.6586028735397185,0.2753151045163254,0.26637576481300734,0.2753151045163254,0.26637576481300734,0.2753151045163254,0.26637576481300734,0.6617114654898023,0.6586028735397185,0.6617114654898023,0.6586028735397185,0.6617114654898023,0.6586028735397185
0.553,0.553,0.0964366858833897,0.553,0.585,0.585,0.1584471626488433,0.585,0.631253297332416,0.6522665022400729,0.631253297332416,0.6522665022400729,0.631253297332416,0.6522665022400729,0.631253297332416,0.6522665022400729,0.631253297332416,0.6522665022400729,0.631253297332416,0.6522665022400729,0.2738287384920811,0.2714058271579891,0.2738287384920811,0.2714058271579891,0.2738287384920811,0.2714058271579891,0.631253297332416,0.6522665022400729,0.631253297332416,0.6522665022400729,0.631253297332416,0.6522665022400729
0.579,0.579,0.1503531786074672,0.579,0.575,0.575,0.1367052610197033,0.575,0.6475458409783159,0.6478703522561876,0.6475458409783159,0.6478703522561876,0.6475458409783159,0.6478703522561876,0.6475458409783159,0.6478703522561876,0.6475458409783159,0.6478703522561876,0.6475458409783159,0.6478703522561876,0.2767368009791122,0.27297702553859066,0.2767368009791122,0.27297702553859066,0.2767368009791122,0.27297702553859066,0.6475458409783159,0.6478703522561876,0.6475458409783159,0.6478703522561876,0.6475458409783159,0.6478703522561876
0.583,0.583,0.148785028414658,0.583,0.573,0.573,0.1354945295227605,0.573,0.6341393107837773,0.6480690036164587,0.6341393107837773,0.6480690036164587,0.6341393107837773,0.6480690036164587,0.6341393107837773,0.6480690036164587,0.6341393107837773,0.6480690036164587,0.6341393107837773,0.6480690036164587,0.2565328513879144,0.28247714355336917,0.2565328513879144,0.28247714355336917,0.2565328513879144,0.28247714355336917,0.6341393107837773,0.6480690036164587,0.6341393107837773,0.6480690036164587,0.6341393107837773,0.6480690036164587
0.611,0.611,0.1944702140348552,0.611,0.58,0.58,0.144069420045894,0.58,0.6582185657563466,0.6499997203324736,0.6582185657563466,0.6499997203324736,0.6582185657563466,0.6499997203324736,0.6582185657563466,0.6499997203324736,0.6582185657563466,0.6499997203324736,0.6582185657563466,0.6499997203324736,0.2762752485734416,0.2765969031884653,0.2762752485734416,0.2765969031884653,0.2762752485734416,0.2765969031884653,0.6582185657563466,0.6499997203324736,0.6582185657563466,0.6499997203324736,0.6582185657563466,0.6499997203324736
0.591,0.591,0.1505852446896002,0.591,0.563,0.563,0.1088034717916924,0.563,0.6592331430856846,0.6518593842648781,0.6592331430856846,0.6518593842648781,0.6592331430856846,0.6518593842648781,0.6592331430856846,0.6518593842648781,0.6592331430856846,0.6518593842648781,0.6592331430856846,0.6518593842648781,0.25563698909909827,0.2666618946384781,0.25563698909909827,0.2666618946384781,0.25563698909909827,0.2666618946384781,0.6592331430856846,0.6518593842648781,0.6592331430856846,0.6518593842648781,0.6592331430856846,0.6518593842648781
0.608,0.608,0.2005221080110948,0.608,0.549,0.549,0.0857193827490857,0.549,0.6665776235090555,0.6696249832903981,0.6665776235090555,0.6696249832903981,0.6665776235090555,0.6696249832903981,0.6665776235090555,0.6696249832903981,0.6665776235090555,0.6696249832903981,0.6665776235090555,0.6696249832903981,0.2804385687556171,0.27670309169520135,0.2804385687556171,0.27670309169520135,0.2804385687556171,0.27670309169520135,0.6665776235090555,0.6696249832903981,0.6665776235090555,0.6696249832903981,0.6665776235090555,0.6696249832903981
0.593,0.593,0.176686679721004,0.593,0.553,0.553,0.0903911114728744,0.553,0.6590738445873298,0.6551677128582729,0.6590738445873298,0.6551677128582729,0.6590738445873298,0.6551677128582729,0.6590738445873298,0.6551677128582729,0.6590738445873298,0.6551677128582729,0.6590738445873298,0.6551677128582729,0.2688421483715776,0.24447032959525064,0.2688421483715776,0.24447032959525064,0.2688421483715776,0.24447032959525064,0.6590738445873298,0.6551677128582729,0.6590738445873298,0.6551677128582729,0.6590738445873298,0.6551677128582729
0.591,0.591,0.1532091097308489,0.591,0.553,0.553,0.0964366858833897,0.553,0.6515265659035951,0.6483921712093235,0.6515265659035951,0.6483921712093235,0.6515265659035951,0.6483921712093235,0.6515265659035951,0.6483921712093235,0.6515265659035951,0.6483921712093235,0.6515265659035951,0.6483921712093235,0.24971183176324446,0.23874489752731015,0.24971183176324446,0.23874489752731015,0.24971183176324446,0.23874489752731015,0.6515265659035951,0.6483921712093235,0.6515265659035951,0.6483921712093235,0.6515265659035951,0.6483921712093235
0.601,0.601,0.1096691271633478,0.601,0.579,0.579,0.1503531786074672,0.579,0.6400328432027779,0.6267818469756036,0.6400328432027779,0.6267818469756036,0.6400328432027779,0.6267818469756036,0.6400328432027779,0.6267818469756036,0.6400328432027779,0.6267818469756036,0.6400328432027779,0.6267818469756036,0.23754859865572098,0.17403262039149398,0.23754859865572098,0.17403262039149398,0.23754859865572098,0.17403262039149398,0.6400328432027779,0.6267818469756036,0.6400328432027779,0.6267818469756036,0.6400328432027779,0.6267818469756036
0.658,0.658,0.0817115607681402,0.658,0.583,0.583,0.148785028414658,0.583,0.6819918692695961,0.6652695441526509,0.6819918692695961,0.6652695441526509,0.6819918692695961,0.6652695441526509,0.6819918692695961,0.6652695441526509,0.6819918692695961,0.6652695441526509,0.6819918692695961,0.6652695441526509,0.17811756592668304,0.1893799960057126,0.17811756592668304,0.1893799960057126,0.17811756592668304,0.1893799960057126,0.6819918692695961,0.6652695441526509,0.6819918692695961,0.6652695441526509,0.6819918692695961,0.6652695441526509
0.734,0.734,0.0747632994079877,0.734,0.611,0.611,0.1944702140348552,0.611,0.7612337080701982,0.7522143862056485,0.7612337080701982,0.7522143862056485,0.7612337080701982,0.7522143862056485,0.7612337080701982,0.7522143862056485,0.7612337080701982,0.7522143862056485,0.7612337080701982,0.7522143862056485,0.15160049494373487,0.15108409893872915,0.15160049494373487,0.15108409893872915,0.15160049494373487,0.15108409893872915,0.7612337080701982,0.7522143862056485,0.7612337080701982,0.7522143862056485,0.7612337080701982,0.7522143862056485
0.824,0.824,0.098656178302196,0.824,0.591,0.591,0.1505852446896002,0.591,0.7892876361396037,0.7957673800885836,0.7892876361396037,0.7957673800885836,0.7892876361396037,0.7957673800885836,0.7892876361396037,0.7957673800885836,0.7892876361396037,0.7957673800885836,0.7892876361396037,0.7957673800885836,0.06765070398312688,0.06485278609104157,0.06765070398312688,0.06485278609104157,0.06765070398312688,0.06485278609104157,0.7892876361396037,0.7957673800885836,0.7892876361396037,0.7957673800885836,0.7892876361396037,0.7957673800885836
0.854,0.854,-0.0052327182594325,0.854,0.608,0.608,0.2005221080110948,0.608,0.807373129827156,0.8013709359273892,0.807373129827156,0.8013709359273892,0.807373129827156,0.8013709359273892,0.807373129827156,0.8013709359273892,0.807373129827156,0.8013709359273892,0.807373129827156,0.8013709359273892,0.039735568426362285,0.0448490727530706,0.039735568426362285,0.0448490727530706,0.039735568426362285,0.0448490727530706,0.807373129827156,0.8013709359273892,0.807373129827156,0.8013709359273892,0.807373129827156,0.8013709359273892
0.835,0.835,-0.0157596651071165,0.835,0.593,0.593,0.176686679721004,0.593,0.7993472958724651,0.8012271957983541,0.7993472958724651,0.8012271957983541,0.7993472958724651,0.8012271957983541,0.7993472958724651,0.8012271957983541,0.7993472958724651,0.8012271957983541,0.7993472958724651,0.8012271957983541,0.059617241774264806,0.06463496758385548,0.059617241774264806,0.06463496758385548,0.059617241774264806,0.06463496758385548,0.7993472958724651,0.8012271957983541,0.7993472958724651,0.8012271957983541,0.7993472958724651,0.8012271957983541
0.82,0.82,-0.0094099438095132,0.82,0.591,0.591,0.1532091097308489,0.591,0.7931048786278028,0.8015492800934398,0.7931048786278028,0.8015492800934398,0.7931048786278028,0.8015492800934398,0.7931048786278028,0.8015492800934398,0.7931048786278028,0.8015492800934398,0.7931048786278028,0.8015492800934398,0.05545214813197941,0.06370080430807468,0.05545214813197941,0.06370080430807468,0.05545214813197941,0.06370080430807468,0.7931048786278028,0.8015492800934398,0.7931048786278028,0.8015492800934398,0.7931048786278028,0.8015492800934398
0.811,0.811,-0.0102197896177198,0.811,0.601,0.601,0.1096691271633478,0.601,0.7980527166274262,0.7941497068193827,0.7980527166274262,0.7941497068193827,0.7980527166274262,0.7941497068193827,0.7980527166274262,0.7941497068193827,0.7980527166274262,0.7941497068193827,0.7980527166274262,0.7941497068193827,0.05470025219637755,0.07243822292876105,0.05470025219637755,0.07243822292876105,0.05470025219637755,0.07243822292876105,0.7980527166274262,0.7941497068193827,0.7980527166274262,0.7941497068193827,0.7980527166274262,0.7941497068193827
0.81,0.81,-0.009575022051244,0.81,0.658,0.658,0.0817115607681402,0.658,0.786313298438784,0.7948637744838015,0.786313298438784,0.7948637744838015,0.786313298438784,0.7948637744838015,0.786313298438784,0.7948637744838015,0.786313298438784,0.7948637744838015,0.786313298438784,0.7948637744838015,0.05863547903315378,0.06434468724028847,0.05863547903315378,0.06434468724028847,0.05863547903315378,0.06434468724028847,0.786313298438784,0.7948637744838015,0.786313298438784,0.7948637744838015,0.786313298438784,0.7948637744838015
0.795,0.795,0.0098149078403337,0.795,0.734,0.734,0.0747632994079877,0.734,0.7791933242523486,0.7883491807758101,0.7791933242523486,0.7883491807758101,0.7791933242523486,0.7883491807758101,0.7791933242523486,0.7883491807758101,0.7791933242523486,0.7883491807758101,0.7791933242523486,0.7883491807758101,0.06304415408596391,0.07587102959044979,0.06304415408596391,0.07587102959044979,0.06304415408596391,0.07587102959044979,0.7791933242523486,0.7883491807758101,0.7791933242523486,0.7883491807758101,0.7791933242523486,0.7883491807758101
0.787,0.787,0.0116743072440098,0.787,0.824,0.824,0.098656178302196,0.824,0.7797702849720571,0.7914763973310611,0.7797702849720571,0.7914763973310611,0.7797702849720571,0.7914763973310611,0.7797702849720571,0.7914763973310611,0.7797702849720571,0.7914763973310611,0.7797702849720571,0.7914763973310611,0.06003889545438267,0.0969671686965064,0.06003889545438267,0.0969671686965064,0.06003889545438267,0.0969671686965064,0.7797702849720571,0.7914763973310611,0.7797702849720571,0.7914763973310611,0.7797702849720571,0.7914763973310611
0.784,0.784,0.0219517496196479,0.784,0.854,0.854,-0.0052327182594325,0.854,0.7601605204397176,0.7578695288450898,0.7601605204397176,0.7578695288450898,0.7601605204397176,0.7578695288450898,0.7601605204397176,0.7578695288450898,0.7601605204397176,0.7578695288450898,0.7601605204397176,0.7578695288450898,0.05079908165450781,0.06316579832252604,0.05079908165450781,0.06316579832252604,0.05079908165450781,0.06316579832252604,0.7601605204397176,0.7578695288450898,0.7601605204397176,0.7578695288450898,0.7601605204397176,0.7578695288450898
0.751,0.751,0.0550714957952579,0.751,0.835,0.835,-0.0157596651071165,0.835,0.7169700804252364,0.7016619574128885,0.7169700804252364,0.7016619574128885,0.7169700804252364,0.7016619574128885,0.7169700804252364,0.7016619574128885,0.7169700804252364,0.7016619574128885,0.7169700804252364,0.7016619574128885,0.041407086103686874,0.07605260036600543,0.041407086103686874,0.07605260036600543,0.041407086103686874,0.07605260036600543,0.7169700804252364,0.7016619574128885,0.7169700804252364,0.7016619574128885,0.7169700804252364,0.7016619574128885
0.717,0.717,0.1083019295968138,0.717,0.82,0.82,-0.0094099438095132,0.82,0.6994000597858411,0.6942265027972694,0.6994000597858411,0.6942265027972694,0.6994000597858411,0.6942265027972694,0.6994000597858411,0.6942265027972694,0.6994000597858411,0.6942265027972694,0.6994000597858411,0.6942265027972694,0.042750669196442145,0.06819176334559147,0.042750669196442145,0.06819176334559147,0.042750669196442145,0.06819176334559147,0.6994000597858411,0.6942265027972694,0.6994000597858411,0.6942265027972694,0.6994000597858411,0.6942265027972694
0.665,0.665,0.1130714732015207,0.665,0.811,0.811,-0.0102197896177198,0.811,0.6458105989991764,0.6453225967106349,0.6458105989991764,0.6453225967106349,0.6458105989991764,0.6453225967106349,0.6458105989991764,0.6453225967106349,0.6458105989991764,0.6453225967106349,0.6458105989991764,0.6453225967106349,0.04718125403923122,0.08270079278384843,0.04718125403923122,0.08270079278384843,0.04718125403923122,0.08270079278384843,0.6458105989991764,0.6453225967106349,0.6458105989991764,0.6453225967106349,0.6458105989991764,0.6453225967106349
0.621,0.621,0.1244767651380046,0.621,0.81,0.81,-0.009575022051244,0.81,0.630434525102776,0.6196076340952769,0.630434525102776,0.6196076340952769,0.630434525102776,0.6196076340952769,0.630434525102776,0.6196076340952769,0.630434525102776,0.6196076340952769,0.630434525102776,0.6196076340952769,0.11691126244991755,0.1397621626020474,0.11691126244991755,0.1397621626020474,0.11691126244991755,0.1397621626020474,0.630434525102776,0.6196076340952769,0.630434525102776,0.6196076340952769,0.630434525102776,0.6196076340952769
0.579,0.579,0.0907677289494371,0.579,0.795,0.795,0.0098149078403337,0.795,0.5987070277175995,0.6097563091721022,0.5987070277175995,0.6097563091721022,0.5987070277175995,0.6097563091721022,0.5987070277175995,0.6097563091721022,0.5987070277175995,0.6097563091721022,0.5987070277175995,0.6097563091721022,0.12103530100443484,0.137994574914461,0.12103530100443484,0.137994574914461,0.12103530100443484,0.137994574914461,0.5987070277175995,0.6097563091721022,0.5987070277175995,0.6097563091721022,0.5987070277175995,0.6097563091721022
0.565,0.565,0.089630578367111,0.565,0.787,0.787,0.0116743072440098,0.787,0.5945090337404224,0.6024090678378692,0.5945090337404224,0.6024090678378692,0.5945090337404224,0.6024090678378692,0.5945090337404224,0.6024090678378692,0.5945090337404224,0.6024090678378692,0.5945090337404224,0.6024090678378692,0.16030288031249895,0.14642544658242856,0.16030288031249895,0.14642544658242856,0.16030288031249895,0.14642544658242856,0.5945090337404224,0.6024090678378692,0.5945090337404224,0.6024090678378692,0.5945090337404224,0.6024090678378692
0.577,0.577,0.0777482230846378,0.577,0.784,0.784,0.0219517496196479,0.784,0.6145168416641824,0.6274305157532363,0.6145168416641824,0.6274305157532363,0.6145168416641824,0.6274305157532363,0.6145168416641824,0.6274305157532363,0.6145168416641824,0.6274305157532363,0.6145168416641824,0.6274305157532363,0.18247751240748364,0.1969502740511522,0.18247751240748364,0.1969502740511522,0.18247751240748364,0.1969502740511522,0.6145168416641824,0.6274305157532363,0.6145168416641824,0.6274305157532363,0.6145168416641824,0.6274305157532363
0.614,0.614,0.1152592565427264,0.614,0.751,0.751,0.0550714957952579,0.751,0.6282935236312329,0.6312523528404456,0.6282935236312329,0.6312523528404456,0.6282935236312329,0.6312523528404456,0.6282935236312329,0.6312523528404456,0.6282935236312329,0.6312523528404456,0.6282935236312329,0.6312523528404456,0.17834481191547874,0.18958224709916435,0.17834481191547874,0.18958224709916435,0.17834481191547874,0.18958224709916435,0.6282935236312329,0.6312523528404456,0.6282935236312329,0.6312523528404456,0.6282935236312329,0.6312523528404456
0.607,0.607,0.1465353243165768,0.607,0.717,0.717,0.1083019295968138,0.717,0.6401332391326294,0.646147170672743,0.6401332391326294,0.646147170672743,0.6401332391326294,0.646147170672743,0.6401332391326294,0.646147170672743,0.6401332391326294,0.646147170672743,0.6401332391326294,0.646147170672743,0.22590480914481756,0.20190385485692908,0.22590480914481756,0.20190385485692908,0.22590480914481756,0.20190385485692908,0.6401332391326294,0.646147170672743,0.6401332391326294,0.646147170672743,0.6401332391326294,0.646147170672743
0.596,0.596,0.1224106770471291,0.596,0.665,0.665,0.1130714732015207,0.665,0.6350463053049877,0.6441521315792447,0.6350463053049877,0.6441521315792447,0.6350463053049877,0.6441521315792447,0.6350463053049877,0.6441521315792447,0.6350463053049877,0.6441521315792447,0.6350463053049877,0.6441521315792447,0.22225498968723933,0.2083236566022178,0.22225498968723933,0.2083236566022178,0.22225498968723933,0.2083236566022178,0.6350463053049877,0.6441521315792447,0.6350463053049877,0.6441521315792447,0.6350463053049877,0.6441521315792447
0.61,0.61,0.1539946636586476,0.61,0.621,0.621,0.1244767651380046,0.621,0.6516609684339837,0.6545590687992362,0.6516609684339837,0.6545590687992362,0.6516609684339837,0.6545590687992362,0.6516609684339837,0.6545590687992362,0.6516609684339837,0.6545590687992362,0.6516609684339837,0.6545590687992362,0.2270066448094751,0.23021259881832765,0.2270066448094751,0.23021259881832765,0.2270066448094751,0.23021259881832765,0.6516609684339837,0.6545590687992362,0.6516609684339837,0.6545590687992362,0.6516609684339837,0.6545590687992362
0.604,0.604,0.1174425446181824,0.604,0.579,0.579,0.0907677289494371,0.579,0.654127691000204,0.6629140078488651,0.654127691000204,0.6629140078488651,0.654127691000204,0.6629140078488651,0.654127691000204,0.6629140078488651,0.654127691000204,0.6629140078488651,0.654127691000204,0.6629140078488651,0.21819650653878267,0.23527129725091814,0.21819650653878267,0.23527129725091814,0.21819650653878267,0.23527129725091814,0.654127691000204,0.6629140078488651,0.654127691000204,0.6629140078488651,0.654127691000204,0.6629140078488651
0.606,0.606,0.1334717432613132,0.606,0.565,0.565,0.089630578367111,0.565,0.6486252144394676,0.6533174376474432,0.6486252144394676,0.6533174376474432,0.6486252144394676,0.6533174376474432,0.6486252144394676,0.6533174376474432,0.6486252144394676,0.6533174376474432,0.6486252144394676,0.6533174376474432,0.2425187368862117,0.2274850269348199,0.2425187368862117,0.2274850269348199,0.2425187368862117,0.2274850269348199,0.6486252144394676,0.6533174376474432,0.6486252144394676,0.6533174376474432,0.6486252144394676,0.6533174376474432
0.595,0.595,0.1192741949513751,0.595,0.577,0.577,0.0777482230846378,0.577,0.6495974477422789,0.6548589376947446,0.6495974477422789,0.6548589376947446,0.6495974477422789,0.6548589376947446,0.6495974477422789,0.6548589376947446,0.6495974477422789,0.6548589376947446,0.6495974477422789,0.6548589376947446,0.23531595949706213,0.22555821194789635,0.23531595949706213,0.22555821194789635,0.23531595949706213,0.22555821194789635,0.6495974477422789,0.6548589376947446,0.6495974477422789,0.6548589376947446,0.6495974477422789,0.6548589376947446
0.592,0.592,0.1185430034350897,0.592,0.614,0.614,0.1152592565427264,0.614,0.6477298929522846,0.6522085547302079,0.6477298929522846,0.6522085547302079,0.6477298929522846,0.6522085547302079,0.6477298929522846,0.6522085547302079,0.6477298929522846,0.6522085547302079,0.6477298929522846,0.6522085547302079,0.2106860153672391,0.24279910582183117,0.2106860153672391,0.24279910582183117,0.2106860153672391,0.24279910582183117,0.6477298929522846,0.6522085547302079,0.6477298929522846,0.6522085547302079,0.6477298929522846,0.6522085547302079
0.599,0.599,0.1259427176424429,0.599,0.607,0.607,0.1465353243165768,0.607,0.6574971880899024,0.6552412912035938,0.6574971880899024,0.6552412912035938,0.6574971880899024,0.6552412912035938,0.6574971880899024,0.6552412912035938,0.6574971880899024,0.6552412912035938,0.6574971880899024,0.6552412912035938,0.25866106731243593,0.2493015972189321,0.25866106731243593,0.2493015972189321,0.25866106731243593,0.2493015972189321,0.6574971880899024,0.6552412912035938,0.6574971880899024,0.6552412912035938,0.6574971880899024,0.6552412912035938
0.585,0.585,0.0994705320718688,0.585,0.596,0.596,0.1224106770471291,0.596,0.6510396820980356,0.6614490879746824,0.6510396820980356,0.6614490879746824,0.6510396820980356,0.6614490879746824,0.6510396820980356,0.6614490879746824,0.6510396820980356,0.6614490879746824,0.6510396820980356,0.6614490879746824,0.2362338999493991,0.224846954614975,0.2362338999493991,0.224846954614975,0.2362338999493991,0.224846954614975,0.6510396820980356,0.6614490879746824,0.6510396820980356,0.6614490879746824,0.6510396820980356,0.6614490879746824
0.596,0.596,0.1270489500818932,0.596,0.61,0.61,0.1539946636586476,0.61,0.6417283403619785,0.6440888772255184,0.6417283403619785,0.6440888772255184,0.6417283403619785,0.6440888772255184,0.6417283403619785,0.6440888772255184,0.6417283403619785,0.6440888772255184,0.6417283403619785,0.6440888772255184,0.2215763094693664,0.21436025985923857,0.2215763094693664,0.21436025985923857,0.2215763094693664,0.21436025985923857,0.6417283403619785,0.6440888772255184,0.6417283403619785,0.6440888772255184,0.6417283403619785,0.6440888772255184
0.592,0.592,0.1101961057994277,0.592,0.604,0.604,0.1174425446181824,0.604,0.6407006001941051,0.6466579262242435,0.6407006001941051,0.6466579262242435,0.6407006001941051,0.6466579262242435,0.6407006001941051,0.6466579262242435,0.6407006001941051,0.6466579262242435,0.6407006001941051,0.6466579262242435,0.22321197436877654,0.19639806632253595,0.22321197436877654,0.19639806632253595,0.22321197436877654,0.19639806632253595,0.6407006001941051,0.6466579262242435,0.6407006001941051,0.6466579262242435,0.6407006001941051,0.6466579262242435
0.603,0.603,0.13625050040903,0.603,0.606,0.606,0.1334717432613132,0.606,0.6252309512691607,0.628341894588353,0.6252309512691607,0.628341894588353,0.6252309512691607,0.628341894588353,0.6252309512691607,0.628341894588353,0.6252309512691607,0.628341894588353,0.6252309512691607,0.628341894588353,0.17726930620640677,0.18532763594338572,0.17726930620640677,0.18532763594338572,0.17726930620640677,0.18532763594338572,0.6252309512691607,0.628341894588353,0.6252309512691607,0.628341894588353,0.6252309512691607,0.628341894588353
0.609,0.609,0.1397291136789672,0.609,0.595,0.595,0.1192741949513751,0.595,0.6266493311981383,0.6168618549381113,0.6266493311981383,0.6168618549381113,0.6266493311981383,0.6168618549381113,0.6266493311981383,0.6168618549381113,0.6266493311981383,0.6168618549381113,0.6266493311981383,0.6168618549381113,0.20891248976113413,0.213311163718137,0.20891248976113413,0.213311163718137,0.20891248976113413,0.213311163718137,0.6266493311981383,0.6168618549381113,0.6266493311981383,0.6168618549381113,0.6266493311981383,0.6168618549381113
0.604,0.604,0.1330087224577012,0.604,0.592,0.592,0.1185430034350897,0.592,0.6111831889680147,0.6088221602570847,0.6111831889680147,0.6088221602570847,0.6111831889680147,0.6088221602570847,0.6111831889680147,0.6088221602570847,0.6111831889680147,0.6088221602570847,0.6111831889680147,0.6088221602570847,0.17049060128200969,0.19202288191425657,0.17049060128200969,0.19202288191425657,0.17049060128200969,0.19202288191425657,0.6111831889680147,0.6088221602570847,0.6111831889680147,0.6088221602570847,0.6111831889680147,0.6088221602570847
0.589,0.589,0.1131308423314948,0.589,0.599,0.599,0.1259427176424429,0.599,0.6269906788656139,0.6176717537609461,0.6269906788656139,0.6176717537609461,0.6269906788656139,0.6176717537609461,0.6269906788656139,0.6176717537609461,0.6269906788656139,0.6176717537609461,0.6269906788656139,0.6176717537609461,0.1736881285087662,0.1825176609785632,0.1736881285087662,0.1825176609785632,0.1736881285087662,0.1825176609785632,0.6269906788656139,0.6176717537609461,0.6269906788656139,0.6176717537609461,0.6269906788656139,0.6176717537609461
0.586,0.586,0.1100027946772147,0.586,0.585,0.585,0.0994705320718688,0.585,0.6251156500308506,0.6177429031582622,0.6251156500308506,0.6177429031582622,0.6251156500308506,0.6177429031582622,0.6251156500308506,0.6177429031582622,0.6251156500308506,0.6177429031582622,0.6251156500308506,0.6177429031582622,0.183485071350995,0.1721492269914255,0.183485071350995,0.1721492269914255,0.183485071350995,0.1721492269914255,0.6251156500308506,0.6177429031582622,0.6251156500308506,0.6177429031582622,0.6251156500308506,0.6177429031582622
0.582,0.582,0.0947090290862625,0.582,0.596,0.596,0.1270489500818932,0.596,0.6191051554968884,0.6200962346648745,0.6191051554968884,0.6200962346648745,0.6191051554968884,0.6200962346648745,0.6191051554968884,0.6200962346648745,0.6191051554968884,0.6200962346648745,0.6191051554968884,0.6200962346648745,0.18314844650621284,0.15526727143291358,0.18314844650621284,0.15526727143291358,0.18314844650621284,0.15526727143291358,0.6191051554968884,0.6200962346648745,0.6191051554968884,0.6200962346648745,0.6191051554968884,0.6200962346648745
0.594,0.594,0.1082214949370702,0.594,0.592,0.592,0.1101961057994277,0.592,0.6294206744516081,0.6168742445515087,0.6294206744516081,0.6168742445515087,0.6294206744516081,0.6168742445515087,0.6294206744516081,0.6168742445515087,0.6294206744516081,0.6168742445515087,0.6294206744516081,0.6168742445515087,0.1947321651223758,0.17025990202599398,0.1947321651223758,0.17025990202599398,0.1947321651223758,0.17025990202599398,0.6294206744516081,0.6168742445515087,0.6294206744516081,0.6168742445515087,0.6294206744516081,0.6168742445515087
0.607,0.607,0.1308386411889596,0.607,0.603,0.603,0.13625050040903,0.603,0.6269974876772413,0.6296136750826699,0.6269974876772413,0.6296136750826699,0.6269974876772413,0.6296136750826699,0.6269974876772413,0.6296136750826699,0.6269974876772413,0.6296136750826699,0.6269974876772413,0.6296136750826699,0.22184461385930898,0.21042370338599145,0.22184461385930898,0.21042370338599145,0.22184461385930898,0.21042370338599145,0.6269974876772413,0.6296136750826699,0.6269974876772413,0.6296136750826699,0.6269974876772413,0.6296136750826699
0.62,0.62,0.1610738255033558,0.62,0.609,0.609,0.1397291136789672,0.609,0.6346969646757533,0.6284091974932269,0.6346969646757533,0.6284091974932269,0.6346969646757533,0.6284091974932269,0.6346969646757533,0.6284091974932269,0.6346969646757533,0.6284091974932269,0.6346969646757533,0.6284091974932269,0.19718217451521353,0.19346901874091507,0.19718217451521353,0.19346901874091507,0.19718217451521353,0.19346901874091507,0.6346969646757533,0.6284091974932269,0.6346969646757533,0.6284091974932269,0.6346969646757533,0.6284091974932269
0.614,0.614,0.14079020589872,0.614,0.604,0.604,0.1330087224577012,0.604,0.6231880515539183,0.6365422169051178,0.6231880515539183,0.6365422169051178,0.6231880515539183,0.6365422169051178,0.6231880515539183,0.6365422169051178,0.6231880515539183,0.6365422169051178,0.6231880515539183,0.6365422169051178,0.20245936760850708,0.21231136020614666,0.20245936760850708,0.21231136020614666,0.20245936760850708,0.21231136020614666,0.6231880515539183,0.6365422169051178,0.6231880515539183,0.6365422169051178,0.6231880515539183,0.6365422169051178
0.585,0.585,0.1020658975446371,0.585,0.589,0.589,0.1131308423314948,0.589,0.6193858422074436,0.6248813193297577,0.6193858422074436,0.6248813193297577,0.6193858422074436,0.6248813193297577,0.6193858422074436,0.6248813193297577,0.6193858422074436,0.6248813193297577,0.6193858422074436,0.6248813193297577,0.2090693801319783,0.2107877080907357,0.2090693801319783,0.2107877080907357,0.2090693801319783,0.2107877080907357,0.6193858422074436,0.6248813193297577,0.6193858422074436,0.6248813193297577,0.6193858422074436,0.6248813193297577
0.59,0.59,0.1129189294446008,0.59,0.586,0.586,0.1100027946772147,0.586,0.618075869753501,0.6283059112798853,0.618075869753501,0.6283059112798853,0.618075869753501,0.6283059112798853,0.618075869753501,0.6283059112798853,0.618075869753501,0.6283059112798853,0.618075869753501,0.6283059112798853,0.20444102424918043,0.20003126570697904,0.20444102424918043,0.20003126570697904,0.20444102424918043,0.20003126570697904,0.618075869753501,0.6283059112798853,0.618075869753501,0.6283059112798853,0.618075869753501,0.6283059112798853
0.604,0.604,0.131011055470461,0.604,0.582,0.582,0.0947090290862625,0.582,0.6135241801966357,0.6153571508673723,0.6135241801966357,0.6153571508673723,0.6135241801966357,0.6153571508673723,0.6135241801966357,0.6153571508673723,0.6135241801966357,0.6153571508673723,0.6135241801966357,0.6153571508673723,0.18822157340750098,0.19863390600577763,0.18822157340750098,0.19863390600577763,0.18822157340750098,0.19863390600577763,0.6135241801966357,0.6153571508673723,0.6135241801966357,0.6153571508673723,0.6135241801966357,0.6153571508673723
0.606,0.606,0.1338260705162309,0.606,0.594,0.594,0.1082214949370702,0.594,0.631177388894568,0.622421600392121,0.631177388894568,0.622421600392121,0.631177388894568,0.622421600392121,0.631177388894568,0.622421600392121,0.631177388894568,0.622421600392121,0.631177388894568,0.622421600392121,0.1645240555115883,0.18671617023564135,0.1645240555115883,0.18671617023564135,0.1645240555115883,0.18671617023564135,0.631177388894568,0.622421600392121,0.631177388894568,0.622421600392121,0.631177388894568,0.622421600392121
0.607,0.607,0.1430216228946242,0.607,0.607,0.607,0.1308386411889596,0.607,0.6240349862160998,0.6234936551768506,0.6240349862160998,0.6234936551768506,0.6240349862160998,0.6234936551768506,0.6240349862160998,0.6234936551768506,0.6240349862160998,0.6234936551768506,0.6240349862160998,0.6234936551768506,0.1519807110814408,0.17029479200441822,0.1519807110814408,0.17029479200441822,0.1519807110814408,0.17029479200441822,0.6240349862160998,0.6234936551768506,0.6240349862160998,0.6234936551768506,0.6240349862160998,0.6234936551768506
0.615,0.615,0.1613735177004642,0.615,0.62,0.62,0.1610738255033558,0.62,0.609503454824744,0.6148774300400798,0.609503454824744,0.6148774300400798,0.609503454824744,0.6148774300400798,0.609503454824744,0.6148774300400798,0.609503454824744,0.6148774300400798,0.609503454824744,0.6148774300400798,0.16236883652656922,0.16880281233751496,0.16236883652656922,0.16880281233751496,0.16236883652656922,0.16880281233751496,0.609503454824744,0.6148774300400798,0.609503454824744,0.6148774300400798,0.609503454824744,0.6148774300400798
0.597,0.597,0.140578350251642,0.597,0.614,0.614,0.14079020589872,0.614,0.5988858836877753,0.608591942909938,0.5988858836877753,0.608591942909938,0.5988858836877753,0.608591942909938,0.5988858836877753,0.608591942909938,0.5988858836877753,0.608591942909938,0.5988858836877753,0.608591942909938,0.14914181082698322,0.1606467240898666,0.14914181082698322,0.1606467240898666,0.14914181082698322,0.1606467240898666,0.5988858836877753,0.608591942909938,0.5988858836877753,0.608591942909938,0.5988858836877753,0.608591942909938
0.604,0.604,0.1529955296986289,0.604,0.585,0.585,0.1020658975446371,0.585,0.5882487182221305,0.5996739452014429,0.5882487182221305,0.5996739452014429,0.5882487182221305,0.5996739452014429,0.5882487182221305,0.5996739452014429,0.5882487182221305,0.5996739452014429,0.5882487182221305,0.5996739452014429,0.13758164395569236,0.1300848017793345,0.13758164395569236,0.1300848017793345,0.13758164395569236,0.1300848017793345,0.5882487182221305,0.5996739452014429,0.5882487182221305,0.5996739452014429,0.5882487182221305,0.5996739452014429
0.605,0.605,0.1532109383709063,0.605,0.59,0.59,0.1129189294446008,0.59,0.5903293675241067,0.6084209484278003,0.5903293675241067,0.6084209484278003,0.5903293675241067,0.6084209484278003,0.5903293675241067,0.6084209484278003,0.5903293675241067,0.6084209484278003,0.5903293675241067,0.6084209484278003,0.15161232760217028,0.14153422086634282,0.15161232760217028,0.14153422086634282,0.15161232760217028,0.14153422086634282,0.5903293675241067,0.6084209484278003,0.5903293675241067,0.6084209484278003,0.5903293675241067,0.6084209484278003
0.587,0.587,0.1306361301730306,0.587,0.604,0.604,0.131011055470461,0.604,0.6005191344090153,0.6128207369050463,0.6005191344090153,0.6128207369050463,0.6005191344090153,0.6128207369050463,0.6005191344090153,0.6128207369050463,0.6005191344090153,0.6128207369050463,0.6005191344090153,0.6128207369050463,0.1366404966310641,0.15386288556610586,0.1366404966310641,0.15386288556610586,0.1366404966310641,0.15386288556610586,0.6005191344090153,0.6128207369050463,0.6005191344090153,0.6128207369050463,0.6005191344090153,0.6128207369050463
0.572,0.572,0.1009914300117628,0.572,0.606,0.606,0.1338260705162309,0.606,0.6151824971877977,0.6127314655216043,0.6151824971877977,0.6127314655216043,0.6151824971877977,0.6127314655216043,0.6151824971877977,0.6127314655216043,0.6151824971877977,0.6127314655216043,0.6151824971877977,0.6127314655216043,0.1761809711373282,0.1815279888140819,0.1761809711373282,0.1815279888140819,0.1761809711373282,0.1815279888140819,0.6151824971877977,0.6127314655216043,0.6151824971877977,0.6127314655216043,0.6151824971877977,0.6127314655216043
0.568,0.568,0.0692343159518588,0.568,0.607,0.607,0.1430216228946242,0.607,0.6267108839830356,0.6339970951376501,0.6267108839830356,0.6339970951376501,0.6267108839830356,0.6339970951376501,0.6267108839830356,0.6339970951376501,0.6267108839830356,0.6339970951376501,0.6267108839830356,0.6339970951376501,0.1800711361651863,0.18279558006587088,0.1800711361651863,0.18279558006587088,0.1800711361651863,0.18279558006587088,0.6267108839830356,0.6339970951376501,0.6267108839830356,0.6339970951376501,0.6267108839830356,0.6339970951376501
0.585,0.585,0.0783676224993782,0.585,0.615,0.615,0.1613735177004642,0.615,0.6231789835470947,0.6304539984416553,0.6231789835470947,0.6304539984416553,0.6231789835470947,0.6304539984416553,0.6231789835470947,0.6304539984416553,0.6231789835470947,0.6304539984416553,0.6231789835470947,0.6304539984416553,0.1732502315598596,0.1701208556076009,0.1732502315598596,0.1701208556076009,0.1732502315598596,0.1701208556076009,0.6231789835470947,0.6304539984416553,0.6231789835470947,0.6304539984416553,0.6231789835470947,0.6304539984416553
0.605,0.605,0.0924964389100767,0.605,0.597,0.597,0.140578350251642,0.597,0.6168698047710531,0.6365282216352858,0.6168698047710531,0.6365282216352858,0.6168698047710531,0.6365282216352858,0.6168698047710531,0.6365282216352858,0.6168698047710531,0.6365282216352858,0.6168698047710531,0.6365282216352858,0.1537624739899865,0.18577251217719246,0.1537624739899865,0.18577251217719246,0.1537624739899865,0.18577251217719246,0.6168698047710531,0.6365282216352858,0.6168698047710531,0.6365282216352858,0.6168698047710531,0.6365282216352858
0.602,0.602,0.1032683390637039,0.602,0.604,0.604,0.1529955296986289,0.604,0.6136871368291607,0.6264617009086599,0.6136871368291607,0.6264617009086599,0.6136871368291607,0.6264617009086599,0.6136871368291607,0.6264617009086599,0.6136871368291607,0.6264617009086599,0.6136871368291607,0.6264617009086599,0.18487393231585353,0.18476638754545371,0.18487393231585353,0.18476638754545371,0.18487393231585353,0.18476638754545371,0.6136871368291607,0.6264617009086599,0.6136871368291607,0.6264617009086599,0.6136871368291607,0.6264617009086599
0.601,0.601,0.1017397881996974,0.601,0.605,0.605,0.1532109383709063,0.605,0.612786965957882,0.6210689675630225,0.612786965957882,0.6210689675630225,0.612786965957882,0.6210689675630225,0.612786965957882,0.6210689675630225,0.612786965957882,0.6210689675630225,0.612786965957882,0.6210689675630225,0.16595349184712227,0.16686598874455214,0.16595349184712227,0.16686598874455214,0.16595349184712227,0.16686598874455214,0.612786965957882,0.6210689675630225,0.612786965957882,0.6210689675630225,0.612786965957882,0.6210689675630225
0.619,0.619,0.1070591544014248,0.619,0.587,0.587,0.1306361301730306,0.587,0.6023088072393042,0.604492362931801,0.6023088072393042,0.604492362931801,0.6023088072393042,0.604492362931801,0.6023088072393042,0.604492362931801,0.6023088072393042,0.604492362931801,0.6023088072393042,0.604492362931801,0.14117457077774326,0.1580819949101265,0.14117457077774326,0.1580819949101265,0.14117457077774326,0.1580819949101265,0.6023088072393042,0.604492362931801,0.6023088072393042,0.604492362931801,0.6023088072393042,0.604492362931801
0.667,0.667,0.1311018567805367,0.667,0.572,0.572,0.1009914300117628,0.572,0.6248294649419094,0.6191258308442782,0.6248294649419094,0.6191258308442782,0.6248294649419094,0.6191258308442782,0.6248294649419094,0.6191258308442782,0.6248294649419094,0.6191258308442782,0.6248294649419094,0.6191258308442782,0.13397766036259107,0.11108563914406402,0.13397766036259107,0.11108563914406402,0.13397766036259107,0.11108563914406402,0.6248294649419094,0.6191258308442782,0.6248294649419094,0.6191258308442782,0.6248294649419094,0.6191258308442782
0.728,0.728,0.0864942200608556,0.728,0.568,0.568,0.0692343159518588,0.568,0.6909261147991302,0.6560099636622212,0.6909261147991302,0.6560099636622212,0.6909261147991302,0.6560099636622212,0.6909261147991302,0.6560099636622212,0.6909261147991302,0.6560099636622212,0.6909261147991302,0.6560099636622212,0.13259694336830707,0.1187963139114021,0.13259694336830707,0.1187963139114021,0.13259694336830707,0.1187963139114021,0.6909261147991302,0.6560099636622212,0.6909261147991302,0.6560099636622212,0.6909261147991302,0.6560099636622212
0.804,0.804,0.0783323458322753,0.804,0.585,0.585,0.0783676224993782,0.585,0.7677860937130196,0.7603570269807292,0.7677860937130196,0.7603570269807292,0.7677860937130196,0.7603570269807292,0.7677860937130196,0.7603570269807292,0.7677860937130196,0.7603570269807292,0.7677860937130196,0.7603570269807292,0.04480999201415026,0.06465869958656834,0.04480999201415026,0.06465869958656834,0.04480999201415026,0.06465869958656834,0.7677860937130196,0.7603570269807292,0.7677860937130196,0.7603570269807292,0.7677860937130196,0.7603570269807292
0.869,0.869,-0.0170491599639761,0.869,0.605,0.605,0.0924964389100767,0.605,0.7917490323062477,0.7977071489951548,0.7917490323062477,0.7977071489951548,0.7917490323062477,0.7977071489951548,0.7917490323062477,0.7977071489951548,0.7917490323062477,0.7977071489951548,0.7917490323062477,0.7977071489951548,-0.010160213855359626,0.004771030215988752,-0.010160213855359626,0.004771030215988752,-0.010160213855359626,0.004771030215988752,0.7917490323062477,0.7977071489951548,0.7917490323062477,0.7977071489951548,0.7917490323062477,0.7977071489951548
0.865,0.865,-0.0223555070883314,0.865,0.602,0.602,0.1032683390637039,0.602,0.8131535643079961,0.8139023896015101,0.8131535643079961,0.8139023896015101,0.8131535643079961,0.8139023896015101,0.8131535643079961,0.8139023896015101,0.8131535643079961,0.8139023896015101,0.8131535643079961,0.8139023896015101,-0.007503349563872478,-0.010509622442454182,-0.007503349563872478,-0.010509622442454182,-0.007503349563872478,-0.010509622442454182,0.8131535643079961,0.8139023896015101,0.8131535643079961,0.8139023896015101,0.8131535643079961,0.8139023896015101
0.853,0.853,-0.0105593136446131,0.853,0.601,0.601,0.1017397881996974,0.601,0.8100958127840175,0.8116196107192915,0.8100958127840175,0.8116196107192915,0.8100958127840175,0.8116196107192915,0.8100958127840175,0.8116196107192915,0.8100958127840175,0.8116196107192915,0.8100958127840175,0.8116196107192915,-0.009200636497418615,-0.010612809616822984,-0.009200636497418615,-0.010612809616822984,-0.009200636497418615,-0.010612809616822984,0.8100958127840175,0.8116196107192915,0.8100958127840175,0.8116196107192915,0.8100958127840175,0.8116196107192915
0.841,0.841,-0.0077322854607684,0.841,0.619,0.619,0.1070591544014248,0.619,0.7879864292225095,0.7968122198317604,0.7879864292225095,0.7968122198317604,0.7879864292225095,0.7968122198317604,0.7879864292225095,0.7968122198317604,0.7879864292225095,0.7968122198317604,0.7879864292225095,0.7968122198317604,-0.007313043297143333,-0.0011182446551828598,-0.007313043297143333,-0.0011182446551828598,-0.007313043297143333,-0.0011182446551828598,0.7879864292225095,0.7968122198317604,0.7879864292225095,0.7968122198317604,0.7879864292225095,0.7968122198317604
0.828,0.828,0.0465631929046561,0.828,0.667,0.667,0.1311018567805367,0.667,0.778107417735422,0.7755205398184203,0.778107417735422,0.7755205398184203,0.778107417735422,0.7755205398184203,0.778107417735422,0.7755205398184203,0.778107417735422,0.7755205398184203,0.778107417735422,0.7755205398184203,-0.0015562954816731934,-0.005025317743781519,-0.0015562954816731934,-0.005025317743781519,-0.0015562954816731934,-0.005025317743781519,0.778107417735422,0.7755205398184203,0.778107417735422,0.7755205398184203,0.778107417735422,0.7755205398184203
0.815,0.815,0.046037704715152,0.815,0.728,0.728,0.0864942200608556,0.728,0.7724782784485397,0.7700098287514783,0.7724782784485397,0.7700098287514783,0.7724782784485397,0.7700098287514783,0.7724782784485397,0.7700098287514783,0.7724782784485397,0.7700098287514783,0.7724782784485397,0.7700098287514783,-0.003906664747718184,-0.003410613901682337,-0.003906664747718184,-0.003410613901682337,-0.003906664747718184,-0.003410613901682337,0.7724782784485397,0.7700098287514783,0.7724782784485397,0.7700098287514783,0.7724782784485397,0.7700098287514783
0.795,0.795,0.0579217293799745,0.795,0.804,0.804,0.0783323458322753,0.804,0.7563101634304376,0.7448318653263083,0.7563101634304376,0.7448318653263083,0.7563101634304376,0.7448318653263083,0.7563101634304376,0.7448318653263083,0.7563101634304376,0.7448318653263083,0.7563101634304376,0.7448318653263083,0.005162884479575869,0.006898006434085848,0.005162884479575869,0.006898006434085848,0.005162884479575869,0.006898006434085848,0.7563101634304376,0.7448318653263083,0.7563101634304376,0.7448318653263083,0.7563101634304376,0.7448318653263083
0.787,0.787,0.0447059667755015,0.787,0.869,0.869,-0.0170491599639761,0.869,0.7405432682049724,0.7487815483454714,0.7405432682049724,0.7487815483454714,0.7405432682049724,0.7487815483454714,0.7405432682049724,0.7487815483454714,0.7405432682049724,0.7487815483454714,0.7405432682049724,0.7487815483454714,0.015160079686627389,0.022453580612486517,0.015160079686627389,0.022453580612486517,0.015160079686627389,0.022453580612486517,0.7405432682049724,0.7487815483454714,0.7405432682049724,0.7487815483454714,0.7405432682049724,0.7487815483454714
0.773,0.773,0.0598856953532674,0.773,0.865,0.865,-0.0223555070883314,0.865,0.7390519648615909,0.7522335129952487,0.7390519648615909,0.7522335129952487,0.7390519648615909,0.7522335129952487,0.7390519648615909,0.7522335129952487,0.7390519648615909,0.7522335129952487,0.7390519648615909,0.7522335129952487,0.024446227215941942,0.04838911484023359,0.024446227215941942,0.04838911484023359,0.024446227215941942,0.04838911484023359,0.7390519648615909,0.7522335129952487,0.7390519648615909,0.7522335129952487,0.7390519648615909,0.7522335129952487
0.742,0.742,0.0933115915544435,0.742,0.853,0.853,-0.0105593136446131,0.853,0.6976009452749027,0.7065196306919465,0.6976009452749027,0.7065196306919465,0.6976009452749027,0.7065196306919465,0.6976009452749027,0.7065196306919465,0.6976009452749027,0.7065196306919465,0.6976009452749027,0.7065196306919465,0.062279145208376546,0.07064688689581668,0.062279145208376546,0.07064688689581668,0.062279145208376546,0.07064688689581668,0.6976009452749027,0.7065196306919465,0.6976009452749027,0.7065196306919465,0.6976009452749027,0.7065196306919465
0.702,0.702,0.1239416745061148,0.702,0.841,0.841,-0.0077322854607684,0.841,0.6586902957111564,0.6604214584454671,0.6586902957111564,0.6604214584454671,0.6586902957111564,0.6604214584454671,0.6586902957111564,0.6604214584454671,0.6586902957111564,0.6604214584454671,0.6586902957111564,0.6604214584454671,0.1109490065921936,0.10047788595299699,0.1109490065921936,0.10047788595299699,0.1109490065921936,0.10047788595299699,0.6586902957111564,0.6604214584454671,0.6586902957111564,0.6604214584454671,0.6586902957111564,0.6604214584454671
0.652,0.652,0.1641366588524653,0.652,0.828,0.828,0.0465631929046561,0.828,0.644754992422292,0.6352717646668565,0.644754992422292,0.6352717646668565,0.644754992422292,0.6352717646668565,0.644754992422292,0.6352717646668565,0.644754992422292,0.6352717646668565,0.644754992422292,0.6352717646668565,0.13285694461727482,0.12852190401072922,0.13285694461727482,0.12852190401072922,0.13285694461727482,0.12852190401072922,0.644754992422292,0.6352717646668565,0.644754992422292,0.6352717646668565,0.644754992422292,0.6352717646668565
0.621,0.621,0.1549308336529286,0.621,0.815,0.815,0.046037704715152,0.815,0.6095610320339098,0.6048136454260251,0.6095610320339098,0.6048136454260251,0.6095610320339098,0.6048136454260251,0.6095610320339098,0.6048136454260251,0.6095610320339098,0.6048136454260251,0.6095610320339098,0.6048136454260251,0.094889724102405,0.10422414008567765,0.094889724102405,0.10422414008567765,0.094889724102405,0.10422414008567765,0.6095610320339098,0.6048136454260251,0.6095610320339098,0.6048136454260251,0.6095610320339098,0.6048136454260251
0.606,0.606,0.1540126425724886,0.606,0.795,0.795,0.0579217293799745,0.795,0.5861187627414024,0.5960974392005502,0.5861187627414024,0.5960974392005502,0.5861187627414024,0.5960974392005502,0.5861187627414024,0.5960974392005502,0.5861187627414024,0.5960974392005502,0.5861187627414024,0.5960974392005502,0.12436655675400385,0.11078386846373174,0.12436655675400385,0.11078386846373174,0.12436655675400385,0.11078386846373174,0.5861187627414024,0.5960974392005502,0.5861187627414024,0.5960974392005502,0.5861187627414024,0.5960974392005502
0.607,0.607,0.1598399206444221,0.607,0.787,0.787,0.0447059667755015,0.787,0.6133154581675391,0.6296517548123723,0.6133154581675391,0.6296517548123723,0.6133154581675391,0.6296517548123723,0.6133154581675391,0.6296517548123723,0.6133154581675391,0.6296517548123723,0.6133154581675391,0.6296517548123723,0.15093531225422596,0.16246246380551588,0.15093531225422596,0.16246246380551588,0.15093531225422596,0.16246246380551588,0.6133154581675391,0.6296517548123723,0.6133154581675391,0.6296517548123723,0.6133154581675391,0.6296517548123723
0.6,0.6,0.1411885949845414,0.6,0.773,0.773,0.0598856953532674,0.773,0.6146145831853491,0.6251925577940994,0.6146145831853491,0.6251925577940994,0.6146145831853491,0.6251925577940994,0.6146145831853491,0.6251925577940994,0.6146145831853491,0.6251925577940994,0.6146145831853491,0.6251925577940994,0.16617214876350392,0.18172706655189874,0.16617214876350392,0.18172706655189874,0.16617214876350392,0.18172706655189874,0.6146145831853491,0.6251925577940994,0.6146145831853491,0.6251925577940994,0.6146145831853491,0.6251925577940994
0.634,0.634,0.2135661979578507,0.634,0.742,0.742,0.0933115915544435,0.742,0.6265469126063722,0.6262582724166182,0.6265469126063722,0.6262582724166182,0.6265469126063722,0.6262582724166182,0.6265469126063722,0.6262582724166182,0.6265469126063722,0.6262582724166182,0.6265469126063722,0.6262582724166182,0.16861152328430132,0.16941432723519095,0.16861152328430132,0.16941432723519095,0.16861152328430132,0.16941432723519095,0.6265469126063722,0.6262582724166182,0.6265469126063722,0.6262582724166182,0.6265469126063722,0.6262582724166182
0.63,0.63,0.2022251450009702,0.63,0.702,0.702,0.1239416745061148,0.702,0.6335643484686534,0.6377009335936934,0.6335643484686534,0.6377009335936934,0.6335643484686534,0.6377009335936934,0.6335643484686534,0.6377009335936934,0.6335643484686534,0.6377009335936934,0.6335643484686534,0.6377009335936934,0.2108615148765809,0.20842785875994865,0.2108615148765809,0.20842785875994865,0.2108615148765809,0.20842785875994865,0.6335643484686534,0.6377009335936934,0.6335643484686534,0.6377009335936934,0.6335643484686534,0.6377009335936934
0.637,0.637,0.2124105011933174,0.637,0.652,0.652,0.1641366588524653,0.652,0.6457174320840495,0.6416548987907996,0.6457174320840495,0.6416548987907996,0.6457174320840495,0.6416548987907996,0.6457174320840495,0.6416548987907996,0.6457174320840495,0.6416548987907996,0.6457174320840495,0.6416548987907996,0.20737245490285103,0.21994823724817777,0.20737245490285103,0.21994823724817777,0.20737245490285103,0.21994823724817777,0.6457174320840495,0.6416548987907996,0.6457174320840495,0.6416548987907996,0.6457174320840495,0.6416548987907996
0.633,0.633,0.1963738285013575,0.633,0.621,0.621,0.1549308336529286,0.621,0.6514917608020092,0.6553662588206395,0.6514917608020092,0.6553662588206395,0.6514917608020092,0.6553662588206395,0.6514917608020092,0.6553662588206395,0.6514917608020092,0.6553662588206395,0.6514917608020092,0.6553662588206395,0.21421453890217979,0.2310699474023675,0.21421453890217979,0.2310699474023675,0.21421453890217979,0.2310699474023675,0.6514917608020092,0.6553662588206395,0.6514917608020092,0.6553662588206395,0.6514917608020092,0.6553662588206395
0.626,0.626,0.1809704842785752,0.626,0.606,0.606,0.1540126425724886,0.606,0.6324538923319111,0.6468425671432669,0.6324538923319111,0.6468425671432669,0.6324538923319111,0.6468425671432669,0.6324538923319111,0.6468425671432669,0.6324538923319111,0.6468425671432669,0.6324538923319111,0.6468425671432669,0.22353713793033259,0.2319200018830308,0.22353713793033259,0.2319200018830308,0.22353713793033259,0.2319200018830308,0.6324538923319111,0.6468425671432669,0.6324538923319111,0.6468425671432669,0.6324538923319111,0.6468425671432669
0.645,0.645,0.2288174621794704,0.645,0.607,0.607,0.1598399206444221,0.607,0.6481539545818996,0.6469810285160682,0.6481539545818996,0.6469810285160682,0.6481539545818996,0.6469810285160682,0.6481539545818996,0.6469810285160682,0.6481539545818996,0.6469810285160682,0.6481539545818996,0.6469810285160682,0.222484678196445,0.233061856728979,0.222484678196445,0.233061856728979,0.222484678196445,0.233061856728979,0.6481539545818996,0.6469810285160682,0.6481539545818996,0.6469810285160682,0.6481539545818996,0.6469810285160682
0.613,0.613,0.1725465041693393,0.613,0.6,0.6,0.1411885949845414,0.6,0.6461604960961413,0.6378989932557788,0.6461604960961413,0.6378989932557788,0.6461604960961413,0.6378989932557788,0.6461604960961413,0.6378989932557788,0.6461604960961413,0.6378989932557788,0.6461604960961413,0.6378989932557788,0.2315785656156729,0.23906734969090215,0.2315785656156729,0.23906734969090215,0.2315785656156729,0.23906734969090215,0.6461604960961413,0.6378989932557788,0.6461604960961413,0.6378989932557788,0.6461604960961413,0.6378989932557788
0.606,0.606,0.1697957360371864,0.606,0.634,0.634,0.2135661979578507,0.634,0.6517199895333384,0.6556856376735903,0.6517199895333384,0.6556856376735903,0.6517199895333384,0.6556856376735903,0.6517199895333384,0.6556856376735903,0.6517199895333384,0.6556856376735903,0.6517199895333384,0.6556856376735903,0.23859254973037544,0.2413529696702721,0.23859254973037544,0.2413529696702721,0.23859254973037544,0.2413529696702721,0.6517199895333384,0.6556856376735903,0.6517199895333384,0.6556856376735903,0.6517199895333384,0.6556856376735903
0.598,0.598,0.1425902306474937,0.598,0.63,0.63,0.2022251450009702,0.63,0.6486084127859337,0.6581762119034856,0.6486084127859337,0.6581762119034856,0.6486084127859337,0.6581762119034856,0.6486084127859337,0.6581762119034856,0.6486084127859337,0.6581762119034856,0.6486084127859337,0.6581762119034856,0.24768790165191812,0.2487785408829408,0.24768790165191812,0.2487785408829408,0.24768790165191812,0.2487785408829408,0.6486084127859337,0.6581762119034856,0.6486084127859337,0.6581762119034856,0.6486084127859337,0.6581762119034856
0.621,0.621,0.1946245973122986,0.621,0.637,0.637,0.2124105011933174,0.637,0.6455478621020758,0.6624207525333837,0.6455478621020758,0.6624207525333837,0.6455478621020758,0.6624207525333837,0.6455478621020758,0.6624207525333837,0.6455478621020758,0.6624207525333837,0.6455478621020758,0.6624207525333837,0.23353157712877357,0.21980858601114936,0.23353157712877357,0.21980858601114936,0.23353157712877357,0.21980858601114936,0.6455478621020758,0.6624207525333837,0.6455478621020758,0.6624207525333837,0.6455478621020758,0.6624207525333837
0.627,0.627,0.1894757885770411,0.627,0.633,0.633,0.1963738285013575,0.633,0.6410599310008135,0.6404714925140501,0.6410599310008135,0.6404714925140501,0.6410599310008135,0.6404714925140501,0.6410599310008135,0.6404714925140501,0.6410599310008135,0.6404714925140501,0.6410599310008135,0.6404714925140501,0.22124453549341513,0.2213377698796072,0.22124453549341513,0.2213377698796072,0.22124453549341513,0.2213377698796072,0.6410599310008135,0.6404714925140501,0.6410599310008135,0.6404714925140501,0.6410599310008135,0.6404714925140501
0.624,0.624,0.1771528613633878,0.624,0.626,0.626,0.1809704842785752,0.626,0.6457142334362581,0.646433076235734,0.6457142334362581,0.646433076235734,0.6457142334362581,0.646433076235734,0.6457142334362581,0.646433076235734,0.6457142334362581,0.646433076235734,0.6457142334362581,0.646433076235734,0.20610333722062033,0.18998217896987923,0.20610333722062033,0.18998217896987923,0.20610333722062033,0.18998217896987923,0.6457142334362581,0.646433076235734,0.6457142334362581,0.646433076235734,0.6457142334362581,0.646433076235734
0.602,0.602,0.1363446982848413,0.602,0.645,0.645,0.2288174621794704,0.645,0.6200906935632086,0.6358581633605515,0.6200906935632086,0.6358581633605515,0.6200906935632086,0.6358581633605515,0.6200906935632086,0.6358581633605515,0.6200906935632086,0.6358581633605515,0.6200906935632086,0.6358581633605515,0.20107836452291072,0.1986915207485979,0.20107836452291072,0.1986915207485979,0.20107836452291072,0.1986915207485979,0.6200906935632086,0.6358581633605515,0.6200906935632086,0.6358581633605515,0.6200906935632086,0.6358581633605515
0.602,0.602,0.1431610039225143,0.602,0.613,0.613,0.1725465041693393,0.613,0.6275917682265787,0.6311793289045915,0.6275917682265787,0.6311793289045915,0.6275917682265787,0.6311793289045915,0.6275917682265787,0.6311793289045915,0.6275917682265787,0.6311793289045915,0.6275917682265787,0.6311793289045915,0.20264611415546654,0.19067247224815254,0.20264611415546654,0.19067247224815254,0.20264611415546654,0.19067247224815254,0.6275917682265787,0.6311793289045915,0.6275917682265787,0.6311793289045915,0.6275917682265787,0.6311793289045915
0.613,0.613,0.1841776848354021,0.613,0.606,0.606,0.1697957360371864,0.606,0.614428768744197,0.6170805524066876,0.614428768744197,0.6170805524066876,0.614428768744197,0.6170805524066876,0.614428768744197,0.6170805524066876,0.614428768744197,0.6170805524066876,0.614428768744197,0.6170805524066876,0.1633461996479639,0.18148750495459354,0.1633461996479639,0.18148750495459354,0.1633461996479639,0.18148750495459354,0.614428768744197,0.6170805524066876,0.614428768744197,0.6170805524066876,0.614428768744197,0.6170805524066876
0.608,0.608,0.1828328184346246,0.608,0.598,0.598,0.1425902306474937,0.598,0.6193770808710868,0.6185592424834366,0.6193770808710868,0.6185592424834366,0.6193770808710868,0.6185592424834366,0.6193770808710868,0.6185592424834366,0.6193770808710868,0.6185592424834366,0.6193770808710868,0.6185592424834366,0.1691930404445317,0.17358528418690902,0.1691930404445317,0.17358528418690902,0.1691930404445317,0.17358528418690902,0.6193770808710868,0.6185592424834366,0.6193770808710868,0.6185592424834366,0.6193770808710868,0.6185592424834366
0.606,0.606,0.167554045602826,0.606,0.621,0.621,0.1946245973122986,0.621,0.6166511493684333,0.6103479227151433,0.6166511493684333,0.6103479227151433,0.6166511493684333,0.6103479227151433,0.6166511493684333,0.6103479227151433,0.6166511493684333,0.6103479227151433,0.6166511493684333,0.6103479227151433,0.17565084944844087,0.169659434928381,0.17565084944844087,0.169659434928381,0.17565084944844087,0.169659434928381,0.6166511493684333,0.6103479227151433,0.6166511493684333,0.6103479227151433,0.6166511493684333,0.6103479227151433
0.609,0.609,0.1716382495508626,0.609,0.627,0.627,0.1894757885770411,0.627,0.6140484991113438,0.6112059829503791,0.6140484991113438,0.6112059829503791,0.6140484991113438,0.6112059829503791,0.6140484991113438,0.6112059829503791,0.6140484991113438,0.6112059829503791,0.6140484991113438,0.6112059829503791,0.16785006519845433,0.15869647429466435,0.16785006519845433,0.15869647429466435,0.16785006519845433,0.15869647429466435,0.6140484991113438,0.6112059829503791,0.6140484991113438,0.6112059829503791,0.6140484991113438,0.6112059829503791
0.605,0.605,0.1558169554698787,0.605,0.624,0.624,0.1771528613633878,0.624,0.6212469817132248,0.6243912195370168,0.6212469817132248,0.6243912195370168,0.6212469817132248,0.6243912195370168,0.6212469817132248,0.6243912195370168,0.6212469817132248,0.6243912195370168,0.6212469817132248,0.6243912195370168,0.2009389719740827,0.18913738771719596,0.2009389719740827,0.18913738771719596,0.2009389719740827,0.18913738771719596,0.6212469817132248,0.6243912195370168,0.6212469817132248,0.6243912195370168,0.6212469817132248,0.6243912195370168
0.616,0.616,0.1771134683381549,0.616,0.602,0.602,0.1363446982848413,0.602,0.6287595325432859,0.6288032093516703,0.6287595325432859,0.6288032093516703,0.6287595325432859,0.6288032093516703,0.6287595325432859,0.6288032093516703,0.6287595325432859,0.6288032093516703,0.6287595325432859,0.6288032093516703,0.2082537192180764,0.2051811296476239,0.2082537192180764,0.2051811296476239,0.2082537192180764,0.2051811296476239,0.6287595325432859,0.6288032093516703,0.6287595325432859,0.6288032093516703,0.6287595325432859,0.6288032093516703
0.626,0.626,0.207099638318712,0.626,0.602,0.602,0.1431610039225143,0.602,0.6334855050018787,0.6289837448414283,0.6334855050018787,0.6289837448414283,0.6334855050018787,0.6289837448414283,0.6334855050018787,0.6289837448414283,0.6334855050018787,0.6289837448414283,0.6334855050018787,0.6289837448414283,0.21354246286917378,0.19965635847736443,0.21354246286917378,0.19965635847736443,0.21354246286917378,0.19965635847736443,0.6334855050018787,0.6289837448414283,0.6334855050018787,0.6289837448414283,0.6334855050018787,0.6289837448414283
0.606,0.606,0.1618447923757657,0.606,0.613,0.613,0.1841776848354021,0.613,0.6200307881443365,0.6340655677266893,0.6200307881443365,0.6340655677266893,0.6200307881443365,0.6340655677266893,0.6200307881443365,0.6340655677266893,0.6200307881443365,0.6340655677266893,0.6200307881443365,0.6340655677266893,0.21231881174238387,0.2090331242413133,0.21231881174238387,0.2090331242413133,0.21231881174238387,0.2090331242413133,0.6200307881443365,0.6340655677266893,0.6200307881443365,0.6340655677266893,0.6200307881443365,0.6340655677266893
0.607,0.607,0.1740226986128625,0.607,0.608,0.608,0.1828328184346246,0.608,0.6238614858281576,0.6212768356562289,0.6238614858281576,0.6212768356562289,0.6238614858281576,0.6212768356562289,0.6238614858281576,0.6212768356562289,0.6238614858281576,0.6212768356562289,0.6238614858281576,0.6212768356562289,0.2105284644766563,0.20982936962880988,0.2105284644766563,0.20982936962880988,0.2105284644766563,0.20982936962880988,0.6238614858281576,0.6212768356562289,0.6238614858281576,0.6212768356562289,0.6238614858281576,0.6212768356562289
0.591,0.591,0.1411171776564468,0.591,0.606,0.606,0.167554045602826,0.606,0.6287438620741967,0.6303443154184891,0.6287438620741967,0.6303443154184891,0.6287438620741967,0.6303443154184891,0.6287438620741967,0.6303443154184891,0.6287438620741967,0.6303443154184891,0.6287438620741967,0.6303443154184891,0.185857641643203,0.19332887597177884,0.185857641643203,0.19332887597177884,0.185857641643203,0.19332887597177884,0.6287438620741967,0.6303443154184891,0.6287438620741967,0.6303443154184891,0.6287438620741967,0.6303443154184891
0.597,0.597,0.1527632950990615,0.597,0.609,0.609,0.1716382495508626,0.609,0.6274843485873022,0.6271766696627014,0.6274843485873022,0.6271766696627014,0.6274843485873022,0.6271766696627014,0.6274843485873022,0.6271766696627014,0.6274843485873022,0.6271766696627014,0.6274843485873022,0.6271766696627014,0.16870118971189701,0.1658954234113701,0.16870118971189701,0.1658954234113701,0.16870118971189701,0.1658954234113701,0.6274843485873022,0.6271766696627014,0.6274843485873022,0.6271766696627014,0.6274843485873022,0.6271766696627014
0.613,0.613,0.1930371828448462,0.613,0.605,0.605,0.1558169554698787,0.605,0.6208810301831182,0.6228650000303637,0.6208810301831182,0.6228650000303637,0.6208810301831182,0.6228650000303637,0.6208810301831182,0.6228650000303637,0.6208810301831182,0.6228650000303637,0.6208810301831182,0.6228650000303637,0.14813459297879092,0.16682984501715734,0.14813459297879092,0.16682984501715734,0.14813459297879092,0.16682984501715734,0.6208810301831182,0.6228650000303637,0.6208810301831182,0.6228650000303637,0.6208810301831182,0.6228650000303637
0.612,0.612,0.2001715096144332,0.612,0.616,0.616,0.1771134683381549,0.616,0.6125484046956583,0.625154606538377,0.6125484046956583,0.625154606538377,0.6125484046956583,0.625154606538377,0.6125484046956583,0.625154606538377,0.6125484046956583,0.625154606538377,0.6125484046956583,0.625154606538377,0.1508387733364446,0.14741301387275035,0.1508387733364446,0.14741301387275035,0.1508387733364446,0.14741301387275035,0.6125484046956583,0.625154606538377,0.6125484046956583,0.625154606538377,0.6125484046956583,0.625154606538377
0.639,0.639,0.2525075163371625,0.639,0.626,0.626,0.207099638318712,0.626,0.6023646277414548,0.6042471148288449,0.6023646277414548,0.6042471148288449,0.6023646277414548,0.6042471148288449,0.6023646277414548,0.6042471148288449,0.6023646277414548,0.6042471148288449,0.6023646277414548,0.6042471148288449,0.15209107274606062,0.1693812431053598,0.15209107274606062,0.1693812431053598,0.15209107274606062,0.1693812431053598,0.6023646277414548,0.6042471148288449,0.6023646277414548,0.6042471148288449,0.6023646277414548,0.6042471148288449
0.631,0.631,0.2378615510446873,0.631,0.606,0.606,0.1618447923757657,0.606,0.5924468768273387,0.5930535067381151,0.5924468768273387,0.5930535067381151,0.5924468768273387,0.5930535067381151,0.5924468768273387,0.5930535067381151,0.5924468768273387,0.5930535067381151,0.5924468768273387,0.5930535067381151,0.12422531362975726,0.12344539617222607,0.12422531362975726,0.12344539617222607,0.12422531362975726,0.12344539617222607,0.5924468768273387,0.5930535067381151,0.5924468768273387,0.5930535067381151,0.5924468768273387,0.5930535067381151
0.637,0.637,0.2434599929973155,0.637,0.607,0.607,0.1740226986128625,0.607,0.5934103751482722,0.6006132016305669,0.5934103751482722,0.6006132016305669,0.5934103751482722,0.6006132016305669,0.5934103751482722,0.6006132016305669,0.5934103751482722,0.6006132016305669,0.5934103751482722,0.6006132016305669,0.13274275258856183,0.1475365422848371,0.13274275258856183,0.1475365422848371,0.13274275258856183,0.1475365422848371,0.5934103751482722,0.6006132016305669,0.5934103751482722,0.6006132016305669,0.5934103751482722,0.6006132016305669
0.633,0.633,0.2369427811044577,0.633,0.591,0.591,0.1411171776564468,0.591,0.5935626492629587,0.6159145058461981,0.5935626492629587,0.6159145058461981,0.5935626492629587,0.6159145058461981,0.5935626492629587,0.6159145058461981,0.5935626492629587,0.6159145058461981,0.5935626492629587,0.6159145058461981,0.15499554702393276,0.12517727042581206,0.15499554702393276,0.12517727042581206,0.15499554702393276,0.12517727042581206,0.5935626492629587,0.6159145058461981,0.5935626492629587,0.6159145058461981,0.5935626492629587,0.6159145058461981
0.609,0.609,0.1942463833821044,0.609,0.597,0.597,0.1527632950990615,0.597,0.5988601639539548,0.605289672657992,0.5988601639539548,0.605289672657992,0.5988601639539548,0.605289672657992,0.5988601639539548,0.605289672657992,0.5988601639539548,0.605289672657992,0.5988601639539548,0.605289672657992,0.145018284109158,0.15065059702108854,0.145018284109158,0.15065059702108854,0.145018284109158,0.15065059702108854,0.5988601639539548,0.605289672657992,0.5988601639539548,0.605289672657992,0.5988601639539548,0.605289672657992
0.598,0.598,0.1720251605488526,0.598,0.613,0.613,0.1930371828448462,0.613,0.606399454579901,0.6169263348925931,0.606399454579901,0.6169263348925931,0.606399454579901,0.6169263348925931,0.606399454579901,0.6169263348925931,0.606399454579901,0.6169263348925931,0.606399454579901,0.6169263348925931,0.16634799429328553,0.18206147725687116,0.16634799429328553,0.18206147725687116,0.16634799429328553,0.18206147725687116,0.606399454579901,0.6169263348925931,0.606399454579901,0.6169263348925931,0.606399454579901,0.6169263348925931
0.591,0.591,0.1374146905237937,0.591,0.612,0.612,0.2001715096144332,0.612,0.6276335631035935,0.6242135585515607,0.6276335631035935,0.6242135585515607,0.6276335631035935,0.6242135585515607,0.6276335631035935,0.6242135585515607,0.6276335631035935,0.6242135585515607,0.6276335631035935,0.6242135585515607,0.18502099088282295,0.178651736358124,0.18502099088282295,0.178651736358124,0.18502099088282295,0.178651736358124,0.6276335631035935,0.6242135585515607,0.6276335631035935,0.6242135585515607,0.6276335631035935,0.6242135585515607
0.606,0.606,0.1565155958981824,0.606,0.639,0.639,0.2525075163371625,0.639,0.6231035123628722,0.6342699630857329,0.6231035123628722,0.6342699630857329,0.6231035123628722,0.6342699630857329,0.6231035123628722,0.6342699630857329,0.6231035123628722,0.6342699630857329,0.6231035123628722,0.6342699630857329,0.18277611278076752,0.1685235951217956,0.18277611278076752,0.1685235951217956,0.18277611278076752,0.1685235951217956,0.6231035123628722,0.6342699630857329,0.6231035123628722,0.6342699630857329,0.6231035123628722,0.6342699630857329
0.618,0.618,0.178890169036851,0.618,0.631,0.631,0.2378615510446873,0.631,0.6142075561489545,0.6304570447206822,0.6142075561489545,0.6304570447206822,0.6142075561489545,0.6304570447206822,0.6142075561489545,0.6304570447206822,0.6142075561489545,0.6304570447206822,0.6142075561489545,0.6304570447206822,0.18017043715834544,0.18526204158071297,0.18017043715834544,0.18526204158071297,0.18017043715834544,0.18526204158071297,0.6142075561489545,0.6304570447206822,0.6142075561489545,0.6304570447206822,0.6142075561489545,0.6304570447206822
0.619,0.619,0.1975095414219878,0.619,0.637,0.637,0.2434599929973155,0.637,0.6070020495356302,0.6242464554009873,0.6070020495356302,0.6242464554009873,0.6070020495356302,0.6242464554009873,0.6070020495356302,0.6242464554009873,0.6070020495356302,0.6242464554009873,0.6070020495356302,0.6242464554009873,0.19332298597409836,0.19228132806575127,0.19332298597409836,0.19228132806575127,0.19332298597409836,0.19228132806575127,0.6070020495356302,0.6242464554009873,0.6070020495356302,0.6242464554009873,0.6070020495356302,0.6242464554009873
0.621,0.621,0.1897415724571995,0.621,0.633,0.633,0.2369427811044577,0.633,0.5966482372996476,0.6051107032148996,0.5966482372996476,0.6051107032148996,0.5966482372996476,0.6051107032148996,0.5966482372996476,0.6051107032148996,0.5966482372996476,0.6051107032148996,0.5966482372996476,0.6051107032148996,0.16716210067584325,0.1634605685461342,0.16716210067584325,0.1634605685461342,0.16716210067584325,0.1634605685461342,0.5966482372996476,0.6051107032148996,0.5966482372996476,0.6051107032148996,0.5966482372996476,0.6051107032148996
0.626,0.626,0.187172097834922,0.626,0.609,0.609,0.1942463833821044,0.609,0.6425683980830426,0.6200369373493014,0.6425683980830426,0.6200369373493014,0.6425683980830426,0.6200369373493014,0.6425683980830426,0.6200369373493014,0.6425683980830426,0.6200369373493014,0.6425683980830426,0.6200369373493014,0.18455326863403948,0.18238366758999355,0.18455326863403948,0.18238366758999355,0.18455326863403948,0.18238366758999355,0.6425683980830426,0.6200369373493014,0.6425683980830426,0.6200369373493014,0.6425683980830426,0.6200369373493014
0.623,0.623,0.1229131381563028,0.623,0.598,0.598,0.1720251605488526,0.598,0.6565713436081307,0.6138775651850866,0.6565713436081307,0.6138775651850866,0.6565713436081307,0.6138775651850866,0.6565713436081307,0.6138775651850866,0.6565713436081307,0.6138775651850866,0.6565713436081307,0.6138775651850866,0.1526669665004909,0.18969642747288706,0.1526669665004909,0.18969642747288706,0.1526669665004909,0.18969642747288706,0.6565713436081307,0.6138775651850866,0.6565713436081307,0.6138775651850866,0.6565713436081307,0.6138775651850866
0.701,0.701,0.1767621145374449,0.701,0.591,0.591,0.1374146905237937,0.591,0.6774278060968827,0.691009676097163,0.6774278060968827,0.691009676097163,0.6774278060968827,0.691009676097163,0.6774278060968827,0.691009676097163,0.6774278060968827,0.691009676097163,0.6774278060968827,0.691009676097163,0.13361279942419357,0.133234526395613,0.13361279942419357,0.133234526395613,0.13361279942419357,0.133234526395613,0.6774278060968827,0.691009676097163,0.6774278060968827,0.691009676097163,0.6774278060968827,0.691009676097163
0.759,0.759,0.1514084507042253,0.759,0.606,0.606,0.1565155958981824,0.606,0.7508856609895248,0.7379149819831072,0.7508856609895248,0.7379149819831072,0.7508856609895248,0.7379149819831072,0.7508856609895248,0.7379149819831072,0.7508856609895248,0.7379149819831072,0.7508856609895248,0.7379149819831072,0.09593646654311754,0.08923871850692651,0.09593646654311754,0.08923871850692651,0.09593646654311754,0.08923871850692651,0.7508856609895248,0.7379149819831072,0.7508856609895248,0.7379149819831072,0.7508856609895248,0.7379149819831072
0.821,0.821,0.1275102359134335,0.821,0.618,0.618,0.178890169036851,0.618,0.8068722063391054,0.796159490671637,0.8068722063391054,0.796159490671637,0.8068722063391054,0.796159490671637,0.8068722063391054,0.796159490671637,0.8068722063391054,0.796159490671637,0.8068722063391054,0.796159490671637,0.0748723892198708,0.07019470436899067,0.0748723892198708,0.07019470436899067,0.0748723892198708,0.07019470436899067,0.8068722063391054,0.796159490671637,0.8068722063391054,0.796159490671637,0.8068722063391054,0.796159490671637
0.85,0.85,0.0,0.85,0.619,0.619,0.1975095414219878,0.619,0.8290210326080903,0.8312033295980243,0.8290210326080903,0.8312033295980243,0.8290210326080903,0.8312033295980243,0.8290210326080903,0.8312033295980243,0.8290210326080903,0.8312033295980243,0.8290210326080903,0.8312033295980243,0.028956366958389556,0.014350941642427267,0.028956366958389556,0.014350941642427267,0.028956366958389556,0.014350941642427267,0.8290210326080903,0.8312033295980243,0.8290210326080903,0.8312033295980243,0.8290210326080903,0.8312033295980243
0.836,0.836,0.0100802800748477,0.836,0.621,0.621,0.1897415724571995,0.621,0.8309669571052132,0.8310876240943879,0.8309669571052132,0.8310876240943879,0.8309669571052132,0.8310876240943879,0.8309669571052132,0.8310876240943879,0.8309669571052132,0.8310876240943879,0.8309669571052132,0.8310876240943879,0.014180557804736389,0.01095397727938066,0.014180557804736389,0.01095397727938066,0.014180557804736389,0.01095397727938066,0.8309669571052132,0.8310876240943879,0.8309669571052132,0.8310876240943879,0.8309669571052132,0.8310876240943879
0.825,0.825,0.0054331764759372,0.825,0.626,0.626,0.187172097834922,0.626,0.8141219880347491,0.8166595585606147,0.8141219880347491,0.8166595585606147,0.8141219880347491,0.8166595585606147,0.8141219880347491,0.8166595585606147,0.8141219880347491,0.8166595585606147,0.8141219880347491,0.8166595585606147,0.019513695029067486,0.020189772274064616,0.019513695029067486,0.020189772274064616,0.019513695029067486,0.020189772274064616,0.8141219880347491,0.8166595585606147,0.8141219880347491,0.8166595585606147,0.8141219880347491,0.8166595585606147
0.818,0.818,0.0217683418435904,0.818,0.623,0.623,0.1229131381563028,0.623,0.7712477067124172,0.8103751773524243,0.7712477067124172,0.8103751773524243,0.7712477067124172,0.8103751773524243,0.7712477067124172,0.8103751773524243,0.7712477067124172,0.8103751773524243,0.7712477067124172,0.8103751773524243,0.032129982119633825,0.03201031392802426,0.032129982119633825,0.03201031392802426,0.032129982119633825,0.03201031392802426,0.7712477067124172,0.8103751773524243,0.7712477067124172,0.8103751773524243,0.7712477067124172,0.8103751773524243
0.817,0.817,0.0542440153801627,0.817,0.701,0.701,0.1767621145374449,0.701,0.7717019874387345,0.8102246946750168,0.7717019874387345,0.8102246946750168,0.7717019874387345,0.8102246946750168,0.7717019874387345,0.8102246946750168,0.7717019874387345,0.8102246946750168,0.7717019874387345,0.8102246946750168,0.04908766507752915,0.06059850277626896,0.04908766507752915,0.06059850277626896,0.04908766507752915,0.06059850277626896,0.7717019874387345,0.8102246946750168,0.7717019874387345,0.8102246946750168,0.7717019874387345,0.8102246946750168
0.793,0.793,0.0472069816253635,0.793,0.759,0.759,0.1514084507042253,0.759,0.7627902479976519,0.783176253453379,0.7627902479976519,0.783176253453379,0.7627902479976519,0.783176253453379,0.7627902479976519,0.783176253453379,0.7627902479976519,0.783176253453379,0.7627902479976519,0.783176253453379,0.0603878212765776,0.06811202894497843,0.0603878212765776,0.06811202894497843,0.0603878212765776,0.06811202894497843,0.7627902479976519,0.783176253453379,0.7627902479976519,0.783176253453379,0.7627902479976519,0.783176253453379
0.779,0.779,0.0428757037678647,0.779,0.821,0.821,0.1275102359134335,0.821,0.7403197347131976,0.7751792767192608,0.7403197347131976,0.7751792767192608,0.7403197347131976,0.7751792767192608,0.7403197347131976,0.7751792767192608,0.7403197347131976,0.7751792767192608,0.7403197347131976,0.7751792767192608,0.0577681714778498,0.06519150762293384,0.0577681714778498,0.06519150762293384,0.0577681714778498,0.06519150762293384,0.7403197347131976,0.7751792767192608,0.7403197347131976,0.7751792767192608,0.7403197347131976,0.7751792767192608
0.762,0.762,0.0137576661694015,0.762,0.85,0.85,0.0,0.85,0.720269160280801,0.7295117688840452,0.720269160280801,0.7295117688840452,0.720269160280801,0.7295117688840452,0.720269160280801,0.7295117688840452,0.720269160280801,0.7295117688840452,0.720269160280801,0.7295117688840452,0.05324510214083125,0.06874762399073671,0.05324510214083125,0.06874762399073671,0.05324510214083125,0.06874762399073671,0.720269160280801,0.7295117688840452,0.720269160280801,0.7295117688840452,0.720269160280801,0.7295117688840452
0.74,0.74,0.0354151053994493,0.74,0.836,0.836,0.0100802800748477,0.836,0.7062207545641354,0.7371186205248987,0.7062207545641354,0.7371186205248987,0.7062207545641354,0.7371186205248987,0.7062207545641354,0.7371186205248987,0.7062207545641354,0.7371186205248987,0.7062207545641354,0.7371186205248987,0.08360288306604616,0.08034351013870812,0.08360288306604616,0.08034351013870812,0.08360288306604616,0.08034351013870812,0.7062207545641354,0.7371186205248987,0.7062207545641354,0.7371186205248987,0.7062207545641354,0.7371186205248987
0.706,0.706,0.073951580896944,0.706,0.825,0.825,0.0054331764759372,0.825,0.7186179736318921,0.7162106615618347,0.7186179736318921,0.7162106615618347,0.7186179736318921,0.7162106615618347,0.7186179736318921,0.7162106615618347,0.7186179736318921,0.7162106615618347,0.7186179736318921,0.7162106615618347,0.07806787815551326,0.09994749144614293,0.07806787815551326,0.09994749144614293,0.07806787815551326,0.09994749144614293,0.7186179736318921,0.7162106615618347,0.7186179736318921,0.7162106615618347,0.7186179736318921,0.7162106615618347
0.662,0.662,0.1005854177754125,0.662,0.818,0.818,0.0217683418435904,0.818,0.6972628088337728,0.7042899660283235,0.6972628088337728,0.7042899660283235,0.6972628088337728,0.7042899660283235,0.6972628088337728,0.7042899660283235,0.6972628088337728,0.7042899660283235,0.6972628088337728,0.7042899660283235,0.09078510605221285,0.11536596105885936,0.09078510605221285,0.11536596105885936,0.09078510605221285,0.11536596105885936,0.6972628088337728,0.7042899660283235,0.6972628088337728,0.7042899660283235,0.6972628088337728,0.7042899660283235
0.601,0.601,0.0895067362809887,0.601,0.817,0.817,0.0542440153801627,0.817,0.6769625162394455,0.7034824611028568,0.6769625162394455,0.7034824611028568,0.6769625162394455,0.7034824611028568,0.6769625162394455,0.7034824611028568,0.6769625162394455,0.7034824611028568,0.6769625162394455,0.7034824611028568,0.14280934141294674,0.12465587364292822,0.14280934141294674,0.12465587364292822,0.14280934141294674,0.12465587364292822,0.6769625162394455,0.7034824611028568,0.6769625162394455,0.7034824611028568,0.6769625162394455,0.7034824611028568
0.58,0.58,0.0812844518330562,0.58,0.793,0.793,0.0472069816253635,0.793,0.6133119898615462,0.6365203925165539,0.6133119898615462,0.6365203925165539,0.6133119898615462,0.6365203925165539,0.6133119898615462,0.6365203925165539,0.6133119898615462,0.6365203925165539,0.6133119898615462,0.6365203925165539,0.15493647910351632,0.13906036979441166,0.15493647910351632,0.13906036979441166,0.15493647910351632,0.13906036979441166,0.6133119898615462,0.6365203925165539,0.6133119898615462,0.6365203925165539,0.6133119898615462,0.6365203925165539
0.577,0.577,0.0971878361534651,0.577,0.779,0.779,0.0428757037678647,0.779,0.6054232030177571,0.6273956528217175,0.6054232030177571,0.6273956528217175,0.6054232030177571,0.6273956528217175,0.6054232030177571,0.6273956528217175,0.6054232030177571,0.6273956528217175,0.6054232030177571,0.6273956528217175,0.16529628349196906,0.14846931125170937,0.16529628349196906,0.14846931125170937,0.16529628349196906,0.14846931125170937,0.6054232030177571,0.6273956528217175,0.6054232030177571,0.6273956528217175,0.6054232030177571,0.6273956528217175
0.59,0.59,0.1250981597186657,0.59,0.762,0.762,0.0137576661694015,0.762,0.6015202143482773,0.6169747835512854,0.6015202143482773,0.6169747835512854,0.6015202143482773,0.6169747835512854,0.6015202143482773,0.6169747835512854,0.6015202143482773,0.6169747835512854,0.6015202143482773,0.6169747835512854,0.13917001528553763,0.13341172547162364,0.13917001528553763,0.13341172547162364,0.13917001528553763,0.13341172547162364,0.6015202143482773,0.6169747835512854,0.6015202143482773,0.6169747835512854,0.6015202143482773,0.6169747835512854
0.609,0.609,0.1575454623804189,0.609,0.74,0.74,0.0354151053994493,0.74,0.5891701448096035,0.6128640786197892,0.5891701448096035,0.6128640786197892,0.5891701448096035,0.6128640786197892,0.5891701448096035,0.6128640786197892,0.5891701448096035,0.6128640786197892,0.5891701448096035,0.6128640786197892,0.14965626918023406,0.1276417826300418,0.14965626918023406,0.1276417826300418,0.14965626918023406,0.1276417826300418,0.5891701448096035,0.6128640786197892,0.5891701448096035,0.6128640786197892,0.5891701448096035,0.6128640786197892
0.634,0.634,0.2099298434970318,0.634,0.706,0.706,0.073951580896944,0.706,0.6280953676251682,0.606132627365734,0.6280953676251682,0.606132627365734,0.6280953676251682,0.606132627365734,0.6280953676251682,0.606132627365734,0.6280953676251682,0.606132627365734,0.6280953676251682,0.606132627365734,0.19510980321507382,0.19814280538281615,0.19510980321507382,0.19814280538281615,0.19510980321507382,0.19814280538281615,0.6280953676251682,0.606132627365734,0.6280953676251682,0.606132627365734,0.6280953676251682,0.606132627365734
0.616,0.616,0.1837185869828623,0.616,0.662,0.662,0.1005854177754125,0.662,0.6119555473841883,0.6223211989388618,0.6119555473841883,0.6223211989388618,0.6119555473841883,0.6223211989388618,0.6119555473841883,0.6223211989388618,0.6119555473841883,0.6223211989388618,0.6119555473841883,0.6223211989388618,0.20139245233168762,0.20022256025329535,0.20139245233168762,0.20022256025329535,0.20139245233168762,0.20022256025329535,0.6119555473841883,0.6223211989388618,0.6119555473841883,0.6223211989388618,0.6119555473841883,0.6223211989388618
0.615,0.615,0.1868716735659373,0.615,0.601,0.601,0.0895067362809887,0.601,0.606812916204396,0.6106384410510998,0.606812916204396,0.6106384410510998,0.606812916204396,0.6106384410510998,0.606812916204396,0.6106384410510998,0.606812916204396,0.6106384410510998,0.606812916204396,0.6106384410510998,0.20905782017313398,0.20743698993522075,0.20905782017313398,0.20743698993522075,0.20905782017313398,0.20743698993522075,0.606812916204396,0.6106384410510998,0.606812916204396,0.6106384410510998,0.606812916204396,0.6106384410510998
0.62,0.62,0.1992683841657431,0.62,0.58,0.58,0.0812844518330562,0.58,0.5995846860397045,0.6222061370100349,0.5995846860397045,0.6222061370100349,0.5995846860397045,0.6222061370100349,0.5995846860397045,0.6222061370100349,0.5995846860397045,0.6222061370100349,0.5995846860397045,0.6222061370100349,0.21270963307368665,0.20380414059951543,0.21270963307368665,0.20380414059951543,0.21270963307368665,0.20380414059951543,0.5995846860397045,0.6222061370100349,0.5995846860397045,0.6222061370100349,0.5995846860397045,0.6222061370100349
0.626,0.626,0.1914562435143547,0.626,0.577,0.577,0.0971878361534651,0.577,0.5972423585151706,0.5979051228929226,0.5972423585151706,0.5979051228929226,0.5972423585151706,0.5979051228929226,0.5972423585151706,0.5979051228929226,0.5972423585151706,0.5979051228929226,0.5972423585151706,0.5979051228929226,0.1935118500874646,0.18574829593046757,0.1935118500874646,0.18574829593046757,0.1935118500874646,0.18574829593046757,0.5972423585151706,0.5979051228929226,0.5972423585151706,0.5979051228929226,0.5972423585151706,0.5979051228929226
0.646,0.646,0.2353815316560685,0.646,0.59,0.59,0.1250981597186657,0.59,0.6293175804470931,0.6115543063684111,0.6293175804470931,0.6115543063684111,0.6293175804470931,0.6115543063684111,0.6293175804470931,0.6115543063684111,0.6293175804470931,0.6115543063684111,0.6293175804470931,0.6115543063684111,0.1969528358305823,0.1935632615704986,0.1969528358305823,0.1935632615704986,0.1969528358305823,0.1935632615704986,0.6293175804470931,0.6115543063684111,0.6293175804470931,0.6115543063684111,0.6293175804470931,0.6115543063684111
0.63,0.63,0.2145407610887738,0.63,0.609,0.609,0.1575454623804189,0.609,0.5967016745248015,0.6102719642304807,0.5967016745248015,0.6102719642304807,0.5967016745248015,0.6102719642304807,0.5967016745248015,0.6102719642304807,0.5967016745248015,0.6102719642304807,0.5967016745248015,0.6102719642304807,0.16591579349755778,0.17385621931250486,0.16591579349755778,0.17385621931250486,0.16591579349755778,0.17385621931250486,0.5967016745248015,0.6102719642304807,0.5967016745248015,0.6102719642304807,0.5967016745248015,0.6102719642304807
0.637,0.637,0.2357379865590944,0.637,0.634,0.634,0.2099298434970318,0.634,0.6345104654881762,0.6331474618486399,0.6345104654881762,0.6331474618486399,0.6345104654881762,0.6331474618486399,0.6345104654881762,0.6331474618486399,0.6345104654881762,0.6331474618486399,0.6345104654881762,0.6331474618486399,0.1526221265708907,0.1653930012783187,0.1526221265708907,0.1653930012783187,0.1526221265708907,0.1653930012783187,0.6345104654881762,0.6331474618486399,0.6345104654881762,0.6331474618486399,0.6345104654881762,0.6331474618486399
0.634,0.634,0.2269609002737319,0.634,0.616,0.616,0.1837185869828623,0.616,0.6074827196111562,0.6204207804120709,0.6074827196111562,0.6204207804120709,0.6074827196111562,0.6204207804120709,0.6074827196111562,0.6204207804120709,0.6074827196111562,0.6204207804120709,0.6074827196111562,0.6204207804120709,0.14273414715783972,0.14461377740882334,0.14273414715783972,0.14461377740882334,0.14273414715783972,0.14461377740882334,0.6074827196111562,0.6204207804120709,0.6074827196111562,0.6204207804120709,0.6074827196111562,0.6204207804120709
0.631,0.631,0.2225359234756225,0.631,0.615,0.615,0.1868716735659373,0.615,0.6124707459810322,0.6054856273419037,0.6124707459810322,0.6054856273419037,0.6124707459810322,0.6054856273419037,0.6124707459810322,0.6054856273419037,0.6124707459810322,0.6054856273419037,0.6124707459810322,0.6054856273419037,0.14837822573496418,0.14490234533440902,0.14837822573496418,0.14490234533440902,0.14837822573496418,0.14490234533440902,0.6124707459810322,0.6054856273419037,0.6124707459810322,0.6054856273419037,0.6124707459810322,0.6054856273419037
0.606,0.606,0.1722793410167098,0.606,0.62,0.62,0.1992683841657431,0.62,0.607347678361702,0.5995069816909424,0.607347678361702,0.5995069816909424,0.607347678361702,0.5995069816909424,0.607347678361702,0.5995069816909424,0.607347678361702,0.5995069816909424,0.607347678361702,0.5995069816909424,0.16645048461276954,0.16346914482406902,0.16645048461276954,0.16346914482406902,0.16645048461276954,0.16346914482406902,0.607347678361702,0.5995069816909424,0.607347678361702,0.5995069816909424,0.607347678361702,0.5995069816909424
0.614,0.614,0.1917922948073702,0.614,0.626,0.626,0.1914562435143547,0.626,0.615334989509361,0.6143458983229473,0.615334989509361,0.6143458983229473,0.615334989509361,0.6143458983229473,0.615334989509361,0.6143458983229473,0.615334989509361,0.6143458983229473,0.615334989509361,0.6143458983229473,0.1651940795396469,0.1584653156674063,0.1651940795396469,0.1584653156674063,0.1651940795396469,0.1584653156674063,0.615334989509361,0.6143458983229473,0.615334989509361,0.6143458983229473,0.615334989509361,0.6143458983229473
0.619,0.619,0.1996807125152292,0.619,0.646,0.646,0.2353815316560685,0.646,0.6161353054767473,0.5915191334306945,0.6161353054767473,0.5915191334306945,0.6161353054767473,0.5915191334306945,0.6161353054767473,0.5915191334306945,0.6161353054767473,0.5915191334306945,0.6161353054767473,0.5915191334306945,0.1717343299810503,0.18894757130525117,0.1717343299810503,0.18894757130525117,0.1717343299810503,0.18894757130525117,0.6161353054767473,0.5915191334306945,0.6161353054767473,0.5915191334306945,0.6161353054767473,0.5915191334306945
0.614,0.614,0.1917246000502555,0.614,0.63,0.63,0.2145407610887738,0.63,0.6185849106667629,0.6088178824438676,0.6185849106667629,0.6088178824438676,0.6185849106667629,0.6088178824438676,0.6185849106667629,0.6088178824438676,0.6185849106667629,0.6088178824438676,0.6185849106667629,0.6088178824438676,0.1703939261304437,0.14902037867083898,0.1703939261304437,0.14902037867083898,0.1703939261304437,0.14902037867083898,0.6185849106667629,0.6088178824438676,0.6185849106667629,0.6088178824438676,0.6185849106667629,0.6088178824438676
0.638,0.638,0.2428552305735895,0.638,0.637,0.637,0.2357379865590944,0.637,0.6179559994825142,0.5941447463806055,0.6179559994825142,0.5941447463806055,0.6179559994825142,0.5941447463806055,0.6179559994825142,0.5941447463806055,0.6179559994825142,0.5941447463806055,0.6179559994825142,0.5941447463806055,0.18216409011973622,0.18007654190715694,0.18216409011973622,0.18007654190715694,0.18216409011973622,0.18007654190715694,0.6179559994825142,0.5941447463806055,0.6179559994825142,0.5941447463806055,0.6179559994825142,0.5941447463806055
0.625,0.625,0.2257632941603971,0.625,0.634,0.634,0.2269609002737319,0.634,0.5848348294741543,0.6081478878175828,0.5848348294741543,0.6081478878175828,0.5848348294741543,0.6081478878175828,0.5848348294741543,0.6081478878175828,0.5848348294741543,0.6081478878175828,0.5848348294741543,0.6081478878175828,0.18516736270031245,0.16949919484629283,0.18516736270031245,0.16949919484629283,0.18516736270031245,0.16949919484629283,0.5848348294741543,0.6081478878175828,0.5848348294741543,0.6081478878175828,0.5848348294741543,0.6081478878175828
0.626,0.626,0.233983286908078,0.626,0.631,0.631,0.2225359234756225,0.631,0.6050963186270356,0.6083632904845211,0.6050963186270356,0.6083632904845211,0.6050963186270356,0.6083632904845211,0.6050963186270356,0.6083632904845211,0.6050963186270356,0.6083632904845211,0.6050963186270356,0.6083632904845211,0.1906320433058723,0.18679829902611247,0.1906320433058723,0.18679829902611247,0.1906320433058723,0.18679829902611247,0.6050963186270356,0.6083632904845211,0.6050963186270356,0.6083632904845211,0.6050963186270356,0.6083632904845211
0.632,0.632,0.2441638357042216,0.632,0.606,0.606,0.1722793410167098,0.606,0.6109217278947575,0.6245279724677372,0.6109217278947575,0.6245279724677372,0.6109217278947575,0.6245279724677372,0.6109217278947575,0.6245279724677372,0.6109217278947575,0.6245279724677372,0.6109217278947575,0.6245279724677372,0.17410836581429473,0.15265057794048648,0.17410836581429473,0.15265057794048648,0.17410836581429473,0.15265057794048648,0.6109217278947575,0.6245279724677372,0.6109217278947575,0.6245279724677372,0.6109217278947575,0.6245279724677372
0.628,0.628,0.2311380809867887,0.628,0.614,0.614,0.1917922948073702,0.614,0.617636838146175,0.6204601373038745,0.617636838146175,0.6204601373038745,0.617636838146175,0.6204601373038745,0.617636838146175,0.6204601373038745,0.617636838146175,0.6204601373038745,0.617636838146175,0.6204601373038745,0.1491934090795895,0.1494451229030998,0.1491934090795895,0.1494451229030998,0.1491934090795895,0.1494451229030998,0.617636838146175,0.6204601373038745,0.617636838146175,0.6204601373038745,0.617636838146175,0.6204601373038745
0.616,0.616,0.1977537103890895,0.616,0.619,0.619,0.1996807125152292,0.619,0.6124146253005117,0.6113538637328755,0.6124146253005117,0.6113538637328755,0.6124146253005117,0.6113538637328755,0.6124146253005117,0.6113538637328755,0.6124146253005117,0.6113538637328755,0.6124146253005117,0.6113538637328755,0.16370612340174293,0.16377087507705598,0.16370612340174293,0.16377087507705598,0.16370612340174293,0.16377087507705598,0.6124146253005117,0.6113538637328755,0.6124146253005117,0.6113538637328755,0.6124146253005117,0.6113538637328755
0.64,0.64,0.2538272444254676,0.64,0.614,0.614,0.1917246000502555,0.614,0.589672695359173,0.6080834458861026,0.589672695359173,0.6080834458861026,0.589672695359173,0.6080834458861026,0.589672695359173,0.6080834458861026,0.589672695359173,0.6080834458861026,0.589672695359173,0.6080834458861026,0.18440010215848984,0.1904096791107822,0.18440010215848984,0.1904096791107822,0.18440010215848984,0.1904096791107822,0.589672695359173,0.6080834458861026,0.589672695359173,0.6080834458861026,0.589672695359173,0.6080834458861026
0.633,0.633,0.2430180273091045,0.633,0.638,0.638,0.2428552305735895,0.638,0.6243779212300677,0.6130597195099077,0.6243779212300677,0.6130597195099077,0.6243779212300677,0.6130597195099077,0.6243779212300677,0.6130597195099077,0.6243779212300677,0.6130597195099077,0.6243779212300677,0.6130597195099077,0.20178192230440054,0.19930068830285294,0.20178192230440054,0.19930068830285294,0.20178192230440054,0.19930068830285294,0.6243779212300677,0.6130597195099077,0.6243779212300677,0.6130597195099077,0.6243779212300677,0.6130597195099077
0.634,0.634,0.2476349837398708,0.634,0.625,0.625,0.2257632941603971,0.625,0.5855499547869557,0.5977665934987827,0.5855499547869557,0.5977665934987827,0.5855499547869557,0.5977665934987827,0.5855499547869557,0.5977665934987827,0.5855499547869557,0.5977665934987827,0.5855499547869557,0.5977665934987827,0.18246807988161776,0.18784770303137258,0.18246807988161776,0.18784770303137258,0.18246807988161776,0.18784770303137258,0.5855499547869557,0.5977665934987827,0.5855499547869557,0.5977665934987827,0.5855499547869557,0.5977665934987827
0.623,0.623,0.2348657666360883,0.623,0.626,0.626,0.233983286908078,0.626,0.6109870737546255,0.5854542593503408,0.6109870737546255,0.5854542593503408,0.6109870737546255,0.5854542593503408,0.6109870737546255,0.5854542593503408,0.6109870737546255,0.5854542593503408,0.6109870737546255,0.5854542593503408,0.18603653453655072,0.1705325521664362,0.18603653453655072,0.1705325521664362,0.18603653453655072,0.1705325521664362,0.6109870737546255,0.5854542593503408,0.6109870737546255,0.5854542593503408,0.6109870737546255,0.5854542593503408
0.625,0.625,0.2399798949348207,0.625,0.632,0.632,0.2441638357042216,0.632,0.5937634554577261,0.587357210692513,0.5937634554577261,0.587357210692513,0.5937634554577261,0.587357210692513,0.5937634554577261,0.587357210692513,0.5937634554577261,0.587357210692513,0.5937634554577261,0.587357210692513,0.1651013570886719,0.15572098389980096,0.1651013570886719,0.15572098389980096,0.1651013570886719,0.15572098389980096,0.5937634554577261,0.587357210692513,0.5937634554577261,0.587357210692513,0.5937634554577261,0.587357210692513
0.62,0.62,0.2390594775142075,0.62,0.628,0.628,0.2311380809867887,0.628,0.604550499388715,0.6182893968237113,0.604550499388715,0.6182893968237113,0.604550499388715,0.6182893968237113,0.604550499388715,0.6182893968237113,0.604550499388715,0.6182893968237113,0.604550499388715,0.6182893968237113,0.1739937125370483,0.16424503632505416,0.1739937125370483,0.16424503632505416,0.1739937125370483,0.16424503632505416,0.604550499388715,0.6182893968237113,0.604550499388715,0.6182893968237113,0.604550499388715,0.6182893968237113
0.628,0.628,0.258854890960022,0.628,0.616,0.616,0.1977537103890895,0.616,0.581896978916777,0.6071339258371599,0.581896978916777,0.6071339258371599,0.581896978916777,0.6071339258371599,0.581896978916777,0.6071339258371599,0.581896978916777,0.6071339258371599,0.581896978916777,0.6071339258371599,0.18662144720528243,0.17872886522395218,0.18662144720528243,0.17872886522395218,0.18662144720528243,0.17872886522395218,0.581896978916777,0.6071339258371599,0.581896978916777,0.6071339258371599,0.581896978916777,0.6071339258371599
0.621,0.621,0.242266722113816,0.621,0.64,0.64,0.2538272444254676,0.64,0.6177847384979999,0.6489962521773993,0.6177847384979999,0.6489962521773993,0.6177847384979999,0.6489962521773993,0.6177847384979999,0.6489962521773993,0.6177847384979999,0.6489962521773993,0.6177847384979999,0.6489962521773993,0.18610776052006664,0.17749814273093692,0.18610776052006664,0.17749814273093692,0.18610776052006664,0.17749814273093692,0.6177847384979999,0.6489962521773993,0.6177847384979999,0.6489962521773993,0.6177847384979999,0.6489962521773993
0.624,0.624,0.2416511030346056,0.624,0.633,0.633,0.2430180273091045,0.633,0.6131637690688587,0.6269525631403537,0.6131637690688587,0.6269525631403537,0.6131637690688587,0.6269525631403537,0.6131637690688587,0.6269525631403537,0.6131637690688587,0.6269525631403537,0.6131637690688587,0.6269525631403537,0.23474177141154232,0.23078438504223056,0.23474177141154232,0.23078438504223056,0.23474177141154232,0.23078438504223056,0.6131637690688587,0.6269525631403537,0.6131637690688587,0.6269525631403537,0.6131637690688587,0.6269525631403537
0.62,0.62,0.2295308653990422,0.62,0.634,0.634,0.2476349837398708,0.634,0.6336052426896739,0.6297575239178077,0.6336052426896739,0.6297575239178077,0.6336052426896739,0.6297575239178077,0.6336052426896739,0.6297575239178077,0.6336052426896739,0.6297575239178077,0.6336052426896739,0.6297575239178077,0.219939378054639,0.20581588836971,0.219939378054639,0.20581588836971,0.219939378054639,0.20581588836971,0.6336052426896739,0.6297575239178077,0.6336052426896739,0.6297575239178077,0.6336052426896739,0.6297575239178077
0.608,0.608,0.2027983405189946,0.608,0.623,0.623,0.2348657666360883,0.623,0.6449704071807854,0.6298674366611916,0.6449704071807854,0.6298674366611916,0.6449704071807854,0.6298674366611916,0.6449704071807854,0.6298674366611916,0.6449704071807854,0.6298674366611916,0.6449704071807854,0.6298674366611916,0.23968758071790452,0.23210674164325068,0.23968758071790452,0.23210674164325068,0.23968758071790452,0.23210674164325068,0.6449704071807854,0.6298674366611916,0.6449704071807854,0.6298674366611916,0.6449704071807854,0.6298674366611916
0.612,0.612,0.2169968195540917,0.612,0.625,0.625,0.2399798949348207,0.625,0.6281230536584947,0.6531016503954972,0.6281230536584947,0.6531016503954972,0.6281230536584947,0.6531016503954972,0.6281230536584947,0.6531016503954972,0.6281230536584947,0.6531016503954972,0.6281230536584947,0.6531016503954972,0.21407180641898826,0.1951879859924915,0.21407180641898826,0.1951879859924915,0.21407180641898826,0.1951879859924915,0.6281230536584947,0.6531016503954972,0.6281230536584947,0.6531016503954972,0.6281230536584947,0.6531016503954972
0.606,0.606,0.2082375448129512,0.606,0.62,0.62,0.2390594775142075,0.62,0.6149679166842047,0.6453879716761208,0.6149679166842047,0.6453879716761208,0.6149679166842047,0.6453879716761208,0.6149679166842047,0.6453879716761208,0.6149679166842047,0.6453879716761208,0.6149679166842047,0.6453879716761208,0.21457450593718772,0.1690366280496536,0.21457450593718772,0.1690366280496536,0.21457450593718772,0.1690366280496536,0.6149679166842047,0.6453879716761208,0.6149679166842047,0.6453879716761208,0.6149679166842047,0.6453879716761208
0.619,0.619,0.2381767429956249,0.619,0.628,0.628,0.258854890960022,0.628,0.6029874203098412,0.5871356630465168,0.6029874203098412,0.5871356630465168,0.6029874203098412,0.5871356630465168,0.6029874203098412,0.5871356630465168,0.6029874203098412,0.5871356630465168,0.6029874203098412,0.5871356630465168,0.18483003208118576,0.15959371841462133,0.18483003208118576,0.15959371841462133,0.18483003208118576,0.15959371841462133,0.6029874203098412,0.5871356630465168,0.6029874203098412,0.5871356630465168,0.6029874203098412,0.5871356630465168
0.619,0.619,0.2365953354171676,0.619,0.621,0.621,0.242266722113816,0.621,0.6032021423797286,0.5978102288676398,0.6032021423797286,0.5978102288676398,0.6032021423797286,0.5978102288676398,0.6032021423797286,0.5978102288676398,0.6032021423797286,0.5978102288676398,0.6032021423797286,0.5978102288676398,0.17401949413028805,0.13234232433366047,0.17401949413028805,0.13234232433366047,0.17401949413028805,0.13234232433366047,0.6032021423797286,0.5978102288676398,0.6032021423797286,0.5978102288676398,0.6032021423797286,0.5978102288676398
0.62,0.62,0.2377161977283942,0.62,0.624,0.624,0.2416511030346056,0.624,0.5859103699359314,0.5897977573651295,0.5859103699359314,0.5897977573651295,0.5859103699359314,0.5897977573651295,0.5859103699359314,0.5897977573651295,0.5859103699359314,0.5897977573651295,0.5859103699359314,0.5897977573651295,0.18602556875423154,0.15215854722095865,0.18602556875423154,0.15215854722095865,0.18602556875423154,0.15215854722095865,0.5859103699359314,0.5897977573651295,0.5859103699359314,0.5897977573651295,0.5859103699359314,0.5897977573651295
0.617,0.617,0.2261438119792129,0.617,0.62,0.62,0.2295308653990422,0.62,0.6233667990617235,0.59789435906432,0.6233667990617235,0.59789435906432,0.6233667990617235,0.59789435906432,0.6233667990617235,0.59789435906432,0.6233667990617235,0.59789435906432,0.6233667990617235,0.59789435906432,0.20731552663015868,0.17032282747031788,0.20731552663015868,0.17032282747031788,0.20731552663015868,0.17032282747031788,0.6233667990617235,0.59789435906432,0.6233667990617235,0.59789435906432,0.6233667990617235,0.59789435906432
0.611,0.611,0.2196401919404279,0.611,0.608,0.608,0.2027983405189946,0.608,0.6112764269604164,0.5933344063337647,0.6112764269604164,0.5933344063337647,0.6112764269604164,0.5933344063337647,0.6112764269604164,0.5933344063337647,0.6112764269604164,0.5933344063337647,0.6112764269604164,0.5933344063337647,0.19069360700813215,0.19115331859519194,0.19069360700813215,0.19115331859519194,0.19069360700813215,0.19115331859519194,0.6112764269604164,0.5933344063337647,0.6112764269604164,0.5933344063337647,0.6112764269604164,0.5933344063337647
0.595,0.595,0.18591655745218,0.595,0.612,0.612,0.2169968195540917,0.612,0.6153020084096679,0.6048232179320956,0.6153020084096679,0.6048232179320956,0.6153020084096679,0.6048232179320956,0.6153020084096679,0.6048232179320956,0.6153020084096679,0.6048232179320956,0.6153020084096679,0.6048232179320956,0.1935071730397553,0.19187396235116708,0.1935071730397553,0.19187396235116708,0.1935071730397553,0.19187396235116708,0.6153020084096679,0.6048232179320956,0.6153020084096679,0.6048232179320956,0.6153020084096679,0.6048232179320956
0.614,0.614,0.2220721900884742,0.614,0.606,0.606,0.2082375448129512,0.606,0.6245306744209759,0.6196651395485144,0.6245306744209759,0.6196651395485144,0.6245306744209759,0.6196651395485144,0.6245306744209759,0.6196651395485144,0.6245306744209759,0.6196651395485144,0.6245306744209759,0.6196651395485144,0.18371998827678268,0.1831747405902505,0.18371998827678268,0.1831747405902505,0.18371998827678268,0.1831747405902505,0.6245306744209759,0.6196651395485144,0.6245306744209759,0.6196651395485144,0.6245306744209759,0.6196651395485144
0.615,0.615,0.1970869898895525,0.615,0.619,0.619,0.2381767429956249,0.619,0.6646591568719051,0.6089408278175882,0.6646591568719051,0.6089408278175882,0.6646591568719051,0.6089408278175882,0.6646591568719051,0.6089408278175882,0.6646591568719051,0.6089408278175882,0.6646591568719051,0.6089408278175882,0.1801942903470573,0.1845272097451586,0.1801942903470573,0.1845272097451586,0.1801942903470573,0.1845272097451586,0.6646591568719051,0.6089408278175882,0.6646591568719051,0.6089408278175882,0.6646591568719051,0.6089408278175882
0.662,0.662,0.2183452971212907,0.662,0.619,0.619,0.2365953354171676,0.619,0.6785246517795642,0.6998553301281927,0.6785246517795642,0.6998553301281927,0.6785246517795642,0.6998553301281927,0.6785246517795642,0.6998553301281927,0.6785246517795642,0.6998553301281927,0.6785246517795642,0.6998553301281927,0.16645073705956678,0.13682253894826302,0.16645073705956678,0.13682253894826302,0.16645073705956678,0.13682253894826302,0.6785246517795642,0.6998553301281927,0.6785246517795642,0.6998553301281927,0.6785246517795642,0.6998553301281927
0.718,0.718,0.1973266994187734,0.718,0.62,0.62,0.2377161977283942,0.62,0.7516346801976227,0.7360666238285444,0.7516346801976227,0.7360666238285444,0.7516346801976227,0.7360666238285444,0.7516346801976227,0.7360666238285444,0.7516346801976227,0.7360666238285444,0.7516346801976227,0.7360666238285444,0.09962384937038009,0.09534926033807481,0.09962384937038009,0.09534926033807481,0.09962384937038009,0.09534926033807481,0.7516346801976227,0.7360666238285444,0.7516346801976227,0.7360666238285444,0.7516346801976227,0.7360666238285444
0.777,0.777,0.1049496684701463,0.777,0.617,0.617,0.2261438119792129,0.617,0.8069620787231513,0.7927963650162347,0.8069620787231513,0.7927963650162347,0.8069620787231513,0.7927963650162347,0.8069620787231513,0.7927963650162347,0.8069620787231513,0.7927963650162347,0.8069620787231513,0.7927963650162347,0.07411809435955477,0.07192272609340875,0.07411809435955477,0.07192272609340875,0.07411809435955477,0.07192272609340875,0.8069620787231513,0.7927963650162347,0.8069620787231513,0.7927963650162347,0.8069620787231513,0.7927963650162347
0.822,0.822,0.0,0.822,0.611,0.611,0.2196401919404279,0.611,0.828909464409179,0.8312033295980243,0.828909464409179,0.8312033295980243,0.828909464409179,0.8312033295980243,0.828909464409179,0.8312033295980243,0.828909464409179,0.8312033295980243,0.828909464409179,0.8312033295980243,0.030139242705386482,0.010629955403977022,0.030139242705386482,0.010629955403977022,0.030139242705386482,0.010629955403977022,0.828909464409179,0.8312033295980243,0.828909464409179,0.8312033295980243,0.828909464409179,0.8312033295980243
0.826,0.826,-0.0019924677807594,0.826,0.595,0.595,0.18591655745218,0.595,0.82817828349951,0.8312033295980243,0.82817828349951,0.8312033295980243,0.82817828349951,0.8312033295980243,0.82817828349951,0.8312033295980243,0.82817828349951,0.8312033295980243,0.82817828349951,0.8312033295980243,0.014180557804736389,0.01095397727938066,0.014180557804736389,0.01095397727938066,0.014180557804736389,0.01095397727938066,0.82817828349951,0.8312033295980243,0.82817828349951,0.8312033295980243,0.82817828349951,0.8312033295980243
0.817,0.817,0.0049372512343128,0.817,0.614,0.614,0.2220721900884742,0.614,0.8179355670879279,0.8166595585606147,0.8179355670879279,0.8166595585606147,0.8179355670879279,0.8166595585606147,0.8179355670879279,0.8166595585606147,0.8179355670879279,0.8166595585606147,0.8179355670879279,0.8166595585606147,0.01580037054489908,0.01920519058141311,0.01580037054489908,0.01920519058141311,0.01580037054489908,0.01920519058141311,0.8179355670879279,0.8166595585606147,0.8179355670879279,0.8166595585606147,0.8179355670879279,0.8166595585606147
0.792,0.792,-0.0092677956232714,0.792,0.615,0.615,0.1970869898895525,0.615,0.7690728624309442,0.8103751773524243,0.7690728624309442,0.8103751773524243,0.7690728624309442,0.8103751773524243,0.7690728624309442,0.8103751773524243,0.7690728624309442,0.8103751773524243,0.7690728624309442,0.8103751773524243,0.023532161726356644,0.025065747089186546,0.023532161726356644,0.025065747089186546,0.023532161726356644,0.025065747089186546,0.7690728624309442,0.8103751773524243,0.7690728624309442,0.8103751773524243,0.7690728624309442,0.8103751773524243
0.757,0.757,-0.0137672090112641,0.757,0.662,0.662,0.2183452971212907,0.662,0.7670872086576036,0.8093214119712432,0.7670872086576036,0.8093214119712432,0.7670872086576036,0.8093214119712432,0.7670872086576036,0.8093214119712432,0.7670872086576036,0.8093214119712432,0.7670872086576036,0.8093214119712432,0.04854628526830055,0.065811339560907,0.04854628526830055,0.065811339560907,0.04854628526830055,0.065811339560907,0.7670872086576036,0.8093214119712432,0.7670872086576036,0.8093214119712432,0.7670872086576036,0.8093214119712432
0.745,0.745,-0.0200816065285223,0.745,0.718,0.718,0.1973266994187734,0.718,0.764014816119957,0.7913771024277407,0.764014816119957,0.7913771024277407,0.764014816119957,0.7913771024277407,0.764014816119957,0.7913771024277407,0.764014816119957,0.7913771024277407,0.764014816119957,0.7913771024277407,0.05875480993693901,0.07153686784423575,0.05875480993693901,0.07153686784423575,0.05875480993693901,0.07153686784423575,0.764014816119957,0.7913771024277407,0.764014816119957,0.7913771024277407,0.764014816119957,0.7913771024277407
0.723,0.723,-0.0294030205731952,0.723,0.777,0.777,0.1049496684701463,0.777,0.7518789958649189,0.7892088557853316,0.7518789958649189,0.7892088557853316,0.7518789958649189,0.7892088557853316,0.7518789958649189,0.7892088557853316,0.7518789958649189,0.7892088557853316,0.7518789958649189,0.7892088557853316,0.052476879061172425,0.056045808470426714,0.052476879061172425,0.056045808470426714,0.052476879061172425,0.056045808470426714,0.7518789958649189,0.7892088557853316,0.7518789958649189,0.7892088557853316,0.7518789958649189,0.7892088557853316
0.726,0.726,-0.0081164411282075,0.726,0.822,0.822,0.0,0.822,0.7242370985658927,0.7804896397023167,0.7242370985658927,0.7804896397023167,0.7242370985658927,0.7804896397023167,0.7242370985658927,0.7804896397023167,0.7242370985658927,0.7804896397023167,0.7242370985658927,0.7804896397023167,0.07520752581170279,0.0561574047379169,0.07520752581170279,0.0561574047379169,0.07520752581170279,0.0561574047379169,0.7242370985658927,0.7804896397023167,0.7242370985658927,0.7804896397023167,0.7242370985658927,0.7804896397023167
0.712,0.712,-0.0109164940854364,0.712,0.826,0.826,-0.0019924677807594,0.826,0.7170520014407561,0.7786699650737825,0.7170520014407561,0.7786699650737825,0.7170520014407561,0.7786699650737825,0.7170520014407561,0.7786699650737825,0.7170520014407561,0.7786699650737825,0.7170520014407561,0.7786699650737825,0.0806277926577854,0.061873424394735525,0.0806277926577854,0.061873424394735525,0.0806277926577854,0.061873424394735525,0.7170520014407561,0.7786699650737825,0.7170520014407561,0.7786699650737825,0.7170520014407561,0.7786699650737825
0.668,0.668,0.0297163966238807,0.668,0.817,0.817,0.0049372512343128,0.817,0.7300424558902535,0.7287848191405932,0.7300424558902535,0.7287848191405932,0.7300424558902535,0.7287848191405932,0.7300424558902535,0.7287848191405932,0.7300424558902535,0.7287848191405932,0.7300424558902535,0.7287848191405932,0.08067977604183592,0.08896967833929448,0.08067977604183592,0.08896967833929448,0.08067977604183592,0.08896967833929448,0.7300424558902535,0.7287848191405932,0.7300424558902535,0.7287848191405932,0.7300424558902535,0.7287848191405932
0.647,0.647,0.0862497411472353,0.647,0.792,0.792,-0.0092677956232714,0.792,0.685433375909016,0.7091025333455,0.685433375909016,0.7091025333455,0.685433375909016,0.7091025333455,0.685433375909016,0.7091025333455,0.685433375909016,0.7091025333455,0.685433375909016,0.7091025333455,0.08340773209458653,0.10707275520637816,0.08340773209458653,0.10707275520637816,0.08340773209458653,0.10707275520637816,0.685433375909016,0.7091025333455,0.685433375909016,0.7091025333455,0.685433375909016,0.7091025333455
0.6,0.6,0.0859858784818224,0.6,0.757,0.757,-0.0137672090112641,0.757,0.6775681591919643,0.7053926284676774,0.6775681591919643,0.7053926284676774,0.6775681591919643,0.7053926284676774,0.6775681591919643,0.7053926284676774,0.6775681591919643,0.7053926284676774,0.6775681591919643,0.7053926284676774,0.1497158102467882,0.12768260490982633,0.1497158102467882,0.12768260490982633,0.1497158102467882,0.12768260490982633,0.6775681591919643,0.7053926284676774,0.6775681591919643,0.7053926284676774,0.6775681591919643,0.7053926284676774
0.62,0.62,0.162083853355854,0.62,0.745,0.745,-0.0200816065285223,0.745,0.6538704837086907,0.6394659784659988,0.6538704837086907,0.6394659784659988,0.6538704837086907,0.6394659784659988,0.6538704837086907,0.6394659784659988,0.6538704837086907,0.6394659784659988,0.6538704837086907,0.6394659784659988,0.15247249002350247,0.1394195788445867,0.15247249002350247,0.1394195788445867,0.15247249002350247,0.1394195788445867,0.6538704837086907,0.6394659784659988,0.6538704837086907,0.6394659784659988,0.6538704837086907,0.6394659784659988
0.608,0.608,0.1787067144916363,0.608,0.723,0.723,-0.0294030205731952,0.723,0.6049564183212789,0.6515887426679638,0.6049564183212789,0.6515887426679638,0.6049564183212789,0.6515887426679638,0.6049564183212789,0.6515887426679638,0.6049564183212789,0.6515887426679638,0.6049564183212789,0.6515887426679638,0.15551169238456022,0.14263619428665217,0.15551169238456022,0.14263619428665217,0.15551169238456022,0.14263619428665217,0.6049564183212789,0.6515887426679638,0.6049564183212789,0.6515887426679638,0.6049564183212789,0.6515887426679638
0.613,0.613,0.1937164048502021,0.613,0.726,0.726,-0.0081164411282075,0.726,0.6151130345174144,0.63413974391119,0.6151130345174144,0.63413974391119,0.6151130345174144,0.63413974391119,0.6151130345174144,0.63413974391119,0.6151130345174144,0.63413974391119,0.6151130345174144,0.63413974391119,0.1519732825405011,0.13879490389128257,0.1519732825405011,0.13879490389128257,0.1519732825405011,0.13879490389128257,0.6151130345174144,0.63413974391119,0.6151130345174144,0.63413974391119,0.6151130345174144,0.63413974391119
0.602,0.602,0.169393615600374,0.602,0.712,0.712,-0.0109164940854364,0.712,0.5979735712874585,0.6142399162586568,0.5979735712874585,0.6142399162586568,0.5979735712874585,0.6142399162586568,0.5979735712874585,0.6142399162586568,0.5979735712874585,0.6142399162586568,0.5979735712874585,0.6142399162586568,0.14953693013430777,0.1251074029385466,0.14953693013430777,0.1251074029385466,0.14953693013430777,0.1251074029385466,0.5979735712874585,0.6142399162586568,0.5979735712874585,0.6142399162586568,0.5979735712874585,0.6142399162586568
0.606,0.606,0.1649711766700575,0.606,0.668,0.668,0.0297163966238807,0.668,0.6003350072113541,0.6324829053686676,0.6003350072113541,0.6324829053686676,0.6003350072113541,0.6324829053686676,0.6003350072113541,0.6324829053686676,0.6003350072113541,0.6324829053686676,0.6003350072113541,0.6324829053686676,0.17015718825123527,0.13930183841892832,0.17015718825123527,0.13930183841892832,0.17015718825123527,0.13930183841892832,0.6003350072113541,0.6324829053686676,0.6003350072113541,0.6324829053686676,0.6003350072113541,0.6324829053686676
0.589,0.589,0.147939298449291,0.589,0.647,0.647,0.0862497411472353,0.647,0.6186192504950827,0.617533443621814,0.6186192504950827,0.617533443621814,0.6186192504950827,0.617533443621814,0.6186192504950827,0.617533443621814,0.6186192504950827,0.617533443621814,0.6186192504950827,0.617533443621814,0.21218730018080176,0.21472425612190088,0.21218730018080176,0.21472425612190088,0.21218730018080176,0.21472425612190088,0.6186192504950827,0.617533443621814,0.6186192504950827,0.617533443621814,0.6186192504950827,0.617533443621814
0.603,0.603,0.1670722905721815,0.603,0.6,0.6,0.0859858784818224,0.6,0.6019609789529657,0.6140962020610945,0.6019609789529657,0.6140962020610945,0.6019609789529657,0.6140962020610945,0.6019609789529657,0.6140962020610945,0.6019609789529657,0.6140962020610945,0.6019609789529657,0.6140962020610945,0.20420559881091913,0.20266746130976424,0.20420559881091913,0.20266746130976424,0.20420559881091913,0.20266746130976424,0.6019609789529657,0.6140962020610945,0.6019609789529657,0.6140962020610945,0.6019609789529657,0.6140962020610945
0.598,0.598,0.1631938517645785,0.598,0.62,0.62,0.162083853355854,0.62,0.594876198101733,0.617819550907424,0.594876198101733,0.617819550907424,0.594876198101733,0.617819550907424,0.594876198101733,0.617819550907424,0.594876198101733,0.617819550907424,0.594876198101733,0.617819550907424,0.2075975273557212,0.20328655701684153,0.2075975273557212,0.20328655701684153,0.2075975273557212,0.20328655701684153,0.594876198101733,0.617819550907424,0.594876198101733,0.617819550907424,0.594876198101733,0.617819550907424
0.622,0.622,0.1960730935447646,0.622,0.608,0.608,0.1787067144916363,0.608,0.6058524922130843,0.5982726774222361,0.6058524922130843,0.5982726774222361,0.6058524922130843,0.5982726774222361,0.6058524922130843,0.5982726774222361,0.6058524922130843,0.5982726774222361,0.6058524922130843,0.5982726774222361,0.2007593193823128,0.19529544812574934,0.2007593193823128,0.19529544812574934,0.2007593193823128,0.19529544812574934,0.6058524922130843,0.5982726774222361,0.6058524922130843,0.5982726774222361,0.6058524922130843,0.5982726774222361
0.63,0.63,0.2188786475200452,0.63,0.613,0.613,0.1937164048502021,0.613,0.6343586117502028,0.6222637550093415,0.6343586117502028,0.6222637550093415,0.6343586117502028,0.6222637550093415,0.6343586117502028,0.6222637550093415,0.6343586117502028,0.6222637550093415,0.6343586117502028,0.6222637550093415,0.20474239403763564,0.1974431803355621,0.20474239403763564,0.1974431803355621,0.20474239403763564,0.1974431803355621,0.6343586117502028,0.6222637550093415,0.6343586117502028,0.6222637550093415,0.6343586117502028,0.6222637550093415
0.626,0.626,0.2221136046922773,0.626,0.602,0.602,0.169393615600374,0.602,0.6038080920281936,0.62761639987977,0.6038080920281936,0.62761639987977,0.6038080920281936,0.62761639987977,0.6038080920281936,0.62761639987977,0.6038080920281936,0.62761639987977,0.6038080920281936,0.62761639987977,0.17215274277389958,0.1859938739789875,0.17215274277389958,0.1859938739789875,0.17215274277389958,0.1859938739789875,0.6038080920281936,0.62761639987977,0.6038080920281936,0.62761639987977,0.6038080920281936,0.62761639987977
0.621,0.621,0.2172009253139458,0.621,0.606,0.606,0.1649711766700575,0.606,0.6676167684144981,0.6323517810543081,0.6676167684144981,0.6323517810543081,0.6676167684144981,0.6323517810543081,0.6676167684144981,0.6323517810543081,0.6676167684144981,0.6323517810543081,0.6676167684144981,0.6323517810543081,0.14817486345187836,0.16069703956588144,0.14817486345187836,0.16069703956588144,0.14817486345187836,0.16069703956588144,0.6676167684144981,0.6323517810543081,0.6676167684144981,0.6323517810543081,0.6676167684144981,0.6323517810543081
0.597,0.597,0.1685372858416135,0.597,0.589,0.589,0.147939298449291,0.589,0.6147870268280569,0.6239219475676682,0.6147870268280569,0.6239219475676682,0.6147870268280569,0.6239219475676682,0.6147870268280569,0.6239219475676682,0.6147870268280569,0.6239219475676682,0.6147870268280569,0.6239219475676682,0.15029603626059362,0.1429518445580292,0.15029603626059362,0.1429518445580292,0.15029603626059362,0.1429518445580292,0.6147870268280569,0.6239219475676682,0.6147870268280569,0.6239219475676682,0.6147870268280569,0.6239219475676682
0.602,0.602,0.1815414987250143,0.602,0.603,0.603,0.1670722905721815,0.603,0.6394563971359677,0.6351566074586095,0.6394563971359677,0.6351566074586095,0.6394563971359677,0.6351566074586095,0.6394563971359677,0.6351566074586095,0.6394563971359677,0.6351566074586095,0.6394563971359677,0.6351566074586095,0.1259815532399702,0.15206943064633127,0.1259815532399702,0.15206943064633127,0.1259815532399702,0.15206943064633127,0.6394563971359677,0.6351566074586095,0.6394563971359677,0.6351566074586095,0.6394563971359677,0.6351566074586095
0.609,0.609,0.2042364740552597,0.609,0.598,0.598,0.1631938517645785,0.598,0.6182380418432387,0.6320861669742919,0.6182380418432387,0.6320861669742919,0.6182380418432387,0.6320861669742919,0.6182380418432387,0.6320861669742919,0.6182380418432387,0.6320861669742919,0.6182380418432387,0.6320861669742919,0.16092360003187886,0.1627233937959874,0.16092360003187886,0.1627233937959874,0.16092360003187886,0.1627233937959874,0.6182380418432387,0.6320861669742919,0.6182380418432387,0.6320861669742919,0.6182380418432387,0.6320861669742919
0.622,0.622,0.2237332270929426,0.622,0.622,0.622,0.1960730935447646,0.622,0.6180454156773814,0.6120647927928934,0.6180454156773814,0.6120647927928934,0.6180454156773814,0.6120647927928934,0.6180454156773814,0.6120647927928934,0.6180454156773814,0.6120647927928934,0.6180454156773814,0.6120647927928934,0.1685980084844327,0.16014008936874446,0.1685980084844327,0.16014008936874446,0.1685980084844327,0.16014008936874446,0.6180454156773814,0.6120647927928934,0.6180454156773814,0.6120647927928934,0.6180454156773814,0.6120647927928934
0.611,0.611,0.1967257799400332,0.611,0.63,0.63,0.2188786475200452,0.63,0.6256794468662105,0.6046090066098914,0.6256794468662105,0.6046090066098914,0.6256794468662105,0.6046090066098914,0.6256794468662105,0.6046090066098914,0.6256794468662105,0.6046090066098914,0.6256794468662105,0.6046090066098914,0.17981656618014927,0.20193323200860766,0.17981656618014927,0.20193323200860766,0.17981656618014927,0.20193323200860766,0.6256794468662105,0.6046090066098914,0.6256794468662105,0.6046090066098914,0.6256794468662105,0.6046090066098914
0.606,0.606,0.1889432795510779,0.606,0.626,0.626,0.2221136046922773,0.626,0.585959932230761,0.5969652214062373,0.585959932230761,0.5969652214062373,0.585959932230761,0.5969652214062373,0.585959932230761,0.5969652214062373,0.585959932230761,0.5969652214062373,0.585959932230761,0.5969652214062373,0.17609506309536305,0.1730517425440388,0.17609506309536305,0.1730517425440388,0.17609506309536305,0.1730517425440388,0.585959932230761,0.5969652214062373,0.585959932230761,0.5969652214062373,0.585959932230761,0.5969652214062373
0.613,0.613,0.2160850436318557,0.613,0.621,0.621,0.2172009253139458,0.621,0.5878774830889641,0.5816121412063326,0.5878774830889641,0.5816121412063326,0.5878774830889641,0.5816121412063326,0.5878774830889641,0.5816121412063326,0.5878774830889641,0.5816121412063326,0.5878774830889641,0.5816121412063326,0.16899577558212403,0.16185671403846208,0.16899577558212403,0.16185671403846208,0.16899577558212403,0.16185671403846208,0.5878774830889641,0.5816121412063326,0.5878774830889641,0.5816121412063326,0.5878774830889641,0.5816121412063326
0.597,0.597,0.1846396633350867,0.597,0.597,0.597,0.1685372858416135,0.597,0.6014761432072829,0.6086405564240441,0.6014761432072829,0.6086405564240441,0.6014761432072829,0.6086405564240441,0.6014761432072829,0.6086405564240441,0.6014761432072829,0.6086405564240441,0.6014761432072829,0.6086405564240441,0.17204112790421508,0.16944987957712923,0.17204112790421508,0.16944987957712923,0.17204112790421508,0.16944987957712923,0.6014761432072829,0.6086405564240441,0.6014761432072829,0.6086405564240441,0.6014761432072829,0.6086405564240441
0.613,0.613,0.2112535972542658,0.613,0.602,0.602,0.1815414987250143,0.602,0.6194783053388198,0.6127070214813394,0.6194783053388198,0.6127070214813394,0.6194783053388198,0.6127070214813394,0.6194783053388198,0.6127070214813394,0.6194783053388198,0.6127070214813394,0.6194783053388198,0.6127070214813394,0.21177209581548992,0.2196995430096143,0.21177209581548992,0.2196995430096143,0.21177209581548992,0.2196995430096143,0.6194783053388198,0.6127070214813394,0.6194783053388198,0.6127070214813394,0.6194783053388198,0.6127070214813394
0.615,0.615,0.2079493087557603,0.615,0.609,0.609,0.2042364740552597,0.609,0.6274059680244711,0.6231706375191688,0.6274059680244711,0.6231706375191688,0.6274059680244711,0.6231706375191688,0.6274059680244711,0.6231706375191688,0.6274059680244711,0.6231706375191688,0.6274059680244711,0.6231706375191688,0.22948921029069083,0.22511491892789573,0.22948921029069083,0.22511491892789573,0.22948921029069083,0.22511491892789573,0.6274059680244711,0.6231706375191688,0.6274059680244711,0.6231706375191688,0.6274059680244711,0.6231706375191688
0.61,0.61,0.1950962788681814,0.61,0.622,0.622,0.2237332270929426,0.622,0.6269385970390913,0.6233859716796485,0.6269385970390913,0.6233859716796485,0.6269385970390913,0.6233859716796485,0.6269385970390913,0.6233859716796485,0.6269385970390913,0.6233859716796485,0.6269385970390913,0.6233859716796485,0.22063227697248655,0.216622551681829,0.22063227697248655,0.216622551681829,0.22063227697248655,0.216622551681829,0.6269385970390913,0.6233859716796485,0.6269385970390913,0.6233859716796485,0.6269385970390913,0.6233859716796485
0.614,0.614,0.201505968018866,0.614,0.611,0.611,0.1967257799400332,0.611,0.6137845680232251,0.6123165262558217,0.6137845680232251,0.6123165262558217,0.6137845680232251,0.6123165262558217,0.6137845680232251,0.6123165262558217,0.6137845680232251,0.6123165262558217,0.6137845680232251,0.6123165262558217,0.22287391825518987,0.228560487694547,0.22287391825518987,0.228560487694547,0.22287391825518987,0.228560487694547,0.6137845680232251,0.6123165262558217,0.6137845680232251,0.6123165262558217,0.6137845680232251,0.6123165262558217
0.616,0.616,0.2094894207451384,0.616,0.606,0.606,0.1889432795510779,0.606,0.617301139842158,0.6207933781543953,0.617301139842158,0.6207933781543953,0.617301139842158,0.6207933781543953,0.617301139842158,0.6207933781543953,0.617301139842158,0.6207933781543953,0.617301139842158,0.6207933781543953,0.221307636509958,0.23374912671018097,0.221307636509958,0.23374912671018097,0.221307636509958,0.23374912671018097,0.617301139842158,0.6207933781543953,0.617301139842158,0.6207933781543953,0.617301139842158,0.6207933781543953
0.626,0.626,0.2339738731837602,0.626,0.613,0.613,0.2160850436318557,0.613,0.6178602494708755,0.6217291265324164,0.6178602494708755,0.6217291265324164,0.6178602494708755,0.6217291265324164,0.6178602494708755,0.6217291265324164,0.6178602494708755,0.6217291265324164,0.6178602494708755,0.6217291265324164,0.23447482861664834,0.22606274486156266,0.23447482861664834,0.22606274486156266,0.23447482861664834,0.22606274486156266,0.6178602494708755,0.6217291265324164,0.6178602494708755,0.6217291265324164,0.6178602494708755,0.6217291265324164
0.622,0.622,0.2273857021387927,0.622,0.597,0.597,0.1846396633350867,0.597,0.611492633624188,0.6144364256982902,0.611492633624188,0.6144364256982902,0.611492633624188,0.6144364256982902,0.611492633624188,0.6144364256982902,0.611492633624188,0.6144364256982902,0.611492633624188,0.6144364256982902,0.22649195924932072,0.2278918479284288,0.22649195924932072,0.2278918479284288,0.22649195924932072,0.2278918479284288,0.611492633624188,0.6144364256982902,0.611492633624188,0.6144364256982902,0.611492633624188,0.6144364256982902
0.628,0.628,0.2406644594224968,0.628,0.613,0.613,0.2112535972542658,0.613,0.6074594075002097,0.6024266738922486,0.6074594075002097,0.6024266738922486,0.6074594075002097,0.6024266738922486,0.6074594075002097,0.6024266738922486,0.6074594075002097,0.6024266738922486,0.6074594075002097,0.6024266738922486,0.2250727655616455,0.2209123325745948,0.2250727655616455,0.2209123325745948,0.2250727655616455,0.2209123325745948,0.6074594075002097,0.6024266738922486,0.6074594075002097,0.6024266738922486,0.6074594075002097,0.6024266738922486
0.637,0.637,0.260457497697843,0.637,0.615,0.615,0.2079493087557603,0.615,0.6126408830566794,0.6122901511886556,0.6126408830566794,0.6122901511886556,0.6126408830566794,0.6122901511886556,0.6126408830566794,0.6122901511886556,0.6126408830566794,0.6122901511886556,0.6126408830566794,0.6122901511886556,0.22557654348253942,0.23432167668524334,0.22557654348253942,0.23432167668524334,0.22557654348253942,0.23432167668524334,0.6126408830566794,0.6122901511886556,0.6126408830566794,0.6122901511886556,0.6126408830566794,0.6122901511886556
0.636,0.636,0.2514477494077389,0.636,0.61,0.61,0.1950962788681814,0.61,0.6161288203382206,0.6173606827261836,0.6161288203382206,0.6173606827261836,0.6161288203382206,0.6173606827261836,0.6161288203382206,0.6173606827261836,0.6161288203382206,0.6173606827261836,0.6161288203382206,0.6173606827261836,0.23420131879775832,0.2307145853986306,0.23420131879775832,0.2307145853986306,0.23420131879775832,0.2307145853986306,0.6161288203382206,0.6173606827261836,0.6161288203382206,0.6173606827261836,0.6161288203382206,0.6173606827261836
0.64,0.64,0.2582060950732521,0.64,0.614,0.614,0.201505968018866,0.614,0.6123215443725253,0.6171099499040865,0.6123215443725253,0.6171099499040865,0.6123215443725253,0.6171099499040865,0.6123215443725253,0.6171099499040865,0.6123215443725253,0.6171099499040865,0.6123215443725253,0.6171099499040865,0.22751362702102923,0.23592244734949594,0.22751362702102923,0.23592244734949594,0.22751362702102923,0.23592244734949594,0.6123215443725253,0.6171099499040865,0.6123215443725253,0.6171099499040865,0.6123215443725253,0.6171099499040865
0.641,0.641,0.2669040890007024,0.641,0.616,0.616,0.2094894207451384,0.616,0.6177820031404483,0.6225667931926372,0.6177820031404483,0.6225667931926372,0.6177820031404483,0.6225667931926372,0.6177820031404483,0.6225667931926372,0.6177820031404483,0.6225667931926372,0.6177820031404483,0.6225667931926372,0.224242564910013,0.239168184784402,0.224242564910013,0.239168184784402,0.224242564910013,0.239168184784402,0.6177820031404483,0.6225667931926372,0.6177820031404483,0.6225667931926372,0.6177820031404483,0.6225667931926372
0.626,0.626,0.235795814449589,0.626,0.626,0.626,0.2339738731837602,0.626,0.6043696146767257,0.6094889475100913,0.6043696146767257,0.6094889475100913,0.6043696146767257,0.6094889475100913,0.6043696146767257,0.6094889475100913,0.6043696146767257,0.6094889475100913,0.6043696146767257,0.6094889475100913,0.23608097053783633,0.24895228762579152,0.23608097053783633,0.24895228762579152,0.23608097053783633,0.24895228762579152,0.6043696146767257,0.6094889475100913,0.6043696146767257,0.6094889475100913,0.6043696146767257,0.6094889475100913
0.639,0.639,0.2641063274624918,0.639,0.622,0.622,0.2273857021387927,0.622,0.5967177206393798,0.607166879958041,0.5967177206393798,0.607166879958041,0.5967177206393798,0.607166879958041,0.5967177206393798,0.607166879958041,0.5967177206393798,0.607166879958041,0.5967177206393798,0.607166879958041,0.2101857202103154,0.19960308193374254,0.2101857202103154,0.19960308193374254,0.2101857202103154,0.19960308193374254,0.5967177206393798,0.607166879958041,0.5967177206393798,0.607166879958041,0.5967177206393798,0.607166879958041
0.621,0.621,0.2241809889543025,0.621,0.628,0.628,0.2406644594224968,0.628,0.6047375360793541,0.5930343851359293,0.6047375360793541,0.5930343851359293,0.6047375360793541,0.5930343851359293,0.6047375360793541,0.5930343851359293,0.6047375360793541,0.5930343851359293,0.6047375360793541,0.5930343851359293,0.20999323754511753,0.21000579920649126,0.20999323754511753,0.21000579920649126,0.20999323754511753,0.21000579920649126,0.6047375360793541,0.5930343851359293,0.6047375360793541,0.5930343851359293,0.6047375360793541,0.5930343851359293
0.642,0.642,0.2673662841145364,0.642,0.637,0.637,0.260457497697843,0.637,0.5945677708355995,0.584770407427212,0.5945677708355995,0.584770407427212,0.5945677708355995,0.584770407427212,0.5945677708355995,0.584770407427212,0.5945677708355995,0.584770407427212,0.5945677708355995,0.584770407427212,0.20482812215870175,0.19537172669150668,0.20482812215870175,0.19537172669150668,0.20482812215870175,0.19537172669150668,0.5945677708355995,0.584770407427212,0.5945677708355995,0.584770407427212,0.5945677708355995,0.584770407427212
0.634,0.634,0.2554922701383239,0.634,0.636,0.636,0.2514477494077389,0.636,0.5947140910767221,0.5809548023854542,0.5947140910767221,0.5809548023854542,0.5947140910767221,0.5809548023854542,0.5947140910767221,0.5809548023854542,0.5947140910767221,0.5809548023854542,0.5947140910767221,0.5809548023854542,0.209536491559539,0.20322343182341684,0.209536491559539,0.20322343182341684,0.209536491559539,0.20322343182341684,0.5947140910767221,0.5809548023854542,0.5947140910767221,0.5809548023854542,0.5947140910767221,0.5809548023854542
0.661,0.661,0.3144978646305164,0.661,0.64,0.64,0.2582060950732521,0.64,0.6109425637612346,0.6001041048086577,0.6109425637612346,0.6001041048086577,0.6109425637612346,0.6001041048086577,0.6109425637612346,0.6001041048086577,0.6109425637612346,0.6001041048086577,0.6109425637612346,0.6001041048086577,0.21164323414380443,0.2119925742481982,0.21164323414380443,0.2119925742481982,0.21164323414380443,0.2119925742481982,0.6109425637612346,0.6001041048086577,0.6109425637612346,0.6001041048086577,0.6109425637612346,0.6001041048086577
0.662,0.662,0.3080378163475042,0.662,0.641,0.641,0.2669040890007024,0.641,0.6093541530196686,0.6062385600179412,0.6093541530196686,0.6062385600179412,0.6093541530196686,0.6062385600179412,0.6093541530196686,0.6062385600179412,0.6093541530196686,0.6062385600179412,0.6093541530196686,0.6062385600179412,0.23011486066704648,0.22937409815451248,0.23011486066704648,0.22937409815451248,0.23011486066704648,0.22937409815451248,0.6093541530196686,0.6062385600179412,0.6093541530196686,0.6062385600179412,0.6093541530196686,0.6062385600179412
0.668,0.668,0.3198059398151183,0.668,0.626,0.626,0.235795814449589,0.626,0.6163223376655287,0.6179834405365894,0.6163223376655287,0.6179834405365894,0.6163223376655287,0.6179834405365894,0.6163223376655287,0.6179834405365894,0.6163223376655287,0.6179834405365894,0.6163223376655287,0.6179834405365894,0.23648547621298138,0.23114534076707127,0.23648547621298138,0.23114534076707127,0.23648547621298138,0.23114534076707127,0.6163223376655287,0.6179834405365894,0.6163223376655287,0.6179834405365894,0.6163223376655287,0.6179834405365894
0.666,0.666,0.304073876516869,0.666,0.639,0.639,0.2641063274624918,0.639,0.6135408357318886,0.6130632541594185,0.6135408357318886,0.6130632541594185,0.6135408357318886,0.6130632541594185,0.6135408357318886,0.6130632541594185,0.6135408357318886,0.6130632541594185,0.6135408357318886,0.6130632541594185,0.22647834188098293,0.21642200926784977,0.22647834188098293,0.21642200926784977,0.22647834188098293,0.21642200926784977,0.6135408357318886,0.6130632541594185,0.6135408357318886,0.6130632541594185,0.6135408357318886,0.6130632541594185
0.645,0.645,0.2757644255485829,0.645,0.621,0.621,0.2241809889543025,0.621,0.6133146162040622,0.6133994674123769,0.6133146162040622,0.6133994674123769,0.6133146162040622,0.6133994674123769,0.6133146162040622,0.6133994674123769,0.6133146162040622,0.6133994674123769,0.6133146162040622,0.6133994674123769,0.21464593851977096,0.22368048595517873,0.21464593851977096,0.22368048595517873,0.21464593851977096,0.22368048595517873,0.6133146162040622,0.6133994674123769,0.6133146162040622,0.6133994674123769,0.6133146162040622,0.6133994674123769
0.657,0.657,0.3059040650143271,0.657,0.642,0.642,0.2673662841145364,0.642,0.6014372359022042,0.5988267368260041,0.6014372359022042,0.5988267368260041,0.6014372359022042,0.5988267368260041,0.6014372359022042,0.5988267368260041,0.6014372359022042,0.5988267368260041,0.6014372359022042,0.5988267368260041,0.2094923308284919,0.18936622403959116,0.2094923308284919,0.18936622403959116,0.2094923308284919,0.18936622403959116,0.6014372359022042,0.5988267368260041,0.6014372359022042,0.5988267368260041,0.6014372359022042,0.5988267368260041
0.66,0.66,0.3082231916140374,0.66,0.634,0.634,0.2554922701383239,0.634,0.596277529146124,0.5990259822292179,0.596277529146124,0.5990259822292179,0.596277529146124,0.5990259822292179,0.596277529146124,0.5990259822292179,0.596277529146124,0.5990259822292179,0.596277529146124,0.5990259822292179,0.20220871219956038,0.199135666979848,0.20220871219956038,0.199135666979848,0.20220871219956038,0.199135666979848,0.596277529146124,0.5990259822292179,0.596277529146124,0.5990259822292179,0.596277529146124,0.5990259822292179
0.656,0.656,0.2605966812827788,0.656,0.661,0.661,0.3144978646305164,0.661,0.6114755170055521,0.6039949300239438,0.6114755170055521,0.6039949300239438,0.6114755170055521,0.6039949300239438,0.6114755170055521,0.6039949300239438,0.6114755170055521,0.6039949300239438,0.6114755170055521,0.6039949300239438,0.18938195712336287,0.19215106286853367,0.18938195712336287,0.19215106286853367,0.18938195712336287,0.19215106286853367,0.6114755170055521,0.6039949300239438,0.6114755170055521,0.6039949300239438,0.6114755170055521,0.6039949300239438
0.644,0.644,0.1886964448495898,0.644,0.662,0.662,0.3080378163475042,0.662,0.6266497198810576,0.5988613560018019,0.6266497198810576,0.5988613560018019,0.6266497198810576,0.5988613560018019,0.6266497198810576,0.5988613560018019,0.6266497198810576,0.5988613560018019,0.6266497198810576,0.5988613560018019,0.16939792859917324,0.19838628353056217,0.16939792859917324,0.19838628353056217,0.16939792859917324,0.19838628353056217,0.6266497198810576,0.5988613560018019,0.6266497198810576,0.5988613560018019,0.6266497198810576,0.5988613560018019
0.703,0.703,0.1826287978863936,0.703,0.668,0.668,0.3198059398151183,0.668,0.692433893137885,0.6873228377994023,0.692433893137885,0.6873228377994023,0.692433893137885,0.6873228377994023,0.692433893137885,0.6873228377994023,0.692433893137885,0.6873228377994023,0.692433893137885,0.6873228377994023,0.18743138692604336,0.19863471911357874,0.18743138692604336,0.19863471911357874,0.18743138692604336,0.19863471911357874,0.692433893137885,0.6873228377994023,0.692433893137885,0.6873228377994023,0.692433893137885,0.6873228377994023
0.761,0.761,0.113961592644769,0.761,0.666,0.666,0.304073876516869,0.666,0.7658042814134162,0.7507729626468032,0.7658042814134162,0.7507729626468032,0.7658042814134162,0.7507729626468032,0.7658042814134162,0.7507729626468032,0.7658042814134162,0.7507729626468032,0.7658042814134162,0.7507729626468032,0.15940951623879177,0.1697400592516148,0.15940951623879177,0.1697400592516148,0.15940951623879177,0.1697400592516148,0.7658042814134162,0.7507729626468032,0.7658042814134162,0.7507729626468032,0.7658042814134162,0.7507729626468032
0.829,0.829,0.0280777537796975,0.829,0.645,0.645,0.2757644255485829,0.645,0.8040189334962348,0.8091350456852163,0.8040189334962348,0.8091350456852163,0.8040189334962348,0.8091350456852163,0.8040189334962348,0.8091350456852163,0.8040189334962348,0.8091350456852163,0.8040189334962348,0.8091350456852163,0.051567703667788824,0.0901809725394933,0.051567703667788824,0.0901809725394933,0.051567703667788824,0.0901809725394933,0.8040189334962348,0.8091350456852163,0.8040189334962348,0.8091350456852163,0.8040189334962348,0.8091350456852163
0.834,0.834,0.007983936510972,0.834,0.657,0.657,0.3059040650143271,0.657,0.8110230298451697,0.803192214270927,0.8110230298451697,0.803192214270927,0.8110230298451697,0.803192214270927,0.8110230298451697,0.803192214270927,0.8110230298451697,0.803192214270927,0.8110230298451697,0.803192214270927,-0.0036760654963010372,0.006073748624924535,-0.0036760654963010372,0.006073748624924535,-0.0036760654963010372,0.006073748624924535,0.8110230298451697,0.803192214270927,0.8110230298451697,0.803192214270927,0.8110230298451697,0.803192214270927
0.827,0.827,0.0149185741942831,0.827,0.66,0.66,0.3082231916140374,0.66,0.7949379651113037,0.7984337918763998,0.7949379651113037,0.7984337918763998,0.7949379651113037,0.7984337918763998,0.7949379651113037,0.7984337918763998,0.7949379651113037,0.7984337918763998,0.7949379651113037,0.7984337918763998,-0.005949898716949383,0.008549170468591917,-0.005949898716949383,0.008549170468591917,-0.005949898716949383,0.008549170468591917,0.7949379651113037,0.7984337918763998,0.7949379651113037,0.7984337918763998,0.7949379651113037,0.7984337918763998
0.797,0.797,0.0276287553648066,0.797,0.656,0.656,0.2605966812827788,0.656,0.7901840405119419,0.7886779358075198,0.7901840405119419,0.7886779358075198,0.7901840405119419,0.7886779358075198,0.7901840405119419,0.7886779358075198,0.7901840405119419,0.7886779358075198,0.7901840405119419,0.7886779358075198,0.004122553391930979,0.011769330643740797,0.004122553391930979,0.011769330643740797,0.004122553391930979,0.011769330643740797,0.7901840405119419,0.7886779358075198,0.7901840405119419,0.7886779358075198,0.7901840405119419,0.7886779358075198
0.774,0.774,0.0014933418162218,0.774,0.644,0.644,0.1886964448495898,0.644,0.7869186592682497,0.7745794300478142,0.7869186592682497,0.7745794300478142,0.7869186592682497,0.7745794300478142,0.7869186592682497,0.7745794300478142,0.7869186592682497,0.7745794300478142,0.7869186592682497,0.7745794300478142,0.00876765003994057,0.01837117013800936,0.00876765003994057,0.01837117013800936,0.00876765003994057,0.01837117013800936,0.7869186592682497,0.7745794300478142,0.7869186592682497,0.7745794300478142,0.7869186592682497,0.7745794300478142
0.754,0.754,0.0077844552897995,0.754,0.703,0.703,0.1826287978863936,0.703,0.7858919697601449,0.7819410976603974,0.7858919697601449,0.7819410976603974,0.7858919697601449,0.7819410976603974,0.7858919697601449,0.7819410976603974,0.7858919697601449,0.7819410976603974,0.7858919697601449,0.7819410976603974,0.01052370521303333,0.007186874848034351,0.01052370521303333,0.007186874848034351,0.01052370521303333,0.007186874848034351,0.7858919697601449,0.7819410976603974,0.7858919697601449,0.7819410976603974,0.7858919697601449,0.7819410976603974
0.734,0.734,-0.0127931769722815,0.734,0.761,0.761,0.113961592644769,0.761,0.7658738209598843,0.755053872643796,0.7658738209598843,0.755053872643796,0.7658738209598843,0.755053872643796,0.7658738209598843,0.755053872643796,0.7658738209598843,0.755053872643796,0.7658738209598843,0.755053872643796,0.016064333269672444,0.02784472116279238,0.016064333269672444,0.02784472116279238,0.016064333269672444,0.02784472116279238,0.7658738209598843,0.755053872643796,0.7658738209598843,0.755053872643796,0.7658738209598843,0.755053872643796
0.717,0.717,0.0078530360398261,0.717,0.829,0.829,0.0280777537796975,0.829,0.7205415401805978,0.7019645347885403,0.7205415401805978,0.7019645347885403,0.7205415401805978,0.7019645347885403,0.7205415401805978,0.7019645347885403,0.7205415401805978,0.7019645347885403,0.7205415401805978,0.7019645347885403,0.014820922680790273,0.02996811962826678,0.014820922680790273,0.02996811962826678,0.014820922680790273,0.02996811962826678,0.7205415401805978,0.7019645347885403,0.7205415401805978,0.7019645347885403,0.7205415401805978,0.7019645347885403
0.678,0.678,0.0283469223944912,0.678,0.834,0.834,0.007983936510972,0.834,0.646694167390886,0.6677444314930945,0.646694167390886,0.6677444314930945,0.646694167390886,0.6677444314930945,0.646694167390886,0.6677444314930945,0.646694167390886,0.6677444314930945,0.646694167390886,0.6677444314930945,0.09648956991921277,0.06164013654972082,0.09648956991921277,0.06164013654972082,0.09648956991921277,0.06164013654972082,0.646694167390886,0.6677444314930945,0.646694167390886,0.6677444314930945,0.646694167390886,0.6677444314930945
0.645,0.645,0.0926934990850261,0.645,0.827,0.827,0.0149185741942831,0.827,0.6188911512906141,0.6307105757492745,0.6188911512906141,0.6307105757492745,0.6188911512906141,0.6307105757492745,0.6188911512906141,0.6307105757492745,0.6188911512906141,0.6307105757492745,0.6188911512906141,0.6307105757492745,0.10265639786829085,0.11704692690542609,0.10265639786829085,0.11704692690542609,0.10265639786829085,0.11704692690542609,0.6188911512906141,0.6307105757492745,0.6188911512906141,0.6307105757492745,0.6188911512906141,0.6307105757492745
0.618,0.618,0.1473823298335833,0.618,0.797,0.797,0.0276287553648066,0.797,0.6111258668176843,0.6132077922035766,0.6111258668176843,0.6132077922035766,0.6111258668176843,0.6132077922035766,0.6111258668176843,0.6132077922035766,0.6111258668176843,0.6132077922035766,0.6111258668176843,0.6132077922035766,0.11792070796058113,0.1328403217390713,0.11792070796058113,0.1328403217390713,0.11792070796058113,0.1328403217390713,0.6111258668176843,0.6132077922035766,0.6111258668176843,0.6132077922035766,0.6111258668176843,0.6132077922035766
0.632,0.632,0.2066811246157361,0.632,0.774,0.774,0.0014933418162218,0.774,0.5948981525941166,0.6035594275437999,0.5948981525941166,0.6035594275437999,0.5948981525941166,0.6035594275437999,0.5948981525941166,0.6035594275437999,0.5948981525941166,0.6035594275437999,0.5948981525941166,0.6035594275437999,0.12374670101857715,0.1485524045148088,0.12374670101857715,0.1485524045148088,0.12374670101857715,0.1485524045148088,0.5948981525941166,0.6035594275437999,0.5948981525941166,0.6035594275437999,0.5948981525941166,0.6035594275437999
0.628,0.628,0.2343410393202923,0.628,0.754,0.754,0.0077844552897995,0.754,0.6075193493377375,0.6047361926014383,0.6075193493377375,0.6047361926014383,0.6075193493377375,0.6047361926014383,0.6075193493377375,0.6047361926014383,0.6075193493377375,0.6047361926014383,0.6075193493377375,0.6047361926014383,0.16149926290478456,0.17189488563532812,0.16149926290478456,0.17189488563532812,0.16149926290478456,0.17189488563532812,0.6075193493377375,0.6047361926014383,0.6075193493377375,0.6047361926014383,0.6075193493377375,0.6047361926014383
0.646,0.646,0.2413722162217764,0.646,0.734,0.734,-0.0127931769722815,0.734,0.6045697100313893,0.5944186043074807,0.6045697100313893,0.5944186043074807,0.6045697100313893,0.5944186043074807,0.6045697100313893,0.5944186043074807,0.6045697100313893,0.5944186043074807,0.6045697100313893,0.5944186043074807,0.1559622333717702,0.17172475500283632,0.1559622333717702,0.17172475500283632,0.1559622333717702,0.17172475500283632,0.6045697100313893,0.5944186043074807,0.6045697100313893,0.5944186043074807,0.6045697100313893,0.5944186043074807
0.634,0.634,0.2004823319702211,0.634,0.717,0.717,0.0078530360398261,0.717,0.6142971353983805,0.6073550174512767,0.6142971353983805,0.6073550174512767,0.6142971353983805,0.6073550174512767,0.6142971353983805,0.6073550174512767,0.6142971353983805,0.6073550174512767,0.6142971353983805,0.6073550174512767,0.15404484121265874,0.16399921943619855,0.15404484121265874,0.16399921943619855,0.15404484121265874,0.16399921943619855,0.6142971353983805,0.6073550174512767,0.6142971353983805,0.6073550174512767,0.6142971353983805,0.6073550174512767
0.626,0.626,0.205097577460478,0.626,0.678,0.678,0.0283469223944912,0.678,0.6058056873277168,0.6045176579484689,0.6058056873277168,0.6045176579484689,0.6058056873277168,0.6045176579484689,0.6058056873277168,0.6045176579484689,0.6058056873277168,0.6045176579484689,0.6058056873277168,0.6045176579484689,0.1643643341325256,0.17188247817936772,0.1643643341325256,0.17188247817936772,0.1643643341325256,0.17188247817936772,0.6058056873277168,0.6045176579484689,0.6058056873277168,0.6045176579484689,0.6058056873277168,0.6045176579484689
0.631,0.631,0.2150673042560795,0.631,0.645,0.645,0.0926934990850261,0.645,0.6149530019518578,0.611241311693463,0.6149530019518578,0.611241311693463,0.6149530019518578,0.611241311693463,0.6149530019518578,0.611241311693463,0.6149530019518578,0.611241311693463,0.6149530019518578,0.611241311693463,0.15671113968118902,0.186398170962262,0.15671113968118902,0.186398170962262,0.15671113968118902,0.186398170962262,0.6149530019518578,0.611241311693463,0.6149530019518578,0.611241311693463,0.6149530019518578,0.611241311693463
0.628,0.628,0.220531044656028,0.628,0.618,0.618,0.1473823298335833,0.618,0.611499895360434,0.6092082392353652,0.611499895360434,0.6092082392353652,0.611499895360434,0.6092082392353652,0.611499895360434,0.6092082392353652,0.611499895360434,0.6092082392353652,0.611499895360434,0.6092082392353652,0.17814635159366182,0.20276930078005193,0.17814635159366182,0.20276930078005193,0.17814635159366182,0.20276930078005193,0.611499895360434,0.6092082392353652,0.611499895360434,0.6092082392353652,0.611499895360434,0.6092082392353652
0.642,0.642,0.2416121884360687,0.642,0.632,0.632,0.2066811246157361,0.632,0.6214355469995597,0.6124012818434537,0.6214355469995597,0.6124012818434537,0.6214355469995597,0.6124012818434537,0.6214355469995597,0.6124012818434537,0.6214355469995597,0.6124012818434537,0.6214355469995597,0.6124012818434537,0.22084730664633873,0.21133453866431787,0.22084730664633873,0.21133453866431787,0.22084730664633873,0.21133453866431787,0.6214355469995597,0.6124012818434537,0.6214355469995597,0.6124012818434537,0.6214355469995597,0.6124012818434537
0.631,0.631,0.2296064938535542,0.631,0.628,0.628,0.2343410393202923,0.628,0.620855675203031,0.6145732990507371,0.620855675203031,0.6145732990507371,0.620855675203031,0.6145732990507371,0.620855675203031,0.6145732990507371,0.620855675203031,0.6145732990507371,0.620855675203031,0.6145732990507371,0.21786934635361171,0.21387803619521423,0.21786934635361171,0.21387803619521423,0.21786934635361171,0.21387803619521423,0.620855675203031,0.6145732990507371,0.620855675203031,0.6145732990507371,0.620855675203031,0.6145732990507371
0.638,0.638,0.2462447580695536,0.638,0.646,0.646,0.2413722162217764,0.646,0.6214413472676138,0.6213685603814302,0.6214413472676138,0.6213685603814302,0.6214413472676138,0.6213685603814302,0.6214413472676138,0.6213685603814302,0.6214413472676138,0.6213685603814302,0.6214413472676138,0.6213685603814302,0.21125773823241817,0.21104363614752655,0.21125773823241817,0.21104363614752655,0.21125773823241817,0.21104363614752655,0.6214413472676138,0.6213685603814302,0.6214413472676138,0.6213685603814302,0.6214413472676138,0.6213685603814302
0.648,0.648,0.2624534318963747,0.648,0.634,0.634,0.2004823319702211,0.634,0.6138392455032617,0.6063575408906938,0.6138392455032617,0.6063575408906938,0.6138392455032617,0.6063575408906938,0.6138392455032617,0.6063575408906938,0.6138392455032617,0.6063575408906938,0.6138392455032617,0.6063575408906938,0.19248025644699693,0.2095745481953603,0.19248025644699693,0.2095745481953603,0.19248025644699693,0.2095745481953603,0.6138392455032617,0.6063575408906938,0.6138392455032617,0.6063575408906938,0.6138392455032617,0.6063575408906938
0.654,0.654,0.2699959913074667,0.654,0.626,0.626,0.205097577460478,0.626,0.6317400998284751,0.6278464785250288,0.6317400998284751,0.6278464785250288,0.6317400998284751,0.6278464785250288,0.6317400998284751,0.6278464785250288,0.6317400998284751,0.6278464785250288,0.6317400998284751,0.6278464785250288,0.18924792549625416,0.19931038836998852,0.18924792549625416,0.19931038836998852,0.18924792549625416,0.19931038836998852,0.6317400998284751,0.6278464785250288,0.6317400998284751,0.6278464785250288,0.6317400998284751,0.6278464785250288
0.642,0.642,0.2468612205055708,0.642,0.631,0.631,0.2150673042560795,0.631,0.62115882060241,0.6214757795386673,0.62115882060241,0.6214757795386673,0.62115882060241,0.6214757795386673,0.62115882060241,0.6214757795386673,0.62115882060241,0.6214757795386673,0.62115882060241,0.6214757795386673,0.1918152930341311,0.20331800602381606,0.1918152930341311,0.20331800602381606,0.1918152930341311,0.20331800602381606,0.62115882060241,0.6214757795386673,0.62115882060241,0.6214757795386673,0.62115882060241,0.6214757795386673
0.65,0.65,0.2522645701589472,0.65,0.628,0.628,0.220531044656028,0.628,0.6132153749521868,0.6183243202189578,0.6132153749521868,0.6183243202189578,0.6132153749521868,0.6183243202189578,0.6132153749521868,0.6183243202189578,0.6132153749521868,0.6183243202189578,0.6132153749521868,0.6183243202189578,0.1959447099717325,0.21371889152512993,0.1959447099717325,0.21371889152512993,0.1959447099717325,0.21371889152512993,0.6132153749521868,0.6183243202189578,0.6132153749521868,0.6183243202189578,0.6132153749521868,0.6183243202189578
0.638,0.638,0.2364930989099989,0.638,0.642,0.642,0.2416121884360687,0.642,0.612979532789111,0.6036872824423262,0.612979532789111,0.6036872824423262,0.612979532789111,0.6036872824423262,0.612979532789111,0.6036872824423262,0.612979532789111,0.6036872824423262,0.612979532789111,0.6036872824423262,0.20177412576333337,0.20394106855415875,0.20177412576333337,0.20394106855415875,0.20177412576333337,0.20394106855415875,0.612979532789111,0.6036872824423262,0.612979532789111,0.6036872824423262,0.612979532789111,0.6036872824423262
0.622,0.622,0.2133391049547148,0.622,0.631,0.631,0.2296064938535542,0.631,0.6059742402916266,0.6079199133318114,0.6059742402916266,0.6079199133318114,0.6059742402916266,0.6079199133318114,0.6059742402916266,0.6079199133318114,0.6059742402916266,0.6079199133318114,0.6059742402916266,0.6079199133318114,0.20421402706009598,0.20413512871549597,0.20421402706009598,0.20413512871549597,0.20421402706009598,0.20413512871549597,0.6059742402916266,0.6079199133318114,0.6059742402916266,0.6079199133318114,0.6059742402916266,0.6079199133318114
0.623,0.623,0.213252418674925,0.623,0.638,0.638,0.2462447580695536,0.638,0.6140727041618427,0.6093098524985506,0.6140727041618427,0.6093098524985506,0.6140727041618427,0.6093098524985506,0.6140727041618427,0.6093098524985506,0.6140727041618427,0.6093098524985506,0.6140727041618427,0.6093098524985506,0.19816682834300905,0.20454161663844794,0.19816682834300905,0.20454161663844794,0.19816682834300905,0.20454161663844794,0.6140727041618427,0.6093098524985506,0.6140727041618427,0.6093098524985506,0.6140727041618427,0.6093098524985506
0.623,0.623,0.2152569044903125,0.623,0.648,0.648,0.2624534318963747,0.648,0.6075264464918351,0.6074153152233507,0.6075264464918351,0.6074153152233507,0.6075264464918351,0.6074153152233507,0.6075264464918351,0.6074153152233507,0.6075264464918351,0.6074153152233507,0.6075264464918351,0.6074153152233507,0.2013926867058783,0.22181907944923548,0.2013926867058783,0.22181907944923548,0.2013926867058783,0.22181907944923548,0.6075264464918351,0.6074153152233507,0.6075264464918351,0.6074153152233507,0.6075264464918351,0.6074153152233507
0.609,0.609,0.1818372044360744,0.609,0.654,0.654,0.2699959913074667,0.654,0.6238301113276838,0.6298369054992994,0.6238301113276838,0.6298369054992994,0.6238301113276838,0.6298369054992994,0.6238301113276838,0.6298369054992994,0.6238301113276838,0.6298369054992994,0.6238301113276838,0.6298369054992994,0.21156671190592627,0.227175528417251,0.21156671190592627,0.227175528417251,0.21156671190592627,0.227175528417251,0.6238301113276838,0.6298369054992994,0.6238301113276838,0.6298369054992994,0.6238301113276838,0.6298369054992994
0.615,0.615,0.2058908460872077,0.615,0.642,0.642,0.2468612205055708,0.642,0.6129562862632008,0.6177561970192805,0.6129562862632008,0.6177561970192805,0.6129562862632008,0.6177561970192805,0.6129562862632008,0.6177561970192805,0.6129562862632008,0.6177561970192805,0.6129562862632008,0.6177561970192805,0.19997311384114538,0.2150150626847466,0.19997311384114538,0.2150150626847466,0.19997311384114538,0.2150150626847466,0.6129562862632008,0.6177561970192805,0.6129562862632008,0.6177561970192805,0.6129562862632008,0.6177561970192805
0.624,0.624,0.2182562123681847,0.624,0.65,0.65,0.2522645701589472,0.65,0.6040390853589965,0.6131452729655311,0.6040390853589965,0.6131452729655311,0.6040390853589965,0.6131452729655311,0.6040390853589965,0.6131452729655311,0.6040390853589965,0.6131452729655311,0.6040390853589965,0.6131452729655311,0.19329044364512893,0.2351356011655429,0.19329044364512893,0.2351356011655429,0.19329044364512893,0.2351356011655429,0.6040390853589965,0.6131452729655311,0.6040390853589965,0.6131452729655311,0.6040390853589965,0.6131452729655311
0.63,0.63,0.2337386924682726,0.63,0.638,0.638,0.2364930989099989,0.638,0.6185920479307306,0.6145012257800847,0.6185920479307306,0.6145012257800847,0.6185920479307306,0.6145012257800847,0.6185920479307306,0.6145012257800847,0.6185920479307306,0.6145012257800847,0.6185920479307306,0.6145012257800847,0.22793416521750584,0.22328988473422054,0.22793416521750584,0.22328988473422054,0.22793416521750584,0.22328988473422054,0.6185920479307306,0.6145012257800847,0.6185920479307306,0.6145012257800847,0.6185920479307306,0.6145012257800847
0.624,0.624,0.2170613982117349,0.624,0.622,0.622,0.2133391049547148,0.622,0.6093973953068156,0.6031479333618558,0.6093973953068156,0.6031479333618558,0.6093973953068156,0.6031479333618558,0.6093973953068156,0.6031479333618558,0.6093973953068156,0.6031479333618558,0.6093973953068156,0.6031479333618558,0.22270026698618042,0.2410589117818647,0.22270026698618042,0.2410589117818647,0.22270026698618042,0.2410589117818647,0.6093973953068156,0.6031479333618558,0.6093973953068156,0.6031479333618558,0.6093973953068156,0.6031479333618558
0.617,0.617,0.2018771515974959,0.617,0.623,0.623,0.213252418674925,0.623,0.6000369805466587,0.5981202579234127,0.6000369805466587,0.5981202579234127,0.6000369805466587,0.5981202579234127,0.6000369805466587,0.5981202579234127,0.6000369805466587,0.5981202579234127,0.6000369805466587,0.5981202579234127,0.21999513905253526,0.22023995263096416,0.21999513905253526,0.22023995263096416,0.21999513905253526,0.22023995263096416,0.6000369805466587,0.5981202579234127,0.6000369805466587,0.5981202579234127,0.6000369805466587,0.5981202579234127
0.635,0.635,0.2423424695068792,0.635,0.623,0.623,0.2152569044903125,0.623,0.599678851648892,0.6060027456040801,0.599678851648892,0.6060027456040801,0.599678851648892,0.6060027456040801,0.599678851648892,0.6060027456040801,0.599678851648892,0.6060027456040801,0.599678851648892,0.6060027456040801,0.21331728604461223,0.22298467878123596,0.21331728604461223,0.22298467878123596,0.21331728604461223,0.22298467878123596,0.599678851648892,0.6060027456040801,0.599678851648892,0.6060027456040801,0.599678851648892,0.6060027456040801
0.614,0.614,0.2112791172864732,0.614,0.609,0.609,0.1818372044360744,0.609,0.6129875774168575,0.6127908534514507,0.6129875774168575,0.6127908534514507,0.6129875774168575,0.6127908534514507,0.6129875774168575,0.6127908534514507,0.6129875774168575,0.6127908534514507,0.6129875774168575,0.6127908534514507,0.20205480948234386,0.2342979504393918,0.20205480948234386,0.2342979504393918,0.20205480948234386,0.2342979504393918,0.6129875774168575,0.6127908534514507,0.6129875774168575,0.6127908534514507,0.6129875774168575,0.6127908534514507
0.619,0.619,0.2276192020759,0.619,0.615,0.615,0.2058908460872077,0.615,0.6093302217479595,0.608707664179745,0.6093302217479595,0.608707664179745,0.6093302217479595,0.608707664179745,0.6093302217479595,0.608707664179745,0.6093302217479595,0.608707664179745,0.6093302217479595,0.608707664179745,0.20063323668463676,0.2383133633880577,0.20063323668463676,0.2383133633880577,0.20063323668463676,0.2383133633880577,0.6093302217479595,0.608707664179745,0.6093302217479595,0.608707664179745,0.6093302217479595,0.608707664179745
0.6,0.6,0.1839132989488803,0.6,0.624,0.624,0.2182562123681847,0.624,0.6011757209088319,0.5916605517411023,0.6011757209088319,0.5916605517411023,0.6011757209088319,0.5916605517411023,0.6011757209088319,0.5916605517411023,0.6011757209088319,0.5916605517411023,0.6011757209088319,0.5916605517411023,0.18112282094339469,0.2144378970169041,0.18112282094339469,0.2144378970169041,0.18112282094339469,0.2144378970169041,0.6011757209088319,0.5916605517411023,0.6011757209088319,0.5916605517411023,0.6011757209088319,0.5916605517411023
0.592,0.592,0.1608288049626279,0.592,0.63,0.63,0.2337386924682726,0.63,0.6183303241985811,0.5996677255182294,0.6183303241985811,0.5996677255182294,0.6183303241985811,0.5996677255182294,0.6183303241985811,0.5996677255182294,0.6183303241985811,0.5996677255182294,0.6183303241985811,0.5996677255182294,0.19101936070843392,0.2095226706993035,0.19101936070843392,0.2095226706993035,0.19101936070843392,0.2095226706993035,0.6183303241985811,0.5996677255182294,0.6183303241985811,0.5996677255182294,0.6183303241985811,0.5996677255182294
0.6,0.6,0.1710428695180028,0.6,0.624,0.624,0.2170613982117349,0.624,0.6010923302642946,0.5827843070399774,0.6010923302642946,0.5827843070399774,0.6010923302642946,0.5827843070399774,0.6010923302642946,0.5827843070399774,0.6010923302642946,0.5827843070399774,0.6010923302642946,0.5827843070399774,0.17964111023805818,0.20568937296467518,0.17964111023805818,0.20568937296467518,0.17964111023805818,0.20568937296467518,0.6010923302642946,0.5827843070399774,0.6010923302642946,0.5827843070399774,0.6010923302642946,0.5827843070399774
0.622,0.622,0.2140718562874252,0.622,0.617,0.617,0.2018771515974959,0.617,0.6139945615063201,0.6099321779456425,0.6139945615063201,0.6099321779456425,0.6139945615063201,0.6099321779456425,0.6139945615063201,0.6099321779456425,0.6139945615063201,0.6099321779456425,0.6139945615063201,0.6099321779456425,0.21362051096510518,0.2233086675064237,0.21362051096510518,0.2233086675064237,0.21362051096510518,0.2233086675064237,0.6139945615063201,0.6099321779456425,0.6139945615063201,0.6099321779456425,0.6139945615063201,0.6099321779456425
0.636,0.636,0.2186695057869971,0.636,0.635,0.635,0.2423424695068792,0.635,0.6194114779086931,0.6145370707245332,0.6194114779086931,0.6145370707245332,0.6194114779086931,0.6145370707245332,0.6194114779086931,0.6145370707245332,0.6194114779086931,0.6145370707245332,0.6194114779086931,0.6145370707245332,0.19559094285364265,0.20688628475843446,0.19559094285364265,0.20688628475843446,0.19559094285364265,0.20688628475843446,0.6194114779086931,0.6145370707245332,0.6194114779086931,0.6145370707245332,0.6194114779086931,0.6145370707245332
0.637,0.637,0.1897827814333033,0.637,0.614,0.614,0.2112791172864732,0.614,0.6174075396914469,0.6085740722970164,0.6174075396914469,0.6085740722970164,0.6174075396914469,0.6085740722970164,0.6174075396914469,0.6085740722970164,0.6174075396914469,0.6085740722970164,0.6174075396914469,0.6085740722970164,0.16142762987886464,0.21217911950565516,0.16142762987886464,0.21217911950565516,0.16142762987886464,0.21217911950565516,0.6174075396914469,0.6085740722970164,0.6174075396914469,0.6085740722970164,0.6174075396914469,0.6085740722970164
0.612,0.612,0.1071223104360833,0.612,0.619,0.619,0.2276192020759,0.619,0.6066844909979876,0.5961772152499217,0.6066844909979876,0.5961772152499217,0.6066844909979876,0.5961772152499217,0.6066844909979876,0.5961772152499217,0.6066844909979876,0.5961772152499217,0.6066844909979876,0.5961772152499217,0.13706226238647604,0.17158872117344476,0.13706226238647604,0.17158872117344476,0.13706226238647604,0.17158872117344476,0.6066844909979876,0.5961772152499217,0.6066844909979876,0.5961772152499217,0.6066844909979876,0.5961772152499217
0.635,0.635,0.0885481696049542,0.635,0.6,0.6,0.1839132989488803,0.6,0.6351969351830288,0.5972755493521211,0.6351969351830288,0.5972755493521211,0.6351969351830288,0.5972755493521211,0.6351969351830288,0.5972755493521211,0.6351969351830288,0.5972755493521211,0.6351969351830288,0.5972755493521211,0.15684731866311313,0.1765964713657122,0.15684731866311313,0.1765964713657122,0.15684731866311313,0.1765964713657122,0.6351969351830288,0.5972755493521211,0.6351969351830288,0.5972755493521211,0.6351969351830288,0.5972755493521211
0.704,0.704,0.0950226244343891,0.704,0.592,0.592,0.1608288049626279,0.592,0.7259129949869073,0.6778144599569378,0.7259129949869073,0.6778144599569378,0.7259129949869073,0.6778144599569378,0.7259129949869073,0.6778144599569378,0.7259129949869073,0.6778144599569378,0.7259129949869073,0.6778144599569378,0.19995857436790823,0.2001648627752687,0.19995857436790823,0.2001648627752687,0.19995857436790823,0.2001648627752687,0.7259129949869073,0.6778144599569378,0.7259129949869073,0.6778144599569378,0.7259129949869073,0.6778144599569378
0.777,0.777,0.10510770811262,0.777,0.6,0.6,0.1710428695180028,0.6,0.7763060005742405,0.7727972852669194,0.7763060005742405,0.7727972852669194,0.7763060005742405,0.7727972852669194,0.7763060005742405,0.7727972852669194,0.7763060005742405,0.7727972852669194,0.7763060005742405,0.7727972852669194,0.12290249986667594,0.10551784521906658,0.12290249986667594,0.10551784521906658,0.12290249986667594,0.10551784521906658,0.7763060005742405,0.7727972852669194,0.7763060005742405,0.7727972852669194,0.7763060005742405,0.7727972852669194
0.804,0.804,0.0,0.804,0.622,0.622,0.2140718562874252,0.622,0.8138666678507646,0.8184603969858278,0.8138666678507646,0.8184603969858278,0.8138666678507646,0.8184603969858278,0.8138666678507646,0.8184603969858278,0.8138666678507646,0.8184603969858278,0.8138666678507646,0.8184603969858278,0.028473770210793364,0.007675440593456733,0.028473770210793364,0.007675440593456733,0.028473770210793364,0.007675440593456733,0.8138666678507646,0.8184603969858278,0.8138666678507646,0.8184603969858278,0.8138666678507646,0.8184603969858278
0.793,0.793,0.003677249186577,0.793,0.636,0.636,0.2186695057869971,0.636,0.7961934546195952,0.8046184771585062,0.7961934546195952,0.8046184771585062,0.7961934546195952,0.8046184771585062,0.7961934546195952,0.8046184771585062,0.7961934546195952,0.8046184771585062,0.7961934546195952,0.8046184771585062,0.009101478180454314,0.006986445209610041,0.009101478180454314,0.006986445209610041,0.009101478180454314,0.006986445209610041,0.7961934546195952,0.8046184771585062,0.7961934546195952,0.8046184771585062,0.7961934546195952,0.8046184771585062
0.75,0.75,0.0144676154058422,0.75,0.637,0.637,0.1897827814333033,0.637,0.782393450732483,0.7882099667852857,0.782393450732483,0.7882099667852857,0.782393450732483,0.7882099667852857,0.782393450732483,0.7882099667852857,0.782393450732483,0.7882099667852857,0.782393450732483,0.7882099667852857,0.008593198494450458,0.006583155194601869,0.008593198494450458,0.006583155194601869,0.008593198494450458,0.006583155194601869,0.782393450732483,0.7882099667852857,0.782393450732483,0.7882099667852857,0.782393450732483,0.7882099667852857
0.735,0.735,0.0141662450522305,0.735,0.612,0.612,0.1071223104360833,0.612,0.7812081135806206,0.7697451642888029,0.7812081135806206,0.7697451642888029,0.7812081135806206,0.7697451642888029,0.7812081135806206,0.7697451642888029,0.7812081135806206,0.7697451642888029,0.7812081135806206,0.7697451642888029,0.008991055694207785,0.016273664296377877,0.008991055694207785,0.016273664296377877,0.008991055694207785,0.016273664296377877,0.7812081135806206,0.7697451642888029,0.7812081135806206,0.7697451642888029,0.7812081135806206,0.7697451642888029
0.72,0.72,0.0207050923335199,0.72,0.635,0.635,0.0885481696049542,0.635,0.7849663001373639,0.7754227140497436,0.7849663001373639,0.7754227140497436,0.7849663001373639,0.7754227140497436,0.7849663001373639,0.7754227140497436,0.7849663001373639,0.7754227140497436,0.7849663001373639,0.7754227140497436,0.011159233957742584,0.01274204049611198,0.011159233957742584,0.01274204049611198,0.011159233957742584,0.01274204049611198,0.7849663001373639,0.7754227140497436,0.7849663001373639,0.7754227140497436,0.7849663001373639,0.7754227140497436
0.72,0.72,0.0341830223172709,0.72,0.704,0.704,0.0950226244343891,0.704,0.7716546914280846,0.759407782908591,0.7716546914280846,0.759407782908591,0.7716546914280846,0.759407782908591,0.7716546914280846,0.759407782908591,0.7716546914280846,0.759407782908591,0.7716546914280846,0.759407782908591,0.01424537279992148,0.011234316921437443,0.01424537279992148,0.011234316921437443,0.01424537279992148,0.011234316921437443,0.7716546914280846,0.759407782908591,0.7716546914280846,0.759407782908591,0.7716546914280846,0.759407782908591
0.705,0.705,0.0339398226379009,0.705,0.777,0.777,0.10510770811262,0.777,0.7195027968714105,0.6970581660238299,0.7195027968714105,0.6970581660238299,0.7195027968714105,0.6970581660238299,0.7195027968714105,0.6970581660238299,0.7195027968714105,0.6970581660238299,0.7195027968714105,0.6970581660238299,0.01730400474294696,0.016748422350820174,0.01730400474294696,0.016748422350820174,0.01730400474294696,0.016748422350820174,0.7195027968714105,0.6970581660238299,0.7195027968714105,0.6970581660238299,0.7195027968714105,0.6970581660238299
0.681,0.681,0.0761656530553142,0.681,0.804,0.804,0.0,0.804,0.676067215190322,0.665951837965328,0.676067215190322,0.665951837965328,0.676067215190322,0.665951837965328,0.676067215190322,0.665951837965328,0.676067215190322,0.665951837965328,0.676067215190322,0.665951837965328,0.09598488530499483,0.052803767753525015,0.09598488530499483,0.052803767753525015,0.09598488530499483,0.052803767753525015,0.676067215190322,0.665951837965328,0.676067215190322,0.665951837965328,0.676067215190322,0.665951837965328
0.635,0.635,0.0772948813881529,0.635,0.793,0.793,0.003677249186577,0.793,0.6191524970063221,0.6209472284114891,0.6191524970063221,0.6209472284114891,0.6191524970063221,0.6209472284114891,0.6191524970063221,0.6209472284114891,0.6191524970063221,0.6209472284114891,0.6191524970063221,0.6209472284114891,0.10179819980961384,0.11252328181029084,0.10179819980961384,0.11252328181029084,0.10179819980961384,0.11252328181029084,0.6191524970063221,0.6209472284114891,0.6191524970063221,0.6209472284114891,0.6191524970063221,0.6209472284114891
0.585,0.585,0.0734207964562253,0.585,0.75,0.75,0.0144676154058422,0.75,0.5934063795040537,0.588621137349079,0.5934063795040537,0.588621137349079,0.5934063795040537,0.588621137349079,0.5934063795040537,0.588621137349079,0.5934063795040537,0.588621137349079,0.5934063795040537,0.588621137349079,0.12908625337480628,0.10708910205348976,0.12908625337480628,0.10708910205348976,0.12908625337480628,0.10708910205348976,0.5934063795040537,0.588621137349079,0.5934063795040537,0.588621137349079,0.5934063795040537,0.588621137349079
0.555,0.555,0.0500789821969859,0.555,0.735,0.735,0.0141662450522305,0.735,0.5936003735439079,0.589542519743295,0.5936003735439079,0.589542519743295,0.5936003735439079,0.589542519743295,0.5936003735439079,0.589542519743295,0.5936003735439079,0.589542519743295,0.5936003735439079,0.589542519743295,0.14123596794151458,0.11729017492394356,0.14123596794151458,0.11729017492394356,0.14123596794151458,0.11729017492394356,0.5936003735439079,0.589542519743295,0.5936003735439079,0.589542519743295,0.5936003735439079,0.589542519743295
0.542,0.542,0.0581403000789682,0.542,0.72,0.72,0.0207050923335199,0.72,0.6081774098610968,0.5910638878484171,0.6081774098610968,0.5910638878484171,0.6081774098610968,0.5910638878484171,0.6081774098610968,0.5910638878484171,0.6081774098610968,0.5910638878484171,0.6081774098610968,0.5910638878484171,0.17140715134377607,0.15229415388773015,0.17140715134377607,0.15229415388773015,0.17140715134377607,0.15229415388773015,0.6081774098610968,0.5910638878484171,0.6081774098610968,0.5910638878484171,0.6081774098610968,0.5910638878484171
0.551,0.551,0.0446401974552108,0.551,0.72,0.72,0.0341830223172709,0.72,0.6022935096269747,0.6011581254413055,0.6022935096269747,0.6011581254413055,0.6022935096269747,0.6011581254413055,0.6022935096269747,0.6011581254413055,0.6022935096269747,0.6011581254413055,0.6022935096269747,0.6011581254413055,0.13315185230507015,0.15148178570117984,0.13315185230507015,0.15148178570117984,0.13315185230507015,0.15148178570117984,0.6022935096269747,0.6011581254413055,0.6022935096269747,0.6011581254413055,0.6022935096269747,0.6011581254413055
0.569,0.569,0.0700384067664954,0.569,0.705,0.705,0.0339398226379009,0.705,0.6191068130563734,0.6115297527054797,0.6191068130563734,0.6115297527054797,0.6191068130563734,0.6115297527054797,0.6191068130563734,0.6115297527054797,0.6191068130563734,0.6115297527054797,0.6191068130563734,0.6115297527054797,0.15298296938948938,0.16445422326919543,0.15298296938948938,0.16445422326919543,0.15298296938948938,0.16445422326919543,0.6191068130563734,0.6115297527054797,0.6191068130563734,0.6115297527054797,0.6191068130563734,0.6115297527054797
0.576,0.576,0.1078379800105208,0.576,0.681,0.681,0.0761656530553142,0.681,0.613523031940949,0.6154122687338145,0.613523031940949,0.6154122687338145,0.613523031940949,0.6154122687338145,0.613523031940949,0.6154122687338145,0.613523031940949,0.6154122687338145,0.613523031940949,0.6154122687338145,0.15710842751326384,0.17255870696151374,0.15710842751326384,0.17255870696151374,0.15710842751326384,0.17255870696151374,0.613523031940949,0.6154122687338145,0.613523031940949,0.6154122687338145,0.613523031940949,0.6154122687338145
0.564,0.564,0.0916818053032448,0.564,0.635,0.635,0.0772948813881529,0.635,0.6151702249133421,0.6186901723141258,0.6151702249133421,0.6186901723141258,0.6151702249133421,0.6186901723141258,0.6151702249133421,0.6186901723141258,0.6151702249133421,0.6186901723141258,0.6151702249133421,0.6186901723141258,0.17975951402444681,0.18449897920542427,0.17975951402444681,0.18449897920542427,0.17975951402444681,0.18449897920542427,0.6151702249133421,0.6186901723141258,0.6151702249133421,0.6186901723141258,0.6151702249133421,0.6186901723141258
0.576,0.576,0.118459133096038,0.576,0.585,0.585,0.0734207964562253,0.585,0.6014953902134702,0.6021172757811155,0.6014953902134702,0.6021172757811155,0.6014953902134702,0.6021172757811155,0.6014953902134702,0.6021172757811155,0.6014953902134702,0.6021172757811155,0.6014953902134702,0.6021172757811155,0.18772102060442064,0.19086350146833897,0.18772102060442064,0.19086350146833897,0.18772102060442064,0.19086350146833897,0.6014953902134702,0.6021172757811155,0.6014953902134702,0.6021172757811155,0.6014953902134702,0.6021172757811155
0.567,0.567,0.0907945573660339,0.567,0.555,0.555,0.0500789821969859,0.555,0.619234266408612,0.614516432552916,0.619234266408612,0.614516432552916,0.619234266408612,0.614516432552916,0.619234266408612,0.614516432552916,0.619234266408612,0.614516432552916,0.619234266408612,0.614516432552916,0.18857011021783857,0.19023187700205463,0.18857011021783857,0.19023187700205463,0.18857011021783857,0.19023187700205463,0.619234266408612,0.614516432552916,0.619234266408612,0.614516432552916,0.619234266408612,0.614516432552916
0.588,0.588,0.1316480561140829,0.588,0.542,0.542,0.0581403000789682,0.542,0.623961656495344,0.618151818388486,0.623961656495344,0.618151818388486,0.623961656495344,0.618151818388486,0.623961656495344,0.618151818388486,0.623961656495344,0.618151818388486,0.623961656495344,0.618151818388486,0.2056423468595924,0.2005064993340232,0.2056423468595924,0.2005064993340232,0.2056423468595924,0.2005064993340232,0.623961656495344,0.618151818388486,0.623961656495344,0.618151818388486,0.623961656495344,0.618151818388486
0.57,0.57,0.1131643533318209,0.57,0.551,0.551,0.0446401974552108,0.551,0.6182362937404846,0.6210188203280606,0.6182362937404846,0.6210188203280606,0.6182362937404846,0.6210188203280606,0.6182362937404846,0.6210188203280606,0.6182362937404846,0.6210188203280606,0.6182362937404846,0.6210188203280606,0.21095405043261514,0.20697401581149774,0.21095405043261514,0.20697401581149774,0.21095405043261514,0.20697401581149774,0.6182362937404846,0.6210188203280606,0.6182362937404846,0.6210188203280606,0.6182362937404846,0.6210188203280606
0.58,0.58,0.1375344986200551,0.58,0.569,0.569,0.0700384067664954,0.569,0.6257476289819137,0.6365142423644106,0.6257476289819137,0.6365142423644106,0.6257476289819137,0.6365142423644106,0.6257476289819137,0.6365142423644106,0.6257476289819137,0.6365142423644106,0.6257476289819137,0.6365142423644106,0.21307700641190291,0.21636060163377085,0.21307700641190291,0.21636060163377085,0.21307700641190291,0.21636060163377085,0.6257476289819137,0.6365142423644106,0.6257476289819137,0.6365142423644106,0.6257476289819137,0.6365142423644106
0.576,0.576,0.1344713130315142,0.576,0.576,0.576,0.1078379800105208,0.576,0.6137081162145643,0.6135385904797763,0.6137081162145643,0.6135385904797763,0.6137081162145643,0.6135385904797763,0.6137081162145643,0.6135385904797763,0.6137081162145643,0.6135385904797763,0.6137081162145643,0.6135385904797763,0.17565341783646565,0.1778249186403557,0.17565341783646565,0.1778249186403557,0.17565341783646565,0.1778249186403557,0.6137081162145643,0.6135385904797763,0.6137081162145643,0.6135385904797763,0.6137081162145643,0.6135385904797763
0.571,0.571,0.1283464182961915,0.571,0.564,0.564,0.0916818053032448,0.564,0.6270692896381406,0.6330729199983082,0.6270692896381406,0.6330729199983082,0.6270692896381406,0.6330729199983082,0.6270692896381406,0.6330729199983082,0.6270692896381406,0.6330729199983082,0.6270692896381406,0.6330729199983082,0.18973372467899793,0.19742149939183276,0.18973372467899793,0.19742149939183276,0.18973372467899793,0.19742149939183276,0.6270692896381406,0.6330729199983082,0.6270692896381406,0.6330729199983082,0.6270692896381406,0.6330729199983082
0.558,0.558,0.1074601789926011,0.558,0.576,0.576,0.118459133096038,0.576,0.6503640453191782,0.6693648821484085,0.6503640453191782,0.6693648821484085,0.6503640453191782,0.6693648821484085,0.6503640453191782,0.6693648821484085,0.6503640453191782,0.6693648821484085,0.6503640453191782,0.6693648821484085,0.19909981669548574,0.2024584577578517,0.19909981669548574,0.2024584577578517,0.19909981669548574,0.2024584577578517,0.6503640453191782,0.6693648821484085,0.6503640453191782,0.6693648821484085,0.6503640453191782,0.6693648821484085
0.549,0.549,0.0934308916941385,0.549,0.567,0.567,0.0907945573660339,0.567,0.6545803903967292,0.6615349697617162,0.6545803903967292,0.6615349697617162,0.6545803903967292,0.6615349697617162,0.6545803903967292,0.6615349697617162,0.6545803903967292,0.6615349697617162,0.6545803903967292,0.6615349697617162,0.18345554597121358,0.20131871499562437,0.18345554597121358,0.20131871499562437,0.18345554597121358,0.20131871499562437,0.6545803903967292,0.6615349697617162,0.6545803903967292,0.6615349697617162,0.6545803903967292,0.6615349697617162
0.552,0.552,0.0968470284654462,0.552,0.588,0.588,0.1316480561140829,0.588,0.6147327253783197,0.6304186878378397,0.6147327253783197,0.6304186878378397,0.6147327253783197,0.6304186878378397,0.6147327253783197,0.6304186878378397,0.6147327253783197,0.6304186878378397,0.6147327253783197,0.6304186878378397,0.18187906755444858,0.18545873877401664,0.18187906755444858,0.18545873877401664,0.18187906755444858,0.18545873877401664,0.6147327253783197,0.6304186878378397,0.6147327253783197,0.6304186878378397,0.6147327253783197,0.6304186878378397
0.54,0.54,0.0835302415097046,0.54,0.57,0.57,0.1131643533318209,0.57,0.6043433641588153,0.608073234437846,0.6043433641588153,0.608073234437846,0.6043433641588153,0.608073234437846,0.6043433641588153,0.608073234437846,0.6043433641588153,0.608073234437846,0.6043433641588153,0.608073234437846,0.16034412586522018,0.1752049662977711,0.16034412586522018,0.1752049662977711,0.16034412586522018,0.1752049662977711,0.6043433641588153,0.608073234437846,0.6043433641588153,0.608073234437846,0.6043433641588153,0.608073234437846
0.521,0.521,0.0558450876349214,0.521,0.58,0.58,0.1375344986200551,0.58,0.5920777283697041,0.5717728433134045,0.5920777283697041,0.5717728433134045,0.5920777283697041,0.5717728433134045,0.5920777283697041,0.5717728433134045,0.5920777283697041,0.5717728433134045,0.5920777283697041,0.5717728433134045,0.1608411464823884,0.14660392679137665,0.1608411464823884,0.14660392679137665,0.1608411464823884,0.14660392679137665,0.5920777283697041,0.5717728433134045,0.5920777283697041,0.5717728433134045,0.5920777283697041,0.5717728433134045
0.538,0.538,0.093235774400201,0.538,0.576,0.576,0.1344713130315142,0.576,0.5954204128989921,0.5784692900731561,0.5954204128989921,0.5784692900731561,0.5954204128989921,0.5784692900731561,0.5954204128989921,0.5784692900731561,0.5954204128989921,0.5784692900731561,0.5954204128989921,0.5784692900731561,0.15843924605814286,0.14951924911017658,0.15843924605814286,0.14951924911017658,0.15843924605814286,0.14951924911017658,0.5954204128989921,0.5784692900731561,0.5954204128989921,0.5784692900731561,0.5954204128989921,0.5784692900731561
0.541,0.541,0.1022110253962789,0.541,0.571,0.571,0.1283464182961915,0.571,0.597732948019037,0.5867721271117833,0.597732948019037,0.5867721271117833,0.597732948019037,0.5867721271117833,0.597732948019037,0.5867721271117833,0.597732948019037,0.5867721271117833,0.597732948019037,0.5867721271117833,0.1553159657726564,0.14156352867251445,0.1553159657726564,0.14156352867251445,0.1553159657726564,0.14156352867251445,0.597732948019037,0.5867721271117833,0.597732948019037,0.5867721271117833,0.597732948019037,0.5867721271117833
0.551,0.551,0.1203667424183059,0.551,0.558,0.558,0.1074601789926011,0.558,0.6053376129120625,0.5980113760590178,0.6053376129120625,0.5980113760590178,0.6053376129120625,0.5980113760590178,0.6053376129120625,0.5980113760590178,0.6053376129120625,0.5980113760590178,0.6053376129120625,0.5980113760590178,0.16788096262371288,0.15473133123427868,0.16788096262371288,0.15473133123427868,0.16788096262371288,0.15473133123427868,0.6053376129120625,0.5980113760590178,0.6053376129120625,0.5980113760590178,0.6053376129120625,0.5980113760590178
0.555,0.555,0.1286469551595849,0.555,0.549,0.549,0.0934308916941385,0.549,0.6100015434087149,0.6048604685877764,0.6100015434087149,0.6048604685877764,0.6100015434087149,0.6048604685877764,0.6100015434087149,0.6048604685877764,0.6100015434087149,0.6048604685877764,0.6100015434087149,0.6048604685877764,0.17209463643321973,0.1820544028028816,0.17209463643321973,0.1820544028028816,0.17209463643321973,0.1820544028028816,0.6100015434087149,0.6048604685877764,0.6100015434087149,0.6048604685877764,0.6100015434087149,0.6048604685877764
0.56,0.56,0.1380796414411309,0.56,0.552,0.552,0.0968470284654462,0.552,0.61540755970528,0.611714661673475,0.61540755970528,0.611714661673475,0.61540755970528,0.611714661673475,0.61540755970528,0.611714661673475,0.61540755970528,0.611714661673475,0.61540755970528,0.611714661673475,0.16812205333606325,0.1931434730943936,0.16812205333606325,0.1931434730943936,0.16812205333606325,0.1931434730943936,0.61540755970528,0.611714661673475,0.61540755970528,0.611714661673475,0.61540755970528,0.611714661673475
0.557,0.557,0.1265635104654647,0.557,0.54,0.54,0.0835302415097046,0.54,0.6109291061551542,0.5880065748669033,0.6109291061551542,0.5880065748669033,0.6109291061551542,0.5880065748669033,0.6109291061551542,0.5880065748669033,0.6109291061551542,0.5880065748669033,0.6109291061551542,0.5880065748669033,0.15912151271869046,0.15081766993939089,0.15912151271869046,0.15081766993939089,0.15912151271869046,0.15081766993939089,0.6109291061551542,0.5880065748669033,0.6109291061551542,0.5880065748669033,0.6109291061551542,0.5880065748669033
0.56,0.56,0.1365675420040268,0.56,0.521,0.521,0.0558450876349214,0.521,0.6177527719653612,0.6211347925767537,0.6177527719653612,0.6211347925767537,0.6177527719653612,0.6211347925767537,0.6177527719653612,0.6211347925767537,0.6177527719653612,0.6211347925767537,0.6177527719653612,0.6211347925767537,0.19523077415809845,0.17984657943661325,0.19523077415809845,0.17984657943661325,0.19523077415809845,0.17984657943661325,0.6177527719653612,0.6211347925767537,0.6177527719653612,0.6211347925767537,0.6177527719653612,0.6211347925767537
0.565,0.565,0.1533077444118311,0.565,0.538,0.538,0.093235774400201,0.538,0.629758708196605,0.6148826694692604,0.629758708196605,0.6148826694692604,0.629758708196605,0.6148826694692604,0.629758708196605,0.6148826694692604,0.629758708196605,0.6148826694692604,0.629758708196605,0.6148826694692604,0.1886798874258545,0.16678075765555317,0.1886798874258545,0.16678075765555317,0.1886798874258545,0.16678075765555317,0.629758708196605,0.6148826694692604,0.629758708196605,0.6148826694692604,0.629758708196605,0.6148826694692604
0.562,0.562,0.1503164004454049,0.562,0.541,0.541,0.1022110253962789,0.541,0.6289256590328229,0.6177381364610581,0.6289256590328229,0.6177381364610581,0.6289256590328229,0.6177381364610581,0.6289256590328229,0.6177381364610581,0.6289256590328229,0.6177381364610581,0.6289256590328229,0.6177381364610581,0.18246086561964955,0.16368375991220008,0.18246086561964955,0.16368375991220008,0.18246086561964955,0.16368375991220008,0.6289256590328229,0.6177381364610581,0.6289256590328229,0.6177381364610581,0.6289256590328229,0.6177381364610581
0.552,0.552,0.1368148467846354,0.552,0.551,0.551,0.1203667424183059,0.551,0.6449239450542894,0.6392295473940369,0.6449239450542894,0.6392295473940369,0.6449239450542894,0.6392295473940369,0.6449239450542894,0.6392295473940369,0.6449239450542894,0.6392295473940369,0.6449239450542894,0.6392295473940369,0.20117451161043953,0.19041152131398142,0.20117451161043953,0.19041152131398142,0.20117451161043953,0.19041152131398142,0.6449239450542894,0.6392295473940369,0.6449239450542894,0.6392295473940369,0.6449239450542894,0.6392295473940369
0.544,0.544,0.1114575214341387,0.544,0.555,0.555,0.1286469551595849,0.555,0.6329029619418742,0.6350663401263019,0.6329029619418742,0.6350663401263019,0.6329029619418742,0.6350663401263019,0.6329029619418742,0.6350663401263019,0.6329029619418742,0.6350663401263019,0.6329029619418742,0.6350663401263019,0.20770815423094943,0.20606231768627487,0.20770815423094943,0.20606231768627487,0.20770815423094943,0.20606231768627487,0.6329029619418742,0.6350663401263019,0.6329029619418742,0.6350663401263019,0.6329029619418742,0.6350663401263019
0.561,0.561,0.1446830066632896,0.561,0.56,0.56,0.1380796414411309,0.56,0.6187375019800178,0.6134759525967604,0.6187375019800178,0.6134759525967604,0.6187375019800178,0.6134759525967604,0.6187375019800178,0.6134759525967604,0.6187375019800178,0.6134759525967604,0.6187375019800178,0.6134759525967604,0.2098655812135745,0.197716468821377,0.2098655812135745,0.197716468821377,0.2098655812135745,0.197716468821377,0.6187375019800178,0.6134759525967604,0.6187375019800178,0.6134759525967604,0.6187375019800178,0.6134759525967604
0.576,0.576,0.1696173972989063,0.576,0.557,0.557,0.1265635104654647,0.557,0.6247317070932601,0.6104566325064512,0.6247317070932601,0.6104566325064512,0.6247317070932601,0.6104566325064512,0.6247317070932601,0.6104566325064512,0.6247317070932601,0.6104566325064512,0.6247317070932601,0.6104566325064512,0.1939034051949259,0.17878606170063444,0.1939034051949259,0.17878606170063444,0.1939034051949259,0.17878606170063444,0.6247317070932601,0.6104566325064512,0.6247317070932601,0.6104566325064512,0.6247317070932601,0.6104566325064512
0.576,0.576,0.1723308646409594,0.576,0.56,0.56,0.1365675420040268,0.56,0.6131670939189928,0.5976841736485122,0.6131670939189928,0.5976841736485122,0.6131670939189928,0.5976841736485122,0.6131670939189928,0.5976841736485122,0.6131670939189928,0.5976841736485122,0.6131670939189928,0.5976841736485122,0.19348691678107807,0.1819437979219375,0.19348691678107807,0.1819437979219375,0.19348691678107807,0.1819437979219375,0.6131670939189928,0.5976841736485122,0.6131670939189928,0.5976841736485122,0.6131670939189928,0.5976841736485122
0.581,0.581,0.183649612282274,0.581,0.565,0.565,0.1533077444118311,0.565,0.6310342307512986,0.6113921019090213,0.6310342307512986,0.6113921019090213,0.6310342307512986,0.6113921019090213,0.6310342307512986,0.6113921019090213,0.6310342307512986,0.6113921019090213,0.6310342307512986,0.6113921019090213,0.19668415978336298,0.1775076367419054,0.19668415978336298,0.1775076367419054,0.19668415978336298,0.1775076367419054,0.6310342307512986,0.6113921019090213,0.6310342307512986,0.6113921019090213,0.6310342307512986,0.6113921019090213
0.559,0.559,0.1397069151177489,0.559,0.562,0.562,0.1503164004454049,0.562,0.6282146629685511,0.6219416864191307,0.6282146629685511,0.6219416864191307,0.6282146629685511,0.6219416864191307,0.6282146629685511,0.6219416864191307,0.6282146629685511,0.6219416864191307,0.6282146629685511,0.6219416864191307,0.1932909605740772,0.17672060994286504,0.1932909605740772,0.17672060994286504,0.1932909605740772,0.17672060994286504,0.6282146629685511,0.6219416864191307,0.6282146629685511,0.6219416864191307,0.6282146629685511,0.6219416864191307
0.571,0.571,0.1625019522099016,0.571,0.552,0.552,0.1368148467846354,0.552,0.6120588134472927,0.6243379264633913,0.6120588134472927,0.6243379264633913,0.6120588134472927,0.6243379264633913,0.6120588134472927,0.6243379264633913,0.6120588134472927,0.6243379264633913,0.6120588134472927,0.6243379264633913,0.2041709020037716,0.2034558093427985,0.2041709020037716,0.2034558093427985,0.2041709020037716,0.2034558093427985,0.6120588134472927,0.6243379264633913,0.6120588134472927,0.6243379264633913,0.6120588134472927,0.6243379264633913
0.572,0.572,0.1643334387678995,0.572,0.544,0.544,0.1114575214341387,0.544,0.6223403343970939,0.6049116932828124,0.6223403343970939,0.6049116932828124,0.6223403343970939,0.6049116932828124,0.6223403343970939,0.6049116932828124,0.6223403343970939,0.6049116932828124,0.6223403343970939,0.6049116932828124,0.18682902977815224,0.15699126451251327,0.18682902977815224,0.15699126451251327,0.18682902977815224,0.15699126451251327,0.6223403343970939,0.6049116932828124,0.6223403343970939,0.6049116932828124,0.6223403343970939,0.6049116932828124
0.586,0.586,0.1895066562255285,0.586,0.561,0.561,0.1446830066632896,0.561,0.6287147483608849,0.635915749987092,0.6287147483608849,0.635915749987092,0.6287147483608849,0.635915749987092,0.6287147483608849,0.635915749987092,0.6287147483608849,0.635915749987092,0.6287147483608849,0.635915749987092,0.21173428518433562,0.21868959493368959,0.21173428518433562,0.21868959493368959,0.21173428518433562,0.21868959493368959,0.6287147483608849,0.635915749987092,0.6287147483608849,0.635915749987092,0.6287147483608849,0.635915749987092
0.594,0.594,0.214006938421509,0.594,0.576,0.576,0.1696173972989063,0.576,0.6427045300814054,0.6329456912030433,0.6427045300814054,0.6329456912030433,0.6427045300814054,0.6329456912030433,0.6427045300814054,0.6329456912030433,0.6427045300814054,0.6329456912030433,0.6427045300814054,0.6329456912030433,0.2286038809278277,0.21984069629169598,0.2286038809278277,0.21984069629169598,0.2286038809278277,0.21984069629169598,0.6427045300814054,0.6329456912030433,0.6427045300814054,0.6329456912030433,0.6427045300814054,0.6329456912030433
0.588,0.588,0.2016617836270907,0.588,0.576,0.576,0.1723308646409594,0.576,0.6496771487575559,0.6434403977084544,0.6496771487575559,0.6434403977084544,0.6496771487575559,0.6434403977084544,0.6496771487575559,0.6434403977084544,0.6496771487575559,0.6434403977084544,0.6496771487575559,0.6434403977084544,0.23569815374366013,0.225143636174653,0.23569815374366013,0.225143636174653,0.23569815374366013,0.225143636174653,0.6496771487575559,0.6434403977084544,0.6496771487575559,0.6434403977084544,0.6496771487575559,0.6434403977084544
0.582,0.582,0.1847020456566854,0.582,0.581,0.581,0.183649612282274,0.581,0.6372849443116243,0.6311310758841221,0.6372849443116243,0.6311310758841221,0.6372849443116243,0.6311310758841221,0.6372849443116243,0.6311310758841221,0.6372849443116243,0.6311310758841221,0.6372849443116243,0.6311310758841221,0.23580616847693042,0.2033238378574099,0.23580616847693042,0.2033238378574099,0.23580616847693042,0.2033238378574099,0.6372849443116243,0.6311310758841221,0.6372849443116243,0.6311310758841221,0.6372849443116243,0.6311310758841221
0.578,0.578,0.1810786474989909,0.578,0.559,0.559,0.1397069151177489,0.559,0.6349646661407644,0.6272315661676758,0.6349646661407644,0.6272315661676758,0.6349646661407644,0.6272315661676758,0.6349646661407644,0.6272315661676758,0.6349646661407644,0.6272315661676758,0.6349646661407644,0.6272315661676758,0.20865836930938508,0.19977172766047188,0.20865836930938508,0.19977172766047188,0.20865836930938508,0.19977172766047188,0.6349646661407644,0.6272315661676758,0.6349646661407644,0.6272315661676758,0.6349646661407644,0.6272315661676758
0.576,0.576,0.1763791763791763,0.576,0.571,0.571,0.1625019522099016,0.571,0.6312857991987582,0.6281668088219418,0.6312857991987582,0.6281668088219418,0.6312857991987582,0.6281668088219418,0.6312857991987582,0.6281668088219418,0.6312857991987582,0.6281668088219418,0.6312857991987582,0.6281668088219418,0.2198900489599857,0.19092941614504952,0.2198900489599857,0.19092941614504952,0.2198900489599857,0.19092941614504952,0.6312857991987582,0.6281668088219418,0.6312857991987582,0.6281668088219418,0.6312857991987582,0.6281668088219418
0.581,0.581,0.1898998491937666,0.581,0.572,0.572,0.1643334387678995,0.572,0.6416699404837146,0.638557559085615,0.6416699404837146,0.638557559085615,0.6416699404837146,0.638557559085615,0.6416699404837146,0.638557559085615,0.6416699404837146,0.638557559085615,0.6416699404837146,0.638557559085615,0.2261744927112331,0.2032977201680118,0.2261744927112331,0.2032977201680118,0.2261744927112331,0.2032977201680118,0.6416699404837146,0.638557559085615,0.6416699404837146,0.638557559085615,0.6416699404837146,0.638557559085615
0.555,0.555,0.1615290695045295,0.555,0.586,0.586,0.1895066562255285,0.586,0.6356820084093409,0.6423397876691065,0.6356820084093409,0.6423397876691065,0.6356820084093409,0.6423397876691065,0.6356820084093409,0.6423397876691065,0.6356820084093409,0.6423397876691065,0.6356820084093409,0.6423397876691065,0.1458712274631769,0.17977772102152736,0.1458712274631769,0.17977772102152736,0.1458712274631769,0.17977772102152736,0.6356820084093409,0.6423397876691065,0.6356820084093409,0.6423397876691065,0.6356820084093409,0.6423397876691065
0.573,0.573,0.1721083898186782,0.573,0.594,0.594,0.214006938421509,0.594,0.6299298675900394,0.6294955845791823,0.6299298675900394,0.6294955845791823,0.6299298675900394,0.6294955845791823,0.6299298675900394,0.6294955845791823,0.6299298675900394,0.6294955845791823,0.6299298675900394,0.6294955845791823,0.17868761240003445,0.149466600888277,0.17868761240003445,0.149466600888277,0.17868761240003445,0.149466600888277,0.6299298675900394,0.6294955845791823,0.6299298675900394,0.6294955845791823,0.6299298675900394,0.6294955845791823
0.598,0.598,0.1559728567589358,0.598,0.588,0.588,0.2016617836270907,0.588,0.702054137238622,0.7157400329189422,0.702054137238622,0.7157400329189422,0.702054137238622,0.7157400329189422,0.702054137238622,0.7157400329189422,0.702054137238622,0.7157400329189422,0.702054137238622,0.7157400329189422,0.17864985515192192,0.160735212052208,0.17864985515192192,0.160735212052208,0.17864985515192192,0.160735212052208,0.702054137238622,0.7157400329189422,0.702054137238622,0.7157400329189422,0.702054137238622,0.7157400329189422
0.648,0.648,0.0918519512283218,0.648,0.582,0.582,0.1847020456566854,0.582,0.7587315504113198,0.7552840868184182,0.7587315504113198,0.7552840868184182,0.7587315504113198,0.7552840868184182,0.7587315504113198,0.7552840868184182,0.7587315504113198,0.7552840868184182,0.7587315504113198,0.7552840868184182,0.10602091381652266,0.08571701253613175,0.10602091381652266,0.08571701253613175,0.10602091381652266,0.08571701253613175,0.7587315504113198,0.7552840868184182,0.7587315504113198,0.7552840868184182,0.7587315504113198,0.7552840868184182
0.694,0.694,-0.0046555607356968,0.694,0.578,0.578,0.1810786474989909,0.578,0.790681920095633,0.7917939073762807,0.790681920095633,0.7917939073762807,0.790681920095633,0.7917939073762807,0.790681920095633,0.7917939073762807,0.790681920095633,0.7917939073762807,0.790681920095633,0.7917939073762807,0.11225673194258438,0.09850754768369886,0.11225673194258438,0.09850754768369886,0.11225673194258438,0.09850754768369886,0.790681920095633,0.7917939073762807,0.790681920095633,0.7917939073762807,0.790681920095633,0.7917939073762807
0.684,0.684,0.0137820832917209,0.684,0.576,0.576,0.1763791763791763,0.576,0.77857456182852,0.7804453352522753,0.77857456182852,0.7804453352522753,0.77857456182852,0.7804453352522753,0.77857456182852,0.7804453352522753,0.77857456182852,0.7804453352522753,0.77857456182852,0.7804453352522753,0.10248164455491528,0.08182313620968025,0.10248164455491528,0.08182313620968025,0.10248164455491528,0.08182313620968025,0.77857456182852,0.7804453352522753,0.77857456182852,0.7804453352522753,0.77857456182852,0.7804453352522753
0.663,0.663,0.0263154853398359,0.663,0.581,0.581,0.1898998491937666,0.581,0.7744247199503328,0.783456767335463,0.7744247199503328,0.783456767335463,0.7744247199503328,0.783456767335463,0.7744247199503328,0.783456767335463,0.7744247199503328,0.783456767335463,0.7744247199503328,0.783456767335463,0.08951194288607033,0.07011420948980328,0.08951194288607033,0.07011420948980328,0.08951194288607033,0.07011420948980328,0.7744247199503328,0.783456767335463,0.7744247199503328,0.783456767335463,0.7744247199503328,0.783456767335463
0.673,0.673,0.0223396876270658,0.673,0.555,0.555,0.1615290695045295,0.555,0.7722690924849349,0.7694994685377806,0.7722690924849349,0.7694994685377806,0.7722690924849349,0.7694994685377806,0.7722690924849349,0.7694994685377806,0.7722690924849349,0.7694994685377806,0.7722690924849349,0.7694994685377806,0.10570776512969668,0.083099237799811,0.10570776512969668,0.083099237799811,0.10570776512969668,0.083099237799811,0.7722690924849349,0.7694994685377806,0.7722690924849349,0.7694994685377806,0.7722690924849349,0.7694994685377806
0.662,0.662,0.0331807780320366,0.662,0.573,0.573,0.1721083898186782,0.573,0.750859934070297,0.7646239402382394,0.750859934070297,0.7646239402382394,0.750859934070297,0.7646239402382394,0.750859934070297,0.7646239402382394,0.750859934070297,0.7646239402382394,0.750859934070297,0.7646239402382394,0.08723475036972596,0.06717459328841019,0.08723475036972596,0.06717459328841019,0.08723475036972596,0.06717459328841019,0.750859934070297,0.7646239402382394,0.750859934070297,0.7646239402382394,0.750859934070297,0.7646239402382394
0.647,0.647,0.0176543924484617,0.647,0.598,0.598,0.1559728567589358,0.598,0.7488893546213725,0.7575692196430669,0.7488893546213725,0.7575692196430669,0.7488893546213725,0.7575692196430669,0.7488893546213725,0.7575692196430669,0.7488893546213725,0.7575692196430669,0.7488893546213725,0.7575692196430669,0.09041217844478547,0.08671861453752232,0.09041217844478547,0.08671861453752232,0.09041217844478547,0.08671861453752232,0.7488893546213725,0.7575692196430669,0.7488893546213725,0.7575692196430669,0.7488893546213725,0.7575692196430669
0.6,0.6,0.0165756179592959,0.6,0.648,0.648,0.0918519512283218,0.648,0.731338192757621,0.7378004553752991,0.731338192757621,0.7378004553752991,0.731338192757621,0.7378004553752991,0.731338192757621,0.7378004553752991,0.731338192757621,0.7378004553752991,0.731338192757621,0.7378004553752991,0.08352484782381134,0.09718852149552264,0.08352484782381134,0.09718852149552264,0.08352484782381134,0.09718852149552264,0.731338192757621,0.7378004553752991,0.731338192757621,0.7378004553752991,0.731338192757621,0.7378004553752991
0.585,0.585,0.0237774871326814,0.585,0.694,0.694,-0.0046555607356968,0.694,0.7143288592057582,0.7222792163833763,0.7143288592057582,0.7222792163833763,0.7143288592057582,0.7222792163833763,0.7143288592057582,0.7222792163833763,0.7143288592057582,0.7222792163833763,0.7143288592057582,0.7222792163833763,0.0897787631055469,0.08712873806227105,0.0897787631055469,0.08712873806227105,0.0897787631055469,0.08712873806227105,0.7143288592057582,0.7222792163833763,0.7143288592057582,0.7222792163833763,0.7143288592057582,0.7222792163833763
0.582,0.582,0.010421352171628,0.582,0.684,0.684,0.0137820832917209,0.684,0.7152540721851791,0.7228589600781511,0.7152540721851791,0.7228589600781511,0.7152540721851791,0.7228589600781511,0.7152540721851791,0.7228589600781511,0.7152540721851791,0.7228589600781511,0.7152540721851791,0.7228589600781511,0.025454338581465782,0.07389936741312443,0.025454338581465782,0.07389936741312443,0.025454338581465782,0.07389936741312443,0.7152540721851791,0.7228589600781511,0.7152540721851791,0.7228589600781511,0.7152540721851791,0.7228589600781511
0.591,0.591,0.0636875600934023,0.591,0.663,0.663,0.0263154853398359,0.663,0.710364781545202,0.7152236888087767,0.710364781545202,0.7152236888087767,0.710364781545202,0.7152236888087767,0.710364781545202,0.7152236888087767,0.710364781545202,0.7152236888087767,0.710364781545202,0.7152236888087767,0.032098682279883516,0.08043578328328084,0.032098682279883516,0.08043578328328084,0.032098682279883516,0.08043578328328084,0.710364781545202,0.7152236888087767,0.710364781545202,0.7152236888087767,0.710364781545202,0.7152236888087767
0.58,0.58,0.0912710089488169,0.58,0.673,0.673,0.0223396876270658,0.673,0.6319743888126744,0.7123450683866814,0.6319743888126744,0.7123450683866814,0.6319743888126744,0.7123450683866814,0.6319743888126744,0.7123450683866814,0.6319743888126744,0.7123450683866814,0.6319743888126744,0.7123450683866814,0.03425786726128223,0.08913003119628227,0.03425786726128223,0.08913003119628227,0.03425786726128223,0.08913003119628227,0.6319743888126744,0.7123450683866814,0.6319743888126744,0.7123450683866814,0.6319743888126744,0.7123450683866814
0.58,0.58,0.123586783688698,0.58,0.662,0.662,0.0331807780320366,0.662,0.639972724600048,0.6511289252183735,0.639972724600048,0.6511289252183735,0.639972724600048,0.6511289252183735,0.639972724600048,0.6511289252183735,0.639972724600048,0.6511289252183735,0.639972724600048,0.6511289252183735,0.04368004370867101,0.11309289973942413,0.04368004370867101,0.11309289973942413,0.04368004370867101,0.11309289973942413,0.639972724600048,0.6511289252183735,0.639972724600048,0.6511289252183735,0.639972724600048,0.6511289252183735
0.569,0.569,0.1325803621024158,0.569,0.647,0.647,0.0176543924484617,0.647,0.6066932460303412,0.6278131510582261,0.6066932460303412,0.6278131510582261,0.6066932460303412,0.6278131510582261,0.6066932460303412,0.6278131510582261,0.6066932460303412,0.6278131510582261,0.6066932460303412,0.6278131510582261,0.10421453944395205,0.1302484514665604,0.10421453944395205,0.1302484514665604,0.10421453944395205,0.1302484514665604,0.6066932460303412,0.6278131510582261,0.6066932460303412,0.6278131510582261,0.6066932460303412,0.6278131510582261
0.578,0.578,0.1598579323745361,0.578,0.6,0.6,0.0165756179592959,0.6,0.5954697923346087,0.6036940201338319,0.5954697923346087,0.6036940201338319,0.5954697923346087,0.6036940201338319,0.5954697923346087,0.6036940201338319,0.5954697923346087,0.6036940201338319,0.5954697923346087,0.6036940201338319,0.1264967921563518,0.1418697879606202,0.1264967921563518,0.1418697879606202,0.1264967921563518,0.1418697879606202,0.5954697923346087,0.6036940201338319,0.5954697923346087,0.6036940201338319,0.5954697923346087,0.6036940201338319
0.58,0.58,0.1620780464448168,0.58,0.585,0.585,0.0237774871326814,0.585,0.5697380037796886,0.5812819600192453,0.5697380037796886,0.5812819600192453,0.5697380037796886,0.5812819600192453,0.5697380037796886,0.5812819600192453,0.5697380037796886,0.5812819600192453,0.5697380037796886,0.5812819600192453,0.1269101951530059,0.16404487745680074,0.1269101951530059,0.16404487745680074,0.1269101951530059,0.16404487745680074,0.5697380037796886,0.5812819600192453,0.5697380037796886,0.5812819600192453,0.5697380037796886,0.5812819600192453
0.587,0.587,0.1751481937143496,0.587,0.582,0.582,0.010421352171628,0.582,0.5732257088832612,0.5969941153436144,0.5732257088832612,0.5969941153436144,0.5732257088832612,0.5969941153436144,0.5732257088832612,0.5969941153436144,0.5732257088832612,0.5969941153436144,0.5732257088832612,0.5969941153436144,0.0958088013043197,0.13992769053520362,0.0958088013043197,0.13992769053520362,0.0958088013043197,0.13992769053520362,0.5732257088832612,0.5969941153436144,0.5732257088832612,0.5969941153436144,0.5732257088832612,0.5969941153436144
0.595,0.595,0.1832240265240434,0.595,0.591,0.591,0.0636875600934023,0.591,0.5860288628976962,0.6023666639065315,0.5860288628976962,0.6023666639065315,0.5860288628976962,0.6023666639065315,0.5860288628976962,0.6023666639065315,0.5860288628976962,0.6023666639065315,0.5860288628976962,0.6023666639065315,0.14389241087793508,0.17174035450452482,0.14389241087793508,0.17174035450452482,0.14389241087793508,0.17174035450452482,0.5860288628976962,0.6023666639065315,0.5860288628976962,0.6023666639065315,0.5860288628976962,0.6023666639065315
0.594,0.594,0.1901541898549857,0.594,0.58,0.58,0.0912710089488169,0.58,0.6271214492497167,0.6262068209015711,0.6271214492497167,0.6262068209015711,0.6271214492497167,0.6262068209015711,0.6271214492497167,0.6262068209015711,0.6271214492497167,0.6262068209015711,0.6271214492497167,0.6262068209015711,0.18044210146068568,0.19622165943938277,0.18044210146068568,0.19622165943938277,0.18044210146068568,0.19622165943938277,0.6271214492497167,0.6262068209015711,0.6271214492497167,0.6262068209015711,0.6271214492497167,0.6262068209015711
0.588,0.588,0.1857610959813753,0.588,0.58,0.58,0.123586783688698,0.58,0.606724310524282,0.6043797261266958,0.606724310524282,0.6043797261266958,0.606724310524282,0.6043797261266958,0.606724310524282,0.6043797261266958,0.606724310524282,0.6043797261266958,0.606724310524282,0.6043797261266958,0.16280673739331003,0.19481731214397632,0.16280673739331003,0.19481731214397632,0.16280673739331003,0.19481731214397632,0.606724310524282,0.6043797261266958,0.606724310524282,0.6043797261266958,0.606724310524282,0.6043797261266958
0.602,0.602,0.2112689453992009,0.602,0.569,0.569,0.1325803621024158,0.569,0.5986880328411884,0.588640909525399,0.5986880328411884,0.588640909525399,0.5986880328411884,0.588640909525399,0.5986880328411884,0.588640909525399,0.5986880328411884,0.588640909525399,0.5986880328411884,0.588640909525399,0.15542666855044926,0.16643731351996766,0.15542666855044926,0.16643731351996766,0.15542666855044926,0.16643731351996766,0.5986880328411884,0.588640909525399,0.5986880328411884,0.588640909525399,0.5986880328411884,0.588640909525399
0.569,0.569,0.1529421013324948,0.569,0.578,0.578,0.1598579323745361,0.578,0.6119913052528012,0.6129373933965964,0.6119913052528012,0.6129373933965964,0.6119913052528012,0.6129373933965964,0.6119913052528012,0.6129373933965964,0.6119913052528012,0.6129373933965964,0.6119913052528012,0.6129373933965964,0.13536245988887372,0.18603961086626558,0.13536245988887372,0.18603961086626558,0.13536245988887372,0.18603961086626558,0.6119913052528012,0.6129373933965964,0.6119913052528012,0.6129373933965964,0.6119913052528012,0.6129373933965964
0.591,0.591,0.191431147100223,0.591,0.58,0.58,0.1620780464448168,0.58,0.6328174385462622,0.625791213168644,0.6328174385462622,0.625791213168644,0.6328174385462622,0.625791213168644,0.6328174385462622,0.625791213168644,0.6328174385462622,0.625791213168644,0.6328174385462622,0.625791213168644,0.20488544922325577,0.22223264407406976,0.20488544922325577,0.22223264407406976,0.20488544922325577,0.22223264407406976,0.6328174385462622,0.625791213168644,0.6328174385462622,0.625791213168644,0.6328174385462622,0.625791213168644
0.595,0.595,0.1983499865401973,0.595,0.587,0.587,0.1751481937143496,0.587,0.6181448426832987,0.6119410791010199,0.6181448426832987,0.6119410791010199,0.6181448426832987,0.6119410791010199,0.6181448426832987,0.6119410791010199,0.6181448426832987,0.6119410791010199,0.6181448426832987,0.6119410791010199,0.1915125878445046,0.19185355311837124,0.1915125878445046,0.19185355311837124,0.1915125878445046,0.19185355311837124,0.6181448426832987,0.6119410791010199,0.6181448426832987,0.6119410791010199,0.6181448426832987,0.6119410791010199
0.572,0.572,0.1550852811118129,0.572,0.595,0.595,0.1832240265240434,0.595,0.6060630619008616,0.6096424174392413,0.6060630619008616,0.6096424174392413,0.6060630619008616,0.6096424174392413,0.6060630619008616,0.6096424174392413,0.6060630619008616,0.6096424174392413,0.6060630619008616,0.6096424174392413,0.19578421767252044,0.2212068760793699,0.19578421767252044,0.2212068760793699,0.19578421767252044,0.2212068760793699,0.6060630619008616,0.6096424174392413,0.6060630619008616,0.6096424174392413,0.6060630619008616,0.6096424174392413
0.584,0.584,0.1807798345805434,0.584,0.594,0.594,0.1901541898549857,0.594,0.6133574430465359,0.6148506659712757,0.6133574430465359,0.6148506659712757,0.6133574430465359,0.6148506659712757,0.6133574430465359,0.6148506659712757,0.6133574430465359,0.6148506659712757,0.6133574430465359,0.6148506659712757,0.2239457459837127,0.23849653541020874,0.2239457459837127,0.23849653541020874,0.2239457459837127,0.23849653541020874,0.6133574430465359,0.6148506659712757,0.6133574430465359,0.6148506659712757,0.6133574430465359,0.6148506659712757
0.566,0.566,0.1486757396124709,0.566,0.588,0.588,0.1857610959813753,0.588,0.6457943232517809,0.6626613887426871,0.6457943232517809,0.6626613887426871,0.6457943232517809,0.6626613887426871,0.6457943232517809,0.6626613887426871,0.6457943232517809,0.6626613887426871,0.6457943232517809,0.6626613887426871,0.23991972389153476,0.25517328754067836,0.23991972389153476,0.25517328754067836,0.23991972389153476,0.25517328754067836,0.6457943232517809,0.6626613887426871,0.6457943232517809,0.6626613887426871,0.6457943232517809,0.6626613887426871
0.582,0.582,0.1832364159319701,0.582,0.602,0.602,0.2112689453992009,0.602,0.6394591478589524,0.654948184764457,0.6394591478589524,0.654948184764457,0.6394591478589524,0.654948184764457,0.6394591478589524,0.654948184764457,0.6394591478589524,0.654948184764457,0.6394591478589524,0.654948184764457,0.25037415347942854,0.26984163801746913,0.25037415347942854,0.26984163801746913,0.25037415347942854,0.26984163801746913,0.6394591478589524,0.654948184764457,0.6394591478589524,0.654948184764457,0.6394591478589524,0.654948184764457
0.577,0.577,0.1738023063220726,0.577,0.569,0.569,0.1529421013324948,0.569,0.6505481762669129,0.6744661170139843,0.6505481762669129,0.6744661170139843,0.6505481762669129,0.6744661170139843,0.6505481762669129,0.6744661170139843,0.6505481762669129,0.6744661170139843,0.6505481762669129,0.6744661170139843,0.23716294914059788,0.25902136700076756,0.23716294914059788,0.25902136700076756,0.23716294914059788,0.25902136700076756,0.6505481762669129,0.6744661170139843,0.6505481762669129,0.6744661170139843,0.6505481762669129,0.6744661170139843
0.586,0.586,0.1849110096078121,0.586,0.591,0.591,0.191431147100223,0.591,0.6320674128675022,0.6420464163330011,0.6320674128675022,0.6420464163330011,0.6320674128675022,0.6420464163330011,0.6320674128675022,0.6420464163330011,0.6320674128675022,0.6420464163330011,0.6320674128675022,0.6420464163330011,0.2224016160740645,0.24075671614878255,0.2224016160740645,0.24075671614878255,0.2224016160740645,0.24075671614878255,0.6320674128675022,0.6420464163330011,0.6320674128675022,0.6420464163330011,0.6320674128675022,0.6420464163330011
0.594,0.594,0.2061723036254071,0.594,0.595,0.595,0.1983499865401973,0.595,0.621961527364723,0.6345831132696741,0.621961527364723,0.6345831132696741,0.621961527364723,0.6345831132696741,0.621961527364723,0.6345831132696741,0.621961527364723,0.6345831132696741,0.621961527364723,0.6345831132696741,0.2365498045359153,0.24735871861644576,0.2365498045359153,0.24735871861644576,0.2365498045359153,0.24735871861644576,0.621961527364723,0.6345831132696741,0.621961527364723,0.6345831132696741,0.621961527364723,0.6345831132696741
0.58,0.58,0.1813759121811264,0.58,0.572,0.572,0.1550852811118129,0.572,0.6179735033982963,0.6001930206433108,0.6179735033982963,0.6001930206433108,0.6179735033982963,0.6001930206433108,0.6179735033982963,0.6001930206433108,0.6179735033982963,0.6001930206433108,0.6179735033982963,0.6001930206433108,0.21058463540770814,0.19874063466569394,0.21058463540770814,0.19874063466569394,0.21058463540770814,0.19874063466569394,0.6179735033982963,0.6001930206433108,0.6179735033982963,0.6001930206433108,0.6179735033982963,0.6001930206433108
0.589,0.589,0.2034821975364149,0.589,0.584,0.584,0.1807798345805434,0.584,0.603916537251836,0.5959129804014306,0.603916537251836,0.5959129804014306,0.603916537251836,0.5959129804014306,0.603916537251836,0.5959129804014306,0.603916537251836,0.5959129804014306,0.603916537251836,0.5959129804014306,0.21199777958877203,0.20777414865557717,0.21199777958877203,0.20777414865557717,0.21199777958877203,0.20777414865557717,0.603916537251836,0.5959129804014306,0.603916537251836,0.5959129804014306,0.603916537251836,0.5959129804014306
0.584,0.584,0.1934389359598269,0.584,0.566,0.566,0.1486757396124709,0.566,0.6046617669591863,0.6014582693527876,0.6046617669591863,0.6014582693527876,0.6046617669591863,0.6014582693527876,0.6046617669591863,0.6014582693527876,0.6046617669591863,0.6014582693527876,0.6046617669591863,0.6014582693527876,0.2021576106919329,0.1894151863814014,0.2021576106919329,0.1894151863814014,0.2021576106919329,0.1894151863814014,0.6046617669591863,0.6014582693527876,0.6046617669591863,0.6014582693527876,0.6046617669591863,0.6014582693527876
0.587,0.587,0.195715676728335,0.587,0.582,0.582,0.1832364159319701,0.582,0.6100225967689713,0.6100604488437611,0.6100225967689713,0.6100604488437611,0.6100225967689713,0.6100604488437611,0.6100225967689713,0.6100604488437611,0.6100225967689713,0.6100604488437611,0.6100225967689713,0.6100604488437611,0.20034910718820975,0.2235703302624241,0.20034910718820975,0.2235703302624241,0.20034910718820975,0.2235703302624241,0.6100225967689713,0.6100604488437611,0.6100225967689713,0.6100604488437611,0.6100225967689713,0.6100604488437611
0.57,0.57,0.169242658423493,0.57,0.577,0.577,0.1738023063220726,0.577,0.6178516567945687,0.6211734089658499,0.6178516567945687,0.6211734089658499,0.6178516567945687,0.6211734089658499,0.6178516567945687,0.6211734089658499,0.6178516567945687,0.6211734089658499,0.6178516567945687,0.6211734089658499,0.20964630719692173,0.21901320075243902,0.20964630719692173,0.21901320075243902,0.20964630719692173,0.21901320075243902,0.6178516567945687,0.6211734089658499,0.6178516567945687,0.6211734089658499,0.6178516567945687,0.6211734089658499
0.569,0.569,0.1708349365140438,0.569,0.586,0.586,0.1849110096078121,0.586,0.6143680872230338,0.6216278665578783,0.6143680872230338,0.6216278665578783,0.6143680872230338,0.6216278665578783,0.6143680872230338,0.6216278665578783,0.6143680872230338,0.6216278665578783,0.6143680872230338,0.6216278665578783,0.20635528805685235,0.17943008340762207,0.20635528805685235,0.17943008340762207,0.20635528805685235,0.17943008340762207,0.6143680872230338,0.6216278665578783,0.6143680872230338,0.6216278665578783,0.6143680872230338,0.6216278665578783
0.561,0.561,0.1605027039844568,0.561,0.594,0.594,0.2061723036254071,0.594,0.6286140711140107,0.637946583644444,0.6286140711140107,0.637946583644444,0.6286140711140107,0.637946583644444,0.6286140711140107,0.637946583644444,0.6286140711140107,0.637946583644444,0.6286140711140107,0.637946583644444,0.23961247532777996,0.25539452915550137,0.23961247532777996,0.25539452915550137,0.23961247532777996,0.25539452915550137,0.6286140711140107,0.637946583644444,0.6286140711140107,0.637946583644444,0.6286140711140107,0.637946583644444
0.572,0.572,0.1745196591614817,0.572,0.58,0.58,0.1813759121811264,0.58,0.6310178029040604,0.6338881265636078,0.6310178029040604,0.6338881265636078,0.6310178029040604,0.6338881265636078,0.6310178029040604,0.6338881265636078,0.6310178029040604,0.6338881265636078,0.6310178029040604,0.6338881265636078,0.2382732447237038,0.24355214274696468,0.2382732447237038,0.24355214274696468,0.2382732447237038,0.24355214274696468,0.6310178029040604,0.6338881265636078,0.6310178029040604,0.6338881265636078,0.6310178029040604,0.6338881265636078
0.581,0.581,0.1872662663128655,0.581,0.589,0.589,0.2034821975364149,0.589,0.6291414070696428,0.6290528417398255,0.6291414070696428,0.6290528417398255,0.6291414070696428,0.6290528417398255,0.6291414070696428,0.6290528417398255,0.6291414070696428,0.6290528417398255,0.6291414070696428,0.6290528417398255,0.252851124577897,0.23608683815159479,0.252851124577897,0.23608683815159479,0.252851124577897,0.23608683815159479,0.6291414070696428,0.6290528417398255,0.6291414070696428,0.6290528417398255,0.6291414070696428,0.6290528417398255
0.587,0.587,0.192052772843583,0.587,0.584,0.584,0.1934389359598269,0.584,0.6277463075940442,0.6346246733411604,0.6277463075940442,0.6346246733411604,0.6277463075940442,0.6346246733411604,0.6277463075940442,0.6346246733411604,0.6277463075940442,0.6346246733411604,0.6277463075940442,0.6346246733411604,0.23974239841436962,0.24791908439842886,0.23974239841436962,0.24791908439842886,0.23974239841436962,0.24791908439842886,0.6277463075940442,0.6346246733411604,0.6277463075940442,0.6346246733411604,0.6277463075940442,0.6346246733411604
0.593,0.593,0.2069121406746897,0.593,0.587,0.587,0.195715676728335,0.587,0.6321951788847452,0.6386149122521179,0.6321951788847452,0.6386149122521179,0.6321951788847452,0.6386149122521179,0.6321951788847452,0.6386149122521179,0.6321951788847452,0.6386149122521179,0.6321951788847452,0.6386149122521179,0.26170805468700137,0.26005910016779404,0.26170805468700137,0.26005910016779404,0.26170805468700137,0.26005910016779404,0.6321951788847452,0.6386149122521179,0.6321951788847452,0.6386149122521179,0.6321951788847452,0.6386149122521179
0.591,0.591,0.2055537426382607,0.591,0.57,0.57,0.169242658423493,0.57,0.6413558515070713,0.6437368391133196,0.6413558515070713,0.6437368391133196,0.6413558515070713,0.6437368391133196,0.6413558515070713,0.6437368391133196,0.6413558515070713,0.6437368391133196,0.6413558515070713,0.6437368391133196,0.24491046682751072,0.26232937437067083,0.24491046682751072,0.26232937437067083,0.24491046682751072,0.26232937437067083,0.6413558515070713,0.6437368391133196,0.6413558515070713,0.6437368391133196,0.6413558515070713,0.6437368391133196
0.581,0.581,0.1957835256543136,0.581,0.569,0.569,0.1708349365140438,0.569,0.640835430441088,0.6443074379545809,0.640835430441088,0.6443074379545809,0.640835430441088,0.6443074379545809,0.640835430441088,0.6443074379545809,0.640835430441088,0.6443074379545809,0.640835430441088,0.6443074379545809,0.24739554737189798,0.24734876431956845,0.24739554737189798,0.24734876431956845,0.24739554737189798,0.24734876431956845,0.640835430441088,0.6443074379545809,0.640835430441088,0.6443074379545809,0.640835430441088,0.6443074379545809
0.575,0.575,0.1873804971319311,0.575,0.561,0.561,0.1605027039844568,0.561,0.6263711559347481,0.6247489825818447,0.6263711559347481,0.6247489825818447,0.6263711559347481,0.6247489825818447,0.6263711559347481,0.6247489825818447,0.6263711559347481,0.6247489825818447,0.6263711559347481,0.6247489825818447,0.24414374798177166,0.25331766946924245,0.24414374798177166,0.25331766946924245,0.24414374798177166,0.25331766946924245,0.6263711559347481,0.6247489825818447,0.6263711559347481,0.6247489825818447,0.6263711559347481,0.6247489825818447
0.576,0.576,0.1903576175127175,0.576,0.572,0.572,0.1745196591614817,0.572,0.6210592660340641,0.6153940688297601,0.6210592660340641,0.6153940688297601,0.6210592660340641,0.6153940688297601,0.6210592660340641,0.6153940688297601,0.6210592660340641,0.6153940688297601,0.6210592660340641,0.6153940688297601,0.23478264756097225,0.25730497887093623,0.23478264756097225,0.25730497887093623,0.23478264756097225,0.25730497887093623,0.6210592660340641,0.6153940688297601,0.6210592660340641,0.6153940688297601,0.6210592660340641,0.6153940688297601
0.571,0.571,0.1722173768745706,0.571,0.581,0.581,0.1872662663128655,0.581,0.6294928174377482,0.637601108191613,0.6294928174377482,0.637601108191613,0.6294928174377482,0.637601108191613,0.6294928174377482,0.637601108191613,0.6294928174377482,0.637601108191613,0.6294928174377482,0.637601108191613,0.2465127320010497,0.24693570227426492,0.2465127320010497,0.24693570227426492,0.2465127320010497,0.24693570227426492,0.6294928174377482,0.637601108191613,0.6294928174377482,0.637601108191613,0.6294928174377482,0.637601108191613
0.591,0.591,0.1986174681798233,0.591,0.587,0.587,0.192052772843583,0.587,0.6264190768796623,0.6351653333451546,0.6264190768796623,0.6351653333451546,0.6264190768796623,0.6351653333451546,0.6264190768796623,0.6351653333451546,0.6264190768796623,0.6351653333451546,0.6264190768796623,0.6351653333451546,0.23468551116309552,0.24646774199452415,0.23468551116309552,0.24646774199452415,0.23468551116309552,0.24646774199452415,0.6264190768796623,0.6351653333451546,0.6264190768796623,0.6351653333451546,0.6264190768796623,0.6351653333451546
0.598,0.598,0.2052948711866014,0.598,0.593,0.593,0.2069121406746897,0.593,0.6297338457628696,0.6565604710132152,0.6297338457628696,0.6565604710132152,0.6297338457628696,0.6565604710132152,0.6297338457628696,0.6565604710132152,0.6297338457628696,0.6565604710132152,0.6297338457628696,0.6565604710132152,0.2481766075516716,0.2584459987813581,0.2481766075516716,0.2584459987813581,0.2481766075516716,0.2584459987813581,0.6297338457628696,0.6565604710132152,0.6297338457628696,0.6565604710132152,0.6297338457628696,0.6565604710132152
0.62,0.62,0.2494538789408609,0.62,0.591,0.591,0.2055537426382607,0.591,0.6259518801374451,0.6449310619117118,0.6259518801374451,0.6449310619117118,0.6259518801374451,0.6449310619117118,0.6259518801374451,0.6449310619117118,0.6259518801374451,0.6449310619117118,0.6259518801374451,0.6449310619117118,0.25367100325989095,0.2810090830506034,0.25367100325989095,0.2810090830506034,0.25367100325989095,0.2810090830506034,0.6259518801374451,0.6449310619117118,0.6259518801374451,0.6449310619117118,0.6259518801374451,0.6449310619117118
0.628,0.628,0.2691695644486356,0.628,0.581,0.581,0.1957835256543136,0.581,0.6263503806591308,0.6361003991416707,0.6263503806591308,0.6361003991416707,0.6263503806591308,0.6361003991416707,0.6263503806591308,0.6361003991416707,0.6263503806591308,0.6361003991416707,0.6263503806591308,0.6361003991416707,0.25448116903190426,0.22596764141377948,0.25448116903190426,0.22596764141377948,0.25448116903190426,0.22596764141377948,0.6263503806591308,0.6361003991416707,0.6263503806591308,0.6361003991416707,0.6263503806591308,0.6361003991416707
0.622,0.622,0.2637176415590486,0.622,0.575,0.575,0.1873804971319311,0.575,0.6290625981993418,0.6455506951820253,0.6290625981993418,0.6455506951820253,0.6290625981993418,0.6455506951820253,0.6290625981993418,0.6455506951820253,0.6290625981993418,0.6455506951820253,0.6290625981993418,0.6455506951820253,0.28992415760640045,0.31298667601327795,0.28992415760640045,0.31298667601327795,0.28992415760640045,0.31298667601327795,0.6290625981993418,0.6455506951820253,0.6290625981993418,0.6455506951820253,0.6290625981993418,0.6455506951820253
0.607,0.607,0.2399746271427687,0.607,0.576,0.576,0.1903576175127175,0.576,0.653936015073291,0.6610519671272019,0.653936015073291,0.6610519671272019,0.653936015073291,0.6610519671272019,0.653936015073291,0.6610519671272019,0.653936015073291,0.6610519671272019,0.653936015073291,0.6610519671272019,0.2906035851888963,0.30859298188624257,0.2906035851888963,0.30859298188624257,0.2906035851888963,0.30859298188624257,0.653936015073291,0.6610519671272019,0.653936015073291,0.6610519671272019,0.653936015073291,0.6610519671272019
0.611,0.611,0.2472385847311345,0.611,0.571,0.571,0.1722173768745706,0.571,0.6341168513352295,0.6399102179415599,0.6341168513352295,0.6399102179415599,0.6341168513352295,0.6399102179415599,0.6341168513352295,0.6399102179415599,0.6341168513352295,0.6399102179415599,0.6341168513352295,0.6399102179415599,0.2663765031829541,0.2928899654336589,0.2663765031829541,0.2928899654336589,0.2663765031829541,0.2928899654336589,0.6341168513352295,0.6399102179415599,0.6341168513352295,0.6399102179415599,0.6341168513352295,0.6399102179415599
0.61,0.61,0.2489167067886374,0.61,0.591,0.591,0.1986174681798233,0.591,0.6429832464745908,0.6512372782100534,0.6429832464745908,0.6512372782100534,0.6429832464745908,0.6512372782100534,0.6429832464745908,0.6512372782100534,0.6429832464745908,0.6512372782100534,0.6429832464745908,0.6512372782100534,0.27606876479471476,0.28492154000212805,0.27606876479471476,0.28492154000212805,0.27606876479471476,0.28492154000212805,0.6429832464745908,0.6512372782100534,0.6429832464745908,0.6512372782100534,0.6429832464745908,0.6512372782100534
0.609,0.609,0.2443334673304678,0.609,0.598,0.598,0.2052948711866014,0.598,0.6413339452684969,0.6480805607015022,0.6413339452684969,0.6480805607015022,0.6413339452684969,0.6480805607015022,0.6413339452684969,0.6480805607015022,0.6413339452684969,0.6480805607015022,0.6413339452684969,0.6480805607015022,0.2866618228928736,0.2816655289503005,0.2866618228928736,0.2816655289503005,0.2866618228928736,0.2816655289503005,0.6413339452684969,0.6480805607015022,0.6413339452684969,0.6480805607015022,0.6413339452684969,0.6480805607015022
0.599,0.599,0.2209901390173207,0.599,0.62,0.62,0.2494538789408609,0.62,0.6592487601099658,0.6552082084490573,0.6592487601099658,0.6552082084490573,0.6592487601099658,0.6552082084490573,0.6592487601099658,0.6552082084490573,0.6592487601099658,0.6552082084490573,0.6592487601099658,0.6552082084490573,0.2948657123110247,0.2990193888476116,0.2948657123110247,0.2990193888476116,0.2948657123110247,0.2990193888476116,0.6592487601099658,0.6552082084490573,0.6592487601099658,0.6552082084490573,0.6592487601099658,0.6552082084490573
0.564,0.564,0.1472483111213683,0.564,0.628,0.628,0.2691695644486356,0.628,0.6467934874534894,0.6564379296770428,0.6467934874534894,0.6564379296770428,0.6467934874534894,0.6564379296770428,0.6467934874534894,0.6564379296770428,0.6467934874534894,0.6564379296770428,0.6467934874534894,0.6564379296770428,0.18447586754151643,0.25584485247459593,0.18447586754151643,0.25584485247459593,0.18447586754151643,0.25584485247459593,0.6467934874534894,0.6564379296770428,0.6467934874534894,0.6564379296770428,0.6467934874534894,0.6564379296770428
0.598,0.598,0.1515264082128867,0.598,0.622,0.622,0.2637176415590486,0.622,0.638471251690889,0.6390405499682467,0.638471251690889,0.6390405499682467,0.638471251690889,0.6390405499682467,0.638471251690889,0.6390405499682467,0.638471251690889,0.6390405499682467,0.638471251690889,0.6390405499682467,0.17024434137798888,0.17880019878364226,0.17024434137798888,0.17880019878364226,0.17024434137798888,0.17880019878364226,0.638471251690889,0.6390405499682467,0.638471251690889,0.6390405499682467,0.638471251690889,0.6390405499682467
0.655,0.655,0.1733438122987273,0.655,0.607,0.607,0.2399746271427687,0.607,0.7010498051027144,0.7101106259265836,0.7010498051027144,0.7101106259265836,0.7010498051027144,0.7101106259265836,0.7010498051027144,0.7101106259265836,0.7010498051027144,0.7101106259265836,0.7010498051027144,0.7101106259265836,0.13605829226269064,0.1810772295541722,0.13605829226269064,0.1810772295541722,0.13605829226269064,0.1810772295541722,0.7010498051027144,0.7101106259265836,0.7010498051027144,0.7101106259265836,0.7010498051027144,0.7101106259265836
0.709,0.709,0.0997289905827321,0.709,0.611,0.611,0.2472385847311345,0.611,0.788221616463811,0.7818693043641651,0.788221616463811,0.7818693043641651,0.788221616463811,0.7818693043641651,0.788221616463811,0.7818693043641651,0.788221616463811,0.7818693043641651,0.788221616463811,0.7818693043641651,0.0879368023666994,0.07819386666380812,0.0879368023666994,0.07819386666380812,0.0879368023666994,0.07819386666380812,0.788221616463811,0.7818693043641651,0.788221616463811,0.7818693043641651,0.788221616463811,0.7818693043641651
0.767,0.767,-0.0108459869848156,0.767,0.61,0.61,0.2489167067886374,0.61,0.7942552926690776,0.7915819104240841,0.7942552926690776,0.7915819104240841,0.7942552926690776,0.7915819104240841,0.7942552926690776,0.7915819104240841,0.7942552926690776,0.7915819104240841,0.7942552926690776,0.7915819104240841,0.11952407372967341,0.09101625651360142,0.11952407372967341,0.09101625651360142,0.11952407372967341,0.09101625651360142,0.7942552926690776,0.7915819104240841,0.7942552926690776,0.7915819104240841,0.7942552926690776,0.7915819104240841
0.762,0.762,-0.0101181583593643,0.762,0.609,0.609,0.2443334673304678,0.609,0.6860157573398991,0.6757808287104018,0.6860157573398991,0.6757808287104018,0.6860157573398991,0.6757808287104018,0.6860157573398991,0.6757808287104018,0.6860157573398991,0.6757808287104018,0.6860157573398991,0.6757808287104018,0.01783563701359606,0.019851421336600727,0.01783563701359606,0.019851421336600727,0.01783563701359606,0.019851421336600727,0.6860157573398991,0.6757808287104018,0.6860157573398991,0.6757808287104018,0.6860157573398991,0.6757808287104018
0.765,0.765,-0.0015171920015,0.765,0.599,0.599,0.2209901390173207,0.599,0.6732384796983494,0.6684873085674129,0.6732384796983494,0.6684873085674129,0.6732384796983494,0.6684873085674129,0.6732384796983494,0.6684873085674129,0.6732384796983494,0.6684873085674129,0.6732384796983494,0.6684873085674129,0.022662073842267906,0.026443610583017384,0.022662073842267906,0.026443610583017384,0.022662073842267906,0.026443610583017384,0.6732384796983494,0.6684873085674129,0.6732384796983494,0.6684873085674129,0.6732384796983494,0.6684873085674129
0.75,0.75,0.0206217876394635,0.75,0.564,0.564,0.1472483111213683,0.564,0.6704524443684291,0.6686642932657492,0.6704524443684291,0.6686642932657492,0.6704524443684291,0.6686642932657492,0.6704524443684291,0.6686642932657492,0.6704524443684291,0.6686642932657492,0.6704524443684291,0.6686642932657492,0.019948233876799157,0.02538732177114392,0.019948233876799157,0.02538732177114392,0.019948233876799157,0.02538732177114392,0.6704524443684291,0.6686642932657492,0.6704524443684291,0.6686642932657492,0.6704524443684291,0.6686642932657492
0.735,0.735,0.0375535701314737,0.735,0.598,0.598,0.1515264082128867,0.598,0.6466900607807787,0.6525007874586249,0.6466900607807787,0.6525007874586249,0.6466900607807787,0.6525007874586249,0.6466900607807787,0.6525007874586249,0.6466900607807787,0.6525007874586249,0.6466900607807787,0.6525007874586249,0.05263995652107818,0.027682279924647765,0.05263995652107818,0.027682279924647765,0.05263995652107818,0.027682279924647765,0.6466900607807787,0.6525007874586249,0.6466900607807787,0.6525007874586249,0.6466900607807787,0.6525007874586249
0.705,0.705,0.0291581649443822,0.705,0.655,0.655,0.1733438122987273,0.655,0.6343929301771073,0.6410619497256883,0.6343929301771073,0.6410619497256883,0.6343929301771073,0.6410619497256883,0.6343929301771073,0.6410619497256883,0.6343929301771073,0.6410619497256883,0.6343929301771073,0.6410619497256883,0.029194837211046994,0.021467471261841054,0.029194837211046994,0.021467471261841054,0.029194837211046994,0.021467471261841054,0.6343929301771073,0.6410619497256883,0.6343929301771073,0.6410619497256883,0.6343929301771073,0.6410619497256883
0.673,0.673,0.0277117031398669,0.673,0.709,0.709,0.0997289905827321,0.709,0.6184658757553722,0.6136493839126371,0.6184658757553722,0.6136493839126371,0.6184658757553722,0.6136493839126371,0.6184658757553722,0.6136493839126371,0.6184658757553722,0.6136493839126371,0.6184658757553722,0.6136493839126371,0.022652309406654896,0.023975642662653455,0.022652309406654896,0.023975642662653455,0.022652309406654896,0.023975642662653455,0.6184658757553722,0.6136493839126371,0.6184658757553722,0.6136493839126371,0.6184658757553722,0.6136493839126371
0.672,0.672,0.0207727535989585,0.672,0.767,0.767,-0.0108459869848156,0.767,0.5888053680051415,0.5699635225581312,0.5888053680051415,0.5699635225581312,0.5888053680051415,0.5699635225581312,0.5888053680051415,0.5699635225581312,0.5888053680051415,0.5699635225581312,0.5888053680051415,0.5699635225581312,0.03437501247849964,0.035612485821980296,0.03437501247849964,0.035612485821980296,0.03437501247849964,0.035612485821980296,0.5888053680051415,0.5699635225581312,0.5888053680051415,0.5699635225581312,0.5888053680051415,0.5699635225581312
0.649,0.649,0.0574650912996776,0.649,0.762,0.762,-0.0101181583593643,0.762,0.5886652926792122,0.5758733526548488,0.5886652926792122,0.5758733526548488,0.5886652926792122,0.5758733526548488,0.5886652926792122,0.5758733526548488,0.5886652926792122,0.5758733526548488,0.5886652926792122,0.5758733526548488,0.045722771053783307,0.06496945997585579,0.045722771053783307,0.06496945997585579,0.045722771053783307,0.06496945997585579,0.5886652926792122,0.5758733526548488,0.5886652926792122,0.5758733526548488,0.5886652926792122,0.5758733526548488
0.635,0.635,0.0938430983118171,0.635,0.765,0.765,-0.0015171920015,0.765,0.581797526470076,0.5793642540266909,0.581797526470076,0.5793642540266909,0.581797526470076,0.5793642540266909,0.581797526470076,0.5793642540266909,0.581797526470076,0.5793642540266909,0.581797526470076,0.5793642540266909,0.06334731606241106,0.09330160752444965,0.06334731606241106,0.09330160752444965,0.06334731606241106,0.09330160752444965,0.581797526470076,0.5793642540266909,0.581797526470076,0.5793642540266909,0.581797526470076,0.5793642540266909
0.621,0.621,0.1202577482312305,0.621,0.75,0.75,0.0206217876394635,0.75,0.5927097208753555,0.5831220782071551,0.5927097208753555,0.5831220782071551,0.5927097208753555,0.5831220782071551,0.5927097208753555,0.5831220782071551,0.5927097208753555,0.5831220782071551,0.5927097208753555,0.5831220782071551,0.1020860934701594,0.10465837752288877,0.1020860934701594,0.10465837752288877,0.1020860934701594,0.10465837752288877,0.5927097208753555,0.5831220782071551,0.5927097208753555,0.5831220782071551,0.5927097208753555,0.5831220782071551
0.59,0.59,0.1279082134029873,0.59,0.735,0.735,0.0375535701314737,0.735,0.5738558642573581,0.5807685957306665,0.5738558642573581,0.5807685957306665,0.5738558642573581,0.5807685957306665,0.5738558642573581,0.5807685957306665,0.5738558642573581,0.5807685957306665,0.5738558642573581,0.5807685957306665,0.12464932545031886,0.12069025971143563,0.12464932545031886,0.12069025971143563,0.12464932545031886,0.12069025971143563,0.5738558642573581,0.5807685957306665,0.5738558642573581,0.5807685957306665,0.5738558642573581,0.5807685957306665
0.589,0.589,0.1482218353643372,0.589,0.705,0.705,0.0291581649443822,0.705,0.5678300451946844,0.5797604045932296,0.5678300451946844,0.5797604045932296,0.5678300451946844,0.5797604045932296,0.5678300451946844,0.5797604045932296,0.5678300451946844,0.5797604045932296,0.5678300451946844,0.5797604045932296,0.13069798360799106,0.1031403937671547,0.13069798360799106,0.1031403937671547,0.13069798360799106,0.1031403937671547,0.5678300451946844,0.5797604045932296,0.5678300451946844,0.5797604045932296,0.5678300451946844,0.5797604045932296
0.589,0.589,0.1583939453508943,0.589,0.673,0.673,0.0277117031398669,0.673,0.5739223114675955,0.5853779717792881,0.5739223114675955,0.5853779717792881,0.5739223114675955,0.5853779717792881,0.5739223114675955,0.5853779717792881,0.5739223114675955,0.5853779717792881,0.5739223114675955,0.5853779717792881,0.1704775106915337,0.13144797060981495,0.1704775106915337,0.13144797060981495,0.1704775106915337,0.13144797060981495,0.5739223114675955,0.5853779717792881,0.5739223114675955,0.5853779717792881,0.5739223114675955,0.5853779717792881
0.603,0.603,0.1859749846216936,0.603,0.672,0.672,0.0207727535989585,0.672,0.5848237085572358,0.5956996878555483,0.5848237085572358,0.5956996878555483,0.5848237085572358,0.5956996878555483,0.5848237085572358,0.5956996878555483,0.5848237085572358,0.5956996878555483,0.5848237085572358,0.5956996878555483,0.17939540763732048,0.1485502999099956,0.17939540763732048,0.1485502999099956,0.17939540763732048,0.1485502999099956,0.5848237085572358,0.5956996878555483,0.5848237085572358,0.5956996878555483,0.5848237085572358,0.5956996878555483
0.621,0.621,0.2125493455225431,0.621,0.649,0.649,0.0574650912996776,0.649,0.5843155898133473,0.5912994717933068,0.5843155898133473,0.5912994717933068,0.5843155898133473,0.5912994717933068,0.5843155898133473,0.5912994717933068,0.5843155898133473,0.5912994717933068,0.5843155898133473,0.5912994717933068,0.18313528201270043,0.15236288480952281,0.18313528201270043,0.15236288480952281,0.18313528201270043,0.15236288480952281,0.5843155898133473,0.5912994717933068,0.5843155898133473,0.5912994717933068,0.5843155898133473,0.5912994717933068
0.61,0.61,0.2005018388457706,0.61,0.635,0.635,0.0938430983118171,0.635,0.596702017016188,0.5909619876293571,0.596702017016188,0.5909619876293571,0.596702017016188,0.5909619876293571,0.596702017016188,0.5909619876293571,0.596702017016188,0.5909619876293571,0.596702017016188,0.5909619876293571,0.1733929943378739,0.1505735910303244,0.1733929943378739,0.1505735910303244,0.1733929943378739,0.1505735910303244,0.596702017016188,0.5909619876293571,0.596702017016188,0.5909619876293571,0.596702017016188,0.5909619876293571
0.592,0.592,0.1614772797336456,0.592,0.621,0.621,0.1202577482312305,0.621,0.6045837887736436,0.6017754568681224,0.6045837887736436,0.6017754568681224,0.6045837887736436,0.6017754568681224,0.6045837887736436,0.6017754568681224,0.6045837887736436,0.6017754568681224,0.6045837887736436,0.6017754568681224,0.20238024788535058,0.16478587371870196,0.20238024788535058,0.16478587371870196,0.20238024788535058,0.16478587371870196,0.6045837887736436,0.6017754568681224,0.6045837887736436,0.6017754568681224,0.6045837887736436,0.6017754568681224
0.609,0.609,0.1909251181539021,0.609,0.59,0.59,0.1279082134029873,0.59,0.5913874228331663,0.6001734890379176,0.5913874228331663,0.6001734890379176,0.5913874228331663,0.6001734890379176,0.5913874228331663,0.6001734890379176,0.5913874228331663,0.6001734890379176,0.5913874228331663,0.6001734890379176,0.18914977516835335,0.152653641824802,0.18914977516835335,0.152653641824802,0.18914977516835335,0.152653641824802,0.5913874228331663,0.6001734890379176,0.5913874228331663,0.6001734890379176,0.5913874228331663,0.6001734890379176
0.615,0.615,0.1995642302926475,0.615,0.589,0.589,0.1482218353643372,0.589,0.587063634765288,0.5882764197484718,0.587063634765288,0.5882764197484718,0.587063634765288,0.5882764197484718,0.587063634765288,0.5882764197484718,0.587063634765288,0.5882764197484718,0.587063634765288,0.5882764197484718,0.1715955390792932,0.14955651863273992,0.1715955390792932,0.14955651863273992,0.1715955390792932,0.14955651863273992,0.587063634765288,0.5882764197484718,0.587063634765288,0.5882764197484718,0.587063634765288,0.5882764197484718
0.65,0.65,0.2736419179173861,0.65,0.589,0.589,0.1583939453508943,0.589,0.5913247439508009,0.5828608660468805,0.5913247439508009,0.5828608660468805,0.5913247439508009,0.5828608660468805,0.5913247439508009,0.5828608660468805,0.5913247439508009,0.5828608660468805,0.5913247439508009,0.5828608660468805,0.1571532115471925,0.15253167343089452,0.1571532115471925,0.15253167343089452,0.1571532115471925,0.15253167343089452,0.5913247439508009,0.5828608660468805,0.5913247439508009,0.5828608660468805,0.5913247439508009,0.5828608660468805
0.632,0.632,0.2486269065071359,0.632,0.603,0.603,0.1859749846216936,0.603,0.58986937420984,0.5849656049393174,0.58986937420984,0.5849656049393174,0.58986937420984,0.5849656049393174,0.58986937420984,0.5849656049393174,0.58986937420984,0.5849656049393174,0.58986937420984,0.5849656049393174,0.17828118733810883,0.1708346864310177,0.17828118733810883,0.1708346864310177,0.17828118733810883,0.1708346864310177,0.58986937420984,0.5849656049393174,0.58986937420984,0.5849656049393174,0.58986937420984,0.5849656049393174
0.627,0.627,0.2383216120626986,0.627,0.621,0.621,0.2125493455225431,0.621,0.5909378896682651,0.5742692110202618,0.5909378896682651,0.5742692110202618,0.5909378896682651,0.5742692110202618,0.5909378896682651,0.5742692110202618,0.5909378896682651,0.5742692110202618,0.5909378896682651,0.5742692110202618,0.1476338478592205,0.132135506196442,0.1476338478592205,0.132135506196442,0.1476338478592205,0.132135506196442,0.5909378896682651,0.5742692110202618,0.5909378896682651,0.5742692110202618,0.5909378896682651,0.5742692110202618
0.606,0.606,0.1913104875125203,0.606,0.61,0.61,0.2005018388457706,0.61,0.5817921329172125,0.5754226133906211,0.5817921329172125,0.5754226133906211,0.5817921329172125,0.5754226133906211,0.5817921329172125,0.5754226133906211,0.5817921329172125,0.5754226133906211,0.5817921329172125,0.5754226133906211,0.16702716289248545,0.13956228156865735,0.16702716289248545,0.13956228156865735,0.16702716289248545,0.13956228156865735,0.5817921329172125,0.5754226133906211,0.5817921329172125,0.5754226133906211,0.5817921329172125,0.5754226133906211
0.592,0.592,0.1646704747865609,0.592,0.592,0.592,0.1614772797336456,0.592,0.5584277970866908,0.5769799321325277,0.5584277970866908,0.5769799321325277,0.5584277970866908,0.5769799321325277,0.5584277970866908,0.5769799321325277,0.5584277970866908,0.5769799321325277,0.5584277970866908,0.5769799321325277,0.13809217702404852,0.12877180434373153,0.13809217702404852,0.12877180434373153,0.13809217702404852,0.12877180434373153,0.5584277970866908,0.5769799321325277,0.5584277970866908,0.5769799321325277,0.5584277970866908,0.5769799321325277
0.595,0.595,0.1706869578749927,0.595,0.609,0.609,0.1909251181539021,0.609,0.5637557141754124,0.5764826990441014,0.5637557141754124,0.5764826990441014,0.5637557141754124,0.5764826990441014,0.5637557141754124,0.5764826990441014,0.5637557141754124,0.5764826990441014,0.5637557141754124,0.5764826990441014,0.13383199262242898,0.1296556876848362,0.13383199262242898,0.1296556876848362,0.13383199262242898,0.1296556876848362,0.5637557141754124,0.5764826990441014,0.5637557141754124,0.5764826990441014,0.5637557141754124,0.5764826990441014
0.615,0.615,0.2024890627071456,0.615,0.615,0.615,0.1995642302926475,0.615,0.5710805469323147,0.5824864555457064,0.5710805469323147,0.5824864555457064,0.5710805469323147,0.5824864555457064,0.5710805469323147,0.5824864555457064,0.5710805469323147,0.5824864555457064,0.5710805469323147,0.5824864555457064,0.12989915554719647,0.12179618608600556,0.12989915554719647,0.12179618608600556,0.12989915554719647,0.12179618608600556,0.5710805469323147,0.5824864555457064,0.5710805469323147,0.5824864555457064,0.5710805469323147,0.5824864555457064
0.634,0.634,0.2395279255319148,0.634,0.65,0.65,0.2736419179173861,0.65,0.5707455583359067,0.5741229930430989,0.5707455583359067,0.5741229930430989,0.5707455583359067,0.5741229930430989,0.5707455583359067,0.5741229930430989,0.5707455583359067,0.5741229930430989,0.5707455583359067,0.5741229930430989,0.13007352653638626,0.13759273645199407,0.13007352653638626,0.13759273645199407,0.13007352653638626,0.13759273645199407,0.5707455583359067,0.5741229930430989,0.5707455583359067,0.5741229930430989,0.5707455583359067,0.5741229930430989
0.644,0.644,0.2622189800384641,0.644,0.632,0.632,0.2486269065071359,0.632,0.5689377798181864,0.57384232040434,0.5689377798181864,0.57384232040434,0.5689377798181864,0.57384232040434,0.5689377798181864,0.57384232040434,0.5689377798181864,0.57384232040434,0.5689377798181864,0.57384232040434,0.11704982883224421,0.12375088124260232,0.11704982883224421,0.12375088124260232,0.11704982883224421,0.12375088124260232,0.5689377798181864,0.57384232040434,0.5689377798181864,0.57384232040434,0.5689377798181864,0.57384232040434
0.627,0.627,0.24206710449314,0.627,0.627,0.627,0.2383216120626986,0.627,0.568707033583869,0.5759001475383815,0.568707033583869,0.5759001475383815,0.568707033583869,0.5759001475383815,0.568707033583869,0.5759001475383815,0.568707033583869,0.5759001475383815,0.568707033583869,0.5759001475383815,0.13530001513313655,0.13466120800295142,0.13530001513313655,0.13466120800295142,0.13530001513313655,0.13466120800295142,0.568707033583869,0.5759001475383815,0.568707033583869,0.5759001475383815,0.568707033583869,0.5759001475383815
0.619,0.619,0.2265843855304291,0.619,0.606,0.606,0.1913104875125203,0.606,0.5758908866589123,0.5669044859592999,0.5758908866589123,0.5669044859592999,0.5758908866589123,0.5669044859592999,0.5758908866589123,0.5669044859592999,0.5758908866589123,0.5669044859592999,0.5758908866589123,0.5669044859592999,0.16831309485626977,0.15101684921557648,0.16831309485626977,0.15101684921557648,0.16831309485626977,0.15101684921557648,0.5758908866589123,0.5669044859592999,0.5758908866589123,0.5669044859592999,0.5758908866589123,0.5669044859592999
0.616,0.616,0.2245338115374829,0.616,0.592,0.592,0.1646704747865609,0.592,0.5666955711250378,0.5777615653956119,0.5666955711250378,0.5777615653956119,0.5666955711250378,0.5777615653956119,0.5666955711250378,0.5777615653956119,0.5666955711250378,0.5777615653956119,0.5666955711250378,0.5777615653956119,0.1445374899447276,0.14147568511360023,0.1445374899447276,0.14147568511360023,0.1445374899447276,0.14147568511360023,0.5666955711250378,0.5777615653956119,0.5666955711250378,0.5777615653956119,0.5666955711250378,0.5777615653956119
0.616,0.616,0.2230495305924247,0.616,0.595,0.595,0.1706869578749927,0.595,0.5641662694746199,0.574131933428954,0.5641662694746199,0.574131933428954,0.5641662694746199,0.574131933428954,0.5641662694746199,0.574131933428954,0.5641662694746199,0.574131933428954,0.5641662694746199,0.574131933428954,0.15740667065237182,0.14495469833605948,0.15740667065237182,0.14495469833605948,0.15740667065237182,0.14495469833605948,0.5641662694746199,0.574131933428954,0.5641662694746199,0.574131933428954,0.5641662694746199,0.574131933428954
0.615,0.615,0.220117326764763,0.615,0.615,0.615,0.2024890627071456,0.615,0.5681046397133913,0.5852329278857654,0.5681046397133913,0.5852329278857654,0.5681046397133913,0.5852329278857654,0.5681046397133913,0.5852329278857654,0.5681046397133913,0.5852329278857654,0.5681046397133913,0.5852329278857654,0.16031519240043657,0.14902008391347835,0.16031519240043657,0.14902008391347835,0.16031519240043657,0.14902008391347835,0.5681046397133913,0.5852329278857654,0.5681046397133913,0.5852329278857654,0.5681046397133913,0.5852329278857654
0.615,0.615,0.217396960654378,0.615,0.634,0.634,0.2395279255319148,0.634,0.5590769576106398,0.5729390372339869,0.5590769576106398,0.5729390372339869,0.5590769576106398,0.5729390372339869,0.5590769576106398,0.5729390372339869,0.5590769576106398,0.5729390372339869,0.5590769576106398,0.5729390372339869,0.13147819515537312,0.16250831493766527,0.13147819515537312,0.16250831493766527,0.13147819515537312,0.16250831493766527,0.5590769576106398,0.5729390372339869,0.5590769576106398,0.5729390372339869,0.5590769576106398,0.5729390372339869
0.605,0.605,0.1993351441196741,0.605,0.644,0.644,0.2622189800384641,0.644,0.5724874228571322,0.5796568657222156,0.5724874228571322,0.5796568657222156,0.5724874228571322,0.5796568657222156,0.5724874228571322,0.5796568657222156,0.5724874228571322,0.5796568657222156,0.5724874228571322,0.5796568657222156,0.12258131066697324,0.16703110384550773,0.12258131066697324,0.16703110384550773,0.12258131066697324,0.16703110384550773,0.5724874228571322,0.5796568657222156,0.5724874228571322,0.5796568657222156,0.5724874228571322,0.5796568657222156
0.602,0.602,0.1889699918896999,0.602,0.627,0.627,0.24206710449314,0.627,0.5713313496710567,0.5724026589413618,0.5713313496710567,0.5724026589413618,0.5713313496710567,0.5724026589413618,0.5713313496710567,0.5724026589413618,0.5713313496710567,0.5724026589413618,0.5713313496710567,0.5724026589413618,0.14272678926600757,0.15788847097267578,0.14272678926600757,0.15788847097267578,0.14272678926600757,0.15788847097267578,0.5713313496710567,0.5724026589413618,0.5713313496710567,0.5724026589413618,0.5713313496710567,0.5724026589413618
0.596,0.596,0.1785779639306265,0.596,0.619,0.619,0.2265843855304291,0.619,0.5517932474211927,0.5783665597599627,0.5517932474211927,0.5783665597599627,0.5517932474211927,0.5783665597599627,0.5517932474211927,0.5783665597599627,0.5517932474211927,0.5783665597599627,0.5517932474211927,0.5783665597599627,0.15308712450054376,0.15219106998172532,0.15308712450054376,0.15219106998172532,0.15308712450054376,0.15219106998172532,0.5517932474211927,0.5783665597599627,0.5517932474211927,0.5783665597599627,0.5517932474211927,0.5783665597599627
0.609,0.609,0.2099414023034956,0.609,0.616,0.616,0.2245338115374829,0.616,0.5850491619945645,0.5895840540987499,0.5850491619945645,0.5895840540987499,0.5850491619945645,0.5895840540987499,0.5850491619945645,0.5895840540987499,0.5850491619945645,0.5895840540987499,0.5850491619945645,0.5895840540987499,0.15603455856822138,0.15884006308976192,0.15603455856822138,0.15884006308976192,0.15603455856822138,0.15884006308976192,0.5850491619945645,0.5895840540987499,0.5850491619945645,0.5895840540987499,0.5850491619945645,0.5895840540987499
0.598,0.598,0.1919240649837781,0.598,0.616,0.616,0.2230495305924247,0.616,0.583207926045653,0.5781098113325082,0.583207926045653,0.5781098113325082,0.583207926045653,0.5781098113325082,0.583207926045653,0.5781098113325082,0.583207926045653,0.5781098113325082,0.583207926045653,0.5781098113325082,0.1688960074051181,0.17068492229259222,0.1688960074051181,0.17068492229259222,0.1688960074051181,0.17068492229259222,0.583207926045653,0.5781098113325082,0.583207926045653,0.5781098113325082,0.583207926045653,0.5781098113325082
0.604,0.604,0.2020858603972645,0.604,0.615,0.615,0.220117326764763,0.615,0.5646659152810921,0.577282097839041,0.5646659152810921,0.577282097839041,0.5646659152810921,0.577282097839041,0.5646659152810921,0.577282097839041,0.5646659152810921,0.577282097839041,0.5646659152810921,0.577282097839041,0.14654934389974267,0.167093319627078,0.14654934389974267,0.167093319627078,0.14654934389974267,0.167093319627078,0.5646659152810921,0.577282097839041,0.5646659152810921,0.577282097839041,0.5646659152810921,0.577282097839041
0.608,0.608,0.2143186418936523,0.608,0.615,0.615,0.217396960654378,0.615,0.5762717465970588,0.5888077490683908,0.5762717465970588,0.5888077490683908,0.5762717465970588,0.5888077490683908,0.5762717465970588,0.5888077490683908,0.5762717465970588,0.5888077490683908,0.5762717465970588,0.5888077490683908,0.16128901317480504,0.16926336082988588,0.16128901317480504,0.16926336082988588,0.16128901317480504,0.16926336082988588,0.5762717465970588,0.5888077490683908,0.5762717465970588,0.5888077490683908,0.5762717465970588,0.5888077490683908
0.62,0.62,0.234472894296823,0.62,0.605,0.605,0.1993351441196741,0.605,0.576757555929346,0.5743965353969669,0.576757555929346,0.5743965353969669,0.576757555929346,0.5743965353969669,0.576757555929346,0.5743965353969669,0.576757555929346,0.5743965353969669,0.576757555929346,0.5743965353969669,0.18677372052886262,0.17388511545769805,0.18677372052886262,0.17388511545769805,0.18677372052886262,0.17388511545769805,0.576757555929346,0.5743965353969669,0.576757555929346,0.5743965353969669,0.576757555929346,0.5743965353969669
0.626,0.626,0.2473395263471415,0.626,0.602,0.602,0.1889699918896999,0.602,0.5791627044131472,0.5850387025024264,0.5791627044131472,0.5850387025024264,0.5791627044131472,0.5850387025024264,0.5791627044131472,0.5850387025024264,0.5791627044131472,0.5850387025024264,0.5791627044131472,0.5850387025024264,0.17124680119217708,0.17272850291203729,0.17124680119217708,0.17272850291203729,0.17124680119217708,0.17272850291203729,0.5791627044131472,0.5850387025024264,0.5791627044131472,0.5850387025024264,0.5791627044131472,0.5850387025024264
0.608,0.608,0.208375068661346,0.608,0.596,0.596,0.1785779639306265,0.596,0.5826332149984814,0.5957382905038856,0.5826332149984814,0.5957382905038856,0.5826332149984814,0.5957382905038856,0.5826332149984814,0.5957382905038856,0.5826332149984814,0.5957382905038856,0.5826332149984814,0.5957382905038856,0.17621743067266266,0.1821522283628937,0.17621743067266266,0.1821522283628937,0.17621743067266266,0.1821522283628937,0.5826332149984814,0.5957382905038856,0.5826332149984814,0.5957382905038856,0.5826332149984814,0.5957382905038856
0.618,0.618,0.2255699764427307,0.618,0.609,0.609,0.2099414023034956,0.609,0.5756516808692126,0.5784137572210029,0.5756516808692126,0.5784137572210029,0.5756516808692126,0.5784137572210029,0.5756516808692126,0.5784137572210029,0.5756516808692126,0.5784137572210029,0.5756516808692126,0.5784137572210029,0.17522196482666436,0.1751377671839611,0.17522196482666436,0.1751377671839611,0.17522196482666436,0.1751377671839611,0.5756516808692126,0.5784137572210029,0.5756516808692126,0.5784137572210029,0.5756516808692126,0.5784137572210029
0.631,0.631,0.2540029112081513,0.631,0.598,0.598,0.1919240649837781,0.598,0.591839056806495,0.6019755055666319,0.591839056806495,0.6019755055666319,0.591839056806495,0.6019755055666319,0.591839056806495,0.6019755055666319,0.591839056806495,0.6019755055666319,0.591839056806495,0.6019755055666319,0.1794366072640811,0.17918129349836595,0.1794366072640811,0.17918129349836595,0.1794366072640811,0.17918129349836595,0.591839056806495,0.6019755055666319,0.591839056806495,0.6019755055666319,0.591839056806495,0.6019755055666319
0.641,0.641,0.2782584920226454,0.641,0.604,0.604,0.2020858603972645,0.604,0.6072521803434385,0.6109530619422221,0.6072521803434385,0.6109530619422221,0.6072521803434385,0.6109530619422221,0.6072521803434385,0.6109530619422221,0.6072521803434385,0.6109530619422221,0.6072521803434385,0.6109530619422221,0.2067070204175594,0.20988712304634333,0.2067070204175594,0.20988712304634333,0.2067070204175594,0.20988712304634333,0.6072521803434385,0.6109530619422221,0.6072521803434385,0.6109530619422221,0.6072521803434385,0.6109530619422221
0.632,0.632,0.2608334103298529,0.632,0.608,0.608,0.2143186418936523,0.608,0.6068531982822076,0.6198487489232603,0.6068531982822076,0.6198487489232603,0.6068531982822076,0.6198487489232603,0.6068531982822076,0.6198487489232603,0.6068531982822076,0.6198487489232603,0.6068531982822076,0.6198487489232603,0.19833874980404362,0.22021496056955198,0.19833874980404362,0.22021496056955198,0.19833874980404362,0.22021496056955198,0.6068531982822076,0.6198487489232603,0.6068531982822076,0.6198487489232603,0.6068531982822076,0.6198487489232603
0.625,0.625,0.247809621618152,0.625,0.62,0.62,0.234472894296823,0.62,0.6091883159567337,0.6047731147856646,0.6091883159567337,0.6047731147856646,0.6091883159567337,0.6047731147856646,0.6091883159567337,0.6047731147856646,0.6091883159567337,0.6047731147856646,0.6091883159567337,0.6047731147856646,0.1947188301410744,0.22237772465165256,0.1947188301410744,0.22237772465165256,0.1947188301410744,0.22237772465165256,0.6091883159567337,0.6047731147856646,0.6091883159567337,0.6047731147856646,0.6091883159567337,0.6047731147856646
0.604,0.604,0.2075657460288238,0.604,0.626,0.626,0.2473395263471415,0.626,0.602379706112711,0.5988468103625606,0.602379706112711,0.5988468103625606,0.602379706112711,0.5988468103625606,0.602379706112711,0.5988468103625606,0.602379706112711,0.5988468103625606,0.602379706112711,0.5988468103625606,0.20602260691553007,0.21236775613196046,0.20602260691553007,0.21236775613196046,0.20602260691553007,0.21236775613196046,0.602379706112711,0.5988468103625606,0.602379706112711,0.5988468103625606,0.602379706112711,0.5988468103625606
0.624,0.624,0.2422257602934361,0.624,0.608,0.608,0.208375068661346,0.608,0.5962466096952288,0.5999402564012579,0.5962466096952288,0.5999402564012579,0.5962466096952288,0.5999402564012579,0.5962466096952288,0.5999402564012579,0.5962466096952288,0.5999402564012579,0.5962466096952288,0.5999402564012579,0.19539967782753628,0.21746461535468492,0.19539967782753628,0.21746461535468492,0.19539967782753628,0.21746461535468492,0.5962466096952288,0.5999402564012579,0.5962466096952288,0.5999402564012579,0.5962466096952288,0.5999402564012579
0.643,0.643,0.2771757616988191,0.643,0.618,0.618,0.2255699764427307,0.618,0.5956619060900112,0.5969696148282124,0.5956619060900112,0.5969696148282124,0.5956619060900112,0.5969696148282124,0.5956619060900112,0.5969696148282124,0.5956619060900112,0.5969696148282124,0.5956619060900112,0.5969696148282124,0.18779896900616233,0.18807452656792648,0.18779896900616233,0.18807452656792648,0.18779896900616233,0.18807452656792648,0.5956619060900112,0.5969696148282124,0.5956619060900112,0.5969696148282124,0.5956619060900112,0.5969696148282124
0.651,0.651,0.2832144852288784,0.651,0.631,0.631,0.2540029112081513,0.631,0.5905267796388906,0.596085950331561,0.5905267796388906,0.596085950331561,0.5905267796388906,0.596085950331561,0.5905267796388906,0.596085950331561,0.5905267796388906,0.596085950331561,0.5905267796388906,0.596085950331561,0.19429615778028175,0.20461641802960742,0.19429615778028175,0.20461641802960742,0.19429615778028175,0.20461641802960742,0.5905267796388906,0.596085950331561,0.5905267796388906,0.596085950331561,0.5905267796388906,0.596085950331561
0.652,0.652,0.2606724481514686,0.652,0.641,0.641,0.2782584920226454,0.641,0.5819389922742464,0.6010618116876054,0.5819389922742464,0.6010618116876054,0.5819389922742464,0.6010618116876054,0.5819389922742464,0.6010618116876054,0.5819389922742464,0.6010618116876054,0.5819389922742464,0.6010618116876054,0.1222854550979283,0.14622535203654283,0.1222854550979283,0.14622535203654283,0.1222854550979283,0.14622535203654283,0.5819389922742464,0.6010618116876054,0.5819389922742464,0.6010618116876054,0.5819389922742464,0.6010618116876054
0.681,0.681,0.2368567108763469,0.681,0.632,0.632,0.2608334103298529,0.632,0.6084044042441763,0.5965567339295268,0.6084044042441763,0.5965567339295268,0.6084044042441763,0.5965567339295268,0.6084044042441763,0.5965567339295268,0.6084044042441763,0.5965567339295268,0.6084044042441763,0.5965567339295268,0.14999159438387227,0.13577740897446472,0.14999159438387227,0.13577740897446472,0.14999159438387227,0.13577740897446472,0.6084044042441763,0.5965567339295268,0.6084044042441763,0.5965567339295268,0.6084044042441763,0.5965567339295268
0.712,0.712,0.1764652056549389,0.712,0.625,0.625,0.247809621618152,0.625,0.6519713244110286,0.6602585754234753,0.6519713244110286,0.6602585754234753,0.6519713244110286,0.6602585754234753,0.6519713244110286,0.6602585754234753,0.6519713244110286,0.6602585754234753,0.6519713244110286,0.6602585754234753,0.11022893566843833,0.12375181587934085,0.11022893566843833,0.12375181587934085,0.11022893566843833,0.12375181587934085,0.6519713244110286,0.6602585754234753,0.6519713244110286,0.6602585754234753,0.6519713244110286,0.6602585754234753
0.752,0.752,0.0951216842412522,0.752,0.604,0.604,0.2075657460288238,0.604,0.6854561050671869,0.6796309674524104,0.6854561050671869,0.6796309674524104,0.6854561050671869,0.6796309674524104,0.6854561050671869,0.6796309674524104,0.6854561050671869,0.6796309674524104,0.6854561050671869,0.6796309674524104,0.06378142671021507,0.07903822348703651,0.06378142671021507,0.07903822348703651,0.06378142671021507,0.07903822348703651,0.6854561050671869,0.6796309674524104,0.6854561050671869,0.6796309674524104,0.6854561050671869,0.6796309674524104
0.767,0.767,0.020580421696876,0.767,0.624,0.624,0.2422257602934361,0.624,0.6815976148469077,0.6807153749858532,0.6815976148469077,0.6807153749858532,0.6815976148469077,0.6807153749858532,0.6815976148469077,0.6807153749858532,0.6815976148469077,0.6807153749858532,0.6815976148469077,0.6807153749858532,0.015798914616222987,0.017188173341818498,0.015798914616222987,0.017188173341818498,0.015798914616222987,0.017188173341818498,0.6815976148469077,0.6807153749858532,0.6815976148469077,0.6807153749858532,0.6815976148469077,0.6807153749858532
0.769,0.769,0.0253987005316006,0.769,0.643,0.643,0.2771757616988191,0.643,0.6781772291998529,0.6727860518111526,0.6781772291998529,0.6727860518111526,0.6781772291998529,0.6727860518111526,0.6781772291998529,0.6727860518111526,0.6781772291998529,0.6727860518111526,0.6781772291998529,0.6727860518111526,0.04579203135064065,0.02541439617705139,0.04579203135064065,0.02541439617705139,0.04579203135064065,0.02541439617705139,0.6781772291998529,0.6727860518111526,0.6781772291998529,0.6727860518111526,0.6781772291998529,0.6727860518111526
0.777,0.777,0.0382293068350411,0.777,0.651,0.651,0.2832144852288784,0.651,0.6734661009757966,0.672322055756332,0.6734661009757966,0.672322055756332,0.6734661009757966,0.672322055756332,0.6734661009757966,0.672322055756332,0.6734661009757966,0.672322055756332,0.6734661009757966,0.672322055756332,0.01674047739250962,0.026506332883450272,0.01674047739250962,0.026506332883450272,0.01674047739250962,0.026506332883450272,0.6734661009757966,0.672322055756332,0.6734661009757966,0.672322055756332,0.6734661009757966,0.672322055756332
0.76,0.76,0.0625805594831694,0.76,0.652,0.652,0.2606724481514686,0.652,0.6675577281227683,0.6660054581761,0.6675577281227683,0.6660054581761,0.6675577281227683,0.6660054581761,0.6675577281227683,0.6660054581761,0.6675577281227683,0.6660054581761,0.6675577281227683,0.6660054581761,0.024860374663884004,0.02544636301098016,0.024860374663884004,0.02544636301098016,0.024860374663884004,0.02544636301098016,0.6675577281227683,0.6660054581761,0.6675577281227683,0.6660054581761,0.6675577281227683,0.6660054581761
0.749,0.749,0.0442318822920156,0.749,0.681,0.681,0.2368567108763469,0.681,0.639149685702904,0.6438988258884206,0.639149685702904,0.6438988258884206,0.639149685702904,0.6438988258884206,0.639149685702904,0.6438988258884206,0.639149685702904,0.6438988258884206,0.639149685702904,0.6438988258884206,0.05747901060515256,0.03134123239151824,0.05747901060515256,0.03134123239151824,0.05747901060515256,0.03134123239151824,0.639149685702904,0.6438988258884206,0.639149685702904,0.6438988258884206,0.639149685702904,0.6438988258884206
0.728,0.728,0.0415785764622972,0.728,0.712,0.712,0.1764652056549389,0.712,0.626940940171949,0.6284034987567944,0.626940940171949,0.6284034987567944,0.626940940171949,0.6284034987567944,0.626940940171949,0.6284034987567944,0.626940940171949,0.6284034987567944,0.626940940171949,0.6284034987567944,0.030543576078974354,0.02137338706306522,0.030543576078974354,0.02137338706306522,0.030543576078974354,0.02137338706306522,0.626940940171949,0.6284034987567944,0.626940940171949,0.6284034987567944,0.626940940171949,0.6284034987567944
0.714,0.714,0.0357708775833586,0.714,0.752,0.752,0.0951216842412522,0.752,0.6085171289797147,0.602199503287576,0.6085171289797147,0.602199503287576,0.6085171289797147,0.602199503287576,0.6085171289797147,0.602199503287576,0.6085171289797147,0.602199503287576,0.6085171289797147,0.602199503287576,0.023108110698138676,0.03622553677618879,0.023108110698138676,0.03622553677618879,0.023108110698138676,0.03622553677618879,0.6085171289797147,0.602199503287576,0.6085171289797147,0.602199503287576,0.6085171289797147,0.602199503287576
0.721,0.721,0.0336792230642414,0.721,0.767,0.767,0.020580421696876,0.767,0.5820792509680474,0.5742888407973783,0.5820792509680474,0.5742888407973783,0.5820792509680474,0.5742888407973783,0.5820792509680474,0.5742888407973783,0.5820792509680474,0.5742888407973783,0.5820792509680474,0.5742888407973783,0.02191485063058253,0.021592116827799407,0.02191485063058253,0.021592116827799407,0.02191485063058253,0.021592116827799407,0.5820792509680474,0.5742888407973783,0.5820792509680474,0.5742888407973783,0.5820792509680474,0.5742888407973783
0.689,0.689,0.082130166338083,0.689,0.769,0.769,0.0253987005316006,0.769,0.586476062766161,0.5769970532453677,0.586476062766161,0.5769970532453677,0.586476062766161,0.5769970532453677,0.586476062766161,0.5769970532453677,0.586476062766161,0.5769970532453677,0.586476062766161,0.5769970532453677,0.061787071086110555,0.06733112107364524,0.061787071086110555,0.06733112107364524,0.061787071086110555,0.06733112107364524,0.586476062766161,0.5769970532453677,0.586476062766161,0.5769970532453677,0.586476062766161,0.5769970532453677
0.665,0.665,0.1217767897402556,0.665,0.777,0.777,0.0382293068350411,0.777,0.5814960815169348,0.5778711150012388,0.5814960815169348,0.5778711150012388,0.5814960815169348,0.5778711150012388,0.5814960815169348,0.5778711150012388,0.5814960815169348,0.5778711150012388,0.5814960815169348,0.5778711150012388,0.07026866550461593,0.09389381746272216,0.07026866550461593,0.09389381746272216,0.07026866550461593,0.09389381746272216,0.5814960815169348,0.5778711150012388,0.5814960815169348,0.5778711150012388,0.5814960815169348,0.5778711150012388
0.639,0.639,0.1639647985178323,0.639,0.76,0.76,0.0625805594831694,0.76,0.577502199585032,0.5788580206221677,0.577502199585032,0.5788580206221677,0.577502199585032,0.5788580206221677,0.577502199585032,0.5788580206221677,0.577502199585032,0.5788580206221677,0.577502199585032,0.5788580206221677,0.10753771933255742,0.09018272804938389,0.10753771933255742,0.09018272804938389,0.10753771933255742,0.09018272804938389,0.577502199585032,0.5788580206221677,0.577502199585032,0.5788580206221677,0.577502199585032,0.5788580206221677
0.614,0.614,0.1564095391286103,0.614,0.749,0.749,0.0442318822920156,0.749,0.571128437353608,0.5727067975671368,0.571128437353608,0.5727067975671368,0.571128437353608,0.5727067975671368,0.571128437353608,0.5727067975671368,0.571128437353608,0.5727067975671368,0.571128437353608,0.5727067975671368,0.11599639222198721,0.09870196744664442,0.11599639222198721,0.09870196744664442,0.11599639222198721,0.09870196744664442,0.571128437353608,0.5727067975671368,0.571128437353608,0.5727067975671368,0.571128437353608,0.5727067975671368
0.583,0.583,0.1235150200519585,0.583,0.728,0.728,0.0415785764622972,0.728,0.5571709144795755,0.5796505436485856,0.5571709144795755,0.5796505436485856,0.5571709144795755,0.5796505436485856,0.5571709144795755,0.5796505436485856,0.5571709144795755,0.5796505436485856,0.5571709144795755,0.5796505436485856,0.1250715213691294,0.11838937962440854,0.1250715213691294,0.11838937962440854,0.1250715213691294,0.11838937962440854,0.5571709144795755,0.5796505436485856,0.5571709144795755,0.5796505436485856,0.5571709144795755,0.5796505436485856
0.594,0.594,0.1690408357075024,0.594,0.714,0.714,0.0357708775833586,0.714,0.5708477989666784,0.5861451879682344,0.5708477989666784,0.5861451879682344,0.5708477989666784,0.5861451879682344,0.5708477989666784,0.5861451879682344,0.5708477989666784,0.5861451879682344,0.5708477989666784,0.5861451879682344,0.14846044334362968,0.14388163136459128,0.14846044334362968,0.14388163136459128,0.14846044334362968,0.14388163136459128,0.5708477989666784,0.5861451879682344,0.5708477989666784,0.5861451879682344,0.5708477989666784,0.5861451879682344
0.613,0.613,0.1903833440724346,0.613,0.721,0.721,0.0336792230642414,0.721,0.571218099786558,0.5864452950815373,0.571218099786558,0.5864452950815373,0.571218099786558,0.5864452950815373,0.571218099786558,0.5864452950815373,0.571218099786558,0.5864452950815373,0.571218099786558,0.5864452950815373,0.11486131313449414,0.14855501289313147,0.11486131313449414,0.14855501289313147,0.11486131313449414,0.14855501289313147,0.571218099786558,0.5864452950815373,0.571218099786558,0.5864452950815373,0.571218099786558,0.5864452950815373
0.65,0.65,0.2658194922827139,0.65,0.689,0.689,0.082130166338083,0.689,0.5771261597084839,0.5936541548271597,0.5771261597084839,0.5936541548271597,0.5771261597084839,0.5936541548271597,0.5771261597084839,0.5936541548271597,0.5771261597084839,0.5936541548271597,0.5771261597084839,0.5936541548271597,0.14858291756125702,0.1530474762345417,0.14858291756125702,0.1530474762345417,0.14858291756125702,0.1530474762345417,0.5771261597084839,0.5936541548271597,0.5771261597084839,0.5936541548271597,0.5771261597084839,0.5936541548271597
0.642,0.642,0.2592163419358042,0.642,0.665,0.665,0.1217767897402556,0.665,0.5864195486093873,0.5994395881432427,0.5864195486093873,0.5994395881432427,0.5864195486093873,0.5994395881432427,0.5864195486093873,0.5994395881432427,0.5864195486093873,0.5994395881432427,0.5864195486093873,0.5994395881432427,0.15744670057085358,0.15150664012594775,0.15744670057085358,0.15150664012594775,0.15744670057085358,0.15150664012594775,0.5864195486093873,0.5994395881432427,0.5864195486093873,0.5994395881432427,0.5864195486093873,0.5994395881432427
0.637,0.637,0.2501425348900622,0.637,0.639,0.639,0.1639647985178323,0.639,0.5767330880498004,0.5908691530099656,0.5767330880498004,0.5908691530099656,0.5767330880498004,0.5908691530099656,0.5767330880498004,0.5908691530099656,0.5767330880498004,0.5908691530099656,0.5767330880498004,0.5908691530099656,0.18766179214253995,0.16653561853510374,0.18766179214253995,0.16653561853510374,0.18766179214253995,0.16653561853510374,0.5767330880498004,0.5908691530099656,0.5767330880498004,0.5908691530099656,0.5767330880498004,0.5908691530099656
0.654,0.654,0.2860208663497093,0.654,0.614,0.614,0.1564095391286103,0.614,0.5782298992654984,0.6023578725281016,0.5782298992654984,0.6023578725281016,0.5782298992654984,0.6023578725281016,0.5782298992654984,0.6023578725281016,0.5782298992654984,0.6023578725281016,0.5782298992654984,0.6023578725281016,0.18014886946981307,0.15978700937931123,0.18014886946981307,0.15978700937931123,0.18014886946981307,0.15978700937931123,0.5782298992654984,0.6023578725281016,0.5782298992654984,0.6023578725281016,0.5782298992654984,0.6023578725281016
0.645,0.645,0.2647485232836537,0.645,0.583,0.583,0.1235150200519585,0.583,0.5930875612887013,0.5894780723304528,0.5930875612887013,0.5894780723304528,0.5930875612887013,0.5894780723304528,0.5930875612887013,0.5894780723304528,0.5930875612887013,0.5894780723304528,0.5930875612887013,0.5894780723304528,0.12902725060882952,0.1528438919625265,0.12902725060882952,0.1528438919625265,0.12902725060882952,0.1528438919625265,0.5930875612887013,0.5894780723304528,0.5930875612887013,0.5894780723304528,0.5930875612887013,0.5894780723304528
0.672,0.672,0.3306341017436165,0.672,0.594,0.594,0.1690408357075024,0.594,0.5930081224863436,0.5841970778867345,0.5930081224863436,0.5841970778867345,0.5930081224863436,0.5841970778867345,0.5930081224863436,0.5841970778867345,0.5930081224863436,0.5841970778867345,0.5930081224863436,0.5841970778867345,0.16599485167712633,0.14557647436592097,0.16599485167712633,0.14557647436592097,0.16599485167712633,0.14557647436592097,0.5930081224863436,0.5841970778867345,0.5930081224863436,0.5841970778867345,0.5930081224863436,0.5841970778867345
0.663,0.663,0.3181726216970825,0.663,0.613,0.613,0.1903833440724346,0.613,0.580673359028868,0.5761484031906848,0.580673359028868,0.5761484031906848,0.580673359028868,0.5761484031906848,0.580673359028868,0.5761484031906848,0.580673359028868,0.5761484031906848,0.580673359028868,0.5761484031906848,0.1398909576397464,0.14431053948805414,0.1398909576397464,0.14431053948805414,0.1398909576397464,0.14431053948805414,0.580673359028868,0.5761484031906848,0.580673359028868,0.5761484031906848,0.580673359028868,0.5761484031906848
0.671,0.671,0.3330522287002425,0.671,0.65,0.65,0.2658194922827139,0.65,0.5831274895463702,0.5745924489683986,0.5831274895463702,0.5745924489683986,0.5831274895463702,0.5745924489683986,0.5831274895463702,0.5745924489683986,0.5831274895463702,0.5745924489683986,0.5831274895463702,0.5745924489683986,0.15040908092999983,0.14059152388000626,0.15040908092999983,0.14059152388000626,0.15040908092999983,0.14059152388000626,0.5831274895463702,0.5745924489683986,0.5831274895463702,0.5745924489683986,0.5831274895463702,0.5745924489683986
0.659,0.659,0.2975792231761778,0.659,0.642,0.642,0.2592163419358042,0.642,0.5719065650594567,0.5726739625185524,0.5719065650594567,0.5726739625185524,0.5719065650594567,0.5726739625185524,0.5719065650594567,0.5726739625185524,0.5719065650594567,0.5726739625185524,0.5719065650594567,0.5726739625185524,0.13333403939877245,0.13963359816331092,0.13333403939877245,0.13963359816331092,0.13333403939877245,0.13963359816331092,0.5719065650594567,0.5726739625185524,0.5719065650594567,0.5726739625185524,0.5719065650594567,0.5726739625185524
0.636,0.636,0.2570215545395166,0.636,0.637,0.637,0.2501425348900622,0.637,0.5604684699389331,0.5758898212569987,0.5604684699389331,0.5758898212569987,0.5604684699389331,0.5758898212569987,0.5604684699389331,0.5758898212569987,0.5604684699389331,0.5758898212569987,0.5604684699389331,0.5758898212569987,0.1437075860517188,0.14543825239378017,0.1437075860517188,0.14543825239378017,0.1437075860517188,0.14543825239378017,0.5604684699389331,0.5758898212569987,0.5604684699389331,0.5758898212569987,0.5604684699389331,0.5758898212569987
0.634,0.634,0.2554922701383239,0.634,0.654,0.654,0.2860208663497093,0.654,0.5628611420945778,0.5790670306144999,0.5628611420945778,0.5790670306144999,0.5628611420945778,0.5790670306144999,0.5628611420945778,0.5790670306144999,0.5628611420945778,0.5790670306144999,0.5628611420945778,0.5790670306144999,0.12672868687070735,0.12883989946894972,0.12672868687070735,0.12883989946894972,0.12672868687070735,0.12883989946894972,0.5628611420945778,0.5790670306144999,0.5628611420945778,0.5790670306144999,0.5628611420945778,0.5790670306144999
0.634,0.634,0.2589563027183751,0.634,0.645,0.645,0.2647485232836537,0.645,0.5700240504355257,0.5742128821804593,0.5700240504355257,0.5742128821804593,0.5700240504355257,0.5742128821804593,0.5700240504355257,0.5742128821804593,0.5700240504355257,0.5742128821804593,0.5700240504355257,0.5742128821804593,0.13613675680509768,0.13000483984539002,0.13613675680509768,0.13000483984539002,0.13613675680509768,0.13000483984539002,0.5700240504355257,0.5742128821804593,0.5700240504355257,0.5742128821804593,0.5700240504355257,0.5742128821804593
0.633,0.633,0.266,0.633,0.672,0.672,0.3306341017436165,0.672,0.566770712624067,0.5841313753738373,0.566770712624067,0.5841313753738373,0.566770712624067,0.5841313753738373,0.566770712624067,0.5841313753738373,0.566770712624067,0.5841313753738373,0.566770712624067,0.5841313753738373,0.14972342432319008,0.13142651185315654,0.14972342432319008,0.13142651185315654,0.14972342432319008,0.13142651185315654,0.566770712624067,0.5841313753738373,0.566770712624067,0.5841313753738373,0.566770712624067,0.5841313753738373
0.649,0.649,0.2968637317905735,0.649,0.663,0.663,0.3181726216970825,0.663,0.5617319283958477,0.5699756493479414,0.5617319283958477,0.5699756493479414,0.5617319283958477,0.5699756493479414,0.5617319283958477,0.5699756493479414,0.5617319283958477,0.5699756493479414,0.5617319283958477,0.5699756493479414,0.12088333581232508,0.1410972577498167,0.12088333581232508,0.1410972577498167,0.12088333581232508,0.1410972577498167,0.5617319283958477,0.5699756493479414,0.5617319283958477,0.5699756493479414,0.5617319283958477,0.5699756493479414
0.66,0.66,0.3194664617059773,0.66,0.671,0.671,0.3330522287002425,0.671,0.587262077928179,0.5766901217662704,0.587262077928179,0.5766901217662704,0.587262077928179,0.5766901217662704,0.587262077928179,0.5766901217662704,0.587262077928179,0.5766901217662704,0.587262077928179,0.5766901217662704,0.12049538637855785,0.12847406825045346,0.12049538637855785,0.12847406825045346,0.12049538637855785,0.12847406825045346,0.587262077928179,0.5766901217662704,0.587262077928179,0.5766901217662704,0.587262077928179,0.5766901217662704
0.664,0.664,0.3263968244421723,0.664,0.659,0.659,0.2975792231761778,0.659,0.5876659070552857,0.5792019503362694,0.5876659070552857,0.5792019503362694,0.5876659070552857,0.5792019503362694,0.5876659070552857,0.5792019503362694,0.5876659070552857,0.5792019503362694,0.5876659070552857,0.5792019503362694,0.16112655319380395,0.1368618797997901,0.16112655319380395,0.1368618797997901,0.16112655319380395,0.1368618797997901,0.5876659070552857,0.5792019503362694,0.5876659070552857,0.5792019503362694,0.5876659070552857,0.5792019503362694
0.666,0.666,0.3298555377207062,0.666,0.636,0.636,0.2570215545395166,0.636,0.5714615341649948,0.5755385285907347,0.5714615341649948,0.5755385285907347,0.5714615341649948,0.5755385285907347,0.5714615341649948,0.5755385285907347,0.5714615341649948,0.5755385285907347,0.5714615341649948,0.5755385285907347,0.15395478923571626,0.14231477716490992,0.15395478923571626,0.14231477716490992,0.15395478923571626,0.14231477716490992,0.5714615341649948,0.5755385285907347,0.5714615341649948,0.5755385285907347,0.5714615341649948,0.5755385285907347
0.625,0.625,0.2516702719530008,0.625,0.634,0.634,0.2554922701383239,0.634,0.5628454251477994,0.5804043770166404,0.5628454251477994,0.5804043770166404,0.5628454251477994,0.5804043770166404,0.5628454251477994,0.5804043770166404,0.5628454251477994,0.5804043770166404,0.5628454251477994,0.5804043770166404,0.16134349897051625,0.1729198388123672,0.16134349897051625,0.1729198388123672,0.16134349897051625,0.1729198388123672,0.5628454251477994,0.5804043770166404,0.5628454251477994,0.5804043770166404,0.5628454251477994,0.5804043770166404
0.64,0.64,0.2849424775948643,0.64,0.634,0.634,0.2589563027183751,0.634,0.565513485133123,0.576734964098435,0.565513485133123,0.576734964098435,0.565513485133123,0.576734964098435,0.565513485133123,0.576734964098435,0.565513485133123,0.576734964098435,0.565513485133123,0.576734964098435,0.15766364419790918,0.13804634311284975,0.15766364419790918,0.13804634311284975,0.15766364419790918,0.13804634311284975,0.565513485133123,0.576734964098435,0.565513485133123,0.576734964098435,0.565513485133123,0.576734964098435
0.635,0.635,0.2808561948820604,0.635,0.633,0.633,0.266,0.633,0.5583742171070785,0.5812623347388797,0.5583742171070785,0.5812623347388797,0.5583742171070785,0.5812623347388797,0.5583742171070785,0.5812623347388797,0.5583742171070785,0.5812623347388797,0.5583742171070785,0.5812623347388797,0.17026190831497504,0.14921362857185336,0.17026190831497504,0.14921362857185336,0.17026190831497504,0.14921362857185336,0.5583742171070785,0.5812623347388797,0.5583742171070785,0.5812623347388797,0.5583742171070785,0.5812623347388797
0.67,0.67,0.3484441636392356,0.67,0.649,0.649,0.2968637317905735,0.649,0.5830771817221528,0.5862968381425256,0.5830771817221528,0.5862968381425256,0.5830771817221528,0.5862968381425256,0.5830771817221528,0.5862968381425256,0.5830771817221528,0.5862968381425256,0.5830771817221528,0.5862968381425256,0.17207621954501606,0.17223589454576244,0.17207621954501606,0.17223589454576244,0.17207621954501606,0.17223589454576244,0.5830771817221528,0.5862968381425256,0.5830771817221528,0.5862968381425256,0.5830771817221528,0.5862968381425256
0.648,0.648,0.3046776232616941,0.648,0.66,0.66,0.3194664617059773,0.66,0.5741463789155621,0.5749911558653837,0.5741463789155621,0.5749911558653837,0.5741463789155621,0.5749911558653837,0.5741463789155621,0.5749911558653837,0.5741463789155621,0.5749911558653837,0.5741463789155621,0.5749911558653837,0.16267016183550215,0.15830215149281796,0.16267016183550215,0.15830215149281796,0.16267016183550215,0.15830215149281796,0.5741463789155621,0.5749911558653837,0.5741463789155621,0.5749911558653837,0.5741463789155621,0.5749911558653837
0.653,0.653,0.3123265953230282,0.653,0.664,0.664,0.3263968244421723,0.664,0.5719701903831049,0.5873042670336949,0.5719701903831049,0.5873042670336949,0.5719701903831049,0.5873042670336949,0.5719701903831049,0.5873042670336949,0.5719701903831049,0.5873042670336949,0.5719701903831049,0.5873042670336949,0.13663926835660586,0.15923817138398924,0.13663926835660586,0.15923817138398924,0.13663926835660586,0.15923817138398924,0.5719701903831049,0.5873042670336949,0.5719701903831049,0.5873042670336949,0.5719701903831049,0.5873042670336949
0.648,0.648,0.3023486274898423,0.648,0.666,0.666,0.3298555377207062,0.666,0.5731648162153665,0.5808224050982227,0.5731648162153665,0.5808224050982227,0.5731648162153665,0.5808224050982227,0.5731648162153665,0.5808224050982227,0.5731648162153665,0.5808224050982227,0.5731648162153665,0.5808224050982227,0.16512068023362203,0.15442419983352249,0.16512068023362203,0.15442419983352249,0.16512068023362203,0.15442419983352249,0.5731648162153665,0.5808224050982227,0.5731648162153665,0.5808224050982227,0.5731648162153665,0.5808224050982227
0.641,0.641,0.2880939160783691,0.641,0.625,0.625,0.2516702719530008,0.625,0.574910712294382,0.5872172513736582,0.574910712294382,0.5872172513736582,0.574910712294382,0.5872172513736582,0.574910712294382,0.5872172513736582,0.574910712294382,0.5872172513736582,0.574910712294382,0.5872172513736582,0.1787194835382547,0.1723588679708824,0.1787194835382547,0.1723588679708824,0.1787194835382547,0.1723588679708824,0.574910712294382,0.5872172513736582,0.574910712294382,0.5872172513736582,0.574910712294382,0.5872172513736582
0.646,0.646,0.2970192823242052,0.646,0.64,0.64,0.2849424775948643,0.64,0.663481674551599,0.6537726506644699,0.663481674551599,0.6537726506644699,0.663481674551599,0.6537726506644699,0.663481674551599,0.6537726506644699,0.663481674551599,0.6537726506644699,0.663481674551599,0.6537726506644699,0.28586506600904976,0.27596362864624696,0.28586506600904976,0.27596362864624696,0.28586506600904976,0.27596362864624696,0.663481674551599,0.6537726506644699,0.663481674551599,0.6537726506644699,0.663481674551599,0.6537726506644699
0.647,0.647,0.3083693190278769,0.647,0.635,0.635,0.2808561948820604,0.635,0.6509944220602635,0.6390271187214283,0.6509944220602635,0.6390271187214283,0.6509944220602635,0.6390271187214283,0.6509944220602635,0.6390271187214283,0.6509944220602635,0.6390271187214283,0.6509944220602635,0.6390271187214283,0.2822857940617061,0.2763933862021698,0.2822857940617061,0.2763933862021698,0.2822857940617061,0.2763933862021698,0.6509944220602635,0.6390271187214283,0.6509944220602635,0.6390271187214283,0.6509944220602635,0.6390271187214283
0.64,0.64,0.2922302610883925,0.64,0.67,0.67,0.3484441636392356,0.67,0.6534842447582454,0.6533397496552877,0.6534842447582454,0.6533397496552877,0.6534842447582454,0.6533397496552877,0.6534842447582454,0.6533397496552877,0.6534842447582454,0.6533397496552877,0.6534842447582454,0.6533397496552877,0.3084204778123028,0.29114758500199406,0.3084204778123028,0.29114758500199406,0.3084204778123028,0.29114758500199406,0.6534842447582454,0.6533397496552877,0.6534842447582454,0.6533397496552877,0.6534842447582454,0.6533397496552877
0.648,0.648,0.3063629377106036,0.648,0.648,0.648,0.3046776232616941,0.648,0.6499578731815904,0.6498748721867404,0.6499578731815904,0.6498748721867404,0.6499578731815904,0.6498748721867404,0.6499578731815904,0.6498748721867404,0.6499578731815904,0.6498748721867404,0.6499578731815904,0.6498748721867404,0.3040559267354601,0.29051063177118963,0.3040559267354601,0.29051063177118963,0.3040559267354601,0.29051063177118963,0.6499578731815904,0.6498748721867404,0.6499578731815904,0.6498748721867404,0.6499578731815904,0.6498748721867404
0.641,0.641,0.2908165684213853,0.641,0.653,0.653,0.3123265953230282,0.653,0.6533407419936019,0.6489731717866783,0.6533407419936019,0.6489731717866783,0.6533407419936019,0.6489731717866783,0.6533407419936019,0.6489731717866783,0.6533407419936019,0.6489731717866783,0.6533407419936019,0.6489731717866783,0.2905303318255111,0.2866340829567223,0.2905303318255111,0.2866340829567223,0.2905303318255111,0.2866340829567223,0.6533407419936019,0.6489731717866783,0.6533407419936019,0.6489731717866783,0.6533407419936019,0.6489731717866783
0.64,0.64,0.2909589386443134,0.64,0.648,0.648,0.3023486274898423,0.648,0.6484400836417912,0.6344416030118066,0.6484400836417912,0.6344416030118066,0.6484400836417912,0.6344416030118066,0.6484400836417912,0.6344416030118066,0.6484400836417912,0.6344416030118066,0.6484400836417912,0.6344416030118066,0.29512861771420673,0.2892144251815542,0.29512861771420673,0.2892144251815542,0.29512861771420673,0.2892144251815542,0.6484400836417912,0.6344416030118066,0.6484400836417912,0.6344416030118066,0.6484400836417912,0.6344416030118066
0.634,0.634,0.2853879406286244,0.634,0.641,0.641,0.2880939160783691,0.641,0.6633553965663785,0.653701541498997,0.6633553965663785,0.653701541498997,0.6633553965663785,0.653701541498997,0.6633553965663785,0.653701541498997,0.6633553965663785,0.653701541498997,0.6633553965663785,0.653701541498997,0.29521545501818647,0.2776043268087154,0.29521545501818647,0.2776043268087154,0.29521545501818647,0.2776043268087154,0.6633553965663785,0.653701541498997,0.6633553965663785,0.653701541498997,0.6633553965663785,0.653701541498997
0.643,0.643,0.2989773316367407,0.643,0.646,0.646,0.2970192823242052,0.646,0.6821724632082943,0.6814880687950783,0.6821724632082943,0.6814880687950783,0.6821724632082943,0.6814880687950783,0.6821724632082943,0.6814880687950783,0.6821724632082943,0.6814880687950783,0.6821724632082943,0.6814880687950783,0.3045350130060633,0.3080874421358769,0.3045350130060633,0.3080874421358769,0.3045350130060633,0.3080874421358769,0.6821724632082943,0.6814880687950783,0.6821724632082943,0.6814880687950783,0.6821724632082943,0.6814880687950783
0.624,0.624,0.2607360395112994,0.624,0.647,0.647,0.3083693190278769,0.647,0.6563794722619705,0.6559764812048645,0.6563794722619705,0.6559764812048645,0.6563794722619705,0.6559764812048645,0.6563794722619705,0.6559764812048645,0.6563794722619705,0.6559764812048645,0.6563794722619705,0.6559764812048645,0.30999893096607045,0.3171985701029222,0.30999893096607045,0.3171985701029222,0.30999893096607045,0.3171985701029222,0.6563794722619705,0.6559764812048645,0.6563794722619705,0.6559764812048645,0.6563794722619705,0.6559764812048645
0.627,0.627,0.2654993422969981,0.627,0.64,0.64,0.2922302610883925,0.64,0.656163064851451,0.6548144836857116,0.656163064851451,0.6548144836857116,0.656163064851451,0.6548144836857116,0.656163064851451,0.6548144836857116,0.656163064851451,0.6548144836857116,0.656163064851451,0.6548144836857116,0.2975515428619277,0.2985198092997093,0.2975515428619277,0.2985198092997093,0.2975515428619277,0.2985198092997093,0.656163064851451,0.6548144836857116,0.656163064851451,0.6548144836857116,0.656163064851451,0.6548144836857116
0.629,0.629,0.2620909676752087,0.629,0.648,0.648,0.3063629377106036,0.648,0.6478439683991215,0.657407139266028,0.6478439683991215,0.657407139266028,0.6478439683991215,0.657407139266028,0.6478439683991215,0.657407139266028,0.6478439683991215,0.657407139266028,0.6478439683991215,0.657407139266028,0.29631793937354023,0.2974725519778823,0.29631793937354023,0.2974725519778823,0.29631793937354023,0.2974725519778823,0.6478439683991215,0.657407139266028,0.6478439683991215,0.657407139266028,0.6478439683991215,0.657407139266028
0.639,0.639,0.281013989356617,0.639,0.641,0.641,0.2908165684213853,0.641,0.6459101076910364,0.6562126483913766,0.6459101076910364,0.6562126483913766,0.6459101076910364,0.6562126483913766,0.6459101076910364,0.6562126483913766,0.6459101076910364,0.6562126483913766,0.6459101076910364,0.6562126483913766,0.3138088726877155,0.3061608227763389,0.3138088726877155,0.3061608227763389,0.3138088726877155,0.3061608227763389,0.6459101076910364,0.6562126483913766,0.6459101076910364,0.6562126483913766,0.6459101076910364,0.6562126483913766
0.646,0.646,0.2980647208121828,0.646,0.64,0.64,0.2909589386443134,0.64,0.6549606781879815,0.6634568511511237,0.6549606781879815,0.6634568511511237,0.6549606781879815,0.6634568511511237,0.6549606781879815,0.6634568511511237,0.6549606781879815,0.6634568511511237,0.6549606781879815,0.6634568511511237,0.3039519709294839,0.31598748345198924,0.3039519709294839,0.31598748345198924,0.3039519709294839,0.31598748345198924,0.6549606781879815,0.6634568511511237,0.6549606781879815,0.6634568511511237,0.6549606781879815,0.6634568511511237
0.633,0.633,0.2710849116562858,0.633,0.634,0.634,0.2853879406286244,0.634,0.6540108583694533,0.6480187428922336,0.6540108583694533,0.6480187428922336,0.6540108583694533,0.6480187428922336,0.6540108583694533,0.6480187428922336,0.6540108583694533,0.6480187428922336,0.6540108583694533,0.6480187428922336,0.2965277959714432,0.3098716231427183,0.2965277959714432,0.3098716231427183,0.2965277959714432,0.3098716231427183,0.6540108583694533,0.6480187428922336,0.6540108583694533,0.6480187428922336,0.6540108583694533,0.6480187428922336
0.627,0.627,0.2468602350280661,0.627,0.643,0.643,0.2989773316367407,0.643,0.6578631121232689,0.6435223032458343,0.6578631121232689,0.6435223032458343,0.6578631121232689,0.6435223032458343,0.6578631121232689,0.6435223032458343,0.6578631121232689,0.6435223032458343,0.6578631121232689,0.6435223032458343,0.2857001200734127,0.2959833987549066,0.2857001200734127,0.2959833987549066,0.2857001200734127,0.2959833987549066,0.6578631121232689,0.6435223032458343,0.6578631121232689,0.6435223032458343,0.6578631121232689,0.6435223032458343
0.614,0.614,0.182161804837534,0.614,0.624,0.624,0.2607360395112994,0.624,0.6629789366711476,0.6467176080649193,0.6629789366711476,0.6467176080649193,0.6629789366711476,0.6467176080649193,0.6629789366711476,0.6467176080649193,0.6629789366711476,0.6467176080649193,0.6629789366711476,0.6467176080649193,0.26611253018533343,0.287087166784991,0.26611253018533343,0.287087166784991,0.26611253018533343,0.287087166784991,0.6629789366711476,0.6467176080649193,0.6629789366711476,0.6467176080649193,0.6629789366711476,0.6467176080649193
0.666,0.666,0.1663380274659173,0.666,0.627,0.627,0.2654993422969981,0.627,0.6875051702818654,0.66735533423154,0.6875051702818654,0.66735533423154,0.6875051702818654,0.66735533423154,0.6875051702818654,0.66735533423154,0.6875051702818654,0.66735533423154,0.6875051702818654,0.66735533423154,0.28488961763992454,0.2778715591480147,0.28488961763992454,0.2778715591480147,0.28488961763992454,0.2778715591480147,0.6875051702818654,0.66735533423154,0.6875051702818654,0.66735533423154,0.6875051702818654,0.66735533423154
0.691,0.691,0.0750607646164346,0.691,0.629,0.629,0.2620909676752087,0.629,0.7408038723637228,0.7331170804091225,0.7408038723637228,0.7331170804091225,0.7408038723637228,0.7331170804091225,0.7408038723637228,0.7331170804091225,0.7408038723637228,0.7331170804091225,0.7408038723637228,0.7331170804091225,0.15068393322254658,0.20349767218148054,0.15068393322254658,0.20349767218148054,0.15068393322254658,0.20349767218148054,0.7408038723637228,0.7331170804091225,0.7408038723637228,0.7331170804091225,0.7408038723637228,0.7331170804091225
0.735,0.735,0.0,0.735,0.639,0.639,0.281013989356617,0.639,0.753199111010843,0.7469286934382631,0.753199111010843,0.7469286934382631,0.753199111010843,0.7469286934382631,0.753199111010843,0.7469286934382631,0.753199111010843,0.7469286934382631,0.753199111010843,0.7469286934382631,0.03679364039140343,0.028897799167036383,0.03679364039140343,0.028897799167036383,0.03679364039140343,0.028897799167036383,0.753199111010843,0.7469286934382631,0.753199111010843,0.7469286934382631,0.753199111010843,0.7469286934382631
0.729,0.729,0.0,0.729,0.646,0.646,0.2980647208121828,0.646,0.7553976894327152,0.7562813261968289,0.7553976894327152,0.7562813261968289,0.7553976894327152,0.7562813261968289,0.7553976894327152,0.7562813261968289,0.7553976894327152,0.7562813261968289,0.7553976894327152,0.7562813261968289,0.041125388609232504,0.024927509105032608,0.041125388609232504,0.024927509105032608,0.041125388609232504,0.024927509105032608,0.7553976894327152,0.7562813261968289,0.7553976894327152,0.7562813261968289,0.7553976894327152,0.7562813261968289
0.701,0.701,0.0026817520780242,0.701,0.633,0.633,0.2710849116562858,0.633,0.7564280798307788,0.7422122781287758,0.7564280798307788,0.7422122781287758,0.7564280798307788,0.7422122781287758,0.7564280798307788,0.7422122781287758,0.7564280798307788,0.7422122781287758,0.7564280798307788,0.7422122781287758,0.03326632929885564,0.027044574702045316,0.03326632929885564,0.027044574702045316,0.03326632929885564,0.027044574702045316,0.7564280798307788,0.7422122781287758,0.7564280798307788,0.7422122781287758,0.7564280798307788,0.7422122781287758
0.716,0.716,0.0158298910482104,0.716,0.627,0.627,0.2468602350280661,0.627,0.7526743862113865,0.7419407361523024,0.7526743862113865,0.7419407361523024,0.7526743862113865,0.7419407361523024,0.7526743862113865,0.7419407361523024,0.7526743862113865,0.7419407361523024,0.7526743862113865,0.7419407361523024,0.0361703540711936,0.031204730542876185,0.0361703540711936,0.031204730542876185,0.0361703540711936,0.031204730542876185,0.7526743862113865,0.7419407361523024,0.7526743862113865,0.7419407361523024,0.7526743862113865,0.7419407361523024
0.697,0.697,0.0185662645919437,0.697,0.614,0.614,0.182161804837534,0.614,0.7354853186555333,0.7221299646453234,0.7354853186555333,0.7221299646453234,0.7354853186555333,0.7221299646453234,0.7354853186555333,0.7221299646453234,0.7354853186555333,0.7221299646453234,0.7354853186555333,0.7221299646453234,0.050774862496006226,0.04952082422484931,0.050774862496006226,0.04952082422484931,0.050774862496006226,0.04952082422484931,0.7354853186555333,0.7221299646453234,0.7354853186555333,0.7221299646453234,0.7354853186555333,0.7221299646453234
0.69,0.69,0.0140764440599697,0.69,0.666,0.666,0.1663380274659173,0.666,0.7225911707133003,0.7164280824936777,0.7225911707133003,0.7164280824936777,0.7225911707133003,0.7164280824936777,0.7225911707133003,0.7164280824936777,0.7225911707133003,0.7164280824936777,0.7225911707133003,0.7164280824936777,0.05067821544099625,0.0418263672381298,0.05067821544099625,0.0418263672381298,0.05067821544099625,0.0418263672381298,0.7225911707133003,0.7164280824936777,0.7225911707133003,0.7164280824936777,0.7225911707133003,0.7164280824936777
0.659,0.659,0.0241752707126667,0.659,0.691,0.691,0.0750607646164346,0.691,0.7118115820565195,0.6850336719174963,0.7118115820565195,0.6850336719174963,0.7118115820565195,0.6850336719174963,0.7118115820565195,0.6850336719174963,0.7118115820565195,0.6850336719174963,0.7118115820565195,0.6850336719174963,0.04141903783748056,0.04878567697405592,0.04141903783748056,0.04878567697405592,0.04141903783748056,0.04878567697405592,0.7118115820565195,0.6850336719174963,0.7118115820565195,0.6850336719174963,0.7118115820565195,0.6850336719174963
0.643,0.643,0.0029938113005205,0.643,0.735,0.735,0.0,0.735,0.6897142868039455,0.6748515743270166,0.6897142868039455,0.6748515743270166,0.6897142868039455,0.6748515743270166,0.6897142868039455,0.6748515743270166,0.6897142868039455,0.6748515743270166,0.6897142868039455,0.6748515743270166,0.04559143049915693,0.04183563434042758,0.04559143049915693,0.04183563434042758,0.04559143049915693,0.04183563434042758,0.6897142868039455,0.6748515743270166,0.6897142868039455,0.6748515743270166,0.6897142868039455,0.6748515743270166
0.631,0.631,-0.0002168491813945,0.631,0.729,0.729,0.0,0.729,0.7092211501965946,0.7051164388895204,0.7092211501965946,0.7051164388895204,0.7092211501965946,0.7051164388895204,0.7092211501965946,0.7051164388895204,0.7092211501965946,0.7051164388895204,0.7092211501965946,0.7051164388895204,0.06532486900818842,0.05956672486228302,0.06532486900818842,0.05956672486228302,0.06532486900818842,0.05956672486228302,0.7092211501965946,0.7051164388895204,0.7092211501965946,0.7051164388895204,0.7092211501965946,0.7051164388895204
0.618,0.618,0.0693096324016683,0.618,0.701,0.701,0.0026817520780242,0.701,0.7027373256422275,0.6881578336104467,0.7027373256422275,0.6881578336104467,0.7027373256422275,0.6881578336104467,0.7027373256422275,0.6881578336104467,0.7027373256422275,0.6881578336104467,0.7027373256422275,0.6881578336104467,0.11250634407992154,0.07275404384464748,0.11250634407992154,0.07275404384464748,0.11250634407992154,0.07275404384464748,0.7027373256422275,0.6881578336104467,0.7027373256422275,0.6881578336104467,0.7027373256422275,0.6881578336104467
0.638,0.638,0.1469507022339523,0.638,0.716,0.716,0.0158298910482104,0.716,0.6847843664005183,0.6534368968549,0.6847843664005183,0.6534368968549,0.6847843664005183,0.6534368968549,0.6847843664005183,0.6534368968549,0.6847843664005183,0.6534368968549,0.6847843664005183,0.6534368968549,0.17832220438697344,0.0975291716239975,0.17832220438697344,0.0975291716239975,0.17832220438697344,0.0975291716239975,0.6847843664005183,0.6534368968549,0.6847843664005183,0.6534368968549,0.6847843664005183,0.6534368968549
0.623,0.623,0.171938147952908,0.623,0.697,0.697,0.0185662645919437,0.697,0.6296967737841691,0.6373311606900652,0.6296967737841691,0.6373311606900652,0.6296967737841691,0.6373311606900652,0.6296967737841691,0.6373311606900652,0.6296967737841691,0.6373311606900652,0.6296967737841691,0.6373311606900652,0.17172140651847942,0.16040143811050478,0.17172140651847942,0.16040143811050478,0.17172140651847942,0.16040143811050478,0.6296967737841691,0.6373311606900652,0.6296967737841691,0.6373311606900652,0.6296967737841691,0.6373311606900652
0.604,0.604,0.1698983335080179,0.604,0.69,0.69,0.0140764440599697,0.69,0.6180262238735075,0.6150446551763162,0.6180262238735075,0.6150446551763162,0.6180262238735075,0.6150446551763162,0.6180262238735075,0.6150446551763162,0.6180262238735075,0.6150446551763162,0.6180262238735075,0.6150446551763162,0.1522893061566223,0.15400496473299993,0.1522893061566223,0.15400496473299993,0.1522893061566223,0.15400496473299993,0.6180262238735075,0.6150446551763162,0.6180262238735075,0.6150446551763162,0.6180262238735075,0.6150446551763162
0.579,0.579,0.1428804104401644,0.579,0.659,0.659,0.0241752707126667,0.659,0.609308902335652,0.6119157399954109,0.609308902335652,0.6119157399954109,0.609308902335652,0.6119157399954109,0.609308902335652,0.6119157399954109,0.609308902335652,0.6119157399954109,0.609308902335652,0.6119157399954109,0.1411831687386943,0.15990079431514193,0.1411831687386943,0.15990079431514193,0.1411831687386943,0.15990079431514193,0.609308902335652,0.6119157399954109,0.609308902335652,0.6119157399954109,0.609308902335652,0.6119157399954109
0.591,0.591,0.1731226447136457,0.591,0.643,0.643,0.0029938113005205,0.643,0.6098705740269993,0.6084194032961352,0.6098705740269993,0.6084194032961352,0.6098705740269993,0.6084194032961352,0.6098705740269993,0.6084194032961352,0.6098705740269993,0.6084194032961352,0.6098705740269993,0.6084194032961352,0.1948327203646271,0.17005714521906742,0.1948327203646271,0.17005714521906742,0.1948327203646271,0.17005714521906742,0.6098705740269993,0.6084194032961352,0.6098705740269993,0.6084194032961352,0.6098705740269993,0.6084194032961352
0.602,0.602,0.184024930293587,0.602,0.631,0.631,-0.0002168491813945,0.631,0.6256225873316683,0.6316159696135559,0.6256225873316683,0.6316159696135559,0.6256225873316683,0.6316159696135559,0.6256225873316683,0.6316159696135559,0.6256225873316683,0.6316159696135559,0.6256225873316683,0.6316159696135559,0.21884693038832184,0.2061879931564163,0.21884693038832184,0.2061879931564163,0.21884693038832184,0.2061879931564163,0.6256225873316683,0.6316159696135559,0.6256225873316683,0.6316159696135559,0.6256225873316683,0.6316159696135559
0.621,0.621,0.2185953684766114,0.621,0.618,0.618,0.0693096324016683,0.618,0.6444203932921815,0.6430423767827079,0.6444203932921815,0.6430423767827079,0.6444203932921815,0.6430423767827079,0.6444203932921815,0.6430423767827079,0.6444203932921815,0.6430423767827079,0.6444203932921815,0.6430423767827079,0.24939796115476884,0.24923291476441067,0.24939796115476884,0.24923291476441067,0.24939796115476884,0.24923291476441067,0.6444203932921815,0.6430423767827079,0.6444203932921815,0.6430423767827079,0.6444203932921815,0.6430423767827079
0.612,0.612,0.2153880997832205,0.612,0.638,0.638,0.1469507022339523,0.638,0.6241026062715558,0.6437972538167447,0.6241026062715558,0.6437972538167447,0.6241026062715558,0.6437972538167447,0.6241026062715558,0.6437972538167447,0.6241026062715558,0.6437972538167447,0.6241026062715558,0.6437972538167447,0.2370237449400301,0.27582176202268965,0.2370237449400301,0.27582176202268965,0.2370237449400301,0.27582176202268965,0.6241026062715558,0.6437972538167447,0.6241026062715558,0.6437972538167447,0.6241026062715558,0.6437972538167447
0.62,0.62,0.2388582874311466,0.62,0.623,0.623,0.171938147952908,0.623,0.6321708431354902,0.6341255095743213,0.6321708431354902,0.6341255095743213,0.6321708431354902,0.6341255095743213,0.6321708431354902,0.6341255095743213,0.6321708431354902,0.6341255095743213,0.6321708431354902,0.6341255095743213,0.25289096167635605,0.24686571729422585,0.25289096167635605,0.24686571729422585,0.25289096167635605,0.24686571729422585,0.6321708431354902,0.6341255095743213,0.6321708431354902,0.6341255095743213,0.6321708431354902,0.6341255095743213
0.608,0.608,0.214491824302661,0.608,0.604,0.604,0.1698983335080179,0.604,0.6437147618820451,0.643506397970233,0.6437147618820451,0.643506397970233,0.6437147618820451,0.643506397970233,0.6437147618820451,0.643506397970233,0.6437147618820451,0.643506397970233,0.6437147618820451,0.643506397970233,0.2417253307907994,0.253486356158811,0.2417253307907994,0.253486356158811,0.2417253307907994,0.253486356158811,0.6437147618820451,0.643506397970233,0.6437147618820451,0.643506397970233,0.6437147618820451,0.643506397970233
0.618,0.618,0.2336549842518105,0.618,0.579,0.579,0.1428804104401644,0.579,0.6318280609549101,0.639105930564735,0.6318280609549101,0.639105930564735,0.6318280609549101,0.639105930564735,0.6318280609549101,0.639105930564735,0.6318280609549101,0.639105930564735,0.6318280609549101,0.639105930564735,0.24815700476246408,0.2694310267568746,0.24815700476246408,0.2694310267568746,0.24815700476246408,0.2694310267568746,0.6318280609549101,0.639105930564735,0.6318280609549101,0.639105930564735,0.6318280609549101,0.639105930564735
0.621,0.621,0.2400850142358744,0.621,0.591,0.591,0.1731226447136457,0.591,0.6464518576658366,0.6490557300310779,0.6464518576658366,0.6490557300310779,0.6464518576658366,0.6490557300310779,0.6464518576658366,0.6490557300310779,0.6464518576658366,0.6490557300310779,0.6464518576658366,0.6490557300310779,0.2920353662688682,0.307015775892779,0.2920353662688682,0.307015775892779,0.2920353662688682,0.307015775892779,0.6464518576658366,0.6490557300310779,0.6464518576658366,0.6490557300310779,0.6464518576658366,0.6490557300310779
0.615,0.615,0.2375331722580901,0.615,0.602,0.602,0.184024930293587,0.602,0.6591912424168298,0.6700705227973994,0.6591912424168298,0.6700705227973994,0.6591912424168298,0.6700705227973994,0.6591912424168298,0.6700705227973994,0.6591912424168298,0.6700705227973994,0.6591912424168298,0.6700705227973994,0.28852801366883085,0.30896088615036293,0.28852801366883085,0.30896088615036293,0.28852801366883085,0.30896088615036293,0.6591912424168298,0.6700705227973994,0.6591912424168298,0.6700705227973994,0.6591912424168298,0.6700705227973994
0.607,0.607,0.2269136346468588,0.607,0.621,0.621,0.2185953684766114,0.621,0.6401403772517842,0.6580255470947577,0.6401403772517842,0.6580255470947577,0.6401403772517842,0.6580255470947577,0.6401403772517842,0.6580255470947577,0.6401403772517842,0.6580255470947577,0.6401403772517842,0.6580255470947577,0.2853141367692173,0.3078167442930787,0.2853141367692173,0.3078167442930787,0.2853141367692173,0.3078167442930787,0.6401403772517842,0.6580255470947577,0.6401403772517842,0.6580255470947577,0.6401403772517842,0.6580255470947577
0.614,0.614,0.2392139858485917,0.614,0.612,0.612,0.2153880997832205,0.612,0.6496360654143383,0.6469047258181135,0.6496360654143383,0.6469047258181135,0.6496360654143383,0.6469047258181135,0.6496360654143383,0.6469047258181135,0.6496360654143383,0.6469047258181135,0.6496360654143383,0.6469047258181135,0.265731751117923,0.28946443444261527,0.265731751117923,0.28946443444261527,0.265731751117923,0.28946443444261527,0.6496360654143383,0.6469047258181135,0.6496360654143383,0.6469047258181135,0.6496360654143383,0.6469047258181135
0.613,0.613,0.2393449325041473,0.613,0.62,0.62,0.2388582874311466,0.62,0.6441869300851671,0.6564340986382694,0.6441869300851671,0.6564340986382694,0.6441869300851671,0.6564340986382694,0.6441869300851671,0.6564340986382694,0.6441869300851671,0.6564340986382694,0.6441869300851671,0.6564340986382694,0.2363094177717898,0.2616232767266625,0.2363094177717898,0.2616232767266625,0.2363094177717898,0.2616232767266625,0.6441869300851671,0.6564340986382694,0.6441869300851671,0.6564340986382694,0.6441869300851671,0.6564340986382694
0.624,0.624,0.2589556004036327,0.624,0.608,0.608,0.214491824302661,0.608,0.649278704684502,0.6625419723693897,0.649278704684502,0.6625419723693897,0.649278704684502,0.6625419723693897,0.649278704684502,0.6625419723693897,0.649278704684502,0.6625419723693897,0.649278704684502,0.6625419723693897,0.22513252817502882,0.250361411211738,0.22513252817502882,0.250361411211738,0.22513252817502882,0.250361411211738,0.649278704684502,0.6625419723693897,0.649278704684502,0.6625419723693897,0.649278704684502,0.6625419723693897
0.632,0.632,0.2750625455548332,0.632,0.618,0.618,0.2336549842518105,0.618,0.6474812980506998,0.6633684750820527,0.6474812980506998,0.6633684750820527,0.6474812980506998,0.6633684750820527,0.6474812980506998,0.6633684750820527,0.6474812980506998,0.6633684750820527,0.6474812980506998,0.6633684750820527,0.23275996281677933,0.26123965048258435,0.23275996281677933,0.26123965048258435,0.23275996281677933,0.26123965048258435,0.6474812980506998,0.6633684750820527,0.6474812980506998,0.6633684750820527,0.6474812980506998,0.6633684750820527
0.631,0.631,0.2742278098594873,0.631,0.621,0.621,0.2400850142358744,0.621,0.6457729735220612,0.6536702667738503,0.6457729735220612,0.6536702667738503,0.6457729735220612,0.6536702667738503,0.6457729735220612,0.6536702667738503,0.6457729735220612,0.6536702667738503,0.6457729735220612,0.6536702667738503,0.26209061423776625,0.292537283168134,0.26209061423776625,0.292537283168134,0.26209061423776625,0.292537283168134,0.6457729735220612,0.6536702667738503,0.6457729735220612,0.6536702667738503,0.6457729735220612,0.6536702667738503
0.63,0.63,0.2788311607309923,0.63,0.615,0.615,0.2375331722580901,0.615,0.6364207327150646,0.6480161567761348,0.6364207327150646,0.6480161567761348,0.6364207327150646,0.6480161567761348,0.6364207327150646,0.6480161567761348,0.6364207327150646,0.6480161567761348,0.6364207327150646,0.6480161567761348,0.2806793199420936,0.29353396718559366,0.2806793199420936,0.29353396718559366,0.2806793199420936,0.29353396718559366,0.6364207327150646,0.6480161567761348,0.6364207327150646,0.6480161567761348,0.6364207327150646,0.6480161567761348
0.606,0.606,0.2398723602927841,0.606,0.607,0.607,0.2269136346468588,0.607,0.6489116487633341,0.6475558398054543,0.6489116487633341,0.6475558398054543,0.6489116487633341,0.6475558398054543,0.6489116487633341,0.6475558398054543,0.6489116487633341,0.6475558398054543,0.6489116487633341,0.6475558398054543,0.3051607844547794,0.3199052152206373,0.3051607844547794,0.3199052152206373,0.3051607844547794,0.3199052152206373,0.6489116487633341,0.6475558398054543,0.6489116487633341,0.6475558398054543,0.6489116487633341,0.6475558398054543
0.609,0.609,0.2464364732456039,0.609,0.614,0.614,0.2392139858485917,0.614,0.6458227408539828,0.6522074363348235,0.6458227408539828,0.6522074363348235,0.6458227408539828,0.6522074363348235,0.6458227408539828,0.6522074363348235,0.6458227408539828,0.6522074363348235,0.6458227408539828,0.6522074363348235,0.2909770662954769,0.31554209557498075,0.2909770662954769,0.31554209557498075,0.2909770662954769,0.31554209557498075,0.6458227408539828,0.6522074363348235,0.6458227408539828,0.6522074363348235,0.6458227408539828,0.6522074363348235
0.607,0.607,0.2406501425954694,0.607,0.613,0.613,0.2393449325041473,0.613,0.6405451134106142,0.6402066721960227,0.6405451134106142,0.6402066721960227,0.6405451134106142,0.6402066721960227,0.6405451134106142,0.6402066721960227,0.6405451134106142,0.6402066721960227,0.6405451134106142,0.6402066721960227,0.27704227445170215,0.3038182649297651,0.27704227445170215,0.3038182649297651,0.27704227445170215,0.3038182649297651,0.6405451134106142,0.6402066721960227,0.6405451134106142,0.6402066721960227,0.6405451134106142,0.6402066721960227
0.613,0.613,0.2539730273658886,0.613,0.624,0.624,0.2589556004036327,0.624,0.6581297657011369,0.6400378691989659,0.6581297657011369,0.6400378691989659,0.6581297657011369,0.6400378691989659,0.6581297657011369,0.6400378691989659,0.6581297657011369,0.6400378691989659,0.6581297657011369,0.6400378691989659,0.3155903200096623,0.30222075326191633,0.3155903200096623,0.30222075326191633,0.3155903200096623,0.30222075326191633,0.6581297657011369,0.6400378691989659,0.6581297657011369,0.6400378691989659,0.6581297657011369,0.6400378691989659
0.607,0.607,0.2407675009852635,0.607,0.632,0.632,0.2750625455548332,0.632,0.6406185209410425,0.6314876769126723,0.6406185209410425,0.6314876769126723,0.6406185209410425,0.6314876769126723,0.6406185209410425,0.6314876769126723,0.6406185209410425,0.6314876769126723,0.6406185209410425,0.6314876769126723,0.28441709311203817,0.2835079349817825,0.28441709311203817,0.2835079349817825,0.28441709311203817,0.2835079349817825,0.6406185209410425,0.6314876769126723,0.6406185209410425,0.6314876769126723,0.6406185209410425,0.6314876769126723
0.601,0.601,0.2328752374433789,0.601,0.631,0.631,0.2742278098594873,0.631,0.6551250174930177,0.64420996858786,0.6551250174930177,0.64420996858786,0.6551250174930177,0.64420996858786,0.6551250174930177,0.64420996858786,0.6551250174930177,0.64420996858786,0.6551250174930177,0.64420996858786,0.2978249540103514,0.2882474920993754,0.2978249540103514,0.2882474920993754,0.2978249540103514,0.2882474920993754,0.6551250174930177,0.64420996858786,0.6551250174930177,0.64420996858786,0.6551250174930177,0.64420996858786
0.594,0.594,0.2227790816541405,0.594,0.63,0.63,0.2788311607309923,0.63,0.6440457444459147,0.6436656504472456,0.6440457444459147,0.6436656504472456,0.6440457444459147,0.6436656504472456,0.6440457444459147,0.6436656504472456,0.6440457444459147,0.6436656504472456,0.6440457444459147,0.6436656504472456,0.273042296733109,0.2834386043733652,0.273042296733109,0.2834386043733652,0.273042296733109,0.2834386043733652,0.6440457444459147,0.6436656504472456,0.6440457444459147,0.6436656504472456,0.6440457444459147,0.6436656504472456
0.61,0.61,0.2565651020221429,0.61,0.606,0.606,0.2398723602927841,0.606,0.6384634831391438,0.645458522978063,0.6384634831391438,0.645458522978063,0.6384634831391438,0.645458522978063,0.6384634831391438,0.645458522978063,0.6384634831391438,0.645458522978063,0.6384634831391438,0.645458522978063,0.26484458552338747,0.29816508820751414,0.26484458552338747,0.29816508820751414,0.26484458552338747,0.29816508820751414,0.6384634831391438,0.645458522978063,0.6384634831391438,0.645458522978063,0.6384634831391438,0.645458522978063
0.597,0.597,0.2327141736541083,0.597,0.609,0.609,0.2464364732456039,0.609,0.6277592118215899,0.6360476629380825,0.6277592118215899,0.6360476629380825,0.6277592118215899,0.6360476629380825,0.6277592118215899,0.6360476629380825,0.6277592118215899,0.6360476629380825,0.6277592118215899,0.6360476629380825,0.25468932792984306,0.2767096041061218,0.25468932792984306,0.2767096041061218,0.25468932792984306,0.2767096041061218,0.6277592118215899,0.6360476629380825,0.6277592118215899,0.6360476629380825,0.6277592118215899,0.6360476629380825
0.583,0.583,0.2076822520824466,0.583,0.607,0.607,0.2406501425954694,0.607,0.6331544189068151,0.640984023098558,0.6331544189068151,0.640984023098558,0.6331544189068151,0.640984023098558,0.6331544189068151,0.640984023098558,0.6331544189068151,0.640984023098558,0.6331544189068151,0.640984023098558,0.2645267903883453,0.2987128025066142,0.2645267903883453,0.2987128025066142,0.2645267903883453,0.2987128025066142,0.6331544189068151,0.640984023098558,0.6331544189068151,0.640984023098558,0.6331544189068151,0.640984023098558
0.587,0.587,0.2159200504241245,0.587,0.613,0.613,0.2539730273658886,0.613,0.6439496826604825,0.6465631379686577,0.6439496826604825,0.6465631379686577,0.6439496826604825,0.6465631379686577,0.6439496826604825,0.6465631379686577,0.6439496826604825,0.6465631379686577,0.6439496826604825,0.6465631379686577,0.29166358141514903,0.2932838124528131,0.29166358141514903,0.2932838124528131,0.29166358141514903,0.2932838124528131,0.6439496826604825,0.6465631379686577,0.6439496826604825,0.6465631379686577,0.6439496826604825,0.6465631379686577
0.585,0.585,0.2213883677298311,0.585,0.607,0.607,0.2407675009852635,0.607,0.625797968444481,0.6354804797247048,0.625797968444481,0.6354804797247048,0.625797968444481,0.6354804797247048,0.625797968444481,0.6354804797247048,0.625797968444481,0.6354804797247048,0.625797968444481,0.6354804797247048,0.27703084351405344,0.28737719704229747,0.27703084351405344,0.28737719704229747,0.27703084351405344,0.28737719704229747,0.625797968444481,0.6354804797247048,0.625797968444481,0.6354804797247048,0.625797968444481,0.6354804797247048
0.591,0.591,0.2350393141164236,0.591,0.601,0.601,0.2328752374433789,0.601,0.6450996547218667,0.6477274565821943,0.6450996547218667,0.6477274565821943,0.6450996547218667,0.6477274565821943,0.6450996547218667,0.6477274565821943,0.6450996547218667,0.6477274565821943,0.6450996547218667,0.6477274565821943,0.2534382122789663,0.2897849979403841,0.2534382122789663,0.2897849979403841,0.2534382122789663,0.2897849979403841,0.6450996547218667,0.6477274565821943,0.6450996547218667,0.6477274565821943,0.6450996547218667,0.6477274565821943
0.59,0.59,0.2347548229110672,0.59,0.594,0.594,0.2227790816541405,0.594,0.6375366289649589,0.6492257830847261,0.6375366289649589,0.6492257830847261,0.6375366289649589,0.6492257830847261,0.6375366289649589,0.6492257830847261,0.6375366289649589,0.6492257830847261,0.6375366289649589,0.6492257830847261,0.27321360308460363,0.2966732200656832,0.27321360308460363,0.2966732200656832,0.27321360308460363,0.2966732200656832,0.6375366289649589,0.6492257830847261,0.6375366289649589,0.6492257830847261,0.6375366289649589,0.6492257830847261
0.588,0.588,0.2226855083674508,0.588,0.61,0.61,0.2565651020221429,0.61,0.6613713766482501,0.6487986280637867,0.6613713766482501,0.6487986280637867,0.6613713766482501,0.6487986280637867,0.6613713766482501,0.6487986280637867,0.6613713766482501,0.6487986280637867,0.6613713766482501,0.6487986280637867,0.30603382707735405,0.266183260897206,0.30603382707735405,0.266183260897206,0.30603382707735405,0.266183260897206,0.6613713766482501,0.6487986280637867,0.6613713766482501,0.6487986280637867,0.6613713766482501,0.6487986280637867
0.575,0.575,0.2011878806104803,0.575,0.597,0.597,0.2327141736541083,0.597,0.6386210880332936,0.6456190883519959,0.6386210880332936,0.6456190883519959,0.6386210880332936,0.6456190883519959,0.6386210880332936,0.6456190883519959,0.6386210880332936,0.6456190883519959,0.6386210880332936,0.6456190883519959,0.2641247247744162,0.2940279891468393,0.2641247247744162,0.2940279891468393,0.2641247247744162,0.2940279891468393,0.6386210880332936,0.6456190883519959,0.6386210880332936,0.6456190883519959,0.6386210880332936,0.6456190883519959
0.569,0.569,0.1856554434493443,0.569,0.583,0.583,0.2076822520824466,0.583,0.6374876577441078,0.6426641387511295,0.6374876577441078,0.6426641387511295,0.6374876577441078,0.6426641387511295,0.6374876577441078,0.6426641387511295,0.6374876577441078,0.6426641387511295,0.6374876577441078,0.6426641387511295,0.26509104415881507,0.28999281098925866,0.26509104415881507,0.28999281098925866,0.26509104415881507,0.28999281098925866,0.6374876577441078,0.6426641387511295,0.6374876577441078,0.6426641387511295,0.6374876577441078,0.6426641387511295
0.589,0.589,0.228545686613109,0.589,0.587,0.587,0.2159200504241245,0.587,0.6269543702852909,0.6312369077912338,0.6269543702852909,0.6312369077912338,0.6269543702852909,0.6312369077912338,0.6269543702852909,0.6312369077912338,0.6269543702852909,0.6312369077912338,0.6269543702852909,0.6312369077912338,0.27784407142181683,0.29567197901802916,0.27784407142181683,0.29567197901802916,0.27784407142181683,0.29567197901802916,0.6269543702852909,0.6312369077912338,0.6269543702852909,0.6312369077912338,0.6269543702852909,0.6312369077912338
0.601,0.601,0.2429532035032862,0.601,0.585,0.585,0.2213883677298311,0.585,0.6486478405716634,0.6512135223878545,0.6486478405716634,0.6512135223878545,0.6486478405716634,0.6512135223878545,0.6486478405716634,0.6512135223878545,0.6486478405716634,0.6512135223878545,0.6486478405716634,0.6512135223878545,0.2711153019503803,0.2889672877310992,0.2711153019503803,0.2889672877310992,0.2711153019503803,0.2889672877310992,0.6486478405716634,0.6512135223878545,0.6486478405716634,0.6512135223878545,0.6486478405716634,0.6512135223878545
0.619,0.619,0.270657059503664,0.619,0.591,0.591,0.2350393141164236,0.591,0.6448492296425241,0.6608690334821583,0.6448492296425241,0.6608690334821583,0.6448492296425241,0.6608690334821583,0.6448492296425241,0.6608690334821583,0.6448492296425241,0.6608690334821583,0.6448492296425241,0.6608690334821583,0.28200078263082146,0.30956493486447595,0.28200078263082146,0.30956493486447595,0.28200078263082146,0.30956493486447595,0.6448492296425241,0.6608690334821583,0.6448492296425241,0.6608690334821583,0.6448492296425241,0.6608690334821583
0.627,0.627,0.2817143341318565,0.627,0.59,0.59,0.2347548229110672,0.59,0.6573933347825872,0.6646576825028836,0.6573933347825872,0.6646576825028836,0.6573933347825872,0.6646576825028836,0.6573933347825872,0.6646576825028836,0.6573933347825872,0.6646576825028836,0.6573933347825872,0.6646576825028836,0.28416112722799675,0.31150826528198294,0.28416112722799675,0.31150826528198294,0.28416112722799675,0.31150826528198294,0.6573933347825872,0.6646576825028836,0.6573933347825872,0.6646576825028836,0.6573933347825872,0.6646576825028836
0.604,0.604,0.2529457706543515,0.604,0.588,0.588,0.2226855083674508,0.588,0.6530692213501711,0.6601984571957822,0.6530692213501711,0.6601984571957822,0.6530692213501711,0.6601984571957822,0.6530692213501711,0.6601984571957822,0.6530692213501711,0.6601984571957822,0.6530692213501711,0.6601984571957822,0.2760555603626833,0.3034708419315578,0.2760555603626833,0.3034708419315578,0.2760555603626833,0.3034708419315578,0.6530692213501711,0.6601984571957822,0.6530692213501711,0.6601984571957822,0.6530692213501711,0.6601984571957822
0.604,0.604,0.2602417290915543,0.604,0.575,0.575,0.2011878806104803,0.575,0.6342476279491445,0.6460881277265098,0.6342476279491445,0.6460881277265098,0.6342476279491445,0.6460881277265098,0.6342476279491445,0.6460881277265098,0.6342476279491445,0.6460881277265098,0.6342476279491445,0.6460881277265098,0.2768864024642043,0.29154046659731525,0.2768864024642043,0.29154046659731525,0.2768864024642043,0.29154046659731525,0.6342476279491445,0.6460881277265098,0.6342476279491445,0.6460881277265098,0.6342476279491445,0.6460881277265098
0.596,0.596,0.2566287007562515,0.596,0.569,0.569,0.1856554434493443,0.569,0.6471604326971271,0.6599409321624997,0.6471604326971271,0.6599409321624997,0.6471604326971271,0.6599409321624997,0.6471604326971271,0.6599409321624997,0.6471604326971271,0.6599409321624997,0.6471604326971271,0.6599409321624997,0.26843175907242656,0.29249303214401107,0.26843175907242656,0.29249303214401107,0.26843175907242656,0.29249303214401107,0.6471604326971271,0.6599409321624997,0.6471604326971271,0.6599409321624997,0.6471604326971271,0.6599409321624997
0.609,0.609,0.2729639271104499,0.609,0.589,0.589,0.228545686613109,0.589,0.6470407090550714,0.6659746650159688,0.6470407090550714,0.6659746650159688,0.6470407090550714,0.6659746650159688,0.6470407090550714,0.6659746650159688,0.6470407090550714,0.6659746650159688,0.6470407090550714,0.6659746650159688,0.2745093655549637,0.31063076459148514,0.2745093655549637,0.31063076459148514,0.2745093655549637,0.31063076459148514,0.6470407090550714,0.6659746650159688,0.6470407090550714,0.6659746650159688,0.6470407090550714,0.6659746650159688
0.578,0.578,0.2123574030938302,0.578,0.601,0.601,0.2429532035032862,0.601,0.6451241902661857,0.6516371922939187,0.6451241902661857,0.6516371922939187,0.6451241902661857,0.6516371922939187,0.6451241902661857,0.6516371922939187,0.6451241902661857,0.6516371922939187,0.6451241902661857,0.6516371922939187,0.26786800699820035,0.3033263535144362,0.26786800699820035,0.3033263535144362,0.26786800699820035,0.3033263535144362,0.6451241902661857,0.6516371922939187,0.6451241902661857,0.6516371922939187,0.6451241902661857,0.6516371922939187
0.555,0.555,0.180557294697377,0.555,0.619,0.619,0.270657059503664,0.619,0.6590580064124231,0.6547755085322979,0.6590580064124231,0.6547755085322979,0.6590580064124231,0.6547755085322979,0.6590580064124231,0.6547755085322979,0.6590580064124231,0.6547755085322979,0.6590580064124231,0.6547755085322979,0.3006922579007412,0.30437544546085143,0.3006922579007412,0.30437544546085143,0.3006922579007412,0.30437544546085143,0.6590580064124231,0.6547755085322979,0.6590580064124231,0.6547755085322979,0.6590580064124231,0.6547755085322979
0.514,0.514,0.1252164459308166,0.514,0.627,0.627,0.2817143341318565,0.627,0.6581071962010103,0.6414788217192922,0.6581071962010103,0.6414788217192922,0.6581071962010103,0.6414788217192922,0.6581071962010103,0.6414788217192922,0.6581071962010103,0.6414788217192922,0.6581071962010103,0.6414788217192922,0.2972276269276921,0.31454248528744494,0.2972276269276921,0.31454248528744494,0.2972276269276921,0.31454248528744494,0.6581071962010103,0.6414788217192922,0.6581071962010103,0.6414788217192922,0.6581071962010103,0.6414788217192922
0.531,0.531,0.138292164889356,0.531,0.604,0.604,0.2529457706543515,0.604,0.6626298828420951,0.6379808425568569,0.6626298828420951,0.6379808425568569,0.6626298828420951,0.6379808425568569,0.6626298828420951,0.6379808425568569,0.6626298828420951,0.6379808425568569,0.6626298828420951,0.6379808425568569,0.25462708124371786,0.2852865498617995,0.25462708124371786,0.2852865498617995,0.25462708124371786,0.2852865498617995,0.6626298828420951,0.6379808425568569,0.6626298828420951,0.6379808425568569,0.6626298828420951,0.6379808425568569
0.619,0.619,0.1933230010925074,0.619,0.604,0.604,0.2602417290915543,0.604,0.704785728826608,0.6934649061790269,0.704785728826608,0.6934649061790269,0.704785728826608,0.6934649061790269,0.704785728826608,0.6934649061790269,0.704785728826608,0.6934649061790269,0.704785728826608,0.6934649061790269,0.2860553312336821,0.2846764447954702,0.2860553312336821,0.2846764447954702,0.2860553312336821,0.2846764447954702,0.704785728826608,0.6934649061790269,0.704785728826608,0.6934649061790269,0.704785728826608,0.6934649061790269
0.668,0.668,0.1454223466908282,0.668,0.596,0.596,0.2566287007562515,0.596,0.7372717431816201,0.7429098233607825,0.7372717431816201,0.7429098233607825,0.7372717431816201,0.7429098233607825,0.7372717431816201,0.7429098233607825,0.7372717431816201,0.7429098233607825,0.7372717431816201,0.7429098233607825,0.12833342251832874,0.16242260810976575,0.12833342251832874,0.16242260810976575,0.12833342251832874,0.16242260810976575,0.7372717431816201,0.7429098233607825,0.7372717431816201,0.7429098233607825,0.7372717431816201,0.7429098233607825
0.711,0.711,0.0077593902355284,0.711,0.609,0.609,0.2729639271104499,0.609,0.7522403603039055,0.752201260532752,0.7522403603039055,0.752201260532752,0.7522403603039055,0.752201260532752,0.7522403603039055,0.752201260532752,0.7522403603039055,0.752201260532752,0.7522403603039055,0.752201260532752,0.03070489023546227,0.028897799167036383,0.03070489023546227,0.028897799167036383,0.03070489023546227,0.028897799167036383,0.7522403603039055,0.752201260532752,0.7522403603039055,0.752201260532752,0.7522403603039055,0.752201260532752
0.702,0.702,0.0073482875092436,0.702,0.578,0.578,0.2123574030938302,0.578,0.7503492816978804,0.7511669771605415,0.7503492816978804,0.7511669771605415,0.7503492816978804,0.7511669771605415,0.7503492816978804,0.7511669771605415,0.7503492816978804,0.7511669771605415,0.7503492816978804,0.7511669771605415,0.019535386122503717,0.023330048949987074,0.019535386122503717,0.023330048949987074,0.019535386122503717,0.023330048949987074,0.7503492816978804,0.7511669771605415,0.7503492816978804,0.7511669771605415,0.7503492816978804,0.7511669771605415
0.695,0.695,0.0070450964305712,0.695,0.555,0.555,0.180557294697377,0.555,0.7472060662482077,0.7441235002437214,0.7472060662482077,0.7441235002437214,0.7472060662482077,0.7441235002437214,0.7472060662482077,0.7441235002437214,0.7472060662482077,0.7441235002437214,0.7472060662482077,0.7441235002437214,0.0346693754210156,0.031002790974123798,0.0346693754210156,0.031002790974123798,0.0346693754210156,0.031002790974123798,0.7472060662482077,0.7441235002437214,0.7472060662482077,0.7441235002437214,0.7472060662482077,0.7441235002437214
0.703,0.703,0.003489464501409,0.703,0.514,0.514,0.1252164459308166,0.514,0.7458159851643986,0.7393337152079131,0.7458159851643986,0.7393337152079131,0.7458159851643986,0.7393337152079131,0.7458159851643986,0.7393337152079131,0.7458159851643986,0.7393337152079131,0.7458159851643986,0.7393337152079131,0.03929569276368146,0.03251893151220618,0.03929569276368146,0.03251893151220618,0.03929569276368146,0.03251893151220618,0.7458159851643986,0.7393337152079131,0.7458159851643986,0.7393337152079131,0.7458159851643986,0.7393337152079131
0.688,0.688,0.032929974211466,0.688,0.531,0.531,0.138292164889356,0.531,0.7456916196220608,0.7379382240969786,0.7456916196220608,0.7379382240969786,0.7456916196220608,0.7379382240969786,0.7456916196220608,0.7379382240969786,0.7456916196220608,0.7379382240969786,0.7456916196220608,0.7379382240969786,0.0570799882921111,0.04698063885470116,0.0570799882921111,0.04698063885470116,0.0570799882921111,0.04698063885470116,0.7456916196220608,0.7379382240969786,0.7456916196220608,0.7379382240969786,0.7456916196220608,0.7379382240969786
0.675,0.675,0.030996195541986,0.675,0.619,0.619,0.1933230010925074,0.619,0.7215170219517505,0.7182096138640779,0.7215170219517505,0.7182096138640779,0.7215170219517505,0.7182096138640779,0.7215170219517505,0.7182096138640779,0.7215170219517505,0.7182096138640779,0.7215170219517505,0.7182096138640779,0.044568602260700196,0.04126721526204605,0.044568602260700196,0.04126721526204605,0.044568602260700196,0.04126721526204605,0.7215170219517505,0.7182096138640779,0.7215170219517505,0.7182096138640779,0.7215170219517505,0.7182096138640779
0.641,0.641,0.0354959001859155,0.641,0.668,0.668,0.1454223466908282,0.668,0.7031602111855176,0.6915113281531396,0.7031602111855176,0.6915113281531396,0.7031602111855176,0.6915113281531396,0.7031602111855176,0.6915113281531396,0.7031602111855176,0.6915113281531396,0.7031602111855176,0.6915113281531396,0.051102379486711765,0.05084613321399428,0.051102379486711765,0.05084613321399428,0.051102379486711765,0.05084613321399428,0.7031602111855176,0.6915113281531396,0.7031602111855176,0.6915113281531396,0.7031602111855176,0.6915113281531396
0.607,0.607,0.048481444177578,0.607,0.711,0.711,0.0077593902355284,0.711,0.6873616948156194,0.6819764763192151,0.6873616948156194,0.6819764763192151,0.6873616948156194,0.6819764763192151,0.6873616948156194,0.6819764763192151,0.6873616948156194,0.6819764763192151,0.6873616948156194,0.6819764763192151,0.04640246963396731,0.04236383903903532,0.04640246963396731,0.04236383903903532,0.04640246963396731,0.04236383903903532,0.6873616948156194,0.6819764763192151,0.6873616948156194,0.6819764763192151,0.6873616948156194,0.6819764763192151
0.594,0.594,0.0318719209473347,0.594,0.702,0.702,0.0073482875092436,0.702,0.7001141763686637,0.6942025371249475,0.7001141763686637,0.6942025371249475,0.7001141763686637,0.6942025371249475,0.7001141763686637,0.6942025371249475,0.7001141763686637,0.6942025371249475,0.7001141763686637,0.6942025371249475,0.04914317456544246,0.05312980527902278,0.04914317456544246,0.05312980527902278,0.04914317456544246,0.05312980527902278,0.7001141763686637,0.6942025371249475,0.7001141763686637,0.6942025371249475,0.7001141763686637,0.6942025371249475
0.575,0.575,0.0412812993458153,0.575,0.695,0.695,0.0070450964305712,0.695,0.7076585601132487,0.6971405116195907,0.7076585601132487,0.6971405116195907,0.7076585601132487,0.6971405116195907,0.7076585601132487,0.6971405116195907,0.7076585601132487,0.6971405116195907,0.7076585601132487,0.6971405116195907,0.08271663816976604,0.06937788473174235,0.08271663816976604,0.06937788473174235,0.08271663816976604,0.06937788473174235,0.7076585601132487,0.6971405116195907,0.7076585601132487,0.6971405116195907,0.7076585601132487,0.6971405116195907
0.588,0.588,0.0836258168408221,0.588,0.703,0.703,0.003489464501409,0.703,0.6781749791036907,0.6668110333078301,0.6781749791036907,0.6668110333078301,0.6781749791036907,0.6668110333078301,0.6781749791036907,0.6668110333078301,0.6781749791036907,0.6668110333078301,0.6781749791036907,0.6668110333078301,0.17876981668026143,0.07274915278591253,0.17876981668026143,0.07274915278591253,0.17876981668026143,0.07274915278591253,0.6781749791036907,0.6668110333078301,0.6781749791036907,0.6668110333078301,0.6781749791036907,0.6668110333078301
0.554,0.554,0.0580582483262582,0.554,0.688,0.688,0.032929974211466,0.688,0.6395246202415212,0.6187990006770465,0.6395246202415212,0.6187990006770465,0.6395246202415212,0.6187990006770465,0.6395246202415212,0.6187990006770465,0.6395246202415212,0.6187990006770465,0.6395246202415212,0.6187990006770465,0.16545947086100185,0.11722397864301812,0.16545947086100185,0.11722397864301812,0.16545947086100185,0.11722397864301812,0.6395246202415212,0.6187990006770465,0.6395246202415212,0.6187990006770465,0.6395246202415212,0.6187990006770465
0.545,0.545,0.0716862258638417,0.545,0.675,0.675,0.030996195541986,0.675,0.6176643122696115,0.6141767226161828,0.6176643122696115,0.6141767226161828,0.6176643122696115,0.6141767226161828,0.6176643122696115,0.6141767226161828,0.6176643122696115,0.6141767226161828,0.6176643122696115,0.6141767226161828,0.13196086737873686,0.15255720699340108,0.13196086737873686,0.15255720699340108,0.13196086737873686,0.15255720699340108,0.6176643122696115,0.6141767226161828,0.6176643122696115,0.6141767226161828,0.6176643122696115,0.6141767226161828
0.559,0.559,0.1144151525374717,0.559,0.641,0.641,0.0354959001859155,0.641,0.6138282578023124,0.6105085426209892,0.6138282578023124,0.6105085426209892,0.6138282578023124,0.6105085426209892,0.6138282578023124,0.6105085426209892,0.6138282578023124,0.6105085426209892,0.6138282578023124,0.6105085426209892,0.1783452486524419,0.1446384397723599,0.1783452486524419,0.1446384397723599,0.1783452486524419,0.1446384397723599,0.6138282578023124,0.6105085426209892,0.6138282578023124,0.6105085426209892,0.6138282578023124,0.6105085426209892
0.583,0.583,0.1623411059507931,0.583,0.607,0.607,0.048481444177578,0.607,0.6289627978049844,0.6220490053434576,0.6289627978049844,0.6220490053434576,0.6289627978049844,0.6220490053434576,0.6289627978049844,0.6220490053434576,0.6289627978049844,0.6220490053434576,0.6289627978049844,0.6220490053434576,0.1921027505778215,0.1693177353311556,0.1921027505778215,0.1693177353311556,0.1921027505778215,0.1693177353311556,0.6289627978049844,0.6220490053434576,0.6289627978049844,0.6220490053434576,0.6289627978049844,0.6220490053434576
0.594,0.594,0.1866824255293576,0.594,0.594,0.594,0.0318719209473347,0.594,0.6210893123511481,0.61922013902714,0.6210893123511481,0.61922013902714,0.6210893123511481,0.61922013902714,0.6210893123511481,0.61922013902714,0.6210893123511481,0.61922013902714,0.6210893123511481,0.61922013902714,0.19299199852013996,0.19619646457311213,0.19299199852013996,0.19619646457311213,0.19299199852013996,0.19619646457311213,0.6210893123511481,0.61922013902714,0.6210893123511481,0.61922013902714,0.6210893123511481,0.61922013902714
0.604,0.604,0.2071532396599568,0.604,0.575,0.575,0.0412812993458153,0.575,0.624690685618051,0.6385259504117812,0.624690685618051,0.6385259504117812,0.624690685618051,0.6385259504117812,0.624690685618051,0.6385259504117812,0.624690685618051,0.6385259504117812,0.624690685618051,0.6385259504117812,0.2371211926436215,0.261020794041869,0.2371211926436215,0.261020794041869,0.2371211926436215,0.261020794041869,0.624690685618051,0.6385259504117812,0.624690685618051,0.6385259504117812,0.624690685618051,0.6385259504117812
0.61,0.61,0.2262917951220674,0.61,0.588,0.588,0.0836258168408221,0.588,0.6235388413431519,0.6380695347353639,0.6235388413431519,0.6380695347353639,0.6235388413431519,0.6380695347353639,0.6235388413431519,0.6380695347353639,0.6235388413431519,0.6380695347353639,0.6235388413431519,0.6380695347353639,0.2426975353770209,0.23984561759121173,0.2426975353770209,0.23984561759121173,0.2426975353770209,0.23984561759121173,0.6235388413431519,0.6380695347353639,0.6235388413431519,0.6380695347353639,0.6235388413431519,0.6380695347353639
0.61,0.61,0.2260522712389117,0.61,0.554,0.554,0.0580582483262582,0.554,0.5993887907206501,0.5964568800265018,0.5993887907206501,0.5964568800265018,0.5993887907206501,0.5964568800265018,0.5993887907206501,0.5964568800265018,0.5993887907206501,0.5964568800265018,0.5993887907206501,0.5964568800265018,0.20653178417721674,0.23189293457566648,0.20653178417721674,0.23189293457566648,0.20653178417721674,0.23189293457566648,0.5993887907206501,0.5964568800265018,0.5993887907206501,0.5964568800265018,0.5993887907206501,0.5964568800265018
0.611,0.611,0.230215143983409,0.611,0.545,0.545,0.0716862258638417,0.545,0.6068021458246363,0.6101746406903741,0.6068021458246363,0.6101746406903741,0.6068021458246363,0.6101746406903741,0.6068021458246363,0.6101746406903741,0.6068021458246363,0.6101746406903741,0.6068021458246363,0.6101746406903741,0.22021535361957154,0.22559455705816225,0.22021535361957154,0.22559455705816225,0.22021535361957154,0.22559455705816225,0.6068021458246363,0.6101746406903741,0.6068021458246363,0.6101746406903741,0.6068021458246363,0.6101746406903741
0.608,0.608,0.2233071265533857,0.608,0.559,0.559,0.1144151525374717,0.559,0.6092800865559524,0.611683165214009,0.6092800865559524,0.611683165214009,0.6092800865559524,0.611683165214009,0.6092800865559524,0.611683165214009,0.6092800865559524,0.611683165214009,0.6092800865559524,0.611683165214009,0.23503192843634713,0.23838788110768114,0.23503192843634713,0.23838788110768114,0.23503192843634713,0.23838788110768114,0.6092800865559524,0.611683165214009,0.6092800865559524,0.611683165214009,0.6092800865559524,0.611683165214009
0.6,0.6,0.2099108779470324,0.6,0.583,0.583,0.1623411059507931,0.583,0.617936662366392,0.6118494439416784,0.617936662366392,0.6118494439416784,0.617936662366392,0.6118494439416784,0.617936662366392,0.6118494439416784,0.617936662366392,0.6118494439416784,0.617936662366392,0.6118494439416784,0.23401088583472898,0.25578944881917715,0.23401088583472898,0.25578944881917715,0.23401088583472898,0.25578944881917715,0.617936662366392,0.6118494439416784,0.617936662366392,0.6118494439416784,0.617936662366392,0.6118494439416784
0.599,0.599,0.2129600552694385,0.599,0.594,0.594,0.1866824255293576,0.594,0.6046581880511271,0.5900634006739823,0.6046581880511271,0.5900634006739823,0.6046581880511271,0.5900634006739823,0.6046581880511271,0.5900634006739823,0.6046581880511271,0.5900634006739823,0.6046581880511271,0.5900634006739823,0.21729636020947776,0.23900681602849677,0.21729636020947776,0.23900681602849677,0.21729636020947776,0.23900681602849677,0.6046581880511271,0.5900634006739823,0.6046581880511271,0.5900634006739823,0.6046581880511271,0.5900634006739823
0.608,0.608,0.2281033396345305,0.608,0.604,0.604,0.2071532396599568,0.604,0.603071741479504,0.588036638006844,0.603071741479504,0.588036638006844,0.603071741479504,0.588036638006844,0.603071741479504,0.588036638006844,0.603071741479504,0.588036638006844,0.603071741479504,0.588036638006844,0.22311487507793842,0.23140185868959645,0.22311487507793842,0.23140185868959645,0.22311487507793842,0.23140185868959645,0.603071741479504,0.588036638006844,0.603071741479504,0.588036638006844,0.603071741479504,0.588036638006844
0.611,0.611,0.2386283566898926,0.611,0.61,0.61,0.2262917951220674,0.61,0.6156754357746248,0.609263337590945,0.6156754357746248,0.609263337590945,0.6156754357746248,0.609263337590945,0.6156754357746248,0.609263337590945,0.6156754357746248,0.609263337590945,0.6156754357746248,0.609263337590945,0.2604389913293656,0.2401914411893151,0.2604389913293656,0.2401914411893151,0.2604389913293656,0.2401914411893151,0.6156754357746248,0.609263337590945,0.6156754357746248,0.609263337590945,0.6156754357746248,0.609263337590945
0.583,0.583,0.1895988805970148,0.583,0.61,0.61,0.2260522712389117,0.61,0.608910763746998,0.6147763383057044,0.608910763746998,0.6147763383057044,0.608910763746998,0.6147763383057044,0.608910763746998,0.6147763383057044,0.608910763746998,0.6147763383057044,0.608910763746998,0.6147763383057044,0.24331348137094236,0.24832133082282584,0.24331348137094236,0.24832133082282584,0.24331348137094236,0.24832133082282584,0.608910763746998,0.6147763383057044,0.608910763746998,0.6147763383057044,0.608910763746998,0.6147763383057044
0.601,0.601,0.2230884861324216,0.601,0.611,0.611,0.230215143983409,0.611,0.6208969503230197,0.6103107582550581,0.6208969503230197,0.6103107582550581,0.6208969503230197,0.6103107582550581,0.6208969503230197,0.6103107582550581,0.6208969503230197,0.6103107582550581,0.6208969503230197,0.6103107582550581,0.2473373322602014,0.2472685743158415,0.2473373322602014,0.2472685743158415,0.2473373322602014,0.2472685743158415,0.6208969503230197,0.6103107582550581,0.6208969503230197,0.6103107582550581,0.6208969503230197,0.6103107582550581
0.6,0.6,0.2206496664380572,0.6,0.608,0.608,0.2233071265533857,0.608,0.6200204193203012,0.6291745319225018,0.6200204193203012,0.6291745319225018,0.6200204193203012,0.6291745319225018,0.6200204193203012,0.6291745319225018,0.6200204193203012,0.6291745319225018,0.6200204193203012,0.6291745319225018,0.2525813316946787,0.2516399736510832,0.2525813316946787,0.2516399736510832,0.2525813316946787,0.2516399736510832,0.6200204193203012,0.6291745319225018,0.6200204193203012,0.6291745319225018,0.6200204193203012,0.6291745319225018
0.623,0.623,0.2696063236205827,0.623,0.6,0.6,0.2099108779470324,0.6,0.620920573304959,0.636072481471244,0.620920573304959,0.636072481471244,0.620920573304959,0.636072481471244,0.620920573304959,0.636072481471244,0.620920573304959,0.636072481471244,0.620920573304959,0.636072481471244,0.2681533973451001,0.28083855757839216,0.2681533973451001,0.28083855757839216,0.2681533973451001,0.28083855757839216,0.620920573304959,0.636072481471244,0.620920573304959,0.636072481471244,0.620920573304959,0.636072481471244
0.619,0.619,0.2614905098622999,0.619,0.599,0.599,0.2129600552694385,0.599,0.6123149502529699,0.6223838559483946,0.6123149502529699,0.6223838559483946,0.6123149502529699,0.6223838559483946,0.6123149502529699,0.6223838559483946,0.6123149502529699,0.6223838559483946,0.6123149502529699,0.6223838559483946,0.26237993776824936,0.2712753170418888,0.26237993776824936,0.2712753170418888,0.26237993776824936,0.2712753170418888,0.6123149502529699,0.6223838559483946,0.6123149502529699,0.6223838559483946,0.6123149502529699,0.6223838559483946
0.634,0.634,0.2876189734706191,0.634,0.608,0.608,0.2281033396345305,0.608,0.6039457285888811,0.6032092292941545,0.6039457285888811,0.6032092292941545,0.6039457285888811,0.6032092292941545,0.6039457285888811,0.6032092292941545,0.6039457285888811,0.6032092292941545,0.6039457285888811,0.6032092292941545,0.24468220677532898,0.2546494819429925,0.24468220677532898,0.2546494819429925,0.24468220677532898,0.2546494819429925,0.6039457285888811,0.6032092292941545,0.6039457285888811,0.6032092292941545,0.6039457285888811,0.6032092292941545
0.605,0.605,0.2355213550819443,0.605,0.611,0.611,0.2386283566898926,0.611,0.5816912772760379,0.5653610089045216,0.5816912772760379,0.5653610089045216,0.5816912772760379,0.5653610089045216,0.5816912772760379,0.5653610089045216,0.5816912772760379,0.5653610089045216,0.5816912772760379,0.5653610089045216,0.22912663110877857,0.23251049253149664,0.22912663110877857,0.23251049253149664,0.22912663110877857,0.23251049253149664,0.5816912772760379,0.5653610089045216,0.5816912772760379,0.5653610089045216,0.5816912772760379,0.5653610089045216
0.588,0.588,0.2023078859222831,0.588,0.583,0.583,0.1895988805970148,0.583,0.5985984778591521,0.5911822324670087,0.5985984778591521,0.5911822324670087,0.5985984778591521,0.5911822324670087,0.5985984778591521,0.5911822324670087,0.5985984778591521,0.5911822324670087,0.5985984778591521,0.5911822324670087,0.23967449136908275,0.2340356149476245,0.23967449136908275,0.2340356149476245,0.23967449136908275,0.2340356149476245,0.5985984778591521,0.5911822324670087,0.5985984778591521,0.5911822324670087,0.5985984778591521,0.5911822324670087
0.558,0.558,0.15,0.558,0.601,0.601,0.2230884861324216,0.601,0.5970855680578315,0.5986624998437027,0.5970855680578315,0.5986624998437027,0.5970855680578315,0.5986624998437027,0.5970855680578315,0.5986624998437027,0.5970855680578315,0.5986624998437027,0.5970855680578315,0.5986624998437027,0.23346567620688446,0.24687237190588732,0.23346567620688446,0.24687237190588732,0.23346567620688446,0.24687237190588732,0.5970855680578315,0.5986624998437027,0.5970855680578315,0.5986624998437027,0.5970855680578315,0.5986624998437027
0.548,0.548,0.1201192900219192,0.548,0.6,0.6,0.2206496664380572,0.6,0.5926632309467992,0.5994958744573936,0.5926632309467992,0.5994958744573936,0.5926632309467992,0.5994958744573936,0.5926632309467992,0.5994958744573936,0.5926632309467992,0.5994958744573936,0.5926632309467992,0.5994958744573936,0.2187697075110257,0.23654604553864075,0.2187697075110257,0.23654604553864075,0.2187697075110257,0.23654604553864075,0.5926632309467992,0.5994958744573936,0.5926632309467992,0.5994958744573936,0.5926632309467992,0.5994958744573936
0.561,0.561,0.1495544362650136,0.561,0.623,0.623,0.2696063236205827,0.623,0.5963010564943045,0.5914210067360189,0.5963010564943045,0.5914210067360189,0.5963010564943045,0.5914210067360189,0.5963010564943045,0.5914210067360189,0.5963010564943045,0.5914210067360189,0.5963010564943045,0.5914210067360189,0.23577130777075092,0.23649608051879548,0.23577130777075092,0.23649608051879548,0.23577130777075092,0.23649608051879548,0.5963010564943045,0.5914210067360189,0.5963010564943045,0.5914210067360189,0.5963010564943045,0.5914210067360189
0.578,0.578,0.1916452127007478,0.578,0.619,0.619,0.2614905098622999,0.619,0.6167424257075784,0.6152407347383975,0.6167424257075784,0.6152407347383975,0.6167424257075784,0.6152407347383975,0.6167424257075784,0.6152407347383975,0.6167424257075784,0.6152407347383975,0.6167424257075784,0.6152407347383975,0.25563678124718003,0.24126971583604187,0.25563678124718003,0.24126971583604187,0.25563678124718003,0.24126971583604187,0.6167424257075784,0.6152407347383975,0.6167424257075784,0.6152407347383975,0.6167424257075784,0.6152407347383975
0.597,0.597,0.2310745113602539,0.597,0.634,0.634,0.2876189734706191,0.634,0.6114852134680201,0.5979061687863977,0.6114852134680201,0.5979061687863977,0.6114852134680201,0.5979061687863977,0.6114852134680201,0.5979061687863977,0.6114852134680201,0.5979061687863977,0.6114852134680201,0.5979061687863977,0.2597676692431219,0.25684323167096706,0.2597676692431219,0.25684323167096706,0.2597676692431219,0.25684323167096706,0.6114852134680201,0.5979061687863977,0.6114852134680201,0.5979061687863977,0.6114852134680201,0.5979061687863977
0.595,0.595,0.2232629858921544,0.595,0.605,0.605,0.2355213550819443,0.605,0.5892675979064116,0.5885889944557466,0.5892675979064116,0.5885889944557466,0.5892675979064116,0.5885889944557466,0.5892675979064116,0.5885889944557466,0.5892675979064116,0.5885889944557466,0.5892675979064116,0.5885889944557466,0.23812829052943474,0.2248223733291124,0.23812829052943474,0.2248223733291124,0.23812829052943474,0.2248223733291124,0.5892675979064116,0.5885889944557466,0.5892675979064116,0.5885889944557466,0.5892675979064116,0.5885889944557466
0.585,0.585,0.2044626768393206,0.585,0.588,0.588,0.2023078859222831,0.588,0.5929758244172049,0.5954976141449628,0.5929758244172049,0.5954976141449628,0.5929758244172049,0.5954976141449628,0.5929758244172049,0.5954976141449628,0.5929758244172049,0.5954976141449628,0.5929758244172049,0.5954976141449628,0.23680615807369662,0.21993845299330228,0.23680615807369662,0.21993845299330228,0.23680615807369662,0.21993845299330228,0.5929758244172049,0.5954976141449628,0.5929758244172049,0.5954976141449628,0.5929758244172049,0.5954976141449628
0.581,0.581,0.198932419721175,0.581,0.558,0.558,0.15,0.558,0.5845923943417045,0.5954391334168002,0.5845923943417045,0.5954391334168002,0.5845923943417045,0.5954391334168002,0.5845923943417045,0.5954391334168002,0.5845923943417045,0.5954391334168002,0.5845923943417045,0.5954391334168002,0.2177857841954421,0.2333538730856553,0.2177857841954421,0.2333538730856553,0.2177857841954421,0.2333538730856553,0.5845923943417045,0.5954391334168002,0.5845923943417045,0.5954391334168002,0.5845923943417045,0.5954391334168002
0.584,0.584,0.2076431956359424,0.584,0.548,0.548,0.1201192900219192,0.548,0.5999355979246034,0.6187724838309856,0.5999355979246034,0.6187724838309856,0.5999355979246034,0.6187724838309856,0.5999355979246034,0.6187724838309856,0.5999355979246034,0.6187724838309856,0.5999355979246034,0.6187724838309856,0.2200196446011892,0.23053226084930345,0.2200196446011892,0.23053226084930345,0.2200196446011892,0.23053226084930345,0.5999355979246034,0.6187724838309856,0.5999355979246034,0.6187724838309856,0.5999355979246034,0.6187724838309856
0.586,0.586,0.2115487163860745,0.586,0.561,0.561,0.1495544362650136,0.561,0.5841394126338046,0.5932790497439576,0.5841394126338046,0.5932790497439576,0.5841394126338046,0.5932790497439576,0.5841394126338046,0.5932790497439576,0.5841394126338046,0.5932790497439576,0.5841394126338046,0.5932790497439576,0.21899877435649576,0.22867361323813137,0.21899877435649576,0.22867361323813137,0.21899877435649576,0.22867361323813137,0.5841394126338046,0.5932790497439576,0.5841394126338046,0.5932790497439576,0.5841394126338046,0.5932790497439576
0.589,0.589,0.2154931513124741,0.589,0.578,0.578,0.1916452127007478,0.578,0.5965392883264643,0.6034987446873601,0.5965392883264643,0.6034987446873601,0.5965392883264643,0.6034987446873601,0.5965392883264643,0.6034987446873601,0.5965392883264643,0.6034987446873601,0.5965392883264643,0.6034987446873601,0.25434861679128373,0.2587430199227924,0.25434861679128373,0.2587430199227924,0.25434861679128373,0.2587430199227924,0.5965392883264643,0.6034987446873601,0.5965392883264643,0.6034987446873601,0.5965392883264643,0.6034987446873601
0.595,0.595,0.223191474670288,0.595,0.597,0.597,0.2310745113602539,0.597,0.5864503480357078,0.5775303095817319,0.5864503480357078,0.5775303095817319,0.5864503480357078,0.5775303095817319,0.5864503480357078,0.5775303095817319,0.5864503480357078,0.5775303095817319,0.5864503480357078,0.5775303095817319,0.20922409327043884,0.20970824863264648,0.20922409327043884,0.20970824863264648,0.20922409327043884,0.20970824863264648,0.5864503480357078,0.5775303095817319,0.5864503480357078,0.5775303095817319,0.5864503480357078,0.5775303095817319
0.62,0.62,0.2670120711538388,0.62,0.595,0.595,0.2232629858921544,0.595,0.5846012971878254,0.5906254588503395,0.5846012971878254,0.5906254588503395,0.5846012971878254,0.5906254588503395,0.5846012971878254,0.5906254588503395,0.5846012971878254,0.5906254588503395,0.5846012971878254,0.5906254588503395,0.24346043909635956,0.2561306747587612,0.24346043909635956,0.2561306747587612,0.24346043909635956,0.2561306747587612,0.5846012971878254,0.5906254588503395,0.5846012971878254,0.5906254588503395,0.5846012971878254,0.5906254588503395
0.634,0.634,0.2862853688500614,0.634,0.585,0.585,0.2044626768393206,0.585,0.5658069275310811,0.5659420668591106,0.5658069275310811,0.5659420668591106,0.5658069275310811,0.5659420668591106,0.5658069275310811,0.5659420668591106,0.5658069275310811,0.5659420668591106,0.5658069275310811,0.5659420668591106,0.20810788413487738,0.20752794527145665,0.20810788413487738,0.20752794527145665,0.20810788413487738,0.20752794527145665,0.5658069275310811,0.5659420668591106,0.5658069275310811,0.5659420668591106,0.5658069275310811,0.5659420668591106
0.634,0.634,0.2916640862079642,0.634,0.581,0.581,0.198932419721175,0.581,0.5877773378840838,0.5945852266075857,0.5877773378840838,0.5945852266075857,0.5877773378840838,0.5945852266075857,0.5877773378840838,0.5945852266075857,0.5877773378840838,0.5945852266075857,0.5877773378840838,0.5945852266075857,0.21540842124645246,0.2313405606625927,0.21540842124645246,0.2313405606625927,0.21540842124645246,0.2313405606625927,0.5877773378840838,0.5945852266075857,0.5877773378840838,0.5945852266075857,0.5877773378840838,0.5945852266075857
0.637,0.637,0.3014609664855211,0.637,0.584,0.584,0.2076431956359424,0.584,0.5945107408576055,0.602865118240164,0.5945107408576055,0.602865118240164,0.5945107408576055,0.602865118240164,0.5945107408576055,0.602865118240164,0.5945107408576055,0.602865118240164,0.5945107408576055,0.602865118240164,0.238825697793352,0.24977849570585714,0.238825697793352,0.24977849570585714,0.238825697793352,0.24977849570585714,0.5945107408576055,0.602865118240164,0.5945107408576055,0.602865118240164,0.5945107408576055,0.602865118240164
0.636,0.636,0.2925362575168022,0.636,0.586,0.586,0.2115487163860745,0.586,0.6051790207767886,0.6007592400271854,0.6051790207767886,0.6007592400271854,0.6051790207767886,0.6007592400271854,0.6051790207767886,0.6007592400271854,0.6051790207767886,0.6007592400271854,0.6051790207767886,0.6007592400271854,0.27607004789565465,0.2837121470212132,0.27607004789565465,0.2837121470212132,0.27607004789565465,0.2837121470212132,0.6051790207767886,0.6007592400271854,0.6051790207767886,0.6007592400271854,0.6051790207767886,0.6007592400271854
0.63,0.63,0.2765892551997592,0.63,0.589,0.589,0.2154931513124741,0.589,0.6138786551082421,0.6090740474160297,0.6138786551082421,0.6090740474160297,0.6138786551082421,0.6090740474160297,0.6138786551082421,0.6090740474160297,0.6138786551082421,0.6090740474160297,0.6138786551082421,0.6090740474160297,0.2755942208454908,0.2814205488949175,0.2755942208454908,0.2814205488949175,0.2755942208454908,0.2814205488949175,0.6138786551082421,0.6090740474160297,0.6138786551082421,0.6090740474160297,0.6138786551082421,0.6090740474160297
0.631,0.631,0.283077520885953,0.631,0.595,0.595,0.223191474670288,0.595,0.6049055137019296,0.6057776354326394,0.6049055137019296,0.6057776354326394,0.6049055137019296,0.6057776354326394,0.6049055137019296,0.6057776354326394,0.6049055137019296,0.6057776354326394,0.6049055137019296,0.6057776354326394,0.2562305605252121,0.2663918608739531,0.2562305605252121,0.2663918608739531,0.2562305605252121,0.2663918608739531,0.6049055137019296,0.6057776354326394,0.6049055137019296,0.6057776354326394,0.6049055137019296,0.6057776354326394
0.607,0.607,0.2465144101722471,0.607,0.62,0.62,0.2670120711538388,0.62,0.5995648983906683,0.6106912760796726,0.5995648983906683,0.6106912760796726,0.5995648983906683,0.6106912760796726,0.5995648983906683,0.6106912760796726,0.5995648983906683,0.6106912760796726,0.5995648983906683,0.6106912760796726,0.25058315111360147,0.24954116622881722,0.25058315111360147,0.24954116622881722,0.25058315111360147,0.24954116622881722,0.5995648983906683,0.6106912760796726,0.5995648983906683,0.6106912760796726,0.5995648983906683,0.6106912760796726
0.609,0.609,0.2629650294813989,0.609,0.634,0.634,0.2862853688500614,0.634,0.6109590414231748,0.6130738552922724,0.6109590414231748,0.6130738552922724,0.6109590414231748,0.6130738552922724,0.6109590414231748,0.6130738552922724,0.6109590414231748,0.6130738552922724,0.6109590414231748,0.6130738552922724,0.272962924722638,0.2688952512285639,0.272962924722638,0.2688952512285639,0.272962924722638,0.2688952512285639,0.6109590414231748,0.6130738552922724,0.6109590414231748,0.6130738552922724,0.6109590414231748,0.6130738552922724
0.606,0.606,0.2551196345926978,0.606,0.634,0.634,0.2916640862079642,0.634,0.6108410059850061,0.6182400195521859,0.6108410059850061,0.6182400195521859,0.6108410059850061,0.6182400195521859,0.6108410059850061,0.6182400195521859,0.6108410059850061,0.6182400195521859,0.6108410059850061,0.6182400195521859,0.27697510457720975,0.2796263154774713,0.27697510457720975,0.2796263154774713,0.27697510457720975,0.2796263154774713,0.6108410059850061,0.6182400195521859,0.6108410059850061,0.6182400195521859,0.6108410059850061,0.6182400195521859
0.635,0.635,0.2950837401891107,0.635,0.637,0.637,0.3014609664855211,0.637,0.603028781844214,0.6132804209255909,0.603028781844214,0.6132804209255909,0.603028781844214,0.6132804209255909,0.603028781844214,0.6132804209255909,0.603028781844214,0.6132804209255909,0.603028781844214,0.6132804209255909,0.2711886381831834,0.24279872811060563,0.2711886381831834,0.24279872811060563,0.2711886381831834,0.24279872811060563,0.603028781844214,0.6132804209255909,0.603028781844214,0.6132804209255909,0.603028781844214,0.6132804209255909
0.646,0.646,0.3133466784600344,0.646,0.636,0.636,0.2925362575168022,0.636,0.6161577260224033,0.6229652564233378,0.6161577260224033,0.6229652564233378,0.6161577260224033,0.6229652564233378,0.6161577260224033,0.6229652564233378,0.6161577260224033,0.6229652564233378,0.6161577260224033,0.6229652564233378,0.26052345101871804,0.2553877705939212,0.26052345101871804,0.2553877705939212,0.26052345101871804,0.2553877705939212,0.6161577260224033,0.6229652564233378,0.6161577260224033,0.6229652564233378,0.6161577260224033,0.6229652564233378
0.621,0.621,0.2690171269865762,0.621,0.63,0.63,0.2765892551997592,0.63,0.5534219497745968,0.5562132291701662,0.5534219497745968,0.5562132291701662,0.5534219497745968,0.5562132291701662,0.5534219497745968,0.5562132291701662,0.5534219497745968,0.5562132291701662,0.5534219497745968,0.5562132291701662,0.18233790110198175,0.1920267317634031,0.18233790110198175,0.1920267317634031,0.18233790110198175,0.1920267317634031,0.5534219497745968,0.5562132291701662,0.5534219497745968,0.5562132291701662,0.5534219497745968,0.5562132291701662
0.594,0.594,0.2274112950185154,0.594,0.631,0.631,0.283077520885953,0.631,0.5469582559828353,0.5508842267962829,0.5469582559828353,0.5508842267962829,0.5469582559828353,0.5508842267962829,0.5469582559828353,0.5508842267962829,0.5469582559828353,0.5508842267962829,0.5469582559828353,0.5508842267962829,0.15759242853620078,0.1639427133540551,0.15759242853620078,0.1639427133540551,0.15759242853620078,0.1639427133540551,0.5469582559828353,0.5508842267962829,0.5469582559828353,0.5508842267962829,0.5469582559828353,0.5508842267962829
0.58,0.58,0.1961784024619907,0.58,0.607,0.607,0.2465144101722471,0.607,0.5873081423556646,0.6004638009934888,0.5873081423556646,0.6004638009934888,0.5873081423556646,0.6004638009934888,0.5873081423556646,0.6004638009934888,0.5873081423556646,0.6004638009934888,0.5873081423556646,0.6004638009934888,0.1803299429919653,0.1623373272458644,0.1803299429919653,0.1623373272458644,0.1803299429919653,0.1623373272458644,0.5873081423556646,0.6004638009934888,0.5873081423556646,0.6004638009934888,0.5873081423556646,0.6004638009934888
0.6,0.6,0.1724594505130752,0.6,0.609,0.609,0.2629650294813989,0.609,0.6082881185101094,0.6484041662316976,0.6082881185101094,0.6484041662316976,0.6082881185101094,0.6484041662316976,0.6082881185101094,0.6484041662316976,0.6082881185101094,0.6484041662316976,0.6082881185101094,0.6484041662316976,0.17738080728057434,0.17829344695832003,0.17738080728057434,0.17829344695832003,0.17738080728057434,0.17829344695832003,0.6082881185101094,0.6484041662316976,0.6082881185101094,0.6484041662316976,0.6082881185101094,0.6484041662316976
0.653,0.653,0.1139822285772648,0.653,0.606,0.606,0.2551196345926978,0.606,0.6409352609350979,0.6729546629648909,0.6409352609350979,0.6729546629648909,0.6409352609350979,0.6729546629648909,0.6409352609350979,0.6729546629648909,0.6409352609350979,0.6729546629648909,0.6409352609350979,0.6729546629648909,0.08427352694347658,0.10483330041114496,0.08427352694347658,0.10483330041114496,0.08427352694347658,0.10483330041114496,0.6409352609350979,0.6729546629648909,0.6409352609350979,0.6729546629648909,0.6409352609350979,0.6729546629648909
0.701,0.701,0.0,0.701,0.635,0.635,0.2950837401891107,0.635,0.6984477156964546,0.6950062770309356,0.6984477156964546,0.6950062770309356,0.6984477156964546,0.6950062770309356,0.6984477156964546,0.6950062770309356,0.6984477156964546,0.6950062770309356,0.6984477156964546,0.6950062770309356,0.0187589771045196,0.012567788002884547,0.0187589771045196,0.012567788002884547,0.0187589771045196,0.012567788002884547,0.6984477156964546,0.6950062770309356,0.6984477156964546,0.6950062770309356,0.6984477156964546,0.6950062770309356
0.709,0.709,0.0096246783832717,0.709,0.646,0.646,0.3133466784600344,0.646,0.6963418943167435,0.695241919594244,0.6963418943167435,0.695241919594244,0.6963418943167435,0.695241919594244,0.6963418943167435,0.695241919594244,0.6963418943167435,0.695241919594244,0.6963418943167435,0.695241919594244,0.01488239458282581,0.014669206703134097,0.01488239458282581,0.014669206703134097,0.01488239458282581,0.014669206703134097,0.6963418943167435,0.695241919594244,0.6963418943167435,0.695241919594244,0.6963418943167435,0.695241919594244
0.696,0.696,0.0159583077072474,0.696,0.621,0.621,0.2690171269865762,0.621,0.691684582595106,0.6815255290829432,0.691684582595106,0.6815255290829432,0.691684582595106,0.6815255290829432,0.691684582595106,0.6815255290829432,0.691684582595106,0.6815255290829432,0.691684582595106,0.6815255290829432,0.013690965884124228,0.020034592002275836,0.013690965884124228,0.020034592002275836,0.013690965884124228,0.020034592002275836,0.691684582595106,0.6815255290829432,0.691684582595106,0.6815255290829432,0.691684582595106,0.6815255290829432
0.672,0.672,0.0369709212195236,0.672,0.594,0.594,0.2274112950185154,0.594,0.6754931728559355,0.6796154607308907,0.6754931728559355,0.6796154607308907,0.6754931728559355,0.6796154607308907,0.6754931728559355,0.6796154607308907,0.6754931728559355,0.6796154607308907,0.6754931728559355,0.6796154607308907,0.017853229834006074,0.027720989879856956,0.017853229834006074,0.027720989879856956,0.017853229834006074,0.027720989879856956,0.6754931728559355,0.6796154607308907,0.6754931728559355,0.6796154607308907,0.6754931728559355,0.6796154607308907
0.65,0.65,0.0289214924644307,0.65,0.58,0.58,0.1961784024619907,0.58,0.6761270470771417,0.6758623391721507,0.6761270470771417,0.6758623391721507,0.6761270470771417,0.6758623391721507,0.6761270470771417,0.6758623391721507,0.6761270470771417,0.6758623391721507,0.6761270470771417,0.6758623391721507,0.027994442726580443,0.03794405799037599,0.027994442726580443,0.03794405799037599,0.027994442726580443,0.03794405799037599,0.6761270470771417,0.6758623391721507,0.6761270470771417,0.6758623391721507,0.6761270470771417,0.6758623391721507
0.619,0.619,0.0300901176111196,0.619,0.6,0.6,0.1724594505130752,0.6,0.6443474423576178,0.6671274537896116,0.6443474423576178,0.6671274537896116,0.6443474423576178,0.6671274537896116,0.6443474423576178,0.6671274537896116,0.6443474423576178,0.6671274537896116,0.6443474423576178,0.6671274537896116,0.01722419296861751,0.022088572258513153,0.01722419296861751,0.022088572258513153,0.01722419296861751,0.022088572258513153,0.6443474423576178,0.6671274537896116,0.6443474423576178,0.6671274537896116,0.6443474423576178,0.6671274537896116
0.593,0.593,0.0283242293441308,0.593,0.653,0.653,0.1139822285772648,0.653,0.6288988521011715,0.6354669986888943,0.6288988521011715,0.6354669986888943,0.6288988521011715,0.6354669986888943,0.6288988521011715,0.6354669986888943,0.6288988521011715,0.6354669986888943,0.6288988521011715,0.6354669986888943,0.01998678640510694,0.02472788371289566,0.01998678640510694,0.02472788371289566,0.01998678640510694,0.02472788371289566,0.6288988521011715,0.6354669986888943,0.6288988521011715,0.6354669986888943,0.6288988521011715,0.6354669986888943
0.586,0.586,0.0300951631267483,0.586,0.701,0.701,0.0,0.701,0.593863984349913,0.6209264711050212,0.593863984349913,0.6209264711050212,0.593863984349913,0.6209264711050212,0.593863984349913,0.6209264711050212,0.593863984349913,0.6209264711050212,0.593863984349913,0.6209264711050212,0.019226189646651314,0.023702272508668094,0.019226189646651314,0.023702272508668094,0.019226189646651314,0.023702272508668094,0.593863984349913,0.6209264711050212,0.593863984349913,0.6209264711050212,0.593863984349913,0.6209264711050212
0.57,0.57,0.0249831072654631,0.57,0.709,0.709,0.0096246783832717,0.709,0.5722825316690928,0.5940701685430848,0.5722825316690928,0.5940701685430848,0.5722825316690928,0.5940701685430848,0.5722825316690928,0.5940701685430848,0.5722825316690928,0.5940701685430848,0.5722825316690928,0.5940701685430848,0.03388172958712332,0.06772517053536047,0.03388172958712332,0.06772517053536047,0.03388172958712332,0.06772517053536047,0.5722825316690928,0.5940701685430848,0.5722825316690928,0.5940701685430848,0.5722825316690928,0.5940701685430848
0.555,0.555,0.054036818162493,0.555,0.696,0.696,0.0159583077072474,0.696,0.5647101127480098,0.5752361350254162,0.5647101127480098,0.5752361350254162,0.5647101127480098,0.5752361350254162,0.5647101127480098,0.5752361350254162,0.5647101127480098,0.5752361350254162,0.5647101127480098,0.5752361350254162,0.10143432735695493,0.10475176911650651,0.10143432735695493,0.10475176911650651,0.10143432735695493,0.10475176911650651,0.5647101127480098,0.5752361350254162,0.5647101127480098,0.5752361350254162,0.5647101127480098,0.5752361350254162
0.556,0.556,0.0878349227741323,0.556,0.672,0.672,0.0369709212195236,0.672,0.5642117037864891,0.5628439407689713,0.5642117037864891,0.5628439407689713,0.5642117037864891,0.5628439407689713,0.5642117037864891,0.5628439407689713,0.5642117037864891,0.5628439407689713,0.5642117037864891,0.5628439407689713,0.09593637782943684,0.11075810675147812,0.09593637782943684,0.11075810675147812,0.09593637782943684,0.11075810675147812,0.5642117037864891,0.5628439407689713,0.5642117037864891,0.5628439407689713,0.5642117037864891,0.5628439407689713
0.571,0.571,0.1371542583146953,0.571,0.65,0.65,0.0289214924644307,0.65,0.5652392201711303,0.5504464627792333,0.5652392201711303,0.5504464627792333,0.5652392201711303,0.5504464627792333,0.5652392201711303,0.5504464627792333,0.5652392201711303,0.5504464627792333,0.5652392201711303,0.5504464627792333,0.1398480891392283,0.13753273646108388,0.1398480891392283,0.13753273646108388,0.1398480891392283,0.13753273646108388,0.5652392201711303,0.5504464627792333,0.5652392201711303,0.5504464627792333,0.5652392201711303,0.5504464627792333
0.574,0.574,0.1555159084151056,0.574,0.619,0.619,0.0300901176111196,0.619,0.5825646046415485,0.5883142211304182,0.5825646046415485,0.5883142211304182,0.5825646046415485,0.5883142211304182,0.5825646046415485,0.5883142211304182,0.5825646046415485,0.5883142211304182,0.5825646046415485,0.5883142211304182,0.1664695280753575,0.1517019212433079,0.1664695280753575,0.1517019212433079,0.1664695280753575,0.1517019212433079,0.5825646046415485,0.5883142211304182,0.5825646046415485,0.5883142211304182,0.5825646046415485,0.5883142211304182
0.575,0.575,0.161768766518086,0.575,0.593,0.593,0.0283242293441308,0.593,0.5750672120931172,0.5783042340808335,0.5750672120931172,0.5783042340808335,0.5750672120931172,0.5783042340808335,0.5750672120931172,0.5783042340808335,0.5750672120931172,0.5783042340808335,0.5750672120931172,0.5783042340808335,0.17384153198717908,0.16253027357857264,0.17384153198717908,0.16253027357857264,0.17384153198717908,0.16253027357857264,0.5750672120931172,0.5783042340808335,0.5750672120931172,0.5783042340808335,0.5750672120931172,0.5783042340808335
0.562,0.562,0.145882490591057,0.562,0.586,0.586,0.0300951631267483,0.586,0.6029382164087524,0.6098168606204095,0.6029382164087524,0.6098168606204095,0.6029382164087524,0.6098168606204095,0.6029382164087524,0.6098168606204095,0.6029382164087524,0.6098168606204095,0.6029382164087524,0.6098168606204095,0.2079563053269822,0.21075525223160008,0.2079563053269822,0.21075525223160008,0.2079563053269822,0.21075525223160008,0.6029382164087524,0.6098168606204095,0.6029382164087524,0.6098168606204095,0.6029382164087524,0.6098168606204095
0.576,0.576,0.1710979042852674,0.576,0.57,0.57,0.0249831072654631,0.57,0.6048401942283517,0.6067401475063757,0.6048401942283517,0.6067401475063757,0.6048401942283517,0.6067401475063757,0.6048401942283517,0.6067401475063757,0.6048401942283517,0.6067401475063757,0.6048401942283517,0.6067401475063757,0.21117568271438314,0.21456025701530326,0.21117568271438314,0.21456025701530326,0.21117568271438314,0.21456025701530326,0.6048401942283517,0.6067401475063757,0.6048401942283517,0.6067401475063757,0.6048401942283517,0.6067401475063757
0.582,0.582,0.1887149866467921,0.582,0.555,0.555,0.054036818162493,0.555,0.6029855335754296,0.6117989631184951,0.6029855335754296,0.6117989631184951,0.6029855335754296,0.6117989631184951,0.6029855335754296,0.6117989631184951,0.6029855335754296,0.6117989631184951,0.6029855335754296,0.6117989631184951,0.20783173475522995,0.22834987428146553,0.20783173475522995,0.22834987428146553,0.20783173475522995,0.22834987428146553,0.6029855335754296,0.6117989631184951,0.6029855335754296,0.6117989631184951,0.6029855335754296,0.6117989631184951
0.604,0.604,0.2254006009013519,0.604,0.556,0.556,0.0878349227741323,0.556,0.616944475789315,0.6152722685291273,0.616944475789315,0.6152722685291273,0.616944475789315,0.6152722685291273,0.616944475789315,0.6152722685291273,0.616944475789315,0.6152722685291273,0.616944475789315,0.6152722685291273,0.20634573594592848,0.23561442065848334,0.20634573594592848,0.23561442065848334,0.20634573594592848,0.23561442065848334,0.616944475789315,0.6152722685291273,0.616944475789315,0.6152722685291273,0.616944475789315,0.6152722685291273
0.608,0.608,0.22888077552562,0.608,0.571,0.571,0.1371542583146953,0.571,0.6157999872181429,0.6167612201723842,0.6157999872181429,0.6167612201723842,0.6157999872181429,0.6167612201723842,0.6157999872181429,0.6167612201723842,0.6157999872181429,0.6167612201723842,0.6157999872181429,0.6167612201723842,0.2072760321735325,0.2411846593786735,0.2072760321735325,0.2411846593786735,0.2072760321735325,0.2411846593786735,0.6157999872181429,0.6167612201723842,0.6157999872181429,0.6167612201723842,0.6157999872181429,0.6167612201723842
0.595,0.595,0.2104585968387152,0.595,0.574,0.574,0.1555159084151056,0.574,0.5952044202893318,0.5859305665133622,0.5952044202893318,0.5859305665133622,0.5952044202893318,0.5859305665133622,0.5952044202893318,0.5859305665133622,0.5952044202893318,0.5859305665133622,0.5952044202893318,0.5859305665133622,0.20436498162661526,0.23701516012664886,0.20436498162661526,0.23701516012664886,0.20436498162661526,0.23701516012664886,0.5952044202893318,0.5859305665133622,0.5952044202893318,0.5859305665133622,0.5952044202893318,0.5859305665133622
0.576,0.576,0.1750715975594571,0.576,0.575,0.575,0.161768766518086,0.575,0.5855179312700867,0.5664418093833922,0.5855179312700867,0.5664418093833922,0.5855179312700867,0.5664418093833922,0.5855179312700867,0.5664418093833922,0.5855179312700867,0.5664418093833922,0.5855179312700867,0.5664418093833922,0.198882038867712,0.21683346283742663,0.198882038867712,0.21683346283742663,0.198882038867712,0.21683346283742663,0.5855179312700867,0.5664418093833922,0.5855179312700867,0.5664418093833922,0.5855179312700867,0.5664418093833922
0.563,0.563,0.1491366755192797,0.563,0.562,0.562,0.145882490591057,0.562,0.6072798500882811,0.611993518651963,0.6072798500882811,0.611993518651963,0.6072798500882811,0.611993518651963,0.6072798500882811,0.611993518651963,0.6072798500882811,0.611993518651963,0.6072798500882811,0.611993518651963,0.23641704881416647,0.2476846092819345,0.23641704881416647,0.2476846092819345,0.23641704881416647,0.2476846092819345,0.6072798500882811,0.611993518651963,0.6072798500882811,0.611993518651963,0.6072798500882811,0.611993518651963
0.572,0.572,0.1688933076492885,0.572,0.576,0.576,0.1710979042852674,0.576,0.6158510254933104,0.6157400129551613,0.6158510254933104,0.6157400129551613,0.6158510254933104,0.6157400129551613,0.6158510254933104,0.6157400129551613,0.6158510254933104,0.6157400129551613,0.6158510254933104,0.6157400129551613,0.24124697378840568,0.25634634145707247,0.24124697378840568,0.25634634145707247,0.24124697378840568,0.25634634145707247,0.6158510254933104,0.6157400129551613,0.6158510254933104,0.6157400129551613,0.6158510254933104,0.6157400129551613
0.586,0.586,0.1996597587380142,0.586,0.582,0.582,0.1887149866467921,0.582,0.6085180855161596,0.6185042746001154,0.6085180855161596,0.6185042746001154,0.6085180855161596,0.6185042746001154,0.6085180855161596,0.6185042746001154,0.6085180855161596,0.6185042746001154,0.6085180855161596,0.6185042746001154,0.23410718454120033,0.2607026030616094,0.23410718454120033,0.2607026030616094,0.23410718454120033,0.2607026030616094,0.6085180855161596,0.6185042746001154,0.6085180855161596,0.6185042746001154,0.6085180855161596,0.6185042746001154
0.593,0.593,0.2139457989555327,0.593,0.604,0.604,0.2254006009013519,0.604,0.6165579101719703,0.6288545947241224,0.6165579101719703,0.6288545947241224,0.6165579101719703,0.6288545947241224,0.6165579101719703,0.6288545947241224,0.6165579101719703,0.6288545947241224,0.6165579101719703,0.6288545947241224,0.24808836839853252,0.2510820105545601,0.24808836839853252,0.2510820105545601,0.24808836839853252,0.2510820105545601,0.6165579101719703,0.6288545947241224,0.6165579101719703,0.6288545947241224,0.6165579101719703,0.6288545947241224
0.595,0.595,0.2254614719674427,0.595,0.608,0.608,0.22888077552562,0.608,0.6221602455237816,0.6356329863687045,0.6221602455237816,0.6356329863687045,0.6221602455237816,0.6356329863687045,0.6221602455237816,0.6356329863687045,0.6221602455237816,0.6356329863687045,0.6221602455237816,0.6356329863687045,0.235000630586953,0.27134942523571204,0.235000630586953,0.27134942523571204,0.235000630586953,0.27134942523571204,0.6221602455237816,0.6356329863687045,0.6221602455237816,0.6356329863687045,0.6221602455237816,0.6356329863687045
0.584,0.584,0.1973822312773969,0.584,0.595,0.595,0.2104585968387152,0.595,0.6132036803148933,0.6215235589930295,0.6132036803148933,0.6215235589930295,0.6132036803148933,0.6215235589930295,0.6132036803148933,0.6215235589930295,0.6132036803148933,0.6215235589930295,0.6132036803148933,0.6215235589930295,0.2363566410423468,0.25955714214077713,0.2363566410423468,0.25955714214077713,0.2363566410423468,0.25955714214077713,0.6132036803148933,0.6215235589930295,0.6132036803148933,0.6215235589930295,0.6132036803148933,0.6215235589930295
0.571,0.571,0.1779089376053964,0.571,0.576,0.576,0.1750715975594571,0.576,0.5882398117601185,0.5745094063402958,0.5882398117601185,0.5745094063402958,0.5882398117601185,0.5745094063402958,0.5882398117601185,0.5745094063402958,0.5882398117601185,0.5745094063402958,0.5882398117601185,0.5745094063402958,0.2280625651463981,0.24225769477565529,0.2280625651463981,0.24225769477565529,0.2280625651463981,0.24225769477565529,0.5882398117601185,0.5745094063402958,0.5882398117601185,0.5745094063402958,0.5882398117601185,0.5745094063402958
0.588,0.588,0.2081552323257172,0.588,0.563,0.563,0.1491366755192797,0.563,0.5987844184681033,0.5876655989146261,0.5987844184681033,0.5876655989146261,0.5987844184681033,0.5876655989146261,0.5987844184681033,0.5876655989146261,0.5987844184681033,0.5876655989146261,0.5987844184681033,0.5876655989146261,0.24211570240260077,0.24432916691968293,0.24211570240260077,0.24432916691968293,0.24211570240260077,0.24432916691968293,0.5987844184681033,0.5876655989146261,0.5987844184681033,0.5876655989146261,0.5987844184681033,0.5876655989146261
0.591,0.591,0.2088485167360455,0.591,0.572,0.572,0.1688933076492885,0.572,0.6034958696617356,0.5929285903443566,0.6034958696617356,0.5929285903443566,0.6034958696617356,0.5929285903443566,0.6034958696617356,0.5929285903443566,0.6034958696617356,0.5929285903443566,0.6034958696617356,0.5929285903443566,0.24491311333057042,0.23608866262937034,0.24491311333057042,0.23608866262937034,0.24491311333057042,0.23608866262937034,0.6034958696617356,0.5929285903443566,0.6034958696617356,0.5929285903443566,0.6034958696617356,0.5929285903443566
0.599,0.599,0.2232234869323333,0.599,0.586,0.586,0.1996597587380142,0.586,0.6038422543979667,0.598666471832691,0.6038422543979667,0.598666471832691,0.6038422543979667,0.598666471832691,0.6038422543979667,0.598666471832691,0.6038422543979667,0.598666471832691,0.6038422543979667,0.598666471832691,0.23594030953276288,0.23322688152557255,0.23594030953276288,0.23322688152557255,0.23594030953276288,0.23322688152557255,0.6038422543979667,0.598666471832691,0.6038422543979667,0.598666471832691,0.6038422543979667,0.598666471832691
0.604,0.604,0.2398210892058433,0.604,0.593,0.593,0.2139457989555327,0.593,0.584415995455578,0.5916341205872367,0.584415995455578,0.5916341205872367,0.584415995455578,0.5916341205872367,0.584415995455578,0.5916341205872367,0.584415995455578,0.5916341205872367,0.584415995455578,0.5916341205872367,0.2179940758091019,0.2401036316431627,0.2179940758091019,0.2401036316431627,0.2179940758091019,0.2401036316431627,0.584415995455578,0.5916341205872367,0.584415995455578,0.5916341205872367,0.584415995455578,0.5916341205872367
0.596,0.596,0.2291253243779576,0.596,0.595,0.595,0.2254614719674427,0.595,0.5940222616539567,0.5948437238099471,0.5940222616539567,0.5948437238099471,0.5940222616539567,0.5948437238099471,0.5940222616539567,0.5948437238099471,0.5940222616539567,0.5948437238099471,0.5940222616539567,0.5948437238099471,0.2405227058769606,0.2332174609607911,0.2405227058769606,0.2332174609607911,0.2405227058769606,0.2332174609607911,0.5940222616539567,0.5948437238099471,0.5940222616539567,0.5948437238099471,0.5940222616539567,0.5948437238099471
0.597,0.597,0.233607180891526,0.597,0.584,0.584,0.1973822312773969,0.584,0.5999323055608149,0.5948159284466096,0.5999323055608149,0.5948159284466096,0.5999323055608149,0.5948159284466096,0.5999323055608149,0.5948159284466096,0.5999323055608149,0.5948159284466096,0.5999323055608149,0.5948159284466096,0.23280658274302884,0.25280607007973527,0.23280658274302884,0.25280607007973527,0.23280658274302884,0.25280607007973527,0.5999323055608149,0.5948159284466096,0.5999323055608149,0.5948159284466096,0.5999323055608149,0.5948159284466096
0.579,0.579,0.2041467545822999,0.579,0.571,0.571,0.1779089376053964,0.571,0.5931206029635235,0.5877139836474234,0.5931206029635235,0.5877139836474234,0.5931206029635235,0.5877139836474234,0.5931206029635235,0.5877139836474234,0.5931206029635235,0.5877139836474234,0.5931206029635235,0.5877139836474234,0.23390499387788483,0.23482746221943923,0.23390499387788483,0.23482746221943923,0.23390499387788483,0.23482746221943923,0.5931206029635235,0.5877139836474234,0.5931206029635235,0.5877139836474234,0.5931206029635235,0.5877139836474234
0.581,0.581,0.2026034331823545,0.581,0.588,0.588,0.2081552323257172,0.588,0.5957775720246081,0.5992029484359198,0.5957775720246081,0.5992029484359198,0.5957775720246081,0.5992029484359198,0.5957775720246081,0.5992029484359198,0.5957775720246081,0.5992029484359198,0.5957775720246081,0.5992029484359198,0.22385729440161364,0.2272760611187242,0.22385729440161364,0.2272760611187242,0.22385729440161364,0.2272760611187242,0.5957775720246081,0.5992029484359198,0.5957775720246081,0.5992029484359198,0.5957775720246081,0.5992029484359198
0.593,0.593,0.2272464912813657,0.593,0.591,0.591,0.2088485167360455,0.591,0.5764280396401601,0.5840658376808885,0.5764280396401601,0.5840658376808885,0.5764280396401601,0.5840658376808885,0.5764280396401601,0.5840658376808885,0.5764280396401601,0.5840658376808885,0.5764280396401601,0.5840658376808885,0.2049427165655124,0.19876236976184733,0.2049427165655124,0.19876236976184733,0.2049427165655124,0.19876236976184733,0.5764280396401601,0.5840658376808885,0.5764280396401601,0.5840658376808885,0.5764280396401601,0.5840658376808885
0.605,0.605,0.2473552635590379,0.605,0.599,0.599,0.2232234869323333,0.599,0.5831641720946068,0.6062129420211237,0.5831641720946068,0.6062129420211237,0.5831641720946068,0.6062129420211237,0.5831641720946068,0.6062129420211237,0.5831641720946068,0.6062129420211237,0.5831641720946068,0.6062129420211237,0.20491643273126073,0.21325965251301154,0.20491643273126073,0.21325965251301154,0.20491643273126073,0.21325965251301154,0.5831641720946068,0.6062129420211237,0.5831641720946068,0.6062129420211237,0.5831641720946068,0.6062129420211237
0.613,0.613,0.2592450807748259,0.613,0.604,0.604,0.2398210892058433,0.604,0.589429490673644,0.5958552774504219,0.589429490673644,0.5958552774504219,0.589429490673644,0.5958552774504219,0.589429490673644,0.5958552774504219,0.589429490673644,0.5958552774504219,0.589429490673644,0.5958552774504219,0.20560433491648708,0.22154727101883076,0.20560433491648708,0.22154727101883076,0.20560433491648708,0.22154727101883076,0.589429490673644,0.5958552774504219,0.589429490673644,0.5958552774504219,0.589429490673644,0.5958552774504219
0.617,0.617,0.2543822079631201,0.617,0.596,0.596,0.2291253243779576,0.596,0.5733730591668939,0.5619645429032432,0.5733730591668939,0.5619645429032432,0.5733730591668939,0.5619645429032432,0.5733730591668939,0.5619645429032432,0.5733730591668939,0.5619645429032432,0.5733730591668939,0.5619645429032432,0.1917929368067747,0.21197001349763844,0.1917929368067747,0.21197001349763844,0.1917929368067747,0.21197001349763844,0.5733730591668939,0.5619645429032432,0.5733730591668939,0.5619645429032432,0.5733730591668939,0.5619645429032432
0.636,0.636,0.2889291742201663,0.636,0.597,0.597,0.233607180891526,0.597,0.5783267488779134,0.5758319478035683,0.5783267488779134,0.5758319478035683,0.5783267488779134,0.5758319478035683,0.5783267488779134,0.5758319478035683,0.5783267488779134,0.5758319478035683,0.5783267488779134,0.5758319478035683,0.21158726813621953,0.21935250161341055,0.21158726813621953,0.21935250161341055,0.21158726813621953,0.21935250161341055,0.5783267488779134,0.5758319478035683,0.5783267488779134,0.5758319478035683,0.5783267488779134,0.5758319478035683
0.629,0.629,0.272252212667127,0.629,0.579,0.579,0.2041467545822999,0.579,0.5579395276116154,0.5546165211673337,0.5579395276116154,0.5546165211673337,0.5579395276116154,0.5546165211673337,0.5579395276116154,0.5546165211673337,0.5579395276116154,0.5546165211673337,0.5579395276116154,0.5546165211673337,0.20785150875096345,0.22166127997467214,0.20785150875096345,0.22166127997467214,0.20785150875096345,0.22166127997467214,0.5579395276116154,0.5546165211673337,0.5579395276116154,0.5546165211673337,0.5579395276116154,0.5546165211673337
0.626,0.626,0.2684081421870293,0.626,0.581,0.581,0.2026034331823545,0.581,0.5640465760007431,0.5579496588729496,0.5640465760007431,0.5579496588729496,0.5640465760007431,0.5579496588729496,0.5640465760007431,0.5579496588729496,0.5640465760007431,0.5579496588729496,0.5640465760007431,0.5579496588729496,0.2016312267878391,0.21717051727739678,0.2016312267878391,0.21717051727739678,0.2016312267878391,0.21717051727739678,0.5640465760007431,0.5579496588729496,0.5640465760007431,0.5579496588729496,0.5640465760007431,0.5579496588729496
0.623,0.623,0.2626868707413811,0.623,0.593,0.593,0.2272464912813657,0.593,0.5637724913021632,0.5611074916813567,0.5637724913021632,0.5611074916813567,0.5637724913021632,0.5611074916813567,0.5637724913021632,0.5611074916813567,0.5637724913021632,0.5611074916813567,0.5637724913021632,0.5611074916813567,0.1981152004359227,0.20909403724318518,0.1981152004359227,0.20909403724318518,0.1981152004359227,0.20909403724318518,0.5637724913021632,0.5611074916813567,0.5637724913021632,0.5611074916813567,0.5637724913021632,0.5611074916813567
0.612,0.612,0.2462301795448629,0.612,0.605,0.605,0.2473552635590379,0.605,0.5732241800020641,0.5649217522479756,0.5732241800020641,0.5649217522479756,0.5732241800020641,0.5649217522479756,0.5732241800020641,0.5649217522479756,0.5732241800020641,0.5649217522479756,0.5732241800020641,0.5649217522479756,0.20895445841760682,0.2318199275350454,0.20895445841760682,0.2318199275350454,0.20895445841760682,0.2318199275350454,0.5732241800020641,0.5649217522479756,0.5732241800020641,0.5649217522479756,0.5732241800020641,0.5649217522479756
0.614,0.614,0.251636318515991,0.614,0.613,0.613,0.2592450807748259,0.613,0.5746369706045324,0.5631226437765866,0.5746369706045324,0.5631226437765866,0.5746369706045324,0.5631226437765866,0.5746369706045324,0.5631226437765866,0.5746369706045324,0.5631226437765866,0.5746369706045324,0.5631226437765866,0.2074657571356928,0.22872471977472048,0.2074657571356928,0.22872471977472048,0.2074657571356928,0.22872471977472048,0.5746369706045324,0.5631226437765866,0.5746369706045324,0.5631226437765866,0.5746369706045324,0.5631226437765866
0.61,0.61,0.2485664960848388,0.61,0.617,0.617,0.2543822079631201,0.617,0.5841056884321737,0.5823383643893596,0.5841056884321737,0.5823383643893596,0.5841056884321737,0.5823383643893596,0.5841056884321737,0.5823383643893596,0.5841056884321737,0.5823383643893596,0.5841056884321737,0.5823383643893596,0.20381071122249036,0.23493143145081952,0.20381071122249036,0.23493143145081952,0.20381071122249036,0.23493143145081952,0.5841056884321737,0.5823383643893596,0.5841056884321737,0.5823383643893596,0.5841056884321737,0.5823383643893596
0.584,0.584,0.2001999500124969,0.584,0.636,0.636,0.2889291742201663,0.636,0.5870257882534561,0.581657528954187,0.5870257882534561,0.581657528954187,0.5870257882534561,0.581657528954187,0.5870257882534561,0.581657528954187,0.5870257882534561,0.581657528954187,0.5870257882534561,0.581657528954187,0.17707163023153816,0.2400545762860944,0.17707163023153816,0.2400545762860944,0.17707163023153816,0.2400545762860944,0.5870257882534561,0.581657528954187,0.5870257882534561,0.581657528954187,0.5870257882534561,0.581657528954187
0.567,0.567,0.1705679980997769,0.567,0.629,0.629,0.272252212667127,0.629,0.5801577422014591,0.5657302184404583,0.5801577422014591,0.5657302184404583,0.5801577422014591,0.5657302184404583,0.5801577422014591,0.5657302184404583,0.5801577422014591,0.5657302184404583,0.5801577422014591,0.5657302184404583,0.1304720789484233,0.18324194815990566,0.1304720789484233,0.18324194815990566,0.1304720789484233,0.18324194815990566,0.5801577422014591,0.5657302184404583,0.5801577422014591,0.5657302184404583,0.5801577422014591,0.5657302184404583
0.55,0.55,0.1375973077704398,0.55,0.626,0.626,0.2684081421870293,0.626,0.5493713734977349,0.5476922748062176,0.5493713734977349,0.5476922748062176,0.5493713734977349,0.5476922748062176,0.5493713734977349,0.5476922748062176,0.5493713734977349,0.5476922748062176,0.5493713734977349,0.5476922748062176,0.11991842007965611,0.16159904158256402,0.11991842007965611,0.16159904158256402,0.11991842007965611,0.16159904158256402,0.5493713734977349,0.5476922748062176,0.5493713734977349,0.5476922748062176,0.5493713734977349,0.5476922748062176
0.547,0.547,0.1370179302146595,0.547,0.623,0.623,0.2626868707413811,0.623,0.599028190523803,0.6076613493222399,0.599028190523803,0.6076613493222399,0.599028190523803,0.6076613493222399,0.599028190523803,0.6076613493222399,0.599028190523803,0.6076613493222399,0.599028190523803,0.6076613493222399,0.1707539742811221,0.17280082604470068,0.1707539742811221,0.17280082604470068,0.1707539742811221,0.17280082604470068,0.599028190523803,0.6076613493222399,0.599028190523803,0.6076613493222399,0.599028190523803,0.6076613493222399
0.59,0.59,0.1635623268472011,0.59,0.612,0.612,0.2462301795448629,0.612,0.5939107761902372,0.6176682232375853,0.5939107761902372,0.6176682232375853,0.5939107761902372,0.6176682232375853,0.5939107761902372,0.6176682232375853,0.5939107761902372,0.6176682232375853,0.5939107761902372,0.6176682232375853,0.17818673282426153,0.1726191409892943,0.17818673282426153,0.1726191409892943,0.17818673282426153,0.1726191409892943,0.5939107761902372,0.6176682232375853,0.5939107761902372,0.6176682232375853,0.5939107761902372,0.6176682232375853
0.671,0.671,0.1740889875184511,0.671,0.614,0.614,0.251636318515991,0.614,0.6654972512385792,0.6664768025317576,0.6654972512385792,0.6664768025317576,0.6654972512385792,0.6664768025317576,0.6654972512385792,0.6664768025317576,0.6654972512385792,0.6664768025317576,0.6654972512385792,0.6664768025317576,0.10929335801569946,0.10171659045539964,0.10929335801569946,0.10171659045539964,0.10929335801569946,0.10171659045539964,0.6654972512385792,0.6664768025317576,0.6654972512385792,0.6664768025317576,0.6654972512385792,0.6664768025317576
0.728,0.728,0.020229381591839,0.728,0.61,0.61,0.2485664960848388,0.61,0.6686602759827079,0.6549241198209726,0.6686602759827079,0.6549241198209726,0.6686602759827079,0.6549241198209726,0.6686602759827079,0.6549241198209726,0.6686602759827079,0.6549241198209726,0.6686602759827079,0.6549241198209726,0.06213050853830817,0.0789744680965709,0.06213050853830817,0.0789744680965709,0.06213050853830817,0.0789744680965709,0.6686602759827079,0.6549241198209726,0.6686602759827079,0.6549241198209726,0.6686602759827079,0.6549241198209726
0.745,0.745,0.0058014410030878,0.745,0.584,0.584,0.2001999500124969,0.584,0.6732873343513509,0.6698614074177051,0.6732873343513509,0.6698614074177051,0.6732873343513509,0.6698614074177051,0.6732873343513509,0.6698614074177051,0.6732873343513509,0.6698614074177051,0.6732873343513509,0.6698614074177051,0.02820291457841658,0.026647941799663052,0.02820291457841658,0.026647941799663052,0.02820291457841658,0.026647941799663052,0.6732873343513509,0.6698614074177051,0.6732873343513509,0.6698614074177051,0.6732873343513509,0.6698614074177051
0.734,0.734,0.0104461176750692,0.734,0.567,0.567,0.1705679980997769,0.567,0.6734563216311548,0.6717203982562134,0.6734563216311548,0.6717203982562134,0.6734563216311548,0.6717203982562134,0.6734563216311548,0.6717203982562134,0.6734563216311548,0.6717203982562134,0.6734563216311548,0.6717203982562134,0.030061898753985426,0.031149779133182582,0.030061898753985426,0.031149779133182582,0.030061898753985426,0.031149779133182582,0.6734563216311548,0.6717203982562134,0.6734563216311548,0.6717203982562134,0.6734563216311548,0.6717203982562134
0.717,0.717,-0.0041728170773249,0.717,0.55,0.55,0.1375973077704398,0.55,0.6610933289541201,0.6519266090345696,0.6610933289541201,0.6519266090345696,0.6610933289541201,0.6519266090345696,0.6610933289541201,0.6519266090345696,0.6610933289541201,0.6519266090345696,0.6610933289541201,0.6519266090345696,0.030661764873557307,0.04054048298640721,0.030661764873557307,0.04054048298640721,0.030661764873557307,0.04054048298640721,0.6610933289541201,0.6519266090345696,0.6610933289541201,0.6519266090345696,0.6610933289541201,0.6519266090345696
0.702,0.702,0.006242663536442,0.702,0.547,0.547,0.1370179302146595,0.547,0.6380063755686053,0.6421872806931312,0.6380063755686053,0.6421872806931312,0.6380063755686053,0.6421872806931312,0.6380063755686053,0.6421872806931312,0.6380063755686053,0.6421872806931312,0.6380063755686053,0.6421872806931312,0.030767425078579894,0.04330058123232221,0.030767425078579894,0.04330058123232221,0.030767425078579894,0.04330058123232221,0.6380063755686053,0.6421872806931312,0.6380063755686053,0.6421872806931312,0.6380063755686053,0.6421872806931312
0.695,0.695,0.0210301972062448,0.695,0.59,0.59,0.1635623268472011,0.59,0.630860027733058,0.6314638877157078,0.630860027733058,0.6314638877157078,0.630860027733058,0.6314638877157078,0.630860027733058,0.6314638877157078,0.630860027733058,0.6314638877157078,0.630860027733058,0.6314638877157078,0.030386556170017908,0.04598382044307025,0.030386556170017908,0.04598382044307025,0.030386556170017908,0.04598382044307025,0.630860027733058,0.6314638877157078,0.630860027733058,0.6314638877157078,0.630860027733058,0.6314638877157078
0.697,0.697,0.0346014146434716,0.697,0.671,0.671,0.1740889875184511,0.671,0.6063243251643209,0.618629073567449,0.6063243251643209,0.618629073567449,0.6063243251643209,0.618629073567449,0.6063243251643209,0.618629073567449,0.6063243251643209,0.618629073567449,0.6063243251643209,0.618629073567449,0.0299011263809273,0.04646324496298739,0.0299011263809273,0.04646324496298739,0.0299011263809273,0.04646324496298739,0.6063243251643209,0.618629073567449,0.6063243251643209,0.618629073567449,0.6063243251643209,0.618629073567449
0.677,0.677,0.0652528736962737,0.677,0.728,0.728,0.020229381591839,0.728,0.5827018613308562,0.590272187313099,0.5827018613308562,0.590272187313099,0.5827018613308562,0.590272187313099,0.5827018613308562,0.590272187313099,0.5827018613308562,0.590272187313099,0.5827018613308562,0.590272187313099,0.030896448248238204,0.04883554646916398,0.030896448248238204,0.04883554646916398,0.030896448248238204,0.04883554646916398,0.5827018613308562,0.590272187313099,0.5827018613308562,0.590272187313099,0.5827018613308562,0.590272187313099
0.659,0.659,0.1339462589526083,0.659,0.745,0.745,0.0058014410030878,0.745,0.6169692677050044,0.6067211302186871,0.6169692677050044,0.6067211302186871,0.6169692677050044,0.6067211302186871,0.6169692677050044,0.6067211302186871,0.6169692677050044,0.6067211302186871,0.6169692677050044,0.6067211302186871,0.045890702169753814,0.09547974556326584,0.045890702169753814,0.09547974556326584,0.045890702169753814,0.09547974556326584,0.6169692677050044,0.6067211302186871,0.6169692677050044,0.6067211302186871,0.6169692677050044,0.6067211302186871
0.625,0.625,0.1332926558686488,0.625,0.734,0.734,0.0104461176750692,0.734,0.6101714639628267,0.6226198128766849,0.6101714639628267,0.6226198128766849,0.6101714639628267,0.6226198128766849,0.6101714639628267,0.6226198128766849,0.6101714639628267,0.6226198128766849,0.6101714639628267,0.6226198128766849,0.06119779678540104,0.08327672449686442,0.06119779678540104,0.08327672449686442,0.06119779678540104,0.08327672449686442,0.6101714639628267,0.6226198128766849,0.6101714639628267,0.6226198128766849,0.6101714639628267,0.6226198128766849
0.585,0.585,0.1191951778589014,0.585,0.717,0.717,-0.0041728170773249,0.717,0.6049160336572195,0.6173836118437426,0.6049160336572195,0.6173836118437426,0.6049160336572195,0.6173836118437426,0.6049160336572195,0.6173836118437426,0.6049160336572195,0.6173836118437426,0.6049160336572195,0.6173836118437426,0.08544353235948994,0.10123964970280062,0.08544353235948994,0.10123964970280062,0.08544353235948994,0.10123964970280062,0.6049160336572195,0.6173836118437426,0.6049160336572195,0.6173836118437426,0.6049160336572195,0.6173836118437426
0.598,0.598,0.167839695288565,0.598,0.702,0.702,0.006242663536442,0.702,0.5715116540688756,0.5835448987717748,0.5715116540688756,0.5835448987717748,0.5715116540688756,0.5835448987717748,0.5715116540688756,0.5835448987717748,0.5715116540688756,0.5835448987717748,0.5715116540688756,0.5835448987717748,0.13894429093302024,0.13632392684336977,0.13894429093302024,0.13632392684336977,0.13894429093302024,0.13632392684336977,0.5715116540688756,0.5835448987717748,0.5715116540688756,0.5835448987717748,0.5715116540688756,0.5835448987717748
0.584,0.584,0.1444237405958595,0.584,0.695,0.695,0.0210301972062448,0.695,0.584906840313032,0.5950502868938782,0.584906840313032,0.5950502868938782,0.584906840313032,0.5950502868938782,0.584906840313032,0.5950502868938782,0.584906840313032,0.5950502868938782,0.584906840313032,0.5950502868938782,0.14498057249783514,0.1510912047402276,0.14498057249783514,0.1510912047402276,0.14498057249783514,0.1510912047402276,0.584906840313032,0.5950502868938782,0.584906840313032,0.5950502868938782,0.584906840313032,0.5950502868938782
0.629,0.629,0.2384307156698525,0.629,0.697,0.697,0.0346014146434716,0.697,0.5803400379587802,0.5651305136359618,0.5803400379587802,0.5651305136359618,0.5803400379587802,0.5651305136359618,0.5803400379587802,0.5651305136359618,0.5803400379587802,0.5651305136359618,0.5803400379587802,0.5651305136359618,0.14511363841434283,0.13500949149311073,0.14511363841434283,0.13500949149311073,0.14511363841434283,0.13500949149311073,0.5803400379587802,0.5651305136359618,0.5803400379587802,0.5651305136359618,0.5803400379587802,0.5651305136359618
0.608,0.608,0.1965632583459041,0.608,0.677,0.677,0.0652528736962737,0.677,0.5763481011764879,0.5661802685041664,0.5763481011764879,0.5661802685041664,0.5763481011764879,0.5661802685041664,0.5763481011764879,0.5661802685041664,0.5763481011764879,0.5661802685041664,0.5763481011764879,0.5661802685041664,0.13034779588578668,0.12213569720912418,0.13034779588578668,0.12213569720912418,0.13034779588578668,0.12213569720912418,0.5763481011764879,0.5661802685041664,0.5763481011764879,0.5661802685041664,0.5763481011764879,0.5661802685041664
0.6,0.6,0.1841895943382756,0.6,0.659,0.659,0.1339462589526083,0.659,0.5741954731734688,0.567635492505896,0.5741954731734688,0.567635492505896,0.5741954731734688,0.567635492505896,0.5741954731734688,0.567635492505896,0.5741954731734688,0.567635492505896,0.5741954731734688,0.567635492505896,0.19755994613584002,0.18559023179249506,0.19755994613584002,0.18559023179249506,0.19755994613584002,0.18559023179249506,0.5741954731734688,0.567635492505896,0.5741954731734688,0.567635492505896,0.5741954731734688,0.567635492505896
0.577,0.577,0.1497145613894026,0.577,0.625,0.625,0.1332926558686488,0.625,0.5921849335998814,0.5951243789584049,0.5921849335998814,0.5951243789584049,0.5921849335998814,0.5951243789584049,0.5921849335998814,0.5951243789584049,0.5921849335998814,0.5951243789584049,0.5921849335998814,0.5951243789584049,0.2102810101496793,0.19040737933361784,0.2102810101496793,0.19040737933361784,0.2102810101496793,0.19040737933361784,0.5921849335998814,0.5951243789584049,0.5921849335998814,0.5951243789584049,0.5921849335998814,0.5951243789584049
0.574,0.574,0.1498363534764908,0.574,0.585,0.585,0.1191951778589014,0.585,0.6212678679876233,0.6255801144219506,0.6212678679876233,0.6255801144219506,0.6212678679876233,0.6255801144219506,0.6212678679876233,0.6255801144219506,0.6212678679876233,0.6255801144219506,0.6212678679876233,0.6255801144219506,0.23720443761326887,0.22792056640142508,0.23720443761326887,0.22792056640142508,0.23720443761326887,0.22792056640142508,0.6212678679876233,0.6255801144219506,0.6212678679876233,0.6255801144219506,0.6212678679876233,0.6255801144219506
0.564,0.564,0.1274275925006804,0.564,0.598,0.598,0.167839695288565,0.598,0.5929293615836309,0.5960845624340139,0.5929293615836309,0.5960845624340139,0.5929293615836309,0.5960845624340139,0.5929293615836309,0.5960845624340139,0.5929293615836309,0.5960845624340139,0.5929293615836309,0.5960845624340139,0.21522882492803738,0.21436787698067858,0.21522882492803738,0.21436787698067858,0.21522882492803738,0.21436787698067858,0.5929293615836309,0.5960845624340139,0.5929293615836309,0.5960845624340139,0.5929293615836309,0.5960845624340139
0.581,0.581,0.1573282276943373,0.581,0.584,0.584,0.1444237405958595,0.584,0.5909312904493661,0.6000806744161746,0.5909312904493661,0.6000806744161746,0.5909312904493661,0.6000806744161746,0.5909312904493661,0.6000806744161746,0.5909312904493661,0.6000806744161746,0.5909312904493661,0.6000806744161746,0.19819159691168975,0.2008430937109248,0.19819159691168975,0.2008430937109248,0.19819159691168975,0.2008430937109248,0.5909312904493661,0.6000806744161746,0.5909312904493661,0.6000806744161746,0.5909312904493661,0.6000806744161746
0.576,0.576,0.1471970135804852,0.576,0.629,0.629,0.2384307156698525,0.629,0.5922166108287436,0.5998354743642219,0.5922166108287436,0.5998354743642219,0.5922166108287436,0.5998354743642219,0.5922166108287436,0.5998354743642219,0.5922166108287436,0.5998354743642219,0.5922166108287436,0.5998354743642219,0.20914198876659187,0.199450821738991,0.20914198876659187,0.199450821738991,0.20914198876659187,0.199450821738991,0.5922166108287436,0.5998354743642219,0.5922166108287436,0.5998354743642219,0.5922166108287436,0.5998354743642219
0.587,0.587,0.1676273550301106,0.587,0.608,0.608,0.1965632583459041,0.608,0.5701969147390479,0.5898529873218818,0.5701969147390479,0.5898529873218818,0.5701969147390479,0.5898529873218818,0.5701969147390479,0.5898529873218818,0.5701969147390479,0.5898529873218818,0.5701969147390479,0.5898529873218818,0.17544122179815486,0.18444927168481864,0.17544122179815486,0.18444927168481864,0.17544122179815486,0.18444927168481864,0.5701969147390479,0.5898529873218818,0.5701969147390479,0.5898529873218818,0.5701969147390479,0.5898529873218818
0.592,0.592,0.1820860814305475,0.592,0.6,0.6,0.1841895943382756,0.6,0.5820805682980027,0.5760799059840082,0.5820805682980027,0.5760799059840082,0.5820805682980027,0.5760799059840082,0.5820805682980027,0.5760799059840082,0.5820805682980027,0.5760799059840082,0.5820805682980027,0.5760799059840082,0.1994752233081539,0.16892441205246717,0.1994752233081539,0.16892441205246717,0.1994752233081539,0.16892441205246717,0.5820805682980027,0.5760799059840082,0.5820805682980027,0.5760799059840082,0.5820805682980027,0.5760799059840082
0.59,0.59,0.1778987091004608,0.59,0.577,0.577,0.1497145613894026,0.577,0.6063263554786481,0.6124874146400148,0.6063263554786481,0.6124874146400148,0.6063263554786481,0.6124874146400148,0.6063263554786481,0.6124874146400148,0.6063263554786481,0.6124874146400148,0.6063263554786481,0.6124874146400148,0.21232205907916066,0.2283732345104481,0.21232205907916066,0.2283732345104481,0.21232205907916066,0.2283732345104481,0.6063263554786481,0.6124874146400148,0.6063263554786481,0.6124874146400148,0.6063263554786481,0.6124874146400148
0.587,0.587,0.172550308139861,0.587,0.574,0.574,0.1498363534764908,0.574,0.6324020993543309,0.6391814315027146,0.6324020993543309,0.6391814315027146,0.6324020993543309,0.6391814315027146,0.6324020993543309,0.6391814315027146,0.6324020993543309,0.6391814315027146,0.6324020993543309,0.6391814315027146,0.20455800942963112,0.20004259230423296,0.20455800942963112,0.20004259230423296,0.20455800942963112,0.20004259230423296,0.6324020993543309,0.6391814315027146,0.6324020993543309,0.6391814315027146,0.6324020993543309,0.6391814315027146
0.603,0.603,0.2116195756646622,0.603,0.564,0.564,0.1274275925006804,0.564,0.6211538294479345,0.6308967914342786,0.6211538294479345,0.6308967914342786,0.6211538294479345,0.6308967914342786,0.6211538294479345,0.6308967914342786,0.6211538294479345,0.6308967914342786,0.6211538294479345,0.6308967914342786,0.20862141563231865,0.21493442421704223,0.20862141563231865,0.21493442421704223,0.20862141563231865,0.21493442421704223,0.6211538294479345,0.6308967914342786,0.6211538294479345,0.6308967914342786,0.6211538294479345,0.6308967914342786
0.609,0.609,0.2191618871119773,0.609,0.581,0.581,0.1573282276943373,0.581,0.6027625003352158,0.6156933124007358,0.6027625003352158,0.6156933124007358,0.6027625003352158,0.6156933124007358,0.6027625003352158,0.6156933124007358,0.6027625003352158,0.6156933124007358,0.6027625003352158,0.6156933124007358,0.2522467275288174,0.24894681267711607,0.2522467275288174,0.24894681267711607,0.2522467275288174,0.24894681267711607,0.6027625003352158,0.6156933124007358,0.6027625003352158,0.6156933124007358,0.6027625003352158,0.6156933124007358
0.605,0.605,0.2173568456508817,0.605,0.576,0.576,0.1471970135804852,0.576,0.585373222814221,0.5943128518041393,0.585373222814221,0.5943128518041393,0.585373222814221,0.5943128518041393,0.585373222814221,0.5943128518041393,0.585373222814221,0.5943128518041393,0.585373222814221,0.5943128518041393,0.23455529614510456,0.2440409437387742,0.23455529614510456,0.2440409437387742,0.23455529614510456,0.2440409437387742,0.585373222814221,0.5943128518041393,0.585373222814221,0.5943128518041393,0.585373222814221,0.5943128518041393
0.603,0.603,0.2121139953957291,0.603,0.587,0.587,0.1676273550301106,0.587,0.5764293108544996,0.5846184664122863,0.5764293108544996,0.5846184664122863,0.5764293108544996,0.5846184664122863,0.5764293108544996,0.5846184664122863,0.5764293108544996,0.5846184664122863,0.5764293108544996,0.5846184664122863,0.21613482881063809,0.23571241417725888,0.21613482881063809,0.23571241417725888,0.21613482881063809,0.23571241417725888,0.5764293108544996,0.5846184664122863,0.5764293108544996,0.5846184664122863,0.5764293108544996,0.5846184664122863
0.589,0.589,0.1838955386289444,0.589,0.592,0.592,0.1820860814305475,0.592,0.578013171791587,0.5686280780281078,0.578013171791587,0.5686280780281078,0.578013171791587,0.5686280780281078,0.578013171791587,0.5686280780281078,0.578013171791587,0.5686280780281078,0.578013171791587,0.5686280780281078,0.2090433705196556,0.2248125361278527,0.2090433705196556,0.2248125361278527,0.2090433705196556,0.2248125361278527,0.578013171791587,0.5686280780281078,0.578013171791587,0.5686280780281078,0.578013171791587,0.5686280780281078
0.603,0.603,0.2096923174926742,0.603,0.59,0.59,0.1778987091004608,0.59,0.5785452549185137,0.5630916115326389,0.5785452549185137,0.5630916115326389,0.5785452549185137,0.5630916115326389,0.5785452549185137,0.5630916115326389,0.5785452549185137,0.5630916115326389,0.5785452549185137,0.5630916115326389,0.19691024316707897,0.16843396505149233,0.19691024316707897,0.16843396505149233,0.19691024316707897,0.16843396505149233,0.5785452549185137,0.5630916115326389,0.5785452549185137,0.5630916115326389,0.5785452549185137,0.5630916115326389
0.588,0.588,0.1772012861222615,0.588,0.587,0.587,0.172550308139861,0.587,0.5845415457511175,0.5817904398451053,0.5845415457511175,0.5817904398451053,0.5845415457511175,0.5817904398451053,0.5845415457511175,0.5817904398451053,0.5845415457511175,0.5817904398451053,0.5845415457511175,0.5817904398451053,0.17813440652785567,0.1636515375172554,0.17813440652785567,0.1636515375172554,0.17813440652785567,0.1636515375172554,0.5845415457511175,0.5817904398451053,0.5845415457511175,0.5817904398451053,0.5845415457511175,0.5817904398451053
0.573,0.573,0.1496666374592755,0.573,0.603,0.603,0.2116195756646622,0.603,0.5811451044490142,0.5747793233848613,0.5811451044490142,0.5747793233848613,0.5811451044490142,0.5747793233848613,0.5811451044490142,0.5747793233848613,0.5811451044490142,0.5747793233848613,0.5811451044490142,0.5747793233848613,0.189498183957135,0.18955974608300466,0.189498183957135,0.18955974608300466,0.189498183957135,0.18955974608300466,0.5811451044490142,0.5747793233848613,0.5811451044490142,0.5747793233848613,0.5811451044490142,0.5747793233848613
0.576,0.576,0.16403785488959,0.576,0.609,0.609,0.2191618871119773,0.609,0.5882692700640348,0.5958224753752164,0.5882692700640348,0.5958224753752164,0.5882692700640348,0.5958224753752164,0.5882692700640348,0.5958224753752164,0.5882692700640348,0.5958224753752164,0.5882692700640348,0.5958224753752164,0.2095865585388018,0.19509722889600187,0.2095865585388018,0.19509722889600187,0.2095865585388018,0.19509722889600187,0.5882692700640348,0.5958224753752164,0.5882692700640348,0.5958224753752164,0.5882692700640348,0.5958224753752164
0.567,0.567,0.1520577775688929,0.567,0.605,0.605,0.2173568456508817,0.605,0.5872591150734949,0.5971318251964679,0.5872591150734949,0.5971318251964679,0.5872591150734949,0.5971318251964679,0.5872591150734949,0.5971318251964679,0.5872591150734949,0.5971318251964679,0.5872591150734949,0.5971318251964679,0.20018941524625994,0.2007838960573898,0.20018941524625994,0.2007838960573898,0.20018941524625994,0.2007838960573898,0.5872591150734949,0.5971318251964679,0.5872591150734949,0.5971318251964679,0.5872591150734949,0.5971318251964679
0.573,0.573,0.1638795986622073,0.573,0.603,0.603,0.2121139953957291,0.603,0.5948946708037535,0.6044304919342899,0.5948946708037535,0.6044304919342899,0.5948946708037535,0.6044304919342899,0.5948946708037535,0.6044304919342899,0.5948946708037535,0.6044304919342899,0.5948946708037535,0.6044304919342899,0.2275618418229523,0.2327561080345583,0.2275618418229523,0.2327561080345583,0.2275618418229523,0.2327561080345583,0.5948946708037535,0.6044304919342899,0.5948946708037535,0.6044304919342899,0.5948946708037535,0.6044304919342899
0.582,0.582,0.1800866989662815,0.582,0.589,0.589,0.1838955386289444,0.589,0.5940325279599493,0.6117951478441652,0.5940325279599493,0.6117951478441652,0.5940325279599493,0.6117951478441652,0.5940325279599493,0.6117951478441652,0.5940325279599493,0.6117951478441652,0.5940325279599493,0.6117951478441652,0.21610784982217413,0.22718466956139302,0.21610784982217413,0.22718466956139302,0.21610784982217413,0.22718466956139302,0.5940325279599493,0.6117951478441652,0.5940325279599493,0.6117951478441652,0.5940325279599493,0.6117951478441652
0.594,0.594,0.1964183216622661,0.594,0.603,0.603,0.2096923174926742,0.603,0.5964740278170991,0.6098716581988718,0.5964740278170991,0.6098716581988718,0.5964740278170991,0.6098716581988718,0.5964740278170991,0.6098716581988718,0.5964740278170991,0.6098716581988718,0.5964740278170991,0.6098716581988718,0.22408109785557248,0.2243257137798129,0.22408109785557248,0.2243257137798129,0.22408109785557248,0.2243257137798129,0.5964740278170991,0.6098716581988718,0.5964740278170991,0.6098716581988718,0.5964740278170991,0.6098716581988718
0.589,0.589,0.1911550541985153,0.589,0.588,0.588,0.1772012861222615,0.588,0.6103254018122789,0.6030491235066401,0.6103254018122789,0.6030491235066401,0.6103254018122789,0.6030491235066401,0.6103254018122789,0.6030491235066401,0.6103254018122789,0.6030491235066401,0.6103254018122789,0.6030491235066401,0.24202503557717464,0.23533724004754406,0.24202503557717464,0.23533724004754406,0.24202503557717464,0.23533724004754406,0.6103254018122789,0.6030491235066401,0.6103254018122789,0.6030491235066401,0.6103254018122789,0.6030491235066401
0.585,0.585,0.182826357492793,0.585,0.573,0.573,0.1496666374592755,0.573,0.5880074048683638,0.5853712454991,0.5880074048683638,0.5853712454991,0.5880074048683638,0.5853712454991,0.5880074048683638,0.5853712454991,0.5880074048683638,0.5853712454991,0.5880074048683638,0.5853712454991,0.232927388070036,0.25422128393180726,0.232927388070036,0.25422128393180726,0.232927388070036,0.25422128393180726,0.5880074048683638,0.5853712454991,0.5880074048683638,0.5853712454991,0.5880074048683638,0.5853712454991
0.566,0.566,0.1418176065807166,0.566,0.576,0.576,0.16403785488959,0.576,0.6021293185974079,0.5907663351113852,0.6021293185974079,0.5907663351113852,0.6021293185974079,0.5907663351113852,0.6021293185974079,0.5907663351113852,0.6021293185974079,0.5907663351113852,0.6021293185974079,0.5907663351113852,0.2249232004488144,0.24392392010274286,0.2249232004488144,0.24392392010274286,0.2249232004488144,0.24392392010274286,0.6021293185974079,0.5907663351113852,0.6021293185974079,0.5907663351113852,0.6021293185974079,0.5907663351113852
0.587,0.587,0.1792462579193793,0.587,0.567,0.567,0.1520577775688929,0.567,0.5898157528634363,0.581936015868706,0.5898157528634363,0.581936015868706,0.5898157528634363,0.581936015868706,0.5898157528634363,0.581936015868706,0.5898157528634363,0.581936015868706,0.5898157528634363,0.581936015868706,0.2265731631768669,0.20506682597089687,0.2265731631768669,0.20506682597089687,0.2265731631768669,0.20506682597089687,0.5898157528634363,0.581936015868706,0.5898157528634363,0.581936015868706,0.5898157528634363,0.581936015868706
0.59,0.59,0.1834393534432968,0.59,0.573,0.573,0.1638795986622073,0.573,0.631939129533978,0.6168646448310893,0.631939129533978,0.6168646448310893,0.631939129533978,0.6168646448310893,0.631939129533978,0.6168646448310893,0.631939129533978,0.6168646448310893,0.631939129533978,0.6168646448310893,0.25835972161342324,0.269003220722841,0.25835972161342324,0.269003220722841,0.25835972161342324,0.269003220722841,0.631939129533978,0.6168646448310893,0.631939129533978,0.6168646448310893,0.631939129533978,0.6168646448310893
0.618,0.618,0.2400218046100037,0.618,0.582,0.582,0.1800866989662815,0.582,0.6405510835041838,0.6258963770739052,0.6405510835041838,0.6258963770739052,0.6405510835041838,0.6258963770739052,0.6405510835041838,0.6258963770739052,0.6405510835041838,0.6258963770739052,0.6405510835041838,0.6258963770739052,0.2588728642077624,0.2695978793899636,0.2588728642077624,0.2695978793899636,0.2588728642077624,0.2695978793899636,0.6405510835041838,0.6258963770739052,0.6405510835041838,0.6258963770739052,0.6405510835041838,0.6258963770739052
0.599,0.599,0.2056700499972267,0.599,0.594,0.594,0.1964183216622661,0.594,0.636154789619771,0.6215308066366252,0.636154789619771,0.6215308066366252,0.636154789619771,0.6215308066366252,0.636154789619771,0.6215308066366252,0.636154789619771,0.6215308066366252,0.636154789619771,0.6215308066366252,0.2684641328393939,0.2719963793343186,0.2684641328393939,0.2719963793343186,0.2684641328393939,0.2719963793343186,0.636154789619771,0.6215308066366252,0.636154789619771,0.6215308066366252,0.636154789619771,0.6215308066366252
0.61,0.61,0.2326792087545398,0.61,0.589,0.589,0.1911550541985153,0.589,0.6438550530794,0.6347989395528075,0.6438550530794,0.6347989395528075,0.6438550530794,0.6347989395528075,0.6438550530794,0.6347989395528075,0.6438550530794,0.6347989395528075,0.6438550530794,0.6347989395528075,0.27397909923318914,0.2825696097604458,0.27397909923318914,0.2825696097604458,0.27397909923318914,0.2825696097604458,0.6438550530794,0.6347989395528075,0.6438550530794,0.6347989395528075,0.6438550530794,0.6347989395528075
0.617,0.617,0.2458313970431865,0.617,0.585,0.585,0.182826357492793,0.585,0.6382103557937281,0.6387339612218672,0.6382103557937281,0.6387339612218672,0.6382103557937281,0.6387339612218672,0.6382103557937281,0.6387339612218672,0.6382103557937281,0.6387339612218672,0.6382103557937281,0.6387339612218672,0.24908871682759628,0.26532979965709347,0.24908871682759628,0.26532979965709347,0.24908871682759628,0.26532979965709347,0.6382103557937281,0.6387339612218672,0.6382103557937281,0.6387339612218672,0.6382103557937281,0.6387339612218672
0.634,0.634,0.2760932771613363,0.634,0.566,0.566,0.1418176065807166,0.566,0.6334419533445562,0.6256441182467135,0.6334419533445562,0.6256441182467135,0.6334419533445562,0.6256441182467135,0.6334419533445562,0.6256441182467135,0.6334419533445562,0.6256441182467135,0.6334419533445562,0.6256441182467135,0.27227125030345944,0.25650674273057256,0.27227125030345944,0.25650674273057256,0.27227125030345944,0.25650674273057256,0.6334419533445562,0.6256441182467135,0.6334419533445562,0.6256441182467135,0.6334419533445562,0.6256441182467135
0.635,0.635,0.2743884983619071,0.635,0.587,0.587,0.1792462579193793,0.587,0.6200098673053791,0.6186167911870795,0.6200098673053791,0.6186167911870795,0.6200098673053791,0.6186167911870795,0.6200098673053791,0.6186167911870795,0.6200098673053791,0.6186167911870795,0.6200098673053791,0.6186167911870795,0.24959007210722944,0.25235932752874707,0.24959007210722944,0.25235932752874707,0.24959007210722944,0.25235932752874707,0.6200098673053791,0.6186167911870795,0.6200098673053791,0.6186167911870795,0.6200098673053791,0.6186167911870795
0.626,0.626,0.2564020995705425,0.626,0.59,0.59,0.1834393534432968,0.59,0.6258431219956314,0.6174302885416026,0.6258431219956314,0.6174302885416026,0.6258431219956314,0.6174302885416026,0.6258431219956314,0.6174302885416026,0.6258431219956314,0.6174302885416026,0.6258431219956314,0.6174302885416026,0.2540503733292661,0.24944148377848904,0.2540503733292661,0.24944148377848904,0.2540503733292661,0.24944148377848904,0.6258431219956314,0.6174302885416026,0.6258431219956314,0.6174302885416026,0.6258431219956314,0.6174302885416026
0.607,0.607,0.2183895244307966,0.607,0.618,0.618,0.2400218046100037,0.618,0.5974382804217017,0.6101336270131965,0.5974382804217017,0.6101336270131965,0.5974382804217017,0.6101336270131965,0.5974382804217017,0.6101336270131965,0.5974382804217017,0.6101336270131965,0.5974382804217017,0.6101336270131965,0.23480548991680772,0.2383165321288548,0.23480548991680772,0.2383165321288548,0.23480548991680772,0.2383165321288548,0.5974382804217017,0.6101336270131965,0.5974382804217017,0.6101336270131965,0.5974382804217017,0.6101336270131965
0.628,0.628,0.2715480778268634,0.628,0.599,0.599,0.2056700499972267,0.599,0.60215705565612,0.6088300909976067,0.60215705565612,0.6088300909976067,0.60215705565612,0.6088300909976067,0.60215705565612,0.6088300909976067,0.60215705565612,0.6088300909976067,0.60215705565612,0.6088300909976067,0.2575860169560123,0.25572806433598844,0.2575860169560123,0.25572806433598844,0.2575860169560123,0.25572806433598844,0.60215705565612,0.6088300909976067,0.60215705565612,0.6088300909976067,0.60215705565612,0.6088300909976067
0.632,0.632,0.2824188723836562,0.632,0.61,0.61,0.2326792087545398,0.61,0.6259921468804994,0.616520077597729,0.6259921468804994,0.616520077597729,0.6259921468804994,0.616520077597729,0.6259921468804994,0.616520077597729,0.6259921468804994,0.616520077597729,0.6259921468804994,0.616520077597729,0.2718387029162493,0.27595413203446423,0.2718387029162493,0.27595413203446423,0.2718387029162493,0.27595413203446423,0.6259921468804994,0.616520077597729,0.6259921468804994,0.616520077597729,0.6259921468804994,0.616520077597729
0.627,0.627,0.2724733565309657,0.627,0.617,0.617,0.2458313970431865,0.617,0.6296703708700735,0.6293480797325056,0.6296703708700735,0.6293480797325056,0.6296703708700735,0.6293480797325056,0.6296703708700735,0.6293480797325056,0.6296703708700735,0.6293480797325056,0.6296703708700735,0.6293480797325056,0.29660109656201555,0.2587619004531298,0.29660109656201555,0.2587619004531298,0.29660109656201555,0.2587619004531298,0.6296703708700735,0.6293480797325056,0.6296703708700735,0.6293480797325056,0.6296703708700735,0.6293480797325056
0.601,0.601,0.218639845842929,0.601,0.634,0.634,0.2760932771613363,0.634,0.5872065150965878,0.5857111741586825,0.5872065150965878,0.5857111741586825,0.5872065150965878,0.5857111741586825,0.5872065150965878,0.5857111741586825,0.5872065150965878,0.5857111741586825,0.5872065150965878,0.5857111741586825,0.23880238234256654,0.21539719041330233,0.23880238234256654,0.21539719041330233,0.23880238234256654,0.21539719041330233,0.5872065150965878,0.5857111741586825,0.5872065150965878,0.5857111741586825,0.5872065150965878,0.5857111741586825
0.576,0.576,0.1596238920513104,0.576,0.635,0.635,0.2743884983619071,0.635,0.5737524304028168,0.5728549595965559,0.5737524304028168,0.5728549595965559,0.5737524304028168,0.5728549595965559,0.5737524304028168,0.5728549595965559,0.5737524304028168,0.5728549595965559,0.5737524304028168,0.5728549595965559,0.16946642504334664,0.1893850760893415,0.16946642504334664,0.1893850760893415,0.16946642504334664,0.1893850760893415,0.5737524304028168,0.5728549595965559,0.5737524304028168,0.5728549595965559,0.5737524304028168,0.5728549595965559
0.6,0.6,0.1732018173024055,0.6,0.626,0.626,0.2564020995705425,0.626,0.579680605509222,0.5677194058011353,0.579680605509222,0.5677194058011353,0.579680605509222,0.5677194058011353,0.579680605509222,0.5677194058011353,0.579680605509222,0.5677194058011353,0.579680605509222,0.5677194058011353,0.17865463543802115,0.16816224154004175,0.17865463543802115,0.16816224154004175,0.17865463543802115,0.16816224154004175,0.579680605509222,0.5677194058011353,0.579680605509222,0.5677194058011353,0.579680605509222,0.5677194058011353
0.66,0.66,0.178128550363799,0.66,0.607,0.607,0.2183895244307966,0.607,0.6419965407761202,0.6312839562909967,0.6419965407761202,0.6312839562909967,0.6419965407761202,0.6312839562909967,0.6419965407761202,0.6312839562909967,0.6419965407761202,0.6312839562909967,0.6419965407761202,0.6312839562909967,0.1803845144419724,0.16191944312094841,0.1803845144419724,0.16191944312094841,0.1803845144419724,0.16191944312094841,0.6419965407761202,0.6312839562909967,0.6419965407761202,0.6312839562909967,0.6419965407761202,0.6312839562909967
0.718,0.718,0.1841033237663177,0.718,0.628,0.628,0.2715480778268634,0.628,0.6561195738471504,0.6576123816657726,0.6561195738471504,0.6576123816657726,0.6561195738471504,0.6576123816657726,0.6561195738471504,0.6576123816657726,0.6561195738471504,0.6576123816657726,0.6561195738471504,0.6576123816657726,0.11108897592631208,0.12060748420312169,0.11108897592631208,0.12060748420312169,0.11108897592631208,0.12060748420312169,0.6561195738471504,0.6576123816657726,0.6561195738471504,0.6576123816657726,0.6561195738471504,0.6576123816657726
0.766,0.766,0.0222296506769179,0.766,0.632,0.632,0.2824188723836562,0.632,0.6709385448087779,0.6675210578201933,0.6709385448087779,0.6675210578201933,0.6709385448087779,0.6675210578201933,0.6709385448087779,0.6675210578201933,0.6709385448087779,0.6675210578201933,0.6709385448087779,0.6675210578201933,0.03247557155508214,0.0428867399342446,0.03247557155508214,0.0428867399342446,0.03247557155508214,0.0428867399342446,0.6709385448087779,0.6675210578201933,0.6709385448087779,0.6675210578201933,0.6709385448087779,0.6675210578201933
0.749,0.749,0.0252427184466019,0.749,0.627,0.627,0.2724733565309657,0.627,0.6655889161541949,0.6648857326224885,0.6655889161541949,0.6648857326224885,0.6655889161541949,0.6648857326224885,0.6655889161541949,0.6648857326224885,0.6655889161541949,0.6648857326224885,0.6655889161541949,0.6648857326224885,0.04651044869529963,0.06075721996123822,0.04651044869529963,0.06075721996123822,0.04651044869529963,0.06075721996123822,0.6655889161541949,0.6648857326224885,0.6655889161541949,0.6648857326224885,0.6655889161541949,0.6648857326224885
0.734,0.734,0.0342163355408388,0.734,0.601,0.601,0.218639845842929,0.601,0.6580080530688288,0.6675215765362935,0.6580080530688288,0.6675215765362935,0.6580080530688288,0.6675215765362935,0.6580080530688288,0.6675215765362935,0.6580080530688288,0.6675215765362935,0.6580080530688288,0.6675215765362935,0.04920757687155042,0.06263096066470362,0.04920757687155042,0.06263096066470362,0.04920757687155042,0.06263096066470362,0.6580080530688288,0.6675215765362935,0.6580080530688288,0.6675215765362935,0.6580080530688288,0.6675215765362935
0.742,0.742,0.054785788081508,0.742,0.576,0.576,0.1596238920513104,0.576,0.6467396062740629,0.6493392005549938,0.6467396062740629,0.6493392005549938,0.6467396062740629,0.6493392005549938,0.6467396062740629,0.6493392005549938,0.6467396062740629,0.6493392005549938,0.6467396062740629,0.6493392005549938,0.04966885593595694,0.06526494857593691,0.04966885593595694,0.06526494857593691,0.04966885593595694,0.06526494857593691,0.6467396062740629,0.6493392005549938,0.6467396062740629,0.6493392005549938,0.6467396062740629,0.6493392005549938
0.723,0.723,0.0759890586430047,0.723,0.6,0.6,0.1732018173024055,0.6,0.6394143384899094,0.6424253223966075,0.6394143384899094,0.6424253223966075,0.6394143384899094,0.6424253223966075,0.6394143384899094,0.6424253223966075,0.6394143384899094,0.6424253223966075,0.6394143384899094,0.6424253223966075,0.053887554719030506,0.06234007183935871,0.053887554719030506,0.06234007183935871,0.053887554719030506,0.06234007183935871,0.6394143384899094,0.6424253223966075,0.6394143384899094,0.6424253223966075,0.6394143384899094,0.6424253223966075
0.715,0.715,0.0525769905856072,0.715,0.66,0.66,0.178128550363799,0.66,0.6324902776114504,0.6376114006704063,0.6324902776114504,0.6376114006704063,0.6324902776114504,0.6376114006704063,0.6324902776114504,0.6376114006704063,0.6324902776114504,0.6376114006704063,0.6324902776114504,0.6376114006704063,0.05076676749548224,0.05707907625015421,0.05076676749548224,0.05707907625015421,0.05076676749548224,0.05707907625015421,0.6324902776114504,0.6376114006704063,0.6324902776114504,0.6376114006704063,0.6324902776114504,0.6376114006704063
0.684,0.684,0.0354502554835874,0.684,0.718,0.718,0.1841033237663177,0.718,0.6115325535687373,0.6215128252406708,0.6115325535687373,0.6215128252406708,0.6115325535687373,0.6215128252406708,0.6115325535687373,0.6215128252406708,0.6115325535687373,0.6215128252406708,0.6115325535687373,0.6215128252406708,0.05173914997510355,0.05129092657574774,0.05173914997510355,0.05129092657574774,0.05173914997510355,0.05129092657574774,0.6115325535687373,0.6215128252406708,0.6115325535687373,0.6215128252406708,0.6115325535687373,0.6215128252406708
0.677,0.677,0.0297736338732158,0.677,0.766,0.766,0.0222296506769179,0.766,0.6124142660021549,0.6204390327537088,0.6124142660021549,0.6204390327537088,0.6124142660021549,0.6204390327537088,0.6124142660021549,0.6204390327537088,0.6124142660021549,0.6204390327537088,0.6124142660021549,0.6204390327537088,0.04585985555344273,0.04919177812787983,0.04585985555344273,0.04919177812787983,0.04585985555344273,0.04919177812787983,0.6124142660021549,0.6204390327537088,0.6124142660021549,0.6204390327537088,0.6124142660021549,0.6204390327537088
0.674,0.674,0.0211679927938747,0.674,0.749,0.749,0.0252427184466019,0.749,0.5769343881246993,0.5773479075346813,0.5769343881246993,0.5773479075346813,0.5769343881246993,0.5773479075346813,0.5769343881246993,0.5773479075346813,0.5769343881246993,0.5773479075346813,0.5769343881246993,0.5773479075346813,0.029867270622517463,0.04168915586643915,0.029867270622517463,0.04168915586643915,0.029867270622517463,0.04168915586643915,0.5769343881246993,0.5773479075346813,0.5769343881246993,0.5773479075346813,0.5769343881246993,0.5773479075346813
0.652,0.652,0.0488476844360867,0.652,0.734,0.734,0.0342163355408388,0.734,0.5778293628637825,0.5861331758466072,0.5778293628637825,0.5861331758466072,0.5778293628637825,0.5861331758466072,0.5778293628637825,0.5861331758466072,0.5778293628637825,0.5861331758466072,0.5778293628637825,0.5861331758466072,0.053853205006545495,0.05469068382926954,0.053853205006545495,0.05469068382926954,0.053853205006545495,0.05469068382926954,0.5778293628637825,0.5861331758466072,0.5778293628637825,0.5861331758466072,0.5778293628637825,0.5861331758466072
0.616,0.616,0.0805302275687686,0.616,0.742,0.742,0.054785788081508,0.742,0.5650719484204687,0.5815712683553553,0.5650719484204687,0.5815712683553553,0.5650719484204687,0.5815712683553553,0.5650719484204687,0.5815712683553553,0.5650719484204687,0.5815712683553553,0.5650719484204687,0.5815712683553553,0.08000314143379775,0.08531034104460346,0.08000314143379775,0.08531034104460346,0.08000314143379775,0.08531034104460346,0.5650719484204687,0.5815712683553553,0.5650719484204687,0.5815712683553553,0.5650719484204687,0.5815712683553553
0.594,0.594,0.1003368197128168,0.594,0.723,0.723,0.0759890586430047,0.723,0.5546830661312422,0.5680874782025299,0.5546830661312422,0.5680874782025299,0.5546830661312422,0.5680874782025299,0.5546830661312422,0.5680874782025299,0.5546830661312422,0.5680874782025299,0.5546830661312422,0.5680874782025299,0.07669803182578608,0.0703846642663332,0.07669803182578608,0.0703846642663332,0.07669803182578608,0.0703846642663332,0.5546830661312422,0.5680874782025299,0.5546830661312422,0.5680874782025299,0.5546830661312422,0.5680874782025299
0.586,0.586,0.1282999322011058,0.586,0.715,0.715,0.0525769905856072,0.715,0.5762785465309203,0.5745664269349253,0.5762785465309203,0.5745664269349253,0.5762785465309203,0.5745664269349253,0.5762785465309203,0.5745664269349253,0.5762785465309203,0.5745664269349253,0.5762785465309203,0.5745664269349253,0.08721724890836752,0.11374155976456135,0.08721724890836752,0.11374155976456135,0.08721724890836752,0.11374155976456135,0.5762785465309203,0.5745664269349253,0.5762785465309203,0.5745664269349253,0.5762785465309203,0.5745664269349253
0.592,0.592,0.1654120573411011,0.592,0.684,0.684,0.0354502554835874,0.684,0.5672524486073032,0.5749667091551434,0.5672524486073032,0.5749667091551434,0.5672524486073032,0.5749667091551434,0.5672524486073032,0.5749667091551434,0.5672524486073032,0.5749667091551434,0.5672524486073032,0.5749667091551434,0.13248008209040096,0.1380793068684602,0.13248008209040096,0.1380793068684602,0.13248008209040096,0.1380793068684602,0.5672524486073032,0.5749667091551434,0.5672524486073032,0.5749667091551434,0.5672524486073032,0.5749667091551434
0.619,0.619,0.2282762811423941,0.619,0.677,0.677,0.0297736338732158,0.677,0.5653492552691314,0.5754311084836041,0.5653492552691314,0.5754311084836041,0.5653492552691314,0.5754311084836041,0.5653492552691314,0.5754311084836041,0.5653492552691314,0.5754311084836041,0.5653492552691314,0.5754311084836041,0.149780417395898,0.14880187356566238,0.149780417395898,0.14880187356566238,0.149780417395898,0.14880187356566238,0.5653492552691314,0.5754311084836041,0.5653492552691314,0.5754311084836041,0.5653492552691314,0.5754311084836041
0.614,0.614,0.2133975114016604,0.614,0.674,0.674,0.0211679927938747,0.674,0.5686278266249484,0.5728565413025429,0.5686278266249484,0.5728565413025429,0.5686278266249484,0.5728565413025429,0.5686278266249484,0.5728565413025429,0.5686278266249484,0.5728565413025429,0.5686278266249484,0.5728565413025429,0.15653249047694923,0.14437445348186778,0.15653249047694923,0.14437445348186778,0.15653249047694923,0.14437445348186778,0.5686278266249484,0.5728565413025429,0.5686278266249484,0.5728565413025429,0.5686278266249484,0.5728565413025429
0.63,0.63,0.2371228397174467,0.63,0.652,0.652,0.0488476844360867,0.652,0.5786215161095173,0.5729897780959007,0.5786215161095173,0.5729897780959007,0.5786215161095173,0.5729897780959007,0.5786215161095173,0.5729897780959007,0.5786215161095173,0.5729897780959007,0.5786215161095173,0.5729897780959007,0.13245470462493078,0.1370426208929789,0.13245470462493078,0.1370426208929789,0.13245470462493078,0.1370426208929789,0.5786215161095173,0.5729897780959007,0.5786215161095173,0.5729897780959007,0.5786215161095173,0.5729897780959007
0.63,0.63,0.2438609685119183,0.63,0.616,0.616,0.0805302275687686,0.616,0.5805137042334534,0.5822858930326359,0.5805137042334534,0.5822858930326359,0.5805137042334534,0.5822858930326359,0.5805137042334534,0.5822858930326359,0.5805137042334534,0.5822858930326359,0.5805137042334534,0.5822858930326359,0.16702997350294876,0.16603095143338267,0.16702997350294876,0.16603095143338267,0.16702997350294876,0.16603095143338267,0.5805137042334534,0.5822858930326359,0.5805137042334534,0.5822858930326359,0.5805137042334534,0.5822858930326359
0.625,0.625,0.2401523747771113,0.625,0.594,0.594,0.1003368197128168,0.594,0.5911469775036099,0.5908964325503258,0.5911469775036099,0.5908964325503258,0.5911469775036099,0.5908964325503258,0.5911469775036099,0.5908964325503258,0.5911469775036099,0.5908964325503258,0.5911469775036099,0.5908964325503258,0.19049249333432897,0.19947833401105775,0.19049249333432897,0.19947833401105775,0.19049249333432897,0.19947833401105775,0.5911469775036099,0.5908964325503258,0.5911469775036099,0.5908964325503258,0.5911469775036099,0.5908964325503258
0.611,0.611,0.2137919883584622,0.611,0.586,0.586,0.1282999322011058,0.586,0.6167075783600582,0.6197932908674987,0.6167075783600582,0.6197932908674987,0.6167075783600582,0.6197932908674987,0.6167075783600582,0.6197932908674987,0.6167075783600582,0.6197932908674987,0.6167075783600582,0.6197932908674987,0.2278207314797794,0.22918521917442083,0.2278207314797794,0.22918521917442083,0.2278207314797794,0.22918521917442083,0.6167075783600582,0.6197932908674987,0.6167075783600582,0.6197932908674987,0.6167075783600582,0.6197932908674987
0.607,0.607,0.2003353301211096,0.607,0.592,0.592,0.1654120573411011,0.592,0.596963351961035,0.6025555188091393,0.596963351961035,0.6025555188091393,0.596963351961035,0.6025555188091393,0.596963351961035,0.6025555188091393,0.596963351961035,0.6025555188091393,0.596963351961035,0.6025555188091393,0.19964605437267216,0.2305376783204198,0.19964605437267216,0.2305376783204198,0.19964605437267216,0.2305376783204198,0.596963351961035,0.6025555188091393,0.596963351961035,0.6025555188091393,0.596963351961035,0.6025555188091393
0.621,0.621,0.2382889437338713,0.621,0.619,0.619,0.2282762811423941,0.619,0.5964815253887007,0.6010354738341785,0.5964815253887007,0.6010354738341785,0.5964815253887007,0.6010354738341785,0.5964815253887007,0.6010354738341785,0.5964815253887007,0.6010354738341785,0.5964815253887007,0.6010354738341785,0.21966508086548486,0.20545748306690198,0.21966508086548486,0.20545748306690198,0.21966508086548486,0.20545748306690198,0.5964815253887007,0.6010354738341785,0.5964815253887007,0.6010354738341785,0.5964815253887007,0.6010354738341785
0.63,0.63,0.2567176652095655,0.63,0.614,0.614,0.2133975114016604,0.614,0.5816893677209704,0.607644928647431,0.5816893677209704,0.607644928647431,0.5816893677209704,0.607644928647431,0.5816893677209704,0.607644928647431,0.5816893677209704,0.607644928647431,0.5816893677209704,0.607644928647431,0.20860294461628207,0.2181234317385387,0.20860294461628207,0.2181234317385387,0.20860294461628207,0.2181234317385387,0.5816893677209704,0.607644928647431,0.5816893677209704,0.607644928647431,0.5816893677209704,0.607644928647431
0.616,0.616,0.2294572087890037,0.616,0.63,0.63,0.2371228397174467,0.63,0.5756468945479492,0.5867249469079644,0.5756468945479492,0.5867249469079644,0.5756468945479492,0.5867249469079644,0.5756468945479492,0.5867249469079644,0.5756468945479492,0.5867249469079644,0.5756468945479492,0.5867249469079644,0.20011335742990624,0.19917004524964088,0.20011335742990624,0.19917004524964088,0.20011335742990624,0.19917004524964088,0.5756468945479492,0.5867249469079644,0.5756468945479492,0.5867249469079644,0.5756468945479492,0.5867249469079644
0.615,0.615,0.2271062859345389,0.615,0.63,0.63,0.2438609685119183,0.63,0.5990427725782159,0.5993505359254366,0.5990427725782159,0.5993505359254366,0.5990427725782159,0.5993505359254366,0.5990427725782159,0.5993505359254366,0.5990427725782159,0.5993505359254366,0.5990427725782159,0.5993505359254366,0.21331076934008192,0.21688619083659347,0.21331076934008192,0.21688619083659347,0.21331076934008192,0.21688619083659347,0.5990427725782159,0.5993505359254366,0.5990427725782159,0.5993505359254366,0.5990427725782159,0.5993505359254366
0.606,0.606,0.2092672275383726,0.606,0.625,0.625,0.2401523747771113,0.625,0.6088751911506985,0.6038126436378739,0.6088751911506985,0.6038126436378739,0.6088751911506985,0.6038126436378739,0.6088751911506985,0.6038126436378739,0.6088751911506985,0.6038126436378739,0.6088751911506985,0.6038126436378739,0.21882757256438756,0.22608488899335852,0.21882757256438756,0.22608488899335852,0.21882757256438756,0.22608488899335852,0.6088751911506985,0.6038126436378739,0.6088751911506985,0.6038126436378739,0.6088751911506985,0.6038126436378739
0.614,0.614,0.2282315305408376,0.614,0.611,0.611,0.2137919883584622,0.611,0.6279459744478726,0.6377235760417801,0.6279459744478726,0.6377235760417801,0.6279459744478726,0.6377235760417801,0.6279459744478726,0.6377235760417801,0.6279459744478726,0.6377235760417801,0.6279459744478726,0.6377235760417801,0.21646352256560966,0.2087807143082897,0.21646352256560966,0.2087807143082897,0.21646352256560966,0.2087807143082897,0.6279459744478726,0.6377235760417801,0.6279459744478726,0.6377235760417801,0.6279459744478726,0.6377235760417801
0.606,0.606,0.2175211706201045,0.606,0.607,0.607,0.2003353301211096,0.607,0.6131677678332843,0.6313471055486006,0.6131677678332843,0.6313471055486006,0.6131677678332843,0.6313471055486006,0.6131677678332843,0.6313471055486006,0.6131677678332843,0.6313471055486006,0.6131677678332843,0.6313471055486006,0.21788991151228218,0.2186655396575578,0.21788991151228218,0.2186655396575578,0.21788991151228218,0.2186655396575578,0.6131677678332843,0.6313471055486006,0.6131677678332843,0.6313471055486006,0.6131677678332843,0.6313471055486006
0.587,0.587,0.1838460808802605,0.587,0.621,0.621,0.2382889437338713,0.621,0.6042700228225765,0.6234828703403986,0.6042700228225765,0.6234828703403986,0.6042700228225765,0.6234828703403986,0.6042700228225765,0.6234828703403986,0.6042700228225765,0.6234828703403986,0.6042700228225765,0.6234828703403986,0.2512833842889011,0.2612300013730533,0.2512833842889011,0.2612300013730533,0.2512833842889011,0.2612300013730533,0.6042700228225765,0.6234828703403986,0.6042700228225765,0.6234828703403986,0.6042700228225765,0.6234828703403986
0.601,0.601,0.2142761494411318,0.601,0.63,0.63,0.2567176652095655,0.63,0.5815908595562945,0.5900944699504364,0.5815908595562945,0.5900944699504364,0.5815908595562945,0.5900944699504364,0.5815908595562945,0.5900944699504364,0.5815908595562945,0.5900944699504364,0.5815908595562945,0.5900944699504364,0.21709395930719813,0.23029606319143853,0.21709395930719813,0.23029606319143853,0.21709395930719813,0.23029606319143853,0.5815908595562945,0.5900944699504364,0.5815908595562945,0.5900944699504364,0.5815908595562945,0.5900944699504364
0.604,0.604,0.2224774695175825,0.604,0.616,0.616,0.2294572087890037,0.616,0.5980160309217547,0.6074683067423398,0.5980160309217547,0.6074683067423398,0.5980160309217547,0.6074683067423398,0.5980160309217547,0.6074683067423398,0.5980160309217547,0.6074683067423398,0.5980160309217547,0.6074683067423398,0.24414829407913174,0.25706491537038123,0.24414829407913174,0.25706491537038123,0.24414829407913174,0.25706491537038123,0.5980160309217547,0.6074683067423398,0.5980160309217547,0.6074683067423398,0.5980160309217547,0.6074683067423398
0.609,0.609,0.2303695013739183,0.609,0.615,0.615,0.2271062859345389,0.615,0.5828681261994373,0.5837415244995398,0.5828681261994373,0.5837415244995398,0.5828681261994373,0.5837415244995398,0.5828681261994373,0.5837415244995398,0.5828681261994373,0.5837415244995398,0.5828681261994373,0.5837415244995398,0.23497288641255387,0.24087680232916794,0.23497288641255387,0.24087680232916794,0.23497288641255387,0.24087680232916794,0.5828681261994373,0.5837415244995398,0.5828681261994373,0.5837415244995398,0.5828681261994373,0.5837415244995398
0.597,0.597,0.2040418085434162,0.597,0.606,0.606,0.2092672275383726,0.606,0.5834059647957492,0.5763014508979095,0.5834059647957492,0.5763014508979095,0.5834059647957492,0.5763014508979095,0.5834059647957492,0.5763014508979095,0.5834059647957492,0.5763014508979095,0.5834059647957492,0.5763014508979095,0.21956507430036945,0.19495710939720545,0.21956507430036945,0.19495710939720545,0.21956507430036945,0.19495710939720545,0.5834059647957492,0.5763014508979095,0.5834059647957492,0.5763014508979095,0.5834059647957492,0.5763014508979095
0.601,0.601,0.2156477295065855,0.601,0.614,0.614,0.2282315305408376,0.614,0.5936041235553736,0.5727833205011632,0.5936041235553736,0.5727833205011632,0.5936041235553736,0.5727833205011632,0.5936041235553736,0.5727833205011632,0.5936041235553736,0.5727833205011632,0.5936041235553736,0.5727833205011632,0.21104532465677395,0.15888186183918615,0.21104532465677395,0.15888186183918615,0.21104532465677395,0.15888186183918615,0.5936041235553736,0.5727833205011632,0.5936041235553736,0.5727833205011632,0.5936041235553736,0.5727833205011632
0.587,0.587,0.1909131514814321,0.587,0.606,0.606,0.2175211706201045,0.606,0.5704075981626721,0.5596133963106671,0.5704075981626721,0.5596133963106671,0.5704075981626721,0.5596133963106671,0.5704075981626721,0.5596133963106671,0.5704075981626721,0.5596133963106671,0.5704075981626721,0.5596133963106671,0.1628002728090335,0.1497393572778565,0.1628002728090335,0.1497393572778565,0.1628002728090335,0.1497393572778565,0.5704075981626721,0.5596133963106671,0.5704075981626721,0.5596133963106671,0.5704075981626721,0.5596133963106671
0.595,0.595,0.2135006020118849,0.595,0.587,0.587,0.1838460808802605,0.587,0.5810041606446416,0.5828242816482603,0.5810041606446416,0.5828242816482603,0.5810041606446416,0.5828242816482603,0.5810041606446416,0.5828242816482603,0.5810041606446416,0.5828242816482603,0.5810041606446416,0.5828242816482603,0.1800771126436139,0.1604083063792347,0.1800771126436139,0.1604083063792347,0.1800771126436139,0.1604083063792347,0.5810041606446416,0.5828242816482603,0.5810041606446416,0.5828242816482603,0.5810041606446416,0.5828242816482603
0.588,0.588,0.2061136953095192,0.588,0.601,0.601,0.2142761494411318,0.601,0.6046553694096408,0.6097782739153115,0.6046553694096408,0.6097782739153115,0.6046553694096408,0.6097782739153115,0.6046553694096408,0.6097782739153115,0.6046553694096408,0.6097782739153115,0.6046553694096408,0.6097782739153115,0.1876427052712171,0.18405086955000294,0.1876427052712171,0.18405086955000294,0.1876427052712171,0.18405086955000294,0.6046553694096408,0.6097782739153115,0.6046553694096408,0.6097782739153115,0.6046553694096408,0.6097782739153115
0.612,0.612,0.2486444616576296,0.612,0.604,0.604,0.2224774695175825,0.604,0.5924157291001002,0.602641489637826,0.5924157291001002,0.602641489637826,0.5924157291001002,0.602641489637826,0.5924157291001002,0.602641489637826,0.5924157291001002,0.602641489637826,0.5924157291001002,0.602641489637826,0.22486565822289464,0.23552245759561408,0.22486565822289464,0.23552245759561408,0.22486565822289464,0.23552245759561408,0.5924157291001002,0.602641489637826,0.5924157291001002,0.602641489637826,0.5924157291001002,0.602641489637826
0.599,0.599,0.2187317346883109,0.599,0.609,0.609,0.2303695013739183,0.609,0.5986987437745324,0.6053128995250601,0.5986987437745324,0.6053128995250601,0.5986987437745324,0.6053128995250601,0.5986987437745324,0.6053128995250601,0.5986987437745324,0.6053128995250601,0.5986987437745324,0.6053128995250601,0.23110679818653304,0.23034046337201558,0.23110679818653304,0.23034046337201558,0.23110679818653304,0.23034046337201558,0.5986987437745324,0.6053128995250601,0.5986987437745324,0.6053128995250601,0.5986987437745324,0.6053128995250601
0.6,0.6,0.2217141745305964,0.6,0.597,0.597,0.2040418085434162,0.597,0.5974400561270653,0.5948650366978655,0.5974400561270653,0.5948650366978655,0.5974400561270653,0.5948650366978655,0.5974400561270653,0.5948650366978655,0.5974400561270653,0.5948650366978655,0.5974400561270653,0.5948650366978655,0.20422630570625472,0.20515184937908987,0.20422630570625472,0.20515184937908987,0.20422630570625472,0.20515184937908987,0.5974400561270653,0.5948650366978655,0.5974400561270653,0.5948650366978655,0.5974400561270653,0.5948650366978655
0.601,0.601,0.2245440552264563,0.601,0.601,0.601,0.2156477295065855,0.601,0.6031641897551464,0.6058778826320593,0.6031641897551464,0.6058778826320593,0.6031641897551464,0.6058778826320593,0.6031641897551464,0.6058778826320593,0.6031641897551464,0.6058778826320593,0.6031641897551464,0.6058778826320593,0.2113900562343075,0.21311367788732524,0.2113900562343075,0.21311367788732524,0.2113900562343075,0.21311367788732524,0.6031641897551464,0.6058778826320593,0.6031641897551464,0.6058778826320593,0.6031641897551464,0.6058778826320593
0.599,0.599,0.2227175809265361,0.599,0.587,0.587,0.1909131514814321,0.587,0.5989790306399054,0.5947055990652994,0.5989790306399054,0.5947055990652994,0.5989790306399054,0.5947055990652994,0.5989790306399054,0.5947055990652994,0.5989790306399054,0.5947055990652994,0.5989790306399054,0.5947055990652994,0.20589246328388006,0.20840983715122668,0.20589246328388006,0.20840983715122668,0.20589246328388006,0.20840983715122668,0.5989790306399054,0.5947055990652994,0.5989790306399054,0.5947055990652994,0.5989790306399054,0.5947055990652994
0.582,0.582,0.1921175410995705,0.582,0.595,0.595,0.2135006020118849,0.595,0.6013185699715716,0.6015162189962749,0.6013185699715716,0.6015162189962749,0.6013185699715716,0.6015162189962749,0.6013185699715716,0.6015162189962749,0.6013185699715716,0.6015162189962749,0.6013185699715716,0.6015162189962749,0.217603499836302,0.21091798313454313,0.217603499836302,0.21091798313454313,0.217603499836302,0.21091798313454313,0.6013185699715716,0.6015162189962749,0.6013185699715716,0.6015162189962749,0.6013185699715716,0.6015162189962749
0.612,0.612,0.2515634222841204,0.612,0.588,0.588,0.2061136953095192,0.588,0.5972968764469024,0.6052511634360748,0.5972968764469024,0.6052511634360748,0.5972968764469024,0.6052511634360748,0.5972968764469024,0.6052511634360748,0.5972968764469024,0.6052511634360748,0.5972968764469024,0.6052511634360748,0.22247895304748735,0.19907722028310942,0.22247895304748735,0.19907722028310942,0.22247895304748735,0.19907722028310942,0.5972968764469024,0.6052511634360748,0.5972968764469024,0.6052511634360748,0.5972968764469024,0.6052511634360748
0.591,0.591,0.2129893320607748,0.591,0.612,0.612,0.2486444616576296,0.612,0.607369428467301,0.6143240822274738,0.607369428467301,0.6143240822274738,0.607369428467301,0.6143240822274738,0.607369428467301,0.6143240822274738,0.607369428467301,0.6143240822274738,0.607369428467301,0.6143240822274738,0.21669189630783975,0.21280596486512973,0.21669189630783975,0.21280596486512973,0.21669189630783975,0.21280596486512973,0.607369428467301,0.6143240822274738,0.607369428467301,0.6143240822274738,0.607369428467301,0.6143240822274738
0.6,0.6,0.2214778685621085,0.6,0.599,0.599,0.2187317346883109,0.599,0.6269653642353887,0.6185509785556175,0.6269653642353887,0.6185509785556175,0.6269653642353887,0.6185509785556175,0.6269653642353887,0.6185509785556175,0.6269653642353887,0.6185509785556175,0.6269653642353887,0.6185509785556175,0.2540715023422419,0.24050746682669194,0.2540715023422419,0.24050746682669194,0.2540715023422419,0.24050746682669194,0.6269653642353887,0.6185509785556175,0.6269653642353887,0.6185509785556175,0.6269653642353887,0.6185509785556175
0.573,0.573,0.1700809316861934,0.573,0.6,0.6,0.2217141745305964,0.6,0.61055927099879,0.6040306174334855,0.61055927099879,0.6040306174334855,0.61055927099879,0.6040306174334855,0.61055927099879,0.6040306174334855,0.61055927099879,0.6040306174334855,0.61055927099879,0.6040306174334855,0.23269015989977157,0.2149544701798706,0.23269015989977157,0.2149544701798706,0.23269015989977157,0.2149544701798706,0.61055927099879,0.6040306174334855,0.61055927099879,0.6040306174334855,0.61055927099879,0.6040306174334855
0.57,0.57,0.1737411081092507,0.57,0.601,0.601,0.2245440552264563,0.601,0.6074200102206241,0.6064830589225855,0.6074200102206241,0.6064830589225855,0.6074200102206241,0.6064830589225855,0.6074200102206241,0.6064830589225855,0.6074200102206241,0.6064830589225855,0.6074200102206241,0.6064830589225855,0.2296516372349765,0.2355296029469968,0.2296516372349765,0.2355296029469968,0.2296516372349765,0.2355296029469968,0.6074200102206241,0.6064830589225855,0.6074200102206241,0.6064830589225855,0.6074200102206241,0.6064830589225855
0.58,0.58,0.1892987434130524,0.58,0.599,0.599,0.2227175809265361,0.599,0.6028481999199038,0.6094265382576447,0.6028481999199038,0.6094265382576447,0.6028481999199038,0.6094265382576447,0.6028481999199038,0.6094265382576447,0.6028481999199038,0.6094265382576447,0.6028481999199038,0.6094265382576447,0.2090543363976042,0.2032489957452482,0.2090543363976042,0.2032489957452482,0.2090543363976042,0.2032489957452482,0.6028481999199038,0.6094265382576447,0.6028481999199038,0.6094265382576447,0.6028481999199038,0.6094265382576447
0.603,0.603,0.2249424075592518,0.603,0.582,0.582,0.1921175410995705,0.582,0.6261999494487687,0.6231717305381842,0.6261999494487687,0.6231717305381842,0.6261999494487687,0.6231717305381842,0.6261999494487687,0.6231717305381842,0.6261999494487687,0.6231717305381842,0.6261999494487687,0.6231717305381842,0.25263796262764354,0.25693098911457213,0.25263796262764354,0.25693098911457213,0.25263796262764354,0.25693098911457213,0.6261999494487687,0.6231717305381842,0.6261999494487687,0.6231717305381842,0.6261999494487687,0.6231717305381842
0.62,0.62,0.2589703588143525,0.62,0.612,0.612,0.2515634222841204,0.612,0.6369396047061117,0.6435644245573244,0.6369396047061117,0.6435644245573244,0.6369396047061117,0.6435644245573244,0.6369396047061117,0.6435644245573244,0.6369396047061117,0.6435644245573244,0.6369396047061117,0.6435644245573244,0.27254668152957806,0.27276965515869345,0.27254668152957806,0.27276965515869345,0.27254668152957806,0.27276965515869345,0.6369396047061117,0.6435644245573244,0.6369396047061117,0.6435644245573244,0.6369396047061117,0.6435644245573244
0.625,0.625,0.2754967194491456,0.625,0.591,0.591,0.2129893320607748,0.591,0.6220369125928544,0.6315262479647274,0.6220369125928544,0.6315262479647274,0.6220369125928544,0.6315262479647274,0.6220369125928544,0.6315262479647274,0.6220369125928544,0.6315262479647274,0.6220369125928544,0.6315262479647274,0.2575866093170038,0.2540127776413547,0.2575866093170038,0.2540127776413547,0.2575866093170038,0.2540127776413547,0.6220369125928544,0.6315262479647274,0.6220369125928544,0.6315262479647274,0.6220369125928544,0.6315262479647274
0.61,0.61,0.2468919811375407,0.61,0.6,0.6,0.2214778685621085,0.6,0.6185590636455868,0.6134534179474058,0.6185590636455868,0.6134534179474058,0.6185590636455868,0.6134534179474058,0.6185590636455868,0.6134534179474058,0.6185590636455868,0.6134534179474058,0.6185590636455868,0.6134534179474058,0.2512658164375553,0.25555962053452586,0.2512658164375553,0.25555962053452586,0.2512658164375553,0.25555962053452586,0.6185590636455868,0.6134534179474058,0.6185590636455868,0.6134534179474058,0.6185590636455868,0.6134534179474058
0.579,0.579,0.1962581137838869,0.579,0.573,0.573,0.1700809316861934,0.573,0.6223607197319624,0.6257497933262439,0.6223607197319624,0.6257497933262439,0.6223607197319624,0.6257497933262439,0.6223607197319624,0.6257497933262439,0.6223607197319624,0.6257497933262439,0.6223607197319624,0.6257497933262439,0.2521035773703408,0.25766684016978686,0.2521035773703408,0.25766684016978686,0.2521035773703408,0.25766684016978686,0.6223607197319624,0.6257497933262439,0.6223607197319624,0.6257497933262439,0.6223607197319624,0.6257497933262439
0.577,0.577,0.1884798673941571,0.577,0.57,0.57,0.1737411081092507,0.57,0.6436309227276594,0.6210172585385595,0.6436309227276594,0.6210172585385595,0.6436309227276594,0.6210172585385595,0.6436309227276594,0.6210172585385595,0.6436309227276594,0.6210172585385595,0.6436309227276594,0.6210172585385595,0.2684166512935803,0.2637087609026764,0.2684166512935803,0.2637087609026764,0.2684166512935803,0.2637087609026764,0.6436309227276594,0.6210172585385595,0.6436309227276594,0.6210172585385595,0.6436309227276594,0.6210172585385595
0.566,0.566,0.1806744899037952,0.566,0.58,0.58,0.1892987434130524,0.58,0.6208156008602695,0.622288350729632,0.6208156008602695,0.622288350729632,0.6208156008602695,0.622288350729632,0.6208156008602695,0.622288350729632,0.6208156008602695,0.622288350729632,0.6208156008602695,0.622288350729632,0.2723428337155004,0.260708573885515,0.2723428337155004,0.260708573885515,0.2723428337155004,0.260708573885515,0.6208156008602695,0.622288350729632,0.6208156008602695,0.622288350729632,0.6208156008602695,0.622288350729632
0.599,0.599,0.2370275659466947,0.599,0.603,0.603,0.2249424075592518,0.603,0.6072643034646306,0.6057285118708969,0.6072643034646306,0.6057285118708969,0.6072643034646306,0.6057285118708969,0.6072643034646306,0.6057285118708969,0.6072643034646306,0.6057285118708969,0.6072643034646306,0.6057285118708969,0.2614536512229673,0.22735064559392903,0.2614536512229673,0.22735064559392903,0.2614536512229673,0.22735064559392903,0.6072643034646306,0.6057285118708969,0.6072643034646306,0.6057285118708969,0.6072643034646306,0.6057285118708969
0.578,0.578,0.2003244181507408,0.578,0.62,0.62,0.2589703588143525,0.62,0.6021850937628128,0.5825503098875624,0.6021850937628128,0.5825503098875624,0.6021850937628128,0.5825503098875624,0.6021850937628128,0.5825503098875624,0.6021850937628128,0.5825503098875624,0.6021850937628128,0.5825503098875624,0.19765286037043414,0.21074783568432148,0.19765286037043414,0.21074783568432148,0.19765286037043414,0.21074783568432148,0.6021850937628128,0.5825503098875624,0.6021850937628128,0.5825503098875624,0.6021850937628128,0.5825503098875624
0.593,0.593,0.1997640581989775,0.593,0.625,0.625,0.2754967194491456,0.625,0.5970425254717502,0.6009310749656134,0.5970425254717502,0.6009310749656134,0.5970425254717502,0.6009310749656134,0.5970425254717502,0.6009310749656134,0.5970425254717502,0.6009310749656134,0.5970425254717502,0.6009310749656134,0.18004384527544048,0.1706163230420825,0.18004384527544048,0.1706163230420825,0.18004384527544048,0.1706163230420825,0.5970425254717502,0.6009310749656134,0.5970425254717502,0.6009310749656134,0.5970425254717502,0.6009310749656134
0.641,0.641,0.2083792723263505,0.641,0.61,0.61,0.2468919811375407,0.61,0.6587943792567299,0.6466684589088475,0.6587943792567299,0.6466684589088475,0.6587943792567299,0.6466684589088475,0.6587943792567299,0.6466684589088475,0.6587943792567299,0.6466684589088475,0.6587943792567299,0.6466684589088475,0.21155517706014204,0.17949937238491515,0.21155517706014204,0.17949937238491515,0.21155517706014204,0.17949937238491515,0.6587943792567299,0.6466684589088475,0.6587943792567299,0.6466684589088475,0.6587943792567299,0.6466684589088475
0.683,0.683,0.1708603174271036,0.683,0.579,0.579,0.1962581137838869,0.579,0.7169458548360654,0.6882049374312306,0.7169458548360654,0.6882049374312306,0.7169458548360654,0.6882049374312306,0.7169458548360654,0.6882049374312306,0.7169458548360654,0.6882049374312306,0.7169458548360654,0.6882049374312306,0.15118704527643384,0.1937466132748901,0.15118704527643384,0.1937466132748901,0.15118704527643384,0.1937466132748901,0.7169458548360654,0.6882049374312306,0.7169458548360654,0.6882049374312306,0.7169458548360654,0.6882049374312306
0.711,0.711,0.0356122694145599,0.711,0.577,0.577,0.1884798673941571,0.577,0.7402850332934656,0.7423252759178606,0.7402850332934656,0.7423252759178606,0.7402850332934656,0.7423252759178606,0.7402850332934656,0.7423252759178606,0.7402850332934656,0.7423252759178606,0.7402850332934656,0.7423252759178606,0.029877747146934062,0.018642423368408226,0.029877747146934062,0.018642423368408226,0.029877747146934062,0.018642423368408226,0.7402850332934656,0.7423252759178606,0.7402850332934656,0.7423252759178606,0.7402850332934656,0.7423252759178606
0.685,0.685,0.0358953012903697,0.685,0.566,0.566,0.1806744899037952,0.566,0.7398581190424874,0.7410652982393027,0.7398581190424874,0.7410652982393027,0.7398581190424874,0.7410652982393027,0.7398581190424874,0.7410652982393027,0.7398581190424874,0.7410652982393027,0.7398581190424874,0.7410652982393027,0.03276430703249242,0.0219178348812899,0.03276430703249242,0.0219178348812899,0.03276430703249242,0.0219178348812899,0.7398581190424874,0.7410652982393027,0.7398581190424874,0.7410652982393027,0.7398581190424874,0.7410652982393027
0.668,0.668,0.0271005251312829,0.668,0.599,0.599,0.2370275659466947,0.599,0.7360757451623563,0.7384814302518309,0.7360757451623563,0.7384814302518309,0.7360757451623563,0.7384814302518309,0.7360757451623563,0.7384814302518309,0.7360757451623563,0.7384814302518309,0.7360757451623563,0.7384814302518309,0.031419089990360465,0.025470577752996593,0.031419089990360465,0.025470577752996593,0.031419089990360465,0.025470577752996593,0.7360757451623563,0.7384814302518309,0.7360757451623563,0.7384814302518309,0.7360757451623563,0.7384814302518309
0.657,0.657,0.0321233464264753,0.657,0.578,0.578,0.2003244181507408,0.578,0.7348810449836879,0.7354606483416373,0.7348810449836879,0.7354606483416373,0.7348810449836879,0.7354606483416373,0.7348810449836879,0.7354606483416373,0.7348810449836879,0.7354606483416373,0.7348810449836879,0.7354606483416373,0.04618346770392434,0.042006788571554106,0.04618346770392434,0.042006788571554106,0.04618346770392434,0.042006788571554106,0.7348810449836879,0.7354606483416373,0.7348810449836879,0.7354606483416373,0.7348810449836879,0.7354606483416373
0.641,0.641,0.0521201879917622,0.641,0.593,0.593,0.1997640581989775,0.593,0.7230945237541846,0.7254433427672633,0.7230945237541846,0.7254433427672633,0.7230945237541846,0.7254433427672633,0.7230945237541846,0.7254433427672633,0.7230945237541846,0.7254433427672633,0.7230945237541846,0.7254433427672633,0.049510741237251646,0.04997305339344982,0.049510741237251646,0.04997305339344982,0.049510741237251646,0.04997305339344982,0.7230945237541846,0.7254433427672633,0.7230945237541846,0.7254433427672633,0.7230945237541846,0.7254433427672633
0.628,0.628,0.0409948904620239,0.628,0.641,0.641,0.2083792723263505,0.641,0.7168649776616389,0.7141600765368703,0.7168649776616389,0.7141600765368703,0.7168649776616389,0.7141600765368703,0.7168649776616389,0.7141600765368703,0.7168649776616389,0.7141600765368703,0.7168649776616389,0.7141600765368703,0.044047064002940874,0.03360982153156057,0.044047064002940874,0.03360982153156057,0.044047064002940874,0.03360982153156057,0.7168649776616389,0.7141600765368703,0.7168649776616389,0.7141600765368703,0.7168649776616389,0.7141600765368703
0.592,0.592,0.0284094968208986,0.592,0.683,0.683,0.1708603174271036,0.683,0.6833771804147751,0.6909974795034386,0.6833771804147751,0.6909974795034386,0.6833771804147751,0.6909974795034386,0.6833771804147751,0.6909974795034386,0.6833771804147751,0.6909974795034386,0.6833771804147751,0.6909974795034386,0.030884190765375286,0.03612160178219444,0.030884190765375286,0.03612160178219444,0.030884190765375286,0.03612160178219444,0.6833771804147751,0.6909974795034386,0.6833771804147751,0.6909974795034386,0.6833771804147751,0.6909974795034386
0.58,0.58,0.0242542514636187,0.58,0.711,0.711,0.0356122694145599,0.711,0.665481225410002,0.6753502095086158,0.665481225410002,0.6753502095086158,0.665481225410002,0.6753502095086158,0.665481225410002,0.6753502095086158,0.665481225410002,0.6753502095086158,0.665481225410002,0.6753502095086158,0.025631458719542123,0.03360678778666286,0.025631458719542123,0.03360678778666286,0.025631458719542123,0.03360678778666286,0.665481225410002,0.6753502095086158,0.665481225410002,0.6753502095086158,0.665481225410002,0.6753502095086158
0.586,0.586,0.0188085396837436,0.586,0.685,0.685,0.0358953012903697,0.685,0.6614476264707877,0.6672971662140695,0.6614476264707877,0.6672971662140695,0.6614476264707877,0.6672971662140695,0.6614476264707877,0.6672971662140695,0.6614476264707877,0.6672971662140695,0.6614476264707877,0.6672971662140695,0.023464453241720192,0.012819893226686627,0.023464453241720192,0.012819893226686627,0.023464453241720192,0.012819893226686627,0.6614476264707877,0.6672971662140695,0.6614476264707877,0.6672971662140695,0.6614476264707877,0.6672971662140695
0.586,0.586,0.0654121216499313,0.586,0.668,0.668,0.0271005251312829,0.668,0.6592047793905537,0.6585205270462012,0.6592047793905537,0.6585205270462012,0.6592047793905537,0.6585205270462012,0.6592047793905537,0.6585205270462012,0.6592047793905537,0.6585205270462012,0.6592047793905537,0.6585205270462012,0.055747374728901615,0.06868510862346669,0.055747374728901615,0.06868510862346669,0.055747374728901615,0.06868510862346669,0.6592047793905537,0.6585205270462012,0.6592047793905537,0.6585205270462012,0.6592047793905537,0.6585205270462012
0.584,0.584,0.1170390243281219,0.584,0.657,0.657,0.0321233464264753,0.657,0.608265946040069,0.6351175029559706,0.608265946040069,0.6351175029559706,0.608265946040069,0.6351175029559706,0.608265946040069,0.6351175029559706,0.608265946040069,0.6351175029559706,0.608265946040069,0.6351175029559706,0.08421507946882863,0.0911305013379389,0.08421507946882863,0.0911305013379389,0.08421507946882863,0.0911305013379389,0.608265946040069,0.6351175029559706,0.608265946040069,0.6351175029559706,0.608265946040069,0.6351175029559706
0.56,0.56,0.1009252296727368,0.56,0.641,0.641,0.0521201879917622,0.641,0.5913832702509271,0.5853935824969199,0.5913832702509271,0.5853935824969199,0.5913832702509271,0.5853935824969199,0.5913832702509271,0.5853935824969199,0.5913832702509271,0.5853935824969199,0.5913832702509271,0.5853935824969199,0.1049924426641364,0.10514494559490345,0.1049924426641364,0.10514494559490345,0.1049924426641364,0.10514494559490345,0.5913832702509271,0.5853935824969199,0.5913832702509271,0.5853935824969199,0.5913832702509271,0.5853935824969199
0.571,0.571,0.1450163822035858,0.571,0.628,0.628,0.0409948904620239,0.628,0.5866140229099831,0.5915254960746583,0.5866140229099831,0.5915254960746583,0.5866140229099831,0.5915254960746583,0.5866140229099831,0.5915254960746583,0.5866140229099831,0.5915254960746583,0.5866140229099831,0.5915254960746583,0.12645843147483718,0.09820543720281634,0.12645843147483718,0.09820543720281634,0.12645843147483718,0.09820543720281634,0.5866140229099831,0.5915254960746583,0.5866140229099831,0.5915254960746583,0.5866140229099831,0.5915254960746583
0.576,0.576,0.1567055828477097,0.576,0.592,0.592,0.0284094968208986,0.592,0.5838286027005105,0.5859727459562897,0.5838286027005105,0.5859727459562897,0.5838286027005105,0.5859727459562897,0.5838286027005105,0.5859727459562897,0.5838286027005105,0.5859727459562897,0.5838286027005105,0.5859727459562897,0.1718062069666539,0.16235445763739906,0.1718062069666539,0.16235445763739906,0.1718062069666539,0.16235445763739906,0.5838286027005105,0.5859727459562897,0.5838286027005105,0.5859727459562897,0.5838286027005105,0.5859727459562897
0.602,0.602,0.2107402780256608,0.602,0.58,0.58,0.0242542514636187,0.58,0.6101888669742422,0.6066581668336544,0.6101888669742422,0.6066581668336544,0.6101888669742422,0.6066581668336544,0.6101888669742422,0.6066581668336544,0.6101888669742422,0.6066581668336544,0.6101888669742422,0.6066581668336544,0.21796287246937987,0.21219200387402318,0.21796287246937987,0.21219200387402318,0.21796287246937987,0.21219200387402318,0.6101888669742422,0.6066581668336544,0.6101888669742422,0.6066581668336544,0.6101888669742422,0.6066581668336544
0.606,0.606,0.2150768985576541,0.606,0.586,0.586,0.0188085396837436,0.586,0.607898353254034,0.6174515434395396,0.607898353254034,0.6174515434395396,0.607898353254034,0.6174515434395396,0.607898353254034,0.6174515434395396,0.607898353254034,0.6174515434395396,0.607898353254034,0.6174515434395396,0.18849283494504768,0.1944451953014736,0.18849283494504768,0.1944451953014736,0.18849283494504768,0.1944451953014736,0.607898353254034,0.6174515434395396,0.607898353254034,0.6174515434395396,0.607898353254034,0.6174515434395396
0.62,0.62,0.2407167633753736,0.62,0.586,0.586,0.0654121216499313,0.586,0.6293080204555918,0.624133633431009,0.6293080204555918,0.624133633431009,0.6293080204555918,0.624133633431009,0.6293080204555918,0.624133633431009,0.6293080204555918,0.624133633431009,0.6293080204555918,0.624133633431009,0.1887351399456567,0.1806007133377341,0.1887351399456567,0.1806007133377341,0.1887351399456567,0.1806007133377341,0.6293080204555918,0.624133633431009,0.6293080204555918,0.624133633431009,0.6293080204555918,0.624133633431009
0.618,0.618,0.2409791766014941,0.618,0.584,0.584,0.1170390243281219,0.584,0.6168344414208241,0.6106642665841524,0.6168344414208241,0.6106642665841524,0.6168344414208241,0.6106642665841524,0.6168344414208241,0.6106642665841524,0.6168344414208241,0.6106642665841524,0.6168344414208241,0.6106642665841524,0.21486813184163267,0.18102840996016156,0.21486813184163267,0.18102840996016156,0.21486813184163267,0.18102840996016156,0.6168344414208241,0.6106642665841524,0.6168344414208241,0.6106642665841524,0.6168344414208241,0.6106642665841524
0.613,0.613,0.2372039484058155,0.613,0.56,0.56,0.1009252296727368,0.56,0.6126010382077265,0.6020752109300389,0.6126010382077265,0.6020752109300389,0.6126010382077265,0.6020752109300389,0.6126010382077265,0.6020752109300389,0.6126010382077265,0.6020752109300389,0.6126010382077265,0.6020752109300389,0.2012513361335044,0.18649620317679869,0.2012513361335044,0.18649620317679869,0.2012513361335044,0.18649620317679869,0.6126010382077265,0.6020752109300389,0.6126010382077265,0.6020752109300389,0.6126010382077265,0.6020752109300389
0.578,0.578,0.1759711628960514,0.578,0.571,0.571,0.1450163822035858,0.571,0.5914414132574088,0.5997379324027128,0.5914414132574088,0.5997379324027128,0.5914414132574088,0.5997379324027128,0.5914414132574088,0.5997379324027128,0.5914414132574088,0.5997379324027128,0.5914414132574088,0.5997379324027128,0.18885550268469198,0.18084059439061778,0.18885550268469198,0.18084059439061778,0.18885550268469198,0.18084059439061778,0.5914414132574088,0.5997379324027128,0.5914414132574088,0.5997379324027128,0.5914414132574088,0.5997379324027128
0.578,0.578,0.1746205601627287,0.578,0.576,0.576,0.1567055828477097,0.576,0.5839694145355692,0.5829958199253816,0.5839694145355692,0.5829958199253816,0.5839694145355692,0.5829958199253816,0.5839694145355692,0.5829958199253816,0.5839694145355692,0.5829958199253816,0.5839694145355692,0.5829958199253816,0.15579036185929443,0.16896199078485993,0.15579036185929443,0.16896199078485993,0.15579036185929443,0.16896199078485993,0.5839694145355692,0.5829958199253816,0.5839694145355692,0.5829958199253816,0.5839694145355692,0.5829958199253816
0.576,0.576,0.1699295223179325,0.576,0.602,0.602,0.2107402780256608,0.602,0.5992973853597636,0.6037325402352114,0.5992973853597636,0.6037325402352114,0.5992973853597636,0.6037325402352114,0.5992973853597636,0.6037325402352114,0.5992973853597636,0.6037325402352114,0.5992973853597636,0.6037325402352114,0.1875350122308474,0.1833832245050281,0.1875350122308474,0.1833832245050281,0.1875350122308474,0.1833832245050281,0.5992973853597636,0.6037325402352114,0.5992973853597636,0.6037325402352114,0.5992973853597636,0.6037325402352114
0.595,0.595,0.2126076102932599,0.595,0.606,0.606,0.2150768985576541,0.606,0.6122088681040542,0.6164986775658291,0.6122088681040542,0.6164986775658291,0.6122088681040542,0.6164986775658291,0.6122088681040542,0.6164986775658291,0.6122088681040542,0.6164986775658291,0.6122088681040542,0.6164986775658291,0.20403060330921605,0.2036322747767351,0.20403060330921605,0.2036322747767351,0.20403060330921605,0.2036322747767351,0.6122088681040542,0.6164986775658291,0.6122088681040542,0.6164986775658291,0.6122088681040542,0.6164986775658291
0.606,0.606,0.2282983390786586,0.606,0.62,0.62,0.2407167633753736,0.62,0.6004917334133165,0.6044625520471248,0.6004917334133165,0.6044625520471248,0.6004917334133165,0.6044625520471248,0.6004917334133165,0.6044625520471248,0.6004917334133165,0.6044625520471248,0.6004917334133165,0.6044625520471248,0.19408685467747425,0.19585657088843025,0.19408685467747425,0.19585657088843025,0.19408685467747425,0.19585657088843025,0.6004917334133165,0.6044625520471248,0.6004917334133165,0.6044625520471248,0.6004917334133165,0.6044625520471248
0.613,0.613,0.2398350029463759,0.613,0.618,0.618,0.2409791766014941,0.618,0.6069740969455986,0.6107064027527043,0.6069740969455986,0.6107064027527043,0.6069740969455986,0.6107064027527043,0.6069740969455986,0.6107064027527043,0.6069740969455986,0.6107064027527043,0.6069740969455986,0.6107064027527043,0.20391151781509428,0.20592587967964418,0.20391151781509428,0.20592587967964418,0.20391151781509428,0.20592587967964418,0.6069740969455986,0.6107064027527043,0.6069740969455986,0.6107064027527043,0.6069740969455986,0.6107064027527043
0.607,0.607,0.229744031986202,0.607,0.613,0.613,0.2372039484058155,0.613,0.6018857249291336,0.6045862458631522,0.6018857249291336,0.6045862458631522,0.6018857249291336,0.6045862458631522,0.6018857249291336,0.6045862458631522,0.6018857249291336,0.6045862458631522,0.6018857249291336,0.6045862458631522,0.19360521487824453,0.17855316756789688,0.19360521487824453,0.17855316756789688,0.19360521487824453,0.17855316756789688,0.6018857249291336,0.6045862458631522,0.6018857249291336,0.6045862458631522,0.6018857249291336,0.6045862458631522
0.578,0.578,0.1818661207270923,0.578,0.578,0.578,0.1759711628960514,0.578,0.5931637993906155,0.5973649888641362,0.5931637993906155,0.5973649888641362,0.5931637993906155,0.5973649888641362,0.5931637993906155,0.5973649888641362,0.5931637993906155,0.5973649888641362,0.5931637993906155,0.5973649888641362,0.1809105561651728,0.18038512509592153,0.1809105561651728,0.18038512509592153,0.1809105561651728,0.18038512509592153,0.5931637993906155,0.5973649888641362,0.5931637993906155,0.5973649888641362,0.5931637993906155,0.5973649888641362
0.572,0.572,0.1839536302623551,0.572,0.578,0.578,0.1746205601627287,0.578,0.5966777982639849,0.603679294758572,0.5966777982639849,0.603679294758572,0.5966777982639849,0.603679294758572,0.5966777982639849,0.603679294758572,0.5966777982639849,0.603679294758572,0.5966777982639849,0.603679294758572,0.19505663019891184,0.18985090467263843,0.19505663019891184,0.18985090467263843,0.19505663019891184,0.18985090467263843,0.5966777982639849,0.603679294758572,0.5966777982639849,0.603679294758572,0.5966777982639849,0.603679294758572
0.592,0.592,0.2229133891261204,0.592,0.576,0.576,0.1699295223179325,0.576,0.582004478542506,0.5821089673082255,0.582004478542506,0.5821089673082255,0.582004478542506,0.5821089673082255,0.582004478542506,0.5821089673082255,0.582004478542506,0.5821089673082255,0.582004478542506,0.5821089673082255,0.16088630810021204,0.17832914691813118,0.16088630810021204,0.17832914691813118,0.16088630810021204,0.17832914691813118,0.582004478542506,0.5821089673082255,0.582004478542506,0.5821089673082255,0.582004478542506,0.5821089673082255
0.594,0.594,0.2224962848344645,0.594,0.595,0.595,0.2126076102932599,0.595,0.591874778896716,0.5907455641565329,0.591874778896716,0.5907455641565329,0.591874778896716,0.5907455641565329,0.591874778896716,0.5907455641565329,0.591874778896716,0.5907455641565329,0.591874778896716,0.5907455641565329,0.1847730665020717,0.18296202508057455,0.1847730665020717,0.18296202508057455,0.1847730665020717,0.18296202508057455,0.591874778896716,0.5907455641565329,0.591874778896716,0.5907455641565329,0.591874778896716,0.5907455641565329
0.581,0.581,0.1978896265496619,0.581,0.606,0.606,0.2282983390786586,0.606,0.5987867594427542,0.598637685651358,0.5987867594427542,0.598637685651358,0.5987867594427542,0.598637685651358,0.5987867594427542,0.598637685651358,0.5987867594427542,0.598637685651358,0.5987867594427542,0.598637685651358,0.21963051317631982,0.20932179888996946,0.21963051317631982,0.20932179888996946,0.21963051317631982,0.20932179888996946,0.5987867594427542,0.598637685651358,0.5987867594427542,0.598637685651358,0.5987867594427542,0.598637685651358
0.592,0.592,0.2144812688437858,0.592,0.613,0.613,0.2398350029463759,0.613,0.5928039437801826,0.5948740277259584,0.5928039437801826,0.5948740277259584,0.5928039437801826,0.5948740277259584,0.5928039437801826,0.5948740277259584,0.5928039437801826,0.5948740277259584,0.5928039437801826,0.5948740277259584,0.1939392892128008,0.17682126666566195,0.1939392892128008,0.17682126666566195,0.1939392892128008,0.17682126666566195,0.5928039437801826,0.5948740277259584,0.5928039437801826,0.5948740277259584,0.5928039437801826,0.5948740277259584
0.576,0.576,0.1839091521508997,0.576,0.607,0.607,0.229744031986202,0.607,0.5909227024673281,0.5941471166899238,0.5909227024673281,0.5941471166899238,0.5909227024673281,0.5941471166899238,0.5909227024673281,0.5941471166899238,0.5909227024673281,0.5941471166899238,0.5909227024673281,0.5941471166899238,0.18174376151488061,0.1900792081444743,0.18174376151488061,0.1900792081444743,0.18174376151488061,0.1900792081444743,0.5909227024673281,0.5941471166899238,0.5909227024673281,0.5941471166899238,0.5909227024673281,0.5941471166899238
0.588,0.588,0.2024406863656074,0.588,0.578,0.578,0.1818661207270923,0.578,0.5874165350279649,0.5920865897815257,0.5874165350279649,0.5920865897815257,0.5874165350279649,0.5920865897815257,0.5874165350279649,0.5920865897815257,0.5874165350279649,0.5920865897815257,0.5874165350279649,0.5920865897815257,0.180272374915537,0.18800215752468527,0.180272374915537,0.18800215752468527,0.180272374915537,0.18800215752468527,0.5874165350279649,0.5920865897815257,0.5874165350279649,0.5920865897815257,0.5874165350279649,0.5920865897815257
0.568,0.568,0.1642581049552529,0.568,0.572,0.572,0.1839536302623551,0.572,0.5787060924097003,0.5807303375835767,0.5787060924097003,0.5807303375835767,0.5787060924097003,0.5807303375835767,0.5787060924097003,0.5807303375835767,0.5787060924097003,0.5807303375835767,0.5787060924097003,0.5807303375835767,0.15365078595477508,0.14866140121773827,0.15365078595477508,0.14866140121773827,0.15365078595477508,0.14866140121773827,0.5787060924097003,0.5807303375835767,0.5787060924097003,0.5807303375835767,0.5787060924097003,0.5807303375835767
0.576,0.576,0.1899121131066106,0.576,0.592,0.592,0.2229133891261204,0.592,0.5774208887522514,0.5790890515318585,0.5774208887522514,0.5790890515318585,0.5774208887522514,0.5790890515318585,0.5774208887522514,0.5790890515318585,0.5774208887522514,0.5790890515318585,0.5774208887522514,0.5790890515318585,0.17384838762765956,0.17778010352146273,0.17384838762765956,0.17778010352146273,0.17384838762765956,0.17778010352146273,0.5774208887522514,0.5790890515318585,0.5774208887522514,0.5790890515318585,0.5774208887522514,0.5790890515318585
0.583,0.583,0.1981077650859581,0.583,0.594,0.594,0.2224962848344645,0.594,0.5759045911315039,0.5829619201154961,0.5759045911315039,0.5829619201154961,0.5759045911315039,0.5829619201154961,0.5759045911315039,0.5829619201154961,0.5759045911315039,0.5829619201154961,0.5759045911315039,0.5829619201154961,0.17885618678655055,0.18377415364923286,0.17885618678655055,0.18377415364923286,0.17885618678655055,0.18377415364923286,0.5759045911315039,0.5829619201154961,0.5759045911315039,0.5829619201154961,0.5759045911315039,0.5829619201154961
0.593,0.593,0.2237387184631933,0.593,0.581,0.581,0.1978896265496619,0.581,0.5935027204859592,0.5977409177001769,0.5935027204859592,0.5977409177001769,0.5935027204859592,0.5977409177001769,0.5935027204859592,0.5977409177001769,0.5935027204859592,0.5977409177001769,0.5935027204859592,0.5977409177001769,0.22580858285810487,0.21579932856423972,0.22580858285810487,0.21579932856423972,0.22580858285810487,0.21579932856423972,0.5935027204859592,0.5977409177001769,0.5935027204859592,0.5977409177001769,0.5935027204859592,0.5977409177001769
0.591,0.591,0.2116908748882104,0.591,0.592,0.592,0.2144812688437858,0.592,0.5885792670608393,0.5924199525686967,0.5885792670608393,0.5924199525686967,0.5885792670608393,0.5924199525686967,0.5885792670608393,0.5924199525686967,0.5885792670608393,0.5924199525686967,0.5885792670608393,0.5924199525686967,0.20730850612130816,0.2059583523230558,0.20730850612130816,0.2059583523230558,0.20730850612130816,0.2059583523230558,0.5885792670608393,0.5924199525686967,0.5885792670608393,0.5924199525686967,0.5885792670608393,0.5924199525686967
0.579,0.579,0.1875974497120891,0.579,0.576,0.576,0.1839091521508997,0.576,0.5994351581593333,0.6005496428474424,0.5994351581593333,0.6005496428474424,0.5994351581593333,0.6005496428474424,0.5994351581593333,0.6005496428474424,0.5994351581593333,0.6005496428474424,0.5994351581593333,0.6005496428474424,0.22126061360555552,0.2132970343457051,0.22126061360555552,0.2132970343457051,0.22126061360555552,0.2132970343457051,0.5994351581593333,0.6005496428474424,0.5994351581593333,0.6005496428474424,0.5994351581593333,0.6005496428474424
0.594,0.594,0.2218674414771485,0.594,0.588,0.588,0.2024406863656074,0.588,0.5959399870221054,0.6041179195376843,0.5959399870221054,0.6041179195376843,0.5959399870221054,0.6041179195376843,0.5959399870221054,0.6041179195376843,0.5959399870221054,0.6041179195376843,0.5959399870221054,0.6041179195376843,0.18523849532680464,0.20262079702461094,0.18523849532680464,0.20262079702461094,0.18523849532680464,0.20262079702461094,0.5959399870221054,0.6041179195376843,0.5959399870221054,0.6041179195376843,0.5959399870221054,0.6041179195376843
0.614,0.614,0.2618063178669645,0.614,0.568,0.568,0.1642581049552529,0.568,0.5875237312592819,0.5873762408777363,0.5875237312592819,0.5873762408777363,0.5875237312592819,0.5873762408777363,0.5875237312592819,0.5873762408777363,0.5875237312592819,0.5873762408777363,0.5875237312592819,0.5873762408777363,0.17418697461388707,0.16965999380654767,0.17418697461388707,0.16965999380654767,0.17418697461388707,0.16965999380654767,0.5875237312592819,0.5873762408777363,0.5875237312592819,0.5873762408777363,0.5875237312592819,0.5873762408777363
0.62,0.62,0.2738668501108309,0.62,0.576,0.576,0.1899121131066106,0.576,0.5908445242929966,0.5841413896545895,0.5908445242929966,0.5841413896545895,0.5908445242929966,0.5841413896545895,0.5908445242929966,0.5841413896545895,0.5908445242929966,0.5841413896545895,0.5908445242929966,0.5841413896545895,0.1727174180928116,0.1703832686967396,0.1727174180928116,0.1703832686967396,0.1727174180928116,0.1703832686967396,0.5908445242929966,0.5841413896545895,0.5908445242929966,0.5841413896545895,0.5908445242929966,0.5841413896545895
0.623,0.623,0.2796600453986136,0.623,0.583,0.583,0.1981077650859581,0.583,0.5877385580812976,0.5897971031541429,0.5877385580812976,0.5897971031541429,0.5877385580812976,0.5897971031541429,0.5877385580812976,0.5897971031541429,0.5877385580812976,0.5897971031541429,0.5877385580812976,0.5897971031541429,0.17278990085404689,0.16515998398692575,0.17278990085404689,0.16515998398692575,0.17278990085404689,0.16515998398692575,0.5877385580812976,0.5897971031541429,0.5877385580812976,0.5897971031541429,0.5877385580812976,0.5897971031541429
0.612,0.612,0.2568957394078914,0.612,0.593,0.593,0.2237387184631933,0.593,0.5965790804650999,0.607631348316468,0.5965790804650999,0.607631348316468,0.5965790804650999,0.607631348316468,0.5965790804650999,0.607631348316468,0.5965790804650999,0.607631348316468,0.5965790804650999,0.607631348316468,0.18684415748711472,0.18795780467294543,0.18684415748711472,0.18795780467294543,0.18684415748711472,0.18795780467294543,0.5965790804650999,0.607631348316468,0.5965790804650999,0.607631348316468,0.5965790804650999,0.607631348316468
0.623,0.623,0.2669648065331518,0.623,0.591,0.591,0.2116908748882104,0.591,0.6204444068282731,0.6182938706838788,0.6204444068282731,0.6182938706838788,0.6204444068282731,0.6182938706838788,0.6204444068282731,0.6182938706838788,0.6204444068282731,0.6182938706838788,0.6204444068282731,0.6182938706838788,0.247115542371183,0.2415516404772978,0.247115542371183,0.2415516404772978,0.247115542371183,0.2415516404772978,0.6204444068282731,0.6182938706838788,0.6204444068282731,0.6182938706838788,0.6204444068282731,0.6182938706838788
0.594,0.594,0.2120054654990373,0.594,0.579,0.579,0.1875974497120891,0.579,0.6101577916949326,0.6144804758059579,0.6101577916949326,0.6144804758059579,0.6101577916949326,0.6144804758059579,0.6101577916949326,0.6144804758059579,0.6101577916949326,0.6144804758059579,0.6101577916949326,0.6144804758059579,0.2328140108553344,0.2298074558534035,0.2328140108553344,0.2298074558534035,0.2328140108553344,0.2298074558534035,0.6101577916949326,0.6144804758059579,0.6101577916949326,0.6144804758059579,0.6101577916949326,0.6144804758059579
0.592,0.592,0.2120631585452522,0.592,0.594,0.594,0.2218674414771485,0.594,0.6031333496871722,0.6116293125520785,0.6031333496871722,0.6116293125520785,0.6031333496871722,0.6116293125520785,0.6031333496871722,0.6116293125520785,0.6031333496871722,0.6116293125520785,0.6031333496871722,0.6116293125520785,0.226318926618353,0.23199586112868148,0.226318926618353,0.23199586112868148,0.226318926618353,0.23199586112868148,0.6031333496871722,0.6116293125520785,0.6031333496871722,0.6116293125520785,0.6031333496871722,0.6116293125520785
0.609,0.609,0.2435674211646352,0.609,0.614,0.614,0.2618063178669645,0.614,0.6008566392042647,0.6025043715719645,0.6008566392042647,0.6025043715719645,0.6008566392042647,0.6025043715719645,0.6008566392042647,0.6025043715719645,0.6008566392042647,0.6025043715719645,0.6008566392042647,0.6025043715719645,0.19449999466789247,0.1855476262326253,0.19449999466789247,0.1855476262326253,0.19449999466789247,0.1855476262326253,0.6008566392042647,0.6025043715719645,0.6008566392042647,0.6025043715719645,0.6008566392042647,0.6025043715719645
0.643,0.643,0.3035179173429891,0.643,0.62,0.62,0.2738668501108309,0.62,0.6035992698332036,0.6221007970720175,0.6035992698332036,0.6221007970720175,0.6035992698332036,0.6221007970720175,0.6035992698332036,0.6221007970720175,0.6035992698332036,0.6221007970720175,0.6035992698332036,0.6221007970720175,0.24771779929771715,0.25285839006347227,0.24771779929771715,0.25285839006347227,0.24771779929771715,0.25285839006347227,0.6035992698332036,0.6221007970720175,0.6035992698332036,0.6221007970720175,0.6035992698332036,0.6221007970720175
0.647,0.647,0.3138383068717247,0.647,0.623,0.623,0.2796600453986136,0.623,0.6262145515306785,0.6428699503004547,0.6262145515306785,0.6428699503004547,0.6262145515306785,0.6428699503004547,0.6262145515306785,0.6428699503004547,0.6262145515306785,0.6428699503004547,0.6262145515306785,0.6428699503004547,0.2679115791244353,0.27210188436234545,0.2679115791244353,0.27210188436234545,0.2679115791244353,0.27210188436234545,0.6262145515306785,0.6428699503004547,0.6262145515306785,0.6428699503004547,0.6262145515306785,0.6428699503004547
0.64,0.64,0.311760859840099,0.64,0.612,0.612,0.2568957394078914,0.612,0.6181907405399426,0.6315464757099803,0.6181907405399426,0.6315464757099803,0.6181907405399426,0.6315464757099803,0.6181907405399426,0.6315464757099803,0.6181907405399426,0.6315464757099803,0.6181907405399426,0.6315464757099803,0.26669289007018876,0.2532698114278125,0.26669289007018876,0.2532698114278125,0.26669289007018876,0.2532698114278125,0.6181907405399426,0.6315464757099803,0.6181907405399426,0.6315464757099803,0.6181907405399426,0.6315464757099803
0.613,0.613,0.269397772323957,0.613,0.623,0.623,0.2669648065331518,0.623,0.6104395154366532,0.6136091498710885,0.6104395154366532,0.6136091498710885,0.6104395154366532,0.6136091498710885,0.6104395154366532,0.6136091498710885,0.6104395154366532,0.6136091498710885,0.6104395154366532,0.6136091498710885,0.2496396263585757,0.24859467607308966,0.2496396263585757,0.24859467607308966,0.2496396263585757,0.24859467607308966,0.6104395154366532,0.6136091498710885,0.6104395154366532,0.6136091498710885,0.6104395154366532,0.6136091498710885
0.585,0.585,0.2232420939147101,0.585,0.594,0.594,0.2120054654990373,0.594,0.6251088832742367,0.6330429041022012,0.6251088832742367,0.6330429041022012,0.6251088832742367,0.6330429041022012,0.6251088832742367,0.6330429041022012,0.6251088832742367,0.6330429041022012,0.6251088832742367,0.6330429041022012,0.2528156409130745,0.2520528436323936,0.2528156409130745,0.2520528436323936,0.2528156409130745,0.2520528436323936,0.6251088832742367,0.6330429041022012,0.6251088832742367,0.6330429041022012,0.6251088832742367,0.6330429041022012
0.606,0.606,0.2550661176087999,0.606,0.592,0.592,0.2120631585452522,0.592,0.6418169514166213,0.6223810382850169,0.6418169514166213,0.6223810382850169,0.6418169514166213,0.6223810382850169,0.6418169514166213,0.6223810382850169,0.6418169514166213,0.6223810382850169,0.6418169514166213,0.6223810382850169,0.2703822148178124,0.2629850397585107,0.2703822148178124,0.2629850397585107,0.2703822148178124,0.2629850397585107,0.6418169514166213,0.6223810382850169,0.6418169514166213,0.6223810382850169,0.6418169514166213,0.6223810382850169
0.576,0.576,0.2037409153223535,0.576,0.609,0.609,0.2435674211646352,0.609,0.6129456205856569,0.624801653882632,0.6129456205856569,0.624801653882632,0.6129456205856569,0.624801653882632,0.6129456205856569,0.624801653882632,0.6129456205856569,0.624801653882632,0.6129456205856569,0.624801653882632,0.26894176699435873,0.24251049195952715,0.26894176699435873,0.24251049195952715,0.26894176699435873,0.24251049195952715,0.6129456205856569,0.624801653882632,0.6129456205856569,0.624801653882632,0.6129456205856569,0.624801653882632
0.606,0.606,0.2513490917382381,0.606,0.643,0.643,0.3035179173429891,0.643,0.6093651465969626,0.6136482723719499,0.6093651465969626,0.6136482723719499,0.6093651465969626,0.6136482723719499,0.6093651465969626,0.6136482723719499,0.6093651465969626,0.6136482723719499,0.6093651465969626,0.6136482723719499,0.2613476452680873,0.23931096786768666,0.2613476452680873,0.23931096786768666,0.2613476452680873,0.23931096786768666,0.6093651465969626,0.6136482723719499,0.6093651465969626,0.6136482723719499,0.6093651465969626,0.6136482723719499
0.564,0.564,0.1773584905660377,0.564,0.647,0.647,0.3138383068717247,0.647,0.5951368220952127,0.578904547808219,0.5951368220952127,0.578904547808219,0.5951368220952127,0.578904547808219,0.5951368220952127,0.578904547808219,0.5951368220952127,0.578904547808219,0.5951368220952127,0.578904547808219,0.17957926425828621,0.20209844709276378,0.17957926425828621,0.20209844709276378,0.17957926425828621,0.20209844709276378,0.5951368220952127,0.578904547808219,0.5951368220952127,0.578904547808219,0.5951368220952127,0.578904547808219
0.581,0.581,0.1793967880924403,0.581,0.64,0.64,0.311760859840099,0.64,0.5942284137118671,0.596799692294929,0.5942284137118671,0.596799692294929,0.5942284137118671,0.596799692294929,0.5942284137118671,0.596799692294929,0.5942284137118671,0.596799692294929,0.5942284137118671,0.596799692294929,0.1773574382961651,0.1635153895200843,0.1773574382961651,0.1635153895200843,0.1773574382961651,0.1635153895200843,0.5942284137118671,0.596799692294929,0.5942284137118671,0.596799692294929,0.5942284137118671,0.596799692294929
0.655,0.655,0.2127313885136369,0.655,0.613,0.613,0.269397772323957,0.613,0.6587943792567299,0.6249245842557071,0.6587943792567299,0.6249245842557071,0.6587943792567299,0.6249245842557071,0.6587943792567299,0.6249245842557071,0.6587943792567299,0.6249245842557071,0.6587943792567299,0.6249245842557071,0.21155517706014204,0.17233669821954956,0.21155517706014204,0.17233669821954956,0.21155517706014204,0.17233669821954956,0.6587943792567299,0.6249245842557071,0.6587943792567299,0.6249245842557071,0.6587943792567299,0.6249245842557071
0.663,0.663,0.1234367521901076,0.663,0.585,0.585,0.2232420939147101,0.585,0.7148797670189454,0.6830811052581695,0.7148797670189454,0.6830811052581695,0.7148797670189454,0.6830811052581695,0.7148797670189454,0.6830811052581695,0.7148797670189454,0.6830811052581695,0.7148797670189454,0.6830811052581695,0.15333464023557908,0.1593373428527327,0.15333464023557908,0.1593373428527327,0.15333464023557908,0.1593373428527327,0.7148797670189454,0.6830811052581695,0.7148797670189454,0.6830811052581695,0.7148797670189454,0.6830811052581695
0.684,0.684,-0.0012103238725293,0.684,0.606,0.606,0.2550661176087999,0.606,0.7336777820699228,0.7356515198631561,0.7336777820699228,0.7356515198631561,0.7336777820699228,0.7356515198631561,0.7336777820699228,0.7356515198631561,0.7336777820699228,0.7356515198631561,0.7336777820699228,0.7356515198631561,0.03647153101653333,0.027169824758323077,0.03647153101653333,0.027169824758323077,0.03647153101653333,0.027169824758323077,0.7336777820699228,0.7356515198631561,0.7336777820699228,0.7356515198631561,0.7336777820699228,0.7356515198631561
0.657,0.657,0.0217329302378643,0.657,0.576,0.576,0.2037409153223535,0.576,0.7382993041901403,0.7395847253627259,0.7382993041901403,0.7395847253627259,0.7382993041901403,0.7395847253627259,0.7382993041901403,0.7395847253627259,0.7382993041901403,0.7395847253627259,0.7382993041901403,0.7395847253627259,0.034588669284544356,0.04173606532026303,0.034588669284544356,0.04173606532026303,0.034588669284544356,0.04173606532026303,0.7382993041901403,0.7395847253627259,0.7382993041901403,0.7395847253627259,0.7382993041901403,0.7395847253627259
0.636,0.636,0.0271541586487064,0.636,0.606,0.606,0.2513490917382381,0.606,0.7327604118759333,0.7333417452857824,0.7327604118759333,0.7333417452857824,0.7327604118759333,0.7333417452857824,0.7327604118759333,0.7333417452857824,0.7327604118759333,0.7333417452857824,0.7327604118759333,0.7333417452857824,0.024195672541337147,0.0367332167278018,0.024195672541337147,0.0367332167278018,0.024195672541337147,0.0367332167278018,0.7327604118759333,0.7333417452857824,0.7327604118759333,0.7333417452857824,0.7327604118759333,0.7333417452857824
0.638,0.638,0.0315884090228137,0.638,0.564,0.564,0.1773584905660377,0.564,0.7317685607409323,0.7325619736792676,0.7317685607409323,0.7325619736792676,0.7317685607409323,0.7325619736792676,0.7317685607409323,0.7325619736792676,0.7317685607409323,0.7325619736792676,0.7317685607409323,0.7325619736792676,0.04166546913983961,0.031519673076348724,0.04166546913983961,0.031519673076348724,0.04166546913983961,0.031519673076348724,0.7317685607409323,0.7325619736792676,0.7317685607409323,0.7325619736792676,0.7317685607409323,0.7325619736792676
0.617,0.617,0.0510218240202976,0.617,0.581,0.581,0.1793967880924403,0.581,0.7228713383001089,0.7269445858158086,0.7228713383001089,0.7269445858158086,0.7228713383001089,0.7269445858158086,0.7228713383001089,0.7269445858158086,0.7228713383001089,0.7269445858158086,0.7228713383001089,0.7269445858158086,0.0438662494412963,0.04533781966029943,0.0438662494412963,0.04533781966029943,0.0438662494412963,0.04533781966029943,0.7228713383001089,0.7269445858158086,0.7228713383001089,0.7269445858158086,0.7228713383001089,0.7269445858158086
0.639,0.639,0.0403632265061777,0.639,0.655,0.655,0.2127313885136369,0.655,0.7094873166503546,0.7159262577941472,0.7094873166503546,0.7159262577941472,0.7094873166503546,0.7159262577941472,0.7094873166503546,0.7159262577941472,0.7094873166503546,0.7159262577941472,0.7094873166503546,0.7159262577941472,0.031383101498999776,0.03541567334327476,0.031383101498999776,0.03541567334327476,0.031383101498999776,0.03541567334327476,0.7094873166503546,0.7159262577941472,0.7094873166503546,0.7159262577941472,0.7094873166503546,0.7159262577941472
0.613,0.613,0.0391490883089025,0.613,0.663,0.663,0.1234367521901076,0.663,0.6965630345341374,0.692441179010999,0.6965630345341374,0.692441179010999,0.6965630345341374,0.692441179010999,0.6965630345341374,0.692441179010999,0.6965630345341374,0.692441179010999,0.6965630345341374,0.692441179010999,0.023944494663590467,0.04433347747120665,0.023944494663590467,0.04433347747120665,0.023944494663590467,0.04433347747120665,0.6965630345341374,0.692441179010999,0.6965630345341374,0.692441179010999,0.6965630345341374,0.692441179010999
0.588,0.588,0.0336985890123087,0.588,0.684,0.684,-0.0012103238725293,0.684,0.6801682771812388,0.6781442395632923,0.6801682771812388,0.6781442395632923,0.6801682771812388,0.6781442395632923,0.6801682771812388,0.6781442395632923,0.6801682771812388,0.6781442395632923,0.6801682771812388,0.6781442395632923,0.03814115048682295,0.044398516874930495,0.03814115048682295,0.044398516874930495,0.03814115048682295,0.044398516874930495,0.6801682771812388,0.6781442395632923,0.6801682771812388,0.6781442395632923,0.6801682771812388,0.6781442395632923
0.585,0.585,0.0292306828601904,0.585,0.657,0.657,0.0217329302378643,0.657,0.6726343462953777,0.6734810245358448,0.6726343462953777,0.6734810245358448,0.6726343462953777,0.6734810245358448,0.6726343462953777,0.6734810245358448,0.6726343462953777,0.6734810245358448,0.6726343462953777,0.6734810245358448,0.030834996469375597,0.059097705205910345,0.030834996469375597,0.059097705205910345,0.030834996469375597,0.059097705205910345,0.6726343462953777,0.6734810245358448,0.6726343462953777,0.6734810245358448,0.6726343462953777,0.6734810245358448
0.554,0.554,0.0382624896494618,0.554,0.636,0.636,0.0271541586487064,0.636,0.6593399964376024,0.6650115501983505,0.6593399964376024,0.6650115501983505,0.6593399964376024,0.6650115501983505,0.6593399964376024,0.6650115501983505,0.6593399964376024,0.6650115501983505,0.6593399964376024,0.6650115501983505,0.0555211659029452,0.06116172368107057,0.0555211659029452,0.06116172368107057,0.0555211659029452,0.06116172368107057,0.6593399964376024,0.6650115501983505,0.6593399964376024,0.6650115501983505,0.6593399964376024,0.6650115501983505
0.561,0.561,0.0931625697170006,0.561,0.638,0.638,0.0315884090228137,0.638,0.6041535308712159,0.6347340047509049,0.6041535308712159,0.6347340047509049,0.6041535308712159,0.6347340047509049,0.6041535308712159,0.6347340047509049,0.6041535308712159,0.6347340047509049,0.6041535308712159,0.6347340047509049,0.07901986707253579,0.10358397518422661,0.07901986707253579,0.10358397518422661,0.07901986707253579,0.10358397518422661,0.6041535308712159,0.6347340047509049,0.6041535308712159,0.6347340047509049,0.6041535308712159,0.6347340047509049
0.551,0.551,0.0781498940590968,0.551,0.617,0.617,0.0510218240202976,0.617,0.598472810856461,0.5942241034364002,0.598472810856461,0.5942241034364002,0.598472810856461,0.5942241034364002,0.598472810856461,0.5942241034364002,0.598472810856461,0.5942241034364002,0.598472810856461,0.5942241034364002,0.09539489473169922,0.11338678977881674,0.09539489473169922,0.11338678977881674,0.09539489473169922,0.11338678977881674,0.598472810856461,0.5942241034364002,0.598472810856461,0.5942241034364002,0.598472810856461,0.5942241034364002
0.551,0.551,0.0961939499343784,0.551,0.639,0.639,0.0403632265061777,0.639,0.5793302685541015,0.5813082421881742,0.5793302685541015,0.5813082421881742,0.5793302685541015,0.5813082421881742,0.5793302685541015,0.5813082421881742,0.5793302685541015,0.5813082421881742,0.5793302685541015,0.5813082421881742,0.13199704290055866,0.11536186084847388,0.13199704290055866,0.11536186084847388,0.13199704290055866,0.11536186084847388,0.5793302685541015,0.5813082421881742,0.5793302685541015,0.5813082421881742,0.5793302685541015,0.5813082421881742
0.584,0.584,0.1696772519510588,0.584,0.613,0.613,0.0391490883089025,0.613,0.5738655729464294,0.5767951461202148,0.5738655729464294,0.5767951461202148,0.5738655729464294,0.5767951461202148,0.5738655729464294,0.5767951461202148,0.5738655729464294,0.5767951461202148,0.5738655729464294,0.5767951461202148,0.1694706486453864,0.15829927801250918,0.1694706486453864,0.15829927801250918,0.1694706486453864,0.15829927801250918,0.5738655729464294,0.5767951461202148,0.5738655729464294,0.5767951461202148,0.5738655729464294,0.5767951461202148
0.602,0.602,0.2079538941603514,0.602,0.588,0.588,0.0336985890123087,0.588,0.5794277486127213,0.5905202366268555,0.5794277486127213,0.5905202366268555,0.5794277486127213,0.5905202366268555,0.5794277486127213,0.5905202366268555,0.5794277486127213,0.5905202366268555,0.5794277486127213,0.5905202366268555,0.20878885870684072,0.20784998557853568,0.20878885870684072,0.20784998557853568,0.20878885870684072,0.20784998557853568,0.5794277486127213,0.5905202366268555,0.5794277486127213,0.5905202366268555,0.5794277486127213,0.5905202366268555
0.611,0.611,0.2338900267843074,0.611,0.585,0.585,0.0292306828601904,0.585,0.6025408040622723,0.5962790502441742,0.6025408040622723,0.5962790502441742,0.6025408040622723,0.5962790502441742,0.6025408040622723,0.5962790502441742,0.6025408040622723,0.5962790502441742,0.6025408040622723,0.5962790502441742,0.20676958744050283,0.21120140722015238,0.20676958744050283,0.21120140722015238,0.20676958744050283,0.21120140722015238,0.6025408040622723,0.5962790502441742,0.6025408040622723,0.5962790502441742,0.6025408040622723,0.5962790502441742
0.615,0.615,0.2395272031983313,0.615,0.554,0.554,0.0382624896494618,0.554,0.6052393047850647,0.6013027763158069,0.6052393047850647,0.6013027763158069,0.6052393047850647,0.6013027763158069,0.6052393047850647,0.6013027763158069,0.6052393047850647,0.6013027763158069,0.6052393047850647,0.6013027763158069,0.2064096826546566,0.22669137684109458,0.2064096826546566,0.22669137684109458,0.2064096826546566,0.22669137684109458,0.6052393047850647,0.6013027763158069,0.6052393047850647,0.6013027763158069,0.6052393047850647,0.6013027763158069
0.603,0.603,0.2136433862853068,0.603,0.561,0.561,0.0931625697170006,0.561,0.6004837802472015,0.6023759992111004,0.6004837802472015,0.6023759992111004,0.6004837802472015,0.6023759992111004,0.6004837802472015,0.6023759992111004,0.6004837802472015,0.6023759992111004,0.6004837802472015,0.6023759992111004,0.2250229636962063,0.23420585556758455,0.2250229636962063,0.23420585556758455,0.2250229636962063,0.23420585556758455,0.6004837802472015,0.6023759992111004,0.6004837802472015,0.6023759992111004,0.6004837802472015,0.6023759992111004
0.591,0.591,0.1971891807011345,0.591,0.551,0.551,0.0781498940590968,0.551,0.6018473773803267,0.6032125059184487,0.6018473773803267,0.6032125059184487,0.6018473773803267,0.6032125059184487,0.6018473773803267,0.6032125059184487,0.6018473773803267,0.6032125059184487,0.6018473773803267,0.6032125059184487,0.21927037867706511,0.23252126195687078,0.21927037867706511,0.23252126195687078,0.21927037867706511,0.23252126195687078,0.6018473773803267,0.6032125059184487,0.6018473773803267,0.6032125059184487,0.6018473773803267,0.6032125059184487
0.56,0.56,0.1414332600949887,0.56,0.551,0.551,0.0961939499343784,0.551,0.5952010201768653,0.597051923557524,0.5952010201768653,0.597051923557524,0.5952010201768653,0.597051923557524,0.5952010201768653,0.597051923557524,0.5952010201768653,0.597051923557524,0.5952010201768653,0.597051923557524,0.19595957371911302,0.17948231575791398,0.19595957371911302,0.17948231575791398,0.19595957371911302,0.17948231575791398,0.5952010201768653,0.597051923557524,0.5952010201768653,0.597051923557524,0.5952010201768653,0.597051923557524
0.551,0.551,0.127504780263342,0.551,0.584,0.584,0.1696772519510588,0.584,0.5972300768889979,0.5958382785490562,0.5972300768889979,0.5958382785490562,0.5972300768889979,0.5958382785490562,0.5972300768889979,0.5958382785490562,0.5972300768889979,0.5958382785490562,0.5972300768889979,0.5958382785490562,0.17700885041387032,0.18074018359442556,0.17700885041387032,0.18074018359442556,0.17700885041387032,0.18074018359442556,0.5972300768889979,0.5958382785490562,0.5972300768889979,0.5958382785490562,0.5972300768889979,0.5958382785490562
0.577,0.577,0.1776827371695178,0.577,0.602,0.602,0.2079538941603514,0.602,0.5852447386626602,0.5837556741409656,0.5852447386626602,0.5837556741409656,0.5852447386626602,0.5837556741409656,0.5852447386626602,0.5837556741409656,0.5852447386626602,0.5837556741409656,0.5852447386626602,0.5837556741409656,0.1798235018811149,0.19206780128827763,0.1798235018811149,0.19206780128827763,0.1798235018811149,0.19206780128827763,0.5852447386626602,0.5837556741409656,0.5852447386626602,0.5837556741409656,0.5852447386626602,0.5837556741409656
0.593,0.593,0.2079554742536877,0.593,0.611,0.611,0.2338900267843074,0.611,0.5937511842300615,0.5959530596656647,0.5937511842300615,0.5959530596656647,0.5937511842300615,0.5959530596656647,0.5937511842300615,0.5959530596656647,0.5937511842300615,0.5959530596656647,0.5937511842300615,0.5959530596656647,0.20207596639662057,0.21715156383383208,0.20207596639662057,0.21715156383383208,0.20207596639662057,0.21715156383383208,0.5937511842300615,0.5959530596656647,0.5937511842300615,0.5959530596656647,0.5937511842300615,0.5959530596656647
0.596,0.596,0.2069474543798486,0.596,0.615,0.615,0.2395272031983313,0.615,0.6092013784461668,0.609113193122991,0.6092013784461668,0.609113193122991,0.6092013784461668,0.609113193122991,0.6092013784461668,0.609113193122991,0.6092013784461668,0.609113193122991,0.6092013784461668,0.609113193122991,0.22825466617323947,0.23567249172551352,0.22825466617323947,0.23567249172551352,0.22825466617323947,0.23567249172551352,0.6092013784461668,0.609113193122991,0.6092013784461668,0.609113193122991,0.6092013784461668,0.609113193122991
0.596,0.596,0.2102433779689179,0.596,0.603,0.603,0.2136433862853068,0.603,0.6134422051256554,0.6055443619855715,0.6134422051256554,0.6055443619855715,0.6134422051256554,0.6055443619855715,0.6134422051256554,0.6055443619855715,0.6134422051256554,0.6055443619855715,0.6134422051256554,0.6055443619855715,0.23659228545716504,0.2352071761546691,0.23659228545716504,0.2352071761546691,0.23659228545716504,0.2352071761546691,0.6134422051256554,0.6055443619855715,0.6134422051256554,0.6055443619855715,0.6134422051256554,0.6055443619855715
0.592,0.592,0.2022275059441871,0.592,0.591,0.591,0.1971891807011345,0.591,0.612524368892166,0.6193657669503624,0.612524368892166,0.6193657669503624,0.612524368892166,0.6193657669503624,0.612524368892166,0.6193657669503624,0.612524368892166,0.6193657669503624,0.612524368892166,0.6193657669503624,0.2312284627636051,0.2283628067735712,0.2312284627636051,0.2283628067735712,0.2312284627636051,0.2283628067735712,0.612524368892166,0.6193657669503624,0.612524368892166,0.6193657669503624,0.612524368892166,0.6193657669503624
0.595,0.595,0.2179595115433037,0.595,0.56,0.56,0.1414332600949887,0.56,0.5866343693937494,0.595540984812922,0.5866343693937494,0.595540984812922,0.5866343693937494,0.595540984812922,0.5866343693937494,0.595540984812922,0.5866343693937494,0.595540984812922,0.5866343693937494,0.595540984812922,0.2017554167961129,0.20178616675402966,0.2017554167961129,0.20178616675402966,0.2017554167961129,0.20178616675402966,0.5866343693937494,0.595540984812922,0.5866343693937494,0.595540984812922,0.5866343693937494,0.595540984812922
0.574,0.574,0.1873113742068656,0.574,0.551,0.551,0.127504780263342,0.551,0.5796858644094475,0.582664983685278,0.5796858644094475,0.582664983685278,0.5796858644094475,0.582664983685278,0.5796858644094475,0.582664983685278,0.5796858644094475,0.582664983685278,0.5796858644094475,0.582664983685278,0.19904386507867544,0.19637312334064572,0.19904386507867544,0.19637312334064572,0.19904386507867544,0.19637312334064572,0.5796858644094475,0.582664983685278,0.5796858644094475,0.582664983685278,0.5796858644094475,0.582664983685278
0.578,0.578,0.1967902061698694,0.578,0.577,0.577,0.1776827371695178,0.577,0.5907766436014529,0.5975874313715576,0.5907766436014529,0.5975874313715576,0.5907766436014529,0.5975874313715576,0.5907766436014529,0.5975874313715576,0.5907766436014529,0.5975874313715576,0.5907766436014529,0.5975874313715576,0.21723461704289238,0.2224093021188029,0.21723461704289238,0.2224093021188029,0.21723461704289238,0.2224093021188029,0.5907766436014529,0.5975874313715576,0.5907766436014529,0.5975874313715576,0.5907766436014529,0.5975874313715576
0.573,0.573,0.1852886405959031,0.573,0.593,0.593,0.2079554742536877,0.593,0.5877101384188008,0.5882335221528524,0.5877101384188008,0.5882335221528524,0.5877101384188008,0.5882335221528524,0.5877101384188008,0.5882335221528524,0.5877101384188008,0.5882335221528524,0.5877101384188008,0.5882335221528524,0.21952552064484412,0.2285532661320011,0.21952552064484412,0.2285532661320011,0.21952552064484412,0.2285532661320011,0.5877101384188008,0.5882335221528524,0.5877101384188008,0.5882335221528524,0.5877101384188008,0.5882335221528524
0.562,0.562,0.1571444515858385,0.562,0.596,0.596,0.2069474543798486,0.596,0.5839743502804975,0.5807204838437651,0.5839743502804975,0.5807204838437651,0.5839743502804975,0.5807204838437651,0.5839743502804975,0.5807204838437651,0.5839743502804975,0.5807204838437651,0.5839743502804975,0.5807204838437651,0.2022143910022357,0.21933085209086423,0.2022143910022357,0.21933085209086423,0.2022143910022357,0.21933085209086423,0.5839743502804975,0.5807204838437651,0.5839743502804975,0.5807204838437651,0.5839743502804975,0.5807204838437651
0.558,0.558,0.1566044360316902,0.558,0.596,0.596,0.2102433779689179,0.596,0.5948480021817577,0.5882433266473163,0.5948480021817577,0.5882433266473163,0.5948480021817577,0.5882433266473163,0.5948480021817577,0.5882433266473163,0.5948480021817577,0.5882433266473163,0.5948480021817577,0.5882433266473163,0.1992740708563545,0.21609120880974167,0.1992740708563545,0.21609120880974167,0.1992740708563545,0.21609120880974167,0.5948480021817577,0.5882433266473163,0.5948480021817577,0.5882433266473163,0.5948480021817577,0.5882433266473163
0.552,0.552,0.1395305063325176,0.552,0.592,0.592,0.2022275059441871,0.592,0.5919290113970376,0.5815987176228282,0.5919290113970376,0.5815987176228282,0.5919290113970376,0.5815987176228282,0.5919290113970376,0.5815987176228282,0.5919290113970376,0.5815987176228282,0.5919290113970376,0.5815987176228282,0.18898618398667907,0.1951477149304006,0.18898618398667907,0.1951477149304006,0.18898618398667907,0.1951477149304006,0.5919290113970376,0.5815987176228282,0.5919290113970376,0.5815987176228282,0.5919290113970376,0.5815987176228282
0.548,0.548,0.1368675931972944,0.548,0.595,0.595,0.2179595115433037,0.595,0.5878969057434704,0.5879097272279717,0.5878969057434704,0.5879097272279717,0.5878969057434704,0.5879097272279717,0.5878969057434704,0.5879097272279717,0.5878969057434704,0.5879097272279717,0.5878969057434704,0.5879097272279717,0.19693193924395205,0.18717677217433223,0.19693193924395205,0.18717677217433223,0.19693193924395205,0.18717677217433223,0.5878969057434704,0.5879097272279717,0.5878969057434704,0.5879097272279717,0.5878969057434704,0.5879097272279717
0.559,0.559,0.1525944828328325,0.559,0.574,0.574,0.1873113742068656,0.574,0.5802037514239582,0.5692566325531856,0.5802037514239582,0.5692566325531856,0.5802037514239582,0.5692566325531856,0.5802037514239582,0.5692566325531856,0.5802037514239582,0.5692566325531856,0.5802037514239582,0.5692566325531856,0.1947024418909155,0.18984826823228865,0.1947024418909155,0.18984826823228865,0.1947024418909155,0.18984826823228865,0.5802037514239582,0.5692566325531856,0.5802037514239582,0.5692566325531856,0.5802037514239582,0.5692566325531856
0.558,0.558,0.1595775831580869,0.558,0.578,0.578,0.1967902061698694,0.578,0.588842068666679,0.576243723568676,0.588842068666679,0.576243723568676,0.588842068666679,0.576243723568676,0.588842068666679,0.576243723568676,0.588842068666679,0.576243723568676,0.588842068666679,0.576243723568676,0.1765901666706796,0.19372421669087397,0.1765901666706796,0.19372421669087397,0.1765901666706796,0.19372421669087397,0.588842068666679,0.576243723568676,0.588842068666679,0.576243723568676,0.588842068666679,0.576243723568676
0.57,0.57,0.183580474282785,0.57,0.573,0.573,0.1852886405959031,0.573,0.6058371833890002,0.6056725044772675,0.6058371833890002,0.6056725044772675,0.6058371833890002,0.6056725044772675,0.6058371833890002,0.6056725044772675,0.6058371833890002,0.6056725044772675,0.6058371833890002,0.6056725044772675,0.20448618614894207,0.20441878130229993,0.20448618614894207,0.20441878130229993,0.20448618614894207,0.20441878130229993,0.6058371833890002,0.6056725044772675,0.6058371833890002,0.6056725044772675,0.6058371833890002,0.6056725044772675
0.569,0.569,0.1829817564186167,0.569,0.562,0.562,0.1571444515858385,0.562,0.604876964805417,0.6034323802525052,0.604876964805417,0.6034323802525052,0.604876964805417,0.6034323802525052,0.604876964805417,0.6034323802525052,0.604876964805417,0.6034323802525052,0.604876964805417,0.6034323802525052,0.23863741862641408,0.2344886342092573,0.23863741862641408,0.2344886342092573,0.23863741862641408,0.2344886342092573,0.604876964805417,0.6034323802525052,0.604876964805417,0.6034323802525052,0.604876964805417,0.6034323802525052
0.581,0.581,0.2040455004825118,0.581,0.558,0.558,0.1566044360316902,0.558,0.595516091762251,0.5914117368507988,0.595516091762251,0.5914117368507988,0.595516091762251,0.5914117368507988,0.595516091762251,0.5914117368507988,0.595516091762251,0.5914117368507988,0.595516091762251,0.5914117368507988,0.21967177399606205,0.21223291034791225,0.21967177399606205,0.21223291034791225,0.21967177399606205,0.21223291034791225,0.595516091762251,0.5914117368507988,0.595516091762251,0.5914117368507988,0.595516091762251,0.5914117368507988
0.581,0.581,0.2046015414404495,0.581,0.552,0.552,0.1395305063325176,0.552,0.5839297650837587,0.5947450743955626,0.5839297650837587,0.5947450743955626,0.5839297650837587,0.5947450743955626,0.5839297650837587,0.5947450743955626,0.5839297650837587,0.5947450743955626,0.5839297650837587,0.5947450743955626,0.20902301323329017,0.2074895737792446,0.20902301323329017,0.2074895737792446,0.20902301323329017,0.2074895737792446,0.5839297650837587,0.5947450743955626,0.5839297650837587,0.5947450743955626,0.5839297650837587,0.5947450743955626
0.579,0.579,0.2037493758605558,0.579,0.548,0.548,0.1368675931972944,0.548,0.5949008848616091,0.591509144608929,0.5949008848616091,0.591509144608929,0.5949008848616091,0.591509144608929,0.5949008848616091,0.591509144608929,0.5949008848616091,0.591509144608929,0.5949008848616091,0.591509144608929,0.2175206055634863,0.21148015779610227,0.2175206055634863,0.21148015779610227,0.2175206055634863,0.21148015779610227,0.5949008848616091,0.591509144608929,0.5949008848616091,0.591509144608929,0.5949008848616091,0.591509144608929
0.566,0.566,0.1829480889645278,0.566,0.559,0.559,0.1525944828328325,0.559,0.5974313297115421,0.6050831070117477,0.5974313297115421,0.6050831070117477,0.5974313297115421,0.6050831070117477,0.5974313297115421,0.6050831070117477,0.5974313297115421,0.6050831070117477,0.5974313297115421,0.6050831070117477,0.2296535470924147,0.23163970539560239,0.2296535470924147,0.23163970539560239,0.2296535470924147,0.23163970539560239,0.5974313297115421,0.6050831070117477,0.5974313297115421,0.6050831070117477,0.5974313297115421,0.6050831070117477
0.567,0.567,0.1833886541943271,0.567,0.558,0.558,0.1595775831580869,0.558,0.6033013940140483,0.6084947174537663,0.6033013940140483,0.6084947174537663,0.6033013940140483,0.6084947174537663,0.6033013940140483,0.6084947174537663,0.6033013940140483,0.6084947174537663,0.6033013940140483,0.6084947174537663,0.24568611334887122,0.25389919082248763,0.24568611334887122,0.25389919082248763,0.24568611334887122,0.25389919082248763,0.6033013940140483,0.6084947174537663,0.6033013940140483,0.6084947174537663,0.6033013940140483,0.6084947174537663
0.585,0.585,0.2121110866412011,0.585,0.57,0.57,0.183580474282785,0.57,0.6072384502446062,0.6119823909807464,0.6072384502446062,0.6119823909807464,0.6072384502446062,0.6119823909807464,0.6072384502446062,0.6119823909807464,0.6072384502446062,0.6119823909807464,0.6072384502446062,0.6119823909807464,0.2503378344895735,0.2633126243178181,0.2503378344895735,0.2633126243178181,0.2503378344895735,0.2633126243178181,0.6072384502446062,0.6119823909807464,0.6072384502446062,0.6119823909807464,0.6072384502446062,0.6119823909807464
0.592,0.592,0.2138849497502929,0.592,0.569,0.569,0.1829817564186167,0.569,0.5997915365289274,0.6155649860588349,0.5997915365289274,0.6155649860588349,0.5997915365289274,0.6155649860588349,0.5997915365289274,0.6155649860588349,0.5997915365289274,0.6155649860588349,0.5997915365289274,0.6155649860588349,0.24463496071492552,0.23971585689189207,0.24463496071492552,0.23971585689189207,0.24463496071492552,0.23971585689189207,0.5997915365289274,0.6155649860588349,0.5997915365289274,0.6155649860588349,0.5997915365289274,0.6155649860588349
0.595,0.595,0.216076433515539,0.595,0.581,0.581,0.2040455004825118,0.581,0.5866865134280878,0.5971470347234632,0.5866865134280878,0.5971470347234632,0.5866865134280878,0.5971470347234632,0.5866865134280878,0.5971470347234632,0.5866865134280878,0.5971470347234632,0.5866865134280878,0.5971470347234632,0.23021689167443038,0.24131784465860875,0.23021689167443038,0.24131784465860875,0.23021689167443038,0.24131784465860875,0.5866865134280878,0.5971470347234632,0.5866865134280878,0.5971470347234632,0.5866865134280878,0.5971470347234632
0.592,0.592,0.2063492063492064,0.592,0.581,0.581,0.2046015414404495,0.581,0.5931752863817963,0.5928165242936327,0.5931752863817963,0.5928165242936327,0.5931752863817963,0.5928165242936327,0.5931752863817963,0.5928165242936327,0.5931752863817963,0.5928165242936327,0.5931752863817963,0.5928165242936327,0.21230485520321735,0.22428792228123862,0.21230485520321735,0.22428792228123862,0.21230485520321735,0.22428792228123862,0.5931752863817963,0.5928165242936327,0.5931752863817963,0.5928165242936327,0.5931752863817963,0.5928165242936327
0.588,0.588,0.2007821471802353,0.588,0.579,0.579,0.2037493758605558,0.579,0.5920364193687306,0.577208450745378,0.5920364193687306,0.577208450745378,0.5920364193687306,0.577208450745378,0.5920364193687306,0.577208450745378,0.5920364193687306,0.577208450745378,0.5920364193687306,0.577208450745378,0.19910701205220133,0.20177387934821056,0.19910701205220133,0.20177387934821056,0.19910701205220133,0.20177387934821056,0.5920364193687306,0.577208450745378,0.5920364193687306,0.577208450745378,0.5920364193687306,0.577208450745378
0.579,0.579,0.1943508879363135,0.579,0.566,0.566,0.1829480889645278,0.566,0.5740695315659055,0.5766774937751408,0.5740695315659055,0.5766774937751408,0.5740695315659055,0.5766774937751408,0.5740695315659055,0.5766774937751408,0.5740695315659055,0.5766774937751408,0.5740695315659055,0.5766774937751408,0.23584856330053122,0.22672455229025745,0.23584856330053122,0.22672455229025745,0.23584856330053122,0.22672455229025745,0.5740695315659055,0.5766774937751408,0.5740695315659055,0.5766774937751408,0.5740695315659055,0.5766774937751408
0.592,0.592,0.2127959250612591,0.592,0.567,0.567,0.1833886541943271,0.567,0.6122856376276384,0.603772955308759,0.6122856376276384,0.603772955308759,0.6122856376276384,0.603772955308759,0.6122856376276384,0.603772955308759,0.6122856376276384,0.603772955308759,0.6122856376276384,0.603772955308759,0.24516144020606587,0.25131391464176234,0.24516144020606587,0.25131391464176234,0.24516144020606587,0.25131391464176234,0.6122856376276384,0.603772955308759,0.6122856376276384,0.603772955308759,0.6122856376276384,0.603772955308759
0.621,0.621,0.2616173502388541,0.621,0.585,0.585,0.2121110866412011,0.585,0.6187993917953677,0.6301529074484117,0.6187993917953677,0.6301529074484117,0.6187993917953677,0.6301529074484117,0.6187993917953677,0.6301529074484117,0.6187993917953677,0.6301529074484117,0.6187993917953677,0.6301529074484117,0.25962940527974343,0.2640579152723415,0.25962940527974343,0.2640579152723415,0.25962940527974343,0.2640579152723415,0.6187993917953677,0.6301529074484117,0.6187993917953677,0.6301529074484117,0.6187993917953677,0.6301529074484117
0.606,0.606,0.2454651305307024,0.606,0.592,0.592,0.2138849497502929,0.592,0.6135844762500238,0.6169359728464682,0.6135844762500238,0.6169359728464682,0.6135844762500238,0.6169359728464682,0.6135844762500238,0.6169359728464682,0.6135844762500238,0.6169359728464682,0.6135844762500238,0.6169359728464682,0.28386041268352075,0.28206367390807596,0.28386041268352075,0.28206367390807596,0.28386041268352075,0.28206367390807596,0.6135844762500238,0.6169359728464682,0.6135844762500238,0.6169359728464682,0.6135844762500238,0.6169359728464682
0.629,0.629,0.2871032950815892,0.629,0.595,0.595,0.216076433515539,0.595,0.6187627250979223,0.6182310811792885,0.6187627250979223,0.6182310811792885,0.6187627250979223,0.6182310811792885,0.6187627250979223,0.6182310811792885,0.6187627250979223,0.6182310811792885,0.6187627250979223,0.6182310811792885,0.2727521229043,0.2657896040349513,0.2727521229043,0.2657896040349513,0.2727521229043,0.2657896040349513,0.6187627250979223,0.6182310811792885,0.6187627250979223,0.6182310811792885,0.6187627250979223,0.6182310811792885
0.615,0.615,0.2699318097347482,0.615,0.592,0.592,0.2063492063492064,0.592,0.606559553250293,0.6007565744466472,0.606559553250293,0.6007565744466472,0.606559553250293,0.6007565744466472,0.606559553250293,0.6007565744466472,0.606559553250293,0.6007565744466472,0.606559553250293,0.6007565744466472,0.2447223113010954,0.24939307918745152,0.2447223113010954,0.24939307918745152,0.2447223113010954,0.24939307918745152,0.606559553250293,0.6007565744466472,0.606559553250293,0.6007565744466472,0.606559553250293,0.6007565744466472
0.631,0.631,0.2915127450905097,0.631,0.588,0.588,0.2007821471802353,0.588,0.5852227119553999,0.5848372013543336,0.5852227119553999,0.5848372013543336,0.5852227119553999,0.5848372013543336,0.5852227119553999,0.5848372013543336,0.5852227119553999,0.5848372013543336,0.5852227119553999,0.5848372013543336,0.24417742929145883,0.23220895054608925,0.24417742929145883,0.23220895054608925,0.24417742929145883,0.23220895054608925,0.5852227119553999,0.5848372013543336,0.5852227119553999,0.5848372013543336,0.5852227119553999,0.5848372013543336
0.635,0.635,0.2943751063270389,0.635,0.579,0.579,0.1943508879363135,0.579,0.5898481801642936,0.5859994834673777,0.5898481801642936,0.5859994834673777,0.5898481801642936,0.5859994834673777,0.5898481801642936,0.5859994834673777,0.5898481801642936,0.5859994834673777,0.5898481801642936,0.5859994834673777,0.22123609766361643,0.22699785476212866,0.22123609766361643,0.22699785476212866,0.22123609766361643,0.22699785476212866,0.5898481801642936,0.5859994834673777,0.5898481801642936,0.5859994834673777,0.5898481801642936,0.5859994834673777
0.627,0.627,0.2752046138181366,0.627,0.592,0.592,0.2127959250612591,0.592,0.5954344933668447,0.5788819872296647,0.5954344933668447,0.5788819872296647,0.5954344933668447,0.5788819872296647,0.5954344933668447,0.5788819872296647,0.5954344933668447,0.5788819872296647,0.5954344933668447,0.5788819872296647,0.2051870993259741,0.2132451210858648,0.2051870993259741,0.2132451210858648,0.2051870993259741,0.2132451210858648,0.5954344933668447,0.5788819872296647,0.5954344933668447,0.5788819872296647,0.5954344933668447,0.5788819872296647
0.619,0.619,0.2651880424300867,0.619,0.621,0.621,0.2616173502388541,0.621,0.5783531046373748,0.5943013016858723,0.5783531046373748,0.5943013016858723,0.5783531046373748,0.5943013016858723,0.5783531046373748,0.5943013016858723,0.5783531046373748,0.5943013016858723,0.5783531046373748,0.5943013016858723,0.22393622778496144,0.24554647641585634,0.22393622778496144,0.24554647641585634,0.22393622778496144,0.24554647641585634,0.5783531046373748,0.5943013016858723,0.5783531046373748,0.5943013016858723,0.5783531046373748,0.5943013016858723
0.57,0.57,0.1805621724630777,0.57,0.606,0.606,0.2454651305307024,0.606,0.5688972213703631,0.5710014542384095,0.5688972213703631,0.5710014542384095,0.5688972213703631,0.5710014542384095,0.5688972213703631,0.5710014542384095,0.5688972213703631,0.5710014542384095,0.5688972213703631,0.5710014542384095,0.2066568330151627,0.21156804879204333,0.2066568330151627,0.21156804879204333,0.2066568330151627,0.21156804879204333,0.5688972213703631,0.5710014542384095,0.5688972213703631,0.5710014542384095,0.5688972213703631,0.5710014542384095
0.59,0.59,0.18,0.59,0.629,0.629,0.2871032950815892,0.629,0.5973872018239659,0.6115887956056807,0.5973872018239659,0.6115887956056807,0.5973872018239659,0.6115887956056807,0.5973872018239659,0.6115887956056807,0.5973872018239659,0.6115887956056807,0.5973872018239659,0.6115887956056807,0.21346767116360854,0.20192798152103777,0.21346767116360854,0.20192798152103777,0.21346767116360854,0.20192798152103777,0.5973872018239659,0.6115887956056807,0.5973872018239659,0.6115887956056807,0.5973872018239659,0.6115887956056807
0.656,0.656,0.1628377852192197,0.656,0.615,0.615,0.2699318097347482,0.615,0.6319481286602636,0.6382083220060321,0.6319481286602636,0.6382083220060321,0.6319481286602636,0.6382083220060321,0.6319481286602636,0.6382083220060321,0.6319481286602636,0.6382083220060321,0.6319481286602636,0.6382083220060321,0.18812096257926003,0.19278953605322227,0.18812096257926003,0.19278953605322227,0.18812096257926003,0.19278953605322227,0.6319481286602636,0.6382083220060321,0.6319481286602636,0.6382083220060321,0.6319481286602636,0.6382083220060321
0.685,0.685,0.0973798225706623,0.685,0.631,0.631,0.2915127450905097,0.631,0.6699652339971723,0.6696760632963609,0.6699652339971723,0.6696760632963609,0.6699652339971723,0.6696760632963609,0.6699652339971723,0.6696760632963609,0.6699652339971723,0.6696760632963609,0.6699652339971723,0.6696760632963609,0.11853912241821817,0.14346999807695546,0.11853912241821817,0.14346999807695546,0.11853912241821817,0.14346999807695546,0.6699652339971723,0.6696760632963609,0.6699652339971723,0.6696760632963609,0.6699652339971723,0.6696760632963609
0.728,0.728,0.0086090639374256,0.728,0.635,0.635,0.2943751063270389,0.635,0.6755511809017545,0.674450472125418,0.6755511809017545,0.674450472125418,0.6755511809017545,0.674450472125418,0.6755511809017545,0.674450472125418,0.6755511809017545,0.674450472125418,0.6755511809017545,0.674450472125418,0.019808917963345468,0.01998707600349151,0.019808917963345468,0.01998707600349151,0.019808917963345468,0.01998707600349151,0.6755511809017545,0.674450472125418,0.6755511809017545,0.674450472125418,0.6755511809017545,0.674450472125418
0.706,0.706,0.0122029889259217,0.706,0.627,0.627,0.2752046138181366,0.627,0.66702870548282,0.666821261305176,0.66702870548282,0.666821261305176,0.66702870548282,0.666821261305176,0.66702870548282,0.666821261305176,0.66702870548282,0.666821261305176,0.66702870548282,0.666821261305176,0.03650270404420747,0.025022087089718908,0.03650270404420747,0.025022087089718908,0.03650270404420747,0.025022087089718908,0.66702870548282,0.666821261305176,0.66702870548282,0.666821261305176,0.66702870548282,0.666821261305176
0.726,0.726,0.003288420685039,0.726,0.619,0.619,0.2651880424300867,0.619,0.656031221091898,0.6448432339895597,0.656031221091898,0.6448432339895597,0.656031221091898,0.6448432339895597,0.656031221091898,0.6448432339895597,0.656031221091898,0.6448432339895597,0.656031221091898,0.6448432339895597,0.0382553106515419,0.03227086359527721,0.0382553106515419,0.03227086359527721,0.0382553106515419,0.03227086359527721,0.656031221091898,0.6448432339895597,0.656031221091898,0.6448432339895597,0.656031221091898,0.6448432339895597
0.722,0.722,0.0175914735421126,0.722,0.57,0.57,0.1805621724630777,0.57,0.6438100900207997,0.6351643275339574,0.6438100900207997,0.6351643275339574,0.6438100900207997,0.6351643275339574,0.6438100900207997,0.6351643275339574,0.6438100900207997,0.6351643275339574,0.6438100900207997,0.6351643275339574,0.04164701771874287,0.03463548040755348,0.04164701771874287,0.03463548040755348,0.04164701771874287,0.03463548040755348,0.6438100900207997,0.6351643275339574,0.6438100900207997,0.6351643275339574,0.6438100900207997,0.6351643275339574
0.68,0.68,0.0162321692080668,0.68,0.59,0.59,0.18,0.59,0.6324527663858713,0.6241594110324388,0.6324527663858713,0.6241594110324388,0.6324527663858713,0.6241594110324388,0.6324527663858713,0.6241594110324388,0.6324527663858713,0.6241594110324388,0.6324527663858713,0.6241594110324388,0.049037810009315445,0.047051583317312975,0.049037810009315445,0.047051583317312975,0.049037810009315445,0.047051583317312975,0.6324527663858713,0.6241594110324388,0.6324527663858713,0.6241594110324388,0.6324527663858713,0.6241594110324388
0.681,0.681,0.0295456204823675,0.681,0.656,0.656,0.1628377852192197,0.656,0.6252598595600987,0.6244139425668677,0.6252598595600987,0.6244139425668677,0.6252598595600987,0.6244139425668677,0.6252598595600987,0.6244139425668677,0.6252598595600987,0.6244139425668677,0.6252598595600987,0.6244139425668677,0.03614337434009748,0.03673427258370775,0.03614337434009748,0.03673427258370775,0.03614337434009748,0.03673427258370775,0.6252598595600987,0.6244139425668677,0.6252598595600987,0.6244139425668677,0.6252598595600987,0.6244139425668677
0.643,0.643,0.0437056006171715,0.643,0.685,0.685,0.0973798225706623,0.685,0.617673043489484,0.6095051948750247,0.617673043489484,0.6095051948750247,0.617673043489484,0.6095051948750247,0.617673043489484,0.6095051948750247,0.617673043489484,0.6095051948750247,0.617673043489484,0.6095051948750247,0.0362475122941933,0.03537724379007014,0.0362475122941933,0.03537724379007014,0.0362475122941933,0.03537724379007014,0.617673043489484,0.6095051948750247,0.617673043489484,0.6095051948750247,0.617673043489484,0.6095051948750247
0.646,0.646,0.0458581077802994,0.646,0.728,0.728,0.0086090639374256,0.728,0.587015897019817,0.5895965410722482,0.587015897019817,0.5895965410722482,0.587015897019817,0.5895965410722482,0.587015897019817,0.5895965410722482,0.587015897019817,0.5895965410722482,0.587015897019817,0.5895965410722482,0.028435702264138413,0.0355335544232493,0.028435702264138413,0.0355335544232493,0.028435702264138413,0.0355335544232493,0.587015897019817,0.5895965410722482,0.587015897019817,0.5895965410722482,0.587015897019817,0.5895965410722482
0.647,0.647,0.0510038389986342,0.647,0.706,0.706,0.0122029889259217,0.706,0.5837816560125921,0.5784155413794435,0.5837816560125921,0.5784155413794435,0.5837816560125921,0.5784155413794435,0.5837816560125921,0.5784155413794435,0.5837816560125921,0.5784155413794435,0.5837816560125921,0.5784155413794435,0.03149886666743724,0.03182450241976314,0.03149886666743724,0.03182450241976314,0.03149886666743724,0.03182450241976314,0.5837816560125921,0.5784155413794435,0.5837816560125921,0.5784155413794435,0.5837816560125921,0.5784155413794435
0.616,0.616,0.0316528475458451,0.616,0.726,0.726,0.003288420685039,0.726,0.5724835752438321,0.5718343049207386,0.5724835752438321,0.5718343049207386,0.5724835752438321,0.5718343049207386,0.5724835752438321,0.5718343049207386,0.5724835752438321,0.5718343049207386,0.5724835752438321,0.5718343049207386,0.07561587367476029,0.06800876307993697,0.07561587367476029,0.06800876307993697,0.07561587367476029,0.06800876307993697,0.5724835752438321,0.5718343049207386,0.5724835752438321,0.5718343049207386,0.5724835752438321,0.5718343049207386
0.609,0.609,0.0916693769455931,0.609,0.722,0.722,0.0175914735421126,0.722,0.5777221847736645,0.5639811631802337,0.5777221847736645,0.5639811631802337,0.5777221847736645,0.5639811631802337,0.5777221847736645,0.5639811631802337,0.5777221847736645,0.5639811631802337,0.5777221847736645,0.5639811631802337,0.10347380311913544,0.10308962101777439,0.10347380311913544,0.10308962101777439,0.10347380311913544,0.10308962101777439,0.5777221847736645,0.5639811631802337,0.5777221847736645,0.5639811631802337,0.5777221847736645,0.5639811631802337
0.576,0.576,0.0652598533516165,0.576,0.68,0.68,0.0162321692080668,0.68,0.5637780995088831,0.5537366902182026,0.5637780995088831,0.5537366902182026,0.5637780995088831,0.5537366902182026,0.5637780995088831,0.5537366902182026,0.5637780995088831,0.5537366902182026,0.5637780995088831,0.5537366902182026,0.09707772716932311,0.08794162802117604,0.09707772716932311,0.08794162802117604,0.09707772716932311,0.08794162802117604,0.5637780995088831,0.5537366902182026,0.5637780995088831,0.5537366902182026,0.5637780995088831,0.5537366902182026
0.575,0.575,0.0959524194440426,0.575,0.681,0.681,0.0295456204823675,0.681,0.5636914971196002,0.5596446455216217,0.5636914971196002,0.5596446455216217,0.5636914971196002,0.5596446455216217,0.5636914971196002,0.5596446455216217,0.5636914971196002,0.5596446455216217,0.5636914971196002,0.5596446455216217,0.14127945848450743,0.15082301894198114,0.14127945848450743,0.15082301894198114,0.14127945848450743,0.15082301894198114,0.5636914971196002,0.5596446455216217,0.5636914971196002,0.5596446455216217,0.5636914971196002,0.5596446455216217
0.577,0.577,0.1176470588235293,0.577,0.643,0.643,0.0437056006171715,0.643,0.5715727020669484,0.5740212980352319,0.5715727020669484,0.5740212980352319,0.5715727020669484,0.5740212980352319,0.5715727020669484,0.5740212980352319,0.5715727020669484,0.5740212980352319,0.5715727020669484,0.5740212980352319,0.1610687023121397,0.15504051045295772,0.1610687023121397,0.15504051045295772,0.1610687023121397,0.15504051045295772,0.5715727020669484,0.5740212980352319,0.5715727020669484,0.5740212980352319,0.5715727020669484,0.5740212980352319
0.613,0.613,0.2030477759472817,0.613,0.646,0.646,0.0458581077802994,0.646,0.5797105360398225,0.5875824695119785,0.5797105360398225,0.5875824695119785,0.5797105360398225,0.5875824695119785,0.5797105360398225,0.5875824695119785,0.5797105360398225,0.5875824695119785,0.5797105360398225,0.5875824695119785,0.19972745553312493,0.20448937325696162,0.19972745553312493,0.20448937325696162,0.19972745553312493,0.20448937325696162,0.5797105360398225,0.5875824695119785,0.5797105360398225,0.5875824695119785,0.5797105360398225,0.5875824695119785
0.625,0.625,0.2281790789192036,0.625,0.647,0.647,0.0510038389986342,0.647,0.6176520280687975,0.6153498527560733,0.6176520280687975,0.6153498527560733,0.6176520280687975,0.6153498527560733,0.6176520280687975,0.6153498527560733,0.6176520280687975,0.6153498527560733,0.6176520280687975,0.6153498527560733,0.2097256543181596,0.22016860667753838,0.2097256543181596,0.22016860667753838,0.2097256543181596,0.22016860667753838,0.6176520280687975,0.6153498527560733,0.6176520280687975,0.6153498527560733,0.6176520280687975,0.6153498527560733
0.637,0.637,0.2502912091997323,0.637,0.616,0.616,0.0316528475458451,0.616,0.6007936768288046,0.5961939313429107,0.6007936768288046,0.5961939313429107,0.6007936768288046,0.5961939313429107,0.6007936768288046,0.5961939313429107,0.6007936768288046,0.5961939313429107,0.6007936768288046,0.5961939313429107,0.2124565158438557,0.21763414781547163,0.2124565158438557,0.21763414781547163,0.2124565158438557,0.21763414781547163,0.6007936768288046,0.5961939313429107,0.6007936768288046,0.5961939313429107,0.6007936768288046,0.5961939313429107
0.628,0.628,0.248594143882102,0.628,0.609,0.609,0.0916693769455931,0.609,0.6048851987002039,0.6086902908038897,0.6048851987002039,0.6086902908038897,0.6048851987002039,0.6086902908038897,0.6048851987002039,0.6086902908038897,0.6048851987002039,0.6086902908038897,0.6048851987002039,0.6086902908038897,0.2368699049539468,0.23683163022788098,0.2368699049539468,0.23683163022788098,0.2368699049539468,0.23683163022788098,0.6048851987002039,0.6086902908038897,0.6048851987002039,0.6086902908038897,0.6048851987002039,0.6086902908038897
0.63,0.63,0.26,0.63,0.576,0.576,0.0652598533516165,0.576,0.6026293346611578,0.6097759648755066,0.6026293346611578,0.6097759648755066,0.6026293346611578,0.6097759648755066,0.6026293346611578,0.6097759648755066,0.6026293346611578,0.6097759648755066,0.6026293346611578,0.6097759648755066,0.2306269445494994,0.22868613228071608,0.2306269445494994,0.22868613228071608,0.2306269445494994,0.22868613228071608,0.6026293346611578,0.6097759648755066,0.6026293346611578,0.6097759648755066,0.6026293346611578,0.6097759648755066
0.627,0.627,0.2528044871794872,0.627,0.575,0.575,0.0959524194440426,0.575,0.5910305710839736,0.6004100628921558,0.5910305710839736,0.6004100628921558,0.5910305710839736,0.6004100628921558,0.5910305710839736,0.6004100628921558,0.5910305710839736,0.6004100628921558,0.5910305710839736,0.6004100628921558,0.17795305082127513,0.18500976649080106,0.17795305082127513,0.18500976649080106,0.17795305082127513,0.18500976649080106,0.5910305710839736,0.6004100628921558,0.5910305710839736,0.6004100628921558,0.5910305710839736,0.6004100628921558
0.619,0.619,0.2303527852744873,0.619,0.577,0.577,0.1176470588235293,0.577,0.5902203320139016,0.5909770059343058,0.5902203320139016,0.5909770059343058,0.5902203320139016,0.5909770059343058,0.5902203320139016,0.5909770059343058,0.5902203320139016,0.5909770059343058,0.5902203320139016,0.5909770059343058,0.1744956015364794,0.1839514957196803,0.1744956015364794,0.1839514957196803,0.1744956015364794,0.1839514957196803,0.5902203320139016,0.5909770059343058,0.5902203320139016,0.5909770059343058,0.5902203320139016,0.5909770059343058
0.613,0.613,0.2176444426474749,0.613,0.613,0.613,0.2030477759472817,0.613,0.589002803531015,0.5828636310689176,0.589002803531015,0.5828636310689176,0.589002803531015,0.5828636310689176,0.589002803531015,0.5828636310689176,0.589002803531015,0.5828636310689176,0.589002803531015,0.5828636310689176,0.18458905966048808,0.19107645473362342,0.18458905966048808,0.19107645473362342,0.18458905966048808,0.19107645473362342,0.589002803531015,0.5828636310689176,0.589002803531015,0.5828636310689176,0.589002803531015,0.5828636310689176
0.62,0.62,0.2353755513344708,0.62,0.625,0.625,0.2281790789192036,0.625,0.6052561454064722,0.6035394477052146,0.6052561454064722,0.6035394477052146,0.6052561454064722,0.6035394477052146,0.6052561454064722,0.6035394477052146,0.6052561454064722,0.6035394477052146,0.6052561454064722,0.6035394477052146,0.21389490901979913,0.22055189746605863,0.21389490901979913,0.22055189746605863,0.21389490901979913,0.22055189746605863,0.6052561454064722,0.6035394477052146,0.6052561454064722,0.6035394477052146,0.6052561454064722,0.6035394477052146
0.61,0.61,0.2170184060903922,0.61,0.637,0.637,0.2502912091997323,0.637,0.6091348613367212,0.6101712243052458,0.6091348613367212,0.6101712243052458,0.6091348613367212,0.6101712243052458,0.6091348613367212,0.6101712243052458,0.6091348613367212,0.6101712243052458,0.6091348613367212,0.6101712243052458,0.22432083662956315,0.2328753456354854,0.22432083662956315,0.2328753456354854,0.22432083662956315,0.2328753456354854,0.6091348613367212,0.6101712243052458,0.6091348613367212,0.6101712243052458,0.6091348613367212,0.6101712243052458
0.616,0.616,0.2319999999999999,0.616,0.628,0.628,0.248594143882102,0.628,0.6069942578332855,0.6047054101818988,0.6069942578332855,0.6047054101818988,0.6069942578332855,0.6047054101818988,0.6069942578332855,0.6047054101818988,0.6069942578332855,0.6047054101818988,0.6069942578332855,0.6047054101818988,0.2371704196182666,0.24000229316200775,0.2371704196182666,0.24000229316200775,0.2371704196182666,0.24000229316200775,0.6069942578332855,0.6047054101818988,0.6069942578332855,0.6047054101818988,0.6069942578332855,0.6047054101818988
0.632,0.632,0.2626994017446776,0.632,0.63,0.63,0.26,0.63,0.6015028409836998,0.6140493273538956,0.6015028409836998,0.6140493273538956,0.6015028409836998,0.6140493273538956,0.6015028409836998,0.6140493273538956,0.6015028409836998,0.6140493273538956,0.6015028409836998,0.6140493273538956,0.22755605335650536,0.22829914749278316,0.22755605335650536,0.22829914749278316,0.22755605335650536,0.22829914749278316,0.6015028409836998,0.6140493273538956,0.6015028409836998,0.6140493273538956,0.6015028409836998,0.6140493273538956
0.648,0.648,0.294439299731005,0.648,0.627,0.627,0.2528044871794872,0.627,0.5886591060699765,0.5908993573505306,0.5886591060699765,0.5908993573505306,0.5886591060699765,0.5908993573505306,0.5886591060699765,0.5908993573505306,0.5886591060699765,0.5908993573505306,0.5886591060699765,0.5908993573505306,0.1997976679591597,0.19902272624890255,0.1997976679591597,0.19902272624890255,0.1997976679591597,0.19902272624890255,0.5886591060699765,0.5908993573505306,0.5886591060699765,0.5908993573505306,0.5886591060699765,0.5908993573505306
0.651,0.651,0.3024966224048477,0.651,0.619,0.619,0.2303527852744873,0.619,0.578341545791893,0.5807557742993157,0.578341545791893,0.5807557742993157,0.578341545791893,0.5807557742993157,0.578341545791893,0.5807557742993157,0.578341545791893,0.5807557742993157,0.578341545791893,0.5807557742993157,0.19629418681966654,0.21054367637659735,0.19629418681966654,0.21054367637659735,0.19629418681966654,0.21054367637659735,0.578341545791893,0.5807557742993157,0.578341545791893,0.5807557742993157,0.578341545791893,0.5807557742993157
0.657,0.657,0.3186332936034962,0.657,0.613,0.613,0.2176444426474749,0.613,0.588609469778541,0.5922704176257448,0.588609469778541,0.5922704176257448,0.588609469778541,0.5922704176257448,0.588609469778541,0.5922704176257448,0.588609469778541,0.5922704176257448,0.588609469778541,0.5922704176257448,0.21040428534838726,0.20975745968327844,0.21040428534838726,0.20975745968327844,0.21040428534838726,0.20975745968327844,0.588609469778541,0.5922704176257448,0.588609469778541,0.5922704176257448,0.588609469778541,0.5922704176257448
0.632,0.632,0.2706429837044201,0.632,0.62,0.62,0.2353755513344708,0.62,0.589865465268043,0.590277486955393,0.589865465268043,0.590277486955393,0.589865465268043,0.590277486955393,0.589865465268043,0.590277486955393,0.589865465268043,0.590277486955393,0.589865465268043,0.590277486955393,0.21928740389137216,0.2251310451789352,0.21928740389137216,0.2251310451789352,0.21928740389137216,0.2251310451789352,0.589865465268043,0.590277486955393,0.589865465268043,0.590277486955393,0.589865465268043,0.590277486955393
0.613,0.613,0.2391594973341092,0.613,0.61,0.61,0.2170184060903922,0.61,0.5908006089922665,0.5876954909689617,0.5908006089922665,0.5876954909689617,0.5908006089922665,0.5876954909689617,0.5908006089922665,0.5876954909689617,0.5908006089922665,0.5876954909689617,0.5908006089922665,0.5876954909689617,0.21315572796746682,0.21866938026922664,0.21315572796746682,0.21866938026922664,0.21315572796746682,0.21866938026922664,0.5908006089922665,0.5876954909689617,0.5908006089922665,0.5876954909689617,0.5908006089922665,0.5876954909689617
0.594,0.594,0.2005356017643352,0.594,0.616,0.616,0.2319999999999999,0.616,0.5945017513942288,0.5902258760309386,0.5945017513942288,0.5902258760309386,0.5945017513942288,0.5902258760309386,0.5945017513942288,0.5902258760309386,0.5945017513942288,0.5902258760309386,0.5945017513942288,0.5902258760309386,0.21953781223143723,0.22026520943381983,0.21953781223143723,0.22026520943381983,0.21953781223143723,0.22026520943381983,0.5945017513942288,0.5902258760309386,0.5945017513942288,0.5902258760309386,0.5945017513942288,0.5902258760309386
0.587,0.587,0.1915530012371392,0.587,0.632,0.632,0.2626994017446776,0.632,0.5792788594682629,0.573936289081795,0.5792788594682629,0.573936289081795,0.5792788594682629,0.573936289081795,0.5792788594682629,0.573936289081795,0.5792788594682629,0.573936289081795,0.5792788594682629,0.573936289081795,0.17873667367683221,0.1873304957410651,0.17873667367683221,0.1873304957410651,0.17873667367683221,0.1873304957410651,0.5792788594682629,0.573936289081795,0.5792788594682629,0.573936289081795,0.5792788594682629,0.573936289081795
0.597,0.597,0.2096489507746616,0.597,0.648,0.648,0.294439299731005,0.648,0.5924894047646376,0.5936869993739332,0.5924894047646376,0.5936869993739332,0.5924894047646376,0.5936869993739332,0.5924894047646376,0.5936869993739332,0.5924894047646376,0.5936869993739332,0.5924894047646376,0.5936869993739332,0.1951521697126337,0.19049288146978824,0.1951521697126337,0.19049288146978824,0.1951521697126337,0.19049288146978824,0.5924894047646376,0.5936869993739332,0.5924894047646376,0.5936869993739332,0.5924894047646376,0.5936869993739332
0.607,0.607,0.2299915357848209,0.607,0.651,0.651,0.3024966224048477,0.651,0.5881278066715729,0.5789426343399897,0.5881278066715729,0.5789426343399897,0.5881278066715729,0.5789426343399897,0.5881278066715729,0.5789426343399897,0.5881278066715729,0.5789426343399897,0.5881278066715729,0.5789426343399897,0.18288376253675137,0.18024912459364198,0.18288376253675137,0.18024912459364198,0.18288376253675137,0.18024912459364198,0.5881278066715729,0.5789426343399897,0.5881278066715729,0.5789426343399897,0.5881278066715729,0.5789426343399897
0.605,0.605,0.2309010335132439,0.605,0.657,0.657,0.3186332936034962,0.657,0.5879693869881287,0.5758051790916416,0.5879693869881287,0.5758051790916416,0.5879693869881287,0.5758051790916416,0.5879693869881287,0.5758051790916416,0.5879693869881287,0.5758051790916416,0.5879693869881287,0.5758051790916416,0.19449004157190028,0.193422200805908,0.19449004157190028,0.193422200805908,0.19449004157190028,0.193422200805908,0.5879693869881287,0.5758051790916416,0.5879693869881287,0.5758051790916416,0.5879693869881287,0.5758051790916416
0.612,0.612,0.244312870052976,0.612,0.632,0.632,0.2706429837044201,0.632,0.5949433888434159,0.5933934578536598,0.5949433888434159,0.5933934578536598,0.5949433888434159,0.5933934578536598,0.5949433888434159,0.5933934578536598,0.5949433888434159,0.5933934578536598,0.5949433888434159,0.5933934578536598,0.2121507085042478,0.21614859679415288,0.2121507085042478,0.21614859679415288,0.2121507085042478,0.21614859679415288,0.5949433888434159,0.5933934578536598,0.5949433888434159,0.5933934578536598,0.5949433888434159,0.5933934578536598
0.628,0.628,0.2700815860420762,0.628,0.613,0.613,0.2391594973341092,0.613,0.6040503342057952,0.5983881962454793,0.6040503342057952,0.5983881962454793,0.6040503342057952,0.5983881962454793,0.6040503342057952,0.5983881962454793,0.6040503342057952,0.5983881962454793,0.6040503342057952,0.5983881962454793,0.22936306935580508,0.22567874690809336,0.22936306935580508,0.22567874690809336,0.22936306935580508,0.22567874690809336,0.6040503342057952,0.5983881962454793,0.6040503342057952,0.5983881962454793,0.6040503342057952,0.5983881962454793
0.641,0.641,0.2871836008545854,0.641,0.594,0.594,0.2005356017643352,0.594,0.5922143014549571,0.5837847137071069,0.5922143014549571,0.5837847137071069,0.5922143014549571,0.5837847137071069,0.5922143014549571,0.5837847137071069,0.5922143014549571,0.5837847137071069,0.5922143014549571,0.5837847137071069,0.2038139988705884,0.2126787378859474,0.2038139988705884,0.2126787378859474,0.2038139988705884,0.2126787378859474,0.5922143014549571,0.5837847137071069,0.5922143014549571,0.5837847137071069,0.5922143014549571,0.5837847137071069
0.626,0.626,0.2565942475501401,0.626,0.587,0.587,0.1915530012371392,0.587,0.5862666449233921,0.5867027727492956,0.5862666449233921,0.5867027727492956,0.5862666449233921,0.5867027727492956,0.5862666449233921,0.5867027727492956,0.5862666449233921,0.5867027727492956,0.5862666449233921,0.5867027727492956,0.19663159026865068,0.2001143448439462,0.19663159026865068,0.2001143448439462,0.19663159026865068,0.2001143448439462,0.5862666449233921,0.5867027727492956,0.5862666449233921,0.5867027727492956,0.5862666449233921,0.5867027727492956
0.609,0.609,0.2266613924050633,0.609,0.597,0.597,0.2096489507746616,0.597,0.5929126978703861,0.5965933151523556,0.5929126978703861,0.5965933151523556,0.5929126978703861,0.5965933151523556,0.5929126978703861,0.5965933151523556,0.5929126978703861,0.5965933151523556,0.5929126978703861,0.5965933151523556,0.2023022379046882,0.22481790315695513,0.2023022379046882,0.22481790315695513,0.2023022379046882,0.22481790315695513,0.5929126978703861,0.5965933151523556,0.5929126978703861,0.5965933151523556,0.5929126978703861,0.5965933151523556
0.626,0.626,0.2689601250977326,0.626,0.607,0.607,0.2299915357848209,0.607,0.6016783682355478,0.607589721193637,0.6016783682355478,0.607589721193637,0.6016783682355478,0.607589721193637,0.6016783682355478,0.607589721193637,0.6016783682355478,0.607589721193637,0.6016783682355478,0.607589721193637,0.2478893250447513,0.2341135297870533,0.2478893250447513,0.2341135297870533,0.2478893250447513,0.2341135297870533,0.6016783682355478,0.607589721193637,0.6016783682355478,0.607589721193637,0.6016783682355478,0.607589721193637
0.622,0.622,0.2626548327318833,0.622,0.605,0.605,0.2309010335132439,0.605,0.6040209599954572,0.6069361686491334,0.6040209599954572,0.6069361686491334,0.6040209599954572,0.6069361686491334,0.6040209599954572,0.6069361686491334,0.6040209599954572,0.6069361686491334,0.6040209599954572,0.6069361686491334,0.24901281072658277,0.2619160408675754,0.24901281072658277,0.2619160408675754,0.24901281072658277,0.2619160408675754,0.6040209599954572,0.6069361686491334,0.6040209599954572,0.6069361686491334,0.6040209599954572,0.6069361686491334
0.607,0.607,0.2361634804512272,0.607,0.612,0.612,0.244312870052976,0.612,0.6173238448873816,0.6162354541868457,0.6173238448873816,0.6162354541868457,0.6173238448873816,0.6162354541868457,0.6173238448873816,0.6162354541868457,0.6173238448873816,0.6162354541868457,0.6173238448873816,0.6162354541868457,0.25821849241786615,0.26301084669544467,0.25821849241786615,0.26301084669544467,0.25821849241786615,0.26301084669544467,0.6173238448873816,0.6162354541868457,0.6173238448873816,0.6162354541868457,0.6173238448873816,0.6162354541868457
0.601,0.601,0.2206605048713601,0.601,0.628,0.628,0.2700815860420762,0.628,0.6013880681049246,0.6148285509538394,0.6013880681049246,0.6148285509538394,0.6013880681049246,0.6148285509538394,0.6013880681049246,0.6148285509538394,0.6013880681049246,0.6148285509538394,0.6013880681049246,0.6148285509538394,0.24171974367576285,0.2527146124321097,0.24171974367576285,0.2527146124321097,0.24171974367576285,0.2527146124321097,0.6013880681049246,0.6148285509538394,0.6013880681049246,0.6148285509538394,0.6013880681049246,0.6148285509538394
0.608,0.608,0.2335576610995318,0.608,0.641,0.641,0.2871836008545854,0.641,0.5934279900573749,0.6087022731578526,0.5934279900573749,0.6087022731578526,0.5934279900573749,0.6087022731578526,0.5934279900573749,0.6087022731578526,0.5934279900573749,0.6087022731578526,0.5934279900573749,0.6087022731578526,0.2316735404476498,0.23365238262336718,0.2316735404476498,0.23365238262336718,0.2316735404476498,0.23365238262336718,0.5934279900573749,0.6087022731578526,0.5934279900573749,0.6087022731578526,0.5934279900573749,0.6087022731578526
0.614,0.614,0.2396905185862182,0.614,0.626,0.626,0.2565942475501401,0.626,0.6025952241438184,0.5928895635689961,0.6025952241438184,0.5928895635689961,0.6025952241438184,0.5928895635689961,0.6025952241438184,0.5928895635689961,0.6025952241438184,0.5928895635689961,0.6025952241438184,0.5928895635689961,0.20765328325489196,0.21091244750371782,0.20765328325489196,0.21091244750371782,0.20765328325489196,0.21091244750371782,0.6025952241438184,0.5928895635689961,0.6025952241438184,0.5928895635689961,0.6025952241438184,0.5928895635689961
0.626,0.626,0.2642429965376142,0.626,0.609,0.609,0.2266613924050633,0.609,0.5945138021836485,0.5835011007307458,0.5945138021836485,0.5835011007307458,0.5945138021836485,0.5835011007307458,0.5945138021836485,0.5835011007307458,0.5945138021836485,0.5835011007307458,0.5945138021836485,0.5835011007307458,0.2190414125722412,0.20461746255897614,0.2190414125722412,0.20461746255897614,0.2190414125722412,0.20461746255897614,0.5945138021836485,0.5835011007307458,0.5945138021836485,0.5835011007307458,0.5945138021836485,0.5835011007307458
0.64,0.64,0.2903747215706372,0.64,0.626,0.626,0.2689601250977326,0.626,0.6034489088735508,0.6134226079598588,0.6034489088735508,0.6134226079598588,0.6034489088735508,0.6134226079598588,0.6034489088735508,0.6134226079598588,0.6034489088735508,0.6134226079598588,0.6034489088735508,0.6134226079598588,0.27577818443095276,0.25409117212269733,0.27577818443095276,0.25409117212269733,0.27577818443095276,0.25409117212269733,0.6034489088735508,0.6134226079598588,0.6034489088735508,0.6134226079598588,0.6034489088735508,0.6134226079598588
0.655,0.655,0.320229191131848,0.655,0.622,0.622,0.2626548327318833,0.622,0.6305788406813442,0.6107959544393069,0.6305788406813442,0.6107959544393069,0.6305788406813442,0.6107959544393069,0.6305788406813442,0.6107959544393069,0.6305788406813442,0.6107959544393069,0.6305788406813442,0.6107959544393069,0.2723740948486439,0.25175898948640524,0.2723740948486439,0.25175898948640524,0.2723740948486439,0.25175898948640524,0.6305788406813442,0.6107959544393069,0.6305788406813442,0.6107959544393069,0.6305788406813442,0.6107959544393069
0.655,0.655,0.3184727468116377,0.655,0.607,0.607,0.2361634804512272,0.607,0.6321664454572627,0.6299414511804794,0.6321664454572627,0.6299414511804794,0.6321664454572627,0.6299414511804794,0.6321664454572627,0.6299414511804794,0.6321664454572627,0.6299414511804794,0.6321664454572627,0.6299414511804794,0.2675065439984384,0.20091511676913448,0.2675065439984384,0.20091511676913448,0.2675065439984384,0.20091511676913448,0.6321664454572627,0.6299414511804794,0.6321664454572627,0.6299414511804794,0.6321664454572627,0.6299414511804794
0.633,0.633,0.2858755127297069,0.633,0.601,0.601,0.2206605048713601,0.601,0.6393475054156887,0.6229309925557819,0.6393475054156887,0.6229309925557819,0.6393475054156887,0.6229309925557819,0.6393475054156887,0.6229309925557819,0.6393475054156887,0.6229309925557819,0.6393475054156887,0.6229309925557819,0.2699809648645122,0.21578153020905766,0.2699809648645122,0.21578153020905766,0.2699809648645122,0.21578153020905766,0.6393475054156887,0.6229309925557819,0.6393475054156887,0.6229309925557819,0.6393475054156887,0.6229309925557819
0.643,0.643,0.3057230204354692,0.643,0.608,0.608,0.2335576610995318,0.608,0.6286526800436414,0.6386487893664511,0.6286526800436414,0.6386487893664511,0.6286526800436414,0.6386487893664511,0.6286526800436414,0.6386487893664511,0.6286526800436414,0.6386487893664511,0.6286526800436414,0.6386487893664511,0.2723273098768474,0.26476573321701774,0.2723273098768474,0.26476573321701774,0.2723273098768474,0.26476573321701774,0.6286526800436414,0.6386487893664511,0.6286526800436414,0.6386487893664511,0.6286526800436414,0.6386487893664511
0.645,0.645,0.3090374015135,0.645,0.614,0.614,0.2396905185862182,0.614,0.6295545770740388,0.643897740275489,0.6295545770740388,0.643897740275489,0.6295545770740388,0.643897740275489,0.6295545770740388,0.643897740275489,0.6295545770740388,0.643897740275489,0.6295545770740388,0.643897740275489,0.2718611976732696,0.2920564700958833,0.2718611976732696,0.2920564700958833,0.2718611976732696,0.2920564700958833,0.6295545770740388,0.643897740275489,0.6295545770740388,0.643897740275489,0.6295545770740388,0.643897740275489
0.649,0.649,0.3126811310409649,0.649,0.626,0.626,0.2642429965376142,0.626,0.6380029158470477,0.6368190907659049,0.6380029158470477,0.6368190907659049,0.6380029158470477,0.6368190907659049,0.6380029158470477,0.6368190907659049,0.6380029158470477,0.6368190907659049,0.6380029158470477,0.6368190907659049,0.2895888770517161,0.2925232275928148,0.2895888770517161,0.2925232275928148,0.2895888770517161,0.2925232275928148,0.6380029158470477,0.6368190907659049,0.6380029158470477,0.6368190907659049,0.6380029158470477,0.6368190907659049
0.65,0.65,0.3140482910003136,0.65,0.64,0.64,0.2903747215706372,0.64,0.6381853868672493,0.636379913586191,0.6381853868672493,0.636379913586191,0.6381853868672493,0.636379913586191,0.6381853868672493,0.636379913586191,0.6381853868672493,0.636379913586191,0.6381853868672493,0.636379913586191,0.30396613484191465,0.2982308433458815,0.30396613484191465,0.2982308433458815,0.30396613484191465,0.2982308433458815,0.6381853868672493,0.636379913586191,0.6381853868672493,0.636379913586191,0.6381853868672493,0.636379913586191
0.654,0.654,0.3194950889573328,0.654,0.655,0.655,0.320229191131848,0.655,0.6433939991323254,0.6383953404097749,0.6433939991323254,0.6383953404097749,0.6433939991323254,0.6383953404097749,0.6433939991323254,0.6383953404097749,0.6433939991323254,0.6383953404097749,0.6433939991323254,0.6383953404097749,0.2991291646272779,0.27664648661659746,0.2991291646272779,0.27664648661659746,0.2991291646272779,0.27664648661659746,0.6433939991323254,0.6383953404097749,0.6433939991323254,0.6383953404097749,0.6433939991323254,0.6383953404097749
0.638,0.638,0.2962018228761626,0.638,0.655,0.655,0.3184727468116377,0.655,0.6277074037999094,0.6245479020468189,0.6277074037999094,0.6245479020468189,0.6277074037999094,0.6245479020468189,0.6277074037999094,0.6245479020468189,0.6277074037999094,0.6245479020468189,0.6277074037999094,0.6245479020468189,0.2838072758712383,0.29327478625855835,0.2838072758712383,0.29327478625855835,0.2838072758712383,0.29327478625855835,0.6277074037999094,0.6245479020468189,0.6277074037999094,0.6245479020468189,0.6277074037999094,0.6245479020468189
0.612,0.612,0.2301098482443329,0.612,0.633,0.633,0.2858755127297069,0.633,0.6015272095681958,0.6015934651050792,0.6015272095681958,0.6015934651050792,0.6015272095681958,0.6015934651050792,0.6015272095681958,0.6015934651050792,0.6015272095681958,0.6015934651050792,0.6015272095681958,0.6015934651050792,0.20331321371323235,0.24760462042602568,0.20331321371323235,0.24760462042602568,0.20331321371323235,0.24760462042602568,0.6015272095681958,0.6015934651050792,0.6015272095681958,0.6015934651050792,0.6015272095681958,0.6015934651050792
0.639,0.639,0.2171235253296322,0.639,0.643,0.643,0.3057230204354692,0.643,0.6070166947433574,0.602231865076513,0.6070166947433574,0.602231865076513,0.6070166947433574,0.602231865076513,0.6070166947433574,0.602231865076513,0.6070166947433574,0.602231865076513,0.6070166947433574,0.602231865076513,0.1881604942584736,0.19166548249237608,0.1881604942584736,0.19166548249237608,0.1881604942584736,0.19166548249237608,0.6070166947433574,0.602231865076513,0.6070166947433574,0.602231865076513,0.6070166947433574,0.602231865076513
0.691,0.691,0.145965307949985,0.691,0.645,0.645,0.3090374015135,0.645,0.6595551760924203,0.6685377064779034,0.6595551760924203,0.6685377064779034,0.6595551760924203,0.6685377064779034,0.6595551760924203,0.6685377064779034,0.6595551760924203,0.6685377064779034,0.6595551760924203,0.6685377064779034,0.12877277408426507,0.1389721538441853,0.12877277408426507,0.1389721538441853,0.12877277408426507,0.1389721538441853,0.6595551760924203,0.6685377064779034,0.6595551760924203,0.6685377064779034,0.6595551760924203,0.6685377064779034
0.765,0.765,0.1049392120418051,0.765,0.649,0.649,0.3126811310409649,0.649,0.6877598735748663,0.6763756655518994,0.6877598735748663,0.6763756655518994,0.6877598735748663,0.6763756655518994,0.6877598735748663,0.6763756655518994,0.6877598735748663,0.6763756655518994,0.6877598735748663,0.6763756655518994,0.08900168224237537,0.09597404163134224,0.08900168224237537,0.09597404163134224,0.08900168224237537,0.09597404163134224,0.6877598735748663,0.6763756655518994,0.6877598735748663,0.6763756655518994,0.6877598735748663,0.6763756655518994
0.799,0.799,0.0,0.799,0.65,0.65,0.3140482910003136,0.65,0.684991444215825,0.6930612760629851,0.684991444215825,0.6930612760629851,0.684991444215825,0.6930612760629851,0.684991444215825,0.6930612760629851,0.684991444215825,0.6930612760629851,0.684991444215825,0.6930612760629851,0.043457089982296096,0.037070618092851414,0.043457089982296096,0.037070618092851414,0.043457089982296096,0.037070618092851414,0.684991444215825,0.6930612760629851,0.684991444215825,0.6930612760629851,0.684991444215825,0.6930612760629851
0.781,0.781,-0.0059530371513614,0.781,0.654,0.654,0.3194950889573328,0.654,0.7020988553930579,0.6908323421619071,0.7020988553930579,0.6908323421619071,0.7020988553930579,0.6908323421619071,0.7020988553930579,0.6908323421619071,0.7020988553930579,0.6908323421619071,0.7020988553930579,0.6908323421619071,0.03244697905328468,0.05682083763537444,0.03244697905328468,0.05682083763537444,0.03244697905328468,0.05682083763537444,0.7020988553930579,0.6908323421619071,0.7020988553930579,0.6908323421619071,0.7020988553930579,0.6908323421619071
0.768,0.768,0.0089620586250203,0.768,0.638,0.638,0.2962018228761626,0.638,0.6998130675628373,0.6975943316449909,0.6998130675628373,0.6975943316449909,0.6998130675628373,0.6975943316449909,0.6998130675628373,0.6975943316449909,0.6998130675628373,0.6975943316449909,0.6998130675628373,0.6975943316449909,0.044556928945200615,0.04529000543381013,0.044556928945200615,0.04529000543381013,0.044556928945200615,0.04529000543381013,0.6998130675628373,0.6975943316449909,0.6998130675628373,0.6975943316449909,0.6998130675628373,0.6975943316449909
0.753,0.753,0.0139090720365372,0.753,0.612,0.612,0.2301098482443329,0.612,0.6919558766527268,0.6814958764470787,0.6919558766527268,0.6814958764470787,0.6919558766527268,0.6814958764470787,0.6919558766527268,0.6814958764470787,0.6919558766527268,0.6814958764470787,0.6919558766527268,0.6814958764470787,0.03744960674558872,0.04972310939390795,0.03744960674558872,0.04972310939390795,0.03744960674558872,0.04972310939390795,0.6919558766527268,0.6814958764470787,0.6919558766527268,0.6814958764470787,0.6919558766527268,0.6814958764470787
0.752,0.752,0.0265653457263077,0.752,0.639,0.639,0.2171235253296322,0.639,0.6717862717236583,0.680065929195024,0.6717862717236583,0.680065929195024,0.6717862717236583,0.680065929195024,0.6717862717236583,0.680065929195024,0.6717862717236583,0.680065929195024,0.6717862717236583,0.680065929195024,0.04397524085511379,0.046454361739258834,0.04397524085511379,0.046454361739258834,0.04397524085511379,0.046454361739258834,0.6717862717236583,0.680065929195024,0.6717862717236583,0.680065929195024,0.6717862717236583,0.680065929195024
0.723,0.723,0.012970353477765,0.723,0.691,0.691,0.145965307949985,0.691,0.6562992028784823,0.673689877942671,0.6562992028784823,0.673689877942671,0.6562992028784823,0.673689877942671,0.6562992028784823,0.673689877942671,0.6562992028784823,0.673689877942671,0.6562992028784823,0.673689877942671,0.046980433004756,0.030849519402444594,0.046980433004756,0.030849519402444594,0.046980433004756,0.030849519402444594,0.6562992028784823,0.673689877942671,0.6562992028784823,0.673689877942671,0.6562992028784823,0.673689877942671
0.705,0.705,0.0219481466746237,0.705,0.765,0.765,0.1049392120418051,0.765,0.6644692590902829,0.6607267944603281,0.6644692590902829,0.6607267944603281,0.6644692590902829,0.6607267944603281,0.6644692590902829,0.6607267944603281,0.6644692590902829,0.6607267944603281,0.6644692590902829,0.6607267944603281,0.03933438916144351,0.03798147436314188,0.03933438916144351,0.03798147436314188,0.03933438916144351,0.03798147436314188,0.6644692590902829,0.6607267944603281,0.6644692590902829,0.6607267944603281,0.6644692590902829,0.6607267944603281
0.693,0.693,0.0082698023000385,0.693,0.799,0.799,0.0,0.799,0.6326487926150911,0.6267632944919651,0.6326487926150911,0.6267632944919651,0.6326487926150911,0.6267632944919651,0.6326487926150911,0.6267632944919651,0.6326487926150911,0.6267632944919651,0.6326487926150911,0.6267632944919651,0.0405858245122587,0.033567718758616395,0.0405858245122587,0.033567718758616395,0.0405858245122587,0.033567718758616395,0.6326487926150911,0.6267632944919651,0.6326487926150911,0.6267632944919651,0.6326487926150911,0.6267632944919651
0.675,0.675,0.0577197397566887,0.675,0.781,0.781,-0.0059530371513614,0.781,0.6121612484194586,0.6084265441127596,0.6121612484194586,0.6084265441127596,0.6121612484194586,0.6084265441127596,0.6121612484194586,0.6084265441127596,0.6121612484194586,0.6084265441127596,0.6121612484194586,0.6084265441127596,0.05500522197171856,0.08517792179796693,0.05500522197171856,0.08517792179796693,0.05500522197171856,0.08517792179796693,0.6121612484194586,0.6084265441127596,0.6121612484194586,0.6084265441127596,0.6121612484194586,0.6084265441127596
0.639,0.639,0.0856222328041255,0.639,0.768,0.768,0.0089620586250203,0.768,0.6094083037763299,0.6161918171746921,0.6094083037763299,0.6161918171746921,0.6094083037763299,0.6161918171746921,0.6094083037763299,0.6161918171746921,0.6094083037763299,0.6161918171746921,0.6094083037763299,0.6161918171746921,0.0740622186117508,0.08448707841008302,0.0740622186117508,0.08448707841008302,0.0740622186117508,0.08448707841008302,0.6094083037763299,0.6161918171746921,0.6094083037763299,0.6161918171746921,0.6094083037763299,0.6161918171746921
0.608,0.608,0.1154556080565747,0.608,0.753,0.753,0.0139090720365372,0.753,0.5859591868549446,0.5906958812714249,0.5859591868549446,0.5906958812714249,0.5859591868549446,0.5906958812714249,0.5859591868549446,0.5906958812714249,0.5859591868549446,0.5906958812714249,0.5859591868549446,0.5906958812714249,0.1087694838390592,0.08478166097556863,0.1087694838390592,0.08478166097556863,0.1087694838390592,0.08478166097556863,0.5859591868549446,0.5906958812714249,0.5859591868549446,0.5906958812714249,0.5859591868549446,0.5906958812714249
0.578,0.578,0.1007232571718386,0.578,0.752,0.752,0.0265653457263077,0.752,0.5767558728126677,0.5854137664588064,0.5767558728126677,0.5854137664588064,0.5767558728126677,0.5854137664588064,0.5767558728126677,0.5854137664588064,0.5767558728126677,0.5854137664588064,0.5767558728126677,0.5854137664588064,0.10300246305480848,0.12768929802765977,0.10300246305480848,0.12768929802765977,0.10300246305480848,0.12768929802765977,0.5767558728126677,0.5854137664588064,0.5767558728126677,0.5854137664588064,0.5767558728126677,0.5854137664588064
0.567,0.567,0.1019131531352148,0.567,0.723,0.723,0.012970353477765,0.723,0.6031909997761188,0.614265233126401,0.6031909997761188,0.614265233126401,0.6031909997761188,0.614265233126401,0.6031909997761188,0.614265233126401,0.6031909997761188,0.614265233126401,0.6031909997761188,0.614265233126401,0.20738734786012902,0.14548674310153037,0.20738734786012902,0.14548674310153037,0.20738734786012902,0.14548674310153037,0.6031909997761188,0.614265233126401,0.6031909997761188,0.614265233126401,0.6031909997761188,0.614265233126401
0.603,0.603,0.1816660207943404,0.603,0.705,0.705,0.0219481466746237,0.705,0.6347409794854063,0.621939654164404,0.6347409794854063,0.621939654164404,0.6347409794854063,0.621939654164404,0.6347409794854063,0.621939654164404,0.6347409794854063,0.621939654164404,0.6347409794854063,0.621939654164404,0.24606615411577373,0.1960239773880154,0.24606615411577373,0.1960239773880154,0.24606615411577373,0.1960239773880154,0.6347409794854063,0.621939654164404,0.6347409794854063,0.621939654164404,0.6347409794854063,0.621939654164404
0.58,0.58,0.1313519885834833,0.58,0.693,0.693,0.0082698023000385,0.693,0.6251441772346402,0.6264128341467755,0.6251441772346402,0.6264128341467755,0.6251441772346402,0.6264128341467755,0.6251441772346402,0.6264128341467755,0.6251441772346402,0.6264128341467755,0.6251441772346402,0.6264128341467755,0.2766225049704424,0.2850805477961421,0.2766225049704424,0.2850805477961421,0.2766225049704424,0.2850805477961421,0.6251441772346402,0.6264128341467755,0.6251441772346402,0.6264128341467755,0.6251441772346402,0.6264128341467755
0.602,0.602,0.1641078846888927,0.602,0.675,0.675,0.0577197397566887,0.675,0.6162665325263881,0.6234249317661927,0.6162665325263881,0.6234249317661927,0.6162665325263881,0.6234249317661927,0.6162665325263881,0.6234249317661927,0.6162665325263881,0.6234249317661927,0.6162665325263881,0.6234249317661927,0.18427840180726504,0.25960887661951315,0.18427840180726504,0.25960887661951315,0.18427840180726504,0.25960887661951315,0.6162665325263881,0.6234249317661927,0.6162665325263881,0.6234249317661927,0.6162665325263881,0.6234249317661927
0.569,0.569,0.1122846620914654,0.569,0.639,0.639,0.0856222328041255,0.639,0.6169127820510987,0.6219967037970607,0.6169127820510987,0.6219967037970607,0.6169127820510987,0.6219967037970607,0.6169127820510987,0.6219967037970607,0.6169127820510987,0.6219967037970607,0.6169127820510987,0.6219967037970607,0.23086589599532079,0.23144653054731865,0.23086589599532079,0.23144653054731865,0.23086589599532079,0.23144653054731865,0.6169127820510987,0.6219967037970607,0.6169127820510987,0.6219967037970607,0.6169127820510987,0.6219967037970607
0.577,0.577,0.1206698707821256,0.577,0.608,0.608,0.1154556080565747,0.608,0.590930398154762,0.5980271995774666,0.590930398154762,0.5980271995774666,0.590930398154762,0.5980271995774666,0.590930398154762,0.5980271995774666,0.590930398154762,0.5980271995774666,0.590930398154762,0.5980271995774666,0.21141672864840041,0.22866055957750941,0.21141672864840041,0.22866055957750941,0.21141672864840041,0.22866055957750941,0.590930398154762,0.5980271995774666,0.590930398154762,0.5980271995774666,0.590930398154762,0.5980271995774666
0.571,0.571,0.1147191864496318,0.571,0.578,0.578,0.1007232571718386,0.578,0.5897189498877795,0.6136539064069134,0.5897189498877795,0.6136539064069134,0.5897189498877795,0.6136539064069134,0.5897189498877795,0.6136539064069134,0.5897189498877795,0.6136539064069134,0.5897189498877795,0.6136539064069134,0.21535052800818366,0.20119279942738122,0.21535052800818366,0.20119279942738122,0.21535052800818366,0.20119279942738122,0.5897189498877795,0.6136539064069134,0.5897189498877795,0.6136539064069134,0.5897189498877795,0.6136539064069134
0.57,0.57,0.106426662565927,0.57,0.567,0.567,0.1019131531352148,0.567,0.598874030783375,0.6169308014498099,0.598874030783375,0.6169308014498099,0.598874030783375,0.6169308014498099,0.598874030783375,0.6169308014498099,0.598874030783375,0.6169308014498099,0.598874030783375,0.6169308014498099,0.21436842832526695,0.2382365998440123,0.21436842832526695,0.2382365998440123,0.21436842832526695,0.2382365998440123,0.598874030783375,0.6169308014498099,0.598874030783375,0.6169308014498099,0.598874030783375,0.6169308014498099
0.582,0.582,0.1376322434765385,0.582,0.603,0.603,0.1816660207943404,0.603,0.6062284701295959,0.6211101984467369,0.6062284701295959,0.6211101984467369,0.6062284701295959,0.6211101984467369,0.6062284701295959,0.6211101984467369,0.6062284701295959,0.6211101984467369,0.6062284701295959,0.6211101984467369,0.25209972770744493,0.25875105331799503,0.25209972770744493,0.25875105331799503,0.25209972770744493,0.25875105331799503,0.6062284701295959,0.6211101984467369,0.6062284701295959,0.6211101984467369,0.6062284701295959,0.6211101984467369
0.566,0.566,0.1126522700971993,0.566,0.58,0.58,0.1313519885834833,0.58,0.6126293354360207,0.645643937876967,0.6126293354360207,0.645643937876967,0.6126293354360207,0.645643937876967,0.6126293354360207,0.645643937876967,0.6126293354360207,0.645643937876967,0.6126293354360207,0.645643937876967,0.22066985577535234,0.2581247731970453,0.22066985577535234,0.2581247731970453,0.22066985577535234,0.2581247731970453,0.6126293354360207,0.645643937876967,0.6126293354360207,0.645643937876967,0.6126293354360207,0.645643937876967
0.577,0.577,0.1314881734559789,0.577,0.602,0.602,0.1641078846888927,0.602,0.6103994475214076,0.6254084296971703,0.6103994475214076,0.6254084296971703,0.6103994475214076,0.6254084296971703,0.6103994475214076,0.6254084296971703,0.6103994475214076,0.6254084296971703,0.6103994475214076,0.6254084296971703,0.2073074650423728,0.24631235800270046,0.2073074650423728,0.24631235800270046,0.2073074650423728,0.24631235800270046,0.6103994475214076,0.6254084296971703,0.6103994475214076,0.6254084296971703,0.6103994475214076,0.6254084296971703
0.581,0.581,0.1447024626036971,0.581,0.569,0.569,0.1122846620914654,0.569,0.6199848868110018,0.6374508709502622,0.6199848868110018,0.6374508709502622,0.6199848868110018,0.6374508709502622,0.6199848868110018,0.6374508709502622,0.6199848868110018,0.6374508709502622,0.6199848868110018,0.6374508709502622,0.24967175824752824,0.2475275646337435,0.24967175824752824,0.2475275646337435,0.24967175824752824,0.2475275646337435,0.6199848868110018,0.6374508709502622,0.6199848868110018,0.6374508709502622,0.6199848868110018,0.6374508709502622
0.58,0.58,0.1432173412810125,0.58,0.577,0.577,0.1206698707821256,0.577,0.6246642342058798,0.6385425741443405,0.6246642342058798,0.6385425741443405,0.6246642342058798,0.6385425741443405,0.6246642342058798,0.6385425741443405,0.6246642342058798,0.6385425741443405,0.6246642342058798,0.6385425741443405,0.24695809391881537,0.25223443439401316,0.24695809391881537,0.25223443439401316,0.24695809391881537,0.25223443439401316,0.6246642342058798,0.6385425741443405,0.6246642342058798,0.6385425741443405,0.6246642342058798,0.6385425741443405
0.585,0.585,0.1549100742864589,0.585,0.571,0.571,0.1147191864496318,0.571,0.6212369122701001,0.6292495664430003,0.6212369122701001,0.6292495664430003,0.6212369122701001,0.6292495664430003,0.6212369122701001,0.6292495664430003,0.6212369122701001,0.6292495664430003,0.6212369122701001,0.6292495664430003,0.24528807083471332,0.2451618066371784,0.24528807083471332,0.2451618066371784,0.24528807083471332,0.2451618066371784,0.6212369122701001,0.6292495664430003,0.6212369122701001,0.6292495664430003,0.6212369122701001,0.6292495664430003
0.596,0.596,0.1730699165291861,0.596,0.57,0.57,0.106426662565927,0.57,0.6451289174428726,0.6291778629728998,0.6451289174428726,0.6291778629728998,0.6451289174428726,0.6291778629728998,0.6451289174428726,0.6291778629728998,0.6451289174428726,0.6291778629728998,0.6451289174428726,0.6291778629728998,0.2656202354413364,0.2652306452638938,0.2656202354413364,0.2652306452638938,0.2656202354413364,0.2652306452638938,0.6451289174428726,0.6291778629728998,0.6451289174428726,0.6291778629728998,0.6451289174428726,0.6291778629728998
0.588,0.588,0.1556269674711438,0.588,0.582,0.582,0.1376322434765385,0.582,0.6362577697669349,0.6268976870340607,0.6362577697669349,0.6268976870340607,0.6362577697669349,0.6268976870340607,0.6362577697669349,0.6268976870340607,0.6362577697669349,0.6268976870340607,0.6362577697669349,0.6268976870340607,0.2694433809119862,0.2598305597451349,0.2694433809119862,0.2598305597451349,0.2694433809119862,0.2598305597451349,0.6362577697669349,0.6268976870340607,0.6362577697669349,0.6268976870340607,0.6362577697669349,0.6268976870340607
0.583,0.583,0.1508373517528998,0.583,0.566,0.566,0.1126522700971993,0.566,0.6263824224844947,0.6153572621275856,0.6263824224844947,0.6153572621275856,0.6263824224844947,0.6153572621275856,0.6263824224844947,0.6153572621275856,0.6263824224844947,0.6153572621275856,0.6263824224844947,0.6153572621275856,0.26156800369130506,0.25635147402971564,0.26156800369130506,0.25635147402971564,0.26156800369130506,0.25635147402971564,0.6263824224844947,0.6153572621275856,0.6263824224844947,0.6153572621275856,0.6263824224844947,0.6153572621275856
0.599,0.599,0.1855619013575322,0.599,0.577,0.577,0.1314881734559789,0.577,0.6123608329440925,0.5928172642364564,0.6123608329440925,0.5928172642364564,0.6123608329440925,0.5928172642364564,0.6123608329440925,0.5928172642364564,0.6123608329440925,0.5928172642364564,0.6123608329440925,0.5928172642364564,0.2380589592155471,0.2505167931899795,0.2380589592155471,0.2505167931899795,0.2380589592155471,0.2505167931899795,0.6123608329440925,0.5928172642364564,0.6123608329440925,0.5928172642364564,0.6123608329440925,0.5928172642364564
0.615,0.615,0.2205404792562539,0.615,0.581,0.581,0.1447024626036971,0.581,0.5965081221388685,0.5903813684740595,0.5965081221388685,0.5903813684740595,0.5965081221388685,0.5903813684740595,0.5965081221388685,0.5903813684740595,0.5965081221388685,0.5903813684740595,0.5965081221388685,0.5903813684740595,0.2132605534140161,0.20818312965269897,0.2132605534140161,0.20818312965269897,0.2132605534140161,0.20818312965269897,0.5965081221388685,0.5903813684740595,0.5965081221388685,0.5903813684740595,0.5965081221388685,0.5903813684740595
0.614,0.614,0.2178127938268003,0.614,0.58,0.58,0.1432173412810125,0.58,0.5834852660821578,0.5850463540940364,0.5834852660821578,0.5850463540940364,0.5834852660821578,0.5850463540940364,0.5834852660821578,0.5850463540940364,0.5834852660821578,0.5850463540940364,0.5834852660821578,0.5850463540940364,0.2310871801334865,0.19156944712226753,0.2310871801334865,0.19156944712226753,0.2310871801334865,0.19156944712226753,0.5834852660821578,0.5850463540940364,0.5834852660821578,0.5850463540940364,0.5834852660821578,0.5850463540940364
0.599,0.599,0.1809372855322069,0.599,0.585,0.585,0.1549100742864589,0.585,0.6112878413659475,0.5944115110255791,0.6112878413659475,0.5944115110255791,0.6112878413659475,0.5944115110255791,0.6112878413659475,0.5944115110255791,0.6112878413659475,0.5944115110255791,0.6112878413659475,0.5944115110255791,0.23825529689411382,0.20679776835258823,0.23825529689411382,0.20679776835258823,0.23825529689411382,0.20679776835258823,0.6112878413659475,0.5944115110255791,0.6112878413659475,0.5944115110255791,0.6112878413659475,0.5944115110255791
0.609,0.609,0.2078477771114604,0.609,0.596,0.596,0.1730699165291861,0.596,0.6201254743105613,0.6017128589101887,0.6201254743105613,0.6017128589101887,0.6201254743105613,0.6017128589101887,0.6201254743105613,0.6017128589101887,0.6201254743105613,0.6017128589101887,0.6201254743105613,0.6017128589101887,0.2726317491914832,0.26193878213679284,0.2726317491914832,0.26193878213679284,0.2726317491914832,0.26193878213679284,0.6201254743105613,0.6017128589101887,0.6201254743105613,0.6017128589101887,0.6201254743105613,0.6017128589101887
0.604,0.604,0.1965361781904209,0.604,0.588,0.588,0.1556269674711438,0.588,0.6218689208239958,0.6087197767341855,0.6218689208239958,0.6087197767341855,0.6218689208239958,0.6087197767341855,0.6218689208239958,0.6087197767341855,0.6218689208239958,0.6087197767341855,0.6218689208239958,0.6087197767341855,0.2705468883784452,0.2590318262104348,0.2705468883784452,0.2590318262104348,0.2705468883784452,0.2590318262104348,0.6218689208239958,0.6087197767341855,0.6218689208239958,0.6087197767341855,0.6218689208239958,0.6087197767341855
0.601,0.601,0.1875381795968235,0.601,0.583,0.583,0.1508373517528998,0.583,0.6217636833513938,0.6007825900723547,0.6217636833513938,0.6007825900723547,0.6217636833513938,0.6007825900723547,0.6217636833513938,0.6007825900723547,0.6217636833513938,0.6007825900723547,0.6217636833513938,0.6007825900723547,0.2567520678829464,0.2659593171205996,0.2567520678829464,0.2659593171205996,0.2567520678829464,0.2659593171205996,0.6217636833513938,0.6007825900723547,0.6217636833513938,0.6007825900723547,0.6217636833513938,0.6007825900723547
0.606,0.606,0.1962759425398497,0.606,0.599,0.599,0.1855619013575322,0.599,0.6113637288784449,0.6101255645040314,0.6113637288784449,0.6101255645040314,0.6113637288784449,0.6101255645040314,0.6113637288784449,0.6101255645040314,0.6113637288784449,0.6101255645040314,0.6113637288784449,0.6101255645040314,0.2963941487609488,0.2885141818214362,0.2963941487609488,0.2885141818214362,0.2963941487609488,0.2885141818214362,0.6113637288784449,0.6101255645040314,0.6113637288784449,0.6101255645040314,0.6113637288784449,0.6101255645040314
0.606,0.606,0.2023484158315619,0.606,0.615,0.615,0.2205404792562539,0.615,0.6255461685409428,0.5983232884141648,0.6255461685409428,0.5983232884141648,0.6255461685409428,0.5983232884141648,0.6255461685409428,0.5983232884141648,0.6255461685409428,0.5983232884141648,0.6255461685409428,0.5983232884141648,0.28646993569740964,0.28316782606273094,0.28646993569740964,0.28316782606273094,0.28646993569740964,0.28316782606273094,0.6255461685409428,0.5983232884141648,0.6255461685409428,0.5983232884141648,0.6255461685409428,0.5983232884141648
0.62,0.62,0.2351262243012475,0.62,0.614,0.614,0.2178127938268003,0.614,0.6156705747541362,0.5952983356194474,0.6156705747541362,0.5952983356194474,0.6156705747541362,0.5952983356194474,0.6156705747541362,0.5952983356194474,0.6156705747541362,0.5952983356194474,0.6156705747541362,0.5952983356194474,0.2328131039086617,0.2736760886871192,0.2328131039086617,0.2736760886871192,0.2328131039086617,0.2736760886871192,0.6156705747541362,0.5952983356194474,0.6156705747541362,0.5952983356194474,0.6156705747541362,0.5952983356194474
0.628,0.628,0.2558124647411147,0.628,0.599,0.599,0.1809372855322069,0.599,0.6349573778173765,0.6176741374739161,0.6349573778173765,0.6176741374739161,0.6349573778173765,0.6176741374739161,0.6349573778173765,0.6176741374739161,0.6349573778173765,0.6176741374739161,0.6349573778173765,0.6176741374739161,0.21209269250360363,0.2556080482061009,0.21209269250360363,0.2556080482061009,0.21209269250360363,0.2556080482061009,0.6349573778173765,0.6176741374739161,0.6349573778173765,0.6176741374739161,0.6349573778173765,0.6176741374739161
0.611,0.611,0.2190950335247119,0.611,0.609,0.609,0.2078477771114604,0.609,0.6480452208695565,0.6295854533246247,0.6480452208695565,0.6295854533246247,0.6480452208695565,0.6295854533246247,0.6480452208695565,0.6295854533246247,0.6480452208695565,0.6295854533246247,0.6480452208695565,0.6295854533246247,0.26314959394887394,0.27301032402908376,0.26314959394887394,0.27301032402908376,0.26314959394887394,0.27301032402908376,0.6480452208695565,0.6295854533246247,0.6480452208695565,0.6295854533246247,0.6480452208695565,0.6295854533246247
0.604,0.604,0.2065559317958685,0.604,0.604,0.604,0.1965361781904209,0.604,0.644527480827884,0.6309711846360047,0.644527480827884,0.6309711846360047,0.644527480827884,0.6309711846360047,0.644527480827884,0.6309711846360047,0.644527480827884,0.6309711846360047,0.644527480827884,0.6309711846360047,0.23790868544125765,0.20851114019316613,0.23790868544125765,0.20851114019316613,0.23790868544125765,0.20851114019316613,0.644527480827884,0.6309711846360047,0.644527480827884,0.6309711846360047,0.644527480827884,0.6309711846360047
0.615,0.615,0.2284816518909213,0.615,0.601,0.601,0.1875381795968235,0.601,0.6370614506445706,0.6196471771590062,0.6370614506445706,0.6196471771590062,0.6370614506445706,0.6196471771590062,0.6370614506445706,0.6196471771590062,0.6370614506445706,0.6196471771590062,0.6370614506445706,0.6196471771590062,0.24983793842231802,0.26013116307995143,0.24983793842231802,0.26013116307995143,0.24983793842231802,0.26013116307995143,0.6370614506445706,0.6196471771590062,0.6370614506445706,0.6196471771590062,0.6370614506445706,0.6196471771590062
0.605,0.605,0.2081375394928872,0.605,0.606,0.606,0.1962759425398497,0.606,0.6334029453720836,0.6152411039456784,0.6334029453720836,0.6152411039456784,0.6334029453720836,0.6152411039456784,0.6334029453720836,0.6152411039456784,0.6334029453720836,0.6152411039456784,0.6334029453720836,0.6152411039456784,0.25976675186862824,0.24809562712629354,0.25976675186862824,0.24809562712629354,0.25976675186862824,0.24809562712629354,0.6334029453720836,0.6152411039456784,0.6334029453720836,0.6152411039456784,0.6334029453720836,0.6152411039456784
0.628,0.628,0.2444092377064164,0.628,0.606,0.606,0.2023484158315619,0.606,0.6045569384065191,0.6136547456116257,0.6045569384065191,0.6136547456116257,0.6045569384065191,0.6136547456116257,0.6045569384065191,0.6136547456116257,0.6045569384065191,0.6136547456116257,0.6045569384065191,0.6136547456116257,0.25260586751287306,0.21630623291723736,0.25260586751287306,0.21630623291723736,0.25260586751287306,0.21630623291723736,0.6045569384065191,0.6136547456116257,0.6045569384065191,0.6136547456116257,0.6045569384065191,0.6136547456116257
0.624,0.624,0.213389121338912,0.624,0.62,0.62,0.2351262243012475,0.62,0.651058548483517,0.6228669986170883,0.651058548483517,0.6228669986170883,0.651058548483517,0.6228669986170883,0.651058548483517,0.6228669986170883,0.651058548483517,0.6228669986170883,0.651058548483517,0.6228669986170883,0.17920558967192077,0.2193578693786667,0.17920558967192077,0.2193578693786667,0.17920558967192077,0.2193578693786667,0.651058548483517,0.6228669986170883,0.651058548483517,0.6228669986170883,0.651058548483517,0.6228669986170883
0.613,0.613,0.1575235109717868,0.613,0.628,0.628,0.2558124647411147,0.628,0.6273011856622002,0.6098570887393568,0.6273011856622002,0.6098570887393568,0.6273011856622002,0.6098570887393568,0.6273011856622002,0.6098570887393568,0.6273011856622002,0.6098570887393568,0.6273011856622002,0.6098570887393568,0.18318893665999983,0.22523437364723156,0.18318893665999983,0.22523437364723156,0.18318893665999983,0.22523437364723156,0.6273011856622002,0.6098570887393568,0.6273011856622002,0.6098570887393568,0.6273011856622002,0.6098570887393568
0.631,0.631,0.0997101505850663,0.631,0.611,0.611,0.2190950335247119,0.611,0.618342497706051,0.6084149475643778,0.618342497706051,0.6084149475643778,0.618342497706051,0.6084149475643778,0.618342497706051,0.6084149475643778,0.618342497706051,0.6084149475643778,0.618342497706051,0.6084149475643778,0.15558344371725535,0.17924244215292107,0.15558344371725535,0.17924244215292107,0.15558344371725535,0.17924244215292107,0.618342497706051,0.6084149475643778,0.618342497706051,0.6084149475643778,0.618342497706051,0.6084149475643778
0.691,0.691,0.0401341948310139,0.691,0.604,0.604,0.2065559317958685,0.604,0.6362576223353196,0.6481434958953798,0.6362576223353196,0.6481434958953798,0.6362576223353196,0.6481434958953798,0.6362576223353196,0.6481434958953798,0.6362576223353196,0.6481434958953798,0.6362576223353196,0.6481434958953798,0.14877476225379638,0.1289465279029303,0.14877476225379638,0.1289465279029303,0.14877476225379638,0.1289465279029303,0.6362576223353196,0.6481434958953798,0.6362576223353196,0.6481434958953798,0.6362576223353196,0.6481434958953798
0.744,0.744,-0.0099814573716809,0.744,0.615,0.615,0.2284816518909213,0.615,0.6801963154224168,0.6810070760591761,0.6801963154224168,0.6810070760591761,0.6801963154224168,0.6810070760591761,0.6801963154224168,0.6810070760591761,0.6801963154224168,0.6810070760591761,0.6801963154224168,0.6810070760591761,0.08396317179460014,0.07917858999521706,0.08396317179460014,0.07917858999521706,0.08396317179460014,0.07917858999521706,0.6801963154224168,0.6810070760591761,0.6801963154224168,0.6810070760591761,0.6801963154224168,0.6810070760591761
0.771,0.771,0.0,0.771,0.605,0.605,0.2081375394928872,0.605,0.6840771215502253,0.6905137199260024,0.6840771215502253,0.6905137199260024,0.6840771215502253,0.6905137199260024,0.6840771215502253,0.6905137199260024,0.6840771215502253,0.6905137199260024,0.6840771215502253,0.6905137199260024,0.053799451684932824,0.05502297043687327,0.053799451684932824,0.05502297043687327,0.053799451684932824,0.05502297043687327,0.6840771215502253,0.6905137199260024,0.6840771215502253,0.6905137199260024,0.6840771215502253,0.6905137199260024
0.762,0.762,0.0092580258425468,0.762,0.628,0.628,0.2444092377064164,0.628,0.6978738127454426,0.6967926418628309,0.6978738127454426,0.6967926418628309,0.6978738127454426,0.6967926418628309,0.6978738127454426,0.6967926418628309,0.6978738127454426,0.6967926418628309,0.6978738127454426,0.6967926418628309,0.05742666744265805,0.07315313015330588,0.05742666744265805,0.07315313015330588,0.05742666744265805,0.07315313015330588,0.6978738127454426,0.6967926418628309,0.6978738127454426,0.6967926418628309,0.6978738127454426,0.6967926418628309
0.75,0.75,0.0104888185236492,0.75,0.624,0.624,0.213389121338912,0.624,0.6831020895389254,0.6892830647512974,0.6831020895389254,0.6892830647512974,0.6831020895389254,0.6892830647512974,0.6831020895389254,0.6892830647512974,0.6831020895389254,0.6892830647512974,0.6831020895389254,0.6892830647512974,0.05321867237957566,0.07155947827199928,0.05321867237957566,0.07155947827199928,0.05321867237957566,0.07155947827199928,0.6831020895389254,0.6892830647512974,0.6831020895389254,0.6892830647512974,0.6831020895389254,0.6892830647512974
0.74,0.74,0.0306826231219476,0.74,0.613,0.613,0.1575235109717868,0.613,0.6752463626438293,0.686050766933699,0.6752463626438293,0.686050766933699,0.6752463626438293,0.686050766933699,0.6752463626438293,0.686050766933699,0.6752463626438293,0.686050766933699,0.6752463626438293,0.686050766933699,0.04762386984256554,0.046481514621876746,0.04762386984256554,0.046481514621876746,0.04762386984256554,0.046481514621876746,0.6752463626438293,0.686050766933699,0.6752463626438293,0.686050766933699,0.6752463626438293,0.686050766933699
0.72,0.72,0.0117251748893485,0.72,0.631,0.631,0.0997101505850663,0.631,0.6516681121989873,0.6600671604021033,0.6516681121989873,0.6600671604021033,0.6516681121989873,0.6600671604021033,0.6516681121989873,0.6600671604021033,0.6516681121989873,0.6600671604021033,0.6516681121989873,0.6600671604021033,0.0702359509779818,0.06700827614704549,0.0702359509779818,0.06700827614704549,0.0702359509779818,0.06700827614704549,0.6516681121989873,0.6600671604021033,0.6516681121989873,0.6600671604021033,0.6516681121989873,0.6600671604021033
0.69,0.69,0.0250345955466095,0.69,0.691,0.691,0.0401341948310139,0.691,0.6294522010329917,0.6366328381240098,0.6294522010329917,0.6366328381240098,0.6294522010329917,0.6366328381240098,0.6294522010329917,0.6366328381240098,0.6294522010329917,0.6366328381240098,0.6294522010329917,0.6366328381240098,0.06813160556512902,0.11524196037002628,0.06813160556512902,0.11524196037002628,0.06813160556512902,0.11524196037002628,0.6294522010329917,0.6366328381240098,0.6294522010329917,0.6366328381240098,0.6294522010329917,0.6366328381240098
0.668,0.668,0.0991968743216844,0.668,0.744,0.744,-0.0099814573716809,0.744,0.6029007026058265,0.61757887862426,0.6029007026058265,0.61757887862426,0.6029007026058265,0.61757887862426,0.6029007026058265,0.61757887862426,0.6029007026058265,0.61757887862426,0.6029007026058265,0.61757887862426,0.08672385443620818,0.1052492732731049,0.08672385443620818,0.1052492732731049,0.08672385443620818,0.1052492732731049,0.6029007026058265,0.61757887862426,0.6029007026058265,0.61757887862426,0.6029007026058265,0.61757887862426
0.628,0.628,0.1273218634024125,0.628,0.771,0.771,0.0,0.771,0.5895155073312977,0.6035929008696119,0.5895155073312977,0.6035929008696119,0.5895155073312977,0.6035929008696119,0.5895155073312977,0.6035929008696119,0.5895155073312977,0.6035929008696119,0.5895155073312977,0.6035929008696119,0.08161130568346871,0.09702225982293051,0.08161130568346871,0.09702225982293051,0.08161130568346871,0.09702225982293051,0.5895155073312977,0.6035929008696119,0.5895155073312977,0.6035929008696119,0.5895155073312977,0.6035929008696119
0.599,0.599,0.157563025210084,0.599,0.762,0.762,0.0092580258425468,0.762,0.5820874490084851,0.5873293079018699,0.5820874490084851,0.5873293079018699,0.5820874490084851,0.5873293079018699,0.5820874490084851,0.5873293079018699,0.5820874490084851,0.5873293079018699,0.5820874490084851,0.5873293079018699,0.1616551769454082,0.1149863589333625,0.1616551769454082,0.1149863589333625,0.1616551769454082,0.1149863589333625,0.5820874490084851,0.5873293079018699,0.5820874490084851,0.5873293079018699,0.5820874490084851,0.5873293079018699
0.582,0.582,0.1206960385042575,0.582,0.75,0.75,0.0104888185236492,0.75,0.603136080258701,0.6213957919242441,0.603136080258701,0.6213957919242441,0.603136080258701,0.6213957919242441,0.603136080258701,0.6213957919242441,0.603136080258701,0.6213957919242441,0.603136080258701,0.6213957919242441,0.17013001909897676,0.17273985675038836,0.17013001909897676,0.17273985675038836,0.17013001909897676,0.17273985675038836,0.603136080258701,0.6213957919242441,0.603136080258701,0.6213957919242441,0.603136080258701,0.6213957919242441
0.579,0.579,0.1318155572053121,0.579,0.74,0.74,0.0306826231219476,0.74,0.6014980913104526,0.6091864258462785,0.6014980913104526,0.6091864258462785,0.6014980913104526,0.6091864258462785,0.6014980913104526,0.6091864258462785,0.6014980913104526,0.6091864258462785,0.6014980913104526,0.6091864258462785,0.18978122792163918,0.18822511469740696,0.18978122792163918,0.18822511469740696,0.18978122792163918,0.18822511469740696,0.6014980913104526,0.6091864258462785,0.6014980913104526,0.6091864258462785,0.6014980913104526,0.6091864258462785
0.594,0.594,0.1414203360726114,0.594,0.72,0.72,0.0117251748893485,0.72,0.5971482110018402,0.6082216847482632,0.5971482110018402,0.6082216847482632,0.5971482110018402,0.6082216847482632,0.5971482110018402,0.6082216847482632,0.5971482110018402,0.6082216847482632,0.5971482110018402,0.6082216847482632,0.22721961878400923,0.28225896052747756,0.22721961878400923,0.28225896052747756,0.22721961878400923,0.28225896052747756,0.5971482110018402,0.6082216847482632,0.5971482110018402,0.6082216847482632,0.5971482110018402,0.6082216847482632
0.6,0.6,0.1662671696854742,0.6,0.69,0.69,0.0250345955466095,0.69,0.597162107197512,0.6062559501719913,0.597162107197512,0.6062559501719913,0.597162107197512,0.6062559501719913,0.597162107197512,0.6062559501719913,0.597162107197512,0.6062559501719913,0.597162107197512,0.6062559501719913,0.20481105609916495,0.2804076218009731,0.20481105609916495,0.2804076218009731,0.20481105609916495,0.2804076218009731,0.597162107197512,0.6062559501719913,0.597162107197512,0.6062559501719913,0.597162107197512,0.6062559501719913
0.603,0.603,0.1706081928033025,0.603,0.668,0.668,0.0991968743216844,0.668,0.5991648197598612,0.6120073007850116,0.5991648197598612,0.6120073007850116,0.5991648197598612,0.6120073007850116,0.5991648197598612,0.6120073007850116,0.5991648197598612,0.6120073007850116,0.5991648197598612,0.6120073007850116,0.21290667533977847,0.2434457932409706,0.21290667533977847,0.2434457932409706,0.21290667533977847,0.2434457932409706,0.5991648197598612,0.6120073007850116,0.5991648197598612,0.6120073007850116,0.5991648197598612,0.6120073007850116
0.594,0.594,0.1607408632379692,0.594,0.628,0.628,0.1273218634024125,0.628,0.6226746315660354,0.6343246113023708,0.6226746315660354,0.6343246113023708,0.6226746315660354,0.6343246113023708,0.6226746315660354,0.6343246113023708,0.6226746315660354,0.6343246113023708,0.6226746315660354,0.6343246113023708,0.21040347304975932,0.24794215376371234,0.21040347304975932,0.24794215376371234,0.21040347304975932,0.24794215376371234,0.6226746315660354,0.6343246113023708,0.6226746315660354,0.6343246113023708,0.6226746315660354,0.6343246113023708
0.607,0.607,0.1886200346849451,0.607,0.599,0.599,0.157563025210084,0.599,0.6100006292527984,0.6301195807157076,0.6100006292527984,0.6301195807157076,0.6100006292527984,0.6301195807157076,0.6100006292527984,0.6301195807157076,0.6100006292527984,0.6301195807157076,0.6100006292527984,0.6301195807157076,0.22197139948390596,0.2694464408852343,0.22197139948390596,0.2694464408852343,0.22197139948390596,0.2694464408852343,0.6100006292527984,0.6301195807157076,0.6100006292527984,0.6301195807157076,0.6100006292527984,0.6301195807157076
0.589,0.589,0.1503559822380988,0.589,0.582,0.582,0.1206960385042575,0.582,0.6159552318674225,0.6227407742816645,0.6159552318674225,0.6227407742816645,0.6159552318674225,0.6227407742816645,0.6159552318674225,0.6227407742816645,0.6159552318674225,0.6227407742816645,0.6159552318674225,0.6227407742816645,0.23796839124723057,0.2634332543168253,0.23796839124723057,0.2634332543168253,0.23796839124723057,0.2634332543168253,0.6159552318674225,0.6227407742816645,0.6159552318674225,0.6227407742816645,0.6159552318674225,0.6227407742816645
0.589,0.589,0.159075842765597,0.589,0.579,0.579,0.1318155572053121,0.579,0.6049746838379321,0.618338765696425,0.6049746838379321,0.618338765696425,0.6049746838379321,0.618338765696425,0.6049746838379321,0.618338765696425,0.6049746838379321,0.618338765696425,0.6049746838379321,0.618338765696425,0.20555880583343597,0.24103932280278004,0.20555880583343597,0.24103932280278004,0.20555880583343597,0.24103932280278004,0.6049746838379321,0.618338765696425,0.6049746838379321,0.618338765696425,0.6049746838379321,0.618338765696425
0.559,0.559,0.090203909853855,0.559,0.594,0.594,0.1414203360726114,0.594,0.6079006096534688,0.6266741727201965,0.6079006096534688,0.6266741727201965,0.6079006096534688,0.6266741727201965,0.6079006096534688,0.6266741727201965,0.6079006096534688,0.6266741727201965,0.6079006096534688,0.6266741727201965,0.22701909507706683,0.24022921003465475,0.22701909507706683,0.24022921003465475,0.22701909507706683,0.24022921003465475,0.6079006096534688,0.6266741727201965,0.6079006096534688,0.6266741727201965,0.6079006096534688,0.6266741727201965
0.56,0.56,0.0976210008203446,0.56,0.6,0.6,0.1662671696854742,0.6,0.6412975014787199,0.6311227135729007,0.6412975014787199,0.6311227135729007,0.6412975014787199,0.6311227135729007,0.6412975014787199,0.6311227135729007,0.6412975014787199,0.6311227135729007,0.6412975014787199,0.6311227135729007,0.2577716624514887,0.2574873717330107,0.2577716624514887,0.2574873717330107,0.2577716624514887,0.2574873717330107,0.6412975014787199,0.6311227135729007,0.6412975014787199,0.6311227135729007,0.6412975014787199,0.6311227135729007
0.589,0.589,0.1487651917453005,0.589,0.603,0.603,0.1706081928033025,0.603,0.6295934073521472,0.62486430671328,0.6295934073521472,0.62486430671328,0.6295934073521472,0.62486430671328,0.6295934073521472,0.62486430671328,0.6295934073521472,0.62486430671328,0.6295934073521472,0.62486430671328,0.2739481331911253,0.23576853317281396,0.2739481331911253,0.23576853317281396,0.2739481331911253,0.23576853317281396,0.6295934073521472,0.62486430671328,0.6295934073521472,0.62486430671328,0.6295934073521472,0.62486430671328
0.607,0.607,0.1885999322800962,0.607,0.594,0.594,0.1607408632379692,0.594,0.6353834026607865,0.6413673410455714,0.6353834026607865,0.6413673410455714,0.6353834026607865,0.6413673410455714,0.6353834026607865,0.6413673410455714,0.6353834026607865,0.6413673410455714,0.6353834026607865,0.6413673410455714,0.2696372355814931,0.2291300798485285,0.2696372355814931,0.2291300798485285,0.2696372355814931,0.2291300798485285,0.6353834026607865,0.6413673410455714,0.6353834026607865,0.6413673410455714,0.6353834026607865,0.6413673410455714
0.597,0.597,0.1667011289855672,0.597,0.607,0.607,0.1886200346849451,0.607,0.6355808518620653,0.622131417650082,0.6355808518620653,0.622131417650082,0.6355808518620653,0.622131417650082,0.6355808518620653,0.622131417650082,0.6355808518620653,0.622131417650082,0.6355808518620653,0.622131417650082,0.2759958855582946,0.24149883443840228,0.2759958855582946,0.24149883443840228,0.2759958855582946,0.24149883443840228,0.6355808518620653,0.622131417650082,0.6355808518620653,0.622131417650082,0.6355808518620653,0.622131417650082
0.601,0.601,0.1819344891498679,0.601,0.589,0.589,0.1503559822380988,0.589,0.6052880581001686,0.6057234504551496,0.6052880581001686,0.6057234504551496,0.6052880581001686,0.6057234504551496,0.6052880581001686,0.6057234504551496,0.6052880581001686,0.6057234504551496,0.6052880581001686,0.6057234504551496,0.24458366572407048,0.23419168938336507,0.24458366572407048,0.23419168938336507,0.24458366572407048,0.23419168938336507,0.6052880581001686,0.6057234504551496,0.6052880581001686,0.6057234504551496,0.6052880581001686,0.6057234504551496
0.578,0.578,0.1415051733467871,0.578,0.589,0.589,0.159075842765597,0.589,0.6078287974261462,0.5985899776464151,0.6078287974261462,0.5985899776464151,0.6078287974261462,0.5985899776464151,0.6078287974261462,0.5985899776464151,0.6078287974261462,0.5985899776464151,0.6078287974261462,0.5985899776464151,0.25289755677267944,0.22271865756808226,0.25289755677267944,0.22271865756808226,0.25289755677267944,0.22271865756808226,0.6078287974261462,0.5985899776464151,0.6078287974261462,0.5985899776464151,0.6078287974261462,0.5985899776464151
0.574,0.574,0.1376797512631169,0.574,0.559,0.559,0.090203909853855,0.559,0.6303852943702875,0.6221397363105546,0.6303852943702875,0.6221397363105546,0.6303852943702875,0.6221397363105546,0.6303852943702875,0.6221397363105546,0.6303852943702875,0.6221397363105546,0.6303852943702875,0.6221397363105546,0.24889640154068085,0.2220959990659152,0.24889640154068085,0.2220959990659152,0.24889640154068085,0.2220959990659152,0.6303852943702875,0.6221397363105546,0.6303852943702875,0.6221397363105546,0.6303852943702875,0.6221397363105546
0.558,0.558,0.1093916863124382,0.558,0.56,0.56,0.0976210008203446,0.56,0.6062942496845802,0.603740120357769,0.6062942496845802,0.603740120357769,0.6062942496845802,0.603740120357769,0.6062942496845802,0.603740120357769,0.6062942496845802,0.603740120357769,0.6062942496845802,0.603740120357769,0.23963387420497018,0.21073294981519863,0.23963387420497018,0.21073294981519863,0.23963387420497018,0.21073294981519863,0.6062942496845802,0.603740120357769,0.6062942496845802,0.603740120357769,0.6062942496845802,0.603740120357769
0.559,0.559,0.1061801259860394,0.559,0.589,0.589,0.1487651917453005,0.589,0.6035973697312479,0.605707956974591,0.6035973697312479,0.605707956974591,0.6035973697312479,0.605707956974591,0.6035973697312479,0.605707956974591,0.6035973697312479,0.605707956974591,0.6035973697312479,0.605707956974591,0.27122612348503716,0.22960353626243735,0.27122612348503716,0.22960353626243735,0.27122612348503716,0.22960353626243735,0.6035973697312479,0.605707956974591,0.6035973697312479,0.605707956974591,0.6035973697312479,0.605707956974591
0.559,0.559,0.1071645489662544,0.559,0.607,0.607,0.1885999322800962,0.607,0.5968008522964857,0.5881299637946253,0.5968008522964857,0.5881299637946253,0.5968008522964857,0.5881299637946253,0.5968008522964857,0.5881299637946253,0.5968008522964857,0.5881299637946253,0.5968008522964857,0.5881299637946253,0.25828312114975166,0.2481335261274449,0.25828312114975166,0.2481335261274449,0.25828312114975166,0.2481335261274449,0.5968008522964857,0.5881299637946253,0.5968008522964857,0.5881299637946253,0.5968008522964857,0.5881299637946253
0.562,0.562,0.1144788768842596,0.562,0.597,0.597,0.1667011289855672,0.597,0.6213827544300978,0.6083418722888225,0.6213827544300978,0.6083418722888225,0.6213827544300978,0.6083418722888225,0.6213827544300978,0.6083418722888225,0.6213827544300978,0.6083418722888225,0.6213827544300978,0.6083418722888225,0.25951040382771207,0.2546836535833691,0.25951040382771207,0.2546836535833691,0.25951040382771207,0.2546836535833691,0.6213827544300978,0.6083418722888225,0.6213827544300978,0.6083418722888225,0.6213827544300978,0.6083418722888225
0.574,0.574,0.1420181505456039,0.574,0.601,0.601,0.1819344891498679,0.601,0.6326216680094907,0.627625624745568,0.6326216680094907,0.627625624745568,0.6326216680094907,0.627625624745568,0.6326216680094907,0.627625624745568,0.6326216680094907,0.627625624745568,0.6326216680094907,0.627625624745568,0.25965733745822767,0.25513757365251477,0.25965733745822767,0.25513757365251477,0.25965733745822767,0.25513757365251477,0.6326216680094907,0.627625624745568,0.6326216680094907,0.627625624745568,0.6326216680094907,0.627625624745568
0.579,0.579,0.1476490500639768,0.579,0.578,0.578,0.1415051733467871,0.578,0.6210071137287503,0.6182162387313487,0.6210071137287503,0.6182162387313487,0.6210071137287503,0.6182162387313487,0.6210071137287503,0.6182162387313487,0.6210071137287503,0.6182162387313487,0.6210071137287503,0.6182162387313487,0.2608373149997993,0.24999145926608252,0.2608373149997993,0.24999145926608252,0.2608373149997993,0.24999145926608252,0.6210071137287503,0.6182162387313487,0.6210071137287503,0.6182162387313487,0.6210071137287503,0.6182162387313487
0.568,0.568,0.1281885695834678,0.568,0.574,0.574,0.1376797512631169,0.574,0.6095059049238664,0.605668564988521,0.6095059049238664,0.605668564988521,0.6095059049238664,0.605668564988521,0.6095059049238664,0.605668564988521,0.6095059049238664,0.605668564988521,0.6095059049238664,0.605668564988521,0.2673760571264188,0.27496982265854286,0.2673760571264188,0.27496982265854286,0.2673760571264188,0.27496982265854286,0.6095059049238664,0.605668564988521,0.6095059049238664,0.605668564988521,0.6095059049238664,0.605668564988521
0.585,0.585,0.1634751058254384,0.585,0.558,0.558,0.1093916863124382,0.558,0.6083788008145886,0.6180691303127075,0.6083788008145886,0.6180691303127075,0.6083788008145886,0.6180691303127075,0.6083788008145886,0.6180691303127075,0.6083788008145886,0.6180691303127075,0.6083788008145886,0.6180691303127075,0.23167496997111167,0.2316547738745694,0.23167496997111167,0.2316547738745694,0.23167496997111167,0.2316547738745694,0.6083788008145886,0.6180691303127075,0.6083788008145886,0.6180691303127075,0.6083788008145886,0.6180691303127075
0.601,0.601,0.1980737691738753,0.601,0.559,0.559,0.1061801259860394,0.559,0.6005725833183269,0.6093020831833333,0.6005725833183269,0.6093020831833333,0.6005725833183269,0.6093020831833333,0.6005725833183269,0.6093020831833333,0.6005725833183269,0.6093020831833333,0.6005725833183269,0.6093020831833333,0.2141306887143198,0.23860111216348812,0.2141306887143198,0.23860111216348812,0.2141306887143198,0.23860111216348812,0.6005725833183269,0.6093020831833333,0.6005725833183269,0.6093020831833333,0.6005725833183269,0.6093020831833333
0.597,0.597,0.1925465838509317,0.597,0.559,0.559,0.1071645489662544,0.559,0.61889733377216,0.6184228919329944,0.61889733377216,0.6184228919329944,0.61889733377216,0.6184228919329944,0.61889733377216,0.6184228919329944,0.61889733377216,0.6184228919329944,0.61889733377216,0.6184228919329944,0.26514380746033717,0.26230930524612917,0.26514380746033717,0.26230930524612917,0.26514380746033717,0.26230930524612917,0.61889733377216,0.6184228919329944,0.61889733377216,0.6184228919329944,0.61889733377216,0.6184228919329944
0.58,0.58,0.158990788946736,0.58,0.562,0.562,0.1144788768842596,0.562,0.6194857495485531,0.6286909619914122,0.6194857495485531,0.6286909619914122,0.6194857495485531,0.6286909619914122,0.6194857495485531,0.6286909619914122,0.6194857495485531,0.6286909619914122,0.6194857495485531,0.6286909619914122,0.2549671203870458,0.2290975202523826,0.2549671203870458,0.2290975202523826,0.2549671203870458,0.2290975202523826,0.6194857495485531,0.6286909619914122,0.6194857495485531,0.6286909619914122,0.6194857495485531,0.6286909619914122
0.561,0.561,0.1245213784301213,0.561,0.574,0.574,0.1420181505456039,0.574,0.6043738645666118,0.6169639597423621,0.6043738645666118,0.6169639597423621,0.6043738645666118,0.6169639597423621,0.6043738645666118,0.6169639597423621,0.6043738645666118,0.6169639597423621,0.6043738645666118,0.6169639597423621,0.24472964034402442,0.2269236228779999,0.24472964034402442,0.2269236228779999,0.24472964034402442,0.2269236228779999,0.6043738645666118,0.6169639597423621,0.6043738645666118,0.6169639597423621,0.6043738645666118,0.6169639597423621
0.543,0.543,0.0941957171512157,0.543,0.579,0.579,0.1476490500639768,0.579,0.6151079951235113,0.6252887184381264,0.6151079951235113,0.6252887184381264,0.6151079951235113,0.6252887184381264,0.6151079951235113,0.6252887184381264,0.6151079951235113,0.6252887184381264,0.6151079951235113,0.6252887184381264,0.2418207564672213,0.228068811294296,0.2418207564672213,0.228068811294296,0.2418207564672213,0.228068811294296,0.6151079951235113,0.6252887184381264,0.6151079951235113,0.6252887184381264,0.6151079951235113,0.6252887184381264
0.558,0.558,0.1237495589010788,0.558,0.568,0.568,0.1281885695834678,0.568,0.6114265950289737,0.6295162169643282,0.6114265950289737,0.6295162169643282,0.6114265950289737,0.6295162169643282,0.6114265950289737,0.6295162169643282,0.6114265950289737,0.6295162169643282,0.6114265950289737,0.6295162169643282,0.26605929336200257,0.2539727386957331,0.26605929336200257,0.2539727386957331,0.26605929336200257,0.2539727386957331,0.6114265950289737,0.6295162169643282,0.6114265950289737,0.6295162169643282,0.6114265950289737,0.6295162169643282
0.578,0.578,0.1647930586782355,0.578,0.585,0.585,0.1634751058254384,0.585,0.6287520750206811,0.6371711692291916,0.6287520750206811,0.6371711692291916,0.6287520750206811,0.6371711692291916,0.6287520750206811,0.6371711692291916,0.6287520750206811,0.6371711692291916,0.6287520750206811,0.6371711692291916,0.2404560174050054,0.26684262348871685,0.2404560174050054,0.26684262348871685,0.2404560174050054,0.26684262348871685,0.6287520750206811,0.6371711692291916,0.6287520750206811,0.6371711692291916,0.6287520750206811,0.6371711692291916
0.59,0.59,0.1864917954721323,0.59,0.601,0.601,0.1980737691738753,0.601,0.6232202818436822,0.6371804492427141,0.6232202818436822,0.6371804492427141,0.6232202818436822,0.6371804492427141,0.6232202818436822,0.6371804492427141,0.6232202818436822,0.6371804492427141,0.6232202818436822,0.6371804492427141,0.2085634914578085,0.270540956463785,0.2085634914578085,0.270540956463785,0.2085634914578085,0.270540956463785,0.6232202818436822,0.6371804492427141,0.6232202818436822,0.6371804492427141,0.6232202818436822,0.6371804492427141
0.568,0.568,0.136,0.568,0.597,0.597,0.1925465838509317,0.597,0.6218343163720993,0.6300985102916308,0.6218343163720993,0.6300985102916308,0.6218343163720993,0.6300985102916308,0.6218343163720993,0.6300985102916308,0.6218343163720993,0.6300985102916308,0.6218343163720993,0.6300985102916308,0.220651893847568,0.2737655342807783,0.220651893847568,0.2737655342807783,0.220651893847568,0.2737655342807783,0.6218343163720993,0.6300985102916308,0.6218343163720993,0.6300985102916308,0.6218343163720993,0.6300985102916308
0.542,0.542,0.0659047059639332,0.542,0.58,0.58,0.158990788946736,0.58,0.6254428012330846,0.6288643421438797,0.6254428012330846,0.6288643421438797,0.6254428012330846,0.6288643421438797,0.6254428012330846,0.6288643421438797,0.6254428012330846,0.6288643421438797,0.6254428012330846,0.6288643421438797,0.18795778167865426,0.22983143177320275,0.18795778167865426,0.22983143177320275,0.18795778167865426,0.22983143177320275,0.6254428012330846,0.6288643421438797,0.6254428012330846,0.6288643421438797,0.6254428012330846,0.6288643421438797
0.515,0.515,-0.0018839549833915,0.515,0.561,0.561,0.1245213784301213,0.561,0.605778905615976,0.6169648651499462,0.605778905615976,0.6169648651499462,0.605778905615976,0.6169648651499462,0.605778905615976,0.6169648651499462,0.605778905615976,0.6169648651499462,0.605778905615976,0.6169648651499462,0.17509700907289122,0.2279336242656403,0.17509700907289122,0.2279336242656403,0.17509700907289122,0.2279336242656403,0.605778905615976,0.6169648651499462,0.605778905615976,0.6169648651499462,0.605778905615976,0.6169648651499462
0.547,0.547,0.0026771403913556,0.547,0.543,0.543,0.0941957171512157,0.543,0.6175626068962508,0.6255985468142626,0.6175626068962508,0.6255985468142626,0.6175626068962508,0.6255985468142626,0.6175626068962508,0.6255985468142626,0.6175626068962508,0.6255985468142626,0.6175626068962508,0.6255985468142626,0.13257340950642688,0.10737130312849161,0.13257340950642688,0.10737130312849161,0.13257340950642688,0.10737130312849161,0.6175626068962508,0.6255985468142626,0.6175626068962508,0.6255985468142626,0.6175626068962508,0.6255985468142626
0.58,0.58,-0.0185028008827023,0.58,0.558,0.558,0.1237495589010788,0.558,0.6774828622942857,0.6934170297265827,0.6774828622942857,0.6934170297265827,0.6774828622942857,0.6934170297265827,0.6774828622942857,0.6934170297265827,0.6774828622942857,0.6934170297265827,0.6774828622942857,0.6934170297265827,0.09651805607489501,0.0730903674428045,0.09651805607489501,0.0730903674428045,0.09651805607489501,0.0730903674428045,0.6774828622942857,0.6934170297265827,0.6774828622942857,0.6934170297265827,0.6774828622942857,0.6934170297265827
0.637,0.637,0.0111470693994965,0.637,0.578,0.578,0.1647930586782355,0.578,0.7455642808984294,0.7508237914157277,0.7455642808984294,0.7508237914157277,0.7455642808984294,0.7508237914157277,0.7455642808984294,0.7508237914157277,0.7455642808984294,0.7508237914157277,0.7455642808984294,0.7508237914157277,0.04823005091970431,0.07245430828085073,0.04823005091970431,0.07245430828085073,0.04823005091970431,0.07245430828085073,0.7455642808984294,0.7508237914157277,0.7455642808984294,0.7508237914157277,0.7455642808984294,0.7508237914157277
0.633,0.633,0.0068304088503047,0.633,0.59,0.59,0.1864917954721323,0.59,0.7593720949760197,0.7631801693100959,0.7593720949760197,0.7631801693100959,0.7593720949760197,0.7631801693100959,0.7593720949760197,0.7631801693100959,0.7593720949760197,0.7631801693100959,0.7593720949760197,0.7631801693100959,0.016652599752587222,0.0491359056739652,0.016652599752587222,0.0491359056739652,0.016652599752587222,0.0491359056739652,0.7593720949760197,0.7631801693100959,0.7593720949760197,0.7631801693100959,0.7593720949760197,0.7631801693100959
0.588,0.588,0.0064819816343852,0.588,0.568,0.568,0.136,0.568,0.758347842033385,0.7592644989343388,0.758347842033385,0.7592644989343388,0.758347842033385,0.7592644989343388,0.758347842033385,0.7592644989343388,0.758347842033385,0.7592644989343388,0.758347842033385,0.7592644989343388,0.0066292073839785545,0.04417265744551205,0.0066292073839785545,0.04417265744551205,0.0066292073839785545,0.04417265744551205,0.758347842033385,0.7592644989343388,0.758347842033385,0.7592644989343388,0.758347842033385,0.7592644989343388
0.581,0.581,0.0023144400102863,0.581,0.542,0.542,0.0659047059639332,0.542,0.7561852921264371,0.749965539094049,0.7561852921264371,0.749965539094049,0.7561852921264371,0.749965539094049,0.7561852921264371,0.749965539094049,0.7561852921264371,0.749965539094049,0.7561852921264371,0.749965539094049,0.017207647886758173,0.027309306015852252,0.017207647886758173,0.027309306015852252,0.017207647886758173,0.027309306015852252,0.7561852921264371,0.749965539094049,0.7561852921264371,0.749965539094049,0.7561852921264371,0.749965539094049
0.577,0.577,0.010989010989011,0.577,0.515,0.515,-0.0018839549833915,0.515,0.7476656818277989,0.7378820090298923,0.7476656818277989,0.7378820090298923,0.7476656818277989,0.7378820090298923,0.7476656818277989,0.7378820090298923,0.7476656818277989,0.7378820090298923,0.7476656818277989,0.7378820090298923,0.03206643346302111,0.03248721153321497,0.03206643346302111,0.03248721153321497,0.03206643346302111,0.03248721153321497,0.7476656818277989,0.7378820090298923,0.7476656818277989,0.7378820090298923,0.7476656818277989,0.7378820090298923
0.572,0.572,0.0099925980754997,0.572,0.547,0.547,0.0026771403913556,0.547,0.736807970788973,0.7331468744865526,0.736807970788973,0.7331468744865526,0.736807970788973,0.7331468744865526,0.736807970788973,0.7331468744865526,0.736807970788973,0.7331468744865526,0.736807970788973,0.7331468744865526,0.03388676330857508,0.03820332913153643,0.03388676330857508,0.03820332913153643,0.03388676330857508,0.03820332913153643,0.736807970788973,0.7331468744865526,0.736807970788973,0.7331468744865526,0.736807970788973,0.7331468744865526
0.569,0.569,0.0255306449133152,0.569,0.58,0.58,-0.0185028008827023,0.58,0.7329103911221799,0.7359810461949583,0.7329103911221799,0.7359810461949583,0.7329103911221799,0.7359810461949583,0.7329103911221799,0.7359810461949583,0.7329103911221799,0.7359810461949583,0.7329103911221799,0.7359810461949583,0.026288013050116386,0.0260929598001803,0.026288013050116386,0.0260929598001803,0.026288013050116386,0.0260929598001803,0.7329103911221799,0.7359810461949583,0.7329103911221799,0.7359810461949583,0.7329103911221799,0.7359810461949583
0.542,0.542,0.022265866831757,0.542,0.637,0.637,0.0111470693994965,0.637,0.7123840792425657,0.7125545975425834,0.7123840792425657,0.7125545975425834,0.7123840792425657,0.7125545975425834,0.7123840792425657,0.7125545975425834,0.7123840792425657,0.7125545975425834,0.7123840792425657,0.7125545975425834,0.02892332751887648,0.04505086066445993,0.02892332751887648,0.04505086066445993,0.02892332751887648,0.04505086066445993,0.7123840792425657,0.7125545975425834,0.7123840792425657,0.7125545975425834,0.7123840792425657,0.7125545975425834
0.538,0.538,0.0137267040966632,0.538,0.633,0.633,0.0068304088503047,0.633,0.708592607741756,0.7056791447978508,0.708592607741756,0.7056791447978508,0.708592607741756,0.7056791447978508,0.708592607741756,0.7056791447978508,0.708592607741756,0.7056791447978508,0.708592607741756,0.7056791447978508,0.02801201060300656,0.041255209265840476,0.02801201060300656,0.041255209265840476,0.02801201060300656,0.041255209265840476,0.708592607741756,0.7056791447978508,0.708592607741756,0.7056791447978508,0.708592607741756,0.7056791447978508
0.532,0.532,0.0287554788152476,0.532,0.588,0.588,0.0064819816343852,0.588,0.7039676190362657,0.7006936718815537,0.7039676190362657,0.7006936718815537,0.7039676190362657,0.7006936718815537,0.7039676190362657,0.7006936718815537,0.7039676190362657,0.7006936718815537,0.7039676190362657,0.7006936718815537,0.0521781618747857,0.046473906835642925,0.0521781618747857,0.046473906835642925,0.0521781618747857,0.046473906835642925,0.7039676190362657,0.7006936718815537,0.7039676190362657,0.7006936718815537,0.7039676190362657,0.7006936718815537
0.545,0.545,0.082705675531829,0.545,0.581,0.581,0.0023144400102863,0.581,0.6403315318720426,0.6338104715134989,0.6403315318720426,0.6338104715134989,0.6403315318720426,0.6338104715134989,0.6403315318720426,0.6338104715134989,0.6403315318720426,0.6338104715134989,0.6403315318720426,0.6338104715134989,0.08393948121654285,0.09725337354220116,0.08393948121654285,0.09725337354220116,0.08393948121654285,0.09725337354220116,0.6403315318720426,0.6338104715134989,0.6403315318720426,0.6338104715134989,0.6403315318720426,0.6338104715134989
0.566,0.566,0.1339226916245934,0.566,0.577,0.577,0.010989010989011,0.577,0.6315078142803691,0.6322576648166264,0.6315078142803691,0.6322576648166264,0.6315078142803691,0.6322576648166264,0.6315078142803691,0.6322576648166264,0.6315078142803691,0.6322576648166264,0.6315078142803691,0.6322576648166264,0.10942319706985128,0.11339301889020029,0.10942319706985128,0.11339301889020029,0.10942319706985128,0.11339301889020029,0.6315078142803691,0.6322576648166264,0.6315078142803691,0.6322576648166264,0.6315078142803691,0.6322576648166264
0.571,0.571,0.155298972969567,0.571,0.572,0.572,0.0099925980754997,0.572,0.6211264728603261,0.6041370848284843,0.6211264728603261,0.6041370848284843,0.6211264728603261,0.6041370848284843,0.6211264728603261,0.6041370848284843,0.6211264728603261,0.6041370848284843,0.6211264728603261,0.6041370848284843,0.10607176420954964,0.13208164540581294,0.10607176420954964,0.13208164540581294,0.10607176420954964,0.13208164540581294,0.6211264728603261,0.6041370848284843,0.6211264728603261,0.6041370848284843,0.6211264728603261,0.6041370848284843
0.572,0.572,0.1586992074474776,0.572,0.569,0.569,0.0255306449133152,0.569,0.5948841954327954,0.5864777133904389,0.5948841954327954,0.5864777133904389,0.5948841954327954,0.5864777133904389,0.5948841954327954,0.5864777133904389,0.5948841954327954,0.5864777133904389,0.5948841954327954,0.5864777133904389,0.12380812236473107,0.13554303585312244,0.12380812236473107,0.13554303585312244,0.12380812236473107,0.13554303585312244,0.5948841954327954,0.5864777133904389,0.5948841954327954,0.5864777133904389,0.5948841954327954,0.5864777133904389
0.584,0.584,0.1815663560815915,0.584,0.542,0.542,0.022265866831757,0.542,0.5845314254560318,0.5828501669327681,0.5845314254560318,0.5828501669327681,0.5845314254560318,0.5828501669327681,0.5845314254560318,0.5828501669327681,0.5845314254560318,0.5828501669327681,0.5845314254560318,0.5828501669327681,0.11450340555009546,0.14104902482859216,0.11450340555009546,0.14104902482859216,0.11450340555009546,0.14104902482859216,0.5845314254560318,0.5828501669327681,0.5845314254560318,0.5828501669327681,0.5845314254560318,0.5828501669327681
0.596,0.596,0.2021644252226633,0.596,0.538,0.538,0.0137267040966632,0.538,0.5805757574902872,0.5906547511538418,0.5805757574902872,0.5906547511538418,0.5805757574902872,0.5906547511538418,0.5805757574902872,0.5906547511538418,0.5805757574902872,0.5906547511538418,0.5805757574902872,0.5906547511538418,0.11742775342896983,0.14552361102898842,0.11742775342896983,0.14552361102898842,0.11742775342896983,0.14552361102898842,0.5805757574902872,0.5906547511538418,0.5805757574902872,0.5906547511538418,0.5805757574902872,0.5906547511538418
0.629,0.629,0.2690000866954075,0.629,0.532,0.532,0.0287554788152476,0.532,0.6027163785451373,0.6143893822686195,0.6027163785451373,0.6143893822686195,0.6027163785451373,0.6143893822686195,0.6027163785451373,0.6143893822686195,0.6027163785451373,0.6143893822686195,0.6027163785451373,0.6143893822686195,0.13687420082870658,0.15565901945067945,0.13687420082870658,0.15565901945067945,0.13687420082870658,0.15565901945067945,0.6027163785451373,0.6143893822686195,0.6027163785451373,0.6143893822686195,0.6027163785451373,0.6143893822686195
0.608,0.608,0.2239621483578484,0.608,0.545,0.545,0.082705675531829,0.545,0.5848688176133673,0.5835403742919674,0.5848688176133673,0.5835403742919674,0.5848688176133673,0.5835403742919674,0.5848688176133673,0.5835403742919674,0.5848688176133673,0.5835403742919674,0.5848688176133673,0.5835403742919674,0.12359013595584913,0.12047387150514106,0.12359013595584913,0.12047387150514106,0.12359013595584913,0.12047387150514106,0.5848688176133673,0.5835403742919674,0.5848688176133673,0.5835403742919674,0.5848688176133673,0.5835403742919674
0.6,0.6,0.2039737629752276,0.6,0.566,0.566,0.1339226916245934,0.566,0.5768402981222314,0.5895554339935778,0.5768402981222314,0.5895554339935778,0.5768402981222314,0.5895554339935778,0.5768402981222314,0.5895554339935778,0.5768402981222314,0.5895554339935778,0.5768402981222314,0.5895554339935778,0.13734767016886545,0.125514525228365,0.13734767016886545,0.125514525228365,0.13734767016886545,0.125514525228365,0.5768402981222314,0.5895554339935778,0.5768402981222314,0.5895554339935778,0.5768402981222314,0.5895554339935778
0.582,0.582,0.1698970513472293,0.582,0.571,0.571,0.155298972969567,0.571,0.5813075656194431,0.580722872553889,0.5813075656194431,0.580722872553889,0.5813075656194431,0.580722872553889,0.5813075656194431,0.580722872553889,0.5813075656194431,0.580722872553889,0.5813075656194431,0.580722872553889,0.14979169682671,0.14431491127247176,0.14979169682671,0.14431491127247176,0.14979169682671,0.14431491127247176,0.5813075656194431,0.580722872553889,0.5813075656194431,0.580722872553889,0.5813075656194431,0.580722872553889
0.586,0.586,0.1768696392144075,0.586,0.572,0.572,0.1586992074474776,0.572,0.5920947119475849,0.5906250693651843,0.5920947119475849,0.5906250693651843,0.5920947119475849,0.5906250693651843,0.5920947119475849,0.5906250693651843,0.5920947119475849,0.5906250693651843,0.5920947119475849,0.5906250693651843,0.1233763495375491,0.12901591549786484,0.1233763495375491,0.12901591549786484,0.1233763495375491,0.12901591549786484,0.5920947119475849,0.5906250693651843,0.5920947119475849,0.5906250693651843,0.5920947119475849,0.5906250693651843
0.568,0.568,0.1569086651053863,0.568,0.584,0.584,0.1815663560815915,0.584,0.5992115047568404,0.5934401979429007,0.5992115047568404,0.5934401979429007,0.5992115047568404,0.5934401979429007,0.5992115047568404,0.5934401979429007,0.5992115047568404,0.5934401979429007,0.5992115047568404,0.5934401979429007,0.14565959273721793,0.14066047376214863,0.14565959273721793,0.14066047376214863,0.14565959273721793,0.14066047376214863,0.5992115047568404,0.5934401979429007,0.5992115047568404,0.5934401979429007,0.5992115047568404,0.5934401979429007
0.569,0.569,0.1566811980996956,0.569,0.596,0.596,0.2021644252226633,0.596,0.5743721191656284,0.5672615532992452,0.5743721191656284,0.5672615532992452,0.5743721191656284,0.5672615532992452,0.5743721191656284,0.5672615532992452,0.5743721191656284,0.5672615532992452,0.5743721191656284,0.5672615532992452,0.13553828019332234,0.10655877439981756,0.13553828019332234,0.10655877439981756,0.13553828019332234,0.10655877439981756,0.5743721191656284,0.5672615532992452,0.5743721191656284,0.5672615532992452,0.5743721191656284,0.5672615532992452
0.552,0.552,0.121099880720698,0.552,0.629,0.629,0.2690000866954075,0.629,0.5946176154124014,0.5682559570202007,0.5946176154124014,0.5682559570202007,0.5946176154124014,0.5682559570202007,0.5946176154124014,0.5682559570202007,0.5946176154124014,0.5682559570202007,0.5946176154124014,0.5682559570202007,0.14345014030572506,0.11708268084740032,0.14345014030572506,0.11708268084740032,0.14345014030572506,0.11708268084740032,0.5946176154124014,0.5682559570202007,0.5946176154124014,0.5682559570202007,0.5946176154124014,0.5682559570202007
0.552,0.552,0.113801356991672,0.552,0.608,0.608,0.2239621483578484,0.608,0.6019535866226108,0.5859440713315127,0.6019535866226108,0.5859440713315127,0.6019535866226108,0.5859440713315127,0.6019535866226108,0.5859440713315127,0.6019535866226108,0.5859440713315127,0.6019535866226108,0.5859440713315127,0.12140955583435614,0.10400037147267444,0.12140955583435614,0.10400037147267444,0.12140955583435614,0.10400037147267444,0.6019535866226108,0.5859440713315127,0.6019535866226108,0.5859440713315127,0.6019535866226108,0.5859440713315127
0.556,0.556,0.1207398459314414,0.556,0.6,0.6,0.2039737629752276,0.6,0.5770614710713157,0.5872331634537169,0.5770614710713157,0.5872331634537169,0.5770614710713157,0.5872331634537169,0.5770614710713157,0.5872331634537169,0.5770614710713157,0.5872331634537169,0.5770614710713157,0.5872331634537169,0.1592150216342619,0.14722593653356392,0.1592150216342619,0.14722593653356392,0.1592150216342619,0.14722593653356392,0.5770614710713157,0.5872331634537169,0.5770614710713157,0.5872331634537169,0.5770614710713157,0.5872331634537169
0.547,0.547,0.0954328343903258,0.547,0.582,0.582,0.1698970513472293,0.582,0.5946115530585955,0.5999011650181901,0.5946115530585955,0.5999011650181901,0.5946115530585955,0.5999011650181901,0.5946115530585955,0.5999011650181901,0.5946115530585955,0.5999011650181901,0.5946115530585955,0.5999011650181901,0.1587299049509041,0.16624966451644987,0.1587299049509041,0.16624966451644987,0.1587299049509041,0.16624966451644987,0.5946115530585955,0.5999011650181901,0.5946115530585955,0.5999011650181901,0.5946115530585955,0.5999011650181901
0.564,0.564,0.1337140223088508,0.564,0.586,0.586,0.1768696392144075,0.586,0.5947711739599585,0.5844998377841754,0.5947711739599585,0.5844998377841754,0.5947711739599585,0.5844998377841754,0.5947711739599585,0.5844998377841754,0.5947711739599585,0.5844998377841754,0.5947711739599585,0.5844998377841754,0.18996524260027814,0.1618289426651111,0.18996524260027814,0.1618289426651111,0.18996524260027814,0.1618289426651111,0.5947711739599585,0.5844998377841754,0.5947711739599585,0.5844998377841754,0.5947711739599585,0.5844998377841754
0.562,0.562,0.1292765839015565,0.562,0.568,0.568,0.1569086651053863,0.568,0.5891956212866565,0.5871014292962248,0.5891956212866565,0.5871014292962248,0.5891956212866565,0.5871014292962248,0.5891956212866565,0.5871014292962248,0.5891956212866565,0.5871014292962248,0.5891956212866565,0.5871014292962248,0.16001671239908044,0.13921625795382844,0.16001671239908044,0.13921625795382844,0.16001671239908044,0.13921625795382844,0.5891956212866565,0.5871014292962248,0.5891956212866565,0.5871014292962248,0.5891956212866565,0.5871014292962248
0.563,0.563,0.1396282879193573,0.563,0.569,0.569,0.1566811980996956,0.569,0.5800301746005883,0.5913189314453566,0.5800301746005883,0.5913189314453566,0.5800301746005883,0.5913189314453566,0.5800301746005883,0.5913189314453566,0.5800301746005883,0.5913189314453566,0.5800301746005883,0.5913189314453566,0.15475015874952036,0.153481637986874,0.15475015874952036,0.153481637986874,0.15475015874952036,0.153481637986874,0.5800301746005883,0.5913189314453566,0.5800301746005883,0.5913189314453566,0.5800301746005883,0.5913189314453566
0.555,0.555,0.1277930223441788,0.555,0.552,0.552,0.121099880720698,0.552,0.597063672029515,0.5946998154730333,0.597063672029515,0.5946998154730333,0.597063672029515,0.5946998154730333,0.597063672029515,0.5946998154730333,0.597063672029515,0.5946998154730333,0.597063672029515,0.5946998154730333,0.17538195074262983,0.14254707497373037,0.17538195074262983,0.14254707497373037,0.17538195074262983,0.14254707497373037,0.597063672029515,0.5946998154730333,0.597063672029515,0.5946998154730333,0.597063672029515,0.5946998154730333
0.565,0.565,0.1448185835836622,0.565,0.552,0.552,0.113801356991672,0.552,0.5901725772153946,0.583501758263632,0.5901725772153946,0.583501758263632,0.5901725772153946,0.583501758263632,0.5901725772153946,0.583501758263632,0.5901725772153946,0.583501758263632,0.5901725772153946,0.583501758263632,0.16228334998143365,0.12402937649837399,0.16228334998143365,0.12402937649837399,0.16228334998143365,0.12402937649837399,0.5901725772153946,0.583501758263632,0.5901725772153946,0.583501758263632,0.5901725772153946,0.583501758263632
0.553,0.553,0.1175286062874606,0.553,0.556,0.556,0.1207398459314414,0.556,0.5872389988652102,0.5901005342883622,0.5872389988652102,0.5901005342883622,0.5872389988652102,0.5901005342883622,0.5872389988652102,0.5901005342883622,0.5872389988652102,0.5901005342883622,0.5872389988652102,0.5901005342883622,0.18669914926837128,0.1398528975159186,0.18669914926837128,0.1398528975159186,0.18669914926837128,0.1398528975159186,0.5872389988652102,0.5901005342883622,0.5872389988652102,0.5901005342883622,0.5872389988652102,0.5901005342883622
0.551,0.551,0.1110671154226886,0.551,0.547,0.547,0.0954328343903258,0.547,0.5906014545131489,0.6022437779173525,0.5906014545131489,0.6022437779173525,0.5906014545131489,0.6022437779173525,0.5906014545131489,0.6022437779173525,0.5906014545131489,0.6022437779173525,0.5906014545131489,0.6022437779173525,0.1418135037488874,0.14142572119784233,0.1418135037488874,0.14142572119784233,0.1418135037488874,0.14142572119784233,0.5906014545131489,0.6022437779173525,0.5906014545131489,0.6022437779173525,0.5906014545131489,0.6022437779173525
0.525,0.525,0.0714241030934282,0.525,0.564,0.564,0.1337140223088508,0.564,0.5952259737556738,0.5932508957939351,0.5952259737556738,0.5932508957939351,0.5952259737556738,0.5932508957939351,0.5952259737556738,0.5932508957939351,0.5952259737556738,0.5932508957939351,0.5952259737556738,0.5932508957939351,0.17427876598952763,0.15000017197053384,0.17427876598952763,0.15000017197053384,0.17427876598952763,0.15000017197053384,0.5952259737556738,0.5932508957939351,0.5952259737556738,0.5932508957939351,0.5952259737556738,0.5932508957939351
0.508,0.508,0.0350216531726604,0.508,0.562,0.562,0.1292765839015565,0.562,0.5997218153223071,0.6027055690246905,0.5997218153223071,0.6027055690246905,0.5997218153223071,0.6027055690246905,0.5997218153223071,0.6027055690246905,0.5997218153223071,0.6027055690246905,0.5997218153223071,0.6027055690246905,0.16686185574572698,0.16105235592962527,0.16686185574572698,0.16105235592962527,0.16686185574572698,0.16105235592962527,0.5997218153223071,0.6027055690246905,0.5997218153223071,0.6027055690246905,0.5997218153223071,0.6027055690246905
0.51,0.51,0.0301830776843147,0.51,0.563,0.563,0.1396282879193573,0.563,0.5961798609854522,0.5998689025676339,0.5961798609854522,0.5998689025676339,0.5961798609854522,0.5998689025676339,0.5961798609854522,0.5998689025676339,0.5961798609854522,0.5998689025676339,0.5961798609854522,0.5998689025676339,0.17969723040731084,0.17692195812092812,0.17969723040731084,0.17692195812092812,0.17969723040731084,0.17692195812092812,0.5961798609854522,0.5998689025676339,0.5961798609854522,0.5998689025676339,0.5961798609854522,0.5998689025676339
0.52,0.52,0.0474565104363046,0.52,0.555,0.555,0.1277930223441788,0.555,0.5889165687209359,0.5887127706304223,0.5889165687209359,0.5887127706304223,0.5889165687209359,0.5887127706304223,0.5889165687209359,0.5887127706304223,0.5889165687209359,0.5887127706304223,0.5889165687209359,0.5887127706304223,0.18033555426209907,0.1566038330610579,0.18033555426209907,0.1566038330610579,0.18033555426209907,0.1566038330610579,0.5889165687209359,0.5887127706304223,0.5889165687209359,0.5887127706304223,0.5889165687209359,0.5887127706304223
0.516,0.516,0.038060220610156,0.516,0.565,0.565,0.1448185835836622,0.565,0.5914426187120946,0.5958937108168956,0.5914426187120946,0.5958937108168956,0.5914426187120946,0.5958937108168956,0.5914426187120946,0.5958937108168956,0.5914426187120946,0.5958937108168956,0.5914426187120946,0.5958937108168956,0.15141223285848415,0.1652794567353727,0.15141223285848415,0.1652794567353727,0.15141223285848415,0.1652794567353727,0.5914426187120946,0.5958937108168956,0.5914426187120946,0.5958937108168956,0.5914426187120946,0.5958937108168956
0.514,0.514,0.0391649038176389,0.514,0.553,0.553,0.1175286062874606,0.553,0.6009713365531048,0.6122287460564607,0.6009713365531048,0.6122287460564607,0.6009713365531048,0.6122287460564607,0.6009713365531048,0.6122287460564607,0.6009713365531048,0.6122287460564607,0.6009713365531048,0.6122287460564607,0.20101015400603497,0.19390131724471094,0.20101015400603497,0.19390131724471094,0.20101015400603497,0.19390131724471094,0.6009713365531048,0.6122287460564607,0.6009713365531048,0.6122287460564607,0.6009713365531048,0.6122287460564607
0.513,0.513,0.0388714337590981,0.513,0.551,0.551,0.1110671154226886,0.551,0.5951851414403253,0.5897841403361168,0.5951851414403253,0.5897841403361168,0.5951851414403253,0.5897841403361168,0.5951851414403253,0.5897841403361168,0.5951851414403253,0.5897841403361168,0.5951851414403253,0.5897841403361168,0.2625690452558997,0.24736828359978263,0.2625690452558997,0.24736828359978263,0.2625690452558997,0.24736828359978263,0.5951851414403253,0.5897841403361168,0.5951851414403253,0.5897841403361168,0.5951851414403253,0.5897841403361168
0.518,0.518,0.051535842893406,0.518,0.525,0.525,0.0714241030934282,0.525,0.6017918194988809,0.6114093586209607,0.6017918194988809,0.6114093586209607,0.6017918194988809,0.6114093586209607,0.6017918194988809,0.6114093586209607,0.6017918194988809,0.6114093586209607,0.6017918194988809,0.6114093586209607,0.22103807464776923,0.23223088391083402,0.22103807464776923,0.23223088391083402,0.22103807464776923,0.23223088391083402,0.6017918194988809,0.6114093586209607,0.6017918194988809,0.6114093586209607,0.6017918194988809,0.6114093586209607
0.545,0.545,0.1026844525783523,0.545,0.508,0.508,0.0350216531726604,0.508,0.6028133312789122,0.6136529356382003,0.6028133312789122,0.6136529356382003,0.6028133312789122,0.6136529356382003,0.6028133312789122,0.6136529356382003,0.6028133312789122,0.6136529356382003,0.6028133312789122,0.6136529356382003,0.18890871210673618,0.214896064757974,0.18890871210673618,0.214896064757974,0.18890871210673618,0.214896064757974,0.6028133312789122,0.6136529356382003,0.6028133312789122,0.6136529356382003,0.6028133312789122,0.6136529356382003
0.557,0.557,0.1229181680670936,0.557,0.51,0.51,0.0301830776843147,0.51,0.6217974782895054,0.641811884158599,0.6217974782895054,0.641811884158599,0.6217974782895054,0.641811884158599,0.6217974782895054,0.641811884158599,0.6217974782895054,0.641811884158599,0.6217974782895054,0.641811884158599,0.21987796658457942,0.21255246705186398,0.21987796658457942,0.21255246705186398,0.21987796658457942,0.21255246705186398,0.6217974782895054,0.641811884158599,0.6217974782895054,0.641811884158599,0.6217974782895054,0.641811884158599
0.552,0.552,0.1117702339930289,0.552,0.52,0.52,0.0474565104363046,0.52,0.6239425876725053,0.6260756743256534,0.6239425876725053,0.6260756743256534,0.6239425876725053,0.6260756743256534,0.6239425876725053,0.6260756743256534,0.6239425876725053,0.6260756743256534,0.6239425876725053,0.6260756743256534,0.20255352760587617,0.21675299799452524,0.20255352760587617,0.21675299799452524,0.20255352760587617,0.21675299799452524,0.6239425876725053,0.6260756743256534,0.6239425876725053,0.6260756743256534,0.6239425876725053,0.6260756743256534
0.548,0.548,0.1033169338200286,0.548,0.516,0.516,0.038060220610156,0.516,0.6266980732410095,0.6326866491809775,0.6266980732410095,0.6326866491809775,0.6266980732410095,0.6326866491809775,0.6266980732410095,0.6326866491809775,0.6266980732410095,0.6326866491809775,0.6266980732410095,0.6326866491809775,0.27033476253918826,0.24877690624767126,0.27033476253918826,0.24877690624767126,0.27033476253918826,0.24877690624767126,0.6266980732410095,0.6326866491809775,0.6266980732410095,0.6326866491809775,0.6266980732410095,0.6326866491809775
0.547,0.547,0.0971851308583318,0.547,0.514,0.514,0.0391649038176389,0.514,0.6217342558592155,0.6339896658060343,0.6217342558592155,0.6339896658060343,0.6217342558592155,0.6339896658060343,0.6217342558592155,0.6339896658060343,0.6217342558592155,0.6339896658060343,0.6217342558592155,0.6339896658060343,0.2692035695594846,0.2548398947282041,0.2692035695594846,0.2548398947282041,0.2692035695594846,0.2548398947282041,0.6217342558592155,0.6339896658060343,0.6217342558592155,0.6339896658060343,0.6217342558592155,0.6339896658060343
0.549,0.549,0.1027161240519828,0.549,0.513,0.513,0.0388714337590981,0.513,0.6284035173992905,0.6368227149577838,0.6284035173992905,0.6368227149577838,0.6284035173992905,0.6368227149577838,0.6284035173992905,0.6368227149577838,0.6284035173992905,0.6368227149577838,0.6284035173992905,0.6368227149577838,0.27140568093949374,0.24201276029776322,0.27140568093949374,0.24201276029776322,0.27140568093949374,0.24201276029776322,0.6284035173992905,0.6368227149577838,0.6284035173992905,0.6368227149577838,0.6284035173992905,0.6368227149577838
0.562,0.562,0.1254936568341274,0.562,0.518,0.518,0.051535842893406,0.518,0.6348755470182491,0.6334473244992892,0.6348755470182491,0.6334473244992892,0.6348755470182491,0.6334473244992892,0.6348755470182491,0.6334473244992892,0.6348755470182491,0.6334473244992892,0.6348755470182491,0.6334473244992892,0.30016347430648643,0.2840826062382652,0.30016347430648643,0.2840826062382652,0.30016347430648643,0.2840826062382652,0.6348755470182491,0.6334473244992892,0.6348755470182491,0.6334473244992892,0.6348755470182491,0.6334473244992892
0.56,0.56,0.1215004771849681,0.56,0.545,0.545,0.1026844525783523,0.545,0.6359316606716194,0.6391907652029644,0.6359316606716194,0.6391907652029644,0.6359316606716194,0.6391907652029644,0.6359316606716194,0.6391907652029644,0.6359316606716194,0.6391907652029644,0.6359316606716194,0.6391907652029644,0.29607985694662226,0.27864599452059785,0.29607985694662226,0.27864599452059785,0.29607985694662226,0.27864599452059785,0.6359316606716194,0.6391907652029644,0.6359316606716194,0.6391907652029644,0.6359316606716194,0.6391907652029644
0.565,0.565,0.1374524111675127,0.565,0.557,0.557,0.1229181680670936,0.557,0.632012659783909,0.647884998846154,0.632012659783909,0.647884998846154,0.632012659783909,0.647884998846154,0.632012659783909,0.647884998846154,0.632012659783909,0.647884998846154,0.632012659783909,0.647884998846154,0.2828952537551608,0.27446303020562923,0.2828952537551608,0.27446303020562923,0.2828952537551608,0.27446303020562923,0.632012659783909,0.647884998846154,0.632012659783909,0.647884998846154,0.632012659783909,0.647884998846154
0.562,0.562,0.1294600267124593,0.562,0.552,0.552,0.1117702339930289,0.552,0.6321718526681535,0.6383607386064479,0.6321718526681535,0.6383607386064479,0.6321718526681535,0.6383607386064479,0.6321718526681535,0.6383607386064479,0.6321718526681535,0.6383607386064479,0.6321718526681535,0.6383607386064479,0.29298756983335267,0.30035759336494444,0.29298756983335267,0.30035759336494444,0.29298756983335267,0.30035759336494444,0.6321718526681535,0.6383607386064479,0.6321718526681535,0.6383607386064479,0.6321718526681535,0.6383607386064479
0.549,0.549,0.1002242456647167,0.549,0.548,0.548,0.1033169338200286,0.548,0.6278806544892622,0.6500226571204422,0.6278806544892622,0.6500226571204422,0.6278806544892622,0.6500226571204422,0.6278806544892622,0.6500226571204422,0.6278806544892622,0.6500226571204422,0.6278806544892622,0.6500226571204422,0.2857499150476289,0.3049527987613114,0.2857499150476289,0.3049527987613114,0.2857499150476289,0.3049527987613114,0.6278806544892622,0.6500226571204422,0.6278806544892622,0.6500226571204422,0.6278806544892622,0.6500226571204422
0.548,0.548,0.1024622716441621,0.548,0.547,0.547,0.0971851308583318,0.547,0.6433771954097232,0.6550336300442939,0.6433771954097232,0.6550336300442939,0.6433771954097232,0.6550336300442939,0.6433771954097232,0.6550336300442939,0.6433771954097232,0.6550336300442939,0.6433771954097232,0.6550336300442939,0.30855132597351165,0.30830944737075405,0.30855132597351165,0.30830944737075405,0.30855132597351165,0.30830944737075405,0.6433771954097232,0.6550336300442939,0.6433771954097232,0.6550336300442939,0.6433771954097232,0.6550336300442939
0.556,0.556,0.1162948072368289,0.556,0.549,0.549,0.1027161240519828,0.549,0.6446023691700316,0.6522951867061372,0.6446023691700316,0.6522951867061372,0.6446023691700316,0.6522951867061372,0.6446023691700316,0.6522951867061372,0.6446023691700316,0.6522951867061372,0.6446023691700316,0.6522951867061372,0.2967595645139885,0.2860909212549802,0.2967595645139885,0.2860909212549802,0.2967595645139885,0.2860909212549802,0.6446023691700316,0.6522951867061372,0.6446023691700316,0.6522951867061372,0.6446023691700316,0.6522951867061372
0.559,0.559,0.1214439397561559,0.559,0.562,0.562,0.1254936568341274,0.562,0.6418253548174861,0.6493452864619219,0.6418253548174861,0.6493452864619219,0.6418253548174861,0.6493452864619219,0.6418253548174861,0.6493452864619219,0.6418253548174861,0.6493452864619219,0.6418253548174861,0.6493452864619219,0.27975867814447825,0.2876020911892831,0.27975867814447825,0.2876020911892831,0.27975867814447825,0.2876020911892831,0.6418253548174861,0.6493452864619219,0.6418253548174861,0.6493452864619219,0.6418253548174861,0.6493452864619219
0.572,0.572,0.1462027967842964,0.572,0.56,0.56,0.1215004771849681,0.56,0.6254696108699348,0.6401843568665181,0.6254696108699348,0.6401843568665181,0.6254696108699348,0.6401843568665181,0.6254696108699348,0.6401843568665181,0.6254696108699348,0.6401843568665181,0.6254696108699348,0.6401843568665181,0.2949623203328933,0.2767691055795024,0.2949623203328933,0.2767691055795024,0.2949623203328933,0.2767691055795024,0.6254696108699348,0.6401843568665181,0.6254696108699348,0.6401843568665181,0.6254696108699348,0.6401843568665181
0.557,0.557,0.1122956075665276,0.557,0.565,0.565,0.1374524111675127,0.565,0.6264852845651218,0.6168712514074536,0.6264852845651218,0.6168712514074536,0.6264852845651218,0.6168712514074536,0.6264852845651218,0.6168712514074536,0.6264852845651218,0.6168712514074536,0.6264852845651218,0.6168712514074536,0.24933929755506226,0.2298610849206311,0.24933929755506226,0.2298610849206311,0.24933929755506226,0.2298610849206311,0.6264852845651218,0.6168712514074536,0.6264852845651218,0.6168712514074536,0.6264852845651218,0.6168712514074536
0.559,0.559,0.077112387202625,0.559,0.562,0.562,0.1294600267124593,0.562,0.6224416576736181,0.6240115317096256,0.6224416576736181,0.6240115317096256,0.6224416576736181,0.6240115317096256,0.6224416576736181,0.6240115317096256,0.6224416576736181,0.6240115317096256,0.6224416576736181,0.6240115317096256,0.21110122950929325,0.18377516193583035,0.21110122950929325,0.18377516193583035,0.21110122950929325,0.18377516193583035,0.6224416576736181,0.6240115317096256,0.6224416576736181,0.6240115317096256,0.6224416576736181,0.6240115317096256
0.607,0.607,0.0694436551684946,0.607,0.549,0.549,0.1002242456647167,0.549,0.6140445602489326,0.6921611622404457,0.6140445602489326,0.6921611622404457,0.6140445602489326,0.6921611622404457,0.6140445602489326,0.6921611622404457,0.6140445602489326,0.6921611622404457,0.6140445602489326,0.6921611622404457,0.14779474608554136,0.10038202053967571,0.14779474608554136,0.10038202053967571,0.14779474608554136,0.10038202053967571,0.6140445602489326,0.6921611622404457,0.6140445602489326,0.6921611622404457,0.6140445602489326,0.6921611622404457
0.669,0.669,0.0399229617941548,0.669,0.548,0.548,0.1024622716441621,0.548,0.7071561332303647,0.7259751122244094,0.7071561332303647,0.7259751122244094,0.7071561332303647,0.7259751122244094,0.7071561332303647,0.7259751122244094,0.7071561332303647,0.7259751122244094,0.7071561332303647,0.7259751122244094,0.10753362259766339,0.10394021267695765,0.10753362259766339,0.10394021267695765,0.10753362259766339,0.10394021267695765,0.7071561332303647,0.7259751122244094,0.7071561332303647,0.7259751122244094,0.7071561332303647,0.7259751122244094
0.721,0.721,0.0074988972209967,0.721,0.556,0.556,0.1162948072368289,0.556,0.7551691655049547,0.7570115159854824,0.7551691655049547,0.7570115159854824,0.7551691655049547,0.7570115159854824,0.7551691655049547,0.7570115159854824,0.7551691655049547,0.7570115159854824,0.7551691655049547,0.7570115159854824,0.0580559552886362,0.05108916419846661,0.0580559552886362,0.05108916419846661,0.0580559552886362,0.05108916419846661,0.7551691655049547,0.7570115159854824,0.7551691655049547,0.7570115159854824,0.7551691655049547,0.7570115159854824
0.719,0.719,0.0146850498618454,0.719,0.559,0.559,0.1214439397561559,0.559,0.7584644953153401,0.7598822797240651,0.7584644953153401,0.7598822797240651,0.7584644953153401,0.7598822797240651,0.7584644953153401,0.7598822797240651,0.7584644953153401,0.7598822797240651,0.7584644953153401,0.7598822797240651,0.03908833232796397,0.04347643758128225,0.03908833232796397,0.04347643758128225,0.03908833232796397,0.04347643758128225,0.7584644953153401,0.7598822797240651,0.7584644953153401,0.7598822797240651,0.7584644953153401,0.7598822797240651
0.72,0.72,0.0043807248108321,0.72,0.572,0.572,0.1462027967842964,0.572,0.7577520055850887,0.7566211218964052,0.7577520055850887,0.7566211218964052,0.7577520055850887,0.7566211218964052,0.7577520055850887,0.7566211218964052,0.7577520055850887,0.7566211218964052,0.7577520055850887,0.7566211218964052,0.050464424030654015,0.04977961207685326,0.050464424030654015,0.04977961207685326,0.050464424030654015,0.04977961207685326,0.7577520055850887,0.7566211218964052,0.7577520055850887,0.7566211218964052,0.7577520055850887,0.7566211218964052
0.718,0.718,0.0033363492422527,0.718,0.557,0.557,0.1122956075665276,0.557,0.7529202981763339,0.7476179307102737,0.7529202981763339,0.7476179307102737,0.7529202981763339,0.7476179307102737,0.7529202981763339,0.7476179307102737,0.7529202981763339,0.7476179307102737,0.7529202981763339,0.7476179307102737,0.05211193370623671,0.03650189902500227,0.05211193370623671,0.03650189902500227,0.05211193370623671,0.03650189902500227,0.7529202981763339,0.7476179307102737,0.7529202981763339,0.7476179307102737,0.7529202981763339,0.7476179307102737
0.691,0.691,0.0267103439586746,0.691,0.559,0.559,0.077112387202625,0.559,0.7455485068761561,0.7380864659572256,0.7455485068761561,0.7380864659572256,0.7455485068761561,0.7380864659572256,0.7455485068761561,0.7380864659572256,0.7455485068761561,0.7380864659572256,0.7455485068761561,0.7380864659572256,0.05833532869228501,0.03597321780889529,0.05833532869228501,0.03597321780889529,0.05833532869228501,0.03597321780889529,0.7455485068761561,0.7380864659572256,0.7455485068761561,0.7380864659572256,0.7455485068761561,0.7380864659572256
0.69,0.69,0.0264308326214764,0.69,0.607,0.607,0.0694436551684946,0.607,0.7411474979525691,0.7405118246095017,0.7411474979525691,0.7405118246095017,0.7411474979525691,0.7405118246095017,0.7411474979525691,0.7405118246095017,0.7411474979525691,0.7405118246095017,0.7411474979525691,0.7405118246095017,0.06586839811789583,0.03630562776543567,0.06586839811789583,0.03630562776543567,0.06586839811789583,0.03630562776543567,0.7411474979525691,0.7405118246095017,0.7411474979525691,0.7405118246095017,0.7411474979525691,0.7405118246095017
0.639,0.639,0.014296792232331,0.639,0.669,0.669,0.0399229617941548,0.669,0.7369076351315749,0.7334597877543638,0.7369076351315749,0.7334597877543638,0.7369076351315749,0.7334597877543638,0.7369076351315749,0.7334597877543638,0.7369076351315749,0.7334597877543638,0.7369076351315749,0.7334597877543638,0.07462595559909649,0.07595602496750276,0.07462595559909649,0.07595602496750276,0.07462595559909649,0.07595602496750276,0.7369076351315749,0.7334597877543638,0.7369076351315749,0.7334597877543638,0.7369076351315749,0.7334597877543638
0.637,0.637,-0.0048943615183594,0.637,0.721,0.721,0.0074988972209967,0.721,0.7165827432039892,0.711600013452122,0.7165827432039892,0.711600013452122,0.7165827432039892,0.711600013452122,0.7165827432039892,0.711600013452122,0.7165827432039892,0.711600013452122,0.7165827432039892,0.711600013452122,0.044824356917014245,0.041143089393944086,0.044824356917014245,0.041143089393944086,0.044824356917014245,0.041143089393944086,0.7165827432039892,0.711600013452122,0.7165827432039892,0.711600013452122,0.7165827432039892,0.711600013452122
0.638,0.638,-0.017008197872711,0.638,0.719,0.719,0.0146850498618454,0.719,0.718666084713449,0.7065242278662138,0.718666084713449,0.7065242278662138,0.718666084713449,0.7065242278662138,0.718666084713449,0.7065242278662138,0.718666084713449,0.7065242278662138,0.718666084713449,0.7065242278662138,0.03560628552728968,0.045418548631432645,0.03560628552728968,0.045418548631432645,0.03560628552728968,0.045418548631432645,0.718666084713449,0.7065242278662138,0.718666084713449,0.7065242278662138,0.718666084713449,0.7065242278662138
0.624,0.624,0.0083499047910415,0.624,0.72,0.72,0.0043807248108321,0.72,0.7027778012182402,0.692021791548561,0.7027778012182402,0.692021791548561,0.7027778012182402,0.692021791548561,0.7027778012182402,0.692021791548561,0.7027778012182402,0.692021791548561,0.7027778012182402,0.692021791548561,0.04975691431521347,0.06018284719485544,0.04975691431521347,0.06018284719485544,0.04975691431521347,0.06018284719485544,0.7027778012182402,0.692021791548561,0.7027778012182402,0.692021791548561,0.7027778012182402,0.692021791548561
0.609,0.609,0.054642166344294,0.609,0.718,0.718,0.0033363492422527,0.718,0.6844294908789474,0.6793386139009527,0.6844294908789474,0.6793386139009527,0.6844294908789474,0.6793386139009527,0.6844294908789474,0.6793386139009527,0.6844294908789474,0.6793386139009527,0.6844294908789474,0.6793386139009527,0.091743580049399,0.06868948427350258,0.091743580049399,0.06868948427350258,0.091743580049399,0.06868948427350258,0.6844294908789474,0.6793386139009527,0.6844294908789474,0.6793386139009527,0.6844294908789474,0.6793386139009527
0.573,0.573,0.0353770388108254,0.573,0.691,0.691,0.0267103439586746,0.691,0.6122355213210289,0.6309014569120909,0.6122355213210289,0.6309014569120909,0.6122355213210289,0.6309014569120909,0.6122355213210289,0.6309014569120909,0.6122355213210289,0.6309014569120909,0.6122355213210289,0.6309014569120909,0.10132941584781276,0.11844451824235741,0.10132941584781276,0.11844451824235741,0.10132941584781276,0.11844451824235741,0.6122355213210289,0.6309014569120909,0.6122355213210289,0.6309014569120909,0.6122355213210289,0.6309014569120909
0.556,0.556,0.0530949293660001,0.556,0.69,0.69,0.0264308326214764,0.69,0.5927268949897045,0.6103768430922912,0.5927268949897045,0.6103768430922912,0.5927268949897045,0.6103768430922912,0.5927268949897045,0.6103768430922912,0.5927268949897045,0.6103768430922912,0.5927268949897045,0.6103768430922912,0.11006872948762927,0.12287131307312928,0.11006872948762927,0.12287131307312928,0.11006872948762927,0.12287131307312928,0.5927268949897045,0.6103768430922912,0.5927268949897045,0.6103768430922912,0.5927268949897045,0.6103768430922912
0.551,0.551,0.0753706754530477,0.551,0.639,0.639,0.014296792232331,0.639,0.5797600452800425,0.569254608140141,0.5797600452800425,0.569254608140141,0.5797600452800425,0.569254608140141,0.5797600452800425,0.569254608140141,0.5797600452800425,0.569254608140141,0.5797600452800425,0.569254608140141,0.13697682776754688,0.12552957147618904,0.13697682776754688,0.12552957147618904,0.13697682776754688,0.12552957147618904,0.5797600452800425,0.569254608140141,0.5797600452800425,0.569254608140141,0.5797600452800425,0.569254608140141
0.575,0.575,0.1296690694626474,0.575,0.637,0.637,-0.0048943615183594,0.637,0.583512232727043,0.5764901862853925,0.583512232727043,0.5764901862853925,0.583512232727043,0.5764901862853925,0.583512232727043,0.5764901862853925,0.583512232727043,0.5764901862853925,0.583512232727043,0.5764901862853925,0.12225237927843748,0.12343664642357682,0.12225237927843748,0.12343664642357682,0.12225237927843748,0.12343664642357682,0.583512232727043,0.5764901862853925,0.583512232727043,0.5764901862853925,0.583512232727043,0.5764901862853925
0.586,0.586,0.1463741520443721,0.586,0.638,0.638,-0.017008197872711,0.638,0.573769632402578,0.5792574582277767,0.573769632402578,0.5792574582277767,0.573769632402578,0.5792574582277767,0.573769632402578,0.5792574582277767,0.573769632402578,0.5792574582277767,0.573769632402578,0.5792574582277767,0.11348743749691613,0.13214714137026962,0.11348743749691613,0.13214714137026962,0.11348743749691613,0.13214714137026962,0.573769632402578,0.5792574582277767,0.573769632402578,0.5792574582277767,0.573769632402578,0.5792574582277767
0.598,0.598,0.1719535305264893,0.598,0.624,0.624,0.0083499047910415,0.624,0.5874473870732456,0.604120396633104,0.5874473870732456,0.604120396633104,0.5874473870732456,0.604120396633104,0.5874473870732456,0.604120396633104,0.5874473870732456,0.604120396633104,0.5874473870732456,0.604120396633104,0.13733270599641365,0.14195375464460422,0.13733270599641365,0.14195375464460422,0.13733270599641365,0.14195375464460422,0.5874473870732456,0.604120396633104,0.5874473870732456,0.604120396633104,0.5874473870732456,0.604120396633104
0.593,0.593,0.1684441938199262,0.593,0.609,0.609,0.054642166344294,0.609,0.5945776920249336,0.5973885929867419,0.5945776920249336,0.5973885929867419,0.5945776920249336,0.5973885929867419,0.5945776920249336,0.5973885929867419,0.5945776920249336,0.5973885929867419,0.5945776920249336,0.5973885929867419,0.1554232867139718,0.12712065387350882,0.1554232867139718,0.12712065387350882,0.1554232867139718,0.12712065387350882,0.5945776920249336,0.5973885929867419,0.5945776920249336,0.5973885929867419,0.5945776920249336,0.5973885929867419
0.585,0.585,0.1592995648615578,0.585,0.573,0.573,0.0353770388108254,0.573,0.5922297416103544,0.5979099715490401,0.5922297416103544,0.5979099715490401,0.5922297416103544,0.5979099715490401,0.5922297416103544,0.5979099715490401,0.5922297416103544,0.5979099715490401,0.5922297416103544,0.5979099715490401,0.1818537343898444,0.14538374215881136,0.1818537343898444,0.14538374215881136,0.1818537343898444,0.14538374215881136,0.5922297416103544,0.5979099715490401,0.5922297416103544,0.5979099715490401,0.5922297416103544,0.5979099715490401
0.555,0.555,0.1004431075748754,0.555,0.556,0.556,0.0530949293660001,0.556,0.5902516771812123,0.6052278932595273,0.5902516771812123,0.6052278932595273,0.5902516771812123,0.6052278932595273,0.5902516771812123,0.6052278932595273,0.5902516771812123,0.6052278932595273,0.5902516771812123,0.6052278932595273,0.17813438313607702,0.1407979969239771,0.17813438313607702,0.1407979969239771,0.17813438313607702,0.1407979969239771,0.5902516771812123,0.6052278932595273,0.5902516771812123,0.6052278932595273,0.5902516771812123,0.6052278932595273
0.534,0.534,0.0511599874573938,0.534,0.551,0.551,0.0753706754530477,0.551,0.5729799170555118,0.5718154731519612,0.5729799170555118,0.5718154731519612,0.5729799170555118,0.5718154731519612,0.5729799170555118,0.5718154731519612,0.5729799170555118,0.5718154731519612,0.5729799170555118,0.5718154731519612,0.12424616966525982,0.11840692045867839,0.12424616966525982,0.11840692045867839,0.12424616966525982,0.11840692045867839,0.5729799170555118,0.5718154731519612,0.5729799170555118,0.5718154731519612,0.5729799170555118,0.5718154731519612
0.552,0.552,0.0903183885640026,0.552,0.575,0.575,0.1296690694626474,0.575,0.5771659483648853,0.5774481712937664,0.5771659483648853,0.5774481712937664,0.5771659483648853,0.5774481712937664,0.5771659483648853,0.5774481712937664,0.5771659483648853,0.5774481712937664,0.5771659483648853,0.5774481712937664,0.13366009202749066,0.14232338453343366,0.13366009202749066,0.14232338453343366,0.13366009202749066,0.14232338453343366,0.5771659483648853,0.5774481712937664,0.5771659483648853,0.5774481712937664,0.5771659483648853,0.5774481712937664
0.586,0.586,0.1619704624951418,0.586,0.586,0.586,0.1463741520443721,0.586,0.5784735746870473,0.5901979618814794,0.5784735746870473,0.5901979618814794,0.5784735746870473,0.5901979618814794,0.5784735746870473,0.5901979618814794,0.5784735746870473,0.5901979618814794,0.5784735746870473,0.5901979618814794,0.13666214512267053,0.15189596117937243,0.13666214512267053,0.15189596117937243,0.13666214512267053,0.15189596117937243,0.5784735746870473,0.5901979618814794,0.5784735746870473,0.5901979618814794,0.5784735746870473,0.5901979618814794
0.593,0.593,0.1792633939374384,0.593,0.598,0.598,0.1719535305264893,0.598,0.5797031137651414,0.5771963757971887,0.5797031137651414,0.5771963757971887,0.5797031137651414,0.5771963757971887,0.5797031137651414,0.5771963757971887,0.5797031137651414,0.5771963757971887,0.5797031137651414,0.5771963757971887,0.13582850272475194,0.1462009721123046,0.13582850272475194,0.1462009721123046,0.13582850272475194,0.1462009721123046,0.5797031137651414,0.5771963757971887,0.5797031137651414,0.5771963757971887,0.5797031137651414,0.5771963757971887
0.588,0.588,0.1696327438800724,0.588,0.593,0.593,0.1684441938199262,0.593,0.5863349521037384,0.5834596300679807,0.5863349521037384,0.5834596300679807,0.5863349521037384,0.5834596300679807,0.5863349521037384,0.5834596300679807,0.5863349521037384,0.5834596300679807,0.5863349521037384,0.5834596300679807,0.11538415357861159,0.09682463107782607,0.11538415357861159,0.09682463107782607,0.11538415357861159,0.09682463107782607,0.5863349521037384,0.5834596300679807,0.5863349521037384,0.5834596300679807,0.5863349521037384,0.5834596300679807
0.578,0.578,0.1479704737445688,0.578,0.585,0.585,0.1592995648615578,0.585,0.5843352065346517,0.5841339158935758,0.5843352065346517,0.5841339158935758,0.5843352065346517,0.5841339158935758,0.5843352065346517,0.5841339158935758,0.5843352065346517,0.5841339158935758,0.5843352065346517,0.5841339158935758,0.09735653123335887,0.082534308782695,0.09735653123335887,0.082534308782695,0.09735653123335887,0.082534308782695,0.5843352065346517,0.5841339158935758,0.5843352065346517,0.5841339158935758,0.5843352065346517,0.5841339158935758
0.58,0.58,0.1527987897125567,0.58,0.555,0.555,0.1004431075748754,0.555,0.5819791467743763,0.5981121904832373,0.5819791467743763,0.5981121904832373,0.5819791467743763,0.5981121904832373,0.5819791467743763,0.5981121904832373,0.5819791467743763,0.5981121904832373,0.5819791467743763,0.5981121904832373,0.08921117369710971,0.1069435010062512,0.08921117369710971,0.1069435010062512,0.08921117369710971,0.1069435010062512,0.5819791467743763,0.5981121904832373,0.5819791467743763,0.5981121904832373,0.5819791467743763,0.5981121904832373
0.595,0.595,0.1825844057287715,0.595,0.534,0.534,0.0511599874573938,0.534,0.5890399105269082,0.5887127860496251,0.5890399105269082,0.5887127860496251,0.5890399105269082,0.5887127860496251,0.5890399105269082,0.5887127860496251,0.5890399105269082,0.5887127860496251,0.5890399105269082,0.5887127860496251,0.10654435151968714,0.09753958775839325,0.10654435151968714,0.09753958775839325,0.10654435151968714,0.09753958775839325,0.5890399105269082,0.5887127860496251,0.5890399105269082,0.5887127860496251,0.5890399105269082,0.5887127860496251
0.612,0.612,0.2215057042765019,0.612,0.552,0.552,0.0903183885640026,0.552,0.5916853803660909,0.6046693937498598,0.5916853803660909,0.6046693937498598,0.5916853803660909,0.6046693937498598,0.5916853803660909,0.6046693937498598,0.5916853803660909,0.6046693937498598,0.5916853803660909,0.6046693937498598,0.1273421763044751,0.1324108189580426,0.1273421763044751,0.1324108189580426,0.1273421763044751,0.1324108189580426,0.5916853803660909,0.6046693937498598,0.5916853803660909,0.6046693937498598,0.5916853803660909,0.6046693937498598
0.59,0.59,0.1797211051757598,0.59,0.586,0.586,0.1619704624951418,0.586,0.5912409024668037,0.6020710218670964,0.5912409024668037,0.6020710218670964,0.5912409024668037,0.6020710218670964,0.5912409024668037,0.6020710218670964,0.5912409024668037,0.6020710218670964,0.5912409024668037,0.6020710218670964,0.14992571584105555,0.15183001129454596,0.14992571584105555,0.15183001129454596,0.14992571584105555,0.15183001129454596,0.5912409024668037,0.6020710218670964,0.5912409024668037,0.6020710218670964,0.5912409024668037,0.6020710218670964
0.568,0.568,0.1426972490901079,0.568,0.593,0.593,0.1792633939374384,0.593,0.5757582784459562,0.5964650326366139,0.5757582784459562,0.5964650326366139,0.5757582784459562,0.5964650326366139,0.5757582784459562,0.5964650326366139,0.5757582784459562,0.5964650326366139,0.5757582784459562,0.5964650326366139,0.14525805380050177,0.13109321419714198,0.14525805380050177,0.13109321419714198,0.14525805380050177,0.13109321419714198,0.5757582784459562,0.5964650326366139,0.5757582784459562,0.5964650326366139,0.5757582784459562,0.5964650326366139
0.567,0.567,0.1431443633542831,0.567,0.588,0.588,0.1696327438800724,0.588,0.5799918655107145,0.5897219630875536,0.5799918655107145,0.5897219630875536,0.5799918655107145,0.5897219630875536,0.5799918655107145,0.5897219630875536,0.5799918655107145,0.5897219630875536,0.5799918655107145,0.5897219630875536,0.12842803933563626,0.15052522995022763,0.12842803933563626,0.15052522995022763,0.12842803933563626,0.15052522995022763,0.5799918655107145,0.5897219630875536,0.5799918655107145,0.5897219630875536,0.5799918655107145,0.5897219630875536
0.554,0.554,0.1158897994298876,0.554,0.578,0.578,0.1479704737445688,0.578,0.5686266917939719,0.5884162842790703,0.5686266917939719,0.5884162842790703,0.5686266917939719,0.5884162842790703,0.5686266917939719,0.5884162842790703,0.5686266917939719,0.5884162842790703,0.5686266917939719,0.5884162842790703,0.12884435655343265,0.1274689428859082,0.12884435655343265,0.1274689428859082,0.12884435655343265,0.1274689428859082,0.5686266917939719,0.5884162842790703,0.5686266917939719,0.5884162842790703,0.5686266917939719,0.5884162842790703
0.567,0.567,0.1393840136108506,0.567,0.58,0.58,0.1527987897125567,0.58,0.5647669895282101,0.5690728723991336,0.5647669895282101,0.5690728723991336,0.5647669895282101,0.5690728723991336,0.5647669895282101,0.5690728723991336,0.5647669895282101,0.5690728723991336,0.5647669895282101,0.5690728723991336,0.0916306542324202,0.07411368213903174,0.0916306542324202,0.07411368213903174,0.0916306542324202,0.07411368213903174,0.5647669895282101,0.5690728723991336,0.5647669895282101,0.5690728723991336,0.5647669895282101,0.5690728723991336
0.57,0.57,0.1444897179601452,0.57,0.595,0.595,0.1825844057287715,0.595,0.564360691677644,0.5664674809149236,0.564360691677644,0.5664674809149236,0.564360691677644,0.5664674809149236,0.564360691677644,0.5664674809149236,0.564360691677644,0.5664674809149236,0.564360691677644,0.5664674809149236,0.08818480127937316,0.07370309516524381,0.08818480127937316,0.07370309516524381,0.08818480127937316,0.07370309516524381,0.564360691677644,0.5664674809149236,0.564360691677644,0.5664674809149236,0.564360691677644,0.5664674809149236
0.585,0.585,0.17281243771178,0.585,0.612,0.612,0.2215057042765019,0.612,0.5710842781667861,0.5584351775439443,0.5710842781667861,0.5584351775439443,0.5710842781667861,0.5584351775439443,0.5710842781667861,0.5584351775439443,0.5710842781667861,0.5584351775439443,0.5710842781667861,0.5584351775439443,0.08728496391967079,0.0788515327713385,0.08728496391967079,0.0788515327713385,0.08728496391967079,0.0788515327713385,0.5710842781667861,0.5584351775439443,0.5710842781667861,0.5584351775439443,0.5710842781667861,0.5584351775439443
0.579,0.579,0.1652191844925087,0.579,0.59,0.59,0.1797211051757598,0.59,0.5641429004535379,0.5581233149585493,0.5641429004535379,0.5581233149585493,0.5641429004535379,0.5581233149585493,0.5641429004535379,0.5581233149585493,0.5641429004535379,0.5581233149585493,0.5641429004535379,0.5581233149585493,0.08337512661251284,0.07471498294768485,0.08337512661251284,0.07471498294768485,0.08337512661251284,0.07471498294768485,0.5641429004535379,0.5581233149585493,0.5641429004535379,0.5581233149585493,0.5641429004535379,0.5581233149585493
0.584,0.584,0.1752152172792412,0.584,0.568,0.568,0.1426972490901079,0.568,0.5769693747134443,0.5783034198745655,0.5769693747134443,0.5783034198745655,0.5769693747134443,0.5783034198745655,0.5769693747134443,0.5783034198745655,0.5769693747134443,0.5783034198745655,0.5769693747134443,0.5783034198745655,0.10818826788881318,0.08607857611842888,0.10818826788881318,0.08607857611842888,0.10818826788881318,0.08607857611842888,0.5769693747134443,0.5783034198745655,0.5769693747134443,0.5783034198745655,0.5769693747134443,0.5783034198745655
0.591,0.591,0.1892963330029732,0.591,0.567,0.567,0.1431443633542831,0.567,0.5617021880048917,0.5608358624101261,0.5617021880048917,0.5608358624101261,0.5617021880048917,0.5608358624101261,0.5617021880048917,0.5608358624101261,0.5617021880048917,0.5608358624101261,0.5617021880048917,0.5608358624101261,0.07816817080718509,0.05682605066104598,0.07816817080718509,0.05682605066104598,0.07816817080718509,0.05682605066104598,0.5617021880048917,0.5608358624101261,0.5617021880048917,0.5608358624101261,0.5617021880048917,0.5608358624101261
0.574,0.574,0.1548960482463102,0.574,0.554,0.554,0.1158897994298876,0.554,0.5436964013180549,0.5636152357425182,0.5436964013180549,0.5636152357425182,0.5436964013180549,0.5636152357425182,0.5436964013180549,0.5636152357425182,0.5436964013180549,0.5636152357425182,0.5436964013180549,0.5636152357425182,0.0498706366791586,0.0500680598713117,0.0498706366791586,0.0500680598713117,0.0498706366791586,0.0500680598713117,0.5436964013180549,0.5636152357425182,0.5436964013180549,0.5636152357425182,0.5436964013180549,0.5636152357425182
0.563,0.563,0.1366707495357382,0.563,0.567,0.567,0.1393840136108506,0.567,0.5489998616939531,0.5583205027568325,0.5489998616939531,0.5583205027568325,0.5489998616939531,0.5583205027568325,0.5489998616939531,0.5583205027568325,0.5489998616939531,0.5583205027568325,0.5489998616939531,0.5583205027568325,0.06126809451292152,0.05528250700954363,0.06126809451292152,0.05528250700954363,0.06126809451292152,0.05528250700954363,0.5489998616939531,0.5583205027568325,0.5489998616939531,0.5583205027568325,0.5489998616939531,0.5583205027568325
0.566,0.566,0.1423738459592766,0.566,0.57,0.57,0.1444897179601452,0.57,0.5606012797289611,0.55542569244445,0.5606012797289611,0.55542569244445,0.5606012797289611,0.55542569244445,0.5606012797289611,0.55542569244445,0.5606012797289611,0.55542569244445,0.5606012797289611,0.55542569244445,0.04724709265977951,0.05818450885521534,0.04724709265977951,0.05818450885521534,0.04724709265977951,0.05818450885521534,0.5606012797289611,0.55542569244445,0.5606012797289611,0.55542569244445,0.5606012797289611,0.55542569244445
0.576,0.576,0.1626510782842246,0.576,0.585,0.585,0.17281243771178,0.585,0.567522600023077,0.5726861269858899,0.567522600023077,0.5726861269858899,0.567522600023077,0.5726861269858899,0.567522600023077,0.5726861269858899,0.567522600023077,0.5726861269858899,0.567522600023077,0.5726861269858899,0.08718958315481888,0.08628953439906194,0.08718958315481888,0.08628953439906194,0.08718958315481888,0.08628953439906194,0.567522600023077,0.5726861269858899,0.567522600023077,0.5726861269858899,0.567522600023077,0.5726861269858899
0.58,0.58,0.1683398876070763,0.58,0.579,0.579,0.1652191844925087,0.579,0.5753097256842125,0.583392570101031,0.5753097256842125,0.583392570101031,0.5753097256842125,0.583392570101031,0.5753097256842125,0.583392570101031,0.5753097256842125,0.583392570101031,0.5753097256842125,0.583392570101031,0.09936321909835837,0.10633743594814468,0.09936321909835837,0.10633743594814468,0.09936321909835837,0.10633743594814468,0.5753097256842125,0.583392570101031,0.5753097256842125,0.583392570101031,0.5753097256842125,0.583392570101031
0.593,0.593,0.1936762025517077,0.593,0.584,0.584,0.1752152172792412,0.584,0.5924175719777586,0.5995410432354502,0.5924175719777586,0.5995410432354502,0.5924175719777586,0.5995410432354502,0.5924175719777586,0.5995410432354502,0.5924175719777586,0.5995410432354502,0.5924175719777586,0.5995410432354502,0.09447752886677606,0.11030619401978436,0.09447752886677606,0.11030619401978436,0.09447752886677606,0.11030619401978436,0.5924175719777586,0.5995410432354502,0.5924175719777586,0.5995410432354502,0.5924175719777586,0.5995410432354502
0.579,0.579,0.1717489671453864,0.579,0.591,0.591,0.1892963330029732,0.591,0.5646987018490066,0.5859646396952235,0.5646987018490066,0.5859646396952235,0.5646987018490066,0.5859646396952235,0.5646987018490066,0.5859646396952235,0.5646987018490066,0.5859646396952235,0.5646987018490066,0.5859646396952235,0.1026150279415015,0.09470320438465868,0.1026150279415015,0.09470320438465868,0.1026150279415015,0.09470320438465868,0.5646987018490066,0.5859646396952235,0.5646987018490066,0.5859646396952235,0.5646987018490066,0.5859646396952235
0.596,0.596,0.2017545592855308,0.596,0.574,0.574,0.1548960482463102,0.574,0.5734879075453413,0.6049409997185546,0.5734879075453413,0.6049409997185546,0.5734879075453413,0.6049409997185546,0.5734879075453413,0.6049409997185546,0.5734879075453413,0.6049409997185546,0.5734879075453413,0.6049409997185546,0.11573206213127159,0.10772406443615665,0.11573206213127159,0.10772406443615665,0.11573206213127159,0.10772406443615665,0.5734879075453413,0.6049409997185546,0.5734879075453413,0.6049409997185546,0.5734879075453413,0.6049409997185546
0.603,0.603,0.2122953356772672,0.603,0.563,0.563,0.1366707495357382,0.563,0.5626576378912143,0.5967041169493461,0.5626576378912143,0.5967041169493461,0.5626576378912143,0.5967041169493461,0.5626576378912143,0.5967041169493461,0.5626576378912143,0.5967041169493461,0.5626576378912143,0.5967041169493461,0.10001204088025344,0.09847047451293421,0.10001204088025344,0.09847047451293421,0.10001204088025344,0.09847047451293421,0.5626576378912143,0.5967041169493461,0.5626576378912143,0.5967041169493461,0.5626576378912143,0.5967041169493461
0.618,0.618,0.2416512151447414,0.618,0.566,0.566,0.1423738459592766,0.566,0.5934175717530402,0.6113791267438381,0.5934175717530402,0.6113791267438381,0.5934175717530402,0.6113791267438381,0.5934175717530402,0.6113791267438381,0.5934175717530402,0.6113791267438381,0.5934175717530402,0.6113791267438381,0.1206737558163286,0.10458812560257012,0.1206737558163286,0.10458812560257012,0.1206737558163286,0.10458812560257012,0.5934175717530402,0.6113791267438381,0.5934175717530402,0.6113791267438381,0.5934175717530402,0.6113791267438381
0.644,0.644,0.2918072442548857,0.644,0.576,0.576,0.1626510782842246,0.576,0.5792390831527701,0.6123940110839359,0.5792390831527701,0.6123940110839359,0.5792390831527701,0.6123940110839359,0.5792390831527701,0.6123940110839359,0.5792390831527701,0.6123940110839359,0.5792390831527701,0.6123940110839359,0.09059989124492805,0.08464590472152339,0.09059989124492805,0.08464590472152339,0.09059989124492805,0.08464590472152339,0.5792390831527701,0.6123940110839359,0.5792390831527701,0.6123940110839359,0.5792390831527701,0.6123940110839359
0.63,0.63,0.2661845962230323,0.63,0.58,0.58,0.1683398876070763,0.58,0.6017827165764372,0.6029868539865118,0.6017827165764372,0.6029868539865118,0.6017827165764372,0.6029868539865118,0.6017827165764372,0.6029868539865118,0.6017827165764372,0.6029868539865118,0.6017827165764372,0.6029868539865118,0.11491736043262007,0.08729086028431923,0.11491736043262007,0.08729086028431923,0.11491736043262007,0.08729086028431923,0.6017827165764372,0.6029868539865118,0.6017827165764372,0.6029868539865118,0.6017827165764372,0.6029868539865118
0.615,0.615,0.2423884638392998,0.615,0.593,0.593,0.1936762025517077,0.593,0.6005516032518324,0.6128091493799704,0.6005516032518324,0.6128091493799704,0.6005516032518324,0.6128091493799704,0.6005516032518324,0.6128091493799704,0.6005516032518324,0.6128091493799704,0.6005516032518324,0.6128091493799704,0.13159543626818887,0.13449005115582488,0.13159543626818887,0.13449005115582488,0.13159543626818887,0.13449005115582488,0.6005516032518324,0.6128091493799704,0.6005516032518324,0.6128091493799704,0.6005516032518324,0.6128091493799704
0.6,0.6,0.2156493638916341,0.6,0.579,0.579,0.1717489671453864,0.579,0.5993662072664292,0.600712782713264,0.5993662072664292,0.600712782713264,0.5993662072664292,0.600712782713264,0.5993662072664292,0.600712782713264,0.5993662072664292,0.600712782713264,0.5993662072664292,0.600712782713264,0.13225391501882922,0.1386555949677755,0.13225391501882922,0.1386555949677755,0.13225391501882922,0.1386555949677755,0.5993662072664292,0.600712782713264,0.5993662072664292,0.600712782713264,0.5993662072664292,0.600712782713264
0.594,0.594,0.2119718173172105,0.594,0.596,0.596,0.2017545592855308,0.596,0.5896014154715705,0.5978805600842156,0.5896014154715705,0.5978805600842156,0.5896014154715705,0.5978805600842156,0.5896014154715705,0.5978805600842156,0.5896014154715705,0.5978805600842156,0.5896014154715705,0.5978805600842156,0.1336741850339548,0.14648695994357444,0.1336741850339548,0.14648695994357444,0.1336741850339548,0.14648695994357444,0.5896014154715705,0.5978805600842156,0.5896014154715705,0.5978805600842156,0.5896014154715705,0.5978805600842156
0.61,0.61,0.2366591506952273,0.61,0.603,0.603,0.2122953356772672,0.603,0.5863917196025527,0.6030513735617197,0.5863917196025527,0.6030513735617197,0.5863917196025527,0.6030513735617197,0.5863917196025527,0.6030513735617197,0.5863917196025527,0.6030513735617197,0.5863917196025527,0.6030513735617197,0.12750348864825528,0.11694306841242744,0.12750348864825528,0.11694306841242744,0.12750348864825528,0.11694306841242744,0.5863917196025527,0.6030513735617197,0.5863917196025527,0.6030513735617197,0.5863917196025527,0.6030513735617197
0.599,0.599,0.2095095410818482,0.599,0.618,0.618,0.2416512151447414,0.618,0.5895281482337235,0.5947279960693946,0.5895281482337235,0.5947279960693946,0.5895281482337235,0.5947279960693946,0.5895281482337235,0.5947279960693946,0.5895281482337235,0.5947279960693946,0.5895281482337235,0.5947279960693946,0.1349620078570585,0.13461296852958893,0.1349620078570585,0.13461296852958893,0.1349620078570585,0.13461296852958893,0.5895281482337235,0.5947279960693946,0.5895281482337235,0.5947279960693946,0.5895281482337235,0.5947279960693946
0.594,0.594,0.1988950276243093,0.594,0.644,0.644,0.2918072442548857,0.644,0.5705409055930408,0.5765187986177873,0.5705409055930408,0.5765187986177873,0.5705409055930408,0.5765187986177873,0.5705409055930408,0.5765187986177873,0.5705409055930408,0.5765187986177873,0.5705409055930408,0.5765187986177873,0.11293185206149237,0.10281763575706822,0.11293185206149237,0.10281763575706822,0.11293185206149237,0.10281763575706822,0.5705409055930408,0.5765187986177873,0.5705409055930408,0.5765187986177873,0.5705409055930408,0.5765187986177873
0.579,0.579,0.173861852433281,0.579,0.63,0.63,0.2661845962230323,0.63,0.5747361160952958,0.576181100723557,0.5747361160952958,0.576181100723557,0.5747361160952958,0.576181100723557,0.5747361160952958,0.576181100723557,0.5747361160952958,0.576181100723557,0.5747361160952958,0.576181100723557,0.1193272701706202,0.10105540609525503,0.1193272701706202,0.10105540609525503,0.1193272701706202,0.10105540609525503,0.5747361160952958,0.576181100723557,0.5747361160952958,0.576181100723557,0.5747361160952958,0.576181100723557
0.539,0.539,0.1003895059752869,0.539,0.615,0.615,0.2423884638392998,0.615,0.5779804117720916,0.5842911373445465,0.5779804117720916,0.5842911373445465,0.5779804117720916,0.5842911373445465,0.5779804117720916,0.5842911373445465,0.5779804117720916,0.5842911373445465,0.5779804117720916,0.5842911373445465,0.09546914907778808,0.07669137910465751,0.09546914907778808,0.07669137910465751,0.09546914907778808,0.07669137910465751,0.5779804117720916,0.5842911373445465,0.5779804117720916,0.5842911373445465,0.5779804117720916,0.5842911373445465
0.564,0.564,0.1082568056777042,0.564,0.6,0.6,0.2156493638916341,0.6,0.5795110495357968,0.5740907901119874,0.5795110495357968,0.5740907901119874,0.5795110495357968,0.5740907901119874,0.5795110495357968,0.5740907901119874,0.5795110495357968,0.5740907901119874,0.5795110495357968,0.5740907901119874,0.0514699483941814,0.06464190362760013,0.0514699483941814,0.06464190362760013,0.0514699483941814,0.06464190362760013,0.5795110495357968,0.5740907901119874,0.5795110495357968,0.5740907901119874,0.5795110495357968,0.5740907901119874
0.583,0.583,0.0560485331401665,0.583,0.594,0.594,0.2119718173172105,0.594,0.6002962481973075,0.6058476534820353,0.6002962481973075,0.6058476534820353,0.6002962481973075,0.6058476534820353,0.6002962481973075,0.6058476534820353,0.6002962481973075,0.6058476534820353,0.6002962481973075,0.6058476534820353,0.02685295810013577,0.027087017951974855,0.02685295810013577,0.027087017951974855,0.02685295810013577,0.027087017951974855,0.6002962481973075,0.6058476534820353,0.6002962481973075,0.6058476534820353,0.6002962481973075,0.6058476534820353
0.603,0.603,0.010863065577038,0.603,0.61,0.61,0.2366591506952273,0.61,0.6517950078458327,0.6514809976900504,0.6517950078458327,0.6514809976900504,0.6517950078458327,0.6514809976900504,0.6517950078458327,0.6514809976900504,0.6517950078458327,0.6514809976900504,0.6517950078458327,0.6514809976900504,0.02484148941890801,0.021324990021120017,0.02484148941890801,0.021324990021120017,0.02484148941890801,0.021324990021120017,0.6517950078458327,0.6514809976900504,0.6517950078458327,0.6514809976900504,0.6517950078458327,0.6514809976900504
0.618,0.618,0.0049181011128246,0.618,0.599,0.599,0.2095095410818482,0.599,0.6810666196771764,0.6620780009159927,0.6810666196771764,0.6620780009159927,0.6810666196771764,0.6620780009159927,0.6810666196771764,0.6620780009159927,0.6810666196771764,0.6620780009159927,0.6810666196771764,0.6620780009159927,0.015983877403240324,0.004824370249696709,0.015983877403240324,0.004824370249696709,0.015983877403240324,0.004824370249696709,0.6810666196771764,0.6620780009159927,0.6810666196771764,0.6620780009159927,0.6810666196771764,0.6620780009159927
0.585,0.585,0.0046147499304428,0.585,0.594,0.594,0.1988950276243093,0.594,0.6790266479387365,0.6588922832077782,0.6790266479387365,0.6588922832077782,0.6790266479387365,0.6588922832077782,0.6790266479387365,0.6588922832077782,0.6790266479387365,0.6588922832077782,0.6790266479387365,0.6588922832077782,0.02832111216096815,0.027982675933429058,0.02832111216096815,0.027982675933429058,0.02832111216096815,0.027982675933429058,0.6790266479387365,0.6588922832077782,0.6790266479387365,0.6588922832077782,0.6790266479387365,0.6588922832077782
0.59,0.59,0.0124479728688146,0.59,0.579,0.579,0.173861852433281,0.579,0.6710550628725261,0.6478953769829813,0.6710550628725261,0.6478953769829813,0.6710550628725261,0.6478953769829813,0.6710550628725261,0.6478953769829813,0.6710550628725261,0.6478953769829813,0.6710550628725261,0.6478953769829813,0.007041915805144879,0.00650023864355826,0.007041915805144879,0.00650023864355826,0.007041915805144879,0.00650023864355826,0.6710550628725261,0.6478953769829813,0.6710550628725261,0.6478953769829813,0.6710550628725261,0.6478953769829813
0.586,0.586,0.0239532251980384,0.586,0.539,0.539,0.1003895059752869,0.539,0.6619969291029527,0.6505162390211685,0.6619969291029527,0.6505162390211685,0.6619969291029527,0.6505162390211685,0.6619969291029527,0.6505162390211685,0.6619969291029527,0.6505162390211685,0.6619969291029527,0.6505162390211685,0.014259733255265637,0.010610115510346652,0.014259733255265637,0.010610115510346652,0.014259733255265637,0.010610115510346652,0.6619969291029527,0.6505162390211685,0.6619969291029527,0.6505162390211685,0.6619969291029527,0.6505162390211685
0.587,0.587,0.0432550640300969,0.587,0.564,0.564,0.1082568056777042,0.564,0.653973715425971,0.6277209385309483,0.653973715425971,0.6277209385309483,0.653973715425971,0.6277209385309483,0.653973715425971,0.6277209385309483,0.653973715425971,0.6277209385309483,0.653973715425971,0.6277209385309483,0.025276160527811745,0.022594697118979913,0.025276160527811745,0.022594697118979913,0.025276160527811745,0.022594697118979913,0.653973715425971,0.6277209385309483,0.653973715425971,0.6277209385309483,0.653973715425971,0.6277209385309483
0.58,0.58,0.0327038231229849,0.58,0.583,0.583,0.0560485331401665,0.583,0.6611620317932871,0.6429159139288363,0.6611620317932871,0.6429159139288363,0.6611620317932871,0.6429159139288363,0.6611620317932871,0.6429159139288363,0.6611620317932871,0.6429159139288363,0.6611620317932871,0.6429159139288363,0.031361377369518655,0.03839543134428027,0.031361377369518655,0.03839543134428027,0.031361377369518655,0.03839543134428027,0.6611620317932871,0.6429159139288363,0.6611620317932871,0.6429159139288363,0.6611620317932871,0.6429159139288363
0.576,0.576,0.0336622832007657,0.576,0.603,0.603,0.010863065577038,0.603,0.6285289446878928,0.6084113626823123,0.6285289446878928,0.6084113626823123,0.6285289446878928,0.6084113626823123,0.6285289446878928,0.6084113626823123,0.6285289446878928,0.6084113626823123,0.6285289446878928,0.6084113626823123,0.008314643958795028,0.012179406181472592,0.008314643958795028,0.012179406181472592,0.008314643958795028,0.012179406181472592,0.6285289446878928,0.6084113626823123,0.6285289446878928,0.6084113626823123,0.6285289446878928,0.6084113626823123
0.551,0.551,0.0299694083893602,0.551,0.618,0.618,0.0049181011128246,0.618,0.6090065410602341,0.5877186744482239,0.6090065410602341,0.5877186744482239,0.6090065410602341,0.5877186744482239,0.6090065410602341,0.5877186744482239,0.6090065410602341,0.5877186744482239,0.6090065410602341,0.5877186744482239,0.011885375803439902,0.014070006418247417,0.011885375803439902,0.014070006418247417,0.011885375803439902,0.014070006418247417,0.6090065410602341,0.5877186744482239,0.6090065410602341,0.5877186744482239,0.6090065410602341,0.5877186744482239
0.554,0.554,0.0326428803817372,0.554,0.585,0.585,0.0046147499304428,0.585,0.6013917970654219,0.5719551193095077,0.6013917970654219,0.5719551193095077,0.6013917970654219,0.5719551193095077,0.6013917970654219,0.5719551193095077,0.6013917970654219,0.5719551193095077,0.6013917970654219,0.5719551193095077,-0.0018058947765031948,0.012110538266883169,-0.0018058947765031948,0.012110538266883169,-0.0018058947765031948,0.012110538266883169,0.6013917970654219,0.5719551193095077,0.6013917970654219,0.5719551193095077,0.6013917970654219,0.5719551193095077
0.562,0.562,0.0763274103004254,0.562,0.59,0.59,0.0124479728688146,0.59,0.604372052007871,0.575891489961352,0.604372052007871,0.575891489961352,0.604372052007871,0.575891489961352,0.604372052007871,0.575891489961352,0.604372052007871,0.575891489961352,0.604372052007871,0.575891489961352,0.026569263703912434,0.03993873127804852,0.026569263703912434,0.03993873127804852,0.026569263703912434,0.03993873127804852,0.604372052007871,0.575891489961352,0.604372052007871,0.575891489961352,0.604372052007871,0.575891489961352
0.579,0.579,0.1244925800226259,0.579,0.586,0.586,0.0239532251980384,0.586,0.5778516091637744,0.557319888041644,0.5778516091637744,0.557319888041644,0.5778516091637744,0.557319888041644,0.5778516091637744,0.557319888041644,0.5778516091637744,0.557319888041644,0.5778516091637744,0.557319888041644,0.061506562999812484,0.04611481570963755,0.061506562999812484,0.04611481570963755,0.061506562999812484,0.04611481570963755,0.5778516091637744,0.557319888041644,0.5778516091637744,0.557319888041644,0.5778516091637744,0.557319888041644
0.597,0.597,0.1827745917928667,0.597,0.587,0.587,0.0432550640300969,0.587,0.5544285742689201,0.5404146137728537,0.5544285742689201,0.5404146137728537,0.5544285742689201,0.5404146137728537,0.5544285742689201,0.5404146137728537,0.5544285742689201,0.5404146137728537,0.5544285742689201,0.5404146137728537,0.08313305155018406,0.07180979093179966,0.08313305155018406,0.07180979093179966,0.08313305155018406,0.07180979093179966,0.5544285742689201,0.5404146137728537,0.5544285742689201,0.5404146137728537,0.5544285742689201,0.5404146137728537
0.604,0.604,0.2048607904005011,0.604,0.58,0.58,0.0327038231229849,0.58,0.5586695101312549,0.5699845263469469,0.5586695101312549,0.5699845263469469,0.5586695101312549,0.5699845263469469,0.5586695101312549,0.5699845263469469,0.5586695101312549,0.5699845263469469,0.5586695101312549,0.5699845263469469,0.09577699046355712,0.09854757958850702,0.09577699046355712,0.09854757958850702,0.09577699046355712,0.09854757958850702,0.5586695101312549,0.5699845263469469,0.5586695101312549,0.5699845263469469,0.5586695101312549,0.5699845263469469
0.614,0.614,0.2312808931480441,0.614,0.576,0.576,0.0336622832007657,0.576,0.5431085206516916,0.5503167078776153,0.5431085206516916,0.5503167078776153,0.5431085206516916,0.5503167078776153,0.5431085206516916,0.5503167078776153,0.5431085206516916,0.5503167078776153,0.5431085206516916,0.5503167078776153,0.13514150560466237,0.1377912062424815,0.13514150560466237,0.1377912062424815,0.13514150560466237,0.1377912062424815,0.5431085206516916,0.5503167078776153,0.5431085206516916,0.5503167078776153,0.5431085206516916,0.5503167078776153
0.619,0.619,0.2433930940257841,0.619,0.551,0.551,0.0299694083893602,0.551,0.5710701003248017,0.5677964817442116,0.5710701003248017,0.5677964817442116,0.5710701003248017,0.5677964817442116,0.5710701003248017,0.5677964817442116,0.5710701003248017,0.5677964817442116,0.5710701003248017,0.5677964817442116,0.1595790824302211,0.16806523245896376,0.1595790824302211,0.16806523245896376,0.1595790824302211,0.16806523245896376,0.5710701003248017,0.5677964817442116,0.5710701003248017,0.5677964817442116,0.5710701003248017,0.5677964817442116
0.641,0.641,0.2853275150897421,0.641,0.554,0.554,0.0326428803817372,0.554,0.5805154761366961,0.5732924167111844,0.5805154761366961,0.5732924167111844,0.5805154761366961,0.5732924167111844,0.5805154761366961,0.5732924167111844,0.5805154761366961,0.5732924167111844,0.5805154761366961,0.5732924167111844,0.1524759975284614,0.14259374848513418,0.1524759975284614,0.14259374848513418,0.1524759975284614,0.14259374848513418,0.5805154761366961,0.5732924167111844,0.5805154761366961,0.5732924167111844,0.5805154761366961,0.5732924167111844
0.65,0.65,0.3119148819049342,0.65,0.562,0.562,0.0763274103004254,0.562,0.580072617517557,0.5826417681863012,0.580072617517557,0.5826417681863012,0.580072617517557,0.5826417681863012,0.580072617517557,0.5826417681863012,0.580072617517557,0.5826417681863012,0.580072617517557,0.5826417681863012,0.16551592506972346,0.18429826150753095,0.16551592506972346,0.18429826150753095,0.16551592506972346,0.18429826150753095,0.580072617517557,0.5826417681863012,0.580072617517557,0.5826417681863012,0.580072617517557,0.5826417681863012
0.662,0.662,0.3353365006449988,0.662,0.579,0.579,0.1244925800226259,0.579,0.5819460684065971,0.5892186537570627,0.5819460684065971,0.5892186537570627,0.5819460684065971,0.5892186537570627,0.5819460684065971,0.5892186537570627,0.5819460684065971,0.5892186537570627,0.5819460684065971,0.5892186537570627,0.1653592211219387,0.1580418467189924,0.1653592211219387,0.1580418467189924,0.1653592211219387,0.1580418467189924,0.5819460684065971,0.5892186537570627,0.5819460684065971,0.5892186537570627,0.5819460684065971,0.5892186537570627
0.636,0.636,0.2851952948569409,0.636,0.597,0.597,0.1827745917928667,0.597,0.579399527871691,0.5776178435149625,0.579399527871691,0.5776178435149625,0.579399527871691,0.5776178435149625,0.579399527871691,0.5776178435149625,0.579399527871691,0.5776178435149625,0.579399527871691,0.5776178435149625,0.15125498876710425,0.1306730011940984,0.15125498876710425,0.1306730011940984,0.15125498876710425,0.1306730011940984,0.579399527871691,0.5776178435149625,0.579399527871691,0.5776178435149625,0.579399527871691,0.5776178435149625
0.63,0.63,0.2712633536066554,0.63,0.604,0.604,0.2048607904005011,0.604,0.5662077502900486,0.5426778429874,0.5662077502900486,0.5426778429874,0.5662077502900486,0.5426778429874,0.5662077502900486,0.5426778429874,0.5662077502900486,0.5426778429874,0.5662077502900486,0.5426778429874,0.12555136745891707,0.1192474782205778,0.12555136745891707,0.1192474782205778,0.12555136745891707,0.1192474782205778,0.5662077502900486,0.5426778429874,0.5662077502900486,0.5426778429874,0.5662077502900486,0.5426778429874
0.617,0.617,0.244730863885909,0.617,0.614,0.614,0.2312808931480441,0.614,0.5425656415545449,0.5392357714366065,0.5425656415545449,0.5392357714366065,0.5425656415545449,0.5392357714366065,0.5425656415545449,0.5392357714366065,0.5425656415545449,0.5392357714366065,0.5425656415545449,0.5392357714366065,0.12421539515108203,0.11117910085510004,0.12421539515108203,0.11117910085510004,0.12421539515108203,0.11117910085510004,0.5425656415545449,0.5392357714366065,0.5425656415545449,0.5392357714366065,0.5425656415545449,0.5392357714366065
0.62,0.62,0.2548347498009623,0.62,0.619,0.619,0.2433930940257841,0.619,0.5854054644132339,0.6022017907864742,0.5854054644132339,0.6022017907864742,0.5854054644132339,0.6022017907864742,0.5854054644132339,0.6022017907864742,0.5854054644132339,0.6022017907864742,0.5854054644132339,0.6022017907864742,0.1391057813983898,0.13521893428509565,0.1391057813983898,0.13521893428509565,0.1391057813983898,0.13521893428509565,0.5854054644132339,0.6022017907864742,0.5854054644132339,0.6022017907864742,0.5854054644132339,0.6022017907864742
0.616,0.616,0.2502430852497043,0.616,0.641,0.641,0.2853275150897421,0.641,0.5756958258348567,0.5736488646066978,0.5756958258348567,0.5736488646066978,0.5756958258348567,0.5736488646066978,0.5756958258348567,0.5736488646066978,0.5756958258348567,0.5736488646066978,0.5756958258348567,0.5736488646066978,0.15280195100488841,0.15344235539056328,0.15280195100488841,0.15344235539056328,0.15280195100488841,0.15344235539056328,0.5756958258348567,0.5736488646066978,0.5756958258348567,0.5736488646066978,0.5756958258348567,0.5736488646066978
0.612,0.612,0.2464175701239527,0.612,0.65,0.65,0.3119148819049342,0.65,0.5551285683221434,0.5500833084696182,0.5551285683221434,0.5500833084696182,0.5551285683221434,0.5500833084696182,0.5551285683221434,0.5500833084696182,0.5551285683221434,0.5500833084696182,0.5551285683221434,0.5500833084696182,0.12623982763987174,0.1144268966721885,0.12623982763987174,0.1144268966721885,0.12623982763987174,0.1144268966721885,0.5551285683221434,0.5500833084696182,0.5551285683221434,0.5500833084696182,0.5551285683221434,0.5500833084696182
0.62,0.62,0.2616886346679929,0.62,0.662,0.662,0.3353365006449988,0.662,0.5588245870129853,0.540425382384676,0.5588245870129853,0.540425382384676,0.5588245870129853,0.540425382384676,0.5588245870129853,0.540425382384676,0.5588245870129853,0.540425382384676,0.5588245870129853,0.540425382384676,0.10189924570742344,0.06984959924988525,0.10189924570742344,0.06984959924988525,0.10189924570742344,0.06984959924988525,0.5588245870129853,0.540425382384676,0.5588245870129853,0.540425382384676,0.5588245870129853,0.540425382384676
0.622,0.622,0.2655744839592141,0.622,0.636,0.636,0.2851952948569409,0.636,0.5594151286897862,0.5494246756233423,0.5594151286897862,0.5494246756233423,0.5594151286897862,0.5494246756233423,0.5594151286897862,0.5494246756233423,0.5594151286897862,0.5494246756233423,0.5594151286897862,0.5494246756233423,0.10460985877483889,0.09175529540137611,0.10460985877483889,0.09175529540137611,0.10460985877483889,0.09175529540137611,0.5594151286897862,0.5494246756233423,0.5594151286897862,0.5494246756233423,0.5594151286897862,0.5494246756233423
0.631,0.631,0.2820173561116084,0.631,0.63,0.63,0.2712633536066554,0.63,0.5708007236040658,0.5629373339557722,0.5708007236040658,0.5629373339557722,0.5708007236040658,0.5629373339557722,0.5708007236040658,0.5629373339557722,0.5708007236040658,0.5629373339557722,0.5708007236040658,0.5629373339557722,0.10772069661383056,0.10969397810810333,0.10772069661383056,0.10969397810810333,0.10772069661383056,0.10969397810810333,0.5708007236040658,0.5629373339557722,0.5708007236040658,0.5629373339557722,0.5708007236040658,0.5629373339557722
0.64,0.64,0.2999513855128828,0.64,0.617,0.617,0.244730863885909,0.617,0.5530646722840494,0.550338663456257,0.5530646722840494,0.550338663456257,0.5530646722840494,0.550338663456257,0.5530646722840494,0.550338663456257,0.5530646722840494,0.550338663456257,0.5530646722840494,0.550338663456257,0.09617874258599421,0.0948215003265234,0.09617874258599421,0.0948215003265234,0.09617874258599421,0.0948215003265234,0.5530646722840494,0.550338663456257,0.5530646722840494,0.550338663456257,0.5530646722840494,0.550338663456257
0.65,0.65,0.3172197186945241,0.65,0.62,0.62,0.2548347498009623,0.62,0.5758945731289121,0.5751412342541853,0.5758945731289121,0.5751412342541853,0.5758945731289121,0.5751412342541853,0.5758945731289121,0.5751412342541853,0.5758945731289121,0.5751412342541853,0.5758945731289121,0.5751412342541853,0.14865107870994435,0.14862395923390254,0.14865107870994435,0.14862395923390254,0.14865107870994435,0.14862395923390254,0.5758945731289121,0.5751412342541853,0.5758945731289121,0.5751412342541853,0.5758945731289121,0.5751412342541853
0.643,0.643,0.3047711781888997,0.643,0.616,0.616,0.2502430852497043,0.616,0.583978135593932,0.5808323281828609,0.583978135593932,0.5808323281828609,0.583978135593932,0.5808323281828609,0.583978135593932,0.5808323281828609,0.583978135593932,0.5808323281828609,0.583978135593932,0.5808323281828609,0.15217456798981338,0.15168942030992508,0.15217456798981338,0.15168942030992508,0.15217456798981338,0.15168942030992508,0.583978135593932,0.5808323281828609,0.583978135593932,0.5808323281828609,0.583978135593932,0.5808323281828609
0.635,0.635,0.2918121847109041,0.635,0.612,0.612,0.2464175701239527,0.612,0.5624789396736077,0.5653096671187676,0.5624789396736077,0.5653096671187676,0.5624789396736077,0.5653096671187676,0.5624789396736077,0.5653096671187676,0.5624789396736077,0.5653096671187676,0.5624789396736077,0.5653096671187676,0.1408285711809821,0.1285314208671906,0.1408285711809821,0.1285314208671906,0.1408285711809821,0.1285314208671906,0.5624789396736077,0.5653096671187676,0.5624789396736077,0.5653096671187676,0.5624789396736077,0.5653096671187676
0.63,0.63,0.283656526857072,0.63,0.62,0.62,0.2616886346679929,0.62,0.5494662817398052,0.5632448591609387,0.5494662817398052,0.5632448591609387,0.5494662817398052,0.5632448591609387,0.5494662817398052,0.5632448591609387,0.5494662817398052,0.5632448591609387,0.5494662817398052,0.5632448591609387,0.11503606363589697,0.14257439693342716,0.11503606363589697,0.14257439693342716,0.11503606363589697,0.14257439693342716,0.5494662817398052,0.5632448591609387,0.5494662817398052,0.5632448591609387,0.5494662817398052,0.5632448591609387
0.633,0.633,0.2897012487323005,0.633,0.622,0.622,0.2655744839592141,0.622,0.5533947297582217,0.5472209814537052,0.5533947297582217,0.5472209814537052,0.5533947297582217,0.5472209814537052,0.5533947297582217,0.5472209814537052,0.5533947297582217,0.5472209814537052,0.5533947297582217,0.5472209814537052,0.13131358352973332,0.12391500355919965,0.13131358352973332,0.12391500355919965,0.13131358352973332,0.12391500355919965,0.5533947297582217,0.5472209814537052,0.5533947297582217,0.5472209814537052,0.5533947297582217,0.5472209814537052
0.631,0.631,0.2859078066338971,0.631,0.631,0.631,0.2820173561116084,0.631,0.5411571802849049,0.5433754605052665,0.5411571802849049,0.5433754605052665,0.5411571802849049,0.5433754605052665,0.5411571802849049,0.5433754605052665,0.5411571802849049,0.5433754605052665,0.5411571802849049,0.5433754605052665,0.10062412087870413,0.0802915909202619,0.10062412087870413,0.0802915909202619,0.10062412087870413,0.0802915909202619,0.5411571802849049,0.5433754605052665,0.5411571802849049,0.5433754605052665,0.5411571802849049,0.5433754605052665
0.648,0.648,0.3166640782730238,0.648,0.64,0.64,0.2999513855128828,0.64,0.5430950237320159,0.5333596934111712,0.5430950237320159,0.5333596934111712,0.5430950237320159,0.5333596934111712,0.5430950237320159,0.5333596934111712,0.5430950237320159,0.5333596934111712,0.5430950237320159,0.5333596934111712,0.08184930378882328,0.06753392810997266,0.08184930378882328,0.06753392810997266,0.08184930378882328,0.06753392810997266,0.5430950237320159,0.5333596934111712,0.5430950237320159,0.5333596934111712,0.5430950237320159,0.5333596934111712
0.646,0.646,0.3120202118355845,0.646,0.65,0.65,0.3172197186945241,0.65,0.5499635848433905,0.5140430300278105,0.5499635848433905,0.5140430300278105,0.5499635848433905,0.5140430300278105,0.5499635848433905,0.5140430300278105,0.5499635848433905,0.5140430300278105,0.5499635848433905,0.5140430300278105,0.09389832843879581,0.08176802504245734,0.09389832843879581,0.08176802504245734,0.09389832843879581,0.08176802504245734,0.5499635848433905,0.5140430300278105,0.5499635848433905,0.5140430300278105,0.5499635848433905,0.5140430300278105
0.631,0.631,0.2889186939228563,0.631,0.643,0.643,0.3047711781888997,0.643,0.5551292251612201,0.5349525332662539,0.5551292251612201,0.5349525332662539,0.5551292251612201,0.5349525332662539,0.5551292251612201,0.5349525332662539,0.5551292251612201,0.5349525332662539,0.5551292251612201,0.5349525332662539,0.09514411079512923,0.07324215948655424,0.09514411079512923,0.07324215948655424,0.09514411079512923,0.07324215948655424,0.5551292251612201,0.5349525332662539,0.5551292251612201,0.5349525332662539,0.5551292251612201,0.5349525332662539
0.63,0.63,0.2893362015980332,0.63,0.635,0.635,0.2918121847109041,0.635,0.5640723974277984,0.5497394133227083,0.5640723974277984,0.5497394133227083,0.5640723974277984,0.5497394133227083,0.5640723974277984,0.5497394133227083,0.5640723974277984,0.5497394133227083,0.5640723974277984,0.5497394133227083,0.09876906192188525,0.07479536883807332,0.09876906192188525,0.07479536883807332,0.09876906192188525,0.07479536883807332,0.5640723974277984,0.5497394133227083,0.5640723974277984,0.5497394133227083,0.5640723974277984,0.5497394133227083
0.607,0.607,0.2542411476716384,0.607,0.63,0.63,0.283656526857072,0.63,0.5307070549015146,0.5301282101693311,0.5307070549015146,0.5301282101693311,0.5307070549015146,0.5301282101693311,0.5307070549015146,0.5301282101693311,0.5307070549015146,0.5301282101693311,0.5307070549015146,0.5301282101693311,0.07067281101258677,0.07625721093763582,0.07067281101258677,0.07625721093763582,0.07067281101258677,0.07625721093763582,0.5307070549015146,0.5301282101693311,0.5307070549015146,0.5301282101693311,0.5307070549015146,0.5301282101693311
0.593,0.593,0.2321102440644197,0.593,0.633,0.633,0.2897012487323005,0.633,0.5172141845980928,0.5263660340761823,0.5172141845980928,0.5263660340761823,0.5172141845980928,0.5263660340761823,0.5172141845980928,0.5263660340761823,0.5172141845980928,0.5263660340761823,0.5172141845980928,0.5263660340761823,0.053622997293205465,0.050751911152046504,0.053622997293205465,0.050751911152046504,0.053622997293205465,0.050751911152046504,0.5172141845980928,0.5263660340761823,0.5172141845980928,0.5263660340761823,0.5172141845980928,0.5263660340761823
0.613,0.613,0.2692487801930542,0.613,0.631,0.631,0.2859078066338971,0.631,0.5162750057479449,0.521946902610635,0.5162750057479449,0.521946902610635,0.5162750057479449,0.521946902610635,0.5162750057479449,0.521946902610635,0.5162750057479449,0.521946902610635,0.5162750057479449,0.521946902610635,0.06437408480483786,0.06171220219638244,0.06437408480483786,0.06171220219638244,0.06437408480483786,0.06171220219638244,0.5162750057479449,0.521946902610635,0.5162750057479449,0.521946902610635,0.5162750057479449,0.521946902610635
0.633,0.633,0.2961528134709063,0.633,0.648,0.648,0.3166640782730238,0.648,0.5259673096246603,0.5200909467867115,0.5259673096246603,0.5200909467867115,0.5259673096246603,0.5200909467867115,0.5259673096246603,0.5200909467867115,0.5259673096246603,0.5200909467867115,0.5259673096246603,0.5200909467867115,0.060739425720813284,0.06183715854254226,0.060739425720813284,0.06183715854254226,0.060739425720813284,0.06183715854254226,0.5259673096246603,0.5200909467867115,0.5259673096246603,0.5200909467867115,0.5259673096246603,0.5200909467867115
0.646,0.646,0.31700578422785,0.646,0.646,0.646,0.3120202118355845,0.646,0.5397908649747962,0.5410165572422257,0.5397908649747962,0.5410165572422257,0.5397908649747962,0.5410165572422257,0.5397908649747962,0.5410165572422257,0.5397908649747962,0.5410165572422257,0.5397908649747962,0.5410165572422257,0.04853170377586297,0.08702047587045958,0.04853170377586297,0.08702047587045958,0.04853170377586297,0.08702047587045958,0.5397908649747962,0.5410165572422257,0.5397908649747962,0.5410165572422257,0.5397908649747962,0.5410165572422257
0.656,0.656,0.333785223201317,0.656,0.631,0.631,0.2889186939228563,0.631,0.5527415552839969,0.548961917603581,0.5527415552839969,0.548961917603581,0.5527415552839969,0.548961917603581,0.5527415552839969,0.548961917603581,0.5527415552839969,0.548961917603581,0.5527415552839969,0.548961917603581,0.08567630046391154,0.12343990334655427,0.08567630046391154,0.12343990334655427,0.08567630046391154,0.12343990334655427,0.5527415552839969,0.548961917603581,0.5527415552839969,0.548961917603581,0.5527415552839969,0.548961917603581
0.663,0.663,0.3476173514425981,0.663,0.63,0.63,0.2893362015980332,0.63,0.5652589604766777,0.5514539952422353,0.5652589604766777,0.5514539952422353,0.5652589604766777,0.5514539952422353,0.5652589604766777,0.5514539952422353,0.5652589604766777,0.5514539952422353,0.5652589604766777,0.5514539952422353,0.11215196854346707,0.10369534657682146,0.11215196854346707,0.10369534657682146,0.11215196854346707,0.10369534657682146,0.5652589604766777,0.5514539952422353,0.5652589604766777,0.5514539952422353,0.5652589604766777,0.5514539952422353
0.648,0.648,0.3192542740001547,0.648,0.607,0.607,0.2542411476716384,0.607,0.5534117423043252,0.559803146114496,0.5534117423043252,0.559803146114496,0.5534117423043252,0.559803146114496,0.5534117423043252,0.559803146114496,0.5534117423043252,0.559803146114496,0.5534117423043252,0.559803146114496,0.11639974102385887,0.1047192288594389,0.11639974102385887,0.1047192288594389,0.11639974102385887,0.1047192288594389,0.5534117423043252,0.559803146114496,0.5534117423043252,0.559803146114496,0.5534117423043252,0.559803146114496
0.631,0.631,0.2905865253735475,0.631,0.593,0.593,0.2321102440644197,0.593,0.5474883297236766,0.5615578554840466,0.5474883297236766,0.5615578554840466,0.5474883297236766,0.5615578554840466,0.5474883297236766,0.5615578554840466,0.5474883297236766,0.5615578554840466,0.5474883297236766,0.5615578554840466,0.10829261540588021,0.09885730517822323,0.10829261540588021,0.09885730517822323,0.10829261540588021,0.09885730517822323,0.5474883297236766,0.5615578554840466,0.5474883297236766,0.5615578554840466,0.5474883297236766,0.5615578554840466
0.619,0.619,0.2733999542299183,0.619,0.613,0.613,0.2692487801930542,0.613,0.5544339776356253,0.5659951661735202,0.5544339776356253,0.5659951661735202,0.5544339776356253,0.5659951661735202,0.5544339776356253,0.5659951661735202,0.5544339776356253,0.5659951661735202,0.5544339776356253,0.5659951661735202,0.1214666020959643,0.10869678759812297,0.1214666020959643,0.10869678759812297,0.1214666020959643,0.10869678759812297,0.5544339776356253,0.5659951661735202,0.5544339776356253,0.5659951661735202,0.5544339776356253,0.5659951661735202
0.619,0.619,0.270791067286271,0.619,0.633,0.633,0.2961528134709063,0.633,0.5660283011074272,0.5734562466799209,0.5660283011074272,0.5734562466799209,0.5660283011074272,0.5734562466799209,0.5660283011074272,0.5734562466799209,0.5660283011074272,0.5734562466799209,0.5660283011074272,0.5734562466799209,0.10869348212212812,0.11599923102520332,0.10869348212212812,0.11599923102520332,0.10869348212212812,0.11599923102520332,0.5660283011074272,0.5734562466799209,0.5660283011074272,0.5734562466799209,0.5660283011074272,0.5734562466799209
0.649,0.649,0.318308940057798,0.649,0.646,0.646,0.31700578422785,0.646,0.5693107689405316,0.5712654979648705,0.5693107689405316,0.5712654979648705,0.5693107689405316,0.5712654979648705,0.5693107689405316,0.5712654979648705,0.5693107689405316,0.5712654979648705,0.5693107689405316,0.5712654979648705,0.1036536319119257,0.08888386238630207,0.1036536319119257,0.08888386238630207,0.1036536319119257,0.08888386238630207,0.5693107689405316,0.5712654979648705,0.5693107689405316,0.5712654979648705,0.5693107689405316,0.5712654979648705
0.655,0.655,0.3287833273669628,0.655,0.656,0.656,0.333785223201317,0.656,0.5746405308429496,0.5701199648784768,0.5746405308429496,0.5701199648784768,0.5746405308429496,0.5701199648784768,0.5746405308429496,0.5701199648784768,0.5746405308429496,0.5701199648784768,0.5746405308429496,0.5701199648784768,0.11451999164817103,0.09432818166811058,0.11451999164817103,0.09432818166811058,0.11451999164817103,0.09432818166811058,0.5746405308429496,0.5701199648784768,0.5746405308429496,0.5701199648784768,0.5746405308429496,0.5701199648784768
0.657,0.657,0.3409422796095612,0.657,0.663,0.663,0.3476173514425981,0.663,0.5950177433032414,0.5965713779295443,0.5950177433032414,0.5965713779295443,0.5950177433032414,0.5965713779295443,0.5950177433032414,0.5965713779295443,0.5950177433032414,0.5965713779295443,0.5950177433032414,0.5965713779295443,0.16205211482201565,0.15452831060221936,0.16205211482201565,0.15452831060221936,0.16205211482201565,0.15452831060221936,0.5950177433032414,0.5965713779295443,0.5950177433032414,0.5965713779295443,0.5950177433032414,0.5965713779295443
0.65,0.65,0.334162776274888,0.65,0.648,0.648,0.3192542740001547,0.648,0.5753568223222373,0.5772098705045885,0.5753568223222373,0.5772098705045885,0.5753568223222373,0.5772098705045885,0.5753568223222373,0.5772098705045885,0.5753568223222373,0.5772098705045885,0.5753568223222373,0.5772098705045885,0.1509946369673571,0.16824459858939886,0.1509946369673571,0.16824459858939886,0.1509946369673571,0.16824459858939886,0.5753568223222373,0.5772098705045885,0.5753568223222373,0.5772098705045885,0.5753568223222373,0.5772098705045885
0.641,0.641,0.3213969770976206,0.641,0.631,0.631,0.2905865253735475,0.631,0.5708191142366541,0.5787885247983857,0.5708191142366541,0.5787885247983857,0.5708191142366541,0.5787885247983857,0.5708191142366541,0.5787885247983857,0.5708191142366541,0.5787885247983857,0.5708191142366541,0.5787885247983857,0.1489048937310944,0.1736748813112319,0.1489048937310944,0.1736748813112319,0.1489048937310944,0.1736748813112319,0.5708191142366541,0.5787885247983857,0.5708191142366541,0.5787885247983857,0.5708191142366541,0.5787885247983857
0.65,0.65,0.3335364460354939,0.65,0.619,0.619,0.2733999542299183,0.619,0.5749450888818324,0.560025508506763,0.5749450888818324,0.560025508506763,0.5749450888818324,0.560025508506763,0.5749450888818324,0.560025508506763,0.5749450888818324,0.560025508506763,0.5749450888818324,0.560025508506763,0.12554611790986542,0.12050846559489022,0.12554611790986542,0.12050846559489022,0.12554611790986542,0.12050846559489022,0.5749450888818324,0.560025508506763,0.5749450888818324,0.560025508506763,0.5749450888818324,0.560025508506763
0.629,0.629,0.2906960737829033,0.629,0.619,0.619,0.270791067286271,0.619,0.5775860799542423,0.566375486091066,0.5775860799542423,0.566375486091066,0.5775860799542423,0.566375486091066,0.5775860799542423,0.566375486091066,0.5775860799542423,0.566375486091066,0.5775860799542423,0.566375486091066,0.1342349566717496,0.14406978812625434,0.1342349566717496,0.14406978812625434,0.1342349566717496,0.14406978812625434,0.5775860799542423,0.566375486091066,0.5775860799542423,0.566375486091066,0.5775860799542423,0.566375486091066
0.638,0.638,0.2999257379788352,0.638,0.649,0.649,0.318308940057798,0.649,0.5597675430635254,0.5443782043584133,0.5597675430635254,0.5443782043584133,0.5597675430635254,0.5443782043584133,0.5597675430635254,0.5443782043584133,0.5597675430635254,0.5443782043584133,0.5597675430635254,0.5443782043584133,0.11365738346665809,0.09207215286894858,0.11365738346665809,0.09207215286894858,0.11365738346665809,0.09207215286894858,0.5597675430635254,0.5443782043584133,0.5597675430635254,0.5443782043584133,0.5597675430635254,0.5443782043584133
0.611,0.611,0.2545036412418551,0.611,0.655,0.655,0.3287833273669628,0.655,0.6029395217639988,0.6120847377306836,0.6029395217639988,0.6120847377306836,0.6029395217639988,0.6120847377306836,0.6029395217639988,0.6120847377306836,0.6029395217639988,0.6120847377306836,0.6029395217639988,0.6120847377306836,0.2643237492182621,0.2623753042283766,0.2643237492182621,0.2623753042283766,0.2643237492182621,0.2623753042283766,0.6029395217639988,0.6120847377306836,0.6029395217639988,0.6120847377306836,0.6029395217639988,0.6120847377306836
0.578,0.578,0.1833701655320285,0.578,0.657,0.657,0.3409422796095612,0.657,0.5950245653650765,0.5995248265329778,0.5950245653650765,0.5995248265329778,0.5950245653650765,0.5995248265329778,0.5950245653650765,0.5995248265329778,0.5950245653650765,0.5995248265329778,0.5950245653650765,0.5995248265329778,0.16719374398981723,0.1627828883975245,0.16719374398981723,0.1627828883975245,0.16719374398981723,0.1627828883975245,0.5950245653650765,0.5995248265329778,0.5950245653650765,0.5995248265329778,0.5950245653650765,0.5995248265329778
0.578,0.578,0.1390531216464895,0.578,0.65,0.65,0.334162776274888,0.65,0.5973680028088715,0.6012875259797268,0.5973680028088715,0.6012875259797268,0.5973680028088715,0.6012875259797268,0.5973680028088715,0.6012875259797268,0.5973680028088715,0.6012875259797268,0.5973680028088715,0.6012875259797268,0.12207787996874969,0.1768494213519116,0.12207787996874969,0.1768494213519116,0.12207787996874969,0.1768494213519116,0.5973680028088715,0.6012875259797268,0.5973680028088715,0.6012875259797268,0.5973680028088715,0.6012875259797268
0.586,0.586,0.0756287510717347,0.586,0.641,0.641,0.3213969770976206,0.641,0.5989608231885502,0.6037972634458222,0.5989608231885502,0.6037972634458222,0.5989608231885502,0.6037972634458222,0.5989608231885502,0.6037972634458222,0.5989608231885502,0.6037972634458222,0.5989608231885502,0.6037972634458222,0.05207871706451163,0.0924911972382149,0.05207871706451163,0.0924911972382149,0.05207871706451163,0.0924911972382149,0.5989608231885502,0.6037972634458222,0.5989608231885502,0.6037972634458222,0.5989608231885502,0.6037972634458222
0.622,0.622,0.0653974533316851,0.622,0.65,0.65,0.3335364460354939,0.65,0.6162813646208876,0.6235427160565266,0.6162813646208876,0.6235427160565266,0.6162813646208876,0.6235427160565266,0.6162813646208876,0.6235427160565266,0.6162813646208876,0.6235427160565266,0.6162813646208876,0.6235427160565266,0.08638811960758593,0.08617719220371968,0.08638811960758593,0.08617719220371968,0.08638811960758593,0.08617719220371968,0.6162813646208876,0.6235427160565266,0.6162813646208876,0.6235427160565266,0.6162813646208876,0.6235427160565266
0.624,0.624,0.0167364016736401,0.624,0.629,0.629,0.2906960737829033,0.629,0.6118797840422942,0.6090004932177713,0.6118797840422942,0.6090004932177713,0.6118797840422942,0.6090004932177713,0.6118797840422942,0.6090004932177713,0.6118797840422942,0.6090004932177713,0.6118797840422942,0.6090004932177713,0.044873453982661016,0.08644706306148946,0.044873453982661016,0.08644706306148946,0.044873453982661016,0.08644706306148946,0.6118797840422942,0.6090004932177713,0.6118797840422942,0.6090004932177713,0.6118797840422942,0.6090004932177713
0.603,0.603,0.0289124798199698,0.603,0.638,0.638,0.2999257379788352,0.638,0.6111160822645486,0.6035576432438255,0.6111160822645486,0.6035576432438255,0.6111160822645486,0.6035576432438255,0.6111160822645486,0.6035576432438255,0.6111160822645486,0.6035576432438255,0.6111160822645486,0.6035576432438255,0.04139645899011299,0.03634027217003561,0.04139645899011299,0.03634027217003561,0.04139645899011299,0.03634027217003561,0.6111160822645486,0.6035576432438255,0.6111160822645486,0.6035576432438255,0.6111160822645486,0.6035576432438255
0.597,0.597,0.0445074590062878,0.597,0.611,0.611,0.2545036412418551,0.611,0.6039744160828049,0.5959749952329318,0.6039744160828049,0.5959749952329318,0.6039744160828049,0.5959749952329318,0.6039744160828049,0.5959749952329318,0.6039744160828049,0.5959749952329318,0.6039744160828049,0.5959749952329318,0.061800046771771394,0.04560399755347632,0.061800046771771394,0.04560399755347632,0.061800046771771394,0.04560399755347632,0.6039744160828049,0.5959749952329318,0.6039744160828049,0.5959749952329318,0.6039744160828049,0.5959749952329318
0.568,0.568,0.0419416648924846,0.568,0.578,0.578,0.1833701655320285,0.578,0.5871081562833588,0.5813769007303656,0.5871081562833588,0.5813769007303656,0.5871081562833588,0.5813769007303656,0.5871081562833588,0.5813769007303656,0.5871081562833588,0.5813769007303656,0.5871081562833588,0.5813769007303656,0.03646835317705087,0.03430958653561584,0.03646835317705087,0.03430958653561584,0.03646835317705087,0.03430958653561584,0.5871081562833588,0.5813769007303656,0.5871081562833588,0.5813769007303656,0.5871081562833588,0.5813769007303656
0.544,0.544,0.0375523436444684,0.544,0.578,0.578,0.1390531216464895,0.578,0.5891031845350626,0.5846012335858661,0.5891031845350626,0.5846012335858661,0.5891031845350626,0.5846012335858661,0.5891031845350626,0.5846012335858661,0.5891031845350626,0.5846012335858661,0.5891031845350626,0.5846012335858661,0.06039573568391846,0.03479493410872639,0.06039573568391846,0.03479493410872639,0.06039573568391846,0.03479493410872639,0.5891031845350626,0.5846012335858661,0.5891031845350626,0.5846012335858661,0.5891031845350626,0.5846012335858661
0.528,0.528,0.0326084728740955,0.528,0.586,0.586,0.0756287510717347,0.586,0.5753802270985011,0.5805720431582937,0.5753802270985011,0.5805720431582937,0.5753802270985011,0.5805720431582937,0.5753802270985011,0.5805720431582937,0.5753802270985011,0.5805720431582937,0.5753802270985011,0.5805720431582937,0.033753607447765906,0.038877348779854874,0.033753607447765906,0.038877348779854874,0.033753607447765906,0.038877348779854874,0.5753802270985011,0.5805720431582937,0.5753802270985011,0.5805720431582937,0.5753802270985011,0.5805720431582937
0.529,0.529,0.0211156372100755,0.529,0.622,0.622,0.0653974533316851,0.622,0.5677738399746114,0.5813412575156686,0.5677738399746114,0.5813412575156686,0.5677738399746114,0.5813412575156686,0.5677738399746114,0.5813412575156686,0.5677738399746114,0.5813412575156686,0.5677738399746114,0.5813412575156686,0.04070770911195865,0.07397796673140335,0.04070770911195865,0.07397796673140335,0.04070770911195865,0.07397796673140335,0.5677738399746114,0.5813412575156686,0.5677738399746114,0.5813412575156686,0.5677738399746114,0.5813412575156686
0.537,0.537,0.0256651992020134,0.537,0.624,0.624,0.0167364016736401,0.624,0.5579452085872317,0.564504679065466,0.5579452085872317,0.564504679065466,0.5579452085872317,0.564504679065466,0.5579452085872317,0.564504679065466,0.5579452085872317,0.564504679065466,0.5579452085872317,0.564504679065466,0.036505010699810804,0.05327613067552873,0.036505010699810804,0.05327613067552873,0.036505010699810804,0.05327613067552873,0.5579452085872317,0.564504679065466,0.5579452085872317,0.564504679065466,0.5579452085872317,0.564504679065466
0.538,0.538,0.0430542724934027,0.538,0.603,0.603,0.0289124798199698,0.603,0.5664197169763179,0.5739848066571674,0.5664197169763179,0.5739848066571674,0.5664197169763179,0.5739848066571674,0.5664197169763179,0.5739848066571674,0.5664197169763179,0.5739848066571674,0.5664197169763179,0.5739848066571674,0.07725928352894923,0.09522113129321429,0.07725928352894923,0.09522113129321429,0.07725928352894923,0.09522113129321429,0.5664197169763179,0.5739848066571674,0.5664197169763179,0.5739848066571674,0.5664197169763179,0.5739848066571674
0.566,0.566,0.0970673413002229,0.566,0.597,0.597,0.0445074590062878,0.597,0.5830642773110516,0.5820286255185468,0.5830642773110516,0.5820286255185468,0.5830642773110516,0.5820286255185468,0.5830642773110516,0.5820286255185468,0.5830642773110516,0.5820286255185468,0.5830642773110516,0.5820286255185468,0.10137425605236984,0.14594631819660958,0.10137425605236984,0.14594631819660958,0.10137425605236984,0.14594631819660958,0.5830642773110516,0.5820286255185468,0.5830642773110516,0.5820286255185468,0.5830642773110516,0.5820286255185468
0.61,0.61,0.1992444152431011,0.61,0.568,0.568,0.0419416648924846,0.568,0.5846814977528068,0.5864822849917657,0.5846814977528068,0.5864822849917657,0.5846814977528068,0.5864822849917657,0.5846814977528068,0.5864822849917657,0.5846814977528068,0.5864822849917657,0.5846814977528068,0.5864822849917657,0.11901941592285473,0.15489778271798713,0.11901941592285473,0.15489778271798713,0.11901941592285473,0.15489778271798713,0.5846814977528068,0.5864822849917657,0.5846814977528068,0.5864822849917657,0.5846814977528068,0.5864822849917657
0.61,0.61,0.2291027546728232,0.61,0.544,0.544,0.0375523436444684,0.544,0.5822398046784613,0.585751421403412,0.5822398046784613,0.585751421403412,0.5822398046784613,0.585751421403412,0.5822398046784613,0.585751421403412,0.5822398046784613,0.585751421403412,0.5822398046784613,0.585751421403412,0.14106379088238008,0.1349815833902362,0.14106379088238008,0.1349815833902362,0.14106379088238008,0.1349815833902362,0.5822398046784613,0.585751421403412,0.5822398046784613,0.585751421403412,0.5822398046784613,0.585751421403412
0.62,0.62,0.2482303738669051,0.62,0.528,0.528,0.0326084728740955,0.528,0.6112317644904889,0.6228239210492134,0.6112317644904889,0.6228239210492134,0.6112317644904889,0.6228239210492134,0.6112317644904889,0.6228239210492134,0.6112317644904889,0.6228239210492134,0.6112317644904889,0.6228239210492134,0.19971281463889182,0.20464444782582045,0.19971281463889182,0.20464444782582045,0.19971281463889182,0.20464444782582045,0.6112317644904889,0.6228239210492134,0.6112317644904889,0.6228239210492134,0.6112317644904889,0.6228239210492134
0.615,0.615,0.241612430464724,0.615,0.529,0.529,0.0211156372100755,0.529,0.6234569457689267,0.6275367913966182,0.6234569457689267,0.6275367913966182,0.6234569457689267,0.6275367913966182,0.6234569457689267,0.6275367913966182,0.6234569457689267,0.6275367913966182,0.6234569457689267,0.6275367913966182,0.2504724800744786,0.23355577240798744,0.2504724800744786,0.23355577240798744,0.2504724800744786,0.23355577240798744,0.6234569457689267,0.6275367913966182,0.6234569457689267,0.6275367913966182,0.6234569457689267,0.6275367913966182
0.634,0.634,0.2729901952994644,0.634,0.537,0.537,0.0256651992020134,0.537,0.6099376235592303,0.6237611520108044,0.6099376235592303,0.6237611520108044,0.6099376235592303,0.6237611520108044,0.6099376235592303,0.6237611520108044,0.6099376235592303,0.6237611520108044,0.6099376235592303,0.6237611520108044,0.2531891629915233,0.22630336985654037,0.2531891629915233,0.22630336985654037,0.2531891629915233,0.22630336985654037,0.6099376235592303,0.6237611520108044,0.6099376235592303,0.6237611520108044,0.6099376235592303,0.6237611520108044
0.627,0.627,0.258696896464004,0.627,0.538,0.538,0.0430542724934027,0.538,0.6227369416395752,0.6417128712917702,0.6227369416395752,0.6417128712917702,0.6227369416395752,0.6417128712917702,0.6227369416395752,0.6417128712917702,0.6227369416395752,0.6417128712917702,0.6227369416395752,0.6417128712917702,0.27089616294226754,0.2699709081008771,0.27089616294226754,0.2699709081008771,0.27089616294226754,0.2699709081008771,0.6227369416395752,0.6417128712917702,0.6227369416395752,0.6417128712917702,0.6227369416395752,0.6417128712917702
0.641,0.641,0.2934906677792384,0.641,0.566,0.566,0.0970673413002229,0.566,0.6469588325572475,0.6433054039735274,0.6469588325572475,0.6433054039735274,0.6469588325572475,0.6433054039735274,0.6469588325572475,0.6433054039735274,0.6469588325572475,0.6433054039735274,0.6469588325572475,0.6433054039735274,0.30226687818985465,0.26748629644069605,0.30226687818985465,0.26748629644069605,0.30226687818985465,0.26748629644069605,0.6469588325572475,0.6433054039735274,0.6469588325572475,0.6433054039735274,0.6469588325572475,0.6433054039735274
0.642,0.642,0.3006173321872314,0.642,0.61,0.61,0.1992444152431011,0.61,0.6420311229741208,0.6446445888601526,0.6420311229741208,0.6446445888601526,0.6420311229741208,0.6446445888601526,0.6420311229741208,0.6446445888601526,0.6420311229741208,0.6446445888601526,0.6420311229741208,0.6446445888601526,0.31690345424517186,0.2557440635953267,0.31690345424517186,0.2557440635953267,0.31690345424517186,0.2557440635953267,0.6420311229741208,0.6446445888601526,0.6420311229741208,0.6446445888601526,0.6420311229741208,0.6446445888601526
0.649,0.649,0.314453125,0.649,0.61,0.61,0.2291027546728232,0.61,0.6355936867199886,0.6302374144887967,0.6355936867199886,0.6302374144887967,0.6355936867199886,0.6302374144887967,0.6355936867199886,0.6302374144887967,0.6355936867199886,0.6302374144887967,0.6355936867199886,0.6302374144887967,0.3000873211501199,0.2797024600106859,0.3000873211501199,0.2797024600106859,0.3000873211501199,0.2797024600106859,0.6355936867199886,0.6302374144887967,0.6355936867199886,0.6302374144887967,0.6355936867199886,0.6302374144887967
0.639,0.639,0.2962084938471856,0.639,0.62,0.62,0.2482303738669051,0.62,0.64367855382186,0.6279866855633308,0.64367855382186,0.6279866855633308,0.64367855382186,0.6279866855633308,0.64367855382186,0.6279866855633308,0.64367855382186,0.6279866855633308,0.64367855382186,0.6279866855633308,0.27864351769498247,0.2378419672299717,0.27864351769498247,0.2378419672299717,0.27864351769498247,0.2378419672299717,0.64367855382186,0.6279866855633308,0.64367855382186,0.6279866855633308,0.64367855382186,0.6279866855633308
0.64,0.64,0.2969985744693316,0.64,0.615,0.615,0.241612430464724,0.615,0.6246949159850999,0.6272743921141659,0.6246949159850999,0.6272743921141659,0.6246949159850999,0.6272743921141659,0.6246949159850999,0.6272743921141659,0.6246949159850999,0.6272743921141659,0.6246949159850999,0.6272743921141659,0.24927168199121727,0.24030056147916345,0.24927168199121727,0.24030056147916345,0.24927168199121727,0.24030056147916345,0.6246949159850999,0.6272743921141659,0.6246949159850999,0.6272743921141659,0.6246949159850999,0.6272743921141659
0.619,0.619,0.2632157056885161,0.619,0.634,0.634,0.2729901952994644,0.634,0.6211480060148951,0.626661287362277,0.6211480060148951,0.626661287362277,0.6211480060148951,0.626661287362277,0.6211480060148951,0.626661287362277,0.6211480060148951,0.626661287362277,0.6211480060148951,0.626661287362277,0.2340789364261674,0.26235489013175906,0.2340789364261674,0.26235489013175906,0.2340789364261674,0.26235489013175906,0.6211480060148951,0.626661287362277,0.6211480060148951,0.626661287362277,0.6211480060148951,0.626661287362277
0.635,0.635,0.2896897987778772,0.635,0.627,0.627,0.258696896464004,0.627,0.6216469475297035,0.6338914517020853,0.6216469475297035,0.6338914517020853,0.6216469475297035,0.6338914517020853,0.6216469475297035,0.6338914517020853,0.6216469475297035,0.6338914517020853,0.6216469475297035,0.6338914517020853,0.2722028200264514,0.27718985020788073,0.2722028200264514,0.27718985020788073,0.2722028200264514,0.27718985020788073,0.6216469475297035,0.6338914517020853,0.6216469475297035,0.6338914517020853,0.6216469475297035,0.6338914517020853
0.632,0.632,0.2857586485311471,0.632,0.641,0.641,0.2934906677792384,0.641,0.6148671598372477,0.6190976582138914,0.6148671598372477,0.6190976582138914,0.6148671598372477,0.6190976582138914,0.6148671598372477,0.6190976582138914,0.6148671598372477,0.6190976582138914,0.6148671598372477,0.6190976582138914,0.2725406578252134,0.250557879453362,0.2725406578252134,0.250557879453362,0.2725406578252134,0.250557879453362,0.6148671598372477,0.6190976582138914,0.6148671598372477,0.6190976582138914,0.6148671598372477,0.6190976582138914
0.634,0.634,0.2913349236345612,0.634,0.642,0.642,0.3006173321872314,0.642,0.6236701721551587,0.6239149759158359,0.6236701721551587,0.6239149759158359,0.6236701721551587,0.6239149759158359,0.6236701721551587,0.6239149759158359,0.6236701721551587,0.6239149759158359,0.6236701721551587,0.6239149759158359,0.22783859405597026,0.2529468791990276,0.22783859405597026,0.2529468791990276,0.22783859405597026,0.2529468791990276,0.6236701721551587,0.6239149759158359,0.6236701721551587,0.6239149759158359,0.6236701721551587,0.6239149759158359
0.634,0.634,0.2932316307811142,0.634,0.649,0.649,0.314453125,0.649,0.6089700461881559,0.6093159665607255,0.6089700461881559,0.6093159665607255,0.6089700461881559,0.6093159665607255,0.6089700461881559,0.6093159665607255,0.6089700461881559,0.6093159665607255,0.6089700461881559,0.6093159665607255,0.23873433755680132,0.23795372118179908,0.23873433755680132,0.23795372118179908,0.23873433755680132,0.23795372118179908,0.6089700461881559,0.6093159665607255,0.6089700461881559,0.6093159665607255,0.6089700461881559,0.6093159665607255
0.64,0.64,0.3045682141311738,0.64,0.639,0.639,0.2962084938471856,0.639,0.635283033972331,0.6290314841569753,0.635283033972331,0.6290314841569753,0.635283033972331,0.6290314841569753,0.635283033972331,0.6290314841569753,0.635283033972331,0.6290314841569753,0.635283033972331,0.6290314841569753,0.2745997426633395,0.2715736643878385,0.2745997426633395,0.2715736643878385,0.2745997426633395,0.2715736643878385,0.635283033972331,0.6290314841569753,0.635283033972331,0.6290314841569753,0.635283033972331,0.6290314841569753
0.628,0.628,0.2835213768716078,0.628,0.64,0.64,0.2969985744693316,0.64,0.6384963401177953,0.6350339500604013,0.6384963401177953,0.6350339500604013,0.6384963401177953,0.6350339500604013,0.6384963401177953,0.6350339500604013,0.6384963401177953,0.6350339500604013,0.6384963401177953,0.6350339500604013,0.29478702137761936,0.2622494023911407,0.29478702137761936,0.2622494023911407,0.29478702137761936,0.2622494023911407,0.6384963401177953,0.6350339500604013,0.6384963401177953,0.6350339500604013,0.6384963401177953,0.6350339500604013
0.623,0.623,0.2747043025233364,0.623,0.619,0.619,0.2632157056885161,0.619,0.6383814423955639,0.644675427626746,0.6383814423955639,0.644675427626746,0.6383814423955639,0.644675427626746,0.6383814423955639,0.644675427626746,0.6383814423955639,0.644675427626746,0.6383814423955639,0.644675427626746,0.3026367739985326,0.3046923444512238,0.3026367739985326,0.3046923444512238,0.3026367739985326,0.3046923444512238,0.6383814423955639,0.644675427626746,0.6383814423955639,0.644675427626746,0.6383814423955639,0.644675427626746
0.618,0.618,0.2663440116770377,0.618,0.635,0.635,0.2896897987778772,0.635,0.6395157008345388,0.6355128173186277,0.6395157008345388,0.6355128173186277,0.6395157008345388,0.6355128173186277,0.6395157008345388,0.6355128173186277,0.6395157008345388,0.6355128173186277,0.6395157008345388,0.6355128173186277,0.2950657558513061,0.28302799254554173,0.2950657558513061,0.28302799254554173,0.2950657558513061,0.28302799254554173,0.6395157008345388,0.6355128173186277,0.6395157008345388,0.6355128173186277,0.6395157008345388,0.6355128173186277
0.602,0.602,0.2428479570211583,0.602,0.632,0.632,0.2857586485311471,0.632,0.6335316522386345,0.6388625042364716,0.6335316522386345,0.6388625042364716,0.6335316522386345,0.6388625042364716,0.6335316522386345,0.6388625042364716,0.6335316522386345,0.6388625042364716,0.6335316522386345,0.6388625042364716,0.26203117819605815,0.2938103752511965,0.26203117819605815,0.2938103752511965,0.26203117819605815,0.2938103752511965,0.6335316522386345,0.6388625042364716,0.6335316522386345,0.6388625042364716,0.6335316522386345,0.6388625042364716
0.586,0.586,0.2198894278058542,0.586,0.634,0.634,0.2913349236345612,0.634,0.6256944804058918,0.6196003575785104,0.6256944804058918,0.6196003575785104,0.6256944804058918,0.6196003575785104,0.6256944804058918,0.6196003575785104,0.6256944804058918,0.6196003575785104,0.6256944804058918,0.6196003575785104,0.27170289005877846,0.25048900642816796,0.27170289005877846,0.25048900642816796,0.27170289005877846,0.25048900642816796,0.6256944804058918,0.6196003575785104,0.6256944804058918,0.6196003575785104,0.6256944804058918,0.6196003575785104
0.587,0.587,0.2187559113505497,0.587,0.634,0.634,0.2932316307811142,0.634,0.6297507104171844,0.6271855813446311,0.6297507104171844,0.6271855813446311,0.6297507104171844,0.6271855813446311,0.6297507104171844,0.6271855813446311,0.6297507104171844,0.6271855813446311,0.6297507104171844,0.6271855813446311,0.2840003124460468,0.27618012296653055,0.2840003124460468,0.27618012296653055,0.2840003124460468,0.27618012296653055,0.6297507104171844,0.6271855813446311,0.6297507104171844,0.6271855813446311,0.6297507104171844,0.6271855813446311
0.585,0.585,0.2126133647023108,0.585,0.64,0.64,0.3045682141311738,0.64,0.6257912983375827,0.6104084008466156,0.6257912983375827,0.6104084008466156,0.6257912983375827,0.6104084008466156,0.6257912983375827,0.6104084008466156,0.6257912983375827,0.6104084008466156,0.6257912983375827,0.6104084008466156,0.2844225907203159,0.21313788325762417,0.2844225907203159,0.21313788325762417,0.2844225907203159,0.21313788325762417,0.6257912983375827,0.6104084008466156,0.6257912983375827,0.6104084008466156,0.6257912983375827,0.6104084008466156
0.597,0.597,0.2348004405119051,0.597,0.628,0.628,0.2835213768716078,0.628,0.6479081367637668,0.6452236707490653,0.6479081367637668,0.6452236707490653,0.6479081367637668,0.6452236707490653,0.6479081367637668,0.6452236707490653,0.6479081367637668,0.6452236707490653,0.6479081367637668,0.6452236707490653,0.30708005729799803,0.32342239861298483,0.30708005729799803,0.32342239861298483,0.30708005729799803,0.32342239861298483,0.6479081367637668,0.6452236707490653,0.6479081367637668,0.6452236707490653,0.6479081367637668,0.6452236707490653
0.612,0.612,0.2667624159044522,0.612,0.623,0.623,0.2747043025233364,0.623,0.6351513109185409,0.6216457118115053,0.6351513109185409,0.6216457118115053,0.6351513109185409,0.6216457118115053,0.6351513109185409,0.6216457118115053,0.6351513109185409,0.6216457118115053,0.6351513109185409,0.6216457118115053,0.31346475088289216,0.28959302916139973,0.31346475088289216,0.28959302916139973,0.31346475088289216,0.28959302916139973,0.6351513109185409,0.6216457118115053,0.6351513109185409,0.6216457118115053,0.6351513109185409,0.6216457118115053
0.614,0.614,0.2714341799293328,0.614,0.618,0.618,0.2663440116770377,0.618,0.6322217107700037,0.6330280087245567,0.6322217107700037,0.6330280087245567,0.6322217107700037,0.6330280087245567,0.6322217107700037,0.6330280087245567,0.6322217107700037,0.6330280087245567,0.6322217107700037,0.6330280087245567,0.28169963942483844,0.29461208592982546,0.28169963942483844,0.29461208592982546,0.28169963942483844,0.29461208592982546,0.6322217107700037,0.6330280087245567,0.6322217107700037,0.6330280087245567,0.6322217107700037,0.6330280087245567
0.602,0.602,0.2471731161358417,0.602,0.602,0.602,0.2428479570211583,0.602,0.6122340655648018,0.6297454193624427,0.6122340655648018,0.6297454193624427,0.6122340655648018,0.6297454193624427,0.6122340655648018,0.6297454193624427,0.6122340655648018,0.6297454193624427,0.6122340655648018,0.6297454193624427,0.28409475085043084,0.3114897752226696,0.28409475085043084,0.3114897752226696,0.28409475085043084,0.3114897752226696,0.6122340655648018,0.6297454193624427,0.6122340655648018,0.6297454193624427,0.6122340655648018,0.6297454193624427
0.588,0.588,0.2256308665040242,0.588,0.586,0.586,0.2198894278058542,0.586,0.5918400206745589,0.6173498668950859,0.5918400206745589,0.6173498668950859,0.5918400206745589,0.6173498668950859,0.5918400206745589,0.6173498668950859,0.5918400206745589,0.6173498668950859,0.5918400206745589,0.6173498668950859,0.23427258669938306,0.2556246466212393,0.23427258669938306,0.2556246466212393,0.23427258669938306,0.2556246466212393,0.5918400206745589,0.6173498668950859,0.5918400206745589,0.6173498668950859,0.5918400206745589,0.6173498668950859
0.579,0.579,0.2083906827019261,0.579,0.587,0.587,0.2187559113505497,0.587,0.6037694089302214,0.6256909434705228,0.6037694089302214,0.6256909434705228,0.6037694089302214,0.6256909434705228,0.6037694089302214,0.6256909434705228,0.6037694089302214,0.6256909434705228,0.6037694089302214,0.6256909434705228,0.22181937654722397,0.29325550102092846,0.22181937654722397,0.29325550102092846,0.22181937654722397,0.29325550102092846,0.6037694089302214,0.6256909434705228,0.6037694089302214,0.6256909434705228,0.6037694089302214,0.6256909434705228
0.558,0.558,0.1815027017818057,0.558,0.585,0.585,0.2126133647023108,0.585,0.6219634562475232,0.6384932646404197,0.6219634562475232,0.6384932646404197,0.6219634562475232,0.6384932646404197,0.6219634562475232,0.6384932646404197,0.6219634562475232,0.6384932646404197,0.6219634562475232,0.6384932646404197,0.22062742046380057,0.29022400140837235,0.22062742046380057,0.29022400140837235,0.22062742046380057,0.29022400140837235,0.6219634562475232,0.6384932646404197,0.6219634562475232,0.6384932646404197,0.6219634562475232,0.6384932646404197
0.557,0.557,0.1733655776737798,0.557,0.597,0.597,0.2348004405119051,0.597,0.6126169206330145,0.6198636985222222,0.6126169206330145,0.6198636985222222,0.6126169206330145,0.6198636985222222,0.6126169206330145,0.6198636985222222,0.6126169206330145,0.6198636985222222,0.6126169206330145,0.6198636985222222,0.2911469873926851,0.32217618453331354,0.2911469873926851,0.32217618453331354,0.2911469873926851,0.32217618453331354,0.6126169206330145,0.6198636985222222,0.6126169206330145,0.6198636985222222,0.6126169206330145,0.6198636985222222
0.554,0.554,0.1683945166246513,0.554,0.612,0.612,0.2667624159044522,0.612,0.6454320387868518,0.642708869215289,0.6454320387868518,0.642708869215289,0.6454320387868518,0.642708869215289,0.6454320387868518,0.642708869215289,0.6454320387868518,0.642708869215289,0.6454320387868518,0.642708869215289,0.3165286078893763,0.3068463534369854,0.3165286078893763,0.3068463534369854,0.3165286078893763,0.3068463534369854,0.6454320387868518,0.642708869215289,0.6454320387868518,0.642708869215289,0.6454320387868518,0.642708869215289
0.564,0.564,0.180253895674147,0.564,0.614,0.614,0.2714341799293328,0.614,0.6401912649835765,0.641853546168299,0.6401912649835765,0.641853546168299,0.6401912649835765,0.641853546168299,0.6401912649835765,0.641853546168299,0.6401912649835765,0.641853546168299,0.6401912649835765,0.641853546168299,0.3142016418159917,0.29363868600235055,0.3142016418159917,0.29363868600235055,0.3142016418159917,0.29363868600235055,0.6401912649835765,0.641853546168299,0.6401912649835765,0.641853546168299,0.6401912649835765,0.641853546168299
0.579,0.579,0.1973001830384381,0.579,0.602,0.602,0.2471731161358417,0.602,0.651743391262033,0.6459962882228786,0.651743391262033,0.6459962882228786,0.651743391262033,0.6459962882228786,0.651743391262033,0.6459962882228786,0.651743391262033,0.6459962882228786,0.651743391262033,0.6459962882228786,0.3287610229053746,0.3054410086851925,0.3287610229053746,0.3054410086851925,0.3287610229053746,0.3054410086851925,0.651743391262033,0.6459962882228786,0.651743391262033,0.6459962882228786,0.651743391262033,0.6459962882228786
0.573,0.573,0.1845854180193255,0.573,0.588,0.588,0.2256308665040242,0.588,0.6251318556689403,0.6328996684161408,0.6251318556689403,0.6328996684161408,0.6251318556689403,0.6328996684161408,0.6251318556689403,0.6328996684161408,0.6251318556689403,0.6328996684161408,0.6251318556689403,0.6328996684161408,0.2761078917744687,0.2985544428437678,0.2761078917744687,0.2985544428437678,0.2761078917744687,0.2985544428437678,0.6251318556689403,0.6328996684161408,0.6251318556689403,0.6328996684161408,0.6251318556689403,0.6328996684161408
0.578,0.578,0.1916823733124932,0.578,0.579,0.579,0.2083906827019261,0.579,0.6324557105587989,0.6324757727208516,0.6324557105587989,0.6324757727208516,0.6324557105587989,0.6324757727208516,0.6324557105587989,0.6324757727208516,0.6324557105587989,0.6324757727208516,0.6324557105587989,0.6324757727208516,0.289077300176654,0.31935489151115654,0.289077300176654,0.31935489151115654,0.289077300176654,0.31935489151115654,0.6324557105587989,0.6324757727208516,0.6324557105587989,0.6324757727208516,0.6324557105587989,0.6324757727208516
0.574,0.574,0.1972049162718647,0.574,0.558,0.558,0.1815027017818057,0.558,0.6363531044070433,0.6332912266359437,0.6363531044070433,0.6332912266359437,0.6363531044070433,0.6332912266359437,0.6363531044070433,0.6332912266359437,0.6363531044070433,0.6332912266359437,0.6363531044070433,0.6332912266359437,0.28754585429152135,0.25815414809067233,0.28754585429152135,0.25815414809067233,0.28754585429152135,0.25815414809067233,0.6363531044070433,0.6332912266359437,0.6363531044070433,0.6332912266359437,0.6363531044070433,0.6332912266359437
0.575,0.575,0.1916156274964812,0.575,0.557,0.557,0.1733655776737798,0.557,0.6202106678890462,0.6332021824844132,0.6202106678890462,0.6332021824844132,0.6202106678890462,0.6332021824844132,0.6202106678890462,0.6332021824844132,0.6202106678890462,0.6332021824844132,0.6202106678890462,0.6332021824844132,0.29711262480699774,0.2979886100956629,0.29711262480699774,0.2979886100956629,0.29711262480699774,0.2979886100956629,0.6202106678890462,0.6332021824844132,0.6202106678890462,0.6332021824844132,0.6202106678890462,0.6332021824844132
0.578,0.578,0.1876867165604114,0.578,0.554,0.554,0.1683945166246513,0.554,0.6445602351819619,0.6525629696696859,0.6445602351819619,0.6525629696696859,0.6445602351819619,0.6525629696696859,0.6445602351819619,0.6525629696696859,0.6445602351819619,0.6525629696696859,0.6445602351819619,0.6525629696696859,0.3126517956565825,0.32546568620084476,0.3126517956565825,0.32546568620084476,0.3126517956565825,0.32546568620084476,0.6445602351819619,0.6525629696696859,0.6445602351819619,0.6525629696696859,0.6445602351819619,0.6525629696696859
0.575,0.575,0.1895932330081536,0.575,0.564,0.564,0.180253895674147,0.564,0.6503591215864711,0.6555148573534201,0.6503591215864711,0.6555148573534201,0.6503591215864711,0.6555148573534201,0.6503591215864711,0.6555148573534201,0.6503591215864711,0.6555148573534201,0.6503591215864711,0.6555148573534201,0.32322940039414744,0.32815913546593023,0.32322940039414744,0.32815913546593023,0.32322940039414744,0.32815913546593023,0.6503591215864711,0.6555148573534201,0.6503591215864711,0.6555148573534201,0.6503591215864711,0.6555148573534201
0.588,0.588,0.2185988643131067,0.588,0.579,0.579,0.1973001830384381,0.579,0.6426957666338854,0.648810532578274,0.6426957666338854,0.648810532578274,0.6426957666338854,0.648810532578274,0.6426957666338854,0.648810532578274,0.6426957666338854,0.648810532578274,0.6426957666338854,0.648810532578274,0.3343503333514603,0.30036140481522494,0.3343503333514603,0.30036140481522494,0.3343503333514603,0.30036140481522494,0.6426957666338854,0.648810532578274,0.6426957666338854,0.648810532578274,0.6426957666338854,0.648810532578274
0.556,0.556,0.1751504793044511,0.556,0.573,0.573,0.1845854180193255,0.573,0.6344652154693614,0.647343845547915,0.6344652154693614,0.647343845547915,0.6344652154693614,0.647343845547915,0.6344652154693614,0.647343845547915,0.6344652154693614,0.647343845547915,0.6344652154693614,0.647343845547915,0.28847902173997336,0.3389869164218072,0.28847902173997336,0.3389869164218072,0.28847902173997336,0.3389869164218072,0.6344652154693614,0.647343845547915,0.6344652154693614,0.647343845547915,0.6344652154693614,0.647343845547915
0.553,0.553,0.1728349370836417,0.553,0.578,0.578,0.1916823733124932,0.578,0.6322759842910087,0.646074376286115,0.6322759842910087,0.646074376286115,0.6322759842910087,0.646074376286115,0.6322759842910087,0.646074376286115,0.6322759842910087,0.646074376286115,0.6322759842910087,0.646074376286115,0.3294943673716021,0.3475829993822022,0.3294943673716021,0.3475829993822022,0.3294943673716021,0.3475829993822022,0.6322759842910087,0.646074376286115,0.6322759842910087,0.646074376286115,0.6322759842910087,0.646074376286115
0.547,0.547,0.1377603849433548,0.547,0.574,0.574,0.1972049162718647,0.574,0.6434509192188053,0.6437873627741022,0.6434509192188053,0.6437873627741022,0.6434509192188053,0.6437873627741022,0.6434509192188053,0.6437873627741022,0.6434509192188053,0.6437873627741022,0.6434509192188053,0.6437873627741022,0.31487561183113794,0.29691815700139446,0.31487561183113794,0.29691815700139446,0.31487561183113794,0.29691815700139446,0.6434509192188053,0.6437873627741022,0.6434509192188053,0.6437873627741022,0.6434509192188053,0.6437873627741022
0.535,0.535,0.1165272109619023,0.535,0.575,0.575,0.1916156274964812,0.575,0.6284228406883053,0.6365275938685421,0.6284228406883053,0.6365275938685421,0.6284228406883053,0.6365275938685421,0.6284228406883053,0.6365275938685421,0.6284228406883053,0.6365275938685421,0.6284228406883053,0.6365275938685421,0.2856570676443798,0.3201653784812473,0.2856570676443798,0.3201653784812473,0.2856570676443798,0.3201653784812473,0.6284228406883053,0.6365275938685421,0.6284228406883053,0.6365275938685421,0.6284228406883053,0.6365275938685421
0.541,0.541,0.1298908098271155,0.541,0.578,0.578,0.1876867165604114,0.578,0.6217129951763428,0.6307992004667488,0.6217129951763428,0.6307992004667488,0.6217129951763428,0.6307992004667488,0.6217129951763428,0.6307992004667488,0.6217129951763428,0.6307992004667488,0.6217129951763428,0.6307992004667488,0.2811671239475222,0.3181980025965026,0.2811671239475222,0.3181980025965026,0.2811671239475222,0.3181980025965026,0.6217129951763428,0.6307992004667488,0.6217129951763428,0.6307992004667488,0.6217129951763428,0.6307992004667488
0.544,0.544,0.1516121230162421,0.544,0.575,0.575,0.1895932330081536,0.575,0.5799730037171149,0.610858456130923,0.5799730037171149,0.610858456130923,0.5799730037171149,0.610858456130923,0.5799730037171149,0.610858456130923,0.5799730037171149,0.610858456130923,0.5799730037171149,0.610858456130923,0.21987067186173298,0.2635424976218723,0.21987067186173298,0.2635424976218723,0.21987067186173298,0.2635424976218723,0.5799730037171149,0.610858456130923,0.5799730037171149,0.610858456130923,0.5799730037171149,0.610858456130923
0.557,0.557,0.162621542742216,0.557,0.588,0.588,0.2185988643131067,0.588,0.5876547944253823,0.5988151961051843,0.5876547944253823,0.5988151961051843,0.5876547944253823,0.5988151961051843,0.5876547944253823,0.5988151961051843,0.5876547944253823,0.5988151961051843,0.5876547944253823,0.5988151961051843,0.14102230036255156,0.1812607482192101,0.14102230036255156,0.1812607482192101,0.14102230036255156,0.1812607482192101,0.5876547944253823,0.5988151961051843,0.5876547944253823,0.5988151961051843,0.5876547944253823,0.5988151961051843
0.602,0.602,0.1571225264299268,0.602,0.556,0.556,0.1751504793044511,0.556,0.5906012528294625,0.6146470039206644,0.5906012528294625,0.6146470039206644,0.5906012528294625,0.6146470039206644,0.5906012528294625,0.6146470039206644,0.5906012528294625,0.6146470039206644,0.5906012528294625,0.6146470039206644,0.09840967786112824,0.13900266176599557,0.09840967786112824,0.13900266176599557,0.09840967786112824,0.13900266176599557,0.5906012528294625,0.6146470039206644,0.5906012528294625,0.6146470039206644,0.5906012528294625,0.6146470039206644
0.624,0.624,0.0785217135574942,0.624,0.553,0.553,0.1728349370836417,0.553,0.5899958806968258,0.6109865122655632,0.5899958806968258,0.6109865122655632,0.5899958806968258,0.6109865122655632,0.5899958806968258,0.6109865122655632,0.5899958806968258,0.6109865122655632,0.5899958806968258,0.6109865122655632,0.030043172876247262,0.08173589191518985,0.030043172876247262,0.08173589191518985,0.030043172876247262,0.08173589191518985,0.5899958806968258,0.6109865122655632,0.5899958806968258,0.6109865122655632,0.5899958806968258,0.6109865122655632
0.657,0.657,-0.000151626485648,0.657,0.547,0.547,0.1377603849433548,0.547,0.6181138847433736,0.6337014778657999,0.6181138847433736,0.6337014778657999,0.6181138847433736,0.6337014778657999,0.6181138847433736,0.6337014778657999,0.6181138847433736,0.6337014778657999,0.6181138847433736,0.6337014778657999,0.028848916531513037,0.07514282119909582,0.028848916531513037,0.07514282119909582,0.028848916531513037,0.07514282119909582,0.6181138847433736,0.6337014778657999,0.6181138847433736,0.6337014778657999,0.6181138847433736,0.6337014778657999
0.64,0.64,-0.0004279608499191,0.64,0.535,0.535,0.1165272109619023,0.535,0.5994376606738879,0.6051569410395196,0.5994376606738879,0.6051569410395196,0.5994376606738879,0.6051569410395196,0.5994376606738879,0.6051569410395196,0.5994376606738879,0.6051569410395196,0.5994376606738879,0.6051569410395196,0.025363086167524886,0.03659556101287327,0.025363086167524886,0.03659556101287327,0.025363086167524886,0.03659556101287327,0.5994376606738879,0.6051569410395196,0.5994376606738879,0.6051569410395196,0.5994376606738879,0.6051569410395196
0.613,0.613,0.0043018277622263,0.613,0.541,0.541,0.1298908098271155,0.541,0.5941264463096912,0.5980773123886298,0.5941264463096912,0.5980773123886298,0.5941264463096912,0.5980773123886298,0.5941264463096912,0.5980773123886298,0.5941264463096912,0.5980773123886298,0.5941264463096912,0.5980773123886298,0.04005793411281901,0.04394658471619207,0.04005793411281901,0.04394658471619207,0.04005793411281901,0.04394658471619207,0.5941264463096912,0.5980773123886298,0.5941264463096912,0.5980773123886298,0.5941264463096912,0.5980773123886298
0.594,0.594,0.004731203883019,0.594,0.544,0.544,0.1516121230162421,0.544,0.5767165357898164,0.5927580883763649,0.5767165357898164,0.5927580883763649,0.5767165357898164,0.5927580883763649,0.5767165357898164,0.5927580883763649,0.5767165357898164,0.5927580883763649,0.5767165357898164,0.5927580883763649,0.03156664938835134,0.048779140926721955,0.03156664938835134,0.048779140926721955,0.03156664938835134,0.048779140926721955,0.5767165357898164,0.5927580883763649,0.5767165357898164,0.5927580883763649,0.5767165357898164,0.5927580883763649
0.557,0.557,0.0150477579552125,0.557,0.557,0.557,0.162621542742216,0.557,0.5800674802482965,0.5783831397053735,0.5800674802482965,0.5783831397053735,0.5800674802482965,0.5783831397053735,0.5800674802482965,0.5783831397053735,0.5800674802482965,0.5783831397053735,0.5800674802482965,0.5783831397053735,0.03841321176130399,0.03921106655764425,0.03841321176130399,0.03921106655764425,0.03841321176130399,0.03921106655764425,0.5800674802482965,0.5783831397053735,0.5800674802482965,0.5783831397053735,0.5800674802482965,0.5783831397053735
0.571,0.571,0.0285238090924736,0.571,0.602,0.602,0.1571225264299268,0.602,0.5847985864311641,0.5846763613441849,0.5847985864311641,0.5846763613441849,0.5847985864311641,0.5846763613441849,0.5847985864311641,0.5846763613441849,0.5847985864311641,0.5846763613441849,0.5847985864311641,0.5846763613441849,0.03979492897221588,0.05724303049780753,0.03979492897221588,0.05724303049780753,0.03979492897221588,0.05724303049780753,0.5847985864311641,0.5846763613441849,0.5847985864311641,0.5846763613441849,0.5847985864311641,0.5846763613441849
0.549,0.549,0.0376654745952221,0.549,0.624,0.624,0.0785217135574942,0.624,0.5848723893692668,0.5846579403483677,0.5848723893692668,0.5846579403483677,0.5848723893692668,0.5846579403483677,0.5848723893692668,0.5846579403483677,0.5848723893692668,0.5846579403483677,0.5848723893692668,0.5846579403483677,0.05836005586842088,0.06044079434751679,0.05836005586842088,0.06044079434751679,0.05836005586842088,0.06044079434751679,0.5848723893692668,0.5846579403483677,0.5848723893692668,0.5846579403483677,0.5848723893692668,0.5846579403483677
0.53,0.53,0.0283795852214466,0.53,0.657,0.657,-0.000151626485648,0.657,0.576820084267971,0.572591457106087,0.576820084267971,0.572591457106087,0.576820084267971,0.572591457106087,0.576820084267971,0.572591457106087,0.576820084267971,0.572591457106087,0.576820084267971,0.572591457106087,0.03091922975977521,0.06339540483632064,0.03091922975977521,0.06339540483632064,0.03091922975977521,0.06339540483632064,0.576820084267971,0.572591457106087,0.576820084267971,0.572591457106087,0.576820084267971,0.572591457106087
0.547,0.547,0.0325060868822348,0.547,0.64,0.64,-0.0004279608499191,0.64,0.5706387205388334,0.5664901765141667,0.5706387205388334,0.5664901765141667,0.5706387205388334,0.5664901765141667,0.5706387205388334,0.5664901765141667,0.5706387205388334,0.5664901765141667,0.5706387205388334,0.5664901765141667,0.03817477730516342,0.06328338892857734,0.03817477730516342,0.06328338892857734,0.03817477730516342,0.06328338892857734,0.5706387205388334,0.5664901765141667,0.5706387205388334,0.5664901765141667,0.5706387205388334,0.5664901765141667
0.562,0.562,0.0559042626569182,0.562,0.613,0.613,0.0043018277622263,0.613,0.581225271091807,0.5724680264481885,0.581225271091807,0.5724680264481885,0.581225271091807,0.5724680264481885,0.581225271091807,0.5724680264481885,0.581225271091807,0.5724680264481885,0.581225271091807,0.5724680264481885,0.11668681720563036,0.10657926586482346,0.11668681720563036,0.10657926586482346,0.11668681720563036,0.10657926586482346,0.581225271091807,0.5724680264481885,0.581225271091807,0.5724680264481885,0.581225271091807,0.5724680264481885
0.591,0.591,0.1246468624261621,0.591,0.594,0.594,0.004731203883019,0.594,0.5871386901178062,0.5818113021148192,0.5871386901178062,0.5818113021148192,0.5871386901178062,0.5818113021148192,0.5871386901178062,0.5818113021148192,0.5871386901178062,0.5818113021148192,0.5871386901178062,0.5818113021148192,0.11640169581548496,0.1252958540918532,0.11640169581548496,0.1252958540918532,0.11640169581548496,0.1252958540918532,0.5871386901178062,0.5818113021148192,0.5871386901178062,0.5818113021148192,0.5871386901178062,0.5818113021148192
0.59,0.59,0.1454594718522686,0.59,0.557,0.557,0.0150477579552125,0.557,0.5875394444428711,0.5865362779454364,0.5875394444428711,0.5865362779454364,0.5875394444428711,0.5865362779454364,0.5875394444428711,0.5865362779454364,0.5875394444428711,0.5865362779454364,0.5875394444428711,0.5865362779454364,0.18101722537650358,0.14875552019107058,0.18101722537650358,0.14875552019107058,0.18101722537650358,0.14875552019107058,0.5875394444428711,0.5865362779454364,0.5875394444428711,0.5865362779454364,0.5875394444428711,0.5865362779454364
0.596,0.596,0.1929297449338363,0.596,0.571,0.571,0.0285238090924736,0.571,0.5916786711439544,0.590218772136839,0.5916786711439544,0.590218772136839,0.5916786711439544,0.590218772136839,0.5916786711439544,0.590218772136839,0.5916786711439544,0.590218772136839,0.5916786711439544,0.590218772136839,0.18313949592862025,0.1637847329859675,0.18313949592862025,0.1637847329859675,0.18313949592862025,0.1637847329859675,0.5916786711439544,0.590218772136839,0.5916786711439544,0.590218772136839,0.5916786711439544,0.590218772136839
0.591,0.591,0.1880409751449218,0.591,0.549,0.549,0.0376654745952221,0.549,0.6108725629111567,0.5938555943388972,0.6108725629111567,0.5938555943388972,0.6108725629111567,0.5938555943388972,0.6108725629111567,0.5938555943388972,0.6108725629111567,0.5938555943388972,0.6108725629111567,0.5938555943388972,0.26633432064126444,0.22916582060439122,0.26633432064126444,0.22916582060439122,0.26633432064126444,0.22916582060439122,0.6108725629111567,0.5938555943388972,0.6108725629111567,0.5938555943388972,0.6108725629111567,0.5938555943388972
0.589,0.589,0.1883822147094368,0.589,0.53,0.53,0.0283795852214466,0.53,0.6055709123133093,0.6251094582380415,0.6055709123133093,0.6251094582380415,0.6055709123133093,0.6251094582380415,0.6055709123133093,0.6251094582380415,0.6055709123133093,0.6251094582380415,0.6055709123133093,0.6251094582380415,0.27062557190671016,0.22959663668722918,0.27062557190671016,0.22959663668722918,0.27062557190671016,0.22959663668722918,0.6055709123133093,0.6251094582380415,0.6055709123133093,0.6251094582380415,0.6055709123133093,0.6251094582380415
0.611,0.611,0.2317354483979018,0.611,0.547,0.547,0.0325060868822348,0.547,0.6339944529070758,0.6373583039666295,0.6339944529070758,0.6373583039666295,0.6339944529070758,0.6373583039666295,0.6339944529070758,0.6373583039666295,0.6339944529070758,0.6373583039666295,0.6339944529070758,0.6373583039666295,0.2767648033499435,0.24401006443789588,0.2767648033499435,0.24401006443789588,0.2767648033499435,0.24401006443789588,0.6339944529070758,0.6373583039666295,0.6339944529070758,0.6373583039666295,0.6339944529070758,0.6373583039666295
0.623,0.623,0.2570140241066432,0.623,0.562,0.562,0.0559042626569182,0.562,0.6412419815611564,0.6433557675745143,0.6412419815611564,0.6433557675745143,0.6412419815611564,0.6433557675745143,0.6412419815611564,0.6433557675745143,0.6412419815611564,0.6433557675745143,0.6412419815611564,0.6433557675745143,0.29533428127672967,0.2888672651030315,0.29533428127672967,0.2888672651030315,0.29533428127672967,0.2888672651030315,0.6412419815611564,0.6433557675745143,0.6412419815611564,0.6433557675745143,0.6412419815611564,0.6433557675745143
0.634,0.634,0.284843368973926,0.634,0.591,0.591,0.1246468624261621,0.591,0.6424115207309287,0.6493022922796816,0.6424115207309287,0.6493022922796816,0.6424115207309287,0.6493022922796816,0.6424115207309287,0.6493022922796816,0.6424115207309287,0.6493022922796816,0.6424115207309287,0.6493022922796816,0.31462258313870295,0.27942817948827475,0.31462258313870295,0.27942817948827475,0.31462258313870295,0.27942817948827475,0.6424115207309287,0.6493022922796816,0.6424115207309287,0.6493022922796816,0.6424115207309287,0.6493022922796816
0.624,0.624,0.266630518312782,0.624,0.59,0.59,0.1454594718522686,0.59,0.6420559151396971,0.6399354714139317,0.6420559151396971,0.6399354714139317,0.6420559151396971,0.6399354714139317,0.6420559151396971,0.6399354714139317,0.6420559151396971,0.6399354714139317,0.6420559151396971,0.6399354714139317,0.31487575815962987,0.31707408418895894,0.31487575815962987,0.31707408418895894,0.31487575815962987,0.31707408418895894,0.6420559151396971,0.6399354714139317,0.6420559151396971,0.6399354714139317,0.6420559151396971,0.6399354714139317
0.618,0.618,0.2540781616736768,0.618,0.596,0.596,0.1929297449338363,0.596,0.637059438569374,0.6270636925439315,0.637059438569374,0.6270636925439315,0.637059438569374,0.6270636925439315,0.637059438569374,0.6270636925439315,0.637059438569374,0.6270636925439315,0.637059438569374,0.6270636925439315,0.2914336782952426,0.2527128964468628,0.2914336782952426,0.2527128964468628,0.2914336782952426,0.2527128964468628,0.637059438569374,0.6270636925439315,0.637059438569374,0.6270636925439315,0.637059438569374,0.6270636925439315
0.601,0.601,0.2163871322518558,0.601,0.591,0.591,0.1880409751449218,0.591,0.619292740844386,0.6326071870115024,0.619292740844386,0.6326071870115024,0.619292740844386,0.6326071870115024,0.619292740844386,0.6326071870115024,0.619292740844386,0.6326071870115024,0.619292740844386,0.6326071870115024,0.2453310616589913,0.25125915589860726,0.2453310616589913,0.25125915589860726,0.2453310616589913,0.25125915589860726,0.619292740844386,0.6326071870115024,0.619292740844386,0.6326071870115024,0.619292740844386,0.6326071870115024
0.588,0.588,0.1923120655246638,0.588,0.589,0.589,0.1883822147094368,0.589,0.6164612469429003,0.6262335644565435,0.6164612469429003,0.6262335644565435,0.6164612469429003,0.6262335644565435,0.6164612469429003,0.6262335644565435,0.6164612469429003,0.6262335644565435,0.6164612469429003,0.6262335644565435,0.1909170987564947,0.2404834142790975,0.1909170987564947,0.2404834142790975,0.1909170987564947,0.2404834142790975,0.6164612469429003,0.6262335644565435,0.6164612469429003,0.6262335644565435,0.6164612469429003,0.6262335644565435
0.586,0.586,0.1951444268611799,0.586,0.611,0.611,0.2317354483979018,0.611,0.6171401031459242,0.6300878368627127,0.6171401031459242,0.6300878368627127,0.6171401031459242,0.6300878368627127,0.6171401031459242,0.6300878368627127,0.6171401031459242,0.6300878368627127,0.6171401031459242,0.6300878368627127,0.23511515763087554,0.2681312620348561,0.23511515763087554,0.2681312620348561,0.23511515763087554,0.2681312620348561,0.6171401031459242,0.6300878368627127,0.6171401031459242,0.6300878368627127,0.6171401031459242,0.6300878368627127
0.595,0.595,0.2075294485970334,0.595,0.623,0.623,0.2570140241066432,0.623,0.6161729132901343,0.609685315734525,0.6161729132901343,0.609685315734525,0.6161729132901343,0.609685315734525,0.6161729132901343,0.609685315734525,0.6161729132901343,0.609685315734525,0.6161729132901343,0.609685315734525,0.26675854992410564,0.250480215463678,0.26675854992410564,0.250480215463678,0.26675854992410564,0.250480215463678,0.6161729132901343,0.609685315734525,0.6161729132901343,0.609685315734525,0.6161729132901343,0.609685315734525
0.614,0.614,0.2396156316115028,0.614,0.634,0.634,0.284843368973926,0.634,0.616455528284604,0.6215472414269869,0.616455528284604,0.6215472414269869,0.616455528284604,0.6215472414269869,0.616455528284604,0.6215472414269869,0.616455528284604,0.6215472414269869,0.616455528284604,0.6215472414269869,0.27201169549697163,0.2616599467141613,0.27201169549697163,0.2616599467141613,0.27201169549697163,0.2616599467141613,0.616455528284604,0.6215472414269869,0.616455528284604,0.6215472414269869,0.616455528284604,0.6215472414269869
0.616,0.616,0.2416612358552047,0.616,0.624,0.624,0.266630518312782,0.624,0.6225325290621048,0.6181823181474615,0.6225325290621048,0.6181823181474615,0.6225325290621048,0.6181823181474615,0.6225325290621048,0.6181823181474615,0.6225325290621048,0.6181823181474615,0.6225325290621048,0.6181823181474615,0.23436851607457482,0.24654861336750886,0.23436851607457482,0.24654861336750886,0.23436851607457482,0.24654861336750886,0.6225325290621048,0.6181823181474615,0.6225325290621048,0.6181823181474615,0.6225325290621048,0.6181823181474615
0.621,0.621,0.2572414063418649,0.621,0.618,0.618,0.2540781616736768,0.618,0.6105710731398755,0.605109612842001,0.6105710731398755,0.605109612842001,0.6105710731398755,0.605109612842001,0.6105710731398755,0.605109612842001,0.6105710731398755,0.605109612842001,0.6105710731398755,0.605109612842001,0.2583504023260146,0.22498963771294142,0.2583504023260146,0.22498963771294142,0.2583504023260146,0.22498963771294142,0.6105710731398755,0.605109612842001,0.6105710731398755,0.605109612842001,0.6105710731398755,0.605109612842001
0.624,0.624,0.2695965686579226,0.624,0.601,0.601,0.2163871322518558,0.601,0.6148805015758322,0.6325069711557186,0.6148805015758322,0.6325069711557186,0.6148805015758322,0.6325069711557186,0.6148805015758322,0.6325069711557186,0.6148805015758322,0.6325069711557186,0.6148805015758322,0.6325069711557186,0.27285359015757515,0.27323364774090153,0.27285359015757515,0.27323364774090153,0.27285359015757515,0.27323364774090153,0.6148805015758322,0.6325069711557186,0.6148805015758322,0.6325069711557186,0.6148805015758322,0.6325069711557186
0.634,0.634,0.290961502696671,0.634,0.588,0.588,0.1923120655246638,0.588,0.6412243253065555,0.6528750224711484,0.6412243253065555,0.6528750224711484,0.6412243253065555,0.6528750224711484,0.6412243253065555,0.6528750224711484,0.6412243253065555,0.6528750224711484,0.6412243253065555,0.6528750224711484,0.298994218987034,0.32030051236197277,0.298994218987034,0.32030051236197277,0.298994218987034,0.32030051236197277,0.6412243253065555,0.6528750224711484,0.6412243253065555,0.6528750224711484,0.6412243253065555,0.6528750224711484
0.607,0.607,0.238897194958517,0.607,0.586,0.586,0.1951444268611799,0.586,0.6335549427081751,0.6520074252757458,0.6335549427081751,0.6520074252757458,0.6335549427081751,0.6520074252757458,0.6335549427081751,0.6520074252757458,0.6335549427081751,0.6520074252757458,0.6335549427081751,0.6520074252757458,0.2900795938105272,0.3089542571006841,0.2900795938105272,0.3089542571006841,0.2900795938105272,0.3089542571006841,0.6335549427081751,0.6520074252757458,0.6335549427081751,0.6520074252757458,0.6335549427081751,0.6520074252757458
0.589,0.589,0.2075122440322394,0.589,0.595,0.595,0.2075294485970334,0.595,0.6263600960117743,0.6348933675263639,0.6263600960117743,0.6348933675263639,0.6263600960117743,0.6348933675263639,0.6263600960117743,0.6348933675263639,0.6263600960117743,0.6348933675263639,0.6263600960117743,0.6348933675263639,0.274677356354483,0.27092535415308566,0.274677356354483,0.27092535415308566,0.274677356354483,0.27092535415308566,0.6263600960117743,0.6348933675263639,0.6263600960117743,0.6348933675263639,0.6263600960117743,0.6348933675263639
0.57,0.57,0.1721248666735978,0.57,0.614,0.614,0.2396156316115028,0.614,0.5984767727290528,0.5950732631244899,0.5984767727290528,0.5950732631244899,0.5984767727290528,0.5950732631244899,0.5984767727290528,0.5950732631244899,0.5984767727290528,0.5950732631244899,0.5984767727290528,0.5950732631244899,0.22121477577653134,0.21032731408057564,0.22121477577653134,0.21032731408057564,0.22121477577653134,0.21032731408057564,0.5984767727290528,0.5950732631244899,0.5984767727290528,0.5950732631244899,0.5984767727290528,0.5950732631244899
0.58,0.58,0.1904644421143527,0.58,0.616,0.616,0.2416612358552047,0.616,0.5911493298429308,0.5841369530581215,0.5911493298429308,0.5841369530581215,0.5911493298429308,0.5841369530581215,0.5911493298429308,0.5841369530581215,0.5911493298429308,0.5841369530581215,0.5911493298429308,0.5841369530581215,0.224855318368838,0.21599518130029358,0.224855318368838,0.21599518130029358,0.224855318368838,0.21599518130029358,0.5911493298429308,0.5841369530581215,0.5911493298429308,0.5841369530581215,0.5911493298429308,0.5841369530581215
0.596,0.596,0.223778507887102,0.596,0.621,0.621,0.2572414063418649,0.621,0.5940114821809238,0.5921249160575465,0.5940114821809238,0.5921249160575465,0.5940114821809238,0.5921249160575465,0.5940114821809238,0.5921249160575465,0.5940114821809238,0.5921249160575465,0.5940114821809238,0.5921249160575465,0.2106953839894319,0.20026126724071486,0.2106953839894319,0.20026126724071486,0.2106953839894319,0.20026126724071486,0.5940114821809238,0.5921249160575465,0.5940114821809238,0.5921249160575465,0.5940114821809238,0.5921249160575465
0.606,0.606,0.242403848742275,0.606,0.624,0.624,0.2695965686579226,0.624,0.5948076630707595,0.5905249278363796,0.5948076630707595,0.5905249278363796,0.5948076630707595,0.5905249278363796,0.5948076630707595,0.5905249278363796,0.5948076630707595,0.5905249278363796,0.5948076630707595,0.5905249278363796,0.20931838461645358,0.19854266838946086,0.20931838461645358,0.19854266838946086,0.20931838461645358,0.19854266838946086,0.5948076630707595,0.5905249278363796,0.5948076630707595,0.5905249278363796,0.5948076630707595,0.5905249278363796
0.605,0.605,0.2449151246367946,0.605,0.634,0.634,0.290961502696671,0.634,0.5966492986693237,0.5956758997533913,0.5966492986693237,0.5956758997533913,0.5966492986693237,0.5956758997533913,0.5966492986693237,0.5956758997533913,0.5966492986693237,0.5956758997533913,0.5966492986693237,0.5956758997533913,0.24098519236534385,0.24501635883692863,0.24098519236534385,0.24501635883692863,0.24098519236534385,0.24501635883692863,0.5966492986693237,0.5956758997533913,0.5966492986693237,0.5956758997533913,0.5966492986693237,0.5956758997533913
0.599,0.599,0.238198729444664,0.599,0.607,0.607,0.238897194958517,0.607,0.6052409342750845,0.6053197085997004,0.6052409342750845,0.6053197085997004,0.6052409342750845,0.6053197085997004,0.6052409342750845,0.6053197085997004,0.6052409342750845,0.6053197085997004,0.6052409342750845,0.6053197085997004,0.2452364413281038,0.2504195578490946,0.2452364413281038,0.2504195578490946,0.2452364413281038,0.2504195578490946,0.6052409342750845,0.6053197085997004,0.6052409342750845,0.6053197085997004,0.6052409342750845,0.6053197085997004
0.602,0.602,0.2392471987858538,0.602,0.589,0.589,0.2075122440322394,0.589,0.6033443937593804,0.6011604858990099,0.6033443937593804,0.6011604858990099,0.6033443937593804,0.6011604858990099,0.6033443937593804,0.6011604858990099,0.6033443937593804,0.6011604858990099,0.6033443937593804,0.6011604858990099,0.2466865460227312,0.24484684496383305,0.2466865460227312,0.24484684496383305,0.2466865460227312,0.24484684496383305,0.6033443937593804,0.6011604858990099,0.6033443937593804,0.6011604858990099,0.6033443937593804,0.6011604858990099
0.615,0.615,0.2611952900719998,0.615,0.57,0.57,0.1721248666735978,0.57,0.5986086680842048,0.5956429207741392,0.5986086680842048,0.5956429207741392,0.5986086680842048,0.5956429207741392,0.5986086680842048,0.5956429207741392,0.5986086680842048,0.5956429207741392,0.5986086680842048,0.5956429207741392,0.23861102698181083,0.24069359479471705,0.23861102698181083,0.24069359479471705,0.23861102698181083,0.24069359479471705,0.5986086680842048,0.5956429207741392,0.5986086680842048,0.5956429207741392,0.5986086680842048,0.5956429207741392
0.597,0.597,0.231268121471082,0.597,0.58,0.58,0.1904644421143527,0.58,0.5799037594678484,0.5811556282919345,0.5799037594678484,0.5811556282919345,0.5799037594678484,0.5811556282919345,0.5799037594678484,0.5811556282919345,0.5799037594678484,0.5811556282919345,0.5799037594678484,0.5811556282919345,0.20516905796487336,0.21542551715699243,0.20516905796487336,0.21542551715699243,0.20516905796487336,0.21542551715699243,0.5799037594678484,0.5811556282919345,0.5799037594678484,0.5811556282919345,0.5799037594678484,0.5811556282919345
0.619,0.619,0.2710533565984021,0.619,0.596,0.596,0.223778507887102,0.596,0.5798779942080353,0.5806523788611339,0.5798779942080353,0.5806523788611339,0.5798779942080353,0.5806523788611339,0.5798779942080353,0.5806523788611339,0.5798779942080353,0.5806523788611339,0.5798779942080353,0.5806523788611339,0.20204807367683505,0.18109948373563564,0.20204807367683505,0.18109948373563564,0.20204807367683505,0.18109948373563564,0.5798779942080353,0.5806523788611339,0.5798779942080353,0.5806523788611339,0.5798779942080353,0.5806523788611339
0.611,0.611,0.2582281377521833,0.611,0.606,0.606,0.242403848742275,0.606,0.5556225112784668,0.5597379855516929,0.5556225112784668,0.5597379855516929,0.5556225112784668,0.5597379855516929,0.5556225112784668,0.5597379855516929,0.5556225112784668,0.5597379855516929,0.5556225112784668,0.5597379855516929,0.17491687311110893,0.1780512547082105,0.17491687311110893,0.1780512547082105,0.17491687311110893,0.1780512547082105,0.5556225112784668,0.5597379855516929,0.5556225112784668,0.5597379855516929,0.5556225112784668,0.5597379855516929
0.621,0.621,0.2784086149253276,0.621,0.605,0.605,0.2449151246367946,0.605,0.5539829685369486,0.5621007398131685,0.5539829685369486,0.5621007398131685,0.5539829685369486,0.5621007398131685,0.5539829685369486,0.5621007398131685,0.5539829685369486,0.5621007398131685,0.5539829685369486,0.5621007398131685,0.15778276909988984,0.16762689403758535,0.15778276909988984,0.16762689403758535,0.15778276909988984,0.16762689403758535,0.5539829685369486,0.5621007398131685,0.5539829685369486,0.5621007398131685,0.5539829685369486,0.5621007398131685
0.623,0.623,0.2821782178217822,0.623,0.599,0.599,0.238198729444664,0.599,0.5617448699430689,0.5693121274706161,0.5617448699430689,0.5693121274706161,0.5617448699430689,0.5693121274706161,0.5617448699430689,0.5693121274706161,0.5617448699430689,0.5693121274706161,0.5617448699430689,0.5693121274706161,0.16768587662034481,0.16721429296164317,0.16768587662034481,0.16721429296164317,0.16768587662034481,0.16721429296164317,0.5617448699430689,0.5693121274706161,0.5617448699430689,0.5693121274706161,0.5617448699430689,0.5693121274706161
0.623,0.623,0.2804080105667407,0.623,0.602,0.602,0.2392471987858538,0.602,0.5595035338199944,0.5723101946231379,0.5595035338199944,0.5723101946231379,0.5595035338199944,0.5723101946231379,0.5595035338199944,0.5723101946231379,0.5595035338199944,0.5723101946231379,0.5595035338199944,0.5723101946231379,0.16921797409683453,0.17397503932668215,0.16921797409683453,0.17397503932668215,0.16921797409683453,0.17397503932668215,0.5595035338199944,0.5723101946231379,0.5595035338199944,0.5723101946231379,0.5595035338199944,0.5723101946231379
0.618,0.618,0.2663214664351674,0.618,0.615,0.615,0.2611952900719998,0.615,0.569178771204902,0.5701865734190876,0.569178771204902,0.5701865734190876,0.569178771204902,0.5701865734190876,0.569178771204902,0.5701865734190876,0.569178771204902,0.5701865734190876,0.569178771204902,0.5701865734190876,0.18070560701896832,0.17958047746942132,0.18070560701896832,0.17958047746942132,0.18070560701896832,0.17958047746942132,0.569178771204902,0.5701865734190876,0.569178771204902,0.5701865734190876,0.569178771204902,0.5701865734190876
0.613,0.613,0.2517922186390738,0.613,0.597,0.597,0.231268121471082,0.597,0.5621535411007039,0.5661681878045993,0.5621535411007039,0.5661681878045993,0.5621535411007039,0.5661681878045993,0.5621535411007039,0.5661681878045993,0.5621535411007039,0.5661681878045993,0.5621535411007039,0.5661681878045993,0.1759178821493685,0.18153240287905578,0.1759178821493685,0.18153240287905578,0.1759178821493685,0.18153240287905578,0.5621535411007039,0.5661681878045993,0.5621535411007039,0.5661681878045993,0.5621535411007039,0.5661681878045993
0.613,0.613,0.2537255869920706,0.613,0.619,0.619,0.2710533565984021,0.619,0.5762739593749947,0.5706292567089675,0.5762739593749947,0.5706292567089675,0.5762739593749947,0.5706292567089675,0.5762739593749947,0.5706292567089675,0.5762739593749947,0.5706292567089675,0.5762739593749947,0.5706292567089675,0.18542305072975104,0.19120260972575132,0.18542305072975104,0.19120260972575132,0.18542305072975104,0.19120260972575132,0.5762739593749947,0.5706292567089675,0.5762739593749947,0.5706292567089675,0.5762739593749947,0.5706292567089675
0.627,0.627,0.2865285885890481,0.627,0.611,0.611,0.2582281377521833,0.611,0.5858230665404284,0.5807773805811968,0.5858230665404284,0.5807773805811968,0.5858230665404284,0.5807773805811968,0.5858230665404284,0.5807773805811968,0.5858230665404284,0.5807773805811968,0.5858230665404284,0.5807773805811968,0.18475205262180908,0.19454401643641872,0.18475205262180908,0.19454401643641872,0.18475205262180908,0.19454401643641872,0.5858230665404284,0.5807773805811968,0.5858230665404284,0.5807773805811968,0.5858230665404284,0.5807773805811968
0.653,0.653,0.3287681832250078,0.653,0.621,0.621,0.2784086149253276,0.621,0.5592685762067744,0.5729816748242357,0.5592685762067744,0.5729816748242357,0.5592685762067744,0.5729816748242357,0.5592685762067744,0.5729816748242357,0.5592685762067744,0.5729816748242357,0.5592685762067744,0.5729816748242357,0.1790099263307982,0.18883055396387313,0.1790099263307982,0.18883055396387313,0.1790099263307982,0.18883055396387313,0.5592685762067744,0.5729816748242357,0.5592685762067744,0.5729816748242357,0.5592685762067744,0.5729816748242357
0.653,0.653,0.3252440399797768,0.653,0.623,0.623,0.2821782178217822,0.623,0.5742372782688955,0.5759075551794642,0.5742372782688955,0.5759075551794642,0.5742372782688955,0.5759075551794642,0.5742372782688955,0.5759075551794642,0.5742372782688955,0.5759075551794642,0.5742372782688955,0.5759075551794642,0.1712420839003851,0.17818399002340832,0.1712420839003851,0.17818399002340832,0.1712420839003851,0.17818399002340832,0.5742372782688955,0.5759075551794642,0.5742372782688955,0.5759075551794642,0.5742372782688955,0.5759075551794642
0.635,0.635,0.3004231960501702,0.635,0.623,0.623,0.2804080105667407,0.623,0.5720822504285175,0.5933118920641668,0.5720822504285175,0.5933118920641668,0.5720822504285175,0.5933118920641668,0.5720822504285175,0.5933118920641668,0.5720822504285175,0.5933118920641668,0.5720822504285175,0.5933118920641668,0.18796015610387612,0.18858213524550016,0.18796015610387612,0.18858213524550016,0.18796015610387612,0.18858213524550016,0.5720822504285175,0.5933118920641668,0.5720822504285175,0.5933118920641668,0.5720822504285175,0.5933118920641668
0.623,0.623,0.2852972177777103,0.623,0.618,0.618,0.2663214664351674,0.618,0.5672105943427187,0.5798537347559837,0.5672105943427187,0.5798537347559837,0.5672105943427187,0.5798537347559837,0.5672105943427187,0.5798537347559837,0.5672105943427187,0.5798537347559837,0.5672105943427187,0.5798537347559837,0.19573235536944403,0.19449088382015653,0.19573235536944403,0.19449088382015653,0.19573235536944403,0.19449088382015653,0.5672105943427187,0.5798537347559837,0.5672105943427187,0.5798537347559837,0.5672105943427187,0.5798537347559837
0.61,0.61,0.2731610041560282,0.61,0.613,0.613,0.2517922186390738,0.613,0.5591897953750213,0.5595745191699826,0.5591897953750213,0.5595745191699826,0.5591897953750213,0.5595745191699826,0.5591897953750213,0.5595745191699826,0.5591897953750213,0.5595745191699826,0.5591897953750213,0.5595745191699826,0.1623575436373078,0.169615972813961,0.1623575436373078,0.169615972813961,0.1623575436373078,0.169615972813961,0.5591897953750213,0.5595745191699826,0.5591897953750213,0.5595745191699826,0.5591897953750213,0.5595745191699826
0.615,0.615,0.274914684766805,0.615,0.613,0.613,0.2537255869920706,0.613,0.5508252719532353,0.5521430315378789,0.5508252719532353,0.5521430315378789,0.5508252719532353,0.5521430315378789,0.5508252719532353,0.5521430315378789,0.5508252719532353,0.5521430315378789,0.5508252719532353,0.5521430315378789,0.1593264548384383,0.16434943452373268,0.1593264548384383,0.16434943452373268,0.1593264548384383,0.16434943452373268,0.5508252719532353,0.5521430315378789,0.5508252719532353,0.5521430315378789,0.5508252719532353,0.5521430315378789
0.637,0.637,0.3041071099932518,0.637,0.627,0.627,0.2865285885890481,0.627,0.5459825012157399,0.5530507708498014,0.5459825012157399,0.5530507708498014,0.5459825012157399,0.5530507708498014,0.5459825012157399,0.5530507708498014,0.5459825012157399,0.5530507708498014,0.5459825012157399,0.5530507708498014,0.14088623953033771,0.14237744903801497,0.14088623953033771,0.14237744903801497,0.14088623953033771,0.14237744903801497,0.5459825012157399,0.5530507708498014,0.5459825012157399,0.5530507708498014,0.5459825012157399,0.5530507708498014
0.659,0.659,0.3392753342375508,0.659,0.653,0.653,0.3287681832250078,0.653,0.554925914469806,0.5452361399406249,0.554925914469806,0.5452361399406249,0.554925914469806,0.5452361399406249,0.554925914469806,0.5452361399406249,0.554925914469806,0.5452361399406249,0.554925914469806,0.5452361399406249,0.1353792684637005,0.1433153673089997,0.1353792684637005,0.1433153673089997,0.1353792684637005,0.1433153673089997,0.554925914469806,0.5452361399406249,0.554925914469806,0.5452361399406249,0.554925914469806,0.5452361399406249
0.641,0.641,0.3084130873672692,0.641,0.653,0.653,0.3252440399797768,0.653,0.5761846573913963,0.5652726253010084,0.5761846573913963,0.5652726253010084,0.5761846573913963,0.5652726253010084,0.5761846573913963,0.5652726253010084,0.5761846573913963,0.5652726253010084,0.5761846573913963,0.5652726253010084,0.16654212224605966,0.17101041894197713,0.16654212224605966,0.17101041894197713,0.16654212224605966,0.17101041894197713,0.5761846573913963,0.5652726253010084,0.5761846573913963,0.5652726253010084,0.5761846573913963,0.5652726253010084
0.607,0.607,0.2358070111303833,0.607,0.635,0.635,0.3004231960501702,0.635,0.5608705059546961,0.5676093327157042,0.5608705059546961,0.5676093327157042,0.5608705059546961,0.5676093327157042,0.5608705059546961,0.5676093327157042,0.5608705059546961,0.5676093327157042,0.5608705059546961,0.5676093327157042,0.167280863162178,0.17870310871574963,0.167280863162178,0.17870310871574963,0.167280863162178,0.17870310871574963,0.5608705059546961,0.5676093327157042,0.5608705059546961,0.5676093327157042,0.5608705059546961,0.5676093327157042
0.603,0.603,0.1918739567642389,0.603,0.623,0.623,0.2852972177777103,0.623,0.5692385398475767,0.5827023900241478,0.5692385398475767,0.5827023900241478,0.5692385398475767,0.5827023900241478,0.5692385398475767,0.5827023900241478,0.5692385398475767,0.5827023900241478,0.5692385398475767,0.5827023900241478,0.13852529583210083,0.15524366118306404,0.13852529583210083,0.15524366118306404,0.13852529583210083,0.15524366118306404,0.5692385398475767,0.5827023900241478,0.5692385398475767,0.5827023900241478,0.5692385398475767,0.5827023900241478
0.629,0.629,0.1196263988685657,0.629,0.61,0.61,0.2731610041560282,0.61,0.6094268828879941,0.6049946544382174,0.6094268828879941,0.6049946544382174,0.6094268828879941,0.6049946544382174,0.6094268828879941,0.6049946544382174,0.6094268828879941,0.6049946544382174,0.6094268828879941,0.6049946544382174,0.06260478486361908,0.14254048100354094,0.06260478486361908,0.14254048100354094,0.06260478486361908,0.14254048100354094,0.6094268828879941,0.6049946544382174,0.6094268828879941,0.6049946544382174,0.6094268828879941,0.6049946544382174
0.673,0.673,0.0751948595540571,0.673,0.615,0.615,0.274914684766805,0.615,0.610479236566157,0.6104796650721985,0.610479236566157,0.6104796650721985,0.610479236566157,0.6104796650721985,0.610479236566157,0.6104796650721985,0.610479236566157,0.6104796650721985,0.610479236566157,0.6104796650721985,0.052205808442941835,0.05278204479163707,0.052205808442941835,0.05278204479163707,0.052205808442941835,0.05278204479163707,0.610479236566157,0.6104796650721985,0.610479236566157,0.6104796650721985,0.610479236566157,0.6104796650721985
0.712,0.712,0.0,0.712,0.637,0.637,0.3041071099932518,0.637,0.6067372909750113,0.6340004192198088,0.6067372909750113,0.6340004192198088,0.6067372909750113,0.6340004192198088,0.6067372909750113,0.6340004192198088,0.6067372909750113,0.6340004192198088,0.6067372909750113,0.6340004192198088,0.007546264485215713,0.017982562141822898,0.007546264485215713,0.017982562141822898,0.007546264485215713,0.017982562141822898,0.6067372909750113,0.6340004192198088,0.6067372909750113,0.6340004192198088,0.6067372909750113,0.6340004192198088
0.685,0.685,0.0085984414538037,0.685,0.659,0.659,0.3392753342375508,0.659,0.6126414055785985,0.6193304839273485,0.6126414055785985,0.6193304839273485,0.6126414055785985,0.6193304839273485,0.6126414055785985,0.6193304839273485,0.6126414055785985,0.6193304839273485,0.6126414055785985,0.6193304839273485,0.013607517869192164,0.02295873862387547,0.013607517869192164,0.02295873862387547,0.013607517869192164,0.02295873862387547,0.6126414055785985,0.6193304839273485,0.6126414055785985,0.6193304839273485,0.6126414055785985,0.6193304839273485
0.669,0.669,0.0253468705095284,0.669,0.641,0.641,0.3084130873672692,0.641,0.5877737374000424,0.6079187330068045,0.5877737374000424,0.6079187330068045,0.5877737374000424,0.6079187330068045,0.5877737374000424,0.6079187330068045,0.5877737374000424,0.6079187330068045,0.5877737374000424,0.6079187330068045,0.013383313787122852,0.023769889934638414,0.013383313787122852,0.023769889934638414,0.013383313787122852,0.023769889934638414,0.5877737374000424,0.6079187330068045,0.5877737374000424,0.6079187330068045,0.5877737374000424,0.6079187330068045
0.654,0.654,0.0368984790789853,0.654,0.607,0.607,0.2358070111303833,0.607,0.5776719022585766,0.5913711196527458,0.5776719022585766,0.5913711196527458,0.5776719022585766,0.5913711196527458,0.5776719022585766,0.5913711196527458,0.5776719022585766,0.5913711196527458,0.5776719022585766,0.5913711196527458,0.012651599076149808,0.03014711698718195,0.012651599076149808,0.03014711698718195,0.012651599076149808,0.03014711698718195,0.5776719022585766,0.5913711196527458,0.5776719022585766,0.5913711196527458,0.5776719022585766,0.5913711196527458
0.649,0.649,0.0316386549985101,0.649,0.603,0.603,0.1918739567642389,0.603,0.5737705957121408,0.5767831901542099,0.5737705957121408,0.5767831901542099,0.5737705957121408,0.5767831901542099,0.5737705957121408,0.5767831901542099,0.5737705957121408,0.5767831901542099,0.5737705957121408,0.5767831901542099,0.02668540359816265,0.031344848878447865,0.02668540359816265,0.031344848878447865,0.02668540359816265,0.031344848878447865,0.5737705957121408,0.5767831901542099,0.5737705957121408,0.5767831901542099,0.5737705957121408,0.5767831901542099
0.63,0.63,0.0400182655984058,0.63,0.629,0.629,0.1196263988685657,0.629,0.5623789103098169,0.565165126327694,0.5623789103098169,0.565165126327694,0.5623789103098169,0.565165126327694,0.5623789103098169,0.565165126327694,0.5623789103098169,0.565165126327694,0.5623789103098169,0.565165126327694,0.028887444527093183,0.026394136771517824,0.028887444527093183,0.026394136771517824,0.028887444527093183,0.026394136771517824,0.5623789103098169,0.565165126327694,0.5623789103098169,0.565165126327694,0.5623789103098169,0.565165126327694
0.624,0.624,0.0320205541167444,0.624,0.673,0.673,0.0751948595540571,0.673,0.5593555366641828,0.5680812822198389,0.5593555366641828,0.5680812822198389,0.5593555366641828,0.5680812822198389,0.5593555366641828,0.5680812822198389,0.5593555366641828,0.5680812822198389,0.5593555366641828,0.5680812822198389,0.03124289996976607,0.041262816730872634,0.03124289996976607,0.041262816730872634,0.03124289996976607,0.041262816730872634,0.5593555366641828,0.5680812822198389,0.5593555366641828,0.5680812822198389,0.5593555366641828,0.5680812822198389
0.6,0.6,0.0243378913014843,0.6,0.712,0.712,0.0,0.712,0.5635588462885205,0.5795063146910311,0.5635588462885205,0.5795063146910311,0.5635588462885205,0.5795063146910311,0.5635588462885205,0.5795063146910311,0.5635588462885205,0.5795063146910311,0.5635588462885205,0.5795063146910311,0.03120102522865506,0.05803055535211832,0.03120102522865506,0.05803055535211832,0.03120102522865506,0.05803055535211832,0.5635588462885205,0.5795063146910311,0.5635588462885205,0.5795063146910311,0.5635588462885205,0.5795063146910311
0.603,0.603,0.0743676788778631,0.603,0.685,0.685,0.0085984414538037,0.685,0.5652847041396107,0.5784646439927402,0.5652847041396107,0.5784646439927402,0.5652847041396107,0.5784646439927402,0.5652847041396107,0.5784646439927402,0.5652847041396107,0.5784646439927402,0.5652847041396107,0.5784646439927402,0.07375454988145529,0.08666395505783696,0.07375454988145529,0.08666395505783696,0.07375454988145529,0.08666395505783696,0.5652847041396107,0.5784646439927402,0.5652847041396107,0.5784646439927402,0.5652847041396107,0.5784646439927402
0.595,0.595,0.1157900252381908,0.595,0.669,0.669,0.0253468705095284,0.669,0.5905050743022355,0.5916879448753787,0.5905050743022355,0.5916879448753787,0.5905050743022355,0.5916879448753787,0.5905050743022355,0.5916879448753787,0.5905050743022355,0.5916879448753787,0.5905050743022355,0.5916879448753787,0.14316200276549126,0.18601655944413276,0.14316200276549126,0.18601655944413276,0.14316200276549126,0.18601655944413276,0.5905050743022355,0.5916879448753787,0.5905050743022355,0.5916879448753787,0.5905050743022355,0.5916879448753787
0.587,0.587,0.1470255355357835,0.587,0.654,0.654,0.0368984790789853,0.654,0.5808430265271433,0.5901458575226345,0.5808430265271433,0.5901458575226345,0.5808430265271433,0.5901458575226345,0.5808430265271433,0.5901458575226345,0.5808430265271433,0.5901458575226345,0.5808430265271433,0.5901458575226345,0.18582397238742662,0.19875215813720531,0.18582397238742662,0.19875215813720531,0.18582397238742662,0.19875215813720531,0.5808430265271433,0.5901458575226345,0.5808430265271433,0.5901458575226345,0.5808430265271433,0.5901458575226345
0.59,0.59,0.1733837636442082,0.59,0.649,0.649,0.0316386549985101,0.649,0.5906194198621911,0.5885144693078996,0.5906194198621911,0.5885144693078996,0.5906194198621911,0.5885144693078996,0.5906194198621911,0.5885144693078996,0.5906194198621911,0.5885144693078996,0.5906194198621911,0.5885144693078996,0.20493788611303207,0.20554531485501565,0.20493788611303207,0.20554531485501565,0.20493788611303207,0.20554531485501565,0.5906194198621911,0.5885144693078996,0.5906194198621911,0.5885144693078996,0.5906194198621911,0.5885144693078996
0.579,0.579,0.1465501163611006,0.579,0.63,0.63,0.0400182655984058,0.63,0.5957055539112364,0.5818054890396621,0.5957055539112364,0.5818054890396621,0.5957055539112364,0.5818054890396621,0.5957055539112364,0.5818054890396621,0.5957055539112364,0.5818054890396621,0.5957055539112364,0.5818054890396621,0.19574105070567097,0.21043692231661698,0.19574105070567097,0.21043692231661698,0.19574105070567097,0.21043692231661698,0.5957055539112364,0.5818054890396621,0.5957055539112364,0.5818054890396621,0.5957055539112364,0.5818054890396621
0.589,0.589,0.170320486422325,0.589,0.624,0.624,0.0320205541167444,0.624,0.5967868179457533,0.5899950236908843,0.5967868179457533,0.5899950236908843,0.5967868179457533,0.5899950236908843,0.5967868179457533,0.5899950236908843,0.5967868179457533,0.5899950236908843,0.5967868179457533,0.5899950236908843,0.21278406638967629,0.2191059008842682,0.21278406638967629,0.2191059008842682,0.21278406638967629,0.2191059008842682,0.5967868179457533,0.5899950236908843,0.5967868179457533,0.5899950236908843,0.5967868179457533,0.5899950236908843
0.588,0.588,0.1666396970775753,0.588,0.6,0.6,0.0243378913014843,0.6,0.6011630147124967,0.6230861502656815,0.6011630147124967,0.6230861502656815,0.6011630147124967,0.6230861502656815,0.6011630147124967,0.6230861502656815,0.6011630147124967,0.6230861502656815,0.6011630147124967,0.6230861502656815,0.2270984536624413,0.24614522600200664,0.2270984536624413,0.24614522600200664,0.2270984536624413,0.24614522600200664,0.6011630147124967,0.6230861502656815,0.6011630147124967,0.6230861502656815,0.6011630147124967,0.6230861502656815
0.577,0.577,0.1560861550247787,0.577,0.603,0.603,0.0743676788778631,0.603,0.607070109412267,0.6243496946642485,0.607070109412267,0.6243496946642485,0.607070109412267,0.6243496946642485,0.607070109412267,0.6243496946642485,0.607070109412267,0.6243496946642485,0.607070109412267,0.6243496946642485,0.25296763083809487,0.2584249518761617,0.25296763083809487,0.2584249518761617,0.25296763083809487,0.2584249518761617,0.607070109412267,0.6243496946642485,0.607070109412267,0.6243496946642485,0.607070109412267,0.6243496946642485
0.574,0.574,0.153848598487256,0.574,0.595,0.595,0.1157900252381908,0.595,0.6177794791173201,0.6155147566954918,0.6177794791173201,0.6155147566954918,0.6177794791173201,0.6155147566954918,0.6177794791173201,0.6155147566954918,0.6177794791173201,0.6155147566954918,0.6177794791173201,0.6155147566954918,0.25155603655596265,0.2541448880800741,0.25155603655596265,0.2541448880800741,0.25155603655596265,0.2541448880800741,0.6177794791173201,0.6155147566954918,0.6177794791173201,0.6155147566954918,0.6177794791173201,0.6155147566954918
0.586,0.586,0.1781539829754796,0.586,0.587,0.587,0.1470255355357835,0.587,0.6149852360467005,0.6303180124769776,0.6149852360467005,0.6303180124769776,0.6149852360467005,0.6303180124769776,0.6149852360467005,0.6303180124769776,0.6149852360467005,0.6303180124769776,0.6149852360467005,0.6303180124769776,0.23051096009578417,0.23101977057851228,0.23051096009578417,0.23101977057851228,0.23051096009578417,0.23101977057851228,0.6149852360467005,0.6303180124769776,0.6149852360467005,0.6303180124769776,0.6149852360467005,0.6303180124769776
0.6,0.6,0.2062736133600025,0.6,0.59,0.59,0.1733837636442082,0.59,0.6092307879452402,0.6081257132963677,0.6092307879452402,0.6081257132963677,0.6092307879452402,0.6081257132963677,0.6092307879452402,0.6081257132963677,0.6092307879452402,0.6081257132963677,0.6092307879452402,0.6081257132963677,0.22960496027920496,0.23406661832660366,0.22960496027920496,0.23406661832660366,0.22960496027920496,0.23406661832660366,0.6092307879452402,0.6081257132963677,0.6092307879452402,0.6081257132963677,0.6092307879452402,0.6081257132963677
0.605,0.605,0.2179704452222943,0.605,0.579,0.579,0.1465501163611006,0.579,0.6230476171863258,0.6174026953999361,0.6230476171863258,0.6174026953999361,0.6230476171863258,0.6174026953999361,0.6230476171863258,0.6174026953999361,0.6230476171863258,0.6174026953999361,0.6230476171863258,0.6174026953999361,0.21357961627753372,0.21695046435088738,0.21357961627753372,0.21695046435088738,0.21357961627753372,0.21695046435088738,0.6230476171863258,0.6174026953999361,0.6230476171863258,0.6174026953999361,0.6230476171863258,0.6174026953999361
0.613,0.613,0.2334690773106846,0.613,0.589,0.589,0.170320486422325,0.589,0.6123360029425534,0.6192467383399238,0.6123360029425534,0.6192467383399238,0.6123360029425534,0.6192467383399238,0.6123360029425534,0.6192467383399238,0.6123360029425534,0.6192467383399238,0.6123360029425534,0.6192467383399238,0.2224915354621601,0.2140927527966102,0.2224915354621601,0.2140927527966102,0.2224915354621601,0.2140927527966102,0.6123360029425534,0.6192467383399238,0.6123360029425534,0.6192467383399238,0.6123360029425534,0.6192467383399238
0.599,0.599,0.2041503262785197,0.599,0.588,0.588,0.1666396970775753,0.588,0.6073096429363947,0.6166763304317486,0.6073096429363947,0.6166763304317486,0.6073096429363947,0.6166763304317486,0.6073096429363947,0.6166763304317486,0.6073096429363947,0.6166763304317486,0.6073096429363947,0.6166763304317486,0.21047791495817975,0.21469128796532605,0.21047791495817975,0.21469128796532605,0.21047791495817975,0.21469128796532605,0.6073096429363947,0.6166763304317486,0.6073096429363947,0.6166763304317486,0.6073096429363947,0.6166763304317486
0.581,0.581,0.1625292814940957,0.581,0.577,0.577,0.1560861550247787,0.577,0.6114640518642488,0.618684461855246,0.6114640518642488,0.618684461855246,0.6114640518642488,0.618684461855246,0.6114640518642488,0.618684461855246,0.6114640518642488,0.618684461855246,0.6114640518642488,0.618684461855246,0.24089686073200373,0.2435667143151969,0.24089686073200373,0.2435667143151969,0.24089686073200373,0.2435667143151969,0.6114640518642488,0.618684461855246,0.6114640518642488,0.618684461855246,0.6114640518642488,0.618684461855246
0.588,0.588,0.1767902813299232,0.588,0.574,0.574,0.153848598487256,0.574,0.6216142937129829,0.6161393919527068,0.6216142937129829,0.6161393919527068,0.6216142937129829,0.6161393919527068,0.6216142937129829,0.6161393919527068,0.6216142937129829,0.6161393919527068,0.6216142937129829,0.6161393919527068,0.23853950962508094,0.25728987330888986,0.23853950962508094,0.25728987330888986,0.23853950962508094,0.25728987330888986,0.6216142937129829,0.6161393919527068,0.6216142937129829,0.6161393919527068,0.6216142937129829,0.6161393919527068
0.582,0.582,0.170256267741231,0.582,0.586,0.586,0.1781539829754796,0.586,0.6226980848121456,0.6259661818811257,0.6226980848121456,0.6259661818811257,0.6226980848121456,0.6259661818811257,0.6226980848121456,0.6259661818811257,0.6226980848121456,0.6259661818811257,0.6226980848121456,0.6259661818811257,0.24914019997080622,0.2569111151408098,0.24914019997080622,0.2569111151408098,0.24914019997080622,0.2569111151408098,0.6226980848121456,0.6259661818811257,0.6226980848121456,0.6259661818811257,0.6226980848121456,0.6259661818811257
0.579,0.579,0.176531338752709,0.579,0.6,0.6,0.2062736133600025,0.6,0.6268138084417456,0.627070094385714,0.6268138084417456,0.627070094385714,0.6268138084417456,0.627070094385714,0.6268138084417456,0.627070094385714,0.6268138084417456,0.627070094385714,0.6268138084417456,0.627070094385714,0.259410338474749,0.26360606743943804,0.259410338474749,0.26360606743943804,0.259410338474749,0.26360606743943804,0.6268138084417456,0.627070094385714,0.6268138084417456,0.627070094385714,0.6268138084417456,0.627070094385714
0.566,0.566,0.1528765112565925,0.566,0.605,0.605,0.2179704452222943,0.605,0.6188963906071442,0.6244520111661656,0.6188963906071442,0.6244520111661656,0.6188963906071442,0.6244520111661656,0.6188963906071442,0.6244520111661656,0.6188963906071442,0.6244520111661656,0.6188963906071442,0.6244520111661656,0.24464648198382485,0.25866943370918005,0.24464648198382485,0.25866943370918005,0.24464648198382485,0.25866943370918005,0.6188963906071442,0.6244520111661656,0.6188963906071442,0.6244520111661656,0.6188963906071442,0.6244520111661656
0.555,0.555,0.1332834727870487,0.555,0.613,0.613,0.2334690773106846,0.613,0.6022513156492342,0.6107042538919417,0.6022513156492342,0.6107042538919417,0.6022513156492342,0.6107042538919417,0.6022513156492342,0.6107042538919417,0.6022513156492342,0.6107042538919417,0.6022513156492342,0.6107042538919417,0.2259341873769878,0.22142925027093055,0.2259341873769878,0.22142925027093055,0.2259341873769878,0.22142925027093055,0.6022513156492342,0.6107042538919417,0.6022513156492342,0.6107042538919417,0.6022513156492342,0.6107042538919417
0.567,0.567,0.1540787859369994,0.567,0.599,0.599,0.2041503262785197,0.599,0.5990029418161037,0.5935369869114344,0.5990029418161037,0.5935369869114344,0.5990029418161037,0.5935369869114344,0.5990029418161037,0.5935369869114344,0.5990029418161037,0.5935369869114344,0.5990029418161037,0.5935369869114344,0.20986720241644505,0.20853634443880298,0.20986720241644505,0.20853634443880298,0.20986720241644505,0.20853634443880298,0.5990029418161037,0.5935369869114344,0.5990029418161037,0.5935369869114344,0.5990029418161037,0.5935369869114344
0.58,0.58,0.1798765128349326,0.58,0.581,0.581,0.1625292814940957,0.581,0.6025940111404067,0.5882442156270934,0.6025940111404067,0.5882442156270934,0.6025940111404067,0.5882442156270934,0.6025940111404067,0.5882442156270934,0.6025940111404067,0.5882442156270934,0.6025940111404067,0.5882442156270934,0.22079093813687414,0.21751722759374564,0.22079093813687414,0.21751722759374564,0.22079093813687414,0.21751722759374564,0.6025940111404067,0.5882442156270934,0.6025940111404067,0.5882442156270934,0.6025940111404067,0.5882442156270934
0.582,0.582,0.1841578283764741,0.582,0.588,0.588,0.1767902813299232,0.588,0.5862430224038406,0.576342895839317,0.5862430224038406,0.576342895839317,0.5862430224038406,0.576342895839317,0.5862430224038406,0.576342895839317,0.5862430224038406,0.576342895839317,0.5862430224038406,0.576342895839317,0.20763392653900722,0.19587110781024075,0.20763392653900722,0.19587110781024075,0.20763392653900722,0.19587110781024075,0.5862430224038406,0.576342895839317,0.5862430224038406,0.576342895839317,0.5862430224038406,0.576342895839317
0.57,0.57,0.1602218576673696,0.57,0.582,0.582,0.170256267741231,0.582,0.5860884870647743,0.5787257593704939,0.5860884870647743,0.5787257593704939,0.5860884870647743,0.5787257593704939,0.5860884870647743,0.5787257593704939,0.5860884870647743,0.5787257593704939,0.5860884870647743,0.5787257593704939,0.18635093429679372,0.1917194387415963,0.18635093429679372,0.1917194387415963,0.18635093429679372,0.1917194387415963,0.5860884870647743,0.5787257593704939,0.5860884870647743,0.5787257593704939,0.5860884870647743,0.5787257593704939
0.551,0.551,0.1307277106194484,0.551,0.579,0.579,0.176531338752709,0.579,0.5955851709542335,0.5905085182914283,0.5955851709542335,0.5905085182914283,0.5955851709542335,0.5905085182914283,0.5955851709542335,0.5905085182914283,0.5955851709542335,0.5905085182914283,0.5955851709542335,0.5905085182914283,0.21684246296666765,0.24048317363515617,0.21684246296666765,0.24048317363515617,0.21684246296666765,0.24048317363515617,0.5955851709542335,0.5905085182914283,0.5955851709542335,0.5905085182914283,0.5955851709542335,0.5905085182914283
0.557,0.557,0.1400863407665072,0.557,0.566,0.566,0.1528765112565925,0.566,0.5997992517660552,0.6015131342980771,0.5997992517660552,0.6015131342980771,0.5997992517660552,0.6015131342980771,0.5997992517660552,0.6015131342980771,0.5997992517660552,0.6015131342980771,0.5997992517660552,0.6015131342980771,0.23357267867562623,0.24224656298877367,0.23357267867562623,0.24224656298877367,0.23357267867562623,0.24224656298877367,0.5997992517660552,0.6015131342980771,0.5997992517660552,0.6015131342980771,0.5997992517660552,0.6015131342980771
0.577,0.577,0.1826402844334518,0.577,0.555,0.555,0.1332834727870487,0.555,0.5950925099590795,0.6002902734430584,0.5950925099590795,0.6002902734430584,0.5950925099590795,0.6002902734430584,0.5950925099590795,0.6002902734430584,0.5950925099590795,0.6002902734430584,0.5950925099590795,0.6002902734430584,0.2407274870744958,0.23696072586171213,0.2407274870744958,0.23696072586171213,0.2407274870744958,0.23696072586171213,0.5950925099590795,0.6002902734430584,0.5950925099590795,0.6002902734430584,0.5950925099590795,0.6002902734430584
0.549,0.549,0.12538591619219,0.549,0.567,0.567,0.1540787859369994,0.567,0.5995078327653549,0.5860802455927128,0.5995078327653549,0.5860802455927128,0.5995078327653549,0.5860802455927128,0.5995078327653549,0.5860802455927128,0.5995078327653549,0.5860802455927128,0.5995078327653549,0.5860802455927128,0.2316680061092947,0.2274969230787721,0.2316680061092947,0.2274969230787721,0.2316680061092947,0.2274969230787721,0.5995078327653549,0.5860802455927128,0.5995078327653549,0.5860802455927128,0.5995078327653549,0.5860802455927128
0.519,0.519,0.0651262954123162,0.519,0.58,0.58,0.1798765128349326,0.58,0.5834102723073155,0.5744142148641573,0.5834102723073155,0.5744142148641573,0.5834102723073155,0.5744142148641573,0.5834102723073155,0.5744142148641573,0.5834102723073155,0.5744142148641573,0.5834102723073155,0.5744142148641573,0.1958161835492322,0.17731212929580775,0.1958161835492322,0.17731212929580775,0.1958161835492322,0.17731212929580775,0.5834102723073155,0.5744142148641573,0.5834102723073155,0.5744142148641573,0.5834102723073155,0.5744142148641573
0.497,0.497,0.0164101120080095,0.497,0.582,0.582,0.1841578283764741,0.582,0.5544567988028486,0.5439696565556006,0.5544567988028486,0.5439696565556006,0.5544567988028486,0.5439696565556006,0.5544567988028486,0.5439696565556006,0.5544567988028486,0.5439696565556006,0.5544567988028486,0.5439696565556006,0.15467777554468753,0.15889853831351292,0.15467777554468753,0.15889853831351292,0.15467777554468753,0.15889853831351292,0.5544567988028486,0.5439696565556006,0.5544567988028486,0.5439696565556006,0.5544567988028486,0.5439696565556006
0.488,0.488,-0.0032330753404525,0.488,0.57,0.57,0.1602218576673696,0.57,0.55287154503445,0.5452866212371015,0.55287154503445,0.5452866212371015,0.55287154503445,0.5452866212371015,0.55287154503445,0.5452866212371015,0.55287154503445,0.5452866212371015,0.55287154503445,0.5452866212371015,0.16271167425494568,0.1709602062307951,0.16271167425494568,0.1709602062307951,0.16271167425494568,0.1709602062307951,0.55287154503445,0.5452866212371015,0.55287154503445,0.5452866212371015,0.55287154503445,0.5452866212371015
0.489,0.489,-0.0153877946810372,0.489,0.551,0.551,0.1307277106194484,0.551,0.5580816706299351,0.5491787093021901,0.5580816706299351,0.5491787093021901,0.5580816706299351,0.5491787093021901,0.5580816706299351,0.5491787093021901,0.5580816706299351,0.5491787093021901,0.5580816706299351,0.5491787093021901,0.1667584471094682,0.16616070427771562,0.1667584471094682,0.16616070427771562,0.1667584471094682,0.16616070427771562,0.5580816706299351,0.5491787093021901,0.5580816706299351,0.5491787093021901,0.5580816706299351,0.5491787093021901
0.479,0.479,-0.0461175185530247,0.479,0.557,0.557,0.1400863407665072,0.557,0.5632641473394852,0.5681478504218025,0.5632641473394852,0.5681478504218025,0.5632641473394852,0.5681478504218025,0.5632641473394852,0.5681478504218025,0.5632641473394852,0.5681478504218025,0.5632641473394852,0.5681478504218025,0.17433870788884184,0.1787395409921136,0.17433870788884184,0.1787395409921136,0.17433870788884184,0.1787395409921136,0.5632641473394852,0.5681478504218025,0.5632641473394852,0.5681478504218025,0.5632641473394852,0.5681478504218025
