#
# A fatal error has been detected by the Java Runtime Environment:
#
#  SIGSEGV (0xb) at pc=0x0000000000584df4, pid=230059, tid=230856
#
# JRE version: OpenJDK Runtime Environment (21.0.8+9) (build 21.0.8+9-Ubuntu-0ubuntu124.04.1)
# Java VM: OpenJDK 64-Bit Server VM (21.0.8+9-Ubuntu-0ubuntu124.04.1, mixed mode, sharing, tiered, compressed oops, compressed class ptrs, g1 gc, linux-amd64)
# Problematic frame:
# C  [python+0x184df4]  PyObject_RichCompareBool+0x44
#
# Core dump will be written. Default location: Core dumps may be processed with "/usr/share/apport/apport -p%p -s%s -c%c -d%d -P%P -u%u -g%g -F%F -- %E" (or dumping to /home/henriqueramos_qs/meta-learning-concept-drift/notebooks/core.230059)
#
# If you would like to submit a bug report, please visit:
#   https://bugs.launchpad.net/ubuntu/+source/openjdk-21
# The crash happened outside the Java Virtual Machine in native code.
# See problematic frame for where to report the bug.
#

---------------  S U M M A R Y ------------

Command Line: -Xmx8g -Xss10M 

Host: Intel(R) Xeon(R) Gold 5220R CPU @ 2.20GHz, 96 cores, 187G, Ubuntu 24.04.3 LTS
Time: Fri Sep 19 10:37:07 2025 -03 elapsed time: 121.969496 seconds (0d 0h 2m 1s)

---------------  T H R E A D  ---------------

Current thread (0x0000760450009110):  JavaThread "SIGTERM handler" daemon [_thread_in_native, id=230856, stack(0x0000760321600000,0x0000760322000000) (10240K)]

Stack: [0x0000760321600000,0x0000760322000000],  sp=0x0000760321ffe650,  free space=10233k
Native frames: (J=compiled Java code, j=interpreted, Vv=VM code, C=native code)
C  [python+0x184df4]  PyObject_RichCompareBool+0x44
C  [python+0x23545a]
C  [python+0xf9767]  PyErr_SetInterruptEx+0x32
j  org.jpype.JPypeSignal.interruptPy(I)V+0
j  org.jpype.JPypeSignal.lambda$getSignalHandler$0(ILjava/lang/Object;Ljava/lang/reflect/Method;[Ljava/lang/Object;)Ljava/lang/Object;+7
j  org.jpype.JPypeSignal$$Lambda+0x0000760468007870.invoke(Ljava/lang/Object;Ljava/lang/reflect/Method;[Ljava/lang/Object;)Ljava/lang/Object;+7
j  jdk.proxy2.$Proxy3.handle(Lsun/misc/Signal;)V+16 jdk.proxy2
j  sun.misc.Signal$InternalMiscHandler.handle(Ljdk/internal/misc/Signal;)V+8 jdk.unsupported@21.0.8
j  jdk.internal.misc.Signal$1.run()V+8 java.base@21.0.8
j  java.lang.Thread.runWith(Ljava/lang/Object;Ljava/lang/Runnable;)V+5 java.base@21.0.8
j  java.lang.Thread.run()V+19 java.base@21.0.8
v  ~StubRoutines::call_stub 0x00007604d11cfcc6
V  [libjvm.so+0x911e2a]  JavaCalls::call_helper(JavaValue*, methodHandle const&, JavaCallArguments*, JavaThread*)+0x2da
V  [libjvm.so+0x913612]  JavaCalls::call_virtual(JavaValue*, Handle, Klass*, Symbol*, Symbol*, JavaThread*)+0x1a2
V  [libjvm.so+0x9ef2e3]  thread_entry(JavaThread*, JavaThread*)+0x93
V  [libjvm.so+0x929f66]  JavaThread::thread_main_inner()+0x1e6
V  [libjvm.so+0xf8dba7]  Thread::call_run()+0xa7
V  [libjvm.so+0xd044d5]  thread_native_entry(Thread*)+0xd5
C  [libc.so.6+0x9caa4]
Java frames: (J=compiled Java code, j=interpreted, Vv=VM code)
j  org.jpype.JPypeSignal.interruptPy(I)V+0
j  org.jpype.JPypeSignal.lambda$getSignalHandler$0(ILjava/lang/Object;Ljava/lang/reflect/Method;[Ljava/lang/Object;)Ljava/lang/Object;+7
j  org.jpype.JPypeSignal$$Lambda+0x0000760468007870.invoke(Ljava/lang/Object;Ljava/lang/reflect/Method;[Ljava/lang/Object;)Ljava/lang/Object;+7
j  jdk.proxy2.$Proxy3.handle(Lsun/misc/Signal;)V+16 jdk.proxy2
j  sun.misc.Signal$InternalMiscHandler.handle(Ljdk/internal/misc/Signal;)V+8 jdk.unsupported@21.0.8
j  jdk.internal.misc.Signal$1.run()V+8 java.base@21.0.8
j  java.lang.Thread.runWith(Ljava/lang/Object;Ljava/lang/Runnable;)V+5 java.base@21.0.8
j  java.lang.Thread.run()V+19 java.base@21.0.8
v  ~StubRoutines::call_stub 0x00007604d11cfcc6

siginfo: si_signo: 11 (SIGSEGV), si_code: 1 (SEGV_MAPERR), si_addr: 0x0000000000000024

Registers:
RAX=0xfffffffffffffff8, RBX=0x0000000000000000, RCX=0x0000000000000003, RDX=0x0000000000000002
RSP=0x0000760321ffe650, RBP=0x0000760321ffe690, RSI=0x0000000000b37428, RDI=0x0000000000b37408
R8 =0x0000000000000004, R9 =0x0000000000000000, R10=0x00007604d11dba91, R11=0x00000006004c78b8
R12=0x0000000000b37428, R13=0x0000000000b37408, R14=0x0000000000000002, R15=0x0000760450009110
RIP=0x0000000000584df4, EFLAGS=0x0000000000010206, CSGSFS=0x002b000000000033, ERR=0x0000000000000004
  TRAPNO=0x000000000000000e

XMM[0]=0xffffffffffffffff 0xffffffff0000000e
XMM[1]=0x0000760450009860 0x0000760450009850
XMM[2]=0x0000760450009860 0x0000760450009850
XMM[3]=0x0000000000000000 0x0000000000750000
XMM[4]=0x000000000000014c 0x0000006000000005
XMM[5]=0x0000000000000000 0x0000760450009110
XMM[6]=0x0000000000000000 0x0000760450009110
XMM[7]=0x00007604e2ac4bf8 0x0000000000000004
XMM[8]=0x0000000000000000 0x0000000000000000
XMM[9]=0x6161616115190415 0x0f0e220d0e13150f
XMM[10]=0x0e22121204020220 0x050415081304090f
XMM[11]=0x0000000000000000 0x00007604e27c0420
XMM[12]=0x0000000000000000 0x0000000000000000
XMM[13]=0x0000000000000000 0x0000000000000000
XMM[14]=0x0000000000000000 0x0000000000000000
XMM[15]=0x0000000000000000 0x0000000000000000
  MXCSR=0x00001fa2


Register to memory mapping:

RAX=0xfffffffffffffff8 is an unknown value
RBX=0x0 is null
RCX=0x0000000000000003 is an unknown value
RDX=0x0000000000000002 is an unknown value
RSP=0x0000760321ffe650 is pointing into the stack for thread: 0x0000760450009110
RBP=0x0000760321ffe690 is pointing into the stack for thread: 0x0000760450009110
RSI=0x0000000000b37428: _PyRuntime+0x0000000000000ce8 in /home/henriqueramos_qs/meta-learning-concept-drift/.venv/bin/python at 0x0000000000400000
RDI=0x0000000000b37408: _PyRuntime+0x0000000000000cc8 in /home/henriqueramos_qs/meta-learning-concept-drift/.venv/bin/python at 0x0000000000400000
R8 =0x0000000000000004 is an unknown value
R9 =0x0 is null
R10=0x00007604d11dba91 is at code_begin+1009 in an Interpreter codelet
native method entry point (kind = native)  [0x00007604d11db6a0, 0x00007604d11dc210]  2928 bytes
R11=0x00000006004c78b8 is an oop: java.lang.Class 
{0x00000006004c78b8} - klass: 'java/lang/Class'
 - ---- fields (total size 15 words):
 - private volatile transient 'classRedefinedCount' 'I' @12  0 (0x00000000)
 - injected 'klass' 'J' @16  129761296807528 (0x0000760468007668)
 - injected 'array_klass' 'J' @24  0 (0x0000000000000000)
 - injected 'oop_size' 'I' @32  15 (0x0000000f)
 - injected 'static_oop_field_count' 'I' @36  1 (0x00000001)
 - private volatile transient 'cachedConstructor' 'Ljava/lang/reflect/Constructor;' @40  null (0x00000000)
 - private transient 'name' 'Ljava/lang/String;' @44  "org.jpype.JPypeSignal"{0x00000006004c7930} (0xc0098f26)
 - private transient 'module' 'Ljava/lang/Module;' @48  a 'java/lang/Module'{0x00000006008e97f0} (0xc011d2fe)
 - private final 'classLoader' 'Ljava/lang/ClassLoader;' @52  a 'jdk/internal/loader/ClassLoaders$AppClassLoader'{0x00000006008e9788} (0xc011d2f1)
 - private transient 'classData' 'Ljava/lang/Object;' @56  null (0x00000000)
 - private transient 'packageName' 'Ljava/lang/String;' @60  "org.jpype"{0x0000000600476a70} (0xc008ed4e)
 - private final 'componentType' 'Ljava/lang/Class;' @64  null (0x00000000)
 - private volatile transient 'reflectionData' 'Ljava/lang/ref/SoftReference;' @68  null (0x00000000)
 - private volatile transient 'genericInfo' 'Lsun/reflect/generics/repository/ClassRepository;' @72  null (0x00000000)
 - private volatile transient 'enumConstants' '[Ljava/lang/Object;' @76  null (0x00000000)
 - private volatile transient 'enumConstantDirectory' 'Ljava/util/Map;' @80  null (0x00000000)
 - private volatile transient 'annotationData' 'Ljava/lang/Class$AnnotationData;' @84  null (0x00000000)
 - private volatile transient 'annotationType' 'Lsun/reflect/annotation/AnnotationType;' @88  null (0x00000000)
 - transient 'classValueMap' 'Ljava/lang/ClassValue$ClassValueMap;' @92  null (0x00000000)
 - injected 'protection_domain' 'Ljava/lang/Object;' @96  a 'java/security/ProtectionDomain'{0x0000000600477258} (0xc008ee4b)
 - injected 'signers_name' 'Ljava/lang/Object;' @100  null (0x00000000)
 - injected 'source_file' 'Ljava/lang/Object;' @104  null (0x00000000)
 - injected '<init_lock>' 'Ljava/lang/Object;' @108  null (0x00000000)
 - signature: Lorg/jpype/JPypeSignal;
 - ---- static fields (1):
 - static 'main' 'Ljava/lang/Thread;' @112  a 'java/lang/Thread'{0x00000006004016e0} (0xc00802dc)
R12=0x0000000000b37428: _PyRuntime+0x0000000000000ce8 in /home/henriqueramos_qs/meta-learning-concept-drift/.venv/bin/python at 0x0000000000400000
R13=0x0000000000b37408: _PyRuntime+0x0000000000000cc8 in /home/henriqueramos_qs/meta-learning-concept-drift/.venv/bin/python at 0x0000000000400000
R14=0x0000000000000002 is an unknown value
R15=0x0000760450009110 is a thread

Top of Stack: (sp=0x0000760321ffe650)
0x0000760321ffe650:   0000760321ffe680 0000760450001040
0x0000760321ffe660:   0000760321ffe748 000000000000000f
0x0000760321ffe670:   0000000000b37408 000076045c419398
0x0000760321ffe680:   0000760321ffe748 0000760450009110
0x0000760321ffe690:   0000760321ffe6a0 000000000063545a
0x0000760321ffe6a0:   0000760321ffe6c0 00000000004f9767
0x0000760321ffe6b0:   000076045c419398 0000000000000000
0x0000760321ffe6c0:   0000760321ffe728 00007604d11dbac0
0x0000760321ffe6d0:   0000000000000000 00007604d11db75f
0x0000760321ffe6e0:   0000760321ffe6e0 000076045c419398
0x0000760321ffe6f0:   0000000000000004 000076045c4195a8
0x0000760321ffe700:   0000000000000000 00000006004c78b8
0x0000760321ffe710:   000076045c419398 0000000000000000
0x0000760321ffe720:   0000760321ffe748 0000760321ffe798
0x0000760321ffe730:   00007604d11d7180 00000006004c78b8
0x0000760321ffe740:   00007604d11d8fd7 000000000000000f
0x0000760321ffe750:   0000760321ffe750 000076045c4194df
0x0000760321ffe760:   0000000000000005 000076045c4195a8
0x0000760321ffe770:   0000000000000000 00000006004c78b8
0x0000760321ffe780:   000076045c4194e8 0000760321ffe748
0x0000760321ffe790:   0000760321ffe7a8 0000760321ffe810
0x0000760321ffe7a0:   00007604d11d72f2 00000006048d9200
0x0000760321ffe7b0:   00000006004c98b8 00000006004cad20
0x0000760321ffe7c0:   000000000000000f 0000760321ffe7c8
0x0000760321ffe7d0:   000076045c419aa7 0000000000000005
0x0000760321ffe7e0:   000076045c419b28 0000000000000000
0x0000760321ffe7f0:   00000006004c8f18 000076045c419ab0
0x0000760321ffe800:   0000760321ffe7a8 0000760321ffe820
0x0000760321ffe810:   0000760321ffe888 00007604d11d7798
0x0000760321ffe820:   00000006048d9200 00000006004c98b8
0x0000760321ffe830:   00000006004cad20 00000006004cad10
0x0000760321ffe840:   0000760321ffe840 000076045c424930 

Instructions: (pc=0x0000000000584df4)
0x0000000000584cf4:   89 e7 ff d0 48 85 c0 75 cf 48 8b 3d e4 e9 4a 00
0x0000000000584d04:   e8 27 ca 06 00 85 c0 74 59 e8 6e cc 06 00 48 8b
0x0000000000584d14:   35 cf e9 4a 00 48 89 c7 49 89 c5 e8 1c cb 06 00
0x0000000000584d24:   85 c0 74 36 49 83 7d 50 00 75 2f 49 83 7d 48 00
0x0000000000584d34:   75 28 48 89 da be 50 31 b4 00 4c 89 ef e8 2a eb
0x0000000000584d44:   ff ff 85 c0 75 1c 4c 89 e2 be 28 35 b4 00 4c 89
0x0000000000584d54:   ef e8 16 eb ff ff 85 c0 75 08 4c 89 ef e8 3a cc
0x0000000000584d64:   06 00 31 c0 e9 5f ff ff ff 48 8b 50 18 48 8b 3d
0x0000000000584d74:   88 24 4b 00 be 20 f1 71 00 31 c0 e8 6c c0 06 00
0x0000000000584d84:   31 c0 e9 41 ff ff ff 0f 1f 44 00 00 f3 0f 1e fa
0x0000000000584d94:   48 85 ff 0f 84 22 96 ed ff 48 8b 47 08 48 83 b8
0x0000000000584da4:   80 00 00 00 00 0f 95 c0 0f b6 c0 c3 f3 0f 1e fa
0x0000000000584db4:   55 48 89 e5 41 57 41 56 4c 63 f2 41 55 49 89 fd
0x0000000000584dc4:   41 54 49 89 f4 53 48 83 ec 18 48 39 f7 0f 84 a9
0x0000000000584dd4:   00 00 00 48 c7 c0 f8 ff ff ff 64 48 8b 18 48 85
0x0000000000584de4:   ff 0f 84 be 00 00 00 48 85 f6 0f 84 b5 00 00 00
0x0000000000584df4:   8b 43 24 8d 50 ff 89 53 24 85 c0 0f 8e 8d 02 00
0x0000000000584e04:   00 49 8b 7c 24 08 49 8b 75 08 48 39 fe 0f 85 51
0x0000000000584e14:   01 00 00 48 8b 86 c8 00 00 00 48 85 c0 0f 84 56
0x0000000000584e24:   02 00 00 4c 89 ef 44 89 f2 4c 89 e6 ff d0 48 89
0x0000000000584e34:   c7 48 3d 90 05 a4 00 0f 84 8f 00 00 00 83 43 24
0x0000000000584e44:   01 48 85 ff 74 7b 48 81 7f 08 a0 a3 a2 00 0f 85
0x0000000000584e54:   a3 95 ed ff 48 8b 17 31 c0 48 81 ff 60 a3 a2 00
0x0000000000584e64:   0f 94 c0 85 d2 0f 89 3d 02 00 00 48 83 c4 18 5b
0x0000000000584e74:   41 5c 41 5d 41 5e 41 5f 5d c3 66 90 b8 01 00 00
0x0000000000584e84:   00 41 83 fe 02 74 e4 41 83 fe 03 0f 84 3d 95 ed
0x0000000000584e94:   ff 48 c7 c0 f8 ff ff ff 64 48 8b 18 48 85 ff 0f
0x0000000000584ea4:   85 4b ff ff ff 48 8b 43 60 48 85 c0 0f 85 0c 95
0x0000000000584eb4:   ed ff be 4a 03 00 00 bf 26 64 70 00 e8 fb fe 11
0x0000000000584ec4:   00 b8 ff ff ff ff eb a3 0f 1f 40 00 48 8b 05 b9
0x0000000000584ed4:   b6 4b 00 85 c0 0f 89 51 95 ed ff 49 8b 44 24 08
0x0000000000584ee4:   48 8b 80 c8 00 00 00 48 85 c0 74 30 49 63 d6 4c 


Stack slot to memory mapping:

stack at sp + 0 slots: 0x0000760321ffe680 is pointing into the stack for thread: 0x0000760450009110
stack at sp + 1 slots: 0x0000760450001040 points into unknown readable memory: 0x0000001e00000003 | 03 00 00 00 1e 00 00 00
stack at sp + 2 slots: 0x0000760321ffe748 is pointing into the stack for thread: 0x0000760450009110
stack at sp + 3 slots: 0x000000000000000f is an unknown value
stack at sp + 4 slots: 0x0000000000b37408: _PyRuntime+0x0000000000000cc8 in /home/henriqueramos_qs/meta-learning-concept-drift/.venv/bin/python at 0x0000000000400000
stack at sp + 5 slots: {method} {0x000076045c419398} 'interruptPy' '(I)V' in 'org/jpype/JPypeSignal'
stack at sp + 6 slots: 0x0000760321ffe748 is pointing into the stack for thread: 0x0000760450009110
stack at sp + 7 slots: 0x0000760450009110 is a thread


---------------  P R O C E S S  ---------------

Threads class SMR info:
_java_thread_list=0x000076045000a580, length=12, elements={
0x00000000181a79a0, 0x000000002042baf0, 0x000000002042d390, 0x000000002042ed40,
0x0000000020430590, 0x0000000020431d40, 0x0000000020433b30, 0x0000000020435440,
0x0000000020441040, 0x0000000020445390, 0x000000002049ffb0, 0x0000760450009110
}

Java Threads: ( => current thread )
  0x00000000181a79a0 JavaThread "main"                              [_thread_in_native, id=230059, stack(0x00007fff85665000,0x00007fff85e63000) (8184K)]
  0x000000002042baf0 JavaThread "Reference Handler"          daemon [_thread_blocked, id=230674, stack(0x00007604bc600000,0x00007604bd000000) (10240K)]
  0x000000002042d390 JavaThread "Finalizer"                  daemon [_thread_blocked, id=230675, stack(0x0000760466600000,0x0000760467000000) (10240K)]
  0x000000002042ed40 JavaThread "Signal Dispatcher"          daemon [_thread_blocked, id=230676, stack(0x0000760465c00000,0x0000760466600000) (10240K)]
  0x0000000020430590 JavaThread "Service Thread"             daemon [_thread_blocked, id=230677, stack(0x0000760465200000,0x0000760465c00000) (10240K)]
  0x0000000020431d40 JavaThread "Monitor Deflation Thread"   daemon [_thread_blocked, id=230678, stack(0x0000760464800000,0x0000760465200000) (10240K)]
  0x0000000020433b30 JavaThread "C2 CompilerThread0"         daemon [_thread_blocked, id=230679, stack(0x00007604bd0fc000,0x00007604bd1fc000) (1024K)]
  0x0000000020435440 JavaThread "C1 CompilerThread0"         daemon [_thread_blocked, id=230680, stack(0x00007604bc500000,0x00007604bc600000) (1024K)]
  0x0000000020441040 JavaThread "Notification Thread"        daemon [_thread_blocked, id=230681, stack(0x000076043b600000,0x000076043c000000) (10240K)]
  0x0000000020445390 JavaThread "Common-Cleaner"             daemon [_thread_blocked, id=230682, stack(0x000076043ac00000,0x000076043b600000) (10240K)]
  0x000000002049ffb0 JavaThread "Python Reference Queue"     daemon [_thread_blocked, id=230688, stack(0x000076043a200000,0x000076043ac00000) (10240K)]
=>0x0000760450009110 JavaThread "SIGTERM handler"            daemon [_thread_in_native, id=230856, stack(0x0000760321600000,0x0000760322000000) (10240K)]
Total: 12

Other Threads:
  0x0000000020423dc0 VMThread "VM Thread"                           [id=230673, stack(0x00007604bd1fd000,0x00007604bd2fd000) (1024K)]
  0x00000000204125b0 WatcherThread "VM Periodic Task Thread"        [id=230672, stack(0x00007604bd2fe000,0x00007604bd3fe000) (1024K)]
  0x000000001c154450 WorkerThread "GC Thread#0"                     [id=230662, stack(0x00007604c9c18000,0x00007604c9d18000) (1024K)]
  0x0000760454001000 WorkerThread "GC Thread#1"                     [id=230689, stack(0x0000760464700000,0x0000760464800000) (1024K)]
  0x0000760454001d40 WorkerThread "GC Thread#2"                     [id=230690, stack(0x00007604645ff000,0x00007604646ff000) (1024K)]
  0x0000760454002a80 WorkerThread "GC Thread#3"                     [id=230691, stack(0x00007604644fe000,0x00007604645fe000) (1024K)]
  0x00007604540037c0 WorkerThread "GC Thread#4"                     [id=230692, stack(0x00007604643fd000,0x00007604644fd000) (1024K)]
  0x0000760454004500 WorkerThread "GC Thread#5"                     [id=230693, stack(0x00007604642fc000,0x00007604643fc000) (1024K)]
  0x000000001c1654c0 ConcurrentGCThread "G1 Main Marker"            [id=230663, stack(0x00007604bf77b000,0x00007604bf87b000) (1024K)]
  0x000000001c165fd0 WorkerThread "G1 Conc#0"                       [id=230665, stack(0x00007604bf67a000,0x00007604bf77a000) (1024K)]
  0x00000000202e0160 ConcurrentGCThread "G1 Refine#0"               [id=230668, stack(0x00007604bd500000,0x00007604bd600000) (1024K)]
  0x00000000202e0fb0 ConcurrentGCThread "G1 Service"                [id=230670, stack(0x00007604bd3ff000,0x00007604bd4ff000) (1024K)]
Total: 12

Threads with active compile tasks:
Total: 0

VM state: not at safepoint (normal execution)

VM Mutex/Monitor currently owned by a thread: None

Heap address: 0x0000000600000000, size: 8192 MB, Compressed Oops mode: Zero based, Oop shift amount: 3

CDS archive(s) mapped at: [0x0000760467000000-0x0000760467ca0000-0x0000760467ca0000), size 13238272, SharedBaseAddress: 0x0000760467000000, ArchiveRelocationMode: 1.
Compressed class space mapped at: 0x0000760468000000-0x00007604a8000000, reserved size: 1073741824
Narrow klass base: 0x0000760467000000, Narrow klass shift: 0, Narrow klass range: 0x100000000

GC Precious Log:
 CardTable entry size: 512
 Card Set container configuration: InlinePtr #cards 4 size 8 Array Of Cards #cards 32 size 80 Howl #buckets 8 coarsen threshold 7372 Howl Bitmap #cards 1024 size 144 coarsen threshold 921 Card regions per heap region 1 cards per card region 8192
 CPUs: 96 total, 96 available
 Memory: 187G
 Large Page Support: Disabled
 NUMA Support: Disabled
 Compressed Oops: Enabled (Zero based)
 Heap Region Size: 4M
 Heap Min Capacity: 8M
 Heap Initial Capacity: 2G
 Heap Max Capacity: 8G
 Pre-touch: Disabled
 Parallel Workers: 63
 Concurrent Workers: 16
 Concurrent Refinement Workers: 63
 Periodic GC: Disabled

Heap:
 garbage-first heap   total 81920K, used 23717K [0x0000000600000000, 0x0000000800000000)
  region size 4096K, 2 young (8192K), 0 survivors (0K)
 Metaspace       used 3859K, committed 4032K, reserved 1114112K
  class space    used 378K, committed 448K, reserved 1048576K

Heap Regions: E=young(eden), S=young(survivor), O=old, HS=humongous(starts), HC=humongous(continues), CS=collection set, F=free, TAMS=top-at-mark-start, PB=parsable bottom
|   0|0x0000000600000000, 0x0000000600400000, 0x0000000600400000|100%|HS|  |TAMS 0x0000000600000000| PB 0x0000000600000000| Untracked 
|   1|0x0000000600400000, 0x00000006004e2730, 0x0000000600800000| 22%| O|  |TAMS 0x0000000600400000| PB 0x0000000600400000| Untracked 
|   2|0x0000000600800000, 0x0000000600a47018, 0x0000000600c00000| 56%| O|  |TAMS 0x0000000600800000| PB 0x0000000600800000| Untracked 
|   3|0x0000000600c00000, 0x0000000601000000, 0x0000000601000000|100%|HS|  |TAMS 0x0000000600c00000| PB 0x0000000600c00000| Untracked 
|   4|0x0000000601000000, 0x0000000601000000, 0x0000000601400000|  0%| F|  |TAMS 0x0000000601000000| PB 0x0000000601000000| Untracked 
|   5|0x0000000601400000, 0x0000000601400000, 0x0000000601800000|  0%| F|  |TAMS 0x0000000601400000| PB 0x0000000601400000| Untracked 
|   6|0x0000000601800000, 0x0000000601800000, 0x0000000601c00000|  0%| F|  |TAMS 0x0000000601800000| PB 0x0000000601800000| Untracked 
|   7|0x0000000601c00000, 0x0000000601c00000, 0x0000000602000000|  0%| F|  |TAMS 0x0000000601c00000| PB 0x0000000601c00000| Untracked 
|   8|0x0000000602000000, 0x0000000602000000, 0x0000000602400000|  0%| F|  |TAMS 0x0000000602000000| PB 0x0000000602000000| Untracked 
|   9|0x0000000602400000, 0x0000000602800000, 0x0000000602800000|100%| O|  |TAMS 0x0000000602400000| PB 0x0000000602400000| Untracked 
|  10|0x0000000602800000, 0x0000000602c00000, 0x0000000602c00000|100%| O|  |TAMS 0x0000000602800000| PB 0x0000000602800000| Untracked 
|  11|0x0000000602c00000, 0x0000000602c00000, 0x0000000603000000|  0%| F|  |TAMS 0x0000000602c00000| PB 0x0000000602c00000| Untracked 
|  12|0x0000000603000000, 0x0000000603000000, 0x0000000603400000|  0%| F|  |TAMS 0x0000000603000000| PB 0x0000000603000000| Untracked 
|  13|0x0000000603400000, 0x0000000603400000, 0x0000000603800000|  0%| F|  |TAMS 0x0000000603400000| PB 0x0000000603400000| Untracked 
|  14|0x0000000603800000, 0x0000000603800000, 0x0000000603c00000|  0%| F|  |TAMS 0x0000000603800000| PB 0x0000000603800000| Untracked 
|  15|0x0000000603c00000, 0x0000000603c00000, 0x0000000604000000|  0%| F|  |TAMS 0x0000000603c00000| PB 0x0000000603c00000| Untracked 
|  16|0x0000000604000000, 0x0000000604000000, 0x0000000604400000|  0%| F|  |TAMS 0x0000000604000000| PB 0x0000000604000000| Untracked 
|  17|0x0000000604400000, 0x0000000604400000, 0x0000000604800000|  0%| F|  |TAMS 0x0000000604400000| PB 0x0000000604400000| Untracked 
|  18|0x0000000604800000, 0x0000000604902170, 0x0000000604c00000| 25%| E|  |TAMS 0x0000000604800000| PB 0x0000000604800000| Complete 
|  19|0x0000000604c00000, 0x0000000605000000, 0x0000000605000000|100%| E|CS|TAMS 0x0000000604c00000| PB 0x0000000604c00000| Complete 

Card table byte_map: [0x00007604c7c00000,0x00007604c8c00000] _byte_map_base: 0x00007604c4c00000

Marking Bits: (CMBitMap*) 0x000000001c154b60
 Bits: [0x00007604bfc00000, 0x00007604c7c00000)

Polling page: 0x0000760661f75000

Metaspace:

Usage:
  Non-class:      3.40 MB used.
      Class:    378.39 KB used.
       Both:      3.77 MB used.

Virtual space:
  Non-class space:       64.00 MB reserved,       3.50 MB (  5%) committed,  1 nodes.
      Class space:        1.00 GB reserved,     448.00 KB ( <1%) committed,  1 nodes.
             Both:        1.06 GB reserved,       3.94 MB ( <1%) committed. 

Chunk freelists:
   Non-Class:  10.92 MB
       Class:  15.56 MB
        Both:  26.48 MB

MaxMetaspaceSize: unlimited
CompressedClassSpaceSize: 1.00 GB
Initial GC threshold: 21.00 MB
Current GC threshold: 21.00 MB
CDS: on
 - commit_granule_bytes: 65536.
 - commit_granule_words: 8192.
 - virtual_space_node_default_size: 8388608.
 - enlarge_chunks_in_place: 1.
 - use_allocation_guard: 0.


Internal statistics:

num_allocs_failed_limit: 0.
num_arena_births: 82.
num_arena_deaths: 0.
num_vsnodes_births: 2.
num_vsnodes_deaths: 0.
num_space_committed: 63.
num_space_uncommitted: 0.
num_chunks_returned_to_freelist: 0.
num_chunks_taken_from_freelist: 138.
num_chunk_merges: 0.
num_chunk_splits: 99.
num_chunks_enlarged: 71.
num_inconsistent_stats: 0.

CodeHeap 'non-profiled nmethods': size=118592Kb used=787Kb max_used=787Kb free=117804Kb
 bounds [0x00007604d1a30000, 0x00007604d1ca0000, 0x00007604d8e00000]
CodeHeap 'profiled nmethods': size=118588Kb used=2092Kb max_used=2092Kb free=116495Kb
 bounds [0x00007604c9e00000, 0x00007604ca070000, 0x00007604d11cf000]
CodeHeap 'non-nmethods': size=8580Kb used=1456Kb max_used=4411Kb free=7123Kb
 bounds [0x00007604d11cf000, 0x00007604d163f000, 0x00007604d1a30000]
CodeCache: size=245760Kb, used=4335Kb, max_used=7290Kb, free=241422Kb
 total_blobs=1802, nmethods=1337, adapters=370, full_count=0
Compilation: enabled, stopped_count=0, restarted_count=0

Compilation events (20 events):
Event: 62.635 Thread 0x0000760440124840 nmethod 1471 0x00007604ca004a90 code [0x00007604ca004c40, 0x00007604ca004e00]
Event: 62.635 Thread 0x0000760440124840 1472       3       java.util.concurrent.locks.AbstractQueuedSynchronizer$ConditionObject::enableWait (84 bytes)
Event: 62.636 Thread 0x0000000020435440 nmethod 1469 0x00007604ca004f10 code [0x00007604ca005160, 0x00007604ca005950]
Event: 62.636 Thread 0x0000000020435440 1473       3       java.util.concurrent.locks.AbstractQueuedSynchronizer$Node::setStatusRelaxed (12 bytes)
Event: 62.636 Thread 0x0000760440124840 nmethod 1472 0x00007604ca005c10 code [0x00007604ca005e40, 0x00007604ca006598]
Event: 62.636 Thread 0x0000760440124840 1474   !   3       java.util.concurrent.locks.LockSupport::parkNanos (56 bytes)
Event: 62.636 Thread 0x0000000020435440 nmethod 1473 0x00007604ca006810 code [0x00007604ca0069a0, 0x00007604ca006ab0]
Event: 62.636 Thread 0x0000760440124840 nmethod 1474 0x00007604ca006b10 code [0x00007604ca006d00, 0x00007604ca007138]
Event: 63.132 Thread 0x0000000020435440 1475       3       jdk.internal.misc.Unsafe::putIntOpaque (9 bytes)
Event: 63.132 Thread 0x0000760440124840 1476       3       java.util.concurrent.locks.ReentrantLock$NonfairSync::tryAcquire (27 bytes)
Event: 63.133 Thread 0x0000000020435440 nmethod 1475 0x00007604ca007310 code [0x00007604ca0074a0, 0x00007604ca0075b0]
Event: 63.133 Thread 0x0000760440124840 nmethod 1476 0x00007604ca007690 code [0x00007604ca007840, 0x00007604ca007ac8]
Event: 63.883 Thread 0x0000000020435440 1477       3       java.util.concurrent.locks.AbstractQueuedSynchronizer$Node::getAndUnsetStatus (14 bytes)
Event: 63.883 Thread 0x0000000020435440 nmethod 1477 0x00007604ca007b90 code [0x00007604ca007d40, 0x00007604ca008020]
Event: 94.656 Thread 0x0000000020435440 1480       3       java.util.concurrent.locks.AbstractQueuedSynchronizer$ConditionObject::unlinkCancelledWaiters (91 bytes)
Event: 94.657 Thread 0x0000000020435440 nmethod 1480 0x00007604ca008110 code [0x00007604ca0082e0, 0x00007604ca008760]
Event: 94.657 Thread 0x0000000020435440 1478       3       java.util.concurrent.locks.AbstractQueuedSynchronizer$Node::clearStatus (12 bytes)
Event: 94.657 Thread 0x0000000020435440 nmethod 1478 0x00007604ca008890 code [0x00007604ca008a40, 0x00007604ca008bd0]
Event: 94.657 Thread 0x0000000020435440 1479   !   3       java.util.concurrent.locks.AbstractQueuedSynchronizer::acquire (424 bytes)
Event: 94.661 Thread 0x0000000020435440 nmethod 1479 0x00007604ca008c90 code [0x00007604ca009040, 0x00007604ca00a900]

GC Heap History (10 events):
Event: 0.158 GC heap before
{Heap before GC invocations=0 (full 0):
 garbage-first heap   total 2101248K, used 17458K [0x0000000600000000, 0x0000000800000000)
  region size 4096K, 4 young (16384K), 0 survivors (0K)
 Metaspace       used 1338K, committed 1472K, reserved 1114112K
  class space    used 127K, committed 192K, reserved 1048576K
}
Event: 0.168 GC heap after
{Heap after GC invocations=1 (full 1):
 garbage-first heap   total 81920K, used 6070K [0x0000000600000000, 0x0000000800000000)
  region size 4096K, 0 young (0K), 0 survivors (0K)
 Metaspace       used 1338K, committed 1472K, reserved 1114112K
  class space    used 127K, committed 192K, reserved 1048576K
}
Event: 0.425 GC heap before
{Heap before GC invocations=1 (full 1):
 garbage-first heap   total 81920K, used 26550K [0x0000000600000000, 0x0000000800000000)
  region size 4096K, 5 young (20480K), 0 survivors (0K)
 Metaspace       used 2170K, committed 2304K, reserved 1114112K
  class space    used 188K, committed 256K, reserved 1048576K
}
Event: 0.428 GC heap after
{Heap after GC invocations=2 (full 1):
 garbage-first heap   total 81920K, used 8086K [0x0000000600000000, 0x0000000800000000)
  region size 4096K, 1 young (4096K), 1 survivors (4096K)
 Metaspace       used 2170K, committed 2304K, reserved 1114112K
  class space    used 188K, committed 256K, reserved 1048576K
}
Event: 0.644 GC heap before
{Heap before GC invocations=2 (full 1):
 garbage-first heap   total 81920K, used 44950K [0x0000000600000000, 0x0000000800000000)
  region size 4096K, 9 young (36864K), 1 survivors (4096K)
 Metaspace       used 2674K, committed 2816K, reserved 1114112K
  class space    used 233K, committed 320K, reserved 1048576K
}
Event: 0.658 GC heap after
{Heap after GC invocations=3 (full 1):
 garbage-first heap   total 81920K, used 19006K [0x0000000600000000, 0x0000000800000000)
  region size 4096K, 2 young (8192K), 2 survivors (8192K)
 Metaspace       used 2674K, committed 2816K, reserved 1114112K
  class space    used 233K, committed 320K, reserved 1048576K
}
Event: 0.697 GC heap before
{Heap before GC invocations=3 (full 1):
 garbage-first heap   total 81920K, used 19006K [0x0000000600000000, 0x0000000800000000)
  region size 4096K, 3 young (12288K), 2 survivors (8192K)
 Metaspace       used 2890K, committed 3072K, reserved 1114112K
  class space    used 261K, committed 384K, reserved 1048576K
}
Event: 0.730 GC heap after
{Heap after GC invocations=4 (full 2):
 garbage-first heap   total 81920K, used 19377K [0x0000000600000000, 0x0000000800000000)
  region size 4096K, 0 young (0K), 0 survivors (0K)
 Metaspace       used 2890K, committed 3072K, reserved 1114112K
  class space    used 261K, committed 384K, reserved 1048576K
}
Event: 2.779 GC heap before
{Heap before GC invocations=4 (full 2):
 garbage-first heap   total 81920K, used 19377K [0x0000000600000000, 0x0000000800000000)
  region size 4096K, 1 young (4096K), 0 survivors (0K)
 Metaspace       used 3157K, committed 3392K, reserved 1114112K
  class space    used 296K, committed 384K, reserved 1048576K
}
Event: 2.819 GC heap after
{Heap after GC invocations=5 (full 3):
 garbage-first heap   total 81920K, used 19621K [0x0000000600000000, 0x0000000800000000)
  region size 4096K, 0 young (0K), 0 survivors (0K)
 Metaspace       used 3157K, committed 3392K, reserved 1114112K
  class space    used 296K, committed 384K, reserved 1048576K
}

Dll operation events (7 events):
Event: 0.013 Loaded shared library /usr/lib/jvm/java-21-openjdk-amd64/lib/libjava.so
Event: 0.038 Loaded shared library /usr/lib/jvm/java-21-openjdk-amd64/lib/libjsvml.so
Event: 0.044 Loaded shared library /usr/lib/jvm/java-21-openjdk-amd64/lib/libnio.so
Event: 0.066 Loaded shared library /usr/lib/jvm/java-21-openjdk-amd64/lib/libzip.so
Event: 0.098 Loaded shared library /home/henriqueramos_qs/meta-learning-concept-drift/.venv/lib/python3.12/site-packages/_jpype.cpython-312-x86_64-linux-gnu.so
Event: 0.126 Loaded shared library /usr/lib/jvm/java-21-openjdk-amd64/lib/libjimage.so
Event: 0.611 Loaded shared library /usr/lib/jvm/java-21-openjdk-amd64/lib/libnet.so

Deoptimization events (20 events):
Event: 2.940 Thread 0x00000000181a79a0 DEOPT PACKING pc=0x00007604d1a64878 sp=0x00007fff85e5aa60
Event: 2.940 Thread 0x00000000181a79a0 DEOPT UNPACKING pc=0x00007604d1226619 sp=0x00007fff85e5aa18 mode 2
Event: 2.940 Thread 0x00000000181a79a0 Uncommon trap: trap_request=0xffffff45 fr.pc=0x00007604d1a46b5c relative=0x00000000000000bc
Event: 2.940 Thread 0x00000000181a79a0 Uncommon trap: reason=unstable_if action=reinterpret pc=0x00007604d1a46b5c method=java.lang.String.hashCode()I @ 42 c2
Event: 2.940 Thread 0x00000000181a79a0 DEOPT PACKING pc=0x00007604d1a46b5c sp=0x00007fff85e5aa90
Event: 2.940 Thread 0x00000000181a79a0 DEOPT UNPACKING pc=0x00007604d1226619 sp=0x00007fff85e5aa40 mode 2
Event: 2.940 Thread 0x00000000181a79a0 Uncommon trap: trap_request=0xffffff45 fr.pc=0x00007604d1a6dd0c relative=0x00000000000002cc
Event: 2.940 Thread 0x00000000181a79a0 Uncommon trap: reason=unstable_if action=reinterpret pc=0x00007604d1a6dd0c method=java.lang.String.startsWith(Ljava/lang/String;I)Z @ 1 c2
Event: 2.940 Thread 0x00000000181a79a0 DEOPT PACKING pc=0x00007604d1a6dd0c sp=0x00007fff85e5aca0
Event: 2.940 Thread 0x00000000181a79a0 DEOPT UNPACKING pc=0x00007604d1226619 sp=0x00007fff85e5ac30 mode 2
Event: 4.348 Thread 0x00000000181a79a0 DEOPT PACKING pc=0x00007604c9fcbe65 sp=0x00007fff85e5b580
Event: 4.348 Thread 0x00000000181a79a0 DEOPT UNPACKING pc=0x00007604d122714f sp=0x00007fff85e5aa88 mode 0
Event: 4.371 Thread 0x00000000181a79a0 Uncommon trap: trap_request=0xffffffc6 fr.pc=0x00007604d1ab5c20 relative=0x0000000000002720
Event: 4.371 Thread 0x00000000181a79a0 Uncommon trap: reason=bimorphic_or_optimized_type_check action=maybe_recompile pc=0x00007604d1ab5c20 method=java.util.HashMap.putVal(ILjava/lang/Object;Ljava/lang/Object;ZZ)Ljava/lang/Object; @ 91 c2
Event: 4.371 Thread 0x00000000181a79a0 DEOPT PACKING pc=0x00007604d1ab5c20 sp=0x00007fff85e5a2c0
Event: 4.371 Thread 0x00000000181a79a0 DEOPT UNPACKING pc=0x00007604d1226619 sp=0x00007fff85e5a200 mode 2
Event: 4.389 Thread 0x00000000181a79a0 Uncommon trap: trap_request=0xffffff45 fr.pc=0x00007604d1a9beb0 relative=0x00000000000004f0
Event: 4.389 Thread 0x00000000181a79a0 Uncommon trap: reason=unstable_if action=reinterpret pc=0x00007604d1a9beb0 method=jdk.internal.jimage.ImageStringsReader.stringFromByteBufferMatches(Ljava/nio/ByteBuffer;ILjava/lang/String;I)I @ 48 c2
Event: 4.389 Thread 0x00000000181a79a0 DEOPT PACKING pc=0x00007604d1a9beb0 sp=0x00007fff85e59dc0
Event: 4.389 Thread 0x00000000181a79a0 DEOPT UNPACKING pc=0x00007604d1226619 sp=0x00007fff85e59d58 mode 2

Classes loaded (20 events):
Event: 0.914 Loading class java/lang/SafeVarargs
Event: 0.914 Loading class java/lang/SafeVarargs done
Event: 0.921 Loading class java/util/AbstractList$Itr
Event: 0.921 Loading class java/util/AbstractList$Itr done
Event: 0.921 Loading class java/util/AbstractList$ListItr
Event: 0.921 Loading class java/util/AbstractList$ListItr done
Event: 0.921 Loading class java/util/AbstractList$RandomAccessSubList
Event: 0.921 Loading class java/util/AbstractList$SubList
Event: 0.922 Loading class java/util/AbstractList$SubList done
Event: 0.922 Loading class java/util/AbstractList$RandomAccessSubList done
Event: 0.922 Loading class java/util/ArrayList$ListItr
Event: 0.923 Loading class java/util/ArrayList$ListItr done
Event: 4.384 Loading class java/util/stream/LongStream
Event: 4.384 Loading class java/util/stream/LongStream done
Event: 4.384 Loading class java/util/stream/DoubleStream
Event: 4.384 Loading class java/util/stream/DoubleStream done
Event: 4.411 Loading class java/lang/IndexOutOfBoundsException
Event: 4.411 Loading class java/lang/IndexOutOfBoundsException done
Event: 121.968 Loading class jdk/internal/misc/Signal$1
Event: 121.968 Loading class jdk/internal/misc/Signal$1 done

Classes unloaded (0 events):
No events

Classes redefined (0 events):
No events

Internal exceptions (9 events):
Event: 0.100 Thread 0x00000000181a79a0 Exception <a 'java/lang/NoSuchMethodError'{0x000000067fd031f8}: 'int java.lang.invoke.DirectMethodHandle$Holder.invokeStaticInit(java.lang.Object, java.lang.Object)'> (0x000000067fd031f8) 
thrown [./src/hotspot/share/interpreter/linkResolver.cpp, line 772]
Event: 0.101 Thread 0x00000000181a79a0 Exception <a 'java/lang/NoSuchMethodError'{0x000000067fd09420}: 'java.lang.Object java.lang.invoke.DirectMethodHandle$Holder.invokeStaticInit(java.lang.Object, int)'> (0x000000067fd09420) 
thrown [./src/hotspot/share/interpreter/linkResolver.cpp, line 772]
Event: 0.104 Thread 0x00000000181a79a0 Exception <a 'java/lang/NoSuchMethodError'{0x000000067fd13878}: 'int java.lang.invoke.DirectMethodHandle$Holder.invokeSpecial(java.lang.Object, java.lang.Object, java.lang.Object)'> (0x000000067fd13878) 
thrown [./src/hotspot/share/interpreter/linkResolver.cpp, line 772]
Event: 0.105 Thread 0x00000000181a79a0 Exception <a 'java/lang/NoSuchMethodError'{0x000000067fd23780}: 'java.lang.Object java.lang.invoke.DirectMethodHandle$Holder.invokeStatic(java.lang.Object, java.lang.Object, int)'> (0x000000067fd23780) 
thrown [./src/hotspot/share/interpreter/linkResolver.cpp, line 772]
Event: 0.107 Thread 0x00000000181a79a0 Exception <a 'java/lang/NoSuchMethodError'{0x000000067fd2ee40}: 'void java.lang.invoke.DelegatingMethodHandle$Holder.delegate(java.lang.Object, java.lang.Object, int, java.lang.Object)'> (0x000000067fd2ee40) 
thrown [./src/hotspot/share/interpreter/linkResolver.cpp, line 772]
Event: 0.124 Thread 0x00000000181a79a0 Exception <a 'java/lang/NoSuchMethodError'{0x000000067fdc9ad0}: 'java.lang.Object java.lang.invoke.Invokers$Holder.invokeExact_MT(java.lang.Object, java.lang.Object, java.lang.Object, java.lang.Object, java.lang.Object)'> (0x000000067fdc9ad0) 
thrown [./src/hotspot/share/interpreter/linkResolver.cpp, line 772]
Event: 0.136 Thread 0x00000000181a79a0 Exception <a 'java/lang/NoSuchMethodError'{0x000000067fdf0088}: 'java.lang.Object java.lang.invoke.DirectMethodHandle$Holder.invokeInterface(java.lang.Object, java.lang.Object)'> (0x000000067fdf0088) 
thrown [./src/hotspot/share/interpreter/linkResolver.cpp, line 772]
Event: 0.137 Thread 0x00000000181a79a0 Exception <a 'java/lang/IncompatibleClassChangeError'{0x000000067fdf3320}: Found class java.lang.Object, but interface was expected> (0x000000067fdf3320) 
thrown [./src/hotspot/share/interpreter/linkResolver.cpp, line 840]
Event: 0.272 Thread 0x00000000181a79a0 Exception <a 'java/lang/NoSuchMethodError'{0x0000000604c5d230}: method resolution failed> (0x0000000604c5d230) 
thrown [./src/hotspot/share/prims/methodHandles.cpp, line 1144]

ZGC Phase Switch (0 events):
No events

VM Operations (20 events):
Event: 0.644 Executing VM operation: G1CollectForAllocation (G1 Evacuation Pause)
Event: 0.658 Executing VM operation: G1CollectForAllocation (G1 Evacuation Pause) done
Event: 0.663 Executing VM operation: HandshakeAllThreads (Deoptimize)
Event: 0.663 Executing VM operation: HandshakeAllThreads (Deoptimize) done
Event: 0.697 Executing VM operation: G1CollectFull (System.gc())
Event: 0.730 Executing VM operation: G1CollectFull (System.gc()) done
Event: 0.906 Executing VM operation: HandshakeAllThreads (Deoptimize)
Event: 0.906 Executing VM operation: HandshakeAllThreads (Deoptimize) done
Event: 0.923 Executing VM operation: HandshakeAllThreads (Deoptimize)
Event: 0.923 Executing VM operation: HandshakeAllThreads (Deoptimize) done
Event: 1.923 Executing VM operation: Cleanup
Event: 1.923 Executing VM operation: Cleanup done
Event: 2.779 Executing VM operation: G1CollectFull (System.gc())
Event: 2.819 Executing VM operation: G1CollectFull (System.gc()) done
Event: 4.819 Executing VM operation: Cleanup
Event: 4.819 Executing VM operation: Cleanup done
Event: 55.828 Executing VM operation: Cleanup
Event: 55.828 Executing VM operation: Cleanup done
Event: 60.829 Executing VM operation: Cleanup
Event: 60.829 Executing VM operation: Cleanup done

Memory protections (20 events):
Event: 0.054 Protecting memory [0x00007604bc400000,0x00007604bc404000] with protection modes 0
Event: 0.054 Protecting memory [0x00007604bc300000,0x00007604bc304000] with protection modes 0
Event: 0.057 Protecting memory [0x00007604bc200000,0x00007604bc204000] with protection modes 0
Event: 0.061 Protecting memory [0x00007604bc100000,0x00007604bc104000] with protection modes 0
Event: 0.061 Protecting memory [0x00007604bc000000,0x00007604bc004000] with protection modes 0
Event: 0.111 Protecting memory [0x0000760662212000,0x0000760662213000] with protection modes 1
Event: 0.121 Protecting memory [0x000076043a200000,0x000076043a204000] with protection modes 0
Event: 0.295 Protecting memory [0x00007604bc100000,0x00007604bc104000] with protection modes 0
Event: 0.296 Protecting memory [0x00007604bc200000,0x00007604bc204000] with protection modes 0
Event: 0.384 Protecting memory [0x00007604bc000000,0x00007604bc004000] with protection modes 0
Event: 0.390 Protecting memory [0x00007604641fb000,0x00007604641ff000] with protection modes 0
Event: 0.397 Protecting memory [0x00007604640fb000,0x00007604640ff000] with protection modes 0
Event: 0.400 Protecting memory [0x000076043a100000,0x000076043a104000] with protection modes 0
Event: 0.401 Protecting memory [0x000076043a000000,0x000076043a004000] with protection modes 0
Event: 0.407 Protecting memory [0x0000760439f00000,0x0000760439f04000] with protection modes 0
Event: 0.408 Protecting memory [0x0000760439e00000,0x0000760439e04000] with protection modes 0
Event: 4.385 Protecting memory [0x00007604bc300000,0x00007604bc304000] with protection modes 0
Event: 4.400 Protecting memory [0x00007604641fb000,0x00007604641ff000] with protection modes 0
Event: 62.634 Protecting memory [0x00007604bc400000,0x00007604bc404000] with protection modes 0
Event: 121.969 Protecting memory [0x0000760321600000,0x0000760321604000] with protection modes 0

Nmethod flushes (20 events):
Event: 2.799 Thread 0x0000000020423dc0 flushing  nmethod 0x00007604c9f4dd10
Event: 2.799 Thread 0x0000000020423dc0 flushing  nmethod 0x00007604c9f8e610
Event: 2.799 Thread 0x0000000020423dc0 flushing  nmethod 0x00007604c9f8f190
Event: 2.799 Thread 0x0000000020423dc0 flushing  nmethod 0x00007604c9f8f710
Event: 2.799 Thread 0x0000000020423dc0 flushing  nmethod 0x00007604c9f8fc10
Event: 2.799 Thread 0x0000000020423dc0 flushing  nmethod 0x00007604c9f8ff90
Event: 2.799 Thread 0x0000000020423dc0 flushing  nmethod 0x00007604c9f90510
Event: 2.799 Thread 0x0000000020423dc0 flushing  nmethod 0x00007604c9f90890
Event: 2.799 Thread 0x0000000020423dc0 flushing  nmethod 0x00007604c9f90e10
Event: 2.799 Thread 0x0000000020423dc0 flushing  nmethod 0x00007604c9f91390
Event: 2.799 Thread 0x0000000020423dc0 flushing  nmethod 0x00007604c9f91910
Event: 2.799 Thread 0x0000000020423dc0 flushing  nmethod 0x00007604c9f91e90
Event: 2.799 Thread 0x0000000020423dc0 flushing  nmethod 0x00007604c9f93710
Event: 2.799 Thread 0x0000000020423dc0 flushing  nmethod 0x00007604c9f97390
Event: 2.799 Thread 0x0000000020423dc0 flushing  nmethod 0x00007604c9fa0590
Event: 2.799 Thread 0x0000000020423dc0 flushing  nmethod 0x00007604c9fa0f10
Event: 2.799 Thread 0x0000000020423dc0 flushing  nmethod 0x00007604c9fa1b10
Event: 2.799 Thread 0x0000000020423dc0 flushing  nmethod 0x00007604c9fa2790
Event: 2.799 Thread 0x0000000020423dc0 flushing  nmethod 0x00007604c9fa3810
Event: 2.799 Thread 0x0000000020423dc0 flushing  nmethod 0x00007604c9fa5690

Events (20 events):
Event: 0.407 Thread 0x00007604280bc340 Thread added: 0x00007603fc059e90
Event: 0.408 Thread 0x00007603f40015c0 Thread added: 0x00007603f8016ef0
Event: 2.940 Thread 0x00007603f8016ef0 Thread exited: 0x00007603f8016ef0
Event: 2.940 Thread 0x000076041c01ca20 Thread exited: 0x000076041c01ca20
Event: 2.940 Thread 0x00007603fc059e90 Thread exited: 0x00007603fc059e90
Event: 2.940 Thread 0x0000760440071d50 Thread exited: 0x0000760440071d50
Event: 3.020 Thread 0x0000760440070f10 Thread exited: 0x0000760440070f10
Event: 3.020 Thread 0x00007603f40015c0 Thread exited: 0x00007603f40015c0
Event: 3.324 Thread 0x0000760440124950 Thread exited: 0x0000760440124950
Event: 3.324 Thread 0x00007604280bc340 Thread exited: 0x00007604280bc340
Event: 3.324 Thread 0x0000760424029f80 Thread exited: 0x0000760424029f80
Event: 4.343 Thread 0x000076044002e280 Thread exited: 0x000076044002e280
Event: 4.385 Thread 0x0000000020435440 Thread added: 0x0000760440124840
Event: 4.400 Thread 0x000076044002cd80 Thread added: 0x0000760430131e30
Event: 7.833 Thread 0x0000760430131e30 Thread exited: 0x0000760430131e30
Event: 7.833 Thread 0x0000760440124840 Thread exited: 0x0000760440124840
Event: 12.833 Thread 0x000076044002cd80 Thread exited: 0x000076044002cd80
Event: 62.634 Thread 0x0000000020435440 Thread added: 0x0000760440124840
Event: 63.883 Thread 0x0000760440124840 Thread exited: 0x0000760440124840
Event: 121.968 Thread 0x000000002042ed40 Thread added: 0x0000760450009110


Dynamic libraries:
00400000-00420000 r--p 00000000 08:05 8391893                            /usr/bin/python3.12
00420000-00703000 r-xp 00020000 08:05 8391893                            /usr/bin/python3.12
00703000-00a28000 r--p 00303000 08:05 8391893                            /usr/bin/python3.12
00a28000-00a29000 r--p 00627000 08:05 8391893                            /usr/bin/python3.12
00a29000-00ba7000 rw-p 00628000 08:05 8391893                            /usr/bin/python3.12
00ba7000-00bab000 rw-p 00000000 00:00 0 
146df000-25f49000 rw-p 00000000 00:00 0                                  [heap]
600000000-605000000 rw-p 00000000 00:00 0 
605000000-800000000 ---p 00000000 00:00 0 
760321600000-760321604000 ---p 00000000 00:00 0 
760321604000-760322000000 rw-p 00000000 00:00 0 
7603221ff000-760322200000 ---p 00000000 00:00 0 
760322200000-760322a00000 rw-p 00000000 00:00 0 
760322a00000-760324600000 rw-p 00000000 00:00 0 
760324600000-7603246e1000 r--p 00000000 08:05 8390854                    /usr/lib/x86_64-linux-gnu/libcuda.so.535.247.01
7603246e1000-760324c01000 r-xp 000e1000 08:05 8390854                    /usr/lib/x86_64-linux-gnu/libcuda.so.535.247.01
760324c01000-7603260e8000 r--p 00601000 08:05 8390854                    /usr/lib/x86_64-linux-gnu/libcuda.so.535.247.01
7603260e8000-760326101000 r--p 01ae7000 08:05 8390854                    /usr/lib/x86_64-linux-gnu/libcuda.so.535.247.01
760326101000-760326207000 rw-p 01b00000 08:05 8390854                    /usr/lib/x86_64-linux-gnu/libcuda.so.535.247.01
760326207000-76032626e000 rw-p 00000000 00:00 0 
760326300000-760326400000 rw-p 00000000 00:00 0 
760326400000-7603358e3000 r-xp 00000000 fc:00 35412103                   /home/henriqueramos_qs/meta-learning-concept-drift/.venv/lib/python3.12/site-packages/nvidia/nccl/lib/libnccl.so.2
7603358e3000-760335ae3000 ---p 0f4e3000 fc:00 35412103                   /home/henriqueramos_qs/meta-learning-concept-drift/.venv/lib/python3.12/site-packages/nvidia/nccl/lib/libnccl.so.2
760335ae3000-760335aed000 r--p 0f4e3000 fc:00 35412103                   /home/henriqueramos_qs/meta-learning-concept-drift/.venv/lib/python3.12/site-packages/nvidia/nccl/lib/libnccl.so.2
760335aed000-760335b00000 rw-p 0f4ed000 fc:00 35412103                   /home/henriqueramos_qs/meta-learning-concept-drift/.venv/lib/python3.12/site-packages/nvidia/nccl/lib/libnccl.so.2
760335b00000-760335b32000 rw-p 00000000 00:00 0 
760335c00000-76034f469000 r-xp 00000000 fc:00 35412387                   /home/henriqueramos_qs/meta-learning-concept-drift/.venv/lib/python3.12/site-packages/nvidia/cublas/lib/libcublasLt.so.12
76034f469000-76034f669000 ---p 19869000 fc:00 35412387                   /home/henriqueramos_qs/meta-learning-concept-drift/.venv/lib/python3.12/site-packages/nvidia/cublas/lib/libcublasLt.so.12
76034f669000-76034f8a7000 r--p 19869000 fc:00 35412387                   /home/henriqueramos_qs/meta-learning-concept-drift/.venv/lib/python3.12/site-packages/nvidia/cublas/lib/libcublasLt.so.12
76034f8a7000-76035325b000 rw-p 19aa7000 fc:00 35412387                   /home/henriqueramos_qs/meta-learning-concept-drift/.venv/lib/python3.12/site-packages/nvidia/cublas/lib/libcublasLt.so.12
76035325b000-76035742c000 rw-p 00000000 00:00 0 
760357500000-760357600000 rw-p 00000000 00:00 0 
760357600000-76035dd28000 r-xp 00000000 fc:00 35412386                   /home/henriqueramos_qs/meta-learning-concept-drift/.venv/lib/python3.12/site-packages/nvidia/cublas/lib/libcublas.so.12
76035dd28000-76035df28000 ---p 06728000 fc:00 35412386                   /home/henriqueramos_qs/meta-learning-concept-drift/.venv/lib/python3.12/site-packages/nvidia/cublas/lib/libcublas.so.12
76035df28000-76035df34000 r--p 06728000 fc:00 35412386                   /home/henriqueramos_qs/meta-learning-concept-drift/.venv/lib/python3.12/site-packages/nvidia/cublas/lib/libcublas.so.12
76035df34000-76035df3b000 rw-p 06734000 fc:00 35412386                   /home/henriqueramos_qs/meta-learning-concept-drift/.venv/lib/python3.12/site-packages/nvidia/cublas/lib/libcublas.so.12
76035df3b000-76035df47000 rw-p 00000000 00:00 0 
76035e000000-7603627cf000 r-xp 00000000 fc:00 35412140                   /home/henriqueramos_qs/meta-learning-concept-drift/.venv/lib/python3.12/site-packages/nvidia/curand/lib/libcurand.so.10
7603627cf000-7603629cf000 ---p 047cf000 fc:00 35412140                   /home/henriqueramos_qs/meta-learning-concept-drift/.venv/lib/python3.12/site-packages/nvidia/curand/lib/libcurand.so.10
7603629cf000-7603629d5000 r--p 047cf000 fc:00 35412140                   /home/henriqueramos_qs/meta-learning-concept-drift/.venv/lib/python3.12/site-packages/nvidia/curand/lib/libcurand.so.10
7603629d5000-760363e01000 rw-p 047d5000 fc:00 35412140                   /home/henriqueramos_qs/meta-learning-concept-drift/.venv/lib/python3.12/site-packages/nvidia/curand/lib/libcurand.so.10
760363e01000-760364439000 rw-p 00000000 00:00 0 
760364500000-760364600000 rw-p 00000000 00:00 0 
760364600000-760364b7a000 r-xp 00000000 fc:00 35414327                   /home/henriqueramos_qs/meta-learning-concept-drift/.venv/lib/python3.12/site-packages/nvidia/cufft/lib/libcufft.so.11
760364b7a000-760364d79000 ---p 0057a000 fc:00 35414327                   /home/henriqueramos_qs/meta-learning-concept-drift/.venv/lib/python3.12/site-packages/nvidia/cufft/lib/libcufft.so.11
760364d79000-760364d86000 r--p 00579000 fc:00 35414327                   /home/henriqueramos_qs/meta-learning-concept-drift/.venv/lib/python3.12/site-packages/nvidia/cufft/lib/libcufft.so.11
760364d86000-760375163000 rw-p 00586000 fc:00 35414327                   /home/henriqueramos_qs/meta-learning-concept-drift/.venv/lib/python3.12/site-packages/nvidia/cufft/lib/libcufft.so.11
760375163000-7603754aa000 rw-p 00000000 00:00 0 
7603754aa000-760375600000 ---p 10eaa000 fc:00 35414327                   /home/henriqueramos_qs/meta-learning-concept-drift/.venv/lib/python3.12/site-packages/nvidia/cufft/lib/libcufft.so.11
760375600000-760375601000 rw-p 10a00000 fc:00 35414327                   /home/henriqueramos_qs/meta-learning-concept-drift/.venv/lib/python3.12/site-packages/nvidia/cufft/lib/libcufft.so.11
760375700000-760375800000 rw-p 00000000 00:00 0 
760375800000-760386fba000 r-xp 00000000 fc:00 35414303                   /home/henriqueramos_qs/meta-learning-concept-drift/.venv/lib/python3.12/site-packages/nvidia/cusparse/lib/libcusparse.so.12
760386fba000-7603871ba000 ---p 117ba000 fc:00 35414303                   /home/henriqueramos_qs/meta-learning-concept-drift/.venv/lib/python3.12/site-packages/nvidia/cusparse/lib/libcusparse.so.12
7603871ba000-7603871c9000 r--p 117ba000 fc:00 35414303                   /home/henriqueramos_qs/meta-learning-concept-drift/.venv/lib/python3.12/site-packages/nvidia/cusparse/lib/libcusparse.so.12
7603871c9000-7603871e5000 rw-p 117c9000 fc:00 35414303                   /home/henriqueramos_qs/meta-learning-concept-drift/.venv/lib/python3.12/site-packages/nvidia/cusparse/lib/libcusparse.so.12
7603871e5000-7603871ea000 rw-p 00000000 00:00 0 
7603871ea000-760387200000 ---p 119ea000 fc:00 35414303                   /home/henriqueramos_qs/meta-learning-concept-drift/.venv/lib/python3.12/site-packages/nvidia/cusparse/lib/libcusparse.so.12
760387200000-760387205000 rw-p 11800000 fc:00 35414303                   /home/henriqueramos_qs/meta-learning-concept-drift/.venv/lib/python3.12/site-packages/nvidia/cusparse/lib/libcusparse.so.12
760387300000-760387400000 rw-p 00000000 00:00 0 
760387400000-7603874bb000 r--p 00000000 fc:00 35412357                   /home/henriqueramos_qs/meta-learning-concept-drift/.venv/lib/python3.12/site-packages/nvidia/cuda_cupti/lib/libcupti.so.12
7603874bb000-760387958000 r-xp 000bb000 fc:00 35412357                   /home/henriqueramos_qs/meta-learning-concept-drift/.venv/lib/python3.12/site-packages/nvidia/cuda_cupti/lib/libcupti.so.12
760387958000-760387aaf000 r--p 00558000 fc:00 35412357                   /home/henriqueramos_qs/meta-learning-concept-drift/.venv/lib/python3.12/site-packages/nvidia/cuda_cupti/lib/libcupti.so.12
760387aaf000-760387afc000 r--p 006ae000 fc:00 35412357                   /home/henriqueramos_qs/meta-learning-concept-drift/.venv/lib/python3.12/site-packages/nvidia/cuda_cupti/lib/libcupti.so.12
760387afc000-760387bb3000 rw-p 006fb000 fc:00 35412357                   /home/henriqueramos_qs/meta-learning-concept-drift/.venv/lib/python3.12/site-packages/nvidia/cuda_cupti/lib/libcupti.so.12
760387bb3000-760387bf4000 rw-p 00000000 00:00 0 
760387c00000-760387c2e000 r--p 00000000 fc:00 35412161                   /home/henriqueramos_qs/meta-learning-concept-drift/.venv/lib/python3.12/site-packages/nvidia/cufile/lib/libcufile.so.0
760387c2e000-760387e11000 r-xp 0002e000 fc:00 35412161                   /home/henriqueramos_qs/meta-learning-concept-drift/.venv/lib/python3.12/site-packages/nvidia/cufile/lib/libcufile.so.0
760387e11000-760387eb3000 r--p 00211000 fc:00 35412161                   /home/henriqueramos_qs/meta-learning-concept-drift/.venv/lib/python3.12/site-packages/nvidia/cufile/lib/libcufile.so.0
760387eb3000-760387eb4000 ---p 002b3000 fc:00 35412161                   /home/henriqueramos_qs/meta-learning-concept-drift/.venv/lib/python3.12/site-packages/nvidia/cufile/lib/libcufile.so.0
760387eb4000-760387eb9000 r--p 002b3000 fc:00 35412161                   /home/henriqueramos_qs/meta-learning-concept-drift/.venv/lib/python3.12/site-packages/nvidia/cufile/lib/libcufile.so.0
760387eb9000-760387ec1000 rw-p 002b8000 fc:00 35412161                   /home/henriqueramos_qs/meta-learning-concept-drift/.venv/lib/python3.12/site-packages/nvidia/cufile/lib/libcufile.so.0
760387ec1000-760387ecc000 rw-p 00000000 00:00 0 
760387ecc000-760387ed8000 rw-p 002db000 fc:00 35412161                   /home/henriqueramos_qs/meta-learning-concept-drift/.venv/lib/python3.12/site-packages/nvidia/cufile/lib/libcufile.so.0
760387f00000-760388000000 rw-p 00000000 00:00 0 
760388000000-760395929000 r-xp 00000000 fc:00 35407401                   /home/henriqueramos_qs/meta-learning-concept-drift/.venv/lib/python3.12/site-packages/cusparselt/lib/libcusparseLt.so.0
760395929000-760395b29000 ---p 0d929000 fc:00 35407401                   /home/henriqueramos_qs/meta-learning-concept-drift/.venv/lib/python3.12/site-packages/cusparselt/lib/libcusparseLt.so.0
760395b29000-760395b56000 r--p 0d929000 fc:00 35407401                   /home/henriqueramos_qs/meta-learning-concept-drift/.venv/lib/python3.12/site-packages/cusparselt/lib/libcusparseLt.so.0
760395b56000-760395b5f000 rw-p 0d956000 fc:00 35407401                   /home/henriqueramos_qs/meta-learning-concept-drift/.venv/lib/python3.12/site-packages/cusparselt/lib/libcusparseLt.so.0
760395b5f000-760395d4f000 rw-p 00000000 00:00 0 
760395d4f000-760396654000 rw-p 0d95f000 fc:00 35407401                   /home/henriqueramos_qs/meta-learning-concept-drift/.venv/lib/python3.12/site-packages/cusparselt/lib/libcusparseLt.so.0
760396700000-760396800000 rw-p 00000000 00:00 0 
760396800000-76039681e000 r-xp 00000000 fc:00 35414362                   /home/henriqueramos_qs/meta-learning-concept-drift/.venv/lib/python3.12/site-packages/nvidia/cudnn/lib/libcudnn.so.9
76039681e000-760396a1d000 ---p 0001e000 fc:00 35414362                   /home/henriqueramos_qs/meta-learning-concept-drift/.venv/lib/python3.12/site-packages/nvidia/cudnn/lib/libcudnn.so.9
760396a1d000-760396a1e000 r--p 0001d000 fc:00 35414362                   /home/henriqueramos_qs/meta-learning-concept-drift/.venv/lib/python3.12/site-packages/nvidia/cudnn/lib/libcudnn.so.9
760396a1e000-760396a1f000 rw-p 0001e000 fc:00 35414362                   /home/henriqueramos_qs/meta-learning-concept-drift/.venv/lib/python3.12/site-packages/nvidia/cudnn/lib/libcudnn.so.9
760396b00000-760396c00000 rw-p 00000000 00:00 0 
760396c00000-7603979bf000 r--p 00000000 fc:00 35521563                   /home/henriqueramos_qs/meta-learning-concept-drift/.venv/lib/python3.12/site-packages/torch/lib/libtorch_cuda.so
7603979bf000-76039a97b000 r-xp 00dbf000 fc:00 35521563                   /home/henriqueramos_qs/meta-learning-concept-drift/.venv/lib/python3.12/site-packages/torch/lib/libtorch_cuda.so
76039a97b000-7603cf277000 r--p 03d7b000 fc:00 35521563                   /home/henriqueramos_qs/meta-learning-concept-drift/.venv/lib/python3.12/site-packages/torch/lib/libtorch_cuda.so
7603cf277000-7603cf2ee000 r--p 38676000 fc:00 35521563                   /home/henriqueramos_qs/meta-learning-concept-drift/.venv/lib/python3.12/site-packages/torch/lib/libtorch_cuda.so
7603cf2ee000-7603cf310000 rw-p 386ed000 fc:00 35521563                   /home/henriqueramos_qs/meta-learning-concept-drift/.venv/lib/python3.12/site-packages/torch/lib/libtorch_cuda.so
7603cf310000-7603d005b000 rw-p 00000000 00:00 0 
7603d005b000-7603d0b3c000 rw-p 3a024000 fc:00 35521563                   /home/henriqueramos_qs/meta-learning-concept-drift/.venv/lib/python3.12/site-packages/torch/lib/libtorch_cuda.so
7603d0c00000-7603d1a29000 r--p 00000000 fc:00 35521562                   /home/henriqueramos_qs/meta-learning-concept-drift/.venv/lib/python3.12/site-packages/torch/lib/libtorch_cpu.so
7603d1a29000-7603e17d8000 r-xp 00e29000 fc:00 35521562                   /home/henriqueramos_qs/meta-learning-concept-drift/.venv/lib/python3.12/site-packages/torch/lib/libtorch_cpu.so
7603e17d8000-7603e4140000 r--p 10bd8000 fc:00 35521562                   /home/henriqueramos_qs/meta-learning-concept-drift/.venv/lib/python3.12/site-packages/torch/lib/libtorch_cpu.so
7603e4140000-7603e439c000 r--p 1353f000 fc:00 35521562                   /home/henriqueramos_qs/meta-learning-concept-drift/.venv/lib/python3.12/site-packages/torch/lib/libtorch_cpu.so
7603e439c000-7603e4406000 rw-p 1379b000 fc:00 35521562                   /home/henriqueramos_qs/meta-learning-concept-drift/.venv/lib/python3.12/site-packages/torch/lib/libtorch_cpu.so
7603e4406000-7603e4510000 rw-p 00000000 00:00 0 
7603e4510000-7603e4a29000 rw-p 18d85000 fc:00 35521562                   /home/henriqueramos_qs/meta-learning-concept-drift/.venv/lib/python3.12/site-packages/torch/lib/libtorch_cpu.so
7603e4b00000-7603e4c00000 rw-p 00000000 00:00 0 
7603e4c00000-7603e7677000 r-xp 00000000 fc:00 35412082                   /home/henriqueramos_qs/meta-learning-concept-drift/.venv/lib/python3.12/site-packages/nvidia/nvjitlink/lib/libnvJitLink.so.12
7603e7677000-7603e7877000 ---p 02a77000 fc:00 35412082                   /home/henriqueramos_qs/meta-learning-concept-drift/.venv/lib/python3.12/site-packages/nvidia/nvjitlink/lib/libnvJitLink.so.12
7603e7877000-7603e7da2000 r--p 02a77000 fc:00 35412082                   /home/henriqueramos_qs/meta-learning-concept-drift/.venv/lib/python3.12/site-packages/nvidia/nvjitlink/lib/libnvJitLink.so.12
7603e7da2000-7603e7e15000 rw-p 02fa2000 fc:00 35412082                   /home/henriqueramos_qs/meta-learning-concept-drift/.venv/lib/python3.12/site-packages/nvidia/nvjitlink/lib/libnvJitLink.so.12
7603e7e15000-7603e7e89000 rw-p 00000000 00:00 0 
7603e7f00000-7603e8000000 rw-p 00000000 00:00 0 
7603e8000000-7603eb0ef000 r-xp 00000000 fc:00 35412297                   /home/henriqueramos_qs/meta-learning-concept-drift/.venv/lib/python3.12/site-packages/nvidia/cuda_nvrtc/lib/libnvrtc.so.12
7603eb0ef000-7603eb2ee000 ---p 030ef000 fc:00 35412297                   /home/henriqueramos_qs/meta-learning-concept-drift/.venv/lib/python3.12/site-packages/nvidia/cuda_nvrtc/lib/libnvrtc.so.12
7603eb2ee000-7603eb877000 r--p 030ee000 fc:00 35412297                   /home/henriqueramos_qs/meta-learning-concept-drift/.venv/lib/python3.12/site-packages/nvidia/cuda_nvrtc/lib/libnvrtc.so.12
7603eb877000-7603eb95e000 rw-p 03677000 fc:00 35412297                   /home/henriqueramos_qs/meta-learning-concept-drift/.venv/lib/python3.12/site-packages/nvidia/cuda_nvrtc/lib/libnvrtc.so.12
7603eb95e000-7603ebc3a000 rw-p 00000000 00:00 0 
7603ebc3a000-7603ebe00000 ---p 03c3a000 fc:00 35412297                   /home/henriqueramos_qs/meta-learning-concept-drift/.venv/lib/python3.12/site-packages/nvidia/cuda_nvrtc/lib/libnvrtc.so.12
7603ebe00000-7603ebe02000 rw-p 03800000 fc:00 35412297                   /home/henriqueramos_qs/meta-learning-concept-drift/.venv/lib/python3.12/site-packages/nvidia/cuda_nvrtc/lib/libnvrtc.so.12
7603ebf00000-7603ec4a9000 rw-p 00000000 00:00 0 
7603ec4a9000-7603f0000000 ---p 00000000 00:00 0 
7603f0000000-7603f27df000 rw-p 00000000 00:00 0 
7603f27df000-7603f4000000 ---p 00000000 00:00 0 
7603f4000000-7603f4082000 rw-p 00000000 00:00 0 
7603f4082000-7603f8000000 ---p 00000000 00:00 0 
7603f8000000-7603f85b2000 rw-p 00000000 00:00 0 
7603f85b2000-7603fc000000 ---p 00000000 00:00 0 
7603fc000000-7603fcd6d000 rw-p 00000000 00:00 0 
7603fcd6d000-760400000000 ---p 00000000 00:00 0 
760400000000-760400b8f000 rw-p 00000000 00:00 0 
760400b8f000-760404000000 ---p 00000000 00:00 0 
760404000000-760404021000 rw-p 00000000 00:00 0 
760404021000-760408000000 ---p 00000000 00:00 0 
760408000000-760408021000 rw-p 00000000 00:00 0 
760408021000-76040c000000 ---p 00000000 00:00 0 
76040c000000-76040c021000 rw-p 00000000 00:00 0 
76040c021000-760410000000 ---p 00000000 00:00 0 
760410000000-760410021000 rw-p 00000000 00:00 0 
760410021000-760414000000 ---p 00000000 00:00 0 
760414000000-760414021000 rw-p 00000000 00:00 0 
760414021000-760418000000 ---p 00000000 00:00 0 
760418000000-760418021000 rw-p 00000000 00:00 0 
760418021000-76041c000000 ---p 00000000 00:00 0 
76041c000000-76041c0fe000 rw-p 00000000 00:00 0 
76041c0fe000-760420000000 ---p 00000000 00:00 0 
760420000000-760420563000 rw-p 00000000 00:00 0 
760420563000-760424000000 ---p 00000000 00:00 0 
760424000000-760424654000 rw-p 00000000 00:00 0 
760424654000-760428000000 ---p 00000000 00:00 0 
760428000000-760428154000 rw-p 00000000 00:00 0 
760428154000-76042c000000 ---p 00000000 00:00 0 
76042c000000-76042c021000 rw-p 00000000 00:00 0 
76042c021000-760430000000 ---p 00000000 00:00 0 
760430000000-760430135000 rw-p 00000000 00:00 0 
760430135000-760434000000 ---p 00000000 00:00 0 
760434000000-760434021000 rw-p 00000000 00:00 0 
760434021000-760438000000 ---p 00000000 00:00 0 
760438000000-760438200000 rw-p 00000000 00:00 0 
760438200000-76043837b000 r--p 00000000 fc:00 35521566                   /home/henriqueramos_qs/meta-learning-concept-drift/.venv/lib/python3.12/site-packages/torch/lib/libtorch_python.so
76043837b000-760438f1e000 r-xp 0017b000 fc:00 35521566                   /home/henriqueramos_qs/meta-learning-concept-drift/.venv/lib/python3.12/site-packages/torch/lib/libtorch_python.so
760438f1e000-760439302000 r--p 00d1e000 fc:00 35521566                   /home/henriqueramos_qs/meta-learning-concept-drift/.venv/lib/python3.12/site-packages/torch/lib/libtorch_python.so
760439302000-760439323000 r--p 01101000 fc:00 35521566                   /home/henriqueramos_qs/meta-learning-concept-drift/.venv/lib/python3.12/site-packages/torch/lib/libtorch_python.so
760439323000-760439381000 rw-p 01122000 fc:00 35521566                   /home/henriqueramos_qs/meta-learning-concept-drift/.venv/lib/python3.12/site-packages/torch/lib/libtorch_python.so
760439381000-7604393f7000 rw-p 00000000 00:00 0 
7604393f7000-760439485000 rw-p 018f0000 fc:00 35521566                   /home/henriqueramos_qs/meta-learning-concept-drift/.venv/lib/python3.12/site-packages/torch/lib/libtorch_python.so
760439500000-760439600000 rw-p 00000000 00:00 0 
760439600000-7604396a9000 r-xp 00000000 fc:00 35412275                   /home/henriqueramos_qs/meta-learning-concept-drift/.venv/lib/python3.12/site-packages/nvidia/cuda_runtime/lib/libcudart.so.12
7604396a9000-7604398a9000 ---p 000a9000 fc:00 35412275                   /home/henriqueramos_qs/meta-learning-concept-drift/.venv/lib/python3.12/site-packages/nvidia/cuda_runtime/lib/libcudart.so.12
7604398a9000-7604398ae000 r--p 000a9000 fc:00 35412275                   /home/henriqueramos_qs/meta-learning-concept-drift/.venv/lib/python3.12/site-packages/nvidia/cuda_runtime/lib/libcudart.so.12
7604398ae000-7604398af000 rw-p 000ae000 fc:00 35412275                   /home/henriqueramos_qs/meta-learning-concept-drift/.venv/lib/python3.12/site-packages/nvidia/cuda_runtime/lib/libcudart.so.12
7604398af000-7604398b1000 rw-p 00000000 00:00 0 
760439948000-76043996f000 r--p 00000000 fc:00 35521556                   /home/henriqueramos_qs/meta-learning-concept-drift/.venv/lib/python3.12/site-packages/torch/lib/libc10.so
76043996f000-760439a17000 r-xp 00027000 fc:00 35521556                   /home/henriqueramos_qs/meta-learning-concept-drift/.venv/lib/python3.12/site-packages/torch/lib/libc10.so
760439a17000-760439a4a000 r--p 000cf000 fc:00 35521556                   /home/henriqueramos_qs/meta-learning-concept-drift/.venv/lib/python3.12/site-packages/torch/lib/libc10.so
760439a4a000-760439a4d000 r--p 00101000 fc:00 35521556                   /home/henriqueramos_qs/meta-learning-concept-drift/.venv/lib/python3.12/site-packages/torch/lib/libc10.so
760439a4d000-760439a54000 rw-p 00104000 fc:00 35521556                   /home/henriqueramos_qs/meta-learning-concept-drift/.venv/lib/python3.12/site-packages/torch/lib/libc10.so
760439a54000-760439a56000 rw-p 00000000 00:00 0 
760439a56000-760439a6a000 rw-p 0014c000 fc:00 35521556                   /home/henriqueramos_qs/meta-learning-concept-drift/.venv/lib/python3.12/site-packages/torch/lib/libc10.so
760439a6a000-760439e00000 rw-p 00000000 00:00 0 
760439e00000-760439e04000 ---p 00000000 00:00 0 
760439e04000-760439f00000 rw-p 00000000 00:00 0 
760439f00000-760439f04000 ---p 00000000 00:00 0 
760439f04000-76043a000000 rw-p 00000000 00:00 0 
76043a000000-76043a004000 ---p 00000000 00:00 0 
76043a004000-76043a100000 rw-p 00000000 00:00 0 
76043a100000-76043a104000 ---p 00000000 00:00 0 
76043a104000-76043a200000 rw-p 00000000 00:00 0 
76043a200000-76043a204000 ---p 00000000 00:00 0 
76043a204000-76043ac00000 rw-p 00000000 00:00 0 
76043ac00000-76043ac04000 ---p 00000000 00:00 0 
76043ac04000-76043b600000 rw-p 00000000 00:00 0 
76043b600000-76043b604000 ---p 00000000 00:00 0 
76043b604000-76043c000000 rw-p 00000000 00:00 0 
76043c000000-76043c9e1000 rw-p 00000000 00:00 0 
76043c9e1000-760440000000 ---p 00000000 00:00 0 
760440000000-76044017f000 rw-p 00000000 00:00 0 
76044017f000-760444000000 ---p 00000000 00:00 0 
760444000000-760444021000 rw-p 00000000 00:00 0 
760444021000-760448000000 ---p 00000000 00:00 0 
760448000000-760448021000 rw-p 00000000 00:00 0 
760448021000-76044c000000 ---p 00000000 00:00 0 
76044c000000-76044c021000 rw-p 00000000 00:00 0 
76044c021000-760450000000 ---p 00000000 00:00 0 
760450000000-760450021000 rw-p 00000000 00:00 0 
760450021000-760454000000 ---p 00000000 00:00 0 
760454000000-760454a2e000 rw-p 00000000 00:00 0 
760454a2e000-760458000000 ---p 00000000 00:00 0 
760458000000-760458021000 rw-p 00000000 00:00 0 
760458021000-76045c000000 ---p 00000000 00:00 0 
76045c000000-76045c260000 rw-p 00000000 00:00 0 
76045c260000-76045c400000 ---p 00000000 00:00 0 
76045c400000-76045c520000 rw-p 00000000 00:00 0 
76045c520000-760460000000 ---p 00000000 00:00 0 
760460000000-760460021000 rw-p 00000000 00:00 0 
760460021000-760464000000 ---p 00000000 00:00 0 
76046404a000-760464059000 r--p 00000000 fc:00 35521557                   /home/henriqueramos_qs/meta-learning-concept-drift/.venv/lib/python3.12/site-packages/torch/lib/libc10_cuda.so
760464059000-7604640b4000 r-xp 0000f000 fc:00 35521557                   /home/henriqueramos_qs/meta-learning-concept-drift/.venv/lib/python3.12/site-packages/torch/lib/libc10_cuda.so
7604640b4000-7604640ca000 r--p 0006a000 fc:00 35521557                   /home/henriqueramos_qs/meta-learning-concept-drift/.venv/lib/python3.12/site-packages/torch/lib/libc10_cuda.so
7604640ca000-7604640cb000 ---p 00080000 fc:00 35521557                   /home/henriqueramos_qs/meta-learning-concept-drift/.venv/lib/python3.12/site-packages/torch/lib/libc10_cuda.so
7604640cb000-7604640cc000 r--p 00080000 fc:00 35521557                   /home/henriqueramos_qs/meta-learning-concept-drift/.venv/lib/python3.12/site-packages/torch/lib/libc10_cuda.so
7604640cc000-7604640cd000 rw-p 00081000 fc:00 35521557                   /home/henriqueramos_qs/meta-learning-concept-drift/.venv/lib/python3.12/site-packages/torch/lib/libc10_cuda.so
7604640cd000-7604640f3000 rw-p 00000000 00:00 0 
7604640f3000-7604640fb000 rw-p 000a3000 fc:00 35521557                   /home/henriqueramos_qs/meta-learning-concept-drift/.venv/lib/python3.12/site-packages/torch/lib/libc10_cuda.so
7604640fb000-7604640ff000 ---p 00000000 00:00 0 
7604640ff000-7604641fb000 rw-p 00000000 00:00 0 
7604641fb000-7604641ff000 ---p 00000000 00:00 0 
7604641ff000-7604642fb000 rw-p 00000000 00:00 0 
7604642fb000-7604642fc000 ---p 00000000 00:00 0 
7604642fc000-7604643fc000 rw-p 00000000 00:00 0 
7604643fc000-7604643fd000 ---p 00000000 00:00 0 
7604643fd000-7604644fd000 rw-p 00000000 00:00 0 
7604644fd000-7604644fe000 ---p 00000000 00:00 0 
7604644fe000-7604645fe000 rw-p 00000000 00:00 0 
7604645fe000-7604645ff000 ---p 00000000 00:00 0 
7604645ff000-7604646ff000 rw-p 00000000 00:00 0 
7604646ff000-760464700000 ---p 00000000 00:00 0 
760464700000-760464800000 rw-p 00000000 00:00 0 
760464800000-760464804000 ---p 00000000 00:00 0 
760464804000-760465200000 rw-p 00000000 00:00 0 
760465200000-760465204000 ---p 00000000 00:00 0 
760465204000-760465c00000 rw-p 00000000 00:00 0 
760465c00000-760465c04000 ---p 00000000 00:00 0 
760465c04000-760466600000 rw-p 00000000 00:00 0 
760466600000-760466604000 ---p 00000000 00:00 0 
760466604000-760467000000 rw-p 00000000 00:00 0 
760467000000-760467ca0000 rw-p 00001000 08:05 8922105                    /usr/lib/jvm/java-21-openjdk-amd64/lib/server/classes.jsa
760467ca0000-760468000000 ---p 00000000 00:00 0 
760468000000-760468030000 rw-p 00000000 00:00 0 
760468030000-760468040000 ---p 00000000 00:00 0 
760468040000-760468080000 rw-p 00000000 00:00 0 
760468080000-7604a8000000 ---p 00000000 00:00 0 
7604a8000000-7604a8021000 rw-p 00000000 00:00 0 
7604a8021000-7604ac000000 ---p 00000000 00:00 0 
7604ac000000-7604ac021000 rw-p 00000000 00:00 0 
7604ac021000-7604b0000000 ---p 00000000 00:00 0 
7604b0000000-7604b0021000 rw-p 00000000 00:00 0 
7604b0021000-7604b4000000 ---p 00000000 00:00 0 
7604b4000000-7604b4021000 rw-p 00000000 00:00 0 
7604b4021000-7604b8000000 ---p 00000000 00:00 0 
7604b8000000-7604b8021000 rw-p 00000000 00:00 0 
7604b8021000-7604bc000000 ---p 00000000 00:00 0 
7604bc000000-7604bc004000 ---p 00000000 00:00 0 
7604bc004000-7604bc100000 rw-p 00000000 00:00 0 
7604bc100000-7604bc104000 ---p 00000000 00:00 0 
7604bc104000-7604bc200000 rw-p 00000000 00:00 0 
7604bc200000-7604bc204000 ---p 00000000 00:00 0 
7604bc204000-7604bc300000 rw-p 00000000 00:00 0 
7604bc300000-7604bc304000 ---p 00000000 00:00 0 
7604bc304000-7604bc400000 rw-p 00000000 00:00 0 
7604bc400000-7604bc404000 ---p 00000000 00:00 0 
7604bc404000-7604bc500000 rw-p 00000000 00:00 0 
7604bc500000-7604bc504000 ---p 00000000 00:00 0 
7604bc504000-7604bc600000 rw-p 00000000 00:00 0 
7604bc600000-7604bc604000 ---p 00000000 00:00 0 
7604bc604000-7604bd000000 rw-p 00000000 00:00 0 
7604bd02b000-7604bd030000 r--p 00000000 08:05 8922088                    /usr/lib/jvm/java-21-openjdk-amd64/lib/libjsvml.so
7604bd030000-7604bd071000 r-xp 00005000 08:05 8922088                    /usr/lib/jvm/java-21-openjdk-amd64/lib/libjsvml.so
7604bd071000-7604bd0fa000 r--p 00046000 08:05 8922088                    /usr/lib/jvm/java-21-openjdk-amd64/lib/libjsvml.so
7604bd0fa000-7604bd0fb000 r--p 000ce000 08:05 8922088                    /usr/lib/jvm/java-21-openjdk-amd64/lib/libjsvml.so
7604bd0fb000-7604bd0fc000 rw-p 000cf000 08:05 8922088                    /usr/lib/jvm/java-21-openjdk-amd64/lib/libjsvml.so
7604bd0fc000-7604bd100000 ---p 00000000 00:00 0 
7604bd100000-7604bd1fc000 rw-p 00000000 00:00 0 
7604bd1fc000-7604bd1fd000 ---p 00000000 00:00 0 
7604bd1fd000-7604bd2fd000 rw-p 00000000 00:00 0 
7604bd2fd000-7604bd2fe000 ---p 00000000 00:00 0 
7604bd2fe000-7604bd3fe000 rw-p 00000000 00:00 0 
7604bd3fe000-7604bd3ff000 ---p 00000000 00:00 0 
7604bd3ff000-7604bd4ff000 rw-p 00000000 00:00 0 
7604bd4ff000-7604bd500000 ---p 00000000 00:00 0 
7604bd500000-7604bd600000 rw-p 00000000 00:00 0 
7604bd600000-7604bf600000 rw-p 00000000 00:00 0 
7604bf679000-7604bf67a000 ---p 00000000 00:00 0 
7604bf67a000-7604bf77a000 rw-p 00000000 00:00 0 
7604bf77a000-7604bf77b000 ---p 00000000 00:00 0 
7604bf77b000-7604bf87b000 rw-p 00000000 00:00 0 
7604bf87b000-7604bfd40000 rw-p 00000000 00:00 0 
7604bfd40000-7604c7c00000 ---p 00000000 00:00 0 
7604c7c00000-7604c7c28000 rw-p 00000000 00:00 0 
7604c7c28000-7604c8c00000 ---p 00000000 00:00 0 
7604c8c00000-7604c8c28000 rw-p 00000000 00:00 0 
7604c8c28000-7604c9c00000 ---p 00000000 00:00 0 
7604c9c17000-7604c9c18000 ---p 00000000 00:00 0 
7604c9c18000-7604c9d18000 rw-p 00000000 00:00 0 
7604c9d18000-7604c9d1d000 rw-p 00000000 00:00 0 
7604c9d1d000-7604c9e00000 ---p 00000000 00:00 0 
7604c9e00000-7604ca070000 rwxp 00000000 00:00 0 
7604ca070000-7604d11cf000 ---p 00000000 00:00 0 
7604d11cf000-7604d163f000 rwxp 00000000 00:00 0 
7604d163f000-7604d1a30000 ---p 00000000 00:00 0 
7604d1a30000-7604d1ca0000 rwxp 00000000 00:00 0 
7604d1ca0000-7604d8e00000 ---p 00000000 00:00 0 
7604d8e00000-7604e142a000 r--s 00000000 08:05 8922104                    /usr/lib/jvm/java-21-openjdk-amd64/lib/modules
7604e1499000-7604e14a1000 r--p 00000000 fc:00 35521561                   /home/henriqueramos_qs/meta-learning-concept-drift/.venv/lib/python3.12/site-packages/torch/lib/libtorch.so
7604e14a1000-7604e14bd000 r-xp 00008000 fc:00 35521561                   /home/henriqueramos_qs/meta-learning-concept-drift/.venv/lib/python3.12/site-packages/torch/lib/libtorch.so
7604e14bd000-7604e14c5000 r--p 00024000 fc:00 35521561                   /home/henriqueramos_qs/meta-learning-concept-drift/.venv/lib/python3.12/site-packages/torch/lib/libtorch.so
7604e14c5000-7604e14c6000 ---p 0002c000 fc:00 35521561                   /home/henriqueramos_qs/meta-learning-concept-drift/.venv/lib/python3.12/site-packages/torch/lib/libtorch.so
7604e14c6000-7604e14c7000 r--p 0002c000 fc:00 35521561                   /home/henriqueramos_qs/meta-learning-concept-drift/.venv/lib/python3.12/site-packages/torch/lib/libtorch.so
7604e14c7000-7604e14c8000 rw-p 0002d000 fc:00 35521561                   /home/henriqueramos_qs/meta-learning-concept-drift/.venv/lib/python3.12/site-packages/torch/lib/libtorch.so
7604e14c8000-7604e14cd000 rw-p 0003b000 fc:00 35521561                   /home/henriqueramos_qs/meta-learning-concept-drift/.venv/lib/python3.12/site-packages/torch/lib/libtorch.so
7604e14cd000-7604e14d4000 r--p 00000000 08:05 8922096                    /usr/lib/jvm/java-21-openjdk-amd64/lib/libnio.so
7604e14d4000-7604e14dd000 r-xp 00007000 08:05 8922096                    /usr/lib/jvm/java-21-openjdk-amd64/lib/libnio.so
7604e14dd000-7604e14e1000 r--p 00010000 08:05 8922096                    /usr/lib/jvm/java-21-openjdk-amd64/lib/libnio.so
7604e14e1000-7604e14e2000 r--p 00014000 08:05 8922096                    /usr/lib/jvm/java-21-openjdk-amd64/lib/libnio.so
7604e14e2000-7604e14e3000 rw-p 00015000 08:05 8922096                    /usr/lib/jvm/java-21-openjdk-amd64/lib/libnio.so
7604e14e3000-7604e14e8000 rw-p 00000000 00:00 0 
7604e14e8000-7604e15cb000 ---p 00000000 00:00 0 
7604e15cb000-7604e15d4000 rw-p 00000000 00:00 0 
7604e15d4000-7604e15dc000 ---p 00000000 00:00 0 
7604e15dc000-7604e15e9000 r--p 00000000 08:05 8922081                    /usr/lib/jvm/java-21-openjdk-amd64/lib/libjava.so
7604e15e9000-7604e15f8000 r-xp 0000d000 08:05 8922081                    /usr/lib/jvm/java-21-openjdk-amd64/lib/libjava.so
7604e15f8000-7604e15fd000 r--p 0001c000 08:05 8922081                    /usr/lib/jvm/java-21-openjdk-amd64/lib/libjava.so
7604e15fd000-7604e15fe000 r--p 00021000 08:05 8922081                    /usr/lib/jvm/java-21-openjdk-amd64/lib/libjava.so
7604e15fe000-7604e15ff000 rw-p 00022000 08:05 8922081                    /usr/lib/jvm/java-21-openjdk-amd64/lib/libjava.so
7604e15ff000-7604e1600000 rw-p 00000000 00:00 0 
7604e1600000-7604e18a2000 r--p 00000000 08:05 8922108                    /usr/lib/jvm/java-21-openjdk-amd64/lib/server/libjvm.so
7604e18a2000-7604e2717000 r-xp 002a2000 08:05 8922108                    /usr/lib/jvm/java-21-openjdk-amd64/lib/server/libjvm.so
7604e2717000-7604e29f1000 r--p 01117000 08:05 8922108                    /usr/lib/jvm/java-21-openjdk-amd64/lib/server/libjvm.so
7604e29f1000-7604e2ac5000 r--p 013f0000 08:05 8922108                    /usr/lib/jvm/java-21-openjdk-amd64/lib/server/libjvm.so
7604e2ac5000-7604e2af5000 rw-p 014c4000 08:05 8922108                    /usr/lib/jvm/java-21-openjdk-amd64/lib/server/libjvm.so
7604e2af5000-7604e2b5b000 rw-p 00000000 00:00 0 
7604e2b5b000-7604e2b5e000 r--p 00000000 08:05 8922095                    /usr/lib/jvm/java-21-openjdk-amd64/lib/libnet.so
7604e2b5e000-7604e2b66000 r-xp 00003000 08:05 8922095                    /usr/lib/jvm/java-21-openjdk-amd64/lib/libnet.so
7604e2b66000-7604e2b68000 r--p 0000b000 08:05 8922095                    /usr/lib/jvm/java-21-openjdk-amd64/lib/libnet.so
7604e2b68000-7604e2b69000 r--p 0000c000 08:05 8922095                    /usr/lib/jvm/java-21-openjdk-amd64/lib/libnet.so
7604e2b69000-7604e2b6a000 rw-p 0000d000 08:05 8922095                    /usr/lib/jvm/java-21-openjdk-amd64/lib/libnet.so
7604e2b6a000-7604e2ba5000 r--p 00000000 fc:00 34899781                   /home/henriqueramos_qs/meta-learning-concept-drift/.venv/lib/python3.12/site-packages/_jpype.cpython-312-x86_64-linux-gnu.so
7604e2ba5000-7604e2bf9000 r-xp 0003b000 fc:00 34899781                   /home/henriqueramos_qs/meta-learning-concept-drift/.venv/lib/python3.12/site-packages/_jpype.cpython-312-x86_64-linux-gnu.so
7604e2bf9000-7604e2c21000 r--p 0008f000 fc:00 34899781                   /home/henriqueramos_qs/meta-learning-concept-drift/.venv/lib/python3.12/site-packages/_jpype.cpython-312-x86_64-linux-gnu.so
7604e2c21000-7604e2c22000 ---p 000b7000 fc:00 34899781                   /home/henriqueramos_qs/meta-learning-concept-drift/.venv/lib/python3.12/site-packages/_jpype.cpython-312-x86_64-linux-gnu.so
7604e2c22000-7604e2c26000 r--p 000b7000 fc:00 34899781                   /home/henriqueramos_qs/meta-learning-concept-drift/.venv/lib/python3.12/site-packages/_jpype.cpython-312-x86_64-linux-gnu.so
7604e2c26000-7604e2c2a000 rw-p 000bb000 fc:00 34899781                   /home/henriqueramos_qs/meta-learning-concept-drift/.venv/lib/python3.12/site-packages/_jpype.cpython-312-x86_64-linux-gnu.so
7604e2c2a000-7604e2e2a000 rw-p 00000000 00:00 0 
7604e2e2a000-7604e2e2f000 r--p 00000000 fc:00 34868728                   /home/henriqueramos_qs/meta-learning-concept-drift/.venv/lib/python3.12/site-packages/scipy/cluster/_optimal_leaf_ordering.cpython-312-x86_64-linux-gnu.so
7604e2e2f000-7604e2e6b000 r-xp 00005000 fc:00 34868728                   /home/henriqueramos_qs/meta-learning-concept-drift/.venv/lib/python3.12/site-packages/scipy/cluster/_optimal_leaf_ordering.cpython-312-x86_64-linux-gnu.so
7604e2e6b000-7604e2e74000 r--p 00041000 fc:00 34868728                   /home/henriqueramos_qs/meta-learning-concept-drift/.venv/lib/python3.12/site-packages/scipy/cluster/_optimal_leaf_ordering.cpython-312-x86_64-linux-gnu.so
7604e2e74000-7604e2e75000 r--p 00049000 fc:00 34868728                   /home/henriqueramos_qs/meta-learning-concept-drift/.venv/lib/python3.12/site-packages/scipy/cluster/_optimal_leaf_ordering.cpython-312-x86_64-linux-gnu.so
7604e2e75000-7604e2e77000 rw-p 0004a000 fc:00 34868728                   /home/henriqueramos_qs/meta-learning-concept-drift/.venv/lib/python3.12/site-packages/scipy/cluster/_optimal_leaf_ordering.cpython-312-x86_64-linux-gnu.so
7604e2e77000-7604e2e78000 rw-p 00000000 00:00 0 
7604e2e78000-7604e2e7d000 r--p 00000000 fc:00 34868730                   /home/henriqueramos_qs/meta-learning-concept-drift/.venv/lib/python3.12/site-packages/scipy/cluster/_hierarchy.cpython-312-x86_64-linux-gnu.so
7604e2e7d000-7604e2ec7000 r-xp 00005000 fc:00 34868730                   /home/henriqueramos_qs/meta-learning-concept-drift/.venv/lib/python3.12/site-packages/scipy/cluster/_hierarchy.cpython-312-x86_64-linux-gnu.so
7604e2ec7000-7604e2ed4000 r--p 0004f000 fc:00 34868730                   /home/henriqueramos_qs/meta-learning-concept-drift/.venv/lib/python3.12/site-packages/scipy/cluster/_hierarchy.cpython-312-x86_64-linux-gnu.so
7604e2ed4000-7604e2ed5000 r--p 0005b000 fc:00 34868730                   /home/henriqueramos_qs/meta-learning-concept-drift/.venv/lib/python3.12/site-packages/scipy/cluster/_hierarchy.cpython-312-x86_64-linux-gnu.so
7604e2ed5000-7604e2ed8000 rw-p 0005c000 fc:00 34868730                   /home/henriqueramos_qs/meta-learning-concept-drift/.venv/lib/python3.12/site-packages/scipy/cluster/_hierarchy.cpython-312-x86_64-linux-gnu.so
7604e2ed8000-7604e2ed9000 rw-p 00000000 00:00 0 
7604e2ed9000-7604e2edc000 r--p 00000000 fc:00 34868731                   /home/henriqueramos_qs/meta-learning-concept-drift/.venv/lib/python3.12/site-packages/scipy/cluster/_vq.cpython-312-x86_64-linux-gnu.so
7604e2edc000-7604e2ef0000 r-xp 00003000 fc:00 34868731                   /home/henriqueramos_qs/meta-learning-concept-drift/.venv/lib/python3.12/site-packages/scipy/cluster/_vq.cpython-312-x86_64-linux-gnu.so
7604e2ef0000-7604e2ef4000 r--p 00017000 fc:00 34868731                   /home/henriqueramos_qs/meta-learning-concept-drift/.venv/lib/python3.12/site-packages/scipy/cluster/_vq.cpython-312-x86_64-linux-gnu.so
7604e2ef4000-7604e2ef5000 r--p 0001a000 fc:00 34868731                   /home/henriqueramos_qs/meta-learning-concept-drift/.venv/lib/python3.12/site-packages/scipy/cluster/_vq.cpython-312-x86_64-linux-gnu.so
7604e2ef5000-7604e2ef6000 rw-p 0001b000 fc:00 34868731                   /home/henriqueramos_qs/meta-learning-concept-drift/.venv/lib/python3.12/site-packages/scipy/cluster/_vq.cpython-312-x86_64-linux-gnu.so
7604e2ef6000-7604e2ff6000 rw-p 00000000 00:00 0 
7604e2ff6000-7604e2ffa000 r--p 00000000 fc:00 34996378                   /home/henriqueramos_qs/meta-learning-concept-drift/.venv/lib/python3.12/site-packages/river/drift/adwin_c.cpython-312-x86_64-linux-gnu.so
7604e2ffa000-7604e3011000 r-xp 00004000 fc:00 34996378                   /home/henriqueramos_qs/meta-learning-concept-drift/.venv/lib/python3.12/site-packages/river/drift/adwin_c.cpython-312-x86_64-linux-gnu.so
7604e3011000-7604e3016000 r--p 0001b000 fc:00 34996378                   /home/henriqueramos_qs/meta-learning-concept-drift/.venv/lib/python3.12/site-packages/river/drift/adwin_c.cpython-312-x86_64-linux-gnu.so
7604e3016000-7604e3017000 r--p 0001f000 fc:00 34996378                   /home/henriqueramos_qs/meta-learning-concept-drift/.venv/lib/python3.12/site-packages/river/drift/adwin_c.cpython-312-x86_64-linux-gnu.so
7604e3017000-7604e3019000 rw-p 00020000 fc:00 34996378                   /home/henriqueramos_qs/meta-learning-concept-drift/.venv/lib/python3.12/site-packages/river/drift/adwin_c.cpython-312-x86_64-linux-gnu.so
7604e3019000-7604e3619000 rw-p 00000000 00:00 0 
7604e3619000-7604e3622000 r--p 00000000 fc:00 35534111                   /home/henriqueramos_qs/meta-learning-concept-drift/.venv/lib/python3.12/site-packages/greenlet/_greenlet.cpython-312-x86_64-linux-gnu.so
7604e3622000-7604e3633000 r-xp 00009000 fc:00 35534111                   /home/henriqueramos_qs/meta-learning-concept-drift/.venv/lib/python3.12/site-packages/greenlet/_greenlet.cpython-312-x86_64-linux-gnu.so
7604e3633000-7604e3639000 r--p 0001a000 fc:00 35534111                   /home/henriqueramos_qs/meta-learning-concept-drift/.venv/lib/python3.12/site-packages/greenlet/_greenlet.cpython-312-x86_64-linux-gnu.so
7604e3639000-7604e363a000 r--p 00020000 fc:00 35534111                   /home/henriqueramos_qs/meta-learning-concept-drift/.venv/lib/python3.12/site-packages/greenlet/_greenlet.cpython-312-x86_64-linux-gnu.so
7604e363a000-7604e363b000 rw-p 00021000 fc:00 35534111                   /home/henriqueramos_qs/meta-learning-concept-drift/.venv/lib/python3.12/site-packages/greenlet/_greenlet.cpython-312-x86_64-linux-gnu.so
7604e363b000-7604e363f000 r--p 00000000 fc:00 35534473                   /home/henriqueramos_qs/meta-learning-concept-drift/.venv/lib/python3.12/site-packages/sqlalchemy/cyextension/util.cpython-312-x86_64-linux-gnu.so
7604e363f000-7604e3650000 r-xp 00004000 fc:00 35534473                   /home/henriqueramos_qs/meta-learning-concept-drift/.venv/lib/python3.12/site-packages/sqlalchemy/cyextension/util.cpython-312-x86_64-linux-gnu.so
7604e3650000-7604e3654000 r--p 00015000 fc:00 35534473                   /home/henriqueramos_qs/meta-learning-concept-drift/.venv/lib/python3.12/site-packages/sqlalchemy/cyextension/util.cpython-312-x86_64-linux-gnu.so
7604e3654000-7604e3655000 r--p 00018000 fc:00 35534473                   /home/henriqueramos_qs/meta-learning-concept-drift/.venv/lib/python3.12/site-packages/sqlalchemy/cyextension/util.cpython-312-x86_64-linux-gnu.so
7604e3655000-7604e3656000 rw-p 00019000 fc:00 35534473                   /home/henriqueramos_qs/meta-learning-concept-drift/.venv/lib/python3.12/site-packages/sqlalchemy/cyextension/util.cpython-312-x86_64-linux-gnu.so
7604e3656000-7604e3657000 rw-p 00000000 00:00 0 
7604e3657000-7604e365b000 r--p 00000000 fc:00 35534469                   /home/henriqueramos_qs/meta-learning-concept-drift/.venv/lib/python3.12/site-packages/sqlalchemy/cyextension/resultproxy.cpython-312-x86_64-linux-gnu.so
7604e365b000-7604e3666000 r-xp 00004000 fc:00 35534469                   /home/henriqueramos_qs/meta-learning-concept-drift/.venv/lib/python3.12/site-packages/sqlalchemy/cyextension/resultproxy.cpython-312-x86_64-linux-gnu.so
7604e3666000-7604e3669000 r--p 0000f000 fc:00 35534469                   /home/henriqueramos_qs/meta-learning-concept-drift/.venv/lib/python3.12/site-packages/sqlalchemy/cyextension/resultproxy.cpython-312-x86_64-linux-gnu.so
7604e3669000-7604e366a000 ---p 00012000 fc:00 35534469                   /home/henriqueramos_qs/meta-learning-concept-drift/.venv/lib/python3.12/site-packages/sqlalchemy/cyextension/resultproxy.cpython-312-x86_64-linux-gnu.so
7604e366a000-7604e366b000 r--p 00012000 fc:00 35534469                   /home/henriqueramos_qs/meta-learning-concept-drift/.venv/lib/python3.12/site-packages/sqlalchemy/cyextension/resultproxy.cpython-312-x86_64-linux-gnu.so
7604e366b000-7604e366c000 rw-p 00013000 fc:00 35534469                   /home/henriqueramos_qs/meta-learning-concept-drift/.venv/lib/python3.12/site-packages/sqlalchemy/cyextension/resultproxy.cpython-312-x86_64-linux-gnu.so
7604e366c000-7604e366d000 rw-p 00000000 00:00 0 
7604e366d000-7604e3674000 r--p 00000000 fc:00 35534471                   /home/henriqueramos_qs/meta-learning-concept-drift/.venv/lib/python3.12/site-packages/sqlalchemy/cyextension/collections.cpython-312-x86_64-linux-gnu.so
7604e3674000-7604e3698000 r-xp 00007000 fc:00 35534471                   /home/henriqueramos_qs/meta-learning-concept-drift/.venv/lib/python3.12/site-packages/sqlalchemy/cyextension/collections.cpython-312-x86_64-linux-gnu.so
7604e3698000-7604e36a0000 r--p 0002b000 fc:00 35534471                   /home/henriqueramos_qs/meta-learning-concept-drift/.venv/lib/python3.12/site-packages/sqlalchemy/cyextension/collections.cpython-312-x86_64-linux-gnu.so
7604e36a0000-7604e36a1000 ---p 00033000 fc:00 35534471                   /home/henriqueramos_qs/meta-learning-concept-drift/.venv/lib/python3.12/site-packages/sqlalchemy/cyextension/collections.cpython-312-x86_64-linux-gnu.so
7604e36a1000-7604e36a2000 r--p 00033000 fc:00 35534471                   /home/henriqueramos_qs/meta-learning-concept-drift/.venv/lib/python3.12/site-packages/sqlalchemy/cyextension/collections.cpython-312-x86_64-linux-gnu.so
7604e36a2000-7604e36a5000 rw-p 00034000 fc:00 35534471                   /home/henriqueramos_qs/meta-learning-concept-drift/.venv/lib/python3.12/site-packages/sqlalchemy/cyextension/collections.cpython-312-x86_64-linux-gnu.so
7604e36a5000-7604e37a5000 rw-p 00000000 00:00 0 
7604e37a5000-7604e37aa000 r--p 00000000 fc:00 34869300                   /home/henriqueramos_qs/meta-learning-concept-drift/.venv/lib/python3.12/site-packages/scipy/io/matlab/_mio5_utils.cpython-312-x86_64-linux-gnu.so
7604e37aa000-7604e37d1000 r-xp 00005000 fc:00 34869300                   /home/henriqueramos_qs/meta-learning-concept-drift/.venv/lib/python3.12/site-packages/scipy/io/matlab/_mio5_utils.cpython-312-x86_64-linux-gnu.so
7604e37d1000-7604e37d9000 r--p 0002c000 fc:00 34869300                   /home/henriqueramos_qs/meta-learning-concept-drift/.venv/lib/python3.12/site-packages/scipy/io/matlab/_mio5_utils.cpython-312-x86_64-linux-gnu.so
7604e37d9000-7604e37da000 r--p 00033000 fc:00 34869300                   /home/henriqueramos_qs/meta-learning-concept-drift/.venv/lib/python3.12/site-packages/scipy/io/matlab/_mio5_utils.cpython-312-x86_64-linux-gnu.so
7604e37da000-7604e37dc000 rw-p 00034000 fc:00 34869300                   /home/henriqueramos_qs/meta-learning-concept-drift/.venv/lib/python3.12/site-packages/scipy/io/matlab/_mio5_utils.cpython-312-x86_64-linux-gnu.so
7604e37dc000-7604e38dc000 rw-p 00000000 00:00 0 
7604e38dc000-7604e38e2000 r--p 00000000 fc:00 34996757                   /home/henriqueramos_qs/meta-learning-concept-drift/.venv/lib/python3.12/site-packages/river/utils/vectordict.cpython-312-x86_64-linux-gnu.so
7604e38e2000-7604e3910000 r-xp 00006000 fc:00 34996757                   /home/henriqueramos_qs/meta-learning-concept-drift/.venv/lib/python3.12/site-packages/river/utils/vectordict.cpython-312-x86_64-linux-gnu.so
7604e3910000-7604e3918000 r--p 00034000 fc:00 34996757                   /home/henriqueramos_qs/meta-learning-concept-drift/.venv/lib/python3.12/site-packages/river/utils/vectordict.cpython-312-x86_64-linux-gnu.so
7604e3918000-7604e3919000 r--p 0003b000 fc:00 34996757                   /home/henriqueramos_qs/meta-learning-concept-drift/.venv/lib/python3.12/site-packages/river/utils/vectordict.cpython-312-x86_64-linux-gnu.so
7604e3919000-7604e391d000 rw-p 0003c000 fc:00 34996757                   /home/henriqueramos_qs/meta-learning-concept-drift/.venv/lib/python3.12/site-packages/river/utils/vectordict.cpython-312-x86_64-linux-gnu.so
7604e391d000-7604e3947000 r--p 00000000 fc:00 34996353                   /home/henriqueramos_qs/meta-learning-concept-drift/.venv/lib/python3.12/site-packages/river/stats/_rust_stats.cpython-312-x86_64-linux-gnu.so
7604e3947000-7604e39b4000 r-xp 00029000 fc:00 34996353                   /home/henriqueramos_qs/meta-learning-concept-drift/.venv/lib/python3.12/site-packages/river/stats/_rust_stats.cpython-312-x86_64-linux-gnu.so
7604e39b4000-7604e39bc000 r--p 00095000 fc:00 34996353                   /home/henriqueramos_qs/meta-learning-concept-drift/.venv/lib/python3.12/site-packages/river/stats/_rust_stats.cpython-312-x86_64-linux-gnu.so
7604e39bc000-7604e39bd000 rw-p 0009c000 fc:00 34996353                   /home/henriqueramos_qs/meta-learning-concept-drift/.venv/lib/python3.12/site-packages/river/stats/_rust_stats.cpython-312-x86_64-linux-gnu.so
7604e39bd000-7604e39be000 rw-p 00000000 00:00 0 
7604e39be000-7604e39c3000 r--p 00000000 fc:00 34869054                   /home/henriqueramos_qs/meta-learning-concept-drift/.venv/lib/python3.12/site-packages/scipy/signal/_peak_finding_utils.cpython-312-x86_64-linux-gnu.so
7604e39c3000-7604e39f2000 r-xp 00005000 fc:00 34869054                   /home/henriqueramos_qs/meta-learning-concept-drift/.venv/lib/python3.12/site-packages/scipy/signal/_peak_finding_utils.cpython-312-x86_64-linux-gnu.so
7604e39f2000-7604e39fb000 r--p 00034000 fc:00 34869054                   /home/henriqueramos_qs/meta-learning-concept-drift/.venv/lib/python3.12/site-packages/scipy/signal/_peak_finding_utils.cpython-312-x86_64-linux-gnu.so
7604e39fb000-7604e39fc000 ---p 0003d000 fc:00 34869054                   /home/henriqueramos_qs/meta-learning-concept-drift/.venv/lib/python3.12/site-packages/scipy/signal/_peak_finding_utils.cpython-312-x86_64-linux-gnu.so
7604e39fc000-7604e39fd000 r--p 0003d000 fc:00 34869054                   /home/henriqueramos_qs/meta-learning-concept-drift/.venv/lib/python3.12/site-packages/scipy/signal/_peak_finding_utils.cpython-312-x86_64-linux-gnu.so
7604e39fd000-7604e39ff000 rw-p 0003e000 fc:00 34869054                   /home/henriqueramos_qs/meta-learning-concept-drift/.venv/lib/python3.12/site-packages/scipy/signal/_peak_finding_utils.cpython-312-x86_64-linux-gnu.so
7604e39ff000-7604e3a00000 rw-p 00000000 00:00 0 
7604e3a00000-7604e3b29000 r--p 00000000 fc:00 35401307                   /home/henriqueramos_qs/meta-learning-concept-drift/.venv/lib/python3.12/site-packages/lightgbm/lib/lib_lightgbm.so
7604e3b29000-7604e41b7000 r-xp 00129000 fc:00 35401307                   /home/henriqueramos_qs/meta-learning-concept-drift/.venv/lib/python3.12/site-packages/lightgbm/lib/lib_lightgbm.so
7604e41b7000-7604e4279000 r--p 007b7000 fc:00 35401307                   /home/henriqueramos_qs/meta-learning-concept-drift/.venv/lib/python3.12/site-packages/lightgbm/lib/lib_lightgbm.so
7604e4279000-7604e4285000 r--p 00879000 fc:00 35401307                   /home/henriqueramos_qs/meta-learning-concept-drift/.venv/lib/python3.12/site-packages/lightgbm/lib/lib_lightgbm.so
7604e4285000-7604e428a000 rw-p 00885000 fc:00 35401307                   /home/henriqueramos_qs/meta-learning-concept-drift/.venv/lib/python3.12/site-packages/lightgbm/lib/lib_lightgbm.so
7604e428a000-7604e428b000 rw-p 00000000 00:00 0 
7604e428f000-7604e4293000 r--p 00000000 fc:00 35534467                   /home/henriqueramos_qs/meta-learning-concept-drift/.venv/lib/python3.12/site-packages/sqlalchemy/cyextension/processors.cpython-312-x86_64-linux-gnu.so
7604e4293000-7604e429e000 r-xp 00004000 fc:00 35534467                   /home/henriqueramos_qs/meta-learning-concept-drift/.venv/lib/python3.12/site-packages/sqlalchemy/cyextension/processors.cpython-312-x86_64-linux-gnu.so
7604e429e000-7604e42a1000 r--p 0000f000 fc:00 35534467                   /home/henriqueramos_qs/meta-learning-concept-drift/.venv/lib/python3.12/site-packages/sqlalchemy/cyextension/processors.cpython-312-x86_64-linux-gnu.so
7604e42a1000-7604e42a2000 r--p 00011000 fc:00 35534467                   /home/henriqueramos_qs/meta-learning-concept-drift/.venv/lib/python3.12/site-packages/sqlalchemy/cyextension/processors.cpython-312-x86_64-linux-gnu.so
7604e42a2000-7604e42a3000 rw-p 00012000 fc:00 35534467                   /home/henriqueramos_qs/meta-learning-concept-drift/.venv/lib/python3.12/site-packages/sqlalchemy/cyextension/processors.cpython-312-x86_64-linux-gnu.so
7604e42a3000-7604e42a4000 rw-p 00000000 00:00 0 
7604e42a4000-7604e42a8000 r--p 00000000 fc:00 35534472                   /home/henriqueramos_qs/meta-learning-concept-drift/.venv/lib/python3.12/site-packages/sqlalchemy/cyextension/immutabledict.cpython-312-x86_64-linux-gnu.so
7604e42a8000-7604e42b6000 r-xp 00004000 fc:00 35534472                   /home/henriqueramos_qs/meta-learning-concept-drift/.venv/lib/python3.12/site-packages/sqlalchemy/cyextension/immutabledict.cpython-312-x86_64-linux-gnu.so
7604e42b6000-7604e42ba000 r--p 00012000 fc:00 35534472                   /home/henriqueramos_qs/meta-learning-concept-drift/.venv/lib/python3.12/site-packages/sqlalchemy/cyextension/immutabledict.cpython-312-x86_64-linux-gnu.so
7604e42ba000-7604e42bb000 r--p 00015000 fc:00 35534472                   /home/henriqueramos_qs/meta-learning-concept-drift/.venv/lib/python3.12/site-packages/sqlalchemy/cyextension/immutabledict.cpython-312-x86_64-linux-gnu.so
7604e42bb000-7604e42bd000 rw-p 00016000 fc:00 35534472                   /home/henriqueramos_qs/meta-learning-concept-drift/.venv/lib/python3.12/site-packages/sqlalchemy/cyextension/immutabledict.cpython-312-x86_64-linux-gnu.so
7604e42bd000-7604e42c2000 r--p 00000000 fc:00 34869027                   /home/henriqueramos_qs/meta-learning-concept-drift/.venv/lib/python3.12/site-packages/scipy/signal/_sosfilt.cpython-312-x86_64-linux-gnu.so
7604e42c2000-7604e42f4000 r-xp 00005000 fc:00 34869027                   /home/henriqueramos_qs/meta-learning-concept-drift/.venv/lib/python3.12/site-packages/scipy/signal/_sosfilt.cpython-312-x86_64-linux-gnu.so
7604e42f4000-7604e42fc000 r--p 00037000 fc:00 34869027                   /home/henriqueramos_qs/meta-learning-concept-drift/.venv/lib/python3.12/site-packages/scipy/signal/_sosfilt.cpython-312-x86_64-linux-gnu.so
7604e42fc000-7604e42fd000 r--p 0003e000 fc:00 34869027                   /home/henriqueramos_qs/meta-learning-concept-drift/.venv/lib/python3.12/site-packages/scipy/signal/_sosfilt.cpython-312-x86_64-linux-gnu.so
7604e42fd000-7604e42ff000 rw-p 0003f000 fc:00 34869027                   /home/henriqueramos_qs/meta-learning-concept-drift/.venv/lib/python3.12/site-packages/scipy/signal/_sosfilt.cpython-312-x86_64-linux-gnu.so
7604e42ff000-7604e4400000 rw-p 00000000 00:00 0 
7604e4400000-7604e440c000 r--p 00000000 fc:00 35399529                   /home/henriqueramos_qs/meta-learning-concept-drift/.venv/lib/python3.12/site-packages/sklearn/_loss/_loss.cpython-312-x86_64-linux-gnu.so
7604e440c000-7604e4681000 r-xp 0000c000 fc:00 35399529                   /home/henriqueramos_qs/meta-learning-concept-drift/.venv/lib/python3.12/site-packages/sklearn/_loss/_loss.cpython-312-x86_64-linux-gnu.so
7604e4681000-7604e46a7000 r--p 00281000 fc:00 35399529                   /home/henriqueramos_qs/meta-learning-concept-drift/.venv/lib/python3.12/site-packages/sklearn/_loss/_loss.cpython-312-x86_64-linux-gnu.so
7604e46a7000-7604e46a9000 r--p 002a6000 fc:00 35399529                   /home/henriqueramos_qs/meta-learning-concept-drift/.venv/lib/python3.12/site-packages/sklearn/_loss/_loss.cpython-312-x86_64-linux-gnu.so
7604e46a9000-7604e46af000 rw-p 002a8000 fc:00 35399529                   /home/henriqueramos_qs/meta-learning-concept-drift/.venv/lib/python3.12/site-packages/sklearn/_loss/_loss.cpython-312-x86_64-linux-gnu.so
7604e46af000-7604e46b1000 rw-p 00000000 00:00 0 
7604e46b1000-7604e46b4000 rw-p 002ce000 fc:00 35399529                   /home/henriqueramos_qs/meta-learning-concept-drift/.venv/lib/python3.12/site-packages/sklearn/_loss/_loss.cpython-312-x86_64-linux-gnu.so
7604e46c0000-7604e46c4000 r--p 00000000 fc:00 34869303                   /home/henriqueramos_qs/meta-learning-concept-drift/.venv/lib/python3.12/site-packages/scipy/io/matlab/_streams.cpython-312-x86_64-linux-gnu.so
7604e46c4000-7604e46d9000 r-xp 00004000 fc:00 34869303                   /home/henriqueramos_qs/meta-learning-concept-drift/.venv/lib/python3.12/site-packages/scipy/io/matlab/_streams.cpython-312-x86_64-linux-gnu.so
7604e46d9000-7604e46dd000 r--p 00019000 fc:00 34869303                   /home/henriqueramos_qs/meta-learning-concept-drift/.venv/lib/python3.12/site-packages/scipy/io/matlab/_streams.cpython-312-x86_64-linux-gnu.so
7604e46dd000-7604e46de000 ---p 0001d000 fc:00 34869303                   /home/henriqueramos_qs/meta-learning-concept-drift/.venv/lib/python3.12/site-packages/scipy/io/matlab/_streams.cpython-312-x86_64-linux-gnu.so
7604e46de000-7604e46df000 r--p 0001d000 fc:00 34869303                   /home/henriqueramos_qs/meta-learning-concept-drift/.venv/lib/python3.12/site-packages/scipy/io/matlab/_streams.cpython-312-x86_64-linux-gnu.so
7604e46df000-7604e46e1000 rw-p 0001e000 fc:00 34869303                   /home/henriqueramos_qs/meta-learning-concept-drift/.venv/lib/python3.12/site-packages/scipy/io/matlab/_streams.cpython-312-x86_64-linux-gnu.so
7604e46e1000-7604e46e4000 r--p 00000000 fc:00 34869287                   /home/henriqueramos_qs/meta-learning-concept-drift/.venv/lib/python3.12/site-packages/scipy/io/matlab/_mio_utils.cpython-312-x86_64-linux-gnu.so
7604e46e4000-7604e46ed000 r-xp 00003000 fc:00 34869287                   /home/henriqueramos_qs/meta-learning-concept-drift/.venv/lib/python3.12/site-packages/scipy/io/matlab/_mio_utils.cpython-312-x86_64-linux-gnu.so
7604e46ed000-7604e46ef000 r--p 0000c000 fc:00 34869287                   /home/henriqueramos_qs/meta-learning-concept-drift/.venv/lib/python3.12/site-packages/scipy/io/matlab/_mio_utils.cpython-312-x86_64-linux-gnu.so
7604e46ef000-7604e46f0000 ---p 0000e000 fc:00 34869287                   /home/henriqueramos_qs/meta-learning-concept-drift/.venv/lib/python3.12/site-packages/scipy/io/matlab/_mio_utils.cpython-312-x86_64-linux-gnu.so
7604e46f0000-7604e46f1000 r--p 0000e000 fc:00 34869287                   /home/henriqueramos_qs/meta-learning-concept-drift/.venv/lib/python3.12/site-packages/scipy/io/matlab/_mio_utils.cpython-312-x86_64-linux-gnu.so
7604e46f1000-7604e46f2000 rw-p 0000f000 fc:00 34869287                   /home/henriqueramos_qs/meta-learning-concept-drift/.venv/lib/python3.12/site-packages/scipy/io/matlab/_mio_utils.cpython-312-x86_64-linux-gnu.so
7604e46f2000-7604e46f3000 r--p 00000000 fc:00 34869030                   /home/henriqueramos_qs/meta-learning-concept-drift/.venv/lib/python3.12/site-packages/scipy/signal/_spline.cpython-312-x86_64-linux-gnu.so
7604e46f3000-7604e4702000 r-xp 00001000 fc:00 34869030                   /home/henriqueramos_qs/meta-learning-concept-drift/.venv/lib/python3.12/site-packages/scipy/signal/_spline.cpython-312-x86_64-linux-gnu.so
7604e4702000-7604e4704000 r--p 00010000 fc:00 34869030                   /home/henriqueramos_qs/meta-learning-concept-drift/.venv/lib/python3.12/site-packages/scipy/signal/_spline.cpython-312-x86_64-linux-gnu.so
7604e4704000-7604e4705000 r--p 00011000 fc:00 34869030                   /home/henriqueramos_qs/meta-learning-concept-drift/.venv/lib/python3.12/site-packages/scipy/signal/_spline.cpython-312-x86_64-linux-gnu.so
7604e4705000-7604e4707000 rw-p 00012000 fc:00 34869030                   /home/henriqueramos_qs/meta-learning-concept-drift/.venv/lib/python3.12/site-packages/scipy/signal/_spline.cpython-312-x86_64-linux-gnu.so
7604e4707000-7604e470c000 r--p 00000000 fc:00 34869033                   /home/henriqueramos_qs/meta-learning-concept-drift/.venv/lib/python3.12/site-packages/scipy/signal/_upfirdn_apply.cpython-312-x86_64-linux-gnu.so
7604e470c000-7604e4750000 r-xp 00005000 fc:00 34869033                   /home/henriqueramos_qs/meta-learning-concept-drift/.venv/lib/python3.12/site-packages/scipy/signal/_upfirdn_apply.cpython-312-x86_64-linux-gnu.so
7604e4750000-7604e4759000 r--p 00049000 fc:00 34869033                   /home/henriqueramos_qs/meta-learning-concept-drift/.venv/lib/python3.12/site-packages/scipy/signal/_upfirdn_apply.cpython-312-x86_64-linux-gnu.so
7604e4759000-7604e475a000 ---p 00052000 fc:00 34869033                   /home/henriqueramos_qs/meta-learning-concept-drift/.venv/lib/python3.12/site-packages/scipy/signal/_upfirdn_apply.cpython-312-x86_64-linux-gnu.so
7604e475a000-7604e475b000 r--p 00052000 fc:00 34869033                   /home/henriqueramos_qs/meta-learning-concept-drift/.venv/lib/python3.12/site-packages/scipy/signal/_upfirdn_apply.cpython-312-x86_64-linux-gnu.so
7604e475b000-7604e475d000 rw-p 00053000 fc:00 34869033                   /home/henriqueramos_qs/meta-learning-concept-drift/.venv/lib/python3.12/site-packages/scipy/signal/_upfirdn_apply.cpython-312-x86_64-linux-gnu.so
7604e475d000-7604e475e000 rw-p 00000000 00:00 0 
7604e475e000-7604e4762000 r--p 00000000 fc:00 35400119                   /home/henriqueramos_qs/meta-learning-concept-drift/.venv/lib/python3.12/site-packages/sklearn/manifold/_barnes_hut_tsne.cpython-312-x86_64-linux-gnu.so
7604e4762000-7604e4771000 r-xp 00004000 fc:00 35400119                   /home/henriqueramos_qs/meta-learning-concept-drift/.venv/lib/python3.12/site-packages/sklearn/manifold/_barnes_hut_tsne.cpython-312-x86_64-linux-gnu.so
7604e4771000-7604e4776000 r--p 00013000 fc:00 35400119                   /home/henriqueramos_qs/meta-learning-concept-drift/.venv/lib/python3.12/site-packages/sklearn/manifold/_barnes_hut_tsne.cpython-312-x86_64-linux-gnu.so
7604e4776000-7604e4777000 r--p 00017000 fc:00 35400119                   /home/henriqueramos_qs/meta-learning-concept-drift/.venv/lib/python3.12/site-packages/sklearn/manifold/_barnes_hut_tsne.cpython-312-x86_64-linux-gnu.so
7604e4777000-7604e4778000 rw-p 00018000 fc:00 35400119                   /home/henriqueramos_qs/meta-learning-concept-drift/.venv/lib/python3.12/site-packages/sklearn/manifold/_barnes_hut_tsne.cpython-312-x86_64-linux-gnu.so
7604e4778000-7604e477b000 rw-p 0001e000 fc:00 35400119                   /home/henriqueramos_qs/meta-learning-concept-drift/.venv/lib/python3.12/site-packages/sklearn/manifold/_barnes_hut_tsne.cpython-312-x86_64-linux-gnu.so
7604e477b000-7604e477f000 r--p 00000000 fc:00 35399500                   /home/henriqueramos_qs/meta-learning-concept-drift/.venv/lib/python3.12/site-packages/sklearn/_isotonic.cpython-312-x86_64-linux-gnu.so
7604e477f000-7604e479b000 r-xp 00004000 fc:00 35399500                   /home/henriqueramos_qs/meta-learning-concept-drift/.venv/lib/python3.12/site-packages/sklearn/_isotonic.cpython-312-x86_64-linux-gnu.so
7604e479b000-7604e47a1000 r--p 00020000 fc:00 35399500                   /home/henriqueramos_qs/meta-learning-concept-drift/.venv/lib/python3.12/site-packages/sklearn/_isotonic.cpython-312-x86_64-linux-gnu.so
7604e47a1000-7604e47a2000 r--p 00025000 fc:00 35399500                   /home/henriqueramos_qs/meta-learning-concept-drift/.venv/lib/python3.12/site-packages/sklearn/_isotonic.cpython-312-x86_64-linux-gnu.so
7604e47a2000-7604e47a3000 rw-p 00026000 fc:00 35399500                   /home/henriqueramos_qs/meta-learning-concept-drift/.venv/lib/python3.12/site-packages/sklearn/_isotonic.cpython-312-x86_64-linux-gnu.so
7604e47a3000-7604e47a4000 rw-p 00000000 00:00 0 
7604e47a4000-7604e47a9000 r--p 00000000 fc:00 35399571                   /home/henriqueramos_qs/meta-learning-concept-drift/.venv/lib/python3.12/site-packages/sklearn/cluster/_hdbscan/_reachability.cpython-312-x86_64-linux-gnu.so
7604e47a9000-7604e47d1000 r-xp 00005000 fc:00 35399571                   /home/henriqueramos_qs/meta-learning-concept-drift/.venv/lib/python3.12/site-packages/sklearn/cluster/_hdbscan/_reachability.cpython-312-x86_64-linux-gnu.so
7604e47d1000-7604e47d8000 r--p 0002d000 fc:00 35399571                   /home/henriqueramos_qs/meta-learning-concept-drift/.venv/lib/python3.12/site-packages/sklearn/cluster/_hdbscan/_reachability.cpython-312-x86_64-linux-gnu.so
7604e47d8000-7604e47d9000 ---p 00034000 fc:00 35399571                   /home/henriqueramos_qs/meta-learning-concept-drift/.venv/lib/python3.12/site-packages/sklearn/cluster/_hdbscan/_reachability.cpython-312-x86_64-linux-gnu.so
7604e47d9000-7604e47da000 r--p 00034000 fc:00 35399571                   /home/henriqueramos_qs/meta-learning-concept-drift/.venv/lib/python3.12/site-packages/sklearn/cluster/_hdbscan/_reachability.cpython-312-x86_64-linux-gnu.so
7604e47da000-7604e47db000 rw-p 00035000 fc:00 35399571                   /home/henriqueramos_qs/meta-learning-concept-drift/.venv/lib/python3.12/site-packages/sklearn/cluster/_hdbscan/_reachability.cpython-312-x86_64-linux-gnu.so
7604e47db000-7604e47dc000 rw-p 00000000 00:00 0 
7604e47dc000-7604e47e1000 r--p 00000000 fc:00 35399573                   /home/henriqueramos_qs/meta-learning-concept-drift/.venv/lib/python3.12/site-packages/sklearn/cluster/_hdbscan/_tree.cpython-312-x86_64-linux-gnu.so
7604e47e1000-7604e480d000 r-xp 00005000 fc:00 35399573                   /home/henriqueramos_qs/meta-learning-concept-drift/.venv/lib/python3.12/site-packages/sklearn/cluster/_hdbscan/_tree.cpython-312-x86_64-linux-gnu.so
7604e480d000-7604e4815000 r--p 00031000 fc:00 35399573                   /home/henriqueramos_qs/meta-learning-concept-drift/.venv/lib/python3.12/site-packages/sklearn/cluster/_hdbscan/_tree.cpython-312-x86_64-linux-gnu.so
7604e4815000-7604e4816000 r--p 00038000 fc:00 35399573                   /home/henriqueramos_qs/meta-learning-concept-drift/.venv/lib/python3.12/site-packages/sklearn/cluster/_hdbscan/_tree.cpython-312-x86_64-linux-gnu.so
7604e4816000-7604e4817000 rw-p 00039000 fc:00 35399573                   /home/henriqueramos_qs/meta-learning-concept-drift/.venv/lib/python3.12/site-packages/sklearn/cluster/_hdbscan/_tree.cpython-312-x86_64-linux-gnu.so
7604e4817000-7604e4818000 rw-p 00000000 00:00 0 
7604e4818000-7604e481d000 r--p 00000000 fc:00 35399558                   /home/henriqueramos_qs/meta-learning-concept-drift/.venv/lib/python3.12/site-packages/sklearn/cluster/_k_means_lloyd.cpython-312-x86_64-linux-gnu.so
7604e481d000-7604e4846000 r-xp 00005000 fc:00 35399558                   /home/henriqueramos_qs/meta-learning-concept-drift/.venv/lib/python3.12/site-packages/sklearn/cluster/_k_means_lloyd.cpython-312-x86_64-linux-gnu.so
7604e4846000-7604e484e000 r--p 0002e000 fc:00 35399558                   /home/henriqueramos_qs/meta-learning-concept-drift/.venv/lib/python3.12/site-packages/sklearn/cluster/_k_means_lloyd.cpython-312-x86_64-linux-gnu.so
7604e484e000-7604e484f000 ---p 00036000 fc:00 35399558                   /home/henriqueramos_qs/meta-learning-concept-drift/.venv/lib/python3.12/site-packages/sklearn/cluster/_k_means_lloyd.cpython-312-x86_64-linux-gnu.so
7604e484f000-7604e4850000 r--p 00036000 fc:00 35399558                   /home/henriqueramos_qs/meta-learning-concept-drift/.venv/lib/python3.12/site-packages/sklearn/cluster/_k_means_lloyd.cpython-312-x86_64-linux-gnu.so
7604e4850000-7604e4851000 rw-p 00037000 fc:00 35399558                   /home/henriqueramos_qs/meta-learning-concept-drift/.venv/lib/python3.12/site-packages/sklearn/cluster/_k_means_lloyd.cpython-312-x86_64-linux-gnu.so
7604e4851000-7604e4852000 rw-p 00000000 00:00 0 
7604e4852000-7604e4855000 rw-p 0003f000 fc:00 35399558                   /home/henriqueramos_qs/meta-learning-concept-drift/.venv/lib/python3.12/site-packages/sklearn/cluster/_k_means_lloyd.cpython-312-x86_64-linux-gnu.so
7604e4855000-7604e4c00000 rw-p 00000000 00:00 0 
7604e4c00000-7604e4c25000 r-xp 00000000 fc:00 35399493                   /home/henriqueramos_qs/meta-learning-concept-drift/.venv/lib/python3.12/site-packages/scikit_learn.libs/libgomp-a34b3233.so.1.0.0
7604e4c25000-7604e4e24000 ---p 00025000 fc:00 35399493                   /home/henriqueramos_qs/meta-learning-concept-drift/.venv/lib/python3.12/site-packages/scikit_learn.libs/libgomp-a34b3233.so.1.0.0
7604e4e24000-7604e4e25000 r--p 00024000 fc:00 35399493                   /home/henriqueramos_qs/meta-learning-concept-drift/.venv/lib/python3.12/site-packages/scikit_learn.libs/libgomp-a34b3233.so.1.0.0
7604e4e25000-7604e4e2a000 rw-p 00025000 fc:00 35399493                   /home/henriqueramos_qs/meta-learning-concept-drift/.venv/lib/python3.12/site-packages/scikit_learn.libs/libgomp-a34b3233.so.1.0.0
7604e4e2a000-7604e4e2e000 r--p 00000000 fc:00 35399569                   /home/henriqueramos_qs/meta-learning-concept-drift/.venv/lib/python3.12/site-packages/sklearn/cluster/_hdbscan/_linkage.cpython-312-x86_64-linux-gnu.so
7604e4e2e000-7604e4e41000 r-xp 00004000 fc:00 35399569                   /home/henriqueramos_qs/meta-learning-concept-drift/.venv/lib/python3.12/site-packages/sklearn/cluster/_hdbscan/_linkage.cpython-312-x86_64-linux-gnu.so
7604e4e41000-7604e4e46000 r--p 00017000 fc:00 35399569                   /home/henriqueramos_qs/meta-learning-concept-drift/.venv/lib/python3.12/site-packages/sklearn/cluster/_hdbscan/_linkage.cpython-312-x86_64-linux-gnu.so
7604e4e46000-7604e4e47000 ---p 0001c000 fc:00 35399569                   /home/henriqueramos_qs/meta-learning-concept-drift/.venv/lib/python3.12/site-packages/sklearn/cluster/_hdbscan/_linkage.cpython-312-x86_64-linux-gnu.so
7604e4e47000-7604e4e48000 r--p 0001c000 fc:00 35399569                   /home/henriqueramos_qs/meta-learning-concept-drift/.venv/lib/python3.12/site-packages/sklearn/cluster/_hdbscan/_linkage.cpython-312-x86_64-linux-gnu.so
7604e4e48000-7604e4e49000 rw-p 0001d000 fc:00 35399569                   /home/henriqueramos_qs/meta-learning-concept-drift/.venv/lib/python3.12/site-packages/sklearn/cluster/_hdbscan/_linkage.cpython-312-x86_64-linux-gnu.so
7604e4e49000-7604e4e4e000 r--p 00000000 fc:00 35399556                   /home/henriqueramos_qs/meta-learning-concept-drift/.venv/lib/python3.12/site-packages/sklearn/cluster/_k_means_elkan.cpython-312-x86_64-linux-gnu.so
7604e4e4e000-7604e4e90000 r-xp 00005000 fc:00 35399556                   /home/henriqueramos_qs/meta-learning-concept-drift/.venv/lib/python3.12/site-packages/sklearn/cluster/_k_means_elkan.cpython-312-x86_64-linux-gnu.so
7604e4e90000-7604e4e9b000 r--p 00047000 fc:00 35399556                   /home/henriqueramos_qs/meta-learning-concept-drift/.venv/lib/python3.12/site-packages/sklearn/cluster/_k_means_elkan.cpython-312-x86_64-linux-gnu.so
7604e4e9b000-7604e4e9c000 ---p 00052000 fc:00 35399556                   /home/henriqueramos_qs/meta-learning-concept-drift/.venv/lib/python3.12/site-packages/sklearn/cluster/_k_means_elkan.cpython-312-x86_64-linux-gnu.so
7604e4e9c000-7604e4e9d000 r--p 00052000 fc:00 35399556                   /home/henriqueramos_qs/meta-learning-concept-drift/.venv/lib/python3.12/site-packages/sklearn/cluster/_k_means_elkan.cpython-312-x86_64-linux-gnu.so
7604e4e9d000-7604e4e9e000 rw-p 00053000 fc:00 35399556                   /home/henriqueramos_qs/meta-learning-concept-drift/.venv/lib/python3.12/site-packages/sklearn/cluster/_k_means_elkan.cpython-312-x86_64-linux-gnu.so
7604e4e9e000-7604e4e9f000 rw-p 00000000 00:00 0 
7604e4e9f000-7604e4ea2000 rw-p 0005c000 fc:00 35399556                   /home/henriqueramos_qs/meta-learning-concept-drift/.venv/lib/python3.12/site-packages/sklearn/cluster/_k_means_elkan.cpython-312-x86_64-linux-gnu.so
7604e4ea2000-7604e4ea7000 r--p 00000000 fc:00 35399553                   /home/henriqueramos_qs/meta-learning-concept-drift/.venv/lib/python3.12/site-packages/sklearn/cluster/_k_means_common.cpython-312-x86_64-linux-gnu.so
7604e4ea7000-7604e4ef0000 r-xp 00005000 fc:00 35399553                   /home/henriqueramos_qs/meta-learning-concept-drift/.venv/lib/python3.12/site-packages/sklearn/cluster/_k_means_common.cpython-312-x86_64-linux-gnu.so
7604e4ef0000-7604e4ef9000 r--p 0004e000 fc:00 35399553                   /home/henriqueramos_qs/meta-learning-concept-drift/.venv/lib/python3.12/site-packages/sklearn/cluster/_k_means_common.cpython-312-x86_64-linux-gnu.so
7604e4ef9000-7604e4efa000 ---p 00057000 fc:00 35399553                   /home/henriqueramos_qs/meta-learning-concept-drift/.venv/lib/python3.12/site-packages/sklearn/cluster/_k_means_common.cpython-312-x86_64-linux-gnu.so
7604e4efa000-7604e4efb000 r--p 00057000 fc:00 35399553                   /home/henriqueramos_qs/meta-learning-concept-drift/.venv/lib/python3.12/site-packages/sklearn/cluster/_k_means_common.cpython-312-x86_64-linux-gnu.so
7604e4efb000-7604e4efd000 rw-p 00058000 fc:00 35399553                   /home/henriqueramos_qs/meta-learning-concept-drift/.venv/lib/python3.12/site-packages/sklearn/cluster/_k_means_common.cpython-312-x86_64-linux-gnu.so
7604e4efd000-7604e4f00000 rw-p 00062000 fc:00 35399553                   /home/henriqueramos_qs/meta-learning-concept-drift/.venv/lib/python3.12/site-packages/sklearn/cluster/_k_means_common.cpython-312-x86_64-linux-gnu.so
7604e4f00000-7604e5000000 rw-p 00000000 00:00 0 
7604e5000000-7604e500e000 r--p 00000000 fc:00 34868529                   /home/henriqueramos_qs/meta-learning-concept-drift/.venv/lib/python3.12/site-packages/scipy/special/cython_special.cpython-312-x86_64-linux-gnu.so
7604e500e000-7604e52a4000 r-xp 0000e000 fc:00 34868529                   /home/henriqueramos_qs/meta-learning-concept-drift/.venv/lib/python3.12/site-packages/scipy/special/cython_special.cpython-312-x86_64-linux-gnu.so
7604e52a4000-7604e52ea000 r--p 002a4000 fc:00 34868529                   /home/henriqueramos_qs/meta-learning-concept-drift/.venv/lib/python3.12/site-packages/scipy/special/cython_special.cpython-312-x86_64-linux-gnu.so
7604e52ea000-7604e52eb000 r--p 002e9000 fc:00 34868529                   /home/henriqueramos_qs/meta-learning-concept-drift/.venv/lib/python3.12/site-packages/scipy/special/cython_special.cpython-312-x86_64-linux-gnu.so
7604e52eb000-7604e52f0000 rw-p 002ea000 fc:00 34868529                   /home/henriqueramos_qs/meta-learning-concept-drift/.venv/lib/python3.12/site-packages/scipy/special/cython_special.cpython-312-x86_64-linux-gnu.so
7604e52f0000-7604e52f3000 rw-p 00000000 00:00 0 
7604e5300000-7604e5400000 rw-p 00000000 00:00 0 
7604e5400000-7604e540d000 r--p 00000000 fc:00 34868342                   /home/henriqueramos_qs/meta-learning-concept-drift/.venv/lib/python3.12/site-packages/scipy/optimize/_highs/_highs_wrapper.cpython-312-x86_64-linux-gnu.so
7604e540d000-7604e5704000 r-xp 0000d000 fc:00 34868342                   /home/henriqueramos_qs/meta-learning-concept-drift/.venv/lib/python3.12/site-packages/scipy/optimize/_highs/_highs_wrapper.cpython-312-x86_64-linux-gnu.so
7604e5704000-7604e5772000 r--p 00304000 fc:00 34868342                   /home/henriqueramos_qs/meta-learning-concept-drift/.venv/lib/python3.12/site-packages/scipy/optimize/_highs/_highs_wrapper.cpython-312-x86_64-linux-gnu.so
7604e5772000-7604e5774000 r--p 00371000 fc:00 34868342                   /home/henriqueramos_qs/meta-learning-concept-drift/.venv/lib/python3.12/site-packages/scipy/optimize/_highs/_highs_wrapper.cpython-312-x86_64-linux-gnu.so
7604e5774000-7604e5776000 rw-p 00373000 fc:00 34868342                   /home/henriqueramos_qs/meta-learning-concept-drift/.venv/lib/python3.12/site-packages/scipy/optimize/_highs/_highs_wrapper.cpython-312-x86_64-linux-gnu.so
7604e5776000-7604e577a000 rw-p 00000000 00:00 0 
7604e577c000-7604e5780000 r--p 00000000 fc:00 35399560                   /home/henriqueramos_qs/meta-learning-concept-drift/.venv/lib/python3.12/site-packages/sklearn/cluster/_k_means_minibatch.cpython-312-x86_64-linux-gnu.so
7604e5780000-7604e579e000 r-xp 00004000 fc:00 35399560                   /home/henriqueramos_qs/meta-learning-concept-drift/.venv/lib/python3.12/site-packages/sklearn/cluster/_k_means_minibatch.cpython-312-x86_64-linux-gnu.so
7604e579e000-7604e57a4000 r--p 00022000 fc:00 35399560                   /home/henriqueramos_qs/meta-learning-concept-drift/.venv/lib/python3.12/site-packages/sklearn/cluster/_k_means_minibatch.cpython-312-x86_64-linux-gnu.so
7604e57a4000-7604e57a5000 r--p 00027000 fc:00 35399560                   /home/henriqueramos_qs/meta-learning-concept-drift/.venv/lib/python3.12/site-packages/sklearn/cluster/_k_means_minibatch.cpython-312-x86_64-linux-gnu.so
7604e57a5000-7604e57a6000 rw-p 00028000 fc:00 35399560                   /home/henriqueramos_qs/meta-learning-concept-drift/.venv/lib/python3.12/site-packages/sklearn/cluster/_k_means_minibatch.cpython-312-x86_64-linux-gnu.so
7604e57a6000-7604e57a7000 rw-p 00000000 00:00 0 
7604e57a7000-7604e57aa000 rw-p 0002f000 fc:00 35399560                   /home/henriqueramos_qs/meta-learning-concept-drift/.venv/lib/python3.12/site-packages/sklearn/cluster/_k_means_minibatch.cpython-312-x86_64-linux-gnu.so
7604e57aa000-7604e57b5000 r--p 00000000 08:05 8398478                    /usr/lib/x86_64-linux-gnu/libgomp.so.1.0.0
7604e57b5000-7604e57f1000 r-xp 0000b000 08:05 8398478                    /usr/lib/x86_64-linux-gnu/libgomp.so.1.0.0
7604e57f1000-7604e57fe000 r--p 00047000 08:05 8398478                    /usr/lib/x86_64-linux-gnu/libgomp.so.1.0.0
7604e57fe000-7604e57ff000 r--p 00054000 08:05 8398478                    /usr/lib/x86_64-linux-gnu/libgomp.so.1.0.0
7604e57ff000-7604e5800000 rw-p 00055000 08:05 8398478                    /usr/lib/x86_64-linux-gnu/libgomp.so.1.0.0
7604e5800000-7604e583b000 r-xp 00000000 fc:00 34868032                   /home/henriqueramos_qs/meta-learning-concept-drift/.venv/lib/python3.12/site-packages/scipy.libs/libquadmath-96973f99.so.0.0.0
7604e583b000-7604e5a3a000 ---p 0003b000 fc:00 34868032                   /home/henriqueramos_qs/meta-learning-concept-drift/.venv/lib/python3.12/site-packages/scipy.libs/libquadmath-96973f99.so.0.0.0
7604e5a3a000-7604e5a3b000 r--p 0003a000 fc:00 34868032                   /home/henriqueramos_qs/meta-learning-concept-drift/.venv/lib/python3.12/site-packages/scipy.libs/libquadmath-96973f99.so.0.0.0
7604e5a3b000-7604e5a3d000 rw-p 0003b000 fc:00 34868032                   /home/henriqueramos_qs/meta-learning-concept-drift/.venv/lib/python3.12/site-packages/scipy.libs/libquadmath-96973f99.so.0.0.0
7604e5a43000-7604e5a48000 r--p 00000000 fc:00 35399550                   /home/henriqueramos_qs/meta-learning-concept-drift/.venv/lib/python3.12/site-packages/sklearn/cluster/_hierarchical_fast.cpython-312-x86_64-linux-gnu.so
7604e5a48000-7604e5a63000 r-xp 00005000 fc:00 35399550                   /home/henriqueramos_qs/meta-learning-concept-drift/.venv/lib/python3.12/site-packages/sklearn/cluster/_hierarchical_fast.cpython-312-x86_64-linux-gnu.so
7604e5a63000-7604e5a6b000 r--p 00020000 fc:00 35399550                   /home/henriqueramos_qs/meta-learning-concept-drift/.venv/lib/python3.12/site-packages/sklearn/cluster/_hierarchical_fast.cpython-312-x86_64-linux-gnu.so
7604e5a6b000-7604e5a6c000 ---p 00028000 fc:00 35399550                   /home/henriqueramos_qs/meta-learning-concept-drift/.venv/lib/python3.12/site-packages/sklearn/cluster/_hierarchical_fast.cpython-312-x86_64-linux-gnu.so
7604e5a6c000-7604e5a6d000 r--p 00028000 fc:00 35399550                   /home/henriqueramos_qs/meta-learning-concept-drift/.venv/lib/python3.12/site-packages/sklearn/cluster/_hierarchical_fast.cpython-312-x86_64-linux-gnu.so
7604e5a6d000-7604e5a6f000 rw-p 00029000 fc:00 35399550                   /home/henriqueramos_qs/meta-learning-concept-drift/.venv/lib/python3.12/site-packages/sklearn/cluster/_hierarchical_fast.cpython-312-x86_64-linux-gnu.so
7604e5a6f000-7604e5a74000 r--p 00000000 fc:00 35400428                   /home/henriqueramos_qs/meta-learning-concept-drift/.venv/lib/python3.12/site-packages/sklearn/utils/_fast_dict.cpython-312-x86_64-linux-gnu.so
7604e5a74000-7604e5a88000 r-xp 00005000 fc:00 35400428                   /home/henriqueramos_qs/meta-learning-concept-drift/.venv/lib/python3.12/site-packages/sklearn/utils/_fast_dict.cpython-312-x86_64-linux-gnu.so
7604e5a88000-7604e5a8e000 r--p 00019000 fc:00 35400428                   /home/henriqueramos_qs/meta-learning-concept-drift/.venv/lib/python3.12/site-packages/sklearn/utils/_fast_dict.cpython-312-x86_64-linux-gnu.so
7604e5a8e000-7604e5a8f000 ---p 0001f000 fc:00 35400428                   /home/henriqueramos_qs/meta-learning-concept-drift/.venv/lib/python3.12/site-packages/sklearn/utils/_fast_dict.cpython-312-x86_64-linux-gnu.so
7604e5a8f000-7604e5a90000 r--p 0001f000 fc:00 35400428                   /home/henriqueramos_qs/meta-learning-concept-drift/.venv/lib/python3.12/site-packages/sklearn/utils/_fast_dict.cpython-312-x86_64-linux-gnu.so
7604e5a90000-7604e5a92000 rw-p 00020000 fc:00 35400428                   /home/henriqueramos_qs/meta-learning-concept-drift/.venv/lib/python3.12/site-packages/sklearn/utils/_fast_dict.cpython-312-x86_64-linux-gnu.so
7604e5a92000-7604e5a97000 r--p 00000000 fc:00 35399868                   /home/henriqueramos_qs/meta-learning-concept-drift/.venv/lib/python3.12/site-packages/sklearn/ensemble/_hist_gradient_boosting/splitting.cpython-312-x86_64-linux-gnu.so
7604e5a97000-7604e5abb000 r-xp 00005000 fc:00 35399868                   /home/henriqueramos_qs/meta-learning-concept-drift/.venv/lib/python3.12/site-packages/sklearn/ensemble/_hist_gradient_boosting/splitting.cpython-312-x86_64-linux-gnu.so
7604e5abb000-7604e5ac5000 r--p 00029000 fc:00 35399868                   /home/henriqueramos_qs/meta-learning-concept-drift/.venv/lib/python3.12/site-packages/sklearn/ensemble/_hist_gradient_boosting/splitting.cpython-312-x86_64-linux-gnu.so
7604e5ac5000-7604e5ac7000 r--p 00032000 fc:00 35399868                   /home/henriqueramos_qs/meta-learning-concept-drift/.venv/lib/python3.12/site-packages/sklearn/ensemble/_hist_gradient_boosting/splitting.cpython-312-x86_64-linux-gnu.so
7604e5ac7000-7604e5ac9000 rw-p 00034000 fc:00 35399868                   /home/henriqueramos_qs/meta-learning-concept-drift/.venv/lib/python3.12/site-packages/sklearn/ensemble/_hist_gradient_boosting/splitting.cpython-312-x86_64-linux-gnu.so
7604e5ac9000-7604e5acc000 rw-p 0003e000 fc:00 35399868                   /home/henriqueramos_qs/meta-learning-concept-drift/.venv/lib/python3.12/site-packages/sklearn/ensemble/_hist_gradient_boosting/splitting.cpython-312-x86_64-linux-gnu.so
7604e5acc000-7604e5ad1000 r--p 00000000 fc:00 35399864                   /home/henriqueramos_qs/meta-learning-concept-drift/.venv/lib/python3.12/site-packages/sklearn/ensemble/_hist_gradient_boosting/histogram.cpython-312-x86_64-linux-gnu.so
7604e5ad1000-7604e5af0000 r-xp 00005000 fc:00 35399864                   /home/henriqueramos_qs/meta-learning-concept-drift/.venv/lib/python3.12/site-packages/sklearn/ensemble/_hist_gradient_boosting/histogram.cpython-312-x86_64-linux-gnu.so
7604e5af0000-7604e5af9000 r--p 00024000 fc:00 35399864                   /home/henriqueramos_qs/meta-learning-concept-drift/.venv/lib/python3.12/site-packages/sklearn/ensemble/_hist_gradient_boosting/histogram.cpython-312-x86_64-linux-gnu.so
7604e5af9000-7604e5afa000 ---p 0002d000 fc:00 35399864                   /home/henriqueramos_qs/meta-learning-concept-drift/.venv/lib/python3.12/site-packages/sklearn/ensemble/_hist_gradient_boosting/histogram.cpython-312-x86_64-linux-gnu.so
7604e5afa000-7604e5afb000 r--p 0002d000 fc:00 35399864                   /home/henriqueramos_qs/meta-learning-concept-drift/.venv/lib/python3.12/site-packages/sklearn/ensemble/_hist_gradient_boosting/histogram.cpython-312-x86_64-linux-gnu.so
7604e5afb000-7604e5afc000 rw-p 0002e000 fc:00 35399864                   /home/henriqueramos_qs/meta-learning-concept-drift/.venv/lib/python3.12/site-packages/sklearn/ensemble/_hist_gradient_boosting/histogram.cpython-312-x86_64-linux-gnu.so
7604e5afc000-7604e5afd000 rw-p 00000000 00:00 0 
7604e5afd000-7604e5b00000 rw-p 00037000 fc:00 35399864                   /home/henriqueramos_qs/meta-learning-concept-drift/.venv/lib/python3.12/site-packages/sklearn/ensemble/_hist_gradient_boosting/histogram.cpython-312-x86_64-linux-gnu.so
7604e5b00000-7604e5c00000 rw-p 00000000 00:00 0 
7604e5c00000-7604e5e76000 r-xp 00000000 fc:00 34868034                   /home/henriqueramos_qs/meta-learning-concept-drift/.venv/lib/python3.12/site-packages/scipy.libs/libgfortran-040039e1.so.5.0.0
7604e5e76000-7604e6075000 ---p 00276000 fc:00 34868034                   /home/henriqueramos_qs/meta-learning-concept-drift/.venv/lib/python3.12/site-packages/scipy.libs/libgfortran-040039e1.so.5.0.0
7604e6075000-7604e6076000 r--p 00275000 fc:00 34868034                   /home/henriqueramos_qs/meta-learning-concept-drift/.venv/lib/python3.12/site-packages/scipy.libs/libgfortran-040039e1.so.5.0.0
7604e6076000-7604e6078000 rw-p 00276000 fc:00 34868034                   /home/henriqueramos_qs/meta-learning-concept-drift/.venv/lib/python3.12/site-packages/scipy.libs/libgfortran-040039e1.so.5.0.0
7604e6078000-7604e608d000 rw-p 0027b000 fc:00 34868034                   /home/henriqueramos_qs/meta-learning-concept-drift/.venv/lib/python3.12/site-packages/scipy.libs/libgfortran-040039e1.so.5.0.0
7604e608d000-7604e6090000 r--p 00000000 fc:00 34869029                   /home/henriqueramos_qs/meta-learning-concept-drift/.venv/lib/python3.12/site-packages/scipy/signal/_spectral.cpython-312-x86_64-linux-gnu.so
7604e6090000-7604e6098000 r-xp 00003000 fc:00 34869029                   /home/henriqueramos_qs/meta-learning-concept-drift/.venv/lib/python3.12/site-packages/scipy/signal/_spectral.cpython-312-x86_64-linux-gnu.so
7604e6098000-7604e609b000 r--p 0000b000 fc:00 34869029                   /home/henriqueramos_qs/meta-learning-concept-drift/.venv/lib/python3.12/site-packages/scipy/signal/_spectral.cpython-312-x86_64-linux-gnu.so
7604e609b000-7604e609c000 r--p 0000d000 fc:00 34869029                   /home/henriqueramos_qs/meta-learning-concept-drift/.venv/lib/python3.12/site-packages/scipy/signal/_spectral.cpython-312-x86_64-linux-gnu.so
7604e609c000-7604e609d000 rw-p 0000e000 fc:00 34869029                   /home/henriqueramos_qs/meta-learning-concept-drift/.venv/lib/python3.12/site-packages/scipy/signal/_spectral.cpython-312-x86_64-linux-gnu.so
7604e609d000-7604e60a1000 r--p 00000000 fc:00 35399856                   /home/henriqueramos_qs/meta-learning-concept-drift/.venv/lib/python3.12/site-packages/sklearn/ensemble/_hist_gradient_boosting/_predictor.cpython-312-x86_64-linux-gnu.so
7604e60a1000-7604e60b1000 r-xp 00004000 fc:00 35399856                   /home/henriqueramos_qs/meta-learning-concept-drift/.venv/lib/python3.12/site-packages/sklearn/ensemble/_hist_gradient_boosting/_predictor.cpython-312-x86_64-linux-gnu.so
7604e60b1000-7604e60b6000 r--p 00014000 fc:00 35399856                   /home/henriqueramos_qs/meta-learning-concept-drift/.venv/lib/python3.12/site-packages/sklearn/ensemble/_hist_gradient_boosting/_predictor.cpython-312-x86_64-linux-gnu.so
7604e60b6000-7604e60b8000 r--p 00018000 fc:00 35399856                   /home/henriqueramos_qs/meta-learning-concept-drift/.venv/lib/python3.12/site-packages/sklearn/ensemble/_hist_gradient_boosting/_predictor.cpython-312-x86_64-linux-gnu.so
7604e60b8000-7604e60b9000 rw-p 0001a000 fc:00 35399856                   /home/henriqueramos_qs/meta-learning-concept-drift/.venv/lib/python3.12/site-packages/sklearn/ensemble/_hist_gradient_boosting/_predictor.cpython-312-x86_64-linux-gnu.so
7604e60b9000-7604e60bc000 rw-p 00020000 fc:00 35399856                   /home/henriqueramos_qs/meta-learning-concept-drift/.venv/lib/python3.12/site-packages/sklearn/ensemble/_hist_gradient_boosting/_predictor.cpython-312-x86_64-linux-gnu.so
7604e60bc000-7604e60c0000 r--p 00000000 fc:00 35399840                   /home/henriqueramos_qs/meta-learning-concept-drift/.venv/lib/python3.12/site-packages/sklearn/ensemble/_gradient_boosting.cpython-312-x86_64-linux-gnu.so
7604e60c0000-7604e60d0000 r-xp 00004000 fc:00 35399840                   /home/henriqueramos_qs/meta-learning-concept-drift/.venv/lib/python3.12/site-packages/sklearn/ensemble/_gradient_boosting.cpython-312-x86_64-linux-gnu.so
7604e60d0000-7604e60d5000 r--p 00014000 fc:00 35399840                   /home/henriqueramos_qs/meta-learning-concept-drift/.venv/lib/python3.12/site-packages/sklearn/ensemble/_gradient_boosting.cpython-312-x86_64-linux-gnu.so
7604e60d5000-7604e60d6000 ---p 00019000 fc:00 35399840                   /home/henriqueramos_qs/meta-learning-concept-drift/.venv/lib/python3.12/site-packages/sklearn/ensemble/_gradient_boosting.cpython-312-x86_64-linux-gnu.so
7604e60d6000-7604e60d7000 r--p 00019000 fc:00 35399840                   /home/henriqueramos_qs/meta-learning-concept-drift/.venv/lib/python3.12/site-packages/sklearn/ensemble/_gradient_boosting.cpython-312-x86_64-linux-gnu.so
7604e60d7000-7604e60d8000 rw-p 0001a000 fc:00 35399840                   /home/henriqueramos_qs/meta-learning-concept-drift/.venv/lib/python3.12/site-packages/sklearn/ensemble/_gradient_boosting.cpython-312-x86_64-linux-gnu.so
7604e60d8000-7604e60dc000 r--p 00000000 fc:00 35400396                   /home/henriqueramos_qs/meta-learning-concept-drift/.venv/lib/python3.12/site-packages/sklearn/tree/_partitioner.cpython-312-x86_64-linux-gnu.so
7604e60dc000-7604e60f6000 r-xp 00004000 fc:00 35400396                   /home/henriqueramos_qs/meta-learning-concept-drift/.venv/lib/python3.12/site-packages/sklearn/tree/_partitioner.cpython-312-x86_64-linux-gnu.so
7604e60f6000-7604e60fc000 r--p 0001e000 fc:00 35400396                   /home/henriqueramos_qs/meta-learning-concept-drift/.venv/lib/python3.12/site-packages/sklearn/tree/_partitioner.cpython-312-x86_64-linux-gnu.so
7604e60fc000-7604e60fd000 ---p 00024000 fc:00 35400396                   /home/henriqueramos_qs/meta-learning-concept-drift/.venv/lib/python3.12/site-packages/sklearn/tree/_partitioner.cpython-312-x86_64-linux-gnu.so
7604e60fd000-7604e60fe000 r--p 00024000 fc:00 35400396                   /home/henriqueramos_qs/meta-learning-concept-drift/.venv/lib/python3.12/site-packages/sklearn/tree/_partitioner.cpython-312-x86_64-linux-gnu.so
7604e60fe000-7604e60ff000 rw-p 00025000 fc:00 35400396                   /home/henriqueramos_qs/meta-learning-concept-drift/.venv/lib/python3.12/site-packages/sklearn/tree/_partitioner.cpython-312-x86_64-linux-gnu.so
7604e60ff000-7604e6100000 rw-p 00000000 00:00 0 
7604e6100000-7604e6105000 r--p 00000000 fc:00 35400258                   /home/henriqueramos_qs/meta-learning-concept-drift/.venv/lib/python3.12/site-packages/sklearn/neighbors/_quad_tree.cpython-312-x86_64-linux-gnu.so
7604e6105000-7604e611d000 r-xp 00005000 fc:00 35400258                   /home/henriqueramos_qs/meta-learning-concept-drift/.venv/lib/python3.12/site-packages/sklearn/neighbors/_quad_tree.cpython-312-x86_64-linux-gnu.so
7604e611d000-7604e6124000 r--p 0001d000 fc:00 35400258                   /home/henriqueramos_qs/meta-learning-concept-drift/.venv/lib/python3.12/site-packages/sklearn/neighbors/_quad_tree.cpython-312-x86_64-linux-gnu.so
7604e6124000-7604e6125000 ---p 00024000 fc:00 35400258                   /home/henriqueramos_qs/meta-learning-concept-drift/.venv/lib/python3.12/site-packages/sklearn/neighbors/_quad_tree.cpython-312-x86_64-linux-gnu.so
7604e6125000-7604e6126000 r--p 00024000 fc:00 35400258                   /home/henriqueramos_qs/meta-learning-concept-drift/.venv/lib/python3.12/site-packages/sklearn/neighbors/_quad_tree.cpython-312-x86_64-linux-gnu.so
7604e6126000-7604e6127000 rw-p 00025000 fc:00 35400258                   /home/henriqueramos_qs/meta-learning-concept-drift/.venv/lib/python3.12/site-packages/sklearn/neighbors/_quad_tree.cpython-312-x86_64-linux-gnu.so
7604e6127000-7604e6128000 rw-p 00000000 00:00 0 
7604e6128000-7604e612c000 r--p 00000000 fc:00 35399816                   /home/henriqueramos_qs/meta-learning-concept-drift/.venv/lib/python3.12/site-packages/sklearn/decomposition/_online_lda_fast.cpython-312-x86_64-linux-gnu.so
7604e612c000-7604e6147000 r-xp 00004000 fc:00 35399816                   /home/henriqueramos_qs/meta-learning-concept-drift/.venv/lib/python3.12/site-packages/sklearn/decomposition/_online_lda_fast.cpython-312-x86_64-linux-gnu.so
7604e6147000-7604e614c000 r--p 0001f000 fc:00 35399816                   /home/henriqueramos_qs/meta-learning-concept-drift/.venv/lib/python3.12/site-packages/sklearn/decomposition/_online_lda_fast.cpython-312-x86_64-linux-gnu.so
7604e614c000-7604e614d000 ---p 00024000 fc:00 35399816                   /home/henriqueramos_qs/meta-learning-concept-drift/.venv/lib/python3.12/site-packages/sklearn/decomposition/_online_lda_fast.cpython-312-x86_64-linux-gnu.so
7604e614d000-7604e614e000 r--p 00024000 fc:00 35399816                   /home/henriqueramos_qs/meta-learning-concept-drift/.venv/lib/python3.12/site-packages/sklearn/decomposition/_online_lda_fast.cpython-312-x86_64-linux-gnu.so
7604e614e000-7604e614f000 rw-p 00025000 fc:00 35399816                   /home/henriqueramos_qs/meta-learning-concept-drift/.venv/lib/python3.12/site-packages/sklearn/decomposition/_online_lda_fast.cpython-312-x86_64-linux-gnu.so
7604e614f000-7604e6150000 rw-p 00000000 00:00 0 
7604e6150000-7604e6155000 r--p 00000000 fc:00 35400085                   /home/henriqueramos_qs/meta-learning-concept-drift/.venv/lib/python3.12/site-packages/sklearn/linear_model/_sgd_fast.cpython-312-x86_64-linux-gnu.so
7604e6155000-7604e6176000 r-xp 00005000 fc:00 35400085                   /home/henriqueramos_qs/meta-learning-concept-drift/.venv/lib/python3.12/site-packages/sklearn/linear_model/_sgd_fast.cpython-312-x86_64-linux-gnu.so
7604e6176000-7604e6180000 r--p 00026000 fc:00 35400085                   /home/henriqueramos_qs/meta-learning-concept-drift/.venv/lib/python3.12/site-packages/sklearn/linear_model/_sgd_fast.cpython-312-x86_64-linux-gnu.so
7604e6180000-7604e6182000 r--p 0002f000 fc:00 35400085                   /home/henriqueramos_qs/meta-learning-concept-drift/.venv/lib/python3.12/site-packages/sklearn/linear_model/_sgd_fast.cpython-312-x86_64-linux-gnu.so
7604e6182000-7604e6184000 rw-p 00031000 fc:00 35400085                   /home/henriqueramos_qs/meta-learning-concept-drift/.venv/lib/python3.12/site-packages/sklearn/linear_model/_sgd_fast.cpython-312-x86_64-linux-gnu.so
7604e6184000-7604e6185000 rw-p 00000000 00:00 0 
7604e6185000-7604e6189000 r--p 00000000 fc:00 35400083                   /home/henriqueramos_qs/meta-learning-concept-drift/.venv/lib/python3.12/site-packages/sklearn/linear_model/_sag_fast.cpython-312-x86_64-linux-gnu.so
7604e6189000-7604e61a0000 r-xp 00004000 fc:00 35400083                   /home/henriqueramos_qs/meta-learning-concept-drift/.venv/lib/python3.12/site-packages/sklearn/linear_model/_sag_fast.cpython-312-x86_64-linux-gnu.so
7604e61a0000-7604e61a7000 r--p 0001b000 fc:00 35400083                   /home/henriqueramos_qs/meta-learning-concept-drift/.venv/lib/python3.12/site-packages/sklearn/linear_model/_sag_fast.cpython-312-x86_64-linux-gnu.so
7604e61a7000-7604e61a8000 r--p 00021000 fc:00 35400083                   /home/henriqueramos_qs/meta-learning-concept-drift/.venv/lib/python3.12/site-packages/sklearn/linear_model/_sag_fast.cpython-312-x86_64-linux-gnu.so
7604e61a8000-7604e61a9000 rw-p 00022000 fc:00 35400083                   /home/henriqueramos_qs/meta-learning-concept-drift/.venv/lib/python3.12/site-packages/sklearn/linear_model/_sag_fast.cpython-312-x86_64-linux-gnu.so
7604e61a9000-7604e61b2000 r--p 00000000 fc:00 35400332                   /home/henriqueramos_qs/meta-learning-concept-drift/.venv/lib/python3.12/site-packages/sklearn/svm/_libsvm_sparse.cpython-312-x86_64-linux-gnu.so
7604e61b2000-7604e61f1000 r-xp 00009000 fc:00 35400332                   /home/henriqueramos_qs/meta-learning-concept-drift/.venv/lib/python3.12/site-packages/sklearn/svm/_libsvm_sparse.cpython-312-x86_64-linux-gnu.so
7604e61f1000-7604e61fb000 r--p 00048000 fc:00 35400332                   /home/henriqueramos_qs/meta-learning-concept-drift/.venv/lib/python3.12/site-packages/sklearn/svm/_libsvm_sparse.cpython-312-x86_64-linux-gnu.so
7604e61fb000-7604e61fd000 r--p 00051000 fc:00 35400332                   /home/henriqueramos_qs/meta-learning-concept-drift/.venv/lib/python3.12/site-packages/sklearn/svm/_libsvm_sparse.cpython-312-x86_64-linux-gnu.so
7604e61fd000-7604e61fe000 rw-p 00053000 fc:00 35400332                   /home/henriqueramos_qs/meta-learning-concept-drift/.venv/lib/python3.12/site-packages/sklearn/svm/_libsvm_sparse.cpython-312-x86_64-linux-gnu.so
7604e61fe000-7604e6200000 rw-p 00000000 00:00 0 
7604e6200000-7604e623c000 r--p 00000000 fc:00 34868759                   /home/henriqueramos_qs/meta-learning-concept-drift/.venv/lib/python3.12/site-packages/scipy/linalg/_flapack.cpython-312-x86_64-linux-gnu.so
7604e623c000-7604e6305000 r-xp 0003c000 fc:00 34868759                   /home/henriqueramos_qs/meta-learning-concept-drift/.venv/lib/python3.12/site-packages/scipy/linalg/_flapack.cpython-312-x86_64-linux-gnu.so
7604e6305000-7604e6381000 r--p 00105000 fc:00 34868759                   /home/henriqueramos_qs/meta-learning-concept-drift/.venv/lib/python3.12/site-packages/scipy/linalg/_flapack.cpython-312-x86_64-linux-gnu.so
7604e6381000-7604e6382000 ---p 00181000 fc:00 34868759                   /home/henriqueramos_qs/meta-learning-concept-drift/.venv/lib/python3.12/site-packages/scipy/linalg/_flapack.cpython-312-x86_64-linux-gnu.so
7604e6382000-7604e6383000 r--p 00181000 fc:00 34868759                   /home/henriqueramos_qs/meta-learning-concept-drift/.venv/lib/python3.12/site-packages/scipy/linalg/_flapack.cpython-312-x86_64-linux-gnu.so
7604e6383000-7604e640f000 rw-p 00182000 fc:00 34868759                   /home/henriqueramos_qs/meta-learning-concept-drift/.venv/lib/python3.12/site-packages/scipy/linalg/_flapack.cpython-312-x86_64-linux-gnu.so
7604e640f000-7604e6427000 rw-p 0023a000 fc:00 34868759                   /home/henriqueramos_qs/meta-learning-concept-drift/.venv/lib/python3.12/site-packages/scipy/linalg/_flapack.cpython-312-x86_64-linux-gnu.so
7604e6434000-7604e643d000 r--p 00000000 fc:00 35400329                   /home/henriqueramos_qs/meta-learning-concept-drift/.venv/lib/python3.12/site-packages/sklearn/svm/_libsvm.cpython-312-x86_64-linux-gnu.so
7604e643d000-7604e6484000 r-xp 00009000 fc:00 35400329                   /home/henriqueramos_qs/meta-learning-concept-drift/.venv/lib/python3.12/site-packages/sklearn/svm/_libsvm.cpython-312-x86_64-linux-gnu.so
7604e6484000-7604e6491000 r--p 00050000 fc:00 35400329                   /home/henriqueramos_qs/meta-learning-concept-drift/.venv/lib/python3.12/site-packages/sklearn/svm/_libsvm.cpython-312-x86_64-linux-gnu.so
7604e6491000-7604e6493000 r--p 0005c000 fc:00 35400329                   /home/henriqueramos_qs/meta-learning-concept-drift/.venv/lib/python3.12/site-packages/sklearn/svm/_libsvm.cpython-312-x86_64-linux-gnu.so
7604e6493000-7604e6495000 rw-p 0005e000 fc:00 35400329                   /home/henriqueramos_qs/meta-learning-concept-drift/.venv/lib/python3.12/site-packages/sklearn/svm/_libsvm.cpython-312-x86_64-linux-gnu.so
7604e6495000-7604e6496000 rw-p 00000000 00:00 0 
7604e6496000-7604e649c000 r--p 00000000 fc:00 35400326                   /home/henriqueramos_qs/meta-learning-concept-drift/.venv/lib/python3.12/site-packages/sklearn/svm/_liblinear.cpython-312-x86_64-linux-gnu.so
7604e649c000-7604e64b6000 r-xp 00006000 fc:00 35400326                   /home/henriqueramos_qs/meta-learning-concept-drift/.venv/lib/python3.12/site-packages/sklearn/svm/_liblinear.cpython-312-x86_64-linux-gnu.so
7604e64b6000-7604e64bc000 r--p 00020000 fc:00 35400326                   /home/henriqueramos_qs/meta-learning-concept-drift/.venv/lib/python3.12/site-packages/sklearn/svm/_liblinear.cpython-312-x86_64-linux-gnu.so
7604e64bc000-7604e64bd000 ---p 00026000 fc:00 35400326                   /home/henriqueramos_qs/meta-learning-concept-drift/.venv/lib/python3.12/site-packages/sklearn/svm/_liblinear.cpython-312-x86_64-linux-gnu.so
7604e64bd000-7604e64be000 r--p 00026000 fc:00 35400326                   /home/henriqueramos_qs/meta-learning-concept-drift/.venv/lib/python3.12/site-packages/sklearn/svm/_liblinear.cpython-312-x86_64-linux-gnu.so
7604e64be000-7604e64bf000 rw-p 00027000 fc:00 35400326                   /home/henriqueramos_qs/meta-learning-concept-drift/.venv/lib/python3.12/site-packages/sklearn/svm/_liblinear.cpython-312-x86_64-linux-gnu.so
7604e64bf000-7604e65c1000 rw-p 00000000 00:00 0 
7604e65c1000-7604e65c2000 ---p 00000000 00:00 0 
7604e65c2000-7604e6dc2000 rw-p 00000000 00:00 0 
7604e6dc2000-7604e6dc3000 ---p 00000000 00:00 0 
7604e6dc3000-7604e75c3000 rw-p 00000000 00:00 0 
7604e75c3000-7604e75c4000 ---p 00000000 00:00 0 
7604e75c4000-7604e7dc4000 rw-p 00000000 00:00 0 
7604e7dc4000-7604e7dc5000 ---p 00000000 00:00 0 
7604e7dc5000-7604e85c5000 rw-p 00000000 00:00 0 
7604e85c5000-7604e85c6000 ---p 00000000 00:00 0 
7604e85c6000-7604e8dc6000 rw-p 00000000 00:00 0 
7604e8dc6000-7604e8dc7000 ---p 00000000 00:00 0 
7604e8dc7000-7604e95c7000 rw-p 00000000 00:00 0 
7604e95c7000-7604e95c8000 ---p 00000000 00:00 0 
7604e95c8000-7604e9dc8000 rw-p 00000000 00:00 0 
7604e9dc8000-7604e9dc9000 ---p 00000000 00:00 0 
7604e9dc9000-7604ea5c9000 rw-p 00000000 00:00 0 
7604ea5c9000-7604ea5ca000 ---p 00000000 00:00 0 
7604ea5ca000-7604eadca000 rw-p 00000000 00:00 0 
7604eadca000-7604eadcb000 ---p 00000000 00:00 0 
7604eadcb000-7604eb5cb000 rw-p 00000000 00:00 0 
7604eb5cb000-7604eb5cc000 ---p 00000000 00:00 0 
7604eb5cc000-7604ebdcc000 rw-p 00000000 00:00 0 
7604ebdcc000-7604ebdcd000 ---p 00000000 00:00 0 
7604ebdcd000-7604ec5cd000 rw-p 00000000 00:00 0 
7604ec5cd000-7604ec5ce000 ---p 00000000 00:00 0 
7604ec5ce000-7604ecdce000 rw-p 00000000 00:00 0 
7604ecdce000-7604ecdcf000 ---p 00000000 00:00 0 
7604ecdcf000-7604ed5cf000 rw-p 00000000 00:00 0 
7604ed5cf000-7604ed5d0000 ---p 00000000 00:00 0 
7604ed5d0000-7604eddd0000 rw-p 00000000 00:00 0 
7604eddd0000-7604eddd1000 ---p 00000000 00:00 0 
7604eddd1000-7604ee5d1000 rw-p 00000000 00:00 0 
7604ee5d1000-7604ee5d2000 ---p 00000000 00:00 0 
7604ee5d2000-7604eedd2000 rw-p 00000000 00:00 0 
7604eedd2000-7604eedd3000 ---p 00000000 00:00 0 
7604eedd3000-7604ef5d3000 rw-p 00000000 00:00 0 
7604ef5d3000-7604ef5d4000 ---p 00000000 00:00 0 
7604ef5d4000-7604efdd4000 rw-p 00000000 00:00 0 
7604efdd4000-7604efdd5000 ---p 00000000 00:00 0 
7604efdd5000-7604f05d5000 rw-p 00000000 00:00 0 
7604f05d5000-7604f05d6000 ---p 00000000 00:00 0 
7604f05d6000-7604f0dd6000 rw-p 00000000 00:00 0 
7604f0dd6000-7604f0dd7000 ---p 00000000 00:00 0 
7604f0dd7000-7604f15d7000 rw-p 00000000 00:00 0 
7604f15d7000-7604f15d8000 ---p 00000000 00:00 0 
7604f15d8000-7604f1dd8000 rw-p 00000000 00:00 0 
7604f1dd8000-7604f1dd9000 ---p 00000000 00:00 0 
7604f1dd9000-7604f25d9000 rw-p 00000000 00:00 0 
7604f25d9000-7604f25da000 ---p 00000000 00:00 0 
7604f25da000-7604f2dda000 rw-p 00000000 00:00 0 
7604f2dda000-7604f2ddb000 ---p 00000000 00:00 0 
7604f2ddb000-7604f35db000 rw-p 00000000 00:00 0 
7604f35db000-7604f35dc000 ---p 00000000 00:00 0 
7604f35dc000-7604f3ddc000 rw-p 00000000 00:00 0 
7604f3ddc000-7604f3ddd000 ---p 00000000 00:00 0 
7604f3ddd000-7604f45dd000 rw-p 00000000 00:00 0 
7604f45dd000-7604f45de000 ---p 00000000 00:00 0 
7604f45de000-7604f4dde000 rw-p 00000000 00:00 0 
7604f4dde000-7604f4ddf000 ---p 00000000 00:00 0 
7604f4ddf000-7604f55df000 rw-p 00000000 00:00 0 
7604f55df000-7604f55e0000 ---p 00000000 00:00 0 
7604f55e0000-7604f5de0000 rw-p 00000000 00:00 0 
7604f5de0000-7604f5de1000 ---p 00000000 00:00 0 
7604f5de1000-7604f65e1000 rw-p 00000000 00:00 0 
7604f65e1000-7604f65e2000 ---p 00000000 00:00 0 
7604f65e2000-7604f6de2000 rw-p 00000000 00:00 0 
7604f6de2000-7604f6de3000 ---p 00000000 00:00 0 
7604f6de3000-7604f75e3000 rw-p 00000000 00:00 0 
7604f75e3000-7604f75e4000 ---p 00000000 00:00 0 
7604f75e4000-7604f7de4000 rw-p 00000000 00:00 0 
7604f7de4000-7604f7de5000 ---p 00000000 00:00 0 
7604f7de5000-7604f85e5000 rw-p 00000000 00:00 0 
7604f85e5000-7604f85e6000 ---p 00000000 00:00 0 
7604f85e6000-7604f8de6000 rw-p 00000000 00:00 0 
7604f8de6000-7604f8de7000 ---p 00000000 00:00 0 
7604f8de7000-7604f95e7000 rw-p 00000000 00:00 0 
7604f95e7000-7604f95e8000 ---p 00000000 00:00 0 
7604f95e8000-7604f9de8000 rw-p 00000000 00:00 0 
7604f9de8000-7604f9de9000 ---p 00000000 00:00 0 
7604f9de9000-7604fa5e9000 rw-p 00000000 00:00 0 
7604fa5e9000-7604fa5ea000 ---p 00000000 00:00 0 
7604fa5ea000-7604fadea000 rw-p 00000000 00:00 0 
7604fadea000-7604fadeb000 ---p 00000000 00:00 0 
7604fadeb000-7604fb5eb000 rw-p 00000000 00:00 0 
7604fb5eb000-7604fb5ec000 ---p 00000000 00:00 0 
7604fb5ec000-7604fbdec000 rw-p 00000000 00:00 0 
7604fbdec000-7604fbded000 ---p 00000000 00:00 0 
7604fbded000-7604fc5ed000 rw-p 00000000 00:00 0 
7604fc5ed000-7604fc5ee000 ---p 00000000 00:00 0 
7604fc5ee000-7604fcdee000 rw-p 00000000 00:00 0 
7604fcdee000-7604fcdef000 ---p 00000000 00:00 0 
7604fcdef000-7604fd5ef000 rw-p 00000000 00:00 0 
7604fd5ef000-7604fd5f0000 ---p 00000000 00:00 0 
7604fd5f0000-7604fddf0000 rw-p 00000000 00:00 0 
7604fddf0000-7604fddf1000 ---p 00000000 00:00 0 
7604fddf1000-7604fe5f1000 rw-p 00000000 00:00 0 
7604fe5f1000-7604fe5f2000 ---p 00000000 00:00 0 
7604fe5f2000-7604fedf2000 rw-p 00000000 00:00 0 
7604fedf2000-7604fedf3000 ---p 00000000 00:00 0 
7604fedf3000-7604ff5f3000 rw-p 00000000 00:00 0 
7604ff5f3000-7604ff5f4000 ---p 00000000 00:00 0 
7604ff5f4000-7604ffdf4000 rw-p 00000000 00:00 0 
7604ffdf4000-7604ffdf5000 ---p 00000000 00:00 0 
7604ffdf5000-7605005f5000 rw-p 00000000 00:00 0 
7605005f5000-7605005f6000 ---p 00000000 00:00 0 
7605005f6000-760500df6000 rw-p 00000000 00:00 0 
760500df6000-760500df7000 ---p 00000000 00:00 0 
760500df7000-7605015f7000 rw-p 00000000 00:00 0 
7605015f7000-7605015f8000 ---p 00000000 00:00 0 
7605015f8000-760501df8000 rw-p 00000000 00:00 0 
760501df8000-760501df9000 ---p 00000000 00:00 0 
760501df9000-7605025f9000 rw-p 00000000 00:00 0 
7605025f9000-7605025fa000 ---p 00000000 00:00 0 
7605025fa000-760502dfa000 rw-p 00000000 00:00 0 
760502dfa000-760502dfb000 ---p 00000000 00:00 0 
760502dfb000-7605035fb000 rw-p 00000000 00:00 0 
7605035fb000-7605035fc000 ---p 00000000 00:00 0 
7605035fc000-760503dfc000 rw-p 00000000 00:00 0 
760503dfc000-760503dfd000 ---p 00000000 00:00 0 
760503dfd000-7605045fd000 rw-p 00000000 00:00 0 
7605045fd000-7605045fe000 ---p 00000000 00:00 0 
7605045fe000-760504dfe000 rw-p 00000000 00:00 0 
760504dfe000-760504dff000 ---p 00000000 00:00 0 
760504dff000-7605055ff000 rw-p 00000000 00:00 0 
7605055ff000-760505600000 ---p 00000000 00:00 0 
760505600000-760505e00000 rw-p 00000000 00:00 0 
760505e00000-760585e00000 rw-p 00000000 00:00 0 
760585e00000-760585f0e000 r--p 00000000 fc:00 34868036                   /home/henriqueramos_qs/meta-learning-concept-drift/.venv/lib/python3.12/site-packages/scipy.libs/libscipy_openblas-c128ec02.so
760585f0e000-760585f16000 r-xp 0010e000 fc:00 34868036                   /home/henriqueramos_qs/meta-learning-concept-drift/.venv/lib/python3.12/site-packages/scipy.libs/libscipy_openblas-c128ec02.so
760585f16000-760585f18000 ---p 00116000 fc:00 34868036                   /home/henriqueramos_qs/meta-learning-concept-drift/.venv/lib/python3.12/site-packages/scipy.libs/libscipy_openblas-c128ec02.so
760585f18000-760587b8f000 r-xp 00118000 fc:00 34868036                   /home/henriqueramos_qs/meta-learning-concept-drift/.venv/lib/python3.12/site-packages/scipy.libs/libscipy_openblas-c128ec02.so
760587b8f000-760587d9c000 r--p 01d8f000 fc:00 34868036                   /home/henriqueramos_qs/meta-learning-concept-drift/.venv/lib/python3.12/site-packages/scipy.libs/libscipy_openblas-c128ec02.so
760587d9c000-760587d9d000 ---p 01f9c000 fc:00 34868036                   /home/henriqueramos_qs/meta-learning-concept-drift/.venv/lib/python3.12/site-packages/scipy.libs/libscipy_openblas-c128ec02.so
760587d9d000-760587da3000 r--p 01f9c000 fc:00 34868036                   /home/henriqueramos_qs/meta-learning-concept-drift/.venv/lib/python3.12/site-packages/scipy.libs/libscipy_openblas-c128ec02.so
760587da3000-760587db9000 rw-p 01fa2000 fc:00 34868036                   /home/henriqueramos_qs/meta-learning-concept-drift/.venv/lib/python3.12/site-packages/scipy.libs/libscipy_openblas-c128ec02.so
760587db9000-760587dc5000 rw-p 00000000 00:00 0 
760587dc5000-760587f5e000 rw-p 020cb000 fc:00 34868036                   /home/henriqueramos_qs/meta-learning-concept-drift/.venv/lib/python3.12/site-packages/scipy.libs/libscipy_openblas-c128ec02.so
760587f64000-760587f67000 r--p 00000000 fc:00 34869040                   /home/henriqueramos_qs/meta-learning-concept-drift/.venv/lib/python3.12/site-packages/scipy/signal/_max_len_seq_inner.cpython-312-x86_64-linux-gnu.so
760587f67000-760587f6f000 r-xp 00003000 fc:00 34869040                   /home/henriqueramos_qs/meta-learning-concept-drift/.venv/lib/python3.12/site-packages/scipy/signal/_max_len_seq_inner.cpython-312-x86_64-linux-gnu.so
760587f6f000-760587f72000 r--p 0000b000 fc:00 34869040                   /home/henriqueramos_qs/meta-learning-concept-drift/.venv/lib/python3.12/site-packages/scipy/signal/_max_len_seq_inner.cpython-312-x86_64-linux-gnu.so
760587f72000-760587f73000 r--p 0000d000 fc:00 34869040                   /home/henriqueramos_qs/meta-learning-concept-drift/.venv/lib/python3.12/site-packages/scipy/signal/_max_len_seq_inner.cpython-312-x86_64-linux-gnu.so
760587f73000-760587f74000 rw-p 0000e000 fc:00 34869040                   /home/henriqueramos_qs/meta-learning-concept-drift/.venv/lib/python3.12/site-packages/scipy/signal/_max_len_seq_inner.cpython-312-x86_64-linux-gnu.so
760587f74000-760587f79000 r--p 00000000 fc:00 35400069                   /home/henriqueramos_qs/meta-learning-concept-drift/.venv/lib/python3.12/site-packages/sklearn/linear_model/_cd_fast.cpython-312-x86_64-linux-gnu.so
760587f79000-760587fbb000 r-xp 00005000 fc:00 35400069                   /home/henriqueramos_qs/meta-learning-concept-drift/.venv/lib/python3.12/site-packages/sklearn/linear_model/_cd_fast.cpython-312-x86_64-linux-gnu.so
760587fbb000-760587fc6000 r--p 00047000 fc:00 35400069                   /home/henriqueramos_qs/meta-learning-concept-drift/.venv/lib/python3.12/site-packages/sklearn/linear_model/_cd_fast.cpython-312-x86_64-linux-gnu.so
760587fc6000-760587fc7000 ---p 00052000 fc:00 35400069                   /home/henriqueramos_qs/meta-learning-concept-drift/.venv/lib/python3.12/site-packages/sklearn/linear_model/_cd_fast.cpython-312-x86_64-linux-gnu.so
760587fc7000-760587fc8000 r--p 00052000 fc:00 35400069                   /home/henriqueramos_qs/meta-learning-concept-drift/.venv/lib/python3.12/site-packages/sklearn/linear_model/_cd_fast.cpython-312-x86_64-linux-gnu.so
760587fc8000-760587fc9000 rw-p 00053000 fc:00 35400069                   /home/henriqueramos_qs/meta-learning-concept-drift/.venv/lib/python3.12/site-packages/sklearn/linear_model/_cd_fast.cpython-312-x86_64-linux-gnu.so
760587fc9000-760587fca000 rw-p 00000000 00:00 0 
760587fca000-760587fcf000 r--p 00000000 fc:00 35400448                   /home/henriqueramos_qs/meta-learning-concept-drift/.venv/lib/python3.12/site-packages/sklearn/utils/_random.cpython-312-x86_64-linux-gnu.so
760587fcf000-760587ff4000 r-xp 00005000 fc:00 35400448                   /home/henriqueramos_qs/meta-learning-concept-drift/.venv/lib/python3.12/site-packages/sklearn/utils/_random.cpython-312-x86_64-linux-gnu.so
760587ff4000-760587ffc000 r--p 0002a000 fc:00 35400448                   /home/henriqueramos_qs/meta-learning-concept-drift/.venv/lib/python3.12/site-packages/sklearn/utils/_random.cpython-312-x86_64-linux-gnu.so
760587ffc000-760587ffd000 ---p 00032000 fc:00 35400448                   /home/henriqueramos_qs/meta-learning-concept-drift/.venv/lib/python3.12/site-packages/sklearn/utils/_random.cpython-312-x86_64-linux-gnu.so
760587ffd000-760587ffe000 r--p 00032000 fc:00 35400448                   /home/henriqueramos_qs/meta-learning-concept-drift/.venv/lib/python3.12/site-packages/sklearn/utils/_random.cpython-312-x86_64-linux-gnu.so
760587ffe000-760587fff000 rw-p 00033000 fc:00 35400448                   /home/henriqueramos_qs/meta-learning-concept-drift/.venv/lib/python3.12/site-packages/sklearn/utils/_random.cpython-312-x86_64-linux-gnu.so
760587fff000-760588021000 rw-p 00000000 00:00 0 
760588021000-76058c000000 ---p 00000000 00:00 0 
76058c000000-76058c200000 rw-p 00000000 00:00 0 
76058c200000-76058c203000 r--p 00000000 fc:00 34868078                   /home/henriqueramos_qs/meta-learning-concept-drift/.venv/lib/python3.12/site-packages/scipy/sparse/_sparsetools.cpython-312-x86_64-linux-gnu.so
76058c203000-76058c5a5000 r-xp 00003000 fc:00 34868078                   /home/henriqueramos_qs/meta-learning-concept-drift/.venv/lib/python3.12/site-packages/scipy/sparse/_sparsetools.cpython-312-x86_64-linux-gnu.so
76058c5a5000-76058c5f6000 r--p 003a5000 fc:00 34868078                   /home/henriqueramos_qs/meta-learning-concept-drift/.venv/lib/python3.12/site-packages/scipy/sparse/_sparsetools.cpython-312-x86_64-linux-gnu.so
76058c5f6000-76058c5f7000 r--p 003f5000 fc:00 34868078                   /home/henriqueramos_qs/meta-learning-concept-drift/.venv/lib/python3.12/site-packages/scipy/sparse/_sparsetools.cpython-312-x86_64-linux-gnu.so
76058c5f7000-76058c5f8000 rw-p 003f6000 fc:00 34868078                   /home/henriqueramos_qs/meta-learning-concept-drift/.venv/lib/python3.12/site-packages/scipy/sparse/_sparsetools.cpython-312-x86_64-linux-gnu.so
76058c600000-76058c60b000 r--p 00000000 fc:00 35393363                   /home/henriqueramos_qs/meta-learning-concept-drift/.venv/lib/python3.12/site-packages/pandas/_libs/groupby.cpython-312-x86_64-linux-gnu.so
76058c60b000-76058c866000 r-xp 0000b000 fc:00 35393363                   /home/henriqueramos_qs/meta-learning-concept-drift/.venv/lib/python3.12/site-packages/pandas/_libs/groupby.cpython-312-x86_64-linux-gnu.so
76058c866000-76058c88b000 r--p 00266000 fc:00 35393363                   /home/henriqueramos_qs/meta-learning-concept-drift/.venv/lib/python3.12/site-packages/pandas/_libs/groupby.cpython-312-x86_64-linux-gnu.so
76058c88b000-76058c88c000 ---p 0028b000 fc:00 35393363                   /home/henriqueramos_qs/meta-learning-concept-drift/.venv/lib/python3.12/site-packages/pandas/_libs/groupby.cpython-312-x86_64-linux-gnu.so
76058c88c000-76058c88f000 r--p 0028b000 fc:00 35393363                   /home/henriqueramos_qs/meta-learning-concept-drift/.venv/lib/python3.12/site-packages/pandas/_libs/groupby.cpython-312-x86_64-linux-gnu.so
76058c88f000-76058c895000 rw-p 0028e000 fc:00 35393363                   /home/henriqueramos_qs/meta-learning-concept-drift/.venv/lib/python3.12/site-packages/pandas/_libs/groupby.cpython-312-x86_64-linux-gnu.so
76058c895000-76058c898000 rw-p 00000000 00:00 0 
76058c8a5000-76058c8ad000 r--p 00000000 fc:00 34868958                   /home/henriqueramos_qs/meta-learning-concept-drift/.venv/lib/python3.12/site-packages/scipy/stats/_unuran/unuran_wrapper.cpython-312-x86_64-linux-gnu.so
76058c8ad000-76058c9bc000 r-xp 00008000 fc:00 34868958                   /home/henriqueramos_qs/meta-learning-concept-drift/.venv/lib/python3.12/site-packages/scipy/stats/_unuran/unuran_wrapper.cpython-312-x86_64-linux-gnu.so
76058c9bc000-76058c9f8000 r--p 00117000 fc:00 34868958                   /home/henriqueramos_qs/meta-learning-concept-drift/.venv/lib/python3.12/site-packages/scipy/stats/_unuran/unuran_wrapper.cpython-312-x86_64-linux-gnu.so
76058c9f8000-76058c9f9000 ---p 00153000 fc:00 34868958                   /home/henriqueramos_qs/meta-learning-concept-drift/.venv/lib/python3.12/site-packages/scipy/stats/_unuran/unuran_wrapper.cpython-312-x86_64-linux-gnu.so
76058c9f9000-76058c9fa000 r--p 00153000 fc:00 34868958                   /home/henriqueramos_qs/meta-learning-concept-drift/.venv/lib/python3.12/site-packages/scipy/stats/_unuran/unuran_wrapper.cpython-312-x86_64-linux-gnu.so
76058c9fa000-76058c9ff000 rw-p 00154000 fc:00 34868958                   /home/henriqueramos_qs/meta-learning-concept-drift/.venv/lib/python3.12/site-packages/scipy/stats/_unuran/unuran_wrapper.cpython-312-x86_64-linux-gnu.so
76058c9ff000-76058ca00000 rw-p 00000000 00:00 0 
76058ca00000-76058ca14000 r--p 00000000 fc:00 35393367                   /home/henriqueramos_qs/meta-learning-concept-drift/.venv/lib/python3.12/site-packages/pandas/_libs/hashtable.cpython-312-x86_64-linux-gnu.so
76058ca14000-76058cbbe000 r-xp 00014000 fc:00 35393367                   /home/henriqueramos_qs/meta-learning-concept-drift/.venv/lib/python3.12/site-packages/pandas/_libs/hashtable.cpython-312-x86_64-linux-gnu.so
76058cbbe000-76058cbfb000 r--p 001be000 fc:00 35393367                   /home/henriqueramos_qs/meta-learning-concept-drift/.venv/lib/python3.12/site-packages/pandas/_libs/hashtable.cpython-312-x86_64-linux-gnu.so
76058cbfb000-76058cbfc000 ---p 001fb000 fc:00 35393367                   /home/henriqueramos_qs/meta-learning-concept-drift/.venv/lib/python3.12/site-packages/pandas/_libs/hashtable.cpython-312-x86_64-linux-gnu.so
76058cbfc000-76058cc00000 r--p 001fb000 fc:00 35393367                   /home/henriqueramos_qs/meta-learning-concept-drift/.venv/lib/python3.12/site-packages/pandas/_libs/hashtable.cpython-312-x86_64-linux-gnu.so
76058cc00000-76058cc0d000 rw-p 001ff000 fc:00 35393367                   /home/henriqueramos_qs/meta-learning-concept-drift/.venv/lib/python3.12/site-packages/pandas/_libs/hashtable.cpython-312-x86_64-linux-gnu.so
76058cc0d000-76058cc13000 rw-p 00000000 00:00 0 
76058cc14000-76058cc18000 r--p 00000000 fc:00 35400406                   /home/henriqueramos_qs/meta-learning-concept-drift/.venv/lib/python3.12/site-packages/sklearn/tree/_utils.cpython-312-x86_64-linux-gnu.so
76058cc18000-76058cc2a000 r-xp 00004000 fc:00 35400406                   /home/henriqueramos_qs/meta-learning-concept-drift/.venv/lib/python3.12/site-packages/sklearn/tree/_utils.cpython-312-x86_64-linux-gnu.so
76058cc2a000-76058cc31000 r--p 00016000 fc:00 35400406                   /home/henriqueramos_qs/meta-learning-concept-drift/.venv/lib/python3.12/site-packages/sklearn/tree/_utils.cpython-312-x86_64-linux-gnu.so
76058cc31000-76058cc32000 r--p 0001c000 fc:00 35400406                   /home/henriqueramos_qs/meta-learning-concept-drift/.venv/lib/python3.12/site-packages/sklearn/tree/_utils.cpython-312-x86_64-linux-gnu.so
76058cc32000-76058cc33000 rw-p 0001d000 fc:00 35400406                   /home/henriqueramos_qs/meta-learning-concept-drift/.venv/lib/python3.12/site-packages/sklearn/tree/_utils.cpython-312-x86_64-linux-gnu.so
76058cc33000-76058cc34000 rw-p 00000000 00:00 0 
76058cc34000-76058cc39000 r--p 00000000 fc:00 35400452                   /home/henriqueramos_qs/meta-learning-concept-drift/.venv/lib/python3.12/site-packages/sklearn/utils/_seq_dataset.cpython-312-x86_64-linux-gnu.so
76058cc39000-76058cc58000 r-xp 00005000 fc:00 35400452                   /home/henriqueramos_qs/meta-learning-concept-drift/.venv/lib/python3.12/site-packages/sklearn/utils/_seq_dataset.cpython-312-x86_64-linux-gnu.so
76058cc58000-76058cc5f000 r--p 00024000 fc:00 35400452                   /home/henriqueramos_qs/meta-learning-concept-drift/.venv/lib/python3.12/site-packages/sklearn/utils/_seq_dataset.cpython-312-x86_64-linux-gnu.so
76058cc5f000-76058cc60000 ---p 0002b000 fc:00 35400452                   /home/henriqueramos_qs/meta-learning-concept-drift/.venv/lib/python3.12/site-packages/sklearn/utils/_seq_dataset.cpython-312-x86_64-linux-gnu.so
76058cc60000-76058cc61000 r--p 0002b000 fc:00 35400452                   /home/henriqueramos_qs/meta-learning-concept-drift/.venv/lib/python3.12/site-packages/sklearn/utils/_seq_dataset.cpython-312-x86_64-linux-gnu.so
76058cc61000-76058cc63000 rw-p 0002c000 fc:00 35400452                   /home/henriqueramos_qs/meta-learning-concept-drift/.venv/lib/python3.12/site-packages/sklearn/utils/_seq_dataset.cpython-312-x86_64-linux-gnu.so
76058cc63000-76058cc64000 rw-p 00000000 00:00 0 
76058cc64000-76058cc6c000 r--p 00000000 fc:00 35400249                   /home/henriqueramos_qs/meta-learning-concept-drift/.venv/lib/python3.12/site-packages/sklearn/neighbors/_kd_tree.cpython-312-x86_64-linux-gnu.so
76058cc6c000-76058ccd9000 r-xp 00008000 fc:00 35400249                   /home/henriqueramos_qs/meta-learning-concept-drift/.venv/lib/python3.12/site-packages/sklearn/neighbors/_kd_tree.cpython-312-x86_64-linux-gnu.so
76058ccd9000-76058cced000 r--p 00075000 fc:00 35400249                   /home/henriqueramos_qs/meta-learning-concept-drift/.venv/lib/python3.12/site-packages/sklearn/neighbors/_kd_tree.cpython-312-x86_64-linux-gnu.so
76058cced000-76058ccee000 ---p 00089000 fc:00 35400249                   /home/henriqueramos_qs/meta-learning-concept-drift/.venv/lib/python3.12/site-packages/sklearn/neighbors/_kd_tree.cpython-312-x86_64-linux-gnu.so
76058ccee000-76058ccf0000 r--p 00089000 fc:00 35400249                   /home/henriqueramos_qs/meta-learning-concept-drift/.venv/lib/python3.12/site-packages/sklearn/neighbors/_kd_tree.cpython-312-x86_64-linux-gnu.so
76058ccf0000-76058ccf3000 rw-p 0008b000 fc:00 35400249                   /home/henriqueramos_qs/meta-learning-concept-drift/.venv/lib/python3.12/site-packages/sklearn/neighbors/_kd_tree.cpython-312-x86_64-linux-gnu.so
76058ccf3000-76058ccf4000 rw-p 00000000 00:00 0 
76058ccf4000-76058ccf6000 r--p 00000000 fc:00 34868911                   /home/henriqueramos_qs/meta-learning-concept-drift/.venv/lib/python3.12/site-packages/scipy/stats/_mvn.cpython-312-x86_64-linux-gnu.so
76058ccf6000-76058ccff000 r-xp 00002000 fc:00 34868911                   /home/henriqueramos_qs/meta-learning-concept-drift/.venv/lib/python3.12/site-packages/scipy/stats/_mvn.cpython-312-x86_64-linux-gnu.so
76058ccff000-76058cd05000 r--p 0000b000 fc:00 34868911                   /home/henriqueramos_qs/meta-learning-concept-drift/.venv/lib/python3.12/site-packages/scipy/stats/_mvn.cpython-312-x86_64-linux-gnu.so
76058cd05000-76058cd06000 r--p 00010000 fc:00 34868911                   /home/henriqueramos_qs/meta-learning-concept-drift/.venv/lib/python3.12/site-packages/scipy/stats/_mvn.cpython-312-x86_64-linux-gnu.so
76058cd06000-76058cd08000 rw-p 00011000 fc:00 34868911                   /home/henriqueramos_qs/meta-learning-concept-drift/.venv/lib/python3.12/site-packages/scipy/stats/_mvn.cpython-312-x86_64-linux-gnu.so
76058cd08000-76058cdff000 rw-p 00000000 00:00 0 
76058cdff000-76058ce00000 ---p 00000000 00:00 0 
76058ce00000-76058d600000 rw-p 00000000 00:00 0 
76058d600000-76058de00000 rw-p 00000000 00:00 0 
76058de00000-76058e222000 r--p 00000000 fc:00 35401656                   /home/henriqueramos_qs/meta-learning-concept-drift/.venv/lib/python3.12/site-packages/pyarrow/libarrow.so.2100
76058e222000-76058fb8b000 r-xp 00422000 fc:00 35401656                   /home/henriqueramos_qs/meta-learning-concept-drift/.venv/lib/python3.12/site-packages/pyarrow/libarrow.so.2100
76058fb8b000-760590259000 r--p 01d8b000 fc:00 35401656                   /home/henriqueramos_qs/meta-learning-concept-drift/.venv/lib/python3.12/site-packages/pyarrow/libarrow.so.2100
760590259000-760590333000 r--p 02458000 fc:00 35401656                   /home/henriqueramos_qs/meta-learning-concept-drift/.venv/lib/python3.12/site-packages/pyarrow/libarrow.so.2100
760590333000-760590366000 rw-p 02532000 fc:00 35401656                   /home/henriqueramos_qs/meta-learning-concept-drift/.venv/lib/python3.12/site-packages/pyarrow/libarrow.so.2100
760590366000-76059058e000 rw-p 00000000 00:00 0 
76059059c000-7605905a0000 r--p 00000000 fc:00 35400473                   /home/henriqueramos_qs/meta-learning-concept-drift/.venv/lib/python3.12/site-packages/sklearn/utils/arrayfuncs.cpython-312-x86_64-linux-gnu.so
7605905a0000-7605905bc000 r-xp 00004000 fc:00 35400473                   /home/henriqueramos_qs/meta-learning-concept-drift/.venv/lib/python3.12/site-packages/sklearn/utils/arrayfuncs.cpython-312-x86_64-linux-gnu.so
7605905bc000-7605905c2000 r--p 00020000 fc:00 35400473                   /home/henriqueramos_qs/meta-learning-concept-drift/.venv/lib/python3.12/site-packages/sklearn/utils/arrayfuncs.cpython-312-x86_64-linux-gnu.so
7605905c2000-7605905c3000 ---p 00026000 fc:00 35400473                   /home/henriqueramos_qs/meta-learning-concept-drift/.venv/lib/python3.12/site-packages/sklearn/utils/arrayfuncs.cpython-312-x86_64-linux-gnu.so
7605905c3000-7605905c4000 r--p 00026000 fc:00 35400473                   /home/henriqueramos_qs/meta-learning-concept-drift/.venv/lib/python3.12/site-packages/sklearn/utils/arrayfuncs.cpython-312-x86_64-linux-gnu.so
7605905c4000-7605905c5000 rw-p 00027000 fc:00 35400473                   /home/henriqueramos_qs/meta-learning-concept-drift/.venv/lib/python3.12/site-packages/sklearn/utils/arrayfuncs.cpython-312-x86_64-linux-gnu.so
7605905c5000-7605905c6000 rw-p 00000000 00:00 0 
7605905c6000-7605905cc000 r--p 00000000 fc:00 35400169                   /home/henriqueramos_qs/meta-learning-concept-drift/.venv/lib/python3.12/site-packages/sklearn/metrics/_pairwise_distances_reduction/_radius_neighbors.cpython-312-x86_64-linux-gnu.so
7605905cc000-7605905ee000 r-xp 00006000 fc:00 35400169                   /home/henriqueramos_qs/meta-learning-concept-drift/.venv/lib/python3.12/site-packages/sklearn/metrics/_pairwise_distances_reduction/_radius_neighbors.cpython-312-x86_64-linux-gnu.so
7605905ee000-7605905f7000 r--p 00028000 fc:00 35400169                   /home/henriqueramos_qs/meta-learning-concept-drift/.venv/lib/python3.12/site-packages/sklearn/metrics/_pairwise_distances_reduction/_radius_neighbors.cpython-312-x86_64-linux-gnu.so
7605905f7000-7605905f8000 ---p 00031000 fc:00 35400169                   /home/henriqueramos_qs/meta-learning-concept-drift/.venv/lib/python3.12/site-packages/sklearn/metrics/_pairwise_distances_reduction/_radius_neighbors.cpython-312-x86_64-linux-gnu.so
7605905f8000-7605905f9000 r--p 00031000 fc:00 35400169                   /home/henriqueramos_qs/meta-learning-concept-drift/.venv/lib/python3.12/site-packages/sklearn/metrics/_pairwise_distances_reduction/_radius_neighbors.cpython-312-x86_64-linux-gnu.so
7605905f9000-7605905fb000 rw-p 00032000 fc:00 35400169                   /home/henriqueramos_qs/meta-learning-concept-drift/.venv/lib/python3.12/site-packages/sklearn/metrics/_pairwise_distances_reduction/_radius_neighbors.cpython-312-x86_64-linux-gnu.so
7605905fb000-7605905fc000 rw-p 00000000 00:00 0 
7605905fc000-760590600000 rw-p 00042000 fc:00 35400169                   /home/henriqueramos_qs/meta-learning-concept-drift/.venv/lib/python3.12/site-packages/sklearn/metrics/_pairwise_distances_reduction/_radius_neighbors.cpython-312-x86_64-linux-gnu.so
760590600000-760590710000 r--p 00000000 fc:00 35401658                   /home/henriqueramos_qs/meta-learning-concept-drift/.venv/lib/python3.12/site-packages/pyarrow/libarrow_compute.so.2100
760590710000-7605911ec000 r-xp 00110000 fc:00 35401658                   /home/henriqueramos_qs/meta-learning-concept-drift/.venv/lib/python3.12/site-packages/pyarrow/libarrow_compute.so.2100
7605911ec000-760591403000 r--p 00bec000 fc:00 35401658                   /home/henriqueramos_qs/meta-learning-concept-drift/.venv/lib/python3.12/site-packages/pyarrow/libarrow_compute.so.2100
760591403000-760591404000 ---p 00e03000 fc:00 35401658                   /home/henriqueramos_qs/meta-learning-concept-drift/.venv/lib/python3.12/site-packages/pyarrow/libarrow_compute.so.2100
760591404000-760591422000 r--p 00e03000 fc:00 35401658                   /home/henriqueramos_qs/meta-learning-concept-drift/.venv/lib/python3.12/site-packages/pyarrow/libarrow_compute.so.2100
760591422000-760591427000 rw-p 00e21000 fc:00 35401658                   /home/henriqueramos_qs/meta-learning-concept-drift/.venv/lib/python3.12/site-packages/pyarrow/libarrow_compute.so.2100
760591427000-760591434000 rw-p 00000000 00:00 0 
76059143f000-760591443000 r--p 00000000 fc:00 35400144                   /home/henriqueramos_qs/meta-learning-concept-drift/.venv/lib/python3.12/site-packages/sklearn/metrics/_pairwise_fast.cpython-312-x86_64-linux-gnu.so
760591443000-76059145c000 r-xp 00004000 fc:00 35400144                   /home/henriqueramos_qs/meta-learning-concept-drift/.venv/lib/python3.12/site-packages/sklearn/metrics/_pairwise_fast.cpython-312-x86_64-linux-gnu.so
76059145c000-760591461000 r--p 0001d000 fc:00 35400144                   /home/henriqueramos_qs/meta-learning-concept-drift/.venv/lib/python3.12/site-packages/sklearn/metrics/_pairwise_fast.cpython-312-x86_64-linux-gnu.so
760591461000-760591462000 ---p 00022000 fc:00 35400144                   /home/henriqueramos_qs/meta-learning-concept-drift/.venv/lib/python3.12/site-packages/sklearn/metrics/_pairwise_fast.cpython-312-x86_64-linux-gnu.so
760591462000-760591463000 r--p 00022000 fc:00 35400144                   /home/henriqueramos_qs/meta-learning-concept-drift/.venv/lib/python3.12/site-packages/sklearn/metrics/_pairwise_fast.cpython-312-x86_64-linux-gnu.so
760591463000-760591464000 rw-p 00023000 fc:00 35400144                   /home/henriqueramos_qs/meta-learning-concept-drift/.venv/lib/python3.12/site-packages/sklearn/metrics/_pairwise_fast.cpython-312-x86_64-linux-gnu.so
760591464000-760591465000 rw-p 00000000 00:00 0 
760591465000-760591468000 rw-p 0002a000 fc:00 35400144                   /home/henriqueramos_qs/meta-learning-concept-drift/.venv/lib/python3.12/site-packages/sklearn/metrics/_pairwise_fast.cpython-312-x86_64-linux-gnu.so
760591468000-76059146e000 r--p 00000000 fc:00 35400166                   /home/henriqueramos_qs/meta-learning-concept-drift/.venv/lib/python3.12/site-packages/sklearn/metrics/_pairwise_distances_reduction/_middle_term_computer.cpython-312-x86_64-linux-gnu.so
76059146e000-7605914a1000 r-xp 00006000 fc:00 35400166                   /home/henriqueramos_qs/meta-learning-concept-drift/.venv/lib/python3.12/site-packages/sklearn/metrics/_pairwise_distances_reduction/_middle_term_computer.cpython-312-x86_64-linux-gnu.so
7605914a1000-7605914ad000 r--p 00039000 fc:00 35400166                   /home/henriqueramos_qs/meta-learning-concept-drift/.venv/lib/python3.12/site-packages/sklearn/metrics/_pairwise_distances_reduction/_middle_term_computer.cpython-312-x86_64-linux-gnu.so
7605914ad000-7605914ae000 ---p 00045000 fc:00 35400166                   /home/henriqueramos_qs/meta-learning-concept-drift/.venv/lib/python3.12/site-packages/sklearn/metrics/_pairwise_distances_reduction/_middle_term_computer.cpython-312-x86_64-linux-gnu.so
7605914ae000-7605914af000 r--p 00045000 fc:00 35400166                   /home/henriqueramos_qs/meta-learning-concept-drift/.venv/lib/python3.12/site-packages/sklearn/metrics/_pairwise_distances_reduction/_middle_term_computer.cpython-312-x86_64-linux-gnu.so
7605914af000-7605914b1000 rw-p 00046000 fc:00 35400166                   /home/henriqueramos_qs/meta-learning-concept-drift/.venv/lib/python3.12/site-packages/sklearn/metrics/_pairwise_distances_reduction/_middle_term_computer.cpython-312-x86_64-linux-gnu.so
7605914b1000-7605914b2000 rw-p 00000000 00:00 0 
7605914b2000-7605914b7000 r--p 00000000 fc:00 35400423                   /home/henriqueramos_qs/meta-learning-concept-drift/.venv/lib/python3.12/site-packages/sklearn/utils/_cython_blas.cpython-312-x86_64-linux-gnu.so
7605914b7000-7605914f4000 r-xp 00005000 fc:00 35400423                   /home/henriqueramos_qs/meta-learning-concept-drift/.venv/lib/python3.12/site-packages/sklearn/utils/_cython_blas.cpython-312-x86_64-linux-gnu.so
7605914f4000-7605914fd000 r--p 00042000 fc:00 35400423                   /home/henriqueramos_qs/meta-learning-concept-drift/.venv/lib/python3.12/site-packages/sklearn/utils/_cython_blas.cpython-312-x86_64-linux-gnu.so
7605914fd000-7605914fe000 r--p 0004a000 fc:00 35400423                   /home/henriqueramos_qs/meta-learning-concept-drift/.venv/lib/python3.12/site-packages/sklearn/utils/_cython_blas.cpython-312-x86_64-linux-gnu.so
7605914fe000-760591500000 rw-p 0004b000 fc:00 35400423                   /home/henriqueramos_qs/meta-learning-concept-drift/.venv/lib/python3.12/site-packages/sklearn/utils/_cython_blas.cpython-312-x86_64-linux-gnu.so
760591500000-760591600000 rw-p 00000000 00:00 0 
760591600000-7605917c6000 r--p 00000000 fc:00 35401671                   /home/henriqueramos_qs/meta-learning-concept-drift/.venv/lib/python3.12/site-packages/pyarrow/libparquet.so.2100
7605917c6000-760591ce7000 r-xp 001c6000 fc:00 35401671                   /home/henriqueramos_qs/meta-learning-concept-drift/.venv/lib/python3.12/site-packages/pyarrow/libparquet.so.2100
760591ce7000-760591e56000 r--p 006e7000 fc:00 35401671                   /home/henriqueramos_qs/meta-learning-concept-drift/.venv/lib/python3.12/site-packages/pyarrow/libparquet.so.2100
760591e56000-760591e57000 ---p 00856000 fc:00 35401671                   /home/henriqueramos_qs/meta-learning-concept-drift/.venv/lib/python3.12/site-packages/pyarrow/libparquet.so.2100
760591e57000-760591ed5000 r--p 00856000 fc:00 35401671                   /home/henriqueramos_qs/meta-learning-concept-drift/.venv/lib/python3.12/site-packages/pyarrow/libparquet.so.2100
760591ed5000-760591ee3000 rw-p 008d4000 fc:00 35401671                   /home/henriqueramos_qs/meta-learning-concept-drift/.venv/lib/python3.12/site-packages/pyarrow/libparquet.so.2100
760591ee3000-760591ee7000 rw-p 00000000 00:00 0 
760591ee7000-760591ee9000 r--p 00000000 fc:00 34869050                   /home/henriqueramos_qs/meta-learning-concept-drift/.venv/lib/python3.12/site-packages/scipy/signal/_sigtools.cpython-312-x86_64-linux-gnu.so
760591ee9000-760591efc000 r-xp 00002000 fc:00 34869050                   /home/henriqueramos_qs/meta-learning-concept-drift/.venv/lib/python3.12/site-packages/scipy/signal/_sigtools.cpython-312-x86_64-linux-gnu.so
760591efc000-760591efe000 r--p 00015000 fc:00 34869050                   /home/henriqueramos_qs/meta-learning-concept-drift/.venv/lib/python3.12/site-packages/scipy/signal/_sigtools.cpython-312-x86_64-linux-gnu.so
760591efe000-760591eff000 r--p 00016000 fc:00 34869050                   /home/henriqueramos_qs/meta-learning-concept-drift/.venv/lib/python3.12/site-packages/scipy/signal/_sigtools.cpython-312-x86_64-linux-gnu.so
760591eff000-760591f00000 rw-p 00017000 fc:00 34869050                   /home/henriqueramos_qs/meta-learning-concept-drift/.venv/lib/python3.12/site-packages/scipy/signal/_sigtools.cpython-312-x86_64-linux-gnu.so
760591f00000-760591f07000 r--p 00000000 fc:00 34868507                   /home/henriqueramos_qs/meta-learning-concept-drift/.venv/lib/python3.12/site-packages/scipy/fft/_pocketfft/pypocketfft.cpython-312-x86_64-linux-gnu.so
760591f07000-760591fe1000 r-xp 00007000 fc:00 34868507                   /home/henriqueramos_qs/meta-learning-concept-drift/.venv/lib/python3.12/site-packages/scipy/fft/_pocketfft/pypocketfft.cpython-312-x86_64-linux-gnu.so
760591fe1000-760591ffb000 r--p 000e1000 fc:00 34868507                   /home/henriqueramos_qs/meta-learning-concept-drift/.venv/lib/python3.12/site-packages/scipy/fft/_pocketfft/pypocketfft.cpython-312-x86_64-linux-gnu.so
760591ffb000-760591ffc000 ---p 000fb000 fc:00 34868507                   /home/henriqueramos_qs/meta-learning-concept-drift/.venv/lib/python3.12/site-packages/scipy/fft/_pocketfft/pypocketfft.cpython-312-x86_64-linux-gnu.so
760591ffc000-760591ffd000 r--p 000fb000 fc:00 34868507                   /home/henriqueramos_qs/meta-learning-concept-drift/.venv/lib/python3.12/site-packages/scipy/fft/_pocketfft/pypocketfft.cpython-312-x86_64-linux-gnu.so
760591ffd000-760591ffe000 rw-p 000fc000 fc:00 34868507                   /home/henriqueramos_qs/meta-learning-concept-drift/.venv/lib/python3.12/site-packages/scipy/fft/_pocketfft/pypocketfft.cpython-312-x86_64-linux-gnu.so
760591ffe000-760592000000 rw-p 00000000 00:00 0 
760592000000-760592074000 r--p 00000000 fc:00 35401670                   /home/henriqueramos_qs/meta-learning-concept-drift/.venv/lib/python3.12/site-packages/pyarrow/libarrow_substrait.so.2100
760592074000-7605922b0000 r-xp 00074000 fc:00 35401670                   /home/henriqueramos_qs/meta-learning-concept-drift/.venv/lib/python3.12/site-packages/pyarrow/libarrow_substrait.so.2100
7605922b0000-760592369000 r--p 002b0000 fc:00 35401670                   /home/henriqueramos_qs/meta-learning-concept-drift/.venv/lib/python3.12/site-packages/pyarrow/libarrow_substrait.so.2100
760592369000-76059236a000 ---p 00369000 fc:00 35401670                   /home/henriqueramos_qs/meta-learning-concept-drift/.venv/lib/python3.12/site-packages/pyarrow/libarrow_substrait.so.2100
76059236a000-76059237c000 r--p 00369000 fc:00 35401670                   /home/henriqueramos_qs/meta-learning-concept-drift/.venv/lib/python3.12/site-packages/pyarrow/libarrow_substrait.so.2100
76059237c000-760592381000 rw-p 0037b000 fc:00 35401670                   /home/henriqueramos_qs/meta-learning-concept-drift/.venv/lib/python3.12/site-packages/pyarrow/libarrow_substrait.so.2100
760592381000-760592383000 rw-p 00000000 00:00 0 
76059238c000-760592391000 r--p 00000000 fc:00 35400172                   /home/henriqueramos_qs/meta-learning-concept-drift/.venv/lib/python3.12/site-packages/sklearn/metrics/_pairwise_distances_reduction/_radius_neighbors_classmode.cpython-312-x86_64-linux-gnu.so
760592391000-7605923a9000 r-xp 00005000 fc:00 35400172                   /home/henriqueramos_qs/meta-learning-concept-drift/.venv/lib/python3.12/site-packages/sklearn/metrics/_pairwise_distances_reduction/_radius_neighbors_classmode.cpython-312-x86_64-linux-gnu.so
7605923a9000-7605923af000 r--p 0001d000 fc:00 35400172                   /home/henriqueramos_qs/meta-learning-concept-drift/.venv/lib/python3.12/site-packages/sklearn/metrics/_pairwise_distances_reduction/_radius_neighbors_classmode.cpython-312-x86_64-linux-gnu.so
7605923af000-7605923b0000 ---p 00023000 fc:00 35400172                   /home/henriqueramos_qs/meta-learning-concept-drift/.venv/lib/python3.12/site-packages/sklearn/metrics/_pairwise_distances_reduction/_radius_neighbors_classmode.cpython-312-x86_64-linux-gnu.so
7605923b0000-7605923b1000 r--p 00023000 fc:00 35400172                   /home/henriqueramos_qs/meta-learning-concept-drift/.venv/lib/python3.12/site-packages/sklearn/metrics/_pairwise_distances_reduction/_radius_neighbors_classmode.cpython-312-x86_64-linux-gnu.so
7605923b1000-7605923b2000 rw-p 00024000 fc:00 35400172                   /home/henriqueramos_qs/meta-learning-concept-drift/.venv/lib/python3.12/site-packages/sklearn/metrics/_pairwise_distances_reduction/_radius_neighbors_classmode.cpython-312-x86_64-linux-gnu.so
7605923b2000-7605923b3000 rw-p 00000000 00:00 0 
7605923b3000-7605923b6000 rw-p 0002e000 fc:00 35400172                   /home/henriqueramos_qs/meta-learning-concept-drift/.venv/lib/python3.12/site-packages/sklearn/metrics/_pairwise_distances_reduction/_radius_neighbors_classmode.cpython-312-x86_64-linux-gnu.so
7605923b6000-7605923bc000 r--p 00000000 fc:00 35400162                   /home/henriqueramos_qs/meta-learning-concept-drift/.venv/lib/python3.12/site-packages/sklearn/metrics/_pairwise_distances_reduction/_datasets_pair.cpython-312-x86_64-linux-gnu.so
7605923bc000-7605923ef000 r-xp 00006000 fc:00 35400162                   /home/henriqueramos_qs/meta-learning-concept-drift/.venv/lib/python3.12/site-packages/sklearn/metrics/_pairwise_distances_reduction/_datasets_pair.cpython-312-x86_64-linux-gnu.so
7605923ef000-7605923fc000 r--p 00039000 fc:00 35400162                   /home/henriqueramos_qs/meta-learning-concept-drift/.venv/lib/python3.12/site-packages/sklearn/metrics/_pairwise_distances_reduction/_datasets_pair.cpython-312-x86_64-linux-gnu.so
7605923fc000-7605923fd000 r--p 00045000 fc:00 35400162                   /home/henriqueramos_qs/meta-learning-concept-drift/.venv/lib/python3.12/site-packages/sklearn/metrics/_pairwise_distances_reduction/_datasets_pair.cpython-312-x86_64-linux-gnu.so
7605923fd000-760592400000 rw-p 00046000 fc:00 35400162                   /home/henriqueramos_qs/meta-learning-concept-drift/.venv/lib/python3.12/site-packages/sklearn/metrics/_pairwise_distances_reduction/_datasets_pair.cpython-312-x86_64-linux-gnu.so
760592400000-76059245e000 r--p 00000000 fc:00 35401651                   /home/henriqueramos_qs/meta-learning-concept-drift/.venv/lib/python3.12/site-packages/pyarrow/lib.cpython-312-x86_64-linux-gnu.so
76059245e000-7605926ce000 r-xp 0005e000 fc:00 35401651                   /home/henriqueramos_qs/meta-learning-concept-drift/.venv/lib/python3.12/site-packages/pyarrow/lib.cpython-312-x86_64-linux-gnu.so
7605926ce000-7605927c2000 r--p 002ce000 fc:00 35401651                   /home/henriqueramos_qs/meta-learning-concept-drift/.venv/lib/python3.12/site-packages/pyarrow/lib.cpython-312-x86_64-linux-gnu.so
7605927c2000-7605927c3000 ---p 003c2000 fc:00 35401651                   /home/henriqueramos_qs/meta-learning-concept-drift/.venv/lib/python3.12/site-packages/pyarrow/lib.cpython-312-x86_64-linux-gnu.so
7605927c3000-7605927d1000 r--p 003c2000 fc:00 35401651                   /home/henriqueramos_qs/meta-learning-concept-drift/.venv/lib/python3.12/site-packages/pyarrow/lib.cpython-312-x86_64-linux-gnu.so
7605927d1000-7605927f9000 rw-p 003d0000 fc:00 35401651                   /home/henriqueramos_qs/meta-learning-concept-drift/.venv/lib/python3.12/site-packages/pyarrow/lib.cpython-312-x86_64-linux-gnu.so
7605927f9000-760592804000 rw-p 00000000 00:00 0 
760592807000-76059280b000 r--p 00000000 fc:00 35400126                   /home/henriqueramos_qs/meta-learning-concept-drift/.venv/lib/python3.12/site-packages/sklearn/manifold/_utils.cpython-312-x86_64-linux-gnu.so
76059280b000-760592814000 r-xp 00004000 fc:00 35400126                   /home/henriqueramos_qs/meta-learning-concept-drift/.venv/lib/python3.12/site-packages/sklearn/manifold/_utils.cpython-312-x86_64-linux-gnu.so
760592814000-760592818000 r--p 0000d000 fc:00 35400126                   /home/henriqueramos_qs/meta-learning-concept-drift/.venv/lib/python3.12/site-packages/sklearn/manifold/_utils.cpython-312-x86_64-linux-gnu.so
760592818000-760592819000 ---p 00011000 fc:00 35400126                   /home/henriqueramos_qs/meta-learning-concept-drift/.venv/lib/python3.12/site-packages/sklearn/manifold/_utils.cpython-312-x86_64-linux-gnu.so
760592819000-76059281a000 r--p 00011000 fc:00 35400126                   /home/henriqueramos_qs/meta-learning-concept-drift/.venv/lib/python3.12/site-packages/sklearn/manifold/_utils.cpython-312-x86_64-linux-gnu.so
76059281a000-76059281b000 rw-p 00012000 fc:00 35400126                   /home/henriqueramos_qs/meta-learning-concept-drift/.venv/lib/python3.12/site-packages/sklearn/manifold/_utils.cpython-312-x86_64-linux-gnu.so
76059281b000-760592820000 r--p 00000000 fc:00 35400158                   /home/henriqueramos_qs/meta-learning-concept-drift/.venv/lib/python3.12/site-packages/sklearn/metrics/_pairwise_distances_reduction/_base.cpython-312-x86_64-linux-gnu.so
760592820000-76059283b000 r-xp 00005000 fc:00 35400158                   /home/henriqueramos_qs/meta-learning-concept-drift/.venv/lib/python3.12/site-packages/sklearn/metrics/_pairwise_distances_reduction/_base.cpython-312-x86_64-linux-gnu.so
76059283b000-760592842000 r--p 00020000 fc:00 35400158                   /home/henriqueramos_qs/meta-learning-concept-drift/.venv/lib/python3.12/site-packages/sklearn/metrics/_pairwise_distances_reduction/_base.cpython-312-x86_64-linux-gnu.so
760592842000-760592843000 ---p 00027000 fc:00 35400158                   /home/henriqueramos_qs/meta-learning-concept-drift/.venv/lib/python3.12/site-packages/sklearn/metrics/_pairwise_distances_reduction/_base.cpython-312-x86_64-linux-gnu.so
760592843000-760592844000 r--p 00027000 fc:00 35400158                   /home/henriqueramos_qs/meta-learning-concept-drift/.venv/lib/python3.12/site-packages/sklearn/metrics/_pairwise_distances_reduction/_base.cpython-312-x86_64-linux-gnu.so
760592844000-760592846000 rw-p 00028000 fc:00 35400158                   /home/henriqueramos_qs/meta-learning-concept-drift/.venv/lib/python3.12/site-packages/sklearn/metrics/_pairwise_distances_reduction/_base.cpython-312-x86_64-linux-gnu.so
760592846000-760592849000 rw-p 00034000 fc:00 35400158                   /home/henriqueramos_qs/meta-learning-concept-drift/.venv/lib/python3.12/site-packages/sklearn/metrics/_pairwise_distances_reduction/_base.cpython-312-x86_64-linux-gnu.so
760592849000-76059284e000 r--p 00000000 fc:00 35400153                   /home/henriqueramos_qs/meta-learning-concept-drift/.venv/lib/python3.12/site-packages/sklearn/metrics/_pairwise_distances_reduction/_argkmin.cpython-312-x86_64-linux-gnu.so
76059284e000-760592870000 r-xp 00005000 fc:00 35400153                   /home/henriqueramos_qs/meta-learning-concept-drift/.venv/lib/python3.12/site-packages/sklearn/metrics/_pairwise_distances_reduction/_argkmin.cpython-312-x86_64-linux-gnu.so
760592870000-760592878000 r--p 00027000 fc:00 35400153                   /home/henriqueramos_qs/meta-learning-concept-drift/.venv/lib/python3.12/site-packages/sklearn/metrics/_pairwise_distances_reduction/_argkmin.cpython-312-x86_64-linux-gnu.so
760592878000-760592879000 r--p 0002e000 fc:00 35400153                   /home/henriqueramos_qs/meta-learning-concept-drift/.venv/lib/python3.12/site-packages/sklearn/metrics/_pairwise_distances_reduction/_argkmin.cpython-312-x86_64-linux-gnu.so
760592879000-76059287b000 rw-p 0002f000 fc:00 35400153                   /home/henriqueramos_qs/meta-learning-concept-drift/.venv/lib/python3.12/site-packages/sklearn/metrics/_pairwise_distances_reduction/_argkmin.cpython-312-x86_64-linux-gnu.so
76059287b000-76059287e000 rw-p 0003c000 fc:00 35400153                   /home/henriqueramos_qs/meta-learning-concept-drift/.venv/lib/python3.12/site-packages/sklearn/metrics/_pairwise_distances_reduction/_argkmin.cpython-312-x86_64-linux-gnu.so
76059287e000-760592887000 r--p 00000000 fc:00 35400140                   /home/henriqueramos_qs/meta-learning-concept-drift/.venv/lib/python3.12/site-packages/sklearn/metrics/_dist_metrics.cpython-312-x86_64-linux-gnu.so
760592887000-7605928e0000 r-xp 00009000 fc:00 35400140                   /home/henriqueramos_qs/meta-learning-concept-drift/.venv/lib/python3.12/site-packages/sklearn/metrics/_dist_metrics.cpython-312-x86_64-linux-gnu.so
7605928e0000-7605928f5000 r--p 00062000 fc:00 35400140                   /home/henriqueramos_qs/meta-learning-concept-drift/.venv/lib/python3.12/site-packages/sklearn/metrics/_dist_metrics.cpython-312-x86_64-linux-gnu.so
7605928f5000-7605928f6000 ---p 00077000 fc:00 35400140                   /home/henriqueramos_qs/meta-learning-concept-drift/.venv/lib/python3.12/site-packages/sklearn/metrics/_dist_metrics.cpython-312-x86_64-linux-gnu.so
7605928f6000-7605928f8000 r--p 00077000 fc:00 35400140                   /home/henriqueramos_qs/meta-learning-concept-drift/.venv/lib/python3.12/site-packages/sklearn/metrics/_dist_metrics.cpython-312-x86_64-linux-gnu.so
7605928f8000-7605928fe000 rw-p 00079000 fc:00 35400140                   /home/henriqueramos_qs/meta-learning-concept-drift/.venv/lib/python3.12/site-packages/sklearn/metrics/_dist_metrics.cpython-312-x86_64-linux-gnu.so
7605928fe000-760592a00000 rw-p 00000000 00:00 0 
760592a00000-760596a00000 rw-p 00000000 00:00 0 
760596a00000-760596a03000 r--p 00000000 fc:00 35521560                   /home/henriqueramos_qs/meta-learning-concept-drift/.venv/lib/python3.12/site-packages/torch/lib/libshm.so
760596a03000-760596a06000 r-xp 00003000 fc:00 35521560                   /home/henriqueramos_qs/meta-learning-concept-drift/.venv/lib/python3.12/site-packages/torch/lib/libshm.so
760596a06000-760596a07000 r--p 00006000 fc:00 35521560                   /home/henriqueramos_qs/meta-learning-concept-drift/.venv/lib/python3.12/site-packages/torch/lib/libshm.so
760596a07000-760596a08000 ---p 00007000 fc:00 35521560                   /home/henriqueramos_qs/meta-learning-concept-drift/.venv/lib/python3.12/site-packages/torch/lib/libshm.so
760596a08000-760596a09000 r--p 00007000 fc:00 35521560                   /home/henriqueramos_qs/meta-learning-concept-drift/.venv/lib/python3.12/site-packages/torch/lib/libshm.so
760596a09000-760596a0a000 rw-p 00008000 fc:00 35521560                   /home/henriqueramos_qs/meta-learning-concept-drift/.venv/lib/python3.12/site-packages/torch/lib/libshm.so
760596a0a000-760596a0c000 rw-p 0000c000 fc:00 35521560                   /home/henriqueramos_qs/meta-learning-concept-drift/.venv/lib/python3.12/site-packages/torch/lib/libshm.so
760596a0c000-760596a14000 r--p 00000000 fc:00 35400243                   /home/henriqueramos_qs/meta-learning-concept-drift/.venv/lib/python3.12/site-packages/sklearn/neighbors/_ball_tree.cpython-312-x86_64-linux-gnu.so
760596a14000-760596a7f000 r-xp 00008000 fc:00 35400243                   /home/henriqueramos_qs/meta-learning-concept-drift/.venv/lib/python3.12/site-packages/sklearn/neighbors/_ball_tree.cpython-312-x86_64-linux-gnu.so
760596a7f000-760596a94000 r--p 00073000 fc:00 35400243                   /home/henriqueramos_qs/meta-learning-concept-drift/.venv/lib/python3.12/site-packages/sklearn/neighbors/_ball_tree.cpython-312-x86_64-linux-gnu.so
760596a94000-760596a95000 ---p 00088000 fc:00 35400243                   /home/henriqueramos_qs/meta-learning-concept-drift/.venv/lib/python3.12/site-packages/sklearn/neighbors/_ball_tree.cpython-312-x86_64-linux-gnu.so
760596a95000-760596a97000 r--p 00088000 fc:00 35400243                   /home/henriqueramos_qs/meta-learning-concept-drift/.venv/lib/python3.12/site-packages/sklearn/neighbors/_ball_tree.cpython-312-x86_64-linux-gnu.so
760596a97000-760596a9a000 rw-p 0008a000 fc:00 35400243                   /home/henriqueramos_qs/meta-learning-concept-drift/.venv/lib/python3.12/site-packages/sklearn/neighbors/_ball_tree.cpython-312-x86_64-linux-gnu.so
760596a9a000-760596a9b000 rw-p 00000000 00:00 0 
760596a9b000-760596aa3000 r--p 00000000 fc:00 35400403                   /home/henriqueramos_qs/meta-learning-concept-drift/.venv/lib/python3.12/site-packages/sklearn/tree/_tree.cpython-312-x86_64-linux-gnu.so
760596aa3000-760596aea000 r-xp 00008000 fc:00 35400403                   /home/henriqueramos_qs/meta-learning-concept-drift/.venv/lib/python3.12/site-packages/sklearn/tree/_tree.cpython-312-x86_64-linux-gnu.so
760596aea000-760596af8000 r--p 0004f000 fc:00 35400403                   /home/henriqueramos_qs/meta-learning-concept-drift/.venv/lib/python3.12/site-packages/sklearn/tree/_tree.cpython-312-x86_64-linux-gnu.so
760596af8000-760596af9000 ---p 0005d000 fc:00 35400403                   /home/henriqueramos_qs/meta-learning-concept-drift/.venv/lib/python3.12/site-packages/sklearn/tree/_tree.cpython-312-x86_64-linux-gnu.so
760596af9000-760596afb000 r--p 0005d000 fc:00 35400403                   /home/henriqueramos_qs/meta-learning-concept-drift/.venv/lib/python3.12/site-packages/sklearn/tree/_tree.cpython-312-x86_64-linux-gnu.so
760596afb000-760596afe000 rw-p 0005f000 fc:00 35400403                   /home/henriqueramos_qs/meta-learning-concept-drift/.venv/lib/python3.12/site-packages/sklearn/tree/_tree.cpython-312-x86_64-linux-gnu.so
760596afe000-760596bff000 rw-p 00000000 00:00 0 
760596bff000-760596c00000 ---p 00000000 00:00 0 
760596c00000-760597400000 rw-p 00000000 00:00 0 
760597400000-760599400000 rw-p 00000000 00:00 0 
76059940a000-76059940f000 r--p 00000000 fc:00 35400467                   /home/henriqueramos_qs/meta-learning-concept-drift/.venv/lib/python3.12/site-packages/sklearn/utils/_vector_sentinel.cpython-312-x86_64-linux-gnu.so
76059940f000-760599422000 r-xp 00005000 fc:00 35400467                   /home/henriqueramos_qs/meta-learning-concept-drift/.venv/lib/python3.12/site-packages/sklearn/utils/_vector_sentinel.cpython-312-x86_64-linux-gnu.so
760599422000-760599428000 r--p 00018000 fc:00 35400467                   /home/henriqueramos_qs/meta-learning-concept-drift/.venv/lib/python3.12/site-packages/sklearn/utils/_vector_sentinel.cpython-312-x86_64-linux-gnu.so
760599428000-760599429000 r--p 0001d000 fc:00 35400467                   /home/henriqueramos_qs/meta-learning-concept-drift/.venv/lib/python3.12/site-packages/sklearn/utils/_vector_sentinel.cpython-312-x86_64-linux-gnu.so
760599429000-76059942b000 rw-p 0001e000 fc:00 35400467                   /home/henriqueramos_qs/meta-learning-concept-drift/.venv/lib/python3.12/site-packages/sklearn/utils/_vector_sentinel.cpython-312-x86_64-linux-gnu.so
76059942b000-760599430000 r--p 00000000 fc:00 35400392                   /home/henriqueramos_qs/meta-learning-concept-drift/.venv/lib/python3.12/site-packages/sklearn/tree/_criterion.cpython-312-x86_64-linux-gnu.so
760599430000-76059944d000 r-xp 00005000 fc:00 35400392                   /home/henriqueramos_qs/meta-learning-concept-drift/.venv/lib/python3.12/site-packages/sklearn/tree/_criterion.cpython-312-x86_64-linux-gnu.so
76059944d000-760599455000 r--p 00022000 fc:00 35400392                   /home/henriqueramos_qs/meta-learning-concept-drift/.venv/lib/python3.12/site-packages/sklearn/tree/_criterion.cpython-312-x86_64-linux-gnu.so
760599455000-760599456000 r--p 00029000 fc:00 35400392                   /home/henriqueramos_qs/meta-learning-concept-drift/.venv/lib/python3.12/site-packages/sklearn/tree/_criterion.cpython-312-x86_64-linux-gnu.so
760599456000-760599458000 rw-p 0002a000 fc:00 35400392                   /home/henriqueramos_qs/meta-learning-concept-drift/.venv/lib/python3.12/site-packages/sklearn/tree/_criterion.cpython-312-x86_64-linux-gnu.so
760599458000-760599459000 rw-p 00000000 00:00 0 
760599459000-76059945e000 r--p 00000000 fc:00 35400493                   /home/henriqueramos_qs/meta-learning-concept-drift/.venv/lib/python3.12/site-packages/sklearn/utils/sparsefuncs_fast.cpython-312-x86_64-linux-gnu.so
76059945e000-7605994ee000 r-xp 00005000 fc:00 35400493                   /home/henriqueramos_qs/meta-learning-concept-drift/.venv/lib/python3.12/site-packages/sklearn/utils/sparsefuncs_fast.cpython-312-x86_64-linux-gnu.so
7605994ee000-7605994fb000 r--p 00095000 fc:00 35400493                   /home/henriqueramos_qs/meta-learning-concept-drift/.venv/lib/python3.12/site-packages/sklearn/utils/sparsefuncs_fast.cpython-312-x86_64-linux-gnu.so
7605994fb000-7605994fd000 r--p 000a1000 fc:00 35400493                   /home/henriqueramos_qs/meta-learning-concept-drift/.venv/lib/python3.12/site-packages/sklearn/utils/sparsefuncs_fast.cpython-312-x86_64-linux-gnu.so
7605994fd000-7605994ff000 rw-p 000a3000 fc:00 35400493                   /home/henriqueramos_qs/meta-learning-concept-drift/.venv/lib/python3.12/site-packages/sklearn/utils/sparsefuncs_fast.cpython-312-x86_64-linux-gnu.so
7605994ff000-7605995ff000 rw-p 00000000 00:00 0 
7605995ff000-760599600000 ---p 00000000 00:00 0 
760599600000-760599e00000 rw-p 00000000 00:00 0 
760599e00000-76059be00000 rw-p 00000000 00:00 0 
76059be01000-76059be05000 r--p 00000000 fc:00 35400156                   /home/henriqueramos_qs/meta-learning-concept-drift/.venv/lib/python3.12/site-packages/sklearn/metrics/_pairwise_distances_reduction/_argkmin_classmode.cpython-312-x86_64-linux-gnu.so
76059be05000-76059be19000 r-xp 00004000 fc:00 35400156                   /home/henriqueramos_qs/meta-learning-concept-drift/.venv/lib/python3.12/site-packages/sklearn/metrics/_pairwise_distances_reduction/_argkmin_classmode.cpython-312-x86_64-linux-gnu.so
76059be19000-76059be1f000 r--p 00018000 fc:00 35400156                   /home/henriqueramos_qs/meta-learning-concept-drift/.venv/lib/python3.12/site-packages/sklearn/metrics/_pairwise_distances_reduction/_argkmin_classmode.cpython-312-x86_64-linux-gnu.so
76059be1f000-76059be20000 r--p 0001d000 fc:00 35400156                   /home/henriqueramos_qs/meta-learning-concept-drift/.venv/lib/python3.12/site-packages/sklearn/metrics/_pairwise_distances_reduction/_argkmin_classmode.cpython-312-x86_64-linux-gnu.so
76059be20000-76059be21000 rw-p 0001e000 fc:00 35400156                   /home/henriqueramos_qs/meta-learning-concept-drift/.venv/lib/python3.12/site-packages/sklearn/metrics/_pairwise_distances_reduction/_argkmin_classmode.cpython-312-x86_64-linux-gnu.so
76059be21000-76059be22000 rw-p 00000000 00:00 0 
76059be22000-76059be25000 rw-p 00027000 fc:00 35400156                   /home/henriqueramos_qs/meta-learning-concept-drift/.venv/lib/python3.12/site-packages/sklearn/metrics/_pairwise_distances_reduction/_argkmin_classmode.cpython-312-x86_64-linux-gnu.so
76059be25000-76059be2a000 r--p 00000000 fc:00 34869483                   /home/henriqueramos_qs/meta-learning-concept-drift/.venv/lib/python3.12/site-packages/scipy/ndimage/_ni_label.cpython-312-x86_64-linux-gnu.so
76059be2a000-76059be7a000 r-xp 00005000 fc:00 34869483                   /home/henriqueramos_qs/meta-learning-concept-drift/.venv/lib/python3.12/site-packages/scipy/ndimage/_ni_label.cpython-312-x86_64-linux-gnu.so
76059be7a000-76059be84000 r--p 00055000 fc:00 34869483                   /home/henriqueramos_qs/meta-learning-concept-drift/.venv/lib/python3.12/site-packages/scipy/ndimage/_ni_label.cpython-312-x86_64-linux-gnu.so
76059be84000-76059be85000 r--p 0005e000 fc:00 34869483                   /home/henriqueramos_qs/meta-learning-concept-drift/.venv/lib/python3.12/site-packages/scipy/ndimage/_ni_label.cpython-312-x86_64-linux-gnu.so
76059be85000-76059be88000 rw-p 0005f000 fc:00 34869483                   /home/henriqueramos_qs/meta-learning-concept-drift/.venv/lib/python3.12/site-packages/scipy/ndimage/_ni_label.cpython-312-x86_64-linux-gnu.so
76059be88000-76059be8d000 r--p 00000000 fc:00 34869022                   /home/henriqueramos_qs/meta-learning-concept-drift/.venv/lib/python3.12/site-packages/scipy/stats/_rcont/rcont.cpython-312-x86_64-linux-gnu.so
76059be8d000-76059beb3000 r-xp 00005000 fc:00 34869022                   /home/henriqueramos_qs/meta-learning-concept-drift/.venv/lib/python3.12/site-packages/scipy/stats/_rcont/rcont.cpython-312-x86_64-linux-gnu.so
76059beb3000-76059bebc000 r--p 0002b000 fc:00 34869022                   /home/henriqueramos_qs/meta-learning-concept-drift/.venv/lib/python3.12/site-packages/scipy/stats/_rcont/rcont.cpython-312-x86_64-linux-gnu.so
76059bebc000-76059bebd000 ---p 00034000 fc:00 34869022                   /home/henriqueramos_qs/meta-learning-concept-drift/.venv/lib/python3.12/site-packages/scipy/stats/_rcont/rcont.cpython-312-x86_64-linux-gnu.so
76059bebd000-76059bebe000 r--p 00034000 fc:00 34869022                   /home/henriqueramos_qs/meta-learning-concept-drift/.venv/lib/python3.12/site-packages/scipy/stats/_rcont/rcont.cpython-312-x86_64-linux-gnu.so
76059bebe000-76059bec0000 rw-p 00035000 fc:00 34869022                   /home/henriqueramos_qs/meta-learning-concept-drift/.venv/lib/python3.12/site-packages/scipy/stats/_rcont/rcont.cpython-312-x86_64-linux-gnu.so
76059bec0000-76059bec1000 rw-p 00000000 00:00 0 
76059bec1000-76059bec7000 r--p 00000000 fc:00 34868914                   /home/henriqueramos_qs/meta-learning-concept-drift/.venv/lib/python3.12/site-packages/scipy/stats/_qmc_cy.cpython-312-x86_64-linux-gnu.so
76059bec7000-76059bef2000 r-xp 00006000 fc:00 34868914                   /home/henriqueramos_qs/meta-learning-concept-drift/.venv/lib/python3.12/site-packages/scipy/stats/_qmc_cy.cpython-312-x86_64-linux-gnu.so
76059bef2000-76059befb000 r--p 00031000 fc:00 34868914                   /home/henriqueramos_qs/meta-learning-concept-drift/.venv/lib/python3.12/site-packages/scipy/stats/_qmc_cy.cpython-312-x86_64-linux-gnu.so
76059befb000-76059befc000 r--p 00039000 fc:00 34868914                   /home/henriqueramos_qs/meta-learning-concept-drift/.venv/lib/python3.12/site-packages/scipy/stats/_qmc_cy.cpython-312-x86_64-linux-gnu.so
76059befc000-76059befe000 rw-p 0003a000 fc:00 34868914                   /home/henriqueramos_qs/meta-learning-concept-drift/.venv/lib/python3.12/site-packages/scipy/stats/_qmc_cy.cpython-312-x86_64-linux-gnu.so
76059befe000-76059bfff000 rw-p 00000000 00:00 0 
76059bfff000-76059c000000 ---p 00000000 00:00 0 
76059c000000-76059c800000 rw-p 00000000 00:00 0 
76059c800000-76059e800000 rw-p 00000000 00:00 0 
76059e807000-76059e80b000 r--p 00000000 fc:00 35400400                   /home/henriqueramos_qs/meta-learning-concept-drift/.venv/lib/python3.12/site-packages/sklearn/tree/_splitter.cpython-312-x86_64-linux-gnu.so
76059e80b000-76059e81f000 r-xp 00004000 fc:00 35400400                   /home/henriqueramos_qs/meta-learning-concept-drift/.venv/lib/python3.12/site-packages/sklearn/tree/_splitter.cpython-312-x86_64-linux-gnu.so
76059e81f000-76059e826000 r--p 00018000 fc:00 35400400                   /home/henriqueramos_qs/meta-learning-concept-drift/.venv/lib/python3.12/site-packages/sklearn/tree/_splitter.cpython-312-x86_64-linux-gnu.so
76059e826000-76059e827000 r--p 0001e000 fc:00 35400400                   /home/henriqueramos_qs/meta-learning-concept-drift/.venv/lib/python3.12/site-packages/sklearn/tree/_splitter.cpython-312-x86_64-linux-gnu.so
76059e827000-76059e829000 rw-p 0001f000 fc:00 35400400                   /home/henriqueramos_qs/meta-learning-concept-drift/.venv/lib/python3.12/site-packages/sklearn/tree/_splitter.cpython-312-x86_64-linux-gnu.so
76059e829000-76059e82e000 r--p 00000000 fc:00 34868917                   /home/henriqueramos_qs/meta-learning-concept-drift/.venv/lib/python3.12/site-packages/scipy/stats/_sobol.cpython-312-x86_64-linux-gnu.so
76059e82e000-76059e872000 r-xp 00005000 fc:00 34868917                   /home/henriqueramos_qs/meta-learning-concept-drift/.venv/lib/python3.12/site-packages/scipy/stats/_sobol.cpython-312-x86_64-linux-gnu.so
76059e872000-76059e87c000 r--p 00049000 fc:00 34868917                   /home/henriqueramos_qs/meta-learning-concept-drift/.venv/lib/python3.12/site-packages/scipy/stats/_sobol.cpython-312-x86_64-linux-gnu.so
76059e87c000-76059e87d000 r--p 00052000 fc:00 34868917                   /home/henriqueramos_qs/meta-learning-concept-drift/.venv/lib/python3.12/site-packages/scipy/stats/_sobol.cpython-312-x86_64-linux-gnu.so
76059e87d000-76059e87f000 rw-p 00053000 fc:00 34868917                   /home/henriqueramos_qs/meta-learning-concept-drift/.venv/lib/python3.12/site-packages/scipy/stats/_sobol.cpython-312-x86_64-linux-gnu.so
76059e87f000-76059e880000 rw-p 00000000 00:00 0 
76059e880000-76059e885000 r--p 00000000 fc:00 34868904                   /home/henriqueramos_qs/meta-learning-concept-drift/.venv/lib/python3.12/site-packages/scipy/stats/_ansari_swilk_statistics.cpython-312-x86_64-linux-gnu.so
76059e885000-76059e8b1000 r-xp 00005000 fc:00 34868904                   /home/henriqueramos_qs/meta-learning-concept-drift/.venv/lib/python3.12/site-packages/scipy/stats/_ansari_swilk_statistics.cpython-312-x86_64-linux-gnu.so
76059e8b1000-76059e8b9000 r--p 00031000 fc:00 34868904                   /home/henriqueramos_qs/meta-learning-concept-drift/.venv/lib/python3.12/site-packages/scipy/stats/_ansari_swilk_statistics.cpython-312-x86_64-linux-gnu.so
76059e8b9000-76059e8ba000 r--p 00038000 fc:00 34868904                   /home/henriqueramos_qs/meta-learning-concept-drift/.venv/lib/python3.12/site-packages/scipy/stats/_ansari_swilk_statistics.cpython-312-x86_64-linux-gnu.so
76059e8ba000-76059e8bc000 rw-p 00039000 fc:00 34868904                   /home/henriqueramos_qs/meta-learning-concept-drift/.venv/lib/python3.12/site-packages/scipy/stats/_ansari_swilk_statistics.cpython-312-x86_64-linux-gnu.so
76059e8bc000-76059e8bd000 rw-p 00000000 00:00 0 
76059e8bd000-76059e8c2000 r--p 00000000 fc:00 34868938                   /home/henriqueramos_qs/meta-learning-concept-drift/.venv/lib/python3.12/site-packages/scipy/stats/_biasedurn.cpython-312-x86_64-linux-gnu.so
76059e8c2000-76059e8ec000 r-xp 00005000 fc:00 34868938                   /home/henriqueramos_qs/meta-learning-concept-drift/.venv/lib/python3.12/site-packages/scipy/stats/_biasedurn.cpython-312-x86_64-linux-gnu.so
76059e8ec000-76059e8f8000 r--p 0002f000 fc:00 34868938                   /home/henriqueramos_qs/meta-learning-concept-drift/.venv/lib/python3.12/site-packages/scipy/stats/_biasedurn.cpython-312-x86_64-linux-gnu.so
76059e8f8000-76059e8f9000 r--p 0003a000 fc:00 34868938                   /home/henriqueramos_qs/meta-learning-concept-drift/.venv/lib/python3.12/site-packages/scipy/stats/_biasedurn.cpython-312-x86_64-linux-gnu.so
76059e8f9000-76059e8fc000 rw-p 0003b000 fc:00 34868938                   /home/henriqueramos_qs/meta-learning-concept-drift/.venv/lib/python3.12/site-packages/scipy/stats/_biasedurn.cpython-312-x86_64-linux-gnu.so
76059e8fc000-76059e9ff000 rw-p 00000000 00:00 0 
76059e9ff000-76059ea00000 ---p 00000000 00:00 0 
76059ea00000-76059f200000 rw-p 00000000 00:00 0 
76059f200000-7605a1200000 rw-p 00000000 00:00 0 
7605a1201000-7605a1204000 r--p 00000000 fc:00 35399849                   /home/henriqueramos_qs/meta-learning-concept-drift/.venv/lib/python3.12/site-packages/sklearn/ensemble/_hist_gradient_boosting/_binning.cpython-312-x86_64-linux-gnu.so
7605a1204000-7605a120d000 r-xp 00003000 fc:00 35399849                   /home/henriqueramos_qs/meta-learning-concept-drift/.venv/lib/python3.12/site-packages/sklearn/ensemble/_hist_gradient_boosting/_binning.cpython-312-x86_64-linux-gnu.so
7605a120d000-7605a1211000 r--p 0000c000 fc:00 35399849                   /home/henriqueramos_qs/meta-learning-concept-drift/.venv/lib/python3.12/site-packages/sklearn/ensemble/_hist_gradient_boosting/_binning.cpython-312-x86_64-linux-gnu.so
7605a1211000-7605a1212000 r--p 0000f000 fc:00 35399849                   /home/henriqueramos_qs/meta-learning-concept-drift/.venv/lib/python3.12/site-packages/sklearn/ensemble/_hist_gradient_boosting/_binning.cpython-312-x86_64-linux-gnu.so
7605a1212000-7605a1213000 rw-p 00010000 fc:00 35399849                   /home/henriqueramos_qs/meta-learning-concept-drift/.venv/lib/python3.12/site-packages/sklearn/ensemble/_hist_gradient_boosting/_binning.cpython-312-x86_64-linux-gnu.so
7605a1213000-7605a1216000 rw-p 00015000 fc:00 35399849                   /home/henriqueramos_qs/meta-learning-concept-drift/.venv/lib/python3.12/site-packages/sklearn/ensemble/_hist_gradient_boosting/_binning.cpython-312-x86_64-linux-gnu.so
7605a1216000-7605a121c000 r--p 00000000 fc:00 34868935                   /home/henriqueramos_qs/meta-learning-concept-drift/.venv/lib/python3.12/site-packages/scipy/stats/_stats.cpython-312-x86_64-linux-gnu.so
7605a121c000-7605a12aa000 r-xp 00006000 fc:00 34868935                   /home/henriqueramos_qs/meta-learning-concept-drift/.venv/lib/python3.12/site-packages/scipy/stats/_stats.cpython-312-x86_64-linux-gnu.so
7605a12aa000-7605a12b8000 r--p 00094000 fc:00 34868935                   /home/henriqueramos_qs/meta-learning-concept-drift/.venv/lib/python3.12/site-packages/scipy/stats/_stats.cpython-312-x86_64-linux-gnu.so
7605a12b8000-7605a12b9000 r--p 000a1000 fc:00 34868935                   /home/henriqueramos_qs/meta-learning-concept-drift/.venv/lib/python3.12/site-packages/scipy/stats/_stats.cpython-312-x86_64-linux-gnu.so
7605a12b9000-7605a12bc000 rw-p 000a2000 fc:00 34868935                   /home/henriqueramos_qs/meta-learning-concept-drift/.venv/lib/python3.12/site-packages/scipy/stats/_stats.cpython-312-x86_64-linux-gnu.so
7605a12bc000-7605a12bd000 rw-p 00000000 00:00 0 
7605a12bd000-7605a12c2000 r--p 00000000 fc:00 34868695                   /home/henriqueramos_qs/meta-learning-concept-drift/.venv/lib/python3.12/site-packages/scipy/interpolate/_rgi_cython.cpython-312-x86_64-linux-gnu.so
7605a12c2000-7605a12f2000 r-xp 00005000 fc:00 34868695                   /home/henriqueramos_qs/meta-learning-concept-drift/.venv/lib/python3.12/site-packages/scipy/interpolate/_rgi_cython.cpython-312-x86_64-linux-gnu.so
7605a12f2000-7605a12fa000 r--p 00035000 fc:00 34868695                   /home/henriqueramos_qs/meta-learning-concept-drift/.venv/lib/python3.12/site-packages/scipy/interpolate/_rgi_cython.cpython-312-x86_64-linux-gnu.so
7605a12fa000-7605a12fb000 ---p 0003d000 fc:00 34868695                   /home/henriqueramos_qs/meta-learning-concept-drift/.venv/lib/python3.12/site-packages/scipy/interpolate/_rgi_cython.cpython-312-x86_64-linux-gnu.so
7605a12fb000-7605a12fc000 r--p 0003d000 fc:00 34868695                   /home/henriqueramos_qs/meta-learning-concept-drift/.venv/lib/python3.12/site-packages/scipy/interpolate/_rgi_cython.cpython-312-x86_64-linux-gnu.so
7605a12fc000-7605a12fe000 rw-p 0003e000 fc:00 34868695                   /home/henriqueramos_qs/meta-learning-concept-drift/.venv/lib/python3.12/site-packages/scipy/interpolate/_rgi_cython.cpython-312-x86_64-linux-gnu.so
7605a12fe000-7605a13ff000 rw-p 00000000 00:00 0 
7605a13ff000-7605a1400000 ---p 00000000 00:00 0 
7605a1400000-7605a1c00000 rw-p 00000000 00:00 0 
7605a1c00000-7605a5c00000 rw-p 00000000 00:00 0 
7605a5c01000-7605a5c06000 r--p 00000000 fc:00 35399498                   /home/henriqueramos_qs/meta-learning-concept-drift/.venv/lib/python3.12/site-packages/sklearn/_cyutility.cpython-312-x86_64-linux-gnu.so
7605a5c06000-7605a5c22000 r-xp 00005000 fc:00 35399498                   /home/henriqueramos_qs/meta-learning-concept-drift/.venv/lib/python3.12/site-packages/sklearn/_cyutility.cpython-312-x86_64-linux-gnu.so
7605a5c22000-7605a5c28000 r--p 00021000 fc:00 35399498                   /home/henriqueramos_qs/meta-learning-concept-drift/.venv/lib/python3.12/site-packages/sklearn/_cyutility.cpython-312-x86_64-linux-gnu.so
7605a5c28000-7605a5c29000 ---p 00027000 fc:00 35399498                   /home/henriqueramos_qs/meta-learning-concept-drift/.venv/lib/python3.12/site-packages/sklearn/_cyutility.cpython-312-x86_64-linux-gnu.so
7605a5c29000-7605a5c2a000 r--p 00027000 fc:00 35399498                   /home/henriqueramos_qs/meta-learning-concept-drift/.venv/lib/python3.12/site-packages/sklearn/_cyutility.cpython-312-x86_64-linux-gnu.so
7605a5c2a000-7605a5c2c000 rw-p 00028000 fc:00 35399498                   /home/henriqueramos_qs/meta-learning-concept-drift/.venv/lib/python3.12/site-packages/sklearn/_cyutility.cpython-312-x86_64-linux-gnu.so
7605a5c2c000-7605a5c32000 r--p 00000000 fc:00 34868680                   /home/henriqueramos_qs/meta-learning-concept-drift/.venv/lib/python3.12/site-packages/scipy/interpolate/interpnd.cpython-312-x86_64-linux-gnu.so
7605a5c32000-7605a5c7f000 r-xp 00006000 fc:00 34868680                   /home/henriqueramos_qs/meta-learning-concept-drift/.venv/lib/python3.12/site-packages/scipy/interpolate/interpnd.cpython-312-x86_64-linux-gnu.so
7605a5c7f000-7605a5c8b000 r--p 00053000 fc:00 34868680                   /home/henriqueramos_qs/meta-learning-concept-drift/.venv/lib/python3.12/site-packages/scipy/interpolate/interpnd.cpython-312-x86_64-linux-gnu.so
7605a5c8b000-7605a5c8c000 r--p 0005e000 fc:00 34868680                   /home/henriqueramos_qs/meta-learning-concept-drift/.venv/lib/python3.12/site-packages/scipy/interpolate/interpnd.cpython-312-x86_64-linux-gnu.so
7605a5c8c000-7605a5c8f000 rw-p 0005f000 fc:00 34868680                   /home/henriqueramos_qs/meta-learning-concept-drift/.venv/lib/python3.12/site-packages/scipy/interpolate/interpnd.cpython-312-x86_64-linux-gnu.so
7605a5c8f000-7605a5c94000 r--p 00000000 fc:00 34868685                   /home/henriqueramos_qs/meta-learning-concept-drift/.venv/lib/python3.12/site-packages/scipy/interpolate/_ppoly.cpython-312-x86_64-linux-gnu.so
7605a5c94000-7605a5ce8000 r-xp 00005000 fc:00 34868685                   /home/henriqueramos_qs/meta-learning-concept-drift/.venv/lib/python3.12/site-packages/scipy/interpolate/_ppoly.cpython-312-x86_64-linux-gnu.so
7605a5ce8000-7605a5cf3000 r--p 00059000 fc:00 34868685                   /home/henriqueramos_qs/meta-learning-concept-drift/.venv/lib/python3.12/site-packages/scipy/interpolate/_ppoly.cpython-312-x86_64-linux-gnu.so
7605a5cf3000-7605a5cf4000 r--p 00063000 fc:00 34868685                   /home/henriqueramos_qs/meta-learning-concept-drift/.venv/lib/python3.12/site-packages/scipy/interpolate/_ppoly.cpython-312-x86_64-linux-gnu.so
7605a5cf4000-7605a5cf6000 rw-p 00064000 fc:00 34868685                   /home/henriqueramos_qs/meta-learning-concept-drift/.venv/lib/python3.12/site-packages/scipy/interpolate/_ppoly.cpython-312-x86_64-linux-gnu.so
7605a5cf6000-7605a5cf7000 rw-p 00000000 00:00 0 
7605a5cf7000-7605a5cfe000 r--p 00000000 fc:00 34869102                   /home/henriqueramos_qs/meta-learning-concept-drift/.venv/lib/python3.12/site-packages/scipy/spatial/_qhull.cpython-312-x86_64-linux-gnu.so
7605a5cfe000-7605a5dc1000 r-xp 00007000 fc:00 34869102                   /home/henriqueramos_qs/meta-learning-concept-drift/.venv/lib/python3.12/site-packages/scipy/spatial/_qhull.cpython-312-x86_64-linux-gnu.so
7605a5dc1000-7605a5df9000 r--p 000ca000 fc:00 34869102                   /home/henriqueramos_qs/meta-learning-concept-drift/.venv/lib/python3.12/site-packages/scipy/spatial/_qhull.cpython-312-x86_64-linux-gnu.so
7605a5df9000-7605a5dfa000 r--p 00101000 fc:00 34869102                   /home/henriqueramos_qs/meta-learning-concept-drift/.venv/lib/python3.12/site-packages/scipy/spatial/_qhull.cpython-312-x86_64-linux-gnu.so
7605a5dfa000-7605a5dfd000 rw-p 00102000 fc:00 34869102                   /home/henriqueramos_qs/meta-learning-concept-drift/.venv/lib/python3.12/site-packages/scipy/spatial/_qhull.cpython-312-x86_64-linux-gnu.so
7605a5dfd000-7605a5dfe000 rw-p 00000000 00:00 0 
7605a5dfe000-7605a5dff000 ---p 00000000 00:00 0 
7605a5dff000-7605a65ff000 rw-p 00000000 00:00 0 
7605a65ff000-7605a6600000 ---p 00000000 00:00 0 
7605a6600000-7605a6e00000 rw-p 00000000 00:00 0 
7605a6e00000-7605a8e00000 rw-p 00000000 00:00 0 
7605a8e06000-7605a8e0a000 r--p 00000000 fc:00 35399807                   /home/henriqueramos_qs/meta-learning-concept-drift/.venv/lib/python3.12/site-packages/sklearn/decomposition/_cdnmf_fast.cpython-312-x86_64-linux-gnu.so
7605a8e0a000-7605a8e18000 r-xp 00004000 fc:00 35399807                   /home/henriqueramos_qs/meta-learning-concept-drift/.venv/lib/python3.12/site-packages/sklearn/decomposition/_cdnmf_fast.cpython-312-x86_64-linux-gnu.so
7605a8e18000-7605a8e1d000 r--p 00012000 fc:00 35399807                   /home/henriqueramos_qs/meta-learning-concept-drift/.venv/lib/python3.12/site-packages/sklearn/decomposition/_cdnmf_fast.cpython-312-x86_64-linux-gnu.so
7605a8e1d000-7605a8e1e000 r--p 00016000 fc:00 35399807                   /home/henriqueramos_qs/meta-learning-concept-drift/.venv/lib/python3.12/site-packages/sklearn/decomposition/_cdnmf_fast.cpython-312-x86_64-linux-gnu.so
7605a8e1e000-7605a8e1f000 rw-p 00017000 fc:00 35399807                   /home/henriqueramos_qs/meta-learning-concept-drift/.venv/lib/python3.12/site-packages/sklearn/decomposition/_cdnmf_fast.cpython-312-x86_64-linux-gnu.so
7605a8e1f000-7605a8e20000 rw-p 00000000 00:00 0 
7605a8e20000-7605a8e26000 r--p 00000000 fc:00 34868706                   /home/henriqueramos_qs/meta-learning-concept-drift/.venv/lib/python3.12/site-packages/scipy/interpolate/_bspl.cpython-312-x86_64-linux-gnu.so
7605a8e26000-7605a8e97000 r-xp 00006000 fc:00 34868706                   /home/henriqueramos_qs/meta-learning-concept-drift/.venv/lib/python3.12/site-packages/scipy/interpolate/_bspl.cpython-312-x86_64-linux-gnu.so
7605a8e97000-7605a8ea7000 r--p 00077000 fc:00 34868706                   /home/henriqueramos_qs/meta-learning-concept-drift/.venv/lib/python3.12/site-packages/scipy/interpolate/_bspl.cpython-312-x86_64-linux-gnu.so
7605a8ea7000-7605a8ea8000 r--p 00086000 fc:00 34868706                   /home/henriqueramos_qs/meta-learning-concept-drift/.venv/lib/python3.12/site-packages/scipy/interpolate/_bspl.cpython-312-x86_64-linux-gnu.so
7605a8ea8000-7605a8eab000 rw-p 00087000 fc:00 34868706                   /home/henriqueramos_qs/meta-learning-concept-drift/.venv/lib/python3.12/site-packages/scipy/interpolate/_bspl.cpython-312-x86_64-linux-gnu.so
7605a8eab000-7605a8eac000 rw-p 00000000 00:00 0 
7605a8eac000-7605a8eb0000 r--p 00000000 fc:00 34868696                   /home/henriqueramos_qs/meta-learning-concept-drift/.venv/lib/python3.12/site-packages/scipy/interpolate/_dfitpack.cpython-312-x86_64-linux-gnu.so
7605a8eb0000-7605a8ee6000 r-xp 00004000 fc:00 34868696                   /home/henriqueramos_qs/meta-learning-concept-drift/.venv/lib/python3.12/site-packages/scipy/interpolate/_dfitpack.cpython-312-x86_64-linux-gnu.so
7605a8ee6000-7605a8ef2000 r--p 0003a000 fc:00 34868696                   /home/henriqueramos_qs/meta-learning-concept-drift/.venv/lib/python3.12/site-packages/scipy/interpolate/_dfitpack.cpython-312-x86_64-linux-gnu.so
7605a8ef2000-7605a8ef3000 ---p 00046000 fc:00 34868696                   /home/henriqueramos_qs/meta-learning-concept-drift/.venv/lib/python3.12/site-packages/scipy/interpolate/_dfitpack.cpython-312-x86_64-linux-gnu.so
7605a8ef3000-7605a8ef4000 r--p 00046000 fc:00 34868696                   /home/henriqueramos_qs/meta-learning-concept-drift/.venv/lib/python3.12/site-packages/scipy/interpolate/_dfitpack.cpython-312-x86_64-linux-gnu.so
7605a8ef4000-7605a8efc000 rw-p 00047000 fc:00 34868696                   /home/henriqueramos_qs/meta-learning-concept-drift/.venv/lib/python3.12/site-packages/scipy/interpolate/_dfitpack.cpython-312-x86_64-linux-gnu.so
7605a8efc000-7605a8eff000 rw-p 00052000 fc:00 34868696                   /home/henriqueramos_qs/meta-learning-concept-drift/.venv/lib/python3.12/site-packages/scipy/interpolate/_dfitpack.cpython-312-x86_64-linux-gnu.so
7605a8eff000-7605a8fff000 rw-p 00000000 00:00 0 
7605a8fff000-7605a9000000 ---p 00000000 00:00 0 
7605a9000000-7605a9800000 rw-p 00000000 00:00 0 
7605a9800000-7605ab800000 rw-p 00000000 00:00 0 
7605ab80b000-7605ab80f000 r--p 00000000 fc:00 35400486                   /home/henriqueramos_qs/meta-learning-concept-drift/.venv/lib/python3.12/site-packages/sklearn/utils/murmurhash.cpython-312-x86_64-linux-gnu.so
7605ab80f000-7605ab822000 r-xp 00004000 fc:00 35400486                   /home/henriqueramos_qs/meta-learning-concept-drift/.venv/lib/python3.12/site-packages/sklearn/utils/murmurhash.cpython-312-x86_64-linux-gnu.so
7605ab822000-7605ab828000 r--p 00017000 fc:00 35400486                   /home/henriqueramos_qs/meta-learning-concept-drift/.venv/lib/python3.12/site-packages/sklearn/utils/murmurhash.cpython-312-x86_64-linux-gnu.so
7605ab828000-7605ab829000 r--p 0001c000 fc:00 35400486                   /home/henriqueramos_qs/meta-learning-concept-drift/.venv/lib/python3.12/site-packages/sklearn/utils/murmurhash.cpython-312-x86_64-linux-gnu.so
7605ab829000-7605ab82a000 rw-p 0001d000 fc:00 35400486                   /home/henriqueramos_qs/meta-learning-concept-drift/.venv/lib/python3.12/site-packages/sklearn/utils/murmurhash.cpython-312-x86_64-linux-gnu.so
7605ab82a000-7605ab846000 r--p 00000000 fc:00 34868847                   /home/henriqueramos_qs/meta-learning-concept-drift/.venv/lib/python3.12/site-packages/scipy/integrate/_lsoda.cpython-312-x86_64-linux-gnu.so
7605ab846000-7605ab861000 r-xp 0001c000 fc:00 34868847                   /home/henriqueramos_qs/meta-learning-concept-drift/.venv/lib/python3.12/site-packages/scipy/integrate/_lsoda.cpython-312-x86_64-linux-gnu.so
7605ab861000-7605ab870000 r--p 00037000 fc:00 34868847                   /home/henriqueramos_qs/meta-learning-concept-drift/.venv/lib/python3.12/site-packages/scipy/integrate/_lsoda.cpython-312-x86_64-linux-gnu.so
7605ab870000-7605ab871000 ---p 00046000 fc:00 34868847                   /home/henriqueramos_qs/meta-learning-concept-drift/.venv/lib/python3.12/site-packages/scipy/integrate/_lsoda.cpython-312-x86_64-linux-gnu.so
7605ab871000-7605ab872000 r--p 00046000 fc:00 34868847                   /home/henriqueramos_qs/meta-learning-concept-drift/.venv/lib/python3.12/site-packages/scipy/integrate/_lsoda.cpython-312-x86_64-linux-gnu.so
7605ab872000-7605ab877000 rw-p 00047000 fc:00 34868847                   /home/henriqueramos_qs/meta-learning-concept-drift/.venv/lib/python3.12/site-packages/scipy/integrate/_lsoda.cpython-312-x86_64-linux-gnu.so
7605ab877000-7605ab88f000 rw-p 00067000 fc:00 34868847                   /home/henriqueramos_qs/meta-learning-concept-drift/.venv/lib/python3.12/site-packages/scipy/integrate/_lsoda.cpython-312-x86_64-linux-gnu.so
7605ab88f000-7605ab8ab000 r--p 00000000 fc:00 34868845                   /home/henriqueramos_qs/meta-learning-concept-drift/.venv/lib/python3.12/site-packages/scipy/integrate/_vode.cpython-312-x86_64-linux-gnu.so
7605ab8ab000-7605ab8d0000 r-xp 0001c000 fc:00 34868845                   /home/henriqueramos_qs/meta-learning-concept-drift/.venv/lib/python3.12/site-packages/scipy/integrate/_vode.cpython-312-x86_64-linux-gnu.so
7605ab8d0000-7605ab8e1000 r--p 00041000 fc:00 34868845                   /home/henriqueramos_qs/meta-learning-concept-drift/.venv/lib/python3.12/site-packages/scipy/integrate/_vode.cpython-312-x86_64-linux-gnu.so
7605ab8e1000-7605ab8e2000 r--p 00051000 fc:00 34868845                   /home/henriqueramos_qs/meta-learning-concept-drift/.venv/lib/python3.12/site-packages/scipy/integrate/_vode.cpython-312-x86_64-linux-gnu.so
7605ab8e2000-7605ab8e7000 rw-p 00052000 fc:00 34868845                   /home/henriqueramos_qs/meta-learning-concept-drift/.venv/lib/python3.12/site-packages/scipy/integrate/_vode.cpython-312-x86_64-linux-gnu.so
7605ab8e7000-7605ab8ff000 rw-p 00073000 fc:00 34868845                   /home/henriqueramos_qs/meta-learning-concept-drift/.venv/lib/python3.12/site-packages/scipy/integrate/_vode.cpython-312-x86_64-linux-gnu.so
7605ab8ff000-7605ab9ff000 rw-p 00000000 00:00 0 
7605ab9ff000-7605aba00000 ---p 00000000 00:00 0 
7605aba00000-7605ac200000 rw-p 00000000 00:00 0 
7605ac200000-7605ae200000 rw-p 00000000 00:00 0 
7605ae206000-7605ae208000 r--p 00000000 fc:00 34869499                   /home/henriqueramos_qs/meta-learning-concept-drift/.venv/lib/python3.12/site-packages/scipy/ndimage/_nd_image.cpython-312-x86_64-linux-gnu.so
7605ae208000-7605ae223000 r-xp 00002000 fc:00 34869499                   /home/henriqueramos_qs/meta-learning-concept-drift/.venv/lib/python3.12/site-packages/scipy/ndimage/_nd_image.cpython-312-x86_64-linux-gnu.so
7605ae223000-7605ae227000 r--p 0001d000 fc:00 34869499                   /home/henriqueramos_qs/meta-learning-concept-drift/.venv/lib/python3.12/site-packages/scipy/ndimage/_nd_image.cpython-312-x86_64-linux-gnu.so
7605ae227000-7605ae228000 r--p 00020000 fc:00 34869499                   /home/henriqueramos_qs/meta-learning-concept-drift/.venv/lib/python3.12/site-packages/scipy/ndimage/_nd_image.cpython-312-x86_64-linux-gnu.so
7605ae228000-7605ae229000 rw-p 00021000 fc:00 34869499                   /home/henriqueramos_qs/meta-learning-concept-drift/.venv/lib/python3.12/site-packages/scipy/ndimage/_nd_image.cpython-312-x86_64-linux-gnu.so
7605ae229000-7605ae244000 r--p 00000000 fc:00 34868851                   /home/henriqueramos_qs/meta-learning-concept-drift/.venv/lib/python3.12/site-packages/scipy/integrate/_quadpack.cpython-312-x86_64-linux-gnu.so
7605ae244000-7605ae264000 r-xp 0001b000 fc:00 34868851                   /home/henriqueramos_qs/meta-learning-concept-drift/.venv/lib/python3.12/site-packages/scipy/integrate/_quadpack.cpython-312-x86_64-linux-gnu.so
7605ae264000-7605ae272000 r--p 0003b000 fc:00 34868851                   /home/henriqueramos_qs/meta-learning-concept-drift/.venv/lib/python3.12/site-packages/scipy/integrate/_quadpack.cpython-312-x86_64-linux-gnu.so
7605ae272000-7605ae273000 r--p 00048000 fc:00 34868851                   /home/henriqueramos_qs/meta-learning-concept-drift/.venv/lib/python3.12/site-packages/scipy/integrate/_quadpack.cpython-312-x86_64-linux-gnu.so
7605ae273000-7605ae277000 rw-p 00049000 fc:00 34868851                   /home/henriqueramos_qs/meta-learning-concept-drift/.venv/lib/python3.12/site-packages/scipy/integrate/_quadpack.cpython-312-x86_64-linux-gnu.so
7605ae277000-7605ae28e000 rw-p 00068000 fc:00 34868851                   /home/henriqueramos_qs/meta-learning-concept-drift/.venv/lib/python3.12/site-packages/scipy/integrate/_quadpack.cpython-312-x86_64-linux-gnu.so
7605ae28e000-7605ae293000 r--p 00000000 fc:00 34868549                   /home/henriqueramos_qs/meta-learning-concept-drift/.venv/lib/python3.12/site-packages/scipy/special/_ufuncs_cxx.cpython-312-x86_64-linux-gnu.so
7605ae293000-7605ae3d5000 r-xp 00005000 fc:00 34868549                   /home/henriqueramos_qs/meta-learning-concept-drift/.venv/lib/python3.12/site-packages/scipy/special/_ufuncs_cxx.cpython-312-x86_64-linux-gnu.so
7605ae3d5000-7605ae3fc000 r--p 00147000 fc:00 34868549                   /home/henriqueramos_qs/meta-learning-concept-drift/.venv/lib/python3.12/site-packages/scipy/special/_ufuncs_cxx.cpython-312-x86_64-linux-gnu.so
7605ae3fc000-7605ae3fd000 r--p 0016d000 fc:00 34868549                   /home/henriqueramos_qs/meta-learning-concept-drift/.venv/lib/python3.12/site-packages/scipy/special/_ufuncs_cxx.cpython-312-x86_64-linux-gnu.so
7605ae3fd000-7605ae3fe000 rw-p 0016e000 fc:00 34868549                   /home/henriqueramos_qs/meta-learning-concept-drift/.venv/lib/python3.12/site-packages/scipy/special/_ufuncs_cxx.cpython-312-x86_64-linux-gnu.so
7605ae3fe000-7605ae3ff000 rw-p 00000000 00:00 0 
7605ae3ff000-7605ae400000 ---p 00000000 00:00 0 
7605ae400000-7605aec00000 rw-p 00000000 00:00 0 
7605aec00000-7605b0c00000 rw-p 00000000 00:00 0 
7605b0c04000-7605b0c08000 r--p 00000000 fc:00 34868433                   /home/henriqueramos_qs/meta-learning-concept-drift/.venv/lib/python3.12/site-packages/scipy/_lib/_uarray/_uarray.cpython-312-x86_64-linux-gnu.so
7605b0c08000-7605b0c1a000 r-xp 00004000 fc:00 34868433                   /home/henriqueramos_qs/meta-learning-concept-drift/.venv/lib/python3.12/site-packages/scipy/_lib/_uarray/_uarray.cpython-312-x86_64-linux-gnu.so
7605b0c1a000-7605b0c20000 r--p 00016000 fc:00 34868433                   /home/henriqueramos_qs/meta-learning-concept-drift/.venv/lib/python3.12/site-packages/scipy/_lib/_uarray/_uarray.cpython-312-x86_64-linux-gnu.so
7605b0c20000-7605b0c21000 r--p 0001b000 fc:00 34868433                   /home/henriqueramos_qs/meta-learning-concept-drift/.venv/lib/python3.12/site-packages/scipy/_lib/_uarray/_uarray.cpython-312-x86_64-linux-gnu.so
7605b0c21000-7605b0c22000 rw-p 0001c000 fc:00 34868433                   /home/henriqueramos_qs/meta-learning-concept-drift/.venv/lib/python3.12/site-packages/scipy/_lib/_uarray/_uarray.cpython-312-x86_64-linux-gnu.so
7605b0c22000-7605b0c3d000 r--p 00000000 fc:00 34868855                   /home/henriqueramos_qs/meta-learning-concept-drift/.venv/lib/python3.12/site-packages/scipy/integrate/_odepack.cpython-312-x86_64-linux-gnu.so
7605b0c3d000-7605b0c55000 r-xp 0001b000 fc:00 34868855                   /home/henriqueramos_qs/meta-learning-concept-drift/.venv/lib/python3.12/site-packages/scipy/integrate/_odepack.cpython-312-x86_64-linux-gnu.so
7605b0c55000-7605b0c63000 r--p 00033000 fc:00 34868855                   /home/henriqueramos_qs/meta-learning-concept-drift/.venv/lib/python3.12/site-packages/scipy/integrate/_odepack.cpython-312-x86_64-linux-gnu.so
7605b0c63000-7605b0c64000 r--p 00040000 fc:00 34868855                   /home/henriqueramos_qs/meta-learning-concept-drift/.venv/lib/python3.12/site-packages/scipy/integrate/_odepack.cpython-312-x86_64-linux-gnu.so
7605b0c64000-7605b0c68000 rw-p 00041000 fc:00 34868855                   /home/henriqueramos_qs/meta-learning-concept-drift/.venv/lib/python3.12/site-packages/scipy/integrate/_odepack.cpython-312-x86_64-linux-gnu.so
7605b0c68000-7605b0c69000 rw-p 00000000 00:00 0 
7605b0c69000-7605b0c7f000 rw-p 0005f000 fc:00 34868855                   /home/henriqueramos_qs/meta-learning-concept-drift/.venv/lib/python3.12/site-packages/scipy/integrate/_odepack.cpython-312-x86_64-linux-gnu.so
7605b0c7f000-7605b0c85000 r--p 00000000 fc:00 34868546                   /home/henriqueramos_qs/meta-learning-concept-drift/.venv/lib/python3.12/site-packages/scipy/special/_ufuncs.cpython-312-x86_64-linux-gnu.so
7605b0c85000-7605b0d8f000 r-xp 00006000 fc:00 34868546                   /home/henriqueramos_qs/meta-learning-concept-drift/.venv/lib/python3.12/site-packages/scipy/special/_ufuncs.cpython-312-x86_64-linux-gnu.so
7605b0d8f000-7605b0df0000 r--p 00110000 fc:00 34868546                   /home/henriqueramos_qs/meta-learning-concept-drift/.venv/lib/python3.12/site-packages/scipy/special/_ufuncs.cpython-312-x86_64-linux-gnu.so
7605b0df0000-7605b0df1000 r--p 00170000 fc:00 34868546                   /home/henriqueramos_qs/meta-learning-concept-drift/.venv/lib/python3.12/site-packages/scipy/special/_ufuncs.cpython-312-x86_64-linux-gnu.so
7605b0df1000-7605b0df2000 rw-p 00171000 fc:00 34868546                   /home/henriqueramos_qs/meta-learning-concept-drift/.venv/lib/python3.12/site-packages/scipy/special/_ufuncs.cpython-312-x86_64-linux-gnu.so
7605b0df2000-7605b0dfa000 rw-p 00000000 00:00 0 
7605b0dfa000-7605b0dff000 rw-p 0019c000 fc:00 34868546                   /home/henriqueramos_qs/meta-learning-concept-drift/.venv/lib/python3.12/site-packages/scipy/special/_ufuncs.cpython-312-x86_64-linux-gnu.so
7605b0dff000-7605b0e00000 ---p 00000000 00:00 0 
7605b0e00000-7605b1600000 rw-p 00000000 00:00 0 
7605b1600000-7605b3600000 rw-p 00000000 00:00 0 
7605b3602000-7605b3605000 r--p 00000000 fc:00 35399851                   /home/henriqueramos_qs/meta-learning-concept-drift/.venv/lib/python3.12/site-packages/sklearn/ensemble/_hist_gradient_boosting/_bitset.cpython-312-x86_64-linux-gnu.so
7605b3605000-7605b360d000 r-xp 00003000 fc:00 35399851                   /home/henriqueramos_qs/meta-learning-concept-drift/.venv/lib/python3.12/site-packages/sklearn/ensemble/_hist_gradient_boosting/_bitset.cpython-312-x86_64-linux-gnu.so
7605b360d000-7605b3611000 r--p 0000b000 fc:00 35399851                   /home/henriqueramos_qs/meta-learning-concept-drift/.venv/lib/python3.12/site-packages/sklearn/ensemble/_hist_gradient_boosting/_bitset.cpython-312-x86_64-linux-gnu.so
7605b3611000-7605b3612000 ---p 0000f000 fc:00 35399851                   /home/henriqueramos_qs/meta-learning-concept-drift/.venv/lib/python3.12/site-packages/sklearn/ensemble/_hist_gradient_boosting/_bitset.cpython-312-x86_64-linux-gnu.so
7605b3612000-7605b3613000 r--p 0000f000 fc:00 35399851                   /home/henriqueramos_qs/meta-learning-concept-drift/.venv/lib/python3.12/site-packages/sklearn/ensemble/_hist_gradient_boosting/_bitset.cpython-312-x86_64-linux-gnu.so
7605b3613000-7605b3614000 rw-p 00010000 fc:00 35399851                   /home/henriqueramos_qs/meta-learning-concept-drift/.venv/lib/python3.12/site-packages/sklearn/ensemble/_hist_gradient_boosting/_bitset.cpython-312-x86_64-linux-gnu.so
7605b3614000-7605b3618000 r--p 00000000 fc:00 34868688                   /home/henriqueramos_qs/meta-learning-concept-drift/.venv/lib/python3.12/site-packages/scipy/interpolate/_rbfinterp_pythran.cpython-312-x86_64-linux-gnu.so
7605b3618000-7605b3643000 r-xp 00004000 fc:00 34868688                   /home/henriqueramos_qs/meta-learning-concept-drift/.venv/lib/python3.12/site-packages/scipy/interpolate/_rbfinterp_pythran.cpython-312-x86_64-linux-gnu.so
7605b3643000-7605b3649000 r--p 0002f000 fc:00 34868688                   /home/henriqueramos_qs/meta-learning-concept-drift/.venv/lib/python3.12/site-packages/scipy/interpolate/_rbfinterp_pythran.cpython-312-x86_64-linux-gnu.so
7605b3649000-7605b364a000 r--p 00034000 fc:00 34868688                   /home/henriqueramos_qs/meta-learning-concept-drift/.venv/lib/python3.12/site-packages/scipy/interpolate/_rbfinterp_pythran.cpython-312-x86_64-linux-gnu.so
7605b364a000-7605b364b000 rw-p 00035000 fc:00 34868688                   /home/henriqueramos_qs/meta-learning-concept-drift/.venv/lib/python3.12/site-packages/scipy/interpolate/_rbfinterp_pythran.cpython-312-x86_64-linux-gnu.so
7605b364b000-7605b366a000 r--p 00000000 fc:00 34868741                   /home/henriqueramos_qs/meta-learning-concept-drift/.venv/lib/python3.12/site-packages/scipy/linalg/_interpolative.cpython-312-x86_64-linux-gnu.so
7605b366a000-7605b36b4000 r-xp 0001f000 fc:00 34868741                   /home/henriqueramos_qs/meta-learning-concept-drift/.venv/lib/python3.12/site-packages/scipy/linalg/_interpolative.cpython-312-x86_64-linux-gnu.so
7605b36b4000-7605b36d3000 r--p 00069000 fc:00 34868741                   /home/henriqueramos_qs/meta-learning-concept-drift/.venv/lib/python3.12/site-packages/scipy/linalg/_interpolative.cpython-312-x86_64-linux-gnu.so
7605b36d3000-7605b36d4000 r--p 00087000 fc:00 34868741                   /home/henriqueramos_qs/meta-learning-concept-drift/.venv/lib/python3.12/site-packages/scipy/linalg/_interpolative.cpython-312-x86_64-linux-gnu.so
7605b36d4000-7605b36e7000 rw-p 00088000 fc:00 34868741                   /home/henriqueramos_qs/meta-learning-concept-drift/.venv/lib/python3.12/site-packages/scipy/linalg/_interpolative.cpython-312-x86_64-linux-gnu.so
7605b36e7000-7605b36ff000 rw-p 000bb000 fc:00 34868741                   /home/henriqueramos_qs/meta-learning-concept-drift/.venv/lib/python3.12/site-packages/scipy/linalg/_interpolative.cpython-312-x86_64-linux-gnu.so
7605b36ff000-7605b37ff000 rw-p 00000000 00:00 0 
7605b37ff000-7605b3800000 ---p 00000000 00:00 0 
7605b3800000-7605b4000000 rw-p 00000000 00:00 0 
7605b4000000-7605b6000000 rw-p 00000000 00:00 0 
7605b6001000-7605b6004000 r--p 00000000 fc:00 35399854                   /home/henriqueramos_qs/meta-learning-concept-drift/.venv/lib/python3.12/site-packages/sklearn/ensemble/_hist_gradient_boosting/_gradient_boosting.cpython-312-x86_64-linux-gnu.so
7605b6004000-7605b600e000 r-xp 00003000 fc:00 35399854                   /home/henriqueramos_qs/meta-learning-concept-drift/.venv/lib/python3.12/site-packages/sklearn/ensemble/_hist_gradient_boosting/_gradient_boosting.cpython-312-x86_64-linux-gnu.so
7605b600e000-7605b6012000 r--p 0000d000 fc:00 35399854                   /home/henriqueramos_qs/meta-learning-concept-drift/.venv/lib/python3.12/site-packages/sklearn/ensemble/_hist_gradient_boosting/_gradient_boosting.cpython-312-x86_64-linux-gnu.so
7605b6012000-7605b6013000 r--p 00010000 fc:00 35399854                   /home/henriqueramos_qs/meta-learning-concept-drift/.venv/lib/python3.12/site-packages/sklearn/ensemble/_hist_gradient_boosting/_gradient_boosting.cpython-312-x86_64-linux-gnu.so
7605b6013000-7605b6014000 rw-p 00011000 fc:00 35399854                   /home/henriqueramos_qs/meta-learning-concept-drift/.venv/lib/python3.12/site-packages/sklearn/ensemble/_hist_gradient_boosting/_gradient_boosting.cpython-312-x86_64-linux-gnu.so
7605b6014000-7605b6017000 rw-p 00016000 fc:00 35399854                   /home/henriqueramos_qs/meta-learning-concept-drift/.venv/lib/python3.12/site-packages/sklearn/ensemble/_hist_gradient_boosting/_gradient_boosting.cpython-312-x86_64-linux-gnu.so
7605b6017000-7605b601d000 r--p 00000000 fc:00 34868219                   /home/henriqueramos_qs/meta-learning-concept-drift/.venv/lib/python3.12/site-packages/scipy/optimize/_bglu_dense.cpython-312-x86_64-linux-gnu.so
7605b601d000-7605b6056000 r-xp 00006000 fc:00 34868219                   /home/henriqueramos_qs/meta-learning-concept-drift/.venv/lib/python3.12/site-packages/scipy/optimize/_bglu_dense.cpython-312-x86_64-linux-gnu.so
7605b6056000-7605b6060000 r--p 0003f000 fc:00 34868219                   /home/henriqueramos_qs/meta-learning-concept-drift/.venv/lib/python3.12/site-packages/scipy/optimize/_bglu_dense.cpython-312-x86_64-linux-gnu.so
7605b6060000-7605b6061000 ---p 00049000 fc:00 34868219                   /home/henriqueramos_qs/meta-learning-concept-drift/.venv/lib/python3.12/site-packages/scipy/optimize/_bglu_dense.cpython-312-x86_64-linux-gnu.so
7605b6061000-7605b6062000 r--p 00049000 fc:00 34868219                   /home/henriqueramos_qs/meta-learning-concept-drift/.venv/lib/python3.12/site-packages/scipy/optimize/_bglu_dense.cpython-312-x86_64-linux-gnu.so
7605b6062000-7605b6065000 rw-p 0004a000 fc:00 34868219                   /home/henriqueramos_qs/meta-learning-concept-drift/.venv/lib/python3.12/site-packages/scipy/optimize/_bglu_dense.cpython-312-x86_64-linux-gnu.so
7605b6065000-7605b6066000 rw-p 00000000 00:00 0 
7605b6066000-7605b606b000 r--p 00000000 fc:00 34868366                   /home/henriqueramos_qs/meta-learning-concept-drift/.venv/lib/python3.12/site-packages/scipy/optimize/_lsq/givens_elimination.cpython-312-x86_64-linux-gnu.so
7605b606b000-7605b608d000 r-xp 00005000 fc:00 34868366                   /home/henriqueramos_qs/meta-learning-concept-drift/.venv/lib/python3.12/site-packages/scipy/optimize/_lsq/givens_elimination.cpython-312-x86_64-linux-gnu.so
7605b608d000-7605b6094000 r--p 00027000 fc:00 34868366                   /home/henriqueramos_qs/meta-learning-concept-drift/.venv/lib/python3.12/site-packages/scipy/optimize/_lsq/givens_elimination.cpython-312-x86_64-linux-gnu.so
7605b6094000-7605b6095000 r--p 0002d000 fc:00 34868366                   /home/henriqueramos_qs/meta-learning-concept-drift/.venv/lib/python3.12/site-packages/scipy/optimize/_lsq/givens_elimination.cpython-312-x86_64-linux-gnu.so
7605b6095000-7605b6097000 rw-p 0002e000 fc:00 34868366                   /home/henriqueramos_qs/meta-learning-concept-drift/.venv/lib/python3.12/site-packages/scipy/optimize/_lsq/givens_elimination.cpython-312-x86_64-linux-gnu.so
7605b6097000-7605b60b3000 r--p 00000000 fc:00 34868261                   /home/henriqueramos_qs/meta-learning-concept-drift/.venv/lib/python3.12/site-packages/scipy/optimize/_lbfgsb.cpython-312-x86_64-linux-gnu.so
7605b60b3000-7605b60d1000 r-xp 0001c000 fc:00 34868261                   /home/henriqueramos_qs/meta-learning-concept-drift/.venv/lib/python3.12/site-packages/scipy/optimize/_lbfgsb.cpython-312-x86_64-linux-gnu.so
7605b60d1000-7605b60e1000 r--p 0003a000 fc:00 34868261                   /home/henriqueramos_qs/meta-learning-concept-drift/.venv/lib/python3.12/site-packages/scipy/optimize/_lbfgsb.cpython-312-x86_64-linux-gnu.so
7605b60e1000-7605b60e2000 r--p 00049000 fc:00 34868261                   /home/henriqueramos_qs/meta-learning-concept-drift/.venv/lib/python3.12/site-packages/scipy/optimize/_lbfgsb.cpython-312-x86_64-linux-gnu.so
7605b60e2000-7605b60e7000 rw-p 0004a000 fc:00 34868261                   /home/henriqueramos_qs/meta-learning-concept-drift/.venv/lib/python3.12/site-packages/scipy/optimize/_lbfgsb.cpython-312-x86_64-linux-gnu.so
7605b60e7000-7605b60ff000 rw-p 0006a000 fc:00 34868261                   /home/henriqueramos_qs/meta-learning-concept-drift/.venv/lib/python3.12/site-packages/scipy/optimize/_lbfgsb.cpython-312-x86_64-linux-gnu.so
7605b60ff000-7605b61ff000 rw-p 00000000 00:00 0 
7605b61ff000-7605b6200000 ---p 00000000 00:00 0 
7605b6200000-7605b6a00000 rw-p 00000000 00:00 0 
7605b6a00000-7605baa00000 rw-p 00000000 00:00 0 
7605baa08000-7605baa0b000 r--p 00000000 fc:00 35400470                   /home/henriqueramos_qs/meta-learning-concept-drift/.venv/lib/python3.12/site-packages/sklearn/utils/_weight_vector.cpython-312-x86_64-linux-gnu.so
7605baa0b000-7605baa15000 r-xp 00003000 fc:00 35400470                   /home/henriqueramos_qs/meta-learning-concept-drift/.venv/lib/python3.12/site-packages/sklearn/utils/_weight_vector.cpython-312-x86_64-linux-gnu.so
7605baa15000-7605baa19000 r--p 0000d000 fc:00 35400470                   /home/henriqueramos_qs/meta-learning-concept-drift/.venv/lib/python3.12/site-packages/sklearn/utils/_weight_vector.cpython-312-x86_64-linux-gnu.so
7605baa19000-7605baa1a000 ---p 00011000 fc:00 35400470                   /home/henriqueramos_qs/meta-learning-concept-drift/.venv/lib/python3.12/site-packages/sklearn/utils/_weight_vector.cpython-312-x86_64-linux-gnu.so
7605baa1a000-7605baa1b000 r--p 00011000 fc:00 35400470                   /home/henriqueramos_qs/meta-learning-concept-drift/.venv/lib/python3.12/site-packages/sklearn/utils/_weight_vector.cpython-312-x86_64-linux-gnu.so
7605baa1b000-7605baa1c000 rw-p 00012000 fc:00 35400470                   /home/henriqueramos_qs/meta-learning-concept-drift/.venv/lib/python3.12/site-packages/sklearn/utils/_weight_vector.cpython-312-x86_64-linux-gnu.so
7605baa1c000-7605baa23000 r--p 00000000 fc:00 34869170                   /home/henriqueramos_qs/meta-learning-concept-drift/.venv/lib/python3.12/site-packages/scipy/spatial/transform/_rotation.cpython-312-x86_64-linux-gnu.so
7605baa23000-7605baac6000 r-xp 00007000 fc:00 34869170                   /home/henriqueramos_qs/meta-learning-concept-drift/.venv/lib/python3.12/site-packages/scipy/spatial/transform/_rotation.cpython-312-x86_64-linux-gnu.so
7605baac6000-7605baaf8000 r--p 000aa000 fc:00 34869170                   /home/henriqueramos_qs/meta-learning-concept-drift/.venv/lib/python3.12/site-packages/scipy/spatial/transform/_rotation.cpython-312-x86_64-linux-gnu.so
7605baaf8000-7605baaf9000 r--p 000db000 fc:00 34869170                   /home/henriqueramos_qs/meta-learning-concept-drift/.venv/lib/python3.12/site-packages/scipy/spatial/transform/_rotation.cpython-312-x86_64-linux-gnu.so
7605baaf9000-7605baafd000 rw-p 000dc000 fc:00 34869170                   /home/henriqueramos_qs/meta-learning-concept-drift/.venv/lib/python3.12/site-packages/scipy/spatial/transform/_rotation.cpython-312-x86_64-linux-gnu.so
7605baafd000-7605babfe000 rw-p 00000000 00:00 0 
7605babfe000-7605babff000 ---p 00000000 00:00 0 
7605babff000-7605bb3ff000 rw-p 00000000 00:00 0 
7605bb3ff000-7605bb400000 ---p 00000000 00:00 0 
7605bb400000-7605bbc00000 rw-p 00000000 00:00 0 
7605bbc00000-7605bdc00000 rw-p 00000000 00:00 0 
7605bdc0b000-7605bdc0e000 r--p 00000000 fc:00 34868896                   /home/henriqueramos_qs/meta-learning-concept-drift/.venv/lib/python3.12/site-packages/scipy/stats/_stats_pythran.cpython-312-x86_64-linux-gnu.so
7605bdc0e000-7605bdc24000 r-xp 00003000 fc:00 34868896                   /home/henriqueramos_qs/meta-learning-concept-drift/.venv/lib/python3.12/site-packages/scipy/stats/_stats_pythran.cpython-312-x86_64-linux-gnu.so
7605bdc24000-7605bdc29000 r--p 00019000 fc:00 34868896                   /home/henriqueramos_qs/meta-learning-concept-drift/.venv/lib/python3.12/site-packages/scipy/stats/_stats_pythran.cpython-312-x86_64-linux-gnu.so
7605bdc29000-7605bdc2a000 r--p 0001d000 fc:00 34868896                   /home/henriqueramos_qs/meta-learning-concept-drift/.venv/lib/python3.12/site-packages/scipy/stats/_stats_pythran.cpython-312-x86_64-linux-gnu.so
7605bdc2a000-7605bdc2b000 rw-p 0001e000 fc:00 34868896                   /home/henriqueramos_qs/meta-learning-concept-drift/.venv/lib/python3.12/site-packages/scipy/stats/_stats_pythran.cpython-312-x86_64-linux-gnu.so
7605bdc2b000-7605bdc33000 r--p 00000000 fc:00 34869105                   /home/henriqueramos_qs/meta-learning-concept-drift/.venv/lib/python3.12/site-packages/scipy/spatial/_ckdtree.cpython-312-x86_64-linux-gnu.so
7605bdc33000-7605bdcda000 r-xp 00008000 fc:00 34869105                   /home/henriqueramos_qs/meta-learning-concept-drift/.venv/lib/python3.12/site-packages/scipy/spatial/_ckdtree.cpython-312-x86_64-linux-gnu.so
7605bdcda000-7605bdcf9000 r--p 000af000 fc:00 34869105                   /home/henriqueramos_qs/meta-learning-concept-drift/.venv/lib/python3.12/site-packages/scipy/spatial/_ckdtree.cpython-312-x86_64-linux-gnu.so
7605bdcf9000-7605bdcfa000 r--p 000cd000 fc:00 34869105                   /home/henriqueramos_qs/meta-learning-concept-drift/.venv/lib/python3.12/site-packages/scipy/spatial/_ckdtree.cpython-312-x86_64-linux-gnu.so
7605bdcfa000-7605bdcfe000 rw-p 000ce000 fc:00 34869105                   /home/henriqueramos_qs/meta-learning-concept-drift/.venv/lib/python3.12/site-packages/scipy/spatial/_ckdtree.cpython-312-x86_64-linux-gnu.so
7605bdcfe000-7605bddff000 rw-p 00000000 00:00 0 
7605bddff000-7605bde00000 ---p 00000000 00:00 0 
7605bde00000-7605be600000 rw-p 00000000 00:00 0 
7605be600000-7605c0600000 rw-p 00000000 00:00 0 
7605c0602000-7605c0606000 r--p 00000000 fc:00 35400435                   /home/henriqueramos_qs/meta-learning-concept-drift/.venv/lib/python3.12/site-packages/sklearn/utils/_isfinite.cpython-312-x86_64-linux-gnu.so
7605c0606000-7605c0614000 r-xp 00004000 fc:00 35400435                   /home/henriqueramos_qs/meta-learning-concept-drift/.venv/lib/python3.12/site-packages/sklearn/utils/_isfinite.cpython-312-x86_64-linux-gnu.so
7605c0614000-7605c0618000 r--p 00012000 fc:00 35400435                   /home/henriqueramos_qs/meta-learning-concept-drift/.venv/lib/python3.12/site-packages/sklearn/utils/_isfinite.cpython-312-x86_64-linux-gnu.so
7605c0618000-7605c0619000 ---p 00016000 fc:00 35400435                   /home/henriqueramos_qs/meta-learning-concept-drift/.venv/lib/python3.12/site-packages/sklearn/utils/_isfinite.cpython-312-x86_64-linux-gnu.so
7605c0619000-7605c061a000 r--p 00016000 fc:00 35400435                   /home/henriqueramos_qs/meta-learning-concept-drift/.venv/lib/python3.12/site-packages/sklearn/utils/_isfinite.cpython-312-x86_64-linux-gnu.so
7605c061a000-7605c061b000 rw-p 00017000 fc:00 35400435                   /home/henriqueramos_qs/meta-learning-concept-drift/.venv/lib/python3.12/site-packages/sklearn/utils/_isfinite.cpython-312-x86_64-linux-gnu.so
7605c061b000-7605c061c000 rw-p 00000000 00:00 0 
7605c061c000-7605c061f000 r--p 00000000 fc:00 34868544                   /home/henriqueramos_qs/meta-learning-concept-drift/.venv/lib/python3.12/site-packages/scipy/special/_special_ufuncs.cpython-312-x86_64-linux-gnu.so
7605c061f000-7605c06d2000 r-xp 00003000 fc:00 34868544                   /home/henriqueramos_qs/meta-learning-concept-drift/.venv/lib/python3.12/site-packages/scipy/special/_special_ufuncs.cpython-312-x86_64-linux-gnu.so
7605c06d2000-7605c06fd000 r--p 000b6000 fc:00 34868544                   /home/henriqueramos_qs/meta-learning-concept-drift/.venv/lib/python3.12/site-packages/scipy/special/_special_ufuncs.cpython-312-x86_64-linux-gnu.so
7605c06fd000-7605c06fe000 r--p 000e0000 fc:00 34868544                   /home/henriqueramos_qs/meta-learning-concept-drift/.venv/lib/python3.12/site-packages/scipy/special/_special_ufuncs.cpython-312-x86_64-linux-gnu.so
7605c06fe000-7605c06ff000 rw-p 000e1000 fc:00 34868544                   /home/henriqueramos_qs/meta-learning-concept-drift/.venv/lib/python3.12/site-packages/scipy/special/_special_ufuncs.cpython-312-x86_64-linux-gnu.so
7605c06ff000-7605c07ff000 rw-p 00000000 00:00 0 
7605c07ff000-7605c0800000 ---p 00000000 00:00 0 
7605c0800000-7605c1000000 rw-p 00000000 00:00 0 
7605c1000000-7605c3000000 rw-p 00000000 00:00 0 
7605c3003000-7605c3006000 r--p 00000000 fc:00 35400441                   /home/henriqueramos_qs/meta-learning-concept-drift/.venv/lib/python3.12/site-packages/sklearn/utils/_openmp_helpers.cpython-312-x86_64-linux-gnu.so
7605c3006000-7605c300d000 r-xp 00003000 fc:00 35400441                   /home/henriqueramos_qs/meta-learning-concept-drift/.venv/lib/python3.12/site-packages/sklearn/utils/_openmp_helpers.cpython-312-x86_64-linux-gnu.so
7605c300d000-7605c300f000 r--p 0000a000 fc:00 35400441                   /home/henriqueramos_qs/meta-learning-concept-drift/.venv/lib/python3.12/site-packages/sklearn/utils/_openmp_helpers.cpython-312-x86_64-linux-gnu.so
7605c300f000-7605c3010000 ---p 0000c000 fc:00 35400441                   /home/henriqueramos_qs/meta-learning-concept-drift/.venv/lib/python3.12/site-packages/sklearn/utils/_openmp_helpers.cpython-312-x86_64-linux-gnu.so
7605c3010000-7605c3011000 r--p 0000c000 fc:00 35400441                   /home/henriqueramos_qs/meta-learning-concept-drift/.venv/lib/python3.12/site-packages/sklearn/utils/_openmp_helpers.cpython-312-x86_64-linux-gnu.so
7605c3011000-7605c3012000 rw-p 0000d000 fc:00 35400441                   /home/henriqueramos_qs/meta-learning-concept-drift/.venv/lib/python3.12/site-packages/sklearn/utils/_openmp_helpers.cpython-312-x86_64-linux-gnu.so
7605c3012000-7605c3015000 rw-p 00012000 fc:00 35400441                   /home/henriqueramos_qs/meta-learning-concept-drift/.venv/lib/python3.12/site-packages/sklearn/utils/_openmp_helpers.cpython-312-x86_64-linux-gnu.so
7605c3015000-7605c301a000 r--p 00000000 fc:00 34868334                   /home/henriqueramos_qs/meta-learning-concept-drift/.venv/lib/python3.12/site-packages/scipy/optimize/_trlib/_trlib.cpython-312-x86_64-linux-gnu.so
7605c301a000-7605c3059000 r-xp 00005000 fc:00 34868334                   /home/henriqueramos_qs/meta-learning-concept-drift/.venv/lib/python3.12/site-packages/scipy/optimize/_trlib/_trlib.cpython-312-x86_64-linux-gnu.so
7605c3059000-7605c3063000 r--p 00044000 fc:00 34868334                   /home/henriqueramos_qs/meta-learning-concept-drift/.venv/lib/python3.12/site-packages/scipy/optimize/_trlib/_trlib.cpython-312-x86_64-linux-gnu.so
7605c3063000-7605c3064000 r--p 0004d000 fc:00 34868334                   /home/henriqueramos_qs/meta-learning-concept-drift/.venv/lib/python3.12/site-packages/scipy/optimize/_trlib/_trlib.cpython-312-x86_64-linux-gnu.so
7605c3064000-7605c3066000 rw-p 0004e000 fc:00 34868334                   /home/henriqueramos_qs/meta-learning-concept-drift/.venv/lib/python3.12/site-packages/scipy/optimize/_trlib/_trlib.cpython-312-x86_64-linux-gnu.so
7605c3066000-7605c3067000 rw-p 00000000 00:00 0 
7605c3067000-7605c306c000 rw-p 00059000 fc:00 34868334                   /home/henriqueramos_qs/meta-learning-concept-drift/.venv/lib/python3.12/site-packages/scipy/optimize/_trlib/_trlib.cpython-312-x86_64-linux-gnu.so
7605c306c000-7605c3071000 r--p 00000000 fc:00 34868104                   /home/henriqueramos_qs/meta-learning-concept-drift/.venv/lib/python3.12/site-packages/scipy/sparse/csgraph/_traversal.cpython-312-x86_64-linux-gnu.so
7605c3071000-7605c30ea000 r-xp 00005000 fc:00 34868104                   /home/henriqueramos_qs/meta-learning-concept-drift/.venv/lib/python3.12/site-packages/scipy/sparse/csgraph/_traversal.cpython-312-x86_64-linux-gnu.so
7605c30ea000-7605c30fb000 r--p 0007e000 fc:00 34868104                   /home/henriqueramos_qs/meta-learning-concept-drift/.venv/lib/python3.12/site-packages/scipy/sparse/csgraph/_traversal.cpython-312-x86_64-linux-gnu.so
7605c30fb000-7605c30fc000 r--p 0008e000 fc:00 34868104                   /home/henriqueramos_qs/meta-learning-concept-drift/.venv/lib/python3.12/site-packages/scipy/sparse/csgraph/_traversal.cpython-312-x86_64-linux-gnu.so
7605c30fc000-7605c30fe000 rw-p 0008f000 fc:00 34868104                   /home/henriqueramos_qs/meta-learning-concept-drift/.venv/lib/python3.12/site-packages/scipy/sparse/csgraph/_traversal.cpython-312-x86_64-linux-gnu.so
7605c30fe000-7605c31ff000 rw-p 00000000 00:00 0 
7605c31ff000-7605c3200000 ---p 00000000 00:00 0 
7605c3200000-7605c3a00000 rw-p 00000000 00:00 0 
7605c3a00000-7605c7a00000 rw-p 00000000 00:00 0 
7605c7a06000-7605c7a0c000 r--p 00000000 fc:00 34869104                   /home/henriqueramos_qs/meta-learning-concept-drift/.venv/lib/python3.12/site-packages/scipy/spatial/_distance_pybind.cpython-312-x86_64-linux-gnu.so
7605c7a0c000-7605c7a75000 r-xp 00006000 fc:00 34869104                   /home/henriqueramos_qs/meta-learning-concept-drift/.venv/lib/python3.12/site-packages/scipy/spatial/_distance_pybind.cpython-312-x86_64-linux-gnu.so
7605c7a75000-7605c7a85000 r--p 0006f000 fc:00 34869104                   /home/henriqueramos_qs/meta-learning-concept-drift/.venv/lib/python3.12/site-packages/scipy/spatial/_distance_pybind.cpython-312-x86_64-linux-gnu.so
7605c7a85000-7605c7a86000 r--p 0007e000 fc:00 34869104                   /home/henriqueramos_qs/meta-learning-concept-drift/.venv/lib/python3.12/site-packages/scipy/spatial/_distance_pybind.cpython-312-x86_64-linux-gnu.so
7605c7a86000-7605c7a87000 rw-p 0007f000 fc:00 34869104                   /home/henriqueramos_qs/meta-learning-concept-drift/.venv/lib/python3.12/site-packages/scipy/spatial/_distance_pybind.cpython-312-x86_64-linux-gnu.so
7605c7a87000-7605c7a8c000 r--p 00000000 fc:00 34868112                   /home/henriqueramos_qs/meta-learning-concept-drift/.venv/lib/python3.12/site-packages/scipy/sparse/csgraph/_shortest_path.cpython-312-x86_64-linux-gnu.so
7605c7a8c000-7605c7ae6000 r-xp 00005000 fc:00 34868112                   /home/henriqueramos_qs/meta-learning-concept-drift/.venv/lib/python3.12/site-packages/scipy/sparse/csgraph/_shortest_path.cpython-312-x86_64-linux-gnu.so
7605c7ae6000-7605c7afb000 r--p 0005f000 fc:00 34868112                   /home/henriqueramos_qs/meta-learning-concept-drift/.venv/lib/python3.12/site-packages/scipy/sparse/csgraph/_shortest_path.cpython-312-x86_64-linux-gnu.so
7605c7afb000-7605c7afc000 r--p 00073000 fc:00 34868112                   /home/henriqueramos_qs/meta-learning-concept-drift/.venv/lib/python3.12/site-packages/scipy/sparse/csgraph/_shortest_path.cpython-312-x86_64-linux-gnu.so
7605c7afc000-7605c7afe000 rw-p 00074000 fc:00 34868112                   /home/henriqueramos_qs/meta-learning-concept-drift/.venv/lib/python3.12/site-packages/scipy/sparse/csgraph/_shortest_path.cpython-312-x86_64-linux-gnu.so
7605c7afe000-7605c7bff000 rw-p 00000000 00:00 0 
7605c7bff000-7605c7c00000 ---p 00000000 00:00 0 
7605c7c00000-7605c8400000 rw-p 00000000 00:00 0 
7605c8400000-7605ca400000 rw-p 00000000 00:00 0 
7605ca402000-7605ca404000 r--p 00000000 08:05 8922103                    /usr/lib/jvm/java-21-openjdk-amd64/lib/libzip.so
7605ca404000-7605ca409000 r-xp 00002000 08:05 8922103                    /usr/lib/jvm/java-21-openjdk-amd64/lib/libzip.so
7605ca409000-7605ca40b000 r--p 00007000 08:05 8922103                    /usr/lib/jvm/java-21-openjdk-amd64/lib/libzip.so
7605ca40b000-7605ca40c000 r--p 00008000 08:05 8922103                    /usr/lib/jvm/java-21-openjdk-amd64/lib/libzip.so
7605ca40c000-7605ca40d000 rw-p 00009000 08:05 8922103                    /usr/lib/jvm/java-21-openjdk-amd64/lib/libzip.so
7605ca40d000-7605ca40e000 r--p 00000000 fc:00 34868690                   /home/henriqueramos_qs/meta-learning-concept-drift/.venv/lib/python3.12/site-packages/scipy/interpolate/_fitpack.cpython-312-x86_64-linux-gnu.so
7605ca40e000-7605ca41e000 r-xp 00001000 fc:00 34868690                   /home/henriqueramos_qs/meta-learning-concept-drift/.venv/lib/python3.12/site-packages/scipy/interpolate/_fitpack.cpython-312-x86_64-linux-gnu.so
7605ca41e000-7605ca420000 r--p 00011000 fc:00 34868690                   /home/henriqueramos_qs/meta-learning-concept-drift/.venv/lib/python3.12/site-packages/scipy/interpolate/_fitpack.cpython-312-x86_64-linux-gnu.so
7605ca420000-7605ca421000 r--p 00012000 fc:00 34868690                   /home/henriqueramos_qs/meta-learning-concept-drift/.venv/lib/python3.12/site-packages/scipy/interpolate/_fitpack.cpython-312-x86_64-linux-gnu.so
7605ca421000-7605ca422000 rw-p 00013000 fc:00 34868690                   /home/henriqueramos_qs/meta-learning-concept-drift/.venv/lib/python3.12/site-packages/scipy/interpolate/_fitpack.cpython-312-x86_64-linux-gnu.so
7605ca422000-7605ca424000 rw-p 00015000 fc:00 34868690                   /home/henriqueramos_qs/meta-learning-concept-drift/.venv/lib/python3.12/site-packages/scipy/interpolate/_fitpack.cpython-312-x86_64-linux-gnu.so
7605ca424000-7605ca429000 r--p 00000000 fc:00 34869115                   /home/henriqueramos_qs/meta-learning-concept-drift/.venv/lib/python3.12/site-packages/scipy/spatial/_hausdorff.cpython-312-x86_64-linux-gnu.so
7605ca429000-7605ca44f000 r-xp 00005000 fc:00 34869115                   /home/henriqueramos_qs/meta-learning-concept-drift/.venv/lib/python3.12/site-packages/scipy/spatial/_hausdorff.cpython-312-x86_64-linux-gnu.so
7605ca44f000-7605ca456000 r--p 0002b000 fc:00 34869115                   /home/henriqueramos_qs/meta-learning-concept-drift/.venv/lib/python3.12/site-packages/scipy/spatial/_hausdorff.cpython-312-x86_64-linux-gnu.so
7605ca456000-7605ca457000 ---p 00032000 fc:00 34869115                   /home/henriqueramos_qs/meta-learning-concept-drift/.venv/lib/python3.12/site-packages/scipy/spatial/_hausdorff.cpython-312-x86_64-linux-gnu.so
7605ca457000-7605ca458000 r--p 00032000 fc:00 34869115                   /home/henriqueramos_qs/meta-learning-concept-drift/.venv/lib/python3.12/site-packages/scipy/spatial/_hausdorff.cpython-312-x86_64-linux-gnu.so
7605ca458000-7605ca45a000 rw-p 00033000 fc:00 34869115                   /home/henriqueramos_qs/meta-learning-concept-drift/.venv/lib/python3.12/site-packages/scipy/spatial/_hausdorff.cpython-312-x86_64-linux-gnu.so
7605ca45a000-7605ca45b000 rw-p 00000000 00:00 0 
7605ca45b000-7605ca478000 r--p 00000000 fc:00 34868159                   /home/henriqueramos_qs/meta-learning-concept-drift/.venv/lib/python3.12/site-packages/scipy/sparse/linalg/_propack/_zpropack.cpython-312-x86_64-linux-gnu.so
7605ca478000-7605ca497000 r-xp 0001d000 fc:00 34868159                   /home/henriqueramos_qs/meta-learning-concept-drift/.venv/lib/python3.12/site-packages/scipy/sparse/linalg/_propack/_zpropack.cpython-312-x86_64-linux-gnu.so
7605ca497000-7605ca4a7000 r--p 0003c000 fc:00 34868159                   /home/henriqueramos_qs/meta-learning-concept-drift/.venv/lib/python3.12/site-packages/scipy/sparse/linalg/_propack/_zpropack.cpython-312-x86_64-linux-gnu.so
7605ca4a7000-7605ca4a8000 ---p 0004c000 fc:00 34868159                   /home/henriqueramos_qs/meta-learning-concept-drift/.venv/lib/python3.12/site-packages/scipy/sparse/linalg/_propack/_zpropack.cpython-312-x86_64-linux-gnu.so
7605ca4a8000-7605ca4a9000 r--p 0004c000 fc:00 34868159                   /home/henriqueramos_qs/meta-learning-concept-drift/.venv/lib/python3.12/site-packages/scipy/sparse/linalg/_propack/_zpropack.cpython-312-x86_64-linux-gnu.so
7605ca4a9000-7605ca4b1000 rw-p 0004d000 fc:00 34868159                   /home/henriqueramos_qs/meta-learning-concept-drift/.venv/lib/python3.12/site-packages/scipy/sparse/linalg/_propack/_zpropack.cpython-312-x86_64-linux-gnu.so
7605ca4b1000-7605ca4e7000 rw-p 00000000 00:00 0 
7605ca4e7000-7605ca4ff000 rw-p 00071000 fc:00 34868159                   /home/henriqueramos_qs/meta-learning-concept-drift/.venv/lib/python3.12/site-packages/scipy/sparse/linalg/_propack/_zpropack.cpython-312-x86_64-linux-gnu.so
7605ca4ff000-7605ca5ff000 rw-p 00000000 00:00 0 
7605ca5ff000-7605ca600000 ---p 00000000 00:00 0 
7605ca600000-7605cae00000 rw-p 00000000 00:00 0 
7605cae00000-7605cce00000 rw-p 00000000 00:00 0 
7605cce01000-7605cce04000 r--p 00000000 fc:00 35399547                   /home/henriqueramos_qs/meta-learning-concept-drift/.venv/lib/python3.12/site-packages/sklearn/cluster/_dbscan_inner.cpython-312-x86_64-linux-gnu.so
7605cce04000-7605cce0b000 r-xp 00003000 fc:00 35399547                   /home/henriqueramos_qs/meta-learning-concept-drift/.venv/lib/python3.12/site-packages/sklearn/cluster/_dbscan_inner.cpython-312-x86_64-linux-gnu.so
7605cce0b000-7605cce0f000 r--p 0000a000 fc:00 35399547                   /home/henriqueramos_qs/meta-learning-concept-drift/.venv/lib/python3.12/site-packages/sklearn/cluster/_dbscan_inner.cpython-312-x86_64-linux-gnu.so
7605cce0f000-7605cce10000 r--p 0000d000 fc:00 35399547                   /home/henriqueramos_qs/meta-learning-concept-drift/.venv/lib/python3.12/site-packages/sklearn/cluster/_dbscan_inner.cpython-312-x86_64-linux-gnu.so
7605cce10000-7605cce11000 rw-p 0000e000 fc:00 35399547                   /home/henriqueramos_qs/meta-learning-concept-drift/.venv/lib/python3.12/site-packages/sklearn/cluster/_dbscan_inner.cpython-312-x86_64-linux-gnu.so
7605cce11000-7605cce14000 r--p 00000000 fc:00 34868843                   /home/henriqueramos_qs/meta-learning-concept-drift/.venv/lib/python3.12/site-packages/scipy/integrate/_dop.cpython-312-x86_64-linux-gnu.so
7605cce14000-7605cce22000 r-xp 00003000 fc:00 34868843                   /home/henriqueramos_qs/meta-learning-concept-drift/.venv/lib/python3.12/site-packages/scipy/integrate/_dop.cpython-312-x86_64-linux-gnu.so
7605cce22000-7605cce26000 r--p 00011000 fc:00 34868843                   /home/henriqueramos_qs/meta-learning-concept-drift/.venv/lib/python3.12/site-packages/scipy/integrate/_dop.cpython-312-x86_64-linux-gnu.so
7605cce26000-7605cce27000 r--p 00014000 fc:00 34868843                   /home/henriqueramos_qs/meta-learning-concept-drift/.venv/lib/python3.12/site-packages/scipy/integrate/_dop.cpython-312-x86_64-linux-gnu.so
7605cce27000-7605cce29000 rw-p 00015000 fc:00 34868843                   /home/henriqueramos_qs/meta-learning-concept-drift/.venv/lib/python3.12/site-packages/scipy/integrate/_dop.cpython-312-x86_64-linux-gnu.so
7605cce29000-7605cce2c000 rw-p 0001a000 fc:00 34868843                   /home/henriqueramos_qs/meta-learning-concept-drift/.venv/lib/python3.12/site-packages/scipy/integrate/_dop.cpython-312-x86_64-linux-gnu.so
7605cce2c000-7605cce31000 r--p 00000000 fc:00 34868109                   /home/henriqueramos_qs/meta-learning-concept-drift/.venv/lib/python3.12/site-packages/scipy/sparse/csgraph/_reordering.cpython-312-x86_64-linux-gnu.so
7605cce31000-7605cce66000 r-xp 00005000 fc:00 34868109                   /home/henriqueramos_qs/meta-learning-concept-drift/.venv/lib/python3.12/site-packages/scipy/sparse/csgraph/_reordering.cpython-312-x86_64-linux-gnu.so
7605cce66000-7605cce70000 r--p 0003a000 fc:00 34868109                   /home/henriqueramos_qs/meta-learning-concept-drift/.venv/lib/python3.12/site-packages/scipy/sparse/csgraph/_reordering.cpython-312-x86_64-linux-gnu.so
7605cce70000-7605cce71000 r--p 00043000 fc:00 34868109                   /home/henriqueramos_qs/meta-learning-concept-drift/.venv/lib/python3.12/site-packages/scipy/sparse/csgraph/_reordering.cpython-312-x86_64-linux-gnu.so
7605cce71000-7605cce73000 rw-p 00044000 fc:00 34868109                   /home/henriqueramos_qs/meta-learning-concept-drift/.venv/lib/python3.12/site-packages/scipy/sparse/csgraph/_reordering.cpython-312-x86_64-linux-gnu.so
7605cce73000-7605cce74000 rw-p 00000000 00:00 0 
7605cce74000-7605cce91000 r--p 00000000 fc:00 34868160                   /home/henriqueramos_qs/meta-learning-concept-drift/.venv/lib/python3.12/site-packages/scipy/sparse/linalg/_propack/_cpropack.cpython-312-x86_64-linux-gnu.so
7605cce91000-7605cceb2000 r-xp 0001d000 fc:00 34868160                   /home/henriqueramos_qs/meta-learning-concept-drift/.venv/lib/python3.12/site-packages/scipy/sparse/linalg/_propack/_cpropack.cpython-312-x86_64-linux-gnu.so
7605cceb2000-7605ccec2000 r--p 0003e000 fc:00 34868160                   /home/henriqueramos_qs/meta-learning-concept-drift/.venv/lib/python3.12/site-packages/scipy/sparse/linalg/_propack/_cpropack.cpython-312-x86_64-linux-gnu.so
7605ccec2000-7605ccec3000 ---p 0004e000 fc:00 34868160                   /home/henriqueramos_qs/meta-learning-concept-drift/.venv/lib/python3.12/site-packages/scipy/sparse/linalg/_propack/_cpropack.cpython-312-x86_64-linux-gnu.so
7605ccec3000-7605ccec4000 r--p 0004e000 fc:00 34868160                   /home/henriqueramos_qs/meta-learning-concept-drift/.venv/lib/python3.12/site-packages/scipy/sparse/linalg/_propack/_cpropack.cpython-312-x86_64-linux-gnu.so
7605ccec4000-7605ccecc000 rw-p 0004f000 fc:00 34868160                   /home/henriqueramos_qs/meta-learning-concept-drift/.venv/lib/python3.12/site-packages/scipy/sparse/linalg/_propack/_cpropack.cpython-312-x86_64-linux-gnu.so
7605ccecc000-7605ccee7000 rw-p 00000000 00:00 0 
7605ccee7000-7605cceff000 rw-p 00073000 fc:00 34868160                   /home/henriqueramos_qs/meta-learning-concept-drift/.venv/lib/python3.12/site-packages/scipy/sparse/linalg/_propack/_cpropack.cpython-312-x86_64-linux-gnu.so
7605cceff000-7605ccfff000 rw-p 00000000 00:00 0 
7605ccfff000-7605cd000000 ---p 00000000 00:00 0 
7605cd000000-7605cd800000 rw-p 00000000 00:00 0 
7605cd800000-7605cf800000 rw-p 00000000 00:00 0 
7605cf804000-7605cf809000 r--p 00000000 fc:00 34868217                   /home/henriqueramos_qs/meta-learning-concept-drift/.venv/lib/python3.12/site-packages/scipy/optimize/_pava_pybind.cpython-312-x86_64-linux-gnu.so
7605cf809000-7605cf822000 r-xp 00005000 fc:00 34868217                   /home/henriqueramos_qs/meta-learning-concept-drift/.venv/lib/python3.12/site-packages/scipy/optimize/_pava_pybind.cpython-312-x86_64-linux-gnu.so
7605cf822000-7605cf82a000 r--p 0001e000 fc:00 34868217                   /home/henriqueramos_qs/meta-learning-concept-drift/.venv/lib/python3.12/site-packages/scipy/optimize/_pava_pybind.cpython-312-x86_64-linux-gnu.so
7605cf82a000-7605cf82b000 ---p 00026000 fc:00 34868217                   /home/henriqueramos_qs/meta-learning-concept-drift/.venv/lib/python3.12/site-packages/scipy/optimize/_pava_pybind.cpython-312-x86_64-linux-gnu.so
7605cf82b000-7605cf82c000 r--p 00026000 fc:00 34868217                   /home/henriqueramos_qs/meta-learning-concept-drift/.venv/lib/python3.12/site-packages/scipy/optimize/_pava_pybind.cpython-312-x86_64-linux-gnu.so
7605cf82c000-7605cf82d000 rw-p 00027000 fc:00 34868217                   /home/henriqueramos_qs/meta-learning-concept-drift/.venv/lib/python3.12/site-packages/scipy/optimize/_pava_pybind.cpython-312-x86_64-linux-gnu.so
7605cf82d000-7605cf84a000 r--p 00000000 fc:00 34868162                   /home/henriqueramos_qs/meta-learning-concept-drift/.venv/lib/python3.12/site-packages/scipy/sparse/linalg/_propack/_dpropack.cpython-312-x86_64-linux-gnu.so
7605cf84a000-7605cf865000 r-xp 0001d000 fc:00 34868162                   /home/henriqueramos_qs/meta-learning-concept-drift/.venv/lib/python3.12/site-packages/scipy/sparse/linalg/_propack/_dpropack.cpython-312-x86_64-linux-gnu.so
7605cf865000-7605cf875000 r--p 00038000 fc:00 34868162                   /home/henriqueramos_qs/meta-learning-concept-drift/.venv/lib/python3.12/site-packages/scipy/sparse/linalg/_propack/_dpropack.cpython-312-x86_64-linux-gnu.so
7605cf875000-7605cf876000 r--p 00047000 fc:00 34868162                   /home/henriqueramos_qs/meta-learning-concept-drift/.venv/lib/python3.12/site-packages/scipy/sparse/linalg/_propack/_dpropack.cpython-312-x86_64-linux-gnu.so
7605cf876000-7605cf87e000 rw-p 00048000 fc:00 34868162                   /home/henriqueramos_qs/meta-learning-concept-drift/.venv/lib/python3.12/site-packages/scipy/sparse/linalg/_propack/_dpropack.cpython-312-x86_64-linux-gnu.so
7605cf87e000-7605cf896000 rw-p 0006b000 fc:00 34868162                   /home/henriqueramos_qs/meta-learning-concept-drift/.venv/lib/python3.12/site-packages/scipy/sparse/linalg/_propack/_dpropack.cpython-312-x86_64-linux-gnu.so
7605cf896000-7605cf8b3000 r--p 00000000 fc:00 34868161                   /home/henriqueramos_qs/meta-learning-concept-drift/.venv/lib/python3.12/site-packages/scipy/sparse/linalg/_propack/_spropack.cpython-312-x86_64-linux-gnu.so
7605cf8b3000-7605cf8ce000 r-xp 0001d000 fc:00 34868161                   /home/henriqueramos_qs/meta-learning-concept-drift/.venv/lib/python3.12/site-packages/scipy/sparse/linalg/_propack/_spropack.cpython-312-x86_64-linux-gnu.so
7605cf8ce000-7605cf8de000 r--p 00038000 fc:00 34868161                   /home/henriqueramos_qs/meta-learning-concept-drift/.venv/lib/python3.12/site-packages/scipy/sparse/linalg/_propack/_spropack.cpython-312-x86_64-linux-gnu.so
7605cf8de000-7605cf8df000 r--p 00047000 fc:00 34868161                   /home/henriqueramos_qs/meta-learning-concept-drift/.venv/lib/python3.12/site-packages/scipy/sparse/linalg/_propack/_spropack.cpython-312-x86_64-linux-gnu.so
7605cf8df000-7605cf8e7000 rw-p 00048000 fc:00 34868161                   /home/henriqueramos_qs/meta-learning-concept-drift/.venv/lib/python3.12/site-packages/scipy/sparse/linalg/_propack/_spropack.cpython-312-x86_64-linux-gnu.so
7605cf8e7000-7605cf8ff000 rw-p 0006b000 fc:00 34868161                   /home/henriqueramos_qs/meta-learning-concept-drift/.venv/lib/python3.12/site-packages/scipy/sparse/linalg/_propack/_spropack.cpython-312-x86_64-linux-gnu.so
7605cf8ff000-7605cf9ff000 rw-p 00000000 00:00 0 
7605cf9ff000-7605cfa00000 ---p 00000000 00:00 0 
7605cfa00000-7605d0200000 rw-p 00000000 00:00 0 
7605d0200000-7605d2200000 rw-p 00000000 00:00 0 
7605d2203000-7605d2206000 r--p 00000000 fc:00 34869020                   /home/henriqueramos_qs/meta-learning-concept-drift/.venv/lib/python3.12/site-packages/scipy/stats/_levy_stable/levyst.cpython-312-x86_64-linux-gnu.so
7605d2206000-7605d220d000 r-xp 00003000 fc:00 34869020                   /home/henriqueramos_qs/meta-learning-concept-drift/.venv/lib/python3.12/site-packages/scipy/stats/_levy_stable/levyst.cpython-312-x86_64-linux-gnu.so
7605d220d000-7605d220f000 r--p 0000a000 fc:00 34869020                   /home/henriqueramos_qs/meta-learning-concept-drift/.venv/lib/python3.12/site-packages/scipy/stats/_levy_stable/levyst.cpython-312-x86_64-linux-gnu.so
7605d220f000-7605d2210000 r--p 0000b000 fc:00 34869020                   /home/henriqueramos_qs/meta-learning-concept-drift/.venv/lib/python3.12/site-packages/scipy/stats/_levy_stable/levyst.cpython-312-x86_64-linux-gnu.so
7605d2210000-7605d2211000 rw-p 0000c000 fc:00 34869020                   /home/henriqueramos_qs/meta-learning-concept-drift/.venv/lib/python3.12/site-packages/scipy/stats/_levy_stable/levyst.cpython-312-x86_64-linux-gnu.so
7605d2211000-7605d2216000 r--p 00000000 fc:00 34869111                   /home/henriqueramos_qs/meta-learning-concept-drift/.venv/lib/python3.12/site-packages/scipy/spatial/_voronoi.cpython-312-x86_64-linux-gnu.so
7605d2216000-7605d223a000 r-xp 00005000 fc:00 34869111                   /home/henriqueramos_qs/meta-learning-concept-drift/.venv/lib/python3.12/site-packages/scipy/spatial/_voronoi.cpython-312-x86_64-linux-gnu.so
7605d223a000-7605d2241000 r--p 00029000 fc:00 34869111                   /home/henriqueramos_qs/meta-learning-concept-drift/.venv/lib/python3.12/site-packages/scipy/spatial/_voronoi.cpython-312-x86_64-linux-gnu.so
7605d2241000-7605d2242000 ---p 00030000 fc:00 34869111                   /home/henriqueramos_qs/meta-learning-concept-drift/.venv/lib/python3.12/site-packages/scipy/spatial/_voronoi.cpython-312-x86_64-linux-gnu.so
7605d2242000-7605d2243000 r--p 00030000 fc:00 34869111                   /home/henriqueramos_qs/meta-learning-concept-drift/.venv/lib/python3.12/site-packages/scipy/spatial/_voronoi.cpython-312-x86_64-linux-gnu.so
7605d2243000-7605d2245000 rw-p 00031000 fc:00 34869111                   /home/henriqueramos_qs/meta-learning-concept-drift/.venv/lib/python3.12/site-packages/scipy/spatial/_voronoi.cpython-312-x86_64-linux-gnu.so
7605d2245000-7605d2246000 rw-p 00000000 00:00 0 
7605d2246000-7605d2264000 r--p 00000000 fc:00 34868191                   /home/henriqueramos_qs/meta-learning-concept-drift/.venv/lib/python3.12/site-packages/scipy/sparse/linalg/_eigen/arpack/_arpack.cpython-312-x86_64-linux-gnu.so
7605d2264000-7605d22bb000 r-xp 0001e000 fc:00 34868191                   /home/henriqueramos_qs/meta-learning-concept-drift/.venv/lib/python3.12/site-packages/scipy/sparse/linalg/_eigen/arpack/_arpack.cpython-312-x86_64-linux-gnu.so
7605d22bb000-7605d22d7000 r--p 00075000 fc:00 34868191                   /home/henriqueramos_qs/meta-learning-concept-drift/.venv/lib/python3.12/site-packages/scipy/sparse/linalg/_eigen/arpack/_arpack.cpython-312-x86_64-linux-gnu.so
7605d22d7000-7605d22d8000 r--p 00090000 fc:00 34868191                   /home/henriqueramos_qs/meta-learning-concept-drift/.venv/lib/python3.12/site-packages/scipy/sparse/linalg/_eigen/arpack/_arpack.cpython-312-x86_64-linux-gnu.so
7605d22d8000-7605d22e6000 rw-p 00091000 fc:00 34868191                   /home/henriqueramos_qs/meta-learning-concept-drift/.venv/lib/python3.12/site-packages/scipy/sparse/linalg/_eigen/arpack/_arpack.cpython-312-x86_64-linux-gnu.so
7605d22e6000-7605d22e7000 rw-p 00000000 00:00 0 
7605d22e7000-7605d22ff000 rw-p 000bf000 fc:00 34868191                   /home/henriqueramos_qs/meta-learning-concept-drift/.venv/lib/python3.12/site-packages/scipy/sparse/linalg/_eigen/arpack/_arpack.cpython-312-x86_64-linux-gnu.so
7605d22ff000-7605d23ff000 rw-p 00000000 00:00 0 
7605d23ff000-7605d2400000 ---p 00000000 00:00 0 
7605d2400000-7605d2c00000 rw-p 00000000 00:00 0 
7605d2c00000-7605d4c00000 rw-p 00000000 00:00 0 
7605d4c02000-7605d4c0a000 rw-s 00000000 08:05 10486489                   /tmp/hsperfdata_henriqueramos_qs/230059
7605d4c0a000-7605d4c0f000 r--p 00000000 fc:00 34868103                   /home/henriqueramos_qs/meta-learning-concept-drift/.venv/lib/python3.12/site-packages/scipy/sparse/csgraph/_matching.cpython-312-x86_64-linux-gnu.so
7605d4c0f000-7605d4c44000 r-xp 00005000 fc:00 34868103                   /home/henriqueramos_qs/meta-learning-concept-drift/.venv/lib/python3.12/site-packages/scipy/sparse/csgraph/_matching.cpython-312-x86_64-linux-gnu.so
7605d4c44000-7605d4c52000 r--p 0003a000 fc:00 34868103                   /home/henriqueramos_qs/meta-learning-concept-drift/.venv/lib/python3.12/site-packages/scipy/sparse/csgraph/_matching.cpython-312-x86_64-linux-gnu.so
7605d4c52000-7605d4c53000 r--p 00047000 fc:00 34868103                   /home/henriqueramos_qs/meta-learning-concept-drift/.venv/lib/python3.12/site-packages/scipy/sparse/csgraph/_matching.cpython-312-x86_64-linux-gnu.so
7605d4c53000-7605d4c55000 rw-p 00048000 fc:00 34868103                   /home/henriqueramos_qs/meta-learning-concept-drift/.venv/lib/python3.12/site-packages/scipy/sparse/csgraph/_matching.cpython-312-x86_64-linux-gnu.so
7605d4c55000-7605d4c56000 rw-p 00000000 00:00 0 
7605d4c56000-7605d4c72000 r--p 00000000 fc:00 34868140                   /home/henriqueramos_qs/meta-learning-concept-drift/.venv/lib/python3.12/site-packages/scipy/sparse/linalg/_dsolve/_superlu.cpython-312-x86_64-linux-gnu.so
7605d4c72000-7605d4ccb000 r-xp 0001c000 fc:00 34868140                   /home/henriqueramos_qs/meta-learning-concept-drift/.venv/lib/python3.12/site-packages/scipy/sparse/linalg/_dsolve/_superlu.cpython-312-x86_64-linux-gnu.so
7605d4ccb000-7605d4ce1000 r--p 00075000 fc:00 34868140                   /home/henriqueramos_qs/meta-learning-concept-drift/.venv/lib/python3.12/site-packages/scipy/sparse/linalg/_dsolve/_superlu.cpython-312-x86_64-linux-gnu.so
7605d4ce1000-7605d4ce2000 r--p 0008a000 fc:00 34868140                   /home/henriqueramos_qs/meta-learning-concept-drift/.venv/lib/python3.12/site-packages/scipy/sparse/linalg/_dsolve/_superlu.cpython-312-x86_64-linux-gnu.so
7605d4ce2000-7605d4ce7000 rw-p 0008b000 fc:00 34868140                   /home/henriqueramos_qs/meta-learning-concept-drift/.venv/lib/python3.12/site-packages/scipy/sparse/linalg/_dsolve/_superlu.cpython-312-x86_64-linux-gnu.so
7605d4ce7000-7605d4cff000 rw-p 000af000 fc:00 34868140                   /home/henriqueramos_qs/meta-learning-concept-drift/.venv/lib/python3.12/site-packages/scipy/sparse/linalg/_dsolve/_superlu.cpython-312-x86_64-linux-gnu.so
7605d4cff000-7605d4dff000 rw-p 00000000 00:00 0 
7605d4dff000-7605d4e00000 ---p 00000000 00:00 0 
7605d4e00000-7605d5600000 rw-p 00000000 00:00 0 
7605d5600000-7605d7600000 rw-p 00000000 00:00 0 
7605d7603000-7605d7605000 r--p 00000000 fc:00 35399859                   /home/henriqueramos_qs/meta-learning-concept-drift/.venv/lib/python3.12/site-packages/sklearn/ensemble/_hist_gradient_boosting/common.cpython-312-x86_64-linux-gnu.so
7605d7605000-7605d760a000 r-xp 00002000 fc:00 35399859                   /home/henriqueramos_qs/meta-learning-concept-drift/.venv/lib/python3.12/site-packages/sklearn/ensemble/_hist_gradient_boosting/common.cpython-312-x86_64-linux-gnu.so
7605d760a000-7605d760b000 r--p 00007000 fc:00 35399859                   /home/henriqueramos_qs/meta-learning-concept-drift/.venv/lib/python3.12/site-packages/sklearn/ensemble/_hist_gradient_boosting/common.cpython-312-x86_64-linux-gnu.so
7605d760b000-7605d760c000 r--p 00007000 fc:00 35399859                   /home/henriqueramos_qs/meta-learning-concept-drift/.venv/lib/python3.12/site-packages/sklearn/ensemble/_hist_gradient_boosting/common.cpython-312-x86_64-linux-gnu.so
7605d760c000-7605d760d000 rw-p 00008000 fc:00 35399859                   /home/henriqueramos_qs/meta-learning-concept-drift/.venv/lib/python3.12/site-packages/sklearn/ensemble/_hist_gradient_boosting/common.cpython-312-x86_64-linux-gnu.so
7605d760d000-7605d760e000 r--p 00000000 fc:00 34868278                   /home/henriqueramos_qs/meta-learning-concept-drift/.venv/lib/python3.12/site-packages/scipy/optimize/_direct.cpython-312-x86_64-linux-gnu.so
7605d760e000-7605d7614000 r-xp 00001000 fc:00 34868278                   /home/henriqueramos_qs/meta-learning-concept-drift/.venv/lib/python3.12/site-packages/scipy/optimize/_direct.cpython-312-x86_64-linux-gnu.so
7605d7614000-7605d7616000 r--p 00007000 fc:00 34868278                   /home/henriqueramos_qs/meta-learning-concept-drift/.venv/lib/python3.12/site-packages/scipy/optimize/_direct.cpython-312-x86_64-linux-gnu.so
7605d7616000-7605d7617000 r--p 00008000 fc:00 34868278                   /home/henriqueramos_qs/meta-learning-concept-drift/.venv/lib/python3.12/site-packages/scipy/optimize/_direct.cpython-312-x86_64-linux-gnu.so
7605d7617000-7605d7618000 rw-p 00009000 fc:00 34868278                   /home/henriqueramos_qs/meta-learning-concept-drift/.venv/lib/python3.12/site-packages/scipy/optimize/_direct.cpython-312-x86_64-linux-gnu.so
7605d7618000-7605d761d000 r--p 00000000 fc:00 34868111                   /home/henriqueramos_qs/meta-learning-concept-drift/.venv/lib/python3.12/site-packages/scipy/sparse/csgraph/_flow.cpython-312-x86_64-linux-gnu.so
7605d761d000-7605d7652000 r-xp 00005000 fc:00 34868111                   /home/henriqueramos_qs/meta-learning-concept-drift/.venv/lib/python3.12/site-packages/scipy/sparse/csgraph/_flow.cpython-312-x86_64-linux-gnu.so
7605d7652000-7605d765e000 r--p 0003a000 fc:00 34868111                   /home/henriqueramos_qs/meta-learning-concept-drift/.venv/lib/python3.12/site-packages/scipy/sparse/csgraph/_flow.cpython-312-x86_64-linux-gnu.so
7605d765e000-7605d765f000 r--p 00045000 fc:00 34868111                   /home/henriqueramos_qs/meta-learning-concept-drift/.venv/lib/python3.12/site-packages/scipy/sparse/csgraph/_flow.cpython-312-x86_64-linux-gnu.so
7605d765f000-7605d7661000 rw-p 00046000 fc:00 34868111                   /home/henriqueramos_qs/meta-learning-concept-drift/.venv/lib/python3.12/site-packages/scipy/sparse/csgraph/_flow.cpython-312-x86_64-linux-gnu.so
7605d7661000-7605d7662000 rw-p 00000000 00:00 0 
7605d7662000-7605d7666000 r--p 00000000 fc:00 34868756                   /home/henriqueramos_qs/meta-learning-concept-drift/.venv/lib/python3.12/site-packages/scipy/linalg/_decomp_update.cpython-312-x86_64-linux-gnu.so
7605d7666000-7605d76a5000 r-xp 00004000 fc:00 34868756                   /home/henriqueramos_qs/meta-learning-concept-drift/.venv/lib/python3.12/site-packages/scipy/linalg/_decomp_update.cpython-312-x86_64-linux-gnu.so
7605d76a5000-7605d76b5000 r--p 00043000 fc:00 34868756                   /home/henriqueramos_qs/meta-learning-concept-drift/.venv/lib/python3.12/site-packages/scipy/linalg/_decomp_update.cpython-312-x86_64-linux-gnu.so
7605d76b5000-7605d76b6000 r--p 00052000 fc:00 34868756                   /home/henriqueramos_qs/meta-learning-concept-drift/.venv/lib/python3.12/site-packages/scipy/linalg/_decomp_update.cpython-312-x86_64-linux-gnu.so
7605d76b6000-7605d76b7000 rw-p 00053000 fc:00 34868756                   /home/henriqueramos_qs/meta-learning-concept-drift/.venv/lib/python3.12/site-packages/scipy/linalg/_decomp_update.cpython-312-x86_64-linux-gnu.so
7605d76b7000-7605d76b8000 rw-p 00000000 00:00 0 
7605d76b8000-7605d76c0000 r--p 00000000 fc:00 35393377                   /home/henriqueramos_qs/meta-learning-concept-drift/.venv/lib/python3.12/site-packages/pandas/_libs/join.cpython-312-x86_64-linux-gnu.so
7605d76c0000-7605d77e8000 r-xp 00008000 fc:00 35393377                   /home/henriqueramos_qs/meta-learning-concept-drift/.venv/lib/python3.12/site-packages/pandas/_libs/join.cpython-312-x86_64-linux-gnu.so
7605d77e8000-7605d77f8000 r--p 00130000 fc:00 35393377                   /home/henriqueramos_qs/meta-learning-concept-drift/.venv/lib/python3.12/site-packages/pandas/_libs/join.cpython-312-x86_64-linux-gnu.so
7605d77f8000-7605d77f9000 ---p 00140000 fc:00 35393377                   /home/henriqueramos_qs/meta-learning-concept-drift/.venv/lib/python3.12/site-packages/pandas/_libs/join.cpython-312-x86_64-linux-gnu.so
7605d77f9000-7605d77fb000 r--p 00140000 fc:00 35393377                   /home/henriqueramos_qs/meta-learning-concept-drift/.venv/lib/python3.12/site-packages/pandas/_libs/join.cpython-312-x86_64-linux-gnu.so
7605d77fb000-7605d77fe000 rw-p 00142000 fc:00 35393377                   /home/henriqueramos_qs/meta-learning-concept-drift/.venv/lib/python3.12/site-packages/pandas/_libs/join.cpython-312-x86_64-linux-gnu.so
7605d77fe000-7605d77ff000 rw-p 00000000 00:00 0 
7605d77ff000-7605d7800000 ---p 00000000 00:00 0 
7605d7800000-7605d8000000 rw-p 00000000 00:00 0 
7605d8000000-7605da000000 rw-p 00000000 00:00 0 
7605da006000-7605da00b000 r--p 00000000 fc:00 34868108                   /home/henriqueramos_qs/meta-learning-concept-drift/.venv/lib/python3.12/site-packages/scipy/sparse/csgraph/_min_spanning_tree.cpython-312-x86_64-linux-gnu.so
7605da00b000-7605da032000 r-xp 00005000 fc:00 34868108                   /home/henriqueramos_qs/meta-learning-concept-drift/.venv/lib/python3.12/site-packages/scipy/sparse/csgraph/_min_spanning_tree.cpython-312-x86_64-linux-gnu.so
7605da032000-7605da03b000 r--p 0002c000 fc:00 34868108                   /home/henriqueramos_qs/meta-learning-concept-drift/.venv/lib/python3.12/site-packages/scipy/sparse/csgraph/_min_spanning_tree.cpython-312-x86_64-linux-gnu.so
7605da03b000-7605da03c000 r--p 00034000 fc:00 34868108                   /home/henriqueramos_qs/meta-learning-concept-drift/.venv/lib/python3.12/site-packages/scipy/sparse/csgraph/_min_spanning_tree.cpython-312-x86_64-linux-gnu.so
7605da03c000-7605da03e000 rw-p 00035000 fc:00 34868108                   /home/henriqueramos_qs/meta-learning-concept-drift/.venv/lib/python3.12/site-packages/scipy/sparse/csgraph/_min_spanning_tree.cpython-312-x86_64-linux-gnu.so
7605da03e000-7605da03f000 rw-p 00000000 00:00 0 
7605da03f000-7605da046000 r--p 00000000 fc:00 34868742                   /home/henriqueramos_qs/meta-learning-concept-drift/.venv/lib/python3.12/site-packages/scipy/linalg/cython_blas.cpython-312-x86_64-linux-gnu.so
7605da046000-7605da072000 r-xp 00007000 fc:00 34868742                   /home/henriqueramos_qs/meta-learning-concept-drift/.venv/lib/python3.12/site-packages/scipy/linalg/cython_blas.cpython-312-x86_64-linux-gnu.so
7605da072000-7605da080000 r--p 00033000 fc:00 34868742                   /home/henriqueramos_qs/meta-learning-concept-drift/.venv/lib/python3.12/site-packages/scipy/linalg/cython_blas.cpython-312-x86_64-linux-gnu.so
7605da080000-7605da081000 ---p 00041000 fc:00 34868742                   /home/henriqueramos_qs/meta-learning-concept-drift/.venv/lib/python3.12/site-packages/scipy/linalg/cython_blas.cpython-312-x86_64-linux-gnu.so
7605da081000-7605da082000 r--p 00041000 fc:00 34868742                   /home/henriqueramos_qs/meta-learning-concept-drift/.venv/lib/python3.12/site-packages/scipy/linalg/cython_blas.cpython-312-x86_64-linux-gnu.so
7605da082000-7605da085000 rw-p 00042000 fc:00 34868742                   /home/henriqueramos_qs/meta-learning-concept-drift/.venv/lib/python3.12/site-packages/scipy/linalg/cython_blas.cpython-312-x86_64-linux-gnu.so
7605da085000-7605da08b000 rw-p 00051000 fc:00 34868742                   /home/henriqueramos_qs/meta-learning-concept-drift/.venv/lib/python3.12/site-packages/scipy/linalg/cython_blas.cpython-312-x86_64-linux-gnu.so
7605da08b000-7605da090000 r--p 00000000 fc:00 34868779                   /home/henriqueramos_qs/meta-learning-concept-drift/.venv/lib/python3.12/site-packages/scipy/linalg/_matfuncs_expm.cpython-312-x86_64-linux-gnu.so
7605da090000-7605da0ef000 r-xp 00005000 fc:00 34868779                   /home/henriqueramos_qs/meta-learning-concept-drift/.venv/lib/python3.12/site-packages/scipy/linalg/_matfuncs_expm.cpython-312-x86_64-linux-gnu.so
7605da0ef000-7605da0fa000 r--p 00064000 fc:00 34868779                   /home/henriqueramos_qs/meta-learning-concept-drift/.venv/lib/python3.12/site-packages/scipy/linalg/_matfuncs_expm.cpython-312-x86_64-linux-gnu.so
7605da0fa000-7605da0fb000 ---p 0006f000 fc:00 34868779                   /home/henriqueramos_qs/meta-learning-concept-drift/.venv/lib/python3.12/site-packages/scipy/linalg/_matfuncs_expm.cpython-312-x86_64-linux-gnu.so
7605da0fb000-7605da0fc000 r--p 0006f000 fc:00 34868779                   /home/henriqueramos_qs/meta-learning-concept-drift/.venv/lib/python3.12/site-packages/scipy/linalg/_matfuncs_expm.cpython-312-x86_64-linux-gnu.so
7605da0fc000-7605da0fe000 rw-p 00070000 fc:00 34868779                   /home/henriqueramos_qs/meta-learning-concept-drift/.venv/lib/python3.12/site-packages/scipy/linalg/_matfuncs_expm.cpython-312-x86_64-linux-gnu.so
7605da0fe000-7605da1ff000 rw-p 00000000 00:00 0 
7605da1ff000-7605da200000 ---p 00000000 00:00 0 
7605da200000-7605daa00000 rw-p 00000000 00:00 0 
7605daa00000-7605dca00000 rw-p 00000000 00:00 0 
7605dca02000-7605dca04000 r--p 00000000 fc:00 34868255                   /home/henriqueramos_qs/meta-learning-concept-drift/.venv/lib/python3.12/site-packages/scipy/optimize/_minpack.cpython-312-x86_64-linux-gnu.so
7605dca04000-7605dca11000 r-xp 00002000 fc:00 34868255                   /home/henriqueramos_qs/meta-learning-concept-drift/.venv/lib/python3.12/site-packages/scipy/optimize/_minpack.cpython-312-x86_64-linux-gnu.so
7605dca11000-7605dca13000 r--p 0000f000 fc:00 34868255                   /home/henriqueramos_qs/meta-learning-concept-drift/.venv/lib/python3.12/site-packages/scipy/optimize/_minpack.cpython-312-x86_64-linux-gnu.so
7605dca13000-7605dca14000 r--p 00010000 fc:00 34868255                   /home/henriqueramos_qs/meta-learning-concept-drift/.venv/lib/python3.12/site-packages/scipy/optimize/_minpack.cpython-312-x86_64-linux-gnu.so
7605dca14000-7605dca15000 rw-p 00011000 fc:00 34868255                   /home/henriqueramos_qs/meta-learning-concept-drift/.venv/lib/python3.12/site-packages/scipy/optimize/_minpack.cpython-312-x86_64-linux-gnu.so
7605dca15000-7605dca1a000 r--p 00000000 fc:00 34868777                   /home/henriqueramos_qs/meta-learning-concept-drift/.venv/lib/python3.12/site-packages/scipy/linalg/_matfuncs_sqrtm_triu.cpython-312-x86_64-linux-gnu.so
7605dca1a000-7605dca46000 r-xp 00005000 fc:00 34868777                   /home/henriqueramos_qs/meta-learning-concept-drift/.venv/lib/python3.12/site-packages/scipy/linalg/_matfuncs_sqrtm_triu.cpython-312-x86_64-linux-gnu.so
7605dca46000-7605dca4e000 r--p 00031000 fc:00 34868777                   /home/henriqueramos_qs/meta-learning-concept-drift/.venv/lib/python3.12/site-packages/scipy/linalg/_matfuncs_sqrtm_triu.cpython-312-x86_64-linux-gnu.so
7605dca4e000-7605dca4f000 r--p 00038000 fc:00 34868777                   /home/henriqueramos_qs/meta-learning-concept-drift/.venv/lib/python3.12/site-packages/scipy/linalg/_matfuncs_sqrtm_triu.cpython-312-x86_64-linux-gnu.so
7605dca4f000-7605dca51000 rw-p 00039000 fc:00 34868777                   /home/henriqueramos_qs/meta-learning-concept-drift/.venv/lib/python3.12/site-packages/scipy/linalg/_matfuncs_sqrtm_triu.cpython-312-x86_64-linux-gnu.so
7605dca51000-7605dca52000 rw-p 00000000 00:00 0 
7605dca52000-7605dca6c000 r--p 00000000 fc:00 34868785                   /home/henriqueramos_qs/meta-learning-concept-drift/.venv/lib/python3.12/site-packages/scipy/linalg/cython_lapack.cpython-312-x86_64-linux-gnu.so
7605dca6c000-7605dca8b000 r-xp 0001a000 fc:00 34868785                   /home/henriqueramos_qs/meta-learning-concept-drift/.venv/lib/python3.12/site-packages/scipy/linalg/cython_lapack.cpython-312-x86_64-linux-gnu.so
7605dca8b000-7605dcae3000 r--p 00039000 fc:00 34868785                   /home/henriqueramos_qs/meta-learning-concept-drift/.venv/lib/python3.12/site-packages/scipy/linalg/cython_lapack.cpython-312-x86_64-linux-gnu.so
7605dcae3000-7605dcae4000 ---p 00091000 fc:00 34868785                   /home/henriqueramos_qs/meta-learning-concept-drift/.venv/lib/python3.12/site-packages/scipy/linalg/cython_lapack.cpython-312-x86_64-linux-gnu.so
7605dcae4000-7605dcae5000 r--p 00091000 fc:00 34868785                   /home/henriqueramos_qs/meta-learning-concept-drift/.venv/lib/python3.12/site-packages/scipy/linalg/cython_lapack.cpython-312-x86_64-linux-gnu.so
7605dcae5000-7605dcae9000 rw-p 00092000 fc:00 34868785                   /home/henriqueramos_qs/meta-learning-concept-drift/.venv/lib/python3.12/site-packages/scipy/linalg/cython_lapack.cpython-312-x86_64-linux-gnu.so
7605dcae9000-7605dcaff000 rw-p 000c1000 fc:00 34868785                   /home/henriqueramos_qs/meta-learning-concept-drift/.venv/lib/python3.12/site-packages/scipy/linalg/cython_lapack.cpython-312-x86_64-linux-gnu.so
7605dcaff000-7605dcbff000 rw-p 00000000 00:00 0 
7605dcbff000-7605dcc00000 ---p 00000000 00:00 0 
7605dcc00000-7605dd400000 rw-p 00000000 00:00 0 
7605dd400000-7605df400000 rw-p 00000000 00:00 0 
7605df404000-7605df408000 r--p 00000000 fc:00 34868532                   /home/henriqueramos_qs/meta-learning-concept-drift/.venv/lib/python3.12/site-packages/scipy/special/_specfun.cpython-312-x86_64-linux-gnu.so
7605df408000-7605df430000 r-xp 00004000 fc:00 34868532                   /home/henriqueramos_qs/meta-learning-concept-drift/.venv/lib/python3.12/site-packages/scipy/special/_specfun.cpython-312-x86_64-linux-gnu.so
7605df430000-7605df435000 r--p 0002c000 fc:00 34868532                   /home/henriqueramos_qs/meta-learning-concept-drift/.venv/lib/python3.12/site-packages/scipy/special/_specfun.cpython-312-x86_64-linux-gnu.so
7605df435000-7605df436000 r--p 00030000 fc:00 34868532                   /home/henriqueramos_qs/meta-learning-concept-drift/.venv/lib/python3.12/site-packages/scipy/special/_specfun.cpython-312-x86_64-linux-gnu.so
7605df436000-7605df437000 rw-p 00031000 fc:00 34868532                   /home/henriqueramos_qs/meta-learning-concept-drift/.venv/lib/python3.12/site-packages/scipy/special/_specfun.cpython-312-x86_64-linux-gnu.so
7605df437000-7605df438000 rw-p 00000000 00:00 0 
7605df438000-7605df43d000 r--p 00000000 fc:00 34868787                   /home/henriqueramos_qs/meta-learning-concept-drift/.venv/lib/python3.12/site-packages/scipy/linalg/_decomp_lu_cython.cpython-312-x86_64-linux-gnu.so
7605df43d000-7605df469000 r-xp 00005000 fc:00 34868787                   /home/henriqueramos_qs/meta-learning-concept-drift/.venv/lib/python3.12/site-packages/scipy/linalg/_decomp_lu_cython.cpython-312-x86_64-linux-gnu.so
7605df469000-7605df471000 r--p 00031000 fc:00 34868787                   /home/henriqueramos_qs/meta-learning-concept-drift/.venv/lib/python3.12/site-packages/scipy/linalg/_decomp_lu_cython.cpython-312-x86_64-linux-gnu.so
7605df471000-7605df472000 r--p 00038000 fc:00 34868787                   /home/henriqueramos_qs/meta-learning-concept-drift/.venv/lib/python3.12/site-packages/scipy/linalg/_decomp_lu_cython.cpython-312-x86_64-linux-gnu.so
7605df472000-7605df474000 rw-p 00039000 fc:00 34868787                   /home/henriqueramos_qs/meta-learning-concept-drift/.venv/lib/python3.12/site-packages/scipy/linalg/_decomp_lu_cython.cpython-312-x86_64-linux-gnu.so
7605df474000-7605df475000 rw-p 00000000 00:00 0 
7605df475000-7605df47b000 r--p 00000000 fc:00 34868774                   /home/henriqueramos_qs/meta-learning-concept-drift/.venv/lib/python3.12/site-packages/scipy/linalg/_cythonized_array_utils.cpython-312-x86_64-linux-gnu.so
7605df47b000-7605df4eb000 r-xp 00006000 fc:00 34868774                   /home/henriqueramos_qs/meta-learning-concept-drift/.venv/lib/python3.12/site-packages/scipy/linalg/_cythonized_array_utils.cpython-312-x86_64-linux-gnu.so
7605df4eb000-7605df4fa000 r--p 00076000 fc:00 34868774                   /home/henriqueramos_qs/meta-learning-concept-drift/.venv/lib/python3.12/site-packages/scipy/linalg/_cythonized_array_utils.cpython-312-x86_64-linux-gnu.so
7605df4fa000-7605df4fb000 r--p 00084000 fc:00 34868774                   /home/henriqueramos_qs/meta-learning-concept-drift/.venv/lib/python3.12/site-packages/scipy/linalg/_cythonized_array_utils.cpython-312-x86_64-linux-gnu.so
7605df4fb000-7605df4fe000 rw-p 00085000 fc:00 34868774                   /home/henriqueramos_qs/meta-learning-concept-drift/.venv/lib/python3.12/site-packages/scipy/linalg/_cythonized_array_utils.cpython-312-x86_64-linux-gnu.so
7605df4fe000-7605df5ff000 rw-p 00000000 00:00 0 
7605df5ff000-7605df600000 ---p 00000000 00:00 0 
7605df600000-7605dfe00000 rw-p 00000000 00:00 0 
7605dfe00000-7605e1e00000 rw-p 00000000 00:00 0 
7605e1e01000-7605e1e03000 r--p 00000000 08:05 8922084                    /usr/lib/jvm/java-21-openjdk-amd64/lib/libjimage.so
7605e1e03000-7605e1e06000 r-xp 00002000 08:05 8922084                    /usr/lib/jvm/java-21-openjdk-amd64/lib/libjimage.so
7605e1e06000-7605e1e07000 r--p 00005000 08:05 8922084                    /usr/lib/jvm/java-21-openjdk-amd64/lib/libjimage.so
7605e1e07000-7605e1e08000 r--p 00006000 08:05 8922084                    /usr/lib/jvm/java-21-openjdk-amd64/lib/libjimage.so
7605e1e08000-7605e1e09000 rw-p 00007000 08:05 8922084                    /usr/lib/jvm/java-21-openjdk-amd64/lib/libjimage.so
7605e1e09000-7605e1e0b000 r--p 00000000 fc:00 34868213                   /home/henriqueramos_qs/meta-learning-concept-drift/.venv/lib/python3.12/site-packages/scipy/optimize/_cobyla.cpython-312-x86_64-linux-gnu.so
7605e1e0b000-7605e1e19000 r-xp 00002000 fc:00 34868213                   /home/henriqueramos_qs/meta-learning-concept-drift/.venv/lib/python3.12/site-packages/scipy/optimize/_cobyla.cpython-312-x86_64-linux-gnu.so
7605e1e19000-7605e1e1c000 r--p 00010000 fc:00 34868213                   /home/henriqueramos_qs/meta-learning-concept-drift/.venv/lib/python3.12/site-packages/scipy/optimize/_cobyla.cpython-312-x86_64-linux-gnu.so
7605e1e1c000-7605e1e1d000 r--p 00012000 fc:00 34868213                   /home/henriqueramos_qs/meta-learning-concept-drift/.venv/lib/python3.12/site-packages/scipy/optimize/_cobyla.cpython-312-x86_64-linux-gnu.so
7605e1e1d000-7605e1e1e000 rw-p 00013000 fc:00 34868213                   /home/henriqueramos_qs/meta-learning-concept-drift/.venv/lib/python3.12/site-packages/scipy/optimize/_cobyla.cpython-312-x86_64-linux-gnu.so
7605e1e1e000-7605e1e20000 rw-p 00017000 fc:00 34868213                   /home/henriqueramos_qs/meta-learning-concept-drift/.venv/lib/python3.12/site-packages/scipy/optimize/_cobyla.cpython-312-x86_64-linux-gnu.so
7605e1e20000-7605e1e47000 r--p 00000000 fc:00 34868778                   /home/henriqueramos_qs/meta-learning-concept-drift/.venv/lib/python3.12/site-packages/scipy/linalg/_fblas.cpython-312-x86_64-linux-gnu.so
7605e1e47000-7605e1e90000 r-xp 00027000 fc:00 34868778                   /home/henriqueramos_qs/meta-learning-concept-drift/.venv/lib/python3.12/site-packages/scipy/linalg/_fblas.cpython-312-x86_64-linux-gnu.so
7605e1e90000-7605e1ebd000 r--p 00070000 fc:00 34868778                   /home/henriqueramos_qs/meta-learning-concept-drift/.venv/lib/python3.12/site-packages/scipy/linalg/_fblas.cpython-312-x86_64-linux-gnu.so
7605e1ebd000-7605e1ebe000 r--p 0009c000 fc:00 34868778                   /home/henriqueramos_qs/meta-learning-concept-drift/.venv/lib/python3.12/site-packages/scipy/linalg/_fblas.cpython-312-x86_64-linux-gnu.so
7605e1ebe000-7605e1ee7000 rw-p 0009d000 fc:00 34868778                   /home/henriqueramos_qs/meta-learning-concept-drift/.venv/lib/python3.12/site-packages/scipy/linalg/_fblas.cpython-312-x86_64-linux-gnu.so
7605e1ee7000-7605e1eff000 rw-p 000e6000 fc:00 34868778                   /home/henriqueramos_qs/meta-learning-concept-drift/.venv/lib/python3.12/site-packages/scipy/linalg/_fblas.cpython-312-x86_64-linux-gnu.so
7605e1eff000-7605e1fff000 rw-p 00000000 00:00 0 
7605e1fff000-7605e2000000 ---p 00000000 00:00 0 
7605e2000000-7605e2800000 rw-p 00000000 00:00 0 
7605e2800000-7605e6800000 rw-p 00000000 00:00 0 
7605e6800000-7605e6801000 r--p 00000000 fc:00 35414505                   /home/henriqueramos_qs/meta-learning-concept-drift/.venv/lib/python3.12/site-packages/torch/_C.cpython-312-x86_64-linux-gnu.so
7605e6801000-7605e6802000 r-xp 00001000 fc:00 35414505                   /home/henriqueramos_qs/meta-learning-concept-drift/.venv/lib/python3.12/site-packages/torch/_C.cpython-312-x86_64-linux-gnu.so
7605e6802000-7605e6803000 r--p 00002000 fc:00 35414505                   /home/henriqueramos_qs/meta-learning-concept-drift/.venv/lib/python3.12/site-packages/torch/_C.cpython-312-x86_64-linux-gnu.so
7605e6803000-7605e6804000 r--p 00002000 fc:00 35414505                   /home/henriqueramos_qs/meta-learning-concept-drift/.venv/lib/python3.12/site-packages/torch/_C.cpython-312-x86_64-linux-gnu.so
7605e6804000-7605e6805000 rw-p 00003000 fc:00 35414505                   /home/henriqueramos_qs/meta-learning-concept-drift/.venv/lib/python3.12/site-packages/torch/_C.cpython-312-x86_64-linux-gnu.so
7605e6805000-7605e6806000 rw-p 00006000 fc:00 35414505                   /home/henriqueramos_qs/meta-learning-concept-drift/.venv/lib/python3.12/site-packages/torch/_C.cpython-312-x86_64-linux-gnu.so
7605e6806000-7605e680b000 r--p 00000000 fc:00 34868746                   /home/henriqueramos_qs/meta-learning-concept-drift/.venv/lib/python3.12/site-packages/scipy/linalg/_solve_toeplitz.cpython-312-x86_64-linux-gnu.so
7605e680b000-7605e683b000 r-xp 00005000 fc:00 34868746                   /home/henriqueramos_qs/meta-learning-concept-drift/.venv/lib/python3.12/site-packages/scipy/linalg/_solve_toeplitz.cpython-312-x86_64-linux-gnu.so
7605e683b000-7605e6843000 r--p 00035000 fc:00 34868746                   /home/henriqueramos_qs/meta-learning-concept-drift/.venv/lib/python3.12/site-packages/scipy/linalg/_solve_toeplitz.cpython-312-x86_64-linux-gnu.so
7605e6843000-7605e6844000 ---p 0003d000 fc:00 34868746                   /home/henriqueramos_qs/meta-learning-concept-drift/.venv/lib/python3.12/site-packages/scipy/linalg/_solve_toeplitz.cpython-312-x86_64-linux-gnu.so
7605e6844000-7605e6845000 r--p 0003d000 fc:00 34868746                   /home/henriqueramos_qs/meta-learning-concept-drift/.venv/lib/python3.12/site-packages/scipy/linalg/_solve_toeplitz.cpython-312-x86_64-linux-gnu.so
7605e6845000-7605e6847000 rw-p 0003e000 fc:00 34868746                   /home/henriqueramos_qs/meta-learning-concept-drift/.venv/lib/python3.12/site-packages/scipy/linalg/_solve_toeplitz.cpython-312-x86_64-linux-gnu.so
7605e6847000-7605e6848000 rw-p 00000000 00:00 0 
7605e6848000-7605e684e000 r--p 00000000 fc:00 34868061                   /home/henriqueramos_qs/meta-learning-concept-drift/.venv/lib/python3.12/site-packages/scipy/sparse/_csparsetools.cpython-312-x86_64-linux-gnu.so
7605e684e000-7605e68ea000 r-xp 00006000 fc:00 34868061                   /home/henriqueramos_qs/meta-learning-concept-drift/.venv/lib/python3.12/site-packages/scipy/sparse/_csparsetools.cpython-312-x86_64-linux-gnu.so
7605e68ea000-7605e68f9000 r--p 000a2000 fc:00 34868061                   /home/henriqueramos_qs/meta-learning-concept-drift/.venv/lib/python3.12/site-packages/scipy/sparse/_csparsetools.cpython-312-x86_64-linux-gnu.so
7605e68f9000-7605e68fa000 r--p 000b0000 fc:00 34868061                   /home/henriqueramos_qs/meta-learning-concept-drift/.venv/lib/python3.12/site-packages/scipy/sparse/_csparsetools.cpython-312-x86_64-linux-gnu.so
7605e68fa000-7605e68fd000 rw-p 000b1000 fc:00 34868061                   /home/henriqueramos_qs/meta-learning-concept-drift/.venv/lib/python3.12/site-packages/scipy/sparse/_csparsetools.cpython-312-x86_64-linux-gnu.so
7605e68fd000-7605e69fe000 rw-p 00000000 00:00 0 
7605e69fe000-7605e69ff000 ---p 00000000 00:00 0 
7605e69ff000-7605e71ff000 rw-p 00000000 00:00 0 
7605e71ff000-7605e7200000 ---p 00000000 00:00 0 
7605e7200000-7605e7a00000 rw-p 00000000 00:00 0 
7605e7a00000-7605e9a00000 rw-p 00000000 00:00 0 
7605e9a01000-7605e9a03000 r--p 00000000 fc:00 34868256                   /home/henriqueramos_qs/meta-learning-concept-drift/.venv/lib/python3.12/site-packages/scipy/optimize/_slsqp.cpython-312-x86_64-linux-gnu.so
7605e9a03000-7605e9a10000 r-xp 00002000 fc:00 34868256                   /home/henriqueramos_qs/meta-learning-concept-drift/.venv/lib/python3.12/site-packages/scipy/optimize/_slsqp.cpython-312-x86_64-linux-gnu.so
7605e9a10000-7605e9a13000 r--p 0000f000 fc:00 34868256                   /home/henriqueramos_qs/meta-learning-concept-drift/.venv/lib/python3.12/site-packages/scipy/optimize/_slsqp.cpython-312-x86_64-linux-gnu.so
7605e9a13000-7605e9a14000 r--p 00011000 fc:00 34868256                   /home/henriqueramos_qs/meta-learning-concept-drift/.venv/lib/python3.12/site-packages/scipy/optimize/_slsqp.cpython-312-x86_64-linux-gnu.so
7605e9a14000-7605e9a15000 rw-p 00012000 fc:00 34868256                   /home/henriqueramos_qs/meta-learning-concept-drift/.venv/lib/python3.12/site-packages/scipy/optimize/_slsqp.cpython-312-x86_64-linux-gnu.so
7605e9a15000-7605e9a1f000 r--p 00000000 fc:00 34866703                   /home/henriqueramos_qs/meta-learning-concept-drift/.venv/lib/python3.12/site-packages/numpy/fft/_pocketfft_umath.cpython-312-x86_64-linux-gnu.so
7605e9a1f000-7605e9a9b000 r-xp 0000a000 fc:00 34866703                   /home/henriqueramos_qs/meta-learning-concept-drift/.venv/lib/python3.12/site-packages/numpy/fft/_pocketfft_umath.cpython-312-x86_64-linux-gnu.so
7605e9a9b000-7605e9aa4000 r--p 00086000 fc:00 34866703                   /home/henriqueramos_qs/meta-learning-concept-drift/.venv/lib/python3.12/site-packages/numpy/fft/_pocketfft_umath.cpython-312-x86_64-linux-gnu.so
7605e9aa4000-7605e9aa5000 r--p 0008e000 fc:00 34866703                   /home/henriqueramos_qs/meta-learning-concept-drift/.venv/lib/python3.12/site-packages/numpy/fft/_pocketfft_umath.cpython-312-x86_64-linux-gnu.so
7605e9aa5000-7605e9aa6000 rw-p 0008f000 fc:00 34866703                   /home/henriqueramos_qs/meta-learning-concept-drift/.venv/lib/python3.12/site-packages/numpy/fft/_pocketfft_umath.cpython-312-x86_64-linux-gnu.so
7605e9aa6000-7605e9ab3000 r--p 00000000 fc:00 34867981                   /home/henriqueramos_qs/meta-learning-concept-drift/.venv/lib/python3.12/site-packages/charset_normalizer/md__mypyc.cpython-312-x86_64-linux-gnu.so
7605e9ab3000-7605e9ad2000 r-xp 0000d000 fc:00 34867981                   /home/henriqueramos_qs/meta-learning-concept-drift/.venv/lib/python3.12/site-packages/charset_normalizer/md__mypyc.cpython-312-x86_64-linux-gnu.so
7605e9ad2000-7605e9adb000 r--p 0002c000 fc:00 34867981                   /home/henriqueramos_qs/meta-learning-concept-drift/.venv/lib/python3.12/site-packages/charset_normalizer/md__mypyc.cpython-312-x86_64-linux-gnu.so
7605e9adb000-7605e9adc000 ---p 00035000 fc:00 34867981                   /home/henriqueramos_qs/meta-learning-concept-drift/.venv/lib/python3.12/site-packages/charset_normalizer/md__mypyc.cpython-312-x86_64-linux-gnu.so
7605e9adc000-7605e9add000 r--p 00035000 fc:00 34867981                   /home/henriqueramos_qs/meta-learning-concept-drift/.venv/lib/python3.12/site-packages/charset_normalizer/md__mypyc.cpython-312-x86_64-linux-gnu.so
7605e9add000-7605e9ae1000 rw-p 00036000 fc:00 34867981                   /home/henriqueramos_qs/meta-learning-concept-drift/.venv/lib/python3.12/site-packages/charset_normalizer/md__mypyc.cpython-312-x86_64-linux-gnu.so
7605e9ae1000-7605e9ae2000 rw-p 00000000 00:00 0 
7605e9ae2000-7605e9b16000 r--p 00000000 fc:00 35401576                   /home/henriqueramos_qs/meta-learning-concept-drift/.venv/lib/python3.12/site-packages/pyarrow/_compute.cpython-312-x86_64-linux-gnu.so
7605e9b16000-7605e9bb3000 r-xp 00034000 fc:00 35401576                   /home/henriqueramos_qs/meta-learning-concept-drift/.venv/lib/python3.12/site-packages/pyarrow/_compute.cpython-312-x86_64-linux-gnu.so
7605e9bb3000-7605e9be8000 r--p 000d1000 fc:00 35401576                   /home/henriqueramos_qs/meta-learning-concept-drift/.venv/lib/python3.12/site-packages/pyarrow/_compute.cpython-312-x86_64-linux-gnu.so
7605e9be8000-7605e9bee000 r--p 00105000 fc:00 35401576                   /home/henriqueramos_qs/meta-learning-concept-drift/.venv/lib/python3.12/site-packages/pyarrow/_compute.cpython-312-x86_64-linux-gnu.so
7605e9bee000-7605e9bfb000 rw-p 0010b000 fc:00 35401576                   /home/henriqueramos_qs/meta-learning-concept-drift/.venv/lib/python3.12/site-packages/pyarrow/_compute.cpython-312-x86_64-linux-gnu.so
7605e9bfb000-7605e9bff000 rw-p 00000000 00:00 0 
7605e9bff000-7605e9c00000 ---p 00000000 00:00 0 
7605e9c00000-7605ea400000 rw-p 00000000 00:00 0 
7605ea400000-7605ec400000 rw-p 00000000 00:00 0 
7605ec405000-7605ec408000 r--p 00000000 fc:00 34868252                   /home/henriqueramos_qs/meta-learning-concept-drift/.venv/lib/python3.12/site-packages/scipy/optimize/_moduleTNC.cpython-312-x86_64-linux-gnu.so
7605ec408000-7605ec422000 r-xp 00003000 fc:00 34868252                   /home/henriqueramos_qs/meta-learning-concept-drift/.venv/lib/python3.12/site-packages/scipy/optimize/_moduleTNC.cpython-312-x86_64-linux-gnu.so
7605ec422000-7605ec426000 r--p 0001d000 fc:00 34868252                   /home/henriqueramos_qs/meta-learning-concept-drift/.venv/lib/python3.12/site-packages/scipy/optimize/_moduleTNC.cpython-312-x86_64-linux-gnu.so
7605ec426000-7605ec427000 r--p 00020000 fc:00 34868252                   /home/henriqueramos_qs/meta-learning-concept-drift/.venv/lib/python3.12/site-packages/scipy/optimize/_moduleTNC.cpython-312-x86_64-linux-gnu.so
7605ec427000-7605ec428000 rw-p 00021000 fc:00 34868252                   /home/henriqueramos_qs/meta-learning-concept-drift/.venv/lib/python3.12/site-packages/scipy/optimize/_moduleTNC.cpython-312-x86_64-linux-gnu.so
7605ec428000-7605ec432000 r--p 00000000 fc:00 35393391                   /home/henriqueramos_qs/meta-learning-concept-drift/.venv/lib/python3.12/site-packages/pandas/_libs/parsers.cpython-312-x86_64-linux-gnu.so
7605ec432000-7605ec499000 r-xp 0000a000 fc:00 35393391                   /home/henriqueramos_qs/meta-learning-concept-drift/.venv/lib/python3.12/site-packages/pandas/_libs/parsers.cpython-312-x86_64-linux-gnu.so
7605ec499000-7605ec4a7000 r--p 00071000 fc:00 35393391                   /home/henriqueramos_qs/meta-learning-concept-drift/.venv/lib/python3.12/site-packages/pandas/_libs/parsers.cpython-312-x86_64-linux-gnu.so
7605ec4a7000-7605ec4a8000 ---p 0007f000 fc:00 35393391                   /home/henriqueramos_qs/meta-learning-concept-drift/.venv/lib/python3.12/site-packages/pandas/_libs/parsers.cpython-312-x86_64-linux-gnu.so
7605ec4a8000-7605ec4aa000 r--p 0007f000 fc:00 35393391                   /home/henriqueramos_qs/meta-learning-concept-drift/.venv/lib/python3.12/site-packages/pandas/_libs/parsers.cpython-312-x86_64-linux-gnu.so
7605ec4aa000-7605ec4ad000 rw-p 00081000 fc:00 35393391                   /home/henriqueramos_qs/meta-learning-concept-drift/.venv/lib/python3.12/site-packages/pandas/_libs/parsers.cpython-312-x86_64-linux-gnu.so
7605ec4ad000-7605ec4af000 rw-p 00000000 00:00 0 
7605ec4af000-7605ec4b6000 r--p 00000000 fc:00 35393395                   /home/henriqueramos_qs/meta-learning-concept-drift/.venv/lib/python3.12/site-packages/pandas/_libs/reshape.cpython-312-x86_64-linux-gnu.so
7605ec4b6000-7605ec4f1000 r-xp 00007000 fc:00 35393395                   /home/henriqueramos_qs/meta-learning-concept-drift/.venv/lib/python3.12/site-packages/pandas/_libs/reshape.cpython-312-x86_64-linux-gnu.so
7605ec4f1000-7605ec4fa000 r--p 00042000 fc:00 35393395                   /home/henriqueramos_qs/meta-learning-concept-drift/.venv/lib/python3.12/site-packages/pandas/_libs/reshape.cpython-312-x86_64-linux-gnu.so
7605ec4fa000-7605ec4fc000 r--p 0004a000 fc:00 35393395                   /home/henriqueramos_qs/meta-learning-concept-drift/.venv/lib/python3.12/site-packages/pandas/_libs/reshape.cpython-312-x86_64-linux-gnu.so
7605ec4fc000-7605ec4fe000 rw-p 0004c000 fc:00 35393395                   /home/henriqueramos_qs/meta-learning-concept-drift/.venv/lib/python3.12/site-packages/pandas/_libs/reshape.cpython-312-x86_64-linux-gnu.so
7605ec4fe000-7605ec5ff000 rw-p 00000000 00:00 0 
7605ec5ff000-7605ec600000 ---p 00000000 00:00 0 
7605ec600000-7605ece00000 rw-p 00000000 00:00 0 
7605ece00000-7605eee00000 rw-p 00000000 00:00 0 
7605eee00000-7605eee03000 r--p 00000000 fc:00 34868259                   /home/henriqueramos_qs/meta-learning-concept-drift/.venv/lib/python3.12/site-packages/scipy/optimize/_group_columns.cpython-312-x86_64-linux-gnu.so
7605eee03000-7605eee10000 r-xp 00003000 fc:00 34868259                   /home/henriqueramos_qs/meta-learning-concept-drift/.venv/lib/python3.12/site-packages/scipy/optimize/_group_columns.cpython-312-x86_64-linux-gnu.so
7605eee10000-7605eee13000 r--p 00010000 fc:00 34868259                   /home/henriqueramos_qs/meta-learning-concept-drift/.venv/lib/python3.12/site-packages/scipy/optimize/_group_columns.cpython-312-x86_64-linux-gnu.so
7605eee13000-7605eee14000 r--p 00012000 fc:00 34868259                   /home/henriqueramos_qs/meta-learning-concept-drift/.venv/lib/python3.12/site-packages/scipy/optimize/_group_columns.cpython-312-x86_64-linux-gnu.so
7605eee14000-7605eee15000 rw-p 00013000 fc:00 34868259                   /home/henriqueramos_qs/meta-learning-concept-drift/.venv/lib/python3.12/site-packages/scipy/optimize/_group_columns.cpython-312-x86_64-linux-gnu.so
7605eee15000-7605eee21000 r--p 00000000 fc:00 35393357                   /home/henriqueramos_qs/meta-learning-concept-drift/.venv/lib/python3.12/site-packages/pandas/_libs/algos.cpython-312-x86_64-linux-gnu.so
7605eee21000-7605eefcf000 r-xp 0000c000 fc:00 35393357                   /home/henriqueramos_qs/meta-learning-concept-drift/.venv/lib/python3.12/site-packages/pandas/_libs/algos.cpython-312-x86_64-linux-gnu.so
7605eefcf000-7605eeff3000 r--p 001ba000 fc:00 35393357                   /home/henriqueramos_qs/meta-learning-concept-drift/.venv/lib/python3.12/site-packages/pandas/_libs/algos.cpython-312-x86_64-linux-gnu.so
7605eeff3000-7605eeff4000 ---p 001de000 fc:00 35393357                   /home/henriqueramos_qs/meta-learning-concept-drift/.venv/lib/python3.12/site-packages/pandas/_libs/algos.cpython-312-x86_64-linux-gnu.so
7605eeff4000-7605eeff7000 r--p 001de000 fc:00 35393357                   /home/henriqueramos_qs/meta-learning-concept-drift/.venv/lib/python3.12/site-packages/pandas/_libs/algos.cpython-312-x86_64-linux-gnu.so
7605eeff7000-7605eeffb000 rw-p 001e1000 fc:00 35393357                   /home/henriqueramos_qs/meta-learning-concept-drift/.venv/lib/python3.12/site-packages/pandas/_libs/algos.cpython-312-x86_64-linux-gnu.so
7605eeffb000-7605eeffe000 rw-p 00000000 00:00 0 
7605eeffe000-7605eefff000 ---p 00000000 00:00 0 
7605eefff000-7605ef7ff000 rw-p 00000000 00:00 0 
7605ef7ff000-7605ef800000 ---p 00000000 00:00 0 
7605ef800000-7605f0000000 rw-p 00000000 00:00 0 
7605f0000000-7605f4000000 rw-p 00000000 00:00 0 
7605f4000000-7605f4002000 r--p 00000000 fc:00 34868537                   /home/henriqueramos_qs/meta-learning-concept-drift/.venv/lib/python3.12/site-packages/scipy/special/_gufuncs.cpython-312-x86_64-linux-gnu.so
7605f4002000-7605f4028000 r-xp 00002000 fc:00 34868537                   /home/henriqueramos_qs/meta-learning-concept-drift/.venv/lib/python3.12/site-packages/scipy/special/_gufuncs.cpython-312-x86_64-linux-gnu.so
7605f4028000-7605f402d000 r--p 00028000 fc:00 34868537                   /home/henriqueramos_qs/meta-learning-concept-drift/.venv/lib/python3.12/site-packages/scipy/special/_gufuncs.cpython-312-x86_64-linux-gnu.so
7605f402d000-7605f402e000 r--p 0002c000 fc:00 34868537                   /home/henriqueramos_qs/meta-learning-concept-drift/.venv/lib/python3.12/site-packages/scipy/special/_gufuncs.cpython-312-x86_64-linux-gnu.so
7605f402e000-7605f402f000 rw-p 0002d000 fc:00 34868537                   /home/henriqueramos_qs/meta-learning-concept-drift/.venv/lib/python3.12/site-packages/scipy/special/_gufuncs.cpython-312-x86_64-linux-gnu.so
7605f402f000-7605f403c000 r--p 00000000 fc:00 35393369                   /home/henriqueramos_qs/meta-learning-concept-drift/.venv/lib/python3.12/site-packages/pandas/_libs/index.cpython-312-x86_64-linux-gnu.so
7605f403c000-7605f40d8000 r-xp 0000d000 fc:00 35393369                   /home/henriqueramos_qs/meta-learning-concept-drift/.venv/lib/python3.12/site-packages/pandas/_libs/index.cpython-312-x86_64-linux-gnu.so
7605f40d8000-7605f40f1000 r--p 000a9000 fc:00 35393369                   /home/henriqueramos_qs/meta-learning-concept-drift/.venv/lib/python3.12/site-packages/pandas/_libs/index.cpython-312-x86_64-linux-gnu.so
7605f40f1000-7605f40f4000 r--p 000c1000 fc:00 35393369                   /home/henriqueramos_qs/meta-learning-concept-drift/.venv/lib/python3.12/site-packages/pandas/_libs/index.cpython-312-x86_64-linux-gnu.so
7605f40f4000-7605f40fc000 rw-p 000c4000 fc:00 35393369                   /home/henriqueramos_qs/meta-learning-concept-drift/.venv/lib/python3.12/site-packages/pandas/_libs/index.cpython-312-x86_64-linux-gnu.so
7605f40fc000-7605f41ff000 rw-p 00000000 00:00 0 
7605f41ff000-7605f4200000 ---p 00000000 00:00 0 
7605f4200000-7605f4a00000 rw-p 00000000 00:00 0 
7605f4a00000-7605f6a00000 rw-p 00000000 00:00 0 
7605f6a00000-7605f6a02000 r--p 00000000 fc:00 34869117                   /home/henriqueramos_qs/meta-learning-concept-drift/.venv/lib/python3.12/site-packages/scipy/spatial/_distance_wrap.cpython-312-x86_64-linux-gnu.so
7605f6a02000-7605f6a16000 r-xp 00002000 fc:00 34869117                   /home/henriqueramos_qs/meta-learning-concept-drift/.venv/lib/python3.12/site-packages/scipy/spatial/_distance_wrap.cpython-312-x86_64-linux-gnu.so
7605f6a16000-7605f6a18000 r--p 00016000 fc:00 34869117                   /home/henriqueramos_qs/meta-learning-concept-drift/.venv/lib/python3.12/site-packages/scipy/spatial/_distance_wrap.cpython-312-x86_64-linux-gnu.so
7605f6a18000-7605f6a19000 ---p 00018000 fc:00 34869117                   /home/henriqueramos_qs/meta-learning-concept-drift/.venv/lib/python3.12/site-packages/scipy/spatial/_distance_wrap.cpython-312-x86_64-linux-gnu.so
7605f6a19000-7605f6a1a000 r--p 00018000 fc:00 34869117                   /home/henriqueramos_qs/meta-learning-concept-drift/.venv/lib/python3.12/site-packages/scipy/spatial/_distance_wrap.cpython-312-x86_64-linux-gnu.so
7605f6a1a000-7605f6a1b000 rw-p 00019000 fc:00 34869117                   /home/henriqueramos_qs/meta-learning-concept-drift/.venv/lib/python3.12/site-packages/scipy/spatial/_distance_wrap.cpython-312-x86_64-linux-gnu.so
7605f6a1b000-7605f6a22000 r--p 00000000 fc:00 35393442                   /home/henriqueramos_qs/meta-learning-concept-drift/.venv/lib/python3.12/site-packages/pandas/_libs/window/aggregations.cpython-312-x86_64-linux-gnu.so
7605f6a22000-7605f6a69000 r-xp 00007000 fc:00 35393442                   /home/henriqueramos_qs/meta-learning-concept-drift/.venv/lib/python3.12/site-packages/pandas/_libs/window/aggregations.cpython-312-x86_64-linux-gnu.so
7605f6a69000-7605f6a75000 r--p 0004e000 fc:00 35393442                   /home/henriqueramos_qs/meta-learning-concept-drift/.venv/lib/python3.12/site-packages/pandas/_libs/window/aggregations.cpython-312-x86_64-linux-gnu.so
7605f6a75000-7605f6a77000 r--p 00059000 fc:00 35393442                   /home/henriqueramos_qs/meta-learning-concept-drift/.venv/lib/python3.12/site-packages/pandas/_libs/window/aggregations.cpython-312-x86_64-linux-gnu.so
7605f6a77000-7605f6a79000 rw-p 0005b000 fc:00 35393442                   /home/henriqueramos_qs/meta-learning-concept-drift/.venv/lib/python3.12/site-packages/pandas/_libs/window/aggregations.cpython-312-x86_64-linux-gnu.so
7605f6a79000-7605f6a7a000 rw-p 00000000 00:00 0 
7605f6a7a000-7605f6a80000 r--p 00000000 fc:00 35393405                   /home/henriqueramos_qs/meta-learning-concept-drift/.venv/lib/python3.12/site-packages/pandas/_libs/writers.cpython-312-x86_64-linux-gnu.so
7605f6a80000-7605f6aa8000 r-xp 00006000 fc:00 35393405                   /home/henriqueramos_qs/meta-learning-concept-drift/.venv/lib/python3.12/site-packages/pandas/_libs/writers.cpython-312-x86_64-linux-gnu.so
7605f6aa8000-7605f6ab1000 r--p 0002e000 fc:00 35393405                   /home/henriqueramos_qs/meta-learning-concept-drift/.venv/lib/python3.12/site-packages/pandas/_libs/writers.cpython-312-x86_64-linux-gnu.so
7605f6ab1000-7605f6ab3000 r--p 00036000 fc:00 35393405                   /home/henriqueramos_qs/meta-learning-concept-drift/.venv/lib/python3.12/site-packages/pandas/_libs/writers.cpython-312-x86_64-linux-gnu.so
7605f6ab3000-7605f6ab5000 rw-p 00038000 fc:00 35393405                   /home/henriqueramos_qs/meta-learning-concept-drift/.venv/lib/python3.12/site-packages/pandas/_libs/writers.cpython-312-x86_64-linux-gnu.so
7605f6ab5000-7605f6ab6000 rw-p 00000000 00:00 0 
7605f6ab6000-7605f6ac3000 r--p 00000000 fc:00 35393375                   /home/henriqueramos_qs/meta-learning-concept-drift/.venv/lib/python3.12/site-packages/pandas/_libs/interval.cpython-312-x86_64-linux-gnu.so
7605f6ac3000-7605f6bcf000 r-xp 0000d000 fc:00 35393375                   /home/henriqueramos_qs/meta-learning-concept-drift/.venv/lib/python3.12/site-packages/pandas/_libs/interval.cpython-312-x86_64-linux-gnu.so
7605f6bcf000-7605f6bf4000 r--p 00119000 fc:00 35393375                   /home/henriqueramos_qs/meta-learning-concept-drift/.venv/lib/python3.12/site-packages/pandas/_libs/interval.cpython-312-x86_64-linux-gnu.so
7605f6bf4000-7605f6bf6000 r--p 0013d000 fc:00 35393375                   /home/henriqueramos_qs/meta-learning-concept-drift/.venv/lib/python3.12/site-packages/pandas/_libs/interval.cpython-312-x86_64-linux-gnu.so
7605f6bf6000-7605f6bfd000 rw-p 0013f000 fc:00 35393375                   /home/henriqueramos_qs/meta-learning-concept-drift/.venv/lib/python3.12/site-packages/pandas/_libs/interval.cpython-312-x86_64-linux-gnu.so
7605f6bfd000-7605f6bff000 rw-p 00000000 00:00 0 
7605f6bff000-7605f6c00000 ---p 00000000 00:00 0 
7605f6c00000-7605f7400000 rw-p 00000000 00:00 0 
7605f7400000-7605f9400000 rw-p 00000000 00:00 0 
7605f9404000-7605f9406000 r--p 00000000 fc:00 34868341                   /home/henriqueramos_qs/meta-learning-concept-drift/.venv/lib/python3.12/site-packages/scipy/optimize/_highs/_highs_constants.cpython-312-x86_64-linux-gnu.so
7605f9406000-7605f940a000 r-xp 00002000 fc:00 34868341                   /home/henriqueramos_qs/meta-learning-concept-drift/.venv/lib/python3.12/site-packages/scipy/optimize/_highs/_highs_constants.cpython-312-x86_64-linux-gnu.so
7605f940a000-7605f940b000 r--p 00006000 fc:00 34868341                   /home/henriqueramos_qs/meta-learning-concept-drift/.venv/lib/python3.12/site-packages/scipy/optimize/_highs/_highs_constants.cpython-312-x86_64-linux-gnu.so
7605f940b000-7605f940c000 r--p 00006000 fc:00 34868341                   /home/henriqueramos_qs/meta-learning-concept-drift/.venv/lib/python3.12/site-packages/scipy/optimize/_highs/_highs_constants.cpython-312-x86_64-linux-gnu.so
7605f940c000-7605f940d000 rw-p 00007000 fc:00 34868341                   /home/henriqueramos_qs/meta-learning-concept-drift/.venv/lib/python3.12/site-packages/scipy/optimize/_highs/_highs_constants.cpython-312-x86_64-linux-gnu.so
7605f940d000-7605f9410000 r--p 00000000 fc:00 34868552                   /home/henriqueramos_qs/meta-learning-concept-drift/.venv/lib/python3.12/site-packages/scipy/special/_ellip_harm_2.cpython-312-x86_64-linux-gnu.so
7605f9410000-7605f9425000 r-xp 00003000 fc:00 34868552                   /home/henriqueramos_qs/meta-learning-concept-drift/.venv/lib/python3.12/site-packages/scipy/special/_ellip_harm_2.cpython-312-x86_64-linux-gnu.so
7605f9425000-7605f9428000 r--p 00018000 fc:00 34868552                   /home/henriqueramos_qs/meta-learning-concept-drift/.venv/lib/python3.12/site-packages/scipy/special/_ellip_harm_2.cpython-312-x86_64-linux-gnu.so
7605f9428000-7605f9429000 r--p 0001a000 fc:00 34868552                   /home/henriqueramos_qs/meta-learning-concept-drift/.venv/lib/python3.12/site-packages/scipy/special/_ellip_harm_2.cpython-312-x86_64-linux-gnu.so
7605f9429000-7605f942a000 rw-p 0001b000 fc:00 34868552                   /home/henriqueramos_qs/meta-learning-concept-drift/.venv/lib/python3.12/site-packages/scipy/special/_ellip_harm_2.cpython-312-x86_64-linux-gnu.so
7605f942a000-7605f942d000 rw-p 00020000 fc:00 34868552                   /home/henriqueramos_qs/meta-learning-concept-drift/.venv/lib/python3.12/site-packages/scipy/special/_ellip_harm_2.cpython-312-x86_64-linux-gnu.so
7605f942d000-7605f9435000 r--p 00000000 fc:00 35393399                   /home/henriqueramos_qs/meta-learning-concept-drift/.venv/lib/python3.12/site-packages/pandas/_libs/sparse.cpython-312-x86_64-linux-gnu.so
7605f9435000-7605f94ea000 r-xp 00008000 fc:00 35393399                   /home/henriqueramos_qs/meta-learning-concept-drift/.venv/lib/python3.12/site-packages/pandas/_libs/sparse.cpython-312-x86_64-linux-gnu.so
7605f94ea000-7605f94f9000 r--p 000bd000 fc:00 35393399                   /home/henriqueramos_qs/meta-learning-concept-drift/.venv/lib/python3.12/site-packages/pandas/_libs/sparse.cpython-312-x86_64-linux-gnu.so
7605f94f9000-7605f94fb000 r--p 000cb000 fc:00 35393399                   /home/henriqueramos_qs/meta-learning-concept-drift/.venv/lib/python3.12/site-packages/pandas/_libs/sparse.cpython-312-x86_64-linux-gnu.so
7605f94fb000-7605f94fe000 rw-p 000cd000 fc:00 35393399                   /home/henriqueramos_qs/meta-learning-concept-drift/.venv/lib/python3.12/site-packages/pandas/_libs/sparse.cpython-312-x86_64-linux-gnu.so
7605f94fe000-7605f95ff000 rw-p 00000000 00:00 0 
7605f95ff000-7605f9600000 ---p 00000000 00:00 0 
7605f9600000-7605f9e00000 rw-p 00000000 00:00 0 
7605f9e00000-7605fbe00000 rw-p 00000000 00:00 0 
7605fbe04000-7605fbe07000 r--p 00000000 fc:00 34868105                   /home/henriqueramos_qs/meta-learning-concept-drift/.venv/lib/python3.12/site-packages/scipy/sparse/csgraph/_tools.cpython-312-x86_64-linux-gnu.so
7605fbe07000-7605fbe23000 r-xp 00003000 fc:00 34868105                   /home/henriqueramos_qs/meta-learning-concept-drift/.venv/lib/python3.12/site-packages/scipy/sparse/csgraph/_tools.cpython-312-x86_64-linux-gnu.so
7605fbe23000-7605fbe2d000 r--p 0001f000 fc:00 34868105                   /home/henriqueramos_qs/meta-learning-concept-drift/.venv/lib/python3.12/site-packages/scipy/sparse/csgraph/_tools.cpython-312-x86_64-linux-gnu.so
7605fbe2d000-7605fbe2e000 r--p 00028000 fc:00 34868105                   /home/henriqueramos_qs/meta-learning-concept-drift/.venv/lib/python3.12/site-packages/scipy/sparse/csgraph/_tools.cpython-312-x86_64-linux-gnu.so
7605fbe2e000-7605fbe2f000 rw-p 00029000 fc:00 34868105                   /home/henriqueramos_qs/meta-learning-concept-drift/.venv/lib/python3.12/site-packages/scipy/sparse/csgraph/_tools.cpython-312-x86_64-linux-gnu.so
7605fbe2f000-7605fbe30000 rw-p 00000000 00:00 0 
7605fbe30000-7605fbe3c000 r--p 00000000 fc:00 35393381                   /home/henriqueramos_qs/meta-learning-concept-drift/.venv/lib/python3.12/site-packages/pandas/_libs/lib.cpython-312-x86_64-linux-gnu.so
7605fbe3c000-7605fbed8000 r-xp 0000c000 fc:00 35393381                   /home/henriqueramos_qs/meta-learning-concept-drift/.venv/lib/python3.12/site-packages/pandas/_libs/lib.cpython-312-x86_64-linux-gnu.so
7605fbed8000-7605fbef3000 r--p 000a8000 fc:00 35393381                   /home/henriqueramos_qs/meta-learning-concept-drift/.venv/lib/python3.12/site-packages/pandas/_libs/lib.cpython-312-x86_64-linux-gnu.so
7605fbef3000-7605fbef4000 ---p 000c3000 fc:00 35393381                   /home/henriqueramos_qs/meta-learning-concept-drift/.venv/lib/python3.12/site-packages/pandas/_libs/lib.cpython-312-x86_64-linux-gnu.so
7605fbef4000-7605fbef7000 r--p 000c3000 fc:00 35393381                   /home/henriqueramos_qs/meta-learning-concept-drift/.venv/lib/python3.12/site-packages/pandas/_libs/lib.cpython-312-x86_64-linux-gnu.so
7605fbef7000-7605fbefd000 rw-p 000c6000 fc:00 35393381                   /home/henriqueramos_qs/meta-learning-concept-drift/.venv/lib/python3.12/site-packages/pandas/_libs/lib.cpython-312-x86_64-linux-gnu.so
7605fbefd000-7605fbfff000 rw-p 00000000 00:00 0 
7605fbfff000-7605fc000000 ---p 00000000 00:00 0 
7605fc000000-7605fc800000 rw-p 00000000 00:00 0 
7605fc800000-7605fe800000 rw-p 00000000 00:00 0 
7605fe800000-7605fe803000 r--p 00000000 fc:00 34868389                   /home/henriqueramos_qs/meta-learning-concept-drift/.venv/lib/python3.12/site-packages/scipy/_lib/messagestream.cpython-312-x86_64-linux-gnu.so
7605fe803000-7605fe80e000 r-xp 00003000 fc:00 34868389                   /home/henriqueramos_qs/meta-learning-concept-drift/.venv/lib/python3.12/site-packages/scipy/_lib/messagestream.cpython-312-x86_64-linux-gnu.so
7605fe80e000-7605fe811000 r--p 0000e000 fc:00 34868389                   /home/henriqueramos_qs/meta-learning-concept-drift/.venv/lib/python3.12/site-packages/scipy/_lib/messagestream.cpython-312-x86_64-linux-gnu.so
7605fe811000-7605fe812000 r--p 00010000 fc:00 34868389                   /home/henriqueramos_qs/meta-learning-concept-drift/.venv/lib/python3.12/site-packages/scipy/_lib/messagestream.cpython-312-x86_64-linux-gnu.so
7605fe812000-7605fe813000 rw-p 00011000 fc:00 34868389                   /home/henriqueramos_qs/meta-learning-concept-drift/.venv/lib/python3.12/site-packages/scipy/_lib/messagestream.cpython-312-x86_64-linux-gnu.so
7605fe813000-7605fe816000 r--p 00000000 fc:00 34868526                   /home/henriqueramos_qs/meta-learning-concept-drift/.venv/lib/python3.12/site-packages/scipy/special/_comb.cpython-312-x86_64-linux-gnu.so
7605fe816000-7605fe81d000 r-xp 00003000 fc:00 34868526                   /home/henriqueramos_qs/meta-learning-concept-drift/.venv/lib/python3.12/site-packages/scipy/special/_comb.cpython-312-x86_64-linux-gnu.so
7605fe81d000-7605fe81f000 r--p 0000a000 fc:00 34868526                   /home/henriqueramos_qs/meta-learning-concept-drift/.venv/lib/python3.12/site-packages/scipy/special/_comb.cpython-312-x86_64-linux-gnu.so
7605fe81f000-7605fe820000 r--p 0000b000 fc:00 34868526                   /home/henriqueramos_qs/meta-learning-concept-drift/.venv/lib/python3.12/site-packages/scipy/special/_comb.cpython-312-x86_64-linux-gnu.so
7605fe820000-7605fe821000 rw-p 0000c000 fc:00 34868526                   /home/henriqueramos_qs/meta-learning-concept-drift/.venv/lib/python3.12/site-packages/scipy/special/_comb.cpython-312-x86_64-linux-gnu.so
7605fe821000-7605fe829000 r--p 00000000 fc:00 35393373                   /home/henriqueramos_qs/meta-learning-concept-drift/.venv/lib/python3.12/site-packages/pandas/_libs/internals.cpython-312-x86_64-linux-gnu.so
7605fe829000-7605fe86e000 r-xp 00008000 fc:00 35393373                   /home/henriqueramos_qs/meta-learning-concept-drift/.venv/lib/python3.12/site-packages/pandas/_libs/internals.cpython-312-x86_64-linux-gnu.so
7605fe86e000-7605fe87b000 r--p 0004d000 fc:00 35393373                   /home/henriqueramos_qs/meta-learning-concept-drift/.venv/lib/python3.12/site-packages/pandas/_libs/internals.cpython-312-x86_64-linux-gnu.so
7605fe87b000-7605fe87d000 r--p 00059000 fc:00 35393373                   /home/henriqueramos_qs/meta-learning-concept-drift/.venv/lib/python3.12/site-packages/pandas/_libs/internals.cpython-312-x86_64-linux-gnu.so
7605fe87d000-7605fe880000 rw-p 0005b000 fc:00 35393373                   /home/henriqueramos_qs/meta-learning-concept-drift/.venv/lib/python3.12/site-packages/pandas/_libs/internals.cpython-312-x86_64-linux-gnu.so
7605fe880000-7605fe882000 rw-p 00000000 00:00 0 
7605fe882000-7605fe8d9000 r--p 00000000 fc:00 35401657                   /home/henriqueramos_qs/meta-learning-concept-drift/.venv/lib/python3.12/site-packages/pyarrow/libarrow_acero.so.2100
7605fe8d9000-7605fe9bd000 r-xp 00057000 fc:00 35401657                   /home/henriqueramos_qs/meta-learning-concept-drift/.venv/lib/python3.12/site-packages/pyarrow/libarrow_acero.so.2100
7605fe9bd000-7605fe9f6000 r--p 0013b000 fc:00 35401657                   /home/henriqueramos_qs/meta-learning-concept-drift/.venv/lib/python3.12/site-packages/pyarrow/libarrow_acero.so.2100
7605fe9f6000-7605fe9f7000 ---p 00174000 fc:00 35401657                   /home/henriqueramos_qs/meta-learning-concept-drift/.venv/lib/python3.12/site-packages/pyarrow/libarrow_acero.so.2100
7605fe9f7000-7605fe9fc000 r--p 00174000 fc:00 35401657                   /home/henriqueramos_qs/meta-learning-concept-drift/.venv/lib/python3.12/site-packages/pyarrow/libarrow_acero.so.2100
7605fe9fc000-7605fe9ff000 rw-p 00179000 fc:00 35401657                   /home/henriqueramos_qs/meta-learning-concept-drift/.venv/lib/python3.12/site-packages/pyarrow/libarrow_acero.so.2100
7605fe9ff000-7605fea00000 ---p 00000000 00:00 0 
7605fea00000-7605ff200000 rw-p 00000000 00:00 0 
7605ff200000-760601200000 rw-p 00000000 00:00 0 
760601204000-760601207000 r--p 00000000 08:05 8397327                    /usr/lib/python3.12/lib-dynload/_multibytecodec.cpython-312-x86_64-linux-gnu.so
760601207000-76060120e000 r-xp 00003000 08:05 8397327                    /usr/lib/python3.12/lib-dynload/_multibytecodec.cpython-312-x86_64-linux-gnu.so
76060120e000-760601210000 r--p 0000a000 08:05 8397327                    /usr/lib/python3.12/lib-dynload/_multibytecodec.cpython-312-x86_64-linux-gnu.so
760601210000-760601211000 r--p 0000b000 08:05 8397327                    /usr/lib/python3.12/lib-dynload/_multibytecodec.cpython-312-x86_64-linux-gnu.so
760601211000-760601212000 rw-p 0000c000 08:05 8397327                    /usr/lib/python3.12/lib-dynload/_multibytecodec.cpython-312-x86_64-linux-gnu.so
760601212000-760601216000 r--p 00000000 fc:00 35393401                   /home/henriqueramos_qs/meta-learning-concept-drift/.venv/lib/python3.12/site-packages/pandas/_libs/testing.cpython-312-x86_64-linux-gnu.so
760601216000-76060122a000 r-xp 00004000 fc:00 35393401                   /home/henriqueramos_qs/meta-learning-concept-drift/.venv/lib/python3.12/site-packages/pandas/_libs/testing.cpython-312-x86_64-linux-gnu.so
76060122a000-76060122e000 r--p 00018000 fc:00 35393401                   /home/henriqueramos_qs/meta-learning-concept-drift/.venv/lib/python3.12/site-packages/pandas/_libs/testing.cpython-312-x86_64-linux-gnu.so
76060122e000-76060122f000 r--p 0001b000 fc:00 35393401                   /home/henriqueramos_qs/meta-learning-concept-drift/.venv/lib/python3.12/site-packages/pandas/_libs/testing.cpython-312-x86_64-linux-gnu.so
76060122f000-760601230000 rw-p 0001c000 fc:00 35393401                   /home/henriqueramos_qs/meta-learning-concept-drift/.venv/lib/python3.12/site-packages/pandas/_libs/testing.cpython-312-x86_64-linux-gnu.so
760601230000-7606012d9000 r--p 00000000 fc:00 35401659                   /home/henriqueramos_qs/meta-learning-concept-drift/.venv/lib/python3.12/site-packages/pyarrow/libarrow_dataset.so.2100
7606012d9000-7606013ad000 r-xp 000a9000 fc:00 35401659                   /home/henriqueramos_qs/meta-learning-concept-drift/.venv/lib/python3.12/site-packages/pyarrow/libarrow_dataset.so.2100
7606013ad000-7606013f2000 r--p 0017d000 fc:00 35401659                   /home/henriqueramos_qs/meta-learning-concept-drift/.venv/lib/python3.12/site-packages/pyarrow/libarrow_dataset.so.2100
7606013f2000-7606013f3000 ---p 001c2000 fc:00 35401659                   /home/henriqueramos_qs/meta-learning-concept-drift/.venv/lib/python3.12/site-packages/pyarrow/libarrow_dataset.so.2100
7606013f3000-7606013fb000 r--p 001c2000 fc:00 35401659                   /home/henriqueramos_qs/meta-learning-concept-drift/.venv/lib/python3.12/site-packages/pyarrow/libarrow_dataset.so.2100
7606013fb000-7606013fd000 rw-p 001ca000 fc:00 35401659                   /home/henriqueramos_qs/meta-learning-concept-drift/.venv/lib/python3.12/site-packages/pyarrow/libarrow_dataset.so.2100
7606013fd000-7606013fe000 rw-p 00000000 00:00 0 
7606013fe000-7606013ff000 ---p 00000000 00:00 0 
7606013ff000-760601bff000 rw-p 00000000 00:00 0 
760601bff000-760601c00000 ---p 00000000 00:00 0 
760601c00000-760602400000 rw-p 00000000 00:00 0 
760602400000-760606400000 rw-p 00000000 00:00 0 
760606404000-760606491000 r--p 00000000 fc:00 35401662                   /home/henriqueramos_qs/meta-learning-concept-drift/.venv/lib/python3.12/site-packages/pyarrow/libarrow_python.so.2100
760606491000-7606065ac000 r-xp 0008d000 fc:00 35401662                   /home/henriqueramos_qs/meta-learning-concept-drift/.venv/lib/python3.12/site-packages/pyarrow/libarrow_python.so.2100
7606065ac000-7606065f0000 r--p 001a8000 fc:00 35401662                   /home/henriqueramos_qs/meta-learning-concept-drift/.venv/lib/python3.12/site-packages/pyarrow/libarrow_python.so.2100
7606065f0000-7606065fc000 r--p 001eb000 fc:00 35401662                   /home/henriqueramos_qs/meta-learning-concept-drift/.venv/lib/python3.12/site-packages/pyarrow/libarrow_python.so.2100
7606065fc000-7606065ff000 rw-p 001f7000 fc:00 35401662                   /home/henriqueramos_qs/meta-learning-concept-drift/.venv/lib/python3.12/site-packages/pyarrow/libarrow_python.so.2100
7606065ff000-760606600000 ---p 00000000 00:00 0 
760606600000-760606e00000 rw-p 00000000 00:00 0 
760606e00000-76060ae00000 rw-p 00000000 00:00 0 
76060ae03000-76060ae09000 r--p 00000000 fc:00 35393444                   /home/henriqueramos_qs/meta-learning-concept-drift/.venv/lib/python3.12/site-packages/pandas/_libs/window/indexers.cpython-312-x86_64-linux-gnu.so
76060ae09000-76060ae2a000 r-xp 00006000 fc:00 35393444                   /home/henriqueramos_qs/meta-learning-concept-drift/.venv/lib/python3.12/site-packages/pandas/_libs/window/indexers.cpython-312-x86_64-linux-gnu.so
76060ae2a000-76060ae32000 r--p 00027000 fc:00 35393444                   /home/henriqueramos_qs/meta-learning-concept-drift/.venv/lib/python3.12/site-packages/pandas/_libs/window/indexers.cpython-312-x86_64-linux-gnu.so
76060ae32000-76060ae33000 ---p 0002f000 fc:00 35393444                   /home/henriqueramos_qs/meta-learning-concept-drift/.venv/lib/python3.12/site-packages/pandas/_libs/window/indexers.cpython-312-x86_64-linux-gnu.so
76060ae33000-76060ae34000 r--p 0002f000 fc:00 35393444                   /home/henriqueramos_qs/meta-learning-concept-drift/.venv/lib/python3.12/site-packages/pandas/_libs/window/indexers.cpython-312-x86_64-linux-gnu.so
76060ae34000-76060ae36000 rw-p 00030000 fc:00 35393444                   /home/henriqueramos_qs/meta-learning-concept-drift/.venv/lib/python3.12/site-packages/pandas/_libs/window/indexers.cpython-312-x86_64-linux-gnu.so
76060ae36000-76060ae3d000 r--p 00000000 fc:00 35393403                   /home/henriqueramos_qs/meta-learning-concept-drift/.venv/lib/python3.12/site-packages/pandas/_libs/tslib.cpython-312-x86_64-linux-gnu.so
76060ae3d000-76060ae75000 r-xp 00007000 fc:00 35393403                   /home/henriqueramos_qs/meta-learning-concept-drift/.venv/lib/python3.12/site-packages/pandas/_libs/tslib.cpython-312-x86_64-linux-gnu.so
76060ae75000-76060ae80000 r--p 0003f000 fc:00 35393403                   /home/henriqueramos_qs/meta-learning-concept-drift/.venv/lib/python3.12/site-packages/pandas/_libs/tslib.cpython-312-x86_64-linux-gnu.so
76060ae80000-76060ae82000 r--p 00049000 fc:00 35393403                   /home/henriqueramos_qs/meta-learning-concept-drift/.venv/lib/python3.12/site-packages/pandas/_libs/tslib.cpython-312-x86_64-linux-gnu.so
76060ae82000-76060ae84000 rw-p 0004b000 fc:00 35393403                   /home/henriqueramos_qs/meta-learning-concept-drift/.venv/lib/python3.12/site-packages/pandas/_libs/tslib.cpython-312-x86_64-linux-gnu.so
76060ae84000-76060ae85000 rw-p 00000000 00:00 0 
76060ae85000-76060ae8b000 r--p 00000000 fc:00 35393385                   /home/henriqueramos_qs/meta-learning-concept-drift/.venv/lib/python3.12/site-packages/pandas/_libs/ops.cpython-312-x86_64-linux-gnu.so
76060ae8b000-76060aeb5000 r-xp 00006000 fc:00 35393385                   /home/henriqueramos_qs/meta-learning-concept-drift/.venv/lib/python3.12/site-packages/pandas/_libs/ops.cpython-312-x86_64-linux-gnu.so
76060aeb5000-76060aebe000 r--p 00030000 fc:00 35393385                   /home/henriqueramos_qs/meta-learning-concept-drift/.venv/lib/python3.12/site-packages/pandas/_libs/ops.cpython-312-x86_64-linux-gnu.so
76060aebe000-76060aebf000 ---p 00039000 fc:00 35393385                   /home/henriqueramos_qs/meta-learning-concept-drift/.venv/lib/python3.12/site-packages/pandas/_libs/ops.cpython-312-x86_64-linux-gnu.so
76060aebf000-76060aec0000 r--p 00039000 fc:00 35393385                   /home/henriqueramos_qs/meta-learning-concept-drift/.venv/lib/python3.12/site-packages/pandas/_libs/ops.cpython-312-x86_64-linux-gnu.so
76060aec0000-76060aec2000 rw-p 0003a000 fc:00 35393385                   /home/henriqueramos_qs/meta-learning-concept-drift/.venv/lib/python3.12/site-packages/pandas/_libs/ops.cpython-312-x86_64-linux-gnu.so
76060aec2000-76060aec3000 rw-p 00000000 00:00 0 
76060aec3000-76060aec9000 r--p 00000000 fc:00 35393438                   /home/henriqueramos_qs/meta-learning-concept-drift/.venv/lib/python3.12/site-packages/pandas/_libs/tslibs/vectorized.cpython-312-x86_64-linux-gnu.so
76060aec9000-76060aef0000 r-xp 00006000 fc:00 35393438                   /home/henriqueramos_qs/meta-learning-concept-drift/.venv/lib/python3.12/site-packages/pandas/_libs/tslibs/vectorized.cpython-312-x86_64-linux-gnu.so
76060aef0000-76060aef9000 r--p 0002d000 fc:00 35393438                   /home/henriqueramos_qs/meta-learning-concept-drift/.venv/lib/python3.12/site-packages/pandas/_libs/tslibs/vectorized.cpython-312-x86_64-linux-gnu.so
76060aef9000-76060aefa000 ---p 00036000 fc:00 35393438                   /home/henriqueramos_qs/meta-learning-concept-drift/.venv/lib/python3.12/site-packages/pandas/_libs/tslibs/vectorized.cpython-312-x86_64-linux-gnu.so
76060aefa000-76060aefb000 r--p 00036000 fc:00 35393438                   /home/henriqueramos_qs/meta-learning-concept-drift/.venv/lib/python3.12/site-packages/pandas/_libs/tslibs/vectorized.cpython-312-x86_64-linux-gnu.so
76060aefb000-76060aefd000 rw-p 00037000 fc:00 35393438                   /home/henriqueramos_qs/meta-learning-concept-drift/.venv/lib/python3.12/site-packages/pandas/_libs/tslibs/vectorized.cpython-312-x86_64-linux-gnu.so
76060aefd000-76060affe000 rw-p 00000000 00:00 0 
76060affe000-76060afff000 ---p 00000000 00:00 0 
76060afff000-76060b7ff000 rw-p 00000000 00:00 0 
76060b7ff000-76060b800000 ---p 00000000 00:00 0 
76060b800000-76060c000000 rw-p 00000000 00:00 0 
76060c000000-76060e000000 rw-p 00000000 00:00 0 
76060e000000-76060e001000 r--p 00000000 fc:00 35521565                   /home/henriqueramos_qs/meta-learning-concept-drift/.venv/lib/python3.12/site-packages/torch/lib/libtorch_global_deps.so
76060e001000-76060e002000 r-xp 00001000 fc:00 35521565                   /home/henriqueramos_qs/meta-learning-concept-drift/.venv/lib/python3.12/site-packages/torch/lib/libtorch_global_deps.so
76060e002000-76060e003000 r--p 00002000 fc:00 35521565                   /home/henriqueramos_qs/meta-learning-concept-drift/.venv/lib/python3.12/site-packages/torch/lib/libtorch_global_deps.so
76060e003000-76060e004000 r--p 00002000 fc:00 35521565                   /home/henriqueramos_qs/meta-learning-concept-drift/.venv/lib/python3.12/site-packages/torch/lib/libtorch_global_deps.so
76060e004000-76060e006000 rw-p 00003000 fc:00 35521565                   /home/henriqueramos_qs/meta-learning-concept-drift/.venv/lib/python3.12/site-packages/torch/lib/libtorch_global_deps.so
76060e006000-76060e00a000 r--p 00000000 fc:00 34868409                   /home/henriqueramos_qs/meta-learning-concept-drift/.venv/lib/python3.12/site-packages/scipy/_lib/_ccallback_c.cpython-312-x86_64-linux-gnu.so
76060e00a000-76060e018000 r-xp 00004000 fc:00 34868409                   /home/henriqueramos_qs/meta-learning-concept-drift/.venv/lib/python3.12/site-packages/scipy/_lib/_ccallback_c.cpython-312-x86_64-linux-gnu.so
76060e018000-76060e01b000 r--p 00012000 fc:00 34868409                   /home/henriqueramos_qs/meta-learning-concept-drift/.venv/lib/python3.12/site-packages/scipy/_lib/_ccallback_c.cpython-312-x86_64-linux-gnu.so
76060e01b000-76060e01c000 r--p 00014000 fc:00 34868409                   /home/henriqueramos_qs/meta-learning-concept-drift/.venv/lib/python3.12/site-packages/scipy/_lib/_ccallback_c.cpython-312-x86_64-linux-gnu.so
76060e01c000-76060e01d000 rw-p 00015000 fc:00 34868409                   /home/henriqueramos_qs/meta-learning-concept-drift/.venv/lib/python3.12/site-packages/scipy/_lib/_ccallback_c.cpython-312-x86_64-linux-gnu.so
76060e01d000-76060e026000 r--p 00000000 fc:00 35393426                   /home/henriqueramos_qs/meta-learning-concept-drift/.venv/lib/python3.12/site-packages/pandas/_libs/tslibs/period.cpython-312-x86_64-linux-gnu.so
76060e026000-76060e076000 r-xp 00009000 fc:00 35393426                   /home/henriqueramos_qs/meta-learning-concept-drift/.venv/lib/python3.12/site-packages/pandas/_libs/tslibs/period.cpython-312-x86_64-linux-gnu.so
76060e076000-76060e090000 r--p 00059000 fc:00 35393426                   /home/henriqueramos_qs/meta-learning-concept-drift/.venv/lib/python3.12/site-packages/pandas/_libs/tslibs/period.cpython-312-x86_64-linux-gnu.so
76060e090000-76060e093000 r--p 00072000 fc:00 35393426                   /home/henriqueramos_qs/meta-learning-concept-drift/.venv/lib/python3.12/site-packages/pandas/_libs/tslibs/period.cpython-312-x86_64-linux-gnu.so
76060e093000-76060e096000 rw-p 00075000 fc:00 35393426                   /home/henriqueramos_qs/meta-learning-concept-drift/.venv/lib/python3.12/site-packages/pandas/_libs/tslibs/period.cpython-312-x86_64-linux-gnu.so
76060e096000-76060e097000 rw-p 00000000 00:00 0 
76060e097000-76060e09f000 r--p 00000000 fc:00 35393424                   /home/henriqueramos_qs/meta-learning-concept-drift/.venv/lib/python3.12/site-packages/pandas/_libs/tslibs/parsing.cpython-312-x86_64-linux-gnu.so
76060e09f000-76060e0ea000 r-xp 00008000 fc:00 35393424                   /home/henriqueramos_qs/meta-learning-concept-drift/.venv/lib/python3.12/site-packages/pandas/_libs/tslibs/parsing.cpython-312-x86_64-linux-gnu.so
76060e0ea000-76060e0f8000 r--p 00053000 fc:00 35393424                   /home/henriqueramos_qs/meta-learning-concept-drift/.venv/lib/python3.12/site-packages/pandas/_libs/tslibs/parsing.cpython-312-x86_64-linux-gnu.so
76060e0f8000-76060e0f9000 ---p 00061000 fc:00 35393424                   /home/henriqueramos_qs/meta-learning-concept-drift/.venv/lib/python3.12/site-packages/pandas/_libs/tslibs/parsing.cpython-312-x86_64-linux-gnu.so
76060e0f9000-76060e0fb000 r--p 00061000 fc:00 35393424                   /home/henriqueramos_qs/meta-learning-concept-drift/.venv/lib/python3.12/site-packages/pandas/_libs/tslibs/parsing.cpython-312-x86_64-linux-gnu.so
76060e0fb000-76060e0fe000 rw-p 00063000 fc:00 35393424                   /home/henriqueramos_qs/meta-learning-concept-drift/.venv/lib/python3.12/site-packages/pandas/_libs/tslibs/parsing.cpython-312-x86_64-linux-gnu.so
76060e0fe000-76060e1ff000 rw-p 00000000 00:00 0 
76060e1ff000-76060e200000 ---p 00000000 00:00 0 
76060e200000-76060ea00000 rw-p 00000000 00:00 0 
76060ea00000-760612a00000 rw-p 00000000 00:00 0 
760612a00000-760612a01000 r--p 00000000 08:05 8420176                    /usr/lib/x86_64-linux-gnu/libutil.so.1
760612a01000-760612a02000 r-xp 00001000 08:05 8420176                    /usr/lib/x86_64-linux-gnu/libutil.so.1
760612a02000-760612a03000 r--p 00002000 08:05 8420176                    /usr/lib/x86_64-linux-gnu/libutil.so.1
760612a03000-760612a04000 r--p 00002000 08:05 8420176                    /usr/lib/x86_64-linux-gnu/libutil.so.1
760612a04000-760612a05000 rw-p 00003000 08:05 8420176                    /usr/lib/x86_64-linux-gnu/libutil.so.1
760612a05000-760612a0c000 r--p 00000000 fc:00 35393428                   /home/henriqueramos_qs/meta-learning-concept-drift/.venv/lib/python3.12/site-packages/pandas/_libs/tslibs/strptime.cpython-312-x86_64-linux-gnu.so
760612a0c000-760612a4f000 r-xp 00007000 fc:00 35393428                   /home/henriqueramos_qs/meta-learning-concept-drift/.venv/lib/python3.12/site-packages/pandas/_libs/tslibs/strptime.cpython-312-x86_64-linux-gnu.so
760612a4f000-760612a5a000 r--p 0004a000 fc:00 35393428                   /home/henriqueramos_qs/meta-learning-concept-drift/.venv/lib/python3.12/site-packages/pandas/_libs/tslibs/strptime.cpython-312-x86_64-linux-gnu.so
760612a5a000-760612a5b000 ---p 00055000 fc:00 35393428                   /home/henriqueramos_qs/meta-learning-concept-drift/.venv/lib/python3.12/site-packages/pandas/_libs/tslibs/strptime.cpython-312-x86_64-linux-gnu.so
760612a5b000-760612a5d000 r--p 00055000 fc:00 35393428                   /home/henriqueramos_qs/meta-learning-concept-drift/.venv/lib/python3.12/site-packages/pandas/_libs/tslibs/strptime.cpython-312-x86_64-linux-gnu.so
760612a5d000-760612a5f000 rw-p 00057000 fc:00 35393428                   /home/henriqueramos_qs/meta-learning-concept-drift/.venv/lib/python3.12/site-packages/pandas/_libs/tslibs/strptime.cpython-312-x86_64-linux-gnu.so
760612a5f000-760612a60000 rw-p 00000000 00:00 0 
760612a60000-760612a66000 r--p 00000000 fc:00 35393436                   /home/henriqueramos_qs/meta-learning-concept-drift/.venv/lib/python3.12/site-packages/pandas/_libs/tslibs/tzconversion.cpython-312-x86_64-linux-gnu.so
760612a66000-760612a9e000 r-xp 00006000 fc:00 35393436                   /home/henriqueramos_qs/meta-learning-concept-drift/.venv/lib/python3.12/site-packages/pandas/_libs/tslibs/tzconversion.cpython-312-x86_64-linux-gnu.so
760612a9e000-760612aa8000 r--p 0003e000 fc:00 35393436                   /home/henriqueramos_qs/meta-learning-concept-drift/.venv/lib/python3.12/site-packages/pandas/_libs/tslibs/tzconversion.cpython-312-x86_64-linux-gnu.so
760612aa8000-760612aaa000 r--p 00047000 fc:00 35393436                   /home/henriqueramos_qs/meta-learning-concept-drift/.venv/lib/python3.12/site-packages/pandas/_libs/tslibs/tzconversion.cpython-312-x86_64-linux-gnu.so
760612aaa000-760612aac000 rw-p 00049000 fc:00 35393436                   /home/henriqueramos_qs/meta-learning-concept-drift/.venv/lib/python3.12/site-packages/pandas/_libs/tslibs/tzconversion.cpython-312-x86_64-linux-gnu.so
760612aac000-760612aad000 rw-p 00000000 00:00 0 
760612aad000-760612ab4000 r--p 00000000 fc:00 35393416                   /home/henriqueramos_qs/meta-learning-concept-drift/.venv/lib/python3.12/site-packages/pandas/_libs/tslibs/fields.cpython-312-x86_64-linux-gnu.so
760612ab4000-760612aec000 r-xp 00007000 fc:00 35393416                   /home/henriqueramos_qs/meta-learning-concept-drift/.venv/lib/python3.12/site-packages/pandas/_libs/tslibs/fields.cpython-312-x86_64-linux-gnu.so
760612aec000-760612af7000 r--p 0003f000 fc:00 35393416                   /home/henriqueramos_qs/meta-learning-concept-drift/.venv/lib/python3.12/site-packages/pandas/_libs/tslibs/fields.cpython-312-x86_64-linux-gnu.so
760612af7000-760612af8000 ---p 0004a000 fc:00 35393416                   /home/henriqueramos_qs/meta-learning-concept-drift/.venv/lib/python3.12/site-packages/pandas/_libs/tslibs/fields.cpython-312-x86_64-linux-gnu.so
760612af8000-760612afa000 r--p 0004a000 fc:00 35393416                   /home/henriqueramos_qs/meta-learning-concept-drift/.venv/lib/python3.12/site-packages/pandas/_libs/tslibs/fields.cpython-312-x86_64-linux-gnu.so
760612afa000-760612afc000 rw-p 0004c000 fc:00 35393416                   /home/henriqueramos_qs/meta-learning-concept-drift/.venv/lib/python3.12/site-packages/pandas/_libs/tslibs/fields.cpython-312-x86_64-linux-gnu.so
760612afc000-760612bfd000 rw-p 00000000 00:00 0 
760612bfd000-760612bfe000 ---p 00000000 00:00 0 
760612bfe000-7606133fe000 rw-p 00000000 00:00 0 
7606133fe000-7606133ff000 ---p 00000000 00:00 0 
7606133ff000-760613bff000 rw-p 00000000 00:00 0 
760613bff000-760613c00000 ---p 00000000 00:00 0 
760613c00000-760614400000 rw-p 00000000 00:00 0 
760614400000-76061c400000 rw-p 00000000 00:00 0 
76061c400000-76061c401000 r--p 00000000 fc:00 34868225                   /home/henriqueramos_qs/meta-learning-concept-drift/.venv/lib/python3.12/site-packages/scipy/optimize/_lsap.cpython-312-x86_64-linux-gnu.so
76061c401000-76061c403000 r-xp 00001000 fc:00 34868225                   /home/henriqueramos_qs/meta-learning-concept-drift/.venv/lib/python3.12/site-packages/scipy/optimize/_lsap.cpython-312-x86_64-linux-gnu.so
76061c403000-76061c405000 r--p 00003000 fc:00 34868225                   /home/henriqueramos_qs/meta-learning-concept-drift/.venv/lib/python3.12/site-packages/scipy/optimize/_lsap.cpython-312-x86_64-linux-gnu.so
76061c405000-76061c406000 r--p 00004000 fc:00 34868225                   /home/henriqueramos_qs/meta-learning-concept-drift/.venv/lib/python3.12/site-packages/scipy/optimize/_lsap.cpython-312-x86_64-linux-gnu.so
76061c406000-76061c407000 rw-p 00005000 fc:00 34868225                   /home/henriqueramos_qs/meta-learning-concept-drift/.venv/lib/python3.12/site-packages/scipy/optimize/_lsap.cpython-312-x86_64-linux-gnu.so
76061c407000-76061c408000 r--p 00000000 fc:00 34868273                   /home/henriqueramos_qs/meta-learning-concept-drift/.venv/lib/python3.12/site-packages/scipy/optimize/_zeros.cpython-312-x86_64-linux-gnu.so
76061c408000-76061c40a000 r-xp 00001000 fc:00 34868273                   /home/henriqueramos_qs/meta-learning-concept-drift/.venv/lib/python3.12/site-packages/scipy/optimize/_zeros.cpython-312-x86_64-linux-gnu.so
76061c40a000-76061c40b000 r--p 00003000 fc:00 34868273                   /home/henriqueramos_qs/meta-learning-concept-drift/.venv/lib/python3.12/site-packages/scipy/optimize/_zeros.cpython-312-x86_64-linux-gnu.so
76061c40b000-76061c40c000 r--p 00003000 fc:00 34868273                   /home/henriqueramos_qs/meta-learning-concept-drift/.venv/lib/python3.12/site-packages/scipy/optimize/_zeros.cpython-312-x86_64-linux-gnu.so
76061c40c000-76061c40d000 rw-p 00004000 fc:00 34868273                   /home/henriqueramos_qs/meta-learning-concept-drift/.venv/lib/python3.12/site-packages/scipy/optimize/_zeros.cpython-312-x86_64-linux-gnu.so
76061c40d000-76061c412000 r--p 00000000 fc:00 35393359                   /home/henriqueramos_qs/meta-learning-concept-drift/.venv/lib/python3.12/site-packages/pandas/_libs/arrays.cpython-312-x86_64-linux-gnu.so
76061c412000-76061c425000 r-xp 00005000 fc:00 35393359                   /home/henriqueramos_qs/meta-learning-concept-drift/.venv/lib/python3.12/site-packages/pandas/_libs/arrays.cpython-312-x86_64-linux-gnu.so
76061c425000-76061c42a000 r--p 00018000 fc:00 35393359                   /home/henriqueramos_qs/meta-learning-concept-drift/.venv/lib/python3.12/site-packages/pandas/_libs/arrays.cpython-312-x86_64-linux-gnu.so
76061c42a000-76061c42b000 r--p 0001c000 fc:00 35393359                   /home/henriqueramos_qs/meta-learning-concept-drift/.venv/lib/python3.12/site-packages/pandas/_libs/arrays.cpython-312-x86_64-linux-gnu.so
76061c42b000-76061c42d000 rw-p 0001d000 fc:00 35393359                   /home/henriqueramos_qs/meta-learning-concept-drift/.venv/lib/python3.12/site-packages/pandas/_libs/arrays.cpython-312-x86_64-linux-gnu.so
76061c42d000-76061c433000 r--p 00000000 fc:00 35393434                   /home/henriqueramos_qs/meta-learning-concept-drift/.venv/lib/python3.12/site-packages/pandas/_libs/tslibs/timezones.cpython-312-x86_64-linux-gnu.so
76061c433000-76061c461000 r-xp 00006000 fc:00 35393434                   /home/henriqueramos_qs/meta-learning-concept-drift/.venv/lib/python3.12/site-packages/pandas/_libs/tslibs/timezones.cpython-312-x86_64-linux-gnu.so
76061c461000-76061c46b000 r--p 00034000 fc:00 35393434                   /home/henriqueramos_qs/meta-learning-concept-drift/.venv/lib/python3.12/site-packages/pandas/_libs/tslibs/timezones.cpython-312-x86_64-linux-gnu.so
76061c46b000-76061c46d000 r--p 0003d000 fc:00 35393434                   /home/henriqueramos_qs/meta-learning-concept-drift/.venv/lib/python3.12/site-packages/pandas/_libs/tslibs/timezones.cpython-312-x86_64-linux-gnu.so
76061c46d000-76061c46f000 rw-p 0003f000 fc:00 35393434                   /home/henriqueramos_qs/meta-learning-concept-drift/.venv/lib/python3.12/site-packages/pandas/_libs/tslibs/timezones.cpython-312-x86_64-linux-gnu.so
76061c46f000-76061c470000 rw-p 00000000 00:00 0 
76061c470000-76061c47a000 r--p 00000000 fc:00 35393430                   /home/henriqueramos_qs/meta-learning-concept-drift/.venv/lib/python3.12/site-packages/pandas/_libs/tslibs/timedeltas.cpython-312-x86_64-linux-gnu.so
76061c47a000-76061c4de000 r-xp 0000a000 fc:00 35393430                   /home/henriqueramos_qs/meta-learning-concept-drift/.venv/lib/python3.12/site-packages/pandas/_libs/tslibs/timedeltas.cpython-312-x86_64-linux-gnu.so
76061c4de000-76061c4f4000 r--p 0006e000 fc:00 35393430                   /home/henriqueramos_qs/meta-learning-concept-drift/.venv/lib/python3.12/site-packages/pandas/_libs/tslibs/timedeltas.cpython-312-x86_64-linux-gnu.so
76061c4f4000-76061c4f7000 r--p 00083000 fc:00 35393430                   /home/henriqueramos_qs/meta-learning-concept-drift/.venv/lib/python3.12/site-packages/pandas/_libs/tslibs/timedeltas.cpython-312-x86_64-linux-gnu.so
76061c4f7000-76061c4fa000 rw-p 00086000 fc:00 35393430                   /home/henriqueramos_qs/meta-learning-concept-drift/.venv/lib/python3.12/site-packages/pandas/_libs/tslibs/timedeltas.cpython-312-x86_64-linux-gnu.so
76061c4fa000-76061c5fc000 rw-p 00000000 00:00 0 
76061c5fc000-76061c5fd000 ---p 00000000 00:00 0 
76061c5fd000-76061cdfd000 rw-p 00000000 00:00 0 
76061cdfd000-76061cdfe000 ---p 00000000 00:00 0 
76061cdfe000-76061d5fe000 rw-p 00000000 00:00 0 
76061d5fe000-76061d5ff000 ---p 00000000 00:00 0 
76061d5ff000-76061ddff000 rw-p 00000000 00:00 0 
76061ddff000-76061de00000 ---p 00000000 00:00 0 
76061de00000-76061e600000 rw-p 00000000 00:00 0 
76061e600000-760622600000 rw-p 00000000 00:00 0 
760622600000-760622606000 r--p 00000000 fc:00 35393365                   /home/henriqueramos_qs/meta-learning-concept-drift/.venv/lib/python3.12/site-packages/pandas/_libs/hashing.cpython-312-x86_64-linux-gnu.so
760622606000-760622628000 r-xp 00006000 fc:00 35393365                   /home/henriqueramos_qs/meta-learning-concept-drift/.venv/lib/python3.12/site-packages/pandas/_libs/hashing.cpython-312-x86_64-linux-gnu.so
760622628000-760622630000 r--p 00028000 fc:00 35393365                   /home/henriqueramos_qs/meta-learning-concept-drift/.venv/lib/python3.12/site-packages/pandas/_libs/hashing.cpython-312-x86_64-linux-gnu.so
760622630000-760622631000 r--p 0002f000 fc:00 35393365                   /home/henriqueramos_qs/meta-learning-concept-drift/.venv/lib/python3.12/site-packages/pandas/_libs/hashing.cpython-312-x86_64-linux-gnu.so
760622631000-760622633000 rw-p 00030000 fc:00 35393365                   /home/henriqueramos_qs/meta-learning-concept-drift/.venv/lib/python3.12/site-packages/pandas/_libs/hashing.cpython-312-x86_64-linux-gnu.so
760622633000-760622634000 rw-p 00000000 00:00 0 
760622634000-76062263a000 r--p 00000000 fc:00 35393418                   /home/henriqueramos_qs/meta-learning-concept-drift/.venv/lib/python3.12/site-packages/pandas/_libs/tslibs/nattype.cpython-312-x86_64-linux-gnu.so
76062263a000-760622658000 r-xp 00006000 fc:00 35393418                   /home/henriqueramos_qs/meta-learning-concept-drift/.venv/lib/python3.12/site-packages/pandas/_libs/tslibs/nattype.cpython-312-x86_64-linux-gnu.so
760622658000-760622665000 r--p 00024000 fc:00 35393418                   /home/henriqueramos_qs/meta-learning-concept-drift/.venv/lib/python3.12/site-packages/pandas/_libs/tslibs/nattype.cpython-312-x86_64-linux-gnu.so
760622665000-760622667000 r--p 00030000 fc:00 35393418                   /home/henriqueramos_qs/meta-learning-concept-drift/.venv/lib/python3.12/site-packages/pandas/_libs/tslibs/nattype.cpython-312-x86_64-linux-gnu.so
760622667000-760622669000 rw-p 00032000 fc:00 35393418                   /home/henriqueramos_qs/meta-learning-concept-drift/.venv/lib/python3.12/site-packages/pandas/_libs/tslibs/nattype.cpython-312-x86_64-linux-gnu.so
760622669000-76062266a000 rw-p 00000000 00:00 0 
76062266a000-760622675000 r--p 00000000 fc:00 35393432                   /home/henriqueramos_qs/meta-learning-concept-drift/.venv/lib/python3.12/site-packages/pandas/_libs/tslibs/timestamps.cpython-312-x86_64-linux-gnu.so
760622675000-7606226d4000 r-xp 0000b000 fc:00 35393432                   /home/henriqueramos_qs/meta-learning-concept-drift/.venv/lib/python3.12/site-packages/pandas/_libs/tslibs/timestamps.cpython-312-x86_64-linux-gnu.so
7606226d4000-7606226f6000 r--p 0006a000 fc:00 35393432                   /home/henriqueramos_qs/meta-learning-concept-drift/.venv/lib/python3.12/site-packages/pandas/_libs/tslibs/timestamps.cpython-312-x86_64-linux-gnu.so
7606226f6000-7606226f7000 ---p 0008c000 fc:00 35393432                   /home/henriqueramos_qs/meta-learning-concept-drift/.venv/lib/python3.12/site-packages/pandas/_libs/tslibs/timestamps.cpython-312-x86_64-linux-gnu.so
7606226f7000-7606226fa000 r--p 0008c000 fc:00 35393432                   /home/henriqueramos_qs/meta-learning-concept-drift/.venv/lib/python3.12/site-packages/pandas/_libs/tslibs/timestamps.cpython-312-x86_64-linux-gnu.so
7606226fa000-7606226fd000 rw-p 0008f000 fc:00 35393432                   /home/henriqueramos_qs/meta-learning-concept-drift/.venv/lib/python3.12/site-packages/pandas/_libs/tslibs/timestamps.cpython-312-x86_64-linux-gnu.so
7606226fd000-7606227ff000 rw-p 00000000 00:00 0 
7606227ff000-760622800000 ---p 00000000 00:00 0 
760622800000-760623000000 rw-p 00000000 00:00 0 
760623000000-760627000000 rw-p 00000000 00:00 0 
760627000000-760627001000 r--p 00000000 fc:00 34868540                   /home/henriqueramos_qs/meta-learning-concept-drift/.venv/lib/python3.12/site-packages/scipy/special/libsf_error_state.so
760627001000-760627002000 r-xp 00001000 fc:00 34868540                   /home/henriqueramos_qs/meta-learning-concept-drift/.venv/lib/python3.12/site-packages/scipy/special/libsf_error_state.so
760627002000-760627003000 r--p 00002000 fc:00 34868540                   /home/henriqueramos_qs/meta-learning-concept-drift/.venv/lib/python3.12/site-packages/scipy/special/libsf_error_state.so
760627003000-760627004000 r--p 00002000 fc:00 34868540                   /home/henriqueramos_qs/meta-learning-concept-drift/.venv/lib/python3.12/site-packages/scipy/special/libsf_error_state.so
760627004000-760627005000 rw-p 00003000 fc:00 34868540                   /home/henriqueramos_qs/meta-learning-concept-drift/.venv/lib/python3.12/site-packages/scipy/special/libsf_error_state.so
760627005000-760627015000 r--p 00000000 fc:00 35393422                   /home/henriqueramos_qs/meta-learning-concept-drift/.venv/lib/python3.12/site-packages/pandas/_libs/tslibs/offsets.cpython-312-x86_64-linux-gnu.so
760627015000-7606270c5000 r-xp 00010000 fc:00 35393422                   /home/henriqueramos_qs/meta-learning-concept-drift/.venv/lib/python3.12/site-packages/pandas/_libs/tslibs/offsets.cpython-312-x86_64-linux-gnu.so
7606270c5000-7606270ed000 r--p 000c0000 fc:00 35393422                   /home/henriqueramos_qs/meta-learning-concept-drift/.venv/lib/python3.12/site-packages/pandas/_libs/tslibs/offsets.cpython-312-x86_64-linux-gnu.so
7606270ed000-7606270ee000 ---p 000e8000 fc:00 35393422                   /home/henriqueramos_qs/meta-learning-concept-drift/.venv/lib/python3.12/site-packages/pandas/_libs/tslibs/offsets.cpython-312-x86_64-linux-gnu.so
7606270ee000-7606270f2000 r--p 000e8000 fc:00 35393422                   /home/henriqueramos_qs/meta-learning-concept-drift/.venv/lib/python3.12/site-packages/pandas/_libs/tslibs/offsets.cpython-312-x86_64-linux-gnu.so
7606270f2000-7606270fc000 rw-p 000ec000 fc:00 35393422                   /home/henriqueramos_qs/meta-learning-concept-drift/.venv/lib/python3.12/site-packages/pandas/_libs/tslibs/offsets.cpython-312-x86_64-linux-gnu.so
7606270fc000-7606271ff000 rw-p 00000000 00:00 0 
7606271ff000-760627200000 ---p 00000000 00:00 0 
760627200000-760627a00000 rw-p 00000000 00:00 0 
760627a00000-760629a00000 rw-p 00000000 00:00 0 
760629a01000-760629a03000 r--p 00000000 fc:00 35393379                   /home/henriqueramos_qs/meta-learning-concept-drift/.venv/lib/python3.12/site-packages/pandas/_libs/json.cpython-312-x86_64-linux-gnu.so
760629a03000-760629a0c000 r-xp 00002000 fc:00 35393379                   /home/henriqueramos_qs/meta-learning-concept-drift/.venv/lib/python3.12/site-packages/pandas/_libs/json.cpython-312-x86_64-linux-gnu.so
760629a0c000-760629a10000 r--p 0000b000 fc:00 35393379                   /home/henriqueramos_qs/meta-learning-concept-drift/.venv/lib/python3.12/site-packages/pandas/_libs/json.cpython-312-x86_64-linux-gnu.so
760629a10000-760629a11000 r--p 0000e000 fc:00 35393379                   /home/henriqueramos_qs/meta-learning-concept-drift/.venv/lib/python3.12/site-packages/pandas/_libs/json.cpython-312-x86_64-linux-gnu.so
760629a11000-760629a12000 rw-p 0000f000 fc:00 35393379                   /home/henriqueramos_qs/meta-learning-concept-drift/.venv/lib/python3.12/site-packages/pandas/_libs/json.cpython-312-x86_64-linux-gnu.so
760629a12000-760629a1a000 r--p 00000000 fc:00 34866633                   /home/henriqueramos_qs/meta-learning-concept-drift/.venv/lib/python3.12/site-packages/numpy/random/_generator.cpython-312-x86_64-linux-gnu.so
760629a1a000-760629aa0000 r-xp 00008000 fc:00 34866633                   /home/henriqueramos_qs/meta-learning-concept-drift/.venv/lib/python3.12/site-packages/numpy/random/_generator.cpython-312-x86_64-linux-gnu.so
760629aa0000-760629af8000 r--p 0008e000 fc:00 34866633                   /home/henriqueramos_qs/meta-learning-concept-drift/.venv/lib/python3.12/site-packages/numpy/random/_generator.cpython-312-x86_64-linux-gnu.so
760629af8000-760629af9000 r--p 000e5000 fc:00 34866633                   /home/henriqueramos_qs/meta-learning-concept-drift/.venv/lib/python3.12/site-packages/numpy/random/_generator.cpython-312-x86_64-linux-gnu.so
760629af9000-760629afc000 rw-p 000e6000 fc:00 34866633                   /home/henriqueramos_qs/meta-learning-concept-drift/.venv/lib/python3.12/site-packages/numpy/random/_generator.cpython-312-x86_64-linux-gnu.so
760629afc000-760629bfe000 rw-p 00000000 00:00 0 
760629bfe000-760629bff000 ---p 00000000 00:00 0 
760629bff000-76062a3ff000 rw-p 00000000 00:00 0 
76062a3ff000-76062a400000 ---p 00000000 00:00 0 
76062a400000-76062ac00000 rw-p 00000000 00:00 0 
76062ac00000-76062ec00000 rw-p 00000000 00:00 0 
76062ec02000-76062ec05000 r--p 00000000 fc:00 35399520                   /home/henriqueramos_qs/meta-learning-concept-drift/.venv/lib/python3.12/site-packages/sklearn/__check_build/_check_build.cpython-312-x86_64-linux-gnu.so
76062ec05000-76062ec08000 r-xp 00003000 fc:00 35399520                   /home/henriqueramos_qs/meta-learning-concept-drift/.venv/lib/python3.12/site-packages/sklearn/__check_build/_check_build.cpython-312-x86_64-linux-gnu.so
76062ec08000-76062ec0a000 r--p 00006000 fc:00 35399520                   /home/henriqueramos_qs/meta-learning-concept-drift/.venv/lib/python3.12/site-packages/sklearn/__check_build/_check_build.cpython-312-x86_64-linux-gnu.so
76062ec0a000-76062ec0b000 r--p 00007000 fc:00 35399520                   /home/henriqueramos_qs/meta-learning-concept-drift/.venv/lib/python3.12/site-packages/sklearn/__check_build/_check_build.cpython-312-x86_64-linux-gnu.so
76062ec0b000-76062ec0c000 rw-p 00008000 fc:00 35399520                   /home/henriqueramos_qs/meta-learning-concept-drift/.venv/lib/python3.12/site-packages/sklearn/__check_build/_check_build.cpython-312-x86_64-linux-gnu.so
76062ec0c000-76062ec10000 r--p 00000000 fc:00 35393371                   /home/henriqueramos_qs/meta-learning-concept-drift/.venv/lib/python3.12/site-packages/pandas/_libs/indexing.cpython-312-x86_64-linux-gnu.so
76062ec10000-76062ec18000 r-xp 00004000 fc:00 35393371                   /home/henriqueramos_qs/meta-learning-concept-drift/.venv/lib/python3.12/site-packages/pandas/_libs/indexing.cpython-312-x86_64-linux-gnu.so
76062ec18000-76062ec1b000 r--p 0000c000 fc:00 35393371                   /home/henriqueramos_qs/meta-learning-concept-drift/.venv/lib/python3.12/site-packages/pandas/_libs/indexing.cpython-312-x86_64-linux-gnu.so
76062ec1b000-76062ec1c000 r--p 0000e000 fc:00 35393371                   /home/henriqueramos_qs/meta-learning-concept-drift/.venv/lib/python3.12/site-packages/pandas/_libs/indexing.cpython-312-x86_64-linux-gnu.so
76062ec1c000-76062ec1d000 rw-p 0000f000 fc:00 35393371                   /home/henriqueramos_qs/meta-learning-concept-drift/.venv/lib/python3.12/site-packages/pandas/_libs/indexing.cpython-312-x86_64-linux-gnu.so
76062ec1d000-76062ec21000 r--p 00000000 fc:00 35393393                   /home/henriqueramos_qs/meta-learning-concept-drift/.venv/lib/python3.12/site-packages/pandas/_libs/properties.cpython-312-x86_64-linux-gnu.so
76062ec21000-76062ec2e000 r-xp 00004000 fc:00 35393393                   /home/henriqueramos_qs/meta-learning-concept-drift/.venv/lib/python3.12/site-packages/pandas/_libs/properties.cpython-312-x86_64-linux-gnu.so
76062ec2e000-76062ec31000 r--p 00011000 fc:00 35393393                   /home/henriqueramos_qs/meta-learning-concept-drift/.venv/lib/python3.12/site-packages/pandas/_libs/properties.cpython-312-x86_64-linux-gnu.so
76062ec31000-76062ec32000 ---p 00014000 fc:00 35393393                   /home/henriqueramos_qs/meta-learning-concept-drift/.venv/lib/python3.12/site-packages/pandas/_libs/properties.cpython-312-x86_64-linux-gnu.so
76062ec32000-76062ec33000 r--p 00014000 fc:00 35393393                   /home/henriqueramos_qs/meta-learning-concept-drift/.venv/lib/python3.12/site-packages/pandas/_libs/properties.cpython-312-x86_64-linux-gnu.so
76062ec33000-76062ec34000 rw-p 00015000 fc:00 35393393                   /home/henriqueramos_qs/meta-learning-concept-drift/.venv/lib/python3.12/site-packages/pandas/_libs/properties.cpython-312-x86_64-linux-gnu.so
76062ec34000-76062ec35000 rw-p 00000000 00:00 0 
76062ec35000-76062ec3c000 r--p 00000000 fc:00 35393412                   /home/henriqueramos_qs/meta-learning-concept-drift/.venv/lib/python3.12/site-packages/pandas/_libs/tslibs/conversion.cpython-312-x86_64-linux-gnu.so
76062ec3c000-76062ec6e000 r-xp 00007000 fc:00 35393412                   /home/henriqueramos_qs/meta-learning-concept-drift/.venv/lib/python3.12/site-packages/pandas/_libs/tslibs/conversion.cpython-312-x86_64-linux-gnu.so
76062ec6e000-76062ec78000 r--p 00039000 fc:00 35393412                   /home/henriqueramos_qs/meta-learning-concept-drift/.venv/lib/python3.12/site-packages/pandas/_libs/tslibs/conversion.cpython-312-x86_64-linux-gnu.so
76062ec78000-76062ec7a000 r--p 00042000 fc:00 35393412                   /home/henriqueramos_qs/meta-learning-concept-drift/.venv/lib/python3.12/site-packages/pandas/_libs/tslibs/conversion.cpython-312-x86_64-linux-gnu.so
76062ec7a000-76062ec7c000 rw-p 00044000 fc:00 35393412                   /home/henriqueramos_qs/meta-learning-concept-drift/.venv/lib/python3.12/site-packages/pandas/_libs/tslibs/conversion.cpython-312-x86_64-linux-gnu.so
76062ec7c000-76062ec7d000 rw-p 00000000 00:00 0 
76062ec7d000-76062ec84000 r--p 00000000 fc:00 35393414                   /home/henriqueramos_qs/meta-learning-concept-drift/.venv/lib/python3.12/site-packages/pandas/_libs/tslibs/dtypes.cpython-312-x86_64-linux-gnu.so
76062ec84000-76062eca3000 r-xp 00007000 fc:00 35393414                   /home/henriqueramos_qs/meta-learning-concept-drift/.venv/lib/python3.12/site-packages/pandas/_libs/tslibs/dtypes.cpython-312-x86_64-linux-gnu.so
76062eca3000-76062eca9000 r--p 00026000 fc:00 35393414                   /home/henriqueramos_qs/meta-learning-concept-drift/.venv/lib/python3.12/site-packages/pandas/_libs/tslibs/dtypes.cpython-312-x86_64-linux-gnu.so
76062eca9000-76062ecaa000 ---p 0002c000 fc:00 35393414                   /home/henriqueramos_qs/meta-learning-concept-drift/.venv/lib/python3.12/site-packages/pandas/_libs/tslibs/dtypes.cpython-312-x86_64-linux-gnu.so
76062ecaa000-76062ecac000 r--p 0002c000 fc:00 35393414                   /home/henriqueramos_qs/meta-learning-concept-drift/.venv/lib/python3.12/site-packages/pandas/_libs/tslibs/dtypes.cpython-312-x86_64-linux-gnu.so
76062ecac000-76062ecad000 rw-p 0002e000 fc:00 35393414                   /home/henriqueramos_qs/meta-learning-concept-drift/.venv/lib/python3.12/site-packages/pandas/_libs/tslibs/dtypes.cpython-312-x86_64-linux-gnu.so
76062ecad000-76062ecaf000 rw-p 00000000 00:00 0 
76062ecaf000-76062ecb3000 r--p 00000000 fc:00 34866637                   /home/henriqueramos_qs/meta-learning-concept-drift/.venv/lib/python3.12/site-packages/numpy/random/_bounded_integers.cpython-312-x86_64-linux-gnu.so
76062ecb3000-76062ecf4000 r-xp 00004000 fc:00 34866637                   /home/henriqueramos_qs/meta-learning-concept-drift/.venv/lib/python3.12/site-packages/numpy/random/_bounded_integers.cpython-312-x86_64-linux-gnu.so
76062ecf4000-76062ecfd000 r--p 00045000 fc:00 34866637                   /home/henriqueramos_qs/meta-learning-concept-drift/.venv/lib/python3.12/site-packages/numpy/random/_bounded_integers.cpython-312-x86_64-linux-gnu.so
76062ecfd000-76062ecfe000 r--p 0004d000 fc:00 34866637                   /home/henriqueramos_qs/meta-learning-concept-drift/.venv/lib/python3.12/site-packages/numpy/random/_bounded_integers.cpython-312-x86_64-linux-gnu.so
76062ecfe000-76062ecff000 rw-p 0004e000 fc:00 34866637                   /home/henriqueramos_qs/meta-learning-concept-drift/.venv/lib/python3.12/site-packages/numpy/random/_bounded_integers.cpython-312-x86_64-linux-gnu.so
76062ecff000-76062edff000 rw-p 00000000 00:00 0 
76062edff000-76062ee00000 ---p 00000000 00:00 0 
76062ee00000-76062f600000 rw-p 00000000 00:00 0 
76062f600000-760631600000 rw-p 00000000 00:00 0 
760631604000-760631605000 r--p 00000000 08:05 8397329                    /usr/lib/python3.12/lib-dynload/_posixshmem.cpython-312-x86_64-linux-gnu.so
760631605000-760631606000 r-xp 00001000 08:05 8397329                    /usr/lib/python3.12/lib-dynload/_posixshmem.cpython-312-x86_64-linux-gnu.so
760631606000-760631607000 r--p 00002000 08:05 8397329                    /usr/lib/python3.12/lib-dynload/_posixshmem.cpython-312-x86_64-linux-gnu.so
760631607000-760631608000 r--p 00002000 08:05 8397329                    /usr/lib/python3.12/lib-dynload/_posixshmem.cpython-312-x86_64-linux-gnu.so
760631608000-760631609000 rw-p 00003000 08:05 8397329                    /usr/lib/python3.12/lib-dynload/_posixshmem.cpython-312-x86_64-linux-gnu.so
760631609000-76063160d000 r--p 00000000 fc:00 35393420                   /home/henriqueramos_qs/meta-learning-concept-drift/.venv/lib/python3.12/site-packages/pandas/_libs/tslibs/np_datetime.cpython-312-x86_64-linux-gnu.so
76063160d000-760631622000 r-xp 00004000 fc:00 35393420                   /home/henriqueramos_qs/meta-learning-concept-drift/.venv/lib/python3.12/site-packages/pandas/_libs/tslibs/np_datetime.cpython-312-x86_64-linux-gnu.so
760631622000-760631627000 r--p 00019000 fc:00 35393420                   /home/henriqueramos_qs/meta-learning-concept-drift/.venv/lib/python3.12/site-packages/pandas/_libs/tslibs/np_datetime.cpython-312-x86_64-linux-gnu.so
760631627000-760631628000 ---p 0001e000 fc:00 35393420                   /home/henriqueramos_qs/meta-learning-concept-drift/.venv/lib/python3.12/site-packages/pandas/_libs/tslibs/np_datetime.cpython-312-x86_64-linux-gnu.so
760631628000-760631629000 r--p 0001e000 fc:00 35393420                   /home/henriqueramos_qs/meta-learning-concept-drift/.venv/lib/python3.12/site-packages/pandas/_libs/tslibs/np_datetime.cpython-312-x86_64-linux-gnu.so
760631629000-76063162a000 rw-p 0001f000 fc:00 35393420                   /home/henriqueramos_qs/meta-learning-concept-drift/.venv/lib/python3.12/site-packages/pandas/_libs/tslibs/np_datetime.cpython-312-x86_64-linux-gnu.so
76063162a000-76063162b000 rw-p 00000000 00:00 0 
76063162b000-76063163f000 r--p 00000000 fc:00 34870600                   /home/henriqueramos_qs/meta-learning-concept-drift/.venv/lib/python3.12/site-packages/matplotlib/ft2font.cpython-312-x86_64-linux-gnu.so
76063163f000-7606316ca000 r-xp 00014000 fc:00 34870600                   /home/henriqueramos_qs/meta-learning-concept-drift/.venv/lib/python3.12/site-packages/matplotlib/ft2font.cpython-312-x86_64-linux-gnu.so
7606316ca000-7606316f6000 r--p 0009f000 fc:00 34870600                   /home/henriqueramos_qs/meta-learning-concept-drift/.venv/lib/python3.12/site-packages/matplotlib/ft2font.cpython-312-x86_64-linux-gnu.so
7606316f6000-7606316fc000 r--p 000ca000 fc:00 34870600                   /home/henriqueramos_qs/meta-learning-concept-drift/.venv/lib/python3.12/site-packages/matplotlib/ft2font.cpython-312-x86_64-linux-gnu.so
7606316fc000-7606316fe000 rw-p 000d0000 fc:00 34870600                   /home/henriqueramos_qs/meta-learning-concept-drift/.venv/lib/python3.12/site-packages/matplotlib/ft2font.cpython-312-x86_64-linux-gnu.so
7606316fe000-7606317ff000 rw-p 00000000 00:00 0 
7606317ff000-760631800000 ---p 00000000 00:00 0 
760631800000-760632000000 rw-p 00000000 00:00 0 
760632000000-760634000000 rw-p 00000000 00:00 0 
760634000000-760634029000 rw-p 00000000 00:00 0 
760634029000-760638000000 ---p 00000000 00:00 0 
760638000000-760638200000 rw-p 00000000 00:00 0 
760638200000-760638203000 r-xp 00000000 fc:00 35402594                   /home/henriqueramos_qs/meta-learning-concept-drift/.venv/lib/python3.12/site-packages/pillow.libs/libXau-154567c4.so.6.0.0
760638203000-760638402000 ---p 00003000 fc:00 35402594                   /home/henriqueramos_qs/meta-learning-concept-drift/.venv/lib/python3.12/site-packages/pillow.libs/libXau-154567c4.so.6.0.0
760638402000-760638403000 r--p 00002000 fc:00 35402594                   /home/henriqueramos_qs/meta-learning-concept-drift/.venv/lib/python3.12/site-packages/pillow.libs/libXau-154567c4.so.6.0.0
760638403000-760638404000 rw-p 00000000 00:00 0 
760638404000-760638405000 rw-p 00005000 fc:00 35402594                   /home/henriqueramos_qs/meta-learning-concept-drift/.venv/lib/python3.12/site-packages/pillow.libs/libXau-154567c4.so.6.0.0
760638408000-76063840c000 r--p 00000000 fc:00 35393387                   /home/henriqueramos_qs/meta-learning-concept-drift/.venv/lib/python3.12/site-packages/pandas/_libs/ops_dispatch.cpython-312-x86_64-linux-gnu.so
76063840c000-760638413000 r-xp 00004000 fc:00 35393387                   /home/henriqueramos_qs/meta-learning-concept-drift/.venv/lib/python3.12/site-packages/pandas/_libs/ops_dispatch.cpython-312-x86_64-linux-gnu.so
760638413000-760638415000 r--p 0000b000 fc:00 35393387                   /home/henriqueramos_qs/meta-learning-concept-drift/.venv/lib/python3.12/site-packages/pandas/_libs/ops_dispatch.cpython-312-x86_64-linux-gnu.so
760638415000-760638416000 ---p 0000d000 fc:00 35393387                   /home/henriqueramos_qs/meta-learning-concept-drift/.venv/lib/python3.12/site-packages/pandas/_libs/ops_dispatch.cpython-312-x86_64-linux-gnu.so
760638416000-760638417000 r--p 0000d000 fc:00 35393387                   /home/henriqueramos_qs/meta-learning-concept-drift/.venv/lib/python3.12/site-packages/pandas/_libs/ops_dispatch.cpython-312-x86_64-linux-gnu.so
760638417000-760638418000 rw-p 0000e000 fc:00 35393387                   /home/henriqueramos_qs/meta-learning-concept-drift/.venv/lib/python3.12/site-packages/pandas/_libs/ops_dispatch.cpython-312-x86_64-linux-gnu.so
760638418000-76063841a000 r--p 00000000 08:05 8397342                    /usr/lib/python3.12/lib-dynload/_zoneinfo.cpython-312-x86_64-linux-gnu.so
76063841a000-760638422000 r-xp 00002000 08:05 8397342                    /usr/lib/python3.12/lib-dynload/_zoneinfo.cpython-312-x86_64-linux-gnu.so
760638422000-760638424000 r--p 0000a000 08:05 8397342                    /usr/lib/python3.12/lib-dynload/_zoneinfo.cpython-312-x86_64-linux-gnu.so
760638424000-760638425000 r--p 0000b000 08:05 8397342                    /usr/lib/python3.12/lib-dynload/_zoneinfo.cpython-312-x86_64-linux-gnu.so
760638425000-760638426000 rw-p 0000c000 08:05 8397342                    /usr/lib/python3.12/lib-dynload/_zoneinfo.cpython-312-x86_64-linux-gnu.so
760638426000-760638428000 r--p 00000000 fc:00 35400255                   /home/henriqueramos_qs/meta-learning-concept-drift/.venv/lib/python3.12/site-packages/sklearn/neighbors/_partition_nodes.cpython-312-x86_64-linux-gnu.so
760638428000-76063842a000 r-xp 00002000 fc:00 35400255                   /home/henriqueramos_qs/meta-learning-concept-drift/.venv/lib/python3.12/site-packages/sklearn/neighbors/_partition_nodes.cpython-312-x86_64-linux-gnu.so
76063842a000-76063842b000 r--p 00004000 fc:00 35400255                   /home/henriqueramos_qs/meta-learning-concept-drift/.venv/lib/python3.12/site-packages/sklearn/neighbors/_partition_nodes.cpython-312-x86_64-linux-gnu.so
76063842b000-76063842c000 r--p 00004000 fc:00 35400255                   /home/henriqueramos_qs/meta-learning-concept-drift/.venv/lib/python3.12/site-packages/sklearn/neighbors/_partition_nodes.cpython-312-x86_64-linux-gnu.so
76063842c000-76063842d000 rw-p 00005000 fc:00 35400255                   /home/henriqueramos_qs/meta-learning-concept-drift/.venv/lib/python3.12/site-packages/sklearn/neighbors/_partition_nodes.cpython-312-x86_64-linux-gnu.so
76063842d000-76063842f000 r--p 00000000 fc:00 35400457                   /home/henriqueramos_qs/meta-learning-concept-drift/.venv/lib/python3.12/site-packages/sklearn/utils/_sorting.cpython-312-x86_64-linux-gnu.so
76063842f000-760638431000 r-xp 00002000 fc:00 35400457                   /home/henriqueramos_qs/meta-learning-concept-drift/.venv/lib/python3.12/site-packages/sklearn/utils/_sorting.cpython-312-x86_64-linux-gnu.so
760638431000-760638432000 r--p 00004000 fc:00 35400457                   /home/henriqueramos_qs/meta-learning-concept-drift/.venv/lib/python3.12/site-packages/sklearn/utils/_sorting.cpython-312-x86_64-linux-gnu.so
760638432000-760638433000 r--p 00004000 fc:00 35400457                   /home/henriqueramos_qs/meta-learning-concept-drift/.venv/lib/python3.12/site-packages/sklearn/utils/_sorting.cpython-312-x86_64-linux-gnu.so
760638433000-760638434000 rw-p 00005000 fc:00 35400457                   /home/henriqueramos_qs/meta-learning-concept-drift/.venv/lib/python3.12/site-packages/sklearn/utils/_sorting.cpython-312-x86_64-linux-gnu.so
760638434000-760638436000 r--p 00000000 fc:00 35400431                   /home/henriqueramos_qs/meta-learning-concept-drift/.venv/lib/python3.12/site-packages/sklearn/utils/_heap.cpython-312-x86_64-linux-gnu.so
760638436000-760638437000 r-xp 00002000 fc:00 35400431                   /home/henriqueramos_qs/meta-learning-concept-drift/.venv/lib/python3.12/site-packages/sklearn/utils/_heap.cpython-312-x86_64-linux-gnu.so
760638437000-760638438000 r--p 00003000 fc:00 35400431                   /home/henriqueramos_qs/meta-learning-concept-drift/.venv/lib/python3.12/site-packages/sklearn/utils/_heap.cpython-312-x86_64-linux-gnu.so
760638438000-760638439000 r--p 00003000 fc:00 35400431                   /home/henriqueramos_qs/meta-learning-concept-drift/.venv/lib/python3.12/site-packages/sklearn/utils/_heap.cpython-312-x86_64-linux-gnu.so
760638439000-76063843a000 rw-p 00004000 fc:00 35400431                   /home/henriqueramos_qs/meta-learning-concept-drift/.venv/lib/python3.12/site-packages/sklearn/utils/_heap.cpython-312-x86_64-linux-gnu.so
76063843a000-76063843f000 r--p 00000000 fc:00 35400300                   /home/henriqueramos_qs/meta-learning-concept-drift/.venv/lib/python3.12/site-packages/sklearn/preprocessing/_target_encoder_fast.cpython-312-x86_64-linux-gnu.so
76063843f000-760638486000 r-xp 00005000 fc:00 35400300                   /home/henriqueramos_qs/meta-learning-concept-drift/.venv/lib/python3.12/site-packages/sklearn/preprocessing/_target_encoder_fast.cpython-312-x86_64-linux-gnu.so
760638486000-76063848d000 r--p 0004c000 fc:00 35400300                   /home/henriqueramos_qs/meta-learning-concept-drift/.venv/lib/python3.12/site-packages/sklearn/preprocessing/_target_encoder_fast.cpython-312-x86_64-linux-gnu.so
76063848d000-76063848e000 ---p 00053000 fc:00 35400300                   /home/henriqueramos_qs/meta-learning-concept-drift/.venv/lib/python3.12/site-packages/sklearn/preprocessing/_target_encoder_fast.cpython-312-x86_64-linux-gnu.so
76063848e000-76063848f000 r--p 00053000 fc:00 35400300                   /home/henriqueramos_qs/meta-learning-concept-drift/.venv/lib/python3.12/site-packages/sklearn/preprocessing/_target_encoder_fast.cpython-312-x86_64-linux-gnu.so
76063848f000-760638491000 rw-p 00054000 fc:00 35400300                   /home/henriqueramos_qs/meta-learning-concept-drift/.venv/lib/python3.12/site-packages/sklearn/preprocessing/_target_encoder_fast.cpython-312-x86_64-linux-gnu.so
760638491000-760638496000 r--p 00000000 fc:00 35400291                   /home/henriqueramos_qs/meta-learning-concept-drift/.venv/lib/python3.12/site-packages/sklearn/preprocessing/_csr_polynomial_expansion.cpython-312-x86_64-linux-gnu.so
760638496000-7606384d9000 r-xp 00005000 fc:00 35400291                   /home/henriqueramos_qs/meta-learning-concept-drift/.venv/lib/python3.12/site-packages/sklearn/preprocessing/_csr_polynomial_expansion.cpython-312-x86_64-linux-gnu.so
7606384d9000-7606384e0000 r--p 00048000 fc:00 35400291                   /home/henriqueramos_qs/meta-learning-concept-drift/.venv/lib/python3.12/site-packages/sklearn/preprocessing/_csr_polynomial_expansion.cpython-312-x86_64-linux-gnu.so
7606384e0000-7606384e1000 ---p 0004f000 fc:00 35400291                   /home/henriqueramos_qs/meta-learning-concept-drift/.venv/lib/python3.12/site-packages/sklearn/preprocessing/_csr_polynomial_expansion.cpython-312-x86_64-linux-gnu.so
7606384e1000-7606384e2000 r--p 0004f000 fc:00 35400291                   /home/henriqueramos_qs/meta-learning-concept-drift/.venv/lib/python3.12/site-packages/sklearn/preprocessing/_csr_polynomial_expansion.cpython-312-x86_64-linux-gnu.so
7606384e2000-7606384e4000 rw-p 00050000 fc:00 35400291                   /home/henriqueramos_qs/meta-learning-concept-drift/.venv/lib/python3.12/site-packages/sklearn/preprocessing/_csr_polynomial_expansion.cpython-312-x86_64-linux-gnu.so
7606384e4000-7606385e4000 rw-p 00000000 00:00 0 
7606385e4000-7606385e8000 r--p 00000000 fc:00 35400193                   /home/henriqueramos_qs/meta-learning-concept-drift/.venv/lib/python3.12/site-packages/sklearn/metrics/cluster/_expected_mutual_info_fast.cpython-312-x86_64-linux-gnu.so
7606385e8000-7606385f6000 r-xp 00004000 fc:00 35400193                   /home/henriqueramos_qs/meta-learning-concept-drift/.venv/lib/python3.12/site-packages/sklearn/metrics/cluster/_expected_mutual_info_fast.cpython-312-x86_64-linux-gnu.so
7606385f6000-7606385fa000 r--p 00012000 fc:00 35400193                   /home/henriqueramos_qs/meta-learning-concept-drift/.venv/lib/python3.12/site-packages/sklearn/metrics/cluster/_expected_mutual_info_fast.cpython-312-x86_64-linux-gnu.so
7606385fa000-7606385fb000 r--p 00015000 fc:00 35400193                   /home/henriqueramos_qs/meta-learning-concept-drift/.venv/lib/python3.12/site-packages/sklearn/metrics/cluster/_expected_mutual_info_fast.cpython-312-x86_64-linux-gnu.so
7606385fb000-7606385fc000 rw-p 00016000 fc:00 35400193                   /home/henriqueramos_qs/meta-learning-concept-drift/.venv/lib/python3.12/site-packages/sklearn/metrics/cluster/_expected_mutual_info_fast.cpython-312-x86_64-linux-gnu.so
7606385fc000-7606385fd000 ---p 00000000 00:00 0 
7606385fd000-760638dfd000 rw-p 00000000 00:00 0 
760638dfd000-760638dfe000 ---p 00000000 00:00 0 
760638dfe000-7606395fe000 rw-p 00000000 00:00 0 
7606395fe000-7606395ff000 ---p 00000000 00:00 0 
7606395ff000-760639dff000 rw-p 00000000 00:00 0 
760639dff000-760639e00000 ---p 00000000 00:00 0 
760639e00000-76063a600000 rw-p 00000000 00:00 0 
76063a600000-76063a63b000 r-xp 00000000 fc:00 34867493                   /home/henriqueramos_qs/meta-learning-concept-drift/.venv/lib/python3.12/site-packages/numpy.libs/libquadmath-96973f99-934c22de.so.0.0.0
76063a63b000-76063a83a000 ---p 0003b000 fc:00 34867493                   /home/henriqueramos_qs/meta-learning-concept-drift/.venv/lib/python3.12/site-packages/numpy.libs/libquadmath-96973f99-934c22de.so.0.0.0
76063a83a000-76063a83b000 r--p 0003a000 fc:00 34867493                   /home/henriqueramos_qs/meta-learning-concept-drift/.venv/lib/python3.12/site-packages/numpy.libs/libquadmath-96973f99-934c22de.so.0.0.0
76063a83b000-76063a83e000 rw-p 0003b000 fc:00 34867493                   /home/henriqueramos_qs/meta-learning-concept-drift/.venv/lib/python3.12/site-packages/numpy.libs/libquadmath-96973f99-934c22de.so.0.0.0
76063a83e000-76063a840000 r--p 00000000 08:05 8397328                    /usr/lib/python3.12/lib-dynload/_multiprocessing.cpython-312-x86_64-linux-gnu.so
76063a840000-76063a842000 r-xp 00002000 08:05 8397328                    /usr/lib/python3.12/lib-dynload/_multiprocessing.cpython-312-x86_64-linux-gnu.so
76063a842000-76063a843000 r--p 00004000 08:05 8397328                    /usr/lib/python3.12/lib-dynload/_multiprocessing.cpython-312-x86_64-linux-gnu.so
76063a843000-76063a844000 r--p 00004000 08:05 8397328                    /usr/lib/python3.12/lib-dynload/_multiprocessing.cpython-312-x86_64-linux-gnu.so
76063a844000-76063a845000 rw-p 00005000 08:05 8397328                    /usr/lib/python3.12/lib-dynload/_multiprocessing.cpython-312-x86_64-linux-gnu.so
76063a845000-76063a84b000 r--p 00000000 fc:00 34866616                   /home/henriqueramos_qs/meta-learning-concept-drift/.venv/lib/python3.12/site-packages/numpy/random/mtrand.cpython-312-x86_64-linux-gnu.so
76063a84b000-76063a8a8000 r-xp 00006000 fc:00 34866616                   /home/henriqueramos_qs/meta-learning-concept-drift/.venv/lib/python3.12/site-packages/numpy/random/mtrand.cpython-312-x86_64-linux-gnu.so
76063a8a8000-76063a8fb000 r--p 00063000 fc:00 34866616                   /home/henriqueramos_qs/meta-learning-concept-drift/.venv/lib/python3.12/site-packages/numpy/random/mtrand.cpython-312-x86_64-linux-gnu.so
76063a8fb000-76063a8fc000 r--p 000b5000 fc:00 34866616                   /home/henriqueramos_qs/meta-learning-concept-drift/.venv/lib/python3.12/site-packages/numpy/random/mtrand.cpython-312-x86_64-linux-gnu.so
76063a8fc000-76063a8fe000 rw-p 000b6000 fc:00 34866616                   /home/henriqueramos_qs/meta-learning-concept-drift/.venv/lib/python3.12/site-packages/numpy/random/mtrand.cpython-312-x86_64-linux-gnu.so
76063a8fe000-76063aa00000 rw-p 00000000 00:00 0 
76063aa00000-76063aaae000 r--p 00000000 fc:00 34867495                   /home/henriqueramos_qs/meta-learning-concept-drift/.venv/lib/python3.12/site-packages/numpy.libs/libscipy_openblas64_-ff651d7f.so
76063aaae000-76063bbd4000 r-xp 000ae000 fc:00 34867495                   /home/henriqueramos_qs/meta-learning-concept-drift/.venv/lib/python3.12/site-packages/numpy.libs/libscipy_openblas64_-ff651d7f.so
76063bbd4000-76063bd87000 r--p 011d4000 fc:00 34867495                   /home/henriqueramos_qs/meta-learning-concept-drift/.venv/lib/python3.12/site-packages/numpy.libs/libscipy_openblas64_-ff651d7f.so
76063bd87000-76063bd8d000 r--p 01386000 fc:00 34867495                   /home/henriqueramos_qs/meta-learning-concept-drift/.venv/lib/python3.12/site-packages/numpy.libs/libscipy_openblas64_-ff651d7f.so
76063bd8d000-76063bd99000 rw-p 0138c000 fc:00 34867495                   /home/henriqueramos_qs/meta-learning-concept-drift/.venv/lib/python3.12/site-packages/numpy.libs/libscipy_openblas64_-ff651d7f.so
76063bd99000-76063bda0000 rw-p 00000000 00:00 0 
76063bda0000-76063bead000 rw-p 01455000 fc:00 34867495                   /home/henriqueramos_qs/meta-learning-concept-drift/.venv/lib/python3.12/site-packages/numpy.libs/libscipy_openblas64_-ff651d7f.so
76063beae000-76063beb2000 r--p 00000000 fc:00 35393410                   /home/henriqueramos_qs/meta-learning-concept-drift/.venv/lib/python3.12/site-packages/pandas/_libs/tslibs/ccalendar.cpython-312-x86_64-linux-gnu.so
76063beb2000-76063bec1000 r-xp 00004000 fc:00 35393410                   /home/henriqueramos_qs/meta-learning-concept-drift/.venv/lib/python3.12/site-packages/pandas/_libs/tslibs/ccalendar.cpython-312-x86_64-linux-gnu.so
76063bec1000-76063bec4000 r--p 00013000 fc:00 35393410                   /home/henriqueramos_qs/meta-learning-concept-drift/.venv/lib/python3.12/site-packages/pandas/_libs/tslibs/ccalendar.cpython-312-x86_64-linux-gnu.so
76063bec4000-76063bec5000 ---p 00016000 fc:00 35393410                   /home/henriqueramos_qs/meta-learning-concept-drift/.venv/lib/python3.12/site-packages/pandas/_libs/tslibs/ccalendar.cpython-312-x86_64-linux-gnu.so
76063bec5000-76063bec6000 r--p 00016000 fc:00 35393410                   /home/henriqueramos_qs/meta-learning-concept-drift/.venv/lib/python3.12/site-packages/pandas/_libs/tslibs/ccalendar.cpython-312-x86_64-linux-gnu.so
76063bec6000-76063bec7000 rw-p 00017000 fc:00 35393410                   /home/henriqueramos_qs/meta-learning-concept-drift/.venv/lib/python3.12/site-packages/pandas/_libs/tslibs/ccalendar.cpython-312-x86_64-linux-gnu.so
76063bec7000-76063becd000 r--p 00000000 fc:00 35393383                   /home/henriqueramos_qs/meta-learning-concept-drift/.venv/lib/python3.12/site-packages/pandas/_libs/missing.cpython-312-x86_64-linux-gnu.so
76063becd000-76063beeb000 r-xp 00006000 fc:00 35393383                   /home/henriqueramos_qs/meta-learning-concept-drift/.venv/lib/python3.12/site-packages/pandas/_libs/missing.cpython-312-x86_64-linux-gnu.so
76063beeb000-76063bef3000 r--p 00024000 fc:00 35393383                   /home/henriqueramos_qs/meta-learning-concept-drift/.venv/lib/python3.12/site-packages/pandas/_libs/missing.cpython-312-x86_64-linux-gnu.so
76063bef3000-76063bef5000 r--p 0002b000 fc:00 35393383                   /home/henriqueramos_qs/meta-learning-concept-drift/.venv/lib/python3.12/site-packages/pandas/_libs/missing.cpython-312-x86_64-linux-gnu.so
76063bef5000-76063bef7000 rw-p 0002d000 fc:00 35393383                   /home/henriqueramos_qs/meta-learning-concept-drift/.venv/lib/python3.12/site-packages/pandas/_libs/missing.cpython-312-x86_64-linux-gnu.so
76063bef7000-76063befb000 r--p 00000000 fc:00 34866630                   /home/henriqueramos_qs/meta-learning-concept-drift/.venv/lib/python3.12/site-packages/numpy/random/_common.cpython-312-x86_64-linux-gnu.so
76063befb000-76063bf2c000 r-xp 00004000 fc:00 34866630                   /home/henriqueramos_qs/meta-learning-concept-drift/.venv/lib/python3.12/site-packages/numpy/random/_common.cpython-312-x86_64-linux-gnu.so
76063bf2c000-76063bf30000 r--p 00035000 fc:00 34866630                   /home/henriqueramos_qs/meta-learning-concept-drift/.venv/lib/python3.12/site-packages/numpy/random/_common.cpython-312-x86_64-linux-gnu.so
76063bf30000-76063bf31000 ---p 00039000 fc:00 34866630                   /home/henriqueramos_qs/meta-learning-concept-drift/.venv/lib/python3.12/site-packages/numpy/random/_common.cpython-312-x86_64-linux-gnu.so
76063bf31000-76063bf32000 r--p 00039000 fc:00 34866630                   /home/henriqueramos_qs/meta-learning-concept-drift/.venv/lib/python3.12/site-packages/numpy/random/_common.cpython-312-x86_64-linux-gnu.so
76063bf32000-76063bf33000 rw-p 0003a000 fc:00 34866630                   /home/henriqueramos_qs/meta-learning-concept-drift/.venv/lib/python3.12/site-packages/numpy/random/_common.cpython-312-x86_64-linux-gnu.so
76063bf33000-76063bf34000 rw-p 00000000 00:00 0 
76063bf34000-76063bf3a000 r--p 00000000 fc:00 35402600                   /home/henriqueramos_qs/meta-learning-concept-drift/.venv/lib/python3.12/site-packages/pillow.libs/libjpeg-8a13c6e0.so.62.4.0
76063bf3a000-76063bfd1000 r-xp 00006000 fc:00 35402600                   /home/henriqueramos_qs/meta-learning-concept-drift/.venv/lib/python3.12/site-packages/pillow.libs/libjpeg-8a13c6e0.so.62.4.0
76063bfd1000-76063bffa000 r--p 0009d000 fc:00 35402600                   /home/henriqueramos_qs/meta-learning-concept-drift/.venv/lib/python3.12/site-packages/pillow.libs/libjpeg-8a13c6e0.so.62.4.0
76063bffa000-76063bffb000 r--p 000c6000 fc:00 35402600                   /home/henriqueramos_qs/meta-learning-concept-drift/.venv/lib/python3.12/site-packages/pillow.libs/libjpeg-8a13c6e0.so.62.4.0
76063bffb000-76063c000000 rw-p 000c7000 fc:00 35402600                   /home/henriqueramos_qs/meta-learning-concept-drift/.venv/lib/python3.12/site-packages/pillow.libs/libjpeg-8a13c6e0.so.62.4.0
76063c000000-76063c021000 rw-p 00000000 00:00 0 
76063c021000-760640000000 ---p 00000000 00:00 0 
760640000000-760640021000 rw-p 00000000 00:00 0 
760640021000-760644000000 ---p 00000000 00:00 0 
760644000000-760644021000 rw-p 00000000 00:00 0 
760644021000-760648000000 ---p 00000000 00:00 0 
760648000000-760648021000 rw-p 00000000 00:00 0 
760648021000-76064c000000 ---p 00000000 00:00 0 
76064c001000-76064c005000 r--p 00000000 fc:00 34866617                   /home/henriqueramos_qs/meta-learning-concept-drift/.venv/lib/python3.12/site-packages/numpy/random/_pcg64.cpython-312-x86_64-linux-gnu.so
76064c005000-76064c019000 r-xp 00004000 fc:00 34866617                   /home/henriqueramos_qs/meta-learning-concept-drift/.venv/lib/python3.12/site-packages/numpy/random/_pcg64.cpython-312-x86_64-linux-gnu.so
76064c019000-76064c01f000 r--p 00018000 fc:00 34866617                   /home/henriqueramos_qs/meta-learning-concept-drift/.venv/lib/python3.12/site-packages/numpy/random/_pcg64.cpython-312-x86_64-linux-gnu.so
76064c01f000-76064c020000 r--p 0001d000 fc:00 34866617                   /home/henriqueramos_qs/meta-learning-concept-drift/.venv/lib/python3.12/site-packages/numpy/random/_pcg64.cpython-312-x86_64-linux-gnu.so
76064c020000-76064c021000 rw-p 0001e000 fc:00 34866617                   /home/henriqueramos_qs/meta-learning-concept-drift/.venv/lib/python3.12/site-packages/numpy/random/_pcg64.cpython-312-x86_64-linux-gnu.so
76064c021000-76064c022000 rw-p 00000000 00:00 0 
76064c022000-76064c031000 r--p 00000000 fc:00 34870549                   /home/henriqueramos_qs/meta-learning-concept-drift/.venv/lib/python3.12/site-packages/matplotlib/_image.cpython-312-x86_64-linux-gnu.so
76064c031000-76064c07c000 r-xp 0000f000 fc:00 34870549                   /home/henriqueramos_qs/meta-learning-concept-drift/.venv/lib/python3.12/site-packages/matplotlib/_image.cpython-312-x86_64-linux-gnu.so
76064c07c000-76064c08c000 r--p 0005a000 fc:00 34870549                   /home/henriqueramos_qs/meta-learning-concept-drift/.venv/lib/python3.12/site-packages/matplotlib/_image.cpython-312-x86_64-linux-gnu.so
76064c08c000-76064c08d000 r--p 00069000 fc:00 34870549                   /home/henriqueramos_qs/meta-learning-concept-drift/.venv/lib/python3.12/site-packages/matplotlib/_image.cpython-312-x86_64-linux-gnu.so
76064c08d000-76064c08e000 rw-p 0006a000 fc:00 34870549                   /home/henriqueramos_qs/meta-learning-concept-drift/.venv/lib/python3.12/site-packages/matplotlib/_image.cpython-312-x86_64-linux-gnu.so
76064c08e000-76064c08f000 rw-p 00000000 00:00 0 
76064c08f000-76064c097000 r--p 00000000 fc:00 35402606                   /home/henriqueramos_qs/meta-learning-concept-drift/.venv/lib/python3.12/site-packages/pillow.libs/libtiff-13a02c81.so.6.1.0
76064c097000-76064c10a000 r-xp 00008000 fc:00 35402606                   /home/henriqueramos_qs/meta-learning-concept-drift/.venv/lib/python3.12/site-packages/pillow.libs/libtiff-13a02c81.so.6.1.0
76064c10a000-76064c13c000 r--p 0007b000 fc:00 35402606                   /home/henriqueramos_qs/meta-learning-concept-drift/.venv/lib/python3.12/site-packages/pillow.libs/libtiff-13a02c81.so.6.1.0
76064c13c000-76064c140000 r--p 000ad000 fc:00 35402606                   /home/henriqueramos_qs/meta-learning-concept-drift/.venv/lib/python3.12/site-packages/pillow.libs/libtiff-13a02c81.so.6.1.0
76064c140000-76064c141000 rw-p 000b1000 fc:00 35402606                   /home/henriqueramos_qs/meta-learning-concept-drift/.venv/lib/python3.12/site-packages/pillow.libs/libtiff-13a02c81.so.6.1.0
76064c141000-76064c145000 rw-p 000b3000 fc:00 35402606                   /home/henriqueramos_qs/meta-learning-concept-drift/.venv/lib/python3.12/site-packages/pillow.libs/libtiff-13a02c81.so.6.1.0
76064c145000-76064c159000 r--p 00000000 fc:00 35402572                   /home/henriqueramos_qs/meta-learning-concept-drift/.venv/lib/python3.12/site-packages/PIL/_imaging.cpython-312-x86_64-linux-gnu.so
76064c159000-76064c1e0000 r-xp 00014000 fc:00 35402572                   /home/henriqueramos_qs/meta-learning-concept-drift/.venv/lib/python3.12/site-packages/PIL/_imaging.cpython-312-x86_64-linux-gnu.so
76064c1e0000-76064c1f1000 r--p 0009b000 fc:00 35402572                   /home/henriqueramos_qs/meta-learning-concept-drift/.venv/lib/python3.12/site-packages/PIL/_imaging.cpython-312-x86_64-linux-gnu.so
76064c1f1000-76064c1f5000 r--p 000ac000 fc:00 35402572                   /home/henriqueramos_qs/meta-learning-concept-drift/.venv/lib/python3.12/site-packages/PIL/_imaging.cpython-312-x86_64-linux-gnu.so
76064c1f5000-76064c1f9000 rw-p 000b0000 fc:00 35402572                   /home/henriqueramos_qs/meta-learning-concept-drift/.venv/lib/python3.12/site-packages/PIL/_imaging.cpython-312-x86_64-linux-gnu.so
76064c1f9000-76064c200000 rw-p 00333000 fc:00 35402572                   /home/henriqueramos_qs/meta-learning-concept-drift/.venv/lib/python3.12/site-packages/PIL/_imaging.cpython-312-x86_64-linux-gnu.so
76064c200000-76064c400000 rw-p 00000000 00:00 0 
76064c400000-76064c676000 r-xp 00000000 fc:00 34867494                   /home/henriqueramos_qs/meta-learning-concept-drift/.venv/lib/python3.12/site-packages/numpy.libs/libgfortran-040039e1-0352e75f.so.5.0.0
76064c676000-76064c875000 ---p 00276000 fc:00 34867494                   /home/henriqueramos_qs/meta-learning-concept-drift/.venv/lib/python3.12/site-packages/numpy.libs/libgfortran-040039e1-0352e75f.so.5.0.0
76064c875000-76064c876000 r--p 00275000 fc:00 34867494                   /home/henriqueramos_qs/meta-learning-concept-drift/.venv/lib/python3.12/site-packages/numpy.libs/libgfortran-040039e1-0352e75f.so.5.0.0
76064c876000-76064c878000 rw-p 00276000 fc:00 34867494                   /home/henriqueramos_qs/meta-learning-concept-drift/.venv/lib/python3.12/site-packages/numpy.libs/libgfortran-040039e1-0352e75f.so.5.0.0
76064c878000-76064c8b1000 rw-p 0027b000 fc:00 34867494                   /home/henriqueramos_qs/meta-learning-concept-drift/.venv/lib/python3.12/site-packages/numpy.libs/libgfortran-040039e1-0352e75f.so.5.0.0
76064c8b5000-76064c8b7000 r--p 00000000 08:05 8397344                    /usr/lib/python3.12/lib-dynload/mmap.cpython-312-x86_64-linux-gnu.so
76064c8b7000-76064c8ba000 r-xp 00002000 08:05 8397344                    /usr/lib/python3.12/lib-dynload/mmap.cpython-312-x86_64-linux-gnu.so
76064c8ba000-76064c8bc000 r--p 00005000 08:05 8397344                    /usr/lib/python3.12/lib-dynload/mmap.cpython-312-x86_64-linux-gnu.so
76064c8bc000-76064c8bd000 r--p 00006000 08:05 8397344                    /usr/lib/python3.12/lib-dynload/mmap.cpython-312-x86_64-linux-gnu.so
76064c8bd000-76064c8be000 rw-p 00007000 08:05 8397344                    /usr/lib/python3.12/lib-dynload/mmap.cpython-312-x86_64-linux-gnu.so
76064c8be000-76064c8c2000 r--p 00000000 fc:00 35402602                   /home/henriqueramos_qs/meta-learning-concept-drift/.venv/lib/python3.12/site-packages/pillow.libs/liblzma-64b7ab39.so.5.8.1
76064c8c2000-76064c8ef000 r-xp 00004000 fc:00 35402602                   /home/henriqueramos_qs/meta-learning-concept-drift/.venv/lib/python3.12/site-packages/pillow.libs/liblzma-64b7ab39.so.5.8.1
76064c8ef000-76064c8fc000 r--p 00031000 fc:00 35402602                   /home/henriqueramos_qs/meta-learning-concept-drift/.venv/lib/python3.12/site-packages/pillow.libs/liblzma-64b7ab39.so.5.8.1
76064c8fc000-76064c8fd000 r--p 0003e000 fc:00 35402602                   /home/henriqueramos_qs/meta-learning-concept-drift/.venv/lib/python3.12/site-packages/pillow.libs/liblzma-64b7ab39.so.5.8.1
76064c8fd000-76064c900000 rw-p 0003f000 fc:00 35402602                   /home/henriqueramos_qs/meta-learning-concept-drift/.venv/lib/python3.12/site-packages/pillow.libs/liblzma-64b7ab39.so.5.8.1
76064c900000-76064ca00000 rw-p 00000000 00:00 0 
76064ca00000-76064ca28000 r--p 00000000 fc:00 34867266                   /home/henriqueramos_qs/meta-learning-concept-drift/.venv/lib/python3.12/site-packages/numpy/_core/_multiarray_umath.cpython-312-x86_64-linux-gnu.so
76064ca28000-76064d1cf000 r-xp 00028000 fc:00 34867266                   /home/henriqueramos_qs/meta-learning-concept-drift/.venv/lib/python3.12/site-packages/numpy/_core/_multiarray_umath.cpython-312-x86_64-linux-gnu.so
76064d1cf000-76064d35e000 r--p 007cf000 fc:00 34867266                   /home/henriqueramos_qs/meta-learning-concept-drift/.venv/lib/python3.12/site-packages/numpy/_core/_multiarray_umath.cpython-312-x86_64-linux-gnu.so
76064d35e000-76064d361000 r--p 0095d000 fc:00 34867266                   /home/henriqueramos_qs/meta-learning-concept-drift/.venv/lib/python3.12/site-packages/numpy/_core/_multiarray_umath.cpython-312-x86_64-linux-gnu.so
76064d361000-76064d383000 rw-p 00960000 fc:00 34867266                   /home/henriqueramos_qs/meta-learning-concept-drift/.venv/lib/python3.12/site-packages/numpy/_core/_multiarray_umath.cpython-312-x86_64-linux-gnu.so
76064d383000-76064d39b000 rw-p 00000000 00:00 0 
76064d39b000-76064d3a5000 rw-p 009f8000 fc:00 34867266                   /home/henriqueramos_qs/meta-learning-concept-drift/.venv/lib/python3.12/site-packages/numpy/_core/_multiarray_umath.cpython-312-x86_64-linux-gnu.so
76064d3a5000-76064d3a8000 r--p 00000000 fc:00 34866631                   /home/henriqueramos_qs/meta-learning-concept-drift/.venv/lib/python3.12/site-packages/numpy/random/_sfc64.cpython-312-x86_64-linux-gnu.so
76064d3a8000-76064d3b3000 r-xp 00003000 fc:00 34866631                   /home/henriqueramos_qs/meta-learning-concept-drift/.venv/lib/python3.12/site-packages/numpy/random/_sfc64.cpython-312-x86_64-linux-gnu.so
76064d3b3000-76064d3b6000 r--p 0000e000 fc:00 34866631                   /home/henriqueramos_qs/meta-learning-concept-drift/.venv/lib/python3.12/site-packages/numpy/random/_sfc64.cpython-312-x86_64-linux-gnu.so
76064d3b6000-76064d3b7000 ---p 00011000 fc:00 34866631                   /home/henriqueramos_qs/meta-learning-concept-drift/.venv/lib/python3.12/site-packages/numpy/random/_sfc64.cpython-312-x86_64-linux-gnu.so
76064d3b7000-76064d3b8000 r--p 00011000 fc:00 34866631                   /home/henriqueramos_qs/meta-learning-concept-drift/.venv/lib/python3.12/site-packages/numpy/random/_sfc64.cpython-312-x86_64-linux-gnu.so
76064d3b8000-76064d3b9000 rw-p 00012000 fc:00 34866631                   /home/henriqueramos_qs/meta-learning-concept-drift/.venv/lib/python3.12/site-packages/numpy/random/_sfc64.cpython-312-x86_64-linux-gnu.so
76064d3b9000-76064d3c1000 r--p 00000000 fc:00 35402603                   /home/henriqueramos_qs/meta-learning-concept-drift/.venv/lib/python3.12/site-packages/pillow.libs/libopenjp2-56811f71.so.2.5.3
76064d3c1000-76064d430000 r-xp 00008000 fc:00 35402603                   /home/henriqueramos_qs/meta-learning-concept-drift/.venv/lib/python3.12/site-packages/pillow.libs/libopenjp2-56811f71.so.2.5.3
76064d430000-76064d443000 r--p 00077000 fc:00 35402603                   /home/henriqueramos_qs/meta-learning-concept-drift/.venv/lib/python3.12/site-packages/pillow.libs/libopenjp2-56811f71.so.2.5.3
76064d443000-76064d444000 r--p 0008a000 fc:00 35402603                   /home/henriqueramos_qs/meta-learning-concept-drift/.venv/lib/python3.12/site-packages/pillow.libs/libopenjp2-56811f71.so.2.5.3
76064d444000-76064d445000 rw-p 0008b000 fc:00 35402603                   /home/henriqueramos_qs/meta-learning-concept-drift/.venv/lib/python3.12/site-packages/pillow.libs/libopenjp2-56811f71.so.2.5.3
76064d445000-76064d448000 rw-p 0008d000 fc:00 35402603                   /home/henriqueramos_qs/meta-learning-concept-drift/.venv/lib/python3.12/site-packages/pillow.libs/libopenjp2-56811f71.so.2.5.3
76064d448000-76064da48000 rw-p 00000000 00:00 0 
76064da48000-76064da49000 ---p 00000000 00:00 0 
76064da49000-76064e249000 rw-p 00000000 00:00 0 
76064e249000-76064e449000 rw-p 00000000 00:00 0 
76064e449000-76064e44c000 r--p 00000000 fc:00 35393409                   /home/henriqueramos_qs/meta-learning-concept-drift/.venv/lib/python3.12/site-packages/pandas/_libs/tslibs/base.cpython-312-x86_64-linux-gnu.so
76064e44c000-76064e453000 r-xp 00003000 fc:00 35393409                   /home/henriqueramos_qs/meta-learning-concept-drift/.venv/lib/python3.12/site-packages/pandas/_libs/tslibs/base.cpython-312-x86_64-linux-gnu.so
76064e453000-76064e455000 r--p 0000a000 fc:00 35393409                   /home/henriqueramos_qs/meta-learning-concept-drift/.venv/lib/python3.12/site-packages/pandas/_libs/tslibs/base.cpython-312-x86_64-linux-gnu.so
76064e455000-76064e456000 ---p 0000c000 fc:00 35393409                   /home/henriqueramos_qs/meta-learning-concept-drift/.venv/lib/python3.12/site-packages/pandas/_libs/tslibs/base.cpython-312-x86_64-linux-gnu.so
76064e456000-76064e457000 r--p 0000c000 fc:00 35393409                   /home/henriqueramos_qs/meta-learning-concept-drift/.venv/lib/python3.12/site-packages/pandas/_libs/tslibs/base.cpython-312-x86_64-linux-gnu.so
76064e457000-76064e458000 rw-p 0000d000 fc:00 35393409                   /home/henriqueramos_qs/meta-learning-concept-drift/.venv/lib/python3.12/site-packages/pandas/_libs/tslibs/base.cpython-312-x86_64-linux-gnu.so
76064e458000-76064e45c000 r--p 00000000 fc:00 34866626                   /home/henriqueramos_qs/meta-learning-concept-drift/.venv/lib/python3.12/site-packages/numpy/random/_philox.cpython-312-x86_64-linux-gnu.so
76064e45c000-76064e46d000 r-xp 00004000 fc:00 34866626                   /home/henriqueramos_qs/meta-learning-concept-drift/.venv/lib/python3.12/site-packages/numpy/random/_philox.cpython-312-x86_64-linux-gnu.so
76064e46d000-76064e472000 r--p 00015000 fc:00 34866626                   /home/henriqueramos_qs/meta-learning-concept-drift/.venv/lib/python3.12/site-packages/numpy/random/_philox.cpython-312-x86_64-linux-gnu.so
76064e472000-76064e473000 r--p 00019000 fc:00 34866626                   /home/henriqueramos_qs/meta-learning-concept-drift/.venv/lib/python3.12/site-packages/numpy/random/_philox.cpython-312-x86_64-linux-gnu.so
76064e473000-76064e474000 rw-p 0001a000 fc:00 34866626                   /home/henriqueramos_qs/meta-learning-concept-drift/.venv/lib/python3.12/site-packages/numpy/random/_philox.cpython-312-x86_64-linux-gnu.so
76064e474000-76064e475000 rw-p 00000000 00:00 0 
76064e475000-76064e481000 r--p 00000000 fc:00 35402610                   /home/henriqueramos_qs/meta-learning-concept-drift/.venv/lib/python3.12/site-packages/pillow.libs/libxcb-64009ff3.so.1.1.0
76064e481000-76064e49c000 r-xp 0000c000 fc:00 35402610                   /home/henriqueramos_qs/meta-learning-concept-drift/.venv/lib/python3.12/site-packages/pillow.libs/libxcb-64009ff3.so.1.1.0
76064e49c000-76064e4a6000 r--p 00027000 fc:00 35402610                   /home/henriqueramos_qs/meta-learning-concept-drift/.venv/lib/python3.12/site-packages/pillow.libs/libxcb-64009ff3.so.1.1.0
76064e4a6000-76064e4a7000 r--p 00030000 fc:00 35402610                   /home/henriqueramos_qs/meta-learning-concept-drift/.venv/lib/python3.12/site-packages/pillow.libs/libxcb-64009ff3.so.1.1.0
76064e4a7000-76064e4a8000 rw-p 00031000 fc:00 35402610                   /home/henriqueramos_qs/meta-learning-concept-drift/.venv/lib/python3.12/site-packages/pillow.libs/libxcb-64009ff3.so.1.1.0
76064e4a8000-76064e4b3000 rw-p 00033000 fc:00 35402610                   /home/henriqueramos_qs/meta-learning-concept-drift/.venv/lib/python3.12/site-packages/pillow.libs/libxcb-64009ff3.so.1.1.0
76064e4b3000-76064e4c0000 r--p 00000000 fc:00 34870579                   /home/henriqueramos_qs/meta-learning-concept-drift/.venv/lib/python3.12/site-packages/matplotlib/_c_internal_utils.cpython-312-x86_64-linux-gnu.so
76064e4c0000-76064e4d7000 r-xp 0000d000 fc:00 34870579                   /home/henriqueramos_qs/meta-learning-concept-drift/.venv/lib/python3.12/site-packages/matplotlib/_c_internal_utils.cpython-312-x86_64-linux-gnu.so
76064e4d7000-76064e4df000 r--p 00024000 fc:00 34870579                   /home/henriqueramos_qs/meta-learning-concept-drift/.venv/lib/python3.12/site-packages/matplotlib/_c_internal_utils.cpython-312-x86_64-linux-gnu.so
76064e4df000-76064e4e0000 ---p 0002c000 fc:00 34870579                   /home/henriqueramos_qs/meta-learning-concept-drift/.venv/lib/python3.12/site-packages/matplotlib/_c_internal_utils.cpython-312-x86_64-linux-gnu.so
76064e4e0000-76064e4e1000 r--p 0002c000 fc:00 34870579                   /home/henriqueramos_qs/meta-learning-concept-drift/.venv/lib/python3.12/site-packages/matplotlib/_c_internal_utils.cpython-312-x86_64-linux-gnu.so
76064e4e1000-76064e4e2000 rw-p 0002d000 fc:00 34870579                   /home/henriqueramos_qs/meta-learning-concept-drift/.venv/lib/python3.12/site-packages/matplotlib/_c_internal_utils.cpython-312-x86_64-linux-gnu.so
76064e4e2000-76064e5e2000 rw-p 00000000 00:00 0 
76064e5e2000-76064e5e7000 r--p 00000000 fc:00 34897502                   /home/henriqueramos_qs/meta-learning-concept-drift/.venv/lib/python3.12/site-packages/debugpy/_vendored/pydevd/_pydevd_sys_monitoring/_pydevd_sys_monitoring_cython.cpython-312-x86_64-linux-gnu.so
76064e5e7000-76064e651000 r-xp 00005000 fc:00 34897502                   /home/henriqueramos_qs/meta-learning-concept-drift/.venv/lib/python3.12/site-packages/debugpy/_vendored/pydevd/_pydevd_sys_monitoring/_pydevd_sys_monitoring_cython.cpython-312-x86_64-linux-gnu.so
76064e651000-76064e65a000 r--p 0006f000 fc:00 34897502                   /home/henriqueramos_qs/meta-learning-concept-drift/.venv/lib/python3.12/site-packages/debugpy/_vendored/pydevd/_pydevd_sys_monitoring/_pydevd_sys_monitoring_cython.cpython-312-x86_64-linux-gnu.so
76064e65a000-76064e65b000 r--p 00077000 fc:00 34897502                   /home/henriqueramos_qs/meta-learning-concept-drift/.venv/lib/python3.12/site-packages/debugpy/_vendored/pydevd/_pydevd_sys_monitoring/_pydevd_sys_monitoring_cython.cpython-312-x86_64-linux-gnu.so
76064e65b000-76064e65d000 rw-p 00078000 fc:00 34897502                   /home/henriqueramos_qs/meta-learning-concept-drift/.venv/lib/python3.12/site-packages/debugpy/_vendored/pydevd/_pydevd_sys_monitoring/_pydevd_sys_monitoring_cython.cpython-312-x86_64-linux-gnu.so
76064e65d000-76064e65e000 rw-p 00000000 00:00 0 
76064e65e000-76064e664000 r--p 00000000 fc:00 34897336                   /home/henriqueramos_qs/meta-learning-concept-drift/.venv/lib/python3.12/site-packages/debugpy/_vendored/pydevd/_pydevd_bundle/pydevd_cython.cpython-312-x86_64-linux-gnu.so
76064e664000-76064e6ec000 r-xp 00006000 fc:00 34897336                   /home/henriqueramos_qs/meta-learning-concept-drift/.venv/lib/python3.12/site-packages/debugpy/_vendored/pydevd/_pydevd_bundle/pydevd_cython.cpython-312-x86_64-linux-gnu.so
76064e6ec000-76064e6f8000 r--p 0008e000 fc:00 34897336                   /home/henriqueramos_qs/meta-learning-concept-drift/.venv/lib/python3.12/site-packages/debugpy/_vendored/pydevd/_pydevd_bundle/pydevd_cython.cpython-312-x86_64-linux-gnu.so
76064e6f8000-76064e6f9000 r--p 00099000 fc:00 34897336                   /home/henriqueramos_qs/meta-learning-concept-drift/.venv/lib/python3.12/site-packages/debugpy/_vendored/pydevd/_pydevd_bundle/pydevd_cython.cpython-312-x86_64-linux-gnu.so
76064e6f9000-76064e6fc000 rw-p 0009a000 fc:00 34897336                   /home/henriqueramos_qs/meta-learning-concept-drift/.venv/lib/python3.12/site-packages/debugpy/_vendored/pydevd/_pydevd_bundle/pydevd_cython.cpython-312-x86_64-linux-gnu.so
76064e6fc000-76064e7fd000 rw-p 00000000 00:00 0 
76064e7fd000-76064e7fe000 ---p 00000000 00:00 0 
76064e7fe000-76064effe000 rw-p 00000000 00:00 0 
76064effe000-76064efff000 ---p 00000000 00:00 0 
76064efff000-76064f7ff000 rw-p 00000000 00:00 0 
76064f7ff000-76064f800000 ---p 00000000 00:00 0 
76064f800000-760650000000 rw-p 00000000 00:00 0 
760650000000-760650021000 rw-p 00000000 00:00 0 
760650021000-760654000000 ---p 00000000 00:00 0 
760654000000-760654021000 rw-p 00000000 00:00 0 
760654021000-760658000000 ---p 00000000 00:00 0 
760658000000-76065806c000 rw-p 00000000 00:00 0 
76065806c000-76065c000000 ---p 00000000 00:00 0 
76065c000000-76065c001000 r--p 00000000 fc:00 34867979                   /home/henriqueramos_qs/meta-learning-concept-drift/.venv/lib/python3.12/site-packages/charset_normalizer/md.cpython-312-x86_64-linux-gnu.so
76065c001000-76065c002000 r-xp 00001000 fc:00 34867979                   /home/henriqueramos_qs/meta-learning-concept-drift/.venv/lib/python3.12/site-packages/charset_normalizer/md.cpython-312-x86_64-linux-gnu.so
76065c002000-76065c003000 r--p 00002000 fc:00 34867979                   /home/henriqueramos_qs/meta-learning-concept-drift/.venv/lib/python3.12/site-packages/charset_normalizer/md.cpython-312-x86_64-linux-gnu.so
76065c003000-76065c004000 r--p 00002000 fc:00 34867979                   /home/henriqueramos_qs/meta-learning-concept-drift/.venv/lib/python3.12/site-packages/charset_normalizer/md.cpython-312-x86_64-linux-gnu.so
76065c004000-76065c005000 rw-p 00003000 fc:00 34867979                   /home/henriqueramos_qs/meta-learning-concept-drift/.venv/lib/python3.12/site-packages/charset_normalizer/md.cpython-312-x86_64-linux-gnu.so
76065c005000-76065c007000 r--p 00000000 fc:00 35393389                   /home/henriqueramos_qs/meta-learning-concept-drift/.venv/lib/python3.12/site-packages/pandas/_libs/pandas_datetime.cpython-312-x86_64-linux-gnu.so
76065c007000-76065c00c000 r-xp 00002000 fc:00 35393389                   /home/henriqueramos_qs/meta-learning-concept-drift/.venv/lib/python3.12/site-packages/pandas/_libs/pandas_datetime.cpython-312-x86_64-linux-gnu.so
76065c00c000-76065c00e000 r--p 00007000 fc:00 35393389                   /home/henriqueramos_qs/meta-learning-concept-drift/.venv/lib/python3.12/site-packages/pandas/_libs/pandas_datetime.cpython-312-x86_64-linux-gnu.so
76065c00e000-76065c00f000 r--p 00008000 fc:00 35393389                   /home/henriqueramos_qs/meta-learning-concept-drift/.venv/lib/python3.12/site-packages/pandas/_libs/pandas_datetime.cpython-312-x86_64-linux-gnu.so
76065c00f000-76065c010000 rw-p 00009000 fc:00 35393389                   /home/henriqueramos_qs/meta-learning-concept-drift/.venv/lib/python3.12/site-packages/pandas/_libs/pandas_datetime.cpython-312-x86_64-linux-gnu.so
76065c010000-76065c014000 r--p 00000000 fc:00 34867015                   /home/henriqueramos_qs/meta-learning-concept-drift/.venv/lib/python3.12/site-packages/numpy/linalg/_umath_linalg.cpython-312-x86_64-linux-gnu.so
76065c014000-76065c038000 r-xp 00004000 fc:00 34867015                   /home/henriqueramos_qs/meta-learning-concept-drift/.venv/lib/python3.12/site-packages/numpy/linalg/_umath_linalg.cpython-312-x86_64-linux-gnu.so
76065c038000-76065c03d000 r--p 00028000 fc:00 34867015                   /home/henriqueramos_qs/meta-learning-concept-drift/.venv/lib/python3.12/site-packages/numpy/linalg/_umath_linalg.cpython-312-x86_64-linux-gnu.so
76065c03d000-76065c03e000 ---p 0002d000 fc:00 34867015                   /home/henriqueramos_qs/meta-learning-concept-drift/.venv/lib/python3.12/site-packages/numpy/linalg/_umath_linalg.cpython-312-x86_64-linux-gnu.so
76065c03e000-76065c03f000 r--p 0002d000 fc:00 34867015                   /home/henriqueramos_qs/meta-learning-concept-drift/.venv/lib/python3.12/site-packages/numpy/linalg/_umath_linalg.cpython-312-x86_64-linux-gnu.so
76065c03f000-76065c040000 rw-p 0002e000 fc:00 34867015                   /home/henriqueramos_qs/meta-learning-concept-drift/.venv/lib/python3.12/site-packages/numpy/linalg/_umath_linalg.cpython-312-x86_64-linux-gnu.so
76065c040000-76065c043000 rw-p 00035000 fc:00 34867015                   /home/henriqueramos_qs/meta-learning-concept-drift/.venv/lib/python3.12/site-packages/numpy/linalg/_umath_linalg.cpython-312-x86_64-linux-gnu.so
76065c043000-76065c044000 ---p 00000000 00:00 0 
76065c044000-76065c844000 rw-p 00000000 00:00 0 
76065c844000-76065c845000 ---p 00000000 00:00 0 
76065c845000-76065d045000 rw-p 00000000 00:00 0 
76065d045000-76065d046000 ---p 00000000 00:00 0 
76065d046000-76065d846000 rw-p 00000000 00:00 0 
76065d846000-76065d847000 ---p 00000000 00:00 0 
76065d847000-76065e047000 rw-p 00000000 00:00 0 
76065e047000-76065e048000 ---p 00000000 00:00 0 
76065e048000-76065e848000 rw-p 00000000 00:00 0 
76065e848000-76065e849000 ---p 00000000 00:00 0 
76065e849000-76065f049000 rw-p 00000000 00:00 0 
76065f049000-76065fb49000 rw-p 00000000 00:00 0 
76065fb49000-76065fb69000 r--p 00000000 08:05 8391510                    /usr/lib/x86_64-linux-gnu/libsqlite3.so.0.8.6
76065fb69000-76065fc74000 r-xp 00020000 08:05 8391510                    /usr/lib/x86_64-linux-gnu/libsqlite3.so.0.8.6
76065fc74000-76065fca8000 r--p 0012b000 08:05 8391510                    /usr/lib/x86_64-linux-gnu/libsqlite3.so.0.8.6
76065fca8000-76065fcac000 r--p 0015e000 08:05 8391510                    /usr/lib/x86_64-linux-gnu/libsqlite3.so.0.8.6
76065fcac000-76065fcb0000 rw-p 00162000 08:05 8391510                    /usr/lib/x86_64-linux-gnu/libsqlite3.so.0.8.6
76065fcb0000-76065fdb1000 rw-p 00000000 00:00 0 
76065fdb5000-76065fdb9000 r--p 00000000 fc:00 34866627                   /home/henriqueramos_qs/meta-learning-concept-drift/.venv/lib/python3.12/site-packages/numpy/random/_mt19937.cpython-312-x86_64-linux-gnu.so
76065fdb9000-76065fdcd000 r-xp 00004000 fc:00 34866627                   /home/henriqueramos_qs/meta-learning-concept-drift/.venv/lib/python3.12/site-packages/numpy/random/_mt19937.cpython-312-x86_64-linux-gnu.so
76065fdcd000-76065fdd3000 r--p 00018000 fc:00 34866627                   /home/henriqueramos_qs/meta-learning-concept-drift/.venv/lib/python3.12/site-packages/numpy/random/_mt19937.cpython-312-x86_64-linux-gnu.so
76065fdd3000-76065fdd4000 r--p 0001d000 fc:00 34866627                   /home/henriqueramos_qs/meta-learning-concept-drift/.venv/lib/python3.12/site-packages/numpy/random/_mt19937.cpython-312-x86_64-linux-gnu.so
76065fdd4000-76065fdd5000 rw-p 0001e000 fc:00 34866627                   /home/henriqueramos_qs/meta-learning-concept-drift/.venv/lib/python3.12/site-packages/numpy/random/_mt19937.cpython-312-x86_64-linux-gnu.so
76065fdd5000-76065fdd6000 rw-p 00000000 00:00 0 
76065fdd6000-76065fddb000 r--p 00000000 fc:00 34866622                   /home/henriqueramos_qs/meta-learning-concept-drift/.venv/lib/python3.12/site-packages/numpy/random/bit_generator.cpython-312-x86_64-linux-gnu.so
76065fddb000-76065fdfe000 r-xp 00005000 fc:00 34866622                   /home/henriqueramos_qs/meta-learning-concept-drift/.venv/lib/python3.12/site-packages/numpy/random/bit_generator.cpython-312-x86_64-linux-gnu.so
76065fdfe000-76065fe08000 r--p 00028000 fc:00 34866622                   /home/henriqueramos_qs/meta-learning-concept-drift/.venv/lib/python3.12/site-packages/numpy/random/bit_generator.cpython-312-x86_64-linux-gnu.so
76065fe08000-76065fe09000 r--p 00031000 fc:00 34866622                   /home/henriqueramos_qs/meta-learning-concept-drift/.venv/lib/python3.12/site-packages/numpy/random/bit_generator.cpython-312-x86_64-linux-gnu.so
76065fe09000-76065fe0b000 rw-p 00032000 fc:00 34866622                   /home/henriqueramos_qs/meta-learning-concept-drift/.venv/lib/python3.12/site-packages/numpy/random/bit_generator.cpython-312-x86_64-linux-gnu.so
76065fe0b000-76065fe0c000 rw-p 00000000 00:00 0 
76065fe0c000-76065fe13000 r--p 00000000 fc:00 35402728                   /home/henriqueramos_qs/meta-learning-concept-drift/.venv/lib/python3.12/site-packages/kiwisolver/_cext.cpython-312-x86_64-linux-gnu.so
76065fe13000-76065fe37000 r-xp 00007000 fc:00 35402728                   /home/henriqueramos_qs/meta-learning-concept-drift/.venv/lib/python3.12/site-packages/kiwisolver/_cext.cpython-312-x86_64-linux-gnu.so
76065fe37000-76065fe3d000 r--p 0002b000 fc:00 35402728                   /home/henriqueramos_qs/meta-learning-concept-drift/.venv/lib/python3.12/site-packages/kiwisolver/_cext.cpython-312-x86_64-linux-gnu.so
76065fe3d000-76065fe3e000 r--p 00030000 fc:00 35402728                   /home/henriqueramos_qs/meta-learning-concept-drift/.venv/lib/python3.12/site-packages/kiwisolver/_cext.cpython-312-x86_64-linux-gnu.so
76065fe3e000-76065fe3f000 rw-p 00031000 fc:00 35402728                   /home/henriqueramos_qs/meta-learning-concept-drift/.venv/lib/python3.12/site-packages/kiwisolver/_cext.cpython-312-x86_64-linux-gnu.so
76065fe3f000-76065fe40000 rw-p 00000000 00:00 0 
76065fe40000-76065fe4f000 r--p 00000000 fc:00 34870561                   /home/henriqueramos_qs/meta-learning-concept-drift/.venv/lib/python3.12/site-packages/matplotlib/_path.cpython-312-x86_64-linux-gnu.so
76065fe4f000-76065fe8a000 r-xp 0000f000 fc:00 34870561                   /home/henriqueramos_qs/meta-learning-concept-drift/.venv/lib/python3.12/site-packages/matplotlib/_path.cpython-312-x86_64-linux-gnu.so
76065fe8a000-76065fe98000 r--p 0004a000 fc:00 34870561                   /home/henriqueramos_qs/meta-learning-concept-drift/.venv/lib/python3.12/site-packages/matplotlib/_path.cpython-312-x86_64-linux-gnu.so
76065fe98000-76065fe99000 ---p 00058000 fc:00 34870561                   /home/henriqueramos_qs/meta-learning-concept-drift/.venv/lib/python3.12/site-packages/matplotlib/_path.cpython-312-x86_64-linux-gnu.so
76065fe99000-76065fe9a000 r--p 00058000 fc:00 34870561                   /home/henriqueramos_qs/meta-learning-concept-drift/.venv/lib/python3.12/site-packages/matplotlib/_path.cpython-312-x86_64-linux-gnu.so
76065fe9a000-76065fe9b000 rw-p 00059000 fc:00 34870561                   /home/henriqueramos_qs/meta-learning-concept-drift/.venv/lib/python3.12/site-packages/matplotlib/_path.cpython-312-x86_64-linux-gnu.so
76065fe9b000-76066039c000 rw-p 00000000 00:00 0 
76066039c000-76066039f000 r--p 00000000 08:05 8390031                    /usr/lib/x86_64-linux-gnu/liblzma.so.5.4.5
76066039f000-7606603c1000 r-xp 00003000 08:05 8390031                    /usr/lib/x86_64-linux-gnu/liblzma.so.5.4.5
7606603c1000-7606603cc000 r--p 00025000 08:05 8390031                    /usr/lib/x86_64-linux-gnu/liblzma.so.5.4.5
7606603cc000-7606603cd000 r--p 00030000 08:05 8390031                    /usr/lib/x86_64-linux-gnu/liblzma.so.5.4.5
7606603cd000-7606603ce000 rw-p 00031000 08:05 8390031                    /usr/lib/x86_64-linux-gnu/liblzma.so.5.4.5
7606603ce000-7606603d5000 r--p 00000000 08:05 8397323                    /usr/lib/python3.12/lib-dynload/_decimal.cpython-312-x86_64-linux-gnu.so
7606603d5000-760660415000 r-xp 00007000 08:05 8397323                    /usr/lib/python3.12/lib-dynload/_decimal.cpython-312-x86_64-linux-gnu.so
760660415000-760660426000 r--p 00047000 08:05 8397323                    /usr/lib/python3.12/lib-dynload/_decimal.cpython-312-x86_64-linux-gnu.so
760660426000-760660427000 r--p 00057000 08:05 8397323                    /usr/lib/python3.12/lib-dynload/_decimal.cpython-312-x86_64-linux-gnu.so
760660427000-76066042a000 rw-p 00058000 08:05 8397323                    /usr/lib/python3.12/lib-dynload/_decimal.cpython-312-x86_64-linux-gnu.so
76066042a000-76066052a000 rw-p 00000000 00:00 0 
76066052a000-760660538000 r--p 00000000 08:05 8404569                    /usr/lib/x86_64-linux-gnu/libtinfo.so.6.4
760660538000-76066054b000 r-xp 0000e000 08:05 8404569                    /usr/lib/x86_64-linux-gnu/libtinfo.so.6.4
76066054b000-760660559000 r--p 00021000 08:05 8404569                    /usr/lib/x86_64-linux-gnu/libtinfo.so.6.4
760660559000-76066055d000 r--p 0002e000 08:05 8404569                    /usr/lib/x86_64-linux-gnu/libtinfo.so.6.4
76066055d000-76066055e000 rw-p 00032000 08:05 8404569                    /usr/lib/x86_64-linux-gnu/libtinfo.so.6.4
76066055e000-760660567000 r--p 00000000 08:05 8404339                    /usr/lib/x86_64-linux-gnu/libncursesw.so.6.4
760660567000-760660591000 r-xp 00009000 08:05 8404339                    /usr/lib/x86_64-linux-gnu/libncursesw.so.6.4
760660591000-760660598000 r--p 00033000 08:05 8404339                    /usr/lib/x86_64-linux-gnu/libncursesw.so.6.4
760660598000-760660599000 r--p 00039000 08:05 8404339                    /usr/lib/x86_64-linux-gnu/libncursesw.so.6.4
760660599000-76066059a000 rw-p 0003a000 08:05 8404339                    /usr/lib/x86_64-linux-gnu/libncursesw.so.6.4
76066059a000-76066069a000 rw-p 00000000 00:00 0 
76066069d000-76066069f000 r--p 00000000 fc:00 35393390                   /home/henriqueramos_qs/meta-learning-concept-drift/.venv/lib/python3.12/site-packages/pandas/_libs/pandas_parser.cpython-312-x86_64-linux-gnu.so
76066069f000-7606606a5000 r-xp 00002000 fc:00 35393390                   /home/henriqueramos_qs/meta-learning-concept-drift/.venv/lib/python3.12/site-packages/pandas/_libs/pandas_parser.cpython-312-x86_64-linux-gnu.so
7606606a5000-7606606a7000 r--p 00008000 fc:00 35393390                   /home/henriqueramos_qs/meta-learning-concept-drift/.venv/lib/python3.12/site-packages/pandas/_libs/pandas_parser.cpython-312-x86_64-linux-gnu.so
7606606a7000-7606606a8000 r--p 00009000 fc:00 35393390                   /home/henriqueramos_qs/meta-learning-concept-drift/.venv/lib/python3.12/site-packages/pandas/_libs/pandas_parser.cpython-312-x86_64-linux-gnu.so
7606606a8000-7606606a9000 rw-p 0000a000 fc:00 35393390                   /home/henriqueramos_qs/meta-learning-concept-drift/.venv/lib/python3.12/site-packages/pandas/_libs/pandas_parser.cpython-312-x86_64-linux-gnu.so
7606606a9000-7606606aa000 r--p 00000000 08:05 8419745                    /usr/lib/x86_64-linux-gnu/libdl.so.2
7606606aa000-7606606ab000 r-xp 00001000 08:05 8419745                    /usr/lib/x86_64-linux-gnu/libdl.so.2
7606606ab000-7606606ac000 r--p 00002000 08:05 8419745                    /usr/lib/x86_64-linux-gnu/libdl.so.2
7606606ac000-7606606ad000 r--p 00002000 08:05 8419745                    /usr/lib/x86_64-linux-gnu/libdl.so.2
7606606ad000-7606606ae000 rw-p 00003000 08:05 8419745                    /usr/lib/x86_64-linux-gnu/libdl.so.2
7606606ae000-7606606b0000 r--p 00000000 08:05 8404077                    /usr/lib/x86_64-linux-gnu/libffi.so.8.1.4
7606606b0000-7606606b7000 r-xp 00002000 08:05 8404077                    /usr/lib/x86_64-linux-gnu/libffi.so.8.1.4
7606606b7000-7606606b8000 r--p 00009000 08:05 8404077                    /usr/lib/x86_64-linux-gnu/libffi.so.8.1.4
7606606b8000-7606606b9000 r--p 0000a000 08:05 8404077                    /usr/lib/x86_64-linux-gnu/libffi.so.8.1.4
7606606b9000-7606606ba000 rw-p 0000b000 08:05 8404077                    /usr/lib/x86_64-linux-gnu/libffi.so.8.1.4
7606606ba000-7606606c0000 r--p 00000000 08:05 8397318                    /usr/lib/python3.12/lib-dynload/_ctypes.cpython-312-x86_64-linux-gnu.so
7606606c0000-7606606d2000 r-xp 00006000 08:05 8397318                    /usr/lib/python3.12/lib-dynload/_ctypes.cpython-312-x86_64-linux-gnu.so
7606606d2000-7606606d8000 r--p 00018000 08:05 8397318                    /usr/lib/python3.12/lib-dynload/_ctypes.cpython-312-x86_64-linux-gnu.so
7606606d8000-7606606d9000 r--p 0001d000 08:05 8397318                    /usr/lib/python3.12/lib-dynload/_ctypes.cpython-312-x86_64-linux-gnu.so
7606606d9000-7606606dd000 rw-p 0001e000 08:05 8397318                    /usr/lib/python3.12/lib-dynload/_ctypes.cpython-312-x86_64-linux-gnu.so
7606606dd000-7606606e4000 r--p 00000000 08:05 8397331                    /usr/lib/python3.12/lib-dynload/_sqlite3.cpython-312-x86_64-linux-gnu.so
7606606e4000-7606606f6000 r-xp 00007000 08:05 8397331                    /usr/lib/python3.12/lib-dynload/_sqlite3.cpython-312-x86_64-linux-gnu.so
7606606f6000-7606606fd000 r--p 00019000 08:05 8397331                    /usr/lib/python3.12/lib-dynload/_sqlite3.cpython-312-x86_64-linux-gnu.so
7606606fd000-7606606fe000 r--p 00020000 08:05 8397331                    /usr/lib/python3.12/lib-dynload/_sqlite3.cpython-312-x86_64-linux-gnu.so
7606606fe000-760660700000 rw-p 00021000 08:05 8397331                    /usr/lib/python3.12/lib-dynload/_sqlite3.cpython-312-x86_64-linux-gnu.so
760660700000-760660800000 rw-p 00000000 00:00 0 
760660800000-7606608b3000 r--p 00000000 08:05 8388997                    /usr/lib/x86_64-linux-gnu/libcrypto.so.3
7606608b3000-760660be6000 r-xp 000b3000 08:05 8388997                    /usr/lib/x86_64-linux-gnu/libcrypto.so.3
760660be6000-760660cb1000 r--p 003e6000 08:05 8388997                    /usr/lib/x86_64-linux-gnu/libcrypto.so.3
760660cb1000-760660d0d000 r--p 004b0000 08:05 8388997                    /usr/lib/x86_64-linux-gnu/libcrypto.so.3
760660d0d000-760660d10000 rw-p 0050c000 08:05 8388997                    /usr/lib/x86_64-linux-gnu/libcrypto.so.3
760660d10000-760660d13000 rw-p 00000000 00:00 0 
760660d17000-760660d2b000 rw-p 00000000 00:00 0 
760660d2b000-760660d2d000 r--p 00000000 08:05 8388634                    /usr/lib/x86_64-linux-gnu/libbz2.so.1.0.4
760660d2d000-760660d3b000 r-xp 00002000 08:05 8388634                    /usr/lib/x86_64-linux-gnu/libbz2.so.1.0.4
760660d3b000-760660d3d000 r--p 00010000 08:05 8388634                    /usr/lib/x86_64-linux-gnu/libbz2.so.1.0.4
760660d3d000-760660d3e000 r--p 00011000 08:05 8388634                    /usr/lib/x86_64-linux-gnu/libbz2.so.1.0.4
760660d3e000-760660d3f000 rw-p 00012000 08:05 8388634                    /usr/lib/x86_64-linux-gnu/libbz2.so.1.0.4
760660d42000-760660d46000 rw-p 00000000 00:00 0 
760660d46000-760660d48000 r--p 00000000 fc:00 34896621                   /home/henriqueramos_qs/meta-learning-concept-drift/.venv/lib/python3.12/site-packages/psutil/_psutil_posix.abi3.so
760660d48000-760660d4a000 r-xp 00002000 fc:00 34896621                   /home/henriqueramos_qs/meta-learning-concept-drift/.venv/lib/python3.12/site-packages/psutil/_psutil_posix.abi3.so
760660d4a000-760660d4b000 r--p 00004000 fc:00 34896621                   /home/henriqueramos_qs/meta-learning-concept-drift/.venv/lib/python3.12/site-packages/psutil/_psutil_posix.abi3.so
760660d4b000-760660d4c000 r--p 00004000 fc:00 34896621                   /home/henriqueramos_qs/meta-learning-concept-drift/.venv/lib/python3.12/site-packages/psutil/_psutil_posix.abi3.so
760660d4c000-760660d4d000 rw-p 00005000 fc:00 34896621                   /home/henriqueramos_qs/meta-learning-concept-drift/.venv/lib/python3.12/site-packages/psutil/_psutil_posix.abi3.so
760660d4d000-760660d4f000 r--p 00000000 08:05 8397325                    /usr/lib/python3.12/lib-dynload/_lsprof.cpython-312-x86_64-linux-gnu.so
760660d4f000-760660d52000 r-xp 00002000 08:05 8397325                    /usr/lib/python3.12/lib-dynload/_lsprof.cpython-312-x86_64-linux-gnu.so
760660d52000-760660d54000 r--p 00005000 08:05 8397325                    /usr/lib/python3.12/lib-dynload/_lsprof.cpython-312-x86_64-linux-gnu.so
760660d54000-760660d55000 r--p 00006000 08:05 8397325                    /usr/lib/python3.12/lib-dynload/_lsprof.cpython-312-x86_64-linux-gnu.so
760660d55000-760660d56000 rw-p 00007000 08:05 8397325                    /usr/lib/python3.12/lib-dynload/_lsprof.cpython-312-x86_64-linux-gnu.so
760660d56000-760660e56000 rw-p 00000000 00:00 0 
760660e56000-760660e74000 r--p 00000000 08:05 8388999                    /usr/lib/x86_64-linux-gnu/libssl.so.3
760660e74000-760660ed6000 r-xp 0001e000 08:05 8388999                    /usr/lib/x86_64-linux-gnu/libssl.so.3
760660ed6000-760660ef2000 r--p 00080000 08:05 8388999                    /usr/lib/x86_64-linux-gnu/libssl.so.3
760660ef2000-760660efc000 r--p 0009c000 08:05 8388999                    /usr/lib/x86_64-linux-gnu/libssl.so.3
760660efc000-760660f00000 rw-p 000a6000 08:05 8388999                    /usr/lib/x86_64-linux-gnu/libssl.so.3
760660f00000-760661000000 rw-p 00000000 00:00 0 
760661000000-76066109d000 r--p 00000000 08:05 8398454                    /usr/lib/x86_64-linux-gnu/libstdc++.so.6.0.33
76066109d000-7606611e5000 r-xp 0009d000 08:05 8398454                    /usr/lib/x86_64-linux-gnu/libstdc++.so.6.0.33
7606611e5000-76066126c000 r--p 001e5000 08:05 8398454                    /usr/lib/x86_64-linux-gnu/libstdc++.so.6.0.33
76066126c000-760661277000 r--p 0026b000 08:05 8398454                    /usr/lib/x86_64-linux-gnu/libstdc++.so.6.0.33
760661277000-76066127a000 rw-p 00276000 08:05 8398454                    /usr/lib/x86_64-linux-gnu/libstdc++.so.6.0.33
76066127a000-76066127e000 rw-p 00000000 00:00 0 
76066127e000-760661280000 r--p 00000000 fc:00 34896620                   /home/henriqueramos_qs/meta-learning-concept-drift/.venv/lib/python3.12/site-packages/psutil/_psutil_linux.abi3.so
760661280000-760661283000 r-xp 00002000 fc:00 34896620                   /home/henriqueramos_qs/meta-learning-concept-drift/.venv/lib/python3.12/site-packages/psutil/_psutil_linux.abi3.so
760661283000-760661284000 r--p 00005000 fc:00 34896620                   /home/henriqueramos_qs/meta-learning-concept-drift/.venv/lib/python3.12/site-packages/psutil/_psutil_linux.abi3.so
760661284000-760661285000 r--p 00005000 fc:00 34896620                   /home/henriqueramos_qs/meta-learning-concept-drift/.venv/lib/python3.12/site-packages/psutil/_psutil_linux.abi3.so
760661285000-760661286000 rw-p 00006000 fc:00 34896620                   /home/henriqueramos_qs/meta-learning-concept-drift/.venv/lib/python3.12/site-packages/psutil/_psutil_linux.abi3.so
760661286000-760661299000 r--p 00000000 08:05 8396008                    /usr/lib/python3.12/lib-dynload/_ssl.cpython-312-x86_64-linux-gnu.so
760661299000-7606612a6000 r-xp 00013000 08:05 8396008                    /usr/lib/python3.12/lib-dynload/_ssl.cpython-312-x86_64-linux-gnu.so
7606612a6000-7606612b4000 r--p 00020000 08:05 8396008                    /usr/lib/python3.12/lib-dynload/_ssl.cpython-312-x86_64-linux-gnu.so
7606612b4000-7606612b5000 r--p 0002d000 08:05 8396008                    /usr/lib/python3.12/lib-dynload/_ssl.cpython-312-x86_64-linux-gnu.so
7606612b5000-7606612be000 rw-p 0002e000 08:05 8396008                    /usr/lib/python3.12/lib-dynload/_ssl.cpython-312-x86_64-linux-gnu.so
7606612be000-7606613be000 rw-p 00000000 00:00 0 
7606613be000-7606613c0000 r--p 00000000 08:05 8397347                    /usr/lib/python3.12/lib-dynload/resource.cpython-312-x86_64-linux-gnu.so
7606613c0000-7606613c1000 r-xp 00002000 08:05 8397347                    /usr/lib/python3.12/lib-dynload/resource.cpython-312-x86_64-linux-gnu.so
7606613c1000-7606613c2000 r--p 00003000 08:05 8397347                    /usr/lib/python3.12/lib-dynload/resource.cpython-312-x86_64-linux-gnu.so
7606613c2000-7606613c3000 r--p 00003000 08:05 8397347                    /usr/lib/python3.12/lib-dynload/resource.cpython-312-x86_64-linux-gnu.so
7606613c3000-7606613c4000 rw-p 00004000 08:05 8397347                    /usr/lib/python3.12/lib-dynload/resource.cpython-312-x86_64-linux-gnu.so
7606613c4000-7606613c7000 r--p 00000000 08:05 8397326                    /usr/lib/python3.12/lib-dynload/_lzma.cpython-312-x86_64-linux-gnu.so
7606613c7000-7606613cc000 r-xp 00003000 08:05 8397326                    /usr/lib/python3.12/lib-dynload/_lzma.cpython-312-x86_64-linux-gnu.so
7606613cc000-7606613cf000 r--p 00008000 08:05 8397326                    /usr/lib/python3.12/lib-dynload/_lzma.cpython-312-x86_64-linux-gnu.so
7606613cf000-7606613d0000 r--p 0000a000 08:05 8397326                    /usr/lib/python3.12/lib-dynload/_lzma.cpython-312-x86_64-linux-gnu.so
7606613d0000-7606613d1000 rw-p 0000b000 08:05 8397326                    /usr/lib/python3.12/lib-dynload/_lzma.cpython-312-x86_64-linux-gnu.so
7606613d1000-7606613d8000 r--p 00000000 08:05 8397320                    /usr/lib/python3.12/lib-dynload/_curses.cpython-312-x86_64-linux-gnu.so
7606613d8000-7606613e3000 r-xp 00007000 08:05 8397320                    /usr/lib/python3.12/lib-dynload/_curses.cpython-312-x86_64-linux-gnu.so
7606613e3000-7606613ee000 r--p 00012000 08:05 8397320                    /usr/lib/python3.12/lib-dynload/_curses.cpython-312-x86_64-linux-gnu.so
7606613ee000-7606613ef000 r--p 0001c000 08:05 8397320                    /usr/lib/python3.12/lib-dynload/_curses.cpython-312-x86_64-linux-gnu.so
7606613ef000-7606613f1000 rw-p 0001d000 08:05 8397320                    /usr/lib/python3.12/lib-dynload/_curses.cpython-312-x86_64-linux-gnu.so
7606613f1000-7606613fe000 r--p 00000000 fc:00 34894754                   /home/henriqueramos_qs/meta-learning-concept-drift/.venv/lib/python3.12/site-packages/pyzmq.libs/libsodium-19479d6d.so.26.2.0
7606613fe000-7606614f4000 r-xp 0000d000 fc:00 34894754                   /home/henriqueramos_qs/meta-learning-concept-drift/.venv/lib/python3.12/site-packages/pyzmq.libs/libsodium-19479d6d.so.26.2.0
7606614f4000-760661509000 r--p 00103000 fc:00 34894754                   /home/henriqueramos_qs/meta-learning-concept-drift/.venv/lib/python3.12/site-packages/pyzmq.libs/libsodium-19479d6d.so.26.2.0
760661509000-76066150a000 r--p 00118000 fc:00 34894754                   /home/henriqueramos_qs/meta-learning-concept-drift/.venv/lib/python3.12/site-packages/pyzmq.libs/libsodium-19479d6d.so.26.2.0
76066150a000-76066150b000 rw-p 00119000 fc:00 34894754                   /home/henriqueramos_qs/meta-learning-concept-drift/.venv/lib/python3.12/site-packages/pyzmq.libs/libsodium-19479d6d.so.26.2.0
76066150b000-760661518000 rw-p 0011b000 fc:00 34894754                   /home/henriqueramos_qs/meta-learning-concept-drift/.venv/lib/python3.12/site-packages/pyzmq.libs/libsodium-19479d6d.so.26.2.0
760661518000-760661530000 r--p 00000000 fc:00 34894755                   /home/henriqueramos_qs/meta-learning-concept-drift/.venv/lib/python3.12/site-packages/pyzmq.libs/libzmq-7b073b3d.so.5.2.5
760661530000-7606615ba000 r-xp 00018000 fc:00 34894755                   /home/henriqueramos_qs/meta-learning-concept-drift/.venv/lib/python3.12/site-packages/pyzmq.libs/libzmq-7b073b3d.so.5.2.5
7606615ba000-7606615ef000 r--p 000a2000 fc:00 34894755                   /home/henriqueramos_qs/meta-learning-concept-drift/.venv/lib/python3.12/site-packages/pyzmq.libs/libzmq-7b073b3d.so.5.2.5
7606615ef000-7606615f6000 r--p 000d7000 fc:00 34894755                   /home/henriqueramos_qs/meta-learning-concept-drift/.venv/lib/python3.12/site-packages/pyzmq.libs/libzmq-7b073b3d.so.5.2.5
7606615f6000-7606615f7000 rw-p 000de000 fc:00 34894755                   /home/henriqueramos_qs/meta-learning-concept-drift/.venv/lib/python3.12/site-packages/pyzmq.libs/libzmq-7b073b3d.so.5.2.5
7606615f7000-760661600000 rw-p 000e0000 fc:00 34894755                   /home/henriqueramos_qs/meta-learning-concept-drift/.venv/lib/python3.12/site-packages/pyzmq.libs/libzmq-7b073b3d.so.5.2.5
760661600000-760661a00000 rw-p 00000000 00:00 0 
760661a00000-760661f75000 r--p 00000000 08:05 8389048                    /usr/lib/locale/locale-archive
760661f75000-760661f76000 ---p 00000000 00:00 0 
760661f76000-760661f77000 r--p 00000000 00:00 0 
760661f77000-760661f79000 r--p 00000000 08:05 8397309                    /usr/lib/python3.12/lib-dynload/_bz2.cpython-312-x86_64-linux-gnu.so
760661f79000-760661f7c000 r-xp 00002000 08:05 8397309                    /usr/lib/python3.12/lib-dynload/_bz2.cpython-312-x86_64-linux-gnu.so
760661f7c000-760661f7e000 r--p 00005000 08:05 8397309                    /usr/lib/python3.12/lib-dynload/_bz2.cpython-312-x86_64-linux-gnu.so
760661f7e000-760661f7f000 r--p 00006000 08:05 8397309                    /usr/lib/python3.12/lib-dynload/_bz2.cpython-312-x86_64-linux-gnu.so
760661f7f000-760661f80000 rw-p 00007000 08:05 8397309                    /usr/lib/python3.12/lib-dynload/_bz2.cpython-312-x86_64-linux-gnu.so
760661f80000-760661f84000 r--p 00000000 08:05 8396007                    /usr/lib/python3.12/lib-dynload/_hashlib.cpython-312-x86_64-linux-gnu.so
760661f84000-760661f8a000 r-xp 00004000 08:05 8396007                    /usr/lib/python3.12/lib-dynload/_hashlib.cpython-312-x86_64-linux-gnu.so
760661f8a000-760661f8e000 r--p 0000a000 08:05 8396007                    /usr/lib/python3.12/lib-dynload/_hashlib.cpython-312-x86_64-linux-gnu.so
760661f8e000-760661f8f000 r--p 0000d000 08:05 8396007                    /usr/lib/python3.12/lib-dynload/_hashlib.cpython-312-x86_64-linux-gnu.so
760661f8f000-760661f91000 rw-p 0000e000 08:05 8396007                    /usr/lib/python3.12/lib-dynload/_hashlib.cpython-312-x86_64-linux-gnu.so
760661f91000-760661f95000 r--p 00000000 08:05 8398492                    /usr/lib/x86_64-linux-gnu/libgcc_s.so.1
760661f95000-760661fb9000 r-xp 00004000 08:05 8398492                    /usr/lib/x86_64-linux-gnu/libgcc_s.so.1
760661fb9000-760661fbd000 r--p 00028000 08:05 8398492                    /usr/lib/x86_64-linux-gnu/libgcc_s.so.1
760661fbd000-760661fbe000 r--p 0002b000 08:05 8398492                    /usr/lib/x86_64-linux-gnu/libgcc_s.so.1
760661fbe000-760661fbf000 rw-p 0002c000 08:05 8398492                    /usr/lib/x86_64-linux-gnu/libgcc_s.so.1
760661fbf000-760661fc7000 r--p 00000000 fc:00 34894795                   /home/henriqueramos_qs/meta-learning-concept-drift/.venv/lib/python3.12/site-packages/zmq/backend/cython/_zmq.abi3.so
760661fc7000-760661feb000 r-xp 00008000 fc:00 34894795                   /home/henriqueramos_qs/meta-learning-concept-drift/.venv/lib/python3.12/site-packages/zmq/backend/cython/_zmq.abi3.so
760661feb000-760661ff6000 r--p 0002c000 fc:00 34894795                   /home/henriqueramos_qs/meta-learning-concept-drift/.venv/lib/python3.12/site-packages/zmq/backend/cython/_zmq.abi3.so
760661ff6000-760661ff8000 r--p 00037000 fc:00 34894795                   /home/henriqueramos_qs/meta-learning-concept-drift/.venv/lib/python3.12/site-packages/zmq/backend/cython/_zmq.abi3.so
760661ff8000-760661ffa000 rw-p 00039000 fc:00 34894795                   /home/henriqueramos_qs/meta-learning-concept-drift/.venv/lib/python3.12/site-packages/zmq/backend/cython/_zmq.abi3.so
760661ffa000-760661ffb000 rw-p 00000000 00:00 0 
760661ffb000-760662000000 rw-p 0003c000 fc:00 34894795                   /home/henriqueramos_qs/meta-learning-concept-drift/.venv/lib/python3.12/site-packages/zmq/backend/cython/_zmq.abi3.so
760662000000-760662028000 r--p 00000000 08:05 8419413                    /usr/lib/x86_64-linux-gnu/libc.so.6
760662028000-7606621b0000 r-xp 00028000 08:05 8419413                    /usr/lib/x86_64-linux-gnu/libc.so.6
7606621b0000-7606621ff000 r--p 001b0000 08:05 8419413                    /usr/lib/x86_64-linux-gnu/libc.so.6
7606621ff000-760662203000 r--p 001fe000 08:05 8419413                    /usr/lib/x86_64-linux-gnu/libc.so.6
760662203000-760662205000 rw-p 00202000 08:05 8419413                    /usr/lib/x86_64-linux-gnu/libc.so.6
760662205000-760662212000 rw-p 00000000 00:00 0 
760662212000-760662213000 r--p 00000000 00:00 0 
760662213000-760662216000 r--p 00000000 08:05 8397348                    /usr/lib/python3.12/lib-dynload/termios.cpython-312-x86_64-linux-gnu.so
760662216000-760662218000 r-xp 00003000 08:05 8397348                    /usr/lib/python3.12/lib-dynload/termios.cpython-312-x86_64-linux-gnu.so
760662218000-76066221a000 r--p 00005000 08:05 8397348                    /usr/lib/python3.12/lib-dynload/termios.cpython-312-x86_64-linux-gnu.so
76066221a000-76066221b000 r--p 00006000 08:05 8397348                    /usr/lib/python3.12/lib-dynload/termios.cpython-312-x86_64-linux-gnu.so
76066221b000-76066221d000 rw-p 00007000 08:05 8397348                    /usr/lib/python3.12/lib-dynload/termios.cpython-312-x86_64-linux-gnu.so
76066221d000-76066221e000 r--p 00000000 fc:00 34894569                   /home/henriqueramos_qs/meta-learning-concept-drift/.venv/lib/python3.12/site-packages/tornado/speedups.abi3.so
76066221e000-76066221f000 r-xp 00001000 fc:00 34894569                   /home/henriqueramos_qs/meta-learning-concept-drift/.venv/lib/python3.12/site-packages/tornado/speedups.abi3.so
76066221f000-760662220000 r--p 00002000 fc:00 34894569                   /home/henriqueramos_qs/meta-learning-concept-drift/.venv/lib/python3.12/site-packages/tornado/speedups.abi3.so
760662220000-760662221000 r--p 00002000 fc:00 34894569                   /home/henriqueramos_qs/meta-learning-concept-drift/.venv/lib/python3.12/site-packages/tornado/speedups.abi3.so
760662221000-760662222000 rw-p 00003000 fc:00 34894569                   /home/henriqueramos_qs/meta-learning-concept-drift/.venv/lib/python3.12/site-packages/tornado/speedups.abi3.so
760662222000-760662224000 r--p 00000000 08:05 8397330                    /usr/lib/python3.12/lib-dynload/_queue.cpython-312-x86_64-linux-gnu.so
760662224000-760662226000 r-xp 00002000 08:05 8397330                    /usr/lib/python3.12/lib-dynload/_queue.cpython-312-x86_64-linux-gnu.so
760662226000-760662227000 r--p 00004000 08:05 8397330                    /usr/lib/python3.12/lib-dynload/_queue.cpython-312-x86_64-linux-gnu.so
760662227000-760662228000 r--p 00004000 08:05 8397330                    /usr/lib/python3.12/lib-dynload/_queue.cpython-312-x86_64-linux-gnu.so
760662228000-760662229000 rw-p 00005000 08:05 8397330                    /usr/lib/python3.12/lib-dynload/_queue.cpython-312-x86_64-linux-gnu.so
760662229000-76066222d000 r--p 00000000 08:05 8397308                    /usr/lib/python3.12/lib-dynload/_asyncio.cpython-312-x86_64-linux-gnu.so
76066222d000-760662236000 r-xp 00004000 08:05 8397308                    /usr/lib/python3.12/lib-dynload/_asyncio.cpython-312-x86_64-linux-gnu.so
760662236000-76066223b000 r--p 0000d000 08:05 8397308                    /usr/lib/python3.12/lib-dynload/_asyncio.cpython-312-x86_64-linux-gnu.so
76066223b000-76066223c000 r--p 00011000 08:05 8397308                    /usr/lib/python3.12/lib-dynload/_asyncio.cpython-312-x86_64-linux-gnu.so
76066223c000-76066223e000 rw-p 00012000 08:05 8397308                    /usr/lib/python3.12/lib-dynload/_asyncio.cpython-312-x86_64-linux-gnu.so
76066223e000-76066223f000 r--p 00000000 08:05 8397316                    /usr/lib/python3.12/lib-dynload/_contextvars.cpython-312-x86_64-linux-gnu.so
76066223f000-760662240000 r-xp 00001000 08:05 8397316                    /usr/lib/python3.12/lib-dynload/_contextvars.cpython-312-x86_64-linux-gnu.so
760662240000-760662241000 r--p 00002000 08:05 8397316                    /usr/lib/python3.12/lib-dynload/_contextvars.cpython-312-x86_64-linux-gnu.so
760662241000-760662242000 r--p 00002000 08:05 8397316                    /usr/lib/python3.12/lib-dynload/_contextvars.cpython-312-x86_64-linux-gnu.so
760662242000-760662243000 rw-p 00003000 08:05 8397316                    /usr/lib/python3.12/lib-dynload/_contextvars.cpython-312-x86_64-linux-gnu.so
760662243000-760662245000 r--p 00000000 08:05 8397324                    /usr/lib/python3.12/lib-dynload/_json.cpython-312-x86_64-linux-gnu.so
760662245000-76066224c000 r-xp 00002000 08:05 8397324                    /usr/lib/python3.12/lib-dynload/_json.cpython-312-x86_64-linux-gnu.so
76066224c000-76066224e000 r--p 00009000 08:05 8397324                    /usr/lib/python3.12/lib-dynload/_json.cpython-312-x86_64-linux-gnu.so
76066224e000-76066224f000 r--p 0000a000 08:05 8397324                    /usr/lib/python3.12/lib-dynload/_json.cpython-312-x86_64-linux-gnu.so
76066224f000-760662250000 rw-p 0000b000 08:05 8397324                    /usr/lib/python3.12/lib-dynload/_json.cpython-312-x86_64-linux-gnu.so
760662250000-7606622b4000 rw-p 00000000 00:00 0 
7606622b4000-7606622b8000 r--p 00000000 08:05 8390286                    /usr/lib/x86_64-linux-gnu/libexpat.so.1.9.1
7606622b8000-7606622d5000 r-xp 00004000 08:05 8390286                    /usr/lib/x86_64-linux-gnu/libexpat.so.1.9.1
7606622d5000-7606622dd000 r--p 00021000 08:05 8390286                    /usr/lib/x86_64-linux-gnu/libexpat.so.1.9.1
7606622dd000-7606622df000 r--p 00028000 08:05 8390286                    /usr/lib/x86_64-linux-gnu/libexpat.so.1.9.1
7606622df000-7606622e0000 rw-p 0002a000 08:05 8390286                    /usr/lib/x86_64-linux-gnu/libexpat.so.1.9.1
7606622e0000-7606622e2000 r--p 00000000 08:05 8405465                    /usr/lib/x86_64-linux-gnu/libz.so.1.3
7606622e2000-7606622f4000 r-xp 00002000 08:05 8405465                    /usr/lib/x86_64-linux-gnu/libz.so.1.3
7606622f4000-7606622fa000 r--p 00014000 08:05 8405465                    /usr/lib/x86_64-linux-gnu/libz.so.1.3
7606622fa000-7606622fb000 r--p 0001a000 08:05 8405465                    /usr/lib/x86_64-linux-gnu/libz.so.1.3
7606622fb000-7606622fc000 rw-p 0001b000 08:05 8405465                    /usr/lib/x86_64-linux-gnu/libz.so.1.3
7606622fc000-76066230c000 r--p 00000000 08:05 8419746                    /usr/lib/x86_64-linux-gnu/libm.so.6
76066230c000-76066238b000 r-xp 00010000 08:05 8419746                    /usr/lib/x86_64-linux-gnu/libm.so.6
76066238b000-7606623e3000 r--p 0008f000 08:05 8419746                    /usr/lib/x86_64-linux-gnu/libm.so.6
7606623e3000-7606623e4000 r--p 000e7000 08:05 8419746                    /usr/lib/x86_64-linux-gnu/libm.so.6
7606623e4000-7606623e5000 rw-p 000e8000 08:05 8419746                    /usr/lib/x86_64-linux-gnu/libm.so.6
7606623e5000-7606623e6000 ---p 00000000 00:00 0 
7606623e6000-7606623e7000 rwxp 00000000 00:00 0 
7606623e7000-7606623e8000 r--p 00000000 08:05 8420174                    /usr/lib/x86_64-linux-gnu/librt.so.1
7606623e8000-7606623e9000 r-xp 00001000 08:05 8420174                    /usr/lib/x86_64-linux-gnu/librt.so.1
7606623e9000-7606623ea000 r--p 00002000 08:05 8420174                    /usr/lib/x86_64-linux-gnu/librt.so.1
7606623ea000-7606623eb000 r--p 00002000 08:05 8420174                    /usr/lib/x86_64-linux-gnu/librt.so.1
7606623eb000-7606623ec000 rw-p 00003000 08:05 8420174                    /usr/lib/x86_64-linux-gnu/librt.so.1
7606623ec000-7606623ed000 r--p 00000000 08:05 8420150                    /usr/lib/x86_64-linux-gnu/libpthread.so.0
7606623ed000-7606623ee000 r-xp 00001000 08:05 8420150                    /usr/lib/x86_64-linux-gnu/libpthread.so.0
7606623ee000-7606623ef000 r--p 00002000 08:05 8420150                    /usr/lib/x86_64-linux-gnu/libpthread.so.0
7606623ef000-7606623f0000 r--p 00002000 08:05 8420150                    /usr/lib/x86_64-linux-gnu/libpthread.so.0
7606623f0000-7606623f1000 rw-p 00003000 08:05 8420150                    /usr/lib/x86_64-linux-gnu/libpthread.so.0
7606623f1000-7606623f5000 rw-p 00000000 00:00 0 
7606623f5000-7606623fc000 r--s 00000000 08:05 8418918                    /usr/lib/x86_64-linux-gnu/gconv/gconv-modules.cache
7606623fc000-7606623fe000 rw-p 00000000 00:00 0 
7606623fe000-760662400000 r--p 00000000 00:00 0                          [vvar]
760662400000-760662402000 r--p 00000000 00:00 0                          [vvar_vclock]
760662402000-760662404000 r-xp 00000000 00:00 0                          [vdso]
760662404000-760662405000 r--p 00000000 08:05 8419229                    /usr/lib/x86_64-linux-gnu/ld-linux-x86-64.so.2
760662405000-760662430000 r-xp 00001000 08:05 8419229                    /usr/lib/x86_64-linux-gnu/ld-linux-x86-64.so.2
760662430000-76066243a000 r--p 0002c000 08:05 8419229                    /usr/lib/x86_64-linux-gnu/ld-linux-x86-64.so.2
76066243a000-76066243c000 r--p 00036000 08:05 8419229                    /usr/lib/x86_64-linux-gnu/ld-linux-x86-64.so.2
76066243c000-76066243e000 rw-p 00038000 08:05 8419229                    /usr/lib/x86_64-linux-gnu/ld-linux-x86-64.so.2
7fff85665000-7fff85669000 ---p 00000000 00:00 0 
7fff85669000-7fff85e63000 rw-p 00000000 00:00 0                          [stack]
ffffffffff600000-ffffffffff601000 --xp 00000000 00:00 0                  [vsyscall]
Total number of mappings: 2584

JVMTI agents: none


VM Arguments:
jvm_args: -Xmx8g -Xss10M 
java_command: <unknown>
java_class_path (initial): /home/henriqueramos_qs/meta-learning-concept-drift/.venv/lib/python3.12/site-packages/capymoa/jar/moa.jar:/home/henriqueramos_qs/meta-learning-concept-drift/.venv/lib/python3.12/site-packages/org.jpype.jar
Launcher Type: generic

[Global flags]
     intx CICompilerCount                          = 18                                        {product} {ergonomic}
     uint ConcGCThreads                            = 16                                        {product} {ergonomic}
     uint G1ConcRefinementThreads                  = 63                                        {product} {ergonomic}
   size_t G1HeapRegionSize                         = 4194304                                   {product} {ergonomic}
    uintx GCDrainStackTargetSize                   = 64                                        {product} {ergonomic}
   size_t InitialHeapSize                          = 2147483648                                {product} {ergonomic}
   size_t MarkStackSize                            = 4194304                                   {product} {ergonomic}
   size_t MaxHeapSize                              = 8589934592                                {product} {command line}
   size_t MaxNewSize                               = 5150605312                                {product} {ergonomic}
   size_t MinHeapDeltaBytes                        = 4194304                                   {product} {ergonomic}
   size_t MinHeapSize                              = 8388608                                   {product} {ergonomic}
    uintx NonNMethodCodeHeapSize                   = 8782280                                {pd product} {ergonomic}
    uintx NonProfiledCodeHeapSize                  = 121437980                              {pd product} {ergonomic}
    uintx ProfiledCodeHeapSize                     = 121437980                              {pd product} {ergonomic}
    uintx ReservedCodeCacheSize                    = 251658240                              {pd product} {ergonomic}
     bool SegmentedCodeCache                       = true                                      {product} {ergonomic}
   size_t SoftMaxHeapSize                          = 8589934592                             {manageable} {ergonomic}
     intx ThreadStackSize                          = 10240                                  {pd product} {command line}
     bool UseCompressedOops                        = true                           {product lp64_product} {ergonomic}
     bool UseG1GC                                  = true                                      {product} {ergonomic}

Logging:
Log output configuration:
 #0: stdout all=warning uptime,level,tags foldmultilines=false
 #1: stderr all=off uptime,level,tags foldmultilines=false

Environment Variables:
JAVA_HOME=/usr/lib/jvm/java-21-openjdk-amd64
PATH=/home/henriqueramos_qs/meta-learning-concept-drift/.venv/bin:/home/henriqueramos_qs/.vscode-server/cli/servers/Stable-f220831ea2d946c0dcb0f3eaa480eb435a2c1260/server/bin/remote-cli:/usr/local/sbin:/usr/local/bin:/usr/sbin:/usr/bin:/sbin:/bin:/usr/games:/usr/local/games:/snap/bin
SHELL=/bin/bash
LANG=en_US.UTF-8
TERM=xterm-color

Active Locale:
LC_ALL=LC_CTYPE=en_US.UTF-8;LC_NUMERIC=C;LC_TIME=C;LC_COLLATE=C;LC_MONETARY=C;LC_MESSAGES=C;LC_PAPER=en_US.UTF-8;LC_NAME=en_US.UTF-8;LC_ADDRESS=en_US.UTF-8;LC_TELEPHONE=en_US.UTF-8;LC_MEASUREMENT=en_US.UTF-8;LC_IDENTIFICATION=en_US.UTF-8
LC_COLLATE=C
LC_CTYPE=en_US.UTF-8
LC_MESSAGES=C
LC_MONETARY=C
LC_NUMERIC=C
LC_TIME=C

Signal Handlers:
   SIGSEGV: crash_handler in libjvm.so, mask=11100100010111111101111111111110, flags=SA_RESTART|SA_SIGINFO, unblocked
    SIGBUS: crash_handler in libjvm.so, mask=11100100010111111101111111111110, flags=SA_RESTART|SA_SIGINFO, unblocked
    SIGFPE: crash_handler in libjvm.so, mask=11100100010111111101111111111110, flags=SA_RESTART|SA_SIGINFO, unblocked
   SIGPIPE: javaSignalHandler in libjvm.so, mask=11100100010111111101111111111110, flags=SA_RESTART|SA_SIGINFO, blocked
   SIGXFSZ: javaSignalHandler in libjvm.so, mask=11100100010111111101111111111110, flags=SA_RESTART|SA_SIGINFO, blocked
    SIGILL: crash_handler in libjvm.so, mask=11100100010111111101111111111110, flags=SA_RESTART|SA_SIGINFO, unblocked
   SIGUSR2: SR_handler in libjvm.so, mask=00000000000000000000000000000000, flags=SA_RESTART|SA_SIGINFO, blocked
    SIGHUP: UserHandler in libjvm.so, mask=11100100010111111101111111111110, flags=SA_RESTART|SA_SIGINFO, blocked
    SIGINT: SIG_IGN, mask=00000000000000000000000000000000, flags=SA_ONSTACK, blocked
   SIGTERM: UserHandler in libjvm.so, mask=11100100010111111101111111111110, flags=SA_RESTART|SA_SIGINFO, blocked
   SIGQUIT: UserHandler in libjvm.so, mask=11100100010111111101111111111110, flags=SA_RESTART|SA_SIGINFO, blocked
   SIGTRAP: crash_handler in libjvm.so, mask=11100100010111111101111111111110, flags=SA_RESTART|SA_SIGINFO, unblocked


Periodic native trim disabled

---------------  S Y S T E M  ---------------

OS:
DISTRIB_ID=Ubuntu
DISTRIB_RELEASE=24.04
DISTRIB_CODENAME=noble
DISTRIB_DESCRIPTION="Ubuntu 24.04.3 LTS"
uname: Linux 6.14.0-29-generic #29~24.04.1-Ubuntu SMP PREEMPT_DYNAMIC Thu Aug 14 16:52:50 UTC 2 x86_64
OS uptime: 0 days 20:26 hours
libc: glibc 2.39 NPTL 2.39 
rlimit (soft/hard): STACK 8192k/infinity , CORE 0k/infinity , NPROC 767845/767845 , NOFILE 1048576/1048576 , AS infinity/infinity , CPU infinity/infinity , DATA infinity/infinity , FSIZE infinity/infinity , MEMLOCK 24582032k/24582032k
load average: 0.75 0.57 0.40

/proc/meminfo:
MemTotal:       196656284 kB
MemFree:        106724968 kB
MemAvailable:   188600916 kB
Buffers:          793148 kB
Cached:         81123356 kB
SwapCached:            0 kB
Active:         54678556 kB
Inactive:       31377420 kB
Active(anon):    4161024 kB
Inactive(anon):        0 kB
Active(file):   50517532 kB
Inactive(file): 31377420 kB
Unevictable:       10256 kB
Mlocked:               0 kB
SwapTotal:       8388604 kB
SwapFree:        8388604 kB
Zswap:                 0 kB
Zswapped:              0 kB
Dirty:               384 kB
Writeback:             0 kB
AnonPages:       4135444 kB
Mapped:           933504 kB
Shmem:             21560 kB
KReclaimable:    1428204 kB
Slab:            2392680 kB
SReclaimable:    1428204 kB
SUnreclaim:       964476 kB
KernelStack:       36544 kB
PageTables:        94064 kB
SecPageTables:     19140 kB
NFS_Unstable:          0 kB
Bounce:                0 kB
WritebackTmp:          0 kB
CommitLimit:    106716744 kB
Committed_AS:   15457628 kB
VmallocTotal:   34359738367 kB
VmallocUsed:      382224 kB
VmallocChunk:          0 kB
Percpu:           279552 kB
HardwareCorrupted:     0 kB
AnonHugePages:         0 kB
ShmemHugePages:        0 kB
ShmemPmdMapped:        0 kB
FileHugePages:         0 kB
FilePmdMapped:         0 kB
Unaccepted:            0 kB
HugePages_Total:       0
HugePages_Free:        0
HugePages_Rsvd:        0
HugePages_Surp:        0
Hugepagesize:       2048 kB
Hugetlb:               0 kB
DirectMap4k:     2187628 kB
DirectMap2M:    55138304 kB
DirectMap1G:    144703488 kB

/sys/kernel/mm/transparent_hugepage/enabled: always [madvise] never
/sys/kernel/mm/transparent_hugepage/hpage_pmd_size: 2097152
/sys/kernel/mm/transparent_hugepage/defrag (defrag/compaction efforts parameter): always defer defer+madvise [madvise] never

Process Memory:
Virtual Size: 22321372K (peak: 22321372K)
Resident Set Size: 848456K (peak: 856148K) (anon: 562460K, file: 285996K, shmem: 0K)
Swapped out: 0K
C-Heap outstanding allocations: 298247K, retained: 95696K
glibc malloc tunables: (default)

/proc/sys/kernel/threads-max (system-wide limit on the number of threads): 1535691
/proc/sys/vm/max_map_count (maximum number of memory map areas a process may have): 1048576
/proc/sys/vm/swappiness (control to define how aggressively the kernel swaps out anonymous memory): 60
/proc/sys/kernel/pid_max (system-wide limit on number of process identifiers): 4194304

container information not found.
Steal ticks since vm start: 0
Steal ticks percentage since vm start:  0.000

CPU: total 96 (initial active 96) (24 cores per cpu, 2 threads per core) family 6 model 85 stepping 7 microcode 0x5003901, cx8, cmov, fxsr, ht, mmx, 3dnowpref, sse, sse2, sse3, ssse3, sse4.1, sse4.2, popcnt, lzcnt, tsc, tscinvbit, avx, avx2, aes, erms, clmul, bmi1, bmi2, adx, avx512f, avx512dq, avx512cd, avx512bw, avx512vl, fma, vzeroupper, avx512_vnni, clflush, clflushopt, clwb, rdtscp, f16c, pku, ospke
CPU Model and flags from /proc/cpuinfo:
model name	: Intel(R) Xeon(R) Gold 5220R CPU @ 2.20GHz
flags		: fpu vme de pse tsc msr pae mce cx8 apic sep mtrr pge mca cmov pat pse36 clflush dts acpi mmx fxsr sse sse2 ss ht tm pbe syscall nx pdpe1gb rdtscp lm constant_tsc art arch_perfmon pebs bts rep_good nopl xtopology nonstop_tsc cpuid aperfmperf pni pclmulqdq dtes64 monitor ds_cpl vmx smx est tm2 ssse3 sdbg fma cx16 xtpr pdcm pcid dca sse4_1 sse4_2 x2apic movbe popcnt tsc_deadline_timer aes xsave avx f16c rdrand lahf_lm abm 3dnowprefetch cpuid_fault epb cat_l3 cdp_l3 intel_ppin ssbd mba ibrs ibpb stibp ibrs_enhanced tpr_shadow flexpriority ept vpid ept_ad fsgsbase tsc_adjust bmi1 avx2 smep bmi2 erms invpcid cqm mpx rdt_a avx512f avx512dq rdseed adx smap clflushopt clwb intel_pt avx512cd avx512bw avx512vl xsaveopt xsavec xgetbv1 xsaves cqm_llc cqm_occup_llc cqm_mbm_total cqm_mbm_local dtherm ida arat pln pts vnmi pku ospke avx512_vnni md_clear flush_l1d arch_capabilities

Online cpus: 0-95
Offline cpus: 
BIOS frequency limitation: <Not Available>
Frequency switch latency (ns): 20000
Available cpu frequencies: <Not Available>
Current governor: schedutil
Core performance/turbo boost: <Not Available>

Memory: 4k page, physical 196656284k(188613228k free), swap 8388604k(8388604k free)
Page Sizes: 4k

vm_info: OpenJDK 64-Bit Server VM (21.0.8+9-Ubuntu-0ubuntu124.04.1) for linux-amd64 JRE (21.0.8+9-Ubuntu-0ubuntu124.04.1), built on 2025-07-16T21:55:59Z by "buildd" with gcc 13.3.0

END.
