#
# A fatal error has been detected by the Java Runtime Environment:
#
#  SIGSEGV (0xb) at pc=0x0000000000584df4, pid=2165515, tid=3333333
#
# JRE version: OpenJDK Runtime Environment (21.0.8+9) (build 21.0.8+9-Ubuntu-0ubuntu124.04.1)
# Java VM: OpenJDK 64-Bit Server VM (21.0.8+9-Ubuntu-0ubuntu124.04.1, mixed mode, sharing, tiered, compressed oops, compressed class ptrs, g1 gc, linux-amd64)
# Problematic frame:
# C  [python+0x184df4]  PyObject_RichCompareBool+0x44
#
# Core dump will be written. Default location: Core dumps may be processed with "/usr/share/apport/apport -p%p -s%s -c%c -d%d -P%P -u%u -g%g -F%F -- %E" (or dumping to /home/henriqueramos_qs/meta-learning-concept-drift/notebooks/core.2165515)
#
# If you would like to submit a bug report, please visit:
#   https://bugs.launchpad.net/ubuntu/+source/openjdk-21
# The crash happened outside the Java Virtual Machine in native code.
# See problematic frame for where to report the bug.
#

---------------  S U M M A R Y ------------

Command Line: -Xmx8g -Xss10M 

Host: Intel(R) Xeon(R) Gold 5220R CPU @ 2.20GHz, 96 cores, 187G, Ubuntu 24.04.3 LTS
Time: Wed Sep 10 19:11:55 2025 -03 elapsed time: 14059.515956 seconds (0d 3h 54m 19s)

---------------  T H R E A D  ---------------

Current thread (0x0000728988009110):  JavaThread "SIGTERM handler" daemon [_thread_in_native, id=3333333, stack(0x0000728867400000,0x0000728867e00000) (10240K)]

Stack: [0x0000728867400000,0x0000728867e00000],  sp=0x0000728867dfe650,  free space=10233k
Native frames: (J=compiled Java code, j=interpreted, Vv=VM code, C=native code)
C  [python+0x184df4]  PyObject_RichCompareBool+0x44
C  [python+0x23545a]
C  [python+0xf9767]  PyErr_SetInterruptEx+0x32
j  org.jpype.JPypeSignal.interruptPy(I)V+0
j  org.jpype.JPypeSignal.lambda$getSignalHandler$0(ILjava/lang/Object;Ljava/lang/reflect/Method;[Ljava/lang/Object;)Ljava/lang/Object;+7
j  org.jpype.JPypeSignal$$Lambda+0x00007289a4007870.invoke(Ljava/lang/Object;Ljava/lang/reflect/Method;[Ljava/lang/Object;)Ljava/lang/Object;+7
j  jdk.proxy2.$Proxy3.handle(Lsun/misc/Signal;)V+16 jdk.proxy2
j  sun.misc.Signal$InternalMiscHandler.handle(Ljdk/internal/misc/Signal;)V+8 jdk.unsupported@21.0.8
j  jdk.internal.misc.Signal$1.run()V+8 java.base@21.0.8
j  java.lang.Thread.runWith(Ljava/lang/Object;Ljava/lang/Runnable;)V+5 java.base@21.0.8
j  java.lang.Thread.run()V+19 java.base@21.0.8
v  ~StubRoutines::call_stub 0x0000728a129cfcc6
V  [libjvm.so+0x911e2a]  JavaCalls::call_helper(JavaValue*, methodHandle const&, JavaCallArguments*, JavaThread*)+0x2da
V  [libjvm.so+0x913612]  JavaCalls::call_virtual(JavaValue*, Handle, Klass*, Symbol*, Symbol*, JavaThread*)+0x1a2
V  [libjvm.so+0x9ef2e3]  thread_entry(JavaThread*, JavaThread*)+0x93
V  [libjvm.so+0x929f66]  JavaThread::thread_main_inner()+0x1e6
V  [libjvm.so+0xf8dba7]  Thread::call_run()+0xa7
V  [libjvm.so+0xd044d5]  thread_native_entry(Thread*)+0xd5
C  [libc.so.6+0x9caa4]
Java frames: (J=compiled Java code, j=interpreted, Vv=VM code)
j  org.jpype.JPypeSignal.interruptPy(I)V+0
j  org.jpype.JPypeSignal.lambda$getSignalHandler$0(ILjava/lang/Object;Ljava/lang/reflect/Method;[Ljava/lang/Object;)Ljava/lang/Object;+7
j  org.jpype.JPypeSignal$$Lambda+0x00007289a4007870.invoke(Ljava/lang/Object;Ljava/lang/reflect/Method;[Ljava/lang/Object;)Ljava/lang/Object;+7
j  jdk.proxy2.$Proxy3.handle(Lsun/misc/Signal;)V+16 jdk.proxy2
j  sun.misc.Signal$InternalMiscHandler.handle(Ljdk/internal/misc/Signal;)V+8 jdk.unsupported@21.0.8
j  jdk.internal.misc.Signal$1.run()V+8 java.base@21.0.8
j  java.lang.Thread.runWith(Ljava/lang/Object;Ljava/lang/Runnable;)V+5 java.base@21.0.8
j  java.lang.Thread.run()V+19 java.base@21.0.8
v  ~StubRoutines::call_stub 0x0000728a129cfcc6

siginfo: si_signo: 11 (SIGSEGV), si_code: 1 (SEGV_MAPERR), si_addr: 0x0000000000000024

Registers:
RAX=0xfffffffffffffff8, RBX=0x0000000000000000, RCX=0x0000000000000003, RDX=0x0000000000000002
RSP=0x0000728867dfe650, RBP=0x0000728867dfe690, RSI=0x0000000000b37428, RDI=0x0000000000b37408
R8 =0x0000000000000004, R9 =0x0000000000000000, R10=0x0000728a129dba91, R11=0x00000006004c7858
R12=0x0000000000b37428, R13=0x0000000000b37408, R14=0x0000000000000002, R15=0x0000728988009110
RIP=0x0000000000584df4, EFLAGS=0x0000000000010206, CSGSFS=0x002b000000000033, ERR=0x0000000000000004
  TRAPNO=0x000000000000000e

XMM[0]=0xffffffffffffffff 0xffffffff0000000e
XMM[1]=0x0000728988009860 0x0000728988009850
XMM[2]=0x0000728988009860 0x0000728988009850
XMM[3]=0x0000000000000000 0x0000000001350000
XMM[4]=0x0000000000000000 0x0000000000000000
XMM[5]=0x0000000000000000 0x0000728988009110
XMM[6]=0x0000000000000000 0x0000728988009110
XMM[7]=0x0000728a242c4bf8 0x0000000000000004
XMM[8]=0x0000000000000000 0x0000000000000000
XMM[9]=0x6161616115190415 0x0f0e220d0e13150f
XMM[10]=0x0e22121204020220 0x050415081304090f
XMM[11]=0x0000000000000000 0x0000728a23fc0420
XMM[12]=0x0000000000000000 0x0000000000000000
XMM[13]=0x0000000000000000 0x0000000000000000
XMM[14]=0x0000000000000000 0x0000000000000000
XMM[15]=0x0000000000000000 0x0000000000000000
  MXCSR=0x00001fa2


Register to memory mapping:

RAX=0xfffffffffffffff8 is an unknown value
RBX=0x0 is null
RCX=0x0000000000000003 is an unknown value
RDX=0x0000000000000002 is an unknown value
RSP=0x0000728867dfe650 is pointing into the stack for thread: 0x0000728988009110
RBP=0x0000728867dfe690 is pointing into the stack for thread: 0x0000728988009110
RSI=0x0000000000b37428: _PyRuntime+0x0000000000000ce8 in /home/henriqueramos_qs/meta-learning-concept-drift/.venv/bin/python at 0x0000000000400000
RDI=0x0000000000b37408: _PyRuntime+0x0000000000000cc8 in /home/henriqueramos_qs/meta-learning-concept-drift/.venv/bin/python at 0x0000000000400000
R8 =0x0000000000000004 is an unknown value
R9 =0x0 is null
R10=0x0000728a129dba91 is at code_begin+1009 in an Interpreter codelet
native method entry point (kind = native)  [0x0000728a129db6a0, 0x0000728a129dc210]  2928 bytes
R11=0x00000006004c7858 is an oop: java.lang.Class 
{0x00000006004c7858} - klass: 'java/lang/Class'
 - ---- fields (total size 15 words):
 - private volatile transient 'classRedefinedCount' 'I' @12  0 (0x00000000)
 - injected 'klass' 'J' @16  125935487579752 (0x00007289a4007668)
 - injected 'array_klass' 'J' @24  0 (0x0000000000000000)
 - injected 'oop_size' 'I' @32  15 (0x0000000f)
 - injected 'static_oop_field_count' 'I' @36  1 (0x00000001)
 - private volatile transient 'cachedConstructor' 'Ljava/lang/reflect/Constructor;' @40  null (0x00000000)
 - private transient 'name' 'Ljava/lang/String;' @44  "org.jpype.JPypeSignal"{0x00000006004c78d0} (0xc0098f1a)
 - private transient 'module' 'Ljava/lang/Module;' @48  a 'java/lang/Module'{0x00000006008e9850} (0xc011d30a)
 - private final 'classLoader' 'Ljava/lang/ClassLoader;' @52  a 'jdk/internal/loader/ClassLoaders$AppClassLoader'{0x00000006008e97e8} (0xc011d2fd)
 - private transient 'classData' 'Ljava/lang/Object;' @56  null (0x00000000)
 - private transient 'packageName' 'Ljava/lang/String;' @60  "org.jpype"{0x0000000600476a70} (0xc008ed4e)
 - private final 'componentType' 'Ljava/lang/Class;' @64  null (0x00000000)
 - private volatile transient 'reflectionData' 'Ljava/lang/ref/SoftReference;' @68  null (0x00000000)
 - private volatile transient 'genericInfo' 'Lsun/reflect/generics/repository/ClassRepository;' @72  null (0x00000000)
 - private volatile transient 'enumConstants' '[Ljava/lang/Object;' @76  null (0x00000000)
 - private volatile transient 'enumConstantDirectory' 'Ljava/util/Map;' @80  null (0x00000000)
 - private volatile transient 'annotationData' 'Ljava/lang/Class$AnnotationData;' @84  null (0x00000000)
 - private volatile transient 'annotationType' 'Lsun/reflect/annotation/AnnotationType;' @88  null (0x00000000)
 - transient 'classValueMap' 'Ljava/lang/ClassValue$ClassValueMap;' @92  null (0x00000000)
 - injected 'protection_domain' 'Ljava/lang/Object;' @96  a 'java/security/ProtectionDomain'{0x0000000600477258} (0xc008ee4b)
 - injected 'signers_name' 'Ljava/lang/Object;' @100  null (0x00000000)
 - injected 'source_file' 'Ljava/lang/Object;' @104  null (0x00000000)
 - injected '<init_lock>' 'Ljava/lang/Object;' @108  null (0x00000000)
 - signature: Lorg/jpype/JPypeSignal;
 - ---- static fields (1):
 - static 'main' 'Ljava/lang/Thread;' @112  a 'java/lang/Thread'{0x00000006004016e0} (0xc00802dc)
R12=0x0000000000b37428: _PyRuntime+0x0000000000000ce8 in /home/henriqueramos_qs/meta-learning-concept-drift/.venv/bin/python at 0x0000000000400000
R13=0x0000000000b37408: _PyRuntime+0x0000000000000cc8 in /home/henriqueramos_qs/meta-learning-concept-drift/.venv/bin/python at 0x0000000000400000
R14=0x0000000000000002 is an unknown value
R15=0x0000728988009110 is a thread

Top of Stack: (sp=0x0000728867dfe650)
0x0000728867dfe650:   0000728867dfe680 0000728988001040
0x0000728867dfe660:   0000728867dfe748 000000000000000f
0x0000728867dfe670:   0000000000b37408 000072899f419398
0x0000728867dfe680:   0000728867dfe748 0000728988009110
0x0000728867dfe690:   0000728867dfe6a0 000000000063545a
0x0000728867dfe6a0:   0000728867dfe6c0 00000000004f9767
0x0000728867dfe6b0:   000072899f419398 0000000000000000
0x0000728867dfe6c0:   0000728867dfe728 0000728a129dbac0
0x0000728867dfe6d0:   0000000000000000 0000728a129db75f
0x0000728867dfe6e0:   0000728867dfe6e0 000072899f419398
0x0000728867dfe6f0:   0000000000000004 000072899f4195a8
0x0000728867dfe700:   0000000000000000 00000006004c7858
0x0000728867dfe710:   000072899f419398 0000000000000000
0x0000728867dfe720:   0000728867dfe748 0000728867dfe798
0x0000728867dfe730:   0000728a129d7180 00000006004c7858
0x0000728867dfe740:   0000728a129d8fd7 000000000000000f
0x0000728867dfe750:   0000728867dfe750 000072899f4194df
0x0000728867dfe760:   0000000000000005 000072899f4195a8
0x0000728867dfe770:   0000000000000000 00000006004c7858
0x0000728867dfe780:   000072899f4194e8 0000728867dfe748
0x0000728867dfe790:   0000728867dfe7a8 0000728867dfe810
0x0000728867dfe7a0:   0000728a129d72f2 000000060428ffc0
0x0000728867dfe7b0:   00000006004c9858 00000006004cacc0
0x0000728867dfe7c0:   000000000000000f 0000728867dfe7c8
0x0000728867dfe7d0:   000072899f419aa7 0000000000000005
0x0000728867dfe7e0:   000072899f419b28 0000000000000000
0x0000728867dfe7f0:   00000006004c8eb8 000072899f419ab0
0x0000728867dfe800:   0000728867dfe7a8 0000728867dfe820
0x0000728867dfe810:   0000728867dfe888 0000728a129d7798
0x0000728867dfe820:   000000060428ffc0 00000006004c9858
0x0000728867dfe830:   00000006004cacc0 00000006004cacb0
0x0000728867dfe840:   0000728867dfe840 000072899f424930 

Instructions: (pc=0x0000000000584df4)
0x0000000000584cf4:   89 e7 ff d0 48 85 c0 75 cf 48 8b 3d e4 e9 4a 00
0x0000000000584d04:   e8 27 ca 06 00 85 c0 74 59 e8 6e cc 06 00 48 8b
0x0000000000584d14:   35 cf e9 4a 00 48 89 c7 49 89 c5 e8 1c cb 06 00
0x0000000000584d24:   85 c0 74 36 49 83 7d 50 00 75 2f 49 83 7d 48 00
0x0000000000584d34:   75 28 48 89 da be 50 31 b4 00 4c 89 ef e8 2a eb
0x0000000000584d44:   ff ff 85 c0 75 1c 4c 89 e2 be 28 35 b4 00 4c 89
0x0000000000584d54:   ef e8 16 eb ff ff 85 c0 75 08 4c 89 ef e8 3a cc
0x0000000000584d64:   06 00 31 c0 e9 5f ff ff ff 48 8b 50 18 48 8b 3d
0x0000000000584d74:   88 24 4b 00 be 20 f1 71 00 31 c0 e8 6c c0 06 00
0x0000000000584d84:   31 c0 e9 41 ff ff ff 0f 1f 44 00 00 f3 0f 1e fa
0x0000000000584d94:   48 85 ff 0f 84 22 96 ed ff 48 8b 47 08 48 83 b8
0x0000000000584da4:   80 00 00 00 00 0f 95 c0 0f b6 c0 c3 f3 0f 1e fa
0x0000000000584db4:   55 48 89 e5 41 57 41 56 4c 63 f2 41 55 49 89 fd
0x0000000000584dc4:   41 54 49 89 f4 53 48 83 ec 18 48 39 f7 0f 84 a9
0x0000000000584dd4:   00 00 00 48 c7 c0 f8 ff ff ff 64 48 8b 18 48 85
0x0000000000584de4:   ff 0f 84 be 00 00 00 48 85 f6 0f 84 b5 00 00 00
0x0000000000584df4:   8b 43 24 8d 50 ff 89 53 24 85 c0 0f 8e 8d 02 00
0x0000000000584e04:   00 49 8b 7c 24 08 49 8b 75 08 48 39 fe 0f 85 51
0x0000000000584e14:   01 00 00 48 8b 86 c8 00 00 00 48 85 c0 0f 84 56
0x0000000000584e24:   02 00 00 4c 89 ef 44 89 f2 4c 89 e6 ff d0 48 89
0x0000000000584e34:   c7 48 3d 90 05 a4 00 0f 84 8f 00 00 00 83 43 24
0x0000000000584e44:   01 48 85 ff 74 7b 48 81 7f 08 a0 a3 a2 00 0f 85
0x0000000000584e54:   a3 95 ed ff 48 8b 17 31 c0 48 81 ff 60 a3 a2 00
0x0000000000584e64:   0f 94 c0 85 d2 0f 89 3d 02 00 00 48 83 c4 18 5b
0x0000000000584e74:   41 5c 41 5d 41 5e 41 5f 5d c3 66 90 b8 01 00 00
0x0000000000584e84:   00 41 83 fe 02 74 e4 41 83 fe 03 0f 84 3d 95 ed
0x0000000000584e94:   ff 48 c7 c0 f8 ff ff ff 64 48 8b 18 48 85 ff 0f
0x0000000000584ea4:   85 4b ff ff ff 48 8b 43 60 48 85 c0 0f 85 0c 95
0x0000000000584eb4:   ed ff be 4a 03 00 00 bf 26 64 70 00 e8 fb fe 11
0x0000000000584ec4:   00 b8 ff ff ff ff eb a3 0f 1f 40 00 48 8b 05 b9
0x0000000000584ed4:   b6 4b 00 85 c0 0f 89 51 95 ed ff 49 8b 44 24 08
0x0000000000584ee4:   48 8b 80 c8 00 00 00 48 85 c0 74 30 49 63 d6 4c 


Stack slot to memory mapping:

stack at sp + 0 slots: 0x0000728867dfe680 is pointing into the stack for thread: 0x0000728988009110
stack at sp + 1 slots: 0x0000728988001040 points into unknown readable memory: 0x0000001e00000003 | 03 00 00 00 1e 00 00 00
stack at sp + 2 slots: 0x0000728867dfe748 is pointing into the stack for thread: 0x0000728988009110
stack at sp + 3 slots: 0x000000000000000f is an unknown value
stack at sp + 4 slots: 0x0000000000b37408: _PyRuntime+0x0000000000000cc8 in /home/henriqueramos_qs/meta-learning-concept-drift/.venv/bin/python at 0x0000000000400000
stack at sp + 5 slots: {method} {0x000072899f419398} 'interruptPy' '(I)V' in 'org/jpype/JPypeSignal'
stack at sp + 6 slots: 0x0000728867dfe748 is pointing into the stack for thread: 0x0000728988009110
stack at sp + 7 slots: 0x0000728988009110 is a thread


---------------  P R O C E S S  ---------------

Threads class SMR info:
_java_thread_list=0x000072898800a580, length=12, elements={
0x00000000126cc280, 0x000000001a951880, 0x000000001a953120, 0x000000001a954ad0,
0x000000001a956320, 0x000000001a957ad0, 0x000000001a9598c0, 0x000000001a95b1d0,
0x000000001a966dd0, 0x000000001a96ae20, 0x000000001a9d6420, 0x0000728988009110
}

Java Threads: ( => current thread )
  0x00000000126cc280 JavaThread "main"                              [_thread_in_native, id=2165515, stack(0x00007ffc6206c000,0x00007ffc6286a000) (8184K)]
  0x000000001a951880 JavaThread "Reference Handler"          daemon [_thread_blocked, id=2168264, stack(0x00007289f1600000,0x00007289f2000000) (10240K)]
  0x000000001a953120 JavaThread "Finalizer"                  daemon [_thread_blocked, id=2168265, stack(0x00007289f0c00000,0x00007289f1600000) (10240K)]
  0x000000001a954ad0 JavaThread "Signal Dispatcher"          daemon [_thread_blocked, id=2168266, stack(0x00007289f0200000,0x00007289f0c00000) (10240K)]
  0x000000001a956320 JavaThread "Service Thread"             daemon [_thread_blocked, id=2168267, stack(0x000072899e600000,0x000072899f000000) (10240K)]
  0x000000001a957ad0 JavaThread "Monitor Deflation Thread"   daemon [_thread_blocked, id=2168268, stack(0x000072899dc00000,0x000072899e600000) (10240K)]
  0x000000001a9598c0 JavaThread "C2 CompilerThread0"         daemon [_thread_blocked, id=2168269, stack(0x0000728a00a74000,0x0000728a00b74000) (1024K)]
  0x000000001a95b1d0 JavaThread "C1 CompilerThread0"         daemon [_thread_blocked, id=2168270, stack(0x0000728a00974000,0x0000728a00a74000) (1024K)]
  0x000000001a966dd0 JavaThread "Notification Thread"        daemon [_thread_blocked, id=2168271, stack(0x000072899d200000,0x000072899dc00000) (10240K)]
  0x000000001a96ae20 JavaThread "Common-Cleaner"             daemon [_thread_blocked, id=2168272, stack(0x000072899c800000,0x000072899d200000) (10240K)]
  0x000000001a9d6420 JavaThread "Python Reference Queue"     daemon [_thread_blocked, id=2168278, stack(0x000072895f600000,0x0000728960000000) (10240K)]
=>0x0000728988009110 JavaThread "SIGTERM handler"            daemon [_thread_in_native, id=3333333, stack(0x0000728867400000,0x0000728867e00000) (10240K)]
Total: 12

Other Threads:
  0x000000001a949b50 VMThread "VM Thread"                           [id=2168263, stack(0x0000728a00b75000,0x0000728a00c75000) (1024K)]
  0x000000001a937dc0 WatcherThread "VM Periodic Task Thread"        [id=2168262, stack(0x0000728a00c76000,0x0000728a00d76000) (1024K)]
  0x00000000166788d0 WorkerThread "GC Thread#0"                     [id=2168257, stack(0x0000728a0117b000,0x0000728a0127b000) (1024K)]
  0x0000728998001000 WorkerThread "GC Thread#1"                     [id=2168279, stack(0x0000728a002a3000,0x0000728a003a3000) (1024K)]
  0x0000728998001d40 WorkerThread "GC Thread#2"                     [id=2168280, stack(0x0000728a001a2000,0x0000728a002a2000) (1024K)]
  0x0000728998002a80 WorkerThread "GC Thread#3"                     [id=2168281, stack(0x0000728a000a1000,0x0000728a001a1000) (1024K)]
  0x00007289980037c0 WorkerThread "GC Thread#4"                     [id=2168282, stack(0x00007289f0100000,0x00007289f0200000) (1024K)]
  0x0000728998004500 WorkerThread "GC Thread#5"                     [id=2168283, stack(0x000072899c700000,0x000072899c800000) (1024K)]
  0x0000000016689940 ConcurrentGCThread "G1 Main Marker"            [id=2168258, stack(0x0000728a0107a000,0x0000728a0117a000) (1024K)]
  0x000000001668a450 WorkerThread "G1 Conc#0"                       [id=2168259, stack(0x0000728a00f79000,0x0000728a01079000) (1024K)]
  0x000000001a805970 ConcurrentGCThread "G1 Refine#0"               [id=2168260, stack(0x0000728a00e78000,0x0000728a00f78000) (1024K)]
  0x000000001a8067c0 ConcurrentGCThread "G1 Service"                [id=2168261, stack(0x0000728a00d77000,0x0000728a00e77000) (1024K)]
Total: 12

Threads with active compile tasks:
Total: 0

VM state: not at safepoint (normal execution)

VM Mutex/Monitor currently owned by a thread: None

Heap address: 0x0000000600000000, size: 8192 MB, Compressed Oops mode: Zero based, Oop shift amount: 3

CDS archive(s) mapped at: [0x00007289a3000000-0x00007289a3ca0000-0x00007289a3ca0000), size 13238272, SharedBaseAddress: 0x00007289a3000000, ArchiveRelocationMode: 1.
Compressed class space mapped at: 0x00007289a4000000-0x00007289e4000000, reserved size: 1073741824
Narrow klass base: 0x00007289a3000000, Narrow klass shift: 0, Narrow klass range: 0x100000000

GC Precious Log:
 CardTable entry size: 512
 Card Set container configuration: InlinePtr #cards 4 size 8 Array Of Cards #cards 32 size 80 Howl #buckets 8 coarsen threshold 7372 Howl Bitmap #cards 1024 size 144 coarsen threshold 921 Card regions per heap region 1 cards per card region 8192
 CPUs: 96 total, 96 available
 Memory: 187G
 Large Page Support: Disabled
 NUMA Support: Disabled
 Compressed Oops: Enabled (Zero based)
 Heap Region Size: 4M
 Heap Min Capacity: 8M
 Heap Initial Capacity: 2G
 Heap Max Capacity: 8G
 Pre-touch: Disabled
 Parallel Workers: 63
 Concurrent Workers: 16
 Concurrent Refinement Workers: 63
 Periodic GC: Disabled

Heap:
 garbage-first heap   total 69632K, used 19905K [0x0000000600000000, 0x0000000800000000)
  region size 4096K, 1 young (4096K), 0 survivors (0K)
 Metaspace       used 3850K, committed 4032K, reserved 1114112K
  class space    used 378K, committed 448K, reserved 1048576K

Heap Regions: E=young(eden), S=young(survivor), O=old, HS=humongous(starts), HC=humongous(continues), CS=collection set, F=free, TAMS=top-at-mark-start, PB=parsable bottom
|   0|0x0000000600000000, 0x0000000600400000, 0x0000000600400000|100%|HS|  |TAMS 0x0000000600000000| PB 0x0000000600000000| Untracked 
|   1|0x0000000600400000, 0x00000006007a29f0, 0x0000000600800000| 90%| O|  |TAMS 0x0000000600400000| PB 0x0000000600400000| Untracked 
|   2|0x0000000600800000, 0x0000000600bcdc98, 0x0000000600c00000| 95%| O|  |TAMS 0x0000000600800000| PB 0x0000000600800000| Untracked 
|   3|0x0000000600c00000, 0x0000000601000000, 0x0000000601000000|100%|HS|  |TAMS 0x0000000600c00000| PB 0x0000000600c00000| Untracked 
|   4|0x0000000601000000, 0x0000000601000000, 0x0000000601400000|  0%| F|  |TAMS 0x0000000601000000| PB 0x0000000601000000| Untracked 
|   5|0x0000000601400000, 0x0000000601400000, 0x0000000601800000|  0%| F|  |TAMS 0x0000000601400000| PB 0x0000000601400000| Untracked 
|   6|0x0000000601800000, 0x0000000601800000, 0x0000000601c00000|  0%| F|  |TAMS 0x0000000601800000| PB 0x0000000601800000| Untracked 
|   7|0x0000000601c00000, 0x0000000601c00000, 0x0000000602000000|  0%| F|  |TAMS 0x0000000601c00000| PB 0x0000000601c00000| Untracked 
|   8|0x0000000602000000, 0x0000000602000000, 0x0000000602400000|  0%| F|  |TAMS 0x0000000602000000| PB 0x0000000602000000| Untracked 
|   9|0x0000000602400000, 0x0000000602400000, 0x0000000602800000|  0%| F|  |TAMS 0x0000000602400000| PB 0x0000000602400000| Untracked 
|  10|0x0000000602800000, 0x0000000602c00000, 0x0000000602c00000|100%| O|  |TAMS 0x0000000602800000| PB 0x0000000602800000| Untracked 
|  11|0x0000000602c00000, 0x0000000602c00000, 0x0000000603000000|  0%| F|  |TAMS 0x0000000602c00000| PB 0x0000000602c00000| Untracked 
|  12|0x0000000603000000, 0x0000000603000000, 0x0000000603400000|  0%| F|  |TAMS 0x0000000603000000| PB 0x0000000603000000| Untracked 
|  13|0x0000000603400000, 0x0000000603400000, 0x0000000603800000|  0%| F|  |TAMS 0x0000000603400000| PB 0x0000000603400000| Untracked 
|  14|0x0000000603800000, 0x0000000603800000, 0x0000000603c00000|  0%| F|  |TAMS 0x0000000603800000| PB 0x0000000603800000| Untracked 
|  15|0x0000000603c00000, 0x0000000603c00000, 0x0000000604000000|  0%| F|  |TAMS 0x0000000603c00000| PB 0x0000000603c00000| Untracked 
|  16|0x0000000604000000, 0x00000006042bfc68, 0x0000000604400000| 68%| E|  |TAMS 0x0000000604000000| PB 0x0000000604000000| Complete 

Card table byte_map: [0x0000728a09600000,0x0000728a0a600000] _byte_map_base: 0x0000728a06600000

Marking Bits: (CMBitMap*) 0x0000000016678fe0
 Bits: [0x0000728a01600000, 0x0000728a09600000)

Polling page: 0x0000728ba3375000

Metaspace:

Usage:
  Non-class:      3.39 MB used.
      Class:    378.39 KB used.
       Both:      3.76 MB used.

Virtual space:
  Non-class space:       64.00 MB reserved,       3.50 MB (  5%) committed,  1 nodes.
      Class space:        1.00 GB reserved,     448.00 KB ( <1%) committed,  1 nodes.
             Both:        1.06 GB reserved,       3.94 MB ( <1%) committed. 

Chunk freelists:
   Non-Class:  10.92 MB
       Class:  15.56 MB
        Both:  26.48 MB

MaxMetaspaceSize: unlimited
CompressedClassSpaceSize: 1.00 GB
Initial GC threshold: 21.00 MB
Current GC threshold: 21.00 MB
CDS: on
 - commit_granule_bytes: 65536.
 - commit_granule_words: 8192.
 - virtual_space_node_default_size: 8388608.
 - enlarge_chunks_in_place: 1.
 - use_allocation_guard: 0.


Internal statistics:

num_allocs_failed_limit: 0.
num_arena_births: 82.
num_arena_deaths: 0.
num_vsnodes_births: 2.
num_vsnodes_deaths: 0.
num_space_committed: 63.
num_space_uncommitted: 0.
num_chunks_returned_to_freelist: 0.
num_chunks_taken_from_freelist: 138.
num_chunk_merges: 0.
num_chunk_splits: 99.
num_chunks_enlarged: 71.
num_inconsistent_stats: 0.

CodeHeap 'non-profiled nmethods': size=118592Kb used=833Kb max_used=833Kb free=117758Kb
 bounds [0x0000728a13230000, 0x0000728a134a0000, 0x0000728a1a600000]
CodeHeap 'profiled nmethods': size=118588Kb used=2020Kb max_used=2037Kb free=116567Kb
 bounds [0x0000728a0b600000, 0x0000728a0b870000, 0x0000728a129cf000]
CodeHeap 'non-nmethods': size=8580Kb used=1457Kb max_used=4425Kb free=7122Kb
 bounds [0x0000728a129cf000, 0x0000728a12e3f000, 0x0000728a13230000]
CodeCache: size=245760Kb, used=4310Kb, max_used=7295Kb, free=241447Kb
 total_blobs=1783, nmethods=1318, adapters=370, full_count=0
Compilation: enabled, stopped_count=0, restarted_count=0

Compilation events (20 events):
Event: 318.258 Thread 0x000000001a9598c0 1471       4       jdk.internal.misc.Unsafe::putIntOpaque (9 bytes)
Event: 318.259 Thread 0x000000001a9598c0 nmethod 1471 0x0000728a132f9690 code [0x0000728a132f9800, 0x0000728a132f9898]
Event: 621.665 Thread 0x000000001a9598c0 1472       4       java.lang.ref.ReferenceQueue::poll0 (65 bytes)
Event: 621.672 Thread 0x000000001a9598c0 nmethod 1472 0x0000728a132f9990 code [0x0000728a132f9b20, 0x0000728a132f9e98]
Event: 668.692 Thread 0x000000001a9598c0 1473       4       java.util.concurrent.locks.AbstractQueuedSynchronizer$ConditionObject::canReacquire (38 bytes)
Event: 668.694 Thread 0x000000001a9598c0 nmethod 1473 0x0000728a132f9f10 code [0x0000728a132fa0a0, 0x0000728a132fa1b8]
Event: 796.285 Thread 0x000000001a9598c0 1474       4       java.util.concurrent.locks.LockSupport::setBlocker (12 bytes)
Event: 796.289 Thread 0x000000001a9598c0 nmethod 1474 0x0000728a132fa290 code [0x0000728a132fa400, 0x0000728a132fa550]
Event: 1275.343 Thread 0x000000001a9598c0 1476       4       java.util.concurrent.locks.AbstractQueuedSynchronizer$Node::getAndUnsetStatus (14 bytes)
Event: 1275.345 Thread 0x000000001a9598c0 nmethod 1476 0x0000728a132fa990 code [0x0000728a132fab00, 0x0000728a132fabd0]
Event: 1327.876 Thread 0x000000001a9598c0 1477       4       java.util.concurrent.locks.ReentrantLock$Sync::isHeldExclusively (16 bytes)
Event: 1327.877 Thread 0x000000001a9598c0 nmethod 1477 0x0000728a132fac90 code [0x0000728a132fae00, 0x0000728a132faec0]
Event: 1329.878 Thread 0x000000001a9598c0 1478   !   4       java.lang.ref.ReferenceQueue::remove (61 bytes)
Event: 1329.943 Thread 0x000000001a9598c0 nmethod 1478 0x0000728a132faf90 code [0x0000728a132fb4a0, 0x0000728a132fe650]
Event: 1338.129 Thread 0x000000001a9598c0 1479   !   4       java.util.concurrent.locks.AbstractQueuedSynchronizer::acquire (424 bytes)
Event: 1338.132 Thread 0x000000001a9598c0 nmethod 1479 0x0000728a132fff10 code [0x0000728a133000a0, 0x0000728a13300388]
Event: 13140.790 Thread 0x000000001a95b1d0 1480   !   3       jdk.internal.ref.PhantomCleanable::isListEmpty (34 bytes)
Event: 13140.791 Thread 0x000000001a95b1d0 nmethod 1480 0x0000728a0b6c8990 code [0x0000728a0b6c8b40, 0x0000728a0b6c8d98]
Event: 13140.791 Thread 0x000000001a95b1d0 1481       3       jdk.internal.misc.InnocuousThread::eraseThreadLocals (23 bytes)
Event: 13140.791 Thread 0x000000001a95b1d0 nmethod 1481 0x0000728a0b79f310 code [0x0000728a0b79f4a0, 0x0000728a0b79f690]

GC Heap History (12 events):
Event: 0.128 GC heap before
{Heap before GC invocations=0 (full 0):
 garbage-first heap   total 2101248K, used 17458K [0x0000000600000000, 0x0000000800000000)
  region size 4096K, 4 young (16384K), 0 survivors (0K)
 Metaspace       used 1344K, committed 1472K, reserved 1114112K
  class space    used 127K, committed 192K, reserved 1048576K
}
Event: 0.137 GC heap after
{Heap after GC invocations=1 (full 1):
 garbage-first heap   total 81920K, used 6070K [0x0000000600000000, 0x0000000800000000)
  region size 4096K, 0 young (0K), 0 survivors (0K)
 Metaspace       used 1344K, committed 1472K, reserved 1114112K
  class space    used 127K, committed 192K, reserved 1048576K
}
Event: 0.375 GC heap before
{Heap before GC invocations=1 (full 1):
 garbage-first heap   total 81920K, used 26550K [0x0000000600000000, 0x0000000800000000)
  region size 4096K, 5 young (20480K), 0 survivors (0K)
 Metaspace       used 2169K, committed 2304K, reserved 1114112K
  class space    used 188K, committed 256K, reserved 1048576K
}
Event: 0.379 GC heap after
{Heap after GC invocations=2 (full 1):
 garbage-first heap   total 81920K, used 8590K [0x0000000600000000, 0x0000000800000000)
  region size 4096K, 1 young (4096K), 1 survivors (4096K)
 Metaspace       used 2169K, committed 2304K, reserved 1114112K
  class space    used 188K, committed 256K, reserved 1048576K
}
Event: 0.624 GC heap before
{Heap before GC invocations=2 (full 1):
 garbage-first heap   total 81920K, used 45454K [0x0000000600000000, 0x0000000800000000)
  region size 4096K, 9 young (36864K), 1 survivors (4096K)
 Metaspace       used 2668K, committed 2816K, reserved 1114112K
  class space    used 233K, committed 320K, reserved 1048576K
}
Event: 0.638 GC heap after
{Heap after GC invocations=3 (full 1):
 garbage-first heap   total 81920K, used 17558K [0x0000000600000000, 0x0000000800000000)
  region size 4096K, 2 young (8192K), 2 survivors (8192K)
 Metaspace       used 2668K, committed 2816K, reserved 1114112K
  class space    used 233K, committed 320K, reserved 1048576K
}
Event: 0.715 GC heap before
{Heap before GC invocations=3 (full 1):
 garbage-first heap   total 81920K, used 17558K [0x0000000600000000, 0x0000000800000000)
  region size 4096K, 3 young (12288K), 2 survivors (8192K)
 Metaspace       used 2892K, committed 3136K, reserved 1114112K
  class space    used 261K, committed 384K, reserved 1048576K
}
Event: 0.753 GC heap after
{Heap after GC invocations=4 (full 2):
 garbage-first heap   total 69632K, used 19265K [0x0000000600000000, 0x0000000800000000)
  region size 4096K, 0 young (0K), 0 survivors (0K)
 Metaspace       used 2892K, committed 3136K, reserved 1114112K
  class space    used 261K, committed 384K, reserved 1048576K
}
Event: 1.419 GC heap before
{Heap before GC invocations=4 (full 2):
 garbage-first heap   total 69632K, used 19265K [0x0000000600000000, 0x0000000800000000)
  region size 4096K, 1 young (4096K), 0 survivors (0K)
 Metaspace       used 3159K, committed 3392K, reserved 1114112K
  class space    used 296K, committed 384K, reserved 1048576K
}
Event: 1.480 GC heap after
{Heap after GC invocations=5 (full 3):
 garbage-first heap   total 69632K, used 19509K [0x0000000600000000, 0x0000000800000000)
  region size 4096K, 0 young (0K), 0 survivors (0K)
 Metaspace       used 3159K, committed 3392K, reserved 1114112K
  class space    used 296K, committed 384K, reserved 1048576K
}
Event: 51.490 GC heap before
{Heap before GC invocations=5 (full 3):
 garbage-first heap   total 69632K, used 19509K [0x0000000600000000, 0x0000000800000000)
  region size 4096K, 1 young (4096K), 0 survivors (0K)
 Metaspace       used 3832K, committed 4032K, reserved 1114112K
  class space    used 377K, committed 448K, reserved 1048576K
}
Event: 51.571 GC heap after
{Heap after GC invocations=6 (full 4):
 garbage-first heap   total 69632K, used 19905K [0x0000000600000000, 0x0000000800000000)
  region size 4096K, 0 young (0K), 0 survivors (0K)
 Metaspace       used 3832K, committed 4032K, reserved 1114112K
  class space    used 377K, committed 448K, reserved 1048576K
}

Dll operation events (7 events):
Event: 0.014 Loaded shared library /usr/lib/jvm/java-21-openjdk-amd64/lib/libjava.so
Event: 0.039 Loaded shared library /usr/lib/jvm/java-21-openjdk-amd64/lib/libjsvml.so
Event: 0.042 Loaded shared library /usr/lib/jvm/java-21-openjdk-amd64/lib/libnio.so
Event: 0.057 Loaded shared library /usr/lib/jvm/java-21-openjdk-amd64/lib/libzip.so
Event: 0.080 Loaded shared library /home/henriqueramos_qs/meta-learning-concept-drift/.venv/lib/python3.12/site-packages/_jpype.cpython-312-x86_64-linux-gnu.so
Event: 0.104 Loaded shared library /usr/lib/jvm/java-21-openjdk-amd64/lib/libjimage.so
Event: 0.574 Loaded shared library /usr/lib/jvm/java-21-openjdk-amd64/lib/libnet.so

Deoptimization events (20 events):
Event: 1.540 Thread 0x00000000126cc280 Uncommon trap: trap_request=0xffffffbe fr.pc=0x0000728a1326df4c relative=0x000000000000038c
Event: 1.540 Thread 0x00000000126cc280 Uncommon trap: reason=profile_predicate action=maybe_recompile pc=0x0000728a1326df4c method=jdk.internal.jimage.ImageStringsReader.stringFromByteBufferMatches(Ljava/nio/ByteBuffer;ILjava/lang/String;I)I @ 19 c2
Event: 1.540 Thread 0x00000000126cc280 DEOPT PACKING pc=0x0000728a1326df4c sp=0x00007ffc6285af20
Event: 1.540 Thread 0x00000000126cc280 DEOPT UNPACKING pc=0x0000728a12a26619 sp=0x00007ffc6285aea8 mode 2
Event: 1.540 Thread 0x00000000126cc280 Uncommon trap: trap_request=0xffffffbe fr.pc=0x0000728a1326df4c relative=0x000000000000038c
Event: 1.540 Thread 0x00000000126cc280 Uncommon trap: reason=profile_predicate action=maybe_recompile pc=0x0000728a1326df4c method=jdk.internal.jimage.ImageStringsReader.stringFromByteBufferMatches(Ljava/nio/ByteBuffer;ILjava/lang/String;I)I @ 19 c2
Event: 1.540 Thread 0x00000000126cc280 DEOPT PACKING pc=0x0000728a1326df4c sp=0x00007ffc6285af20
Event: 1.540 Thread 0x00000000126cc280 DEOPT UNPACKING pc=0x0000728a12a26619 sp=0x00007ffc6285aea8 mode 2
Event: 2.363 Thread 0x00000000126cc280 DEOPT PACKING pc=0x0000728a0b7cb465 sp=0x00007ffc62862c50
Event: 2.363 Thread 0x00000000126cc280 DEOPT UNPACKING pc=0x0000728a12a2714f sp=0x00007ffc62862158 mode 0
Event: 2.377 Thread 0x00000000126cc280 DEOPT PACKING pc=0x0000728a0b705465 sp=0x00007ffc62861ae0
Event: 2.377 Thread 0x00000000126cc280 DEOPT UNPACKING pc=0x0000728a12a2714f sp=0x00007ffc62860f38 mode 0
Event: 2.383 Thread 0x00000000126cc280 Uncommon trap: trap_request=0xffffffc6 fr.pc=0x0000728a132b0944 relative=0x00000000000026c4
Event: 2.383 Thread 0x00000000126cc280 Uncommon trap: reason=bimorphic_or_optimized_type_check action=maybe_recompile pc=0x0000728a132b0944 method=java.util.HashMap.putVal(ILjava/lang/Object;Ljava/lang/Object;ZZ)Ljava/lang/Object; @ 91 c2
Event: 2.383 Thread 0x00000000126cc280 DEOPT PACKING pc=0x0000728a132b0944 sp=0x00007ffc62861990
Event: 2.383 Thread 0x00000000126cc280 DEOPT UNPACKING pc=0x0000728a12a26619 sp=0x00007ffc628618d0 mode 2
Event: 2.394 Thread 0x00000000126cc280 Uncommon trap: trap_request=0xffffff45 fr.pc=0x0000728a13265384 relative=0x0000000000000444
Event: 2.394 Thread 0x00000000126cc280 Uncommon trap: reason=unstable_if action=reinterpret pc=0x0000728a13265384 method=jdk.internal.jimage.ImageStringsReader.stringFromByteBufferMatches(Ljava/nio/ByteBuffer;ILjava/lang/String;I)I @ 48 c2
Event: 2.394 Thread 0x00000000126cc280 DEOPT PACKING pc=0x0000728a13265384 sp=0x00007ffc62861490
Event: 2.395 Thread 0x00000000126cc280 DEOPT UNPACKING pc=0x0000728a12a26619 sp=0x00007ffc62861428 mode 2

Classes loaded (20 events):
Event: 0.930 Loading class java/lang/SafeVarargs
Event: 0.930 Loading class java/lang/SafeVarargs done
Event: 0.938 Loading class java/util/AbstractList$Itr
Event: 0.938 Loading class java/util/AbstractList$Itr done
Event: 0.938 Loading class java/util/AbstractList$ListItr
Event: 0.938 Loading class java/util/AbstractList$ListItr done
Event: 0.938 Loading class java/util/AbstractList$RandomAccessSubList
Event: 0.938 Loading class java/util/AbstractList$SubList
Event: 0.938 Loading class java/util/AbstractList$SubList done
Event: 0.938 Loading class java/util/AbstractList$RandomAccessSubList done
Event: 0.939 Loading class java/util/ArrayList$ListItr
Event: 0.939 Loading class java/util/ArrayList$ListItr done
Event: 2.391 Loading class java/util/stream/LongStream
Event: 2.391 Loading class java/util/stream/LongStream done
Event: 2.391 Loading class java/util/stream/DoubleStream
Event: 2.391 Loading class java/util/stream/DoubleStream done
Event: 2.412 Loading class java/lang/IndexOutOfBoundsException
Event: 2.412 Loading class java/lang/IndexOutOfBoundsException done
Event: 14059.515 Loading class jdk/internal/misc/Signal$1
Event: 14059.515 Loading class jdk/internal/misc/Signal$1 done

Classes unloaded (0 events):
No events

Classes redefined (0 events):
No events

Internal exceptions (9 events):
Event: 0.082 Thread 0x00000000126cc280 Exception <a 'java/lang/NoSuchMethodError'{0x000000067fd031f8}: 'int java.lang.invoke.DirectMethodHandle$Holder.invokeStaticInit(java.lang.Object, java.lang.Object)'> (0x000000067fd031f8) 
thrown [./src/hotspot/share/interpreter/linkResolver.cpp, line 772]
Event: 0.083 Thread 0x00000000126cc280 Exception <a 'java/lang/NoSuchMethodError'{0x000000067fd09420}: 'java.lang.Object java.lang.invoke.DirectMethodHandle$Holder.invokeStaticInit(java.lang.Object, int)'> (0x000000067fd09420) 
thrown [./src/hotspot/share/interpreter/linkResolver.cpp, line 772]
Event: 0.085 Thread 0x00000000126cc280 Exception <a 'java/lang/NoSuchMethodError'{0x000000067fd13878}: 'int java.lang.invoke.DirectMethodHandle$Holder.invokeSpecial(java.lang.Object, java.lang.Object, java.lang.Object)'> (0x000000067fd13878) 
thrown [./src/hotspot/share/interpreter/linkResolver.cpp, line 772]
Event: 0.087 Thread 0x00000000126cc280 Exception <a 'java/lang/NoSuchMethodError'{0x000000067fd23780}: 'java.lang.Object java.lang.invoke.DirectMethodHandle$Holder.invokeStatic(java.lang.Object, java.lang.Object, int)'> (0x000000067fd23780) 
thrown [./src/hotspot/share/interpreter/linkResolver.cpp, line 772]
Event: 0.088 Thread 0x00000000126cc280 Exception <a 'java/lang/NoSuchMethodError'{0x000000067fd2ee40}: 'void java.lang.invoke.DelegatingMethodHandle$Holder.delegate(java.lang.Object, java.lang.Object, int, java.lang.Object)'> (0x000000067fd2ee40) 
thrown [./src/hotspot/share/interpreter/linkResolver.cpp, line 772]
Event: 0.102 Thread 0x00000000126cc280 Exception <a 'java/lang/NoSuchMethodError'{0x000000067fdc9ad0}: 'java.lang.Object java.lang.invoke.Invokers$Holder.invokeExact_MT(java.lang.Object, java.lang.Object, java.lang.Object, java.lang.Object, java.lang.Object)'> (0x000000067fdc9ad0) 
thrown [./src/hotspot/share/interpreter/linkResolver.cpp, line 772]
Event: 0.110 Thread 0x00000000126cc280 Exception <a 'java/lang/NoSuchMethodError'{0x000000067fdf0088}: 'java.lang.Object java.lang.invoke.DirectMethodHandle$Holder.invokeInterface(java.lang.Object, java.lang.Object)'> (0x000000067fdf0088) 
thrown [./src/hotspot/share/interpreter/linkResolver.cpp, line 772]
Event: 0.110 Thread 0x00000000126cc280 Exception <a 'java/lang/IncompatibleClassChangeError'{0x000000067fdf3320}: Found class java.lang.Object, but interface was expected> (0x000000067fdf3320) 
thrown [./src/hotspot/share/interpreter/linkResolver.cpp, line 840]
Event: 0.225 Thread 0x00000000126cc280 Exception <a 'java/lang/NoSuchMethodError'{0x0000000604c5d230}: method resolution failed> (0x0000000604c5d230) 
thrown [./src/hotspot/share/prims/methodHandles.cpp, line 1144]

ZGC Phase Switch (0 events):
No events

VM Operations (20 events):
Event: 0.676 Executing VM operation: HandshakeAllThreads (Deoptimize)
Event: 0.676 Executing VM operation: HandshakeAllThreads (Deoptimize) done
Event: 0.715 Executing VM operation: G1CollectFull (System.gc())
Event: 0.754 Executing VM operation: G1CollectFull (System.gc()) done
Event: 0.922 Executing VM operation: HandshakeAllThreads (Deoptimize)
Event: 0.922 Executing VM operation: HandshakeAllThreads (Deoptimize) done
Event: 0.939 Executing VM operation: HandshakeAllThreads (Deoptimize)
Event: 0.939 Executing VM operation: HandshakeAllThreads (Deoptimize) done
Event: 1.419 Executing VM operation: G1CollectFull (System.gc())
Event: 1.480 Executing VM operation: G1CollectFull (System.gc()) done
Event: 2.480 Executing VM operation: Cleanup
Event: 2.480 Executing VM operation: Cleanup done
Event: 51.490 Executing VM operation: G1CollectFull (System.gc())
Event: 51.571 Executing VM operation: G1CollectFull (System.gc()) done
Event: 55.571 Executing VM operation: Cleanup
Event: 55.571 Executing VM operation: Cleanup done
Event: 61.572 Executing VM operation: Cleanup
Event: 61.572 Executing VM operation: Cleanup done
Event: 1328.757 Executing VM operation: Cleanup
Event: 1328.757 Executing VM operation: Cleanup done

Memory protections (20 events):
Event: 0.038 Protecting memory [0x0000728a00974000,0x0000728a00978000] with protection modes 0
Event: 0.040 Protecting memory [0x000072899d200000,0x000072899d204000] with protection modes 0
Event: 0.041 Protecting memory [0x000072899c800000,0x000072899c804000] with protection modes 0
Event: 0.047 Protecting memory [0x0000728a007a3000,0x0000728a007a7000] with protection modes 0
Event: 0.047 Protecting memory [0x0000728a006a3000,0x0000728a006a7000] with protection modes 0
Event: 0.052 Protecting memory [0x0000728a005a3000,0x0000728a005a7000] with protection modes 0
Event: 0.052 Protecting memory [0x0000728a004a3000,0x0000728a004a7000] with protection modes 0
Event: 0.091 Protecting memory [0x0000728ba267f000,0x0000728ba2680000] with protection modes 1
Event: 0.094 Protecting memory [0x0000728a003a3000,0x0000728a003a7000] with protection modes 0
Event: 0.099 Protecting memory [0x000072895f600000,0x000072895f604000] with protection modes 0
Event: 0.331 Protecting memory [0x0000728a004a3000,0x0000728a004a7000] with protection modes 0
Event: 0.335 Protecting memory [0x000072899c5ff000,0x000072899c603000] with protection modes 0
Event: 0.349 Protecting memory [0x000072899c4ff000,0x000072899c503000] with protection modes 0
Event: 0.349 Protecting memory [0x000072899c3ff000,0x000072899c403000] with protection modes 0
Event: 0.713 Protecting memory [0x000072899c069000,0x000072899c06d000] with protection modes 0
Event: 2.368 Protecting memory [0x0000728a005a3000,0x0000728a005a7000] with protection modes 0
Event: 2.391 Protecting memory [0x0000728a004a3000,0x0000728a004a7000] with protection modes 0
Event: 2.403 Protecting memory [0x0000728a003a3000,0x0000728a003a7000] with protection modes 0
Event: 62.572 Protecting memory [0x0000728a007a3000,0x0000728a007a7000] with protection modes 0
Event: 14059.515 Protecting memory [0x0000728867400000,0x0000728867404000] with protection modes 0

Nmethod flushes (20 events):
Event: 51.540 Thread 0x000000001a949b50 flushing  nmethod 0x0000728a0b655e90
Event: 51.540 Thread 0x000000001a949b50 flushing  nmethod 0x0000728a0b65ce10
Event: 51.540 Thread 0x000000001a949b50 flushing  nmethod 0x0000728a0b662990
Event: 51.540 Thread 0x000000001a949b50 flushing  nmethod 0x0000728a0b66fe90
Event: 51.540 Thread 0x000000001a949b50 flushing  nmethod 0x0000728a0b674810
Event: 51.540 Thread 0x000000001a949b50 flushing  nmethod 0x0000728a0b679190
Event: 51.540 Thread 0x000000001a949b50 flushing  nmethod 0x0000728a0b682a90
Event: 51.540 Thread 0x000000001a949b50 flushing  nmethod 0x0000728a0b69d310
Event: 51.541 Thread 0x000000001a949b50 flushing  nmethod 0x0000728a0b69fd10
Event: 51.541 Thread 0x000000001a949b50 flushing  nmethod 0x0000728a0b6a7690
Event: 51.541 Thread 0x000000001a949b50 flushing  nmethod 0x0000728a0b6a9390
Event: 51.541 Thread 0x000000001a949b50 flushing  nmethod 0x0000728a0b6ade10
Event: 51.541 Thread 0x000000001a949b50 flushing  nmethod 0x0000728a0b6b5910
Event: 51.541 Thread 0x000000001a949b50 flushing  nmethod 0x0000728a0b6c8990
Event: 51.541 Thread 0x000000001a949b50 flushing  nmethod 0x0000728a0b78ae90
Event: 51.541 Thread 0x000000001a949b50 flushing  nmethod 0x0000728a0b79d590
Event: 51.541 Thread 0x000000001a949b50 flushing  nmethod 0x0000728a0b79dd90
Event: 51.541 Thread 0x000000001a949b50 flushing  nmethod 0x0000728a0b79f310
Event: 51.541 Thread 0x000000001a949b50 flushing  nmethod 0x0000728a0b7ba610
Event: 51.541 Thread 0x000000001a949b50 flushing  nmethod 0x0000728a0b7c8310

Events (20 events):
Event: 0.349 Thread 0x000000001a95b1d0 Thread added: 0x0000728978129100
Event: 0.713 Thread 0x000072897802ddb0 Thread added: 0x000072896814fc80
Event: 1.511 Thread 0x0000728978129100 Thread exited: 0x0000728978129100
Event: 1.511 Thread 0x0000728978127bd0 Thread exited: 0x0000728978127bd0
Event: 1.511 Thread 0x000072896814fc80 Thread exited: 0x000072896814fc80
Event: 1.511 Thread 0x000072896804bdb0 Thread exited: 0x000072896804bdb0
Event: 1.511 Thread 0x000072897802ddb0 Thread exited: 0x000072897802ddb0
Event: 1.511 Thread 0x00007289640597c0 Thread exited: 0x00007289640597c0
Event: 1.541 Thread 0x0000728964048820 Thread exited: 0x0000728964048820
Event: 2.360 Thread 0x00007289840979b0 Thread exited: 0x00007289840979b0
Event: 2.368 Thread 0x000072897802c880 Thread added: 0x00007289740f1e40
Event: 2.391 Thread 0x000000001a9598c0 Thread added: 0x0000728984097900
Event: 2.402 Thread 0x0000728984097900 Thread added: 0x00007289608f97b0
Event: 3.489 Thread 0x0000728984097900 Thread exited: 0x0000728984097900
Event: 7.742 Thread 0x00007289608f97b0 Thread exited: 0x00007289608f97b0
Event: 12.742 Thread 0x00007289740f1e40 Thread exited: 0x00007289740f1e40
Event: 12.742 Thread 0x000072897802c880 Thread exited: 0x000072897802c880
Event: 62.572 Thread 0x000000001a95b1d0 Thread added: 0x000072897802c7d0
Event: 63.570 Thread 0x000072897802c7d0 Thread exited: 0x000072897802c7d0
Event: 14059.515 Thread 0x000000001a954ad0 Thread added: 0x0000728988009110


Dynamic libraries:
00400000-00420000 r--p 00000000 08:05 8391893                            /usr/bin/python3.12
00420000-00703000 r-xp 00020000 08:05 8391893                            /usr/bin/python3.12
00703000-00a28000 r--p 00303000 08:05 8391893                            /usr/bin/python3.12
00a28000-00a29000 r--p 00627000 08:05 8391893                            /usr/bin/python3.12
00a29000-00ba7000 rw-p 00628000 08:05 8391893                            /usr/bin/python3.12
00ba7000-00bab000 rw-p 00000000 00:00 0 
0ec8a000-238ae000 rw-p 00000000 00:00 0                                  [heap]
600000000-604400000 rw-p 00000000 00:00 0 
604400000-800000000 ---p 00000000 00:00 0 
728867400000-728867404000 ---p 00000000 00:00 0 
728867404000-728867e00000 rw-p 00000000 00:00 0 
728867f9e000-728867f9f000 ---p 00000000 00:00 0 
728867f9f000-72886879f000 rw-p 00000000 00:00 0 
72886879f000-7288687a0000 ---p 00000000 00:00 0 
7288687a0000-728868fa0000 rw-p 00000000 00:00 0 
728869600000-728869a00000 rw-p 00000000 00:00 0 
728869a00000-72886ba00000 rw-p 00000000 00:00 0 
72886bab1000-72886bbb1000 rw-p 00000000 00:00 0 
72886bbff000-72886c1ff000 rw-p 00000000 00:00 0 
72886c1ff000-72886c200000 ---p 00000000 00:00 0 
72886c200000-72886ca00000 rw-p 00000000 00:00 0 
72886ca00000-72886cae1000 r--p 00000000 08:05 8390854                    /usr/lib/x86_64-linux-gnu/libcuda.so.535.247.01
72886cae1000-72886d001000 r-xp 000e1000 08:05 8390854                    /usr/lib/x86_64-linux-gnu/libcuda.so.535.247.01
72886d001000-72886e4e8000 r--p 00601000 08:05 8390854                    /usr/lib/x86_64-linux-gnu/libcuda.so.535.247.01
72886e4e8000-72886e501000 r--p 01ae7000 08:05 8390854                    /usr/lib/x86_64-linux-gnu/libcuda.so.535.247.01
72886e501000-72886e607000 rw-p 01b00000 08:05 8390854                    /usr/lib/x86_64-linux-gnu/libcuda.so.535.247.01
72886e607000-72886e66e000 rw-p 00000000 00:00 0 
72886e700000-72886e800000 rw-p 00000000 00:00 0 
72886e800000-72887dce3000 r-xp 00000000 fc:00 35412103                   /home/henriqueramos_qs/meta-learning-concept-drift/.venv/lib/python3.12/site-packages/nvidia/nccl/lib/libnccl.so.2
72887dce3000-72887dee3000 ---p 0f4e3000 fc:00 35412103                   /home/henriqueramos_qs/meta-learning-concept-drift/.venv/lib/python3.12/site-packages/nvidia/nccl/lib/libnccl.so.2
72887dee3000-72887deed000 r--p 0f4e3000 fc:00 35412103                   /home/henriqueramos_qs/meta-learning-concept-drift/.venv/lib/python3.12/site-packages/nvidia/nccl/lib/libnccl.so.2
72887deed000-72887df00000 rw-p 0f4ed000 fc:00 35412103                   /home/henriqueramos_qs/meta-learning-concept-drift/.venv/lib/python3.12/site-packages/nvidia/nccl/lib/libnccl.so.2
72887df00000-72887df32000 rw-p 00000000 00:00 0 
72887e000000-728897869000 r-xp 00000000 fc:00 35412387                   /home/henriqueramos_qs/meta-learning-concept-drift/.venv/lib/python3.12/site-packages/nvidia/cublas/lib/libcublasLt.so.12
728897869000-728897a69000 ---p 19869000 fc:00 35412387                   /home/henriqueramos_qs/meta-learning-concept-drift/.venv/lib/python3.12/site-packages/nvidia/cublas/lib/libcublasLt.so.12
728897a69000-728897ca7000 r--p 19869000 fc:00 35412387                   /home/henriqueramos_qs/meta-learning-concept-drift/.venv/lib/python3.12/site-packages/nvidia/cublas/lib/libcublasLt.so.12
728897ca7000-72889b65b000 rw-p 19aa7000 fc:00 35412387                   /home/henriqueramos_qs/meta-learning-concept-drift/.venv/lib/python3.12/site-packages/nvidia/cublas/lib/libcublasLt.so.12
72889b65b000-72889f82c000 rw-p 00000000 00:00 0 
72889f900000-72889fa00000 rw-p 00000000 00:00 0 
72889fa00000-7288a6128000 r-xp 00000000 fc:00 35412386                   /home/henriqueramos_qs/meta-learning-concept-drift/.venv/lib/python3.12/site-packages/nvidia/cublas/lib/libcublas.so.12
7288a6128000-7288a6328000 ---p 06728000 fc:00 35412386                   /home/henriqueramos_qs/meta-learning-concept-drift/.venv/lib/python3.12/site-packages/nvidia/cublas/lib/libcublas.so.12
7288a6328000-7288a6334000 r--p 06728000 fc:00 35412386                   /home/henriqueramos_qs/meta-learning-concept-drift/.venv/lib/python3.12/site-packages/nvidia/cublas/lib/libcublas.so.12
7288a6334000-7288a633b000 rw-p 06734000 fc:00 35412386                   /home/henriqueramos_qs/meta-learning-concept-drift/.venv/lib/python3.12/site-packages/nvidia/cublas/lib/libcublas.so.12
7288a633b000-7288a6347000 rw-p 00000000 00:00 0 
7288a6400000-7288aabcf000 r-xp 00000000 fc:00 35412140                   /home/henriqueramos_qs/meta-learning-concept-drift/.venv/lib/python3.12/site-packages/nvidia/curand/lib/libcurand.so.10
7288aabcf000-7288aadcf000 ---p 047cf000 fc:00 35412140                   /home/henriqueramos_qs/meta-learning-concept-drift/.venv/lib/python3.12/site-packages/nvidia/curand/lib/libcurand.so.10
7288aadcf000-7288aadd5000 r--p 047cf000 fc:00 35412140                   /home/henriqueramos_qs/meta-learning-concept-drift/.venv/lib/python3.12/site-packages/nvidia/curand/lib/libcurand.so.10
7288aadd5000-7288ac201000 rw-p 047d5000 fc:00 35412140                   /home/henriqueramos_qs/meta-learning-concept-drift/.venv/lib/python3.12/site-packages/nvidia/curand/lib/libcurand.so.10
7288ac201000-7288ac839000 rw-p 00000000 00:00 0 
7288ac900000-7288aca00000 rw-p 00000000 00:00 0 
7288aca00000-7288acf7a000 r-xp 00000000 fc:00 35414327                   /home/henriqueramos_qs/meta-learning-concept-drift/.venv/lib/python3.12/site-packages/nvidia/cufft/lib/libcufft.so.11
7288acf7a000-7288ad179000 ---p 0057a000 fc:00 35414327                   /home/henriqueramos_qs/meta-learning-concept-drift/.venv/lib/python3.12/site-packages/nvidia/cufft/lib/libcufft.so.11
7288ad179000-7288ad186000 r--p 00579000 fc:00 35414327                   /home/henriqueramos_qs/meta-learning-concept-drift/.venv/lib/python3.12/site-packages/nvidia/cufft/lib/libcufft.so.11
7288ad186000-7288bd563000 rw-p 00586000 fc:00 35414327                   /home/henriqueramos_qs/meta-learning-concept-drift/.venv/lib/python3.12/site-packages/nvidia/cufft/lib/libcufft.so.11
7288bd563000-7288bd8aa000 rw-p 00000000 00:00 0 
7288bd8aa000-7288bda00000 ---p 10eaa000 fc:00 35414327                   /home/henriqueramos_qs/meta-learning-concept-drift/.venv/lib/python3.12/site-packages/nvidia/cufft/lib/libcufft.so.11
7288bda00000-7288bda01000 rw-p 10a00000 fc:00 35414327                   /home/henriqueramos_qs/meta-learning-concept-drift/.venv/lib/python3.12/site-packages/nvidia/cufft/lib/libcufft.so.11
7288bdb00000-7288bdc00000 rw-p 00000000 00:00 0 
7288bdc00000-7288cf3ba000 r-xp 00000000 fc:00 35414303                   /home/henriqueramos_qs/meta-learning-concept-drift/.venv/lib/python3.12/site-packages/nvidia/cusparse/lib/libcusparse.so.12
7288cf3ba000-7288cf5ba000 ---p 117ba000 fc:00 35414303                   /home/henriqueramos_qs/meta-learning-concept-drift/.venv/lib/python3.12/site-packages/nvidia/cusparse/lib/libcusparse.so.12
7288cf5ba000-7288cf5c9000 r--p 117ba000 fc:00 35414303                   /home/henriqueramos_qs/meta-learning-concept-drift/.venv/lib/python3.12/site-packages/nvidia/cusparse/lib/libcusparse.so.12
7288cf5c9000-7288cf5e5000 rw-p 117c9000 fc:00 35414303                   /home/henriqueramos_qs/meta-learning-concept-drift/.venv/lib/python3.12/site-packages/nvidia/cusparse/lib/libcusparse.so.12
7288cf5e5000-7288cf5ea000 rw-p 00000000 00:00 0 
7288cf5ea000-7288cf600000 ---p 119ea000 fc:00 35414303                   /home/henriqueramos_qs/meta-learning-concept-drift/.venv/lib/python3.12/site-packages/nvidia/cusparse/lib/libcusparse.so.12
7288cf600000-7288cf605000 rw-p 11800000 fc:00 35414303                   /home/henriqueramos_qs/meta-learning-concept-drift/.venv/lib/python3.12/site-packages/nvidia/cusparse/lib/libcusparse.so.12
7288cf700000-7288cf800000 rw-p 00000000 00:00 0 
7288cf800000-7288dd129000 r-xp 00000000 fc:00 35407401                   /home/henriqueramos_qs/meta-learning-concept-drift/.venv/lib/python3.12/site-packages/cusparselt/lib/libcusparseLt.so.0
7288dd129000-7288dd329000 ---p 0d929000 fc:00 35407401                   /home/henriqueramos_qs/meta-learning-concept-drift/.venv/lib/python3.12/site-packages/cusparselt/lib/libcusparseLt.so.0
7288dd329000-7288dd356000 r--p 0d929000 fc:00 35407401                   /home/henriqueramos_qs/meta-learning-concept-drift/.venv/lib/python3.12/site-packages/cusparselt/lib/libcusparseLt.so.0
7288dd356000-7288dd35f000 rw-p 0d956000 fc:00 35407401                   /home/henriqueramos_qs/meta-learning-concept-drift/.venv/lib/python3.12/site-packages/cusparselt/lib/libcusparseLt.so.0
7288dd35f000-7288dd54f000 rw-p 00000000 00:00 0 
7288dd54f000-7288dde54000 rw-p 0d95f000 fc:00 35407401                   /home/henriqueramos_qs/meta-learning-concept-drift/.venv/lib/python3.12/site-packages/cusparselt/lib/libcusparseLt.so.0
7288ddf00000-7288de000000 rw-p 00000000 00:00 0 
7288de000000-7288dedbf000 r--p 00000000 fc:00 35521563                   /home/henriqueramos_qs/meta-learning-concept-drift/.venv/lib/python3.12/site-packages/torch/lib/libtorch_cuda.so
7288dedbf000-7288e1d7b000 r-xp 00dbf000 fc:00 35521563                   /home/henriqueramos_qs/meta-learning-concept-drift/.venv/lib/python3.12/site-packages/torch/lib/libtorch_cuda.so
7288e1d7b000-728916677000 r--p 03d7b000 fc:00 35521563                   /home/henriqueramos_qs/meta-learning-concept-drift/.venv/lib/python3.12/site-packages/torch/lib/libtorch_cuda.so
728916677000-7289166ee000 r--p 38676000 fc:00 35521563                   /home/henriqueramos_qs/meta-learning-concept-drift/.venv/lib/python3.12/site-packages/torch/lib/libtorch_cuda.so
7289166ee000-728916710000 rw-p 386ed000 fc:00 35521563                   /home/henriqueramos_qs/meta-learning-concept-drift/.venv/lib/python3.12/site-packages/torch/lib/libtorch_cuda.so
728916710000-72891745b000 rw-p 00000000 00:00 0 
72891745b000-728917f3c000 rw-p 3a024000 fc:00 35521563                   /home/henriqueramos_qs/meta-learning-concept-drift/.venv/lib/python3.12/site-packages/torch/lib/libtorch_cuda.so
728918000000-728918e29000 r--p 00000000 fc:00 35521562                   /home/henriqueramos_qs/meta-learning-concept-drift/.venv/lib/python3.12/site-packages/torch/lib/libtorch_cpu.so
728918e29000-728928bd8000 r-xp 00e29000 fc:00 35521562                   /home/henriqueramos_qs/meta-learning-concept-drift/.venv/lib/python3.12/site-packages/torch/lib/libtorch_cpu.so
728928bd8000-72892b540000 r--p 10bd8000 fc:00 35521562                   /home/henriqueramos_qs/meta-learning-concept-drift/.venv/lib/python3.12/site-packages/torch/lib/libtorch_cpu.so
72892b540000-72892b79c000 r--p 1353f000 fc:00 35521562                   /home/henriqueramos_qs/meta-learning-concept-drift/.venv/lib/python3.12/site-packages/torch/lib/libtorch_cpu.so
72892b79c000-72892b806000 rw-p 1379b000 fc:00 35521562                   /home/henriqueramos_qs/meta-learning-concept-drift/.venv/lib/python3.12/site-packages/torch/lib/libtorch_cpu.so
72892b806000-72892b910000 rw-p 00000000 00:00 0 
72892b910000-72892be29000 rw-p 18d85000 fc:00 35521562                   /home/henriqueramos_qs/meta-learning-concept-drift/.venv/lib/python3.12/site-packages/torch/lib/libtorch_cpu.so
72892bf00000-72892c000000 rw-p 00000000 00:00 0 
72892c000000-72892f0ef000 r-xp 00000000 fc:00 35412297                   /home/henriqueramos_qs/meta-learning-concept-drift/.venv/lib/python3.12/site-packages/nvidia/cuda_nvrtc/lib/libnvrtc.so.12
72892f0ef000-72892f2ee000 ---p 030ef000 fc:00 35412297                   /home/henriqueramos_qs/meta-learning-concept-drift/.venv/lib/python3.12/site-packages/nvidia/cuda_nvrtc/lib/libnvrtc.so.12
72892f2ee000-72892f877000 r--p 030ee000 fc:00 35412297                   /home/henriqueramos_qs/meta-learning-concept-drift/.venv/lib/python3.12/site-packages/nvidia/cuda_nvrtc/lib/libnvrtc.so.12
72892f877000-72892f95e000 rw-p 03677000 fc:00 35412297                   /home/henriqueramos_qs/meta-learning-concept-drift/.venv/lib/python3.12/site-packages/nvidia/cuda_nvrtc/lib/libnvrtc.so.12
72892f95e000-72892fc3a000 rw-p 00000000 00:00 0 
72892fc3a000-72892fe00000 ---p 03c3a000 fc:00 35412297                   /home/henriqueramos_qs/meta-learning-concept-drift/.venv/lib/python3.12/site-packages/nvidia/cuda_nvrtc/lib/libnvrtc.so.12
72892fe00000-72892fe02000 rw-p 03800000 fc:00 35412297                   /home/henriqueramos_qs/meta-learning-concept-drift/.venv/lib/python3.12/site-packages/nvidia/cuda_nvrtc/lib/libnvrtc.so.12
72892ff00000-728930121000 rw-p 00000000 00:00 0 
728930121000-728934000000 ---p 00000000 00:00 0 
728934000000-728934c00000 rw-p 00000000 00:00 0 
728934c00000-728937677000 r-xp 00000000 fc:00 35412082                   /home/henriqueramos_qs/meta-learning-concept-drift/.venv/lib/python3.12/site-packages/nvidia/nvjitlink/lib/libnvJitLink.so.12
728937677000-728937877000 ---p 02a77000 fc:00 35412082                   /home/henriqueramos_qs/meta-learning-concept-drift/.venv/lib/python3.12/site-packages/nvidia/nvjitlink/lib/libnvJitLink.so.12
728937877000-728937da2000 r--p 02a77000 fc:00 35412082                   /home/henriqueramos_qs/meta-learning-concept-drift/.venv/lib/python3.12/site-packages/nvidia/nvjitlink/lib/libnvJitLink.so.12
728937da2000-728937e15000 rw-p 02fa2000 fc:00 35412082                   /home/henriqueramos_qs/meta-learning-concept-drift/.venv/lib/python3.12/site-packages/nvidia/nvjitlink/lib/libnvJitLink.so.12
728937e15000-728937e89000 rw-p 00000000 00:00 0 
728937f00000-72893809f000 rw-p 00000000 00:00 0 
72893809f000-72893c000000 ---p 00000000 00:00 0 
72893c000000-72893c0a9000 rw-p 00000000 00:00 0 
72893c0a9000-728940000000 ---p 00000000 00:00 0 
728940000000-728940021000 rw-p 00000000 00:00 0 
728940021000-728944000000 ---p 00000000 00:00 0 
728944000000-728946e56000 rw-p 00000000 00:00 0 
728946e56000-728948000000 ---p 00000000 00:00 0 
728948000000-728948021000 rw-p 00000000 00:00 0 
728948021000-72894c000000 ---p 00000000 00:00 0 
72894c000000-72894c021000 rw-p 00000000 00:00 0 
72894c021000-728950000000 ---p 00000000 00:00 0 
728950000000-728950021000 rw-p 00000000 00:00 0 
728950021000-728954000000 ---p 00000000 00:00 0 
728954000000-728954021000 rw-p 00000000 00:00 0 
728954021000-728958000000 ---p 00000000 00:00 0 
728958000000-728958021000 rw-p 00000000 00:00 0 
728958021000-72895c000000 ---p 00000000 00:00 0 
72895c000000-72895ce00000 rw-p 00000000 00:00 0 
72895ce00000-72895cebb000 r--p 00000000 fc:00 35412357                   /home/henriqueramos_qs/meta-learning-concept-drift/.venv/lib/python3.12/site-packages/nvidia/cuda_cupti/lib/libcupti.so.12
72895cebb000-72895d358000 r-xp 000bb000 fc:00 35412357                   /home/henriqueramos_qs/meta-learning-concept-drift/.venv/lib/python3.12/site-packages/nvidia/cuda_cupti/lib/libcupti.so.12
72895d358000-72895d4af000 r--p 00558000 fc:00 35412357                   /home/henriqueramos_qs/meta-learning-concept-drift/.venv/lib/python3.12/site-packages/nvidia/cuda_cupti/lib/libcupti.so.12
72895d4af000-72895d4fc000 r--p 006ae000 fc:00 35412357                   /home/henriqueramos_qs/meta-learning-concept-drift/.venv/lib/python3.12/site-packages/nvidia/cuda_cupti/lib/libcupti.so.12
72895d4fc000-72895d5b3000 rw-p 006fb000 fc:00 35412357                   /home/henriqueramos_qs/meta-learning-concept-drift/.venv/lib/python3.12/site-packages/nvidia/cuda_cupti/lib/libcupti.so.12
72895d5b3000-72895d5f4000 rw-p 00000000 00:00 0 
72895d600000-72895d62e000 r--p 00000000 fc:00 35412161                   /home/henriqueramos_qs/meta-learning-concept-drift/.venv/lib/python3.12/site-packages/nvidia/cufile/lib/libcufile.so.0
72895d62e000-72895d811000 r-xp 0002e000 fc:00 35412161                   /home/henriqueramos_qs/meta-learning-concept-drift/.venv/lib/python3.12/site-packages/nvidia/cufile/lib/libcufile.so.0
72895d811000-72895d8b3000 r--p 00211000 fc:00 35412161                   /home/henriqueramos_qs/meta-learning-concept-drift/.venv/lib/python3.12/site-packages/nvidia/cufile/lib/libcufile.so.0
72895d8b3000-72895d8b4000 ---p 002b3000 fc:00 35412161                   /home/henriqueramos_qs/meta-learning-concept-drift/.venv/lib/python3.12/site-packages/nvidia/cufile/lib/libcufile.so.0
72895d8b4000-72895d8b9000 r--p 002b3000 fc:00 35412161                   /home/henriqueramos_qs/meta-learning-concept-drift/.venv/lib/python3.12/site-packages/nvidia/cufile/lib/libcufile.so.0
72895d8b9000-72895d8c1000 rw-p 002b8000 fc:00 35412161                   /home/henriqueramos_qs/meta-learning-concept-drift/.venv/lib/python3.12/site-packages/nvidia/cufile/lib/libcufile.so.0
72895d8c1000-72895d8cc000 rw-p 00000000 00:00 0 
72895d8cc000-72895d8d8000 rw-p 002db000 fc:00 35412161                   /home/henriqueramos_qs/meta-learning-concept-drift/.venv/lib/python3.12/site-packages/nvidia/cufile/lib/libcufile.so.0
72895d900000-72895da00000 rw-p 00000000 00:00 0 
72895da00000-72895da1e000 r-xp 00000000 fc:00 35414362                   /home/henriqueramos_qs/meta-learning-concept-drift/.venv/lib/python3.12/site-packages/nvidia/cudnn/lib/libcudnn.so.9
72895da1e000-72895dc1d000 ---p 0001e000 fc:00 35414362                   /home/henriqueramos_qs/meta-learning-concept-drift/.venv/lib/python3.12/site-packages/nvidia/cudnn/lib/libcudnn.so.9
72895dc1d000-72895dc1e000 r--p 0001d000 fc:00 35414362                   /home/henriqueramos_qs/meta-learning-concept-drift/.venv/lib/python3.12/site-packages/nvidia/cudnn/lib/libcudnn.so.9
72895dc1e000-72895dc1f000 rw-p 0001e000 fc:00 35414362                   /home/henriqueramos_qs/meta-learning-concept-drift/.venv/lib/python3.12/site-packages/nvidia/cudnn/lib/libcudnn.so.9
72895dd00000-72895de00000 rw-p 00000000 00:00 0 
72895de00000-72895df7b000 r--p 00000000 fc:00 35521566                   /home/henriqueramos_qs/meta-learning-concept-drift/.venv/lib/python3.12/site-packages/torch/lib/libtorch_python.so
72895df7b000-72895eb1e000 r-xp 0017b000 fc:00 35521566                   /home/henriqueramos_qs/meta-learning-concept-drift/.venv/lib/python3.12/site-packages/torch/lib/libtorch_python.so
72895eb1e000-72895ef02000 r--p 00d1e000 fc:00 35521566                   /home/henriqueramos_qs/meta-learning-concept-drift/.venv/lib/python3.12/site-packages/torch/lib/libtorch_python.so
72895ef02000-72895ef23000 r--p 01101000 fc:00 35521566                   /home/henriqueramos_qs/meta-learning-concept-drift/.venv/lib/python3.12/site-packages/torch/lib/libtorch_python.so
72895ef23000-72895ef81000 rw-p 01122000 fc:00 35521566                   /home/henriqueramos_qs/meta-learning-concept-drift/.venv/lib/python3.12/site-packages/torch/lib/libtorch_python.so
72895ef81000-72895eff7000 rw-p 00000000 00:00 0 
72895eff7000-72895f085000 rw-p 018f0000 fc:00 35521566                   /home/henriqueramos_qs/meta-learning-concept-drift/.venv/lib/python3.12/site-packages/torch/lib/libtorch_python.so
72895f0de000-72895f105000 r--p 00000000 fc:00 35521556                   /home/henriqueramos_qs/meta-learning-concept-drift/.venv/lib/python3.12/site-packages/torch/lib/libc10.so
72895f105000-72895f1ad000 r-xp 00027000 fc:00 35521556                   /home/henriqueramos_qs/meta-learning-concept-drift/.venv/lib/python3.12/site-packages/torch/lib/libc10.so
72895f1ad000-72895f1e0000 r--p 000cf000 fc:00 35521556                   /home/henriqueramos_qs/meta-learning-concept-drift/.venv/lib/python3.12/site-packages/torch/lib/libc10.so
72895f1e0000-72895f1e3000 r--p 00101000 fc:00 35521556                   /home/henriqueramos_qs/meta-learning-concept-drift/.venv/lib/python3.12/site-packages/torch/lib/libc10.so
72895f1e3000-72895f1ea000 rw-p 00104000 fc:00 35521556                   /home/henriqueramos_qs/meta-learning-concept-drift/.venv/lib/python3.12/site-packages/torch/lib/libc10.so
72895f1ea000-72895f1ec000 rw-p 00000000 00:00 0 
72895f1ec000-72895f200000 rw-p 0014c000 fc:00 35521556                   /home/henriqueramos_qs/meta-learning-concept-drift/.venv/lib/python3.12/site-packages/torch/lib/libc10.so
72895f200000-72895f2a9000 r-xp 00000000 fc:00 35412275                   /home/henriqueramos_qs/meta-learning-concept-drift/.venv/lib/python3.12/site-packages/nvidia/cuda_runtime/lib/libcudart.so.12
72895f2a9000-72895f4a9000 ---p 000a9000 fc:00 35412275                   /home/henriqueramos_qs/meta-learning-concept-drift/.venv/lib/python3.12/site-packages/nvidia/cuda_runtime/lib/libcudart.so.12
72895f4a9000-72895f4ae000 r--p 000a9000 fc:00 35412275                   /home/henriqueramos_qs/meta-learning-concept-drift/.venv/lib/python3.12/site-packages/nvidia/cuda_runtime/lib/libcudart.so.12
72895f4ae000-72895f4af000 rw-p 000ae000 fc:00 35412275                   /home/henriqueramos_qs/meta-learning-concept-drift/.venv/lib/python3.12/site-packages/nvidia/cuda_runtime/lib/libcudart.so.12
72895f4af000-72895f4b1000 rw-p 00000000 00:00 0 
72895f500000-72895f600000 rw-p 00000000 00:00 0 
72895f600000-72895f604000 ---p 00000000 00:00 0 
72895f604000-728960000000 rw-p 00000000 00:00 0 
728960000000-728960f53000 rw-p 00000000 00:00 0 
728960f53000-728964000000 ---p 00000000 00:00 0 
728964000000-7289646c4000 rw-p 00000000 00:00 0 
7289646c4000-728968000000 ---p 00000000 00:00 0 
728968000000-728968155000 rw-p 00000000 00:00 0 
728968155000-72896c000000 ---p 00000000 00:00 0 
72896c000000-72896ccc0000 rw-p 00000000 00:00 0 
72896ccc0000-728970000000 ---p 00000000 00:00 0 
728970000000-728970021000 rw-p 00000000 00:00 0 
728970021000-728974000000 ---p 00000000 00:00 0 
728974000000-7289745fe000 rw-p 00000000 00:00 0 
7289745fe000-728978000000 ---p 00000000 00:00 0 
728978000000-7289781e9000 rw-p 00000000 00:00 0 
7289781e9000-72897c000000 ---p 00000000 00:00 0 
72897c000000-72897c021000 rw-p 00000000 00:00 0 
72897c021000-728980000000 ---p 00000000 00:00 0 
728980000000-728980021000 rw-p 00000000 00:00 0 
728980021000-728984000000 ---p 00000000 00:00 0 
728984000000-728984dee000 rw-p 00000000 00:00 0 
728984dee000-728988000000 ---p 00000000 00:00 0 
728988000000-728988021000 rw-p 00000000 00:00 0 
728988021000-72898c000000 ---p 00000000 00:00 0 
72898c000000-72898c021000 rw-p 00000000 00:00 0 
72898c021000-728990000000 ---p 00000000 00:00 0 
728990000000-728990021000 rw-p 00000000 00:00 0 
728990021000-728994000000 ---p 00000000 00:00 0 
728994000000-728994021000 rw-p 00000000 00:00 0 
728994021000-728998000000 ---p 00000000 00:00 0 
728998000000-728998a2e000 rw-p 00000000 00:00 0 
728998a2e000-72899c000000 ---p 00000000 00:00 0 
72899c069000-72899c06d000 ---p 00000000 00:00 0 
72899c06d000-72899c169000 rw-p 00000000 00:00 0 
72899c169000-72899c3ff000 rw-p 00000000 00:00 0 
72899c3ff000-72899c403000 ---p 00000000 00:00 0 
72899c403000-72899c4ff000 rw-p 00000000 00:00 0 
72899c4ff000-72899c503000 ---p 00000000 00:00 0 
72899c503000-72899c5ff000 rw-p 00000000 00:00 0 
72899c5ff000-72899c603000 ---p 00000000 00:00 0 
72899c603000-72899c6ff000 rw-p 00000000 00:00 0 
72899c6ff000-72899c700000 ---p 00000000 00:00 0 
72899c700000-72899c800000 rw-p 00000000 00:00 0 
72899c800000-72899c804000 ---p 00000000 00:00 0 
72899c804000-72899d200000 rw-p 00000000 00:00 0 
72899d200000-72899d204000 ---p 00000000 00:00 0 
72899d204000-72899dc00000 rw-p 00000000 00:00 0 
72899dc00000-72899dc04000 ---p 00000000 00:00 0 
72899dc04000-72899e600000 rw-p 00000000 00:00 0 
72899e600000-72899e604000 ---p 00000000 00:00 0 
72899e604000-72899f000000 rw-p 00000000 00:00 0 
72899f000000-72899f260000 rw-p 00000000 00:00 0 
72899f260000-72899f400000 ---p 00000000 00:00 0 
72899f400000-72899f520000 rw-p 00000000 00:00 0 
72899f520000-7289a3000000 ---p 00000000 00:00 0 
7289a3000000-7289a3ca0000 rw-p 00001000 08:05 8922105                    /usr/lib/jvm/java-21-openjdk-amd64/lib/server/classes.jsa
7289a3ca0000-7289a4000000 ---p 00000000 00:00 0 
7289a4000000-7289a4030000 rw-p 00000000 00:00 0 
7289a4030000-7289a4040000 ---p 00000000 00:00 0 
7289a4040000-7289a4080000 rw-p 00000000 00:00 0 
7289a4080000-7289e4000000 ---p 00000000 00:00 0 
7289e4000000-7289e4021000 rw-p 00000000 00:00 0 
7289e4021000-7289e8000000 ---p 00000000 00:00 0 
7289e8000000-7289e8021000 rw-p 00000000 00:00 0 
7289e8021000-7289ec000000 ---p 00000000 00:00 0 
7289ec000000-7289ec021000 rw-p 00000000 00:00 0 
7289ec021000-7289f0000000 ---p 00000000 00:00 0 
7289f004e000-7289f005d000 r--p 00000000 fc:00 35521557                   /home/henriqueramos_qs/meta-learning-concept-drift/.venv/lib/python3.12/site-packages/torch/lib/libc10_cuda.so
7289f005d000-7289f00b8000 r-xp 0000f000 fc:00 35521557                   /home/henriqueramos_qs/meta-learning-concept-drift/.venv/lib/python3.12/site-packages/torch/lib/libc10_cuda.so
7289f00b8000-7289f00ce000 r--p 0006a000 fc:00 35521557                   /home/henriqueramos_qs/meta-learning-concept-drift/.venv/lib/python3.12/site-packages/torch/lib/libc10_cuda.so
7289f00ce000-7289f00cf000 ---p 00080000 fc:00 35521557                   /home/henriqueramos_qs/meta-learning-concept-drift/.venv/lib/python3.12/site-packages/torch/lib/libc10_cuda.so
7289f00cf000-7289f00d0000 r--p 00080000 fc:00 35521557                   /home/henriqueramos_qs/meta-learning-concept-drift/.venv/lib/python3.12/site-packages/torch/lib/libc10_cuda.so
7289f00d0000-7289f00d1000 rw-p 00081000 fc:00 35521557                   /home/henriqueramos_qs/meta-learning-concept-drift/.venv/lib/python3.12/site-packages/torch/lib/libc10_cuda.so
7289f00d1000-7289f00f7000 rw-p 00000000 00:00 0 
7289f00f7000-7289f00ff000 rw-p 000a3000 fc:00 35521557                   /home/henriqueramos_qs/meta-learning-concept-drift/.venv/lib/python3.12/site-packages/torch/lib/libc10_cuda.so
7289f00ff000-7289f0100000 ---p 00000000 00:00 0 
7289f0100000-7289f0200000 rw-p 00000000 00:00 0 
7289f0200000-7289f0204000 ---p 00000000 00:00 0 
7289f0204000-7289f0c00000 rw-p 00000000 00:00 0 
7289f0c00000-7289f0c04000 ---p 00000000 00:00 0 
7289f0c04000-7289f1600000 rw-p 00000000 00:00 0 
7289f1600000-7289f1604000 ---p 00000000 00:00 0 
7289f1604000-7289f2000000 rw-p 00000000 00:00 0 
7289f2000000-7289f4021000 rw-p 00000000 00:00 0 
7289f4021000-7289f8000000 ---p 00000000 00:00 0 
7289f8000000-7289f8021000 rw-p 00000000 00:00 0 
7289f8021000-7289fc000000 ---p 00000000 00:00 0 
7289fc000000-7289fc021000 rw-p 00000000 00:00 0 
7289fc021000-728a00000000 ---p 00000000 00:00 0 
728a00048000-728a00052000 r--p 00000000 fc:00 34870893                   /home/henriqueramos_qs/meta-learning-concept-drift/.venv/lib/python3.12/site-packages/matplotlib/backends/_backend_agg.cpython-312-x86_64-linux-gnu.so
728a00052000-728a00095000 r-xp 0000a000 fc:00 34870893                   /home/henriqueramos_qs/meta-learning-concept-drift/.venv/lib/python3.12/site-packages/matplotlib/backends/_backend_agg.cpython-312-x86_64-linux-gnu.so
728a00095000-728a0009d000 r--p 0004d000 fc:00 34870893                   /home/henriqueramos_qs/meta-learning-concept-drift/.venv/lib/python3.12/site-packages/matplotlib/backends/_backend_agg.cpython-312-x86_64-linux-gnu.so
728a0009d000-728a0009e000 r--p 00054000 fc:00 34870893                   /home/henriqueramos_qs/meta-learning-concept-drift/.venv/lib/python3.12/site-packages/matplotlib/backends/_backend_agg.cpython-312-x86_64-linux-gnu.so
728a0009e000-728a0009f000 rw-p 00055000 fc:00 34870893                   /home/henriqueramos_qs/meta-learning-concept-drift/.venv/lib/python3.12/site-packages/matplotlib/backends/_backend_agg.cpython-312-x86_64-linux-gnu.so
728a0009f000-728a000a0000 rw-p 00000000 00:00 0 
728a000a0000-728a000a1000 ---p 00000000 00:00 0 
728a000a1000-728a001a1000 rw-p 00000000 00:00 0 
728a001a1000-728a001a2000 ---p 00000000 00:00 0 
728a001a2000-728a002a2000 rw-p 00000000 00:00 0 
728a002a2000-728a002a3000 ---p 00000000 00:00 0 
728a002a3000-728a003a3000 rw-p 00000000 00:00 0 
728a003a3000-728a003a7000 ---p 00000000 00:00 0 
728a003a7000-728a004a3000 rw-p 00000000 00:00 0 
728a004a3000-728a004a7000 ---p 00000000 00:00 0 
728a004a7000-728a005a3000 rw-p 00000000 00:00 0 
728a005a3000-728a005a7000 ---p 00000000 00:00 0 
728a005a7000-728a006a3000 rw-p 00000000 00:00 0 
728a006a3000-728a006a7000 ---p 00000000 00:00 0 
728a006a7000-728a007a3000 rw-p 00000000 00:00 0 
728a007a3000-728a007a7000 ---p 00000000 00:00 0 
728a007a7000-728a008a3000 rw-p 00000000 00:00 0 
728a008a3000-728a008a8000 r--p 00000000 08:05 8922088                    /usr/lib/jvm/java-21-openjdk-amd64/lib/libjsvml.so
728a008a8000-728a008e9000 r-xp 00005000 08:05 8922088                    /usr/lib/jvm/java-21-openjdk-amd64/lib/libjsvml.so
728a008e9000-728a00972000 r--p 00046000 08:05 8922088                    /usr/lib/jvm/java-21-openjdk-amd64/lib/libjsvml.so
728a00972000-728a00973000 r--p 000ce000 08:05 8922088                    /usr/lib/jvm/java-21-openjdk-amd64/lib/libjsvml.so
728a00973000-728a00974000 rw-p 000cf000 08:05 8922088                    /usr/lib/jvm/java-21-openjdk-amd64/lib/libjsvml.so
728a00974000-728a00978000 ---p 00000000 00:00 0 
728a00978000-728a00a74000 rw-p 00000000 00:00 0 
728a00a74000-728a00a78000 ---p 00000000 00:00 0 
728a00a78000-728a00b74000 rw-p 00000000 00:00 0 
728a00b74000-728a00b75000 ---p 00000000 00:00 0 
728a00b75000-728a00c75000 rw-p 00000000 00:00 0 
728a00c75000-728a00c76000 ---p 00000000 00:00 0 
728a00c76000-728a00d76000 rw-p 00000000 00:00 0 
728a00d76000-728a00d77000 ---p 00000000 00:00 0 
728a00d77000-728a00e77000 rw-p 00000000 00:00 0 
728a00e77000-728a00e78000 ---p 00000000 00:00 0 
728a00e78000-728a00f78000 rw-p 00000000 00:00 0 
728a00f78000-728a00f79000 ---p 00000000 00:00 0 
728a00f79000-728a01079000 rw-p 00000000 00:00 0 
728a01079000-728a0107a000 ---p 00000000 00:00 0 
728a0107a000-728a0117a000 rw-p 00000000 00:00 0 
728a0117a000-728a0117b000 ---p 00000000 00:00 0 
728a0117b000-728a0127b000 rw-p 00000000 00:00 0 
728a0127b000-728a01710000 rw-p 00000000 00:00 0 
728a01710000-728a09600000 ---p 00000000 00:00 0 
728a09600000-728a09622000 rw-p 00000000 00:00 0 
728a09622000-728a0a600000 ---p 00000000 00:00 0 
728a0a600000-728a0a622000 rw-p 00000000 00:00 0 
728a0a622000-728a0b600000 ---p 00000000 00:00 0 
728a0b600000-728a0b870000 rwxp 00000000 00:00 0 
728a0b870000-728a129cf000 ---p 00000000 00:00 0 
728a129cf000-728a12e3f000 rwxp 00000000 00:00 0 
728a12e3f000-728a13230000 ---p 00000000 00:00 0 
728a13230000-728a134a0000 rwxp 00000000 00:00 0 
728a134a0000-728a1a600000 ---p 00000000 00:00 0 
728a1a600000-728a22c2a000 r--s 00000000 08:05 8922104                    /usr/lib/jvm/java-21-openjdk-amd64/lib/modules
728a22c30000-728a22c35000 rw-p 00000000 00:00 0 
728a22c35000-728a22d18000 ---p 00000000 00:00 0 
728a22d18000-728a22d1d000 rw-p 00000000 00:00 0 
728a22d1d000-728a22e00000 ---p 00000000 00:00 0 
728a22e00000-728a230a2000 r--p 00000000 08:05 8922108                    /usr/lib/jvm/java-21-openjdk-amd64/lib/server/libjvm.so
728a230a2000-728a23f17000 r-xp 002a2000 08:05 8922108                    /usr/lib/jvm/java-21-openjdk-amd64/lib/server/libjvm.so
728a23f17000-728a241f1000 r--p 01117000 08:05 8922108                    /usr/lib/jvm/java-21-openjdk-amd64/lib/server/libjvm.so
728a241f1000-728a242c5000 r--p 013f0000 08:05 8922108                    /usr/lib/jvm/java-21-openjdk-amd64/lib/server/libjvm.so
728a242c5000-728a242f5000 rw-p 014c4000 08:05 8922108                    /usr/lib/jvm/java-21-openjdk-amd64/lib/server/libjvm.so
728a242f5000-728a2435b000 rw-p 00000000 00:00 0 
728a24360000-728a24368000 r--p 00000000 fc:00 35521561                   /home/henriqueramos_qs/meta-learning-concept-drift/.venv/lib/python3.12/site-packages/torch/lib/libtorch.so
728a24368000-728a24384000 r-xp 00008000 fc:00 35521561                   /home/henriqueramos_qs/meta-learning-concept-drift/.venv/lib/python3.12/site-packages/torch/lib/libtorch.so
728a24384000-728a2438c000 r--p 00024000 fc:00 35521561                   /home/henriqueramos_qs/meta-learning-concept-drift/.venv/lib/python3.12/site-packages/torch/lib/libtorch.so
728a2438c000-728a2438d000 ---p 0002c000 fc:00 35521561                   /home/henriqueramos_qs/meta-learning-concept-drift/.venv/lib/python3.12/site-packages/torch/lib/libtorch.so
728a2438d000-728a2438e000 r--p 0002c000 fc:00 35521561                   /home/henriqueramos_qs/meta-learning-concept-drift/.venv/lib/python3.12/site-packages/torch/lib/libtorch.so
728a2438e000-728a2438f000 rw-p 0002d000 fc:00 35521561                   /home/henriqueramos_qs/meta-learning-concept-drift/.venv/lib/python3.12/site-packages/torch/lib/libtorch.so
728a2438f000-728a24394000 rw-p 0003b000 fc:00 35521561                   /home/henriqueramos_qs/meta-learning-concept-drift/.venv/lib/python3.12/site-packages/torch/lib/libtorch.so
728a24394000-728a2439b000 r--p 00000000 08:05 8922096                    /usr/lib/jvm/java-21-openjdk-amd64/lib/libnio.so
728a2439b000-728a243a4000 r-xp 00007000 08:05 8922096                    /usr/lib/jvm/java-21-openjdk-amd64/lib/libnio.so
728a243a4000-728a243a8000 r--p 00010000 08:05 8922096                    /usr/lib/jvm/java-21-openjdk-amd64/lib/libnio.so
728a243a8000-728a243a9000 r--p 00014000 08:05 8922096                    /usr/lib/jvm/java-21-openjdk-amd64/lib/libnio.so
728a243a9000-728a243aa000 rw-p 00015000 08:05 8922096                    /usr/lib/jvm/java-21-openjdk-amd64/lib/libnio.so
728a243aa000-728a243b3000 rw-p 00000000 00:00 0 
728a243b3000-728a243bb000 ---p 00000000 00:00 0 
728a243bb000-728a243c8000 r--p 00000000 08:05 8922081                    /usr/lib/jvm/java-21-openjdk-amd64/lib/libjava.so
728a243c8000-728a243d7000 r-xp 0000d000 08:05 8922081                    /usr/lib/jvm/java-21-openjdk-amd64/lib/libjava.so
728a243d7000-728a243dc000 r--p 0001c000 08:05 8922081                    /usr/lib/jvm/java-21-openjdk-amd64/lib/libjava.so
728a243dc000-728a243dd000 r--p 00021000 08:05 8922081                    /usr/lib/jvm/java-21-openjdk-amd64/lib/libjava.so
728a243dd000-728a243de000 rw-p 00022000 08:05 8922081                    /usr/lib/jvm/java-21-openjdk-amd64/lib/libjava.so
728a243de000-728a243df000 rw-p 00000000 00:00 0 
728a243df000-728a2441a000 r--p 00000000 fc:00 34899781                   /home/henriqueramos_qs/meta-learning-concept-drift/.venv/lib/python3.12/site-packages/_jpype.cpython-312-x86_64-linux-gnu.so
728a2441a000-728a2446e000 r-xp 0003b000 fc:00 34899781                   /home/henriqueramos_qs/meta-learning-concept-drift/.venv/lib/python3.12/site-packages/_jpype.cpython-312-x86_64-linux-gnu.so
728a2446e000-728a24496000 r--p 0008f000 fc:00 34899781                   /home/henriqueramos_qs/meta-learning-concept-drift/.venv/lib/python3.12/site-packages/_jpype.cpython-312-x86_64-linux-gnu.so
728a24496000-728a24497000 ---p 000b7000 fc:00 34899781                   /home/henriqueramos_qs/meta-learning-concept-drift/.venv/lib/python3.12/site-packages/_jpype.cpython-312-x86_64-linux-gnu.so
728a24497000-728a2449b000 r--p 000b7000 fc:00 34899781                   /home/henriqueramos_qs/meta-learning-concept-drift/.venv/lib/python3.12/site-packages/_jpype.cpython-312-x86_64-linux-gnu.so
728a2449b000-728a2449f000 rw-p 000bb000 fc:00 34899781                   /home/henriqueramos_qs/meta-learning-concept-drift/.venv/lib/python3.12/site-packages/_jpype.cpython-312-x86_64-linux-gnu.so
728a2449f000-728a2469f000 rw-p 00000000 00:00 0 
728a2469f000-728a246a4000 r--p 00000000 fc:00 34868730                   /home/henriqueramos_qs/meta-learning-concept-drift/.venv/lib/python3.12/site-packages/scipy/cluster/_hierarchy.cpython-312-x86_64-linux-gnu.so
728a246a4000-728a246ee000 r-xp 00005000 fc:00 34868730                   /home/henriqueramos_qs/meta-learning-concept-drift/.venv/lib/python3.12/site-packages/scipy/cluster/_hierarchy.cpython-312-x86_64-linux-gnu.so
728a246ee000-728a246fb000 r--p 0004f000 fc:00 34868730                   /home/henriqueramos_qs/meta-learning-concept-drift/.venv/lib/python3.12/site-packages/scipy/cluster/_hierarchy.cpython-312-x86_64-linux-gnu.so
728a246fb000-728a246fc000 r--p 0005b000 fc:00 34868730                   /home/henriqueramos_qs/meta-learning-concept-drift/.venv/lib/python3.12/site-packages/scipy/cluster/_hierarchy.cpython-312-x86_64-linux-gnu.so
728a246fc000-728a246ff000 rw-p 0005c000 fc:00 34868730                   /home/henriqueramos_qs/meta-learning-concept-drift/.venv/lib/python3.12/site-packages/scipy/cluster/_hierarchy.cpython-312-x86_64-linux-gnu.so
728a246ff000-728a24e00000 rw-p 00000000 00:00 0 
728a24e00000-728a24f29000 r--p 00000000 fc:00 35401307                   /home/henriqueramos_qs/meta-learning-concept-drift/.venv/lib/python3.12/site-packages/lightgbm/lib/lib_lightgbm.so
728a24f29000-728a255b7000 r-xp 00129000 fc:00 35401307                   /home/henriqueramos_qs/meta-learning-concept-drift/.venv/lib/python3.12/site-packages/lightgbm/lib/lib_lightgbm.so
728a255b7000-728a25679000 r--p 007b7000 fc:00 35401307                   /home/henriqueramos_qs/meta-learning-concept-drift/.venv/lib/python3.12/site-packages/lightgbm/lib/lib_lightgbm.so
728a25679000-728a25685000 r--p 00879000 fc:00 35401307                   /home/henriqueramos_qs/meta-learning-concept-drift/.venv/lib/python3.12/site-packages/lightgbm/lib/lib_lightgbm.so
728a25685000-728a2568a000 rw-p 00885000 fc:00 35401307                   /home/henriqueramos_qs/meta-learning-concept-drift/.venv/lib/python3.12/site-packages/lightgbm/lib/lib_lightgbm.so
728a2568a000-728a2568b000 rw-p 00000000 00:00 0 
728a25695000-728a2569a000 r--p 00000000 fc:00 34868728                   /home/henriqueramos_qs/meta-learning-concept-drift/.venv/lib/python3.12/site-packages/scipy/cluster/_optimal_leaf_ordering.cpython-312-x86_64-linux-gnu.so
728a2569a000-728a256d6000 r-xp 00005000 fc:00 34868728                   /home/henriqueramos_qs/meta-learning-concept-drift/.venv/lib/python3.12/site-packages/scipy/cluster/_optimal_leaf_ordering.cpython-312-x86_64-linux-gnu.so
728a256d6000-728a256df000 r--p 00041000 fc:00 34868728                   /home/henriqueramos_qs/meta-learning-concept-drift/.venv/lib/python3.12/site-packages/scipy/cluster/_optimal_leaf_ordering.cpython-312-x86_64-linux-gnu.so
728a256df000-728a256e0000 r--p 00049000 fc:00 34868728                   /home/henriqueramos_qs/meta-learning-concept-drift/.venv/lib/python3.12/site-packages/scipy/cluster/_optimal_leaf_ordering.cpython-312-x86_64-linux-gnu.so
728a256e0000-728a256e2000 rw-p 0004a000 fc:00 34868728                   /home/henriqueramos_qs/meta-learning-concept-drift/.venv/lib/python3.12/site-packages/scipy/cluster/_optimal_leaf_ordering.cpython-312-x86_64-linux-gnu.so
728a256e2000-728a256e3000 rw-p 00000000 00:00 0 
728a256e3000-728a256e6000 r--p 00000000 fc:00 34868731                   /home/henriqueramos_qs/meta-learning-concept-drift/.venv/lib/python3.12/site-packages/scipy/cluster/_vq.cpython-312-x86_64-linux-gnu.so
728a256e6000-728a256fa000 r-xp 00003000 fc:00 34868731                   /home/henriqueramos_qs/meta-learning-concept-drift/.venv/lib/python3.12/site-packages/scipy/cluster/_vq.cpython-312-x86_64-linux-gnu.so
728a256fa000-728a256fe000 r--p 00017000 fc:00 34868731                   /home/henriqueramos_qs/meta-learning-concept-drift/.venv/lib/python3.12/site-packages/scipy/cluster/_vq.cpython-312-x86_64-linux-gnu.so
728a256fe000-728a256ff000 r--p 0001a000 fc:00 34868731                   /home/henriqueramos_qs/meta-learning-concept-drift/.venv/lib/python3.12/site-packages/scipy/cluster/_vq.cpython-312-x86_64-linux-gnu.so
728a256ff000-728a25700000 rw-p 0001b000 fc:00 34868731                   /home/henriqueramos_qs/meta-learning-concept-drift/.venv/lib/python3.12/site-packages/scipy/cluster/_vq.cpython-312-x86_64-linux-gnu.so
728a25700000-728a25800000 rw-p 00000000 00:00 0 
728a25800000-728a2580c000 r--p 00000000 fc:00 35399529                   /home/henriqueramos_qs/meta-learning-concept-drift/.venv/lib/python3.12/site-packages/sklearn/_loss/_loss.cpython-312-x86_64-linux-gnu.so
728a2580c000-728a25a81000 r-xp 0000c000 fc:00 35399529                   /home/henriqueramos_qs/meta-learning-concept-drift/.venv/lib/python3.12/site-packages/sklearn/_loss/_loss.cpython-312-x86_64-linux-gnu.so
728a25a81000-728a25aa7000 r--p 00281000 fc:00 35399529                   /home/henriqueramos_qs/meta-learning-concept-drift/.venv/lib/python3.12/site-packages/sklearn/_loss/_loss.cpython-312-x86_64-linux-gnu.so
728a25aa7000-728a25aa9000 r--p 002a6000 fc:00 35399529                   /home/henriqueramos_qs/meta-learning-concept-drift/.venv/lib/python3.12/site-packages/sklearn/_loss/_loss.cpython-312-x86_64-linux-gnu.so
728a25aa9000-728a25aaf000 rw-p 002a8000 fc:00 35399529                   /home/henriqueramos_qs/meta-learning-concept-drift/.venv/lib/python3.12/site-packages/sklearn/_loss/_loss.cpython-312-x86_64-linux-gnu.so
728a25aaf000-728a25ab1000 rw-p 00000000 00:00 0 
728a25ab1000-728a25ab4000 rw-p 002ce000 fc:00 35399529                   /home/henriqueramos_qs/meta-learning-concept-drift/.venv/lib/python3.12/site-packages/sklearn/_loss/_loss.cpython-312-x86_64-linux-gnu.so
728a25abb000-728a25abf000 r--p 00000000 fc:00 34996378                   /home/henriqueramos_qs/meta-learning-concept-drift/.venv/lib/python3.12/site-packages/river/drift/adwin_c.cpython-312-x86_64-linux-gnu.so
728a25abf000-728a25ad6000 r-xp 00004000 fc:00 34996378                   /home/henriqueramos_qs/meta-learning-concept-drift/.venv/lib/python3.12/site-packages/river/drift/adwin_c.cpython-312-x86_64-linux-gnu.so
728a25ad6000-728a25adb000 r--p 0001b000 fc:00 34996378                   /home/henriqueramos_qs/meta-learning-concept-drift/.venv/lib/python3.12/site-packages/river/drift/adwin_c.cpython-312-x86_64-linux-gnu.so
728a25adb000-728a25adc000 r--p 0001f000 fc:00 34996378                   /home/henriqueramos_qs/meta-learning-concept-drift/.venv/lib/python3.12/site-packages/river/drift/adwin_c.cpython-312-x86_64-linux-gnu.so
728a25adc000-728a25ade000 rw-p 00020000 fc:00 34996378                   /home/henriqueramos_qs/meta-learning-concept-drift/.venv/lib/python3.12/site-packages/river/drift/adwin_c.cpython-312-x86_64-linux-gnu.so
728a25ade000-728a25ae7000 r--p 00000000 fc:00 35534111                   /home/henriqueramos_qs/meta-learning-concept-drift/.venv/lib/python3.12/site-packages/greenlet/_greenlet.cpython-312-x86_64-linux-gnu.so
728a25ae7000-728a25af8000 r-xp 00009000 fc:00 35534111                   /home/henriqueramos_qs/meta-learning-concept-drift/.venv/lib/python3.12/site-packages/greenlet/_greenlet.cpython-312-x86_64-linux-gnu.so
728a25af8000-728a25afe000 r--p 0001a000 fc:00 35534111                   /home/henriqueramos_qs/meta-learning-concept-drift/.venv/lib/python3.12/site-packages/greenlet/_greenlet.cpython-312-x86_64-linux-gnu.so
728a25afe000-728a25aff000 r--p 00020000 fc:00 35534111                   /home/henriqueramos_qs/meta-learning-concept-drift/.venv/lib/python3.12/site-packages/greenlet/_greenlet.cpython-312-x86_64-linux-gnu.so
728a25aff000-728a25b00000 rw-p 00021000 fc:00 35534111                   /home/henriqueramos_qs/meta-learning-concept-drift/.venv/lib/python3.12/site-packages/greenlet/_greenlet.cpython-312-x86_64-linux-gnu.so
728a25b00000-728a25c00000 rw-p 00000000 00:00 0 
728a25c00000-728a25c25000 r-xp 00000000 fc:00 35399493                   /home/henriqueramos_qs/meta-learning-concept-drift/.venv/lib/python3.12/site-packages/scikit_learn.libs/libgomp-a34b3233.so.1.0.0
728a25c25000-728a25e24000 ---p 00025000 fc:00 35399493                   /home/henriqueramos_qs/meta-learning-concept-drift/.venv/lib/python3.12/site-packages/scikit_learn.libs/libgomp-a34b3233.so.1.0.0
728a25e24000-728a25e25000 r--p 00024000 fc:00 35399493                   /home/henriqueramos_qs/meta-learning-concept-drift/.venv/lib/python3.12/site-packages/scikit_learn.libs/libgomp-a34b3233.so.1.0.0
728a25e25000-728a25e2a000 rw-p 00025000 fc:00 35399493                   /home/henriqueramos_qs/meta-learning-concept-drift/.venv/lib/python3.12/site-packages/scikit_learn.libs/libgomp-a34b3233.so.1.0.0
728a25e2e000-728a25e32000 r--p 00000000 fc:00 35534473                   /home/henriqueramos_qs/meta-learning-concept-drift/.venv/lib/python3.12/site-packages/sqlalchemy/cyextension/util.cpython-312-x86_64-linux-gnu.so
728a25e32000-728a25e43000 r-xp 00004000 fc:00 35534473                   /home/henriqueramos_qs/meta-learning-concept-drift/.venv/lib/python3.12/site-packages/sqlalchemy/cyextension/util.cpython-312-x86_64-linux-gnu.so
728a25e43000-728a25e47000 r--p 00015000 fc:00 35534473                   /home/henriqueramos_qs/meta-learning-concept-drift/.venv/lib/python3.12/site-packages/sqlalchemy/cyextension/util.cpython-312-x86_64-linux-gnu.so
728a25e47000-728a25e48000 r--p 00018000 fc:00 35534473                   /home/henriqueramos_qs/meta-learning-concept-drift/.venv/lib/python3.12/site-packages/sqlalchemy/cyextension/util.cpython-312-x86_64-linux-gnu.so
728a25e48000-728a25e49000 rw-p 00019000 fc:00 35534473                   /home/henriqueramos_qs/meta-learning-concept-drift/.venv/lib/python3.12/site-packages/sqlalchemy/cyextension/util.cpython-312-x86_64-linux-gnu.so
728a25e49000-728a25e4a000 rw-p 00000000 00:00 0 
728a25e4a000-728a25e4e000 r--p 00000000 fc:00 35534469                   /home/henriqueramos_qs/meta-learning-concept-drift/.venv/lib/python3.12/site-packages/sqlalchemy/cyextension/resultproxy.cpython-312-x86_64-linux-gnu.so
728a25e4e000-728a25e59000 r-xp 00004000 fc:00 35534469                   /home/henriqueramos_qs/meta-learning-concept-drift/.venv/lib/python3.12/site-packages/sqlalchemy/cyextension/resultproxy.cpython-312-x86_64-linux-gnu.so
728a25e59000-728a25e5c000 r--p 0000f000 fc:00 35534469                   /home/henriqueramos_qs/meta-learning-concept-drift/.venv/lib/python3.12/site-packages/sqlalchemy/cyextension/resultproxy.cpython-312-x86_64-linux-gnu.so
728a25e5c000-728a25e5d000 ---p 00012000 fc:00 35534469                   /home/henriqueramos_qs/meta-learning-concept-drift/.venv/lib/python3.12/site-packages/sqlalchemy/cyextension/resultproxy.cpython-312-x86_64-linux-gnu.so
728a25e5d000-728a25e5e000 r--p 00012000 fc:00 35534469                   /home/henriqueramos_qs/meta-learning-concept-drift/.venv/lib/python3.12/site-packages/sqlalchemy/cyextension/resultproxy.cpython-312-x86_64-linux-gnu.so
728a25e5e000-728a25e5f000 rw-p 00013000 fc:00 35534469                   /home/henriqueramos_qs/meta-learning-concept-drift/.venv/lib/python3.12/site-packages/sqlalchemy/cyextension/resultproxy.cpython-312-x86_64-linux-gnu.so
728a25e5f000-728a25e60000 rw-p 00000000 00:00 0 
728a25e60000-728a25e64000 r--p 00000000 fc:00 35534467                   /home/henriqueramos_qs/meta-learning-concept-drift/.venv/lib/python3.12/site-packages/sqlalchemy/cyextension/processors.cpython-312-x86_64-linux-gnu.so
728a25e64000-728a25e6f000 r-xp 00004000 fc:00 35534467                   /home/henriqueramos_qs/meta-learning-concept-drift/.venv/lib/python3.12/site-packages/sqlalchemy/cyextension/processors.cpython-312-x86_64-linux-gnu.so
728a25e6f000-728a25e72000 r--p 0000f000 fc:00 35534467                   /home/henriqueramos_qs/meta-learning-concept-drift/.venv/lib/python3.12/site-packages/sqlalchemy/cyextension/processors.cpython-312-x86_64-linux-gnu.so
728a25e72000-728a25e73000 r--p 00011000 fc:00 35534467                   /home/henriqueramos_qs/meta-learning-concept-drift/.venv/lib/python3.12/site-packages/sqlalchemy/cyextension/processors.cpython-312-x86_64-linux-gnu.so
728a25e73000-728a25e74000 rw-p 00012000 fc:00 35534467                   /home/henriqueramos_qs/meta-learning-concept-drift/.venv/lib/python3.12/site-packages/sqlalchemy/cyextension/processors.cpython-312-x86_64-linux-gnu.so
728a25e74000-728a25e75000 rw-p 00000000 00:00 0 
728a25e75000-728a25e79000 r--p 00000000 fc:00 35534472                   /home/henriqueramos_qs/meta-learning-concept-drift/.venv/lib/python3.12/site-packages/sqlalchemy/cyextension/immutabledict.cpython-312-x86_64-linux-gnu.so
728a25e79000-728a25e87000 r-xp 00004000 fc:00 35534472                   /home/henriqueramos_qs/meta-learning-concept-drift/.venv/lib/python3.12/site-packages/sqlalchemy/cyextension/immutabledict.cpython-312-x86_64-linux-gnu.so
728a25e87000-728a25e8b000 r--p 00012000 fc:00 35534472                   /home/henriqueramos_qs/meta-learning-concept-drift/.venv/lib/python3.12/site-packages/sqlalchemy/cyextension/immutabledict.cpython-312-x86_64-linux-gnu.so
728a25e8b000-728a25e8c000 r--p 00015000 fc:00 35534472                   /home/henriqueramos_qs/meta-learning-concept-drift/.venv/lib/python3.12/site-packages/sqlalchemy/cyextension/immutabledict.cpython-312-x86_64-linux-gnu.so
728a25e8c000-728a25e8e000 rw-p 00016000 fc:00 35534472                   /home/henriqueramos_qs/meta-learning-concept-drift/.venv/lib/python3.12/site-packages/sqlalchemy/cyextension/immutabledict.cpython-312-x86_64-linux-gnu.so
728a25e8e000-728a25e95000 r--p 00000000 fc:00 35534471                   /home/henriqueramos_qs/meta-learning-concept-drift/.venv/lib/python3.12/site-packages/sqlalchemy/cyextension/collections.cpython-312-x86_64-linux-gnu.so
728a25e95000-728a25eb9000 r-xp 00007000 fc:00 35534471                   /home/henriqueramos_qs/meta-learning-concept-drift/.venv/lib/python3.12/site-packages/sqlalchemy/cyextension/collections.cpython-312-x86_64-linux-gnu.so
728a25eb9000-728a25ec1000 r--p 0002b000 fc:00 35534471                   /home/henriqueramos_qs/meta-learning-concept-drift/.venv/lib/python3.12/site-packages/sqlalchemy/cyextension/collections.cpython-312-x86_64-linux-gnu.so
728a25ec1000-728a25ec2000 ---p 00033000 fc:00 35534471                   /home/henriqueramos_qs/meta-learning-concept-drift/.venv/lib/python3.12/site-packages/sqlalchemy/cyextension/collections.cpython-312-x86_64-linux-gnu.so
728a25ec2000-728a25ec3000 r--p 00033000 fc:00 35534471                   /home/henriqueramos_qs/meta-learning-concept-drift/.venv/lib/python3.12/site-packages/sqlalchemy/cyextension/collections.cpython-312-x86_64-linux-gnu.so
728a25ec3000-728a25ec6000 rw-p 00034000 fc:00 35534471                   /home/henriqueramos_qs/meta-learning-concept-drift/.venv/lib/python3.12/site-packages/sqlalchemy/cyextension/collections.cpython-312-x86_64-linux-gnu.so
728a25ec6000-728a25eca000 r--p 00000000 fc:00 34869303                   /home/henriqueramos_qs/meta-learning-concept-drift/.venv/lib/python3.12/site-packages/scipy/io/matlab/_streams.cpython-312-x86_64-linux-gnu.so
728a25eca000-728a25edf000 r-xp 00004000 fc:00 34869303                   /home/henriqueramos_qs/meta-learning-concept-drift/.venv/lib/python3.12/site-packages/scipy/io/matlab/_streams.cpython-312-x86_64-linux-gnu.so
728a25edf000-728a25ee3000 r--p 00019000 fc:00 34869303                   /home/henriqueramos_qs/meta-learning-concept-drift/.venv/lib/python3.12/site-packages/scipy/io/matlab/_streams.cpython-312-x86_64-linux-gnu.so
728a25ee3000-728a25ee4000 ---p 0001d000 fc:00 34869303                   /home/henriqueramos_qs/meta-learning-concept-drift/.venv/lib/python3.12/site-packages/scipy/io/matlab/_streams.cpython-312-x86_64-linux-gnu.so
728a25ee4000-728a25ee5000 r--p 0001d000 fc:00 34869303                   /home/henriqueramos_qs/meta-learning-concept-drift/.venv/lib/python3.12/site-packages/scipy/io/matlab/_streams.cpython-312-x86_64-linux-gnu.so
728a25ee5000-728a25ee7000 rw-p 0001e000 fc:00 34869303                   /home/henriqueramos_qs/meta-learning-concept-drift/.venv/lib/python3.12/site-packages/scipy/io/matlab/_streams.cpython-312-x86_64-linux-gnu.so
728a25ee7000-728a25eec000 r--p 00000000 fc:00 34869300                   /home/henriqueramos_qs/meta-learning-concept-drift/.venv/lib/python3.12/site-packages/scipy/io/matlab/_mio5_utils.cpython-312-x86_64-linux-gnu.so
728a25eec000-728a25f13000 r-xp 00005000 fc:00 34869300                   /home/henriqueramos_qs/meta-learning-concept-drift/.venv/lib/python3.12/site-packages/scipy/io/matlab/_mio5_utils.cpython-312-x86_64-linux-gnu.so
728a25f13000-728a25f1b000 r--p 0002c000 fc:00 34869300                   /home/henriqueramos_qs/meta-learning-concept-drift/.venv/lib/python3.12/site-packages/scipy/io/matlab/_mio5_utils.cpython-312-x86_64-linux-gnu.so
728a25f1b000-728a25f1c000 r--p 00033000 fc:00 34869300                   /home/henriqueramos_qs/meta-learning-concept-drift/.venv/lib/python3.12/site-packages/scipy/io/matlab/_mio5_utils.cpython-312-x86_64-linux-gnu.so
728a25f1c000-728a25f1e000 rw-p 00034000 fc:00 34869300                   /home/henriqueramos_qs/meta-learning-concept-drift/.venv/lib/python3.12/site-packages/scipy/io/matlab/_mio5_utils.cpython-312-x86_64-linux-gnu.so
728a25f1e000-728a25f24000 r--p 00000000 fc:00 34996757                   /home/henriqueramos_qs/meta-learning-concept-drift/.venv/lib/python3.12/site-packages/river/utils/vectordict.cpython-312-x86_64-linux-gnu.so
728a25f24000-728a25f52000 r-xp 00006000 fc:00 34996757                   /home/henriqueramos_qs/meta-learning-concept-drift/.venv/lib/python3.12/site-packages/river/utils/vectordict.cpython-312-x86_64-linux-gnu.so
728a25f52000-728a25f5a000 r--p 00034000 fc:00 34996757                   /home/henriqueramos_qs/meta-learning-concept-drift/.venv/lib/python3.12/site-packages/river/utils/vectordict.cpython-312-x86_64-linux-gnu.so
728a25f5a000-728a25f5b000 r--p 0003b000 fc:00 34996757                   /home/henriqueramos_qs/meta-learning-concept-drift/.venv/lib/python3.12/site-packages/river/utils/vectordict.cpython-312-x86_64-linux-gnu.so
728a25f5b000-728a25f5f000 rw-p 0003c000 fc:00 34996757                   /home/henriqueramos_qs/meta-learning-concept-drift/.venv/lib/python3.12/site-packages/river/utils/vectordict.cpython-312-x86_64-linux-gnu.so
728a25f5f000-728a25f89000 r--p 00000000 fc:00 34996353                   /home/henriqueramos_qs/meta-learning-concept-drift/.venv/lib/python3.12/site-packages/river/stats/_rust_stats.cpython-312-x86_64-linux-gnu.so
728a25f89000-728a25ff6000 r-xp 00029000 fc:00 34996353                   /home/henriqueramos_qs/meta-learning-concept-drift/.venv/lib/python3.12/site-packages/river/stats/_rust_stats.cpython-312-x86_64-linux-gnu.so
728a25ff6000-728a25ffe000 r--p 00095000 fc:00 34996353                   /home/henriqueramos_qs/meta-learning-concept-drift/.venv/lib/python3.12/site-packages/river/stats/_rust_stats.cpython-312-x86_64-linux-gnu.so
728a25ffe000-728a25fff000 rw-p 0009c000 fc:00 34996353                   /home/henriqueramos_qs/meta-learning-concept-drift/.venv/lib/python3.12/site-packages/river/stats/_rust_stats.cpython-312-x86_64-linux-gnu.so
728a25fff000-728a26000000 rw-p 00000000 00:00 0 
728a26000000-728a2600e000 r--p 00000000 fc:00 34868529                   /home/henriqueramos_qs/meta-learning-concept-drift/.venv/lib/python3.12/site-packages/scipy/special/cython_special.cpython-312-x86_64-linux-gnu.so
728a2600e000-728a262a4000 r-xp 0000e000 fc:00 34868529                   /home/henriqueramos_qs/meta-learning-concept-drift/.venv/lib/python3.12/site-packages/scipy/special/cython_special.cpython-312-x86_64-linux-gnu.so
728a262a4000-728a262ea000 r--p 002a4000 fc:00 34868529                   /home/henriqueramos_qs/meta-learning-concept-drift/.venv/lib/python3.12/site-packages/scipy/special/cython_special.cpython-312-x86_64-linux-gnu.so
728a262ea000-728a262eb000 r--p 002e9000 fc:00 34868529                   /home/henriqueramos_qs/meta-learning-concept-drift/.venv/lib/python3.12/site-packages/scipy/special/cython_special.cpython-312-x86_64-linux-gnu.so
728a262eb000-728a262f0000 rw-p 002ea000 fc:00 34868529                   /home/henriqueramos_qs/meta-learning-concept-drift/.venv/lib/python3.12/site-packages/scipy/special/cython_special.cpython-312-x86_64-linux-gnu.so
728a262f0000-728a262f3000 rw-p 00000000 00:00 0 
728a26300000-728a26400000 rw-p 00000000 00:00 0 
728a26400000-728a2640d000 r--p 00000000 fc:00 34868342                   /home/henriqueramos_qs/meta-learning-concept-drift/.venv/lib/python3.12/site-packages/scipy/optimize/_highs/_highs_wrapper.cpython-312-x86_64-linux-gnu.so
728a2640d000-728a26704000 r-xp 0000d000 fc:00 34868342                   /home/henriqueramos_qs/meta-learning-concept-drift/.venv/lib/python3.12/site-packages/scipy/optimize/_highs/_highs_wrapper.cpython-312-x86_64-linux-gnu.so
728a26704000-728a26772000 r--p 00304000 fc:00 34868342                   /home/henriqueramos_qs/meta-learning-concept-drift/.venv/lib/python3.12/site-packages/scipy/optimize/_highs/_highs_wrapper.cpython-312-x86_64-linux-gnu.so
728a26772000-728a26774000 r--p 00371000 fc:00 34868342                   /home/henriqueramos_qs/meta-learning-concept-drift/.venv/lib/python3.12/site-packages/scipy/optimize/_highs/_highs_wrapper.cpython-312-x86_64-linux-gnu.so
728a26774000-728a26776000 rw-p 00373000 fc:00 34868342                   /home/henriqueramos_qs/meta-learning-concept-drift/.venv/lib/python3.12/site-packages/scipy/optimize/_highs/_highs_wrapper.cpython-312-x86_64-linux-gnu.so
728a26776000-728a2677a000 rw-p 00000000 00:00 0 
728a2677b000-728a26780000 r--p 00000000 fc:00 34869054                   /home/henriqueramos_qs/meta-learning-concept-drift/.venv/lib/python3.12/site-packages/scipy/signal/_peak_finding_utils.cpython-312-x86_64-linux-gnu.so
728a26780000-728a267af000 r-xp 00005000 fc:00 34869054                   /home/henriqueramos_qs/meta-learning-concept-drift/.venv/lib/python3.12/site-packages/scipy/signal/_peak_finding_utils.cpython-312-x86_64-linux-gnu.so
728a267af000-728a267b8000 r--p 00034000 fc:00 34869054                   /home/henriqueramos_qs/meta-learning-concept-drift/.venv/lib/python3.12/site-packages/scipy/signal/_peak_finding_utils.cpython-312-x86_64-linux-gnu.so
728a267b8000-728a267b9000 ---p 0003d000 fc:00 34869054                   /home/henriqueramos_qs/meta-learning-concept-drift/.venv/lib/python3.12/site-packages/scipy/signal/_peak_finding_utils.cpython-312-x86_64-linux-gnu.so
728a267b9000-728a267ba000 r--p 0003d000 fc:00 34869054                   /home/henriqueramos_qs/meta-learning-concept-drift/.venv/lib/python3.12/site-packages/scipy/signal/_peak_finding_utils.cpython-312-x86_64-linux-gnu.so
728a267ba000-728a267bc000 rw-p 0003e000 fc:00 34869054                   /home/henriqueramos_qs/meta-learning-concept-drift/.venv/lib/python3.12/site-packages/scipy/signal/_peak_finding_utils.cpython-312-x86_64-linux-gnu.so
728a267bc000-728a267bd000 rw-p 00000000 00:00 0 
728a267bd000-728a267c2000 r--p 00000000 fc:00 34869027                   /home/henriqueramos_qs/meta-learning-concept-drift/.venv/lib/python3.12/site-packages/scipy/signal/_sosfilt.cpython-312-x86_64-linux-gnu.so
728a267c2000-728a267f4000 r-xp 00005000 fc:00 34869027                   /home/henriqueramos_qs/meta-learning-concept-drift/.venv/lib/python3.12/site-packages/scipy/signal/_sosfilt.cpython-312-x86_64-linux-gnu.so
728a267f4000-728a267fc000 r--p 00037000 fc:00 34869027                   /home/henriqueramos_qs/meta-learning-concept-drift/.venv/lib/python3.12/site-packages/scipy/signal/_sosfilt.cpython-312-x86_64-linux-gnu.so
728a267fc000-728a267fd000 r--p 0003e000 fc:00 34869027                   /home/henriqueramos_qs/meta-learning-concept-drift/.venv/lib/python3.12/site-packages/scipy/signal/_sosfilt.cpython-312-x86_64-linux-gnu.so
728a267fd000-728a267ff000 rw-p 0003f000 fc:00 34869027                   /home/henriqueramos_qs/meta-learning-concept-drift/.venv/lib/python3.12/site-packages/scipy/signal/_sosfilt.cpython-312-x86_64-linux-gnu.so
728a267ff000-728a26800000 rw-p 00000000 00:00 0 
728a26800000-728a2683b000 r-xp 00000000 fc:00 34868032                   /home/henriqueramos_qs/meta-learning-concept-drift/.venv/lib/python3.12/site-packages/scipy.libs/libquadmath-96973f99.so.0.0.0
728a2683b000-728a26a3a000 ---p 0003b000 fc:00 34868032                   /home/henriqueramos_qs/meta-learning-concept-drift/.venv/lib/python3.12/site-packages/scipy.libs/libquadmath-96973f99.so.0.0.0
728a26a3a000-728a26a3b000 r--p 0003a000 fc:00 34868032                   /home/henriqueramos_qs/meta-learning-concept-drift/.venv/lib/python3.12/site-packages/scipy.libs/libquadmath-96973f99.so.0.0.0
728a26a3b000-728a26a3d000 rw-p 0003b000 fc:00 34868032                   /home/henriqueramos_qs/meta-learning-concept-drift/.venv/lib/python3.12/site-packages/scipy.libs/libquadmath-96973f99.so.0.0.0
728a26a43000-728a26a44000 r--p 00000000 fc:00 34869030                   /home/henriqueramos_qs/meta-learning-concept-drift/.venv/lib/python3.12/site-packages/scipy/signal/_spline.cpython-312-x86_64-linux-gnu.so
728a26a44000-728a26a53000 r-xp 00001000 fc:00 34869030                   /home/henriqueramos_qs/meta-learning-concept-drift/.venv/lib/python3.12/site-packages/scipy/signal/_spline.cpython-312-x86_64-linux-gnu.so
728a26a53000-728a26a55000 r--p 00010000 fc:00 34869030                   /home/henriqueramos_qs/meta-learning-concept-drift/.venv/lib/python3.12/site-packages/scipy/signal/_spline.cpython-312-x86_64-linux-gnu.so
728a26a55000-728a26a56000 r--p 00011000 fc:00 34869030                   /home/henriqueramos_qs/meta-learning-concept-drift/.venv/lib/python3.12/site-packages/scipy/signal/_spline.cpython-312-x86_64-linux-gnu.so
728a26a56000-728a26a58000 rw-p 00012000 fc:00 34869030                   /home/henriqueramos_qs/meta-learning-concept-drift/.venv/lib/python3.12/site-packages/scipy/signal/_spline.cpython-312-x86_64-linux-gnu.so
728a26a58000-728a26a5d000 r--p 00000000 fc:00 34869033                   /home/henriqueramos_qs/meta-learning-concept-drift/.venv/lib/python3.12/site-packages/scipy/signal/_upfirdn_apply.cpython-312-x86_64-linux-gnu.so
728a26a5d000-728a26aa1000 r-xp 00005000 fc:00 34869033                   /home/henriqueramos_qs/meta-learning-concept-drift/.venv/lib/python3.12/site-packages/scipy/signal/_upfirdn_apply.cpython-312-x86_64-linux-gnu.so
728a26aa1000-728a26aaa000 r--p 00049000 fc:00 34869033                   /home/henriqueramos_qs/meta-learning-concept-drift/.venv/lib/python3.12/site-packages/scipy/signal/_upfirdn_apply.cpython-312-x86_64-linux-gnu.so
728a26aaa000-728a26aab000 ---p 00052000 fc:00 34869033                   /home/henriqueramos_qs/meta-learning-concept-drift/.venv/lib/python3.12/site-packages/scipy/signal/_upfirdn_apply.cpython-312-x86_64-linux-gnu.so
728a26aab000-728a26aac000 r--p 00052000 fc:00 34869033                   /home/henriqueramos_qs/meta-learning-concept-drift/.venv/lib/python3.12/site-packages/scipy/signal/_upfirdn_apply.cpython-312-x86_64-linux-gnu.so
728a26aac000-728a26aae000 rw-p 00053000 fc:00 34869033                   /home/henriqueramos_qs/meta-learning-concept-drift/.venv/lib/python3.12/site-packages/scipy/signal/_upfirdn_apply.cpython-312-x86_64-linux-gnu.so
728a26aae000-728a26aaf000 rw-p 00000000 00:00 0 
728a26aaf000-728a26ab1000 r--p 00000000 fc:00 34869050                   /home/henriqueramos_qs/meta-learning-concept-drift/.venv/lib/python3.12/site-packages/scipy/signal/_sigtools.cpython-312-x86_64-linux-gnu.so
728a26ab1000-728a26ac4000 r-xp 00002000 fc:00 34869050                   /home/henriqueramos_qs/meta-learning-concept-drift/.venv/lib/python3.12/site-packages/scipy/signal/_sigtools.cpython-312-x86_64-linux-gnu.so
728a26ac4000-728a26ac6000 r--p 00015000 fc:00 34869050                   /home/henriqueramos_qs/meta-learning-concept-drift/.venv/lib/python3.12/site-packages/scipy/signal/_sigtools.cpython-312-x86_64-linux-gnu.so
728a26ac6000-728a26ac7000 r--p 00016000 fc:00 34869050                   /home/henriqueramos_qs/meta-learning-concept-drift/.venv/lib/python3.12/site-packages/scipy/signal/_sigtools.cpython-312-x86_64-linux-gnu.so
728a26ac7000-728a26ac8000 rw-p 00017000 fc:00 34869050                   /home/henriqueramos_qs/meta-learning-concept-drift/.venv/lib/python3.12/site-packages/scipy/signal/_sigtools.cpython-312-x86_64-linux-gnu.so
728a26ac8000-728a26acd000 r--p 00000000 fc:00 35399571                   /home/henriqueramos_qs/meta-learning-concept-drift/.venv/lib/python3.12/site-packages/sklearn/cluster/_hdbscan/_reachability.cpython-312-x86_64-linux-gnu.so
728a26acd000-728a26af5000 r-xp 00005000 fc:00 35399571                   /home/henriqueramos_qs/meta-learning-concept-drift/.venv/lib/python3.12/site-packages/sklearn/cluster/_hdbscan/_reachability.cpython-312-x86_64-linux-gnu.so
728a26af5000-728a26afc000 r--p 0002d000 fc:00 35399571                   /home/henriqueramos_qs/meta-learning-concept-drift/.venv/lib/python3.12/site-packages/sklearn/cluster/_hdbscan/_reachability.cpython-312-x86_64-linux-gnu.so
728a26afc000-728a26afd000 ---p 00034000 fc:00 35399571                   /home/henriqueramos_qs/meta-learning-concept-drift/.venv/lib/python3.12/site-packages/sklearn/cluster/_hdbscan/_reachability.cpython-312-x86_64-linux-gnu.so
728a26afd000-728a26afe000 r--p 00034000 fc:00 35399571                   /home/henriqueramos_qs/meta-learning-concept-drift/.venv/lib/python3.12/site-packages/sklearn/cluster/_hdbscan/_reachability.cpython-312-x86_64-linux-gnu.so
728a26afe000-728a26aff000 rw-p 00035000 fc:00 35399571                   /home/henriqueramos_qs/meta-learning-concept-drift/.venv/lib/python3.12/site-packages/sklearn/cluster/_hdbscan/_reachability.cpython-312-x86_64-linux-gnu.so
728a26aff000-728a26c00000 rw-p 00000000 00:00 0 
728a26c00000-728a26e76000 r-xp 00000000 fc:00 34868034                   /home/henriqueramos_qs/meta-learning-concept-drift/.venv/lib/python3.12/site-packages/scipy.libs/libgfortran-040039e1.so.5.0.0
728a26e76000-728a27075000 ---p 00276000 fc:00 34868034                   /home/henriqueramos_qs/meta-learning-concept-drift/.venv/lib/python3.12/site-packages/scipy.libs/libgfortran-040039e1.so.5.0.0
728a27075000-728a27076000 r--p 00275000 fc:00 34868034                   /home/henriqueramos_qs/meta-learning-concept-drift/.venv/lib/python3.12/site-packages/scipy.libs/libgfortran-040039e1.so.5.0.0
728a27076000-728a27078000 rw-p 00276000 fc:00 34868034                   /home/henriqueramos_qs/meta-learning-concept-drift/.venv/lib/python3.12/site-packages/scipy.libs/libgfortran-040039e1.so.5.0.0
728a27078000-728a2708d000 rw-p 0027b000 fc:00 34868034                   /home/henriqueramos_qs/meta-learning-concept-drift/.venv/lib/python3.12/site-packages/scipy.libs/libgfortran-040039e1.so.5.0.0
728a2709b000-728a2709f000 r--p 00000000 fc:00 35399500                   /home/henriqueramos_qs/meta-learning-concept-drift/.venv/lib/python3.12/site-packages/sklearn/_isotonic.cpython-312-x86_64-linux-gnu.so
728a2709f000-728a270bb000 r-xp 00004000 fc:00 35399500                   /home/henriqueramos_qs/meta-learning-concept-drift/.venv/lib/python3.12/site-packages/sklearn/_isotonic.cpython-312-x86_64-linux-gnu.so
728a270bb000-728a270c1000 r--p 00020000 fc:00 35399500                   /home/henriqueramos_qs/meta-learning-concept-drift/.venv/lib/python3.12/site-packages/sklearn/_isotonic.cpython-312-x86_64-linux-gnu.so
728a270c1000-728a270c2000 r--p 00025000 fc:00 35399500                   /home/henriqueramos_qs/meta-learning-concept-drift/.venv/lib/python3.12/site-packages/sklearn/_isotonic.cpython-312-x86_64-linux-gnu.so
728a270c2000-728a270c3000 rw-p 00026000 fc:00 35399500                   /home/henriqueramos_qs/meta-learning-concept-drift/.venv/lib/python3.12/site-packages/sklearn/_isotonic.cpython-312-x86_64-linux-gnu.so
728a270c3000-728a270c4000 rw-p 00000000 00:00 0 
728a270c4000-728a270c9000 r--p 00000000 fc:00 35399573                   /home/henriqueramos_qs/meta-learning-concept-drift/.venv/lib/python3.12/site-packages/sklearn/cluster/_hdbscan/_tree.cpython-312-x86_64-linux-gnu.so
728a270c9000-728a270f5000 r-xp 00005000 fc:00 35399573                   /home/henriqueramos_qs/meta-learning-concept-drift/.venv/lib/python3.12/site-packages/sklearn/cluster/_hdbscan/_tree.cpython-312-x86_64-linux-gnu.so
728a270f5000-728a270fd000 r--p 00031000 fc:00 35399573                   /home/henriqueramos_qs/meta-learning-concept-drift/.venv/lib/python3.12/site-packages/sklearn/cluster/_hdbscan/_tree.cpython-312-x86_64-linux-gnu.so
728a270fd000-728a270fe000 r--p 00038000 fc:00 35399573                   /home/henriqueramos_qs/meta-learning-concept-drift/.venv/lib/python3.12/site-packages/sklearn/cluster/_hdbscan/_tree.cpython-312-x86_64-linux-gnu.so
728a270fe000-728a270ff000 rw-p 00039000 fc:00 35399573                   /home/henriqueramos_qs/meta-learning-concept-drift/.venv/lib/python3.12/site-packages/sklearn/cluster/_hdbscan/_tree.cpython-312-x86_64-linux-gnu.so
728a270ff000-728a27200000 rw-p 00000000 00:00 0 
728a27200000-728a2723c000 r--p 00000000 fc:00 34868759                   /home/henriqueramos_qs/meta-learning-concept-drift/.venv/lib/python3.12/site-packages/scipy/linalg/_flapack.cpython-312-x86_64-linux-gnu.so
728a2723c000-728a27305000 r-xp 0003c000 fc:00 34868759                   /home/henriqueramos_qs/meta-learning-concept-drift/.venv/lib/python3.12/site-packages/scipy/linalg/_flapack.cpython-312-x86_64-linux-gnu.so
728a27305000-728a27381000 r--p 00105000 fc:00 34868759                   /home/henriqueramos_qs/meta-learning-concept-drift/.venv/lib/python3.12/site-packages/scipy/linalg/_flapack.cpython-312-x86_64-linux-gnu.so
728a27381000-728a27382000 ---p 00181000 fc:00 34868759                   /home/henriqueramos_qs/meta-learning-concept-drift/.venv/lib/python3.12/site-packages/scipy/linalg/_flapack.cpython-312-x86_64-linux-gnu.so
728a27382000-728a27383000 r--p 00181000 fc:00 34868759                   /home/henriqueramos_qs/meta-learning-concept-drift/.venv/lib/python3.12/site-packages/scipy/linalg/_flapack.cpython-312-x86_64-linux-gnu.so
728a27383000-728a2740f000 rw-p 00182000 fc:00 34868759                   /home/henriqueramos_qs/meta-learning-concept-drift/.venv/lib/python3.12/site-packages/scipy/linalg/_flapack.cpython-312-x86_64-linux-gnu.so
728a2740f000-728a27427000 rw-p 0023a000 fc:00 34868759                   /home/henriqueramos_qs/meta-learning-concept-drift/.venv/lib/python3.12/site-packages/scipy/linalg/_flapack.cpython-312-x86_64-linux-gnu.so
728a27428000-728a2742c000 r--p 00000000 fc:00 35400126                   /home/henriqueramos_qs/meta-learning-concept-drift/.venv/lib/python3.12/site-packages/sklearn/manifold/_utils.cpython-312-x86_64-linux-gnu.so
728a2742c000-728a27435000 r-xp 00004000 fc:00 35400126                   /home/henriqueramos_qs/meta-learning-concept-drift/.venv/lib/python3.12/site-packages/sklearn/manifold/_utils.cpython-312-x86_64-linux-gnu.so
728a27435000-728a27439000 r--p 0000d000 fc:00 35400126                   /home/henriqueramos_qs/meta-learning-concept-drift/.venv/lib/python3.12/site-packages/sklearn/manifold/_utils.cpython-312-x86_64-linux-gnu.so
728a27439000-728a2743a000 ---p 00011000 fc:00 35400126                   /home/henriqueramos_qs/meta-learning-concept-drift/.venv/lib/python3.12/site-packages/sklearn/manifold/_utils.cpython-312-x86_64-linux-gnu.so
728a2743a000-728a2743b000 r--p 00011000 fc:00 35400126                   /home/henriqueramos_qs/meta-learning-concept-drift/.venv/lib/python3.12/site-packages/sklearn/manifold/_utils.cpython-312-x86_64-linux-gnu.so
728a2743b000-728a2743c000 rw-p 00012000 fc:00 35400126                   /home/henriqueramos_qs/meta-learning-concept-drift/.venv/lib/python3.12/site-packages/sklearn/manifold/_utils.cpython-312-x86_64-linux-gnu.so
728a2743c000-728a27440000 r--p 00000000 fc:00 35399560                   /home/henriqueramos_qs/meta-learning-concept-drift/.venv/lib/python3.12/site-packages/sklearn/cluster/_k_means_minibatch.cpython-312-x86_64-linux-gnu.so
728a27440000-728a2745e000 r-xp 00004000 fc:00 35399560                   /home/henriqueramos_qs/meta-learning-concept-drift/.venv/lib/python3.12/site-packages/sklearn/cluster/_k_means_minibatch.cpython-312-x86_64-linux-gnu.so
728a2745e000-728a27464000 r--p 00022000 fc:00 35399560                   /home/henriqueramos_qs/meta-learning-concept-drift/.venv/lib/python3.12/site-packages/sklearn/cluster/_k_means_minibatch.cpython-312-x86_64-linux-gnu.so
728a27464000-728a27465000 r--p 00027000 fc:00 35399560                   /home/henriqueramos_qs/meta-learning-concept-drift/.venv/lib/python3.12/site-packages/sklearn/cluster/_k_means_minibatch.cpython-312-x86_64-linux-gnu.so
728a27465000-728a27466000 rw-p 00028000 fc:00 35399560                   /home/henriqueramos_qs/meta-learning-concept-drift/.venv/lib/python3.12/site-packages/sklearn/cluster/_k_means_minibatch.cpython-312-x86_64-linux-gnu.so
728a27466000-728a27467000 rw-p 00000000 00:00 0 
728a27467000-728a2746a000 rw-p 0002f000 fc:00 35399560                   /home/henriqueramos_qs/meta-learning-concept-drift/.venv/lib/python3.12/site-packages/sklearn/cluster/_k_means_minibatch.cpython-312-x86_64-linux-gnu.so
728a2746a000-728a2746f000 r--p 00000000 fc:00 35399556                   /home/henriqueramos_qs/meta-learning-concept-drift/.venv/lib/python3.12/site-packages/sklearn/cluster/_k_means_elkan.cpython-312-x86_64-linux-gnu.so
728a2746f000-728a274b1000 r-xp 00005000 fc:00 35399556                   /home/henriqueramos_qs/meta-learning-concept-drift/.venv/lib/python3.12/site-packages/sklearn/cluster/_k_means_elkan.cpython-312-x86_64-linux-gnu.so
728a274b1000-728a274bc000 r--p 00047000 fc:00 35399556                   /home/henriqueramos_qs/meta-learning-concept-drift/.venv/lib/python3.12/site-packages/sklearn/cluster/_k_means_elkan.cpython-312-x86_64-linux-gnu.so
728a274bc000-728a274bd000 ---p 00052000 fc:00 35399556                   /home/henriqueramos_qs/meta-learning-concept-drift/.venv/lib/python3.12/site-packages/sklearn/cluster/_k_means_elkan.cpython-312-x86_64-linux-gnu.so
728a274bd000-728a274be000 r--p 00052000 fc:00 35399556                   /home/henriqueramos_qs/meta-learning-concept-drift/.venv/lib/python3.12/site-packages/sklearn/cluster/_k_means_elkan.cpython-312-x86_64-linux-gnu.so
728a274be000-728a274bf000 rw-p 00053000 fc:00 35399556                   /home/henriqueramos_qs/meta-learning-concept-drift/.venv/lib/python3.12/site-packages/sklearn/cluster/_k_means_elkan.cpython-312-x86_64-linux-gnu.so
728a274bf000-728a274c0000 rw-p 00000000 00:00 0 
728a274c0000-728a274c3000 rw-p 0005c000 fc:00 35399556                   /home/henriqueramos_qs/meta-learning-concept-drift/.venv/lib/python3.12/site-packages/sklearn/cluster/_k_means_elkan.cpython-312-x86_64-linux-gnu.so
728a274c3000-728a275c3000 rw-p 00000000 00:00 0 
728a275c3000-728a275c4000 ---p 00000000 00:00 0 
728a275c4000-728a27dc4000 rw-p 00000000 00:00 0 
728a27dc4000-728a27dc5000 ---p 00000000 00:00 0 
728a27dc5000-728a285c5000 rw-p 00000000 00:00 0 
728a285c5000-728a285c6000 ---p 00000000 00:00 0 
728a285c6000-728a28dc6000 rw-p 00000000 00:00 0 
728a28dc6000-728a28dc7000 ---p 00000000 00:00 0 
728a28dc7000-728a295c7000 rw-p 00000000 00:00 0 
728a295c7000-728a295c8000 ---p 00000000 00:00 0 
728a295c8000-728a29dc8000 rw-p 00000000 00:00 0 
728a29dc8000-728a29dc9000 ---p 00000000 00:00 0 
728a29dc9000-728a2a5c9000 rw-p 00000000 00:00 0 
728a2a5c9000-728a2a5ca000 ---p 00000000 00:00 0 
728a2a5ca000-728a2adca000 rw-p 00000000 00:00 0 
728a2adca000-728a2adcb000 ---p 00000000 00:00 0 
728a2adcb000-728a2b5cb000 rw-p 00000000 00:00 0 
728a2b5cb000-728a2b5cc000 ---p 00000000 00:00 0 
728a2b5cc000-728a2bdcc000 rw-p 00000000 00:00 0 
728a2bdcc000-728a2bdcd000 ---p 00000000 00:00 0 
728a2bdcd000-728a2c5cd000 rw-p 00000000 00:00 0 
728a2c5cd000-728a2c5ce000 ---p 00000000 00:00 0 
728a2c5ce000-728a2cdce000 rw-p 00000000 00:00 0 
728a2cdce000-728a2cdcf000 ---p 00000000 00:00 0 
728a2cdcf000-728a2d5cf000 rw-p 00000000 00:00 0 
728a2d5cf000-728a2d5d0000 ---p 00000000 00:00 0 
728a2d5d0000-728a2ddd0000 rw-p 00000000 00:00 0 
728a2ddd0000-728a2ddd1000 ---p 00000000 00:00 0 
728a2ddd1000-728a2e5d1000 rw-p 00000000 00:00 0 
728a2e5d1000-728a2e5d2000 ---p 00000000 00:00 0 
728a2e5d2000-728a2edd2000 rw-p 00000000 00:00 0 
728a2edd2000-728a2edd3000 ---p 00000000 00:00 0 
728a2edd3000-728a2f5d3000 rw-p 00000000 00:00 0 
728a2f5d3000-728a2f5d4000 ---p 00000000 00:00 0 
728a2f5d4000-728a2fdd4000 rw-p 00000000 00:00 0 
728a2fdd4000-728a2fdd5000 ---p 00000000 00:00 0 
728a2fdd5000-728a305d5000 rw-p 00000000 00:00 0 
728a305d5000-728a305d6000 ---p 00000000 00:00 0 
728a305d6000-728a30dd6000 rw-p 00000000 00:00 0 
728a30dd6000-728a30dd7000 ---p 00000000 00:00 0 
728a30dd7000-728a315d7000 rw-p 00000000 00:00 0 
728a315d7000-728a315d8000 ---p 00000000 00:00 0 
728a315d8000-728a31dd8000 rw-p 00000000 00:00 0 
728a31dd8000-728a31dd9000 ---p 00000000 00:00 0 
728a31dd9000-728a325d9000 rw-p 00000000 00:00 0 
728a325d9000-728a325da000 ---p 00000000 00:00 0 
728a325da000-728a32dda000 rw-p 00000000 00:00 0 
728a32dda000-728a32ddb000 ---p 00000000 00:00 0 
728a32ddb000-728a335db000 rw-p 00000000 00:00 0 
728a335db000-728a335dc000 ---p 00000000 00:00 0 
728a335dc000-728a33ddc000 rw-p 00000000 00:00 0 
728a33ddc000-728a33ddd000 ---p 00000000 00:00 0 
728a33ddd000-728a345dd000 rw-p 00000000 00:00 0 
728a345dd000-728a345de000 ---p 00000000 00:00 0 
728a345de000-728a34dde000 rw-p 00000000 00:00 0 
728a34dde000-728a34ddf000 ---p 00000000 00:00 0 
728a34ddf000-728a355df000 rw-p 00000000 00:00 0 
728a355df000-728a355e0000 ---p 00000000 00:00 0 
728a355e0000-728a35de0000 rw-p 00000000 00:00 0 
728a35de0000-728a35de1000 ---p 00000000 00:00 0 
728a35de1000-728a365e1000 rw-p 00000000 00:00 0 
728a365e1000-728a365e2000 ---p 00000000 00:00 0 
728a365e2000-728a36de2000 rw-p 00000000 00:00 0 
728a36de2000-728a36de3000 ---p 00000000 00:00 0 
728a36de3000-728a375e3000 rw-p 00000000 00:00 0 
728a375e3000-728a375e4000 ---p 00000000 00:00 0 
728a375e4000-728a37de4000 rw-p 00000000 00:00 0 
728a37de4000-728a37de5000 ---p 00000000 00:00 0 
728a37de5000-728a385e5000 rw-p 00000000 00:00 0 
728a385e5000-728a385e6000 ---p 00000000 00:00 0 
728a385e6000-728a38de6000 rw-p 00000000 00:00 0 
728a38de6000-728a38de7000 ---p 00000000 00:00 0 
728a38de7000-728a395e7000 rw-p 00000000 00:00 0 
728a395e7000-728a395e8000 ---p 00000000 00:00 0 
728a395e8000-728a39de8000 rw-p 00000000 00:00 0 
728a39de8000-728a39de9000 ---p 00000000 00:00 0 
728a39de9000-728a3a5e9000 rw-p 00000000 00:00 0 
728a3a5e9000-728a3a5ea000 ---p 00000000 00:00 0 
728a3a5ea000-728a3adea000 rw-p 00000000 00:00 0 
728a3adea000-728a3adeb000 ---p 00000000 00:00 0 
728a3adeb000-728a3b5eb000 rw-p 00000000 00:00 0 
728a3b5eb000-728a3b5ec000 ---p 00000000 00:00 0 
728a3b5ec000-728a3bdec000 rw-p 00000000 00:00 0 
728a3bdec000-728a3bded000 ---p 00000000 00:00 0 
728a3bded000-728a3c5ed000 rw-p 00000000 00:00 0 
728a3c5ed000-728a3c5ee000 ---p 00000000 00:00 0 
728a3c5ee000-728a3cdee000 rw-p 00000000 00:00 0 
728a3cdee000-728a3cdef000 ---p 00000000 00:00 0 
728a3cdef000-728a3d5ef000 rw-p 00000000 00:00 0 
728a3d5ef000-728a3d5f0000 ---p 00000000 00:00 0 
728a3d5f0000-728a3ddf0000 rw-p 00000000 00:00 0 
728a3ddf0000-728a3ddf1000 ---p 00000000 00:00 0 
728a3ddf1000-728a3e5f1000 rw-p 00000000 00:00 0 
728a3e5f1000-728a3e5f2000 ---p 00000000 00:00 0 
728a3e5f2000-728a3edf2000 rw-p 00000000 00:00 0 
728a3edf2000-728a3edf3000 ---p 00000000 00:00 0 
728a3edf3000-728a3f5f3000 rw-p 00000000 00:00 0 
728a3f5f3000-728a3f5f4000 ---p 00000000 00:00 0 
728a3f5f4000-728a3fdf4000 rw-p 00000000 00:00 0 
728a3fdf4000-728a3fdf5000 ---p 00000000 00:00 0 
728a3fdf5000-728a405f5000 rw-p 00000000 00:00 0 
728a405f5000-728a405f6000 ---p 00000000 00:00 0 
728a405f6000-728a40df6000 rw-p 00000000 00:00 0 
728a40df6000-728a40df7000 ---p 00000000 00:00 0 
728a40df7000-728a415f7000 rw-p 00000000 00:00 0 
728a415f7000-728a415f8000 ---p 00000000 00:00 0 
728a415f8000-728a41df8000 rw-p 00000000 00:00 0 
728a41df8000-728a41df9000 ---p 00000000 00:00 0 
728a41df9000-728a425f9000 rw-p 00000000 00:00 0 
728a425f9000-728a425fa000 ---p 00000000 00:00 0 
728a425fa000-728a42dfa000 rw-p 00000000 00:00 0 
728a42dfa000-728a42dfb000 ---p 00000000 00:00 0 
728a42dfb000-728a435fb000 rw-p 00000000 00:00 0 
728a435fb000-728a435fc000 ---p 00000000 00:00 0 
728a435fc000-728a43dfc000 rw-p 00000000 00:00 0 
728a43dfc000-728a43dfd000 ---p 00000000 00:00 0 
728a43dfd000-728a445fd000 rw-p 00000000 00:00 0 
728a445fd000-728a445fe000 ---p 00000000 00:00 0 
728a445fe000-728a44dfe000 rw-p 00000000 00:00 0 
728a44dfe000-728a44dff000 ---p 00000000 00:00 0 
728a44dff000-728a455ff000 rw-p 00000000 00:00 0 
728a455ff000-728a45600000 ---p 00000000 00:00 0 
728a45600000-728a45e00000 rw-p 00000000 00:00 0 
728a45e00000-728ac5e00000 rw-p 00000000 00:00 0 
728ac5e00000-728ac5f0e000 r--p 00000000 fc:00 34868036                   /home/henriqueramos_qs/meta-learning-concept-drift/.venv/lib/python3.12/site-packages/scipy.libs/libscipy_openblas-c128ec02.so
728ac5f0e000-728ac5f16000 r-xp 0010e000 fc:00 34868036                   /home/henriqueramos_qs/meta-learning-concept-drift/.venv/lib/python3.12/site-packages/scipy.libs/libscipy_openblas-c128ec02.so
728ac5f16000-728ac5f18000 ---p 00116000 fc:00 34868036                   /home/henriqueramos_qs/meta-learning-concept-drift/.venv/lib/python3.12/site-packages/scipy.libs/libscipy_openblas-c128ec02.so
728ac5f18000-728ac7b8f000 r-xp 00118000 fc:00 34868036                   /home/henriqueramos_qs/meta-learning-concept-drift/.venv/lib/python3.12/site-packages/scipy.libs/libscipy_openblas-c128ec02.so
728ac7b8f000-728ac7d9c000 r--p 01d8f000 fc:00 34868036                   /home/henriqueramos_qs/meta-learning-concept-drift/.venv/lib/python3.12/site-packages/scipy.libs/libscipy_openblas-c128ec02.so
728ac7d9c000-728ac7d9d000 ---p 01f9c000 fc:00 34868036                   /home/henriqueramos_qs/meta-learning-concept-drift/.venv/lib/python3.12/site-packages/scipy.libs/libscipy_openblas-c128ec02.so
728ac7d9d000-728ac7da3000 r--p 01f9c000 fc:00 34868036                   /home/henriqueramos_qs/meta-learning-concept-drift/.venv/lib/python3.12/site-packages/scipy.libs/libscipy_openblas-c128ec02.so
728ac7da3000-728ac7db9000 rw-p 01fa2000 fc:00 34868036                   /home/henriqueramos_qs/meta-learning-concept-drift/.venv/lib/python3.12/site-packages/scipy.libs/libscipy_openblas-c128ec02.so
728ac7db9000-728ac7dc5000 rw-p 00000000 00:00 0 
728ac7dc5000-728ac7f5e000 rw-p 020cb000 fc:00 34868036                   /home/henriqueramos_qs/meta-learning-concept-drift/.venv/lib/python3.12/site-packages/scipy.libs/libscipy_openblas-c128ec02.so
728ac7f65000-728ac7f6a000 r--p 00000000 fc:00 35399558                   /home/henriqueramos_qs/meta-learning-concept-drift/.venv/lib/python3.12/site-packages/sklearn/cluster/_k_means_lloyd.cpython-312-x86_64-linux-gnu.so
728ac7f6a000-728ac7f93000 r-xp 00005000 fc:00 35399558                   /home/henriqueramos_qs/meta-learning-concept-drift/.venv/lib/python3.12/site-packages/sklearn/cluster/_k_means_lloyd.cpython-312-x86_64-linux-gnu.so
728ac7f93000-728ac7f9b000 r--p 0002e000 fc:00 35399558                   /home/henriqueramos_qs/meta-learning-concept-drift/.venv/lib/python3.12/site-packages/sklearn/cluster/_k_means_lloyd.cpython-312-x86_64-linux-gnu.so
728ac7f9b000-728ac7f9c000 ---p 00036000 fc:00 35399558                   /home/henriqueramos_qs/meta-learning-concept-drift/.venv/lib/python3.12/site-packages/sklearn/cluster/_k_means_lloyd.cpython-312-x86_64-linux-gnu.so
728ac7f9c000-728ac7f9d000 r--p 00036000 fc:00 35399558                   /home/henriqueramos_qs/meta-learning-concept-drift/.venv/lib/python3.12/site-packages/sklearn/cluster/_k_means_lloyd.cpython-312-x86_64-linux-gnu.so
728ac7f9d000-728ac7f9e000 rw-p 00037000 fc:00 35399558                   /home/henriqueramos_qs/meta-learning-concept-drift/.venv/lib/python3.12/site-packages/sklearn/cluster/_k_means_lloyd.cpython-312-x86_64-linux-gnu.so
728ac7f9e000-728ac7f9f000 rw-p 00000000 00:00 0 
728ac7f9f000-728ac7fa2000 rw-p 0003f000 fc:00 35399558                   /home/henriqueramos_qs/meta-learning-concept-drift/.venv/lib/python3.12/site-packages/sklearn/cluster/_k_means_lloyd.cpython-312-x86_64-linux-gnu.so
728ac7fa2000-728ac7fa7000 r--p 00000000 fc:00 35399553                   /home/henriqueramos_qs/meta-learning-concept-drift/.venv/lib/python3.12/site-packages/sklearn/cluster/_k_means_common.cpython-312-x86_64-linux-gnu.so
728ac7fa7000-728ac7ff0000 r-xp 00005000 fc:00 35399553                   /home/henriqueramos_qs/meta-learning-concept-drift/.venv/lib/python3.12/site-packages/sklearn/cluster/_k_means_common.cpython-312-x86_64-linux-gnu.so
728ac7ff0000-728ac7ff9000 r--p 0004e000 fc:00 35399553                   /home/henriqueramos_qs/meta-learning-concept-drift/.venv/lib/python3.12/site-packages/sklearn/cluster/_k_means_common.cpython-312-x86_64-linux-gnu.so
728ac7ff9000-728ac7ffa000 ---p 00057000 fc:00 35399553                   /home/henriqueramos_qs/meta-learning-concept-drift/.venv/lib/python3.12/site-packages/sklearn/cluster/_k_means_common.cpython-312-x86_64-linux-gnu.so
728ac7ffa000-728ac7ffb000 r--p 00057000 fc:00 35399553                   /home/henriqueramos_qs/meta-learning-concept-drift/.venv/lib/python3.12/site-packages/sklearn/cluster/_k_means_common.cpython-312-x86_64-linux-gnu.so
728ac7ffb000-728ac7ffd000 rw-p 00058000 fc:00 35399553                   /home/henriqueramos_qs/meta-learning-concept-drift/.venv/lib/python3.12/site-packages/sklearn/cluster/_k_means_common.cpython-312-x86_64-linux-gnu.so
728ac7ffd000-728ac8000000 rw-p 00062000 fc:00 35399553                   /home/henriqueramos_qs/meta-learning-concept-drift/.venv/lib/python3.12/site-packages/sklearn/cluster/_k_means_common.cpython-312-x86_64-linux-gnu.so
728ac8000000-728ac8021000 rw-p 00000000 00:00 0 
728ac8021000-728acc000000 ---p 00000000 00:00 0 
728acc00a000-728acc00e000 r--p 00000000 fc:00 35400119                   /home/henriqueramos_qs/meta-learning-concept-drift/.venv/lib/python3.12/site-packages/sklearn/manifold/_barnes_hut_tsne.cpython-312-x86_64-linux-gnu.so
728acc00e000-728acc01d000 r-xp 00004000 fc:00 35400119                   /home/henriqueramos_qs/meta-learning-concept-drift/.venv/lib/python3.12/site-packages/sklearn/manifold/_barnes_hut_tsne.cpython-312-x86_64-linux-gnu.so
728acc01d000-728acc022000 r--p 00013000 fc:00 35400119                   /home/henriqueramos_qs/meta-learning-concept-drift/.venv/lib/python3.12/site-packages/sklearn/manifold/_barnes_hut_tsne.cpython-312-x86_64-linux-gnu.so
728acc022000-728acc023000 r--p 00017000 fc:00 35400119                   /home/henriqueramos_qs/meta-learning-concept-drift/.venv/lib/python3.12/site-packages/sklearn/manifold/_barnes_hut_tsne.cpython-312-x86_64-linux-gnu.so
728acc023000-728acc024000 rw-p 00018000 fc:00 35400119                   /home/henriqueramos_qs/meta-learning-concept-drift/.venv/lib/python3.12/site-packages/sklearn/manifold/_barnes_hut_tsne.cpython-312-x86_64-linux-gnu.so
728acc024000-728acc027000 rw-p 0001e000 fc:00 35400119                   /home/henriqueramos_qs/meta-learning-concept-drift/.venv/lib/python3.12/site-packages/sklearn/manifold/_barnes_hut_tsne.cpython-312-x86_64-linux-gnu.so
728acc027000-728acc02c000 r--p 00000000 fc:00 35399550                   /home/henriqueramos_qs/meta-learning-concept-drift/.venv/lib/python3.12/site-packages/sklearn/cluster/_hierarchical_fast.cpython-312-x86_64-linux-gnu.so
728acc02c000-728acc047000 r-xp 00005000 fc:00 35399550                   /home/henriqueramos_qs/meta-learning-concept-drift/.venv/lib/python3.12/site-packages/sklearn/cluster/_hierarchical_fast.cpython-312-x86_64-linux-gnu.so
728acc047000-728acc04f000 r--p 00020000 fc:00 35399550                   /home/henriqueramos_qs/meta-learning-concept-drift/.venv/lib/python3.12/site-packages/sklearn/cluster/_hierarchical_fast.cpython-312-x86_64-linux-gnu.so
728acc04f000-728acc050000 ---p 00028000 fc:00 35399550                   /home/henriqueramos_qs/meta-learning-concept-drift/.venv/lib/python3.12/site-packages/sklearn/cluster/_hierarchical_fast.cpython-312-x86_64-linux-gnu.so
728acc050000-728acc051000 r--p 00028000 fc:00 35399550                   /home/henriqueramos_qs/meta-learning-concept-drift/.venv/lib/python3.12/site-packages/sklearn/cluster/_hierarchical_fast.cpython-312-x86_64-linux-gnu.so
728acc051000-728acc053000 rw-p 00029000 fc:00 35399550                   /home/henriqueramos_qs/meta-learning-concept-drift/.venv/lib/python3.12/site-packages/sklearn/cluster/_hierarchical_fast.cpython-312-x86_64-linux-gnu.so
728acc053000-728acc3fe000 rw-p 00000000 00:00 0 
728acc3fe000-728acc3ff000 ---p 00000000 00:00 0 
728acc3ff000-728accbff000 rw-p 00000000 00:00 0 
728accbff000-728accc00000 ---p 00000000 00:00 0 
728accc00000-728acd400000 rw-p 00000000 00:00 0 
728acd400000-728acd403000 r--p 00000000 fc:00 34868078                   /home/henriqueramos_qs/meta-learning-concept-drift/.venv/lib/python3.12/site-packages/scipy/sparse/_sparsetools.cpython-312-x86_64-linux-gnu.so
728acd403000-728acd7a5000 r-xp 00003000 fc:00 34868078                   /home/henriqueramos_qs/meta-learning-concept-drift/.venv/lib/python3.12/site-packages/scipy/sparse/_sparsetools.cpython-312-x86_64-linux-gnu.so
728acd7a5000-728acd7f6000 r--p 003a5000 fc:00 34868078                   /home/henriqueramos_qs/meta-learning-concept-drift/.venv/lib/python3.12/site-packages/scipy/sparse/_sparsetools.cpython-312-x86_64-linux-gnu.so
728acd7f6000-728acd7f7000 r--p 003f5000 fc:00 34868078                   /home/henriqueramos_qs/meta-learning-concept-drift/.venv/lib/python3.12/site-packages/scipy/sparse/_sparsetools.cpython-312-x86_64-linux-gnu.so
728acd7f7000-728acd7f8000 rw-p 003f6000 fc:00 34868078                   /home/henriqueramos_qs/meta-learning-concept-drift/.venv/lib/python3.12/site-packages/scipy/sparse/_sparsetools.cpython-312-x86_64-linux-gnu.so
728acd800000-728acd80b000 r--p 00000000 fc:00 35393363                   /home/henriqueramos_qs/meta-learning-concept-drift/.venv/lib/python3.12/site-packages/pandas/_libs/groupby.cpython-312-x86_64-linux-gnu.so
728acd80b000-728acda66000 r-xp 0000b000 fc:00 35393363                   /home/henriqueramos_qs/meta-learning-concept-drift/.venv/lib/python3.12/site-packages/pandas/_libs/groupby.cpython-312-x86_64-linux-gnu.so
728acda66000-728acda8b000 r--p 00266000 fc:00 35393363                   /home/henriqueramos_qs/meta-learning-concept-drift/.venv/lib/python3.12/site-packages/pandas/_libs/groupby.cpython-312-x86_64-linux-gnu.so
728acda8b000-728acda8c000 ---p 0028b000 fc:00 35393363                   /home/henriqueramos_qs/meta-learning-concept-drift/.venv/lib/python3.12/site-packages/pandas/_libs/groupby.cpython-312-x86_64-linux-gnu.so
728acda8c000-728acda8f000 r--p 0028b000 fc:00 35393363                   /home/henriqueramos_qs/meta-learning-concept-drift/.venv/lib/python3.12/site-packages/pandas/_libs/groupby.cpython-312-x86_64-linux-gnu.so
728acda8f000-728acda95000 rw-p 0028e000 fc:00 35393363                   /home/henriqueramos_qs/meta-learning-concept-drift/.venv/lib/python3.12/site-packages/pandas/_libs/groupby.cpython-312-x86_64-linux-gnu.so
728acda95000-728acda98000 rw-p 00000000 00:00 0 
728acda99000-728acda9c000 r--p 00000000 fc:00 34869287                   /home/henriqueramos_qs/meta-learning-concept-drift/.venv/lib/python3.12/site-packages/scipy/io/matlab/_mio_utils.cpython-312-x86_64-linux-gnu.so
728acda9c000-728acdaa5000 r-xp 00003000 fc:00 34869287                   /home/henriqueramos_qs/meta-learning-concept-drift/.venv/lib/python3.12/site-packages/scipy/io/matlab/_mio_utils.cpython-312-x86_64-linux-gnu.so
728acdaa5000-728acdaa7000 r--p 0000c000 fc:00 34869287                   /home/henriqueramos_qs/meta-learning-concept-drift/.venv/lib/python3.12/site-packages/scipy/io/matlab/_mio_utils.cpython-312-x86_64-linux-gnu.so
728acdaa7000-728acdaa8000 ---p 0000e000 fc:00 34869287                   /home/henriqueramos_qs/meta-learning-concept-drift/.venv/lib/python3.12/site-packages/scipy/io/matlab/_mio_utils.cpython-312-x86_64-linux-gnu.so
728acdaa8000-728acdaa9000 r--p 0000e000 fc:00 34869287                   /home/henriqueramos_qs/meta-learning-concept-drift/.venv/lib/python3.12/site-packages/scipy/io/matlab/_mio_utils.cpython-312-x86_64-linux-gnu.so
728acdaa9000-728acdaaa000 rw-p 0000f000 fc:00 34869287                   /home/henriqueramos_qs/meta-learning-concept-drift/.venv/lib/python3.12/site-packages/scipy/io/matlab/_mio_utils.cpython-312-x86_64-linux-gnu.so
728acdaaa000-728acdab5000 r--p 00000000 08:05 8398478                    /usr/lib/x86_64-linux-gnu/libgomp.so.1.0.0
728acdab5000-728acdaf1000 r-xp 0000b000 08:05 8398478                    /usr/lib/x86_64-linux-gnu/libgomp.so.1.0.0
728acdaf1000-728acdafe000 r--p 00047000 08:05 8398478                    /usr/lib/x86_64-linux-gnu/libgomp.so.1.0.0
728acdafe000-728acdaff000 r--p 00054000 08:05 8398478                    /usr/lib/x86_64-linux-gnu/libgomp.so.1.0.0
728acdaff000-728acdb00000 rw-p 00055000 08:05 8398478                    /usr/lib/x86_64-linux-gnu/libgomp.so.1.0.0
728acdb00000-728acdc00000 rw-p 00000000 00:00 0 
728acdc00000-728acdc14000 r--p 00000000 fc:00 35393367                   /home/henriqueramos_qs/meta-learning-concept-drift/.venv/lib/python3.12/site-packages/pandas/_libs/hashtable.cpython-312-x86_64-linux-gnu.so
728acdc14000-728acddbe000 r-xp 00014000 fc:00 35393367                   /home/henriqueramos_qs/meta-learning-concept-drift/.venv/lib/python3.12/site-packages/pandas/_libs/hashtable.cpython-312-x86_64-linux-gnu.so
728acddbe000-728acddfb000 r--p 001be000 fc:00 35393367                   /home/henriqueramos_qs/meta-learning-concept-drift/.venv/lib/python3.12/site-packages/pandas/_libs/hashtable.cpython-312-x86_64-linux-gnu.so
728acddfb000-728acddfc000 ---p 001fb000 fc:00 35393367                   /home/henriqueramos_qs/meta-learning-concept-drift/.venv/lib/python3.12/site-packages/pandas/_libs/hashtable.cpython-312-x86_64-linux-gnu.so
728acddfc000-728acde00000 r--p 001fb000 fc:00 35393367                   /home/henriqueramos_qs/meta-learning-concept-drift/.venv/lib/python3.12/site-packages/pandas/_libs/hashtable.cpython-312-x86_64-linux-gnu.so
728acde00000-728acde0d000 rw-p 001ff000 fc:00 35393367                   /home/henriqueramos_qs/meta-learning-concept-drift/.venv/lib/python3.12/site-packages/pandas/_libs/hashtable.cpython-312-x86_64-linux-gnu.so
728acde0d000-728acde13000 rw-p 00000000 00:00 0 
728acde1b000-728acde1f000 r--p 00000000 fc:00 35399569                   /home/henriqueramos_qs/meta-learning-concept-drift/.venv/lib/python3.12/site-packages/sklearn/cluster/_hdbscan/_linkage.cpython-312-x86_64-linux-gnu.so
728acde1f000-728acde32000 r-xp 00004000 fc:00 35399569                   /home/henriqueramos_qs/meta-learning-concept-drift/.venv/lib/python3.12/site-packages/sklearn/cluster/_hdbscan/_linkage.cpython-312-x86_64-linux-gnu.so
728acde32000-728acde37000 r--p 00017000 fc:00 35399569                   /home/henriqueramos_qs/meta-learning-concept-drift/.venv/lib/python3.12/site-packages/sklearn/cluster/_hdbscan/_linkage.cpython-312-x86_64-linux-gnu.so
728acde37000-728acde38000 ---p 0001c000 fc:00 35399569                   /home/henriqueramos_qs/meta-learning-concept-drift/.venv/lib/python3.12/site-packages/sklearn/cluster/_hdbscan/_linkage.cpython-312-x86_64-linux-gnu.so
728acde38000-728acde39000 r--p 0001c000 fc:00 35399569                   /home/henriqueramos_qs/meta-learning-concept-drift/.venv/lib/python3.12/site-packages/sklearn/cluster/_hdbscan/_linkage.cpython-312-x86_64-linux-gnu.so
728acde39000-728acde3a000 rw-p 0001d000 fc:00 35399569                   /home/henriqueramos_qs/meta-learning-concept-drift/.venv/lib/python3.12/site-packages/sklearn/cluster/_hdbscan/_linkage.cpython-312-x86_64-linux-gnu.so
728acde3a000-728acde3f000 r--p 00000000 fc:00 35400428                   /home/henriqueramos_qs/meta-learning-concept-drift/.venv/lib/python3.12/site-packages/sklearn/utils/_fast_dict.cpython-312-x86_64-linux-gnu.so
728acde3f000-728acde53000 r-xp 00005000 fc:00 35400428                   /home/henriqueramos_qs/meta-learning-concept-drift/.venv/lib/python3.12/site-packages/sklearn/utils/_fast_dict.cpython-312-x86_64-linux-gnu.so
728acde53000-728acde59000 r--p 00019000 fc:00 35400428                   /home/henriqueramos_qs/meta-learning-concept-drift/.venv/lib/python3.12/site-packages/sklearn/utils/_fast_dict.cpython-312-x86_64-linux-gnu.so
728acde59000-728acde5a000 ---p 0001f000 fc:00 35400428                   /home/henriqueramos_qs/meta-learning-concept-drift/.venv/lib/python3.12/site-packages/sklearn/utils/_fast_dict.cpython-312-x86_64-linux-gnu.so
728acde5a000-728acde5b000 r--p 0001f000 fc:00 35400428                   /home/henriqueramos_qs/meta-learning-concept-drift/.venv/lib/python3.12/site-packages/sklearn/utils/_fast_dict.cpython-312-x86_64-linux-gnu.so
728acde5b000-728acde5d000 rw-p 00020000 fc:00 35400428                   /home/henriqueramos_qs/meta-learning-concept-drift/.venv/lib/python3.12/site-packages/sklearn/utils/_fast_dict.cpython-312-x86_64-linux-gnu.so
728acde5d000-728acde62000 r--p 00000000 fc:00 35399868                   /home/henriqueramos_qs/meta-learning-concept-drift/.venv/lib/python3.12/site-packages/sklearn/ensemble/_hist_gradient_boosting/splitting.cpython-312-x86_64-linux-gnu.so
728acde62000-728acde86000 r-xp 00005000 fc:00 35399868                   /home/henriqueramos_qs/meta-learning-concept-drift/.venv/lib/python3.12/site-packages/sklearn/ensemble/_hist_gradient_boosting/splitting.cpython-312-x86_64-linux-gnu.so
728acde86000-728acde90000 r--p 00029000 fc:00 35399868                   /home/henriqueramos_qs/meta-learning-concept-drift/.venv/lib/python3.12/site-packages/sklearn/ensemble/_hist_gradient_boosting/splitting.cpython-312-x86_64-linux-gnu.so
728acde90000-728acde92000 r--p 00032000 fc:00 35399868                   /home/henriqueramos_qs/meta-learning-concept-drift/.venv/lib/python3.12/site-packages/sklearn/ensemble/_hist_gradient_boosting/splitting.cpython-312-x86_64-linux-gnu.so
728acde92000-728acde94000 rw-p 00034000 fc:00 35399868                   /home/henriqueramos_qs/meta-learning-concept-drift/.venv/lib/python3.12/site-packages/sklearn/ensemble/_hist_gradient_boosting/splitting.cpython-312-x86_64-linux-gnu.so
728acde94000-728acde97000 rw-p 0003e000 fc:00 35399868                   /home/henriqueramos_qs/meta-learning-concept-drift/.venv/lib/python3.12/site-packages/sklearn/ensemble/_hist_gradient_boosting/splitting.cpython-312-x86_64-linux-gnu.so
728acde97000-728acde9b000 r--p 00000000 fc:00 35399856                   /home/henriqueramos_qs/meta-learning-concept-drift/.venv/lib/python3.12/site-packages/sklearn/ensemble/_hist_gradient_boosting/_predictor.cpython-312-x86_64-linux-gnu.so
728acde9b000-728acdeab000 r-xp 00004000 fc:00 35399856                   /home/henriqueramos_qs/meta-learning-concept-drift/.venv/lib/python3.12/site-packages/sklearn/ensemble/_hist_gradient_boosting/_predictor.cpython-312-x86_64-linux-gnu.so
728acdeab000-728acdeb0000 r--p 00014000 fc:00 35399856                   /home/henriqueramos_qs/meta-learning-concept-drift/.venv/lib/python3.12/site-packages/sklearn/ensemble/_hist_gradient_boosting/_predictor.cpython-312-x86_64-linux-gnu.so
728acdeb0000-728acdeb2000 r--p 00018000 fc:00 35399856                   /home/henriqueramos_qs/meta-learning-concept-drift/.venv/lib/python3.12/site-packages/sklearn/ensemble/_hist_gradient_boosting/_predictor.cpython-312-x86_64-linux-gnu.so
728acdeb2000-728acdeb3000 rw-p 0001a000 fc:00 35399856                   /home/henriqueramos_qs/meta-learning-concept-drift/.venv/lib/python3.12/site-packages/sklearn/ensemble/_hist_gradient_boosting/_predictor.cpython-312-x86_64-linux-gnu.so
728acdeb3000-728acdeb6000 rw-p 00020000 fc:00 35399856                   /home/henriqueramos_qs/meta-learning-concept-drift/.venv/lib/python3.12/site-packages/sklearn/ensemble/_hist_gradient_boosting/_predictor.cpython-312-x86_64-linux-gnu.so
728acdeb6000-728acdebb000 r--p 00000000 fc:00 35399864                   /home/henriqueramos_qs/meta-learning-concept-drift/.venv/lib/python3.12/site-packages/sklearn/ensemble/_hist_gradient_boosting/histogram.cpython-312-x86_64-linux-gnu.so
728acdebb000-728acdeda000 r-xp 00005000 fc:00 35399864                   /home/henriqueramos_qs/meta-learning-concept-drift/.venv/lib/python3.12/site-packages/sklearn/ensemble/_hist_gradient_boosting/histogram.cpython-312-x86_64-linux-gnu.so
728acdeda000-728acdee3000 r--p 00024000 fc:00 35399864                   /home/henriqueramos_qs/meta-learning-concept-drift/.venv/lib/python3.12/site-packages/sklearn/ensemble/_hist_gradient_boosting/histogram.cpython-312-x86_64-linux-gnu.so
728acdee3000-728acdee4000 ---p 0002d000 fc:00 35399864                   /home/henriqueramos_qs/meta-learning-concept-drift/.venv/lib/python3.12/site-packages/sklearn/ensemble/_hist_gradient_boosting/histogram.cpython-312-x86_64-linux-gnu.so
728acdee4000-728acdee5000 r--p 0002d000 fc:00 35399864                   /home/henriqueramos_qs/meta-learning-concept-drift/.venv/lib/python3.12/site-packages/sklearn/ensemble/_hist_gradient_boosting/histogram.cpython-312-x86_64-linux-gnu.so
728acdee5000-728acdee6000 rw-p 0002e000 fc:00 35399864                   /home/henriqueramos_qs/meta-learning-concept-drift/.venv/lib/python3.12/site-packages/sklearn/ensemble/_hist_gradient_boosting/histogram.cpython-312-x86_64-linux-gnu.so
728acdee6000-728acdee7000 rw-p 00000000 00:00 0 
728acdee7000-728acdeea000 rw-p 00037000 fc:00 35399864                   /home/henriqueramos_qs/meta-learning-concept-drift/.venv/lib/python3.12/site-packages/sklearn/ensemble/_hist_gradient_boosting/histogram.cpython-312-x86_64-linux-gnu.so
728acdeea000-728acdeed000 r--p 00000000 fc:00 35399849                   /home/henriqueramos_qs/meta-learning-concept-drift/.venv/lib/python3.12/site-packages/sklearn/ensemble/_hist_gradient_boosting/_binning.cpython-312-x86_64-linux-gnu.so
728acdeed000-728acdef6000 r-xp 00003000 fc:00 35399849                   /home/henriqueramos_qs/meta-learning-concept-drift/.venv/lib/python3.12/site-packages/sklearn/ensemble/_hist_gradient_boosting/_binning.cpython-312-x86_64-linux-gnu.so
728acdef6000-728acdefa000 r--p 0000c000 fc:00 35399849                   /home/henriqueramos_qs/meta-learning-concept-drift/.venv/lib/python3.12/site-packages/sklearn/ensemble/_hist_gradient_boosting/_binning.cpython-312-x86_64-linux-gnu.so
728acdefa000-728acdefb000 r--p 0000f000 fc:00 35399849                   /home/henriqueramos_qs/meta-learning-concept-drift/.venv/lib/python3.12/site-packages/sklearn/ensemble/_hist_gradient_boosting/_binning.cpython-312-x86_64-linux-gnu.so
728acdefb000-728acdefc000 rw-p 00010000 fc:00 35399849                   /home/henriqueramos_qs/meta-learning-concept-drift/.venv/lib/python3.12/site-packages/sklearn/ensemble/_hist_gradient_boosting/_binning.cpython-312-x86_64-linux-gnu.so
728acdefc000-728acdeff000 rw-p 00015000 fc:00 35399849                   /home/henriqueramos_qs/meta-learning-concept-drift/.venv/lib/python3.12/site-packages/sklearn/ensemble/_hist_gradient_boosting/_binning.cpython-312-x86_64-linux-gnu.so
728acdeff000-728acdfff000 rw-p 00000000 00:00 0 
728acdfff000-728ace000000 ---p 00000000 00:00 0 
728ace000000-728ace800000 rw-p 00000000 00:00 0 
728ace800000-728acf000000 rw-p 00000000 00:00 0 
728acf000000-728acf422000 r--p 00000000 fc:00 35401656                   /home/henriqueramos_qs/meta-learning-concept-drift/.venv/lib/python3.12/site-packages/pyarrow/libarrow.so.2100
728acf422000-728ad0d8b000 r-xp 00422000 fc:00 35401656                   /home/henriqueramos_qs/meta-learning-concept-drift/.venv/lib/python3.12/site-packages/pyarrow/libarrow.so.2100
728ad0d8b000-728ad1459000 r--p 01d8b000 fc:00 35401656                   /home/henriqueramos_qs/meta-learning-concept-drift/.venv/lib/python3.12/site-packages/pyarrow/libarrow.so.2100
728ad1459000-728ad1533000 r--p 02458000 fc:00 35401656                   /home/henriqueramos_qs/meta-learning-concept-drift/.venv/lib/python3.12/site-packages/pyarrow/libarrow.so.2100
728ad1533000-728ad1566000 rw-p 02532000 fc:00 35401656                   /home/henriqueramos_qs/meta-learning-concept-drift/.venv/lib/python3.12/site-packages/pyarrow/libarrow.so.2100
728ad1566000-728ad178e000 rw-p 00000000 00:00 0 
728ad179c000-728ad17a0000 r--p 00000000 fc:00 35399840                   /home/henriqueramos_qs/meta-learning-concept-drift/.venv/lib/python3.12/site-packages/sklearn/ensemble/_gradient_boosting.cpython-312-x86_64-linux-gnu.so
728ad17a0000-728ad17b0000 r-xp 00004000 fc:00 35399840                   /home/henriqueramos_qs/meta-learning-concept-drift/.venv/lib/python3.12/site-packages/sklearn/ensemble/_gradient_boosting.cpython-312-x86_64-linux-gnu.so
728ad17b0000-728ad17b5000 r--p 00014000 fc:00 35399840                   /home/henriqueramos_qs/meta-learning-concept-drift/.venv/lib/python3.12/site-packages/sklearn/ensemble/_gradient_boosting.cpython-312-x86_64-linux-gnu.so
728ad17b5000-728ad17b6000 ---p 00019000 fc:00 35399840                   /home/henriqueramos_qs/meta-learning-concept-drift/.venv/lib/python3.12/site-packages/sklearn/ensemble/_gradient_boosting.cpython-312-x86_64-linux-gnu.so
728ad17b6000-728ad17b7000 r--p 00019000 fc:00 35399840                   /home/henriqueramos_qs/meta-learning-concept-drift/.venv/lib/python3.12/site-packages/sklearn/ensemble/_gradient_boosting.cpython-312-x86_64-linux-gnu.so
728ad17b7000-728ad17b8000 rw-p 0001a000 fc:00 35399840                   /home/henriqueramos_qs/meta-learning-concept-drift/.venv/lib/python3.12/site-packages/sklearn/ensemble/_gradient_boosting.cpython-312-x86_64-linux-gnu.so
728ad17b8000-728ad17bc000 r--p 00000000 fc:00 35400396                   /home/henriqueramos_qs/meta-learning-concept-drift/.venv/lib/python3.12/site-packages/sklearn/tree/_partitioner.cpython-312-x86_64-linux-gnu.so
728ad17bc000-728ad17d6000 r-xp 00004000 fc:00 35400396                   /home/henriqueramos_qs/meta-learning-concept-drift/.venv/lib/python3.12/site-packages/sklearn/tree/_partitioner.cpython-312-x86_64-linux-gnu.so
728ad17d6000-728ad17dc000 r--p 0001e000 fc:00 35400396                   /home/henriqueramos_qs/meta-learning-concept-drift/.venv/lib/python3.12/site-packages/sklearn/tree/_partitioner.cpython-312-x86_64-linux-gnu.so
728ad17dc000-728ad17dd000 ---p 00024000 fc:00 35400396                   /home/henriqueramos_qs/meta-learning-concept-drift/.venv/lib/python3.12/site-packages/sklearn/tree/_partitioner.cpython-312-x86_64-linux-gnu.so
728ad17dd000-728ad17de000 r--p 00024000 fc:00 35400396                   /home/henriqueramos_qs/meta-learning-concept-drift/.venv/lib/python3.12/site-packages/sklearn/tree/_partitioner.cpython-312-x86_64-linux-gnu.so
728ad17de000-728ad17df000 rw-p 00025000 fc:00 35400396                   /home/henriqueramos_qs/meta-learning-concept-drift/.venv/lib/python3.12/site-packages/sklearn/tree/_partitioner.cpython-312-x86_64-linux-gnu.so
728ad17df000-728ad17e0000 rw-p 00000000 00:00 0 
728ad17e0000-728ad17e4000 r--p 00000000 fc:00 35400406                   /home/henriqueramos_qs/meta-learning-concept-drift/.venv/lib/python3.12/site-packages/sklearn/tree/_utils.cpython-312-x86_64-linux-gnu.so
728ad17e4000-728ad17f6000 r-xp 00004000 fc:00 35400406                   /home/henriqueramos_qs/meta-learning-concept-drift/.venv/lib/python3.12/site-packages/sklearn/tree/_utils.cpython-312-x86_64-linux-gnu.so
728ad17f6000-728ad17fd000 r--p 00016000 fc:00 35400406                   /home/henriqueramos_qs/meta-learning-concept-drift/.venv/lib/python3.12/site-packages/sklearn/tree/_utils.cpython-312-x86_64-linux-gnu.so
728ad17fd000-728ad17fe000 r--p 0001c000 fc:00 35400406                   /home/henriqueramos_qs/meta-learning-concept-drift/.venv/lib/python3.12/site-packages/sklearn/tree/_utils.cpython-312-x86_64-linux-gnu.so
728ad17fe000-728ad17ff000 rw-p 0001d000 fc:00 35400406                   /home/henriqueramos_qs/meta-learning-concept-drift/.venv/lib/python3.12/site-packages/sklearn/tree/_utils.cpython-312-x86_64-linux-gnu.so
728ad17ff000-728ad1800000 rw-p 00000000 00:00 0 
728ad1800000-728ad1910000 r--p 00000000 fc:00 35401658                   /home/henriqueramos_qs/meta-learning-concept-drift/.venv/lib/python3.12/site-packages/pyarrow/libarrow_compute.so.2100
728ad1910000-728ad23ec000 r-xp 00110000 fc:00 35401658                   /home/henriqueramos_qs/meta-learning-concept-drift/.venv/lib/python3.12/site-packages/pyarrow/libarrow_compute.so.2100
728ad23ec000-728ad2603000 r--p 00bec000 fc:00 35401658                   /home/henriqueramos_qs/meta-learning-concept-drift/.venv/lib/python3.12/site-packages/pyarrow/libarrow_compute.so.2100
728ad2603000-728ad2604000 ---p 00e03000 fc:00 35401658                   /home/henriqueramos_qs/meta-learning-concept-drift/.venv/lib/python3.12/site-packages/pyarrow/libarrow_compute.so.2100
728ad2604000-728ad2622000 r--p 00e03000 fc:00 35401658                   /home/henriqueramos_qs/meta-learning-concept-drift/.venv/lib/python3.12/site-packages/pyarrow/libarrow_compute.so.2100
728ad2622000-728ad2627000 rw-p 00e21000 fc:00 35401658                   /home/henriqueramos_qs/meta-learning-concept-drift/.venv/lib/python3.12/site-packages/pyarrow/libarrow_compute.so.2100
728ad2627000-728ad2634000 rw-p 00000000 00:00 0 
728ad2636000-728ad2639000 r--p 00000000 fc:00 35399851                   /home/henriqueramos_qs/meta-learning-concept-drift/.venv/lib/python3.12/site-packages/sklearn/ensemble/_hist_gradient_boosting/_bitset.cpython-312-x86_64-linux-gnu.so
728ad2639000-728ad2641000 r-xp 00003000 fc:00 35399851                   /home/henriqueramos_qs/meta-learning-concept-drift/.venv/lib/python3.12/site-packages/sklearn/ensemble/_hist_gradient_boosting/_bitset.cpython-312-x86_64-linux-gnu.so
728ad2641000-728ad2645000 r--p 0000b000 fc:00 35399851                   /home/henriqueramos_qs/meta-learning-concept-drift/.venv/lib/python3.12/site-packages/sklearn/ensemble/_hist_gradient_boosting/_bitset.cpython-312-x86_64-linux-gnu.so
728ad2645000-728ad2646000 ---p 0000f000 fc:00 35399851                   /home/henriqueramos_qs/meta-learning-concept-drift/.venv/lib/python3.12/site-packages/sklearn/ensemble/_hist_gradient_boosting/_bitset.cpython-312-x86_64-linux-gnu.so
728ad2646000-728ad2647000 r--p 0000f000 fc:00 35399851                   /home/henriqueramos_qs/meta-learning-concept-drift/.venv/lib/python3.12/site-packages/sklearn/ensemble/_hist_gradient_boosting/_bitset.cpython-312-x86_64-linux-gnu.so
728ad2647000-728ad2648000 rw-p 00010000 fc:00 35399851                   /home/henriqueramos_qs/meta-learning-concept-drift/.venv/lib/python3.12/site-packages/sklearn/ensemble/_hist_gradient_boosting/_bitset.cpython-312-x86_64-linux-gnu.so
728ad2648000-728ad264d000 r--p 00000000 fc:00 35400258                   /home/henriqueramos_qs/meta-learning-concept-drift/.venv/lib/python3.12/site-packages/sklearn/neighbors/_quad_tree.cpython-312-x86_64-linux-gnu.so
728ad264d000-728ad2665000 r-xp 00005000 fc:00 35400258                   /home/henriqueramos_qs/meta-learning-concept-drift/.venv/lib/python3.12/site-packages/sklearn/neighbors/_quad_tree.cpython-312-x86_64-linux-gnu.so
728ad2665000-728ad266c000 r--p 0001d000 fc:00 35400258                   /home/henriqueramos_qs/meta-learning-concept-drift/.venv/lib/python3.12/site-packages/sklearn/neighbors/_quad_tree.cpython-312-x86_64-linux-gnu.so
728ad266c000-728ad266d000 ---p 00024000 fc:00 35400258                   /home/henriqueramos_qs/meta-learning-concept-drift/.venv/lib/python3.12/site-packages/sklearn/neighbors/_quad_tree.cpython-312-x86_64-linux-gnu.so
728ad266d000-728ad266e000 r--p 00024000 fc:00 35400258                   /home/henriqueramos_qs/meta-learning-concept-drift/.venv/lib/python3.12/site-packages/sklearn/neighbors/_quad_tree.cpython-312-x86_64-linux-gnu.so
728ad266e000-728ad266f000 rw-p 00025000 fc:00 35400258                   /home/henriqueramos_qs/meta-learning-concept-drift/.venv/lib/python3.12/site-packages/sklearn/neighbors/_quad_tree.cpython-312-x86_64-linux-gnu.so
728ad266f000-728ad2670000 rw-p 00000000 00:00 0 
728ad2670000-728ad2675000 r--p 00000000 fc:00 35400085                   /home/henriqueramos_qs/meta-learning-concept-drift/.venv/lib/python3.12/site-packages/sklearn/linear_model/_sgd_fast.cpython-312-x86_64-linux-gnu.so
728ad2675000-728ad2696000 r-xp 00005000 fc:00 35400085                   /home/henriqueramos_qs/meta-learning-concept-drift/.venv/lib/python3.12/site-packages/sklearn/linear_model/_sgd_fast.cpython-312-x86_64-linux-gnu.so
728ad2696000-728ad26a0000 r--p 00026000 fc:00 35400085                   /home/henriqueramos_qs/meta-learning-concept-drift/.venv/lib/python3.12/site-packages/sklearn/linear_model/_sgd_fast.cpython-312-x86_64-linux-gnu.so
728ad26a0000-728ad26a2000 r--p 0002f000 fc:00 35400085                   /home/henriqueramos_qs/meta-learning-concept-drift/.venv/lib/python3.12/site-packages/sklearn/linear_model/_sgd_fast.cpython-312-x86_64-linux-gnu.so
728ad26a2000-728ad26a4000 rw-p 00031000 fc:00 35400085                   /home/henriqueramos_qs/meta-learning-concept-drift/.venv/lib/python3.12/site-packages/sklearn/linear_model/_sgd_fast.cpython-312-x86_64-linux-gnu.so
728ad26a4000-728ad26a5000 rw-p 00000000 00:00 0 
728ad26a5000-728ad26ad000 r--p 00000000 fc:00 34868958                   /home/henriqueramos_qs/meta-learning-concept-drift/.venv/lib/python3.12/site-packages/scipy/stats/_unuran/unuran_wrapper.cpython-312-x86_64-linux-gnu.so
728ad26ad000-728ad27bc000 r-xp 00008000 fc:00 34868958                   /home/henriqueramos_qs/meta-learning-concept-drift/.venv/lib/python3.12/site-packages/scipy/stats/_unuran/unuran_wrapper.cpython-312-x86_64-linux-gnu.so
728ad27bc000-728ad27f8000 r--p 00117000 fc:00 34868958                   /home/henriqueramos_qs/meta-learning-concept-drift/.venv/lib/python3.12/site-packages/scipy/stats/_unuran/unuran_wrapper.cpython-312-x86_64-linux-gnu.so
728ad27f8000-728ad27f9000 ---p 00153000 fc:00 34868958                   /home/henriqueramos_qs/meta-learning-concept-drift/.venv/lib/python3.12/site-packages/scipy/stats/_unuran/unuran_wrapper.cpython-312-x86_64-linux-gnu.so
728ad27f9000-728ad27fa000 r--p 00153000 fc:00 34868958                   /home/henriqueramos_qs/meta-learning-concept-drift/.venv/lib/python3.12/site-packages/scipy/stats/_unuran/unuran_wrapper.cpython-312-x86_64-linux-gnu.so
728ad27fa000-728ad27ff000 rw-p 00154000 fc:00 34868958                   /home/henriqueramos_qs/meta-learning-concept-drift/.venv/lib/python3.12/site-packages/scipy/stats/_unuran/unuran_wrapper.cpython-312-x86_64-linux-gnu.so
728ad27ff000-728ad2800000 rw-p 00000000 00:00 0 
728ad2800000-728ad29c6000 r--p 00000000 fc:00 35401671                   /home/henriqueramos_qs/meta-learning-concept-drift/.venv/lib/python3.12/site-packages/pyarrow/libparquet.so.2100
728ad29c6000-728ad2ee7000 r-xp 001c6000 fc:00 35401671                   /home/henriqueramos_qs/meta-learning-concept-drift/.venv/lib/python3.12/site-packages/pyarrow/libparquet.so.2100
728ad2ee7000-728ad3056000 r--p 006e7000 fc:00 35401671                   /home/henriqueramos_qs/meta-learning-concept-drift/.venv/lib/python3.12/site-packages/pyarrow/libparquet.so.2100
728ad3056000-728ad3057000 ---p 00856000 fc:00 35401671                   /home/henriqueramos_qs/meta-learning-concept-drift/.venv/lib/python3.12/site-packages/pyarrow/libparquet.so.2100
728ad3057000-728ad30d5000 r--p 00856000 fc:00 35401671                   /home/henriqueramos_qs/meta-learning-concept-drift/.venv/lib/python3.12/site-packages/pyarrow/libparquet.so.2100
728ad30d5000-728ad30e3000 rw-p 008d4000 fc:00 35401671                   /home/henriqueramos_qs/meta-learning-concept-drift/.venv/lib/python3.12/site-packages/pyarrow/libparquet.so.2100
728ad30e3000-728ad30e7000 rw-p 00000000 00:00 0 
728ad30ea000-728ad30ed000 r--p 00000000 fc:00 35399854                   /home/henriqueramos_qs/meta-learning-concept-drift/.venv/lib/python3.12/site-packages/sklearn/ensemble/_hist_gradient_boosting/_gradient_boosting.cpython-312-x86_64-linux-gnu.so
728ad30ed000-728ad30f7000 r-xp 00003000 fc:00 35399854                   /home/henriqueramos_qs/meta-learning-concept-drift/.venv/lib/python3.12/site-packages/sklearn/ensemble/_hist_gradient_boosting/_gradient_boosting.cpython-312-x86_64-linux-gnu.so
728ad30f7000-728ad30fb000 r--p 0000d000 fc:00 35399854                   /home/henriqueramos_qs/meta-learning-concept-drift/.venv/lib/python3.12/site-packages/sklearn/ensemble/_hist_gradient_boosting/_gradient_boosting.cpython-312-x86_64-linux-gnu.so
728ad30fb000-728ad30fc000 r--p 00010000 fc:00 35399854                   /home/henriqueramos_qs/meta-learning-concept-drift/.venv/lib/python3.12/site-packages/sklearn/ensemble/_hist_gradient_boosting/_gradient_boosting.cpython-312-x86_64-linux-gnu.so
728ad30fc000-728ad30fd000 rw-p 00011000 fc:00 35399854                   /home/henriqueramos_qs/meta-learning-concept-drift/.venv/lib/python3.12/site-packages/sklearn/ensemble/_hist_gradient_boosting/_gradient_boosting.cpython-312-x86_64-linux-gnu.so
728ad30fd000-728ad3100000 rw-p 00016000 fc:00 35399854                   /home/henriqueramos_qs/meta-learning-concept-drift/.venv/lib/python3.12/site-packages/sklearn/ensemble/_hist_gradient_boosting/_gradient_boosting.cpython-312-x86_64-linux-gnu.so
728ad3100000-728ad3200000 rw-p 00000000 00:00 0 
728ad3200000-728ad3274000 r--p 00000000 fc:00 35401670                   /home/henriqueramos_qs/meta-learning-concept-drift/.venv/lib/python3.12/site-packages/pyarrow/libarrow_substrait.so.2100
728ad3274000-728ad34b0000 r-xp 00074000 fc:00 35401670                   /home/henriqueramos_qs/meta-learning-concept-drift/.venv/lib/python3.12/site-packages/pyarrow/libarrow_substrait.so.2100
728ad34b0000-728ad3569000 r--p 002b0000 fc:00 35401670                   /home/henriqueramos_qs/meta-learning-concept-drift/.venv/lib/python3.12/site-packages/pyarrow/libarrow_substrait.so.2100
728ad3569000-728ad356a000 ---p 00369000 fc:00 35401670                   /home/henriqueramos_qs/meta-learning-concept-drift/.venv/lib/python3.12/site-packages/pyarrow/libarrow_substrait.so.2100
728ad356a000-728ad357c000 r--p 00369000 fc:00 35401670                   /home/henriqueramos_qs/meta-learning-concept-drift/.venv/lib/python3.12/site-packages/pyarrow/libarrow_substrait.so.2100
728ad357c000-728ad3581000 rw-p 0037b000 fc:00 35401670                   /home/henriqueramos_qs/meta-learning-concept-drift/.venv/lib/python3.12/site-packages/pyarrow/libarrow_substrait.so.2100
728ad3581000-728ad3583000 rw-p 00000000 00:00 0 
728ad358f000-728ad3593000 r--p 00000000 fc:00 35399807                   /home/henriqueramos_qs/meta-learning-concept-drift/.venv/lib/python3.12/site-packages/sklearn/decomposition/_cdnmf_fast.cpython-312-x86_64-linux-gnu.so
728ad3593000-728ad35a1000 r-xp 00004000 fc:00 35399807                   /home/henriqueramos_qs/meta-learning-concept-drift/.venv/lib/python3.12/site-packages/sklearn/decomposition/_cdnmf_fast.cpython-312-x86_64-linux-gnu.so
728ad35a1000-728ad35a6000 r--p 00012000 fc:00 35399807                   /home/henriqueramos_qs/meta-learning-concept-drift/.venv/lib/python3.12/site-packages/sklearn/decomposition/_cdnmf_fast.cpython-312-x86_64-linux-gnu.so
728ad35a6000-728ad35a7000 r--p 00016000 fc:00 35399807                   /home/henriqueramos_qs/meta-learning-concept-drift/.venv/lib/python3.12/site-packages/sklearn/decomposition/_cdnmf_fast.cpython-312-x86_64-linux-gnu.so
728ad35a7000-728ad35a8000 rw-p 00017000 fc:00 35399807                   /home/henriqueramos_qs/meta-learning-concept-drift/.venv/lib/python3.12/site-packages/sklearn/decomposition/_cdnmf_fast.cpython-312-x86_64-linux-gnu.so
728ad35a8000-728ad35a9000 rw-p 00000000 00:00 0 
728ad35a9000-728ad35b2000 r--p 00000000 fc:00 35400332                   /home/henriqueramos_qs/meta-learning-concept-drift/.venv/lib/python3.12/site-packages/sklearn/svm/_libsvm_sparse.cpython-312-x86_64-linux-gnu.so
728ad35b2000-728ad35f1000 r-xp 00009000 fc:00 35400332                   /home/henriqueramos_qs/meta-learning-concept-drift/.venv/lib/python3.12/site-packages/sklearn/svm/_libsvm_sparse.cpython-312-x86_64-linux-gnu.so
728ad35f1000-728ad35fb000 r--p 00048000 fc:00 35400332                   /home/henriqueramos_qs/meta-learning-concept-drift/.venv/lib/python3.12/site-packages/sklearn/svm/_libsvm_sparse.cpython-312-x86_64-linux-gnu.so
728ad35fb000-728ad35fd000 r--p 00051000 fc:00 35400332                   /home/henriqueramos_qs/meta-learning-concept-drift/.venv/lib/python3.12/site-packages/sklearn/svm/_libsvm_sparse.cpython-312-x86_64-linux-gnu.so
728ad35fd000-728ad35fe000 rw-p 00053000 fc:00 35400332                   /home/henriqueramos_qs/meta-learning-concept-drift/.venv/lib/python3.12/site-packages/sklearn/svm/_libsvm_sparse.cpython-312-x86_64-linux-gnu.so
728ad35fe000-728ad3600000 rw-p 00000000 00:00 0 
728ad3600000-728ad365e000 r--p 00000000 fc:00 35401651                   /home/henriqueramos_qs/meta-learning-concept-drift/.venv/lib/python3.12/site-packages/pyarrow/lib.cpython-312-x86_64-linux-gnu.so
728ad365e000-728ad38ce000 r-xp 0005e000 fc:00 35401651                   /home/henriqueramos_qs/meta-learning-concept-drift/.venv/lib/python3.12/site-packages/pyarrow/lib.cpython-312-x86_64-linux-gnu.so
728ad38ce000-728ad39c2000 r--p 002ce000 fc:00 35401651                   /home/henriqueramos_qs/meta-learning-concept-drift/.venv/lib/python3.12/site-packages/pyarrow/lib.cpython-312-x86_64-linux-gnu.so
728ad39c2000-728ad39c3000 ---p 003c2000 fc:00 35401651                   /home/henriqueramos_qs/meta-learning-concept-drift/.venv/lib/python3.12/site-packages/pyarrow/lib.cpython-312-x86_64-linux-gnu.so
728ad39c3000-728ad39d1000 r--p 003c2000 fc:00 35401651                   /home/henriqueramos_qs/meta-learning-concept-drift/.venv/lib/python3.12/site-packages/pyarrow/lib.cpython-312-x86_64-linux-gnu.so
728ad39d1000-728ad39f9000 rw-p 003d0000 fc:00 35401651                   /home/henriqueramos_qs/meta-learning-concept-drift/.venv/lib/python3.12/site-packages/pyarrow/lib.cpython-312-x86_64-linux-gnu.so
728ad39f9000-728ad3a04000 rw-p 00000000 00:00 0 
728ad3a12000-728ad3a1b000 r--p 00000000 fc:00 35400329                   /home/henriqueramos_qs/meta-learning-concept-drift/.venv/lib/python3.12/site-packages/sklearn/svm/_libsvm.cpython-312-x86_64-linux-gnu.so
728ad3a1b000-728ad3a62000 r-xp 00009000 fc:00 35400329                   /home/henriqueramos_qs/meta-learning-concept-drift/.venv/lib/python3.12/site-packages/sklearn/svm/_libsvm.cpython-312-x86_64-linux-gnu.so
728ad3a62000-728ad3a6f000 r--p 00050000 fc:00 35400329                   /home/henriqueramos_qs/meta-learning-concept-drift/.venv/lib/python3.12/site-packages/sklearn/svm/_libsvm.cpython-312-x86_64-linux-gnu.so
728ad3a6f000-728ad3a71000 r--p 0005c000 fc:00 35400329                   /home/henriqueramos_qs/meta-learning-concept-drift/.venv/lib/python3.12/site-packages/sklearn/svm/_libsvm.cpython-312-x86_64-linux-gnu.so
728ad3a71000-728ad3a73000 rw-p 0005e000 fc:00 35400329                   /home/henriqueramos_qs/meta-learning-concept-drift/.venv/lib/python3.12/site-packages/sklearn/svm/_libsvm.cpython-312-x86_64-linux-gnu.so
728ad3a73000-728ad3a74000 rw-p 00000000 00:00 0 
728ad3a74000-728ad3a7a000 r--p 00000000 fc:00 35400326                   /home/henriqueramos_qs/meta-learning-concept-drift/.venv/lib/python3.12/site-packages/sklearn/svm/_liblinear.cpython-312-x86_64-linux-gnu.so
728ad3a7a000-728ad3a94000 r-xp 00006000 fc:00 35400326                   /home/henriqueramos_qs/meta-learning-concept-drift/.venv/lib/python3.12/site-packages/sklearn/svm/_liblinear.cpython-312-x86_64-linux-gnu.so
728ad3a94000-728ad3a9a000 r--p 00020000 fc:00 35400326                   /home/henriqueramos_qs/meta-learning-concept-drift/.venv/lib/python3.12/site-packages/sklearn/svm/_liblinear.cpython-312-x86_64-linux-gnu.so
728ad3a9a000-728ad3a9b000 ---p 00026000 fc:00 35400326                   /home/henriqueramos_qs/meta-learning-concept-drift/.venv/lib/python3.12/site-packages/sklearn/svm/_liblinear.cpython-312-x86_64-linux-gnu.so
728ad3a9b000-728ad3a9c000 r--p 00026000 fc:00 35400326                   /home/henriqueramos_qs/meta-learning-concept-drift/.venv/lib/python3.12/site-packages/sklearn/svm/_liblinear.cpython-312-x86_64-linux-gnu.so
728ad3a9c000-728ad3a9d000 rw-p 00027000 fc:00 35400326                   /home/henriqueramos_qs/meta-learning-concept-drift/.venv/lib/python3.12/site-packages/sklearn/svm/_liblinear.cpython-312-x86_64-linux-gnu.so
728ad3a9d000-728ad3a9f000 rw-p 00000000 00:00 0 
728ad3a9f000-728ad3aa4000 r--p 00000000 fc:00 35400069                   /home/henriqueramos_qs/meta-learning-concept-drift/.venv/lib/python3.12/site-packages/sklearn/linear_model/_cd_fast.cpython-312-x86_64-linux-gnu.so
728ad3aa4000-728ad3ae6000 r-xp 00005000 fc:00 35400069                   /home/henriqueramos_qs/meta-learning-concept-drift/.venv/lib/python3.12/site-packages/sklearn/linear_model/_cd_fast.cpython-312-x86_64-linux-gnu.so
728ad3ae6000-728ad3af1000 r--p 00047000 fc:00 35400069                   /home/henriqueramos_qs/meta-learning-concept-drift/.venv/lib/python3.12/site-packages/sklearn/linear_model/_cd_fast.cpython-312-x86_64-linux-gnu.so
728ad3af1000-728ad3af2000 ---p 00052000 fc:00 35400069                   /home/henriqueramos_qs/meta-learning-concept-drift/.venv/lib/python3.12/site-packages/sklearn/linear_model/_cd_fast.cpython-312-x86_64-linux-gnu.so
728ad3af2000-728ad3af3000 r--p 00052000 fc:00 35400069                   /home/henriqueramos_qs/meta-learning-concept-drift/.venv/lib/python3.12/site-packages/sklearn/linear_model/_cd_fast.cpython-312-x86_64-linux-gnu.so
728ad3af3000-728ad3af4000 rw-p 00053000 fc:00 35400069                   /home/henriqueramos_qs/meta-learning-concept-drift/.venv/lib/python3.12/site-packages/sklearn/linear_model/_cd_fast.cpython-312-x86_64-linux-gnu.so
728ad3af4000-728ad3af5000 rw-p 00000000 00:00 0 
728ad3af5000-728ad3af7000 r--p 00000000 fc:00 34868911                   /home/henriqueramos_qs/meta-learning-concept-drift/.venv/lib/python3.12/site-packages/scipy/stats/_mvn.cpython-312-x86_64-linux-gnu.so
728ad3af7000-728ad3b00000 r-xp 00002000 fc:00 34868911                   /home/henriqueramos_qs/meta-learning-concept-drift/.venv/lib/python3.12/site-packages/scipy/stats/_mvn.cpython-312-x86_64-linux-gnu.so
728ad3b00000-728ad3b06000 r--p 0000b000 fc:00 34868911                   /home/henriqueramos_qs/meta-learning-concept-drift/.venv/lib/python3.12/site-packages/scipy/stats/_mvn.cpython-312-x86_64-linux-gnu.so
728ad3b06000-728ad3b07000 r--p 00010000 fc:00 34868911                   /home/henriqueramos_qs/meta-learning-concept-drift/.venv/lib/python3.12/site-packages/scipy/stats/_mvn.cpython-312-x86_64-linux-gnu.so
728ad3b07000-728ad3b09000 rw-p 00011000 fc:00 34868911                   /home/henriqueramos_qs/meta-learning-concept-drift/.venv/lib/python3.12/site-packages/scipy/stats/_mvn.cpython-312-x86_64-linux-gnu.so
728ad3b09000-728ad3c00000 rw-p 00000000 00:00 0 
728ad3c00000-728ad9c00000 rw-p 00000000 00:00 0 
728ad9c09000-728ad9c0e000 r--p 00000000 fc:00 35400448                   /home/henriqueramos_qs/meta-learning-concept-drift/.venv/lib/python3.12/site-packages/sklearn/utils/_random.cpython-312-x86_64-linux-gnu.so
728ad9c0e000-728ad9c33000 r-xp 00005000 fc:00 35400448                   /home/henriqueramos_qs/meta-learning-concept-drift/.venv/lib/python3.12/site-packages/sklearn/utils/_random.cpython-312-x86_64-linux-gnu.so
728ad9c33000-728ad9c3b000 r--p 0002a000 fc:00 35400448                   /home/henriqueramos_qs/meta-learning-concept-drift/.venv/lib/python3.12/site-packages/sklearn/utils/_random.cpython-312-x86_64-linux-gnu.so
728ad9c3b000-728ad9c3c000 ---p 00032000 fc:00 35400448                   /home/henriqueramos_qs/meta-learning-concept-drift/.venv/lib/python3.12/site-packages/sklearn/utils/_random.cpython-312-x86_64-linux-gnu.so
728ad9c3c000-728ad9c3d000 r--p 00032000 fc:00 35400448                   /home/henriqueramos_qs/meta-learning-concept-drift/.venv/lib/python3.12/site-packages/sklearn/utils/_random.cpython-312-x86_64-linux-gnu.so
728ad9c3d000-728ad9c3e000 rw-p 00033000 fc:00 35400448                   /home/henriqueramos_qs/meta-learning-concept-drift/.venv/lib/python3.12/site-packages/sklearn/utils/_random.cpython-312-x86_64-linux-gnu.so
728ad9c3e000-728ad9c3f000 rw-p 00000000 00:00 0 
728ad9c3f000-728ad9c44000 r--p 00000000 fc:00 35400452                   /home/henriqueramos_qs/meta-learning-concept-drift/.venv/lib/python3.12/site-packages/sklearn/utils/_seq_dataset.cpython-312-x86_64-linux-gnu.so
728ad9c44000-728ad9c63000 r-xp 00005000 fc:00 35400452                   /home/henriqueramos_qs/meta-learning-concept-drift/.venv/lib/python3.12/site-packages/sklearn/utils/_seq_dataset.cpython-312-x86_64-linux-gnu.so
728ad9c63000-728ad9c6a000 r--p 00024000 fc:00 35400452                   /home/henriqueramos_qs/meta-learning-concept-drift/.venv/lib/python3.12/site-packages/sklearn/utils/_seq_dataset.cpython-312-x86_64-linux-gnu.so
728ad9c6a000-728ad9c6b000 ---p 0002b000 fc:00 35400452                   /home/henriqueramos_qs/meta-learning-concept-drift/.venv/lib/python3.12/site-packages/sklearn/utils/_seq_dataset.cpython-312-x86_64-linux-gnu.so
728ad9c6b000-728ad9c6c000 r--p 0002b000 fc:00 35400452                   /home/henriqueramos_qs/meta-learning-concept-drift/.venv/lib/python3.12/site-packages/sklearn/utils/_seq_dataset.cpython-312-x86_64-linux-gnu.so
728ad9c6c000-728ad9c6e000 rw-p 0002c000 fc:00 35400452                   /home/henriqueramos_qs/meta-learning-concept-drift/.venv/lib/python3.12/site-packages/sklearn/utils/_seq_dataset.cpython-312-x86_64-linux-gnu.so
728ad9c6e000-728ad9c6f000 rw-p 00000000 00:00 0 
728ad9c6f000-728ad9c77000 r--p 00000000 fc:00 35400249                   /home/henriqueramos_qs/meta-learning-concept-drift/.venv/lib/python3.12/site-packages/sklearn/neighbors/_kd_tree.cpython-312-x86_64-linux-gnu.so
728ad9c77000-728ad9ce4000 r-xp 00008000 fc:00 35400249                   /home/henriqueramos_qs/meta-learning-concept-drift/.venv/lib/python3.12/site-packages/sklearn/neighbors/_kd_tree.cpython-312-x86_64-linux-gnu.so
728ad9ce4000-728ad9cf8000 r--p 00075000 fc:00 35400249                   /home/henriqueramos_qs/meta-learning-concept-drift/.venv/lib/python3.12/site-packages/sklearn/neighbors/_kd_tree.cpython-312-x86_64-linux-gnu.so
728ad9cf8000-728ad9cf9000 ---p 00089000 fc:00 35400249                   /home/henriqueramos_qs/meta-learning-concept-drift/.venv/lib/python3.12/site-packages/sklearn/neighbors/_kd_tree.cpython-312-x86_64-linux-gnu.so
728ad9cf9000-728ad9cfb000 r--p 00089000 fc:00 35400249                   /home/henriqueramos_qs/meta-learning-concept-drift/.venv/lib/python3.12/site-packages/sklearn/neighbors/_kd_tree.cpython-312-x86_64-linux-gnu.so
728ad9cfb000-728ad9cfe000 rw-p 0008b000 fc:00 35400249                   /home/henriqueramos_qs/meta-learning-concept-drift/.venv/lib/python3.12/site-packages/sklearn/neighbors/_kd_tree.cpython-312-x86_64-linux-gnu.so
728ad9cfe000-728ad9dff000 rw-p 00000000 00:00 0 
728ad9dff000-728ad9e00000 ---p 00000000 00:00 0 
728ad9e00000-728ada600000 rw-p 00000000 00:00 0 
728ada600000-728adc600000 rw-p 00000000 00:00 0 
728adc600000-728adc604000 r--p 00000000 fc:00 35399816                   /home/henriqueramos_qs/meta-learning-concept-drift/.venv/lib/python3.12/site-packages/sklearn/decomposition/_online_lda_fast.cpython-312-x86_64-linux-gnu.so
728adc604000-728adc61f000 r-xp 00004000 fc:00 35399816                   /home/henriqueramos_qs/meta-learning-concept-drift/.venv/lib/python3.12/site-packages/sklearn/decomposition/_online_lda_fast.cpython-312-x86_64-linux-gnu.so
728adc61f000-728adc624000 r--p 0001f000 fc:00 35399816                   /home/henriqueramos_qs/meta-learning-concept-drift/.venv/lib/python3.12/site-packages/sklearn/decomposition/_online_lda_fast.cpython-312-x86_64-linux-gnu.so
728adc624000-728adc625000 ---p 00024000 fc:00 35399816                   /home/henriqueramos_qs/meta-learning-concept-drift/.venv/lib/python3.12/site-packages/sklearn/decomposition/_online_lda_fast.cpython-312-x86_64-linux-gnu.so
728adc625000-728adc626000 r--p 00024000 fc:00 35399816                   /home/henriqueramos_qs/meta-learning-concept-drift/.venv/lib/python3.12/site-packages/sklearn/decomposition/_online_lda_fast.cpython-312-x86_64-linux-gnu.so
728adc626000-728adc627000 rw-p 00025000 fc:00 35399816                   /home/henriqueramos_qs/meta-learning-concept-drift/.venv/lib/python3.12/site-packages/sklearn/decomposition/_online_lda_fast.cpython-312-x86_64-linux-gnu.so
728adc627000-728adc628000 rw-p 00000000 00:00 0 
728adc628000-728adc62c000 r--p 00000000 fc:00 35400473                   /home/henriqueramos_qs/meta-learning-concept-drift/.venv/lib/python3.12/site-packages/sklearn/utils/arrayfuncs.cpython-312-x86_64-linux-gnu.so
728adc62c000-728adc648000 r-xp 00004000 fc:00 35400473                   /home/henriqueramos_qs/meta-learning-concept-drift/.venv/lib/python3.12/site-packages/sklearn/utils/arrayfuncs.cpython-312-x86_64-linux-gnu.so
728adc648000-728adc64e000 r--p 00020000 fc:00 35400473                   /home/henriqueramos_qs/meta-learning-concept-drift/.venv/lib/python3.12/site-packages/sklearn/utils/arrayfuncs.cpython-312-x86_64-linux-gnu.so
728adc64e000-728adc64f000 ---p 00026000 fc:00 35400473                   /home/henriqueramos_qs/meta-learning-concept-drift/.venv/lib/python3.12/site-packages/sklearn/utils/arrayfuncs.cpython-312-x86_64-linux-gnu.so
728adc64f000-728adc650000 r--p 00026000 fc:00 35400473                   /home/henriqueramos_qs/meta-learning-concept-drift/.venv/lib/python3.12/site-packages/sklearn/utils/arrayfuncs.cpython-312-x86_64-linux-gnu.so
728adc650000-728adc651000 rw-p 00027000 fc:00 35400473                   /home/henriqueramos_qs/meta-learning-concept-drift/.venv/lib/python3.12/site-packages/sklearn/utils/arrayfuncs.cpython-312-x86_64-linux-gnu.so
728adc651000-728adc652000 rw-p 00000000 00:00 0 
728adc652000-728adc656000 r--p 00000000 fc:00 35400144                   /home/henriqueramos_qs/meta-learning-concept-drift/.venv/lib/python3.12/site-packages/sklearn/metrics/_pairwise_fast.cpython-312-x86_64-linux-gnu.so
728adc656000-728adc66f000 r-xp 00004000 fc:00 35400144                   /home/henriqueramos_qs/meta-learning-concept-drift/.venv/lib/python3.12/site-packages/sklearn/metrics/_pairwise_fast.cpython-312-x86_64-linux-gnu.so
728adc66f000-728adc674000 r--p 0001d000 fc:00 35400144                   /home/henriqueramos_qs/meta-learning-concept-drift/.venv/lib/python3.12/site-packages/sklearn/metrics/_pairwise_fast.cpython-312-x86_64-linux-gnu.so
728adc674000-728adc675000 ---p 00022000 fc:00 35400144                   /home/henriqueramos_qs/meta-learning-concept-drift/.venv/lib/python3.12/site-packages/sklearn/metrics/_pairwise_fast.cpython-312-x86_64-linux-gnu.so
728adc675000-728adc676000 r--p 00022000 fc:00 35400144                   /home/henriqueramos_qs/meta-learning-concept-drift/.venv/lib/python3.12/site-packages/sklearn/metrics/_pairwise_fast.cpython-312-x86_64-linux-gnu.so
728adc676000-728adc677000 rw-p 00023000 fc:00 35400144                   /home/henriqueramos_qs/meta-learning-concept-drift/.venv/lib/python3.12/site-packages/sklearn/metrics/_pairwise_fast.cpython-312-x86_64-linux-gnu.so
728adc677000-728adc678000 rw-p 00000000 00:00 0 
728adc678000-728adc67b000 rw-p 0002a000 fc:00 35400144                   /home/henriqueramos_qs/meta-learning-concept-drift/.venv/lib/python3.12/site-packages/sklearn/metrics/_pairwise_fast.cpython-312-x86_64-linux-gnu.so
728adc67b000-728adc681000 r--p 00000000 fc:00 35400169                   /home/henriqueramos_qs/meta-learning-concept-drift/.venv/lib/python3.12/site-packages/sklearn/metrics/_pairwise_distances_reduction/_radius_neighbors.cpython-312-x86_64-linux-gnu.so
728adc681000-728adc6a3000 r-xp 00006000 fc:00 35400169                   /home/henriqueramos_qs/meta-learning-concept-drift/.venv/lib/python3.12/site-packages/sklearn/metrics/_pairwise_distances_reduction/_radius_neighbors.cpython-312-x86_64-linux-gnu.so
728adc6a3000-728adc6ac000 r--p 00028000 fc:00 35400169                   /home/henriqueramos_qs/meta-learning-concept-drift/.venv/lib/python3.12/site-packages/sklearn/metrics/_pairwise_distances_reduction/_radius_neighbors.cpython-312-x86_64-linux-gnu.so
728adc6ac000-728adc6ad000 ---p 00031000 fc:00 35400169                   /home/henriqueramos_qs/meta-learning-concept-drift/.venv/lib/python3.12/site-packages/sklearn/metrics/_pairwise_distances_reduction/_radius_neighbors.cpython-312-x86_64-linux-gnu.so
728adc6ad000-728adc6ae000 r--p 00031000 fc:00 35400169                   /home/henriqueramos_qs/meta-learning-concept-drift/.venv/lib/python3.12/site-packages/sklearn/metrics/_pairwise_distances_reduction/_radius_neighbors.cpython-312-x86_64-linux-gnu.so
728adc6ae000-728adc6b0000 rw-p 00032000 fc:00 35400169                   /home/henriqueramos_qs/meta-learning-concept-drift/.venv/lib/python3.12/site-packages/sklearn/metrics/_pairwise_distances_reduction/_radius_neighbors.cpython-312-x86_64-linux-gnu.so
728adc6b0000-728adc6b1000 rw-p 00000000 00:00 0 
728adc6b1000-728adc6b5000 rw-p 00042000 fc:00 35400169                   /home/henriqueramos_qs/meta-learning-concept-drift/.venv/lib/python3.12/site-packages/sklearn/metrics/_pairwise_distances_reduction/_radius_neighbors.cpython-312-x86_64-linux-gnu.so
728adc6b5000-728adc6bb000 r--p 00000000 fc:00 35400166                   /home/henriqueramos_qs/meta-learning-concept-drift/.venv/lib/python3.12/site-packages/sklearn/metrics/_pairwise_distances_reduction/_middle_term_computer.cpython-312-x86_64-linux-gnu.so
728adc6bb000-728adc6ee000 r-xp 00006000 fc:00 35400166                   /home/henriqueramos_qs/meta-learning-concept-drift/.venv/lib/python3.12/site-packages/sklearn/metrics/_pairwise_distances_reduction/_middle_term_computer.cpython-312-x86_64-linux-gnu.so
728adc6ee000-728adc6fa000 r--p 00039000 fc:00 35400166                   /home/henriqueramos_qs/meta-learning-concept-drift/.venv/lib/python3.12/site-packages/sklearn/metrics/_pairwise_distances_reduction/_middle_term_computer.cpython-312-x86_64-linux-gnu.so
728adc6fa000-728adc6fb000 ---p 00045000 fc:00 35400166                   /home/henriqueramos_qs/meta-learning-concept-drift/.venv/lib/python3.12/site-packages/sklearn/metrics/_pairwise_distances_reduction/_middle_term_computer.cpython-312-x86_64-linux-gnu.so
728adc6fb000-728adc6fc000 r--p 00045000 fc:00 35400166                   /home/henriqueramos_qs/meta-learning-concept-drift/.venv/lib/python3.12/site-packages/sklearn/metrics/_pairwise_distances_reduction/_middle_term_computer.cpython-312-x86_64-linux-gnu.so
728adc6fc000-728adc6fe000 rw-p 00046000 fc:00 35400166                   /home/henriqueramos_qs/meta-learning-concept-drift/.venv/lib/python3.12/site-packages/sklearn/metrics/_pairwise_distances_reduction/_middle_term_computer.cpython-312-x86_64-linux-gnu.so
728adc6fe000-728adc6ff000 rw-p 00000000 00:00 0 
728adc6ff000-728adc706000 r--p 00000000 fc:00 34868507                   /home/henriqueramos_qs/meta-learning-concept-drift/.venv/lib/python3.12/site-packages/scipy/fft/_pocketfft/pypocketfft.cpython-312-x86_64-linux-gnu.so
728adc706000-728adc7e0000 r-xp 00007000 fc:00 34868507                   /home/henriqueramos_qs/meta-learning-concept-drift/.venv/lib/python3.12/site-packages/scipy/fft/_pocketfft/pypocketfft.cpython-312-x86_64-linux-gnu.so
728adc7e0000-728adc7fa000 r--p 000e1000 fc:00 34868507                   /home/henriqueramos_qs/meta-learning-concept-drift/.venv/lib/python3.12/site-packages/scipy/fft/_pocketfft/pypocketfft.cpython-312-x86_64-linux-gnu.so
728adc7fa000-728adc7fb000 ---p 000fb000 fc:00 34868507                   /home/henriqueramos_qs/meta-learning-concept-drift/.venv/lib/python3.12/site-packages/scipy/fft/_pocketfft/pypocketfft.cpython-312-x86_64-linux-gnu.so
728adc7fb000-728adc7fc000 r--p 000fb000 fc:00 34868507                   /home/henriqueramos_qs/meta-learning-concept-drift/.venv/lib/python3.12/site-packages/scipy/fft/_pocketfft/pypocketfft.cpython-312-x86_64-linux-gnu.so
728adc7fc000-728adc7fd000 rw-p 000fc000 fc:00 34868507                   /home/henriqueramos_qs/meta-learning-concept-drift/.venv/lib/python3.12/site-packages/scipy/fft/_pocketfft/pypocketfft.cpython-312-x86_64-linux-gnu.so
728adc7fd000-728adc7ff000 rw-p 00000000 00:00 0 
728adc7ff000-728adc800000 ---p 00000000 00:00 0 
728adc800000-728add000000 rw-p 00000000 00:00 0 
728add000000-728adf000000 rw-p 00000000 00:00 0 
728adf005000-728adf00a000 r--p 00000000 fc:00 35400172                   /home/henriqueramos_qs/meta-learning-concept-drift/.venv/lib/python3.12/site-packages/sklearn/metrics/_pairwise_distances_reduction/_radius_neighbors_classmode.cpython-312-x86_64-linux-gnu.so
728adf00a000-728adf022000 r-xp 00005000 fc:00 35400172                   /home/henriqueramos_qs/meta-learning-concept-drift/.venv/lib/python3.12/site-packages/sklearn/metrics/_pairwise_distances_reduction/_radius_neighbors_classmode.cpython-312-x86_64-linux-gnu.so
728adf022000-728adf028000 r--p 0001d000 fc:00 35400172                   /home/henriqueramos_qs/meta-learning-concept-drift/.venv/lib/python3.12/site-packages/sklearn/metrics/_pairwise_distances_reduction/_radius_neighbors_classmode.cpython-312-x86_64-linux-gnu.so
728adf028000-728adf029000 ---p 00023000 fc:00 35400172                   /home/henriqueramos_qs/meta-learning-concept-drift/.venv/lib/python3.12/site-packages/sklearn/metrics/_pairwise_distances_reduction/_radius_neighbors_classmode.cpython-312-x86_64-linux-gnu.so
728adf029000-728adf02a000 r--p 00023000 fc:00 35400172                   /home/henriqueramos_qs/meta-learning-concept-drift/.venv/lib/python3.12/site-packages/sklearn/metrics/_pairwise_distances_reduction/_radius_neighbors_classmode.cpython-312-x86_64-linux-gnu.so
728adf02a000-728adf02b000 rw-p 00024000 fc:00 35400172                   /home/henriqueramos_qs/meta-learning-concept-drift/.venv/lib/python3.12/site-packages/sklearn/metrics/_pairwise_distances_reduction/_radius_neighbors_classmode.cpython-312-x86_64-linux-gnu.so
728adf02b000-728adf02c000 rw-p 00000000 00:00 0 
728adf02c000-728adf02f000 rw-p 0002e000 fc:00 35400172                   /home/henriqueramos_qs/meta-learning-concept-drift/.venv/lib/python3.12/site-packages/sklearn/metrics/_pairwise_distances_reduction/_radius_neighbors_classmode.cpython-312-x86_64-linux-gnu.so
728adf02f000-728adf034000 r--p 00000000 fc:00 35400423                   /home/henriqueramos_qs/meta-learning-concept-drift/.venv/lib/python3.12/site-packages/sklearn/utils/_cython_blas.cpython-312-x86_64-linux-gnu.so
728adf034000-728adf071000 r-xp 00005000 fc:00 35400423                   /home/henriqueramos_qs/meta-learning-concept-drift/.venv/lib/python3.12/site-packages/sklearn/utils/_cython_blas.cpython-312-x86_64-linux-gnu.so
728adf071000-728adf07a000 r--p 00042000 fc:00 35400423                   /home/henriqueramos_qs/meta-learning-concept-drift/.venv/lib/python3.12/site-packages/sklearn/utils/_cython_blas.cpython-312-x86_64-linux-gnu.so
728adf07a000-728adf07b000 r--p 0004a000 fc:00 35400423                   /home/henriqueramos_qs/meta-learning-concept-drift/.venv/lib/python3.12/site-packages/sklearn/utils/_cython_blas.cpython-312-x86_64-linux-gnu.so
728adf07b000-728adf07d000 rw-p 0004b000 fc:00 35400423                   /home/henriqueramos_qs/meta-learning-concept-drift/.venv/lib/python3.12/site-packages/sklearn/utils/_cython_blas.cpython-312-x86_64-linux-gnu.so
728adf07d000-728adf086000 r--p 00000000 fc:00 35400140                   /home/henriqueramos_qs/meta-learning-concept-drift/.venv/lib/python3.12/site-packages/sklearn/metrics/_dist_metrics.cpython-312-x86_64-linux-gnu.so
728adf086000-728adf0df000 r-xp 00009000 fc:00 35400140                   /home/henriqueramos_qs/meta-learning-concept-drift/.venv/lib/python3.12/site-packages/sklearn/metrics/_dist_metrics.cpython-312-x86_64-linux-gnu.so
728adf0df000-728adf0f4000 r--p 00062000 fc:00 35400140                   /home/henriqueramos_qs/meta-learning-concept-drift/.venv/lib/python3.12/site-packages/sklearn/metrics/_dist_metrics.cpython-312-x86_64-linux-gnu.so
728adf0f4000-728adf0f5000 ---p 00077000 fc:00 35400140                   /home/henriqueramos_qs/meta-learning-concept-drift/.venv/lib/python3.12/site-packages/sklearn/metrics/_dist_metrics.cpython-312-x86_64-linux-gnu.so
728adf0f5000-728adf0f7000 r--p 00077000 fc:00 35400140                   /home/henriqueramos_qs/meta-learning-concept-drift/.venv/lib/python3.12/site-packages/sklearn/metrics/_dist_metrics.cpython-312-x86_64-linux-gnu.so
728adf0f7000-728adf0fd000 rw-p 00079000 fc:00 35400140                   /home/henriqueramos_qs/meta-learning-concept-drift/.venv/lib/python3.12/site-packages/sklearn/metrics/_dist_metrics.cpython-312-x86_64-linux-gnu.so
728adf0fd000-728adf1ff000 rw-p 00000000 00:00 0 
728adf1ff000-728adf200000 ---p 00000000 00:00 0 
728adf200000-728adfa00000 rw-p 00000000 00:00 0 
728adfa00000-728ae1a00000 rw-p 00000000 00:00 0 
728ae1a02000-728ae1a06000 r--p 00000000 fc:00 35400083                   /home/henriqueramos_qs/meta-learning-concept-drift/.venv/lib/python3.12/site-packages/sklearn/linear_model/_sag_fast.cpython-312-x86_64-linux-gnu.so
728ae1a06000-728ae1a1d000 r-xp 00004000 fc:00 35400083                   /home/henriqueramos_qs/meta-learning-concept-drift/.venv/lib/python3.12/site-packages/sklearn/linear_model/_sag_fast.cpython-312-x86_64-linux-gnu.so
728ae1a1d000-728ae1a24000 r--p 0001b000 fc:00 35400083                   /home/henriqueramos_qs/meta-learning-concept-drift/.venv/lib/python3.12/site-packages/sklearn/linear_model/_sag_fast.cpython-312-x86_64-linux-gnu.so
728ae1a24000-728ae1a25000 r--p 00021000 fc:00 35400083                   /home/henriqueramos_qs/meta-learning-concept-drift/.venv/lib/python3.12/site-packages/sklearn/linear_model/_sag_fast.cpython-312-x86_64-linux-gnu.so
728ae1a25000-728ae1a26000 rw-p 00022000 fc:00 35400083                   /home/henriqueramos_qs/meta-learning-concept-drift/.venv/lib/python3.12/site-packages/sklearn/linear_model/_sag_fast.cpython-312-x86_64-linux-gnu.so
728ae1a26000-728ae1a2c000 r--p 00000000 fc:00 35400162                   /home/henriqueramos_qs/meta-learning-concept-drift/.venv/lib/python3.12/site-packages/sklearn/metrics/_pairwise_distances_reduction/_datasets_pair.cpython-312-x86_64-linux-gnu.so
728ae1a2c000-728ae1a5f000 r-xp 00006000 fc:00 35400162                   /home/henriqueramos_qs/meta-learning-concept-drift/.venv/lib/python3.12/site-packages/sklearn/metrics/_pairwise_distances_reduction/_datasets_pair.cpython-312-x86_64-linux-gnu.so
728ae1a5f000-728ae1a6c000 r--p 00039000 fc:00 35400162                   /home/henriqueramos_qs/meta-learning-concept-drift/.venv/lib/python3.12/site-packages/sklearn/metrics/_pairwise_distances_reduction/_datasets_pair.cpython-312-x86_64-linux-gnu.so
728ae1a6c000-728ae1a6d000 r--p 00045000 fc:00 35400162                   /home/henriqueramos_qs/meta-learning-concept-drift/.venv/lib/python3.12/site-packages/sklearn/metrics/_pairwise_distances_reduction/_datasets_pair.cpython-312-x86_64-linux-gnu.so
728ae1a6d000-728ae1a70000 rw-p 00046000 fc:00 35400162                   /home/henriqueramos_qs/meta-learning-concept-drift/.venv/lib/python3.12/site-packages/sklearn/metrics/_pairwise_distances_reduction/_datasets_pair.cpython-312-x86_64-linux-gnu.so
728ae1a70000-728ae1a78000 r--p 00000000 fc:00 35400243                   /home/henriqueramos_qs/meta-learning-concept-drift/.venv/lib/python3.12/site-packages/sklearn/neighbors/_ball_tree.cpython-312-x86_64-linux-gnu.so
728ae1a78000-728ae1ae3000 r-xp 00008000 fc:00 35400243                   /home/henriqueramos_qs/meta-learning-concept-drift/.venv/lib/python3.12/site-packages/sklearn/neighbors/_ball_tree.cpython-312-x86_64-linux-gnu.so
728ae1ae3000-728ae1af8000 r--p 00073000 fc:00 35400243                   /home/henriqueramos_qs/meta-learning-concept-drift/.venv/lib/python3.12/site-packages/sklearn/neighbors/_ball_tree.cpython-312-x86_64-linux-gnu.so
728ae1af8000-728ae1af9000 ---p 00088000 fc:00 35400243                   /home/henriqueramos_qs/meta-learning-concept-drift/.venv/lib/python3.12/site-packages/sklearn/neighbors/_ball_tree.cpython-312-x86_64-linux-gnu.so
728ae1af9000-728ae1afb000 r--p 00088000 fc:00 35400243                   /home/henriqueramos_qs/meta-learning-concept-drift/.venv/lib/python3.12/site-packages/sklearn/neighbors/_ball_tree.cpython-312-x86_64-linux-gnu.so
728ae1afb000-728ae1afe000 rw-p 0008a000 fc:00 35400243                   /home/henriqueramos_qs/meta-learning-concept-drift/.venv/lib/python3.12/site-packages/sklearn/neighbors/_ball_tree.cpython-312-x86_64-linux-gnu.so
728ae1afe000-728ae1bff000 rw-p 00000000 00:00 0 
728ae1bff000-728ae1c00000 ---p 00000000 00:00 0 
728ae1c00000-728ae2400000 rw-p 00000000 00:00 0 
728ae2400000-728ae4400000 rw-p 00000000 00:00 0 
728ae440a000-728ae440f000 r--p 00000000 fc:00 35400158                   /home/henriqueramos_qs/meta-learning-concept-drift/.venv/lib/python3.12/site-packages/sklearn/metrics/_pairwise_distances_reduction/_base.cpython-312-x86_64-linux-gnu.so
728ae440f000-728ae442a000 r-xp 00005000 fc:00 35400158                   /home/henriqueramos_qs/meta-learning-concept-drift/.venv/lib/python3.12/site-packages/sklearn/metrics/_pairwise_distances_reduction/_base.cpython-312-x86_64-linux-gnu.so
728ae442a000-728ae4431000 r--p 00020000 fc:00 35400158                   /home/henriqueramos_qs/meta-learning-concept-drift/.venv/lib/python3.12/site-packages/sklearn/metrics/_pairwise_distances_reduction/_base.cpython-312-x86_64-linux-gnu.so
728ae4431000-728ae4432000 ---p 00027000 fc:00 35400158                   /home/henriqueramos_qs/meta-learning-concept-drift/.venv/lib/python3.12/site-packages/sklearn/metrics/_pairwise_distances_reduction/_base.cpython-312-x86_64-linux-gnu.so
728ae4432000-728ae4433000 r--p 00027000 fc:00 35400158                   /home/henriqueramos_qs/meta-learning-concept-drift/.venv/lib/python3.12/site-packages/sklearn/metrics/_pairwise_distances_reduction/_base.cpython-312-x86_64-linux-gnu.so
728ae4433000-728ae4435000 rw-p 00028000 fc:00 35400158                   /home/henriqueramos_qs/meta-learning-concept-drift/.venv/lib/python3.12/site-packages/sklearn/metrics/_pairwise_distances_reduction/_base.cpython-312-x86_64-linux-gnu.so
728ae4435000-728ae4438000 rw-p 00034000 fc:00 35400158                   /home/henriqueramos_qs/meta-learning-concept-drift/.venv/lib/python3.12/site-packages/sklearn/metrics/_pairwise_distances_reduction/_base.cpython-312-x86_64-linux-gnu.so
728ae4438000-728ae443d000 r--p 00000000 fc:00 35400153                   /home/henriqueramos_qs/meta-learning-concept-drift/.venv/lib/python3.12/site-packages/sklearn/metrics/_pairwise_distances_reduction/_argkmin.cpython-312-x86_64-linux-gnu.so
728ae443d000-728ae445f000 r-xp 00005000 fc:00 35400153                   /home/henriqueramos_qs/meta-learning-concept-drift/.venv/lib/python3.12/site-packages/sklearn/metrics/_pairwise_distances_reduction/_argkmin.cpython-312-x86_64-linux-gnu.so
728ae445f000-728ae4467000 r--p 00027000 fc:00 35400153                   /home/henriqueramos_qs/meta-learning-concept-drift/.venv/lib/python3.12/site-packages/sklearn/metrics/_pairwise_distances_reduction/_argkmin.cpython-312-x86_64-linux-gnu.so
728ae4467000-728ae4468000 r--p 0002e000 fc:00 35400153                   /home/henriqueramos_qs/meta-learning-concept-drift/.venv/lib/python3.12/site-packages/sklearn/metrics/_pairwise_distances_reduction/_argkmin.cpython-312-x86_64-linux-gnu.so
728ae4468000-728ae446a000 rw-p 0002f000 fc:00 35400153                   /home/henriqueramos_qs/meta-learning-concept-drift/.venv/lib/python3.12/site-packages/sklearn/metrics/_pairwise_distances_reduction/_argkmin.cpython-312-x86_64-linux-gnu.so
728ae446a000-728ae446d000 rw-p 0003c000 fc:00 35400153                   /home/henriqueramos_qs/meta-learning-concept-drift/.venv/lib/python3.12/site-packages/sklearn/metrics/_pairwise_distances_reduction/_argkmin.cpython-312-x86_64-linux-gnu.so
728ae446d000-728ae4475000 r--p 00000000 fc:00 35400403                   /home/henriqueramos_qs/meta-learning-concept-drift/.venv/lib/python3.12/site-packages/sklearn/tree/_tree.cpython-312-x86_64-linux-gnu.so
728ae4475000-728ae44bc000 r-xp 00008000 fc:00 35400403                   /home/henriqueramos_qs/meta-learning-concept-drift/.venv/lib/python3.12/site-packages/sklearn/tree/_tree.cpython-312-x86_64-linux-gnu.so
728ae44bc000-728ae44ca000 r--p 0004f000 fc:00 35400403                   /home/henriqueramos_qs/meta-learning-concept-drift/.venv/lib/python3.12/site-packages/sklearn/tree/_tree.cpython-312-x86_64-linux-gnu.so
728ae44ca000-728ae44cb000 ---p 0005d000 fc:00 35400403                   /home/henriqueramos_qs/meta-learning-concept-drift/.venv/lib/python3.12/site-packages/sklearn/tree/_tree.cpython-312-x86_64-linux-gnu.so
728ae44cb000-728ae44cd000 r--p 0005d000 fc:00 35400403                   /home/henriqueramos_qs/meta-learning-concept-drift/.venv/lib/python3.12/site-packages/sklearn/tree/_tree.cpython-312-x86_64-linux-gnu.so
728ae44cd000-728ae44d0000 rw-p 0005f000 fc:00 35400403                   /home/henriqueramos_qs/meta-learning-concept-drift/.venv/lib/python3.12/site-packages/sklearn/tree/_tree.cpython-312-x86_64-linux-gnu.so
728ae44d0000-728ae44d1000 rw-p 00000000 00:00 0 
728ae44d1000-728ae44d6000 r--p 00000000 fc:00 35400392                   /home/henriqueramos_qs/meta-learning-concept-drift/.venv/lib/python3.12/site-packages/sklearn/tree/_criterion.cpython-312-x86_64-linux-gnu.so
728ae44d6000-728ae44f3000 r-xp 00005000 fc:00 35400392                   /home/henriqueramos_qs/meta-learning-concept-drift/.venv/lib/python3.12/site-packages/sklearn/tree/_criterion.cpython-312-x86_64-linux-gnu.so
728ae44f3000-728ae44fb000 r--p 00022000 fc:00 35400392                   /home/henriqueramos_qs/meta-learning-concept-drift/.venv/lib/python3.12/site-packages/sklearn/tree/_criterion.cpython-312-x86_64-linux-gnu.so
728ae44fb000-728ae44fc000 r--p 00029000 fc:00 35400392                   /home/henriqueramos_qs/meta-learning-concept-drift/.venv/lib/python3.12/site-packages/sklearn/tree/_criterion.cpython-312-x86_64-linux-gnu.so
728ae44fc000-728ae44fe000 rw-p 0002a000 fc:00 35400392                   /home/henriqueramos_qs/meta-learning-concept-drift/.venv/lib/python3.12/site-packages/sklearn/tree/_criterion.cpython-312-x86_64-linux-gnu.so
728ae44fe000-728ae45ff000 rw-p 00000000 00:00 0 
728ae45ff000-728ae4600000 ---p 00000000 00:00 0 
728ae4600000-728ae4e00000 rw-p 00000000 00:00 0 
728ae4e00000-728ae6e00000 rw-p 00000000 00:00 0 
728ae6e0c000-728ae6e11000 r--p 00000000 fc:00 35400467                   /home/henriqueramos_qs/meta-learning-concept-drift/.venv/lib/python3.12/site-packages/sklearn/utils/_vector_sentinel.cpython-312-x86_64-linux-gnu.so
728ae6e11000-728ae6e24000 r-xp 00005000 fc:00 35400467                   /home/henriqueramos_qs/meta-learning-concept-drift/.venv/lib/python3.12/site-packages/sklearn/utils/_vector_sentinel.cpython-312-x86_64-linux-gnu.so
728ae6e24000-728ae6e2a000 r--p 00018000 fc:00 35400467                   /home/henriqueramos_qs/meta-learning-concept-drift/.venv/lib/python3.12/site-packages/sklearn/utils/_vector_sentinel.cpython-312-x86_64-linux-gnu.so
728ae6e2a000-728ae6e2b000 r--p 0001d000 fc:00 35400467                   /home/henriqueramos_qs/meta-learning-concept-drift/.venv/lib/python3.12/site-packages/sklearn/utils/_vector_sentinel.cpython-312-x86_64-linux-gnu.so
728ae6e2b000-728ae6e2d000 rw-p 0001e000 fc:00 35400467                   /home/henriqueramos_qs/meta-learning-concept-drift/.venv/lib/python3.12/site-packages/sklearn/utils/_vector_sentinel.cpython-312-x86_64-linux-gnu.so
728ae6e2d000-728ae6e32000 r--p 00000000 fc:00 35400493                   /home/henriqueramos_qs/meta-learning-concept-drift/.venv/lib/python3.12/site-packages/sklearn/utils/sparsefuncs_fast.cpython-312-x86_64-linux-gnu.so
728ae6e32000-728ae6ec2000 r-xp 00005000 fc:00 35400493                   /home/henriqueramos_qs/meta-learning-concept-drift/.venv/lib/python3.12/site-packages/sklearn/utils/sparsefuncs_fast.cpython-312-x86_64-linux-gnu.so
728ae6ec2000-728ae6ecf000 r--p 00095000 fc:00 35400493                   /home/henriqueramos_qs/meta-learning-concept-drift/.venv/lib/python3.12/site-packages/sklearn/utils/sparsefuncs_fast.cpython-312-x86_64-linux-gnu.so
728ae6ecf000-728ae6ed1000 r--p 000a1000 fc:00 35400493                   /home/henriqueramos_qs/meta-learning-concept-drift/.venv/lib/python3.12/site-packages/sklearn/utils/sparsefuncs_fast.cpython-312-x86_64-linux-gnu.so
728ae6ed1000-728ae6ed3000 rw-p 000a3000 fc:00 35400493                   /home/henriqueramos_qs/meta-learning-concept-drift/.venv/lib/python3.12/site-packages/sklearn/utils/sparsefuncs_fast.cpython-312-x86_64-linux-gnu.so
728ae6ed3000-728ae6ed8000 r--p 00000000 fc:00 35399498                   /home/henriqueramos_qs/meta-learning-concept-drift/.venv/lib/python3.12/site-packages/sklearn/_cyutility.cpython-312-x86_64-linux-gnu.so
728ae6ed8000-728ae6ef4000 r-xp 00005000 fc:00 35399498                   /home/henriqueramos_qs/meta-learning-concept-drift/.venv/lib/python3.12/site-packages/sklearn/_cyutility.cpython-312-x86_64-linux-gnu.so
728ae6ef4000-728ae6efa000 r--p 00021000 fc:00 35399498                   /home/henriqueramos_qs/meta-learning-concept-drift/.venv/lib/python3.12/site-packages/sklearn/_cyutility.cpython-312-x86_64-linux-gnu.so
728ae6efa000-728ae6efb000 ---p 00027000 fc:00 35399498                   /home/henriqueramos_qs/meta-learning-concept-drift/.venv/lib/python3.12/site-packages/sklearn/_cyutility.cpython-312-x86_64-linux-gnu.so
728ae6efb000-728ae6efc000 r--p 00027000 fc:00 35399498                   /home/henriqueramos_qs/meta-learning-concept-drift/.venv/lib/python3.12/site-packages/sklearn/_cyutility.cpython-312-x86_64-linux-gnu.so
728ae6efc000-728ae6efe000 rw-p 00028000 fc:00 35399498                   /home/henriqueramos_qs/meta-learning-concept-drift/.venv/lib/python3.12/site-packages/sklearn/_cyutility.cpython-312-x86_64-linux-gnu.so
728ae6efe000-728ae6ffe000 rw-p 00000000 00:00 0 
728ae6ffe000-728ae6fff000 ---p 00000000 00:00 0 
728ae6fff000-728ae77ff000 rw-p 00000000 00:00 0 
728ae77ff000-728ae7800000 ---p 00000000 00:00 0 
728ae7800000-728ae8000000 rw-p 00000000 00:00 0 
728ae8000000-728aea000000 rw-p 00000000 00:00 0 
728aea001000-728aea005000 r--p 00000000 fc:00 35400156                   /home/henriqueramos_qs/meta-learning-concept-drift/.venv/lib/python3.12/site-packages/sklearn/metrics/_pairwise_distances_reduction/_argkmin_classmode.cpython-312-x86_64-linux-gnu.so
728aea005000-728aea019000 r-xp 00004000 fc:00 35400156                   /home/henriqueramos_qs/meta-learning-concept-drift/.venv/lib/python3.12/site-packages/sklearn/metrics/_pairwise_distances_reduction/_argkmin_classmode.cpython-312-x86_64-linux-gnu.so
728aea019000-728aea01f000 r--p 00018000 fc:00 35400156                   /home/henriqueramos_qs/meta-learning-concept-drift/.venv/lib/python3.12/site-packages/sklearn/metrics/_pairwise_distances_reduction/_argkmin_classmode.cpython-312-x86_64-linux-gnu.so
728aea01f000-728aea020000 r--p 0001d000 fc:00 35400156                   /home/henriqueramos_qs/meta-learning-concept-drift/.venv/lib/python3.12/site-packages/sklearn/metrics/_pairwise_distances_reduction/_argkmin_classmode.cpython-312-x86_64-linux-gnu.so
728aea020000-728aea021000 rw-p 0001e000 fc:00 35400156                   /home/henriqueramos_qs/meta-learning-concept-drift/.venv/lib/python3.12/site-packages/sklearn/metrics/_pairwise_distances_reduction/_argkmin_classmode.cpython-312-x86_64-linux-gnu.so
728aea021000-728aea022000 rw-p 00000000 00:00 0 
728aea022000-728aea025000 rw-p 00027000 fc:00 35400156                   /home/henriqueramos_qs/meta-learning-concept-drift/.venv/lib/python3.12/site-packages/sklearn/metrics/_pairwise_distances_reduction/_argkmin_classmode.cpython-312-x86_64-linux-gnu.so
728aea025000-728aea02a000 r--p 00000000 fc:00 34869483                   /home/henriqueramos_qs/meta-learning-concept-drift/.venv/lib/python3.12/site-packages/scipy/ndimage/_ni_label.cpython-312-x86_64-linux-gnu.so
728aea02a000-728aea07a000 r-xp 00005000 fc:00 34869483                   /home/henriqueramos_qs/meta-learning-concept-drift/.venv/lib/python3.12/site-packages/scipy/ndimage/_ni_label.cpython-312-x86_64-linux-gnu.so
728aea07a000-728aea084000 r--p 00055000 fc:00 34869483                   /home/henriqueramos_qs/meta-learning-concept-drift/.venv/lib/python3.12/site-packages/scipy/ndimage/_ni_label.cpython-312-x86_64-linux-gnu.so
728aea084000-728aea085000 r--p 0005e000 fc:00 34869483                   /home/henriqueramos_qs/meta-learning-concept-drift/.venv/lib/python3.12/site-packages/scipy/ndimage/_ni_label.cpython-312-x86_64-linux-gnu.so
728aea085000-728aea088000 rw-p 0005f000 fc:00 34869483                   /home/henriqueramos_qs/meta-learning-concept-drift/.venv/lib/python3.12/site-packages/scipy/ndimage/_ni_label.cpython-312-x86_64-linux-gnu.so
728aea088000-728aea08d000 r--p 00000000 fc:00 34869022                   /home/henriqueramos_qs/meta-learning-concept-drift/.venv/lib/python3.12/site-packages/scipy/stats/_rcont/rcont.cpython-312-x86_64-linux-gnu.so
728aea08d000-728aea0b3000 r-xp 00005000 fc:00 34869022                   /home/henriqueramos_qs/meta-learning-concept-drift/.venv/lib/python3.12/site-packages/scipy/stats/_rcont/rcont.cpython-312-x86_64-linux-gnu.so
728aea0b3000-728aea0bc000 r--p 0002b000 fc:00 34869022                   /home/henriqueramos_qs/meta-learning-concept-drift/.venv/lib/python3.12/site-packages/scipy/stats/_rcont/rcont.cpython-312-x86_64-linux-gnu.so
728aea0bc000-728aea0bd000 ---p 00034000 fc:00 34869022                   /home/henriqueramos_qs/meta-learning-concept-drift/.venv/lib/python3.12/site-packages/scipy/stats/_rcont/rcont.cpython-312-x86_64-linux-gnu.so
728aea0bd000-728aea0be000 r--p 00034000 fc:00 34869022                   /home/henriqueramos_qs/meta-learning-concept-drift/.venv/lib/python3.12/site-packages/scipy/stats/_rcont/rcont.cpython-312-x86_64-linux-gnu.so
728aea0be000-728aea0c0000 rw-p 00035000 fc:00 34869022                   /home/henriqueramos_qs/meta-learning-concept-drift/.venv/lib/python3.12/site-packages/scipy/stats/_rcont/rcont.cpython-312-x86_64-linux-gnu.so
728aea0c0000-728aea0c1000 rw-p 00000000 00:00 0 
728aea0c1000-728aea0c7000 r--p 00000000 fc:00 34868914                   /home/henriqueramos_qs/meta-learning-concept-drift/.venv/lib/python3.12/site-packages/scipy/stats/_qmc_cy.cpython-312-x86_64-linux-gnu.so
728aea0c7000-728aea0f2000 r-xp 00006000 fc:00 34868914                   /home/henriqueramos_qs/meta-learning-concept-drift/.venv/lib/python3.12/site-packages/scipy/stats/_qmc_cy.cpython-312-x86_64-linux-gnu.so
728aea0f2000-728aea0fb000 r--p 00031000 fc:00 34868914                   /home/henriqueramos_qs/meta-learning-concept-drift/.venv/lib/python3.12/site-packages/scipy/stats/_qmc_cy.cpython-312-x86_64-linux-gnu.so
728aea0fb000-728aea0fc000 r--p 00039000 fc:00 34868914                   /home/henriqueramos_qs/meta-learning-concept-drift/.venv/lib/python3.12/site-packages/scipy/stats/_qmc_cy.cpython-312-x86_64-linux-gnu.so
728aea0fc000-728aea0fe000 rw-p 0003a000 fc:00 34868914                   /home/henriqueramos_qs/meta-learning-concept-drift/.venv/lib/python3.12/site-packages/scipy/stats/_qmc_cy.cpython-312-x86_64-linux-gnu.so
728aea0fe000-728aea1ff000 rw-p 00000000 00:00 0 
728aea1ff000-728aea200000 ---p 00000000 00:00 0 
728aea200000-728aeaa00000 rw-p 00000000 00:00 0 
728aeaa00000-728aeca00000 rw-p 00000000 00:00 0 
728aeca07000-728aeca0b000 r--p 00000000 fc:00 35400400                   /home/henriqueramos_qs/meta-learning-concept-drift/.venv/lib/python3.12/site-packages/sklearn/tree/_splitter.cpython-312-x86_64-linux-gnu.so
728aeca0b000-728aeca1f000 r-xp 00004000 fc:00 35400400                   /home/henriqueramos_qs/meta-learning-concept-drift/.venv/lib/python3.12/site-packages/sklearn/tree/_splitter.cpython-312-x86_64-linux-gnu.so
728aeca1f000-728aeca26000 r--p 00018000 fc:00 35400400                   /home/henriqueramos_qs/meta-learning-concept-drift/.venv/lib/python3.12/site-packages/sklearn/tree/_splitter.cpython-312-x86_64-linux-gnu.so
728aeca26000-728aeca27000 r--p 0001e000 fc:00 35400400                   /home/henriqueramos_qs/meta-learning-concept-drift/.venv/lib/python3.12/site-packages/sklearn/tree/_splitter.cpython-312-x86_64-linux-gnu.so
728aeca27000-728aeca29000 rw-p 0001f000 fc:00 35400400                   /home/henriqueramos_qs/meta-learning-concept-drift/.venv/lib/python3.12/site-packages/sklearn/tree/_splitter.cpython-312-x86_64-linux-gnu.so
728aeca29000-728aeca2e000 r--p 00000000 fc:00 34868917                   /home/henriqueramos_qs/meta-learning-concept-drift/.venv/lib/python3.12/site-packages/scipy/stats/_sobol.cpython-312-x86_64-linux-gnu.so
728aeca2e000-728aeca72000 r-xp 00005000 fc:00 34868917                   /home/henriqueramos_qs/meta-learning-concept-drift/.venv/lib/python3.12/site-packages/scipy/stats/_sobol.cpython-312-x86_64-linux-gnu.so
728aeca72000-728aeca7c000 r--p 00049000 fc:00 34868917                   /home/henriqueramos_qs/meta-learning-concept-drift/.venv/lib/python3.12/site-packages/scipy/stats/_sobol.cpython-312-x86_64-linux-gnu.so
728aeca7c000-728aeca7d000 r--p 00052000 fc:00 34868917                   /home/henriqueramos_qs/meta-learning-concept-drift/.venv/lib/python3.12/site-packages/scipy/stats/_sobol.cpython-312-x86_64-linux-gnu.so
728aeca7d000-728aeca7f000 rw-p 00053000 fc:00 34868917                   /home/henriqueramos_qs/meta-learning-concept-drift/.venv/lib/python3.12/site-packages/scipy/stats/_sobol.cpython-312-x86_64-linux-gnu.so
728aeca7f000-728aeca80000 rw-p 00000000 00:00 0 
728aeca80000-728aeca85000 r--p 00000000 fc:00 34868904                   /home/henriqueramos_qs/meta-learning-concept-drift/.venv/lib/python3.12/site-packages/scipy/stats/_ansari_swilk_statistics.cpython-312-x86_64-linux-gnu.so
728aeca85000-728aecab1000 r-xp 00005000 fc:00 34868904                   /home/henriqueramos_qs/meta-learning-concept-drift/.venv/lib/python3.12/site-packages/scipy/stats/_ansari_swilk_statistics.cpython-312-x86_64-linux-gnu.so
728aecab1000-728aecab9000 r--p 00031000 fc:00 34868904                   /home/henriqueramos_qs/meta-learning-concept-drift/.venv/lib/python3.12/site-packages/scipy/stats/_ansari_swilk_statistics.cpython-312-x86_64-linux-gnu.so
728aecab9000-728aecaba000 r--p 00038000 fc:00 34868904                   /home/henriqueramos_qs/meta-learning-concept-drift/.venv/lib/python3.12/site-packages/scipy/stats/_ansari_swilk_statistics.cpython-312-x86_64-linux-gnu.so
728aecaba000-728aecabc000 rw-p 00039000 fc:00 34868904                   /home/henriqueramos_qs/meta-learning-concept-drift/.venv/lib/python3.12/site-packages/scipy/stats/_ansari_swilk_statistics.cpython-312-x86_64-linux-gnu.so
728aecabc000-728aecabd000 rw-p 00000000 00:00 0 
728aecabd000-728aecac2000 r--p 00000000 fc:00 34868938                   /home/henriqueramos_qs/meta-learning-concept-drift/.venv/lib/python3.12/site-packages/scipy/stats/_biasedurn.cpython-312-x86_64-linux-gnu.so
728aecac2000-728aecaec000 r-xp 00005000 fc:00 34868938                   /home/henriqueramos_qs/meta-learning-concept-drift/.venv/lib/python3.12/site-packages/scipy/stats/_biasedurn.cpython-312-x86_64-linux-gnu.so
728aecaec000-728aecaf8000 r--p 0002f000 fc:00 34868938                   /home/henriqueramos_qs/meta-learning-concept-drift/.venv/lib/python3.12/site-packages/scipy/stats/_biasedurn.cpython-312-x86_64-linux-gnu.so
728aecaf8000-728aecaf9000 r--p 0003a000 fc:00 34868938                   /home/henriqueramos_qs/meta-learning-concept-drift/.venv/lib/python3.12/site-packages/scipy/stats/_biasedurn.cpython-312-x86_64-linux-gnu.so
728aecaf9000-728aecafc000 rw-p 0003b000 fc:00 34868938                   /home/henriqueramos_qs/meta-learning-concept-drift/.venv/lib/python3.12/site-packages/scipy/stats/_biasedurn.cpython-312-x86_64-linux-gnu.so
728aecafc000-728aecbff000 rw-p 00000000 00:00 0 
728aecbff000-728aecc00000 ---p 00000000 00:00 0 
728aecc00000-728aed400000 rw-p 00000000 00:00 0 
728aed400000-728aef400000 rw-p 00000000 00:00 0 
728aef403000-728aef406000 r--p 00000000 fc:00 35521560                   /home/henriqueramos_qs/meta-learning-concept-drift/.venv/lib/python3.12/site-packages/torch/lib/libshm.so
728aef406000-728aef409000 r-xp 00003000 fc:00 35521560                   /home/henriqueramos_qs/meta-learning-concept-drift/.venv/lib/python3.12/site-packages/torch/lib/libshm.so
728aef409000-728aef40a000 r--p 00006000 fc:00 35521560                   /home/henriqueramos_qs/meta-learning-concept-drift/.venv/lib/python3.12/site-packages/torch/lib/libshm.so
728aef40a000-728aef40b000 ---p 00007000 fc:00 35521560                   /home/henriqueramos_qs/meta-learning-concept-drift/.venv/lib/python3.12/site-packages/torch/lib/libshm.so
728aef40b000-728aef40c000 r--p 00007000 fc:00 35521560                   /home/henriqueramos_qs/meta-learning-concept-drift/.venv/lib/python3.12/site-packages/torch/lib/libshm.so
728aef40c000-728aef40d000 rw-p 00008000 fc:00 35521560                   /home/henriqueramos_qs/meta-learning-concept-drift/.venv/lib/python3.12/site-packages/torch/lib/libshm.so
728aef40d000-728aef40f000 rw-p 0000c000 fc:00 35521560                   /home/henriqueramos_qs/meta-learning-concept-drift/.venv/lib/python3.12/site-packages/torch/lib/libshm.so
728aef40f000-728aef415000 r--p 00000000 fc:00 34868935                   /home/henriqueramos_qs/meta-learning-concept-drift/.venv/lib/python3.12/site-packages/scipy/stats/_stats.cpython-312-x86_64-linux-gnu.so
728aef415000-728aef4a3000 r-xp 00006000 fc:00 34868935                   /home/henriqueramos_qs/meta-learning-concept-drift/.venv/lib/python3.12/site-packages/scipy/stats/_stats.cpython-312-x86_64-linux-gnu.so
728aef4a3000-728aef4b1000 r--p 00094000 fc:00 34868935                   /home/henriqueramos_qs/meta-learning-concept-drift/.venv/lib/python3.12/site-packages/scipy/stats/_stats.cpython-312-x86_64-linux-gnu.so
728aef4b1000-728aef4b2000 r--p 000a1000 fc:00 34868935                   /home/henriqueramos_qs/meta-learning-concept-drift/.venv/lib/python3.12/site-packages/scipy/stats/_stats.cpython-312-x86_64-linux-gnu.so
728aef4b2000-728aef4b5000 rw-p 000a2000 fc:00 34868935                   /home/henriqueramos_qs/meta-learning-concept-drift/.venv/lib/python3.12/site-packages/scipy/stats/_stats.cpython-312-x86_64-linux-gnu.so
728aef4b5000-728aef4b6000 rw-p 00000000 00:00 0 
728aef4b6000-728aef4bb000 r--p 00000000 fc:00 34868695                   /home/henriqueramos_qs/meta-learning-concept-drift/.venv/lib/python3.12/site-packages/scipy/interpolate/_rgi_cython.cpython-312-x86_64-linux-gnu.so
728aef4bb000-728aef4eb000 r-xp 00005000 fc:00 34868695                   /home/henriqueramos_qs/meta-learning-concept-drift/.venv/lib/python3.12/site-packages/scipy/interpolate/_rgi_cython.cpython-312-x86_64-linux-gnu.so
728aef4eb000-728aef4f3000 r--p 00035000 fc:00 34868695                   /home/henriqueramos_qs/meta-learning-concept-drift/.venv/lib/python3.12/site-packages/scipy/interpolate/_rgi_cython.cpython-312-x86_64-linux-gnu.so
728aef4f3000-728aef4f4000 ---p 0003d000 fc:00 34868695                   /home/henriqueramos_qs/meta-learning-concept-drift/.venv/lib/python3.12/site-packages/scipy/interpolate/_rgi_cython.cpython-312-x86_64-linux-gnu.so
728aef4f4000-728aef4f5000 r--p 0003d000 fc:00 34868695                   /home/henriqueramos_qs/meta-learning-concept-drift/.venv/lib/python3.12/site-packages/scipy/interpolate/_rgi_cython.cpython-312-x86_64-linux-gnu.so
728aef4f5000-728aef4f7000 rw-p 0003e000 fc:00 34868695                   /home/henriqueramos_qs/meta-learning-concept-drift/.venv/lib/python3.12/site-packages/scipy/interpolate/_rgi_cython.cpython-312-x86_64-linux-gnu.so
728aef4f7000-728aef4f8000 rw-p 00000000 00:00 0 
728aef4f8000-728aef4ff000 r--p 00000000 fc:00 34869102                   /home/henriqueramos_qs/meta-learning-concept-drift/.venv/lib/python3.12/site-packages/scipy/spatial/_qhull.cpython-312-x86_64-linux-gnu.so
728aef4ff000-728aef5c2000 r-xp 00007000 fc:00 34869102                   /home/henriqueramos_qs/meta-learning-concept-drift/.venv/lib/python3.12/site-packages/scipy/spatial/_qhull.cpython-312-x86_64-linux-gnu.so
728aef5c2000-728aef5fa000 r--p 000ca000 fc:00 34869102                   /home/henriqueramos_qs/meta-learning-concept-drift/.venv/lib/python3.12/site-packages/scipy/spatial/_qhull.cpython-312-x86_64-linux-gnu.so
728aef5fa000-728aef5fb000 r--p 00101000 fc:00 34869102                   /home/henriqueramos_qs/meta-learning-concept-drift/.venv/lib/python3.12/site-packages/scipy/spatial/_qhull.cpython-312-x86_64-linux-gnu.so
728aef5fb000-728aef5fe000 rw-p 00102000 fc:00 34869102                   /home/henriqueramos_qs/meta-learning-concept-drift/.venv/lib/python3.12/site-packages/scipy/spatial/_qhull.cpython-312-x86_64-linux-gnu.so
728aef5fe000-728aef5ff000 rw-p 00000000 00:00 0 
728aef5ff000-728aef600000 ---p 00000000 00:00 0 
728aef600000-728aefe00000 rw-p 00000000 00:00 0 
728aefe00000-728af1e00000 rw-p 00000000 00:00 0 
728af1e01000-728af1e04000 r--p 00000000 fc:00 34869029                   /home/henriqueramos_qs/meta-learning-concept-drift/.venv/lib/python3.12/site-packages/scipy/signal/_spectral.cpython-312-x86_64-linux-gnu.so
728af1e04000-728af1e0c000 r-xp 00003000 fc:00 34869029                   /home/henriqueramos_qs/meta-learning-concept-drift/.venv/lib/python3.12/site-packages/scipy/signal/_spectral.cpython-312-x86_64-linux-gnu.so
728af1e0c000-728af1e0f000 r--p 0000b000 fc:00 34869029                   /home/henriqueramos_qs/meta-learning-concept-drift/.venv/lib/python3.12/site-packages/scipy/signal/_spectral.cpython-312-x86_64-linux-gnu.so
728af1e0f000-728af1e10000 r--p 0000d000 fc:00 34869029                   /home/henriqueramos_qs/meta-learning-concept-drift/.venv/lib/python3.12/site-packages/scipy/signal/_spectral.cpython-312-x86_64-linux-gnu.so
728af1e10000-728af1e11000 rw-p 0000e000 fc:00 34869029                   /home/henriqueramos_qs/meta-learning-concept-drift/.venv/lib/python3.12/site-packages/scipy/signal/_spectral.cpython-312-x86_64-linux-gnu.so
728af1e11000-728af1e13000 r--p 00000000 fc:00 34869499                   /home/henriqueramos_qs/meta-learning-concept-drift/.venv/lib/python3.12/site-packages/scipy/ndimage/_nd_image.cpython-312-x86_64-linux-gnu.so
728af1e13000-728af1e2e000 r-xp 00002000 fc:00 34869499                   /home/henriqueramos_qs/meta-learning-concept-drift/.venv/lib/python3.12/site-packages/scipy/ndimage/_nd_image.cpython-312-x86_64-linux-gnu.so
728af1e2e000-728af1e32000 r--p 0001d000 fc:00 34869499                   /home/henriqueramos_qs/meta-learning-concept-drift/.venv/lib/python3.12/site-packages/scipy/ndimage/_nd_image.cpython-312-x86_64-linux-gnu.so
728af1e32000-728af1e33000 r--p 00020000 fc:00 34869499                   /home/henriqueramos_qs/meta-learning-concept-drift/.venv/lib/python3.12/site-packages/scipy/ndimage/_nd_image.cpython-312-x86_64-linux-gnu.so
728af1e33000-728af1e34000 rw-p 00021000 fc:00 34869499                   /home/henriqueramos_qs/meta-learning-concept-drift/.venv/lib/python3.12/site-packages/scipy/ndimage/_nd_image.cpython-312-x86_64-linux-gnu.so
728af1e34000-728af1e3a000 r--p 00000000 fc:00 34868680                   /home/henriqueramos_qs/meta-learning-concept-drift/.venv/lib/python3.12/site-packages/scipy/interpolate/interpnd.cpython-312-x86_64-linux-gnu.so
728af1e3a000-728af1e87000 r-xp 00006000 fc:00 34868680                   /home/henriqueramos_qs/meta-learning-concept-drift/.venv/lib/python3.12/site-packages/scipy/interpolate/interpnd.cpython-312-x86_64-linux-gnu.so
728af1e87000-728af1e93000 r--p 00053000 fc:00 34868680                   /home/henriqueramos_qs/meta-learning-concept-drift/.venv/lib/python3.12/site-packages/scipy/interpolate/interpnd.cpython-312-x86_64-linux-gnu.so
728af1e93000-728af1e94000 r--p 0005e000 fc:00 34868680                   /home/henriqueramos_qs/meta-learning-concept-drift/.venv/lib/python3.12/site-packages/scipy/interpolate/interpnd.cpython-312-x86_64-linux-gnu.so
728af1e94000-728af1e97000 rw-p 0005f000 fc:00 34868680                   /home/henriqueramos_qs/meta-learning-concept-drift/.venv/lib/python3.12/site-packages/scipy/interpolate/interpnd.cpython-312-x86_64-linux-gnu.so
728af1e97000-728af1e9c000 r--p 00000000 fc:00 34868685                   /home/henriqueramos_qs/meta-learning-concept-drift/.venv/lib/python3.12/site-packages/scipy/interpolate/_ppoly.cpython-312-x86_64-linux-gnu.so
728af1e9c000-728af1ef0000 r-xp 00005000 fc:00 34868685                   /home/henriqueramos_qs/meta-learning-concept-drift/.venv/lib/python3.12/site-packages/scipy/interpolate/_ppoly.cpython-312-x86_64-linux-gnu.so
728af1ef0000-728af1efb000 r--p 00059000 fc:00 34868685                   /home/henriqueramos_qs/meta-learning-concept-drift/.venv/lib/python3.12/site-packages/scipy/interpolate/_ppoly.cpython-312-x86_64-linux-gnu.so
728af1efb000-728af1efc000 r--p 00063000 fc:00 34868685                   /home/henriqueramos_qs/meta-learning-concept-drift/.venv/lib/python3.12/site-packages/scipy/interpolate/_ppoly.cpython-312-x86_64-linux-gnu.so
728af1efc000-728af1efe000 rw-p 00064000 fc:00 34868685                   /home/henriqueramos_qs/meta-learning-concept-drift/.venv/lib/python3.12/site-packages/scipy/interpolate/_ppoly.cpython-312-x86_64-linux-gnu.so
728af1efe000-728af1fff000 rw-p 00000000 00:00 0 
728af1fff000-728af2000000 ---p 00000000 00:00 0 
728af2000000-728af2800000 rw-p 00000000 00:00 0 
728af2800000-728af4800000 rw-p 00000000 00:00 0 
728af4801000-728af4805000 r--p 00000000 fc:00 35400486                   /home/henriqueramos_qs/meta-learning-concept-drift/.venv/lib/python3.12/site-packages/sklearn/utils/murmurhash.cpython-312-x86_64-linux-gnu.so
728af4805000-728af4818000 r-xp 00004000 fc:00 35400486                   /home/henriqueramos_qs/meta-learning-concept-drift/.venv/lib/python3.12/site-packages/sklearn/utils/murmurhash.cpython-312-x86_64-linux-gnu.so
728af4818000-728af481e000 r--p 00017000 fc:00 35400486                   /home/henriqueramos_qs/meta-learning-concept-drift/.venv/lib/python3.12/site-packages/sklearn/utils/murmurhash.cpython-312-x86_64-linux-gnu.so
728af481e000-728af481f000 r--p 0001c000 fc:00 35400486                   /home/henriqueramos_qs/meta-learning-concept-drift/.venv/lib/python3.12/site-packages/sklearn/utils/murmurhash.cpython-312-x86_64-linux-gnu.so
728af481f000-728af4820000 rw-p 0001d000 fc:00 35400486                   /home/henriqueramos_qs/meta-learning-concept-drift/.venv/lib/python3.12/site-packages/sklearn/utils/murmurhash.cpython-312-x86_64-linux-gnu.so
728af4820000-728af4826000 r--p 00000000 fc:00 34868706                   /home/henriqueramos_qs/meta-learning-concept-drift/.venv/lib/python3.12/site-packages/scipy/interpolate/_bspl.cpython-312-x86_64-linux-gnu.so
728af4826000-728af4897000 r-xp 00006000 fc:00 34868706                   /home/henriqueramos_qs/meta-learning-concept-drift/.venv/lib/python3.12/site-packages/scipy/interpolate/_bspl.cpython-312-x86_64-linux-gnu.so
728af4897000-728af48a7000 r--p 00077000 fc:00 34868706                   /home/henriqueramos_qs/meta-learning-concept-drift/.venv/lib/python3.12/site-packages/scipy/interpolate/_bspl.cpython-312-x86_64-linux-gnu.so
728af48a7000-728af48a8000 r--p 00086000 fc:00 34868706                   /home/henriqueramos_qs/meta-learning-concept-drift/.venv/lib/python3.12/site-packages/scipy/interpolate/_bspl.cpython-312-x86_64-linux-gnu.so
728af48a8000-728af48ab000 rw-p 00087000 fc:00 34868706                   /home/henriqueramos_qs/meta-learning-concept-drift/.venv/lib/python3.12/site-packages/scipy/interpolate/_bspl.cpython-312-x86_64-linux-gnu.so
728af48ab000-728af48ac000 rw-p 00000000 00:00 0 
728af48ac000-728af48b0000 r--p 00000000 fc:00 34868696                   /home/henriqueramos_qs/meta-learning-concept-drift/.venv/lib/python3.12/site-packages/scipy/interpolate/_dfitpack.cpython-312-x86_64-linux-gnu.so
728af48b0000-728af48e6000 r-xp 00004000 fc:00 34868696                   /home/henriqueramos_qs/meta-learning-concept-drift/.venv/lib/python3.12/site-packages/scipy/interpolate/_dfitpack.cpython-312-x86_64-linux-gnu.so
728af48e6000-728af48f2000 r--p 0003a000 fc:00 34868696                   /home/henriqueramos_qs/meta-learning-concept-drift/.venv/lib/python3.12/site-packages/scipy/interpolate/_dfitpack.cpython-312-x86_64-linux-gnu.so
728af48f2000-728af48f3000 ---p 00046000 fc:00 34868696                   /home/henriqueramos_qs/meta-learning-concept-drift/.venv/lib/python3.12/site-packages/scipy/interpolate/_dfitpack.cpython-312-x86_64-linux-gnu.so
728af48f3000-728af48f4000 r--p 00046000 fc:00 34868696                   /home/henriqueramos_qs/meta-learning-concept-drift/.venv/lib/python3.12/site-packages/scipy/interpolate/_dfitpack.cpython-312-x86_64-linux-gnu.so
728af48f4000-728af48fc000 rw-p 00047000 fc:00 34868696                   /home/henriqueramos_qs/meta-learning-concept-drift/.venv/lib/python3.12/site-packages/scipy/interpolate/_dfitpack.cpython-312-x86_64-linux-gnu.so
728af48fc000-728af48ff000 rw-p 00052000 fc:00 34868696                   /home/henriqueramos_qs/meta-learning-concept-drift/.venv/lib/python3.12/site-packages/scipy/interpolate/_dfitpack.cpython-312-x86_64-linux-gnu.so
728af48ff000-728af49ff000 rw-p 00000000 00:00 0 
728af49ff000-728af4a00000 ---p 00000000 00:00 0 
728af4a00000-728af5200000 rw-p 00000000 00:00 0 
728af5200000-728af7200000 rw-p 00000000 00:00 0 
728af720b000-728af720f000 r--p 00000000 fc:00 34868433                   /home/henriqueramos_qs/meta-learning-concept-drift/.venv/lib/python3.12/site-packages/scipy/_lib/_uarray/_uarray.cpython-312-x86_64-linux-gnu.so
728af720f000-728af7221000 r-xp 00004000 fc:00 34868433                   /home/henriqueramos_qs/meta-learning-concept-drift/.venv/lib/python3.12/site-packages/scipy/_lib/_uarray/_uarray.cpython-312-x86_64-linux-gnu.so
728af7221000-728af7227000 r--p 00016000 fc:00 34868433                   /home/henriqueramos_qs/meta-learning-concept-drift/.venv/lib/python3.12/site-packages/scipy/_lib/_uarray/_uarray.cpython-312-x86_64-linux-gnu.so
728af7227000-728af7228000 r--p 0001b000 fc:00 34868433                   /home/henriqueramos_qs/meta-learning-concept-drift/.venv/lib/python3.12/site-packages/scipy/_lib/_uarray/_uarray.cpython-312-x86_64-linux-gnu.so
728af7228000-728af7229000 rw-p 0001c000 fc:00 34868433                   /home/henriqueramos_qs/meta-learning-concept-drift/.venv/lib/python3.12/site-packages/scipy/_lib/_uarray/_uarray.cpython-312-x86_64-linux-gnu.so
728af7229000-728af7245000 r--p 00000000 fc:00 34868847                   /home/henriqueramos_qs/meta-learning-concept-drift/.venv/lib/python3.12/site-packages/scipy/integrate/_lsoda.cpython-312-x86_64-linux-gnu.so
728af7245000-728af7260000 r-xp 0001c000 fc:00 34868847                   /home/henriqueramos_qs/meta-learning-concept-drift/.venv/lib/python3.12/site-packages/scipy/integrate/_lsoda.cpython-312-x86_64-linux-gnu.so
728af7260000-728af726f000 r--p 00037000 fc:00 34868847                   /home/henriqueramos_qs/meta-learning-concept-drift/.venv/lib/python3.12/site-packages/scipy/integrate/_lsoda.cpython-312-x86_64-linux-gnu.so
728af726f000-728af7270000 ---p 00046000 fc:00 34868847                   /home/henriqueramos_qs/meta-learning-concept-drift/.venv/lib/python3.12/site-packages/scipy/integrate/_lsoda.cpython-312-x86_64-linux-gnu.so
728af7270000-728af7271000 r--p 00046000 fc:00 34868847                   /home/henriqueramos_qs/meta-learning-concept-drift/.venv/lib/python3.12/site-packages/scipy/integrate/_lsoda.cpython-312-x86_64-linux-gnu.so
728af7271000-728af7276000 rw-p 00047000 fc:00 34868847                   /home/henriqueramos_qs/meta-learning-concept-drift/.venv/lib/python3.12/site-packages/scipy/integrate/_lsoda.cpython-312-x86_64-linux-gnu.so
728af7276000-728af728e000 rw-p 00067000 fc:00 34868847                   /home/henriqueramos_qs/meta-learning-concept-drift/.venv/lib/python3.12/site-packages/scipy/integrate/_lsoda.cpython-312-x86_64-linux-gnu.so
728af728e000-728af7293000 r--p 00000000 fc:00 34868549                   /home/henriqueramos_qs/meta-learning-concept-drift/.venv/lib/python3.12/site-packages/scipy/special/_ufuncs_cxx.cpython-312-x86_64-linux-gnu.so
728af7293000-728af73d5000 r-xp 00005000 fc:00 34868549                   /home/henriqueramos_qs/meta-learning-concept-drift/.venv/lib/python3.12/site-packages/scipy/special/_ufuncs_cxx.cpython-312-x86_64-linux-gnu.so
728af73d5000-728af73fc000 r--p 00147000 fc:00 34868549                   /home/henriqueramos_qs/meta-learning-concept-drift/.venv/lib/python3.12/site-packages/scipy/special/_ufuncs_cxx.cpython-312-x86_64-linux-gnu.so
728af73fc000-728af73fd000 r--p 0016d000 fc:00 34868549                   /home/henriqueramos_qs/meta-learning-concept-drift/.venv/lib/python3.12/site-packages/scipy/special/_ufuncs_cxx.cpython-312-x86_64-linux-gnu.so
728af73fd000-728af73fe000 rw-p 0016e000 fc:00 34868549                   /home/henriqueramos_qs/meta-learning-concept-drift/.venv/lib/python3.12/site-packages/scipy/special/_ufuncs_cxx.cpython-312-x86_64-linux-gnu.so
728af73fe000-728af73ff000 rw-p 00000000 00:00 0 
728af73ff000-728af7400000 ---p 00000000 00:00 0 
728af7400000-728af7c00000 rw-p 00000000 00:00 0 
728af7c00000-728af9c00000 rw-p 00000000 00:00 0 
728af9c00000-728af9c03000 r--p 00000000 08:05 8922095                    /usr/lib/jvm/java-21-openjdk-amd64/lib/libnet.so
728af9c03000-728af9c0b000 r-xp 00003000 08:05 8922095                    /usr/lib/jvm/java-21-openjdk-amd64/lib/libnet.so
728af9c0b000-728af9c0d000 r--p 0000b000 08:05 8922095                    /usr/lib/jvm/java-21-openjdk-amd64/lib/libnet.so
728af9c0d000-728af9c0e000 r--p 0000c000 08:05 8922095                    /usr/lib/jvm/java-21-openjdk-amd64/lib/libnet.so
728af9c0e000-728af9c0f000 rw-p 0000d000 08:05 8922095                    /usr/lib/jvm/java-21-openjdk-amd64/lib/libnet.so
728af9c0f000-728af9c2b000 r--p 00000000 fc:00 34868845                   /home/henriqueramos_qs/meta-learning-concept-drift/.venv/lib/python3.12/site-packages/scipy/integrate/_vode.cpython-312-x86_64-linux-gnu.so
728af9c2b000-728af9c50000 r-xp 0001c000 fc:00 34868845                   /home/henriqueramos_qs/meta-learning-concept-drift/.venv/lib/python3.12/site-packages/scipy/integrate/_vode.cpython-312-x86_64-linux-gnu.so
728af9c50000-728af9c61000 r--p 00041000 fc:00 34868845                   /home/henriqueramos_qs/meta-learning-concept-drift/.venv/lib/python3.12/site-packages/scipy/integrate/_vode.cpython-312-x86_64-linux-gnu.so
728af9c61000-728af9c62000 r--p 00051000 fc:00 34868845                   /home/henriqueramos_qs/meta-learning-concept-drift/.venv/lib/python3.12/site-packages/scipy/integrate/_vode.cpython-312-x86_64-linux-gnu.so
728af9c62000-728af9c67000 rw-p 00052000 fc:00 34868845                   /home/henriqueramos_qs/meta-learning-concept-drift/.venv/lib/python3.12/site-packages/scipy/integrate/_vode.cpython-312-x86_64-linux-gnu.so
728af9c67000-728af9c7f000 rw-p 00073000 fc:00 34868845                   /home/henriqueramos_qs/meta-learning-concept-drift/.venv/lib/python3.12/site-packages/scipy/integrate/_vode.cpython-312-x86_64-linux-gnu.so
728af9c7f000-728af9c85000 r--p 00000000 fc:00 34868546                   /home/henriqueramos_qs/meta-learning-concept-drift/.venv/lib/python3.12/site-packages/scipy/special/_ufuncs.cpython-312-x86_64-linux-gnu.so
728af9c85000-728af9d8f000 r-xp 00006000 fc:00 34868546                   /home/henriqueramos_qs/meta-learning-concept-drift/.venv/lib/python3.12/site-packages/scipy/special/_ufuncs.cpython-312-x86_64-linux-gnu.so
728af9d8f000-728af9df0000 r--p 00110000 fc:00 34868546                   /home/henriqueramos_qs/meta-learning-concept-drift/.venv/lib/python3.12/site-packages/scipy/special/_ufuncs.cpython-312-x86_64-linux-gnu.so
728af9df0000-728af9df1000 r--p 00170000 fc:00 34868546                   /home/henriqueramos_qs/meta-learning-concept-drift/.venv/lib/python3.12/site-packages/scipy/special/_ufuncs.cpython-312-x86_64-linux-gnu.so
728af9df1000-728af9df2000 rw-p 00171000 fc:00 34868546                   /home/henriqueramos_qs/meta-learning-concept-drift/.venv/lib/python3.12/site-packages/scipy/special/_ufuncs.cpython-312-x86_64-linux-gnu.so
728af9df2000-728af9dfa000 rw-p 00000000 00:00 0 
728af9dfa000-728af9dff000 rw-p 0019c000 fc:00 34868546                   /home/henriqueramos_qs/meta-learning-concept-drift/.venv/lib/python3.12/site-packages/scipy/special/_ufuncs.cpython-312-x86_64-linux-gnu.so
728af9dff000-728af9e00000 ---p 00000000 00:00 0 
728af9e00000-728afa600000 rw-p 00000000 00:00 0 
728afa600000-728afc600000 rw-p 00000000 00:00 0 
728afc603000-728afc607000 r--p 00000000 fc:00 35400435                   /home/henriqueramos_qs/meta-learning-concept-drift/.venv/lib/python3.12/site-packages/sklearn/utils/_isfinite.cpython-312-x86_64-linux-gnu.so
728afc607000-728afc615000 r-xp 00004000 fc:00 35400435                   /home/henriqueramos_qs/meta-learning-concept-drift/.venv/lib/python3.12/site-packages/sklearn/utils/_isfinite.cpython-312-x86_64-linux-gnu.so
728afc615000-728afc619000 r--p 00012000 fc:00 35400435                   /home/henriqueramos_qs/meta-learning-concept-drift/.venv/lib/python3.12/site-packages/sklearn/utils/_isfinite.cpython-312-x86_64-linux-gnu.so
728afc619000-728afc61a000 ---p 00016000 fc:00 35400435                   /home/henriqueramos_qs/meta-learning-concept-drift/.venv/lib/python3.12/site-packages/sklearn/utils/_isfinite.cpython-312-x86_64-linux-gnu.so
728afc61a000-728afc61b000 r--p 00016000 fc:00 35400435                   /home/henriqueramos_qs/meta-learning-concept-drift/.venv/lib/python3.12/site-packages/sklearn/utils/_isfinite.cpython-312-x86_64-linux-gnu.so
728afc61b000-728afc61c000 rw-p 00017000 fc:00 35400435                   /home/henriqueramos_qs/meta-learning-concept-drift/.venv/lib/python3.12/site-packages/sklearn/utils/_isfinite.cpython-312-x86_64-linux-gnu.so
728afc61c000-728afc61d000 rw-p 00000000 00:00 0 
728afc61d000-728afc620000 r--p 00000000 fc:00 34868896                   /home/henriqueramos_qs/meta-learning-concept-drift/.venv/lib/python3.12/site-packages/scipy/stats/_stats_pythran.cpython-312-x86_64-linux-gnu.so
728afc620000-728afc636000 r-xp 00003000 fc:00 34868896                   /home/henriqueramos_qs/meta-learning-concept-drift/.venv/lib/python3.12/site-packages/scipy/stats/_stats_pythran.cpython-312-x86_64-linux-gnu.so
728afc636000-728afc63b000 r--p 00019000 fc:00 34868896                   /home/henriqueramos_qs/meta-learning-concept-drift/.venv/lib/python3.12/site-packages/scipy/stats/_stats_pythran.cpython-312-x86_64-linux-gnu.so
728afc63b000-728afc63c000 r--p 0001d000 fc:00 34868896                   /home/henriqueramos_qs/meta-learning-concept-drift/.venv/lib/python3.12/site-packages/scipy/stats/_stats_pythran.cpython-312-x86_64-linux-gnu.so
728afc63c000-728afc63d000 rw-p 0001e000 fc:00 34868896                   /home/henriqueramos_qs/meta-learning-concept-drift/.venv/lib/python3.12/site-packages/scipy/stats/_stats_pythran.cpython-312-x86_64-linux-gnu.so
728afc63d000-728afc658000 r--p 00000000 fc:00 34868851                   /home/henriqueramos_qs/meta-learning-concept-drift/.venv/lib/python3.12/site-packages/scipy/integrate/_quadpack.cpython-312-x86_64-linux-gnu.so
728afc658000-728afc678000 r-xp 0001b000 fc:00 34868851                   /home/henriqueramos_qs/meta-learning-concept-drift/.venv/lib/python3.12/site-packages/scipy/integrate/_quadpack.cpython-312-x86_64-linux-gnu.so
728afc678000-728afc686000 r--p 0003b000 fc:00 34868851                   /home/henriqueramos_qs/meta-learning-concept-drift/.venv/lib/python3.12/site-packages/scipy/integrate/_quadpack.cpython-312-x86_64-linux-gnu.so
728afc686000-728afc687000 r--p 00048000 fc:00 34868851                   /home/henriqueramos_qs/meta-learning-concept-drift/.venv/lib/python3.12/site-packages/scipy/integrate/_quadpack.cpython-312-x86_64-linux-gnu.so
728afc687000-728afc68b000 rw-p 00049000 fc:00 34868851                   /home/henriqueramos_qs/meta-learning-concept-drift/.venv/lib/python3.12/site-packages/scipy/integrate/_quadpack.cpython-312-x86_64-linux-gnu.so
728afc68b000-728afc6a2000 rw-p 00068000 fc:00 34868851                   /home/henriqueramos_qs/meta-learning-concept-drift/.venv/lib/python3.12/site-packages/scipy/integrate/_quadpack.cpython-312-x86_64-linux-gnu.so
728afc6a2000-728afc6bd000 r--p 00000000 fc:00 34868855                   /home/henriqueramos_qs/meta-learning-concept-drift/.venv/lib/python3.12/site-packages/scipy/integrate/_odepack.cpython-312-x86_64-linux-gnu.so
728afc6bd000-728afc6d5000 r-xp 0001b000 fc:00 34868855                   /home/henriqueramos_qs/meta-learning-concept-drift/.venv/lib/python3.12/site-packages/scipy/integrate/_odepack.cpython-312-x86_64-linux-gnu.so
728afc6d5000-728afc6e3000 r--p 00033000 fc:00 34868855                   /home/henriqueramos_qs/meta-learning-concept-drift/.venv/lib/python3.12/site-packages/scipy/integrate/_odepack.cpython-312-x86_64-linux-gnu.so
728afc6e3000-728afc6e4000 r--p 00040000 fc:00 34868855                   /home/henriqueramos_qs/meta-learning-concept-drift/.venv/lib/python3.12/site-packages/scipy/integrate/_odepack.cpython-312-x86_64-linux-gnu.so
728afc6e4000-728afc6e8000 rw-p 00041000 fc:00 34868855                   /home/henriqueramos_qs/meta-learning-concept-drift/.venv/lib/python3.12/site-packages/scipy/integrate/_odepack.cpython-312-x86_64-linux-gnu.so
728afc6e8000-728afc6e9000 rw-p 00000000 00:00 0 
728afc6e9000-728afc6ff000 rw-p 0005f000 fc:00 34868855                   /home/henriqueramos_qs/meta-learning-concept-drift/.venv/lib/python3.12/site-packages/scipy/integrate/_odepack.cpython-312-x86_64-linux-gnu.so
728afc6ff000-728afc7ff000 rw-p 00000000 00:00 0 
728afc7ff000-728afc800000 ---p 00000000 00:00 0 
728afc800000-728afd000000 rw-p 00000000 00:00 0 
728afd000000-728aff000000 rw-p 00000000 00:00 0 
728aff000000-728aff003000 r--p 00000000 fc:00 35400470                   /home/henriqueramos_qs/meta-learning-concept-drift/.venv/lib/python3.12/site-packages/sklearn/utils/_weight_vector.cpython-312-x86_64-linux-gnu.so
728aff003000-728aff00d000 r-xp 00003000 fc:00 35400470                   /home/henriqueramos_qs/meta-learning-concept-drift/.venv/lib/python3.12/site-packages/sklearn/utils/_weight_vector.cpython-312-x86_64-linux-gnu.so
728aff00d000-728aff011000 r--p 0000d000 fc:00 35400470                   /home/henriqueramos_qs/meta-learning-concept-drift/.venv/lib/python3.12/site-packages/sklearn/utils/_weight_vector.cpython-312-x86_64-linux-gnu.so
728aff011000-728aff012000 ---p 00011000 fc:00 35400470                   /home/henriqueramos_qs/meta-learning-concept-drift/.venv/lib/python3.12/site-packages/sklearn/utils/_weight_vector.cpython-312-x86_64-linux-gnu.so
728aff012000-728aff013000 r--p 00011000 fc:00 35400470                   /home/henriqueramos_qs/meta-learning-concept-drift/.venv/lib/python3.12/site-packages/sklearn/utils/_weight_vector.cpython-312-x86_64-linux-gnu.so
728aff013000-728aff014000 rw-p 00012000 fc:00 35400470                   /home/henriqueramos_qs/meta-learning-concept-drift/.venv/lib/python3.12/site-packages/sklearn/utils/_weight_vector.cpython-312-x86_64-linux-gnu.so
728aff014000-728aff018000 r--p 00000000 fc:00 34868688                   /home/henriqueramos_qs/meta-learning-concept-drift/.venv/lib/python3.12/site-packages/scipy/interpolate/_rbfinterp_pythran.cpython-312-x86_64-linux-gnu.so
728aff018000-728aff043000 r-xp 00004000 fc:00 34868688                   /home/henriqueramos_qs/meta-learning-concept-drift/.venv/lib/python3.12/site-packages/scipy/interpolate/_rbfinterp_pythran.cpython-312-x86_64-linux-gnu.so
728aff043000-728aff049000 r--p 0002f000 fc:00 34868688                   /home/henriqueramos_qs/meta-learning-concept-drift/.venv/lib/python3.12/site-packages/scipy/interpolate/_rbfinterp_pythran.cpython-312-x86_64-linux-gnu.so
728aff049000-728aff04a000 r--p 00034000 fc:00 34868688                   /home/henriqueramos_qs/meta-learning-concept-drift/.venv/lib/python3.12/site-packages/scipy/interpolate/_rbfinterp_pythran.cpython-312-x86_64-linux-gnu.so
728aff04a000-728aff04b000 rw-p 00035000 fc:00 34868688                   /home/henriqueramos_qs/meta-learning-concept-drift/.venv/lib/python3.12/site-packages/scipy/interpolate/_rbfinterp_pythran.cpython-312-x86_64-linux-gnu.so
728aff04b000-728aff06a000 r--p 00000000 fc:00 34868741                   /home/henriqueramos_qs/meta-learning-concept-drift/.venv/lib/python3.12/site-packages/scipy/linalg/_interpolative.cpython-312-x86_64-linux-gnu.so
728aff06a000-728aff0b4000 r-xp 0001f000 fc:00 34868741                   /home/henriqueramos_qs/meta-learning-concept-drift/.venv/lib/python3.12/site-packages/scipy/linalg/_interpolative.cpython-312-x86_64-linux-gnu.so
728aff0b4000-728aff0d3000 r--p 00069000 fc:00 34868741                   /home/henriqueramos_qs/meta-learning-concept-drift/.venv/lib/python3.12/site-packages/scipy/linalg/_interpolative.cpython-312-x86_64-linux-gnu.so
728aff0d3000-728aff0d4000 r--p 00087000 fc:00 34868741                   /home/henriqueramos_qs/meta-learning-concept-drift/.venv/lib/python3.12/site-packages/scipy/linalg/_interpolative.cpython-312-x86_64-linux-gnu.so
728aff0d4000-728aff0e7000 rw-p 00088000 fc:00 34868741                   /home/henriqueramos_qs/meta-learning-concept-drift/.venv/lib/python3.12/site-packages/scipy/linalg/_interpolative.cpython-312-x86_64-linux-gnu.so
728aff0e7000-728aff0ff000 rw-p 000bb000 fc:00 34868741                   /home/henriqueramos_qs/meta-learning-concept-drift/.venv/lib/python3.12/site-packages/scipy/linalg/_interpolative.cpython-312-x86_64-linux-gnu.so
728aff0ff000-728aff1ff000 rw-p 00000000 00:00 0 
728aff1ff000-728aff200000 ---p 00000000 00:00 0 
728aff200000-728affa00000 rw-p 00000000 00:00 0 
728affa00000-728b01a00000 rw-p 00000000 00:00 0 
728b01a05000-728b01a08000 r--p 00000000 fc:00 35400441                   /home/henriqueramos_qs/meta-learning-concept-drift/.venv/lib/python3.12/site-packages/sklearn/utils/_openmp_helpers.cpython-312-x86_64-linux-gnu.so
728b01a08000-728b01a0f000 r-xp 00003000 fc:00 35400441                   /home/henriqueramos_qs/meta-learning-concept-drift/.venv/lib/python3.12/site-packages/sklearn/utils/_openmp_helpers.cpython-312-x86_64-linux-gnu.so
728b01a0f000-728b01a11000 r--p 0000a000 fc:00 35400441                   /home/henriqueramos_qs/meta-learning-concept-drift/.venv/lib/python3.12/site-packages/sklearn/utils/_openmp_helpers.cpython-312-x86_64-linux-gnu.so
728b01a11000-728b01a12000 ---p 0000c000 fc:00 35400441                   /home/henriqueramos_qs/meta-learning-concept-drift/.venv/lib/python3.12/site-packages/sklearn/utils/_openmp_helpers.cpython-312-x86_64-linux-gnu.so
728b01a12000-728b01a13000 r--p 0000c000 fc:00 35400441                   /home/henriqueramos_qs/meta-learning-concept-drift/.venv/lib/python3.12/site-packages/sklearn/utils/_openmp_helpers.cpython-312-x86_64-linux-gnu.so
728b01a13000-728b01a14000 rw-p 0000d000 fc:00 35400441                   /home/henriqueramos_qs/meta-learning-concept-drift/.venv/lib/python3.12/site-packages/sklearn/utils/_openmp_helpers.cpython-312-x86_64-linux-gnu.so
728b01a14000-728b01a17000 rw-p 00012000 fc:00 35400441                   /home/henriqueramos_qs/meta-learning-concept-drift/.venv/lib/python3.12/site-packages/sklearn/utils/_openmp_helpers.cpython-312-x86_64-linux-gnu.so
728b01a17000-728b01a1d000 r--p 00000000 fc:00 34868219                   /home/henriqueramos_qs/meta-learning-concept-drift/.venv/lib/python3.12/site-packages/scipy/optimize/_bglu_dense.cpython-312-x86_64-linux-gnu.so
728b01a1d000-728b01a56000 r-xp 00006000 fc:00 34868219                   /home/henriqueramos_qs/meta-learning-concept-drift/.venv/lib/python3.12/site-packages/scipy/optimize/_bglu_dense.cpython-312-x86_64-linux-gnu.so
728b01a56000-728b01a60000 r--p 0003f000 fc:00 34868219                   /home/henriqueramos_qs/meta-learning-concept-drift/.venv/lib/python3.12/site-packages/scipy/optimize/_bglu_dense.cpython-312-x86_64-linux-gnu.so
728b01a60000-728b01a61000 ---p 00049000 fc:00 34868219                   /home/henriqueramos_qs/meta-learning-concept-drift/.venv/lib/python3.12/site-packages/scipy/optimize/_bglu_dense.cpython-312-x86_64-linux-gnu.so
728b01a61000-728b01a62000 r--p 00049000 fc:00 34868219                   /home/henriqueramos_qs/meta-learning-concept-drift/.venv/lib/python3.12/site-packages/scipy/optimize/_bglu_dense.cpython-312-x86_64-linux-gnu.so
728b01a62000-728b01a65000 rw-p 0004a000 fc:00 34868219                   /home/henriqueramos_qs/meta-learning-concept-drift/.venv/lib/python3.12/site-packages/scipy/optimize/_bglu_dense.cpython-312-x86_64-linux-gnu.so
728b01a65000-728b01a66000 rw-p 00000000 00:00 0 
728b01a66000-728b01a6b000 r--p 00000000 fc:00 34868366                   /home/henriqueramos_qs/meta-learning-concept-drift/.venv/lib/python3.12/site-packages/scipy/optimize/_lsq/givens_elimination.cpython-312-x86_64-linux-gnu.so
728b01a6b000-728b01a8d000 r-xp 00005000 fc:00 34868366                   /home/henriqueramos_qs/meta-learning-concept-drift/.venv/lib/python3.12/site-packages/scipy/optimize/_lsq/givens_elimination.cpython-312-x86_64-linux-gnu.so
728b01a8d000-728b01a94000 r--p 00027000 fc:00 34868366                   /home/henriqueramos_qs/meta-learning-concept-drift/.venv/lib/python3.12/site-packages/scipy/optimize/_lsq/givens_elimination.cpython-312-x86_64-linux-gnu.so
728b01a94000-728b01a95000 r--p 0002d000 fc:00 34868366                   /home/henriqueramos_qs/meta-learning-concept-drift/.venv/lib/python3.12/site-packages/scipy/optimize/_lsq/givens_elimination.cpython-312-x86_64-linux-gnu.so
728b01a95000-728b01a97000 rw-p 0002e000 fc:00 34868366                   /home/henriqueramos_qs/meta-learning-concept-drift/.venv/lib/python3.12/site-packages/scipy/optimize/_lsq/givens_elimination.cpython-312-x86_64-linux-gnu.so
728b01a97000-728b01ab3000 r--p 00000000 fc:00 34868261                   /home/henriqueramos_qs/meta-learning-concept-drift/.venv/lib/python3.12/site-packages/scipy/optimize/_lbfgsb.cpython-312-x86_64-linux-gnu.so
728b01ab3000-728b01ad1000 r-xp 0001c000 fc:00 34868261                   /home/henriqueramos_qs/meta-learning-concept-drift/.venv/lib/python3.12/site-packages/scipy/optimize/_lbfgsb.cpython-312-x86_64-linux-gnu.so
728b01ad1000-728b01ae1000 r--p 0003a000 fc:00 34868261                   /home/henriqueramos_qs/meta-learning-concept-drift/.venv/lib/python3.12/site-packages/scipy/optimize/_lbfgsb.cpython-312-x86_64-linux-gnu.so
728b01ae1000-728b01ae2000 r--p 00049000 fc:00 34868261                   /home/henriqueramos_qs/meta-learning-concept-drift/.venv/lib/python3.12/site-packages/scipy/optimize/_lbfgsb.cpython-312-x86_64-linux-gnu.so
728b01ae2000-728b01ae7000 rw-p 0004a000 fc:00 34868261                   /home/henriqueramos_qs/meta-learning-concept-drift/.venv/lib/python3.12/site-packages/scipy/optimize/_lbfgsb.cpython-312-x86_64-linux-gnu.so
728b01ae7000-728b01aff000 rw-p 0006a000 fc:00 34868261                   /home/henriqueramos_qs/meta-learning-concept-drift/.venv/lib/python3.12/site-packages/scipy/optimize/_lbfgsb.cpython-312-x86_64-linux-gnu.so
728b01aff000-728b01bff000 rw-p 00000000 00:00 0 
728b01bff000-728b01c00000 ---p 00000000 00:00 0 
728b01c00000-728b02400000 rw-p 00000000 00:00 0 
728b02400000-728b06400000 rw-p 00000000 00:00 0 
728b06406000-728b06407000 r--p 00000000 fc:00 34868690                   /home/henriqueramos_qs/meta-learning-concept-drift/.venv/lib/python3.12/site-packages/scipy/interpolate/_fitpack.cpython-312-x86_64-linux-gnu.so
728b06407000-728b06417000 r-xp 00001000 fc:00 34868690                   /home/henriqueramos_qs/meta-learning-concept-drift/.venv/lib/python3.12/site-packages/scipy/interpolate/_fitpack.cpython-312-x86_64-linux-gnu.so
728b06417000-728b06419000 r--p 00011000 fc:00 34868690                   /home/henriqueramos_qs/meta-learning-concept-drift/.venv/lib/python3.12/site-packages/scipy/interpolate/_fitpack.cpython-312-x86_64-linux-gnu.so
728b06419000-728b0641a000 r--p 00012000 fc:00 34868690                   /home/henriqueramos_qs/meta-learning-concept-drift/.venv/lib/python3.12/site-packages/scipy/interpolate/_fitpack.cpython-312-x86_64-linux-gnu.so
728b0641a000-728b0641b000 rw-p 00013000 fc:00 34868690                   /home/henriqueramos_qs/meta-learning-concept-drift/.venv/lib/python3.12/site-packages/scipy/interpolate/_fitpack.cpython-312-x86_64-linux-gnu.so
728b0641b000-728b0641d000 rw-p 00015000 fc:00 34868690                   /home/henriqueramos_qs/meta-learning-concept-drift/.venv/lib/python3.12/site-packages/scipy/interpolate/_fitpack.cpython-312-x86_64-linux-gnu.so
728b0641d000-728b06424000 r--p 00000000 fc:00 34869170                   /home/henriqueramos_qs/meta-learning-concept-drift/.venv/lib/python3.12/site-packages/scipy/spatial/transform/_rotation.cpython-312-x86_64-linux-gnu.so
728b06424000-728b064c7000 r-xp 00007000 fc:00 34869170                   /home/henriqueramos_qs/meta-learning-concept-drift/.venv/lib/python3.12/site-packages/scipy/spatial/transform/_rotation.cpython-312-x86_64-linux-gnu.so
728b064c7000-728b064f9000 r--p 000aa000 fc:00 34869170                   /home/henriqueramos_qs/meta-learning-concept-drift/.venv/lib/python3.12/site-packages/scipy/spatial/transform/_rotation.cpython-312-x86_64-linux-gnu.so
728b064f9000-728b064fa000 r--p 000db000 fc:00 34869170                   /home/henriqueramos_qs/meta-learning-concept-drift/.venv/lib/python3.12/site-packages/scipy/spatial/transform/_rotation.cpython-312-x86_64-linux-gnu.so
728b064fa000-728b064fe000 rw-p 000dc000 fc:00 34869170                   /home/henriqueramos_qs/meta-learning-concept-drift/.venv/lib/python3.12/site-packages/scipy/spatial/transform/_rotation.cpython-312-x86_64-linux-gnu.so
728b064fe000-728b065ff000 rw-p 00000000 00:00 0 
728b065ff000-728b06600000 ---p 00000000 00:00 0 
728b06600000-728b06e00000 rw-p 00000000 00:00 0 
728b06e00000-728b08e00000 rw-p 00000000 00:00 0 
728b08e01000-728b08e03000 r--p 00000000 08:05 8922103                    /usr/lib/jvm/java-21-openjdk-amd64/lib/libzip.so
728b08e03000-728b08e08000 r-xp 00002000 08:05 8922103                    /usr/lib/jvm/java-21-openjdk-amd64/lib/libzip.so
728b08e08000-728b08e0a000 r--p 00007000 08:05 8922103                    /usr/lib/jvm/java-21-openjdk-amd64/lib/libzip.so
728b08e0a000-728b08e0b000 r--p 00008000 08:05 8922103                    /usr/lib/jvm/java-21-openjdk-amd64/lib/libzip.so
728b08e0b000-728b08e0c000 rw-p 00009000 08:05 8922103                    /usr/lib/jvm/java-21-openjdk-amd64/lib/libzip.so
728b08e0c000-728b08e0f000 r--p 00000000 fc:00 34868843                   /home/henriqueramos_qs/meta-learning-concept-drift/.venv/lib/python3.12/site-packages/scipy/integrate/_dop.cpython-312-x86_64-linux-gnu.so
728b08e0f000-728b08e1d000 r-xp 00003000 fc:00 34868843                   /home/henriqueramos_qs/meta-learning-concept-drift/.venv/lib/python3.12/site-packages/scipy/integrate/_dop.cpython-312-x86_64-linux-gnu.so
728b08e1d000-728b08e21000 r--p 00011000 fc:00 34868843                   /home/henriqueramos_qs/meta-learning-concept-drift/.venv/lib/python3.12/site-packages/scipy/integrate/_dop.cpython-312-x86_64-linux-gnu.so
728b08e21000-728b08e22000 r--p 00014000 fc:00 34868843                   /home/henriqueramos_qs/meta-learning-concept-drift/.venv/lib/python3.12/site-packages/scipy/integrate/_dop.cpython-312-x86_64-linux-gnu.so
728b08e22000-728b08e24000 rw-p 00015000 fc:00 34868843                   /home/henriqueramos_qs/meta-learning-concept-drift/.venv/lib/python3.12/site-packages/scipy/integrate/_dop.cpython-312-x86_64-linux-gnu.so
728b08e24000-728b08e27000 rw-p 0001a000 fc:00 34868843                   /home/henriqueramos_qs/meta-learning-concept-drift/.venv/lib/python3.12/site-packages/scipy/integrate/_dop.cpython-312-x86_64-linux-gnu.so
728b08e27000-728b08e2c000 r--p 00000000 fc:00 34868334                   /home/henriqueramos_qs/meta-learning-concept-drift/.venv/lib/python3.12/site-packages/scipy/optimize/_trlib/_trlib.cpython-312-x86_64-linux-gnu.so
728b08e2c000-728b08e6b000 r-xp 00005000 fc:00 34868334                   /home/henriqueramos_qs/meta-learning-concept-drift/.venv/lib/python3.12/site-packages/scipy/optimize/_trlib/_trlib.cpython-312-x86_64-linux-gnu.so
728b08e6b000-728b08e75000 r--p 00044000 fc:00 34868334                   /home/henriqueramos_qs/meta-learning-concept-drift/.venv/lib/python3.12/site-packages/scipy/optimize/_trlib/_trlib.cpython-312-x86_64-linux-gnu.so
728b08e75000-728b08e76000 r--p 0004d000 fc:00 34868334                   /home/henriqueramos_qs/meta-learning-concept-drift/.venv/lib/python3.12/site-packages/scipy/optimize/_trlib/_trlib.cpython-312-x86_64-linux-gnu.so
728b08e76000-728b08e78000 rw-p 0004e000 fc:00 34868334                   /home/henriqueramos_qs/meta-learning-concept-drift/.venv/lib/python3.12/site-packages/scipy/optimize/_trlib/_trlib.cpython-312-x86_64-linux-gnu.so
728b08e78000-728b08e79000 rw-p 00000000 00:00 0 
728b08e79000-728b08e7e000 rw-p 00059000 fc:00 34868334                   /home/henriqueramos_qs/meta-learning-concept-drift/.venv/lib/python3.12/site-packages/scipy/optimize/_trlib/_trlib.cpython-312-x86_64-linux-gnu.so
728b08e7e000-728b08e84000 r--p 00000000 fc:00 34869104                   /home/henriqueramos_qs/meta-learning-concept-drift/.venv/lib/python3.12/site-packages/scipy/spatial/_distance_pybind.cpython-312-x86_64-linux-gnu.so
728b08e84000-728b08eed000 r-xp 00006000 fc:00 34869104                   /home/henriqueramos_qs/meta-learning-concept-drift/.venv/lib/python3.12/site-packages/scipy/spatial/_distance_pybind.cpython-312-x86_64-linux-gnu.so
728b08eed000-728b08efd000 r--p 0006f000 fc:00 34869104                   /home/henriqueramos_qs/meta-learning-concept-drift/.venv/lib/python3.12/site-packages/scipy/spatial/_distance_pybind.cpython-312-x86_64-linux-gnu.so
728b08efd000-728b08efe000 r--p 0007e000 fc:00 34869104                   /home/henriqueramos_qs/meta-learning-concept-drift/.venv/lib/python3.12/site-packages/scipy/spatial/_distance_pybind.cpython-312-x86_64-linux-gnu.so
728b08efe000-728b08eff000 rw-p 0007f000 fc:00 34869104                   /home/henriqueramos_qs/meta-learning-concept-drift/.venv/lib/python3.12/site-packages/scipy/spatial/_distance_pybind.cpython-312-x86_64-linux-gnu.so
728b08eff000-728b08fff000 rw-p 00000000 00:00 0 
728b08fff000-728b09000000 ---p 00000000 00:00 0 
728b09000000-728b09800000 rw-p 00000000 00:00 0 
728b09800000-728b0b800000 rw-p 00000000 00:00 0 
728b0b802000-728b0b807000 r--p 00000000 fc:00 34868217                   /home/henriqueramos_qs/meta-learning-concept-drift/.venv/lib/python3.12/site-packages/scipy/optimize/_pava_pybind.cpython-312-x86_64-linux-gnu.so
728b0b807000-728b0b820000 r-xp 00005000 fc:00 34868217                   /home/henriqueramos_qs/meta-learning-concept-drift/.venv/lib/python3.12/site-packages/scipy/optimize/_pava_pybind.cpython-312-x86_64-linux-gnu.so
728b0b820000-728b0b828000 r--p 0001e000 fc:00 34868217                   /home/henriqueramos_qs/meta-learning-concept-drift/.venv/lib/python3.12/site-packages/scipy/optimize/_pava_pybind.cpython-312-x86_64-linux-gnu.so
728b0b828000-728b0b829000 ---p 00026000 fc:00 34868217                   /home/henriqueramos_qs/meta-learning-concept-drift/.venv/lib/python3.12/site-packages/scipy/optimize/_pava_pybind.cpython-312-x86_64-linux-gnu.so
728b0b829000-728b0b82a000 r--p 00026000 fc:00 34868217                   /home/henriqueramos_qs/meta-learning-concept-drift/.venv/lib/python3.12/site-packages/scipy/optimize/_pava_pybind.cpython-312-x86_64-linux-gnu.so
728b0b82a000-728b0b82b000 rw-p 00027000 fc:00 34868217                   /home/henriqueramos_qs/meta-learning-concept-drift/.venv/lib/python3.12/site-packages/scipy/optimize/_pava_pybind.cpython-312-x86_64-linux-gnu.so
728b0b82b000-728b0b833000 r--p 00000000 fc:00 34869105                   /home/henriqueramos_qs/meta-learning-concept-drift/.venv/lib/python3.12/site-packages/scipy/spatial/_ckdtree.cpython-312-x86_64-linux-gnu.so
728b0b833000-728b0b8da000 r-xp 00008000 fc:00 34869105                   /home/henriqueramos_qs/meta-learning-concept-drift/.venv/lib/python3.12/site-packages/scipy/spatial/_ckdtree.cpython-312-x86_64-linux-gnu.so
728b0b8da000-728b0b8f9000 r--p 000af000 fc:00 34869105                   /home/henriqueramos_qs/meta-learning-concept-drift/.venv/lib/python3.12/site-packages/scipy/spatial/_ckdtree.cpython-312-x86_64-linux-gnu.so
728b0b8f9000-728b0b8fa000 r--p 000cd000 fc:00 34869105                   /home/henriqueramos_qs/meta-learning-concept-drift/.venv/lib/python3.12/site-packages/scipy/spatial/_ckdtree.cpython-312-x86_64-linux-gnu.so
728b0b8fa000-728b0b8fe000 rw-p 000ce000 fc:00 34869105                   /home/henriqueramos_qs/meta-learning-concept-drift/.venv/lib/python3.12/site-packages/scipy/spatial/_ckdtree.cpython-312-x86_64-linux-gnu.so
728b0b8fe000-728b0b9ff000 rw-p 00000000 00:00 0 
728b0b9ff000-728b0ba00000 ---p 00000000 00:00 0 
728b0ba00000-728b0c200000 rw-p 00000000 00:00 0 
728b0c200000-728b0e200000 rw-p 00000000 00:00 0 
728b0e205000-728b0e207000 r--p 00000000 fc:00 34868213                   /home/henriqueramos_qs/meta-learning-concept-drift/.venv/lib/python3.12/site-packages/scipy/optimize/_cobyla.cpython-312-x86_64-linux-gnu.so
728b0e207000-728b0e215000 r-xp 00002000 fc:00 34868213                   /home/henriqueramos_qs/meta-learning-concept-drift/.venv/lib/python3.12/site-packages/scipy/optimize/_cobyla.cpython-312-x86_64-linux-gnu.so
728b0e215000-728b0e218000 r--p 00010000 fc:00 34868213                   /home/henriqueramos_qs/meta-learning-concept-drift/.venv/lib/python3.12/site-packages/scipy/optimize/_cobyla.cpython-312-x86_64-linux-gnu.so
728b0e218000-728b0e219000 r--p 00012000 fc:00 34868213                   /home/henriqueramos_qs/meta-learning-concept-drift/.venv/lib/python3.12/site-packages/scipy/optimize/_cobyla.cpython-312-x86_64-linux-gnu.so
728b0e219000-728b0e21a000 rw-p 00013000 fc:00 34868213                   /home/henriqueramos_qs/meta-learning-concept-drift/.venv/lib/python3.12/site-packages/scipy/optimize/_cobyla.cpython-312-x86_64-linux-gnu.so
728b0e21a000-728b0e21c000 rw-p 00017000 fc:00 34868213                   /home/henriqueramos_qs/meta-learning-concept-drift/.venv/lib/python3.12/site-packages/scipy/optimize/_cobyla.cpython-312-x86_64-linux-gnu.so
728b0e21c000-728b0e21f000 r--p 00000000 fc:00 34868544                   /home/henriqueramos_qs/meta-learning-concept-drift/.venv/lib/python3.12/site-packages/scipy/special/_special_ufuncs.cpython-312-x86_64-linux-gnu.so
728b0e21f000-728b0e2d2000 r-xp 00003000 fc:00 34868544                   /home/henriqueramos_qs/meta-learning-concept-drift/.venv/lib/python3.12/site-packages/scipy/special/_special_ufuncs.cpython-312-x86_64-linux-gnu.so
728b0e2d2000-728b0e2fd000 r--p 000b6000 fc:00 34868544                   /home/henriqueramos_qs/meta-learning-concept-drift/.venv/lib/python3.12/site-packages/scipy/special/_special_ufuncs.cpython-312-x86_64-linux-gnu.so
728b0e2fd000-728b0e2fe000 r--p 000e0000 fc:00 34868544                   /home/henriqueramos_qs/meta-learning-concept-drift/.venv/lib/python3.12/site-packages/scipy/special/_special_ufuncs.cpython-312-x86_64-linux-gnu.so
728b0e2fe000-728b0e2ff000 rw-p 000e1000 fc:00 34868544                   /home/henriqueramos_qs/meta-learning-concept-drift/.venv/lib/python3.12/site-packages/scipy/special/_special_ufuncs.cpython-312-x86_64-linux-gnu.so
728b0e2ff000-728b0e3ff000 rw-p 00000000 00:00 0 
728b0e3ff000-728b0e400000 ---p 00000000 00:00 0 
728b0e400000-728b0ec00000 rw-p 00000000 00:00 0 
728b0ec00000-728b10c00000 rw-p 00000000 00:00 0 
728b10c01000-728b10c04000 r--p 00000000 fc:00 34868252                   /home/henriqueramos_qs/meta-learning-concept-drift/.venv/lib/python3.12/site-packages/scipy/optimize/_moduleTNC.cpython-312-x86_64-linux-gnu.so
728b10c04000-728b10c1e000 r-xp 00003000 fc:00 34868252                   /home/henriqueramos_qs/meta-learning-concept-drift/.venv/lib/python3.12/site-packages/scipy/optimize/_moduleTNC.cpython-312-x86_64-linux-gnu.so
728b10c1e000-728b10c22000 r--p 0001d000 fc:00 34868252                   /home/henriqueramos_qs/meta-learning-concept-drift/.venv/lib/python3.12/site-packages/scipy/optimize/_moduleTNC.cpython-312-x86_64-linux-gnu.so
728b10c22000-728b10c23000 r--p 00020000 fc:00 34868252                   /home/henriqueramos_qs/meta-learning-concept-drift/.venv/lib/python3.12/site-packages/scipy/optimize/_moduleTNC.cpython-312-x86_64-linux-gnu.so
728b10c23000-728b10c24000 rw-p 00021000 fc:00 34868252                   /home/henriqueramos_qs/meta-learning-concept-drift/.venv/lib/python3.12/site-packages/scipy/optimize/_moduleTNC.cpython-312-x86_64-linux-gnu.so
728b10c24000-728b10c29000 r--p 00000000 fc:00 34868109                   /home/henriqueramos_qs/meta-learning-concept-drift/.venv/lib/python3.12/site-packages/scipy/sparse/csgraph/_reordering.cpython-312-x86_64-linux-gnu.so
728b10c29000-728b10c5e000 r-xp 00005000 fc:00 34868109                   /home/henriqueramos_qs/meta-learning-concept-drift/.venv/lib/python3.12/site-packages/scipy/sparse/csgraph/_reordering.cpython-312-x86_64-linux-gnu.so
728b10c5e000-728b10c68000 r--p 0003a000 fc:00 34868109                   /home/henriqueramos_qs/meta-learning-concept-drift/.venv/lib/python3.12/site-packages/scipy/sparse/csgraph/_reordering.cpython-312-x86_64-linux-gnu.so
728b10c68000-728b10c69000 r--p 00043000 fc:00 34868109                   /home/henriqueramos_qs/meta-learning-concept-drift/.venv/lib/python3.12/site-packages/scipy/sparse/csgraph/_reordering.cpython-312-x86_64-linux-gnu.so
728b10c69000-728b10c6b000 rw-p 00044000 fc:00 34868109                   /home/henriqueramos_qs/meta-learning-concept-drift/.venv/lib/python3.12/site-packages/scipy/sparse/csgraph/_reordering.cpython-312-x86_64-linux-gnu.so
728b10c6b000-728b10c6c000 rw-p 00000000 00:00 0 
728b10c6c000-728b10c71000 r--p 00000000 fc:00 34868104                   /home/henriqueramos_qs/meta-learning-concept-drift/.venv/lib/python3.12/site-packages/scipy/sparse/csgraph/_traversal.cpython-312-x86_64-linux-gnu.so
728b10c71000-728b10cea000 r-xp 00005000 fc:00 34868104                   /home/henriqueramos_qs/meta-learning-concept-drift/.venv/lib/python3.12/site-packages/scipy/sparse/csgraph/_traversal.cpython-312-x86_64-linux-gnu.so
728b10cea000-728b10cfb000 r--p 0007e000 fc:00 34868104                   /home/henriqueramos_qs/meta-learning-concept-drift/.venv/lib/python3.12/site-packages/scipy/sparse/csgraph/_traversal.cpython-312-x86_64-linux-gnu.so
728b10cfb000-728b10cfc000 r--p 0008e000 fc:00 34868104                   /home/henriqueramos_qs/meta-learning-concept-drift/.venv/lib/python3.12/site-packages/scipy/sparse/csgraph/_traversal.cpython-312-x86_64-linux-gnu.so
728b10cfc000-728b10cfe000 rw-p 0008f000 fc:00 34868104                   /home/henriqueramos_qs/meta-learning-concept-drift/.venv/lib/python3.12/site-packages/scipy/sparse/csgraph/_traversal.cpython-312-x86_64-linux-gnu.so
728b10cfe000-728b10dff000 rw-p 00000000 00:00 0 
728b10dff000-728b10e00000 ---p 00000000 00:00 0 
728b10e00000-728b11600000 rw-p 00000000 00:00 0 
728b11600000-728b13600000 rw-p 00000000 00:00 0 
728b13604000-728b13609000 r--p 00000000 fc:00 34869115                   /home/henriqueramos_qs/meta-learning-concept-drift/.venv/lib/python3.12/site-packages/scipy/spatial/_hausdorff.cpython-312-x86_64-linux-gnu.so
728b13609000-728b1362f000 r-xp 00005000 fc:00 34869115                   /home/henriqueramos_qs/meta-learning-concept-drift/.venv/lib/python3.12/site-packages/scipy/spatial/_hausdorff.cpython-312-x86_64-linux-gnu.so
728b1362f000-728b13636000 r--p 0002b000 fc:00 34869115                   /home/henriqueramos_qs/meta-learning-concept-drift/.venv/lib/python3.12/site-packages/scipy/spatial/_hausdorff.cpython-312-x86_64-linux-gnu.so
728b13636000-728b13637000 ---p 00032000 fc:00 34869115                   /home/henriqueramos_qs/meta-learning-concept-drift/.venv/lib/python3.12/site-packages/scipy/spatial/_hausdorff.cpython-312-x86_64-linux-gnu.so
728b13637000-728b13638000 r--p 00032000 fc:00 34869115                   /home/henriqueramos_qs/meta-learning-concept-drift/.venv/lib/python3.12/site-packages/scipy/spatial/_hausdorff.cpython-312-x86_64-linux-gnu.so
728b13638000-728b1363a000 rw-p 00033000 fc:00 34869115                   /home/henriqueramos_qs/meta-learning-concept-drift/.venv/lib/python3.12/site-packages/scipy/spatial/_hausdorff.cpython-312-x86_64-linux-gnu.so
728b1363a000-728b1363b000 rw-p 00000000 00:00 0 
728b1363b000-728b13640000 r--p 00000000 fc:00 34868103                   /home/henriqueramos_qs/meta-learning-concept-drift/.venv/lib/python3.12/site-packages/scipy/sparse/csgraph/_matching.cpython-312-x86_64-linux-gnu.so
728b13640000-728b13675000 r-xp 00005000 fc:00 34868103                   /home/henriqueramos_qs/meta-learning-concept-drift/.venv/lib/python3.12/site-packages/scipy/sparse/csgraph/_matching.cpython-312-x86_64-linux-gnu.so
728b13675000-728b13683000 r--p 0003a000 fc:00 34868103                   /home/henriqueramos_qs/meta-learning-concept-drift/.venv/lib/python3.12/site-packages/scipy/sparse/csgraph/_matching.cpython-312-x86_64-linux-gnu.so
728b13683000-728b13684000 r--p 00047000 fc:00 34868103                   /home/henriqueramos_qs/meta-learning-concept-drift/.venv/lib/python3.12/site-packages/scipy/sparse/csgraph/_matching.cpython-312-x86_64-linux-gnu.so
728b13684000-728b13686000 rw-p 00048000 fc:00 34868103                   /home/henriqueramos_qs/meta-learning-concept-drift/.venv/lib/python3.12/site-packages/scipy/sparse/csgraph/_matching.cpython-312-x86_64-linux-gnu.so
728b13686000-728b13687000 rw-p 00000000 00:00 0 
728b13687000-728b1368c000 r--p 00000000 fc:00 34868112                   /home/henriqueramos_qs/meta-learning-concept-drift/.venv/lib/python3.12/site-packages/scipy/sparse/csgraph/_shortest_path.cpython-312-x86_64-linux-gnu.so
728b1368c000-728b136e6000 r-xp 00005000 fc:00 34868112                   /home/henriqueramos_qs/meta-learning-concept-drift/.venv/lib/python3.12/site-packages/scipy/sparse/csgraph/_shortest_path.cpython-312-x86_64-linux-gnu.so
728b136e6000-728b136fb000 r--p 0005f000 fc:00 34868112                   /home/henriqueramos_qs/meta-learning-concept-drift/.venv/lib/python3.12/site-packages/scipy/sparse/csgraph/_shortest_path.cpython-312-x86_64-linux-gnu.so
728b136fb000-728b136fc000 r--p 00073000 fc:00 34868112                   /home/henriqueramos_qs/meta-learning-concept-drift/.venv/lib/python3.12/site-packages/scipy/sparse/csgraph/_shortest_path.cpython-312-x86_64-linux-gnu.so
728b136fc000-728b136fe000 rw-p 00074000 fc:00 34868112                   /home/henriqueramos_qs/meta-learning-concept-drift/.venv/lib/python3.12/site-packages/scipy/sparse/csgraph/_shortest_path.cpython-312-x86_64-linux-gnu.so
728b136fe000-728b137ff000 rw-p 00000000 00:00 0 
728b137ff000-728b13800000 ---p 00000000 00:00 0 
728b13800000-728b14000000 rw-p 00000000 00:00 0 
728b14000000-728b16000000 rw-p 00000000 00:00 0 
728b16000000-728b16003000 r--p 00000000 fc:00 34869040                   /home/henriqueramos_qs/meta-learning-concept-drift/.venv/lib/python3.12/site-packages/scipy/signal/_max_len_seq_inner.cpython-312-x86_64-linux-gnu.so
728b16003000-728b1600b000 r-xp 00003000 fc:00 34869040                   /home/henriqueramos_qs/meta-learning-concept-drift/.venv/lib/python3.12/site-packages/scipy/signal/_max_len_seq_inner.cpython-312-x86_64-linux-gnu.so
728b1600b000-728b1600e000 r--p 0000b000 fc:00 34869040                   /home/henriqueramos_qs/meta-learning-concept-drift/.venv/lib/python3.12/site-packages/scipy/signal/_max_len_seq_inner.cpython-312-x86_64-linux-gnu.so
728b1600e000-728b1600f000 r--p 0000d000 fc:00 34869040                   /home/henriqueramos_qs/meta-learning-concept-drift/.venv/lib/python3.12/site-packages/scipy/signal/_max_len_seq_inner.cpython-312-x86_64-linux-gnu.so
728b1600f000-728b16010000 rw-p 0000e000 fc:00 34869040                   /home/henriqueramos_qs/meta-learning-concept-drift/.venv/lib/python3.12/site-packages/scipy/signal/_max_len_seq_inner.cpython-312-x86_64-linux-gnu.so
728b16010000-728b16015000 r--p 00000000 fc:00 34868111                   /home/henriqueramos_qs/meta-learning-concept-drift/.venv/lib/python3.12/site-packages/scipy/sparse/csgraph/_flow.cpython-312-x86_64-linux-gnu.so
728b16015000-728b1604a000 r-xp 00005000 fc:00 34868111                   /home/henriqueramos_qs/meta-learning-concept-drift/.venv/lib/python3.12/site-packages/scipy/sparse/csgraph/_flow.cpython-312-x86_64-linux-gnu.so
728b1604a000-728b16056000 r--p 0003a000 fc:00 34868111                   /home/henriqueramos_qs/meta-learning-concept-drift/.venv/lib/python3.12/site-packages/scipy/sparse/csgraph/_flow.cpython-312-x86_64-linux-gnu.so
728b16056000-728b16057000 r--p 00045000 fc:00 34868111                   /home/henriqueramos_qs/meta-learning-concept-drift/.venv/lib/python3.12/site-packages/scipy/sparse/csgraph/_flow.cpython-312-x86_64-linux-gnu.so
728b16057000-728b16059000 rw-p 00046000 fc:00 34868111                   /home/henriqueramos_qs/meta-learning-concept-drift/.venv/lib/python3.12/site-packages/scipy/sparse/csgraph/_flow.cpython-312-x86_64-linux-gnu.so
728b16059000-728b1605a000 rw-p 00000000 00:00 0 
728b1605a000-728b16077000 r--p 00000000 fc:00 34868159                   /home/henriqueramos_qs/meta-learning-concept-drift/.venv/lib/python3.12/site-packages/scipy/sparse/linalg/_propack/_zpropack.cpython-312-x86_64-linux-gnu.so
728b16077000-728b16096000 r-xp 0001d000 fc:00 34868159                   /home/henriqueramos_qs/meta-learning-concept-drift/.venv/lib/python3.12/site-packages/scipy/sparse/linalg/_propack/_zpropack.cpython-312-x86_64-linux-gnu.so
728b16096000-728b160a6000 r--p 0003c000 fc:00 34868159                   /home/henriqueramos_qs/meta-learning-concept-drift/.venv/lib/python3.12/site-packages/scipy/sparse/linalg/_propack/_zpropack.cpython-312-x86_64-linux-gnu.so
728b160a6000-728b160a7000 ---p 0004c000 fc:00 34868159                   /home/henriqueramos_qs/meta-learning-concept-drift/.venv/lib/python3.12/site-packages/scipy/sparse/linalg/_propack/_zpropack.cpython-312-x86_64-linux-gnu.so
728b160a7000-728b160a8000 r--p 0004c000 fc:00 34868159                   /home/henriqueramos_qs/meta-learning-concept-drift/.venv/lib/python3.12/site-packages/scipy/sparse/linalg/_propack/_zpropack.cpython-312-x86_64-linux-gnu.so
728b160a8000-728b160b0000 rw-p 0004d000 fc:00 34868159                   /home/henriqueramos_qs/meta-learning-concept-drift/.venv/lib/python3.12/site-packages/scipy/sparse/linalg/_propack/_zpropack.cpython-312-x86_64-linux-gnu.so
728b160b0000-728b160e6000 rw-p 00000000 00:00 0 
728b160e6000-728b160fe000 rw-p 00071000 fc:00 34868159                   /home/henriqueramos_qs/meta-learning-concept-drift/.venv/lib/python3.12/site-packages/scipy/sparse/linalg/_propack/_zpropack.cpython-312-x86_64-linux-gnu.so
728b160fe000-728b161fe000 rw-p 00000000 00:00 0 
728b161fe000-728b161ff000 ---p 00000000 00:00 0 
728b161ff000-728b169ff000 rw-p 00000000 00:00 0 
728b169ff000-728b16a00000 ---p 00000000 00:00 0 
728b16a00000-728b17200000 rw-p 00000000 00:00 0 
728b17200000-728b1b200000 rw-p 00000000 00:00 0 
728b1b200000-728b1b202000 r--p 00000000 fc:00 35402578                   /home/henriqueramos_qs/meta-learning-concept-drift/.venv/lib/python3.12/site-packages/PIL/_imagingmath.cpython-312-x86_64-linux-gnu.so
728b1b202000-728b1b207000 r-xp 00002000 fc:00 35402578                   /home/henriqueramos_qs/meta-learning-concept-drift/.venv/lib/python3.12/site-packages/PIL/_imagingmath.cpython-312-x86_64-linux-gnu.so
728b1b207000-728b1b208000 r--p 00007000 fc:00 35402578                   /home/henriqueramos_qs/meta-learning-concept-drift/.venv/lib/python3.12/site-packages/PIL/_imagingmath.cpython-312-x86_64-linux-gnu.so
728b1b208000-728b1b209000 r--p 00008000 fc:00 35402578                   /home/henriqueramos_qs/meta-learning-concept-drift/.venv/lib/python3.12/site-packages/PIL/_imagingmath.cpython-312-x86_64-linux-gnu.so
728b1b209000-728b1b20a000 rw-p 00009000 fc:00 35402578                   /home/henriqueramos_qs/meta-learning-concept-drift/.venv/lib/python3.12/site-packages/PIL/_imagingmath.cpython-312-x86_64-linux-gnu.so
728b1b20a000-728b1b227000 r--p 00000000 fc:00 34868160                   /home/henriqueramos_qs/meta-learning-concept-drift/.venv/lib/python3.12/site-packages/scipy/sparse/linalg/_propack/_cpropack.cpython-312-x86_64-linux-gnu.so
728b1b227000-728b1b248000 r-xp 0001d000 fc:00 34868160                   /home/henriqueramos_qs/meta-learning-concept-drift/.venv/lib/python3.12/site-packages/scipy/sparse/linalg/_propack/_cpropack.cpython-312-x86_64-linux-gnu.so
728b1b248000-728b1b258000 r--p 0003e000 fc:00 34868160                   /home/henriqueramos_qs/meta-learning-concept-drift/.venv/lib/python3.12/site-packages/scipy/sparse/linalg/_propack/_cpropack.cpython-312-x86_64-linux-gnu.so
728b1b258000-728b1b259000 ---p 0004e000 fc:00 34868160                   /home/henriqueramos_qs/meta-learning-concept-drift/.venv/lib/python3.12/site-packages/scipy/sparse/linalg/_propack/_cpropack.cpython-312-x86_64-linux-gnu.so
728b1b259000-728b1b25a000 r--p 0004e000 fc:00 34868160                   /home/henriqueramos_qs/meta-learning-concept-drift/.venv/lib/python3.12/site-packages/scipy/sparse/linalg/_propack/_cpropack.cpython-312-x86_64-linux-gnu.so
728b1b25a000-728b1b262000 rw-p 0004f000 fc:00 34868160                   /home/henriqueramos_qs/meta-learning-concept-drift/.venv/lib/python3.12/site-packages/scipy/sparse/linalg/_propack/_cpropack.cpython-312-x86_64-linux-gnu.so
728b1b262000-728b1b27d000 rw-p 00000000 00:00 0 
728b1b27d000-728b1b295000 rw-p 00073000 fc:00 34868160                   /home/henriqueramos_qs/meta-learning-concept-drift/.venv/lib/python3.12/site-packages/scipy/sparse/linalg/_propack/_cpropack.cpython-312-x86_64-linux-gnu.so
728b1b295000-728b1b2b2000 r--p 00000000 fc:00 34868162                   /home/henriqueramos_qs/meta-learning-concept-drift/.venv/lib/python3.12/site-packages/scipy/sparse/linalg/_propack/_dpropack.cpython-312-x86_64-linux-gnu.so
728b1b2b2000-728b1b2cd000 r-xp 0001d000 fc:00 34868162                   /home/henriqueramos_qs/meta-learning-concept-drift/.venv/lib/python3.12/site-packages/scipy/sparse/linalg/_propack/_dpropack.cpython-312-x86_64-linux-gnu.so
728b1b2cd000-728b1b2dd000 r--p 00038000 fc:00 34868162                   /home/henriqueramos_qs/meta-learning-concept-drift/.venv/lib/python3.12/site-packages/scipy/sparse/linalg/_propack/_dpropack.cpython-312-x86_64-linux-gnu.so
728b1b2dd000-728b1b2de000 r--p 00047000 fc:00 34868162                   /home/henriqueramos_qs/meta-learning-concept-drift/.venv/lib/python3.12/site-packages/scipy/sparse/linalg/_propack/_dpropack.cpython-312-x86_64-linux-gnu.so
728b1b2de000-728b1b2e6000 rw-p 00048000 fc:00 34868162                   /home/henriqueramos_qs/meta-learning-concept-drift/.venv/lib/python3.12/site-packages/scipy/sparse/linalg/_propack/_dpropack.cpython-312-x86_64-linux-gnu.so
728b1b2e6000-728b1b2fe000 rw-p 0006b000 fc:00 34868162                   /home/henriqueramos_qs/meta-learning-concept-drift/.venv/lib/python3.12/site-packages/scipy/sparse/linalg/_propack/_dpropack.cpython-312-x86_64-linux-gnu.so
728b1b2fe000-728b1b3fe000 rw-p 00000000 00:00 0 
728b1b3fe000-728b1b3ff000 ---p 00000000 00:00 0 
728b1b3ff000-728b1bbff000 rw-p 00000000 00:00 0 
728b1bbff000-728b1bc00000 ---p 00000000 00:00 0 
728b1bc00000-728b1c400000 rw-p 00000000 00:00 0 
728b1c400000-728b20400000 rw-p 00000000 00:00 0 
728b20401000-728b20404000 r--p 00000000 fc:00 35399547                   /home/henriqueramos_qs/meta-learning-concept-drift/.venv/lib/python3.12/site-packages/sklearn/cluster/_dbscan_inner.cpython-312-x86_64-linux-gnu.so
728b20404000-728b2040b000 r-xp 00003000 fc:00 35399547                   /home/henriqueramos_qs/meta-learning-concept-drift/.venv/lib/python3.12/site-packages/sklearn/cluster/_dbscan_inner.cpython-312-x86_64-linux-gnu.so
728b2040b000-728b2040f000 r--p 0000a000 fc:00 35399547                   /home/henriqueramos_qs/meta-learning-concept-drift/.venv/lib/python3.12/site-packages/sklearn/cluster/_dbscan_inner.cpython-312-x86_64-linux-gnu.so
728b2040f000-728b20410000 r--p 0000d000 fc:00 35399547                   /home/henriqueramos_qs/meta-learning-concept-drift/.venv/lib/python3.12/site-packages/sklearn/cluster/_dbscan_inner.cpython-312-x86_64-linux-gnu.so
728b20410000-728b20411000 rw-p 0000e000 fc:00 35399547                   /home/henriqueramos_qs/meta-learning-concept-drift/.venv/lib/python3.12/site-packages/sklearn/cluster/_dbscan_inner.cpython-312-x86_64-linux-gnu.so
728b20411000-728b20416000 r--p 00000000 fc:00 34869111                   /home/henriqueramos_qs/meta-learning-concept-drift/.venv/lib/python3.12/site-packages/scipy/spatial/_voronoi.cpython-312-x86_64-linux-gnu.so
728b20416000-728b2043a000 r-xp 00005000 fc:00 34869111                   /home/henriqueramos_qs/meta-learning-concept-drift/.venv/lib/python3.12/site-packages/scipy/spatial/_voronoi.cpython-312-x86_64-linux-gnu.so
728b2043a000-728b20441000 r--p 00029000 fc:00 34869111                   /home/henriqueramos_qs/meta-learning-concept-drift/.venv/lib/python3.12/site-packages/scipy/spatial/_voronoi.cpython-312-x86_64-linux-gnu.so
728b20441000-728b20442000 ---p 00030000 fc:00 34869111                   /home/henriqueramos_qs/meta-learning-concept-drift/.venv/lib/python3.12/site-packages/scipy/spatial/_voronoi.cpython-312-x86_64-linux-gnu.so
728b20442000-728b20443000 r--p 00030000 fc:00 34869111                   /home/henriqueramos_qs/meta-learning-concept-drift/.venv/lib/python3.12/site-packages/scipy/spatial/_voronoi.cpython-312-x86_64-linux-gnu.so
728b20443000-728b20445000 rw-p 00031000 fc:00 34869111                   /home/henriqueramos_qs/meta-learning-concept-drift/.venv/lib/python3.12/site-packages/scipy/spatial/_voronoi.cpython-312-x86_64-linux-gnu.so
728b20445000-728b20446000 rw-p 00000000 00:00 0 
728b20446000-728b20464000 r--p 00000000 fc:00 34868191                   /home/henriqueramos_qs/meta-learning-concept-drift/.venv/lib/python3.12/site-packages/scipy/sparse/linalg/_eigen/arpack/_arpack.cpython-312-x86_64-linux-gnu.so
728b20464000-728b204bb000 r-xp 0001e000 fc:00 34868191                   /home/henriqueramos_qs/meta-learning-concept-drift/.venv/lib/python3.12/site-packages/scipy/sparse/linalg/_eigen/arpack/_arpack.cpython-312-x86_64-linux-gnu.so
728b204bb000-728b204d7000 r--p 00075000 fc:00 34868191                   /home/henriqueramos_qs/meta-learning-concept-drift/.venv/lib/python3.12/site-packages/scipy/sparse/linalg/_eigen/arpack/_arpack.cpython-312-x86_64-linux-gnu.so
728b204d7000-728b204d8000 r--p 00090000 fc:00 34868191                   /home/henriqueramos_qs/meta-learning-concept-drift/.venv/lib/python3.12/site-packages/scipy/sparse/linalg/_eigen/arpack/_arpack.cpython-312-x86_64-linux-gnu.so
728b204d8000-728b204e6000 rw-p 00091000 fc:00 34868191                   /home/henriqueramos_qs/meta-learning-concept-drift/.venv/lib/python3.12/site-packages/scipy/sparse/linalg/_eigen/arpack/_arpack.cpython-312-x86_64-linux-gnu.so
728b204e6000-728b204e7000 rw-p 00000000 00:00 0 
728b204e7000-728b204ff000 rw-p 000bf000 fc:00 34868191                   /home/henriqueramos_qs/meta-learning-concept-drift/.venv/lib/python3.12/site-packages/scipy/sparse/linalg/_eigen/arpack/_arpack.cpython-312-x86_64-linux-gnu.so
728b204ff000-728b205ff000 rw-p 00000000 00:00 0 
728b205ff000-728b20600000 ---p 00000000 00:00 0 
728b20600000-728b20e00000 rw-p 00000000 00:00 0 
728b20e00000-728b22e00000 rw-p 00000000 00:00 0 
728b22e01000-728b22e02000 r--p 00000000 fc:00 35414505                   /home/henriqueramos_qs/meta-learning-concept-drift/.venv/lib/python3.12/site-packages/torch/_C.cpython-312-x86_64-linux-gnu.so
728b22e02000-728b22e03000 r-xp 00001000 fc:00 35414505                   /home/henriqueramos_qs/meta-learning-concept-drift/.venv/lib/python3.12/site-packages/torch/_C.cpython-312-x86_64-linux-gnu.so
728b22e03000-728b22e04000 r--p 00002000 fc:00 35414505                   /home/henriqueramos_qs/meta-learning-concept-drift/.venv/lib/python3.12/site-packages/torch/_C.cpython-312-x86_64-linux-gnu.so
728b22e04000-728b22e05000 r--p 00002000 fc:00 35414505                   /home/henriqueramos_qs/meta-learning-concept-drift/.venv/lib/python3.12/site-packages/torch/_C.cpython-312-x86_64-linux-gnu.so
728b22e05000-728b22e06000 rw-p 00003000 fc:00 35414505                   /home/henriqueramos_qs/meta-learning-concept-drift/.venv/lib/python3.12/site-packages/torch/_C.cpython-312-x86_64-linux-gnu.so
728b22e06000-728b22e07000 rw-p 00006000 fc:00 35414505                   /home/henriqueramos_qs/meta-learning-concept-drift/.venv/lib/python3.12/site-packages/torch/_C.cpython-312-x86_64-linux-gnu.so
728b22e07000-728b22e0a000 r--p 00000000 fc:00 34869020                   /home/henriqueramos_qs/meta-learning-concept-drift/.venv/lib/python3.12/site-packages/scipy/stats/_levy_stable/levyst.cpython-312-x86_64-linux-gnu.so
728b22e0a000-728b22e11000 r-xp 00003000 fc:00 34869020                   /home/henriqueramos_qs/meta-learning-concept-drift/.venv/lib/python3.12/site-packages/scipy/stats/_levy_stable/levyst.cpython-312-x86_64-linux-gnu.so
728b22e11000-728b22e13000 r--p 0000a000 fc:00 34869020                   /home/henriqueramos_qs/meta-learning-concept-drift/.venv/lib/python3.12/site-packages/scipy/stats/_levy_stable/levyst.cpython-312-x86_64-linux-gnu.so
728b22e13000-728b22e14000 r--p 0000b000 fc:00 34869020                   /home/henriqueramos_qs/meta-learning-concept-drift/.venv/lib/python3.12/site-packages/scipy/stats/_levy_stable/levyst.cpython-312-x86_64-linux-gnu.so
728b22e14000-728b22e15000 rw-p 0000c000 fc:00 34869020                   /home/henriqueramos_qs/meta-learning-concept-drift/.venv/lib/python3.12/site-packages/scipy/stats/_levy_stable/levyst.cpython-312-x86_64-linux-gnu.so
728b22e15000-728b22e1a000 r--p 00000000 fc:00 34868108                   /home/henriqueramos_qs/meta-learning-concept-drift/.venv/lib/python3.12/site-packages/scipy/sparse/csgraph/_min_spanning_tree.cpython-312-x86_64-linux-gnu.so
728b22e1a000-728b22e41000 r-xp 00005000 fc:00 34868108                   /home/henriqueramos_qs/meta-learning-concept-drift/.venv/lib/python3.12/site-packages/scipy/sparse/csgraph/_min_spanning_tree.cpython-312-x86_64-linux-gnu.so
728b22e41000-728b22e4a000 r--p 0002c000 fc:00 34868108                   /home/henriqueramos_qs/meta-learning-concept-drift/.venv/lib/python3.12/site-packages/scipy/sparse/csgraph/_min_spanning_tree.cpython-312-x86_64-linux-gnu.so
728b22e4a000-728b22e4b000 r--p 00034000 fc:00 34868108                   /home/henriqueramos_qs/meta-learning-concept-drift/.venv/lib/python3.12/site-packages/scipy/sparse/csgraph/_min_spanning_tree.cpython-312-x86_64-linux-gnu.so
728b22e4b000-728b22e4d000 rw-p 00035000 fc:00 34868108                   /home/henriqueramos_qs/meta-learning-concept-drift/.venv/lib/python3.12/site-packages/scipy/sparse/csgraph/_min_spanning_tree.cpython-312-x86_64-linux-gnu.so
728b22e4d000-728b22e4e000 rw-p 00000000 00:00 0 
728b22e4e000-728b22e6b000 r--p 00000000 fc:00 34868161                   /home/henriqueramos_qs/meta-learning-concept-drift/.venv/lib/python3.12/site-packages/scipy/sparse/linalg/_propack/_spropack.cpython-312-x86_64-linux-gnu.so
728b22e6b000-728b22e86000 r-xp 0001d000 fc:00 34868161                   /home/henriqueramos_qs/meta-learning-concept-drift/.venv/lib/python3.12/site-packages/scipy/sparse/linalg/_propack/_spropack.cpython-312-x86_64-linux-gnu.so
728b22e86000-728b22e96000 r--p 00038000 fc:00 34868161                   /home/henriqueramos_qs/meta-learning-concept-drift/.venv/lib/python3.12/site-packages/scipy/sparse/linalg/_propack/_spropack.cpython-312-x86_64-linux-gnu.so
728b22e96000-728b22e97000 r--p 00047000 fc:00 34868161                   /home/henriqueramos_qs/meta-learning-concept-drift/.venv/lib/python3.12/site-packages/scipy/sparse/linalg/_propack/_spropack.cpython-312-x86_64-linux-gnu.so
728b22e97000-728b22e9f000 rw-p 00048000 fc:00 34868161                   /home/henriqueramos_qs/meta-learning-concept-drift/.venv/lib/python3.12/site-packages/scipy/sparse/linalg/_propack/_spropack.cpython-312-x86_64-linux-gnu.so
728b22e9f000-728b22eb7000 rw-p 0006b000 fc:00 34868161                   /home/henriqueramos_qs/meta-learning-concept-drift/.venv/lib/python3.12/site-packages/scipy/sparse/linalg/_propack/_spropack.cpython-312-x86_64-linux-gnu.so
728b22eb7000-728b22ebf000 r--p 00000000 fc:00 35393377                   /home/henriqueramos_qs/meta-learning-concept-drift/.venv/lib/python3.12/site-packages/pandas/_libs/join.cpython-312-x86_64-linux-gnu.so
728b22ebf000-728b22fe7000 r-xp 00008000 fc:00 35393377                   /home/henriqueramos_qs/meta-learning-concept-drift/.venv/lib/python3.12/site-packages/pandas/_libs/join.cpython-312-x86_64-linux-gnu.so
728b22fe7000-728b22ff7000 r--p 00130000 fc:00 35393377                   /home/henriqueramos_qs/meta-learning-concept-drift/.venv/lib/python3.12/site-packages/pandas/_libs/join.cpython-312-x86_64-linux-gnu.so
728b22ff7000-728b22ff8000 ---p 00140000 fc:00 35393377                   /home/henriqueramos_qs/meta-learning-concept-drift/.venv/lib/python3.12/site-packages/pandas/_libs/join.cpython-312-x86_64-linux-gnu.so
728b22ff8000-728b22ffa000 r--p 00140000 fc:00 35393377                   /home/henriqueramos_qs/meta-learning-concept-drift/.venv/lib/python3.12/site-packages/pandas/_libs/join.cpython-312-x86_64-linux-gnu.so
728b22ffa000-728b22ffd000 rw-p 00142000 fc:00 35393377                   /home/henriqueramos_qs/meta-learning-concept-drift/.venv/lib/python3.12/site-packages/pandas/_libs/join.cpython-312-x86_64-linux-gnu.so
728b22ffd000-728b22ffe000 rw-p 00000000 00:00 0 
728b22ffe000-728b22fff000 ---p 00000000 00:00 0 
728b22fff000-728b237ff000 rw-p 00000000 00:00 0 
728b237ff000-728b23800000 ---p 00000000 00:00 0 
728b23800000-728b24000000 rw-p 00000000 00:00 0 
728b24000000-728b28000000 rw-p 00000000 00:00 0 
728b28000000-728b2801c000 r--p 00000000 fc:00 34868140                   /home/henriqueramos_qs/meta-learning-concept-drift/.venv/lib/python3.12/site-packages/scipy/sparse/linalg/_dsolve/_superlu.cpython-312-x86_64-linux-gnu.so
728b2801c000-728b28075000 r-xp 0001c000 fc:00 34868140                   /home/henriqueramos_qs/meta-learning-concept-drift/.venv/lib/python3.12/site-packages/scipy/sparse/linalg/_dsolve/_superlu.cpython-312-x86_64-linux-gnu.so
728b28075000-728b2808b000 r--p 00075000 fc:00 34868140                   /home/henriqueramos_qs/meta-learning-concept-drift/.venv/lib/python3.12/site-packages/scipy/sparse/linalg/_dsolve/_superlu.cpython-312-x86_64-linux-gnu.so
728b2808b000-728b2808c000 r--p 0008a000 fc:00 34868140                   /home/henriqueramos_qs/meta-learning-concept-drift/.venv/lib/python3.12/site-packages/scipy/sparse/linalg/_dsolve/_superlu.cpython-312-x86_64-linux-gnu.so
728b2808c000-728b28091000 rw-p 0008b000 fc:00 34868140                   /home/henriqueramos_qs/meta-learning-concept-drift/.venv/lib/python3.12/site-packages/scipy/sparse/linalg/_dsolve/_superlu.cpython-312-x86_64-linux-gnu.so
728b28091000-728b280a9000 rw-p 000af000 fc:00 34868140                   /home/henriqueramos_qs/meta-learning-concept-drift/.venv/lib/python3.12/site-packages/scipy/sparse/linalg/_dsolve/_superlu.cpython-312-x86_64-linux-gnu.so
728b280a9000-728b280ad000 r--p 00000000 fc:00 34868756                   /home/henriqueramos_qs/meta-learning-concept-drift/.venv/lib/python3.12/site-packages/scipy/linalg/_decomp_update.cpython-312-x86_64-linux-gnu.so
728b280ad000-728b280ec000 r-xp 00004000 fc:00 34868756                   /home/henriqueramos_qs/meta-learning-concept-drift/.venv/lib/python3.12/site-packages/scipy/linalg/_decomp_update.cpython-312-x86_64-linux-gnu.so
728b280ec000-728b280fc000 r--p 00043000 fc:00 34868756                   /home/henriqueramos_qs/meta-learning-concept-drift/.venv/lib/python3.12/site-packages/scipy/linalg/_decomp_update.cpython-312-x86_64-linux-gnu.so
728b280fc000-728b280fd000 r--p 00052000 fc:00 34868756                   /home/henriqueramos_qs/meta-learning-concept-drift/.venv/lib/python3.12/site-packages/scipy/linalg/_decomp_update.cpython-312-x86_64-linux-gnu.so
728b280fd000-728b280fe000 rw-p 00053000 fc:00 34868756                   /home/henriqueramos_qs/meta-learning-concept-drift/.venv/lib/python3.12/site-packages/scipy/linalg/_decomp_update.cpython-312-x86_64-linux-gnu.so
728b280fe000-728b281ff000 rw-p 00000000 00:00 0 
728b281ff000-728b28200000 ---p 00000000 00:00 0 
728b28200000-728b28a00000 rw-p 00000000 00:00 0 
728b28a00000-728b2aa00000 rw-p 00000000 00:00 0 
728b2aa05000-728b2aa0c000 r--p 00000000 fc:00 34868742                   /home/henriqueramos_qs/meta-learning-concept-drift/.venv/lib/python3.12/site-packages/scipy/linalg/cython_blas.cpython-312-x86_64-linux-gnu.so
728b2aa0c000-728b2aa38000 r-xp 00007000 fc:00 34868742                   /home/henriqueramos_qs/meta-learning-concept-drift/.venv/lib/python3.12/site-packages/scipy/linalg/cython_blas.cpython-312-x86_64-linux-gnu.so
728b2aa38000-728b2aa46000 r--p 00033000 fc:00 34868742                   /home/henriqueramos_qs/meta-learning-concept-drift/.venv/lib/python3.12/site-packages/scipy/linalg/cython_blas.cpython-312-x86_64-linux-gnu.so
728b2aa46000-728b2aa47000 ---p 00041000 fc:00 34868742                   /home/henriqueramos_qs/meta-learning-concept-drift/.venv/lib/python3.12/site-packages/scipy/linalg/cython_blas.cpython-312-x86_64-linux-gnu.so
728b2aa47000-728b2aa48000 r--p 00041000 fc:00 34868742                   /home/henriqueramos_qs/meta-learning-concept-drift/.venv/lib/python3.12/site-packages/scipy/linalg/cython_blas.cpython-312-x86_64-linux-gnu.so
728b2aa48000-728b2aa4b000 rw-p 00042000 fc:00 34868742                   /home/henriqueramos_qs/meta-learning-concept-drift/.venv/lib/python3.12/site-packages/scipy/linalg/cython_blas.cpython-312-x86_64-linux-gnu.so
728b2aa4b000-728b2aa51000 rw-p 00051000 fc:00 34868742                   /home/henriqueramos_qs/meta-learning-concept-drift/.venv/lib/python3.12/site-packages/scipy/linalg/cython_blas.cpython-312-x86_64-linux-gnu.so
728b2aa51000-728b2aa6b000 r--p 00000000 fc:00 34868785                   /home/henriqueramos_qs/meta-learning-concept-drift/.venv/lib/python3.12/site-packages/scipy/linalg/cython_lapack.cpython-312-x86_64-linux-gnu.so
728b2aa6b000-728b2aa8a000 r-xp 0001a000 fc:00 34868785                   /home/henriqueramos_qs/meta-learning-concept-drift/.venv/lib/python3.12/site-packages/scipy/linalg/cython_lapack.cpython-312-x86_64-linux-gnu.so
728b2aa8a000-728b2aae2000 r--p 00039000 fc:00 34868785                   /home/henriqueramos_qs/meta-learning-concept-drift/.venv/lib/python3.12/site-packages/scipy/linalg/cython_lapack.cpython-312-x86_64-linux-gnu.so
728b2aae2000-728b2aae3000 ---p 00091000 fc:00 34868785                   /home/henriqueramos_qs/meta-learning-concept-drift/.venv/lib/python3.12/site-packages/scipy/linalg/cython_lapack.cpython-312-x86_64-linux-gnu.so
728b2aae3000-728b2aae4000 r--p 00091000 fc:00 34868785                   /home/henriqueramos_qs/meta-learning-concept-drift/.venv/lib/python3.12/site-packages/scipy/linalg/cython_lapack.cpython-312-x86_64-linux-gnu.so
728b2aae4000-728b2aae8000 rw-p 00092000 fc:00 34868785                   /home/henriqueramos_qs/meta-learning-concept-drift/.venv/lib/python3.12/site-packages/scipy/linalg/cython_lapack.cpython-312-x86_64-linux-gnu.so
728b2aae8000-728b2aafe000 rw-p 000c1000 fc:00 34868785                   /home/henriqueramos_qs/meta-learning-concept-drift/.venv/lib/python3.12/site-packages/scipy/linalg/cython_lapack.cpython-312-x86_64-linux-gnu.so
728b2aafe000-728b2abfe000 rw-p 00000000 00:00 0 
728b2abfe000-728b2abff000 ---p 00000000 00:00 0 
728b2abff000-728b2b3ff000 rw-p 00000000 00:00 0 
728b2b3ff000-728b2b400000 ---p 00000000 00:00 0 
728b2b400000-728b2bc00000 rw-p 00000000 00:00 0 
728b2bc00000-728b2fc00000 rw-p 00000000 00:00 0 
728b2fc00000-728b2fc05000 r--p 00000000 fc:00 34868779                   /home/henriqueramos_qs/meta-learning-concept-drift/.venv/lib/python3.12/site-packages/scipy/linalg/_matfuncs_expm.cpython-312-x86_64-linux-gnu.so
728b2fc05000-728b2fc64000 r-xp 00005000 fc:00 34868779                   /home/henriqueramos_qs/meta-learning-concept-drift/.venv/lib/python3.12/site-packages/scipy/linalg/_matfuncs_expm.cpython-312-x86_64-linux-gnu.so
728b2fc64000-728b2fc6f000 r--p 00064000 fc:00 34868779                   /home/henriqueramos_qs/meta-learning-concept-drift/.venv/lib/python3.12/site-packages/scipy/linalg/_matfuncs_expm.cpython-312-x86_64-linux-gnu.so
728b2fc6f000-728b2fc70000 ---p 0006f000 fc:00 34868779                   /home/henriqueramos_qs/meta-learning-concept-drift/.venv/lib/python3.12/site-packages/scipy/linalg/_matfuncs_expm.cpython-312-x86_64-linux-gnu.so
728b2fc70000-728b2fc71000 r--p 0006f000 fc:00 34868779                   /home/henriqueramos_qs/meta-learning-concept-drift/.venv/lib/python3.12/site-packages/scipy/linalg/_matfuncs_expm.cpython-312-x86_64-linux-gnu.so
728b2fc71000-728b2fc73000 rw-p 00070000 fc:00 34868779                   /home/henriqueramos_qs/meta-learning-concept-drift/.venv/lib/python3.12/site-packages/scipy/linalg/_matfuncs_expm.cpython-312-x86_64-linux-gnu.so
728b2fc73000-728b2fc74000 rw-p 00000000 00:00 0 
728b2fc74000-728b2fc7a000 r--p 00000000 fc:00 34868774                   /home/henriqueramos_qs/meta-learning-concept-drift/.venv/lib/python3.12/site-packages/scipy/linalg/_cythonized_array_utils.cpython-312-x86_64-linux-gnu.so
728b2fc7a000-728b2fcea000 r-xp 00006000 fc:00 34868774                   /home/henriqueramos_qs/meta-learning-concept-drift/.venv/lib/python3.12/site-packages/scipy/linalg/_cythonized_array_utils.cpython-312-x86_64-linux-gnu.so
728b2fcea000-728b2fcf9000 r--p 00076000 fc:00 34868774                   /home/henriqueramos_qs/meta-learning-concept-drift/.venv/lib/python3.12/site-packages/scipy/linalg/_cythonized_array_utils.cpython-312-x86_64-linux-gnu.so
728b2fcf9000-728b2fcfa000 r--p 00084000 fc:00 34868774                   /home/henriqueramos_qs/meta-learning-concept-drift/.venv/lib/python3.12/site-packages/scipy/linalg/_cythonized_array_utils.cpython-312-x86_64-linux-gnu.so
728b2fcfa000-728b2fcfd000 rw-p 00085000 fc:00 34868774                   /home/henriqueramos_qs/meta-learning-concept-drift/.venv/lib/python3.12/site-packages/scipy/linalg/_cythonized_array_utils.cpython-312-x86_64-linux-gnu.so
728b2fcfd000-728b2fdfe000 rw-p 00000000 00:00 0 
728b2fdfe000-728b2fdff000 ---p 00000000 00:00 0 
728b2fdff000-728b305ff000 rw-p 00000000 00:00 0 
728b305ff000-728b30600000 ---p 00000000 00:00 0 
728b30600000-728b30e00000 rw-p 00000000 00:00 0 
728b30e00000-728b32e00000 rw-p 00000000 00:00 0 
728b32e05000-728b32e07000 r--p 00000000 fc:00 34869117                   /home/henriqueramos_qs/meta-learning-concept-drift/.venv/lib/python3.12/site-packages/scipy/spatial/_distance_wrap.cpython-312-x86_64-linux-gnu.so
728b32e07000-728b32e1b000 r-xp 00002000 fc:00 34869117                   /home/henriqueramos_qs/meta-learning-concept-drift/.venv/lib/python3.12/site-packages/scipy/spatial/_distance_wrap.cpython-312-x86_64-linux-gnu.so
728b32e1b000-728b32e1d000 r--p 00016000 fc:00 34869117                   /home/henriqueramos_qs/meta-learning-concept-drift/.venv/lib/python3.12/site-packages/scipy/spatial/_distance_wrap.cpython-312-x86_64-linux-gnu.so
728b32e1d000-728b32e1e000 ---p 00018000 fc:00 34869117                   /home/henriqueramos_qs/meta-learning-concept-drift/.venv/lib/python3.12/site-packages/scipy/spatial/_distance_wrap.cpython-312-x86_64-linux-gnu.so
728b32e1e000-728b32e1f000 r--p 00018000 fc:00 34869117                   /home/henriqueramos_qs/meta-learning-concept-drift/.venv/lib/python3.12/site-packages/scipy/spatial/_distance_wrap.cpython-312-x86_64-linux-gnu.so
728b32e1f000-728b32e20000 rw-p 00019000 fc:00 34869117                   /home/henriqueramos_qs/meta-learning-concept-drift/.venv/lib/python3.12/site-packages/scipy/spatial/_distance_wrap.cpython-312-x86_64-linux-gnu.so
728b32e20000-728b32e47000 r--p 00000000 fc:00 34868778                   /home/henriqueramos_qs/meta-learning-concept-drift/.venv/lib/python3.12/site-packages/scipy/linalg/_fblas.cpython-312-x86_64-linux-gnu.so
728b32e47000-728b32e90000 r-xp 00027000 fc:00 34868778                   /home/henriqueramos_qs/meta-learning-concept-drift/.venv/lib/python3.12/site-packages/scipy/linalg/_fblas.cpython-312-x86_64-linux-gnu.so
728b32e90000-728b32ebd000 r--p 00070000 fc:00 34868778                   /home/henriqueramos_qs/meta-learning-concept-drift/.venv/lib/python3.12/site-packages/scipy/linalg/_fblas.cpython-312-x86_64-linux-gnu.so
728b32ebd000-728b32ebe000 r--p 0009c000 fc:00 34868778                   /home/henriqueramos_qs/meta-learning-concept-drift/.venv/lib/python3.12/site-packages/scipy/linalg/_fblas.cpython-312-x86_64-linux-gnu.so
728b32ebe000-728b32ee7000 rw-p 0009d000 fc:00 34868778                   /home/henriqueramos_qs/meta-learning-concept-drift/.venv/lib/python3.12/site-packages/scipy/linalg/_fblas.cpython-312-x86_64-linux-gnu.so
728b32ee7000-728b32eff000 rw-p 000e6000 fc:00 34868778                   /home/henriqueramos_qs/meta-learning-concept-drift/.venv/lib/python3.12/site-packages/scipy/linalg/_fblas.cpython-312-x86_64-linux-gnu.so
728b32eff000-728b32fff000 rw-p 00000000 00:00 0 
728b32fff000-728b33000000 ---p 00000000 00:00 0 
728b33000000-728b33800000 rw-p 00000000 00:00 0 
728b33800000-728b37800000 rw-p 00000000 00:00 0 
728b37804000-728b3780c000 rw-s 00000000 08:05 10496611                   /tmp/hsperfdata_henriqueramos_qs/2165515
728b3780c000-728b37811000 r--p 00000000 fc:00 34868777                   /home/henriqueramos_qs/meta-learning-concept-drift/.venv/lib/python3.12/site-packages/scipy/linalg/_matfuncs_sqrtm_triu.cpython-312-x86_64-linux-gnu.so
728b37811000-728b3783d000 r-xp 00005000 fc:00 34868777                   /home/henriqueramos_qs/meta-learning-concept-drift/.venv/lib/python3.12/site-packages/scipy/linalg/_matfuncs_sqrtm_triu.cpython-312-x86_64-linux-gnu.so
728b3783d000-728b37845000 r--p 00031000 fc:00 34868777                   /home/henriqueramos_qs/meta-learning-concept-drift/.venv/lib/python3.12/site-packages/scipy/linalg/_matfuncs_sqrtm_triu.cpython-312-x86_64-linux-gnu.so
728b37845000-728b37846000 r--p 00038000 fc:00 34868777                   /home/henriqueramos_qs/meta-learning-concept-drift/.venv/lib/python3.12/site-packages/scipy/linalg/_matfuncs_sqrtm_triu.cpython-312-x86_64-linux-gnu.so
728b37846000-728b37848000 rw-p 00039000 fc:00 34868777                   /home/henriqueramos_qs/meta-learning-concept-drift/.venv/lib/python3.12/site-packages/scipy/linalg/_matfuncs_sqrtm_triu.cpython-312-x86_64-linux-gnu.so
728b37848000-728b37849000 rw-p 00000000 00:00 0 
728b37849000-728b3784f000 r--p 00000000 fc:00 34868061                   /home/henriqueramos_qs/meta-learning-concept-drift/.venv/lib/python3.12/site-packages/scipy/sparse/_csparsetools.cpython-312-x86_64-linux-gnu.so
728b3784f000-728b378eb000 r-xp 00006000 fc:00 34868061                   /home/henriqueramos_qs/meta-learning-concept-drift/.venv/lib/python3.12/site-packages/scipy/sparse/_csparsetools.cpython-312-x86_64-linux-gnu.so
728b378eb000-728b378fa000 r--p 000a2000 fc:00 34868061                   /home/henriqueramos_qs/meta-learning-concept-drift/.venv/lib/python3.12/site-packages/scipy/sparse/_csparsetools.cpython-312-x86_64-linux-gnu.so
728b378fa000-728b378fb000 r--p 000b0000 fc:00 34868061                   /home/henriqueramos_qs/meta-learning-concept-drift/.venv/lib/python3.12/site-packages/scipy/sparse/_csparsetools.cpython-312-x86_64-linux-gnu.so
728b378fb000-728b378fe000 rw-p 000b1000 fc:00 34868061                   /home/henriqueramos_qs/meta-learning-concept-drift/.venv/lib/python3.12/site-packages/scipy/sparse/_csparsetools.cpython-312-x86_64-linux-gnu.so
728b378fe000-728b379ff000 rw-p 00000000 00:00 0 
728b379ff000-728b37a00000 ---p 00000000 00:00 0 
728b37a00000-728b38200000 rw-p 00000000 00:00 0 
728b38200000-728b3a200000 rw-p 00000000 00:00 0 
728b3a201000-728b3a203000 r--p 00000000 fc:00 34868255                   /home/henriqueramos_qs/meta-learning-concept-drift/.venv/lib/python3.12/site-packages/scipy/optimize/_minpack.cpython-312-x86_64-linux-gnu.so
728b3a203000-728b3a210000 r-xp 00002000 fc:00 34868255                   /home/henriqueramos_qs/meta-learning-concept-drift/.venv/lib/python3.12/site-packages/scipy/optimize/_minpack.cpython-312-x86_64-linux-gnu.so
728b3a210000-728b3a212000 r--p 0000f000 fc:00 34868255                   /home/henriqueramos_qs/meta-learning-concept-drift/.venv/lib/python3.12/site-packages/scipy/optimize/_minpack.cpython-312-x86_64-linux-gnu.so
728b3a212000-728b3a213000 r--p 00010000 fc:00 34868255                   /home/henriqueramos_qs/meta-learning-concept-drift/.venv/lib/python3.12/site-packages/scipy/optimize/_minpack.cpython-312-x86_64-linux-gnu.so
728b3a213000-728b3a214000 rw-p 00011000 fc:00 34868255                   /home/henriqueramos_qs/meta-learning-concept-drift/.venv/lib/python3.12/site-packages/scipy/optimize/_minpack.cpython-312-x86_64-linux-gnu.so
728b3a214000-728b3a219000 r--p 00000000 fc:00 34868787                   /home/henriqueramos_qs/meta-learning-concept-drift/.venv/lib/python3.12/site-packages/scipy/linalg/_decomp_lu_cython.cpython-312-x86_64-linux-gnu.so
728b3a219000-728b3a245000 r-xp 00005000 fc:00 34868787                   /home/henriqueramos_qs/meta-learning-concept-drift/.venv/lib/python3.12/site-packages/scipy/linalg/_decomp_lu_cython.cpython-312-x86_64-linux-gnu.so
728b3a245000-728b3a24d000 r--p 00031000 fc:00 34868787                   /home/henriqueramos_qs/meta-learning-concept-drift/.venv/lib/python3.12/site-packages/scipy/linalg/_decomp_lu_cython.cpython-312-x86_64-linux-gnu.so
728b3a24d000-728b3a24e000 r--p 00038000 fc:00 34868787                   /home/henriqueramos_qs/meta-learning-concept-drift/.venv/lib/python3.12/site-packages/scipy/linalg/_decomp_lu_cython.cpython-312-x86_64-linux-gnu.so
728b3a24e000-728b3a250000 rw-p 00039000 fc:00 34868787                   /home/henriqueramos_qs/meta-learning-concept-drift/.venv/lib/python3.12/site-packages/scipy/linalg/_decomp_lu_cython.cpython-312-x86_64-linux-gnu.so
728b3a250000-728b3a251000 rw-p 00000000 00:00 0 
728b3a251000-728b3a25b000 r--p 00000000 fc:00 34866703                   /home/henriqueramos_qs/meta-learning-concept-drift/.venv/lib/python3.12/site-packages/numpy/fft/_pocketfft_umath.cpython-312-x86_64-linux-gnu.so
728b3a25b000-728b3a2d7000 r-xp 0000a000 fc:00 34866703                   /home/henriqueramos_qs/meta-learning-concept-drift/.venv/lib/python3.12/site-packages/numpy/fft/_pocketfft_umath.cpython-312-x86_64-linux-gnu.so
728b3a2d7000-728b3a2e0000 r--p 00086000 fc:00 34866703                   /home/henriqueramos_qs/meta-learning-concept-drift/.venv/lib/python3.12/site-packages/numpy/fft/_pocketfft_umath.cpython-312-x86_64-linux-gnu.so
728b3a2e0000-728b3a2e1000 r--p 0008e000 fc:00 34866703                   /home/henriqueramos_qs/meta-learning-concept-drift/.venv/lib/python3.12/site-packages/numpy/fft/_pocketfft_umath.cpython-312-x86_64-linux-gnu.so
728b3a2e1000-728b3a2e2000 rw-p 0008f000 fc:00 34866703                   /home/henriqueramos_qs/meta-learning-concept-drift/.venv/lib/python3.12/site-packages/numpy/fft/_pocketfft_umath.cpython-312-x86_64-linux-gnu.so
728b3a2e2000-728b3a316000 r--p 00000000 fc:00 35401576                   /home/henriqueramos_qs/meta-learning-concept-drift/.venv/lib/python3.12/site-packages/pyarrow/_compute.cpython-312-x86_64-linux-gnu.so
728b3a316000-728b3a3b3000 r-xp 00034000 fc:00 35401576                   /home/henriqueramos_qs/meta-learning-concept-drift/.venv/lib/python3.12/site-packages/pyarrow/_compute.cpython-312-x86_64-linux-gnu.so
728b3a3b3000-728b3a3e8000 r--p 000d1000 fc:00 35401576                   /home/henriqueramos_qs/meta-learning-concept-drift/.venv/lib/python3.12/site-packages/pyarrow/_compute.cpython-312-x86_64-linux-gnu.so
728b3a3e8000-728b3a3ee000 r--p 00105000 fc:00 35401576                   /home/henriqueramos_qs/meta-learning-concept-drift/.venv/lib/python3.12/site-packages/pyarrow/_compute.cpython-312-x86_64-linux-gnu.so
728b3a3ee000-728b3a3fb000 rw-p 0010b000 fc:00 35401576                   /home/henriqueramos_qs/meta-learning-concept-drift/.venv/lib/python3.12/site-packages/pyarrow/_compute.cpython-312-x86_64-linux-gnu.so
728b3a3fb000-728b3a3ff000 rw-p 00000000 00:00 0 
728b3a3ff000-728b3a400000 ---p 00000000 00:00 0 
728b3a400000-728b3ac00000 rw-p 00000000 00:00 0 
728b3ac00000-728b3cc00000 rw-p 00000000 00:00 0 
728b3cc01000-728b3cc05000 r--p 00000000 fc:00 34868532                   /home/henriqueramos_qs/meta-learning-concept-drift/.venv/lib/python3.12/site-packages/scipy/special/_specfun.cpython-312-x86_64-linux-gnu.so
728b3cc05000-728b3cc2d000 r-xp 00004000 fc:00 34868532                   /home/henriqueramos_qs/meta-learning-concept-drift/.venv/lib/python3.12/site-packages/scipy/special/_specfun.cpython-312-x86_64-linux-gnu.so
728b3cc2d000-728b3cc32000 r--p 0002c000 fc:00 34868532                   /home/henriqueramos_qs/meta-learning-concept-drift/.venv/lib/python3.12/site-packages/scipy/special/_specfun.cpython-312-x86_64-linux-gnu.so
728b3cc32000-728b3cc33000 r--p 00030000 fc:00 34868532                   /home/henriqueramos_qs/meta-learning-concept-drift/.venv/lib/python3.12/site-packages/scipy/special/_specfun.cpython-312-x86_64-linux-gnu.so
728b3cc33000-728b3cc34000 rw-p 00031000 fc:00 34868532                   /home/henriqueramos_qs/meta-learning-concept-drift/.venv/lib/python3.12/site-packages/scipy/special/_specfun.cpython-312-x86_64-linux-gnu.so
728b3cc34000-728b3cc35000 rw-p 00000000 00:00 0 
728b3cc35000-728b3cc3a000 r--p 00000000 fc:00 34868746                   /home/henriqueramos_qs/meta-learning-concept-drift/.venv/lib/python3.12/site-packages/scipy/linalg/_solve_toeplitz.cpython-312-x86_64-linux-gnu.so
728b3cc3a000-728b3cc6a000 r-xp 00005000 fc:00 34868746                   /home/henriqueramos_qs/meta-learning-concept-drift/.venv/lib/python3.12/site-packages/scipy/linalg/_solve_toeplitz.cpython-312-x86_64-linux-gnu.so
728b3cc6a000-728b3cc72000 r--p 00035000 fc:00 34868746                   /home/henriqueramos_qs/meta-learning-concept-drift/.venv/lib/python3.12/site-packages/scipy/linalg/_solve_toeplitz.cpython-312-x86_64-linux-gnu.so
728b3cc72000-728b3cc73000 ---p 0003d000 fc:00 34868746                   /home/henriqueramos_qs/meta-learning-concept-drift/.venv/lib/python3.12/site-packages/scipy/linalg/_solve_toeplitz.cpython-312-x86_64-linux-gnu.so
728b3cc73000-728b3cc74000 r--p 0003d000 fc:00 34868746                   /home/henriqueramos_qs/meta-learning-concept-drift/.venv/lib/python3.12/site-packages/scipy/linalg/_solve_toeplitz.cpython-312-x86_64-linux-gnu.so
728b3cc74000-728b3cc76000 rw-p 0003e000 fc:00 34868746                   /home/henriqueramos_qs/meta-learning-concept-drift/.venv/lib/python3.12/site-packages/scipy/linalg/_solve_toeplitz.cpython-312-x86_64-linux-gnu.so
728b3cc76000-728b3cc77000 rw-p 00000000 00:00 0 
728b3cc77000-728b3cc81000 r--p 00000000 fc:00 35393391                   /home/henriqueramos_qs/meta-learning-concept-drift/.venv/lib/python3.12/site-packages/pandas/_libs/parsers.cpython-312-x86_64-linux-gnu.so
728b3cc81000-728b3cce8000 r-xp 0000a000 fc:00 35393391                   /home/henriqueramos_qs/meta-learning-concept-drift/.venv/lib/python3.12/site-packages/pandas/_libs/parsers.cpython-312-x86_64-linux-gnu.so
728b3cce8000-728b3ccf6000 r--p 00071000 fc:00 35393391                   /home/henriqueramos_qs/meta-learning-concept-drift/.venv/lib/python3.12/site-packages/pandas/_libs/parsers.cpython-312-x86_64-linux-gnu.so
728b3ccf6000-728b3ccf7000 ---p 0007f000 fc:00 35393391                   /home/henriqueramos_qs/meta-learning-concept-drift/.venv/lib/python3.12/site-packages/pandas/_libs/parsers.cpython-312-x86_64-linux-gnu.so
728b3ccf7000-728b3ccf9000 r--p 0007f000 fc:00 35393391                   /home/henriqueramos_qs/meta-learning-concept-drift/.venv/lib/python3.12/site-packages/pandas/_libs/parsers.cpython-312-x86_64-linux-gnu.so
728b3ccf9000-728b3ccfc000 rw-p 00081000 fc:00 35393391                   /home/henriqueramos_qs/meta-learning-concept-drift/.venv/lib/python3.12/site-packages/pandas/_libs/parsers.cpython-312-x86_64-linux-gnu.so
728b3ccfc000-728b3cdfe000 rw-p 00000000 00:00 0 
728b3cdfe000-728b3cdff000 ---p 00000000 00:00 0 
728b3cdff000-728b3d5ff000 rw-p 00000000 00:00 0 
728b3d5ff000-728b3d600000 ---p 00000000 00:00 0 
728b3d600000-728b3de00000 rw-p 00000000 00:00 0 
728b3de00000-728b41e00000 rw-p 00000000 00:00 0 
728b41e02000-728b41e04000 r--p 00000000 fc:00 34868256                   /home/henriqueramos_qs/meta-learning-concept-drift/.venv/lib/python3.12/site-packages/scipy/optimize/_slsqp.cpython-312-x86_64-linux-gnu.so
728b41e04000-728b41e11000 r-xp 00002000 fc:00 34868256                   /home/henriqueramos_qs/meta-learning-concept-drift/.venv/lib/python3.12/site-packages/scipy/optimize/_slsqp.cpython-312-x86_64-linux-gnu.so
728b41e11000-728b41e14000 r--p 0000f000 fc:00 34868256                   /home/henriqueramos_qs/meta-learning-concept-drift/.venv/lib/python3.12/site-packages/scipy/optimize/_slsqp.cpython-312-x86_64-linux-gnu.so
728b41e14000-728b41e15000 r--p 00011000 fc:00 34868256                   /home/henriqueramos_qs/meta-learning-concept-drift/.venv/lib/python3.12/site-packages/scipy/optimize/_slsqp.cpython-312-x86_64-linux-gnu.so
728b41e15000-728b41e16000 rw-p 00012000 fc:00 34868256                   /home/henriqueramos_qs/meta-learning-concept-drift/.venv/lib/python3.12/site-packages/scipy/optimize/_slsqp.cpython-312-x86_64-linux-gnu.so
728b41e16000-728b41e22000 r--p 00000000 fc:00 35393357                   /home/henriqueramos_qs/meta-learning-concept-drift/.venv/lib/python3.12/site-packages/pandas/_libs/algos.cpython-312-x86_64-linux-gnu.so
728b41e22000-728b41fd0000 r-xp 0000c000 fc:00 35393357                   /home/henriqueramos_qs/meta-learning-concept-drift/.venv/lib/python3.12/site-packages/pandas/_libs/algos.cpython-312-x86_64-linux-gnu.so
728b41fd0000-728b41ff4000 r--p 001ba000 fc:00 35393357                   /home/henriqueramos_qs/meta-learning-concept-drift/.venv/lib/python3.12/site-packages/pandas/_libs/algos.cpython-312-x86_64-linux-gnu.so
728b41ff4000-728b41ff5000 ---p 001de000 fc:00 35393357                   /home/henriqueramos_qs/meta-learning-concept-drift/.venv/lib/python3.12/site-packages/pandas/_libs/algos.cpython-312-x86_64-linux-gnu.so
728b41ff5000-728b41ff8000 r--p 001de000 fc:00 35393357                   /home/henriqueramos_qs/meta-learning-concept-drift/.venv/lib/python3.12/site-packages/pandas/_libs/algos.cpython-312-x86_64-linux-gnu.so
728b41ff8000-728b41ffc000 rw-p 001e1000 fc:00 35393357                   /home/henriqueramos_qs/meta-learning-concept-drift/.venv/lib/python3.12/site-packages/pandas/_libs/algos.cpython-312-x86_64-linux-gnu.so
728b41ffc000-728b41fff000 rw-p 00000000 00:00 0 
728b41fff000-728b42000000 ---p 00000000 00:00 0 
728b42000000-728b42800000 rw-p 00000000 00:00 0 
728b42800000-728b44800000 rw-p 00000000 00:00 0 
728b44800000-728b44802000 r--p 00000000 fc:00 34868537                   /home/henriqueramos_qs/meta-learning-concept-drift/.venv/lib/python3.12/site-packages/scipy/special/_gufuncs.cpython-312-x86_64-linux-gnu.so
728b44802000-728b44828000 r-xp 00002000 fc:00 34868537                   /home/henriqueramos_qs/meta-learning-concept-drift/.venv/lib/python3.12/site-packages/scipy/special/_gufuncs.cpython-312-x86_64-linux-gnu.so
728b44828000-728b4482d000 r--p 00028000 fc:00 34868537                   /home/henriqueramos_qs/meta-learning-concept-drift/.venv/lib/python3.12/site-packages/scipy/special/_gufuncs.cpython-312-x86_64-linux-gnu.so
728b4482d000-728b4482e000 r--p 0002c000 fc:00 34868537                   /home/henriqueramos_qs/meta-learning-concept-drift/.venv/lib/python3.12/site-packages/scipy/special/_gufuncs.cpython-312-x86_64-linux-gnu.so
728b4482e000-728b4482f000 rw-p 0002d000 fc:00 34868537                   /home/henriqueramos_qs/meta-learning-concept-drift/.venv/lib/python3.12/site-packages/scipy/special/_gufuncs.cpython-312-x86_64-linux-gnu.so
728b4482f000-728b4483c000 r--p 00000000 fc:00 35393369                   /home/henriqueramos_qs/meta-learning-concept-drift/.venv/lib/python3.12/site-packages/pandas/_libs/index.cpython-312-x86_64-linux-gnu.so
728b4483c000-728b448d8000 r-xp 0000d000 fc:00 35393369                   /home/henriqueramos_qs/meta-learning-concept-drift/.venv/lib/python3.12/site-packages/pandas/_libs/index.cpython-312-x86_64-linux-gnu.so
728b448d8000-728b448f1000 r--p 000a9000 fc:00 35393369                   /home/henriqueramos_qs/meta-learning-concept-drift/.venv/lib/python3.12/site-packages/pandas/_libs/index.cpython-312-x86_64-linux-gnu.so
728b448f1000-728b448f4000 r--p 000c1000 fc:00 35393369                   /home/henriqueramos_qs/meta-learning-concept-drift/.venv/lib/python3.12/site-packages/pandas/_libs/index.cpython-312-x86_64-linux-gnu.so
728b448f4000-728b448fc000 rw-p 000c4000 fc:00 35393369                   /home/henriqueramos_qs/meta-learning-concept-drift/.venv/lib/python3.12/site-packages/pandas/_libs/index.cpython-312-x86_64-linux-gnu.so
728b448fc000-728b449ff000 rw-p 00000000 00:00 0 
728b449ff000-728b44a00000 ---p 00000000 00:00 0 
728b44a00000-728b45200000 rw-p 00000000 00:00 0 
728b45200000-728b47200000 rw-p 00000000 00:00 0 
728b47202000-728b47205000 r--p 00000000 fc:00 34868259                   /home/henriqueramos_qs/meta-learning-concept-drift/.venv/lib/python3.12/site-packages/scipy/optimize/_group_columns.cpython-312-x86_64-linux-gnu.so
728b47205000-728b47212000 r-xp 00003000 fc:00 34868259                   /home/henriqueramos_qs/meta-learning-concept-drift/.venv/lib/python3.12/site-packages/scipy/optimize/_group_columns.cpython-312-x86_64-linux-gnu.so
728b47212000-728b47215000 r--p 00010000 fc:00 34868259                   /home/henriqueramos_qs/meta-learning-concept-drift/.venv/lib/python3.12/site-packages/scipy/optimize/_group_columns.cpython-312-x86_64-linux-gnu.so
728b47215000-728b47216000 r--p 00012000 fc:00 34868259                   /home/henriqueramos_qs/meta-learning-concept-drift/.venv/lib/python3.12/site-packages/scipy/optimize/_group_columns.cpython-312-x86_64-linux-gnu.so
728b47216000-728b47217000 rw-p 00013000 fc:00 34868259                   /home/henriqueramos_qs/meta-learning-concept-drift/.venv/lib/python3.12/site-packages/scipy/optimize/_group_columns.cpython-312-x86_64-linux-gnu.so
728b47217000-728b4721a000 r--p 00000000 fc:00 34868389                   /home/henriqueramos_qs/meta-learning-concept-drift/.venv/lib/python3.12/site-packages/scipy/_lib/messagestream.cpython-312-x86_64-linux-gnu.so
728b4721a000-728b47225000 r-xp 00003000 fc:00 34868389                   /home/henriqueramos_qs/meta-learning-concept-drift/.venv/lib/python3.12/site-packages/scipy/_lib/messagestream.cpython-312-x86_64-linux-gnu.so
728b47225000-728b47228000 r--p 0000e000 fc:00 34868389                   /home/henriqueramos_qs/meta-learning-concept-drift/.venv/lib/python3.12/site-packages/scipy/_lib/messagestream.cpython-312-x86_64-linux-gnu.so
728b47228000-728b47229000 r--p 00010000 fc:00 34868389                   /home/henriqueramos_qs/meta-learning-concept-drift/.venv/lib/python3.12/site-packages/scipy/_lib/messagestream.cpython-312-x86_64-linux-gnu.so
728b47229000-728b4722a000 rw-p 00011000 fc:00 34868389                   /home/henriqueramos_qs/meta-learning-concept-drift/.venv/lib/python3.12/site-packages/scipy/_lib/messagestream.cpython-312-x86_64-linux-gnu.so
728b4722a000-728b47237000 r--p 00000000 fc:00 34867981                   /home/henriqueramos_qs/meta-learning-concept-drift/.venv/lib/python3.12/site-packages/charset_normalizer/md__mypyc.cpython-312-x86_64-linux-gnu.so
728b47237000-728b47256000 r-xp 0000d000 fc:00 34867981                   /home/henriqueramos_qs/meta-learning-concept-drift/.venv/lib/python3.12/site-packages/charset_normalizer/md__mypyc.cpython-312-x86_64-linux-gnu.so
728b47256000-728b4725f000 r--p 0002c000 fc:00 34867981                   /home/henriqueramos_qs/meta-learning-concept-drift/.venv/lib/python3.12/site-packages/charset_normalizer/md__mypyc.cpython-312-x86_64-linux-gnu.so
728b4725f000-728b47260000 ---p 00035000 fc:00 34867981                   /home/henriqueramos_qs/meta-learning-concept-drift/.venv/lib/python3.12/site-packages/charset_normalizer/md__mypyc.cpython-312-x86_64-linux-gnu.so
728b47260000-728b47261000 r--p 00035000 fc:00 34867981                   /home/henriqueramos_qs/meta-learning-concept-drift/.venv/lib/python3.12/site-packages/charset_normalizer/md__mypyc.cpython-312-x86_64-linux-gnu.so
728b47261000-728b47265000 rw-p 00036000 fc:00 34867981                   /home/henriqueramos_qs/meta-learning-concept-drift/.venv/lib/python3.12/site-packages/charset_normalizer/md__mypyc.cpython-312-x86_64-linux-gnu.so
728b47265000-728b47266000 rw-p 00000000 00:00 0 
728b47266000-728b4726d000 r--p 00000000 fc:00 35393395                   /home/henriqueramos_qs/meta-learning-concept-drift/.venv/lib/python3.12/site-packages/pandas/_libs/reshape.cpython-312-x86_64-linux-gnu.so
728b4726d000-728b472a8000 r-xp 00007000 fc:00 35393395                   /home/henriqueramos_qs/meta-learning-concept-drift/.venv/lib/python3.12/site-packages/pandas/_libs/reshape.cpython-312-x86_64-linux-gnu.so
728b472a8000-728b472b1000 r--p 00042000 fc:00 35393395                   /home/henriqueramos_qs/meta-learning-concept-drift/.venv/lib/python3.12/site-packages/pandas/_libs/reshape.cpython-312-x86_64-linux-gnu.so
728b472b1000-728b472b3000 r--p 0004a000 fc:00 35393395                   /home/henriqueramos_qs/meta-learning-concept-drift/.venv/lib/python3.12/site-packages/pandas/_libs/reshape.cpython-312-x86_64-linux-gnu.so
728b472b3000-728b472b5000 rw-p 0004c000 fc:00 35393395                   /home/henriqueramos_qs/meta-learning-concept-drift/.venv/lib/python3.12/site-packages/pandas/_libs/reshape.cpython-312-x86_64-linux-gnu.so
728b472b5000-728b472b6000 rw-p 00000000 00:00 0 
728b472b6000-728b472c3000 r--p 00000000 fc:00 35393375                   /home/henriqueramos_qs/meta-learning-concept-drift/.venv/lib/python3.12/site-packages/pandas/_libs/interval.cpython-312-x86_64-linux-gnu.so
728b472c3000-728b473cf000 r-xp 0000d000 fc:00 35393375                   /home/henriqueramos_qs/meta-learning-concept-drift/.venv/lib/python3.12/site-packages/pandas/_libs/interval.cpython-312-x86_64-linux-gnu.so
728b473cf000-728b473f4000 r--p 00119000 fc:00 35393375                   /home/henriqueramos_qs/meta-learning-concept-drift/.venv/lib/python3.12/site-packages/pandas/_libs/interval.cpython-312-x86_64-linux-gnu.so
728b473f4000-728b473f6000 r--p 0013d000 fc:00 35393375                   /home/henriqueramos_qs/meta-learning-concept-drift/.venv/lib/python3.12/site-packages/pandas/_libs/interval.cpython-312-x86_64-linux-gnu.so
728b473f6000-728b473fd000 rw-p 0013f000 fc:00 35393375                   /home/henriqueramos_qs/meta-learning-concept-drift/.venv/lib/python3.12/site-packages/pandas/_libs/interval.cpython-312-x86_64-linux-gnu.so
728b473fd000-728b473ff000 rw-p 00000000 00:00 0 
728b473ff000-728b47400000 ---p 00000000 00:00 0 
728b47400000-728b47c00000 rw-p 00000000 00:00 0 
728b47c00000-728b49c00000 rw-p 00000000 00:00 0 
728b49c04000-728b49c06000 r--p 00000000 08:05 8922084                    /usr/lib/jvm/java-21-openjdk-amd64/lib/libjimage.so
728b49c06000-728b49c09000 r-xp 00002000 08:05 8922084                    /usr/lib/jvm/java-21-openjdk-amd64/lib/libjimage.so
728b49c09000-728b49c0a000 r--p 00005000 08:05 8922084                    /usr/lib/jvm/java-21-openjdk-amd64/lib/libjimage.so
728b49c0a000-728b49c0b000 r--p 00006000 08:05 8922084                    /usr/lib/jvm/java-21-openjdk-amd64/lib/libjimage.so
728b49c0b000-728b49c0c000 rw-p 00007000 08:05 8922084                    /usr/lib/jvm/java-21-openjdk-amd64/lib/libjimage.so
728b49c0c000-728b49c12000 r--p 00000000 fc:00 35393444                   /home/henriqueramos_qs/meta-learning-concept-drift/.venv/lib/python3.12/site-packages/pandas/_libs/window/indexers.cpython-312-x86_64-linux-gnu.so
728b49c12000-728b49c33000 r-xp 00006000 fc:00 35393444                   /home/henriqueramos_qs/meta-learning-concept-drift/.venv/lib/python3.12/site-packages/pandas/_libs/window/indexers.cpython-312-x86_64-linux-gnu.so
728b49c33000-728b49c3b000 r--p 00027000 fc:00 35393444                   /home/henriqueramos_qs/meta-learning-concept-drift/.venv/lib/python3.12/site-packages/pandas/_libs/window/indexers.cpython-312-x86_64-linux-gnu.so
728b49c3b000-728b49c3c000 ---p 0002f000 fc:00 35393444                   /home/henriqueramos_qs/meta-learning-concept-drift/.venv/lib/python3.12/site-packages/pandas/_libs/window/indexers.cpython-312-x86_64-linux-gnu.so
728b49c3c000-728b49c3d000 r--p 0002f000 fc:00 35393444                   /home/henriqueramos_qs/meta-learning-concept-drift/.venv/lib/python3.12/site-packages/pandas/_libs/window/indexers.cpython-312-x86_64-linux-gnu.so
728b49c3d000-728b49c3f000 rw-p 00030000 fc:00 35393444                   /home/henriqueramos_qs/meta-learning-concept-drift/.venv/lib/python3.12/site-packages/pandas/_libs/window/indexers.cpython-312-x86_64-linux-gnu.so
728b49c3f000-728b49c46000 r--p 00000000 fc:00 35393442                   /home/henriqueramos_qs/meta-learning-concept-drift/.venv/lib/python3.12/site-packages/pandas/_libs/window/aggregations.cpython-312-x86_64-linux-gnu.so
728b49c46000-728b49c8d000 r-xp 00007000 fc:00 35393442                   /home/henriqueramos_qs/meta-learning-concept-drift/.venv/lib/python3.12/site-packages/pandas/_libs/window/aggregations.cpython-312-x86_64-linux-gnu.so
728b49c8d000-728b49c99000 r--p 0004e000 fc:00 35393442                   /home/henriqueramos_qs/meta-learning-concept-drift/.venv/lib/python3.12/site-packages/pandas/_libs/window/aggregations.cpython-312-x86_64-linux-gnu.so
728b49c99000-728b49c9b000 r--p 00059000 fc:00 35393442                   /home/henriqueramos_qs/meta-learning-concept-drift/.venv/lib/python3.12/site-packages/pandas/_libs/window/aggregations.cpython-312-x86_64-linux-gnu.so
728b49c9b000-728b49c9d000 rw-p 0005b000 fc:00 35393442                   /home/henriqueramos_qs/meta-learning-concept-drift/.venv/lib/python3.12/site-packages/pandas/_libs/window/aggregations.cpython-312-x86_64-linux-gnu.so
728b49c9d000-728b49c9e000 rw-p 00000000 00:00 0 
728b49c9e000-728b49ca6000 r--p 00000000 fc:00 35393373                   /home/henriqueramos_qs/meta-learning-concept-drift/.venv/lib/python3.12/site-packages/pandas/_libs/internals.cpython-312-x86_64-linux-gnu.so
728b49ca6000-728b49ceb000 r-xp 00008000 fc:00 35393373                   /home/henriqueramos_qs/meta-learning-concept-drift/.venv/lib/python3.12/site-packages/pandas/_libs/internals.cpython-312-x86_64-linux-gnu.so
728b49ceb000-728b49cf8000 r--p 0004d000 fc:00 35393373                   /home/henriqueramos_qs/meta-learning-concept-drift/.venv/lib/python3.12/site-packages/pandas/_libs/internals.cpython-312-x86_64-linux-gnu.so
728b49cf8000-728b49cfa000 r--p 00059000 fc:00 35393373                   /home/henriqueramos_qs/meta-learning-concept-drift/.venv/lib/python3.12/site-packages/pandas/_libs/internals.cpython-312-x86_64-linux-gnu.so
728b49cfa000-728b49cfd000 rw-p 0005b000 fc:00 35393373                   /home/henriqueramos_qs/meta-learning-concept-drift/.venv/lib/python3.12/site-packages/pandas/_libs/internals.cpython-312-x86_64-linux-gnu.so
728b49cfd000-728b49dff000 rw-p 00000000 00:00 0 
728b49dff000-728b49e00000 ---p 00000000 00:00 0 
728b49e00000-728b4a600000 rw-p 00000000 00:00 0 
728b4a600000-728b4c600000 rw-p 00000000 00:00 0 
728b4c603000-728b4c605000 r--p 00000000 fc:00 35399859                   /home/henriqueramos_qs/meta-learning-concept-drift/.venv/lib/python3.12/site-packages/sklearn/ensemble/_hist_gradient_boosting/common.cpython-312-x86_64-linux-gnu.so
728b4c605000-728b4c60a000 r-xp 00002000 fc:00 35399859                   /home/henriqueramos_qs/meta-learning-concept-drift/.venv/lib/python3.12/site-packages/sklearn/ensemble/_hist_gradient_boosting/common.cpython-312-x86_64-linux-gnu.so
728b4c60a000-728b4c60b000 r--p 00007000 fc:00 35399859                   /home/henriqueramos_qs/meta-learning-concept-drift/.venv/lib/python3.12/site-packages/sklearn/ensemble/_hist_gradient_boosting/common.cpython-312-x86_64-linux-gnu.so
728b4c60b000-728b4c60c000 r--p 00007000 fc:00 35399859                   /home/henriqueramos_qs/meta-learning-concept-drift/.venv/lib/python3.12/site-packages/sklearn/ensemble/_hist_gradient_boosting/common.cpython-312-x86_64-linux-gnu.so
728b4c60c000-728b4c60d000 rw-p 00008000 fc:00 35399859                   /home/henriqueramos_qs/meta-learning-concept-drift/.venv/lib/python3.12/site-packages/sklearn/ensemble/_hist_gradient_boosting/common.cpython-312-x86_64-linux-gnu.so
728b4c60d000-728b4c610000 r--p 00000000 fc:00 34868552                   /home/henriqueramos_qs/meta-learning-concept-drift/.venv/lib/python3.12/site-packages/scipy/special/_ellip_harm_2.cpython-312-x86_64-linux-gnu.so
728b4c610000-728b4c625000 r-xp 00003000 fc:00 34868552                   /home/henriqueramos_qs/meta-learning-concept-drift/.venv/lib/python3.12/site-packages/scipy/special/_ellip_harm_2.cpython-312-x86_64-linux-gnu.so
728b4c625000-728b4c628000 r--p 00018000 fc:00 34868552                   /home/henriqueramos_qs/meta-learning-concept-drift/.venv/lib/python3.12/site-packages/scipy/special/_ellip_harm_2.cpython-312-x86_64-linux-gnu.so
728b4c628000-728b4c629000 r--p 0001a000 fc:00 34868552                   /home/henriqueramos_qs/meta-learning-concept-drift/.venv/lib/python3.12/site-packages/scipy/special/_ellip_harm_2.cpython-312-x86_64-linux-gnu.so
728b4c629000-728b4c62a000 rw-p 0001b000 fc:00 34868552                   /home/henriqueramos_qs/meta-learning-concept-drift/.venv/lib/python3.12/site-packages/scipy/special/_ellip_harm_2.cpython-312-x86_64-linux-gnu.so
728b4c62a000-728b4c62d000 rw-p 00020000 fc:00 34868552                   /home/henriqueramos_qs/meta-learning-concept-drift/.venv/lib/python3.12/site-packages/scipy/special/_ellip_harm_2.cpython-312-x86_64-linux-gnu.so
728b4c62d000-728b4c635000 r--p 00000000 fc:00 35393399                   /home/henriqueramos_qs/meta-learning-concept-drift/.venv/lib/python3.12/site-packages/pandas/_libs/sparse.cpython-312-x86_64-linux-gnu.so
728b4c635000-728b4c6ea000 r-xp 00008000 fc:00 35393399                   /home/henriqueramos_qs/meta-learning-concept-drift/.venv/lib/python3.12/site-packages/pandas/_libs/sparse.cpython-312-x86_64-linux-gnu.so
728b4c6ea000-728b4c6f9000 r--p 000bd000 fc:00 35393399                   /home/henriqueramos_qs/meta-learning-concept-drift/.venv/lib/python3.12/site-packages/pandas/_libs/sparse.cpython-312-x86_64-linux-gnu.so
728b4c6f9000-728b4c6fb000 r--p 000cb000 fc:00 35393399                   /home/henriqueramos_qs/meta-learning-concept-drift/.venv/lib/python3.12/site-packages/pandas/_libs/sparse.cpython-312-x86_64-linux-gnu.so
728b4c6fb000-728b4c6fe000 rw-p 000cd000 fc:00 35393399                   /home/henriqueramos_qs/meta-learning-concept-drift/.venv/lib/python3.12/site-packages/pandas/_libs/sparse.cpython-312-x86_64-linux-gnu.so
728b4c6fe000-728b4c7ff000 rw-p 00000000 00:00 0 
728b4c7ff000-728b4c800000 ---p 00000000 00:00 0 
728b4c800000-728b4d000000 rw-p 00000000 00:00 0 
728b4d000000-728b4f000000 rw-p 00000000 00:00 0 
728b4f000000-728b4f001000 r--p 00000000 fc:00 35521565                   /home/henriqueramos_qs/meta-learning-concept-drift/.venv/lib/python3.12/site-packages/torch/lib/libtorch_global_deps.so
728b4f001000-728b4f002000 r-xp 00001000 fc:00 35521565                   /home/henriqueramos_qs/meta-learning-concept-drift/.venv/lib/python3.12/site-packages/torch/lib/libtorch_global_deps.so
728b4f002000-728b4f003000 r--p 00002000 fc:00 35521565                   /home/henriqueramos_qs/meta-learning-concept-drift/.venv/lib/python3.12/site-packages/torch/lib/libtorch_global_deps.so
728b4f003000-728b4f004000 r--p 00002000 fc:00 35521565                   /home/henriqueramos_qs/meta-learning-concept-drift/.venv/lib/python3.12/site-packages/torch/lib/libtorch_global_deps.so
728b4f004000-728b4f006000 rw-p 00003000 fc:00 35521565                   /home/henriqueramos_qs/meta-learning-concept-drift/.venv/lib/python3.12/site-packages/torch/lib/libtorch_global_deps.so
728b4f006000-728b4f009000 r--p 00000000 fc:00 34868105                   /home/henriqueramos_qs/meta-learning-concept-drift/.venv/lib/python3.12/site-packages/scipy/sparse/csgraph/_tools.cpython-312-x86_64-linux-gnu.so
728b4f009000-728b4f025000 r-xp 00003000 fc:00 34868105                   /home/henriqueramos_qs/meta-learning-concept-drift/.venv/lib/python3.12/site-packages/scipy/sparse/csgraph/_tools.cpython-312-x86_64-linux-gnu.so
728b4f025000-728b4f02f000 r--p 0001f000 fc:00 34868105                   /home/henriqueramos_qs/meta-learning-concept-drift/.venv/lib/python3.12/site-packages/scipy/sparse/csgraph/_tools.cpython-312-x86_64-linux-gnu.so
728b4f02f000-728b4f030000 r--p 00028000 fc:00 34868105                   /home/henriqueramos_qs/meta-learning-concept-drift/.venv/lib/python3.12/site-packages/scipy/sparse/csgraph/_tools.cpython-312-x86_64-linux-gnu.so
728b4f030000-728b4f031000 rw-p 00029000 fc:00 34868105                   /home/henriqueramos_qs/meta-learning-concept-drift/.venv/lib/python3.12/site-packages/scipy/sparse/csgraph/_tools.cpython-312-x86_64-linux-gnu.so
728b4f031000-728b4f032000 rw-p 00000000 00:00 0 
728b4f032000-728b4f039000 r--p 00000000 fc:00 35393403                   /home/henriqueramos_qs/meta-learning-concept-drift/.venv/lib/python3.12/site-packages/pandas/_libs/tslib.cpython-312-x86_64-linux-gnu.so
728b4f039000-728b4f071000 r-xp 00007000 fc:00 35393403                   /home/henriqueramos_qs/meta-learning-concept-drift/.venv/lib/python3.12/site-packages/pandas/_libs/tslib.cpython-312-x86_64-linux-gnu.so
728b4f071000-728b4f07c000 r--p 0003f000 fc:00 35393403                   /home/henriqueramos_qs/meta-learning-concept-drift/.venv/lib/python3.12/site-packages/pandas/_libs/tslib.cpython-312-x86_64-linux-gnu.so
728b4f07c000-728b4f07e000 r--p 00049000 fc:00 35393403                   /home/henriqueramos_qs/meta-learning-concept-drift/.venv/lib/python3.12/site-packages/pandas/_libs/tslib.cpython-312-x86_64-linux-gnu.so
728b4f07e000-728b4f080000 rw-p 0004b000 fc:00 35393403                   /home/henriqueramos_qs/meta-learning-concept-drift/.venv/lib/python3.12/site-packages/pandas/_libs/tslib.cpython-312-x86_64-linux-gnu.so
728b4f080000-728b4f081000 rw-p 00000000 00:00 0 
728b4f081000-728b4f0d8000 r--p 00000000 fc:00 35401657                   /home/henriqueramos_qs/meta-learning-concept-drift/.venv/lib/python3.12/site-packages/pyarrow/libarrow_acero.so.2100
728b4f0d8000-728b4f1bc000 r-xp 00057000 fc:00 35401657                   /home/henriqueramos_qs/meta-learning-concept-drift/.venv/lib/python3.12/site-packages/pyarrow/libarrow_acero.so.2100
728b4f1bc000-728b4f1f5000 r--p 0013b000 fc:00 35401657                   /home/henriqueramos_qs/meta-learning-concept-drift/.venv/lib/python3.12/site-packages/pyarrow/libarrow_acero.so.2100
728b4f1f5000-728b4f1f6000 ---p 00174000 fc:00 35401657                   /home/henriqueramos_qs/meta-learning-concept-drift/.venv/lib/python3.12/site-packages/pyarrow/libarrow_acero.so.2100
728b4f1f6000-728b4f1fb000 r--p 00174000 fc:00 35401657                   /home/henriqueramos_qs/meta-learning-concept-drift/.venv/lib/python3.12/site-packages/pyarrow/libarrow_acero.so.2100
728b4f1fb000-728b4f1fe000 rw-p 00179000 fc:00 35401657                   /home/henriqueramos_qs/meta-learning-concept-drift/.venv/lib/python3.12/site-packages/pyarrow/libarrow_acero.so.2100
728b4f1fe000-728b4f1ff000 ---p 00000000 00:00 0 
728b4f1ff000-728b4f9ff000 rw-p 00000000 00:00 0 
728b4f9ff000-728b4fa00000 ---p 00000000 00:00 0 
728b4fa00000-728b50200000 rw-p 00000000 00:00 0 
728b50200000-728b54200000 rw-p 00000000 00:00 0 
728b54201000-728b54202000 r--p 00000000 fc:00 34868278                   /home/henriqueramos_qs/meta-learning-concept-drift/.venv/lib/python3.12/site-packages/scipy/optimize/_direct.cpython-312-x86_64-linux-gnu.so
728b54202000-728b54208000 r-xp 00001000 fc:00 34868278                   /home/henriqueramos_qs/meta-learning-concept-drift/.venv/lib/python3.12/site-packages/scipy/optimize/_direct.cpython-312-x86_64-linux-gnu.so
728b54208000-728b5420a000 r--p 00007000 fc:00 34868278                   /home/henriqueramos_qs/meta-learning-concept-drift/.venv/lib/python3.12/site-packages/scipy/optimize/_direct.cpython-312-x86_64-linux-gnu.so
728b5420a000-728b5420b000 r--p 00008000 fc:00 34868278                   /home/henriqueramos_qs/meta-learning-concept-drift/.venv/lib/python3.12/site-packages/scipy/optimize/_direct.cpython-312-x86_64-linux-gnu.so
728b5420b000-728b5420c000 rw-p 00009000 fc:00 34868278                   /home/henriqueramos_qs/meta-learning-concept-drift/.venv/lib/python3.12/site-packages/scipy/optimize/_direct.cpython-312-x86_64-linux-gnu.so
728b5420c000-728b5420f000 r--p 00000000 fc:00 34868526                   /home/henriqueramos_qs/meta-learning-concept-drift/.venv/lib/python3.12/site-packages/scipy/special/_comb.cpython-312-x86_64-linux-gnu.so
728b5420f000-728b54216000 r-xp 00003000 fc:00 34868526                   /home/henriqueramos_qs/meta-learning-concept-drift/.venv/lib/python3.12/site-packages/scipy/special/_comb.cpython-312-x86_64-linux-gnu.so
728b54216000-728b54218000 r--p 0000a000 fc:00 34868526                   /home/henriqueramos_qs/meta-learning-concept-drift/.venv/lib/python3.12/site-packages/scipy/special/_comb.cpython-312-x86_64-linux-gnu.so
728b54218000-728b54219000 r--p 0000b000 fc:00 34868526                   /home/henriqueramos_qs/meta-learning-concept-drift/.venv/lib/python3.12/site-packages/scipy/special/_comb.cpython-312-x86_64-linux-gnu.so
728b54219000-728b5421a000 rw-p 0000c000 fc:00 34868526                   /home/henriqueramos_qs/meta-learning-concept-drift/.venv/lib/python3.12/site-packages/scipy/special/_comb.cpython-312-x86_64-linux-gnu.so
728b5421a000-728b5421e000 r--p 00000000 fc:00 34868409                   /home/henriqueramos_qs/meta-learning-concept-drift/.venv/lib/python3.12/site-packages/scipy/_lib/_ccallback_c.cpython-312-x86_64-linux-gnu.so
728b5421e000-728b5422c000 r-xp 00004000 fc:00 34868409                   /home/henriqueramos_qs/meta-learning-concept-drift/.venv/lib/python3.12/site-packages/scipy/_lib/_ccallback_c.cpython-312-x86_64-linux-gnu.so
728b5422c000-728b5422f000 r--p 00012000 fc:00 34868409                   /home/henriqueramos_qs/meta-learning-concept-drift/.venv/lib/python3.12/site-packages/scipy/_lib/_ccallback_c.cpython-312-x86_64-linux-gnu.so
728b5422f000-728b54230000 r--p 00014000 fc:00 34868409                   /home/henriqueramos_qs/meta-learning-concept-drift/.venv/lib/python3.12/site-packages/scipy/_lib/_ccallback_c.cpython-312-x86_64-linux-gnu.so
728b54230000-728b54231000 rw-p 00015000 fc:00 34868409                   /home/henriqueramos_qs/meta-learning-concept-drift/.venv/lib/python3.12/site-packages/scipy/_lib/_ccallback_c.cpython-312-x86_64-linux-gnu.so
728b54231000-728b542da000 r--p 00000000 fc:00 35401659                   /home/henriqueramos_qs/meta-learning-concept-drift/.venv/lib/python3.12/site-packages/pyarrow/libarrow_dataset.so.2100
728b542da000-728b543ae000 r-xp 000a9000 fc:00 35401659                   /home/henriqueramos_qs/meta-learning-concept-drift/.venv/lib/python3.12/site-packages/pyarrow/libarrow_dataset.so.2100
728b543ae000-728b543f3000 r--p 0017d000 fc:00 35401659                   /home/henriqueramos_qs/meta-learning-concept-drift/.venv/lib/python3.12/site-packages/pyarrow/libarrow_dataset.so.2100
728b543f3000-728b543f4000 ---p 001c2000 fc:00 35401659                   /home/henriqueramos_qs/meta-learning-concept-drift/.venv/lib/python3.12/site-packages/pyarrow/libarrow_dataset.so.2100
728b543f4000-728b543fc000 r--p 001c2000 fc:00 35401659                   /home/henriqueramos_qs/meta-learning-concept-drift/.venv/lib/python3.12/site-packages/pyarrow/libarrow_dataset.so.2100
728b543fc000-728b543fe000 rw-p 001ca000 fc:00 35401659                   /home/henriqueramos_qs/meta-learning-concept-drift/.venv/lib/python3.12/site-packages/pyarrow/libarrow_dataset.so.2100
728b543fe000-728b543ff000 rw-p 00000000 00:00 0 
728b543ff000-728b54400000 ---p 00000000 00:00 0 
728b54400000-728b54c00000 rw-p 00000000 00:00 0 
728b54c00000-728b56c00000 rw-p 00000000 00:00 0 
728b56c04000-728b56c91000 r--p 00000000 fc:00 35401662                   /home/henriqueramos_qs/meta-learning-concept-drift/.venv/lib/python3.12/site-packages/pyarrow/libarrow_python.so.2100
728b56c91000-728b56dac000 r-xp 0008d000 fc:00 35401662                   /home/henriqueramos_qs/meta-learning-concept-drift/.venv/lib/python3.12/site-packages/pyarrow/libarrow_python.so.2100
728b56dac000-728b56df0000 r--p 001a8000 fc:00 35401662                   /home/henriqueramos_qs/meta-learning-concept-drift/.venv/lib/python3.12/site-packages/pyarrow/libarrow_python.so.2100
728b56df0000-728b56dfc000 r--p 001eb000 fc:00 35401662                   /home/henriqueramos_qs/meta-learning-concept-drift/.venv/lib/python3.12/site-packages/pyarrow/libarrow_python.so.2100
728b56dfc000-728b56dff000 rw-p 001f7000 fc:00 35401662                   /home/henriqueramos_qs/meta-learning-concept-drift/.venv/lib/python3.12/site-packages/pyarrow/libarrow_python.so.2100
728b56dff000-728b56e00000 ---p 00000000 00:00 0 
728b56e00000-728b57600000 rw-p 00000000 00:00 0 
728b57600000-728b59600000 rw-p 00000000 00:00 0 
728b59603000-728b59606000 r--p 00000000 08:05 8397327                    /usr/lib/python3.12/lib-dynload/_multibytecodec.cpython-312-x86_64-linux-gnu.so
728b59606000-728b5960d000 r-xp 00003000 08:05 8397327                    /usr/lib/python3.12/lib-dynload/_multibytecodec.cpython-312-x86_64-linux-gnu.so
728b5960d000-728b5960f000 r--p 0000a000 08:05 8397327                    /usr/lib/python3.12/lib-dynload/_multibytecodec.cpython-312-x86_64-linux-gnu.so
728b5960f000-728b59610000 r--p 0000b000 08:05 8397327                    /usr/lib/python3.12/lib-dynload/_multibytecodec.cpython-312-x86_64-linux-gnu.so
728b59610000-728b59611000 rw-p 0000c000 08:05 8397327                    /usr/lib/python3.12/lib-dynload/_multibytecodec.cpython-312-x86_64-linux-gnu.so
728b59611000-728b59615000 r--p 00000000 fc:00 35393401                   /home/henriqueramos_qs/meta-learning-concept-drift/.venv/lib/python3.12/site-packages/pandas/_libs/testing.cpython-312-x86_64-linux-gnu.so
728b59615000-728b59629000 r-xp 00004000 fc:00 35393401                   /home/henriqueramos_qs/meta-learning-concept-drift/.venv/lib/python3.12/site-packages/pandas/_libs/testing.cpython-312-x86_64-linux-gnu.so
728b59629000-728b5962d000 r--p 00018000 fc:00 35393401                   /home/henriqueramos_qs/meta-learning-concept-drift/.venv/lib/python3.12/site-packages/pandas/_libs/testing.cpython-312-x86_64-linux-gnu.so
728b5962d000-728b5962e000 r--p 0001b000 fc:00 35393401                   /home/henriqueramos_qs/meta-learning-concept-drift/.venv/lib/python3.12/site-packages/pandas/_libs/testing.cpython-312-x86_64-linux-gnu.so
728b5962e000-728b5962f000 rw-p 0001c000 fc:00 35393401                   /home/henriqueramos_qs/meta-learning-concept-drift/.venv/lib/python3.12/site-packages/pandas/_libs/testing.cpython-312-x86_64-linux-gnu.so
728b5962f000-728b5963b000 r--p 00000000 fc:00 35393381                   /home/henriqueramos_qs/meta-learning-concept-drift/.venv/lib/python3.12/site-packages/pandas/_libs/lib.cpython-312-x86_64-linux-gnu.so
728b5963b000-728b596d7000 r-xp 0000c000 fc:00 35393381                   /home/henriqueramos_qs/meta-learning-concept-drift/.venv/lib/python3.12/site-packages/pandas/_libs/lib.cpython-312-x86_64-linux-gnu.so
728b596d7000-728b596f2000 r--p 000a8000 fc:00 35393381                   /home/henriqueramos_qs/meta-learning-concept-drift/.venv/lib/python3.12/site-packages/pandas/_libs/lib.cpython-312-x86_64-linux-gnu.so
728b596f2000-728b596f3000 ---p 000c3000 fc:00 35393381                   /home/henriqueramos_qs/meta-learning-concept-drift/.venv/lib/python3.12/site-packages/pandas/_libs/lib.cpython-312-x86_64-linux-gnu.so
728b596f3000-728b596f6000 r--p 000c3000 fc:00 35393381                   /home/henriqueramos_qs/meta-learning-concept-drift/.venv/lib/python3.12/site-packages/pandas/_libs/lib.cpython-312-x86_64-linux-gnu.so
728b596f6000-728b596fc000 rw-p 000c6000 fc:00 35393381                   /home/henriqueramos_qs/meta-learning-concept-drift/.venv/lib/python3.12/site-packages/pandas/_libs/lib.cpython-312-x86_64-linux-gnu.so
728b596fc000-728b597fe000 rw-p 00000000 00:00 0 
728b597fe000-728b597ff000 ---p 00000000 00:00 0 
728b597ff000-728b59fff000 rw-p 00000000 00:00 0 
728b59fff000-728b5a000000 ---p 00000000 00:00 0 
728b5a000000-728b5a800000 rw-p 00000000 00:00 0 
728b5a800000-728b5e800000 rw-p 00000000 00:00 0 
728b5e802000-728b5e804000 r--p 00000000 fc:00 34868341                   /home/henriqueramos_qs/meta-learning-concept-drift/.venv/lib/python3.12/site-packages/scipy/optimize/_highs/_highs_constants.cpython-312-x86_64-linux-gnu.so
728b5e804000-728b5e808000 r-xp 00002000 fc:00 34868341                   /home/henriqueramos_qs/meta-learning-concept-drift/.venv/lib/python3.12/site-packages/scipy/optimize/_highs/_highs_constants.cpython-312-x86_64-linux-gnu.so
728b5e808000-728b5e809000 r--p 00006000 fc:00 34868341                   /home/henriqueramos_qs/meta-learning-concept-drift/.venv/lib/python3.12/site-packages/scipy/optimize/_highs/_highs_constants.cpython-312-x86_64-linux-gnu.so
728b5e809000-728b5e80a000 r--p 00006000 fc:00 34868341                   /home/henriqueramos_qs/meta-learning-concept-drift/.venv/lib/python3.12/site-packages/scipy/optimize/_highs/_highs_constants.cpython-312-x86_64-linux-gnu.so
728b5e80a000-728b5e80b000 rw-p 00007000 fc:00 34868341                   /home/henriqueramos_qs/meta-learning-concept-drift/.venv/lib/python3.12/site-packages/scipy/optimize/_highs/_highs_constants.cpython-312-x86_64-linux-gnu.so
728b5e80b000-728b5e811000 r--p 00000000 fc:00 35393405                   /home/henriqueramos_qs/meta-learning-concept-drift/.venv/lib/python3.12/site-packages/pandas/_libs/writers.cpython-312-x86_64-linux-gnu.so
728b5e811000-728b5e839000 r-xp 00006000 fc:00 35393405                   /home/henriqueramos_qs/meta-learning-concept-drift/.venv/lib/python3.12/site-packages/pandas/_libs/writers.cpython-312-x86_64-linux-gnu.so
728b5e839000-728b5e842000 r--p 0002e000 fc:00 35393405                   /home/henriqueramos_qs/meta-learning-concept-drift/.venv/lib/python3.12/site-packages/pandas/_libs/writers.cpython-312-x86_64-linux-gnu.so
728b5e842000-728b5e844000 r--p 00036000 fc:00 35393405                   /home/henriqueramos_qs/meta-learning-concept-drift/.venv/lib/python3.12/site-packages/pandas/_libs/writers.cpython-312-x86_64-linux-gnu.so
728b5e844000-728b5e846000 rw-p 00038000 fc:00 35393405                   /home/henriqueramos_qs/meta-learning-concept-drift/.venv/lib/python3.12/site-packages/pandas/_libs/writers.cpython-312-x86_64-linux-gnu.so
728b5e846000-728b5e847000 rw-p 00000000 00:00 0 
728b5e847000-728b5e84d000 r--p 00000000 fc:00 35393385                   /home/henriqueramos_qs/meta-learning-concept-drift/.venv/lib/python3.12/site-packages/pandas/_libs/ops.cpython-312-x86_64-linux-gnu.so
728b5e84d000-728b5e877000 r-xp 00006000 fc:00 35393385                   /home/henriqueramos_qs/meta-learning-concept-drift/.venv/lib/python3.12/site-packages/pandas/_libs/ops.cpython-312-x86_64-linux-gnu.so
728b5e877000-728b5e880000 r--p 00030000 fc:00 35393385                   /home/henriqueramos_qs/meta-learning-concept-drift/.venv/lib/python3.12/site-packages/pandas/_libs/ops.cpython-312-x86_64-linux-gnu.so
728b5e880000-728b5e881000 ---p 00039000 fc:00 35393385                   /home/henriqueramos_qs/meta-learning-concept-drift/.venv/lib/python3.12/site-packages/pandas/_libs/ops.cpython-312-x86_64-linux-gnu.so
728b5e881000-728b5e882000 r--p 00039000 fc:00 35393385                   /home/henriqueramos_qs/meta-learning-concept-drift/.venv/lib/python3.12/site-packages/pandas/_libs/ops.cpython-312-x86_64-linux-gnu.so
728b5e882000-728b5e884000 rw-p 0003a000 fc:00 35393385                   /home/henriqueramos_qs/meta-learning-concept-drift/.venv/lib/python3.12/site-packages/pandas/_libs/ops.cpython-312-x86_64-linux-gnu.so
728b5e884000-728b5e885000 rw-p 00000000 00:00 0 
728b5e885000-728b5e88e000 r--p 00000000 fc:00 35393426                   /home/henriqueramos_qs/meta-learning-concept-drift/.venv/lib/python3.12/site-packages/pandas/_libs/tslibs/period.cpython-312-x86_64-linux-gnu.so
728b5e88e000-728b5e8de000 r-xp 00009000 fc:00 35393426                   /home/henriqueramos_qs/meta-learning-concept-drift/.venv/lib/python3.12/site-packages/pandas/_libs/tslibs/period.cpython-312-x86_64-linux-gnu.so
728b5e8de000-728b5e8f8000 r--p 00059000 fc:00 35393426                   /home/henriqueramos_qs/meta-learning-concept-drift/.venv/lib/python3.12/site-packages/pandas/_libs/tslibs/period.cpython-312-x86_64-linux-gnu.so
728b5e8f8000-728b5e8fb000 r--p 00072000 fc:00 35393426                   /home/henriqueramos_qs/meta-learning-concept-drift/.venv/lib/python3.12/site-packages/pandas/_libs/tslibs/period.cpython-312-x86_64-linux-gnu.so
728b5e8fb000-728b5e8fe000 rw-p 00075000 fc:00 35393426                   /home/henriqueramos_qs/meta-learning-concept-drift/.venv/lib/python3.12/site-packages/pandas/_libs/tslibs/period.cpython-312-x86_64-linux-gnu.so
728b5e8fe000-728b5e9ff000 rw-p 00000000 00:00 0 
728b5e9ff000-728b5ea00000 ---p 00000000 00:00 0 
728b5ea00000-728b5f200000 rw-p 00000000 00:00 0 
728b5f200000-728b61200000 rw-p 00000000 00:00 0 
728b61201000-728b61202000 r--p 00000000 fc:00 34868225                   /home/henriqueramos_qs/meta-learning-concept-drift/.venv/lib/python3.12/site-packages/scipy/optimize/_lsap.cpython-312-x86_64-linux-gnu.so
728b61202000-728b61204000 r-xp 00001000 fc:00 34868225                   /home/henriqueramos_qs/meta-learning-concept-drift/.venv/lib/python3.12/site-packages/scipy/optimize/_lsap.cpython-312-x86_64-linux-gnu.so
728b61204000-728b61206000 r--p 00003000 fc:00 34868225                   /home/henriqueramos_qs/meta-learning-concept-drift/.venv/lib/python3.12/site-packages/scipy/optimize/_lsap.cpython-312-x86_64-linux-gnu.so
728b61206000-728b61207000 r--p 00004000 fc:00 34868225                   /home/henriqueramos_qs/meta-learning-concept-drift/.venv/lib/python3.12/site-packages/scipy/optimize/_lsap.cpython-312-x86_64-linux-gnu.so
728b61207000-728b61208000 rw-p 00005000 fc:00 34868225                   /home/henriqueramos_qs/meta-learning-concept-drift/.venv/lib/python3.12/site-packages/scipy/optimize/_lsap.cpython-312-x86_64-linux-gnu.so
728b61208000-728b6120e000 r--p 00000000 fc:00 35393365                   /home/henriqueramos_qs/meta-learning-concept-drift/.venv/lib/python3.12/site-packages/pandas/_libs/hashing.cpython-312-x86_64-linux-gnu.so
728b6120e000-728b61230000 r-xp 00006000 fc:00 35393365                   /home/henriqueramos_qs/meta-learning-concept-drift/.venv/lib/python3.12/site-packages/pandas/_libs/hashing.cpython-312-x86_64-linux-gnu.so
728b61230000-728b61238000 r--p 00028000 fc:00 35393365                   /home/henriqueramos_qs/meta-learning-concept-drift/.venv/lib/python3.12/site-packages/pandas/_libs/hashing.cpython-312-x86_64-linux-gnu.so
728b61238000-728b61239000 r--p 0002f000 fc:00 35393365                   /home/henriqueramos_qs/meta-learning-concept-drift/.venv/lib/python3.12/site-packages/pandas/_libs/hashing.cpython-312-x86_64-linux-gnu.so
728b61239000-728b6123b000 rw-p 00030000 fc:00 35393365                   /home/henriqueramos_qs/meta-learning-concept-drift/.venv/lib/python3.12/site-packages/pandas/_libs/hashing.cpython-312-x86_64-linux-gnu.so
728b6123b000-728b6123c000 rw-p 00000000 00:00 0 
728b6123c000-728b61243000 r--p 00000000 fc:00 35393428                   /home/henriqueramos_qs/meta-learning-concept-drift/.venv/lib/python3.12/site-packages/pandas/_libs/tslibs/strptime.cpython-312-x86_64-linux-gnu.so
728b61243000-728b61286000 r-xp 00007000 fc:00 35393428                   /home/henriqueramos_qs/meta-learning-concept-drift/.venv/lib/python3.12/site-packages/pandas/_libs/tslibs/strptime.cpython-312-x86_64-linux-gnu.so
728b61286000-728b61291000 r--p 0004a000 fc:00 35393428                   /home/henriqueramos_qs/meta-learning-concept-drift/.venv/lib/python3.12/site-packages/pandas/_libs/tslibs/strptime.cpython-312-x86_64-linux-gnu.so
728b61291000-728b61292000 ---p 00055000 fc:00 35393428                   /home/henriqueramos_qs/meta-learning-concept-drift/.venv/lib/python3.12/site-packages/pandas/_libs/tslibs/strptime.cpython-312-x86_64-linux-gnu.so
728b61292000-728b61294000 r--p 00055000 fc:00 35393428                   /home/henriqueramos_qs/meta-learning-concept-drift/.venv/lib/python3.12/site-packages/pandas/_libs/tslibs/strptime.cpython-312-x86_64-linux-gnu.so
728b61294000-728b61296000 rw-p 00057000 fc:00 35393428                   /home/henriqueramos_qs/meta-learning-concept-drift/.venv/lib/python3.12/site-packages/pandas/_libs/tslibs/strptime.cpython-312-x86_64-linux-gnu.so
728b61296000-728b61297000 rw-p 00000000 00:00 0 
728b61297000-728b6129f000 r--p 00000000 fc:00 35393424                   /home/henriqueramos_qs/meta-learning-concept-drift/.venv/lib/python3.12/site-packages/pandas/_libs/tslibs/parsing.cpython-312-x86_64-linux-gnu.so
728b6129f000-728b612ea000 r-xp 00008000 fc:00 35393424                   /home/henriqueramos_qs/meta-learning-concept-drift/.venv/lib/python3.12/site-packages/pandas/_libs/tslibs/parsing.cpython-312-x86_64-linux-gnu.so
728b612ea000-728b612f8000 r--p 00053000 fc:00 35393424                   /home/henriqueramos_qs/meta-learning-concept-drift/.venv/lib/python3.12/site-packages/pandas/_libs/tslibs/parsing.cpython-312-x86_64-linux-gnu.so
728b612f8000-728b612f9000 ---p 00061000 fc:00 35393424                   /home/henriqueramos_qs/meta-learning-concept-drift/.venv/lib/python3.12/site-packages/pandas/_libs/tslibs/parsing.cpython-312-x86_64-linux-gnu.so
728b612f9000-728b612fb000 r--p 00061000 fc:00 35393424                   /home/henriqueramos_qs/meta-learning-concept-drift/.venv/lib/python3.12/site-packages/pandas/_libs/tslibs/parsing.cpython-312-x86_64-linux-gnu.so
728b612fb000-728b612fe000 rw-p 00063000 fc:00 35393424                   /home/henriqueramos_qs/meta-learning-concept-drift/.venv/lib/python3.12/site-packages/pandas/_libs/tslibs/parsing.cpython-312-x86_64-linux-gnu.so
728b612fe000-728b613ff000 rw-p 00000000 00:00 0 
728b613ff000-728b61400000 ---p 00000000 00:00 0 
728b61400000-728b61c00000 rw-p 00000000 00:00 0 
728b61c00000-728b63c00000 rw-p 00000000 00:00 0 
728b63c04000-728b63c07000 r--p 00000000 fc:00 35399520                   /home/henriqueramos_qs/meta-learning-concept-drift/.venv/lib/python3.12/site-packages/sklearn/__check_build/_check_build.cpython-312-x86_64-linux-gnu.so
728b63c07000-728b63c0a000 r-xp 00003000 fc:00 35399520                   /home/henriqueramos_qs/meta-learning-concept-drift/.venv/lib/python3.12/site-packages/sklearn/__check_build/_check_build.cpython-312-x86_64-linux-gnu.so
728b63c0a000-728b63c0c000 r--p 00006000 fc:00 35399520                   /home/henriqueramos_qs/meta-learning-concept-drift/.venv/lib/python3.12/site-packages/sklearn/__check_build/_check_build.cpython-312-x86_64-linux-gnu.so
728b63c0c000-728b63c0d000 r--p 00007000 fc:00 35399520                   /home/henriqueramos_qs/meta-learning-concept-drift/.venv/lib/python3.12/site-packages/sklearn/__check_build/_check_build.cpython-312-x86_64-linux-gnu.so
728b63c0d000-728b63c0e000 rw-p 00008000 fc:00 35399520                   /home/henriqueramos_qs/meta-learning-concept-drift/.venv/lib/python3.12/site-packages/sklearn/__check_build/_check_build.cpython-312-x86_64-linux-gnu.so
728b63c0e000-728b63c10000 r--p 00000000 fc:00 35393379                   /home/henriqueramos_qs/meta-learning-concept-drift/.venv/lib/python3.12/site-packages/pandas/_libs/json.cpython-312-x86_64-linux-gnu.so
728b63c10000-728b63c19000 r-xp 00002000 fc:00 35393379                   /home/henriqueramos_qs/meta-learning-concept-drift/.venv/lib/python3.12/site-packages/pandas/_libs/json.cpython-312-x86_64-linux-gnu.so
728b63c19000-728b63c1d000 r--p 0000b000 fc:00 35393379                   /home/henriqueramos_qs/meta-learning-concept-drift/.venv/lib/python3.12/site-packages/pandas/_libs/json.cpython-312-x86_64-linux-gnu.so
728b63c1d000-728b63c1e000 r--p 0000e000 fc:00 35393379                   /home/henriqueramos_qs/meta-learning-concept-drift/.venv/lib/python3.12/site-packages/pandas/_libs/json.cpython-312-x86_64-linux-gnu.so
728b63c1e000-728b63c1f000 rw-p 0000f000 fc:00 35393379                   /home/henriqueramos_qs/meta-learning-concept-drift/.venv/lib/python3.12/site-packages/pandas/_libs/json.cpython-312-x86_64-linux-gnu.so
728b63c1f000-728b63c25000 r--p 00000000 fc:00 35393436                   /home/henriqueramos_qs/meta-learning-concept-drift/.venv/lib/python3.12/site-packages/pandas/_libs/tslibs/tzconversion.cpython-312-x86_64-linux-gnu.so
728b63c25000-728b63c5d000 r-xp 00006000 fc:00 35393436                   /home/henriqueramos_qs/meta-learning-concept-drift/.venv/lib/python3.12/site-packages/pandas/_libs/tslibs/tzconversion.cpython-312-x86_64-linux-gnu.so
728b63c5d000-728b63c67000 r--p 0003e000 fc:00 35393436                   /home/henriqueramos_qs/meta-learning-concept-drift/.venv/lib/python3.12/site-packages/pandas/_libs/tslibs/tzconversion.cpython-312-x86_64-linux-gnu.so
728b63c67000-728b63c69000 r--p 00047000 fc:00 35393436                   /home/henriqueramos_qs/meta-learning-concept-drift/.venv/lib/python3.12/site-packages/pandas/_libs/tslibs/tzconversion.cpython-312-x86_64-linux-gnu.so
728b63c69000-728b63c6b000 rw-p 00049000 fc:00 35393436                   /home/henriqueramos_qs/meta-learning-concept-drift/.venv/lib/python3.12/site-packages/pandas/_libs/tslibs/tzconversion.cpython-312-x86_64-linux-gnu.so
728b63c6b000-728b63c6c000 rw-p 00000000 00:00 0 
728b63c6c000-728b63c73000 r--p 00000000 fc:00 35393416                   /home/henriqueramos_qs/meta-learning-concept-drift/.venv/lib/python3.12/site-packages/pandas/_libs/tslibs/fields.cpython-312-x86_64-linux-gnu.so
728b63c73000-728b63cab000 r-xp 00007000 fc:00 35393416                   /home/henriqueramos_qs/meta-learning-concept-drift/.venv/lib/python3.12/site-packages/pandas/_libs/tslibs/fields.cpython-312-x86_64-linux-gnu.so
728b63cab000-728b63cb6000 r--p 0003f000 fc:00 35393416                   /home/henriqueramos_qs/meta-learning-concept-drift/.venv/lib/python3.12/site-packages/pandas/_libs/tslibs/fields.cpython-312-x86_64-linux-gnu.so
728b63cb6000-728b63cb7000 ---p 0004a000 fc:00 35393416                   /home/henriqueramos_qs/meta-learning-concept-drift/.venv/lib/python3.12/site-packages/pandas/_libs/tslibs/fields.cpython-312-x86_64-linux-gnu.so
728b63cb7000-728b63cb9000 r--p 0004a000 fc:00 35393416                   /home/henriqueramos_qs/meta-learning-concept-drift/.venv/lib/python3.12/site-packages/pandas/_libs/tslibs/fields.cpython-312-x86_64-linux-gnu.so
728b63cb9000-728b63cbb000 rw-p 0004c000 fc:00 35393416                   /home/henriqueramos_qs/meta-learning-concept-drift/.venv/lib/python3.12/site-packages/pandas/_libs/tslibs/fields.cpython-312-x86_64-linux-gnu.so
728b63cbb000-728b63cbc000 rw-p 00000000 00:00 0 
728b63cbc000-728b63cc2000 r--p 00000000 fc:00 35393434                   /home/henriqueramos_qs/meta-learning-concept-drift/.venv/lib/python3.12/site-packages/pandas/_libs/tslibs/timezones.cpython-312-x86_64-linux-gnu.so
728b63cc2000-728b63cf0000 r-xp 00006000 fc:00 35393434                   /home/henriqueramos_qs/meta-learning-concept-drift/.venv/lib/python3.12/site-packages/pandas/_libs/tslibs/timezones.cpython-312-x86_64-linux-gnu.so
728b63cf0000-728b63cfa000 r--p 00034000 fc:00 35393434                   /home/henriqueramos_qs/meta-learning-concept-drift/.venv/lib/python3.12/site-packages/pandas/_libs/tslibs/timezones.cpython-312-x86_64-linux-gnu.so
728b63cfa000-728b63cfc000 r--p 0003d000 fc:00 35393434                   /home/henriqueramos_qs/meta-learning-concept-drift/.venv/lib/python3.12/site-packages/pandas/_libs/tslibs/timezones.cpython-312-x86_64-linux-gnu.so
728b63cfc000-728b63cfe000 rw-p 0003f000 fc:00 35393434                   /home/henriqueramos_qs/meta-learning-concept-drift/.venv/lib/python3.12/site-packages/pandas/_libs/tslibs/timezones.cpython-312-x86_64-linux-gnu.so
728b63cfe000-728b63dff000 rw-p 00000000 00:00 0 
728b63dff000-728b63e00000 ---p 00000000 00:00 0 
728b63e00000-728b64600000 rw-p 00000000 00:00 0 
728b64600000-728b66600000 rw-p 00000000 00:00 0 
728b66602000-728b66608000 r--p 00000000 fc:00 35393438                   /home/henriqueramos_qs/meta-learning-concept-drift/.venv/lib/python3.12/site-packages/pandas/_libs/tslibs/vectorized.cpython-312-x86_64-linux-gnu.so
728b66608000-728b6662f000 r-xp 00006000 fc:00 35393438                   /home/henriqueramos_qs/meta-learning-concept-drift/.venv/lib/python3.12/site-packages/pandas/_libs/tslibs/vectorized.cpython-312-x86_64-linux-gnu.so
728b6662f000-728b66638000 r--p 0002d000 fc:00 35393438                   /home/henriqueramos_qs/meta-learning-concept-drift/.venv/lib/python3.12/site-packages/pandas/_libs/tslibs/vectorized.cpython-312-x86_64-linux-gnu.so
728b66638000-728b66639000 ---p 00036000 fc:00 35393438                   /home/henriqueramos_qs/meta-learning-concept-drift/.venv/lib/python3.12/site-packages/pandas/_libs/tslibs/vectorized.cpython-312-x86_64-linux-gnu.so
728b66639000-728b6663a000 r--p 00036000 fc:00 35393438                   /home/henriqueramos_qs/meta-learning-concept-drift/.venv/lib/python3.12/site-packages/pandas/_libs/tslibs/vectorized.cpython-312-x86_64-linux-gnu.so
728b6663a000-728b6663c000 rw-p 00037000 fc:00 35393438                   /home/henriqueramos_qs/meta-learning-concept-drift/.venv/lib/python3.12/site-packages/pandas/_libs/tslibs/vectorized.cpython-312-x86_64-linux-gnu.so
728b6663c000-728b6663d000 rw-p 00000000 00:00 0 
728b6663d000-728b66647000 r--p 00000000 fc:00 35393430                   /home/henriqueramos_qs/meta-learning-concept-drift/.venv/lib/python3.12/site-packages/pandas/_libs/tslibs/timedeltas.cpython-312-x86_64-linux-gnu.so
728b66647000-728b666ab000 r-xp 0000a000 fc:00 35393430                   /home/henriqueramos_qs/meta-learning-concept-drift/.venv/lib/python3.12/site-packages/pandas/_libs/tslibs/timedeltas.cpython-312-x86_64-linux-gnu.so
728b666ab000-728b666c1000 r--p 0006e000 fc:00 35393430                   /home/henriqueramos_qs/meta-learning-concept-drift/.venv/lib/python3.12/site-packages/pandas/_libs/tslibs/timedeltas.cpython-312-x86_64-linux-gnu.so
728b666c1000-728b666c4000 r--p 00083000 fc:00 35393430                   /home/henriqueramos_qs/meta-learning-concept-drift/.venv/lib/python3.12/site-packages/pandas/_libs/tslibs/timedeltas.cpython-312-x86_64-linux-gnu.so
728b666c4000-728b666c7000 rw-p 00086000 fc:00 35393430                   /home/henriqueramos_qs/meta-learning-concept-drift/.venv/lib/python3.12/site-packages/pandas/_libs/tslibs/timedeltas.cpython-312-x86_64-linux-gnu.so
728b666c7000-728b666c9000 rw-p 00000000 00:00 0 
728b666c9000-728b666cf000 r--p 00000000 fc:00 35393418                   /home/henriqueramos_qs/meta-learning-concept-drift/.venv/lib/python3.12/site-packages/pandas/_libs/tslibs/nattype.cpython-312-x86_64-linux-gnu.so
728b666cf000-728b666ed000 r-xp 00006000 fc:00 35393418                   /home/henriqueramos_qs/meta-learning-concept-drift/.venv/lib/python3.12/site-packages/pandas/_libs/tslibs/nattype.cpython-312-x86_64-linux-gnu.so
728b666ed000-728b666fa000 r--p 00024000 fc:00 35393418                   /home/henriqueramos_qs/meta-learning-concept-drift/.venv/lib/python3.12/site-packages/pandas/_libs/tslibs/nattype.cpython-312-x86_64-linux-gnu.so
728b666fa000-728b666fc000 r--p 00030000 fc:00 35393418                   /home/henriqueramos_qs/meta-learning-concept-drift/.venv/lib/python3.12/site-packages/pandas/_libs/tslibs/nattype.cpython-312-x86_64-linux-gnu.so
728b666fc000-728b666fe000 rw-p 00032000 fc:00 35393418                   /home/henriqueramos_qs/meta-learning-concept-drift/.venv/lib/python3.12/site-packages/pandas/_libs/tslibs/nattype.cpython-312-x86_64-linux-gnu.so
728b666fe000-728b667ff000 rw-p 00000000 00:00 0 
728b667ff000-728b66800000 ---p 00000000 00:00 0 
728b66800000-728b67000000 rw-p 00000000 00:00 0 
728b67000000-728b69000000 rw-p 00000000 00:00 0 
728b69004000-728b69014000 r--p 00000000 fc:00 35393422                   /home/henriqueramos_qs/meta-learning-concept-drift/.venv/lib/python3.12/site-packages/pandas/_libs/tslibs/offsets.cpython-312-x86_64-linux-gnu.so
728b69014000-728b690c4000 r-xp 00010000 fc:00 35393422                   /home/henriqueramos_qs/meta-learning-concept-drift/.venv/lib/python3.12/site-packages/pandas/_libs/tslibs/offsets.cpython-312-x86_64-linux-gnu.so
728b690c4000-728b690ec000 r--p 000c0000 fc:00 35393422                   /home/henriqueramos_qs/meta-learning-concept-drift/.venv/lib/python3.12/site-packages/pandas/_libs/tslibs/offsets.cpython-312-x86_64-linux-gnu.so
728b690ec000-728b690ed000 ---p 000e8000 fc:00 35393422                   /home/henriqueramos_qs/meta-learning-concept-drift/.venv/lib/python3.12/site-packages/pandas/_libs/tslibs/offsets.cpython-312-x86_64-linux-gnu.so
728b690ed000-728b690f1000 r--p 000e8000 fc:00 35393422                   /home/henriqueramos_qs/meta-learning-concept-drift/.venv/lib/python3.12/site-packages/pandas/_libs/tslibs/offsets.cpython-312-x86_64-linux-gnu.so
728b690f1000-728b690fb000 rw-p 000ec000 fc:00 35393422                   /home/henriqueramos_qs/meta-learning-concept-drift/.venv/lib/python3.12/site-packages/pandas/_libs/tslibs/offsets.cpython-312-x86_64-linux-gnu.so
728b690fb000-728b691fe000 rw-p 00000000 00:00 0 
728b691fe000-728b691ff000 ---p 00000000 00:00 0 
728b691ff000-728b699ff000 rw-p 00000000 00:00 0 
728b699ff000-728b69a00000 ---p 00000000 00:00 0 
728b69a00000-728b6a200000 rw-p 00000000 00:00 0 
728b6a200000-728b6e200000 rw-p 00000000 00:00 0 
728b6e202000-728b6e207000 r--p 00000000 fc:00 35393359                   /home/henriqueramos_qs/meta-learning-concept-drift/.venv/lib/python3.12/site-packages/pandas/_libs/arrays.cpython-312-x86_64-linux-gnu.so
728b6e207000-728b6e21a000 r-xp 00005000 fc:00 35393359                   /home/henriqueramos_qs/meta-learning-concept-drift/.venv/lib/python3.12/site-packages/pandas/_libs/arrays.cpython-312-x86_64-linux-gnu.so
728b6e21a000-728b6e21f000 r--p 00018000 fc:00 35393359                   /home/henriqueramos_qs/meta-learning-concept-drift/.venv/lib/python3.12/site-packages/pandas/_libs/arrays.cpython-312-x86_64-linux-gnu.so
728b6e21f000-728b6e220000 r--p 0001c000 fc:00 35393359                   /home/henriqueramos_qs/meta-learning-concept-drift/.venv/lib/python3.12/site-packages/pandas/_libs/arrays.cpython-312-x86_64-linux-gnu.so
728b6e220000-728b6e222000 rw-p 0001d000 fc:00 35393359                   /home/henriqueramos_qs/meta-learning-concept-drift/.venv/lib/python3.12/site-packages/pandas/_libs/arrays.cpython-312-x86_64-linux-gnu.so
728b6e222000-728b6e22d000 r--p 00000000 fc:00 35393432                   /home/henriqueramos_qs/meta-learning-concept-drift/.venv/lib/python3.12/site-packages/pandas/_libs/tslibs/timestamps.cpython-312-x86_64-linux-gnu.so
728b6e22d000-728b6e28c000 r-xp 0000b000 fc:00 35393432                   /home/henriqueramos_qs/meta-learning-concept-drift/.venv/lib/python3.12/site-packages/pandas/_libs/tslibs/timestamps.cpython-312-x86_64-linux-gnu.so
728b6e28c000-728b6e2ae000 r--p 0006a000 fc:00 35393432                   /home/henriqueramos_qs/meta-learning-concept-drift/.venv/lib/python3.12/site-packages/pandas/_libs/tslibs/timestamps.cpython-312-x86_64-linux-gnu.so
728b6e2ae000-728b6e2af000 ---p 0008c000 fc:00 35393432                   /home/henriqueramos_qs/meta-learning-concept-drift/.venv/lib/python3.12/site-packages/pandas/_libs/tslibs/timestamps.cpython-312-x86_64-linux-gnu.so
728b6e2af000-728b6e2b2000 r--p 0008c000 fc:00 35393432                   /home/henriqueramos_qs/meta-learning-concept-drift/.venv/lib/python3.12/site-packages/pandas/_libs/tslibs/timestamps.cpython-312-x86_64-linux-gnu.so
728b6e2b2000-728b6e2b5000 rw-p 0008f000 fc:00 35393432                   /home/henriqueramos_qs/meta-learning-concept-drift/.venv/lib/python3.12/site-packages/pandas/_libs/tslibs/timestamps.cpython-312-x86_64-linux-gnu.so
728b6e2b5000-728b6e2b7000 rw-p 00000000 00:00 0 
728b6e2b7000-728b6e2be000 r--p 00000000 fc:00 35393412                   /home/henriqueramos_qs/meta-learning-concept-drift/.venv/lib/python3.12/site-packages/pandas/_libs/tslibs/conversion.cpython-312-x86_64-linux-gnu.so
728b6e2be000-728b6e2f0000 r-xp 00007000 fc:00 35393412                   /home/henriqueramos_qs/meta-learning-concept-drift/.venv/lib/python3.12/site-packages/pandas/_libs/tslibs/conversion.cpython-312-x86_64-linux-gnu.so
728b6e2f0000-728b6e2fa000 r--p 00039000 fc:00 35393412                   /home/henriqueramos_qs/meta-learning-concept-drift/.venv/lib/python3.12/site-packages/pandas/_libs/tslibs/conversion.cpython-312-x86_64-linux-gnu.so
728b6e2fa000-728b6e2fc000 r--p 00042000 fc:00 35393412                   /home/henriqueramos_qs/meta-learning-concept-drift/.venv/lib/python3.12/site-packages/pandas/_libs/tslibs/conversion.cpython-312-x86_64-linux-gnu.so
728b6e2fc000-728b6e2fe000 rw-p 00044000 fc:00 35393412                   /home/henriqueramos_qs/meta-learning-concept-drift/.venv/lib/python3.12/site-packages/pandas/_libs/tslibs/conversion.cpython-312-x86_64-linux-gnu.so
728b6e2fe000-728b6e3ff000 rw-p 00000000 00:00 0 
728b6e3ff000-728b6e400000 ---p 00000000 00:00 0 
728b6e400000-728b6ec00000 rw-p 00000000 00:00 0 
728b6ec00000-728b70c00000 rw-p 00000000 00:00 0 
728b70c02000-728b70c06000 r--p 00000000 fc:00 35393371                   /home/henriqueramos_qs/meta-learning-concept-drift/.venv/lib/python3.12/site-packages/pandas/_libs/indexing.cpython-312-x86_64-linux-gnu.so
728b70c06000-728b70c0e000 r-xp 00004000 fc:00 35393371                   /home/henriqueramos_qs/meta-learning-concept-drift/.venv/lib/python3.12/site-packages/pandas/_libs/indexing.cpython-312-x86_64-linux-gnu.so
728b70c0e000-728b70c11000 r--p 0000c000 fc:00 35393371                   /home/henriqueramos_qs/meta-learning-concept-drift/.venv/lib/python3.12/site-packages/pandas/_libs/indexing.cpython-312-x86_64-linux-gnu.so
728b70c11000-728b70c12000 r--p 0000e000 fc:00 35393371                   /home/henriqueramos_qs/meta-learning-concept-drift/.venv/lib/python3.12/site-packages/pandas/_libs/indexing.cpython-312-x86_64-linux-gnu.so
728b70c12000-728b70c13000 rw-p 0000f000 fc:00 35393371                   /home/henriqueramos_qs/meta-learning-concept-drift/.venv/lib/python3.12/site-packages/pandas/_libs/indexing.cpython-312-x86_64-linux-gnu.so
728b70c13000-728b70c1b000 r--p 00000000 fc:00 34866633                   /home/henriqueramos_qs/meta-learning-concept-drift/.venv/lib/python3.12/site-packages/numpy/random/_generator.cpython-312-x86_64-linux-gnu.so
728b70c1b000-728b70ca1000 r-xp 00008000 fc:00 34866633                   /home/henriqueramos_qs/meta-learning-concept-drift/.venv/lib/python3.12/site-packages/numpy/random/_generator.cpython-312-x86_64-linux-gnu.so
728b70ca1000-728b70cf9000 r--p 0008e000 fc:00 34866633                   /home/henriqueramos_qs/meta-learning-concept-drift/.venv/lib/python3.12/site-packages/numpy/random/_generator.cpython-312-x86_64-linux-gnu.so
728b70cf9000-728b70cfa000 r--p 000e5000 fc:00 34866633                   /home/henriqueramos_qs/meta-learning-concept-drift/.venv/lib/python3.12/site-packages/numpy/random/_generator.cpython-312-x86_64-linux-gnu.so
728b70cfa000-728b70cfd000 rw-p 000e6000 fc:00 34866633                   /home/henriqueramos_qs/meta-learning-concept-drift/.venv/lib/python3.12/site-packages/numpy/random/_generator.cpython-312-x86_64-linux-gnu.so
728b70cfd000-728b70dff000 rw-p 00000000 00:00 0 
728b70dff000-728b70e00000 ---p 00000000 00:00 0 
728b70e00000-728b71600000 rw-p 00000000 00:00 0 
728b71600000-728b73600000 rw-p 00000000 00:00 0 
728b73602000-728b73606000 r--p 00000000 fc:00 35393387                   /home/henriqueramos_qs/meta-learning-concept-drift/.venv/lib/python3.12/site-packages/pandas/_libs/ops_dispatch.cpython-312-x86_64-linux-gnu.so
728b73606000-728b7360d000 r-xp 00004000 fc:00 35393387                   /home/henriqueramos_qs/meta-learning-concept-drift/.venv/lib/python3.12/site-packages/pandas/_libs/ops_dispatch.cpython-312-x86_64-linux-gnu.so
728b7360d000-728b7360f000 r--p 0000b000 fc:00 35393387                   /home/henriqueramos_qs/meta-learning-concept-drift/.venv/lib/python3.12/site-packages/pandas/_libs/ops_dispatch.cpython-312-x86_64-linux-gnu.so
728b7360f000-728b73610000 ---p 0000d000 fc:00 35393387                   /home/henriqueramos_qs/meta-learning-concept-drift/.venv/lib/python3.12/site-packages/pandas/_libs/ops_dispatch.cpython-312-x86_64-linux-gnu.so
728b73610000-728b73611000 r--p 0000d000 fc:00 35393387                   /home/henriqueramos_qs/meta-learning-concept-drift/.venv/lib/python3.12/site-packages/pandas/_libs/ops_dispatch.cpython-312-x86_64-linux-gnu.so
728b73611000-728b73612000 rw-p 0000e000 fc:00 35393387                   /home/henriqueramos_qs/meta-learning-concept-drift/.venv/lib/python3.12/site-packages/pandas/_libs/ops_dispatch.cpython-312-x86_64-linux-gnu.so
728b73612000-728b73619000 r--p 00000000 fc:00 35393414                   /home/henriqueramos_qs/meta-learning-concept-drift/.venv/lib/python3.12/site-packages/pandas/_libs/tslibs/dtypes.cpython-312-x86_64-linux-gnu.so
728b73619000-728b73638000 r-xp 00007000 fc:00 35393414                   /home/henriqueramos_qs/meta-learning-concept-drift/.venv/lib/python3.12/site-packages/pandas/_libs/tslibs/dtypes.cpython-312-x86_64-linux-gnu.so
728b73638000-728b7363e000 r--p 00026000 fc:00 35393414                   /home/henriqueramos_qs/meta-learning-concept-drift/.venv/lib/python3.12/site-packages/pandas/_libs/tslibs/dtypes.cpython-312-x86_64-linux-gnu.so
728b7363e000-728b7363f000 ---p 0002c000 fc:00 35393414                   /home/henriqueramos_qs/meta-learning-concept-drift/.venv/lib/python3.12/site-packages/pandas/_libs/tslibs/dtypes.cpython-312-x86_64-linux-gnu.so
728b7363f000-728b73641000 r--p 0002c000 fc:00 35393414                   /home/henriqueramos_qs/meta-learning-concept-drift/.venv/lib/python3.12/site-packages/pandas/_libs/tslibs/dtypes.cpython-312-x86_64-linux-gnu.so
728b73641000-728b73642000 rw-p 0002e000 fc:00 35393414                   /home/henriqueramos_qs/meta-learning-concept-drift/.venv/lib/python3.12/site-packages/pandas/_libs/tslibs/dtypes.cpython-312-x86_64-linux-gnu.so
728b73642000-728b73644000 rw-p 00000000 00:00 0 
728b73644000-728b7364a000 r--p 00000000 fc:00 34866616                   /home/henriqueramos_qs/meta-learning-concept-drift/.venv/lib/python3.12/site-packages/numpy/random/mtrand.cpython-312-x86_64-linux-gnu.so
728b7364a000-728b736a7000 r-xp 00006000 fc:00 34866616                   /home/henriqueramos_qs/meta-learning-concept-drift/.venv/lib/python3.12/site-packages/numpy/random/mtrand.cpython-312-x86_64-linux-gnu.so
728b736a7000-728b736fa000 r--p 00063000 fc:00 34866616                   /home/henriqueramos_qs/meta-learning-concept-drift/.venv/lib/python3.12/site-packages/numpy/random/mtrand.cpython-312-x86_64-linux-gnu.so
728b736fa000-728b736fb000 r--p 000b5000 fc:00 34866616                   /home/henriqueramos_qs/meta-learning-concept-drift/.venv/lib/python3.12/site-packages/numpy/random/mtrand.cpython-312-x86_64-linux-gnu.so
728b736fb000-728b736fd000 rw-p 000b6000 fc:00 34866616                   /home/henriqueramos_qs/meta-learning-concept-drift/.venv/lib/python3.12/site-packages/numpy/random/mtrand.cpython-312-x86_64-linux-gnu.so
728b736fd000-728b737ff000 rw-p 00000000 00:00 0 
728b737ff000-728b73800000 ---p 00000000 00:00 0 
728b73800000-728b74000000 rw-p 00000000 00:00 0 
728b74000000-728b74029000 rw-p 00000000 00:00 0 
728b74029000-728b78000000 ---p 00000000 00:00 0 
728b78000000-728b78200000 rw-p 00000000 00:00 0 
728b78200000-728b78203000 r-xp 00000000 fc:00 35402594                   /home/henriqueramos_qs/meta-learning-concept-drift/.venv/lib/python3.12/site-packages/pillow.libs/libXau-154567c4.so.6.0.0
728b78203000-728b78402000 ---p 00003000 fc:00 35402594                   /home/henriqueramos_qs/meta-learning-concept-drift/.venv/lib/python3.12/site-packages/pillow.libs/libXau-154567c4.so.6.0.0
728b78402000-728b78403000 r--p 00002000 fc:00 35402594                   /home/henriqueramos_qs/meta-learning-concept-drift/.venv/lib/python3.12/site-packages/pillow.libs/libXau-154567c4.so.6.0.0
728b78403000-728b78404000 rw-p 00000000 00:00 0 
728b78404000-728b78405000 rw-p 00005000 fc:00 35402594                   /home/henriqueramos_qs/meta-learning-concept-drift/.venv/lib/python3.12/site-packages/pillow.libs/libXau-154567c4.so.6.0.0
728b78405000-728b78406000 r--p 00000000 fc:00 34868273                   /home/henriqueramos_qs/meta-learning-concept-drift/.venv/lib/python3.12/site-packages/scipy/optimize/_zeros.cpython-312-x86_64-linux-gnu.so
728b78406000-728b78408000 r-xp 00001000 fc:00 34868273                   /home/henriqueramos_qs/meta-learning-concept-drift/.venv/lib/python3.12/site-packages/scipy/optimize/_zeros.cpython-312-x86_64-linux-gnu.so
728b78408000-728b78409000 r--p 00003000 fc:00 34868273                   /home/henriqueramos_qs/meta-learning-concept-drift/.venv/lib/python3.12/site-packages/scipy/optimize/_zeros.cpython-312-x86_64-linux-gnu.so
728b78409000-728b7840a000 r--p 00003000 fc:00 34868273                   /home/henriqueramos_qs/meta-learning-concept-drift/.venv/lib/python3.12/site-packages/scipy/optimize/_zeros.cpython-312-x86_64-linux-gnu.so
728b7840a000-728b7840b000 rw-p 00004000 fc:00 34868273                   /home/henriqueramos_qs/meta-learning-concept-drift/.venv/lib/python3.12/site-packages/scipy/optimize/_zeros.cpython-312-x86_64-linux-gnu.so
728b7840b000-728b7840d000 r--p 00000000 08:05 8397344                    /usr/lib/python3.12/lib-dynload/mmap.cpython-312-x86_64-linux-gnu.so
728b7840d000-728b78410000 r-xp 00002000 08:05 8397344                    /usr/lib/python3.12/lib-dynload/mmap.cpython-312-x86_64-linux-gnu.so
728b78410000-728b78412000 r--p 00005000 08:05 8397344                    /usr/lib/python3.12/lib-dynload/mmap.cpython-312-x86_64-linux-gnu.so
728b78412000-728b78413000 r--p 00006000 08:05 8397344                    /usr/lib/python3.12/lib-dynload/mmap.cpython-312-x86_64-linux-gnu.so
728b78413000-728b78414000 rw-p 00007000 08:05 8397344                    /usr/lib/python3.12/lib-dynload/mmap.cpython-312-x86_64-linux-gnu.so
728b78414000-728b78418000 r--p 00000000 fc:00 35393393                   /home/henriqueramos_qs/meta-learning-concept-drift/.venv/lib/python3.12/site-packages/pandas/_libs/properties.cpython-312-x86_64-linux-gnu.so
728b78418000-728b78425000 r-xp 00004000 fc:00 35393393                   /home/henriqueramos_qs/meta-learning-concept-drift/.venv/lib/python3.12/site-packages/pandas/_libs/properties.cpython-312-x86_64-linux-gnu.so
728b78425000-728b78428000 r--p 00011000 fc:00 35393393                   /home/henriqueramos_qs/meta-learning-concept-drift/.venv/lib/python3.12/site-packages/pandas/_libs/properties.cpython-312-x86_64-linux-gnu.so
728b78428000-728b78429000 ---p 00014000 fc:00 35393393                   /home/henriqueramos_qs/meta-learning-concept-drift/.venv/lib/python3.12/site-packages/pandas/_libs/properties.cpython-312-x86_64-linux-gnu.so
728b78429000-728b7842a000 r--p 00014000 fc:00 35393393                   /home/henriqueramos_qs/meta-learning-concept-drift/.venv/lib/python3.12/site-packages/pandas/_libs/properties.cpython-312-x86_64-linux-gnu.so
728b7842a000-728b7842b000 rw-p 00015000 fc:00 35393393                   /home/henriqueramos_qs/meta-learning-concept-drift/.venv/lib/python3.12/site-packages/pandas/_libs/properties.cpython-312-x86_64-linux-gnu.so
728b7842b000-728b7842c000 rw-p 00000000 00:00 0 
728b7842c000-728b78440000 r--p 00000000 fc:00 34870600                   /home/henriqueramos_qs/meta-learning-concept-drift/.venv/lib/python3.12/site-packages/matplotlib/ft2font.cpython-312-x86_64-linux-gnu.so
728b78440000-728b784cb000 r-xp 00014000 fc:00 34870600                   /home/henriqueramos_qs/meta-learning-concept-drift/.venv/lib/python3.12/site-packages/matplotlib/ft2font.cpython-312-x86_64-linux-gnu.so
728b784cb000-728b784f7000 r--p 0009f000 fc:00 34870600                   /home/henriqueramos_qs/meta-learning-concept-drift/.venv/lib/python3.12/site-packages/matplotlib/ft2font.cpython-312-x86_64-linux-gnu.so
728b784f7000-728b784fd000 r--p 000ca000 fc:00 34870600                   /home/henriqueramos_qs/meta-learning-concept-drift/.venv/lib/python3.12/site-packages/matplotlib/ft2font.cpython-312-x86_64-linux-gnu.so
728b784fd000-728b784ff000 rw-p 000d0000 fc:00 34870600                   /home/henriqueramos_qs/meta-learning-concept-drift/.venv/lib/python3.12/site-packages/matplotlib/ft2font.cpython-312-x86_64-linux-gnu.so
728b784ff000-728b78600000 rw-p 00000000 00:00 0 
728b78600000-728b7a600000 rw-p 00000000 00:00 0 
728b7a600000-728b7a601000 r--p 00000000 08:05 8420176                    /usr/lib/x86_64-linux-gnu/libutil.so.1
728b7a601000-728b7a602000 r-xp 00001000 08:05 8420176                    /usr/lib/x86_64-linux-gnu/libutil.so.1
728b7a602000-728b7a603000 r--p 00002000 08:05 8420176                    /usr/lib/x86_64-linux-gnu/libutil.so.1
728b7a603000-728b7a604000 r--p 00002000 08:05 8420176                    /usr/lib/x86_64-linux-gnu/libutil.so.1
728b7a604000-728b7a605000 rw-p 00003000 08:05 8420176                    /usr/lib/x86_64-linux-gnu/libutil.so.1
728b7a605000-728b7a609000 r--p 00000000 fc:00 35393420                   /home/henriqueramos_qs/meta-learning-concept-drift/.venv/lib/python3.12/site-packages/pandas/_libs/tslibs/np_datetime.cpython-312-x86_64-linux-gnu.so
728b7a609000-728b7a61e000 r-xp 00004000 fc:00 35393420                   /home/henriqueramos_qs/meta-learning-concept-drift/.venv/lib/python3.12/site-packages/pandas/_libs/tslibs/np_datetime.cpython-312-x86_64-linux-gnu.so
728b7a61e000-728b7a623000 r--p 00019000 fc:00 35393420                   /home/henriqueramos_qs/meta-learning-concept-drift/.venv/lib/python3.12/site-packages/pandas/_libs/tslibs/np_datetime.cpython-312-x86_64-linux-gnu.so
728b7a623000-728b7a624000 ---p 0001e000 fc:00 35393420                   /home/henriqueramos_qs/meta-learning-concept-drift/.venv/lib/python3.12/site-packages/pandas/_libs/tslibs/np_datetime.cpython-312-x86_64-linux-gnu.so
728b7a624000-728b7a625000 r--p 0001e000 fc:00 35393420                   /home/henriqueramos_qs/meta-learning-concept-drift/.venv/lib/python3.12/site-packages/pandas/_libs/tslibs/np_datetime.cpython-312-x86_64-linux-gnu.so
728b7a625000-728b7a626000 rw-p 0001f000 fc:00 35393420                   /home/henriqueramos_qs/meta-learning-concept-drift/.venv/lib/python3.12/site-packages/pandas/_libs/tslibs/np_datetime.cpython-312-x86_64-linux-gnu.so
728b7a626000-728b7a627000 rw-p 00000000 00:00 0 
728b7a627000-728b7a629000 r--p 00000000 fc:00 35400255                   /home/henriqueramos_qs/meta-learning-concept-drift/.venv/lib/python3.12/site-packages/sklearn/neighbors/_partition_nodes.cpython-312-x86_64-linux-gnu.so
728b7a629000-728b7a62b000 r-xp 00002000 fc:00 35400255                   /home/henriqueramos_qs/meta-learning-concept-drift/.venv/lib/python3.12/site-packages/sklearn/neighbors/_partition_nodes.cpython-312-x86_64-linux-gnu.so
728b7a62b000-728b7a62c000 r--p 00004000 fc:00 35400255                   /home/henriqueramos_qs/meta-learning-concept-drift/.venv/lib/python3.12/site-packages/sklearn/neighbors/_partition_nodes.cpython-312-x86_64-linux-gnu.so
728b7a62c000-728b7a62d000 r--p 00004000 fc:00 35400255                   /home/henriqueramos_qs/meta-learning-concept-drift/.venv/lib/python3.12/site-packages/sklearn/neighbors/_partition_nodes.cpython-312-x86_64-linux-gnu.so
728b7a62d000-728b7a62e000 rw-p 00005000 fc:00 35400255                   /home/henriqueramos_qs/meta-learning-concept-drift/.venv/lib/python3.12/site-packages/sklearn/neighbors/_partition_nodes.cpython-312-x86_64-linux-gnu.so
728b7a62e000-728b7a630000 r--p 00000000 fc:00 35400457                   /home/henriqueramos_qs/meta-learning-concept-drift/.venv/lib/python3.12/site-packages/sklearn/utils/_sorting.cpython-312-x86_64-linux-gnu.so
728b7a630000-728b7a632000 r-xp 00002000 fc:00 35400457                   /home/henriqueramos_qs/meta-learning-concept-drift/.venv/lib/python3.12/site-packages/sklearn/utils/_sorting.cpython-312-x86_64-linux-gnu.so
728b7a632000-728b7a633000 r--p 00004000 fc:00 35400457                   /home/henriqueramos_qs/meta-learning-concept-drift/.venv/lib/python3.12/site-packages/sklearn/utils/_sorting.cpython-312-x86_64-linux-gnu.so
728b7a633000-728b7a634000 r--p 00004000 fc:00 35400457                   /home/henriqueramos_qs/meta-learning-concept-drift/.venv/lib/python3.12/site-packages/sklearn/utils/_sorting.cpython-312-x86_64-linux-gnu.so
728b7a634000-728b7a635000 rw-p 00005000 fc:00 35400457                   /home/henriqueramos_qs/meta-learning-concept-drift/.venv/lib/python3.12/site-packages/sklearn/utils/_sorting.cpython-312-x86_64-linux-gnu.so
728b7a635000-728b7a637000 r--p 00000000 fc:00 35400431                   /home/henriqueramos_qs/meta-learning-concept-drift/.venv/lib/python3.12/site-packages/sklearn/utils/_heap.cpython-312-x86_64-linux-gnu.so
728b7a637000-728b7a638000 r-xp 00002000 fc:00 35400431                   /home/henriqueramos_qs/meta-learning-concept-drift/.venv/lib/python3.12/site-packages/sklearn/utils/_heap.cpython-312-x86_64-linux-gnu.so
728b7a638000-728b7a639000 r--p 00003000 fc:00 35400431                   /home/henriqueramos_qs/meta-learning-concept-drift/.venv/lib/python3.12/site-packages/sklearn/utils/_heap.cpython-312-x86_64-linux-gnu.so
728b7a639000-728b7a63a000 r--p 00003000 fc:00 35400431                   /home/henriqueramos_qs/meta-learning-concept-drift/.venv/lib/python3.12/site-packages/sklearn/utils/_heap.cpython-312-x86_64-linux-gnu.so
728b7a63a000-728b7a63b000 rw-p 00004000 fc:00 35400431                   /home/henriqueramos_qs/meta-learning-concept-drift/.venv/lib/python3.12/site-packages/sklearn/utils/_heap.cpython-312-x86_64-linux-gnu.so
728b7a63b000-728b7a640000 r--p 00000000 fc:00 35400300                   /home/henriqueramos_qs/meta-learning-concept-drift/.venv/lib/python3.12/site-packages/sklearn/preprocessing/_target_encoder_fast.cpython-312-x86_64-linux-gnu.so
728b7a640000-728b7a687000 r-xp 00005000 fc:00 35400300                   /home/henriqueramos_qs/meta-learning-concept-drift/.venv/lib/python3.12/site-packages/sklearn/preprocessing/_target_encoder_fast.cpython-312-x86_64-linux-gnu.so
728b7a687000-728b7a68e000 r--p 0004c000 fc:00 35400300                   /home/henriqueramos_qs/meta-learning-concept-drift/.venv/lib/python3.12/site-packages/sklearn/preprocessing/_target_encoder_fast.cpython-312-x86_64-linux-gnu.so
728b7a68e000-728b7a68f000 ---p 00053000 fc:00 35400300                   /home/henriqueramos_qs/meta-learning-concept-drift/.venv/lib/python3.12/site-packages/sklearn/preprocessing/_target_encoder_fast.cpython-312-x86_64-linux-gnu.so
728b7a68f000-728b7a690000 r--p 00053000 fc:00 35400300                   /home/henriqueramos_qs/meta-learning-concept-drift/.venv/lib/python3.12/site-packages/sklearn/preprocessing/_target_encoder_fast.cpython-312-x86_64-linux-gnu.so
728b7a690000-728b7a692000 rw-p 00054000 fc:00 35400300                   /home/henriqueramos_qs/meta-learning-concept-drift/.venv/lib/python3.12/site-packages/sklearn/preprocessing/_target_encoder_fast.cpython-312-x86_64-linux-gnu.so
728b7a692000-728b7a697000 r--p 00000000 fc:00 35400291                   /home/henriqueramos_qs/meta-learning-concept-drift/.venv/lib/python3.12/site-packages/sklearn/preprocessing/_csr_polynomial_expansion.cpython-312-x86_64-linux-gnu.so
728b7a697000-728b7a6da000 r-xp 00005000 fc:00 35400291                   /home/henriqueramos_qs/meta-learning-concept-drift/.venv/lib/python3.12/site-packages/sklearn/preprocessing/_csr_polynomial_expansion.cpython-312-x86_64-linux-gnu.so
728b7a6da000-728b7a6e1000 r--p 00048000 fc:00 35400291                   /home/henriqueramos_qs/meta-learning-concept-drift/.venv/lib/python3.12/site-packages/sklearn/preprocessing/_csr_polynomial_expansion.cpython-312-x86_64-linux-gnu.so
728b7a6e1000-728b7a6e2000 ---p 0004f000 fc:00 35400291                   /home/henriqueramos_qs/meta-learning-concept-drift/.venv/lib/python3.12/site-packages/sklearn/preprocessing/_csr_polynomial_expansion.cpython-312-x86_64-linux-gnu.so
728b7a6e2000-728b7a6e3000 r--p 0004f000 fc:00 35400291                   /home/henriqueramos_qs/meta-learning-concept-drift/.venv/lib/python3.12/site-packages/sklearn/preprocessing/_csr_polynomial_expansion.cpython-312-x86_64-linux-gnu.so
728b7a6e3000-728b7a6e5000 rw-p 00050000 fc:00 35400291                   /home/henriqueramos_qs/meta-learning-concept-drift/.venv/lib/python3.12/site-packages/sklearn/preprocessing/_csr_polynomial_expansion.cpython-312-x86_64-linux-gnu.so
728b7a6e5000-728b7a7e5000 rw-p 00000000 00:00 0 
728b7a7e5000-728b7a7e9000 r--p 00000000 fc:00 35400193                   /home/henriqueramos_qs/meta-learning-concept-drift/.venv/lib/python3.12/site-packages/sklearn/metrics/cluster/_expected_mutual_info_fast.cpython-312-x86_64-linux-gnu.so
728b7a7e9000-728b7a7f7000 r-xp 00004000 fc:00 35400193                   /home/henriqueramos_qs/meta-learning-concept-drift/.venv/lib/python3.12/site-packages/sklearn/metrics/cluster/_expected_mutual_info_fast.cpython-312-x86_64-linux-gnu.so
728b7a7f7000-728b7a7fb000 r--p 00012000 fc:00 35400193                   /home/henriqueramos_qs/meta-learning-concept-drift/.venv/lib/python3.12/site-packages/sklearn/metrics/cluster/_expected_mutual_info_fast.cpython-312-x86_64-linux-gnu.so
728b7a7fb000-728b7a7fc000 r--p 00015000 fc:00 35400193                   /home/henriqueramos_qs/meta-learning-concept-drift/.venv/lib/python3.12/site-packages/sklearn/metrics/cluster/_expected_mutual_info_fast.cpython-312-x86_64-linux-gnu.so
728b7a7fc000-728b7a7fd000 rw-p 00016000 fc:00 35400193                   /home/henriqueramos_qs/meta-learning-concept-drift/.venv/lib/python3.12/site-packages/sklearn/metrics/cluster/_expected_mutual_info_fast.cpython-312-x86_64-linux-gnu.so
728b7a7fd000-728b7a7fe000 ---p 00000000 00:00 0 
728b7a7fe000-728b7affe000 rw-p 00000000 00:00 0 
728b7affe000-728b7afff000 ---p 00000000 00:00 0 
728b7afff000-728b7b7ff000 rw-p 00000000 00:00 0 
728b7b7ff000-728b7b800000 ---p 00000000 00:00 0 
728b7b800000-728b7c000000 rw-p 00000000 00:00 0 
728b7c000000-728b7c021000 rw-p 00000000 00:00 0 
728b7c021000-728b80000000 ---p 00000000 00:00 0 
728b80000000-728b80021000 rw-p 00000000 00:00 0 
728b80021000-728b84000000 ---p 00000000 00:00 0 
728b84003000-728b84004000 r--p 00000000 fc:00 34868540                   /home/henriqueramos_qs/meta-learning-concept-drift/.venv/lib/python3.12/site-packages/scipy/special/libsf_error_state.so
728b84004000-728b84005000 r-xp 00001000 fc:00 34868540                   /home/henriqueramos_qs/meta-learning-concept-drift/.venv/lib/python3.12/site-packages/scipy/special/libsf_error_state.so
728b84005000-728b84006000 r--p 00002000 fc:00 34868540                   /home/henriqueramos_qs/meta-learning-concept-drift/.venv/lib/python3.12/site-packages/scipy/special/libsf_error_state.so
728b84006000-728b84007000 r--p 00002000 fc:00 34868540                   /home/henriqueramos_qs/meta-learning-concept-drift/.venv/lib/python3.12/site-packages/scipy/special/libsf_error_state.so
728b84007000-728b84008000 rw-p 00003000 fc:00 34868540                   /home/henriqueramos_qs/meta-learning-concept-drift/.venv/lib/python3.12/site-packages/scipy/special/libsf_error_state.so
728b84008000-728b8400e000 r--p 00000000 fc:00 35393383                   /home/henriqueramos_qs/meta-learning-concept-drift/.venv/lib/python3.12/site-packages/pandas/_libs/missing.cpython-312-x86_64-linux-gnu.so
728b8400e000-728b8402c000 r-xp 00006000 fc:00 35393383                   /home/henriqueramos_qs/meta-learning-concept-drift/.venv/lib/python3.12/site-packages/pandas/_libs/missing.cpython-312-x86_64-linux-gnu.so
728b8402c000-728b84034000 r--p 00024000 fc:00 35393383                   /home/henriqueramos_qs/meta-learning-concept-drift/.venv/lib/python3.12/site-packages/pandas/_libs/missing.cpython-312-x86_64-linux-gnu.so
728b84034000-728b84036000 r--p 0002b000 fc:00 35393383                   /home/henriqueramos_qs/meta-learning-concept-drift/.venv/lib/python3.12/site-packages/pandas/_libs/missing.cpython-312-x86_64-linux-gnu.so
728b84036000-728b84038000 rw-p 0002d000 fc:00 35393383                   /home/henriqueramos_qs/meta-learning-concept-drift/.venv/lib/python3.12/site-packages/pandas/_libs/missing.cpython-312-x86_64-linux-gnu.so
728b84038000-728b84047000 r--p 00000000 fc:00 34870549                   /home/henriqueramos_qs/meta-learning-concept-drift/.venv/lib/python3.12/site-packages/matplotlib/_image.cpython-312-x86_64-linux-gnu.so
728b84047000-728b84092000 r-xp 0000f000 fc:00 34870549                   /home/henriqueramos_qs/meta-learning-concept-drift/.venv/lib/python3.12/site-packages/matplotlib/_image.cpython-312-x86_64-linux-gnu.so
728b84092000-728b840a2000 r--p 0005a000 fc:00 34870549                   /home/henriqueramos_qs/meta-learning-concept-drift/.venv/lib/python3.12/site-packages/matplotlib/_image.cpython-312-x86_64-linux-gnu.so
728b840a2000-728b840a3000 r--p 00069000 fc:00 34870549                   /home/henriqueramos_qs/meta-learning-concept-drift/.venv/lib/python3.12/site-packages/matplotlib/_image.cpython-312-x86_64-linux-gnu.so
728b840a3000-728b840a4000 rw-p 0006a000 fc:00 34870549                   /home/henriqueramos_qs/meta-learning-concept-drift/.venv/lib/python3.12/site-packages/matplotlib/_image.cpython-312-x86_64-linux-gnu.so
728b840a4000-728b840a5000 rw-p 00000000 00:00 0 
728b840a5000-728b840ad000 r--p 00000000 fc:00 35402603                   /home/henriqueramos_qs/meta-learning-concept-drift/.venv/lib/python3.12/site-packages/pillow.libs/libopenjp2-56811f71.so.2.5.3
728b840ad000-728b8411c000 r-xp 00008000 fc:00 35402603                   /home/henriqueramos_qs/meta-learning-concept-drift/.venv/lib/python3.12/site-packages/pillow.libs/libopenjp2-56811f71.so.2.5.3
728b8411c000-728b8412f000 r--p 00077000 fc:00 35402603                   /home/henriqueramos_qs/meta-learning-concept-drift/.venv/lib/python3.12/site-packages/pillow.libs/libopenjp2-56811f71.so.2.5.3
728b8412f000-728b84130000 r--p 0008a000 fc:00 35402603                   /home/henriqueramos_qs/meta-learning-concept-drift/.venv/lib/python3.12/site-packages/pillow.libs/libopenjp2-56811f71.so.2.5.3
728b84130000-728b84131000 rw-p 0008b000 fc:00 35402603                   /home/henriqueramos_qs/meta-learning-concept-drift/.venv/lib/python3.12/site-packages/pillow.libs/libopenjp2-56811f71.so.2.5.3
728b84131000-728b84134000 rw-p 0008d000 fc:00 35402603                   /home/henriqueramos_qs/meta-learning-concept-drift/.venv/lib/python3.12/site-packages/pillow.libs/libopenjp2-56811f71.so.2.5.3
728b84134000-728b8413a000 r--p 00000000 fc:00 35402600                   /home/henriqueramos_qs/meta-learning-concept-drift/.venv/lib/python3.12/site-packages/pillow.libs/libjpeg-8a13c6e0.so.62.4.0
728b8413a000-728b841d1000 r-xp 00006000 fc:00 35402600                   /home/henriqueramos_qs/meta-learning-concept-drift/.venv/lib/python3.12/site-packages/pillow.libs/libjpeg-8a13c6e0.so.62.4.0
728b841d1000-728b841fa000 r--p 0009d000 fc:00 35402600                   /home/henriqueramos_qs/meta-learning-concept-drift/.venv/lib/python3.12/site-packages/pillow.libs/libjpeg-8a13c6e0.so.62.4.0
728b841fa000-728b841fb000 r--p 000c6000 fc:00 35402600                   /home/henriqueramos_qs/meta-learning-concept-drift/.venv/lib/python3.12/site-packages/pillow.libs/libjpeg-8a13c6e0.so.62.4.0
728b841fb000-728b84200000 rw-p 000c7000 fc:00 35402600                   /home/henriqueramos_qs/meta-learning-concept-drift/.venv/lib/python3.12/site-packages/pillow.libs/libjpeg-8a13c6e0.so.62.4.0
728b84200000-728b8423b000 r-xp 00000000 fc:00 34867493                   /home/henriqueramos_qs/meta-learning-concept-drift/.venv/lib/python3.12/site-packages/numpy.libs/libquadmath-96973f99-934c22de.so.0.0.0
728b8423b000-728b8443a000 ---p 0003b000 fc:00 34867493                   /home/henriqueramos_qs/meta-learning-concept-drift/.venv/lib/python3.12/site-packages/numpy.libs/libquadmath-96973f99-934c22de.so.0.0.0
728b8443a000-728b8443b000 r--p 0003a000 fc:00 34867493                   /home/henriqueramos_qs/meta-learning-concept-drift/.venv/lib/python3.12/site-packages/numpy.libs/libquadmath-96973f99-934c22de.so.0.0.0
728b8443b000-728b8443e000 rw-p 0003b000 fc:00 34867493                   /home/henriqueramos_qs/meta-learning-concept-drift/.venv/lib/python3.12/site-packages/numpy.libs/libquadmath-96973f99-934c22de.so.0.0.0
728b8443f000-728b84443000 r--p 00000000 fc:00 34866637                   /home/henriqueramos_qs/meta-learning-concept-drift/.venv/lib/python3.12/site-packages/numpy/random/_bounded_integers.cpython-312-x86_64-linux-gnu.so
728b84443000-728b84484000 r-xp 00004000 fc:00 34866637                   /home/henriqueramos_qs/meta-learning-concept-drift/.venv/lib/python3.12/site-packages/numpy/random/_bounded_integers.cpython-312-x86_64-linux-gnu.so
728b84484000-728b8448d000 r--p 00045000 fc:00 34866637                   /home/henriqueramos_qs/meta-learning-concept-drift/.venv/lib/python3.12/site-packages/numpy/random/_bounded_integers.cpython-312-x86_64-linux-gnu.so
728b8448d000-728b8448e000 r--p 0004d000 fc:00 34866637                   /home/henriqueramos_qs/meta-learning-concept-drift/.venv/lib/python3.12/site-packages/numpy/random/_bounded_integers.cpython-312-x86_64-linux-gnu.so
728b8448e000-728b8448f000 rw-p 0004e000 fc:00 34866637                   /home/henriqueramos_qs/meta-learning-concept-drift/.venv/lib/python3.12/site-packages/numpy/random/_bounded_integers.cpython-312-x86_64-linux-gnu.so
728b8448f000-728b84497000 r--p 00000000 fc:00 35402606                   /home/henriqueramos_qs/meta-learning-concept-drift/.venv/lib/python3.12/site-packages/pillow.libs/libtiff-13a02c81.so.6.1.0
728b84497000-728b8450a000 r-xp 00008000 fc:00 35402606                   /home/henriqueramos_qs/meta-learning-concept-drift/.venv/lib/python3.12/site-packages/pillow.libs/libtiff-13a02c81.so.6.1.0
728b8450a000-728b8453c000 r--p 0007b000 fc:00 35402606                   /home/henriqueramos_qs/meta-learning-concept-drift/.venv/lib/python3.12/site-packages/pillow.libs/libtiff-13a02c81.so.6.1.0
728b8453c000-728b84540000 r--p 000ad000 fc:00 35402606                   /home/henriqueramos_qs/meta-learning-concept-drift/.venv/lib/python3.12/site-packages/pillow.libs/libtiff-13a02c81.so.6.1.0
728b84540000-728b84541000 rw-p 000b1000 fc:00 35402606                   /home/henriqueramos_qs/meta-learning-concept-drift/.venv/lib/python3.12/site-packages/pillow.libs/libtiff-13a02c81.so.6.1.0
728b84541000-728b84545000 rw-p 000b3000 fc:00 35402606                   /home/henriqueramos_qs/meta-learning-concept-drift/.venv/lib/python3.12/site-packages/pillow.libs/libtiff-13a02c81.so.6.1.0
728b84545000-728b84559000 r--p 00000000 fc:00 35402572                   /home/henriqueramos_qs/meta-learning-concept-drift/.venv/lib/python3.12/site-packages/PIL/_imaging.cpython-312-x86_64-linux-gnu.so
728b84559000-728b845e0000 r-xp 00014000 fc:00 35402572                   /home/henriqueramos_qs/meta-learning-concept-drift/.venv/lib/python3.12/site-packages/PIL/_imaging.cpython-312-x86_64-linux-gnu.so
728b845e0000-728b845f1000 r--p 0009b000 fc:00 35402572                   /home/henriqueramos_qs/meta-learning-concept-drift/.venv/lib/python3.12/site-packages/PIL/_imaging.cpython-312-x86_64-linux-gnu.so
728b845f1000-728b845f5000 r--p 000ac000 fc:00 35402572                   /home/henriqueramos_qs/meta-learning-concept-drift/.venv/lib/python3.12/site-packages/PIL/_imaging.cpython-312-x86_64-linux-gnu.so
728b845f5000-728b845f9000 rw-p 000b0000 fc:00 35402572                   /home/henriqueramos_qs/meta-learning-concept-drift/.venv/lib/python3.12/site-packages/PIL/_imaging.cpython-312-x86_64-linux-gnu.so
728b845f9000-728b84600000 rw-p 00333000 fc:00 35402572                   /home/henriqueramos_qs/meta-learning-concept-drift/.venv/lib/python3.12/site-packages/PIL/_imaging.cpython-312-x86_64-linux-gnu.so
728b84600000-728b84876000 r-xp 00000000 fc:00 34867494                   /home/henriqueramos_qs/meta-learning-concept-drift/.venv/lib/python3.12/site-packages/numpy.libs/libgfortran-040039e1-0352e75f.so.5.0.0
728b84876000-728b84a75000 ---p 00276000 fc:00 34867494                   /home/henriqueramos_qs/meta-learning-concept-drift/.venv/lib/python3.12/site-packages/numpy.libs/libgfortran-040039e1-0352e75f.so.5.0.0
728b84a75000-728b84a76000 r--p 00275000 fc:00 34867494                   /home/henriqueramos_qs/meta-learning-concept-drift/.venv/lib/python3.12/site-packages/numpy.libs/libgfortran-040039e1-0352e75f.so.5.0.0
728b84a76000-728b84a78000 rw-p 00276000 fc:00 34867494                   /home/henriqueramos_qs/meta-learning-concept-drift/.venv/lib/python3.12/site-packages/numpy.libs/libgfortran-040039e1-0352e75f.so.5.0.0
728b84a78000-728b84ab1000 rw-p 0027b000 fc:00 34867494                   /home/henriqueramos_qs/meta-learning-concept-drift/.venv/lib/python3.12/site-packages/numpy.libs/libgfortran-040039e1-0352e75f.so.5.0.0
728b84ab3000-728b84ab4000 r--p 00000000 08:05 8397329                    /usr/lib/python3.12/lib-dynload/_posixshmem.cpython-312-x86_64-linux-gnu.so
728b84ab4000-728b84ab5000 r-xp 00001000 08:05 8397329                    /usr/lib/python3.12/lib-dynload/_posixshmem.cpython-312-x86_64-linux-gnu.so
728b84ab5000-728b84ab6000 r--p 00002000 08:05 8397329                    /usr/lib/python3.12/lib-dynload/_posixshmem.cpython-312-x86_64-linux-gnu.so
728b84ab6000-728b84ab7000 r--p 00002000 08:05 8397329                    /usr/lib/python3.12/lib-dynload/_posixshmem.cpython-312-x86_64-linux-gnu.so
728b84ab7000-728b84ab8000 rw-p 00003000 08:05 8397329                    /usr/lib/python3.12/lib-dynload/_posixshmem.cpython-312-x86_64-linux-gnu.so
728b84ab8000-728b84aba000 r--p 00000000 08:05 8397342                    /usr/lib/python3.12/lib-dynload/_zoneinfo.cpython-312-x86_64-linux-gnu.so
728b84aba000-728b84ac2000 r-xp 00002000 08:05 8397342                    /usr/lib/python3.12/lib-dynload/_zoneinfo.cpython-312-x86_64-linux-gnu.so
728b84ac2000-728b84ac4000 r--p 0000a000 08:05 8397342                    /usr/lib/python3.12/lib-dynload/_zoneinfo.cpython-312-x86_64-linux-gnu.so
728b84ac4000-728b84ac5000 r--p 0000b000 08:05 8397342                    /usr/lib/python3.12/lib-dynload/_zoneinfo.cpython-312-x86_64-linux-gnu.so
728b84ac5000-728b84ac6000 rw-p 0000c000 08:05 8397342                    /usr/lib/python3.12/lib-dynload/_zoneinfo.cpython-312-x86_64-linux-gnu.so
728b84ac6000-728b84aca000 r--p 00000000 fc:00 35393410                   /home/henriqueramos_qs/meta-learning-concept-drift/.venv/lib/python3.12/site-packages/pandas/_libs/tslibs/ccalendar.cpython-312-x86_64-linux-gnu.so
728b84aca000-728b84ad9000 r-xp 00004000 fc:00 35393410                   /home/henriqueramos_qs/meta-learning-concept-drift/.venv/lib/python3.12/site-packages/pandas/_libs/tslibs/ccalendar.cpython-312-x86_64-linux-gnu.so
728b84ad9000-728b84adc000 r--p 00013000 fc:00 35393410                   /home/henriqueramos_qs/meta-learning-concept-drift/.venv/lib/python3.12/site-packages/pandas/_libs/tslibs/ccalendar.cpython-312-x86_64-linux-gnu.so
728b84adc000-728b84add000 ---p 00016000 fc:00 35393410                   /home/henriqueramos_qs/meta-learning-concept-drift/.venv/lib/python3.12/site-packages/pandas/_libs/tslibs/ccalendar.cpython-312-x86_64-linux-gnu.so
728b84add000-728b84ade000 r--p 00016000 fc:00 35393410                   /home/henriqueramos_qs/meta-learning-concept-drift/.venv/lib/python3.12/site-packages/pandas/_libs/tslibs/ccalendar.cpython-312-x86_64-linux-gnu.so
728b84ade000-728b84adf000 rw-p 00017000 fc:00 35393410                   /home/henriqueramos_qs/meta-learning-concept-drift/.venv/lib/python3.12/site-packages/pandas/_libs/tslibs/ccalendar.cpython-312-x86_64-linux-gnu.so
728b84adf000-728b84ae3000 r--p 00000000 fc:00 34866617                   /home/henriqueramos_qs/meta-learning-concept-drift/.venv/lib/python3.12/site-packages/numpy/random/_pcg64.cpython-312-x86_64-linux-gnu.so
728b84ae3000-728b84af7000 r-xp 00004000 fc:00 34866617                   /home/henriqueramos_qs/meta-learning-concept-drift/.venv/lib/python3.12/site-packages/numpy/random/_pcg64.cpython-312-x86_64-linux-gnu.so
728b84af7000-728b84afd000 r--p 00018000 fc:00 34866617                   /home/henriqueramos_qs/meta-learning-concept-drift/.venv/lib/python3.12/site-packages/numpy/random/_pcg64.cpython-312-x86_64-linux-gnu.so
728b84afd000-728b84afe000 r--p 0001d000 fc:00 34866617                   /home/henriqueramos_qs/meta-learning-concept-drift/.venv/lib/python3.12/site-packages/numpy/random/_pcg64.cpython-312-x86_64-linux-gnu.so
728b84afe000-728b84aff000 rw-p 0001e000 fc:00 34866617                   /home/henriqueramos_qs/meta-learning-concept-drift/.venv/lib/python3.12/site-packages/numpy/random/_pcg64.cpython-312-x86_64-linux-gnu.so
728b84aff000-728b84c00000 rw-p 00000000 00:00 0 
728b84c00000-728b84cae000 r--p 00000000 fc:00 34867495                   /home/henriqueramos_qs/meta-learning-concept-drift/.venv/lib/python3.12/site-packages/numpy.libs/libscipy_openblas64_-ff651d7f.so
728b84cae000-728b85dd4000 r-xp 000ae000 fc:00 34867495                   /home/henriqueramos_qs/meta-learning-concept-drift/.venv/lib/python3.12/site-packages/numpy.libs/libscipy_openblas64_-ff651d7f.so
728b85dd4000-728b85f87000 r--p 011d4000 fc:00 34867495                   /home/henriqueramos_qs/meta-learning-concept-drift/.venv/lib/python3.12/site-packages/numpy.libs/libscipy_openblas64_-ff651d7f.so
728b85f87000-728b85f8d000 r--p 01386000 fc:00 34867495                   /home/henriqueramos_qs/meta-learning-concept-drift/.venv/lib/python3.12/site-packages/numpy.libs/libscipy_openblas64_-ff651d7f.so
728b85f8d000-728b85f99000 rw-p 0138c000 fc:00 34867495                   /home/henriqueramos_qs/meta-learning-concept-drift/.venv/lib/python3.12/site-packages/numpy.libs/libscipy_openblas64_-ff651d7f.so
728b85f99000-728b85fa0000 rw-p 00000000 00:00 0 
728b85fa0000-728b860ad000 rw-p 01455000 fc:00 34867495                   /home/henriqueramos_qs/meta-learning-concept-drift/.venv/lib/python3.12/site-packages/numpy.libs/libscipy_openblas64_-ff651d7f.so
728b860ad000-728b860af000 r--p 00000000 08:05 8397328                    /usr/lib/python3.12/lib-dynload/_multiprocessing.cpython-312-x86_64-linux-gnu.so
728b860af000-728b860b1000 r-xp 00002000 08:05 8397328                    /usr/lib/python3.12/lib-dynload/_multiprocessing.cpython-312-x86_64-linux-gnu.so
728b860b1000-728b860b2000 r--p 00004000 08:05 8397328                    /usr/lib/python3.12/lib-dynload/_multiprocessing.cpython-312-x86_64-linux-gnu.so
728b860b2000-728b860b3000 r--p 00004000 08:05 8397328                    /usr/lib/python3.12/lib-dynload/_multiprocessing.cpython-312-x86_64-linux-gnu.so
728b860b3000-728b860b4000 rw-p 00005000 08:05 8397328                    /usr/lib/python3.12/lib-dynload/_multiprocessing.cpython-312-x86_64-linux-gnu.so
728b860b4000-728b860b7000 r--p 00000000 fc:00 35393409                   /home/henriqueramos_qs/meta-learning-concept-drift/.venv/lib/python3.12/site-packages/pandas/_libs/tslibs/base.cpython-312-x86_64-linux-gnu.so
728b860b7000-728b860be000 r-xp 00003000 fc:00 35393409                   /home/henriqueramos_qs/meta-learning-concept-drift/.venv/lib/python3.12/site-packages/pandas/_libs/tslibs/base.cpython-312-x86_64-linux-gnu.so
728b860be000-728b860c0000 r--p 0000a000 fc:00 35393409                   /home/henriqueramos_qs/meta-learning-concept-drift/.venv/lib/python3.12/site-packages/pandas/_libs/tslibs/base.cpython-312-x86_64-linux-gnu.so
728b860c0000-728b860c1000 ---p 0000c000 fc:00 35393409                   /home/henriqueramos_qs/meta-learning-concept-drift/.venv/lib/python3.12/site-packages/pandas/_libs/tslibs/base.cpython-312-x86_64-linux-gnu.so
728b860c1000-728b860c2000 r--p 0000c000 fc:00 35393409                   /home/henriqueramos_qs/meta-learning-concept-drift/.venv/lib/python3.12/site-packages/pandas/_libs/tslibs/base.cpython-312-x86_64-linux-gnu.so
728b860c2000-728b860c3000 rw-p 0000d000 fc:00 35393409                   /home/henriqueramos_qs/meta-learning-concept-drift/.venv/lib/python3.12/site-packages/pandas/_libs/tslibs/base.cpython-312-x86_64-linux-gnu.so
728b860c3000-728b860c7000 r--p 00000000 fc:00 34866630                   /home/henriqueramos_qs/meta-learning-concept-drift/.venv/lib/python3.12/site-packages/numpy/random/_common.cpython-312-x86_64-linux-gnu.so
728b860c7000-728b860f8000 r-xp 00004000 fc:00 34866630                   /home/henriqueramos_qs/meta-learning-concept-drift/.venv/lib/python3.12/site-packages/numpy/random/_common.cpython-312-x86_64-linux-gnu.so
728b860f8000-728b860fc000 r--p 00035000 fc:00 34866630                   /home/henriqueramos_qs/meta-learning-concept-drift/.venv/lib/python3.12/site-packages/numpy/random/_common.cpython-312-x86_64-linux-gnu.so
728b860fc000-728b860fd000 ---p 00039000 fc:00 34866630                   /home/henriqueramos_qs/meta-learning-concept-drift/.venv/lib/python3.12/site-packages/numpy/random/_common.cpython-312-x86_64-linux-gnu.so
728b860fd000-728b860fe000 r--p 00039000 fc:00 34866630                   /home/henriqueramos_qs/meta-learning-concept-drift/.venv/lib/python3.12/site-packages/numpy/random/_common.cpython-312-x86_64-linux-gnu.so
728b860fe000-728b860ff000 rw-p 0003a000 fc:00 34866630                   /home/henriqueramos_qs/meta-learning-concept-drift/.venv/lib/python3.12/site-packages/numpy/random/_common.cpython-312-x86_64-linux-gnu.so
728b860ff000-728b86200000 rw-p 00000000 00:00 0 
728b86200000-728b86228000 r--p 00000000 fc:00 34867266                   /home/henriqueramos_qs/meta-learning-concept-drift/.venv/lib/python3.12/site-packages/numpy/_core/_multiarray_umath.cpython-312-x86_64-linux-gnu.so
728b86228000-728b869cf000 r-xp 00028000 fc:00 34867266                   /home/henriqueramos_qs/meta-learning-concept-drift/.venv/lib/python3.12/site-packages/numpy/_core/_multiarray_umath.cpython-312-x86_64-linux-gnu.so
728b869cf000-728b86b5e000 r--p 007cf000 fc:00 34867266                   /home/henriqueramos_qs/meta-learning-concept-drift/.venv/lib/python3.12/site-packages/numpy/_core/_multiarray_umath.cpython-312-x86_64-linux-gnu.so
728b86b5e000-728b86b61000 r--p 0095d000 fc:00 34867266                   /home/henriqueramos_qs/meta-learning-concept-drift/.venv/lib/python3.12/site-packages/numpy/_core/_multiarray_umath.cpython-312-x86_64-linux-gnu.so
728b86b61000-728b86b83000 rw-p 00960000 fc:00 34867266                   /home/henriqueramos_qs/meta-learning-concept-drift/.venv/lib/python3.12/site-packages/numpy/_core/_multiarray_umath.cpython-312-x86_64-linux-gnu.so
728b86b83000-728b86b9b000 rw-p 00000000 00:00 0 
728b86b9b000-728b86ba5000 rw-p 009f8000 fc:00 34867266                   /home/henriqueramos_qs/meta-learning-concept-drift/.venv/lib/python3.12/site-packages/numpy/_core/_multiarray_umath.cpython-312-x86_64-linux-gnu.so
728b86ba8000-728b86bab000 r--p 00000000 fc:00 34866631                   /home/henriqueramos_qs/meta-learning-concept-drift/.venv/lib/python3.12/site-packages/numpy/random/_sfc64.cpython-312-x86_64-linux-gnu.so
728b86bab000-728b86bb6000 r-xp 00003000 fc:00 34866631                   /home/henriqueramos_qs/meta-learning-concept-drift/.venv/lib/python3.12/site-packages/numpy/random/_sfc64.cpython-312-x86_64-linux-gnu.so
728b86bb6000-728b86bb9000 r--p 0000e000 fc:00 34866631                   /home/henriqueramos_qs/meta-learning-concept-drift/.venv/lib/python3.12/site-packages/numpy/random/_sfc64.cpython-312-x86_64-linux-gnu.so
728b86bb9000-728b86bba000 ---p 00011000 fc:00 34866631                   /home/henriqueramos_qs/meta-learning-concept-drift/.venv/lib/python3.12/site-packages/numpy/random/_sfc64.cpython-312-x86_64-linux-gnu.so
728b86bba000-728b86bbb000 r--p 00011000 fc:00 34866631                   /home/henriqueramos_qs/meta-learning-concept-drift/.venv/lib/python3.12/site-packages/numpy/random/_sfc64.cpython-312-x86_64-linux-gnu.so
728b86bbb000-728b86bbc000 rw-p 00012000 fc:00 34866631                   /home/henriqueramos_qs/meta-learning-concept-drift/.venv/lib/python3.12/site-packages/numpy/random/_sfc64.cpython-312-x86_64-linux-gnu.so
728b86bbc000-728b86bc0000 r--p 00000000 fc:00 35402602                   /home/henriqueramos_qs/meta-learning-concept-drift/.venv/lib/python3.12/site-packages/pillow.libs/liblzma-64b7ab39.so.5.8.1
728b86bc0000-728b86bed000 r-xp 00004000 fc:00 35402602                   /home/henriqueramos_qs/meta-learning-concept-drift/.venv/lib/python3.12/site-packages/pillow.libs/liblzma-64b7ab39.so.5.8.1
728b86bed000-728b86bfa000 r--p 00031000 fc:00 35402602                   /home/henriqueramos_qs/meta-learning-concept-drift/.venv/lib/python3.12/site-packages/pillow.libs/liblzma-64b7ab39.so.5.8.1
728b86bfa000-728b86bfb000 r--p 0003e000 fc:00 35402602                   /home/henriqueramos_qs/meta-learning-concept-drift/.venv/lib/python3.12/site-packages/pillow.libs/liblzma-64b7ab39.so.5.8.1
728b86bfb000-728b86bfe000 rw-p 0003f000 fc:00 35402602                   /home/henriqueramos_qs/meta-learning-concept-drift/.venv/lib/python3.12/site-packages/pillow.libs/liblzma-64b7ab39.so.5.8.1
728b86bfe000-728b86dfe000 rw-p 00000000 00:00 0 
728b86dfe000-728b86dff000 ---p 00000000 00:00 0 
728b86dff000-728b875ff000 rw-p 00000000 00:00 0 
728b875ff000-728b877ff000 rw-p 00000000 00:00 0 
728b877ff000-728b87800000 ---p 00000000 00:00 0 
728b87800000-728b88000000 rw-p 00000000 00:00 0 
728b88000000-728b88021000 rw-p 00000000 00:00 0 
728b88021000-728b8c000000 ---p 00000000 00:00 0 
728b8c000000-728b8c021000 rw-p 00000000 00:00 0 
728b8c021000-728b90000000 ---p 00000000 00:00 0 
728b90000000-728b90021000 rw-p 00000000 00:00 0 
728b90021000-728b94000000 ---p 00000000 00:00 0 
728b94000000-728b94021000 rw-p 00000000 00:00 0 
728b94021000-728b98000000 ---p 00000000 00:00 0 
728b98000000-728b9805f000 rw-p 00000000 00:00 0 
728b9805f000-728b9c000000 ---p 00000000 00:00 0 
728b9c000000-728b9c001000 r--p 00000000 fc:00 34867979                   /home/henriqueramos_qs/meta-learning-concept-drift/.venv/lib/python3.12/site-packages/charset_normalizer/md.cpython-312-x86_64-linux-gnu.so
728b9c001000-728b9c002000 r-xp 00001000 fc:00 34867979                   /home/henriqueramos_qs/meta-learning-concept-drift/.venv/lib/python3.12/site-packages/charset_normalizer/md.cpython-312-x86_64-linux-gnu.so
728b9c002000-728b9c003000 r--p 00002000 fc:00 34867979                   /home/henriqueramos_qs/meta-learning-concept-drift/.venv/lib/python3.12/site-packages/charset_normalizer/md.cpython-312-x86_64-linux-gnu.so
728b9c003000-728b9c004000 r--p 00002000 fc:00 34867979                   /home/henriqueramos_qs/meta-learning-concept-drift/.venv/lib/python3.12/site-packages/charset_normalizer/md.cpython-312-x86_64-linux-gnu.so
728b9c004000-728b9c005000 rw-p 00003000 fc:00 34867979                   /home/henriqueramos_qs/meta-learning-concept-drift/.venv/lib/python3.12/site-packages/charset_normalizer/md.cpython-312-x86_64-linux-gnu.so
728b9c005000-728b9c007000 r--p 00000000 fc:00 35393390                   /home/henriqueramos_qs/meta-learning-concept-drift/.venv/lib/python3.12/site-packages/pandas/_libs/pandas_parser.cpython-312-x86_64-linux-gnu.so
728b9c007000-728b9c00d000 r-xp 00002000 fc:00 35393390                   /home/henriqueramos_qs/meta-learning-concept-drift/.venv/lib/python3.12/site-packages/pandas/_libs/pandas_parser.cpython-312-x86_64-linux-gnu.so
728b9c00d000-728b9c00f000 r--p 00008000 fc:00 35393390                   /home/henriqueramos_qs/meta-learning-concept-drift/.venv/lib/python3.12/site-packages/pandas/_libs/pandas_parser.cpython-312-x86_64-linux-gnu.so
728b9c00f000-728b9c010000 r--p 00009000 fc:00 35393390                   /home/henriqueramos_qs/meta-learning-concept-drift/.venv/lib/python3.12/site-packages/pandas/_libs/pandas_parser.cpython-312-x86_64-linux-gnu.so
728b9c010000-728b9c011000 rw-p 0000a000 fc:00 35393390                   /home/henriqueramos_qs/meta-learning-concept-drift/.venv/lib/python3.12/site-packages/pandas/_libs/pandas_parser.cpython-312-x86_64-linux-gnu.so
728b9c011000-728b9c015000 r--p 00000000 fc:00 34866626                   /home/henriqueramos_qs/meta-learning-concept-drift/.venv/lib/python3.12/site-packages/numpy/random/_philox.cpython-312-x86_64-linux-gnu.so
728b9c015000-728b9c026000 r-xp 00004000 fc:00 34866626                   /home/henriqueramos_qs/meta-learning-concept-drift/.venv/lib/python3.12/site-packages/numpy/random/_philox.cpython-312-x86_64-linux-gnu.so
728b9c026000-728b9c02b000 r--p 00015000 fc:00 34866626                   /home/henriqueramos_qs/meta-learning-concept-drift/.venv/lib/python3.12/site-packages/numpy/random/_philox.cpython-312-x86_64-linux-gnu.so
728b9c02b000-728b9c02c000 r--p 00019000 fc:00 34866626                   /home/henriqueramos_qs/meta-learning-concept-drift/.venv/lib/python3.12/site-packages/numpy/random/_philox.cpython-312-x86_64-linux-gnu.so
728b9c02c000-728b9c02d000 rw-p 0001a000 fc:00 34866626                   /home/henriqueramos_qs/meta-learning-concept-drift/.venv/lib/python3.12/site-packages/numpy/random/_philox.cpython-312-x86_64-linux-gnu.so
728b9c02d000-728b9c02e000 rw-p 00000000 00:00 0 
728b9c02e000-728b9c03a000 r--p 00000000 fc:00 35402610                   /home/henriqueramos_qs/meta-learning-concept-drift/.venv/lib/python3.12/site-packages/pillow.libs/libxcb-64009ff3.so.1.1.0
728b9c03a000-728b9c055000 r-xp 0000c000 fc:00 35402610                   /home/henriqueramos_qs/meta-learning-concept-drift/.venv/lib/python3.12/site-packages/pillow.libs/libxcb-64009ff3.so.1.1.0
728b9c055000-728b9c05f000 r--p 00027000 fc:00 35402610                   /home/henriqueramos_qs/meta-learning-concept-drift/.venv/lib/python3.12/site-packages/pillow.libs/libxcb-64009ff3.so.1.1.0
728b9c05f000-728b9c060000 r--p 00030000 fc:00 35402610                   /home/henriqueramos_qs/meta-learning-concept-drift/.venv/lib/python3.12/site-packages/pillow.libs/libxcb-64009ff3.so.1.1.0
728b9c060000-728b9c061000 rw-p 00031000 fc:00 35402610                   /home/henriqueramos_qs/meta-learning-concept-drift/.venv/lib/python3.12/site-packages/pillow.libs/libxcb-64009ff3.so.1.1.0
728b9c061000-728b9c06c000 rw-p 00033000 fc:00 35402610                   /home/henriqueramos_qs/meta-learning-concept-drift/.venv/lib/python3.12/site-packages/pillow.libs/libxcb-64009ff3.so.1.1.0
728b9c06c000-728b9c079000 r--p 00000000 fc:00 34870579                   /home/henriqueramos_qs/meta-learning-concept-drift/.venv/lib/python3.12/site-packages/matplotlib/_c_internal_utils.cpython-312-x86_64-linux-gnu.so
728b9c079000-728b9c090000 r-xp 0000d000 fc:00 34870579                   /home/henriqueramos_qs/meta-learning-concept-drift/.venv/lib/python3.12/site-packages/matplotlib/_c_internal_utils.cpython-312-x86_64-linux-gnu.so
728b9c090000-728b9c098000 r--p 00024000 fc:00 34870579                   /home/henriqueramos_qs/meta-learning-concept-drift/.venv/lib/python3.12/site-packages/matplotlib/_c_internal_utils.cpython-312-x86_64-linux-gnu.so
728b9c098000-728b9c099000 ---p 0002c000 fc:00 34870579                   /home/henriqueramos_qs/meta-learning-concept-drift/.venv/lib/python3.12/site-packages/matplotlib/_c_internal_utils.cpython-312-x86_64-linux-gnu.so
728b9c099000-728b9c09a000 r--p 0002c000 fc:00 34870579                   /home/henriqueramos_qs/meta-learning-concept-drift/.venv/lib/python3.12/site-packages/matplotlib/_c_internal_utils.cpython-312-x86_64-linux-gnu.so
728b9c09a000-728b9c09b000 rw-p 0002d000 fc:00 34870579                   /home/henriqueramos_qs/meta-learning-concept-drift/.venv/lib/python3.12/site-packages/matplotlib/_c_internal_utils.cpython-312-x86_64-linux-gnu.so
728b9c09b000-728b9c09f000 r--p 00000000 fc:00 34867015                   /home/henriqueramos_qs/meta-learning-concept-drift/.venv/lib/python3.12/site-packages/numpy/linalg/_umath_linalg.cpython-312-x86_64-linux-gnu.so
728b9c09f000-728b9c0c3000 r-xp 00004000 fc:00 34867015                   /home/henriqueramos_qs/meta-learning-concept-drift/.venv/lib/python3.12/site-packages/numpy/linalg/_umath_linalg.cpython-312-x86_64-linux-gnu.so
728b9c0c3000-728b9c0c8000 r--p 00028000 fc:00 34867015                   /home/henriqueramos_qs/meta-learning-concept-drift/.venv/lib/python3.12/site-packages/numpy/linalg/_umath_linalg.cpython-312-x86_64-linux-gnu.so
728b9c0c8000-728b9c0c9000 ---p 0002d000 fc:00 34867015                   /home/henriqueramos_qs/meta-learning-concept-drift/.venv/lib/python3.12/site-packages/numpy/linalg/_umath_linalg.cpython-312-x86_64-linux-gnu.so
728b9c0c9000-728b9c0ca000 r--p 0002d000 fc:00 34867015                   /home/henriqueramos_qs/meta-learning-concept-drift/.venv/lib/python3.12/site-packages/numpy/linalg/_umath_linalg.cpython-312-x86_64-linux-gnu.so
728b9c0ca000-728b9c0cb000 rw-p 0002e000 fc:00 34867015                   /home/henriqueramos_qs/meta-learning-concept-drift/.venv/lib/python3.12/site-packages/numpy/linalg/_umath_linalg.cpython-312-x86_64-linux-gnu.so
728b9c0cb000-728b9c0ce000 rw-p 00035000 fc:00 34867015                   /home/henriqueramos_qs/meta-learning-concept-drift/.venv/lib/python3.12/site-packages/numpy/linalg/_umath_linalg.cpython-312-x86_64-linux-gnu.so
728b9c0ce000-728b9c1ce000 rw-p 00000000 00:00 0 
728b9c1ce000-728b9c1d3000 r--p 00000000 fc:00 34897502                   /home/henriqueramos_qs/meta-learning-concept-drift/.venv/lib/python3.12/site-packages/debugpy/_vendored/pydevd/_pydevd_sys_monitoring/_pydevd_sys_monitoring_cython.cpython-312-x86_64-linux-gnu.so
728b9c1d3000-728b9c23d000 r-xp 00005000 fc:00 34897502                   /home/henriqueramos_qs/meta-learning-concept-drift/.venv/lib/python3.12/site-packages/debugpy/_vendored/pydevd/_pydevd_sys_monitoring/_pydevd_sys_monitoring_cython.cpython-312-x86_64-linux-gnu.so
728b9c23d000-728b9c246000 r--p 0006f000 fc:00 34897502                   /home/henriqueramos_qs/meta-learning-concept-drift/.venv/lib/python3.12/site-packages/debugpy/_vendored/pydevd/_pydevd_sys_monitoring/_pydevd_sys_monitoring_cython.cpython-312-x86_64-linux-gnu.so
728b9c246000-728b9c247000 r--p 00077000 fc:00 34897502                   /home/henriqueramos_qs/meta-learning-concept-drift/.venv/lib/python3.12/site-packages/debugpy/_vendored/pydevd/_pydevd_sys_monitoring/_pydevd_sys_monitoring_cython.cpython-312-x86_64-linux-gnu.so
728b9c247000-728b9c249000 rw-p 00078000 fc:00 34897502                   /home/henriqueramos_qs/meta-learning-concept-drift/.venv/lib/python3.12/site-packages/debugpy/_vendored/pydevd/_pydevd_sys_monitoring/_pydevd_sys_monitoring_cython.cpython-312-x86_64-linux-gnu.so
728b9c249000-728b9c24a000 rw-p 00000000 00:00 0 
728b9c24a000-728b9c250000 r--p 00000000 fc:00 34897336                   /home/henriqueramos_qs/meta-learning-concept-drift/.venv/lib/python3.12/site-packages/debugpy/_vendored/pydevd/_pydevd_bundle/pydevd_cython.cpython-312-x86_64-linux-gnu.so
728b9c250000-728b9c2d8000 r-xp 00006000 fc:00 34897336                   /home/henriqueramos_qs/meta-learning-concept-drift/.venv/lib/python3.12/site-packages/debugpy/_vendored/pydevd/_pydevd_bundle/pydevd_cython.cpython-312-x86_64-linux-gnu.so
728b9c2d8000-728b9c2e4000 r--p 0008e000 fc:00 34897336                   /home/henriqueramos_qs/meta-learning-concept-drift/.venv/lib/python3.12/site-packages/debugpy/_vendored/pydevd/_pydevd_bundle/pydevd_cython.cpython-312-x86_64-linux-gnu.so
728b9c2e4000-728b9c2e5000 r--p 00099000 fc:00 34897336                   /home/henriqueramos_qs/meta-learning-concept-drift/.venv/lib/python3.12/site-packages/debugpy/_vendored/pydevd/_pydevd_bundle/pydevd_cython.cpython-312-x86_64-linux-gnu.so
728b9c2e5000-728b9c2e8000 rw-p 0009a000 fc:00 34897336                   /home/henriqueramos_qs/meta-learning-concept-drift/.venv/lib/python3.12/site-packages/debugpy/_vendored/pydevd/_pydevd_bundle/pydevd_cython.cpython-312-x86_64-linux-gnu.so
728b9c2e8000-728b9c3e9000 rw-p 00000000 00:00 0 
728b9c3e9000-728b9c3ea000 ---p 00000000 00:00 0 
728b9c3ea000-728b9cbea000 rw-p 00000000 00:00 0 
728b9cbea000-728b9cbeb000 ---p 00000000 00:00 0 
728b9cbeb000-728b9d3eb000 rw-p 00000000 00:00 0 
728b9d3eb000-728b9d3ec000 ---p 00000000 00:00 0 
728b9d3ec000-728b9dbec000 rw-p 00000000 00:00 0 
728b9dbec000-728b9dbed000 ---p 00000000 00:00 0 
728b9dbed000-728b9e3ed000 rw-p 00000000 00:00 0 
728b9e3ed000-728b9e3ee000 ---p 00000000 00:00 0 
728b9e3ee000-728b9ebee000 rw-p 00000000 00:00 0 
728b9ebee000-728b9ebef000 ---p 00000000 00:00 0 
728b9ebef000-728b9f3ef000 rw-p 00000000 00:00 0 
728b9f3ef000-728b9f3f0000 ---p 00000000 00:00 0 
728b9f3f0000-728b9fbf0000 rw-p 00000000 00:00 0 
728b9fbf0000-728b9fbf1000 ---p 00000000 00:00 0 
728b9fbf1000-728ba03f1000 rw-p 00000000 00:00 0 
728ba03f1000-728ba0ef1000 rw-p 00000000 00:00 0 
728ba0ef1000-728ba0f11000 r--p 00000000 08:05 8388653                    /usr/lib/x86_64-linux-gnu/libsqlite3.so.0.8.6
728ba0f11000-728ba101c000 r-xp 00020000 08:05 8388653                    /usr/lib/x86_64-linux-gnu/libsqlite3.so.0.8.6
728ba101c000-728ba1050000 r--p 0012b000 08:05 8388653                    /usr/lib/x86_64-linux-gnu/libsqlite3.so.0.8.6
728ba1050000-728ba1054000 r--p 0015e000 08:05 8388653                    /usr/lib/x86_64-linux-gnu/libsqlite3.so.0.8.6
728ba1054000-728ba1058000 rw-p 00162000 08:05 8388653                    /usr/lib/x86_64-linux-gnu/libsqlite3.so.0.8.6
728ba1058000-728ba1159000 rw-p 00000000 00:00 0 
728ba115d000-728ba1161000 r--p 00000000 fc:00 34866627                   /home/henriqueramos_qs/meta-learning-concept-drift/.venv/lib/python3.12/site-packages/numpy/random/_mt19937.cpython-312-x86_64-linux-gnu.so
728ba1161000-728ba1175000 r-xp 00004000 fc:00 34866627                   /home/henriqueramos_qs/meta-learning-concept-drift/.venv/lib/python3.12/site-packages/numpy/random/_mt19937.cpython-312-x86_64-linux-gnu.so
728ba1175000-728ba117b000 r--p 00018000 fc:00 34866627                   /home/henriqueramos_qs/meta-learning-concept-drift/.venv/lib/python3.12/site-packages/numpy/random/_mt19937.cpython-312-x86_64-linux-gnu.so
728ba117b000-728ba117c000 r--p 0001d000 fc:00 34866627                   /home/henriqueramos_qs/meta-learning-concept-drift/.venv/lib/python3.12/site-packages/numpy/random/_mt19937.cpython-312-x86_64-linux-gnu.so
728ba117c000-728ba117d000 rw-p 0001e000 fc:00 34866627                   /home/henriqueramos_qs/meta-learning-concept-drift/.venv/lib/python3.12/site-packages/numpy/random/_mt19937.cpython-312-x86_64-linux-gnu.so
728ba117d000-728ba117e000 rw-p 00000000 00:00 0 
728ba117e000-728ba1183000 r--p 00000000 fc:00 34866622                   /home/henriqueramos_qs/meta-learning-concept-drift/.venv/lib/python3.12/site-packages/numpy/random/bit_generator.cpython-312-x86_64-linux-gnu.so
728ba1183000-728ba11a6000 r-xp 00005000 fc:00 34866622                   /home/henriqueramos_qs/meta-learning-concept-drift/.venv/lib/python3.12/site-packages/numpy/random/bit_generator.cpython-312-x86_64-linux-gnu.so
728ba11a6000-728ba11b0000 r--p 00028000 fc:00 34866622                   /home/henriqueramos_qs/meta-learning-concept-drift/.venv/lib/python3.12/site-packages/numpy/random/bit_generator.cpython-312-x86_64-linux-gnu.so
728ba11b0000-728ba11b1000 r--p 00031000 fc:00 34866622                   /home/henriqueramos_qs/meta-learning-concept-drift/.venv/lib/python3.12/site-packages/numpy/random/bit_generator.cpython-312-x86_64-linux-gnu.so
728ba11b1000-728ba11b3000 rw-p 00032000 fc:00 34866622                   /home/henriqueramos_qs/meta-learning-concept-drift/.venv/lib/python3.12/site-packages/numpy/random/bit_generator.cpython-312-x86_64-linux-gnu.so
728ba11b3000-728ba11b4000 rw-p 00000000 00:00 0 
728ba11b4000-728ba11bb000 r--p 00000000 fc:00 35402728                   /home/henriqueramos_qs/meta-learning-concept-drift/.venv/lib/python3.12/site-packages/kiwisolver/_cext.cpython-312-x86_64-linux-gnu.so
728ba11bb000-728ba11df000 r-xp 00007000 fc:00 35402728                   /home/henriqueramos_qs/meta-learning-concept-drift/.venv/lib/python3.12/site-packages/kiwisolver/_cext.cpython-312-x86_64-linux-gnu.so
728ba11df000-728ba11e5000 r--p 0002b000 fc:00 35402728                   /home/henriqueramos_qs/meta-learning-concept-drift/.venv/lib/python3.12/site-packages/kiwisolver/_cext.cpython-312-x86_64-linux-gnu.so
728ba11e5000-728ba11e6000 r--p 00030000 fc:00 35402728                   /home/henriqueramos_qs/meta-learning-concept-drift/.venv/lib/python3.12/site-packages/kiwisolver/_cext.cpython-312-x86_64-linux-gnu.so
728ba11e6000-728ba11e7000 rw-p 00031000 fc:00 35402728                   /home/henriqueramos_qs/meta-learning-concept-drift/.venv/lib/python3.12/site-packages/kiwisolver/_cext.cpython-312-x86_64-linux-gnu.so
728ba11e7000-728ba11e8000 rw-p 00000000 00:00 0 
728ba11e8000-728ba11f7000 r--p 00000000 fc:00 34870561                   /home/henriqueramos_qs/meta-learning-concept-drift/.venv/lib/python3.12/site-packages/matplotlib/_path.cpython-312-x86_64-linux-gnu.so
728ba11f7000-728ba1232000 r-xp 0000f000 fc:00 34870561                   /home/henriqueramos_qs/meta-learning-concept-drift/.venv/lib/python3.12/site-packages/matplotlib/_path.cpython-312-x86_64-linux-gnu.so
728ba1232000-728ba1240000 r--p 0004a000 fc:00 34870561                   /home/henriqueramos_qs/meta-learning-concept-drift/.venv/lib/python3.12/site-packages/matplotlib/_path.cpython-312-x86_64-linux-gnu.so
728ba1240000-728ba1241000 ---p 00058000 fc:00 34870561                   /home/henriqueramos_qs/meta-learning-concept-drift/.venv/lib/python3.12/site-packages/matplotlib/_path.cpython-312-x86_64-linux-gnu.so
728ba1241000-728ba1242000 r--p 00058000 fc:00 34870561                   /home/henriqueramos_qs/meta-learning-concept-drift/.venv/lib/python3.12/site-packages/matplotlib/_path.cpython-312-x86_64-linux-gnu.so
728ba1242000-728ba1243000 rw-p 00059000 fc:00 34870561                   /home/henriqueramos_qs/meta-learning-concept-drift/.venv/lib/python3.12/site-packages/matplotlib/_path.cpython-312-x86_64-linux-gnu.so
728ba1243000-728ba1744000 rw-p 00000000 00:00 0 
728ba1744000-728ba1747000 r--p 00000000 08:05 8390031                    /usr/lib/x86_64-linux-gnu/liblzma.so.5.4.5
728ba1747000-728ba1769000 r-xp 00003000 08:05 8390031                    /usr/lib/x86_64-linux-gnu/liblzma.so.5.4.5
728ba1769000-728ba1774000 r--p 00025000 08:05 8390031                    /usr/lib/x86_64-linux-gnu/liblzma.so.5.4.5
728ba1774000-728ba1775000 r--p 00030000 08:05 8390031                    /usr/lib/x86_64-linux-gnu/liblzma.so.5.4.5
728ba1775000-728ba1776000 rw-p 00031000 08:05 8390031                    /usr/lib/x86_64-linux-gnu/liblzma.so.5.4.5
728ba1776000-728ba1778000 r--p 00000000 fc:00 35393389                   /home/henriqueramos_qs/meta-learning-concept-drift/.venv/lib/python3.12/site-packages/pandas/_libs/pandas_datetime.cpython-312-x86_64-linux-gnu.so
728ba1778000-728ba177d000 r-xp 00002000 fc:00 35393389                   /home/henriqueramos_qs/meta-learning-concept-drift/.venv/lib/python3.12/site-packages/pandas/_libs/pandas_datetime.cpython-312-x86_64-linux-gnu.so
728ba177d000-728ba177f000 r--p 00007000 fc:00 35393389                   /home/henriqueramos_qs/meta-learning-concept-drift/.venv/lib/python3.12/site-packages/pandas/_libs/pandas_datetime.cpython-312-x86_64-linux-gnu.so
728ba177f000-728ba1780000 r--p 00008000 fc:00 35393389                   /home/henriqueramos_qs/meta-learning-concept-drift/.venv/lib/python3.12/site-packages/pandas/_libs/pandas_datetime.cpython-312-x86_64-linux-gnu.so
728ba1780000-728ba1781000 rw-p 00009000 fc:00 35393389                   /home/henriqueramos_qs/meta-learning-concept-drift/.venv/lib/python3.12/site-packages/pandas/_libs/pandas_datetime.cpython-312-x86_64-linux-gnu.so
728ba1781000-728ba1783000 r--p 00000000 08:05 8404077                    /usr/lib/x86_64-linux-gnu/libffi.so.8.1.4
728ba1783000-728ba178a000 r-xp 00002000 08:05 8404077                    /usr/lib/x86_64-linux-gnu/libffi.so.8.1.4
728ba178a000-728ba178b000 r--p 00009000 08:05 8404077                    /usr/lib/x86_64-linux-gnu/libffi.so.8.1.4
728ba178b000-728ba178c000 r--p 0000a000 08:05 8404077                    /usr/lib/x86_64-linux-gnu/libffi.so.8.1.4
728ba178c000-728ba178d000 rw-p 0000b000 08:05 8404077                    /usr/lib/x86_64-linux-gnu/libffi.so.8.1.4
728ba178d000-728ba178f000 r--p 00000000 08:05 8388634                    /usr/lib/x86_64-linux-gnu/libbz2.so.1.0.4
728ba178f000-728ba179d000 r-xp 00002000 08:05 8388634                    /usr/lib/x86_64-linux-gnu/libbz2.so.1.0.4
728ba179d000-728ba179f000 r--p 00010000 08:05 8388634                    /usr/lib/x86_64-linux-gnu/libbz2.so.1.0.4
728ba179f000-728ba17a0000 r--p 00011000 08:05 8388634                    /usr/lib/x86_64-linux-gnu/libbz2.so.1.0.4
728ba17a0000-728ba17a1000 rw-p 00012000 08:05 8388634                    /usr/lib/x86_64-linux-gnu/libbz2.so.1.0.4
728ba17a1000-728ba17a8000 r--p 00000000 08:05 8397323                    /usr/lib/python3.12/lib-dynload/_decimal.cpython-312-x86_64-linux-gnu.so
728ba17a8000-728ba17e8000 r-xp 00007000 08:05 8397323                    /usr/lib/python3.12/lib-dynload/_decimal.cpython-312-x86_64-linux-gnu.so
728ba17e8000-728ba17f9000 r--p 00047000 08:05 8397323                    /usr/lib/python3.12/lib-dynload/_decimal.cpython-312-x86_64-linux-gnu.so
728ba17f9000-728ba17fa000 r--p 00057000 08:05 8397323                    /usr/lib/python3.12/lib-dynload/_decimal.cpython-312-x86_64-linux-gnu.so
728ba17fa000-728ba17fd000 rw-p 00058000 08:05 8397323                    /usr/lib/python3.12/lib-dynload/_decimal.cpython-312-x86_64-linux-gnu.so
728ba17fd000-728ba18fd000 rw-p 00000000 00:00 0 
728ba18fd000-728ba190b000 r--p 00000000 08:05 8404569                    /usr/lib/x86_64-linux-gnu/libtinfo.so.6.4
728ba190b000-728ba191e000 r-xp 0000e000 08:05 8404569                    /usr/lib/x86_64-linux-gnu/libtinfo.so.6.4
728ba191e000-728ba192c000 r--p 00021000 08:05 8404569                    /usr/lib/x86_64-linux-gnu/libtinfo.so.6.4
728ba192c000-728ba1930000 r--p 0002e000 08:05 8404569                    /usr/lib/x86_64-linux-gnu/libtinfo.so.6.4
728ba1930000-728ba1931000 rw-p 00032000 08:05 8404569                    /usr/lib/x86_64-linux-gnu/libtinfo.so.6.4
728ba1931000-728ba193a000 r--p 00000000 08:05 8404339                    /usr/lib/x86_64-linux-gnu/libncursesw.so.6.4
728ba193a000-728ba1964000 r-xp 00009000 08:05 8404339                    /usr/lib/x86_64-linux-gnu/libncursesw.so.6.4
728ba1964000-728ba196b000 r--p 00033000 08:05 8404339                    /usr/lib/x86_64-linux-gnu/libncursesw.so.6.4
728ba196b000-728ba196c000 r--p 00039000 08:05 8404339                    /usr/lib/x86_64-linux-gnu/libncursesw.so.6.4
728ba196c000-728ba196d000 rw-p 0003a000 08:05 8404339                    /usr/lib/x86_64-linux-gnu/libncursesw.so.6.4
728ba196d000-728ba1a71000 rw-p 00000000 00:00 0 
728ba1a71000-728ba1a72000 r--p 00000000 08:05 8419745                    /usr/lib/x86_64-linux-gnu/libdl.so.2
728ba1a72000-728ba1a73000 r-xp 00001000 08:05 8419745                    /usr/lib/x86_64-linux-gnu/libdl.so.2
728ba1a73000-728ba1a74000 r--p 00002000 08:05 8419745                    /usr/lib/x86_64-linux-gnu/libdl.so.2
728ba1a74000-728ba1a75000 r--p 00002000 08:05 8419745                    /usr/lib/x86_64-linux-gnu/libdl.so.2
728ba1a75000-728ba1a76000 rw-p 00003000 08:05 8419745                    /usr/lib/x86_64-linux-gnu/libdl.so.2
728ba1a76000-728ba1a86000 rw-p 00000000 00:00 0 
728ba1a86000-728ba1a8c000 r--p 00000000 08:05 8397318                    /usr/lib/python3.12/lib-dynload/_ctypes.cpython-312-x86_64-linux-gnu.so
728ba1a8c000-728ba1a9e000 r-xp 00006000 08:05 8397318                    /usr/lib/python3.12/lib-dynload/_ctypes.cpython-312-x86_64-linux-gnu.so
728ba1a9e000-728ba1aa4000 r--p 00018000 08:05 8397318                    /usr/lib/python3.12/lib-dynload/_ctypes.cpython-312-x86_64-linux-gnu.so
728ba1aa4000-728ba1aa5000 r--p 0001d000 08:05 8397318                    /usr/lib/python3.12/lib-dynload/_ctypes.cpython-312-x86_64-linux-gnu.so
728ba1aa5000-728ba1aa9000 rw-p 0001e000 08:05 8397318                    /usr/lib/python3.12/lib-dynload/_ctypes.cpython-312-x86_64-linux-gnu.so
728ba1aa9000-728ba1aab000 r--p 00000000 fc:00 34896621                   /home/henriqueramos_qs/meta-learning-concept-drift/.venv/lib/python3.12/site-packages/psutil/_psutil_posix.abi3.so
728ba1aab000-728ba1aad000 r-xp 00002000 fc:00 34896621                   /home/henriqueramos_qs/meta-learning-concept-drift/.venv/lib/python3.12/site-packages/psutil/_psutil_posix.abi3.so
728ba1aad000-728ba1aae000 r--p 00004000 fc:00 34896621                   /home/henriqueramos_qs/meta-learning-concept-drift/.venv/lib/python3.12/site-packages/psutil/_psutil_posix.abi3.so
728ba1aae000-728ba1aaf000 r--p 00004000 fc:00 34896621                   /home/henriqueramos_qs/meta-learning-concept-drift/.venv/lib/python3.12/site-packages/psutil/_psutil_posix.abi3.so
728ba1aaf000-728ba1ab0000 rw-p 00005000 fc:00 34896621                   /home/henriqueramos_qs/meta-learning-concept-drift/.venv/lib/python3.12/site-packages/psutil/_psutil_posix.abi3.so
728ba1ab0000-728ba1ab7000 r--p 00000000 08:05 8397331                    /usr/lib/python3.12/lib-dynload/_sqlite3.cpython-312-x86_64-linux-gnu.so
728ba1ab7000-728ba1ac9000 r-xp 00007000 08:05 8397331                    /usr/lib/python3.12/lib-dynload/_sqlite3.cpython-312-x86_64-linux-gnu.so
728ba1ac9000-728ba1ad0000 r--p 00019000 08:05 8397331                    /usr/lib/python3.12/lib-dynload/_sqlite3.cpython-312-x86_64-linux-gnu.so
728ba1ad0000-728ba1ad1000 r--p 00020000 08:05 8397331                    /usr/lib/python3.12/lib-dynload/_sqlite3.cpython-312-x86_64-linux-gnu.so
728ba1ad1000-728ba1ad3000 rw-p 00021000 08:05 8397331                    /usr/lib/python3.12/lib-dynload/_sqlite3.cpython-312-x86_64-linux-gnu.so
728ba1ad3000-728ba1bd3000 rw-p 00000000 00:00 0 
728ba1bd4000-728ba1bd6000 r--p 00000000 fc:00 34896620                   /home/henriqueramos_qs/meta-learning-concept-drift/.venv/lib/python3.12/site-packages/psutil/_psutil_linux.abi3.so
728ba1bd6000-728ba1bd9000 r-xp 00002000 fc:00 34896620                   /home/henriqueramos_qs/meta-learning-concept-drift/.venv/lib/python3.12/site-packages/psutil/_psutil_linux.abi3.so
728ba1bd9000-728ba1bda000 r--p 00005000 fc:00 34896620                   /home/henriqueramos_qs/meta-learning-concept-drift/.venv/lib/python3.12/site-packages/psutil/_psutil_linux.abi3.so
728ba1bda000-728ba1bdb000 r--p 00005000 fc:00 34896620                   /home/henriqueramos_qs/meta-learning-concept-drift/.venv/lib/python3.12/site-packages/psutil/_psutil_linux.abi3.so
728ba1bdb000-728ba1bdc000 rw-p 00006000 fc:00 34896620                   /home/henriqueramos_qs/meta-learning-concept-drift/.venv/lib/python3.12/site-packages/psutil/_psutil_linux.abi3.so
728ba1bdc000-728ba1bde000 r--p 00000000 08:05 8397347                    /usr/lib/python3.12/lib-dynload/resource.cpython-312-x86_64-linux-gnu.so
728ba1bde000-728ba1bdf000 r-xp 00002000 08:05 8397347                    /usr/lib/python3.12/lib-dynload/resource.cpython-312-x86_64-linux-gnu.so
728ba1bdf000-728ba1be0000 r--p 00003000 08:05 8397347                    /usr/lib/python3.12/lib-dynload/resource.cpython-312-x86_64-linux-gnu.so
728ba1be0000-728ba1be1000 r--p 00003000 08:05 8397347                    /usr/lib/python3.12/lib-dynload/resource.cpython-312-x86_64-linux-gnu.so
728ba1be1000-728ba1be2000 rw-p 00004000 08:05 8397347                    /usr/lib/python3.12/lib-dynload/resource.cpython-312-x86_64-linux-gnu.so
728ba1be2000-728ba1be5000 r--p 00000000 08:05 8397326                    /usr/lib/python3.12/lib-dynload/_lzma.cpython-312-x86_64-linux-gnu.so
728ba1be5000-728ba1bea000 r-xp 00003000 08:05 8397326                    /usr/lib/python3.12/lib-dynload/_lzma.cpython-312-x86_64-linux-gnu.so
728ba1bea000-728ba1bed000 r--p 00008000 08:05 8397326                    /usr/lib/python3.12/lib-dynload/_lzma.cpython-312-x86_64-linux-gnu.so
728ba1bed000-728ba1bee000 r--p 0000a000 08:05 8397326                    /usr/lib/python3.12/lib-dynload/_lzma.cpython-312-x86_64-linux-gnu.so
728ba1bee000-728ba1bef000 rw-p 0000b000 08:05 8397326                    /usr/lib/python3.12/lib-dynload/_lzma.cpython-312-x86_64-linux-gnu.so
728ba1bef000-728ba1bf3000 r--p 00000000 08:05 8396007                    /usr/lib/python3.12/lib-dynload/_hashlib.cpython-312-x86_64-linux-gnu.so
728ba1bf3000-728ba1bf9000 r-xp 00004000 08:05 8396007                    /usr/lib/python3.12/lib-dynload/_hashlib.cpython-312-x86_64-linux-gnu.so
728ba1bf9000-728ba1bfd000 r--p 0000a000 08:05 8396007                    /usr/lib/python3.12/lib-dynload/_hashlib.cpython-312-x86_64-linux-gnu.so
728ba1bfd000-728ba1bfe000 r--p 0000d000 08:05 8396007                    /usr/lib/python3.12/lib-dynload/_hashlib.cpython-312-x86_64-linux-gnu.so
728ba1bfe000-728ba1c00000 rw-p 0000e000 08:05 8396007                    /usr/lib/python3.12/lib-dynload/_hashlib.cpython-312-x86_64-linux-gnu.so
728ba1c00000-728ba1cb3000 r--p 00000000 08:05 8388997                    /usr/lib/x86_64-linux-gnu/libcrypto.so.3
728ba1cb3000-728ba1fe6000 r-xp 000b3000 08:05 8388997                    /usr/lib/x86_64-linux-gnu/libcrypto.so.3
728ba1fe6000-728ba20b1000 r--p 003e6000 08:05 8388997                    /usr/lib/x86_64-linux-gnu/libcrypto.so.3
728ba20b1000-728ba210d000 r--p 004b0000 08:05 8388997                    /usr/lib/x86_64-linux-gnu/libcrypto.so.3
728ba210d000-728ba2110000 rw-p 0050c000 08:05 8388997                    /usr/lib/x86_64-linux-gnu/libcrypto.so.3
728ba2110000-728ba2113000 rw-p 00000000 00:00 0 
728ba2115000-728ba2117000 r--p 00000000 08:05 8397325                    /usr/lib/python3.12/lib-dynload/_lsprof.cpython-312-x86_64-linux-gnu.so
728ba2117000-728ba211a000 r-xp 00002000 08:05 8397325                    /usr/lib/python3.12/lib-dynload/_lsprof.cpython-312-x86_64-linux-gnu.so
728ba211a000-728ba211c000 r--p 00005000 08:05 8397325                    /usr/lib/python3.12/lib-dynload/_lsprof.cpython-312-x86_64-linux-gnu.so
728ba211c000-728ba211d000 r--p 00006000 08:05 8397325                    /usr/lib/python3.12/lib-dynload/_lsprof.cpython-312-x86_64-linux-gnu.so
728ba211d000-728ba211e000 rw-p 00007000 08:05 8397325                    /usr/lib/python3.12/lib-dynload/_lsprof.cpython-312-x86_64-linux-gnu.so
728ba211e000-728ba221e000 rw-p 00000000 00:00 0 
728ba221e000-728ba223c000 r--p 00000000 08:05 8388999                    /usr/lib/x86_64-linux-gnu/libssl.so.3
728ba223c000-728ba229e000 r-xp 0001e000 08:05 8388999                    /usr/lib/x86_64-linux-gnu/libssl.so.3
728ba229e000-728ba22ba000 r--p 00080000 08:05 8388999                    /usr/lib/x86_64-linux-gnu/libssl.so.3
728ba22ba000-728ba22c4000 r--p 0009c000 08:05 8388999                    /usr/lib/x86_64-linux-gnu/libssl.so.3
728ba22c4000-728ba22c8000 rw-p 000a6000 08:05 8388999                    /usr/lib/x86_64-linux-gnu/libssl.so.3
728ba22c8000-728ba22db000 r--p 00000000 08:05 8396008                    /usr/lib/python3.12/lib-dynload/_ssl.cpython-312-x86_64-linux-gnu.so
728ba22db000-728ba22e8000 r-xp 00013000 08:05 8396008                    /usr/lib/python3.12/lib-dynload/_ssl.cpython-312-x86_64-linux-gnu.so
728ba22e8000-728ba22f6000 r--p 00020000 08:05 8396008                    /usr/lib/python3.12/lib-dynload/_ssl.cpython-312-x86_64-linux-gnu.so
728ba22f6000-728ba22f7000 r--p 0002d000 08:05 8396008                    /usr/lib/python3.12/lib-dynload/_ssl.cpython-312-x86_64-linux-gnu.so
728ba22f7000-728ba2300000 rw-p 0002e000 08:05 8396008                    /usr/lib/python3.12/lib-dynload/_ssl.cpython-312-x86_64-linux-gnu.so
728ba2300000-728ba2400000 rw-p 00000000 00:00 0 
728ba2400000-728ba249d000 r--p 00000000 08:05 8398454                    /usr/lib/x86_64-linux-gnu/libstdc++.so.6.0.33
728ba249d000-728ba25e5000 r-xp 0009d000 08:05 8398454                    /usr/lib/x86_64-linux-gnu/libstdc++.so.6.0.33
728ba25e5000-728ba266c000 r--p 001e5000 08:05 8398454                    /usr/lib/x86_64-linux-gnu/libstdc++.so.6.0.33
728ba266c000-728ba2677000 r--p 0026b000 08:05 8398454                    /usr/lib/x86_64-linux-gnu/libstdc++.so.6.0.33
728ba2677000-728ba267a000 rw-p 00276000 08:05 8398454                    /usr/lib/x86_64-linux-gnu/libstdc++.so.6.0.33
728ba267a000-728ba267e000 rw-p 00000000 00:00 0 
728ba267f000-728ba2680000 r--p 00000000 00:00 0 
728ba2680000-728ba2682000 r--p 00000000 08:05 8397309                    /usr/lib/python3.12/lib-dynload/_bz2.cpython-312-x86_64-linux-gnu.so
728ba2682000-728ba2685000 r-xp 00002000 08:05 8397309                    /usr/lib/python3.12/lib-dynload/_bz2.cpython-312-x86_64-linux-gnu.so
728ba2685000-728ba2687000 r--p 00005000 08:05 8397309                    /usr/lib/python3.12/lib-dynload/_bz2.cpython-312-x86_64-linux-gnu.so
728ba2687000-728ba2688000 r--p 00006000 08:05 8397309                    /usr/lib/python3.12/lib-dynload/_bz2.cpython-312-x86_64-linux-gnu.so
728ba2688000-728ba2689000 rw-p 00007000 08:05 8397309                    /usr/lib/python3.12/lib-dynload/_bz2.cpython-312-x86_64-linux-gnu.so
728ba2689000-728ba268b000 r--p 00000000 08:05 8397330                    /usr/lib/python3.12/lib-dynload/_queue.cpython-312-x86_64-linux-gnu.so
728ba268b000-728ba268d000 r-xp 00002000 08:05 8397330                    /usr/lib/python3.12/lib-dynload/_queue.cpython-312-x86_64-linux-gnu.so
728ba268d000-728ba268e000 r--p 00004000 08:05 8397330                    /usr/lib/python3.12/lib-dynload/_queue.cpython-312-x86_64-linux-gnu.so
728ba268e000-728ba268f000 r--p 00004000 08:05 8397330                    /usr/lib/python3.12/lib-dynload/_queue.cpython-312-x86_64-linux-gnu.so
728ba268f000-728ba2690000 rw-p 00005000 08:05 8397330                    /usr/lib/python3.12/lib-dynload/_queue.cpython-312-x86_64-linux-gnu.so
728ba2690000-728ba2794000 rw-p 00000000 00:00 0 
728ba2794000-728ba2797000 r--p 00000000 08:05 8397348                    /usr/lib/python3.12/lib-dynload/termios.cpython-312-x86_64-linux-gnu.so
728ba2797000-728ba2799000 r-xp 00003000 08:05 8397348                    /usr/lib/python3.12/lib-dynload/termios.cpython-312-x86_64-linux-gnu.so
728ba2799000-728ba279b000 r--p 00005000 08:05 8397348                    /usr/lib/python3.12/lib-dynload/termios.cpython-312-x86_64-linux-gnu.so
728ba279b000-728ba279c000 r--p 00006000 08:05 8397348                    /usr/lib/python3.12/lib-dynload/termios.cpython-312-x86_64-linux-gnu.so
728ba279c000-728ba279e000 rw-p 00007000 08:05 8397348                    /usr/lib/python3.12/lib-dynload/termios.cpython-312-x86_64-linux-gnu.so
728ba279e000-728ba27a5000 r--p 00000000 08:05 8397320                    /usr/lib/python3.12/lib-dynload/_curses.cpython-312-x86_64-linux-gnu.so
728ba27a5000-728ba27b0000 r-xp 00007000 08:05 8397320                    /usr/lib/python3.12/lib-dynload/_curses.cpython-312-x86_64-linux-gnu.so
728ba27b0000-728ba27bb000 r--p 00012000 08:05 8397320                    /usr/lib/python3.12/lib-dynload/_curses.cpython-312-x86_64-linux-gnu.so
728ba27bb000-728ba27bc000 r--p 0001c000 08:05 8397320                    /usr/lib/python3.12/lib-dynload/_curses.cpython-312-x86_64-linux-gnu.so
728ba27bc000-728ba27be000 rw-p 0001d000 08:05 8397320                    /usr/lib/python3.12/lib-dynload/_curses.cpython-312-x86_64-linux-gnu.so
728ba27be000-728ba27bf000 r--p 00000000 fc:00 34894569                   /home/henriqueramos_qs/meta-learning-concept-drift/.venv/lib/python3.12/site-packages/tornado/speedups.abi3.so
728ba27bf000-728ba27c0000 r-xp 00001000 fc:00 34894569                   /home/henriqueramos_qs/meta-learning-concept-drift/.venv/lib/python3.12/site-packages/tornado/speedups.abi3.so
728ba27c0000-728ba27c1000 r--p 00002000 fc:00 34894569                   /home/henriqueramos_qs/meta-learning-concept-drift/.venv/lib/python3.12/site-packages/tornado/speedups.abi3.so
728ba27c1000-728ba27c2000 r--p 00002000 fc:00 34894569                   /home/henriqueramos_qs/meta-learning-concept-drift/.venv/lib/python3.12/site-packages/tornado/speedups.abi3.so
728ba27c2000-728ba27c3000 rw-p 00003000 fc:00 34894569                   /home/henriqueramos_qs/meta-learning-concept-drift/.venv/lib/python3.12/site-packages/tornado/speedups.abi3.so
728ba27c3000-728ba27c7000 r--p 00000000 08:05 8398492                    /usr/lib/x86_64-linux-gnu/libgcc_s.so.1
728ba27c7000-728ba27eb000 r-xp 00004000 08:05 8398492                    /usr/lib/x86_64-linux-gnu/libgcc_s.so.1
728ba27eb000-728ba27ef000 r--p 00028000 08:05 8398492                    /usr/lib/x86_64-linux-gnu/libgcc_s.so.1
728ba27ef000-728ba27f0000 r--p 0002b000 08:05 8398492                    /usr/lib/x86_64-linux-gnu/libgcc_s.so.1
728ba27f0000-728ba27f1000 rw-p 0002c000 08:05 8398492                    /usr/lib/x86_64-linux-gnu/libgcc_s.so.1
728ba27f1000-728ba27fe000 r--p 00000000 fc:00 34894754                   /home/henriqueramos_qs/meta-learning-concept-drift/.venv/lib/python3.12/site-packages/pyzmq.libs/libsodium-19479d6d.so.26.2.0
728ba27fe000-728ba28f4000 r-xp 0000d000 fc:00 34894754                   /home/henriqueramos_qs/meta-learning-concept-drift/.venv/lib/python3.12/site-packages/pyzmq.libs/libsodium-19479d6d.so.26.2.0
728ba28f4000-728ba2909000 r--p 00103000 fc:00 34894754                   /home/henriqueramos_qs/meta-learning-concept-drift/.venv/lib/python3.12/site-packages/pyzmq.libs/libsodium-19479d6d.so.26.2.0
728ba2909000-728ba290a000 r--p 00118000 fc:00 34894754                   /home/henriqueramos_qs/meta-learning-concept-drift/.venv/lib/python3.12/site-packages/pyzmq.libs/libsodium-19479d6d.so.26.2.0
728ba290a000-728ba290b000 rw-p 00119000 fc:00 34894754                   /home/henriqueramos_qs/meta-learning-concept-drift/.venv/lib/python3.12/site-packages/pyzmq.libs/libsodium-19479d6d.so.26.2.0
728ba290b000-728ba2918000 rw-p 0011b000 fc:00 34894754                   /home/henriqueramos_qs/meta-learning-concept-drift/.venv/lib/python3.12/site-packages/pyzmq.libs/libsodium-19479d6d.so.26.2.0
728ba2918000-728ba2930000 r--p 00000000 fc:00 34894755                   /home/henriqueramos_qs/meta-learning-concept-drift/.venv/lib/python3.12/site-packages/pyzmq.libs/libzmq-7b073b3d.so.5.2.5
728ba2930000-728ba29ba000 r-xp 00018000 fc:00 34894755                   /home/henriqueramos_qs/meta-learning-concept-drift/.venv/lib/python3.12/site-packages/pyzmq.libs/libzmq-7b073b3d.so.5.2.5
728ba29ba000-728ba29ef000 r--p 000a2000 fc:00 34894755                   /home/henriqueramos_qs/meta-learning-concept-drift/.venv/lib/python3.12/site-packages/pyzmq.libs/libzmq-7b073b3d.so.5.2.5
728ba29ef000-728ba29f6000 r--p 000d7000 fc:00 34894755                   /home/henriqueramos_qs/meta-learning-concept-drift/.venv/lib/python3.12/site-packages/pyzmq.libs/libzmq-7b073b3d.so.5.2.5
728ba29f6000-728ba29f7000 rw-p 000de000 fc:00 34894755                   /home/henriqueramos_qs/meta-learning-concept-drift/.venv/lib/python3.12/site-packages/pyzmq.libs/libzmq-7b073b3d.so.5.2.5
728ba29f7000-728ba2a00000 rw-p 000e0000 fc:00 34894755                   /home/henriqueramos_qs/meta-learning-concept-drift/.venv/lib/python3.12/site-packages/pyzmq.libs/libzmq-7b073b3d.so.5.2.5
728ba2a00000-728ba2e00000 rw-p 00000000 00:00 0 
728ba2e00000-728ba3375000 r--p 00000000 08:05 8389048                    /usr/lib/locale/locale-archive
728ba3375000-728ba3376000 ---p 00000000 00:00 0 
728ba3376000-728ba3377000 r--p 00000000 00:00 0 
728ba3377000-728ba337b000 r--p 00000000 08:05 8397308                    /usr/lib/python3.12/lib-dynload/_asyncio.cpython-312-x86_64-linux-gnu.so
728ba337b000-728ba3384000 r-xp 00004000 08:05 8397308                    /usr/lib/python3.12/lib-dynload/_asyncio.cpython-312-x86_64-linux-gnu.so
728ba3384000-728ba3389000 r--p 0000d000 08:05 8397308                    /usr/lib/python3.12/lib-dynload/_asyncio.cpython-312-x86_64-linux-gnu.so
728ba3389000-728ba338a000 r--p 00011000 08:05 8397308                    /usr/lib/python3.12/lib-dynload/_asyncio.cpython-312-x86_64-linux-gnu.so
728ba338a000-728ba338c000 rw-p 00012000 08:05 8397308                    /usr/lib/python3.12/lib-dynload/_asyncio.cpython-312-x86_64-linux-gnu.so
728ba338c000-728ba338d000 r--p 00000000 08:05 8397316                    /usr/lib/python3.12/lib-dynload/_contextvars.cpython-312-x86_64-linux-gnu.so
728ba338d000-728ba338e000 r-xp 00001000 08:05 8397316                    /usr/lib/python3.12/lib-dynload/_contextvars.cpython-312-x86_64-linux-gnu.so
728ba338e000-728ba338f000 r--p 00002000 08:05 8397316                    /usr/lib/python3.12/lib-dynload/_contextvars.cpython-312-x86_64-linux-gnu.so
728ba338f000-728ba3390000 r--p 00002000 08:05 8397316                    /usr/lib/python3.12/lib-dynload/_contextvars.cpython-312-x86_64-linux-gnu.so
728ba3390000-728ba3391000 rw-p 00003000 08:05 8397316                    /usr/lib/python3.12/lib-dynload/_contextvars.cpython-312-x86_64-linux-gnu.so
728ba3391000-728ba3399000 r--p 00000000 fc:00 34894795                   /home/henriqueramos_qs/meta-learning-concept-drift/.venv/lib/python3.12/site-packages/zmq/backend/cython/_zmq.abi3.so
728ba3399000-728ba33bd000 r-xp 00008000 fc:00 34894795                   /home/henriqueramos_qs/meta-learning-concept-drift/.venv/lib/python3.12/site-packages/zmq/backend/cython/_zmq.abi3.so
728ba33bd000-728ba33c8000 r--p 0002c000 fc:00 34894795                   /home/henriqueramos_qs/meta-learning-concept-drift/.venv/lib/python3.12/site-packages/zmq/backend/cython/_zmq.abi3.so
728ba33c8000-728ba33ca000 r--p 00037000 fc:00 34894795                   /home/henriqueramos_qs/meta-learning-concept-drift/.venv/lib/python3.12/site-packages/zmq/backend/cython/_zmq.abi3.so
728ba33ca000-728ba33cc000 rw-p 00039000 fc:00 34894795                   /home/henriqueramos_qs/meta-learning-concept-drift/.venv/lib/python3.12/site-packages/zmq/backend/cython/_zmq.abi3.so
728ba33cc000-728ba33cd000 rw-p 00000000 00:00 0 
728ba33cd000-728ba33d2000 rw-p 0003c000 fc:00 34894795                   /home/henriqueramos_qs/meta-learning-concept-drift/.venv/lib/python3.12/site-packages/zmq/backend/cython/_zmq.abi3.so
728ba33d2000-728ba33d4000 r--p 00000000 08:05 8397324                    /usr/lib/python3.12/lib-dynload/_json.cpython-312-x86_64-linux-gnu.so
728ba33d4000-728ba33db000 r-xp 00002000 08:05 8397324                    /usr/lib/python3.12/lib-dynload/_json.cpython-312-x86_64-linux-gnu.so
728ba33db000-728ba33dd000 r--p 00009000 08:05 8397324                    /usr/lib/python3.12/lib-dynload/_json.cpython-312-x86_64-linux-gnu.so
728ba33dd000-728ba33de000 r--p 0000a000 08:05 8397324                    /usr/lib/python3.12/lib-dynload/_json.cpython-312-x86_64-linux-gnu.so
728ba33de000-728ba33df000 rw-p 0000b000 08:05 8397324                    /usr/lib/python3.12/lib-dynload/_json.cpython-312-x86_64-linux-gnu.so
728ba33df000-728ba3400000 rw-p 00000000 00:00 0 
728ba3400000-728ba3428000 r--p 00000000 08:05 8419413                    /usr/lib/x86_64-linux-gnu/libc.so.6
728ba3428000-728ba35b0000 r-xp 00028000 08:05 8419413                    /usr/lib/x86_64-linux-gnu/libc.so.6
728ba35b0000-728ba35ff000 r--p 001b0000 08:05 8419413                    /usr/lib/x86_64-linux-gnu/libc.so.6
728ba35ff000-728ba3603000 r--p 001fe000 08:05 8419413                    /usr/lib/x86_64-linux-gnu/libc.so.6
728ba3603000-728ba3605000 rw-p 00202000 08:05 8419413                    /usr/lib/x86_64-linux-gnu/libc.so.6
728ba3605000-728ba3616000 rw-p 00000000 00:00 0 
728ba3616000-728ba3659000 rw-p 00000000 00:00 0 
728ba3659000-728ba365d000 r--p 00000000 08:05 8390286                    /usr/lib/x86_64-linux-gnu/libexpat.so.1.9.1
728ba365d000-728ba367a000 r-xp 00004000 08:05 8390286                    /usr/lib/x86_64-linux-gnu/libexpat.so.1.9.1
728ba367a000-728ba3682000 r--p 00021000 08:05 8390286                    /usr/lib/x86_64-linux-gnu/libexpat.so.1.9.1
728ba3682000-728ba3684000 r--p 00028000 08:05 8390286                    /usr/lib/x86_64-linux-gnu/libexpat.so.1.9.1
728ba3684000-728ba3685000 rw-p 0002a000 08:05 8390286                    /usr/lib/x86_64-linux-gnu/libexpat.so.1.9.1
728ba3685000-728ba3687000 r--p 00000000 08:05 8405465                    /usr/lib/x86_64-linux-gnu/libz.so.1.3
728ba3687000-728ba3699000 r-xp 00002000 08:05 8405465                    /usr/lib/x86_64-linux-gnu/libz.so.1.3
728ba3699000-728ba369f000 r--p 00014000 08:05 8405465                    /usr/lib/x86_64-linux-gnu/libz.so.1.3
728ba369f000-728ba36a0000 r--p 0001a000 08:05 8405465                    /usr/lib/x86_64-linux-gnu/libz.so.1.3
728ba36a0000-728ba36a1000 rw-p 0001b000 08:05 8405465                    /usr/lib/x86_64-linux-gnu/libz.so.1.3
728ba36a1000-728ba36b1000 r--p 00000000 08:05 8419746                    /usr/lib/x86_64-linux-gnu/libm.so.6
728ba36b1000-728ba3730000 r-xp 00010000 08:05 8419746                    /usr/lib/x86_64-linux-gnu/libm.so.6
728ba3730000-728ba3788000 r--p 0008f000 08:05 8419746                    /usr/lib/x86_64-linux-gnu/libm.so.6
728ba3788000-728ba3789000 r--p 000e7000 08:05 8419746                    /usr/lib/x86_64-linux-gnu/libm.so.6
728ba3789000-728ba378a000 rw-p 000e8000 08:05 8419746                    /usr/lib/x86_64-linux-gnu/libm.so.6
728ba378a000-728ba378b000 ---p 00000000 00:00 0 
728ba378b000-728ba378c000 rwxp 00000000 00:00 0 
728ba378c000-728ba378d000 r--p 00000000 08:05 8420174                    /usr/lib/x86_64-linux-gnu/librt.so.1
728ba378d000-728ba378e000 r-xp 00001000 08:05 8420174                    /usr/lib/x86_64-linux-gnu/librt.so.1
728ba378e000-728ba378f000 r--p 00002000 08:05 8420174                    /usr/lib/x86_64-linux-gnu/librt.so.1
728ba378f000-728ba3790000 r--p 00002000 08:05 8420174                    /usr/lib/x86_64-linux-gnu/librt.so.1
728ba3790000-728ba3791000 rw-p 00003000 08:05 8420174                    /usr/lib/x86_64-linux-gnu/librt.so.1
728ba3791000-728ba3792000 r--p 00000000 08:05 8420150                    /usr/lib/x86_64-linux-gnu/libpthread.so.0
728ba3792000-728ba3793000 r-xp 00001000 08:05 8420150                    /usr/lib/x86_64-linux-gnu/libpthread.so.0
728ba3793000-728ba3794000 r--p 00002000 08:05 8420150                    /usr/lib/x86_64-linux-gnu/libpthread.so.0
728ba3794000-728ba3795000 r--p 00002000 08:05 8420150                    /usr/lib/x86_64-linux-gnu/libpthread.so.0
728ba3795000-728ba3796000 rw-p 00003000 08:05 8420150                    /usr/lib/x86_64-linux-gnu/libpthread.so.0
728ba3796000-728ba379a000 rw-p 00000000 00:00 0 
728ba379a000-728ba37a1000 r--s 00000000 08:05 8418918                    /usr/lib/x86_64-linux-gnu/gconv/gconv-modules.cache
728ba37a1000-728ba37a3000 rw-p 00000000 00:00 0 
728ba37a3000-728ba37a5000 r--p 00000000 00:00 0                          [vvar]
728ba37a5000-728ba37a7000 r--p 00000000 00:00 0                          [vvar_vclock]
728ba37a7000-728ba37a9000 r-xp 00000000 00:00 0                          [vdso]
728ba37a9000-728ba37aa000 r--p 00000000 08:05 8419229                    /usr/lib/x86_64-linux-gnu/ld-linux-x86-64.so.2
728ba37aa000-728ba37d5000 r-xp 00001000 08:05 8419229                    /usr/lib/x86_64-linux-gnu/ld-linux-x86-64.so.2
728ba37d5000-728ba37df000 r--p 0002c000 08:05 8419229                    /usr/lib/x86_64-linux-gnu/ld-linux-x86-64.so.2
728ba37df000-728ba37e1000 r--p 00036000 08:05 8419229                    /usr/lib/x86_64-linux-gnu/ld-linux-x86-64.so.2
728ba37e1000-728ba37e3000 rw-p 00038000 08:05 8419229                    /usr/lib/x86_64-linux-gnu/ld-linux-x86-64.so.2
7ffc6206c000-7ffc62070000 ---p 00000000 00:00 0 
7ffc62070000-7ffc6286a000 rw-p 00000000 00:00 0                          [stack]
ffffffffff600000-ffffffffff601000 --xp 00000000 00:00 0                  [vsyscall]
Total number of mappings: 2591

JVMTI agents: none


VM Arguments:
jvm_args: -Xmx8g -Xss10M 
java_command: <unknown>
java_class_path (initial): /home/henriqueramos_qs/meta-learning-concept-drift/.venv/lib/python3.12/site-packages/capymoa/jar/moa.jar:/home/henriqueramos_qs/meta-learning-concept-drift/.venv/lib/python3.12/site-packages/org.jpype.jar
Launcher Type: generic

[Global flags]
     intx CICompilerCount                          = 18                                        {product} {ergonomic}
     uint ConcGCThreads                            = 16                                        {product} {ergonomic}
     uint G1ConcRefinementThreads                  = 63                                        {product} {ergonomic}
   size_t G1HeapRegionSize                         = 4194304                                   {product} {ergonomic}
    uintx GCDrainStackTargetSize                   = 64                                        {product} {ergonomic}
   size_t InitialHeapSize                          = 2147483648                                {product} {ergonomic}
   size_t MarkStackSize                            = 4194304                                   {product} {ergonomic}
   size_t MaxHeapSize                              = 8589934592                                {product} {command line}
   size_t MaxNewSize                               = 5150605312                                {product} {ergonomic}
   size_t MinHeapDeltaBytes                        = 4194304                                   {product} {ergonomic}
   size_t MinHeapSize                              = 8388608                                   {product} {ergonomic}
    uintx NonNMethodCodeHeapSize                   = 8782280                                {pd product} {ergonomic}
    uintx NonProfiledCodeHeapSize                  = 121437980                              {pd product} {ergonomic}
    uintx ProfiledCodeHeapSize                     = 121437980                              {pd product} {ergonomic}
    uintx ReservedCodeCacheSize                    = 251658240                              {pd product} {ergonomic}
     bool SegmentedCodeCache                       = true                                      {product} {ergonomic}
   size_t SoftMaxHeapSize                          = 8589934592                             {manageable} {ergonomic}
     intx ThreadStackSize                          = 10240                                  {pd product} {command line}
     bool UseCompressedOops                        = true                           {product lp64_product} {ergonomic}
     bool UseG1GC                                  = true                                      {product} {ergonomic}

Logging:
Log output configuration:
 #0: stdout all=warning uptime,level,tags foldmultilines=false
 #1: stderr all=off uptime,level,tags foldmultilines=false

Environment Variables:
JAVA_HOME=/usr/lib/jvm/java-21-openjdk-amd64
PATH=/home/henriqueramos_qs/meta-learning-concept-drift/.venv/bin:/home/henriqueramos_qs/.vscode-server/cli/servers/Stable-6f17636121051a53c88d3e605c491d22af2ba755/server/bin/remote-cli:/usr/local/sbin:/usr/local/bin:/usr/sbin:/usr/bin:/sbin:/bin:/usr/games:/usr/local/games:/snap/bin
SHELL=/bin/bash
LANG=en_US.UTF-8
TERM=xterm-color

Active Locale:
LC_ALL=LC_CTYPE=en_US.UTF-8;LC_NUMERIC=C;LC_TIME=C;LC_COLLATE=C;LC_MONETARY=C;LC_MESSAGES=C;LC_PAPER=en_US.UTF-8;LC_NAME=en_US.UTF-8;LC_ADDRESS=en_US.UTF-8;LC_TELEPHONE=en_US.UTF-8;LC_MEASUREMENT=en_US.UTF-8;LC_IDENTIFICATION=en_US.UTF-8
LC_COLLATE=C
LC_CTYPE=en_US.UTF-8
LC_MESSAGES=C
LC_MONETARY=C
LC_NUMERIC=C
LC_TIME=C

Signal Handlers:
   SIGSEGV: crash_handler in libjvm.so, mask=11100100010111111101111111111110, flags=SA_RESTART|SA_SIGINFO, unblocked
    SIGBUS: crash_handler in libjvm.so, mask=11100100010111111101111111111110, flags=SA_RESTART|SA_SIGINFO, unblocked
    SIGFPE: crash_handler in libjvm.so, mask=11100100010111111101111111111110, flags=SA_RESTART|SA_SIGINFO, unblocked
   SIGPIPE: javaSignalHandler in libjvm.so, mask=11100100010111111101111111111110, flags=SA_RESTART|SA_SIGINFO, blocked
   SIGXFSZ: javaSignalHandler in libjvm.so, mask=11100100010111111101111111111110, flags=SA_RESTART|SA_SIGINFO, blocked
    SIGILL: crash_handler in libjvm.so, mask=11100100010111111101111111111110, flags=SA_RESTART|SA_SIGINFO, unblocked
   SIGUSR2: SR_handler in libjvm.so, mask=00000000000000000000000000000000, flags=SA_RESTART|SA_SIGINFO, blocked
    SIGHUP: UserHandler in libjvm.so, mask=11100100010111111101111111111110, flags=SA_RESTART|SA_SIGINFO, blocked
    SIGINT: SIG_IGN, mask=00000000000000000000000000000000, flags=SA_ONSTACK, blocked
   SIGTERM: UserHandler in libjvm.so, mask=11100100010111111101111111111110, flags=SA_RESTART|SA_SIGINFO, blocked
   SIGQUIT: UserHandler in libjvm.so, mask=11100100010111111101111111111110, flags=SA_RESTART|SA_SIGINFO, blocked
   SIGTRAP: crash_handler in libjvm.so, mask=11100100010111111101111111111110, flags=SA_RESTART|SA_SIGINFO, unblocked


Periodic native trim disabled

---------------  S Y S T E M  ---------------

OS:
DISTRIB_ID=Ubuntu
DISTRIB_RELEASE=24.04
DISTRIB_CODENAME=noble
DISTRIB_DESCRIPTION="Ubuntu 24.04.3 LTS"
uname: Linux 6.14.0-28-generic #28~24.04.1-Ubuntu SMP PREEMPT_DYNAMIC Fri Jul 25 10:47:01 UTC 2 x86_64
OS uptime: 14 days 5:36 hours
libc: glibc 2.39 NPTL 2.39 
rlimit (soft/hard): STACK 8192k/infinity , CORE 0k/infinity , NPROC 767845/767845 , NOFILE 1048576/1048576 , AS infinity/infinity , CPU infinity/infinity , DATA infinity/infinity , FSIZE infinity/infinity , MEMLOCK 24582040k/24582040k
load average: 36.27 13.34 5.08

/proc/meminfo:
MemTotal:       196656324 kB
MemFree:        154947344 kB
MemAvailable:   187937604 kB
Buffers:         1847212 kB
Cached:         31520856 kB
SwapCached:            0 kB
Active:         12134712 kB
Inactive:       25828160 kB
Active(anon):    4616152 kB
Inactive(anon):        0 kB
Active(file):    7518560 kB
Inactive(file): 25828160 kB
Unevictable:       10256 kB
Mlocked:               0 kB
SwapTotal:       8388604 kB
SwapFree:        8388604 kB
Zswap:                 0 kB
Zswapped:              0 kB
Dirty:               100 kB
Writeback:             0 kB
AnonPages:       4578960 kB
Mapped:           858804 kB
Shmem:             21424 kB
KReclaimable:    1090548 kB
Slab:            2068064 kB
SReclaimable:    1090548 kB
SUnreclaim:       977516 kB
KernelStack:       37728 kB
PageTables:        83168 kB
SecPageTables:     21412 kB
NFS_Unstable:          0 kB
Bounce:                0 kB
WritebackTmp:          0 kB
CommitLimit:    106716764 kB
Committed_AS:   28020656 kB
VmallocTotal:   34359738367 kB
VmallocUsed:      389732 kB
VmallocChunk:          0 kB
Percpu:           573696 kB
HardwareCorrupted:     0 kB
AnonHugePages:         0 kB
ShmemHugePages:        0 kB
ShmemPmdMapped:        0 kB
FileHugePages:         0 kB
FilePmdMapped:         0 kB
Unaccepted:            0 kB
HugePages_Total:       0
HugePages_Free:        0
HugePages_Rsvd:        0
HugePages_Surp:        0
Hugepagesize:       2048 kB
Hugetlb:               0 kB
DirectMap4k:     1108332 kB
DirectMap2M:    20566016 kB
DirectMap1G:    180355072 kB

/sys/kernel/mm/transparent_hugepage/enabled: always [madvise] never
/sys/kernel/mm/transparent_hugepage/hpage_pmd_size: 2097152
/sys/kernel/mm/transparent_hugepage/defrag (defrag/compaction efforts parameter): always defer defer+madvise [madvise] never

Process Memory:
Virtual Size: 22291812K (peak: 22291812K)
Resident Set Size: 890104K (peak: 890104K) (anon: 591332K, file: 298772K, shmem: 0K)
Swapped out: 0K
C-Heap outstanding allocations: 319108K, retained: 114591K
glibc malloc tunables: (default)

/proc/sys/kernel/threads-max (system-wide limit on the number of threads): 1535691
/proc/sys/vm/max_map_count (maximum number of memory map areas a process may have): 1048576
/proc/sys/vm/swappiness (control to define how aggressively the kernel swaps out anonymous memory): 60
/proc/sys/kernel/pid_max (system-wide limit on number of process identifiers): 4194304

container information not found.
Steal ticks since vm start: 0
Steal ticks percentage since vm start:  0.000

CPU: total 96 (initial active 96) (24 cores per cpu, 2 threads per core) family 6 model 85 stepping 7 microcode 0x5003901, cx8, cmov, fxsr, ht, mmx, 3dnowpref, sse, sse2, sse3, ssse3, sse4.1, sse4.2, popcnt, lzcnt, tsc, tscinvbit, avx, avx2, aes, erms, clmul, bmi1, bmi2, adx, avx512f, avx512dq, avx512cd, avx512bw, avx512vl, fma, vzeroupper, avx512_vnni, clflush, clflushopt, clwb, rdtscp, f16c, pku, ospke
CPU Model and flags from /proc/cpuinfo:
model name	: Intel(R) Xeon(R) Gold 5220R CPU @ 2.20GHz
flags		: fpu vme de pse tsc msr pae mce cx8 apic sep mtrr pge mca cmov pat pse36 clflush dts acpi mmx fxsr sse sse2 ss ht tm pbe syscall nx pdpe1gb rdtscp lm constant_tsc art arch_perfmon pebs bts rep_good nopl xtopology nonstop_tsc cpuid aperfmperf pni pclmulqdq dtes64 monitor ds_cpl vmx smx est tm2 ssse3 sdbg fma cx16 xtpr pdcm pcid dca sse4_1 sse4_2 x2apic movbe popcnt tsc_deadline_timer aes xsave avx f16c rdrand lahf_lm abm 3dnowprefetch cpuid_fault epb cat_l3 cdp_l3 intel_ppin ssbd mba ibrs ibpb stibp ibrs_enhanced tpr_shadow flexpriority ept vpid ept_ad fsgsbase tsc_adjust bmi1 avx2 smep bmi2 erms invpcid cqm mpx rdt_a avx512f avx512dq rdseed adx smap clflushopt clwb intel_pt avx512cd avx512bw avx512vl xsaveopt xsavec xgetbv1 xsaves cqm_llc cqm_occup_llc cqm_mbm_total cqm_mbm_local dtherm ida arat pln pts vnmi pku ospke avx512_vnni md_clear flush_l1d arch_capabilities

Online cpus: 0-95
Offline cpus: 
BIOS frequency limitation: <Not Available>
Frequency switch latency (ns): 20000
Available cpu frequencies: <Not Available>
Current governor: schedutil
Core performance/turbo boost: <Not Available>

Memory: 4k page, physical 196656324k(187942140k free), swap 8388604k(8388604k free)
Page Sizes: 4k

vm_info: OpenJDK 64-Bit Server VM (21.0.8+9-Ubuntu-0ubuntu124.04.1) for linux-amd64 JRE (21.0.8+9-Ubuntu-0ubuntu124.04.1), built on 2025-07-16T21:55:59Z by "buildd" with gcc 13.3.0

END.
