#
# A fatal error has been detected by the Java Runtime Environment:
#
#  SIGSEGV (0xb) at pc=0x0000000000584df4, pid=596174, tid=607727
#
# JRE version: OpenJDK Runtime Environment (21.0.8+9) (build 21.0.8+9-Ubuntu-0ubuntu124.04.1)
# Java VM: OpenJDK 64-Bit Server VM (21.0.8+9-Ubuntu-0ubuntu124.04.1, mixed mode, sharing, tiered, compressed oops, compressed class ptrs, g1 gc, linux-amd64)
# Problematic frame:
# C  [python+0x184df4]  PyObject_RichCompareBool+0x44
#
# Core dump will be written. Default location: Core dumps may be processed with "/usr/share/apport/apport -p%p -s%s -c%c -d%d -P%P -u%u -g%g -F%F -- %E" (or dumping to /home/henriqueramos_qs/meta-learning-concept-drift/notebooks/core.596174)
#
# If you would like to submit a bug report, please visit:
#   https://bugs.launchpad.net/ubuntu/+source/openjdk-21
# The crash happened outside the Java Virtual Machine in native code.
# See problematic frame for where to report the bug.
#

---------------  S U M M A R Y ------------

Command Line: -Xmx8g -Xss10M 

Host: Intel(R) Xeon(R) Gold 5220R CPU @ 2.20GHz, 96 cores, 187G, Ubuntu 24.04.3 LTS
Time: Thu Sep 11 22:29:33 2025 -03 elapsed time: 14751.858288 seconds (0d 4h 5m 51s)

---------------  T H R E A D  ---------------

Current thread (0x00007e684c009110):  JavaThread "SIGTERM handler" daemon [_thread_in_native, id=607727, stack(0x00007e671cc00000,0x00007e671d600000) (10240K)]

Stack: [0x00007e671cc00000,0x00007e671d600000],  sp=0x00007e671d5fe650,  free space=10233k
Native frames: (J=compiled Java code, j=interpreted, Vv=VM code, C=native code)
C  [python+0x184df4]  PyObject_RichCompareBool+0x44
C  [python+0x23545a]
C  [python+0xf9767]  PyErr_SetInterruptEx+0x32
j  org.jpype.JPypeSignal.interruptPy(I)V+0
j  org.jpype.JPypeSignal.lambda$getSignalHandler$0(ILjava/lang/Object;Ljava/lang/reflect/Method;[Ljava/lang/Object;)Ljava/lang/Object;+7
j  org.jpype.JPypeSignal$$Lambda+0x00007e6864007870.invoke(Ljava/lang/Object;Ljava/lang/reflect/Method;[Ljava/lang/Object;)Ljava/lang/Object;+7
j  jdk.proxy2.$Proxy3.handle(Lsun/misc/Signal;)V+16 jdk.proxy2
j  sun.misc.Signal$InternalMiscHandler.handle(Ljdk/internal/misc/Signal;)V+8 jdk.unsupported@21.0.8
j  jdk.internal.misc.Signal$1.run()V+8 java.base@21.0.8
j  java.lang.Thread.runWith(Ljava/lang/Object;Ljava/lang/Runnable;)V+5 java.base@21.0.8
j  java.lang.Thread.run()V+19 java.base@21.0.8
v  ~StubRoutines::call_stub 0x00007e68cc1cfcc6
V  [libjvm.so+0x911e2a]  JavaCalls::call_helper(JavaValue*, methodHandle const&, JavaCallArguments*, JavaThread*)+0x2da
V  [libjvm.so+0x913612]  JavaCalls::call_virtual(JavaValue*, Handle, Klass*, Symbol*, Symbol*, JavaThread*)+0x1a2
V  [libjvm.so+0x9ef2e3]  thread_entry(JavaThread*, JavaThread*)+0x93
V  [libjvm.so+0x929f66]  JavaThread::thread_main_inner()+0x1e6
V  [libjvm.so+0xf8dba7]  Thread::call_run()+0xa7
V  [libjvm.so+0xd044d5]  thread_native_entry(Thread*)+0xd5
C  [libc.so.6+0x9caa4]
Java frames: (J=compiled Java code, j=interpreted, Vv=VM code)
j  org.jpype.JPypeSignal.interruptPy(I)V+0
j  org.jpype.JPypeSignal.lambda$getSignalHandler$0(ILjava/lang/Object;Ljava/lang/reflect/Method;[Ljava/lang/Object;)Ljava/lang/Object;+7
j  org.jpype.JPypeSignal$$Lambda+0x00007e6864007870.invoke(Ljava/lang/Object;Ljava/lang/reflect/Method;[Ljava/lang/Object;)Ljava/lang/Object;+7
j  jdk.proxy2.$Proxy3.handle(Lsun/misc/Signal;)V+16 jdk.proxy2
j  sun.misc.Signal$InternalMiscHandler.handle(Ljdk/internal/misc/Signal;)V+8 jdk.unsupported@21.0.8
j  jdk.internal.misc.Signal$1.run()V+8 java.base@21.0.8
j  java.lang.Thread.runWith(Ljava/lang/Object;Ljava/lang/Runnable;)V+5 java.base@21.0.8
j  java.lang.Thread.run()V+19 java.base@21.0.8
v  ~StubRoutines::call_stub 0x00007e68cc1cfcc6

siginfo: si_signo: 11 (SIGSEGV), si_code: 1 (SEGV_MAPERR), si_addr: 0x0000000000000024

Registers:
RAX=0xfffffffffffffff8, RBX=0x0000000000000000, RCX=0x0000000000000003, RDX=0x0000000000000002
RSP=0x00007e671d5fe650, RBP=0x00007e671d5fe690, RSI=0x0000000000b37428, RDI=0x0000000000b37408
R8 =0x0000000000000004, R9 =0x0000000000000000, R10=0x00007e68cc1dba91, R11=0x00000006004c7858
R12=0x0000000000b37428, R13=0x0000000000b37408, R14=0x0000000000000002, R15=0x00007e684c009110
RIP=0x0000000000584df4, EFLAGS=0x0000000000010206, CSGSFS=0x002b000000000033, ERR=0x0000000000000004
  TRAPNO=0x000000000000000e

XMM[0]=0xffffffffffffffff 0xffffffff0000000e
XMM[1]=0x00007e684c009860 0x00007e684c009850
XMM[2]=0x00007e684c009860 0x00007e684c009850
XMM[3]=0x0000000000000000 0x0000000000350000
XMM[4]=0x1c676ad16bd8a9c6 0x00000007e6820000
XMM[5]=0x0000000000000000 0x00007e684c009110
XMM[6]=0x0000000000000000 0x00007e684c009110
XMM[7]=0x00007e68ddac4bf8 0x0000000000000004
XMM[8]=0xffffffff00000000 0x0000000000000000
XMM[9]=0x6161616161616161 0x6161616161616161
XMM[10]=0x6161616115190415 0x0f0e220d0e13150f
XMM[11]=0x0000000000000000 0x00007e68dd7c0420
XMM[12]=0x0000000000000000 0x0000000000000000
XMM[13]=0x0000000000000000 0x0000000000000000
XMM[14]=0x0000000000000000 0x0000000000000000
XMM[15]=0x0000000000000000 0x0000000000000000
  MXCSR=0x00001fa2


Register to memory mapping:

RAX=0xfffffffffffffff8 is an unknown value
RBX=0x0 is null
RCX=0x0000000000000003 is an unknown value
RDX=0x0000000000000002 is an unknown value
RSP=0x00007e671d5fe650 is pointing into the stack for thread: 0x00007e684c009110
RBP=0x00007e671d5fe690 is pointing into the stack for thread: 0x00007e684c009110
RSI=0x0000000000b37428: _PyRuntime+0x0000000000000ce8 in /home/henriqueramos_qs/meta-learning-concept-drift/.venv/bin/python at 0x0000000000400000
RDI=0x0000000000b37408: _PyRuntime+0x0000000000000cc8 in /home/henriqueramos_qs/meta-learning-concept-drift/.venv/bin/python at 0x0000000000400000
R8 =0x0000000000000004 is an unknown value
R9 =0x0 is null
R10=0x00007e68cc1dba91 is at code_begin+1009 in an Interpreter codelet
native method entry point (kind = native)  [0x00007e68cc1db6a0, 0x00007e68cc1dc210]  2928 bytes
R11=0x00000006004c7858 is an oop: java.lang.Class 
{0x00000006004c7858} - klass: 'java/lang/Class'
 - ---- fields (total size 15 words):
 - private volatile transient 'classRedefinedCount' 'I' @12  0 (0x00000000)
 - injected 'klass' 'J' @16  138986819450472 (0x00007e6864007668)
 - injected 'array_klass' 'J' @24  0 (0x0000000000000000)
 - injected 'oop_size' 'I' @32  15 (0x0000000f)
 - injected 'static_oop_field_count' 'I' @36  1 (0x00000001)
 - private volatile transient 'cachedConstructor' 'Ljava/lang/reflect/Constructor;' @40  null (0x00000000)
 - private transient 'name' 'Ljava/lang/String;' @44  "org.jpype.JPypeSignal"{0x00000006004c78d0} (0xc0098f1a)
 - private transient 'module' 'Ljava/lang/Module;' @48  a 'java/lang/Module'{0x00000006008e97f0} (0xc011d2fe)
 - private final 'classLoader' 'Ljava/lang/ClassLoader;' @52  a 'jdk/internal/loader/ClassLoaders$AppClassLoader'{0x00000006008e9788} (0xc011d2f1)
 - private transient 'classData' 'Ljava/lang/Object;' @56  null (0x00000000)
 - private transient 'packageName' 'Ljava/lang/String;' @60  "org.jpype"{0x0000000600476a70} (0xc008ed4e)
 - private final 'componentType' 'Ljava/lang/Class;' @64  null (0x00000000)
 - private volatile transient 'reflectionData' 'Ljava/lang/ref/SoftReference;' @68  null (0x00000000)
 - private volatile transient 'genericInfo' 'Lsun/reflect/generics/repository/ClassRepository;' @72  null (0x00000000)
 - private volatile transient 'enumConstants' '[Ljava/lang/Object;' @76  null (0x00000000)
 - private volatile transient 'enumConstantDirectory' 'Ljava/util/Map;' @80  null (0x00000000)
 - private volatile transient 'annotationData' 'Ljava/lang/Class$AnnotationData;' @84  null (0x00000000)
 - private volatile transient 'annotationType' 'Lsun/reflect/annotation/AnnotationType;' @88  null (0x00000000)
 - transient 'classValueMap' 'Ljava/lang/ClassValue$ClassValueMap;' @92  null (0x00000000)
 - injected 'protection_domain' 'Ljava/lang/Object;' @96  a 'java/security/ProtectionDomain'{0x0000000600477258} (0xc008ee4b)
 - injected 'signers_name' 'Ljava/lang/Object;' @100  null (0x00000000)
 - injected 'source_file' 'Ljava/lang/Object;' @104  null (0x00000000)
 - injected '<init_lock>' 'Ljava/lang/Object;' @108  null (0x00000000)
 - signature: Lorg/jpype/JPypeSignal;
 - ---- static fields (1):
 - static 'main' 'Ljava/lang/Thread;' @112  a 'java/lang/Thread'{0x00000006004016e0} (0xc00802dc)
R12=0x0000000000b37428: _PyRuntime+0x0000000000000ce8 in /home/henriqueramos_qs/meta-learning-concept-drift/.venv/bin/python at 0x0000000000400000
R13=0x0000000000b37408: _PyRuntime+0x0000000000000cc8 in /home/henriqueramos_qs/meta-learning-concept-drift/.venv/bin/python at 0x0000000000400000
R14=0x0000000000000002 is an unknown value
R15=0x00007e684c009110 is a thread

Top of Stack: (sp=0x00007e671d5fe650)
0x00007e671d5fe650:   00007e671d5fe680 00007e684c001040
0x00007e671d5fe660:   00007e671d5fe748 000000000000000f
0x00007e671d5fe670:   0000000000b37408 00007e6858419398
0x00007e671d5fe680:   00007e671d5fe748 00007e684c009110
0x00007e671d5fe690:   00007e671d5fe6a0 000000000063545a
0x00007e671d5fe6a0:   00007e671d5fe6c0 00000000004f9767
0x00007e671d5fe6b0:   00007e6858419398 0000000000000000
0x00007e671d5fe6c0:   00007e671d5fe728 00007e68cc1dbac0
0x00007e671d5fe6d0:   0000000000000000 00007e68cc1db75f
0x00007e671d5fe6e0:   00007e671d5fe6e0 00007e6858419398
0x00007e671d5fe6f0:   0000000000000004 00007e68584195a8
0x00007e671d5fe700:   0000000000000000 00000006004c7858
0x00007e671d5fe710:   00007e6858419398 0000000000000000
0x00007e671d5fe720:   00007e671d5fe748 00007e671d5fe798
0x00007e671d5fe730:   00007e68cc1d7180 00000006004c7858
0x00007e671d5fe740:   00007e68cc1d8fd7 000000000000000f
0x00007e671d5fe750:   00007e671d5fe750 00007e68584194df
0x00007e671d5fe760:   0000000000000005 00007e68584195a8
0x00007e671d5fe770:   0000000000000000 00000006004c7858
0x00007e671d5fe780:   00007e68584194e8 00007e671d5fe748
0x00007e671d5fe790:   00007e671d5fe7a8 00007e671d5fe810
0x00007e671d5fe7a0:   00007e68cc1d72f2 0000000604eb86f0
0x00007e671d5fe7b0:   00000006004c9858 00000006004cacc0
0x00007e671d5fe7c0:   000000000000000f 00007e671d5fe7c8
0x00007e671d5fe7d0:   00007e6858419aa7 0000000000000005
0x00007e671d5fe7e0:   00007e6858419b28 0000000000000000
0x00007e671d5fe7f0:   00000006004c8eb8 00007e6858419ab0
0x00007e671d5fe800:   00007e671d5fe7a8 00007e671d5fe820
0x00007e671d5fe810:   00007e671d5fe888 00007e68cc1d7798
0x00007e671d5fe820:   0000000604eb86f0 00000006004c9858
0x00007e671d5fe830:   00000006004cacc0 00000006004cacb0
0x00007e671d5fe840:   00007e671d5fe840 00007e6858424930 

Instructions: (pc=0x0000000000584df4)
0x0000000000584cf4:   89 e7 ff d0 48 85 c0 75 cf 48 8b 3d e4 e9 4a 00
0x0000000000584d04:   e8 27 ca 06 00 85 c0 74 59 e8 6e cc 06 00 48 8b
0x0000000000584d14:   35 cf e9 4a 00 48 89 c7 49 89 c5 e8 1c cb 06 00
0x0000000000584d24:   85 c0 74 36 49 83 7d 50 00 75 2f 49 83 7d 48 00
0x0000000000584d34:   75 28 48 89 da be 50 31 b4 00 4c 89 ef e8 2a eb
0x0000000000584d44:   ff ff 85 c0 75 1c 4c 89 e2 be 28 35 b4 00 4c 89
0x0000000000584d54:   ef e8 16 eb ff ff 85 c0 75 08 4c 89 ef e8 3a cc
0x0000000000584d64:   06 00 31 c0 e9 5f ff ff ff 48 8b 50 18 48 8b 3d
0x0000000000584d74:   88 24 4b 00 be 20 f1 71 00 31 c0 e8 6c c0 06 00
0x0000000000584d84:   31 c0 e9 41 ff ff ff 0f 1f 44 00 00 f3 0f 1e fa
0x0000000000584d94:   48 85 ff 0f 84 22 96 ed ff 48 8b 47 08 48 83 b8
0x0000000000584da4:   80 00 00 00 00 0f 95 c0 0f b6 c0 c3 f3 0f 1e fa
0x0000000000584db4:   55 48 89 e5 41 57 41 56 4c 63 f2 41 55 49 89 fd
0x0000000000584dc4:   41 54 49 89 f4 53 48 83 ec 18 48 39 f7 0f 84 a9
0x0000000000584dd4:   00 00 00 48 c7 c0 f8 ff ff ff 64 48 8b 18 48 85
0x0000000000584de4:   ff 0f 84 be 00 00 00 48 85 f6 0f 84 b5 00 00 00
0x0000000000584df4:   8b 43 24 8d 50 ff 89 53 24 85 c0 0f 8e 8d 02 00
0x0000000000584e04:   00 49 8b 7c 24 08 49 8b 75 08 48 39 fe 0f 85 51
0x0000000000584e14:   01 00 00 48 8b 86 c8 00 00 00 48 85 c0 0f 84 56
0x0000000000584e24:   02 00 00 4c 89 ef 44 89 f2 4c 89 e6 ff d0 48 89
0x0000000000584e34:   c7 48 3d 90 05 a4 00 0f 84 8f 00 00 00 83 43 24
0x0000000000584e44:   01 48 85 ff 74 7b 48 81 7f 08 a0 a3 a2 00 0f 85
0x0000000000584e54:   a3 95 ed ff 48 8b 17 31 c0 48 81 ff 60 a3 a2 00
0x0000000000584e64:   0f 94 c0 85 d2 0f 89 3d 02 00 00 48 83 c4 18 5b
0x0000000000584e74:   41 5c 41 5d 41 5e 41 5f 5d c3 66 90 b8 01 00 00
0x0000000000584e84:   00 41 83 fe 02 74 e4 41 83 fe 03 0f 84 3d 95 ed
0x0000000000584e94:   ff 48 c7 c0 f8 ff ff ff 64 48 8b 18 48 85 ff 0f
0x0000000000584ea4:   85 4b ff ff ff 48 8b 43 60 48 85 c0 0f 85 0c 95
0x0000000000584eb4:   ed ff be 4a 03 00 00 bf 26 64 70 00 e8 fb fe 11
0x0000000000584ec4:   00 b8 ff ff ff ff eb a3 0f 1f 40 00 48 8b 05 b9
0x0000000000584ed4:   b6 4b 00 85 c0 0f 89 51 95 ed ff 49 8b 44 24 08
0x0000000000584ee4:   48 8b 80 c8 00 00 00 48 85 c0 74 30 49 63 d6 4c 


Stack slot to memory mapping:

stack at sp + 0 slots: 0x00007e671d5fe680 is pointing into the stack for thread: 0x00007e684c009110
stack at sp + 1 slots: 0x00007e684c001040 points into unknown readable memory: 0x0000001e00000003 | 03 00 00 00 1e 00 00 00
stack at sp + 2 slots: 0x00007e671d5fe748 is pointing into the stack for thread: 0x00007e684c009110
stack at sp + 3 slots: 0x000000000000000f is an unknown value
stack at sp + 4 slots: 0x0000000000b37408: _PyRuntime+0x0000000000000cc8 in /home/henriqueramos_qs/meta-learning-concept-drift/.venv/bin/python at 0x0000000000400000
stack at sp + 5 slots: {method} {0x00007e6858419398} 'interruptPy' '(I)V' in 'org/jpype/JPypeSignal'
stack at sp + 6 slots: 0x00007e671d5fe748 is pointing into the stack for thread: 0x00007e684c009110
stack at sp + 7 slots: 0x00007e684c009110 is a thread


---------------  P R O C E S S  ---------------

Threads class SMR info:
_java_thread_list=0x00007e684c00a580, length=12, elements={
0x00000000220210f0, 0x000000002a2a5c70, 0x000000002a2a7510, 0x000000002a2a8ec0,
0x000000002a2aa710, 0x000000002a2abec0, 0x000000002a2adcb0, 0x000000002a2af5c0,
0x000000002a2bb1c0, 0x000000002a2bf210, 0x000000002a332690, 0x00007e684c009110
}

Java Threads: ( => current thread )
  0x00000000220210f0 JavaThread "main"                              [_thread_in_native, id=596174, stack(0x00007ffffbc66000,0x00007ffffc464000) (8184K)]
  0x000000002a2a5c70 JavaThread "Reference Handler"          daemon [_thread_blocked, id=596366, stack(0x00007e6862600000,0x00007e6863000000) (10240K)]
  0x000000002a2a7510 JavaThread "Finalizer"                  daemon [_thread_blocked, id=596367, stack(0x00007e6861c00000,0x00007e6862600000) (10240K)]
  0x000000002a2a8ec0 JavaThread "Signal Dispatcher"          daemon [_thread_blocked, id=596368, stack(0x00007e6861200000,0x00007e6861c00000) (10240K)]
  0x000000002a2aa710 JavaThread "Service Thread"             daemon [_thread_blocked, id=596369, stack(0x00007e6860800000,0x00007e6861200000) (10240K)]
  0x000000002a2abec0 JavaThread "Monitor Deflation Thread"   daemon [_thread_blocked, id=596370, stack(0x00007e6847600000,0x00007e6848000000) (10240K)]
  0x000000002a2adcb0 JavaThread "C2 CompilerThread0"         daemon [_thread_blocked, id=596371, stack(0x00007e68b81fd000,0x00007e68b82fd000) (1024K)]
  0x000000002a2af5c0 JavaThread "C1 CompilerThread0"         daemon [_thread_blocked, id=596372, stack(0x00007e68b80fd000,0x00007e68b81fd000) (1024K)]
  0x000000002a2bb1c0 JavaThread "Notification Thread"        daemon [_thread_blocked, id=596373, stack(0x00007e6846c00000,0x00007e6847600000) (10240K)]
  0x000000002a2bf210 JavaThread "Common-Cleaner"             daemon [_thread_blocked, id=596374, stack(0x00007e6846200000,0x00007e6846c00000) (10240K)]
  0x000000002a332690 JavaThread "Python Reference Queue"     daemon [_thread_blocked, id=596380, stack(0x00007e6845800000,0x00007e6846200000) (10240K)]
=>0x00007e684c009110 JavaThread "SIGTERM handler"            daemon [_thread_in_native, id=607727, stack(0x00007e671cc00000,0x00007e671d600000) (10240K)]
Total: 12

Other Threads:
  0x000000002a29df40 VMThread "VM Thread"                           [id=596365, stack(0x00007e68b82fe000,0x00007e68b83fe000) (1024K)]
  0x000000002a28c390 WatcherThread "VM Periodic Task Thread"        [id=596364, stack(0x00007e68b83ff000,0x00007e68b84ff000) (1024K)]
  0x0000000025fcdba0 WorkerThread "GC Thread#0"                     [id=596359, stack(0x00007e68ba97b000,0x00007e68baa7b000) (1024K)]
  0x00007e6850001000 WorkerThread "GC Thread#1"                     [id=596381, stack(0x00007e6860200000,0x00007e6860300000) (1024K)]
  0x00007e6850001d40 WorkerThread "GC Thread#2"                     [id=596382, stack(0x00007e68600ff000,0x00007e68601ff000) (1024K)]
  0x00007e6850002a80 WorkerThread "GC Thread#3"                     [id=596383, stack(0x00007e6845700000,0x00007e6845800000) (1024K)]
  0x00007e68500037c0 WorkerThread "GC Thread#4"                     [id=596384, stack(0x00007e68455ff000,0x00007e68456ff000) (1024K)]
  0x00007e6850004500 WorkerThread "GC Thread#5"                     [id=596385, stack(0x00007e68454fe000,0x00007e68455fe000) (1024K)]
  0x0000000025fdec10 ConcurrentGCThread "G1 Main Marker"            [id=596360, stack(0x00007e68ba87a000,0x00007e68ba97a000) (1024K)]
  0x0000000025fdf720 WorkerThread "G1 Conc#0"                       [id=596361, stack(0x00007e68ba779000,0x00007e68ba879000) (1024K)]
  0x000000002a159bc0 ConcurrentGCThread "G1 Refine#0"               [id=596362, stack(0x00007e68ba678000,0x00007e68ba778000) (1024K)]
  0x000000002a15aa10 ConcurrentGCThread "G1 Service"                [id=596363, stack(0x00007e68b8500000,0x00007e68b8600000) (1024K)]
Total: 12

Threads with active compile tasks:
Total: 0

VM state: not at safepoint (normal execution)

VM Mutex/Monitor currently owned by a thread: None

Heap address: 0x0000000600000000, size: 8192 MB, Compressed Oops mode: Zero based, Oop shift amount: 3

CDS archive(s) mapped at: [0x00007e6863000000-0x00007e6863ca0000-0x00007e6863ca0000), size 13238272, SharedBaseAddress: 0x00007e6863000000, ArchiveRelocationMode: 1.
Compressed class space mapped at: 0x00007e6864000000-0x00007e68a4000000, reserved size: 1073741824
Narrow klass base: 0x00007e6863000000, Narrow klass shift: 0, Narrow klass range: 0x100000000

GC Precious Log:
 CardTable entry size: 512
 Card Set container configuration: InlinePtr #cards 4 size 8 Array Of Cards #cards 32 size 80 Howl #buckets 8 coarsen threshold 7372 Howl Bitmap #cards 1024 size 144 coarsen threshold 921 Card regions per heap region 1 cards per card region 8192
 CPUs: 96 total, 96 available
 Memory: 187G
 Large Page Support: Disabled
 NUMA Support: Disabled
 Compressed Oops: Enabled (Zero based)
 Heap Region Size: 4M
 Heap Min Capacity: 8M
 Heap Initial Capacity: 2G
 Heap Max Capacity: 8G
 Pre-touch: Disabled
 Parallel Workers: 63
 Concurrent Workers: 16
 Concurrent Refinement Workers: 63
 Periodic GC: Disabled

Heap:
 garbage-first heap   total 81920K, used 20016K [0x0000000600000000, 0x0000000800000000)
  region size 4096K, 1 young (4096K), 0 survivors (0K)
 Metaspace       used 3863K, committed 4032K, reserved 1114112K
  class space    used 378K, committed 448K, reserved 1048576K

Heap Regions: E=young(eden), S=young(survivor), O=old, HS=humongous(starts), HC=humongous(continues), CS=collection set, F=free, TAMS=top-at-mark-start, PB=parsable bottom
|   0|0x0000000600000000, 0x0000000600400000, 0x0000000600400000|100%|HS|  |TAMS 0x0000000600000000| PB 0x0000000600000000| Untracked 
|   1|0x0000000600400000, 0x00000006004e2670, 0x0000000600800000| 22%| O|  |TAMS 0x0000000600400000| PB 0x0000000600400000| Untracked 
|   2|0x0000000600800000, 0x0000000600aa9c30, 0x0000000600c00000| 66%| O|  |TAMS 0x0000000600800000| PB 0x0000000600800000| Untracked 
|   3|0x0000000600c00000, 0x0000000601000000, 0x0000000601000000|100%|HS|  |TAMS 0x0000000600c00000| PB 0x0000000600c00000| Untracked 
|   4|0x0000000601000000, 0x0000000601000000, 0x0000000601400000|  0%| F|  |TAMS 0x0000000601000000| PB 0x0000000601000000| Untracked 
|   5|0x0000000601400000, 0x0000000601400000, 0x0000000601800000|  0%| F|  |TAMS 0x0000000601400000| PB 0x0000000601400000| Untracked 
|   6|0x0000000601800000, 0x0000000601800000, 0x0000000601c00000|  0%| F|  |TAMS 0x0000000601800000| PB 0x0000000601800000| Untracked 
|   7|0x0000000601c00000, 0x0000000601c00000, 0x0000000602000000|  0%| F|  |TAMS 0x0000000601c00000| PB 0x0000000601c00000| Untracked 
|   8|0x0000000602000000, 0x0000000602000000, 0x0000000602400000|  0%| F|  |TAMS 0x0000000602000000| PB 0x0000000602000000| Untracked 
|   9|0x0000000602400000, 0x0000000602800000, 0x0000000602800000|100%| O|  |TAMS 0x0000000602400000| PB 0x0000000602400000| Untracked 
|  10|0x0000000602800000, 0x0000000602c00000, 0x0000000602c00000|100%| O|  |TAMS 0x0000000602800000| PB 0x0000000602800000| Untracked 
|  11|0x0000000602c00000, 0x0000000602c00000, 0x0000000603000000|  0%| F|  |TAMS 0x0000000602c00000| PB 0x0000000602c00000| Untracked 
|  12|0x0000000603000000, 0x0000000603000000, 0x0000000603400000|  0%| F|  |TAMS 0x0000000603000000| PB 0x0000000603000000| Untracked 
|  13|0x0000000603400000, 0x0000000603400000, 0x0000000603800000|  0%| F|  |TAMS 0x0000000603400000| PB 0x0000000603400000| Untracked 
|  14|0x0000000603800000, 0x0000000603800000, 0x0000000603c00000|  0%| F|  |TAMS 0x0000000603800000| PB 0x0000000603800000| Untracked 
|  15|0x0000000603c00000, 0x0000000603c00000, 0x0000000604000000|  0%| F|  |TAMS 0x0000000603c00000| PB 0x0000000603c00000| Untracked 
|  16|0x0000000604000000, 0x0000000604000000, 0x0000000604400000|  0%| F|  |TAMS 0x0000000604000000| PB 0x0000000604000000| Untracked 
|  17|0x0000000604400000, 0x0000000604400000, 0x0000000604800000|  0%| F|  |TAMS 0x0000000604400000| PB 0x0000000604400000| Untracked 
|  18|0x0000000604800000, 0x0000000604800000, 0x0000000604c00000|  0%| F|  |TAMS 0x0000000604800000| PB 0x0000000604800000| Untracked 
|  19|0x0000000604c00000, 0x0000000604eef0d8, 0x0000000605000000| 73%| E|  |TAMS 0x0000000604c00000| PB 0x0000000604c00000| Complete 

Card table byte_map: [0x00007e68c2e00000,0x00007e68c3e00000] _byte_map_base: 0x00007e68bfe00000

Marking Bits: (CMBitMap*) 0x0000000025fce2b0
 Bits: [0x00007e68bae00000, 0x00007e68c2e00000)

Polling page: 0x00007e6a5cb76000

Metaspace:

Usage:
  Non-class:      3.40 MB used.
      Class:    378.39 KB used.
       Both:      3.77 MB used.

Virtual space:
  Non-class space:       64.00 MB reserved,       3.50 MB (  5%) committed,  1 nodes.
      Class space:        1.00 GB reserved,     448.00 KB ( <1%) committed,  1 nodes.
             Both:        1.06 GB reserved,       3.94 MB ( <1%) committed. 

Chunk freelists:
   Non-Class:  10.92 MB
       Class:  15.56 MB
        Both:  26.48 MB

MaxMetaspaceSize: unlimited
CompressedClassSpaceSize: 1.00 GB
Initial GC threshold: 21.00 MB
Current GC threshold: 21.00 MB
CDS: on
 - commit_granule_bytes: 65536.
 - commit_granule_words: 8192.
 - virtual_space_node_default_size: 8388608.
 - enlarge_chunks_in_place: 1.
 - use_allocation_guard: 0.


Internal statistics:

num_allocs_failed_limit: 0.
num_arena_births: 82.
num_arena_deaths: 0.
num_vsnodes_births: 2.
num_vsnodes_deaths: 0.
num_space_committed: 63.
num_space_uncommitted: 0.
num_chunks_returned_to_freelist: 0.
num_chunks_taken_from_freelist: 138.
num_chunk_merges: 0.
num_chunk_splits: 99.
num_chunks_enlarged: 71.
num_inconsistent_stats: 0.

CodeHeap 'non-profiled nmethods': size=118592Kb used=816Kb max_used=816Kb free=117775Kb
 bounds [0x00007e68cca30000, 0x00007e68ccca0000, 0x00007e68d3e00000]
CodeHeap 'profiled nmethods': size=118588Kb used=2046Kb max_used=2049Kb free=116541Kb
 bounds [0x00007e68c4e00000, 0x00007e68c5070000, 0x00007e68cc1cf000]
CodeHeap 'non-nmethods': size=8580Kb used=1457Kb max_used=4412Kb free=7122Kb
 bounds [0x00007e68cc1cf000, 0x00007e68cc62f000, 0x00007e68cca30000]
CodeCache: size=245760Kb, used=4319Kb, max_used=7277Kb, free=241438Kb
 total_blobs=1790, nmethods=1325, adapters=370, full_count=0
Compilation: enabled, stopped_count=0, restarted_count=0

Compilation events (20 events):
Event: 621.662 Thread 0x000000002a2adcb0 1484       4       java.lang.ref.ReferenceQueue::poll0 (65 bytes)
Event: 621.668 Thread 0x000000002a2adcb0 nmethod 1484 0x00007e68ccaf5190 code [0x00007e68ccaf5320, 0x00007e68ccaf5698]
Event: 668.696 Thread 0x000000002a2adcb0 1485       4       java.util.concurrent.locks.AbstractQueuedSynchronizer$ConditionObject::canReacquire (38 bytes)
Event: 668.698 Thread 0x000000002a2adcb0 nmethod 1485 0x00007e68ccaf5710 code [0x00007e68ccaf58a0, 0x00007e68ccaf5970]
Event: 673.200 Thread 0x000000002a2adcb0 1486       4       java.util.concurrent.locks.AbstractQueuedSynchronizer::signalNext (34 bytes)
Event: 673.201 Thread 0x000000002a2adcb0 nmethod 1486 0x00007e68ccaf5a10 code [0x00007e68ccaf5ba0, 0x00007e68ccaf5c90]
Event: 796.291 Thread 0x000000002a2adcb0 1487       4       java.util.concurrent.locks.LockSupport::setBlocker (12 bytes)
Event: 796.294 Thread 0x000000002a2adcb0 nmethod 1487 0x00007e68ccaf5d90 code [0x00007e68ccaf5f00, 0x00007e68ccaf6050]
Event: 1275.394 Thread 0x000000002a2adcb0 1489       4       java.util.concurrent.locks.AbstractQueuedSynchronizer$Node::getAndUnsetStatus (14 bytes)
Event: 1275.396 Thread 0x000000002a2adcb0 nmethod 1489 0x00007e68ccaf6490 code [0x00007e68ccaf6600, 0x00007e68ccaf66d0]
Event: 1277.896 Thread 0x000000002a2adcb0 1490   !   4       java.util.concurrent.locks.AbstractQueuedSynchronizer::acquire (424 bytes)
Event: 1277.912 Thread 0x000000002a2adcb0 nmethod 1490 0x00007e68ccaf6790 code [0x00007e68ccaf6940, 0x00007e68ccaf6f98]
Event: 1327.933 Thread 0x000000002a2adcb0 1491       4       java.util.concurrent.locks.ReentrantLock$Sync::isHeldExclusively (16 bytes)
Event: 1327.934 Thread 0x000000002a2adcb0 nmethod 1491 0x00007e68ccaf7310 code [0x00007e68ccaf7480, 0x00007e68ccaf7540]
Event: 1329.934 Thread 0x000000002a2adcb0 1492   !   4       java.lang.ref.ReferenceQueue::remove (61 bytes)
Event: 1330.033 Thread 0x000000002a2adcb0 nmethod 1492 0x00007e68ccaf7610 code [0x00007e68ccaf7ae0, 0x00007e68ccafabf8]
Event: 13140.742 Thread 0x000000002a2af5c0 1493   !   3       jdk.internal.ref.PhantomCleanable::isListEmpty (34 bytes)
Event: 13140.742 Thread 0x000000002a2af5c0 nmethod 1493 0x00007e68c4eaeb90 code [0x00007e68c4eaed40, 0x00007e68c4eaef98]
Event: 13140.743 Thread 0x000000002a2af5c0 1494       3       jdk.internal.misc.InnocuousThread::eraseThreadLocals (23 bytes)
Event: 13140.743 Thread 0x000000002a2af5c0 nmethod 1494 0x00007e68c4eae790 code [0x00007e68c4eae920, 0x00007e68c4eaeb10]

GC Heap History (12 events):
Event: 0.122 GC heap before
{Heap before GC invocations=0 (full 0):
 garbage-first heap   total 2101248K, used 17458K [0x0000000600000000, 0x0000000800000000)
  region size 4096K, 4 young (16384K), 0 survivors (0K)
 Metaspace       used 1343K, committed 1472K, reserved 1114112K
  class space    used 127K, committed 192K, reserved 1048576K
}
Event: 0.132 GC heap after
{Heap after GC invocations=1 (full 1):
 garbage-first heap   total 81920K, used 6070K [0x0000000600000000, 0x0000000800000000)
  region size 4096K, 0 young (0K), 0 survivors (0K)
 Metaspace       used 1343K, committed 1472K, reserved 1114112K
  class space    used 127K, committed 192K, reserved 1048576K
}
Event: 0.357 GC heap before
{Heap before GC invocations=1 (full 1):
 garbage-first heap   total 81920K, used 26550K [0x0000000600000000, 0x0000000800000000)
  region size 4096K, 5 young (20480K), 0 survivors (0K)
 Metaspace       used 2173K, committed 2304K, reserved 1114112K
  class space    used 188K, committed 256K, reserved 1048576K
}
Event: 0.361 GC heap after
{Heap after GC invocations=2 (full 1):
 garbage-first heap   total 81920K, used 8590K [0x0000000600000000, 0x0000000800000000)
  region size 4096K, 1 young (4096K), 1 survivors (4096K)
 Metaspace       used 2173K, committed 2304K, reserved 1114112K
  class space    used 188K, committed 256K, reserved 1048576K
}
Event: 0.606 GC heap before
{Heap before GC invocations=2 (full 1):
 garbage-first heap   total 81920K, used 45454K [0x0000000600000000, 0x0000000800000000)
  region size 4096K, 9 young (36864K), 1 survivors (4096K)
 Metaspace       used 2675K, committed 2816K, reserved 1114112K
  class space    used 233K, committed 320K, reserved 1048576K
}
Event: 0.622 GC heap after
{Heap after GC invocations=3 (full 1):
 garbage-first heap   total 81920K, used 18981K [0x0000000600000000, 0x0000000800000000)
  region size 4096K, 2 young (8192K), 2 survivors (8192K)
 Metaspace       used 2675K, committed 2816K, reserved 1114112K
  class space    used 233K, committed 320K, reserved 1048576K
}
Event: 0.668 GC heap before
{Heap before GC invocations=3 (full 1):
 garbage-first heap   total 81920K, used 18981K [0x0000000600000000, 0x0000000800000000)
  region size 4096K, 3 young (12288K), 2 survivors (8192K)
 Metaspace       used 2891K, committed 3072K, reserved 1114112K
  class space    used 261K, committed 384K, reserved 1048576K
}
Event: 0.694 GC heap after
{Heap after GC invocations=4 (full 2):
 garbage-first heap   total 81920K, used 19376K [0x0000000600000000, 0x0000000800000000)
  region size 4096K, 0 young (0K), 0 survivors (0K)
 Metaspace       used 2891K, committed 3072K, reserved 1114112K
  class space    used 261K, committed 384K, reserved 1048576K
}
Event: 1.319 GC heap before
{Heap before GC invocations=4 (full 2):
 garbage-first heap   total 81920K, used 19376K [0x0000000600000000, 0x0000000800000000)
  region size 4096K, 1 young (4096K), 0 survivors (0K)
 Metaspace       used 3158K, committed 3392K, reserved 1114112K
  class space    used 296K, committed 384K, reserved 1048576K
}
Event: 1.353 GC heap after
{Heap after GC invocations=5 (full 3):
 garbage-first heap   total 81920K, used 19620K [0x0000000600000000, 0x0000000800000000)
  region size 4096K, 0 young (0K), 0 survivors (0K)
 Metaspace       used 3158K, committed 3392K, reserved 1114112K
  class space    used 296K, committed 384K, reserved 1048576K
}
Event: 10.461 GC heap before
{Heap before GC invocations=5 (full 3):
 garbage-first heap   total 81920K, used 19620K [0x0000000600000000, 0x0000000800000000)
  region size 4096K, 1 young (4096K), 0 survivors (0K)
 Metaspace       used 3845K, committed 4032K, reserved 1114112K
  class space    used 377K, committed 448K, reserved 1048576K
}
Event: 10.499 GC heap after
{Heap after GC invocations=6 (full 4):
 garbage-first heap   total 81920K, used 20016K [0x0000000600000000, 0x0000000800000000)
  region size 4096K, 0 young (0K), 0 survivors (0K)
 Metaspace       used 3845K, committed 4032K, reserved 1114112K
  class space    used 377K, committed 448K, reserved 1048576K
}

Dll operation events (7 events):
Event: 0.014 Loaded shared library /usr/lib/jvm/java-21-openjdk-amd64/lib/libjava.so
Event: 0.038 Loaded shared library /usr/lib/jvm/java-21-openjdk-amd64/lib/libjsvml.so
Event: 0.041 Loaded shared library /usr/lib/jvm/java-21-openjdk-amd64/lib/libnio.so
Event: 0.055 Loaded shared library /usr/lib/jvm/java-21-openjdk-amd64/lib/libzip.so
Event: 0.076 Loaded shared library /home/henriqueramos_qs/meta-learning-concept-drift/.venv/lib/python3.12/site-packages/_jpype.cpython-312-x86_64-linux-gnu.so
Event: 0.099 Loaded shared library /usr/lib/jvm/java-21-openjdk-amd64/lib/libjimage.so
Event: 0.537 Loaded shared library /usr/lib/jvm/java-21-openjdk-amd64/lib/libnet.so

Deoptimization events (20 events):
Event: 1.382 Thread 0x00000000220210f0 DEOPT PACKING pc=0x00007e68cca460dc sp=0x00007ffffc45a710
Event: 1.382 Thread 0x00000000220210f0 DEOPT UNPACKING pc=0x00007e68cc226619 sp=0x00007ffffc45a6c0 mode 2
Event: 1.382 Thread 0x00000000220210f0 Uncommon trap: trap_request=0xffffff45 fr.pc=0x00007e68cca7380c relative=0x00000000000002cc
Event: 1.382 Thread 0x00000000220210f0 Uncommon trap: reason=unstable_if action=reinterpret pc=0x00007e68cca7380c method=java.lang.String.startsWith(Ljava/lang/String;I)Z @ 1 c2
Event: 1.382 Thread 0x00000000220210f0 DEOPT PACKING pc=0x00007e68cca7380c sp=0x00007ffffc45a920
Event: 1.382 Thread 0x00000000220210f0 DEOPT UNPACKING pc=0x00007e68cc226619 sp=0x00007ffffc45a8b0 mode 2
Event: 2.203 Thread 0x00000000220210f0 DEOPT PACKING pc=0x00007e68c4fcc665 sp=0x00007ffffc45b200
Event: 2.203 Thread 0x00000000220210f0 DEOPT UNPACKING pc=0x00007e68cc22714f sp=0x00007ffffc45a708 mode 0
Event: 2.217 Thread 0x00000000220210f0 DEOPT PACKING pc=0x00007e68c4f9d5a6 sp=0x00007ffffc45a0f0
Event: 2.217 Thread 0x00000000220210f0 DEOPT UNPACKING pc=0x00007e68cc22714f sp=0x00007ffffc459588 mode 0
Event: 2.223 Thread 0x00000000220210f0 Uncommon trap: trap_request=0xffffffc6 fr.pc=0x00007e68ccaaaf18 relative=0x0000000000002698
Event: 2.223 Thread 0x00000000220210f0 Uncommon trap: reason=bimorphic_or_optimized_type_check action=maybe_recompile pc=0x00007e68ccaaaf18 method=java.util.HashMap.putVal(ILjava/lang/Object;Ljava/lang/Object;ZZ)Ljava/lang/Object; @ 91 c2
Event: 2.223 Thread 0x00000000220210f0 DEOPT PACKING pc=0x00007e68ccaaaf18 sp=0x00007ffffc459f40
Event: 2.223 Thread 0x00000000220210f0 DEOPT UNPACKING pc=0x00007e68cc226619 sp=0x00007ffffc459e80 mode 2
Event: 2.235 Thread 0x00000000220210f0 Uncommon trap: trap_request=0xffffff45 fr.pc=0x00007e68cca8fab0 relative=0x00000000000004f0
Event: 2.235 Thread 0x00000000220210f0 Uncommon trap: reason=unstable_if action=reinterpret pc=0x00007e68cca8fab0 method=jdk.internal.jimage.ImageStringsReader.stringFromByteBufferMatches(Ljava/nio/ByteBuffer;ILjava/lang/String;I)I @ 48 c2
Event: 2.235 Thread 0x00000000220210f0 DEOPT PACKING pc=0x00007e68cca8fab0 sp=0x00007ffffc459a40
Event: 2.235 Thread 0x00000000220210f0 DEOPT UNPACKING pc=0x00007e68cc226619 sp=0x00007ffffc4599d8 mode 2
Event: 2.245 Thread 0x00000000220210f0 DEOPT PACKING pc=0x00007e68c4f9d5a6 sp=0x00007ffffc45ca80
Event: 2.245 Thread 0x00000000220210f0 DEOPT UNPACKING pc=0x00007e68cc22714f sp=0x00007ffffc45bef0 mode 0

Classes loaded (20 events):
Event: 0.860 Loading class java/lang/SafeVarargs
Event: 0.860 Loading class java/lang/SafeVarargs done
Event: 0.868 Loading class java/util/AbstractList$Itr
Event: 0.868 Loading class java/util/AbstractList$Itr done
Event: 0.868 Loading class java/util/AbstractList$ListItr
Event: 0.868 Loading class java/util/AbstractList$ListItr done
Event: 0.868 Loading class java/util/AbstractList$RandomAccessSubList
Event: 0.868 Loading class java/util/AbstractList$SubList
Event: 0.868 Loading class java/util/AbstractList$SubList done
Event: 0.868 Loading class java/util/AbstractList$RandomAccessSubList done
Event: 0.869 Loading class java/util/ArrayList$ListItr
Event: 0.869 Loading class java/util/ArrayList$ListItr done
Event: 2.231 Loading class java/util/stream/LongStream
Event: 2.231 Loading class java/util/stream/LongStream done
Event: 2.231 Loading class java/util/stream/DoubleStream
Event: 2.232 Loading class java/util/stream/DoubleStream done
Event: 2.252 Loading class java/lang/IndexOutOfBoundsException
Event: 2.252 Loading class java/lang/IndexOutOfBoundsException done
Event: 14751.856 Loading class jdk/internal/misc/Signal$1
Event: 14751.856 Loading class jdk/internal/misc/Signal$1 done

Classes unloaded (0 events):
No events

Classes redefined (0 events):
No events

Internal exceptions (9 events):
Event: 0.078 Thread 0x00000000220210f0 Exception <a 'java/lang/NoSuchMethodError'{0x000000067fd031f8}: 'int java.lang.invoke.DirectMethodHandle$Holder.invokeStaticInit(java.lang.Object, java.lang.Object)'> (0x000000067fd031f8) 
thrown [./src/hotspot/share/interpreter/linkResolver.cpp, line 772]
Event: 0.079 Thread 0x00000000220210f0 Exception <a 'java/lang/NoSuchMethodError'{0x000000067fd09420}: 'java.lang.Object java.lang.invoke.DirectMethodHandle$Holder.invokeStaticInit(java.lang.Object, int)'> (0x000000067fd09420) 
thrown [./src/hotspot/share/interpreter/linkResolver.cpp, line 772]
Event: 0.081 Thread 0x00000000220210f0 Exception <a 'java/lang/NoSuchMethodError'{0x000000067fd13878}: 'int java.lang.invoke.DirectMethodHandle$Holder.invokeSpecial(java.lang.Object, java.lang.Object, java.lang.Object)'> (0x000000067fd13878) 
thrown [./src/hotspot/share/interpreter/linkResolver.cpp, line 772]
Event: 0.083 Thread 0x00000000220210f0 Exception <a 'java/lang/NoSuchMethodError'{0x000000067fd23780}: 'java.lang.Object java.lang.invoke.DirectMethodHandle$Holder.invokeStatic(java.lang.Object, java.lang.Object, int)'> (0x000000067fd23780) 
thrown [./src/hotspot/share/interpreter/linkResolver.cpp, line 772]
Event: 0.084 Thread 0x00000000220210f0 Exception <a 'java/lang/NoSuchMethodError'{0x000000067fd2ee40}: 'void java.lang.invoke.DelegatingMethodHandle$Holder.delegate(java.lang.Object, java.lang.Object, int, java.lang.Object)'> (0x000000067fd2ee40) 
thrown [./src/hotspot/share/interpreter/linkResolver.cpp, line 772]
Event: 0.097 Thread 0x00000000220210f0 Exception <a 'java/lang/NoSuchMethodError'{0x000000067fdc9ad0}: 'java.lang.Object java.lang.invoke.Invokers$Holder.invokeExact_MT(java.lang.Object, java.lang.Object, java.lang.Object, java.lang.Object, java.lang.Object)'> (0x000000067fdc9ad0) 
thrown [./src/hotspot/share/interpreter/linkResolver.cpp, line 772]
Event: 0.105 Thread 0x00000000220210f0 Exception <a 'java/lang/NoSuchMethodError'{0x000000067fdf0088}: 'java.lang.Object java.lang.invoke.DirectMethodHandle$Holder.invokeInterface(java.lang.Object, java.lang.Object)'> (0x000000067fdf0088) 
thrown [./src/hotspot/share/interpreter/linkResolver.cpp, line 772]
Event: 0.105 Thread 0x00000000220210f0 Exception <a 'java/lang/IncompatibleClassChangeError'{0x000000067fdf3320}: Found class java.lang.Object, but interface was expected> (0x000000067fdf3320) 
thrown [./src/hotspot/share/interpreter/linkResolver.cpp, line 840]
Event: 0.218 Thread 0x00000000220210f0 Exception <a 'java/lang/NoSuchMethodError'{0x0000000604c5d230}: method resolution failed> (0x0000000604c5d230) 
thrown [./src/hotspot/share/prims/methodHandles.cpp, line 1144]

ZGC Phase Switch (0 events):
No events

VM Operations (20 events):
Event: 0.631 Executing VM operation: HandshakeAllThreads (Deoptimize)
Event: 0.631 Executing VM operation: HandshakeAllThreads (Deoptimize) done
Event: 0.668 Executing VM operation: G1CollectFull (System.gc())
Event: 0.694 Executing VM operation: G1CollectFull (System.gc()) done
Event: 0.854 Executing VM operation: HandshakeAllThreads (Deoptimize)
Event: 0.854 Executing VM operation: HandshakeAllThreads (Deoptimize) done
Event: 0.869 Executing VM operation: HandshakeAllThreads (Deoptimize)
Event: 0.869 Executing VM operation: HandshakeAllThreads (Deoptimize) done
Event: 1.319 Executing VM operation: G1CollectFull (System.gc())
Event: 1.353 Executing VM operation: G1CollectFull (System.gc()) done
Event: 2.353 Executing VM operation: Cleanup
Event: 2.353 Executing VM operation: Cleanup done
Event: 10.461 Executing VM operation: G1CollectFull (System.gc())
Event: 10.499 Executing VM operation: G1CollectFull (System.gc()) done
Event: 55.507 Executing VM operation: Cleanup
Event: 55.507 Executing VM operation: Cleanup done
Event: 61.508 Executing VM operation: Cleanup
Event: 61.508 Executing VM operation: Cleanup done
Event: 1328.724 Executing VM operation: Cleanup
Event: 1328.724 Executing VM operation: Cleanup done

Memory protections (20 events):
Event: 0.036 Protecting memory [0x00007e68b80fd000,0x00007e68b8101000] with protection modes 0
Event: 0.039 Protecting memory [0x00007e6846c00000,0x00007e6846c04000] with protection modes 0
Event: 0.040 Protecting memory [0x00007e6846200000,0x00007e6846204000] with protection modes 0
Event: 0.045 Protecting memory [0x00007e6860700000,0x00007e6860704000] with protection modes 0
Event: 0.045 Protecting memory [0x00007e6860600000,0x00007e6860604000] with protection modes 0
Event: 0.045 Protecting memory [0x00007e6860500000,0x00007e6860504000] with protection modes 0
Event: 0.051 Protecting memory [0x00007e6860400000,0x00007e6860404000] with protection modes 0
Event: 0.051 Protecting memory [0x00007e6860300000,0x00007e6860304000] with protection modes 0
Event: 0.087 Protecting memory [0x00007e6a5cb75000,0x00007e6a5cb76000] with protection modes 1
Event: 0.094 Protecting memory [0x00007e6845800000,0x00007e6845804000] with protection modes 0
Event: 0.310 Protecting memory [0x00007e6860300000,0x00007e6860304000] with protection modes 0
Event: 0.326 Protecting memory [0x00007e68453fd000,0x00007e6845401000] with protection modes 0
Event: 0.328 Protecting memory [0x00007e68452fd000,0x00007e6845301000] with protection modes 0
Event: 0.328 Protecting memory [0x00007e68451fd000,0x00007e6845201000] with protection modes 0
Event: 0.330 Protecting memory [0x00007e68450fd000,0x00007e6845101000] with protection modes 0
Event: 0.337 Protecting memory [0x00007e6844ffd000,0x00007e6845001000] with protection modes 0
Event: 2.210 Protecting memory [0x00007e6860400000,0x00007e6860404000] with protection modes 0
Event: 2.250 Protecting memory [0x00007e68451fd000,0x00007e6845201000] with protection modes 0
Event: 62.495 Protecting memory [0x00007e6860400000,0x00007e6860404000] with protection modes 0
Event: 14751.857 Protecting memory [0x00007e671cc00000,0x00007e671cc04000] with protection modes 0

Nmethod flushes (20 events):
Event: 10.481 Thread 0x000000002a29df40 flushing  nmethod 0x00007e68c4e78290
Event: 10.481 Thread 0x000000002a29df40 flushing  nmethod 0x00007e68c4e9d410
Event: 10.481 Thread 0x000000002a29df40 flushing  nmethod 0x00007e68c4e9de10
Event: 10.481 Thread 0x000000002a29df40 flushing  nmethod 0x00007e68c4ea9d90
Event: 10.481 Thread 0x000000002a29df40 flushing  nmethod 0x00007e68c4ead990
Event: 10.481 Thread 0x000000002a29df40 flushing  nmethod 0x00007e68c4e14890
Event: 10.481 Thread 0x000000002a29df40 flushing  nmethod 0x00007e68c4e20d10
Event: 10.481 Thread 0x000000002a29df40 flushing  nmethod 0x00007e68c4e53e10
Event: 10.481 Thread 0x000000002a29df40 flushing  nmethod 0x00007e68c4e54a90
Event: 10.481 Thread 0x000000002a29df40 flushing  nmethod 0x00007e68c4e54e90
Event: 10.481 Thread 0x000000002a29df40 flushing  nmethod 0x00007e68c4e57190
Event: 10.481 Thread 0x000000002a29df40 flushing  nmethod 0x00007e68c4e58390
Event: 10.481 Thread 0x000000002a29df40 flushing  nmethod 0x00007e68c4e63990
Event: 10.481 Thread 0x000000002a29df40 flushing  nmethod 0x00007e68c4e75090
Event: 10.481 Thread 0x000000002a29df40 flushing  nmethod 0x00007e68c4e84490
Event: 10.481 Thread 0x000000002a29df40 flushing  nmethod 0x00007e68c4ea6310
Event: 10.481 Thread 0x000000002a29df40 flushing  nmethod 0x00007e68c4eb6910
Event: 10.481 Thread 0x000000002a29df40 flushing  nmethod 0x00007e68c4ec7910
Event: 10.481 Thread 0x000000002a29df40 flushing  nmethod 0x00007e68c4fbb810
Event: 10.481 Thread 0x000000002a29df40 flushing  nmethod 0x00007e68c4fc9510

Events (20 events):
Event: 0.328 Thread 0x00007e683803f270 Thread added: 0x00007e681c0c9610
Event: 0.330 Thread 0x00007e681c0c9610 Thread added: 0x00007e67f800a000
Event: 0.337 Thread 0x00007e68380c01b0 Thread added: 0x00007e68140852c0
Event: 0.514 Thread 0x00007e68140852c0 Thread exited: 0x00007e68140852c0
Event: 1.382 Thread 0x00007e67f800a000 Thread exited: 0x00007e67f800a000
Event: 1.410 Thread 0x00007e681c0c9610 Thread exited: 0x00007e681c0c9610
Event: 1.410 Thread 0x00007e68240e3750 Thread exited: 0x00007e68240e3750
Event: 1.410 Thread 0x00007e681c0c80d0 Thread exited: 0x00007e681c0c80d0
Event: 1.410 Thread 0x00007e683803f270 Thread exited: 0x00007e683803f270
Event: 1.410 Thread 0x00007e68380c01b0 Thread exited: 0x00007e68380c01b0
Event: 2.200 Thread 0x00007e6834087860 Thread exited: 0x00007e6834087860
Event: 2.210 Thread 0x00007e6838034750 Thread added: 0x00007e68241b9880
Event: 2.250 Thread 0x00007e683803dd60 Thread added: 0x00007e682819a220
Event: 7.285 Thread 0x00007e683803dd60 Thread exited: 0x00007e683803dd60
Event: 7.285 Thread 0x00007e6838034750 Thread exited: 0x00007e6838034750
Event: 7.292 Thread 0x00007e682819a220 Thread exited: 0x00007e682819a220
Event: 7.319 Thread 0x00007e68241b9880 Thread exited: 0x00007e68241b9880
Event: 62.495 Thread 0x000000002a2af5c0 Thread added: 0x00007e68381bf940
Event: 63.494 Thread 0x00007e68381bf940 Thread exited: 0x00007e68381bf940
Event: 14751.857 Thread 0x000000002a2a8ec0 Thread added: 0x00007e684c009110


Dynamic libraries:
00400000-00420000 r--p 00000000 08:05 8391893                            /usr/bin/python3.12
00420000-00703000 r-xp 00020000 08:05 8391893                            /usr/bin/python3.12
00703000-00a28000 r--p 00303000 08:05 8391893                            /usr/bin/python3.12
00a28000-00a29000 r--p 00627000 08:05 8391893                            /usr/bin/python3.12
00a29000-00ba7000 rw-p 00628000 08:05 8391893                            /usr/bin/python3.12
00ba7000-00bab000 rw-p 00000000 00:00 0 
1e5de000-33211000 rw-p 00000000 00:00 0                                  [heap]
600000000-605000000 rw-p 00000000 00:00 0 
605000000-800000000 ---p 00000000 00:00 0 
7e671cc00000-7e671cc04000 ---p 00000000 00:00 0 
7e671cc04000-7e671d600000 rw-p 00000000 00:00 0 
7e671d69e000-7e671d69f000 ---p 00000000 00:00 0 
7e671d69f000-7e671de9f000 rw-p 00000000 00:00 0 
7e671de9f000-7e671dea0000 ---p 00000000 00:00 0 
7e671dea0000-7e671e6a0000 rw-p 00000000 00:00 0 
7e671ec00000-7e671f200000 rw-p 00000000 00:00 0 
7e671f200000-7e6721200000 rw-p 00000000 00:00 0 
7e67212ff000-7e67218ff000 rw-p 00000000 00:00 0 
7e67218ff000-7e6721900000 ---p 00000000 00:00 0 
7e6721900000-7e6722100000 rw-p 00000000 00:00 0 
7e6722100000-7e6723600000 rw-p 00000000 00:00 0 
7e6723600000-7e67236e1000 r--p 00000000 08:05 8390854                    /usr/lib/x86_64-linux-gnu/libcuda.so.535.247.01
7e67236e1000-7e6723c01000 r-xp 000e1000 08:05 8390854                    /usr/lib/x86_64-linux-gnu/libcuda.so.535.247.01
7e6723c01000-7e67250e8000 r--p 00601000 08:05 8390854                    /usr/lib/x86_64-linux-gnu/libcuda.so.535.247.01
7e67250e8000-7e6725101000 r--p 01ae7000 08:05 8390854                    /usr/lib/x86_64-linux-gnu/libcuda.so.535.247.01
7e6725101000-7e6725207000 rw-p 01b00000 08:05 8390854                    /usr/lib/x86_64-linux-gnu/libcuda.so.535.247.01
7e6725207000-7e672526e000 rw-p 00000000 00:00 0 
7e6725300000-7e6725400000 rw-p 00000000 00:00 0 
7e6725400000-7e67348e3000 r-xp 00000000 fc:00 35412103                   /home/henriqueramos_qs/meta-learning-concept-drift/.venv/lib/python3.12/site-packages/nvidia/nccl/lib/libnccl.so.2
7e67348e3000-7e6734ae3000 ---p 0f4e3000 fc:00 35412103                   /home/henriqueramos_qs/meta-learning-concept-drift/.venv/lib/python3.12/site-packages/nvidia/nccl/lib/libnccl.so.2
7e6734ae3000-7e6734aed000 r--p 0f4e3000 fc:00 35412103                   /home/henriqueramos_qs/meta-learning-concept-drift/.venv/lib/python3.12/site-packages/nvidia/nccl/lib/libnccl.so.2
7e6734aed000-7e6734b00000 rw-p 0f4ed000 fc:00 35412103                   /home/henriqueramos_qs/meta-learning-concept-drift/.venv/lib/python3.12/site-packages/nvidia/nccl/lib/libnccl.so.2
7e6734b00000-7e6734b32000 rw-p 00000000 00:00 0 
7e6734c00000-7e674e469000 r-xp 00000000 fc:00 35412387                   /home/henriqueramos_qs/meta-learning-concept-drift/.venv/lib/python3.12/site-packages/nvidia/cublas/lib/libcublasLt.so.12
7e674e469000-7e674e669000 ---p 19869000 fc:00 35412387                   /home/henriqueramos_qs/meta-learning-concept-drift/.venv/lib/python3.12/site-packages/nvidia/cublas/lib/libcublasLt.so.12
7e674e669000-7e674e8a7000 r--p 19869000 fc:00 35412387                   /home/henriqueramos_qs/meta-learning-concept-drift/.venv/lib/python3.12/site-packages/nvidia/cublas/lib/libcublasLt.so.12
7e674e8a7000-7e675225b000 rw-p 19aa7000 fc:00 35412387                   /home/henriqueramos_qs/meta-learning-concept-drift/.venv/lib/python3.12/site-packages/nvidia/cublas/lib/libcublasLt.so.12
7e675225b000-7e675642c000 rw-p 00000000 00:00 0 
7e6756500000-7e6756600000 rw-p 00000000 00:00 0 
7e6756600000-7e675cd28000 r-xp 00000000 fc:00 35412386                   /home/henriqueramos_qs/meta-learning-concept-drift/.venv/lib/python3.12/site-packages/nvidia/cublas/lib/libcublas.so.12
7e675cd28000-7e675cf28000 ---p 06728000 fc:00 35412386                   /home/henriqueramos_qs/meta-learning-concept-drift/.venv/lib/python3.12/site-packages/nvidia/cublas/lib/libcublas.so.12
7e675cf28000-7e675cf34000 r--p 06728000 fc:00 35412386                   /home/henriqueramos_qs/meta-learning-concept-drift/.venv/lib/python3.12/site-packages/nvidia/cublas/lib/libcublas.so.12
7e675cf34000-7e675cf3b000 rw-p 06734000 fc:00 35412386                   /home/henriqueramos_qs/meta-learning-concept-drift/.venv/lib/python3.12/site-packages/nvidia/cublas/lib/libcublas.so.12
7e675cf3b000-7e675cf47000 rw-p 00000000 00:00 0 
7e675d000000-7e67617cf000 r-xp 00000000 fc:00 35412140                   /home/henriqueramos_qs/meta-learning-concept-drift/.venv/lib/python3.12/site-packages/nvidia/curand/lib/libcurand.so.10
7e67617cf000-7e67619cf000 ---p 047cf000 fc:00 35412140                   /home/henriqueramos_qs/meta-learning-concept-drift/.venv/lib/python3.12/site-packages/nvidia/curand/lib/libcurand.so.10
7e67619cf000-7e67619d5000 r--p 047cf000 fc:00 35412140                   /home/henriqueramos_qs/meta-learning-concept-drift/.venv/lib/python3.12/site-packages/nvidia/curand/lib/libcurand.so.10
7e67619d5000-7e6762e01000 rw-p 047d5000 fc:00 35412140                   /home/henriqueramos_qs/meta-learning-concept-drift/.venv/lib/python3.12/site-packages/nvidia/curand/lib/libcurand.so.10
7e6762e01000-7e6763439000 rw-p 00000000 00:00 0 
7e6763500000-7e6763600000 rw-p 00000000 00:00 0 
7e6763600000-7e6763b7a000 r-xp 00000000 fc:00 35414327                   /home/henriqueramos_qs/meta-learning-concept-drift/.venv/lib/python3.12/site-packages/nvidia/cufft/lib/libcufft.so.11
7e6763b7a000-7e6763d79000 ---p 0057a000 fc:00 35414327                   /home/henriqueramos_qs/meta-learning-concept-drift/.venv/lib/python3.12/site-packages/nvidia/cufft/lib/libcufft.so.11
7e6763d79000-7e6763d86000 r--p 00579000 fc:00 35414327                   /home/henriqueramos_qs/meta-learning-concept-drift/.venv/lib/python3.12/site-packages/nvidia/cufft/lib/libcufft.so.11
7e6763d86000-7e6774163000 rw-p 00586000 fc:00 35414327                   /home/henriqueramos_qs/meta-learning-concept-drift/.venv/lib/python3.12/site-packages/nvidia/cufft/lib/libcufft.so.11
7e6774163000-7e67744aa000 rw-p 00000000 00:00 0 
7e67744aa000-7e6774600000 ---p 10eaa000 fc:00 35414327                   /home/henriqueramos_qs/meta-learning-concept-drift/.venv/lib/python3.12/site-packages/nvidia/cufft/lib/libcufft.so.11
7e6774600000-7e6774601000 rw-p 10a00000 fc:00 35414327                   /home/henriqueramos_qs/meta-learning-concept-drift/.venv/lib/python3.12/site-packages/nvidia/cufft/lib/libcufft.so.11
7e6774700000-7e6774800000 rw-p 00000000 00:00 0 
7e6774800000-7e6785fba000 r-xp 00000000 fc:00 35414303                   /home/henriqueramos_qs/meta-learning-concept-drift/.venv/lib/python3.12/site-packages/nvidia/cusparse/lib/libcusparse.so.12
7e6785fba000-7e67861ba000 ---p 117ba000 fc:00 35414303                   /home/henriqueramos_qs/meta-learning-concept-drift/.venv/lib/python3.12/site-packages/nvidia/cusparse/lib/libcusparse.so.12
7e67861ba000-7e67861c9000 r--p 117ba000 fc:00 35414303                   /home/henriqueramos_qs/meta-learning-concept-drift/.venv/lib/python3.12/site-packages/nvidia/cusparse/lib/libcusparse.so.12
7e67861c9000-7e67861e5000 rw-p 117c9000 fc:00 35414303                   /home/henriqueramos_qs/meta-learning-concept-drift/.venv/lib/python3.12/site-packages/nvidia/cusparse/lib/libcusparse.so.12
7e67861e5000-7e67861ea000 rw-p 00000000 00:00 0 
7e67861ea000-7e6786200000 ---p 119ea000 fc:00 35414303                   /home/henriqueramos_qs/meta-learning-concept-drift/.venv/lib/python3.12/site-packages/nvidia/cusparse/lib/libcusparse.so.12
7e6786200000-7e6786205000 rw-p 11800000 fc:00 35414303                   /home/henriqueramos_qs/meta-learning-concept-drift/.venv/lib/python3.12/site-packages/nvidia/cusparse/lib/libcusparse.so.12
7e6786300000-7e6786400000 rw-p 00000000 00:00 0 
7e6786400000-7e67864bb000 r--p 00000000 fc:00 35412357                   /home/henriqueramos_qs/meta-learning-concept-drift/.venv/lib/python3.12/site-packages/nvidia/cuda_cupti/lib/libcupti.so.12
7e67864bb000-7e6786958000 r-xp 000bb000 fc:00 35412357                   /home/henriqueramos_qs/meta-learning-concept-drift/.venv/lib/python3.12/site-packages/nvidia/cuda_cupti/lib/libcupti.so.12
7e6786958000-7e6786aaf000 r--p 00558000 fc:00 35412357                   /home/henriqueramos_qs/meta-learning-concept-drift/.venv/lib/python3.12/site-packages/nvidia/cuda_cupti/lib/libcupti.so.12
7e6786aaf000-7e6786afc000 r--p 006ae000 fc:00 35412357                   /home/henriqueramos_qs/meta-learning-concept-drift/.venv/lib/python3.12/site-packages/nvidia/cuda_cupti/lib/libcupti.so.12
7e6786afc000-7e6786bb3000 rw-p 006fb000 fc:00 35412357                   /home/henriqueramos_qs/meta-learning-concept-drift/.venv/lib/python3.12/site-packages/nvidia/cuda_cupti/lib/libcupti.so.12
7e6786bb3000-7e6786bf4000 rw-p 00000000 00:00 0 
7e6786c00000-7e6786c2e000 r--p 00000000 fc:00 35412161                   /home/henriqueramos_qs/meta-learning-concept-drift/.venv/lib/python3.12/site-packages/nvidia/cufile/lib/libcufile.so.0
7e6786c2e000-7e6786e11000 r-xp 0002e000 fc:00 35412161                   /home/henriqueramos_qs/meta-learning-concept-drift/.venv/lib/python3.12/site-packages/nvidia/cufile/lib/libcufile.so.0
7e6786e11000-7e6786eb3000 r--p 00211000 fc:00 35412161                   /home/henriqueramos_qs/meta-learning-concept-drift/.venv/lib/python3.12/site-packages/nvidia/cufile/lib/libcufile.so.0
7e6786eb3000-7e6786eb4000 ---p 002b3000 fc:00 35412161                   /home/henriqueramos_qs/meta-learning-concept-drift/.venv/lib/python3.12/site-packages/nvidia/cufile/lib/libcufile.so.0
7e6786eb4000-7e6786eb9000 r--p 002b3000 fc:00 35412161                   /home/henriqueramos_qs/meta-learning-concept-drift/.venv/lib/python3.12/site-packages/nvidia/cufile/lib/libcufile.so.0
7e6786eb9000-7e6786ec1000 rw-p 002b8000 fc:00 35412161                   /home/henriqueramos_qs/meta-learning-concept-drift/.venv/lib/python3.12/site-packages/nvidia/cufile/lib/libcufile.so.0
7e6786ec1000-7e6786ecc000 rw-p 00000000 00:00 0 
7e6786ecc000-7e6786ed8000 rw-p 002db000 fc:00 35412161                   /home/henriqueramos_qs/meta-learning-concept-drift/.venv/lib/python3.12/site-packages/nvidia/cufile/lib/libcufile.so.0
7e6786f00000-7e6787000000 rw-p 00000000 00:00 0 
7e6787000000-7e6794929000 r-xp 00000000 fc:00 35407401                   /home/henriqueramos_qs/meta-learning-concept-drift/.venv/lib/python3.12/site-packages/cusparselt/lib/libcusparseLt.so.0
7e6794929000-7e6794b29000 ---p 0d929000 fc:00 35407401                   /home/henriqueramos_qs/meta-learning-concept-drift/.venv/lib/python3.12/site-packages/cusparselt/lib/libcusparseLt.so.0
7e6794b29000-7e6794b56000 r--p 0d929000 fc:00 35407401                   /home/henriqueramos_qs/meta-learning-concept-drift/.venv/lib/python3.12/site-packages/cusparselt/lib/libcusparseLt.so.0
7e6794b56000-7e6794b5f000 rw-p 0d956000 fc:00 35407401                   /home/henriqueramos_qs/meta-learning-concept-drift/.venv/lib/python3.12/site-packages/cusparselt/lib/libcusparseLt.so.0
7e6794b5f000-7e6794d4f000 rw-p 00000000 00:00 0 
7e6794d4f000-7e6795654000 rw-p 0d95f000 fc:00 35407401                   /home/henriqueramos_qs/meta-learning-concept-drift/.venv/lib/python3.12/site-packages/cusparselt/lib/libcusparseLt.so.0
7e6795700000-7e6795800000 rw-p 00000000 00:00 0 
7e6795800000-7e67965bf000 r--p 00000000 fc:00 35521563                   /home/henriqueramos_qs/meta-learning-concept-drift/.venv/lib/python3.12/site-packages/torch/lib/libtorch_cuda.so
7e67965bf000-7e679957b000 r-xp 00dbf000 fc:00 35521563                   /home/henriqueramos_qs/meta-learning-concept-drift/.venv/lib/python3.12/site-packages/torch/lib/libtorch_cuda.so
7e679957b000-7e67cde77000 r--p 03d7b000 fc:00 35521563                   /home/henriqueramos_qs/meta-learning-concept-drift/.venv/lib/python3.12/site-packages/torch/lib/libtorch_cuda.so
7e67cde77000-7e67cdeee000 r--p 38676000 fc:00 35521563                   /home/henriqueramos_qs/meta-learning-concept-drift/.venv/lib/python3.12/site-packages/torch/lib/libtorch_cuda.so
7e67cdeee000-7e67cdf10000 rw-p 386ed000 fc:00 35521563                   /home/henriqueramos_qs/meta-learning-concept-drift/.venv/lib/python3.12/site-packages/torch/lib/libtorch_cuda.so
7e67cdf10000-7e67cec5b000 rw-p 00000000 00:00 0 
7e67cec5b000-7e67cf73c000 rw-p 3a024000 fc:00 35521563                   /home/henriqueramos_qs/meta-learning-concept-drift/.venv/lib/python3.12/site-packages/torch/lib/libtorch_cuda.so
7e67cf800000-7e67d0629000 r--p 00000000 fc:00 35521562                   /home/henriqueramos_qs/meta-learning-concept-drift/.venv/lib/python3.12/site-packages/torch/lib/libtorch_cpu.so
7e67d0629000-7e67e03d8000 r-xp 00e29000 fc:00 35521562                   /home/henriqueramos_qs/meta-learning-concept-drift/.venv/lib/python3.12/site-packages/torch/lib/libtorch_cpu.so
7e67e03d8000-7e67e2d40000 r--p 10bd8000 fc:00 35521562                   /home/henriqueramos_qs/meta-learning-concept-drift/.venv/lib/python3.12/site-packages/torch/lib/libtorch_cpu.so
7e67e2d40000-7e67e2f9c000 r--p 1353f000 fc:00 35521562                   /home/henriqueramos_qs/meta-learning-concept-drift/.venv/lib/python3.12/site-packages/torch/lib/libtorch_cpu.so
7e67e2f9c000-7e67e3006000 rw-p 1379b000 fc:00 35521562                   /home/henriqueramos_qs/meta-learning-concept-drift/.venv/lib/python3.12/site-packages/torch/lib/libtorch_cpu.so
7e67e3006000-7e67e3110000 rw-p 00000000 00:00 0 
7e67e3110000-7e67e3629000 rw-p 18d85000 fc:00 35521562                   /home/henriqueramos_qs/meta-learning-concept-drift/.venv/lib/python3.12/site-packages/torch/lib/libtorch_cpu.so
7e67e3700000-7e67e3800000 rw-p 00000000 00:00 0 
7e67e3800000-7e67e397b000 r--p 00000000 fc:00 35521566                   /home/henriqueramos_qs/meta-learning-concept-drift/.venv/lib/python3.12/site-packages/torch/lib/libtorch_python.so
7e67e397b000-7e67e451e000 r-xp 0017b000 fc:00 35521566                   /home/henriqueramos_qs/meta-learning-concept-drift/.venv/lib/python3.12/site-packages/torch/lib/libtorch_python.so
7e67e451e000-7e67e4902000 r--p 00d1e000 fc:00 35521566                   /home/henriqueramos_qs/meta-learning-concept-drift/.venv/lib/python3.12/site-packages/torch/lib/libtorch_python.so
7e67e4902000-7e67e4923000 r--p 01101000 fc:00 35521566                   /home/henriqueramos_qs/meta-learning-concept-drift/.venv/lib/python3.12/site-packages/torch/lib/libtorch_python.so
7e67e4923000-7e67e4981000 rw-p 01122000 fc:00 35521566                   /home/henriqueramos_qs/meta-learning-concept-drift/.venv/lib/python3.12/site-packages/torch/lib/libtorch_python.so
7e67e4981000-7e67e49f7000 rw-p 00000000 00:00 0 
7e67e49f7000-7e67e4a85000 rw-p 018f0000 fc:00 35521566                   /home/henriqueramos_qs/meta-learning-concept-drift/.venv/lib/python3.12/site-packages/torch/lib/libtorch_python.so
7e67e4b00000-7e67e4c00000 rw-p 00000000 00:00 0 
7e67e4c00000-7e67e7677000 r-xp 00000000 fc:00 35412082                   /home/henriqueramos_qs/meta-learning-concept-drift/.venv/lib/python3.12/site-packages/nvidia/nvjitlink/lib/libnvJitLink.so.12
7e67e7677000-7e67e7877000 ---p 02a77000 fc:00 35412082                   /home/henriqueramos_qs/meta-learning-concept-drift/.venv/lib/python3.12/site-packages/nvidia/nvjitlink/lib/libnvJitLink.so.12
7e67e7877000-7e67e7da2000 r--p 02a77000 fc:00 35412082                   /home/henriqueramos_qs/meta-learning-concept-drift/.venv/lib/python3.12/site-packages/nvidia/nvjitlink/lib/libnvJitLink.so.12
7e67e7da2000-7e67e7e15000 rw-p 02fa2000 fc:00 35412082                   /home/henriqueramos_qs/meta-learning-concept-drift/.venv/lib/python3.12/site-packages/nvidia/nvjitlink/lib/libnvJitLink.so.12
7e67e7e15000-7e67e7e89000 rw-p 00000000 00:00 0 
7e67e7f00000-7e67e8000000 rw-p 00000000 00:00 0 
7e67e8000000-7e67eb0ef000 r-xp 00000000 fc:00 35412297                   /home/henriqueramos_qs/meta-learning-concept-drift/.venv/lib/python3.12/site-packages/nvidia/cuda_nvrtc/lib/libnvrtc.so.12
7e67eb0ef000-7e67eb2ee000 ---p 030ef000 fc:00 35412297                   /home/henriqueramos_qs/meta-learning-concept-drift/.venv/lib/python3.12/site-packages/nvidia/cuda_nvrtc/lib/libnvrtc.so.12
7e67eb2ee000-7e67eb877000 r--p 030ee000 fc:00 35412297                   /home/henriqueramos_qs/meta-learning-concept-drift/.venv/lib/python3.12/site-packages/nvidia/cuda_nvrtc/lib/libnvrtc.so.12
7e67eb877000-7e67eb95e000 rw-p 03677000 fc:00 35412297                   /home/henriqueramos_qs/meta-learning-concept-drift/.venv/lib/python3.12/site-packages/nvidia/cuda_nvrtc/lib/libnvrtc.so.12
7e67eb95e000-7e67ebc3a000 rw-p 00000000 00:00 0 
7e67ebc3a000-7e67ebe00000 ---p 03c3a000 fc:00 35412297                   /home/henriqueramos_qs/meta-learning-concept-drift/.venv/lib/python3.12/site-packages/nvidia/cuda_nvrtc/lib/libnvrtc.so.12
7e67ebe00000-7e67ebe02000 rw-p 03800000 fc:00 35412297                   /home/henriqueramos_qs/meta-learning-concept-drift/.venv/lib/python3.12/site-packages/nvidia/cuda_nvrtc/lib/libnvrtc.so.12
7e67ebf00000-7e67ecd5c000 rw-p 00000000 00:00 0 
7e67ecd5c000-7e67f0000000 ---p 00000000 00:00 0 
7e67f0000000-7e67f0292000 rw-p 00000000 00:00 0 
7e67f0292000-7e67f4000000 ---p 00000000 00:00 0 
7e67f4000000-7e67f4178000 rw-p 00000000 00:00 0 
7e67f4178000-7e67f8000000 ---p 00000000 00:00 0 
7e67f8000000-7e67f81a2000 rw-p 00000000 00:00 0 
7e67f81a2000-7e67fc000000 ---p 00000000 00:00 0 
7e67fc000000-7e67fc021000 rw-p 00000000 00:00 0 
7e67fc021000-7e6800000000 ---p 00000000 00:00 0 
7e6800000000-7e6802393000 rw-p 00000000 00:00 0 
7e6802393000-7e6804000000 ---p 00000000 00:00 0 
7e6804000000-7e6804021000 rw-p 00000000 00:00 0 
7e6804021000-7e6808000000 ---p 00000000 00:00 0 
7e6808000000-7e6808021000 rw-p 00000000 00:00 0 
7e6808021000-7e680c000000 ---p 00000000 00:00 0 
7e680c000000-7e680c021000 rw-p 00000000 00:00 0 
7e680c021000-7e6810000000 ---p 00000000 00:00 0 
7e6810000000-7e6810021000 rw-p 00000000 00:00 0 
7e6810021000-7e6814000000 ---p 00000000 00:00 0 
7e6814000000-7e6814b42000 rw-p 00000000 00:00 0 
7e6814b42000-7e6818000000 ---p 00000000 00:00 0 
7e6818000000-7e6818021000 rw-p 00000000 00:00 0 
7e6818021000-7e681c000000 ---p 00000000 00:00 0 
7e681c000000-7e681c179000 rw-p 00000000 00:00 0 
7e681c179000-7e6820000000 ---p 00000000 00:00 0 
7e6820000000-7e68209b5000 rw-p 00000000 00:00 0 
7e68209b5000-7e6824000000 ---p 00000000 00:00 0 
7e6824000000-7e68241bd000 rw-p 00000000 00:00 0 
7e68241bd000-7e6828000000 ---p 00000000 00:00 0 
7e6828000000-7e682819d000 rw-p 00000000 00:00 0 
7e682819d000-7e682c000000 ---p 00000000 00:00 0 
7e682c000000-7e682c021000 rw-p 00000000 00:00 0 
7e682c021000-7e6830000000 ---p 00000000 00:00 0 
7e6830000000-7e6830021000 rw-p 00000000 00:00 0 
7e6830021000-7e6834000000 ---p 00000000 00:00 0 
7e6834000000-7e6834eb6000 rw-p 00000000 00:00 0 
7e6834eb6000-7e6838000000 ---p 00000000 00:00 0 
7e6838000000-7e68381c1000 rw-p 00000000 00:00 0 
7e68381c1000-7e683c000000 ---p 00000000 00:00 0 
7e683c000000-7e683c021000 rw-p 00000000 00:00 0 
7e683c021000-7e6840000000 ---p 00000000 00:00 0 
7e6840000000-7e6840021000 rw-p 00000000 00:00 0 
7e6840021000-7e6844000000 ---p 00000000 00:00 0 
7e6844000000-7e6844400000 rw-p 00000000 00:00 0 
7e6844400000-7e684441e000 r-xp 00000000 fc:00 35414362                   /home/henriqueramos_qs/meta-learning-concept-drift/.venv/lib/python3.12/site-packages/nvidia/cudnn/lib/libcudnn.so.9
7e684441e000-7e684461d000 ---p 0001e000 fc:00 35414362                   /home/henriqueramos_qs/meta-learning-concept-drift/.venv/lib/python3.12/site-packages/nvidia/cudnn/lib/libcudnn.so.9
7e684461d000-7e684461e000 r--p 0001d000 fc:00 35414362                   /home/henriqueramos_qs/meta-learning-concept-drift/.venv/lib/python3.12/site-packages/nvidia/cudnn/lib/libcudnn.so.9
7e684461e000-7e684461f000 rw-p 0001e000 fc:00 35414362                   /home/henriqueramos_qs/meta-learning-concept-drift/.venv/lib/python3.12/site-packages/nvidia/cudnn/lib/libcudnn.so.9
7e6844700000-7e6844800000 rw-p 00000000 00:00 0 
7e6844800000-7e68448a9000 r-xp 00000000 fc:00 35412275                   /home/henriqueramos_qs/meta-learning-concept-drift/.venv/lib/python3.12/site-packages/nvidia/cuda_runtime/lib/libcudart.so.12
7e68448a9000-7e6844aa9000 ---p 000a9000 fc:00 35412275                   /home/henriqueramos_qs/meta-learning-concept-drift/.venv/lib/python3.12/site-packages/nvidia/cuda_runtime/lib/libcudart.so.12
7e6844aa9000-7e6844aae000 r--p 000a9000 fc:00 35412275                   /home/henriqueramos_qs/meta-learning-concept-drift/.venv/lib/python3.12/site-packages/nvidia/cuda_runtime/lib/libcudart.so.12
7e6844aae000-7e6844aaf000 rw-p 000ae000 fc:00 35412275                   /home/henriqueramos_qs/meta-learning-concept-drift/.venv/lib/python3.12/site-packages/nvidia/cuda_runtime/lib/libcudart.so.12
7e6844aaf000-7e6844ab1000 rw-p 00000000 00:00 0 
7e6844b45000-7e6844b6c000 r--p 00000000 fc:00 35521556                   /home/henriqueramos_qs/meta-learning-concept-drift/.venv/lib/python3.12/site-packages/torch/lib/libc10.so
7e6844b6c000-7e6844c14000 r-xp 00027000 fc:00 35521556                   /home/henriqueramos_qs/meta-learning-concept-drift/.venv/lib/python3.12/site-packages/torch/lib/libc10.so
7e6844c14000-7e6844c47000 r--p 000cf000 fc:00 35521556                   /home/henriqueramos_qs/meta-learning-concept-drift/.venv/lib/python3.12/site-packages/torch/lib/libc10.so
7e6844c47000-7e6844c4a000 r--p 00101000 fc:00 35521556                   /home/henriqueramos_qs/meta-learning-concept-drift/.venv/lib/python3.12/site-packages/torch/lib/libc10.so
7e6844c4a000-7e6844c51000 rw-p 00104000 fc:00 35521556                   /home/henriqueramos_qs/meta-learning-concept-drift/.venv/lib/python3.12/site-packages/torch/lib/libc10.so
7e6844c51000-7e6844c53000 rw-p 00000000 00:00 0 
7e6844c53000-7e6844c67000 rw-p 0014c000 fc:00 35521556                   /home/henriqueramos_qs/meta-learning-concept-drift/.venv/lib/python3.12/site-packages/torch/lib/libc10.so
7e6844c67000-7e6844ffd000 rw-p 00000000 00:00 0 
7e6844ffd000-7e6845001000 ---p 00000000 00:00 0 
7e6845001000-7e68450fd000 rw-p 00000000 00:00 0 
7e68450fd000-7e6845101000 ---p 00000000 00:00 0 
7e6845101000-7e68451fd000 rw-p 00000000 00:00 0 
7e68451fd000-7e6845201000 ---p 00000000 00:00 0 
7e6845201000-7e68452fd000 rw-p 00000000 00:00 0 
7e68452fd000-7e6845301000 ---p 00000000 00:00 0 
7e6845301000-7e68453fd000 rw-p 00000000 00:00 0 
7e68453fd000-7e6845401000 ---p 00000000 00:00 0 
7e6845401000-7e68454fd000 rw-p 00000000 00:00 0 
7e68454fd000-7e68454fe000 ---p 00000000 00:00 0 
7e68454fe000-7e68455fe000 rw-p 00000000 00:00 0 
7e68455fe000-7e68455ff000 ---p 00000000 00:00 0 
7e68455ff000-7e68456ff000 rw-p 00000000 00:00 0 
7e68456ff000-7e6845700000 ---p 00000000 00:00 0 
7e6845700000-7e6845800000 rw-p 00000000 00:00 0 
7e6845800000-7e6845804000 ---p 00000000 00:00 0 
7e6845804000-7e6846200000 rw-p 00000000 00:00 0 
7e6846200000-7e6846204000 ---p 00000000 00:00 0 
7e6846204000-7e6846c00000 rw-p 00000000 00:00 0 
7e6846c00000-7e6846c04000 ---p 00000000 00:00 0 
7e6846c04000-7e6847600000 rw-p 00000000 00:00 0 
7e6847600000-7e6847604000 ---p 00000000 00:00 0 
7e6847604000-7e6848000000 rw-p 00000000 00:00 0 
7e6848000000-7e6848021000 rw-p 00000000 00:00 0 
7e6848021000-7e684c000000 ---p 00000000 00:00 0 
7e684c000000-7e684c021000 rw-p 00000000 00:00 0 
7e684c021000-7e6850000000 ---p 00000000 00:00 0 
7e6850000000-7e6850a2e000 rw-p 00000000 00:00 0 
7e6850a2e000-7e6854000000 ---p 00000000 00:00 0 
7e6854000000-7e6854021000 rw-p 00000000 00:00 0 
7e6854021000-7e6858000000 ---p 00000000 00:00 0 
7e6858000000-7e6858260000 rw-p 00000000 00:00 0 
7e6858260000-7e6858400000 ---p 00000000 00:00 0 
7e6858400000-7e6858520000 rw-p 00000000 00:00 0 
7e6858520000-7e685c000000 ---p 00000000 00:00 0 
7e685c000000-7e685c021000 rw-p 00000000 00:00 0 
7e685c021000-7e6860000000 ---p 00000000 00:00 0 
7e68600fe000-7e68600ff000 ---p 00000000 00:00 0 
7e68600ff000-7e68601ff000 rw-p 00000000 00:00 0 
7e68601ff000-7e6860200000 ---p 00000000 00:00 0 
7e6860200000-7e6860300000 rw-p 00000000 00:00 0 
7e6860300000-7e6860304000 ---p 00000000 00:00 0 
7e6860304000-7e6860400000 rw-p 00000000 00:00 0 
7e6860400000-7e6860404000 ---p 00000000 00:00 0 
7e6860404000-7e6860500000 rw-p 00000000 00:00 0 
7e6860500000-7e6860504000 ---p 00000000 00:00 0 
7e6860504000-7e6860600000 rw-p 00000000 00:00 0 
7e6860600000-7e6860604000 ---p 00000000 00:00 0 
7e6860604000-7e6860700000 rw-p 00000000 00:00 0 
7e6860700000-7e6860704000 ---p 00000000 00:00 0 
7e6860704000-7e6860800000 rw-p 00000000 00:00 0 
7e6860800000-7e6860804000 ---p 00000000 00:00 0 
7e6860804000-7e6861200000 rw-p 00000000 00:00 0 
7e6861200000-7e6861204000 ---p 00000000 00:00 0 
7e6861204000-7e6861c00000 rw-p 00000000 00:00 0 
7e6861c00000-7e6861c04000 ---p 00000000 00:00 0 
7e6861c04000-7e6862600000 rw-p 00000000 00:00 0 
7e6862600000-7e6862604000 ---p 00000000 00:00 0 
7e6862604000-7e6863000000 rw-p 00000000 00:00 0 
7e6863000000-7e6863ca0000 rw-p 00001000 08:05 8922105                    /usr/lib/jvm/java-21-openjdk-amd64/lib/server/classes.jsa
7e6863ca0000-7e6864000000 ---p 00000000 00:00 0 
7e6864000000-7e6864030000 rw-p 00000000 00:00 0 
7e6864030000-7e6864040000 ---p 00000000 00:00 0 
7e6864040000-7e6864080000 rw-p 00000000 00:00 0 
7e6864080000-7e68a4000000 ---p 00000000 00:00 0 
7e68a4000000-7e68a4021000 rw-p 00000000 00:00 0 
7e68a4021000-7e68a8000000 ---p 00000000 00:00 0 
7e68a8000000-7e68a8021000 rw-p 00000000 00:00 0 
7e68a8021000-7e68ac000000 ---p 00000000 00:00 0 
7e68ac000000-7e68ac021000 rw-p 00000000 00:00 0 
7e68ac021000-7e68b0000000 ---p 00000000 00:00 0 
7e68b0000000-7e68b0021000 rw-p 00000000 00:00 0 
7e68b0021000-7e68b4000000 ---p 00000000 00:00 0 
7e68b4000000-7e68b4021000 rw-p 00000000 00:00 0 
7e68b4021000-7e68b8000000 ---p 00000000 00:00 0 
7e68b804c000-7e68b805b000 r--p 00000000 fc:00 35521557                   /home/henriqueramos_qs/meta-learning-concept-drift/.venv/lib/python3.12/site-packages/torch/lib/libc10_cuda.so
7e68b805b000-7e68b80b6000 r-xp 0000f000 fc:00 35521557                   /home/henriqueramos_qs/meta-learning-concept-drift/.venv/lib/python3.12/site-packages/torch/lib/libc10_cuda.so
7e68b80b6000-7e68b80cc000 r--p 0006a000 fc:00 35521557                   /home/henriqueramos_qs/meta-learning-concept-drift/.venv/lib/python3.12/site-packages/torch/lib/libc10_cuda.so
7e68b80cc000-7e68b80cd000 ---p 00080000 fc:00 35521557                   /home/henriqueramos_qs/meta-learning-concept-drift/.venv/lib/python3.12/site-packages/torch/lib/libc10_cuda.so
7e68b80cd000-7e68b80ce000 r--p 00080000 fc:00 35521557                   /home/henriqueramos_qs/meta-learning-concept-drift/.venv/lib/python3.12/site-packages/torch/lib/libc10_cuda.so
7e68b80ce000-7e68b80cf000 rw-p 00081000 fc:00 35521557                   /home/henriqueramos_qs/meta-learning-concept-drift/.venv/lib/python3.12/site-packages/torch/lib/libc10_cuda.so
7e68b80cf000-7e68b80f5000 rw-p 00000000 00:00 0 
7e68b80f5000-7e68b80fd000 rw-p 000a3000 fc:00 35521557                   /home/henriqueramos_qs/meta-learning-concept-drift/.venv/lib/python3.12/site-packages/torch/lib/libc10_cuda.so
7e68b80fd000-7e68b8101000 ---p 00000000 00:00 0 
7e68b8101000-7e68b81fd000 rw-p 00000000 00:00 0 
7e68b81fd000-7e68b8201000 ---p 00000000 00:00 0 
7e68b8201000-7e68b82fd000 rw-p 00000000 00:00 0 
7e68b82fd000-7e68b82fe000 ---p 00000000 00:00 0 
7e68b82fe000-7e68b83fe000 rw-p 00000000 00:00 0 
7e68b83fe000-7e68b83ff000 ---p 00000000 00:00 0 
7e68b83ff000-7e68b84ff000 rw-p 00000000 00:00 0 
7e68b84ff000-7e68b8500000 ---p 00000000 00:00 0 
7e68b8500000-7e68b8600000 rw-p 00000000 00:00 0 
7e68b8600000-7e68ba600000 rw-p 00000000 00:00 0 
7e68ba61f000-7e68ba629000 r--p 00000000 fc:00 34870893                   /home/henriqueramos_qs/meta-learning-concept-drift/.venv/lib/python3.12/site-packages/matplotlib/backends/_backend_agg.cpython-312-x86_64-linux-gnu.so
7e68ba629000-7e68ba66c000 r-xp 0000a000 fc:00 34870893                   /home/henriqueramos_qs/meta-learning-concept-drift/.venv/lib/python3.12/site-packages/matplotlib/backends/_backend_agg.cpython-312-x86_64-linux-gnu.so
7e68ba66c000-7e68ba674000 r--p 0004d000 fc:00 34870893                   /home/henriqueramos_qs/meta-learning-concept-drift/.venv/lib/python3.12/site-packages/matplotlib/backends/_backend_agg.cpython-312-x86_64-linux-gnu.so
7e68ba674000-7e68ba675000 r--p 00054000 fc:00 34870893                   /home/henriqueramos_qs/meta-learning-concept-drift/.venv/lib/python3.12/site-packages/matplotlib/backends/_backend_agg.cpython-312-x86_64-linux-gnu.so
7e68ba675000-7e68ba676000 rw-p 00055000 fc:00 34870893                   /home/henriqueramos_qs/meta-learning-concept-drift/.venv/lib/python3.12/site-packages/matplotlib/backends/_backend_agg.cpython-312-x86_64-linux-gnu.so
7e68ba676000-7e68ba677000 rw-p 00000000 00:00 0 
7e68ba677000-7e68ba678000 ---p 00000000 00:00 0 
7e68ba678000-7e68ba778000 rw-p 00000000 00:00 0 
7e68ba778000-7e68ba779000 ---p 00000000 00:00 0 
7e68ba779000-7e68ba879000 rw-p 00000000 00:00 0 
7e68ba879000-7e68ba87a000 ---p 00000000 00:00 0 
7e68ba87a000-7e68ba97a000 rw-p 00000000 00:00 0 
7e68ba97a000-7e68ba97b000 ---p 00000000 00:00 0 
7e68ba97b000-7e68baa7b000 rw-p 00000000 00:00 0 
7e68baa7b000-7e68baf40000 rw-p 00000000 00:00 0 
7e68baf40000-7e68c2e00000 ---p 00000000 00:00 0 
7e68c2e00000-7e68c2e28000 rw-p 00000000 00:00 0 
7e68c2e28000-7e68c3e00000 ---p 00000000 00:00 0 
7e68c3e00000-7e68c3e28000 rw-p 00000000 00:00 0 
7e68c3e28000-7e68c4e00000 ---p 00000000 00:00 0 
7e68c4e00000-7e68c5070000 rwxp 00000000 00:00 0 
7e68c5070000-7e68cc1cf000 ---p 00000000 00:00 0 
7e68cc1cf000-7e68cc62f000 rwxp 00000000 00:00 0 
7e68cc62f000-7e68cca30000 ---p 00000000 00:00 0 
7e68cca30000-7e68ccca0000 rwxp 00000000 00:00 0 
7e68ccca0000-7e68d3e00000 ---p 00000000 00:00 0 
7e68d3e00000-7e68dc42a000 r--s 00000000 08:05 8922104                    /usr/lib/jvm/java-21-openjdk-amd64/lib/modules
7e68dc447000-7e68dc44c000 r--p 00000000 08:05 8922088                    /usr/lib/jvm/java-21-openjdk-amd64/lib/libjsvml.so
7e68dc44c000-7e68dc48d000 r-xp 00005000 08:05 8922088                    /usr/lib/jvm/java-21-openjdk-amd64/lib/libjsvml.so
7e68dc48d000-7e68dc516000 r--p 00046000 08:05 8922088                    /usr/lib/jvm/java-21-openjdk-amd64/lib/libjsvml.so
7e68dc516000-7e68dc517000 r--p 000ce000 08:05 8922088                    /usr/lib/jvm/java-21-openjdk-amd64/lib/libjsvml.so
7e68dc517000-7e68dc518000 rw-p 000cf000 08:05 8922088                    /usr/lib/jvm/java-21-openjdk-amd64/lib/libjsvml.so
7e68dc518000-7e68dc51d000 rw-p 00000000 00:00 0 
7e68dc51d000-7e68dc600000 ---p 00000000 00:00 0 
7e68dc600000-7e68dc8a2000 r--p 00000000 08:05 8922108                    /usr/lib/jvm/java-21-openjdk-amd64/lib/server/libjvm.so
7e68dc8a2000-7e68dd717000 r-xp 002a2000 08:05 8922108                    /usr/lib/jvm/java-21-openjdk-amd64/lib/server/libjvm.so
7e68dd717000-7e68dd9f1000 r--p 01117000 08:05 8922108                    /usr/lib/jvm/java-21-openjdk-amd64/lib/server/libjvm.so
7e68dd9f1000-7e68ddac5000 r--p 013f0000 08:05 8922108                    /usr/lib/jvm/java-21-openjdk-amd64/lib/server/libjvm.so
7e68ddac5000-7e68ddaf5000 rw-p 014c4000 08:05 8922108                    /usr/lib/jvm/java-21-openjdk-amd64/lib/server/libjvm.so
7e68ddaf5000-7e68ddb5b000 rw-p 00000000 00:00 0 
7e68ddba9000-7e68ddbb1000 r--p 00000000 fc:00 35521561                   /home/henriqueramos_qs/meta-learning-concept-drift/.venv/lib/python3.12/site-packages/torch/lib/libtorch.so
7e68ddbb1000-7e68ddbcd000 r-xp 00008000 fc:00 35521561                   /home/henriqueramos_qs/meta-learning-concept-drift/.venv/lib/python3.12/site-packages/torch/lib/libtorch.so
7e68ddbcd000-7e68ddbd5000 r--p 00024000 fc:00 35521561                   /home/henriqueramos_qs/meta-learning-concept-drift/.venv/lib/python3.12/site-packages/torch/lib/libtorch.so
7e68ddbd5000-7e68ddbd6000 ---p 0002c000 fc:00 35521561                   /home/henriqueramos_qs/meta-learning-concept-drift/.venv/lib/python3.12/site-packages/torch/lib/libtorch.so
7e68ddbd6000-7e68ddbd7000 r--p 0002c000 fc:00 35521561                   /home/henriqueramos_qs/meta-learning-concept-drift/.venv/lib/python3.12/site-packages/torch/lib/libtorch.so
7e68ddbd7000-7e68ddbd8000 rw-p 0002d000 fc:00 35521561                   /home/henriqueramos_qs/meta-learning-concept-drift/.venv/lib/python3.12/site-packages/torch/lib/libtorch.so
7e68ddbd8000-7e68ddbdd000 rw-p 0003b000 fc:00 35521561                   /home/henriqueramos_qs/meta-learning-concept-drift/.venv/lib/python3.12/site-packages/torch/lib/libtorch.so
7e68ddbdd000-7e68ddbe4000 r--p 00000000 08:05 8922096                    /usr/lib/jvm/java-21-openjdk-amd64/lib/libnio.so
7e68ddbe4000-7e68ddbed000 r-xp 00007000 08:05 8922096                    /usr/lib/jvm/java-21-openjdk-amd64/lib/libnio.so
7e68ddbed000-7e68ddbf1000 r--p 00010000 08:05 8922096                    /usr/lib/jvm/java-21-openjdk-amd64/lib/libnio.so
7e68ddbf1000-7e68ddbf2000 r--p 00014000 08:05 8922096                    /usr/lib/jvm/java-21-openjdk-amd64/lib/libnio.so
7e68ddbf2000-7e68ddbf3000 rw-p 00015000 08:05 8922096                    /usr/lib/jvm/java-21-openjdk-amd64/lib/libnio.so
7e68ddbf3000-7e68ddbf8000 rw-p 00000000 00:00 0 
7e68ddbf8000-7e68ddcdb000 ---p 00000000 00:00 0 
7e68ddcdb000-7e68ddce4000 rw-p 00000000 00:00 0 
7e68ddce4000-7e68ddcec000 ---p 00000000 00:00 0 
7e68ddcec000-7e68ddcf9000 r--p 00000000 08:05 8922081                    /usr/lib/jvm/java-21-openjdk-amd64/lib/libjava.so
7e68ddcf9000-7e68ddd08000 r-xp 0000d000 08:05 8922081                    /usr/lib/jvm/java-21-openjdk-amd64/lib/libjava.so
7e68ddd08000-7e68ddd0d000 r--p 0001c000 08:05 8922081                    /usr/lib/jvm/java-21-openjdk-amd64/lib/libjava.so
7e68ddd0d000-7e68ddd0e000 r--p 00021000 08:05 8922081                    /usr/lib/jvm/java-21-openjdk-amd64/lib/libjava.so
7e68ddd0e000-7e68ddd0f000 rw-p 00022000 08:05 8922081                    /usr/lib/jvm/java-21-openjdk-amd64/lib/libjava.so
7e68ddd0f000-7e68dde10000 rw-p 00000000 00:00 0 
7e68dde10000-7e68dde4b000 r--p 00000000 fc:00 34899781                   /home/henriqueramos_qs/meta-learning-concept-drift/.venv/lib/python3.12/site-packages/_jpype.cpython-312-x86_64-linux-gnu.so
7e68dde4b000-7e68dde9f000 r-xp 0003b000 fc:00 34899781                   /home/henriqueramos_qs/meta-learning-concept-drift/.venv/lib/python3.12/site-packages/_jpype.cpython-312-x86_64-linux-gnu.so
7e68dde9f000-7e68ddec7000 r--p 0008f000 fc:00 34899781                   /home/henriqueramos_qs/meta-learning-concept-drift/.venv/lib/python3.12/site-packages/_jpype.cpython-312-x86_64-linux-gnu.so
7e68ddec7000-7e68ddec8000 ---p 000b7000 fc:00 34899781                   /home/henriqueramos_qs/meta-learning-concept-drift/.venv/lib/python3.12/site-packages/_jpype.cpython-312-x86_64-linux-gnu.so
7e68ddec8000-7e68ddecc000 r--p 000b7000 fc:00 34899781                   /home/henriqueramos_qs/meta-learning-concept-drift/.venv/lib/python3.12/site-packages/_jpype.cpython-312-x86_64-linux-gnu.so
7e68ddecc000-7e68dded0000 rw-p 000bb000 fc:00 34899781                   /home/henriqueramos_qs/meta-learning-concept-drift/.venv/lib/python3.12/site-packages/_jpype.cpython-312-x86_64-linux-gnu.so
7e68dded0000-7e68ddfd0000 rw-p 00000000 00:00 0 
7e68ddfd0000-7e68ddfd5000 r--p 00000000 fc:00 34868728                   /home/henriqueramos_qs/meta-learning-concept-drift/.venv/lib/python3.12/site-packages/scipy/cluster/_optimal_leaf_ordering.cpython-312-x86_64-linux-gnu.so
7e68ddfd5000-7e68de011000 r-xp 00005000 fc:00 34868728                   /home/henriqueramos_qs/meta-learning-concept-drift/.venv/lib/python3.12/site-packages/scipy/cluster/_optimal_leaf_ordering.cpython-312-x86_64-linux-gnu.so
7e68de011000-7e68de01a000 r--p 00041000 fc:00 34868728                   /home/henriqueramos_qs/meta-learning-concept-drift/.venv/lib/python3.12/site-packages/scipy/cluster/_optimal_leaf_ordering.cpython-312-x86_64-linux-gnu.so
7e68de01a000-7e68de01b000 r--p 00049000 fc:00 34868728                   /home/henriqueramos_qs/meta-learning-concept-drift/.venv/lib/python3.12/site-packages/scipy/cluster/_optimal_leaf_ordering.cpython-312-x86_64-linux-gnu.so
7e68de01b000-7e68de01d000 rw-p 0004a000 fc:00 34868728                   /home/henriqueramos_qs/meta-learning-concept-drift/.venv/lib/python3.12/site-packages/scipy/cluster/_optimal_leaf_ordering.cpython-312-x86_64-linux-gnu.so
7e68de01d000-7e68de01e000 rw-p 00000000 00:00 0 
7e68de01e000-7e68de023000 r--p 00000000 fc:00 34868730                   /home/henriqueramos_qs/meta-learning-concept-drift/.venv/lib/python3.12/site-packages/scipy/cluster/_hierarchy.cpython-312-x86_64-linux-gnu.so
7e68de023000-7e68de06d000 r-xp 00005000 fc:00 34868730                   /home/henriqueramos_qs/meta-learning-concept-drift/.venv/lib/python3.12/site-packages/scipy/cluster/_hierarchy.cpython-312-x86_64-linux-gnu.so
7e68de06d000-7e68de07a000 r--p 0004f000 fc:00 34868730                   /home/henriqueramos_qs/meta-learning-concept-drift/.venv/lib/python3.12/site-packages/scipy/cluster/_hierarchy.cpython-312-x86_64-linux-gnu.so
7e68de07a000-7e68de07b000 r--p 0005b000 fc:00 34868730                   /home/henriqueramos_qs/meta-learning-concept-drift/.venv/lib/python3.12/site-packages/scipy/cluster/_hierarchy.cpython-312-x86_64-linux-gnu.so
7e68de07b000-7e68de07e000 rw-p 0005c000 fc:00 34868730                   /home/henriqueramos_qs/meta-learning-concept-drift/.venv/lib/python3.12/site-packages/scipy/cluster/_hierarchy.cpython-312-x86_64-linux-gnu.so
7e68de07e000-7e68de07f000 rw-p 00000000 00:00 0 
7e68de07f000-7e68de082000 r--p 00000000 fc:00 34868731                   /home/henriqueramos_qs/meta-learning-concept-drift/.venv/lib/python3.12/site-packages/scipy/cluster/_vq.cpython-312-x86_64-linux-gnu.so
7e68de082000-7e68de096000 r-xp 00003000 fc:00 34868731                   /home/henriqueramos_qs/meta-learning-concept-drift/.venv/lib/python3.12/site-packages/scipy/cluster/_vq.cpython-312-x86_64-linux-gnu.so
7e68de096000-7e68de09a000 r--p 00017000 fc:00 34868731                   /home/henriqueramos_qs/meta-learning-concept-drift/.venv/lib/python3.12/site-packages/scipy/cluster/_vq.cpython-312-x86_64-linux-gnu.so
7e68de09a000-7e68de09b000 r--p 0001a000 fc:00 34868731                   /home/henriqueramos_qs/meta-learning-concept-drift/.venv/lib/python3.12/site-packages/scipy/cluster/_vq.cpython-312-x86_64-linux-gnu.so
7e68de09b000-7e68de09c000 rw-p 0001b000 fc:00 34868731                   /home/henriqueramos_qs/meta-learning-concept-drift/.venv/lib/python3.12/site-packages/scipy/cluster/_vq.cpython-312-x86_64-linux-gnu.so
7e68de09c000-7e68de19c000 rw-p 00000000 00:00 0 
7e68de19c000-7e68de1a0000 r--p 00000000 fc:00 34996378                   /home/henriqueramos_qs/meta-learning-concept-drift/.venv/lib/python3.12/site-packages/river/drift/adwin_c.cpython-312-x86_64-linux-gnu.so
7e68de1a0000-7e68de1b7000 r-xp 00004000 fc:00 34996378                   /home/henriqueramos_qs/meta-learning-concept-drift/.venv/lib/python3.12/site-packages/river/drift/adwin_c.cpython-312-x86_64-linux-gnu.so
7e68de1b7000-7e68de1bc000 r--p 0001b000 fc:00 34996378                   /home/henriqueramos_qs/meta-learning-concept-drift/.venv/lib/python3.12/site-packages/river/drift/adwin_c.cpython-312-x86_64-linux-gnu.so
7e68de1bc000-7e68de1bd000 r--p 0001f000 fc:00 34996378                   /home/henriqueramos_qs/meta-learning-concept-drift/.venv/lib/python3.12/site-packages/river/drift/adwin_c.cpython-312-x86_64-linux-gnu.so
7e68de1bd000-7e68de1bf000 rw-p 00020000 fc:00 34996378                   /home/henriqueramos_qs/meta-learning-concept-drift/.venv/lib/python3.12/site-packages/river/drift/adwin_c.cpython-312-x86_64-linux-gnu.so
7e68de1bf000-7e68de7bf000 rw-p 00000000 00:00 0 
7e68de7bf000-7e68de7c8000 r--p 00000000 fc:00 35534111                   /home/henriqueramos_qs/meta-learning-concept-drift/.venv/lib/python3.12/site-packages/greenlet/_greenlet.cpython-312-x86_64-linux-gnu.so
7e68de7c8000-7e68de7d9000 r-xp 00009000 fc:00 35534111                   /home/henriqueramos_qs/meta-learning-concept-drift/.venv/lib/python3.12/site-packages/greenlet/_greenlet.cpython-312-x86_64-linux-gnu.so
7e68de7d9000-7e68de7df000 r--p 0001a000 fc:00 35534111                   /home/henriqueramos_qs/meta-learning-concept-drift/.venv/lib/python3.12/site-packages/greenlet/_greenlet.cpython-312-x86_64-linux-gnu.so
7e68de7df000-7e68de7e0000 r--p 00020000 fc:00 35534111                   /home/henriqueramos_qs/meta-learning-concept-drift/.venv/lib/python3.12/site-packages/greenlet/_greenlet.cpython-312-x86_64-linux-gnu.so
7e68de7e0000-7e68de7e1000 rw-p 00021000 fc:00 35534111                   /home/henriqueramos_qs/meta-learning-concept-drift/.venv/lib/python3.12/site-packages/greenlet/_greenlet.cpython-312-x86_64-linux-gnu.so
7e68de7e1000-7e68de7e5000 r--p 00000000 fc:00 35534473                   /home/henriqueramos_qs/meta-learning-concept-drift/.venv/lib/python3.12/site-packages/sqlalchemy/cyextension/util.cpython-312-x86_64-linux-gnu.so
7e68de7e5000-7e68de7f6000 r-xp 00004000 fc:00 35534473                   /home/henriqueramos_qs/meta-learning-concept-drift/.venv/lib/python3.12/site-packages/sqlalchemy/cyextension/util.cpython-312-x86_64-linux-gnu.so
7e68de7f6000-7e68de7fa000 r--p 00015000 fc:00 35534473                   /home/henriqueramos_qs/meta-learning-concept-drift/.venv/lib/python3.12/site-packages/sqlalchemy/cyextension/util.cpython-312-x86_64-linux-gnu.so
7e68de7fa000-7e68de7fb000 r--p 00018000 fc:00 35534473                   /home/henriqueramos_qs/meta-learning-concept-drift/.venv/lib/python3.12/site-packages/sqlalchemy/cyextension/util.cpython-312-x86_64-linux-gnu.so
7e68de7fb000-7e68de7fc000 rw-p 00019000 fc:00 35534473                   /home/henriqueramos_qs/meta-learning-concept-drift/.venv/lib/python3.12/site-packages/sqlalchemy/cyextension/util.cpython-312-x86_64-linux-gnu.so
7e68de7fc000-7e68de7fd000 rw-p 00000000 00:00 0 
7e68de7fd000-7e68de801000 r--p 00000000 fc:00 35534469                   /home/henriqueramos_qs/meta-learning-concept-drift/.venv/lib/python3.12/site-packages/sqlalchemy/cyextension/resultproxy.cpython-312-x86_64-linux-gnu.so
7e68de801000-7e68de80c000 r-xp 00004000 fc:00 35534469                   /home/henriqueramos_qs/meta-learning-concept-drift/.venv/lib/python3.12/site-packages/sqlalchemy/cyextension/resultproxy.cpython-312-x86_64-linux-gnu.so
7e68de80c000-7e68de80f000 r--p 0000f000 fc:00 35534469                   /home/henriqueramos_qs/meta-learning-concept-drift/.venv/lib/python3.12/site-packages/sqlalchemy/cyextension/resultproxy.cpython-312-x86_64-linux-gnu.so
7e68de80f000-7e68de810000 ---p 00012000 fc:00 35534469                   /home/henriqueramos_qs/meta-learning-concept-drift/.venv/lib/python3.12/site-packages/sqlalchemy/cyextension/resultproxy.cpython-312-x86_64-linux-gnu.so
7e68de810000-7e68de811000 r--p 00012000 fc:00 35534469                   /home/henriqueramos_qs/meta-learning-concept-drift/.venv/lib/python3.12/site-packages/sqlalchemy/cyextension/resultproxy.cpython-312-x86_64-linux-gnu.so
7e68de811000-7e68de812000 rw-p 00013000 fc:00 35534469                   /home/henriqueramos_qs/meta-learning-concept-drift/.venv/lib/python3.12/site-packages/sqlalchemy/cyextension/resultproxy.cpython-312-x86_64-linux-gnu.so
7e68de812000-7e68de813000 rw-p 00000000 00:00 0 
7e68de813000-7e68de817000 r--p 00000000 fc:00 35534467                   /home/henriqueramos_qs/meta-learning-concept-drift/.venv/lib/python3.12/site-packages/sqlalchemy/cyextension/processors.cpython-312-x86_64-linux-gnu.so
7e68de817000-7e68de822000 r-xp 00004000 fc:00 35534467                   /home/henriqueramos_qs/meta-learning-concept-drift/.venv/lib/python3.12/site-packages/sqlalchemy/cyextension/processors.cpython-312-x86_64-linux-gnu.so
7e68de822000-7e68de825000 r--p 0000f000 fc:00 35534467                   /home/henriqueramos_qs/meta-learning-concept-drift/.venv/lib/python3.12/site-packages/sqlalchemy/cyextension/processors.cpython-312-x86_64-linux-gnu.so
7e68de825000-7e68de826000 r--p 00011000 fc:00 35534467                   /home/henriqueramos_qs/meta-learning-concept-drift/.venv/lib/python3.12/site-packages/sqlalchemy/cyextension/processors.cpython-312-x86_64-linux-gnu.so
7e68de826000-7e68de827000 rw-p 00012000 fc:00 35534467                   /home/henriqueramos_qs/meta-learning-concept-drift/.venv/lib/python3.12/site-packages/sqlalchemy/cyextension/processors.cpython-312-x86_64-linux-gnu.so
7e68de827000-7e68de828000 rw-p 00000000 00:00 0 
7e68de828000-7e68de82c000 r--p 00000000 fc:00 35534472                   /home/henriqueramos_qs/meta-learning-concept-drift/.venv/lib/python3.12/site-packages/sqlalchemy/cyextension/immutabledict.cpython-312-x86_64-linux-gnu.so
7e68de82c000-7e68de83a000 r-xp 00004000 fc:00 35534472                   /home/henriqueramos_qs/meta-learning-concept-drift/.venv/lib/python3.12/site-packages/sqlalchemy/cyextension/immutabledict.cpython-312-x86_64-linux-gnu.so
7e68de83a000-7e68de83e000 r--p 00012000 fc:00 35534472                   /home/henriqueramos_qs/meta-learning-concept-drift/.venv/lib/python3.12/site-packages/sqlalchemy/cyextension/immutabledict.cpython-312-x86_64-linux-gnu.so
7e68de83e000-7e68de83f000 r--p 00015000 fc:00 35534472                   /home/henriqueramos_qs/meta-learning-concept-drift/.venv/lib/python3.12/site-packages/sqlalchemy/cyextension/immutabledict.cpython-312-x86_64-linux-gnu.so
7e68de83f000-7e68de841000 rw-p 00016000 fc:00 35534472                   /home/henriqueramos_qs/meta-learning-concept-drift/.venv/lib/python3.12/site-packages/sqlalchemy/cyextension/immutabledict.cpython-312-x86_64-linux-gnu.so
7e68de841000-7e68de848000 r--p 00000000 fc:00 35534471                   /home/henriqueramos_qs/meta-learning-concept-drift/.venv/lib/python3.12/site-packages/sqlalchemy/cyextension/collections.cpython-312-x86_64-linux-gnu.so
7e68de848000-7e68de86c000 r-xp 00007000 fc:00 35534471                   /home/henriqueramos_qs/meta-learning-concept-drift/.venv/lib/python3.12/site-packages/sqlalchemy/cyextension/collections.cpython-312-x86_64-linux-gnu.so
7e68de86c000-7e68de874000 r--p 0002b000 fc:00 35534471                   /home/henriqueramos_qs/meta-learning-concept-drift/.venv/lib/python3.12/site-packages/sqlalchemy/cyextension/collections.cpython-312-x86_64-linux-gnu.so
7e68de874000-7e68de875000 ---p 00033000 fc:00 35534471                   /home/henriqueramos_qs/meta-learning-concept-drift/.venv/lib/python3.12/site-packages/sqlalchemy/cyextension/collections.cpython-312-x86_64-linux-gnu.so
7e68de875000-7e68de876000 r--p 00033000 fc:00 35534471                   /home/henriqueramos_qs/meta-learning-concept-drift/.venv/lib/python3.12/site-packages/sqlalchemy/cyextension/collections.cpython-312-x86_64-linux-gnu.so
7e68de876000-7e68de879000 rw-p 00034000 fc:00 35534471                   /home/henriqueramos_qs/meta-learning-concept-drift/.venv/lib/python3.12/site-packages/sqlalchemy/cyextension/collections.cpython-312-x86_64-linux-gnu.so
7e68de879000-7e68de979000 rw-p 00000000 00:00 0 
7e68de979000-7e68de97d000 r--p 00000000 fc:00 34869303                   /home/henriqueramos_qs/meta-learning-concept-drift/.venv/lib/python3.12/site-packages/scipy/io/matlab/_streams.cpython-312-x86_64-linux-gnu.so
7e68de97d000-7e68de992000 r-xp 00004000 fc:00 34869303                   /home/henriqueramos_qs/meta-learning-concept-drift/.venv/lib/python3.12/site-packages/scipy/io/matlab/_streams.cpython-312-x86_64-linux-gnu.so
7e68de992000-7e68de996000 r--p 00019000 fc:00 34869303                   /home/henriqueramos_qs/meta-learning-concept-drift/.venv/lib/python3.12/site-packages/scipy/io/matlab/_streams.cpython-312-x86_64-linux-gnu.so
7e68de996000-7e68de997000 ---p 0001d000 fc:00 34869303                   /home/henriqueramos_qs/meta-learning-concept-drift/.venv/lib/python3.12/site-packages/scipy/io/matlab/_streams.cpython-312-x86_64-linux-gnu.so
7e68de997000-7e68de998000 r--p 0001d000 fc:00 34869303                   /home/henriqueramos_qs/meta-learning-concept-drift/.venv/lib/python3.12/site-packages/scipy/io/matlab/_streams.cpython-312-x86_64-linux-gnu.so
7e68de998000-7e68de99a000 rw-p 0001e000 fc:00 34869303                   /home/henriqueramos_qs/meta-learning-concept-drift/.venv/lib/python3.12/site-packages/scipy/io/matlab/_streams.cpython-312-x86_64-linux-gnu.so
7e68de99a000-7e68de99f000 r--p 00000000 fc:00 34869300                   /home/henriqueramos_qs/meta-learning-concept-drift/.venv/lib/python3.12/site-packages/scipy/io/matlab/_mio5_utils.cpython-312-x86_64-linux-gnu.so
7e68de99f000-7e68de9c6000 r-xp 00005000 fc:00 34869300                   /home/henriqueramos_qs/meta-learning-concept-drift/.venv/lib/python3.12/site-packages/scipy/io/matlab/_mio5_utils.cpython-312-x86_64-linux-gnu.so
7e68de9c6000-7e68de9ce000 r--p 0002c000 fc:00 34869300                   /home/henriqueramos_qs/meta-learning-concept-drift/.venv/lib/python3.12/site-packages/scipy/io/matlab/_mio5_utils.cpython-312-x86_64-linux-gnu.so
7e68de9ce000-7e68de9cf000 r--p 00033000 fc:00 34869300                   /home/henriqueramos_qs/meta-learning-concept-drift/.venv/lib/python3.12/site-packages/scipy/io/matlab/_mio5_utils.cpython-312-x86_64-linux-gnu.so
7e68de9cf000-7e68de9d1000 rw-p 00034000 fc:00 34869300                   /home/henriqueramos_qs/meta-learning-concept-drift/.venv/lib/python3.12/site-packages/scipy/io/matlab/_mio5_utils.cpython-312-x86_64-linux-gnu.so
7e68de9d1000-7e68de9d4000 r--p 00000000 fc:00 34869287                   /home/henriqueramos_qs/meta-learning-concept-drift/.venv/lib/python3.12/site-packages/scipy/io/matlab/_mio_utils.cpython-312-x86_64-linux-gnu.so
7e68de9d4000-7e68de9dd000 r-xp 00003000 fc:00 34869287                   /home/henriqueramos_qs/meta-learning-concept-drift/.venv/lib/python3.12/site-packages/scipy/io/matlab/_mio_utils.cpython-312-x86_64-linux-gnu.so
7e68de9dd000-7e68de9df000 r--p 0000c000 fc:00 34869287                   /home/henriqueramos_qs/meta-learning-concept-drift/.venv/lib/python3.12/site-packages/scipy/io/matlab/_mio_utils.cpython-312-x86_64-linux-gnu.so
7e68de9df000-7e68de9e0000 ---p 0000e000 fc:00 34869287                   /home/henriqueramos_qs/meta-learning-concept-drift/.venv/lib/python3.12/site-packages/scipy/io/matlab/_mio_utils.cpython-312-x86_64-linux-gnu.so
7e68de9e0000-7e68de9e1000 r--p 0000e000 fc:00 34869287                   /home/henriqueramos_qs/meta-learning-concept-drift/.venv/lib/python3.12/site-packages/scipy/io/matlab/_mio_utils.cpython-312-x86_64-linux-gnu.so
7e68de9e1000-7e68de9e2000 rw-p 0000f000 fc:00 34869287                   /home/henriqueramos_qs/meta-learning-concept-drift/.venv/lib/python3.12/site-packages/scipy/io/matlab/_mio_utils.cpython-312-x86_64-linux-gnu.so
7e68de9e2000-7e68deae2000 rw-p 00000000 00:00 0 
7e68deae2000-7e68deae8000 r--p 00000000 fc:00 34996757                   /home/henriqueramos_qs/meta-learning-concept-drift/.venv/lib/python3.12/site-packages/river/utils/vectordict.cpython-312-x86_64-linux-gnu.so
7e68deae8000-7e68deb16000 r-xp 00006000 fc:00 34996757                   /home/henriqueramos_qs/meta-learning-concept-drift/.venv/lib/python3.12/site-packages/river/utils/vectordict.cpython-312-x86_64-linux-gnu.so
7e68deb16000-7e68deb1e000 r--p 00034000 fc:00 34996757                   /home/henriqueramos_qs/meta-learning-concept-drift/.venv/lib/python3.12/site-packages/river/utils/vectordict.cpython-312-x86_64-linux-gnu.so
7e68deb1e000-7e68deb1f000 r--p 0003b000 fc:00 34996757                   /home/henriqueramos_qs/meta-learning-concept-drift/.venv/lib/python3.12/site-packages/river/utils/vectordict.cpython-312-x86_64-linux-gnu.so
7e68deb1f000-7e68deb23000 rw-p 0003c000 fc:00 34996757                   /home/henriqueramos_qs/meta-learning-concept-drift/.venv/lib/python3.12/site-packages/river/utils/vectordict.cpython-312-x86_64-linux-gnu.so
7e68deb23000-7e68deb4d000 r--p 00000000 fc:00 34996353                   /home/henriqueramos_qs/meta-learning-concept-drift/.venv/lib/python3.12/site-packages/river/stats/_rust_stats.cpython-312-x86_64-linux-gnu.so
7e68deb4d000-7e68debba000 r-xp 00029000 fc:00 34996353                   /home/henriqueramos_qs/meta-learning-concept-drift/.venv/lib/python3.12/site-packages/river/stats/_rust_stats.cpython-312-x86_64-linux-gnu.so
7e68debba000-7e68debc2000 r--p 00095000 fc:00 34996353                   /home/henriqueramos_qs/meta-learning-concept-drift/.venv/lib/python3.12/site-packages/river/stats/_rust_stats.cpython-312-x86_64-linux-gnu.so
7e68debc2000-7e68debc3000 rw-p 0009c000 fc:00 34996353                   /home/henriqueramos_qs/meta-learning-concept-drift/.venv/lib/python3.12/site-packages/river/stats/_rust_stats.cpython-312-x86_64-linux-gnu.so
7e68debc3000-7e68debc4000 rw-p 00000000 00:00 0 
7e68debc4000-7e68debc9000 r--p 00000000 fc:00 34869054                   /home/henriqueramos_qs/meta-learning-concept-drift/.venv/lib/python3.12/site-packages/scipy/signal/_peak_finding_utils.cpython-312-x86_64-linux-gnu.so
7e68debc9000-7e68debf8000 r-xp 00005000 fc:00 34869054                   /home/henriqueramos_qs/meta-learning-concept-drift/.venv/lib/python3.12/site-packages/scipy/signal/_peak_finding_utils.cpython-312-x86_64-linux-gnu.so
7e68debf8000-7e68dec01000 r--p 00034000 fc:00 34869054                   /home/henriqueramos_qs/meta-learning-concept-drift/.venv/lib/python3.12/site-packages/scipy/signal/_peak_finding_utils.cpython-312-x86_64-linux-gnu.so
7e68dec01000-7e68dec02000 ---p 0003d000 fc:00 34869054                   /home/henriqueramos_qs/meta-learning-concept-drift/.venv/lib/python3.12/site-packages/scipy/signal/_peak_finding_utils.cpython-312-x86_64-linux-gnu.so
7e68dec02000-7e68dec03000 r--p 0003d000 fc:00 34869054                   /home/henriqueramos_qs/meta-learning-concept-drift/.venv/lib/python3.12/site-packages/scipy/signal/_peak_finding_utils.cpython-312-x86_64-linux-gnu.so
7e68dec03000-7e68dec05000 rw-p 0003e000 fc:00 34869054                   /home/henriqueramos_qs/meta-learning-concept-drift/.venv/lib/python3.12/site-packages/scipy/signal/_peak_finding_utils.cpython-312-x86_64-linux-gnu.so
7e68dec05000-7e68ded06000 rw-p 00000000 00:00 0 
7e68ded06000-7e68ded0b000 r--p 00000000 fc:00 34869027                   /home/henriqueramos_qs/meta-learning-concept-drift/.venv/lib/python3.12/site-packages/scipy/signal/_sosfilt.cpython-312-x86_64-linux-gnu.so
7e68ded0b000-7e68ded3d000 r-xp 00005000 fc:00 34869027                   /home/henriqueramos_qs/meta-learning-concept-drift/.venv/lib/python3.12/site-packages/scipy/signal/_sosfilt.cpython-312-x86_64-linux-gnu.so
7e68ded3d000-7e68ded45000 r--p 00037000 fc:00 34869027                   /home/henriqueramos_qs/meta-learning-concept-drift/.venv/lib/python3.12/site-packages/scipy/signal/_sosfilt.cpython-312-x86_64-linux-gnu.so
7e68ded45000-7e68ded46000 r--p 0003e000 fc:00 34869027                   /home/henriqueramos_qs/meta-learning-concept-drift/.venv/lib/python3.12/site-packages/scipy/signal/_sosfilt.cpython-312-x86_64-linux-gnu.so
7e68ded46000-7e68ded48000 rw-p 0003f000 fc:00 34869027                   /home/henriqueramos_qs/meta-learning-concept-drift/.venv/lib/python3.12/site-packages/scipy/signal/_sosfilt.cpython-312-x86_64-linux-gnu.so
7e68ded48000-7e68ded49000 rw-p 00000000 00:00 0 
7e68ded49000-7e68ded4e000 r--p 00000000 fc:00 34869033                   /home/henriqueramos_qs/meta-learning-concept-drift/.venv/lib/python3.12/site-packages/scipy/signal/_upfirdn_apply.cpython-312-x86_64-linux-gnu.so
7e68ded4e000-7e68ded92000 r-xp 00005000 fc:00 34869033                   /home/henriqueramos_qs/meta-learning-concept-drift/.venv/lib/python3.12/site-packages/scipy/signal/_upfirdn_apply.cpython-312-x86_64-linux-gnu.so
7e68ded92000-7e68ded9b000 r--p 00049000 fc:00 34869033                   /home/henriqueramos_qs/meta-learning-concept-drift/.venv/lib/python3.12/site-packages/scipy/signal/_upfirdn_apply.cpython-312-x86_64-linux-gnu.so
7e68ded9b000-7e68ded9c000 ---p 00052000 fc:00 34869033                   /home/henriqueramos_qs/meta-learning-concept-drift/.venv/lib/python3.12/site-packages/scipy/signal/_upfirdn_apply.cpython-312-x86_64-linux-gnu.so
7e68ded9c000-7e68ded9d000 r--p 00052000 fc:00 34869033                   /home/henriqueramos_qs/meta-learning-concept-drift/.venv/lib/python3.12/site-packages/scipy/signal/_upfirdn_apply.cpython-312-x86_64-linux-gnu.so
7e68ded9d000-7e68ded9f000 rw-p 00053000 fc:00 34869033                   /home/henriqueramos_qs/meta-learning-concept-drift/.venv/lib/python3.12/site-packages/scipy/signal/_upfirdn_apply.cpython-312-x86_64-linux-gnu.so
7e68ded9f000-7e68deda0000 rw-p 00000000 00:00 0 
7e68deda0000-7e68deda4000 r--p 00000000 fc:00 35400119                   /home/henriqueramos_qs/meta-learning-concept-drift/.venv/lib/python3.12/site-packages/sklearn/manifold/_barnes_hut_tsne.cpython-312-x86_64-linux-gnu.so
7e68deda4000-7e68dedb3000 r-xp 00004000 fc:00 35400119                   /home/henriqueramos_qs/meta-learning-concept-drift/.venv/lib/python3.12/site-packages/sklearn/manifold/_barnes_hut_tsne.cpython-312-x86_64-linux-gnu.so
7e68dedb3000-7e68dedb8000 r--p 00013000 fc:00 35400119                   /home/henriqueramos_qs/meta-learning-concept-drift/.venv/lib/python3.12/site-packages/sklearn/manifold/_barnes_hut_tsne.cpython-312-x86_64-linux-gnu.so
7e68dedb8000-7e68dedb9000 r--p 00017000 fc:00 35400119                   /home/henriqueramos_qs/meta-learning-concept-drift/.venv/lib/python3.12/site-packages/sklearn/manifold/_barnes_hut_tsne.cpython-312-x86_64-linux-gnu.so
7e68dedb9000-7e68dedba000 rw-p 00018000 fc:00 35400119                   /home/henriqueramos_qs/meta-learning-concept-drift/.venv/lib/python3.12/site-packages/sklearn/manifold/_barnes_hut_tsne.cpython-312-x86_64-linux-gnu.so
7e68dedba000-7e68dedbd000 rw-p 0001e000 fc:00 35400119                   /home/henriqueramos_qs/meta-learning-concept-drift/.venv/lib/python3.12/site-packages/sklearn/manifold/_barnes_hut_tsne.cpython-312-x86_64-linux-gnu.so
7e68dedbd000-7e68dedc1000 r--p 00000000 fc:00 35399500                   /home/henriqueramos_qs/meta-learning-concept-drift/.venv/lib/python3.12/site-packages/sklearn/_isotonic.cpython-312-x86_64-linux-gnu.so
7e68dedc1000-7e68deddd000 r-xp 00004000 fc:00 35399500                   /home/henriqueramos_qs/meta-learning-concept-drift/.venv/lib/python3.12/site-packages/sklearn/_isotonic.cpython-312-x86_64-linux-gnu.so
7e68deddd000-7e68dede3000 r--p 00020000 fc:00 35399500                   /home/henriqueramos_qs/meta-learning-concept-drift/.venv/lib/python3.12/site-packages/sklearn/_isotonic.cpython-312-x86_64-linux-gnu.so
7e68dede3000-7e68dede4000 r--p 00025000 fc:00 35399500                   /home/henriqueramos_qs/meta-learning-concept-drift/.venv/lib/python3.12/site-packages/sklearn/_isotonic.cpython-312-x86_64-linux-gnu.so
7e68dede4000-7e68dede5000 rw-p 00026000 fc:00 35399500                   /home/henriqueramos_qs/meta-learning-concept-drift/.venv/lib/python3.12/site-packages/sklearn/_isotonic.cpython-312-x86_64-linux-gnu.so
7e68dede5000-7e68dede6000 rw-p 00000000 00:00 0 
7e68dede6000-7e68dedeb000 r--p 00000000 fc:00 35399571                   /home/henriqueramos_qs/meta-learning-concept-drift/.venv/lib/python3.12/site-packages/sklearn/cluster/_hdbscan/_reachability.cpython-312-x86_64-linux-gnu.so
7e68dedeb000-7e68dee13000 r-xp 00005000 fc:00 35399571                   /home/henriqueramos_qs/meta-learning-concept-drift/.venv/lib/python3.12/site-packages/sklearn/cluster/_hdbscan/_reachability.cpython-312-x86_64-linux-gnu.so
7e68dee13000-7e68dee1a000 r--p 0002d000 fc:00 35399571                   /home/henriqueramos_qs/meta-learning-concept-drift/.venv/lib/python3.12/site-packages/sklearn/cluster/_hdbscan/_reachability.cpython-312-x86_64-linux-gnu.so
7e68dee1a000-7e68dee1b000 ---p 00034000 fc:00 35399571                   /home/henriqueramos_qs/meta-learning-concept-drift/.venv/lib/python3.12/site-packages/sklearn/cluster/_hdbscan/_reachability.cpython-312-x86_64-linux-gnu.so
7e68dee1b000-7e68dee1c000 r--p 00034000 fc:00 35399571                   /home/henriqueramos_qs/meta-learning-concept-drift/.venv/lib/python3.12/site-packages/sklearn/cluster/_hdbscan/_reachability.cpython-312-x86_64-linux-gnu.so
7e68dee1c000-7e68dee1d000 rw-p 00035000 fc:00 35399571                   /home/henriqueramos_qs/meta-learning-concept-drift/.venv/lib/python3.12/site-packages/sklearn/cluster/_hdbscan/_reachability.cpython-312-x86_64-linux-gnu.so
7e68dee1d000-7e68dee1e000 rw-p 00000000 00:00 0 
7e68dee1e000-7e68dee23000 r--p 00000000 fc:00 35399573                   /home/henriqueramos_qs/meta-learning-concept-drift/.venv/lib/python3.12/site-packages/sklearn/cluster/_hdbscan/_tree.cpython-312-x86_64-linux-gnu.so
7e68dee23000-7e68dee4f000 r-xp 00005000 fc:00 35399573                   /home/henriqueramos_qs/meta-learning-concept-drift/.venv/lib/python3.12/site-packages/sklearn/cluster/_hdbscan/_tree.cpython-312-x86_64-linux-gnu.so
7e68dee4f000-7e68dee57000 r--p 00031000 fc:00 35399573                   /home/henriqueramos_qs/meta-learning-concept-drift/.venv/lib/python3.12/site-packages/sklearn/cluster/_hdbscan/_tree.cpython-312-x86_64-linux-gnu.so
7e68dee57000-7e68dee58000 r--p 00038000 fc:00 35399573                   /home/henriqueramos_qs/meta-learning-concept-drift/.venv/lib/python3.12/site-packages/sklearn/cluster/_hdbscan/_tree.cpython-312-x86_64-linux-gnu.so
7e68dee58000-7e68dee59000 rw-p 00039000 fc:00 35399573                   /home/henriqueramos_qs/meta-learning-concept-drift/.venv/lib/python3.12/site-packages/sklearn/cluster/_hdbscan/_tree.cpython-312-x86_64-linux-gnu.so
7e68dee59000-7e68dee5a000 rw-p 00000000 00:00 0 
7e68dee5a000-7e68dee5e000 r--p 00000000 fc:00 35399569                   /home/henriqueramos_qs/meta-learning-concept-drift/.venv/lib/python3.12/site-packages/sklearn/cluster/_hdbscan/_linkage.cpython-312-x86_64-linux-gnu.so
7e68dee5e000-7e68dee71000 r-xp 00004000 fc:00 35399569                   /home/henriqueramos_qs/meta-learning-concept-drift/.venv/lib/python3.12/site-packages/sklearn/cluster/_hdbscan/_linkage.cpython-312-x86_64-linux-gnu.so
7e68dee71000-7e68dee76000 r--p 00017000 fc:00 35399569                   /home/henriqueramos_qs/meta-learning-concept-drift/.venv/lib/python3.12/site-packages/sklearn/cluster/_hdbscan/_linkage.cpython-312-x86_64-linux-gnu.so
7e68dee76000-7e68dee77000 ---p 0001c000 fc:00 35399569                   /home/henriqueramos_qs/meta-learning-concept-drift/.venv/lib/python3.12/site-packages/sklearn/cluster/_hdbscan/_linkage.cpython-312-x86_64-linux-gnu.so
7e68dee77000-7e68dee78000 r--p 0001c000 fc:00 35399569                   /home/henriqueramos_qs/meta-learning-concept-drift/.venv/lib/python3.12/site-packages/sklearn/cluster/_hdbscan/_linkage.cpython-312-x86_64-linux-gnu.so
7e68dee78000-7e68dee79000 rw-p 0001d000 fc:00 35399569                   /home/henriqueramos_qs/meta-learning-concept-drift/.venv/lib/python3.12/site-packages/sklearn/cluster/_hdbscan/_linkage.cpython-312-x86_64-linux-gnu.so
7e68dee79000-7e68dee7d000 r--p 00000000 fc:00 35399560                   /home/henriqueramos_qs/meta-learning-concept-drift/.venv/lib/python3.12/site-packages/sklearn/cluster/_k_means_minibatch.cpython-312-x86_64-linux-gnu.so
7e68dee7d000-7e68dee9b000 r-xp 00004000 fc:00 35399560                   /home/henriqueramos_qs/meta-learning-concept-drift/.venv/lib/python3.12/site-packages/sklearn/cluster/_k_means_minibatch.cpython-312-x86_64-linux-gnu.so
7e68dee9b000-7e68deea1000 r--p 00022000 fc:00 35399560                   /home/henriqueramos_qs/meta-learning-concept-drift/.venv/lib/python3.12/site-packages/sklearn/cluster/_k_means_minibatch.cpython-312-x86_64-linux-gnu.so
7e68deea1000-7e68deea2000 r--p 00027000 fc:00 35399560                   /home/henriqueramos_qs/meta-learning-concept-drift/.venv/lib/python3.12/site-packages/sklearn/cluster/_k_means_minibatch.cpython-312-x86_64-linux-gnu.so
7e68deea2000-7e68deea3000 rw-p 00028000 fc:00 35399560                   /home/henriqueramos_qs/meta-learning-concept-drift/.venv/lib/python3.12/site-packages/sklearn/cluster/_k_means_minibatch.cpython-312-x86_64-linux-gnu.so
7e68deea3000-7e68deea4000 rw-p 00000000 00:00 0 
7e68deea4000-7e68deea7000 rw-p 0002f000 fc:00 35399560                   /home/henriqueramos_qs/meta-learning-concept-drift/.venv/lib/python3.12/site-packages/sklearn/cluster/_k_means_minibatch.cpython-312-x86_64-linux-gnu.so
7e68deea7000-7e68deeac000 r--p 00000000 fc:00 35399556                   /home/henriqueramos_qs/meta-learning-concept-drift/.venv/lib/python3.12/site-packages/sklearn/cluster/_k_means_elkan.cpython-312-x86_64-linux-gnu.so
7e68deeac000-7e68deeee000 r-xp 00005000 fc:00 35399556                   /home/henriqueramos_qs/meta-learning-concept-drift/.venv/lib/python3.12/site-packages/sklearn/cluster/_k_means_elkan.cpython-312-x86_64-linux-gnu.so
7e68deeee000-7e68deef9000 r--p 00047000 fc:00 35399556                   /home/henriqueramos_qs/meta-learning-concept-drift/.venv/lib/python3.12/site-packages/sklearn/cluster/_k_means_elkan.cpython-312-x86_64-linux-gnu.so
7e68deef9000-7e68deefa000 ---p 00052000 fc:00 35399556                   /home/henriqueramos_qs/meta-learning-concept-drift/.venv/lib/python3.12/site-packages/sklearn/cluster/_k_means_elkan.cpython-312-x86_64-linux-gnu.so
7e68deefa000-7e68deefb000 r--p 00052000 fc:00 35399556                   /home/henriqueramos_qs/meta-learning-concept-drift/.venv/lib/python3.12/site-packages/sklearn/cluster/_k_means_elkan.cpython-312-x86_64-linux-gnu.so
7e68deefb000-7e68deefc000 rw-p 00053000 fc:00 35399556                   /home/henriqueramos_qs/meta-learning-concept-drift/.venv/lib/python3.12/site-packages/sklearn/cluster/_k_means_elkan.cpython-312-x86_64-linux-gnu.so
7e68deefc000-7e68deefd000 rw-p 00000000 00:00 0 
7e68deefd000-7e68def00000 rw-p 0005c000 fc:00 35399556                   /home/henriqueramos_qs/meta-learning-concept-drift/.venv/lib/python3.12/site-packages/sklearn/cluster/_k_means_elkan.cpython-312-x86_64-linux-gnu.so
7e68def00000-7e68df000000 rw-p 00000000 00:00 0 
7e68df000000-7e68df129000 r--p 00000000 fc:00 35401307                   /home/henriqueramos_qs/meta-learning-concept-drift/.venv/lib/python3.12/site-packages/lightgbm/lib/lib_lightgbm.so
7e68df129000-7e68df7b7000 r-xp 00129000 fc:00 35401307                   /home/henriqueramos_qs/meta-learning-concept-drift/.venv/lib/python3.12/site-packages/lightgbm/lib/lib_lightgbm.so
7e68df7b7000-7e68df879000 r--p 007b7000 fc:00 35401307                   /home/henriqueramos_qs/meta-learning-concept-drift/.venv/lib/python3.12/site-packages/lightgbm/lib/lib_lightgbm.so
7e68df879000-7e68df885000 r--p 00879000 fc:00 35401307                   /home/henriqueramos_qs/meta-learning-concept-drift/.venv/lib/python3.12/site-packages/lightgbm/lib/lib_lightgbm.so
7e68df885000-7e68df88a000 rw-p 00885000 fc:00 35401307                   /home/henriqueramos_qs/meta-learning-concept-drift/.venv/lib/python3.12/site-packages/lightgbm/lib/lib_lightgbm.so
7e68df88a000-7e68df88b000 rw-p 00000000 00:00 0 
7e68df88b000-7e68df88d000 r--p 00000000 fc:00 34869050                   /home/henriqueramos_qs/meta-learning-concept-drift/.venv/lib/python3.12/site-packages/scipy/signal/_sigtools.cpython-312-x86_64-linux-gnu.so
7e68df88d000-7e68df8a0000 r-xp 00002000 fc:00 34869050                   /home/henriqueramos_qs/meta-learning-concept-drift/.venv/lib/python3.12/site-packages/scipy/signal/_sigtools.cpython-312-x86_64-linux-gnu.so
7e68df8a0000-7e68df8a2000 r--p 00015000 fc:00 34869050                   /home/henriqueramos_qs/meta-learning-concept-drift/.venv/lib/python3.12/site-packages/scipy/signal/_sigtools.cpython-312-x86_64-linux-gnu.so
7e68df8a2000-7e68df8a3000 r--p 00016000 fc:00 34869050                   /home/henriqueramos_qs/meta-learning-concept-drift/.venv/lib/python3.12/site-packages/scipy/signal/_sigtools.cpython-312-x86_64-linux-gnu.so
7e68df8a3000-7e68df8a4000 rw-p 00017000 fc:00 34869050                   /home/henriqueramos_qs/meta-learning-concept-drift/.venv/lib/python3.12/site-packages/scipy/signal/_sigtools.cpython-312-x86_64-linux-gnu.so
7e68df8a4000-7e68df8a9000 r--p 00000000 fc:00 35399558                   /home/henriqueramos_qs/meta-learning-concept-drift/.venv/lib/python3.12/site-packages/sklearn/cluster/_k_means_lloyd.cpython-312-x86_64-linux-gnu.so
7e68df8a9000-7e68df8d2000 r-xp 00005000 fc:00 35399558                   /home/henriqueramos_qs/meta-learning-concept-drift/.venv/lib/python3.12/site-packages/sklearn/cluster/_k_means_lloyd.cpython-312-x86_64-linux-gnu.so
7e68df8d2000-7e68df8da000 r--p 0002e000 fc:00 35399558                   /home/henriqueramos_qs/meta-learning-concept-drift/.venv/lib/python3.12/site-packages/sklearn/cluster/_k_means_lloyd.cpython-312-x86_64-linux-gnu.so
7e68df8da000-7e68df8db000 ---p 00036000 fc:00 35399558                   /home/henriqueramos_qs/meta-learning-concept-drift/.venv/lib/python3.12/site-packages/sklearn/cluster/_k_means_lloyd.cpython-312-x86_64-linux-gnu.so
7e68df8db000-7e68df8dc000 r--p 00036000 fc:00 35399558                   /home/henriqueramos_qs/meta-learning-concept-drift/.venv/lib/python3.12/site-packages/sklearn/cluster/_k_means_lloyd.cpython-312-x86_64-linux-gnu.so
7e68df8dc000-7e68df8dd000 rw-p 00037000 fc:00 35399558                   /home/henriqueramos_qs/meta-learning-concept-drift/.venv/lib/python3.12/site-packages/sklearn/cluster/_k_means_lloyd.cpython-312-x86_64-linux-gnu.so
7e68df8dd000-7e68df8de000 rw-p 00000000 00:00 0 
7e68df8de000-7e68df8e1000 rw-p 0003f000 fc:00 35399558                   /home/henriqueramos_qs/meta-learning-concept-drift/.venv/lib/python3.12/site-packages/sklearn/cluster/_k_means_lloyd.cpython-312-x86_64-linux-gnu.so
7e68df8e1000-7e68df8e6000 r--p 00000000 fc:00 35399553                   /home/henriqueramos_qs/meta-learning-concept-drift/.venv/lib/python3.12/site-packages/sklearn/cluster/_k_means_common.cpython-312-x86_64-linux-gnu.so
7e68df8e6000-7e68df92f000 r-xp 00005000 fc:00 35399553                   /home/henriqueramos_qs/meta-learning-concept-drift/.venv/lib/python3.12/site-packages/sklearn/cluster/_k_means_common.cpython-312-x86_64-linux-gnu.so
7e68df92f000-7e68df938000 r--p 0004e000 fc:00 35399553                   /home/henriqueramos_qs/meta-learning-concept-drift/.venv/lib/python3.12/site-packages/sklearn/cluster/_k_means_common.cpython-312-x86_64-linux-gnu.so
7e68df938000-7e68df939000 ---p 00057000 fc:00 35399553                   /home/henriqueramos_qs/meta-learning-concept-drift/.venv/lib/python3.12/site-packages/sklearn/cluster/_k_means_common.cpython-312-x86_64-linux-gnu.so
7e68df939000-7e68df93a000 r--p 00057000 fc:00 35399553                   /home/henriqueramos_qs/meta-learning-concept-drift/.venv/lib/python3.12/site-packages/sklearn/cluster/_k_means_common.cpython-312-x86_64-linux-gnu.so
7e68df93a000-7e68df93c000 rw-p 00058000 fc:00 35399553                   /home/henriqueramos_qs/meta-learning-concept-drift/.venv/lib/python3.12/site-packages/sklearn/cluster/_k_means_common.cpython-312-x86_64-linux-gnu.so
7e68df93c000-7e68df93f000 rw-p 00062000 fc:00 35399553                   /home/henriqueramos_qs/meta-learning-concept-drift/.venv/lib/python3.12/site-packages/sklearn/cluster/_k_means_common.cpython-312-x86_64-linux-gnu.so
7e68df93f000-7e68df944000 r--p 00000000 fc:00 35399550                   /home/henriqueramos_qs/meta-learning-concept-drift/.venv/lib/python3.12/site-packages/sklearn/cluster/_hierarchical_fast.cpython-312-x86_64-linux-gnu.so
7e68df944000-7e68df95f000 r-xp 00005000 fc:00 35399550                   /home/henriqueramos_qs/meta-learning-concept-drift/.venv/lib/python3.12/site-packages/sklearn/cluster/_hierarchical_fast.cpython-312-x86_64-linux-gnu.so
7e68df95f000-7e68df967000 r--p 00020000 fc:00 35399550                   /home/henriqueramos_qs/meta-learning-concept-drift/.venv/lib/python3.12/site-packages/sklearn/cluster/_hierarchical_fast.cpython-312-x86_64-linux-gnu.so
7e68df967000-7e68df968000 ---p 00028000 fc:00 35399550                   /home/henriqueramos_qs/meta-learning-concept-drift/.venv/lib/python3.12/site-packages/sklearn/cluster/_hierarchical_fast.cpython-312-x86_64-linux-gnu.so
7e68df968000-7e68df969000 r--p 00028000 fc:00 35399550                   /home/henriqueramos_qs/meta-learning-concept-drift/.venv/lib/python3.12/site-packages/sklearn/cluster/_hierarchical_fast.cpython-312-x86_64-linux-gnu.so
7e68df969000-7e68df96b000 rw-p 00029000 fc:00 35399550                   /home/henriqueramos_qs/meta-learning-concept-drift/.venv/lib/python3.12/site-packages/sklearn/cluster/_hierarchical_fast.cpython-312-x86_64-linux-gnu.so
7e68df96b000-7e68df970000 r--p 00000000 fc:00 35400428                   /home/henriqueramos_qs/meta-learning-concept-drift/.venv/lib/python3.12/site-packages/sklearn/utils/_fast_dict.cpython-312-x86_64-linux-gnu.so
7e68df970000-7e68df984000 r-xp 00005000 fc:00 35400428                   /home/henriqueramos_qs/meta-learning-concept-drift/.venv/lib/python3.12/site-packages/sklearn/utils/_fast_dict.cpython-312-x86_64-linux-gnu.so
7e68df984000-7e68df98a000 r--p 00019000 fc:00 35400428                   /home/henriqueramos_qs/meta-learning-concept-drift/.venv/lib/python3.12/site-packages/sklearn/utils/_fast_dict.cpython-312-x86_64-linux-gnu.so
7e68df98a000-7e68df98b000 ---p 0001f000 fc:00 35400428                   /home/henriqueramos_qs/meta-learning-concept-drift/.venv/lib/python3.12/site-packages/sklearn/utils/_fast_dict.cpython-312-x86_64-linux-gnu.so
7e68df98b000-7e68df98c000 r--p 0001f000 fc:00 35400428                   /home/henriqueramos_qs/meta-learning-concept-drift/.venv/lib/python3.12/site-packages/sklearn/utils/_fast_dict.cpython-312-x86_64-linux-gnu.so
7e68df98c000-7e68df98e000 rw-p 00020000 fc:00 35400428                   /home/henriqueramos_qs/meta-learning-concept-drift/.venv/lib/python3.12/site-packages/sklearn/utils/_fast_dict.cpython-312-x86_64-linux-gnu.so
7e68df98e000-7e68df999000 r--p 00000000 08:05 8398478                    /usr/lib/x86_64-linux-gnu/libgomp.so.1.0.0
7e68df999000-7e68df9d5000 r-xp 0000b000 08:05 8398478                    /usr/lib/x86_64-linux-gnu/libgomp.so.1.0.0
7e68df9d5000-7e68df9e2000 r--p 00047000 08:05 8398478                    /usr/lib/x86_64-linux-gnu/libgomp.so.1.0.0
7e68df9e2000-7e68df9e3000 r--p 00054000 08:05 8398478                    /usr/lib/x86_64-linux-gnu/libgomp.so.1.0.0
7e68df9e3000-7e68df9e4000 rw-p 00055000 08:05 8398478                    /usr/lib/x86_64-linux-gnu/libgomp.so.1.0.0
7e68df9e6000-7e68df9e7000 r--p 00000000 fc:00 34869030                   /home/henriqueramos_qs/meta-learning-concept-drift/.venv/lib/python3.12/site-packages/scipy/signal/_spline.cpython-312-x86_64-linux-gnu.so
7e68df9e7000-7e68df9f6000 r-xp 00001000 fc:00 34869030                   /home/henriqueramos_qs/meta-learning-concept-drift/.venv/lib/python3.12/site-packages/scipy/signal/_spline.cpython-312-x86_64-linux-gnu.so
7e68df9f6000-7e68df9f8000 r--p 00010000 fc:00 34869030                   /home/henriqueramos_qs/meta-learning-concept-drift/.venv/lib/python3.12/site-packages/scipy/signal/_spline.cpython-312-x86_64-linux-gnu.so
7e68df9f8000-7e68df9f9000 r--p 00011000 fc:00 34869030                   /home/henriqueramos_qs/meta-learning-concept-drift/.venv/lib/python3.12/site-packages/scipy/signal/_spline.cpython-312-x86_64-linux-gnu.so
7e68df9f9000-7e68df9fb000 rw-p 00012000 fc:00 34869030                   /home/henriqueramos_qs/meta-learning-concept-drift/.venv/lib/python3.12/site-packages/scipy/signal/_spline.cpython-312-x86_64-linux-gnu.so
7e68df9fb000-7e68dfa00000 r--p 00000000 fc:00 35399868                   /home/henriqueramos_qs/meta-learning-concept-drift/.venv/lib/python3.12/site-packages/sklearn/ensemble/_hist_gradient_boosting/splitting.cpython-312-x86_64-linux-gnu.so
7e68dfa00000-7e68dfa24000 r-xp 00005000 fc:00 35399868                   /home/henriqueramos_qs/meta-learning-concept-drift/.venv/lib/python3.12/site-packages/sklearn/ensemble/_hist_gradient_boosting/splitting.cpython-312-x86_64-linux-gnu.so
7e68dfa24000-7e68dfa2e000 r--p 00029000 fc:00 35399868                   /home/henriqueramos_qs/meta-learning-concept-drift/.venv/lib/python3.12/site-packages/sklearn/ensemble/_hist_gradient_boosting/splitting.cpython-312-x86_64-linux-gnu.so
7e68dfa2e000-7e68dfa30000 r--p 00032000 fc:00 35399868                   /home/henriqueramos_qs/meta-learning-concept-drift/.venv/lib/python3.12/site-packages/sklearn/ensemble/_hist_gradient_boosting/splitting.cpython-312-x86_64-linux-gnu.so
7e68dfa30000-7e68dfa32000 rw-p 00034000 fc:00 35399868                   /home/henriqueramos_qs/meta-learning-concept-drift/.venv/lib/python3.12/site-packages/sklearn/ensemble/_hist_gradient_boosting/splitting.cpython-312-x86_64-linux-gnu.so
7e68dfa32000-7e68dfa35000 rw-p 0003e000 fc:00 35399868                   /home/henriqueramos_qs/meta-learning-concept-drift/.venv/lib/python3.12/site-packages/sklearn/ensemble/_hist_gradient_boosting/splitting.cpython-312-x86_64-linux-gnu.so
7e68dfa35000-7e68dfa39000 r--p 00000000 fc:00 35399856                   /home/henriqueramos_qs/meta-learning-concept-drift/.venv/lib/python3.12/site-packages/sklearn/ensemble/_hist_gradient_boosting/_predictor.cpython-312-x86_64-linux-gnu.so
7e68dfa39000-7e68dfa49000 r-xp 00004000 fc:00 35399856                   /home/henriqueramos_qs/meta-learning-concept-drift/.venv/lib/python3.12/site-packages/sklearn/ensemble/_hist_gradient_boosting/_predictor.cpython-312-x86_64-linux-gnu.so
7e68dfa49000-7e68dfa4e000 r--p 00014000 fc:00 35399856                   /home/henriqueramos_qs/meta-learning-concept-drift/.venv/lib/python3.12/site-packages/sklearn/ensemble/_hist_gradient_boosting/_predictor.cpython-312-x86_64-linux-gnu.so
7e68dfa4e000-7e68dfa50000 r--p 00018000 fc:00 35399856                   /home/henriqueramos_qs/meta-learning-concept-drift/.venv/lib/python3.12/site-packages/sklearn/ensemble/_hist_gradient_boosting/_predictor.cpython-312-x86_64-linux-gnu.so
7e68dfa50000-7e68dfa51000 rw-p 0001a000 fc:00 35399856                   /home/henriqueramos_qs/meta-learning-concept-drift/.venv/lib/python3.12/site-packages/sklearn/ensemble/_hist_gradient_boosting/_predictor.cpython-312-x86_64-linux-gnu.so
7e68dfa51000-7e68dfa54000 rw-p 00020000 fc:00 35399856                   /home/henriqueramos_qs/meta-learning-concept-drift/.venv/lib/python3.12/site-packages/sklearn/ensemble/_hist_gradient_boosting/_predictor.cpython-312-x86_64-linux-gnu.so
7e68dfa54000-7e68dfa59000 r--p 00000000 fc:00 35399864                   /home/henriqueramos_qs/meta-learning-concept-drift/.venv/lib/python3.12/site-packages/sklearn/ensemble/_hist_gradient_boosting/histogram.cpython-312-x86_64-linux-gnu.so
7e68dfa59000-7e68dfa78000 r-xp 00005000 fc:00 35399864                   /home/henriqueramos_qs/meta-learning-concept-drift/.venv/lib/python3.12/site-packages/sklearn/ensemble/_hist_gradient_boosting/histogram.cpython-312-x86_64-linux-gnu.so
7e68dfa78000-7e68dfa81000 r--p 00024000 fc:00 35399864                   /home/henriqueramos_qs/meta-learning-concept-drift/.venv/lib/python3.12/site-packages/sklearn/ensemble/_hist_gradient_boosting/histogram.cpython-312-x86_64-linux-gnu.so
7e68dfa81000-7e68dfa82000 ---p 0002d000 fc:00 35399864                   /home/henriqueramos_qs/meta-learning-concept-drift/.venv/lib/python3.12/site-packages/sklearn/ensemble/_hist_gradient_boosting/histogram.cpython-312-x86_64-linux-gnu.so
7e68dfa82000-7e68dfa83000 r--p 0002d000 fc:00 35399864                   /home/henriqueramos_qs/meta-learning-concept-drift/.venv/lib/python3.12/site-packages/sklearn/ensemble/_hist_gradient_boosting/histogram.cpython-312-x86_64-linux-gnu.so
7e68dfa83000-7e68dfa84000 rw-p 0002e000 fc:00 35399864                   /home/henriqueramos_qs/meta-learning-concept-drift/.venv/lib/python3.12/site-packages/sklearn/ensemble/_hist_gradient_boosting/histogram.cpython-312-x86_64-linux-gnu.so
7e68dfa84000-7e68dfa85000 rw-p 00000000 00:00 0 
7e68dfa85000-7e68dfa88000 rw-p 00037000 fc:00 35399864                   /home/henriqueramos_qs/meta-learning-concept-drift/.venv/lib/python3.12/site-packages/sklearn/ensemble/_hist_gradient_boosting/histogram.cpython-312-x86_64-linux-gnu.so
7e68dfa88000-7e68dfb88000 rw-p 00000000 00:00 0 
7e68dfb88000-7e68dfb8c000 r--p 00000000 fc:00 35400396                   /home/henriqueramos_qs/meta-learning-concept-drift/.venv/lib/python3.12/site-packages/sklearn/tree/_partitioner.cpython-312-x86_64-linux-gnu.so
7e68dfb8c000-7e68dfba6000 r-xp 00004000 fc:00 35400396                   /home/henriqueramos_qs/meta-learning-concept-drift/.venv/lib/python3.12/site-packages/sklearn/tree/_partitioner.cpython-312-x86_64-linux-gnu.so
7e68dfba6000-7e68dfbac000 r--p 0001e000 fc:00 35400396                   /home/henriqueramos_qs/meta-learning-concept-drift/.venv/lib/python3.12/site-packages/sklearn/tree/_partitioner.cpython-312-x86_64-linux-gnu.so
7e68dfbac000-7e68dfbad000 ---p 00024000 fc:00 35400396                   /home/henriqueramos_qs/meta-learning-concept-drift/.venv/lib/python3.12/site-packages/sklearn/tree/_partitioner.cpython-312-x86_64-linux-gnu.so
7e68dfbad000-7e68dfbae000 r--p 00024000 fc:00 35400396                   /home/henriqueramos_qs/meta-learning-concept-drift/.venv/lib/python3.12/site-packages/sklearn/tree/_partitioner.cpython-312-x86_64-linux-gnu.so
7e68dfbae000-7e68dfbaf000 rw-p 00025000 fc:00 35400396                   /home/henriqueramos_qs/meta-learning-concept-drift/.venv/lib/python3.12/site-packages/sklearn/tree/_partitioner.cpython-312-x86_64-linux-gnu.so
7e68dfbaf000-7e68dfbb0000 rw-p 00000000 00:00 0 
7e68dfbb0000-7e68dfbb5000 r--p 00000000 fc:00 35400258                   /home/henriqueramos_qs/meta-learning-concept-drift/.venv/lib/python3.12/site-packages/sklearn/neighbors/_quad_tree.cpython-312-x86_64-linux-gnu.so
7e68dfbb5000-7e68dfbcd000 r-xp 00005000 fc:00 35400258                   /home/henriqueramos_qs/meta-learning-concept-drift/.venv/lib/python3.12/site-packages/sklearn/neighbors/_quad_tree.cpython-312-x86_64-linux-gnu.so
7e68dfbcd000-7e68dfbd4000 r--p 0001d000 fc:00 35400258                   /home/henriqueramos_qs/meta-learning-concept-drift/.venv/lib/python3.12/site-packages/sklearn/neighbors/_quad_tree.cpython-312-x86_64-linux-gnu.so
7e68dfbd4000-7e68dfbd5000 ---p 00024000 fc:00 35400258                   /home/henriqueramos_qs/meta-learning-concept-drift/.venv/lib/python3.12/site-packages/sklearn/neighbors/_quad_tree.cpython-312-x86_64-linux-gnu.so
7e68dfbd5000-7e68dfbd6000 r--p 00024000 fc:00 35400258                   /home/henriqueramos_qs/meta-learning-concept-drift/.venv/lib/python3.12/site-packages/sklearn/neighbors/_quad_tree.cpython-312-x86_64-linux-gnu.so
7e68dfbd6000-7e68dfbd7000 rw-p 00025000 fc:00 35400258                   /home/henriqueramos_qs/meta-learning-concept-drift/.venv/lib/python3.12/site-packages/sklearn/neighbors/_quad_tree.cpython-312-x86_64-linux-gnu.so
7e68dfbd7000-7e68dfbd8000 rw-p 00000000 00:00 0 
7e68dfbd8000-7e68dfbdc000 r--p 00000000 fc:00 35399816                   /home/henriqueramos_qs/meta-learning-concept-drift/.venv/lib/python3.12/site-packages/sklearn/decomposition/_online_lda_fast.cpython-312-x86_64-linux-gnu.so
7e68dfbdc000-7e68dfbf7000 r-xp 00004000 fc:00 35399816                   /home/henriqueramos_qs/meta-learning-concept-drift/.venv/lib/python3.12/site-packages/sklearn/decomposition/_online_lda_fast.cpython-312-x86_64-linux-gnu.so
7e68dfbf7000-7e68dfbfc000 r--p 0001f000 fc:00 35399816                   /home/henriqueramos_qs/meta-learning-concept-drift/.venv/lib/python3.12/site-packages/sklearn/decomposition/_online_lda_fast.cpython-312-x86_64-linux-gnu.so
7e68dfbfc000-7e68dfbfd000 ---p 00024000 fc:00 35399816                   /home/henriqueramos_qs/meta-learning-concept-drift/.venv/lib/python3.12/site-packages/sklearn/decomposition/_online_lda_fast.cpython-312-x86_64-linux-gnu.so
7e68dfbfd000-7e68dfbfe000 r--p 00024000 fc:00 35399816                   /home/henriqueramos_qs/meta-learning-concept-drift/.venv/lib/python3.12/site-packages/sklearn/decomposition/_online_lda_fast.cpython-312-x86_64-linux-gnu.so
7e68dfbfe000-7e68dfbff000 rw-p 00025000 fc:00 35399816                   /home/henriqueramos_qs/meta-learning-concept-drift/.venv/lib/python3.12/site-packages/sklearn/decomposition/_online_lda_fast.cpython-312-x86_64-linux-gnu.so
7e68dfbff000-7e68dfc00000 rw-p 00000000 00:00 0 
7e68dfc00000-7e68dfc0c000 r--p 00000000 fc:00 35399529                   /home/henriqueramos_qs/meta-learning-concept-drift/.venv/lib/python3.12/site-packages/sklearn/_loss/_loss.cpython-312-x86_64-linux-gnu.so
7e68dfc0c000-7e68dfe81000 r-xp 0000c000 fc:00 35399529                   /home/henriqueramos_qs/meta-learning-concept-drift/.venv/lib/python3.12/site-packages/sklearn/_loss/_loss.cpython-312-x86_64-linux-gnu.so
7e68dfe81000-7e68dfea7000 r--p 00281000 fc:00 35399529                   /home/henriqueramos_qs/meta-learning-concept-drift/.venv/lib/python3.12/site-packages/sklearn/_loss/_loss.cpython-312-x86_64-linux-gnu.so
7e68dfea7000-7e68dfea9000 r--p 002a6000 fc:00 35399529                   /home/henriqueramos_qs/meta-learning-concept-drift/.venv/lib/python3.12/site-packages/sklearn/_loss/_loss.cpython-312-x86_64-linux-gnu.so
7e68dfea9000-7e68dfeaf000 rw-p 002a8000 fc:00 35399529                   /home/henriqueramos_qs/meta-learning-concept-drift/.venv/lib/python3.12/site-packages/sklearn/_loss/_loss.cpython-312-x86_64-linux-gnu.so
7e68dfeaf000-7e68dfeb1000 rw-p 00000000 00:00 0 
7e68dfeb1000-7e68dfeb4000 rw-p 002ce000 fc:00 35399529                   /home/henriqueramos_qs/meta-learning-concept-drift/.venv/lib/python3.12/site-packages/sklearn/_loss/_loss.cpython-312-x86_64-linux-gnu.so
7e68dfeb5000-7e68dfeb9000 r--p 00000000 fc:00 35400126                   /home/henriqueramos_qs/meta-learning-concept-drift/.venv/lib/python3.12/site-packages/sklearn/manifold/_utils.cpython-312-x86_64-linux-gnu.so
7e68dfeb9000-7e68dfec2000 r-xp 00004000 fc:00 35400126                   /home/henriqueramos_qs/meta-learning-concept-drift/.venv/lib/python3.12/site-packages/sklearn/manifold/_utils.cpython-312-x86_64-linux-gnu.so
7e68dfec2000-7e68dfec6000 r--p 0000d000 fc:00 35400126                   /home/henriqueramos_qs/meta-learning-concept-drift/.venv/lib/python3.12/site-packages/sklearn/manifold/_utils.cpython-312-x86_64-linux-gnu.so
7e68dfec6000-7e68dfec7000 ---p 00011000 fc:00 35400126                   /home/henriqueramos_qs/meta-learning-concept-drift/.venv/lib/python3.12/site-packages/sklearn/manifold/_utils.cpython-312-x86_64-linux-gnu.so
7e68dfec7000-7e68dfec8000 r--p 00011000 fc:00 35400126                   /home/henriqueramos_qs/meta-learning-concept-drift/.venv/lib/python3.12/site-packages/sklearn/manifold/_utils.cpython-312-x86_64-linux-gnu.so
7e68dfec8000-7e68dfec9000 rw-p 00012000 fc:00 35400126                   /home/henriqueramos_qs/meta-learning-concept-drift/.venv/lib/python3.12/site-packages/sklearn/manifold/_utils.cpython-312-x86_64-linux-gnu.so
7e68dfec9000-7e68dffc9000 rw-p 00000000 00:00 0 
7e68dffc9000-7e68dffce000 r--p 00000000 fc:00 35400085                   /home/henriqueramos_qs/meta-learning-concept-drift/.venv/lib/python3.12/site-packages/sklearn/linear_model/_sgd_fast.cpython-312-x86_64-linux-gnu.so
7e68dffce000-7e68dffef000 r-xp 00005000 fc:00 35400085                   /home/henriqueramos_qs/meta-learning-concept-drift/.venv/lib/python3.12/site-packages/sklearn/linear_model/_sgd_fast.cpython-312-x86_64-linux-gnu.so
7e68dffef000-7e68dfff9000 r--p 00026000 fc:00 35400085                   /home/henriqueramos_qs/meta-learning-concept-drift/.venv/lib/python3.12/site-packages/sklearn/linear_model/_sgd_fast.cpython-312-x86_64-linux-gnu.so
7e68dfff9000-7e68dfffb000 r--p 0002f000 fc:00 35400085                   /home/henriqueramos_qs/meta-learning-concept-drift/.venv/lib/python3.12/site-packages/sklearn/linear_model/_sgd_fast.cpython-312-x86_64-linux-gnu.so
7e68dfffb000-7e68dfffd000 rw-p 00031000 fc:00 35400085                   /home/henriqueramos_qs/meta-learning-concept-drift/.venv/lib/python3.12/site-packages/sklearn/linear_model/_sgd_fast.cpython-312-x86_64-linux-gnu.so
7e68dfffd000-7e68dfffe000 rw-p 00000000 00:00 0 
7e68dfffe000-7e68e0007000 r--p 00000000 fc:00 35400332                   /home/henriqueramos_qs/meta-learning-concept-drift/.venv/lib/python3.12/site-packages/sklearn/svm/_libsvm_sparse.cpython-312-x86_64-linux-gnu.so
7e68e0007000-7e68e0046000 r-xp 00009000 fc:00 35400332                   /home/henriqueramos_qs/meta-learning-concept-drift/.venv/lib/python3.12/site-packages/sklearn/svm/_libsvm_sparse.cpython-312-x86_64-linux-gnu.so
7e68e0046000-7e68e0050000 r--p 00048000 fc:00 35400332                   /home/henriqueramos_qs/meta-learning-concept-drift/.venv/lib/python3.12/site-packages/sklearn/svm/_libsvm_sparse.cpython-312-x86_64-linux-gnu.so
7e68e0050000-7e68e0052000 r--p 00051000 fc:00 35400332                   /home/henriqueramos_qs/meta-learning-concept-drift/.venv/lib/python3.12/site-packages/sklearn/svm/_libsvm_sparse.cpython-312-x86_64-linux-gnu.so
7e68e0052000-7e68e0053000 rw-p 00053000 fc:00 35400332                   /home/henriqueramos_qs/meta-learning-concept-drift/.venv/lib/python3.12/site-packages/sklearn/svm/_libsvm_sparse.cpython-312-x86_64-linux-gnu.so
7e68e0053000-7e68e0400000 rw-p 00000000 00:00 0 
7e68e0400000-7e68e0425000 r-xp 00000000 fc:00 35399493                   /home/henriqueramos_qs/meta-learning-concept-drift/.venv/lib/python3.12/site-packages/scikit_learn.libs/libgomp-a34b3233.so.1.0.0
7e68e0425000-7e68e0624000 ---p 00025000 fc:00 35399493                   /home/henriqueramos_qs/meta-learning-concept-drift/.venv/lib/python3.12/site-packages/scikit_learn.libs/libgomp-a34b3233.so.1.0.0
7e68e0624000-7e68e0625000 r--p 00024000 fc:00 35399493                   /home/henriqueramos_qs/meta-learning-concept-drift/.venv/lib/python3.12/site-packages/scikit_learn.libs/libgomp-a34b3233.so.1.0.0
7e68e0625000-7e68e062a000 rw-p 00025000 fc:00 35399493                   /home/henriqueramos_qs/meta-learning-concept-drift/.venv/lib/python3.12/site-packages/scikit_learn.libs/libgomp-a34b3233.so.1.0.0
7e68e0633000-7e68e0636000 r--p 00000000 fc:00 35399849                   /home/henriqueramos_qs/meta-learning-concept-drift/.venv/lib/python3.12/site-packages/sklearn/ensemble/_hist_gradient_boosting/_binning.cpython-312-x86_64-linux-gnu.so
7e68e0636000-7e68e063f000 r-xp 00003000 fc:00 35399849                   /home/henriqueramos_qs/meta-learning-concept-drift/.venv/lib/python3.12/site-packages/sklearn/ensemble/_hist_gradient_boosting/_binning.cpython-312-x86_64-linux-gnu.so
7e68e063f000-7e68e0643000 r--p 0000c000 fc:00 35399849                   /home/henriqueramos_qs/meta-learning-concept-drift/.venv/lib/python3.12/site-packages/sklearn/ensemble/_hist_gradient_boosting/_binning.cpython-312-x86_64-linux-gnu.so
7e68e0643000-7e68e0644000 r--p 0000f000 fc:00 35399849                   /home/henriqueramos_qs/meta-learning-concept-drift/.venv/lib/python3.12/site-packages/sklearn/ensemble/_hist_gradient_boosting/_binning.cpython-312-x86_64-linux-gnu.so
7e68e0644000-7e68e0645000 rw-p 00010000 fc:00 35399849                   /home/henriqueramos_qs/meta-learning-concept-drift/.venv/lib/python3.12/site-packages/sklearn/ensemble/_hist_gradient_boosting/_binning.cpython-312-x86_64-linux-gnu.so
7e68e0645000-7e68e0648000 rw-p 00015000 fc:00 35399849                   /home/henriqueramos_qs/meta-learning-concept-drift/.venv/lib/python3.12/site-packages/sklearn/ensemble/_hist_gradient_boosting/_binning.cpython-312-x86_64-linux-gnu.so
7e68e0648000-7e68e0651000 r--p 00000000 fc:00 35400329                   /home/henriqueramos_qs/meta-learning-concept-drift/.venv/lib/python3.12/site-packages/sklearn/svm/_libsvm.cpython-312-x86_64-linux-gnu.so
7e68e0651000-7e68e0698000 r-xp 00009000 fc:00 35400329                   /home/henriqueramos_qs/meta-learning-concept-drift/.venv/lib/python3.12/site-packages/sklearn/svm/_libsvm.cpython-312-x86_64-linux-gnu.so
7e68e0698000-7e68e06a5000 r--p 00050000 fc:00 35400329                   /home/henriqueramos_qs/meta-learning-concept-drift/.venv/lib/python3.12/site-packages/sklearn/svm/_libsvm.cpython-312-x86_64-linux-gnu.so
7e68e06a5000-7e68e06a7000 r--p 0005c000 fc:00 35400329                   /home/henriqueramos_qs/meta-learning-concept-drift/.venv/lib/python3.12/site-packages/sklearn/svm/_libsvm.cpython-312-x86_64-linux-gnu.so
7e68e06a7000-7e68e06a9000 rw-p 0005e000 fc:00 35400329                   /home/henriqueramos_qs/meta-learning-concept-drift/.venv/lib/python3.12/site-packages/sklearn/svm/_libsvm.cpython-312-x86_64-linux-gnu.so
7e68e06a9000-7e68e07aa000 rw-p 00000000 00:00 0 
7e68e07aa000-7e68e07af000 r--p 00000000 fc:00 35400069                   /home/henriqueramos_qs/meta-learning-concept-drift/.venv/lib/python3.12/site-packages/sklearn/linear_model/_cd_fast.cpython-312-x86_64-linux-gnu.so
7e68e07af000-7e68e07f1000 r-xp 00005000 fc:00 35400069                   /home/henriqueramos_qs/meta-learning-concept-drift/.venv/lib/python3.12/site-packages/sklearn/linear_model/_cd_fast.cpython-312-x86_64-linux-gnu.so
7e68e07f1000-7e68e07fc000 r--p 00047000 fc:00 35400069                   /home/henriqueramos_qs/meta-learning-concept-drift/.venv/lib/python3.12/site-packages/sklearn/linear_model/_cd_fast.cpython-312-x86_64-linux-gnu.so
7e68e07fc000-7e68e07fd000 ---p 00052000 fc:00 35400069                   /home/henriqueramos_qs/meta-learning-concept-drift/.venv/lib/python3.12/site-packages/sklearn/linear_model/_cd_fast.cpython-312-x86_64-linux-gnu.so
7e68e07fd000-7e68e07fe000 r--p 00052000 fc:00 35400069                   /home/henriqueramos_qs/meta-learning-concept-drift/.venv/lib/python3.12/site-packages/sklearn/linear_model/_cd_fast.cpython-312-x86_64-linux-gnu.so
7e68e07fe000-7e68e07ff000 rw-p 00053000 fc:00 35400069                   /home/henriqueramos_qs/meta-learning-concept-drift/.venv/lib/python3.12/site-packages/sklearn/linear_model/_cd_fast.cpython-312-x86_64-linux-gnu.so
7e68e07ff000-7e68e0800000 rw-p 00000000 00:00 0 
7e68e0800000-7e68e080e000 r--p 00000000 fc:00 34868529                   /home/henriqueramos_qs/meta-learning-concept-drift/.venv/lib/python3.12/site-packages/scipy/special/cython_special.cpython-312-x86_64-linux-gnu.so
7e68e080e000-7e68e0aa4000 r-xp 0000e000 fc:00 34868529                   /home/henriqueramos_qs/meta-learning-concept-drift/.venv/lib/python3.12/site-packages/scipy/special/cython_special.cpython-312-x86_64-linux-gnu.so
7e68e0aa4000-7e68e0aea000 r--p 002a4000 fc:00 34868529                   /home/henriqueramos_qs/meta-learning-concept-drift/.venv/lib/python3.12/site-packages/scipy/special/cython_special.cpython-312-x86_64-linux-gnu.so
7e68e0aea000-7e68e0aeb000 r--p 002e9000 fc:00 34868529                   /home/henriqueramos_qs/meta-learning-concept-drift/.venv/lib/python3.12/site-packages/scipy/special/cython_special.cpython-312-x86_64-linux-gnu.so
7e68e0aeb000-7e68e0af0000 rw-p 002ea000 fc:00 34868529                   /home/henriqueramos_qs/meta-learning-concept-drift/.venv/lib/python3.12/site-packages/scipy/special/cython_special.cpython-312-x86_64-linux-gnu.so
7e68e0af0000-7e68e0af3000 rw-p 00000000 00:00 0 
7e68e0afa000-7e68e0afe000 r--p 00000000 fc:00 35399840                   /home/henriqueramos_qs/meta-learning-concept-drift/.venv/lib/python3.12/site-packages/sklearn/ensemble/_gradient_boosting.cpython-312-x86_64-linux-gnu.so
7e68e0afe000-7e68e0b0e000 r-xp 00004000 fc:00 35399840                   /home/henriqueramos_qs/meta-learning-concept-drift/.venv/lib/python3.12/site-packages/sklearn/ensemble/_gradient_boosting.cpython-312-x86_64-linux-gnu.so
7e68e0b0e000-7e68e0b13000 r--p 00014000 fc:00 35399840                   /home/henriqueramos_qs/meta-learning-concept-drift/.venv/lib/python3.12/site-packages/sklearn/ensemble/_gradient_boosting.cpython-312-x86_64-linux-gnu.so
7e68e0b13000-7e68e0b14000 ---p 00019000 fc:00 35399840                   /home/henriqueramos_qs/meta-learning-concept-drift/.venv/lib/python3.12/site-packages/sklearn/ensemble/_gradient_boosting.cpython-312-x86_64-linux-gnu.so
7e68e0b14000-7e68e0b15000 r--p 00019000 fc:00 35399840                   /home/henriqueramos_qs/meta-learning-concept-drift/.venv/lib/python3.12/site-packages/sklearn/ensemble/_gradient_boosting.cpython-312-x86_64-linux-gnu.so
7e68e0b15000-7e68e0b16000 rw-p 0001a000 fc:00 35399840                   /home/henriqueramos_qs/meta-learning-concept-drift/.venv/lib/python3.12/site-packages/sklearn/ensemble/_gradient_boosting.cpython-312-x86_64-linux-gnu.so
7e68e0b16000-7e68e0b1a000 r--p 00000000 fc:00 35400083                   /home/henriqueramos_qs/meta-learning-concept-drift/.venv/lib/python3.12/site-packages/sklearn/linear_model/_sag_fast.cpython-312-x86_64-linux-gnu.so
7e68e0b1a000-7e68e0b31000 r-xp 00004000 fc:00 35400083                   /home/henriqueramos_qs/meta-learning-concept-drift/.venv/lib/python3.12/site-packages/sklearn/linear_model/_sag_fast.cpython-312-x86_64-linux-gnu.so
7e68e0b31000-7e68e0b38000 r--p 0001b000 fc:00 35400083                   /home/henriqueramos_qs/meta-learning-concept-drift/.venv/lib/python3.12/site-packages/sklearn/linear_model/_sag_fast.cpython-312-x86_64-linux-gnu.so
7e68e0b38000-7e68e0b39000 r--p 00021000 fc:00 35400083                   /home/henriqueramos_qs/meta-learning-concept-drift/.venv/lib/python3.12/site-packages/sklearn/linear_model/_sag_fast.cpython-312-x86_64-linux-gnu.so
7e68e0b39000-7e68e0b3a000 rw-p 00022000 fc:00 35400083                   /home/henriqueramos_qs/meta-learning-concept-drift/.venv/lib/python3.12/site-packages/sklearn/linear_model/_sag_fast.cpython-312-x86_64-linux-gnu.so
7e68e0b3a000-7e68e0b3f000 r--p 00000000 fc:00 35400448                   /home/henriqueramos_qs/meta-learning-concept-drift/.venv/lib/python3.12/site-packages/sklearn/utils/_random.cpython-312-x86_64-linux-gnu.so
7e68e0b3f000-7e68e0b64000 r-xp 00005000 fc:00 35400448                   /home/henriqueramos_qs/meta-learning-concept-drift/.venv/lib/python3.12/site-packages/sklearn/utils/_random.cpython-312-x86_64-linux-gnu.so
7e68e0b64000-7e68e0b6c000 r--p 0002a000 fc:00 35400448                   /home/henriqueramos_qs/meta-learning-concept-drift/.venv/lib/python3.12/site-packages/sklearn/utils/_random.cpython-312-x86_64-linux-gnu.so
7e68e0b6c000-7e68e0b6d000 ---p 00032000 fc:00 35400448                   /home/henriqueramos_qs/meta-learning-concept-drift/.venv/lib/python3.12/site-packages/sklearn/utils/_random.cpython-312-x86_64-linux-gnu.so
7e68e0b6d000-7e68e0b6e000 r--p 00032000 fc:00 35400448                   /home/henriqueramos_qs/meta-learning-concept-drift/.venv/lib/python3.12/site-packages/sklearn/utils/_random.cpython-312-x86_64-linux-gnu.so
7e68e0b6e000-7e68e0b6f000 rw-p 00033000 fc:00 35400448                   /home/henriqueramos_qs/meta-learning-concept-drift/.venv/lib/python3.12/site-packages/sklearn/utils/_random.cpython-312-x86_64-linux-gnu.so
7e68e0b6f000-7e68e0b70000 rw-p 00000000 00:00 0 
7e68e0b70000-7e68e0b78000 r--p 00000000 fc:00 35400249                   /home/henriqueramos_qs/meta-learning-concept-drift/.venv/lib/python3.12/site-packages/sklearn/neighbors/_kd_tree.cpython-312-x86_64-linux-gnu.so
7e68e0b78000-7e68e0be5000 r-xp 00008000 fc:00 35400249                   /home/henriqueramos_qs/meta-learning-concept-drift/.venv/lib/python3.12/site-packages/sklearn/neighbors/_kd_tree.cpython-312-x86_64-linux-gnu.so
7e68e0be5000-7e68e0bf9000 r--p 00075000 fc:00 35400249                   /home/henriqueramos_qs/meta-learning-concept-drift/.venv/lib/python3.12/site-packages/sklearn/neighbors/_kd_tree.cpython-312-x86_64-linux-gnu.so
7e68e0bf9000-7e68e0bfa000 ---p 00089000 fc:00 35400249                   /home/henriqueramos_qs/meta-learning-concept-drift/.venv/lib/python3.12/site-packages/sklearn/neighbors/_kd_tree.cpython-312-x86_64-linux-gnu.so
7e68e0bfa000-7e68e0bfc000 r--p 00089000 fc:00 35400249                   /home/henriqueramos_qs/meta-learning-concept-drift/.venv/lib/python3.12/site-packages/sklearn/neighbors/_kd_tree.cpython-312-x86_64-linux-gnu.so
7e68e0bfc000-7e68e0bff000 rw-p 0008b000 fc:00 35400249                   /home/henriqueramos_qs/meta-learning-concept-drift/.venv/lib/python3.12/site-packages/sklearn/neighbors/_kd_tree.cpython-312-x86_64-linux-gnu.so
7e68e0bff000-7e68e0c00000 rw-p 00000000 00:00 0 
7e68e0c00000-7e68e0c0d000 r--p 00000000 fc:00 34868342                   /home/henriqueramos_qs/meta-learning-concept-drift/.venv/lib/python3.12/site-packages/scipy/optimize/_highs/_highs_wrapper.cpython-312-x86_64-linux-gnu.so
7e68e0c0d000-7e68e0f04000 r-xp 0000d000 fc:00 34868342                   /home/henriqueramos_qs/meta-learning-concept-drift/.venv/lib/python3.12/site-packages/scipy/optimize/_highs/_highs_wrapper.cpython-312-x86_64-linux-gnu.so
7e68e0f04000-7e68e0f72000 r--p 00304000 fc:00 34868342                   /home/henriqueramos_qs/meta-learning-concept-drift/.venv/lib/python3.12/site-packages/scipy/optimize/_highs/_highs_wrapper.cpython-312-x86_64-linux-gnu.so
7e68e0f72000-7e68e0f74000 r--p 00371000 fc:00 34868342                   /home/henriqueramos_qs/meta-learning-concept-drift/.venv/lib/python3.12/site-packages/scipy/optimize/_highs/_highs_wrapper.cpython-312-x86_64-linux-gnu.so
7e68e0f74000-7e68e0f76000 rw-p 00373000 fc:00 34868342                   /home/henriqueramos_qs/meta-learning-concept-drift/.venv/lib/python3.12/site-packages/scipy/optimize/_highs/_highs_wrapper.cpython-312-x86_64-linux-gnu.so
7e68e0f76000-7e68e0f7a000 rw-p 00000000 00:00 0 
7e68e0f7b000-7e68e0f81000 r--p 00000000 fc:00 35400326                   /home/henriqueramos_qs/meta-learning-concept-drift/.venv/lib/python3.12/site-packages/sklearn/svm/_liblinear.cpython-312-x86_64-linux-gnu.so
7e68e0f81000-7e68e0f9b000 r-xp 00006000 fc:00 35400326                   /home/henriqueramos_qs/meta-learning-concept-drift/.venv/lib/python3.12/site-packages/sklearn/svm/_liblinear.cpython-312-x86_64-linux-gnu.so
7e68e0f9b000-7e68e0fa1000 r--p 00020000 fc:00 35400326                   /home/henriqueramos_qs/meta-learning-concept-drift/.venv/lib/python3.12/site-packages/sklearn/svm/_liblinear.cpython-312-x86_64-linux-gnu.so
7e68e0fa1000-7e68e0fa2000 ---p 00026000 fc:00 35400326                   /home/henriqueramos_qs/meta-learning-concept-drift/.venv/lib/python3.12/site-packages/sklearn/svm/_liblinear.cpython-312-x86_64-linux-gnu.so
7e68e0fa2000-7e68e0fa3000 r--p 00026000 fc:00 35400326                   /home/henriqueramos_qs/meta-learning-concept-drift/.venv/lib/python3.12/site-packages/sklearn/svm/_liblinear.cpython-312-x86_64-linux-gnu.so
7e68e0fa3000-7e68e0fa4000 rw-p 00027000 fc:00 35400326                   /home/henriqueramos_qs/meta-learning-concept-drift/.venv/lib/python3.12/site-packages/sklearn/svm/_liblinear.cpython-312-x86_64-linux-gnu.so
7e68e0fa4000-7e68e0fa6000 rw-p 00000000 00:00 0 
7e68e0fa6000-7e68e0fab000 r--p 00000000 fc:00 35400452                   /home/henriqueramos_qs/meta-learning-concept-drift/.venv/lib/python3.12/site-packages/sklearn/utils/_seq_dataset.cpython-312-x86_64-linux-gnu.so
7e68e0fab000-7e68e0fca000 r-xp 00005000 fc:00 35400452                   /home/henriqueramos_qs/meta-learning-concept-drift/.venv/lib/python3.12/site-packages/sklearn/utils/_seq_dataset.cpython-312-x86_64-linux-gnu.so
7e68e0fca000-7e68e0fd1000 r--p 00024000 fc:00 35400452                   /home/henriqueramos_qs/meta-learning-concept-drift/.venv/lib/python3.12/site-packages/sklearn/utils/_seq_dataset.cpython-312-x86_64-linux-gnu.so
7e68e0fd1000-7e68e0fd2000 ---p 0002b000 fc:00 35400452                   /home/henriqueramos_qs/meta-learning-concept-drift/.venv/lib/python3.12/site-packages/sklearn/utils/_seq_dataset.cpython-312-x86_64-linux-gnu.so
7e68e0fd2000-7e68e0fd3000 r--p 0002b000 fc:00 35400452                   /home/henriqueramos_qs/meta-learning-concept-drift/.venv/lib/python3.12/site-packages/sklearn/utils/_seq_dataset.cpython-312-x86_64-linux-gnu.so
7e68e0fd3000-7e68e0fd5000 rw-p 0002c000 fc:00 35400452                   /home/henriqueramos_qs/meta-learning-concept-drift/.venv/lib/python3.12/site-packages/sklearn/utils/_seq_dataset.cpython-312-x86_64-linux-gnu.so
7e68e0fd5000-7e68e0fd6000 rw-p 00000000 00:00 0 
7e68e0fd6000-7e68e0fda000 r--p 00000000 fc:00 35400473                   /home/henriqueramos_qs/meta-learning-concept-drift/.venv/lib/python3.12/site-packages/sklearn/utils/arrayfuncs.cpython-312-x86_64-linux-gnu.so
7e68e0fda000-7e68e0ff6000 r-xp 00004000 fc:00 35400473                   /home/henriqueramos_qs/meta-learning-concept-drift/.venv/lib/python3.12/site-packages/sklearn/utils/arrayfuncs.cpython-312-x86_64-linux-gnu.so
7e68e0ff6000-7e68e0ffc000 r--p 00020000 fc:00 35400473                   /home/henriqueramos_qs/meta-learning-concept-drift/.venv/lib/python3.12/site-packages/sklearn/utils/arrayfuncs.cpython-312-x86_64-linux-gnu.so
7e68e0ffc000-7e68e0ffd000 ---p 00026000 fc:00 35400473                   /home/henriqueramos_qs/meta-learning-concept-drift/.venv/lib/python3.12/site-packages/sklearn/utils/arrayfuncs.cpython-312-x86_64-linux-gnu.so
7e68e0ffd000-7e68e0ffe000 r--p 00026000 fc:00 35400473                   /home/henriqueramos_qs/meta-learning-concept-drift/.venv/lib/python3.12/site-packages/sklearn/utils/arrayfuncs.cpython-312-x86_64-linux-gnu.so
7e68e0ffe000-7e68e0fff000 rw-p 00027000 fc:00 35400473                   /home/henriqueramos_qs/meta-learning-concept-drift/.venv/lib/python3.12/site-packages/sklearn/utils/arrayfuncs.cpython-312-x86_64-linux-gnu.so
7e68e0fff000-7e68e1000000 rw-p 00000000 00:00 0 
7e68e1000000-7e68e103b000 r-xp 00000000 fc:00 34868032                   /home/henriqueramos_qs/meta-learning-concept-drift/.venv/lib/python3.12/site-packages/scipy.libs/libquadmath-96973f99.so.0.0.0
7e68e103b000-7e68e123a000 ---p 0003b000 fc:00 34868032                   /home/henriqueramos_qs/meta-learning-concept-drift/.venv/lib/python3.12/site-packages/scipy.libs/libquadmath-96973f99.so.0.0.0
7e68e123a000-7e68e123b000 r--p 0003a000 fc:00 34868032                   /home/henriqueramos_qs/meta-learning-concept-drift/.venv/lib/python3.12/site-packages/scipy.libs/libquadmath-96973f99.so.0.0.0
7e68e123b000-7e68e123d000 rw-p 0003b000 fc:00 34868032                   /home/henriqueramos_qs/meta-learning-concept-drift/.venv/lib/python3.12/site-packages/scipy.libs/libquadmath-96973f99.so.0.0.0
7e68e123e000-7e68e133e000 rw-p 00000000 00:00 0 
7e68e133e000-7e68e1343000 r--p 00000000 fc:00 35400172                   /home/henriqueramos_qs/meta-learning-concept-drift/.venv/lib/python3.12/site-packages/sklearn/metrics/_pairwise_distances_reduction/_radius_neighbors_classmode.cpython-312-x86_64-linux-gnu.so
7e68e1343000-7e68e135b000 r-xp 00005000 fc:00 35400172                   /home/henriqueramos_qs/meta-learning-concept-drift/.venv/lib/python3.12/site-packages/sklearn/metrics/_pairwise_distances_reduction/_radius_neighbors_classmode.cpython-312-x86_64-linux-gnu.so
7e68e135b000-7e68e1361000 r--p 0001d000 fc:00 35400172                   /home/henriqueramos_qs/meta-learning-concept-drift/.venv/lib/python3.12/site-packages/sklearn/metrics/_pairwise_distances_reduction/_radius_neighbors_classmode.cpython-312-x86_64-linux-gnu.so
7e68e1361000-7e68e1362000 ---p 00023000 fc:00 35400172                   /home/henriqueramos_qs/meta-learning-concept-drift/.venv/lib/python3.12/site-packages/sklearn/metrics/_pairwise_distances_reduction/_radius_neighbors_classmode.cpython-312-x86_64-linux-gnu.so
7e68e1362000-7e68e1363000 r--p 00023000 fc:00 35400172                   /home/henriqueramos_qs/meta-learning-concept-drift/.venv/lib/python3.12/site-packages/sklearn/metrics/_pairwise_distances_reduction/_radius_neighbors_classmode.cpython-312-x86_64-linux-gnu.so
7e68e1363000-7e68e1364000 rw-p 00024000 fc:00 35400172                   /home/henriqueramos_qs/meta-learning-concept-drift/.venv/lib/python3.12/site-packages/sklearn/metrics/_pairwise_distances_reduction/_radius_neighbors_classmode.cpython-312-x86_64-linux-gnu.so
7e68e1364000-7e68e1365000 rw-p 00000000 00:00 0 
7e68e1365000-7e68e1368000 rw-p 0002e000 fc:00 35400172                   /home/henriqueramos_qs/meta-learning-concept-drift/.venv/lib/python3.12/site-packages/sklearn/metrics/_pairwise_distances_reduction/_radius_neighbors_classmode.cpython-312-x86_64-linux-gnu.so
7e68e1368000-7e68e136e000 r--p 00000000 fc:00 35400166                   /home/henriqueramos_qs/meta-learning-concept-drift/.venv/lib/python3.12/site-packages/sklearn/metrics/_pairwise_distances_reduction/_middle_term_computer.cpython-312-x86_64-linux-gnu.so
7e68e136e000-7e68e13a1000 r-xp 00006000 fc:00 35400166                   /home/henriqueramos_qs/meta-learning-concept-drift/.venv/lib/python3.12/site-packages/sklearn/metrics/_pairwise_distances_reduction/_middle_term_computer.cpython-312-x86_64-linux-gnu.so
7e68e13a1000-7e68e13ad000 r--p 00039000 fc:00 35400166                   /home/henriqueramos_qs/meta-learning-concept-drift/.venv/lib/python3.12/site-packages/sklearn/metrics/_pairwise_distances_reduction/_middle_term_computer.cpython-312-x86_64-linux-gnu.so
7e68e13ad000-7e68e13ae000 ---p 00045000 fc:00 35400166                   /home/henriqueramos_qs/meta-learning-concept-drift/.venv/lib/python3.12/site-packages/sklearn/metrics/_pairwise_distances_reduction/_middle_term_computer.cpython-312-x86_64-linux-gnu.so
7e68e13ae000-7e68e13af000 r--p 00045000 fc:00 35400166                   /home/henriqueramos_qs/meta-learning-concept-drift/.venv/lib/python3.12/site-packages/sklearn/metrics/_pairwise_distances_reduction/_middle_term_computer.cpython-312-x86_64-linux-gnu.so
7e68e13af000-7e68e13b1000 rw-p 00046000 fc:00 35400166                   /home/henriqueramos_qs/meta-learning-concept-drift/.venv/lib/python3.12/site-packages/sklearn/metrics/_pairwise_distances_reduction/_middle_term_computer.cpython-312-x86_64-linux-gnu.so
7e68e13b1000-7e68e13b2000 rw-p 00000000 00:00 0 
7e68e13b2000-7e68e13b7000 r--p 00000000 fc:00 35400423                   /home/henriqueramos_qs/meta-learning-concept-drift/.venv/lib/python3.12/site-packages/sklearn/utils/_cython_blas.cpython-312-x86_64-linux-gnu.so
7e68e13b7000-7e68e13f4000 r-xp 00005000 fc:00 35400423                   /home/henriqueramos_qs/meta-learning-concept-drift/.venv/lib/python3.12/site-packages/sklearn/utils/_cython_blas.cpython-312-x86_64-linux-gnu.so
7e68e13f4000-7e68e13fd000 r--p 00042000 fc:00 35400423                   /home/henriqueramos_qs/meta-learning-concept-drift/.venv/lib/python3.12/site-packages/sklearn/utils/_cython_blas.cpython-312-x86_64-linux-gnu.so
7e68e13fd000-7e68e13fe000 r--p 0004a000 fc:00 35400423                   /home/henriqueramos_qs/meta-learning-concept-drift/.venv/lib/python3.12/site-packages/sklearn/utils/_cython_blas.cpython-312-x86_64-linux-gnu.so
7e68e13fe000-7e68e1400000 rw-p 0004b000 fc:00 35400423                   /home/henriqueramos_qs/meta-learning-concept-drift/.venv/lib/python3.12/site-packages/sklearn/utils/_cython_blas.cpython-312-x86_64-linux-gnu.so
7e68e1400000-7e68e1676000 r-xp 00000000 fc:00 34868034                   /home/henriqueramos_qs/meta-learning-concept-drift/.venv/lib/python3.12/site-packages/scipy.libs/libgfortran-040039e1.so.5.0.0
7e68e1676000-7e68e1875000 ---p 00276000 fc:00 34868034                   /home/henriqueramos_qs/meta-learning-concept-drift/.venv/lib/python3.12/site-packages/scipy.libs/libgfortran-040039e1.so.5.0.0
7e68e1875000-7e68e1876000 r--p 00275000 fc:00 34868034                   /home/henriqueramos_qs/meta-learning-concept-drift/.venv/lib/python3.12/site-packages/scipy.libs/libgfortran-040039e1.so.5.0.0
7e68e1876000-7e68e1878000 rw-p 00276000 fc:00 34868034                   /home/henriqueramos_qs/meta-learning-concept-drift/.venv/lib/python3.12/site-packages/scipy.libs/libgfortran-040039e1.so.5.0.0
7e68e1878000-7e68e188d000 rw-p 0027b000 fc:00 34868034                   /home/henriqueramos_qs/meta-learning-concept-drift/.venv/lib/python3.12/site-packages/scipy.libs/libgfortran-040039e1.so.5.0.0
7e68e188d000-7e68e1891000 r--p 00000000 fc:00 35400144                   /home/henriqueramos_qs/meta-learning-concept-drift/.venv/lib/python3.12/site-packages/sklearn/metrics/_pairwise_fast.cpython-312-x86_64-linux-gnu.so
7e68e1891000-7e68e18aa000 r-xp 00004000 fc:00 35400144                   /home/henriqueramos_qs/meta-learning-concept-drift/.venv/lib/python3.12/site-packages/sklearn/metrics/_pairwise_fast.cpython-312-x86_64-linux-gnu.so
7e68e18aa000-7e68e18af000 r--p 0001d000 fc:00 35400144                   /home/henriqueramos_qs/meta-learning-concept-drift/.venv/lib/python3.12/site-packages/sklearn/metrics/_pairwise_fast.cpython-312-x86_64-linux-gnu.so
7e68e18af000-7e68e18b0000 ---p 00022000 fc:00 35400144                   /home/henriqueramos_qs/meta-learning-concept-drift/.venv/lib/python3.12/site-packages/sklearn/metrics/_pairwise_fast.cpython-312-x86_64-linux-gnu.so
7e68e18b0000-7e68e18b1000 r--p 00022000 fc:00 35400144                   /home/henriqueramos_qs/meta-learning-concept-drift/.venv/lib/python3.12/site-packages/sklearn/metrics/_pairwise_fast.cpython-312-x86_64-linux-gnu.so
7e68e18b1000-7e68e18b2000 rw-p 00023000 fc:00 35400144                   /home/henriqueramos_qs/meta-learning-concept-drift/.venv/lib/python3.12/site-packages/sklearn/metrics/_pairwise_fast.cpython-312-x86_64-linux-gnu.so
7e68e18b2000-7e68e18b3000 rw-p 00000000 00:00 0 
7e68e18b3000-7e68e18b6000 rw-p 0002a000 fc:00 35400144                   /home/henriqueramos_qs/meta-learning-concept-drift/.venv/lib/python3.12/site-packages/sklearn/metrics/_pairwise_fast.cpython-312-x86_64-linux-gnu.so
7e68e18b6000-7e68e18bc000 r--p 00000000 fc:00 35400162                   /home/henriqueramos_qs/meta-learning-concept-drift/.venv/lib/python3.12/site-packages/sklearn/metrics/_pairwise_distances_reduction/_datasets_pair.cpython-312-x86_64-linux-gnu.so
7e68e18bc000-7e68e18ef000 r-xp 00006000 fc:00 35400162                   /home/henriqueramos_qs/meta-learning-concept-drift/.venv/lib/python3.12/site-packages/sklearn/metrics/_pairwise_distances_reduction/_datasets_pair.cpython-312-x86_64-linux-gnu.so
7e68e18ef000-7e68e18fc000 r--p 00039000 fc:00 35400162                   /home/henriqueramos_qs/meta-learning-concept-drift/.venv/lib/python3.12/site-packages/sklearn/metrics/_pairwise_distances_reduction/_datasets_pair.cpython-312-x86_64-linux-gnu.so
7e68e18fc000-7e68e18fd000 r--p 00045000 fc:00 35400162                   /home/henriqueramos_qs/meta-learning-concept-drift/.venv/lib/python3.12/site-packages/sklearn/metrics/_pairwise_distances_reduction/_datasets_pair.cpython-312-x86_64-linux-gnu.so
7e68e18fd000-7e68e1900000 rw-p 00046000 fc:00 35400162                   /home/henriqueramos_qs/meta-learning-concept-drift/.venv/lib/python3.12/site-packages/sklearn/metrics/_pairwise_distances_reduction/_datasets_pair.cpython-312-x86_64-linux-gnu.so
7e68e1900000-7e68e1a00000 rw-p 00000000 00:00 0 
7e68e1a00000-7e68e1a3c000 r--p 00000000 fc:00 34868759                   /home/henriqueramos_qs/meta-learning-concept-drift/.venv/lib/python3.12/site-packages/scipy/linalg/_flapack.cpython-312-x86_64-linux-gnu.so
7e68e1a3c000-7e68e1b05000 r-xp 0003c000 fc:00 34868759                   /home/henriqueramos_qs/meta-learning-concept-drift/.venv/lib/python3.12/site-packages/scipy/linalg/_flapack.cpython-312-x86_64-linux-gnu.so
7e68e1b05000-7e68e1b81000 r--p 00105000 fc:00 34868759                   /home/henriqueramos_qs/meta-learning-concept-drift/.venv/lib/python3.12/site-packages/scipy/linalg/_flapack.cpython-312-x86_64-linux-gnu.so
7e68e1b81000-7e68e1b82000 ---p 00181000 fc:00 34868759                   /home/henriqueramos_qs/meta-learning-concept-drift/.venv/lib/python3.12/site-packages/scipy/linalg/_flapack.cpython-312-x86_64-linux-gnu.so
7e68e1b82000-7e68e1b83000 r--p 00181000 fc:00 34868759                   /home/henriqueramos_qs/meta-learning-concept-drift/.venv/lib/python3.12/site-packages/scipy/linalg/_flapack.cpython-312-x86_64-linux-gnu.so
7e68e1b83000-7e68e1c0f000 rw-p 00182000 fc:00 34868759                   /home/henriqueramos_qs/meta-learning-concept-drift/.venv/lib/python3.12/site-packages/scipy/linalg/_flapack.cpython-312-x86_64-linux-gnu.so
7e68e1c0f000-7e68e1c27000 rw-p 0023a000 fc:00 34868759                   /home/henriqueramos_qs/meta-learning-concept-drift/.venv/lib/python3.12/site-packages/scipy/linalg/_flapack.cpython-312-x86_64-linux-gnu.so
7e68e1c2c000-7e68e1c32000 r--p 00000000 fc:00 35400169                   /home/henriqueramos_qs/meta-learning-concept-drift/.venv/lib/python3.12/site-packages/sklearn/metrics/_pairwise_distances_reduction/_radius_neighbors.cpython-312-x86_64-linux-gnu.so
7e68e1c32000-7e68e1c54000 r-xp 00006000 fc:00 35400169                   /home/henriqueramos_qs/meta-learning-concept-drift/.venv/lib/python3.12/site-packages/sklearn/metrics/_pairwise_distances_reduction/_radius_neighbors.cpython-312-x86_64-linux-gnu.so
7e68e1c54000-7e68e1c5d000 r--p 00028000 fc:00 35400169                   /home/henriqueramos_qs/meta-learning-concept-drift/.venv/lib/python3.12/site-packages/sklearn/metrics/_pairwise_distances_reduction/_radius_neighbors.cpython-312-x86_64-linux-gnu.so
7e68e1c5d000-7e68e1c5e000 ---p 00031000 fc:00 35400169                   /home/henriqueramos_qs/meta-learning-concept-drift/.venv/lib/python3.12/site-packages/sklearn/metrics/_pairwise_distances_reduction/_radius_neighbors.cpython-312-x86_64-linux-gnu.so
7e68e1c5e000-7e68e1c5f000 r--p 00031000 fc:00 35400169                   /home/henriqueramos_qs/meta-learning-concept-drift/.venv/lib/python3.12/site-packages/sklearn/metrics/_pairwise_distances_reduction/_radius_neighbors.cpython-312-x86_64-linux-gnu.so
7e68e1c5f000-7e68e1c61000 rw-p 00032000 fc:00 35400169                   /home/henriqueramos_qs/meta-learning-concept-drift/.venv/lib/python3.12/site-packages/sklearn/metrics/_pairwise_distances_reduction/_radius_neighbors.cpython-312-x86_64-linux-gnu.so
7e68e1c61000-7e68e1c62000 rw-p 00000000 00:00 0 
7e68e1c62000-7e68e1c66000 rw-p 00042000 fc:00 35400169                   /home/henriqueramos_qs/meta-learning-concept-drift/.venv/lib/python3.12/site-packages/sklearn/metrics/_pairwise_distances_reduction/_radius_neighbors.cpython-312-x86_64-linux-gnu.so
7e68e1c66000-7e68e1c6e000 r--p 00000000 fc:00 34868958                   /home/henriqueramos_qs/meta-learning-concept-drift/.venv/lib/python3.12/site-packages/scipy/stats/_unuran/unuran_wrapper.cpython-312-x86_64-linux-gnu.so
7e68e1c6e000-7e68e1d7d000 r-xp 00008000 fc:00 34868958                   /home/henriqueramos_qs/meta-learning-concept-drift/.venv/lib/python3.12/site-packages/scipy/stats/_unuran/unuran_wrapper.cpython-312-x86_64-linux-gnu.so
7e68e1d7d000-7e68e1db9000 r--p 00117000 fc:00 34868958                   /home/henriqueramos_qs/meta-learning-concept-drift/.venv/lib/python3.12/site-packages/scipy/stats/_unuran/unuran_wrapper.cpython-312-x86_64-linux-gnu.so
7e68e1db9000-7e68e1dba000 ---p 00153000 fc:00 34868958                   /home/henriqueramos_qs/meta-learning-concept-drift/.venv/lib/python3.12/site-packages/scipy/stats/_unuran/unuran_wrapper.cpython-312-x86_64-linux-gnu.so
7e68e1dba000-7e68e1dbb000 r--p 00153000 fc:00 34868958                   /home/henriqueramos_qs/meta-learning-concept-drift/.venv/lib/python3.12/site-packages/scipy/stats/_unuran/unuran_wrapper.cpython-312-x86_64-linux-gnu.so
7e68e1dbb000-7e68e1dc0000 rw-p 00154000 fc:00 34868958                   /home/henriqueramos_qs/meta-learning-concept-drift/.venv/lib/python3.12/site-packages/scipy/stats/_unuran/unuran_wrapper.cpython-312-x86_64-linux-gnu.so
7e68e1dc0000-7e68e1dc1000 rw-p 00000000 00:00 0 
7e68e1dc1000-7e68e1dc2000 ---p 00000000 00:00 0 
7e68e1dc2000-7e68e25c2000 rw-p 00000000 00:00 0 
7e68e25c2000-7e68e25c3000 ---p 00000000 00:00 0 
7e68e25c3000-7e68e2dc3000 rw-p 00000000 00:00 0 
7e68e2dc3000-7e68e2dc4000 ---p 00000000 00:00 0 
7e68e2dc4000-7e68e35c4000 rw-p 00000000 00:00 0 
7e68e35c4000-7e68e35c5000 ---p 00000000 00:00 0 
7e68e35c5000-7e68e3dc5000 rw-p 00000000 00:00 0 
7e68e3dc5000-7e68e3dc6000 ---p 00000000 00:00 0 
7e68e3dc6000-7e68e45c6000 rw-p 00000000 00:00 0 
7e68e45c6000-7e68e45c7000 ---p 00000000 00:00 0 
7e68e45c7000-7e68e4dc7000 rw-p 00000000 00:00 0 
7e68e4dc7000-7e68e4dc8000 ---p 00000000 00:00 0 
7e68e4dc8000-7e68e55c8000 rw-p 00000000 00:00 0 
7e68e55c8000-7e68e55c9000 ---p 00000000 00:00 0 
7e68e55c9000-7e68e5dc9000 rw-p 00000000 00:00 0 
7e68e5dc9000-7e68e5dca000 ---p 00000000 00:00 0 
7e68e5dca000-7e68e65ca000 rw-p 00000000 00:00 0 
7e68e65ca000-7e68e65cb000 ---p 00000000 00:00 0 
7e68e65cb000-7e68e6dcb000 rw-p 00000000 00:00 0 
7e68e6dcb000-7e68e6dcc000 ---p 00000000 00:00 0 
7e68e6dcc000-7e68e75cc000 rw-p 00000000 00:00 0 
7e68e75cc000-7e68e75cd000 ---p 00000000 00:00 0 
7e68e75cd000-7e68e7dcd000 rw-p 00000000 00:00 0 
7e68e7dcd000-7e68e7dce000 ---p 00000000 00:00 0 
7e68e7dce000-7e68e85ce000 rw-p 00000000 00:00 0 
7e68e85ce000-7e68e85cf000 ---p 00000000 00:00 0 
7e68e85cf000-7e68e8dcf000 rw-p 00000000 00:00 0 
7e68e8dcf000-7e68e8dd0000 ---p 00000000 00:00 0 
7e68e8dd0000-7e68e95d0000 rw-p 00000000 00:00 0 
7e68e95d0000-7e68e95d1000 ---p 00000000 00:00 0 
7e68e95d1000-7e68e9dd1000 rw-p 00000000 00:00 0 
7e68e9dd1000-7e68e9dd2000 ---p 00000000 00:00 0 
7e68e9dd2000-7e68ea5d2000 rw-p 00000000 00:00 0 
7e68ea5d2000-7e68ea5d3000 ---p 00000000 00:00 0 
7e68ea5d3000-7e68eadd3000 rw-p 00000000 00:00 0 
7e68eadd3000-7e68eadd4000 ---p 00000000 00:00 0 
7e68eadd4000-7e68eb5d4000 rw-p 00000000 00:00 0 
7e68eb5d4000-7e68eb5d5000 ---p 00000000 00:00 0 
7e68eb5d5000-7e68ebdd5000 rw-p 00000000 00:00 0 
7e68ebdd5000-7e68ebdd6000 ---p 00000000 00:00 0 
7e68ebdd6000-7e68ec5d6000 rw-p 00000000 00:00 0 
7e68ec5d6000-7e68ec5d7000 ---p 00000000 00:00 0 
7e68ec5d7000-7e68ecdd7000 rw-p 00000000 00:00 0 
7e68ecdd7000-7e68ecdd8000 ---p 00000000 00:00 0 
7e68ecdd8000-7e68ed5d8000 rw-p 00000000 00:00 0 
7e68ed5d8000-7e68ed5d9000 ---p 00000000 00:00 0 
7e68ed5d9000-7e68eddd9000 rw-p 00000000 00:00 0 
7e68eddd9000-7e68eddda000 ---p 00000000 00:00 0 
7e68eddda000-7e68ee5da000 rw-p 00000000 00:00 0 
7e68ee5da000-7e68ee5db000 ---p 00000000 00:00 0 
7e68ee5db000-7e68eeddb000 rw-p 00000000 00:00 0 
7e68eeddb000-7e68eeddc000 ---p 00000000 00:00 0 
7e68eeddc000-7e68ef5dc000 rw-p 00000000 00:00 0 
7e68ef5dc000-7e68ef5dd000 ---p 00000000 00:00 0 
7e68ef5dd000-7e68efddd000 rw-p 00000000 00:00 0 
7e68efddd000-7e68efdde000 ---p 00000000 00:00 0 
7e68efdde000-7e68f05de000 rw-p 00000000 00:00 0 
7e68f05de000-7e68f05df000 ---p 00000000 00:00 0 
7e68f05df000-7e68f0ddf000 rw-p 00000000 00:00 0 
7e68f0ddf000-7e68f0de0000 ---p 00000000 00:00 0 
7e68f0de0000-7e68f15e0000 rw-p 00000000 00:00 0 
7e68f15e0000-7e68f15e1000 ---p 00000000 00:00 0 
7e68f15e1000-7e68f1de1000 rw-p 00000000 00:00 0 
7e68f1de1000-7e68f1de2000 ---p 00000000 00:00 0 
7e68f1de2000-7e68f25e2000 rw-p 00000000 00:00 0 
7e68f25e2000-7e68f25e3000 ---p 00000000 00:00 0 
7e68f25e3000-7e68f2de3000 rw-p 00000000 00:00 0 
7e68f2de3000-7e68f2de4000 ---p 00000000 00:00 0 
7e68f2de4000-7e68f35e4000 rw-p 00000000 00:00 0 
7e68f35e4000-7e68f35e5000 ---p 00000000 00:00 0 
7e68f35e5000-7e68f3de5000 rw-p 00000000 00:00 0 
7e68f3de5000-7e68f3de6000 ---p 00000000 00:00 0 
7e68f3de6000-7e68f45e6000 rw-p 00000000 00:00 0 
7e68f45e6000-7e68f45e7000 ---p 00000000 00:00 0 
7e68f45e7000-7e68f4de7000 rw-p 00000000 00:00 0 
7e68f4de7000-7e68f4de8000 ---p 00000000 00:00 0 
7e68f4de8000-7e68f55e8000 rw-p 00000000 00:00 0 
7e68f55e8000-7e68f55e9000 ---p 00000000 00:00 0 
7e68f55e9000-7e68f5de9000 rw-p 00000000 00:00 0 
7e68f5de9000-7e68f5dea000 ---p 00000000 00:00 0 
7e68f5dea000-7e68f65ea000 rw-p 00000000 00:00 0 
7e68f65ea000-7e68f65eb000 ---p 00000000 00:00 0 
7e68f65eb000-7e68f6deb000 rw-p 00000000 00:00 0 
7e68f6deb000-7e68f6dec000 ---p 00000000 00:00 0 
7e68f6dec000-7e68f75ec000 rw-p 00000000 00:00 0 
7e68f75ec000-7e68f75ed000 ---p 00000000 00:00 0 
7e68f75ed000-7e68f7ded000 rw-p 00000000 00:00 0 
7e68f7ded000-7e68f7dee000 ---p 00000000 00:00 0 
7e68f7dee000-7e68f85ee000 rw-p 00000000 00:00 0 
7e68f85ee000-7e68f85ef000 ---p 00000000 00:00 0 
7e68f85ef000-7e68f8def000 rw-p 00000000 00:00 0 
7e68f8def000-7e68f8df0000 ---p 00000000 00:00 0 
7e68f8df0000-7e68f95f0000 rw-p 00000000 00:00 0 
7e68f95f0000-7e68f95f1000 ---p 00000000 00:00 0 
7e68f95f1000-7e68f9df1000 rw-p 00000000 00:00 0 
7e68f9df1000-7e68f9df2000 ---p 00000000 00:00 0 
7e68f9df2000-7e68fa5f2000 rw-p 00000000 00:00 0 
7e68fa5f2000-7e68fa5f3000 ---p 00000000 00:00 0 
7e68fa5f3000-7e68fadf3000 rw-p 00000000 00:00 0 
7e68fadf3000-7e68fadf4000 ---p 00000000 00:00 0 
7e68fadf4000-7e68fb5f4000 rw-p 00000000 00:00 0 
7e68fb5f4000-7e68fb5f5000 ---p 00000000 00:00 0 
7e68fb5f5000-7e68fbdf5000 rw-p 00000000 00:00 0 
7e68fbdf5000-7e68fbdf6000 ---p 00000000 00:00 0 
7e68fbdf6000-7e68fc5f6000 rw-p 00000000 00:00 0 
7e68fc5f6000-7e68fc5f7000 ---p 00000000 00:00 0 
7e68fc5f7000-7e68fcdf7000 rw-p 00000000 00:00 0 
7e68fcdf7000-7e68fcdf8000 ---p 00000000 00:00 0 
7e68fcdf8000-7e68fd5f8000 rw-p 00000000 00:00 0 
7e68fd5f8000-7e68fd5f9000 ---p 00000000 00:00 0 
7e68fd5f9000-7e68fddf9000 rw-p 00000000 00:00 0 
7e68fddf9000-7e68fddfa000 ---p 00000000 00:00 0 
7e68fddfa000-7e68fe5fa000 rw-p 00000000 00:00 0 
7e68fe5fa000-7e68fe5fb000 ---p 00000000 00:00 0 
7e68fe5fb000-7e68fedfb000 rw-p 00000000 00:00 0 
7e68fedfb000-7e68fedfc000 ---p 00000000 00:00 0 
7e68fedfc000-7e68ff5fc000 rw-p 00000000 00:00 0 
7e68ff5fc000-7e68ff5fd000 ---p 00000000 00:00 0 
7e68ff5fd000-7e68ffdfd000 rw-p 00000000 00:00 0 
7e68ffdfd000-7e68ffdfe000 ---p 00000000 00:00 0 
7e68ffdfe000-7e69005fe000 rw-p 00000000 00:00 0 
7e69005fe000-7e69005ff000 ---p 00000000 00:00 0 
7e69005ff000-7e6900dff000 rw-p 00000000 00:00 0 
7e6900dff000-7e6900e00000 ---p 00000000 00:00 0 
7e6900e00000-7e6901600000 rw-p 00000000 00:00 0 
7e6901600000-7e6981600000 rw-p 00000000 00:00 0 
7e6981600000-7e698170e000 r--p 00000000 fc:00 34868036                   /home/henriqueramos_qs/meta-learning-concept-drift/.venv/lib/python3.12/site-packages/scipy.libs/libscipy_openblas-c128ec02.so
7e698170e000-7e6981716000 r-xp 0010e000 fc:00 34868036                   /home/henriqueramos_qs/meta-learning-concept-drift/.venv/lib/python3.12/site-packages/scipy.libs/libscipy_openblas-c128ec02.so
7e6981716000-7e6981718000 ---p 00116000 fc:00 34868036                   /home/henriqueramos_qs/meta-learning-concept-drift/.venv/lib/python3.12/site-packages/scipy.libs/libscipy_openblas-c128ec02.so
7e6981718000-7e698338f000 r-xp 00118000 fc:00 34868036                   /home/henriqueramos_qs/meta-learning-concept-drift/.venv/lib/python3.12/site-packages/scipy.libs/libscipy_openblas-c128ec02.so
7e698338f000-7e698359c000 r--p 01d8f000 fc:00 34868036                   /home/henriqueramos_qs/meta-learning-concept-drift/.venv/lib/python3.12/site-packages/scipy.libs/libscipy_openblas-c128ec02.so
7e698359c000-7e698359d000 ---p 01f9c000 fc:00 34868036                   /home/henriqueramos_qs/meta-learning-concept-drift/.venv/lib/python3.12/site-packages/scipy.libs/libscipy_openblas-c128ec02.so
7e698359d000-7e69835a3000 r--p 01f9c000 fc:00 34868036                   /home/henriqueramos_qs/meta-learning-concept-drift/.venv/lib/python3.12/site-packages/scipy.libs/libscipy_openblas-c128ec02.so
7e69835a3000-7e69835b9000 rw-p 01fa2000 fc:00 34868036                   /home/henriqueramos_qs/meta-learning-concept-drift/.venv/lib/python3.12/site-packages/scipy.libs/libscipy_openblas-c128ec02.so
7e69835b9000-7e69835c5000 rw-p 00000000 00:00 0 
7e69835c5000-7e698375e000 rw-p 020cb000 fc:00 34868036                   /home/henriqueramos_qs/meta-learning-concept-drift/.venv/lib/python3.12/site-packages/scipy.libs/libscipy_openblas-c128ec02.so
7e698375e000-7e6983762000 r--p 00000000 fc:00 35400406                   /home/henriqueramos_qs/meta-learning-concept-drift/.venv/lib/python3.12/site-packages/sklearn/tree/_utils.cpython-312-x86_64-linux-gnu.so
7e6983762000-7e6983774000 r-xp 00004000 fc:00 35400406                   /home/henriqueramos_qs/meta-learning-concept-drift/.venv/lib/python3.12/site-packages/sklearn/tree/_utils.cpython-312-x86_64-linux-gnu.so
7e6983774000-7e698377b000 r--p 00016000 fc:00 35400406                   /home/henriqueramos_qs/meta-learning-concept-drift/.venv/lib/python3.12/site-packages/sklearn/tree/_utils.cpython-312-x86_64-linux-gnu.so
7e698377b000-7e698377c000 r--p 0001c000 fc:00 35400406                   /home/henriqueramos_qs/meta-learning-concept-drift/.venv/lib/python3.12/site-packages/sklearn/tree/_utils.cpython-312-x86_64-linux-gnu.so
7e698377c000-7e698377d000 rw-p 0001d000 fc:00 35400406                   /home/henriqueramos_qs/meta-learning-concept-drift/.venv/lib/python3.12/site-packages/sklearn/tree/_utils.cpython-312-x86_64-linux-gnu.so
7e698377d000-7e698377e000 rw-p 00000000 00:00 0 
7e698377e000-7e6983787000 r--p 00000000 fc:00 35400140                   /home/henriqueramos_qs/meta-learning-concept-drift/.venv/lib/python3.12/site-packages/sklearn/metrics/_dist_metrics.cpython-312-x86_64-linux-gnu.so
7e6983787000-7e69837e0000 r-xp 00009000 fc:00 35400140                   /home/henriqueramos_qs/meta-learning-concept-drift/.venv/lib/python3.12/site-packages/sklearn/metrics/_dist_metrics.cpython-312-x86_64-linux-gnu.so
7e69837e0000-7e69837f5000 r--p 00062000 fc:00 35400140                   /home/henriqueramos_qs/meta-learning-concept-drift/.venv/lib/python3.12/site-packages/sklearn/metrics/_dist_metrics.cpython-312-x86_64-linux-gnu.so
7e69837f5000-7e69837f6000 ---p 00077000 fc:00 35400140                   /home/henriqueramos_qs/meta-learning-concept-drift/.venv/lib/python3.12/site-packages/sklearn/metrics/_dist_metrics.cpython-312-x86_64-linux-gnu.so
7e69837f6000-7e69837f8000 r--p 00077000 fc:00 35400140                   /home/henriqueramos_qs/meta-learning-concept-drift/.venv/lib/python3.12/site-packages/sklearn/metrics/_dist_metrics.cpython-312-x86_64-linux-gnu.so
7e69837f8000-7e69837fe000 rw-p 00079000 fc:00 35400140                   /home/henriqueramos_qs/meta-learning-concept-drift/.venv/lib/python3.12/site-packages/sklearn/metrics/_dist_metrics.cpython-312-x86_64-linux-gnu.so
7e69837fe000-7e6983800000 rw-p 00000000 00:00 0 
7e6983800000-7e6983803000 r--p 00000000 fc:00 34868078                   /home/henriqueramos_qs/meta-learning-concept-drift/.venv/lib/python3.12/site-packages/scipy/sparse/_sparsetools.cpython-312-x86_64-linux-gnu.so
7e6983803000-7e6983ba5000 r-xp 00003000 fc:00 34868078                   /home/henriqueramos_qs/meta-learning-concept-drift/.venv/lib/python3.12/site-packages/scipy/sparse/_sparsetools.cpython-312-x86_64-linux-gnu.so
7e6983ba5000-7e6983bf6000 r--p 003a5000 fc:00 34868078                   /home/henriqueramos_qs/meta-learning-concept-drift/.venv/lib/python3.12/site-packages/scipy/sparse/_sparsetools.cpython-312-x86_64-linux-gnu.so
7e6983bf6000-7e6983bf7000 r--p 003f5000 fc:00 34868078                   /home/henriqueramos_qs/meta-learning-concept-drift/.venv/lib/python3.12/site-packages/scipy/sparse/_sparsetools.cpython-312-x86_64-linux-gnu.so
7e6983bf7000-7e6983bf8000 rw-p 003f6000 fc:00 34868078                   /home/henriqueramos_qs/meta-learning-concept-drift/.venv/lib/python3.12/site-packages/scipy/sparse/_sparsetools.cpython-312-x86_64-linux-gnu.so
7e6983c00000-7e6983c0b000 r--p 00000000 fc:00 35393363                   /home/henriqueramos_qs/meta-learning-concept-drift/.venv/lib/python3.12/site-packages/pandas/_libs/groupby.cpython-312-x86_64-linux-gnu.so
7e6983c0b000-7e6983e66000 r-xp 0000b000 fc:00 35393363                   /home/henriqueramos_qs/meta-learning-concept-drift/.venv/lib/python3.12/site-packages/pandas/_libs/groupby.cpython-312-x86_64-linux-gnu.so
7e6983e66000-7e6983e8b000 r--p 00266000 fc:00 35393363                   /home/henriqueramos_qs/meta-learning-concept-drift/.venv/lib/python3.12/site-packages/pandas/_libs/groupby.cpython-312-x86_64-linux-gnu.so
7e6983e8b000-7e6983e8c000 ---p 0028b000 fc:00 35393363                   /home/henriqueramos_qs/meta-learning-concept-drift/.venv/lib/python3.12/site-packages/pandas/_libs/groupby.cpython-312-x86_64-linux-gnu.so
7e6983e8c000-7e6983e8f000 r--p 0028b000 fc:00 35393363                   /home/henriqueramos_qs/meta-learning-concept-drift/.venv/lib/python3.12/site-packages/pandas/_libs/groupby.cpython-312-x86_64-linux-gnu.so
7e6983e8f000-7e6983e95000 rw-p 0028e000 fc:00 35393363                   /home/henriqueramos_qs/meta-learning-concept-drift/.venv/lib/python3.12/site-packages/pandas/_libs/groupby.cpython-312-x86_64-linux-gnu.so
7e6983e95000-7e6983e98000 rw-p 00000000 00:00 0 
7e6983ea6000-7e6983eab000 r--p 00000000 fc:00 35400467                   /home/henriqueramos_qs/meta-learning-concept-drift/.venv/lib/python3.12/site-packages/sklearn/utils/_vector_sentinel.cpython-312-x86_64-linux-gnu.so
7e6983eab000-7e6983ebe000 r-xp 00005000 fc:00 35400467                   /home/henriqueramos_qs/meta-learning-concept-drift/.venv/lib/python3.12/site-packages/sklearn/utils/_vector_sentinel.cpython-312-x86_64-linux-gnu.so
7e6983ebe000-7e6983ec4000 r--p 00018000 fc:00 35400467                   /home/henriqueramos_qs/meta-learning-concept-drift/.venv/lib/python3.12/site-packages/sklearn/utils/_vector_sentinel.cpython-312-x86_64-linux-gnu.so
7e6983ec4000-7e6983ec5000 r--p 0001d000 fc:00 35400467                   /home/henriqueramos_qs/meta-learning-concept-drift/.venv/lib/python3.12/site-packages/sklearn/utils/_vector_sentinel.cpython-312-x86_64-linux-gnu.so
7e6983ec5000-7e6983ec7000 rw-p 0001e000 fc:00 35400467                   /home/henriqueramos_qs/meta-learning-concept-drift/.venv/lib/python3.12/site-packages/sklearn/utils/_vector_sentinel.cpython-312-x86_64-linux-gnu.so
7e6983ec7000-7e6983ecc000 r--p 00000000 fc:00 35400158                   /home/henriqueramos_qs/meta-learning-concept-drift/.venv/lib/python3.12/site-packages/sklearn/metrics/_pairwise_distances_reduction/_base.cpython-312-x86_64-linux-gnu.so
7e6983ecc000-7e6983ee7000 r-xp 00005000 fc:00 35400158                   /home/henriqueramos_qs/meta-learning-concept-drift/.venv/lib/python3.12/site-packages/sklearn/metrics/_pairwise_distances_reduction/_base.cpython-312-x86_64-linux-gnu.so
7e6983ee7000-7e6983eee000 r--p 00020000 fc:00 35400158                   /home/henriqueramos_qs/meta-learning-concept-drift/.venv/lib/python3.12/site-packages/sklearn/metrics/_pairwise_distances_reduction/_base.cpython-312-x86_64-linux-gnu.so
7e6983eee000-7e6983eef000 ---p 00027000 fc:00 35400158                   /home/henriqueramos_qs/meta-learning-concept-drift/.venv/lib/python3.12/site-packages/sklearn/metrics/_pairwise_distances_reduction/_base.cpython-312-x86_64-linux-gnu.so
7e6983eef000-7e6983ef0000 r--p 00027000 fc:00 35400158                   /home/henriqueramos_qs/meta-learning-concept-drift/.venv/lib/python3.12/site-packages/sklearn/metrics/_pairwise_distances_reduction/_base.cpython-312-x86_64-linux-gnu.so
7e6983ef0000-7e6983ef2000 rw-p 00028000 fc:00 35400158                   /home/henriqueramos_qs/meta-learning-concept-drift/.venv/lib/python3.12/site-packages/sklearn/metrics/_pairwise_distances_reduction/_base.cpython-312-x86_64-linux-gnu.so
7e6983ef2000-7e6983ef5000 rw-p 00034000 fc:00 35400158                   /home/henriqueramos_qs/meta-learning-concept-drift/.venv/lib/python3.12/site-packages/sklearn/metrics/_pairwise_distances_reduction/_base.cpython-312-x86_64-linux-gnu.so
7e6983ef5000-7e6983ef7000 r--p 00000000 fc:00 34868911                   /home/henriqueramos_qs/meta-learning-concept-drift/.venv/lib/python3.12/site-packages/scipy/stats/_mvn.cpython-312-x86_64-linux-gnu.so
7e6983ef7000-7e6983f00000 r-xp 00002000 fc:00 34868911                   /home/henriqueramos_qs/meta-learning-concept-drift/.venv/lib/python3.12/site-packages/scipy/stats/_mvn.cpython-312-x86_64-linux-gnu.so
7e6983f00000-7e6983f06000 r--p 0000b000 fc:00 34868911                   /home/henriqueramos_qs/meta-learning-concept-drift/.venv/lib/python3.12/site-packages/scipy/stats/_mvn.cpython-312-x86_64-linux-gnu.so
7e6983f06000-7e6983f07000 r--p 00010000 fc:00 34868911                   /home/henriqueramos_qs/meta-learning-concept-drift/.venv/lib/python3.12/site-packages/scipy/stats/_mvn.cpython-312-x86_64-linux-gnu.so
7e6983f07000-7e6983f09000 rw-p 00011000 fc:00 34868911                   /home/henriqueramos_qs/meta-learning-concept-drift/.venv/lib/python3.12/site-packages/scipy/stats/_mvn.cpython-312-x86_64-linux-gnu.so
7e6983f09000-7e6984021000 rw-p 00000000 00:00 0 
7e6984021000-7e6988000000 ---p 00000000 00:00 0 
7e6988000000-7e6988100000 rw-p 00000000 00:00 0 
7e6988100000-7e6988107000 r--p 00000000 fc:00 34868507                   /home/henriqueramos_qs/meta-learning-concept-drift/.venv/lib/python3.12/site-packages/scipy/fft/_pocketfft/pypocketfft.cpython-312-x86_64-linux-gnu.so
7e6988107000-7e69881e1000 r-xp 00007000 fc:00 34868507                   /home/henriqueramos_qs/meta-learning-concept-drift/.venv/lib/python3.12/site-packages/scipy/fft/_pocketfft/pypocketfft.cpython-312-x86_64-linux-gnu.so
7e69881e1000-7e69881fb000 r--p 000e1000 fc:00 34868507                   /home/henriqueramos_qs/meta-learning-concept-drift/.venv/lib/python3.12/site-packages/scipy/fft/_pocketfft/pypocketfft.cpython-312-x86_64-linux-gnu.so
7e69881fb000-7e69881fc000 ---p 000fb000 fc:00 34868507                   /home/henriqueramos_qs/meta-learning-concept-drift/.venv/lib/python3.12/site-packages/scipy/fft/_pocketfft/pypocketfft.cpython-312-x86_64-linux-gnu.so
7e69881fc000-7e69881fd000 r--p 000fb000 fc:00 34868507                   /home/henriqueramos_qs/meta-learning-concept-drift/.venv/lib/python3.12/site-packages/scipy/fft/_pocketfft/pypocketfft.cpython-312-x86_64-linux-gnu.so
7e69881fd000-7e69881fe000 rw-p 000fc000 fc:00 34868507                   /home/henriqueramos_qs/meta-learning-concept-drift/.venv/lib/python3.12/site-packages/scipy/fft/_pocketfft/pypocketfft.cpython-312-x86_64-linux-gnu.so
7e69881fe000-7e6988400000 rw-p 00000000 00:00 0 
7e6988400000-7e6988414000 r--p 00000000 fc:00 35393367                   /home/henriqueramos_qs/meta-learning-concept-drift/.venv/lib/python3.12/site-packages/pandas/_libs/hashtable.cpython-312-x86_64-linux-gnu.so
7e6988414000-7e69885be000 r-xp 00014000 fc:00 35393367                   /home/henriqueramos_qs/meta-learning-concept-drift/.venv/lib/python3.12/site-packages/pandas/_libs/hashtable.cpython-312-x86_64-linux-gnu.so
7e69885be000-7e69885fb000 r--p 001be000 fc:00 35393367                   /home/henriqueramos_qs/meta-learning-concept-drift/.venv/lib/python3.12/site-packages/pandas/_libs/hashtable.cpython-312-x86_64-linux-gnu.so
7e69885fb000-7e69885fc000 ---p 001fb000 fc:00 35393367                   /home/henriqueramos_qs/meta-learning-concept-drift/.venv/lib/python3.12/site-packages/pandas/_libs/hashtable.cpython-312-x86_64-linux-gnu.so
7e69885fc000-7e6988600000 r--p 001fb000 fc:00 35393367                   /home/henriqueramos_qs/meta-learning-concept-drift/.venv/lib/python3.12/site-packages/pandas/_libs/hashtable.cpython-312-x86_64-linux-gnu.so
7e6988600000-7e698860d000 rw-p 001ff000 fc:00 35393367                   /home/henriqueramos_qs/meta-learning-concept-drift/.venv/lib/python3.12/site-packages/pandas/_libs/hashtable.cpython-312-x86_64-linux-gnu.so
7e698860d000-7e6988613000 rw-p 00000000 00:00 0 
7e6988617000-7e698861b000 r--p 00000000 fc:00 35400156                   /home/henriqueramos_qs/meta-learning-concept-drift/.venv/lib/python3.12/site-packages/sklearn/metrics/_pairwise_distances_reduction/_argkmin_classmode.cpython-312-x86_64-linux-gnu.so
7e698861b000-7e698862f000 r-xp 00004000 fc:00 35400156                   /home/henriqueramos_qs/meta-learning-concept-drift/.venv/lib/python3.12/site-packages/sklearn/metrics/_pairwise_distances_reduction/_argkmin_classmode.cpython-312-x86_64-linux-gnu.so
7e698862f000-7e6988635000 r--p 00018000 fc:00 35400156                   /home/henriqueramos_qs/meta-learning-concept-drift/.venv/lib/python3.12/site-packages/sklearn/metrics/_pairwise_distances_reduction/_argkmin_classmode.cpython-312-x86_64-linux-gnu.so
7e6988635000-7e6988636000 r--p 0001d000 fc:00 35400156                   /home/henriqueramos_qs/meta-learning-concept-drift/.venv/lib/python3.12/site-packages/sklearn/metrics/_pairwise_distances_reduction/_argkmin_classmode.cpython-312-x86_64-linux-gnu.so
7e6988636000-7e6988637000 rw-p 0001e000 fc:00 35400156                   /home/henriqueramos_qs/meta-learning-concept-drift/.venv/lib/python3.12/site-packages/sklearn/metrics/_pairwise_distances_reduction/_argkmin_classmode.cpython-312-x86_64-linux-gnu.so
7e6988637000-7e6988638000 rw-p 00000000 00:00 0 
7e6988638000-7e698863b000 rw-p 00027000 fc:00 35400156                   /home/henriqueramos_qs/meta-learning-concept-drift/.venv/lib/python3.12/site-packages/sklearn/metrics/_pairwise_distances_reduction/_argkmin_classmode.cpython-312-x86_64-linux-gnu.so
7e698863b000-7e6988640000 r--p 00000000 fc:00 35400153                   /home/henriqueramos_qs/meta-learning-concept-drift/.venv/lib/python3.12/site-packages/sklearn/metrics/_pairwise_distances_reduction/_argkmin.cpython-312-x86_64-linux-gnu.so
7e6988640000-7e6988662000 r-xp 00005000 fc:00 35400153                   /home/henriqueramos_qs/meta-learning-concept-drift/.venv/lib/python3.12/site-packages/sklearn/metrics/_pairwise_distances_reduction/_argkmin.cpython-312-x86_64-linux-gnu.so
7e6988662000-7e698866a000 r--p 00027000 fc:00 35400153                   /home/henriqueramos_qs/meta-learning-concept-drift/.venv/lib/python3.12/site-packages/sklearn/metrics/_pairwise_distances_reduction/_argkmin.cpython-312-x86_64-linux-gnu.so
7e698866a000-7e698866b000 r--p 0002e000 fc:00 35400153                   /home/henriqueramos_qs/meta-learning-concept-drift/.venv/lib/python3.12/site-packages/sklearn/metrics/_pairwise_distances_reduction/_argkmin.cpython-312-x86_64-linux-gnu.so
7e698866b000-7e698866d000 rw-p 0002f000 fc:00 35400153                   /home/henriqueramos_qs/meta-learning-concept-drift/.venv/lib/python3.12/site-packages/sklearn/metrics/_pairwise_distances_reduction/_argkmin.cpython-312-x86_64-linux-gnu.so
7e698866d000-7e6988670000 rw-p 0003c000 fc:00 35400153                   /home/henriqueramos_qs/meta-learning-concept-drift/.venv/lib/python3.12/site-packages/sklearn/metrics/_pairwise_distances_reduction/_argkmin.cpython-312-x86_64-linux-gnu.so
7e6988670000-7e6988678000 r--p 00000000 fc:00 35400243                   /home/henriqueramos_qs/meta-learning-concept-drift/.venv/lib/python3.12/site-packages/sklearn/neighbors/_ball_tree.cpython-312-x86_64-linux-gnu.so
7e6988678000-7e69886e3000 r-xp 00008000 fc:00 35400243                   /home/henriqueramos_qs/meta-learning-concept-drift/.venv/lib/python3.12/site-packages/sklearn/neighbors/_ball_tree.cpython-312-x86_64-linux-gnu.so
7e69886e3000-7e69886f8000 r--p 00073000 fc:00 35400243                   /home/henriqueramos_qs/meta-learning-concept-drift/.venv/lib/python3.12/site-packages/sklearn/neighbors/_ball_tree.cpython-312-x86_64-linux-gnu.so
7e69886f8000-7e69886f9000 ---p 00088000 fc:00 35400243                   /home/henriqueramos_qs/meta-learning-concept-drift/.venv/lib/python3.12/site-packages/sklearn/neighbors/_ball_tree.cpython-312-x86_64-linux-gnu.so
7e69886f9000-7e69886fb000 r--p 00088000 fc:00 35400243                   /home/henriqueramos_qs/meta-learning-concept-drift/.venv/lib/python3.12/site-packages/sklearn/neighbors/_ball_tree.cpython-312-x86_64-linux-gnu.so
7e69886fb000-7e69886fe000 rw-p 0008a000 fc:00 35400243                   /home/henriqueramos_qs/meta-learning-concept-drift/.venv/lib/python3.12/site-packages/sklearn/neighbors/_ball_tree.cpython-312-x86_64-linux-gnu.so
7e69886fe000-7e69887ff000 rw-p 00000000 00:00 0 
7e69887ff000-7e6988800000 ---p 00000000 00:00 0 
7e6988800000-7e6989000000 rw-p 00000000 00:00 0 
7e6989000000-7e6989800000 rw-p 00000000 00:00 0 
7e6989800000-7e6989c22000 r--p 00000000 fc:00 35401656                   /home/henriqueramos_qs/meta-learning-concept-drift/.venv/lib/python3.12/site-packages/pyarrow/libarrow.so.2100
7e6989c22000-7e698b58b000 r-xp 00422000 fc:00 35401656                   /home/henriqueramos_qs/meta-learning-concept-drift/.venv/lib/python3.12/site-packages/pyarrow/libarrow.so.2100
7e698b58b000-7e698bc59000 r--p 01d8b000 fc:00 35401656                   /home/henriqueramos_qs/meta-learning-concept-drift/.venv/lib/python3.12/site-packages/pyarrow/libarrow.so.2100
7e698bc59000-7e698bd33000 r--p 02458000 fc:00 35401656                   /home/henriqueramos_qs/meta-learning-concept-drift/.venv/lib/python3.12/site-packages/pyarrow/libarrow.so.2100
7e698bd33000-7e698bd66000 rw-p 02532000 fc:00 35401656                   /home/henriqueramos_qs/meta-learning-concept-drift/.venv/lib/python3.12/site-packages/pyarrow/libarrow.so.2100
7e698bd66000-7e698bf8e000 rw-p 00000000 00:00 0 
7e698bf9c000-7e698bfa4000 r--p 00000000 fc:00 35400403                   /home/henriqueramos_qs/meta-learning-concept-drift/.venv/lib/python3.12/site-packages/sklearn/tree/_tree.cpython-312-x86_64-linux-gnu.so
7e698bfa4000-7e698bfeb000 r-xp 00008000 fc:00 35400403                   /home/henriqueramos_qs/meta-learning-concept-drift/.venv/lib/python3.12/site-packages/sklearn/tree/_tree.cpython-312-x86_64-linux-gnu.so
7e698bfeb000-7e698bff9000 r--p 0004f000 fc:00 35400403                   /home/henriqueramos_qs/meta-learning-concept-drift/.venv/lib/python3.12/site-packages/sklearn/tree/_tree.cpython-312-x86_64-linux-gnu.so
7e698bff9000-7e698bffa000 ---p 0005d000 fc:00 35400403                   /home/henriqueramos_qs/meta-learning-concept-drift/.venv/lib/python3.12/site-packages/sklearn/tree/_tree.cpython-312-x86_64-linux-gnu.so
7e698bffa000-7e698bffc000 r--p 0005d000 fc:00 35400403                   /home/henriqueramos_qs/meta-learning-concept-drift/.venv/lib/python3.12/site-packages/sklearn/tree/_tree.cpython-312-x86_64-linux-gnu.so
7e698bffc000-7e698bfff000 rw-p 0005f000 fc:00 35400403                   /home/henriqueramos_qs/meta-learning-concept-drift/.venv/lib/python3.12/site-packages/sklearn/tree/_tree.cpython-312-x86_64-linux-gnu.so
7e698bfff000-7e698c000000 rw-p 00000000 00:00 0 
7e698c000000-7e698c110000 r--p 00000000 fc:00 35401658                   /home/henriqueramos_qs/meta-learning-concept-drift/.venv/lib/python3.12/site-packages/pyarrow/libarrow_compute.so.2100
7e698c110000-7e698cbec000 r-xp 00110000 fc:00 35401658                   /home/henriqueramos_qs/meta-learning-concept-drift/.venv/lib/python3.12/site-packages/pyarrow/libarrow_compute.so.2100
7e698cbec000-7e698ce03000 r--p 00bec000 fc:00 35401658                   /home/henriqueramos_qs/meta-learning-concept-drift/.venv/lib/python3.12/site-packages/pyarrow/libarrow_compute.so.2100
7e698ce03000-7e698ce04000 ---p 00e03000 fc:00 35401658                   /home/henriqueramos_qs/meta-learning-concept-drift/.venv/lib/python3.12/site-packages/pyarrow/libarrow_compute.so.2100
7e698ce04000-7e698ce22000 r--p 00e03000 fc:00 35401658                   /home/henriqueramos_qs/meta-learning-concept-drift/.venv/lib/python3.12/site-packages/pyarrow/libarrow_compute.so.2100
7e698ce22000-7e698ce27000 rw-p 00e21000 fc:00 35401658                   /home/henriqueramos_qs/meta-learning-concept-drift/.venv/lib/python3.12/site-packages/pyarrow/libarrow_compute.so.2100
7e698ce27000-7e698ce34000 rw-p 00000000 00:00 0 
7e698ce38000-7e698ce3c000 r--p 00000000 fc:00 35400400                   /home/henriqueramos_qs/meta-learning-concept-drift/.venv/lib/python3.12/site-packages/sklearn/tree/_splitter.cpython-312-x86_64-linux-gnu.so
7e698ce3c000-7e698ce50000 r-xp 00004000 fc:00 35400400                   /home/henriqueramos_qs/meta-learning-concept-drift/.venv/lib/python3.12/site-packages/sklearn/tree/_splitter.cpython-312-x86_64-linux-gnu.so
7e698ce50000-7e698ce57000 r--p 00018000 fc:00 35400400                   /home/henriqueramos_qs/meta-learning-concept-drift/.venv/lib/python3.12/site-packages/sklearn/tree/_splitter.cpython-312-x86_64-linux-gnu.so
7e698ce57000-7e698ce58000 r--p 0001e000 fc:00 35400400                   /home/henriqueramos_qs/meta-learning-concept-drift/.venv/lib/python3.12/site-packages/sklearn/tree/_splitter.cpython-312-x86_64-linux-gnu.so
7e698ce58000-7e698ce5a000 rw-p 0001f000 fc:00 35400400                   /home/henriqueramos_qs/meta-learning-concept-drift/.venv/lib/python3.12/site-packages/sklearn/tree/_splitter.cpython-312-x86_64-linux-gnu.so
7e698ce5a000-7e698ce5f000 r--p 00000000 fc:00 35400493                   /home/henriqueramos_qs/meta-learning-concept-drift/.venv/lib/python3.12/site-packages/sklearn/utils/sparsefuncs_fast.cpython-312-x86_64-linux-gnu.so
7e698ce5f000-7e698ceef000 r-xp 00005000 fc:00 35400493                   /home/henriqueramos_qs/meta-learning-concept-drift/.venv/lib/python3.12/site-packages/sklearn/utils/sparsefuncs_fast.cpython-312-x86_64-linux-gnu.so
7e698ceef000-7e698cefc000 r--p 00095000 fc:00 35400493                   /home/henriqueramos_qs/meta-learning-concept-drift/.venv/lib/python3.12/site-packages/sklearn/utils/sparsefuncs_fast.cpython-312-x86_64-linux-gnu.so
7e698cefc000-7e698cefe000 r--p 000a1000 fc:00 35400493                   /home/henriqueramos_qs/meta-learning-concept-drift/.venv/lib/python3.12/site-packages/sklearn/utils/sparsefuncs_fast.cpython-312-x86_64-linux-gnu.so
7e698cefe000-7e698cf00000 rw-p 000a3000 fc:00 35400493                   /home/henriqueramos_qs/meta-learning-concept-drift/.venv/lib/python3.12/site-packages/sklearn/utils/sparsefuncs_fast.cpython-312-x86_64-linux-gnu.so
7e698cf00000-7e698d000000 rw-p 00000000 00:00 0 
7e698d000000-7e698d1c6000 r--p 00000000 fc:00 35401671                   /home/henriqueramos_qs/meta-learning-concept-drift/.venv/lib/python3.12/site-packages/pyarrow/libparquet.so.2100
7e698d1c6000-7e698d6e7000 r-xp 001c6000 fc:00 35401671                   /home/henriqueramos_qs/meta-learning-concept-drift/.venv/lib/python3.12/site-packages/pyarrow/libparquet.so.2100
7e698d6e7000-7e698d856000 r--p 006e7000 fc:00 35401671                   /home/henriqueramos_qs/meta-learning-concept-drift/.venv/lib/python3.12/site-packages/pyarrow/libparquet.so.2100
7e698d856000-7e698d857000 ---p 00856000 fc:00 35401671                   /home/henriqueramos_qs/meta-learning-concept-drift/.venv/lib/python3.12/site-packages/pyarrow/libparquet.so.2100
7e698d857000-7e698d8d5000 r--p 00856000 fc:00 35401671                   /home/henriqueramos_qs/meta-learning-concept-drift/.venv/lib/python3.12/site-packages/pyarrow/libparquet.so.2100
7e698d8d5000-7e698d8e3000 rw-p 008d4000 fc:00 35401671                   /home/henriqueramos_qs/meta-learning-concept-drift/.venv/lib/python3.12/site-packages/pyarrow/libparquet.so.2100
7e698d8e3000-7e698d8e7000 rw-p 00000000 00:00 0 
7e698d8ea000-7e698d8ed000 r--p 00000000 fc:00 35399854                   /home/henriqueramos_qs/meta-learning-concept-drift/.venv/lib/python3.12/site-packages/sklearn/ensemble/_hist_gradient_boosting/_gradient_boosting.cpython-312-x86_64-linux-gnu.so
7e698d8ed000-7e698d8f7000 r-xp 00003000 fc:00 35399854                   /home/henriqueramos_qs/meta-learning-concept-drift/.venv/lib/python3.12/site-packages/sklearn/ensemble/_hist_gradient_boosting/_gradient_boosting.cpython-312-x86_64-linux-gnu.so
7e698d8f7000-7e698d8fb000 r--p 0000d000 fc:00 35399854                   /home/henriqueramos_qs/meta-learning-concept-drift/.venv/lib/python3.12/site-packages/sklearn/ensemble/_hist_gradient_boosting/_gradient_boosting.cpython-312-x86_64-linux-gnu.so
7e698d8fb000-7e698d8fc000 r--p 00010000 fc:00 35399854                   /home/henriqueramos_qs/meta-learning-concept-drift/.venv/lib/python3.12/site-packages/sklearn/ensemble/_hist_gradient_boosting/_gradient_boosting.cpython-312-x86_64-linux-gnu.so
7e698d8fc000-7e698d8fd000 rw-p 00011000 fc:00 35399854                   /home/henriqueramos_qs/meta-learning-concept-drift/.venv/lib/python3.12/site-packages/sklearn/ensemble/_hist_gradient_boosting/_gradient_boosting.cpython-312-x86_64-linux-gnu.so
7e698d8fd000-7e698d900000 rw-p 00016000 fc:00 35399854                   /home/henriqueramos_qs/meta-learning-concept-drift/.venv/lib/python3.12/site-packages/sklearn/ensemble/_hist_gradient_boosting/_gradient_boosting.cpython-312-x86_64-linux-gnu.so
7e698d900000-7e698da00000 rw-p 00000000 00:00 0 
7e698da00000-7e698da74000 r--p 00000000 fc:00 35401670                   /home/henriqueramos_qs/meta-learning-concept-drift/.venv/lib/python3.12/site-packages/pyarrow/libarrow_substrait.so.2100
7e698da74000-7e698dcb0000 r-xp 00074000 fc:00 35401670                   /home/henriqueramos_qs/meta-learning-concept-drift/.venv/lib/python3.12/site-packages/pyarrow/libarrow_substrait.so.2100
7e698dcb0000-7e698dd69000 r--p 002b0000 fc:00 35401670                   /home/henriqueramos_qs/meta-learning-concept-drift/.venv/lib/python3.12/site-packages/pyarrow/libarrow_substrait.so.2100
7e698dd69000-7e698dd6a000 ---p 00369000 fc:00 35401670                   /home/henriqueramos_qs/meta-learning-concept-drift/.venv/lib/python3.12/site-packages/pyarrow/libarrow_substrait.so.2100
7e698dd6a000-7e698dd7c000 r--p 00369000 fc:00 35401670                   /home/henriqueramos_qs/meta-learning-concept-drift/.venv/lib/python3.12/site-packages/pyarrow/libarrow_substrait.so.2100
7e698dd7c000-7e698dd81000 rw-p 0037b000 fc:00 35401670                   /home/henriqueramos_qs/meta-learning-concept-drift/.venv/lib/python3.12/site-packages/pyarrow/libarrow_substrait.so.2100
7e698dd81000-7e698dd83000 rw-p 00000000 00:00 0 
7e698dd83000-7e698dd87000 r--p 00000000 fc:00 35399807                   /home/henriqueramos_qs/meta-learning-concept-drift/.venv/lib/python3.12/site-packages/sklearn/decomposition/_cdnmf_fast.cpython-312-x86_64-linux-gnu.so
7e698dd87000-7e698dd95000 r-xp 00004000 fc:00 35399807                   /home/henriqueramos_qs/meta-learning-concept-drift/.venv/lib/python3.12/site-packages/sklearn/decomposition/_cdnmf_fast.cpython-312-x86_64-linux-gnu.so
7e698dd95000-7e698dd9a000 r--p 00012000 fc:00 35399807                   /home/henriqueramos_qs/meta-learning-concept-drift/.venv/lib/python3.12/site-packages/sklearn/decomposition/_cdnmf_fast.cpython-312-x86_64-linux-gnu.so
7e698dd9a000-7e698dd9b000 r--p 00016000 fc:00 35399807                   /home/henriqueramos_qs/meta-learning-concept-drift/.venv/lib/python3.12/site-packages/sklearn/decomposition/_cdnmf_fast.cpython-312-x86_64-linux-gnu.so
7e698dd9b000-7e698dd9c000 rw-p 00017000 fc:00 35399807                   /home/henriqueramos_qs/meta-learning-concept-drift/.venv/lib/python3.12/site-packages/sklearn/decomposition/_cdnmf_fast.cpython-312-x86_64-linux-gnu.so
7e698dd9c000-7e698dd9d000 rw-p 00000000 00:00 0 
7e698dd9d000-7e698dda2000 r--p 00000000 fc:00 34869483                   /home/henriqueramos_qs/meta-learning-concept-drift/.venv/lib/python3.12/site-packages/scipy/ndimage/_ni_label.cpython-312-x86_64-linux-gnu.so
7e698dda2000-7e698ddf2000 r-xp 00005000 fc:00 34869483                   /home/henriqueramos_qs/meta-learning-concept-drift/.venv/lib/python3.12/site-packages/scipy/ndimage/_ni_label.cpython-312-x86_64-linux-gnu.so
7e698ddf2000-7e698ddfc000 r--p 00055000 fc:00 34869483                   /home/henriqueramos_qs/meta-learning-concept-drift/.venv/lib/python3.12/site-packages/scipy/ndimage/_ni_label.cpython-312-x86_64-linux-gnu.so
7e698ddfc000-7e698ddfd000 r--p 0005e000 fc:00 34869483                   /home/henriqueramos_qs/meta-learning-concept-drift/.venv/lib/python3.12/site-packages/scipy/ndimage/_ni_label.cpython-312-x86_64-linux-gnu.so
7e698ddfd000-7e698de00000 rw-p 0005f000 fc:00 34869483                   /home/henriqueramos_qs/meta-learning-concept-drift/.venv/lib/python3.12/site-packages/scipy/ndimage/_ni_label.cpython-312-x86_64-linux-gnu.so
7e698de00000-7e698de5e000 r--p 00000000 fc:00 35401651                   /home/henriqueramos_qs/meta-learning-concept-drift/.venv/lib/python3.12/site-packages/pyarrow/lib.cpython-312-x86_64-linux-gnu.so
7e698de5e000-7e698e0ce000 r-xp 0005e000 fc:00 35401651                   /home/henriqueramos_qs/meta-learning-concept-drift/.venv/lib/python3.12/site-packages/pyarrow/lib.cpython-312-x86_64-linux-gnu.so
7e698e0ce000-7e698e1c2000 r--p 002ce000 fc:00 35401651                   /home/henriqueramos_qs/meta-learning-concept-drift/.venv/lib/python3.12/site-packages/pyarrow/lib.cpython-312-x86_64-linux-gnu.so
7e698e1c2000-7e698e1c3000 ---p 003c2000 fc:00 35401651                   /home/henriqueramos_qs/meta-learning-concept-drift/.venv/lib/python3.12/site-packages/pyarrow/lib.cpython-312-x86_64-linux-gnu.so
7e698e1c3000-7e698e1d1000 r--p 003c2000 fc:00 35401651                   /home/henriqueramos_qs/meta-learning-concept-drift/.venv/lib/python3.12/site-packages/pyarrow/lib.cpython-312-x86_64-linux-gnu.so
7e698e1d1000-7e698e1f9000 rw-p 003d0000 fc:00 35401651                   /home/henriqueramos_qs/meta-learning-concept-drift/.venv/lib/python3.12/site-packages/pyarrow/lib.cpython-312-x86_64-linux-gnu.so
7e698e1f9000-7e698e204000 rw-p 00000000 00:00 0 
7e698e204000-7e698e209000 r--p 00000000 fc:00 35400392                   /home/henriqueramos_qs/meta-learning-concept-drift/.venv/lib/python3.12/site-packages/sklearn/tree/_criterion.cpython-312-x86_64-linux-gnu.so
7e698e209000-7e698e226000 r-xp 00005000 fc:00 35400392                   /home/henriqueramos_qs/meta-learning-concept-drift/.venv/lib/python3.12/site-packages/sklearn/tree/_criterion.cpython-312-x86_64-linux-gnu.so
7e698e226000-7e698e22e000 r--p 00022000 fc:00 35400392                   /home/henriqueramos_qs/meta-learning-concept-drift/.venv/lib/python3.12/site-packages/sklearn/tree/_criterion.cpython-312-x86_64-linux-gnu.so
7e698e22e000-7e698e22f000 r--p 00029000 fc:00 35400392                   /home/henriqueramos_qs/meta-learning-concept-drift/.venv/lib/python3.12/site-packages/sklearn/tree/_criterion.cpython-312-x86_64-linux-gnu.so
7e698e22f000-7e698e231000 rw-p 0002a000 fc:00 35400392                   /home/henriqueramos_qs/meta-learning-concept-drift/.venv/lib/python3.12/site-packages/sklearn/tree/_criterion.cpython-312-x86_64-linux-gnu.so
7e698e231000-7e698e232000 rw-p 00000000 00:00 0 
7e698e232000-7e698e237000 r--p 00000000 fc:00 34869022                   /home/henriqueramos_qs/meta-learning-concept-drift/.venv/lib/python3.12/site-packages/scipy/stats/_rcont/rcont.cpython-312-x86_64-linux-gnu.so
7e698e237000-7e698e25d000 r-xp 00005000 fc:00 34869022                   /home/henriqueramos_qs/meta-learning-concept-drift/.venv/lib/python3.12/site-packages/scipy/stats/_rcont/rcont.cpython-312-x86_64-linux-gnu.so
7e698e25d000-7e698e266000 r--p 0002b000 fc:00 34869022                   /home/henriqueramos_qs/meta-learning-concept-drift/.venv/lib/python3.12/site-packages/scipy/stats/_rcont/rcont.cpython-312-x86_64-linux-gnu.so
7e698e266000-7e698e267000 ---p 00034000 fc:00 34869022                   /home/henriqueramos_qs/meta-learning-concept-drift/.venv/lib/python3.12/site-packages/scipy/stats/_rcont/rcont.cpython-312-x86_64-linux-gnu.so
7e698e267000-7e698e268000 r--p 00034000 fc:00 34869022                   /home/henriqueramos_qs/meta-learning-concept-drift/.venv/lib/python3.12/site-packages/scipy/stats/_rcont/rcont.cpython-312-x86_64-linux-gnu.so
7e698e268000-7e698e26a000 rw-p 00035000 fc:00 34869022                   /home/henriqueramos_qs/meta-learning-concept-drift/.venv/lib/python3.12/site-packages/scipy/stats/_rcont/rcont.cpython-312-x86_64-linux-gnu.so
7e698e26a000-7e698e26b000 rw-p 00000000 00:00 0 
7e698e26b000-7e698e271000 r--p 00000000 fc:00 34868914                   /home/henriqueramos_qs/meta-learning-concept-drift/.venv/lib/python3.12/site-packages/scipy/stats/_qmc_cy.cpython-312-x86_64-linux-gnu.so
7e698e271000-7e698e29c000 r-xp 00006000 fc:00 34868914                   /home/henriqueramos_qs/meta-learning-concept-drift/.venv/lib/python3.12/site-packages/scipy/stats/_qmc_cy.cpython-312-x86_64-linux-gnu.so
7e698e29c000-7e698e2a5000 r--p 00031000 fc:00 34868914                   /home/henriqueramos_qs/meta-learning-concept-drift/.venv/lib/python3.12/site-packages/scipy/stats/_qmc_cy.cpython-312-x86_64-linux-gnu.so
7e698e2a5000-7e698e2a6000 r--p 00039000 fc:00 34868914                   /home/henriqueramos_qs/meta-learning-concept-drift/.venv/lib/python3.12/site-packages/scipy/stats/_qmc_cy.cpython-312-x86_64-linux-gnu.so
7e698e2a6000-7e698e2a8000 rw-p 0003a000 fc:00 34868914                   /home/henriqueramos_qs/meta-learning-concept-drift/.venv/lib/python3.12/site-packages/scipy/stats/_qmc_cy.cpython-312-x86_64-linux-gnu.so
7e698e2a8000-7e698e2a9000 rw-p 00000000 00:00 0 
7e698e2a9000-7e698e2ae000 r--p 00000000 fc:00 34868917                   /home/henriqueramos_qs/meta-learning-concept-drift/.venv/lib/python3.12/site-packages/scipy/stats/_sobol.cpython-312-x86_64-linux-gnu.so
7e698e2ae000-7e698e2f2000 r-xp 00005000 fc:00 34868917                   /home/henriqueramos_qs/meta-learning-concept-drift/.venv/lib/python3.12/site-packages/scipy/stats/_sobol.cpython-312-x86_64-linux-gnu.so
7e698e2f2000-7e698e2fc000 r--p 00049000 fc:00 34868917                   /home/henriqueramos_qs/meta-learning-concept-drift/.venv/lib/python3.12/site-packages/scipy/stats/_sobol.cpython-312-x86_64-linux-gnu.so
7e698e2fc000-7e698e2fd000 r--p 00052000 fc:00 34868917                   /home/henriqueramos_qs/meta-learning-concept-drift/.venv/lib/python3.12/site-packages/scipy/stats/_sobol.cpython-312-x86_64-linux-gnu.so
7e698e2fd000-7e698e2ff000 rw-p 00053000 fc:00 34868917                   /home/henriqueramos_qs/meta-learning-concept-drift/.venv/lib/python3.12/site-packages/scipy/stats/_sobol.cpython-312-x86_64-linux-gnu.so
7e698e2ff000-7e698e400000 rw-p 00000000 00:00 0 
7e698e400000-7e698e403000 r-xp 00000000 fc:00 35402594                   /home/henriqueramos_qs/meta-learning-concept-drift/.venv/lib/python3.12/site-packages/pillow.libs/libXau-154567c4.so.6.0.0
7e698e403000-7e698e602000 ---p 00003000 fc:00 35402594                   /home/henriqueramos_qs/meta-learning-concept-drift/.venv/lib/python3.12/site-packages/pillow.libs/libXau-154567c4.so.6.0.0
7e698e602000-7e698e603000 r--p 00002000 fc:00 35402594                   /home/henriqueramos_qs/meta-learning-concept-drift/.venv/lib/python3.12/site-packages/pillow.libs/libXau-154567c4.so.6.0.0
7e698e603000-7e698e604000 rw-p 00000000 00:00 0 
7e698e604000-7e698e605000 rw-p 00005000 fc:00 35402594                   /home/henriqueramos_qs/meta-learning-concept-drift/.venv/lib/python3.12/site-packages/pillow.libs/libXau-154567c4.so.6.0.0
7e698e607000-7e698e60a000 r--p 00000000 fc:00 34869029                   /home/henriqueramos_qs/meta-learning-concept-drift/.venv/lib/python3.12/site-packages/scipy/signal/_spectral.cpython-312-x86_64-linux-gnu.so
7e698e60a000-7e698e612000 r-xp 00003000 fc:00 34869029                   /home/henriqueramos_qs/meta-learning-concept-drift/.venv/lib/python3.12/site-packages/scipy/signal/_spectral.cpython-312-x86_64-linux-gnu.so
7e698e612000-7e698e615000 r--p 0000b000 fc:00 34869029                   /home/henriqueramos_qs/meta-learning-concept-drift/.venv/lib/python3.12/site-packages/scipy/signal/_spectral.cpython-312-x86_64-linux-gnu.so
7e698e615000-7e698e616000 r--p 0000d000 fc:00 34869029                   /home/henriqueramos_qs/meta-learning-concept-drift/.venv/lib/python3.12/site-packages/scipy/signal/_spectral.cpython-312-x86_64-linux-gnu.so
7e698e616000-7e698e617000 rw-p 0000e000 fc:00 34869029                   /home/henriqueramos_qs/meta-learning-concept-drift/.venv/lib/python3.12/site-packages/scipy/signal/_spectral.cpython-312-x86_64-linux-gnu.so
7e698e617000-7e698e61c000 r--p 00000000 fc:00 34868938                   /home/henriqueramos_qs/meta-learning-concept-drift/.venv/lib/python3.12/site-packages/scipy/stats/_biasedurn.cpython-312-x86_64-linux-gnu.so
7e698e61c000-7e698e646000 r-xp 00005000 fc:00 34868938                   /home/henriqueramos_qs/meta-learning-concept-drift/.venv/lib/python3.12/site-packages/scipy/stats/_biasedurn.cpython-312-x86_64-linux-gnu.so
7e698e646000-7e698e652000 r--p 0002f000 fc:00 34868938                   /home/henriqueramos_qs/meta-learning-concept-drift/.venv/lib/python3.12/site-packages/scipy/stats/_biasedurn.cpython-312-x86_64-linux-gnu.so
7e698e652000-7e698e653000 r--p 0003a000 fc:00 34868938                   /home/henriqueramos_qs/meta-learning-concept-drift/.venv/lib/python3.12/site-packages/scipy/stats/_biasedurn.cpython-312-x86_64-linux-gnu.so
7e698e653000-7e698e656000 rw-p 0003b000 fc:00 34868938                   /home/henriqueramos_qs/meta-learning-concept-drift/.venv/lib/python3.12/site-packages/scipy/stats/_biasedurn.cpython-312-x86_64-linux-gnu.so
7e698e656000-7e698e659000 rw-p 00000000 00:00 0 
7e698e659000-7e698e65f000 r--p 00000000 fc:00 34868935                   /home/henriqueramos_qs/meta-learning-concept-drift/.venv/lib/python3.12/site-packages/scipy/stats/_stats.cpython-312-x86_64-linux-gnu.so
7e698e65f000-7e698e6ed000 r-xp 00006000 fc:00 34868935                   /home/henriqueramos_qs/meta-learning-concept-drift/.venv/lib/python3.12/site-packages/scipy/stats/_stats.cpython-312-x86_64-linux-gnu.so
7e698e6ed000-7e698e6fb000 r--p 00094000 fc:00 34868935                   /home/henriqueramos_qs/meta-learning-concept-drift/.venv/lib/python3.12/site-packages/scipy/stats/_stats.cpython-312-x86_64-linux-gnu.so
7e698e6fb000-7e698e6fc000 r--p 000a1000 fc:00 34868935                   /home/henriqueramos_qs/meta-learning-concept-drift/.venv/lib/python3.12/site-packages/scipy/stats/_stats.cpython-312-x86_64-linux-gnu.so
7e698e6fc000-7e698e6ff000 rw-p 000a2000 fc:00 34868935                   /home/henriqueramos_qs/meta-learning-concept-drift/.venv/lib/python3.12/site-packages/scipy/stats/_stats.cpython-312-x86_64-linux-gnu.so
7e698e6ff000-7e698e800000 rw-p 00000000 00:00 0 
7e698e800000-7e6992800000 rw-p 00000000 00:00 0 
7e6992802000-7e6992807000 r--p 00000000 fc:00 35399498                   /home/henriqueramos_qs/meta-learning-concept-drift/.venv/lib/python3.12/site-packages/sklearn/_cyutility.cpython-312-x86_64-linux-gnu.so
7e6992807000-7e6992823000 r-xp 00005000 fc:00 35399498                   /home/henriqueramos_qs/meta-learning-concept-drift/.venv/lib/python3.12/site-packages/sklearn/_cyutility.cpython-312-x86_64-linux-gnu.so
7e6992823000-7e6992829000 r--p 00021000 fc:00 35399498                   /home/henriqueramos_qs/meta-learning-concept-drift/.venv/lib/python3.12/site-packages/sklearn/_cyutility.cpython-312-x86_64-linux-gnu.so
7e6992829000-7e699282a000 ---p 00027000 fc:00 35399498                   /home/henriqueramos_qs/meta-learning-concept-drift/.venv/lib/python3.12/site-packages/sklearn/_cyutility.cpython-312-x86_64-linux-gnu.so
7e699282a000-7e699282b000 r--p 00027000 fc:00 35399498                   /home/henriqueramos_qs/meta-learning-concept-drift/.venv/lib/python3.12/site-packages/sklearn/_cyutility.cpython-312-x86_64-linux-gnu.so
7e699282b000-7e699282d000 rw-p 00028000 fc:00 35399498                   /home/henriqueramos_qs/meta-learning-concept-drift/.venv/lib/python3.12/site-packages/sklearn/_cyutility.cpython-312-x86_64-linux-gnu.so
7e699282d000-7e6992833000 r--p 00000000 fc:00 34868680                   /home/henriqueramos_qs/meta-learning-concept-drift/.venv/lib/python3.12/site-packages/scipy/interpolate/interpnd.cpython-312-x86_64-linux-gnu.so
7e6992833000-7e6992880000 r-xp 00006000 fc:00 34868680                   /home/henriqueramos_qs/meta-learning-concept-drift/.venv/lib/python3.12/site-packages/scipy/interpolate/interpnd.cpython-312-x86_64-linux-gnu.so
7e6992880000-7e699288c000 r--p 00053000 fc:00 34868680                   /home/henriqueramos_qs/meta-learning-concept-drift/.venv/lib/python3.12/site-packages/scipy/interpolate/interpnd.cpython-312-x86_64-linux-gnu.so
7e699288c000-7e699288d000 r--p 0005e000 fc:00 34868680                   /home/henriqueramos_qs/meta-learning-concept-drift/.venv/lib/python3.12/site-packages/scipy/interpolate/interpnd.cpython-312-x86_64-linux-gnu.so
7e699288d000-7e6992890000 rw-p 0005f000 fc:00 34868680                   /home/henriqueramos_qs/meta-learning-concept-drift/.venv/lib/python3.12/site-packages/scipy/interpolate/interpnd.cpython-312-x86_64-linux-gnu.so
7e6992890000-7e6992895000 r--p 00000000 fc:00 34868685                   /home/henriqueramos_qs/meta-learning-concept-drift/.venv/lib/python3.12/site-packages/scipy/interpolate/_ppoly.cpython-312-x86_64-linux-gnu.so
7e6992895000-7e69928e9000 r-xp 00005000 fc:00 34868685                   /home/henriqueramos_qs/meta-learning-concept-drift/.venv/lib/python3.12/site-packages/scipy/interpolate/_ppoly.cpython-312-x86_64-linux-gnu.so
7e69928e9000-7e69928f4000 r--p 00059000 fc:00 34868685                   /home/henriqueramos_qs/meta-learning-concept-drift/.venv/lib/python3.12/site-packages/scipy/interpolate/_ppoly.cpython-312-x86_64-linux-gnu.so
7e69928f4000-7e69928f5000 r--p 00063000 fc:00 34868685                   /home/henriqueramos_qs/meta-learning-concept-drift/.venv/lib/python3.12/site-packages/scipy/interpolate/_ppoly.cpython-312-x86_64-linux-gnu.so
7e69928f5000-7e69928f7000 rw-p 00064000 fc:00 34868685                   /home/henriqueramos_qs/meta-learning-concept-drift/.venv/lib/python3.12/site-packages/scipy/interpolate/_ppoly.cpython-312-x86_64-linux-gnu.so
7e69928f7000-7e69928f8000 rw-p 00000000 00:00 0 
7e69928f8000-7e69928ff000 r--p 00000000 fc:00 34869102                   /home/henriqueramos_qs/meta-learning-concept-drift/.venv/lib/python3.12/site-packages/scipy/spatial/_qhull.cpython-312-x86_64-linux-gnu.so
7e69928ff000-7e69929c2000 r-xp 00007000 fc:00 34869102                   /home/henriqueramos_qs/meta-learning-concept-drift/.venv/lib/python3.12/site-packages/scipy/spatial/_qhull.cpython-312-x86_64-linux-gnu.so
7e69929c2000-7e69929fa000 r--p 000ca000 fc:00 34869102                   /home/henriqueramos_qs/meta-learning-concept-drift/.venv/lib/python3.12/site-packages/scipy/spatial/_qhull.cpython-312-x86_64-linux-gnu.so
7e69929fa000-7e69929fb000 r--p 00101000 fc:00 34869102                   /home/henriqueramos_qs/meta-learning-concept-drift/.venv/lib/python3.12/site-packages/scipy/spatial/_qhull.cpython-312-x86_64-linux-gnu.so
7e69929fb000-7e69929fe000 rw-p 00102000 fc:00 34869102                   /home/henriqueramos_qs/meta-learning-concept-drift/.venv/lib/python3.12/site-packages/scipy/spatial/_qhull.cpython-312-x86_64-linux-gnu.so
7e69929fe000-7e69929ff000 rw-p 00000000 00:00 0 
7e69929ff000-7e6992a00000 ---p 00000000 00:00 0 
7e6992a00000-7e6993200000 rw-p 00000000 00:00 0 
7e6993200000-7e6995200000 rw-p 00000000 00:00 0 
7e6995201000-7e6995205000 r--p 00000000 fc:00 35400486                   /home/henriqueramos_qs/meta-learning-concept-drift/.venv/lib/python3.12/site-packages/sklearn/utils/murmurhash.cpython-312-x86_64-linux-gnu.so
7e6995205000-7e6995218000 r-xp 00004000 fc:00 35400486                   /home/henriqueramos_qs/meta-learning-concept-drift/.venv/lib/python3.12/site-packages/sklearn/utils/murmurhash.cpython-312-x86_64-linux-gnu.so
7e6995218000-7e699521e000 r--p 00017000 fc:00 35400486                   /home/henriqueramos_qs/meta-learning-concept-drift/.venv/lib/python3.12/site-packages/sklearn/utils/murmurhash.cpython-312-x86_64-linux-gnu.so
7e699521e000-7e699521f000 r--p 0001c000 fc:00 35400486                   /home/henriqueramos_qs/meta-learning-concept-drift/.venv/lib/python3.12/site-packages/sklearn/utils/murmurhash.cpython-312-x86_64-linux-gnu.so
7e699521f000-7e6995220000 rw-p 0001d000 fc:00 35400486                   /home/henriqueramos_qs/meta-learning-concept-drift/.venv/lib/python3.12/site-packages/sklearn/utils/murmurhash.cpython-312-x86_64-linux-gnu.so
7e6995220000-7e6995226000 r--p 00000000 fc:00 34868706                   /home/henriqueramos_qs/meta-learning-concept-drift/.venv/lib/python3.12/site-packages/scipy/interpolate/_bspl.cpython-312-x86_64-linux-gnu.so
7e6995226000-7e6995297000 r-xp 00006000 fc:00 34868706                   /home/henriqueramos_qs/meta-learning-concept-drift/.venv/lib/python3.12/site-packages/scipy/interpolate/_bspl.cpython-312-x86_64-linux-gnu.so
7e6995297000-7e69952a7000 r--p 00077000 fc:00 34868706                   /home/henriqueramos_qs/meta-learning-concept-drift/.venv/lib/python3.12/site-packages/scipy/interpolate/_bspl.cpython-312-x86_64-linux-gnu.so
7e69952a7000-7e69952a8000 r--p 00086000 fc:00 34868706                   /home/henriqueramos_qs/meta-learning-concept-drift/.venv/lib/python3.12/site-packages/scipy/interpolate/_bspl.cpython-312-x86_64-linux-gnu.so
7e69952a8000-7e69952ab000 rw-p 00087000 fc:00 34868706                   /home/henriqueramos_qs/meta-learning-concept-drift/.venv/lib/python3.12/site-packages/scipy/interpolate/_bspl.cpython-312-x86_64-linux-gnu.so
7e69952ab000-7e69952ac000 rw-p 00000000 00:00 0 
7e69952ac000-7e69952b0000 r--p 00000000 fc:00 34868696                   /home/henriqueramos_qs/meta-learning-concept-drift/.venv/lib/python3.12/site-packages/scipy/interpolate/_dfitpack.cpython-312-x86_64-linux-gnu.so
7e69952b0000-7e69952e6000 r-xp 00004000 fc:00 34868696                   /home/henriqueramos_qs/meta-learning-concept-drift/.venv/lib/python3.12/site-packages/scipy/interpolate/_dfitpack.cpython-312-x86_64-linux-gnu.so
7e69952e6000-7e69952f2000 r--p 0003a000 fc:00 34868696                   /home/henriqueramos_qs/meta-learning-concept-drift/.venv/lib/python3.12/site-packages/scipy/interpolate/_dfitpack.cpython-312-x86_64-linux-gnu.so
7e69952f2000-7e69952f3000 ---p 00046000 fc:00 34868696                   /home/henriqueramos_qs/meta-learning-concept-drift/.venv/lib/python3.12/site-packages/scipy/interpolate/_dfitpack.cpython-312-x86_64-linux-gnu.so
7e69952f3000-7e69952f4000 r--p 00046000 fc:00 34868696                   /home/henriqueramos_qs/meta-learning-concept-drift/.venv/lib/python3.12/site-packages/scipy/interpolate/_dfitpack.cpython-312-x86_64-linux-gnu.so
7e69952f4000-7e69952fc000 rw-p 00047000 fc:00 34868696                   /home/henriqueramos_qs/meta-learning-concept-drift/.venv/lib/python3.12/site-packages/scipy/interpolate/_dfitpack.cpython-312-x86_64-linux-gnu.so
7e69952fc000-7e69952ff000 rw-p 00052000 fc:00 34868696                   /home/henriqueramos_qs/meta-learning-concept-drift/.venv/lib/python3.12/site-packages/scipy/interpolate/_dfitpack.cpython-312-x86_64-linux-gnu.so
7e69952ff000-7e69953ff000 rw-p 00000000 00:00 0 
7e69953ff000-7e6995400000 ---p 00000000 00:00 0 
7e6995400000-7e6995c00000 rw-p 00000000 00:00 0 
7e6995c00000-7e6997c00000 rw-p 00000000 00:00 0 
7e6997c06000-7e6997c08000 r--p 00000000 fc:00 34869499                   /home/henriqueramos_qs/meta-learning-concept-drift/.venv/lib/python3.12/site-packages/scipy/ndimage/_nd_image.cpython-312-x86_64-linux-gnu.so
7e6997c08000-7e6997c23000 r-xp 00002000 fc:00 34869499                   /home/henriqueramos_qs/meta-learning-concept-drift/.venv/lib/python3.12/site-packages/scipy/ndimage/_nd_image.cpython-312-x86_64-linux-gnu.so
7e6997c23000-7e6997c27000 r--p 0001d000 fc:00 34869499                   /home/henriqueramos_qs/meta-learning-concept-drift/.venv/lib/python3.12/site-packages/scipy/ndimage/_nd_image.cpython-312-x86_64-linux-gnu.so
7e6997c27000-7e6997c28000 r--p 00020000 fc:00 34869499                   /home/henriqueramos_qs/meta-learning-concept-drift/.venv/lib/python3.12/site-packages/scipy/ndimage/_nd_image.cpython-312-x86_64-linux-gnu.so
7e6997c28000-7e6997c29000 rw-p 00021000 fc:00 34869499                   /home/henriqueramos_qs/meta-learning-concept-drift/.venv/lib/python3.12/site-packages/scipy/ndimage/_nd_image.cpython-312-x86_64-linux-gnu.so
7e6997c29000-7e6997c45000 r--p 00000000 fc:00 34868847                   /home/henriqueramos_qs/meta-learning-concept-drift/.venv/lib/python3.12/site-packages/scipy/integrate/_lsoda.cpython-312-x86_64-linux-gnu.so
7e6997c45000-7e6997c60000 r-xp 0001c000 fc:00 34868847                   /home/henriqueramos_qs/meta-learning-concept-drift/.venv/lib/python3.12/site-packages/scipy/integrate/_lsoda.cpython-312-x86_64-linux-gnu.so
7e6997c60000-7e6997c6f000 r--p 00037000 fc:00 34868847                   /home/henriqueramos_qs/meta-learning-concept-drift/.venv/lib/python3.12/site-packages/scipy/integrate/_lsoda.cpython-312-x86_64-linux-gnu.so
7e6997c6f000-7e6997c70000 ---p 00046000 fc:00 34868847                   /home/henriqueramos_qs/meta-learning-concept-drift/.venv/lib/python3.12/site-packages/scipy/integrate/_lsoda.cpython-312-x86_64-linux-gnu.so
7e6997c70000-7e6997c71000 r--p 00046000 fc:00 34868847                   /home/henriqueramos_qs/meta-learning-concept-drift/.venv/lib/python3.12/site-packages/scipy/integrate/_lsoda.cpython-312-x86_64-linux-gnu.so
7e6997c71000-7e6997c76000 rw-p 00047000 fc:00 34868847                   /home/henriqueramos_qs/meta-learning-concept-drift/.venv/lib/python3.12/site-packages/scipy/integrate/_lsoda.cpython-312-x86_64-linux-gnu.so
7e6997c76000-7e6997c8e000 rw-p 00067000 fc:00 34868847                   /home/henriqueramos_qs/meta-learning-concept-drift/.venv/lib/python3.12/site-packages/scipy/integrate/_lsoda.cpython-312-x86_64-linux-gnu.so
7e6997c8e000-7e6997c93000 r--p 00000000 fc:00 34868549                   /home/henriqueramos_qs/meta-learning-concept-drift/.venv/lib/python3.12/site-packages/scipy/special/_ufuncs_cxx.cpython-312-x86_64-linux-gnu.so
7e6997c93000-7e6997dd5000 r-xp 00005000 fc:00 34868549                   /home/henriqueramos_qs/meta-learning-concept-drift/.venv/lib/python3.12/site-packages/scipy/special/_ufuncs_cxx.cpython-312-x86_64-linux-gnu.so
7e6997dd5000-7e6997dfc000 r--p 00147000 fc:00 34868549                   /home/henriqueramos_qs/meta-learning-concept-drift/.venv/lib/python3.12/site-packages/scipy/special/_ufuncs_cxx.cpython-312-x86_64-linux-gnu.so
7e6997dfc000-7e6997dfd000 r--p 0016d000 fc:00 34868549                   /home/henriqueramos_qs/meta-learning-concept-drift/.venv/lib/python3.12/site-packages/scipy/special/_ufuncs_cxx.cpython-312-x86_64-linux-gnu.so
7e6997dfd000-7e6997dfe000 rw-p 0016e000 fc:00 34868549                   /home/henriqueramos_qs/meta-learning-concept-drift/.venv/lib/python3.12/site-packages/scipy/special/_ufuncs_cxx.cpython-312-x86_64-linux-gnu.so
7e6997dfe000-7e6997dff000 rw-p 00000000 00:00 0 
7e6997dff000-7e6997e00000 ---p 00000000 00:00 0 
7e6997e00000-7e6998600000 rw-p 00000000 00:00 0 
7e6998600000-7e699a600000 rw-p 00000000 00:00 0 
7e699a603000-7e699a606000 r--p 00000000 fc:00 35521560                   /home/henriqueramos_qs/meta-learning-concept-drift/.venv/lib/python3.12/site-packages/torch/lib/libshm.so
7e699a606000-7e699a609000 r-xp 00003000 fc:00 35521560                   /home/henriqueramos_qs/meta-learning-concept-drift/.venv/lib/python3.12/site-packages/torch/lib/libshm.so
7e699a609000-7e699a60a000 r--p 00006000 fc:00 35521560                   /home/henriqueramos_qs/meta-learning-concept-drift/.venv/lib/python3.12/site-packages/torch/lib/libshm.so
7e699a60a000-7e699a60b000 ---p 00007000 fc:00 35521560                   /home/henriqueramos_qs/meta-learning-concept-drift/.venv/lib/python3.12/site-packages/torch/lib/libshm.so
7e699a60b000-7e699a60c000 r--p 00007000 fc:00 35521560                   /home/henriqueramos_qs/meta-learning-concept-drift/.venv/lib/python3.12/site-packages/torch/lib/libshm.so
7e699a60c000-7e699a60d000 rw-p 00008000 fc:00 35521560                   /home/henriqueramos_qs/meta-learning-concept-drift/.venv/lib/python3.12/site-packages/torch/lib/libshm.so
7e699a60d000-7e699a60f000 rw-p 0000c000 fc:00 35521560                   /home/henriqueramos_qs/meta-learning-concept-drift/.venv/lib/python3.12/site-packages/torch/lib/libshm.so
7e699a60f000-7e699a62b000 r--p 00000000 fc:00 34868845                   /home/henriqueramos_qs/meta-learning-concept-drift/.venv/lib/python3.12/site-packages/scipy/integrate/_vode.cpython-312-x86_64-linux-gnu.so
7e699a62b000-7e699a650000 r-xp 0001c000 fc:00 34868845                   /home/henriqueramos_qs/meta-learning-concept-drift/.venv/lib/python3.12/site-packages/scipy/integrate/_vode.cpython-312-x86_64-linux-gnu.so
7e699a650000-7e699a661000 r--p 00041000 fc:00 34868845                   /home/henriqueramos_qs/meta-learning-concept-drift/.venv/lib/python3.12/site-packages/scipy/integrate/_vode.cpython-312-x86_64-linux-gnu.so
7e699a661000-7e699a662000 r--p 00051000 fc:00 34868845                   /home/henriqueramos_qs/meta-learning-concept-drift/.venv/lib/python3.12/site-packages/scipy/integrate/_vode.cpython-312-x86_64-linux-gnu.so
7e699a662000-7e699a667000 rw-p 00052000 fc:00 34868845                   /home/henriqueramos_qs/meta-learning-concept-drift/.venv/lib/python3.12/site-packages/scipy/integrate/_vode.cpython-312-x86_64-linux-gnu.so
7e699a667000-7e699a67f000 rw-p 00073000 fc:00 34868845                   /home/henriqueramos_qs/meta-learning-concept-drift/.venv/lib/python3.12/site-packages/scipy/integrate/_vode.cpython-312-x86_64-linux-gnu.so
7e699a67f000-7e699a685000 r--p 00000000 fc:00 34868546                   /home/henriqueramos_qs/meta-learning-concept-drift/.venv/lib/python3.12/site-packages/scipy/special/_ufuncs.cpython-312-x86_64-linux-gnu.so
7e699a685000-7e699a78f000 r-xp 00006000 fc:00 34868546                   /home/henriqueramos_qs/meta-learning-concept-drift/.venv/lib/python3.12/site-packages/scipy/special/_ufuncs.cpython-312-x86_64-linux-gnu.so
7e699a78f000-7e699a7f0000 r--p 00110000 fc:00 34868546                   /home/henriqueramos_qs/meta-learning-concept-drift/.venv/lib/python3.12/site-packages/scipy/special/_ufuncs.cpython-312-x86_64-linux-gnu.so
7e699a7f0000-7e699a7f1000 r--p 00170000 fc:00 34868546                   /home/henriqueramos_qs/meta-learning-concept-drift/.venv/lib/python3.12/site-packages/scipy/special/_ufuncs.cpython-312-x86_64-linux-gnu.so
7e699a7f1000-7e699a7f2000 rw-p 00171000 fc:00 34868546                   /home/henriqueramos_qs/meta-learning-concept-drift/.venv/lib/python3.12/site-packages/scipy/special/_ufuncs.cpython-312-x86_64-linux-gnu.so
7e699a7f2000-7e699a7fa000 rw-p 00000000 00:00 0 
7e699a7fa000-7e699a7ff000 rw-p 0019c000 fc:00 34868546                   /home/henriqueramos_qs/meta-learning-concept-drift/.venv/lib/python3.12/site-packages/scipy/special/_ufuncs.cpython-312-x86_64-linux-gnu.so
7e699a7ff000-7e699a800000 ---p 00000000 00:00 0 
7e699a800000-7e699b000000 rw-p 00000000 00:00 0 
7e699b000000-7e699d000000 rw-p 00000000 00:00 0 
7e699d000000-7e699d005000 r--p 00000000 fc:00 34868904                   /home/henriqueramos_qs/meta-learning-concept-drift/.venv/lib/python3.12/site-packages/scipy/stats/_ansari_swilk_statistics.cpython-312-x86_64-linux-gnu.so
7e699d005000-7e699d031000 r-xp 00005000 fc:00 34868904                   /home/henriqueramos_qs/meta-learning-concept-drift/.venv/lib/python3.12/site-packages/scipy/stats/_ansari_swilk_statistics.cpython-312-x86_64-linux-gnu.so
7e699d031000-7e699d039000 r--p 00031000 fc:00 34868904                   /home/henriqueramos_qs/meta-learning-concept-drift/.venv/lib/python3.12/site-packages/scipy/stats/_ansari_swilk_statistics.cpython-312-x86_64-linux-gnu.so
7e699d039000-7e699d03a000 r--p 00038000 fc:00 34868904                   /home/henriqueramos_qs/meta-learning-concept-drift/.venv/lib/python3.12/site-packages/scipy/stats/_ansari_swilk_statistics.cpython-312-x86_64-linux-gnu.so
7e699d03a000-7e699d03c000 rw-p 00039000 fc:00 34868904                   /home/henriqueramos_qs/meta-learning-concept-drift/.venv/lib/python3.12/site-packages/scipy/stats/_ansari_swilk_statistics.cpython-312-x86_64-linux-gnu.so
7e699d03c000-7e699d03d000 rw-p 00000000 00:00 0 
7e699d03d000-7e699d058000 r--p 00000000 fc:00 34868851                   /home/henriqueramos_qs/meta-learning-concept-drift/.venv/lib/python3.12/site-packages/scipy/integrate/_quadpack.cpython-312-x86_64-linux-gnu.so
7e699d058000-7e699d078000 r-xp 0001b000 fc:00 34868851                   /home/henriqueramos_qs/meta-learning-concept-drift/.venv/lib/python3.12/site-packages/scipy/integrate/_quadpack.cpython-312-x86_64-linux-gnu.so
7e699d078000-7e699d086000 r--p 0003b000 fc:00 34868851                   /home/henriqueramos_qs/meta-learning-concept-drift/.venv/lib/python3.12/site-packages/scipy/integrate/_quadpack.cpython-312-x86_64-linux-gnu.so
7e699d086000-7e699d087000 r--p 00048000 fc:00 34868851                   /home/henriqueramos_qs/meta-learning-concept-drift/.venv/lib/python3.12/site-packages/scipy/integrate/_quadpack.cpython-312-x86_64-linux-gnu.so
7e699d087000-7e699d08b000 rw-p 00049000 fc:00 34868851                   /home/henriqueramos_qs/meta-learning-concept-drift/.venv/lib/python3.12/site-packages/scipy/integrate/_quadpack.cpython-312-x86_64-linux-gnu.so
7e699d08b000-7e699d0a2000 rw-p 00068000 fc:00 34868851                   /home/henriqueramos_qs/meta-learning-concept-drift/.venv/lib/python3.12/site-packages/scipy/integrate/_quadpack.cpython-312-x86_64-linux-gnu.so
7e699d0a2000-7e699d0bd000 r--p 00000000 fc:00 34868855                   /home/henriqueramos_qs/meta-learning-concept-drift/.venv/lib/python3.12/site-packages/scipy/integrate/_odepack.cpython-312-x86_64-linux-gnu.so
7e699d0bd000-7e699d0d5000 r-xp 0001b000 fc:00 34868855                   /home/henriqueramos_qs/meta-learning-concept-drift/.venv/lib/python3.12/site-packages/scipy/integrate/_odepack.cpython-312-x86_64-linux-gnu.so
7e699d0d5000-7e699d0e3000 r--p 00033000 fc:00 34868855                   /home/henriqueramos_qs/meta-learning-concept-drift/.venv/lib/python3.12/site-packages/scipy/integrate/_odepack.cpython-312-x86_64-linux-gnu.so
7e699d0e3000-7e699d0e4000 r--p 00040000 fc:00 34868855                   /home/henriqueramos_qs/meta-learning-concept-drift/.venv/lib/python3.12/site-packages/scipy/integrate/_odepack.cpython-312-x86_64-linux-gnu.so
7e699d0e4000-7e699d0e8000 rw-p 00041000 fc:00 34868855                   /home/henriqueramos_qs/meta-learning-concept-drift/.venv/lib/python3.12/site-packages/scipy/integrate/_odepack.cpython-312-x86_64-linux-gnu.so
7e699d0e8000-7e699d0e9000 rw-p 00000000 00:00 0 
7e699d0e9000-7e699d0ff000 rw-p 0005f000 fc:00 34868855                   /home/henriqueramos_qs/meta-learning-concept-drift/.venv/lib/python3.12/site-packages/scipy/integrate/_odepack.cpython-312-x86_64-linux-gnu.so
7e699d0ff000-7e699d1ff000 rw-p 00000000 00:00 0 
7e699d1ff000-7e699d200000 ---p 00000000 00:00 0 
7e699d200000-7e699da00000 rw-p 00000000 00:00 0 
7e699da00000-7e699fa00000 rw-p 00000000 00:00 0 
7e699fa09000-7e699fa0e000 r--p 00000000 fc:00 34868695                   /home/henriqueramos_qs/meta-learning-concept-drift/.venv/lib/python3.12/site-packages/scipy/interpolate/_rgi_cython.cpython-312-x86_64-linux-gnu.so
7e699fa0e000-7e699fa3e000 r-xp 00005000 fc:00 34868695                   /home/henriqueramos_qs/meta-learning-concept-drift/.venv/lib/python3.12/site-packages/scipy/interpolate/_rgi_cython.cpython-312-x86_64-linux-gnu.so
7e699fa3e000-7e699fa46000 r--p 00035000 fc:00 34868695                   /home/henriqueramos_qs/meta-learning-concept-drift/.venv/lib/python3.12/site-packages/scipy/interpolate/_rgi_cython.cpython-312-x86_64-linux-gnu.so
7e699fa46000-7e699fa47000 ---p 0003d000 fc:00 34868695                   /home/henriqueramos_qs/meta-learning-concept-drift/.venv/lib/python3.12/site-packages/scipy/interpolate/_rgi_cython.cpython-312-x86_64-linux-gnu.so
7e699fa47000-7e699fa48000 r--p 0003d000 fc:00 34868695                   /home/henriqueramos_qs/meta-learning-concept-drift/.venv/lib/python3.12/site-packages/scipy/interpolate/_rgi_cython.cpython-312-x86_64-linux-gnu.so
7e699fa48000-7e699fa4a000 rw-p 0003e000 fc:00 34868695                   /home/henriqueramos_qs/meta-learning-concept-drift/.venv/lib/python3.12/site-packages/scipy/interpolate/_rgi_cython.cpython-312-x86_64-linux-gnu.so
7e699fa4a000-7e699fa4b000 rw-p 00000000 00:00 0 
7e699fa4b000-7e699fa6a000 r--p 00000000 fc:00 34868741                   /home/henriqueramos_qs/meta-learning-concept-drift/.venv/lib/python3.12/site-packages/scipy/linalg/_interpolative.cpython-312-x86_64-linux-gnu.so
7e699fa6a000-7e699fab4000 r-xp 0001f000 fc:00 34868741                   /home/henriqueramos_qs/meta-learning-concept-drift/.venv/lib/python3.12/site-packages/scipy/linalg/_interpolative.cpython-312-x86_64-linux-gnu.so
7e699fab4000-7e699fad3000 r--p 00069000 fc:00 34868741                   /home/henriqueramos_qs/meta-learning-concept-drift/.venv/lib/python3.12/site-packages/scipy/linalg/_interpolative.cpython-312-x86_64-linux-gnu.so
7e699fad3000-7e699fad4000 r--p 00087000 fc:00 34868741                   /home/henriqueramos_qs/meta-learning-concept-drift/.venv/lib/python3.12/site-packages/scipy/linalg/_interpolative.cpython-312-x86_64-linux-gnu.so
7e699fad4000-7e699fae7000 rw-p 00088000 fc:00 34868741                   /home/henriqueramos_qs/meta-learning-concept-drift/.venv/lib/python3.12/site-packages/scipy/linalg/_interpolative.cpython-312-x86_64-linux-gnu.so
7e699fae7000-7e699faff000 rw-p 000bb000 fc:00 34868741                   /home/henriqueramos_qs/meta-learning-concept-drift/.venv/lib/python3.12/site-packages/scipy/linalg/_interpolative.cpython-312-x86_64-linux-gnu.so
7e699faff000-7e699fbff000 rw-p 00000000 00:00 0 
7e699fbff000-7e699fc00000 ---p 00000000 00:00 0 
7e699fc00000-7e69a0400000 rw-p 00000000 00:00 0 
7e69a0400000-7e69a2400000 rw-p 00000000 00:00 0 
7e69a2401000-7e69a2404000 r--p 00000000 fc:00 34869040                   /home/henriqueramos_qs/meta-learning-concept-drift/.venv/lib/python3.12/site-packages/scipy/signal/_max_len_seq_inner.cpython-312-x86_64-linux-gnu.so
7e69a2404000-7e69a240c000 r-xp 00003000 fc:00 34869040                   /home/henriqueramos_qs/meta-learning-concept-drift/.venv/lib/python3.12/site-packages/scipy/signal/_max_len_seq_inner.cpython-312-x86_64-linux-gnu.so
7e69a240c000-7e69a240f000 r--p 0000b000 fc:00 34869040                   /home/henriqueramos_qs/meta-learning-concept-drift/.venv/lib/python3.12/site-packages/scipy/signal/_max_len_seq_inner.cpython-312-x86_64-linux-gnu.so
7e69a240f000-7e69a2410000 r--p 0000d000 fc:00 34869040                   /home/henriqueramos_qs/meta-learning-concept-drift/.venv/lib/python3.12/site-packages/scipy/signal/_max_len_seq_inner.cpython-312-x86_64-linux-gnu.so
7e69a2410000-7e69a2411000 rw-p 0000e000 fc:00 34869040                   /home/henriqueramos_qs/meta-learning-concept-drift/.venv/lib/python3.12/site-packages/scipy/signal/_max_len_seq_inner.cpython-312-x86_64-linux-gnu.so
7e69a2411000-7e69a2415000 r--p 00000000 fc:00 34868688                   /home/henriqueramos_qs/meta-learning-concept-drift/.venv/lib/python3.12/site-packages/scipy/interpolate/_rbfinterp_pythran.cpython-312-x86_64-linux-gnu.so
7e69a2415000-7e69a2440000 r-xp 00004000 fc:00 34868688                   /home/henriqueramos_qs/meta-learning-concept-drift/.venv/lib/python3.12/site-packages/scipy/interpolate/_rbfinterp_pythran.cpython-312-x86_64-linux-gnu.so
7e69a2440000-7e69a2446000 r--p 0002f000 fc:00 34868688                   /home/henriqueramos_qs/meta-learning-concept-drift/.venv/lib/python3.12/site-packages/scipy/interpolate/_rbfinterp_pythran.cpython-312-x86_64-linux-gnu.so
7e69a2446000-7e69a2447000 r--p 00034000 fc:00 34868688                   /home/henriqueramos_qs/meta-learning-concept-drift/.venv/lib/python3.12/site-packages/scipy/interpolate/_rbfinterp_pythran.cpython-312-x86_64-linux-gnu.so
7e69a2447000-7e69a2448000 rw-p 00035000 fc:00 34868688                   /home/henriqueramos_qs/meta-learning-concept-drift/.venv/lib/python3.12/site-packages/scipy/interpolate/_rbfinterp_pythran.cpython-312-x86_64-linux-gnu.so
7e69a2448000-7e69a244e000 r--p 00000000 fc:00 34868219                   /home/henriqueramos_qs/meta-learning-concept-drift/.venv/lib/python3.12/site-packages/scipy/optimize/_bglu_dense.cpython-312-x86_64-linux-gnu.so
7e69a244e000-7e69a2487000 r-xp 00006000 fc:00 34868219                   /home/henriqueramos_qs/meta-learning-concept-drift/.venv/lib/python3.12/site-packages/scipy/optimize/_bglu_dense.cpython-312-x86_64-linux-gnu.so
7e69a2487000-7e69a2491000 r--p 0003f000 fc:00 34868219                   /home/henriqueramos_qs/meta-learning-concept-drift/.venv/lib/python3.12/site-packages/scipy/optimize/_bglu_dense.cpython-312-x86_64-linux-gnu.so
7e69a2491000-7e69a2492000 ---p 00049000 fc:00 34868219                   /home/henriqueramos_qs/meta-learning-concept-drift/.venv/lib/python3.12/site-packages/scipy/optimize/_bglu_dense.cpython-312-x86_64-linux-gnu.so
7e69a2492000-7e69a2493000 r--p 00049000 fc:00 34868219                   /home/henriqueramos_qs/meta-learning-concept-drift/.venv/lib/python3.12/site-packages/scipy/optimize/_bglu_dense.cpython-312-x86_64-linux-gnu.so
7e69a2493000-7e69a2496000 rw-p 0004a000 fc:00 34868219                   /home/henriqueramos_qs/meta-learning-concept-drift/.venv/lib/python3.12/site-packages/scipy/optimize/_bglu_dense.cpython-312-x86_64-linux-gnu.so
7e69a2496000-7e69a2497000 rw-p 00000000 00:00 0 
7e69a2497000-7e69a24b3000 r--p 00000000 fc:00 34868261                   /home/henriqueramos_qs/meta-learning-concept-drift/.venv/lib/python3.12/site-packages/scipy/optimize/_lbfgsb.cpython-312-x86_64-linux-gnu.so
7e69a24b3000-7e69a24d1000 r-xp 0001c000 fc:00 34868261                   /home/henriqueramos_qs/meta-learning-concept-drift/.venv/lib/python3.12/site-packages/scipy/optimize/_lbfgsb.cpython-312-x86_64-linux-gnu.so
7e69a24d1000-7e69a24e1000 r--p 0003a000 fc:00 34868261                   /home/henriqueramos_qs/meta-learning-concept-drift/.venv/lib/python3.12/site-packages/scipy/optimize/_lbfgsb.cpython-312-x86_64-linux-gnu.so
7e69a24e1000-7e69a24e2000 r--p 00049000 fc:00 34868261                   /home/henriqueramos_qs/meta-learning-concept-drift/.venv/lib/python3.12/site-packages/scipy/optimize/_lbfgsb.cpython-312-x86_64-linux-gnu.so
7e69a24e2000-7e69a24e7000 rw-p 0004a000 fc:00 34868261                   /home/henriqueramos_qs/meta-learning-concept-drift/.venv/lib/python3.12/site-packages/scipy/optimize/_lbfgsb.cpython-312-x86_64-linux-gnu.so
7e69a24e7000-7e69a24ff000 rw-p 0006a000 fc:00 34868261                   /home/henriqueramos_qs/meta-learning-concept-drift/.venv/lib/python3.12/site-packages/scipy/optimize/_lbfgsb.cpython-312-x86_64-linux-gnu.so
7e69a24ff000-7e69a25ff000 rw-p 00000000 00:00 0 
7e69a25ff000-7e69a2600000 ---p 00000000 00:00 0 
7e69a2600000-7e69a2e00000 rw-p 00000000 00:00 0 
7e69a2e00000-7e69a4e00000 rw-p 00000000 00:00 0 
7e69a4e09000-7e69a4e0c000 r--p 00000000 fc:00 35400470                   /home/henriqueramos_qs/meta-learning-concept-drift/.venv/lib/python3.12/site-packages/sklearn/utils/_weight_vector.cpython-312-x86_64-linux-gnu.so
7e69a4e0c000-7e69a4e16000 r-xp 00003000 fc:00 35400470                   /home/henriqueramos_qs/meta-learning-concept-drift/.venv/lib/python3.12/site-packages/sklearn/utils/_weight_vector.cpython-312-x86_64-linux-gnu.so
7e69a4e16000-7e69a4e1a000 r--p 0000d000 fc:00 35400470                   /home/henriqueramos_qs/meta-learning-concept-drift/.venv/lib/python3.12/site-packages/sklearn/utils/_weight_vector.cpython-312-x86_64-linux-gnu.so
7e69a4e1a000-7e69a4e1b000 ---p 00011000 fc:00 35400470                   /home/henriqueramos_qs/meta-learning-concept-drift/.venv/lib/python3.12/site-packages/sklearn/utils/_weight_vector.cpython-312-x86_64-linux-gnu.so
7e69a4e1b000-7e69a4e1c000 r--p 00011000 fc:00 35400470                   /home/henriqueramos_qs/meta-learning-concept-drift/.venv/lib/python3.12/site-packages/sklearn/utils/_weight_vector.cpython-312-x86_64-linux-gnu.so
7e69a4e1c000-7e69a4e1d000 rw-p 00012000 fc:00 35400470                   /home/henriqueramos_qs/meta-learning-concept-drift/.venv/lib/python3.12/site-packages/sklearn/utils/_weight_vector.cpython-312-x86_64-linux-gnu.so
7e69a4e1d000-7e69a4e24000 r--p 00000000 fc:00 34869170                   /home/henriqueramos_qs/meta-learning-concept-drift/.venv/lib/python3.12/site-packages/scipy/spatial/transform/_rotation.cpython-312-x86_64-linux-gnu.so
7e69a4e24000-7e69a4ec7000 r-xp 00007000 fc:00 34869170                   /home/henriqueramos_qs/meta-learning-concept-drift/.venv/lib/python3.12/site-packages/scipy/spatial/transform/_rotation.cpython-312-x86_64-linux-gnu.so
7e69a4ec7000-7e69a4ef9000 r--p 000aa000 fc:00 34869170                   /home/henriqueramos_qs/meta-learning-concept-drift/.venv/lib/python3.12/site-packages/scipy/spatial/transform/_rotation.cpython-312-x86_64-linux-gnu.so
7e69a4ef9000-7e69a4efa000 r--p 000db000 fc:00 34869170                   /home/henriqueramos_qs/meta-learning-concept-drift/.venv/lib/python3.12/site-packages/scipy/spatial/transform/_rotation.cpython-312-x86_64-linux-gnu.so
7e69a4efa000-7e69a4efe000 rw-p 000dc000 fc:00 34869170                   /home/henriqueramos_qs/meta-learning-concept-drift/.venv/lib/python3.12/site-packages/scipy/spatial/transform/_rotation.cpython-312-x86_64-linux-gnu.so
7e69a4efe000-7e69a4fff000 rw-p 00000000 00:00 0 
7e69a4fff000-7e69a5000000 ---p 00000000 00:00 0 
7e69a5000000-7e69a5800000 rw-p 00000000 00:00 0 
7e69a5800000-7e69a7800000 rw-p 00000000 00:00 0 
7e69a7809000-7e69a780d000 r--p 00000000 fc:00 34868433                   /home/henriqueramos_qs/meta-learning-concept-drift/.venv/lib/python3.12/site-packages/scipy/_lib/_uarray/_uarray.cpython-312-x86_64-linux-gnu.so
7e69a780d000-7e69a781f000 r-xp 00004000 fc:00 34868433                   /home/henriqueramos_qs/meta-learning-concept-drift/.venv/lib/python3.12/site-packages/scipy/_lib/_uarray/_uarray.cpython-312-x86_64-linux-gnu.so
7e69a781f000-7e69a7825000 r--p 00016000 fc:00 34868433                   /home/henriqueramos_qs/meta-learning-concept-drift/.venv/lib/python3.12/site-packages/scipy/_lib/_uarray/_uarray.cpython-312-x86_64-linux-gnu.so
7e69a7825000-7e69a7826000 r--p 0001b000 fc:00 34868433                   /home/henriqueramos_qs/meta-learning-concept-drift/.venv/lib/python3.12/site-packages/scipy/_lib/_uarray/_uarray.cpython-312-x86_64-linux-gnu.so
7e69a7826000-7e69a7827000 rw-p 0001c000 fc:00 34868433                   /home/henriqueramos_qs/meta-learning-concept-drift/.venv/lib/python3.12/site-packages/scipy/_lib/_uarray/_uarray.cpython-312-x86_64-linux-gnu.so
7e69a7827000-7e69a782c000 r--p 00000000 fc:00 34868334                   /home/henriqueramos_qs/meta-learning-concept-drift/.venv/lib/python3.12/site-packages/scipy/optimize/_trlib/_trlib.cpython-312-x86_64-linux-gnu.so
7e69a782c000-7e69a786b000 r-xp 00005000 fc:00 34868334                   /home/henriqueramos_qs/meta-learning-concept-drift/.venv/lib/python3.12/site-packages/scipy/optimize/_trlib/_trlib.cpython-312-x86_64-linux-gnu.so
7e69a786b000-7e69a7875000 r--p 00044000 fc:00 34868334                   /home/henriqueramos_qs/meta-learning-concept-drift/.venv/lib/python3.12/site-packages/scipy/optimize/_trlib/_trlib.cpython-312-x86_64-linux-gnu.so
7e69a7875000-7e69a7876000 r--p 0004d000 fc:00 34868334                   /home/henriqueramos_qs/meta-learning-concept-drift/.venv/lib/python3.12/site-packages/scipy/optimize/_trlib/_trlib.cpython-312-x86_64-linux-gnu.so
7e69a7876000-7e69a7878000 rw-p 0004e000 fc:00 34868334                   /home/henriqueramos_qs/meta-learning-concept-drift/.venv/lib/python3.12/site-packages/scipy/optimize/_trlib/_trlib.cpython-312-x86_64-linux-gnu.so
7e69a7878000-7e69a7879000 rw-p 00000000 00:00 0 
7e69a7879000-7e69a787e000 rw-p 00059000 fc:00 34868334                   /home/henriqueramos_qs/meta-learning-concept-drift/.venv/lib/python3.12/site-packages/scipy/optimize/_trlib/_trlib.cpython-312-x86_64-linux-gnu.so
7e69a787e000-7e69a7884000 r--p 00000000 fc:00 34869104                   /home/henriqueramos_qs/meta-learning-concept-drift/.venv/lib/python3.12/site-packages/scipy/spatial/_distance_pybind.cpython-312-x86_64-linux-gnu.so
7e69a7884000-7e69a78ed000 r-xp 00006000 fc:00 34869104                   /home/henriqueramos_qs/meta-learning-concept-drift/.venv/lib/python3.12/site-packages/scipy/spatial/_distance_pybind.cpython-312-x86_64-linux-gnu.so
7e69a78ed000-7e69a78fd000 r--p 0006f000 fc:00 34869104                   /home/henriqueramos_qs/meta-learning-concept-drift/.venv/lib/python3.12/site-packages/scipy/spatial/_distance_pybind.cpython-312-x86_64-linux-gnu.so
7e69a78fd000-7e69a78fe000 r--p 0007e000 fc:00 34869104                   /home/henriqueramos_qs/meta-learning-concept-drift/.venv/lib/python3.12/site-packages/scipy/spatial/_distance_pybind.cpython-312-x86_64-linux-gnu.so
7e69a78fe000-7e69a78ff000 rw-p 0007f000 fc:00 34869104                   /home/henriqueramos_qs/meta-learning-concept-drift/.venv/lib/python3.12/site-packages/scipy/spatial/_distance_pybind.cpython-312-x86_64-linux-gnu.so
7e69a78ff000-7e69a79ff000 rw-p 00000000 00:00 0 
7e69a79ff000-7e69a7a00000 ---p 00000000 00:00 0 
7e69a7a00000-7e69a8200000 rw-p 00000000 00:00 0 
7e69a8200000-7e69aa200000 rw-p 00000000 00:00 0 
7e69aa201000-7e69aa203000 r--p 00000000 fc:00 35402578                   /home/henriqueramos_qs/meta-learning-concept-drift/.venv/lib/python3.12/site-packages/PIL/_imagingmath.cpython-312-x86_64-linux-gnu.so
7e69aa203000-7e69aa208000 r-xp 00002000 fc:00 35402578                   /home/henriqueramos_qs/meta-learning-concept-drift/.venv/lib/python3.12/site-packages/PIL/_imagingmath.cpython-312-x86_64-linux-gnu.so
7e69aa208000-7e69aa209000 r--p 00007000 fc:00 35402578                   /home/henriqueramos_qs/meta-learning-concept-drift/.venv/lib/python3.12/site-packages/PIL/_imagingmath.cpython-312-x86_64-linux-gnu.so
7e69aa209000-7e69aa20a000 r--p 00008000 fc:00 35402578                   /home/henriqueramos_qs/meta-learning-concept-drift/.venv/lib/python3.12/site-packages/PIL/_imagingmath.cpython-312-x86_64-linux-gnu.so
7e69aa20a000-7e69aa20b000 rw-p 00009000 fc:00 35402578                   /home/henriqueramos_qs/meta-learning-concept-drift/.venv/lib/python3.12/site-packages/PIL/_imagingmath.cpython-312-x86_64-linux-gnu.so
7e69aa20b000-7e69aa20e000 r--p 00000000 fc:00 34868896                   /home/henriqueramos_qs/meta-learning-concept-drift/.venv/lib/python3.12/site-packages/scipy/stats/_stats_pythran.cpython-312-x86_64-linux-gnu.so
7e69aa20e000-7e69aa224000 r-xp 00003000 fc:00 34868896                   /home/henriqueramos_qs/meta-learning-concept-drift/.venv/lib/python3.12/site-packages/scipy/stats/_stats_pythran.cpython-312-x86_64-linux-gnu.so
7e69aa224000-7e69aa229000 r--p 00019000 fc:00 34868896                   /home/henriqueramos_qs/meta-learning-concept-drift/.venv/lib/python3.12/site-packages/scipy/stats/_stats_pythran.cpython-312-x86_64-linux-gnu.so
7e69aa229000-7e69aa22a000 r--p 0001d000 fc:00 34868896                   /home/henriqueramos_qs/meta-learning-concept-drift/.venv/lib/python3.12/site-packages/scipy/stats/_stats_pythran.cpython-312-x86_64-linux-gnu.so
7e69aa22a000-7e69aa22b000 rw-p 0001e000 fc:00 34868896                   /home/henriqueramos_qs/meta-learning-concept-drift/.venv/lib/python3.12/site-packages/scipy/stats/_stats_pythran.cpython-312-x86_64-linux-gnu.so
7e69aa22b000-7e69aa233000 r--p 00000000 fc:00 34869105                   /home/henriqueramos_qs/meta-learning-concept-drift/.venv/lib/python3.12/site-packages/scipy/spatial/_ckdtree.cpython-312-x86_64-linux-gnu.so
7e69aa233000-7e69aa2da000 r-xp 00008000 fc:00 34869105                   /home/henriqueramos_qs/meta-learning-concept-drift/.venv/lib/python3.12/site-packages/scipy/spatial/_ckdtree.cpython-312-x86_64-linux-gnu.so
7e69aa2da000-7e69aa2f9000 r--p 000af000 fc:00 34869105                   /home/henriqueramos_qs/meta-learning-concept-drift/.venv/lib/python3.12/site-packages/scipy/spatial/_ckdtree.cpython-312-x86_64-linux-gnu.so
7e69aa2f9000-7e69aa2fa000 r--p 000cd000 fc:00 34869105                   /home/henriqueramos_qs/meta-learning-concept-drift/.venv/lib/python3.12/site-packages/scipy/spatial/_ckdtree.cpython-312-x86_64-linux-gnu.so
7e69aa2fa000-7e69aa2fe000 rw-p 000ce000 fc:00 34869105                   /home/henriqueramos_qs/meta-learning-concept-drift/.venv/lib/python3.12/site-packages/scipy/spatial/_ckdtree.cpython-312-x86_64-linux-gnu.so
7e69aa2fe000-7e69aa3ff000 rw-p 00000000 00:00 0 
7e69aa3ff000-7e69aa400000 ---p 00000000 00:00 0 
7e69aa400000-7e69aac00000 rw-p 00000000 00:00 0 
7e69aac00000-7e69acc00000 rw-p 00000000 00:00 0 
7e69acc02000-7e69acc06000 r--p 00000000 fc:00 35400435                   /home/henriqueramos_qs/meta-learning-concept-drift/.venv/lib/python3.12/site-packages/sklearn/utils/_isfinite.cpython-312-x86_64-linux-gnu.so
7e69acc06000-7e69acc14000 r-xp 00004000 fc:00 35400435                   /home/henriqueramos_qs/meta-learning-concept-drift/.venv/lib/python3.12/site-packages/sklearn/utils/_isfinite.cpython-312-x86_64-linux-gnu.so
7e69acc14000-7e69acc18000 r--p 00012000 fc:00 35400435                   /home/henriqueramos_qs/meta-learning-concept-drift/.venv/lib/python3.12/site-packages/sklearn/utils/_isfinite.cpython-312-x86_64-linux-gnu.so
7e69acc18000-7e69acc19000 ---p 00016000 fc:00 35400435                   /home/henriqueramos_qs/meta-learning-concept-drift/.venv/lib/python3.12/site-packages/sklearn/utils/_isfinite.cpython-312-x86_64-linux-gnu.so
7e69acc19000-7e69acc1a000 r--p 00016000 fc:00 35400435                   /home/henriqueramos_qs/meta-learning-concept-drift/.venv/lib/python3.12/site-packages/sklearn/utils/_isfinite.cpython-312-x86_64-linux-gnu.so
7e69acc1a000-7e69acc1b000 rw-p 00017000 fc:00 35400435                   /home/henriqueramos_qs/meta-learning-concept-drift/.venv/lib/python3.12/site-packages/sklearn/utils/_isfinite.cpython-312-x86_64-linux-gnu.so
7e69acc1b000-7e69acc1c000 rw-p 00000000 00:00 0 
7e69acc1c000-7e69acc1f000 r--p 00000000 fc:00 34868544                   /home/henriqueramos_qs/meta-learning-concept-drift/.venv/lib/python3.12/site-packages/scipy/special/_special_ufuncs.cpython-312-x86_64-linux-gnu.so
7e69acc1f000-7e69accd2000 r-xp 00003000 fc:00 34868544                   /home/henriqueramos_qs/meta-learning-concept-drift/.venv/lib/python3.12/site-packages/scipy/special/_special_ufuncs.cpython-312-x86_64-linux-gnu.so
7e69accd2000-7e69accfd000 r--p 000b6000 fc:00 34868544                   /home/henriqueramos_qs/meta-learning-concept-drift/.venv/lib/python3.12/site-packages/scipy/special/_special_ufuncs.cpython-312-x86_64-linux-gnu.so
7e69accfd000-7e69accfe000 r--p 000e0000 fc:00 34868544                   /home/henriqueramos_qs/meta-learning-concept-drift/.venv/lib/python3.12/site-packages/scipy/special/_special_ufuncs.cpython-312-x86_64-linux-gnu.so
7e69accfe000-7e69accff000 rw-p 000e1000 fc:00 34868544                   /home/henriqueramos_qs/meta-learning-concept-drift/.venv/lib/python3.12/site-packages/scipy/special/_special_ufuncs.cpython-312-x86_64-linux-gnu.so
7e69accff000-7e69acdff000 rw-p 00000000 00:00 0 
7e69acdff000-7e69ace00000 ---p 00000000 00:00 0 
7e69ace00000-7e69ad600000 rw-p 00000000 00:00 0 
7e69ad600000-7e69af600000 rw-p 00000000 00:00 0 
7e69af607000-7e69af608000 r--p 00000000 fc:00 35414505                   /home/henriqueramos_qs/meta-learning-concept-drift/.venv/lib/python3.12/site-packages/torch/_C.cpython-312-x86_64-linux-gnu.so
7e69af608000-7e69af609000 r-xp 00001000 fc:00 35414505                   /home/henriqueramos_qs/meta-learning-concept-drift/.venv/lib/python3.12/site-packages/torch/_C.cpython-312-x86_64-linux-gnu.so
7e69af609000-7e69af60a000 r--p 00002000 fc:00 35414505                   /home/henriqueramos_qs/meta-learning-concept-drift/.venv/lib/python3.12/site-packages/torch/_C.cpython-312-x86_64-linux-gnu.so
7e69af60a000-7e69af60b000 r--p 00002000 fc:00 35414505                   /home/henriqueramos_qs/meta-learning-concept-drift/.venv/lib/python3.12/site-packages/torch/_C.cpython-312-x86_64-linux-gnu.so
7e69af60b000-7e69af60c000 rw-p 00003000 fc:00 35414505                   /home/henriqueramos_qs/meta-learning-concept-drift/.venv/lib/python3.12/site-packages/torch/_C.cpython-312-x86_64-linux-gnu.so
7e69af60c000-7e69af60d000 rw-p 00006000 fc:00 35414505                   /home/henriqueramos_qs/meta-learning-concept-drift/.venv/lib/python3.12/site-packages/torch/_C.cpython-312-x86_64-linux-gnu.so
7e69af60d000-7e69af60e000 r--p 00000000 fc:00 34868690                   /home/henriqueramos_qs/meta-learning-concept-drift/.venv/lib/python3.12/site-packages/scipy/interpolate/_fitpack.cpython-312-x86_64-linux-gnu.so
7e69af60e000-7e69af61e000 r-xp 00001000 fc:00 34868690                   /home/henriqueramos_qs/meta-learning-concept-drift/.venv/lib/python3.12/site-packages/scipy/interpolate/_fitpack.cpython-312-x86_64-linux-gnu.so
7e69af61e000-7e69af620000 r--p 00011000 fc:00 34868690                   /home/henriqueramos_qs/meta-learning-concept-drift/.venv/lib/python3.12/site-packages/scipy/interpolate/_fitpack.cpython-312-x86_64-linux-gnu.so
7e69af620000-7e69af621000 r--p 00012000 fc:00 34868690                   /home/henriqueramos_qs/meta-learning-concept-drift/.venv/lib/python3.12/site-packages/scipy/interpolate/_fitpack.cpython-312-x86_64-linux-gnu.so
7e69af621000-7e69af622000 rw-p 00013000 fc:00 34868690                   /home/henriqueramos_qs/meta-learning-concept-drift/.venv/lib/python3.12/site-packages/scipy/interpolate/_fitpack.cpython-312-x86_64-linux-gnu.so
7e69af622000-7e69af624000 rw-p 00015000 fc:00 34868690                   /home/henriqueramos_qs/meta-learning-concept-drift/.venv/lib/python3.12/site-packages/scipy/interpolate/_fitpack.cpython-312-x86_64-linux-gnu.so
7e69af624000-7e69af629000 r--p 00000000 fc:00 34868109                   /home/henriqueramos_qs/meta-learning-concept-drift/.venv/lib/python3.12/site-packages/scipy/sparse/csgraph/_reordering.cpython-312-x86_64-linux-gnu.so
7e69af629000-7e69af65e000 r-xp 00005000 fc:00 34868109                   /home/henriqueramos_qs/meta-learning-concept-drift/.venv/lib/python3.12/site-packages/scipy/sparse/csgraph/_reordering.cpython-312-x86_64-linux-gnu.so
7e69af65e000-7e69af668000 r--p 0003a000 fc:00 34868109                   /home/henriqueramos_qs/meta-learning-concept-drift/.venv/lib/python3.12/site-packages/scipy/sparse/csgraph/_reordering.cpython-312-x86_64-linux-gnu.so
7e69af668000-7e69af669000 r--p 00043000 fc:00 34868109                   /home/henriqueramos_qs/meta-learning-concept-drift/.venv/lib/python3.12/site-packages/scipy/sparse/csgraph/_reordering.cpython-312-x86_64-linux-gnu.so
7e69af669000-7e69af66b000 rw-p 00044000 fc:00 34868109                   /home/henriqueramos_qs/meta-learning-concept-drift/.venv/lib/python3.12/site-packages/scipy/sparse/csgraph/_reordering.cpython-312-x86_64-linux-gnu.so
7e69af66b000-7e69af66c000 rw-p 00000000 00:00 0 
7e69af66c000-7e69af671000 r--p 00000000 fc:00 34868104                   /home/henriqueramos_qs/meta-learning-concept-drift/.venv/lib/python3.12/site-packages/scipy/sparse/csgraph/_traversal.cpython-312-x86_64-linux-gnu.so
7e69af671000-7e69af6ea000 r-xp 00005000 fc:00 34868104                   /home/henriqueramos_qs/meta-learning-concept-drift/.venv/lib/python3.12/site-packages/scipy/sparse/csgraph/_traversal.cpython-312-x86_64-linux-gnu.so
7e69af6ea000-7e69af6fb000 r--p 0007e000 fc:00 34868104                   /home/henriqueramos_qs/meta-learning-concept-drift/.venv/lib/python3.12/site-packages/scipy/sparse/csgraph/_traversal.cpython-312-x86_64-linux-gnu.so
7e69af6fb000-7e69af6fc000 r--p 0008e000 fc:00 34868104                   /home/henriqueramos_qs/meta-learning-concept-drift/.venv/lib/python3.12/site-packages/scipy/sparse/csgraph/_traversal.cpython-312-x86_64-linux-gnu.so
7e69af6fc000-7e69af6fe000 rw-p 0008f000 fc:00 34868104                   /home/henriqueramos_qs/meta-learning-concept-drift/.venv/lib/python3.12/site-packages/scipy/sparse/csgraph/_traversal.cpython-312-x86_64-linux-gnu.so
7e69af6fe000-7e69af7ff000 rw-p 00000000 00:00 0 
7e69af7ff000-7e69af800000 ---p 00000000 00:00 0 
7e69af800000-7e69b0000000 rw-p 00000000 00:00 0 
7e69b0000000-7e69b2000000 rw-p 00000000 00:00 0 
7e69b2000000-7e69b2003000 r--p 00000000 fc:00 35399851                   /home/henriqueramos_qs/meta-learning-concept-drift/.venv/lib/python3.12/site-packages/sklearn/ensemble/_hist_gradient_boosting/_bitset.cpython-312-x86_64-linux-gnu.so
7e69b2003000-7e69b200b000 r-xp 00003000 fc:00 35399851                   /home/henriqueramos_qs/meta-learning-concept-drift/.venv/lib/python3.12/site-packages/sklearn/ensemble/_hist_gradient_boosting/_bitset.cpython-312-x86_64-linux-gnu.so
7e69b200b000-7e69b200f000 r--p 0000b000 fc:00 35399851                   /home/henriqueramos_qs/meta-learning-concept-drift/.venv/lib/python3.12/site-packages/sklearn/ensemble/_hist_gradient_boosting/_bitset.cpython-312-x86_64-linux-gnu.so
7e69b200f000-7e69b2010000 ---p 0000f000 fc:00 35399851                   /home/henriqueramos_qs/meta-learning-concept-drift/.venv/lib/python3.12/site-packages/sklearn/ensemble/_hist_gradient_boosting/_bitset.cpython-312-x86_64-linux-gnu.so
7e69b2010000-7e69b2011000 r--p 0000f000 fc:00 35399851                   /home/henriqueramos_qs/meta-learning-concept-drift/.venv/lib/python3.12/site-packages/sklearn/ensemble/_hist_gradient_boosting/_bitset.cpython-312-x86_64-linux-gnu.so
7e69b2011000-7e69b2012000 rw-p 00010000 fc:00 35399851                   /home/henriqueramos_qs/meta-learning-concept-drift/.venv/lib/python3.12/site-packages/sklearn/ensemble/_hist_gradient_boosting/_bitset.cpython-312-x86_64-linux-gnu.so
7e69b2012000-7e69b2017000 r--p 00000000 fc:00 34868217                   /home/henriqueramos_qs/meta-learning-concept-drift/.venv/lib/python3.12/site-packages/scipy/optimize/_pava_pybind.cpython-312-x86_64-linux-gnu.so
7e69b2017000-7e69b2030000 r-xp 00005000 fc:00 34868217                   /home/henriqueramos_qs/meta-learning-concept-drift/.venv/lib/python3.12/site-packages/scipy/optimize/_pava_pybind.cpython-312-x86_64-linux-gnu.so
7e69b2030000-7e69b2038000 r--p 0001e000 fc:00 34868217                   /home/henriqueramos_qs/meta-learning-concept-drift/.venv/lib/python3.12/site-packages/scipy/optimize/_pava_pybind.cpython-312-x86_64-linux-gnu.so
7e69b2038000-7e69b2039000 ---p 00026000 fc:00 34868217                   /home/henriqueramos_qs/meta-learning-concept-drift/.venv/lib/python3.12/site-packages/scipy/optimize/_pava_pybind.cpython-312-x86_64-linux-gnu.so
7e69b2039000-7e69b203a000 r--p 00026000 fc:00 34868217                   /home/henriqueramos_qs/meta-learning-concept-drift/.venv/lib/python3.12/site-packages/scipy/optimize/_pava_pybind.cpython-312-x86_64-linux-gnu.so
7e69b203a000-7e69b203b000 rw-p 00027000 fc:00 34868217                   /home/henriqueramos_qs/meta-learning-concept-drift/.venv/lib/python3.12/site-packages/scipy/optimize/_pava_pybind.cpython-312-x86_64-linux-gnu.so
7e69b203b000-7e69b2040000 r--p 00000000 fc:00 34868103                   /home/henriqueramos_qs/meta-learning-concept-drift/.venv/lib/python3.12/site-packages/scipy/sparse/csgraph/_matching.cpython-312-x86_64-linux-gnu.so
7e69b2040000-7e69b2075000 r-xp 00005000 fc:00 34868103                   /home/henriqueramos_qs/meta-learning-concept-drift/.venv/lib/python3.12/site-packages/scipy/sparse/csgraph/_matching.cpython-312-x86_64-linux-gnu.so
7e69b2075000-7e69b2083000 r--p 0003a000 fc:00 34868103                   /home/henriqueramos_qs/meta-learning-concept-drift/.venv/lib/python3.12/site-packages/scipy/sparse/csgraph/_matching.cpython-312-x86_64-linux-gnu.so
7e69b2083000-7e69b2084000 r--p 00047000 fc:00 34868103                   /home/henriqueramos_qs/meta-learning-concept-drift/.venv/lib/python3.12/site-packages/scipy/sparse/csgraph/_matching.cpython-312-x86_64-linux-gnu.so
7e69b2084000-7e69b2086000 rw-p 00048000 fc:00 34868103                   /home/henriqueramos_qs/meta-learning-concept-drift/.venv/lib/python3.12/site-packages/scipy/sparse/csgraph/_matching.cpython-312-x86_64-linux-gnu.so
7e69b2086000-7e69b2087000 rw-p 00000000 00:00 0 
7e69b2087000-7e69b208c000 r--p 00000000 fc:00 34868112                   /home/henriqueramos_qs/meta-learning-concept-drift/.venv/lib/python3.12/site-packages/scipy/sparse/csgraph/_shortest_path.cpython-312-x86_64-linux-gnu.so
7e69b208c000-7e69b20e6000 r-xp 00005000 fc:00 34868112                   /home/henriqueramos_qs/meta-learning-concept-drift/.venv/lib/python3.12/site-packages/scipy/sparse/csgraph/_shortest_path.cpython-312-x86_64-linux-gnu.so
7e69b20e6000-7e69b20fb000 r--p 0005f000 fc:00 34868112                   /home/henriqueramos_qs/meta-learning-concept-drift/.venv/lib/python3.12/site-packages/scipy/sparse/csgraph/_shortest_path.cpython-312-x86_64-linux-gnu.so
7e69b20fb000-7e69b20fc000 r--p 00073000 fc:00 34868112                   /home/henriqueramos_qs/meta-learning-concept-drift/.venv/lib/python3.12/site-packages/scipy/sparse/csgraph/_shortest_path.cpython-312-x86_64-linux-gnu.so
7e69b20fc000-7e69b20fe000 rw-p 00074000 fc:00 34868112                   /home/henriqueramos_qs/meta-learning-concept-drift/.venv/lib/python3.12/site-packages/scipy/sparse/csgraph/_shortest_path.cpython-312-x86_64-linux-gnu.so
7e69b20fe000-7e69b21ff000 rw-p 00000000 00:00 0 
7e69b21ff000-7e69b2200000 ---p 00000000 00:00 0 
7e69b2200000-7e69b2a00000 rw-p 00000000 00:00 0 
7e69b2a00000-7e69b4a00000 rw-p 00000000 00:00 0 
7e69b4a01000-7e69b4a04000 r--p 00000000 fc:00 35399547                   /home/henriqueramos_qs/meta-learning-concept-drift/.venv/lib/python3.12/site-packages/sklearn/cluster/_dbscan_inner.cpython-312-x86_64-linux-gnu.so
7e69b4a04000-7e69b4a0b000 r-xp 00003000 fc:00 35399547                   /home/henriqueramos_qs/meta-learning-concept-drift/.venv/lib/python3.12/site-packages/sklearn/cluster/_dbscan_inner.cpython-312-x86_64-linux-gnu.so
7e69b4a0b000-7e69b4a0f000 r--p 0000a000 fc:00 35399547                   /home/henriqueramos_qs/meta-learning-concept-drift/.venv/lib/python3.12/site-packages/sklearn/cluster/_dbscan_inner.cpython-312-x86_64-linux-gnu.so
7e69b4a0f000-7e69b4a10000 r--p 0000d000 fc:00 35399547                   /home/henriqueramos_qs/meta-learning-concept-drift/.venv/lib/python3.12/site-packages/sklearn/cluster/_dbscan_inner.cpython-312-x86_64-linux-gnu.so
7e69b4a10000-7e69b4a11000 rw-p 0000e000 fc:00 35399547                   /home/henriqueramos_qs/meta-learning-concept-drift/.venv/lib/python3.12/site-packages/sklearn/cluster/_dbscan_inner.cpython-312-x86_64-linux-gnu.so
7e69b4a11000-7e69b4a16000 r--p 00000000 fc:00 34868111                   /home/henriqueramos_qs/meta-learning-concept-drift/.venv/lib/python3.12/site-packages/scipy/sparse/csgraph/_flow.cpython-312-x86_64-linux-gnu.so
7e69b4a16000-7e69b4a4b000 r-xp 00005000 fc:00 34868111                   /home/henriqueramos_qs/meta-learning-concept-drift/.venv/lib/python3.12/site-packages/scipy/sparse/csgraph/_flow.cpython-312-x86_64-linux-gnu.so
7e69b4a4b000-7e69b4a57000 r--p 0003a000 fc:00 34868111                   /home/henriqueramos_qs/meta-learning-concept-drift/.venv/lib/python3.12/site-packages/scipy/sparse/csgraph/_flow.cpython-312-x86_64-linux-gnu.so
7e69b4a57000-7e69b4a58000 r--p 00045000 fc:00 34868111                   /home/henriqueramos_qs/meta-learning-concept-drift/.venv/lib/python3.12/site-packages/scipy/sparse/csgraph/_flow.cpython-312-x86_64-linux-gnu.so
7e69b4a58000-7e69b4a5a000 rw-p 00046000 fc:00 34868111                   /home/henriqueramos_qs/meta-learning-concept-drift/.venv/lib/python3.12/site-packages/scipy/sparse/csgraph/_flow.cpython-312-x86_64-linux-gnu.so
7e69b4a5a000-7e69b4a5b000 rw-p 00000000 00:00 0 
7e69b4a5b000-7e69b4a78000 r--p 00000000 fc:00 34868159                   /home/henriqueramos_qs/meta-learning-concept-drift/.venv/lib/python3.12/site-packages/scipy/sparse/linalg/_propack/_zpropack.cpython-312-x86_64-linux-gnu.so
7e69b4a78000-7e69b4a97000 r-xp 0001d000 fc:00 34868159                   /home/henriqueramos_qs/meta-learning-concept-drift/.venv/lib/python3.12/site-packages/scipy/sparse/linalg/_propack/_zpropack.cpython-312-x86_64-linux-gnu.so
7e69b4a97000-7e69b4aa7000 r--p 0003c000 fc:00 34868159                   /home/henriqueramos_qs/meta-learning-concept-drift/.venv/lib/python3.12/site-packages/scipy/sparse/linalg/_propack/_zpropack.cpython-312-x86_64-linux-gnu.so
7e69b4aa7000-7e69b4aa8000 ---p 0004c000 fc:00 34868159                   /home/henriqueramos_qs/meta-learning-concept-drift/.venv/lib/python3.12/site-packages/scipy/sparse/linalg/_propack/_zpropack.cpython-312-x86_64-linux-gnu.so
7e69b4aa8000-7e69b4aa9000 r--p 0004c000 fc:00 34868159                   /home/henriqueramos_qs/meta-learning-concept-drift/.venv/lib/python3.12/site-packages/scipy/sparse/linalg/_propack/_zpropack.cpython-312-x86_64-linux-gnu.so
7e69b4aa9000-7e69b4ab1000 rw-p 0004d000 fc:00 34868159                   /home/henriqueramos_qs/meta-learning-concept-drift/.venv/lib/python3.12/site-packages/scipy/sparse/linalg/_propack/_zpropack.cpython-312-x86_64-linux-gnu.so
7e69b4ab1000-7e69b4ae7000 rw-p 00000000 00:00 0 
7e69b4ae7000-7e69b4aff000 rw-p 00071000 fc:00 34868159                   /home/henriqueramos_qs/meta-learning-concept-drift/.venv/lib/python3.12/site-packages/scipy/sparse/linalg/_propack/_zpropack.cpython-312-x86_64-linux-gnu.so
7e69b4aff000-7e69b4bff000 rw-p 00000000 00:00 0 
7e69b4bff000-7e69b4c00000 ---p 00000000 00:00 0 
7e69b4c00000-7e69b5400000 rw-p 00000000 00:00 0 
7e69b5400000-7e69b7400000 rw-p 00000000 00:00 0 
7e69b7400000-7e69b7402000 r--p 00000000 08:05 8922103                    /usr/lib/jvm/java-21-openjdk-amd64/lib/libzip.so
7e69b7402000-7e69b7407000 r-xp 00002000 08:05 8922103                    /usr/lib/jvm/java-21-openjdk-amd64/lib/libzip.so
7e69b7407000-7e69b7409000 r--p 00007000 08:05 8922103                    /usr/lib/jvm/java-21-openjdk-amd64/lib/libzip.so
7e69b7409000-7e69b740a000 r--p 00008000 08:05 8922103                    /usr/lib/jvm/java-21-openjdk-amd64/lib/libzip.so
7e69b740a000-7e69b740b000 rw-p 00009000 08:05 8922103                    /usr/lib/jvm/java-21-openjdk-amd64/lib/libzip.so
7e69b740b000-7e69b7428000 r--p 00000000 fc:00 34868160                   /home/henriqueramos_qs/meta-learning-concept-drift/.venv/lib/python3.12/site-packages/scipy/sparse/linalg/_propack/_cpropack.cpython-312-x86_64-linux-gnu.so
7e69b7428000-7e69b7449000 r-xp 0001d000 fc:00 34868160                   /home/henriqueramos_qs/meta-learning-concept-drift/.venv/lib/python3.12/site-packages/scipy/sparse/linalg/_propack/_cpropack.cpython-312-x86_64-linux-gnu.so
7e69b7449000-7e69b7459000 r--p 0003e000 fc:00 34868160                   /home/henriqueramos_qs/meta-learning-concept-drift/.venv/lib/python3.12/site-packages/scipy/sparse/linalg/_propack/_cpropack.cpython-312-x86_64-linux-gnu.so
7e69b7459000-7e69b745a000 ---p 0004e000 fc:00 34868160                   /home/henriqueramos_qs/meta-learning-concept-drift/.venv/lib/python3.12/site-packages/scipy/sparse/linalg/_propack/_cpropack.cpython-312-x86_64-linux-gnu.so
7e69b745a000-7e69b745b000 r--p 0004e000 fc:00 34868160                   /home/henriqueramos_qs/meta-learning-concept-drift/.venv/lib/python3.12/site-packages/scipy/sparse/linalg/_propack/_cpropack.cpython-312-x86_64-linux-gnu.so
7e69b745b000-7e69b7463000 rw-p 0004f000 fc:00 34868160                   /home/henriqueramos_qs/meta-learning-concept-drift/.venv/lib/python3.12/site-packages/scipy/sparse/linalg/_propack/_cpropack.cpython-312-x86_64-linux-gnu.so
7e69b7463000-7e69b747e000 rw-p 00000000 00:00 0 
7e69b747e000-7e69b7496000 rw-p 00073000 fc:00 34868160                   /home/henriqueramos_qs/meta-learning-concept-drift/.venv/lib/python3.12/site-packages/scipy/sparse/linalg/_propack/_cpropack.cpython-312-x86_64-linux-gnu.so
7e69b7496000-7e69b74b3000 r--p 00000000 fc:00 34868162                   /home/henriqueramos_qs/meta-learning-concept-drift/.venv/lib/python3.12/site-packages/scipy/sparse/linalg/_propack/_dpropack.cpython-312-x86_64-linux-gnu.so
7e69b74b3000-7e69b74ce000 r-xp 0001d000 fc:00 34868162                   /home/henriqueramos_qs/meta-learning-concept-drift/.venv/lib/python3.12/site-packages/scipy/sparse/linalg/_propack/_dpropack.cpython-312-x86_64-linux-gnu.so
7e69b74ce000-7e69b74de000 r--p 00038000 fc:00 34868162                   /home/henriqueramos_qs/meta-learning-concept-drift/.venv/lib/python3.12/site-packages/scipy/sparse/linalg/_propack/_dpropack.cpython-312-x86_64-linux-gnu.so
7e69b74de000-7e69b74df000 r--p 00047000 fc:00 34868162                   /home/henriqueramos_qs/meta-learning-concept-drift/.venv/lib/python3.12/site-packages/scipy/sparse/linalg/_propack/_dpropack.cpython-312-x86_64-linux-gnu.so
7e69b74df000-7e69b74e7000 rw-p 00048000 fc:00 34868162                   /home/henriqueramos_qs/meta-learning-concept-drift/.venv/lib/python3.12/site-packages/scipy/sparse/linalg/_propack/_dpropack.cpython-312-x86_64-linux-gnu.so
7e69b74e7000-7e69b74ff000 rw-p 0006b000 fc:00 34868162                   /home/henriqueramos_qs/meta-learning-concept-drift/.venv/lib/python3.12/site-packages/scipy/sparse/linalg/_propack/_dpropack.cpython-312-x86_64-linux-gnu.so
7e69b74ff000-7e69b75ff000 rw-p 00000000 00:00 0 
7e69b75ff000-7e69b7600000 ---p 00000000 00:00 0 
7e69b7600000-7e69b7e00000 rw-p 00000000 00:00 0 
7e69b7e00000-7e69bbe00000 rw-p 00000000 00:00 0 
7e69bbe03000-7e69bbe06000 r--p 00000000 fc:00 35400441                   /home/henriqueramos_qs/meta-learning-concept-drift/.venv/lib/python3.12/site-packages/sklearn/utils/_openmp_helpers.cpython-312-x86_64-linux-gnu.so
7e69bbe06000-7e69bbe0d000 r-xp 00003000 fc:00 35400441                   /home/henriqueramos_qs/meta-learning-concept-drift/.venv/lib/python3.12/site-packages/sklearn/utils/_openmp_helpers.cpython-312-x86_64-linux-gnu.so
7e69bbe0d000-7e69bbe0f000 r--p 0000a000 fc:00 35400441                   /home/henriqueramos_qs/meta-learning-concept-drift/.venv/lib/python3.12/site-packages/sklearn/utils/_openmp_helpers.cpython-312-x86_64-linux-gnu.so
7e69bbe0f000-7e69bbe10000 ---p 0000c000 fc:00 35400441                   /home/henriqueramos_qs/meta-learning-concept-drift/.venv/lib/python3.12/site-packages/sklearn/utils/_openmp_helpers.cpython-312-x86_64-linux-gnu.so
7e69bbe10000-7e69bbe11000 r--p 0000c000 fc:00 35400441                   /home/henriqueramos_qs/meta-learning-concept-drift/.venv/lib/python3.12/site-packages/sklearn/utils/_openmp_helpers.cpython-312-x86_64-linux-gnu.so
7e69bbe11000-7e69bbe12000 rw-p 0000d000 fc:00 35400441                   /home/henriqueramos_qs/meta-learning-concept-drift/.venv/lib/python3.12/site-packages/sklearn/utils/_openmp_helpers.cpython-312-x86_64-linux-gnu.so
7e69bbe12000-7e69bbe15000 rw-p 00012000 fc:00 35400441                   /home/henriqueramos_qs/meta-learning-concept-drift/.venv/lib/python3.12/site-packages/sklearn/utils/_openmp_helpers.cpython-312-x86_64-linux-gnu.so
7e69bbe15000-7e69bbe1a000 r--p 00000000 fc:00 34868366                   /home/henriqueramos_qs/meta-learning-concept-drift/.venv/lib/python3.12/site-packages/scipy/optimize/_lsq/givens_elimination.cpython-312-x86_64-linux-gnu.so
7e69bbe1a000-7e69bbe3c000 r-xp 00005000 fc:00 34868366                   /home/henriqueramos_qs/meta-learning-concept-drift/.venv/lib/python3.12/site-packages/scipy/optimize/_lsq/givens_elimination.cpython-312-x86_64-linux-gnu.so
7e69bbe3c000-7e69bbe43000 r--p 00027000 fc:00 34868366                   /home/henriqueramos_qs/meta-learning-concept-drift/.venv/lib/python3.12/site-packages/scipy/optimize/_lsq/givens_elimination.cpython-312-x86_64-linux-gnu.so
7e69bbe43000-7e69bbe44000 r--p 0002d000 fc:00 34868366                   /home/henriqueramos_qs/meta-learning-concept-drift/.venv/lib/python3.12/site-packages/scipy/optimize/_lsq/givens_elimination.cpython-312-x86_64-linux-gnu.so
7e69bbe44000-7e69bbe46000 rw-p 0002e000 fc:00 34868366                   /home/henriqueramos_qs/meta-learning-concept-drift/.venv/lib/python3.12/site-packages/scipy/optimize/_lsq/givens_elimination.cpython-312-x86_64-linux-gnu.so
7e69bbe46000-7e69bbe64000 r--p 00000000 fc:00 34868191                   /home/henriqueramos_qs/meta-learning-concept-drift/.venv/lib/python3.12/site-packages/scipy/sparse/linalg/_eigen/arpack/_arpack.cpython-312-x86_64-linux-gnu.so
7e69bbe64000-7e69bbebb000 r-xp 0001e000 fc:00 34868191                   /home/henriqueramos_qs/meta-learning-concept-drift/.venv/lib/python3.12/site-packages/scipy/sparse/linalg/_eigen/arpack/_arpack.cpython-312-x86_64-linux-gnu.so
7e69bbebb000-7e69bbed7000 r--p 00075000 fc:00 34868191                   /home/henriqueramos_qs/meta-learning-concept-drift/.venv/lib/python3.12/site-packages/scipy/sparse/linalg/_eigen/arpack/_arpack.cpython-312-x86_64-linux-gnu.so
7e69bbed7000-7e69bbed8000 r--p 00090000 fc:00 34868191                   /home/henriqueramos_qs/meta-learning-concept-drift/.venv/lib/python3.12/site-packages/scipy/sparse/linalg/_eigen/arpack/_arpack.cpython-312-x86_64-linux-gnu.so
7e69bbed8000-7e69bbee6000 rw-p 00091000 fc:00 34868191                   /home/henriqueramos_qs/meta-learning-concept-drift/.venv/lib/python3.12/site-packages/scipy/sparse/linalg/_eigen/arpack/_arpack.cpython-312-x86_64-linux-gnu.so
7e69bbee6000-7e69bbee7000 rw-p 00000000 00:00 0 
7e69bbee7000-7e69bbeff000 rw-p 000bf000 fc:00 34868191                   /home/henriqueramos_qs/meta-learning-concept-drift/.venv/lib/python3.12/site-packages/scipy/sparse/linalg/_eigen/arpack/_arpack.cpython-312-x86_64-linux-gnu.so
7e69bbeff000-7e69bbfff000 rw-p 00000000 00:00 0 
7e69bbfff000-7e69bc000000 ---p 00000000 00:00 0 
7e69bc000000-7e69bc800000 rw-p 00000000 00:00 0 
7e69bc800000-7e69be800000 rw-p 00000000 00:00 0 
7e69be800000-7e69be803000 r--p 00000000 08:05 8922095                    /usr/lib/jvm/java-21-openjdk-amd64/lib/libnet.so
7e69be803000-7e69be80b000 r-xp 00003000 08:05 8922095                    /usr/lib/jvm/java-21-openjdk-amd64/lib/libnet.so
7e69be80b000-7e69be80d000 r--p 0000b000 08:05 8922095                    /usr/lib/jvm/java-21-openjdk-amd64/lib/libnet.so
7e69be80d000-7e69be80e000 r--p 0000c000 08:05 8922095                    /usr/lib/jvm/java-21-openjdk-amd64/lib/libnet.so
7e69be80e000-7e69be80f000 rw-p 0000d000 08:05 8922095                    /usr/lib/jvm/java-21-openjdk-amd64/lib/libnet.so
7e69be80f000-7e69be82b000 r--p 00000000 fc:00 34868140                   /home/henriqueramos_qs/meta-learning-concept-drift/.venv/lib/python3.12/site-packages/scipy/sparse/linalg/_dsolve/_superlu.cpython-312-x86_64-linux-gnu.so
7e69be82b000-7e69be884000 r-xp 0001c000 fc:00 34868140                   /home/henriqueramos_qs/meta-learning-concept-drift/.venv/lib/python3.12/site-packages/scipy/sparse/linalg/_dsolve/_superlu.cpython-312-x86_64-linux-gnu.so
7e69be884000-7e69be89a000 r--p 00075000 fc:00 34868140                   /home/henriqueramos_qs/meta-learning-concept-drift/.venv/lib/python3.12/site-packages/scipy/sparse/linalg/_dsolve/_superlu.cpython-312-x86_64-linux-gnu.so
7e69be89a000-7e69be89b000 r--p 0008a000 fc:00 34868140                   /home/henriqueramos_qs/meta-learning-concept-drift/.venv/lib/python3.12/site-packages/scipy/sparse/linalg/_dsolve/_superlu.cpython-312-x86_64-linux-gnu.so
7e69be89b000-7e69be8a0000 rw-p 0008b000 fc:00 34868140                   /home/henriqueramos_qs/meta-learning-concept-drift/.venv/lib/python3.12/site-packages/scipy/sparse/linalg/_dsolve/_superlu.cpython-312-x86_64-linux-gnu.so
7e69be8a0000-7e69be8b8000 rw-p 000af000 fc:00 34868140                   /home/henriqueramos_qs/meta-learning-concept-drift/.venv/lib/python3.12/site-packages/scipy/sparse/linalg/_dsolve/_superlu.cpython-312-x86_64-linux-gnu.so
7e69be8b8000-7e69be8c0000 r--p 00000000 fc:00 35393377                   /home/henriqueramos_qs/meta-learning-concept-drift/.venv/lib/python3.12/site-packages/pandas/_libs/join.cpython-312-x86_64-linux-gnu.so
7e69be8c0000-7e69be9e8000 r-xp 00008000 fc:00 35393377                   /home/henriqueramos_qs/meta-learning-concept-drift/.venv/lib/python3.12/site-packages/pandas/_libs/join.cpython-312-x86_64-linux-gnu.so
7e69be9e8000-7e69be9f8000 r--p 00130000 fc:00 35393377                   /home/henriqueramos_qs/meta-learning-concept-drift/.venv/lib/python3.12/site-packages/pandas/_libs/join.cpython-312-x86_64-linux-gnu.so
7e69be9f8000-7e69be9f9000 ---p 00140000 fc:00 35393377                   /home/henriqueramos_qs/meta-learning-concept-drift/.venv/lib/python3.12/site-packages/pandas/_libs/join.cpython-312-x86_64-linux-gnu.so
7e69be9f9000-7e69be9fb000 r--p 00140000 fc:00 35393377                   /home/henriqueramos_qs/meta-learning-concept-drift/.venv/lib/python3.12/site-packages/pandas/_libs/join.cpython-312-x86_64-linux-gnu.so
7e69be9fb000-7e69be9fe000 rw-p 00142000 fc:00 35393377                   /home/henriqueramos_qs/meta-learning-concept-drift/.venv/lib/python3.12/site-packages/pandas/_libs/join.cpython-312-x86_64-linux-gnu.so
7e69be9fe000-7e69be9ff000 rw-p 00000000 00:00 0 
7e69be9ff000-7e69bea00000 ---p 00000000 00:00 0 
7e69bea00000-7e69bf200000 rw-p 00000000 00:00 0 
7e69bf200000-7e69c1200000 rw-p 00000000 00:00 0 
7e69c1200000-7e69c1208000 rw-s 00000000 08:05 10497819                   /tmp/hsperfdata_henriqueramos_qs/596174
7e69c1208000-7e69c120d000 r--p 00000000 fc:00 34869115                   /home/henriqueramos_qs/meta-learning-concept-drift/.venv/lib/python3.12/site-packages/scipy/spatial/_hausdorff.cpython-312-x86_64-linux-gnu.so
7e69c120d000-7e69c1233000 r-xp 00005000 fc:00 34869115                   /home/henriqueramos_qs/meta-learning-concept-drift/.venv/lib/python3.12/site-packages/scipy/spatial/_hausdorff.cpython-312-x86_64-linux-gnu.so
7e69c1233000-7e69c123a000 r--p 0002b000 fc:00 34869115                   /home/henriqueramos_qs/meta-learning-concept-drift/.venv/lib/python3.12/site-packages/scipy/spatial/_hausdorff.cpython-312-x86_64-linux-gnu.so
7e69c123a000-7e69c123b000 ---p 00032000 fc:00 34869115                   /home/henriqueramos_qs/meta-learning-concept-drift/.venv/lib/python3.12/site-packages/scipy/spatial/_hausdorff.cpython-312-x86_64-linux-gnu.so
7e69c123b000-7e69c123c000 r--p 00032000 fc:00 34869115                   /home/henriqueramos_qs/meta-learning-concept-drift/.venv/lib/python3.12/site-packages/scipy/spatial/_hausdorff.cpython-312-x86_64-linux-gnu.so
7e69c123c000-7e69c123e000 rw-p 00033000 fc:00 34869115                   /home/henriqueramos_qs/meta-learning-concept-drift/.venv/lib/python3.12/site-packages/scipy/spatial/_hausdorff.cpython-312-x86_64-linux-gnu.so
7e69c123e000-7e69c123f000 rw-p 00000000 00:00 0 
7e69c123f000-7e69c125c000 r--p 00000000 fc:00 34868161                   /home/henriqueramos_qs/meta-learning-concept-drift/.venv/lib/python3.12/site-packages/scipy/sparse/linalg/_propack/_spropack.cpython-312-x86_64-linux-gnu.so
7e69c125c000-7e69c1277000 r-xp 0001d000 fc:00 34868161                   /home/henriqueramos_qs/meta-learning-concept-drift/.venv/lib/python3.12/site-packages/scipy/sparse/linalg/_propack/_spropack.cpython-312-x86_64-linux-gnu.so
7e69c1277000-7e69c1287000 r--p 00038000 fc:00 34868161                   /home/henriqueramos_qs/meta-learning-concept-drift/.venv/lib/python3.12/site-packages/scipy/sparse/linalg/_propack/_spropack.cpython-312-x86_64-linux-gnu.so
7e69c1287000-7e69c1288000 r--p 00047000 fc:00 34868161                   /home/henriqueramos_qs/meta-learning-concept-drift/.venv/lib/python3.12/site-packages/scipy/sparse/linalg/_propack/_spropack.cpython-312-x86_64-linux-gnu.so
7e69c1288000-7e69c1290000 rw-p 00048000 fc:00 34868161                   /home/henriqueramos_qs/meta-learning-concept-drift/.venv/lib/python3.12/site-packages/scipy/sparse/linalg/_propack/_spropack.cpython-312-x86_64-linux-gnu.so
7e69c1290000-7e69c12a8000 rw-p 0006b000 fc:00 34868161                   /home/henriqueramos_qs/meta-learning-concept-drift/.venv/lib/python3.12/site-packages/scipy/sparse/linalg/_propack/_spropack.cpython-312-x86_64-linux-gnu.so
7e69c12a8000-7e69c12ac000 r--p 00000000 fc:00 34868756                   /home/henriqueramos_qs/meta-learning-concept-drift/.venv/lib/python3.12/site-packages/scipy/linalg/_decomp_update.cpython-312-x86_64-linux-gnu.so
7e69c12ac000-7e69c12eb000 r-xp 00004000 fc:00 34868756                   /home/henriqueramos_qs/meta-learning-concept-drift/.venv/lib/python3.12/site-packages/scipy/linalg/_decomp_update.cpython-312-x86_64-linux-gnu.so
7e69c12eb000-7e69c12fb000 r--p 00043000 fc:00 34868756                   /home/henriqueramos_qs/meta-learning-concept-drift/.venv/lib/python3.12/site-packages/scipy/linalg/_decomp_update.cpython-312-x86_64-linux-gnu.so
7e69c12fb000-7e69c12fc000 r--p 00052000 fc:00 34868756                   /home/henriqueramos_qs/meta-learning-concept-drift/.venv/lib/python3.12/site-packages/scipy/linalg/_decomp_update.cpython-312-x86_64-linux-gnu.so
7e69c12fc000-7e69c12fd000 rw-p 00053000 fc:00 34868756                   /home/henriqueramos_qs/meta-learning-concept-drift/.venv/lib/python3.12/site-packages/scipy/linalg/_decomp_update.cpython-312-x86_64-linux-gnu.so
7e69c12fd000-7e69c13fe000 rw-p 00000000 00:00 0 
7e69c13fe000-7e69c13ff000 ---p 00000000 00:00 0 
7e69c13ff000-7e69c1bff000 rw-p 00000000 00:00 0 
7e69c1bff000-7e69c1c00000 ---p 00000000 00:00 0 
7e69c1c00000-7e69c2400000 rw-p 00000000 00:00 0 
7e69c2400000-7e69c6400000 rw-p 00000000 00:00 0 
7e69c6401000-7e69c6403000 r--p 00000000 08:05 8922084                    /usr/lib/jvm/java-21-openjdk-amd64/lib/libjimage.so
7e69c6403000-7e69c6406000 r-xp 00002000 08:05 8922084                    /usr/lib/jvm/java-21-openjdk-amd64/lib/libjimage.so
7e69c6406000-7e69c6407000 r--p 00005000 08:05 8922084                    /usr/lib/jvm/java-21-openjdk-amd64/lib/libjimage.so
7e69c6407000-7e69c6408000 r--p 00006000 08:05 8922084                    /usr/lib/jvm/java-21-openjdk-amd64/lib/libjimage.so
7e69c6408000-7e69c6409000 rw-p 00007000 08:05 8922084                    /usr/lib/jvm/java-21-openjdk-amd64/lib/libjimage.so
7e69c6409000-7e69c640e000 r--p 00000000 fc:00 34869111                   /home/henriqueramos_qs/meta-learning-concept-drift/.venv/lib/python3.12/site-packages/scipy/spatial/_voronoi.cpython-312-x86_64-linux-gnu.so
7e69c640e000-7e69c6432000 r-xp 00005000 fc:00 34869111                   /home/henriqueramos_qs/meta-learning-concept-drift/.venv/lib/python3.12/site-packages/scipy/spatial/_voronoi.cpython-312-x86_64-linux-gnu.so
7e69c6432000-7e69c6439000 r--p 00029000 fc:00 34869111                   /home/henriqueramos_qs/meta-learning-concept-drift/.venv/lib/python3.12/site-packages/scipy/spatial/_voronoi.cpython-312-x86_64-linux-gnu.so
7e69c6439000-7e69c643a000 ---p 00030000 fc:00 34869111                   /home/henriqueramos_qs/meta-learning-concept-drift/.venv/lib/python3.12/site-packages/scipy/spatial/_voronoi.cpython-312-x86_64-linux-gnu.so
7e69c643a000-7e69c643b000 r--p 00030000 fc:00 34869111                   /home/henriqueramos_qs/meta-learning-concept-drift/.venv/lib/python3.12/site-packages/scipy/spatial/_voronoi.cpython-312-x86_64-linux-gnu.so
7e69c643b000-7e69c643d000 rw-p 00031000 fc:00 34869111                   /home/henriqueramos_qs/meta-learning-concept-drift/.venv/lib/python3.12/site-packages/scipy/spatial/_voronoi.cpython-312-x86_64-linux-gnu.so
7e69c643d000-7e69c643e000 rw-p 00000000 00:00 0 
7e69c643e000-7e69c6445000 r--p 00000000 fc:00 34868742                   /home/henriqueramos_qs/meta-learning-concept-drift/.venv/lib/python3.12/site-packages/scipy/linalg/cython_blas.cpython-312-x86_64-linux-gnu.so
7e69c6445000-7e69c6471000 r-xp 00007000 fc:00 34868742                   /home/henriqueramos_qs/meta-learning-concept-drift/.venv/lib/python3.12/site-packages/scipy/linalg/cython_blas.cpython-312-x86_64-linux-gnu.so
7e69c6471000-7e69c647f000 r--p 00033000 fc:00 34868742                   /home/henriqueramos_qs/meta-learning-concept-drift/.venv/lib/python3.12/site-packages/scipy/linalg/cython_blas.cpython-312-x86_64-linux-gnu.so
7e69c647f000-7e69c6480000 ---p 00041000 fc:00 34868742                   /home/henriqueramos_qs/meta-learning-concept-drift/.venv/lib/python3.12/site-packages/scipy/linalg/cython_blas.cpython-312-x86_64-linux-gnu.so
7e69c6480000-7e69c6481000 r--p 00041000 fc:00 34868742                   /home/henriqueramos_qs/meta-learning-concept-drift/.venv/lib/python3.12/site-packages/scipy/linalg/cython_blas.cpython-312-x86_64-linux-gnu.so
7e69c6481000-7e69c6484000 rw-p 00042000 fc:00 34868742                   /home/henriqueramos_qs/meta-learning-concept-drift/.venv/lib/python3.12/site-packages/scipy/linalg/cython_blas.cpython-312-x86_64-linux-gnu.so
7e69c6484000-7e69c648a000 rw-p 00051000 fc:00 34868742                   /home/henriqueramos_qs/meta-learning-concept-drift/.venv/lib/python3.12/site-packages/scipy/linalg/cython_blas.cpython-312-x86_64-linux-gnu.so
7e69c648a000-7e69c648f000 r--p 00000000 fc:00 34868779                   /home/henriqueramos_qs/meta-learning-concept-drift/.venv/lib/python3.12/site-packages/scipy/linalg/_matfuncs_expm.cpython-312-x86_64-linux-gnu.so
7e69c648f000-7e69c64ee000 r-xp 00005000 fc:00 34868779                   /home/henriqueramos_qs/meta-learning-concept-drift/.venv/lib/python3.12/site-packages/scipy/linalg/_matfuncs_expm.cpython-312-x86_64-linux-gnu.so
7e69c64ee000-7e69c64f9000 r--p 00064000 fc:00 34868779                   /home/henriqueramos_qs/meta-learning-concept-drift/.venv/lib/python3.12/site-packages/scipy/linalg/_matfuncs_expm.cpython-312-x86_64-linux-gnu.so
7e69c64f9000-7e69c64fa000 ---p 0006f000 fc:00 34868779                   /home/henriqueramos_qs/meta-learning-concept-drift/.venv/lib/python3.12/site-packages/scipy/linalg/_matfuncs_expm.cpython-312-x86_64-linux-gnu.so
7e69c64fa000-7e69c64fb000 r--p 0006f000 fc:00 34868779                   /home/henriqueramos_qs/meta-learning-concept-drift/.venv/lib/python3.12/site-packages/scipy/linalg/_matfuncs_expm.cpython-312-x86_64-linux-gnu.so
7e69c64fb000-7e69c64fd000 rw-p 00070000 fc:00 34868779                   /home/henriqueramos_qs/meta-learning-concept-drift/.venv/lib/python3.12/site-packages/scipy/linalg/_matfuncs_expm.cpython-312-x86_64-linux-gnu.so
7e69c64fd000-7e69c65fe000 rw-p 00000000 00:00 0 
7e69c65fe000-7e69c65ff000 ---p 00000000 00:00 0 
7e69c65ff000-7e69c6dff000 rw-p 00000000 00:00 0 
7e69c6dff000-7e69c6e00000 ---p 00000000 00:00 0 
7e69c6e00000-7e69c7600000 rw-p 00000000 00:00 0 
7e69c7600000-7e69cd600000 rw-p 00000000 00:00 0 
7e69cd600000-7e69cd601000 r--p 00000000 fc:00 35521565                   /home/henriqueramos_qs/meta-learning-concept-drift/.venv/lib/python3.12/site-packages/torch/lib/libtorch_global_deps.so
7e69cd601000-7e69cd602000 r-xp 00001000 fc:00 35521565                   /home/henriqueramos_qs/meta-learning-concept-drift/.venv/lib/python3.12/site-packages/torch/lib/libtorch_global_deps.so
7e69cd602000-7e69cd603000 r--p 00002000 fc:00 35521565                   /home/henriqueramos_qs/meta-learning-concept-drift/.venv/lib/python3.12/site-packages/torch/lib/libtorch_global_deps.so
7e69cd603000-7e69cd604000 r--p 00002000 fc:00 35521565                   /home/henriqueramos_qs/meta-learning-concept-drift/.venv/lib/python3.12/site-packages/torch/lib/libtorch_global_deps.so
7e69cd604000-7e69cd606000 rw-p 00003000 fc:00 35521565                   /home/henriqueramos_qs/meta-learning-concept-drift/.venv/lib/python3.12/site-packages/torch/lib/libtorch_global_deps.so
7e69cd606000-7e69cd609000 r--p 00000000 fc:00 34869020                   /home/henriqueramos_qs/meta-learning-concept-drift/.venv/lib/python3.12/site-packages/scipy/stats/_levy_stable/levyst.cpython-312-x86_64-linux-gnu.so
7e69cd609000-7e69cd610000 r-xp 00003000 fc:00 34869020                   /home/henriqueramos_qs/meta-learning-concept-drift/.venv/lib/python3.12/site-packages/scipy/stats/_levy_stable/levyst.cpython-312-x86_64-linux-gnu.so
7e69cd610000-7e69cd612000 r--p 0000a000 fc:00 34869020                   /home/henriqueramos_qs/meta-learning-concept-drift/.venv/lib/python3.12/site-packages/scipy/stats/_levy_stable/levyst.cpython-312-x86_64-linux-gnu.so
7e69cd612000-7e69cd613000 r--p 0000b000 fc:00 34869020                   /home/henriqueramos_qs/meta-learning-concept-drift/.venv/lib/python3.12/site-packages/scipy/stats/_levy_stable/levyst.cpython-312-x86_64-linux-gnu.so
7e69cd613000-7e69cd614000 rw-p 0000c000 fc:00 34869020                   /home/henriqueramos_qs/meta-learning-concept-drift/.venv/lib/python3.12/site-packages/scipy/stats/_levy_stable/levyst.cpython-312-x86_64-linux-gnu.so
7e69cd614000-7e69cd619000 r--p 00000000 fc:00 34868777                   /home/henriqueramos_qs/meta-learning-concept-drift/.venv/lib/python3.12/site-packages/scipy/linalg/_matfuncs_sqrtm_triu.cpython-312-x86_64-linux-gnu.so
7e69cd619000-7e69cd645000 r-xp 00005000 fc:00 34868777                   /home/henriqueramos_qs/meta-learning-concept-drift/.venv/lib/python3.12/site-packages/scipy/linalg/_matfuncs_sqrtm_triu.cpython-312-x86_64-linux-gnu.so
7e69cd645000-7e69cd64d000 r--p 00031000 fc:00 34868777                   /home/henriqueramos_qs/meta-learning-concept-drift/.venv/lib/python3.12/site-packages/scipy/linalg/_matfuncs_sqrtm_triu.cpython-312-x86_64-linux-gnu.so
7e69cd64d000-7e69cd64e000 r--p 00038000 fc:00 34868777                   /home/henriqueramos_qs/meta-learning-concept-drift/.venv/lib/python3.12/site-packages/scipy/linalg/_matfuncs_sqrtm_triu.cpython-312-x86_64-linux-gnu.so
7e69cd64e000-7e69cd650000 rw-p 00039000 fc:00 34868777                   /home/henriqueramos_qs/meta-learning-concept-drift/.venv/lib/python3.12/site-packages/scipy/linalg/_matfuncs_sqrtm_triu.cpython-312-x86_64-linux-gnu.so
7e69cd650000-7e69cd651000 rw-p 00000000 00:00 0 
7e69cd651000-7e69cd66b000 r--p 00000000 fc:00 34868785                   /home/henriqueramos_qs/meta-learning-concept-drift/.venv/lib/python3.12/site-packages/scipy/linalg/cython_lapack.cpython-312-x86_64-linux-gnu.so
7e69cd66b000-7e69cd68a000 r-xp 0001a000 fc:00 34868785                   /home/henriqueramos_qs/meta-learning-concept-drift/.venv/lib/python3.12/site-packages/scipy/linalg/cython_lapack.cpython-312-x86_64-linux-gnu.so
7e69cd68a000-7e69cd6e2000 r--p 00039000 fc:00 34868785                   /home/henriqueramos_qs/meta-learning-concept-drift/.venv/lib/python3.12/site-packages/scipy/linalg/cython_lapack.cpython-312-x86_64-linux-gnu.so
7e69cd6e2000-7e69cd6e3000 ---p 00091000 fc:00 34868785                   /home/henriqueramos_qs/meta-learning-concept-drift/.venv/lib/python3.12/site-packages/scipy/linalg/cython_lapack.cpython-312-x86_64-linux-gnu.so
7e69cd6e3000-7e69cd6e4000 r--p 00091000 fc:00 34868785                   /home/henriqueramos_qs/meta-learning-concept-drift/.venv/lib/python3.12/site-packages/scipy/linalg/cython_lapack.cpython-312-x86_64-linux-gnu.so
7e69cd6e4000-7e69cd6e8000 rw-p 00092000 fc:00 34868785                   /home/henriqueramos_qs/meta-learning-concept-drift/.venv/lib/python3.12/site-packages/scipy/linalg/cython_lapack.cpython-312-x86_64-linux-gnu.so
7e69cd6e8000-7e69cd6fe000 rw-p 000c1000 fc:00 34868785                   /home/henriqueramos_qs/meta-learning-concept-drift/.venv/lib/python3.12/site-packages/scipy/linalg/cython_lapack.cpython-312-x86_64-linux-gnu.so
7e69cd6fe000-7e69cd7fe000 rw-p 00000000 00:00 0 
7e69cd7fe000-7e69cd7ff000 ---p 00000000 00:00 0 
7e69cd7ff000-7e69cdfff000 rw-p 00000000 00:00 0 
7e69cdfff000-7e69ce000000 ---p 00000000 00:00 0 
7e69ce000000-7e69ce800000 rw-p 00000000 00:00 0 
7e69ce800000-7e69d0800000 rw-p 00000000 00:00 0 
7e69d0804000-7e69d0808000 r--p 00000000 fc:00 34868532                   /home/henriqueramos_qs/meta-learning-concept-drift/.venv/lib/python3.12/site-packages/scipy/special/_specfun.cpython-312-x86_64-linux-gnu.so
7e69d0808000-7e69d0830000 r-xp 00004000 fc:00 34868532                   /home/henriqueramos_qs/meta-learning-concept-drift/.venv/lib/python3.12/site-packages/scipy/special/_specfun.cpython-312-x86_64-linux-gnu.so
7e69d0830000-7e69d0835000 r--p 0002c000 fc:00 34868532                   /home/henriqueramos_qs/meta-learning-concept-drift/.venv/lib/python3.12/site-packages/scipy/special/_specfun.cpython-312-x86_64-linux-gnu.so
7e69d0835000-7e69d0836000 r--p 00030000 fc:00 34868532                   /home/henriqueramos_qs/meta-learning-concept-drift/.venv/lib/python3.12/site-packages/scipy/special/_specfun.cpython-312-x86_64-linux-gnu.so
7e69d0836000-7e69d0837000 rw-p 00031000 fc:00 34868532                   /home/henriqueramos_qs/meta-learning-concept-drift/.venv/lib/python3.12/site-packages/scipy/special/_specfun.cpython-312-x86_64-linux-gnu.so
7e69d0837000-7e69d0838000 rw-p 00000000 00:00 0 
7e69d0838000-7e69d083d000 r--p 00000000 fc:00 34868787                   /home/henriqueramos_qs/meta-learning-concept-drift/.venv/lib/python3.12/site-packages/scipy/linalg/_decomp_lu_cython.cpython-312-x86_64-linux-gnu.so
7e69d083d000-7e69d0869000 r-xp 00005000 fc:00 34868787                   /home/henriqueramos_qs/meta-learning-concept-drift/.venv/lib/python3.12/site-packages/scipy/linalg/_decomp_lu_cython.cpython-312-x86_64-linux-gnu.so
7e69d0869000-7e69d0871000 r--p 00031000 fc:00 34868787                   /home/henriqueramos_qs/meta-learning-concept-drift/.venv/lib/python3.12/site-packages/scipy/linalg/_decomp_lu_cython.cpython-312-x86_64-linux-gnu.so
7e69d0871000-7e69d0872000 r--p 00038000 fc:00 34868787                   /home/henriqueramos_qs/meta-learning-concept-drift/.venv/lib/python3.12/site-packages/scipy/linalg/_decomp_lu_cython.cpython-312-x86_64-linux-gnu.so
7e69d0872000-7e69d0874000 rw-p 00039000 fc:00 34868787                   /home/henriqueramos_qs/meta-learning-concept-drift/.venv/lib/python3.12/site-packages/scipy/linalg/_decomp_lu_cython.cpython-312-x86_64-linux-gnu.so
7e69d0874000-7e69d0875000 rw-p 00000000 00:00 0 
7e69d0875000-7e69d087b000 r--p 00000000 fc:00 34868774                   /home/henriqueramos_qs/meta-learning-concept-drift/.venv/lib/python3.12/site-packages/scipy/linalg/_cythonized_array_utils.cpython-312-x86_64-linux-gnu.so
7e69d087b000-7e69d08eb000 r-xp 00006000 fc:00 34868774                   /home/henriqueramos_qs/meta-learning-concept-drift/.venv/lib/python3.12/site-packages/scipy/linalg/_cythonized_array_utils.cpython-312-x86_64-linux-gnu.so
7e69d08eb000-7e69d08fa000 r--p 00076000 fc:00 34868774                   /home/henriqueramos_qs/meta-learning-concept-drift/.venv/lib/python3.12/site-packages/scipy/linalg/_cythonized_array_utils.cpython-312-x86_64-linux-gnu.so
7e69d08fa000-7e69d08fb000 r--p 00084000 fc:00 34868774                   /home/henriqueramos_qs/meta-learning-concept-drift/.venv/lib/python3.12/site-packages/scipy/linalg/_cythonized_array_utils.cpython-312-x86_64-linux-gnu.so
7e69d08fb000-7e69d08fe000 rw-p 00085000 fc:00 34868774                   /home/henriqueramos_qs/meta-learning-concept-drift/.venv/lib/python3.12/site-packages/scipy/linalg/_cythonized_array_utils.cpython-312-x86_64-linux-gnu.so
7e69d08fe000-7e69d09ff000 rw-p 00000000 00:00 0 
7e69d09ff000-7e69d0a00000 ---p 00000000 00:00 0 
7e69d0a00000-7e69d1200000 rw-p 00000000 00:00 0 
7e69d1200000-7e69d3200000 rw-p 00000000 00:00 0 
7e69d3204000-7e69d3207000 r--p 00000000 fc:00 34868843                   /home/henriqueramos_qs/meta-learning-concept-drift/.venv/lib/python3.12/site-packages/scipy/integrate/_dop.cpython-312-x86_64-linux-gnu.so
7e69d3207000-7e69d3215000 r-xp 00003000 fc:00 34868843                   /home/henriqueramos_qs/meta-learning-concept-drift/.venv/lib/python3.12/site-packages/scipy/integrate/_dop.cpython-312-x86_64-linux-gnu.so
7e69d3215000-7e69d3219000 r--p 00011000 fc:00 34868843                   /home/henriqueramos_qs/meta-learning-concept-drift/.venv/lib/python3.12/site-packages/scipy/integrate/_dop.cpython-312-x86_64-linux-gnu.so
7e69d3219000-7e69d321a000 r--p 00014000 fc:00 34868843                   /home/henriqueramos_qs/meta-learning-concept-drift/.venv/lib/python3.12/site-packages/scipy/integrate/_dop.cpython-312-x86_64-linux-gnu.so
7e69d321a000-7e69d321c000 rw-p 00015000 fc:00 34868843                   /home/henriqueramos_qs/meta-learning-concept-drift/.venv/lib/python3.12/site-packages/scipy/integrate/_dop.cpython-312-x86_64-linux-gnu.so
7e69d321c000-7e69d321f000 rw-p 0001a000 fc:00 34868843                   /home/henriqueramos_qs/meta-learning-concept-drift/.venv/lib/python3.12/site-packages/scipy/integrate/_dop.cpython-312-x86_64-linux-gnu.so
7e69d321f000-7e69d3246000 r--p 00000000 fc:00 34868778                   /home/henriqueramos_qs/meta-learning-concept-drift/.venv/lib/python3.12/site-packages/scipy/linalg/_fblas.cpython-312-x86_64-linux-gnu.so
7e69d3246000-7e69d328f000 r-xp 00027000 fc:00 34868778                   /home/henriqueramos_qs/meta-learning-concept-drift/.venv/lib/python3.12/site-packages/scipy/linalg/_fblas.cpython-312-x86_64-linux-gnu.so
7e69d328f000-7e69d32bc000 r--p 00070000 fc:00 34868778                   /home/henriqueramos_qs/meta-learning-concept-drift/.venv/lib/python3.12/site-packages/scipy/linalg/_fblas.cpython-312-x86_64-linux-gnu.so
7e69d32bc000-7e69d32bd000 r--p 0009c000 fc:00 34868778                   /home/henriqueramos_qs/meta-learning-concept-drift/.venv/lib/python3.12/site-packages/scipy/linalg/_fblas.cpython-312-x86_64-linux-gnu.so
7e69d32bd000-7e69d32e6000 rw-p 0009d000 fc:00 34868778                   /home/henriqueramos_qs/meta-learning-concept-drift/.venv/lib/python3.12/site-packages/scipy/linalg/_fblas.cpython-312-x86_64-linux-gnu.so
7e69d32e6000-7e69d32fe000 rw-p 000e6000 fc:00 34868778                   /home/henriqueramos_qs/meta-learning-concept-drift/.venv/lib/python3.12/site-packages/scipy/linalg/_fblas.cpython-312-x86_64-linux-gnu.so
7e69d32fe000-7e69d33fe000 rw-p 00000000 00:00 0 
7e69d33fe000-7e69d33ff000 ---p 00000000 00:00 0 
7e69d33ff000-7e69d3bff000 rw-p 00000000 00:00 0 
7e69d3bff000-7e69d3c00000 ---p 00000000 00:00 0 
7e69d3c00000-7e69d4400000 rw-p 00000000 00:00 0 
7e69d4400000-7e69d6400000 rw-p 00000000 00:00 0 
7e69d6400000-7e69d6402000 r--p 00000000 fc:00 35399859                   /home/henriqueramos_qs/meta-learning-concept-drift/.venv/lib/python3.12/site-packages/sklearn/ensemble/_hist_gradient_boosting/common.cpython-312-x86_64-linux-gnu.so
7e69d6402000-7e69d6407000 r-xp 00002000 fc:00 35399859                   /home/henriqueramos_qs/meta-learning-concept-drift/.venv/lib/python3.12/site-packages/sklearn/ensemble/_hist_gradient_boosting/common.cpython-312-x86_64-linux-gnu.so
7e69d6407000-7e69d6408000 r--p 00007000 fc:00 35399859                   /home/henriqueramos_qs/meta-learning-concept-drift/.venv/lib/python3.12/site-packages/sklearn/ensemble/_hist_gradient_boosting/common.cpython-312-x86_64-linux-gnu.so
7e69d6408000-7e69d6409000 r--p 00007000 fc:00 35399859                   /home/henriqueramos_qs/meta-learning-concept-drift/.venv/lib/python3.12/site-packages/sklearn/ensemble/_hist_gradient_boosting/common.cpython-312-x86_64-linux-gnu.so
7e69d6409000-7e69d640a000 rw-p 00008000 fc:00 35399859                   /home/henriqueramos_qs/meta-learning-concept-drift/.venv/lib/python3.12/site-packages/sklearn/ensemble/_hist_gradient_boosting/common.cpython-312-x86_64-linux-gnu.so
7e69d640a000-7e69d640b000 r--p 00000000 fc:00 34868278                   /home/henriqueramos_qs/meta-learning-concept-drift/.venv/lib/python3.12/site-packages/scipy/optimize/_direct.cpython-312-x86_64-linux-gnu.so
7e69d640b000-7e69d6411000 r-xp 00001000 fc:00 34868278                   /home/henriqueramos_qs/meta-learning-concept-drift/.venv/lib/python3.12/site-packages/scipy/optimize/_direct.cpython-312-x86_64-linux-gnu.so
7e69d6411000-7e69d6413000 r--p 00007000 fc:00 34868278                   /home/henriqueramos_qs/meta-learning-concept-drift/.venv/lib/python3.12/site-packages/scipy/optimize/_direct.cpython-312-x86_64-linux-gnu.so
7e69d6413000-7e69d6414000 r--p 00008000 fc:00 34868278                   /home/henriqueramos_qs/meta-learning-concept-drift/.venv/lib/python3.12/site-packages/scipy/optimize/_direct.cpython-312-x86_64-linux-gnu.so
7e69d6414000-7e69d6415000 rw-p 00009000 fc:00 34868278                   /home/henriqueramos_qs/meta-learning-concept-drift/.venv/lib/python3.12/site-packages/scipy/optimize/_direct.cpython-312-x86_64-linux-gnu.so
7e69d6415000-7e69d6417000 r--p 00000000 fc:00 34868213                   /home/henriqueramos_qs/meta-learning-concept-drift/.venv/lib/python3.12/site-packages/scipy/optimize/_cobyla.cpython-312-x86_64-linux-gnu.so
7e69d6417000-7e69d6425000 r-xp 00002000 fc:00 34868213                   /home/henriqueramos_qs/meta-learning-concept-drift/.venv/lib/python3.12/site-packages/scipy/optimize/_cobyla.cpython-312-x86_64-linux-gnu.so
7e69d6425000-7e69d6428000 r--p 00010000 fc:00 34868213                   /home/henriqueramos_qs/meta-learning-concept-drift/.venv/lib/python3.12/site-packages/scipy/optimize/_cobyla.cpython-312-x86_64-linux-gnu.so
7e69d6428000-7e69d6429000 r--p 00012000 fc:00 34868213                   /home/henriqueramos_qs/meta-learning-concept-drift/.venv/lib/python3.12/site-packages/scipy/optimize/_cobyla.cpython-312-x86_64-linux-gnu.so
7e69d6429000-7e69d642a000 rw-p 00013000 fc:00 34868213                   /home/henriqueramos_qs/meta-learning-concept-drift/.venv/lib/python3.12/site-packages/scipy/optimize/_cobyla.cpython-312-x86_64-linux-gnu.so
7e69d642a000-7e69d642c000 rw-p 00017000 fc:00 34868213                   /home/henriqueramos_qs/meta-learning-concept-drift/.venv/lib/python3.12/site-packages/scipy/optimize/_cobyla.cpython-312-x86_64-linux-gnu.so
7e69d642c000-7e69d6432000 r--p 00000000 fc:00 34868061                   /home/henriqueramos_qs/meta-learning-concept-drift/.venv/lib/python3.12/site-packages/scipy/sparse/_csparsetools.cpython-312-x86_64-linux-gnu.so
7e69d6432000-7e69d64ce000 r-xp 00006000 fc:00 34868061                   /home/henriqueramos_qs/meta-learning-concept-drift/.venv/lib/python3.12/site-packages/scipy/sparse/_csparsetools.cpython-312-x86_64-linux-gnu.so
7e69d64ce000-7e69d64dd000 r--p 000a2000 fc:00 34868061                   /home/henriqueramos_qs/meta-learning-concept-drift/.venv/lib/python3.12/site-packages/scipy/sparse/_csparsetools.cpython-312-x86_64-linux-gnu.so
7e69d64dd000-7e69d64de000 r--p 000b0000 fc:00 34868061                   /home/henriqueramos_qs/meta-learning-concept-drift/.venv/lib/python3.12/site-packages/scipy/sparse/_csparsetools.cpython-312-x86_64-linux-gnu.so
7e69d64de000-7e69d64e1000 rw-p 000b1000 fc:00 34868061                   /home/henriqueramos_qs/meta-learning-concept-drift/.venv/lib/python3.12/site-packages/scipy/sparse/_csparsetools.cpython-312-x86_64-linux-gnu.so
7e69d64e1000-7e69d64e2000 rw-p 00000000 00:00 0 
7e69d64e2000-7e69d6516000 r--p 00000000 fc:00 35401576                   /home/henriqueramos_qs/meta-learning-concept-drift/.venv/lib/python3.12/site-packages/pyarrow/_compute.cpython-312-x86_64-linux-gnu.so
7e69d6516000-7e69d65b3000 r-xp 00034000 fc:00 35401576                   /home/henriqueramos_qs/meta-learning-concept-drift/.venv/lib/python3.12/site-packages/pyarrow/_compute.cpython-312-x86_64-linux-gnu.so
7e69d65b3000-7e69d65e8000 r--p 000d1000 fc:00 35401576                   /home/henriqueramos_qs/meta-learning-concept-drift/.venv/lib/python3.12/site-packages/pyarrow/_compute.cpython-312-x86_64-linux-gnu.so
7e69d65e8000-7e69d65ee000 r--p 00105000 fc:00 35401576                   /home/henriqueramos_qs/meta-learning-concept-drift/.venv/lib/python3.12/site-packages/pyarrow/_compute.cpython-312-x86_64-linux-gnu.so
7e69d65ee000-7e69d65fb000 rw-p 0010b000 fc:00 35401576                   /home/henriqueramos_qs/meta-learning-concept-drift/.venv/lib/python3.12/site-packages/pyarrow/_compute.cpython-312-x86_64-linux-gnu.so
7e69d65fb000-7e69d65ff000 rw-p 00000000 00:00 0 
7e69d65ff000-7e69d6600000 ---p 00000000 00:00 0 
7e69d6600000-7e69d6e00000 rw-p 00000000 00:00 0 
7e69d6e00000-7e69dae00000 rw-p 00000000 00:00 0 
7e69dae01000-7e69dae02000 r--p 00000000 fc:00 34868225                   /home/henriqueramos_qs/meta-learning-concept-drift/.venv/lib/python3.12/site-packages/scipy/optimize/_lsap.cpython-312-x86_64-linux-gnu.so
7e69dae02000-7e69dae04000 r-xp 00001000 fc:00 34868225                   /home/henriqueramos_qs/meta-learning-concept-drift/.venv/lib/python3.12/site-packages/scipy/optimize/_lsap.cpython-312-x86_64-linux-gnu.so
7e69dae04000-7e69dae06000 r--p 00003000 fc:00 34868225                   /home/henriqueramos_qs/meta-learning-concept-drift/.venv/lib/python3.12/site-packages/scipy/optimize/_lsap.cpython-312-x86_64-linux-gnu.so
7e69dae06000-7e69dae07000 r--p 00004000 fc:00 34868225                   /home/henriqueramos_qs/meta-learning-concept-drift/.venv/lib/python3.12/site-packages/scipy/optimize/_lsap.cpython-312-x86_64-linux-gnu.so
7e69dae07000-7e69dae08000 rw-p 00005000 fc:00 34868225                   /home/henriqueramos_qs/meta-learning-concept-drift/.venv/lib/python3.12/site-packages/scipy/optimize/_lsap.cpython-312-x86_64-linux-gnu.so
7e69dae08000-7e69dae0b000 r--p 00000000 fc:00 34868252                   /home/henriqueramos_qs/meta-learning-concept-drift/.venv/lib/python3.12/site-packages/scipy/optimize/_moduleTNC.cpython-312-x86_64-linux-gnu.so
7e69dae0b000-7e69dae25000 r-xp 00003000 fc:00 34868252                   /home/henriqueramos_qs/meta-learning-concept-drift/.venv/lib/python3.12/site-packages/scipy/optimize/_moduleTNC.cpython-312-x86_64-linux-gnu.so
7e69dae25000-7e69dae29000 r--p 0001d000 fc:00 34868252                   /home/henriqueramos_qs/meta-learning-concept-drift/.venv/lib/python3.12/site-packages/scipy/optimize/_moduleTNC.cpython-312-x86_64-linux-gnu.so
7e69dae29000-7e69dae2a000 r--p 00020000 fc:00 34868252                   /home/henriqueramos_qs/meta-learning-concept-drift/.venv/lib/python3.12/site-packages/scipy/optimize/_moduleTNC.cpython-312-x86_64-linux-gnu.so
7e69dae2a000-7e69dae2b000 rw-p 00021000 fc:00 34868252                   /home/henriqueramos_qs/meta-learning-concept-drift/.venv/lib/python3.12/site-packages/scipy/optimize/_moduleTNC.cpython-312-x86_64-linux-gnu.so
7e69dae2b000-7e69dae30000 r--p 00000000 fc:00 34868746                   /home/henriqueramos_qs/meta-learning-concept-drift/.venv/lib/python3.12/site-packages/scipy/linalg/_solve_toeplitz.cpython-312-x86_64-linux-gnu.so
7e69dae30000-7e69dae60000 r-xp 00005000 fc:00 34868746                   /home/henriqueramos_qs/meta-learning-concept-drift/.venv/lib/python3.12/site-packages/scipy/linalg/_solve_toeplitz.cpython-312-x86_64-linux-gnu.so
7e69dae60000-7e69dae68000 r--p 00035000 fc:00 34868746                   /home/henriqueramos_qs/meta-learning-concept-drift/.venv/lib/python3.12/site-packages/scipy/linalg/_solve_toeplitz.cpython-312-x86_64-linux-gnu.so
7e69dae68000-7e69dae69000 ---p 0003d000 fc:00 34868746                   /home/henriqueramos_qs/meta-learning-concept-drift/.venv/lib/python3.12/site-packages/scipy/linalg/_solve_toeplitz.cpython-312-x86_64-linux-gnu.so
7e69dae69000-7e69dae6a000 r--p 0003d000 fc:00 34868746                   /home/henriqueramos_qs/meta-learning-concept-drift/.venv/lib/python3.12/site-packages/scipy/linalg/_solve_toeplitz.cpython-312-x86_64-linux-gnu.so
7e69dae6a000-7e69dae6c000 rw-p 0003e000 fc:00 34868746                   /home/henriqueramos_qs/meta-learning-concept-drift/.venv/lib/python3.12/site-packages/scipy/linalg/_solve_toeplitz.cpython-312-x86_64-linux-gnu.so
7e69dae6c000-7e69dae6d000 rw-p 00000000 00:00 0 
7e69dae6d000-7e69dae77000 r--p 00000000 fc:00 34866703                   /home/henriqueramos_qs/meta-learning-concept-drift/.venv/lib/python3.12/site-packages/numpy/fft/_pocketfft_umath.cpython-312-x86_64-linux-gnu.so
7e69dae77000-7e69daef3000 r-xp 0000a000 fc:00 34866703                   /home/henriqueramos_qs/meta-learning-concept-drift/.venv/lib/python3.12/site-packages/numpy/fft/_pocketfft_umath.cpython-312-x86_64-linux-gnu.so
7e69daef3000-7e69daefc000 r--p 00086000 fc:00 34866703                   /home/henriqueramos_qs/meta-learning-concept-drift/.venv/lib/python3.12/site-packages/numpy/fft/_pocketfft_umath.cpython-312-x86_64-linux-gnu.so
7e69daefc000-7e69daefd000 r--p 0008e000 fc:00 34866703                   /home/henriqueramos_qs/meta-learning-concept-drift/.venv/lib/python3.12/site-packages/numpy/fft/_pocketfft_umath.cpython-312-x86_64-linux-gnu.so
7e69daefd000-7e69daefe000 rw-p 0008f000 fc:00 34866703                   /home/henriqueramos_qs/meta-learning-concept-drift/.venv/lib/python3.12/site-packages/numpy/fft/_pocketfft_umath.cpython-312-x86_64-linux-gnu.so
7e69daefe000-7e69daffe000 rw-p 00000000 00:00 0 
7e69daffe000-7e69dafff000 ---p 00000000 00:00 0 
7e69dafff000-7e69db7ff000 rw-p 00000000 00:00 0 
7e69db7ff000-7e69db800000 ---p 00000000 00:00 0 
7e69db800000-7e69dc000000 rw-p 00000000 00:00 0 
7e69dc000000-7e69e0000000 rw-p 00000000 00:00 0 
7e69e0001000-7e69e0003000 r--p 00000000 fc:00 34868256                   /home/henriqueramos_qs/meta-learning-concept-drift/.venv/lib/python3.12/site-packages/scipy/optimize/_slsqp.cpython-312-x86_64-linux-gnu.so
7e69e0003000-7e69e0010000 r-xp 00002000 fc:00 34868256                   /home/henriqueramos_qs/meta-learning-concept-drift/.venv/lib/python3.12/site-packages/scipy/optimize/_slsqp.cpython-312-x86_64-linux-gnu.so
7e69e0010000-7e69e0013000 r--p 0000f000 fc:00 34868256                   /home/henriqueramos_qs/meta-learning-concept-drift/.venv/lib/python3.12/site-packages/scipy/optimize/_slsqp.cpython-312-x86_64-linux-gnu.so
7e69e0013000-7e69e0014000 r--p 00011000 fc:00 34868256                   /home/henriqueramos_qs/meta-learning-concept-drift/.venv/lib/python3.12/site-packages/scipy/optimize/_slsqp.cpython-312-x86_64-linux-gnu.so
7e69e0014000-7e69e0015000 rw-p 00012000 fc:00 34868256                   /home/henriqueramos_qs/meta-learning-concept-drift/.venv/lib/python3.12/site-packages/scipy/optimize/_slsqp.cpython-312-x86_64-linux-gnu.so
7e69e0015000-7e69e0021000 r--p 00000000 fc:00 35393357                   /home/henriqueramos_qs/meta-learning-concept-drift/.venv/lib/python3.12/site-packages/pandas/_libs/algos.cpython-312-x86_64-linux-gnu.so
7e69e0021000-7e69e01cf000 r-xp 0000c000 fc:00 35393357                   /home/henriqueramos_qs/meta-learning-concept-drift/.venv/lib/python3.12/site-packages/pandas/_libs/algos.cpython-312-x86_64-linux-gnu.so
7e69e01cf000-7e69e01f3000 r--p 001ba000 fc:00 35393357                   /home/henriqueramos_qs/meta-learning-concept-drift/.venv/lib/python3.12/site-packages/pandas/_libs/algos.cpython-312-x86_64-linux-gnu.so
7e69e01f3000-7e69e01f4000 ---p 001de000 fc:00 35393357                   /home/henriqueramos_qs/meta-learning-concept-drift/.venv/lib/python3.12/site-packages/pandas/_libs/algos.cpython-312-x86_64-linux-gnu.so
7e69e01f4000-7e69e01f7000 r--p 001de000 fc:00 35393357                   /home/henriqueramos_qs/meta-learning-concept-drift/.venv/lib/python3.12/site-packages/pandas/_libs/algos.cpython-312-x86_64-linux-gnu.so
7e69e01f7000-7e69e01fb000 rw-p 001e1000 fc:00 35393357                   /home/henriqueramos_qs/meta-learning-concept-drift/.venv/lib/python3.12/site-packages/pandas/_libs/algos.cpython-312-x86_64-linux-gnu.so
7e69e01fb000-7e69e01fe000 rw-p 00000000 00:00 0 
7e69e01fe000-7e69e01ff000 ---p 00000000 00:00 0 
7e69e01ff000-7e69e09ff000 rw-p 00000000 00:00 0 
7e69e09ff000-7e69e0a00000 ---p 00000000 00:00 0 
7e69e0a00000-7e69e1200000 rw-p 00000000 00:00 0 
7e69e1200000-7e69e5200000 rw-p 00000000 00:00 0 
7e69e5202000-7e69e5207000 r--p 00000000 fc:00 34868108                   /home/henriqueramos_qs/meta-learning-concept-drift/.venv/lib/python3.12/site-packages/scipy/sparse/csgraph/_min_spanning_tree.cpython-312-x86_64-linux-gnu.so
7e69e5207000-7e69e522e000 r-xp 00005000 fc:00 34868108                   /home/henriqueramos_qs/meta-learning-concept-drift/.venv/lib/python3.12/site-packages/scipy/sparse/csgraph/_min_spanning_tree.cpython-312-x86_64-linux-gnu.so
7e69e522e000-7e69e5237000 r--p 0002c000 fc:00 34868108                   /home/henriqueramos_qs/meta-learning-concept-drift/.venv/lib/python3.12/site-packages/scipy/sparse/csgraph/_min_spanning_tree.cpython-312-x86_64-linux-gnu.so
7e69e5237000-7e69e5238000 r--p 00034000 fc:00 34868108                   /home/henriqueramos_qs/meta-learning-concept-drift/.venv/lib/python3.12/site-packages/scipy/sparse/csgraph/_min_spanning_tree.cpython-312-x86_64-linux-gnu.so
7e69e5238000-7e69e523a000 rw-p 00035000 fc:00 34868108                   /home/henriqueramos_qs/meta-learning-concept-drift/.venv/lib/python3.12/site-packages/scipy/sparse/csgraph/_min_spanning_tree.cpython-312-x86_64-linux-gnu.so
7e69e523a000-7e69e523b000 rw-p 00000000 00:00 0 
7e69e523b000-7e69e5248000 r--p 00000000 fc:00 34867981                   /home/henriqueramos_qs/meta-learning-concept-drift/.venv/lib/python3.12/site-packages/charset_normalizer/md__mypyc.cpython-312-x86_64-linux-gnu.so
7e69e5248000-7e69e5267000 r-xp 0000d000 fc:00 34867981                   /home/henriqueramos_qs/meta-learning-concept-drift/.venv/lib/python3.12/site-packages/charset_normalizer/md__mypyc.cpython-312-x86_64-linux-gnu.so
7e69e5267000-7e69e5270000 r--p 0002c000 fc:00 34867981                   /home/henriqueramos_qs/meta-learning-concept-drift/.venv/lib/python3.12/site-packages/charset_normalizer/md__mypyc.cpython-312-x86_64-linux-gnu.so
7e69e5270000-7e69e5271000 ---p 00035000 fc:00 34867981                   /home/henriqueramos_qs/meta-learning-concept-drift/.venv/lib/python3.12/site-packages/charset_normalizer/md__mypyc.cpython-312-x86_64-linux-gnu.so
7e69e5271000-7e69e5272000 r--p 00035000 fc:00 34867981                   /home/henriqueramos_qs/meta-learning-concept-drift/.venv/lib/python3.12/site-packages/charset_normalizer/md__mypyc.cpython-312-x86_64-linux-gnu.so
7e69e5272000-7e69e5276000 rw-p 00036000 fc:00 34867981                   /home/henriqueramos_qs/meta-learning-concept-drift/.venv/lib/python3.12/site-packages/charset_normalizer/md__mypyc.cpython-312-x86_64-linux-gnu.so
7e69e5276000-7e69e5277000 rw-p 00000000 00:00 0 
7e69e5277000-7e69e5281000 r--p 00000000 fc:00 35393391                   /home/henriqueramos_qs/meta-learning-concept-drift/.venv/lib/python3.12/site-packages/pandas/_libs/parsers.cpython-312-x86_64-linux-gnu.so
7e69e5281000-7e69e52e8000 r-xp 0000a000 fc:00 35393391                   /home/henriqueramos_qs/meta-learning-concept-drift/.venv/lib/python3.12/site-packages/pandas/_libs/parsers.cpython-312-x86_64-linux-gnu.so
7e69e52e8000-7e69e52f6000 r--p 00071000 fc:00 35393391                   /home/henriqueramos_qs/meta-learning-concept-drift/.venv/lib/python3.12/site-packages/pandas/_libs/parsers.cpython-312-x86_64-linux-gnu.so
7e69e52f6000-7e69e52f7000 ---p 0007f000 fc:00 35393391                   /home/henriqueramos_qs/meta-learning-concept-drift/.venv/lib/python3.12/site-packages/pandas/_libs/parsers.cpython-312-x86_64-linux-gnu.so
7e69e52f7000-7e69e52f9000 r--p 0007f000 fc:00 35393391                   /home/henriqueramos_qs/meta-learning-concept-drift/.venv/lib/python3.12/site-packages/pandas/_libs/parsers.cpython-312-x86_64-linux-gnu.so
7e69e52f9000-7e69e52fc000 rw-p 00081000 fc:00 35393391                   /home/henriqueramos_qs/meta-learning-concept-drift/.venv/lib/python3.12/site-packages/pandas/_libs/parsers.cpython-312-x86_64-linux-gnu.so
7e69e52fc000-7e69e53fe000 rw-p 00000000 00:00 0 
7e69e53fe000-7e69e53ff000 ---p 00000000 00:00 0 
7e69e53ff000-7e69e5bff000 rw-p 00000000 00:00 0 
7e69e5bff000-7e69e5c00000 ---p 00000000 00:00 0 
7e69e5c00000-7e69e6400000 rw-p 00000000 00:00 0 
7e69e6400000-7e69e8400000 rw-p 00000000 00:00 0 
7e69e8404000-7e69e8406000 r--p 00000000 fc:00 34868537                   /home/henriqueramos_qs/meta-learning-concept-drift/.venv/lib/python3.12/site-packages/scipy/special/_gufuncs.cpython-312-x86_64-linux-gnu.so
7e69e8406000-7e69e842c000 r-xp 00002000 fc:00 34868537                   /home/henriqueramos_qs/meta-learning-concept-drift/.venv/lib/python3.12/site-packages/scipy/special/_gufuncs.cpython-312-x86_64-linux-gnu.so
7e69e842c000-7e69e8431000 r--p 00028000 fc:00 34868537                   /home/henriqueramos_qs/meta-learning-concept-drift/.venv/lib/python3.12/site-packages/scipy/special/_gufuncs.cpython-312-x86_64-linux-gnu.so
7e69e8431000-7e69e8432000 r--p 0002c000 fc:00 34868537                   /home/henriqueramos_qs/meta-learning-concept-drift/.venv/lib/python3.12/site-packages/scipy/special/_gufuncs.cpython-312-x86_64-linux-gnu.so
7e69e8432000-7e69e8433000 rw-p 0002d000 fc:00 34868537                   /home/henriqueramos_qs/meta-learning-concept-drift/.venv/lib/python3.12/site-packages/scipy/special/_gufuncs.cpython-312-x86_64-linux-gnu.so
7e69e8433000-7e69e843a000 r--p 00000000 fc:00 35393395                   /home/henriqueramos_qs/meta-learning-concept-drift/.venv/lib/python3.12/site-packages/pandas/_libs/reshape.cpython-312-x86_64-linux-gnu.so
7e69e843a000-7e69e8475000 r-xp 00007000 fc:00 35393395                   /home/henriqueramos_qs/meta-learning-concept-drift/.venv/lib/python3.12/site-packages/pandas/_libs/reshape.cpython-312-x86_64-linux-gnu.so
7e69e8475000-7e69e847e000 r--p 00042000 fc:00 35393395                   /home/henriqueramos_qs/meta-learning-concept-drift/.venv/lib/python3.12/site-packages/pandas/_libs/reshape.cpython-312-x86_64-linux-gnu.so
7e69e847e000-7e69e8480000 r--p 0004a000 fc:00 35393395                   /home/henriqueramos_qs/meta-learning-concept-drift/.venv/lib/python3.12/site-packages/pandas/_libs/reshape.cpython-312-x86_64-linux-gnu.so
7e69e8480000-7e69e8482000 rw-p 0004c000 fc:00 35393395                   /home/henriqueramos_qs/meta-learning-concept-drift/.venv/lib/python3.12/site-packages/pandas/_libs/reshape.cpython-312-x86_64-linux-gnu.so
7e69e8482000-7e69e8483000 rw-p 00000000 00:00 0 
7e69e8483000-7e69e8489000 r--p 00000000 fc:00 35393444                   /home/henriqueramos_qs/meta-learning-concept-drift/.venv/lib/python3.12/site-packages/pandas/_libs/window/indexers.cpython-312-x86_64-linux-gnu.so
7e69e8489000-7e69e84aa000 r-xp 00006000 fc:00 35393444                   /home/henriqueramos_qs/meta-learning-concept-drift/.venv/lib/python3.12/site-packages/pandas/_libs/window/indexers.cpython-312-x86_64-linux-gnu.so
7e69e84aa000-7e69e84b2000 r--p 00027000 fc:00 35393444                   /home/henriqueramos_qs/meta-learning-concept-drift/.venv/lib/python3.12/site-packages/pandas/_libs/window/indexers.cpython-312-x86_64-linux-gnu.so
7e69e84b2000-7e69e84b3000 ---p 0002f000 fc:00 35393444                   /home/henriqueramos_qs/meta-learning-concept-drift/.venv/lib/python3.12/site-packages/pandas/_libs/window/indexers.cpython-312-x86_64-linux-gnu.so
7e69e84b3000-7e69e84b4000 r--p 0002f000 fc:00 35393444                   /home/henriqueramos_qs/meta-learning-concept-drift/.venv/lib/python3.12/site-packages/pandas/_libs/window/indexers.cpython-312-x86_64-linux-gnu.so
7e69e84b4000-7e69e84b6000 rw-p 00030000 fc:00 35393444                   /home/henriqueramos_qs/meta-learning-concept-drift/.venv/lib/python3.12/site-packages/pandas/_libs/window/indexers.cpython-312-x86_64-linux-gnu.so
7e69e84b6000-7e69e84c3000 r--p 00000000 fc:00 35393375                   /home/henriqueramos_qs/meta-learning-concept-drift/.venv/lib/python3.12/site-packages/pandas/_libs/interval.cpython-312-x86_64-linux-gnu.so
7e69e84c3000-7e69e85cf000 r-xp 0000d000 fc:00 35393375                   /home/henriqueramos_qs/meta-learning-concept-drift/.venv/lib/python3.12/site-packages/pandas/_libs/interval.cpython-312-x86_64-linux-gnu.so
7e69e85cf000-7e69e85f4000 r--p 00119000 fc:00 35393375                   /home/henriqueramos_qs/meta-learning-concept-drift/.venv/lib/python3.12/site-packages/pandas/_libs/interval.cpython-312-x86_64-linux-gnu.so
7e69e85f4000-7e69e85f6000 r--p 0013d000 fc:00 35393375                   /home/henriqueramos_qs/meta-learning-concept-drift/.venv/lib/python3.12/site-packages/pandas/_libs/interval.cpython-312-x86_64-linux-gnu.so
7e69e85f6000-7e69e85fd000 rw-p 0013f000 fc:00 35393375                   /home/henriqueramos_qs/meta-learning-concept-drift/.venv/lib/python3.12/site-packages/pandas/_libs/interval.cpython-312-x86_64-linux-gnu.so
7e69e85fd000-7e69e85ff000 rw-p 00000000 00:00 0 
7e69e85ff000-7e69e8600000 ---p 00000000 00:00 0 
7e69e8600000-7e69e8e00000 rw-p 00000000 00:00 0 
7e69e8e00000-7e69ece00000 rw-p 00000000 00:00 0 
7e69ece00000-7e69ece02000 r--p 00000000 fc:00 34868255                   /home/henriqueramos_qs/meta-learning-concept-drift/.venv/lib/python3.12/site-packages/scipy/optimize/_minpack.cpython-312-x86_64-linux-gnu.so
7e69ece02000-7e69ece0f000 r-xp 00002000 fc:00 34868255                   /home/henriqueramos_qs/meta-learning-concept-drift/.venv/lib/python3.12/site-packages/scipy/optimize/_minpack.cpython-312-x86_64-linux-gnu.so
7e69ece0f000-7e69ece11000 r--p 0000f000 fc:00 34868255                   /home/henriqueramos_qs/meta-learning-concept-drift/.venv/lib/python3.12/site-packages/scipy/optimize/_minpack.cpython-312-x86_64-linux-gnu.so
7e69ece11000-7e69ece12000 r--p 00010000 fc:00 34868255                   /home/henriqueramos_qs/meta-learning-concept-drift/.venv/lib/python3.12/site-packages/scipy/optimize/_minpack.cpython-312-x86_64-linux-gnu.so
7e69ece12000-7e69ece13000 rw-p 00011000 fc:00 34868255                   /home/henriqueramos_qs/meta-learning-concept-drift/.venv/lib/python3.12/site-packages/scipy/optimize/_minpack.cpython-312-x86_64-linux-gnu.so
7e69ece13000-7e69ece15000 r--p 00000000 fc:00 34869117                   /home/henriqueramos_qs/meta-learning-concept-drift/.venv/lib/python3.12/site-packages/scipy/spatial/_distance_wrap.cpython-312-x86_64-linux-gnu.so
7e69ece15000-7e69ece29000 r-xp 00002000 fc:00 34869117                   /home/henriqueramos_qs/meta-learning-concept-drift/.venv/lib/python3.12/site-packages/scipy/spatial/_distance_wrap.cpython-312-x86_64-linux-gnu.so
7e69ece29000-7e69ece2b000 r--p 00016000 fc:00 34869117                   /home/henriqueramos_qs/meta-learning-concept-drift/.venv/lib/python3.12/site-packages/scipy/spatial/_distance_wrap.cpython-312-x86_64-linux-gnu.so
7e69ece2b000-7e69ece2c000 ---p 00018000 fc:00 34869117                   /home/henriqueramos_qs/meta-learning-concept-drift/.venv/lib/python3.12/site-packages/scipy/spatial/_distance_wrap.cpython-312-x86_64-linux-gnu.so
7e69ece2c000-7e69ece2d000 r--p 00018000 fc:00 34869117                   /home/henriqueramos_qs/meta-learning-concept-drift/.venv/lib/python3.12/site-packages/scipy/spatial/_distance_wrap.cpython-312-x86_64-linux-gnu.so
7e69ece2d000-7e69ece2e000 rw-p 00019000 fc:00 34869117                   /home/henriqueramos_qs/meta-learning-concept-drift/.venv/lib/python3.12/site-packages/scipy/spatial/_distance_wrap.cpython-312-x86_64-linux-gnu.so
7e69ece2e000-7e69ece3b000 r--p 00000000 fc:00 35393369                   /home/henriqueramos_qs/meta-learning-concept-drift/.venv/lib/python3.12/site-packages/pandas/_libs/index.cpython-312-x86_64-linux-gnu.so
7e69ece3b000-7e69eced7000 r-xp 0000d000 fc:00 35393369                   /home/henriqueramos_qs/meta-learning-concept-drift/.venv/lib/python3.12/site-packages/pandas/_libs/index.cpython-312-x86_64-linux-gnu.so
7e69eced7000-7e69ecef0000 r--p 000a9000 fc:00 35393369                   /home/henriqueramos_qs/meta-learning-concept-drift/.venv/lib/python3.12/site-packages/pandas/_libs/index.cpython-312-x86_64-linux-gnu.so
7e69ecef0000-7e69ecef3000 r--p 000c1000 fc:00 35393369                   /home/henriqueramos_qs/meta-learning-concept-drift/.venv/lib/python3.12/site-packages/pandas/_libs/index.cpython-312-x86_64-linux-gnu.so
7e69ecef3000-7e69ecefb000 rw-p 000c4000 fc:00 35393369                   /home/henriqueramos_qs/meta-learning-concept-drift/.venv/lib/python3.12/site-packages/pandas/_libs/index.cpython-312-x86_64-linux-gnu.so
7e69ecefb000-7e69ecffe000 rw-p 00000000 00:00 0 
7e69ecffe000-7e69ecfff000 ---p 00000000 00:00 0 
7e69ecfff000-7e69ed7ff000 rw-p 00000000 00:00 0 
7e69ed7ff000-7e69ed800000 ---p 00000000 00:00 0 
7e69ed800000-7e69ee000000 rw-p 00000000 00:00 0 
7e69ee000000-7e69f2000000 rw-p 00000000 00:00 0 
7e69f2005000-7e69f2008000 r--p 00000000 fc:00 34868259                   /home/henriqueramos_qs/meta-learning-concept-drift/.venv/lib/python3.12/site-packages/scipy/optimize/_group_columns.cpython-312-x86_64-linux-gnu.so
7e69f2008000-7e69f2015000 r-xp 00003000 fc:00 34868259                   /home/henriqueramos_qs/meta-learning-concept-drift/.venv/lib/python3.12/site-packages/scipy/optimize/_group_columns.cpython-312-x86_64-linux-gnu.so
7e69f2015000-7e69f2018000 r--p 00010000 fc:00 34868259                   /home/henriqueramos_qs/meta-learning-concept-drift/.venv/lib/python3.12/site-packages/scipy/optimize/_group_columns.cpython-312-x86_64-linux-gnu.so
7e69f2018000-7e69f2019000 r--p 00012000 fc:00 34868259                   /home/henriqueramos_qs/meta-learning-concept-drift/.venv/lib/python3.12/site-packages/scipy/optimize/_group_columns.cpython-312-x86_64-linux-gnu.so
7e69f2019000-7e69f201a000 rw-p 00013000 fc:00 34868259                   /home/henriqueramos_qs/meta-learning-concept-drift/.venv/lib/python3.12/site-packages/scipy/optimize/_group_columns.cpython-312-x86_64-linux-gnu.so
7e69f201a000-7e69f201d000 r--p 00000000 fc:00 34868389                   /home/henriqueramos_qs/meta-learning-concept-drift/.venv/lib/python3.12/site-packages/scipy/_lib/messagestream.cpython-312-x86_64-linux-gnu.so
7e69f201d000-7e69f2028000 r-xp 00003000 fc:00 34868389                   /home/henriqueramos_qs/meta-learning-concept-drift/.venv/lib/python3.12/site-packages/scipy/_lib/messagestream.cpython-312-x86_64-linux-gnu.so
7e69f2028000-7e69f202b000 r--p 0000e000 fc:00 34868389                   /home/henriqueramos_qs/meta-learning-concept-drift/.venv/lib/python3.12/site-packages/scipy/_lib/messagestream.cpython-312-x86_64-linux-gnu.so
7e69f202b000-7e69f202c000 r--p 00010000 fc:00 34868389                   /home/henriqueramos_qs/meta-learning-concept-drift/.venv/lib/python3.12/site-packages/scipy/_lib/messagestream.cpython-312-x86_64-linux-gnu.so
7e69f202c000-7e69f202d000 rw-p 00011000 fc:00 34868389                   /home/henriqueramos_qs/meta-learning-concept-drift/.venv/lib/python3.12/site-packages/scipy/_lib/messagestream.cpython-312-x86_64-linux-gnu.so
7e69f202d000-7e69f2035000 r--p 00000000 fc:00 35393399                   /home/henriqueramos_qs/meta-learning-concept-drift/.venv/lib/python3.12/site-packages/pandas/_libs/sparse.cpython-312-x86_64-linux-gnu.so
7e69f2035000-7e69f20ea000 r-xp 00008000 fc:00 35393399                   /home/henriqueramos_qs/meta-learning-concept-drift/.venv/lib/python3.12/site-packages/pandas/_libs/sparse.cpython-312-x86_64-linux-gnu.so
7e69f20ea000-7e69f20f9000 r--p 000bd000 fc:00 35393399                   /home/henriqueramos_qs/meta-learning-concept-drift/.venv/lib/python3.12/site-packages/pandas/_libs/sparse.cpython-312-x86_64-linux-gnu.so
7e69f20f9000-7e69f20fb000 r--p 000cb000 fc:00 35393399                   /home/henriqueramos_qs/meta-learning-concept-drift/.venv/lib/python3.12/site-packages/pandas/_libs/sparse.cpython-312-x86_64-linux-gnu.so
7e69f20fb000-7e69f20fe000 rw-p 000cd000 fc:00 35393399                   /home/henriqueramos_qs/meta-learning-concept-drift/.venv/lib/python3.12/site-packages/pandas/_libs/sparse.cpython-312-x86_64-linux-gnu.so
7e69f20fe000-7e69f21ff000 rw-p 00000000 00:00 0 
7e69f21ff000-7e69f2200000 ---p 00000000 00:00 0 
7e69f2200000-7e69f2a00000 rw-p 00000000 00:00 0 
7e69f2a00000-7e69f4a00000 rw-p 00000000 00:00 0 
7e69f4a03000-7e69f4a06000 r--p 00000000 fc:00 34868552                   /home/henriqueramos_qs/meta-learning-concept-drift/.venv/lib/python3.12/site-packages/scipy/special/_ellip_harm_2.cpython-312-x86_64-linux-gnu.so
7e69f4a06000-7e69f4a1b000 r-xp 00003000 fc:00 34868552                   /home/henriqueramos_qs/meta-learning-concept-drift/.venv/lib/python3.12/site-packages/scipy/special/_ellip_harm_2.cpython-312-x86_64-linux-gnu.so
7e69f4a1b000-7e69f4a1e000 r--p 00018000 fc:00 34868552                   /home/henriqueramos_qs/meta-learning-concept-drift/.venv/lib/python3.12/site-packages/scipy/special/_ellip_harm_2.cpython-312-x86_64-linux-gnu.so
7e69f4a1e000-7e69f4a1f000 r--p 0001a000 fc:00 34868552                   /home/henriqueramos_qs/meta-learning-concept-drift/.venv/lib/python3.12/site-packages/scipy/special/_ellip_harm_2.cpython-312-x86_64-linux-gnu.so
7e69f4a1f000-7e69f4a20000 rw-p 0001b000 fc:00 34868552                   /home/henriqueramos_qs/meta-learning-concept-drift/.venv/lib/python3.12/site-packages/scipy/special/_ellip_harm_2.cpython-312-x86_64-linux-gnu.so
7e69f4a20000-7e69f4a23000 rw-p 00020000 fc:00 34868552                   /home/henriqueramos_qs/meta-learning-concept-drift/.venv/lib/python3.12/site-packages/scipy/special/_ellip_harm_2.cpython-312-x86_64-linux-gnu.so
7e69f4a23000-7e69f4a2a000 r--p 00000000 fc:00 35393442                   /home/henriqueramos_qs/meta-learning-concept-drift/.venv/lib/python3.12/site-packages/pandas/_libs/window/aggregations.cpython-312-x86_64-linux-gnu.so
7e69f4a2a000-7e69f4a71000 r-xp 00007000 fc:00 35393442                   /home/henriqueramos_qs/meta-learning-concept-drift/.venv/lib/python3.12/site-packages/pandas/_libs/window/aggregations.cpython-312-x86_64-linux-gnu.so
7e69f4a71000-7e69f4a7d000 r--p 0004e000 fc:00 35393442                   /home/henriqueramos_qs/meta-learning-concept-drift/.venv/lib/python3.12/site-packages/pandas/_libs/window/aggregations.cpython-312-x86_64-linux-gnu.so
7e69f4a7d000-7e69f4a7f000 r--p 00059000 fc:00 35393442                   /home/henriqueramos_qs/meta-learning-concept-drift/.venv/lib/python3.12/site-packages/pandas/_libs/window/aggregations.cpython-312-x86_64-linux-gnu.so
7e69f4a7f000-7e69f4a81000 rw-p 0005b000 fc:00 35393442                   /home/henriqueramos_qs/meta-learning-concept-drift/.venv/lib/python3.12/site-packages/pandas/_libs/window/aggregations.cpython-312-x86_64-linux-gnu.so
7e69f4a81000-7e69f4a82000 rw-p 00000000 00:00 0 
7e69f4a82000-7e69f4ad9000 r--p 00000000 fc:00 35401657                   /home/henriqueramos_qs/meta-learning-concept-drift/.venv/lib/python3.12/site-packages/pyarrow/libarrow_acero.so.2100
7e69f4ad9000-7e69f4bbd000 r-xp 00057000 fc:00 35401657                   /home/henriqueramos_qs/meta-learning-concept-drift/.venv/lib/python3.12/site-packages/pyarrow/libarrow_acero.so.2100
7e69f4bbd000-7e69f4bf6000 r--p 0013b000 fc:00 35401657                   /home/henriqueramos_qs/meta-learning-concept-drift/.venv/lib/python3.12/site-packages/pyarrow/libarrow_acero.so.2100
7e69f4bf6000-7e69f4bf7000 ---p 00174000 fc:00 35401657                   /home/henriqueramos_qs/meta-learning-concept-drift/.venv/lib/python3.12/site-packages/pyarrow/libarrow_acero.so.2100
7e69f4bf7000-7e69f4bfc000 r--p 00174000 fc:00 35401657                   /home/henriqueramos_qs/meta-learning-concept-drift/.venv/lib/python3.12/site-packages/pyarrow/libarrow_acero.so.2100
7e69f4bfc000-7e69f4bff000 rw-p 00179000 fc:00 35401657                   /home/henriqueramos_qs/meta-learning-concept-drift/.venv/lib/python3.12/site-packages/pyarrow/libarrow_acero.so.2100
7e69f4bff000-7e69f4c00000 ---p 00000000 00:00 0 
7e69f4c00000-7e69f5400000 rw-p 00000000 00:00 0 
7e69f5400000-7e69f7400000 rw-p 00000000 00:00 0 
7e69f7404000-7e69f7407000 r--p 00000000 fc:00 34868105                   /home/henriqueramos_qs/meta-learning-concept-drift/.venv/lib/python3.12/site-packages/scipy/sparse/csgraph/_tools.cpython-312-x86_64-linux-gnu.so
7e69f7407000-7e69f7423000 r-xp 00003000 fc:00 34868105                   /home/henriqueramos_qs/meta-learning-concept-drift/.venv/lib/python3.12/site-packages/scipy/sparse/csgraph/_tools.cpython-312-x86_64-linux-gnu.so
7e69f7423000-7e69f742d000 r--p 0001f000 fc:00 34868105                   /home/henriqueramos_qs/meta-learning-concept-drift/.venv/lib/python3.12/site-packages/scipy/sparse/csgraph/_tools.cpython-312-x86_64-linux-gnu.so
7e69f742d000-7e69f742e000 r--p 00028000 fc:00 34868105                   /home/henriqueramos_qs/meta-learning-concept-drift/.venv/lib/python3.12/site-packages/scipy/sparse/csgraph/_tools.cpython-312-x86_64-linux-gnu.so
7e69f742e000-7e69f742f000 rw-p 00029000 fc:00 34868105                   /home/henriqueramos_qs/meta-learning-concept-drift/.venv/lib/python3.12/site-packages/scipy/sparse/csgraph/_tools.cpython-312-x86_64-linux-gnu.so
7e69f742f000-7e69f7430000 rw-p 00000000 00:00 0 
7e69f7430000-7e69f74d9000 r--p 00000000 fc:00 35401659                   /home/henriqueramos_qs/meta-learning-concept-drift/.venv/lib/python3.12/site-packages/pyarrow/libarrow_dataset.so.2100
7e69f74d9000-7e69f75ad000 r-xp 000a9000 fc:00 35401659                   /home/henriqueramos_qs/meta-learning-concept-drift/.venv/lib/python3.12/site-packages/pyarrow/libarrow_dataset.so.2100
7e69f75ad000-7e69f75f2000 r--p 0017d000 fc:00 35401659                   /home/henriqueramos_qs/meta-learning-concept-drift/.venv/lib/python3.12/site-packages/pyarrow/libarrow_dataset.so.2100
7e69f75f2000-7e69f75f3000 ---p 001c2000 fc:00 35401659                   /home/henriqueramos_qs/meta-learning-concept-drift/.venv/lib/python3.12/site-packages/pyarrow/libarrow_dataset.so.2100
7e69f75f3000-7e69f75fb000 r--p 001c2000 fc:00 35401659                   /home/henriqueramos_qs/meta-learning-concept-drift/.venv/lib/python3.12/site-packages/pyarrow/libarrow_dataset.so.2100
7e69f75fb000-7e69f75fd000 rw-p 001ca000 fc:00 35401659                   /home/henriqueramos_qs/meta-learning-concept-drift/.venv/lib/python3.12/site-packages/pyarrow/libarrow_dataset.so.2100
7e69f75fd000-7e69f75fe000 rw-p 00000000 00:00 0 
7e69f75fe000-7e69f75ff000 ---p 00000000 00:00 0 
7e69f75ff000-7e69f7dff000 rw-p 00000000 00:00 0 
7e69f7dff000-7e69f7e00000 ---p 00000000 00:00 0 
7e69f7e00000-7e69f8600000 rw-p 00000000 00:00 0 
7e69f8600000-7e69fc600000 rw-p 00000000 00:00 0 
7e69fc604000-7e69fc691000 r--p 00000000 fc:00 35401662                   /home/henriqueramos_qs/meta-learning-concept-drift/.venv/lib/python3.12/site-packages/pyarrow/libarrow_python.so.2100
7e69fc691000-7e69fc7ac000 r-xp 0008d000 fc:00 35401662                   /home/henriqueramos_qs/meta-learning-concept-drift/.venv/lib/python3.12/site-packages/pyarrow/libarrow_python.so.2100
7e69fc7ac000-7e69fc7f0000 r--p 001a8000 fc:00 35401662                   /home/henriqueramos_qs/meta-learning-concept-drift/.venv/lib/python3.12/site-packages/pyarrow/libarrow_python.so.2100
7e69fc7f0000-7e69fc7fc000 r--p 001eb000 fc:00 35401662                   /home/henriqueramos_qs/meta-learning-concept-drift/.venv/lib/python3.12/site-packages/pyarrow/libarrow_python.so.2100
7e69fc7fc000-7e69fc7ff000 rw-p 001f7000 fc:00 35401662                   /home/henriqueramos_qs/meta-learning-concept-drift/.venv/lib/python3.12/site-packages/pyarrow/libarrow_python.so.2100
7e69fc7ff000-7e69fc800000 ---p 00000000 00:00 0 
7e69fc800000-7e69fd000000 rw-p 00000000 00:00 0 
7e69fd000000-7e69ff000000 rw-p 00000000 00:00 0 
7e69ff005000-7e69ff008000 r--p 00000000 fc:00 34868526                   /home/henriqueramos_qs/meta-learning-concept-drift/.venv/lib/python3.12/site-packages/scipy/special/_comb.cpython-312-x86_64-linux-gnu.so
7e69ff008000-7e69ff00f000 r-xp 00003000 fc:00 34868526                   /home/henriqueramos_qs/meta-learning-concept-drift/.venv/lib/python3.12/site-packages/scipy/special/_comb.cpython-312-x86_64-linux-gnu.so
7e69ff00f000-7e69ff011000 r--p 0000a000 fc:00 34868526                   /home/henriqueramos_qs/meta-learning-concept-drift/.venv/lib/python3.12/site-packages/scipy/special/_comb.cpython-312-x86_64-linux-gnu.so
7e69ff011000-7e69ff012000 r--p 0000b000 fc:00 34868526                   /home/henriqueramos_qs/meta-learning-concept-drift/.venv/lib/python3.12/site-packages/scipy/special/_comb.cpython-312-x86_64-linux-gnu.so
7e69ff012000-7e69ff013000 rw-p 0000c000 fc:00 34868526                   /home/henriqueramos_qs/meta-learning-concept-drift/.venv/lib/python3.12/site-packages/scipy/special/_comb.cpython-312-x86_64-linux-gnu.so
7e69ff013000-7e69ff019000 r--p 00000000 fc:00 35393405                   /home/henriqueramos_qs/meta-learning-concept-drift/.venv/lib/python3.12/site-packages/pandas/_libs/writers.cpython-312-x86_64-linux-gnu.so
7e69ff019000-7e69ff041000 r-xp 00006000 fc:00 35393405                   /home/henriqueramos_qs/meta-learning-concept-drift/.venv/lib/python3.12/site-packages/pandas/_libs/writers.cpython-312-x86_64-linux-gnu.so
7e69ff041000-7e69ff04a000 r--p 0002e000 fc:00 35393405                   /home/henriqueramos_qs/meta-learning-concept-drift/.venv/lib/python3.12/site-packages/pandas/_libs/writers.cpython-312-x86_64-linux-gnu.so
7e69ff04a000-7e69ff04c000 r--p 00036000 fc:00 35393405                   /home/henriqueramos_qs/meta-learning-concept-drift/.venv/lib/python3.12/site-packages/pandas/_libs/writers.cpython-312-x86_64-linux-gnu.so
7e69ff04c000-7e69ff04e000 rw-p 00038000 fc:00 35393405                   /home/henriqueramos_qs/meta-learning-concept-drift/.venv/lib/python3.12/site-packages/pandas/_libs/writers.cpython-312-x86_64-linux-gnu.so
7e69ff04e000-7e69ff04f000 rw-p 00000000 00:00 0 
7e69ff04f000-7e69ff057000 r--p 00000000 fc:00 35393373                   /home/henriqueramos_qs/meta-learning-concept-drift/.venv/lib/python3.12/site-packages/pandas/_libs/internals.cpython-312-x86_64-linux-gnu.so
7e69ff057000-7e69ff09c000 r-xp 00008000 fc:00 35393373                   /home/henriqueramos_qs/meta-learning-concept-drift/.venv/lib/python3.12/site-packages/pandas/_libs/internals.cpython-312-x86_64-linux-gnu.so
7e69ff09c000-7e69ff0a9000 r--p 0004d000 fc:00 35393373                   /home/henriqueramos_qs/meta-learning-concept-drift/.venv/lib/python3.12/site-packages/pandas/_libs/internals.cpython-312-x86_64-linux-gnu.so
7e69ff0a9000-7e69ff0ab000 r--p 00059000 fc:00 35393373                   /home/henriqueramos_qs/meta-learning-concept-drift/.venv/lib/python3.12/site-packages/pandas/_libs/internals.cpython-312-x86_64-linux-gnu.so
7e69ff0ab000-7e69ff0ae000 rw-p 0005b000 fc:00 35393373                   /home/henriqueramos_qs/meta-learning-concept-drift/.venv/lib/python3.12/site-packages/pandas/_libs/internals.cpython-312-x86_64-linux-gnu.so
7e69ff0ae000-7e69ff0b0000 rw-p 00000000 00:00 0 
7e69ff0b0000-7e69ff0b7000 r--p 00000000 fc:00 35393403                   /home/henriqueramos_qs/meta-learning-concept-drift/.venv/lib/python3.12/site-packages/pandas/_libs/tslib.cpython-312-x86_64-linux-gnu.so
7e69ff0b7000-7e69ff0ef000 r-xp 00007000 fc:00 35393403                   /home/henriqueramos_qs/meta-learning-concept-drift/.venv/lib/python3.12/site-packages/pandas/_libs/tslib.cpython-312-x86_64-linux-gnu.so
7e69ff0ef000-7e69ff0fa000 r--p 0003f000 fc:00 35393403                   /home/henriqueramos_qs/meta-learning-concept-drift/.venv/lib/python3.12/site-packages/pandas/_libs/tslib.cpython-312-x86_64-linux-gnu.so
7e69ff0fa000-7e69ff0fc000 r--p 00049000 fc:00 35393403                   /home/henriqueramos_qs/meta-learning-concept-drift/.venv/lib/python3.12/site-packages/pandas/_libs/tslib.cpython-312-x86_64-linux-gnu.so
7e69ff0fc000-7e69ff0fe000 rw-p 0004b000 fc:00 35393403                   /home/henriqueramos_qs/meta-learning-concept-drift/.venv/lib/python3.12/site-packages/pandas/_libs/tslib.cpython-312-x86_64-linux-gnu.so
7e69ff0fe000-7e69ff1ff000 rw-p 00000000 00:00 0 
7e69ff1ff000-7e69ff200000 ---p 00000000 00:00 0 
7e69ff200000-7e69ffa00000 rw-p 00000000 00:00 0 
7e69ffa00000-7e6a01a00000 rw-p 00000000 00:00 0 
7e6a01a01000-7e6a01a03000 r--p 00000000 fc:00 34868341                   /home/henriqueramos_qs/meta-learning-concept-drift/.venv/lib/python3.12/site-packages/scipy/optimize/_highs/_highs_constants.cpython-312-x86_64-linux-gnu.so
7e6a01a03000-7e6a01a07000 r-xp 00002000 fc:00 34868341                   /home/henriqueramos_qs/meta-learning-concept-drift/.venv/lib/python3.12/site-packages/scipy/optimize/_highs/_highs_constants.cpython-312-x86_64-linux-gnu.so
7e6a01a07000-7e6a01a08000 r--p 00006000 fc:00 34868341                   /home/henriqueramos_qs/meta-learning-concept-drift/.venv/lib/python3.12/site-packages/scipy/optimize/_highs/_highs_constants.cpython-312-x86_64-linux-gnu.so
7e6a01a08000-7e6a01a09000 r--p 00006000 fc:00 34868341                   /home/henriqueramos_qs/meta-learning-concept-drift/.venv/lib/python3.12/site-packages/scipy/optimize/_highs/_highs_constants.cpython-312-x86_64-linux-gnu.so
7e6a01a09000-7e6a01a0a000 rw-p 00007000 fc:00 34868341                   /home/henriqueramos_qs/meta-learning-concept-drift/.venv/lib/python3.12/site-packages/scipy/optimize/_highs/_highs_constants.cpython-312-x86_64-linux-gnu.so
7e6a01a0a000-7e6a01a0d000 r--p 00000000 08:05 8397327                    /usr/lib/python3.12/lib-dynload/_multibytecodec.cpython-312-x86_64-linux-gnu.so
7e6a01a0d000-7e6a01a14000 r-xp 00003000 08:05 8397327                    /usr/lib/python3.12/lib-dynload/_multibytecodec.cpython-312-x86_64-linux-gnu.so
7e6a01a14000-7e6a01a16000 r--p 0000a000 08:05 8397327                    /usr/lib/python3.12/lib-dynload/_multibytecodec.cpython-312-x86_64-linux-gnu.so
7e6a01a16000-7e6a01a17000 r--p 0000b000 08:05 8397327                    /usr/lib/python3.12/lib-dynload/_multibytecodec.cpython-312-x86_64-linux-gnu.so
7e6a01a17000-7e6a01a18000 rw-p 0000c000 08:05 8397327                    /usr/lib/python3.12/lib-dynload/_multibytecodec.cpython-312-x86_64-linux-gnu.so
7e6a01a18000-7e6a01a1c000 r--p 00000000 fc:00 34868409                   /home/henriqueramos_qs/meta-learning-concept-drift/.venv/lib/python3.12/site-packages/scipy/_lib/_ccallback_c.cpython-312-x86_64-linux-gnu.so
7e6a01a1c000-7e6a01a2a000 r-xp 00004000 fc:00 34868409                   /home/henriqueramos_qs/meta-learning-concept-drift/.venv/lib/python3.12/site-packages/scipy/_lib/_ccallback_c.cpython-312-x86_64-linux-gnu.so
7e6a01a2a000-7e6a01a2d000 r--p 00012000 fc:00 34868409                   /home/henriqueramos_qs/meta-learning-concept-drift/.venv/lib/python3.12/site-packages/scipy/_lib/_ccallback_c.cpython-312-x86_64-linux-gnu.so
7e6a01a2d000-7e6a01a2e000 r--p 00014000 fc:00 34868409                   /home/henriqueramos_qs/meta-learning-concept-drift/.venv/lib/python3.12/site-packages/scipy/_lib/_ccallback_c.cpython-312-x86_64-linux-gnu.so
7e6a01a2e000-7e6a01a2f000 rw-p 00015000 fc:00 34868409                   /home/henriqueramos_qs/meta-learning-concept-drift/.venv/lib/python3.12/site-packages/scipy/_lib/_ccallback_c.cpython-312-x86_64-linux-gnu.so
7e6a01a2f000-7e6a01a3b000 r--p 00000000 fc:00 35393381                   /home/henriqueramos_qs/meta-learning-concept-drift/.venv/lib/python3.12/site-packages/pandas/_libs/lib.cpython-312-x86_64-linux-gnu.so
7e6a01a3b000-7e6a01ad7000 r-xp 0000c000 fc:00 35393381                   /home/henriqueramos_qs/meta-learning-concept-drift/.venv/lib/python3.12/site-packages/pandas/_libs/lib.cpython-312-x86_64-linux-gnu.so
7e6a01ad7000-7e6a01af2000 r--p 000a8000 fc:00 35393381                   /home/henriqueramos_qs/meta-learning-concept-drift/.venv/lib/python3.12/site-packages/pandas/_libs/lib.cpython-312-x86_64-linux-gnu.so
7e6a01af2000-7e6a01af3000 ---p 000c3000 fc:00 35393381                   /home/henriqueramos_qs/meta-learning-concept-drift/.venv/lib/python3.12/site-packages/pandas/_libs/lib.cpython-312-x86_64-linux-gnu.so
7e6a01af3000-7e6a01af6000 r--p 000c3000 fc:00 35393381                   /home/henriqueramos_qs/meta-learning-concept-drift/.venv/lib/python3.12/site-packages/pandas/_libs/lib.cpython-312-x86_64-linux-gnu.so
7e6a01af6000-7e6a01afc000 rw-p 000c6000 fc:00 35393381                   /home/henriqueramos_qs/meta-learning-concept-drift/.venv/lib/python3.12/site-packages/pandas/_libs/lib.cpython-312-x86_64-linux-gnu.so
7e6a01afc000-7e6a01bfe000 rw-p 00000000 00:00 0 
7e6a01bfe000-7e6a01bff000 ---p 00000000 00:00 0 
7e6a01bff000-7e6a023ff000 rw-p 00000000 00:00 0 
7e6a023ff000-7e6a02400000 ---p 00000000 00:00 0 
7e6a02400000-7e6a02c00000 rw-p 00000000 00:00 0 
7e6a02c00000-7e6a08c00000 rw-p 00000000 00:00 0 
7e6a08c01000-7e6a08c03000 r--p 00000000 08:05 8397328                    /usr/lib/python3.12/lib-dynload/_multiprocessing.cpython-312-x86_64-linux-gnu.so
7e6a08c03000-7e6a08c05000 r-xp 00002000 08:05 8397328                    /usr/lib/python3.12/lib-dynload/_multiprocessing.cpython-312-x86_64-linux-gnu.so
7e6a08c05000-7e6a08c06000 r--p 00004000 08:05 8397328                    /usr/lib/python3.12/lib-dynload/_multiprocessing.cpython-312-x86_64-linux-gnu.so
7e6a08c06000-7e6a08c07000 r--p 00004000 08:05 8397328                    /usr/lib/python3.12/lib-dynload/_multiprocessing.cpython-312-x86_64-linux-gnu.so
7e6a08c07000-7e6a08c08000 rw-p 00005000 08:05 8397328                    /usr/lib/python3.12/lib-dynload/_multiprocessing.cpython-312-x86_64-linux-gnu.so
7e6a08c08000-7e6a08c0b000 r--p 00000000 fc:00 35399520                   /home/henriqueramos_qs/meta-learning-concept-drift/.venv/lib/python3.12/site-packages/sklearn/__check_build/_check_build.cpython-312-x86_64-linux-gnu.so
7e6a08c0b000-7e6a08c0e000 r-xp 00003000 fc:00 35399520                   /home/henriqueramos_qs/meta-learning-concept-drift/.venv/lib/python3.12/site-packages/sklearn/__check_build/_check_build.cpython-312-x86_64-linux-gnu.so
7e6a08c0e000-7e6a08c10000 r--p 00006000 fc:00 35399520                   /home/henriqueramos_qs/meta-learning-concept-drift/.venv/lib/python3.12/site-packages/sklearn/__check_build/_check_build.cpython-312-x86_64-linux-gnu.so
7e6a08c10000-7e6a08c11000 r--p 00007000 fc:00 35399520                   /home/henriqueramos_qs/meta-learning-concept-drift/.venv/lib/python3.12/site-packages/sklearn/__check_build/_check_build.cpython-312-x86_64-linux-gnu.so
7e6a08c11000-7e6a08c12000 rw-p 00008000 fc:00 35399520                   /home/henriqueramos_qs/meta-learning-concept-drift/.venv/lib/python3.12/site-packages/sklearn/__check_build/_check_build.cpython-312-x86_64-linux-gnu.so
7e6a08c12000-7e6a08c18000 r--p 00000000 fc:00 35393365                   /home/henriqueramos_qs/meta-learning-concept-drift/.venv/lib/python3.12/site-packages/pandas/_libs/hashing.cpython-312-x86_64-linux-gnu.so
7e6a08c18000-7e6a08c3a000 r-xp 00006000 fc:00 35393365                   /home/henriqueramos_qs/meta-learning-concept-drift/.venv/lib/python3.12/site-packages/pandas/_libs/hashing.cpython-312-x86_64-linux-gnu.so
7e6a08c3a000-7e6a08c42000 r--p 00028000 fc:00 35393365                   /home/henriqueramos_qs/meta-learning-concept-drift/.venv/lib/python3.12/site-packages/pandas/_libs/hashing.cpython-312-x86_64-linux-gnu.so
7e6a08c42000-7e6a08c43000 r--p 0002f000 fc:00 35393365                   /home/henriqueramos_qs/meta-learning-concept-drift/.venv/lib/python3.12/site-packages/pandas/_libs/hashing.cpython-312-x86_64-linux-gnu.so
7e6a08c43000-7e6a08c45000 rw-p 00030000 fc:00 35393365                   /home/henriqueramos_qs/meta-learning-concept-drift/.venv/lib/python3.12/site-packages/pandas/_libs/hashing.cpython-312-x86_64-linux-gnu.so
7e6a08c45000-7e6a08c46000 rw-p 00000000 00:00 0 
7e6a08c46000-7e6a08c4c000 r--p 00000000 fc:00 35393385                   /home/henriqueramos_qs/meta-learning-concept-drift/.venv/lib/python3.12/site-packages/pandas/_libs/ops.cpython-312-x86_64-linux-gnu.so
7e6a08c4c000-7e6a08c76000 r-xp 00006000 fc:00 35393385                   /home/henriqueramos_qs/meta-learning-concept-drift/.venv/lib/python3.12/site-packages/pandas/_libs/ops.cpython-312-x86_64-linux-gnu.so
7e6a08c76000-7e6a08c7f000 r--p 00030000 fc:00 35393385                   /home/henriqueramos_qs/meta-learning-concept-drift/.venv/lib/python3.12/site-packages/pandas/_libs/ops.cpython-312-x86_64-linux-gnu.so
7e6a08c7f000-7e6a08c80000 ---p 00039000 fc:00 35393385                   /home/henriqueramos_qs/meta-learning-concept-drift/.venv/lib/python3.12/site-packages/pandas/_libs/ops.cpython-312-x86_64-linux-gnu.so
7e6a08c80000-7e6a08c81000 r--p 00039000 fc:00 35393385                   /home/henriqueramos_qs/meta-learning-concept-drift/.venv/lib/python3.12/site-packages/pandas/_libs/ops.cpython-312-x86_64-linux-gnu.so
7e6a08c81000-7e6a08c83000 rw-p 0003a000 fc:00 35393385                   /home/henriqueramos_qs/meta-learning-concept-drift/.venv/lib/python3.12/site-packages/pandas/_libs/ops.cpython-312-x86_64-linux-gnu.so
7e6a08c83000-7e6a08c84000 rw-p 00000000 00:00 0 
7e6a08c84000-7e6a08c8d000 r--p 00000000 fc:00 35393426                   /home/henriqueramos_qs/meta-learning-concept-drift/.venv/lib/python3.12/site-packages/pandas/_libs/tslibs/period.cpython-312-x86_64-linux-gnu.so
7e6a08c8d000-7e6a08cdd000 r-xp 00009000 fc:00 35393426                   /home/henriqueramos_qs/meta-learning-concept-drift/.venv/lib/python3.12/site-packages/pandas/_libs/tslibs/period.cpython-312-x86_64-linux-gnu.so
7e6a08cdd000-7e6a08cf7000 r--p 00059000 fc:00 35393426                   /home/henriqueramos_qs/meta-learning-concept-drift/.venv/lib/python3.12/site-packages/pandas/_libs/tslibs/period.cpython-312-x86_64-linux-gnu.so
7e6a08cf7000-7e6a08cfa000 r--p 00072000 fc:00 35393426                   /home/henriqueramos_qs/meta-learning-concept-drift/.venv/lib/python3.12/site-packages/pandas/_libs/tslibs/period.cpython-312-x86_64-linux-gnu.so
7e6a08cfa000-7e6a08cfd000 rw-p 00075000 fc:00 35393426                   /home/henriqueramos_qs/meta-learning-concept-drift/.venv/lib/python3.12/site-packages/pandas/_libs/tslibs/period.cpython-312-x86_64-linux-gnu.so
7e6a08cfd000-7e6a08dfe000 rw-p 00000000 00:00 0 
7e6a08dfe000-7e6a08dff000 ---p 00000000 00:00 0 
7e6a08dff000-7e6a095ff000 rw-p 00000000 00:00 0 
7e6a095ff000-7e6a09600000 ---p 00000000 00:00 0 
7e6a09600000-7e6a09e00000 rw-p 00000000 00:00 0 
7e6a09e00000-7e6a0be00000 rw-p 00000000 00:00 0 
7e6a0be00000-7e6a0be06000 r--p 00000000 fc:00 35393438                   /home/henriqueramos_qs/meta-learning-concept-drift/.venv/lib/python3.12/site-packages/pandas/_libs/tslibs/vectorized.cpython-312-x86_64-linux-gnu.so
7e6a0be06000-7e6a0be2d000 r-xp 00006000 fc:00 35393438                   /home/henriqueramos_qs/meta-learning-concept-drift/.venv/lib/python3.12/site-packages/pandas/_libs/tslibs/vectorized.cpython-312-x86_64-linux-gnu.so
7e6a0be2d000-7e6a0be36000 r--p 0002d000 fc:00 35393438                   /home/henriqueramos_qs/meta-learning-concept-drift/.venv/lib/python3.12/site-packages/pandas/_libs/tslibs/vectorized.cpython-312-x86_64-linux-gnu.so
7e6a0be36000-7e6a0be37000 ---p 00036000 fc:00 35393438                   /home/henriqueramos_qs/meta-learning-concept-drift/.venv/lib/python3.12/site-packages/pandas/_libs/tslibs/vectorized.cpython-312-x86_64-linux-gnu.so
7e6a0be37000-7e6a0be38000 r--p 00036000 fc:00 35393438                   /home/henriqueramos_qs/meta-learning-concept-drift/.venv/lib/python3.12/site-packages/pandas/_libs/tslibs/vectorized.cpython-312-x86_64-linux-gnu.so
7e6a0be38000-7e6a0be3a000 rw-p 00037000 fc:00 35393438                   /home/henriqueramos_qs/meta-learning-concept-drift/.venv/lib/python3.12/site-packages/pandas/_libs/tslibs/vectorized.cpython-312-x86_64-linux-gnu.so
7e6a0be3a000-7e6a0be3b000 rw-p 00000000 00:00 0 
7e6a0be3b000-7e6a0be42000 r--p 00000000 fc:00 35393428                   /home/henriqueramos_qs/meta-learning-concept-drift/.venv/lib/python3.12/site-packages/pandas/_libs/tslibs/strptime.cpython-312-x86_64-linux-gnu.so
7e6a0be42000-7e6a0be85000 r-xp 00007000 fc:00 35393428                   /home/henriqueramos_qs/meta-learning-concept-drift/.venv/lib/python3.12/site-packages/pandas/_libs/tslibs/strptime.cpython-312-x86_64-linux-gnu.so
7e6a0be85000-7e6a0be90000 r--p 0004a000 fc:00 35393428                   /home/henriqueramos_qs/meta-learning-concept-drift/.venv/lib/python3.12/site-packages/pandas/_libs/tslibs/strptime.cpython-312-x86_64-linux-gnu.so
7e6a0be90000-7e6a0be91000 ---p 00055000 fc:00 35393428                   /home/henriqueramos_qs/meta-learning-concept-drift/.venv/lib/python3.12/site-packages/pandas/_libs/tslibs/strptime.cpython-312-x86_64-linux-gnu.so
7e6a0be91000-7e6a0be93000 r--p 00055000 fc:00 35393428                   /home/henriqueramos_qs/meta-learning-concept-drift/.venv/lib/python3.12/site-packages/pandas/_libs/tslibs/strptime.cpython-312-x86_64-linux-gnu.so
7e6a0be93000-7e6a0be95000 rw-p 00057000 fc:00 35393428                   /home/henriqueramos_qs/meta-learning-concept-drift/.venv/lib/python3.12/site-packages/pandas/_libs/tslibs/strptime.cpython-312-x86_64-linux-gnu.so
7e6a0be95000-7e6a0be96000 rw-p 00000000 00:00 0 
7e6a0be96000-7e6a0be9e000 r--p 00000000 fc:00 35393424                   /home/henriqueramos_qs/meta-learning-concept-drift/.venv/lib/python3.12/site-packages/pandas/_libs/tslibs/parsing.cpython-312-x86_64-linux-gnu.so
7e6a0be9e000-7e6a0bee9000 r-xp 00008000 fc:00 35393424                   /home/henriqueramos_qs/meta-learning-concept-drift/.venv/lib/python3.12/site-packages/pandas/_libs/tslibs/parsing.cpython-312-x86_64-linux-gnu.so
7e6a0bee9000-7e6a0bef7000 r--p 00053000 fc:00 35393424                   /home/henriqueramos_qs/meta-learning-concept-drift/.venv/lib/python3.12/site-packages/pandas/_libs/tslibs/parsing.cpython-312-x86_64-linux-gnu.so
7e6a0bef7000-7e6a0bef8000 ---p 00061000 fc:00 35393424                   /home/henriqueramos_qs/meta-learning-concept-drift/.venv/lib/python3.12/site-packages/pandas/_libs/tslibs/parsing.cpython-312-x86_64-linux-gnu.so
7e6a0bef8000-7e6a0befa000 r--p 00061000 fc:00 35393424                   /home/henriqueramos_qs/meta-learning-concept-drift/.venv/lib/python3.12/site-packages/pandas/_libs/tslibs/parsing.cpython-312-x86_64-linux-gnu.so
7e6a0befa000-7e6a0befd000 rw-p 00063000 fc:00 35393424                   /home/henriqueramos_qs/meta-learning-concept-drift/.venv/lib/python3.12/site-packages/pandas/_libs/tslibs/parsing.cpython-312-x86_64-linux-gnu.so
7e6a0befd000-7e6a0bffe000 rw-p 00000000 00:00 0 
7e6a0bffe000-7e6a0bfff000 ---p 00000000 00:00 0 
7e6a0bfff000-7e6a0c7ff000 rw-p 00000000 00:00 0 
7e6a0c7ff000-7e6a0c800000 ---p 00000000 00:00 0 
7e6a0c800000-7e6a0d000000 rw-p 00000000 00:00 0 
7e6a0d000000-7e6a11000000 rw-p 00000000 00:00 0 
7e6a11000000-7e6a11004000 r--p 00000000 fc:00 35393401                   /home/henriqueramos_qs/meta-learning-concept-drift/.venv/lib/python3.12/site-packages/pandas/_libs/testing.cpython-312-x86_64-linux-gnu.so
7e6a11004000-7e6a11018000 r-xp 00004000 fc:00 35393401                   /home/henriqueramos_qs/meta-learning-concept-drift/.venv/lib/python3.12/site-packages/pandas/_libs/testing.cpython-312-x86_64-linux-gnu.so
7e6a11018000-7e6a1101c000 r--p 00018000 fc:00 35393401                   /home/henriqueramos_qs/meta-learning-concept-drift/.venv/lib/python3.12/site-packages/pandas/_libs/testing.cpython-312-x86_64-linux-gnu.so
7e6a1101c000-7e6a1101d000 r--p 0001b000 fc:00 35393401                   /home/henriqueramos_qs/meta-learning-concept-drift/.venv/lib/python3.12/site-packages/pandas/_libs/testing.cpython-312-x86_64-linux-gnu.so
7e6a1101d000-7e6a1101e000 rw-p 0001c000 fc:00 35393401                   /home/henriqueramos_qs/meta-learning-concept-drift/.venv/lib/python3.12/site-packages/pandas/_libs/testing.cpython-312-x86_64-linux-gnu.so
7e6a1101e000-7e6a11024000 r--p 00000000 fc:00 35393436                   /home/henriqueramos_qs/meta-learning-concept-drift/.venv/lib/python3.12/site-packages/pandas/_libs/tslibs/tzconversion.cpython-312-x86_64-linux-gnu.so
7e6a11024000-7e6a1105c000 r-xp 00006000 fc:00 35393436                   /home/henriqueramos_qs/meta-learning-concept-drift/.venv/lib/python3.12/site-packages/pandas/_libs/tslibs/tzconversion.cpython-312-x86_64-linux-gnu.so
7e6a1105c000-7e6a11066000 r--p 0003e000 fc:00 35393436                   /home/henriqueramos_qs/meta-learning-concept-drift/.venv/lib/python3.12/site-packages/pandas/_libs/tslibs/tzconversion.cpython-312-x86_64-linux-gnu.so
7e6a11066000-7e6a11068000 r--p 00047000 fc:00 35393436                   /home/henriqueramos_qs/meta-learning-concept-drift/.venv/lib/python3.12/site-packages/pandas/_libs/tslibs/tzconversion.cpython-312-x86_64-linux-gnu.so
7e6a11068000-7e6a1106a000 rw-p 00049000 fc:00 35393436                   /home/henriqueramos_qs/meta-learning-concept-drift/.venv/lib/python3.12/site-packages/pandas/_libs/tslibs/tzconversion.cpython-312-x86_64-linux-gnu.so
7e6a1106a000-7e6a1106b000 rw-p 00000000 00:00 0 
7e6a1106b000-7e6a11072000 r--p 00000000 fc:00 35393416                   /home/henriqueramos_qs/meta-learning-concept-drift/.venv/lib/python3.12/site-packages/pandas/_libs/tslibs/fields.cpython-312-x86_64-linux-gnu.so
7e6a11072000-7e6a110aa000 r-xp 00007000 fc:00 35393416                   /home/henriqueramos_qs/meta-learning-concept-drift/.venv/lib/python3.12/site-packages/pandas/_libs/tslibs/fields.cpython-312-x86_64-linux-gnu.so
7e6a110aa000-7e6a110b5000 r--p 0003f000 fc:00 35393416                   /home/henriqueramos_qs/meta-learning-concept-drift/.venv/lib/python3.12/site-packages/pandas/_libs/tslibs/fields.cpython-312-x86_64-linux-gnu.so
7e6a110b5000-7e6a110b6000 ---p 0004a000 fc:00 35393416                   /home/henriqueramos_qs/meta-learning-concept-drift/.venv/lib/python3.12/site-packages/pandas/_libs/tslibs/fields.cpython-312-x86_64-linux-gnu.so
7e6a110b6000-7e6a110b8000 r--p 0004a000 fc:00 35393416                   /home/henriqueramos_qs/meta-learning-concept-drift/.venv/lib/python3.12/site-packages/pandas/_libs/tslibs/fields.cpython-312-x86_64-linux-gnu.so
7e6a110b8000-7e6a110ba000 rw-p 0004c000 fc:00 35393416                   /home/henriqueramos_qs/meta-learning-concept-drift/.venv/lib/python3.12/site-packages/pandas/_libs/tslibs/fields.cpython-312-x86_64-linux-gnu.so
7e6a110ba000-7e6a110bb000 rw-p 00000000 00:00 0 
7e6a110bb000-7e6a110c1000 r--p 00000000 fc:00 35393434                   /home/henriqueramos_qs/meta-learning-concept-drift/.venv/lib/python3.12/site-packages/pandas/_libs/tslibs/timezones.cpython-312-x86_64-linux-gnu.so
7e6a110c1000-7e6a110ef000 r-xp 00006000 fc:00 35393434                   /home/henriqueramos_qs/meta-learning-concept-drift/.venv/lib/python3.12/site-packages/pandas/_libs/tslibs/timezones.cpython-312-x86_64-linux-gnu.so
7e6a110ef000-7e6a110f9000 r--p 00034000 fc:00 35393434                   /home/henriqueramos_qs/meta-learning-concept-drift/.venv/lib/python3.12/site-packages/pandas/_libs/tslibs/timezones.cpython-312-x86_64-linux-gnu.so
7e6a110f9000-7e6a110fb000 r--p 0003d000 fc:00 35393434                   /home/henriqueramos_qs/meta-learning-concept-drift/.venv/lib/python3.12/site-packages/pandas/_libs/tslibs/timezones.cpython-312-x86_64-linux-gnu.so
7e6a110fb000-7e6a110fd000 rw-p 0003f000 fc:00 35393434                   /home/henriqueramos_qs/meta-learning-concept-drift/.venv/lib/python3.12/site-packages/pandas/_libs/tslibs/timezones.cpython-312-x86_64-linux-gnu.so
7e6a110fd000-7e6a111fe000 rw-p 00000000 00:00 0 
7e6a111fe000-7e6a111ff000 ---p 00000000 00:00 0 
7e6a111ff000-7e6a119ff000 rw-p 00000000 00:00 0 
7e6a119ff000-7e6a11a00000 ---p 00000000 00:00 0 
7e6a11a00000-7e6a12200000 rw-p 00000000 00:00 0 
7e6a12200000-7e6a16200000 rw-p 00000000 00:00 0 
7e6a16200000-7e6a16201000 r--p 00000000 08:05 8420176                    /usr/lib/x86_64-linux-gnu/libutil.so.1
7e6a16201000-7e6a16202000 r-xp 00001000 08:05 8420176                    /usr/lib/x86_64-linux-gnu/libutil.so.1
7e6a16202000-7e6a16203000 r--p 00002000 08:05 8420176                    /usr/lib/x86_64-linux-gnu/libutil.so.1
7e6a16203000-7e6a16204000 r--p 00002000 08:05 8420176                    /usr/lib/x86_64-linux-gnu/libutil.so.1
7e6a16204000-7e6a16205000 rw-p 00003000 08:05 8420176                    /usr/lib/x86_64-linux-gnu/libutil.so.1
7e6a16205000-7e6a1620a000 r--p 00000000 fc:00 35393359                   /home/henriqueramos_qs/meta-learning-concept-drift/.venv/lib/python3.12/site-packages/pandas/_libs/arrays.cpython-312-x86_64-linux-gnu.so
7e6a1620a000-7e6a1621d000 r-xp 00005000 fc:00 35393359                   /home/henriqueramos_qs/meta-learning-concept-drift/.venv/lib/python3.12/site-packages/pandas/_libs/arrays.cpython-312-x86_64-linux-gnu.so
7e6a1621d000-7e6a16222000 r--p 00018000 fc:00 35393359                   /home/henriqueramos_qs/meta-learning-concept-drift/.venv/lib/python3.12/site-packages/pandas/_libs/arrays.cpython-312-x86_64-linux-gnu.so
7e6a16222000-7e6a16223000 r--p 0001c000 fc:00 35393359                   /home/henriqueramos_qs/meta-learning-concept-drift/.venv/lib/python3.12/site-packages/pandas/_libs/arrays.cpython-312-x86_64-linux-gnu.so
7e6a16223000-7e6a16225000 rw-p 0001d000 fc:00 35393359                   /home/henriqueramos_qs/meta-learning-concept-drift/.venv/lib/python3.12/site-packages/pandas/_libs/arrays.cpython-312-x86_64-linux-gnu.so
7e6a16225000-7e6a16229000 r--p 00000000 fc:00 35393393                   /home/henriqueramos_qs/meta-learning-concept-drift/.venv/lib/python3.12/site-packages/pandas/_libs/properties.cpython-312-x86_64-linux-gnu.so
7e6a16229000-7e6a16236000 r-xp 00004000 fc:00 35393393                   /home/henriqueramos_qs/meta-learning-concept-drift/.venv/lib/python3.12/site-packages/pandas/_libs/properties.cpython-312-x86_64-linux-gnu.so
7e6a16236000-7e6a16239000 r--p 00011000 fc:00 35393393                   /home/henriqueramos_qs/meta-learning-concept-drift/.venv/lib/python3.12/site-packages/pandas/_libs/properties.cpython-312-x86_64-linux-gnu.so
7e6a16239000-7e6a1623a000 ---p 00014000 fc:00 35393393                   /home/henriqueramos_qs/meta-learning-concept-drift/.venv/lib/python3.12/site-packages/pandas/_libs/properties.cpython-312-x86_64-linux-gnu.so
7e6a1623a000-7e6a1623b000 r--p 00014000 fc:00 35393393                   /home/henriqueramos_qs/meta-learning-concept-drift/.venv/lib/python3.12/site-packages/pandas/_libs/properties.cpython-312-x86_64-linux-gnu.so
7e6a1623b000-7e6a1623c000 rw-p 00015000 fc:00 35393393                   /home/henriqueramos_qs/meta-learning-concept-drift/.venv/lib/python3.12/site-packages/pandas/_libs/properties.cpython-312-x86_64-linux-gnu.so
7e6a1623c000-7e6a1623d000 rw-p 00000000 00:00 0 
7e6a1623d000-7e6a16247000 r--p 00000000 fc:00 35393430                   /home/henriqueramos_qs/meta-learning-concept-drift/.venv/lib/python3.12/site-packages/pandas/_libs/tslibs/timedeltas.cpython-312-x86_64-linux-gnu.so
7e6a16247000-7e6a162ab000 r-xp 0000a000 fc:00 35393430                   /home/henriqueramos_qs/meta-learning-concept-drift/.venv/lib/python3.12/site-packages/pandas/_libs/tslibs/timedeltas.cpython-312-x86_64-linux-gnu.so
7e6a162ab000-7e6a162c1000 r--p 0006e000 fc:00 35393430                   /home/henriqueramos_qs/meta-learning-concept-drift/.venv/lib/python3.12/site-packages/pandas/_libs/tslibs/timedeltas.cpython-312-x86_64-linux-gnu.so
7e6a162c1000-7e6a162c4000 r--p 00083000 fc:00 35393430                   /home/henriqueramos_qs/meta-learning-concept-drift/.venv/lib/python3.12/site-packages/pandas/_libs/tslibs/timedeltas.cpython-312-x86_64-linux-gnu.so
7e6a162c4000-7e6a162c7000 rw-p 00086000 fc:00 35393430                   /home/henriqueramos_qs/meta-learning-concept-drift/.venv/lib/python3.12/site-packages/pandas/_libs/tslibs/timedeltas.cpython-312-x86_64-linux-gnu.so
7e6a162c7000-7e6a162c9000 rw-p 00000000 00:00 0 
7e6a162c9000-7e6a162cf000 r--p 00000000 fc:00 35393418                   /home/henriqueramos_qs/meta-learning-concept-drift/.venv/lib/python3.12/site-packages/pandas/_libs/tslibs/nattype.cpython-312-x86_64-linux-gnu.so
7e6a162cf000-7e6a162ed000 r-xp 00006000 fc:00 35393418                   /home/henriqueramos_qs/meta-learning-concept-drift/.venv/lib/python3.12/site-packages/pandas/_libs/tslibs/nattype.cpython-312-x86_64-linux-gnu.so
7e6a162ed000-7e6a162fa000 r--p 00024000 fc:00 35393418                   /home/henriqueramos_qs/meta-learning-concept-drift/.venv/lib/python3.12/site-packages/pandas/_libs/tslibs/nattype.cpython-312-x86_64-linux-gnu.so
7e6a162fa000-7e6a162fc000 r--p 00030000 fc:00 35393418                   /home/henriqueramos_qs/meta-learning-concept-drift/.venv/lib/python3.12/site-packages/pandas/_libs/tslibs/nattype.cpython-312-x86_64-linux-gnu.so
7e6a162fc000-7e6a162fe000 rw-p 00032000 fc:00 35393418                   /home/henriqueramos_qs/meta-learning-concept-drift/.venv/lib/python3.12/site-packages/pandas/_libs/tslibs/nattype.cpython-312-x86_64-linux-gnu.so
7e6a162fe000-7e6a163ff000 rw-p 00000000 00:00 0 
7e6a163ff000-7e6a16400000 ---p 00000000 00:00 0 
7e6a16400000-7e6a16c00000 rw-p 00000000 00:00 0 
7e6a16c00000-7e6a18c00000 rw-p 00000000 00:00 0 
7e6a18c04000-7e6a18c14000 r--p 00000000 fc:00 35393422                   /home/henriqueramos_qs/meta-learning-concept-drift/.venv/lib/python3.12/site-packages/pandas/_libs/tslibs/offsets.cpython-312-x86_64-linux-gnu.so
7e6a18c14000-7e6a18cc4000 r-xp 00010000 fc:00 35393422                   /home/henriqueramos_qs/meta-learning-concept-drift/.venv/lib/python3.12/site-packages/pandas/_libs/tslibs/offsets.cpython-312-x86_64-linux-gnu.so
7e6a18cc4000-7e6a18cec000 r--p 000c0000 fc:00 35393422                   /home/henriqueramos_qs/meta-learning-concept-drift/.venv/lib/python3.12/site-packages/pandas/_libs/tslibs/offsets.cpython-312-x86_64-linux-gnu.so
7e6a18cec000-7e6a18ced000 ---p 000e8000 fc:00 35393422                   /home/henriqueramos_qs/meta-learning-concept-drift/.venv/lib/python3.12/site-packages/pandas/_libs/tslibs/offsets.cpython-312-x86_64-linux-gnu.so
7e6a18ced000-7e6a18cf1000 r--p 000e8000 fc:00 35393422                   /home/henriqueramos_qs/meta-learning-concept-drift/.venv/lib/python3.12/site-packages/pandas/_libs/tslibs/offsets.cpython-312-x86_64-linux-gnu.so
7e6a18cf1000-7e6a18cfb000 rw-p 000ec000 fc:00 35393422                   /home/henriqueramos_qs/meta-learning-concept-drift/.venv/lib/python3.12/site-packages/pandas/_libs/tslibs/offsets.cpython-312-x86_64-linux-gnu.so
7e6a18cfb000-7e6a18dfe000 rw-p 00000000 00:00 0 
7e6a18dfe000-7e6a18dff000 ---p 00000000 00:00 0 
7e6a18dff000-7e6a195ff000 rw-p 00000000 00:00 0 
7e6a195ff000-7e6a19600000 ---p 00000000 00:00 0 
7e6a19600000-7e6a19e00000 rw-p 00000000 00:00 0 
7e6a19e00000-7e6a1de00000 rw-p 00000000 00:00 0 
7e6a1de00000-7e6a1de0b000 r--p 00000000 fc:00 35393432                   /home/henriqueramos_qs/meta-learning-concept-drift/.venv/lib/python3.12/site-packages/pandas/_libs/tslibs/timestamps.cpython-312-x86_64-linux-gnu.so
7e6a1de0b000-7e6a1de6a000 r-xp 0000b000 fc:00 35393432                   /home/henriqueramos_qs/meta-learning-concept-drift/.venv/lib/python3.12/site-packages/pandas/_libs/tslibs/timestamps.cpython-312-x86_64-linux-gnu.so
7e6a1de6a000-7e6a1de8c000 r--p 0006a000 fc:00 35393432                   /home/henriqueramos_qs/meta-learning-concept-drift/.venv/lib/python3.12/site-packages/pandas/_libs/tslibs/timestamps.cpython-312-x86_64-linux-gnu.so
7e6a1de8c000-7e6a1de8d000 ---p 0008c000 fc:00 35393432                   /home/henriqueramos_qs/meta-learning-concept-drift/.venv/lib/python3.12/site-packages/pandas/_libs/tslibs/timestamps.cpython-312-x86_64-linux-gnu.so
7e6a1de8d000-7e6a1de90000 r--p 0008c000 fc:00 35393432                   /home/henriqueramos_qs/meta-learning-concept-drift/.venv/lib/python3.12/site-packages/pandas/_libs/tslibs/timestamps.cpython-312-x86_64-linux-gnu.so
7e6a1de90000-7e6a1de93000 rw-p 0008f000 fc:00 35393432                   /home/henriqueramos_qs/meta-learning-concept-drift/.venv/lib/python3.12/site-packages/pandas/_libs/tslibs/timestamps.cpython-312-x86_64-linux-gnu.so
7e6a1de93000-7e6a1de95000 rw-p 00000000 00:00 0 
7e6a1de95000-7e6a1de9c000 r--p 00000000 fc:00 35393412                   /home/henriqueramos_qs/meta-learning-concept-drift/.venv/lib/python3.12/site-packages/pandas/_libs/tslibs/conversion.cpython-312-x86_64-linux-gnu.so
7e6a1de9c000-7e6a1dece000 r-xp 00007000 fc:00 35393412                   /home/henriqueramos_qs/meta-learning-concept-drift/.venv/lib/python3.12/site-packages/pandas/_libs/tslibs/conversion.cpython-312-x86_64-linux-gnu.so
7e6a1dece000-7e6a1ded8000 r--p 00039000 fc:00 35393412                   /home/henriqueramos_qs/meta-learning-concept-drift/.venv/lib/python3.12/site-packages/pandas/_libs/tslibs/conversion.cpython-312-x86_64-linux-gnu.so
7e6a1ded8000-7e6a1deda000 r--p 00042000 fc:00 35393412                   /home/henriqueramos_qs/meta-learning-concept-drift/.venv/lib/python3.12/site-packages/pandas/_libs/tslibs/conversion.cpython-312-x86_64-linux-gnu.so
7e6a1deda000-7e6a1dedc000 rw-p 00044000 fc:00 35393412                   /home/henriqueramos_qs/meta-learning-concept-drift/.venv/lib/python3.12/site-packages/pandas/_libs/tslibs/conversion.cpython-312-x86_64-linux-gnu.so
7e6a1dedc000-7e6a1dedd000 rw-p 00000000 00:00 0 
7e6a1dedd000-7e6a1dee1000 r--p 00000000 fc:00 35393420                   /home/henriqueramos_qs/meta-learning-concept-drift/.venv/lib/python3.12/site-packages/pandas/_libs/tslibs/np_datetime.cpython-312-x86_64-linux-gnu.so
7e6a1dee1000-7e6a1def6000 r-xp 00004000 fc:00 35393420                   /home/henriqueramos_qs/meta-learning-concept-drift/.venv/lib/python3.12/site-packages/pandas/_libs/tslibs/np_datetime.cpython-312-x86_64-linux-gnu.so
7e6a1def6000-7e6a1defb000 r--p 00019000 fc:00 35393420                   /home/henriqueramos_qs/meta-learning-concept-drift/.venv/lib/python3.12/site-packages/pandas/_libs/tslibs/np_datetime.cpython-312-x86_64-linux-gnu.so
7e6a1defb000-7e6a1defc000 ---p 0001e000 fc:00 35393420                   /home/henriqueramos_qs/meta-learning-concept-drift/.venv/lib/python3.12/site-packages/pandas/_libs/tslibs/np_datetime.cpython-312-x86_64-linux-gnu.so
7e6a1defc000-7e6a1defd000 r--p 0001e000 fc:00 35393420                   /home/henriqueramos_qs/meta-learning-concept-drift/.venv/lib/python3.12/site-packages/pandas/_libs/tslibs/np_datetime.cpython-312-x86_64-linux-gnu.so
7e6a1defd000-7e6a1defe000 rw-p 0001f000 fc:00 35393420                   /home/henriqueramos_qs/meta-learning-concept-drift/.venv/lib/python3.12/site-packages/pandas/_libs/tslibs/np_datetime.cpython-312-x86_64-linux-gnu.so
7e6a1defe000-7e6a1dfff000 rw-p 00000000 00:00 0 
7e6a1dfff000-7e6a1e000000 ---p 00000000 00:00 0 
7e6a1e000000-7e6a1e800000 rw-p 00000000 00:00 0 
7e6a1e800000-7e6a20800000 rw-p 00000000 00:00 0 
7e6a20801000-7e6a20803000 r--p 00000000 fc:00 35393379                   /home/henriqueramos_qs/meta-learning-concept-drift/.venv/lib/python3.12/site-packages/pandas/_libs/json.cpython-312-x86_64-linux-gnu.so
7e6a20803000-7e6a2080c000 r-xp 00002000 fc:00 35393379                   /home/henriqueramos_qs/meta-learning-concept-drift/.venv/lib/python3.12/site-packages/pandas/_libs/json.cpython-312-x86_64-linux-gnu.so
7e6a2080c000-7e6a20810000 r--p 0000b000 fc:00 35393379                   /home/henriqueramos_qs/meta-learning-concept-drift/.venv/lib/python3.12/site-packages/pandas/_libs/json.cpython-312-x86_64-linux-gnu.so
7e6a20810000-7e6a20811000 r--p 0000e000 fc:00 35393379                   /home/henriqueramos_qs/meta-learning-concept-drift/.venv/lib/python3.12/site-packages/pandas/_libs/json.cpython-312-x86_64-linux-gnu.so
7e6a20811000-7e6a20812000 rw-p 0000f000 fc:00 35393379                   /home/henriqueramos_qs/meta-learning-concept-drift/.venv/lib/python3.12/site-packages/pandas/_libs/json.cpython-312-x86_64-linux-gnu.so
7e6a20812000-7e6a2081a000 r--p 00000000 fc:00 34866633                   /home/henriqueramos_qs/meta-learning-concept-drift/.venv/lib/python3.12/site-packages/numpy/random/_generator.cpython-312-x86_64-linux-gnu.so
7e6a2081a000-7e6a208a0000 r-xp 00008000 fc:00 34866633                   /home/henriqueramos_qs/meta-learning-concept-drift/.venv/lib/python3.12/site-packages/numpy/random/_generator.cpython-312-x86_64-linux-gnu.so
7e6a208a0000-7e6a208f8000 r--p 0008e000 fc:00 34866633                   /home/henriqueramos_qs/meta-learning-concept-drift/.venv/lib/python3.12/site-packages/numpy/random/_generator.cpython-312-x86_64-linux-gnu.so
7e6a208f8000-7e6a208f9000 r--p 000e5000 fc:00 34866633                   /home/henriqueramos_qs/meta-learning-concept-drift/.venv/lib/python3.12/site-packages/numpy/random/_generator.cpython-312-x86_64-linux-gnu.so
7e6a208f9000-7e6a208fc000 rw-p 000e6000 fc:00 34866633                   /home/henriqueramos_qs/meta-learning-concept-drift/.venv/lib/python3.12/site-packages/numpy/random/_generator.cpython-312-x86_64-linux-gnu.so
7e6a208fc000-7e6a209fe000 rw-p 00000000 00:00 0 
7e6a209fe000-7e6a209ff000 ---p 00000000 00:00 0 
7e6a209ff000-7e6a211ff000 rw-p 00000000 00:00 0 
7e6a211ff000-7e6a21200000 ---p 00000000 00:00 0 
7e6a21200000-7e6a21a00000 rw-p 00000000 00:00 0 
7e6a21a00000-7e6a25a00000 rw-p 00000000 00:00 0 
7e6a25a00000-7e6a25a04000 r--p 00000000 fc:00 35393371                   /home/henriqueramos_qs/meta-learning-concept-drift/.venv/lib/python3.12/site-packages/pandas/_libs/indexing.cpython-312-x86_64-linux-gnu.so
7e6a25a04000-7e6a25a0c000 r-xp 00004000 fc:00 35393371                   /home/henriqueramos_qs/meta-learning-concept-drift/.venv/lib/python3.12/site-packages/pandas/_libs/indexing.cpython-312-x86_64-linux-gnu.so
7e6a25a0c000-7e6a25a0f000 r--p 0000c000 fc:00 35393371                   /home/henriqueramos_qs/meta-learning-concept-drift/.venv/lib/python3.12/site-packages/pandas/_libs/indexing.cpython-312-x86_64-linux-gnu.so
7e6a25a0f000-7e6a25a10000 r--p 0000e000 fc:00 35393371                   /home/henriqueramos_qs/meta-learning-concept-drift/.venv/lib/python3.12/site-packages/pandas/_libs/indexing.cpython-312-x86_64-linux-gnu.so
7e6a25a10000-7e6a25a11000 rw-p 0000f000 fc:00 35393371                   /home/henriqueramos_qs/meta-learning-concept-drift/.venv/lib/python3.12/site-packages/pandas/_libs/indexing.cpython-312-x86_64-linux-gnu.so
7e6a25a11000-7e6a25a18000 r--p 00000000 fc:00 35393414                   /home/henriqueramos_qs/meta-learning-concept-drift/.venv/lib/python3.12/site-packages/pandas/_libs/tslibs/dtypes.cpython-312-x86_64-linux-gnu.so
7e6a25a18000-7e6a25a37000 r-xp 00007000 fc:00 35393414                   /home/henriqueramos_qs/meta-learning-concept-drift/.venv/lib/python3.12/site-packages/pandas/_libs/tslibs/dtypes.cpython-312-x86_64-linux-gnu.so
7e6a25a37000-7e6a25a3d000 r--p 00026000 fc:00 35393414                   /home/henriqueramos_qs/meta-learning-concept-drift/.venv/lib/python3.12/site-packages/pandas/_libs/tslibs/dtypes.cpython-312-x86_64-linux-gnu.so
7e6a25a3d000-7e6a25a3e000 ---p 0002c000 fc:00 35393414                   /home/henriqueramos_qs/meta-learning-concept-drift/.venv/lib/python3.12/site-packages/pandas/_libs/tslibs/dtypes.cpython-312-x86_64-linux-gnu.so
7e6a25a3e000-7e6a25a40000 r--p 0002c000 fc:00 35393414                   /home/henriqueramos_qs/meta-learning-concept-drift/.venv/lib/python3.12/site-packages/pandas/_libs/tslibs/dtypes.cpython-312-x86_64-linux-gnu.so
7e6a25a40000-7e6a25a41000 rw-p 0002e000 fc:00 35393414                   /home/henriqueramos_qs/meta-learning-concept-drift/.venv/lib/python3.12/site-packages/pandas/_libs/tslibs/dtypes.cpython-312-x86_64-linux-gnu.so
7e6a25a41000-7e6a25a43000 rw-p 00000000 00:00 0 
7e6a25a43000-7e6a25a49000 r--p 00000000 fc:00 34866616                   /home/henriqueramos_qs/meta-learning-concept-drift/.venv/lib/python3.12/site-packages/numpy/random/mtrand.cpython-312-x86_64-linux-gnu.so
7e6a25a49000-7e6a25aa6000 r-xp 00006000 fc:00 34866616                   /home/henriqueramos_qs/meta-learning-concept-drift/.venv/lib/python3.12/site-packages/numpy/random/mtrand.cpython-312-x86_64-linux-gnu.so
7e6a25aa6000-7e6a25af9000 r--p 00063000 fc:00 34866616                   /home/henriqueramos_qs/meta-learning-concept-drift/.venv/lib/python3.12/site-packages/numpy/random/mtrand.cpython-312-x86_64-linux-gnu.so
7e6a25af9000-7e6a25afa000 r--p 000b5000 fc:00 34866616                   /home/henriqueramos_qs/meta-learning-concept-drift/.venv/lib/python3.12/site-packages/numpy/random/mtrand.cpython-312-x86_64-linux-gnu.so
7e6a25afa000-7e6a25afc000 rw-p 000b6000 fc:00 34866616                   /home/henriqueramos_qs/meta-learning-concept-drift/.venv/lib/python3.12/site-packages/numpy/random/mtrand.cpython-312-x86_64-linux-gnu.so
7e6a25afc000-7e6a25bfe000 rw-p 00000000 00:00 0 
7e6a25bfe000-7e6a25bff000 ---p 00000000 00:00 0 
7e6a25bff000-7e6a263ff000 rw-p 00000000 00:00 0 
7e6a263ff000-7e6a26400000 ---p 00000000 00:00 0 
7e6a26400000-7e6a26c00000 rw-p 00000000 00:00 0 
7e6a26c00000-7e6a28c00000 rw-p 00000000 00:00 0 
7e6a28c02000-7e6a28c06000 r--p 00000000 fc:00 35393387                   /home/henriqueramos_qs/meta-learning-concept-drift/.venv/lib/python3.12/site-packages/pandas/_libs/ops_dispatch.cpython-312-x86_64-linux-gnu.so
7e6a28c06000-7e6a28c0d000 r-xp 00004000 fc:00 35393387                   /home/henriqueramos_qs/meta-learning-concept-drift/.venv/lib/python3.12/site-packages/pandas/_libs/ops_dispatch.cpython-312-x86_64-linux-gnu.so
7e6a28c0d000-7e6a28c0f000 r--p 0000b000 fc:00 35393387                   /home/henriqueramos_qs/meta-learning-concept-drift/.venv/lib/python3.12/site-packages/pandas/_libs/ops_dispatch.cpython-312-x86_64-linux-gnu.so
7e6a28c0f000-7e6a28c10000 ---p 0000d000 fc:00 35393387                   /home/henriqueramos_qs/meta-learning-concept-drift/.venv/lib/python3.12/site-packages/pandas/_libs/ops_dispatch.cpython-312-x86_64-linux-gnu.so
7e6a28c10000-7e6a28c11000 r--p 0000d000 fc:00 35393387                   /home/henriqueramos_qs/meta-learning-concept-drift/.venv/lib/python3.12/site-packages/pandas/_libs/ops_dispatch.cpython-312-x86_64-linux-gnu.so
7e6a28c11000-7e6a28c12000 rw-p 0000e000 fc:00 35393387                   /home/henriqueramos_qs/meta-learning-concept-drift/.venv/lib/python3.12/site-packages/pandas/_libs/ops_dispatch.cpython-312-x86_64-linux-gnu.so
7e6a28c12000-7e6a28c18000 r--p 00000000 fc:00 35393383                   /home/henriqueramos_qs/meta-learning-concept-drift/.venv/lib/python3.12/site-packages/pandas/_libs/missing.cpython-312-x86_64-linux-gnu.so
7e6a28c18000-7e6a28c36000 r-xp 00006000 fc:00 35393383                   /home/henriqueramos_qs/meta-learning-concept-drift/.venv/lib/python3.12/site-packages/pandas/_libs/missing.cpython-312-x86_64-linux-gnu.so
7e6a28c36000-7e6a28c3e000 r--p 00024000 fc:00 35393383                   /home/henriqueramos_qs/meta-learning-concept-drift/.venv/lib/python3.12/site-packages/pandas/_libs/missing.cpython-312-x86_64-linux-gnu.so
7e6a28c3e000-7e6a28c40000 r--p 0002b000 fc:00 35393383                   /home/henriqueramos_qs/meta-learning-concept-drift/.venv/lib/python3.12/site-packages/pandas/_libs/missing.cpython-312-x86_64-linux-gnu.so
7e6a28c40000-7e6a28c42000 rw-p 0002d000 fc:00 35393383                   /home/henriqueramos_qs/meta-learning-concept-drift/.venv/lib/python3.12/site-packages/pandas/_libs/missing.cpython-312-x86_64-linux-gnu.so
7e6a28c42000-7e6a28c46000 r--p 00000000 fc:00 34866637                   /home/henriqueramos_qs/meta-learning-concept-drift/.venv/lib/python3.12/site-packages/numpy/random/_bounded_integers.cpython-312-x86_64-linux-gnu.so
7e6a28c46000-7e6a28c87000 r-xp 00004000 fc:00 34866637                   /home/henriqueramos_qs/meta-learning-concept-drift/.venv/lib/python3.12/site-packages/numpy/random/_bounded_integers.cpython-312-x86_64-linux-gnu.so
7e6a28c87000-7e6a28c90000 r--p 00045000 fc:00 34866637                   /home/henriqueramos_qs/meta-learning-concept-drift/.venv/lib/python3.12/site-packages/numpy/random/_bounded_integers.cpython-312-x86_64-linux-gnu.so
7e6a28c90000-7e6a28c91000 r--p 0004d000 fc:00 34866637                   /home/henriqueramos_qs/meta-learning-concept-drift/.venv/lib/python3.12/site-packages/numpy/random/_bounded_integers.cpython-312-x86_64-linux-gnu.so
7e6a28c91000-7e6a28c92000 rw-p 0004e000 fc:00 34866637                   /home/henriqueramos_qs/meta-learning-concept-drift/.venv/lib/python3.12/site-packages/numpy/random/_bounded_integers.cpython-312-x86_64-linux-gnu.so
7e6a28c92000-7e6a28ca1000 r--p 00000000 fc:00 34870549                   /home/henriqueramos_qs/meta-learning-concept-drift/.venv/lib/python3.12/site-packages/matplotlib/_image.cpython-312-x86_64-linux-gnu.so
7e6a28ca1000-7e6a28cec000 r-xp 0000f000 fc:00 34870549                   /home/henriqueramos_qs/meta-learning-concept-drift/.venv/lib/python3.12/site-packages/matplotlib/_image.cpython-312-x86_64-linux-gnu.so
7e6a28cec000-7e6a28cfc000 r--p 0005a000 fc:00 34870549                   /home/henriqueramos_qs/meta-learning-concept-drift/.venv/lib/python3.12/site-packages/matplotlib/_image.cpython-312-x86_64-linux-gnu.so
7e6a28cfc000-7e6a28cfd000 r--p 00069000 fc:00 34870549                   /home/henriqueramos_qs/meta-learning-concept-drift/.venv/lib/python3.12/site-packages/matplotlib/_image.cpython-312-x86_64-linux-gnu.so
7e6a28cfd000-7e6a28cfe000 rw-p 0006a000 fc:00 34870549                   /home/henriqueramos_qs/meta-learning-concept-drift/.venv/lib/python3.12/site-packages/matplotlib/_image.cpython-312-x86_64-linux-gnu.so
7e6a28cfe000-7e6a28dff000 rw-p 00000000 00:00 0 
7e6a28dff000-7e6a28e00000 ---p 00000000 00:00 0 
7e6a28e00000-7e6a29600000 rw-p 00000000 00:00 0 
7e6a29600000-7e6a2d600000 rw-p 00000000 00:00 0 
7e6a2d603000-7e6a2d606000 r--p 00000000 fc:00 35393409                   /home/henriqueramos_qs/meta-learning-concept-drift/.venv/lib/python3.12/site-packages/pandas/_libs/tslibs/base.cpython-312-x86_64-linux-gnu.so
7e6a2d606000-7e6a2d60d000 r-xp 00003000 fc:00 35393409                   /home/henriqueramos_qs/meta-learning-concept-drift/.venv/lib/python3.12/site-packages/pandas/_libs/tslibs/base.cpython-312-x86_64-linux-gnu.so
7e6a2d60d000-7e6a2d60f000 r--p 0000a000 fc:00 35393409                   /home/henriqueramos_qs/meta-learning-concept-drift/.venv/lib/python3.12/site-packages/pandas/_libs/tslibs/base.cpython-312-x86_64-linux-gnu.so
7e6a2d60f000-7e6a2d610000 ---p 0000c000 fc:00 35393409                   /home/henriqueramos_qs/meta-learning-concept-drift/.venv/lib/python3.12/site-packages/pandas/_libs/tslibs/base.cpython-312-x86_64-linux-gnu.so
7e6a2d610000-7e6a2d611000 r--p 0000c000 fc:00 35393409                   /home/henriqueramos_qs/meta-learning-concept-drift/.venv/lib/python3.12/site-packages/pandas/_libs/tslibs/base.cpython-312-x86_64-linux-gnu.so
7e6a2d611000-7e6a2d612000 rw-p 0000d000 fc:00 35393409                   /home/henriqueramos_qs/meta-learning-concept-drift/.venv/lib/python3.12/site-packages/pandas/_libs/tslibs/base.cpython-312-x86_64-linux-gnu.so
7e6a2d612000-7e6a2d616000 r--p 00000000 fc:00 35393410                   /home/henriqueramos_qs/meta-learning-concept-drift/.venv/lib/python3.12/site-packages/pandas/_libs/tslibs/ccalendar.cpython-312-x86_64-linux-gnu.so
7e6a2d616000-7e6a2d625000 r-xp 00004000 fc:00 35393410                   /home/henriqueramos_qs/meta-learning-concept-drift/.venv/lib/python3.12/site-packages/pandas/_libs/tslibs/ccalendar.cpython-312-x86_64-linux-gnu.so
7e6a2d625000-7e6a2d628000 r--p 00013000 fc:00 35393410                   /home/henriqueramos_qs/meta-learning-concept-drift/.venv/lib/python3.12/site-packages/pandas/_libs/tslibs/ccalendar.cpython-312-x86_64-linux-gnu.so
7e6a2d628000-7e6a2d629000 ---p 00016000 fc:00 35393410                   /home/henriqueramos_qs/meta-learning-concept-drift/.venv/lib/python3.12/site-packages/pandas/_libs/tslibs/ccalendar.cpython-312-x86_64-linux-gnu.so
7e6a2d629000-7e6a2d62a000 r--p 00016000 fc:00 35393410                   /home/henriqueramos_qs/meta-learning-concept-drift/.venv/lib/python3.12/site-packages/pandas/_libs/tslibs/ccalendar.cpython-312-x86_64-linux-gnu.so
7e6a2d62a000-7e6a2d62b000 rw-p 00017000 fc:00 35393410                   /home/henriqueramos_qs/meta-learning-concept-drift/.venv/lib/python3.12/site-packages/pandas/_libs/tslibs/ccalendar.cpython-312-x86_64-linux-gnu.so
7e6a2d62b000-7e6a2d63f000 r--p 00000000 fc:00 34870600                   /home/henriqueramos_qs/meta-learning-concept-drift/.venv/lib/python3.12/site-packages/matplotlib/ft2font.cpython-312-x86_64-linux-gnu.so
7e6a2d63f000-7e6a2d6ca000 r-xp 00014000 fc:00 34870600                   /home/henriqueramos_qs/meta-learning-concept-drift/.venv/lib/python3.12/site-packages/matplotlib/ft2font.cpython-312-x86_64-linux-gnu.so
7e6a2d6ca000-7e6a2d6f6000 r--p 0009f000 fc:00 34870600                   /home/henriqueramos_qs/meta-learning-concept-drift/.venv/lib/python3.12/site-packages/matplotlib/ft2font.cpython-312-x86_64-linux-gnu.so
7e6a2d6f6000-7e6a2d6fc000 r--p 000ca000 fc:00 34870600                   /home/henriqueramos_qs/meta-learning-concept-drift/.venv/lib/python3.12/site-packages/matplotlib/ft2font.cpython-312-x86_64-linux-gnu.so
7e6a2d6fc000-7e6a2d6fe000 rw-p 000d0000 fc:00 34870600                   /home/henriqueramos_qs/meta-learning-concept-drift/.venv/lib/python3.12/site-packages/matplotlib/ft2font.cpython-312-x86_64-linux-gnu.so
7e6a2d6fe000-7e6a2d7ff000 rw-p 00000000 00:00 0 
7e6a2d7ff000-7e6a2d800000 ---p 00000000 00:00 0 
7e6a2d800000-7e6a2e000000 rw-p 00000000 00:00 0 
7e6a2e000000-7e6a30000000 rw-p 00000000 00:00 0 
7e6a30000000-7e6a30029000 rw-p 00000000 00:00 0 
7e6a30029000-7e6a34000000 ---p 00000000 00:00 0 
7e6a34000000-7e6a34001000 r--p 00000000 fc:00 34868273                   /home/henriqueramos_qs/meta-learning-concept-drift/.venv/lib/python3.12/site-packages/scipy/optimize/_zeros.cpython-312-x86_64-linux-gnu.so
7e6a34001000-7e6a34003000 r-xp 00001000 fc:00 34868273                   /home/henriqueramos_qs/meta-learning-concept-drift/.venv/lib/python3.12/site-packages/scipy/optimize/_zeros.cpython-312-x86_64-linux-gnu.so
7e6a34003000-7e6a34004000 r--p 00003000 fc:00 34868273                   /home/henriqueramos_qs/meta-learning-concept-drift/.venv/lib/python3.12/site-packages/scipy/optimize/_zeros.cpython-312-x86_64-linux-gnu.so
7e6a34004000-7e6a34005000 r--p 00003000 fc:00 34868273                   /home/henriqueramos_qs/meta-learning-concept-drift/.venv/lib/python3.12/site-packages/scipy/optimize/_zeros.cpython-312-x86_64-linux-gnu.so
7e6a34005000-7e6a34006000 rw-p 00004000 fc:00 34868273                   /home/henriqueramos_qs/meta-learning-concept-drift/.venv/lib/python3.12/site-packages/scipy/optimize/_zeros.cpython-312-x86_64-linux-gnu.so
7e6a34006000-7e6a3400a000 r--p 00000000 fc:00 34866617                   /home/henriqueramos_qs/meta-learning-concept-drift/.venv/lib/python3.12/site-packages/numpy/random/_pcg64.cpython-312-x86_64-linux-gnu.so
7e6a3400a000-7e6a3401e000 r-xp 00004000 fc:00 34866617                   /home/henriqueramos_qs/meta-learning-concept-drift/.venv/lib/python3.12/site-packages/numpy/random/_pcg64.cpython-312-x86_64-linux-gnu.so
7e6a3401e000-7e6a34024000 r--p 00018000 fc:00 34866617                   /home/henriqueramos_qs/meta-learning-concept-drift/.venv/lib/python3.12/site-packages/numpy/random/_pcg64.cpython-312-x86_64-linux-gnu.so
7e6a34024000-7e6a34025000 r--p 0001d000 fc:00 34866617                   /home/henriqueramos_qs/meta-learning-concept-drift/.venv/lib/python3.12/site-packages/numpy/random/_pcg64.cpython-312-x86_64-linux-gnu.so
7e6a34025000-7e6a34026000 rw-p 0001e000 fc:00 34866617                   /home/henriqueramos_qs/meta-learning-concept-drift/.venv/lib/python3.12/site-packages/numpy/random/_pcg64.cpython-312-x86_64-linux-gnu.so
7e6a34026000-7e6a34027000 rw-p 00000000 00:00 0 
7e6a34027000-7e6a34029000 r--p 00000000 fc:00 35400255                   /home/henriqueramos_qs/meta-learning-concept-drift/.venv/lib/python3.12/site-packages/sklearn/neighbors/_partition_nodes.cpython-312-x86_64-linux-gnu.so
7e6a34029000-7e6a3402b000 r-xp 00002000 fc:00 35400255                   /home/henriqueramos_qs/meta-learning-concept-drift/.venv/lib/python3.12/site-packages/sklearn/neighbors/_partition_nodes.cpython-312-x86_64-linux-gnu.so
7e6a3402b000-7e6a3402c000 r--p 00004000 fc:00 35400255                   /home/henriqueramos_qs/meta-learning-concept-drift/.venv/lib/python3.12/site-packages/sklearn/neighbors/_partition_nodes.cpython-312-x86_64-linux-gnu.so
7e6a3402c000-7e6a3402d000 r--p 00004000 fc:00 35400255                   /home/henriqueramos_qs/meta-learning-concept-drift/.venv/lib/python3.12/site-packages/sklearn/neighbors/_partition_nodes.cpython-312-x86_64-linux-gnu.so
7e6a3402d000-7e6a3402e000 rw-p 00005000 fc:00 35400255                   /home/henriqueramos_qs/meta-learning-concept-drift/.venv/lib/python3.12/site-packages/sklearn/neighbors/_partition_nodes.cpython-312-x86_64-linux-gnu.so
7e6a3402e000-7e6a34030000 r--p 00000000 fc:00 35400457                   /home/henriqueramos_qs/meta-learning-concept-drift/.venv/lib/python3.12/site-packages/sklearn/utils/_sorting.cpython-312-x86_64-linux-gnu.so
7e6a34030000-7e6a34032000 r-xp 00002000 fc:00 35400457                   /home/henriqueramos_qs/meta-learning-concept-drift/.venv/lib/python3.12/site-packages/sklearn/utils/_sorting.cpython-312-x86_64-linux-gnu.so
7e6a34032000-7e6a34033000 r--p 00004000 fc:00 35400457                   /home/henriqueramos_qs/meta-learning-concept-drift/.venv/lib/python3.12/site-packages/sklearn/utils/_sorting.cpython-312-x86_64-linux-gnu.so
7e6a34033000-7e6a34034000 r--p 00004000 fc:00 35400457                   /home/henriqueramos_qs/meta-learning-concept-drift/.venv/lib/python3.12/site-packages/sklearn/utils/_sorting.cpython-312-x86_64-linux-gnu.so
7e6a34034000-7e6a34035000 rw-p 00005000 fc:00 35400457                   /home/henriqueramos_qs/meta-learning-concept-drift/.venv/lib/python3.12/site-packages/sklearn/utils/_sorting.cpython-312-x86_64-linux-gnu.so
7e6a34035000-7e6a34037000 r--p 00000000 fc:00 35400431                   /home/henriqueramos_qs/meta-learning-concept-drift/.venv/lib/python3.12/site-packages/sklearn/utils/_heap.cpython-312-x86_64-linux-gnu.so
7e6a34037000-7e6a34038000 r-xp 00002000 fc:00 35400431                   /home/henriqueramos_qs/meta-learning-concept-drift/.venv/lib/python3.12/site-packages/sklearn/utils/_heap.cpython-312-x86_64-linux-gnu.so
7e6a34038000-7e6a34039000 r--p 00003000 fc:00 35400431                   /home/henriqueramos_qs/meta-learning-concept-drift/.venv/lib/python3.12/site-packages/sklearn/utils/_heap.cpython-312-x86_64-linux-gnu.so
7e6a34039000-7e6a3403a000 r--p 00003000 fc:00 35400431                   /home/henriqueramos_qs/meta-learning-concept-drift/.venv/lib/python3.12/site-packages/sklearn/utils/_heap.cpython-312-x86_64-linux-gnu.so
7e6a3403a000-7e6a3403b000 rw-p 00004000 fc:00 35400431                   /home/henriqueramos_qs/meta-learning-concept-drift/.venv/lib/python3.12/site-packages/sklearn/utils/_heap.cpython-312-x86_64-linux-gnu.so
7e6a3403b000-7e6a34040000 r--p 00000000 fc:00 35400300                   /home/henriqueramos_qs/meta-learning-concept-drift/.venv/lib/python3.12/site-packages/sklearn/preprocessing/_target_encoder_fast.cpython-312-x86_64-linux-gnu.so
7e6a34040000-7e6a34087000 r-xp 00005000 fc:00 35400300                   /home/henriqueramos_qs/meta-learning-concept-drift/.venv/lib/python3.12/site-packages/sklearn/preprocessing/_target_encoder_fast.cpython-312-x86_64-linux-gnu.so
7e6a34087000-7e6a3408e000 r--p 0004c000 fc:00 35400300                   /home/henriqueramos_qs/meta-learning-concept-drift/.venv/lib/python3.12/site-packages/sklearn/preprocessing/_target_encoder_fast.cpython-312-x86_64-linux-gnu.so
7e6a3408e000-7e6a3408f000 ---p 00053000 fc:00 35400300                   /home/henriqueramos_qs/meta-learning-concept-drift/.venv/lib/python3.12/site-packages/sklearn/preprocessing/_target_encoder_fast.cpython-312-x86_64-linux-gnu.so
7e6a3408f000-7e6a34090000 r--p 00053000 fc:00 35400300                   /home/henriqueramos_qs/meta-learning-concept-drift/.venv/lib/python3.12/site-packages/sklearn/preprocessing/_target_encoder_fast.cpython-312-x86_64-linux-gnu.so
7e6a34090000-7e6a34092000 rw-p 00054000 fc:00 35400300                   /home/henriqueramos_qs/meta-learning-concept-drift/.venv/lib/python3.12/site-packages/sklearn/preprocessing/_target_encoder_fast.cpython-312-x86_64-linux-gnu.so
7e6a34092000-7e6a34097000 r--p 00000000 fc:00 35400291                   /home/henriqueramos_qs/meta-learning-concept-drift/.venv/lib/python3.12/site-packages/sklearn/preprocessing/_csr_polynomial_expansion.cpython-312-x86_64-linux-gnu.so
7e6a34097000-7e6a340da000 r-xp 00005000 fc:00 35400291                   /home/henriqueramos_qs/meta-learning-concept-drift/.venv/lib/python3.12/site-packages/sklearn/preprocessing/_csr_polynomial_expansion.cpython-312-x86_64-linux-gnu.so
7e6a340da000-7e6a340e1000 r--p 00048000 fc:00 35400291                   /home/henriqueramos_qs/meta-learning-concept-drift/.venv/lib/python3.12/site-packages/sklearn/preprocessing/_csr_polynomial_expansion.cpython-312-x86_64-linux-gnu.so
7e6a340e1000-7e6a340e2000 ---p 0004f000 fc:00 35400291                   /home/henriqueramos_qs/meta-learning-concept-drift/.venv/lib/python3.12/site-packages/sklearn/preprocessing/_csr_polynomial_expansion.cpython-312-x86_64-linux-gnu.so
7e6a340e2000-7e6a340e3000 r--p 0004f000 fc:00 35400291                   /home/henriqueramos_qs/meta-learning-concept-drift/.venv/lib/python3.12/site-packages/sklearn/preprocessing/_csr_polynomial_expansion.cpython-312-x86_64-linux-gnu.so
7e6a340e3000-7e6a340e5000 rw-p 00050000 fc:00 35400291                   /home/henriqueramos_qs/meta-learning-concept-drift/.venv/lib/python3.12/site-packages/sklearn/preprocessing/_csr_polynomial_expansion.cpython-312-x86_64-linux-gnu.so
7e6a340e5000-7e6a341e5000 rw-p 00000000 00:00 0 
7e6a341e5000-7e6a341e9000 r--p 00000000 fc:00 35400193                   /home/henriqueramos_qs/meta-learning-concept-drift/.venv/lib/python3.12/site-packages/sklearn/metrics/cluster/_expected_mutual_info_fast.cpython-312-x86_64-linux-gnu.so
7e6a341e9000-7e6a341f7000 r-xp 00004000 fc:00 35400193                   /home/henriqueramos_qs/meta-learning-concept-drift/.venv/lib/python3.12/site-packages/sklearn/metrics/cluster/_expected_mutual_info_fast.cpython-312-x86_64-linux-gnu.so
7e6a341f7000-7e6a341fb000 r--p 00012000 fc:00 35400193                   /home/henriqueramos_qs/meta-learning-concept-drift/.venv/lib/python3.12/site-packages/sklearn/metrics/cluster/_expected_mutual_info_fast.cpython-312-x86_64-linux-gnu.so
7e6a341fb000-7e6a341fc000 r--p 00015000 fc:00 35400193                   /home/henriqueramos_qs/meta-learning-concept-drift/.venv/lib/python3.12/site-packages/sklearn/metrics/cluster/_expected_mutual_info_fast.cpython-312-x86_64-linux-gnu.so
7e6a341fc000-7e6a341fd000 rw-p 00016000 fc:00 35400193                   /home/henriqueramos_qs/meta-learning-concept-drift/.venv/lib/python3.12/site-packages/sklearn/metrics/cluster/_expected_mutual_info_fast.cpython-312-x86_64-linux-gnu.so
7e6a341fd000-7e6a341fe000 ---p 00000000 00:00 0 
7e6a341fe000-7e6a349fe000 rw-p 00000000 00:00 0 
7e6a349fe000-7e6a349ff000 ---p 00000000 00:00 0 
7e6a349ff000-7e6a351ff000 rw-p 00000000 00:00 0 
7e6a351ff000-7e6a35200000 ---p 00000000 00:00 0 
7e6a35200000-7e6a35a00000 rw-p 00000000 00:00 0 
7e6a35a00000-7e6a35c76000 r-xp 00000000 fc:00 34867494                   /home/henriqueramos_qs/meta-learning-concept-drift/.venv/lib/python3.12/site-packages/numpy.libs/libgfortran-040039e1-0352e75f.so.5.0.0
7e6a35c76000-7e6a35e75000 ---p 00276000 fc:00 34867494                   /home/henriqueramos_qs/meta-learning-concept-drift/.venv/lib/python3.12/site-packages/numpy.libs/libgfortran-040039e1-0352e75f.so.5.0.0
7e6a35e75000-7e6a35e76000 r--p 00275000 fc:00 34867494                   /home/henriqueramos_qs/meta-learning-concept-drift/.venv/lib/python3.12/site-packages/numpy.libs/libgfortran-040039e1-0352e75f.so.5.0.0
7e6a35e76000-7e6a35e78000 rw-p 00276000 fc:00 34867494                   /home/henriqueramos_qs/meta-learning-concept-drift/.venv/lib/python3.12/site-packages/numpy.libs/libgfortran-040039e1-0352e75f.so.5.0.0
7e6a35e78000-7e6a35eb1000 rw-p 0027b000 fc:00 34867494                   /home/henriqueramos_qs/meta-learning-concept-drift/.venv/lib/python3.12/site-packages/numpy.libs/libgfortran-040039e1-0352e75f.so.5.0.0
7e6a35eb5000-7e6a35eb9000 r--p 00000000 fc:00 34866630                   /home/henriqueramos_qs/meta-learning-concept-drift/.venv/lib/python3.12/site-packages/numpy/random/_common.cpython-312-x86_64-linux-gnu.so
7e6a35eb9000-7e6a35eea000 r-xp 00004000 fc:00 34866630                   /home/henriqueramos_qs/meta-learning-concept-drift/.venv/lib/python3.12/site-packages/numpy/random/_common.cpython-312-x86_64-linux-gnu.so
7e6a35eea000-7e6a35eee000 r--p 00035000 fc:00 34866630                   /home/henriqueramos_qs/meta-learning-concept-drift/.venv/lib/python3.12/site-packages/numpy/random/_common.cpython-312-x86_64-linux-gnu.so
7e6a35eee000-7e6a35eef000 ---p 00039000 fc:00 34866630                   /home/henriqueramos_qs/meta-learning-concept-drift/.venv/lib/python3.12/site-packages/numpy/random/_common.cpython-312-x86_64-linux-gnu.so
7e6a35eef000-7e6a35ef0000 r--p 00039000 fc:00 34866630                   /home/henriqueramos_qs/meta-learning-concept-drift/.venv/lib/python3.12/site-packages/numpy/random/_common.cpython-312-x86_64-linux-gnu.so
7e6a35ef0000-7e6a35ef1000 rw-p 0003a000 fc:00 34866630                   /home/henriqueramos_qs/meta-learning-concept-drift/.venv/lib/python3.12/site-packages/numpy/random/_common.cpython-312-x86_64-linux-gnu.so
7e6a35ef1000-7e6a35ef2000 rw-p 00000000 00:00 0 
7e6a35ef2000-7e6a35ef6000 r--p 00000000 fc:00 35402602                   /home/henriqueramos_qs/meta-learning-concept-drift/.venv/lib/python3.12/site-packages/pillow.libs/liblzma-64b7ab39.so.5.8.1
7e6a35ef6000-7e6a35f23000 r-xp 00004000 fc:00 35402602                   /home/henriqueramos_qs/meta-learning-concept-drift/.venv/lib/python3.12/site-packages/pillow.libs/liblzma-64b7ab39.so.5.8.1
7e6a35f23000-7e6a35f30000 r--p 00031000 fc:00 35402602                   /home/henriqueramos_qs/meta-learning-concept-drift/.venv/lib/python3.12/site-packages/pillow.libs/liblzma-64b7ab39.so.5.8.1
7e6a35f30000-7e6a35f31000 r--p 0003e000 fc:00 35402602                   /home/henriqueramos_qs/meta-learning-concept-drift/.venv/lib/python3.12/site-packages/pillow.libs/liblzma-64b7ab39.so.5.8.1
7e6a35f31000-7e6a35f34000 rw-p 0003f000 fc:00 35402602                   /home/henriqueramos_qs/meta-learning-concept-drift/.venv/lib/python3.12/site-packages/pillow.libs/liblzma-64b7ab39.so.5.8.1
7e6a35f34000-7e6a35f3a000 r--p 00000000 fc:00 35402600                   /home/henriqueramos_qs/meta-learning-concept-drift/.venv/lib/python3.12/site-packages/pillow.libs/libjpeg-8a13c6e0.so.62.4.0
7e6a35f3a000-7e6a35fd1000 r-xp 00006000 fc:00 35402600                   /home/henriqueramos_qs/meta-learning-concept-drift/.venv/lib/python3.12/site-packages/pillow.libs/libjpeg-8a13c6e0.so.62.4.0
7e6a35fd1000-7e6a35ffa000 r--p 0009d000 fc:00 35402600                   /home/henriqueramos_qs/meta-learning-concept-drift/.venv/lib/python3.12/site-packages/pillow.libs/libjpeg-8a13c6e0.so.62.4.0
7e6a35ffa000-7e6a35ffb000 r--p 000c6000 fc:00 35402600                   /home/henriqueramos_qs/meta-learning-concept-drift/.venv/lib/python3.12/site-packages/pillow.libs/libjpeg-8a13c6e0.so.62.4.0
7e6a35ffb000-7e6a36000000 rw-p 000c7000 fc:00 35402600                   /home/henriqueramos_qs/meta-learning-concept-drift/.venv/lib/python3.12/site-packages/pillow.libs/libjpeg-8a13c6e0.so.62.4.0
7e6a36000000-7e6a360ae000 r--p 00000000 fc:00 34867495                   /home/henriqueramos_qs/meta-learning-concept-drift/.venv/lib/python3.12/site-packages/numpy.libs/libscipy_openblas64_-ff651d7f.so
7e6a360ae000-7e6a371d4000 r-xp 000ae000 fc:00 34867495                   /home/henriqueramos_qs/meta-learning-concept-drift/.venv/lib/python3.12/site-packages/numpy.libs/libscipy_openblas64_-ff651d7f.so
7e6a371d4000-7e6a37387000 r--p 011d4000 fc:00 34867495                   /home/henriqueramos_qs/meta-learning-concept-drift/.venv/lib/python3.12/site-packages/numpy.libs/libscipy_openblas64_-ff651d7f.so
7e6a37387000-7e6a3738d000 r--p 01386000 fc:00 34867495                   /home/henriqueramos_qs/meta-learning-concept-drift/.venv/lib/python3.12/site-packages/numpy.libs/libscipy_openblas64_-ff651d7f.so
7e6a3738d000-7e6a37399000 rw-p 0138c000 fc:00 34867495                   /home/henriqueramos_qs/meta-learning-concept-drift/.venv/lib/python3.12/site-packages/numpy.libs/libscipy_openblas64_-ff651d7f.so
7e6a37399000-7e6a373a0000 rw-p 00000000 00:00 0 
7e6a373a0000-7e6a374ad000 rw-p 01455000 fc:00 34867495                   /home/henriqueramos_qs/meta-learning-concept-drift/.venv/lib/python3.12/site-packages/numpy.libs/libscipy_openblas64_-ff651d7f.so
7e6a374ad000-7e6a374af000 r--p 00000000 08:05 8397342                    /usr/lib/python3.12/lib-dynload/_zoneinfo.cpython-312-x86_64-linux-gnu.so
7e6a374af000-7e6a374b7000 r-xp 00002000 08:05 8397342                    /usr/lib/python3.12/lib-dynload/_zoneinfo.cpython-312-x86_64-linux-gnu.so
7e6a374b7000-7e6a374b9000 r--p 0000a000 08:05 8397342                    /usr/lib/python3.12/lib-dynload/_zoneinfo.cpython-312-x86_64-linux-gnu.so
7e6a374b9000-7e6a374ba000 r--p 0000b000 08:05 8397342                    /usr/lib/python3.12/lib-dynload/_zoneinfo.cpython-312-x86_64-linux-gnu.so
7e6a374ba000-7e6a374bb000 rw-p 0000c000 08:05 8397342                    /usr/lib/python3.12/lib-dynload/_zoneinfo.cpython-312-x86_64-linux-gnu.so
7e6a374bb000-7e6a374c3000 r--p 00000000 fc:00 35402603                   /home/henriqueramos_qs/meta-learning-concept-drift/.venv/lib/python3.12/site-packages/pillow.libs/libopenjp2-56811f71.so.2.5.3
7e6a374c3000-7e6a37532000 r-xp 00008000 fc:00 35402603                   /home/henriqueramos_qs/meta-learning-concept-drift/.venv/lib/python3.12/site-packages/pillow.libs/libopenjp2-56811f71.so.2.5.3
7e6a37532000-7e6a37545000 r--p 00077000 fc:00 35402603                   /home/henriqueramos_qs/meta-learning-concept-drift/.venv/lib/python3.12/site-packages/pillow.libs/libopenjp2-56811f71.so.2.5.3
7e6a37545000-7e6a37546000 r--p 0008a000 fc:00 35402603                   /home/henriqueramos_qs/meta-learning-concept-drift/.venv/lib/python3.12/site-packages/pillow.libs/libopenjp2-56811f71.so.2.5.3
7e6a37546000-7e6a37547000 rw-p 0008b000 fc:00 35402603                   /home/henriqueramos_qs/meta-learning-concept-drift/.venv/lib/python3.12/site-packages/pillow.libs/libopenjp2-56811f71.so.2.5.3
7e6a37547000-7e6a3754a000 rw-p 0008d000 fc:00 35402603                   /home/henriqueramos_qs/meta-learning-concept-drift/.venv/lib/python3.12/site-packages/pillow.libs/libopenjp2-56811f71.so.2.5.3
7e6a3754a000-7e6a37552000 r--p 00000000 fc:00 35402606                   /home/henriqueramos_qs/meta-learning-concept-drift/.venv/lib/python3.12/site-packages/pillow.libs/libtiff-13a02c81.so.6.1.0
7e6a37552000-7e6a375c5000 r-xp 00008000 fc:00 35402606                   /home/henriqueramos_qs/meta-learning-concept-drift/.venv/lib/python3.12/site-packages/pillow.libs/libtiff-13a02c81.so.6.1.0
7e6a375c5000-7e6a375f7000 r--p 0007b000 fc:00 35402606                   /home/henriqueramos_qs/meta-learning-concept-drift/.venv/lib/python3.12/site-packages/pillow.libs/libtiff-13a02c81.so.6.1.0
7e6a375f7000-7e6a375fb000 r--p 000ad000 fc:00 35402606                   /home/henriqueramos_qs/meta-learning-concept-drift/.venv/lib/python3.12/site-packages/pillow.libs/libtiff-13a02c81.so.6.1.0
7e6a375fb000-7e6a375fc000 rw-p 000b1000 fc:00 35402606                   /home/henriqueramos_qs/meta-learning-concept-drift/.venv/lib/python3.12/site-packages/pillow.libs/libtiff-13a02c81.so.6.1.0
7e6a375fc000-7e6a37600000 rw-p 000b3000 fc:00 35402606                   /home/henriqueramos_qs/meta-learning-concept-drift/.venv/lib/python3.12/site-packages/pillow.libs/libtiff-13a02c81.so.6.1.0
7e6a37600000-7e6a37628000 r--p 00000000 fc:00 34867266                   /home/henriqueramos_qs/meta-learning-concept-drift/.venv/lib/python3.12/site-packages/numpy/_core/_multiarray_umath.cpython-312-x86_64-linux-gnu.so
7e6a37628000-7e6a37dcf000 r-xp 00028000 fc:00 34867266                   /home/henriqueramos_qs/meta-learning-concept-drift/.venv/lib/python3.12/site-packages/numpy/_core/_multiarray_umath.cpython-312-x86_64-linux-gnu.so
7e6a37dcf000-7e6a37f5e000 r--p 007cf000 fc:00 34867266                   /home/henriqueramos_qs/meta-learning-concept-drift/.venv/lib/python3.12/site-packages/numpy/_core/_multiarray_umath.cpython-312-x86_64-linux-gnu.so
7e6a37f5e000-7e6a37f61000 r--p 0095d000 fc:00 34867266                   /home/henriqueramos_qs/meta-learning-concept-drift/.venv/lib/python3.12/site-packages/numpy/_core/_multiarray_umath.cpython-312-x86_64-linux-gnu.so
7e6a37f61000-7e6a37f83000 rw-p 00960000 fc:00 34867266                   /home/henriqueramos_qs/meta-learning-concept-drift/.venv/lib/python3.12/site-packages/numpy/_core/_multiarray_umath.cpython-312-x86_64-linux-gnu.so
7e6a37f83000-7e6a37f9b000 rw-p 00000000 00:00 0 
7e6a37f9b000-7e6a37fa5000 rw-p 009f8000 fc:00 34867266                   /home/henriqueramos_qs/meta-learning-concept-drift/.venv/lib/python3.12/site-packages/numpy/_core/_multiarray_umath.cpython-312-x86_64-linux-gnu.so
7e6a37fa6000-7e6a37fa7000 r--p 00000000 08:05 8397329                    /usr/lib/python3.12/lib-dynload/_posixshmem.cpython-312-x86_64-linux-gnu.so
7e6a37fa7000-7e6a37fa8000 r-xp 00001000 08:05 8397329                    /usr/lib/python3.12/lib-dynload/_posixshmem.cpython-312-x86_64-linux-gnu.so
7e6a37fa8000-7e6a37fa9000 r--p 00002000 08:05 8397329                    /usr/lib/python3.12/lib-dynload/_posixshmem.cpython-312-x86_64-linux-gnu.so
7e6a37fa9000-7e6a37faa000 r--p 00002000 08:05 8397329                    /usr/lib/python3.12/lib-dynload/_posixshmem.cpython-312-x86_64-linux-gnu.so
7e6a37faa000-7e6a37fab000 rw-p 00003000 08:05 8397329                    /usr/lib/python3.12/lib-dynload/_posixshmem.cpython-312-x86_64-linux-gnu.so
7e6a37fab000-7e6a37fad000 r--p 00000000 fc:00 35393389                   /home/henriqueramos_qs/meta-learning-concept-drift/.venv/lib/python3.12/site-packages/pandas/_libs/pandas_datetime.cpython-312-x86_64-linux-gnu.so
7e6a37fad000-7e6a37fb2000 r-xp 00002000 fc:00 35393389                   /home/henriqueramos_qs/meta-learning-concept-drift/.venv/lib/python3.12/site-packages/pandas/_libs/pandas_datetime.cpython-312-x86_64-linux-gnu.so
7e6a37fb2000-7e6a37fb4000 r--p 00007000 fc:00 35393389                   /home/henriqueramos_qs/meta-learning-concept-drift/.venv/lib/python3.12/site-packages/pandas/_libs/pandas_datetime.cpython-312-x86_64-linux-gnu.so
7e6a37fb4000-7e6a37fb5000 r--p 00008000 fc:00 35393389                   /home/henriqueramos_qs/meta-learning-concept-drift/.venv/lib/python3.12/site-packages/pandas/_libs/pandas_datetime.cpython-312-x86_64-linux-gnu.so
7e6a37fb5000-7e6a37fb6000 rw-p 00009000 fc:00 35393389                   /home/henriqueramos_qs/meta-learning-concept-drift/.venv/lib/python3.12/site-packages/pandas/_libs/pandas_datetime.cpython-312-x86_64-linux-gnu.so
7e6a37fb6000-7e6a37fb8000 r--p 00000000 fc:00 35393390                   /home/henriqueramos_qs/meta-learning-concept-drift/.venv/lib/python3.12/site-packages/pandas/_libs/pandas_parser.cpython-312-x86_64-linux-gnu.so
7e6a37fb8000-7e6a37fbe000 r-xp 00002000 fc:00 35393390                   /home/henriqueramos_qs/meta-learning-concept-drift/.venv/lib/python3.12/site-packages/pandas/_libs/pandas_parser.cpython-312-x86_64-linux-gnu.so
7e6a37fbe000-7e6a37fc0000 r--p 00008000 fc:00 35393390                   /home/henriqueramos_qs/meta-learning-concept-drift/.venv/lib/python3.12/site-packages/pandas/_libs/pandas_parser.cpython-312-x86_64-linux-gnu.so
7e6a37fc0000-7e6a37fc1000 r--p 00009000 fc:00 35393390                   /home/henriqueramos_qs/meta-learning-concept-drift/.venv/lib/python3.12/site-packages/pandas/_libs/pandas_parser.cpython-312-x86_64-linux-gnu.so
7e6a37fc1000-7e6a37fc2000 rw-p 0000a000 fc:00 35393390                   /home/henriqueramos_qs/meta-learning-concept-drift/.venv/lib/python3.12/site-packages/pandas/_libs/pandas_parser.cpython-312-x86_64-linux-gnu.so
7e6a37fc2000-7e6a37fce000 r--p 00000000 fc:00 35402610                   /home/henriqueramos_qs/meta-learning-concept-drift/.venv/lib/python3.12/site-packages/pillow.libs/libxcb-64009ff3.so.1.1.0
7e6a37fce000-7e6a37fe9000 r-xp 0000c000 fc:00 35402610                   /home/henriqueramos_qs/meta-learning-concept-drift/.venv/lib/python3.12/site-packages/pillow.libs/libxcb-64009ff3.so.1.1.0
7e6a37fe9000-7e6a37ff3000 r--p 00027000 fc:00 35402610                   /home/henriqueramos_qs/meta-learning-concept-drift/.venv/lib/python3.12/site-packages/pillow.libs/libxcb-64009ff3.so.1.1.0
7e6a37ff3000-7e6a37ff4000 r--p 00030000 fc:00 35402610                   /home/henriqueramos_qs/meta-learning-concept-drift/.venv/lib/python3.12/site-packages/pillow.libs/libxcb-64009ff3.so.1.1.0
7e6a37ff4000-7e6a37ff5000 rw-p 00031000 fc:00 35402610                   /home/henriqueramos_qs/meta-learning-concept-drift/.venv/lib/python3.12/site-packages/pillow.libs/libxcb-64009ff3.so.1.1.0
7e6a37ff5000-7e6a38000000 rw-p 00033000 fc:00 35402610                   /home/henriqueramos_qs/meta-learning-concept-drift/.venv/lib/python3.12/site-packages/pillow.libs/libxcb-64009ff3.so.1.1.0
7e6a38000000-7e6a38021000 rw-p 00000000 00:00 0 
7e6a38021000-7e6a3c000000 ---p 00000000 00:00 0 
7e6a3c000000-7e6a3c021000 rw-p 00000000 00:00 0 
7e6a3c021000-7e6a40000000 ---p 00000000 00:00 0 
7e6a40000000-7e6a40021000 rw-p 00000000 00:00 0 
7e6a40021000-7e6a44000000 ---p 00000000 00:00 0 
7e6a44000000-7e6a44021000 rw-p 00000000 00:00 0 
7e6a44021000-7e6a48000000 ---p 00000000 00:00 0 
7e6a48000000-7e6a48021000 rw-p 00000000 00:00 0 
7e6a48021000-7e6a4c000000 ---p 00000000 00:00 0 
7e6a4c000000-7e6a4c021000 rw-p 00000000 00:00 0 
7e6a4c021000-7e6a50000000 ---p 00000000 00:00 0 
7e6a50000000-7e6a50200000 rw-p 00000000 00:00 0 
7e6a50200000-7e6a5023b000 r-xp 00000000 fc:00 34867493                   /home/henriqueramos_qs/meta-learning-concept-drift/.venv/lib/python3.12/site-packages/numpy.libs/libquadmath-96973f99-934c22de.so.0.0.0
7e6a5023b000-7e6a5043a000 ---p 0003b000 fc:00 34867493                   /home/henriqueramos_qs/meta-learning-concept-drift/.venv/lib/python3.12/site-packages/numpy.libs/libquadmath-96973f99-934c22de.so.0.0.0
7e6a5043a000-7e6a5043b000 r--p 0003a000 fc:00 34867493                   /home/henriqueramos_qs/meta-learning-concept-drift/.venv/lib/python3.12/site-packages/numpy.libs/libquadmath-96973f99-934c22de.so.0.0.0
7e6a5043b000-7e6a5043e000 rw-p 0003b000 fc:00 34867493                   /home/henriqueramos_qs/meta-learning-concept-drift/.venv/lib/python3.12/site-packages/numpy.libs/libquadmath-96973f99-934c22de.so.0.0.0
7e6a5043e000-7e6a50452000 r--p 00000000 fc:00 35402572                   /home/henriqueramos_qs/meta-learning-concept-drift/.venv/lib/python3.12/site-packages/PIL/_imaging.cpython-312-x86_64-linux-gnu.so
7e6a50452000-7e6a504d9000 r-xp 00014000 fc:00 35402572                   /home/henriqueramos_qs/meta-learning-concept-drift/.venv/lib/python3.12/site-packages/PIL/_imaging.cpython-312-x86_64-linux-gnu.so
7e6a504d9000-7e6a504ea000 r--p 0009b000 fc:00 35402572                   /home/henriqueramos_qs/meta-learning-concept-drift/.venv/lib/python3.12/site-packages/PIL/_imaging.cpython-312-x86_64-linux-gnu.so
7e6a504ea000-7e6a504ee000 r--p 000ac000 fc:00 35402572                   /home/henriqueramos_qs/meta-learning-concept-drift/.venv/lib/python3.12/site-packages/PIL/_imaging.cpython-312-x86_64-linux-gnu.so
7e6a504ee000-7e6a504f2000 rw-p 000b0000 fc:00 35402572                   /home/henriqueramos_qs/meta-learning-concept-drift/.venv/lib/python3.12/site-packages/PIL/_imaging.cpython-312-x86_64-linux-gnu.so
7e6a504f2000-7e6a504f9000 rw-p 00333000 fc:00 35402572                   /home/henriqueramos_qs/meta-learning-concept-drift/.venv/lib/python3.12/site-packages/PIL/_imaging.cpython-312-x86_64-linux-gnu.so
7e6a504f9000-7e6a506f9000 rw-p 00000000 00:00 0 
7e6a506f9000-7e6a506fa000 ---p 00000000 00:00 0 
7e6a506fa000-7e6a50efa000 rw-p 00000000 00:00 0 
7e6a50efa000-7e6a50ffa000 rw-p 00000000 00:00 0 
7e6a50ffa000-7e6a50ffb000 ---p 00000000 00:00 0 
7e6a50ffb000-7e6a517fb000 rw-p 00000000 00:00 0 
7e6a517fb000-7e6a517fc000 ---p 00000000 00:00 0 
7e6a517fc000-7e6a51ffc000 rw-p 00000000 00:00 0 
7e6a51ffc000-7e6a51ffd000 ---p 00000000 00:00 0 
7e6a51ffd000-7e6a527fd000 rw-p 00000000 00:00 0 
7e6a527fd000-7e6a527fe000 ---p 00000000 00:00 0 
7e6a527fe000-7e6a52ffe000 rw-p 00000000 00:00 0 
7e6a52ffe000-7e6a52fff000 ---p 00000000 00:00 0 
7e6a52fff000-7e6a537ff000 rw-p 00000000 00:00 0 
7e6a537ff000-7e6a53800000 ---p 00000000 00:00 0 
7e6a53800000-7e6a54000000 rw-p 00000000 00:00 0 
7e6a54000000-7e6a54063000 rw-p 00000000 00:00 0 
7e6a54063000-7e6a58000000 ---p 00000000 00:00 0 
7e6a58000000-7e6a58002000 r--p 00000000 08:05 8397344                    /usr/lib/python3.12/lib-dynload/mmap.cpython-312-x86_64-linux-gnu.so
7e6a58002000-7e6a58005000 r-xp 00002000 08:05 8397344                    /usr/lib/python3.12/lib-dynload/mmap.cpython-312-x86_64-linux-gnu.so
7e6a58005000-7e6a58007000 r--p 00005000 08:05 8397344                    /usr/lib/python3.12/lib-dynload/mmap.cpython-312-x86_64-linux-gnu.so
7e6a58007000-7e6a58008000 r--p 00006000 08:05 8397344                    /usr/lib/python3.12/lib-dynload/mmap.cpython-312-x86_64-linux-gnu.so
7e6a58008000-7e6a58009000 rw-p 00007000 08:05 8397344                    /usr/lib/python3.12/lib-dynload/mmap.cpython-312-x86_64-linux-gnu.so
7e6a58009000-7e6a58109000 rw-p 00000000 00:00 0 
7e6a5810a000-7e6a5810b000 r--p 00000000 fc:00 34867979                   /home/henriqueramos_qs/meta-learning-concept-drift/.venv/lib/python3.12/site-packages/charset_normalizer/md.cpython-312-x86_64-linux-gnu.so
7e6a5810b000-7e6a5810c000 r-xp 00001000 fc:00 34867979                   /home/henriqueramos_qs/meta-learning-concept-drift/.venv/lib/python3.12/site-packages/charset_normalizer/md.cpython-312-x86_64-linux-gnu.so
7e6a5810c000-7e6a5810d000 r--p 00002000 fc:00 34867979                   /home/henriqueramos_qs/meta-learning-concept-drift/.venv/lib/python3.12/site-packages/charset_normalizer/md.cpython-312-x86_64-linux-gnu.so
7e6a5810d000-7e6a5810e000 r--p 00002000 fc:00 34867979                   /home/henriqueramos_qs/meta-learning-concept-drift/.venv/lib/python3.12/site-packages/charset_normalizer/md.cpython-312-x86_64-linux-gnu.so
7e6a5810e000-7e6a5810f000 rw-p 00003000 fc:00 34867979                   /home/henriqueramos_qs/meta-learning-concept-drift/.venv/lib/python3.12/site-packages/charset_normalizer/md.cpython-312-x86_64-linux-gnu.so
7e6a5810f000-7e6a58112000 r--p 00000000 fc:00 34866631                   /home/henriqueramos_qs/meta-learning-concept-drift/.venv/lib/python3.12/site-packages/numpy/random/_sfc64.cpython-312-x86_64-linux-gnu.so
7e6a58112000-7e6a5811d000 r-xp 00003000 fc:00 34866631                   /home/henriqueramos_qs/meta-learning-concept-drift/.venv/lib/python3.12/site-packages/numpy/random/_sfc64.cpython-312-x86_64-linux-gnu.so
7e6a5811d000-7e6a58120000 r--p 0000e000 fc:00 34866631                   /home/henriqueramos_qs/meta-learning-concept-drift/.venv/lib/python3.12/site-packages/numpy/random/_sfc64.cpython-312-x86_64-linux-gnu.so
7e6a58120000-7e6a58121000 ---p 00011000 fc:00 34866631                   /home/henriqueramos_qs/meta-learning-concept-drift/.venv/lib/python3.12/site-packages/numpy/random/_sfc64.cpython-312-x86_64-linux-gnu.so
7e6a58121000-7e6a58122000 r--p 00011000 fc:00 34866631                   /home/henriqueramos_qs/meta-learning-concept-drift/.venv/lib/python3.12/site-packages/numpy/random/_sfc64.cpython-312-x86_64-linux-gnu.so
7e6a58122000-7e6a58123000 rw-p 00012000 fc:00 34866631                   /home/henriqueramos_qs/meta-learning-concept-drift/.venv/lib/python3.12/site-packages/numpy/random/_sfc64.cpython-312-x86_64-linux-gnu.so
7e6a58123000-7e6a58127000 r--p 00000000 fc:00 34866626                   /home/henriqueramos_qs/meta-learning-concept-drift/.venv/lib/python3.12/site-packages/numpy/random/_philox.cpython-312-x86_64-linux-gnu.so
7e6a58127000-7e6a58138000 r-xp 00004000 fc:00 34866626                   /home/henriqueramos_qs/meta-learning-concept-drift/.venv/lib/python3.12/site-packages/numpy/random/_philox.cpython-312-x86_64-linux-gnu.so
7e6a58138000-7e6a5813d000 r--p 00015000 fc:00 34866626                   /home/henriqueramos_qs/meta-learning-concept-drift/.venv/lib/python3.12/site-packages/numpy/random/_philox.cpython-312-x86_64-linux-gnu.so
7e6a5813d000-7e6a5813e000 r--p 00019000 fc:00 34866626                   /home/henriqueramos_qs/meta-learning-concept-drift/.venv/lib/python3.12/site-packages/numpy/random/_philox.cpython-312-x86_64-linux-gnu.so
7e6a5813e000-7e6a5813f000 rw-p 0001a000 fc:00 34866626                   /home/henriqueramos_qs/meta-learning-concept-drift/.venv/lib/python3.12/site-packages/numpy/random/_philox.cpython-312-x86_64-linux-gnu.so
7e6a5813f000-7e6a58140000 rw-p 00000000 00:00 0 
7e6a58140000-7e6a5814d000 r--p 00000000 fc:00 34870579                   /home/henriqueramos_qs/meta-learning-concept-drift/.venv/lib/python3.12/site-packages/matplotlib/_c_internal_utils.cpython-312-x86_64-linux-gnu.so
7e6a5814d000-7e6a58164000 r-xp 0000d000 fc:00 34870579                   /home/henriqueramos_qs/meta-learning-concept-drift/.venv/lib/python3.12/site-packages/matplotlib/_c_internal_utils.cpython-312-x86_64-linux-gnu.so
7e6a58164000-7e6a5816c000 r--p 00024000 fc:00 34870579                   /home/henriqueramos_qs/meta-learning-concept-drift/.venv/lib/python3.12/site-packages/matplotlib/_c_internal_utils.cpython-312-x86_64-linux-gnu.so
7e6a5816c000-7e6a5816d000 ---p 0002c000 fc:00 34870579                   /home/henriqueramos_qs/meta-learning-concept-drift/.venv/lib/python3.12/site-packages/matplotlib/_c_internal_utils.cpython-312-x86_64-linux-gnu.so
7e6a5816d000-7e6a5816e000 r--p 0002c000 fc:00 34870579                   /home/henriqueramos_qs/meta-learning-concept-drift/.venv/lib/python3.12/site-packages/matplotlib/_c_internal_utils.cpython-312-x86_64-linux-gnu.so
7e6a5816e000-7e6a5816f000 rw-p 0002d000 fc:00 34870579                   /home/henriqueramos_qs/meta-learning-concept-drift/.venv/lib/python3.12/site-packages/matplotlib/_c_internal_utils.cpython-312-x86_64-linux-gnu.so
7e6a5816f000-7e6a58173000 r--p 00000000 fc:00 34867015                   /home/henriqueramos_qs/meta-learning-concept-drift/.venv/lib/python3.12/site-packages/numpy/linalg/_umath_linalg.cpython-312-x86_64-linux-gnu.so
7e6a58173000-7e6a58197000 r-xp 00004000 fc:00 34867015                   /home/henriqueramos_qs/meta-learning-concept-drift/.venv/lib/python3.12/site-packages/numpy/linalg/_umath_linalg.cpython-312-x86_64-linux-gnu.so
7e6a58197000-7e6a5819c000 r--p 00028000 fc:00 34867015                   /home/henriqueramos_qs/meta-learning-concept-drift/.venv/lib/python3.12/site-packages/numpy/linalg/_umath_linalg.cpython-312-x86_64-linux-gnu.so
7e6a5819c000-7e6a5819d000 ---p 0002d000 fc:00 34867015                   /home/henriqueramos_qs/meta-learning-concept-drift/.venv/lib/python3.12/site-packages/numpy/linalg/_umath_linalg.cpython-312-x86_64-linux-gnu.so
7e6a5819d000-7e6a5819e000 r--p 0002d000 fc:00 34867015                   /home/henriqueramos_qs/meta-learning-concept-drift/.venv/lib/python3.12/site-packages/numpy/linalg/_umath_linalg.cpython-312-x86_64-linux-gnu.so
7e6a5819e000-7e6a5819f000 rw-p 0002e000 fc:00 34867015                   /home/henriqueramos_qs/meta-learning-concept-drift/.venv/lib/python3.12/site-packages/numpy/linalg/_umath_linalg.cpython-312-x86_64-linux-gnu.so
7e6a5819f000-7e6a581a2000 rw-p 00035000 fc:00 34867015                   /home/henriqueramos_qs/meta-learning-concept-drift/.venv/lib/python3.12/site-packages/numpy/linalg/_umath_linalg.cpython-312-x86_64-linux-gnu.so
7e6a581a2000-7e6a582a2000 rw-p 00000000 00:00 0 
7e6a582a2000-7e6a582a7000 r--p 00000000 fc:00 34897502                   /home/henriqueramos_qs/meta-learning-concept-drift/.venv/lib/python3.12/site-packages/debugpy/_vendored/pydevd/_pydevd_sys_monitoring/_pydevd_sys_monitoring_cython.cpython-312-x86_64-linux-gnu.so
7e6a582a7000-7e6a58311000 r-xp 00005000 fc:00 34897502                   /home/henriqueramos_qs/meta-learning-concept-drift/.venv/lib/python3.12/site-packages/debugpy/_vendored/pydevd/_pydevd_sys_monitoring/_pydevd_sys_monitoring_cython.cpython-312-x86_64-linux-gnu.so
7e6a58311000-7e6a5831a000 r--p 0006f000 fc:00 34897502                   /home/henriqueramos_qs/meta-learning-concept-drift/.venv/lib/python3.12/site-packages/debugpy/_vendored/pydevd/_pydevd_sys_monitoring/_pydevd_sys_monitoring_cython.cpython-312-x86_64-linux-gnu.so
7e6a5831a000-7e6a5831b000 r--p 00077000 fc:00 34897502                   /home/henriqueramos_qs/meta-learning-concept-drift/.venv/lib/python3.12/site-packages/debugpy/_vendored/pydevd/_pydevd_sys_monitoring/_pydevd_sys_monitoring_cython.cpython-312-x86_64-linux-gnu.so
7e6a5831b000-7e6a5831d000 rw-p 00078000 fc:00 34897502                   /home/henriqueramos_qs/meta-learning-concept-drift/.venv/lib/python3.12/site-packages/debugpy/_vendored/pydevd/_pydevd_sys_monitoring/_pydevd_sys_monitoring_cython.cpython-312-x86_64-linux-gnu.so
7e6a5831d000-7e6a5831e000 rw-p 00000000 00:00 0 
7e6a5831e000-7e6a58324000 r--p 00000000 fc:00 34897336                   /home/henriqueramos_qs/meta-learning-concept-drift/.venv/lib/python3.12/site-packages/debugpy/_vendored/pydevd/_pydevd_bundle/pydevd_cython.cpython-312-x86_64-linux-gnu.so
7e6a58324000-7e6a583ac000 r-xp 00006000 fc:00 34897336                   /home/henriqueramos_qs/meta-learning-concept-drift/.venv/lib/python3.12/site-packages/debugpy/_vendored/pydevd/_pydevd_bundle/pydevd_cython.cpython-312-x86_64-linux-gnu.so
7e6a583ac000-7e6a583b8000 r--p 0008e000 fc:00 34897336                   /home/henriqueramos_qs/meta-learning-concept-drift/.venv/lib/python3.12/site-packages/debugpy/_vendored/pydevd/_pydevd_bundle/pydevd_cython.cpython-312-x86_64-linux-gnu.so
7e6a583b8000-7e6a583b9000 r--p 00099000 fc:00 34897336                   /home/henriqueramos_qs/meta-learning-concept-drift/.venv/lib/python3.12/site-packages/debugpy/_vendored/pydevd/_pydevd_bundle/pydevd_cython.cpython-312-x86_64-linux-gnu.so
7e6a583b9000-7e6a583bc000 rw-p 0009a000 fc:00 34897336                   /home/henriqueramos_qs/meta-learning-concept-drift/.venv/lib/python3.12/site-packages/debugpy/_vendored/pydevd/_pydevd_bundle/pydevd_cython.cpython-312-x86_64-linux-gnu.so
7e6a583bc000-7e6a585bd000 rw-p 00000000 00:00 0 
7e6a585bd000-7e6a585be000 ---p 00000000 00:00 0 
7e6a585be000-7e6a58dbe000 rw-p 00000000 00:00 0 
7e6a58dbe000-7e6a58dbf000 ---p 00000000 00:00 0 
7e6a58dbf000-7e6a595bf000 rw-p 00000000 00:00 0 
7e6a595bf000-7e6a595c0000 ---p 00000000 00:00 0 
7e6a595c0000-7e6a59dc0000 rw-p 00000000 00:00 0 
7e6a59dc0000-7e6a5a7c0000 rw-p 00000000 00:00 0 
7e6a5a7c0000-7e6a5a7e0000 r--p 00000000 08:05 8388653                    /usr/lib/x86_64-linux-gnu/libsqlite3.so.0.8.6
7e6a5a7e0000-7e6a5a8eb000 r-xp 00020000 08:05 8388653                    /usr/lib/x86_64-linux-gnu/libsqlite3.so.0.8.6
7e6a5a8eb000-7e6a5a91f000 r--p 0012b000 08:05 8388653                    /usr/lib/x86_64-linux-gnu/libsqlite3.so.0.8.6
7e6a5a91f000-7e6a5a923000 r--p 0015e000 08:05 8388653                    /usr/lib/x86_64-linux-gnu/libsqlite3.so.0.8.6
7e6a5a923000-7e6a5a927000 rw-p 00162000 08:05 8388653                    /usr/lib/x86_64-linux-gnu/libsqlite3.so.0.8.6
7e6a5a927000-7e6a5aa2c000 rw-p 00000000 00:00 0 
7e6a5aa2c000-7e6a5aa30000 r--p 00000000 fc:00 34866627                   /home/henriqueramos_qs/meta-learning-concept-drift/.venv/lib/python3.12/site-packages/numpy/random/_mt19937.cpython-312-x86_64-linux-gnu.so
7e6a5aa30000-7e6a5aa44000 r-xp 00004000 fc:00 34866627                   /home/henriqueramos_qs/meta-learning-concept-drift/.venv/lib/python3.12/site-packages/numpy/random/_mt19937.cpython-312-x86_64-linux-gnu.so
7e6a5aa44000-7e6a5aa4a000 r--p 00018000 fc:00 34866627                   /home/henriqueramos_qs/meta-learning-concept-drift/.venv/lib/python3.12/site-packages/numpy/random/_mt19937.cpython-312-x86_64-linux-gnu.so
7e6a5aa4a000-7e6a5aa4b000 r--p 0001d000 fc:00 34866627                   /home/henriqueramos_qs/meta-learning-concept-drift/.venv/lib/python3.12/site-packages/numpy/random/_mt19937.cpython-312-x86_64-linux-gnu.so
7e6a5aa4b000-7e6a5aa4c000 rw-p 0001e000 fc:00 34866627                   /home/henriqueramos_qs/meta-learning-concept-drift/.venv/lib/python3.12/site-packages/numpy/random/_mt19937.cpython-312-x86_64-linux-gnu.so
7e6a5aa4c000-7e6a5aa4d000 rw-p 00000000 00:00 0 
7e6a5aa4d000-7e6a5aa52000 r--p 00000000 fc:00 34866622                   /home/henriqueramos_qs/meta-learning-concept-drift/.venv/lib/python3.12/site-packages/numpy/random/bit_generator.cpython-312-x86_64-linux-gnu.so
7e6a5aa52000-7e6a5aa75000 r-xp 00005000 fc:00 34866622                   /home/henriqueramos_qs/meta-learning-concept-drift/.venv/lib/python3.12/site-packages/numpy/random/bit_generator.cpython-312-x86_64-linux-gnu.so
7e6a5aa75000-7e6a5aa7f000 r--p 00028000 fc:00 34866622                   /home/henriqueramos_qs/meta-learning-concept-drift/.venv/lib/python3.12/site-packages/numpy/random/bit_generator.cpython-312-x86_64-linux-gnu.so
7e6a5aa7f000-7e6a5aa80000 r--p 00031000 fc:00 34866622                   /home/henriqueramos_qs/meta-learning-concept-drift/.venv/lib/python3.12/site-packages/numpy/random/bit_generator.cpython-312-x86_64-linux-gnu.so
7e6a5aa80000-7e6a5aa82000 rw-p 00032000 fc:00 34866622                   /home/henriqueramos_qs/meta-learning-concept-drift/.venv/lib/python3.12/site-packages/numpy/random/bit_generator.cpython-312-x86_64-linux-gnu.so
7e6a5aa82000-7e6a5aa83000 rw-p 00000000 00:00 0 
7e6a5aa83000-7e6a5aa8a000 r--p 00000000 fc:00 35402728                   /home/henriqueramos_qs/meta-learning-concept-drift/.venv/lib/python3.12/site-packages/kiwisolver/_cext.cpython-312-x86_64-linux-gnu.so
7e6a5aa8a000-7e6a5aaae000 r-xp 00007000 fc:00 35402728                   /home/henriqueramos_qs/meta-learning-concept-drift/.venv/lib/python3.12/site-packages/kiwisolver/_cext.cpython-312-x86_64-linux-gnu.so
7e6a5aaae000-7e6a5aab4000 r--p 0002b000 fc:00 35402728                   /home/henriqueramos_qs/meta-learning-concept-drift/.venv/lib/python3.12/site-packages/kiwisolver/_cext.cpython-312-x86_64-linux-gnu.so
7e6a5aab4000-7e6a5aab5000 r--p 00030000 fc:00 35402728                   /home/henriqueramos_qs/meta-learning-concept-drift/.venv/lib/python3.12/site-packages/kiwisolver/_cext.cpython-312-x86_64-linux-gnu.so
7e6a5aab5000-7e6a5aab6000 rw-p 00031000 fc:00 35402728                   /home/henriqueramos_qs/meta-learning-concept-drift/.venv/lib/python3.12/site-packages/kiwisolver/_cext.cpython-312-x86_64-linux-gnu.so
7e6a5aab6000-7e6a5aab7000 rw-p 00000000 00:00 0 
7e6a5aab7000-7e6a5aac6000 r--p 00000000 fc:00 34870561                   /home/henriqueramos_qs/meta-learning-concept-drift/.venv/lib/python3.12/site-packages/matplotlib/_path.cpython-312-x86_64-linux-gnu.so
7e6a5aac6000-7e6a5ab01000 r-xp 0000f000 fc:00 34870561                   /home/henriqueramos_qs/meta-learning-concept-drift/.venv/lib/python3.12/site-packages/matplotlib/_path.cpython-312-x86_64-linux-gnu.so
7e6a5ab01000-7e6a5ab0f000 r--p 0004a000 fc:00 34870561                   /home/henriqueramos_qs/meta-learning-concept-drift/.venv/lib/python3.12/site-packages/matplotlib/_path.cpython-312-x86_64-linux-gnu.so
7e6a5ab0f000-7e6a5ab10000 ---p 00058000 fc:00 34870561                   /home/henriqueramos_qs/meta-learning-concept-drift/.venv/lib/python3.12/site-packages/matplotlib/_path.cpython-312-x86_64-linux-gnu.so
7e6a5ab10000-7e6a5ab11000 r--p 00058000 fc:00 34870561                   /home/henriqueramos_qs/meta-learning-concept-drift/.venv/lib/python3.12/site-packages/matplotlib/_path.cpython-312-x86_64-linux-gnu.so
7e6a5ab11000-7e6a5ab12000 rw-p 00059000 fc:00 34870561                   /home/henriqueramos_qs/meta-learning-concept-drift/.venv/lib/python3.12/site-packages/matplotlib/_path.cpython-312-x86_64-linux-gnu.so
7e6a5ab12000-7e6a5b013000 rw-p 00000000 00:00 0 
7e6a5b013000-7e6a5b016000 r--p 00000000 08:05 8390031                    /usr/lib/x86_64-linux-gnu/liblzma.so.5.4.5
7e6a5b016000-7e6a5b038000 r-xp 00003000 08:05 8390031                    /usr/lib/x86_64-linux-gnu/liblzma.so.5.4.5
7e6a5b038000-7e6a5b043000 r--p 00025000 08:05 8390031                    /usr/lib/x86_64-linux-gnu/liblzma.so.5.4.5
7e6a5b043000-7e6a5b044000 r--p 00030000 08:05 8390031                    /usr/lib/x86_64-linux-gnu/liblzma.so.5.4.5
7e6a5b044000-7e6a5b045000 rw-p 00031000 08:05 8390031                    /usr/lib/x86_64-linux-gnu/liblzma.so.5.4.5
7e6a5b046000-7e6a5b047000 r--p 00000000 fc:00 34868540                   /home/henriqueramos_qs/meta-learning-concept-drift/.venv/lib/python3.12/site-packages/scipy/special/libsf_error_state.so
7e6a5b047000-7e6a5b048000 r-xp 00001000 fc:00 34868540                   /home/henriqueramos_qs/meta-learning-concept-drift/.venv/lib/python3.12/site-packages/scipy/special/libsf_error_state.so
7e6a5b048000-7e6a5b049000 r--p 00002000 fc:00 34868540                   /home/henriqueramos_qs/meta-learning-concept-drift/.venv/lib/python3.12/site-packages/scipy/special/libsf_error_state.so
7e6a5b049000-7e6a5b04a000 r--p 00002000 fc:00 34868540                   /home/henriqueramos_qs/meta-learning-concept-drift/.venv/lib/python3.12/site-packages/scipy/special/libsf_error_state.so
7e6a5b04a000-7e6a5b04b000 rw-p 00003000 fc:00 34868540                   /home/henriqueramos_qs/meta-learning-concept-drift/.venv/lib/python3.12/site-packages/scipy/special/libsf_error_state.so
7e6a5b04b000-7e6a5b04c000 r--p 00000000 08:05 8419745                    /usr/lib/x86_64-linux-gnu/libdl.so.2
7e6a5b04c000-7e6a5b04d000 r-xp 00001000 08:05 8419745                    /usr/lib/x86_64-linux-gnu/libdl.so.2
7e6a5b04d000-7e6a5b04e000 r--p 00002000 08:05 8419745                    /usr/lib/x86_64-linux-gnu/libdl.so.2
7e6a5b04e000-7e6a5b04f000 r--p 00002000 08:05 8419745                    /usr/lib/x86_64-linux-gnu/libdl.so.2
7e6a5b04f000-7e6a5b050000 rw-p 00003000 08:05 8419745                    /usr/lib/x86_64-linux-gnu/libdl.so.2
7e6a5b050000-7e6a5b05c000 rw-p 00000000 00:00 0 
7e6a5b05c000-7e6a5b05e000 r--p 00000000 08:05 8388634                    /usr/lib/x86_64-linux-gnu/libbz2.so.1.0.4
7e6a5b05e000-7e6a5b06c000 r-xp 00002000 08:05 8388634                    /usr/lib/x86_64-linux-gnu/libbz2.so.1.0.4
7e6a5b06c000-7e6a5b06e000 r--p 00010000 08:05 8388634                    /usr/lib/x86_64-linux-gnu/libbz2.so.1.0.4
7e6a5b06e000-7e6a5b06f000 r--p 00011000 08:05 8388634                    /usr/lib/x86_64-linux-gnu/libbz2.so.1.0.4
7e6a5b06f000-7e6a5b070000 rw-p 00012000 08:05 8388634                    /usr/lib/x86_64-linux-gnu/libbz2.so.1.0.4
7e6a5b070000-7e6a5b077000 r--p 00000000 08:05 8397323                    /usr/lib/python3.12/lib-dynload/_decimal.cpython-312-x86_64-linux-gnu.so
7e6a5b077000-7e6a5b0b7000 r-xp 00007000 08:05 8397323                    /usr/lib/python3.12/lib-dynload/_decimal.cpython-312-x86_64-linux-gnu.so
7e6a5b0b7000-7e6a5b0c8000 r--p 00047000 08:05 8397323                    /usr/lib/python3.12/lib-dynload/_decimal.cpython-312-x86_64-linux-gnu.so
7e6a5b0c8000-7e6a5b0c9000 r--p 00057000 08:05 8397323                    /usr/lib/python3.12/lib-dynload/_decimal.cpython-312-x86_64-linux-gnu.so
7e6a5b0c9000-7e6a5b0cc000 rw-p 00058000 08:05 8397323                    /usr/lib/python3.12/lib-dynload/_decimal.cpython-312-x86_64-linux-gnu.so
7e6a5b0cc000-7e6a5b1cc000 rw-p 00000000 00:00 0 
7e6a5b1cc000-7e6a5b1da000 r--p 00000000 08:05 8404569                    /usr/lib/x86_64-linux-gnu/libtinfo.so.6.4
7e6a5b1da000-7e6a5b1ed000 r-xp 0000e000 08:05 8404569                    /usr/lib/x86_64-linux-gnu/libtinfo.so.6.4
7e6a5b1ed000-7e6a5b1fb000 r--p 00021000 08:05 8404569                    /usr/lib/x86_64-linux-gnu/libtinfo.so.6.4
7e6a5b1fb000-7e6a5b1ff000 r--p 0002e000 08:05 8404569                    /usr/lib/x86_64-linux-gnu/libtinfo.so.6.4
7e6a5b1ff000-7e6a5b200000 rw-p 00032000 08:05 8404569                    /usr/lib/x86_64-linux-gnu/libtinfo.so.6.4
7e6a5b200000-7e6a5b400000 rw-p 00000000 00:00 0 
7e6a5b400000-7e6a5b4b3000 r--p 00000000 08:05 8388997                    /usr/lib/x86_64-linux-gnu/libcrypto.so.3
7e6a5b4b3000-7e6a5b7e6000 r-xp 000b3000 08:05 8388997                    /usr/lib/x86_64-linux-gnu/libcrypto.so.3
7e6a5b7e6000-7e6a5b8b1000 r--p 003e6000 08:05 8388997                    /usr/lib/x86_64-linux-gnu/libcrypto.so.3
7e6a5b8b1000-7e6a5b90d000 r--p 004b0000 08:05 8388997                    /usr/lib/x86_64-linux-gnu/libcrypto.so.3
7e6a5b90d000-7e6a5b910000 rw-p 0050c000 08:05 8388997                    /usr/lib/x86_64-linux-gnu/libcrypto.so.3
7e6a5b910000-7e6a5b913000 rw-p 00000000 00:00 0 
7e6a5b915000-7e6a5b917000 r--p 00000000 08:05 8404077                    /usr/lib/x86_64-linux-gnu/libffi.so.8.1.4
7e6a5b917000-7e6a5b91e000 r-xp 00002000 08:05 8404077                    /usr/lib/x86_64-linux-gnu/libffi.so.8.1.4
7e6a5b91e000-7e6a5b91f000 r--p 00009000 08:05 8404077                    /usr/lib/x86_64-linux-gnu/libffi.so.8.1.4
7e6a5b91f000-7e6a5b920000 r--p 0000a000 08:05 8404077                    /usr/lib/x86_64-linux-gnu/libffi.so.8.1.4
7e6a5b920000-7e6a5b921000 rw-p 0000b000 08:05 8404077                    /usr/lib/x86_64-linux-gnu/libffi.so.8.1.4
7e6a5b921000-7e6a5b92a000 r--p 00000000 08:05 8404339                    /usr/lib/x86_64-linux-gnu/libncursesw.so.6.4
7e6a5b92a000-7e6a5b954000 r-xp 00009000 08:05 8404339                    /usr/lib/x86_64-linux-gnu/libncursesw.so.6.4
7e6a5b954000-7e6a5b95b000 r--p 00033000 08:05 8404339                    /usr/lib/x86_64-linux-gnu/libncursesw.so.6.4
7e6a5b95b000-7e6a5b95c000 r--p 00039000 08:05 8404339                    /usr/lib/x86_64-linux-gnu/libncursesw.so.6.4
7e6a5b95c000-7e6a5b95d000 rw-p 0003a000 08:05 8404339                    /usr/lib/x86_64-linux-gnu/libncursesw.so.6.4
7e6a5b95f000-7e6a5b967000 rw-p 00000000 00:00 0 
7e6a5b967000-7e6a5b96a000 r--p 00000000 08:05 8397326                    /usr/lib/python3.12/lib-dynload/_lzma.cpython-312-x86_64-linux-gnu.so
7e6a5b96a000-7e6a5b96f000 r-xp 00003000 08:05 8397326                    /usr/lib/python3.12/lib-dynload/_lzma.cpython-312-x86_64-linux-gnu.so
7e6a5b96f000-7e6a5b972000 r--p 00008000 08:05 8397326                    /usr/lib/python3.12/lib-dynload/_lzma.cpython-312-x86_64-linux-gnu.so
7e6a5b972000-7e6a5b973000 r--p 0000a000 08:05 8397326                    /usr/lib/python3.12/lib-dynload/_lzma.cpython-312-x86_64-linux-gnu.so
7e6a5b973000-7e6a5b974000 rw-p 0000b000 08:05 8397326                    /usr/lib/python3.12/lib-dynload/_lzma.cpython-312-x86_64-linux-gnu.so
7e6a5b976000-7e6a5b97c000 r--p 00000000 08:05 8397318                    /usr/lib/python3.12/lib-dynload/_ctypes.cpython-312-x86_64-linux-gnu.so
7e6a5b97c000-7e6a5b98e000 r-xp 00006000 08:05 8397318                    /usr/lib/python3.12/lib-dynload/_ctypes.cpython-312-x86_64-linux-gnu.so
7e6a5b98e000-7e6a5b994000 r--p 00018000 08:05 8397318                    /usr/lib/python3.12/lib-dynload/_ctypes.cpython-312-x86_64-linux-gnu.so
7e6a5b994000-7e6a5b995000 r--p 0001d000 08:05 8397318                    /usr/lib/python3.12/lib-dynload/_ctypes.cpython-312-x86_64-linux-gnu.so
7e6a5b995000-7e6a5b999000 rw-p 0001e000 08:05 8397318                    /usr/lib/python3.12/lib-dynload/_ctypes.cpython-312-x86_64-linux-gnu.so
7e6a5b999000-7e6a5b99b000 r--p 00000000 fc:00 34896621                   /home/henriqueramos_qs/meta-learning-concept-drift/.venv/lib/python3.12/site-packages/psutil/_psutil_posix.abi3.so
7e6a5b99b000-7e6a5b99d000 r-xp 00002000 fc:00 34896621                   /home/henriqueramos_qs/meta-learning-concept-drift/.venv/lib/python3.12/site-packages/psutil/_psutil_posix.abi3.so
7e6a5b99d000-7e6a5b99e000 r--p 00004000 fc:00 34896621                   /home/henriqueramos_qs/meta-learning-concept-drift/.venv/lib/python3.12/site-packages/psutil/_psutil_posix.abi3.so
7e6a5b99e000-7e6a5b99f000 r--p 00004000 fc:00 34896621                   /home/henriqueramos_qs/meta-learning-concept-drift/.venv/lib/python3.12/site-packages/psutil/_psutil_posix.abi3.so
7e6a5b99f000-7e6a5b9a0000 rw-p 00005000 fc:00 34896621                   /home/henriqueramos_qs/meta-learning-concept-drift/.venv/lib/python3.12/site-packages/psutil/_psutil_posix.abi3.so
7e6a5b9a0000-7e6a5b9a2000 r--p 00000000 fc:00 34896620                   /home/henriqueramos_qs/meta-learning-concept-drift/.venv/lib/python3.12/site-packages/psutil/_psutil_linux.abi3.so
7e6a5b9a2000-7e6a5b9a5000 r-xp 00002000 fc:00 34896620                   /home/henriqueramos_qs/meta-learning-concept-drift/.venv/lib/python3.12/site-packages/psutil/_psutil_linux.abi3.so
7e6a5b9a5000-7e6a5b9a6000 r--p 00005000 fc:00 34896620                   /home/henriqueramos_qs/meta-learning-concept-drift/.venv/lib/python3.12/site-packages/psutil/_psutil_linux.abi3.so
7e6a5b9a6000-7e6a5b9a7000 r--p 00005000 fc:00 34896620                   /home/henriqueramos_qs/meta-learning-concept-drift/.venv/lib/python3.12/site-packages/psutil/_psutil_linux.abi3.so
7e6a5b9a7000-7e6a5b9a8000 rw-p 00006000 fc:00 34896620                   /home/henriqueramos_qs/meta-learning-concept-drift/.venv/lib/python3.12/site-packages/psutil/_psutil_linux.abi3.so
7e6a5b9a8000-7e6a5b9aa000 r--p 00000000 08:05 8397347                    /usr/lib/python3.12/lib-dynload/resource.cpython-312-x86_64-linux-gnu.so
7e6a5b9aa000-7e6a5b9ab000 r-xp 00002000 08:05 8397347                    /usr/lib/python3.12/lib-dynload/resource.cpython-312-x86_64-linux-gnu.so
7e6a5b9ab000-7e6a5b9ac000 r--p 00003000 08:05 8397347                    /usr/lib/python3.12/lib-dynload/resource.cpython-312-x86_64-linux-gnu.so
7e6a5b9ac000-7e6a5b9ad000 r--p 00003000 08:05 8397347                    /usr/lib/python3.12/lib-dynload/resource.cpython-312-x86_64-linux-gnu.so
7e6a5b9ad000-7e6a5b9ae000 rw-p 00004000 08:05 8397347                    /usr/lib/python3.12/lib-dynload/resource.cpython-312-x86_64-linux-gnu.so
7e6a5b9ae000-7e6a5b9b0000 r--p 00000000 08:05 8397325                    /usr/lib/python3.12/lib-dynload/_lsprof.cpython-312-x86_64-linux-gnu.so
7e6a5b9b0000-7e6a5b9b3000 r-xp 00002000 08:05 8397325                    /usr/lib/python3.12/lib-dynload/_lsprof.cpython-312-x86_64-linux-gnu.so
7e6a5b9b3000-7e6a5b9b5000 r--p 00005000 08:05 8397325                    /usr/lib/python3.12/lib-dynload/_lsprof.cpython-312-x86_64-linux-gnu.so
7e6a5b9b5000-7e6a5b9b6000 r--p 00006000 08:05 8397325                    /usr/lib/python3.12/lib-dynload/_lsprof.cpython-312-x86_64-linux-gnu.so
7e6a5b9b6000-7e6a5b9b7000 rw-p 00007000 08:05 8397325                    /usr/lib/python3.12/lib-dynload/_lsprof.cpython-312-x86_64-linux-gnu.so
7e6a5b9b7000-7e6a5b9be000 r--p 00000000 08:05 8397331                    /usr/lib/python3.12/lib-dynload/_sqlite3.cpython-312-x86_64-linux-gnu.so
7e6a5b9be000-7e6a5b9d0000 r-xp 00007000 08:05 8397331                    /usr/lib/python3.12/lib-dynload/_sqlite3.cpython-312-x86_64-linux-gnu.so
7e6a5b9d0000-7e6a5b9d7000 r--p 00019000 08:05 8397331                    /usr/lib/python3.12/lib-dynload/_sqlite3.cpython-312-x86_64-linux-gnu.so
7e6a5b9d7000-7e6a5b9d8000 r--p 00020000 08:05 8397331                    /usr/lib/python3.12/lib-dynload/_sqlite3.cpython-312-x86_64-linux-gnu.so
7e6a5b9d8000-7e6a5b9da000 rw-p 00021000 08:05 8397331                    /usr/lib/python3.12/lib-dynload/_sqlite3.cpython-312-x86_64-linux-gnu.so
7e6a5b9da000-7e6a5b9de000 r--p 00000000 08:05 8396007                    /usr/lib/python3.12/lib-dynload/_hashlib.cpython-312-x86_64-linux-gnu.so
7e6a5b9de000-7e6a5b9e4000 r-xp 00004000 08:05 8396007                    /usr/lib/python3.12/lib-dynload/_hashlib.cpython-312-x86_64-linux-gnu.so
7e6a5b9e4000-7e6a5b9e8000 r--p 0000a000 08:05 8396007                    /usr/lib/python3.12/lib-dynload/_hashlib.cpython-312-x86_64-linux-gnu.so
7e6a5b9e8000-7e6a5b9e9000 r--p 0000d000 08:05 8396007                    /usr/lib/python3.12/lib-dynload/_hashlib.cpython-312-x86_64-linux-gnu.so
7e6a5b9e9000-7e6a5b9eb000 rw-p 0000e000 08:05 8396007                    /usr/lib/python3.12/lib-dynload/_hashlib.cpython-312-x86_64-linux-gnu.so
7e6a5b9eb000-7e6a5baeb000 rw-p 00000000 00:00 0 
7e6a5baeb000-7e6a5bb09000 r--p 00000000 08:05 8388999                    /usr/lib/x86_64-linux-gnu/libssl.so.3
7e6a5bb09000-7e6a5bb6b000 r-xp 0001e000 08:05 8388999                    /usr/lib/x86_64-linux-gnu/libssl.so.3
7e6a5bb6b000-7e6a5bb87000 r--p 00080000 08:05 8388999                    /usr/lib/x86_64-linux-gnu/libssl.so.3
7e6a5bb87000-7e6a5bb91000 r--p 0009c000 08:05 8388999                    /usr/lib/x86_64-linux-gnu/libssl.so.3
7e6a5bb91000-7e6a5bb95000 rw-p 000a6000 08:05 8388999                    /usr/lib/x86_64-linux-gnu/libssl.so.3
7e6a5bb95000-7e6a5bba8000 r--p 00000000 08:05 8396008                    /usr/lib/python3.12/lib-dynload/_ssl.cpython-312-x86_64-linux-gnu.so
7e6a5bba8000-7e6a5bbb5000 r-xp 00013000 08:05 8396008                    /usr/lib/python3.12/lib-dynload/_ssl.cpython-312-x86_64-linux-gnu.so
7e6a5bbb5000-7e6a5bbc3000 r--p 00020000 08:05 8396008                    /usr/lib/python3.12/lib-dynload/_ssl.cpython-312-x86_64-linux-gnu.so
7e6a5bbc3000-7e6a5bbc4000 r--p 0002d000 08:05 8396008                    /usr/lib/python3.12/lib-dynload/_ssl.cpython-312-x86_64-linux-gnu.so
7e6a5bbc4000-7e6a5bbcd000 rw-p 0002e000 08:05 8396008                    /usr/lib/python3.12/lib-dynload/_ssl.cpython-312-x86_64-linux-gnu.so
7e6a5bbcd000-7e6a5bdcd000 rw-p 00000000 00:00 0 
7e6a5bdcd000-7e6a5bdcf000 r--p 00000000 08:05 8397309                    /usr/lib/python3.12/lib-dynload/_bz2.cpython-312-x86_64-linux-gnu.so
7e6a5bdcf000-7e6a5bdd2000 r-xp 00002000 08:05 8397309                    /usr/lib/python3.12/lib-dynload/_bz2.cpython-312-x86_64-linux-gnu.so
7e6a5bdd2000-7e6a5bdd4000 r--p 00005000 08:05 8397309                    /usr/lib/python3.12/lib-dynload/_bz2.cpython-312-x86_64-linux-gnu.so
7e6a5bdd4000-7e6a5bdd5000 r--p 00006000 08:05 8397309                    /usr/lib/python3.12/lib-dynload/_bz2.cpython-312-x86_64-linux-gnu.so
7e6a5bdd5000-7e6a5bdd6000 rw-p 00007000 08:05 8397309                    /usr/lib/python3.12/lib-dynload/_bz2.cpython-312-x86_64-linux-gnu.so
7e6a5bdd6000-7e6a5bdd9000 r--p 00000000 08:05 8397348                    /usr/lib/python3.12/lib-dynload/termios.cpython-312-x86_64-linux-gnu.so
7e6a5bdd9000-7e6a5bddb000 r-xp 00003000 08:05 8397348                    /usr/lib/python3.12/lib-dynload/termios.cpython-312-x86_64-linux-gnu.so
7e6a5bddb000-7e6a5bddd000 r--p 00005000 08:05 8397348                    /usr/lib/python3.12/lib-dynload/termios.cpython-312-x86_64-linux-gnu.so
7e6a5bddd000-7e6a5bdde000 r--p 00006000 08:05 8397348                    /usr/lib/python3.12/lib-dynload/termios.cpython-312-x86_64-linux-gnu.so
7e6a5bdde000-7e6a5bde0000 rw-p 00007000 08:05 8397348                    /usr/lib/python3.12/lib-dynload/termios.cpython-312-x86_64-linux-gnu.so
7e6a5bde0000-7e6a5bde7000 r--p 00000000 08:05 8397320                    /usr/lib/python3.12/lib-dynload/_curses.cpython-312-x86_64-linux-gnu.so
7e6a5bde7000-7e6a5bdf2000 r-xp 00007000 08:05 8397320                    /usr/lib/python3.12/lib-dynload/_curses.cpython-312-x86_64-linux-gnu.so
7e6a5bdf2000-7e6a5bdfd000 r--p 00012000 08:05 8397320                    /usr/lib/python3.12/lib-dynload/_curses.cpython-312-x86_64-linux-gnu.so
7e6a5bdfd000-7e6a5bdfe000 r--p 0001c000 08:05 8397320                    /usr/lib/python3.12/lib-dynload/_curses.cpython-312-x86_64-linux-gnu.so
7e6a5bdfe000-7e6a5be00000 rw-p 0001d000 08:05 8397320                    /usr/lib/python3.12/lib-dynload/_curses.cpython-312-x86_64-linux-gnu.so
7e6a5be00000-7e6a5be9d000 r--p 00000000 08:05 8398454                    /usr/lib/x86_64-linux-gnu/libstdc++.so.6.0.33
7e6a5be9d000-7e6a5bfe5000 r-xp 0009d000 08:05 8398454                    /usr/lib/x86_64-linux-gnu/libstdc++.so.6.0.33
7e6a5bfe5000-7e6a5c06c000 r--p 001e5000 08:05 8398454                    /usr/lib/x86_64-linux-gnu/libstdc++.so.6.0.33
7e6a5c06c000-7e6a5c077000 r--p 0026b000 08:05 8398454                    /usr/lib/x86_64-linux-gnu/libstdc++.so.6.0.33
7e6a5c077000-7e6a5c07a000 rw-p 00276000 08:05 8398454                    /usr/lib/x86_64-linux-gnu/libstdc++.so.6.0.33
7e6a5c07a000-7e6a5c082000 rw-p 00000000 00:00 0 
7e6a5c082000-7e6a5c086000 r--p 00000000 08:05 8398492                    /usr/lib/x86_64-linux-gnu/libgcc_s.so.1
7e6a5c086000-7e6a5c0aa000 r-xp 00004000 08:05 8398492                    /usr/lib/x86_64-linux-gnu/libgcc_s.so.1
7e6a5c0aa000-7e6a5c0ae000 r--p 00028000 08:05 8398492                    /usr/lib/x86_64-linux-gnu/libgcc_s.so.1
7e6a5c0ae000-7e6a5c0af000 r--p 0002b000 08:05 8398492                    /usr/lib/x86_64-linux-gnu/libgcc_s.so.1
7e6a5c0af000-7e6a5c0b0000 rw-p 0002c000 08:05 8398492                    /usr/lib/x86_64-linux-gnu/libgcc_s.so.1
7e6a5c0b0000-7e6a5c0bd000 r--p 00000000 fc:00 34894754                   /home/henriqueramos_qs/meta-learning-concept-drift/.venv/lib/python3.12/site-packages/pyzmq.libs/libsodium-19479d6d.so.26.2.0
7e6a5c0bd000-7e6a5c1b3000 r-xp 0000d000 fc:00 34894754                   /home/henriqueramos_qs/meta-learning-concept-drift/.venv/lib/python3.12/site-packages/pyzmq.libs/libsodium-19479d6d.so.26.2.0
7e6a5c1b3000-7e6a5c1c8000 r--p 00103000 fc:00 34894754                   /home/henriqueramos_qs/meta-learning-concept-drift/.venv/lib/python3.12/site-packages/pyzmq.libs/libsodium-19479d6d.so.26.2.0
7e6a5c1c8000-7e6a5c1c9000 r--p 00118000 fc:00 34894754                   /home/henriqueramos_qs/meta-learning-concept-drift/.venv/lib/python3.12/site-packages/pyzmq.libs/libsodium-19479d6d.so.26.2.0
7e6a5c1c9000-7e6a5c1ca000 rw-p 00119000 fc:00 34894754                   /home/henriqueramos_qs/meta-learning-concept-drift/.venv/lib/python3.12/site-packages/pyzmq.libs/libsodium-19479d6d.so.26.2.0
7e6a5c1ca000-7e6a5c1d7000 rw-p 0011b000 fc:00 34894754                   /home/henriqueramos_qs/meta-learning-concept-drift/.venv/lib/python3.12/site-packages/pyzmq.libs/libsodium-19479d6d.so.26.2.0
7e6a5c1d7000-7e6a5c1ef000 r--p 00000000 fc:00 34894755                   /home/henriqueramos_qs/meta-learning-concept-drift/.venv/lib/python3.12/site-packages/pyzmq.libs/libzmq-7b073b3d.so.5.2.5
7e6a5c1ef000-7e6a5c279000 r-xp 00018000 fc:00 34894755                   /home/henriqueramos_qs/meta-learning-concept-drift/.venv/lib/python3.12/site-packages/pyzmq.libs/libzmq-7b073b3d.so.5.2.5
7e6a5c279000-7e6a5c2ae000 r--p 000a2000 fc:00 34894755                   /home/henriqueramos_qs/meta-learning-concept-drift/.venv/lib/python3.12/site-packages/pyzmq.libs/libzmq-7b073b3d.so.5.2.5
7e6a5c2ae000-7e6a5c2b5000 r--p 000d7000 fc:00 34894755                   /home/henriqueramos_qs/meta-learning-concept-drift/.venv/lib/python3.12/site-packages/pyzmq.libs/libzmq-7b073b3d.so.5.2.5
7e6a5c2b5000-7e6a5c2b6000 rw-p 000de000 fc:00 34894755                   /home/henriqueramos_qs/meta-learning-concept-drift/.venv/lib/python3.12/site-packages/pyzmq.libs/libzmq-7b073b3d.so.5.2.5
7e6a5c2b6000-7e6a5c2bf000 rw-p 000e0000 fc:00 34894755                   /home/henriqueramos_qs/meta-learning-concept-drift/.venv/lib/python3.12/site-packages/pyzmq.libs/libzmq-7b073b3d.so.5.2.5
7e6a5c2bf000-7e6a5c2c7000 r--p 00000000 fc:00 34894795                   /home/henriqueramos_qs/meta-learning-concept-drift/.venv/lib/python3.12/site-packages/zmq/backend/cython/_zmq.abi3.so
7e6a5c2c7000-7e6a5c2eb000 r-xp 00008000 fc:00 34894795                   /home/henriqueramos_qs/meta-learning-concept-drift/.venv/lib/python3.12/site-packages/zmq/backend/cython/_zmq.abi3.so
7e6a5c2eb000-7e6a5c2f6000 r--p 0002c000 fc:00 34894795                   /home/henriqueramos_qs/meta-learning-concept-drift/.venv/lib/python3.12/site-packages/zmq/backend/cython/_zmq.abi3.so
7e6a5c2f6000-7e6a5c2f8000 r--p 00037000 fc:00 34894795                   /home/henriqueramos_qs/meta-learning-concept-drift/.venv/lib/python3.12/site-packages/zmq/backend/cython/_zmq.abi3.so
7e6a5c2f8000-7e6a5c2fa000 rw-p 00039000 fc:00 34894795                   /home/henriqueramos_qs/meta-learning-concept-drift/.venv/lib/python3.12/site-packages/zmq/backend/cython/_zmq.abi3.so
7e6a5c2fa000-7e6a5c2fb000 rw-p 00000000 00:00 0 
7e6a5c2fb000-7e6a5c300000 rw-p 0003c000 fc:00 34894795                   /home/henriqueramos_qs/meta-learning-concept-drift/.venv/lib/python3.12/site-packages/zmq/backend/cython/_zmq.abi3.so
7e6a5c300000-7e6a5c600000 rw-p 00000000 00:00 0 
7e6a5c600000-7e6a5cb75000 r--p 00000000 08:05 8389048                    /usr/lib/locale/locale-archive
7e6a5cb75000-7e6a5cb76000 r--p 00000000 00:00 0 
7e6a5cb76000-7e6a5cb77000 ---p 00000000 00:00 0 
7e6a5cb77000-7e6a5cb78000 r--p 00000000 00:00 0 
7e6a5cb78000-7e6a5cb79000 r--p 00000000 fc:00 34894569                   /home/henriqueramos_qs/meta-learning-concept-drift/.venv/lib/python3.12/site-packages/tornado/speedups.abi3.so
7e6a5cb79000-7e6a5cb7a000 r-xp 00001000 fc:00 34894569                   /home/henriqueramos_qs/meta-learning-concept-drift/.venv/lib/python3.12/site-packages/tornado/speedups.abi3.so
7e6a5cb7a000-7e6a5cb7b000 r--p 00002000 fc:00 34894569                   /home/henriqueramos_qs/meta-learning-concept-drift/.venv/lib/python3.12/site-packages/tornado/speedups.abi3.so
7e6a5cb7b000-7e6a5cb7c000 r--p 00002000 fc:00 34894569                   /home/henriqueramos_qs/meta-learning-concept-drift/.venv/lib/python3.12/site-packages/tornado/speedups.abi3.so
7e6a5cb7c000-7e6a5cb7d000 rw-p 00003000 fc:00 34894569                   /home/henriqueramos_qs/meta-learning-concept-drift/.venv/lib/python3.12/site-packages/tornado/speedups.abi3.so
7e6a5cb7d000-7e6a5cb7f000 r--p 00000000 08:05 8397330                    /usr/lib/python3.12/lib-dynload/_queue.cpython-312-x86_64-linux-gnu.so
7e6a5cb7f000-7e6a5cb81000 r-xp 00002000 08:05 8397330                    /usr/lib/python3.12/lib-dynload/_queue.cpython-312-x86_64-linux-gnu.so
7e6a5cb81000-7e6a5cb82000 r--p 00004000 08:05 8397330                    /usr/lib/python3.12/lib-dynload/_queue.cpython-312-x86_64-linux-gnu.so
7e6a5cb82000-7e6a5cb83000 r--p 00004000 08:05 8397330                    /usr/lib/python3.12/lib-dynload/_queue.cpython-312-x86_64-linux-gnu.so
7e6a5cb83000-7e6a5cb84000 rw-p 00005000 08:05 8397330                    /usr/lib/python3.12/lib-dynload/_queue.cpython-312-x86_64-linux-gnu.so
7e6a5cb84000-7e6a5cb88000 r--p 00000000 08:05 8397308                    /usr/lib/python3.12/lib-dynload/_asyncio.cpython-312-x86_64-linux-gnu.so
7e6a5cb88000-7e6a5cb91000 r-xp 00004000 08:05 8397308                    /usr/lib/python3.12/lib-dynload/_asyncio.cpython-312-x86_64-linux-gnu.so
7e6a5cb91000-7e6a5cb96000 r--p 0000d000 08:05 8397308                    /usr/lib/python3.12/lib-dynload/_asyncio.cpython-312-x86_64-linux-gnu.so
7e6a5cb96000-7e6a5cb97000 r--p 00011000 08:05 8397308                    /usr/lib/python3.12/lib-dynload/_asyncio.cpython-312-x86_64-linux-gnu.so
7e6a5cb97000-7e6a5cb99000 rw-p 00012000 08:05 8397308                    /usr/lib/python3.12/lib-dynload/_asyncio.cpython-312-x86_64-linux-gnu.so
7e6a5cb99000-7e6a5cb9a000 r--p 00000000 08:05 8397316                    /usr/lib/python3.12/lib-dynload/_contextvars.cpython-312-x86_64-linux-gnu.so
7e6a5cb9a000-7e6a5cb9b000 r-xp 00001000 08:05 8397316                    /usr/lib/python3.12/lib-dynload/_contextvars.cpython-312-x86_64-linux-gnu.so
7e6a5cb9b000-7e6a5cb9c000 r--p 00002000 08:05 8397316                    /usr/lib/python3.12/lib-dynload/_contextvars.cpython-312-x86_64-linux-gnu.so
7e6a5cb9c000-7e6a5cb9d000 r--p 00002000 08:05 8397316                    /usr/lib/python3.12/lib-dynload/_contextvars.cpython-312-x86_64-linux-gnu.so
7e6a5cb9d000-7e6a5cb9e000 rw-p 00003000 08:05 8397316                    /usr/lib/python3.12/lib-dynload/_contextvars.cpython-312-x86_64-linux-gnu.so
7e6a5cb9e000-7e6a5cc00000 rw-p 00000000 00:00 0 
7e6a5cc00000-7e6a5cc28000 r--p 00000000 08:05 8419413                    /usr/lib/x86_64-linux-gnu/libc.so.6
7e6a5cc28000-7e6a5cdb0000 r-xp 00028000 08:05 8419413                    /usr/lib/x86_64-linux-gnu/libc.so.6
7e6a5cdb0000-7e6a5cdff000 r--p 001b0000 08:05 8419413                    /usr/lib/x86_64-linux-gnu/libc.so.6
7e6a5cdff000-7e6a5ce03000 r--p 001fe000 08:05 8419413                    /usr/lib/x86_64-linux-gnu/libc.so.6
7e6a5ce03000-7e6a5ce05000 rw-p 00202000 08:05 8419413                    /usr/lib/x86_64-linux-gnu/libc.so.6
7e6a5ce05000-7e6a5ce12000 rw-p 00000000 00:00 0 
7e6a5ce12000-7e6a5ce14000 r--p 00000000 08:05 8397324                    /usr/lib/python3.12/lib-dynload/_json.cpython-312-x86_64-linux-gnu.so
7e6a5ce14000-7e6a5ce1b000 r-xp 00002000 08:05 8397324                    /usr/lib/python3.12/lib-dynload/_json.cpython-312-x86_64-linux-gnu.so
7e6a5ce1b000-7e6a5ce1d000 r--p 00009000 08:05 8397324                    /usr/lib/python3.12/lib-dynload/_json.cpython-312-x86_64-linux-gnu.so
7e6a5ce1d000-7e6a5ce1e000 r--p 0000a000 08:05 8397324                    /usr/lib/python3.12/lib-dynload/_json.cpython-312-x86_64-linux-gnu.so
7e6a5ce1e000-7e6a5ce1f000 rw-p 0000b000 08:05 8397324                    /usr/lib/python3.12/lib-dynload/_json.cpython-312-x86_64-linux-gnu.so
7e6a5ce1f000-7e6a5cf21000 rw-p 00000000 00:00 0 
7e6a5cf21000-7e6a5cf25000 r--p 00000000 08:05 8390286                    /usr/lib/x86_64-linux-gnu/libexpat.so.1.9.1
7e6a5cf25000-7e6a5cf42000 r-xp 00004000 08:05 8390286                    /usr/lib/x86_64-linux-gnu/libexpat.so.1.9.1
7e6a5cf42000-7e6a5cf4a000 r--p 00021000 08:05 8390286                    /usr/lib/x86_64-linux-gnu/libexpat.so.1.9.1
7e6a5cf4a000-7e6a5cf4c000 r--p 00028000 08:05 8390286                    /usr/lib/x86_64-linux-gnu/libexpat.so.1.9.1
7e6a5cf4c000-7e6a5cf4d000 rw-p 0002a000 08:05 8390286                    /usr/lib/x86_64-linux-gnu/libexpat.so.1.9.1
7e6a5cf4d000-7e6a5cf4f000 r--p 00000000 08:05 8405465                    /usr/lib/x86_64-linux-gnu/libz.so.1.3
7e6a5cf4f000-7e6a5cf61000 r-xp 00002000 08:05 8405465                    /usr/lib/x86_64-linux-gnu/libz.so.1.3
7e6a5cf61000-7e6a5cf67000 r--p 00014000 08:05 8405465                    /usr/lib/x86_64-linux-gnu/libz.so.1.3
7e6a5cf67000-7e6a5cf68000 r--p 0001a000 08:05 8405465                    /usr/lib/x86_64-linux-gnu/libz.so.1.3
7e6a5cf68000-7e6a5cf69000 rw-p 0001b000 08:05 8405465                    /usr/lib/x86_64-linux-gnu/libz.so.1.3
7e6a5cf69000-7e6a5cf79000 r--p 00000000 08:05 8419746                    /usr/lib/x86_64-linux-gnu/libm.so.6
7e6a5cf79000-7e6a5cff8000 r-xp 00010000 08:05 8419746                    /usr/lib/x86_64-linux-gnu/libm.so.6
7e6a5cff8000-7e6a5d050000 r--p 0008f000 08:05 8419746                    /usr/lib/x86_64-linux-gnu/libm.so.6
7e6a5d050000-7e6a5d051000 r--p 000e7000 08:05 8419746                    /usr/lib/x86_64-linux-gnu/libm.so.6
7e6a5d051000-7e6a5d052000 rw-p 000e8000 08:05 8419746                    /usr/lib/x86_64-linux-gnu/libm.so.6
7e6a5d052000-7e6a5d053000 ---p 00000000 00:00 0 
7e6a5d053000-7e6a5d054000 rwxp 00000000 00:00 0 
7e6a5d054000-7e6a5d055000 r--p 00000000 08:05 8420174                    /usr/lib/x86_64-linux-gnu/librt.so.1
7e6a5d055000-7e6a5d056000 r-xp 00001000 08:05 8420174                    /usr/lib/x86_64-linux-gnu/librt.so.1
7e6a5d056000-7e6a5d057000 r--p 00002000 08:05 8420174                    /usr/lib/x86_64-linux-gnu/librt.so.1
7e6a5d057000-7e6a5d058000 r--p 00002000 08:05 8420174                    /usr/lib/x86_64-linux-gnu/librt.so.1
7e6a5d058000-7e6a5d059000 rw-p 00003000 08:05 8420174                    /usr/lib/x86_64-linux-gnu/librt.so.1
7e6a5d059000-7e6a5d05a000 r--p 00000000 08:05 8420150                    /usr/lib/x86_64-linux-gnu/libpthread.so.0
7e6a5d05a000-7e6a5d05b000 r-xp 00001000 08:05 8420150                    /usr/lib/x86_64-linux-gnu/libpthread.so.0
7e6a5d05b000-7e6a5d05c000 r--p 00002000 08:05 8420150                    /usr/lib/x86_64-linux-gnu/libpthread.so.0
7e6a5d05c000-7e6a5d05d000 r--p 00002000 08:05 8420150                    /usr/lib/x86_64-linux-gnu/libpthread.so.0
7e6a5d05d000-7e6a5d05e000 rw-p 00003000 08:05 8420150                    /usr/lib/x86_64-linux-gnu/libpthread.so.0
7e6a5d05e000-7e6a5d062000 rw-p 00000000 00:00 0 
7e6a5d062000-7e6a5d069000 r--s 00000000 08:05 8418918                    /usr/lib/x86_64-linux-gnu/gconv/gconv-modules.cache
7e6a5d069000-7e6a5d06b000 rw-p 00000000 00:00 0 
7e6a5d06b000-7e6a5d06d000 r--p 00000000 00:00 0                          [vvar]
7e6a5d06d000-7e6a5d06f000 r--p 00000000 00:00 0                          [vvar_vclock]
7e6a5d06f000-7e6a5d071000 r-xp 00000000 00:00 0                          [vdso]
7e6a5d071000-7e6a5d072000 r--p 00000000 08:05 8419229                    /usr/lib/x86_64-linux-gnu/ld-linux-x86-64.so.2
7e6a5d072000-7e6a5d09d000 r-xp 00001000 08:05 8419229                    /usr/lib/x86_64-linux-gnu/ld-linux-x86-64.so.2
7e6a5d09d000-7e6a5d0a7000 r--p 0002c000 08:05 8419229                    /usr/lib/x86_64-linux-gnu/ld-linux-x86-64.so.2
7e6a5d0a7000-7e6a5d0a9000 r--p 00036000 08:05 8419229                    /usr/lib/x86_64-linux-gnu/ld-linux-x86-64.so.2
7e6a5d0a9000-7e6a5d0ab000 rw-p 00038000 08:05 8419229                    /usr/lib/x86_64-linux-gnu/ld-linux-x86-64.so.2
7ffffbc66000-7ffffbc6a000 ---p 00000000 00:00 0 
7ffffbc6a000-7ffffc464000 rw-p 00000000 00:00 0                          [stack]
ffffffffff600000-ffffffffff601000 --xp 00000000 00:00 0                  [vsyscall]
Total number of mappings: 2593

JVMTI agents: none


VM Arguments:
jvm_args: -Xmx8g -Xss10M 
java_command: <unknown>
java_class_path (initial): /home/henriqueramos_qs/meta-learning-concept-drift/.venv/lib/python3.12/site-packages/capymoa/jar/moa.jar:/home/henriqueramos_qs/meta-learning-concept-drift/.venv/lib/python3.12/site-packages/org.jpype.jar
Launcher Type: generic

[Global flags]
     intx CICompilerCount                          = 18                                        {product} {ergonomic}
     uint ConcGCThreads                            = 16                                        {product} {ergonomic}
     uint G1ConcRefinementThreads                  = 63                                        {product} {ergonomic}
   size_t G1HeapRegionSize                         = 4194304                                   {product} {ergonomic}
    uintx GCDrainStackTargetSize                   = 64                                        {product} {ergonomic}
   size_t InitialHeapSize                          = 2147483648                                {product} {ergonomic}
   size_t MarkStackSize                            = 4194304                                   {product} {ergonomic}
   size_t MaxHeapSize                              = 8589934592                                {product} {command line}
   size_t MaxNewSize                               = 5150605312                                {product} {ergonomic}
   size_t MinHeapDeltaBytes                        = 4194304                                   {product} {ergonomic}
   size_t MinHeapSize                              = 8388608                                   {product} {ergonomic}
    uintx NonNMethodCodeHeapSize                   = 8782280                                {pd product} {ergonomic}
    uintx NonProfiledCodeHeapSize                  = 121437980                              {pd product} {ergonomic}
    uintx ProfiledCodeHeapSize                     = 121437980                              {pd product} {ergonomic}
    uintx ReservedCodeCacheSize                    = 251658240                              {pd product} {ergonomic}
     bool SegmentedCodeCache                       = true                                      {product} {ergonomic}
   size_t SoftMaxHeapSize                          = 8589934592                             {manageable} {ergonomic}
     intx ThreadStackSize                          = 10240                                  {pd product} {command line}
     bool UseCompressedOops                        = true                           {product lp64_product} {ergonomic}
     bool UseG1GC                                  = true                                      {product} {ergonomic}

Logging:
Log output configuration:
 #0: stdout all=warning uptime,level,tags foldmultilines=false
 #1: stderr all=off uptime,level,tags foldmultilines=false

Environment Variables:
JAVA_HOME=/usr/lib/jvm/java-21-openjdk-amd64
PATH=/home/henriqueramos_qs/meta-learning-concept-drift/.venv/bin:/home/henriqueramos_qs/.vscode-server/cli/servers/Stable-6f17636121051a53c88d3e605c491d22af2ba755/server/bin/remote-cli:/usr/local/sbin:/usr/local/bin:/usr/sbin:/usr/bin:/sbin:/bin:/usr/games:/usr/local/games:/snap/bin
SHELL=/bin/bash
LANG=en_US.UTF-8
TERM=xterm-color

Active Locale:
LC_ALL=LC_CTYPE=en_US.UTF-8;LC_NUMERIC=C;LC_TIME=C;LC_COLLATE=C;LC_MONETARY=C;LC_MESSAGES=C;LC_PAPER=en_US.UTF-8;LC_NAME=en_US.UTF-8;LC_ADDRESS=en_US.UTF-8;LC_TELEPHONE=en_US.UTF-8;LC_MEASUREMENT=en_US.UTF-8;LC_IDENTIFICATION=en_US.UTF-8
LC_COLLATE=C
LC_CTYPE=en_US.UTF-8
LC_MESSAGES=C
LC_MONETARY=C
LC_NUMERIC=C
LC_TIME=C

Signal Handlers:
   SIGSEGV: crash_handler in libjvm.so, mask=11100100010111111101111111111110, flags=SA_RESTART|SA_SIGINFO, unblocked
    SIGBUS: crash_handler in libjvm.so, mask=11100100010111111101111111111110, flags=SA_RESTART|SA_SIGINFO, unblocked
    SIGFPE: crash_handler in libjvm.so, mask=11100100010111111101111111111110, flags=SA_RESTART|SA_SIGINFO, unblocked
   SIGPIPE: javaSignalHandler in libjvm.so, mask=11100100010111111101111111111110, flags=SA_RESTART|SA_SIGINFO, blocked
   SIGXFSZ: javaSignalHandler in libjvm.so, mask=11100100010111111101111111111110, flags=SA_RESTART|SA_SIGINFO, blocked
    SIGILL: crash_handler in libjvm.so, mask=11100100010111111101111111111110, flags=SA_RESTART|SA_SIGINFO, unblocked
   SIGUSR2: SR_handler in libjvm.so, mask=00000000000000000000000000000000, flags=SA_RESTART|SA_SIGINFO, blocked
    SIGHUP: UserHandler in libjvm.so, mask=11100100010111111101111111111110, flags=SA_RESTART|SA_SIGINFO, blocked
    SIGINT: SIG_IGN, mask=00000000000000000000000000000000, flags=SA_ONSTACK, blocked
   SIGTERM: UserHandler in libjvm.so, mask=11100100010111111101111111111110, flags=SA_RESTART|SA_SIGINFO, blocked
   SIGQUIT: UserHandler in libjvm.so, mask=11100100010111111101111111111110, flags=SA_RESTART|SA_SIGINFO, blocked
   SIGTRAP: crash_handler in libjvm.so, mask=11100100010111111101111111111110, flags=SA_RESTART|SA_SIGINFO, unblocked


Periodic native trim disabled

---------------  S Y S T E M  ---------------

OS:
DISTRIB_ID=Ubuntu
DISTRIB_RELEASE=24.04
DISTRIB_CODENAME=noble
DISTRIB_DESCRIPTION="Ubuntu 24.04.3 LTS"
uname: Linux 6.14.0-28-generic #28~24.04.1-Ubuntu SMP PREEMPT_DYNAMIC Fri Jul 25 10:47:01 UTC 2 x86_64
OS uptime: 15 days 8:53 hours
libc: glibc 2.39 NPTL 2.39 
rlimit (soft/hard): STACK 8192k/infinity , CORE 0k/infinity , NPROC 767845/767845 , NOFILE 1048576/1048576 , AS infinity/infinity , CPU infinity/infinity , DATA infinity/infinity , FSIZE infinity/infinity , MEMLOCK 24582040k/24582040k
load average: 0.08 0.10 0.15

/proc/meminfo:
MemTotal:       196656324 kB
MemFree:        155322920 kB
MemAvailable:   189918548 kB
Buffers:         1968404 kB
Cached:         32873644 kB
SwapCached:            0 kB
Active:         10729508 kB
Inactive:       26783296 kB
Active(anon):    2692312 kB
Inactive(anon):        0 kB
Active(file):    8037196 kB
Inactive(file): 26783296 kB
Unevictable:       10256 kB
Mlocked:               0 kB
SwapTotal:       8388604 kB
SwapFree:        8388604 kB
Zswap:                 0 kB
Zswapped:              0 kB
Dirty:                32 kB
Writeback:             0 kB
AnonPages:       2648464 kB
Mapped:           880804 kB
Shmem:             21544 kB
KReclaimable:    1222144 kB
Slab:            2209512 kB
SReclaimable:    1222144 kB
SUnreclaim:       987368 kB
KernelStack:       29936 kB
PageTables:        58696 kB
SecPageTables:     21924 kB
NFS_Unstable:          0 kB
Bounce:                0 kB
WritebackTmp:          0 kB
CommitLimit:    106716764 kB
Committed_AS:   13692696 kB
VmallocTotal:   34359738367 kB
VmallocUsed:      382744 kB
VmallocChunk:          0 kB
Percpu:           598272 kB
HardwareCorrupted:     0 kB
AnonHugePages:         0 kB
ShmemHugePages:        0 kB
ShmemPmdMapped:        0 kB
FileHugePages:         0 kB
FilePmdMapped:         0 kB
Unaccepted:            0 kB
HugePages_Total:       0
HugePages_Free:        0
HugePages_Rsvd:        0
HugePages_Surp:        0
Hugepagesize:       2048 kB
Hugetlb:               0 kB
DirectMap4k:     1108332 kB
DirectMap2M:    20566016 kB
DirectMap1G:    180355072 kB

/sys/kernel/mm/transparent_hugepage/enabled: always [madvise] never
/sys/kernel/mm/transparent_hugepage/hpage_pmd_size: 2097152
/sys/kernel/mm/transparent_hugepage/defrag (defrag/compaction efforts parameter): always defer defer+madvise [madvise] never

Process Memory:
Virtual Size: 22359456K (peak: 22359456K)
Resident Set Size: 891188K (peak: 891188K) (anon: 592720K, file: 298468K, shmem: 0K)
Swapped out: 0K
C-Heap outstanding allocations: 319530K, retained: 106421K
glibc malloc tunables: (default)

/proc/sys/kernel/threads-max (system-wide limit on the number of threads): 1535691
/proc/sys/vm/max_map_count (maximum number of memory map areas a process may have): 1048576
/proc/sys/vm/swappiness (control to define how aggressively the kernel swaps out anonymous memory): 60
/proc/sys/kernel/pid_max (system-wide limit on number of process identifiers): 4194304

container information not found.
Steal ticks since vm start: 0
Steal ticks percentage since vm start:  0.000

CPU: total 96 (initial active 96) (24 cores per cpu, 2 threads per core) family 6 model 85 stepping 7 microcode 0x5003901, cx8, cmov, fxsr, ht, mmx, 3dnowpref, sse, sse2, sse3, ssse3, sse4.1, sse4.2, popcnt, lzcnt, tsc, tscinvbit, avx, avx2, aes, erms, clmul, bmi1, bmi2, adx, avx512f, avx512dq, avx512cd, avx512bw, avx512vl, fma, vzeroupper, avx512_vnni, clflush, clflushopt, clwb, rdtscp, f16c, pku, ospke
CPU Model and flags from /proc/cpuinfo:
model name	: Intel(R) Xeon(R) Gold 5220R CPU @ 2.20GHz
flags		: fpu vme de pse tsc msr pae mce cx8 apic sep mtrr pge mca cmov pat pse36 clflush dts acpi mmx fxsr sse sse2 ss ht tm pbe syscall nx pdpe1gb rdtscp lm constant_tsc art arch_perfmon pebs bts rep_good nopl xtopology nonstop_tsc cpuid aperfmperf pni pclmulqdq dtes64 monitor ds_cpl vmx smx est tm2 ssse3 sdbg fma cx16 xtpr pdcm pcid dca sse4_1 sse4_2 x2apic movbe popcnt tsc_deadline_timer aes xsave avx f16c rdrand lahf_lm abm 3dnowprefetch cpuid_fault epb cat_l3 cdp_l3 intel_ppin ssbd mba ibrs ibpb stibp ibrs_enhanced tpr_shadow flexpriority ept vpid ept_ad fsgsbase tsc_adjust bmi1 avx2 smep bmi2 erms invpcid cqm mpx rdt_a avx512f avx512dq rdseed adx smap clflushopt clwb intel_pt avx512cd avx512bw avx512vl xsaveopt xsavec xgetbv1 xsaves cqm_llc cqm_occup_llc cqm_mbm_total cqm_mbm_local dtherm ida arat pln pts vnmi pku ospke avx512_vnni md_clear flush_l1d arch_capabilities

Online cpus: 0-95
Offline cpus: 
BIOS frequency limitation: <Not Available>
Frequency switch latency (ns): 20000
Available cpu frequencies: <Not Available>
Current governor: schedutil
Core performance/turbo boost: <Not Available>

Memory: 4k page, physical 196656324k(189934676k free), swap 8388604k(8388604k free)
Page Sizes: 4k

vm_info: OpenJDK 64-Bit Server VM (21.0.8+9-Ubuntu-0ubuntu124.04.1) for linux-amd64 JRE (21.0.8+9-Ubuntu-0ubuntu124.04.1), built on 2025-07-16T21:55:59Z by "buildd" with gcc 13.3.0

END.
