kappa,recall,f1-score,precision,last_kappa,last_recall,last_f1-score,last_precision,kappa_pred_0_with_drift,kappa_pred_0_without_drift,kappa_pred_1_with_drift,kappa_pred_1_without_drift,kappa_pred_2_with_drift,kappa_pred_2_without_drift,recall_pred_0_with_drift,recall_pred_0_without_drift,recall_pred_1_with_drift,recall_pred_1_without_drift,recall_pred_2_with_drift,recall_pred_2_without_drift,f1-score_pred_0_with_drift,f1-score_pred_0_without_drift,f1-score_pred_1_with_drift,f1-score_pred_1_without_drift,f1-score_pred_2_with_drift,f1-score_pred_2_without_drift,precision_pred_0_with_drift,precision_pred_0_without_drift,precision_pred_1_with_drift,precision_pred_1_without_drift,precision_pred_2_with_drift,precision_pred_2_without_drift
0.6351931330472103,0.83,0.83,0.83,,,,,0.0,0.0,0.0,0.0,0.0,0.0,0.0,0.0,0.0,0.0,0.0,0.0,0.0,0.0,0.0,0.0,0.0,0.0,0.0,0.0,0.0,0.0,0.0,0.0
0.3604004449388209,0.77,0.77,0.77,,,,,0.0,0.0,0.0,0.0,0.0,0.0,0.0,0.0,0.0,0.0,0.0,0.0,0.0,0.0,0.0,0.0,0.0,0.0,0.0,0.0,0.0,0.0,0.0,0.0
0.2491467576791808,0.78,0.78,0.78,,,,,0.0,0.0,0.0,0.0,0.0,0.0,0.0,0.0,0.0,0.0,0.0,0.0,0.0,0.0,0.0,0.0,0.0,0.0,0.0,0.0,0.0,0.0,0.0,0.0
0.1097922848664688,0.76,0.76,0.76,,,,,0.0,0.0,0.0,0.0,0.0,0.0,0.0,0.0,0.0,0.0,0.0,0.0,0.0,0.0,0.0,0.0,0.0,0.0,0.0,0.0,0.0,0.0,0.0,0.0
0.0922844175491678,0.64,0.64,0.64,,,,,0.0,0.0,0.0,0.0,0.0,0.0,0.0,0.0,0.0,0.0,0.0,0.0,0.0,0.0,0.0,0.0,0.0,0.0,0.0,0.0,0.0,0.0,0.0,0.0
0.16,0.58,0.58,0.58,,,,,0.0,0.0,0.0,0.0,0.0,0.0,0.0,0.0,0.0,0.0,0.0,0.0,0.0,0.0,0.0,0.0,0.0,0.0,0.0,0.0,0.0,0.0,0.0,0.0
0.1160220994475137,0.52,0.52,0.52,,,,,0.0,0.0,0.0,0.0,0.0,0.0,0.0,0.0,0.0,0.0,0.0,0.0,0.0,0.0,0.0,0.0,0.0,0.0,0.0,0.0,0.0,0.0,0.0,0.0
0.0971766250820749,0.45,0.45,0.45,,,,,0.0,0.0,0.0,0.0,0.0,0.0,0.0,0.0,0.0,0.0,0.0,0.0,0.0,0.0,0.0,0.0,0.0,0.0,0.0,0.0,0.0,0.0,0.0,0.0
0.3093922651933702,0.65,0.65,0.65,,,,,0.0,0.0,0.0,0.0,0.0,0.0,0.0,0.0,0.0,0.0,0.0,0.0,0.0,0.0,0.0,0.0,0.0,0.0,0.0,0.0,0.0,0.0,0.0,0.0
0.2424242424242424,0.61,0.61,0.61,,,,,0.0,0.0,0.0,0.0,0.0,0.0,0.0,0.0,0.0,0.0,0.0,0.0,0.0,0.0,0.0,0.0,0.0,0.0,0.0,0.0,0.0,0.0,0.0,0.0
0.45141065830721,0.72,0.72,0.72,,,,,0.0,0.0,0.0,0.0,0.0,0.0,0.0,0.0,0.0,0.0,0.0,0.0,0.0,0.0,0.0,0.0,0.0,0.0,0.0,0.0,0.0,0.0,0.0,0.0
0.2199999999999999,0.61,0.61,0.61,,,,,0.0,0.0,0.0,0.0,0.0,0.0,0.0,0.0,0.0,0.0,0.0,0.0,0.0,0.0,0.0,0.0,0.0,0.0,0.0,0.0,0.0,0.0,0.0,0.0
0.0829346092503986,0.54,0.54,0.54,,,,,0.0,0.0,0.0,0.0,0.0,0.0,0.0,0.0,0.0,0.0,0.0,0.0,0.0,0.0,0.0,0.0,0.0,0.0,0.0,0.0,0.0,0.0,0.0,0.0
0.3514389947304418,0.68,0.68,0.68,,,,,0.0,0.0,0.0,0.0,0.0,0.0,0.0,0.0,0.0,0.0,0.0,0.0,0.0,0.0,0.0,0.0,0.0,0.0,0.0,0.0,0.0,0.0,0.0,0.0
0.4979919678714859,0.75,0.75,0.75,,,,,0.0,0.0,0.0,0.0,0.0,0.0,0.0,0.0,0.0,0.0,0.0,0.0,0.0,0.0,0.0,0.0,0.0,0.0,0.0,0.0,0.0,0.0,0.0,0.0
0.8459507042253521,0.93,0.93,0.93,,,,,0.0,0.0,0.0,0.0,0.0,0.0,0.0,0.0,0.0,0.0,0.0,0.0,0.0,0.0,0.0,0.0,0.0,0.0,0.0,0.0,0.0,0.0,0.0,0.0
0.8016660055533519,0.9,0.9,0.9,,,,,0.0,0.0,0.0,0.0,0.0,0.0,0.0,0.0,0.0,0.0,0.0,0.0,0.0,0.0,0.0,0.0,0.0,0.0,0.0,0.0,0.0,0.0,0.0,0.0
0.8754669987546699,0.94,0.94,0.94,,,,,0.0,0.0,0.0,0.0,0.0,0.0,0.0,0.0,0.0,0.0,0.0,0.0,0.0,0.0,0.0,0.0,0.0,0.0,0.0,0.0,0.0,0.0,0.0,0.0
0.6799999999999999,0.84,0.84,0.84,,,,,0.0,0.0,0.0,0.0,0.0,0.0,0.0,0.0,0.0,0.0,0.0,0.0,0.0,0.0,0.0,0.0,0.0,0.0,0.0,0.0,0.0,0.0,0.0,0.0
0.6268656716417911,0.82,0.82,0.82,,,,,0.0,0.0,0.0,0.0,0.0,0.0,0.0,0.0,0.0,0.0,0.0,0.0,0.0,0.0,0.0,0.0,0.0,0.0,0.0,0.0,0.0,0.0,0.0,0.0
0.5966115369100444,0.8,0.8,0.8,,,,,0.0,0.0,0.0,0.0,0.0,0.0,0.0,0.0,0.0,0.0,0.0,0.0,0.0,0.0,0.0,0.0,0.0,0.0,0.0,0.0,0.0,0.0,0.0,0.0
0.6073298429319371,0.82,0.82,0.82,,,,,0.0,0.0,0.0,0.0,0.0,0.0,0.0,0.0,0.0,0.0,0.0,0.0,0.0,0.0,0.0,0.0,0.0,0.0,0.0,0.0,0.0,0.0,0.0,0.0
0.5039272426622571,0.76,0.76,0.76,,,,,0.0,0.0,0.0,0.0,0.0,0.0,0.0,0.0,0.0,0.0,0.0,0.0,0.0,0.0,0.0,0.0,0.0,0.0,0.0,0.0,0.0,0.0,0.0,0.0
0.4062244062244062,0.71,0.71,0.71,,,,,0.0,0.0,0.0,0.0,0.0,0.0,0.0,0.0,0.0,0.0,0.0,0.0,0.0,0.0,0.0,0.0,0.0,0.0,0.0,0.0,0.0,0.0,0.0,0.0
0.4478293983244478,0.71,0.71,0.71,,,,,0.0,0.0,0.0,0.0,0.0,0.0,0.0,0.0,0.0,0.0,0.0,0.0,0.0,0.0,0.0,0.0,0.0,0.0,0.0,0.0,0.0,0.0,0.0,0.0
0.6489859594383776,0.82,0.82,0.82,,,,,0.0,0.0,0.0,0.0,0.0,0.0,0.0,0.0,0.0,0.0,0.0,0.0,0.0,0.0,0.0,0.0,0.0,0.0,0.0,0.0,0.0,0.0,0.0,0.0
0.8198558847077662,0.91,0.91,0.91,,,,,0.0,0.0,0.0,0.0,0.0,0.0,0.0,0.0,0.0,0.0,0.0,0.0,0.0,0.0,0.0,0.0,0.0,0.0,0.0,0.0,0.0,0.0,0.0,0.0
0.9142367066895368,0.96,0.96,0.96,,,,,0.0,0.0,0.0,0.0,0.0,0.0,0.0,0.0,0.0,0.0,0.0,0.0,0.0,0.0,0.0,0.0,0.0,0.0,0.0,0.0,0.0,0.0,0.0,0.0
0.9140893470790378,0.97,0.97,0.97,,,,,0.0,0.0,0.0,0.0,0.0,0.0,0.0,0.0,0.0,0.0,0.0,0.0,0.0,0.0,0.0,0.0,0.0,0.0,0.0,0.0,0.0,0.0,0.0,0.0
0.3150684931506849,0.96,0.96,0.96,,,,,0.0,0.0,0.0,0.0,0.0,0.0,0.0,0.0,0.0,0.0,0.0,0.0,0.0,0.0,0.0,0.0,0.0,0.0,0.0,0.0,0.0,0.0,0.0,0.0
0.5247148288973384,0.95,0.95,0.95,,,,,0.0,0.0,0.0,0.0,0.0,0.0,0.0,0.0,0.0,0.0,0.0,0.0,0.0,0.0,0.0,0.0,0.0,0.0,0.0,0.0,0.0,0.0,0.0,0.0
0.7600767754318618,0.9,0.9,0.9,,,,,0.0,0.0,0.0,0.0,0.0,0.0,0.0,0.0,0.0,0.0,0.0,0.0,0.0,0.0,0.0,0.0,0.0,0.0,0.0,0.0,0.0,0.0,0.0,0.0
0.8308668076109936,0.92,0.92,0.92,,,,,0.0,0.0,0.0,0.0,0.0,0.0,0.0,0.0,0.0,0.0,0.0,0.0,0.0,0.0,0.0,0.0,0.0,0.0,0.0,0.0,0.0,0.0,0.0,0.0
0.74,0.87,0.87,0.87,,,,,0.0,0.0,0.0,0.0,0.0,0.0,0.0,0.0,0.0,0.0,0.0,0.0,0.0,0.0,0.0,0.0,0.0,0.0,0.0,0.0,0.0,0.0,0.0,0.0
0.5454545454545454,0.77,0.77,0.77,,,,,0.0,0.0,0.0,0.0,0.0,0.0,0.0,0.0,0.0,0.0,0.0,0.0,0.0,0.0,0.0,0.0,0.0,0.0,0.0,0.0,0.0,0.0,0.0,0.0
0.5032479938861292,0.74,0.74,0.74,,,,,0.0,0.0,0.0,0.0,0.0,0.0,0.0,0.0,0.0,0.0,0.0,0.0,0.0,0.0,0.0,0.0,0.0,0.0,0.0,0.0,0.0,0.0,0.0,0.0
0.5106035889070147,0.76,0.76,0.76,,,,,0.0,0.0,0.0,0.0,0.0,0.0,0.0,0.0,0.0,0.0,0.0,0.0,0.0,0.0,0.0,0.0,0.0,0.0,0.0,0.0,0.0,0.0,0.0,0.0
0.6765249537892791,0.86,0.86,0.86,,,,,0.0,0.0,0.0,0.0,0.0,0.0,0.0,0.0,0.0,0.0,0.0,0.0,0.0,0.0,0.0,0.0,0.0,0.0,0.0,0.0,0.0,0.0,0.0,0.0
0.8068669527896996,0.91,0.91,0.91,,,,,0.0,0.0,0.0,0.0,0.0,0.0,0.0,0.0,0.0,0.0,0.0,0.0,0.0,0.0,0.0,0.0,0.0,0.0,0.0,0.0,0.0,0.0,0.0,0.0
0.8,0.9,0.9,0.9,,,,,0.0,0.0,0.0,0.0,0.0,0.0,0.0,0.0,0.0,0.0,0.0,0.0,0.0,0.0,0.0,0.0,0.0,0.0,0.0,0.0,0.0,0.0,0.0,0.0
0.782608695652174,0.89,0.89,0.89,,,,,0.0,0.0,0.0,0.0,0.0,0.0,0.0,0.0,0.0,0.0,0.0,0.0,0.0,0.0,0.0,0.0,0.0,0.0,0.0,0.0,0.0,0.0,0.0,0.0
0.7995991983967936,0.9,0.9,0.9,,,,,0.0,0.0,0.0,0.0,0.0,0.0,0.0,0.0,0.0,0.0,0.0,0.0,0.0,0.0,0.0,0.0,0.0,0.0,0.0,0.0,0.0,0.0,0.0,0.0
0.8995176848874598,0.95,0.95,0.95,,,,,0.0,0.0,0.0,0.0,0.0,0.0,0.0,0.0,0.0,0.0,0.0,0.0,0.0,0.0,0.0,0.0,0.0,0.0,0.0,0.0,0.0,0.0,0.0,0.0
0.7740345110928513,0.89,0.89,0.89,,,,,0.0,0.0,0.0,0.0,0.0,0.0,0.0,0.0,0.0,0.0,0.0,0.0,0.0,0.0,0.0,0.0,0.0,0.0,0.0,0.0,0.0,0.0,0.0,0.0
0.7355573637103336,0.87,0.87,0.87,,,,,0.0,0.0,0.0,0.0,0.0,0.0,0.0,0.0,0.0,0.0,0.0,0.0,0.0,0.0,0.0,0.0,0.0,0.0,0.0,0.0,0.0,0.0,0.0,0.0
0.6784565916398714,0.86,0.86,0.86,,,,,0.0,0.0,0.0,0.0,0.0,0.0,0.0,0.0,0.0,0.0,0.0,0.0,0.0,0.0,0.0,0.0,0.0,0.0,0.0,0.0,0.0,0.0,0.0,0.0
0.8313659359190556,0.92,0.92,0.92,,,,,0.0,0.0,0.0,0.0,0.0,0.0,0.0,0.0,0.0,0.0,0.0,0.0,0.0,0.0,0.0,0.0,0.0,0.0,0.0,0.0,0.0,0.0,0.0,0.0
0.8956594323873122,0.95,0.95,0.95,,,,,0.0,0.0,0.0,0.0,0.0,0.0,0.0,0.0,0.0,0.0,0.0,0.0,0.0,0.0,0.0,0.0,0.0,0.0,0.0,0.0,0.0,0.0,0.0,0.0
0.9386753883892068,0.97,0.97,0.97,,,,,0.0,0.0,0.0,0.0,0.0,0.0,0.0,0.0,0.0,0.0,0.0,0.0,0.0,0.0,0.0,0.0,0.0,0.0,0.0,0.0,0.0,0.0,0.0,0.0
0.9547715965626412,0.98,0.98,0.98,,,,,0.0,0.0,0.0,0.0,0.0,0.0,0.0,0.0,0.0,0.0,0.0,0.0,0.0,0.0,0.0,0.0,0.0,0.0,0.0,0.0,0.0,0.0,0.0,0.0
0.7844827586206897,0.97,0.97,0.97,,,,,0.0,0.0,0.0,0.0,0.0,0.0,0.0,0.0,0.0,0.0,0.0,0.0,0.0,0.0,0.0,0.0,0.0,0.0,0.0,0.0,0.0,0.0,0.0,0.0
0.0,0.92,0.92,0.92,,,,,0.0,0.0,0.0,0.0,0.0,0.0,0.0,0.0,0.0,0.0,0.0,0.0,0.0,0.0,0.0,0.0,0.0,0.0,0.0,0.0,0.0,0.0,0.0,0.0
0.0,0.85,0.85,0.85,,,,,0.0,0.0,0.0,0.0,0.0,0.0,0.0,0.0,0.0,0.0,0.0,0.0,0.0,0.0,0.0,0.0,0.0,0.0,0.0,0.0,0.0,0.0,0.0,0.0
0.3380855397148676,0.87,0.87,0.87,,,,,0.0,0.0,0.0,0.0,0.0,0.0,0.0,0.0,0.0,0.0,0.0,0.0,0.0,0.0,0.0,0.0,0.0,0.0,0.0,0.0,0.0,0.0,0.0,0.0
0.3190661478599222,0.86,0.86,0.86,,,,,0.0,0.0,0.0,0.0,0.0,0.0,0.0,0.0,0.0,0.0,0.0,0.0,0.0,0.0,0.0,0.0,0.0,0.0,0.0,0.0,0.0,0.0,0.0,0.0
0.4360902255639097,0.91,0.91,0.91,,,,,0.0,0.0,0.0,0.0,0.0,0.0,0.0,0.0,0.0,0.0,0.0,0.0,0.0,0.0,0.0,0.0,0.0,0.0,0.0,0.0,0.0,0.0,0.0,0.0
0.220183486238532,0.83,0.83,0.83,,,,,0.0,0.0,0.0,0.0,0.0,0.0,0.0,0.0,0.0,0.0,0.0,0.0,0.0,0.0,0.0,0.0,0.0,0.0,0.0,0.0,0.0,0.0,0.0,0.0
0.0,0.79,0.79,0.79,,,,,0.0,0.0,0.0,0.0,0.0,0.0,0.0,0.0,0.0,0.0,0.0,0.0,0.0,0.0,0.0,0.0,0.0,0.0,0.0,0.0,0.0,0.0,0.0,0.0
0.4642857142857143,0.79,0.79,0.79,,,,,0.0,0.0,0.0,0.0,0.0,0.0,0.0,0.0,0.0,0.0,0.0,0.0,0.0,0.0,0.0,0.0,0.0,0.0,0.0,0.0,0.0,0.0,0.0,0.0
0.4318181818181817,0.73,0.73,0.73,,,,,0.0,0.0,0.0,0.0,0.0,0.0,0.0,0.0,0.0,0.0,0.0,0.0,0.0,0.0,0.0,0.0,0.0,0.0,0.0,0.0,0.0,0.0,0.0,0.0
0.5569620253164558,0.79,0.79,0.79,,,,,0.0,0.0,0.0,0.0,0.0,0.0,0.0,0.0,0.0,0.0,0.0,0.0,0.0,0.0,0.0,0.0,0.0,0.0,0.0,0.0,0.0,0.0,0.0,0.0
0.5721271393643031,0.79,0.79,0.79,,,,,0.0,0.0,0.0,0.0,0.0,0.0,0.0,0.0,0.0,0.0,0.0,0.0,0.0,0.0,0.0,0.0,0.0,0.0,0.0,0.0,0.0,0.0,0.0,0.0
0.5192307692307693,0.77,0.77,0.77,,,,,0.0,0.0,0.0,0.0,0.0,0.0,0.0,0.0,0.0,0.0,0.0,0.0,0.0,0.0,0.0,0.0,0.0,0.0,0.0,0.0,0.0,0.0,0.0,0.0
0.4954128440366971,0.78,0.78,0.78,,,,,0.0,0.0,0.0,0.0,0.0,0.0,0.0,0.0,0.0,0.0,0.0,0.0,0.0,0.0,0.0,0.0,0.0,0.0,0.0,0.0,0.0,0.0,0.0,0.0
0.4823386114494519,0.83,0.83,0.83,,,,,0.0,0.0,0.0,0.0,0.0,0.0,0.0,0.0,0.0,0.0,0.0,0.0,0.0,0.0,0.0,0.0,0.0,0.0,0.0,0.0,0.0,0.0,0.0,0.0
0.2915904936014626,0.69,0.69,0.69,,,,,0.0,0.0,0.0,0.0,0.0,0.0,0.0,0.0,0.0,0.0,0.0,0.0,0.0,0.0,0.0,0.0,0.0,0.0,0.0,0.0,0.0,0.0,0.0,0.0
0.2388758782201404,0.74,0.74,0.74,,,,,0.0,0.0,0.0,0.0,0.0,0.0,0.0,0.0,0.0,0.0,0.0,0.0,0.0,0.0,0.0,0.0,0.0,0.0,0.0,0.0,0.0,0.0,0.0,0.0
0.1815476190476189,0.67,0.67,0.67,,,,,0.0,0.0,0.0,0.0,0.0,0.0,0.0,0.0,0.0,0.0,0.0,0.0,0.0,0.0,0.0,0.0,0.0,0.0,0.0,0.0,0.0,0.0,0.0,0.0
0.1181657848324514,0.7,0.7,0.7,,,,,0.0,0.0,0.0,0.0,0.0,0.0,0.0,0.0,0.0,0.0,0.0,0.0,0.0,0.0,0.0,0.0,0.0,0.0,0.0,0.0,0.0,0.0,0.0,0.0
0.1698113207547169,0.78,0.78,0.78,,,,,0.0,0.0,0.0,0.0,0.0,0.0,0.0,0.0,0.0,0.0,0.0,0.0,0.0,0.0,0.0,0.0,0.0,0.0,0.0,0.0,0.0,0.0,0.0,0.0
0.2331288343558282,0.8,0.8,0.8,,,,,0.0,0.0,0.0,0.0,0.0,0.0,0.0,0.0,0.0,0.0,0.0,0.0,0.0,0.0,0.0,0.0,0.0,0.0,0.0,0.0,0.0,0.0,0.0,0.0
0.1473396998635743,0.75,0.75,0.75,,,,,0.0,0.0,0.0,0.0,0.0,0.0,0.0,0.0,0.0,0.0,0.0,0.0,0.0,0.0,0.0,0.0,0.0,0.0,0.0,0.0,0.0,0.0,0.0,0.0
0.1473396998635743,0.75,0.75,0.75,,,,,0.0,0.0,0.0,0.0,0.0,0.0,0.0,0.0,0.0,0.0,0.0,0.0,0.0,0.0,0.0,0.0,0.0,0.0,0.0,0.0,0.0,0.0,0.0,0.0
0.0,0.81,0.81,0.81,,,,,0.0,0.0,0.0,0.0,0.0,0.0,0.0,0.0,0.0,0.0,0.0,0.0,0.0,0.0,0.0,0.0,0.0,0.0,0.0,0.0,0.0,0.0,0.0,0.0
0.0,0.8,0.8,0.8,,,,,0.0,0.0,0.0,0.0,0.0,0.0,0.0,0.0,0.0,0.0,0.0,0.0,0.0,0.0,0.0,0.0,0.0,0.0,0.0,0.0,0.0,0.0,0.0,0.0
0.0,0.85,0.85,0.85,,,,,0.0,0.0,0.0,0.0,0.0,0.0,0.0,0.0,0.0,0.0,0.0,0.0,0.0,0.0,0.0,0.0,0.0,0.0,0.0,0.0,0.0,0.0,0.0,0.0
0.0,0.68,0.68,0.68,,,,,0.0,0.0,0.0,0.0,0.0,0.0,0.0,0.0,0.0,0.0,0.0,0.0,0.0,0.0,0.0,0.0,0.0,0.0,0.0,0.0,0.0,0.0,0.0,0.0
0.0969162995594714,0.59,0.59,0.59,,,,,0.0,0.0,0.0,0.0,0.0,0.0,0.0,0.0,0.0,0.0,0.0,0.0,0.0,0.0,0.0,0.0,0.0,0.0,0.0,0.0,0.0,0.0,0.0,0.0
0.1452991452991453,0.58,0.58,0.58,,,,,0.0,0.0,0.0,0.0,0.0,0.0,0.0,0.0,0.0,0.0,0.0,0.0,0.0,0.0,0.0,0.0,0.0,0.0,0.0,0.0,0.0,0.0,0.0,0.0
0.4106463878326996,0.69,0.69,0.69,,,,,0.0,0.0,0.0,0.0,0.0,0.0,0.0,0.0,0.0,0.0,0.0,0.0,0.0,0.0,0.0,0.0,0.0,0.0,0.0,0.0,0.0,0.0,0.0,0.0
0.4791666666666667,0.73,0.73,0.73,,,,,0.0,0.0,0.0,0.0,0.0,0.0,0.0,0.0,0.0,0.0,0.0,0.0,0.0,0.0,0.0,0.0,0.0,0.0,0.0,0.0,0.0,0.0,0.0,0.0
0.5977011494252874,0.79,0.79,0.79,,,,,0.0,0.0,0.0,0.0,0.0,0.0,0.0,0.0,0.0,0.0,0.0,0.0,0.0,0.0,0.0,0.0,0.0,0.0,0.0,0.0,0.0,0.0,0.0,0.0
0.5253164556962026,0.76,0.76,0.76,,,,,0.0,0.0,0.0,0.0,0.0,0.0,0.0,0.0,0.0,0.0,0.0,0.0,0.0,0.0,0.0,0.0,0.0,0.0,0.0,0.0,0.0,0.0,0.0,0.0
0.6599999999999999,0.83,0.83,0.83,,,,,0.0,0.0,0.0,0.0,0.0,0.0,0.0,0.0,0.0,0.0,0.0,0.0,0.0,0.0,0.0,0.0,0.0,0.0,0.0,0.0,0.0,0.0,0.0,0.0
0.8344370860927153,0.92,0.92,0.92,,,,,0.0,0.0,0.0,0.0,0.0,0.0,0.0,0.0,0.0,0.0,0.0,0.0,0.0,0.0,0.0,0.0,0.0,0.0,0.0,0.0,0.0,0.0,0.0,0.0
0.7803163444639719,0.9,0.9,0.9,,,,,0.0,0.0,0.0,0.0,0.0,0.0,0.0,0.0,0.0,0.0,0.0,0.0,0.0,0.0,0.0,0.0,0.0,0.0,0.0,0.0,0.0,0.0,0.0,0.0
0.8109640831758034,0.92,0.92,0.92,,,,,0.0,0.0,0.0,0.0,0.0,0.0,0.0,0.0,0.0,0.0,0.0,0.0,0.0,0.0,0.0,0.0,0.0,0.0,0.0,0.0,0.0,0.0,0.0,0.0
0.6452103395843893,0.86,0.86,0.86,,,,,0.0,0.0,0.0,0.0,0.0,0.0,0.0,0.0,0.0,0.0,0.0,0.0,0.0,0.0,0.0,0.0,0.0,0.0,0.0,0.0,0.0,0.0,0.0,0.0
0.7025074373140672,0.86,0.86,0.86,,,,,0.0,0.0,0.0,0.0,0.0,0.0,0.0,0.0,0.0,0.0,0.0,0.0,0.0,0.0,0.0,0.0,0.0,0.0,0.0,0.0,0.0,0.0,0.0,0.0
0.7010463378176383,0.88,0.88,0.88,,,,,0.0,0.0,0.0,0.0,0.0,0.0,0.0,0.0,0.0,0.0,0.0,0.0,0.0,0.0,0.0,0.0,0.0,0.0,0.0,0.0,0.0,0.0,0.0,0.0
0.64,0.82,0.82,0.82,,,,,0.0,0.0,0.0,0.0,0.0,0.0,0.0,0.0,0.0,0.0,0.0,0.0,0.0,0.0,0.0,0.0,0.0,0.0,0.0,0.0,0.0,0.0,0.0,0.0
0.576271186440678,0.84,0.84,0.84,,,,,0.0,0.0,0.0,0.0,0.0,0.0,0.0,0.0,0.0,0.0,0.0,0.0,0.0,0.0,0.0,0.0,0.0,0.0,0.0,0.0,0.0,0.0,0.0,0.0
0.496822033898305,0.81,0.81,0.81,,,,,0.0,0.0,0.0,0.0,0.0,0.0,0.0,0.0,0.0,0.0,0.0,0.0,0.0,0.0,0.0,0.0,0.0,0.0,0.0,0.0,0.0,0.0,0.0,0.0
0.1168478260869564,0.87,0.87,0.87,,,,,0.0,0.0,0.0,0.0,0.0,0.0,0.0,0.0,0.0,0.0,0.0,0.0,0.0,0.0,0.0,0.0,0.0,0.0,0.0,0.0,0.0,0.0,0.0,0.0
0.0,0.74,0.74,0.74,,,,,0.0,0.0,0.0,0.0,0.0,0.0,0.0,0.0,0.0,0.0,0.0,0.0,0.0,0.0,0.0,0.0,0.0,0.0,0.0,0.0,0.0,0.0,0.0,0.0
0.0,0.79,0.79,0.79,,,,,0.0,0.0,0.0,0.0,0.0,0.0,0.0,0.0,0.0,0.0,0.0,0.0,0.0,0.0,0.0,0.0,0.0,0.0,0.0,0.0,0.0,0.0,0.0,0.0
0.0700218818380744,0.66,0.66,0.66,,,,,0.0,0.0,0.0,0.0,0.0,0.0,0.0,0.0,0.0,0.0,0.0,0.0,0.0,0.0,0.0,0.0,0.0,0.0,0.0,0.0,0.0,0.0,0.0,0.0
0.6372430471584039,0.82,0.82,0.82,0.0700218818380744,0.66,0.66,0.66,0.8137597817139913,0.8427822512108285,0.8137597817139913,0.8427822512108285,0.8137597817139913,0.8427822512108285,0.9374569108965733,0.8791506358748197,0.9374569108965733,0.8791506358748197,0.9374569108965733,0.8791506358748197,0.9374569108965733,0.8791506358748197,0.9374569108965733,0.8791506358748197,0.9374569108965733,0.8791506358748197,0.9374569108965733,0.8791506358748197,0.9374569108965733,0.8791506358748197,0.9374569108965733,0.8791506358748197
0.6382636655948553,0.82,0.82,0.82,0.0700218818380744,0.66,0.66,0.66,0.8149444147634228,0.7877041672822428,0.8149444147634228,0.7877041672822428,0.8149444147634228,0.7877041672822428,0.8925434905584905,0.8654128685504655,0.8925434905584905,0.8654128685504655,0.8925434905584905,0.8654128685504655,0.8925434905584905,0.8654128685504655,0.8925434905584905,0.8654128685504655,0.8925434905584905,0.8654128685504655,0.8925434905584905,0.8654128685504655,0.8925434905584905,0.8654128685504655,0.8925434905584905,0.8654128685504655
0.6868884540117417,0.84,0.84,0.84,0.0700218818380744,0.66,0.66,0.66,0.8369486248441995,0.7808879485323511,0.8369486248441995,0.7808879485323511,0.8369486248441995,0.7808879485323511,0.9328034270883138,0.8921812140057161,0.9328034270883138,0.8921812140057161,0.9328034270883138,0.8921812140057161,0.9328034270883138,0.8921812140057161,0.9328034270883138,0.8921812140057161,0.9328034270883138,0.8921812140057161,0.9328034270883138,0.8921812140057161,0.9328034270883138,0.8921812140057161,0.9328034270883138,0.8921812140057161
0.6819085487077534,0.84,0.84,0.84,0.0700218818380744,0.66,0.66,0.66,0.8447543850561046,0.7718552052223929,0.8447543850561046,0.7718552052223929,0.8447543850561046,0.7718552052223929,0.8965665917091279,0.9016368765315151,0.8965665917091279,0.9016368765315151,0.8965665917091279,0.9016368765315151,0.8965665917091279,0.9016368765315151,0.8965665917091279,0.9016368765315151,0.8965665917091279,0.9016368765315151,0.8965665917091279,0.9016368765315151,0.8965665917091279,0.9016368765315151,0.8965665917091279,0.9016368765315151
0.6120689655172413,0.82,0.82,0.82,0.0700218818380744,0.66,0.66,0.66,0.7337279463004762,0.6120954509613576,0.7337279463004762,0.6120954509613576,0.7337279463004762,0.6120954509613576,0.8533628126340479,0.8508541393453659,0.8533628126340479,0.8508541393453659,0.8533628126340479,0.8508541393453659,0.8533628126340479,0.8508541393453659,0.8533628126340479,0.8508541393453659,0.8533628126340479,0.8508541393453659,0.8533628126340479,0.8508541393453659,0.8533628126340479,0.8508541393453659,0.8533628126340479,0.8508541393453659
0.7990353697749196,0.9,0.9,0.9,0.0700218818380744,0.66,0.66,0.66,0.6719432641902343,0.6447755138490193,0.6719432641902343,0.6447755138490193,0.6719432641902343,0.6447755138490193,0.8556344212138144,0.7770435538034947,0.8556344212138144,0.7770435538034947,0.8556344212138144,0.7770435538034947,0.8556344212138144,0.7770435538034947,0.8556344212138144,0.7770435538034947,0.8556344212138144,0.7770435538034947,0.8556344212138144,0.7770435538034947,0.8556344212138144,0.7770435538034947,0.8556344212138144,0.7770435538034947
0.7302904564315353,0.87,0.87,0.87,0.0700218818380744,0.66,0.66,0.66,0.833089501755029,0.7537258857764368,0.833089501755029,0.7537258857764368,0.833089501755029,0.7537258857764368,0.9281158925116875,0.8341560205654928,0.9281158925116875,0.8341560205654928,0.9281158925116875,0.8341560205654928,0.9281158925116875,0.8341560205654928,0.9281158925116875,0.8341560205654928,0.9281158925116875,0.8341560205654928,0.9281158925116875,0.8341560205654928,0.9281158925116875,0.8341560205654928,0.9281158925116875,0.8341560205654928
0.6297909407665505,0.83,0.83,0.83,0.0700218818380744,0.66,0.66,0.66,0.8619894071230301,0.7801017548574833,0.8619894071230301,0.7801017548574833,0.8619894071230301,0.7801017548574833,0.9342815989750691,0.8736371356810263,0.9342815989750691,0.8736371356810263,0.9342815989750691,0.8736371356810263,0.9342815989750691,0.8736371356810263,0.9342815989750691,0.8736371356810263,0.9342815989750691,0.8736371356810263,0.9342815989750691,0.8736371356810263,0.9342815989750691,0.8736371356810263,0.9342815989750691,0.8736371356810263
0.323076923076923,0.78,0.78,0.78,0.0700218818380744,0.66,0.66,0.66,0.7939403059062721,0.7618059895893134,0.7939403059062721,0.7618059895893134,0.7939403059062721,0.7618059895893134,0.9124108360300129,0.9063088657453494,0.9124108360300129,0.9063088657453494,0.9124108360300129,0.9063088657453494,0.9124108360300129,0.9063088657453494,0.9124108360300129,0.9063088657453494,0.9124108360300129,0.9063088657453494,0.9124108360300129,0.9063088657453494,0.9124108360300129,0.9063088657453494,0.9124108360300129,0.9063088657453494
0.050632911392405,0.73,0.73,0.73,0.0700218818380744,0.66,0.66,0.66,0.09587731461845224,0.22602083635793613,0.09587731461845224,0.22602083635793613,0.09587731461845224,0.22602083635793613,0.6399661157265493,0.8195222896518585,0.6399661157265493,0.8195222896518585,0.6399661157265493,0.8195222896518585,0.6399661157265493,0.8195222896518585,0.6399661157265493,0.8195222896518585,0.6399661157265493,0.8195222896518585,0.6399661157265493,0.8195222896518585,0.6399661157265493,0.8195222896518585,0.6399661157265493,0.8195222896518585
0.0,0.65,0.65,0.65,0.0700218818380744,0.66,0.66,0.66,0.018977355500264012,0.1936245358498045,0.018977355500264012,0.1936245358498045,0.018977355500264012,0.1936245358498045,0.7824990070111708,0.7757785404150364,0.7824990070111708,0.7757785404150364,0.7824990070111708,0.7757785404150364,0.7824990070111708,0.7757785404150364,0.7824990070111708,0.7757785404150364,0.7824990070111708,0.7757785404150364,0.7824990070111708,0.7757785404150364,0.7824990070111708,0.7757785404150364,0.7824990070111708,0.7757785404150364
0.0897544453852666,0.57,0.57,0.57,0.0700218818380744,0.66,0.66,0.66,0.11963402466024996,0.20024127590116564,0.11963402466024996,0.20024127590116564,0.11963402466024996,0.20024127590116564,0.6278031638878332,0.794830649505208,0.6278031638878332,0.794830649505208,0.6278031638878332,0.794830649505208,0.6278031638878332,0.794830649505208,0.6278031638878332,0.794830649505208,0.6278031638878332,0.794830649505208,0.6278031638878332,0.794830649505208,0.6278031638878332,0.794830649505208,0.6278031638878332,0.794830649505208
0.0585774058577406,0.46,0.46,0.46,0.0700218818380744,0.66,0.66,0.66,0.12193253342509906,0.21159317280151468,0.12193253342509906,0.21159317280151468,0.12193253342509906,0.21159317280151468,0.6245468741474394,0.7277059600388356,0.6245468741474394,0.7277059600388356,0.6245468741474394,0.7277059600388356,0.6245468741474394,0.7277059600388356,0.6245468741474394,0.7277059600388356,0.6245468741474394,0.7277059600388356,0.6245468741474394,0.7277059600388356,0.6245468741474394,0.7277059600388356,0.6245468741474394,0.7277059600388356
0.0461275626423691,0.33,0.33,0.33,0.0700218818380744,0.66,0.66,0.66,0.1422406045409893,0.33822928037327515,0.1422406045409893,0.33822928037327515,0.1422406045409893,0.33822928037327515,0.6071420662980332,0.6767552361537692,0.6071420662980332,0.6767552361537692,0.6071420662980332,0.6767552361537692,0.6071420662980332,0.6767552361537692,0.6071420662980332,0.6767552361537692,0.6071420662980332,0.6767552361537692,0.6071420662980332,0.6767552361537692,0.6071420662980332,0.6767552361537692,0.6071420662980332,0.6767552361537692
0.0279672578444747,0.43,0.43,0.43,0.0700218818380744,0.66,0.66,0.66,0.09989214508155721,0.1760010071718787,0.09989214508155721,0.1760010071718787,0.09989214508155721,0.1760010071718787,0.6201744268122114,0.6566612964555271,0.6201744268122114,0.6566612964555271,0.6201744268122114,0.6566612964555271,0.6201744268122114,0.6566612964555271,0.6201744268122114,0.6566612964555271,0.6201744268122114,0.6566612964555271,0.6201744268122114,0.6566612964555271,0.6201744268122114,0.6566612964555271,0.6201744268122114,0.6566612964555271
0.0730337078651683,0.67,0.67,0.67,0.0700218818380744,0.66,0.66,0.66,0.10999376249614899,0.19611148871665315,0.10999376249614899,0.19611148871665315,0.10999376249614899,0.19611148871665315,0.7253272313578224,0.759400398916928,0.7253272313578224,0.759400398916928,0.7253272313578224,0.759400398916928,0.7253272313578224,0.759400398916928,0.7253272313578224,0.759400398916928,0.7253272313578224,0.759400398916928,0.7253272313578224,0.759400398916928,0.7253272313578224,0.759400398916928,0.7253272313578224,0.759400398916928
0.2403314917127071,0.89,0.89,0.89,0.0700218818380744,0.66,0.66,0.66,0.11243204180064514,0.13643380156159007,0.11243204180064514,0.13643380156159007,0.11243204180064514,0.13643380156159007,0.7511880993133937,0.7379163660498302,0.7511880993133937,0.7379163660498302,0.7511880993133937,0.7379163660498302,0.7511880993133937,0.7379163660498302,0.7511880993133937,0.7379163660498302,0.7511880993133937,0.7379163660498302,0.7511880993133937,0.7379163660498302,0.7511880993133937,0.7379163660498302,0.7511880993133937,0.7379163660498302
0.0,0.93,0.93,0.93,0.6372430471584039,0.82,0.82,0.82,0.004867260475062538,0.045929132366630654,0.004867260475062538,0.045929132366630654,0.004867260475062538,0.045929132366630654,0.7541848929099839,0.7124637488237078,0.7541848929099839,0.7124637488237078,0.7541848929099839,0.7124637488237078,0.7541848929099839,0.7124637488237078,0.7541848929099839,0.7124637488237078,0.7541848929099839,0.7124637488237078,0.7541848929099839,0.7124637488237078,0.7541848929099839,0.7124637488237078,0.7541848929099839,0.7124637488237078
0.5103092783505154,0.81,0.81,0.81,0.6382636655948553,0.82,0.82,0.82,0.6941619518630885,0.6277849695198342,0.6941619518630885,0.6277849695198342,0.6941619518630885,0.6277849695198342,0.8697402953409994,0.7996432201107226,0.8697402953409994,0.7996432201107226,0.8697402953409994,0.7996432201107226,0.8697402953409994,0.7996432201107226,0.8697402953409994,0.7996432201107226,0.8697402953409994,0.7996432201107226,0.8697402953409994,0.7996432201107226,0.8697402953409994,0.7996432201107226,0.8697402953409994,0.7996432201107226
0.6227164416203336,0.81,0.81,0.81,0.6868884540117417,0.84,0.84,0.84,0.6487421844947797,0.6702016711454996,0.6487421844947797,0.6702016711454996,0.6487421844947797,0.6702016711454996,0.8472707488700587,0.7530191339555531,0.8472707488700587,0.7530191339555531,0.8472707488700587,0.7530191339555531,0.8472707488700587,0.7530191339555531,0.8472707488700587,0.7530191339555531,0.8472707488700587,0.7530191339555531,0.8472707488700587,0.7530191339555531,0.8472707488700587,0.7530191339555531,0.8472707488700587,0.7530191339555531
0.6111975116640747,0.8,0.8,0.8,0.6819085487077534,0.84,0.84,0.84,0.8635952702572457,0.769130092790327,0.8635952702572457,0.769130092790327,0.8635952702572457,0.769130092790327,0.92106160127869,0.9023950898135504,0.92106160127869,0.9023950898135504,0.92106160127869,0.9023950898135504,0.92106160127869,0.9023950898135504,0.92106160127869,0.9023950898135504,0.92106160127869,0.9023950898135504,0.92106160127869,0.9023950898135504,0.92106160127869,0.9023950898135504,0.92106160127869,0.9023950898135504
0.7591328783621036,0.88,0.88,0.88,0.6120689655172413,0.82,0.82,0.82,0.7466161874179008,0.7506338717771497,0.7466161874179008,0.7506338717771497,0.7466161874179008,0.7506338717771497,0.8628898884474452,0.8734584141323722,0.8628898884474452,0.8734584141323722,0.8628898884474452,0.8734584141323722,0.8628898884474452,0.8734584141323722,0.8628898884474452,0.8734584141323722,0.8628898884474452,0.8734584141323722,0.8628898884474452,0.8734584141323722,0.8628898884474452,0.8734584141323722,0.8628898884474452,0.8734584141323722
0.8792270531400966,0.94,0.94,0.94,0.7990353697749196,0.9,0.9,0.9,0.8050415231084272,0.7064392830754087,0.8050415231084272,0.7064392830754087,0.8050415231084272,0.7064392830754087,0.9104478607195096,0.8448582403880895,0.9104478607195096,0.8448582403880895,0.9104478607195096,0.8448582403880895,0.9104478607195096,0.8448582403880895,0.9104478607195096,0.8448582403880895,0.9104478607195096,0.8448582403880895,0.9104478607195096,0.8448582403880895,0.9104478607195096,0.8448582403880895,0.9104478607195096,0.8448582403880895
0.88,0.94,0.94,0.94,0.7302904564315353,0.87,0.87,0.87,0.8132802585060511,0.707690376201739,0.8132802585060511,0.707690376201739,0.8132802585060511,0.707690376201739,0.8893882056963825,0.8740504873386021,0.8893882056963825,0.8740504873386021,0.8893882056963825,0.8740504873386021,0.8893882056963825,0.8740504873386021,0.8893882056963825,0.8740504873386021,0.8893882056963825,0.8740504873386021,0.8893882056963825,0.8740504873386021,0.8893882056963825,0.8740504873386021,0.8893882056963825,0.8740504873386021
0.959983993597439,0.98,0.98,0.98,0.6297909407665505,0.83,0.83,0.83,0.818103479914351,0.6811667666502407,0.818103479914351,0.6811667666502407,0.818103479914351,0.6811667666502407,0.926493037122946,0.7877119207544582,0.926493037122946,0.7877119207544582,0.926493037122946,0.7877119207544582,0.926493037122946,0.7877119207544582,0.926493037122946,0.7877119207544582,0.926493037122946,0.7877119207544582,0.926493037122946,0.7877119207544582,0.926493037122946,0.7877119207544582,0.926493037122946,0.7877119207544582
0.920031987205118,0.96,0.96,0.96,0.323076923076923,0.78,0.78,0.78,0.6567194748525874,0.6496244723094725,0.6567194748525874,0.6496244723094725,0.6567194748525874,0.6496244723094725,0.854016230589376,0.834530057335173,0.854016230589376,0.834530057335173,0.854016230589376,0.834530057335173,0.854016230589376,0.834530057335173,0.854016230589376,0.834530057335173,0.854016230589376,0.834530057335173,0.854016230589376,0.834530057335173,0.854016230589376,0.834530057335173,0.854016230589376,0.834530057335173
0.816933638443936,0.92,0.92,0.92,0.050632911392405,0.73,0.73,0.73,0.686989734984097,0.6368957827531705,0.686989734984097,0.6368957827531705,0.686989734984097,0.6368957827531705,0.8436236082968988,0.7815602837381881,0.8436236082968988,0.7815602837381881,0.8436236082968988,0.7815602837381881,0.8436236082968988,0.7815602837381881,0.8436236082968988,0.7815602837381881,0.8436236082968988,0.7815602837381881,0.8436236082968988,0.7815602837381881,0.8436236082968988,0.7815602837381881,0.8436236082968988,0.7815602837381881
0.6781609195402298,0.86,0.86,0.86,0.0,0.65,0.65,0.65,0.7466244702925579,0.6486968080684273,0.7466244702925579,0.6486968080684273,0.7466244702925579,0.6486968080684273,0.7939381004332206,0.8275874551469422,0.7939381004332206,0.8275874551469422,0.7939381004332206,0.8275874551469422,0.7939381004332206,0.8275874551469422,0.7939381004332206,0.8275874551469422,0.7939381004332206,0.8275874551469422,0.7939381004332206,0.8275874551469422,0.7939381004332206,0.8275874551469422,0.7939381004332206,0.8275874551469422
0.4852597098736546,0.78,0.78,0.78,0.0897544453852666,0.57,0.57,0.57,0.519489271737153,0.4838256756757353,0.519489271737153,0.4838256756757353,0.519489271737153,0.4838256756757353,0.7532119710580079,0.792388679078105,0.7532119710580079,0.792388679078105,0.7532119710580079,0.792388679078105,0.7532119710580079,0.792388679078105,0.7532119710580079,0.792388679078105,0.7532119710580079,0.792388679078105,0.7532119710580079,0.792388679078105,0.7532119710580079,0.792388679078105,0.7532119710580079,0.792388679078105
0.3902439024390244,0.76,0.76,0.76,0.0585774058577406,0.46,0.46,0.46,0.3192140043245654,0.4437799635241514,0.3192140043245654,0.4437799635241514,0.3192140043245654,0.4437799635241514,0.6572386418339178,0.844244890682755,0.6572386418339178,0.844244890682755,0.6572386418339178,0.844244890682755,0.6572386418339178,0.844244890682755,0.6572386418339178,0.844244890682755,0.6572386418339178,0.844244890682755,0.6572386418339178,0.844244890682755,0.6572386418339178,0.844244890682755,0.6572386418339178,0.844244890682755
0.4471153846153846,0.77,0.77,0.77,0.0461275626423691,0.33,0.33,0.33,0.3845823154447308,0.4589149728905124,0.3845823154447308,0.4589149728905124,0.3845823154447308,0.4589149728905124,0.6587236444783083,0.8257696663141699,0.6587236444783083,0.8257696663141699,0.6587236444783083,0.8257696663141699,0.6587236444783083,0.8257696663141699,0.6587236444783083,0.8257696663141699,0.6587236444783083,0.8257696663141699,0.6587236444783083,0.8257696663141699,0.6587236444783083,0.8257696663141699,0.6587236444783083,0.8257696663141699
0.4620253164556962,0.83,0.83,0.83,0.0279672578444747,0.43,0.43,0.43,0.3442174817393179,0.2971634799313473,0.3442174817393179,0.2971634799313473,0.3442174817393179,0.2971634799313473,0.6678320295393045,0.8135873181469849,0.6678320295393045,0.8135873181469849,0.6678320295393045,0.8135873181469849,0.6678320295393045,0.8135873181469849,0.6678320295393045,0.8135873181469849,0.6678320295393045,0.8135873181469849,0.6678320295393045,0.8135873181469849,0.6678320295393045,0.8135873181469849,0.6678320295393045,0.8135873181469849
0.2294520547945205,0.73,0.73,0.73,0.0730337078651683,0.67,0.67,0.67,0.12572125518119423,0.24679416957204664,0.12572125518119423,0.24679416957204664,0.12572125518119423,0.24679416957204664,0.6120117634001089,0.7866188115037962,0.6120117634001089,0.7866188115037962,0.6120117634001089,0.7866188115037962,0.6120117634001089,0.7866188115037962,0.6120117634001089,0.7866188115037962,0.6120117634001089,0.7866188115037962,0.6120117634001089,0.7866188115037962,0.6120117634001089,0.7866188115037962,0.6120117634001089,0.7866188115037962
0.3239980685659102,0.72,0.72,0.72,0.2403314917127071,0.89,0.89,0.89,0.5157431773040856,0.38844027866050534,0.5157431773040856,0.38844027866050534,0.5157431773040856,0.38844027866050534,0.800679498512654,0.7859293669784408,0.800679498512654,0.7859293669784408,0.800679498512654,0.7859293669784408,0.800679498512654,0.7859293669784408,0.800679498512654,0.7859293669784408,0.800679498512654,0.7859293669784408,0.800679498512654,0.7859293669784408,0.800679498512654,0.7859293669784408,0.800679498512654,0.7859293669784408
0.460708782742681,0.72,0.72,0.72,0.0,0.93,0.93,0.93,0.5798082874899386,0.26604787956145654,0.5798082874899386,0.26604787956145654,0.5798082874899386,0.26604787956145654,0.8147283888850063,0.7603148432284268,0.8147283888850063,0.7603148432284268,0.8147283888850063,0.7603148432284268,0.8147283888850063,0.7603148432284268,0.8147283888850063,0.7603148432284268,0.8147283888850063,0.7603148432284268,0.8147283888850063,0.7603148432284268,0.8147283888850063,0.7603148432284268,0.8147283888850063,0.7603148432284268
0.6079968639749118,0.8,0.8,0.8,0.5103092783505154,0.81,0.81,0.81,0.600952903629951,0.24281248565131963,0.600952903629951,0.24281248565131963,0.600952903629951,0.24281248565131963,0.8210728454025222,0.748097854121526,0.8210728454025222,0.748097854121526,0.8210728454025222,0.748097854121526,0.8210728454025222,0.748097854121526,0.8210728454025222,0.748097854121526,0.8210728454025222,0.748097854121526,0.8210728454025222,0.748097854121526,0.8210728454025222,0.748097854121526,0.8210728454025222,0.748097854121526
0.6314972847168348,0.81,0.81,0.81,0.6227164416203336,0.81,0.81,0.81,0.49496383033043073,0.3498937201231836,0.49496383033043073,0.3498937201231836,0.49496383033043073,0.3498937201231836,0.8068760573723154,0.777094593807114,0.8068760573723154,0.777094593807114,0.8068760573723154,0.777094593807114,0.8068760573723154,0.777094593807114,0.8068760573723154,0.777094593807114,0.8068760573723154,0.777094593807114,0.8068760573723154,0.777094593807114,0.8068760573723154,0.777094593807114,0.8068760573723154,0.777094593807114
0.6445497630331753,0.82,0.82,0.82,0.6111975116640747,0.8,0.8,0.8,0.5375310468696116,0.22117787386733387,0.5375310468696116,0.22117787386733387,0.5375310468696116,0.22117787386733387,0.680074367763799,0.7013637632206193,0.680074367763799,0.7013637632206193,0.680074367763799,0.7013637632206193,0.680074367763799,0.7013637632206193,0.680074367763799,0.7013637632206193,0.680074367763799,0.7013637632206193,0.680074367763799,0.7013637632206193,0.680074367763799,0.7013637632206193,0.680074367763799,0.7013637632206193
0.5888801879404855,0.79,0.79,0.79,0.7591328783621036,0.88,0.88,0.88,0.533140548066555,0.37425814666120794,0.533140548066555,0.37425814666120794,0.533140548066555,0.37425814666120794,0.6622867997604318,0.7264545861080416,0.6622867997604318,0.7264545861080416,0.6622867997604318,0.7264545861080416,0.6622867997604318,0.7264545861080416,0.6622867997604318,0.7264545861080416,0.6622867997604318,0.7264545861080416,0.6622867997604318,0.7264545861080416,0.6622867997604318,0.7264545861080416,0.6622867997604318,0.7264545861080416
0.5192307692307692,0.75,0.75,0.75,0.8792270531400966,0.94,0.94,0.94,0.4804808620384295,0.3204396041314081,0.4804808620384295,0.3204396041314081,0.4804808620384295,0.3204396041314081,0.6475118929255788,0.747332360752267,0.6475118929255788,0.747332360752267,0.6475118929255788,0.747332360752267,0.6475118929255788,0.747332360752267,0.6475118929255788,0.747332360752267,0.6475118929255788,0.747332360752267,0.6475118929255788,0.747332360752267,0.6475118929255788,0.747332360752267,0.6475118929255788,0.747332360752267
0.5597243491577335,0.77,0.77,0.77,0.88,0.94,0.94,0.94,0.5099174624839019,0.5253849323862116,0.5099174624839019,0.5253849323862116,0.5099174624839019,0.5253849323862116,0.7926360691522708,0.8650740660216738,0.7926360691522708,0.8650740660216738,0.7926360691522708,0.8650740660216738,0.7926360691522708,0.8650740660216738,0.7926360691522708,0.8650740660216738,0.7926360691522708,0.8650740660216738,0.7926360691522708,0.8650740660216738,0.7926360691522708,0.8650740660216738,0.7926360691522708,0.8650740660216738
0.6341463414634146,0.82,0.82,0.82,0.959983993597439,0.98,0.98,0.98,0.5173915018810069,0.5105461724574997,0.5173915018810069,0.5105461724574997,0.5173915018810069,0.5105461724574997,0.7726042234148799,0.8498272613078055,0.7726042234148799,0.8498272613078055,0.7726042234148799,0.8498272613078055,0.7726042234148799,0.8498272613078055,0.7726042234148799,0.8498272613078055,0.7726042234148799,0.8498272613078055,0.7726042234148799,0.8498272613078055,0.7726042234148799,0.8498272613078055,0.7726042234148799,0.8498272613078055
0.7219413549039434,0.89,0.89,0.89,0.920031987205118,0.96,0.96,0.96,0.5131698716720281,0.35770661297724193,0.5131698716720281,0.35770661297724193,0.5131698716720281,0.35770661297724193,0.7551321909591355,0.8507573622993783,0.7551321909591355,0.8507573622993783,0.7551321909591355,0.8507573622993783,0.7551321909591355,0.8507573622993783,0.7551321909591355,0.8507573622993783,0.7551321909591355,0.8507573622993783,0.7551321909591355,0.8507573622993783,0.7551321909591355,0.8507573622993783,0.7551321909591355,0.8507573622993783
0.520460358056266,0.85,0.85,0.85,0.816933638443936,0.92,0.92,0.92,0.44920640998177697,0.40997492314630074,0.44920640998177697,0.40997492314630074,0.44920640998177697,0.40997492314630074,0.6565860136549572,0.8644200342512237,0.6565860136549572,0.8644200342512237,0.6565860136549572,0.8644200342512237,0.6565860136549572,0.8644200342512237,0.6565860136549572,0.8644200342512237,0.6565860136549572,0.8644200342512237,0.6565860136549572,0.8644200342512237,0.6565860136549572,0.8644200342512237,0.6565860136549572,0.8644200342512237
0.0951742627345845,0.73,0.73,0.73,0.6781609195402298,0.86,0.86,0.86,0.08877969861465536,0.21208370493919312,0.08877969861465536,0.21208370493919312,0.08877969861465536,0.21208370493919312,0.6264798699144278,0.63705354812824,0.6264798699144278,0.63705354812824,0.6264798699144278,0.63705354812824,0.6264798699144278,0.63705354812824,0.6264798699144278,0.63705354812824,0.6264798699144278,0.63705354812824,0.6264798699144278,0.63705354812824,0.6264798699144278,0.63705354812824,0.6264798699144278,0.63705354812824
0.5047543581616483,0.75,0.75,0.75,0.4852597098736546,0.78,0.78,0.78,0.697784276807249,0.37536546546019606,0.697784276807249,0.37536546546019606,0.697784276807249,0.37536546546019606,0.8604294161378312,0.7860180861541671,0.8604294161378312,0.7860180861541671,0.8604294161378312,0.7860180861541671,0.8604294161378312,0.7860180861541671,0.8604294161378312,0.7860180861541671,0.8604294161378312,0.7860180861541671,0.8604294161378312,0.7860180861541671,0.8604294161378312,0.7860180861541671,0.8604294161378312,0.7860180861541671
0.54,0.77,0.77,0.77,0.3902439024390244,0.76,0.76,0.76,0.5852017839791627,0.3006494102928589,0.5852017839791627,0.3006494102928589,0.5852017839791627,0.3006494102928589,0.8262815010732906,0.7815106792727171,0.8262815010732906,0.7815106792727171,0.8262815010732906,0.7815106792727171,0.8262815010732906,0.7815106792727171,0.8262815010732906,0.7815106792727171,0.8262815010732906,0.7815106792727171,0.8262815010732906,0.7815106792727171,0.8262815010732906,0.7815106792727171,0.8262815010732906,0.7815106792727171
0.7657580919931857,0.89,0.89,0.89,0.4471153846153846,0.77,0.77,0.77,0.6579155552420155,0.24502984298811822,0.6579155552420155,0.24502984298811822,0.6579155552420155,0.24502984298811822,0.8332272514123781,0.7355801297044758,0.8332272514123781,0.7355801297044758,0.8332272514123781,0.7355801297044758,0.8332272514123781,0.7355801297044758,0.8332272514123781,0.7355801297044758,0.8332272514123781,0.7355801297044758,0.8332272514123781,0.7355801297044758,0.8332272514123781,0.7355801297044758,0.8332272514123781,0.7355801297044758
0.5652173913043479,0.88,0.88,0.88,0.4620253164556962,0.83,0.83,0.83,0.33516069655631703,0.2937578938396606,0.33516069655631703,0.2937578938396606,0.33516069655631703,0.2937578938396606,0.6689745884965491,0.7509823229038004,0.6689745884965491,0.7509823229038004,0.6689745884965491,0.7509823229038004,0.6689745884965491,0.7509823229038004,0.6689745884965491,0.7509823229038004,0.6689745884965491,0.7509823229038004,0.6689745884965491,0.7509823229038004,0.6689745884965491,0.7509823229038004,0.6689745884965491,0.7509823229038004
0.3305439330543932,0.84,0.84,0.84,0.2294520547945205,0.73,0.73,0.73,0.242719568407563,0.12169528553120387,0.242719568407563,0.12169528553120387,0.242719568407563,0.12169528553120387,0.6656472131091343,0.7018761689850801,0.6656472131091343,0.7018761689850801,0.6656472131091343,0.7018761689850801,0.6656472131091343,0.7018761689850801,0.6656472131091343,0.7018761689850801,0.6656472131091343,0.7018761689850801,0.6656472131091343,0.7018761689850801,0.6656472131091343,0.7018761689850801,0.6656472131091343,0.7018761689850801
0.0,0.85,0.85,0.85,0.3239980685659102,0.72,0.72,0.72,0.0027782494299121055,0.16864471266677541,0.0027782494299121055,0.16864471266677541,0.0027782494299121055,0.16864471266677541,0.7467461359850496,0.7183744832653146,0.7467461359850496,0.7183744832653146,0.7467461359850496,0.7183744832653146,0.7467461359850496,0.7183744832653146,0.7467461359850496,0.7183744832653146,0.7467461359850496,0.7183744832653146,0.7467461359850496,0.7183744832653146,0.7467461359850496,0.7183744832653146,0.7467461359850496,0.7183744832653146
0.2703045685279188,0.77,0.77,0.77,0.460708782742681,0.72,0.72,0.72,0.339183684623957,0.13954572905879578,0.339183684623957,0.13954572905879578,0.339183684623957,0.13954572905879578,0.807089468473007,0.6996415186503584,0.807089468473007,0.6996415186503584,0.807089468473007,0.6996415186503584,0.807089468473007,0.6996415186503584,0.807089468473007,0.6996415186503584,0.807089468473007,0.6996415186503584,0.807089468473007,0.6996415186503584,0.807089468473007,0.6996415186503584,0.807089468473007,0.6996415186503584
0.3510506798516687,0.79,0.79,0.79,0.6079968639749118,0.8,0.8,0.8,0.31872053046620286,0.11540674775723563,0.31872053046620286,0.11540674775723563,0.31872053046620286,0.11540674775723563,0.7913355907526813,0.7342493321328784,0.7913355907526813,0.7342493321328784,0.7913355907526813,0.7342493321328784,0.7913355907526813,0.7342493321328784,0.7913355907526813,0.7342493321328784,0.7913355907526813,0.7342493321328784,0.7913355907526813,0.7342493321328784,0.7913355907526813,0.7342493321328784,0.7913355907526813,0.7342493321328784
0.2759795570698465,0.66,0.66,0.66,0.6314972847168348,0.81,0.81,0.81,0.535865737936614,0.23481077897573235,0.535865737936614,0.23481077897573235,0.535865737936614,0.23481077897573235,0.8041029295364801,0.7244576494698943,0.8041029295364801,0.7244576494698943,0.8041029295364801,0.7244576494698943,0.8041029295364801,0.7244576494698943,0.8041029295364801,0.7244576494698943,0.8041029295364801,0.7244576494698943,0.8041029295364801,0.7244576494698943,0.8041029295364801,0.7244576494698943,0.8041029295364801,0.7244576494698943
0.2361684558216349,0.63,0.63,0.63,0.6445497630331753,0.82,0.82,0.82,0.45578602835453896,0.24023845400561353,0.45578602835453896,0.24023845400561353,0.45578602835453896,0.24023845400561353,0.7857258984344084,0.805860980796345,0.7857258984344084,0.805860980796345,0.7857258984344084,0.805860980796345,0.7857258984344084,0.805860980796345,0.7857258984344084,0.805860980796345,0.7857258984344084,0.805860980796345,0.7857258984344084,0.805860980796345,0.7857258984344084,0.805860980796345,0.7857258984344084,0.805860980796345
0.148936170212766,0.52,0.52,0.52,0.5888801879404855,0.79,0.79,0.79,0.1608667681184375,0.1967599143393174,0.1608667681184375,0.1967599143393174,0.1608667681184375,0.1967599143393174,0.6006819919562443,0.6337204844046538,0.6006819919562443,0.6337204844046538,0.6006819919562443,0.6337204844046538,0.6006819919562443,0.6337204844046538,0.6006819919562443,0.6337204844046538,0.6006819919562443,0.6337204844046538,0.6006819919562443,0.6337204844046538,0.6006819919562443,0.6337204844046538,0.6006819919562443,0.6337204844046538
0.2950481430536451,0.59,0.59,0.59,0.5192307692307692,0.75,0.75,0.75,0.5838798451912587,0.4183458292977423,0.5838798451912587,0.4183458292977423,0.5838798451912587,0.4183458292977423,0.9168087399316294,0.8328204162223369,0.9168087399316294,0.8328204162223369,0.9168087399316294,0.8328204162223369,0.9168087399316294,0.8328204162223369,0.9168087399316294,0.8328204162223369,0.9168087399316294,0.8328204162223369,0.9168087399316294,0.8328204162223369,0.9168087399316294,0.8328204162223369,0.9168087399316294,0.8328204162223369
0.4106463878326996,0.69,0.69,0.69,0.5597243491577335,0.77,0.77,0.77,0.7006661074477705,0.32228807708627455,0.7006661074477705,0.32228807708627455,0.7006661074477705,0.32228807708627455,0.9223885371820209,0.7824105131839523,0.9223885371820209,0.7824105131839523,0.9223885371820209,0.7824105131839523,0.9223885371820209,0.7824105131839523,0.9223885371820209,0.7824105131839523,0.9223885371820209,0.7824105131839523,0.9223885371820209,0.7824105131839523,0.9223885371820209,0.7824105131839523,0.9223885371820209,0.7824105131839523
0.6993524514338576,0.87,0.87,0.87,0.6341463414634146,0.82,0.82,0.82,0.8161161791697967,0.3367475437423898,0.8161161791697967,0.3367475437423898,0.8161161791697967,0.3367475437423898,0.855419491116861,0.7076959244821497,0.855419491116861,0.7076959244821497,0.855419491116861,0.7076959244821497,0.855419491116861,0.7076959244821497,0.855419491116861,0.7076959244821497,0.855419491116861,0.7076959244821497,0.855419491116861,0.7076959244821497,0.855419491116861,0.7076959244821497,0.855419491116861,0.7076959244821497
0.609375,0.89,0.89,0.89,0.7219413549039434,0.89,0.89,0.89,0.5066594427531855,0.2167917516371726,0.5066594427531855,0.2167917516371726,0.5066594427531855,0.2167917516371726,0.833653072327441,0.7223481679874865,0.833653072327441,0.7223481679874865,0.833653072327441,0.7223481679874865,0.833653072327441,0.7223481679874865,0.833653072327441,0.7223481679874865,0.833653072327441,0.7223481679874865,0.833653072327441,0.7223481679874865,0.833653072327441,0.7223481679874865,0.833653072327441,0.7223481679874865
0.3478260869565217,0.85,0.85,0.85,0.520460358056266,0.85,0.85,0.85,0.2405201363134873,0.13001930720366778,0.2405201363134873,0.13001930720366778,0.2405201363134873,0.13001930720366778,0.7687905356958671,0.7066168108321732,0.7687905356958671,0.7066168108321732,0.7687905356958671,0.7066168108321732,0.7687905356958671,0.7066168108321732,0.7687905356958671,0.7066168108321732,0.7687905356958671,0.7066168108321732,0.7687905356958671,0.7066168108321732,0.7687905356958671,0.7066168108321732,0.7687905356958671,0.7066168108321732
0.3548387096774194,0.76,0.76,0.76,0.0951742627345845,0.73,0.73,0.73,0.3139729284987072,0.1793364900210062,0.3139729284987072,0.1793364900210062,0.3139729284987072,0.1793364900210062,0.8356139823160397,0.6999821154302385,0.8356139823160397,0.6999821154302385,0.8356139823160397,0.6999821154302385,0.8356139823160397,0.6999821154302385,0.8356139823160397,0.6999821154302385,0.8356139823160397,0.6999821154302385,0.8356139823160397,0.6999821154302385,0.8356139823160397,0.6999821154302385,0.8356139823160397,0.6999821154302385
0.4314951677089255,0.8,0.8,0.8,0.5047543581616483,0.75,0.75,0.75,0.4966106573679541,0.2323867973250174,0.4966106573679541,0.2323867973250174,0.4966106573679541,0.2323867973250174,0.8375691802276879,0.7346306909430871,0.8375691802276879,0.7346306909430871,0.8375691802276879,0.7346306909430871,0.8375691802276879,0.7346306909430871,0.8375691802276879,0.7346306909430871,0.8375691802276879,0.7346306909430871,0.8375691802276879,0.7346306909430871,0.8375691802276879,0.7346306909430871,0.8375691802276879,0.7346306909430871
0.4646044021415824,0.82,0.82,0.82,0.54,0.77,0.77,0.77,0.6103172969049202,0.19797924320675883,0.6103172969049202,0.19797924320675883,0.6103172969049202,0.19797924320675883,0.901726088356641,0.7751949203407884,0.901726088356641,0.7751949203407884,0.901726088356641,0.7751949203407884,0.901726088356641,0.7751949203407884,0.901726088356641,0.7751949203407884,0.901726088356641,0.7751949203407884,0.901726088356641,0.7751949203407884,0.901726088356641,0.7751949203407884,0.901726088356641,0.7751949203407884
0.306930693069307,0.72,0.72,0.72,0.7657580919931857,0.89,0.89,0.89,0.3800941802226717,0.18263515826716387,0.3800941802226717,0.18263515826716387,0.3800941802226717,0.18263515826716387,0.7733341246586003,0.6984297144211747,0.7733341246586003,0.6984297144211747,0.7733341246586003,0.6984297144211747,0.7733341246586003,0.6984297144211747,0.7733341246586003,0.6984297144211747,0.7733341246586003,0.6984297144211747,0.7733341246586003,0.6984297144211747,0.7733341246586003,0.6984297144211747,0.7733341246586003,0.6984297144211747
0.2534129692832764,0.65,0.65,0.65,0.5652173913043479,0.88,0.88,0.88,0.4106178716307343,0.33041827381329264,0.4106178716307343,0.33041827381329264,0.4106178716307343,0.33041827381329264,0.6769581086308053,0.8438848064049819,0.6769581086308053,0.8438848064049819,0.6769581086308053,0.8438848064049819,0.6769581086308053,0.8438848064049819,0.6769581086308053,0.8438848064049819,0.6769581086308053,0.8438848064049819,0.6769581086308053,0.8438848064049819,0.6769581086308053,0.8438848064049819,0.6769581086308053,0.8438848064049819
0.1729323308270677,0.56,0.56,0.56,0.3305439330543932,0.84,0.84,0.84,0.40886541900535417,0.382766525318353,0.40886541900535417,0.382766525318353,0.40886541900535417,0.382766525318353,0.6651541159345455,0.7773123195289672,0.6651541159345455,0.7773123195289672,0.6651541159345455,0.7773123195289672,0.6651541159345455,0.7773123195289672,0.6651541159345455,0.7773123195289672,0.6651541159345455,0.7773123195289672,0.6651541159345455,0.7773123195289672,0.6651541159345455,0.7773123195289672,0.6651541159345455,0.7773123195289672
0.1780821917808219,0.7,0.7,0.7,0.0,0.85,0.85,0.85,0.13065509499333663,0.1838594647344393,0.13065509499333663,0.1838594647344393,0.13065509499333663,0.1838594647344393,0.6322322331884773,0.6926326364323779,0.6322322331884773,0.6926326364323779,0.6322322331884773,0.6926326364323779,0.6322322331884773,0.6926326364323779,0.6322322331884773,0.6926326364323779,0.6322322331884773,0.6926326364323779,0.6322322331884773,0.6926326364323779,0.6322322331884773,0.6926326364323779,0.6322322331884773,0.6926326364323779
0.0618661257606489,0.63,0.63,0.63,0.2703045685279188,0.77,0.77,0.77,0.0946747484446553,0.013946232027821316,0.0946747484446553,0.013946232027821316,0.0946747484446553,0.013946232027821316,0.6526299495790735,0.6719935504992532,0.6526299495790735,0.6719935504992532,0.6526299495790735,0.6719935504992532,0.6526299495790735,0.6719935504992532,0.6526299495790735,0.6719935504992532,0.6526299495790735,0.6719935504992532,0.6526299495790735,0.6719935504992532,0.6526299495790735,0.6719935504992532,0.6526299495790735,0.6719935504992532
0.3631881676253082,0.69,0.69,0.69,0.3510506798516687,0.79,0.79,0.79,0.5189266773897119,0.4494191550108569,0.5189266773897119,0.4494191550108569,0.5189266773897119,0.4494191550108569,0.7584356853445653,0.7917689819288393,0.7584356853445653,0.7917689819288393,0.7584356853445653,0.7917689819288393,0.7584356853445653,0.7917689819288393,0.7584356853445653,0.7917689819288393,0.7584356853445653,0.7917689819288393,0.7584356853445653,0.7917689819288393,0.7584356853445653,0.7917689819288393,0.7584356853445653,0.7917689819288393
0.3483412322274881,0.67,0.67,0.67,0.2759795570698465,0.66,0.66,0.66,0.5164989253048672,0.3426490462090768,0.5164989253048672,0.3426490462090768,0.5164989253048672,0.3426490462090768,0.7752266555237113,0.7064614796830981,0.7752266555237113,0.7064614796830981,0.7752266555237113,0.7064614796830981,0.7752266555237113,0.7064614796830981,0.7752266555237113,0.7064614796830981,0.7752266555237113,0.7064614796830981,0.7752266555237113,0.7064614796830981,0.7752266555237113,0.7064614796830981,0.7752266555237113,0.7064614796830981
0.4552882433045847,0.76,0.76,0.76,0.2361684558216349,0.63,0.63,0.63,0.682314644721574,0.42779339376912834,0.682314644721574,0.42779339376912834,0.682314644721574,0.42779339376912834,0.8890628866027326,0.7610352129175036,0.8890628866027326,0.7610352129175036,0.8890628866027326,0.7610352129175036,0.8890628866027326,0.7610352129175036,0.8890628866027326,0.7610352129175036,0.8890628866027326,0.7610352129175036,0.8890628866027326,0.7610352129175036,0.8890628866027326,0.7610352129175036,0.8890628866027326,0.7610352129175036
0.1463414634146341,0.65,0.65,0.65,0.148936170212766,0.52,0.52,0.52,0.37765672995860305,0.2230010450827752,0.37765672995860305,0.2230010450827752,0.37765672995860305,0.2230010450827752,0.8429510697732798,0.7351542719440428,0.8429510697732798,0.7351542719440428,0.8429510697732798,0.7351542719440428,0.8429510697732798,0.7351542719440428,0.8429510697732798,0.7351542719440428,0.8429510697732798,0.7351542719440428,0.8429510697732798,0.7351542719440428,0.8429510697732798,0.7351542719440428,0.8429510697732798,0.7351542719440428
0.046793760831889,0.56,0.56,0.56,0.2950481430536451,0.59,0.59,0.59,0.08311361647411672,0.12447866533342188,0.08311361647411672,0.12447866533342188,0.08311361647411672,0.12447866533342188,0.6289835883221008,0.7027592691566391,0.6289835883221008,0.7027592691566391,0.6289835883221008,0.7027592691566391,0.6289835883221008,0.7027592691566391,0.6289835883221008,0.7027592691566391,0.6289835883221008,0.7027592691566391,0.6289835883221008,0.7027592691566391,0.6289835883221008,0.7027592691566391,0.6289835883221008,0.7027592691566391
0.0,0.45,0.45,0.45,0.4106463878326996,0.69,0.69,0.69,0.007716144668755106,0.1827244711640749,0.007716144668755106,0.1827244711640749,0.007716144668755106,0.1827244711640749,0.7619474759926167,0.7559778825441149,0.7619474759926167,0.7559778825441149,0.7619474759926167,0.7559778825441149,0.7619474759926167,0.7559778825441149,0.7619474759926167,0.7559778825441149,0.7619474759926167,0.7559778825441149,0.7619474759926167,0.7559778825441149,0.7619474759926167,0.7559778825441149,0.7619474759926167,0.7559778825441149
0.0,0.39,0.39,0.39,0.6993524514338576,0.87,0.87,0.87,0.01180440196567795,0.021645169768832153,0.01180440196567795,0.021645169768832153,0.01180440196567795,0.021645169768832153,0.7476690336237604,0.7130653642528959,0.7476690336237604,0.7130653642528959,0.7476690336237604,0.7130653642528959,0.7476690336237604,0.7130653642528959,0.7476690336237604,0.7130653642528959,0.7476690336237604,0.7130653642528959,0.7476690336237604,0.7130653642528959,0.7476690336237604,0.7130653642528959,0.7476690336237604,0.7130653642528959
0.0,0.4,0.4,0.4,0.609375,0.89,0.89,0.89,0.0054337153580376225,0.03492111099822066,0.0054337153580376225,0.03492111099822066,0.0054337153580376225,0.03492111099822066,0.7845775650858083,0.7537811707258776,0.7845775650858083,0.7537811707258776,0.7845775650858083,0.7537811707258776,0.7845775650858083,0.7537811707258776,0.7845775650858083,0.7537811707258776,0.7845775650858083,0.7537811707258776,0.7845775650858083,0.7537811707258776,0.7845775650858083,0.7537811707258776,0.7845775650858083,0.7537811707258776
0.019903498190591,0.35,0.35,0.35,0.3478260869565217,0.85,0.85,0.85,0.05944369906391122,0.07086439526352377,0.05944369906391122,0.07086439526352377,0.05944369906391122,0.07086439526352377,0.6206541430378517,0.654161850859368,0.6206541430378517,0.654161850859368,0.6206541430378517,0.654161850859368,0.6206541430378517,0.654161850859368,0.6206541430378517,0.654161850859368,0.6206541430378517,0.654161850859368,0.6206541430378517,0.654161850859368,0.6206541430378517,0.654161850859368,0.6206541430378517,0.654161850859368
0.0779014308426073,0.42,0.42,0.42,0.3548387096774194,0.76,0.76,0.76,0.09974751961809775,0.3079846184546852,0.09974751961809775,0.3079846184546852,0.09974751961809775,0.3079846184546852,0.6041099684256596,0.7165116844905155,0.6041099684256596,0.7165116844905155,0.6041099684256596,0.7165116844905155,0.6041099684256596,0.7165116844905155,0.6041099684256596,0.7165116844905155,0.6041099684256596,0.7165116844905155,0.6041099684256596,0.7165116844905155,0.6041099684256596,0.7165116844905155,0.6041099684256596,0.7165116844905155
0.1316270566727605,0.43,0.43,0.43,0.4314951677089255,0.8,0.8,0.8,0.44091568503224193,0.3448531261268028,0.44091568503224193,0.3448531261268028,0.44091568503224193,0.3448531261268028,0.6455365068669612,0.6849470939967156,0.6455365068669612,0.6849470939967156,0.6455365068669612,0.6849470939967156,0.6455365068669612,0.6849470939967156,0.6455365068669612,0.6849470939967156,0.6455365068669612,0.6849470939967156,0.6455365068669612,0.6849470939967156,0.6455365068669612,0.6849470939967156,0.6455365068669612,0.6849470939967156
0.297112462006079,0.63,0.63,0.63,0.4646044021415824,0.82,0.82,0.82,0.48734588030228176,0.3118983420408457,0.48734588030228176,0.3118983420408457,0.48734588030228176,0.3118983420408457,0.7521435092009051,0.6928381467619643,0.7521435092009051,0.6928381467619643,0.7521435092009051,0.6928381467619643,0.7521435092009051,0.6928381467619643,0.7521435092009051,0.6928381467619643,0.7521435092009051,0.6928381467619643,0.7521435092009051,0.6928381467619643,0.7521435092009051,0.6928381467619643,0.7521435092009051,0.6928381467619643
0.2583212735166426,0.59,0.59,0.59,0.306930693069307,0.72,0.72,0.72,0.5470977406181146,0.3592290945945822,0.5470977406181146,0.3592290945945822,0.5470977406181146,0.3592290945945822,0.83558120714286,0.7546906064277206,0.83558120714286,0.7546906064277206,0.83558120714286,0.7546906064277206,0.83558120714286,0.7546906064277206,0.83558120714286,0.7546906064277206,0.83558120714286,0.7546906064277206,0.83558120714286,0.7546906064277206,0.83558120714286,0.7546906064277206,0.83558120714286,0.7546906064277206
0.1581632653061224,0.67,0.67,0.67,0.2534129692832764,0.65,0.65,0.65,0.07109450219200611,0.20619369356616116,0.07109450219200611,0.20619369356616116,0.07109450219200611,0.20619369356616116,0.6293263220923472,0.7284160102908329,0.6293263220923472,0.7284160102908329,0.6293263220923472,0.7284160102908329,0.6293263220923472,0.7284160102908329,0.6293263220923472,0.7284160102908329,0.6293263220923472,0.7284160102908329,0.6293263220923472,0.7284160102908329,0.6293263220923472,0.7284160102908329,0.6293263220923472,0.7284160102908329
0.0932642487046631,0.58,0.58,0.58,0.1729323308270677,0.56,0.56,0.56,0.08166253170246049,0.2656138665284955,0.08166253170246049,0.2656138665284955,0.08166253170246049,0.2656138665284955,0.6973979935529651,0.73182148297347,0.6973979935529651,0.73182148297347,0.6973979935529651,0.73182148297347,0.6973979935529651,0.73182148297347,0.6973979935529651,0.73182148297347,0.6973979935529651,0.73182148297347,0.6973979935529651,0.73182148297347,0.6973979935529651,0.73182148297347,0.6973979935529651,0.73182148297347
0.0897544453852666,0.57,0.57,0.57,0.1780821917808219,0.7,0.7,0.7,0.08646258179954677,0.1889141912101078,0.08646258179954677,0.1889141912101078,0.08646258179954677,0.1889141912101078,0.7270109980444762,0.7193945640081277,0.7270109980444762,0.7193945640081277,0.7270109980444762,0.7193945640081277,0.7270109980444762,0.7193945640081277,0.7270109980444762,0.7193945640081277,0.7270109980444762,0.7193945640081277,0.7270109980444762,0.7193945640081277,0.7270109980444762,0.7193945640081277,0.7270109980444762,0.7193945640081277
0.333079268292683,0.65,0.65,0.65,0.0618661257606489,0.63,0.63,0.63,0.457901515002068,0.20693832849600546,0.457901515002068,0.20693832849600546,0.457901515002068,0.20693832849600546,0.7729680941568898,0.6772617813098343,0.7729680941568898,0.6772617813098343,0.7729680941568898,0.6772617813098343,0.7729680941568898,0.6772617813098343,0.7729680941568898,0.6772617813098343,0.7729680941568898,0.6772617813098343,0.7729680941568898,0.6772617813098343,0.7729680941568898,0.6772617813098343,0.7729680941568898,0.6772617813098343
0.2803166606693055,0.6,0.6,0.6,0.3631881676253082,0.69,0.69,0.69,0.43783595991372776,0.320104821228991,0.43783595991372776,0.320104821228991,0.43783595991372776,0.320104821228991,0.6542296422509399,0.7587640697715298,0.6542296422509399,0.7587640697715298,0.6542296422509399,0.7587640697715298,0.6542296422509399,0.7587640697715298,0.6542296422509399,0.7587640697715298,0.6542296422509399,0.7587640697715298,0.6542296422509399,0.7587640697715298,0.6542296422509399,0.7587640697715298,0.6542296422509399,0.7587640697715298
0.2331288343558283,0.55,0.55,0.55,0.3483412322274881,0.67,0.67,0.67,0.49407854277190544,0.2455982385588617,0.49407854277190544,0.2455982385588617,0.49407854277190544,0.2455982385588617,0.7664938421301383,0.8190782649355673,0.7664938421301383,0.8190782649355673,0.7664938421301383,0.8190782649355673,0.7664938421301383,0.8190782649355673,0.7664938421301383,0.8190782649355673,0.7664938421301383,0.8190782649355673,0.7664938421301383,0.8190782649355673,0.7664938421301383,0.8190782649355673,0.7664938421301383,0.8190782649355673
0.0455991516436903,0.46,0.46,0.46,0.4552882433045847,0.76,0.76,0.76,0.09236549201734531,0.2111931731967556,0.09236549201734531,0.2111931731967556,0.09236549201734531,0.2111931731967556,0.6136130591189934,0.7802982105673449,0.6136130591189934,0.7802982105673449,0.6136130591189934,0.7802982105673449,0.6136130591189934,0.7802982105673449,0.6136130591189934,0.7802982105673449,0.6136130591189934,0.7802982105673449,0.6136130591189934,0.7802982105673449,0.6136130591189934,0.7802982105673449,0.6136130591189934,0.7802982105673449
0.0341988600379986,0.39,0.39,0.39,0.1463414634146341,0.65,0.65,0.65,0.09453887262265212,0.1639324701960797,0.09453887262265212,0.1639324701960797,0.09453887262265212,0.1639324701960797,0.6192013566271857,0.6662309060416386,0.6192013566271857,0.6662309060416386,0.6192013566271857,0.6662309060416386,0.6192013566271857,0.6662309060416386,0.6192013566271857,0.6662309060416386,0.6192013566271857,0.6662309060416386,0.6192013566271857,0.6662309060416386,0.6192013566271857,0.6662309060416386,0.6192013566271857,0.6662309060416386
0.2612752721617418,0.62,0.62,0.62,0.046793760831889,0.56,0.56,0.56,0.43610217280609725,0.25361965670804154,0.43610217280609725,0.25361965670804154,0.43610217280609725,0.25361965670804154,0.6511598435587989,0.7448238347099628,0.6511598435587989,0.7448238347099628,0.6511598435587989,0.7448238347099628,0.6511598435587989,0.7448238347099628,0.6511598435587989,0.7448238347099628,0.6511598435587989,0.7448238347099628,0.6511598435587989,0.7448238347099628,0.6511598435587989,0.7448238347099628,0.6511598435587989,0.7448238347099628
0.4462901439645627,0.7,0.7,0.7,0.0,0.45,0.45,0.45,0.5169394706720047,0.5629703560172661,0.5169394706720047,0.5629703560172661,0.5169394706720047,0.5629703560172661,0.7711918252916282,0.7810051603202701,0.7711918252916282,0.7810051603202701,0.7711918252916282,0.7810051603202701,0.7711918252916282,0.7810051603202701,0.7711918252916282,0.7810051603202701,0.7711918252916282,0.7810051603202701,0.7711918252916282,0.7810051603202701,0.7711918252916282,0.7810051603202701,0.7711918252916282,0.7810051603202701
0.6860282574568288,0.84,0.84,0.84,0.0,0.39,0.39,0.39,0.6140352049800102,0.5705574606492795,0.6140352049800102,0.5705574606492795,0.6140352049800102,0.5705574606492795,0.7956746595822927,0.7565048330807447,0.7956746595822927,0.7565048330807447,0.7956746595822927,0.7565048330807447,0.7956746595822927,0.7565048330807447,0.7956746595822927,0.7565048330807447,0.7956746595822927,0.7565048330807447,0.7956746595822927,0.7565048330807447,0.7956746595822927,0.7565048330807447,0.7956746595822927,0.7565048330807447
0.782608695652174,0.89,0.89,0.89,0.0,0.4,0.4,0.4,0.5840812809738473,0.5597877887877614,0.5840812809738473,0.5597877887877614,0.5840812809738473,0.5597877887877614,0.7415222355618235,0.7428705070576747,0.7415222355618235,0.7428705070576747,0.7415222355618235,0.7428705070576747,0.7415222355618235,0.7428705070576747,0.7415222355618235,0.7428705070576747,0.7415222355618235,0.7428705070576747,0.7415222355618235,0.7428705070576747,0.7415222355618235,0.7428705070576747,0.7415222355618235,0.7428705070576747
0.8407643312101911,0.92,0.92,0.92,0.019903498190591,0.35,0.35,0.35,0.6262336959324547,0.5501051800263728,0.6262336959324547,0.5501051800263728,0.6262336959324547,0.5501051800263728,0.8078331033820149,0.7617635015553123,0.8078331033820149,0.7617635015553123,0.8078331033820149,0.7617635015553123,0.8078331033820149,0.7617635015553123,0.8078331033820149,0.7617635015553123,0.8078331033820149,0.7617635015553123,0.8078331033820149,0.7617635015553123,0.8078331033820149,0.7617635015553123,0.8078331033820149,0.7617635015553123
0.7183098591549296,0.86,0.86,0.86,0.0779014308426073,0.42,0.42,0.42,0.5174345682667383,0.3511623346885448,0.5174345682667383,0.3511623346885448,0.5174345682667383,0.3511623346885448,0.8321372059845157,0.7344119285473576,0.8321372059845157,0.7344119285473576,0.8321372059845157,0.7344119285473576,0.8321372059845157,0.7344119285473576,0.8321372059845157,0.7344119285473576,0.8321372059845157,0.7344119285473576,0.8321372059845157,0.7344119285473576,0.8321372059845157,0.7344119285473576,0.8321372059845157,0.7344119285473576
0.7183098591549296,0.86,0.86,0.86,0.1316270566727605,0.43,0.43,0.43,0.5189372636299493,0.704708155543979,0.5189372636299493,0.704708155543979,0.5189372636299493,0.704708155543979,0.7487672870290487,0.8315892233144319,0.7487672870290487,0.8315892233144319,0.7487672870290487,0.8315892233144319,0.7487672870290487,0.8315892233144319,0.7487672870290487,0.8315892233144319,0.7487672870290487,0.8315892233144319,0.7487672870290487,0.8315892233144319,0.7487672870290487,0.8315892233144319,0.7487672870290487,0.8315892233144319
0.6491228070175439,0.82,0.82,0.82,0.297112462006079,0.63,0.63,0.63,0.6683415806188016,0.7350011405038065,0.6683415806188016,0.7350011405038065,0.6683415806188016,0.7350011405038065,0.7078617073652718,0.7247755212166852,0.7078617073652718,0.7247755212166852,0.7078617073652718,0.7247755212166852,0.7078617073652718,0.7247755212166852,0.7078617073652718,0.7247755212166852,0.7078617073652718,0.7247755212166852,0.7078617073652718,0.7247755212166852,0.7078617073652718,0.7247755212166852,0.7078617073652718,0.7247755212166852
0.6621621621621621,0.83,0.83,0.83,0.2583212735166426,0.59,0.59,0.59,0.6096596541067014,0.6334869089990399,0.6096596541067014,0.6334869089990399,0.6096596541067014,0.6334869089990399,0.6466412533679021,0.6978679292784032,0.6466412533679021,0.6978679292784032,0.6466412533679021,0.6978679292784032,0.6466412533679021,0.6978679292784032,0.6466412533679021,0.6978679292784032,0.6466412533679021,0.6978679292784032,0.6466412533679021,0.6978679292784032,0.6466412533679021,0.6978679292784032,0.6466412533679021,0.6978679292784032
0.5800000000000001,0.79,0.79,0.79,0.1581632653061224,0.67,0.67,0.67,0.5511440909476195,0.588919561380436,0.5511440909476195,0.588919561380436,0.5511440909476195,0.588919561380436,0.6533406045793186,0.6742442823006417,0.6533406045793186,0.6742442823006417,0.6533406045793186,0.6742442823006417,0.6533406045793186,0.6742442823006417,0.6533406045793186,0.6742442823006417,0.6533406045793186,0.6742442823006417,0.6533406045793186,0.6742442823006417,0.6533406045793186,0.6742442823006417,0.6533406045793186,0.6742442823006417
0.4976816074188563,0.74,0.74,0.74,0.0932642487046631,0.58,0.58,0.58,0.5426318877374988,0.5343529765376348,0.5426318877374988,0.5343529765376348,0.5426318877374988,0.5343529765376348,0.6349714399838431,0.7029682353695573,0.6349714399838431,0.7029682353695573,0.6349714399838431,0.7029682353695573,0.6349714399838431,0.7029682353695573,0.6349714399838431,0.7029682353695573,0.6349714399838431,0.7029682353695573,0.6349714399838431,0.7029682353695573,0.6349714399838431,0.7029682353695573,0.6349714399838431,0.7029682353695573
0.7058823529411764,0.85,0.85,0.85,0.0897544453852666,0.57,0.57,0.57,0.6289955927574515,0.6021471256425771,0.6289955927574515,0.6021471256425771,0.6289955927574515,0.6021471256425771,0.601801537717207,0.7036443917889483,0.601801537717207,0.7036443917889483,0.601801537717207,0.7036443917889483,0.601801537717207,0.7036443917889483,0.601801537717207,0.7036443917889483,0.601801537717207,0.7036443917889483,0.601801537717207,0.7036443917889483,0.601801537717207,0.7036443917889483,0.601801537717207,0.7036443917889483
0.6575342465753424,0.83,0.83,0.83,0.333079268292683,0.65,0.65,0.65,0.6713063791273886,0.6066530800963327,0.6713063791273886,0.6066530800963327,0.6713063791273886,0.6066530800963327,0.643388162006158,0.6879068093318663,0.643388162006158,0.6879068093318663,0.643388162006158,0.6879068093318663,0.643388162006158,0.6879068093318663,0.643388162006158,0.6879068093318663,0.643388162006158,0.6879068093318663,0.643388162006158,0.6879068093318663,0.643388162006158,0.6879068093318663,0.643388162006158,0.6879068093318663
0.8539232053422371,0.93,0.93,0.93,0.2803166606693055,0.6,0.6,0.6,0.7790977259038263,0.6860827678311975,0.7790977259038263,0.6860827678311975,0.7790977259038263,0.6860827678311975,0.7317619993746123,0.7912891110613587,0.7317619993746123,0.7912891110613587,0.7317619993746123,0.7912891110613587,0.7317619993746123,0.7912891110613587,0.7317619993746123,0.7912891110613587,0.7317619993746123,0.7912891110613587,0.7317619993746123,0.7912891110613587,0.7317619993746123,0.7912891110613587,0.7317619993746123,0.7912891110613587
0.8186946011281224,0.91,0.91,0.91,0.2331288343558283,0.55,0.55,0.55,0.7690547376947044,0.7511808591499873,0.7690547376947044,0.7511808591499873,0.7690547376947044,0.7511808591499873,0.7601729927590339,0.8716855626476321,0.7601729927590339,0.8716855626476321,0.7601729927590339,0.8716855626476321,0.7601729927590339,0.8716855626476321,0.7601729927590339,0.8716855626476321,0.7601729927590339,0.8716855626476321,0.7601729927590339,0.8716855626476321,0.7601729927590339,0.8716855626476321,0.7601729927590339,0.8716855626476321
0.6557659208261617,0.84,0.84,0.84,0.0455991516436903,0.46,0.46,0.46,0.5886979895113303,0.6395050178375756,0.5886979895113303,0.6395050178375756,0.5886979895113303,0.6395050178375756,0.7555559033971317,0.8108314310033664,0.7555559033971317,0.8108314310033664,0.7555559033971317,0.8108314310033664,0.7555559033971317,0.8108314310033664,0.7555559033971317,0.8108314310033664,0.7555559033971317,0.8108314310033664,0.7555559033971317,0.8108314310033664,0.7555559033971317,0.8108314310033664,0.7555559033971317,0.8108314310033664
0.5689655172413792,0.83,0.83,0.83,0.0341988600379986,0.39,0.39,0.39,0.38741098091302023,0.28373759928391434,0.38741098091302023,0.28373759928391434,0.38741098091302023,0.28373759928391434,0.6733444816725989,0.6777293806426837,0.6733444816725989,0.6777293806426837,0.6733444816725989,0.6777293806426837,0.6733444816725989,0.6777293806426837,0.6733444816725989,0.6777293806426837,0.6733444816725989,0.6777293806426837,0.6733444816725989,0.6777293806426837,0.6733444816725989,0.6777293806426837,0.6733444816725989,0.6777293806426837
0.6987951807228916,0.86,0.86,0.86,0.2612752721617418,0.62,0.62,0.62,0.5535740201577228,0.4902213678618692,0.5535740201577228,0.4902213678618692,0.5535740201577228,0.4902213678618692,0.694340016257251,0.7337296050652902,0.694340016257251,0.7337296050652902,0.694340016257251,0.7337296050652902,0.694340016257251,0.7337296050652902,0.694340016257251,0.7337296050652902,0.694340016257251,0.7337296050652902,0.694340016257251,0.7337296050652902,0.694340016257251,0.7337296050652902,0.694340016257251,0.7337296050652902
0.7920133111480865,0.9,0.9,0.9,0.4462901439645627,0.7,0.7,0.7,0.5361391840613442,0.5721952481513426,0.5361391840613442,0.5721952481513426,0.5361391840613442,0.5721952481513426,0.6761609381195646,0.7106482180887087,0.6761609381195646,0.7106482180887087,0.6761609381195646,0.7106482180887087,0.6761609381195646,0.7106482180887087,0.6761609381195646,0.7106482180887087,0.6761609381195646,0.7106482180887087,0.6761609381195646,0.7106482180887087,0.6761609381195646,0.7106482180887087,0.6761609381195646,0.7106482180887087
0.576271186440678,0.78,0.78,0.78,0.6860282574568288,0.84,0.84,0.84,0.5817757236597043,0.686101190958729,0.5817757236597043,0.686101190958729,0.5817757236597043,0.686101190958729,0.6286116918267711,0.6735607795561803,0.6286116918267711,0.6735607795561803,0.6286116918267711,0.6735607795561803,0.6286116918267711,0.6735607795561803,0.6286116918267711,0.6735607795561803,0.6286116918267711,0.6735607795561803,0.6286116918267711,0.6735607795561803,0.6286116918267711,0.6735607795561803,0.6286116918267711,0.6735607795561803
0.4462901439645627,0.7,0.7,0.7,0.782608695652174,0.89,0.89,0.89,0.570383231770645,0.6446527177581985,0.570383231770645,0.6446527177581985,0.570383231770645,0.6446527177581985,0.6541965501104627,0.693596513917475,0.6541965501104627,0.693596513917475,0.6541965501104627,0.693596513917475,0.6541965501104627,0.693596513917475,0.6541965501104627,0.693596513917475,0.6541965501104627,0.693596513917475,0.6541965501104627,0.693596513917475,0.6541965501104627,0.693596513917475,0.6541965501104627,0.693596513917475
0.375,0.67,0.67,0.67,0.8407643312101911,0.92,0.92,0.92,0.5203528545242635,0.5288700712008244,0.5203528545242635,0.5288700712008244,0.5203528545242635,0.5288700712008244,0.5136886426791984,0.646649193511327,0.5136886426791984,0.646649193511327,0.5136886426791984,0.646649193511327,0.5136886426791984,0.646649193511327,0.5136886426791984,0.646649193511327,0.5136886426791984,0.646649193511327,0.5136886426791984,0.646649193511327,0.5136886426791984,0.646649193511327,0.5136886426791984,0.646649193511327
0.5769230769230769,0.78,0.78,0.78,0.7183098591549296,0.86,0.86,0.86,0.5857786001259255,0.657048704734667,0.5857786001259255,0.657048704734667,0.5857786001259255,0.657048704734667,0.6160626095057369,0.7379471553668996,0.6160626095057369,0.7379471553668996,0.6160626095057369,0.7379471553668996,0.6160626095057369,0.7379471553668996,0.6160626095057369,0.7379471553668996,0.6160626095057369,0.7379471553668996,0.6160626095057369,0.7379471553668996,0.6160626095057369,0.7379471553668996,0.6160626095057369,0.7379471553668996
0.6412913511359107,0.82,0.82,0.82,0.7183098591549296,0.86,0.86,0.86,0.6377926362142596,0.6792598723243373,0.6377926362142596,0.6792598723243373,0.6377926362142596,0.6792598723243373,0.6204043881846445,0.7588283787580596,0.6204043881846445,0.7588283787580596,0.6204043881846445,0.7588283787580596,0.6204043881846445,0.7588283787580596,0.6204043881846445,0.7588283787580596,0.6204043881846445,0.7588283787580596,0.6204043881846445,0.7588283787580596,0.6204043881846445,0.7588283787580596,0.6204043881846445,0.7588283787580596
0.7683235046335299,0.89,0.89,0.89,0.6491228070175439,0.82,0.82,0.82,0.6939080012132193,0.7649334491156305,0.6939080012132193,0.7649334491156305,0.6939080012132193,0.7649334491156305,0.6855962925837602,0.7910277704634353,0.6855962925837602,0.7910277704634353,0.6855962925837602,0.7910277704634353,0.6855962925837602,0.7910277704634353,0.6855962925837602,0.7910277704634353,0.6855962925837602,0.7910277704634353,0.6855962925837602,0.7910277704634353,0.6855962925837602,0.7910277704634353,0.6855962925837602,0.7910277704634353
0.5894909688013137,0.8,0.8,0.8,0.6621621621621621,0.83,0.83,0.83,0.5403464842797248,0.817644287739718,0.5403464842797248,0.817644287739718,0.5403464842797248,0.817644287739718,0.7650588097869316,0.8270214665937937,0.7650588097869316,0.8270214665937937,0.7650588097869316,0.8270214665937937,0.7650588097869316,0.8270214665937937,0.7650588097869316,0.8270214665937937,0.7650588097869316,0.8270214665937937,0.7650588097869316,0.8270214665937937,0.7650588097869316,0.8270214665937937,0.7650588097869316,0.8270214665937937
0.6,0.8,0.8,0.8,0.5800000000000001,0.79,0.79,0.79,0.7579831444654787,0.7825181718215725,0.7579831444654787,0.7825181718215725,0.7579831444654787,0.7825181718215725,0.7482039762913271,0.8462521763173944,0.7482039762913271,0.8462521763173944,0.7482039762913271,0.8462521763173944,0.7482039762913271,0.8462521763173944,0.7482039762913271,0.8462521763173944,0.7482039762913271,0.8462521763173944,0.7482039762913271,0.8462521763173944,0.7482039762913271,0.8462521763173944,0.7482039762913271,0.8462521763173944
0.4295743747257569,0.74,0.74,0.74,0.4976816074188563,0.74,0.74,0.74,0.6829564908828734,0.707141189780259,0.6829564908828734,0.707141189780259,0.6829564908828734,0.707141189780259,0.6664448726140114,0.789526830754405,0.6664448726140114,0.789526830754405,0.6664448726140114,0.789526830754405,0.6664448726140114,0.789526830754405,0.6664448726140114,0.789526830754405,0.6664448726140114,0.789526830754405,0.6664448726140114,0.789526830754405,0.6664448726140114,0.789526830754405,0.6664448726140114,0.789526830754405
0.4057377049180327,0.71,0.71,0.71,0.7058823529411764,0.85,0.85,0.85,0.6556564870765962,0.7198607077073581,0.6556564870765962,0.7198607077073581,0.6556564870765962,0.7198607077073581,0.7049204004705396,0.8237132445819537,0.7049204004705396,0.8237132445819537,0.7049204004705396,0.8237132445819537,0.7049204004705396,0.8237132445819537,0.7049204004705396,0.8237132445819537,0.7049204004705396,0.8237132445819537,0.7049204004705396,0.8237132445819537,0.7049204004705396,0.8237132445819537,0.7049204004705396,0.8237132445819537
0.3678387988937179,0.68,0.68,0.68,0.6575342465753424,0.83,0.83,0.83,0.45716671185959884,0.6745579020590928,0.45716671185959884,0.6745579020590928,0.45716671185959884,0.6745579020590928,0.6265836767171744,0.7289082228981557,0.6265836767171744,0.7289082228981557,0.6265836767171744,0.7289082228981557,0.6265836767171744,0.7289082228981557,0.6265836767171744,0.7289082228981557,0.6265836767171744,0.7289082228981557,0.6265836767171744,0.7289082228981557,0.6265836767171744,0.7289082228981557,0.6265836767171744,0.7289082228981557
0.2857142857142857,0.6,0.6,0.6,0.8539232053422371,0.93,0.93,0.93,0.4071723939334662,0.603338545864825,0.4071723939334662,0.603338545864825,0.4071723939334662,0.603338545864825,0.5811102798425561,0.7171154180454321,0.5811102798425561,0.7171154180454321,0.5811102798425561,0.7171154180454321,0.5811102798425561,0.7171154180454321,0.5811102798425561,0.7171154180454321,0.5811102798425561,0.7171154180454321,0.5811102798425561,0.7171154180454321,0.5811102798425561,0.7171154180454321,0.5811102798425561,0.7171154180454321
0.233784746970777,0.57,0.57,0.57,0.8186946011281224,0.91,0.91,0.91,0.29975063515521977,0.5424609534292584,0.29975063515521977,0.5424609534292584,0.29975063515521977,0.5424609534292584,0.6023300147387891,0.6905544428517689,0.6023300147387891,0.6905544428517689,0.6023300147387891,0.6905544428517689,0.6023300147387891,0.6905544428517689,0.6023300147387891,0.6905544428517689,0.6023300147387891,0.6905544428517689,0.6023300147387891,0.6905544428517689,0.6023300147387891,0.6905544428517689,0.6023300147387891,0.6905544428517689
0.1613552499161356,0.5,0.5,0.5,0.6557659208261617,0.84,0.84,0.84,0.09428683975040775,0.5281242676538935,0.09428683975040775,0.5281242676538935,0.09428683975040775,0.5281242676538935,0.47607744337831176,0.57265645720074,0.47607744337831176,0.57265645720074,0.47607744337831176,0.57265645720074,0.47607744337831176,0.57265645720074,0.47607744337831176,0.57265645720074,0.47607744337831176,0.57265645720074,0.47607744337831176,0.57265645720074,0.47607744337831176,0.57265645720074,0.47607744337831176,0.57265645720074
0.3215031315240084,0.61,0.61,0.61,0.5689655172413792,0.83,0.83,0.83,0.5316089984386987,0.6111758491450515,0.5316089984386987,0.6111758491450515,0.5316089984386987,0.6111758491450515,0.6413653353623158,0.6655036803463624,0.6413653353623158,0.6655036803463624,0.6413653353623158,0.6655036803463624,0.6413653353623158,0.6655036803463624,0.6413653353623158,0.6655036803463624,0.6413653353623158,0.6655036803463624,0.6413653353623158,0.6655036803463624,0.6413653353623158,0.6655036803463624,0.6413653353623158,0.6655036803463624
0.5405819295558958,0.76,0.76,0.76,0.6987951807228916,0.86,0.86,0.86,0.706879572167672,0.7705128070534352,0.706879572167672,0.7705128070534352,0.706879572167672,0.7705128070534352,0.6386189557801991,0.736221174738156,0.6386189557801991,0.736221174738156,0.6386189557801991,0.736221174738156,0.6386189557801991,0.736221174738156,0.6386189557801991,0.736221174738156,0.6386189557801991,0.736221174738156,0.6386189557801991,0.736221174738156,0.6386189557801991,0.736221174738156,0.6386189557801991,0.736221174738156
0.6262785208497246,0.81,0.81,0.81,0.7920133111480865,0.9,0.9,0.9,0.6600483391519167,0.7587086824891589,0.6600483391519167,0.7587086824891589,0.6600483391519167,0.7587086824891589,0.7200951570845204,0.8026162476194053,0.7200951570845204,0.8026162476194053,0.7200951570845204,0.8026162476194053,0.7200951570845204,0.8026162476194053,0.7200951570845204,0.8026162476194053,0.7200951570845204,0.8026162476194053,0.7200951570845204,0.8026162476194053,0.7200951570845204,0.8026162476194053,0.7200951570845204,0.8026162476194053
0.7222222222222222,0.86,0.86,0.86,0.576271186440678,0.78,0.78,0.78,0.6746483807395199,0.7936866599291517,0.6746483807395199,0.7936866599291517,0.6746483807395199,0.7936866599291517,0.774725885570932,0.8615370504935254,0.774725885570932,0.8615370504935254,0.774725885570932,0.8615370504935254,0.774725885570932,0.8615370504935254,0.774725885570932,0.8615370504935254,0.774725885570932,0.8615370504935254,0.774725885570932,0.8615370504935254,0.774725885570932,0.8615370504935254,0.774725885570932,0.8615370504935254
0.5721271393643031,0.79,0.79,0.79,0.4462901439645627,0.7,0.7,0.7,0.5658145876959212,0.7973786669044653,0.5658145876959212,0.7973786669044653,0.5658145876959212,0.7973786669044653,0.7353951813455668,0.8505879834942093,0.7353951813455668,0.8505879834942093,0.7353951813455668,0.8505879834942093,0.7353951813455668,0.8505879834942093,0.7353951813455668,0.8505879834942093,0.7353951813455668,0.8505879834942093,0.7353951813455668,0.8505879834942093,0.7353951813455668,0.8505879834942093,0.7353951813455668,0.8505879834942093
0.6329211746522412,0.81,0.81,0.81,0.375,0.67,0.67,0.67,0.7287381182836145,0.7245051465133596,0.7287381182836145,0.7245051465133596,0.7287381182836145,0.7245051465133596,0.6977764659654501,0.8127184548518126,0.6977764659654501,0.8127184548518126,0.6977764659654501,0.8127184548518126,0.6977764659654501,0.8127184548518126,0.6977764659654501,0.8127184548518126,0.6977764659654501,0.8127184548518126,0.6977764659654501,0.8127184548518126,0.6977764659654501,0.8127184548518126,0.6977764659654501,0.8127184548518126
0.7089397089397089,0.86,0.86,0.86,0.5769230769230769,0.78,0.78,0.78,0.754431308815745,0.7671209824691734,0.754431308815745,0.7671209824691734,0.754431308815745,0.7671209824691734,0.7918945732048999,0.806480799283578,0.7918945732048999,0.806480799283578,0.7918945732048999,0.806480799283578,0.7918945732048999,0.806480799283578,0.7918945732048999,0.806480799283578,0.7918945732048999,0.806480799283578,0.7918945732048999,0.806480799283578,0.7918945732048999,0.806480799283578,0.7918945732048999,0.806480799283578
0.6985530546623795,0.85,0.85,0.85,0.6412913511359107,0.82,0.82,0.82,0.7495828571432832,0.775875245889631,0.7495828571432832,0.775875245889631,0.7495828571432832,0.775875245889631,0.7977213285764809,0.8192803088112812,0.7977213285764809,0.8192803088112812,0.7977213285764809,0.8192803088112812,0.7977213285764809,0.8192803088112812,0.7977213285764809,0.8192803088112812,0.7977213285764809,0.8192803088112812,0.7977213285764809,0.8192803088112812,0.7977213285764809,0.8192803088112812,0.7977213285764809,0.8192803088112812
0.5820063694267517,0.79,0.79,0.79,0.7683235046335299,0.89,0.89,0.89,0.7404121836716778,0.6625217098877367,0.7404121836716778,0.6625217098877367,0.7404121836716778,0.6625217098877367,0.6963639845250683,0.7732922151085126,0.6963639845250683,0.7732922151085126,0.6963639845250683,0.7732922151085126,0.6963639845250683,0.7732922151085126,0.6963639845250683,0.7732922151085126,0.6963639845250683,0.7732922151085126,0.6963639845250683,0.7732922151085126,0.6963639845250683,0.7732922151085126,0.6963639845250683,0.7732922151085126
0.4214508233199822,0.74,0.74,0.74,0.5894909688013137,0.8,0.8,0.8,0.5563080124898747,0.6025673874417528,0.5563080124898747,0.6025673874417528,0.5563080124898747,0.6025673874417528,0.6701106250404782,0.7677475034317724,0.6701106250404782,0.7677475034317724,0.6701106250404782,0.7677475034317724,0.6701106250404782,0.7677475034317724,0.6701106250404782,0.7677475034317724,0.6701106250404782,0.7677475034317724,0.6701106250404782,0.7677475034317724,0.6701106250404782,0.7677475034317724,0.6701106250404782,0.7677475034317724
0.3001119820828667,0.75,0.75,0.75,0.6,0.8,0.8,0.8,0.3240293584715382,0.31585796090466156,0.3240293584715382,0.31585796090466156,0.3240293584715382,0.31585796090466156,0.5916290200490135,0.5567912793110084,0.5916290200490135,0.5567912793110084,0.5916290200490135,0.5567912793110084,0.5916290200490135,0.5567912793110084,0.5916290200490135,0.5567912793110084,0.5916290200490135,0.5567912793110084,0.5916290200490135,0.5567912793110084,0.5916290200490135,0.5567912793110084,0.5916290200490135,0.5567912793110084
0.0997229916897507,0.74,0.74,0.74,0.4295743747257569,0.74,0.74,0.74,0.06272762931451638,0.07026071816816502,0.06272762931451638,0.07026071816816502,0.06272762931451638,0.07026071816816502,0.47969661042686884,0.47804256334047296,0.47969661042686884,0.47804256334047296,0.47969661042686884,0.47804256334047296,0.47969661042686884,0.47804256334047296,0.47969661042686884,0.47804256334047296,0.47969661042686884,0.47804256334047296,0.47969661042686884,0.47804256334047296,0.47969661042686884,0.47804256334047296,0.47969661042686884,0.47804256334047296
0.1876523151909016,0.8,0.8,0.8,0.4057377049180327,0.71,0.71,0.71,0.1490377317297923,0.12978355853629708,0.1490377317297923,0.12978355853629708,0.1490377317297923,0.12978355853629708,0.5551306029434052,0.48216918675078513,0.5551306029434052,0.48216918675078513,0.5551306029434052,0.48216918675078513,0.5551306029434052,0.48216918675078513,0.5551306029434052,0.48216918675078513,0.5551306029434052,0.48216918675078513,0.5551306029434052,0.48216918675078513,0.5551306029434052,0.48216918675078513,0.5551306029434052,0.48216918675078513
0.1644908616187989,0.68,0.68,0.68,0.3678387988937179,0.68,0.68,0.68,0.18294752832402997,0.2548710230110124,0.18294752832402997,0.2548710230110124,0.18294752832402997,0.2548710230110124,0.6018911272728961,0.6047073569378721,0.6018911272728961,0.6047073569378721,0.6018911272728961,0.6047073569378721,0.6018911272728961,0.6047073569378721,0.6018911272728961,0.6047073569378721,0.6018911272728961,0.6047073569378721,0.6018911272728961,0.6047073569378721,0.6018911272728961,0.6047073569378721,0.6018911272728961,0.6047073569378721
0.3356299212598425,0.73,0.73,0.73,0.2857142857142857,0.6,0.6,0.6,0.2994612625015881,0.3514755127585758,0.2994612625015881,0.3514755127585758,0.2994612625015881,0.3514755127585758,0.6350050054020864,0.6368891533481813,0.6350050054020864,0.6368891533481813,0.6350050054020864,0.6368891533481813,0.6350050054020864,0.6368891533481813,0.6350050054020864,0.6368891533481813,0.6350050054020864,0.6368891533481813,0.6350050054020864,0.6368891533481813,0.6350050054020864,0.6368891533481813,0.6350050054020864,0.6368891533481813
0.5459704880817253,0.76,0.76,0.76,0.233784746970777,0.57,0.57,0.57,0.6956970521801116,0.8402151939984357,0.6956970521801116,0.8402151939984357,0.6956970521801116,0.8402151939984357,0.8108026684630272,0.8921525559792614,0.8108026684630272,0.8921525559792614,0.8108026684630272,0.8921525559792614,0.8108026684630272,0.8921525559792614,0.8108026684630272,0.8921525559792614,0.8108026684630272,0.8921525559792614,0.8108026684630272,0.8921525559792614,0.8108026684630272,0.8921525559792614,0.8108026684630272,0.8921525559792614
0.7968305566842747,0.9,0.9,0.9,0.1613552499161356,0.5,0.5,0.5,0.7511664989281592,0.7815740365374554,0.7511664989281592,0.7815740365374554,0.7511664989281592,0.7815740365374554,0.7994986054041027,0.8828405484320578,0.7994986054041027,0.8828405484320578,0.7994986054041027,0.8828405484320578,0.7994986054041027,0.8828405484320578,0.7994986054041027,0.8828405484320578,0.7994986054041027,0.8828405484320578,0.7994986054041027,0.8828405484320578,0.7994986054041027,0.8828405484320578,0.7994986054041027,0.8828405484320578
0.7877358490566038,0.91,0.91,0.91,0.3215031315240084,0.61,0.61,0.61,0.737314452667126,0.7824526531040559,0.737314452667126,0.7824526531040559,0.737314452667126,0.7824526531040559,0.8029842721102849,0.8917546114953184,0.8029842721102849,0.8917546114953184,0.8029842721102849,0.8917546114953184,0.8029842721102849,0.8917546114953184,0.8029842721102849,0.8917546114953184,0.8029842721102849,0.8917546114953184,0.8029842721102849,0.8917546114953184,0.8029842721102849,0.8917546114953184,0.8029842721102849,0.8917546114953184
0.6365288505224898,0.84,0.84,0.84,0.5405819295558958,0.76,0.76,0.76,0.7453720377227314,0.7773344922995692,0.7453720377227314,0.7773344922995692,0.7453720377227314,0.7773344922995692,0.7731385912690961,0.8347823509327518,0.7731385912690961,0.8347823509327518,0.7731385912690961,0.8347823509327518,0.7731385912690961,0.8347823509327518,0.7731385912690961,0.8347823509327518,0.7731385912690961,0.8347823509327518,0.7731385912690961,0.8347823509327518,0.7731385912690961,0.8347823509327518,0.7731385912690961,0.8347823509327518
0.6070726915520629,0.8,0.8,0.8,0.6262785208497246,0.81,0.81,0.81,0.7526363134232967,0.7633659916355566,0.7526363134232967,0.7633659916355566,0.7526363134232967,0.7633659916355566,0.8193006894095113,0.861091447164089,0.8193006894095113,0.861091447164089,0.8193006894095113,0.861091447164089,0.8193006894095113,0.861091447164089,0.8193006894095113,0.861091447164089,0.8193006894095113,0.861091447164089,0.8193006894095113,0.861091447164089,0.8193006894095113,0.861091447164089,0.8193006894095113,0.861091447164089
0.6052631578947368,0.82,0.82,0.82,0.7222222222222222,0.86,0.86,0.86,0.760912101154313,0.7651080870506136,0.760912101154313,0.7651080870506136,0.760912101154313,0.7651080870506136,0.6761668545640985,0.7663149084754679,0.6761668545640985,0.7663149084754679,0.6761668545640985,0.7663149084754679,0.6761668545640985,0.7663149084754679,0.6761668545640985,0.7663149084754679,0.6761668545640985,0.7663149084754679,0.6761668545640985,0.7663149084754679,0.6761668545640985,0.7663149084754679,0.6761668545640985,0.7663149084754679
0.3846855059252507,0.73,0.73,0.73,0.5721271393643031,0.79,0.79,0.79,0.5651859634491564,0.552143364040278,0.5651859634491564,0.552143364040278,0.5651859634491564,0.552143364040278,0.650003660783877,0.7045258854506239,0.650003660783877,0.7045258854506239,0.650003660783877,0.7045258854506239,0.650003660783877,0.7045258854506239,0.650003660783877,0.7045258854506239,0.650003660783877,0.7045258854506239,0.650003660783877,0.7045258854506239,0.650003660783877,0.7045258854506239,0.650003660783877,0.7045258854506239
0.6160794941282746,0.83,0.83,0.83,0.6329211746522412,0.81,0.81,0.81,0.6001288382721678,0.6641252248445606,0.6001288382721678,0.6641252248445606,0.6001288382721678,0.6641252248445606,0.6299885727856822,0.7334706281272008,0.6299885727856822,0.7334706281272008,0.6299885727856822,0.7334706281272008,0.6299885727856822,0.7334706281272008,0.6299885727856822,0.7334706281272008,0.6299885727856822,0.7334706281272008,0.6299885727856822,0.7334706281272008,0.6299885727856822,0.7334706281272008,0.6299885727856822,0.7334706281272008
0.7135842880523732,0.86,0.86,0.86,0.7089397089397089,0.86,0.86,0.86,0.7490719265784326,0.7618144288492342,0.7490719265784326,0.7618144288492342,0.7490719265784326,0.7618144288492342,0.6582067844340214,0.7905878577042664,0.6582067844340214,0.7905878577042664,0.6582067844340214,0.7905878577042664,0.6582067844340214,0.7905878577042664,0.6582067844340214,0.7905878577042664,0.6582067844340214,0.7905878577042664,0.6582067844340214,0.7905878577042664,0.6582067844340214,0.7905878577042664,0.6582067844340214,0.7905878577042664
0.6985530546623795,0.85,0.85,0.85,0.6985530546623795,0.85,0.85,0.85,0.7334963462984757,0.7665716522141349,0.7334963462984757,0.7665716522141349,0.7334963462984757,0.7665716522141349,0.6868412108074273,0.7892694762115846,0.6868412108074273,0.7892694762115846,0.6868412108074273,0.7892694762115846,0.6868412108074273,0.7892694762115846,0.6868412108074273,0.7892694762115846,0.6868412108074273,0.7892694762115846,0.6868412108074273,0.7892694762115846,0.6868412108074273,0.7892694762115846,0.6868412108074273,0.7892694762115846
0.6985530546623795,0.85,0.85,0.85,0.5820063694267517,0.79,0.79,0.79,0.7216246251665748,0.7430529622322822,0.7216246251665748,0.7430529622322822,0.7216246251665748,0.7430529622322822,0.7649842735019451,0.7866726056821006,0.7649842735019451,0.7866726056821006,0.7649842735019451,0.7866726056821006,0.7649842735019451,0.7866726056821006,0.7649842735019451,0.7866726056821006,0.7649842735019451,0.7866726056821006,0.7649842735019451,0.7866726056821006,0.7649842735019451,0.7866726056821006,0.7649842735019451,0.7866726056821006
0.375,0.72,0.72,0.72,0.4214508233199822,0.74,0.74,0.74,0.664946251056465,0.7190300769547021,0.664946251056465,0.7190300769547021,0.664946251056465,0.7190300769547021,0.6960214606048156,0.7875411756305485,0.6960214606048156,0.7875411756305485,0.6960214606048156,0.7875411756305485,0.6960214606048156,0.7875411756305485,0.6960214606048156,0.7875411756305485,0.6960214606048156,0.7875411756305485,0.6960214606048156,0.7875411756305485,0.6960214606048156,0.7875411756305485,0.6960214606048156,0.7875411756305485
0.156021897810219,0.63,0.63,0.63,0.3001119820828667,0.75,0.75,0.75,0.10516326934955526,0.538703572815402,0.10516326934955526,0.538703572815402,0.10516326934955526,0.538703572815402,0.5157458502674539,0.7212572319688204,0.5157458502674539,0.7212572319688204,0.5157458502674539,0.7212572319688204,0.5157458502674539,0.7212572319688204,0.5157458502674539,0.7212572319688204,0.5157458502674539,0.7212572319688204,0.5157458502674539,0.7212572319688204,0.5157458502674539,0.7212572319688204,0.5157458502674539,0.7212572319688204
0.0784182305630027,0.45,0.45,0.45,0.0997229916897507,0.74,0.74,0.74,0.1273864077913019,0.48369645359704205,0.1273864077913019,0.48369645359704205,0.1273864077913019,0.48369645359704205,0.5558811373647181,0.669031671815074,0.5558811373647181,0.669031671815074,0.5558811373647181,0.669031671815074,0.5558811373647181,0.669031671815074,0.5558811373647181,0.669031671815074,0.5558811373647181,0.669031671815074,0.5558811373647181,0.669031671815074,0.5558811373647181,0.669031671815074,0.5558811373647181,0.669031671815074
0.2105263157894736,0.52,0.52,0.52,0.1876523151909016,0.8,0.8,0.8,0.6570621442619238,0.7232492585429472,0.6570621442619238,0.7232492585429472,0.6570621442619238,0.7232492585429472,0.7556090414218944,0.7654666274671684,0.7556090414218944,0.7654666274671684,0.7556090414218944,0.7654666274671684,0.7556090414218944,0.7654666274671684,0.7556090414218944,0.7654666274671684,0.7556090414218944,0.7654666274671684,0.7556090414218944,0.7654666274671684,0.7556090414218944,0.7654666274671684,0.7556090414218944,0.7654666274671684
0.3200836820083682,0.61,0.61,0.61,0.1644908616187989,0.68,0.68,0.68,0.6617386122797874,0.6203252820278917,0.6617386122797874,0.6203252820278917,0.6617386122797874,0.6203252820278917,0.7374797116158487,0.7744830256777671,0.7374797116158487,0.7744830256777671,0.7374797116158487,0.7744830256777671,0.7374797116158487,0.7744830256777671,0.7374797116158487,0.7744830256777671,0.7374797116158487,0.7744830256777671,0.7374797116158487,0.7744830256777671,0.7374797116158487,0.7744830256777671,0.7374797116158487,0.7744830256777671
0.661624203821656,0.83,0.83,0.83,0.3356299212598425,0.73,0.73,0.73,0.706066890710064,0.6260809094569152,0.706066890710064,0.6260809094569152,0.706066890710064,0.6260809094569152,0.6813011209998922,0.7257167393454551,0.6813011209998922,0.7257167393454551,0.6813011209998922,0.7257167393454551,0.6813011209998922,0.7257167393454551,0.6813011209998922,0.7257167393454551,0.6813011209998922,0.7257167393454551,0.6813011209998922,0.7257167393454551,0.6813011209998922,0.7257167393454551,0.6813011209998922,0.7257167393454551
0.6767241379310345,0.85,0.85,0.85,0.5459704880817253,0.76,0.76,0.76,0.6080267867340398,0.6584076663183149,0.6080267867340398,0.6584076663183149,0.6080267867340398,0.6584076663183149,0.6389464552698614,0.7215584648965523,0.6389464552698614,0.7215584648965523,0.6389464552698614,0.7215584648965523,0.6389464552698614,0.7215584648965523,0.6389464552698614,0.7215584648965523,0.6389464552698614,0.7215584648965523,0.6389464552698614,0.7215584648965523,0.6389464552698614,0.7215584648965523,0.6389464552698614,0.7215584648965523
0.4513715710723192,0.78,0.78,0.78,0.7968305566842747,0.9,0.9,0.9,0.3431415653373934,0.6281417487438621,0.3431415653373934,0.6281417487438621,0.3431415653373934,0.6281417487438621,0.5644725695024209,0.7104922335436309,0.5644725695024209,0.7104922335436309,0.5644725695024209,0.7104922335436309,0.5644725695024209,0.7104922335436309,0.5644725695024209,0.7104922335436309,0.5644725695024209,0.7104922335436309,0.5644725695024209,0.7104922335436309,0.5644725695024209,0.7104922335436309,0.5644725695024209,0.7104922335436309
0.4537815126050419,0.74,0.74,0.74,0.7877358490566038,0.91,0.91,0.91,0.2907361407119341,0.48051447642894196,0.2907361407119341,0.48051447642894196,0.2907361407119341,0.48051447642894196,0.5178617879887705,0.6336265191333971,0.5178617879887705,0.6336265191333971,0.5178617879887705,0.6336265191333971,0.5178617879887705,0.6336265191333971,0.5178617879887705,0.6336265191333971,0.5178617879887705,0.6336265191333971,0.5178617879887705,0.6336265191333971,0.5178617879887705,0.6336265191333971,0.5178617879887705,0.6336265191333971
0.4285714285714286,0.7,0.7,0.7,0.6365288505224898,0.84,0.84,0.84,0.45322353117725395,0.7088693900328591,0.45322353117725395,0.7088693900328591,0.45322353117725395,0.7088693900328591,0.6019311702760416,0.7295359128837517,0.6019311702760416,0.7295359128837517,0.6019311702760416,0.7295359128837517,0.6019311702760416,0.7295359128837517,0.6019311702760416,0.7295359128837517,0.6019311702760416,0.7295359128837517,0.6019311702760416,0.7295359128837517,0.6019311702760416,0.7295359128837517,0.6019311702760416,0.7295359128837517
0.6835443037974684,0.84,0.84,0.84,0.6070726915520629,0.8,0.8,0.8,0.6769629941556842,0.806236883446462,0.6769629941556842,0.806236883446462,0.6769629941556842,0.806236883446462,0.7204189433448536,0.7638349900123085,0.7204189433448536,0.7638349900123085,0.7204189433448536,0.7638349900123085,0.7204189433448536,0.7638349900123085,0.7204189433448536,0.7638349900123085,0.7204189433448536,0.7638349900123085,0.7204189433448536,0.7638349900123085,0.7204189433448536,0.7638349900123085,0.7204189433448536,0.7638349900123085
0.6516393442622951,0.83,0.83,0.83,0.6052631578947368,0.82,0.82,0.82,0.6735477189025518,0.8098963965502561,0.6735477189025518,0.8098963965502561,0.6735477189025518,0.8098963965502561,0.8240953634732048,0.8863148130806019,0.8240953634732048,0.8863148130806019,0.8240953634732048,0.8863148130806019,0.8240953634732048,0.8863148130806019,0.8240953634732048,0.8863148130806019,0.8240953634732048,0.8863148130806019,0.8240953634732048,0.8863148130806019,0.8240953634732048,0.8863148130806019,0.8240953634732048,0.8863148130806019
0.54,0.77,0.77,0.77,0.3846855059252507,0.73,0.73,0.73,0.632687666469216,0.8046511648757116,0.632687666469216,0.8046511648757116,0.632687666469216,0.8046511648757116,0.8084596440379345,0.8585734968380633,0.8084596440379345,0.8585734968380633,0.8084596440379345,0.8585734968380633,0.8084596440379345,0.8585734968380633,0.8084596440379345,0.8585734968380633,0.8084596440379345,0.8585734968380633,0.8084596440379345,0.8585734968380633,0.8084596440379345,0.8585734968380633,0.8084596440379345,0.8585734968380633
0.2236024844720496,0.65,0.65,0.65,0.6160794941282746,0.83,0.83,0.83,0.36660188513176867,0.4055229158788634,0.36660188513176867,0.4055229158788634,0.36660188513176867,0.4055229158788634,0.7546404490537735,0.6676249919141677,0.7546404490537735,0.6676249919141677,0.7546404490537735,0.6676249919141677,0.7546404490537735,0.6676249919141677,0.7546404490537735,0.6676249919141677,0.7546404490537735,0.6676249919141677,0.7546404490537735,0.6676249919141677,0.7546404490537735,0.6676249919141677,0.7546404490537735,0.6676249919141677
0.2199999999999999,0.61,0.61,0.61,0.7135842880523732,0.86,0.86,0.86,0.35241617063558245,0.4147648709115356,0.35241617063558245,0.4147648709115356,0.35241617063558245,0.4147648709115356,0.7607932198017601,0.6928466464995726,0.7607932198017601,0.6928466464995726,0.7607932198017601,0.6928466464995726,0.7607932198017601,0.6928466464995726,0.7607932198017601,0.6928466464995726,0.7607932198017601,0.6928466464995726,0.7607932198017601,0.6928466464995726,0.7607932198017601,0.6928466464995726,0.7607932198017601,0.6928466464995726
0.1507870753935377,0.59,0.59,0.59,0.6985530546623795,0.85,0.85,0.85,0.2454633472395468,0.10853056489871098,0.2454633472395468,0.10853056489871098,0.2454633472395468,0.10853056489871098,0.6127510247699769,0.5218263509897445,0.6127510247699769,0.5218263509897445,0.6127510247699769,0.5218263509897445,0.6127510247699769,0.5218263509897445,0.6127510247699769,0.5218263509897445,0.6127510247699769,0.5218263509897445,0.6127510247699769,0.5218263509897445,0.6127510247699769,0.5218263509897445,0.6127510247699769,0.5218263509897445
0.128616242593238,0.5,0.5,0.5,0.6985530546623795,0.85,0.85,0.85,0.26430436308582406,0.35707988954269587,0.26430436308582406,0.35707988954269587,0.26430436308582406,0.35707988954269587,0.5593583919093785,0.5503958933104299,0.5593583919093785,0.5503958933104299,0.5593583919093785,0.5503958933104299,0.5593583919093785,0.5503958933104299,0.5593583919093785,0.5503958933104299,0.5593583919093785,0.5503958933104299,0.5593583919093785,0.5503958933104299,0.5593583919093785,0.5503958933104299,0.5593583919093785,0.5503958933104299
0.1312741312741312,0.46,0.46,0.46,0.375,0.72,0.72,0.72,0.13123565898815573,0.5178789173502951,0.13123565898815573,0.5178789173502951,0.13123565898815573,0.5178789173502951,0.4948560272488884,0.6203532288002774,0.4948560272488884,0.6203532288002774,0.4948560272488884,0.6203532288002774,0.4948560272488884,0.6203532288002774,0.4948560272488884,0.6203532288002774,0.4948560272488884,0.6203532288002774,0.4948560272488884,0.6203532288002774,0.4948560272488884,0.6203532288002774,0.4948560272488884,0.6203532288002774
0.1313960833859758,0.45,0.45,0.45,0.156021897810219,0.63,0.63,0.63,0.34153431888468055,0.5324158074882333,0.34153431888468055,0.5324158074882333,0.34153431888468055,0.5324158074882333,0.4993374549156864,0.6756463286177973,0.4993374549156864,0.6756463286177973,0.4993374549156864,0.6756463286177973,0.4993374549156864,0.6756463286177973,0.4993374549156864,0.6756463286177973,0.4993374549156864,0.6756463286177973,0.4993374549156864,0.6756463286177973,0.4993374549156864,0.6756463286177973,0.4993374549156864,0.6756463286177973
0.3849493487698987,0.66,0.66,0.66,0.0784182305630027,0.45,0.45,0.45,0.6633297227382864,0.6448072699351931,0.6633297227382864,0.6448072699351931,0.6633297227382864,0.6448072699351931,0.6288276818434654,0.7361589604686543,0.6288276818434654,0.7361589604686543,0.6288276818434654,0.7361589604686543,0.6288276818434654,0.7361589604686543,0.6288276818434654,0.7361589604686543,0.6288276818434654,0.7361589604686543,0.6288276818434654,0.7361589604686543,0.6288276818434654,0.7361589604686543,0.6288276818434654,0.7361589604686543
0.576271186440678,0.79,0.79,0.79,0.2105263157894736,0.52,0.52,0.52,0.7652256829779541,0.6915474615687324,0.7652256829779541,0.6915474615687324,0.7652256829779541,0.6915474615687324,0.6703554083096982,0.7548089613458518,0.6703554083096982,0.7548089613458518,0.6703554083096982,0.7548089613458518,0.6703554083096982,0.7548089613458518,0.6703554083096982,0.7548089613458518,0.6703554083096982,0.7548089613458518,0.6703554083096982,0.7548089613458518,0.6703554083096982,0.7548089613458518,0.6703554083096982,0.7548089613458518
0.9143468950749464,0.96,0.96,0.96,0.3200836820083682,0.61,0.61,0.61,0.7775858356687007,0.8351856124883473,0.7775858356687007,0.8351856124883473,0.7775858356687007,0.8351856124883473,0.8190679282764434,0.9011994996744167,0.8190679282764434,0.9011994996744167,0.8190679282764434,0.9011994996744167,0.8190679282764434,0.9011994996744167,0.8190679282764434,0.9011994996744167,0.8190679282764434,0.9011994996744167,0.8190679282764434,0.9011994996744167,0.8190679282764434,0.9011994996744167,0.8190679282764434,0.9011994996744167
0.8627002288329519,0.94,0.94,0.94,0.661624203821656,0.83,0.83,0.83,0.7551551663210271,0.8234769357931854,0.7551551663210271,0.8234769357931854,0.7551551663210271,0.8234769357931854,0.7985201366053888,0.8974986367999201,0.7985201366053888,0.8974986367999201,0.7985201366053888,0.8974986367999201,0.7985201366053888,0.8974986367999201,0.7985201366053888,0.8974986367999201,0.7985201366053888,0.8974986367999201,0.7985201366053888,0.8974986367999201,0.7985201366053888,0.8974986367999201,0.7985201366053888,0.8974986367999201
0.8026315789473684,0.91,0.91,0.91,0.6767241379310345,0.85,0.85,0.85,0.748985276071989,0.821710051540872,0.748985276071989,0.821710051540872,0.748985276071989,0.821710051540872,0.8165944727999292,0.9165148266960607,0.8165944727999292,0.9165148266960607,0.8165944727999292,0.9165148266960607,0.8165944727999292,0.9165148266960607,0.8165944727999292,0.9165148266960607,0.8165944727999292,0.9165148266960607,0.8165944727999292,0.9165148266960607,0.8165944727999292,0.9165148266960607,0.8165944727999292,0.9165148266960607
0.8605577689243028,0.93,0.93,0.93,0.4513715710723192,0.78,0.78,0.78,0.7531401985555722,0.801600368679067,0.7531401985555722,0.801600368679067,0.7531401985555722,0.801600368679067,0.7609459527545746,0.8617550819319544,0.7609459527545746,0.8617550819319544,0.7609459527545746,0.8617550819319544,0.7609459527545746,0.8617550819319544,0.7609459527545746,0.8617550819319544,0.7609459527545746,0.8617550819319544,0.7609459527545746,0.8617550819319544,0.7609459527545746,0.8617550819319544,0.7609459527545746,0.8617550819319544
0.8796630565583634,0.94,0.94,0.94,0.4537815126050419,0.74,0.74,0.74,0.7879566387829356,0.7750049692508874,0.7879566387829356,0.7750049692508874,0.7879566387829356,0.7750049692508874,0.7286240769550946,0.866984769144547,0.7286240769550946,0.866984769144547,0.7286240769550946,0.866984769144547,0.7286240769550946,0.866984769144547,0.7286240769550946,0.866984769144547,0.7286240769550946,0.866984769144547,0.7286240769550946,0.866984769144547,0.7286240769550946,0.866984769144547,0.7286240769550946,0.866984769144547
0.8717948717948718,0.94,0.94,0.94,0.4285714285714286,0.7,0.7,0.7,0.6934728160175005,0.7885789577825599,0.6934728160175005,0.7885789577825599,0.6934728160175005,0.7885789577825599,0.746047800335679,0.8475382047857583,0.746047800335679,0.8475382047857583,0.746047800335679,0.8475382047857583,0.746047800335679,0.8475382047857583,0.746047800335679,0.8475382047857583,0.746047800335679,0.8475382047857583,0.746047800335679,0.8475382047857583,0.746047800335679,0.8475382047857583,0.746047800335679,0.8475382047857583
0.8161764705882353,0.91,0.91,0.91,0.6835443037974684,0.84,0.84,0.84,0.6653154653585779,0.7567991994161695,0.6653154653585779,0.7567991994161695,0.6653154653585779,0.7567991994161695,0.6999747175811051,0.7580712170140047,0.6999747175811051,0.7580712170140047,0.6999747175811051,0.7580712170140047,0.6999747175811051,0.7580712170140047,0.6999747175811051,0.7580712170140047,0.6999747175811051,0.7580712170140047,0.6999747175811051,0.7580712170140047,0.6999747175811051,0.7580712170140047,0.6999747175811051,0.7580712170140047
0.6516393442622951,0.83,0.83,0.83,0.6516393442622951,0.83,0.83,0.83,0.6470189136058868,0.6985490369939694,0.6470189136058868,0.6985490369939694,0.6470189136058868,0.6985490369939694,0.7336208229867968,0.8064648725561677,0.7336208229867968,0.8064648725561677,0.7336208229867968,0.8064648725561677,0.7336208229867968,0.8064648725561677,0.7336208229867968,0.8064648725561677,0.7336208229867968,0.8064648725561677,0.7336208229867968,0.8064648725561677,0.7336208229867968,0.8064648725561677,0.7336208229867968,0.8064648725561677
0.2759795570698465,0.66,0.66,0.66,0.54,0.77,0.77,0.77,0.16024832394039526,0.540294527093621,0.16024832394039526,0.540294527093621,0.16024832394039526,0.540294527093621,0.5746136492242193,0.6569079558763555,0.5746136492242193,0.6569079558763555,0.5746136492242193,0.6569079558763555,0.5746136492242193,0.6569079558763555,0.5746136492242193,0.6569079558763555,0.5746136492242193,0.6569079558763555,0.5746136492242193,0.6569079558763555,0.5746136492242193,0.6569079558763555,0.5746136492242193,0.6569079558763555
0.1770299926847112,0.55,0.55,0.55,0.2236024844720496,0.65,0.65,0.65,0.24079541556306597,0.5459441388026564,0.24079541556306597,0.5459441388026564,0.24079541556306597,0.5459441388026564,0.6481349590556135,0.6511276579971327,0.6481349590556135,0.6511276579971327,0.6481349590556135,0.6511276579971327,0.6481349590556135,0.6511276579971327,0.6481349590556135,0.6511276579971327,0.6481349590556135,0.6511276579971327,0.6481349590556135,0.6511276579971327,0.6481349590556135,0.6511276579971327,0.6481349590556135,0.6511276579971327
0.2230662983425414,0.55,0.55,0.55,0.2199999999999999,0.61,0.61,0.61,0.4228873635476006,0.5250053384743861,0.4228873635476006,0.5250053384743861,0.4228873635476006,0.5250053384743861,0.6550974846499472,0.656512050086935,0.6550974846499472,0.656512050086935,0.6550974846499472,0.656512050086935,0.6550974846499472,0.656512050086935,0.6550974846499472,0.656512050086935,0.6550974846499472,0.656512050086935,0.6550974846499472,0.656512050086935,0.6550974846499472,0.656512050086935,0.6550974846499472,0.656512050086935
0.55078125,0.77,0.77,0.77,0.1507870753935377,0.59,0.59,0.59,0.571975480407888,0.6935963060368583,0.571975480407888,0.6935963060368583,0.571975480407888,0.6935963060368583,0.6268713841230688,0.6732460524686271,0.6268713841230688,0.6732460524686271,0.6268713841230688,0.6732460524686271,0.6268713841230688,0.6732460524686271,0.6268713841230688,0.6732460524686271,0.6268713841230688,0.6732460524686271,0.6268713841230688,0.6732460524686271,0.6268713841230688,0.6732460524686271,0.6268713841230688,0.6732460524686271
0.727577535624476,0.87,0.87,0.87,0.128616242593238,0.5,0.5,0.5,0.6588739173409349,0.8231386761496168,0.6588739173409349,0.8231386761496168,0.6588739173409349,0.8231386761496168,0.7687032055764917,0.7857254550114194,0.7687032055764917,0.7857254550114194,0.7687032055764917,0.7857254550114194,0.7687032055764917,0.7857254550114194,0.7687032055764917,0.7857254550114194,0.7687032055764917,0.7857254550114194,0.7687032055764917,0.7857254550114194,0.7687032055764917,0.7857254550114194,0.7687032055764917,0.7857254550114194
0.6733668341708543,0.87,0.87,0.87,0.1312741312741312,0.46,0.46,0.46,0.4367510637066267,0.5362138671223474,0.4367510637066267,0.5362138671223474,0.4367510637066267,0.5362138671223474,0.6250472827025257,0.7006058618226776,0.6250472827025257,0.7006058618226776,0.6250472827025257,0.7006058618226776,0.6250472827025257,0.7006058618226776,0.6250472827025257,0.7006058618226776,0.6250472827025257,0.7006058618226776,0.6250472827025257,0.7006058618226776,0.6250472827025257,0.7006058618226776,0.6250472827025257,0.7006058618226776
0.7212692967409948,0.87,0.87,0.87,0.1313960833859758,0.45,0.45,0.45,0.5833263089632207,0.6167169534822543,0.5833263089632207,0.6167169534822543,0.5833263089632207,0.6167169534822543,0.6777796638775064,0.7507663802698045,0.6777796638775064,0.7507663802698045,0.6777796638775064,0.7507663802698045,0.6777796638775064,0.7507663802698045,0.6777796638775064,0.7507663802698045,0.6777796638775064,0.7507663802698045,0.6777796638775064,0.7507663802698045,0.6777796638775064,0.7507663802698045,0.6777796638775064,0.7507663802698045
0.7235387045813586,0.86,0.86,0.86,0.3849493487698987,0.66,0.66,0.66,0.6699114435107545,0.6963975682814818,0.6699114435107545,0.6963975682814818,0.6699114435107545,0.6963975682814818,0.6995700430370223,0.7764758404302619,0.6995700430370223,0.7764758404302619,0.6995700430370223,0.7764758404302619,0.6995700430370223,0.7764758404302619,0.6995700430370223,0.7764758404302619,0.6995700430370223,0.7764758404302619,0.6995700430370223,0.7764758404302619,0.6995700430370223,0.7764758404302619,0.6995700430370223,0.7764758404302619
0.7593261131167268,0.88,0.88,0.88,0.576271186440678,0.79,0.79,0.79,0.7513348744758575,0.7556639235087081,0.7513348744758575,0.7556639235087081,0.7513348744758575,0.7556639235087081,0.6867227439122908,0.7622233492417437,0.6867227439122908,0.7622233492417437,0.6867227439122908,0.7622233492417437,0.6867227439122908,0.7622233492417437,0.6867227439122908,0.7622233492417437,0.6867227439122908,0.7622233492417437,0.6867227439122908,0.7622233492417437,0.6867227439122908,0.7622233492417437,0.6867227439122908,0.7622233492417437
0.7316267547481421,0.87,0.87,0.87,0.9143468950749464,0.96,0.96,0.96,0.7063566718238299,0.7221165657918336,0.7063566718238299,0.7221165657918336,0.7063566718238299,0.7221165657918336,0.662336830396507,0.7700623315487576,0.662336830396507,0.7700623315487576,0.662336830396507,0.7700623315487576,0.662336830396507,0.7700623315487576,0.662336830396507,0.7700623315487576,0.662336830396507,0.7700623315487576,0.662336830396507,0.7700623315487576,0.662336830396507,0.7700623315487576,0.662336830396507,0.7700623315487576
0.6176470588235294,0.87,0.87,0.87,0.8627002288329519,0.94,0.94,0.94,0.40731061353811654,0.33895508153107873,0.40731061353811654,0.33895508153107873,0.40731061353811654,0.33895508153107873,0.6469321467893561,0.671242033950291,0.6469321467893561,0.671242033950291,0.6469321467893561,0.671242033950291,0.6469321467893561,0.671242033950291,0.6469321467893561,0.671242033950291,0.6469321467893561,0.671242033950291,0.6469321467893561,0.671242033950291,0.6469321467893561,0.671242033950291,0.6469321467893561,0.671242033950291
0.0460526315789473,0.71,0.71,0.71,0.8026315789473684,0.91,0.91,0.91,0.04047141557601108,0.09066963965811493,0.04047141557601108,0.09066963965811493,0.04047141557601108,0.09066963965811493,0.46648205276724114,0.48811455865829073,0.46648205276724114,0.48811455865829073,0.46648205276724114,0.48811455865829073,0.46648205276724114,0.48811455865829073,0.46648205276724114,0.48811455865829073,0.46648205276724114,0.48811455865829073,0.46648205276724114,0.48811455865829073,0.46648205276724114,0.48811455865829073,0.46648205276724114,0.48811455865829073
0.0,0.61,0.61,0.61,0.8605577689243028,0.93,0.93,0.93,0.029457021599426984,0.0917662379313497,0.029457021599426984,0.0917662379313497,0.029457021599426984,0.0917662379313497,0.4903244303997081,0.5084078609501174,0.4903244303997081,0.5084078609501174,0.4903244303997081,0.5084078609501174,0.4903244303997081,0.5084078609501174,0.4903244303997081,0.5084078609501174,0.4903244303997081,0.5084078609501174,0.4903244303997081,0.5084078609501174,0.4903244303997081,0.5084078609501174,0.4903244303997081,0.5084078609501174
0.2704626334519573,0.59,0.59,0.59,0.8796630565583634,0.94,0.94,0.94,0.34452175904299076,0.5022016647071276,0.34452175904299076,0.5022016647071276,0.34452175904299076,0.5022016647071276,0.5969691750990452,0.672400120850594,0.5969691750990452,0.672400120850594,0.5969691750990452,0.672400120850594,0.5969691750990452,0.672400120850594,0.5969691750990452,0.672400120850594,0.5969691750990452,0.672400120850594,0.5969691750990452,0.672400120850594,0.5969691750990452,0.672400120850594,0.5969691750990452,0.672400120850594
0.3644859813084112,0.66,0.66,0.66,0.8717948717948718,0.94,0.94,0.94,0.5865673078120458,0.7740773300635989,0.5865673078120458,0.7740773300635989,0.5865673078120458,0.7740773300635989,0.7046194124670466,0.8455952722352796,0.7046194124670466,0.8455952722352796,0.7046194124670466,0.8455952722352796,0.7046194124670466,0.8455952722352796,0.7046194124670466,0.8455952722352796,0.7046194124670466,0.8455952722352796,0.7046194124670466,0.8455952722352796,0.7046194124670466,0.8455952722352796,0.7046194124670466,0.8455952722352796
0.5263591433278418,0.77,0.77,0.77,0.8161764705882353,0.91,0.91,0.91,0.6646790890891675,0.8039346450880653,0.6646790890891675,0.8039346450880653,0.6646790890891675,0.8039346450880653,0.7625168900137124,0.8585548754713886,0.7625168900137124,0.8585548754713886,0.7625168900137124,0.8585548754713886,0.7625168900137124,0.8585548754713886,0.7625168900137124,0.8585548754713886,0.7625168900137124,0.8585548754713886,0.7625168900137124,0.8585548754713886,0.7625168900137124,0.8585548754713886,0.7625168900137124,0.8585548754713886
0.4333333333333333,0.83,0.83,0.83,0.6516393442622951,0.83,0.83,0.83,0.4557912890179996,0.5680255391880138,0.4557912890179996,0.5680255391880138,0.4557912890179996,0.5680255391880138,0.7874704987356157,0.798372309092305,0.7874704987356157,0.798372309092305,0.7874704987356157,0.798372309092305,0.7874704987356157,0.798372309092305,0.7874704987356157,0.798372309092305,0.7874704987356157,0.798372309092305,0.7874704987356157,0.798372309092305,0.7874704987356157,0.798372309092305,0.7874704987356157,0.798372309092305
0.143646408839779,0.69,0.69,0.69,0.2759795570698465,0.66,0.66,0.66,0.35843912122905314,0.5052078866184829,0.35843912122905314,0.5052078866184829,0.35843912122905314,0.5052078866184829,0.7337294985744987,0.7694642050128515,0.7337294985744987,0.7694642050128515,0.7337294985744987,0.7694642050128515,0.7337294985744987,0.7694642050128515,0.7337294985744987,0.7694642050128515,0.7337294985744987,0.7694642050128515,0.7337294985744987,0.7694642050128515,0.7337294985744987,0.7694642050128515,0.7337294985744987,0.7694642050128515
0.1255605381165918,0.61,0.61,0.61,0.1770299926847112,0.55,0.55,0.55,0.3217175668838111,0.45731618083760284,0.3217175668838111,0.45731618083760284,0.3217175668838111,0.45731618083760284,0.6969181428521203,0.8274216264615928,0.6969181428521203,0.8274216264615928,0.6969181428521203,0.8274216264615928,0.6969181428521203,0.8274216264615928,0.6969181428521203,0.8274216264615928,0.6969181428521203,0.8274216264615928,0.6969181428521203,0.8274216264615928,0.6969181428521203,0.8274216264615928,0.6969181428521203,0.8274216264615928
0.1581632653061224,0.67,0.67,0.67,0.2230662983425414,0.55,0.55,0.55,0.3639229157199143,0.5059603971984352,0.3639229157199143,0.5059603971984352,0.3639229157199143,0.5059603971984352,0.6836389589380922,0.8299863149304479,0.6836389589380922,0.8299863149304479,0.6836389589380922,0.8299863149304479,0.6836389589380922,0.8299863149304479,0.6836389589380922,0.8299863149304479,0.6836389589380922,0.8299863149304479,0.6836389589380922,0.8299863149304479,0.6836389589380922,0.8299863149304479,0.6836389589380922,0.8299863149304479
0.0795724465558196,0.69,0.69,0.69,0.55078125,0.77,0.77,0.77,0.2517607762543013,0.30181111659606924,0.2517607762543013,0.30181111659606924,0.2517607762543013,0.30181111659606924,0.6997126679276511,0.7180406351753816,0.6997126679276511,0.7180406351753816,0.6997126679276511,0.7180406351753816,0.6997126679276511,0.7180406351753816,0.6997126679276511,0.7180406351753816,0.6997126679276511,0.7180406351753816,0.6997126679276511,0.7180406351753816,0.6997126679276511,0.7180406351753816,0.6997126679276511,0.7180406351753816
0.0,0.69,0.69,0.69,0.727577535624476,0.87,0.87,0.87,0.196357443708229,0.21190260254914395,0.196357443708229,0.21190260254914395,0.196357443708229,0.21190260254914395,0.69406087448918,0.725129105348999,0.69406087448918,0.725129105348999,0.69406087448918,0.725129105348999,0.69406087448918,0.725129105348999,0.69406087448918,0.725129105348999,0.69406087448918,0.725129105348999,0.69406087448918,0.725129105348999,0.69406087448918,0.725129105348999,0.69406087448918,0.725129105348999
0.0,0.48,0.48,0.48,0.6733668341708543,0.87,0.87,0.87,0.17821958848691918,0.19423469892783124,0.17821958848691918,0.19423469892783124,0.17821958848691918,0.19423469892783124,0.6585901010568405,0.6251952393434068,0.6585901010568405,0.6251952393434068,0.6585901010568405,0.6251952393434068,0.6585901010568405,0.6251952393434068,0.6585901010568405,0.6251952393434068,0.6585901010568405,0.6251952393434068,0.6585901010568405,0.6251952393434068,0.6585901010568405,0.6251952393434068,0.6585901010568405,0.6251952393434068
0.0,0.51,0.51,0.51,0.7212692967409948,0.87,0.87,0.87,0.12493230013150546,0.1325060664251473,0.12493230013150546,0.1325060664251473,0.12493230013150546,0.1325060664251473,0.5644338542732692,0.5673812316823267,0.5644338542732692,0.5673812316823267,0.5644338542732692,0.5673812316823267,0.5644338542732692,0.5673812316823267,0.5644338542732692,0.5673812316823267,0.5644338542732692,0.5673812316823267,0.5644338542732692,0.5673812316823267,0.5644338542732692,0.5673812316823267,0.5644338542732692,0.5673812316823267
0.0,0.67,0.67,0.67,0.7235387045813586,0.86,0.86,0.86,0.17077116359820613,0.20029611457600716,0.17077116359820613,0.20029611457600716,0.17077116359820613,0.20029611457600716,0.6487353755468702,0.6936332674863187,0.6487353755468702,0.6936332674863187,0.6487353755468702,0.6936332674863187,0.6487353755468702,0.6936332674863187,0.6487353755468702,0.6936332674863187,0.6487353755468702,0.6936332674863187,0.6487353755468702,0.6936332674863187,0.6487353755468702,0.6936332674863187,0.6487353755468702,0.6936332674863187
0.1496598639455783,0.7,0.7,0.7,0.7593261131167268,0.88,0.88,0.88,0.11477155475036292,0.18792653054521438,0.11477155475036292,0.18792653054521438,0.11477155475036292,0.18792653054521438,0.6731723366337231,0.6204471805192916,0.6731723366337231,0.6204471805192916,0.6731723366337231,0.6204471805192916,0.6731723366337231,0.6204471805192916,0.6731723366337231,0.6204471805192916,0.6731723366337231,0.6204471805192916,0.6731723366337231,0.6204471805192916,0.6731723366337231,0.6204471805192916,0.6731723366337231,0.6204471805192916
0.2119565217391303,0.71,0.71,0.71,0.7316267547481421,0.87,0.87,0.87,0.1928843138769221,0.26587296430581137,0.1928843138769221,0.26587296430581137,0.1928843138769221,0.26587296430581137,0.6964637894677096,0.7211090603692015,0.6964637894677096,0.7211090603692015,0.6964637894677096,0.7211090603692015,0.6964637894677096,0.7211090603692015,0.6964637894677096,0.7211090603692015,0.6964637894677096,0.7211090603692015,0.6964637894677096,0.7211090603692015,0.6964637894677096,0.7211090603692015,0.6964637894677096,0.7211090603692015
0.0955137481910275,0.5,0.5,0.5,0.6176470588235294,0.87,0.87,0.87,0.19945351199302855,0.31535075221362796,0.19945351199302855,0.31535075221362796,0.19945351199302855,0.31535075221362796,0.5741189404931876,0.7074502878643106,0.5741189404931876,0.7074502878643106,0.5741189404931876,0.7074502878643106,0.5741189404931876,0.7074502878643106,0.5741189404931876,0.7074502878643106,0.5741189404931876,0.7074502878643106,0.5741189404931876,0.7074502878643106,0.5741189404931876,0.7074502878643106,0.5741189404931876,0.7074502878643106
0.1245928338762215,0.57,0.57,0.57,0.0460526315789473,0.71,0.71,0.71,0.30817041489933666,0.377808835187288,0.30817041489933666,0.377808835187288,0.30817041489933666,0.377808835187288,0.6332857812765288,0.701566733922946,0.6332857812765288,0.701566733922946,0.6332857812765288,0.701566733922946,0.6332857812765288,0.701566733922946,0.6332857812765288,0.701566733922946,0.6332857812765288,0.701566733922946,0.6332857812765288,0.701566733922946,0.6332857812765288,0.701566733922946,0.6332857812765288,0.701566733922946
0.0,0.67,0.67,0.67,0.0,0.61,0.61,0.61,0.17242634580331317,0.16921170148292192,0.17242634580331317,0.16921170148292192,0.17242634580331317,0.16921170148292192,0.6825876870039348,0.6620868333775107,0.6825876870039348,0.6620868333775107,0.6825876870039348,0.6620868333775107,0.6825876870039348,0.6620868333775107,0.6825876870039348,0.6620868333775107,0.6825876870039348,0.6620868333775107,0.6825876870039348,0.6620868333775107,0.6825876870039348,0.6620868333775107,0.6825876870039348,0.6620868333775107
0.0,0.8,0.8,0.8,0.2704626334519573,0.59,0.59,0.59,0.11625555557970221,0.0921132408438449,0.11625555557970221,0.0921132408438449,0.11625555557970221,0.0921132408438449,0.6582524146053067,0.6986454430918179,0.6582524146053067,0.6986454430918179,0.6582524146053067,0.6986454430918179,0.6582524146053067,0.6986454430918179,0.6582524146053067,0.6986454430918179,0.6582524146053067,0.6986454430918179,0.6582524146053067,0.6986454430918179,0.6582524146053067,0.6986454430918179,0.6582524146053067,0.6986454430918179
0.0,0.72,0.72,0.72,0.3644859813084112,0.66,0.66,0.66,0.15590725916734727,0.08668920404217868,0.15590725916734727,0.08668920404217868,0.15590725916734727,0.08668920404217868,0.7179738651614513,0.6469715264856284,0.7179738651614513,0.6469715264856284,0.7179738651614513,0.6469715264856284,0.7179738651614513,0.6469715264856284,0.7179738651614513,0.6469715264856284,0.7179738651614513,0.6469715264856284,0.7179738651614513,0.6469715264856284,0.7179738651614513,0.6469715264856284,0.7179738651614513,0.6469715264856284
0.0922844175491678,0.64,0.64,0.64,0.5263591433278418,0.77,0.77,0.77,0.1477173880907923,0.1555348430260193,0.1477173880907923,0.1555348430260193,0.1477173880907923,0.1555348430260193,0.6749316404103451,0.652114075220727,0.6749316404103451,0.652114075220727,0.6749316404103451,0.652114075220727,0.6749316404103451,0.652114075220727,0.6749316404103451,0.652114075220727,0.6749316404103451,0.652114075220727,0.6749316404103451,0.652114075220727,0.6749316404103451,0.652114075220727,0.6749316404103451,0.652114075220727
0.1088180112570356,0.62,0.62,0.62,0.4333333333333333,0.83,0.83,0.83,0.17504893124787962,0.15661328338808292,0.17504893124787962,0.15661328338808292,0.17504893124787962,0.15661328338808292,0.674221424693799,0.6737681725991536,0.674221424693799,0.6737681725991536,0.674221424693799,0.6737681725991536,0.674221424693799,0.6737681725991536,0.674221424693799,0.6737681725991536,0.674221424693799,0.6737681725991536,0.674221424693799,0.6737681725991536,0.674221424693799,0.6737681725991536,0.674221424693799,0.6737681725991536
0.2294520547945205,0.73,0.73,0.73,0.143646408839779,0.69,0.69,0.69,0.2652102784403677,0.34015659599326836,0.2652102784403677,0.34015659599326836,0.2652102784403677,0.34015659599326836,0.7183613359481912,0.7065245021149683,0.7183613359481912,0.7065245021149683,0.7183613359481912,0.7065245021149683,0.7183613359481912,0.7065245021149683,0.7183613359481912,0.7065245021149683,0.7183613359481912,0.7065245021149683,0.7183613359481912,0.7065245021149683,0.7183613359481912,0.7065245021149683,0.7183613359481912,0.7065245021149683
0.1042345276872964,0.67,0.67,0.67,0.1255605381165918,0.61,0.61,0.61,0.2585761980120218,0.3750132201583095,0.2585761980120218,0.3750132201583095,0.2585761980120218,0.3750132201583095,0.7189126591698004,0.7871827605028165,0.7189126591698004,0.7871827605028165,0.7189126591698004,0.7871827605028165,0.7189126591698004,0.7871827605028165,0.7189126591698004,0.7871827605028165,0.7189126591698004,0.7871827605028165,0.7189126591698004,0.7871827605028165,0.7189126591698004,0.7871827605028165,0.7189126591698004,0.7871827605028165
0.1682509505703421,0.65,0.65,0.65,0.1581632653061224,0.67,0.67,0.67,0.18170521045837437,0.26965680233357797,0.18170521045837437,0.26965680233357797,0.18170521045837437,0.26965680233357797,0.6016641553588887,0.6917191981368707,0.6016641553588887,0.6917191981368707,0.6016641553588887,0.6917191981368707,0.6016641553588887,0.6917191981368707,0.6016641553588887,0.6917191981368707,0.6016641553588887,0.6917191981368707,0.6016641553588887,0.6917191981368707,0.6016641553588887,0.6917191981368707,0.6016641553588887,0.6917191981368707
0.1786015164279697,0.61,0.61,0.61,0.0795724465558196,0.69,0.69,0.69,0.17137888495080453,0.19721105624987884,0.17137888495080453,0.19721105624987884,0.17137888495080453,0.19721105624987884,0.5711297981779242,0.6125218635209453,0.5711297981779242,0.6125218635209453,0.5711297981779242,0.6125218635209453,0.5711297981779242,0.6125218635209453,0.5711297981779242,0.6125218635209453,0.5711297981779242,0.6125218635209453,0.5711297981779242,0.6125218635209453,0.5711297981779242,0.6125218635209453,0.5711297981779242,0.6125218635209453
0.3243243243243243,0.79,0.79,0.79,0.0,0.69,0.69,0.69,0.16375549482599916,0.2463897587928739,0.16375549482599916,0.2463897587928739,0.16375549482599916,0.2463897587928739,0.5964498830467054,0.6599742204381743,0.5964498830467054,0.6599742204381743,0.5964498830467054,0.6599742204381743,0.5964498830467054,0.6599742204381743,0.5964498830467054,0.6599742204381743,0.5964498830467054,0.6599742204381743,0.5964498830467054,0.6599742204381743,0.5964498830467054,0.6599742204381743,0.5964498830467054,0.6599742204381743
0.1772151898734177,0.74,0.74,0.74,0.0,0.48,0.48,0.48,0.10814596516894692,0.15360362902049823,0.10814596516894692,0.15360362902049823,0.10814596516894692,0.15360362902049823,0.5472063123484269,0.63993092581065,0.5472063123484269,0.63993092581065,0.5472063123484269,0.63993092581065,0.5472063123484269,0.63993092581065,0.5472063123484269,0.63993092581065,0.5472063123484269,0.63993092581065,0.5472063123484269,0.63993092581065,0.5472063123484269,0.63993092581065,0.5472063123484269,0.63993092581065
0.0243902439024389,0.56,0.56,0.56,0.0,0.51,0.51,0.51,0.14629138722667356,0.1601500655211708,0.14629138722667356,0.1601500655211708,0.14629138722667356,0.1601500655211708,0.567442493354731,0.6363998139019793,0.567442493354731,0.6363998139019793,0.567442493354731,0.6363998139019793,0.567442493354731,0.6363998139019793,0.567442493354731,0.6363998139019793,0.567442493354731,0.6363998139019793,0.567442493354731,0.6363998139019793,0.567442493354731,0.6363998139019793,0.567442493354731,0.6363998139019793
0.1011984021304926,0.46,0.46,0.46,0.0,0.67,0.67,0.67,0.16781777521190425,0.2318892117474576,0.16781777521190425,0.2318892117474576,0.16781777521190425,0.2318892117474576,0.6412294679119701,0.6478096539796007,0.6412294679119701,0.6478096539796007,0.6412294679119701,0.6478096539796007,0.6412294679119701,0.6478096539796007,0.6412294679119701,0.6478096539796007,0.6412294679119701,0.6478096539796007,0.6412294679119701,0.6478096539796007,0.6412294679119701,0.6478096539796007,0.6412294679119701,0.6478096539796007
0.091721262656343,0.39,0.39,0.39,0.1496598639455783,0.7,0.7,0.7,0.2532479877587646,0.27808209279490664,0.2532479877587646,0.27808209279490664,0.2532479877587646,0.27808209279490664,0.6931127181017379,0.6946027386211596,0.6931127181017379,0.6946027386211596,0.6931127181017379,0.6946027386211596,0.6931127181017379,0.6946027386211596,0.6931127181017379,0.6946027386211596,0.6931127181017379,0.6946027386211596,0.6931127181017379,0.6946027386211596,0.6931127181017379,0.6946027386211596,0.6931127181017379,0.6946027386211596
0.1194029850746268,0.41,0.41,0.41,0.2119565217391303,0.71,0.71,0.71,0.23630447701018306,0.2604042037882077,0.23630447701018306,0.2604042037882077,0.23630447701018306,0.2604042037882077,0.5829244240632623,0.5920589745599265,0.5829244240632623,0.5920589745599265,0.5829244240632623,0.5920589745599265,0.5829244240632623,0.5920589745599265,0.5829244240632623,0.5920589745599265,0.5829244240632623,0.5920589745599265,0.5829244240632623,0.5920589745599265,0.5829244240632623,0.5920589745599265,0.5829244240632623,0.5920589745599265
0.1806020066889632,0.51,0.51,0.51,0.0955137481910275,0.5,0.5,0.5,0.17552141252837974,0.19139214737334934,0.17552141252837974,0.19139214737334934,0.17552141252837974,0.19139214737334934,0.5925967537390665,0.649634162436479,0.5925967537390665,0.649634162436479,0.5925967537390665,0.649634162436479,0.5925967537390665,0.649634162436479,0.5925967537390665,0.649634162436479,0.5925967537390665,0.649634162436479,0.5925967537390665,0.649634162436479,0.5925967537390665,0.649634162436479,0.5925967537390665,0.649634162436479
0.1011235955056178,0.44,0.44,0.44,0.1245928338762215,0.57,0.57,0.57,0.17259727220687096,0.22216951273413704,0.17259727220687096,0.22216951273413704,0.17259727220687096,0.22216951273413704,0.5743988330124022,0.6457748201909189,0.5743988330124022,0.6457748201909189,0.5743988330124022,0.6457748201909189,0.5743988330124022,0.6457748201909189,0.5743988330124022,0.6457748201909189,0.5743988330124022,0.6457748201909189,0.5743988330124022,0.6457748201909189,0.5743988330124022,0.6457748201909189,0.5743988330124022,0.6457748201909189
0.2615273775216138,0.59,0.59,0.59,0.0,0.67,0.67,0.67,0.37520090038067433,0.3632054639348845,0.37520090038067433,0.3632054639348845,0.37520090038067433,0.3632054639348845,0.6889582935525863,0.6557322638540116,0.6889582935525863,0.6557322638540116,0.6889582935525863,0.6557322638540116,0.6889582935525863,0.6557322638540116,0.6889582935525863,0.6557322638540116,0.6889582935525863,0.6557322638540116,0.6889582935525863,0.6557322638540116,0.6889582935525863,0.6557322638540116,0.6889582935525863,0.6557322638540116
0.3335872048743336,0.65,0.65,0.65,0.0,0.8,0.8,0.8,0.6294239270129341,0.6991433013442983,0.6294239270129341,0.6991433013442983,0.6294239270129341,0.6991433013442983,0.8004155544463148,0.7892431566602731,0.8004155544463148,0.7892431566602731,0.8004155544463148,0.7892431566602731,0.8004155544463148,0.7892431566602731,0.8004155544463148,0.7892431566602731,0.8004155544463148,0.7892431566602731,0.8004155544463148,0.7892431566602731,0.8004155544463148,0.7892431566602731,0.8004155544463148,0.7892431566602731
0.7933884297520661,0.9,0.9,0.9,0.0,0.72,0.72,0.72,0.7983590936920163,0.759633524633474,0.7983590936920163,0.759633524633474,0.7983590936920163,0.759633524633474,0.8494416609329822,0.8803107220834239,0.8494416609329822,0.8803107220834239,0.8494416609329822,0.8803107220834239,0.8494416609329822,0.8803107220834239,0.8494416609329822,0.8803107220834239,0.8494416609329822,0.8803107220834239,0.8494416609329822,0.8803107220834239,0.8494416609329822,0.8803107220834239,0.8494416609329822,0.8803107220834239
0.7745490981963927,0.91,0.91,0.91,0.0922844175491678,0.64,0.64,0.64,0.6558558211715054,0.7039269903333337,0.6558558211715054,0.7039269903333337,0.6558558211715054,0.7039269903333337,0.8344957365496368,0.8448581106255407,0.8344957365496368,0.8448581106255407,0.8344957365496368,0.8448581106255407,0.8344957365496368,0.8448581106255407,0.8344957365496368,0.8448581106255407,0.8344957365496368,0.8448581106255407,0.8344957365496368,0.8448581106255407,0.8344957365496368,0.8448581106255407,0.8344957365496368,0.8448581106255407
0.5352439969016267,0.88,0.88,0.88,0.1088180112570356,0.62,0.62,0.62,0.30564446084194635,0.41755188917361047,0.30564446084194635,0.41755188917361047,0.30564446084194635,0.41755188917361047,0.6764490258614798,0.7505991027197554,0.6764490258614798,0.7505991027197554,0.6764490258614798,0.7505991027197554,0.6764490258614798,0.7505991027197554,0.6764490258614798,0.7505991027197554,0.6764490258614798,0.7505991027197554,0.6764490258614798,0.7505991027197554,0.6764490258614798,0.7505991027197554,0.6764490258614798,0.7505991027197554
0.0,0.7,0.7,0.7,0.2294520547945205,0.73,0.73,0.73,0.2245967665874758,0.2729978129713347,0.2245967665874758,0.2729978129713347,0.2245967665874758,0.2729978129713347,0.6978617474706413,0.6973727762728472,0.6978617474706413,0.6973727762728472,0.6978617474706413,0.6973727762728472,0.6978617474706413,0.6973727762728472,0.6978617474706413,0.6973727762728472,0.6978617474706413,0.6973727762728472,0.6978617474706413,0.6973727762728472,0.6978617474706413,0.6973727762728472,0.6978617474706413,0.6973727762728472
0.1975544516622086,0.58,0.58,0.58,0.1042345276872964,0.67,0.67,0.67,0.2559421125234912,0.2314548941790609,0.2559421125234912,0.2314548941790609,0.2559421125234912,0.2314548941790609,0.7241016526612889,0.7217286735598311,0.7241016526612889,0.7217286735598311,0.7241016526612889,0.7217286735598311,0.7241016526612889,0.7217286735598311,0.7241016526612889,0.7217286735598311,0.7241016526612889,0.7217286735598311,0.7241016526612889,0.7217286735598311,0.7241016526612889,0.7217286735598311,0.7241016526612889,0.7217286735598311
0.253731343283582,0.56,0.56,0.56,0.1682509505703421,0.65,0.65,0.65,0.4404699386004804,0.3896464775910712,0.4404699386004804,0.3896464775910712,0.4404699386004804,0.3896464775910712,0.6090514457516707,0.6309977848980498,0.6090514457516707,0.6309977848980498,0.6090514457516707,0.6309977848980498,0.6090514457516707,0.6309977848980498,0.6090514457516707,0.6309977848980498,0.6090514457516707,0.6309977848980498,0.6090514457516707,0.6309977848980498,0.6090514457516707,0.6309977848980498,0.6090514457516707,0.6309977848980498
0.4563106796116505,0.72,0.72,0.72,0.1786015164279697,0.61,0.61,0.61,0.5537843694573095,0.4036703979261501,0.5537843694573095,0.4036703979261501,0.5537843694573095,0.4036703979261501,0.7352345096880099,0.7304820793411878,0.7352345096880099,0.7304820793411878,0.7352345096880099,0.7304820793411878,0.7352345096880099,0.7304820793411878,0.7352345096880099,0.7304820793411878,0.7352345096880099,0.7304820793411878,0.7352345096880099,0.7304820793411878,0.7352345096880099,0.7304820793411878,0.7352345096880099,0.7304820793411878
0.5513866231647635,0.78,0.78,0.78,0.3243243243243243,0.79,0.79,0.79,0.5073093508337408,0.4740944285088097,0.5073093508337408,0.4740944285088097,0.5073093508337408,0.4740944285088097,0.7536782017450898,0.7536967458887068,0.7536782017450898,0.7536967458887068,0.7536782017450898,0.7536967458887068,0.7536782017450898,0.7536967458887068,0.7536782017450898,0.7536967458887068,0.7536782017450898,0.7536967458887068,0.7536782017450898,0.7536967458887068,0.7536782017450898,0.7536967458887068,0.7536782017450898,0.7536967458887068
0.1780821917808219,0.7,0.7,0.7,0.1772151898734177,0.74,0.74,0.74,0.18321086695472827,0.27092505907102093,0.18321086695472827,0.27092505907102093,0.18321086695472827,0.27092505907102093,0.6597000689771387,0.7310085997793969,0.6597000689771387,0.7310085997793969,0.6597000689771387,0.7310085997793969,0.6597000689771387,0.7310085997793969,0.6597000689771387,0.7310085997793969,0.6597000689771387,0.7310085997793969,0.6597000689771387,0.7310085997793969,0.6597000689771387,0.7310085997793969,0.6597000689771387,0.7310085997793969
0.3791574279379156,0.72,0.72,0.72,0.0243902439024389,0.56,0.56,0.56,0.23858516124176968,0.2318555906760951,0.23858516124176968,0.2318555906760951,0.23858516124176968,0.2318555906760951,0.674334966125428,0.6956994828199639,0.674334966125428,0.6956994828199639,0.674334966125428,0.6956994828199639,0.674334966125428,0.6956994828199639,0.674334966125428,0.6956994828199639,0.674334966125428,0.6956994828199639,0.674334966125428,0.6956994828199639,0.674334966125428,0.6956994828199639,0.674334966125428,0.6956994828199639
0.4471744471744472,0.73,0.73,0.73,0.1011984021304926,0.46,0.46,0.46,0.43242735953506994,0.29687038860111975,0.43242735953506994,0.29687038860111975,0.43242735953506994,0.29687038860111975,0.691780345481828,0.706465199052607,0.691780345481828,0.706465199052607,0.691780345481828,0.706465199052607,0.691780345481828,0.706465199052607,0.691780345481828,0.706465199052607,0.691780345481828,0.706465199052607,0.691780345481828,0.706465199052607,0.691780345481828,0.706465199052607,0.691780345481828,0.706465199052607
0.4705882352941176,0.73,0.73,0.73,0.091721262656343,0.39,0.39,0.39,0.3405999875887549,0.22353854024241276,0.3405999875887549,0.22353854024241276,0.3405999875887549,0.22353854024241276,0.6592586987857714,0.6631439363383329,0.6592586987857714,0.6631439363383329,0.6592586987857714,0.6631439363383329,0.6592586987857714,0.6631439363383329,0.6592586987857714,0.6631439363383329,0.6592586987857714,0.6631439363383329,0.6592586987857714,0.6631439363383329,0.6592586987857714,0.6631439363383329,0.6592586987857714,0.6631439363383329
0.4947453516572353,0.75,0.75,0.75,0.1194029850746268,0.41,0.41,0.41,0.49269529027625364,0.34492580264514805,0.49269529027625364,0.34492580264514805,0.49269529027625364,0.34492580264514805,0.7023895408536334,0.7456590726907828,0.7023895408536334,0.7456590726907828,0.7023895408536334,0.7456590726907828,0.7023895408536334,0.7456590726907828,0.7023895408536334,0.7456590726907828,0.7023895408536334,0.7456590726907828,0.7023895408536334,0.7456590726907828,0.7023895408536334,0.7456590726907828,0.7023895408536334,0.7456590726907828
0.4680851063829787,0.75,0.75,0.75,0.1806020066889632,0.51,0.51,0.51,0.3459270753449745,0.3994622416171331,0.3459270753449745,0.3994622416171331,0.3459270753449745,0.3994622416171331,0.662887136624504,0.6861364550636866,0.662887136624504,0.6861364550636866,0.662887136624504,0.6861364550636866,0.662887136624504,0.6861364550636866,0.662887136624504,0.6861364550636866,0.662887136624504,0.6861364550636866,0.662887136624504,0.6861364550636866,0.662887136624504,0.6861364550636866,0.662887136624504,0.6861364550636866
0.6938775510204083,0.88,0.88,0.88,0.1011235955056178,0.44,0.44,0.44,0.3819213792079749,0.34751996914261796,0.3819213792079749,0.34751996914261796,0.3819213792079749,0.34751996914261796,0.6735136526123473,0.6712234315059428,0.6735136526123473,0.6712234315059428,0.6735136526123473,0.6712234315059428,0.6735136526123473,0.6712234315059428,0.6735136526123473,0.6712234315059428,0.6735136526123473,0.6712234315059428,0.6735136526123473,0.6712234315059428,0.6735136526123473,0.6712234315059428,0.6735136526123473,0.6712234315059428
0.5170454545454546,0.83,0.83,0.83,0.2615273775216138,0.59,0.59,0.59,0.2635023349154185,0.32866290627184896,0.2635023349154185,0.32866290627184896,0.2635023349154185,0.32866290627184896,0.7145880946135006,0.6930671315456857,0.7145880946135006,0.6930671315456857,0.7145880946135006,0.6930671315456857,0.7145880946135006,0.6930671315456857,0.7145880946135006,0.6930671315456857,0.7145880946135006,0.6930671315456857,0.7145880946135006,0.6930671315456857,0.7145880946135006,0.6930671315456857,0.7145880946135006,0.6930671315456857
0.0,0.75,0.75,0.75,0.3335872048743336,0.65,0.65,0.65,0.16254416957559276,0.2482230581430974,0.16254416957559276,0.2482230581430974,0.16254416957559276,0.2482230581430974,0.66458231972906,0.7224391011162331,0.66458231972906,0.7224391011162331,0.66458231972906,0.7224391011162331,0.66458231972906,0.7224391011162331,0.66458231972906,0.7224391011162331,0.66458231972906,0.7224391011162331,0.66458231972906,0.7224391011162331,0.66458231972906,0.7224391011162331,0.66458231972906,0.7224391011162331
0.1245928338762215,0.57,0.57,0.57,0.7933884297520661,0.9,0.9,0.9,0.13956116765845658,0.2044992237165308,0.13956116765845658,0.2044992237165308,0.13956116765845658,0.2044992237165308,0.655583335423684,0.6640832389735781,0.655583335423684,0.6640832389735781,0.655583335423684,0.6640832389735781,0.655583335423684,0.6640832389735781,0.655583335423684,0.6640832389735781,0.655583335423684,0.6640832389735781,0.655583335423684,0.6640832389735781,0.655583335423684,0.6640832389735781,0.655583335423684,0.6640832389735781
0.1293532338308456,0.58,0.58,0.58,0.7745490981963927,0.91,0.91,0.91,0.16065791621270473,0.238037112070818,0.16065791621270473,0.238037112070818,0.16065791621270473,0.238037112070818,0.6437386804448529,0.6947721810120533,0.6437386804448529,0.6947721810120533,0.6437386804448529,0.6947721810120533,0.6437386804448529,0.6947721810120533,0.6437386804448529,0.6947721810120533,0.6437386804448529,0.6947721810120533,0.6437386804448529,0.6947721810120533,0.6437386804448529,0.6947721810120533,0.6437386804448529,0.6947721810120533
0.1371045062320229,0.46,0.46,0.46,0.5352439969016267,0.88,0.88,0.88,0.2251110406702671,0.36383771756164707,0.2251110406702671,0.36383771756164707,0.2251110406702671,0.36383771756164707,0.5957427055828179,0.726448114853615,0.5957427055828179,0.726448114853615,0.5957427055828179,0.726448114853615,0.5957427055828179,0.726448114853615,0.5957427055828179,0.726448114853615,0.5957427055828179,0.726448114853615,0.5957427055828179,0.726448114853615,0.5957427055828179,0.726448114853615,0.5957427055828179,0.726448114853615
0.2857142857142857,0.6,0.6,0.6,0.0,0.7,0.7,0.7,0.40501951543388204,0.3261437899583014,0.40501951543388204,0.3261437899583014,0.40501951543388204,0.3261437899583014,0.6765536437256504,0.6813089282372861,0.6765536437256504,0.6813089282372861,0.6765536437256504,0.6813089282372861,0.6765536437256504,0.6813089282372861,0.6765536437256504,0.6813089282372861,0.6765536437256504,0.6813089282372861,0.6765536437256504,0.6813089282372861,0.6765536437256504,0.6813089282372861,0.6765536437256504,0.6813089282372861
0.4656488549618321,0.72,0.72,0.72,0.1975544516622086,0.58,0.58,0.58,0.6659922054727097,0.5943968907700788,0.6659922054727097,0.5943968907700788,0.6659922054727097,0.5943968907700788,0.8098968381978214,0.8371136616253835,0.8098968381978214,0.8371136616253835,0.8098968381978214,0.8371136616253835,0.8098968381978214,0.8371136616253835,0.8098968381978214,0.8371136616253835,0.8098968381978214,0.8371136616253835,0.8098968381978214,0.8371136616253835,0.8098968381978214,0.8371136616253835,0.8098968381978214,0.8371136616253835
0.7463002114164905,0.88,0.88,0.88,0.253731343283582,0.56,0.56,0.56,0.7317190395197951,0.6608053412770833,0.7317190395197951,0.6608053412770833,0.7317190395197951,0.6608053412770833,0.8736967823230332,0.8245924664822682,0.8736967823230332,0.8245924664822682,0.8736967823230332,0.8245924664822682,0.8736967823230332,0.8245924664822682,0.8736967823230332,0.8245924664822682,0.8736967823230332,0.8245924664822682,0.8736967823230332,0.8245924664822682,0.8736967823230332,0.8245924664822682,0.8736967823230332,0.8245924664822682
0.8026315789473684,0.91,0.91,0.91,0.4563106796116505,0.72,0.72,0.72,0.7402810029150387,0.6320353663448572,0.7402810029150387,0.6320353663448572,0.7402810029150387,0.6320353663448572,0.8603411817543651,0.8253332645234414,0.8603411817543651,0.8253332645234414,0.8603411817543651,0.8253332645234414,0.8603411817543651,0.8253332645234414,0.8603411817543651,0.8253332645234414,0.8603411817543651,0.8253332645234414,0.8603411817543651,0.8253332645234414,0.8603411817543651,0.8253332645234414,0.8603411817543651,0.8253332645234414
0.6753246753246753,0.84,0.84,0.84,0.5513866231647635,0.78,0.78,0.78,0.6843826423442545,0.7682607733702909,0.6843826423442545,0.7682607733702909,0.6843826423442545,0.7682607733702909,0.8089020760983235,0.8672824237713652,0.8089020760983235,0.8672824237713652,0.8089020760983235,0.8672824237713652,0.8089020760983235,0.8672824237713652,0.8089020760983235,0.8672824237713652,0.8089020760983235,0.8672824237713652,0.8089020760983235,0.8672824237713652,0.8089020760983235,0.8672824237713652,0.8089020760983235,0.8672824237713652
0.6096959737058341,0.81,0.81,0.81,0.1780821917808219,0.7,0.7,0.7,0.6525140530258954,0.7844424582275742,0.6525140530258954,0.7844424582275742,0.6525140530258954,0.7844424582275742,0.7921774815047524,0.8344070519876304,0.7921774815047524,0.8344070519876304,0.7921774815047524,0.8344070519876304,0.7921774815047524,0.8344070519876304,0.7921774815047524,0.8344070519876304,0.7921774815047524,0.8344070519876304,0.7921774815047524,0.8344070519876304,0.7921774815047524,0.8344070519876304,0.7921774815047524,0.8344070519876304
0.4175464142701128,0.68,0.68,0.68,0.3791574279379156,0.72,0.72,0.72,0.6776342641529997,0.7976053986378226,0.6776342641529997,0.7976053986378226,0.6776342641529997,0.7976053986378226,0.8026595474252122,0.8670457516059938,0.8026595474252122,0.8670457516059938,0.8026595474252122,0.8670457516059938,0.8026595474252122,0.8670457516059938,0.8026595474252122,0.8670457516059938,0.8026595474252122,0.8670457516059938,0.8026595474252122,0.8670457516059938,0.8026595474252122,0.8670457516059938,0.8026595474252122,0.8670457516059938
0.3067590987868284,0.68,0.68,0.68,0.4471744471744472,0.73,0.73,0.73,0.7228885629530241,0.7906292766352987,0.7228885629530241,0.7906292766352987,0.7228885629530241,0.7906292766352987,0.8497538136107817,0.8617036190236759,0.8497538136107817,0.8617036190236759,0.8497538136107817,0.8617036190236759,0.8497538136107817,0.8617036190236759,0.8497538136107817,0.8617036190236759,0.8497538136107817,0.8617036190236759,0.8497538136107817,0.8617036190236759,0.8497538136107817,0.8617036190236759,0.8497538136107817,0.8617036190236759
0.1759573436742607,0.66,0.66,0.66,0.4705882352941176,0.73,0.73,0.73,0.6271283189068645,0.6641313998253262,0.6271283189068645,0.6641313998253262,0.6271283189068645,0.6641313998253262,0.796046414113626,0.7944372148264891,0.796046414113626,0.7944372148264891,0.796046414113626,0.7944372148264891,0.796046414113626,0.7944372148264891,0.796046414113626,0.7944372148264891,0.796046414113626,0.7944372148264891,0.796046414113626,0.7944372148264891,0.796046414113626,0.7944372148264891,0.796046414113626,0.7944372148264891
0.1292134831460673,0.69,0.69,0.69,0.4947453516572353,0.75,0.75,0.75,0.38057104428952393,0.4927902482982324,0.38057104428952393,0.4927902482982324,0.38057104428952393,0.4927902482982324,0.7103272444429263,0.7891950250184204,0.7103272444429263,0.7891950250184204,0.7103272444429263,0.7891950250184204,0.7103272444429263,0.7891950250184204,0.7103272444429263,0.7891950250184204,0.7103272444429263,0.7891950250184204,0.7103272444429263,0.7891950250184204,0.7103272444429263,0.7891950250184204,0.7103272444429263,0.7891950250184204
0.0863787375415281,0.56,0.56,0.56,0.4680851063829787,0.75,0.75,0.75,0.3107530672606132,0.3354589782436061,0.3107530672606132,0.3354589782436061,0.3107530672606132,0.3354589782436061,0.7142802176167529,0.709350460428136,0.7142802176167529,0.709350460428136,0.7142802176167529,0.709350460428136,0.7142802176167529,0.709350460428136,0.7142802176167529,0.709350460428136,0.7142802176167529,0.709350460428136,0.7142802176167529,0.709350460428136,0.7142802176167529,0.709350460428136,0.7142802176167529,0.709350460428136
0.1673121611154144,0.57,0.57,0.57,0.6938775510204083,0.88,0.88,0.88,0.29364718903846687,0.273176404394275,0.29364718903846687,0.273176404394275,0.29364718903846687,0.273176404394275,0.6745876876151277,0.6986593680078153,0.6745876876151277,0.6986593680078153,0.6745876876151277,0.6986593680078153,0.6745876876151277,0.6986593680078153,0.6745876876151277,0.6986593680078153,0.6745876876151277,0.6986593680078153,0.6745876876151277,0.6986593680078153,0.6745876876151277,0.6986593680078153,0.6745876876151277,0.6986593680078153
0.4188299108872531,0.7,0.7,0.7,0.5170454545454546,0.83,0.83,0.83,0.41160270051462144,0.300432923336255,0.41160270051462144,0.300432923336255,0.41160270051462144,0.300432923336255,0.6814231049019672,0.6822176725539456,0.6814231049019672,0.6822176725539456,0.6814231049019672,0.6822176725539456,0.6814231049019672,0.6822176725539456,0.6814231049019672,0.6822176725539456,0.6814231049019672,0.6822176725539456,0.6814231049019672,0.6822176725539456,0.6814231049019672,0.6822176725539456,0.6814231049019672,0.6822176725539456
0.6271585557299842,0.81,0.81,0.81,0.0,0.75,0.75,0.75,0.6403034349689495,0.4299991336807113,0.6403034349689495,0.4299991336807113,0.6403034349689495,0.4299991336807113,0.7582290542617333,0.6977402386783195,0.7582290542617333,0.6977402386783195,0.7582290542617333,0.6977402386783195,0.7582290542617333,0.6977402386783195,0.7582290542617333,0.6977402386783195,0.7582290542617333,0.6977402386783195,0.7582290542617333,0.6977402386783195,0.7582290542617333,0.6977402386783195,0.7582290542617333,0.6977402386783195
0.512743628185907,0.74,0.74,0.74,0.1245928338762215,0.57,0.57,0.57,0.6363237988652813,0.5089463145349363,0.6363237988652813,0.5089463145349363,0.6363237988652813,0.5089463145349363,0.7659649876521157,0.7370049931832022,0.7659649876521157,0.7370049931832022,0.7659649876521157,0.7370049931832022,0.7659649876521157,0.7370049931832022,0.7659649876521157,0.7370049931832022,0.7659649876521157,0.7370049931832022,0.7659649876521157,0.7370049931832022,0.7659649876521157,0.7370049931832022,0.7659649876521157,0.7370049931832022
0.512743628185907,0.74,0.74,0.74,0.1293532338308456,0.58,0.58,0.58,0.6620360122822255,0.5715249424977585,0.6620360122822255,0.5715249424977585,0.6620360122822255,0.5715249424977585,0.793412341318829,0.7835404062181847,0.793412341318829,0.7835404062181847,0.793412341318829,0.7835404062181847,0.793412341318829,0.7835404062181847,0.793412341318829,0.7835404062181847,0.793412341318829,0.7835404062181847,0.793412341318829,0.7835404062181847,0.793412341318829,0.7835404062181847,0.793412341318829,0.7835404062181847
0.5796713794421093,0.78,0.78,0.78,0.1371045062320229,0.46,0.46,0.46,0.6753488835623231,0.5494682244771193,0.6753488835623231,0.5494682244771193,0.6753488835623231,0.5494682244771193,0.7732818813031819,0.801143919753354,0.7732818813031819,0.801143919753354,0.7732818813031819,0.801143919753354,0.7732818813031819,0.801143919753354,0.7732818813031819,0.801143919753354,0.7732818813031819,0.801143919753354,0.7732818813031819,0.801143919753354,0.7732818813031819,0.801143919753354,0.7732818813031819,0.801143919753354
0.7016706443914081,0.85,0.85,0.85,0.2857142857142857,0.6,0.6,0.6,0.6016639593881767,0.6022231915017445,0.6016639593881767,0.6022231915017445,0.6016639593881767,0.6022231915017445,0.7722470310298508,0.8652119094901014,0.7722470310298508,0.8652119094901014,0.7722470310298508,0.8652119094901014,0.7722470310298508,0.8652119094901014,0.7722470310298508,0.8652119094901014,0.7722470310298508,0.8652119094901014,0.7722470310298508,0.8652119094901014,0.7722470310298508,0.8652119094901014,0.7722470310298508,0.8652119094901014
0.8990306946688207,0.95,0.95,0.95,0.4656488549618321,0.72,0.72,0.72,0.6811553557819692,0.6176938325205763,0.6811553557819692,0.6176938325205763,0.6811553557819692,0.6176938325205763,0.8334304858848787,0.8646428442335196,0.8334304858848787,0.8646428442335196,0.8334304858848787,0.8646428442335196,0.8334304858848787,0.8646428442335196,0.8334304858848787,0.8646428442335196,0.8334304858848787,0.8646428442335196,0.8334304858848787,0.8646428442335196,0.8334304858848787,0.8646428442335196,0.8334304858848787,0.8646428442335196
0.918962722852512,0.96,0.96,0.96,0.7463002114164905,0.88,0.88,0.88,0.6717083917911056,0.5384724830043193,0.6717083917911056,0.5384724830043193,0.6717083917911056,0.5384724830043193,0.817686834546892,0.761520251822982,0.817686834546892,0.761520251822982,0.817686834546892,0.761520251822982,0.817686834546892,0.761520251822982,0.817686834546892,0.761520251822982,0.817686834546892,0.761520251822982,0.817686834546892,0.761520251822982,0.817686834546892,0.761520251822982,0.817686834546892,0.761520251822982
0.8803827751196172,0.94,0.94,0.94,0.8026315789473684,0.91,0.91,0.91,0.6522063369566585,0.4859434968280179,0.6522063369566585,0.4859434968280179,0.6522063369566585,0.4859434968280179,0.7852538917189803,0.7644823892927815,0.7852538917189803,0.7644823892927815,0.7852538917189803,0.7644823892927815,0.7852538917189803,0.7644823892927815,0.7852538917189803,0.7644823892927815,0.7852538917189803,0.7644823892927815,0.7852538917189803,0.7644823892927815,0.7852538917189803,0.7644823892927815,0.7852538917189803,0.7644823892927815
0.7572815533980582,0.88,0.88,0.88,0.6753246753246753,0.84,0.84,0.84,0.6178861506694816,0.472574719510509,0.6178861506694816,0.472574719510509,0.6178861506694816,0.472574719510509,0.7935325207100915,0.6997698668776827,0.7935325207100915,0.6997698668776827,0.7935325207100915,0.6997698668776827,0.7935325207100915,0.6997698668776827,0.7935325207100915,0.6997698668776827,0.7935325207100915,0.6997698668776827,0.7935325207100915,0.6997698668776827,0.7935325207100915,0.6997698668776827,0.7935325207100915,0.6997698668776827
0.7191011235955056,0.88,0.88,0.88,0.6096959737058341,0.81,0.81,0.81,0.5213142662907532,0.40575501048145707,0.5213142662907532,0.40575501048145707,0.5213142662907532,0.40575501048145707,0.7350051155219426,0.7061217198113413,0.7350051155219426,0.7061217198113413,0.7350051155219426,0.7061217198113413,0.7350051155219426,0.7061217198113413,0.7350051155219426,0.7061217198113413,0.7350051155219426,0.7061217198113413,0.7350051155219426,0.7061217198113413,0.7350051155219426,0.7061217198113413,0.7350051155219426,0.7061217198113413
0.776386404293381,0.9,0.9,0.9,0.4175464142701128,0.68,0.68,0.68,0.49334693823188364,0.41780188995007045,0.49334693823188364,0.41780188995007045,0.49334693823188364,0.41780188995007045,0.7671011008350445,0.7301384000925405,0.7671011008350445,0.7301384000925405,0.7671011008350445,0.7301384000925405,0.7671011008350445,0.7301384000925405,0.7671011008350445,0.7301384000925405,0.7671011008350445,0.7301384000925405,0.7671011008350445,0.7301384000925405,0.7671011008350445,0.7301384000925405,0.7671011008350445,0.7301384000925405
0.8792270531400966,0.94,0.94,0.94,0.3067590987868284,0.68,0.68,0.68,0.5835715551262268,0.5719820528375961,0.5835715551262268,0.5719820528375961,0.5835715551262268,0.5719820528375961,0.7341697690584729,0.8154284301347435,0.7341697690584729,0.8154284301347435,0.7341697690584729,0.8154284301347435,0.7341697690584729,0.8154284301347435,0.7341697690584729,0.8154284301347435,0.7341697690584729,0.8154284301347435,0.7341697690584729,0.8154284301347435,0.7341697690584729,0.8154284301347435,0.7341697690584729,0.8154284301347435
0.88,0.94,0.94,0.94,0.1759573436742607,0.66,0.66,0.66,0.7399723526128518,0.6324251850776154,0.7399723526128518,0.6324251850776154,0.7399723526128518,0.6324251850776154,0.8740295417497115,0.8402952746624408,0.8740295417497115,0.8402952746624408,0.8740295417497115,0.8402952746624408,0.8740295417497115,0.8402952746624408,0.8740295417497115,0.8402952746624408,0.8740295417497115,0.8402952746624408,0.8740295417497115,0.8402952746624408,0.8740295417497115,0.8402952746624408,0.8740295417497115,0.8402952746624408
0.8606687898089171,0.93,0.93,0.93,0.1292134831460673,0.69,0.69,0.69,0.823623532024675,0.5828438302376296,0.823623532024675,0.5828438302376296,0.823623532024675,0.5828438302376296,0.8798204076999142,0.8230271945039045,0.8798204076999142,0.8230271945039045,0.8798204076999142,0.8230271945039045,0.8798204076999142,0.8230271945039045,0.8798204076999142,0.8230271945039045,0.8798204076999142,0.8230271945039045,0.8798204076999142,0.8230271945039045,0.8798204076999142,0.8230271945039045,0.8798204076999142,0.8230271945039045
0.8212867355043685,0.91,0.91,0.91,0.0863787375415281,0.56,0.56,0.56,0.8175128998259433,0.659064850521485,0.8175128998259433,0.659064850521485,0.8175128998259433,0.659064850521485,0.8711447226631103,0.8789363286639784,0.8711447226631103,0.8789363286639784,0.8711447226631103,0.8789363286639784,0.8711447226631103,0.8789363286639784,0.8711447226631103,0.8789363286639784,0.8711447226631103,0.8789363286639784,0.8711447226631103,0.8789363286639784,0.8711447226631103,0.8789363286639784,0.8711447226631103,0.8789363286639784
0.6875,0.84,0.84,0.84,0.1673121611154144,0.57,0.57,0.57,0.6528523388265333,0.5384358586115984,0.6528523388265333,0.5384358586115984,0.6528523388265333,0.5384358586115984,0.7868377700012003,0.8634673755430997,0.7868377700012003,0.8634673755430997,0.7868377700012003,0.8634673755430997,0.7868377700012003,0.8634673755430997,0.7868377700012003,0.8634673755430997,0.7868377700012003,0.8634673755430997,0.7868377700012003,0.8634673755430997,0.7868377700012003,0.8634673755430997,0.7868377700012003,0.8634673755430997
0.7385358004827032,0.87,0.87,0.87,0.4188299108872531,0.7,0.7,0.7,0.661582707358262,0.6082347063931436,0.661582707358262,0.6082347063931436,0.661582707358262,0.6082347063931436,0.8046802718969323,0.8355422899324514,0.8046802718969323,0.8355422899324514,0.8046802718969323,0.8355422899324514,0.8046802718969323,0.8355422899324514,0.8046802718969323,0.8355422899324514,0.8046802718969323,0.8355422899324514,0.8046802718969323,0.8355422899324514,0.8046802718969323,0.8355422899324514,0.8046802718969323,0.8355422899324514
0.722662440570523,0.86,0.86,0.86,0.6271585557299842,0.81,0.81,0.81,0.6290712209519115,0.5731452988818958,0.6290712209519115,0.5731452988818958,0.6290712209519115,0.5731452988818958,0.7996406132709484,0.8467955842122626,0.7996406132709484,0.8467955842122626,0.7996406132709484,0.8467955842122626,0.7996406132709484,0.8467955842122626,0.7996406132709484,0.8467955842122626,0.7996406132709484,0.8467955842122626,0.7996406132709484,0.8467955842122626,0.7996406132709484,0.8467955842122626,0.7996406132709484,0.8467955842122626
0.684044233807267,0.84,0.84,0.84,0.512743628185907,0.74,0.74,0.74,0.6596314527871713,0.4976183088689789,0.6596314527871713,0.4976183088689789,0.6596314527871713,0.4976183088689789,0.8148817067386915,0.8306686920084375,0.8148817067386915,0.8306686920084375,0.8148817067386915,0.8306686920084375,0.8148817067386915,0.8306686920084375,0.8148817067386915,0.8306686920084375,0.8148817067386915,0.8306686920084375,0.8148817067386915,0.8306686920084375,0.8148817067386915,0.8306686920084375,0.8148817067386915,0.8306686920084375
0.6814018319394664,0.84,0.84,0.84,0.512743628185907,0.74,0.74,0.74,0.6630691881358107,0.4647431190359153,0.6630691881358107,0.4647431190359153,0.6630691881358107,0.4647431190359153,0.8118093039419505,0.7753109555326227,0.8118093039419505,0.7753109555326227,0.8118093039419505,0.7753109555326227,0.8118093039419505,0.7753109555326227,0.8118093039419505,0.7753109555326227,0.8118093039419505,0.7753109555326227,0.8118093039419505,0.7753109555326227,0.8118093039419505,0.7753109555326227,0.8118093039419505,0.7753109555326227
0.7253825029423304,0.86,0.86,0.86,0.5796713794421093,0.78,0.78,0.78,0.6782960952871775,0.5347746491260442,0.6782960952871775,0.5347746491260442,0.6782960952871775,0.5347746491260442,0.8364294289810562,0.7261548061021834,0.8364294289810562,0.7261548061021834,0.8364294289810562,0.7261548061021834,0.8364294289810562,0.7261548061021834,0.8364294289810562,0.7261548061021834,0.8364294289810562,0.7261548061021834,0.8364294289810562,0.7261548061021834,0.8364294289810562,0.7261548061021834,0.8364294289810562,0.7261548061021834
0.6642887117079311,0.84,0.84,0.84,0.7016706443914081,0.85,0.85,0.85,0.6972857906144759,0.6284238971979922,0.6972857906144759,0.6284238971979922,0.6972857906144759,0.6284238971979922,0.8332984042119793,0.7820603355999893,0.8332984042119793,0.7820603355999893,0.8332984042119793,0.7820603355999893,0.8332984042119793,0.7820603355999893,0.8332984042119793,0.7820603355999893,0.8332984042119793,0.7820603355999893,0.8332984042119793,0.7820603355999893,0.8332984042119793,0.7820603355999893,0.8332984042119793,0.7820603355999893
0.7992773986350863,0.9,0.9,0.9,0.8990306946688207,0.95,0.95,0.95,0.7361476201436886,0.7281347825179206,0.7361476201436886,0.7281347825179206,0.7361476201436886,0.7281347825179206,0.8436263263833284,0.8349459826505711,0.8436263263833284,0.8349459826505711,0.8436263263833284,0.8349459826505711,0.8436263263833284,0.8349459826505711,0.8436263263833284,0.8349459826505711,0.8436263263833284,0.8349459826505711,0.8436263263833284,0.8349459826505711,0.8436263263833284,0.8349459826505711,0.8436263263833284,0.8349459826505711
0.6996303142329021,0.87,0.87,0.87,0.918962722852512,0.96,0.96,0.96,0.6842684718553927,0.6158854286551051,0.6842684718553927,0.6158854286551051,0.6842684718553927,0.6158854286551051,0.8309029455428194,0.7953480116033221,0.8309029455428194,0.7953480116033221,0.8309029455428194,0.7953480116033221,0.8309029455428194,0.7953480116033221,0.8309029455428194,0.7953480116033221,0.8309029455428194,0.7953480116033221,0.8309029455428194,0.7953480116033221,0.8309029455428194,0.7953480116033221,0.8309029455428194,0.7953480116033221
0.340555817239755,0.72,0.72,0.72,0.8803827751196172,0.94,0.94,0.94,0.5075533972334416,0.5354380054510719,0.5075533972334416,0.5354380054510719,0.5075533972334416,0.5354380054510719,0.6591255342135576,0.7533271533693014,0.6591255342135576,0.7533271533693014,0.6591255342135576,0.7533271533693014,0.6591255342135576,0.7533271533693014,0.6591255342135576,0.7533271533693014,0.6591255342135576,0.7533271533693014,0.6591255342135576,0.7533271533693014,0.6591255342135576,0.7533271533693014,0.6591255342135576,0.7533271533693014
0.3127962085308057,0.71,0.71,0.71,0.7572815533980582,0.88,0.88,0.88,0.33976556910788847,0.4906562941738881,0.33976556910788847,0.4906562941738881,0.33976556910788847,0.4906562941738881,0.7054031964274434,0.7678943589255435,0.7054031964274434,0.7678943589255435,0.7054031964274434,0.7678943589255435,0.7054031964274434,0.7678943589255435,0.7054031964274434,0.7678943589255435,0.7054031964274434,0.7678943589255435,0.7054031964274434,0.7678943589255435,0.7054031964274434,0.7678943589255435,0.7054031964274434,0.7678943589255435
0.42,0.71,0.71,0.71,0.7191011235955056,0.88,0.88,0.88,0.5230040999455051,0.46986778836691656,0.5230040999455051,0.46986778836691656,0.5230040999455051,0.46986778836691656,0.7280380013844574,0.7204351756844243,0.7280380013844574,0.7204351756844243,0.7280380013844574,0.7204351756844243,0.7280380013844574,0.7204351756844243,0.7280380013844574,0.7204351756844243,0.7280380013844574,0.7204351756844243,0.7280380013844574,0.7204351756844243,0.7280380013844574,0.7204351756844243,0.7280380013844574,0.7204351756844243
0.4375484871993794,0.71,0.71,0.71,0.776386404293381,0.9,0.9,0.9,0.3914083434095575,0.3858189811788586,0.3914083434095575,0.3858189811788586,0.3914083434095575,0.3858189811788586,0.676501663565268,0.701337728159979,0.676501663565268,0.701337728159979,0.676501663565268,0.701337728159979,0.676501663565268,0.701337728159979,0.676501663565268,0.701337728159979,0.676501663565268,0.701337728159979,0.676501663565268,0.701337728159979,0.676501663565268,0.701337728159979,0.676501663565268,0.701337728159979
0.5047543581616483,0.75,0.75,0.75,0.8792270531400966,0.94,0.94,0.94,0.5637506311094176,0.4319999899633621,0.5637506311094176,0.4319999899633621,0.5637506311094176,0.4319999899633621,0.824450794305212,0.7610439197752099,0.824450794305212,0.7610439197752099,0.824450794305212,0.7610439197752099,0.824450794305212,0.7610439197752099,0.824450794305212,0.7610439197752099,0.824450794305212,0.7610439197752099,0.824450794305212,0.7610439197752099,0.824450794305212,0.7610439197752099,0.824450794305212,0.7610439197752099
0.432263116679718,0.71,0.71,0.71,0.88,0.94,0.94,0.94,0.3196068453155115,0.3640096178977011,0.3196068453155115,0.3640096178977011,0.3196068453155115,0.3640096178977011,0.6030252974420087,0.6781326220252292,0.6030252974420087,0.6781326220252292,0.6030252974420087,0.6781326220252292,0.6030252974420087,0.6781326220252292,0.6030252974420087,0.6781326220252292,0.6030252974420087,0.6781326220252292,0.6030252974420087,0.6781326220252292,0.6030252974420087,0.6781326220252292,0.6030252974420087,0.6781326220252292
0.3888888888888888,0.67,0.67,0.67,0.8606687898089171,0.93,0.93,0.93,0.33082503948399355,0.38997987405504003,0.33082503948399355,0.38997987405504003,0.33082503948399355,0.38997987405504003,0.6732303801219633,0.6863917080450872,0.6732303801219633,0.6863917080450872,0.6732303801219633,0.6863917080450872,0.6732303801219633,0.6863917080450872,0.6732303801219633,0.6863917080450872,0.6732303801219633,0.6863917080450872,0.6732303801219633,0.6863917080450872,0.6732303801219633,0.6863917080450872,0.6732303801219633,0.6863917080450872
0.3065693430656934,0.62,0.62,0.62,0.8212867355043685,0.91,0.91,0.91,0.357461790279283,0.3653883770552217,0.357461790279283,0.3653883770552217,0.357461790279283,0.3653883770552217,0.6301319316572992,0.6547382506788773,0.6301319316572992,0.6547382506788773,0.6301319316572992,0.6547382506788773,0.6301319316572992,0.6547382506788773,0.6301319316572992,0.6547382506788773,0.6301319316572992,0.6547382506788773,0.6301319316572992,0.6547382506788773,0.6301319316572992,0.6547382506788773,0.6301319316572992,0.6547382506788773
0.404332129963899,0.67,0.67,0.67,0.6875,0.84,0.84,0.84,0.4792571999438307,0.6617646259134307,0.4792571999438307,0.6617646259134307,0.4792571999438307,0.6617646259134307,0.7559333677705311,0.8541710265883082,0.7559333677705311,0.8541710265883082,0.7559333677705311,0.8541710265883082,0.7559333677705311,0.8541710265883082,0.7559333677705311,0.8541710265883082,0.7559333677705311,0.8541710265883082,0.7559333677705311,0.8541710265883082,0.7559333677705311,0.8541710265883082,0.7559333677705311,0.8541710265883082
0.4556765163297045,0.72,0.72,0.72,0.7385358004827032,0.87,0.87,0.87,0.5059497209822955,0.6113765149431379,0.5059497209822955,0.6113765149431379,0.5059497209822955,0.6113765149431379,0.8148428188112702,0.8891590977017663,0.8148428188112702,0.8891590977017663,0.8148428188112702,0.8891590977017663,0.8148428188112702,0.8891590977017663,0.8148428188112702,0.8891590977017663,0.8148428188112702,0.8891590977017663,0.8148428188112702,0.8891590977017663,0.8148428188112702,0.8891590977017663,0.8148428188112702,0.8891590977017663
0.7997597116539847,0.9,0.9,0.9,0.722662440570523,0.86,0.86,0.86,0.7270661082670544,0.7313292679296616,0.7270661082670544,0.7313292679296616,0.7270661082670544,0.7313292679296616,0.849557194780766,0.8598810474777313,0.849557194780766,0.8598810474777313,0.849557194780766,0.8598810474777313,0.849557194780766,0.8598810474777313,0.849557194780766,0.8598810474777313,0.849557194780766,0.8598810474777313,0.849557194780766,0.8598810474777313,0.849557194780766,0.8598810474777313,0.849557194780766,0.8598810474777313
0.8792756539235412,0.94,0.94,0.94,0.684044233807267,0.84,0.84,0.84,0.718841670125996,0.6832404135067491,0.718841670125996,0.6832404135067491,0.718841670125996,0.6832404135067491,0.8873084626325669,0.8518349720255095,0.8873084626325669,0.8518349720255095,0.8873084626325669,0.8518349720255095,0.8873084626325669,0.8518349720255095,0.8873084626325669,0.8518349720255095,0.8873084626325669,0.8518349720255095,0.8873084626325669,0.8518349720255095,0.8873084626325669,0.8518349720255095,0.8873084626325669,0.8518349720255095
0.8922413793103449,0.95,0.95,0.95,0.6814018319394664,0.84,0.84,0.84,0.7217130867416087,0.6319267626568442,0.7217130867416087,0.6319267626568442,0.7217130867416087,0.6319267626568442,0.9026480342163721,0.8306017860101474,0.9026480342163721,0.8306017860101474,0.9026480342163721,0.8306017860101474,0.9026480342163721,0.8306017860101474,0.9026480342163721,0.8306017860101474,0.9026480342163721,0.8306017860101474,0.9026480342163721,0.8306017860101474,0.9026480342163721,0.8306017860101474,0.9026480342163721,0.8306017860101474
0.5666058394160585,0.81,0.81,0.81,0.7253825029423304,0.86,0.86,0.86,0.5183739963145036,0.6156690283264132,0.5183739963145036,0.6156690283264132,0.5183739963145036,0.6156690283264132,0.7937766674340203,0.808967891843771,0.7937766674340203,0.808967891843771,0.7937766674340203,0.808967891843771,0.7937766674340203,0.808967891843771,0.7937766674340203,0.808967891843771,0.7937766674340203,0.808967891843771,0.7937766674340203,0.808967891843771,0.7937766674340203,0.808967891843771,0.7937766674340203,0.808967891843771
0.4646271510516252,0.72,0.72,0.72,0.6642887117079311,0.84,0.84,0.84,0.5746706443190107,0.6206548294608815,0.5746706443190107,0.6206548294608815,0.5746706443190107,0.6206548294608815,0.7982023996635327,0.7820177296816454,0.7982023996635327,0.7820177296816454,0.7982023996635327,0.7820177296816454,0.7982023996635327,0.7820177296816454,0.7982023996635327,0.7820177296816454,0.7982023996635327,0.7820177296816454,0.7982023996635327,0.7820177296816454,0.7982023996635327,0.7820177296816454,0.7982023996635327,0.7820177296816454
0.3678387988937179,0.68,0.68,0.68,0.7992773986350863,0.9,0.9,0.9,0.48670258006707134,0.6050436792061298,0.48670258006707134,0.6050436792061298,0.48670258006707134,0.6050436792061298,0.7835611501828154,0.8315220943427879,0.7835611501828154,0.8315220943427879,0.7835611501828154,0.8315220943427879,0.7835611501828154,0.8315220943427879,0.7835611501828154,0.8315220943427879,0.7835611501828154,0.8315220943427879,0.7835611501828154,0.8315220943427879,0.7835611501828154,0.8315220943427879,0.7835611501828154,0.8315220943427879
0.3975903614457832,0.68,0.68,0.68,0.6996303142329021,0.87,0.87,0.87,0.40504871074183935,0.604338558713819,0.40504871074183935,0.604338558713819,0.40504871074183935,0.604338558713819,0.753764532497292,0.7855849952627981,0.753764532497292,0.7855849952627981,0.753764532497292,0.7855849952627981,0.753764532497292,0.7855849952627981,0.753764532497292,0.7855849952627981,0.753764532497292,0.7855849952627981,0.753764532497292,0.7855849952627981,0.753764532497292,0.7855849952627981,0.753764532497292,0.7855849952627981
0.5192307692307692,0.75,0.75,0.75,0.340555817239755,0.72,0.72,0.72,0.579306297398203,0.5456137433405064,0.579306297398203,0.5456137433405064,0.579306297398203,0.5456137433405064,0.849784087858634,0.7696300272741305,0.849784087858634,0.7696300272741305,0.849784087858634,0.7696300272741305,0.849784087858634,0.7696300272741305,0.849784087858634,0.7696300272741305,0.849784087858634,0.7696300272741305,0.849784087858634,0.7696300272741305,0.849784087858634,0.7696300272741305,0.849784087858634,0.7696300272741305
0.5840630472854642,0.81,0.81,0.81,0.3127962085308057,0.71,0.71,0.71,0.4137256942580371,0.5379970463930548,0.4137256942580371,0.5379970463930548,0.4137256942580371,0.5379970463930548,0.7450264486411539,0.8001426118865439,0.7450264486411539,0.8001426118865439,0.7450264486411539,0.8001426118865439,0.7450264486411539,0.8001426118865439,0.7450264486411539,0.8001426118865439,0.7450264486411539,0.8001426118865439,0.7450264486411539,0.8001426118865439,0.7450264486411539,0.8001426118865439,0.7450264486411539,0.8001426118865439
0.6860282574568288,0.84,0.84,0.84,0.42,0.71,0.71,0.71,0.6043226939411526,0.7316159671483613,0.6043226939411526,0.7316159671483613,0.6043226939411526,0.7316159671483613,0.8728495978552597,0.8951728045654067,0.8728495978552597,0.8951728045654067,0.8728495978552597,0.8951728045654067,0.8728495978552597,0.8951728045654067,0.8728495978552597,0.8951728045654067,0.8728495978552597,0.8951728045654067,0.8728495978552597,0.8951728045654067,0.8728495978552597,0.8951728045654067,0.8728495978552597,0.8951728045654067
0.6724890829694323,0.85,0.85,0.85,0.4375484871993794,0.71,0.71,0.71,0.5887871416557331,0.5869451896356234,0.5887871416557331,0.5869451896356234,0.5887871416557331,0.5869451896356234,0.856179349187669,0.874302895092648,0.856179349187669,0.874302895092648,0.856179349187669,0.874302895092648,0.856179349187669,0.874302895092648,0.856179349187669,0.874302895092648,0.856179349187669,0.874302895092648,0.856179349187669,0.874302895092648,0.856179349187669,0.874302895092648,0.856179349187669,0.874302895092648
0.7108540925266904,0.87,0.87,0.87,0.5047543581616483,0.75,0.75,0.75,0.5630058017273469,0.6440234462243734,0.5630058017273469,0.6440234462243734,0.5630058017273469,0.6440234462243734,0.8570291375642599,0.9146496817165077,0.8570291375642599,0.9146496817165077,0.8570291375642599,0.9146496817165077,0.8570291375642599,0.9146496817165077,0.8570291375642599,0.9146496817165077,0.8570291375642599,0.9146496817165077,0.8570291375642599,0.9146496817165077,0.8570291375642599,0.9146496817165077,0.8570291375642599,0.9146496817165077
0.7064137308039747,0.87,0.87,0.87,0.432263116679718,0.71,0.71,0.71,0.7462204520006493,0.6424751227263377,0.7462204520006493,0.6424751227263377,0.7462204520006493,0.6424751227263377,0.9406177695888455,0.8747988010587503,0.9406177695888455,0.8747988010587503,0.9406177695888455,0.8747988010587503,0.9406177695888455,0.8747988010587503,0.9406177695888455,0.8747988010587503,0.9406177695888455,0.8747988010587503,0.9406177695888455,0.8747988010587503,0.9406177695888455,0.8747988010587503,0.9406177695888455,0.8747988010587503
0.7393364928909953,0.89,0.89,0.89,0.3888888888888888,0.67,0.67,0.67,0.40954158030362176,0.5611643087452548,0.40954158030362176,0.5611643087452548,0.40954158030362176,0.5611643087452548,0.7784550151306274,0.8223509321529306,0.7784550151306274,0.8223509321529306,0.7784550151306274,0.8223509321529306,0.7784550151306274,0.8223509321529306,0.7784550151306274,0.8223509321529306,0.7784550151306274,0.8223509321529306,0.7784550151306274,0.8223509321529306,0.7784550151306274,0.8223509321529306,0.7784550151306274,0.8223509321529306
0.5789473684210527,0.8,0.8,0.8,0.3065693430656934,0.62,0.62,0.62,0.4470567073354104,0.5489453523768836,0.4470567073354104,0.5489453523768836,0.4470567073354104,0.5489453523768836,0.8061042588559272,0.8151390041950964,0.8061042588559272,0.8151390041950964,0.8061042588559272,0.8151390041950964,0.8061042588559272,0.8151390041950964,0.8061042588559272,0.8151390041950964,0.8061042588559272,0.8151390041950964,0.8061042588559272,0.8151390041950964,0.8061042588559272,0.8151390041950964,0.8061042588559272,0.8151390041950964
0.5625,0.79,0.79,0.79,0.404332129963899,0.67,0.67,0.67,0.5198295424952005,0.6414432750027519,0.5198295424952005,0.6414432750027519,0.5198295424952005,0.6414432750027519,0.8292338022011766,0.8368516251996021,0.8292338022011766,0.8368516251996021,0.8292338022011766,0.8368516251996021,0.8292338022011766,0.8368516251996021,0.8292338022011766,0.8368516251996021,0.8292338022011766,0.8368516251996021,0.8292338022011766,0.8368516251996021,0.8292338022011766,0.8368516251996021,0.8292338022011766,0.8368516251996021
0.239450441609421,0.69,0.69,0.69,0.4556765163297045,0.72,0.72,0.72,0.2418243815382398,0.5320188805135788,0.2418243815382398,0.5320188805135788,0.2418243815382398,0.5320188805135788,0.6897071516935749,0.7585894832163748,0.6897071516935749,0.7585894832163748,0.6897071516935749,0.7585894832163748,0.6897071516935749,0.7585894832163748,0.6897071516935749,0.7585894832163748,0.6897071516935749,0.7585894832163748,0.6897071516935749,0.7585894832163748,0.6897071516935749,0.7585894832163748,0.6897071516935749,0.7585894832163748
0.1930835734870317,0.72,0.72,0.72,0.7997597116539847,0.9,0.9,0.9,0.2070494532143548,0.38050703474728387,0.2070494532143548,0.38050703474728387,0.2070494532143548,0.38050703474728387,0.7052156874510975,0.7878537136229979,0.7052156874510975,0.7878537136229979,0.7052156874510975,0.7878537136229979,0.7052156874510975,0.7878537136229979,0.7052156874510975,0.7878537136229979,0.7052156874510975,0.7878537136229979,0.7052156874510975,0.7878537136229979,0.7052156874510975,0.7878537136229979,0.7052156874510975,0.7878537136229979
0.144736842105263,0.61,0.61,0.61,0.8792756539235412,0.94,0.94,0.94,0.229783746396418,0.4450656344795178,0.229783746396418,0.4450656344795178,0.229783746396418,0.4450656344795178,0.6816227060659392,0.8134122205293473,0.6816227060659392,0.8134122205293473,0.6816227060659392,0.8134122205293473,0.6816227060659392,0.8134122205293473,0.6816227060659392,0.8134122205293473,0.6816227060659392,0.8134122205293473,0.6816227060659392,0.8134122205293473,0.6816227060659392,0.8134122205293473,0.6816227060659392,0.8134122205293473
0.0691489361702129,0.79,0.79,0.79,0.8922413793103449,0.95,0.95,0.95,0.1461366202703337,0.2640564579148237,0.1461366202703337,0.2640564579148237,0.1461366202703337,0.2640564579148237,0.6574030058541636,0.7292426482197812,0.6574030058541636,0.7292426482197812,0.6574030058541636,0.7292426482197812,0.6574030058541636,0.7292426482197812,0.6574030058541636,0.7292426482197812,0.6574030058541636,0.7292426482197812,0.6574030058541636,0.7292426482197812,0.6574030058541636,0.7292426482197812,0.6574030058541636,0.7292426482197812
0.1886409736308315,0.68,0.68,0.68,0.5666058394160585,0.81,0.81,0.81,0.3503893404431641,0.6738883791709538,0.3503893404431641,0.6738883791709538,0.3503893404431641,0.6738883791709538,0.7573946059992372,0.9081638383710289,0.7573946059992372,0.9081638383710289,0.7573946059992372,0.9081638383710289,0.7573946059992372,0.9081638383710289,0.7573946059992372,0.9081638383710289,0.7573946059992372,0.9081638383710289,0.7573946059992372,0.9081638383710289,0.7573946059992372,0.9081638383710289,0.7573946059992372,0.9081638383710289
0.5127118644067796,0.77,0.77,0.77,0.4646271510516252,0.72,0.72,0.72,0.5672353338837802,0.5945462774421212,0.5672353338837802,0.5945462774421212,0.5672353338837802,0.5945462774421212,0.8622848502413725,0.8672432374155395,0.8622848502413725,0.8672432374155395,0.8622848502413725,0.8672432374155395,0.8622848502413725,0.8672432374155395,0.8622848502413725,0.8672432374155395,0.8622848502413725,0.8672432374155395,0.8622848502413725,0.8672432374155395,0.8622848502413725,0.8672432374155395,0.8622848502413725,0.8672432374155395
0.3300423131170662,0.62,0.62,0.62,0.3678387988937179,0.68,0.68,0.68,0.5149870402621272,0.6285027754033572,0.5149870402621272,0.6285027754033572,0.5149870402621272,0.6285027754033572,0.8060587586831213,0.8719251040038871,0.8060587586831213,0.8719251040038871,0.8060587586831213,0.8719251040038871,0.8060587586831213,0.8719251040038871,0.8060587586831213,0.8719251040038871,0.8060587586831213,0.8719251040038871,0.8060587586831213,0.8719251040038871,0.8060587586831213,0.8719251040038871,0.8060587586831213,0.8719251040038871
0.3982494529540481,0.67,0.67,0.67,0.3975903614457832,0.68,0.68,0.68,0.4860885081003273,0.6225529659988099,0.4860885081003273,0.6225529659988099,0.4860885081003273,0.6225529659988099,0.8167597415948129,0.8579865602241364,0.8167597415948129,0.8579865602241364,0.8167597415948129,0.8579865602241364,0.8167597415948129,0.8579865602241364,0.8167597415948129,0.8579865602241364,0.8167597415948129,0.8579865602241364,0.8167597415948129,0.8579865602241364,0.8167597415948129,0.8579865602241364,0.8167597415948129,0.8579865602241364
0.1155660377358489,0.55,0.55,0.55,0.5192307692307692,0.75,0.75,0.75,0.23243388040324475,0.3499796797230575,0.23243388040324475,0.3499796797230575,0.23243388040324475,0.3499796797230575,0.7166888099042096,0.7940380771848887,0.7166888099042096,0.7940380771848887,0.7166888099042096,0.7940380771848887,0.7166888099042096,0.7940380771848887,0.7166888099042096,0.7940380771848887,0.7166888099042096,0.7940380771848887,0.7166888099042096,0.7940380771848887,0.7166888099042096,0.7940380771848887,0.7166888099042096,0.7940380771848887
0.1071428571428572,0.53,0.53,0.53,0.5840630472854642,0.81,0.81,0.81,0.2831646950874857,0.3730169604423015,0.2831646950874857,0.3730169604423015,0.2831646950874857,0.3730169604423015,0.7594455096376745,0.8397648449347135,0.7594455096376745,0.8397648449347135,0.7594455096376745,0.8397648449347135,0.7594455096376745,0.8397648449347135,0.7594455096376745,0.8397648449347135,0.7594455096376745,0.8397648449347135,0.7594455096376745,0.8397648449347135,0.7594455096376745,0.8397648449347135,0.7594455096376745,0.8397648449347135
0.0234375,0.55,0.55,0.55,0.6860282574568288,0.84,0.84,0.84,0.15945037077481447,0.18610374839401228,0.15945037077481447,0.18610374839401228,0.15945037077481447,0.18610374839401228,0.6960763752656024,0.7345131598116756,0.6960763752656024,0.7345131598116756,0.6960763752656024,0.7345131598116756,0.6960763752656024,0.7345131598116756,0.6960763752656024,0.7345131598116756,0.6960763752656024,0.7345131598116756,0.6960763752656024,0.7345131598116756,0.6960763752656024,0.7345131598116756,0.6960763752656024,0.7345131598116756
0.1642958748221905,0.53,0.53,0.53,0.6724890829694323,0.85,0.85,0.85,0.3323699166826001,0.5075261737353296,0.3323699166826001,0.5075261737353296,0.3323699166826001,0.5075261737353296,0.667720913562861,0.7556751088054324,0.667720913562861,0.7556751088054324,0.667720913562861,0.7556751088054324,0.667720913562861,0.7556751088054324,0.667720913562861,0.7556751088054324,0.667720913562861,0.7556751088054324,0.667720913562861,0.7556751088054324,0.667720913562861,0.7556751088054324,0.667720913562861,0.7556751088054324
0.1705733862243057,0.54,0.54,0.54,0.7108540925266904,0.87,0.87,0.87,0.3525454149503161,0.5380737195435301,0.3525454149503161,0.5380737195435301,0.3525454149503161,0.5380737195435301,0.6872007616213119,0.8359740786143565,0.6872007616213119,0.8359740786143565,0.6872007616213119,0.8359740786143565,0.6872007616213119,0.8359740786143565,0.6872007616213119,0.8359740786143565,0.6872007616213119,0.8359740786143565,0.6872007616213119,0.8359740786143565,0.6872007616213119,0.8359740786143565,0.6872007616213119,0.8359740786143565
0.1433566433566434,0.51,0.51,0.51,0.7064137308039747,0.87,0.87,0.87,0.43552927240106265,0.5281234278219973,0.43552927240106265,0.5281234278219973,0.43552927240106265,0.5281234278219973,0.7547160798739262,0.8843211022414589,0.7547160798739262,0.8843211022414589,0.7547160798739262,0.8843211022414589,0.7547160798739262,0.8843211022414589,0.7547160798739262,0.8843211022414589,0.7547160798739262,0.8843211022414589,0.7547160798739262,0.8843211022414589,0.7547160798739262,0.8843211022414589,0.7547160798739262,0.8843211022414589
0.0,0.57,0.57,0.57,0.7393364928909953,0.89,0.89,0.89,0.13362135534534839,0.3697891644912638,0.13362135534534839,0.3697891644912638,0.13362135534534839,0.3697891644912638,0.7714809023191794,0.8237650041600538,0.7714809023191794,0.8237650041600538,0.7714809023191794,0.8237650041600538,0.7714809023191794,0.8237650041600538,0.7714809023191794,0.8237650041600538,0.7714809023191794,0.8237650041600538,0.7714809023191794,0.8237650041600538,0.7714809023191794,0.8237650041600538,0.7714809023191794,0.8237650041600538
0.0,0.61,0.61,0.61,0.5789473684210527,0.8,0.8,0.8,0.1487936742276242,0.27414086644746855,0.1487936742276242,0.27414086644746855,0.1487936742276242,0.27414086644746855,0.7495452820229248,0.6924822399415077,0.7495452820229248,0.6924822399415077,0.7495452820229248,0.6924822399415077,0.7495452820229248,0.6924822399415077,0.7495452820229248,0.6924822399415077,0.7495452820229248,0.6924822399415077,0.7495452820229248,0.6924822399415077,0.7495452820229248,0.6924822399415077,0.7495452820229248,0.6924822399415077
0.0819209039548023,0.61,0.61,0.61,0.5625,0.79,0.79,0.79,0.2136567324356464,0.37452045913620025,0.2136567324356464,0.37452045913620025,0.2136567324356464,0.37452045913620025,0.7011261361256846,0.8605801869713225,0.7011261361256846,0.8605801869713225,0.7011261361256846,0.8605801869713225,0.7011261361256846,0.8605801869713225,0.7011261361256846,0.8605801869713225,0.7011261361256846,0.8605801869713225,0.7011261361256846,0.8605801869713225,0.7011261361256846,0.8605801869713225,0.7011261361256846,0.8605801869713225
0.0922844175491678,0.64,0.64,0.64,0.239450441609421,0.69,0.69,0.69,0.16382116996241786,0.417804445406278,0.16382116996241786,0.417804445406278,0.16382116996241786,0.417804445406278,0.7291004935789577,0.884248471545424,0.7291004935789577,0.884248471545424,0.7291004935789577,0.884248471545424,0.7291004935789577,0.884248471545424,0.7291004935789577,0.884248471545424,0.7291004935789577,0.884248471545424,0.7291004935789577,0.884248471545424,0.7291004935789577,0.884248471545424,0.7291004935789577,0.884248471545424
0.1042345276872964,0.67,0.67,0.67,0.1930835734870317,0.72,0.72,0.72,0.16943198604356738,0.3158731460480489,0.16943198604356738,0.3158731460480489,0.16943198604356738,0.3158731460480489,0.7080494903300794,0.8186409602720505,0.7080494903300794,0.8186409602720505,0.7080494903300794,0.8186409602720505,0.7080494903300794,0.8186409602720505,0.7080494903300794,0.8186409602720505,0.7080494903300794,0.8186409602720505,0.7080494903300794,0.8186409602720505,0.7080494903300794,0.8186409602720505,0.7080494903300794,0.8186409602720505
0.0,0.75,0.75,0.75,0.144736842105263,0.61,0.61,0.61,0.17091071197670904,0.21500873494200679,0.17091071197670904,0.21500873494200679,0.17091071197670904,0.21500873494200679,0.8206594758468738,0.7959533699320236,0.8206594758468738,0.7959533699320236,0.8206594758468738,0.7959533699320236,0.8206594758468738,0.7959533699320236,0.8206594758468738,0.7959533699320236,0.8206594758468738,0.7959533699320236,0.8206594758468738,0.7959533699320236,0.8206594758468738,0.7959533699320236,0.8206594758468738,0.7959533699320236
0.0,0.8,0.8,0.8,0.0691489361702129,0.79,0.79,0.79,0.12102257172055972,0.24130002124484917,0.12102257172055972,0.24130002124484917,0.12102257172055972,0.24130002124484917,0.8094897173996047,0.801959267985775,0.8094897173996047,0.801959267985775,0.8094897173996047,0.801959267985775,0.8094897173996047,0.801959267985775,0.8094897173996047,0.801959267985775,0.8094897173996047,0.801959267985775,0.8094897173996047,0.801959267985775,0.8094897173996047,0.801959267985775,0.8094897173996047,0.801959267985775
0.0,0.7,0.7,0.7,0.1886409736308315,0.68,0.68,0.68,0.161238131289403,0.20561901847799915,0.161238131289403,0.20561901847799915,0.161238131289403,0.20561901847799915,0.8590281799821288,0.7924237379830903,0.8590281799821288,0.7924237379830903,0.8590281799821288,0.7924237379830903,0.8590281799821288,0.7924237379830903,0.8590281799821288,0.7924237379830903,0.8590281799821288,0.7924237379830903,0.8590281799821288,0.7924237379830903,0.8590281799821288,0.7924237379830903,0.8590281799821288,0.7924237379830903
0.0,0.59,0.59,0.59,0.5127118644067796,0.77,0.77,0.77,0.13482670195628357,0.2690383491135701,0.13482670195628357,0.2690383491135701,0.13482670195628357,0.2690383491135701,0.7633277931894028,0.7018226293771782,0.7633277931894028,0.7018226293771782,0.7633277931894028,0.7018226293771782,0.7633277931894028,0.7018226293771782,0.7633277931894028,0.7018226293771782,0.7633277931894028,0.7018226293771782,0.7633277931894028,0.7018226293771782,0.7633277931894028,0.7018226293771782,0.7633277931894028,0.7018226293771782
0.0,0.61,0.61,0.61,0.3300423131170662,0.62,0.62,0.62,0.10839188543012229,0.1919486672251696,0.10839188543012229,0.1919486672251696,0.10839188543012229,0.1919486672251696,0.8003256466343326,0.7314722378931015,0.8003256466343326,0.7314722378931015,0.8003256466343326,0.7314722378931015,0.8003256466343326,0.7314722378931015,0.8003256466343326,0.7314722378931015,0.8003256466343326,0.7314722378931015,0.8003256466343326,0.7314722378931015,0.8003256466343326,0.7314722378931015,0.8003256466343326,0.7314722378931015
0.0,0.63,0.63,0.63,0.3982494529540481,0.67,0.67,0.67,0.10852637664596493,0.18881475463866482,0.10852637664596493,0.18881475463866482,0.10852637664596493,0.18881475463866482,0.767590961202825,0.7183520894588951,0.767590961202825,0.7183520894588951,0.767590961202825,0.7183520894588951,0.767590961202825,0.7183520894588951,0.767590961202825,0.7183520894588951,0.767590961202825,0.7183520894588951,0.767590961202825,0.7183520894588951,0.767590961202825,0.7183520894588951,0.767590961202825,0.7183520894588951
0.0,0.56,0.56,0.56,0.1155660377358489,0.55,0.55,0.55,0.09784916036719078,0.16008455524598567,0.09784916036719078,0.16008455524598567,0.09784916036719078,0.16008455524598567,0.6827162963257919,0.6730574870210867,0.6827162963257919,0.6730574870210867,0.6827162963257919,0.6730574870210867,0.6827162963257919,0.6730574870210867,0.6827162963257919,0.6730574870210867,0.6827162963257919,0.6730574870210867,0.6827162963257919,0.6730574870210867,0.6827162963257919,0.6730574870210867,0.6827162963257919,0.6730574870210867
0.0,0.47,0.47,0.47,0.1071428571428572,0.53,0.53,0.53,0.09869867511258039,0.1900216064081144,0.09869867511258039,0.1900216064081144,0.09869867511258039,0.1900216064081144,0.5669584927637806,0.5566320223586781,0.5669584927637806,0.5566320223586781,0.5669584927637806,0.5566320223586781,0.5669584927637806,0.5566320223586781,0.5669584927637806,0.5566320223586781,0.5669584927637806,0.5566320223586781,0.5669584927637806,0.5566320223586781,0.5669584927637806,0.5566320223586781,0.5669584927637806,0.5566320223586781
0.0,0.41,0.41,0.41,0.0234375,0.55,0.55,0.55,0.09043005954591858,0.2179266963649843,0.09043005954591858,0.2179266963649843,0.09043005954591858,0.2179266963649843,0.7700113485313083,0.7416161473768988,0.7700113485313083,0.7416161473768988,0.7700113485313083,0.7416161473768988,0.7700113485313083,0.7416161473768988,0.7700113485313083,0.7416161473768988,0.7700113485313083,0.7416161473768988,0.7700113485313083,0.7416161473768988,0.7700113485313083,0.7416161473768988,0.7700113485313083,0.7416161473768988
0.0,0.46,0.46,0.46,0.1642958748221905,0.53,0.53,0.53,0.13070231798738013,0.23270849043316252,0.13070231798738013,0.23270849043316252,0.13070231798738013,0.23270849043316252,0.7410770569898727,0.7373749250754463,0.7410770569898727,0.7373749250754463,0.7410770569898727,0.7373749250754463,0.7410770569898727,0.7373749250754463,0.7410770569898727,0.7373749250754463,0.7410770569898727,0.7373749250754463,0.7410770569898727,0.7373749250754463,0.7410770569898727,0.7373749250754463,0.7410770569898727,0.7373749250754463
0.0,0.59,0.59,0.59,0.1705733862243057,0.54,0.54,0.54,0.14247564372540442,0.2878303043657886,0.14247564372540442,0.2878303043657886,0.14247564372540442,0.2878303043657886,0.788868008516816,0.7503818226735622,0.788868008516816,0.7503818226735622,0.788868008516816,0.7503818226735622,0.788868008516816,0.7503818226735622,0.788868008516816,0.7503818226735622,0.788868008516816,0.7503818226735622,0.788868008516816,0.7503818226735622,0.788868008516816,0.7503818226735622,0.788868008516816,0.7503818226735622
0.28,0.64,0.64,0.64,0.1433566433566434,0.51,0.51,0.51,0.5137460005378807,0.425974934833313,0.5137460005378807,0.425974934833313,0.5137460005378807,0.425974934833313,0.794346563715634,0.7864352098609736,0.794346563715634,0.7864352098609736,0.794346563715634,0.7864352098609736,0.794346563715634,0.7864352098609736,0.794346563715634,0.7864352098609736,0.794346563715634,0.7864352098609736,0.794346563715634,0.7864352098609736,0.794346563715634,0.7864352098609736,0.794346563715634,0.7864352098609736
0.3572778827977316,0.66,0.66,0.66,0.0,0.57,0.57,0.57,0.5034766836868896,0.4117172338758815,0.5034766836868896,0.4117172338758815,0.5034766836868896,0.4117172338758815,0.8365243793033537,0.8348398761342399,0.8365243793033537,0.8348398761342399,0.8365243793033537,0.8348398761342399,0.8365243793033537,0.8348398761342399,0.8365243793033537,0.8348398761342399,0.8365243793033537,0.8348398761342399,0.8365243793033537,0.8348398761342399,0.8365243793033537,0.8348398761342399,0.8365243793033537,0.8348398761342399
0.6902654867256637,0.86,0.86,0.86,0.0,0.61,0.61,0.61,0.6430466111900702,0.5283195005828736,0.6430466111900702,0.5283195005828736,0.6430466111900702,0.5283195005828736,0.8684409813643434,0.7974942966675425,0.8684409813643434,0.7974942966675425,0.8684409813643434,0.7974942966675425,0.8684409813643434,0.7974942966675425,0.8684409813643434,0.7974942966675425,0.8684409813643434,0.7974942966675425,0.8684409813643434,0.7974942966675425,0.8684409813643434,0.7974942966675425,0.8684409813643434,0.7974942966675425
0.8148148148148149,0.91,0.91,0.91,0.0819209039548023,0.61,0.61,0.61,0.5919550579112557,0.480323885838453,0.5919550579112557,0.480323885838453,0.5919550579112557,0.480323885838453,0.8533303626456585,0.707602031960095,0.8533303626456585,0.707602031960095,0.8533303626456585,0.707602031960095,0.8533303626456585,0.707602031960095,0.8533303626456585,0.707602031960095,0.8533303626456585,0.707602031960095,0.8533303626456585,0.707602031960095,0.8533303626456585,0.707602031960095,0.8533303626456585,0.707602031960095
0.8031496062992126,0.92,0.92,0.92,0.0922844175491678,0.64,0.64,0.64,0.6201762265716718,0.4104840914132899,0.6201762265716718,0.4104840914132899,0.6201762265716718,0.4104840914132899,0.8462360169547882,0.70928626592306,0.8462360169547882,0.70928626592306,0.8462360169547882,0.70928626592306,0.8462360169547882,0.70928626592306,0.8462360169547882,0.70928626592306,0.8462360169547882,0.70928626592306,0.8462360169547882,0.70928626592306,0.8462360169547882,0.70928626592306,0.8462360169547882,0.70928626592306
0.9080882352941176,0.97,0.97,0.97,0.1042345276872964,0.67,0.67,0.67,0.5638174070153462,0.5118874780989918,0.5638174070153462,0.5118874780989918,0.5638174070153462,0.5118874780989918,0.8349074481711534,0.8130640846118451,0.8349074481711534,0.8130640846118451,0.8349074481711534,0.8130640846118451,0.8349074481711534,0.8130640846118451,0.8349074481711534,0.8130640846118451,0.8349074481711534,0.8130640846118451,0.8349074481711534,0.8130640846118451,0.8349074481711534,0.8130640846118451,0.8349074481711534,0.8130640846118451
0.7319034852546917,0.92,0.92,0.92,0.0,0.75,0.75,0.75,0.5585376711888655,0.43883460136394314,0.5585376711888655,0.43883460136394314,0.5585376711888655,0.43883460136394314,0.8714808206792712,0.8339839242052962,0.8714808206792712,0.8339839242052962,0.8714808206792712,0.8339839242052962,0.8714808206792712,0.8339839242052962,0.8714808206792712,0.8339839242052962,0.8714808206792712,0.8339839242052962,0.8714808206792712,0.8339839242052962,0.8714808206792712,0.8339839242052962,0.8714808206792712,0.8339839242052962
0.0,0.78,0.78,0.78,0.0,0.8,0.8,0.8,0.12270022246190142,0.1990384069522005,0.12270022246190142,0.1990384069522005,0.12270022246190142,0.1990384069522005,0.6253367145902844,0.5807014334677216,0.6253367145902844,0.5807014334677216,0.6253367145902844,0.5807014334677216,0.6253367145902844,0.5807014334677216,0.6253367145902844,0.5807014334677216,0.6253367145902844,0.5807014334677216,0.6253367145902844,0.5807014334677216,0.6253367145902844,0.5807014334677216,0.6253367145902844,0.5807014334677216
0.0,0.72,0.72,0.72,0.0,0.7,0.7,0.7,0.11982913118486842,0.24317995170900827,0.11982913118486842,0.24317995170900827,0.11982913118486842,0.24317995170900827,0.75913621743649,0.7875190469791501,0.75913621743649,0.7875190469791501,0.75913621743649,0.7875190469791501,0.75913621743649,0.7875190469791501,0.75913621743649,0.7875190469791501,0.75913621743649,0.7875190469791501,0.75913621743649,0.7875190469791501,0.75913621743649,0.7875190469791501,0.75913621743649,0.7875190469791501
0.0384615384615383,0.67,0.67,0.67,0.0,0.59,0.59,0.59,0.16885549063281954,0.26815786530585367,0.16885549063281954,0.26815786530585367,0.16885549063281954,0.26815786530585367,0.7228251925506147,0.7668873375073848,0.7228251925506147,0.7668873375073848,0.7228251925506147,0.7668873375073848,0.7228251925506147,0.7668873375073848,0.7228251925506147,0.7668873375073848,0.7228251925506147,0.7668873375073848,0.7228251925506147,0.7668873375073848,0.7228251925506147,0.7668873375073848,0.7228251925506147,0.7668873375073848
0.042027194066749,0.69,0.69,0.69,0.0,0.61,0.61,0.61,0.1897546288830805,0.2808478667799902,0.1897546288830805,0.2808478667799902,0.1897546288830805,0.2808478667799902,0.7455469990886859,0.8002834435863325,0.7455469990886859,0.8002834435863325,0.7455469990886859,0.8002834435863325,0.7455469990886859,0.8002834435863325,0.7455469990886859,0.8002834435863325,0.7455469990886859,0.8002834435863325,0.7455469990886859,0.8002834435863325,0.7455469990886859,0.8002834435863325,0.7455469990886859,0.8002834435863325
0.0264255910987483,0.58,0.58,0.58,0.0,0.63,0.63,0.63,0.18983848975706702,0.2323531091189107,0.18983848975706702,0.2323531091189107,0.18983848975706702,0.2323531091189107,0.7124930944646138,0.720291698042758,0.7124930944646138,0.720291698042758,0.7124930944646138,0.720291698042758,0.7124930944646138,0.720291698042758,0.7124930944646138,0.720291698042758,0.7124930944646138,0.720291698042758,0.7124930944646138,0.720291698042758,0.7124930944646138,0.720291698042758,0.7124930944646138,0.720291698042758
0.0,0.61,0.61,0.61,0.0,0.56,0.56,0.56,0.1182697814778509,0.19743642110506235,0.1182697814778509,0.19743642110506235,0.1182697814778509,0.19743642110506235,0.7559157796050574,0.7853959591761989,0.7559157796050574,0.7853959591761989,0.7559157796050574,0.7853959591761989,0.7559157796050574,0.7853959591761989,0.7559157796050574,0.7853959591761989,0.7559157796050574,0.7853959591761989,0.7559157796050574,0.7853959591761989,0.7559157796050574,0.7853959591761989,0.7559157796050574,0.7853959591761989
0.0,0.52,0.52,0.52,0.0,0.47,0.47,0.47,0.17186820142455678,0.22714927100338578,0.17186820142455678,0.22714927100338578,0.17186820142455678,0.22714927100338578,0.8310858581355017,0.7890235660223389,0.8310858581355017,0.7890235660223389,0.8310858581355017,0.7890235660223389,0.8310858581355017,0.7890235660223389,0.8310858581355017,0.7890235660223389,0.8310858581355017,0.7890235660223389,0.8310858581355017,0.7890235660223389,0.8310858581355017,0.7890235660223389,0.8310858581355017,0.7890235660223389
0.0,0.63,0.63,0.63,0.0,0.41,0.41,0.41,0.11858519504081597,0.18733675803322275,0.11858519504081597,0.18733675803322275,0.11858519504081597,0.18733675803322275,0.798448511437894,0.7377238690046402,0.798448511437894,0.7377238690046402,0.798448511437894,0.7377238690046402,0.798448511437894,0.7377238690046402,0.798448511437894,0.7377238690046402,0.798448511437894,0.7377238690046402,0.798448511437894,0.7377238690046402,0.798448511437894,0.7377238690046402,0.798448511437894,0.7377238690046402
0.0,0.64,0.64,0.64,0.0,0.46,0.46,0.46,0.09362779290605712,0.21474575207115884,0.09362779290605712,0.21474575207115884,0.09362779290605712,0.21474575207115884,0.7756974597223069,0.7869687581718338,0.7756974597223069,0.7869687581718338,0.7756974597223069,0.7869687581718338,0.7756974597223069,0.7869687581718338,0.7756974597223069,0.7869687581718338,0.7756974597223069,0.7869687581718338,0.7756974597223069,0.7869687581718338,0.7756974597223069,0.7869687581718338,0.7756974597223069,0.7869687581718338
0.0,0.65,0.65,0.65,0.0,0.59,0.59,0.59,0.07362360308126603,0.18716514962204095,0.07362360308126603,0.18716514962204095,0.07362360308126603,0.18716514962204095,0.7019803348081695,0.644096813318709,0.7019803348081695,0.644096813318709,0.7019803348081695,0.644096813318709,0.7019803348081695,0.644096813318709,0.7019803348081695,0.644096813318709,0.7019803348081695,0.644096813318709,0.7019803348081695,0.644096813318709,0.7019803348081695,0.644096813318709,0.7019803348081695,0.644096813318709
0.0,0.53,0.53,0.53,0.28,0.64,0.64,0.64,0.09838033352393775,0.19217621465461823,0.09838033352393775,0.19217621465461823,0.09838033352393775,0.19217621465461823,0.6453375427684236,0.5715302538802598,0.6453375427684236,0.5715302538802598,0.6453375427684236,0.5715302538802598,0.6453375427684236,0.5715302538802598,0.6453375427684236,0.5715302538802598,0.6453375427684236,0.5715302538802598,0.6453375427684236,0.5715302538802598,0.6453375427684236,0.5715302538802598,0.6453375427684236,0.5715302538802598
0.0,0.46,0.46,0.46,0.3572778827977316,0.66,0.66,0.66,0.09175030342980965,0.15816515184535127,0.09175030342980965,0.15816515184535127,0.09175030342980965,0.15816515184535127,0.628963735229473,0.5534220115356818,0.628963735229473,0.5534220115356818,0.628963735229473,0.5534220115356818,0.628963735229473,0.5534220115356818,0.628963735229473,0.5534220115356818,0.628963735229473,0.5534220115356818,0.628963735229473,0.5534220115356818,0.628963735229473,0.5534220115356818,0.628963735229473,0.5534220115356818
0.0,0.48,0.48,0.48,0.6902654867256637,0.86,0.86,0.86,0.08922944733896383,0.22477579297761482,0.08922944733896383,0.22477579297761482,0.08922944733896383,0.22477579297761482,0.7059417587483865,0.6560035123803589,0.7059417587483865,0.6560035123803589,0.7059417587483865,0.6560035123803589,0.7059417587483865,0.6560035123803589,0.7059417587483865,0.6560035123803589,0.7059417587483865,0.6560035123803589,0.7059417587483865,0.6560035123803589,0.7059417587483865,0.6560035123803589,0.7059417587483865,0.6560035123803589
0.0,0.52,0.52,0.52,0.8148148148148149,0.91,0.91,0.91,0.12878648822907676,0.21977525852606733,0.12878648822907676,0.21977525852606733,0.12878648822907676,0.21977525852606733,0.7505788979051382,0.6820302646128181,0.7505788979051382,0.6820302646128181,0.7505788979051382,0.6820302646128181,0.7505788979051382,0.6820302646128181,0.7505788979051382,0.6820302646128181,0.7505788979051382,0.6820302646128181,0.7505788979051382,0.6820302646128181,0.7505788979051382,0.6820302646128181,0.7505788979051382,0.6820302646128181
0.0,0.6,0.6,0.6,0.8031496062992126,0.92,0.92,0.92,0.14673488356935205,0.26914323278144514,0.14673488356935205,0.26914323278144514,0.14673488356935205,0.26914323278144514,0.7833631875409598,0.6904899201406005,0.7833631875409598,0.6904899201406005,0.7833631875409598,0.6904899201406005,0.7833631875409598,0.6904899201406005,0.7833631875409598,0.6904899201406005,0.7833631875409598,0.6904899201406005,0.7833631875409598,0.6904899201406005,0.7833631875409598,0.6904899201406005,0.7833631875409598,0.6904899201406005
0.0,0.53,0.53,0.53,0.9080882352941176,0.97,0.97,0.97,0.1260019327332453,0.25463946311825564,0.1260019327332453,0.25463946311825564,0.1260019327332453,0.25463946311825564,0.7960663392351893,0.7282729366026685,0.7960663392351893,0.7282729366026685,0.7960663392351893,0.7282729366026685,0.7960663392351893,0.7282729366026685,0.7960663392351893,0.7282729366026685,0.7960663392351893,0.7282729366026685,0.7960663392351893,0.7282729366026685,0.7960663392351893,0.7282729366026685,0.7960663392351893,0.7282729366026685
0.050632911392405,0.58,0.58,0.58,0.7319034852546917,0.92,0.92,0.92,0.21753282598063256,0.27026519627146794,0.21753282598063256,0.27026519627146794,0.21753282598063256,0.27026519627146794,0.7131340034649288,0.7275862974007496,0.7131340034649288,0.7275862974007496,0.7131340034649288,0.7275862974007496,0.7131340034649288,0.7275862974007496,0.7131340034649288,0.7275862974007496,0.7131340034649288,0.7275862974007496,0.7131340034649288,0.7275862974007496,0.7131340034649288,0.7275862974007496,0.7131340034649288,0.7275862974007496
0.04,0.52,0.52,0.52,0.0,0.78,0.78,0.78,0.2509108575469769,0.18713121683950953,0.2509108575469769,0.18713121683950953,0.2509108575469769,0.18713121683950953,0.7338931007483525,0.721771810008527,0.7338931007483525,0.721771810008527,0.7338931007483525,0.721771810008527,0.7338931007483525,0.721771810008527,0.7338931007483525,0.721771810008527,0.7338931007483525,0.721771810008527,0.7338931007483525,0.721771810008527,0.7338931007483525,0.721771810008527,0.7338931007483525,0.721771810008527
0.070069204152249,0.57,0.57,0.57,0.0,0.72,0.72,0.72,0.27611298313026694,0.23721376853647788,0.27611298313026694,0.23721376853647788,0.27611298313026694,0.23721376853647788,0.721905075479896,0.7270657547340645,0.721905075479896,0.7270657547340645,0.721905075479896,0.7270657547340645,0.721905075479896,0.7270657547340645,0.721905075479896,0.7270657547340645,0.721905075479896,0.7270657547340645,0.721905075479896,0.7270657547340645,0.721905075479896,0.7270657547340645,0.721905075479896,0.7270657547340645
0.1046831955922865,0.61,0.61,0.61,0.0384615384615383,0.67,0.67,0.67,0.24964210935197034,0.20689768394142302,0.24964210935197034,0.20689768394142302,0.24964210935197034,0.20689768394142302,0.6433195365959335,0.6167525109498487,0.6433195365959335,0.6167525109498487,0.6433195365959335,0.6167525109498487,0.6433195365959335,0.6167525109498487,0.6433195365959335,0.6167525109498487,0.6433195365959335,0.6167525109498487,0.6433195365959335,0.6167525109498487,0.6433195365959335,0.6167525109498487,0.6433195365959335,0.6167525109498487
0.1088180112570356,0.62,0.62,0.62,0.042027194066749,0.69,0.69,0.69,0.2776757574881561,0.21140210031611534,0.2776757574881561,0.21140210031611534,0.2776757574881561,0.21140210031611534,0.679014208592896,0.6722509275154858,0.679014208592896,0.6722509275154858,0.679014208592896,0.6722509275154858,0.679014208592896,0.6722509275154858,0.679014208592896,0.6722509275154858,0.679014208592896,0.6722509275154858,0.679014208592896,0.6722509275154858,0.679014208592896,0.6722509275154858,0.679014208592896,0.6722509275154858
0.1181657848324514,0.7,0.7,0.7,0.0264255910987483,0.58,0.58,0.58,0.2553245729301471,0.20416449594614922,0.2553245729301471,0.20416449594614922,0.2553245729301471,0.20416449594614922,0.6873088358203902,0.6921833471581748,0.6873088358203902,0.6921833471581748,0.6873088358203902,0.6921833471581748,0.6873088358203902,0.6921833471581748,0.6873088358203902,0.6921833471581748,0.6873088358203902,0.6921833471581748,0.6873088358203902,0.6921833471581748,0.6873088358203902,0.6921833471581748,0.6873088358203902,0.6921833471581748
0.0732159406858201,0.8,0.8,0.8,0.0,0.61,0.61,0.61,0.2494302341013763,0.1663805423850572,0.2494302341013763,0.1663805423850572,0.2494302341013763,0.1663805423850572,0.6694435754433888,0.6592641022529926,0.6694435754433888,0.6592641022529926,0.6694435754433888,0.6592641022529926,0.6694435754433888,0.6592641022529926,0.6694435754433888,0.6592641022529926,0.6694435754433888,0.6592641022529926,0.6694435754433888,0.6592641022529926,0.6694435754433888,0.6592641022529926,0.6694435754433888,0.6592641022529926
0.1935483870967741,0.76,0.76,0.76,0.0,0.52,0.52,0.52,0.4238226635528339,0.35806430827360564,0.4238226635528339,0.35806430827360564,0.4238226635528339,0.35806430827360564,0.7543171333336743,0.7146440495342805,0.7543171333336743,0.7146440495342805,0.7543171333336743,0.7146440495342805,0.7543171333336743,0.7146440495342805,0.7543171333336743,0.7146440495342805,0.7543171333336743,0.7146440495342805,0.7543171333336743,0.7146440495342805,0.7543171333336743,0.7146440495342805,0.7543171333336743,0.7146440495342805
0.4827586206896552,0.76,0.76,0.76,0.0,0.63,0.63,0.63,0.4952758010360138,0.5389223557817843,0.4952758010360138,0.5389223557817843,0.4952758010360138,0.5389223557817843,0.8380813317763891,0.8898839417739189,0.8380813317763891,0.8898839417739189,0.8380813317763891,0.8898839417739189,0.8380813317763891,0.8898839417739189,0.8380813317763891,0.8898839417739189,0.8380813317763891,0.8898839417739189,0.8380813317763891,0.8898839417739189,0.8380813317763891,0.8898839417739189,0.8380813317763891,0.8898839417739189
0.4904458598726113,0.76,0.76,0.76,0.0,0.64,0.64,0.64,0.5896457258587153,0.6320778366544032,0.5896457258587153,0.6320778366544032,0.5896457258587153,0.6320778366544032,0.8683171475201716,0.9200715273014625,0.8683171475201716,0.9200715273014625,0.8683171475201716,0.9200715273014625,0.8683171475201716,0.9200715273014625,0.8683171475201716,0.9200715273014625,0.8683171475201716,0.9200715273014625,0.8683171475201716,0.9200715273014625,0.8683171475201716,0.9200715273014625,0.8683171475201716,0.9200715273014625
0.6853932584269663,0.86,0.86,0.86,0.0,0.65,0.65,0.65,0.6113886872871652,0.49945298497928386,0.6113886872871652,0.49945298497928386,0.6113886872871652,0.49945298497928386,0.8746200848916323,0.8757005080921433,0.8746200848916323,0.8757005080921433,0.8746200848916323,0.8757005080921433,0.8746200848916323,0.8757005080921433,0.8746200848916323,0.8757005080921433,0.8746200848916323,0.8757005080921433,0.8746200848916323,0.8757005080921433,0.8746200848916323,0.8757005080921433,0.8746200848916323,0.8757005080921433
0.2360379346680715,0.71,0.71,0.71,0.0,0.53,0.53,0.53,0.3383523872071184,0.45156208038898965,0.3383523872071184,0.45156208038898965,0.3383523872071184,0.45156208038898965,0.739559239248426,0.7694051254629136,0.739559239248426,0.7694051254629136,0.739559239248426,0.7694051254629136,0.739559239248426,0.7694051254629136,0.739559239248426,0.7694051254629136,0.739559239248426,0.7694051254629136,0.739559239248426,0.7694051254629136,0.739559239248426,0.7694051254629136,0.739559239248426,0.7694051254629136
0.2081447963800906,0.58,0.58,0.58,0.0,0.46,0.46,0.46,0.4132460593373276,0.536813080037078,0.4132460593373276,0.536813080037078,0.4132460593373276,0.536813080037078,0.6757146632101739,0.7953825605895469,0.6757146632101739,0.7953825605895469,0.6757146632101739,0.7953825605895469,0.6757146632101739,0.7953825605895469,0.6757146632101739,0.7953825605895469,0.6757146632101739,0.7953825605895469,0.6757146632101739,0.7953825605895469,0.6757146632101739,0.7953825605895469,0.6757146632101739,0.7953825605895469
0.2032577903682719,0.55,0.55,0.55,0.0,0.48,0.48,0.48,0.3433930382235608,0.5232398610955195,0.3433930382235608,0.5232398610955195,0.3433930382235608,0.5232398610955195,0.6433998206793704,0.786298006064228,0.6433998206793704,0.786298006064228,0.6433998206793704,0.786298006064228,0.6433998206793704,0.786298006064228,0.6433998206793704,0.786298006064228,0.6433998206793704,0.786298006064228,0.6433998206793704,0.786298006064228,0.6433998206793704,0.786298006064228,0.6433998206793704,0.786298006064228
0.3815229996134518,0.68,0.68,0.68,0.0,0.52,0.52,0.52,0.3883925666233773,0.6517200579855701,0.3883925666233773,0.6517200579855701,0.3883925666233773,0.6517200579855701,0.7057020788640351,0.8069212336957614,0.7057020788640351,0.8069212336957614,0.7057020788640351,0.8069212336957614,0.7057020788640351,0.8069212336957614,0.7057020788640351,0.8069212336957614,0.7057020788640351,0.8069212336957614,0.7057020788640351,0.8069212336957614,0.7057020788640351,0.8069212336957614,0.7057020788640351,0.8069212336957614
0.625748502994012,0.85,0.85,0.85,0.0,0.6,0.6,0.6,0.44503640459870974,0.721553563963931,0.44503640459870974,0.721553563963931,0.44503640459870974,0.721553563963931,0.7300246074909392,0.8710298658406896,0.7300246074909392,0.8710298658406896,0.7300246074909392,0.8710298658406896,0.7300246074909392,0.8710298658406896,0.7300246074909392,0.8710298658406896,0.7300246074909392,0.8710298658406896,0.7300246074909392,0.8710298658406896,0.7300246074909392,0.8710298658406896,0.7300246074909392,0.8710298658406896
0.3528610354223432,0.81,0.81,0.81,0.0,0.53,0.53,0.53,0.39236972452843266,0.35591276162922153,0.39236972452843266,0.35591276162922153,0.39236972452843266,0.35591276162922153,0.7899404334386488,0.8080765567337328,0.7899404334386488,0.8080765567337328,0.7899404334386488,0.8080765567337328,0.7899404334386488,0.8080765567337328,0.7899404334386488,0.8080765567337328,0.7899404334386488,0.8080765567337328,0.7899404334386488,0.8080765567337328,0.7899404334386488,0.8080765567337328,0.7899404334386488,0.8080765567337328
0.0909090909090908,0.72,0.72,0.72,0.050632911392405,0.58,0.58,0.58,0.3193822864802076,0.25473315573044264,0.3193822864802076,0.25473315573044264,0.3193822864802076,0.25473315573044264,0.7037293264930853,0.7367462099820167,0.7037293264930853,0.7367462099820167,0.7037293264930853,0.7367462099820167,0.7037293264930853,0.7367462099820167,0.7037293264930853,0.7367462099820167,0.7037293264930853,0.7367462099820167,0.7037293264930853,0.7367462099820167,0.7037293264930853,0.7367462099820167,0.7037293264930853,0.7367462099820167
0.0,0.54,0.54,0.54,0.04,0.52,0.52,0.52,0.12435260792526334,0.2472179764194863,0.12435260792526334,0.2472179764194863,0.12435260792526334,0.2472179764194863,0.7895099710958235,0.768941938148163,0.7895099710958235,0.768941938148163,0.7895099710958235,0.768941938148163,0.7895099710958235,0.768941938148163,0.7895099710958235,0.768941938148163,0.7895099710958235,0.768941938148163,0.7895099710958235,0.768941938148163,0.7895099710958235,0.768941938148163,0.7895099710958235,0.768941938148163
0.2984917572781479,0.6,0.6,0.6,0.070069204152249,0.57,0.57,0.57,0.5767387795818539,0.5052075044416067,0.5767387795818539,0.5052075044416067,0.5767387795818539,0.5052075044416067,0.8791871539788877,0.8958957521105039,0.8791871539788877,0.8958957521105039,0.8791871539788877,0.8958957521105039,0.8791871539788877,0.8958957521105039,0.8791871539788877,0.8958957521105039,0.8791871539788877,0.8958957521105039,0.8791871539788877,0.8958957521105039,0.8791871539788877,0.8958957521105039,0.8791871539788877,0.8958957521105039
0.4239631336405529,0.7,0.7,0.7,0.1046831955922865,0.61,0.61,0.61,0.576809950562152,0.5128345990043243,0.576809950562152,0.5128345990043243,0.576809950562152,0.5128345990043243,0.9040823276120613,0.8732716137656594,0.9040823276120613,0.8732716137656594,0.9040823276120613,0.8732716137656594,0.9040823276120613,0.8732716137656594,0.9040823276120613,0.8732716137656594,0.9040823276120613,0.8732716137656594,0.9040823276120613,0.8732716137656594,0.9040823276120613,0.8732716137656594,0.9040823276120613,0.8732716137656594
0.6902654867256637,0.86,0.86,0.86,0.1088180112570356,0.62,0.62,0.62,0.7211814187162114,0.4973656670356486,0.7211814187162114,0.4973656670356486,0.7211814187162114,0.4973656670356486,0.865225434993211,0.836228300893497,0.865225434993211,0.836228300893497,0.865225434993211,0.836228300893497,0.865225434993211,0.836228300893497,0.865225434993211,0.836228300893497,0.865225434993211,0.836228300893497,0.865225434993211,0.836228300893497,0.865225434993211,0.836228300893497,0.865225434993211,0.836228300893497
0.3548387096774194,0.76,0.76,0.76,0.1181657848324514,0.7,0.7,0.7,0.6003786792176238,0.5495223517121194,0.6003786792176238,0.5495223517121194,0.6003786792176238,0.5495223517121194,0.8756267750914708,0.9118400310358067,0.8756267750914708,0.9118400310358067,0.8756267750914708,0.9118400310358067,0.8756267750914708,0.9118400310358067,0.8756267750914708,0.9118400310358067,0.8756267750914708,0.9118400310358067,0.8756267750914708,0.9118400310358067,0.8756267750914708,0.9118400310358067,0.8756267750914708,0.9118400310358067
0.1853932584269662,0.71,0.71,0.71,0.0732159406858201,0.8,0.8,0.8,0.4630142811169222,0.35008955960331045,0.4630142811169222,0.35008955960331045,0.4630142811169222,0.35008955960331045,0.8767896774507903,0.8233563736759278,0.8767896774507903,0.8233563736759278,0.8767896774507903,0.8233563736759278,0.8767896774507903,0.8233563736759278,0.8767896774507903,0.8233563736759278,0.8767896774507903,0.8233563736759278,0.8767896774507903,0.8233563736759278,0.8767896774507903,0.8233563736759278,0.8767896774507903,0.8233563736759278
0.0831295843520781,0.55,0.55,0.55,0.1935483870967741,0.76,0.76,0.76,0.2641378191718933,0.21211642561408253,0.2641378191718933,0.21211642561408253,0.2641378191718933,0.21211642561408253,0.793350170782824,0.7488185933631026,0.793350170782824,0.7488185933631026,0.793350170782824,0.7488185933631026,0.793350170782824,0.7488185933631026,0.793350170782824,0.7488185933631026,0.793350170782824,0.7488185933631026,0.793350170782824,0.7488185933631026,0.793350170782824,0.7488185933631026,0.793350170782824,0.7488185933631026
0.1581632653061224,0.67,0.67,0.67,0.4827586206896552,0.76,0.76,0.76,0.42648929202897906,0.22037871536089437,0.42648929202897906,0.22037871536089437,0.42648929202897906,0.22037871536089437,0.7989300075645179,0.7396489327743285,0.7989300075645179,0.7396489327743285,0.7989300075645179,0.7396489327743285,0.7989300075645179,0.7396489327743285,0.7989300075645179,0.7396489327743285,0.7989300075645179,0.7396489327743285,0.7989300075645179,0.7396489327743285,0.7989300075645179,0.7396489327743285,0.7989300075645179,0.7396489327743285
0.2282958199356913,0.76,0.76,0.76,0.4904458598726113,0.76,0.76,0.76,0.171113435685666,0.20941764600317458,0.171113435685666,0.20941764600317458,0.171113435685666,0.20941764600317458,0.7433560848038567,0.6826162183400682,0.7433560848038567,0.6826162183400682,0.7433560848038567,0.6826162183400682,0.7433560848038567,0.6826162183400682,0.7433560848038567,0.6826162183400682,0.7433560848038567,0.6826162183400682,0.7433560848038567,0.6826162183400682,0.7433560848038567,0.6826162183400682,0.7433560848038567,0.6826162183400682
0.342969776609724,0.9,0.9,0.9,0.6853932584269663,0.86,0.86,0.86,0.16036169781283413,0.1990430186841978,0.16036169781283413,0.1990430186841978,0.16036169781283413,0.1990430186841978,0.7211126134745088,0.6595563931190923,0.7211126134745088,0.6595563931190923,0.7211126134745088,0.6595563931190923,0.7211126134745088,0.6595563931190923,0.7211126134745088,0.6595563931190923,0.7211126134745088,0.6595563931190923,0.7211126134745088,0.6595563931190923,0.7211126134745088,0.6595563931190923,0.7211126134745088,0.6595563931190923
0.2603550295857988,0.9,0.9,0.9,0.2360379346680715,0.71,0.71,0.71,0.1708439671084325,0.1928744769082143,0.1708439671084325,0.1928744769082143,0.1708439671084325,0.1928744769082143,0.7558707628922678,0.6770398600057348,0.7558707628922678,0.6770398600057348,0.7558707628922678,0.6770398600057348,0.7558707628922678,0.6770398600057348,0.7558707628922678,0.6770398600057348,0.7558707628922678,0.6770398600057348,0.7558707628922678,0.6770398600057348,0.7558707628922678,0.6770398600057348,0.7558707628922678,0.6770398600057348
0.0,0.82,0.82,0.82,0.2081447963800906,0.58,0.58,0.58,0.008300417417684964,-0.02098701596202966,0.008300417417684964,-0.02098701596202966,0.008300417417684964,-0.02098701596202966,0.5580976828538295,0.4693312713501317,0.5580976828538295,0.4693312713501317,0.5580976828538295,0.4693312713501317,0.5580976828538295,0.4693312713501317,0.5580976828538295,0.4693312713501317,0.5580976828538295,0.4693312713501317,0.5580976828538295,0.4693312713501317,0.5580976828538295,0.4693312713501317,0.5580976828538295,0.4693312713501317
0.1747572815533981,0.66,0.66,0.66,0.2032577903682719,0.55,0.55,0.55,0.16671457371674814,0.25602034682176866,0.16671457371674814,0.25602034682176866,0.16671457371674814,0.25602034682176866,0.6598121512208619,0.6935013092160391,0.6598121512208619,0.6935013092160391,0.6598121512208619,0.6935013092160391,0.6598121512208619,0.6935013092160391,0.6598121512208619,0.6935013092160391,0.6598121512208619,0.6935013092160391,0.6598121512208619,0.6935013092160391,0.6598121512208619,0.6935013092160391,0.6598121512208619,0.6935013092160391
0.1954566966398486,0.66,0.66,0.66,0.3815229996134518,0.68,0.68,0.68,0.2354171612899436,0.25862017275295307,0.2354171612899436,0.25862017275295307,0.2354171612899436,0.25862017275295307,0.6582533258333865,0.6877906625123359,0.6582533258333865,0.6877906625123359,0.6582533258333865,0.6877906625123359,0.6582533258333865,0.6877906625123359,0.6582533258333865,0.6877906625123359,0.6582533258333865,0.6877906625123359,0.6582533258333865,0.6877906625123359,0.6582533258333865,0.6877906625123359,0.6582533258333865,0.6877906625123359
0.3421052631578947,0.75,0.75,0.75,0.625748502994012,0.85,0.85,0.85,0.41567324099287684,0.31049615638624384,0.41567324099287684,0.31049615638624384,0.41567324099287684,0.31049615638624384,0.7406392561493997,0.6959705330800784,0.7406392561493997,0.6959705330800784,0.7406392561493997,0.6959705330800784,0.7406392561493997,0.6959705330800784,0.7406392561493997,0.6959705330800784,0.7406392561493997,0.6959705330800784,0.7406392561493997,0.6959705330800784,0.7406392561493997,0.6959705330800784,0.7406392561493997,0.6959705330800784
0.2651215375918598,0.74,0.74,0.74,0.3528610354223432,0.81,0.81,0.81,0.26987879526661784,0.3111256146227225,0.26987879526661784,0.3111256146227225,0.26987879526661784,0.3111256146227225,0.7553000000042852,0.7405362501427423,0.7553000000042852,0.7405362501427423,0.7553000000042852,0.7405362501427423,0.7553000000042852,0.7405362501427423,0.7553000000042852,0.7405362501427423,0.7553000000042852,0.7405362501427423,0.7553000000042852,0.7405362501427423,0.7553000000042852,0.7405362501427423,0.7553000000042852,0.7405362501427423
0.2011834319526626,0.73,0.73,0.73,0.0909090909090908,0.72,0.72,0.72,0.16132516087350107,0.22314750748159967,0.16132516087350107,0.22314750748159967,0.16132516087350107,0.22314750748159967,0.6705484011691425,0.6438228540125882,0.6705484011691425,0.6438228540125882,0.6705484011691425,0.6438228540125882,0.6705484011691425,0.6438228540125882,0.6705484011691425,0.6438228540125882,0.6705484011691425,0.6438228540125882,0.6705484011691425,0.6438228540125882,0.6705484011691425,0.6438228540125882,0.6705484011691425,0.6438228540125882
0.0922844175491678,0.64,0.64,0.64,0.0,0.54,0.54,0.54,0.13645448356506204,0.1779217721733762,0.13645448356506204,0.1779217721733762,0.13645448356506204,0.1779217721733762,0.5954197193126209,0.6223553098760274,0.5954197193126209,0.6223553098760274,0.5954197193126209,0.6223553098760274,0.5954197193126209,0.6223553098760274,0.5954197193126209,0.6223553098760274,0.5954197193126209,0.6223553098760274,0.5954197193126209,0.6223553098760274,0.5954197193126209,0.6223553098760274,0.5954197193126209,0.6223553098760274
0.0922844175491678,0.64,0.64,0.64,0.2984917572781479,0.6,0.6,0.6,0.18222146881297985,0.19679809154282296,0.18222146881297985,0.19679809154282296,0.18222146881297985,0.19679809154282296,0.6629930694845786,0.6677346518682008,0.6629930694845786,0.6677346518682008,0.6629930694845786,0.6677346518682008,0.6629930694845786,0.6677346518682008,0.6629930694845786,0.6677346518682008,0.6629930694845786,0.6677346518682008,0.6629930694845786,0.6677346518682008,0.6629930694845786,0.6677346518682008,0.6629930694845786,0.6677346518682008
0.0619902120717782,0.77,0.77,0.77,0.4239631336405529,0.7,0.7,0.7,0.07537497541609452,0.1445803412024951,0.07537497541609452,0.1445803412024951,0.07537497541609452,0.1445803412024951,0.6114507455014251,0.6632072219997459,0.6114507455014251,0.6632072219997459,0.6114507455014251,0.6632072219997459,0.6114507455014251,0.6632072219997459,0.6114507455014251,0.6632072219997459,0.6114507455014251,0.6632072219997459,0.6114507455014251,0.6632072219997459,0.6114507455014251,0.6632072219997459,0.6114507455014251,0.6632072219997459
0.0732159406858201,0.8,0.8,0.8,0.6902654867256637,0.86,0.86,0.86,0.10300753888217172,0.11888310136139049,0.10300753888217172,0.11888310136139049,0.10300753888217172,0.11888310136139049,0.6834457291484866,0.7025075642930011,0.6834457291484866,0.7025075642930011,0.6834457291484866,0.7025075642930011,0.6834457291484866,0.7025075642930011,0.6834457291484866,0.7025075642930011,0.6834457291484866,0.7025075642930011,0.6834457291484866,0.7025075642930011,0.6834457291484866,0.7025075642930011,0.6834457291484866,0.7025075642930011
0.0,0.83,0.83,0.83,0.3548387096774194,0.76,0.76,0.76,-0.0006918144008466027,0.04181728318285493,-0.0006918144008466027,0.04181728318285493,-0.0006918144008466027,0.04181728318285493,0.637201036112698,0.634952453861807,0.637201036112698,0.634952453861807,0.637201036112698,0.634952453861807,0.637201036112698,0.634952453861807,0.637201036112698,0.634952453861807,0.637201036112698,0.634952453861807,0.637201036112698,0.634952453861807,0.637201036112698,0.634952453861807,0.637201036112698,0.634952453861807
0.0,0.75,0.75,0.75,0.1853932584269662,0.71,0.71,0.71,-0.016674467449777346,-0.004612857944336741,-0.016674467449777346,-0.004612857944336741,-0.016674467449777346,-0.004612857944336741,0.5997405543681606,0.5784367892362821,0.5997405543681606,0.5784367892362821,0.5997405543681606,0.5784367892362821,0.5997405543681606,0.5784367892362821,0.5997405543681606,0.5784367892362821,0.5997405543681606,0.5784367892362821,0.5997405543681606,0.5784367892362821,0.5997405543681606,0.5784367892362821,0.5997405543681606,0.5784367892362821
0.0,0.57,0.57,0.57,0.0831295843520781,0.55,0.55,0.55,0.0009036186718821848,0.02418364782857248,0.0009036186718821848,0.02418364782857248,0.0009036186718821848,0.02418364782857248,0.5766438391073521,0.6499014197252393,0.5766438391073521,0.6499014197252393,0.5766438391073521,0.6499014197252393,0.5766438391073521,0.6499014197252393,0.5766438391073521,0.6499014197252393,0.5766438391073521,0.6499014197252393,0.5766438391073521,0.6499014197252393,0.5766438391073521,0.6499014197252393,0.5766438391073521,0.6499014197252393
0.0548204158790168,0.6,0.6,0.6,0.1581632653061224,0.67,0.67,0.67,0.0046122279782086755,0.06549925610887117,0.0046122279782086755,0.06549925610887117,0.0046122279782086755,0.06549925610887117,0.5451177317071147,0.6546238840001486,0.5451177317071147,0.6546238840001486,0.5451177317071147,0.6546238840001486,0.5451177317071147,0.6546238840001486,0.5451177317071147,0.6546238840001486,0.5451177317071147,0.6546238840001486,0.5451177317071147,0.6546238840001486,0.5451177317071147,0.6546238840001486,0.5451177317071147,0.6546238840001486
0.1304347826086956,0.62,0.62,0.62,0.2282958199356913,0.76,0.76,0.76,0.09872858561449305,0.18397167687522098,0.09872858561449305,0.18397167687522098,0.09872858561449305,0.18397167687522098,0.5925105863784494,0.6347145496490167,0.5925105863784494,0.6347145496490167,0.5925105863784494,0.6347145496490167,0.5925105863784494,0.6347145496490167,0.5925105863784494,0.6347145496490167,0.5925105863784494,0.6347145496490167,0.5925105863784494,0.6347145496490167,0.5925105863784494,0.6347145496490167,0.5925105863784494,0.6347145496490167
0.21875,0.75,0.75,0.75,0.342969776609724,0.9,0.9,0.9,0.18794330528036876,0.198388781590718,0.18794330528036876,0.198388781590718,0.18794330528036876,0.198388781590718,0.6658433285096957,0.6490200712012016,0.6658433285096957,0.6490200712012016,0.6658433285096957,0.6490200712012016,0.6658433285096957,0.6490200712012016,0.6658433285096957,0.6490200712012016,0.6658433285096957,0.6490200712012016,0.6658433285096957,0.6490200712012016,0.6658433285096957,0.6490200712012016,0.6658433285096957,0.6490200712012016
0.4886363636363636,0.91,0.91,0.91,0.2603550295857988,0.9,0.9,0.9,0.18591702972276872,0.2490065557685078,0.18591702972276872,0.2490065557685078,0.18591702972276872,0.2490065557685078,0.6570624277736715,0.7024950630794871,0.6570624277736715,0.7024950630794871,0.6570624277736715,0.7024950630794871,0.6570624277736715,0.7024950630794871,0.6570624277736715,0.7024950630794871,0.6570624277736715,0.7024950630794871,0.6570624277736715,0.7024950630794871,0.6570624277736715,0.7024950630794871,0.6570624277736715,0.7024950630794871
0.8072289156626506,0.92,0.92,0.92,0.0,0.82,0.82,0.82,0.661385866478778,0.6661072391645226,0.661385866478778,0.6661072391645226,0.661385866478778,0.6661072391645226,0.7204901406471877,0.7942840596259567,0.7204901406471877,0.7942840596259567,0.7204901406471877,0.7942840596259567,0.7204901406471877,0.7942840596259567,0.7204901406471877,0.7942840596259567,0.7204901406471877,0.7942840596259567,0.7204901406471877,0.7942840596259567,0.7204901406471877,0.7942840596259567,0.7204901406471877,0.7942840596259567
0.7926267281105991,0.91,0.91,0.91,0.1747572815533981,0.66,0.66,0.66,0.6883526322929212,0.7293593476408367,0.6883526322929212,0.7293593476408367,0.6883526322929212,0.7293593476408367,0.7610720837851511,0.8569997920657765,0.7610720837851511,0.8569997920657765,0.7610720837851511,0.8569997920657765,0.7610720837851511,0.8569997920657765,0.7610720837851511,0.8569997920657765,0.7610720837851511,0.8569997920657765,0.7610720837851511,0.8569997920657765,0.7610720837851511,0.8569997920657765,0.7610720837851511,0.8569997920657765
0.8842592592592593,0.95,0.95,0.95,0.1954566966398486,0.66,0.66,0.66,0.6768325897361428,0.7364147576625999,0.6768325897361428,0.7364147576625999,0.6768325897361428,0.7364147576625999,0.8393478811439979,0.8808925356556229,0.8393478811439979,0.8808925356556229,0.8393478811439979,0.8808925356556229,0.8393478811439979,0.8808925356556229,0.8393478811439979,0.8808925356556229,0.8393478811439979,0.8808925356556229,0.8393478811439979,0.8808925356556229,0.8393478811439979,0.8808925356556229,0.8393478811439979,0.8808925356556229
0.8520710059171598,0.95,0.95,0.95,0.3421052631578947,0.75,0.75,0.75,0.7126768528259273,0.7042327268683019,0.7126768528259273,0.7042327268683019,0.7126768528259273,0.7042327268683019,0.8845420510506822,0.87456927435338,0.8845420510506822,0.87456927435338,0.8845420510506822,0.87456927435338,0.8845420510506822,0.87456927435338,0.8845420510506822,0.87456927435338,0.8845420510506822,0.87456927435338,0.8845420510506822,0.87456927435338,0.8845420510506822,0.87456927435338,0.8845420510506822,0.87456927435338
0.358974358974359,0.86,0.86,0.86,0.2651215375918598,0.74,0.74,0.74,0.2880258100462421,0.45052571631438404,0.2880258100462421,0.45052571631438404,0.2880258100462421,0.45052571631438404,0.8222427661874249,0.8213504059030506,0.8222427661874249,0.8213504059030506,0.8222427661874249,0.8213504059030506,0.8222427661874249,0.8213504059030506,0.8222427661874249,0.8213504059030506,0.8222427661874249,0.8213504059030506,0.8222427661874249,0.8213504059030506,0.8222427661874249,0.8213504059030506,0.8222427661874249,0.8213504059030506
0.0700218818380744,0.66,0.66,0.66,0.2011834319526626,0.73,0.73,0.73,0.10405208053127574,0.15696709236198136,0.10405208053127574,0.15696709236198136,0.10405208053127574,0.15696709236198136,0.6246408315996821,0.6740433536607412,0.6246408315996821,0.6740433536607412,0.6246408315996821,0.6740433536607412,0.6246408315996821,0.6740433536607412,0.6246408315996821,0.6740433536607412,0.6246408315996821,0.6740433536607412,0.6246408315996821,0.6740433536607412,0.6246408315996821,0.6740433536607412,0.6246408315996821,0.6740433536607412
0.04,0.52,0.52,0.52,0.0922844175491678,0.64,0.64,0.64,0.12892886613853644,0.18961668642740098,0.12892886613853644,0.18961668642740098,0.12892886613853644,0.18961668642740098,0.5996719708110285,0.6459357975378074,0.5996719708110285,0.6459357975378074,0.5996719708110285,0.6459357975378074,0.5996719708110285,0.6459357975378074,0.5996719708110285,0.6459357975378074,0.5996719708110285,0.6459357975378074,0.5996719708110285,0.6459357975378074,0.5996719708110285,0.6459357975378074,0.5996719708110285,0.6459357975378074
0.0609496810772501,0.47,0.47,0.47,0.0922844175491678,0.64,0.64,0.64,0.14498620598957077,0.21675743335708203,0.14498620598957077,0.21675743335708203,0.14498620598957077,0.21675743335708203,0.6354037305947356,0.6731850524908082,0.6354037305947356,0.6731850524908082,0.6354037305947356,0.6731850524908082,0.6354037305947356,0.6731850524908082,0.6354037305947356,0.6731850524908082,0.6354037305947356,0.6731850524908082,0.6354037305947356,0.6731850524908082,0.6354037305947356,0.6731850524908082,0.6354037305947356,0.6731850524908082
0.1326530612244897,0.49,0.49,0.49,0.0619902120717782,0.77,0.77,0.77,0.5060512040235022,0.6293491719537925,0.5060512040235022,0.6293491719537925,0.5060512040235022,0.6293491719537925,0.7295155832760977,0.7866411614274758,0.7295155832760977,0.7866411614274758,0.7295155832760977,0.7866411614274758,0.7295155832760977,0.7866411614274758,0.7295155832760977,0.7866411614274758,0.7295155832760977,0.7866411614274758,0.7295155832760977,0.7866411614274758,0.7295155832760977,0.7866411614274758,0.7295155832760977,0.7866411614274758
0.1814461118690313,0.52,0.52,0.52,0.0732159406858201,0.8,0.8,0.8,0.5928533062550094,0.5900217123234404,0.5928533062550094,0.5900217123234404,0.5928533062550094,0.5900217123234404,0.7113213517072531,0.793847567828495,0.7113213517072531,0.793847567828495,0.7113213517072531,0.793847567828495,0.7113213517072531,0.793847567828495,0.7113213517072531,0.793847567828495,0.7113213517072531,0.793847567828495,0.7113213517072531,0.793847567828495,0.7113213517072531,0.793847567828495,0.7113213517072531,0.793847567828495
0.3437841779074007,0.64,0.64,0.64,0.0,0.83,0.83,0.83,0.6460275769116692,0.7360343077687752,0.6460275769116692,0.7360343077687752,0.6460275769116692,0.7360343077687752,0.8149129076012694,0.8138113153118754,0.8149129076012694,0.8138113153118754,0.8149129076012694,0.8138113153118754,0.8149129076012694,0.8138113153118754,0.8149129076012694,0.8138113153118754,0.8149129076012694,0.8138113153118754,0.8149129076012694,0.8138113153118754,0.8149129076012694,0.8138113153118754,0.8149129076012694,0.8138113153118754
0.4538834951456311,0.73,0.73,0.73,0.0,0.75,0.75,0.75,0.7232856525459929,0.7570090580412215,0.7232856525459929,0.7570090580412215,0.7232856525459929,0.7570090580412215,0.8661502125384365,0.8374281178159904,0.8661502125384365,0.8374281178159904,0.8661502125384365,0.8374281178159904,0.8661502125384365,0.8374281178159904,0.8661502125384365,0.8374281178159904,0.8661502125384365,0.8374281178159904,0.8661502125384365,0.8374281178159904,0.8661502125384365,0.8374281178159904,0.8661502125384365,0.8374281178159904
0.4893428063943162,0.77,0.77,0.77,0.0,0.57,0.57,0.57,0.6989527746265373,0.7019283567972279,0.6989527746265373,0.7019283567972279,0.6989527746265373,0.7019283567972279,0.8417957789029081,0.8703690433873978,0.8417957789029081,0.8703690433873978,0.8417957789029081,0.8703690433873978,0.8417957789029081,0.8703690433873978,0.8417957789029081,0.8703690433873978,0.8417957789029081,0.8703690433873978,0.8417957789029081,0.8703690433873978,0.8417957789029081,0.8703690433873978,0.8417957789029081,0.8703690433873978
0.3536280233527938,0.69,0.69,0.69,0.0548204158790168,0.6,0.6,0.6,0.6427513607565587,0.6873609483437456,0.6427513607565587,0.6873609483437456,0.6427513607565587,0.6873609483437456,0.7392443301064461,0.8107826065200779,0.7392443301064461,0.8107826065200779,0.7392443301064461,0.8107826065200779,0.7392443301064461,0.8107826065200779,0.7392443301064461,0.8107826065200779,0.7392443301064461,0.8107826065200779,0.7392443301064461,0.8107826065200779,0.7392443301064461,0.8107826065200779,0.7392443301064461,0.8107826065200779
0.3874425727411944,0.68,0.68,0.68,0.1304347826086956,0.62,0.62,0.62,0.6928245459393905,0.7389179843861545,0.6928245459393905,0.7389179843861545,0.6928245459393905,0.7389179843861545,0.8291648030976381,0.8298467432652353,0.8291648030976381,0.8298467432652353,0.8291648030976381,0.8298467432652353,0.8291648030976381,0.8298467432652353,0.8291648030976381,0.8298467432652353,0.8291648030976381,0.8298467432652353,0.8291648030976381,0.8298467432652353,0.8291648030976381,0.8298467432652353,0.8291648030976381,0.8298467432652353
0.5283018867924527,0.76,0.76,0.76,0.21875,0.75,0.75,0.75,0.7210126014334097,0.7004075927097074,0.7210126014334097,0.7004075927097074,0.7210126014334097,0.7004075927097074,0.8362167649043818,0.7963095466852159,0.8362167649043818,0.7963095466852159,0.8362167649043818,0.7963095466852159,0.8362167649043818,0.7963095466852159,0.8362167649043818,0.7963095466852159,0.8362167649043818,0.7963095466852159,0.8362167649043818,0.7963095466852159,0.8362167649043818,0.7963095466852159,0.8362167649043818,0.7963095466852159
0.7236478484011054,0.86,0.86,0.86,0.4886363636363636,0.91,0.91,0.91,0.7194122731511895,0.6942224804321923,0.7194122731511895,0.6942224804321923,0.7194122731511895,0.6942224804321923,0.828461740030969,0.7939290685214491,0.828461740030969,0.7939290685214491,0.828461740030969,0.7939290685214491,0.828461740030969,0.7939290685214491,0.828461740030969,0.7939290685214491,0.828461740030969,0.7939290685214491,0.828461740030969,0.7939290685214491,0.828461740030969,0.7939290685214491,0.828461740030969,0.7939290685214491
0.7422680412371134,0.87,0.87,0.87,0.8072289156626506,0.92,0.92,0.92,0.7694246457857119,0.7427774732328285,0.7694246457857119,0.7427774732328285,0.7694246457857119,0.7427774732328285,0.8583913516320716,0.7869049586047043,0.8583913516320716,0.7869049586047043,0.8583913516320716,0.7869049586047043,0.8583913516320716,0.7869049586047043,0.8583913516320716,0.7869049586047043,0.8583913516320716,0.7869049586047043,0.8583913516320716,0.7869049586047043,0.8583913516320716,0.7869049586047043,0.8583913516320716,0.7869049586047043
0.8148148148148149,0.91,0.91,0.91,0.7926267281105991,0.91,0.91,0.91,0.7420320000240884,0.7427774732328285,0.7420320000240884,0.7427774732328285,0.7420320000240884,0.7427774732328285,0.8628172190805061,0.793784884963717,0.8628172190805061,0.793784884963717,0.8628172190805061,0.793784884963717,0.8628172190805061,0.793784884963717,0.8628172190805061,0.793784884963717,0.8628172190805061,0.793784884963717,0.8628172190805061,0.793784884963717,0.8628172190805061,0.793784884963717,0.8628172190805061,0.793784884963717
0.6268656716417911,0.82,0.82,0.82,0.8842592592592593,0.95,0.95,0.95,0.7463636163338315,0.6699791730625999,0.7463636163338315,0.6699791730625999,0.7463636163338315,0.6699791730625999,0.864235007972017,0.7670257692758954,0.864235007972017,0.7670257692758954,0.864235007972017,0.7670257692758954,0.864235007972017,0.7670257692758954,0.864235007972017,0.7670257692758954,0.864235007972017,0.7670257692758954,0.864235007972017,0.7670257692758954,0.864235007972017,0.7670257692758954,0.864235007972017,0.7670257692758954
0.6803069053708439,0.85,0.85,0.85,0.8520710059171598,0.95,0.95,0.95,0.7214159958664204,0.7356024418076976,0.7214159958664204,0.7356024418076976,0.7214159958664204,0.7356024418076976,0.8216461611359053,0.8250314387924375,0.8216461611359053,0.8250314387924375,0.8216461611359053,0.8250314387924375,0.8216461611359053,0.8250314387924375,0.8216461611359053,0.8250314387924375,0.8216461611359053,0.8250314387924375,0.8216461611359053,0.8250314387924375,0.8216461611359053,0.8250314387924375,0.8216461611359053,0.8250314387924375
0.6659707724425887,0.84,0.84,0.84,0.358974358974359,0.86,0.86,0.86,0.727441070800135,0.7509764077136344,0.727441070800135,0.7509764077136344,0.727441070800135,0.7509764077136344,0.8180895090121038,0.8078440192237751,0.8180895090121038,0.8078440192237751,0.8180895090121038,0.8078440192237751,0.8180895090121038,0.8078440192237751,0.8180895090121038,0.8078440192237751,0.8180895090121038,0.8078440192237751,0.8180895090121038,0.8078440192237751,0.8180895090121038,0.8078440192237751,0.8180895090121038,0.8078440192237751
0.6096959737058341,0.81,0.81,0.81,0.0700218818380744,0.66,0.66,0.66,0.762487649719161,0.7504995034016676,0.762487649719161,0.7504995034016676,0.762487649719161,0.7504995034016676,0.8878251126776966,0.8466835494212699,0.8878251126776966,0.8466835494212699,0.8878251126776966,0.8466835494212699,0.8878251126776966,0.8466835494212699,0.8878251126776966,0.8466835494212699,0.8878251126776966,0.8466835494212699,0.8878251126776966,0.8466835494212699,0.8878251126776966,0.8466835494212699,0.8878251126776966,0.8466835494212699
0.5954692556634305,0.85,0.85,0.85,0.04,0.52,0.52,0.52,0.7072736326999958,0.6092781945388456,0.7072736326999958,0.6092781945388456,0.7072736326999958,0.6092781945388456,0.854284105209606,0.8386808234617664,0.854284105209606,0.8386808234617664,0.854284105209606,0.8386808234617664,0.854284105209606,0.8386808234617664,0.854284105209606,0.8386808234617664,0.854284105209606,0.8386808234617664,0.854284105209606,0.8386808234617664,0.854284105209606,0.8386808234617664,0.854284105209606,0.8386808234617664
0.4444444444444445,0.76,0.76,0.76,0.0609496810772501,0.47,0.47,0.47,0.7064971225579287,0.6476288720083965,0.7064971225579287,0.6476288720083965,0.7064971225579287,0.6476288720083965,0.8493093570658143,0.8545860685991609,0.8493093570658143,0.8545860685991609,0.8493093570658143,0.8545860685991609,0.8493093570658143,0.8545860685991609,0.8493093570658143,0.8545860685991609,0.8493093570658143,0.8545860685991609,0.8493093570658143,0.8545860685991609,0.8493093570658143,0.8545860685991609,0.8493093570658143,0.8545860685991609
0.3127962085308057,0.71,0.71,0.71,0.1326530612244897,0.49,0.49,0.49,0.3286960822561756,0.3977733541679264,0.3286960822561756,0.3977733541679264,0.3286960822561756,0.3977733541679264,0.6800567620700102,0.7428158415627771,0.6800567620700102,0.7428158415627771,0.6800567620700102,0.7428158415627771,0.6800567620700102,0.7428158415627771,0.6800567620700102,0.7428158415627771,0.6800567620700102,0.7428158415627771,0.6800567620700102,0.7428158415627771,0.6800567620700102,0.7428158415627771,0.6800567620700102,0.7428158415627771
0.2915904936014626,0.69,0.69,0.69,0.1814461118690313,0.52,0.52,0.52,0.3528499477531365,0.3301574875718993,0.3528499477531365,0.3301574875718993,0.3528499477531365,0.3301574875718993,0.6706503176476437,0.6846105894500059,0.6706503176476437,0.6846105894500059,0.6706503176476437,0.6846105894500059,0.6706503176476437,0.6846105894500059,0.6706503176476437,0.6846105894500059,0.6706503176476437,0.6846105894500059,0.6706503176476437,0.6846105894500059,0.6706503176476437,0.6846105894500059,0.6706503176476437,0.6846105894500059
0.3239980685659102,0.72,0.72,0.72,0.3437841779074007,0.64,0.64,0.64,0.4210692585750641,0.4395854035357789,0.4210692585750641,0.4395854035357789,0.4210692585750641,0.4395854035357789,0.7844330289532943,0.7819238602404447,0.7844330289532943,0.7819238602404447,0.7844330289532943,0.7819238602404447,0.7844330289532943,0.7819238602404447,0.7844330289532943,0.7819238602404447,0.7844330289532943,0.7819238602404447,0.7844330289532943,0.7819238602404447,0.7844330289532943,0.7819238602404447,0.7844330289532943,0.7819238602404447
0.3344425956738769,0.76,0.76,0.76,0.4538834951456311,0.73,0.73,0.73,0.3675853616763766,0.4315074082737575,0.3675853616763766,0.4315074082737575,0.3675853616763766,0.4315074082737575,0.7707078394854829,0.7142514849620887,0.7707078394854829,0.7142514849620887,0.7707078394854829,0.7142514849620887,0.7707078394854829,0.7142514849620887,0.7707078394854829,0.7142514849620887,0.7707078394854829,0.7142514849620887,0.7707078394854829,0.7142514849620887,0.7707078394854829,0.7142514849620887,0.7707078394854829,0.7142514849620887
0.0,0.73,0.73,0.73,0.4893428063943162,0.77,0.77,0.77,0.10625242840621067,0.16566261423233597,0.10625242840621067,0.16566261423233597,0.10625242840621067,0.16566261423233597,0.6107397529485552,0.6170793132274836,0.6107397529485552,0.6170793132274836,0.6107397529485552,0.6170793132274836,0.6107397529485552,0.6170793132274836,0.6107397529485552,0.6170793132274836,0.6107397529485552,0.6170793132274836,0.6107397529485552,0.6170793132274836,0.6107397529485552,0.6170793132274836,0.6107397529485552,0.6170793132274836
0.0644490644490645,0.64,0.64,0.64,0.3536280233527938,0.69,0.69,0.69,0.2433831158356545,0.27551774652932076,0.2433831158356545,0.27551774652932076,0.2433831158356545,0.27551774652932076,0.6525665570365324,0.6768327233517734,0.6525665570365324,0.6768327233517734,0.6525665570365324,0.6768327233517734,0.6525665570365324,0.6768327233517734,0.6525665570365324,0.6768327233517734,0.6525665570365324,0.6768327233517734,0.6525665570365324,0.6768327233517734,0.6525665570365324,0.6768327233517734,0.6525665570365324,0.6768327233517734
0.1255605381165918,0.61,0.61,0.61,0.3874425727411944,0.68,0.68,0.68,0.3543764617582834,0.6189860101715521,0.3543764617582834,0.6189860101715521,0.3543764617582834,0.6189860101715521,0.7257458209363719,0.7734383025465175,0.7257458209363719,0.7734383025465175,0.7257458209363719,0.7734383025465175,0.7257458209363719,0.7734383025465175,0.7257458209363719,0.7734383025465175,0.7257458209363719,0.7734383025465175,0.7257458209363719,0.7734383025465175,0.7257458209363719,0.7734383025465175,0.7257458209363719,0.7734383025465175
0.1497227356746764,0.54,0.54,0.54,0.5283018867924527,0.76,0.76,0.76,0.4708805631381466,0.6561558444345883,0.4708805631381466,0.6561558444345883,0.4708805631381466,0.6561558444345883,0.7167795138148343,0.8086261766973477,0.7167795138148343,0.8086261766973477,0.7167795138148343,0.8086261766973477,0.7167795138148343,0.8086261766973477,0.7167795138148343,0.8086261766973477,0.7167795138148343,0.8086261766973477,0.7167795138148343,0.8086261766973477,0.7167795138148343,0.8086261766973477,0.7167795138148343,0.8086261766973477
0.2624728850325378,0.66,0.66,0.66,0.7236478484011054,0.86,0.86,0.86,0.5674774466553748,0.6052127703694813,0.5674774466553748,0.6052127703694813,0.5674774466553748,0.6052127703694813,0.788396072839961,0.86209751162266,0.788396072839961,0.86209751162266,0.788396072839961,0.86209751162266,0.788396072839961,0.86209751162266,0.788396072839961,0.86209751162266,0.788396072839961,0.86209751162266,0.788396072839961,0.86209751162266,0.788396072839961,0.86209751162266,0.788396072839961,0.86209751162266
0.3243243243243243,0.77,0.77,0.77,0.7422680412371134,0.87,0.87,0.87,0.23587167299726491,0.2592795915735607,0.23587167299726491,0.2592795915735607,0.23587167299726491,0.2592795915735607,0.7085253167795179,0.7201972940231766,0.7085253167795179,0.7201972940231766,0.7085253167795179,0.7201972940231766,0.7085253167795179,0.7201972940231766,0.7085253167795179,0.7201972940231766,0.7085253167795179,0.7201972940231766,0.7085253167795179,0.7201972940231766,0.7085253167795179,0.7201972940231766,0.7085253167795179,0.7201972940231766
0.275782155272306,0.75,0.75,0.75,0.8148148148148149,0.91,0.91,0.91,0.2678607971142375,0.28558373025367795,0.2678607971142375,0.28558373025367795,0.2678607971142375,0.28558373025367795,0.723714364263276,0.7598543865005231,0.723714364263276,0.7598543865005231,0.723714364263276,0.7598543865005231,0.723714364263276,0.7598543865005231,0.723714364263276,0.7598543865005231,0.723714364263276,0.7598543865005231,0.723714364263276,0.7598543865005231,0.723714364263276,0.7598543865005231,0.723714364263276,0.7598543865005231
0.2294520547945205,0.73,0.73,0.73,0.6268656716417911,0.82,0.82,0.82,0.26708209097738145,0.3492655142526165,0.26708209097738145,0.3492655142526165,0.26708209097738145,0.3492655142526165,0.7292878339472282,0.764746325404069,0.7292878339472282,0.764746325404069,0.7292878339472282,0.764746325404069,0.7292878339472282,0.764746325404069,0.7292878339472282,0.764746325404069,0.7292878339472282,0.764746325404069,0.7292878339472282,0.764746325404069,0.7292878339472282,0.764746325404069,0.7292878339472282,0.764746325404069
0.143646408839779,0.69,0.69,0.69,0.6803069053708439,0.85,0.85,0.85,0.24238520003288416,0.3257993170201899,0.24238520003288416,0.3257993170201899,0.24238520003288416,0.3257993170201899,0.7229224962150251,0.7499375836076808,0.7229224962150251,0.7499375836076808,0.7229224962150251,0.7499375836076808,0.7229224962150251,0.7499375836076808,0.7229224962150251,0.7499375836076808,0.7229224962150251,0.7499375836076808,0.7229224962150251,0.7499375836076808,0.7229224962150251,0.7499375836076808,0.7229224962150251,0.7499375836076808
0.1626794258373205,0.72,0.72,0.72,0.6659707724425887,0.84,0.84,0.84,0.2653223498292168,0.3611558977596277,0.2653223498292168,0.3611558977596277,0.2653223498292168,0.3611558977596277,0.7314245512727354,0.7821782821921512,0.7314245512727354,0.7821782821921512,0.7314245512727354,0.7821782821921512,0.7314245512727354,0.7821782821921512,0.7314245512727354,0.7821782821921512,0.7314245512727354,0.7821782821921512,0.7314245512727354,0.7821782821921512,0.7314245512727354,0.7821782821921512,0.7314245512727354,0.7821782821921512
0.0997229916897507,0.74,0.74,0.74,0.6096959737058341,0.81,0.81,0.81,0.24866162780330567,0.3347675894169682,0.24866162780330567,0.3347675894169682,0.24866162780330567,0.3347675894169682,0.7139964275941384,0.7294810530319694,0.7139964275941384,0.7294810530319694,0.7139964275941384,0.7294810530319694,0.7139964275941384,0.7294810530319694,0.7139964275941384,0.7294810530319694,0.7139964275941384,0.7294810530319694,0.7139964275941384,0.7294810530319694,0.7139964275941384,0.7294810530319694,0.7139964275941384,0.7294810530319694
0.0588235294117647,0.76,0.76,0.76,0.5954692556634305,0.85,0.85,0.85,0.14716058923016806,0.2100743776443132,0.14716058923016806,0.2100743776443132,0.14716058923016806,0.2100743776443132,0.6940414668394386,0.6672703313951066,0.6940414668394386,0.6672703313951066,0.6940414668394386,0.6672703313951066,0.6940414668394386,0.6672703313951066,0.6940414668394386,0.6672703313951066,0.6940414668394386,0.6672703313951066,0.6940414668394386,0.6672703313951066,0.6940414668394386,0.6672703313951066,0.6940414668394386,0.6672703313951066
0.0531682447195921,0.74,0.74,0.74,0.4444444444444445,0.76,0.76,0.76,0.21189936216649816,0.26173731534729816,0.21189936216649816,0.26173731534729816,0.21189936216649816,0.26173731534729816,0.6804205150476592,0.7010313572473582,0.6804205150476592,0.7010313572473582,0.6804205150476592,0.7010313572473582,0.6804205150476592,0.7010313572473582,0.6804205150476592,0.7010313572473582,0.6804205150476592,0.7010313572473582,0.6804205150476592,0.7010313572473582,0.6804205150476592,0.7010313572473582,0.6804205150476592,0.7010313572473582
0.1851368970013037,0.75,0.75,0.75,0.3127962085308057,0.71,0.71,0.71,0.23734041001399625,0.279540272723658,0.23734041001399625,0.279540272723658,0.23734041001399625,0.279540272723658,0.6716206734136935,0.7262964093363051,0.6716206734136935,0.7262964093363051,0.6716206734136935,0.7262964093363051,0.6716206734136935,0.7262964093363051,0.6716206734136935,0.7262964093363051,0.6716206734136935,0.7262964093363051,0.6716206734136935,0.7262964093363051,0.6716206734136935,0.7262964093363051,0.6716206734136935,0.7262964093363051
0.2282958199356913,0.76,0.76,0.76,0.2915904936014626,0.69,0.69,0.69,0.2218388720908967,0.22100938686556845,0.2218388720908967,0.22100938686556845,0.2218388720908967,0.22100938686556845,0.6932332765600374,0.742797841217835,0.6932332765600374,0.742797841217835,0.6932332765600374,0.742797841217835,0.6932332765600374,0.742797841217835,0.6932332765600374,0.742797841217835,0.6932332765600374,0.742797841217835,0.6932332765600374,0.742797841217835,0.6932332765600374,0.742797841217835,0.6932332765600374,0.742797841217835
0.2703045685279188,0.77,0.77,0.77,0.3239980685659102,0.72,0.72,0.72,0.23504249897085244,0.3369524686219908,0.23504249897085244,0.3369524686219908,0.23504249897085244,0.3369524686219908,0.7273757731817321,0.7555274967880715,0.7273757731817321,0.7555274967880715,0.7273757731817321,0.7555274967880715,0.7273757731817321,0.7555274967880715,0.7273757731817321,0.7555274967880715,0.7273757731817321,0.7555274967880715,0.7273757731817321,0.7555274967880715,0.7273757731817321,0.7555274967880715,0.7273757731817321,0.7555274967880715
0.20844327176781,0.82,0.82,0.82,0.3344425956738769,0.76,0.76,0.76,0.17684000910092054,0.2907644696647169,0.17684000910092054,0.2907644696647169,0.17684000910092054,0.2907644696647169,0.6780051611344667,0.7402209403022959,0.6780051611344667,0.7402209403022959,0.6780051611344667,0.7402209403022959,0.6780051611344667,0.7402209403022959,0.6780051611344667,0.7402209403022959,0.6780051611344667,0.7402209403022959,0.6780051611344667,0.7402209403022959,0.6780051611344667,0.7402209403022959,0.6780051611344667,0.7402209403022959
0.1851368970013037,0.75,0.75,0.75,0.0,0.73,0.73,0.73,0.22846212051508544,0.2899440644081693,0.22846212051508544,0.2899440644081693,0.22846212051508544,0.2899440644081693,0.6978608793771651,0.7540298334273763,0.6978608793771651,0.7540298334273763,0.6978608793771651,0.7540298334273763,0.6978608793771651,0.7540298334273763,0.6978608793771651,0.7540298334273763,0.6978608793771651,0.7540298334273763,0.6978608793771651,0.7540298334273763,0.6978608793771651,0.7540298334273763,0.6978608793771651,0.7540298334273763
0.288840262582057,0.74,0.74,0.74,0.0644490644490645,0.64,0.64,0.64,0.2622016011843474,0.28203996006765736,0.2622016011843474,0.28203996006765736,0.2622016011843474,0.28203996006765736,0.5861196306669852,0.6410026236580478,0.5861196306669852,0.6410026236580478,0.5861196306669852,0.6410026236580478,0.5861196306669852,0.6410026236580478,0.5861196306669852,0.6410026236580478,0.5861196306669852,0.6410026236580478,0.5861196306669852,0.6410026236580478,0.5861196306669852,0.6410026236580478,0.5861196306669852,0.6410026236580478
0.3876689189189188,0.71,0.71,0.71,0.1255605381165918,0.61,0.61,0.61,0.6741843436819523,0.6250561088584355,0.6741843436819523,0.6250561088584355,0.6741843436819523,0.6250561088584355,0.7735595198687938,0.7945150770167244,0.7735595198687938,0.7945150770167244,0.7735595198687938,0.7945150770167244,0.7735595198687938,0.7945150770167244,0.7735595198687938,0.7945150770167244,0.7735595198687938,0.7945150770167244,0.7735595198687938,0.7945150770167244,0.7735595198687938,0.7945150770167244,0.7735595198687938,0.7945150770167244
0.42,0.71,0.71,0.71,0.1497227356746764,0.54,0.54,0.54,0.6715910203276845,0.6382666972450625,0.6715910203276845,0.6382666972450625,0.6715910203276845,0.6382666972450625,0.7535339718766353,0.8414211417845362,0.7535339718766353,0.8414211417845362,0.7535339718766353,0.8414211417845362,0.7535339718766353,0.8414211417845362,0.7535339718766353,0.8414211417845362,0.7535339718766353,0.8414211417845362,0.7535339718766353,0.8414211417845362,0.7535339718766353,0.8414211417845362,0.7535339718766353,0.8414211417845362
0.5291479820627802,0.79,0.79,0.79,0.2624728850325378,0.66,0.66,0.66,0.6741843436819523,0.6203229398657257,0.6741843436819523,0.6203229398657257,0.6741843436819523,0.6203229398657257,0.7572360082452304,0.8028261467368938,0.7572360082452304,0.8028261467368938,0.7572360082452304,0.8028261467368938,0.7572360082452304,0.8028261467368938,0.7572360082452304,0.8028261467368938,0.7572360082452304,0.8028261467368938,0.7572360082452304,0.8028261467368938,0.7572360082452304,0.8028261467368938,0.7572360082452304,0.8028261467368938
0.603399433427762,0.86,0.86,0.86,0.3243243243243243,0.77,0.77,0.77,0.71596076066372,0.653945763018609,0.71596076066372,0.653945763018609,0.71596076066372,0.653945763018609,0.8054530810876757,0.8283583389380775,0.8054530810876757,0.8283583389380775,0.8054530810876757,0.8283583389380775,0.8054530810876757,0.8283583389380775,0.8054530810876757,0.8283583389380775,0.8054530810876757,0.8283583389380775,0.8054530810876757,0.8283583389380775,0.8054530810876757,0.8283583389380775,0.8054530810876757,0.8283583389380775
0.550561797752809,0.84,0.84,0.84,0.275782155272306,0.75,0.75,0.75,0.6903970042289972,0.6295555873810835,0.6903970042289972,0.6295555873810835,0.6903970042289972,0.6295555873810835,0.803612560130217,0.8236682401927122,0.803612560130217,0.8236682401927122,0.803612560130217,0.8236682401927122,0.803612560130217,0.8236682401927122,0.803612560130217,0.8236682401927122,0.803612560130217,0.8236682401927122,0.803612560130217,0.8236682401927122,0.803612560130217,0.8236682401927122,0.803612560130217,0.8236682401927122
0.5454545454545454,0.8,0.8,0.8,0.2294520547945205,0.73,0.73,0.73,0.6762136347061567,0.6372172820227756,0.6762136347061567,0.6372172820227756,0.6762136347061567,0.6372172820227756,0.7332120426292389,0.8007801140103346,0.7332120426292389,0.8007801140103346,0.7332120426292389,0.8007801140103346,0.7332120426292389,0.8007801140103346,0.7332120426292389,0.8007801140103346,0.7332120426292389,0.8007801140103346,0.7332120426292389,0.8007801140103346,0.7332120426292389,0.8007801140103346,0.7332120426292389,0.8007801140103346
0.5957446808510638,0.81,0.81,0.81,0.143646408839779,0.69,0.69,0.69,0.6780766730197779,0.6476381068737349,0.6780766730197779,0.6476381068737349,0.6780766730197779,0.6476381068737349,0.7701366038687067,0.8185713830336669,0.7701366038687067,0.8185713830336669,0.7701366038687067,0.8185713830336669,0.7701366038687067,0.8185713830336669,0.7701366038687067,0.8185713830336669,0.7701366038687067,0.8185713830336669,0.7701366038687067,0.8185713830336669,0.7701366038687067,0.8185713830336669,0.7701366038687067,0.8185713830336669
0.62,0.81,0.81,0.81,0.1626794258373205,0.72,0.72,0.72,0.6933323267155741,0.6432719770284865,0.6933323267155741,0.6432719770284865,0.6933323267155741,0.6432719770284865,0.7912129392026905,0.8024519459479277,0.7912129392026905,0.8024519459479277,0.7912129392026905,0.8024519459479277,0.7912129392026905,0.8024519459479277,0.7912129392026905,0.8024519459479277,0.7912129392026905,0.8024519459479277,0.7912129392026905,0.8024519459479277,0.7912129392026905,0.8024519459479277,0.7912129392026905,0.8024519459479277
0.759825327510917,0.89,0.89,0.89,0.0997229916897507,0.74,0.74,0.74,0.7337642969605099,0.6357685621872695,0.7337642969605099,0.6357685621872695,0.7337642969605099,0.6357685621872695,0.8142958775489942,0.8191948276333376,0.8142958775489942,0.8191948276333376,0.8142958775489942,0.8191948276333376,0.8142958775489942,0.8191948276333376,0.8142958775489942,0.8191948276333376,0.8142958775489942,0.8191948276333376,0.8142958775489942,0.8191948276333376,0.8142958775489942,0.8191948276333376,0.8142958775489942,0.8191948276333376
0.6936852026390198,0.87,0.87,0.87,0.0588235294117647,0.76,0.76,0.76,0.7099467179643058,0.6272693550764816,0.7099467179643058,0.6272693550764816,0.7099467179643058,0.6272693550764816,0.7872176462945359,0.8575436087689181,0.7872176462945359,0.8575436087689181,0.7872176462945359,0.8575436087689181,0.7872176462945359,0.8575436087689181,0.7872176462945359,0.8575436087689181,0.7872176462945359,0.8575436087689181,0.7872176462945359,0.8575436087689181,0.7872176462945359,0.8575436087689181,0.7872176462945359,0.8575436087689181
0.5205479452054795,0.86,0.86,0.86,0.0531682447195921,0.74,0.74,0.74,0.592707444816677,0.6427267003947895,0.592707444816677,0.6427267003947895,0.592707444816677,0.6427267003947895,0.8385169377922203,0.8605928474750694,0.8385169377922203,0.8605928474750694,0.8385169377922203,0.8605928474750694,0.8385169377922203,0.8605928474750694,0.8385169377922203,0.8605928474750694,0.8385169377922203,0.8605928474750694,0.8385169377922203,0.8605928474750694,0.8385169377922203,0.8605928474750694,0.8385169377922203,0.8605928474750694
0.2204899777282851,0.72,0.72,0.72,0.1851368970013037,0.75,0.75,0.75,0.42180440229688265,0.6686764914440022,0.42180440229688265,0.6686764914440022,0.42180440229688265,0.6686764914440022,0.7836725616081924,0.884458484359851,0.7836725616081924,0.884458484359851,0.7836725616081924,0.884458484359851,0.7836725616081924,0.884458484359851,0.7836725616081924,0.884458484359851,0.7836725616081924,0.884458484359851,0.7836725616081924,0.884458484359851,0.7836725616081924,0.884458484359851,0.7836725616081924,0.884458484359851
0.0648379052369078,0.55,0.55,0.55,0.2282958199356913,0.76,0.76,0.76,0.3891803136624597,0.6578384756012626,0.3891803136624597,0.6578384756012626,0.3891803136624597,0.6578384756012626,0.7932664827857907,0.8911030536940022,0.7932664827857907,0.8911030536940022,0.7932664827857907,0.8911030536940022,0.7932664827857907,0.8911030536940022,0.7932664827857907,0.8911030536940022,0.7932664827857907,0.8911030536940022,0.7932664827857907,0.8911030536940022,0.7932664827857907,0.8911030536940022,0.7932664827857907,0.8911030536940022
0.0,0.39,0.39,0.39,0.2703045685279188,0.77,0.77,0.77,0.0871839962563643,0.19638812294360541,0.0871839962563643,0.19638812294360541,0.0871839962563643,0.19638812294360541,0.6462232117193489,0.7379869556909988,0.6462232117193489,0.7379869556909988,0.6462232117193489,0.7379869556909988,0.6462232117193489,0.7379869556909988,0.6462232117193489,0.7379869556909988,0.6462232117193489,0.7379869556909988,0.6462232117193489,0.7379869556909988,0.6462232117193489,0.7379869556909988,0.6462232117193489,0.7379869556909988
0.0,0.28,0.28,0.28,0.20844327176781,0.82,0.82,0.82,0.05043207341492042,0.19138947729163383,0.05043207341492042,0.19138947729163383,0.05043207341492042,0.19138947729163383,0.6248760898216768,0.6716636537632491,0.6248760898216768,0.6716636537632491,0.6248760898216768,0.6716636537632491,0.6248760898216768,0.6716636537632491,0.6248760898216768,0.6716636537632491,0.6248760898216768,0.6716636537632491,0.6248760898216768,0.6716636537632491,0.6248760898216768,0.6716636537632491,0.6248760898216768,0.6716636537632491
0.0,0.33,0.33,0.33,0.1851368970013037,0.75,0.75,0.75,0.08718288970186683,0.23106321680115224,0.08718288970186683,0.23106321680115224,0.08718288970186683,0.23106321680115224,0.5898068475006284,0.6276879082118259,0.5898068475006284,0.6276879082118259,0.5898068475006284,0.6276879082118259,0.5898068475006284,0.6276879082118259,0.5898068475006284,0.6276879082118259,0.5898068475006284,0.6276879082118259,0.5898068475006284,0.6276879082118259,0.5898068475006284,0.6276879082118259,0.5898068475006284,0.6276879082118259
0.0237691001697794,0.31,0.31,0.31,0.288840262582057,0.74,0.74,0.74,0.37372991892952334,0.6372469779757544,0.37372991892952334,0.6372469779757544,0.37372991892952334,0.6372469779757544,0.6752729954588341,0.828463807472844,0.6752729954588341,0.828463807472844,0.6752729954588341,0.828463807472844,0.6752729954588341,0.828463807472844,0.6752729954588341,0.828463807472844,0.6752729954588341,0.828463807472844,0.6752729954588341,0.828463807472844,0.6752729954588341,0.828463807472844,0.6752729954588341,0.828463807472844
0.0609605911330047,0.39,0.39,0.39,0.3876689189189188,0.71,0.71,0.71,0.4344117871894044,0.6615949186092102,0.4344117871894044,0.6615949186092102,0.4344117871894044,0.6615949186092102,0.7600244248267553,0.8626410655382255,0.7600244248267553,0.8626410655382255,0.7600244248267553,0.8626410655382255,0.7600244248267553,0.8626410655382255,0.7600244248267553,0.8626410655382255,0.7600244248267553,0.8626410655382255,0.7600244248267553,0.8626410655382255,0.7600244248267553,0.8626410655382255,0.7600244248267553,0.8626410655382255
0.1705733862243057,0.54,0.54,0.54,0.42,0.71,0.71,0.71,0.6315694461644106,0.6455035912422671,0.6315694461644106,0.6455035912422671,0.6315694461644106,0.6455035912422671,0.7429555612614533,0.8063342549894332,0.7429555612614533,0.8063342549894332,0.7429555612614533,0.8063342549894332,0.7429555612614533,0.8063342549894332,0.7429555612614533,0.8063342549894332,0.7429555612614533,0.8063342549894332,0.7429555612614533,0.8063342549894332,0.7429555612614533,0.8063342549894332,0.7429555612614533,0.8063342549894332
0.3093922651933702,0.65,0.65,0.65,0.5291479820627802,0.79,0.79,0.79,0.647114335701345,0.6797078739570891,0.647114335701345,0.6797078739570891,0.647114335701345,0.6797078739570891,0.7900863992084137,0.8523580277605024,0.7900863992084137,0.8523580277605024,0.7900863992084137,0.8523580277605024,0.7900863992084137,0.8523580277605024,0.7900863992084137,0.8523580277605024,0.7900863992084137,0.8523580277605024,0.7900863992084137,0.8523580277605024,0.7900863992084137,0.8523580277605024,0.7900863992084137,0.8523580277605024
0.4444444444444445,0.76,0.76,0.76,0.603399433427762,0.86,0.86,0.86,0.7120772738683123,0.665450326857774,0.7120772738683123,0.665450326857774,0.7120772738683123,0.665450326857774,0.8419715356378704,0.8565409218229553,0.8419715356378704,0.8565409218229553,0.8419715356378704,0.8565409218229553,0.8419715356378704,0.8565409218229553,0.8419715356378704,0.8565409218229553,0.8419715356378704,0.8565409218229553,0.8419715356378704,0.8565409218229553,0.8419715356378704,0.8565409218229553,0.8419715356378704,0.8565409218229553
0.3768693918245265,0.75,0.75,0.75,0.550561797752809,0.84,0.84,0.84,0.5966356307551676,0.6170270679032823,0.5966356307551676,0.6170270679032823,0.5966356307551676,0.6170270679032823,0.7941007669312169,0.796391166879288,0.7941007669312169,0.796391166879288,0.7941007669312169,0.796391166879288,0.7941007669312169,0.796391166879288,0.7941007669312169,0.796391166879288,0.7941007669312169,0.796391166879288,0.7941007669312169,0.796391166879288,0.7941007669312169,0.796391166879288,0.7941007669312169,0.796391166879288
0.2882562277580072,0.72,0.72,0.72,0.5454545454545454,0.8,0.8,0.8,0.33654016349693044,0.41890056172633905,0.33654016349693044,0.41890056172633905,0.33654016349693044,0.41890056172633905,0.6619578361660402,0.718632417158898,0.6619578361660402,0.718632417158898,0.6619578361660402,0.718632417158898,0.6619578361660402,0.718632417158898,0.6619578361660402,0.718632417158898,0.6619578361660402,0.718632417158898,0.6619578361660402,0.718632417158898,0.6619578361660402,0.718632417158898,0.6619578361660402,0.718632417158898
0.2028985507246378,0.67,0.67,0.67,0.5957446808510638,0.81,0.81,0.81,0.3431824324850092,0.42263243593491523,0.3431824324850092,0.42263243593491523,0.3431824324850092,0.42263243593491523,0.7025477637506083,0.7330556452354832,0.7025477637506083,0.7330556452354832,0.7025477637506083,0.7330556452354832,0.7025477637506083,0.7330556452354832,0.7025477637506083,0.7330556452354832,0.7025477637506083,0.7330556452354832,0.7025477637506083,0.7330556452354832,0.7025477637506083,0.7330556452354832,0.7025477637506083,0.7330556452354832
0.1463414634146341,0.65,0.65,0.65,0.62,0.81,0.81,0.81,0.2890058836524037,0.4339625849904201,0.2890058836524037,0.4339625849904201,0.2890058836524037,0.4339625849904201,0.73348291519847,0.7553442497376802,0.73348291519847,0.7553442497376802,0.73348291519847,0.7553442497376802,0.73348291519847,0.7553442497376802,0.73348291519847,0.7553442497376802,0.73348291519847,0.7553442497376802,0.73348291519847,0.7553442497376802,0.73348291519847,0.7553442497376802,0.73348291519847,0.7553442497376802
0.070069204152249,0.57,0.57,0.57,0.759825327510917,0.89,0.89,0.89,0.2864463353589904,0.401507251429325,0.2864463353589904,0.401507251429325,0.2864463353589904,0.401507251429325,0.7448995783973672,0.7652594787796067,0.7448995783973672,0.7652594787796067,0.7448995783973672,0.7652594787796067,0.7448995783973672,0.7652594787796067,0.7448995783973672,0.7652594787796067,0.7448995783973672,0.7652594787796067,0.7448995783973672,0.7652594787796067,0.7448995783973672,0.7652594787796067,0.7448995783973672,0.7652594787796067
0.0192232247940369,0.5,0.5,0.5,0.6936852026390198,0.87,0.87,0.87,0.10185794936375839,0.19806946998326805,0.10185794936375839,0.19806946998326805,0.10185794936375839,0.19806946998326805,0.6729464413110141,0.7256490271337432,0.6729464413110141,0.7256490271337432,0.6729464413110141,0.7256490271337432,0.6729464413110141,0.7256490271337432,0.6729464413110141,0.7256490271337432,0.6729464413110141,0.7256490271337432,0.6729464413110141,0.7256490271337432,0.6729464413110141,0.7256490271337432,0.6729464413110141,0.7256490271337432
0.1469194312796208,0.46,0.46,0.46,0.5205479452054795,0.86,0.86,0.86,0.5586474798369756,0.4610974069946797,0.5586474798369756,0.4610974069946797,0.5586474798369756,0.4610974069946797,0.7453230357490852,0.793896981882461,0.7453230357490852,0.793896981882461,0.7453230357490852,0.793896981882461,0.7453230357490852,0.793896981882461,0.7453230357490852,0.793896981882461,0.7453230357490852,0.793896981882461,0.7453230357490852,0.793896981882461,0.7453230357490852,0.793896981882461,0.7453230357490852,0.793896981882461
0.3010752688172042,0.61,0.61,0.61,0.2204899777282851,0.72,0.72,0.72,0.5815786431328112,0.5425263489291224,0.5815786431328112,0.5425263489291224,0.5815786431328112,0.5425263489291224,0.7315601253369829,0.7442225455697903,0.7315601253369829,0.7442225455697903,0.7315601253369829,0.7442225455697903,0.7315601253369829,0.7442225455697903,0.7315601253369829,0.7442225455697903,0.7315601253369829,0.7442225455697903,0.7315601253369829,0.7442225455697903,0.7315601253369829,0.7442225455697903,0.7315601253369829,0.7442225455697903
0.4056748466257668,0.69,0.69,0.69,0.0648379052369078,0.55,0.55,0.55,0.327430877002112,0.3719919351530428,0.327430877002112,0.3719919351530428,0.327430877002112,0.3719919351530428,0.7928371637379011,0.8162425482952643,0.7928371637379011,0.8162425482952643,0.7928371637379011,0.8162425482952643,0.7928371637379011,0.8162425482952643,0.7928371637379011,0.8162425482952643,0.7928371637379011,0.8162425482952643,0.7928371637379011,0.8162425482952643,0.7928371637379011,0.8162425482952643,0.7928371637379011,0.8162425482952643
0.423076923076923,0.73,0.73,0.73,0.0,0.39,0.39,0.39,0.3374170971055242,0.42269052743676166,0.3374170971055242,0.42269052743676166,0.3374170971055242,0.42269052743676166,0.8577080858578789,0.8641913322091332,0.8577080858578789,0.8641913322091332,0.8577080858578789,0.8641913322091332,0.8577080858578789,0.8641913322091332,0.8577080858578789,0.8641913322091332,0.8577080858578789,0.8641913322091332,0.8577080858578789,0.8641913322091332,0.8577080858578789,0.8641913322091332,0.8577080858578789,0.8641913322091332
0.1960580912863071,0.69,0.69,0.69,0.0,0.28,0.28,0.28,0.140557963330396,0.1973765682806428,0.140557963330396,0.1973765682806428,0.140557963330396,0.1973765682806428,0.8181168027935097,0.7813891629586993,0.8181168027935097,0.7813891629586993,0.8181168027935097,0.7813891629586993,0.8181168027935097,0.7813891629586993,0.8181168027935097,0.7813891629586993,0.8181168027935097,0.7813891629586993,0.8181168027935097,0.7813891629586993,0.8181168027935097,0.7813891629586993,0.8181168027935097,0.7813891629586993
0.1921397379912663,0.63,0.63,0.63,0.0,0.33,0.33,0.33,0.1847128877263371,0.1533090804263249,0.1847128877263371,0.1533090804263249,0.1847128877263371,0.1533090804263249,0.7563510769225967,0.6895898238794343,0.7563510769225967,0.6895898238794343,0.7563510769225967,0.6895898238794343,0.7563510769225967,0.6895898238794343,0.7563510769225967,0.6895898238794343,0.7563510769225967,0.6895898238794343,0.7563510769225967,0.6895898238794343,0.7563510769225967,0.6895898238794343,0.7563510769225967,0.6895898238794343
0.1163793103448277,0.59,0.59,0.59,0.0237691001697794,0.31,0.31,0.31,0.15869160583230324,0.21895522743969714,0.15869160583230324,0.21895522743969714,0.15869160583230324,0.21895522743969714,0.7533147934295708,0.7328555145206473,0.7533147934295708,0.7328555145206473,0.7533147934295708,0.7328555145206473,0.7533147934295708,0.7328555145206473,0.7533147934295708,0.7328555145206473,0.7533147934295708,0.7328555145206473,0.7533147934295708,0.7328555145206473,0.7533147934295708,0.7328555145206473,0.7533147934295708,0.7328555145206473
0.0570599613152804,0.61,0.61,0.61,0.0609605911330047,0.39,0.39,0.39,0.0692232777105205,0.19277991791220087,0.0692232777105205,0.19277991791220087,0.0692232777105205,0.19277991791220087,0.7981530128918749,0.7867031020050096,0.7981530128918749,0.7867031020050096,0.7981530128918749,0.7867031020050096,0.7981530128918749,0.7867031020050096,0.7981530128918749,0.7867031020050096,0.7981530128918749,0.7867031020050096,0.7981530128918749,0.7867031020050096,0.7981530128918749,0.7867031020050096,0.7981530128918749,0.7867031020050096
0.0,0.58,0.58,0.58,0.1705733862243057,0.54,0.54,0.54,0.029977018733645618,0.11654367796885426,0.029977018733645618,0.11654367796885426,0.029977018733645618,0.11654367796885426,0.7760681855772065,0.7534996403213465,0.7760681855772065,0.7534996403213465,0.7760681855772065,0.7534996403213465,0.7760681855772065,0.7534996403213465,0.7760681855772065,0.7534996403213465,0.7760681855772065,0.7534996403213465,0.7760681855772065,0.7534996403213465,0.7760681855772065,0.7534996403213465,0.7760681855772065,0.7534996403213465
0.0,0.56,0.56,0.56,0.3093922651933702,0.65,0.65,0.65,0.03775064879615297,0.13611138869807274,0.03775064879615297,0.13611138869807274,0.03775064879615297,0.13611138869807274,0.6805357354719695,0.67340398426218,0.6805357354719695,0.67340398426218,0.6805357354719695,0.67340398426218,0.6805357354719695,0.67340398426218,0.6805357354719695,0.67340398426218,0.6805357354719695,0.67340398426218,0.6805357354719695,0.67340398426218,0.6805357354719695,0.67340398426218,0.6805357354719695,0.67340398426218
0.0,0.38,0.38,0.38,0.4444444444444445,0.76,0.76,0.76,0.05511561897489947,0.03963050859005584,0.05511561897489947,0.03963050859005584,0.05511561897489947,0.03963050859005584,0.49951926357348936,0.5174077073666031,0.49951926357348936,0.5174077073666031,0.49951926357348936,0.5174077073666031,0.49951926357348936,0.5174077073666031,0.49951926357348936,0.5174077073666031,0.49951926357348936,0.5174077073666031,0.49951926357348936,0.5174077073666031,0.49951926357348936,0.5174077073666031,0.49951926357348936,0.5174077073666031
0.008217625389629,0.3,0.3,0.3,0.3768693918245265,0.75,0.75,0.75,0.03801741113232311,0.08427359764889862,0.03801741113232311,0.08427359764889862,0.03801741113232311,0.08427359764889862,0.47900125637911084,0.47898591205547103,0.47900125637911084,0.47898591205547103,0.47900125637911084,0.47898591205547103,0.47900125637911084,0.47898591205547103,0.47900125637911084,0.47898591205547103,0.47900125637911084,0.47898591205547103,0.47900125637911084,0.47898591205547103,0.47900125637911084,0.47898591205547103,0.47900125637911084,0.47898591205547103
0.0825688073394494,0.5,0.5,0.5,0.2882562277580072,0.72,0.72,0.72,0.05177945293731527,0.021433810506646195,0.05177945293731527,0.021433810506646195,0.05177945293731527,0.021433810506646195,0.5065594605971483,0.4855451343425713,0.5065594605971483,0.4855451343425713,0.5065594605971483,0.4855451343425713,0.5065594605971483,0.4855451343425713,0.5065594605971483,0.4855451343425713,0.5065594605971483,0.4855451343425713,0.5065594605971483,0.4855451343425713,0.5065594605971483,0.4855451343425713,0.5065594605971483,0.4855451343425713
0.1279069767441861,0.52,0.52,0.52,0.2028985507246378,0.67,0.67,0.67,0.09339432207883386,0.1792017323170174,0.09339432207883386,0.1792017323170174,0.09339432207883386,0.1792017323170174,0.6146353041617499,0.6090581113632542,0.6146353041617499,0.6090581113632542,0.6146353041617499,0.6090581113632542,0.6146353041617499,0.6090581113632542,0.6146353041617499,0.6090581113632542,0.6146353041617499,0.6090581113632542,0.6146353041617499,0.6090581113632542,0.6146353041617499,0.6090581113632542,0.6146353041617499,0.6090581113632542
0.2080479452054794,0.63,0.63,0.63,0.1463414634146341,0.65,0.65,0.65,0.1804841922260827,0.2286377677676629,0.1804841922260827,0.2286377677676629,0.1804841922260827,0.2286377677676629,0.6823453610531789,0.6887501975469172,0.6823453610531789,0.6887501975469172,0.6823453610531789,0.6887501975469172,0.6823453610531789,0.6887501975469172,0.6823453610531789,0.6887501975469172,0.6823453610531789,0.6887501975469172,0.6823453610531789,0.6887501975469172,0.6823453610531789,0.6887501975469172,0.6823453610531789,0.6887501975469172
0.215761285386381,0.59,0.59,0.59,0.070069204152249,0.57,0.57,0.57,0.3710705973315829,0.35781359342093455,0.3710705973315829,0.35781359342093455,0.3710705973315829,0.35781359342093455,0.6916598054887187,0.7005233850438213,0.6916598054887187,0.7005233850438213,0.6916598054887187,0.7005233850438213,0.6916598054887187,0.7005233850438213,0.6916598054887187,0.7005233850438213,0.6916598054887187,0.7005233850438213,0.6916598054887187,0.7005233850438213,0.6916598054887187,0.7005233850438213,0.6916598054887187,0.7005233850438213
0.2718446601941746,0.67,0.67,0.67,0.0192232247940369,0.5,0.5,0.5,0.26415048255390405,0.3877357788355571,0.26415048255390405,0.3877357788355571,0.26415048255390405,0.3877357788355571,0.7436351584964324,0.7558889728033827,0.7436351584964324,0.7558889728033827,0.7436351584964324,0.7558889728033827,0.7436351584964324,0.7558889728033827,0.7436351584964324,0.7558889728033827,0.7436351584964324,0.7558889728033827,0.7436351584964324,0.7558889728033827,0.7436351584964324,0.7558889728033827,0.7436351584964324,0.7558889728033827
0.2583732057416267,0.69,0.69,0.69,0.1469194312796208,0.46,0.46,0.46,0.2797455268349414,0.4084612134254724,0.2797455268349414,0.4084612134254724,0.2797455268349414,0.4084612134254724,0.7657074284081582,0.7562862157215716,0.7657074284081582,0.7562862157215716,0.7657074284081582,0.7562862157215716,0.7657074284081582,0.7562862157215716,0.7657074284081582,0.7562862157215716,0.7657074284081582,0.7562862157215716,0.7657074284081582,0.7562862157215716,0.7657074284081582,0.7562862157215716,0.7657074284081582,0.7562862157215716
0.0700218818380744,0.66,0.66,0.66,0.3010752688172042,0.61,0.61,0.61,0.06107984812861011,0.15511605845499624,0.06107984812861011,0.15511605845499624,0.06107984812861011,0.15511605845499624,0.7240829993085062,0.6826452507545056,0.7240829993085062,0.6826452507545056,0.7240829993085062,0.6826452507545056,0.7240829993085062,0.6826452507545056,0.7240829993085062,0.6826452507545056,0.7240829993085062,0.6826452507545056,0.7240829993085062,0.6826452507545056,0.7240829993085062,0.6826452507545056,0.7240829993085062,0.6826452507545056
0.0,0.55,0.55,0.55,0.4056748466257668,0.69,0.69,0.69,0.02464817781834057,0.0788392132389814,0.02464817781834057,0.0788392132389814,0.02464817781834057,0.0788392132389814,0.6168428882152492,0.6010075712782016,0.6168428882152492,0.6010075712782016,0.6168428882152492,0.6010075712782016,0.6168428882152492,0.6010075712782016,0.6168428882152492,0.6010075712782016,0.6168428882152492,0.6010075712782016,0.6168428882152492,0.6010075712782016,0.6168428882152492,0.6010075712782016,0.6168428882152492,0.6010075712782016
0.0,0.38,0.38,0.38,0.423076923076923,0.73,0.73,0.73,-0.00038941095691385585,0.056610530948220654,-0.00038941095691385585,0.056610530948220654,-0.00038941095691385585,0.056610530948220654,0.6852195514111223,0.6447926800120747,0.6852195514111223,0.6447926800120747,0.6852195514111223,0.6447926800120747,0.6852195514111223,0.6447926800120747,0.6852195514111223,0.6447926800120747,0.6852195514111223,0.6447926800120747,0.6852195514111223,0.6447926800120747,0.6852195514111223,0.6447926800120747,0.6852195514111223,0.6447926800120747
0.0,0.28,0.28,0.28,0.1960580912863071,0.69,0.69,0.69,0.021512462633728344,0.08140631333375326,0.021512462633728344,0.08140631333375326,0.021512462633728344,0.08140631333375326,0.5421557960198531,0.5080375783702975,0.5421557960198531,0.5080375783702975,0.5421557960198531,0.5080375783702975,0.5421557960198531,0.5080375783702975,0.5421557960198531,0.5080375783702975,0.5421557960198531,0.5080375783702975,0.5421557960198531,0.5080375783702975,0.5421557960198531,0.5080375783702975,0.5421557960198531,0.5080375783702975
0.0,0.27,0.27,0.27,0.1921397379912663,0.63,0.63,0.63,0.019859303917352057,0.09972279021545093,0.019859303917352057,0.09972279021545093,0.019859303917352057,0.09972279021545093,0.5409468010768688,0.5253083994548011,0.5409468010768688,0.5253083994548011,0.5409468010768688,0.5253083994548011,0.5409468010768688,0.5253083994548011,0.5409468010768688,0.5253083994548011,0.5409468010768688,0.5253083994548011,0.5409468010768688,0.5253083994548011,0.5409468010768688,0.5253083994548011,0.5409468010768688,0.5253083994548011
0.0,0.26,0.26,0.26,0.1163793103448277,0.59,0.59,0.59,0.01333532251166742,0.09234943006379985,0.01333532251166742,0.09234943006379985,0.01333532251166742,0.09234943006379985,0.5453611231597536,0.552845947497656,0.5453611231597536,0.552845947497656,0.5453611231597536,0.552845947497656,0.5453611231597536,0.552845947497656,0.5453611231597536,0.552845947497656,0.5453611231597536,0.552845947497656,0.5453611231597536,0.552845947497656,0.5453611231597536,0.552845947497656,0.5453611231597536,0.552845947497656
0.0,0.26,0.26,0.26,0.0570599613152804,0.61,0.61,0.61,0.03019519387604505,0.039048374998826574,0.03019519387604505,0.039048374998826574,0.03019519387604505,0.039048374998826574,0.5769294393372583,0.5293685755039502,0.5769294393372583,0.5293685755039502,0.5769294393372583,0.5293685755039502,0.5769294393372583,0.5293685755039502,0.5769294393372583,0.5293685755039502,0.5769294393372583,0.5293685755039502,0.5769294393372583,0.5293685755039502,0.5769294393372583,0.5293685755039502,0.5769294393372583,0.5293685755039502
0.0,0.3,0.3,0.3,0.0,0.58,0.58,0.58,0.07477268525123379,0.02416022686931548,0.07477268525123379,0.02416022686931548,0.07477268525123379,0.02416022686931548,0.6110648076061859,0.6062159981818364,0.6110648076061859,0.6062159981818364,0.6110648076061859,0.6062159981818364,0.6110648076061859,0.6062159981818364,0.6110648076061859,0.6062159981818364,0.6110648076061859,0.6062159981818364,0.6110648076061859,0.6062159981818364,0.6110648076061859,0.6062159981818364,0.6110648076061859,0.6062159981818364
0.0,0.51,0.51,0.51,0.0,0.56,0.56,0.56,0.0824041214092198,0.16548233383251199,0.0824041214092198,0.16548233383251199,0.0824041214092198,0.16548233383251199,0.6007264178637742,0.6317321928863747,0.6007264178637742,0.6317321928863747,0.6007264178637742,0.6317321928863747,0.6007264178637742,0.6317321928863747,0.6007264178637742,0.6317321928863747,0.6007264178637742,0.6317321928863747,0.6007264178637742,0.6317321928863747,0.6007264178637742,0.6317321928863747,0.6007264178637742,0.6317321928863747
0.0,0.65,0.65,0.65,0.0,0.38,0.38,0.38,0.0760566669222319,0.06076389011851804,0.0760566669222319,0.06076389011851804,0.0760566669222319,0.06076389011851804,0.6340283816802257,0.6170108374468497,0.6340283816802257,0.6170108374468497,0.6340283816802257,0.6170108374468497,0.6340283816802257,0.6170108374468497,0.6340283816802257,0.6170108374468497,0.6340283816802257,0.6170108374468497,0.6340283816802257,0.6170108374468497,0.6340283816802257,0.6170108374468497,0.6340283816802257,0.6170108374468497
0.1279069767441859,0.79,0.79,0.79,0.008217625389629,0.3,0.3,0.3,0.198029352577409,0.11510995169249016,0.198029352577409,0.11510995169249016,0.198029352577409,0.11510995169249016,0.678127940512361,0.6754231451377608,0.678127940512361,0.6754231451377608,0.678127940512361,0.6754231451377608,0.678127940512361,0.6754231451377608,0.678127940512361,0.6754231451377608,0.678127940512361,0.6754231451377608,0.678127940512361,0.6754231451377608,0.678127940512361,0.6754231451377608,0.678127940512361,0.6754231451377608
0.1153846153846154,0.77,0.77,0.77,0.0825688073394494,0.5,0.5,0.5,0.15468725296213223,0.1631592513652242,0.15468725296213223,0.1631592513652242,0.15468725296213223,0.1631592513652242,0.7774422384084709,0.7560067722889051,0.7774422384084709,0.7560067722889051,0.7774422384084709,0.7560067722889051,0.7774422384084709,0.7560067722889051,0.7774422384084709,0.7560067722889051,0.7774422384084709,0.7560067722889051,0.7774422384084709,0.7560067722889051,0.7774422384084709,0.7560067722889051,0.7774422384084709,0.7560067722889051
0.1279069767441859,0.79,0.79,0.79,0.1279069767441861,0.52,0.52,0.52,0.1482758026176487,0.2066626262485628,0.1482758026176487,0.2066626262485628,0.1482758026176487,0.2066626262485628,0.7743980803888094,0.7561550870395749,0.7743980803888094,0.7561550870395749,0.7743980803888094,0.7561550870395749,0.7743980803888094,0.7561550870395749,0.7743980803888094,0.7561550870395749,0.7743980803888094,0.7561550870395749,0.7743980803888094,0.7561550870395749,0.7743980803888094,0.7561550870395749,0.7743980803888094,0.7561550870395749
0.0939977349943372,0.84,0.84,0.84,0.2080479452054794,0.63,0.63,0.63,0.05580538754561411,0.1199402529029123,0.05580538754561411,0.1199402529029123,0.05580538754561411,0.1199402529029123,0.7335050845462184,0.7793335487901473,0.7335050845462184,0.7793335487901473,0.7335050845462184,0.7793335487901473,0.7335050845462184,0.7793335487901473,0.7335050845462184,0.7793335487901473,0.7335050845462184,0.7793335487901473,0.7335050845462184,0.7793335487901473,0.7335050845462184,0.7793335487901473,0.7335050845462184,0.7793335487901473
0.0558912386706947,0.75,0.75,0.75,0.215761285386381,0.59,0.59,0.59,0.06076484995309063,0.09447897246799297,0.06076484995309063,0.09447897246799297,0.06076484995309063,0.09447897246799297,0.578549121879711,0.6069206388239732,0.578549121879711,0.6069206388239732,0.578549121879711,0.6069206388239732,0.578549121879711,0.6069206388239732,0.578549121879711,0.6069206388239732,0.578549121879711,0.6069206388239732,0.578549121879711,0.6069206388239732,0.578549121879711,0.6069206388239732,0.578549121879711,0.6069206388239732
0.0338164251207731,0.64,0.64,0.64,0.2718446601941746,0.67,0.67,0.67,0.05323826258960826,0.054469445695151844,0.05323826258960826,0.054469445695151844,0.05323826258960826,0.054469445695151844,0.5583519658466021,0.5558887661053055,0.5583519658466021,0.5558887661053055,0.5583519658466021,0.5558887661053055,0.5583519658466021,0.5558887661053055,0.5583519658466021,0.5558887661053055,0.5583519658466021,0.5558887661053055,0.5583519658466021,0.5558887661053055,0.5583519658466021,0.5558887661053055,0.5583519658466021,0.5558887661053055
0.0117947083200509,0.38,0.38,0.38,0.2583732057416267,0.69,0.69,0.69,0.02932190229056388,0.024977660557099265,0.02932190229056388,0.024977660557099265,0.02932190229056388,0.024977660557099265,0.5595054800165157,0.5196947866710554,0.5595054800165157,0.5196947866710554,0.5595054800165157,0.5196947866710554,0.5595054800165157,0.5196947866710554,0.5595054800165157,0.5196947866710554,0.5595054800165157,0.5196947866710554,0.5595054800165157,0.5196947866710554,0.5595054800165157,0.5196947866710554,0.5595054800165157,0.5196947866710554
0.0,0.34,0.34,0.34,0.0700218818380744,0.66,0.66,0.66,-0.022450716074589927,0.008661411976751502,-0.022450716074589927,0.008661411976751502,-0.022450716074589927,0.008661411976751502,0.5279531542756685,0.47447102806508196,0.5279531542756685,0.47447102806508196,0.5279531542756685,0.47447102806508196,0.5279531542756685,0.47447102806508196,0.5279531542756685,0.47447102806508196,0.5279531542756685,0.47447102806508196,0.5279531542756685,0.47447102806508196,0.5279531542756685,0.47447102806508196,0.5279531542756685,0.47447102806508196
0.0,0.55,0.55,0.55,0.0,0.55,0.55,0.55,0.002378387021708497,0.030645835194947183,0.002378387021708497,0.030645835194947183,0.002378387021708497,0.030645835194947183,0.567508595768576,0.5397353552518176,0.567508595768576,0.5397353552518176,0.567508595768576,0.5397353552518176,0.567508595768576,0.5397353552518176,0.567508595768576,0.5397353552518176,0.567508595768576,0.5397353552518176,0.567508595768576,0.5397353552518176,0.567508595768576,0.5397353552518176,0.567508595768576,0.5397353552518176
0.0,0.57,0.57,0.57,0.0,0.38,0.38,0.38,0.03684502765152685,0.01228356969744493,0.03684502765152685,0.01228356969744493,0.03684502765152685,0.01228356969744493,0.5622536694286019,0.5739091519121321,0.5622536694286019,0.5739091519121321,0.5622536694286019,0.5739091519121321,0.5622536694286019,0.5739091519121321,0.5622536694286019,0.5739091519121321,0.5622536694286019,0.5739091519121321,0.5622536694286019,0.5739091519121321,0.5622536694286019,0.5739091519121321,0.5622536694286019,0.5739091519121321
0.0,0.64,0.64,0.64,0.0,0.28,0.28,0.28,0.046768747772269206,0.05066863567837016,0.046768747772269206,0.05066863567837016,0.046768747772269206,0.05066863567837016,0.5755462276647709,0.5204368540338822,0.5755462276647709,0.5204368540338822,0.5755462276647709,0.5204368540338822,0.5755462276647709,0.5204368540338822,0.5755462276647709,0.5204368540338822,0.5755462276647709,0.5204368540338822,0.5755462276647709,0.5204368540338822,0.5755462276647709,0.5204368540338822,0.5755462276647709,0.5204368540338822
0.070069204152249,0.57,0.57,0.57,0.0,0.27,0.27,0.27,0.2003456401599863,0.08488445691828209,0.2003456401599863,0.08488445691828209,0.2003456401599863,0.08488445691828209,0.5330243191098173,0.5313051217144338,0.5330243191098173,0.5313051217144338,0.5330243191098173,0.5313051217144338,0.5330243191098173,0.5313051217144338,0.5330243191098173,0.5313051217144338,0.5330243191098173,0.5313051217144338,0.5330243191098173,0.5313051217144338,0.5330243191098173,0.5313051217144338,0.5330243191098173,0.5313051217144338
0.1000529380624669,0.66,0.66,0.66,0.0,0.26,0.26,0.26,0.17164545650145338,0.15834755895216315,0.17164545650145338,0.15834755895216315,0.17164545650145338,0.15834755895216315,0.5723921615719381,0.5481121913517648,0.5723921615719381,0.5481121913517648,0.5723921615719381,0.5481121913517648,0.5723921615719381,0.5481121913517648,0.5723921615719381,0.5481121913517648,0.5723921615719381,0.5481121913517648,0.5723921615719381,0.5481121913517648,0.5723921615719381,0.5481121913517648,0.5723921615719381,0.5481121913517648
0.1407799074686053,0.74,0.74,0.74,0.0,0.26,0.26,0.26,0.17064904682582027,0.1546644241145017,0.17064904682582027,0.1546644241145017,0.17064904682582027,0.1546644241145017,0.6333506362337116,0.5918599816109552,0.6333506362337116,0.5918599816109552,0.6333506362337116,0.5918599816109552,0.6333506362337116,0.5918599816109552,0.6333506362337116,0.5918599816109552,0.6333506362337116,0.5918599816109552,0.6333506362337116,0.5918599816109552,0.6333506362337116,0.5918599816109552,0.6333506362337116,0.5918599816109552
0.1279069767441859,0.79,0.79,0.79,0.0,0.3,0.3,0.3,0.16507102379463198,0.18487328949242582,0.16507102379463198,0.18487328949242582,0.16507102379463198,0.18487328949242582,0.6112595803008004,0.5416806061139617,0.6112595803008004,0.5416806061139617,0.6112595803008004,0.5416806061139617,0.6112595803008004,0.5416806061139617,0.6112595803008004,0.5416806061139617,0.6112595803008004,0.5416806061139617,0.6112595803008004,0.5416806061139617,0.6112595803008004,0.5416806061139617,0.6112595803008004,0.5416806061139617
0.0,0.68,0.68,0.68,0.0,0.51,0.51,0.51,0.03685884449715279,0.13418341132447126,0.03685884449715279,0.13418341132447126,0.03685884449715279,0.13418341132447126,0.5525749197177291,0.5245861808828568,0.5525749197177291,0.5245861808828568,0.5525749197177291,0.5245861808828568,0.5525749197177291,0.5245861808828568,0.5525749197177291,0.5245861808828568,0.5525749197177291,0.5245861808828568,0.5525749197177291,0.5245861808828568,0.5525749197177291,0.5245861808828568,0.5525749197177291,0.5245861808828568
0.0,0.52,0.52,0.52,0.0,0.65,0.65,0.65,0.03938194000316848,0.12660047138081829,0.03938194000316848,0.12660047138081829,0.03938194000316848,0.12660047138081829,0.4713203940341101,0.48974302015589544,0.4713203940341101,0.48974302015589544,0.4713203940341101,0.48974302015589544,0.4713203940341101,0.48974302015589544,0.4713203940341101,0.48974302015589544,0.4713203940341101,0.48974302015589544,0.4713203940341101,0.48974302015589544,0.4713203940341101,0.48974302015589544,0.4713203940341101,0.48974302015589544
0.0151248680970805,0.44,0.44,0.44,0.1279069767441859,0.79,0.79,0.79,0.04385457320433214,0.08214199504967631,0.04385457320433214,0.08214199504967631,0.04385457320433214,0.08214199504967631,0.5203312557251938,0.5078417079721984,0.5203312557251938,0.5078417079721984,0.5203312557251938,0.5078417079721984,0.5203312557251938,0.5078417079721984,0.5203312557251938,0.5078417079721984,0.5203312557251938,0.5078417079721984,0.5203312557251938,0.5078417079721984,0.5203312557251938,0.5078417079721984,0.5203312557251938,0.5078417079721984
0.0170623145400593,0.47,0.47,0.47,0.1153846153846154,0.77,0.77,0.77,0.07814555532186492,0.13507532382182022,0.07814555532186492,0.13507532382182022,0.07814555532186492,0.13507532382182022,0.5696575108026772,0.5330372282778472,0.5696575108026772,0.5330372282778472,0.5696575108026772,0.5330372282778472,0.5696575108026772,0.5330372282778472,0.5696575108026772,0.5330372282778472,0.5696575108026772,0.5330372282778472,0.5696575108026772,0.5330372282778472,0.5696575108026772,0.5330372282778472,0.5696575108026772,0.5330372282778472
0.0352811466372657,0.65,0.65,0.65,0.1279069767441859,0.79,0.79,0.79,0.1447951142399396,0.1304917110078982,0.1447951142399396,0.1304917110078982,0.1447951142399396,0.1304917110078982,0.5981437665430206,0.5524488974387739,0.5981437665430206,0.5524488974387739,0.5981437665430206,0.5524488974387739,0.5981437665430206,0.5524488974387739,0.5981437665430206,0.5524488974387739,0.5981437665430206,0.5524488974387739,0.5981437665430206,0.5524488974387739,0.5981437665430206,0.5524488974387739,0.5981437665430206,0.5524488974387739
0.042027194066749,0.69,0.69,0.69,0.0939977349943372,0.84,0.84,0.84,0.16550723480590762,0.13540856474294438,0.16550723480590762,0.13540856474294438,0.16550723480590762,0.13540856474294438,0.5939623813297116,0.5944674573905913,0.5939623813297116,0.5944674573905913,0.5939623813297116,0.5944674573905913,0.5939623813297116,0.5944674573905913,0.5939623813297116,0.5944674573905913,0.5939623813297116,0.5944674573905913,0.5939623813297116,0.5944674573905913,0.5939623813297116,0.5944674573905913,0.5939623813297116,0.5944674573905913
0.0352811466372657,0.65,0.65,0.65,0.0558912386706947,0.75,0.75,0.75,0.11850575013011723,0.08995126888897995,0.11850575013011723,0.08995126888897995,0.11850575013011723,0.08995126888897995,0.5682727223088845,0.5624400258637055,0.5682727223088845,0.5624400258637055,0.5682727223088845,0.5624400258637055,0.5682727223088845,0.5624400258637055,0.5682727223088845,0.5624400258637055,0.5682727223088845,0.5624400258637055,0.5682727223088845,0.5624400258637055,0.5682727223088845,0.5624400258637055,0.5682727223088845,0.5624400258637055
0.1747572815533981,0.66,0.66,0.66,0.0338164251207731,0.64,0.64,0.64,0.3116379986809543,0.4934376551604394,0.3116379986809543,0.4934376551604394,0.3116379986809543,0.4934376551604394,0.8027690794335633,0.8423080553366986,0.8027690794335633,0.8423080553366986,0.8027690794335633,0.8423080553366986,0.8027690794335633,0.8423080553366986,0.8027690794335633,0.8423080553366986,0.8027690794335633,0.8423080553366986,0.8027690794335633,0.8423080553366986,0.8027690794335633,0.8423080553366986,0.8027690794335633,0.8423080553366986
0.2549668874172186,0.73,0.73,0.73,0.0117947083200509,0.38,0.38,0.38,0.34934392312613194,0.5511787756071477,0.34934392312613194,0.5511787756071477,0.34934392312613194,0.5511787756071477,0.8501769117522118,0.8321918310527182,0.8501769117522118,0.8321918310527182,0.8501769117522118,0.8321918310527182,0.8501769117522118,0.8321918310527182,0.8501769117522118,0.8321918310527182,0.8501769117522118,0.8321918310527182,0.8501769117522118,0.8321918310527182,0.8501769117522118,0.8321918310527182,0.8501769117522118,0.8321918310527182
0.3214285714285714,0.81,0.81,0.81,0.0,0.34,0.34,0.34,0.28608959928062405,0.42976417525512267,0.28608959928062405,0.42976417525512267,0.28608959928062405,0.42976417525512267,0.8000495376332059,0.7589683776697043,0.8000495376332059,0.7589683776697043,0.8000495376332059,0.7589683776697043,0.8000495376332059,0.7589683776697043,0.8000495376332059,0.7589683776697043,0.8000495376332059,0.7589683776697043,0.8000495376332059,0.7589683776697043,0.8000495376332059,0.7589683776697043,0.8000495376332059,0.7589683776697043
0.3381866313699536,0.8,0.8,0.8,0.0,0.55,0.55,0.55,0.278961578127425,0.5102259413729717,0.278961578127425,0.5102259413729717,0.278961578127425,0.5102259413729717,0.8353511879565015,0.8277007726411799,0.8353511879565015,0.8277007726411799,0.8353511879565015,0.8277007726411799,0.8353511879565015,0.8277007726411799,0.8353511879565015,0.8277007726411799,0.8353511879565015,0.8277007726411799,0.8353511879565015,0.8277007726411799,0.8353511879565015,0.8277007726411799,0.8353511879565015,0.8277007726411799
0.4509516837481698,0.85,0.85,0.85,0.0,0.57,0.57,0.57,0.21762197532777025,0.26474594621672976,0.21762197532777025,0.26474594621672976,0.21762197532777025,0.26474594621672976,0.7147833778384041,0.618484671866157,0.7147833778384041,0.618484671866157,0.7147833778384041,0.618484671866157,0.7147833778384041,0.618484671866157,0.7147833778384041,0.618484671866157,0.7147833778384041,0.618484671866157,0.7147833778384041,0.618484671866157,0.7147833778384041,0.618484671866157,0.7147833778384041,0.618484671866157
0.5356935577481138,0.84,0.84,0.84,0.0,0.64,0.64,0.64,0.437793431862758,0.5716910161461951,0.437793431862758,0.5716910161461951,0.437793431862758,0.5716910161461951,0.775968933821944,0.7885950191468041,0.775968933821944,0.7885950191468041,0.775968933821944,0.7885950191468041,0.775968933821944,0.7885950191468041,0.775968933821944,0.7885950191468041,0.775968933821944,0.7885950191468041,0.775968933821944,0.7885950191468041,0.775968933821944,0.7885950191468041,0.775968933821944,0.7885950191468041
0.5755003032140691,0.86,0.86,0.86,0.070069204152249,0.57,0.57,0.57,0.40612016191165107,0.5592768527883976,0.40612016191165107,0.5592768527883976,0.40612016191165107,0.5592768527883976,0.7381356054864753,0.718148834206297,0.7381356054864753,0.718148834206297,0.7381356054864753,0.718148834206297,0.7381356054864753,0.718148834206297,0.7381356054864753,0.718148834206297,0.7381356054864753,0.718148834206297,0.7381356054864753,0.718148834206297,0.7381356054864753,0.718148834206297,0.7381356054864753,0.718148834206297
0.6268656716417911,0.89,0.89,0.89,0.1000529380624669,0.66,0.66,0.66,0.5645209067075619,0.4150842790646433,0.5645209067075619,0.4150842790646433,0.5645209067075619,0.4150842790646433,0.8231335155965971,0.7393274230211834,0.8231335155965971,0.7393274230211834,0.8231335155965971,0.7393274230211834,0.8231335155965971,0.7393274230211834,0.8231335155965971,0.7393274230211834,0.8231335155965971,0.7393274230211834,0.8231335155965971,0.7393274230211834,0.8231335155965971,0.7393274230211834,0.8231335155965971,0.7393274230211834
0.5356935577481138,0.84,0.84,0.84,0.1407799074686053,0.74,0.74,0.74,0.3985756397963149,0.5312910694896676,0.3985756397963149,0.5312910694896676,0.3985756397963149,0.5312910694896676,0.8209336781096795,0.8231957991580353,0.8209336781096795,0.8231957991580353,0.8209336781096795,0.8231957991580353,0.8209336781096795,0.8231957991580353,0.8209336781096795,0.8231957991580353,0.8209336781096795,0.8231957991580353,0.8209336781096795,0.8231957991580353,0.8209336781096795,0.8231957991580353,0.8209336781096795,0.8231957991580353
0.5967741935483871,0.87,0.87,0.87,0.1279069767441859,0.79,0.79,0.79,0.5484543100526404,0.5969376068083466,0.5484543100526404,0.5969376068083466,0.5484543100526404,0.5969376068083466,0.8139891231679988,0.8722700603497863,0.8139891231679988,0.8722700603497863,0.8139891231679988,0.8722700603497863,0.8139891231679988,0.8722700603497863,0.8139891231679988,0.8722700603497863,0.8139891231679988,0.8722700603497863,0.8139891231679988,0.8722700603497863,0.8139891231679988,0.8722700603497863,0.8139891231679988,0.8722700603497863
0.5192307692307692,0.87,0.87,0.87,0.0,0.68,0.68,0.68,0.34746904223237196,0.521594877518024,0.34746904223237196,0.521594877518024,0.34746904223237196,0.521594877518024,0.8156423285747202,0.8209927440055875,0.8156423285747202,0.8209927440055875,0.8156423285747202,0.8209927440055875,0.8156423285747202,0.8209927440055875,0.8156423285747202,0.8209927440055875,0.8156423285747202,0.8209927440055875,0.8156423285747202,0.8209927440055875,0.8156423285747202,0.8209927440055875,0.8156423285747202,0.8209927440055875
0.4318181818181817,0.84,0.84,0.84,0.0,0.52,0.52,0.52,0.34822826176966726,0.5182511086887702,0.34822826176966726,0.5182511086887702,0.34822826176966726,0.5182511086887702,0.8153245310868992,0.8752181524583532,0.8153245310868992,0.8752181524583532,0.8153245310868992,0.8752181524583532,0.8153245310868992,0.8752181524583532,0.8153245310868992,0.8752181524583532,0.8153245310868992,0.8752181524583532,0.8153245310868992,0.8752181524583532,0.8153245310868992,0.8752181524583532,0.8153245310868992,0.8752181524583532
0.3478260869565217,0.85,0.85,0.85,0.0151248680970805,0.44,0.44,0.44,0.269673537366576,0.32380799439398245,0.269673537366576,0.32380799439398245,0.269673537366576,0.32380799439398245,0.7727759120816005,0.7742399221112423,0.7727759120816005,0.7742399221112423,0.7727759120816005,0.7742399221112423,0.7727759120816005,0.7742399221112423,0.7727759120816005,0.7742399221112423,0.7727759120816005,0.7742399221112423,0.7727759120816005,0.7742399221112423,0.7727759120816005,0.7742399221112423,0.7727759120816005,0.7742399221112423
0.1425992779783392,0.81,0.81,0.81,0.0170623145400593,0.47,0.47,0.47,0.13041396644939074,0.24492060659336715,0.13041396644939074,0.24492060659336715,0.13041396644939074,0.24492060659336715,0.6158862139916709,0.6473953810549846,0.6158862139916709,0.6473953810549846,0.6158862139916709,0.6473953810549846,0.6158862139916709,0.6473953810549846,0.6158862139916709,0.6473953810549846,0.6158862139916709,0.6473953810549846,0.6158862139916709,0.6473953810549846,0.6158862139916709,0.6473953810549846,0.6158862139916709,0.6473953810549846
0.1812227074235808,0.85,0.85,0.85,0.0352811466372657,0.65,0.65,0.65,0.1409714694123897,0.20327507943011427,0.1409714694123897,0.20327507943011427,0.1409714694123897,0.20327507943011427,0.6396829335771482,0.6339013816891022,0.6396829335771482,0.6339013816891022,0.6396829335771482,0.6339013816891022,0.6396829335771482,0.6339013816891022,0.6396829335771482,0.6339013816891022,0.6396829335771482,0.6339013816891022,0.6396829335771482,0.6339013816891022,0.6396829335771482,0.6339013816891022,0.6396829335771482,0.6339013816891022
0.0939977349943372,0.84,0.84,0.84,0.042027194066749,0.69,0.69,0.69,0.13265124535380868,0.2070359442152668,0.13265124535380868,0.2070359442152668,0.13265124535380868,0.2070359442152668,0.5202520169358973,0.5076849647791642,0.5202520169358973,0.5076849647791642,0.5202520169358973,0.5076849647791642,0.5202520169358973,0.5076849647791642,0.5202520169358973,0.5076849647791642,0.5202520169358973,0.5076849647791642,0.5202520169358973,0.5076849647791642,0.5202520169358973,0.5076849647791642,0.5202520169358973,0.5076849647791642
0.0939977349943372,0.84,0.84,0.84,0.0352811466372657,0.65,0.65,0.65,0.07978372837169873,0.10485780506097951,0.07978372837169873,0.10485780506097951,0.07978372837169873,0.10485780506097951,0.5491542825121046,0.5181035552363453,0.5491542825121046,0.5181035552363453,0.5491542825121046,0.5181035552363453,0.5491542825121046,0.5181035552363453,0.5491542825121046,0.5181035552363453,0.5491542825121046,0.5181035552363453,0.5491542825121046,0.5181035552363453,0.5491542825121046,0.5181035552363453,0.5491542825121046,0.5181035552363453
0.0,0.79,0.79,0.79,0.1747572815533981,0.66,0.66,0.66,0.04223597842717615,0.09579877628185764,0.04223597842717615,0.09579877628185764,0.04223597842717615,0.09579877628185764,0.5308224737520824,0.5006725990944411,0.5308224737520824,0.5006725990944411,0.5308224737520824,0.5006725990944411,0.5308224737520824,0.5006725990944411,0.5308224737520824,0.5006725990944411,0.5308224737520824,0.5006725990944411,0.5308224737520824,0.5006725990944411,0.5308224737520824,0.5006725990944411,0.5308224737520824,0.5006725990944411
0.0,0.73,0.73,0.73,0.2549668874172186,0.73,0.73,0.73,0.028625931696968938,0.04435592839647162,0.028625931696968938,0.04435592839647162,0.028625931696968938,0.04435592839647162,0.5157687810899793,0.5002631323612485,0.5157687810899793,0.5002631323612485,0.5157687810899793,0.5002631323612485,0.5157687810899793,0.5002631323612485,0.5157687810899793,0.5002631323612485,0.5157687810899793,0.5002631323612485,0.5157687810899793,0.5002631323612485,0.5157687810899793,0.5002631323612485,0.5157687810899793,0.5002631323612485
0.0,0.68,0.68,0.68,0.3214285714285714,0.81,0.81,0.81,0.033407940282913044,0.05944339437174374,0.033407940282913044,0.05944339437174374,0.033407940282913044,0.05944339437174374,0.5437296522148777,0.5260607856770446,0.5437296522148777,0.5260607856770446,0.5437296522148777,0.5260607856770446,0.5437296522148777,0.5260607856770446,0.5437296522148777,0.5260607856770446,0.5437296522148777,0.5260607856770446,0.5437296522148777,0.5260607856770446,0.5437296522148777,0.5260607856770446,0.5437296522148777,0.5260607856770446
0.0,0.6,0.6,0.6,0.3381866313699536,0.8,0.8,0.8,0.05217889032033743,0.05706146237911118,0.05217889032033743,0.05706146237911118,0.05217889032033743,0.05706146237911118,0.5713513140542198,0.5394939364110217,0.5713513140542198,0.5394939364110217,0.5713513140542198,0.5394939364110217,0.5713513140542198,0.5394939364110217,0.5713513140542198,0.5394939364110217,0.5713513140542198,0.5394939364110217,0.5713513140542198,0.5394939364110217,0.5713513140542198,0.5394939364110217,0.5713513140542198,0.5394939364110217
0.0,0.58,0.58,0.58,0.4509516837481698,0.85,0.85,0.85,0.08517401498697448,0.04988671065846072,0.08517401498697448,0.04988671065846072,0.08517401498697448,0.04988671065846072,0.48331599868049074,0.5683087198424291,0.48331599868049074,0.5683087198424291,0.48331599868049074,0.5683087198424291,0.48331599868049074,0.5683087198424291,0.48331599868049074,0.5683087198424291,0.48331599868049074,0.5683087198424291,0.48331599868049074,0.5683087198424291,0.48331599868049074,0.5683087198424291,0.48331599868049074,0.5683087198424291
0.0999999999999999,0.55,0.55,0.55,0.5356935577481138,0.84,0.84,0.84,0.19162097753612262,0.20402503937422944,0.19162097753612262,0.20402503937422944,0.19162097753612262,0.20402503937422944,0.6464114731248801,0.6949720348181563,0.6464114731248801,0.6949720348181563,0.6464114731248801,0.6949720348181563,0.6464114731248801,0.6949720348181563,0.6464114731248801,0.6949720348181563,0.6464114731248801,0.6949720348181563,0.6464114731248801,0.6949720348181563,0.6464114731248801,0.6949720348181563,0.6464114731248801,0.6949720348181563
0.296116504854369,0.71,0.71,0.71,0.5755003032140691,0.86,0.86,0.86,0.364625355906293,0.3671883127785609,0.364625355906293,0.3671883127785609,0.364625355906293,0.3671883127785609,0.8067288713515937,0.7871948892160093,0.8067288713515937,0.7871948892160093,0.8067288713515937,0.7871948892160093,0.8067288713515937,0.7871948892160093,0.8067288713515937,0.7871948892160093,0.8067288713515937,0.7871948892160093,0.8067288713515937,0.7871948892160093,0.8067288713515937,0.7871948892160093,0.8067288713515937,0.7871948892160093
0.4186046511627908,0.78,0.78,0.78,0.6268656716417911,0.89,0.89,0.89,0.3788242165945059,0.39245070190553955,0.3788242165945059,0.39245070190553955,0.3788242165945059,0.39245070190553955,0.856196308307051,0.8060772370938163,0.856196308307051,0.8060772370938163,0.856196308307051,0.8060772370938163,0.856196308307051,0.8060772370938163,0.856196308307051,0.8060772370938163,0.856196308307051,0.8060772370938163,0.856196308307051,0.8060772370938163,0.856196308307051,0.8060772370938163,0.856196308307051,0.8060772370938163
0.4712990936555891,0.86,0.86,0.86,0.5356935577481138,0.84,0.84,0.84,0.39476153985635565,0.2969726693075498,0.39476153985635565,0.2969726693075498,0.39476153985635565,0.2969726693075498,0.793314748766384,0.7701104689477273,0.793314748766384,0.7701104689477273,0.793314748766384,0.7701104689477273,0.793314748766384,0.7701104689477273,0.793314748766384,0.7701104689477273,0.793314748766384,0.7701104689477273,0.793314748766384,0.7701104689477273,0.793314748766384,0.7701104689477273,0.793314748766384,0.7701104689477273
0.2857142857142857,0.84,0.84,0.84,0.5967741935483871,0.87,0.87,0.87,0.2011868739562874,0.19400982182923474,0.2011868739562874,0.19400982182923474,0.2011868739562874,0.19400982182923474,0.618576267092385,0.6396524565158033,0.618576267092385,0.6396524565158033,0.618576267092385,0.6396524565158033,0.618576267092385,0.6396524565158033,0.618576267092385,0.6396524565158033,0.618576267092385,0.6396524565158033,0.618576267092385,0.6396524565158033,0.618576267092385,0.6396524565158033,0.618576267092385,0.6396524565158033
0.262381454162276,0.86,0.86,0.86,0.5192307692307692,0.87,0.87,0.87,0.14277258858778213,0.23454752114652344,0.14277258858778213,0.23454752114652344,0.14277258858778213,0.23454752114652344,0.6122190793795798,0.5926464596130783,0.6122190793795798,0.5926464596130783,0.6122190793795798,0.5926464596130783,0.6122190793795798,0.5926464596130783,0.6122190793795798,0.5926464596130783,0.6122190793795798,0.5926464596130783,0.6122190793795798,0.5926464596130783,0.6122190793795798,0.5926464596130783,0.6122190793795798,0.5926464596130783
0.2605633802816901,0.79,0.79,0.79,0.4318181818181817,0.84,0.84,0.84,0.18341768767734298,0.20310887254806467,0.18341768767734298,0.20310887254806467,0.18341768767734298,0.20310887254806467,0.5144372154550201,0.5372152717966425,0.5144372154550201,0.5372152717966425,0.5144372154550201,0.5372152717966425,0.5144372154550201,0.5372152717966425,0.5144372154550201,0.5372152717966425,0.5144372154550201,0.5372152717966425,0.5144372154550201,0.5372152717966425,0.5144372154550201,0.5372152717966425,0.5144372154550201,0.5372152717966425
0.2677824267782426,0.72,0.72,0.72,0.3478260869565217,0.85,0.85,0.85,0.19904967176969357,0.11851506072434775,0.19904967176969357,0.11851506072434775,0.19904967176969357,0.11851506072434775,0.5516726388392001,0.5666659306343603,0.5516726388392001,0.5666659306343603,0.5516726388392001,0.5666659306343603,0.5516726388392001,0.5666659306343603,0.5516726388392001,0.5666659306343603,0.5516726388392001,0.5666659306343603,0.5516726388392001,0.5666659306343603,0.5516726388392001,0.5666659306343603,0.5516726388392001,0.5666659306343603
0.2679355783308932,0.7,0.7,0.7,0.1425992779783392,0.81,0.81,0.81,0.2238869037424401,0.195886778180777,0.2238869037424401,0.195886778180777,0.2238869037424401,0.195886778180777,0.7273922062944829,0.7005984918791757,0.7273922062944829,0.7005984918791757,0.7273922062944829,0.7005984918791757,0.7273922062944829,0.7005984918791757,0.7273922062944829,0.7005984918791757,0.7273922062944829,0.7005984918791757,0.7273922062944829,0.7005984918791757,0.7273922062944829,0.7005984918791757,0.7273922062944829,0.7005984918791757
0.3473325766174802,0.77,0.77,0.77,0.1812227074235808,0.85,0.85,0.85,0.2869085355930741,0.26857670659090194,0.2869085355930741,0.26857670659090194,0.2869085355930741,0.26857670659090194,0.7800659722924711,0.8067885453505204,0.7800659722924711,0.8067885453505204,0.7800659722924711,0.8067885453505204,0.7800659722924711,0.8067885453505204,0.7800659722924711,0.8067885453505204,0.7800659722924711,0.8067885453505204,0.7800659722924711,0.8067885453505204,0.7800659722924711,0.8067885453505204,0.7800659722924711,0.8067885453505204
0.3112085159674389,0.78,0.78,0.78,0.0939977349943372,0.84,0.84,0.84,0.2953497006178001,0.2698416309539822,0.2953497006178001,0.2698416309539822,0.2953497006178001,0.2698416309539822,0.7385987344691352,0.7425439909455541,0.7385987344691352,0.7425439909455541,0.7385987344691352,0.7425439909455541,0.7385987344691352,0.7425439909455541,0.7385987344691352,0.7425439909455541,0.7385987344691352,0.7425439909455541,0.7385987344691352,0.7425439909455541,0.7385987344691352,0.7425439909455541,0.7385987344691352,0.7425439909455541
0.2448330683624799,0.81,0.81,0.81,0.0939977349943372,0.84,0.84,0.84,0.252510962660673,0.268516716314506,0.252510962660673,0.268516716314506,0.252510962660673,0.268516716314506,0.7272114392159326,0.7940137622186225,0.7272114392159326,0.7940137622186225,0.7272114392159326,0.7940137622186225,0.7272114392159326,0.7940137622186225,0.7272114392159326,0.7940137622186225,0.7272114392159326,0.7940137622186225,0.7272114392159326,0.7940137622186225,0.7272114392159326,0.7940137622186225,0.7272114392159326,0.7940137622186225
0.1233373639661425,0.71,0.71,0.71,0.0,0.79,0.79,0.79,0.17297889302752822,0.17739176880935312,0.17297889302752822,0.17739176880935312,0.17297889302752822,0.17739176880935312,0.686421155655238,0.7105150843595079,0.686421155655238,0.7105150843595079,0.686421155655238,0.7105150843595079,0.686421155655238,0.7105150843595079,0.686421155655238,0.7105150843595079,0.686421155655238,0.7105150843595079,0.686421155655238,0.7105150843595079,0.686421155655238,0.7105150843595079,0.686421155655238,0.7105150843595079
0.2718446601941746,0.67,0.67,0.67,0.0,0.73,0.73,0.73,0.3629847001524301,0.5383089153622505,0.3629847001524301,0.5383089153622505,0.3629847001524301,0.5383089153622505,0.7768475939578956,0.8414249040963971,0.7768475939578956,0.8414249040963971,0.7768475939578956,0.8414249040963971,0.7768475939578956,0.8414249040963971,0.7768475939578956,0.8414249040963971,0.7768475939578956,0.8414249040963971,0.7768475939578956,0.8414249040963971,0.7768475939578956,0.8414249040963971,0.7768475939578956,0.8414249040963971
0.3399999999999999,0.67,0.67,0.67,0.0,0.68,0.68,0.68,0.3473925351448707,0.5881977777017822,0.3473925351448707,0.5881977777017822,0.3473925351448707,0.5881977777017822,0.8136562878048186,0.8433184540547847,0.8136562878048186,0.8433184540547847,0.8136562878048186,0.8433184540547847,0.8136562878048186,0.8433184540547847,0.8136562878048186,0.8433184540547847,0.8136562878048186,0.8433184540547847,0.8136562878048186,0.8433184540547847,0.8136562878048186,0.8433184540547847,0.8136562878048186,0.8433184540547847
0.4552882433045847,0.76,0.76,0.76,0.0,0.6,0.6,0.6,0.4104569816813926,0.6115039602408225,0.4104569816813926,0.6115039602408225,0.4104569816813926,0.6115039602408225,0.8765330502710241,0.8925822055961555,0.8765330502710241,0.8925822055961555,0.8765330502710241,0.8925822055961555,0.8765330502710241,0.8925822055961555,0.8765330502710241,0.8925822055961555,0.8765330502710241,0.8925822055961555,0.8765330502710241,0.8925822055961555,0.8765330502710241,0.8925822055961555,0.8765330502710241,0.8925822055961555
0.6031746031746033,0.88,0.88,0.88,0.0,0.58,0.58,0.58,0.4230491480769903,0.4084616664967503,0.4230491480769903,0.4084616664967503,0.4230491480769903,0.4084616664967503,0.6754373020068749,0.6137515708946336,0.6754373020068749,0.6137515708946336,0.6754373020068749,0.6137515708946336,0.6754373020068749,0.6137515708946336,0.6754373020068749,0.6137515708946336,0.6754373020068749,0.6137515708946336,0.6754373020068749,0.6137515708946336,0.6754373020068749,0.6137515708946336,0.6754373020068749,0.6137515708946336
0.0825688073394493,0.82,0.82,0.82,0.0999999999999999,0.55,0.55,0.55,0.06682625473804472,0.08137820301427355,0.06682625473804472,0.08137820301427355,0.06682625473804472,0.08137820301427355,0.5507340237045526,0.5853435434416733,0.5507340237045526,0.5853435434416733,0.5507340237045526,0.5853435434416733,0.5507340237045526,0.5853435434416733,0.5507340237045526,0.5853435434416733,0.5507340237045526,0.5853435434416733,0.5507340237045526,0.5853435434416733,0.5507340237045526,0.5853435434416733,0.5507340237045526,0.5853435434416733
0.1408114558472555,0.64,0.64,0.64,0.296116504854369,0.71,0.71,0.71,0.15018616852591024,0.09331294915212206,0.15018616852591024,0.09331294915212206,0.15018616852591024,0.09331294915212206,0.5336821076900543,0.5255145257504898,0.5336821076900543,0.5255145257504898,0.5336821076900543,0.5255145257504898,0.5336821076900543,0.5255145257504898,0.5336821076900543,0.5255145257504898,0.5336821076900543,0.5255145257504898,0.5336821076900543,0.5255145257504898,0.5336821076900543,0.5255145257504898,0.5336821076900543,0.5255145257504898
0.1521197007481295,0.66,0.66,0.66,0.4186046511627908,0.78,0.78,0.78,0.1639676381983275,0.17515860711232484,0.1639676381983275,0.17515860711232484,0.1639676381983275,0.17515860711232484,0.724368156447588,0.6714999105202856,0.724368156447588,0.6714999105202856,0.724368156447588,0.6714999105202856,0.724368156447588,0.6714999105202856,0.724368156447588,0.6714999105202856,0.724368156447588,0.6714999105202856,0.724368156447588,0.6714999105202856,0.724368156447588,0.6714999105202856,0.724368156447588,0.6714999105202856
0.1408114558472555,0.64,0.64,0.64,0.4712990936555891,0.86,0.86,0.86,0.256438508340439,0.32510501354789356,0.256438508340439,0.32510501354789356,0.256438508340439,0.32510501354789356,0.7727807038320428,0.7738935454111632,0.7727807038320428,0.7738935454111632,0.7727807038320428,0.7738935454111632,0.7727807038320428,0.7738935454111632,0.7727807038320428,0.7738935454111632,0.7727807038320428,0.7738935454111632,0.7727807038320428,0.7738935454111632,0.7727807038320428,0.7738935454111632,0.7727807038320428,0.7738935454111632
0.0869017632241813,0.71,0.71,0.71,0.2857142857142857,0.84,0.84,0.84,0.16102376534578475,0.2158622556654051,0.16102376534578475,0.2158622556654051,0.16102376534578475,0.2158622556654051,0.7760350003163468,0.7576427380606935,0.7760350003163468,0.7576427380606935,0.7760350003163468,0.7576427380606935,0.7760350003163468,0.7576427380606935,0.7760350003163468,0.7576427380606935,0.7760350003163468,0.7576427380606935,0.7760350003163468,0.7576427380606935,0.7760350003163468,0.7576427380606935,0.7760350003163468,0.7576427380606935
0.0298507462686568,0.61,0.61,0.61,0.262381454162276,0.86,0.86,0.86,0.11561352315789415,0.14914799037850462,0.11561352315789415,0.14914799037850462,0.11561352315789415,0.14914799037850462,0.6356115461444118,0.7062861907642711,0.6356115461444118,0.7062861907642711,0.6356115461444118,0.7062861907642711,0.6356115461444118,0.7062861907642711,0.6356115461444118,0.7062861907642711,0.6356115461444118,0.7062861907642711,0.6356115461444118,0.7062861907642711,0.6356115461444118,0.7062861907642711,0.6356115461444118,0.7062861907642711
0.0275142314990511,0.59,0.59,0.59,0.2605633802816901,0.79,0.79,0.79,0.12905468079736004,0.23696943952803015,0.12905468079736004,0.23696943952803015,0.12905468079736004,0.23696943952803015,0.7161518636466521,0.6864324922403103,0.7161518636466521,0.6864324922403103,0.7161518636466521,0.6864324922403103,0.7161518636466521,0.6864324922403103,0.7161518636466521,0.6864324922403103,0.7161518636466521,0.6864324922403103,0.7161518636466521,0.6864324922403103,0.7161518636466521,0.6864324922403103,0.7161518636466521,0.6864324922403103
0.0298507462686568,0.61,0.61,0.61,0.2677824267782426,0.72,0.72,0.72,0.12743390287980566,0.1674754024207436,0.12743390287980566,0.1674754024207436,0.12743390287980566,0.1674754024207436,0.7062790429730165,0.6935586083426504,0.7062790429730165,0.6935586083426504,0.7062790429730165,0.6935586083426504,0.7062790429730165,0.6935586083426504,0.7062790429730165,0.6935586083426504,0.7062790429730165,0.6935586083426504,0.7062790429730165,0.6935586083426504,0.7062790429730165,0.6935586083426504,0.7062790429730165,0.6935586083426504
0.0,0.69,0.69,0.69,0.2679355783308932,0.7,0.7,0.7,0.0632487769120366,0.14995767964559026,0.0632487769120366,0.14995767964559026,0.0632487769120366,0.14995767964559026,0.6087141979389693,0.582710700888036,0.6087141979389693,0.582710700888036,0.6087141979389693,0.582710700888036,0.6087141979389693,0.582710700888036,0.6087141979389693,0.582710700888036,0.6087141979389693,0.582710700888036,0.6087141979389693,0.582710700888036,0.6087141979389693,0.582710700888036,0.6087141979389693,0.582710700888036
0.0,0.73,0.73,0.73,0.3473325766174802,0.77,0.77,0.77,0.0511831447843915,0.1231034105749628,0.0511831447843915,0.1231034105749628,0.0511831447843915,0.1231034105749628,0.57738674314685,0.5521600295202456,0.57738674314685,0.5521600295202456,0.57738674314685,0.5521600295202456,0.57738674314685,0.5521600295202456,0.57738674314685,0.5521600295202456,0.57738674314685,0.5521600295202456,0.57738674314685,0.5521600295202456,0.57738674314685,0.5521600295202456,0.57738674314685,0.5521600295202456
0.0,0.73,0.73,0.73,0.3112085159674389,0.78,0.78,0.78,0.031460366672989896,0.06494586208131577,0.031460366672989896,0.06494586208131577,0.031460366672989896,0.06494586208131577,0.5428116462557776,0.6043707794494642,0.5428116462557776,0.6043707794494642,0.5428116462557776,0.6043707794494642,0.5428116462557776,0.6043707794494642,0.5428116462557776,0.6043707794494642,0.5428116462557776,0.6043707794494642,0.5428116462557776,0.6043707794494642,0.5428116462557776,0.6043707794494642,0.5428116462557776,0.6043707794494642
0.0,0.59,0.59,0.59,0.2448330683624799,0.81,0.81,0.81,0.014827181057317469,0.04044007067778758,0.014827181057317469,0.04044007067778758,0.014827181057317469,0.04044007067778758,0.534302978900985,0.511079747696034,0.534302978900985,0.511079747696034,0.534302978900985,0.511079747696034,0.534302978900985,0.511079747696034,0.534302978900985,0.511079747696034,0.534302978900985,0.511079747696034,0.534302978900985,0.511079747696034,0.534302978900985,0.511079747696034,0.534302978900985,0.511079747696034
0.0,0.33,0.33,0.33,0.1233373639661425,0.71,0.71,0.71,0.010748678979443909,0.009843184400981801,0.010748678979443909,0.009843184400981801,0.010748678979443909,0.009843184400981801,0.48493018209046745,0.46831570028520614,0.48493018209046745,0.46831570028520614,0.48493018209046745,0.46831570028520614,0.48493018209046745,0.46831570028520614,0.48493018209046745,0.46831570028520614,0.48493018209046745,0.46831570028520614,0.48493018209046745,0.46831570028520614,0.48493018209046745,0.46831570028520614,0.48493018209046745,0.46831570028520614
0.0,0.28,0.28,0.28,0.2718446601941746,0.67,0.67,0.67,0.0040427989726578425,-0.010948668400771069,0.0040427989726578425,-0.010948668400771069,0.0040427989726578425,-0.010948668400771069,0.5164411416347481,0.4725224381641846,0.5164411416347481,0.4725224381641846,0.5164411416347481,0.4725224381641846,0.5164411416347481,0.4725224381641846,0.5164411416347481,0.4725224381641846,0.5164411416347481,0.4725224381641846,0.5164411416347481,0.4725224381641846,0.5164411416347481,0.4725224381641846,0.5164411416347481,0.4725224381641846
0.0,0.41,0.41,0.41,0.3399999999999999,0.67,0.67,0.67,0.008374790020261726,0.007466132823281779,0.008374790020261726,0.007466132823281779,0.008374790020261726,0.007466132823281779,0.584058394112287,0.5259849338509194,0.584058394112287,0.5259849338509194,0.584058394112287,0.5259849338509194,0.584058394112287,0.5259849338509194,0.584058394112287,0.5259849338509194,0.584058394112287,0.5259849338509194,0.584058394112287,0.5259849338509194,0.584058394112287,0.5259849338509194,0.584058394112287,0.5259849338509194
0.0,0.6,0.6,0.6,0.4552882433045847,0.76,0.76,0.76,0.028658045171916877,0.038480842405726697,0.028658045171916877,0.038480842405726697,0.028658045171916877,0.038480842405726697,0.6229690545796253,0.5700745155019006,0.6229690545796253,0.5700745155019006,0.6229690545796253,0.5700745155019006,0.6229690545796253,0.5700745155019006,0.6229690545796253,0.5700745155019006,0.6229690545796253,0.5700745155019006,0.6229690545796253,0.5700745155019006,0.6229690545796253,0.5700745155019006,0.6229690545796253,0.5700745155019006
0.0,0.69,0.69,0.69,0.6031746031746033,0.88,0.88,0.88,0.043066820180727286,0.06476956526434617,0.043066820180727286,0.06476956526434617,0.043066820180727286,0.06476956526434617,0.6235184228289272,0.6223152448493129,0.6235184228289272,0.6223152448493129,0.6235184228289272,0.6223152448493129,0.6235184228289272,0.6223152448493129,0.6235184228289272,0.6223152448493129,0.6235184228289272,0.6223152448493129,0.6235184228289272,0.6223152448493129,0.6235184228289272,0.6223152448493129,0.6235184228289272,0.6223152448493129
0.0,0.67,0.67,0.67,0.0825688073394493,0.82,0.82,0.82,0.007283488726708046,0.022818617882916538,0.007283488726708046,0.022818617882916538,0.007283488726708046,0.022818617882916538,0.479113335896275,0.48049923588594196,0.479113335896275,0.48049923588594196,0.479113335896275,0.48049923588594196,0.479113335896275,0.48049923588594196,0.479113335896275,0.48049923588594196,0.479113335896275,0.48049923588594196,0.479113335896275,0.48049923588594196,0.479113335896275,0.48049923588594196,0.479113335896275,0.48049923588594196
0.0,0.67,0.67,0.67,0.1408114558472555,0.64,0.64,0.64,0.012168769799242913,0.04336589527457428,0.012168769799242913,0.04336589527457428,0.012168769799242913,0.04336589527457428,0.6087644724843648,0.5703996201916433,0.6087644724843648,0.5703996201916433,0.6087644724843648,0.5703996201916433,0.6087644724843648,0.5703996201916433,0.6087644724843648,0.5703996201916433,0.6087644724843648,0.5703996201916433,0.6087644724843648,0.5703996201916433,0.6087644724843648,0.5703996201916433,0.6087644724843648,0.5703996201916433
0.0,0.66,0.66,0.66,0.1521197007481295,0.66,0.66,0.66,0.004679057474344703,0.02110728399810425,0.004679057474344703,0.02110728399810425,0.004679057474344703,0.02110728399810425,0.5037893713952545,0.5416200205906411,0.5037893713952545,0.5416200205906411,0.5037893713952545,0.5416200205906411,0.5037893713952545,0.5416200205906411,0.5037893713952545,0.5416200205906411,0.5037893713952545,0.5416200205906411,0.5037893713952545,0.5416200205906411,0.5037893713952545,0.5416200205906411,0.5037893713952545,0.5416200205906411
0.0,0.58,0.58,0.58,0.1408114558472555,0.64,0.64,0.64,-0.0009314438017178348,0.024100107591889706,-0.0009314438017178348,0.024100107591889706,-0.0009314438017178348,0.024100107591889706,0.4955532503114786,0.5113823445796063,0.4955532503114786,0.5113823445796063,0.4955532503114786,0.5113823445796063,0.4955532503114786,0.5113823445796063,0.4955532503114786,0.5113823445796063,0.4955532503114786,0.5113823445796063,0.4955532503114786,0.5113823445796063,0.4955532503114786,0.5113823445796063,0.4955532503114786,0.5113823445796063
0.0,0.55,0.55,0.55,0.0869017632241813,0.71,0.71,0.71,0.0054579821903022446,0.023474521322037086,0.0054579821903022446,0.023474521322037086,0.0054579821903022446,0.023474521322037086,0.5650273546157368,0.6615554481218513,0.5650273546157368,0.6615554481218513,0.5650273546157368,0.6615554481218513,0.5650273546157368,0.6615554481218513,0.5650273546157368,0.6615554481218513,0.5650273546157368,0.6615554481218513,0.5650273546157368,0.6615554481218513,0.5650273546157368,0.6615554481218513,0.5650273546157368,0.6615554481218513
0.0,0.39,0.39,0.39,0.0298507462686568,0.61,0.61,0.61,0.0026890440555427325,0.01121020411726996,0.0026890440555427325,0.01121020411726996,0.0026890440555427325,0.01121020411726996,0.5167271682006619,0.5147854854781223,0.5167271682006619,0.5147854854781223,0.5167271682006619,0.5147854854781223,0.5167271682006619,0.5147854854781223,0.5167271682006619,0.5147854854781223,0.5167271682006619,0.5147854854781223,0.5167271682006619,0.5147854854781223,0.5167271682006619,0.5147854854781223,0.5167271682006619,0.5147854854781223
0.0,0.36,0.36,0.36,0.0275142314990511,0.59,0.59,0.59,0.012949816178478221,0.04317248451932782,0.012949816178478221,0.04317248451932782,0.012949816178478221,0.04317248451932782,0.4966519513050853,0.5631879547438592,0.4966519513050853,0.5631879547438592,0.4966519513050853,0.5631879547438592,0.4966519513050853,0.5631879547438592,0.4966519513050853,0.5631879547438592,0.4966519513050853,0.5631879547438592,0.4966519513050853,0.5631879547438592,0.4966519513050853,0.5631879547438592,0.4966519513050853,0.5631879547438592
0.0,0.44,0.44,0.44,0.0298507462686568,0.61,0.61,0.61,-0.020900199687328536,-0.00563514659550391,-0.020900199687328536,-0.00563514659550391,-0.020900199687328536,-0.00563514659550391,0.5501411373761975,0.5522829963017198,0.5501411373761975,0.5522829963017198,0.5501411373761975,0.5522829963017198,0.5501411373761975,0.5522829963017198,0.5501411373761975,0.5522829963017198,0.5501411373761975,0.5522829963017198,0.5501411373761975,0.5522829963017198,0.5501411373761975,0.5522829963017198,0.5501411373761975,0.5522829963017198
0.0,0.47,0.47,0.47,0.0,0.69,0.69,0.69,-0.012972526682296056,-0.006276958130631772,-0.012972526682296056,-0.006276958130631772,-0.012972526682296056,-0.006276958130631772,0.6145390242238661,0.6158706844669354,0.6145390242238661,0.6158706844669354,0.6145390242238661,0.6158706844669354,0.6145390242238661,0.6158706844669354,0.6145390242238661,0.6158706844669354,0.6145390242238661,0.6158706844669354,0.6145390242238661,0.6158706844669354,0.6145390242238661,0.6158706844669354,0.6145390242238661,0.6158706844669354
0.0,0.56,0.56,0.56,0.0,0.73,0.73,0.73,0.004984939609635,0.021014555667761337,0.004984939609635,0.021014555667761337,0.004984939609635,0.021014555667761337,0.6024833475633716,0.5815064305240449,0.6024833475633716,0.5815064305240449,0.6024833475633716,0.5815064305240449,0.6024833475633716,0.5815064305240449,0.6024833475633716,0.5815064305240449,0.6024833475633716,0.5815064305240449,0.6024833475633716,0.5815064305240449,0.6024833475633716,0.5815064305240449,0.6024833475633716,0.5815064305240449
0.0,0.56,0.56,0.56,0.0,0.73,0.73,0.73,0.013499913061317294,0.037517024065578955,0.013499913061317294,0.037517024065578955,0.013499913061317294,0.037517024065578955,0.6246961633869307,0.6322733129400042,0.6246961633869307,0.6322733129400042,0.6246961633869307,0.6322733129400042,0.6246961633869307,0.6322733129400042,0.6246961633869307,0.6322733129400042,0.6246961633869307,0.6322733129400042,0.6246961633869307,0.6322733129400042,0.6246961633869307,0.6322733129400042,0.6246961633869307,0.6322733129400042
0.0,0.57,0.57,0.57,0.0,0.59,0.59,0.59,0.005568062951277983,0.03310412196742388,0.005568062951277983,0.03310412196742388,0.005568062951277983,0.03310412196742388,0.5945645296151859,0.6210748144935653,0.5945645296151859,0.6210748144935653,0.5945645296151859,0.6210748144935653,0.5945645296151859,0.6210748144935653,0.5945645296151859,0.6210748144935653,0.5945645296151859,0.6210748144935653,0.5945645296151859,0.6210748144935653,0.5945645296151859,0.6210748144935653,0.5945645296151859,0.6210748144935653
0.0,0.55,0.55,0.55,0.0,0.33,0.33,0.33,0.013026823597963807,0.04934210730398133,0.013026823597963807,0.04934210730398133,0.013026823597963807,0.04934210730398133,0.6052442742028454,0.6367812214701937,0.6052442742028454,0.6367812214701937,0.6052442742028454,0.6367812214701937,0.6052442742028454,0.6367812214701937,0.6052442742028454,0.6367812214701937,0.6052442742028454,0.6367812214701937,0.6052442742028454,0.6367812214701937,0.6052442742028454,0.6367812214701937,0.6052442742028454,0.6367812214701937
0.0,0.52,0.52,0.52,0.0,0.28,0.28,0.28,-0.007521957756071011,0.0325727083489559,-0.007521957756071011,0.0325727083489559,-0.007521957756071011,0.0325727083489559,0.549603740177067,0.5632665862522109,0.549603740177067,0.5632665862522109,0.549603740177067,0.5632665862522109,0.549603740177067,0.5632665862522109,0.549603740177067,0.5632665862522109,0.549603740177067,0.5632665862522109,0.549603740177067,0.5632665862522109,0.549603740177067,0.5632665862522109,0.549603740177067,0.5632665862522109
0.0,0.63,0.63,0.63,0.0,0.41,0.41,0.41,0.027633907016974123,0.07223676736097664,0.027633907016974123,0.07223676736097664,0.027633907016974123,0.07223676736097664,0.6023676978869961,0.5844189929983518,0.6023676978869961,0.5844189929983518,0.6023676978869961,0.5844189929983518,0.6023676978869961,0.5844189929983518,0.6023676978869961,0.5844189929983518,0.6023676978869961,0.5844189929983518,0.6023676978869961,0.5844189929983518,0.6023676978869961,0.5844189929983518,0.6023676978869961,0.5844189929983518
0.0,0.73,0.73,0.73,0.0,0.6,0.6,0.6,0.03457608517466606,0.06829323037698591,0.03457608517466606,0.06829323037698591,0.03457608517466606,0.06829323037698591,0.5684136785069237,0.5812343561052737,0.5684136785069237,0.5812343561052737,0.5684136785069237,0.5812343561052737,0.5684136785069237,0.5812343561052737,0.5684136785069237,0.5812343561052737,0.5684136785069237,0.5812343561052737,0.5684136785069237,0.5812343561052737,0.5684136785069237,0.5812343561052737,0.5684136785069237,0.5812343561052737
0.0,0.6,0.6,0.6,0.0,0.69,0.69,0.69,0.03402608144328098,0.05877072773777696,0.03402608144328098,0.05877072773777696,0.03402608144328098,0.05877072773777696,0.5314920277706559,0.5558513861873497,0.5314920277706559,0.5558513861873497,0.5314920277706559,0.5558513861873497,0.5314920277706559,0.5558513861873497,0.5314920277706559,0.5558513861873497,0.5314920277706559,0.5558513861873497,0.5314920277706559,0.5558513861873497,0.5314920277706559,0.5558513861873497,0.5314920277706559,0.5558513861873497
0.0,0.45,0.45,0.45,0.0,0.67,0.67,0.67,0.008917451357788457,0.0413116050255569,0.008917451357788457,0.0413116050255569,0.008917451357788457,0.0413116050255569,0.48251115638601894,0.5037717739249716,0.48251115638601894,0.5037717739249716,0.48251115638601894,0.5037717739249716,0.48251115638601894,0.5037717739249716,0.48251115638601894,0.5037717739249716,0.48251115638601894,0.5037717739249716,0.48251115638601894,0.5037717739249716,0.48251115638601894,0.5037717739249716,0.48251115638601894,0.5037717739249716
0.072265625,0.43,0.43,0.43,0.0,0.67,0.67,0.67,0.3721172807691234,0.31322226724928665,0.3721172807691234,0.31322226724928665,0.3721172807691234,0.31322226724928665,0.6728561810618124,0.6396333630357476,0.6728561810618124,0.6396333630357476,0.6728561810618124,0.6396333630357476,0.6728561810618124,0.6396333630357476,0.6728561810618124,0.6396333630357476,0.6728561810618124,0.6396333630357476,0.6728561810618124,0.6396333630357476,0.6728561810618124,0.6396333630357476,0.6728561810618124,0.6396333630357476
0.2583212735166426,0.59,0.59,0.59,0.0,0.66,0.66,0.66,0.42698024357804615,0.49873671873555797,0.42698024357804615,0.49873671873555797,0.42698024357804615,0.49873671873555797,0.7048876464871245,0.7090560491324154,0.7048876464871245,0.7090560491324154,0.7048876464871245,0.7090560491324154,0.7048876464871245,0.7090560491324154,0.7048876464871245,0.7090560491324154,0.7048876464871245,0.7090560491324154,0.7048876464871245,0.7090560491324154,0.7048876464871245,0.7090560491324154,0.7048876464871245,0.7090560491324154
0.5511221945137157,0.82,0.82,0.82,0.0,0.58,0.58,0.58,0.4419366379307156,0.48531485104624045,0.4419366379307156,0.48531485104624045,0.4419366379307156,0.48531485104624045,0.7434265015546295,0.751636668468656,0.7434265015546295,0.751636668468656,0.7434265015546295,0.751636668468656,0.7434265015546295,0.751636668468656,0.7434265015546295,0.751636668468656,0.7434265015546295,0.751636668468656,0.7434265015546295,0.751636668468656,0.7434265015546295,0.751636668468656,0.7434265015546295,0.751636668468656
0.787052810902896,0.95,0.95,0.95,0.0,0.55,0.55,0.55,0.41842438361445805,0.3913542635140633,0.41842438361445805,0.3913542635140633,0.41842438361445805,0.3913542635140633,0.6769047396676203,0.7082598407233841,0.6769047396676203,0.7082598407233841,0.6769047396676203,0.7082598407233841,0.6769047396676203,0.7082598407233841,0.6769047396676203,0.7082598407233841,0.6769047396676203,0.7082598407233841,0.6769047396676203,0.7082598407233841,0.6769047396676203,0.7082598407233841,0.6769047396676203,0.7082598407233841
0.5824634655532359,0.96,0.96,0.96,0.0,0.39,0.39,0.39,0.1961009266395913,0.22622396114585766,0.1961009266395913,0.22622396114585766,0.1961009266395913,0.22622396114585766,0.7668328507245248,0.7486110999150504,0.7668328507245248,0.7486110999150504,0.7668328507245248,0.7486110999150504,0.7668328507245248,0.7486110999150504,0.7668328507245248,0.7486110999150504,0.7668328507245248,0.7486110999150504,0.7668328507245248,0.7486110999150504,0.7668328507245248,0.7486110999150504,0.7668328507245248,0.7486110999150504
0.0,0.91,0.91,0.91,0.0,0.36,0.36,0.36,0.0235104946218445,0.031646614007296216,0.0235104946218445,0.031646614007296216,0.0235104946218445,0.031646614007296216,0.7231634588505267,0.755402254342455,0.7231634588505267,0.755402254342455,0.7231634588505267,0.755402254342455,0.7231634588505267,0.755402254342455,0.7231634588505267,0.755402254342455,0.7231634588505267,0.755402254342455,0.7231634588505267,0.755402254342455,0.7231634588505267,0.755402254342455,0.7231634588505267,0.755402254342455
0.0,0.87,0.87,0.87,0.0,0.44,0.44,0.44,0.0047157386062082205,0.006684765687474916,0.0047157386062082205,0.006684765687474916,0.0047157386062082205,0.006684765687474916,0.650417899354025,0.6606513678728295,0.650417899354025,0.6606513678728295,0.650417899354025,0.6606513678728295,0.650417899354025,0.6606513678728295,0.650417899354025,0.6606513678728295,0.650417899354025,0.6606513678728295,0.650417899354025,0.6606513678728295,0.650417899354025,0.6606513678728295,0.650417899354025,0.6606513678728295
0.0,0.76,0.76,0.76,0.0,0.47,0.47,0.47,0.020528141562393083,0.037780357993159756,0.020528141562393083,0.037780357993159756,0.020528141562393083,0.037780357993159756,0.6592168951691144,0.704522945911454,0.6592168951691144,0.704522945911454,0.6592168951691144,0.704522945911454,0.6592168951691144,0.704522945911454,0.6592168951691144,0.704522945911454,0.6592168951691144,0.704522945911454,0.6592168951691144,0.704522945911454,0.6592168951691144,0.704522945911454,0.6592168951691144,0.704522945911454
0.0,0.71,0.71,0.71,0.0,0.56,0.56,0.56,0.03789349572291314,0.04763770921319083,0.03789349572291314,0.04763770921319083,0.03789349572291314,0.04763770921319083,0.6297332575895083,0.6080326476205334,0.6297332575895083,0.6080326476205334,0.6297332575895083,0.6080326476205334,0.6297332575895083,0.6080326476205334,0.6297332575895083,0.6080326476205334,0.6297332575895083,0.6080326476205334,0.6297332575895083,0.6080326476205334,0.6297332575895083,0.6080326476205334,0.6297332575895083,0.6080326476205334
0.0,0.65,0.65,0.65,0.0,0.56,0.56,0.56,0.03635247420518138,0.05645230588598028,0.03635247420518138,0.05645230588598028,0.03635247420518138,0.05645230588598028,0.5752155298356668,0.6369117644315293,0.5752155298356668,0.6369117644315293,0.5752155298356668,0.6369117644315293,0.5752155298356668,0.6369117644315293,0.5752155298356668,0.6369117644315293,0.5752155298356668,0.6369117644315293,0.5752155298356668,0.6369117644315293,0.5752155298356668,0.6369117644315293,0.5752155298356668,0.6369117644315293
0.0,0.52,0.52,0.52,0.0,0.57,0.57,0.57,0.005349057207708607,0.00768188684370155,0.005349057207708607,0.00768188684370155,0.005349057207708607,0.00768188684370155,0.5227884423064681,0.5264262755364874,0.5227884423064681,0.5264262755364874,0.5227884423064681,0.5264262755364874,0.5227884423064681,0.5264262755364874,0.5227884423064681,0.5264262755364874,0.5227884423064681,0.5264262755364874,0.5227884423064681,0.5264262755364874,0.5227884423064681,0.5264262755364874,0.5227884423064681,0.5264262755364874
0.0,0.37,0.37,0.37,0.0,0.55,0.55,0.55,-0.004794932248357536,0.007959774944108853,-0.004794932248357536,0.007959774944108853,-0.004794932248357536,0.007959774944108853,0.5283302765567807,0.476623110737742,0.5283302765567807,0.476623110737742,0.5283302765567807,0.476623110737742,0.5283302765567807,0.476623110737742,0.5283302765567807,0.476623110737742,0.5283302765567807,0.476623110737742,0.5283302765567807,0.476623110737742,0.5283302765567807,0.476623110737742,0.5283302765567807,0.476623110737742
0.0341988600379986,0.39,0.39,0.39,0.0,0.52,0.52,0.52,0.026915788182350825,0.01943752068888982,0.026915788182350825,0.01943752068888982,0.026915788182350825,0.01943752068888982,0.6226765598746105,0.6491084230271569,0.6226765598746105,0.6491084230271569,0.6226765598746105,0.6491084230271569,0.6226765598746105,0.6491084230271569,0.6226765598746105,0.6491084230271569,0.6226765598746105,0.6491084230271569,0.6226765598746105,0.6491084230271569,0.6226765598746105,0.6491084230271569,0.6226765598746105,0.6491084230271569
0.0623726049735018,0.54,0.54,0.54,0.0,0.63,0.63,0.63,0.10538157523864176,0.0949318151758076,0.10538157523864176,0.0949318151758076,0.10538157523864176,0.0949318151758076,0.6745406712611176,0.7157124923920835,0.6745406712611176,0.7157124923920835,0.6745406712611176,0.7157124923920835,0.6745406712611176,0.7157124923920835,0.6745406712611176,0.7157124923920835,0.6745406712611176,0.7157124923920835,0.6745406712611176,0.7157124923920835,0.6745406712611176,0.7157124923920835,0.6745406712611176,0.7157124923920835
0.1747572815533981,0.66,0.66,0.66,0.0,0.73,0.73,0.73,0.3325165261783216,0.3267979140503298,0.3325165261783216,0.3267979140503298,0.3325165261783216,0.3267979140503298,0.7414476547473847,0.7333930405522364,0.7414476547473847,0.7333930405522364,0.7414476547473847,0.7333930405522364,0.7414476547473847,0.7333930405522364,0.7414476547473847,0.7333930405522364,0.7414476547473847,0.7333930405522364,0.7414476547473847,0.7333930405522364,0.7414476547473847,0.7333930405522364,0.7414476547473847,0.7333930405522364
0.3608367228355608,0.78,0.78,0.78,0.0,0.6,0.6,0.6,0.3566948327965464,0.3883048756003061,0.3566948327965464,0.3883048756003061,0.3566948327965464,0.3883048756003061,0.7347843110486085,0.7406584442102232,0.7347843110486085,0.7406584442102232,0.7347843110486085,0.7406584442102232,0.7347843110486085,0.7406584442102232,0.7347843110486085,0.7406584442102232,0.7347843110486085,0.7406584442102232,0.7347843110486085,0.7406584442102232,0.7347843110486085,0.7406584442102232,0.7347843110486085,0.7406584442102232
0.4642857142857143,0.79,0.79,0.79,0.0,0.45,0.45,0.45,0.4030270797337172,0.44794119310623265,0.4030270797337172,0.44794119310623265,0.4030270797337172,0.44794119310623265,0.7639468286084717,0.7418245870435194,0.7639468286084717,0.7418245870435194,0.7639468286084717,0.7418245870435194,0.7639468286084717,0.7418245870435194,0.7639468286084717,0.7418245870435194,0.7639468286084717,0.7418245870435194,0.7639468286084717,0.7418245870435194,0.7639468286084717,0.7418245870435194,0.7639468286084717,0.7418245870435194
0.8516320474777448,0.96,0.96,0.96,0.072265625,0.43,0.43,0.43,0.41476538821756237,0.46248562516337594,0.41476538821756237,0.46248562516337594,0.41476538821756237,0.46248562516337594,0.7869956104396454,0.7785759724661624,0.7869956104396454,0.7785759724661624,0.7869956104396454,0.7785759724661624,0.7869956104396454,0.7785759724661624,0.7869956104396454,0.7785759724661624,0.7869956104396454,0.7785759724661624,0.7869956104396454,0.7785759724661624,0.7869956104396454,0.7785759724661624,0.7869956104396454,0.7785759724661624
0.787052810902896,0.95,0.95,0.95,0.2583212735166426,0.59,0.59,0.59,0.3530746140632469,0.34188929970839427,0.3530746140632469,0.34188929970839427,0.3530746140632469,0.34188929970839427,0.8085616218660152,0.7802967315250534,0.8085616218660152,0.7802967315250534,0.8085616218660152,0.7802967315250534,0.8085616218660152,0.7802967315250534,0.8085616218660152,0.7802967315250534,0.8085616218660152,0.7802967315250534,0.8085616218660152,0.7802967315250534,0.8085616218660152,0.7802967315250534,0.8085616218660152,0.7802967315250534
0.0,0.91,0.91,0.91,0.5511221945137157,0.82,0.82,0.82,0.023669821407053662,0.013040217789062496,0.023669821407053662,0.013040217789062496,0.023669821407053662,0.013040217789062496,0.6573639162394573,0.6904604282591618,0.6573639162394573,0.6904604282591618,0.6573639162394573,0.6904604282591618,0.6573639162394573,0.6904604282591618,0.6573639162394573,0.6904604282591618,0.6573639162394573,0.6904604282591618,0.6573639162394573,0.6904604282591618,0.6573639162394573,0.6904604282591618,0.6573639162394573,0.6904604282591618
0.0,0.84,0.84,0.84,0.787052810902896,0.95,0.95,0.95,0.02877091712578022,0.040750759846884976,0.02877091712578022,0.040750759846884976,0.02877091712578022,0.040750759846884976,0.602930637553712,0.6800631393232137,0.602930637553712,0.6800631393232137,0.602930637553712,0.6800631393232137,0.602930637553712,0.6800631393232137,0.602930637553712,0.6800631393232137,0.602930637553712,0.6800631393232137,0.602930637553712,0.6800631393232137,0.602930637553712,0.6800631393232137,0.602930637553712,0.6800631393232137
0.0,0.74,0.74,0.74,0.5824634655532359,0.96,0.96,0.96,0.03404722618887844,0.048133913675035965,0.03404722618887844,0.048133913675035965,0.03404722618887844,0.048133913675035965,0.535736610323706,0.5533815438679311,0.535736610323706,0.5533815438679311,0.535736610323706,0.5533815438679311,0.535736610323706,0.5533815438679311,0.535736610323706,0.5533815438679311,0.535736610323706,0.5533815438679311,0.535736610323706,0.5533815438679311,0.535736610323706,0.5533815438679311,0.535736610323706,0.5533815438679311
0.0,0.52,0.52,0.52,0.0,0.91,0.91,0.91,0.00853815746695516,0.012117996311534951,0.00853815746695516,0.012117996311534951,0.00853815746695516,0.012117996311534951,0.4568330751114247,0.44946785333062733,0.4568330751114247,0.44946785333062733,0.4568330751114247,0.44946785333062733,0.4568330751114247,0.44946785333062733,0.4568330751114247,0.44946785333062733,0.4568330751114247,0.44946785333062733,0.4568330751114247,0.44946785333062733,0.4568330751114247,0.44946785333062733,0.4568330751114247,0.44946785333062733
0.0,0.37,0.37,0.37,0.0,0.87,0.87,0.87,0.002421088360247498,0.02152771385309886,0.002421088360247498,0.02152771385309886,0.002421088360247498,0.02152771385309886,0.5302184220705628,0.49137020380886387,0.5302184220705628,0.49137020380886387,0.5302184220705628,0.49137020380886387,0.5302184220705628,0.49137020380886387,0.5302184220705628,0.49137020380886387,0.5302184220705628,0.49137020380886387,0.5302184220705628,0.49137020380886387,0.5302184220705628,0.49137020380886387,0.5302184220705628,0.49137020380886387
0.0,0.3,0.3,0.3,0.0,0.76,0.76,0.76,0.001203878105638634,0.0008054210297313655,0.001203878105638634,0.0008054210297313655,0.001203878105638634,0.0008054210297313655,0.517224007527389,0.5270749485969111,0.517224007527389,0.5270749485969111,0.517224007527389,0.5270749485969111,0.517224007527389,0.5270749485969111,0.517224007527389,0.5270749485969111,0.517224007527389,0.5270749485969111,0.517224007527389,0.5270749485969111,0.517224007527389,0.5270749485969111,0.517224007527389,0.5270749485969111
0.0,0.25,0.25,0.25,0.0,0.71,0.71,0.71,-0.002381087406877667,0.0042597815641370485,-0.002381087406877667,0.0042597815641370485,-0.002381087406877667,0.0042597815641370485,0.5529961159404365,0.5370693581944711,0.5529961159404365,0.5370693581944711,0.5529961159404365,0.5370693581944711,0.5529961159404365,0.5370693581944711,0.5529961159404365,0.5370693581944711,0.5529961159404365,0.5370693581944711,0.5529961159404365,0.5370693581944711,0.5529961159404365,0.5370693581944711,0.5529961159404365,0.5370693581944711
0.019903498190591,0.35,0.35,0.35,0.0,0.65,0.65,0.65,0.1933315381102488,0.1590195416215145,0.1933315381102488,0.1590195416215145,0.1933315381102488,0.1590195416215145,0.7098693269526363,0.6467169867314192,0.7098693269526363,0.6467169867314192,0.7098693269526363,0.6467169867314192,0.7098693269526363,0.6467169867314192,0.7098693269526363,0.6467169867314192,0.7098693269526363,0.6467169867314192,0.7098693269526363,0.6467169867314192,0.7098693269526363,0.6467169867314192,0.7098693269526363,0.6467169867314192
0.1112828438948996,0.54,0.54,0.54,0.0,0.52,0.52,0.52,0.29951671274952196,0.27164137684085415,0.29951671274952196,0.27164137684085415,0.29951671274952196,0.27164137684085415,0.6456200834339617,0.6303698399149624,0.6456200834339617,0.6303698399149624,0.6456200834339617,0.6303698399149624,0.6456200834339617,0.6303698399149624,0.6456200834339617,0.6303698399149624,0.6456200834339617,0.6303698399149624,0.6456200834339617,0.6303698399149624,0.6456200834339617,0.6303698399149624,0.6456200834339617,0.6303698399149624
0.5039272426622571,0.76,0.76,0.76,0.0,0.37,0.37,0.37,0.4478155829505883,0.43523083223891534,0.4478155829505883,0.43523083223891534,0.4478155829505883,0.43523083223891534,0.749144359832994,0.7239485561631875,0.749144359832994,0.7239485561631875,0.749144359832994,0.7239485561631875,0.749144359832994,0.7239485561631875,0.749144359832994,0.7239485561631875,0.749144359832994,0.7239485561631875,0.749144359832994,0.7239485561631875,0.749144359832994,0.7239485561631875,0.749144359832994,0.7239485561631875
0.7250423011844331,0.87,0.87,0.87,0.0341988600379986,0.39,0.39,0.39,0.4719505046530458,0.5046400315882962,0.4719505046530458,0.5046400315882962,0.4719505046530458,0.5046400315882962,0.7244714879226735,0.7000630809466848,0.7244714879226735,0.7000630809466848,0.7244714879226735,0.7000630809466848,0.7244714879226735,0.7000630809466848,0.7244714879226735,0.7000630809466848,0.7244714879226735,0.7000630809466848,0.7244714879226735,0.7000630809466848,0.7244714879226735,0.7000630809466848,0.7244714879226735,0.7000630809466848
0.9229979466119096,0.97,0.97,0.97,0.0623726049735018,0.54,0.54,0.54,0.4428982212890323,0.390797869083483,0.4428982212890323,0.390797869083483,0.4428982212890323,0.390797869083483,0.7412351004856463,0.7038437704165811,0.7412351004856463,0.7038437704165811,0.7412351004856463,0.7038437704165811,0.7412351004856463,0.7038437704165811,0.7412351004856463,0.7038437704165811,0.7412351004856463,0.7038437704165811,0.7412351004856463,0.7038437704165811,0.7412351004856463,0.7038437704165811,0.7412351004856463,0.7038437704165811
0.875,0.96,0.96,0.96,0.1747572815533981,0.66,0.66,0.66,0.5260494573477968,0.4134259854194436,0.5260494573477968,0.4134259854194436,0.5260494573477968,0.4134259854194436,0.8626985231648694,0.8229046593366972,0.8626985231648694,0.8229046593366972,0.8626985231648694,0.8229046593366972,0.8626985231648694,0.8229046593366972,0.8626985231648694,0.8229046593366972,0.8626985231648694,0.8229046593366972,0.8626985231648694,0.8229046593366972,0.8626985231648694,0.8229046593366972,0.8626985231648694,0.8229046593366972
0.0,0.85,0.85,0.85,0.3608367228355608,0.78,0.78,0.78,0.016277620156578847,0.019027759470941208,0.016277620156578847,0.019027759470941208,0.016277620156578847,0.019027759470941208,0.6642971015666509,0.6264909579436975,0.6642971015666509,0.6264909579436975,0.6642971015666509,0.6264909579436975,0.6642971015666509,0.6264909579436975,0.6642971015666509,0.6264909579436975,0.6642971015666509,0.6264909579436975,0.6642971015666509,0.6264909579436975,0.6642971015666509,0.6264909579436975,0.6642971015666509,0.6264909579436975
0.0831295843520781,0.7,0.7,0.7,0.4642857142857143,0.79,0.79,0.79,0.1520934407481219,0.17577134542790093,0.1520934407481219,0.17577134542790093,0.1520934407481219,0.17577134542790093,0.6922221170557267,0.655061751426159,0.6922221170557267,0.655061751426159,0.6922221170557267,0.655061751426159,0.6922221170557267,0.655061751426159,0.6922221170557267,0.655061751426159,0.6922221170557267,0.655061751426159,0.6922221170557267,0.655061751426159,0.6922221170557267,0.655061751426159,0.6922221170557267,0.655061751426159
0.1463414634146341,0.65,0.65,0.65,0.8516320474777448,0.96,0.96,0.96,0.35152494342971163,0.32819751480304304,0.35152494342971163,0.32819751480304304,0.35152494342971163,0.32819751480304304,0.7212837519756484,0.6775254068901743,0.7212837519756484,0.6775254068901743,0.7212837519756484,0.6775254068901743,0.7212837519756484,0.6775254068901743,0.7212837519756484,0.6775254068901743,0.7212837519756484,0.6775254068901743,0.7212837519756484,0.6775254068901743,0.7212837519756484,0.6775254068901743,0.7212837519756484,0.6775254068901743
0.38,0.69,0.69,0.69,0.787052810902896,0.95,0.95,0.95,0.47252510368051637,0.5352976463583821,0.47252510368051637,0.5352976463583821,0.47252510368051637,0.5352976463583821,0.7723908038996649,0.7622590198278058,0.7723908038996649,0.7622590198278058,0.7723908038996649,0.7622590198278058,0.7723908038996649,0.7622590198278058,0.7723908038996649,0.7622590198278058,0.7723908038996649,0.7622590198278058,0.7723908038996649,0.7622590198278058,0.7723908038996649,0.7622590198278058,0.7723908038996649,0.7622590198278058
0.6197718631178708,0.82,0.82,0.82,0.0,0.91,0.91,0.91,0.47682910236441983,0.505294417088174,0.47682910236441983,0.505294417088174,0.47682910236441983,0.505294417088174,0.7333963249202613,0.7367268523354148,0.7333963249202613,0.7367268523354148,0.7333963249202613,0.7367268523354148,0.7333963249202613,0.7367268523354148,0.7333963249202613,0.7367268523354148,0.7333963249202613,0.7367268523354148,0.7333963249202613,0.7367268523354148,0.7333963249202613,0.7367268523354148,0.7333963249202613,0.7367268523354148
0.6903385631709331,0.85,0.85,0.85,0.0,0.84,0.84,0.84,0.5048831619957603,0.5390771057229301,0.5048831619957603,0.5390771057229301,0.5048831619957603,0.5390771057229301,0.7593141355140037,0.7917994997981458,0.7593141355140037,0.7917994997981458,0.7593141355140037,0.7917994997981458,0.7593141355140037,0.7917994997981458,0.7593141355140037,0.7917994997981458,0.7593141355140037,0.7917994997981458,0.7593141355140037,0.7917994997981458,0.7593141355140037,0.7917994997981458,0.7593141355140037,0.7917994997981458
0.7993119266055047,0.93,0.93,0.93,0.0,0.74,0.74,0.74,0.4759532895545257,0.48641806136425464,0.4759532895545257,0.48641806136425464,0.4759532895545257,0.48641806136425464,0.7968594330681177,0.8025796898240953,0.7968594330681177,0.8025796898240953,0.7968594330681177,0.8025796898240953,0.7968594330681177,0.8025796898240953,0.7968594330681177,0.8025796898240953,0.7968594330681177,0.8025796898240953,0.7968594330681177,0.8025796898240953,0.7968594330681177,0.8025796898240953,0.7968594330681177,0.8025796898240953
0.71671388101983,0.92,0.92,0.92,0.0,0.52,0.52,0.52,0.5150391912028023,0.4861726897384873,0.5150391912028023,0.4861726897384873,0.5150391912028023,0.4861726897384873,0.7884464363363847,0.7877357163180057,0.7884464363363847,0.7877357163180057,0.7884464363363847,0.7877357163180057,0.7884464363363847,0.7877357163180057,0.7884464363363847,0.7877357163180057,0.7884464363363847,0.7877357163180057,0.7884464363363847,0.7877357163180057,0.7884464363363847,0.7877357163180057,0.7884464363363847,0.7877357163180057
0.1511035653650255,0.9,0.9,0.9,0.0,0.37,0.37,0.37,0.06023734970413637,0.028487062914720942,0.06023734970413637,0.028487062914720942,0.06023734970413637,0.028487062914720942,0.6875604661200653,0.6967184775479857,0.6875604661200653,0.6967184775479857,0.6875604661200653,0.6967184775479857,0.6875604661200653,0.6967184775479857,0.6875604661200653,0.6967184775479857,0.6875604661200653,0.6967184775479857,0.6875604661200653,0.6967184775479857,0.6875604661200653,0.6967184775479857,0.6875604661200653,0.6967184775479857
0.0,0.83,0.83,0.83,0.0,0.3,0.3,0.3,0.007890336390730838,0.031130973877490493,0.007890336390730838,0.031130973877490493,0.007890336390730838,0.031130973877490493,0.6773217144054173,0.6887837037449325,0.6773217144054173,0.6887837037449325,0.6773217144054173,0.6887837037449325,0.6773217144054173,0.6887837037449325,0.6773217144054173,0.6887837037449325,0.6773217144054173,0.6887837037449325,0.6773217144054173,0.6887837037449325,0.6773217144054173,0.6887837037449325,0.6773217144054173,0.6887837037449325
0.0,0.72,0.72,0.72,0.0,0.25,0.25,0.25,0.0321903860658922,0.04560746326097347,0.0321903860658922,0.04560746326097347,0.0321903860658922,0.04560746326097347,0.6202575687035649,0.6808837542192119,0.6202575687035649,0.6808837542192119,0.6202575687035649,0.6808837542192119,0.6202575687035649,0.6808837542192119,0.6202575687035649,0.6808837542192119,0.6202575687035649,0.6808837542192119,0.6202575687035649,0.6808837542192119,0.6202575687035649,0.6808837542192119,0.6202575687035649,0.6808837542192119
0.0,0.49,0.49,0.49,0.019903498190591,0.35,0.35,0.35,0.0014206899221097765,0.004066151260206371,0.0014206899221097765,0.004066151260206371,0.0014206899221097765,0.004066151260206371,0.5164561249510929,0.5810385915001438,0.5164561249510929,0.5810385915001438,0.5164561249510929,0.5810385915001438,0.5164561249510929,0.5810385915001438,0.5164561249510929,0.5810385915001438,0.5164561249510929,0.5810385915001438,0.5164561249510929,0.5810385915001438,0.5164561249510929,0.5810385915001438,0.5164561249510929,0.5810385915001438
0.0,0.53,0.53,0.53,0.1112828438948996,0.54,0.54,0.54,0.0045443754410906525,-0.00406240654843908,0.0045443754410906525,-0.00406240654843908,0.0045443754410906525,-0.00406240654843908,0.5119408517423278,0.5216015666914015,0.5119408517423278,0.5216015666914015,0.5119408517423278,0.5216015666914015,0.5119408517423278,0.5216015666914015,0.5119408517423278,0.5216015666914015,0.5119408517423278,0.5216015666914015,0.5119408517423278,0.5216015666914015,0.5119408517423278,0.5216015666914015,0.5119408517423278,0.5216015666914015
0.0,0.63,0.63,0.63,0.5039272426622571,0.76,0.76,0.76,0.0036694627360545767,-0.0034399464610331268,0.0036694627360545767,-0.0034399464610331268,0.0036694627360545767,-0.0034399464610331268,0.5700766256668234,0.5549584010668904,0.5700766256668234,0.5549584010668904,0.5700766256668234,0.5549584010668904,0.5700766256668234,0.5549584010668904,0.5700766256668234,0.5549584010668904,0.5700766256668234,0.5549584010668904,0.5700766256668234,0.5549584010668904,0.5700766256668234,0.5549584010668904,0.5700766256668234,0.5549584010668904
0.0,0.77,0.77,0.77,0.7250423011844331,0.87,0.87,0.87,0.006699003965602585,-0.003922162149258133,0.006699003965602585,-0.003922162149258133,0.006699003965602585,-0.003922162149258133,0.6492099616203981,0.6424956437059791,0.6492099616203981,0.6424956437059791,0.6492099616203981,0.6424956437059791,0.6492099616203981,0.6424956437059791,0.6492099616203981,0.6424956437059791,0.6492099616203981,0.6424956437059791,0.6492099616203981,0.6424956437059791,0.6492099616203981,0.6424956437059791,0.6492099616203981,0.6424956437059791
0.0,0.76,0.76,0.76,0.9229979466119096,0.97,0.97,0.97,0.003070862854951308,0.03155723719407312,0.003070862854951308,0.03155723719407312,0.003070862854951308,0.03155723719407312,0.5949962880151201,0.6651190541937466,0.5949962880151201,0.6651190541937466,0.5949962880151201,0.6651190541937466,0.5949962880151201,0.6651190541937466,0.5949962880151201,0.6651190541937466,0.5949962880151201,0.6651190541937466,0.5949962880151201,0.6651190541937466,0.5949962880151201,0.6651190541937466,0.5949962880151201,0.6651190541937466
0.0,0.68,0.68,0.68,0.875,0.96,0.96,0.96,0.012664780588291055,0.029012135465192285,0.012664780588291055,0.029012135465192285,0.012664780588291055,0.029012135465192285,0.6461847159732979,0.6745706793220962,0.6461847159732979,0.6745706793220962,0.6461847159732979,0.6745706793220962,0.6461847159732979,0.6745706793220962,0.6461847159732979,0.6745706793220962,0.6461847159732979,0.6745706793220962,0.6461847159732979,0.6745706793220962,0.6461847159732979,0.6745706793220962,0.6461847159732979,0.6745706793220962
0.0,0.48,0.48,0.48,0.0,0.85,0.85,0.85,-0.004229614020467712,0.0012637264963753858,-0.004229614020467712,0.0012637264963753858,-0.004229614020467712,0.0012637264963753858,0.5174122728771916,0.5663529484129488,0.5174122728771916,0.5663529484129488,0.5174122728771916,0.5663529484129488,0.5174122728771916,0.5663529484129488,0.5174122728771916,0.5663529484129488,0.5174122728771916,0.5663529484129488,0.5174122728771916,0.5663529484129488,0.5174122728771916,0.5663529484129488,0.5174122728771916,0.5663529484129488
0.0236875800256082,0.39,0.39,0.39,0.0831295843520781,0.7,0.7,0.7,0.18378493444006358,0.15635192083660246,0.18378493444006358,0.15635192083660246,0.18378493444006358,0.15635192083660246,0.7182022794260496,0.647695149025364,0.7182022794260496,0.647695149025364,0.7182022794260496,0.647695149025364,0.7182022794260496,0.647695149025364,0.7182022794260496,0.647695149025364,0.7182022794260496,0.647695149025364,0.7182022794260496,0.647695149025364,0.7182022794260496,0.647695149025364,0.7182022794260496,0.647695149025364
0.0816326530612244,0.46,0.46,0.46,0.1463414634146341,0.65,0.65,0.65,0.24823397626655896,0.2501112170064829,0.24823397626655896,0.2501112170064829,0.24823397626655896,0.2501112170064829,0.6830505844342923,0.6422144985067922,0.6830505844342923,0.6422144985067922,0.6830505844342923,0.6422144985067922,0.6830505844342923,0.6422144985067922,0.6830505844342923,0.6422144985067922,0.6830505844342923,0.6422144985067922,0.6830505844342923,0.6422144985067922,0.6830505844342923,0.6422144985067922,0.6830505844342923,0.6422144985067922
0.1502683363148479,0.62,0.62,0.62,0.38,0.69,0.69,0.69,0.3064151761009365,0.28966279667775463,0.3064151761009365,0.28966279667775463,0.3064151761009365,0.28966279667775463,0.8041609230404893,0.7939956493558029,0.8041609230404893,0.7939956493558029,0.8041609230404893,0.7939956493558029,0.8041609230404893,0.7939956493558029,0.8041609230404893,0.7939956493558029,0.8041609230404893,0.7939956493558029,0.8041609230404893,0.7939956493558029,0.8041609230404893,0.7939956493558029,0.8041609230404893,0.7939956493558029
0.2038216560509556,0.7,0.7,0.7,0.6197718631178708,0.82,0.82,0.82,0.3055161710820544,0.3092384541759319,0.3055161710820544,0.3092384541759319,0.3055161710820544,0.3092384541759319,0.7628876248107817,0.7379491465751018,0.7628876248107817,0.7379491465751018,0.7628876248107817,0.7379491465751018,0.7628876248107817,0.7379491465751018,0.7628876248107817,0.7379491465751018,0.7628876248107817,0.7379491465751018,0.7628876248107817,0.7379491465751018,0.7628876248107817,0.7379491465751018,0.7628876248107817,0.7379491465751018
0.0,0.77,0.77,0.77,0.6903385631709331,0.85,0.85,0.85,0.03410274127775909,0.04196750966846345,0.03410274127775909,0.04196750966846345,0.03410274127775909,0.04196750966846345,0.5603057605972773,0.5995762019432269,0.5603057605972773,0.5995762019432269,0.5603057605972773,0.5995762019432269,0.5603057605972773,0.5995762019432269,0.5603057605972773,0.5995762019432269,0.5603057605972773,0.5995762019432269,0.5603057605972773,0.5995762019432269,0.5603057605972773,0.5995762019432269,0.5603057605972773,0.5995762019432269
0.0,0.58,0.58,0.58,0.7993119266055047,0.93,0.93,0.93,-0.00489479923731843,0.01341348192789156,-0.00489479923731843,0.01341348192789156,-0.00489479923731843,0.01341348192789156,0.5218541181032008,0.5217367272516394,0.5218541181032008,0.5217367272516394,0.5218541181032008,0.5217367272516394,0.5218541181032008,0.5217367272516394,0.5218541181032008,0.5217367272516394,0.5218541181032008,0.5217367272516394,0.5218541181032008,0.5217367272516394,0.5218541181032008,0.5217367272516394,0.5218541181032008,0.5217367272516394
0.1786015164279697,0.61,0.61,0.61,0.71671388101983,0.92,0.92,0.92,0.19128846335672026,0.16607633847490158,0.19128846335672026,0.16607633847490158,0.19128846335672026,0.16607633847490158,0.64838121960523,0.5794332358143767,0.64838121960523,0.5794332358143767,0.64838121960523,0.5794332358143767,0.64838121960523,0.5794332358143767,0.64838121960523,0.5794332358143767,0.64838121960523,0.5794332358143767,0.64838121960523,0.5794332358143767,0.64838121960523,0.5794332358143767,0.64838121960523,0.5794332358143767
0.3101069334253191,0.6,0.6,0.6,0.1511035653650255,0.9,0.9,0.9,0.5072134626152873,0.521330070764742,0.5072134626152873,0.521330070764742,0.5072134626152873,0.521330070764742,0.6962261498433506,0.695163613866076,0.6962261498433506,0.695163613866076,0.6962261498433506,0.695163613866076,0.6962261498433506,0.695163613866076,0.6962261498433506,0.695163613866076,0.6962261498433506,0.695163613866076,0.6962261498433506,0.695163613866076,0.6962261498433506,0.695163613866076,0.6962261498433506,0.695163613866076
0.5099886920467396,0.74,0.74,0.74,0.0,0.83,0.83,0.83,0.5148203810102528,0.5180511738053666,0.5148203810102528,0.5180511738053666,0.5148203810102528,0.5180511738053666,0.6935316170684801,0.6428766082237294,0.6935316170684801,0.6428766082237294,0.6935316170684801,0.6428766082237294,0.6935316170684801,0.6428766082237294,0.6935316170684801,0.6428766082237294,0.6935316170684801,0.6428766082237294,0.6935316170684801,0.6428766082237294,0.6935316170684801,0.6428766082237294,0.6935316170684801,0.6428766082237294
0.6008403361344538,0.81,0.81,0.81,0.0,0.72,0.72,0.72,0.4881898138879577,0.4810844454131685,0.4881898138879577,0.4810844454131685,0.4881898138879577,0.4810844454131685,0.7048360414300417,0.6684971761282286,0.7048360414300417,0.6684971761282286,0.7048360414300417,0.6684971761282286,0.7048360414300417,0.6684971761282286,0.7048360414300417,0.6684971761282286,0.7048360414300417,0.6684971761282286,0.7048360414300417,0.6684971761282286,0.7048360414300417,0.6684971761282286,0.7048360414300417,0.6684971761282286
0.3842364532019704,0.7,0.7,0.7,0.0,0.49,0.49,0.49,0.41137706879735836,0.5304341938370629,0.41137706879735836,0.5304341938370629,0.41137706879735836,0.5304341938370629,0.7794782377758779,0.7414231440289281,0.7794782377758779,0.7414231440289281,0.7794782377758779,0.7414231440289281,0.7794782377758779,0.7414231440289281,0.7794782377758779,0.7414231440289281,0.7794782377758779,0.7414231440289281,0.7794782377758779,0.7414231440289281,0.7794782377758779,0.7414231440289281,0.7794782377758779,0.7414231440289281
0.2187500000000001,0.69,0.69,0.69,0.0,0.53,0.53,0.53,0.30292066454585365,0.47175555649809914,0.30292066454585365,0.47175555649809914,0.30292066454585365,0.47175555649809914,0.7319358491755669,0.7593065959761638,0.7319358491755669,0.7593065959761638,0.7319358491755669,0.7593065959761638,0.7319358491755669,0.7593065959761638,0.7319358491755669,0.7593065959761638,0.7319358491755669,0.7593065959761638,0.7319358491755669,0.7593065959761638,0.7319358491755669,0.7593065959761638,0.7319358491755669,0.7593065959761638
0.143646408839779,0.69,0.69,0.69,0.0,0.63,0.63,0.63,0.11771768393032415,0.23059421824441048,0.11771768393032415,0.23059421824441048,0.11771768393032415,0.23059421824441048,0.7395454396986794,0.7568665817273664,0.7395454396986794,0.7568665817273664,0.7395454396986794,0.7568665817273664,0.7395454396986794,0.7568665817273664,0.7395454396986794,0.7568665817273664,0.7395454396986794,0.7568665817273664,0.7395454396986794,0.7568665817273664,0.7395454396986794,0.7568665817273664,0.7395454396986794,0.7568665817273664
0.0619902120717782,0.77,0.77,0.77,0.0,0.77,0.77,0.77,0.07864654663509955,0.06601443349256589,0.07864654663509955,0.06601443349256589,0.07864654663509955,0.06601443349256589,0.7845652869510732,0.7108901597693722,0.7845652869510732,0.7108901597693722,0.7845652869510732,0.7108901597693722,0.7845652869510732,0.7108901597693722,0.7845652869510732,0.7108901597693722,0.7845652869510732,0.7108901597693722,0.7845652869510732,0.7108901597693722,0.7845652869510732,0.7108901597693722,0.7845652869510732,0.7108901597693722
0.0,0.79,0.79,0.79,0.0,0.76,0.76,0.76,0.004489563534166084,-0.0050644548617343075,0.004489563534166084,-0.0050644548617343075,0.004489563534166084,-0.0050644548617343075,0.6507629430844042,0.6054904577646282,0.6507629430844042,0.6054904577646282,0.6507629430844042,0.6054904577646282,0.6507629430844042,0.6054904577646282,0.6507629430844042,0.6054904577646282,0.6507629430844042,0.6054904577646282,0.6507629430844042,0.6054904577646282,0.6507629430844042,0.6054904577646282,0.6507629430844042,0.6054904577646282
0.0,0.66,0.66,0.66,0.0,0.68,0.68,0.68,0.009062877035362479,0.023995896654612943,0.009062877035362479,0.023995896654612943,0.009062877035362479,0.023995896654612943,0.5528698297427689,0.5836559458142346,0.5528698297427689,0.5836559458142346,0.5528698297427689,0.5836559458142346,0.5528698297427689,0.5836559458142346,0.5528698297427689,0.5836559458142346,0.5528698297427689,0.5836559458142346,0.5528698297427689,0.5836559458142346,0.5528698297427689,0.5836559458142346,0.5528698297427689,0.5836559458142346
0.0,0.45,0.45,0.45,0.0,0.48,0.48,0.48,-0.0011612464261369553,0.03617231927933188,-0.0011612464261369553,0.03617231927933188,-0.0011612464261369553,0.03617231927933188,0.5053763497407507,0.5871644202726486,0.5053763497407507,0.5871644202726486,0.5053763497407507,0.5871644202726486,0.5053763497407507,0.5871644202726486,0.5053763497407507,0.5871644202726486,0.5053763497407507,0.5871644202726486,0.5053763497407507,0.5871644202726486,0.5053763497407507,0.5871644202726486,0.5053763497407507,0.5871644202726486
0.0,0.34,0.34,0.34,0.0236875800256082,0.39,0.39,0.39,-0.00831195283341217,0.028443188011479537,-0.00831195283341217,0.028443188011479537,-0.00831195283341217,0.028443188011479537,0.5011416085940164,0.5233014716594259,0.5011416085940164,0.5233014716594259,0.5011416085940164,0.5233014716594259,0.5011416085940164,0.5233014716594259,0.5011416085940164,0.5233014716594259,0.5011416085940164,0.5233014716594259,0.5011416085940164,0.5233014716594259,0.5011416085940164,0.5233014716594259,0.5011416085940164,0.5233014716594259
0.0112994350282485,0.37,0.37,0.37,0.0816326530612244,0.46,0.46,0.46,0.015165035635609775,-0.011425805770728157,0.015165035635609775,-0.011425805770728157,0.015165035635609775,-0.011425805770728157,0.6413076593335046,0.5576195937841285,0.6413076593335046,0.5576195937841285,0.6413076593335046,0.5576195937841285,0.6413076593335046,0.5576195937841285,0.6413076593335046,0.5576195937841285,0.6413076593335046,0.5576195937841285,0.6413076593335046,0.5576195937841285,0.6413076593335046,0.5576195937841285,0.6413076593335046,0.5576195937841285
0.1033755274261603,0.49,0.49,0.49,0.1502683363148479,0.62,0.62,0.62,0.2023250172402827,0.1465920681901812,0.2023250172402827,0.1465920681901812,0.2023250172402827,0.1465920681901812,0.6910382119361617,0.704154830349548,0.6910382119361617,0.704154830349548,0.6910382119361617,0.704154830349548,0.6910382119361617,0.704154830349548,0.6910382119361617,0.704154830349548,0.6910382119361617,0.704154830349548,0.6910382119361617,0.704154830349548,0.6910382119361617,0.704154830349548,0.6910382119361617,0.704154830349548
0.1729323308270677,0.56,0.56,0.56,0.2038216560509556,0.7,0.7,0.7,0.4126715293958094,0.4292445221955411,0.4126715293958094,0.4292445221955411,0.4126715293958094,0.4292445221955411,0.7174972287452036,0.7377721594693116,0.7174972287452036,0.7377721594693116,0.7174972287452036,0.7377721594693116,0.7174972287452036,0.7377721594693116,0.7174972287452036,0.7377721594693116,0.7174972287452036,0.7377721594693116,0.7174972287452036,0.7377721594693116,0.7174972287452036,0.7377721594693116,0.7174972287452036,0.7377721594693116
0.2307692307692307,0.64,0.64,0.64,0.0,0.77,0.77,0.77,0.37862653198564833,0.4290877209450491,0.37862653198564833,0.4290877209450491,0.37862653198564833,0.4290877209450491,0.7704054580892966,0.7776056022584008,0.7704054580892966,0.7776056022584008,0.7704054580892966,0.7776056022584008,0.7704054580892966,0.7776056022584008,0.7704054580892966,0.7776056022584008,0.7704054580892966,0.7776056022584008,0.7704054580892966,0.7776056022584008,0.7704054580892966,0.7776056022584008,0.7704054580892966,0.7776056022584008
0.1000529380624669,0.66,0.66,0.66,0.0,0.58,0.58,0.58,0.19429650674074547,0.2703334374378446,0.19429650674074547,0.2703334374378446,0.19429650674074547,0.2703334374378446,0.7105707006284356,0.7453026846686862,0.7105707006284356,0.7453026846686862,0.7105707006284356,0.7453026846686862,0.7105707006284356,0.7453026846686862,0.7105707006284356,0.7453026846686862,0.7105707006284356,0.7453026846686862,0.7105707006284356,0.7453026846686862,0.7105707006284356,0.7453026846686862,0.7105707006284356,0.7453026846686862
0.0,0.64,0.64,0.64,0.1786015164279697,0.61,0.61,0.61,0.08589348808047252,0.16462957075505497,0.08589348808047252,0.16462957075505497,0.08589348808047252,0.16462957075505497,0.7812517494359107,0.7870319269995814,0.7812517494359107,0.7870319269995814,0.7812517494359107,0.7870319269995814,0.7812517494359107,0.7870319269995814,0.7812517494359107,0.7870319269995814,0.7812517494359107,0.7870319269995814,0.7812517494359107,0.7870319269995814,0.7812517494359107,0.7870319269995814,0.7812517494359107,0.7870319269995814
0.0,0.6,0.6,0.6,0.3101069334253191,0.6,0.6,0.6,0.015318790036993839,0.023581785662803136,0.015318790036993839,0.023581785662803136,0.015318790036993839,0.023581785662803136,0.7156549744976831,0.749691035282238,0.7156549744976831,0.749691035282238,0.7156549744976831,0.749691035282238,0.7156549744976831,0.749691035282238,0.7156549744976831,0.749691035282238,0.7156549744976831,0.749691035282238,0.7156549744976831,0.749691035282238,0.7156549744976831,0.749691035282238,0.7156549744976831,0.749691035282238
0.0,0.53,0.53,0.53,0.5099886920467396,0.74,0.74,0.74,-0.005676654192213064,0.07494477011264708,-0.005676654192213064,0.07494477011264708,-0.005676654192213064,0.07494477011264708,0.6541163393219976,0.6252605699970506,0.6541163393219976,0.6252605699970506,0.6541163393219976,0.6252605699970506,0.6541163393219976,0.6252605699970506,0.6541163393219976,0.6252605699970506,0.6541163393219976,0.6252605699970506,0.6541163393219976,0.6252605699970506,0.6541163393219976,0.6252605699970506,0.6541163393219976,0.6252605699970506
0.0,0.6,0.6,0.6,0.6008403361344538,0.81,0.81,0.81,-0.01572665318789984,-0.0054647540700346955,-0.01572665318789984,-0.0054647540700346955,-0.01572665318789984,-0.0054647540700346955,0.5185497033231053,0.5304268495685178,0.5185497033231053,0.5304268495685178,0.5185497033231053,0.5304268495685178,0.5185497033231053,0.5304268495685178,0.5185497033231053,0.5304268495685178,0.5185497033231053,0.5304268495685178,0.5185497033231053,0.5304268495685178,0.5185497033231053,0.5304268495685178,0.5185497033231053,0.5304268495685178
0.0,0.65,0.65,0.65,0.3842364532019704,0.7,0.7,0.7,0.021034332434719295,-0.0027115475237584944,0.021034332434719295,-0.0027115475237584944,0.021034332434719295,-0.0027115475237584944,0.5087791006161676,0.513864622564272,0.5087791006161676,0.513864622564272,0.5087791006161676,0.513864622564272,0.5087791006161676,0.513864622564272,0.5087791006161676,0.513864622564272,0.5087791006161676,0.513864622564272,0.5087791006161676,0.513864622564272,0.5087791006161676,0.513864622564272,0.5087791006161676,0.513864622564272
0.0,0.54,0.54,0.54,0.2187500000000001,0.69,0.69,0.69,0.029735669127516302,0.03367625591688862,0.029735669127516302,0.03367625591688862,0.029735669127516302,0.03367625591688862,0.4207881069120469,0.4496911656434888,0.4207881069120469,0.4496911656434888,0.4207881069120469,0.4496911656434888,0.4207881069120469,0.4496911656434888,0.4207881069120469,0.4496911656434888,0.4207881069120469,0.4496911656434888,0.4207881069120469,0.4496911656434888,0.4207881069120469,0.4496911656434888,0.4207881069120469,0.4496911656434888
0.0151248680970805,0.44,0.44,0.44,0.143646408839779,0.69,0.69,0.69,0.031425538279960995,0.09120915150273885,0.031425538279960995,0.09120915150273885,0.031425538279960995,0.09120915150273885,0.40624452809825035,0.45290368338811504,0.40624452809825035,0.45290368338811504,0.40624452809825035,0.45290368338811504,0.40624452809825035,0.45290368338811504,0.40624452809825035,0.45290368338811504,0.40624452809825035,0.45290368338811504,0.40624452809825035,0.45290368338811504,0.40624452809825035,0.45290368338811504,0.40624452809825035,0.45290368338811504
0.0112994350282485,0.37,0.37,0.37,0.0619902120717782,0.77,0.77,0.77,0.08084798391586479,0.20586741220365046,0.08084798391586479,0.20586741220365046,0.08084798391586479,0.20586741220365046,0.41270896057329176,0.4553010513370491,0.41270896057329176,0.4553010513370491,0.41270896057329176,0.4553010513370491,0.41270896057329176,0.4553010513370491,0.41270896057329176,0.4553010513370491,0.41270896057329176,0.4553010513370491,0.41270896057329176,0.4553010513370491,0.41270896057329176,0.4553010513370491,0.41270896057329176,0.4553010513370491
0.0163934426229509,0.46,0.46,0.46,0.0,0.79,0.79,0.79,0.2656684874499624,0.3433110900104658,0.2656684874499624,0.3433110900104658,0.2656684874499624,0.3433110900104658,0.8136464024287926,0.8054694912368909,0.8136464024287926,0.8054694912368909,0.8136464024287926,0.8054694912368909,0.8136464024287926,0.8054694912368909,0.8136464024287926,0.8054694912368909,0.8136464024287926,0.8054694912368909,0.8136464024287926,0.8054694912368909,0.8136464024287926,0.8054694912368909,0.8136464024287926,0.8054694912368909
0.0225244368890777,0.54,0.54,0.54,0.0,0.66,0.66,0.66,0.2504844469378104,0.3417160873083904,0.2504844469378104,0.3417160873083904,0.2504844469378104,0.3417160873083904,0.7845142840895482,0.8449559314397663,0.7845142840895482,0.8449559314397663,0.7845142840895482,0.8449559314397663,0.7845142840895482,0.8449559314397663,0.7845142840895482,0.8449559314397663,0.7845142840895482,0.8449559314397663,0.7845142840895482,0.8449559314397663,0.7845142840895482,0.8449559314397663,0.7845142840895482,0.8449559314397663
0.0,0.58,0.58,0.58,0.0,0.45,0.45,0.45,0.1257454795750258,0.31160654291618506,0.1257454795750258,0.31160654291618506,0.1257454795750258,0.31160654291618506,0.63601698731568,0.6850501805100994,0.63601698731568,0.6850501805100994,0.63601698731568,0.6850501805100994,0.63601698731568,0.6850501805100994,0.63601698731568,0.6850501805100994,0.63601698731568,0.6850501805100994,0.63601698731568,0.6850501805100994,0.63601698731568,0.6850501805100994,0.63601698731568,0.6850501805100994
0.0253853127833183,0.57,0.57,0.57,0.0,0.34,0.34,0.34,0.03877184617769163,0.2673535108762879,0.03877184617769163,0.2673535108762879,0.03877184617769163,0.2673535108762879,0.5359875532427751,0.5330665878128826,0.5359875532427751,0.5330665878128826,0.5359875532427751,0.5330665878128826,0.5359875532427751,0.5330665878128826,0.5359875532427751,0.5330665878128826,0.5359875532427751,0.5330665878128826,0.5359875532427751,0.5330665878128826,0.5359875532427751,0.5330665878128826,0.5359875532427751,0.5330665878128826
0.0286546867411365,0.6,0.6,0.6,0.0112994350282485,0.37,0.37,0.37,0.05351326208934689,0.1695379260132334,0.05351326208934689,0.1695379260132334,0.05351326208934689,0.1695379260132334,0.7194912351433014,0.7222350166764359,0.7194912351433014,0.7222350166764359,0.7194912351433014,0.7222350166764359,0.7194912351433014,0.7222350166764359,0.7194912351433014,0.7222350166764359,0.7194912351433014,0.7222350166764359,0.7194912351433014,0.7222350166764359,0.7194912351433014,0.7222350166764359,0.7194912351433014,0.7222350166764359
0.0776699029126214,0.81,0.81,0.81,0.1033755274261603,0.49,0.49,0.49,0.11113733065036843,0.1122243102620171,0.11113733065036843,0.1122243102620171,0.11113733065036843,0.1122243102620171,0.7487712410611276,0.7769950544808749,0.7487712410611276,0.7769950544808749,0.7487712410611276,0.7769950544808749,0.7487712410611276,0.7769950544808749,0.7487712410611276,0.7769950544808749,0.7487712410611276,0.7769950544808749,0.7487712410611276,0.7769950544808749,0.7487712410611276,0.7769950544808749,0.7487712410611276,0.7769950544808749
0.0482664853840925,0.72,0.72,0.72,0.1729323308270677,0.56,0.56,0.56,0.1162692666683314,0.07152047151641683,0.1162692666683314,0.07152047151641683,0.1162692666683314,0.07152047151641683,0.7531211404505784,0.7692263171532068,0.7531211404505784,0.7692263171532068,0.7531211404505784,0.7692263171532068,0.7531211404505784,0.7692263171532068,0.7531211404505784,0.7692263171532068,0.7531211404505784,0.7692263171532068,0.7531211404505784,0.7692263171532068,0.7531211404505784,0.7692263171532068,0.7531211404505784,0.7692263171532068
0.0,0.61,0.61,0.61,0.2307692307692307,0.64,0.64,0.64,-0.007054335719977841,0.017608305388379663,-0.007054335719977841,0.017608305388379663,-0.007054335719977841,0.017608305388379663,0.6964867325781937,0.735607389567112,0.6964867325781937,0.735607389567112,0.6964867325781937,0.735607389567112,0.6964867325781937,0.735607389567112,0.6964867325781937,0.735607389567112,0.6964867325781937,0.735607389567112,0.6964867325781937,0.735607389567112,0.6964867325781937,0.735607389567112,0.6964867325781937,0.735607389567112
0.0,0.36,0.36,0.36,0.1000529380624669,0.66,0.66,0.66,0.019204049528419614,-0.004200116688109679,0.019204049528419614,-0.004200116688109679,0.019204049528419614,-0.004200116688109679,0.45735317164083067,0.4956164747219819,0.45735317164083067,0.4956164747219819,0.45735317164083067,0.4956164747219819,0.45735317164083067,0.4956164747219819,0.45735317164083067,0.4956164747219819,0.45735317164083067,0.4956164747219819,0.45735317164083067,0.4956164747219819,0.45735317164083067,0.4956164747219819,0.45735317164083067,0.4956164747219819
0.0,0.36,0.36,0.36,0.0,0.64,0.64,0.64,0.0596814827198469,0.014933250137559544,0.0596814827198469,0.014933250137559544,0.0596814827198469,0.014933250137559544,0.4986259872105806,0.5082658496231829,0.4986259872105806,0.5082658496231829,0.4986259872105806,0.5082658496231829,0.4986259872105806,0.5082658496231829,0.4986259872105806,0.5082658496231829,0.4986259872105806,0.5082658496231829,0.4986259872105806,0.5082658496231829,0.4986259872105806,0.5082658496231829,0.4986259872105806,0.5082658496231829
0.0,0.53,0.53,0.53,0.0,0.6,0.6,0.6,0.06523453284982507,0.137381641208422,0.06523453284982507,0.137381641208422,0.06523453284982507,0.137381641208422,0.6905653232035127,0.7161369663209685,0.6905653232035127,0.7161369663209685,0.6905653232035127,0.7161369663209685,0.6905653232035127,0.7161369663209685,0.6905653232035127,0.7161369663209685,0.6905653232035127,0.7161369663209685,0.6905653232035127,0.7161369663209685,0.6905653232035127,0.7161369663209685,0.6905653232035127,0.7161369663209685
0.1626794258373205,0.72,0.72,0.72,0.0,0.53,0.53,0.53,0.08669927231541563,0.3472920437228577,0.08669927231541563,0.3472920437228577,0.08669927231541563,0.3472920437228577,0.5027716328300307,0.7209416332055886,0.5027716328300307,0.7209416332055886,0.5027716328300307,0.7209416332055886,0.5027716328300307,0.7209416332055886,0.5027716328300307,0.7209416332055886,0.5027716328300307,0.7209416332055886,0.5027716328300307,0.7209416332055886,0.5027716328300307,0.7209416332055886,0.5027716328300307,0.7209416332055886
0.2222222222222222,0.79,0.79,0.79,0.0,0.6,0.6,0.6,0.1472983893306929,0.28904490026786345,0.1472983893306929,0.28904490026786345,0.1472983893306929,0.28904490026786345,0.5390605727882999,0.7222852685943988,0.5390605727882999,0.7222852685943988,0.5390605727882999,0.7222852685943988,0.5390605727882999,0.7222852685943988,0.5390605727882999,0.7222852685943988,0.5390605727882999,0.7222852685943988,0.5390605727882999,0.7222852685943988,0.5390605727882999,0.7222852685943988,0.5390605727882999,0.7222852685943988
0.1935483870967741,0.76,0.76,0.76,0.0,0.65,0.65,0.65,0.25205117215948686,0.2831942398713743,0.25205117215948686,0.2831942398713743,0.25205117215948686,0.2831942398713743,0.5265103512439608,0.7113335023513674,0.5265103512439608,0.7113335023513674,0.5265103512439608,0.7113335023513674,0.5265103512439608,0.7113335023513674,0.5265103512439608,0.7113335023513674,0.5265103512439608,0.7113335023513674,0.5265103512439608,0.7113335023513674,0.5265103512439608,0.7113335023513674,0.5265103512439608,0.7113335023513674
0.1324921135646689,0.67,0.67,0.67,0.0,0.54,0.54,0.54,0.018281149245480972,0.11121522554464236,0.018281149245480972,0.11121522554464236,0.018281149245480972,0.11121522554464236,0.5025416795618217,0.5741699420606416,0.5025416795618217,0.5741699420606416,0.5025416795618217,0.5741699420606416,0.5025416795618217,0.5741699420606416,0.5025416795618217,0.5741699420606416,0.5025416795618217,0.5741699420606416,0.5025416795618217,0.5741699420606416,0.5025416795618217,0.5741699420606416,0.5025416795618217,0.5741699420606416
0.1684901531728665,0.62,0.62,0.62,0.0151248680970805,0.44,0.44,0.44,0.20352016161890144,0.2236902394691565,0.20352016161890144,0.2236902394691565,0.20352016161890144,0.2236902394691565,0.7367074640569632,0.7917894788158268,0.7367074640569632,0.7917894788158268,0.7367074640569632,0.7917894788158268,0.7367074640569632,0.7917894788158268,0.7367074640569632,0.7917894788158268,0.7367074640569632,0.7917894788158268,0.7367074640569632,0.7917894788158268,0.7367074640569632,0.7917894788158268,0.7367074640569632,0.7917894788158268
0.3243243243243243,0.79,0.79,0.79,0.0112994350282485,0.37,0.37,0.37,0.19990571220457623,0.1666092951477546,0.19990571220457623,0.1666092951477546,0.19990571220457623,0.1666092951477546,0.8301696388204286,0.854767096988514,0.8301696388204286,0.854767096988514,0.8301696388204286,0.854767096988514,0.8301696388204286,0.854767096988514,0.8301696388204286,0.854767096988514,0.8301696388204286,0.854767096988514,0.8301696388204286,0.854767096988514,0.8301696388204286,0.854767096988514,0.8301696388204286,0.854767096988514
0.3528610354223432,0.81,0.81,0.81,0.0163934426229509,0.46,0.46,0.46,0.20434603057153594,0.14597725633464484,0.20434603057153594,0.14597725633464484,0.20434603057153594,0.14597725633464484,0.8188825528301279,0.8352921304968596,0.8188825528301279,0.8352921304968596,0.8188825528301279,0.8352921304968596,0.8188825528301279,0.8352921304968596,0.8188825528301279,0.8352921304968596,0.8188825528301279,0.8352921304968596,0.8188825528301279,0.8352921304968596,0.8188825528301279,0.8352921304968596,0.8188825528301279,0.8352921304968596
0.0,0.7,0.7,0.7,0.0225244368890777,0.54,0.54,0.54,-0.03436610790841925,-0.02299038398317412,-0.03436610790841925,-0.02299038398317412,-0.03436610790841925,-0.02299038398317412,0.7397511045933612,0.7518543782029328,0.7397511045933612,0.7518543782029328,0.7397511045933612,0.7518543782029328,0.7397511045933612,0.7518543782029328,0.7397511045933612,0.7518543782029328,0.7397511045933612,0.7518543782029328,0.7397511045933612,0.7518543782029328,0.7397511045933612,0.7518543782029328,0.7397511045933612,0.7518543782029328
0.0,0.58,0.58,0.58,0.0,0.58,0.58,0.58,-0.013196881187573407,-0.06286405080674949,-0.013196881187573407,-0.06286405080674949,-0.013196881187573407,-0.06286405080674949,0.46886053785645465,0.5093092493363213,0.46886053785645465,0.5093092493363213,0.46886053785645465,0.5093092493363213,0.46886053785645465,0.5093092493363213,0.46886053785645465,0.5093092493363213,0.46886053785645465,0.5093092493363213,0.46886053785645465,0.5093092493363213,0.46886053785645465,0.5093092493363213,0.46886053785645465,0.5093092493363213
0.0,0.58,0.58,0.58,0.0253853127833183,0.57,0.57,0.57,0.0008593028596603562,-0.05972999089688465,0.0008593028596603562,-0.05972999089688465,0.0008593028596603562,-0.05972999089688465,0.5615345368330633,0.6121413097568438,0.5615345368330633,0.6121413097568438,0.5615345368330633,0.6121413097568438,0.5615345368330633,0.6121413097568438,0.5615345368330633,0.6121413097568438,0.5615345368330633,0.6121413097568438,0.5615345368330633,0.6121413097568438,0.5615345368330633,0.6121413097568438,0.5615345368330633,0.6121413097568438
0.0,0.74,0.74,0.74,0.0286546867411365,0.6,0.6,0.6,-0.015234353591491024,-0.04968082035211149,-0.015234353591491024,-0.04968082035211149,-0.015234353591491024,-0.04968082035211149,0.4997535900183383,0.5247279582161034,0.4997535900183383,0.5247279582161034,0.4997535900183383,0.5247279582161034,0.4997535900183383,0.5247279582161034,0.4997535900183383,0.5247279582161034,0.4997535900183383,0.5247279582161034,0.4997535900183383,0.5247279582161034,0.4997535900183383,0.5247279582161034,0.4997535900183383,0.5247279582161034
0.0,0.71,0.71,0.71,0.0776699029126214,0.81,0.81,0.81,-0.004916410815609621,-0.06699126097557616,-0.004916410815609621,-0.06699126097557616,-0.004916410815609621,-0.06699126097557616,0.46551426623237097,0.499118035484403,0.46551426623237097,0.499118035484403,0.46551426623237097,0.499118035484403,0.46551426623237097,0.499118035484403,0.46551426623237097,0.499118035484403,0.46551426623237097,0.499118035484403,0.46551426623237097,0.499118035484403,0.46551426623237097,0.499118035484403,0.46551426623237097,0.499118035484403
0.0,0.63,0.63,0.63,0.0482664853840925,0.72,0.72,0.72,0.06773638013932608,0.01705244347749804,0.06773638013932608,0.01705244347749804,0.06773638013932608,0.01705244347749804,0.46180146561202934,0.5106481065815062,0.46180146561202934,0.5106481065815062,0.46180146561202934,0.5106481065815062,0.46180146561202934,0.5106481065815062,0.46180146561202934,0.5106481065815062,0.46180146561202934,0.5106481065815062,0.46180146561202934,0.5106481065815062,0.46180146561202934,0.5106481065815062,0.46180146561202934,0.5106481065815062
0.0,0.51,0.51,0.51,0.0,0.61,0.61,0.61,0.08089525115821534,0.02964014133130479,0.08089525115821534,0.02964014133130479,0.08089525115821534,0.02964014133130479,0.5085551387416074,0.5549895160460664,0.5085551387416074,0.5549895160460664,0.5085551387416074,0.5549895160460664,0.5085551387416074,0.5549895160460664,0.5085551387416074,0.5549895160460664,0.5085551387416074,0.5549895160460664,0.5085551387416074,0.5549895160460664,0.5085551387416074,0.5549895160460664,0.5085551387416074,0.5549895160460664
0.0,0.51,0.51,0.51,0.0,0.36,0.36,0.36,0.058096799973521414,0.12214596005802314,0.058096799973521414,0.12214596005802314,0.058096799973521414,0.12214596005802314,0.540502447303647,0.5640063001439555,0.540502447303647,0.5640063001439555,0.540502447303647,0.5640063001439555,0.540502447303647,0.5640063001439555,0.540502447303647,0.5640063001439555,0.540502447303647,0.5640063001439555,0.540502447303647,0.5640063001439555,0.540502447303647,0.5640063001439555,0.540502447303647,0.5640063001439555
0.0,0.5,0.5,0.5,0.0,0.36,0.36,0.36,0.060128746526265736,0.11734516252964589,0.060128746526265736,0.11734516252964589,0.060128746526265736,0.11734516252964589,0.5497640675896425,0.6229514628370141,0.5497640675896425,0.6229514628370141,0.5497640675896425,0.6229514628370141,0.5497640675896425,0.6229514628370141,0.5497640675896425,0.6229514628370141,0.5497640675896425,0.6229514628370141,0.5497640675896425,0.6229514628370141,0.5497640675896425,0.6229514628370141,0.5497640675896425,0.6229514628370141
0.0,0.56,0.56,0.56,0.0,0.53,0.53,0.53,0.05149211479683909,0.13218361750651017,0.05149211479683909,0.13218361750651017,0.05149211479683909,0.13218361750651017,0.6327944549111292,0.6415210587135405,0.6327944549111292,0.6415210587135405,0.6327944549111292,0.6415210587135405,0.6327944549111292,0.6415210587135405,0.6327944549111292,0.6415210587135405,0.6327944549111292,0.6415210587135405,0.6327944549111292,0.6415210587135405,0.6327944549111292,0.6415210587135405,0.6327944549111292,0.6415210587135405
0.0,0.56,0.56,0.56,0.1626794258373205,0.72,0.72,0.72,0.034446391688261864,0.1161619556174914,0.034446391688261864,0.1161619556174914,0.034446391688261864,0.1161619556174914,0.7778045244889612,0.7793025335396868,0.7778045244889612,0.7793025335396868,0.7778045244889612,0.7793025335396868,0.7778045244889612,0.7793025335396868,0.7778045244889612,0.7793025335396868,0.7778045244889612,0.7793025335396868,0.7778045244889612,0.7793025335396868,0.7778045244889612,0.7793025335396868,0.7778045244889612,0.7793025335396868
0.0,0.7,0.7,0.7,0.2222222222222222,0.79,0.79,0.79,-0.0022192441904413138,-0.018677827781114594,-0.0022192441904413138,-0.018677827781114594,-0.0022192441904413138,-0.018677827781114594,0.7360486216089326,0.7436382649955758,0.7360486216089326,0.7436382649955758,0.7360486216089326,0.7436382649955758,0.7360486216089326,0.7436382649955758,0.7360486216089326,0.7436382649955758,0.7360486216089326,0.7436382649955758,0.7360486216089326,0.7436382649955758,0.7360486216089326,0.7436382649955758,0.7360486216089326,0.7436382649955758
0.0275142314990511,0.59,0.59,0.59,0.1935483870967741,0.76,0.76,0.76,-0.03133052582028769,0.009732847240399732,-0.03133052582028769,0.009732847240399732,-0.03133052582028769,0.009732847240399732,0.4586292823840828,0.5687669022577633,0.4586292823840828,0.5687669022577633,0.4586292823840828,0.5687669022577633,0.4586292823840828,0.5687669022577633,0.4586292823840828,0.5687669022577633,0.4586292823840828,0.5687669022577633,0.4586292823840828,0.5687669022577633,0.4586292823840828,0.5687669022577633,0.4586292823840828,0.5687669022577633
0.0526802218114602,0.59,0.59,0.59,0.1324921135646689,0.67,0.67,0.67,0.03037844671175646,0.057668385705048945,0.03037844671175646,0.057668385705048945,0.03037844671175646,0.057668385705048945,0.48682054314381107,0.5803648422963595,0.48682054314381107,0.5803648422963595,0.48682054314381107,0.5803648422963595,0.48682054314381107,0.5803648422963595,0.48682054314381107,0.5803648422963595,0.48682054314381107,0.5803648422963595,0.48682054314381107,0.5803648422963595,0.48682054314381107,0.5803648422963595,0.48682054314381107,0.5803648422963595
0.2198100407055629,0.54,0.54,0.54,0.1684901531728665,0.62,0.62,0.62,0.3190599464819513,0.2671728326599685,0.3190599464819513,0.2671728326599685,0.3190599464819513,0.2671728326599685,0.5568714023393694,0.5377504988856627,0.5568714023393694,0.5377504988856627,0.5568714023393694,0.5377504988856627,0.5568714023393694,0.5377504988856627,0.5568714023393694,0.5377504988856627,0.5568714023393694,0.5377504988856627,0.5568714023393694,0.5377504988856627,0.5568714023393694,0.5377504988856627,0.5568714023393694,0.5377504988856627
0.4318181818181817,0.73,0.73,0.73,0.3243243243243243,0.79,0.79,0.79,0.4602130675680769,0.435694449509111,0.4602130675680769,0.435694449509111,0.4602130675680769,0.435694449509111,0.7842907171671714,0.7243635305414995,0.7842907171671714,0.7243635305414995,0.7842907171671714,0.7243635305414995,0.7842907171671714,0.7243635305414995,0.7842907171671714,0.7243635305414995,0.7842907171671714,0.7243635305414995,0.7842907171671714,0.7243635305414995,0.7842907171671714,0.7243635305414995,0.7842907171671714,0.7243635305414995
0.5511221945137157,0.82,0.82,0.82,0.3528610354223432,0.81,0.81,0.81,0.523073435468689,0.4343108165488217,0.523073435468689,0.4343108165488217,0.523073435468689,0.4343108165488217,0.9338646974589456,0.8609608538478448,0.9338646974589456,0.8609608538478448,0.9338646974589456,0.8609608538478448,0.9338646974589456,0.8609608538478448,0.9338646974589456,0.8609608538478448,0.9338646974589456,0.8609608538478448,0.9338646974589456,0.8609608538478448,0.9338646974589456,0.8609608538478448,0.9338646974589456,0.8609608538478448
0.1815476190476189,0.67,0.67,0.67,0.0,0.7,0.7,0.7,0.3235049977233369,0.45989605915934945,0.3235049977233369,0.45989605915934945,0.3235049977233369,0.45989605915934945,0.8205601215074748,0.8256295422064897,0.8205601215074748,0.8256295422064897,0.8205601215074748,0.8256295422064897,0.8205601215074748,0.8256295422064897,0.8205601215074748,0.8256295422064897,0.8205601215074748,0.8256295422064897,0.8205601215074748,0.8256295422064897,0.8205601215074748,0.8256295422064897,0.8205601215074748,0.8256295422064897
0.0264255910987483,0.58,0.58,0.58,0.0,0.58,0.58,0.58,0.21887784467456367,0.2581398402636423,0.21887784467456367,0.2581398402636423,0.21887784467456367,0.2581398402636423,0.8260819559127445,0.8294678294467438,0.8260819559127445,0.8294678294467438,0.8260819559127445,0.8294678294467438,0.8260819559127445,0.8294678294467438,0.8260819559127445,0.8294678294467438,0.8260819559127445,0.8294678294467438,0.8260819559127445,0.8294678294467438,0.8260819559127445,0.8294678294467438,0.8260819559127445,0.8294678294467438
0.0555127216653815,0.51,0.51,0.51,0.0,0.58,0.58,0.58,0.08612265483285958,0.36445267804618836,0.08612265483285958,0.36445267804618836,0.08612265483285958,0.36445267804618836,0.6749409547014971,0.723589033785529,0.6749409547014971,0.723589033785529,0.6749409547014971,0.723589033785529,0.6749409547014971,0.723589033785529,0.6749409547014971,0.723589033785529,0.6749409547014971,0.723589033785529,0.6749409547014971,0.723589033785529,0.6749409547014971,0.723589033785529,0.6749409547014971,0.723589033785529
0.0728476821192052,0.58,0.58,0.58,0.0,0.74,0.74,0.74,0.05270430511391338,0.15799388348228835,0.05270430511391338,0.15799388348228835,0.05270430511391338,0.15799388348228835,0.7642530959498129,0.8021939535251402,0.7642530959498129,0.8021939535251402,0.7642530959498129,0.8021939535251402,0.7642530959498129,0.8021939535251402,0.7642530959498129,0.8021939535251402,0.7642530959498129,0.8021939535251402,0.7642530959498129,0.8021939535251402,0.7642530959498129,0.8021939535251402,0.7642530959498129,0.8021939535251402
0.1473396998635743,0.75,0.75,0.75,0.0,0.71,0.71,0.71,0.17147241988250733,0.18509046306480953,0.17147241988250733,0.18509046306480953,0.17147241988250733,0.18509046306480953,0.8079024934076571,0.8511724537160673,0.8079024934076571,0.8511724537160673,0.8079024934076571,0.8511724537160673,0.8079024934076571,0.8511724537160673,0.8079024934076571,0.8511724537160673,0.8079024934076571,0.8511724537160673,0.8079024934076571,0.8511724537160673,0.8079024934076571,0.8511724537160673,0.8079024934076571,0.8511724537160673
0.0,0.83,0.83,0.83,0.0,0.63,0.63,0.63,0.010083983265280242,0.006131779108986159,0.010083983265280242,0.006131779108986159,0.010083983265280242,0.006131779108986159,0.7117473979791672,0.7596291987915377,0.7117473979791672,0.7596291987915377,0.7117473979791672,0.7596291987915377,0.7117473979791672,0.7596291987915377,0.7117473979791672,0.7596291987915377,0.7117473979791672,0.7596291987915377,0.7117473979791672,0.7596291987915377,0.7117473979791672,0.7596291987915377,0.7117473979791672,0.7596291987915377
0.0,0.64,0.64,0.64,0.0,0.51,0.51,0.51,0.04317584541278276,0.005774235698203202,0.04317584541278276,0.005774235698203202,0.04317584541278276,0.005774235698203202,0.4379983158020015,0.5534458425565116,0.4379983158020015,0.5534458425565116,0.4379983158020015,0.5534458425565116,0.4379983158020015,0.5534458425565116,0.4379983158020015,0.5534458425565116,0.4379983158020015,0.5534458425565116,0.4379983158020015,0.5534458425565116,0.4379983158020015,0.5534458425565116,0.4379983158020015,0.5534458425565116
0.0,0.56,0.56,0.56,0.0,0.51,0.51,0.51,0.029658502295170225,0.01829319703072919,0.029658502295170225,0.01829319703072919,0.029658502295170225,0.01829319703072919,0.42159452002358533,0.538660275301121,0.42159452002358533,0.538660275301121,0.42159452002358533,0.538660275301121,0.42159452002358533,0.538660275301121,0.42159452002358533,0.538660275301121,0.42159452002358533,0.538660275301121,0.42159452002358533,0.538660275301121,0.42159452002358533,0.538660275301121,0.42159452002358533,0.538660275301121
0.0,0.36,0.36,0.36,0.0,0.5,0.5,0.5,0.05378966578586197,0.08302404351959698,0.05378966578586197,0.08302404351959698,0.05378966578586197,0.08302404351959698,0.48814875804408836,0.5549107776795129,0.48814875804408836,0.5549107776795129,0.48814875804408836,0.5549107776795129,0.48814875804408836,0.5549107776795129,0.48814875804408836,0.5549107776795129,0.48814875804408836,0.5549107776795129,0.48814875804408836,0.5549107776795129,0.48814875804408836,0.5549107776795129,0.48814875804408836,0.5549107776795129
0.0,0.44,0.44,0.44,0.0,0.56,0.56,0.56,0.06604417893835429,0.10009347426436166,0.06604417893835429,0.10009347426436166,0.06604417893835429,0.10009347426436166,0.7299625756588136,0.7684434949020569,0.7299625756588136,0.7684434949020569,0.7299625756588136,0.7684434949020569,0.7299625756588136,0.7684434949020569,0.7299625756588136,0.7684434949020569,0.7299625756588136,0.7684434949020569,0.7299625756588136,0.7684434949020569,0.7299625756588136,0.7684434949020569,0.7299625756588136,0.7684434949020569
0.0,0.47,0.47,0.47,0.0,0.56,0.56,0.56,0.038849476701123056,0.04506357955215373,0.038849476701123056,0.04506357955215373,0.038849476701123056,0.04506357955215373,0.5409852424013295,0.5759344460579333,0.5409852424013295,0.5759344460579333,0.5409852424013295,0.5759344460579333,0.5409852424013295,0.5759344460579333,0.5409852424013295,0.5759344460579333,0.5409852424013295,0.5759344460579333,0.5409852424013295,0.5759344460579333,0.5409852424013295,0.5759344460579333,0.5409852424013295,0.5759344460579333
0.0,0.41,0.41,0.41,0.0,0.7,0.7,0.7,0.04669437928246481,0.0506437542310824,0.04669437928246481,0.0506437542310824,0.04669437928246481,0.0506437542310824,0.5469223969081564,0.6058823931587493,0.5469223969081564,0.6058823931587493,0.5469223969081564,0.6058823931587493,0.5469223969081564,0.6058823931587493,0.5469223969081564,0.6058823931587493,0.5469223969081564,0.6058823931587493,0.5469223969081564,0.6058823931587493,0.5469223969081564,0.6058823931587493,0.5469223969081564,0.6058823931587493
0.0,0.33,0.33,0.33,0.0275142314990511,0.59,0.59,0.59,0.05316405145836013,0.04578172461536472,0.05316405145836013,0.04578172461536472,0.05316405145836013,0.04578172461536472,0.5483612859376243,0.6215830727604492,0.5483612859376243,0.6215830727604492,0.5483612859376243,0.6215830727604492,0.5483612859376243,0.6215830727604492,0.5483612859376243,0.6215830727604492,0.5483612859376243,0.6215830727604492,0.5483612859376243,0.6215830727604492,0.5483612859376243,0.6215830727604492,0.5483612859376243,0.6215830727604492
0.0108191653786706,0.36,0.36,0.36,0.0526802218114602,0.59,0.59,0.59,0.004046685668851152,0.10550212374356094,0.004046685668851152,0.10550212374356094,0.004046685668851152,0.10550212374356094,0.4951039633001905,0.5745064184445134,0.4951039633001905,0.5745064184445134,0.4951039633001905,0.5745064184445134,0.4951039633001905,0.5745064184445134,0.4951039633001905,0.5745064184445134,0.4951039633001905,0.5745064184445134,0.4951039633001905,0.5745064184445134,0.4951039633001905,0.5745064184445134,0.4951039633001905,0.5745064184445134
0.0145228215767635,0.43,0.43,0.43,0.2198100407055629,0.54,0.54,0.54,0.06429516111962796,0.3941378327898689,0.06429516111962796,0.3941378327898689,0.06429516111962796,0.3941378327898689,0.6851791303073994,0.7634920558148658,0.6851791303073994,0.7634920558148658,0.6851791303073994,0.7634920558148658,0.6851791303073994,0.7634920558148658,0.6851791303073994,0.7634920558148658,0.6851791303073994,0.7634920558148658,0.6851791303073994,0.7634920558148658,0.6851791303073994,0.7634920558148658,0.6851791303073994,0.7634920558148658
0.0163934426229509,0.46,0.46,0.46,0.4318181818181817,0.73,0.73,0.73,0.1944164434341863,0.16105156501968312,0.1944164434341863,0.16105156501968312,0.1944164434341863,0.16105156501968312,0.7862491263501467,0.8068154040550736,0.7862491263501467,0.8068154040550736,0.7862491263501467,0.8068154040550736,0.7862491263501467,0.8068154040550736,0.7862491263501467,0.8068154040550736,0.7862491263501467,0.8068154040550736,0.7862491263501467,0.8068154040550736,0.7862491263501467,0.8068154040550736,0.7862491263501467,0.8068154040550736
0.0,0.5,0.5,0.5,0.5511221945137157,0.82,0.82,0.82,0.02335656132692301,0.09573532745144199,0.02335656132692301,0.09573532745144199,0.02335656132692301,0.09573532745144199,0.6724598570863466,0.7350789658084086,0.6724598570863466,0.7350789658084086,0.6724598570863466,0.7350789658084086,0.6724598570863466,0.7350789658084086,0.6724598570863466,0.7350789658084086,0.6724598570863466,0.7350789658084086,0.6724598570863466,0.7350789658084086,0.6724598570863466,0.7350789658084086,0.6724598570863466,0.7350789658084086
0.0,0.4,0.4,0.4,0.1815476190476189,0.67,0.67,0.67,0.03582380252452648,0.0951991676759975,0.03582380252452648,0.0951991676759975,0.03582380252452648,0.0951991676759975,0.6764755538106404,0.7201815985429273,0.6764755538106404,0.7201815985429273,0.6764755538106404,0.7201815985429273,0.6764755538106404,0.7201815985429273,0.6764755538106404,0.7201815985429273,0.6764755538106404,0.7201815985429273,0.6764755538106404,0.7201815985429273,0.6764755538106404,0.7201815985429273,0.6764755538106404,0.7201815985429273
0.0,0.4,0.4,0.4,0.0264255910987483,0.58,0.58,0.58,0.027932853253134354,0.07986028451634446,0.027932853253134354,0.07986028451634446,0.027932853253134354,0.07986028451634446,0.5219257412288879,0.522130463051393,0.5219257412288879,0.522130463051393,0.5219257412288879,0.522130463051393,0.5219257412288879,0.522130463051393,0.5219257412288879,0.522130463051393,0.5219257412288879,0.522130463051393,0.5219257412288879,0.522130463051393,0.5219257412288879,0.522130463051393,0.5219257412288879,0.522130463051393
0.1225165562913908,0.47,0.47,0.47,0.0555127216653815,0.51,0.51,0.51,0.407885647409211,0.4334271036002768,0.407885647409211,0.4334271036002768,0.407885647409211,0.4334271036002768,0.6185383520871981,0.5621948431334817,0.6185383520871981,0.5621948431334817,0.6185383520871981,0.5621948431334817,0.6185383520871981,0.5621948431334817,0.6185383520871981,0.5621948431334817,0.6185383520871981,0.5621948431334817,0.6185383520871981,0.5621948431334817,0.6185383520871981,0.5621948431334817,0.6185383520871981,0.5621948431334817
0.3148003132341425,0.65,0.65,0.65,0.0728476821192052,0.58,0.58,0.58,0.4271273078723199,0.5286502380732835,0.4271273078723199,0.5286502380732835,0.4271273078723199,0.5286502380732835,0.677293759526613,0.6140132689957103,0.677293759526613,0.6140132689957103,0.677293759526613,0.6140132689957103,0.677293759526613,0.6140132689957103,0.677293759526613,0.6140132689957103,0.677293759526613,0.6140132689957103,0.677293759526613,0.6140132689957103,0.677293759526613,0.6140132689957103,0.677293759526613,0.6140132689957103
0.6789727126805778,0.84,0.84,0.84,0.1473396998635743,0.75,0.75,0.75,0.43841029612111965,0.5041724027183189,0.43841029612111965,0.5041724027183189,0.43841029612111965,0.5041724027183189,0.620170303414157,0.5976181770061746,0.620170303414157,0.5976181770061746,0.620170303414157,0.5976181770061746,0.620170303414157,0.5976181770061746,0.620170303414157,0.5976181770061746,0.620170303414157,0.5976181770061746,0.620170303414157,0.5976181770061746,0.620170303414157,0.5976181770061746,0.620170303414157,0.5976181770061746
0.7051886792452831,0.85,0.85,0.85,0.0,0.83,0.83,0.83,0.620082884619094,0.6038993472400045,0.620082884619094,0.6038993472400045,0.620082884619094,0.6038993472400045,0.8006831744739004,0.8039852829256202,0.8006831744739004,0.8039852829256202,0.8006831744739004,0.8039852829256202,0.8006831744739004,0.8039852829256202,0.8006831744739004,0.8039852829256202,0.8006831744739004,0.8039852829256202,0.8006831744739004,0.8039852829256202,0.8006831744739004,0.8039852829256202,0.8006831744739004,0.8039852829256202
0.5454545454545454,0.8,0.8,0.8,0.0,0.64,0.64,0.64,0.6312747424451273,0.6271933633006086,0.6312747424451273,0.6271933633006086,0.6312747424451273,0.6271933633006086,0.8137101285375393,0.8385343936422524,0.8137101285375393,0.8385343936422524,0.8137101285375393,0.8385343936422524,0.8137101285375393,0.8385343936422524,0.8137101285375393,0.8385343936422524,0.8137101285375393,0.8385343936422524,0.8137101285375393,0.8385343936422524,0.8137101285375393,0.8385343936422524,0.8137101285375393,0.8385343936422524
0.3925831202046036,0.81,0.81,0.81,0.0,0.56,0.56,0.56,0.6327664058515655,0.6600358668766123,0.6327664058515655,0.6600358668766123,0.6327664058515655,0.6600358668766123,0.8114224962683785,0.8373107473309563,0.8114224962683785,0.8373107473309563,0.8114224962683785,0.8373107473309563,0.8114224962683785,0.8373107473309563,0.8114224962683785,0.8373107473309563,0.8114224962683785,0.8373107473309563,0.8114224962683785,0.8373107473309563,0.8114224962683785,0.8373107473309563,0.8114224962683785,0.8373107473309563
0.1150442477876105,0.84,0.84,0.84,0.0,0.36,0.36,0.36,0.6511268880994318,0.6582527170944952,0.6511268880994318,0.6582527170944952,0.6511268880994318,0.6582527170944952,0.8241701195853589,0.8351135377951961,0.8241701195853589,0.8351135377951961,0.8241701195853589,0.8351135377951961,0.8241701195853589,0.8351135377951961,0.8241701195853589,0.8351135377951961,0.8241701195853589,0.8351135377951961,0.8241701195853589,0.8351135377951961,0.8241701195853589,0.8351135377951961,0.8241701195853589,0.8351135377951961
0.0879828326180257,0.83,0.83,0.83,0.0,0.44,0.44,0.44,0.09729705714465613,0.05938763651970012,0.09729705714465613,0.05938763651970012,0.09729705714465613,0.05938763651970012,0.712588203293815,0.7538130235731627,0.712588203293815,0.7538130235731627,0.712588203293815,0.7538130235731627,0.712588203293815,0.7538130235731627,0.712588203293815,0.7538130235731627,0.712588203293815,0.7538130235731627,0.712588203293815,0.7538130235731627,0.712588203293815,0.7538130235731627,0.712588203293815,0.7538130235731627
0.0,0.81,0.81,0.81,0.0,0.47,0.47,0.47,0.005289994356922829,0.01858520371599858,0.005289994356922829,0.01858520371599858,0.005289994356922829,0.01858520371599858,0.7590579984604436,0.7626150501710601,0.7590579984604436,0.7626150501710601,0.7590579984604436,0.7626150501710601,0.7590579984604436,0.7626150501710601,0.7590579984604436,0.7626150501710601,0.7590579984604436,0.7626150501710601,0.7590579984604436,0.7626150501710601,0.7590579984604436,0.7626150501710601,0.7590579984604436,0.7626150501710601
0.0,0.6,0.6,0.6,0.0,0.41,0.41,0.41,-0.01575862513911576,-0.014662573735443076,-0.01575862513911576,-0.014662573735443076,-0.01575862513911576,-0.014662573735443076,0.7620917395949317,0.7629765615551074,0.7620917395949317,0.7629765615551074,0.7620917395949317,0.7629765615551074,0.7620917395949317,0.7629765615551074,0.7620917395949317,0.7629765615551074,0.7620917395949317,0.7629765615551074,0.7620917395949317,0.7629765615551074,0.7620917395949317,0.7629765615551074,0.7620917395949317,0.7629765615551074
0.0243902439024389,0.56,0.56,0.56,0.0,0.33,0.33,0.33,-0.026280908257752054,0.023329606947577904,-0.026280908257752054,0.023329606947577904,-0.026280908257752054,0.023329606947577904,0.47898094885304815,0.5498106341011618,0.47898094885304815,0.5498106341011618,0.47898094885304815,0.5498106341011618,0.47898094885304815,0.5498106341011618,0.47898094885304815,0.5498106341011618,0.47898094885304815,0.5498106341011618,0.47898094885304815,0.5498106341011618,0.47898094885304815,0.5498106341011618,0.47898094885304815,0.5498106341011618
0.0108191653786706,0.36,0.36,0.36,0.0108191653786706,0.36,0.36,0.36,0.008308968100866003,0.03829894383236883,0.008308968100866003,0.03829894383236883,0.008308968100866003,0.03829894383236883,0.41389423705375233,0.47805232648923296,0.41389423705375233,0.47805232648923296,0.41389423705375233,0.47805232648923296,0.41389423705375233,0.47805232648923296,0.41389423705375233,0.47805232648923296,0.41389423705375233,0.47805232648923296,0.41389423705375233,0.47805232648923296,0.41389423705375233,0.47805232648923296,0.41389423705375233,0.47805232648923296
0.1160220994475137,0.52,0.52,0.52,0.0145228215767635,0.43,0.43,0.43,0.35566610922475006,0.5279884488651697,0.35566610922475006,0.5279884488651697,0.35566610922475006,0.5279884488651697,0.6412370625821926,0.6729133749655763,0.6412370625821926,0.6729133749655763,0.6412370625821926,0.6729133749655763,0.6412370625821926,0.6729133749655763,0.6412370625821926,0.6729133749655763,0.6412370625821926,0.6729133749655763,0.6412370625821926,0.6729133749655763,0.6412370625821926,0.6729133749655763,0.6412370625821926,0.6729133749655763
0.1954566966398486,0.66,0.66,0.66,0.0163934426229509,0.46,0.46,0.46,0.4375871083698727,0.5770807462277818,0.4375871083698727,0.5770807462277818,0.4375871083698727,0.5770807462277818,0.6776843177020511,0.7227405240860341,0.6776843177020511,0.7227405240860341,0.6776843177020511,0.7227405240860341,0.6776843177020511,0.7227405240860341,0.6776843177020511,0.7227405240860341,0.6776843177020511,0.7227405240860341,0.6776843177020511,0.7227405240860341,0.6776843177020511,0.7227405240860341,0.6776843177020511,0.7227405240860341
0.3872549019607842,0.85,0.85,0.85,0.0,0.5,0.5,0.5,0.47045614664359503,0.4224013251288623,0.47045614664359503,0.4224013251288623,0.47045614664359503,0.4224013251288623,0.7547570616865306,0.7757162320017512,0.7547570616865306,0.7757162320017512,0.7547570616865306,0.7757162320017512,0.7547570616865306,0.7757162320017512,0.7547570616865306,0.7757162320017512,0.7547570616865306,0.7757162320017512,0.7547570616865306,0.7757162320017512,0.7547570616865306,0.7757162320017512,0.7547570616865306,0.7757162320017512
0.0,0.73,0.73,0.73,0.0,0.4,0.4,0.4,-0.007244450514471634,0.007950282458158807,-0.007244450514471634,0.007950282458158807,-0.007244450514471634,0.007950282458158807,0.7594558275204384,0.767002767795736,0.7594558275204384,0.767002767795736,0.7594558275204384,0.767002767795736,0.7594558275204384,0.767002767795736,0.7594558275204384,0.767002767795736,0.7594558275204384,0.767002767795736,0.7594558275204384,0.767002767795736,0.7594558275204384,0.767002767795736,0.7594558275204384,0.767002767795736
0.0799999999999999,0.54,0.54,0.54,0.0,0.4,0.4,0.4,0.09095014513769364,0.1612809194327276,0.09095014513769364,0.1612809194327276,0.09095014513769364,0.1612809194327276,0.4862692868909571,0.5869971897853753,0.4862692868909571,0.5869971897853753,0.4862692868909571,0.5869971897853753,0.4862692868909571,0.5869971897853753,0.4862692868909571,0.5869971897853753,0.4862692868909571,0.5869971897853753,0.4862692868909571,0.5869971897853753,0.4862692868909571,0.5869971897853753,0.4862692868909571,0.5869971897853753
0.0712661106899167,0.51,0.51,0.51,0.1225165562913908,0.47,0.47,0.47,0.1774327397738987,0.2517559390363785,0.1774327397738987,0.2517559390363785,0.1774327397738987,0.2517559390363785,0.6350334420474859,0.6230064493079429,0.6350334420474859,0.6230064493079429,0.6350334420474859,0.6230064493079429,0.6350334420474859,0.6230064493079429,0.6350334420474859,0.6230064493079429,0.6350334420474859,0.6230064493079429,0.6350334420474859,0.6230064493079429,0.6350334420474859,0.6230064493079429,0.6350334420474859,0.6230064493079429
0.0585774058577406,0.46,0.46,0.46,0.3148003132341425,0.65,0.65,0.65,0.31309199021575596,0.3435641532285524,0.31309199021575596,0.3435641532285524,0.31309199021575596,0.3435641532285524,0.6548246330280928,0.6677532969934582,0.6548246330280928,0.6677532969934582,0.6548246330280928,0.6677532969934582,0.6548246330280928,0.6677532969934582,0.6548246330280928,0.6677532969934582,0.6548246330280928,0.6677532969934582,0.6548246330280928,0.6677532969934582,0.6548246330280928,0.6677532969934582,0.6548246330280928,0.6677532969934582
0.0618661257606489,0.63,0.63,0.63,0.6789727126805778,0.84,0.84,0.84,0.1306688800598319,0.18419674360513236,0.1306688800598319,0.18419674360513236,0.1306688800598319,0.18419674360513236,0.7573145161268251,0.7271618162432928,0.7573145161268251,0.7271618162432928,0.7573145161268251,0.7271618162432928,0.7573145161268251,0.7271618162432928,0.7573145161268251,0.7271618162432928,0.7573145161268251,0.7271618162432928,0.7573145161268251,0.7271618162432928,0.7573145161268251,0.7271618162432928,0.7573145161268251,0.7271618162432928
0.0,0.61,0.61,0.61,0.7051886792452831,0.85,0.85,0.85,0.020041626724489107,0.040748166094296115,0.020041626724489107,0.040748166094296115,0.020041626724489107,0.040748166094296115,0.756275820181309,0.7275198616039901,0.756275820181309,0.7275198616039901,0.756275820181309,0.7275198616039901,0.756275820181309,0.7275198616039901,0.756275820181309,0.7275198616039901,0.756275820181309,0.7275198616039901,0.756275820181309,0.7275198616039901,0.756275820181309,0.7275198616039901,0.756275820181309,0.7275198616039901
0.0,0.7,0.7,0.7,0.5454545454545454,0.8,0.8,0.8,-0.02762330124592553,0.0069982231478965965,-0.02762330124592553,0.0069982231478965965,-0.02762330124592553,0.0069982231478965965,0.6405782212661488,0.6853350324694092,0.6405782212661488,0.6853350324694092,0.6405782212661488,0.6853350324694092,0.6405782212661488,0.6853350324694092,0.6405782212661488,0.6853350324694092,0.6405782212661488,0.6853350324694092,0.6405782212661488,0.6853350324694092,0.6405782212661488,0.6853350324694092,0.6405782212661488,0.6853350324694092
0.0,0.74,0.74,0.74,0.3925831202046036,0.81,0.81,0.81,-0.01250559022450274,0.01217274132645529,-0.01250559022450274,0.01217274132645529,-0.01250559022450274,0.01217274132645529,0.6443161191978555,0.7198664030269081,0.6443161191978555,0.7198664030269081,0.6443161191978555,0.7198664030269081,0.6443161191978555,0.7198664030269081,0.6443161191978555,0.7198664030269081,0.6443161191978555,0.7198664030269081,0.6443161191978555,0.7198664030269081,0.6443161191978555,0.7198664030269081,0.6443161191978555,0.7198664030269081
0.0,0.82,0.82,0.82,0.1150442477876105,0.84,0.84,0.84,-0.03174267204139464,-0.03637263832417375,-0.03174267204139464,-0.03637263832417375,-0.03174267204139464,-0.03637263832417375,0.6775205916430217,0.6863644075043437,0.6775205916430217,0.6863644075043437,0.6775205916430217,0.6863644075043437,0.6775205916430217,0.6863644075043437,0.6775205916430217,0.6863644075043437,0.6775205916430217,0.6863644075043437,0.6775205916430217,0.6863644075043437,0.6775205916430217,0.6863644075043437,0.6775205916430217,0.6863644075043437
0.0,0.8,0.8,0.8,0.0879828326180257,0.83,0.83,0.83,-0.004345058641524315,0.00023484678730474636,-0.004345058641524315,0.00023484678730474636,-0.004345058641524315,0.00023484678730474636,0.5038130646661638,0.5086366080450174,0.5038130646661638,0.5086366080450174,0.5038130646661638,0.5086366080450174,0.5038130646661638,0.5086366080450174,0.5038130646661638,0.5086366080450174,0.5038130646661638,0.5086366080450174,0.5038130646661638,0.5086366080450174,0.5038130646661638,0.5086366080450174,0.5038130646661638,0.5086366080450174
0.0,0.71,0.71,0.71,0.0,0.81,0.81,0.81,-0.008802629462794406,0.02362690199434018,-0.008802629462794406,0.02362690199434018,-0.008802629462794406,0.02362690199434018,0.5646729981452111,0.5471319138730474,0.5646729981452111,0.5471319138730474,0.5646729981452111,0.5471319138730474,0.5646729981452111,0.5471319138730474,0.5646729981452111,0.5471319138730474,0.5646729981452111,0.5471319138730474,0.5646729981452111,0.5471319138730474,0.5646729981452111,0.5471319138730474,0.5646729981452111,0.5471319138730474
0.0,0.54,0.54,0.54,0.0,0.6,0.6,0.6,0.01264941892837549,-0.028027847275812954,0.01264941892837549,-0.028027847275812954,0.01264941892837549,-0.028027847275812954,0.4135184987082701,0.41730221148314756,0.4135184987082701,0.41730221148314756,0.4135184987082701,0.41730221148314756,0.4135184987082701,0.41730221148314756,0.4135184987082701,0.41730221148314756,0.4135184987082701,0.41730221148314756,0.4135184987082701,0.41730221148314756,0.4135184987082701,0.41730221148314756,0.4135184987082701,0.41730221148314756
0.0,0.61,0.61,0.61,0.0243902439024389,0.56,0.56,0.56,0.0018609722067881385,0.0006666482526942566,0.0018609722067881385,0.0006666482526942566,0.0018609722067881385,0.0006666482526942566,0.4219175169726625,0.43618962939075967,0.4219175169726625,0.43618962939075967,0.4219175169726625,0.43618962939075967,0.4219175169726625,0.43618962939075967,0.4219175169726625,0.43618962939075967,0.4219175169726625,0.43618962939075967,0.4219175169726625,0.43618962939075967,0.4219175169726625,0.43618962939075967,0.4219175169726625,0.43618962939075967
0.0,0.63,0.63,0.63,0.0108191653786706,0.36,0.36,0.36,0.008918219466752246,-0.0021111106678363056,0.008918219466752246,-0.0021111106678363056,0.008918219466752246,-0.0021111106678363056,0.7353721928083173,0.7071999271292503,0.7353721928083173,0.7071999271292503,0.7353721928083173,0.7071999271292503,0.7353721928083173,0.7071999271292503,0.7353721928083173,0.7071999271292503,0.7353721928083173,0.7071999271292503,0.7353721928083173,0.7071999271292503,0.7353721928083173,0.7071999271292503,0.7353721928083173,0.7071999271292503
0.0,0.66,0.66,0.66,0.1160220994475137,0.52,0.52,0.52,-0.01192768230197283,0.02387214809915672,-0.01192768230197283,0.02387214809915672,-0.01192768230197283,0.02387214809915672,0.4633633961409915,0.490323706887798,0.4633633961409915,0.490323706887798,0.4633633961409915,0.490323706887798,0.4633633961409915,0.490323706887798,0.4633633961409915,0.490323706887798,0.4633633961409915,0.490323706887798,0.4633633961409915,0.490323706887798,0.4633633961409915,0.490323706887798,0.4633633961409915,0.490323706887798
0.0,0.65,0.65,0.65,0.1954566966398486,0.66,0.66,0.66,-0.003971807318305033,-0.02656226312489607,-0.003971807318305033,-0.02656226312489607,-0.003971807318305033,-0.02656226312489607,0.4908069720882205,0.4958639830761968,0.4908069720882205,0.4958639830761968,0.4908069720882205,0.4958639830761968,0.4908069720882205,0.4958639830761968,0.4908069720882205,0.4958639830761968,0.4908069720882205,0.4958639830761968,0.4908069720882205,0.4958639830761968,0.4908069720882205,0.4958639830761968,0.4908069720882205,0.4958639830761968
0.0,0.58,0.58,0.58,0.3872549019607842,0.85,0.85,0.85,0.02813298282285306,0.028949840447777896,0.02813298282285306,0.028949840447777896,0.02813298282285306,0.028949840447777896,0.6873024158049689,0.7138526921140402,0.6873024158049689,0.7138526921140402,0.6873024158049689,0.7138526921140402,0.6873024158049689,0.7138526921140402,0.6873024158049689,0.7138526921140402,0.6873024158049689,0.7138526921140402,0.6873024158049689,0.7138526921140402,0.6873024158049689,0.7138526921140402,0.6873024158049689,0.7138526921140402
0.0,0.63,0.63,0.63,0.0,0.73,0.73,0.73,-0.011482072483156136,0.008201164726980003,-0.011482072483156136,0.008201164726980003,-0.011482072483156136,0.008201164726980003,0.744873460098085,0.7270763026063745,0.744873460098085,0.7270763026063745,0.744873460098085,0.7270763026063745,0.744873460098085,0.7270763026063745,0.744873460098085,0.7270763026063745,0.744873460098085,0.7270763026063745,0.744873460098085,0.7270763026063745,0.744873460098085,0.7270763026063745,0.744873460098085,0.7270763026063745
0.0,0.78,0.78,0.78,0.0799999999999999,0.54,0.54,0.54,0.009073390286315822,-0.015759553943886378,0.009073390286315822,-0.015759553943886378,0.009073390286315822,-0.015759553943886378,0.5637532551816795,0.5543850609398651,0.5637532551816795,0.5543850609398651,0.5637532551816795,0.5543850609398651,0.5637532551816795,0.5543850609398651,0.5637532551816795,0.5543850609398651,0.5637532551816795,0.5543850609398651,0.5637532551816795,0.5543850609398651,0.5637532551816795,0.5543850609398651,0.5637532551816795,0.5543850609398651
0.0,0.66,0.66,0.66,0.0712661106899167,0.51,0.51,0.51,-0.010288087111488046,0.03913052480474432,-0.010288087111488046,0.03913052480474432,-0.010288087111488046,0.03913052480474432,0.6589401142261734,0.5925285431933174,0.6589401142261734,0.5925285431933174,0.6589401142261734,0.5925285431933174,0.6589401142261734,0.5925285431933174,0.6589401142261734,0.5925285431933174,0.6589401142261734,0.5925285431933174,0.6589401142261734,0.5925285431933174,0.6589401142261734,0.5925285431933174,0.6589401142261734,0.5925285431933174
0.0,0.64,0.64,0.64,0.0585774058577406,0.46,0.46,0.46,0.058809303858927436,0.06955473833324129,0.058809303858927436,0.06955473833324129,0.058809303858927436,0.06955473833324129,0.6843569269590247,0.6615904812714747,0.6843569269590247,0.6615904812714747,0.6843569269590247,0.6615904812714747,0.6843569269590247,0.6615904812714747,0.6843569269590247,0.6615904812714747,0.6843569269590247,0.6615904812714747,0.6843569269590247,0.6615904812714747,0.6843569269590247,0.6615904812714747,0.6843569269590247,0.6615904812714747
0.0,0.6,0.6,0.6,0.0618661257606489,0.63,0.63,0.63,0.016594875125903293,-0.0023876784496821763,0.016594875125903293,-0.0023876784496821763,0.016594875125903293,-0.0023876784496821763,0.5883510349490277,0.5763247043073634,0.5883510349490277,0.5763247043073634,0.5883510349490277,0.5763247043073634,0.5883510349490277,0.5763247043073634,0.5883510349490277,0.5763247043073634,0.5883510349490277,0.5763247043073634,0.5883510349490277,0.5763247043073634,0.5883510349490277,0.5763247043073634,0.5883510349490277,0.5763247043073634
0.0,0.59,0.59,0.59,0.0,0.61,0.61,0.61,0.0640510794501404,-0.0074747742981102335,0.0640510794501404,-0.0074747742981102335,0.0640510794501404,-0.0074747742981102335,0.5959556940570818,0.5656850802643097,0.5959556940570818,0.5656850802643097,0.5959556940570818,0.5656850802643097,0.5959556940570818,0.5656850802643097,0.5959556940570818,0.5656850802643097,0.5959556940570818,0.5656850802643097,0.5959556940570818,0.5656850802643097,0.5959556940570818,0.5656850802643097,0.5959556940570818,0.5656850802643097
0.0,0.67,0.67,0.67,0.0,0.7,0.7,0.7,0.0319272326062897,0.04863079699215665,0.0319272326062897,0.04863079699215665,0.0319272326062897,0.04863079699215665,0.6968476334997378,0.7001451443894917,0.6968476334997378,0.7001451443894917,0.6968476334997378,0.7001451443894917,0.6968476334997378,0.7001451443894917,0.6968476334997378,0.7001451443894917,0.6968476334997378,0.7001451443894917,0.6968476334997378,0.7001451443894917,0.6968476334997378,0.7001451443894917,0.6968476334997378,0.7001451443894917
0.0,0.75,0.75,0.75,0.0,0.74,0.74,0.74,0.05591840332035737,0.06908802452421992,0.05591840332035737,0.06908802452421992,0.05591840332035737,0.06908802452421992,0.6638214412725185,0.6623068947022857,0.6638214412725185,0.6623068947022857,0.6638214412725185,0.6623068947022857,0.6638214412725185,0.6623068947022857,0.6638214412725185,0.6623068947022857,0.6638214412725185,0.6623068947022857,0.6638214412725185,0.6623068947022857,0.6638214412725185,0.6623068947022857,0.6638214412725185,0.6623068947022857
0.0,0.72,0.72,0.72,0.0,0.82,0.82,0.82,0.059417809394834334,0.030704392777137362,0.059417809394834334,0.030704392777137362,0.059417809394834334,0.030704392777137362,0.7040284217562963,0.6575461817195524,0.7040284217562963,0.6575461817195524,0.7040284217562963,0.6575461817195524,0.7040284217562963,0.6575461817195524,0.7040284217562963,0.6575461817195524,0.7040284217562963,0.6575461817195524,0.7040284217562963,0.6575461817195524,0.7040284217562963,0.6575461817195524,0.7040284217562963,0.6575461817195524
0.0,0.59,0.59,0.59,0.0,0.8,0.8,0.8,0.022882610235424986,-0.0129419194874305,0.022882610235424986,-0.0129419194874305,0.022882610235424986,-0.0129419194874305,0.7204505901531614,0.6958799947221195,0.7204505901531614,0.6958799947221195,0.7204505901531614,0.6958799947221195,0.7204505901531614,0.6958799947221195,0.7204505901531614,0.6958799947221195,0.7204505901531614,0.6958799947221195,0.7204505901531614,0.6958799947221195,0.7204505901531614,0.6958799947221195,0.7204505901531614,0.6958799947221195
0.0,0.47,0.47,0.47,0.0,0.71,0.71,0.71,-0.02096464993140291,-0.005799485882546502,-0.02096464993140291,-0.005799485882546502,-0.02096464993140291,-0.005799485882546502,0.6306508453347119,0.48873407035554683,0.6306508453347119,0.48873407035554683,0.6306508453347119,0.48873407035554683,0.6306508453347119,0.48873407035554683,0.6306508453347119,0.48873407035554683,0.6306508453347119,0.48873407035554683,0.6306508453347119,0.48873407035554683,0.6306508453347119,0.48873407035554683,0.6306508453347119,0.48873407035554683
0.0,0.41,0.41,0.41,0.0,0.54,0.54,0.54,-0.02486142782602718,0.01851224815363425,-0.02486142782602718,0.01851224815363425,-0.02486142782602718,0.01851224815363425,0.619026754983201,0.6105608901525791,0.619026754983201,0.6105608901525791,0.619026754983201,0.6105608901525791,0.619026754983201,0.6105608901525791,0.619026754983201,0.6105608901525791,0.619026754983201,0.6105608901525791,0.619026754983201,0.6105608901525791,0.619026754983201,0.6105608901525791,0.619026754983201,0.6105608901525791
0.0243902439024389,0.56,0.56,0.56,0.0,0.61,0.61,0.61,-0.007406982602242003,0.020980495503465476,-0.007406982602242003,0.020980495503465476,-0.007406982602242003,0.020980495503465476,0.5105752018280847,0.5306690000403356,0.5105752018280847,0.5306690000403356,0.5105752018280847,0.5306690000403356,0.5105752018280847,0.5306690000403356,0.5105752018280847,0.5306690000403356,0.5105752018280847,0.5306690000403356,0.5105752018280847,0.5306690000403356,0.5105752018280847,0.5306690000403356,0.5105752018280847,0.5306690000403356
0.042027194066749,0.69,0.69,0.69,0.0,0.63,0.63,0.63,0.014146795228208352,0.06639251912849188,0.014146795228208352,0.06639251912849188,0.014146795228208352,0.06639251912849188,0.6711433472103016,0.7562348928595413,0.6711433472103016,0.7562348928595413,0.6711433472103016,0.7562348928595413,0.6711433472103016,0.7562348928595413,0.6711433472103016,0.7562348928595413,0.6711433472103016,0.7562348928595413,0.6711433472103016,0.7562348928595413,0.6711433472103016,0.7562348928595413,0.6711433472103016,0.7562348928595413
0.0654205607476635,0.78,0.78,0.78,0.0,0.66,0.66,0.66,0.08240051751514965,0.05567382696715047,0.08240051751514965,0.05567382696715047,0.08240051751514965,0.05567382696715047,0.7349079826829058,0.7341243169985172,0.7349079826829058,0.7341243169985172,0.7349079826829058,0.7341243169985172,0.7349079826829058,0.7341243169985172,0.7349079826829058,0.7341243169985172,0.7349079826829058,0.7341243169985172,0.7349079826829058,0.7341243169985172,0.7349079826829058,0.7341243169985172,0.7349079826829058,0.7341243169985172
0.0,0.75,0.75,0.75,0.0,0.65,0.65,0.65,0.030126559826973636,0.00016613874673627581,0.030126559826973636,0.00016613874673627581,0.030126559826973636,0.00016613874673627581,0.6613966244164191,0.6231781701567577,0.6613966244164191,0.6231781701567577,0.6613966244164191,0.6231781701567577,0.6613966244164191,0.6231781701567577,0.6613966244164191,0.6231781701567577,0.6613966244164191,0.6231781701567577,0.6613966244164191,0.6231781701567577,0.6613966244164191,0.6231781701567577,0.6613966244164191,0.6231781701567577
0.0,0.72,0.72,0.72,0.0,0.58,0.58,0.58,0.05160150277343208,0.03592051244993649,0.05160150277343208,0.03592051244993649,0.05160150277343208,0.03592051244993649,0.6950286955847172,0.6585705903836265,0.6950286955847172,0.6585705903836265,0.6950286955847172,0.6585705903836265,0.6950286955847172,0.6585705903836265,0.6950286955847172,0.6585705903836265,0.6950286955847172,0.6585705903836265,0.6950286955847172,0.6585705903836265,0.6950286955847172,0.6585705903836265,0.6950286955847172,0.6585705903836265
0.0,0.65,0.65,0.65,0.0,0.63,0.63,0.63,0.059655914152391645,0.06378856762374387,0.059655914152391645,0.06378856762374387,0.059655914152391645,0.06378856762374387,0.602401860908104,0.6977093211791705,0.602401860908104,0.6977093211791705,0.602401860908104,0.6977093211791705,0.602401860908104,0.6977093211791705,0.602401860908104,0.6977093211791705,0.602401860908104,0.6977093211791705,0.602401860908104,0.6977093211791705,0.602401860908104,0.6977093211791705,0.602401860908104,0.6977093211791705
0.0,0.62,0.62,0.62,0.0,0.78,0.78,0.78,0.05056338644572178,0.014476356505493313,0.05056338644572178,0.014476356505493313,0.05056338644572178,0.014476356505493313,0.6502873591537905,0.6475491719976755,0.6502873591537905,0.6475491719976755,0.6502873591537905,0.6475491719976755,0.6502873591537905,0.6475491719976755,0.6502873591537905,0.6475491719976755,0.6502873591537905,0.6475491719976755,0.6502873591537905,0.6475491719976755,0.6502873591537905,0.6475491719976755,0.6502873591537905,0.6475491719976755
0.0,0.54,0.54,0.54,0.0,0.66,0.66,0.66,0.014955093141127175,-0.0062528937091257805,0.014955093141127175,-0.0062528937091257805,0.014955093141127175,-0.0062528937091257805,0.6403542304117863,0.6304769128851507,0.6403542304117863,0.6304769128851507,0.6403542304117863,0.6304769128851507,0.6403542304117863,0.6304769128851507,0.6403542304117863,0.6304769128851507,0.6403542304117863,0.6304769128851507,0.6403542304117863,0.6304769128851507,0.6403542304117863,0.6304769128851507,0.6403542304117863,0.6304769128851507
0.0,0.55,0.55,0.55,0.0,0.64,0.64,0.64,0.024447027479287002,-0.012993877756085933,0.024447027479287002,-0.012993877756085933,0.024447027479287002,-0.012993877756085933,0.6911259150277664,0.6187505601896659,0.6911259150277664,0.6187505601896659,0.6911259150277664,0.6187505601896659,0.6911259150277664,0.6187505601896659,0.6911259150277664,0.6187505601896659,0.6911259150277664,0.6187505601896659,0.6911259150277664,0.6187505601896659,0.6911259150277664,0.6187505601896659,0.6911259150277664,0.6187505601896659
0.0,0.6,0.6,0.6,0.0,0.6,0.6,0.6,0.010984166629303065,-0.005034951223218039,0.010984166629303065,-0.005034951223218039,0.010984166629303065,-0.005034951223218039,0.7149233569992146,0.6921711945880116,0.7149233569992146,0.6921711945880116,0.7149233569992146,0.6921711945880116,0.7149233569992146,0.6921711945880116,0.7149233569992146,0.6921711945880116,0.7149233569992146,0.6921711945880116,0.7149233569992146,0.6921711945880116,0.7149233569992146,0.6921711945880116,0.7149233569992146,0.6921711945880116
0.0,0.62,0.62,0.62,0.0,0.59,0.59,0.59,0.006723324141233362,0.005740054322695495,0.006723324141233362,0.005740054322695495,0.006723324141233362,0.005740054322695495,0.6301497227333939,0.6595724334517893,0.6301497227333939,0.6595724334517893,0.6301497227333939,0.6595724334517893,0.6301497227333939,0.6595724334517893,0.6301497227333939,0.6595724334517893,0.6301497227333939,0.6595724334517893,0.6301497227333939,0.6595724334517893,0.6301497227333939,0.6595724334517893,0.6301497227333939,0.6595724334517893
0.0145228215767635,0.43,0.43,0.43,0.0,0.67,0.67,0.67,0.04983940392910474,0.0278229510947411,0.04983940392910474,0.0278229510947411,0.04983940392910474,0.0278229510947411,0.5661088724690662,0.5402928377278768,0.5661088724690662,0.5402928377278768,0.5661088724690662,0.5402928377278768,0.5661088724690662,0.5402928377278768,0.5661088724690662,0.5402928377278768,0.5661088724690662,0.5402928377278768,0.5661088724690662,0.5402928377278768,0.5661088724690662,0.5402928377278768,0.5661088724690662,0.5402928377278768
0.018475750577367,0.49,0.49,0.49,0.0,0.75,0.75,0.75,0.01026880993315319,-0.0018369565739982383,0.01026880993315319,-0.0018369565739982383,0.01026880993315319,-0.0018369565739982383,0.5143824338392355,0.5404408088894158,0.5143824338392355,0.5404408088894158,0.5143824338392355,0.5404408088894158,0.5143824338392355,0.5404408088894158,0.5143824338392355,0.5404408088894158,0.5143824338392355,0.5404408088894158,0.5143824338392355,0.5404408088894158,0.5143824338392355,0.5404408088894158,0.5143824338392355,0.5404408088894158
0.2778884462151394,0.71,0.71,0.71,0.0,0.72,0.72,0.72,0.30124008822463294,0.1477331007964037,0.30124008822463294,0.1477331007964037,0.30124008822463294,0.1477331007964037,0.6187182743662494,0.5882643671223208,0.6187182743662494,0.5882643671223208,0.6187182743662494,0.5882643671223208,0.6187182743662494,0.5882643671223208,0.6187182743662494,0.5882643671223208,0.6187182743662494,0.5882643671223208,0.6187182743662494,0.5882643671223208,0.6187182743662494,0.5882643671223208,0.6187182743662494,0.5882643671223208
0.5423340961098397,0.88,0.88,0.88,0.0,0.59,0.59,0.59,0.31752395755209706,0.14800375658081902,0.31752395755209706,0.14800375658081902,0.31752395755209706,0.14800375658081902,0.6922930046145158,0.6755281552560941,0.6922930046145158,0.6755281552560941,0.6922930046145158,0.6755281552560941,0.6922930046145158,0.6755281552560941,0.6922930046145158,0.6755281552560941,0.6922930046145158,0.6755281552560941,0.6922930046145158,0.6755281552560941,0.6922930046145158,0.6755281552560941,0.6922930046145158,0.6755281552560941
0.5931651749389748,0.9,0.9,0.9,0.0,0.47,0.47,0.47,0.30971309850537976,0.2173712518516491,0.30971309850537976,0.2173712518516491,0.30971309850537976,0.2173712518516491,0.7550439535240883,0.7335482851910572,0.7550439535240883,0.7335482851910572,0.7550439535240883,0.7335482851910572,0.7550439535240883,0.7335482851910572,0.7550439535240883,0.7335482851910572,0.7550439535240883,0.7335482851910572,0.7550439535240883,0.7335482851910572,0.7550439535240883,0.7335482851910572,0.7550439535240883,0.7335482851910572
0.10828025477707,0.86,0.86,0.86,0.0,0.41,0.41,0.41,0.08698766382673151,0.025330960386600782,0.08698766382673151,0.025330960386600782,0.08698766382673151,0.025330960386600782,0.6165727352608499,0.7236392305075913,0.6165727352608499,0.7236392305075913,0.6165727352608499,0.7236392305075913,0.6165727352608499,0.7236392305075913,0.6165727352608499,0.7236392305075913,0.6165727352608499,0.7236392305075913,0.6165727352608499,0.7236392305075913,0.6165727352608499,0.7236392305075913,0.6165727352608499,0.7236392305075913
0.0460526315789473,0.71,0.71,0.71,0.0243902439024389,0.56,0.56,0.56,0.07300695665456874,0.04870931869208412,0.07300695665456874,0.04870931869208412,0.07300695665456874,0.04870931869208412,0.6106780332896178,0.701085661463613,0.6106780332896178,0.701085661463613,0.6106780332896178,0.701085661463613,0.6106780332896178,0.701085661463613,0.6106780332896178,0.701085661463613,0.6106780332896178,0.701085661463613,0.6106780332896178,0.701085661463613,0.6106780332896178,0.701085661463613,0.6106780332896178,0.701085661463613
0.0,0.64,0.64,0.64,0.042027194066749,0.69,0.69,0.69,-0.003228327814363718,0.00790760313467703,-0.003228327814363718,0.00790760313467703,-0.003228327814363718,0.00790760313467703,0.561213787757065,0.6008625563792123,0.561213787757065,0.6008625563792123,0.561213787757065,0.6008625563792123,0.561213787757065,0.6008625563792123,0.561213787757065,0.6008625563792123,0.561213787757065,0.6008625563792123,0.561213787757065,0.6008625563792123,0.561213787757065,0.6008625563792123,0.561213787757065,0.6008625563792123
0.0,0.59,0.59,0.59,0.0654205607476635,0.78,0.78,0.78,0.006949466467838293,0.00752122874737561,0.006949466467838293,0.00752122874737561,0.006949466467838293,0.00752122874737561,0.6810002190200056,0.6300101205116951,0.6810002190200056,0.6300101205116951,0.6810002190200056,0.6300101205116951,0.6810002190200056,0.6300101205116951,0.6810002190200056,0.6300101205116951,0.6810002190200056,0.6300101205116951,0.6810002190200056,0.6300101205116951,0.6810002190200056,0.6300101205116951,0.6810002190200056,0.6300101205116951
0.0,0.64,0.64,0.64,0.0,0.75,0.75,0.75,0.006384528486694927,0.014542260409002685,0.006384528486694927,0.014542260409002685,0.006384528486694927,0.014542260409002685,0.7181673070445742,0.6447259468754705,0.7181673070445742,0.6447259468754705,0.7181673070445742,0.6447259468754705,0.7181673070445742,0.6447259468754705,0.7181673070445742,0.6447259468754705,0.7181673070445742,0.6447259468754705,0.7181673070445742,0.6447259468754705,0.7181673070445742,0.6447259468754705,0.7181673070445742,0.6447259468754705
0.0,0.63,0.63,0.63,0.0,0.72,0.72,0.72,0.0010916827908953601,0.015186228134286441,0.0010916827908953601,0.015186228134286441,0.0010916827908953601,0.015186228134286441,0.678358853949446,0.5935195548024655,0.678358853949446,0.5935195548024655,0.678358853949446,0.5935195548024655,0.678358853949446,0.5935195548024655,0.678358853949446,0.5935195548024655,0.678358853949446,0.5935195548024655,0.678358853949446,0.5935195548024655,0.678358853949446,0.5935195548024655,0.678358853949446,0.5935195548024655
0.0,0.51,0.51,0.51,0.0,0.65,0.65,0.65,0.018708984020249245,0.03204252451088037,0.018708984020249245,0.03204252451088037,0.018708984020249245,0.03204252451088037,0.5593278521384587,0.5566672813278746,0.5593278521384587,0.5566672813278746,0.5593278521384587,0.5566672813278746,0.5593278521384587,0.5566672813278746,0.5593278521384587,0.5566672813278746,0.5593278521384587,0.5566672813278746,0.5593278521384587,0.5566672813278746,0.5593278521384587,0.5566672813278746,0.5593278521384587,0.5566672813278746
0.0,0.54,0.54,0.54,0.0,0.62,0.62,0.62,-0.018365390434413827,0.0017257844093999442,-0.018365390434413827,0.0017257844093999442,-0.018365390434413827,0.0017257844093999442,0.578462620775507,0.5695048115150317,0.578462620775507,0.5695048115150317,0.578462620775507,0.5695048115150317,0.578462620775507,0.5695048115150317,0.578462620775507,0.5695048115150317,0.578462620775507,0.5695048115150317,0.578462620775507,0.5695048115150317,0.578462620775507,0.5695048115150317,0.578462620775507,0.5695048115150317
0.0,0.61,0.61,0.61,0.0,0.54,0.54,0.54,-0.03843984932480833,-0.04037501042813547,-0.03843984932480833,-0.04037501042813547,-0.03843984932480833,-0.04037501042813547,0.6643269582520882,0.7062497769965718,0.6643269582520882,0.7062497769965718,0.6643269582520882,0.7062497769965718,0.6643269582520882,0.7062497769965718,0.6643269582520882,0.7062497769965718,0.6643269582520882,0.7062497769965718,0.6643269582520882,0.7062497769965718,0.6643269582520882,0.7062497769965718,0.6643269582520882,0.7062497769965718
0.0,0.66,0.66,0.66,0.0,0.55,0.55,0.55,0.03451249026666558,-0.005774825393598131,0.03451249026666558,-0.005774825393598131,0.03451249026666558,-0.005774825393598131,0.6690391115746614,0.6096519264034324,0.6690391115746614,0.6096519264034324,0.6690391115746614,0.6096519264034324,0.6690391115746614,0.6096519264034324,0.6690391115746614,0.6096519264034324,0.6690391115746614,0.6096519264034324,0.6690391115746614,0.6096519264034324,0.6690391115746614,0.6096519264034324,0.6690391115746614,0.6096519264034324
0.0,0.68,0.68,0.68,0.0,0.6,0.6,0.6,0.04076618773409936,0.022867362597527727,0.04076618773409936,0.022867362597527727,0.04076618773409936,0.022867362597527727,0.6962853475873196,0.6365650938413401,0.6962853475873196,0.6365650938413401,0.6962853475873196,0.6365650938413401,0.6962853475873196,0.6365650938413401,0.6962853475873196,0.6365650938413401,0.6962853475873196,0.6365650938413401,0.6962853475873196,0.6365650938413401,0.6962853475873196,0.6365650938413401,0.6962853475873196,0.6365650938413401
0.0,0.64,0.64,0.64,0.0,0.62,0.62,0.62,0.05473999229353289,0.031147927417271026,0.05473999229353289,0.031147927417271026,0.05473999229353289,0.031147927417271026,0.6536553188535691,0.6050654570892563,0.6536553188535691,0.6050654570892563,0.6536553188535691,0.6050654570892563,0.6536553188535691,0.6050654570892563,0.6536553188535691,0.6050654570892563,0.6536553188535691,0.6050654570892563,0.6536553188535691,0.6050654570892563,0.6536553188535691,0.6050654570892563,0.6536553188535691,0.6050654570892563
0.0,0.51,0.51,0.51,0.0145228215767635,0.43,0.43,0.43,0.01339844944028063,0.025486398437837784,0.01339844944028063,0.025486398437837784,0.01339844944028063,0.025486398437837784,0.6230726703842113,0.5515281936792437,0.6230726703842113,0.5515281936792437,0.6230726703842113,0.5515281936792437,0.6230726703842113,0.5515281936792437,0.6230726703842113,0.5515281936792437,0.6230726703842113,0.5515281936792437,0.6230726703842113,0.5515281936792437,0.6230726703842113,0.5515281936792437,0.6230726703842113,0.5515281936792437
0.0,0.51,0.51,0.51,0.018475750577367,0.49,0.49,0.49,0.016869507218718254,0.02482285945822753,0.016869507218718254,0.02482285945822753,0.016869507218718254,0.02482285945822753,0.6326351007767036,0.5880404273658243,0.6326351007767036,0.5880404273658243,0.6326351007767036,0.5880404273658243,0.6326351007767036,0.5880404273658243,0.6326351007767036,0.5880404273658243,0.6326351007767036,0.5880404273658243,0.6326351007767036,0.5880404273658243,0.6326351007767036,0.5880404273658243,0.6326351007767036,0.5880404273658243
0.0,0.58,0.58,0.58,0.2778884462151394,0.71,0.71,0.71,0.05413414117716657,0.03361220705191993,0.05413414117716657,0.03361220705191993,0.05413414117716657,0.03361220705191993,0.6489175038193202,0.6303731333252928,0.6489175038193202,0.6303731333252928,0.6489175038193202,0.6303731333252928,0.6489175038193202,0.6303731333252928,0.6489175038193202,0.6303731333252928,0.6489175038193202,0.6303731333252928,0.6489175038193202,0.6303731333252928,0.6489175038193202,0.6303731333252928,0.6489175038193202,0.6303731333252928
0.0,0.54,0.54,0.54,0.5423340961098397,0.88,0.88,0.88,0.007047127588391519,0.025684608096459508,0.007047127588391519,0.025684608096459508,0.007047127588391519,0.025684608096459508,0.652344234502196,0.6056502816055299,0.652344234502196,0.6056502816055299,0.652344234502196,0.6056502816055299,0.652344234502196,0.6056502816055299,0.652344234502196,0.6056502816055299,0.652344234502196,0.6056502816055299,0.652344234502196,0.6056502816055299,0.652344234502196,0.6056502816055299,0.652344234502196,0.6056502816055299
0.0,0.47,0.47,0.47,0.5931651749389748,0.9,0.9,0.9,0.00406711403361182,0.014447372799381249,0.00406711403361182,0.014447372799381249,0.00406711403361182,0.014447372799381249,0.6375978136412607,0.5546747616791808,0.6375978136412607,0.5546747616791808,0.6375978136412607,0.5546747616791808,0.6375978136412607,0.5546747616791808,0.6375978136412607,0.5546747616791808,0.6375978136412607,0.5546747616791808,0.6375978136412607,0.5546747616791808,0.6375978136412607,0.5546747616791808,0.6375978136412607,0.5546747616791808
0.0,0.49,0.49,0.49,0.10828025477707,0.86,0.86,0.86,-0.025556189680124713,0.02821993182105478,-0.025556189680124713,0.02821993182105478,-0.025556189680124713,0.02821993182105478,0.7058717027033379,0.5847667054716963,0.7058717027033379,0.5847667054716963,0.7058717027033379,0.5847667054716963,0.7058717027033379,0.5847667054716963,0.7058717027033379,0.5847667054716963,0.7058717027033379,0.5847667054716963,0.7058717027033379,0.5847667054716963,0.7058717027033379,0.5847667054716963,0.7058717027033379,0.5847667054716963
0.0,0.51,0.51,0.51,0.0460526315789473,0.71,0.71,0.71,-0.046903534613539515,-0.004143539161349363,-0.046903534613539515,-0.004143539161349363,-0.046903534613539515,-0.004143539161349363,0.60334751255203,0.6223619553196676,0.60334751255203,0.6223619553196676,0.60334751255203,0.6223619553196676,0.60334751255203,0.6223619553196676,0.60334751255203,0.6223619553196676,0.60334751255203,0.6223619553196676,0.60334751255203,0.6223619553196676,0.60334751255203,0.6223619553196676,0.60334751255203,0.6223619553196676
0.0,0.57,0.57,0.57,0.0,0.64,0.64,0.64,-5.2415679392127726e-05,0.02572028219735159,-5.2415679392127726e-05,0.02572028219735159,-5.2415679392127726e-05,0.02572028219735159,0.6294493042542002,0.5203617693844781,0.6294493042542002,0.5203617693844781,0.6294493042542002,0.5203617693844781,0.6294493042542002,0.5203617693844781,0.6294493042542002,0.5203617693844781,0.6294493042542002,0.5203617693844781,0.6294493042542002,0.5203617693844781,0.6294493042542002,0.5203617693844781,0.6294493042542002,0.5203617693844781
0.0,0.41,0.41,0.41,0.0,0.59,0.59,0.59,0.04317602085533054,0.06248531518172675,0.04317602085533054,0.06248531518172675,0.04317602085533054,0.06248531518172675,0.6162399820650112,0.5539578900653553,0.6162399820650112,0.5539578900653553,0.6162399820650112,0.5539578900653553,0.6162399820650112,0.5539578900653553,0.6162399820650112,0.5539578900653553,0.6162399820650112,0.5539578900653553,0.6162399820650112,0.5539578900653553,0.6162399820650112,0.5539578900653553,0.6162399820650112,0.5539578900653553
0.0,0.41,0.41,0.41,0.0,0.64,0.64,0.64,0.07644737684967923,0.09760722119195439,0.07644737684967923,0.09760722119195439,0.07644737684967923,0.09760722119195439,0.6916006001361663,0.6240196300620825,0.6916006001361663,0.6240196300620825,0.6916006001361663,0.6240196300620825,0.6916006001361663,0.6240196300620825,0.6916006001361663,0.6240196300620825,0.6916006001361663,0.6240196300620825,0.6916006001361663,0.6240196300620825,0.6916006001361663,0.6240196300620825,0.6916006001361663,0.6240196300620825
0.0932642487046631,0.58,0.58,0.58,0.0,0.63,0.63,0.63,0.24929000770339807,0.26270747622111296,0.24929000770339807,0.26270747622111296,0.24929000770339807,0.26270747622111296,0.6919593390264385,0.6786280344217698,0.6919593390264385,0.6786280344217698,0.6919593390264385,0.6786280344217698,0.6919593390264385,0.6786280344217698,0.6919593390264385,0.6786280344217698,0.6919593390264385,0.6786280344217698,0.6919593390264385,0.6786280344217698,0.6919593390264385,0.6786280344217698,0.6919593390264385,0.6786280344217698
0.1626794258373205,0.72,0.72,0.72,0.0,0.51,0.51,0.51,0.20643204068253374,0.28980195675273446,0.20643204068253374,0.28980195675273446,0.20643204068253374,0.28980195675273446,0.7652020880910143,0.7487511189579389,0.7652020880910143,0.7487511189579389,0.7652020880910143,0.7487511189579389,0.7652020880910143,0.7487511189579389,0.7652020880910143,0.7487511189579389,0.7652020880910143,0.7487511189579389,0.7652020880910143,0.7487511189579389,0.7652020880910143,0.7487511189579389,0.7652020880910143,0.7487511189579389
0.2120343839541547,0.78,0.78,0.78,0.0,0.54,0.54,0.54,0.23575824934281078,0.2811136318155948,0.23575824934281078,0.2811136318155948,0.23575824934281078,0.2811136318155948,0.7456321245527338,0.6909726545065743,0.7456321245527338,0.6909726545065743,0.7456321245527338,0.6909726545065743,0.7456321245527338,0.6909726545065743,0.7456321245527338,0.6909726545065743,0.7456321245527338,0.6909726545065743,0.7456321245527338,0.6909726545065743,0.7456321245527338,0.6909726545065743,0.7456321245527338,0.6909726545065743
0.0,0.64,0.64,0.64,0.0,0.61,0.61,0.61,0.01137736233849779,0.0008596934646133439,0.01137736233849779,0.0008596934646133439,0.01137736233849779,0.0008596934646133439,0.6438489236393333,0.5407341489159048,0.6438489236393333,0.5407341489159048,0.6438489236393333,0.5407341489159048,0.6438489236393333,0.5407341489159048,0.6438489236393333,0.5407341489159048,0.6438489236393333,0.5407341489159048,0.6438489236393333,0.5407341489159048,0.6438489236393333,0.5407341489159048,0.6438489236393333,0.5407341489159048
0.0,0.53,0.53,0.53,0.0,0.66,0.66,0.66,-0.02311964772693833,0.02775530748049029,-0.02311964772693833,0.02775530748049029,-0.02311964772693833,0.02775530748049029,0.6876326398522001,0.6647292170612008,0.6876326398522001,0.6647292170612008,0.6876326398522001,0.6647292170612008,0.6876326398522001,0.6647292170612008,0.6876326398522001,0.6647292170612008,0.6876326398522001,0.6647292170612008,0.6876326398522001,0.6647292170612008,0.6876326398522001,0.6647292170612008,0.6876326398522001,0.6647292170612008
0.0,0.52,0.52,0.52,0.0,0.68,0.68,0.68,0.0014490574759341017,0.04907601780833964,0.0014490574759341017,0.04907601780833964,0.0014490574759341017,0.04907601780833964,0.6795612343057457,0.6264762947723419,0.6795612343057457,0.6264762947723419,0.6795612343057457,0.6264762947723419,0.6795612343057457,0.6264762947723419,0.6795612343057457,0.6264762947723419,0.6795612343057457,0.6264762947723419,0.6795612343057457,0.6264762947723419,0.6795612343057457,0.6264762947723419,0.6795612343057457,0.6264762947723419
0.0,0.72,0.72,0.72,0.0,0.64,0.64,0.64,-0.0020975721167419423,0.05680845038823171,-0.0020975721167419423,0.05680845038823171,-0.0020975721167419423,0.05680845038823171,0.5367947069032426,0.6494597249426024,0.5367947069032426,0.6494597249426024,0.5367947069032426,0.6494597249426024,0.5367947069032426,0.6494597249426024,0.5367947069032426,0.6494597249426024,0.5367947069032426,0.6494597249426024,0.5367947069032426,0.6494597249426024,0.5367947069032426,0.6494597249426024,0.5367947069032426,0.6494597249426024
0.0,0.87,0.87,0.87,0.0,0.51,0.51,0.51,0.0041871760277452106,0.02355559191510001,0.0041871760277452106,0.02355559191510001,0.0041871760277452106,0.02355559191510001,0.6463091686547835,0.6216192047047088,0.6463091686547835,0.6216192047047088,0.6463091686547835,0.6216192047047088,0.6463091686547835,0.6216192047047088,0.6463091686547835,0.6216192047047088,0.6463091686547835,0.6216192047047088,0.6463091686547835,0.6216192047047088,0.6463091686547835,0.6216192047047088,0.6463091686547835,0.6216192047047088
0.0,0.67,0.67,0.67,0.0,0.51,0.51,0.51,-0.04789432411833318,0.014244738988917321,-0.04789432411833318,0.014244738988917321,-0.04789432411833318,0.014244738988917321,0.5150264701999561,0.5102941948513924,0.5150264701999561,0.5102941948513924,0.5150264701999561,0.5102941948513924,0.5150264701999561,0.5102941948513924,0.5150264701999561,0.5102941948513924,0.5150264701999561,0.5102941948513924,0.5150264701999561,0.5102941948513924,0.5150264701999561,0.5102941948513924,0.5150264701999561,0.5102941948513924
0.0,0.68,0.68,0.68,0.0,0.58,0.58,0.58,0.07396439136018479,0.10254746253769813,0.07396439136018479,0.10254746253769813,0.07396439136018479,0.10254746253769813,0.6215218173278806,0.585751805959627,0.6215218173278806,0.585751805959627,0.6215218173278806,0.585751805959627,0.6215218173278806,0.585751805959627,0.6215218173278806,0.585751805959627,0.6215218173278806,0.585751805959627,0.6215218173278806,0.585751805959627,0.6215218173278806,0.585751805959627,0.6215218173278806,0.585751805959627
0.0,0.6,0.6,0.6,0.0,0.54,0.54,0.54,0.03336190924254285,0.06908547979999034,0.03336190924254285,0.06908547979999034,0.03336190924254285,0.06908547979999034,0.662962369270821,0.6259000846625445,0.662962369270821,0.6259000846625445,0.662962369270821,0.6259000846625445,0.662962369270821,0.6259000846625445,0.662962369270821,0.6259000846625445,0.662962369270821,0.6259000846625445,0.662962369270821,0.6259000846625445,0.662962369270821,0.6259000846625445,0.662962369270821,0.6259000846625445
0.0,0.67,0.67,0.67,0.0,0.47,0.47,0.47,0.09979634555766126,0.07154093623544265,0.09979634555766126,0.07154093623544265,0.09979634555766126,0.07154093623544265,0.6465962687710943,0.5872387132092669,0.6465962687710943,0.5872387132092669,0.6465962687710943,0.5872387132092669,0.6465962687710943,0.5872387132092669,0.6465962687710943,0.5872387132092669,0.6465962687710943,0.5872387132092669,0.6465962687710943,0.5872387132092669,0.6465962687710943,0.5872387132092669,0.6465962687710943,0.5872387132092669
0.0,0.67,0.67,0.67,0.0,0.49,0.49,0.49,0.013685193544480497,0.09585254082017072,0.013685193544480497,0.09585254082017072,0.013685193544480497,0.09585254082017072,0.6908138825305032,0.6179687982569093,0.6908138825305032,0.6179687982569093,0.6908138825305032,0.6179687982569093,0.6908138825305032,0.6179687982569093,0.6908138825305032,0.6179687982569093,0.6908138825305032,0.6179687982569093,0.6908138825305032,0.6179687982569093,0.6908138825305032,0.6179687982569093,0.6908138825305032,0.6179687982569093
0.0,0.64,0.64,0.64,0.0,0.51,0.51,0.51,0.026155665302778453,0.06412150299474202,0.026155665302778453,0.06412150299474202,0.026155665302778453,0.06412150299474202,0.609455736860883,0.5797616433551276,0.609455736860883,0.5797616433551276,0.609455736860883,0.5797616433551276,0.609455736860883,0.5797616433551276,0.609455736860883,0.5797616433551276,0.609455736860883,0.5797616433551276,0.609455736860883,0.5797616433551276,0.609455736860883,0.5797616433551276,0.609455736860883,0.5797616433551276
0.0,0.54,0.54,0.54,0.0,0.57,0.57,0.57,0.03620850970798548,0.06485574571411133,0.03620850970798548,0.06485574571411133,0.03620850970798548,0.06485574571411133,0.6675065439090515,0.6847133337883808,0.6675065439090515,0.6847133337883808,0.6675065439090515,0.6847133337883808,0.6675065439090515,0.6847133337883808,0.6675065439090515,0.6847133337883808,0.6675065439090515,0.6847133337883808,0.6675065439090515,0.6847133337883808,0.6675065439090515,0.6847133337883808,0.6675065439090515,0.6847133337883808
0.0275142314990511,0.59,0.59,0.59,0.0,0.41,0.41,0.41,0.05037317620978881,0.031334885569034146,0.05037317620978881,0.031334885569034146,0.05037317620978881,0.031334885569034146,0.6561504587138197,0.6140484916545068,0.6561504587138197,0.6140484916545068,0.6561504587138197,0.6140484916545068,0.6561504587138197,0.6140484916545068,0.6561504587138197,0.6140484916545068,0.6561504587138197,0.6140484916545068,0.6561504587138197,0.6140484916545068,0.6561504587138197,0.6140484916545068,0.6561504587138197,0.6140484916545068
0.0531682447195921,0.74,0.74,0.74,0.0,0.41,0.41,0.41,0.016979537310440503,0.042324081633022106,0.016979537310440503,0.042324081633022106,0.016979537310440503,0.042324081633022106,0.7065908957024879,0.7154998532204124,0.7065908957024879,0.7154998532204124,0.7065908957024879,0.7154998532204124,0.7065908957024879,0.7154998532204124,0.7065908957024879,0.7154998532204124,0.7065908957024879,0.7154998532204124,0.7065908957024879,0.7154998532204124,0.7065908957024879,0.7154998532204124,0.7065908957024879,0.7154998532204124
0.042027194066749,0.69,0.69,0.69,0.0932642487046631,0.58,0.58,0.58,0.02042866240798487,0.02007421473917845,0.02042866240798487,0.02007421473917845,0.02042866240798487,0.02007421473917845,0.6681767098988494,0.6991035963988991,0.6681767098988494,0.6991035963988991,0.6681767098988494,0.6991035963988991,0.6681767098988494,0.6991035963988991,0.6681767098988494,0.6991035963988991,0.6681767098988494,0.6991035963988991,0.6681767098988494,0.6991035963988991,0.6681767098988494,0.6991035963988991,0.6681767098988494,0.6991035963988991
0.0,0.58,0.58,0.58,0.1626794258373205,0.72,0.72,0.72,0.01895410971833286,-0.01646218078108012,0.01895410971833286,-0.01646218078108012,0.01895410971833286,-0.01646218078108012,0.57504896776196,0.6170115268941713,0.57504896776196,0.6170115268941713,0.57504896776196,0.6170115268941713,0.57504896776196,0.6170115268941713,0.57504896776196,0.6170115268941713,0.57504896776196,0.6170115268941713,0.57504896776196,0.6170115268941713,0.57504896776196,0.6170115268941713,0.57504896776196,0.6170115268941713
0.0,0.54,0.54,0.54,0.2120343839541547,0.78,0.78,0.78,-0.017106454944488456,-0.026174966004442596,-0.017106454944488456,-0.026174966004442596,-0.017106454944488456,-0.026174966004442596,0.5944999961179239,0.6497990351751479,0.5944999961179239,0.6497990351751479,0.5944999961179239,0.6497990351751479,0.5944999961179239,0.6497990351751479,0.5944999961179239,0.6497990351751479,0.5944999961179239,0.6497990351751479,0.5944999961179239,0.6497990351751479,0.5944999961179239,0.6497990351751479,0.5944999961179239,0.6497990351751479
0.0,0.56,0.56,0.56,0.0,0.64,0.64,0.64,0.026298098506371048,-0.01631741720667261,0.026298098506371048,-0.01631741720667261,0.026298098506371048,-0.01631741720667261,0.6322578820485975,0.6360727202172246,0.6322578820485975,0.6360727202172246,0.6322578820485975,0.6360727202172246,0.6322578820485975,0.6360727202172246,0.6322578820485975,0.6360727202172246,0.6322578820485975,0.6360727202172246,0.6322578820485975,0.6360727202172246,0.6322578820485975,0.6360727202172246,0.6322578820485975,0.6360727202172246
0.0886699507389161,0.63,0.63,0.63,0.0,0.53,0.53,0.53,0.16186859488927677,0.16353512162734218,0.16186859488927677,0.16353512162734218,0.16186859488927677,0.16353512162734218,0.6617983179127301,0.6505412700413253,0.6617983179127301,0.6505412700413253,0.6617983179127301,0.6505412700413253,0.6617983179127301,0.6505412700413253,0.6617983179127301,0.6505412700413253,0.6617983179127301,0.6505412700413253,0.6617983179127301,0.6505412700413253,0.6617983179127301,0.6505412700413253,0.6617983179127301,0.6505412700413253
0.1473396998635743,0.75,0.75,0.75,0.0,0.52,0.52,0.52,0.21418603779470763,0.25321637806588976,0.21418603779470763,0.25321637806588976,0.21418603779470763,0.25321637806588976,0.7451414830698339,0.7635604971106436,0.7451414830698339,0.7635604971106436,0.7451414830698339,0.7635604971106436,0.7451414830698339,0.7635604971106436,0.7451414830698339,0.7635604971106436,0.7451414830698339,0.7635604971106436,0.7451414830698339,0.7635604971106436,0.7451414830698339,0.7635604971106436,0.7451414830698339,0.7635604971106436
0.1473396998635743,0.75,0.75,0.75,0.0,0.72,0.72,0.72,0.16962430964702244,0.22577040151233474,0.16962430964702244,0.22577040151233474,0.16962430964702244,0.22577040151233474,0.768668196035865,0.7937812147261251,0.768668196035865,0.7937812147261251,0.768668196035865,0.7937812147261251,0.768668196035865,0.7937812147261251,0.768668196035865,0.7937812147261251,0.768668196035865,0.7937812147261251,0.768668196035865,0.7937812147261251,0.768668196035865,0.7937812147261251,0.768668196035865,0.7937812147261251
0.0368271954674219,0.66,0.66,0.66,0.0,0.87,0.87,0.87,0.032788420906616336,0.0505701844377047,0.032788420906616336,0.0505701844377047,0.032788420906616336,0.0505701844377047,0.7273469878644682,0.7685841068620084,0.7273469878644682,0.7685841068620084,0.7273469878644682,0.7685841068620084,0.7273469878644682,0.7685841068620084,0.7273469878644682,0.7685841068620084,0.7273469878644682,0.7685841068620084,0.7273469878644682,0.7685841068620084,0.7273469878644682,0.7685841068620084,0.7273469878644682,0.7685841068620084
0.0,0.59,0.59,0.59,0.0,0.67,0.67,0.67,0.039645660093479584,0.03181959877160241,0.039645660093479584,0.03181959877160241,0.039645660093479584,0.03181959877160241,0.6807086394349433,0.6701462437841215,0.6807086394349433,0.6701462437841215,0.6807086394349433,0.6701462437841215,0.6807086394349433,0.6701462437841215,0.6807086394349433,0.6701462437841215,0.6807086394349433,0.6701462437841215,0.6807086394349433,0.6701462437841215,0.6807086394349433,0.6701462437841215,0.6807086394349433,0.6701462437841215
0.0,0.43,0.43,0.43,0.0,0.68,0.68,0.68,0.042422722480751976,0.0347087327025225,0.042422722480751976,0.0347087327025225,0.042422722480751976,0.0347087327025225,0.702465633136254,0.7209089633069494,0.702465633136254,0.7209089633069494,0.702465633136254,0.7209089633069494,0.702465633136254,0.7209089633069494,0.702465633136254,0.7209089633069494,0.702465633136254,0.7209089633069494,0.702465633136254,0.7209089633069494,0.702465633136254,0.7209089633069494,0.702465633136254,0.7209089633069494
0.0,0.49,0.49,0.49,0.0,0.6,0.6,0.6,0.008894329539635539,0.03670931023804022,0.008894329539635539,0.03670931023804022,0.008894329539635539,0.03670931023804022,0.6873822382019266,0.6437656169299425,0.6873822382019266,0.6437656169299425,0.6873822382019266,0.6437656169299425,0.6873822382019266,0.6437656169299425,0.6873822382019266,0.6437656169299425,0.6873822382019266,0.6437656169299425,0.6873822382019266,0.6437656169299425,0.6873822382019266,0.6437656169299425,0.6873822382019266,0.6437656169299425
0.0,0.5,0.5,0.5,0.0,0.67,0.67,0.67,-0.007896867627851394,-0.0036790184900778056,-0.007896867627851394,-0.0036790184900778056,-0.007896867627851394,-0.0036790184900778056,0.6475595102892654,0.5607705071448622,0.6475595102892654,0.5607705071448622,0.6475595102892654,0.5607705071448622,0.6475595102892654,0.5607705071448622,0.6475595102892654,0.5607705071448622,0.6475595102892654,0.5607705071448622,0.6475595102892654,0.5607705071448622,0.6475595102892654,0.5607705071448622,0.6475595102892654,0.5607705071448622
0.06,0.53,0.53,0.53,0.0,0.67,0.67,0.67,0.05369603512616269,0.045657415165082295,0.05369603512616269,0.045657415165082295,0.05369603512616269,0.045657415165082295,0.5910932935126709,0.5959425479881348,0.5910932935126709,0.5959425479881348,0.5910932935126709,0.5959425479881348,0.5910932935126709,0.5959425479881348,0.5910932935126709,0.5959425479881348,0.5910932935126709,0.5959425479881348,0.5910932935126709,0.5959425479881348,0.5910932935126709,0.5959425479881348,0.5910932935126709,0.5959425479881348
0.0999999999999999,0.55,0.55,0.55,0.0,0.64,0.64,0.64,0.17794712930483497,0.21522412733995477,0.17794712930483497,0.21522412733995477,0.17794712930483497,0.21522412733995477,0.5983527396884731,0.6237529808389474,0.5983527396884731,0.6237529808389474,0.5983527396884731,0.6237529808389474,0.5983527396884731,0.6237529808389474,0.5983527396884731,0.6237529808389474,0.5983527396884731,0.6237529808389474,0.5983527396884731,0.6237529808389474,0.5983527396884731,0.6237529808389474,0.5983527396884731,0.6237529808389474
0.1711229946524065,0.69,0.69,0.69,0.0,0.54,0.54,0.54,0.21715325465932744,0.2530635638145042,0.21715325465932744,0.2530635638145042,0.21715325465932744,0.2530635638145042,0.7061702478216999,0.7200248312020765,0.7061702478216999,0.7200248312020765,0.7061702478216999,0.7200248312020765,0.7061702478216999,0.7200248312020765,0.7061702478216999,0.7200248312020765,0.7061702478216999,0.7200248312020765,0.7061702478216999,0.7200248312020765,0.7061702478216999,0.7200248312020765,0.7061702478216999,0.7200248312020765
0.2384105960264901,0.77,0.77,0.77,0.0275142314990511,0.59,0.59,0.59,0.19474710906563883,0.21153117980330002,0.19474710906563883,0.21153117980330002,0.19474710906563883,0.21153117980330002,0.636785331024023,0.653290537023643,0.636785331024023,0.653290537023643,0.636785331024023,0.653290537023643,0.636785331024023,0.653290537023643,0.636785331024023,0.653290537023643,0.636785331024023,0.653290537023643,0.636785331024023,0.653290537023643,0.636785331024023,0.653290537023643,0.636785331024023,0.653290537023643
0.2605633802816901,0.79,0.79,0.79,0.0531682447195921,0.74,0.74,0.74,0.21856088678132699,0.2725817113227208,0.21856088678132699,0.2725817113227208,0.21856088678132699,0.2725817113227208,0.7515986122636273,0.7608723469494502,0.7515986122636273,0.7608723469494502,0.7515986122636273,0.7608723469494502,0.7515986122636273,0.7608723469494502,0.7515986122636273,0.7608723469494502,0.7515986122636273,0.7608723469494502,0.7515986122636273,0.7608723469494502,0.7515986122636273,0.7608723469494502,0.7515986122636273,0.7608723469494502
0.2120343839541547,0.78,0.78,0.78,0.042027194066749,0.69,0.69,0.69,0.20434014533489261,0.24404120086273462,0.20434014533489261,0.24404120086273462,0.20434014533489261,0.24404120086273462,0.7508712478665499,0.7475326775711626,0.7508712478665499,0.7475326775711626,0.7508712478665499,0.7475326775711626,0.7508712478665499,0.7475326775711626,0.7508712478665499,0.7475326775711626,0.7508712478665499,0.7475326775711626,0.7508712478665499,0.7475326775711626,0.7508712478665499,0.7475326775711626,0.7508712478665499,0.7475326775711626
0.1784037558685446,0.79,0.79,0.79,0.0,0.58,0.58,0.58,0.13712052700826866,0.23505904322504995,0.13712052700826866,0.23505904322504995,0.13712052700826866,0.23505904322504995,0.6446991776595432,0.7124935290108549,0.6446991776595432,0.7124935290108549,0.6446991776595432,0.7124935290108549,0.6446991776595432,0.7124935290108549,0.6446991776595432,0.7124935290108549,0.6446991776595432,0.7124935290108549,0.6446991776595432,0.7124935290108549,0.6446991776595432,0.7124935290108549,0.6446991776595432,0.7124935290108549
0.0825688073394493,0.82,0.82,0.82,0.0,0.54,0.54,0.54,0.06218203178418902,0.09056961440746512,0.06218203178418902,0.09056961440746512,0.06218203178418902,0.09056961440746512,0.6597823583763672,0.7277331233329246,0.6597823583763672,0.7277331233329246,0.6597823583763672,0.7277331233329246,0.6597823583763672,0.7277331233329246,0.6597823583763672,0.7277331233329246,0.6597823583763672,0.7277331233329246,0.6597823583763672,0.7277331233329246,0.6597823583763672,0.7277331233329246,0.6597823583763672,0.7277331233329246
0.0,0.69,0.69,0.69,0.0,0.56,0.56,0.56,0.04294164258232347,0.06365085334472656,0.04294164258232347,0.06365085334472656,0.04294164258232347,0.06365085334472656,0.7473700291395963,0.804061053527137,0.7473700291395963,0.804061053527137,0.7473700291395963,0.804061053527137,0.7473700291395963,0.804061053527137,0.7473700291395963,0.804061053527137,0.7473700291395963,0.804061053527137,0.7473700291395963,0.804061053527137,0.7473700291395963,0.804061053527137,0.7473700291395963,0.804061053527137
0.0,0.74,0.74,0.74,0.0886699507389161,0.63,0.63,0.63,-0.03052826575796082,0.044784593274739874,-0.03052826575796082,0.044784593274739874,-0.03052826575796082,0.044784593274739874,0.7517241232542159,0.7195792711785387,0.7517241232542159,0.7195792711785387,0.7517241232542159,0.7195792711785387,0.7517241232542159,0.7195792711785387,0.7517241232542159,0.7195792711785387,0.7517241232542159,0.7195792711785387,0.7517241232542159,0.7195792711785387,0.7517241232542159,0.7195792711785387,0.7517241232542159,0.7195792711785387
0.0,0.67,0.67,0.67,0.1473396998635743,0.75,0.75,0.75,0.01121767029306592,0.010318672052810797,0.01121767029306592,0.010318672052810797,0.01121767029306592,0.010318672052810797,0.6980136311853369,0.6825973391935795,0.6980136311853369,0.6825973391935795,0.6980136311853369,0.6825973391935795,0.6980136311853369,0.6825973391935795,0.6980136311853369,0.6825973391935795,0.6980136311853369,0.6825973391935795,0.6980136311853369,0.6825973391935795,0.6980136311853369,0.6825973391935795,0.6980136311853369,0.6825973391935795
0.0,0.67,0.67,0.67,0.1473396998635743,0.75,0.75,0.75,-0.022237867990073292,-0.010873222660340142,-0.022237867990073292,-0.010873222660340142,-0.022237867990073292,-0.010873222660340142,0.6604280359860876,0.6285323231052699,0.6604280359860876,0.6285323231052699,0.6604280359860876,0.6285323231052699,0.6604280359860876,0.6285323231052699,0.6604280359860876,0.6285323231052699,0.6604280359860876,0.6285323231052699,0.6604280359860876,0.6285323231052699,0.6604280359860876,0.6285323231052699,0.6604280359860876,0.6285323231052699
0.0,0.59,0.59,0.59,0.0368271954674219,0.66,0.66,0.66,-0.0073643638906963505,-0.00225580761391179,-0.0073643638906963505,-0.00225580761391179,-0.0073643638906963505,-0.00225580761391179,0.6867761459341148,0.5956967380850196,0.6867761459341148,0.5956967380850196,0.6867761459341148,0.5956967380850196,0.6867761459341148,0.5956967380850196,0.6867761459341148,0.5956967380850196,0.6867761459341148,0.5956967380850196,0.6867761459341148,0.5956967380850196,0.6867761459341148,0.5956967380850196,0.6867761459341148,0.5956967380850196
0.0,0.42,0.42,0.42,0.0,0.59,0.59,0.59,-0.03078385098812774,-0.010795470357120968,-0.03078385098812774,-0.010795470357120968,-0.03078385098812774,-0.010795470357120968,0.6159470685501699,0.495930196583896,0.6159470685501699,0.495930196583896,0.6159470685501699,0.495930196583896,0.6159470685501699,0.495930196583896,0.6159470685501699,0.495930196583896,0.6159470685501699,0.495930196583896,0.6159470685501699,0.495930196583896,0.6159470685501699,0.495930196583896,0.6159470685501699,0.495930196583896
0.0,0.4,0.4,0.4,0.0,0.43,0.43,0.43,0.026797536417576543,0.03812839230382044,0.026797536417576543,0.03812839230382044,0.026797536417576543,0.03812839230382044,0.6105880678914325,0.5698542870988096,0.6105880678914325,0.5698542870988096,0.6105880678914325,0.5698542870988096,0.6105880678914325,0.5698542870988096,0.6105880678914325,0.5698542870988096,0.6105880678914325,0.5698542870988096,0.6105880678914325,0.5698542870988096,0.6105880678914325,0.5698542870988096,0.6105880678914325,0.5698542870988096
0.0,0.39,0.39,0.39,0.0,0.49,0.49,0.49,0.034599857260708015,0.06650544133876302,0.034599857260708015,0.06650544133876302,0.034599857260708015,0.06650544133876302,0.7319361610900739,0.7234647894461431,0.7319361610900739,0.7234647894461431,0.7319361610900739,0.7234647894461431,0.7319361610900739,0.7234647894461431,0.7319361610900739,0.7234647894461431,0.7319361610900739,0.7234647894461431,0.7319361610900739,0.7234647894461431,0.7319361610900739,0.7234647894461431,0.7319361610900739,0.7234647894461431
0.0369799691833589,0.5,0.5,0.5,0.0,0.5,0.5,0.5,0.09487913577876424,0.13890514514430347,0.09487913577876424,0.13890514514430347,0.09487913577876424,0.13890514514430347,0.6602088105869873,0.6307340279189378,0.6602088105869873,0.6307340279189378,0.6602088105869873,0.6307340279189378,0.6602088105869873,0.6307340279189378,0.6602088105869873,0.6307340279189378,0.6602088105869873,0.6307340279189378,0.6602088105869873,0.6307340279189378,0.6602088105869873,0.6307340279189378,0.6602088105869873,0.6307340279189378
0.0548204158790168,0.6,0.6,0.6,0.06,0.53,0.53,0.53,0.09303268092572192,0.1529539140886683,0.09303268092572192,0.1529539140886683,0.09303268092572192,0.1529539140886683,0.6929908037035506,0.6889089861821268,0.6929908037035506,0.6889089861821268,0.6929908037035506,0.6889089861821268,0.6929908037035506,0.6889089861821268,0.6929908037035506,0.6889089861821268,0.6929908037035506,0.6889089861821268,0.6929908037035506,0.6889089861821268,0.6929908037035506,0.6889089861821268,0.6929908037035506,0.6889089861821268
0.0997229916897507,0.74,0.74,0.74,0.0999999999999999,0.55,0.55,0.55,0.15357984805570982,0.1814575980125545,0.15357984805570982,0.1814575980125545,0.15357984805570982,0.1814575980125545,0.7265458447580725,0.7925879350052579,0.7265458447580725,0.7925879350052579,0.7265458447580725,0.7925879350052579,0.7265458447580725,0.7925879350052579,0.7265458447580725,0.7925879350052579,0.7265458447580725,0.7925879350052579,0.7265458447580725,0.7925879350052579,0.7265458447580725,0.7925879350052579,0.7265458447580725,0.7925879350052579
0.0619902120717782,0.77,0.77,0.77,0.1711229946524065,0.69,0.69,0.69,0.06199920804314044,0.12522564893091964,0.06199920804314044,0.12522564893091964,0.06199920804314044,0.12522564893091964,0.7405853081112036,0.7923951329266555,0.7405853081112036,0.7923951329266555,0.7405853081112036,0.7923951329266555,0.7405853081112036,0.7923951329266555,0.7405853081112036,0.7923951329266555,0.7405853081112036,0.7923951329266555,0.7405853081112036,0.7923951329266555,0.7405853081112036,0.7923951329266555,0.7405853081112036,0.7923951329266555
0.1279069767441859,0.79,0.79,0.79,0.2384105960264901,0.77,0.77,0.77,0.12334975213200568,0.10909804399150522,0.12334975213200568,0.10909804399150522,0.12334975213200568,0.10909804399150522,0.7151151371620164,0.643661440915712,0.7151151371620164,0.643661440915712,0.7151151371620164,0.643661440915712,0.7151151371620164,0.643661440915712,0.7151151371620164,0.643661440915712,0.7151151371620164,0.643661440915712,0.7151151371620164,0.643661440915712,0.7151151371620164,0.643661440915712,0.7151151371620164,0.643661440915712
0.0700218818380744,0.66,0.66,0.66,0.2605633802816901,0.79,0.79,0.79,0.12949988697282747,0.1289286577113738,0.12949988697282747,0.1289286577113738,0.12949988697282747,0.1289286577113738,0.7074403470260726,0.6781646893272955,0.7074403470260726,0.6781646893272955,0.7074403470260726,0.6781646893272955,0.7074403470260726,0.6781646893272955,0.7074403470260726,0.6781646893272955,0.7074403470260726,0.6781646893272955,0.7074403470260726,0.6781646893272955,0.7074403470260726,0.6781646893272955,0.7074403470260726,0.6781646893272955
0.0951742627345845,0.73,0.73,0.73,0.2120343839541547,0.78,0.78,0.78,0.13852719275297268,0.09742390126365881,0.13852719275297268,0.09742390126365881,0.13852719275297268,0.09742390126365881,0.6904506390004871,0.6507503704688056,0.6904506390004871,0.6507503704688056,0.6904506390004871,0.6507503704688056,0.6904506390004871,0.6507503704688056,0.6904506390004871,0.6507503704688056,0.6904506390004871,0.6507503704688056,0.6904506390004871,0.6507503704688056,0.6904506390004871,0.6507503704688056,0.6904506390004871,0.6507503704688056
0.0,0.78,0.78,0.78,0.1784037558685446,0.79,0.79,0.79,-0.008813755232214218,0.002638881813034004,-0.008813755232214218,0.002638881813034004,-0.008813755232214218,0.002638881813034004,0.6989637842216727,0.6968947935940861,0.6989637842216727,0.6968947935940861,0.6989637842216727,0.6968947935940861,0.6989637842216727,0.6968947935940861,0.6989637842216727,0.6968947935940861,0.6989637842216727,0.6968947935940861,0.6989637842216727,0.6968947935940861,0.6989637842216727,0.6968947935940861,0.6989637842216727,0.6968947935940861
0.0,0.69,0.69,0.69,0.0825688073394493,0.82,0.82,0.82,-0.00617123239325727,-0.00818564356124041,-0.00617123239325727,-0.00818564356124041,-0.00617123239325727,-0.00818564356124041,0.6685928575498766,0.6975140918743853,0.6685928575498766,0.6975140918743853,0.6685928575498766,0.6975140918743853,0.6685928575498766,0.6975140918743853,0.6685928575498766,0.6975140918743853,0.6685928575498766,0.6975140918743853,0.6685928575498766,0.6975140918743853,0.6685928575498766,0.6975140918743853,0.6685928575498766,0.6975140918743853
0.0,0.56,0.56,0.56,0.0,0.69,0.69,0.69,-0.0038556509307756414,-0.013445129075966669,-0.0038556509307756414,-0.013445129075966669,-0.0038556509307756414,-0.013445129075966669,0.646801757383378,0.6232565317229072,0.646801757383378,0.6232565317229072,0.646801757383378,0.6232565317229072,0.646801757383378,0.6232565317229072,0.646801757383378,0.6232565317229072,0.646801757383378,0.6232565317229072,0.646801757383378,0.6232565317229072,0.646801757383378,0.6232565317229072,0.646801757383378,0.6232565317229072
0.0,0.46,0.46,0.46,0.0,0.74,0.74,0.74,0.005727919217201874,-0.0006503376991231346,0.005727919217201874,-0.0006503376991231346,0.005727919217201874,-0.0006503376991231346,0.589262036758043,0.6002893718692386,0.589262036758043,0.6002893718692386,0.589262036758043,0.6002893718692386,0.589262036758043,0.6002893718692386,0.589262036758043,0.6002893718692386,0.589262036758043,0.6002893718692386,0.589262036758043,0.6002893718692386,0.589262036758043,0.6002893718692386,0.589262036758043,0.6002893718692386
0.0090352666860974,0.32,0.32,0.32,0.0,0.67,0.67,0.67,0.11673550258421263,0.10459147897221728,0.11673550258421263,0.10459147897221728,0.11673550258421263,0.10459147897221728,0.6312554266853814,0.6665104927046033,0.6312554266853814,0.6665104927046033,0.6312554266853814,0.6665104927046033,0.6312554266853814,0.6665104927046033,0.6312554266853814,0.6665104927046033,0.6312554266853814,0.6665104927046033,0.6312554266853814,0.6665104927046033,0.6312554266853814,0.6665104927046033,0.6312554266853814,0.6665104927046033
0.0225244368890777,0.54,0.54,0.54,0.0,0.67,0.67,0.67,0.11379156400850662,0.09896469176207914,0.11379156400850662,0.09896469176207914,0.11379156400850662,0.09896469176207914,0.649147771741082,0.6833829479378319,0.649147771741082,0.6833829479378319,0.649147771741082,0.6833829479378319,0.649147771741082,0.6833829479378319,0.649147771741082,0.6833829479378319,0.649147771741082,0.6833829479378319,0.649147771741082,0.6833829479378319,0.649147771741082,0.6833829479378319,0.649147771741082,0.6833829479378319
0.0460526315789473,0.71,0.71,0.71,0.0,0.59,0.59,0.59,0.16034673733939137,0.12206697718270264,0.16034673733939137,0.12206697718270264,0.16034673733939137,0.12206697718270264,0.7397227021630004,0.7756172761045873,0.7397227021630004,0.7756172761045873,0.7397227021630004,0.7756172761045873,0.7397227021630004,0.7756172761045873,0.7397227021630004,0.7756172761045873,0.7397227021630004,0.7756172761045873,0.7397227021630004,0.7756172761045873,0.7397227021630004,0.7756172761045873,0.7397227021630004,0.7756172761045873
0.0558912386706947,0.75,0.75,0.75,0.0,0.42,0.42,0.42,0.12544617610015418,0.1425149793740375,0.12544617610015418,0.1425149793740375,0.12544617610015418,0.1425149793740375,0.778777444968374,0.809550547406672,0.778777444968374,0.809550547406672,0.778777444968374,0.809550547406672,0.778777444968374,0.809550547406672,0.778777444968374,0.809550547406672,0.778777444968374,0.809550547406672,0.778777444968374,0.809550547406672,0.778777444968374,0.809550547406672,0.778777444968374,0.809550547406672
0.0,0.74,0.74,0.74,0.0,0.4,0.4,0.4,0.011461189354646847,0.02087002391588051,0.011461189354646847,0.02087002391588051,0.011461189354646847,0.02087002391588051,0.6399746540622727,0.6694475169344276,0.6399746540622727,0.6694475169344276,0.6399746540622727,0.6694475169344276,0.6399746540622727,0.6694475169344276,0.6399746540622727,0.6694475169344276,0.6399746540622727,0.6694475169344276,0.6399746540622727,0.6694475169344276,0.6399746540622727,0.6694475169344276,0.6399746540622727,0.6694475169344276
0.0,0.47,0.47,0.47,0.0,0.39,0.39,0.39,0.01561671816796729,0.018262176342091752,0.01561671816796729,0.018262176342091752,0.01561671816796729,0.018262176342091752,0.5914386913631896,0.6048277509048314,0.5914386913631896,0.6048277509048314,0.5914386913631896,0.6048277509048314,0.5914386913631896,0.6048277509048314,0.5914386913631896,0.6048277509048314,0.5914386913631896,0.6048277509048314,0.5914386913631896,0.6048277509048314,0.5914386913631896,0.6048277509048314,0.5914386913631896,0.6048277509048314
0.0,0.46,0.46,0.46,0.0369799691833589,0.5,0.5,0.5,0.019458533692148717,0.025006237793328882,0.019458533692148717,0.025006237793328882,0.019458533692148717,0.025006237793328882,0.5983833864634054,0.6152489905803731,0.5983833864634054,0.6152489905803731,0.5983833864634054,0.6152489905803731,0.5983833864634054,0.6152489905803731,0.5983833864634054,0.6152489905803731,0.5983833864634054,0.6152489905803731,0.5983833864634054,0.6152489905803731,0.5983833864634054,0.6152489905803731,0.5983833864634054,0.6152489905803731
0.0,0.48,0.48,0.48,0.0548204158790168,0.6,0.6,0.6,0.01571316542306882,0.008032960747328153,0.01571316542306882,0.008032960747328153,0.01571316542306882,0.008032960747328153,0.616603938740061,0.6008261153868814,0.616603938740061,0.6008261153868814,0.616603938740061,0.6008261153868814,0.616603938740061,0.6008261153868814,0.616603938740061,0.6008261153868814,0.616603938740061,0.6008261153868814,0.616603938740061,0.6008261153868814,0.616603938740061,0.6008261153868814,0.616603938740061,0.6008261153868814
0.0,0.46,0.46,0.46,0.0997229916897507,0.74,0.74,0.74,-0.007469073160140014,-0.013369353655024898,-0.007469073160140014,-0.013369353655024898,-0.007469073160140014,-0.013369353655024898,0.6669394030333783,0.675394773269295,0.6669394030333783,0.675394773269295,0.6669394030333783,0.675394773269295,0.6669394030333783,0.675394773269295,0.6669394030333783,0.675394773269295,0.6669394030333783,0.675394773269295,0.6669394030333783,0.675394773269295,0.6669394030333783,0.675394773269295,0.6669394030333783,0.675394773269295
0.0,0.5,0.5,0.5,0.0619902120717782,0.77,0.77,0.77,0.0023248055566538204,-0.00377516945727113,0.0023248055566538204,-0.00377516945727113,0.0023248055566538204,-0.00377516945727113,0.5540360294838798,0.5437803970447512,0.5540360294838798,0.5437803970447512,0.5540360294838798,0.5437803970447512,0.5540360294838798,0.5437803970447512,0.5540360294838798,0.5437803970447512,0.5540360294838798,0.5437803970447512,0.5540360294838798,0.5437803970447512,0.5540360294838798,0.5437803970447512,0.5540360294838798,0.5437803970447512
0.1379310344827586,0.5,0.5,0.5,0.1279069767441859,0.79,0.79,0.79,0.1227358793279677,0.12383786874517878,0.1227358793279677,0.12383786874517878,0.1227358793279677,0.12383786874517878,0.5400070073459272,0.5464059264833185,0.5400070073459272,0.5464059264833185,0.5400070073459272,0.5464059264833185,0.5400070073459272,0.5464059264833185,0.5400070073459272,0.5464059264833185,0.5400070073459272,0.5464059264833185,0.5400070073459272,0.5464059264833185,0.5400070073459272,0.5464059264833185,0.5400070073459272,0.5464059264833185
0.3369734789391576,0.66,0.66,0.66,0.0700218818380744,0.66,0.66,0.66,0.16883846728257654,0.18871065002512263,0.16883846728257654,0.18871065002512263,0.16883846728257654,0.18871065002512263,0.6281719790070642,0.6773131809594258,0.6281719790070642,0.6773131809594258,0.6281719790070642,0.6773131809594258,0.6281719790070642,0.6773131809594258,0.6281719790070642,0.6773131809594258,0.6281719790070642,0.6773131809594258,0.6281719790070642,0.6773131809594258,0.6281719790070642,0.6773131809594258,0.6281719790070642,0.6773131809594258
0.6394230769230769,0.85,0.85,0.85,0.0951742627345845,0.73,0.73,0.73,0.22794509771837193,0.23765532301254005,0.22794509771837193,0.23765532301254005,0.22794509771837193,0.23765532301254005,0.7192323583619152,0.6914506183962014,0.7192323583619152,0.6914506183962014,0.7192323583619152,0.6914506183962014,0.7192323583619152,0.6914506183962014,0.7192323583619152,0.6914506183962014,0.7192323583619152,0.6914506183962014,0.7192323583619152,0.6914506183962014,0.7192323583619152,0.6914506183962014,0.7192323583619152,0.6914506183962014
0.8628884826325411,0.97,0.97,0.97,0.0,0.78,0.78,0.78,0.2600161003654707,0.2556718372470945,0.2600161003654707,0.2556718372470945,0.2600161003654707,0.2556718372470945,0.7819851402584151,0.7973187059806679,0.7819851402584151,0.7973187059806679,0.7819851402584151,0.7973187059806679,0.7819851402584151,0.7973187059806679,0.7819851402584151,0.7973187059806679,0.7819851402584151,0.7973187059806679,0.7819851402584151,0.7973187059806679,0.7819851402584151,0.7973187059806679,0.7819851402584151,0.7973187059806679
0.4418331374853114,0.81,0.81,0.81,0.0,0.69,0.69,0.69,0.2358512720961658,0.2401600421843981,0.2358512720961658,0.2401600421843981,0.2358512720961658,0.2401600421843981,0.7717309094156762,0.8009999593390115,0.7717309094156762,0.8009999593390115,0.7717309094156762,0.8009999593390115,0.7717309094156762,0.8009999593390115,0.7717309094156762,0.8009999593390115,0.7717309094156762,0.8009999593390115,0.7717309094156762,0.8009999593390115,0.7717309094156762,0.8009999593390115,0.7717309094156762,0.8009999593390115
0.0,0.81,0.81,0.81,0.0,0.56,0.56,0.56,-0.0050853291986245885,0.00946182231406338,-0.0050853291986245885,0.00946182231406338,-0.0050853291986245885,0.00946182231406338,0.5967863490986135,0.6300062562204195,0.5967863490986135,0.6300062562204195,0.5967863490986135,0.6300062562204195,0.5967863490986135,0.6300062562204195,0.5967863490986135,0.6300062562204195,0.5967863490986135,0.6300062562204195,0.5967863490986135,0.6300062562204195,0.5967863490986135,0.6300062562204195,0.5967863490986135,0.6300062562204195
0.0,0.59,0.59,0.59,0.0,0.46,0.46,0.46,0.04008807018473821,0.02950848843847169,0.04008807018473821,0.02950848843847169,0.04008807018473821,0.02950848843847169,0.6358623452940326,0.6393311139057536,0.6358623452940326,0.6393311139057536,0.6358623452940326,0.6393311139057536,0.6358623452940326,0.6393311139057536,0.6358623452940326,0.6393311139057536,0.6358623452940326,0.6393311139057536,0.6358623452940326,0.6393311139057536,0.6358623452940326,0.6393311139057536,0.6358623452940326,0.6393311139057536
0.0,0.5,0.5,0.5,0.0090352666860974,0.32,0.32,0.32,-0.021488814337430315,-0.02369734363143674,-0.021488814337430315,-0.02369734363143674,-0.021488814337430315,-0.02369734363143674,0.6235251745977699,0.6515444187590008,0.6235251745977699,0.6515444187590008,0.6235251745977699,0.6515444187590008,0.6235251745977699,0.6515444187590008,0.6235251745977699,0.6515444187590008,0.6235251745977699,0.6515444187590008,0.6235251745977699,0.6515444187590008,0.6235251745977699,0.6515444187590008,0.6235251745977699,0.6515444187590008
0.0,0.38,0.38,0.38,0.0225244368890777,0.54,0.54,0.54,0.006325041400721029,0.022929371335061826,0.006325041400721029,0.022929371335061826,0.006325041400721029,0.022929371335061826,0.5274284975240342,0.5367442231046095,0.5274284975240342,0.5367442231046095,0.5274284975240342,0.5367442231046095,0.5274284975240342,0.5367442231046095,0.5274284975240342,0.5367442231046095,0.5274284975240342,0.5367442231046095,0.5274284975240342,0.5367442231046095,0.5274284975240342,0.5367442231046095,0.5274284975240342,0.5367442231046095
0.0,0.39,0.39,0.39,0.0460526315789473,0.71,0.71,0.71,-0.006188226549509856,-0.0031295161428885583,-0.006188226549509856,-0.0031295161428885583,-0.006188226549509856,-0.0031295161428885583,0.5029625607426559,0.532289404368832,0.5029625607426559,0.532289404368832,0.5029625607426559,0.532289404368832,0.5029625607426559,0.532289404368832,0.5029625607426559,0.532289404368832,0.5029625607426559,0.532289404368832,0.5029625607426559,0.532289404368832,0.5029625607426559,0.532289404368832,0.5029625607426559,0.532289404368832
0.0,0.52,0.52,0.52,0.0558912386706947,0.75,0.75,0.75,-0.03402967415975146,-0.004841698668437193,-0.03402967415975146,-0.004841698668437193,-0.03402967415975146,-0.004841698668437193,0.48735720765392293,0.5182122922224097,0.48735720765392293,0.5182122922224097,0.48735720765392293,0.5182122922224097,0.48735720765392293,0.5182122922224097,0.48735720765392293,0.5182122922224097,0.48735720765392293,0.5182122922224097,0.48735720765392293,0.5182122922224097,0.48735720765392293,0.5182122922224097,0.48735720765392293,0.5182122922224097
0.0,0.69,0.69,0.69,0.0,0.74,0.74,0.74,-0.03151676058934354,0.018889864190767616,-0.03151676058934354,0.018889864190767616,-0.03151676058934354,0.018889864190767616,0.5188196583346686,0.5717605262355018,0.5188196583346686,0.5717605262355018,0.5188196583346686,0.5717605262355018,0.5188196583346686,0.5717605262355018,0.5188196583346686,0.5717605262355018,0.5188196583346686,0.5717605262355018,0.5188196583346686,0.5717605262355018,0.5188196583346686,0.5717605262355018,0.5188196583346686,0.5717605262355018
0.0368271954674219,0.66,0.66,0.66,0.0,0.47,0.47,0.47,-0.08073634174947163,0.0785370057638665,-0.08073634174947163,0.0785370057638665,-0.08073634174947163,0.0785370057638665,0.5011160702410526,0.5706211416116238,0.5011160702410526,0.5706211416116238,0.5011160702410526,0.5706211416116238,0.5011160702410526,0.5706211416116238,0.5011160702410526,0.5706211416116238,0.5011160702410526,0.5706211416116238,0.5011160702410526,0.5706211416116238,0.5011160702410526,0.5706211416116238,0.5011160702410526,0.5706211416116238
0.0691489361702129,0.79,0.79,0.79,0.0,0.46,0.46,0.46,0.008695689305084279,0.08147956319870688,0.008695689305084279,0.08147956319870688,0.008695689305084279,0.08147956319870688,0.6290364753866085,0.6458089572708388,0.6290364753866085,0.6458089572708388,0.6290364753866085,0.6458089572708388,0.6290364753866085,0.6458089572708388,0.6290364753866085,0.6458089572708388,0.6290364753866085,0.6458089572708388,0.6290364753866085,0.6458089572708388,0.6290364753866085,0.6458089572708388,0.6290364753866085,0.6458089572708388
0.0879828326180257,0.83,0.83,0.83,0.0,0.48,0.48,0.48,0.0026022037292546827,0.06710488175301044,0.0026022037292546827,0.06710488175301044,0.0026022037292546827,0.06710488175301044,0.6718387287317978,0.6336216194655033,0.6718387287317978,0.6336216194655033,0.6718387287317978,0.6336216194655033,0.6718387287317978,0.6336216194655033,0.6718387287317978,0.6336216194655033,0.6718387287317978,0.6336216194655033,0.6718387287317978,0.6336216194655033,0.6718387287317978,0.6336216194655033,0.6718387287317978,0.6336216194655033
0.0,0.72,0.72,0.72,0.0,0.46,0.46,0.46,0.0048534097575034085,0.01272564039424078,0.0048534097575034085,0.01272564039424078,0.0048534097575034085,0.01272564039424078,0.6377777227810002,0.6426327839489996,0.6377777227810002,0.6426327839489996,0.6377777227810002,0.6426327839489996,0.6377777227810002,0.6426327839489996,0.6377777227810002,0.6426327839489996,0.6377777227810002,0.6426327839489996,0.6377777227810002,0.6426327839489996,0.6377777227810002,0.6426327839489996,0.6377777227810002,0.6426327839489996
0.0,0.54,0.54,0.54,0.0,0.5,0.5,0.5,-0.01606460274017233,-0.017975829866720795,-0.01606460274017233,-0.017975829866720795,-0.01606460274017233,-0.017975829866720795,0.5691880600630482,0.6019168909421686,0.5691880600630482,0.6019168909421686,0.5691880600630482,0.6019168909421686,0.5691880600630482,0.6019168909421686,0.5691880600630482,0.6019168909421686,0.5691880600630482,0.6019168909421686,0.5691880600630482,0.6019168909421686,0.5691880600630482,0.6019168909421686,0.5691880600630482,0.6019168909421686
0.0,0.53,0.53,0.53,0.1379310344827586,0.5,0.5,0.5,-0.025228557283270413,-0.025002612841215556,-0.025228557283270413,-0.025002612841215556,-0.025228557283270413,-0.025002612841215556,0.6437495988982898,0.6781090005315301,0.6437495988982898,0.6781090005315301,0.6437495988982898,0.6781090005315301,0.6437495988982898,0.6781090005315301,0.6437495988982898,0.6781090005315301,0.6437495988982898,0.6781090005315301,0.6437495988982898,0.6781090005315301,0.6437495988982898,0.6781090005315301,0.6437495988982898,0.6781090005315301
0.0,0.43,0.43,0.43,0.3369734789391576,0.66,0.66,0.66,0.024628867320806193,0.006966321547978686,0.024628867320806193,0.006966321547978686,0.024628867320806193,0.006966321547978686,0.6475914477738342,0.6741542065783258,0.6475914477738342,0.6741542065783258,0.6475914477738342,0.6741542065783258,0.6475914477738342,0.6741542065783258,0.6475914477738342,0.6741542065783258,0.6475914477738342,0.6741542065783258,0.6475914477738342,0.6741542065783258,0.6475914477738342,0.6741542065783258,0.6475914477738342,0.6741542065783258
0.0,0.62,0.62,0.62,0.6394230769230769,0.85,0.85,0.85,0.027136050417175442,0.017347060762249178,0.027136050417175442,0.017347060762249178,0.027136050417175442,0.017347060762249178,0.62935977129034,0.6305854538344736,0.62935977129034,0.6305854538344736,0.62935977129034,0.6305854538344736,0.62935977129034,0.6305854538344736,0.62935977129034,0.6305854538344736,0.62935977129034,0.6305854538344736,0.62935977129034,0.6305854538344736,0.62935977129034,0.6305854538344736,0.62935977129034,0.6305854538344736
0.0,0.55,0.55,0.55,0.8628884826325411,0.97,0.97,0.97,-0.004161753130290755,-0.01698074066354313,-0.004161753130290755,-0.01698074066354313,-0.004161753130290755,-0.01698074066354313,0.6655084012157986,0.6898400324012507,0.6655084012157986,0.6898400324012507,0.6655084012157986,0.6898400324012507,0.6655084012157986,0.6898400324012507,0.6655084012157986,0.6898400324012507,0.6655084012157986,0.6898400324012507,0.6655084012157986,0.6898400324012507,0.6655084012157986,0.6898400324012507,0.6655084012157986,0.6898400324012507
0.0,0.5,0.5,0.5,0.4418331374853114,0.81,0.81,0.81,-0.00609391712666708,-0.019229555688371258,-0.00609391712666708,-0.019229555688371258,-0.00609391712666708,-0.019229555688371258,0.5933103786093243,0.5914555256231084,0.5933103786093243,0.5914555256231084,0.5933103786093243,0.5914555256231084,0.5933103786093243,0.5914555256231084,0.5933103786093243,0.5914555256231084,0.5933103786093243,0.5914555256231084,0.5933103786093243,0.5914555256231084,0.5933103786093243,0.5914555256231084,0.5933103786093243,0.5914555256231084
0.0,0.28,0.28,0.28,0.0,0.81,0.81,0.81,-0.008707812164949178,-0.021763705158263393,-0.008707812164949178,-0.021763705158263393,-0.008707812164949178,-0.021763705158263393,0.5168520537407292,0.5566843619455771,0.5168520537407292,0.5566843619455771,0.5168520537407292,0.5566843619455771,0.5168520537407292,0.5566843619455771,0.5168520537407292,0.5566843619455771,0.5168520537407292,0.5566843619455771,0.5168520537407292,0.5566843619455771,0.5168520537407292,0.5566843619455771,0.5168520537407292,0.5566843619455771
0.0,0.32,0.32,0.32,0.0,0.59,0.59,0.59,0.00815871795228996,-0.002184670791962313,0.00815871795228996,-0.002184670791962313,0.00815871795228996,-0.002184670791962313,0.4877418682960645,0.5234327200925709,0.4877418682960645,0.5234327200925709,0.4877418682960645,0.5234327200925709,0.4877418682960645,0.5234327200925709,0.4877418682960645,0.5234327200925709,0.4877418682960645,0.5234327200925709,0.4877418682960645,0.5234327200925709,0.4877418682960645,0.5234327200925709,0.4877418682960645,0.5234327200925709
0.0,0.42,0.42,0.42,0.0,0.5,0.5,0.5,-0.003777517283943877,0.014294233337510152,-0.003777517283943877,0.014294233337510152,-0.003777517283943877,0.014294233337510152,0.48883988809317325,0.5517754940813328,0.48883988809317325,0.5517754940813328,0.48883988809317325,0.5517754940813328,0.48883988809317325,0.5517754940813328,0.48883988809317325,0.5517754940813328,0.48883988809317325,0.5517754940813328,0.48883988809317325,0.5517754940813328,0.48883988809317325,0.5517754940813328,0.48883988809317325,0.5517754940813328
0.0,0.47,0.47,0.47,0.0,0.38,0.38,0.38,-0.022670098898911112,-0.0009944909006118887,-0.022670098898911112,-0.0009944909006118887,-0.022670098898911112,-0.0009944909006118887,0.5000391302314274,0.5818742675079994,0.5000391302314274,0.5818742675079994,0.5000391302314274,0.5818742675079994,0.5000391302314274,0.5818742675079994,0.5000391302314274,0.5818742675079994,0.5000391302314274,0.5818742675079994,0.5000391302314274,0.5818742675079994,0.5000391302314274,0.5818742675079994,0.5000391302314274,0.5818742675079994
0.0,0.55,0.55,0.55,0.0,0.39,0.39,0.39,0.019579349195322632,0.03423564870994311,0.019579349195322632,0.03423564870994311,0.019579349195322632,0.03423564870994311,0.6308934808321112,0.6646928625085526,0.6308934808321112,0.6646928625085526,0.6308934808321112,0.6646928625085526,0.6308934808321112,0.6646928625085526,0.6308934808321112,0.6646928625085526,0.6308934808321112,0.6646928625085526,0.6308934808321112,0.6646928625085526,0.6308934808321112,0.6646928625085526,0.6308934808321112,0.6646928625085526
0.0,0.57,0.57,0.57,0.0,0.52,0.52,0.52,0.001311297298022367,-0.009348019561145511,0.001311297298022367,-0.009348019561145511,0.001311297298022367,-0.009348019561145511,0.670509981050063,0.6877429893341577,0.670509981050063,0.6877429893341577,0.670509981050063,0.6877429893341577,0.670509981050063,0.6877429893341577,0.670509981050063,0.6877429893341577,0.670509981050063,0.6877429893341577,0.670509981050063,0.6877429893341577,0.670509981050063,0.6877429893341577,0.670509981050063,0.6877429893341577
0.0,0.55,0.55,0.55,0.0,0.69,0.69,0.69,0.023151375137108725,0.035292965440764,0.023151375137108725,0.035292965440764,0.023151375137108725,0.035292965440764,0.6636622361057669,0.67336469846414,0.6636622361057669,0.67336469846414,0.6636622361057669,0.67336469846414,0.6636622361057669,0.67336469846414,0.6636622361057669,0.67336469846414,0.6636622361057669,0.67336469846414,0.6636622361057669,0.67336469846414,0.6636622361057669,0.67336469846414,0.6636622361057669,0.67336469846414
0.0,0.43,0.43,0.43,0.0368271954674219,0.66,0.66,0.66,0.0003387247885170919,-0.006759000804842767,0.0003387247885170919,-0.006759000804842767,0.0003387247885170919,-0.006759000804842767,0.6269163506223276,0.6537519884154611,0.6269163506223276,0.6537519884154611,0.6269163506223276,0.6537519884154611,0.6269163506223276,0.6537519884154611,0.6269163506223276,0.6537519884154611,0.6269163506223276,0.6537519884154611,0.6269163506223276,0.6537519884154611,0.6269163506223276,0.6537519884154611,0.6269163506223276,0.6537519884154611
0.0,0.39,0.39,0.39,0.0691489361702129,0.79,0.79,0.79,0.02031473867348259,0.022969712041588115,0.02031473867348259,0.022969712041588115,0.02031473867348259,0.022969712041588115,0.5878803387181948,0.5699209371265295,0.5878803387181948,0.5699209371265295,0.5878803387181948,0.5699209371265295,0.5878803387181948,0.5699209371265295,0.5878803387181948,0.5699209371265295,0.5878803387181948,0.5699209371265295,0.5878803387181948,0.5699209371265295,0.5878803387181948,0.5699209371265295,0.5878803387181948,0.5699209371265295
0.0,0.35,0.35,0.35,0.0879828326180257,0.83,0.83,0.83,-0.013859442957796555,-0.020395443660735105,-0.013859442957796555,-0.020395443660735105,-0.013859442957796555,-0.020395443660735105,0.6848207889614144,0.6980584128455762,0.6848207889614144,0.6980584128455762,0.6848207889614144,0.6980584128455762,0.6848207889614144,0.6980584128455762,0.6848207889614144,0.6980584128455762,0.6848207889614144,0.6980584128455762,0.6848207889614144,0.6980584128455762,0.6848207889614144,0.6980584128455762,0.6848207889614144,0.6980584128455762
0.0,0.41,0.41,0.41,0.0,0.72,0.72,0.72,-0.015211384985503144,-0.00758024543158974,-0.015211384985503144,-0.00758024543158974,-0.015211384985503144,-0.00758024543158974,0.5653801200070412,0.621828637746732,0.5653801200070412,0.621828637746732,0.5653801200070412,0.621828637746732,0.5653801200070412,0.621828637746732,0.5653801200070412,0.621828637746732,0.5653801200070412,0.621828637746732,0.5653801200070412,0.621828637746732,0.5653801200070412,0.621828637746732,0.5653801200070412,0.621828637746732
0.0,0.43,0.43,0.43,0.0,0.54,0.54,0.54,-0.011446998298653276,-0.006386883992026002,-0.011446998298653276,-0.006386883992026002,-0.011446998298653276,-0.006386883992026002,0.5502621672716524,0.569593824461815,0.5502621672716524,0.569593824461815,0.5502621672716524,0.569593824461815,0.5502621672716524,0.569593824461815,0.5502621672716524,0.569593824461815,0.5502621672716524,0.569593824461815,0.5502621672716524,0.569593824461815,0.5502621672716524,0.569593824461815,0.5502621672716524,0.569593824461815
0.0,0.42,0.42,0.42,0.0,0.53,0.53,0.53,0.008240335006181094,0.01282933417518087,0.008240335006181094,0.01282933417518087,0.008240335006181094,0.01282933417518087,0.5854082224397971,0.6114747053945598,0.5854082224397971,0.6114747053945598,0.5854082224397971,0.6114747053945598,0.5854082224397971,0.6114747053945598,0.5854082224397971,0.6114747053945598,0.5854082224397971,0.6114747053945598,0.5854082224397971,0.6114747053945598,0.5854082224397971,0.6114747053945598,0.5854082224397971,0.6114747053945598
0.0,0.56,0.56,0.56,0.0,0.43,0.43,0.43,-0.010771117544049507,-0.008873775369171803,-0.010771117544049507,-0.008873775369171803,-0.010771117544049507,-0.008873775369171803,0.5879838082686962,0.62428796401119,0.5879838082686962,0.62428796401119,0.5879838082686962,0.62428796401119,0.5879838082686962,0.62428796401119,0.5879838082686962,0.62428796401119,0.5879838082686962,0.62428796401119,0.5879838082686962,0.62428796401119,0.5879838082686962,0.62428796401119,0.5879838082686962,0.62428796401119
0.0,0.57,0.57,0.57,0.0,0.62,0.62,0.62,-0.011162776206419077,-0.010674374086189231,-0.011162776206419077,-0.010674374086189231,-0.011162776206419077,-0.010674374086189231,0.6605430666257105,0.6658637187943772,0.6605430666257105,0.6658637187943772,0.6605430666257105,0.6658637187943772,0.6605430666257105,0.6658637187943772,0.6605430666257105,0.6658637187943772,0.6605430666257105,0.6658637187943772,0.6605430666257105,0.6658637187943772,0.6605430666257105,0.6658637187943772,0.6605430666257105,0.6658637187943772
0.0,0.62,0.62,0.62,0.0,0.55,0.55,0.55,-0.000501112843033155,0.003413761018996358,-0.000501112843033155,0.003413761018996358,-0.000501112843033155,0.003413761018996358,0.5946148394055953,0.5447315870901578,0.5946148394055953,0.5447315870901578,0.5946148394055953,0.5447315870901578,0.5946148394055953,0.5447315870901578,0.5946148394055953,0.5447315870901578,0.5946148394055953,0.5447315870901578,0.5946148394055953,0.5447315870901578,0.5946148394055953,0.5447315870901578,0.5946148394055953,0.5447315870901578
0.0,0.56,0.56,0.56,0.0,0.5,0.5,0.5,-0.008714995941178758,-0.03581556691367238,-0.008714995941178758,-0.03581556691367238,-0.008714995941178758,-0.03581556691367238,0.5356182982921611,0.5638639660289813,0.5356182982921611,0.5638639660289813,0.5356182982921611,0.5638639660289813,0.5356182982921611,0.5638639660289813,0.5356182982921611,0.5638639660289813,0.5356182982921611,0.5638639660289813,0.5356182982921611,0.5638639660289813,0.5356182982921611,0.5638639660289813,0.5356182982921611,0.5638639660289813
0.0,0.6,0.6,0.6,0.0,0.28,0.28,0.28,0.01563045344196975,0.020137234471656495,0.01563045344196975,0.020137234471656495,0.01563045344196975,0.020137234471656495,0.6453966604293155,0.6434316291322592,0.6453966604293155,0.6434316291322592,0.6453966604293155,0.6434316291322592,0.6453966604293155,0.6434316291322592,0.6453966604293155,0.6434316291322592,0.6453966604293155,0.6434316291322592,0.6453966604293155,0.6434316291322592,0.6453966604293155,0.6434316291322592,0.6453966604293155,0.6434316291322592
0.0,0.57,0.57,0.57,0.0,0.32,0.32,0.32,0.010615898254311142,0.029654887215053775,0.010615898254311142,0.029654887215053775,0.010615898254311142,0.029654887215053775,0.4945609223643373,0.48119714523152146,0.4945609223643373,0.48119714523152146,0.4945609223643373,0.48119714523152146,0.4945609223643373,0.48119714523152146,0.4945609223643373,0.48119714523152146,0.4945609223643373,0.48119714523152146,0.4945609223643373,0.48119714523152146,0.4945609223643373,0.48119714523152146,0.4945609223643373,0.48119714523152146
0.0415986949429039,0.53,0.53,0.53,0.0,0.42,0.42,0.42,0.04847290118523084,-0.01960891595452832,0.04847290118523084,-0.01960891595452832,0.04847290118523084,-0.01960891595452832,0.5362566170807047,0.5663370773787427,0.5362566170807047,0.5663370773787427,0.5362566170807047,0.5663370773787427,0.5362566170807047,0.5663370773787427,0.5362566170807047,0.5663370773787427,0.5362566170807047,0.5663370773787427,0.5362566170807047,0.5663370773787427,0.5362566170807047,0.5663370773787427,0.5362566170807047,0.5663370773787427
0.08521906596052,0.62,0.62,0.62,0.0,0.47,0.47,0.47,0.006240298490131618,-0.003920116359008555,0.006240298490131618,-0.003920116359008555,0.006240298490131618,-0.003920116359008555,0.6313319347653378,0.5789873861595003,0.6313319347653378,0.5789873861595003,0.6313319347653378,0.5789873861595003,0.6313319347653378,0.5789873861595003,0.6313319347653378,0.5789873861595003,0.6313319347653378,0.5789873861595003,0.6313319347653378,0.5789873861595003,0.6313319347653378,0.5789873861595003,0.6313319347653378,0.5789873861595003
0.20844327176781,0.82,0.82,0.82,0.0,0.55,0.55,0.55,0.04622833754570918,-0.010889921728229035,0.04622833754570918,-0.010889921728229035,0.04622833754570918,-0.010889921728229035,0.7818199049045323,0.734264386601369,0.7818199049045323,0.734264386601369,0.7818199049045323,0.734264386601369,0.7818199049045323,0.734264386601369,0.7818199049045323,0.734264386601369,0.7818199049045323,0.734264386601369,0.7818199049045323,0.734264386601369,0.7818199049045323,0.734264386601369,0.7818199049045323,0.734264386601369
0.161807580174927,0.77,0.77,0.77,0.0,0.57,0.57,0.57,0.06193613308113335,-0.014320241684432404,0.06193613308113335,-0.014320241684432404,0.06193613308113335,-0.014320241684432404,0.7419460539113135,0.7172285642422487,0.7419460539113135,0.7172285642422487,0.7419460539113135,0.7172285642422487,0.7419460539113135,0.7172285642422487,0.7419460539113135,0.7172285642422487,0.7419460539113135,0.7172285642422487,0.7419460539113135,0.7172285642422487,0.7419460539113135,0.7172285642422487,0.7419460539113135,0.7172285642422487
0.0,0.85,0.85,0.85,0.0,0.55,0.55,0.55,-0.007119457547315434,-0.02751761468375003,-0.007119457547315434,-0.02751761468375003,-0.007119457547315434,-0.02751761468375003,0.5924565073057725,0.5327285212929712,0.5924565073057725,0.5327285212929712,0.5924565073057725,0.5327285212929712,0.5924565073057725,0.5327285212929712,0.5924565073057725,0.5327285212929712,0.5924565073057725,0.5327285212929712,0.5924565073057725,0.5327285212929712,0.5924565073057725,0.5327285212929712,0.5924565073057725,0.5327285212929712
0.0,0.71,0.71,0.71,0.0,0.43,0.43,0.43,0.019335859116948705,0.00373325048818107,0.019335859116948705,0.00373325048818107,0.019335859116948705,0.00373325048818107,0.6254043645613023,0.5704230641304554,0.6254043645613023,0.5704230641304554,0.6254043645613023,0.5704230641304554,0.6254043645613023,0.5704230641304554,0.6254043645613023,0.5704230641304554,0.6254043645613023,0.5704230641304554,0.6254043645613023,0.5704230641304554,0.6254043645613023,0.5704230641304554,0.6254043645613023,0.5704230641304554
0.0,0.6,0.6,0.6,0.0,0.39,0.39,0.39,0.003961871305164612,-0.009695977741233429,0.003961871305164612,-0.009695977741233429,0.003961871305164612,-0.009695977741233429,0.6128303884526718,0.5768669572621252,0.6128303884526718,0.5768669572621252,0.6128303884526718,0.5768669572621252,0.6128303884526718,0.5768669572621252,0.6128303884526718,0.5768669572621252,0.6128303884526718,0.5768669572621252,0.6128303884526718,0.5768669572621252,0.6128303884526718,0.5768669572621252,0.6128303884526718,0.5768669572621252
0.0,0.51,0.51,0.51,0.0,0.35,0.35,0.35,-0.009897006349653499,-0.029537203307098133,-0.009897006349653499,-0.029537203307098133,-0.009897006349653499,-0.029537203307098133,0.5385086152188802,0.5420692013260926,0.5385086152188802,0.5420692013260926,0.5385086152188802,0.5420692013260926,0.5385086152188802,0.5420692013260926,0.5385086152188802,0.5420692013260926,0.5385086152188802,0.5420692013260926,0.5385086152188802,0.5420692013260926,0.5385086152188802,0.5420692013260926,0.5385086152188802,0.5420692013260926
0.0,0.42,0.42,0.42,0.0,0.41,0.41,0.41,0.0012444093140548279,-0.007883517917226112,0.0012444093140548279,-0.007883517917226112,0.0012444093140548279,-0.007883517917226112,0.6103215269935893,0.5604767146805754,0.6103215269935893,0.5604767146805754,0.6103215269935893,0.5604767146805754,0.6103215269935893,0.5604767146805754,0.6103215269935893,0.5604767146805754,0.6103215269935893,0.5604767146805754,0.6103215269935893,0.5604767146805754,0.6103215269935893,0.5604767146805754,0.6103215269935893,0.5604767146805754
0.0,0.45,0.45,0.45,0.0,0.43,0.43,0.43,0.012075068062382713,0.02061380444255484,0.012075068062382713,0.02061380444255484,0.012075068062382713,0.02061380444255484,0.5975270368296096,0.6477644745536505,0.5975270368296096,0.6477644745536505,0.5975270368296096,0.6477644745536505,0.5975270368296096,0.6477644745536505,0.5975270368296096,0.6477644745536505,0.5975270368296096,0.6477644745536505,0.5975270368296096,0.6477644745536505,0.5975270368296096,0.6477644745536505,0.5975270368296096,0.6477644745536505
0.0,0.45,0.45,0.45,0.0,0.42,0.42,0.42,0.04418933541071211,0.024357460522638714,0.04418933541071211,0.024357460522638714,0.04418933541071211,0.024357460522638714,0.5748996766433638,0.5391296176789622,0.5748996766433638,0.5391296176789622,0.5748996766433638,0.5391296176789622,0.5748996766433638,0.5391296176789622,0.5748996766433638,0.5391296176789622,0.5748996766433638,0.5391296176789622,0.5748996766433638,0.5391296176789622,0.5748996766433638,0.5391296176789622,0.5748996766433638,0.5391296176789622
0.0,0.41,0.41,0.41,0.0,0.56,0.56,0.56,0.031141477526309733,0.05600496048346071,0.031141477526309733,0.05600496048346071,0.031141477526309733,0.05600496048346071,0.5289651074575598,0.5048576043355946,0.5289651074575598,0.5048576043355946,0.5289651074575598,0.5048576043355946,0.5289651074575598,0.5048576043355946,0.5289651074575598,0.5048576043355946,0.5289651074575598,0.5048576043355946,0.5289651074575598,0.5048576043355946,0.5289651074575598,0.5048576043355946,0.5289651074575598,0.5048576043355946
0.0,0.42,0.42,0.42,0.0,0.57,0.57,0.57,0.018684004530331273,0.05153477808039919,0.018684004530331273,0.05153477808039919,0.018684004530331273,0.05153477808039919,0.5734315829757541,0.5324758619516776,0.5734315829757541,0.5324758619516776,0.5734315829757541,0.5324758619516776,0.5734315829757541,0.5324758619516776,0.5734315829757541,0.5324758619516776,0.5734315829757541,0.5324758619516776,0.5734315829757541,0.5324758619516776,0.5734315829757541,0.5324758619516776,0.5734315829757541,0.5324758619516776
0.0,0.44,0.44,0.44,0.0,0.62,0.62,0.62,0.0047692134121578135,0.036877959526591245,0.0047692134121578135,0.036877959526591245,0.0047692134121578135,0.036877959526591245,0.6062393928684586,0.5572296952566215,0.6062393928684586,0.5572296952566215,0.6062393928684586,0.5572296952566215,0.6062393928684586,0.5572296952566215,0.6062393928684586,0.5572296952566215,0.6062393928684586,0.5572296952566215,0.6062393928684586,0.5572296952566215,0.6062393928684586,0.5572296952566215,0.6062393928684586,0.5572296952566215
0.0,0.61,0.61,0.61,0.0,0.56,0.56,0.56,0.06919600722540124,0.1157745432840902,0.06919600722540124,0.1157745432840902,0.06919600722540124,0.1157745432840902,0.688851723150409,0.6554404390502506,0.688851723150409,0.6554404390502506,0.688851723150409,0.6554404390502506,0.688851723150409,0.6554404390502506,0.688851723150409,0.6554404390502506,0.688851723150409,0.6554404390502506,0.688851723150409,0.6554404390502506,0.688851723150409,0.6554404390502506,0.688851723150409,0.6554404390502506
0.0,0.73,0.73,0.73,0.0,0.6,0.6,0.6,0.010628786728735724,0.04676505384802797,0.010628786728735724,0.04676505384802797,0.010628786728735724,0.04676505384802797,0.6356666427276245,0.6343361900203548,0.6356666427276245,0.6343361900203548,0.6356666427276245,0.6343361900203548,0.6356666427276245,0.6343361900203548,0.6356666427276245,0.6343361900203548,0.6356666427276245,0.6343361900203548,0.6356666427276245,0.6343361900203548,0.6356666427276245,0.6343361900203548,0.6356666427276245,0.6343361900203548
0.0,0.69,0.69,0.69,0.0,0.57,0.57,0.57,0.032649741426158424,0.04398149886870287,0.032649741426158424,0.04398149886870287,0.032649741426158424,0.04398149886870287,0.6059410510886297,0.5802035842948109,0.6059410510886297,0.5802035842948109,0.6059410510886297,0.5802035842948109,0.6059410510886297,0.5802035842948109,0.6059410510886297,0.5802035842948109,0.6059410510886297,0.5802035842948109,0.6059410510886297,0.5802035842948109,0.6059410510886297,0.5802035842948109,0.6059410510886297,0.5802035842948109
0.0,0.6,0.6,0.6,0.0415986949429039,0.53,0.53,0.53,0.019907380470475616,0.05003613135647505,0.019907380470475616,0.05003613135647505,0.019907380470475616,0.05003613135647505,0.5459855289091718,0.5953036377566588,0.5459855289091718,0.5953036377566588,0.5459855289091718,0.5953036377566588,0.5459855289091718,0.5953036377566588,0.5459855289091718,0.5953036377566588,0.5459855289091718,0.5953036377566588,0.5459855289091718,0.5953036377566588,0.5459855289091718,0.5953036377566588,0.5459855289091718,0.5953036377566588
0.0,0.54,0.54,0.54,0.08521906596052,0.62,0.62,0.62,-0.019025165022965047,-0.008801820118828081,-0.019025165022965047,-0.008801820118828081,-0.019025165022965047,-0.008801820118828081,0.4984155025997707,0.5312861787269979,0.4984155025997707,0.5312861787269979,0.4984155025997707,0.5312861787269979,0.4984155025997707,0.5312861787269979,0.4984155025997707,0.5312861787269979,0.4984155025997707,0.5312861787269979,0.4984155025997707,0.5312861787269979,0.4984155025997707,0.5312861787269979,0.4984155025997707,0.5312861787269979
0.0,0.51,0.51,0.51,0.20844327176781,0.82,0.82,0.82,0.027509775684246958,0.05750765912493127,0.027509775684246958,0.05750765912493127,0.027509775684246958,0.05750765912493127,0.5982020396508816,0.5744272083121114,0.5982020396508816,0.5744272083121114,0.5982020396508816,0.5744272083121114,0.5982020396508816,0.5744272083121114,0.5982020396508816,0.5744272083121114,0.5982020396508816,0.5744272083121114,0.5982020396508816,0.5744272083121114,0.5982020396508816,0.5744272083121114,0.5982020396508816,0.5744272083121114
0.0,0.67,0.67,0.67,0.161807580174927,0.77,0.77,0.77,0.02426321464355091,0.03322793080002083,0.02426321464355091,0.03322793080002083,0.02426321464355091,0.03322793080002083,0.6534807862611144,0.6565756496116399,0.6534807862611144,0.6565756496116399,0.6534807862611144,0.6565756496116399,0.6534807862611144,0.6565756496116399,0.6534807862611144,0.6565756496116399,0.6534807862611144,0.6565756496116399,0.6534807862611144,0.6565756496116399,0.6534807862611144,0.6565756496116399,0.6534807862611144,0.6565756496116399
0.0,0.71,0.71,0.71,0.0,0.85,0.85,0.85,-0.0001885925613741992,0.04073350044342735,-0.0001885925613741992,0.04073350044342735,-0.0001885925613741992,0.04073350044342735,0.6722625509094475,0.657615960367018,0.6722625509094475,0.657615960367018,0.6722625509094475,0.657615960367018,0.6722625509094475,0.657615960367018,0.6722625509094475,0.657615960367018,0.6722625509094475,0.657615960367018,0.6722625509094475,0.657615960367018,0.6722625509094475,0.657615960367018,0.6722625509094475,0.657615960367018
0.0,0.55,0.55,0.55,0.0,0.71,0.71,0.71,-0.031165176914543243,-0.027709753846848553,-0.031165176914543243,-0.027709753846848553,-0.031165176914543243,-0.027709753846848553,0.6239618809902892,0.599269210376641,0.6239618809902892,0.599269210376641,0.6239618809902892,0.599269210376641,0.6239618809902892,0.599269210376641,0.6239618809902892,0.599269210376641,0.6239618809902892,0.599269210376641,0.6239618809902892,0.599269210376641,0.6239618809902892,0.599269210376641,0.6239618809902892,0.599269210376641
0.0,0.44,0.44,0.44,0.0,0.6,0.6,0.6,-0.011975011123115734,0.017913431076172385,-0.011975011123115734,0.017913431076172385,-0.011975011123115734,0.017913431076172385,0.5298412352575385,0.5256907218864947,0.5298412352575385,0.5256907218864947,0.5298412352575385,0.5256907218864947,0.5298412352575385,0.5256907218864947,0.5298412352575385,0.5256907218864947,0.5298412352575385,0.5256907218864947,0.5298412352575385,0.5256907218864947,0.5298412352575385,0.5256907218864947,0.5298412352575385,0.5256907218864947
0.0117947083200509,0.38,0.38,0.38,0.0,0.51,0.51,0.51,-0.003915242141914547,0.05447432892038654,-0.003915242141914547,0.05447432892038654,-0.003915242141914547,0.05447432892038654,0.5850973552055844,0.6461328869963611,0.5850973552055844,0.6461328869963611,0.5850973552055844,0.6461328869963611,0.5850973552055844,0.6461328869963611,0.5850973552055844,0.6461328869963611,0.5850973552055844,0.6461328869963611,0.5850973552055844,0.6461328869963611,0.5850973552055844,0.6461328869963611,0.5850973552055844,0.6461328869963611
0.046793760831889,0.56,0.56,0.56,0.0,0.42,0.42,0.42,0.0778548637751551,0.06743989319228991,0.0778548637751551,0.06743989319228991,0.0778548637751551,0.06743989319228991,0.7347987685439519,0.701341194692346,0.7347987685439519,0.701341194692346,0.7347987685439519,0.701341194692346,0.7347987685439519,0.701341194692346,0.7347987685439519,0.701341194692346,0.7347987685439519,0.701341194692346,0.7347987685439519,0.701341194692346,0.7347987685439519,0.701341194692346,0.7347987685439519,0.701341194692346
0.1279069767441859,0.79,0.79,0.79,0.0,0.45,0.45,0.45,0.03437648422438408,0.03860272808524643,0.03437648422438408,0.03860272808524643,0.03437648422438408,0.03860272808524643,0.7073160146777813,0.7068899575477562,0.7073160146777813,0.7068899575477562,0.7073160146777813,0.7068899575477562,0.7073160146777813,0.7068899575477562,0.7073160146777813,0.7068899575477562,0.7073160146777813,0.7068899575477562,0.7073160146777813,0.7068899575477562,0.7073160146777813,0.7068899575477562,0.7073160146777813,0.7068899575477562
0.0762124711316397,0.68,0.68,0.68,0.0,0.45,0.45,0.45,0.06936622284905307,0.09454771784229499,0.06936622284905307,0.09454771784229499,0.06936622284905307,0.09454771784229499,0.7687053552267152,0.7572915654334563,0.7687053552267152,0.7572915654334563,0.7687053552267152,0.7572915654334563,0.7687053552267152,0.7572915654334563,0.7687053552267152,0.7572915654334563,0.7687053552267152,0.7572915654334563,0.7687053552267152,0.7572915654334563,0.7687053552267152,0.7572915654334563,0.7687053552267152,0.7572915654334563
0.0,0.68,0.68,0.68,0.0,0.41,0.41,0.41,0.04511847803691683,0.14629823854664076,0.04511847803691683,0.14629823854664076,0.04511847803691683,0.14629823854664076,0.6002362084203626,0.6322356436340733,0.6002362084203626,0.6322356436340733,0.6002362084203626,0.6322356436340733,0.6002362084203626,0.6322356436340733,0.6002362084203626,0.6322356436340733,0.6002362084203626,0.6322356436340733,0.6002362084203626,0.6322356436340733,0.6002362084203626,0.6322356436340733,0.6002362084203626,0.6322356436340733
0.0762124711316397,0.68,0.68,0.68,0.0,0.42,0.42,0.42,0.12280416117301308,0.16839320588172588,0.12280416117301308,0.16839320588172588,0.12280416117301308,0.16839320588172588,0.6541323476961856,0.6997294537585782,0.6541323476961856,0.6997294537585782,0.6541323476961856,0.6997294537585782,0.6541323476961856,0.6997294537585782,0.6541323476961856,0.6997294537585782,0.6541323476961856,0.6997294537585782,0.6541323476961856,0.6997294537585782,0.6541323476961856,0.6997294537585782,0.6541323476961856,0.6997294537585782
0.1407799074686053,0.74,0.74,0.74,0.0,0.44,0.44,0.44,0.16634476060070622,0.16257086948075788,0.16634476060070622,0.16257086948075788,0.16634476060070622,0.16257086948075788,0.763496789584442,0.7930059399652717,0.763496789584442,0.7930059399652717,0.763496789584442,0.7930059399652717,0.763496789584442,0.7930059399652717,0.763496789584442,0.7930059399652717,0.763496789584442,0.7930059399652717,0.763496789584442,0.7930059399652717,0.763496789584442,0.7930059399652717,0.763496789584442,0.7930059399652717
0.2982456140350877,0.88,0.88,0.88,0.0,0.61,0.61,0.61,0.2076517835526162,0.19935396785612955,0.2076517835526162,0.19935396785612955,0.2076517835526162,0.19935396785612955,0.7248998414830765,0.7633250783703986,0.7248998414830765,0.7633250783703986,0.7248998414830765,0.7633250783703986,0.7248998414830765,0.7633250783703986,0.7248998414830765,0.7633250783703986,0.7248998414830765,0.7633250783703986,0.7248998414830765,0.7633250783703986,0.7248998414830765,0.7633250783703986,0.7248998414830765,0.7633250783703986
0.4764397905759162,0.94,0.94,0.94,0.0,0.73,0.73,0.73,0.1620354712489729,0.17331796708633165,0.1620354712489729,0.17331796708633165,0.1620354712489729,0.17331796708633165,0.7221747807315232,0.7049663084589324,0.7221747807315232,0.7049663084589324,0.7221747807315232,0.7049663084589324,0.7221747807315232,0.7049663084589324,0.7221747807315232,0.7049663084589324,0.7221747807315232,0.7049663084589324,0.7221747807315232,0.7049663084589324,0.7221747807315232,0.7049663084589324,0.7221747807315232,0.7049663084589324
0.0,0.9,0.9,0.9,0.0,0.69,0.69,0.69,0.01002016920090862,0.010863974419801577,0.01002016920090862,0.010863974419801577,0.01002016920090862,0.010863974419801577,0.5993256970435404,0.6117076460190838,0.5993256970435404,0.6117076460190838,0.5993256970435404,0.6117076460190838,0.5993256970435404,0.6117076460190838,0.5993256970435404,0.6117076460190838,0.5993256970435404,0.6117076460190838,0.5993256970435404,0.6117076460190838,0.5993256970435404,0.6117076460190838,0.5993256970435404,0.6117076460190838
0.0,0.65,0.65,0.65,0.0,0.6,0.6,0.6,0.005834783628661428,0.013903088874824204,0.005834783628661428,0.013903088874824204,0.005834783628661428,0.013903088874824204,0.6184751852683452,0.6504329957664922,0.6184751852683452,0.6504329957664922,0.6184751852683452,0.6504329957664922,0.6184751852683452,0.6504329957664922,0.6184751852683452,0.6504329957664922,0.6184751852683452,0.6504329957664922,0.6184751852683452,0.6504329957664922,0.6184751852683452,0.6504329957664922,0.6184751852683452,0.6504329957664922
0.0,0.55,0.55,0.55,0.0,0.54,0.54,0.54,-0.016090211705396887,-0.003623967821337247,-0.016090211705396887,-0.003623967821337247,-0.016090211705396887,-0.003623967821337247,0.6305076704007538,0.6299242382955315,0.6305076704007538,0.6299242382955315,0.6305076704007538,0.6299242382955315,0.6305076704007538,0.6299242382955315,0.6305076704007538,0.6299242382955315,0.6305076704007538,0.6299242382955315,0.6305076704007538,0.6299242382955315,0.6305076704007538,0.6299242382955315,0.6305076704007538,0.6299242382955315
0.0,0.48,0.48,0.48,0.0,0.51,0.51,0.51,-0.0002970301534904362,-0.0012869989080088395,-0.0002970301534904362,-0.0012869989080088395,-0.0002970301534904362,-0.0012869989080088395,0.6424992769054183,0.6024480194438321,0.6424992769054183,0.6024480194438321,0.6424992769054183,0.6024480194438321,0.6424992769054183,0.6024480194438321,0.6424992769054183,0.6024480194438321,0.6424992769054183,0.6024480194438321,0.6424992769054183,0.6024480194438321,0.6424992769054183,0.6024480194438321,0.6424992769054183,0.6024480194438321
0.0,0.37,0.37,0.37,0.0,0.67,0.67,0.67,-0.022062048481145295,-0.03480165701037362,-0.022062048481145295,-0.03480165701037362,-0.022062048481145295,-0.03480165701037362,0.6461706599472412,0.6171347545174398,0.6461706599472412,0.6171347545174398,0.6461706599472412,0.6171347545174398,0.6461706599472412,0.6171347545174398,0.6461706599472412,0.6171347545174398,0.6461706599472412,0.6171347545174398,0.6461706599472412,0.6171347545174398,0.6461706599472412,0.6171347545174398,0.6461706599472412,0.6171347545174398
0.0,0.35,0.35,0.35,0.0,0.71,0.71,0.71,0.011130015558717924,0.017117453292920692,0.011130015558717924,0.017117453292920692,0.011130015558717924,0.017117453292920692,0.466992946468428,0.5042096424544461,0.466992946468428,0.5042096424544461,0.466992946468428,0.5042096424544461,0.466992946468428,0.5042096424544461,0.466992946468428,0.5042096424544461,0.466992946468428,0.5042096424544461,0.466992946468428,0.5042096424544461,0.466992946468428,0.5042096424544461,0.466992946468428,0.5042096424544461
0.0,0.49,0.49,0.49,0.0,0.55,0.55,0.55,0.01909309760785847,0.00648697033224516,0.01909309760785847,0.00648697033224516,0.01909309760785847,0.00648697033224516,0.588008910898776,0.6345854748373301,0.588008910898776,0.6345854748373301,0.588008910898776,0.6345854748373301,0.588008910898776,0.6345854748373301,0.588008910898776,0.6345854748373301,0.588008910898776,0.6345854748373301,0.588008910898776,0.6345854748373301,0.588008910898776,0.6345854748373301,0.588008910898776,0.6345854748373301
0.0,0.58,0.58,0.58,0.0,0.44,0.44,0.44,0.03714608955472426,0.056642954069752775,0.03714608955472426,0.056642954069752775,0.03714608955472426,0.056642954069752775,0.6061764220187065,0.6523697918201069,0.6061764220187065,0.6523697918201069,0.6061764220187065,0.6523697918201069,0.6061764220187065,0.6523697918201069,0.6061764220187065,0.6523697918201069,0.6061764220187065,0.6523697918201069,0.6061764220187065,0.6523697918201069,0.6061764220187065,0.6523697918201069,0.6061764220187065,0.6523697918201069
0.0,0.65,0.65,0.65,0.0117947083200509,0.38,0.38,0.38,0.02194137986064975,0.04015320015232587,0.02194137986064975,0.04015320015232587,0.02194137986064975,0.04015320015232587,0.4977677564462631,0.5415480672906456,0.4977677564462631,0.5415480672906456,0.4977677564462631,0.5415480672906456,0.4977677564462631,0.5415480672906456,0.4977677564462631,0.5415480672906456,0.4977677564462631,0.5415480672906456,0.4977677564462631,0.5415480672906456,0.4977677564462631,0.5415480672906456,0.4977677564462631,0.5415480672906456
0.0,0.35,0.35,0.35,0.046793760831889,0.56,0.56,0.56,-0.0034544648485300812,-0.015376483489018416,-0.0034544648485300812,-0.015376483489018416,-0.0034544648485300812,-0.015376483489018416,0.4882755562075064,0.5105267500811929,0.4882755562075064,0.5105267500811929,0.4882755562075064,0.5105267500811929,0.4882755562075064,0.5105267500811929,0.4882755562075064,0.5105267500811929,0.4882755562075064,0.5105267500811929,0.4882755562075064,0.5105267500811929,0.4882755562075064,0.5105267500811929,0.4882755562075064,0.5105267500811929
0.0,0.27,0.27,0.27,0.1279069767441859,0.79,0.79,0.79,-0.014376682400305865,0.008250025414906777,-0.014376682400305865,0.008250025414906777,-0.014376682400305865,0.008250025414906777,0.48723491796505786,0.5108776059200606,0.48723491796505786,0.5108776059200606,0.48723491796505786,0.5108776059200606,0.48723491796505786,0.5108776059200606,0.48723491796505786,0.5108776059200606,0.48723491796505786,0.5108776059200606,0.48723491796505786,0.5108776059200606,0.48723491796505786,0.5108776059200606,0.48723491796505786,0.5108776059200606
0.0,0.21,0.21,0.21,0.0762124711316397,0.68,0.68,0.68,-0.014384466543336197,-0.008394569610867734,-0.014384466543336197,-0.008394569610867734,-0.014384466543336197,-0.008394569610867734,0.5154330442179643,0.5489441122404269,0.5154330442179643,0.5489441122404269,0.5154330442179643,0.5489441122404269,0.5154330442179643,0.5489441122404269,0.5154330442179643,0.5489441122404269,0.5154330442179643,0.5489441122404269,0.5154330442179643,0.5489441122404269,0.5154330442179643,0.5489441122404269,0.5154330442179643,0.5489441122404269
0.0089197224975222,0.2,0.2,0.2,0.0,0.68,0.68,0.68,0.12800028058705193,0.13326450997841055,0.12800028058705193,0.13326450997841055,0.12800028058705193,0.13326450997841055,0.5547593562776598,0.5206850454388674,0.5547593562776598,0.5206850454388674,0.5547593562776598,0.5206850454388674,0.5547593562776598,0.5206850454388674,0.5547593562776598,0.5206850454388674,0.5547593562776598,0.5206850454388674,0.5547593562776598,0.5206850454388674,0.5547593562776598,0.5206850454388674,0.5547593562776598,0.5206850454388674
0.019903498190591,0.35,0.35,0.35,0.0762124711316397,0.68,0.68,0.68,0.1128433024325475,0.06393101805591399,0.1128433024325475,0.06393101805591399,0.1128433024325475,0.06393101805591399,0.6204599567035801,0.49814514902667406,0.6204599567035801,0.49814514902667406,0.6204599567035801,0.49814514902667406,0.6204599567035801,0.49814514902667406,0.6204599567035801,0.49814514902667406,0.6204599567035801,0.49814514902667406,0.6204599567035801,0.49814514902667406,0.6204599567035801,0.49814514902667406,0.6204599567035801,0.49814514902667406
0.0449915110356538,0.55,0.55,0.55,0.1407799074686053,0.74,0.74,0.74,0.10662265991913314,0.19036759181074325,0.10662265991913314,0.19036759181074325,0.10662265991913314,0.19036759181074325,0.77647417699244,0.668792296703243,0.77647417699244,0.668792296703243,0.77647417699244,0.668792296703243,0.77647417699244,0.668792296703243,0.77647417699244,0.668792296703243,0.77647417699244,0.668792296703243,0.77647417699244,0.668792296703243,0.77647417699244,0.668792296703243,0.77647417699244,0.668792296703243
0.0831295843520781,0.7,0.7,0.7,0.2982456140350877,0.88,0.88,0.88,0.02458802490312672,0.07388629010234271,0.02458802490312672,0.07388629010234271,0.02458802490312672,0.07388629010234271,0.7250033512457017,0.7121940517976737,0.7250033512457017,0.7121940517976737,0.7250033512457017,0.7121940517976737,0.7250033512457017,0.7121940517976737,0.7250033512457017,0.7121940517976737,0.7250033512457017,0.7121940517976737,0.7250033512457017,0.7121940517976737,0.7250033512457017,0.7121940517976737,0.7250033512457017,0.7121940517976737
0.0,0.76,0.76,0.76,0.4764397905759162,0.94,0.94,0.94,-0.025877639393977088,-0.054432627175536805,-0.025877639393977088,-0.054432627175536805,-0.025877639393977088,-0.054432627175536805,0.5325934028451974,0.5579789649923353,0.5325934028451974,0.5579789649923353,0.5325934028451974,0.5579789649923353,0.5325934028451974,0.5579789649923353,0.5325934028451974,0.5579789649923353,0.5325934028451974,0.5579789649923353,0.5325934028451974,0.5579789649923353,0.5325934028451974,0.5579789649923353,0.5325934028451974,0.5579789649923353
0.0,0.72,0.72,0.72,0.0,0.9,0.9,0.9,-0.047186676399629625,-0.09253491154608083,-0.047186676399629625,-0.09253491154608083,-0.047186676399629625,-0.09253491154608083,0.61621717710683,0.6368212317911526,0.61621717710683,0.6368212317911526,0.61621717710683,0.6368212317911526,0.61621717710683,0.6368212317911526,0.61621717710683,0.6368212317911526,0.61621717710683,0.6368212317911526,0.61621717710683,0.6368212317911526,0.61621717710683,0.6368212317911526,0.61621717710683,0.6368212317911526
0.0,0.75,0.75,0.75,0.0,0.65,0.65,0.65,0.05403991280648795,0.0647868244961595,0.05403991280648795,0.0647868244961595,0.05403991280648795,0.0647868244961595,0.5508617048727458,0.6341320604366004,0.5508617048727458,0.6341320604366004,0.5508617048727458,0.6341320604366004,0.5508617048727458,0.6341320604366004,0.5508617048727458,0.6341320604366004,0.5508617048727458,0.6341320604366004,0.5508617048727458,0.6341320604366004,0.5508617048727458,0.6341320604366004,0.5508617048727458,0.6341320604366004
0.0,0.75,0.75,0.75,0.0,0.55,0.55,0.55,0.03123554796333826,0.03193039571304715,0.03123554796333826,0.03193039571304715,0.03123554796333826,0.03193039571304715,0.5754250081093274,0.6006579659413237,0.5754250081093274,0.6006579659413237,0.5754250081093274,0.6006579659413237,0.5754250081093274,0.6006579659413237,0.5754250081093274,0.6006579659413237,0.5754250081093274,0.6006579659413237,0.5754250081093274,0.6006579659413237,0.5754250081093274,0.6006579659413237,0.5754250081093274,0.6006579659413237
0.0,0.71,0.71,0.71,0.0,0.48,0.48,0.48,0.016485165162376483,0.004086693778016683,0.016485165162376483,0.004086693778016683,0.016485165162376483,0.004086693778016683,0.5416742738921769,0.6108538640452014,0.5416742738921769,0.6108538640452014,0.5416742738921769,0.6108538640452014,0.5416742738921769,0.6108538640452014,0.5416742738921769,0.6108538640452014,0.5416742738921769,0.6108538640452014,0.5416742738921769,0.6108538640452014,0.5416742738921769,0.6108538640452014,0.5416742738921769,0.6108538640452014
0.0,0.76,0.76,0.76,0.0,0.37,0.37,0.37,0.03329906318582403,0.05869626842595356,0.03329906318582403,0.05869626842595356,0.03329906318582403,0.05869626842595356,0.670003806873564,0.6909527758895746,0.670003806873564,0.6909527758895746,0.670003806873564,0.6909527758895746,0.670003806873564,0.6909527758895746,0.670003806873564,0.6909527758895746,0.670003806873564,0.6909527758895746,0.670003806873564,0.6909527758895746,0.670003806873564,0.6909527758895746,0.670003806873564,0.6909527758895746
0.0,0.48,0.48,0.48,0.0,0.35,0.35,0.35,0.019182654502422347,0.06838375605542643,0.019182654502422347,0.06838375605542643,0.019182654502422347,0.06838375605542643,0.5878067575502686,0.6459967086079461,0.5878067575502686,0.6459967086079461,0.5878067575502686,0.6459967086079461,0.5878067575502686,0.6459967086079461,0.5878067575502686,0.6459967086079461,0.5878067575502686,0.6459967086079461,0.5878067575502686,0.6459967086079461,0.5878067575502686,0.6459967086079461,0.5878067575502686,0.6459967086079461
0.0,0.58,0.58,0.58,0.0,0.49,0.49,0.49,0.045757765819306954,0.08658039670260047,0.045757765819306954,0.08658039670260047,0.045757765819306954,0.08658039670260047,0.53766347869832,0.5588891900190417,0.53766347869832,0.5588891900190417,0.53766347869832,0.5588891900190417,0.53766347869832,0.5588891900190417,0.53766347869832,0.5588891900190417,0.53766347869832,0.5588891900190417,0.53766347869832,0.5588891900190417,0.53766347869832,0.5588891900190417,0.53766347869832,0.5588891900190417
0.0,0.54,0.54,0.54,0.0,0.58,0.58,0.58,0.03897656192781074,0.04670949076185122,0.03897656192781074,0.04670949076185122,0.03897656192781074,0.04670949076185122,0.5412397832073188,0.5289606090618721,0.5412397832073188,0.5289606090618721,0.5412397832073188,0.5289606090618721,0.5412397832073188,0.5289606090618721,0.5412397832073188,0.5289606090618721,0.5412397832073188,0.5289606090618721,0.5412397832073188,0.5289606090618721,0.5412397832073188,0.5289606090618721,0.5412397832073188,0.5289606090618721
0.0,0.73,0.73,0.73,0.0,0.65,0.65,0.65,0.031426067665849405,0.04739388733449946,0.031426067665849405,0.04739388733449946,0.031426067665849405,0.04739388733449946,0.5563313863811185,0.578577603886628,0.5563313863811185,0.578577603886628,0.5563313863811185,0.578577603886628,0.5563313863811185,0.578577603886628,0.5563313863811185,0.578577603886628,0.5563313863811185,0.578577603886628,0.5563313863811185,0.578577603886628,0.5563313863811185,0.578577603886628,0.5563313863811185,0.578577603886628
0.0,0.85,0.85,0.85,0.0,0.35,0.35,0.35,-0.029434042223602425,-0.0438273885089937,-0.029434042223602425,-0.0438273885089937,-0.029434042223602425,-0.0438273885089937,0.4995028547407141,0.6251334433578755,0.4995028547407141,0.6251334433578755,0.4995028547407141,0.6251334433578755,0.4995028547407141,0.6251334433578755,0.4995028547407141,0.6251334433578755,0.4995028547407141,0.6251334433578755,0.4995028547407141,0.6251334433578755,0.4995028547407141,0.6251334433578755,0.4995028547407141,0.6251334433578755
0.0,0.78,0.78,0.78,0.0,0.27,0.27,0.27,-0.013180842562668365,-0.025620521021026913,-0.013180842562668365,-0.025620521021026913,-0.013180842562668365,-0.025620521021026913,0.5526699875320603,0.6402740677356714,0.5526699875320603,0.6402740677356714,0.5526699875320603,0.6402740677356714,0.5526699875320603,0.6402740677356714,0.5526699875320603,0.6402740677356714,0.5526699875320603,0.6402740677356714,0.5526699875320603,0.6402740677356714,0.5526699875320603,0.6402740677356714,0.5526699875320603,0.6402740677356714
0.0,0.76,0.76,0.76,0.0,0.21,0.21,0.21,0.006017932676423627,-0.011003519858563598,0.006017932676423627,-0.011003519858563598,0.006017932676423627,-0.011003519858563598,0.5260644940152286,0.586980166568521,0.5260644940152286,0.586980166568521,0.5260644940152286,0.586980166568521,0.5260644940152286,0.586980166568521,0.5260644940152286,0.586980166568521,0.5260644940152286,0.586980166568521,0.5260644940152286,0.586980166568521,0.5260644940152286,0.586980166568521,0.5260644940152286,0.586980166568521
0.0,0.59,0.59,0.59,0.0089197224975222,0.2,0.2,0.2,0.05320030461592666,0.010258317589977115,0.05320030461592666,0.010258317589977115,0.05320030461592666,0.010258317589977115,0.492825182082726,0.48254856939819285,0.492825182082726,0.48254856939819285,0.492825182082726,0.48254856939819285,0.492825182082726,0.48254856939819285,0.492825182082726,0.48254856939819285,0.492825182082726,0.48254856939819285,0.492825182082726,0.48254856939819285,0.492825182082726,0.48254856939819285,0.492825182082726,0.48254856939819285
0.0,0.5,0.5,0.5,0.019903498190591,0.35,0.35,0.35,-0.015361211629369497,-0.03903278536419218,-0.015361211629369497,-0.03903278536419218,-0.015361211629369497,-0.03903278536419218,0.4510439315624963,0.5067674280088333,0.4510439315624963,0.5067674280088333,0.4510439315624963,0.5067674280088333,0.4510439315624963,0.5067674280088333,0.4510439315624963,0.5067674280088333,0.4510439315624963,0.5067674280088333,0.4510439315624963,0.5067674280088333,0.4510439315624963,0.5067674280088333,0.4510439315624963,0.5067674280088333
0.0,0.51,0.51,0.51,0.0449915110356538,0.55,0.55,0.55,0.054068226381295215,0.12147893079039959,0.054068226381295215,0.12147893079039959,0.054068226381295215,0.12147893079039959,0.5162930901329195,0.5376634053789551,0.5162930901329195,0.5376634053789551,0.5162930901329195,0.5376634053789551,0.5162930901329195,0.5376634053789551,0.5162930901329195,0.5376634053789551,0.5162930901329195,0.5376634053789551,0.5162930901329195,0.5376634053789551,0.5162930901329195,0.5376634053789551,0.5162930901329195,0.5376634053789551
0.0,0.53,0.53,0.53,0.0831295843520781,0.7,0.7,0.7,0.019887132292495842,0.07040170557941888,0.019887132292495842,0.07040170557941888,0.019887132292495842,0.07040170557941888,0.5217205536390082,0.5689202949371386,0.5217205536390082,0.5689202949371386,0.5217205536390082,0.5689202949371386,0.5217205536390082,0.5689202949371386,0.5217205536390082,0.5689202949371386,0.5217205536390082,0.5689202949371386,0.5217205536390082,0.5689202949371386,0.5217205536390082,0.5689202949371386,0.5217205536390082,0.5689202949371386
0.0,0.64,0.64,0.64,0.0,0.76,0.76,0.76,0.048579753698800236,0.06307869147505715,0.048579753698800236,0.06307869147505715,0.048579753698800236,0.06307869147505715,0.5330533649609813,0.5131440516848346,0.5330533649609813,0.5131440516848346,0.5330533649609813,0.5131440516848346,0.5330533649609813,0.5131440516848346,0.5330533649609813,0.5131440516848346,0.5330533649609813,0.5131440516848346,0.5330533649609813,0.5131440516848346,0.5330533649609813,0.5131440516848346,0.5330533649609813,0.5131440516848346
0.0,0.74,0.74,0.74,0.0,0.72,0.72,0.72,0.019647473959915226,0.03230711247593213,0.019647473959915226,0.03230711247593213,0.019647473959915226,0.03230711247593213,0.5370462766752043,0.533302456470502,0.5370462766752043,0.533302456470502,0.5370462766752043,0.533302456470502,0.5370462766752043,0.533302456470502,0.5370462766752043,0.533302456470502,0.5370462766752043,0.533302456470502,0.5370462766752043,0.533302456470502,0.5370462766752043,0.533302456470502,0.5370462766752043,0.533302456470502
0.0,0.76,0.76,0.76,0.0,0.75,0.75,0.75,-0.004989446782871178,-0.0026233893528036234,-0.004989446782871178,-0.0026233893528036234,-0.004989446782871178,-0.0026233893528036234,0.6013919941982935,0.6248528313872872,0.6013919941982935,0.6248528313872872,0.6013919941982935,0.6248528313872872,0.6013919941982935,0.6248528313872872,0.6013919941982935,0.6248528313872872,0.6013919941982935,0.6248528313872872,0.6013919941982935,0.6248528313872872,0.6013919941982935,0.6248528313872872,0.6013919941982935,0.6248528313872872
0.0,0.59,0.59,0.59,0.0,0.75,0.75,0.75,-0.011501252787899246,-0.06707621444334895,-0.011501252787899246,-0.06707621444334895,-0.011501252787899246,-0.06707621444334895,0.5165095734441684,0.49145171980090896,0.5165095734441684,0.49145171980090896,0.5165095734441684,0.49145171980090896,0.5165095734441684,0.49145171980090896,0.5165095734441684,0.49145171980090896,0.5165095734441684,0.49145171980090896,0.5165095734441684,0.49145171980090896,0.5165095734441684,0.49145171980090896,0.5165095734441684,0.49145171980090896
0.0,0.59,0.59,0.59,0.0,0.71,0.71,0.71,-0.01155844283422647,-0.05219284479901383,-0.01155844283422647,-0.05219284479901383,-0.01155844283422647,-0.05219284479901383,0.4535588915144124,0.5317214293374344,0.4535588915144124,0.5317214293374344,0.4535588915144124,0.5317214293374344,0.4535588915144124,0.5317214293374344,0.4535588915144124,0.5317214293374344,0.4535588915144124,0.5317214293374344,0.4535588915144124,0.5317214293374344,0.4535588915144124,0.5317214293374344,0.4535588915144124,0.5317214293374344
0.0,0.58,0.58,0.58,0.0,0.76,0.76,0.76,0.0499372813026741,0.001775558662016811,0.0499372813026741,0.001775558662016811,0.0499372813026741,0.001775558662016811,0.5857802052938788,0.6708731581260077,0.5857802052938788,0.6708731581260077,0.5857802052938788,0.6708731581260077,0.5857802052938788,0.6708731581260077,0.5857802052938788,0.6708731581260077,0.5857802052938788,0.6708731581260077,0.5857802052938788,0.6708731581260077,0.5857802052938788,0.6708731581260077,0.5857802052938788,0.6708731581260077
0.0,0.7,0.7,0.7,0.0,0.48,0.48,0.48,-0.03381446652428943,-0.0399329862359623,-0.03381446652428943,-0.0399329862359623,-0.03381446652428943,-0.0399329862359623,0.6297211665367706,0.6462549160368724,0.6297211665367706,0.6462549160368724,0.6297211665367706,0.6462549160368724,0.6297211665367706,0.6462549160368724,0.6297211665367706,0.6462549160368724,0.6297211665367706,0.6462549160368724,0.6297211665367706,0.6462549160368724,0.6297211665367706,0.6462549160368724,0.6297211665367706,0.6462549160368724
0.0352811466372657,0.65,0.65,0.65,0.0,0.58,0.58,0.58,0.06067842650447374,0.08900631968643098,0.06067842650447374,0.08900631968643098,0.06067842650447374,0.08900631968643098,0.5171756396784255,0.6414458896560224,0.5171756396784255,0.6414458896560224,0.5171756396784255,0.6414458896560224,0.5171756396784255,0.6414458896560224,0.5171756396784255,0.6414458896560224,0.5171756396784255,0.6414458896560224,0.5171756396784255,0.6414458896560224,0.5171756396784255,0.6414458896560224,0.5171756396784255,0.6414458896560224
0.1521197007481295,0.66,0.66,0.66,0.0,0.54,0.54,0.54,0.23767712793625242,0.21982279218390657,0.23767712793625242,0.21982279218390657,0.23767712793625242,0.21982279218390657,0.6126602054881383,0.6408112086366493,0.6126602054881383,0.6408112086366493,0.6126602054881383,0.6408112086366493,0.6126602054881383,0.6408112086366493,0.6126602054881383,0.6408112086366493,0.6126602054881383,0.6408112086366493,0.6126602054881383,0.6408112086366493,0.6126602054881383,0.6408112086366493,0.6126602054881383,0.6408112086366493
0.3169398907103825,0.7,0.7,0.7,0.0,0.73,0.73,0.73,0.2497714129400002,0.2519715776997683,0.2497714129400002,0.2519715776997683,0.2497714129400002,0.2519715776997683,0.5862241641280963,0.6717102054804249,0.5862241641280963,0.6717102054804249,0.5862241641280963,0.6717102054804249,0.5862241641280963,0.6717102054804249,0.5862241641280963,0.6717102054804249,0.5862241641280963,0.6717102054804249,0.5862241641280963,0.6717102054804249,0.5862241641280963,0.6717102054804249,0.5862241641280963,0.6717102054804249
0.4621026894865525,0.78,0.78,0.78,0.0,0.85,0.85,0.85,0.18246691583449656,0.1934158878703224,0.18246691583449656,0.1934158878703224,0.18246691583449656,0.1934158878703224,0.5994495248010726,0.6188149381141164,0.5994495248010726,0.6188149381141164,0.5994495248010726,0.6188149381141164,0.5994495248010726,0.6188149381141164,0.5994495248010726,0.6188149381141164,0.5994495248010726,0.6188149381141164,0.5994495248010726,0.6188149381141164,0.5994495248010726,0.6188149381141164,0.5994495248010726,0.6188149381141164
0.5551601423487544,0.85,0.85,0.85,0.0,0.78,0.78,0.78,0.20747047901987853,0.18966124027181144,0.20747047901987853,0.18966124027181144,0.20747047901987853,0.18966124027181144,0.4835008712544445,0.5012035562873283,0.4835008712544445,0.5012035562873283,0.4835008712544445,0.5012035562873283,0.4835008712544445,0.5012035562873283,0.4835008712544445,0.5012035562873283,0.4835008712544445,0.5012035562873283,0.4835008712544445,0.5012035562873283,0.4835008712544445,0.5012035562873283,0.4835008712544445,0.5012035562873283
0.5140388768898487,0.82,0.82,0.82,0.0,0.76,0.76,0.76,0.20283056858787826,0.1926979481185073,0.20283056858787826,0.1926979481185073,0.20283056858787826,0.1926979481185073,0.4844929853529474,0.47278432244662405,0.4844929853529474,0.47278432244662405,0.4844929853529474,0.47278432244662405,0.4844929853529474,0.47278432244662405,0.4844929853529474,0.47278432244662405,0.4844929853529474,0.47278432244662405,0.4844929853529474,0.47278432244662405,0.4844929853529474,0.47278432244662405,0.4844929853529474,0.47278432244662405
0.585348997926745,0.88,0.88,0.88,0.0,0.59,0.59,0.59,0.23304382980452934,0.21930368230729183,0.23304382980452934,0.21930368230729183,0.23304382980452934,0.21930368230729183,0.6830171451150783,0.6865684315606219,0.6830171451150783,0.6865684315606219,0.6830171451150783,0.6865684315606219,0.6830171451150783,0.6865684315606219,0.6830171451150783,0.6865684315606219,0.6830171451150783,0.6865684315606219,0.6830171451150783,0.6865684315606219,0.6830171451150783,0.6865684315606219,0.6830171451150783,0.6865684315606219
0.6031746031746033,0.88,0.88,0.88,0.0,0.5,0.5,0.5,0.27539191720525524,0.2609283149100066,0.27539191720525524,0.2609283149100066,0.27539191720525524,0.2609283149100066,0.7303346137757211,0.725623372686942,0.7303346137757211,0.725623372686942,0.7303346137757211,0.725623372686942,0.7303346137757211,0.725623372686942,0.7303346137757211,0.725623372686942,0.7303346137757211,0.725623372686942,0.7303346137757211,0.725623372686942,0.7303346137757211,0.725623372686942,0.7303346137757211,0.725623372686942
0.6835443037974684,0.93,0.93,0.93,0.0,0.51,0.51,0.51,0.27849104319849416,0.23621661065400004,0.27849104319849416,0.23621661065400004,0.27849104319849416,0.23621661065400004,0.7444380233501962,0.7824127897639693,0.7444380233501962,0.7824127897639693,0.7444380233501962,0.7824127897639693,0.7444380233501962,0.7824127897639693,0.7444380233501962,0.7824127897639693,0.7444380233501962,0.7824127897639693,0.7444380233501962,0.7824127897639693,0.7444380233501962,0.7824127897639693,0.7444380233501962,0.7824127897639693
0.7569866342648846,0.96,0.96,0.96,0.0,0.53,0.53,0.53,0.20225520383993426,0.1541137560499701,0.20225520383993426,0.1541137560499701,0.20225520383993426,0.1541137560499701,0.7458705575954736,0.7570061561923115,0.7458705575954736,0.7570061561923115,0.7458705575954736,0.7570061561923115,0.7458705575954736,0.7570061561923115,0.7458705575954736,0.7570061561923115,0.7458705575954736,0.7570061561923115,0.7458705575954736,0.7570061561923115,0.7458705575954736,0.7570061561923115,0.7458705575954736,0.7570061561923115
0.3872549019607842,0.85,0.85,0.85,0.0,0.64,0.64,0.64,0.2726789269438389,0.21532199226725043,0.2726789269438389,0.21532199226725043,0.2726789269438389,0.21532199226725043,0.721269857732982,0.7235546003863266,0.721269857732982,0.7235546003863266,0.721269857732982,0.7235546003863266,0.721269857732982,0.7235546003863266,0.721269857732982,0.7235546003863266,0.721269857732982,0.7235546003863266,0.721269857732982,0.7235546003863266,0.721269857732982,0.7235546003863266,0.721269857732982,0.7235546003863266
0.2857142857142857,0.81,0.81,0.81,0.0,0.74,0.74,0.74,0.19726249568006043,0.12781580015618862,0.19726249568006043,0.12781580015618862,0.19726249568006043,0.12781580015618862,0.7779600855062498,0.7848351006993738,0.7779600855062498,0.7848351006993738,0.7779600855062498,0.7848351006993738,0.7779600855062498,0.7848351006993738,0.7779600855062498,0.7848351006993738,0.7779600855062498,0.7848351006993738,0.7779600855062498,0.7848351006993738,0.7779600855062498,0.7848351006993738,0.7779600855062498,0.7848351006993738
0.1772151898734177,0.74,0.74,0.74,0.0,0.76,0.76,0.76,0.15773069840623008,0.12378566294448784,0.15773069840623008,0.12378566294448784,0.15773069840623008,0.12378566294448784,0.7484644393383432,0.7774234848649767,0.7484644393383432,0.7774234848649767,0.7484644393383432,0.7774234848649767,0.7484644393383432,0.7774234848649767,0.7484644393383432,0.7774234848649767,0.7484644393383432,0.7774234848649767,0.7484644393383432,0.7774234848649767,0.7484644393383432,0.7774234848649767,0.7484644393383432,0.7774234848649767
0.2819843342036553,0.78,0.78,0.78,0.0,0.59,0.59,0.59,0.1382257877381519,0.12382220994842784,0.1382257877381519,0.12382220994842784,0.1382257877381519,0.12382220994842784,0.601679649006669,0.6956936350054969,0.601679649006669,0.6956936350054969,0.601679649006669,0.6956936350054969,0.601679649006669,0.6956936350054969,0.601679649006669,0.6956936350054969,0.601679649006669,0.6956936350054969,0.601679649006669,0.6956936350054969,0.601679649006669,0.6956936350054969,0.601679649006669,0.6956936350054969
0.5873452544704264,0.82,0.82,0.82,0.0,0.59,0.59,0.59,0.1823230407548521,0.20632678690856096,0.1823230407548521,0.20632678690856096,0.1823230407548521,0.20632678690856096,0.6458916880968087,0.6312371445720543,0.6458916880968087,0.6312371445720543,0.6458916880968087,0.6312371445720543,0.6458916880968087,0.6312371445720543,0.6458916880968087,0.6312371445720543,0.6458916880968087,0.6312371445720543,0.6458916880968087,0.6312371445720543,0.6458916880968087,0.6312371445720543,0.6458916880968087,0.6312371445720543
0.7219846022241232,0.87,0.87,0.87,0.0,0.58,0.58,0.58,0.20674672537553254,0.16538023321743767,0.20674672537553254,0.16538023321743767,0.20674672537553254,0.16538023321743767,0.6265443397566918,0.6309520467942775,0.6265443397566918,0.6309520467942775,0.6265443397566918,0.6309520467942775,0.6265443397566918,0.6309520467942775,0.6265443397566918,0.6309520467942775,0.6265443397566918,0.6309520467942775,0.6265443397566918,0.6309520467942775,0.6265443397566918,0.6309520467942775,0.6265443397566918,0.6309520467942775
0.8346424142207524,0.92,0.92,0.92,0.0,0.7,0.7,0.7,0.24169713036035684,0.19647615282556524,0.24169713036035684,0.19647615282556524,0.24169713036035684,0.19647615282556524,0.6856601651767622,0.645105732412559,0.6856601651767622,0.645105732412559,0.6856601651767622,0.645105732412559,0.6856601651767622,0.645105732412559,0.6856601651767622,0.645105732412559,0.6856601651767622,0.645105732412559,0.6856601651767622,0.645105732412559,0.6856601651767622,0.645105732412559,0.6856601651767622,0.645105732412559
0.8053392658509455,0.93,0.93,0.93,0.0352811466372657,0.65,0.65,0.65,0.30778733619975973,0.28386230565466813,0.30778733619975973,0.28386230565466813,0.30778733619975973,0.28386230565466813,0.781150465384809,0.7836981436954651,0.781150465384809,0.7836981436954651,0.781150465384809,0.7836981436954651,0.781150465384809,0.7836981436954651,0.781150465384809,0.7836981436954651,0.781150465384809,0.7836981436954651,0.781150465384809,0.7836981436954651,0.781150465384809,0.7836981436954651,0.781150465384809,0.7836981436954651
0.6041412911084044,0.87,0.87,0.87,0.1521197007481295,0.66,0.66,0.66,0.29613834055824656,0.28690820686998925,0.29613834055824656,0.28690820686998925,0.29613834055824656,0.28690820686998925,0.7136736979233924,0.6814548135984613,0.7136736979233924,0.6814548135984613,0.7136736979233924,0.6814548135984613,0.7136736979233924,0.6814548135984613,0.7136736979233924,0.6814548135984613,0.7136736979233924,0.6814548135984613,0.7136736979233924,0.6814548135984613,0.7136736979233924,0.6814548135984613,0.7136736979233924,0.6814548135984613
0.0,0.83,0.83,0.83,0.3169398907103825,0.7,0.7,0.7,-0.018049749570558285,0.016894966852117353,-0.018049749570558285,0.016894966852117353,-0.018049749570558285,0.016894966852117353,0.6569276119578569,0.7074196417364663,0.6569276119578569,0.7074196417364663,0.6569276119578569,0.7074196417364663,0.6569276119578569,0.7074196417364663,0.6569276119578569,0.7074196417364663,0.6569276119578569,0.7074196417364663,0.6569276119578569,0.7074196417364663,0.6569276119578569,0.7074196417364663,0.6569276119578569,0.7074196417364663
0.1473396998635743,0.75,0.75,0.75,0.4621026894865525,0.78,0.78,0.78,0.16196935135065596,0.0803191415285337,0.16196935135065596,0.0803191415285337,0.16196935135065596,0.0803191415285337,0.6320793967919777,0.7277585619720329,0.6320793967919777,0.7277585619720329,0.6320793967919777,0.7277585619720329,0.6320793967919777,0.7277585619720329,0.6320793967919777,0.7277585619720329,0.6320793967919777,0.7277585619720329,0.6320793967919777,0.7277585619720329,0.6320793967919777,0.7277585619720329,0.6320793967919777,0.7277585619720329
0.2204899777282851,0.72,0.72,0.72,0.5551601423487544,0.85,0.85,0.85,0.2527908792265891,0.26176576982879673,0.2527908792265891,0.26176576982879673,0.2527908792265891,0.26176576982879673,0.5826975998946994,0.6828560160745586,0.5826975998946994,0.6828560160745586,0.5826975998946994,0.6828560160745586,0.5826975998946994,0.6828560160745586,0.5826975998946994,0.6828560160745586,0.5826975998946994,0.6828560160745586,0.5826975998946994,0.6828560160745586,0.5826975998946994,0.6828560160745586,0.5826975998946994,0.6828560160745586
0.306930693069307,0.72,0.72,0.72,0.5140388768898487,0.82,0.82,0.82,0.16523292010161658,0.1528568494916541,0.16523292010161658,0.1528568494916541,0.16523292010161658,0.1528568494916541,0.5601891774463511,0.6312993949762734,0.5601891774463511,0.6312993949762734,0.5601891774463511,0.6312993949762734,0.5601891774463511,0.6312993949762734,0.5601891774463511,0.6312993949762734,0.5601891774463511,0.6312993949762734,0.5601891774463511,0.6312993949762734,0.5601891774463511,0.6312993949762734,0.5601891774463511,0.6312993949762734
0.4954128440366971,0.78,0.78,0.78,0.585348997926745,0.88,0.88,0.88,0.28012160489681276,0.26127743994320185,0.28012160489681276,0.26127743994320185,0.28012160489681276,0.26127743994320185,0.634140657074742,0.6760738360275129,0.634140657074742,0.6760738360275129,0.634140657074742,0.6760738360275129,0.634140657074742,0.6760738360275129,0.634140657074742,0.6760738360275129,0.634140657074742,0.6760738360275129,0.634140657074742,0.6760738360275129,0.634140657074742,0.6760738360275129,0.634140657074742,0.6760738360275129
0.6899661781285231,0.89,0.89,0.89,0.6031746031746033,0.88,0.88,0.88,0.3581347256318632,0.403650390381015,0.3581347256318632,0.403650390381015,0.3581347256318632,0.403650390381015,0.6316554183374353,0.7132932538696762,0.6316554183374353,0.7132932538696762,0.6316554183374353,0.7132932538696762,0.6316554183374353,0.7132932538696762,0.6316554183374353,0.7132932538696762,0.6316554183374353,0.7132932538696762,0.6316554183374353,0.7132932538696762,0.6316554183374353,0.7132932538696762,0.6316554183374353,0.7132932538696762
0.7526978417266187,0.89,0.89,0.89,0.6835443037974684,0.93,0.93,0.93,0.29241409216915076,0.25483773908485846,0.29241409216915076,0.25483773908485846,0.29241409216915076,0.25483773908485846,0.8245988598093854,0.822305881635411,0.8245988598093854,0.822305881635411,0.8245988598093854,0.822305881635411,0.8245988598093854,0.822305881635411,0.8245988598093854,0.822305881635411,0.8245988598093854,0.822305881635411,0.8245988598093854,0.822305881635411,0.8245988598093854,0.822305881635411,0.8245988598093854,0.822305881635411
0.7365339578454333,0.91,0.91,0.91,0.7569866342648846,0.96,0.96,0.96,0.21054449651040044,0.18014612078374004,0.21054449651040044,0.18014612078374004,0.21054449651040044,0.18014612078374004,0.7267245510992354,0.7039782275177642,0.7267245510992354,0.7039782275177642,0.7267245510992354,0.7039782275177642,0.7267245510992354,0.7039782275177642,0.7267245510992354,0.7039782275177642,0.7267245510992354,0.7039782275177642,0.7267245510992354,0.7039782275177642,0.7267245510992354,0.7039782275177642,0.7267245510992354,0.7039782275177642
0.7309197651663406,0.89,0.89,0.89,0.3872549019607842,0.85,0.85,0.85,0.24489729795262158,0.1682334562708344,0.24489729795262158,0.1682334562708344,0.24489729795262158,0.1682334562708344,0.7043300726154077,0.5782516202502238,0.7043300726154077,0.5782516202502238,0.7043300726154077,0.5782516202502238,0.7043300726154077,0.5782516202502238,0.7043300726154077,0.5782516202502238,0.7043300726154077,0.5782516202502238,0.7043300726154077,0.5782516202502238,0.7043300726154077,0.5782516202502238,0.7043300726154077,0.5782516202502238
0.7620180866254165,0.9,0.9,0.9,0.2857142857142857,0.81,0.81,0.81,0.22962198829527758,0.21960648478065425,0.22962198829527758,0.21960648478065425,0.22962198829527758,0.21960648478065425,0.7284504372318619,0.6595697664899688,0.7284504372318619,0.6595697664899688,0.7284504372318619,0.6595697664899688,0.7284504372318619,0.6595697664899688,0.7284504372318619,0.6595697664899688,0.7284504372318619,0.6595697664899688,0.7284504372318619,0.6595697664899688,0.7284504372318619,0.6595697664899688,0.7284504372318619,0.6595697664899688
0.7405660377358491,0.89,0.89,0.89,0.1772151898734177,0.74,0.74,0.74,0.2640731933881125,0.2503002312229617,0.2640731933881125,0.2503002312229617,0.2640731933881125,0.2503002312229617,0.7089820955898826,0.6880454374202675,0.7089820955898826,0.6880454374202675,0.7089820955898826,0.6880454374202675,0.7089820955898826,0.6880454374202675,0.7089820955898826,0.6880454374202675,0.7089820955898826,0.6880454374202675,0.7089820955898826,0.6880454374202675,0.7089820955898826,0.6880454374202675,0.7089820955898826,0.6880454374202675
0.7468354430379747,0.9,0.9,0.9,0.2819843342036553,0.78,0.78,0.78,0.24961871090920276,0.23832923459346042,0.24961871090920276,0.23832923459346042,0.24961871090920276,0.23832923459346042,0.6856197819238257,0.6714619748557616,0.6856197819238257,0.6714619748557616,0.6856197819238257,0.6714619748557616,0.6856197819238257,0.6714619748557616,0.6856197819238257,0.6714619748557616,0.6856197819238257,0.6714619748557616,0.6856197819238257,0.6714619748557616,0.6856197819238257,0.6714619748557616,0.6856197819238257,0.6714619748557616
0.7526978417266187,0.89,0.89,0.89,0.5873452544704264,0.82,0.82,0.82,0.25296679829310625,0.23185525072639282,0.25296679829310625,0.23185525072639282,0.25296679829310625,0.23185525072639282,0.6601776312018027,0.6183243259912846,0.6601776312018027,0.6183243259912846,0.6601776312018027,0.6183243259912846,0.6601776312018027,0.6183243259912846,0.6601776312018027,0.6183243259912846,0.6601776312018027,0.6183243259912846,0.6601776312018027,0.6183243259912846,0.6601776312018027,0.6183243259912846,0.6601776312018027,0.6183243259912846
0.6806569343065694,0.86,0.86,0.86,0.7219846022241232,0.87,0.87,0.87,0.28741862070282476,0.2339085113397429,0.28741862070282476,0.2339085113397429,0.28741862070282476,0.2339085113397429,0.6636986202130478,0.6397317397737199,0.6636986202130478,0.6397317397737199,0.6636986202130478,0.6397317397737199,0.6636986202130478,0.6397317397737199,0.6636986202130478,0.6397317397737199,0.6636986202130478,0.6397317397737199,0.6636986202130478,0.6397317397737199,0.6636986202130478,0.6397317397737199,0.6636986202130478,0.6397317397737199
0.7004608294930875,0.87,0.87,0.87,0.8346424142207524,0.92,0.92,0.92,0.2851071399697587,0.235149976121831,0.2851071399697587,0.235149976121831,0.2851071399697587,0.235149976121831,0.776736788790076,0.7177372948993722,0.776736788790076,0.7177372948993722,0.776736788790076,0.7177372948993722,0.776736788790076,0.7177372948993722,0.776736788790076,0.7177372948993722,0.776736788790076,0.7177372948993722,0.776736788790076,0.7177372948993722,0.776736788790076,0.7177372948993722,0.776736788790076,0.7177372948993722
0.8251748251748252,0.94,0.94,0.94,0.8053392658509455,0.93,0.93,0.93,0.311216865213169,0.24767098884547079,0.311216865213169,0.24767098884547079,0.311216865213169,0.24767098884547079,0.7248206377849908,0.7180649114052214,0.7248206377849908,0.7180649114052214,0.7248206377849908,0.7180649114052214,0.7248206377849908,0.7180649114052214,0.7248206377849908,0.7180649114052214,0.7248206377849908,0.7180649114052214,0.7248206377849908,0.7180649114052214,0.7248206377849908,0.7180649114052214,0.7248206377849908,0.7180649114052214
0.91701244813278,0.98,0.98,0.98,0.6041412911084044,0.87,0.87,0.87,0.3079343347563059,0.2546630672990443,0.3079343347563059,0.2546630672990443,0.3079343347563059,0.2546630672990443,0.8180183299504422,0.784898890155972,0.8180183299504422,0.784898890155972,0.8180183299504422,0.784898890155972,0.8180183299504422,0.784898890155972,0.8180183299504422,0.784898890155972,0.8180183299504422,0.784898890155972,0.8180183299504422,0.784898890155972,0.8180183299504422,0.784898890155972,0.8180183299504422,0.784898890155972
0.6332518337408313,0.88,0.88,0.88,0.0,0.83,0.83,0.83,0.2863383068152465,0.2379449383783893,0.2863383068152465,0.2379449383783893,0.2863383068152465,0.2379449383783893,0.7931701620984384,0.7768659196313934,0.7931701620984384,0.7768659196313934,0.7931701620984384,0.7768659196313934,0.7931701620984384,0.7768659196313934,0.7931701620984384,0.7768659196313934,0.7931701620984384,0.7768659196313934,0.7931701620984384,0.7768659196313934,0.7931701620984384,0.7768659196313934,0.7931701620984384,0.7768659196313934
0.3001119820828667,0.75,0.75,0.75,0.1473396998635743,0.75,0.75,0.75,0.18826476715113818,0.14287505035460538,0.18826476715113818,0.14287505035460538,0.18826476715113818,0.14287505035460538,0.7550134425680035,0.7077399922953203,0.7550134425680035,0.7077399922953203,0.7550134425680035,0.7077399922953203,0.7550134425680035,0.7077399922953203,0.7550134425680035,0.7077399922953203,0.7550134425680035,0.7077399922953203,0.7550134425680035,0.7077399922953203,0.7550134425680035,0.7077399922953203,0.7550134425680035,0.7077399922953203
0.2484969939879759,0.7,0.7,0.7,0.2204899777282851,0.72,0.72,0.72,0.24030521888493153,0.1986380636929461,0.24030521888493153,0.1986380636929461,0.24030521888493153,0.1986380636929461,0.6330395181819597,0.621480835763928,0.6330395181819597,0.621480835763928,0.6330395181819597,0.621480835763928,0.6330395181819597,0.621480835763928,0.6330395181819597,0.621480835763928,0.6330395181819597,0.621480835763928,0.6330395181819597,0.621480835763928,0.6330395181819597,0.621480835763928,0.6330395181819597,0.621480835763928
0.3243243243243243,0.79,0.79,0.79,0.306930693069307,0.72,0.72,0.72,0.2099269925455385,0.15420807943391493,0.2099269925455385,0.15420807943391493,0.2099269925455385,0.15420807943391493,0.5769559756341499,0.5714169357087451,0.5769559756341499,0.5714169357087451,0.5769559756341499,0.5714169357087451,0.5769559756341499,0.5714169357087451,0.5769559756341499,0.5714169357087451,0.5769559756341499,0.5714169357087451,0.5769559756341499,0.5714169357087451,0.5769559756341499,0.5714169357087451,0.5769559756341499,0.5714169357087451
0.1701244813278009,0.84,0.84,0.84,0.4954128440366971,0.78,0.78,0.78,0.24183243554060524,0.14615780905567655,0.24183243554060524,0.14615780905567655,0.24183243554060524,0.14615780905567655,0.7793247841502553,0.7334990674524389,0.7793247841502553,0.7334990674524389,0.7793247841502553,0.7334990674524389,0.7793247841502553,0.7334990674524389,0.7793247841502553,0.7334990674524389,0.7793247841502553,0.7334990674524389,0.7793247841502553,0.7334990674524389,0.7793247841502553,0.7334990674524389,0.7793247841502553,0.7334990674524389
0.0,0.68,0.68,0.68,0.6899661781285231,0.89,0.89,0.89,0.06884941609072488,0.13577878988780828,0.06884941609072488,0.13577878988780828,0.06884941609072488,0.13577878988780828,0.5827885606484934,0.5893669455326832,0.5827885606484934,0.5893669455326832,0.5827885606484934,0.5893669455326832,0.5827885606484934,0.5893669455326832,0.5827885606484934,0.5893669455326832,0.5827885606484934,0.5893669455326832,0.5827885606484934,0.5893669455326832,0.5827885606484934,0.5893669455326832,0.5827885606484934,0.5893669455326832
0.0,0.56,0.56,0.56,0.7526978417266187,0.89,0.89,0.89,-0.03488577765317814,-0.06154198467007811,-0.03488577765317814,-0.06154198467007811,-0.03488577765317814,-0.06154198467007811,0.45000246808676825,0.4789301588106092,0.45000246808676825,0.4789301588106092,0.45000246808676825,0.4789301588106092,0.45000246808676825,0.4789301588106092,0.45000246808676825,0.4789301588106092,0.45000246808676825,0.4789301588106092,0.45000246808676825,0.4789301588106092,0.45000246808676825,0.4789301588106092,0.45000246808676825,0.4789301588106092
0.0,0.51,0.51,0.51,0.7365339578454333,0.91,0.91,0.91,-0.027624460629278064,-0.060779489461609326,-0.027624460629278064,-0.060779489461609326,-0.027624460629278064,-0.060779489461609326,0.5017818107758167,0.5261477995832761,0.5017818107758167,0.5261477995832761,0.5017818107758167,0.5261477995832761,0.5017818107758167,0.5261477995832761,0.5017818107758167,0.5261477995832761,0.5017818107758167,0.5261477995832761,0.5017818107758167,0.5261477995832761,0.5017818107758167,0.5261477995832761,0.5017818107758167,0.5261477995832761
0.0,0.65,0.65,0.65,0.7309197651663406,0.89,0.89,0.89,-0.027968323727772873,-0.05340247174287155,-0.027968323727772873,-0.05340247174287155,-0.027968323727772873,-0.05340247174287155,0.6475587468820933,0.6427690619572934,0.6475587468820933,0.6427690619572934,0.6475587468820933,0.6427690619572934,0.6475587468820933,0.6427690619572934,0.6475587468820933,0.6427690619572934,0.6475587468820933,0.6427690619572934,0.6475587468820933,0.6427690619572934,0.6475587468820933,0.6427690619572934,0.6475587468820933,0.6427690619572934
0.0,0.58,0.58,0.58,0.7620180866254165,0.9,0.9,0.9,0.017589340605723626,-0.04284764846996152,0.017589340605723626,-0.04284764846996152,0.017589340605723626,-0.04284764846996152,0.677660814219992,0.6695394388426582,0.677660814219992,0.6695394388426582,0.677660814219992,0.6695394388426582,0.677660814219992,0.6695394388426582,0.677660814219992,0.6695394388426582,0.677660814219992,0.6695394388426582,0.677660814219992,0.6695394388426582,0.677660814219992,0.6695394388426582,0.677660814219992,0.6695394388426582
0.0,0.66,0.66,0.66,0.7405660377358491,0.89,0.89,0.89,0.035375020210231804,-0.034916663420682253,0.035375020210231804,-0.034916663420682253,0.035375020210231804,-0.034916663420682253,0.6595205149712036,0.6669128615757698,0.6595205149712036,0.6669128615757698,0.6595205149712036,0.6669128615757698,0.6595205149712036,0.6669128615757698,0.6595205149712036,0.6669128615757698,0.6595205149712036,0.6669128615757698,0.6595205149712036,0.6669128615757698,0.6595205149712036,0.6669128615757698,0.6595205149712036,0.6669128615757698
0.0,0.54,0.54,0.54,0.7468354430379747,0.9,0.9,0.9,0.07205428873807192,0.04126170121380361,0.07205428873807192,0.04126170121380361,0.07205428873807192,0.04126170121380361,0.5627960974715049,0.5561233606144578,0.5627960974715049,0.5561233606144578,0.5627960974715049,0.5561233606144578,0.5627960974715049,0.5561233606144578,0.5627960974715049,0.5561233606144578,0.5627960974715049,0.5561233606144578,0.5627960974715049,0.5561233606144578,0.5627960974715049,0.5561233606144578,0.5627960974715049,0.5561233606144578
0.0,0.68,0.68,0.68,0.7526978417266187,0.89,0.89,0.89,0.024469585128535545,0.08246351343838595,0.024469585128535545,0.08246351343838595,0.024469585128535545,0.08246351343838595,0.5917258154781501,0.5784711512955875,0.5917258154781501,0.5784711512955875,0.5917258154781501,0.5784711512955875,0.5917258154781501,0.5784711512955875,0.5917258154781501,0.5784711512955875,0.5917258154781501,0.5784711512955875,0.5917258154781501,0.5784711512955875,0.5917258154781501,0.5784711512955875,0.5917258154781501,0.5784711512955875
0.0,0.52,0.52,0.52,0.6806569343065694,0.86,0.86,0.86,0.02342289680114068,0.07796878361455727,0.02342289680114068,0.07796878361455727,0.02342289680114068,0.07796878361455727,0.4997092209549775,0.45734230687895816,0.4997092209549775,0.45734230687895816,0.4997092209549775,0.45734230687895816,0.4997092209549775,0.45734230687895816,0.4997092209549775,0.45734230687895816,0.4997092209549775,0.45734230687895816,0.4997092209549775,0.45734230687895816,0.4997092209549775,0.45734230687895816,0.4997092209549775,0.45734230687895816
0.0338164251207731,0.64,0.64,0.64,0.7004608294930875,0.87,0.87,0.87,0.12702042459319648,0.18186434099883086,0.12702042459319648,0.18186434099883086,0.12702042459319648,0.18186434099883086,0.5003984267819185,0.5332695119115249,0.5003984267819185,0.5332695119115249,0.5003984267819185,0.5332695119115249,0.5003984267819185,0.5332695119115249,0.5003984267819185,0.5332695119115249,0.5003984267819185,0.5332695119115249,0.5003984267819185,0.5332695119115249,0.5003984267819185,0.5332695119115249,0.5003984267819185,0.5332695119115249
0.1078838174273859,0.57,0.57,0.57,0.8251748251748252,0.94,0.94,0.94,0.24792376866553392,0.2193689157255261,0.24792376866553392,0.2193689157255261,0.24792376866553392,0.2193689157255261,0.6156941513032711,0.6196261272479046,0.6156941513032711,0.6196261272479046,0.6156941513032711,0.6196261272479046,0.6156941513032711,0.6196261272479046,0.6156941513032711,0.6196261272479046,0.6156941513032711,0.6196261272479046,0.6156941513032711,0.6196261272479046,0.6156941513032711,0.6196261272479046,0.6156941513032711,0.6196261272479046
0.2038216560509556,0.7,0.7,0.7,0.91701244813278,0.98,0.98,0.98,0.2393782456885978,0.2443130092391521,0.2393782456885978,0.2443130092391521,0.2393782456885978,0.2443130092391521,0.6856909360528443,0.6377607557124176,0.6856909360528443,0.6377607557124176,0.6856909360528443,0.6377607557124176,0.6856909360528443,0.6377607557124176,0.6856909360528443,0.6377607557124176,0.6856909360528443,0.6377607557124176,0.6856909360528443,0.6377607557124176,0.6856909360528443,0.6377607557124176,0.6856909360528443,0.6377607557124176
0.144736842105263,0.61,0.61,0.61,0.6332518337408313,0.88,0.88,0.88,0.18873135872969962,0.17452979314378075,0.18873135872969962,0.17452979314378075,0.18873135872969962,0.17452979314378075,0.7303179451007556,0.684154080771291,0.7303179451007556,0.684154080771291,0.7303179451007556,0.684154080771291,0.7303179451007556,0.684154080771291,0.7303179451007556,0.684154080771291,0.7303179451007556,0.684154080771291,0.7303179451007556,0.684154080771291,0.7303179451007556,0.684154080771291,0.7303179451007556,0.684154080771291
0.042027194066749,0.69,0.69,0.69,0.3001119820828667,0.75,0.75,0.75,-0.03269322015640219,-0.060088087305604596,-0.03269322015640219,-0.060088087305604596,-0.03269322015640219,-0.060088087305604596,0.6621112778127228,0.5683293471350149,0.6621112778127228,0.5683293471350149,0.6621112778127228,0.5683293471350149,0.6621112778127228,0.5683293471350149,0.6621112778127228,0.5683293471350149,0.6621112778127228,0.5683293471350149,0.6621112778127228,0.5683293471350149,0.6621112778127228,0.5683293471350149,0.6621112778127228,0.5683293471350149
0.0286546867411365,0.6,0.6,0.6,0.2484969939879759,0.7,0.7,0.7,0.08920644729615591,-0.033955253172047624,0.08920644729615591,-0.033955253172047624,0.08920644729615591,-0.033955253172047624,0.6945768302850943,0.5929389976343464,0.6945768302850943,0.5929389976343464,0.6945768302850943,0.5929389976343464,0.6945768302850943,0.5929389976343464,0.6945768302850943,0.5929389976343464,0.6945768302850943,0.5929389976343464,0.6945768302850943,0.5929389976343464,0.6945768302850943,0.5929389976343464,0.6945768302850943,0.5929389976343464
0.0,0.68,0.68,0.68,0.3243243243243243,0.79,0.79,0.79,-0.035746503632178704,-0.008944031553144695,-0.035746503632178704,-0.008944031553144695,-0.035746503632178704,-0.008944031553144695,0.587650444441951,0.6456088900256992,0.587650444441951,0.6456088900256992,0.587650444441951,0.6456088900256992,0.587650444441951,0.6456088900256992,0.587650444441951,0.6456088900256992,0.587650444441951,0.6456088900256992,0.587650444441951,0.6456088900256992,0.587650444441951,0.6456088900256992,0.587650444441951,0.6456088900256992
0.0,0.72,0.72,0.72,0.1701244813278009,0.84,0.84,0.84,-0.018142714208538364,-0.019647119753027138,-0.018142714208538364,-0.019647119753027138,-0.018142714208538364,-0.019647119753027138,0.7118308741011701,0.7466082662020541,0.7118308741011701,0.7466082662020541,0.7118308741011701,0.7466082662020541,0.7118308741011701,0.7466082662020541,0.7118308741011701,0.7466082662020541,0.7118308741011701,0.7466082662020541,0.7118308741011701,0.7466082662020541,0.7118308741011701,0.7466082662020541,0.7118308741011701,0.7466082662020541
0.288840262582057,0.74,0.74,0.74,0.0,0.68,0.68,0.68,0.19307069554051506,0.11465730440430744,0.19307069554051506,0.11465730440430744,0.19307069554051506,0.11465730440430744,0.5735838194896997,0.6533099170595253,0.5735838194896997,0.6533099170595253,0.5735838194896997,0.6533099170595253,0.5735838194896997,0.6533099170595253,0.5735838194896997,0.6533099170595253,0.5735838194896997,0.6533099170595253,0.5735838194896997,0.6533099170595253,0.5735838194896997,0.6533099170595253,0.5735838194896997,0.6533099170595253
0.436741767764298,0.74,0.74,0.74,0.0,0.56,0.56,0.56,0.21937507535077644,0.2139437591437592,0.21937507535077644,0.2139437591437592,0.21937507535077644,0.2139437591437592,0.6492358630501244,0.6568717225327981,0.6492358630501244,0.6568717225327981,0.6492358630501244,0.6568717225327981,0.6492358630501244,0.6568717225327981,0.6492358630501244,0.6568717225327981,0.6492358630501244,0.6568717225327981,0.6492358630501244,0.6568717225327981,0.6492358630501244,0.6568717225327981,0.6492358630501244,0.6568717225327981
0.5971563981042654,0.83,0.83,0.83,0.0,0.51,0.51,0.51,0.23376183775697526,0.16488750240902972,0.23376183775697526,0.16488750240902972,0.23376183775697526,0.16488750240902972,0.7484024140636606,0.720116835990067,0.7484024140636606,0.720116835990067,0.7484024140636606,0.720116835990067,0.7484024140636606,0.720116835990067,0.7484024140636606,0.720116835990067,0.7484024140636606,0.720116835990067,0.7484024140636606,0.720116835990067,0.7484024140636606,0.720116835990067,0.7484024140636606,0.720116835990067
0.7526978417266187,0.89,0.89,0.89,0.0,0.65,0.65,0.65,0.23948802937053787,0.19069021972869182,0.23948802937053787,0.19069021972869182,0.23948802937053787,0.19069021972869182,0.7625270969219707,0.7599178026734653,0.7625270969219707,0.7599178026734653,0.7625270969219707,0.7599178026734653,0.7625270969219707,0.7599178026734653,0.7625270969219707,0.7599178026734653,0.7625270969219707,0.7599178026734653,0.7625270969219707,0.7599178026734653,0.7625270969219707,0.7599178026734653,0.7625270969219707,0.7599178026734653
0.7058823529411765,0.92,0.92,0.92,0.0,0.58,0.58,0.58,0.32849307433321884,0.28959226331859056,0.32849307433321884,0.28959226331859056,0.32849307433321884,0.28959226331859056,0.702424547844356,0.6644531028800834,0.702424547844356,0.6644531028800834,0.702424547844356,0.6644531028800834,0.702424547844356,0.6644531028800834,0.702424547844356,0.6644531028800834,0.702424547844356,0.6644531028800834,0.702424547844356,0.6644531028800834,0.702424547844356,0.6644531028800834,0.702424547844356,0.6644531028800834
0.5387453874538746,0.85,0.85,0.85,0.0,0.66,0.66,0.66,0.6018418501809928,0.552000395460846,0.6018418501809928,0.552000395460846,0.6018418501809928,0.552000395460846,0.8847762895131558,0.8366253848174444,0.8847762895131558,0.8366253848174444,0.8847762895131558,0.8366253848174444,0.8847762895131558,0.8366253848174444,0.8847762895131558,0.8366253848174444,0.8847762895131558,0.8366253848174444,0.8847762895131558,0.8366253848174444,0.8847762895131558,0.8366253848174444,0.8847762895131558,0.8366253848174444
0.2651215375918598,0.74,0.74,0.74,0.0,0.54,0.54,0.54,0.6179441999864485,0.3445073712192196,0.6179441999864485,0.3445073712192196,0.6179441999864485,0.3445073712192196,0.830504935380853,0.7485757224788694,0.830504935380853,0.7485757224788694,0.830504935380853,0.7485757224788694,0.830504935380853,0.7485757224788694,0.830504935380853,0.7485757224788694,0.830504935380853,0.7485757224788694,0.830504935380853,0.7485757224788694,0.830504935380853,0.7485757224788694,0.830504935380853,0.7485757224788694
0.3642329778506974,0.69,0.69,0.69,0.0,0.68,0.68,0.68,0.616950384325826,0.623653301018782,0.616950384325826,0.623653301018782,0.616950384325826,0.623653301018782,0.7652510540228166,0.7653303998099572,0.7652510540228166,0.7653303998099572,0.7652510540228166,0.7653303998099572,0.7652510540228166,0.7653303998099572,0.7652510540228166,0.7653303998099572,0.7652510540228166,0.7653303998099572,0.7652510540228166,0.7653303998099572,0.7652510540228166,0.7653303998099572,0.7652510540228166,0.7653303998099572
0.4715447154471545,0.74,0.74,0.74,0.0,0.52,0.52,0.52,0.6684602265282024,0.6611521042045432,0.6684602265282024,0.6611521042045432,0.6684602265282024,0.6611521042045432,0.7917464172482751,0.7708412008393101,0.7917464172482751,0.7708412008393101,0.7917464172482751,0.7708412008393101,0.7917464172482751,0.7708412008393101,0.7917464172482751,0.7708412008393101,0.7917464172482751,0.7708412008393101,0.7917464172482751,0.7708412008393101,0.7917464172482751,0.7708412008393101,0.7917464172482751,0.7708412008393101
0.6384089995982323,0.82,0.82,0.82,0.0338164251207731,0.64,0.64,0.64,0.7733230358433655,0.7874711774480405,0.7733230358433655,0.7874711774480405,0.7733230358433655,0.7874711774480405,0.8789123822987771,0.8643537642730194,0.8789123822987771,0.8643537642730194,0.8789123822987771,0.8643537642730194,0.8789123822987771,0.8643537642730194,0.8789123822987771,0.8643537642730194,0.8789123822987771,0.8643537642730194,0.8789123822987771,0.8643537642730194,0.8789123822987771,0.8643537642730194,0.8789123822987771,0.8643537642730194
0.7967479674796748,0.9,0.9,0.9,0.1078838174273859,0.57,0.57,0.57,0.7039437843867551,0.7285727048749941,0.7039437843867551,0.7285727048749941,0.7039437843867551,0.7285727048749941,0.8456581041487321,0.8153463790741986,0.8456581041487321,0.8153463790741986,0.8456581041487321,0.8153463790741986,0.8456581041487321,0.8153463790741986,0.8456581041487321,0.8153463790741986,0.8456581041487321,0.8153463790741986,0.8456581041487321,0.8153463790741986,0.8456581041487321,0.8153463790741986,0.8456581041487321,0.8153463790741986
0.8155737704918032,0.91,0.91,0.91,0.2038216560509556,0.7,0.7,0.7,0.7355332916262215,0.674281679665188,0.7355332916262215,0.674281679665188,0.7355332916262215,0.674281679665188,0.8463674809244179,0.7957076085683842,0.8463674809244179,0.7957076085683842,0.8463674809244179,0.7957076085683842,0.8463674809244179,0.7957076085683842,0.8463674809244179,0.7957076085683842,0.8463674809244179,0.7957076085683842,0.8463674809244179,0.7957076085683842,0.8463674809244179,0.7957076085683842,0.8463674809244179,0.7957076085683842
0.7047244094488189,0.85,0.85,0.85,0.144736842105263,0.61,0.61,0.61,0.6674823855006569,0.6490416580088529,0.6674823855006569,0.6490416580088529,0.6674823855006569,0.6490416580088529,0.8269073825668175,0.8184575546015791,0.8269073825668175,0.8184575546015791,0.8269073825668175,0.8184575546015791,0.8269073825668175,0.8184575546015791,0.8269073825668175,0.8184575546015791,0.8269073825668175,0.8184575546015791,0.8269073825668175,0.8184575546015791,0.8269073825668175,0.8184575546015791,0.8269073825668175,0.8184575546015791
0.7245762711864407,0.87,0.87,0.87,0.042027194066749,0.69,0.69,0.69,0.7757643722827171,0.7591607007261374,0.7757643722827171,0.7591607007261374,0.7757643722827171,0.7591607007261374,0.9266774984928404,0.9224457185768584,0.9266774984928404,0.9224457185768584,0.9266774984928404,0.9224457185768584,0.9266774984928404,0.9224457185768584,0.9266774984928404,0.9224457185768584,0.9266774984928404,0.9224457185768584,0.9266774984928404,0.9224457185768584,0.9266774984928404,0.9224457185768584,0.9266774984928404,0.9224457185768584
0.8109640831758034,0.92,0.92,0.92,0.0286546867411365,0.6,0.6,0.6,0.7429034828951017,0.7179823742334266,0.7429034828951017,0.7179823742334266,0.7429034828951017,0.7179823742334266,0.8990927385314196,0.8846975877982537,0.8990927385314196,0.8846975877982537,0.8990927385314196,0.8846975877982537,0.8990927385314196,0.8846975877982537,0.8990927385314196,0.8846975877982537,0.8990927385314196,0.8846975877982537,0.8990927385314196,0.8846975877982537,0.8990927385314196,0.8846975877982537,0.8990927385314196,0.8846975877982537
0.2222222222222222,0.86,0.86,0.86,0.0,0.68,0.68,0.68,0.6106892900661068,0.5067619446282547,0.6106892900661068,0.5067619446282547,0.6106892900661068,0.5067619446282547,0.8631419899335746,0.8332383953622126,0.8631419899335746,0.8332383953622126,0.8631419899335746,0.8332383953622126,0.8631419899335746,0.8332383953622126,0.8631419899335746,0.8332383953622126,0.8631419899335746,0.8332383953622126,0.8631419899335746,0.8332383953622126,0.8631419899335746,0.8332383953622126,0.8631419899335746,0.8332383953622126
0.5591939546599496,0.86,0.86,0.86,0.0,0.72,0.72,0.72,0.5255362176732196,0.38797659987882116,0.5255362176732196,0.38797659987882116,0.5255362176732196,0.38797659987882116,0.7133775364513719,0.7270947316735394,0.7133775364513719,0.7270947316735394,0.7133775364513719,0.7270947316735394,0.7133775364513719,0.7270947316735394,0.7133775364513719,0.7270947316735394,0.7133775364513719,0.7270947316735394,0.7133775364513719,0.7270947316735394,0.7133775364513719,0.7270947316735394,0.7133775364513719,0.7270947316735394
0.5974955277280858,0.82,0.82,0.82,0.288840262582057,0.74,0.74,0.74,0.6412076688137751,0.615622689912747,0.6412076688137751,0.615622689912747,0.6412076688137751,0.615622689912747,0.7168302412583829,0.7480280069818692,0.7168302412583829,0.7480280069818692,0.7168302412583829,0.7480280069818692,0.7168302412583829,0.7480280069818692,0.7168302412583829,0.7480280069818692,0.7168302412583829,0.7480280069818692,0.7168302412583829,0.7480280069818692,0.7168302412583829,0.7480280069818692,0.7168302412583829,0.7480280069818692
0.6483516483516483,0.84,0.84,0.84,0.436741767764298,0.74,0.74,0.74,0.7007428672071495,0.7154765627030235,0.7007428672071495,0.7154765627030235,0.7007428672071495,0.7154765627030235,0.7961088220528192,0.8438213568825036,0.7961088220528192,0.8438213568825036,0.7961088220528192,0.8438213568825036,0.7961088220528192,0.8438213568825036,0.7961088220528192,0.8438213568825036,0.7961088220528192,0.8438213568825036,0.7961088220528192,0.8438213568825036,0.7961088220528192,0.8438213568825036,0.7961088220528192,0.8438213568825036
0.6893031513537506,0.86,0.86,0.86,0.5971563981042654,0.83,0.83,0.83,0.7431321339594145,0.768493529070748,0.7431321339594145,0.768493529070748,0.7431321339594145,0.768493529070748,0.8323558915537599,0.8730623063492081,0.8323558915537599,0.8730623063492081,0.8323558915537599,0.8730623063492081,0.8323558915537599,0.8730623063492081,0.8323558915537599,0.8730623063492081,0.8323558915537599,0.8730623063492081,0.8323558915537599,0.8730623063492081,0.8323558915537599,0.8730623063492081,0.8323558915537599,0.8730623063492081
0.6887966804979253,0.91,0.91,0.91,0.7526978417266187,0.89,0.89,0.89,0.7248305721243304,0.6967487005047153,0.7248305721243304,0.6967487005047153,0.7248305721243304,0.6967487005047153,0.8045270575615259,0.8202246210272112,0.8045270575615259,0.8202246210272112,0.8045270575615259,0.8202246210272112,0.8045270575615259,0.8202246210272112,0.8045270575615259,0.8202246210272112,0.8045270575615259,0.8202246210272112,0.8045270575615259,0.8202246210272112,0.8045270575615259,0.8202246210272112,0.8045270575615259,0.8202246210272112
0.6887966804979253,0.91,0.91,0.91,0.7058823529411765,0.92,0.92,0.92,0.7171250582742333,0.7270891913115843,0.7171250582742333,0.7270891913115843,0.7171250582742333,0.7270891913115843,0.8699369197991825,0.8629916324535896,0.8699369197991825,0.8629916324535896,0.8699369197991825,0.8629916324535896,0.8699369197991825,0.8629916324535896,0.8699369197991825,0.8629916324535896,0.8699369197991825,0.8629916324535896,0.8699369197991825,0.8629916324535896,0.8699369197991825,0.8629916324535896,0.8699369197991825,0.8629916324535896
0.5149253731343283,0.87,0.87,0.87,0.5387453874538746,0.85,0.85,0.85,0.5425976376385823,0.32748565214928044,0.5425976376385823,0.32748565214928044,0.5425976376385823,0.32748565214928044,0.801158922737719,0.8124813839379336,0.801158922737719,0.8124813839379336,0.801158922737719,0.8124813839379336,0.801158922737719,0.8124813839379336,0.801158922737719,0.8124813839379336,0.801158922737719,0.8124813839379336,0.801158922737719,0.8124813839379336,0.801158922737719,0.8124813839379336,0.801158922737719,0.8124813839379336
0.5612110574813515,0.8,0.8,0.8,0.2651215375918598,0.74,0.74,0.74,0.7377297470088376,0.7006287365697693,0.7377297470088376,0.7006287365697693,0.7377297470088376,0.7006287365697693,0.7651397979902873,0.7511951821937787,0.7651397979902873,0.7511951821937787,0.7651397979902873,0.7511951821937787,0.7651397979902873,0.7511951821937787,0.7651397979902873,0.7511951821937787,0.7651397979902873,0.7511951821937787,0.7651397979902873,0.7511951821937787,0.7651397979902873,0.7511951821937787,0.7651397979902873,0.7511951821937787
0.463519313304721,0.75,0.75,0.75,0.3642329778506974,0.69,0.69,0.69,0.6930999736021666,0.6448057263311818,0.6930999736021666,0.6448057263311818,0.6930999736021666,0.6448057263311818,0.8206173846441994,0.8415385278528502,0.8206173846441994,0.8415385278528502,0.8206173846441994,0.8415385278528502,0.8206173846441994,0.8415385278528502,0.8206173846441994,0.8415385278528502,0.8206173846441994,0.8415385278528502,0.8206173846441994,0.8415385278528502,0.8206173846441994,0.8415385278528502,0.8206173846441994,0.8415385278528502
0.6020692399522484,0.8,0.8,0.8,0.4715447154471545,0.74,0.74,0.74,0.7341997381721437,0.7122626173391552,0.7341997381721437,0.7122626173391552,0.7341997381721437,0.7122626173391552,0.8441773031078917,0.8400715203145331,0.8441773031078917,0.8400715203145331,0.8441773031078917,0.8400715203145331,0.8441773031078917,0.8400715203145331,0.8441773031078917,0.8400715203145331,0.8441773031078917,0.8400715203145331,0.8441773031078917,0.8400715203145331,0.8441773031078917,0.8400715203145331,0.8441773031078917,0.8400715203145331
0.6065057712486883,0.85,0.85,0.85,0.6384089995982323,0.82,0.82,0.82,0.7733978411309185,0.6906932032035232,0.7733978411309185,0.6906932032035232,0.7733978411309185,0.6906932032035232,0.9374746135815206,0.9205506837355475,0.9374746135815206,0.9205506837355475,0.9374746135815206,0.9205506837355475,0.9374746135815206,0.9205506837355475,0.9374746135815206,0.9205506837355475,0.9374746135815206,0.9205506837355475,0.9374746135815206,0.9205506837355475,0.9374746135815206,0.9205506837355475,0.9374746135815206,0.9205506837355475
0.419889502762431,0.79,0.79,0.79,0.7967479674796748,0.9,0.9,0.9,0.7212074259860131,0.6976404774644058,0.7212074259860131,0.6976404774644058,0.7212074259860131,0.6976404774644058,0.8960363686463417,0.8930139190472486,0.8960363686463417,0.8930139190472486,0.8960363686463417,0.8930139190472486,0.8960363686463417,0.8930139190472486,0.8960363686463417,0.8930139190472486,0.8960363686463417,0.8930139190472486,0.8960363686463417,0.8930139190472486,0.8960363686463417,0.8930139190472486,0.8960363686463417,0.8930139190472486
0.4117647058823529,0.8,0.8,0.8,0.8155737704918032,0.91,0.91,0.91,0.6647720899065919,0.4977621908938126,0.6647720899065919,0.4977621908938126,0.6647720899065919,0.4977621908938126,0.8037041463308628,0.7534508863241389,0.8037041463308628,0.7534508863241389,0.8037041463308628,0.7534508863241389,0.8037041463308628,0.7534508863241389,0.8037041463308628,0.7534508863241389,0.8037041463308628,0.7534508863241389,0.8037041463308628,0.7534508863241389,0.8037041463308628,0.7534508863241389,0.8037041463308628,0.7534508863241389
0.4689542483660129,0.74,0.74,0.74,0.7047244094488189,0.85,0.85,0.85,0.6832804967932566,0.6701640083169031,0.6832804967932566,0.6701640083169031,0.6832804967932566,0.6701640083169031,0.8152444109834629,0.8033596919680545,0.8152444109834629,0.8033596919680545,0.8152444109834629,0.8033596919680545,0.8152444109834629,0.8033596919680545,0.8152444109834629,0.8033596919680545,0.8152444109834629,0.8033596919680545,0.8152444109834629,0.8033596919680545,0.8152444109834629,0.8033596919680545,0.8152444109834629,0.8033596919680545
0.6014348345954563,0.8,0.8,0.8,0.7245762711864407,0.87,0.87,0.87,0.6763238669441554,0.6928217458721002,0.6763238669441554,0.6928217458721002,0.6763238669441554,0.6928217458721002,0.8446301066367107,0.8530330391496895,0.8446301066367107,0.8530330391496895,0.8446301066367107,0.8530330391496895,0.8446301066367107,0.8530330391496895,0.8446301066367107,0.8530330391496895,0.8446301066367107,0.8530330391496895,0.8446301066367107,0.8530330391496895,0.8446301066367107,0.8530330391496895,0.8446301066367107,0.8530330391496895
0.5779742765273312,0.79,0.79,0.79,0.8109640831758034,0.92,0.92,0.92,0.6840381943106794,0.7102304716305659,0.6840381943106794,0.7102304716305659,0.6840381943106794,0.7102304716305659,0.8475172880665911,0.841169298798039,0.8475172880665911,0.841169298798039,0.8475172880665911,0.841169298798039,0.8475172880665911,0.841169298798039,0.8475172880665911,0.841169298798039,0.8475172880665911,0.841169298798039,0.8475172880665911,0.841169298798039,0.8475172880665911,0.841169298798039,0.8475172880665911,0.841169298798039
0.6856581532416504,0.84,0.84,0.84,0.2222222222222222,0.86,0.86,0.86,0.7574172146461453,0.7457966294728124,0.7574172146461453,0.7457966294728124,0.7574172146461453,0.7457966294728124,0.9089981705513435,0.9158741458642541,0.9089981705513435,0.9158741458642541,0.9089981705513435,0.9158741458642541,0.9089981705513435,0.9158741458642541,0.9089981705513435,0.9158741458642541,0.9089981705513435,0.9158741458642541,0.9089981705513435,0.9158741458642541,0.9089981705513435,0.9158741458642541,0.9089981705513435,0.9158741458642541
0.6822033898305084,0.85,0.85,0.85,0.5591939546599496,0.86,0.86,0.86,0.7277551762586797,0.7278515494907329,0.7277551762586797,0.7278515494907329,0.7277551762586797,0.7278515494907329,0.877044990956232,0.8657267556666373,0.877044990956232,0.8657267556666373,0.877044990956232,0.8657267556666373,0.877044990956232,0.8657267556666373,0.877044990956232,0.8657267556666373,0.877044990956232,0.8657267556666373,0.877044990956232,0.8657267556666373,0.877044990956232,0.8657267556666373,0.877044990956232,0.8657267556666373
0.8,0.9,0.9,0.9,0.5974955277280858,0.82,0.82,0.82,0.7549014328118724,0.7588598005826845,0.7549014328118724,0.7588598005826845,0.7549014328118724,0.7588598005826845,0.807266963486451,0.8222754400828971,0.807266963486451,0.8222754400828971,0.807266963486451,0.8222754400828971,0.807266963486451,0.8222754400828971,0.807266963486451,0.8222754400828971,0.807266963486451,0.8222754400828971,0.807266963486451,0.8222754400828971,0.807266963486451,0.8222754400828971,0.807266963486451,0.8222754400828971
0.7842761265580057,0.91,0.91,0.91,0.6483516483516483,0.84,0.84,0.84,0.7453612041437239,0.698981868510521,0.7453612041437239,0.698981868510521,0.7453612041437239,0.698981868510521,0.7775882163410827,0.7905600075414122,0.7775882163410827,0.7905600075414122,0.7775882163410827,0.7905600075414122,0.7775882163410827,0.7905600075414122,0.7775882163410827,0.7905600075414122,0.7775882163410827,0.7905600075414122,0.7775882163410827,0.7905600075414122,0.7775882163410827,0.7905600075414122,0.7775882163410827,0.7905600075414122
0.6652935118434604,0.87,0.87,0.87,0.6893031513537506,0.86,0.86,0.86,0.6504393338386929,0.5054686560737659,0.6504393338386929,0.5054686560737659,0.6504393338386929,0.5054686560737659,0.7395721724185643,0.7135210029871218,0.7395721724185643,0.7135210029871218,0.7395721724185643,0.7135210029871218,0.7395721724185643,0.7135210029871218,0.7395721724185643,0.7135210029871218,0.7395721724185643,0.7135210029871218,0.7395721724185643,0.7135210029871218,0.7395721724185643,0.7135210029871218,0.7395721724185643,0.7135210029871218
0.2727272727272727,0.8,0.8,0.8,0.6887966804979253,0.91,0.91,0.91,0.2282246920155406,0.32314390916165564,0.2282246920155406,0.32314390916165564,0.2282246920155406,0.32314390916165564,0.6926134595725479,0.658532038564465,0.6926134595725479,0.658532038564465,0.6926134595725479,0.658532038564465,0.6926134595725479,0.658532038564465,0.6926134595725479,0.658532038564465,0.6926134595725479,0.658532038564465,0.6926134595725479,0.658532038564465,0.6926134595725479,0.658532038564465,0.6926134595725479,0.658532038564465
0.1132723112128144,0.69,0.69,0.69,0.6887966804979253,0.91,0.91,0.91,0.2415117649402323,0.30239296310995056,0.2415117649402323,0.30239296310995056,0.2415117649402323,0.30239296310995056,0.7025970556165106,0.7116954911887144,0.7025970556165106,0.7116954911887144,0.7025970556165106,0.7116954911887144,0.7025970556165106,0.7116954911887144,0.7025970556165106,0.7116954911887144,0.7025970556165106,0.7116954911887144,0.7025970556165106,0.7116954911887144,0.7025970556165106,0.7116954911887144,0.7025970556165106,0.7116954911887144
0.120508982035928,0.53,0.53,0.53,0.5149253731343283,0.87,0.87,0.87,0.525842461030592,0.46035580544765153,0.525842461030592,0.46035580544765153,0.525842461030592,0.46035580544765153,0.7434037371437193,0.7327886269960627,0.7434037371437193,0.7327886269960627,0.7434037371437193,0.7327886269960627,0.7434037371437193,0.7327886269960627,0.7434037371437193,0.7327886269960627,0.7434037371437193,0.7327886269960627,0.7434037371437193,0.7327886269960627,0.7434037371437193,0.7327886269960627,0.7434037371437193,0.7327886269960627
0.1379310344827585,0.54,0.54,0.54,0.5612110574813515,0.8,0.8,0.8,0.6492216382751,0.6517756825061265,0.6492216382751,0.6517756825061265,0.6492216382751,0.6517756825061265,0.7479399138536665,0.7804490302518508,0.7479399138536665,0.7804490302518508,0.7479399138536665,0.7804490302518508,0.7479399138536665,0.7804490302518508,0.7479399138536665,0.7804490302518508,0.7479399138536665,0.7804490302518508,0.7479399138536665,0.7804490302518508,0.7479399138536665,0.7804490302518508,0.7479399138536665,0.7804490302518508
0.231678486997636,0.61,0.61,0.61,0.463519313304721,0.75,0.75,0.75,0.7057986234935091,0.669161378111525,0.7057986234935091,0.669161378111525,0.7057986234935091,0.669161378111525,0.7661915325226942,0.8574245085412139,0.7661915325226942,0.8574245085412139,0.7661915325226942,0.8574245085412139,0.7661915325226942,0.8574245085412139,0.7661915325226942,0.8574245085412139,0.7661915325226942,0.8574245085412139,0.7661915325226942,0.8574245085412139,0.7661915325226942,0.8574245085412139,0.7661915325226942,0.8574245085412139
0.40015479876161,0.69,0.69,0.69,0.6020692399522484,0.8,0.8,0.8,0.6765440783900686,0.6636795098645957,0.6765440783900686,0.6636795098645957,0.6765440783900686,0.6636795098645957,0.7329046537433553,0.7753595526654089,0.7329046537433553,0.7753595526654089,0.7329046537433553,0.7753595526654089,0.7329046537433553,0.7753595526654089,0.7329046537433553,0.7753595526654089,0.7329046537433553,0.7753595526654089,0.7329046537433553,0.7753595526654089,0.7329046537433553,0.7753595526654089,0.7329046537433553,0.7753595526654089
0.4589552238805969,0.71,0.71,0.71,0.6065057712486883,0.85,0.85,0.85,0.6597810240416597,0.6597985832961442,0.6597810240416597,0.6597985832961442,0.6597810240416597,0.6597985832961442,0.8034642332781885,0.7678882844714351,0.8034642332781885,0.7678882844714351,0.8034642332781885,0.7678882844714351,0.8034642332781885,0.7678882844714351,0.8034642332781885,0.7678882844714351,0.8034642332781885,0.7678882844714351,0.8034642332781885,0.7678882844714351,0.8034642332781885,0.7678882844714351,0.8034642332781885,0.7678882844714351
0.5769540692989525,0.79,0.79,0.79,0.419889502762431,0.79,0.79,0.79,0.6938645421121797,0.666372240286935,0.6938645421121797,0.666372240286935,0.6938645421121797,0.666372240286935,0.7472180932741552,0.768347938543279,0.7472180932741552,0.768347938543279,0.7472180932741552,0.768347938543279,0.7472180932741552,0.768347938543279,0.7472180932741552,0.768347938543279,0.7472180932741552,0.768347938543279,0.7472180932741552,0.768347938543279,0.7472180932741552,0.768347938543279,0.7472180932741552,0.768347938543279
0.6998284734133791,0.86,0.86,0.86,0.4117647058823529,0.8,0.8,0.8,0.7282081689489707,0.7618467899528721,0.7282081689489707,0.7618467899528721,0.7282081689489707,0.7618467899528721,0.8060393584750302,0.8253431977983884,0.8060393584750302,0.8253431977983884,0.8060393584750302,0.8253431977983884,0.8060393584750302,0.8253431977983884,0.8060393584750302,0.8253431977983884,0.8060393584750302,0.8253431977983884,0.8060393584750302,0.8253431977983884,0.8060393584750302,0.8253431977983884,0.8060393584750302,0.8253431977983884
0.7629208155523945,0.9,0.9,0.9,0.4689542483660129,0.74,0.74,0.74,0.750907079985135,0.7142071368462859,0.750907079985135,0.7142071368462859,0.750907079985135,0.7142071368462859,0.8077156436897485,0.804892839900118,0.8077156436897485,0.804892839900118,0.8077156436897485,0.804892839900118,0.8077156436897485,0.804892839900118,0.8077156436897485,0.804892839900118,0.8077156436897485,0.804892839900118,0.8077156436897485,0.804892839900118,0.8077156436897485,0.804892839900118,0.8077156436897485,0.804892839900118
0.6755002704164412,0.88,0.88,0.88,0.6014348345954563,0.8,0.8,0.8,0.7365907642543517,0.50739969783291,0.7365907642543517,0.50739969783291,0.7365907642543517,0.50739969783291,0.8297594365492221,0.7017334902321728,0.8297594365492221,0.7017334902321728,0.8297594365492221,0.7017334902321728,0.8297594365492221,0.7017334902321728,0.8297594365492221,0.7017334902321728,0.8297594365492221,0.7017334902321728,0.8297594365492221,0.7017334902321728,0.8297594365492221,0.7017334902321728,0.8297594365492221,0.7017334902321728
0.4183631076028251,0.72,0.72,0.72,0.5779742765273312,0.79,0.79,0.79,0.6979058636653351,0.4899594852333428,0.6979058636653351,0.4899594852333428,0.6979058636653351,0.4899594852333428,0.7458172353972927,0.6791467032246662,0.7458172353972927,0.6791467032246662,0.7458172353972927,0.6791467032246662,0.7458172353972927,0.6791467032246662,0.7458172353972927,0.6791467032246662,0.7458172353972927,0.6791467032246662,0.7458172353972927,0.6791467032246662,0.7458172353972927,0.6791467032246662,0.7458172353972927,0.6791467032246662
0.3801652892561983,0.67,0.67,0.67,0.6856581532416504,0.84,0.84,0.84,0.6866398998154513,0.6274138968013497,0.6866398998154513,0.6274138968013497,0.6866398998154513,0.6274138968013497,0.7250798273889529,0.7295331516937359,0.7250798273889529,0.7295331516937359,0.7250798273889529,0.7295331516937359,0.7250798273889529,0.7295331516937359,0.7250798273889529,0.7295331516937359,0.7250798273889529,0.7295331516937359,0.7250798273889529,0.7295331516937359,0.7250798273889529,0.7295331516937359,0.7250798273889529,0.7295331516937359
0.4943820224719102,0.73,0.73,0.73,0.6822033898305084,0.85,0.85,0.85,0.6944104322305357,0.6844520866715009,0.6944104322305357,0.6844520866715009,0.6944104322305357,0.6844520866715009,0.7805421551175216,0.8358723904875003,0.7805421551175216,0.8358723904875003,0.7805421551175216,0.8358723904875003,0.7805421551175216,0.8358723904875003,0.7805421551175216,0.8358723904875003,0.7805421551175216,0.8358723904875003,0.7805421551175216,0.8358723904875003,0.7805421551175216,0.8358723904875003,0.7805421551175216,0.8358723904875003
0.7042586750788644,0.85,0.85,0.85,0.8,0.9,0.9,0.9,0.7563481763696105,0.7547165409830253,0.7563481763696105,0.7547165409830253,0.7563481763696105,0.7547165409830253,0.8031208853944459,0.8699998997690329,0.8031208853944459,0.8699998997690329,0.8031208853944459,0.8699998997690329,0.8031208853944459,0.8699998997690329,0.8031208853944459,0.8699998997690329,0.8031208853944459,0.8699998997690329,0.8031208853944459,0.8699998997690329,0.8031208853944459,0.8699998997690329,0.8031208853944459,0.8699998997690329
0.837962962962963,0.93,0.93,0.93,0.7842761265580057,0.91,0.91,0.91,0.7233388326414972,0.665252086426343,0.7233388326414972,0.665252086426343,0.7233388326414972,0.665252086426343,0.7635393861313335,0.8330122029892398,0.7635393861313335,0.8330122029892398,0.7635393861313335,0.8330122029892398,0.7635393861313335,0.8330122029892398,0.7635393861313335,0.8330122029892398,0.7635393861313335,0.8330122029892398,0.7635393861313335,0.8330122029892398,0.7635393861313335,0.8330122029892398,0.7635393861313335,0.8330122029892398
0.6962616822429906,0.87,0.87,0.87,0.6652935118434604,0.87,0.87,0.87,0.7142062276299639,0.6976715066951324,0.7142062276299639,0.6976715066951324,0.7142062276299639,0.6976715066951324,0.7940066581956495,0.8615404661916908,0.7940066581956495,0.8615404661916908,0.7940066581956495,0.8615404661916908,0.7940066581956495,0.8615404661916908,0.7940066581956495,0.8615404661916908,0.7940066581956495,0.8615404661916908,0.7940066581956495,0.8615404661916908,0.7940066581956495,0.8615404661916908,0.7940066581956495,0.8615404661916908
0.5572772551189817,0.84,0.84,0.84,0.2727272727272727,0.8,0.8,0.8,0.6569171903709515,0.46428040579409124,0.6569171903709515,0.46428040579409124,0.6569171903709515,0.46428040579409124,0.7696765699606816,0.779645405443448,0.7696765699606816,0.779645405443448,0.7696765699606816,0.779645405443448,0.7696765699606816,0.779645405443448,0.7696765699606816,0.779645405443448,0.7696765699606816,0.779645405443448,0.7696765699606816,0.779645405443448,0.7696765699606816,0.779645405443448,0.7696765699606816,0.779645405443448
0.4700460829493088,0.77,0.77,0.77,0.1132723112128144,0.69,0.69,0.69,0.6224733130760797,0.4005332907470636,0.6224733130760797,0.4005332907470636,0.6224733130760797,0.4005332907470636,0.738922051342789,0.7283582362294437,0.738922051342789,0.7283582362294437,0.738922051342789,0.7283582362294437,0.738922051342789,0.7283582362294437,0.738922051342789,0.7283582362294437,0.738922051342789,0.7283582362294437,0.738922051342789,0.7283582362294437,0.738922051342789,0.7283582362294437,0.738922051342789,0.7283582362294437
0.5055889939810834,0.77,0.77,0.77,0.120508982035928,0.53,0.53,0.53,0.6691277034010135,0.5020470178720678,0.6691277034010135,0.5020470178720678,0.6691277034010135,0.5020470178720678,0.8487425771165139,0.7757203400340276,0.8487425771165139,0.7757203400340276,0.8487425771165139,0.7757203400340276,0.8487425771165139,0.7757203400340276,0.8487425771165139,0.7757203400340276,0.8487425771165139,0.7757203400340276,0.8487425771165139,0.7757203400340276,0.8487425771165139,0.7757203400340276,0.8487425771165139,0.7757203400340276
0.6778091018928716,0.84,0.84,0.84,0.1379310344827585,0.54,0.54,0.54,0.7370395634614221,0.4714503096296658,0.7370395634614221,0.4714503096296658,0.7370395634614221,0.4714503096296658,0.8537215150888872,0.7683529508252491,0.8537215150888872,0.7683529508252491,0.8537215150888872,0.7683529508252491,0.8537215150888872,0.7683529508252491,0.8537215150888872,0.7683529508252491,0.8537215150888872,0.7683529508252491,0.8537215150888872,0.7683529508252491,0.8537215150888872,0.7683529508252491,0.8537215150888872,0.7683529508252491
0.6341463414634146,0.82,0.82,0.82,0.231678486997636,0.61,0.61,0.61,0.7437969249084172,0.4898413059654409,0.7437969249084172,0.4898413059654409,0.7437969249084172,0.4898413059654409,0.8331399383023746,0.7050704836697447,0.8331399383023746,0.7050704836697447,0.8331399383023746,0.7050704836697447,0.8331399383023746,0.7050704836697447,0.8331399383023746,0.7050704836697447,0.8331399383023746,0.7050704836697447,0.8331399383023746,0.7050704836697447,0.8331399383023746,0.7050704836697447,0.8331399383023746,0.7050704836697447
0.5009596928982725,0.74,0.74,0.74,0.40015479876161,0.69,0.69,0.69,0.7298345225123912,0.5258724088724336,0.7298345225123912,0.5258724088724336,0.7298345225123912,0.5258724088724336,0.8292270969735823,0.7081332773057598,0.8292270969735823,0.7081332773057598,0.8292270969735823,0.7081332773057598,0.8292270969735823,0.7081332773057598,0.8292270969735823,0.7081332773057598,0.8292270969735823,0.7081332773057598,0.8292270969735823,0.7081332773057598,0.8292270969735823,0.7081332773057598,0.8292270969735823,0.7081332773057598
0.4743226849979781,0.74,0.74,0.74,0.4589552238805969,0.71,0.71,0.71,0.613375518197779,0.616885250374668,0.613375518197779,0.616885250374668,0.613375518197779,0.616885250374668,0.7084595486228523,0.7425475388029867,0.7084595486228523,0.7425475388029867,0.7084595486228523,0.7425475388029867,0.7084595486228523,0.7425475388029867,0.7084595486228523,0.7425475388029867,0.7084595486228523,0.7425475388029867,0.7084595486228523,0.7425475388029867,0.7084595486228523,0.7425475388029867,0.7084595486228523,0.7425475388029867
0.5569620253164558,0.79,0.79,0.79,0.5769540692989525,0.79,0.79,0.79,0.6457999024018883,0.4014148081383009,0.6457999024018883,0.4014148081383009,0.6457999024018883,0.4014148081383009,0.7172184616069947,0.6911202496582273,0.7172184616069947,0.6911202496582273,0.7172184616069947,0.6911202496582273,0.7172184616069947,0.6911202496582273,0.7172184616069947,0.6911202496582273,0.7172184616069947,0.6911202496582273,0.7172184616069947,0.6911202496582273,0.7172184616069947,0.6911202496582273,0.7172184616069947,0.6911202496582273
0.6248896734333628,0.83,0.83,0.83,0.6998284734133791,0.86,0.86,0.86,0.6714443267419877,0.4010740890642343,0.6714443267419877,0.4010740890642343,0.6714443267419877,0.4010740890642343,0.7705368626064738,0.7606941478554773,0.7705368626064738,0.7606941478554773,0.7705368626064738,0.7606941478554773,0.7705368626064738,0.7606941478554773,0.7705368626064738,0.7606941478554773,0.7705368626064738,0.7606941478554773,0.7705368626064738,0.7606941478554773,0.7705368626064738,0.7606941478554773,0.7705368626064738,0.7606941478554773
0.3510506798516687,0.79,0.79,0.79,0.7629208155523945,0.9,0.9,0.9,0.6339013563963658,0.39439128120612826,0.6339013563963658,0.39439128120612826,0.6339013563963658,0.39439128120612826,0.726405502029912,0.7398742128791073,0.726405502029912,0.7398742128791073,0.726405502029912,0.7398742128791073,0.726405502029912,0.7398742128791073,0.726405502029912,0.7398742128791073,0.726405502029912,0.7398742128791073,0.726405502029912,0.7398742128791073,0.726405502029912,0.7398742128791073,0.726405502029912,0.7398742128791073
0.3181818181818181,0.73,0.73,0.73,0.6755002704164412,0.88,0.88,0.88,0.6374861977564126,0.4286973818553759,0.6374861977564126,0.4286973818553759,0.6374861977564126,0.4286973818553759,0.7605801731653664,0.76823065462953,0.7605801731653664,0.76823065462953,0.7605801731653664,0.76823065462953,0.7605801731653664,0.76823065462953,0.7605801731653664,0.76823065462953,0.7605801731653664,0.76823065462953,0.7605801731653664,0.76823065462953,0.7605801731653664,0.76823065462953,0.7605801731653664,0.76823065462953
0.3788819875776397,0.74,0.74,0.74,0.4183631076028251,0.72,0.72,0.72,0.6171530252761666,0.42272004700461413,0.6171530252761666,0.42272004700461413,0.6171530252761666,0.42272004700461413,0.7808310576651712,0.6999636744203898,0.7808310576651712,0.6999636744203898,0.7808310576651712,0.6999636744203898,0.7808310576651712,0.6999636744203898,0.7808310576651712,0.6999636744203898,0.7808310576651712,0.6999636744203898,0.7808310576651712,0.6999636744203898,0.7808310576651712,0.6999636744203898,0.7808310576651712,0.6999636744203898
0.4751166407465007,0.73,0.73,0.73,0.3801652892561983,0.67,0.67,0.67,0.6762013006604596,0.4158361869769627,0.6762013006604596,0.4158361869769627,0.6762013006604596,0.4158361869769627,0.7487483472642639,0.7027128193186575,0.7487483472642639,0.7027128193186575,0.7487483472642639,0.7027128193186575,0.7487483472642639,0.7027128193186575,0.7487483472642639,0.7027128193186575,0.7487483472642639,0.7027128193186575,0.7487483472642639,0.7027128193186575,0.7487483472642639,0.7027128193186575,0.7487483472642639,0.7027128193186575
0.5957446808510638,0.81,0.81,0.81,0.4943820224719102,0.73,0.73,0.73,0.7163505005994852,0.4552793791205431,0.7163505005994852,0.4552793791205431,0.7163505005994852,0.4552793791205431,0.7881258138784214,0.7515076264730599,0.7881258138784214,0.7515076264730599,0.7881258138784214,0.7515076264730599,0.7881258138784214,0.7515076264730599,0.7881258138784214,0.7515076264730599,0.7881258138784214,0.7515076264730599,0.7881258138784214,0.7515076264730599,0.7881258138784214,0.7515076264730599,0.7881258138784214,0.7515076264730599
0.4465648854961832,0.71,0.71,0.71,0.7042586750788644,0.85,0.85,0.85,0.7055089788907756,0.43858806152530855,0.7055089788907756,0.43858806152530855,0.7055089788907756,0.43858806152530855,0.8028156955663388,0.7032339015615465,0.8028156955663388,0.7032339015615465,0.8028156955663388,0.7032339015615465,0.8028156955663388,0.7032339015615465,0.8028156955663388,0.7032339015615465,0.8028156955663388,0.7032339015615465,0.8028156955663388,0.7032339015615465,0.8028156955663388,0.7032339015615465,0.8028156955663388,0.7032339015615465
0.5669291338582677,0.78,0.78,0.78,0.837962962962963,0.93,0.93,0.93,0.6793674192354272,0.5040781125727721,0.6793674192354272,0.5040781125727721,0.6793674192354272,0.5040781125727721,0.817572881484911,0.7200110443738673,0.817572881484911,0.7200110443738673,0.817572881484911,0.7200110443738673,0.817572881484911,0.7200110443738673,0.817572881484911,0.7200110443738673,0.817572881484911,0.7200110443738673,0.817572881484911,0.7200110443738673,0.817572881484911,0.7200110443738673,0.817572881484911,0.7200110443738673
0.562071591774562,0.77,0.77,0.77,0.6962616822429906,0.87,0.87,0.87,0.7315167943755065,0.5153316239257181,0.7315167943755065,0.5153316239257181,0.7315167943755065,0.5153316239257181,0.8379928126649677,0.7086824388560895,0.8379928126649677,0.7086824388560895,0.8379928126649677,0.7086824388560895,0.8379928126649677,0.7086824388560895,0.8379928126649677,0.7086824388560895,0.8379928126649677,0.7086824388560895,0.8379928126649677,0.7086824388560895,0.8379928126649677,0.7086824388560895,0.8379928126649677,0.7086824388560895
0.76,0.88,0.88,0.88,0.5572772551189817,0.84,0.84,0.84,0.660628361123463,0.6725301689232365,0.660628361123463,0.6725301689232365,0.660628361123463,0.6725301689232365,0.7990410132518779,0.7471421236462422,0.7990410132518779,0.7471421236462422,0.7990410132518779,0.7471421236462422,0.7990410132518779,0.7471421236462422,0.7990410132518779,0.7471421236462422,0.7990410132518779,0.7471421236462422,0.7990410132518779,0.7471421236462422,0.7990410132518779,0.7471421236462422,0.7990410132518779,0.7471421236462422
0.8344370860927153,0.92,0.92,0.92,0.4700460829493088,0.77,0.77,0.77,0.7112986010558461,0.6749509860807404,0.7112986010558461,0.6749509860807404,0.7112986010558461,0.6749509860807404,0.8163940654558905,0.7797260659491569,0.8163940654558905,0.7797260659491569,0.8163940654558905,0.7797260659491569,0.8163940654558905,0.7797260659491569,0.8163940654558905,0.7797260659491569,0.8163940654558905,0.7797260659491569,0.8163940654558905,0.7797260659491569,0.8163940654558905,0.7797260659491569,0.8163940654558905,0.7797260659491569
0.9168053244592346,0.96,0.96,0.96,0.5055889939810834,0.77,0.77,0.77,0.7175283456892169,0.6533551078320821,0.7175283456892169,0.6533551078320821,0.7175283456892169,0.6533551078320821,0.7807994011072223,0.7625531554241702,0.7807994011072223,0.7625531554241702,0.7807994011072223,0.7625531554241702,0.7807994011072223,0.7625531554241702,0.7807994011072223,0.7625531554241702,0.7807994011072223,0.7625531554241702,0.7807994011072223,0.7625531554241702,0.7807994011072223,0.7625531554241702,0.7807994011072223,0.7625531554241702
0.6558704453441295,0.83,0.83,0.83,0.6778091018928716,0.84,0.84,0.84,0.6516632116310922,0.6573088641625042,0.6516632116310922,0.6573088641625042,0.6516632116310922,0.6573088641625042,0.7768730656640589,0.7587849423695885,0.7768730656640589,0.7587849423695885,0.7768730656640589,0.7587849423695885,0.7768730656640589,0.7587849423695885,0.7768730656640589,0.7587849423695885,0.7768730656640589,0.7587849423695885,0.7768730656640589,0.7587849423695885,0.7768730656640589,0.7587849423695885,0.7768730656640589,0.7587849423695885
0.4838976052848884,0.75,0.75,0.75,0.6341463414634146,0.82,0.82,0.82,0.7098097069680027,0.7267580282495637,0.7098097069680027,0.7267580282495637,0.7098097069680027,0.7267580282495637,0.7786716374085734,0.8243077611184324,0.7786716374085734,0.8243077611184324,0.7786716374085734,0.8243077611184324,0.7786716374085734,0.8243077611184324,0.7786716374085734,0.8243077611184324,0.7786716374085734,0.8243077611184324,0.7786716374085734,0.8243077611184324,0.7786716374085734,0.8243077611184324,0.7786716374085734,0.8243077611184324
0.2621825669183253,0.57,0.57,0.57,0.5009596928982725,0.74,0.74,0.74,0.7347144352868137,0.726082772653158,0.7347144352868137,0.726082772653158,0.7347144352868137,0.726082772653158,0.7702141026369732,0.812072368366944,0.7702141026369732,0.812072368366944,0.7702141026369732,0.812072368366944,0.7702141026369732,0.812072368366944,0.7702141026369732,0.812072368366944,0.7702141026369732,0.812072368366944,0.7702141026369732,0.812072368366944,0.7702141026369732,0.812072368366944,0.7702141026369732,0.812072368366944
0.2887624466571834,0.6,0.6,0.6,0.4743226849979781,0.74,0.74,0.74,0.7232524192532965,0.6756722096729573,0.7232524192532965,0.6756722096729573,0.7232524192532965,0.6756722096729573,0.7875730356966977,0.8211143379857795,0.7875730356966977,0.8211143379857795,0.7875730356966977,0.8211143379857795,0.7875730356966977,0.8211143379857795,0.7875730356966977,0.8211143379857795,0.7875730356966977,0.8211143379857795,0.7875730356966977,0.8211143379857795,0.7875730356966977,0.8211143379857795,0.7875730356966977,0.8211143379857795
0.406410763751484,0.7,0.7,0.7,0.5569620253164558,0.79,0.79,0.79,0.7364414874101168,0.6927748008590688,0.7364414874101168,0.6927748008590688,0.7364414874101168,0.6927748008590688,0.8048871007679125,0.8370322592747279,0.8048871007679125,0.8370322592747279,0.8048871007679125,0.8370322592747279,0.8048871007679125,0.8370322592747279,0.8048871007679125,0.8370322592747279,0.8048871007679125,0.8370322592747279,0.8048871007679125,0.8370322592747279,0.8048871007679125,0.8370322592747279,0.8048871007679125,0.8370322592747279
0.6741344195519348,0.84,0.84,0.84,0.6248896734333628,0.83,0.83,0.83,0.7403335799349073,0.47412019193165256,0.7403335799349073,0.47412019193165256,0.7403335799349073,0.47412019193165256,0.8449051368512859,0.7271822028481565,0.8449051368512859,0.7271822028481565,0.8449051368512859,0.7271822028481565,0.8449051368512859,0.7271822028481565,0.8449051368512859,0.7271822028481565,0.8449051368512859,0.7271822028481565,0.8449051368512859,0.7271822028481565,0.8449051368512859,0.7271822028481565,0.8449051368512859,0.7271822028481565
0.7798238590872698,0.89,0.89,0.89,0.3510506798516687,0.79,0.79,0.79,0.7012742698398183,0.5081415979624014,0.7012742698398183,0.5081415979624014,0.7012742698398183,0.5081415979624014,0.8234693582097784,0.755966464209323,0.8234693582097784,0.755966464209323,0.8234693582097784,0.755966464209323,0.8234693582097784,0.755966464209323,0.8234693582097784,0.755966464209323,0.8234693582097784,0.755966464209323,0.8234693582097784,0.755966464209323,0.8234693582097784,0.755966464209323,0.8234693582097784,0.755966464209323
0.8972884141331142,0.95,0.95,0.95,0.3181818181818181,0.73,0.73,0.73,0.7340570272241591,0.7141468681381044,0.7340570272241591,0.7141468681381044,0.7340570272241591,0.7141468681381044,0.8186701566446065,0.7890022559993054,0.8186701566446065,0.7890022559993054,0.8186701566446065,0.7890022559993054,0.8186701566446065,0.7890022559993054,0.8186701566446065,0.7890022559993054,0.8186701566446065,0.7890022559993054,0.8186701566446065,0.7890022559993054,0.8186701566446065,0.7890022559993054,0.8186701566446065,0.7890022559993054
0.7163695299837926,0.86,0.86,0.86,0.3788819875776397,0.74,0.74,0.74,0.7387434032883788,0.45594678445341075,0.7387434032883788,0.45594678445341075,0.7387434032883788,0.45594678445341075,0.8200969040864129,0.6980089594782074,0.8200969040864129,0.6980089594782074,0.8200969040864129,0.6980089594782074,0.8200969040864129,0.6980089594782074,0.8200969040864129,0.6980089594782074,0.8200969040864129,0.6980089594782074,0.8200969040864129,0.6980089594782074,0.8200969040864129,0.6980089594782074,0.8200969040864129,0.6980089594782074
0.576271186440678,0.78,0.78,0.78,0.4751166407465007,0.73,0.73,0.73,0.727056985269429,0.43091299020566926,0.727056985269429,0.43091299020566926,0.727056985269429,0.43091299020566926,0.8292047355303326,0.7140111187379095,0.8292047355303326,0.7140111187379095,0.8292047355303326,0.7140111187379095,0.8292047355303326,0.7140111187379095,0.8292047355303326,0.7140111187379095,0.8292047355303326,0.7140111187379095,0.8292047355303326,0.7140111187379095,0.8292047355303326,0.7140111187379095,0.8292047355303326,0.7140111187379095
0.3940578577013292,0.69,0.69,0.69,0.5957446808510638,0.81,0.81,0.81,0.7000008027626078,0.4193683876694336,0.7000008027626078,0.4193683876694336,0.7000008027626078,0.4193683876694336,0.7747168168607267,0.7490817725046576,0.7747168168607267,0.7490817725046576,0.7747168168607267,0.7490817725046576,0.7747168168607267,0.7490817725046576,0.7747168168607267,0.7490817725046576,0.7747168168607267,0.7490817725046576,0.7747168168607267,0.7490817725046576,0.7747168168607267,0.7490817725046576,0.7747168168607267,0.7490817725046576
0.2553191489361702,0.58,0.58,0.58,0.4465648854961832,0.71,0.71,0.71,0.7315718213582403,0.5079069127747968,0.7315718213582403,0.5079069127747968,0.7315718213582403,0.5079069127747968,0.8213470562118655,0.801177899866542,0.8213470562118655,0.801177899866542,0.8213470562118655,0.801177899866542,0.8213470562118655,0.801177899866542,0.8213470562118655,0.801177899866542,0.8213470562118655,0.801177899866542,0.8213470562118655,0.801177899866542,0.8213470562118655,0.801177899866542,0.8213470562118655,0.801177899866542
0.3288590604026845,0.66,0.66,0.66,0.5669291338582677,0.78,0.78,0.78,0.6591358942000652,0.5188384103222228,0.6591358942000652,0.5188384103222228,0.6591358942000652,0.5188384103222228,0.7803850155298369,0.8175726317400666,0.7803850155298369,0.8175726317400666,0.7803850155298369,0.8175726317400666,0.7803850155298369,0.8175726317400666,0.7803850155298369,0.8175726317400666,0.7803850155298369,0.8175726317400666,0.7803850155298369,0.8175726317400666,0.7803850155298369,0.8175726317400666,0.7803850155298369,0.8175726317400666
0.4894099848714069,0.73,0.73,0.73,0.562071591774562,0.77,0.77,0.77,0.677161114663938,0.6631707121664957,0.677161114663938,0.6631707121664957,0.677161114663938,0.6631707121664957,0.8107904744549189,0.7890059715734595,0.8107904744549189,0.7890059715734595,0.8107904744549189,0.7890059715734595,0.8107904744549189,0.7890059715734595,0.8107904744549189,0.7890059715734595,0.8107904744549189,0.7890059715734595,0.8107904744549189,0.7890059715734595,0.8107904744549189,0.7890059715734595,0.8107904744549189,0.7890059715734595
0.5833333333333333,0.79,0.79,0.79,0.76,0.88,0.88,0.88,0.6763618562193684,0.7209854561295036,0.6763618562193684,0.7209854561295036,0.6763618562193684,0.7209854561295036,0.8146014367978147,0.782298196835176,0.8146014367978147,0.782298196835176,0.8146014367978147,0.782298196835176,0.8146014367978147,0.782298196835176,0.8146014367978147,0.782298196835176,0.8146014367978147,0.782298196835176,0.8146014367978147,0.782298196835176,0.8146014367978147,0.782298196835176,0.8146014367978147,0.782298196835176
0.6484375,0.82,0.82,0.82,0.8344370860927153,0.92,0.92,0.92,0.7310777405304626,0.738213549014791,0.7310777405304626,0.738213549014791,0.7310777405304626,0.738213549014791,0.8708879709029844,0.8372350660586984,0.8708879709029844,0.8372350660586984,0.8708879709029844,0.8372350660586984,0.8708879709029844,0.8372350660586984,0.8708879709029844,0.8372350660586984,0.8708879709029844,0.8372350660586984,0.8708879709029844,0.8372350660586984,0.8708879709029844,0.8372350660586984,0.8708879709029844,0.8372350660586984
0.6511627906976744,0.82,0.82,0.82,0.9168053244592346,0.96,0.96,0.96,0.7535296670636791,0.7424216093575613,0.7535296670636791,0.7424216093575613,0.7535296670636791,0.7424216093575613,0.878704459478161,0.8270222188948915,0.878704459478161,0.8270222188948915,0.878704459478161,0.8270222188948915,0.878704459478161,0.8270222188948915,0.878704459478161,0.8270222188948915,0.878704459478161,0.8270222188948915,0.878704459478161,0.8270222188948915,0.878704459478161,0.8270222188948915,0.878704459478161,0.8270222188948915
0.7035573122529644,0.85,0.85,0.85,0.6558704453441295,0.83,0.83,0.83,0.7698589879682359,0.714187153378165,0.7698589879682359,0.714187153378165,0.7698589879682359,0.714187153378165,0.865794866232653,0.8221065239505831,0.865794866232653,0.8221065239505831,0.865794866232653,0.8221065239505831,0.865794866232653,0.8221065239505831,0.865794866232653,0.8221065239505831,0.865794866232653,0.8221065239505831,0.865794866232653,0.8221065239505831,0.865794866232653,0.8221065239505831,0.865794866232653,0.8221065239505831
0.7217806041335453,0.86,0.86,0.86,0.4838976052848884,0.75,0.75,0.75,0.7180493366942515,0.47335552767254974,0.7180493366942515,0.47335552767254974,0.7180493366942515,0.47335552767254974,0.8291927838129991,0.7186248038918381,0.8291927838129991,0.7186248038918381,0.8291927838129991,0.7186248038918381,0.8291927838129991,0.7186248038918381,0.8291927838129991,0.7186248038918381,0.8291927838129991,0.7186248038918381,0.8291927838129991,0.7186248038918381,0.8291927838129991,0.7186248038918381,0.8291927838129991,0.7186248038918381
0.562071591774562,0.77,0.77,0.77,0.2621825669183253,0.57,0.57,0.57,0.7124174152768689,0.4482925170478806,0.7124174152768689,0.4482925170478806,0.7124174152768689,0.4482925170478806,0.8245070223214801,0.7114169912630197,0.8245070223214801,0.7114169912630197,0.8245070223214801,0.7114169912630197,0.8245070223214801,0.7114169912630197,0.8245070223214801,0.7114169912630197,0.8245070223214801,0.7114169912630197,0.8245070223214801,0.7114169912630197,0.8245070223214801,0.7114169912630197,0.8245070223214801,0.7114169912630197
0.3677947192264782,0.66,0.66,0.66,0.2887624466571834,0.6,0.6,0.6,0.6603234093773476,0.40929425213294646,0.6603234093773476,0.40929425213294646,0.6603234093773476,0.40929425213294646,0.7995066817419751,0.6870906025563445,0.7995066817419751,0.6870906025563445,0.7995066817419751,0.6870906025563445,0.7995066817419751,0.6870906025563445,0.7995066817419751,0.6870906025563445,0.7995066817419751,0.6870906025563445,0.7995066817419751,0.6870906025563445,0.7995066817419751,0.6870906025563445,0.7995066817419751,0.6870906025563445
0.2801556420233464,0.63,0.63,0.63,0.406410763751484,0.7,0.7,0.7,0.6237911496661462,0.39558028120861544,0.6237911496661462,0.39558028120861544,0.6237911496661462,0.39558028120861544,0.8103198604945259,0.7434613477707827,0.8103198604945259,0.7434613477707827,0.8103198604945259,0.7434613477707827,0.8103198604945259,0.7434613477707827,0.8103198604945259,0.7434613477707827,0.8103198604945259,0.7434613477707827,0.8103198604945259,0.7434613477707827,0.8103198604945259,0.7434613477707827,0.8103198604945259,0.7434613477707827
0.3514389947304418,0.68,0.68,0.68,0.6741344195519348,0.84,0.84,0.84,0.6054729942633623,0.46508214349431637,0.6054729942633623,0.46508214349431637,0.6054729942633623,0.46508214349431637,0.7505469615711827,0.7544091828957635,0.7505469615711827,0.7544091828957635,0.7505469615711827,0.7544091828957635,0.7505469615711827,0.7544091828957635,0.7505469615711827,0.7544091828957635,0.7505469615711827,0.7544091828957635,0.7505469615711827,0.7544091828957635,0.7505469615711827,0.7544091828957635,0.7505469615711827,0.7544091828957635
0.3873517786561264,0.69,0.69,0.69,0.7798238590872698,0.89,0.89,0.89,0.6184082967496747,0.44548061535153455,0.6184082967496747,0.44548061535153455,0.6184082967496747,0.44548061535153455,0.7006061513615819,0.7200565650716532,0.7006061513615819,0.7200565650716532,0.7006061513615819,0.7200565650716532,0.7006061513615819,0.7200565650716532,0.7006061513615819,0.7200565650716532,0.7006061513615819,0.7200565650716532,0.7006061513615819,0.7200565650716532,0.7006061513615819,0.7200565650716532,0.7006061513615819,0.7200565650716532
0.5239908606245239,0.75,0.75,0.75,0.8972884141331142,0.95,0.95,0.95,0.6080840369907111,0.4794872394030254,0.6080840369907111,0.4794872394030254,0.6080840369907111,0.4794872394030254,0.7232244078859872,0.7324645923698626,0.7232244078859872,0.7324645923698626,0.7232244078859872,0.7324645923698626,0.7232244078859872,0.7324645923698626,0.7232244078859872,0.7324645923698626,0.7232244078859872,0.7324645923698626,0.7232244078859872,0.7324645923698626,0.7232244078859872,0.7324645923698626,0.7232244078859872,0.7324645923698626
0.6516393442622951,0.83,0.83,0.83,0.7163695299837926,0.86,0.86,0.86,0.7037916621605974,0.5064250820254587,0.7037916621605974,0.5064250820254587,0.7037916621605974,0.5064250820254587,0.7695971915724177,0.7677509206017266,0.7695971915724177,0.7677509206017266,0.7695971915724177,0.7677509206017266,0.7695971915724177,0.7677509206017266,0.7695971915724177,0.7677509206017266,0.7695971915724177,0.7677509206017266,0.7695971915724177,0.7677509206017266,0.7695971915724177,0.7677509206017266,0.7695971915724177,0.7677509206017266
0.8358348968105066,0.93,0.93,0.93,0.576271186440678,0.78,0.78,0.78,0.7273857417739353,0.46079515070291993,0.7273857417739353,0.46079515070291993,0.7273857417739353,0.46079515070291993,0.7585695497777115,0.751556422867196,0.7585695497777115,0.751556422867196,0.7585695497777115,0.751556422867196,0.7585695497777115,0.751556422867196,0.7585695497777115,0.751556422867196,0.7585695497777115,0.751556422867196,0.7585695497777115,0.751556422867196,0.7585695497777115,0.751556422867196,0.7585695497777115,0.751556422867196
0.8603351955307262,0.94,0.94,0.94,0.3940578577013292,0.69,0.69,0.69,0.6909334164279927,0.4188900788129479,0.6909334164279927,0.4188900788129479,0.6909334164279927,0.4188900788129479,0.7684823944561182,0.7169083010107815,0.7684823944561182,0.7169083010107815,0.7684823944561182,0.7169083010107815,0.7684823944561182,0.7169083010107815,0.7684823944561182,0.7169083010107815,0.7684823944561182,0.7169083010107815,0.7684823944561182,0.7169083010107815,0.7684823944561182,0.7169083010107815,0.7684823944561182,0.7169083010107815
0.7998220640569396,0.91,0.91,0.91,0.2553191489361702,0.58,0.58,0.58,0.7759740660927488,0.70073084316292,0.7759740660927488,0.70073084316292,0.7759740660927488,0.70073084316292,0.9321234959609321,0.920996213606653,0.9321234959609321,0.920996213606653,0.9321234959609321,0.920996213606653,0.9321234959609321,0.920996213606653,0.9321234959609321,0.920996213606653,0.9321234959609321,0.920996213606653,0.9321234959609321,0.920996213606653,0.9321234959609321,0.920996213606653,0.9321234959609321,0.920996213606653
0.7933884297520661,0.91,0.91,0.91,0.3288590604026845,0.66,0.66,0.66,0.8388741416150892,0.7026300548138377,0.8388741416150892,0.7026300548138377,0.8388741416150892,0.7026300548138377,0.942165284270646,0.9280649382907028,0.942165284270646,0.9280649382907028,0.942165284270646,0.9280649382907028,0.942165284270646,0.9280649382907028,0.942165284270646,0.9280649382907028,0.942165284270646,0.9280649382907028,0.942165284270646,0.9280649382907028,0.942165284270646,0.9280649382907028,0.942165284270646,0.9280649382907028
0.765625,0.91,0.91,0.91,0.4894099848714069,0.73,0.73,0.73,0.6514766554225557,0.617712408234665,0.6514766554225557,0.617712408234665,0.6514766554225557,0.617712408234665,0.8563974684256284,0.8752672256137608,0.8563974684256284,0.8752672256137608,0.8563974684256284,0.8752672256137608,0.8563974684256284,0.8752672256137608,0.8563974684256284,0.8752672256137608,0.8563974684256284,0.8752672256137608,0.8563974684256284,0.8752672256137608,0.8563974684256284,0.8752672256137608,0.8563974684256284,0.8752672256137608
0.7305140961857379,0.87,0.87,0.87,0.5833333333333333,0.79,0.79,0.79,0.6621274182720899,0.6016355887911816,0.6621274182720899,0.6016355887911816,0.6621274182720899,0.6016355887911816,0.8325962592778401,0.8121263563877416,0.8325962592778401,0.8121263563877416,0.8325962592778401,0.8121263563877416,0.8325962592778401,0.8121263563877416,0.8325962592778401,0.8121263563877416,0.8325962592778401,0.8121263563877416,0.8325962592778401,0.8121263563877416,0.8325962592778401,0.8121263563877416,0.8325962592778401,0.8121263563877416
0.7062526227444398,0.86,0.86,0.86,0.6484375,0.82,0.82,0.82,0.58704044530871,0.46905742364072966,0.58704044530871,0.46905742364072966,0.58704044530871,0.46905742364072966,0.8208606183395994,0.7582792591446762,0.8208606183395994,0.7582792591446762,0.8208606183395994,0.7582792591446762,0.8208606183395994,0.7582792591446762,0.8208606183395994,0.7582792591446762,0.8208606183395994,0.7582792591446762,0.8208606183395994,0.7582792591446762,0.8208606183395994,0.7582792591446762,0.8208606183395994,0.7582792591446762
0.6890547263681592,0.85,0.85,0.85,0.6511627906976744,0.82,0.82,0.82,0.6969675277822641,0.5664512564835698,0.6969675277822641,0.5664512564835698,0.6969675277822641,0.5664512564835698,0.8624290909324884,0.8368854345531566,0.8624290909324884,0.8368854345531566,0.8624290909324884,0.8368854345531566,0.8624290909324884,0.8368854345531566,0.8624290909324884,0.8368854345531566,0.8624290909324884,0.8368854345531566,0.8624290909324884,0.8368854345531566,0.8624290909324884,0.8368854345531566,0.8624290909324884,0.8368854345531566
0.7955010224948875,0.9,0.9,0.9,0.7035573122529644,0.85,0.85,0.85,0.5687148928749347,0.5909852667369254,0.5687148928749347,0.5909852667369254,0.5687148928749347,0.5909852667369254,0.801982726397916,0.8372090125502593,0.801982726397916,0.8372090125502593,0.801982726397916,0.8372090125502593,0.801982726397916,0.8372090125502593,0.801982726397916,0.8372090125502593,0.801982726397916,0.8372090125502593,0.801982726397916,0.8372090125502593,0.801982726397916,0.8372090125502593,0.801982726397916,0.8372090125502593
0.7633136094674556,0.88,0.88,0.88,0.7217806041335453,0.86,0.86,0.86,0.6088671858002275,0.5620011942734648,0.6088671858002275,0.5620011942734648,0.6088671858002275,0.5620011942734648,0.8472534082841424,0.8003538511941047,0.8472534082841424,0.8003538511941047,0.8472534082841424,0.8003538511941047,0.8472534082841424,0.8003538511941047,0.8472534082841424,0.8003538511941047,0.8472534082841424,0.8003538511941047,0.8472534082841424,0.8003538511941047,0.8472534082841424,0.8003538511941047,0.8472534082841424,0.8003538511941047
0.7302904564315353,0.87,0.87,0.87,0.562071591774562,0.77,0.77,0.77,0.6179093093328643,0.4826746993414206,0.6179093093328643,0.4826746993414206,0.6179093093328643,0.4826746993414206,0.8593434490324815,0.7623190873781965,0.8593434490324815,0.7623190873781965,0.8593434490324815,0.7623190873781965,0.8593434490324815,0.7623190873781965,0.8593434490324815,0.7623190873781965,0.8593434490324815,0.7623190873781965,0.8593434490324815,0.7623190873781965,0.8593434490324815,0.7623190873781965,0.8593434490324815,0.7623190873781965
0.4646044021415824,0.82,0.82,0.82,0.3677947192264782,0.66,0.66,0.66,0.3097674152403972,0.3810932359053422,0.3097674152403972,0.3810932359053422,0.3097674152403972,0.3810932359053422,0.6791523300220563,0.6700363697798881,0.6791523300220563,0.6700363697798881,0.6791523300220563,0.6700363697798881,0.6791523300220563,0.6700363697798881,0.6791523300220563,0.6700363697798881,0.6791523300220563,0.6700363697798881,0.6791523300220563,0.6700363697798881,0.6791523300220563,0.6700363697798881,0.6791523300220563,0.6700363697798881
0.4776119402985075,0.79,0.79,0.79,0.2801556420233464,0.63,0.63,0.63,0.4430534025116843,0.5439721125662208,0.4430534025116843,0.5439721125662208,0.4430534025116843,0.5439721125662208,0.8172296296040812,0.7897414287263502,0.8172296296040812,0.7897414287263502,0.8172296296040812,0.7897414287263502,0.8172296296040812,0.7897414287263502,0.8172296296040812,0.7897414287263502,0.8172296296040812,0.7897414287263502,0.8172296296040812,0.7897414287263502,0.8172296296040812,0.7897414287263502,0.8172296296040812,0.7897414287263502
0.5039272426622571,0.76,0.76,0.76,0.3514389947304418,0.68,0.68,0.68,0.5575762285793191,0.5436619659227803,0.5575762285793191,0.5436619659227803,0.5575762285793191,0.5436619659227803,0.7981615554240904,0.7870867791327026,0.7981615554240904,0.7870867791327026,0.7981615554240904,0.7870867791327026,0.7981615554240904,0.7870867791327026,0.7981615554240904,0.7870867791327026,0.7981615554240904,0.7870867791327026,0.7981615554240904,0.7870867791327026,0.7981615554240904,0.7870867791327026,0.7981615554240904,0.7870867791327026
0.5840630472854642,0.81,0.81,0.81,0.3873517786561264,0.69,0.69,0.69,0.6248922033222224,0.5513885792021994,0.6248922033222224,0.5513885792021994,0.6248922033222224,0.5513885792021994,0.8427336461210634,0.8082531131505022,0.8427336461210634,0.8082531131505022,0.8427336461210634,0.8082531131505022,0.8427336461210634,0.8082531131505022,0.8427336461210634,0.8082531131505022,0.8427336461210634,0.8082531131505022,0.8427336461210634,0.8082531131505022,0.8427336461210634,0.8082531131505022,0.8427336461210634,0.8082531131505022
0.6424314660309893,0.82,0.82,0.82,0.5239908606245239,0.75,0.75,0.75,0.7026694809817264,0.5635400144793017,0.7026694809817264,0.5635400144793017,0.7026694809817264,0.5635400144793017,0.8646563802929927,0.8120841734281683,0.8646563802929927,0.8120841734281683,0.8646563802929927,0.8120841734281683,0.8646563802929927,0.8120841734281683,0.8646563802929927,0.8120841734281683,0.8646563802929927,0.8120841734281683,0.8646563802929927,0.8120841734281683,0.8646563802929927,0.8120841734281683,0.8646563802929927,0.8120841734281683
0.758745476477684,0.88,0.88,0.88,0.6516393442622951,0.83,0.83,0.83,0.6367163959224984,0.6199529204653392,0.6367163959224984,0.6199529204653392,0.6367163959224984,0.6199529204653392,0.7994845489263385,0.8049327820836687,0.7994845489263385,0.8049327820836687,0.7994845489263385,0.8049327820836687,0.7994845489263385,0.8049327820836687,0.7994845489263385,0.8049327820836687,0.7994845489263385,0.8049327820836687,0.7994845489263385,0.8049327820836687,0.7994845489263385,0.8049327820836687,0.7994845489263385,0.8049327820836687
0.5980707395498392,0.8,0.8,0.8,0.8358348968105066,0.93,0.93,0.93,0.5611676627269062,0.5714301787675472,0.5611676627269062,0.5714301787675472,0.5611676627269062,0.5714301787675472,0.7528415190140747,0.7103445270370518,0.7528415190140747,0.7103445270370518,0.7528415190140747,0.7103445270370518,0.7528415190140747,0.7103445270370518,0.7528415190140747,0.7103445270370518,0.7528415190140747,0.7103445270370518,0.7528415190140747,0.7103445270370518,0.7528415190140747,0.7103445270370518,0.7528415190140747,0.7103445270370518
0.5833333333333333,0.79,0.79,0.79,0.8603351955307262,0.94,0.94,0.94,0.7065452874310785,0.565395184784344,0.7065452874310785,0.565395184784344,0.7065452874310785,0.565395184784344,0.8239140985155274,0.7340892246458662,0.8239140985155274,0.7340892246458662,0.8239140985155274,0.7340892246458662,0.8239140985155274,0.7340892246458662,0.8239140985155274,0.7340892246458662,0.8239140985155274,0.7340892246458662,0.8239140985155274,0.7340892246458662,0.8239140985155274,0.7340892246458662,0.8239140985155274,0.7340892246458662
0.6039603960396039,0.8,0.8,0.8,0.7998220640569396,0.91,0.91,0.91,0.6471226155001122,0.5854382657551555,0.6471226155001122,0.5854382657551555,0.6471226155001122,0.5854382657551555,0.7971890807019346,0.7067444210545323,0.7971890807019346,0.7067444210545323,0.7971890807019346,0.7067444210545323,0.7971890807019346,0.7067444210545323,0.7971890807019346,0.7067444210545323,0.7971890807019346,0.7067444210545323,0.7971890807019346,0.7067444210545323,0.7971890807019346,0.7067444210545323,0.7971890807019346,0.7067444210545323
0.7372675828617623,0.87,0.87,0.87,0.7933884297520661,0.91,0.91,0.91,0.6091650059654939,0.5282029016980108,0.6091650059654939,0.5282029016980108,0.6091650059654939,0.5282029016980108,0.8224059920235405,0.7696443545246168,0.8224059920235405,0.7696443545246168,0.8224059920235405,0.7696443545246168,0.8224059920235405,0.7696443545246168,0.8224059920235405,0.7696443545246168,0.8224059920235405,0.7696443545246168,0.8224059920235405,0.7696443545246168,0.8224059920235405,0.7696443545246168,0.8224059920235405,0.7696443545246168
0.8407643312101911,0.92,0.92,0.92,0.765625,0.91,0.91,0.91,0.6263603566119595,0.5640508241758526,0.6263603566119595,0.5640508241758526,0.6263603566119595,0.5640508241758526,0.827466709374072,0.76868286302608,0.827466709374072,0.76868286302608,0.827466709374072,0.76868286302608,0.827466709374072,0.76868286302608,0.827466709374072,0.76868286302608,0.827466709374072,0.76868286302608,0.827466709374072,0.76868286302608,0.827466709374072,0.76868286302608,0.827466709374072,0.76868286302608
0.8212867355043685,0.91,0.91,0.91,0.7305140961857379,0.87,0.87,0.87,0.5984438701958494,0.5786457523028836,0.5984438701958494,0.5786457523028836,0.5984438701958494,0.5786457523028836,0.797928507320193,0.7646499826034485,0.797928507320193,0.7646499826034485,0.797928507320193,0.7646499826034485,0.797928507320193,0.7646499826034485,0.797928507320193,0.7646499826034485,0.797928507320193,0.7646499826034485,0.797928507320193,0.7646499826034485,0.797928507320193,0.7646499826034485,0.797928507320193,0.7646499826034485
0.7327302631578947,0.87,0.87,0.87,0.7062526227444398,0.86,0.86,0.86,0.6606061165662405,0.6042525530957001,0.6606061165662405,0.6042525530957001,0.6606061165662405,0.6042525530957001,0.8456724563085429,0.7665399666620231,0.8456724563085429,0.7665399666620231,0.8456724563085429,0.7665399666620231,0.8456724563085429,0.7665399666620231,0.8456724563085429,0.7665399666620231,0.8456724563085429,0.7665399666620231,0.8456724563085429,0.7665399666620231,0.8456724563085429,0.7665399666620231,0.8456724563085429,0.7665399666620231
0.7016706443914081,0.85,0.85,0.85,0.6890547263681592,0.85,0.85,0.85,0.5960598514805211,0.632182303965106,0.5960598514805211,0.632182303965106,0.5960598514805211,0.632182303965106,0.7918009130607905,0.7891184832296292,0.7918009130607905,0.7891184832296292,0.7918009130607905,0.7891184832296292,0.7918009130607905,0.7891184832296292,0.7918009130607905,0.7891184832296292,0.7918009130607905,0.7891184832296292,0.7918009130607905,0.7891184832296292,0.7918009130607905,0.7891184832296292,0.7918009130607905,0.7891184832296292
0.6879875195007801,0.84,0.84,0.84,0.7955010224948875,0.9,0.9,0.9,0.5869763534806133,0.728257116092277,0.5869763534806133,0.728257116092277,0.5869763534806133,0.728257116092277,0.7769289389901828,0.822451022637183,0.7769289389901828,0.822451022637183,0.7769289389901828,0.822451022637183,0.7769289389901828,0.822451022637183,0.7769289389901828,0.822451022637183,0.7769289389901828,0.822451022637183,0.7769289389901828,0.822451022637183,0.7769289389901828,0.822451022637183,0.7769289389901828,0.822451022637183
0.562071591774562,0.77,0.77,0.77,0.7633136094674556,0.88,0.88,0.88,0.6117440594935762,0.6480144997657056,0.6117440594935762,0.6480144997657056,0.6117440594935762,0.6480144997657056,0.7857207615981847,0.7667653410614311,0.7857207615981847,0.7667653410614311,0.7857207615981847,0.7667653410614311,0.7857207615981847,0.7667653410614311,0.7857207615981847,0.7667653410614311,0.7857207615981847,0.7667653410614311,0.7857207615981847,0.7667653410614311,0.7857207615981847,0.7667653410614311,0.7857207615981847,0.7667653410614311
0.327433628318584,0.62,0.62,0.62,0.7302904564315353,0.87,0.87,0.87,0.5086191191208038,0.4959259946275306,0.5086191191208038,0.4959259946275306,0.5086191191208038,0.4959259946275306,0.7855995336522579,0.789221368437435,0.7855995336522579,0.789221368437435,0.7855995336522579,0.789221368437435,0.7855995336522579,0.789221368437435,0.7855995336522579,0.789221368437435,0.7855995336522579,0.789221368437435,0.7855995336522579,0.789221368437435,0.7855995336522579,0.789221368437435,0.7855995336522579,0.789221368437435
0.1878172588832486,0.52,0.52,0.52,0.4646044021415824,0.82,0.82,0.82,0.3108540725374647,0.4095547310605914,0.3108540725374647,0.4095547310605914,0.3108540725374647,0.4095547310605914,0.7222390863488675,0.7980684229978916,0.7222390863488675,0.7980684229978916,0.7222390863488675,0.7980684229978916,0.7222390863488675,0.7980684229978916,0.7222390863488675,0.7980684229978916,0.7222390863488675,0.7980684229978916,0.7222390863488675,0.7980684229978916,0.7222390863488675,0.7980684229978916,0.7222390863488675,0.7980684229978916
0.068554396423249,0.5,0.5,0.5,0.4776119402985075,0.79,0.79,0.79,0.2506035546246544,0.3342267733348018,0.2506035546246544,0.3342267733348018,0.2506035546246544,0.3342267733348018,0.6571327629688,0.6940286879718819,0.6571327629688,0.6940286879718819,0.6571327629688,0.6940286879718819,0.6571327629688,0.6940286879718819,0.6571327629688,0.6940286879718819,0.6571327629688,0.6940286879718819,0.6571327629688,0.6940286879718819,0.6571327629688,0.6940286879718819,0.6571327629688,0.6940286879718819
0.1160220994475137,0.52,0.52,0.52,0.5039272426622571,0.76,0.76,0.76,0.28603996143190547,0.3699067057906829,0.28603996143190547,0.3699067057906829,0.28603996143190547,0.3699067057906829,0.6504084534051979,0.7151722748336193,0.6504084534051979,0.7151722748336193,0.6504084534051979,0.7151722748336193,0.6504084534051979,0.7151722748336193,0.6504084534051979,0.7151722748336193,0.6504084534051979,0.7151722748336193,0.6504084534051979,0.7151722748336193,0.6504084534051979,0.7151722748336193,0.6504084534051979,0.7151722748336193
0.099264705882353,0.51,0.51,0.51,0.5840630472854642,0.81,0.81,0.81,0.3339952641368506,0.4349051068251852,0.3339952641368506,0.4349051068251852,0.3339952641368506,0.4349051068251852,0.6798098238014284,0.7346904752032095,0.6798098238014284,0.7346904752032095,0.6798098238014284,0.7346904752032095,0.6798098238014284,0.7346904752032095,0.6798098238014284,0.7346904752032095,0.6798098238014284,0.7346904752032095,0.6798098238014284,0.7346904752032095,0.6798098238014284,0.7346904752032095,0.6798098238014284,0.7346904752032095
0.2031872509960158,0.52,0.52,0.52,0.6424314660309893,0.82,0.82,0.82,0.3746736429178967,0.6462476963332907,0.3746736429178967,0.6462476963332907,0.3746736429178967,0.6462476963332907,0.7132460873128785,0.7811313962119891,0.7132460873128785,0.7811313962119891,0.7132460873128785,0.7811313962119891,0.7132460873128785,0.7811313962119891,0.7132460873128785,0.7811313962119891,0.7132460873128785,0.7811313962119891,0.7132460873128785,0.7811313962119891,0.7132460873128785,0.7811313962119891,0.7132460873128785,0.7811313962119891
0.3924889543446244,0.67,0.67,0.67,0.758745476477684,0.88,0.88,0.88,0.46164488990704744,0.5912192700464415,0.46164488990704744,0.5912192700464415,0.46164488990704744,0.5912192700464415,0.7519217026780249,0.7596560033596703,0.7519217026780249,0.7596560033596703,0.7519217026780249,0.7596560033596703,0.7519217026780249,0.7596560033596703,0.7519217026780249,0.7596560033596703,0.7519217026780249,0.7596560033596703,0.7519217026780249,0.7596560033596703,0.7519217026780249,0.7596560033596703,0.7519217026780249,0.7596560033596703
0.576271186440678,0.78,0.78,0.78,0.5980707395498392,0.8,0.8,0.8,0.6470845789086732,0.5920165057274824,0.6470845789086732,0.5920165057274824,0.6470845789086732,0.5920165057274824,0.8817852353655964,0.8156452186433895,0.8817852353655964,0.8156452186433895,0.8817852353655964,0.8156452186433895,0.8817852353655964,0.8156452186433895,0.8817852353655964,0.8156452186433895,0.8817852353655964,0.8156452186433895,0.8817852353655964,0.8156452186433895,0.8817852353655964,0.8156452186433895,0.8817852353655964,0.8156452186433895
0.8214285714285714,0.91,0.91,0.91,0.5833333333333333,0.79,0.79,0.79,0.6183641184312931,0.5934074594055953,0.6183641184312931,0.5934074594055953,0.6183641184312931,0.5934074594055953,0.827403250083675,0.815119023709029,0.827403250083675,0.815119023709029,0.827403250083675,0.815119023709029,0.827403250083675,0.815119023709029,0.827403250083675,0.815119023709029,0.827403250083675,0.815119023709029,0.827403250083675,0.815119023709029,0.827403250083675,0.815119023709029,0.827403250083675,0.815119023709029
0.8409542743538767,0.92,0.92,0.92,0.6039603960396039,0.8,0.8,0.8,0.6588766552187572,0.6737328771367791,0.6588766552187572,0.6737328771367791,0.6588766552187572,0.6737328771367791,0.8856258378492984,0.8446979549670679,0.8856258378492984,0.8446979549670679,0.8856258378492984,0.8446979549670679,0.8856258378492984,0.8446979549670679,0.8856258378492984,0.8446979549670679,0.8856258378492984,0.8446979549670679,0.8856258378492984,0.8446979549670679,0.8856258378492984,0.8446979549670679,0.8856258378492984,0.8446979549670679
0.6849153209925167,0.84,0.84,0.84,0.7372675828617623,0.87,0.87,0.87,0.6555242068856373,0.5657218716156579,0.6555242068856373,0.5657218716156579,0.6555242068856373,0.5657218716156579,0.8738701608888734,0.8079932361234695,0.8738701608888734,0.8079932361234695,0.8738701608888734,0.8079932361234695,0.8738701608888734,0.8079932361234695,0.8738701608888734,0.8079932361234695,0.8738701608888734,0.8079932361234695,0.8738701608888734,0.8079932361234695,0.8738701608888734,0.8079932361234695,0.8738701608888734,0.8079932361234695
0.6687451286048324,0.83,0.83,0.83,0.8407643312101911,0.92,0.92,0.92,0.7049494330392576,0.7672001131794647,0.7049494330392576,0.7672001131794647,0.7049494330392576,0.7672001131794647,0.906783602525126,0.932549295780057,0.906783602525126,0.932549295780057,0.906783602525126,0.932549295780057,0.906783602525126,0.932549295780057,0.906783602525126,0.932549295780057,0.906783602525126,0.932549295780057,0.906783602525126,0.932549295780057,0.906783602525126,0.932549295780057,0.906783602525126,0.932549295780057
0.64,0.82,0.82,0.82,0.8212867355043685,0.91,0.91,0.91,0.673314219673365,0.7244122799559878,0.673314219673365,0.7244122799559878,0.673314219673365,0.7244122799559878,0.8439338634480884,0.8375962298678495,0.8439338634480884,0.8375962298678495,0.8439338634480884,0.8375962298678495,0.8439338634480884,0.8375962298678495,0.8439338634480884,0.8375962298678495,0.8439338634480884,0.8375962298678495,0.8439338634480884,0.8375962298678495,0.8439338634480884,0.8375962298678495,0.8439338634480884,0.8375962298678495
0.670510708401977,0.84,0.84,0.84,0.7327302631578947,0.87,0.87,0.87,0.4856319823676,0.5394583460708265,0.4856319823676,0.5394583460708265,0.4856319823676,0.5394583460708265,0.7717714368152963,0.8126466716843181,0.7717714368152963,0.8126466716843181,0.7717714368152963,0.8126466716843181,0.7717714368152963,0.8126466716843181,0.7717714368152963,0.8126466716843181,0.7717714368152963,0.8126466716843181,0.7717714368152963,0.8126466716843181,0.7717714368152963,0.8126466716843181,0.7717714368152963,0.8126466716843181
0.7815726767275616,0.89,0.89,0.89,0.7016706443914081,0.85,0.85,0.85,0.6289973872070586,0.46488408154190364,0.6289973872070586,0.46488408154190364,0.6289973872070586,0.46488408154190364,0.779020245913887,0.7234256067884834,0.779020245913887,0.7234256067884834,0.779020245913887,0.7234256067884834,0.779020245913887,0.7234256067884834,0.779020245913887,0.7234256067884834,0.779020245913887,0.7234256067884834,0.779020245913887,0.7234256067884834,0.779020245913887,0.7234256067884834,0.779020245913887,0.7234256067884834
0.748005039899202,0.88,0.88,0.88,0.6879875195007801,0.84,0.84,0.84,0.5819171809106294,0.44084423292793934,0.5819171809106294,0.44084423292793934,0.5819171809106294,0.44084423292793934,0.7833247231355707,0.717942518459109,0.7833247231355707,0.717942518459109,0.7833247231355707,0.717942518459109,0.7833247231355707,0.717942518459109,0.7833247231355707,0.717942518459109,0.7833247231355707,0.717942518459109,0.7833247231355707,0.717942518459109,0.7833247231355707,0.717942518459109,0.7833247231355707,0.717942518459109
0.7008547008547008,0.86,0.86,0.86,0.562071591774562,0.77,0.77,0.77,0.567114033696555,0.42957237115513947,0.567114033696555,0.42957237115513947,0.567114033696555,0.42957237115513947,0.7355560072695302,0.7002636409726201,0.7355560072695302,0.7002636409726201,0.7355560072695302,0.7002636409726201,0.7355560072695302,0.7002636409726201,0.7355560072695302,0.7002636409726201,0.7355560072695302,0.7002636409726201,0.7355560072695302,0.7002636409726201,0.7355560072695302,0.7002636409726201,0.7355560072695302,0.7002636409726201
0.7412420382165605,0.87,0.87,0.87,0.327433628318584,0.62,0.62,0.62,0.4974789361258452,0.4251993882984779,0.4974789361258452,0.4251993882984779,0.4974789361258452,0.4251993882984779,0.7371811005899305,0.6735655724936055,0.7371811005899305,0.6735655724936055,0.7371811005899305,0.6735655724936055,0.7371811005899305,0.6735655724936055,0.7371811005899305,0.6735655724936055,0.7371811005899305,0.6735655724936055,0.7371811005899305,0.6735655724936055,0.7371811005899305,0.6735655724936055,0.7371811005899305,0.6735655724936055
0.7634069400630915,0.88,0.88,0.88,0.1878172588832486,0.52,0.52,0.52,0.7061297306261722,0.5470385882944582,0.7061297306261722,0.5470385882944582,0.7061297306261722,0.5470385882944582,0.8952678764166442,0.7672985429013575,0.8952678764166442,0.7672985429013575,0.8952678764166442,0.7672985429013575,0.8952678764166442,0.7672985429013575,0.8952678764166442,0.7672985429013575,0.8952678764166442,0.7672985429013575,0.8952678764166442,0.7672985429013575,0.8952678764166442,0.7672985429013575,0.8952678764166442,0.7672985429013575
0.7422680412371134,0.87,0.87,0.87,0.068554396423249,0.5,0.5,0.5,0.7497222667121555,0.6325573957835666,0.7497222667121555,0.6325573957835666,0.7497222667121555,0.6325573957835666,0.9163402244866001,0.7977304368824971,0.9163402244866001,0.7977304368824971,0.9163402244866001,0.7977304368824971,0.9163402244866001,0.7977304368824971,0.9163402244866001,0.7977304368824971,0.9163402244866001,0.7977304368824971,0.9163402244866001,0.7977304368824971,0.9163402244866001,0.7977304368824971,0.9163402244866001,0.7977304368824971
0.8,0.9,0.9,0.9,0.1160220994475137,0.52,0.52,0.52,0.7576129275101543,0.6507664733383137,0.7576129275101543,0.6507664733383137,0.7576129275101543,0.6507664733383137,0.9036315710319662,0.8148195245916748,0.9036315710319662,0.8148195245916748,0.9036315710319662,0.8148195245916748,0.9036315710319662,0.8148195245916748,0.9036315710319662,0.8148195245916748,0.9036315710319662,0.8148195245916748,0.9036315710319662,0.8148195245916748,0.9036315710319662,0.8148195245916748,0.9036315710319662,0.8148195245916748
0.4538834951456311,0.73,0.73,0.73,0.099264705882353,0.51,0.51,0.51,0.6756139799014148,0.614720009709773,0.6756139799014148,0.614720009709773,0.6756139799014148,0.614720009709773,0.8769010461203857,0.8045429326726363,0.8769010461203857,0.8045429326726363,0.8769010461203857,0.8045429326726363,0.8769010461203857,0.8045429326726363,0.8769010461203857,0.8045429326726363,0.8769010461203857,0.8045429326726363,0.8769010461203857,0.8045429326726363,0.8769010461203857,0.8045429326726363,0.8769010461203857,0.8045429326726363
0.4459833795013851,0.72,0.72,0.72,0.2031872509960158,0.52,0.52,0.52,0.5361785307938857,0.5120089200768378,0.5361785307938857,0.5120089200768378,0.5361785307938857,0.5120089200768378,0.770021172325825,0.7650943938287383,0.770021172325825,0.7650943938287383,0.770021172325825,0.7650943938287383,0.770021172325825,0.7650943938287383,0.770021172325825,0.7650943938287383,0.770021172325825,0.7650943938287383,0.770021172325825,0.7650943938287383,0.770021172325825,0.7650943938287383,0.770021172325825,0.7650943938287383
0.4710993577635058,0.72,0.72,0.72,0.3924889543446244,0.67,0.67,0.67,0.5464627609285257,0.4276944094780527,0.5464627609285257,0.4276944094780527,0.5464627609285257,0.4276944094780527,0.7623853452019872,0.7258950295096447,0.7623853452019872,0.7258950295096447,0.7623853452019872,0.7258950295096447,0.7623853452019872,0.7258950295096447,0.7623853452019872,0.7258950295096447,0.7623853452019872,0.7258950295096447,0.7623853452019872,0.7258950295096447,0.7623853452019872,0.7258950295096447,0.7623853452019872,0.7258950295096447
0.6905940594059405,0.85,0.85,0.85,0.576271186440678,0.78,0.78,0.78,0.6003374073589356,0.6314145548266801,0.6003374073589356,0.6314145548266801,0.6003374073589356,0.6314145548266801,0.8453553720706011,0.8318775950709563,0.8453553720706011,0.8318775950709563,0.8453553720706011,0.8318775950709563,0.8453553720706011,0.8318775950709563,0.8453553720706011,0.8318775950709563,0.8453553720706011,0.8318775950709563,0.8453553720706011,0.8318775950709563,0.8453553720706011,0.8318775950709563,0.8453553720706011,0.8318775950709563
0.5038826574633304,0.77,0.77,0.77,0.8214285714285714,0.91,0.91,0.91,0.5161479123766533,0.5912707623186932,0.5161479123766533,0.5912707623186932,0.5161479123766533,0.5912707623186932,0.869047193746497,0.8635901172109426,0.869047193746497,0.8635901172109426,0.869047193746497,0.8635901172109426,0.869047193746497,0.8635901172109426,0.869047193746497,0.8635901172109426,0.869047193746497,0.8635901172109426,0.869047193746497,0.8635901172109426,0.869047193746497,0.8635901172109426,0.869047193746497,0.8635901172109426
0.5,0.75,0.75,0.75,0.8409542743538767,0.92,0.92,0.92,0.5862454576816709,0.7193689972850453,0.5862454576816709,0.7193689972850453,0.5862454576816709,0.7193689972850453,0.8868910815476618,0.9171569007158491,0.8868910815476618,0.9171569007158491,0.8868910815476618,0.9171569007158491,0.8868910815476618,0.9171569007158491,0.8868910815476618,0.9171569007158491,0.8868910815476618,0.9171569007158491,0.8868910815476618,0.9171569007158491,0.8868910815476618,0.9171569007158491,0.8868910815476618,0.9171569007158491
0.5047543581616482,0.75,0.75,0.75,0.6849153209925167,0.84,0.84,0.84,0.6068918893833364,0.6473288932954547,0.6068918893833364,0.6473288932954547,0.6068918893833364,0.6473288932954547,0.8814319309526955,0.8842301435468657,0.8814319309526955,0.8842301435468657,0.8814319309526955,0.8842301435468657,0.8814319309526955,0.8842301435468657,0.8814319309526955,0.8842301435468657,0.8814319309526955,0.8842301435468657,0.8814319309526955,0.8842301435468657,0.8814319309526955,0.8842301435468657,0.8814319309526955,0.8842301435468657
0.569672131147541,0.79,0.79,0.79,0.6687451286048324,0.83,0.83,0.83,0.7000591090120357,0.67929879803256,0.7000591090120357,0.67929879803256,0.7000591090120357,0.67929879803256,0.8877055837513323,0.861660327086129,0.8877055837513323,0.861660327086129,0.8877055837513323,0.861660327086129,0.8877055837513323,0.861660327086129,0.8877055837513323,0.861660327086129,0.8877055837513323,0.861660327086129,0.8877055837513323,0.861660327086129,0.8877055837513323,0.861660327086129,0.8877055837513323,0.861660327086129
0.736842105263158,0.88,0.88,0.88,0.64,0.82,0.82,0.82,0.676777144126093,0.5822326006917099,0.676777144126093,0.5822326006917099,0.676777144126093,0.5822326006917099,0.8703881060929461,0.782669610898038,0.8703881060929461,0.782669610898038,0.8703881060929461,0.782669610898038,0.8703881060929461,0.782669610898038,0.8703881060929461,0.782669610898038,0.8703881060929461,0.782669610898038,0.8703881060929461,0.782669610898038,0.8703881060929461,0.782669610898038,0.8703881060929461,0.782669610898038
0.7025074373140672,0.86,0.86,0.86,0.670510708401977,0.84,0.84,0.84,0.4193904360195373,0.42702731207287997,0.4193904360195373,0.42702731207287997,0.4193904360195373,0.42702731207287997,0.7450074873192213,0.727286608681602,0.7450074873192213,0.727286608681602,0.7450074873192213,0.727286608681602,0.7450074873192213,0.727286608681602,0.7450074873192213,0.727286608681602,0.7450074873192213,0.727286608681602,0.7450074873192213,0.727286608681602,0.7450074873192213,0.727286608681602,0.7450074873192213,0.727286608681602
0.576271186440678,0.79,0.79,0.79,0.7815726767275616,0.89,0.89,0.89,0.4790785480140281,0.5353509289246793,0.4790785480140281,0.5353509289246793,0.4790785480140281,0.5353509289246793,0.7358941810966378,0.7275042237699558,0.7358941810966378,0.7275042237699558,0.7358941810966378,0.7275042237699558,0.7358941810966378,0.7275042237699558,0.7358941810966378,0.7275042237699558,0.7358941810966378,0.7275042237699558,0.7358941810966378,0.7275042237699558,0.7358941810966378,0.7275042237699558,0.7358941810966378,0.7275042237699558
0.647887323943662,0.82,0.82,0.82,0.748005039899202,0.88,0.88,0.88,0.6597909386008924,0.5788565780158934,0.6597909386008924,0.5788565780158934,0.6597909386008924,0.5788565780158934,0.819048886956685,0.7529686229859864,0.819048886956685,0.7529686229859864,0.819048886956685,0.7529686229859864,0.819048886956685,0.7529686229859864,0.819048886956685,0.7529686229859864,0.819048886956685,0.7529686229859864,0.819048886956685,0.7529686229859864,0.819048886956685,0.7529686229859864,0.819048886956685,0.7529686229859864
0.6314972847168348,0.81,0.81,0.81,0.7008547008547008,0.86,0.86,0.86,0.6399809656429267,0.49967633372657033,0.6399809656429267,0.49967633372657033,0.6399809656429267,0.49967633372657033,0.8170785495461812,0.7266200874075603,0.8170785495461812,0.7266200874075603,0.8170785495461812,0.7266200874075603,0.8170785495461812,0.7266200874075603,0.8170785495461812,0.7266200874075603,0.8170785495461812,0.7266200874075603,0.8170785495461812,0.7266200874075603,0.8170785495461812,0.7266200874075603,0.8170785495461812,0.7266200874075603
0.7016706443914081,0.85,0.85,0.85,0.7412420382165605,0.87,0.87,0.87,0.6221362887024893,0.46366391372983895,0.6221362887024893,0.46366391372983895,0.6221362887024893,0.46366391372983895,0.8107802758519459,0.7539696056865601,0.8107802758519459,0.7539696056865601,0.8107802758519459,0.7539696056865601,0.8107802758519459,0.7539696056865601,0.8107802758519459,0.7539696056865601,0.8107802758519459,0.7539696056865601,0.8107802758519459,0.7539696056865601,0.8107802758519459,0.7539696056865601,0.8107802758519459,0.7539696056865601
0.6656176239181747,0.83,0.83,0.83,0.7634069400630915,0.88,0.88,0.88,0.7009304119212849,0.7745594856682868,0.7009304119212849,0.7745594856682868,0.7009304119212849,0.7745594856682868,0.9189077442727668,0.8534837932251629,0.9189077442727668,0.8534837932251629,0.9189077442727668,0.8534837932251629,0.9189077442727668,0.8534837932251629,0.9189077442727668,0.8534837932251629,0.9189077442727668,0.8534837932251629,0.9189077442727668,0.8534837932251629,0.9189077442727668,0.8534837932251629,0.9189077442727668,0.8534837932251629
0.7051886792452831,0.85,0.85,0.85,0.7422680412371134,0.87,0.87,0.87,0.6420377009699652,0.48832210726783815,0.6420377009699652,0.48832210726783815,0.6420377009699652,0.48832210726783815,0.8364186139744428,0.7205993795329974,0.8364186139744428,0.7205993795329974,0.8364186139744428,0.7205993795329974,0.8364186139744428,0.7205993795329974,0.8364186139744428,0.7205993795329974,0.8364186139744428,0.7205993795329974,0.8364186139744428,0.7205993795329974,0.8364186139744428,0.7205993795329974,0.8364186139744428,0.7205993795329974
0.493966523939276,0.74,0.74,0.74,0.8,0.9,0.9,0.9,0.4662471319285889,0.48311447963338705,0.4662471319285889,0.48311447963338705,0.4662471319285889,0.48311447963338705,0.7977601095277743,0.7644466306601814,0.7977601095277743,0.7644466306601814,0.7977601095277743,0.7644466306601814,0.7977601095277743,0.7644466306601814,0.7977601095277743,0.7644466306601814,0.7977601095277743,0.7644466306601814,0.7977601095277743,0.7644466306601814,0.7977601095277743,0.7644466306601814,0.7977601095277743,0.7644466306601814
0.5559144125958821,0.78,0.78,0.78,0.4538834951456311,0.73,0.73,0.73,0.5620113222367522,0.42692038658335946,0.5620113222367522,0.42692038658335946,0.5620113222367522,0.42692038658335946,0.7994613297299341,0.7239512507406792,0.7994613297299341,0.7239512507406792,0.7994613297299341,0.7239512507406792,0.7994613297299341,0.7239512507406792,0.7994613297299341,0.7239512507406792,0.7994613297299341,0.7239512507406792,0.7994613297299341,0.7239512507406792,0.7994613297299341,0.7239512507406792,0.7994613297299341,0.7239512507406792
0.5409015025041737,0.78,0.78,0.78,0.4459833795013851,0.72,0.72,0.72,0.6231764490111004,0.530541588995527,0.6231764490111004,0.530541588995527,0.6231764490111004,0.530541588995527,0.8322047407558184,0.7675641898743629,0.8322047407558184,0.7675641898743629,0.8322047407558184,0.7675641898743629,0.8322047407558184,0.7675641898743629,0.8322047407558184,0.7675641898743629,0.8322047407558184,0.7675641898743629,0.8322047407558184,0.7675641898743629,0.8322047407558184,0.7675641898743629,0.8322047407558184,0.7675641898743629
0.6443514644351465,0.83,0.83,0.83,0.4710993577635058,0.72,0.72,0.72,0.6701856501056109,0.5153429315722274,0.6701856501056109,0.5153429315722274,0.6701856501056109,0.5153429315722274,0.8372337700619468,0.7533656903168681,0.8372337700619468,0.7533656903168681,0.8372337700619468,0.7533656903168681,0.8372337700619468,0.7533656903168681,0.8372337700619468,0.7533656903168681,0.8372337700619468,0.7533656903168681,0.8372337700619468,0.7533656903168681,0.8372337700619468,0.7533656903168681,0.8372337700619468,0.7533656903168681
0.5569620253164558,0.79,0.79,0.79,0.6905940594059405,0.85,0.85,0.85,0.6341111914027898,0.5675174567619545,0.6341111914027898,0.5675174567619545,0.6341111914027898,0.5675174567619545,0.8820317644877133,0.7843435942439564,0.8820317644877133,0.7843435942439564,0.8820317644877133,0.7843435942439564,0.8820317644877133,0.7843435942439564,0.8820317644877133,0.7843435942439564,0.8820317644877133,0.7843435942439564,0.8820317644877133,0.7843435942439564,0.8820317644877133,0.7843435942439564,0.8820317644877133,0.7843435942439564
0.3869936034115139,0.77,0.77,0.77,0.5038826574633304,0.77,0.77,0.77,0.47964666547969426,0.5582303117600079,0.47964666547969426,0.5582303117600079,0.47964666547969426,0.5582303117600079,0.7771451802631503,0.7850444700551918,0.7771451802631503,0.7850444700551918,0.7771451802631503,0.7850444700551918,0.7771451802631503,0.7850444700551918,0.7771451802631503,0.7850444700551918,0.7771451802631503,0.7850444700551918,0.7771451802631503,0.7850444700551918,0.7771451802631503,0.7850444700551918,0.7771451802631503,0.7850444700551918
0.1626794258373205,0.72,0.72,0.72,0.5,0.75,0.75,0.75,0.3198467460423164,0.48650331220862025,0.3198467460423164,0.48650331220862025,0.3198467460423164,0.48650331220862025,0.6959934187746885,0.738893655806387,0.6959934187746885,0.738893655806387,0.6959934187746885,0.738893655806387,0.6959934187746885,0.738893655806387,0.6959934187746885,0.738893655806387,0.6959934187746885,0.738893655806387,0.6959934187746885,0.738893655806387,0.6959934187746885,0.738893655806387,0.6959934187746885,0.738893655806387
0.0526802218114602,0.59,0.59,0.59,0.5047543581616482,0.75,0.75,0.75,0.30082413170222955,0.42441920784871356,0.30082413170222955,0.42441920784871356,0.30082413170222955,0.42441920784871356,0.705539339751917,0.707234156209235,0.705539339751917,0.707234156209235,0.705539339751917,0.707234156209235,0.705539339751917,0.707234156209235,0.705539339751917,0.707234156209235,0.705539339751917,0.707234156209235,0.705539339751917,0.707234156209235,0.705539339751917,0.707234156209235,0.705539339751917,0.707234156209235
0.1554054054054053,0.55,0.55,0.55,0.569672131147541,0.79,0.79,0.79,0.27294249289186395,0.39075985090671894,0.27294249289186395,0.39075985090671894,0.27294249289186395,0.39075985090671894,0.6918029308159424,0.7129488468805345,0.6918029308159424,0.7129488468805345,0.6918029308159424,0.7129488468805345,0.6918029308159424,0.7129488468805345,0.6918029308159424,0.7129488468805345,0.6918029308159424,0.7129488468805345,0.6918029308159424,0.7129488468805345,0.6918029308159424,0.7129488468805345,0.6918029308159424,0.7129488468805345
0.2984917572781479,0.6,0.6,0.6,0.736842105263158,0.88,0.88,0.88,0.36294078845710037,0.351727028352139,0.36294078845710037,0.351727028352139,0.36294078845710037,0.351727028352139,0.7139898441453665,0.6981861450497999,0.7139898441453665,0.6981861450497999,0.7139898441453665,0.6981861450497999,0.7139898441453665,0.6981861450497999,0.7139898441453665,0.6981861450497999,0.7139898441453665,0.6981861450497999,0.7139898441453665,0.6981861450497999,0.7139898441453665,0.6981861450497999,0.7139898441453665,0.6981861450497999
0.56,0.78,0.78,0.78,0.7025074373140672,0.86,0.86,0.86,0.6439687473722915,0.49048871018037604,0.6439687473722915,0.49048871018037604,0.6439687473722915,0.49048871018037604,0.8586912434808645,0.7766757729605407,0.8586912434808645,0.7766757729605407,0.8586912434808645,0.7766757729605407,0.8586912434808645,0.7766757729605407,0.8586912434808645,0.7766757729605407,0.8586912434808645,0.7766757729605407,0.8586912434808645,0.7766757729605407,0.8586912434808645,0.7766757729605407,0.8586912434808645,0.7766757729605407
0.7938144329896908,0.9,0.9,0.9,0.576271186440678,0.79,0.79,0.79,0.6664923028447491,0.5210210419697815,0.6664923028447491,0.5210210419697815,0.6664923028447491,0.5210210419697815,0.8160836641129661,0.7887183812206302,0.8160836641129661,0.7887183812206302,0.8160836641129661,0.7887183812206302,0.8160836641129661,0.7887183812206302,0.8160836641129661,0.7887183812206302,0.8160836641129661,0.7887183812206302,0.8160836641129661,0.7887183812206302,0.8160836641129661,0.7887183812206302,0.8160836641129661,0.7887183812206302
0.9390243902439024,0.97,0.97,0.97,0.647887323943662,0.82,0.82,0.82,0.716795635686611,0.5311488305095574,0.716795635686611,0.5311488305095574,0.716795635686611,0.5311488305095574,0.8735288932333479,0.7879043156943624,0.8735288932333479,0.7879043156943624,0.8735288932333479,0.7879043156943624,0.8735288932333479,0.7879043156943624,0.8735288932333479,0.7879043156943624,0.8735288932333479,0.7879043156943624,0.8735288932333479,0.7879043156943624,0.8735288932333479,0.7879043156943624,0.8735288932333479,0.7879043156943624
0.9377593360995852,0.97,0.97,0.97,0.6314972847168348,0.81,0.81,0.81,0.684097787042461,0.784260451386385,0.684097787042461,0.784260451386385,0.684097787042461,0.784260451386385,0.8292984804614265,0.875905604891857,0.8292984804614265,0.875905604891857,0.8292984804614265,0.875905604891857,0.8292984804614265,0.875905604891857,0.8292984804614265,0.875905604891857,0.8292984804614265,0.875905604891857,0.8292984804614265,0.875905604891857,0.8292984804614265,0.875905604891857,0.8292984804614265,0.875905604891857
0.895397489539749,0.95,0.95,0.95,0.7016706443914081,0.85,0.85,0.85,0.5947881929278646,0.6316954496773802,0.5947881929278646,0.6316954496773802,0.5947881929278646,0.6316954496773802,0.7769735882268126,0.7889399904880502,0.7769735882268126,0.7889399904880502,0.7769735882268126,0.7889399904880502,0.7769735882268126,0.7889399904880502,0.7769735882268126,0.7889399904880502,0.7769735882268126,0.7889399904880502,0.7769735882268126,0.7889399904880502,0.7769735882268126,0.7889399904880502,0.7769735882268126,0.7889399904880502
0.9360613810741688,0.97,0.97,0.97,0.6656176239181747,0.83,0.83,0.83,0.6098458535735661,0.6246614552298153,0.6098458535735661,0.6246614552298153,0.6098458535735661,0.6246614552298153,0.8453632438278111,0.8052582387373709,0.8453632438278111,0.8052582387373709,0.8453632438278111,0.8052582387373709,0.8453632438278111,0.8052582387373709,0.8453632438278111,0.8052582387373709,0.8453632438278111,0.8052582387373709,0.8453632438278111,0.8052582387373709,0.8453632438278111,0.8052582387373709,0.8453632438278111,0.8052582387373709
0.6770025839793281,0.9,0.9,0.9,0.7051886792452831,0.85,0.85,0.85,0.5723936113060775,0.4631841399002583,0.5723936113060775,0.4631841399002583,0.5723936113060775,0.4631841399002583,0.7890166052355316,0.6965791648968954,0.7890166052355316,0.6965791648968954,0.7890166052355316,0.6965791648968954,0.7890166052355316,0.6965791648968954,0.7890166052355316,0.6965791648968954,0.7890166052355316,0.6965791648968954,0.7890166052355316,0.6965791648968954,0.7890166052355316,0.6965791648968954,0.7890166052355316,0.6965791648968954
0.4303797468354431,0.91,0.91,0.91,0.493966523939276,0.74,0.74,0.74,0.4234921145381203,0.4658233547708413,0.4234921145381203,0.4658233547708413,0.4234921145381203,0.4658233547708413,0.8148520541259058,0.7781016952463548,0.8148520541259058,0.7781016952463548,0.8148520541259058,0.7781016952463548,0.8148520541259058,0.7781016952463548,0.8148520541259058,0.7781016952463548,0.8148520541259058,0.7781016952463548,0.8148520541259058,0.7781016952463548,0.8148520541259058,0.7781016952463548,0.8148520541259058,0.7781016952463548
0.0,0.81,0.81,0.81,0.5559144125958821,0.78,0.78,0.78,0.3720273080334376,0.4508901577839576,0.3720273080334376,0.4508901577839576,0.3720273080334376,0.4508901577839576,0.7248590459258715,0.763100030475026,0.7248590459258715,0.763100030475026,0.7248590459258715,0.763100030475026,0.7248590459258715,0.763100030475026,0.7248590459258715,0.763100030475026,0.7248590459258715,0.763100030475026,0.7248590459258715,0.763100030475026,0.7248590459258715,0.763100030475026,0.7248590459258715,0.763100030475026
0.1088180112570356,0.62,0.62,0.62,0.5409015025041737,0.78,0.78,0.78,0.3857373796905803,0.4304015839968411,0.3857373796905803,0.4304015839968411,0.3857373796905803,0.4304015839968411,0.814289302136073,0.8137935966567077,0.814289302136073,0.8137935966567077,0.814289302136073,0.8137935966567077,0.814289302136073,0.8137935966567077,0.814289302136073,0.8137935966567077,0.814289302136073,0.8137935966567077,0.814289302136073,0.8137935966567077,0.814289302136073,0.8137935966567077,0.814289302136073,0.8137935966567077
0.2350746268656716,0.59,0.59,0.59,0.6443514644351465,0.83,0.83,0.83,0.4814865304399005,0.4533038380703803,0.4814865304399005,0.4533038380703803,0.4814865304399005,0.4533038380703803,0.8042162238925332,0.7745887338351563,0.8042162238925332,0.7745887338351563,0.8042162238925332,0.7745887338351563,0.8042162238925332,0.7745887338351563,0.8042162238925332,0.7745887338351563,0.8042162238925332,0.7745887338351563,0.8042162238925332,0.7745887338351563,0.8042162238925332,0.7745887338351563,0.8042162238925332,0.7745887338351563
0.2942050520059436,0.62,0.62,0.62,0.5569620253164558,0.79,0.79,0.79,0.43755278857039603,0.3281145659373371,0.43755278857039603,0.3281145659373371,0.43755278857039603,0.3281145659373371,0.7133390890098658,0.7314188498604166,0.7133390890098658,0.7314188498604166,0.7133390890098658,0.7314188498604166,0.7133390890098658,0.7314188498604166,0.7133390890098658,0.7314188498604166,0.7133390890098658,0.7314188498604166,0.7133390890098658,0.7314188498604166,0.7133390890098658,0.7314188498604166,0.7133390890098658,0.7314188498604166
0.5128604832424006,0.75,0.75,0.75,0.3869936034115139,0.77,0.77,0.77,0.477164474529623,0.36459400112540225,0.477164474529623,0.36459400112540225,0.477164474529623,0.36459400112540225,0.7615116215357187,0.7785404995813866,0.7615116215357187,0.7785404995813866,0.7615116215357187,0.7785404995813866,0.7615116215357187,0.7785404995813866,0.7615116215357187,0.7785404995813866,0.7615116215357187,0.7785404995813866,0.7615116215357187,0.7785404995813866,0.7615116215357187,0.7785404995813866,0.7615116215357187,0.7785404995813866
0.5777351247600767,0.78,0.78,0.78,0.1626794258373205,0.72,0.72,0.72,0.5795400873718008,0.6208707607120695,0.5795400873718008,0.6208707607120695,0.5795400873718008,0.6208707607120695,0.7872252855712266,0.8005760540594893,0.7872252855712266,0.8005760540594893,0.7872252855712266,0.8005760540594893,0.7872252855712266,0.8005760540594893,0.7872252855712266,0.8005760540594893,0.7872252855712266,0.8005760540594893,0.7872252855712266,0.8005760540594893,0.7872252855712266,0.8005760540594893,0.7872252855712266,0.8005760540594893
0.5973926380368098,0.79,0.79,0.79,0.0526802218114602,0.59,0.59,0.59,0.6260525125286974,0.6655063935316551,0.6260525125286974,0.6655063935316551,0.6260525125286974,0.6655063935316551,0.7913380024118905,0.8176667024194995,0.7913380024118905,0.8176667024194995,0.7913380024118905,0.8176667024194995,0.7913380024118905,0.8176667024194995,0.7913380024118905,0.8176667024194995,0.7913380024118905,0.8176667024194995,0.7913380024118905,0.8176667024194995,0.7913380024118905,0.8176667024194995,0.7913380024118905,0.8176667024194995
0.6621621621621621,0.83,0.83,0.83,0.1554054054054053,0.55,0.55,0.55,0.728413476923101,0.6690371471005284,0.728413476923101,0.6690371471005284,0.728413476923101,0.6690371471005284,0.9026961472941122,0.8840657842379628,0.9026961472941122,0.8840657842379628,0.9026961472941122,0.8840657842379628,0.9026961472941122,0.8840657842379628,0.9026961472941122,0.8840657842379628,0.9026961472941122,0.8840657842379628,0.9026961472941122,0.8840657842379628,0.9026961472941122,0.8840657842379628,0.9026961472941122,0.8840657842379628
0.86,0.93,0.93,0.93,0.2984917572781479,0.6,0.6,0.6,0.7565403643064884,0.6409085731403072,0.7565403643064884,0.6409085731403072,0.7565403643064884,0.6409085731403072,0.9013888111183266,0.8891670335284595,0.9013888111183266,0.8891670335284595,0.9013888111183266,0.8891670335284595,0.9013888111183266,0.8891670335284595,0.9013888111183266,0.8891670335284595,0.9013888111183266,0.8891670335284595,0.9013888111183266,0.8891670335284595,0.9013888111183266,0.8891670335284595,0.9013888111183266,0.8891670335284595
0.9197109594540344,0.96,0.96,0.96,0.56,0.78,0.78,0.78,0.7458316758483963,0.7100166175729256,0.7458316758483963,0.7100166175729256,0.7458316758483963,0.7100166175729256,0.8704133090076317,0.8260136556754769,0.8704133090076317,0.8260136556754769,0.8704133090076317,0.8260136556754769,0.8704133090076317,0.8260136556754769,0.8704133090076317,0.8260136556754769,0.8704133090076317,0.8260136556754769,0.8704133090076317,0.8260136556754769,0.8704133090076317,0.8260136556754769,0.8704133090076317,0.8260136556754769
0.88,0.94,0.94,0.94,0.7938144329896908,0.9,0.9,0.9,0.7162287675132887,0.7799832237684455,0.7162287675132887,0.7799832237684455,0.7162287675132887,0.7799832237684455,0.9071128958385622,0.896107405179228,0.9071128958385622,0.896107405179228,0.9071128958385622,0.896107405179228,0.9071128958385622,0.896107405179228,0.9071128958385622,0.896107405179228,0.9071128958385622,0.896107405179228,0.9071128958385622,0.896107405179228,0.9071128958385622,0.896107405179228,0.9071128958385622,0.896107405179228
0.8178137651821862,0.91,0.91,0.91,0.9390243902439024,0.97,0.97,0.97,0.7451639493057345,0.7772771681991713,0.7451639493057345,0.7772771681991713,0.7451639493057345,0.7772771681991713,0.8673742314323966,0.8633982105166111,0.8673742314323966,0.8633982105166111,0.8673742314323966,0.8633982105166111,0.8673742314323966,0.8633982105166111,0.8673742314323966,0.8633982105166111,0.8673742314323966,0.8633982105166111,0.8673742314323966,0.8633982105166111,0.8673742314323966,0.8633982105166111,0.8673742314323966,0.8633982105166111
0.7589393330654881,0.88,0.88,0.88,0.9377593360995852,0.97,0.97,0.97,0.6928849751363747,0.7308262928164622,0.6928849751363747,0.7308262928164622,0.6928849751363747,0.7308262928164622,0.8372473799080439,0.825621247089705,0.8372473799080439,0.825621247089705,0.8372473799080439,0.825621247089705,0.8372473799080439,0.825621247089705,0.8372473799080439,0.825621247089705,0.8372473799080439,0.825621247089705,0.8372473799080439,0.825621247089705,0.8372473799080439,0.825621247089705,0.8372473799080439,0.825621247089705
0.6,0.8,0.8,0.8,0.895397489539749,0.95,0.95,0.95,0.629510809676038,0.6514637974518713,0.629510809676038,0.6514637974518713,0.629510809676038,0.6514637974518713,0.807407379195603,0.7708589522699086,0.807407379195603,0.7708589522699086,0.807407379195603,0.7708589522699086,0.807407379195603,0.7708589522699086,0.807407379195603,0.7708589522699086,0.807407379195603,0.7708589522699086,0.807407379195603,0.7708589522699086,0.807407379195603,0.7708589522699086,0.807407379195603,0.7708589522699086
0.4488188976377952,0.72,0.72,0.72,0.9360613810741688,0.97,0.97,0.97,0.7665169329849555,0.7223198996700034,0.7665169329849555,0.7223198996700034,0.7665169329849555,0.7223198996700034,0.8666595723019573,0.8167312767558961,0.8666595723019573,0.8167312767558961,0.8666595723019573,0.8167312767558961,0.8666595723019573,0.8167312767558961,0.8666595723019573,0.8167312767558961,0.8666595723019573,0.8167312767558961,0.8666595723019573,0.8167312767558961,0.8666595723019573,0.8167312767558961,0.8666595723019573,0.8167312767558961
0.5569620253164558,0.79,0.79,0.79,0.6770025839793281,0.9,0.9,0.9,0.7380035959160677,0.6618801055322447,0.7380035959160677,0.6618801055322447,0.7380035959160677,0.6618801055322447,0.8642175880114429,0.815625408095227,0.8642175880114429,0.815625408095227,0.8642175880114429,0.815625408095227,0.8642175880114429,0.815625408095227,0.8642175880114429,0.815625408095227,0.8642175880114429,0.815625408095227,0.8642175880114429,0.815625408095227,0.8642175880114429,0.815625408095227,0.8642175880114429,0.815625408095227
0.3435448577680525,0.76,0.76,0.76,0.4303797468354431,0.91,0.91,0.91,0.6018095501747066,0.6496371240464701,0.6018095501747066,0.6496371240464701,0.6018095501747066,0.6496371240464701,0.7636331508182582,0.7749051892224441,0.7636331508182582,0.7749051892224441,0.7636331508182582,0.7749051892224441,0.7636331508182582,0.7749051892224441,0.7636331508182582,0.7749051892224441,0.7636331508182582,0.7749051892224441,0.7636331508182582,0.7749051892224441,0.7636331508182582,0.7749051892224441,0.7636331508182582,0.7749051892224441
0.405893536121673,0.75,0.75,0.75,0.0,0.81,0.81,0.81,0.18211497676239016,0.2130650861064054,0.18211497676239016,0.2130650861064054,0.18211497676239016,0.2130650861064054,0.5906001476216419,0.6264193085636338,0.5906001476216419,0.6264193085636338,0.5906001476216419,0.6264193085636338,0.5906001476216419,0.6264193085636338,0.5906001476216419,0.6264193085636338,0.5906001476216419,0.6264193085636338,0.5906001476216419,0.6264193085636338,0.5906001476216419,0.6264193085636338,0.5906001476216419,0.6264193085636338
0.4056463595839524,0.68,0.68,0.68,0.1088180112570356,0.62,0.62,0.62,0.36451344842373967,0.444147661058729,0.36451344842373967,0.444147661058729,0.36451344842373967,0.444147661058729,0.6625281192144041,0.7294677193346268,0.6625281192144041,0.7294677193346268,0.6625281192144041,0.7294677193346268,0.6625281192144041,0.7294677193346268,0.6625281192144041,0.7294677193346268,0.6625281192144041,0.7294677193346268,0.6625281192144041,0.7294677193346268,0.6625281192144041,0.7294677193346268,0.6625281192144041,0.7294677193346268
0.3229166666666666,0.61,0.61,0.61,0.2350746268656716,0.59,0.59,0.59,0.6185559111417654,0.45174231597088754,0.6185559111417654,0.45174231597088754,0.6185559111417654,0.45174231597088754,0.8124094337717135,0.8172767505879457,0.8124094337717135,0.8172767505879457,0.8124094337717135,0.8172767505879457,0.8124094337717135,0.8172767505879457,0.8124094337717135,0.8172767505879457,0.8124094337717135,0.8172767505879457,0.8124094337717135,0.8172767505879457,0.8124094337717135,0.8172767505879457,0.8124094337717135,0.8172767505879457
0.3895870736086176,0.66,0.66,0.66,0.2942050520059436,0.62,0.62,0.62,0.6077151026138115,0.5218099002158707,0.6077151026138115,0.5218099002158707,0.6077151026138115,0.5218099002158707,0.783321050240039,0.8574142677730644,0.783321050240039,0.8574142677730644,0.783321050240039,0.8574142677730644,0.783321050240039,0.8574142677730644,0.783321050240039,0.8574142677730644,0.783321050240039,0.8574142677730644,0.783321050240039,0.8574142677730644,0.783321050240039,0.8574142677730644,0.783321050240039,0.8574142677730644
0.576271186440678,0.79,0.79,0.79,0.5128604832424006,0.75,0.75,0.75,0.6129694708408592,0.5938879769208036,0.6129694708408592,0.5938879769208036,0.6129694708408592,0.5938879769208036,0.8427425569479616,0.8045314472963881,0.8427425569479616,0.8045314472963881,0.8427425569479616,0.8045314472963881,0.8427425569479616,0.8045314472963881,0.8427425569479616,0.8045314472963881,0.8427425569479616,0.8045314472963881,0.8427425569479616,0.8045314472963881,0.8427425569479616,0.8045314472963881,0.8427425569479616,0.8045314472963881
0.4802494802494802,0.8,0.8,0.8,0.5777351247600767,0.78,0.78,0.78,0.20126923651739548,0.36085712619340204,0.20126923651739548,0.36085712619340204,0.20126923651739548,0.36085712619340204,0.6802900352043764,0.7205313093609096,0.6802900352043764,0.7205313093609096,0.6802900352043764,0.7205313093609096,0.6802900352043764,0.7205313093609096,0.6802900352043764,0.7205313093609096,0.6802900352043764,0.7205313093609096,0.6802900352043764,0.7205313093609096,0.6802900352043764,0.7205313093609096,0.6802900352043764,0.7205313093609096
0.5885769603097774,0.83,0.83,0.83,0.5973926380368098,0.79,0.79,0.79,0.2792185294100156,0.4666533164692049,0.2792185294100156,0.4666533164692049,0.2792185294100156,0.4666533164692049,0.6630697436589363,0.7497514468109435,0.6630697436589363,0.7497514468109435,0.6630697436589363,0.7497514468109435,0.6630697436589363,0.7497514468109435,0.6630697436589363,0.7497514468109435,0.6630697436589363,0.7497514468109435,0.6630697436589363,0.7497514468109435,0.6630697436589363,0.7497514468109435,0.6630697436589363,0.7497514468109435
0.6621621621621622,0.84,0.84,0.84,0.6621621621621621,0.83,0.83,0.83,0.5886948709866616,0.41862687506418905,0.5886948709866616,0.41862687506418905,0.5886948709866616,0.41862687506418905,0.7856101227806883,0.7408478301149368,0.7856101227806883,0.7408478301149368,0.7856101227806883,0.7408478301149368,0.7856101227806883,0.7408478301149368,0.7856101227806883,0.7408478301149368,0.7856101227806883,0.7408478301149368,0.7856101227806883,0.7408478301149368,0.7856101227806883,0.7408478301149368,0.7856101227806883,0.7408478301149368
0.7634069400630915,0.88,0.88,0.88,0.86,0.93,0.93,0.93,0.7114927283884424,0.47569032473928724,0.7114927283884424,0.47569032473928724,0.7114927283884424,0.47569032473928724,0.8439942253230405,0.7493021685596253,0.8439942253230405,0.7493021685596253,0.8439942253230405,0.7493021685596253,0.8439942253230405,0.7493021685596253,0.8439942253230405,0.7493021685596253,0.8439942253230405,0.7493021685596253,0.8439942253230405,0.7493021685596253,0.8439942253230405,0.7493021685596253,0.8439942253230405,0.7493021685596253
0.7980613893376414,0.9,0.9,0.9,0.9197109594540344,0.96,0.96,0.96,0.6918957506291404,0.42027965744397744,0.6918957506291404,0.42027965744397744,0.6918957506291404,0.42027965744397744,0.8759196271969812,0.767350907404847,0.8759196271969812,0.767350907404847,0.8759196271969812,0.767350907404847,0.8759196271969812,0.767350907404847,0.8759196271969812,0.767350907404847,0.8759196271969812,0.767350907404847,0.8759196271969812,0.767350907404847,0.8759196271969812,0.767350907404847,0.8759196271969812,0.767350907404847
0.6065057712486883,0.85,0.85,0.85,0.88,0.94,0.94,0.94,0.18915589230617097,0.1672320001052525,0.18915589230617097,0.1672320001052525,0.18915589230617097,0.1672320001052525,0.6773305353975233,0.6263334685279545,0.6773305353975233,0.6263334685279545,0.6773305353975233,0.6263334685279545,0.6773305353975233,0.6263334685279545,0.6773305353975233,0.6263334685279545,0.6773305353975233,0.6263334685279545,0.6773305353975233,0.6263334685279545,0.6773305353975233,0.6263334685279545,0.6773305353975233,0.6263334685279545
0.2384105960264901,0.77,0.77,0.77,0.8178137651821862,0.91,0.91,0.91,0.14930816962530422,0.1308811271855534,0.14930816962530422,0.1308811271855534,0.14930816962530422,0.1308811271855534,0.6333451857726478,0.6033136861797637,0.6333451857726478,0.6033136861797637,0.6333451857726478,0.6033136861797637,0.6333451857726478,0.6033136861797637,0.6333451857726478,0.6033136861797637,0.6333451857726478,0.6033136861797637,0.6333451857726478,0.6033136861797637,0.6333451857726478,0.6033136861797637,0.6333451857726478,0.6033136861797637
0.288840262582057,0.74,0.74,0.74,0.7589393330654881,0.88,0.88,0.88,0.25479863419662907,0.20324296806885497,0.25479863419662907,0.20324296806885497,0.25479863419662907,0.20324296806885497,0.6319962182452602,0.6130843436809499,0.6319962182452602,0.6130843436809499,0.6319962182452602,0.6130843436809499,0.6319962182452602,0.6130843436809499,0.6319962182452602,0.6130843436809499,0.6319962182452602,0.6130843436809499,0.6319962182452602,0.6130843436809499,0.6319962182452602,0.6130843436809499,0.6319962182452602,0.6130843436809499
0.4743758212877792,0.76,0.76,0.76,0.6,0.8,0.8,0.8,0.36978510214081634,0.4647080348007865,0.36978510214081634,0.4647080348007865,0.36978510214081634,0.4647080348007865,0.6832788011447135,0.7208218927948856,0.6832788011447135,0.7208218927948856,0.6832788011447135,0.7208218927948856,0.6832788011447135,0.7208218927948856,0.6832788011447135,0.7208218927948856,0.6832788011447135,0.7208218927948856,0.6832788011447135,0.7208218927948856,0.6832788011447135,0.7208218927948856,0.6832788011447135,0.7208218927948856
0.6652935118434604,0.87,0.87,0.87,0.4488188976377952,0.72,0.72,0.72,0.39348591263796057,0.4056232386714926,0.39348591263796057,0.4056232386714926,0.39348591263796057,0.4056232386714926,0.7747489814037005,0.7473926749141665,0.7747489814037005,0.7473926749141665,0.7747489814037005,0.7473926749141665,0.7747489814037005,0.7473926749141665,0.7747489814037005,0.7473926749141665,0.7747489814037005,0.7473926749141665,0.7747489814037005,0.7473926749141665,0.7747489814037005,0.7473926749141665,0.7747489814037005,0.7473926749141665
0.5171414775470787,0.8,0.8,0.8,0.5569620253164558,0.79,0.79,0.79,0.40817643854080504,0.42211877285209054,0.40817643854080504,0.42211877285209054,0.40817643854080504,0.42211877285209054,0.7627415512028117,0.7491787013844483,0.7627415512028117,0.7491787013844483,0.7627415512028117,0.7491787013844483,0.7627415512028117,0.7491787013844483,0.7627415512028117,0.7491787013844483,0.7627415512028117,0.7491787013844483,0.7627415512028117,0.7491787013844483,0.7627415512028117,0.7491787013844483,0.7627415512028117,0.7491787013844483
0.0,0.63,0.63,0.63,0.3435448577680525,0.76,0.76,0.76,0.13195384125393844,0.15342379785469368,0.13195384125393844,0.15342379785469368,0.13195384125393844,0.15342379785469368,0.758903423818774,0.6545568745663758,0.758903423818774,0.6545568745663758,0.758903423818774,0.6545568745663758,0.758903423818774,0.6545568745663758,0.758903423818774,0.6545568745663758,0.758903423818774,0.6545568745663758,0.758903423818774,0.6545568745663758,0.758903423818774,0.6545568745663758,0.758903423818774,0.6545568745663758
0.1160220994475137,0.52,0.52,0.52,0.405893536121673,0.75,0.75,0.75,0.1927936159953476,0.2141525626084167,0.1927936159953476,0.2141525626084167,0.1927936159953476,0.2141525626084167,0.6285889422003733,0.6566958143170539,0.6285889422003733,0.6566958143170539,0.6285889422003733,0.6566958143170539,0.6285889422003733,0.6566958143170539,0.6285889422003733,0.6566958143170539,0.6285889422003733,0.6566958143170539,0.6285889422003733,0.6566958143170539,0.6285889422003733,0.6566958143170539,0.6285889422003733,0.6566958143170539
0.1793893129770993,0.57,0.57,0.57,0.4056463595839524,0.68,0.68,0.68,0.1895096249285561,0.3958218683507618,0.1895096249285561,0.3958218683507618,0.1895096249285561,0.3958218683507618,0.6177269604412485,0.7322013871172459,0.6177269604412485,0.7322013871172459,0.6177269604412485,0.7322013871172459,0.6177269604412485,0.7322013871172459,0.6177269604412485,0.7322013871172459,0.6177269604412485,0.7322013871172459,0.6177269604412485,0.7322013871172459,0.6177269604412485,0.7322013871172459,0.6177269604412485,0.7322013871172459
0.3074259330511736,0.64,0.64,0.64,0.3229166666666666,0.61,0.61,0.61,0.19472549467643355,0.38284115851431516,0.19472549467643355,0.38284115851431516,0.19472549467643355,0.38284115851431516,0.6155243891918162,0.7330740113739284,0.6155243891918162,0.7330740113739284,0.6155243891918162,0.7330740113739284,0.6155243891918162,0.7330740113739284,0.6155243891918162,0.7330740113739284,0.6155243891918162,0.7330740113739284,0.6155243891918162,0.7330740113739284,0.6155243891918162,0.7330740113739284,0.6155243891918162,0.7330740113739284
0.4399999999999999,0.72,0.72,0.72,0.3895870736086176,0.66,0.66,0.66,0.1687824553769796,0.5771586866795879,0.1687824553769796,0.5771586866795879,0.1687824553769796,0.5771586866795879,0.6298867209362302,0.7954176039846322,0.6298867209362302,0.7954176039846322,0.6298867209362302,0.7954176039846322,0.6298867209362302,0.7954176039846322,0.6298867209362302,0.7954176039846322,0.6298867209362302,0.7954176039846322,0.6298867209362302,0.7954176039846322,0.6298867209362302,0.7954176039846322,0.6298867209362302,0.7954176039846322
0.5103092783505154,0.81,0.81,0.81,0.576271186440678,0.79,0.79,0.79,0.18762744242022114,0.49034400492757185,0.18762744242022114,0.49034400492757185,0.18762744242022114,0.49034400492757185,0.6342734957521635,0.7139419928480234,0.6342734957521635,0.7139419928480234,0.6342734957521635,0.7139419928480234,0.6342734957521635,0.7139419928480234,0.6342734957521635,0.7139419928480234,0.6342734957521635,0.7139419928480234,0.6342734957521635,0.7139419928480234,0.6342734957521635,0.7139419928480234,0.6342734957521635,0.7139419928480234
0.576271186440678,0.84,0.84,0.84,0.4802494802494802,0.8,0.8,0.8,0.2464546272668454,0.5112897790357362,0.2464546272668454,0.5112897790357362,0.2464546272668454,0.5112897790357362,0.599288014337455,0.6899220078893876,0.599288014337455,0.6899220078893876,0.599288014337455,0.6899220078893876,0.599288014337455,0.6899220078893876,0.599288014337455,0.6899220078893876,0.599288014337455,0.6899220078893876,0.599288014337455,0.6899220078893876,0.599288014337455,0.6899220078893876,0.599288014337455,0.6899220078893876
0.6361746361746361,0.86,0.86,0.86,0.5885769603097774,0.83,0.83,0.83,0.2662226541956265,0.5719971732756569,0.2662226541956265,0.5719971732756569,0.2662226541956265,0.5719971732756569,0.6737068762364027,0.7538830457663253,0.6737068762364027,0.7538830457663253,0.6737068762364027,0.7538830457663253,0.6737068762364027,0.7538830457663253,0.6737068762364027,0.7538830457663253,0.6737068762364027,0.7538830457663253,0.6737068762364027,0.7538830457663253,0.6737068762364027,0.7538830457663253,0.6737068762364027,0.7538830457663253
0.5551601423487544,0.85,0.85,0.85,0.6621621621621622,0.84,0.84,0.84,0.26685748565060285,0.4449652141423823,0.26685748565060285,0.4449652141423823,0.26685748565060285,0.4449652141423823,0.6905882040600417,0.7536504440325766,0.6905882040600417,0.7536504440325766,0.6905882040600417,0.7536504440325766,0.6905882040600417,0.7536504440325766,0.6905882040600417,0.7536504440325766,0.6905882040600417,0.7536504440325766,0.6905882040600417,0.7536504440325766,0.6905882040600417,0.7536504440325766,0.6905882040600417,0.7536504440325766
0.4820065430752454,0.81,0.81,0.81,0.7634069400630915,0.88,0.88,0.88,0.30642537005404696,0.4988938302858158,0.30642537005404696,0.4988938302858158,0.30642537005404696,0.4988938302858158,0.6965070175320531,0.7543067269169784,0.6965070175320531,0.7543067269169784,0.6965070175320531,0.7543067269169784,0.6965070175320531,0.7543067269169784,0.6965070175320531,0.7543067269169784,0.6965070175320531,0.7543067269169784,0.6965070175320531,0.7543067269169784,0.6965070175320531,0.7543067269169784,0.6965070175320531,0.7543067269169784
0.3243243243243243,0.77,0.77,0.77,0.7980613893376414,0.9,0.9,0.9,0.30322986561290055,0.3841154571175417,0.30322986561290055,0.3841154571175417,0.30322986561290055,0.3841154571175417,0.6942372315076297,0.7135482708875384,0.6942372315076297,0.7135482708875384,0.6942372315076297,0.7135482708875384,0.6942372315076297,0.7135482708875384,0.6942372315076297,0.7135482708875384,0.6942372315076297,0.7135482708875384,0.6942372315076297,0.7135482708875384,0.6942372315076297,0.7135482708875384,0.6942372315076297,0.7135482708875384
0.2384105960264901,0.77,0.77,0.77,0.6065057712486883,0.85,0.85,0.85,0.15356171925478718,0.17060833161176472,0.15356171925478718,0.17060833161176472,0.15356171925478718,0.17060833161176472,0.6636250506286154,0.6791091710227993,0.6636250506286154,0.6791091710227993,0.6636250506286154,0.6791091710227993,0.6636250506286154,0.6791091710227993,0.6636250506286154,0.6791091710227993,0.6636250506286154,0.6791091710227993,0.6636250506286154,0.6791091710227993,0.6636250506286154,0.6791091710227993,0.6636250506286154,0.6791091710227993
0.1304347826086956,0.62,0.62,0.62,0.2384105960264901,0.77,0.77,0.77,0.14781017289150777,0.26254177939888623,0.14781017289150777,0.26254177939888623,0.14781017289150777,0.26254177939888623,0.6408976484218161,0.6910369275944317,0.6408976484218161,0.6910369275944317,0.6408976484218161,0.6910369275944317,0.6408976484218161,0.6910369275944317,0.6408976484218161,0.6910369275944317,0.6408976484218161,0.6910369275944317,0.6408976484218161,0.6910369275944317,0.6408976484218161,0.6910369275944317,0.6408976484218161,0.6910369275944317
0.1233373639661425,0.71,0.71,0.71,0.288840262582057,0.74,0.74,0.74,0.14644510400241711,0.24737613824212223,0.14644510400241711,0.24737613824212223,0.14644510400241711,0.24737613824212223,0.6400579754842414,0.6806071908484846,0.6400579754842414,0.6806071908484846,0.6400579754842414,0.6806071908484846,0.6400579754842414,0.6806071908484846,0.6400579754842414,0.6806071908484846,0.6400579754842414,0.6806071908484846,0.6400579754842414,0.6806071908484846,0.6400579754842414,0.6806071908484846,0.6400579754842414,0.6806071908484846
0.1132723112128144,0.69,0.69,0.69,0.4743758212877792,0.76,0.76,0.76,0.15299503861188646,0.1618983509558176,0.15299503861188646,0.1618983509558176,0.15299503861188646,0.1618983509558176,0.626876246758902,0.5974514553383549,0.626876246758902,0.5974514553383549,0.626876246758902,0.5974514553383549,0.626876246758902,0.5974514553383549,0.626876246758902,0.5974514553383549,0.626876246758902,0.5974514553383549,0.626876246758902,0.5974514553383549,0.626876246758902,0.5974514553383549,0.626876246758902,0.5974514553383549
0.1045845272206303,0.75,0.75,0.75,0.6652935118434604,0.87,0.87,0.87,0.15517662719873454,0.17638233725031666,0.15517662719873454,0.17638233725031666,0.15517662719873454,0.17638233725031666,0.6361098699536513,0.5954840036836427,0.6361098699536513,0.5954840036836427,0.6361098699536513,0.5954840036836427,0.6361098699536513,0.5954840036836427,0.6361098699536513,0.5954840036836427,0.6361098699536513,0.5954840036836427,0.6361098699536513,0.5954840036836427,0.6361098699536513,0.5954840036836427,0.6361098699536513,0.5954840036836427
0.2106561420818945,0.68,0.68,0.68,0.5171414775470787,0.8,0.8,0.8,0.21862478609854585,0.31499311043713873,0.21862478609854585,0.31499311043713873,0.21862478609854585,0.31499311043713873,0.6262276858866979,0.6280077317053333,0.6262276858866979,0.6280077317053333,0.6262276858866979,0.6280077317053333,0.6262276858866979,0.6280077317053333,0.6262276858866979,0.6280077317053333,0.6262276858866979,0.6280077317053333,0.6262276858866979,0.6280077317053333,0.6262276858866979,0.6280077317053333,0.6262276858866979,0.6280077317053333
0.2272024729520864,0.7,0.7,0.7,0.0,0.63,0.63,0.63,0.2066295486950465,0.288304683840794,0.2066295486950465,0.288304683840794,0.2066295486950465,0.288304683840794,0.6251112354071633,0.6063821396428385,0.6251112354071633,0.6063821396428385,0.6251112354071633,0.6063821396428385,0.6251112354071633,0.6063821396428385,0.6251112354071633,0.6063821396428385,0.6251112354071633,0.6063821396428385,0.6251112354071633,0.6063821396428385,0.6251112354071633,0.6063821396428385,0.6251112354071633,0.6063821396428385
0.2592592592592592,0.76,0.76,0.76,0.1160220994475137,0.52,0.52,0.52,0.23467034848493595,0.2886169089295962,0.23467034848493595,0.2886169089295962,0.23467034848493595,0.2886169089295962,0.6878684821004858,0.7072379060843617,0.6878684821004858,0.7072379060843617,0.6878684821004858,0.7072379060843617,0.6878684821004858,0.7072379060843617,0.6878684821004858,0.7072379060843617,0.6878684821004858,0.7072379060843617,0.6878684821004858,0.7072379060843617,0.6878684821004858,0.7072379060843617,0.6878684821004858,0.7072379060843617
0.1812227074235808,0.85,0.85,0.85,0.1793893129770993,0.57,0.57,0.57,0.2675381863230201,0.3173819115706667,0.2675381863230201,0.3173819115706667,0.2675381863230201,0.3173819115706667,0.673565969930056,0.6985245198838362,0.673565969930056,0.6985245198838362,0.673565969930056,0.6985245198838362,0.673565969930056,0.6985245198838362,0.673565969930056,0.6985245198838362,0.673565969930056,0.6985245198838362,0.673565969930056,0.6985245198838362,0.673565969930056,0.6985245198838362,0.673565969930056,0.6985245198838362
0.1045845272206303,0.75,0.75,0.75,0.3074259330511736,0.64,0.64,0.64,0.22479753084118598,0.30356816255077096,0.22479753084118598,0.30356816255077096,0.22479753084118598,0.30356816255077096,0.6771921738610068,0.6654915680314544,0.6771921738610068,0.6654915680314544,0.6771921738610068,0.6654915680314544,0.6771921738610068,0.6654915680314544,0.6771921738610068,0.6654915680314544,0.6771921738610068,0.6654915680314544,0.6771921738610068,0.6654915680314544,0.6771921738610068,0.6654915680314544,0.6771921738610068,0.6654915680314544
0.0730337078651683,0.67,0.67,0.67,0.4399999999999999,0.72,0.72,0.72,0.19915526881429632,0.31756308428785524,0.19915526881429632,0.31756308428785524,0.19915526881429632,0.31756308428785524,0.7060180959016562,0.6809568825559018,0.7060180959016562,0.6809568825559018,0.7060180959016562,0.6809568825559018,0.7060180959016562,0.6809568825559018,0.7060180959016562,0.6809568825559018,0.7060180959016562,0.6809568825559018,0.7060180959016562,0.6809568825559018,0.7060180959016562,0.6809568825559018,0.7060180959016562,0.6809568825559018
0.0482664853840925,0.72,0.72,0.72,0.5103092783505154,0.81,0.81,0.81,0.17776847798605858,0.17493571766660232,0.17776847798605858,0.17493571766660232,0.17776847798605858,0.17493571766660232,0.6936125719848739,0.6956572363974849,0.6936125719848739,0.6956572363974849,0.6936125719848739,0.6956572363974849,0.6936125719848739,0.6956572363974849,0.6936125719848739,0.6956572363974849,0.6936125719848739,0.6956572363974849,0.6936125719848739,0.6956572363974849,0.6936125719848739,0.6956572363974849,0.6936125719848739,0.6956572363974849
0.0225244368890777,0.54,0.54,0.54,0.576271186440678,0.84,0.84,0.84,0.11998489144196603,0.14720241508926854,0.11998489144196603,0.14720241508926854,0.11998489144196603,0.14720241508926854,0.6647298571962097,0.7064938701458829,0.6647298571962097,0.7064938701458829,0.6647298571962097,0.7064938701458829,0.6647298571962097,0.7064938701458829,0.6647298571962097,0.7064938701458829,0.6647298571962097,0.7064938701458829,0.6647298571962097,0.7064938701458829,0.6647298571962097,0.7064938701458829,0.6647298571962097,0.7064938701458829
0.0225244368890777,0.54,0.54,0.54,0.6361746361746361,0.86,0.86,0.86,0.15745417200420578,0.1587073035287682,0.15745417200420578,0.1587073035287682,0.15745417200420578,0.1587073035287682,0.5973450991778193,0.5841334082136245,0.5973450991778193,0.5841334082136245,0.5973450991778193,0.5841334082136245,0.5973450991778193,0.5841334082136245,0.5973450991778193,0.5841334082136245,0.5973450991778193,0.5841334082136245,0.5973450991778193,0.5841334082136245,0.5973450991778193,0.5841334082136245,0.5973450991778193,0.5841334082136245
0.0279672578444747,0.43,0.43,0.43,0.5551601423487544,0.85,0.85,0.85,0.1494939938056924,0.11384340587661773,0.1494939938056924,0.11384340587661773,0.1494939938056924,0.11384340587661773,0.57366402140891,0.5655356599572435,0.57366402140891,0.5655356599572435,0.57366402140891,0.5655356599572435,0.57366402140891,0.5655356599572435,0.57366402140891,0.5655356599572435,0.57366402140891,0.5655356599572435,0.57366402140891,0.5655356599572435,0.57366402140891,0.5655356599572435,0.57366402140891,0.5655356599572435
0.0728476821192052,0.58,0.58,0.58,0.4820065430752454,0.81,0.81,0.81,0.21933399388420835,0.19508691918678658,0.21933399388420835,0.19508691918678658,0.21933399388420835,0.19508691918678658,0.6178456174756418,0.6124844609376687,0.6178456174756418,0.6124844609376687,0.6178456174756418,0.6124844609376687,0.6178456174756418,0.6124844609376687,0.6178456174756418,0.6124844609376687,0.6178456174756418,0.6124844609376687,0.6178456174756418,0.6124844609376687,0.6178456174756418,0.6124844609376687,0.6178456174756418,0.6124844609376687
0.5291479820627802,0.79,0.79,0.79,0.3243243243243243,0.77,0.77,0.77,0.24436449462507373,0.23558501580157892,0.24436449462507373,0.23558501580157892,0.24436449462507373,0.23558501580157892,0.617972828939443,0.5640723329500565,0.617972828939443,0.5640723329500565,0.617972828939443,0.5640723329500565,0.617972828939443,0.5640723329500565,0.617972828939443,0.5640723329500565,0.617972828939443,0.5640723329500565,0.617972828939443,0.5640723329500565,0.617972828939443,0.5640723329500565,0.617972828939443,0.5640723329500565
0.6659707724425887,0.84,0.84,0.84,0.2384105960264901,0.77,0.77,0.77,0.6831181592295116,0.6783898204430882,0.6831181592295116,0.6783898204430882,0.6831181592295116,0.6783898204430882,0.8060867142523966,0.8049816910140154,0.8060867142523966,0.8049816910140154,0.8060867142523966,0.8049816910140154,0.8060867142523966,0.8049816910140154,0.8060867142523966,0.8049816910140154,0.8060867142523966,0.8049816910140154,0.8060867142523966,0.8049816910140154,0.8060867142523966,0.8049816910140154,0.8060867142523966,0.8049816910140154
0.9160721779269828,0.96,0.96,0.96,0.1304347826086956,0.62,0.62,0.62,0.7833782779081623,0.7564374038208641,0.7833782779081623,0.7564374038208641,0.7833782779081623,0.7564374038208641,0.8963805560210502,0.8726137252642399,0.8963805560210502,0.8726137252642399,0.8963805560210502,0.8726137252642399,0.8963805560210502,0.8726137252642399,0.8963805560210502,0.8726137252642399,0.8963805560210502,0.8726137252642399,0.8963805560210502,0.8726137252642399,0.8963805560210502,0.8726137252642399,0.8963805560210502,0.8726137252642399
0.9122422114962704,0.96,0.96,0.96,0.1233373639661425,0.71,0.71,0.71,0.7901902523832902,0.8119390740638006,0.7901902523832902,0.8119390740638006,0.7901902523832902,0.8119390740638006,0.9211529664682031,0.904126108801803,0.9211529664682031,0.904126108801803,0.9211529664682031,0.904126108801803,0.9211529664682031,0.904126108801803,0.9211529664682031,0.904126108801803,0.9211529664682031,0.904126108801803,0.9211529664682031,0.904126108801803,0.9211529664682031,0.904126108801803,0.9211529664682031,0.904126108801803
0.9049429657794676,0.96,0.96,0.96,0.1132723112128144,0.69,0.69,0.69,0.8409709328596581,0.7556056705821765,0.8409709328596581,0.7556056705821765,0.8409709328596581,0.7556056705821765,0.9193521025744752,0.8254066389211658,0.9193521025744752,0.8254066389211658,0.9193521025744752,0.8254066389211658,0.9193521025744752,0.8254066389211658,0.9193521025744752,0.8254066389211658,0.9193521025744752,0.8254066389211658,0.9193521025744752,0.8254066389211658,0.9193521025744752,0.8254066389211658,0.9193521025744752,0.8254066389211658
0.7204472843450479,0.93,0.93,0.93,0.1045845272206303,0.75,0.75,0.75,0.35838139069189656,0.47241321605733017,0.35838139069189656,0.47241321605733017,0.35838139069189656,0.47241321605733017,0.7370176427681878,0.7987770973204951,0.7370176427681878,0.7987770973204951,0.7370176427681878,0.7987770973204951,0.7370176427681878,0.7987770973204951,0.7370176427681878,0.7987770973204951,0.7370176427681878,0.7987770973204951,0.7370176427681878,0.7987770973204951,0.7370176427681878,0.7987770973204951,0.7370176427681878,0.7987770973204951
0.2073170731707316,0.87,0.87,0.87,0.2106561420818945,0.68,0.68,0.68,0.21373112583691137,0.3091761971999681,0.21373112583691137,0.3091761971999681,0.21373112583691137,0.3091761971999681,0.6803442303019271,0.6870708371602268,0.6803442303019271,0.6870708371602268,0.6803442303019271,0.6870708371602268,0.6803442303019271,0.6870708371602268,0.6803442303019271,0.6870708371602268,0.6803442303019271,0.6870708371602268,0.6803442303019271,0.6870708371602268,0.6803442303019271,0.6870708371602268,0.6803442303019271,0.6870708371602268
0.0,0.73,0.73,0.73,0.2272024729520864,0.7,0.7,0.7,0.1272566621728434,0.18838598461381015,0.1272566621728434,0.18838598461381015,0.1272566621728434,0.18838598461381015,0.7464856884085892,0.7346690198784549,0.7464856884085892,0.7346690198784549,0.7464856884085892,0.7346690198784549,0.7464856884085892,0.7346690198784549,0.7464856884085892,0.7346690198784549,0.7464856884085892,0.7346690198784549,0.7464856884085892,0.7346690198784549,0.7464856884085892,0.7346690198784549,0.7464856884085892,0.7346690198784549
0.0,0.66,0.66,0.66,0.2592592592592592,0.76,0.76,0.76,0.15768891167128463,0.1412756706623509,0.15768891167128463,0.1412756706623509,0.15768891167128463,0.1412756706623509,0.697511797690161,0.6226315483251754,0.697511797690161,0.6226315483251754,0.697511797690161,0.6226315483251754,0.697511797690161,0.6226315483251754,0.697511797690161,0.6226315483251754,0.697511797690161,0.6226315483251754,0.697511797690161,0.6226315483251754,0.697511797690161,0.6226315483251754,0.697511797690161,0.6226315483251754
-0.0649087221095334,0.58,0.58,0.58,0.1812227074235808,0.85,0.85,0.85,0.1793082509290529,0.14574621068653912,0.1793082509290529,0.14574621068653912,0.1793082509290529,0.14574621068653912,0.5975008878782913,0.5558503618359631,0.5975008878782913,0.5558503618359631,0.5975008878782913,0.5558503618359631,0.5975008878782913,0.5558503618359631,0.5975008878782913,0.5558503618359631,0.5975008878782913,0.5558503618359631,0.5975008878782913,0.5558503618359631,0.5975008878782913,0.5558503618359631,0.5975008878782913,0.5558503618359631
-0.0781671159029651,0.6,0.6,0.6,0.1045845272206303,0.75,0.75,0.75,0.20936478531027913,0.21787896279791583,0.20936478531027913,0.21787896279791583,0.20936478531027913,0.21787896279791583,0.6186055727461578,0.5707337576158545,0.6186055727461578,0.5707337576158545,0.6186055727461578,0.5707337576158545,0.6186055727461578,0.5707337576158545,0.6186055727461578,0.5707337576158545,0.6186055727461578,0.5707337576158545,0.6186055727461578,0.5707337576158545,0.6186055727461578,0.5707337576158545,0.6186055727461578,0.5707337576158545
-0.0647359454855196,0.75,0.75,0.75,0.0730337078651683,0.67,0.67,0.67,0.1962013521631658,0.23148337800981944,0.1962013521631658,0.23148337800981944,0.1962013521631658,0.23148337800981944,0.6499341639112938,0.5982562773105392,0.6499341639112938,0.5982562773105392,0.6499341639112938,0.5982562773105392,0.6499341639112938,0.5982562773105392,0.6499341639112938,0.5982562773105392,0.6499341639112938,0.5982562773105392,0.6499341639112938,0.5982562773105392,0.6499341639112938,0.5982562773105392,0.6499341639112938,0.5982562773105392
0.040920716112532,0.7,0.7,0.7,0.0482664853840925,0.72,0.72,0.72,0.206749711495192,0.23684851215502786,0.206749711495192,0.23684851215502786,0.206749711495192,0.23684851215502786,0.6327950013923744,0.6233712100338904,0.6327950013923744,0.6233712100338904,0.6327950013923744,0.6233712100338904,0.6327950013923744,0.6233712100338904,0.6327950013923744,0.6233712100338904,0.6327950013923744,0.6233712100338904,0.6327950013923744,0.6233712100338904,0.6327950013923744,0.6233712100338904,0.6327950013923744,0.6233712100338904
0.0217391304347825,0.55,0.55,0.55,0.0225244368890777,0.54,0.54,0.54,0.19859908876678883,0.2148481795258208,0.19859908876678883,0.2148481795258208,0.19859908876678883,0.2148481795258208,0.6537773673572902,0.6234199432456894,0.6537773673572902,0.6234199432456894,0.6537773673572902,0.6234199432456894,0.6537773673572902,0.6234199432456894,0.6537773673572902,0.6234199432456894,0.6537773673572902,0.6234199432456894,0.6537773673572902,0.6234199432456894,0.6537773673572902,0.6234199432456894,0.6537773673572902,0.6234199432456894
-0.0360054347826088,0.39,0.39,0.39,0.0225244368890777,0.54,0.54,0.54,0.24892819081093645,0.2881124730061179,0.24892819081093645,0.2881124730061179,0.24892819081093645,0.2881124730061179,0.6043355766957732,0.6371525157995722,0.6043355766957732,0.6371525157995722,0.6043355766957732,0.6371525157995722,0.6043355766957732,0.6371525157995722,0.6043355766957732,0.6371525157995722,0.6043355766957732,0.6371525157995722,0.6043355766957732,0.6371525157995722,0.6043355766957732,0.6371525157995722,0.6043355766957732,0.6371525157995722
-0.0648148148148148,0.31,0.31,0.31,0.0279672578444747,0.43,0.43,0.43,0.26468706826669325,0.4266627425599417,0.26468706826669325,0.4266627425599417,0.26468706826669325,0.4266627425599417,0.6876617617739517,0.7020104528273701,0.6876617617739517,0.7020104528273701,0.6876617617739517,0.7020104528273701,0.6876617617739517,0.7020104528273701,0.6876617617739517,0.7020104528273701,0.6876617617739517,0.7020104528273701,0.6876617617739517,0.7020104528273701,0.6876617617739517,0.7020104528273701,0.6876617617739517,0.7020104528273701
-0.0760667903525045,0.42,0.42,0.42,0.0728476821192052,0.58,0.58,0.58,0.241227667369805,0.3627699391702669,0.241227667369805,0.3627699391702669,0.241227667369805,0.3627699391702669,0.6993046120386937,0.7487420431947344,0.6993046120386937,0.7487420431947344,0.6993046120386937,0.7487420431947344,0.6993046120386937,0.7487420431947344,0.6993046120386937,0.7487420431947344,0.6993046120386937,0.7487420431947344,0.6993046120386937,0.7487420431947344,0.6993046120386937,0.7487420431947344,0.6993046120386937,0.7487420431947344
-0.081825334382376,0.45,0.45,0.45,0.5291479820627802,0.79,0.79,0.79,0.21828783335199073,0.33190723958252105,0.21828783335199073,0.33190723958252105,0.21828783335199073,0.33190723958252105,0.6928305056969062,0.7484338753706757,0.6928305056969062,0.7484338753706757,0.6928305056969062,0.7484338753706757,0.6928305056969062,0.7484338753706757,0.6928305056969062,0.7484338753706757,0.6928305056969062,0.7484338753706757,0.6928305056969062,0.7484338753706757,0.6928305056969062,0.7484338753706757,0.6928305056969062,0.7484338753706757
-0.0015408320493066,0.48,0.48,0.48,0.6659707724425887,0.84,0.84,0.84,0.15585415722933935,0.25769565192263993,0.15585415722933935,0.25769565192263993,0.15585415722933935,0.25769565192263993,0.681902437938333,0.7260064441334622,0.681902437938333,0.7260064441334622,0.681902437938333,0.7260064441334622,0.681902437938333,0.7260064441334622,0.681902437938333,0.7260064441334622,0.681902437938333,0.7260064441334622,0.681902437938333,0.7260064441334622,0.681902437938333,0.7260064441334622,0.681902437938333,0.7260064441334622
-0.2162162162162162,0.37,0.37,0.37,0.9160721779269828,0.96,0.96,0.96,0.37041766516676194,0.2509495747806794,0.37041766516676194,0.2509495747806794,0.37041766516676194,0.2509495747806794,0.6860710967992162,0.6377975705279286,0.6860710967992162,0.6377975705279286,0.6860710967992162,0.6377975705279286,0.6860710967992162,0.6377975705279286,0.6860710967992162,0.6377975705279286,0.6860710967992162,0.6377975705279286,0.6860710967992162,0.6377975705279286,0.6860710967992162,0.6377975705279286,0.6860710967992162,0.6377975705279286
-0.24,0.38,0.38,0.38,0.9122422114962704,0.96,0.96,0.96,0.6337632712061838,0.5570092761861676,0.6337632712061838,0.5570092761861676,0.6337632712061838,0.5570092761861676,0.8203438315809933,0.7153441850317284,0.8203438315809933,0.7153441850317284,0.8203438315809933,0.7153441850317284,0.8203438315809933,0.7153441850317284,0.8203438315809933,0.7153441850317284,0.8203438315809933,0.7153441850317284,0.8203438315809933,0.7153441850317284,0.8203438315809933,0.7153441850317284,0.8203438315809933,0.7153441850317284
-0.3031275060144345,0.35,0.35,0.35,0.9049429657794676,0.96,0.96,0.96,0.6514040072019931,0.6371979829440225,0.6514040072019931,0.6371979829440225,0.6514040072019931,0.6371979829440225,0.8176843199562962,0.7613181457165915,0.8176843199562962,0.7613181457165915,0.8176843199562962,0.7613181457165915,0.8176843199562962,0.7613181457165915,0.8176843199562962,0.7613181457165915,0.8176843199562962,0.7613181457165915,0.8176843199562962,0.7613181457165915,0.8176843199562962,0.7613181457165915,0.8176843199562962,0.7613181457165915
-0.1242845461978741,0.45,0.45,0.45,0.7204472843450479,0.93,0.93,0.93,0.5748258208984203,0.5591322958576719,0.5748258208984203,0.5591322958576719,0.5748258208984203,0.5591322958576719,0.7893058245043157,0.7777618465436454,0.7893058245043157,0.7777618465436454,0.7893058245043157,0.7777618465436454,0.7893058245043157,0.7777618465436454,0.7893058245043157,0.7777618465436454,0.7893058245043157,0.7777618465436454,0.7893058245043157,0.7777618465436454,0.7893058245043157,0.7777618465436454,0.7893058245043157,0.7777618465436454
