recall,precision,f1-score,kappa,last_recall,last_precision,last_f1-score,last_kappa,recall_pred_0_with_drift,recall_pred_0_without_drift,recall_pred_1_with_drift,recall_pred_1_without_drift,recall_pred_2_with_drift,recall_pred_2_without_drift,precision_pred_0_with_drift,precision_pred_0_without_drift,precision_pred_1_with_drift,precision_pred_1_without_drift,precision_pred_2_with_drift,precision_pred_2_without_drift,f1-score_pred_0_with_drift,f1-score_pred_0_without_drift,f1-score_pred_1_with_drift,f1-score_pred_1_without_drift,f1-score_pred_2_with_drift,f1-score_pred_2_without_drift,kappa_pred_0_with_drift,kappa_pred_0_without_drift,kappa_pred_1_with_drift,kappa_pred_1_without_drift,kappa_pred_2_with_drift,kappa_pred_2_without_drift
0.755,0.755,0.755,0.3480574773815859,,,,,0.0,0.0,0.0,0.0,0.0,0.0,0.0,0.0,0.0,0.0,0.0,0.0,0.0,0.0,0.0,0.0,0.0,0.0,0.0,0.0,0.0,0.0,0.0,0.0
0.655,0.655,0.655,0.0521978021978021,,,,,0.0,0.0,0.0,0.0,0.0,0.0,0.0,0.0,0.0,0.0,0.0,0.0,0.0,0.0,0.0,0.0,0.0,0.0,0.0,0.0,0.0,0.0,0.0,0.0
0.64,0.64,0.64,0.0922844175491678,,,,,0.0,0.0,0.0,0.0,0.0,0.0,0.0,0.0,0.0,0.0,0.0,0.0,0.0,0.0,0.0,0.0,0.0,0.0,0.0,0.0,0.0,0.0,0.0,0.0
0.57,0.57,0.57,0.0595954073264077,,,,,0.0,0.0,0.0,0.0,0.0,0.0,0.0,0.0,0.0,0.0,0.0,0.0,0.0,0.0,0.0,0.0,0.0,0.0,0.0,0.0,0.0,0.0,0.0,0.0
0.54,0.54,0.54,0.0530108080288215,,,,,0.0,0.0,0.0,0.0,0.0,0.0,0.0,0.0,0.0,0.0,0.0,0.0,0.0,0.0,0.0,0.0,0.0,0.0,0.0,0.0,0.0,0.0,0.0,0.0
0.57,0.57,0.57,0.0595954073264077,,,,,0.0,0.0,0.0,0.0,0.0,0.0,0.0,0.0,0.0,0.0,0.0,0.0,0.0,0.0,0.0,0.0,0.0,0.0,0.0,0.0,0.0,0.0,0.0,0.0
0.505,0.505,0.505,0.0544412607449855,,,,,0.0,0.0,0.0,0.0,0.0,0.0,0.0,0.0,0.0,0.0,0.0,0.0,0.0,0.0,0.0,0.0,0.0,0.0,0.0,0.0,0.0,0.0,0.0,0.0
0.49,0.49,0.49,0.1237113402061855,,,,,0.0,0.0,0.0,0.0,0.0,0.0,0.0,0.0,0.0,0.0,0.0,0.0,0.0,0.0,0.0,0.0,0.0,0.0,0.0,0.0,0.0,0.0,0.0,0.0
0.595,0.595,0.595,0.2129809560823939,,,,,0.0,0.0,0.0,0.0,0.0,0.0,0.0,0.0,0.0,0.0,0.0,0.0,0.0,0.0,0.0,0.0,0.0,0.0,0.0,0.0,0.0,0.0,0.0,0.0
0.61,0.61,0.61,0.2256527350342498,,,,,0.0,0.0,0.0,0.0,0.0,0.0,0.0,0.0,0.0,0.0,0.0,0.0,0.0,0.0,0.0,0.0,0.0,0.0,0.0,0.0,0.0,0.0,0.0,0.0
0.715,0.715,0.715,0.3868330464716007,,,,,0.0,0.0,0.0,0.0,0.0,0.0,0.0,0.0,0.0,0.0,0.0,0.0,0.0,0.0,0.0,0.0,0.0,0.0,0.0,0.0,0.0,0.0,0.0,0.0
0.725,0.725,0.725,0.4186046511627906,,,,,0.0,0.0,0.0,0.0,0.0,0.0,0.0,0.0,0.0,0.0,0.0,0.0,0.0,0.0,0.0,0.0,0.0,0.0,0.0,0.0,0.0,0.0,0.0,0.0
0.72,0.72,0.72,0.4158756649629707,,,,,0.0,0.0,0.0,0.0,0.0,0.0,0.0,0.0,0.0,0.0,0.0,0.0,0.0,0.0,0.0,0.0,0.0,0.0,0.0,0.0,0.0,0.0,0.0,0.0
0.74,0.74,0.74,0.4518815220828502,,,,,0.0,0.0,0.0,0.0,0.0,0.0,0.0,0.0,0.0,0.0,0.0,0.0,0.0,0.0,0.0,0.0,0.0,0.0,0.0,0.0,0.0,0.0,0.0,0.0
0.735,0.735,0.735,0.4084821428571428,,,,,0.0,0.0,0.0,0.0,0.0,0.0,0.0,0.0,0.0,0.0,0.0,0.0,0.0,0.0,0.0,0.0,0.0,0.0,0.0,0.0,0.0,0.0,0.0,0.0
0.71,0.71,0.71,0.335243553008596,,,,,0.0,0.0,0.0,0.0,0.0,0.0,0.0,0.0,0.0,0.0,0.0,0.0,0.0,0.0,0.0,0.0,0.0,0.0,0.0,0.0,0.0,0.0,0.0,0.0
0.655,0.655,0.655,0.3233967444596979,,,,,0.0,0.0,0.0,0.0,0.0,0.0,0.0,0.0,0.0,0.0,0.0,0.0,0.0,0.0,0.0,0.0,0.0,0.0,0.0,0.0,0.0,0.0,0.0,0.0
0.68,0.68,0.68,0.3149951835598844,,,,,0.0,0.0,0.0,0.0,0.0,0.0,0.0,0.0,0.0,0.0,0.0,0.0,0.0,0.0,0.0,0.0,0.0,0.0,0.0,0.0,0.0,0.0,0.0,0.0
0.7,0.7,0.7,0.3548387096774194,,,,,0.0,0.0,0.0,0.0,0.0,0.0,0.0,0.0,0.0,0.0,0.0,0.0,0.0,0.0,0.0,0.0,0.0,0.0,0.0,0.0,0.0,0.0,0.0,0.0
0.7,0.7,0.7,0.3798449612403101,,,,,0.0,0.0,0.0,0.0,0.0,0.0,0.0,0.0,0.0,0.0,0.0,0.0,0.0,0.0,0.0,0.0,0.0,0.0,0.0,0.0,0.0,0.0,0.0,0.0
0.715,0.715,0.715,0.4269052885582144,,,,,0.0,0.0,0.0,0.0,0.0,0.0,0.0,0.0,0.0,0.0,0.0,0.0,0.0,0.0,0.0,0.0,0.0,0.0,0.0,0.0,0.0,0.0,0.0,0.0
0.775,0.775,0.775,0.546645174289744,,,,,0.0,0.0,0.0,0.0,0.0,0.0,0.0,0.0,0.0,0.0,0.0,0.0,0.0,0.0,0.0,0.0,0.0,0.0,0.0,0.0,0.0,0.0,0.0,0.0
0.805,0.805,0.805,0.6153087393963306,,,,,0.0,0.0,0.0,0.0,0.0,0.0,0.0,0.0,0.0,0.0,0.0,0.0,0.0,0.0,0.0,0.0,0.0,0.0,0.0,0.0,0.0,0.0,0.0,0.0
0.835,0.835,0.835,0.6614690192860073,,,,,0.0,0.0,0.0,0.0,0.0,0.0,0.0,0.0,0.0,0.0,0.0,0.0,0.0,0.0,0.0,0.0,0.0,0.0,0.0,0.0,0.0,0.0,0.0,0.0
0.845,0.845,0.845,0.6801485761452745,,,,,0.0,0.0,0.0,0.0,0.0,0.0,0.0,0.0,0.0,0.0,0.0,0.0,0.0,0.0,0.0,0.0,0.0,0.0,0.0,0.0,0.0,0.0,0.0,0.0
0.855,0.855,0.855,0.6843021989984759,,,,,0.0,0.0,0.0,0.0,0.0,0.0,0.0,0.0,0.0,0.0,0.0,0.0,0.0,0.0,0.0,0.0,0.0,0.0,0.0,0.0,0.0,0.0,0.0,0.0
0.92,0.92,0.92,0.7869223598348648,,,,,0.0,0.0,0.0,0.0,0.0,0.0,0.0,0.0,0.0,0.0,0.0,0.0,0.0,0.0,0.0,0.0,0.0,0.0,0.0,0.0,0.0,0.0,0.0,0.0
0.93,0.93,0.93,0.8181818181818181,,,,,0.0,0.0,0.0,0.0,0.0,0.0,0.0,0.0,0.0,0.0,0.0,0.0,0.0,0.0,0.0,0.0,0.0,0.0,0.0,0.0,0.0,0.0,0.0,0.0
0.935,0.935,0.935,0.8325605358062854,,,,,0.0,0.0,0.0,0.0,0.0,0.0,0.0,0.0,0.0,0.0,0.0,0.0,0.0,0.0,0.0,0.0,0.0,0.0,0.0,0.0,0.0,0.0,0.0,0.0
0.925,0.925,0.925,0.7904442581726739,,,,,0.0,0.0,0.0,0.0,0.0,0.0,0.0,0.0,0.0,0.0,0.0,0.0,0.0,0.0,0.0,0.0,0.0,0.0,0.0,0.0,0.0,0.0,0.0,0.0
0.88,0.88,0.88,0.7170812212660616,,,,,0.0,0.0,0.0,0.0,0.0,0.0,0.0,0.0,0.0,0.0,0.0,0.0,0.0,0.0,0.0,0.0,0.0,0.0,0.0,0.0,0.0,0.0,0.0,0.0
0.845,0.845,0.845,0.6702829185279728,,,,,0.0,0.0,0.0,0.0,0.0,0.0,0.0,0.0,0.0,0.0,0.0,0.0,0.0,0.0,0.0,0.0,0.0,0.0,0.0,0.0,0.0,0.0,0.0,0.0
0.835,0.835,0.835,0.6566077003121749,,,,,0.0,0.0,0.0,0.0,0.0,0.0,0.0,0.0,0.0,0.0,0.0,0.0,0.0,0.0,0.0,0.0,0.0,0.0,0.0,0.0,0.0,0.0,0.0,0.0
0.825,0.825,0.825,0.6460355987055015,,,,,0.0,0.0,0.0,0.0,0.0,0.0,0.0,0.0,0.0,0.0,0.0,0.0,0.0,0.0,0.0,0.0,0.0,0.0,0.0,0.0,0.0,0.0,0.0,0.0
0.8,0.8,0.8,0.5735153001386075,,,,,0.0,0.0,0.0,0.0,0.0,0.0,0.0,0.0,0.0,0.0,0.0,0.0,0.0,0.0,0.0,0.0,0.0,0.0,0.0,0.0,0.0,0.0,0.0,0.0
0.735,0.735,0.735,0.4507772020725389,,,,,0.0,0.0,0.0,0.0,0.0,0.0,0.0,0.0,0.0,0.0,0.0,0.0,0.0,0.0,0.0,0.0,0.0,0.0,0.0,0.0,0.0,0.0,0.0,0.0
0.755,0.755,0.755,0.468431330006509,,,,,0.0,0.0,0.0,0.0,0.0,0.0,0.0,0.0,0.0,0.0,0.0,0.0,0.0,0.0,0.0,0.0,0.0,0.0,0.0,0.0,0.0,0.0,0.0,0.0
0.72,0.72,0.72,0.3996569468267581,,,,,0.0,0.0,0.0,0.0,0.0,0.0,0.0,0.0,0.0,0.0,0.0,0.0,0.0,0.0,0.0,0.0,0.0,0.0,0.0,0.0,0.0,0.0,0.0,0.0
0.755,0.755,0.755,0.4658818399825595,,,,,0.0,0.0,0.0,0.0,0.0,0.0,0.0,0.0,0.0,0.0,0.0,0.0,0.0,0.0,0.0,0.0,0.0,0.0,0.0,0.0,0.0,0.0,0.0,0.0
0.74,0.74,0.74,0.4715984147952443,,,,,0.0,0.0,0.0,0.0,0.0,0.0,0.0,0.0,0.0,0.0,0.0,0.0,0.0,0.0,0.0,0.0,0.0,0.0,0.0,0.0,0.0,0.0,0.0,0.0
0.74,0.74,0.74,0.5089243554632165,,,,,0.0,0.0,0.0,0.0,0.0,0.0,0.0,0.0,0.0,0.0,0.0,0.0,0.0,0.0,0.0,0.0,0.0,0.0,0.0,0.0,0.0,0.0,0.0,0.0
0.735,0.735,0.735,0.4874274661508704,,,,,0.0,0.0,0.0,0.0,0.0,0.0,0.0,0.0,0.0,0.0,0.0,0.0,0.0,0.0,0.0,0.0,0.0,0.0,0.0,0.0,0.0,0.0,0.0,0.0
0.8,0.8,0.8,0.6030564652178227,,,,,0.0,0.0,0.0,0.0,0.0,0.0,0.0,0.0,0.0,0.0,0.0,0.0,0.0,0.0,0.0,0.0,0.0,0.0,0.0,0.0,0.0,0.0,0.0,0.0
0.81,0.81,0.81,0.6172441579371475,,,,,0.0,0.0,0.0,0.0,0.0,0.0,0.0,0.0,0.0,0.0,0.0,0.0,0.0,0.0,0.0,0.0,0.0,0.0,0.0,0.0,0.0,0.0,0.0,0.0
0.86,0.86,0.86,0.7160243407707911,,,,,0.0,0.0,0.0,0.0,0.0,0.0,0.0,0.0,0.0,0.0,0.0,0.0,0.0,0.0,0.0,0.0,0.0,0.0,0.0,0.0,0.0,0.0,0.0,0.0
0.88,0.88,0.88,0.76,,,,,0.0,0.0,0.0,0.0,0.0,0.0,0.0,0.0,0.0,0.0,0.0,0.0,0.0,0.0,0.0,0.0,0.0,0.0,0.0,0.0,0.0,0.0,0.0,0.0
0.905,0.905,0.905,0.8059640522875817,,,,,0.0,0.0,0.0,0.0,0.0,0.0,0.0,0.0,0.0,0.0,0.0,0.0,0.0,0.0,0.0,0.0,0.0,0.0,0.0,0.0,0.0,0.0,0.0,0.0
0.92,0.92,0.92,0.8095464825615999,,,,,0.0,0.0,0.0,0.0,0.0,0.0,0.0,0.0,0.0,0.0,0.0,0.0,0.0,0.0,0.0,0.0,0.0,0.0,0.0,0.0,0.0,0.0,0.0,0.0
0.89,0.89,0.89,0.6961325966850829,,,,,0.0,0.0,0.0,0.0,0.0,0.0,0.0,0.0,0.0,0.0,0.0,0.0,0.0,0.0,0.0,0.0,0.0,0.0,0.0,0.0,0.0,0.0,0.0,0.0
0.89,0.89,0.89,0.6551183571092648,,,,,0.0,0.0,0.0,0.0,0.0,0.0,0.0,0.0,0.0,0.0,0.0,0.0,0.0,0.0,0.0,0.0,0.0,0.0,0.0,0.0,0.0,0.0,0.0,0.0
0.905,0.905,0.905,0.4489559164733178,,,,,0.0,0.0,0.0,0.0,0.0,0.0,0.0,0.0,0.0,0.0,0.0,0.0,0.0,0.0,0.0,0.0,0.0,0.0,0.0,0.0,0.0,0.0,0.0,0.0
0.885,0.885,0.885,0.231283422459893,,,,,0.0,0.0,0.0,0.0,0.0,0.0,0.0,0.0,0.0,0.0,0.0,0.0,0.0,0.0,0.0,0.0,0.0,0.0,0.0,0.0,0.0,0.0,0.0,0.0
0.87,0.87,0.87,0.2073170731707316,,,,,0.0,0.0,0.0,0.0,0.0,0.0,0.0,0.0,0.0,0.0,0.0,0.0,0.0,0.0,0.0,0.0,0.0,0.0,0.0,0.0,0.0,0.0,0.0,0.0
0.845,0.845,0.845,0.1755319148936168,,,,,0.0,0.0,0.0,0.0,0.0,0.0,0.0,0.0,0.0,0.0,0.0,0.0,0.0,0.0,0.0,0.0,0.0,0.0,0.0,0.0,0.0,0.0,0.0,0.0
0.825,0.825,0.825,0.1554054054054053,,,,,0.0,0.0,0.0,0.0,0.0,0.0,0.0,0.0,0.0,0.0,0.0,0.0,0.0,0.0,0.0,0.0,0.0,0.0,0.0,0.0,0.0,0.0,0.0,0.0
0.815,0.815,0.815,0.3451327433628318,,,,,0.0,0.0,0.0,0.0,0.0,0.0,0.0,0.0,0.0,0.0,0.0,0.0,0.0,0.0,0.0,0.0,0.0,0.0,0.0,0.0,0.0,0.0,0.0,0.0
0.79,0.79,0.79,0.4336569579288025,,,,,0.0,0.0,0.0,0.0,0.0,0.0,0.0,0.0,0.0,0.0,0.0,0.0,0.0,0.0,0.0,0.0,0.0,0.0,0.0,0.0,0.0,0.0,0.0,0.0
0.785,0.785,0.785,0.3991056456120738,,,,,0.0,0.0,0.0,0.0,0.0,0.0,0.0,0.0,0.0,0.0,0.0,0.0,0.0,0.0,0.0,0.0,0.0,0.0,0.0,0.0,0.0,0.0,0.0,0.0
0.73,0.73,0.73,0.3437841779074005,,,,,0.0,0.0,0.0,0.0,0.0,0.0,0.0,0.0,0.0,0.0,0.0,0.0,0.0,0.0,0.0,0.0,0.0,0.0,0.0,0.0,0.0,0.0,0.0,0.0
0.655,0.655,0.655,0.2647058823529412,,,,,0.0,0.0,0.0,0.0,0.0,0.0,0.0,0.0,0.0,0.0,0.0,0.0,0.0,0.0,0.0,0.0,0.0,0.0,0.0,0.0,0.0,0.0,0.0,0.0
0.7,0.7,0.7,0.323943661971831,,,,,0.0,0.0,0.0,0.0,0.0,0.0,0.0,0.0,0.0,0.0,0.0,0.0,0.0,0.0,0.0,0.0,0.0,0.0,0.0,0.0,0.0,0.0,0.0,0.0
0.73,0.73,0.73,0.3356299212598425,,,,,0.0,0.0,0.0,0.0,0.0,0.0,0.0,0.0,0.0,0.0,0.0,0.0,0.0,0.0,0.0,0.0,0.0,0.0,0.0,0.0,0.0,0.0,0.0,0.0
0.65,0.65,0.65,0.2315292567790098,,,,,0.0,0.0,0.0,0.0,0.0,0.0,0.0,0.0,0.0,0.0,0.0,0.0,0.0,0.0,0.0,0.0,0.0,0.0,0.0,0.0,0.0,0.0,0.0,0.0
0.66,0.66,0.66,0.1140065146579805,,,,,0.0,0.0,0.0,0.0,0.0,0.0,0.0,0.0,0.0,0.0,0.0,0.0,0.0,0.0,0.0,0.0,0.0,0.0,0.0,0.0,0.0,0.0,0.0,0.0
0.695,0.695,0.695,0.1315489749430525,,,,,0.0,0.0,0.0,0.0,0.0,0.0,0.0,0.0,0.0,0.0,0.0,0.0,0.0,0.0,0.0,0.0,0.0,0.0,0.0,0.0,0.0,0.0,0.0,0.0
0.66,0.66,0.66,0.085406859448554,,,,,0.0,0.0,0.0,0.0,0.0,0.0,0.0,0.0,0.0,0.0,0.0,0.0,0.0,0.0,0.0,0.0,0.0,0.0,0.0,0.0,0.0,0.0,0.0,0.0
0.72,0.72,0.72,0.0702307820023244,,,,,0.0,0.0,0.0,0.0,0.0,0.0,0.0,0.0,0.0,0.0,0.0,0.0,0.0,0.0,0.0,0.0,0.0,0.0,0.0,0.0,0.0,0.0,0.0,0.0
0.7,0.7,0.7,0.0641085634066448,,,,,0.0,0.0,0.0,0.0,0.0,0.0,0.0,0.0,0.0,0.0,0.0,0.0,0.0,0.0,0.0,0.0,0.0,0.0,0.0,0.0,0.0,0.0,0.0,0.0
0.685,0.685,0.685,0.0211311373523928,,,,,0.0,0.0,0.0,0.0,0.0,0.0,0.0,0.0,0.0,0.0,0.0,0.0,0.0,0.0,0.0,0.0,0.0,0.0,0.0,0.0,0.0,0.0,0.0,0.0
0.745,0.745,0.745,0.0,,,,,0.0,0.0,0.0,0.0,0.0,0.0,0.0,0.0,0.0,0.0,0.0,0.0,0.0,0.0,0.0,0.0,0.0,0.0,0.0,0.0,0.0,0.0,0.0,0.0
0.78,0.78,0.78,0.0,,,,,0.0,0.0,0.0,0.0,0.0,0.0,0.0,0.0,0.0,0.0,0.0,0.0,0.0,0.0,0.0,0.0,0.0,0.0,0.0,0.0,0.0,0.0,0.0,0.0
0.795,0.795,0.795,0.0,,,,,0.0,0.0,0.0,0.0,0.0,0.0,0.0,0.0,0.0,0.0,0.0,0.0,0.0,0.0,0.0,0.0,0.0,0.0,0.0,0.0,0.0,0.0,0.0,0.0
0.76,0.76,0.76,0.0,,,,,0.0,0.0,0.0,0.0,0.0,0.0,0.0,0.0,0.0,0.0,0.0,0.0,0.0,0.0,0.0,0.0,0.0,0.0,0.0,0.0,0.0,0.0,0.0,0.0
0.725,0.725,0.725,0.0,,,,,0.0,0.0,0.0,0.0,0.0,0.0,0.0,0.0,0.0,0.0,0.0,0.0,0.0,0.0,0.0,0.0,0.0,0.0,0.0,0.0,0.0,0.0,0.0,0.0
0.65,0.65,0.65,0.0352811466372657,,,,,0.0,0.0,0.0,0.0,0.0,0.0,0.0,0.0,0.0,0.0,0.0,0.0,0.0,0.0,0.0,0.0,0.0,0.0,0.0,0.0,0.0,0.0,0.0,0.0
0.7,0.7,0.7,0.0439770554493308,,,,,0.0,0.0,0.0,0.0,0.0,0.0,0.0,0.0,0.0,0.0,0.0,0.0,0.0,0.0,0.0,0.0,0.0,0.0,0.0,0.0,0.0,0.0,0.0,0.0
0.645,0.645,0.645,0.1545606096689686,,,,,0.0,0.0,0.0,0.0,0.0,0.0,0.0,0.0,0.0,0.0,0.0,0.0,0.0,0.0,0.0,0.0,0.0,0.0,0.0,0.0,0.0,0.0,0.0,0.0
0.605,0.605,0.605,0.2219814851290131,,,,,0.0,0.0,0.0,0.0,0.0,0.0,0.0,0.0,0.0,0.0,0.0,0.0,0.0,0.0,0.0,0.0,0.0,0.0,0.0,0.0,0.0,0.0,0.0,0.0
0.6,0.6,0.6,0.2676675210545588,,,,,0.0,0.0,0.0,0.0,0.0,0.0,0.0,0.0,0.0,0.0,0.0,0.0,0.0,0.0,0.0,0.0,0.0,0.0,0.0,0.0,0.0,0.0,0.0,0.0
0.675,0.675,0.675,0.3874858650584244,,,,,0.0,0.0,0.0,0.0,0.0,0.0,0.0,0.0,0.0,0.0,0.0,0.0,0.0,0.0,0.0,0.0,0.0,0.0,0.0,0.0,0.0,0.0,0.0,0.0
0.75,0.75,0.75,0.5023390066686573,,,,,0.0,0.0,0.0,0.0,0.0,0.0,0.0,0.0,0.0,0.0,0.0,0.0,0.0,0.0,0.0,0.0,0.0,0.0,0.0,0.0,0.0,0.0,0.0,0.0
0.76,0.76,0.76,0.512838729321019,,,,,0.0,0.0,0.0,0.0,0.0,0.0,0.0,0.0,0.0,0.0,0.0,0.0,0.0,0.0,0.0,0.0,0.0,0.0,0.0,0.0,0.0,0.0,0.0,0.0
0.745,0.745,0.745,0.4656328583403185,,,,,0.0,0.0,0.0,0.0,0.0,0.0,0.0,0.0,0.0,0.0,0.0,0.0,0.0,0.0,0.0,0.0,0.0,0.0,0.0,0.0,0.0,0.0,0.0,0.0
0.8,0.8,0.8,0.5654535578489952,,,,,0.0,0.0,0.0,0.0,0.0,0.0,0.0,0.0,0.0,0.0,0.0,0.0,0.0,0.0,0.0,0.0,0.0,0.0,0.0,0.0,0.0,0.0,0.0,0.0
0.81,0.81,0.81,0.551622418879056,,,,,0.0,0.0,0.0,0.0,0.0,0.0,0.0,0.0,0.0,0.0,0.0,0.0,0.0,0.0,0.0,0.0,0.0,0.0,0.0,0.0,0.0,0.0,0.0,0.0
0.785,0.785,0.785,0.4536213468869123,,,,,0.0,0.0,0.0,0.0,0.0,0.0,0.0,0.0,0.0,0.0,0.0,0.0,0.0,0.0,0.0,0.0,0.0,0.0,0.0,0.0,0.0,0.0,0.0,0.0
0.73,0.73,0.73,0.3088442339690259,,,,,0.0,0.0,0.0,0.0,0.0,0.0,0.0,0.0,0.0,0.0,0.0,0.0,0.0,0.0,0.0,0.0,0.0,0.0,0.0,0.0,0.0,0.0,0.0,0.0
0.69,0.69,0.69,0.2293349906774393,,,,,0.0,0.0,0.0,0.0,0.0,0.0,0.0,0.0,0.0,0.0,0.0,0.0,0.0,0.0,0.0,0.0,0.0,0.0,0.0,0.0,0.0,0.0,0.0,0.0
0.695,0.695,0.695,0.2336683417085426,,,,,0.0,0.0,0.0,0.0,0.0,0.0,0.0,0.0,0.0,0.0,0.0,0.0,0.0,0.0,0.0,0.0,0.0,0.0,0.0,0.0,0.0,0.0,0.0,0.0
0.74,0.74,0.74,0.2523364485981307,,,,,0.0,0.0,0.0,0.0,0.0,0.0,0.0,0.0,0.0,0.0,0.0,0.0,0.0,0.0,0.0,0.0,0.0,0.0,0.0,0.0,0.0,0.0,0.0,0.0
0.705,0.705,0.705,0.1816920943134534,,,,,0.0,0.0,0.0,0.0,0.0,0.0,0.0,0.0,0.0,0.0,0.0,0.0,0.0,0.0,0.0,0.0,0.0,0.0,0.0,0.0,0.0,0.0,0.0,0.0
0.725,0.725,0.725,0.0255138199858255,,,,,0.0,0.0,0.0,0.0,0.0,0.0,0.0,0.0,0.0,0.0,0.0,0.0,0.0,0.0,0.0,0.0,0.0,0.0,0.0,0.0,0.0,0.0,0.0,0.0
0.71,0.71,0.71,0.023733378219155,,,,,0.0,0.0,0.0,0.0,0.0,0.0,0.0,0.0,0.0,0.0,0.0,0.0,0.0,0.0,0.0,0.0,0.0,0.0,0.0,0.0,0.0,0.0,0.0,0.0
0.74,0.74,0.74,0.0771960958296361,,,,,0.0,0.0,0.0,0.0,0.0,0.0,0.0,0.0,0.0,0.0,0.0,0.0,0.0,0.0,0.0,0.0,0.0,0.0,0.0,0.0,0.0,0.0,0.0,0.0
0.765,0.765,0.765,0.4126468382904273,0.74,0.74,0.74,0.0771960958296361,0.0,0.0,0.0,0.0,0.0,0.0,0.0,0.0,0.0,0.0,0.0,0.0,0.0,0.0,0.0,0.0,0.0,0.0,0.0,0.0,0.0,0.0,0.0,0.0
0.75,0.75,0.75,0.4075829383886256,0.74,0.74,0.74,0.0771960958296361,0.0,0.0,0.0,0.0,0.0,0.0,0.0,0.0,0.0,0.0,0.0,0.0,0.0,0.0,0.0,0.0,0.0,0.0,0.0,0.0,0.0,0.0,0.0,0.0
0.735,0.735,0.735,0.4326696638835368,0.74,0.74,0.74,0.0771960958296361,0.0,0.0,0.0,0.0,0.0,0.0,0.0,0.0,0.0,0.0,0.0,0.0,0.0,0.0,0.0,0.0,0.0,0.0,0.0,0.0,0.0,0.0,0.0,0.0
0.825,0.825,0.825,0.6082381911797627,0.74,0.74,0.74,0.0771960958296361,0.8138681902564137,0.7793853900751812,0.8070706275260434,0.7791318989417263,0.815220916870031,0.7590379180955826,0.8257200263140816,0.7793950864847424,0.8104239364567098,0.7698370139306537,0.8195163568692037,0.7671909459958245,0.8209988795289929,0.7632248452809521,0.8070950531529938,0.7817325949339285,0.8133078405779745,0.7804991005950841,0.5815222637432091,0.5664788743413594,0.5847605439276079,0.5646879230010908,0.590340345349682,0.5785688111024534
0.81,0.81,0.81,0.6040429300823174,0.74,0.74,0.74,0.0771960958296361,0.8533687851057008,0.7894400004906884,0.8525302271022674,0.7875188705579546,0.8500702866796286,0.7814019233998406,0.8545469712973741,0.7917050050330168,0.8539935854778024,0.7866901636462269,0.8547742494788112,0.784817483662048,0.8550966803972726,0.7851971105926322,0.8535013123506584,0.7836554166418576,0.8520836861551591,0.7876012158802135,0.5849178008075303,0.5526555566442136,0.581953168288407,0.5624910914912828,0.5822578712803265,0.5395974042437398
0.87,0.87,0.87,0.7393483709273183,0.74,0.74,0.74,0.0771960958296361,0.8638009266757475,0.7934589537674442,0.8646288638806645,0.7898411073328697,0.8630769071468657,0.7774789464969125,0.8575486943665234,0.7907082788080295,0.8639950166181987,0.7870749799289011,0.8620651632938449,0.7852506398231562,0.8557567905404123,0.7813039702418835,0.8641162305918488,0.7881989122184928,0.8653996668926637,0.7890212894521803,0.6943056537255563,0.6306149385211111,0.6902075696265937,0.6380299379362645,0.6951071576897343,0.6350596218571246
0.885,0.885,0.885,0.7683786505538771,0.74,0.74,0.74,0.0771960958296361,0.8709293525300164,0.807282649950847,0.8682479659522422,0.8069816841036163,0.8675268018830473,0.7909771972739362,0.8631188658482916,0.8086674422439101,0.868092515392656,0.8015409058589434,0.8687440152382208,0.7981269617568062,0.8654427401474464,0.7932570553899255,0.8707800596250992,0.8099276726279528,0.8727712900107701,0.8088188328176388,0.6842273012865367,0.6621635353797362,0.6776356225044989,0.6836260255914305,0.6792687053368763,0.6757412080638313
0.86,0.86,0.86,0.6858168761220826,0.74,0.74,0.74,0.0771960958296361,0.8511586636075725,0.7786810406391454,0.8517467743731565,0.7705251346527788,0.8553656892579948,0.763577611133667,0.8574436484521145,0.7794746486214943,0.8551381736045051,0.7686131869306511,0.851317415626407,0.7700386091066135,0.8574976504708408,0.7652761177729306,0.8569710085131124,0.7782900894487804,0.852558046985462,0.7732401537073452,0.6857636347304309,0.5695291401354821,0.6800395224168211,0.5523444908129207,0.6859357783423031,0.536992510445399
0.845,0.845,0.845,0.6482069904675443,0.74,0.74,0.74,0.0771960958296361,0.8505938797754999,0.7603659017407965,0.8495283987644151,0.7559852567264618,0.8507236257781192,0.7531009622688094,0.8539038562508671,0.7605754509631413,0.8543184673951671,0.7561140280008115,0.8462654277250677,0.7593175102920926,0.8531364210310177,0.7553975938253488,0.8556355905672509,0.7644306832020225,0.8537928186863205,0.7568207785456191,0.6779402620541447,0.505129794932388,0.6646549942877511,0.49831731243388316,0.6683806357030714,0.4859087429032229
0.805,0.805,0.805,0.5517241379310345,0.74,0.74,0.74,0.0771960958296361,0.8627368116048714,0.7654143208271844,0.8637400572248158,0.7636250661293439,0.8639556770657115,0.7611505405970034,0.8591663303976196,0.7625054714112177,0.8594333485717021,0.7672896601567794,0.8622691400993865,0.7692780635507628,0.8604728429262076,0.7637543116920045,0.8676205086426366,0.7638988734759826,0.8647463823843784,0.7624393096714178,0.6787796045470526,0.43795863037856486,0.6650380472652364,0.4512002408209426,0.6709426952301399,0.452613569147423
0.75,0.75,0.75,0.3935718617343845,0.74,0.74,0.74,0.0771960958296361,0.8455096475666488,0.7684677945560603,0.8477370638042125,0.7683499951043967,0.8593836470178252,0.7588229996998316,0.8490800644701654,0.7699554647091579,0.8477848830242007,0.7702264583034968,0.8494249404758174,0.7672498918020683,0.852332285181563,0.7584895180826365,0.8529737055573193,0.7705569387537171,0.8556184921580051,0.7690162077303695,0.5392884696430684,0.44014417747488455,0.5300854031934836,0.434598646958962,0.5318501914103521,0.4331829836261603
0.66,0.66,0.66,0.1981132075471698,0.74,0.74,0.74,0.0771960958296361,0.8107092731217443,0.7639028419280798,0.8173769599608562,0.7638624436794252,0.8173765202174127,0.7508363869229512,0.8112496876241458,0.7639002610569076,0.813684121286639,0.7604952554461218,0.807105011304545,0.7596761822908561,0.8097961816775541,0.7492196118756044,0.8209653663444151,0.770822267384768,0.8184607115855375,0.7652084661237295,0.49674356471983694,0.3971876540291104,0.4902941251868095,0.3977805599958193,0.4908505759596344,0.39412001172871963
0.595,0.595,0.595,0.0186576205476132,0.74,0.74,0.74,0.0771960958296361,0.6216745980157538,0.7017499237657505,0.6191981120920507,0.7035394845696853,0.6228064202834739,0.7087231936688888,0.6196337216594983,0.7055234514193687,0.6197703202139933,0.7108299273546955,0.6112838509761488,0.7087397208104017,0.6161730599303911,0.7068431188748516,0.6250993198213988,0.7119700842544643,0.6235438195940548,0.7027287334476893,0.12553230682524114,0.18219975114325923,0.12974965015129716,0.16552337490894276,0.11675044403985722,0.1579416575679383
0.49,0.49,0.49,0.027181688125894,0.74,0.74,0.74,0.0771960958296361,0.5852353393015288,0.6631423308149259,0.587748917168591,0.6621841865308806,0.5906265157940078,0.6765839386191246,0.588805976958664,0.6587357265562306,0.5827507359918888,0.6723784052133661,0.5813366653147164,0.6745781335596315,0.585993662627513,0.6785676633283989,0.5911949321287071,0.6644200762247882,0.586582200962309,0.6618302874264177,0.06090916685579178,0.11873842207731657,0.06399470625164569,0.11645391229675338,0.05476294652832483,0.1093274248250003
0.52,0.52,0.52,0.0305967888518631,0.74,0.74,0.74,0.0771960958296361,0.6648358194886816,0.668304106456341,0.6652428383225916,0.666751628282428,0.6682054366929204,0.6915028259749063,0.6758235310912766,0.6676315131341997,0.6592063801615338,0.6797406303320348,0.6631619694705196,0.6837254873380011,0.6703631727407284,0.692694896538658,0.6661190396157388,0.673123625244127,0.6688310335671176,0.668366754534048,0.12499424258626145,0.12028015333378858,0.13023204649518422,0.10161840916679725,0.11911468818488483,0.11097587586289206
0.57,0.57,0.57,0.0372775103548641,0.74,0.74,0.74,0.0771960958296361,0.6306137726526525,0.6804001604053892,0.6182708649504631,0.6824625921159984,0.6208886097429458,0.6994105611880914,0.6265021916402915,0.6796112406401953,0.6218309386249546,0.6908716745942288,0.6206343191356544,0.6952972388672904,0.6264501706320396,0.7000608751269491,0.6235150341465387,0.6820662724121794,0.6189923765768116,0.6820734100924964,0.04562946669811044,0.17083783517148854,0.04747638611413172,0.1650767773685627,0.03791718312326749,0.14406718511430083
0.59,0.59,0.59,0.040374488004681,0.74,0.74,0.74,0.0771960958296361,0.7739431568760227,0.7643735609562009,0.7628569003002288,0.7636491154502114,0.7643082653185485,0.7615603428611897,0.7775784352697186,0.7659295401590629,0.7634323134473402,0.7664946122514328,0.7680588776043757,0.7655490455601643,0.7756880735165104,0.7631931373343297,0.7641003739460662,0.761852718066899,0.7674100713337398,0.7634462575402178,0.06891862890602736,0.11822265451361383,0.07489820092777343,0.13668279066812494,0.07221392740262697,0.12428155685788758
0.635,0.635,0.635,0.0484880083420229,0.765,0.765,0.765,0.4126468382904273,0.7742865638811691,0.772049275702963,0.7704621936802049,0.7705400583369539,0.7688198680712661,0.7695275125842279,0.7755195319666958,0.7729712860405802,0.7705114678577336,0.7695355060393542,0.7689268725321112,0.7694549054206862,0.7760340954173314,0.7701708224026014,0.765815759126086,0.7687062204663211,0.7739478526735619,0.7713709513482075,0.08032082719270994,0.18411854423025775,0.08635460908321767,0.20719518276691629,0.07892341951631057,0.16834477356930766
0.71,0.71,0.71,0.2579324462640736,0.75,0.75,0.75,0.4075829383886256,0.7988269696020933,0.7676589793108509,0.790208231195168,0.7710012660955631,0.8012494499864984,0.7669652556152794,0.8067490517863753,0.7783461942701175,0.7980060453998488,0.7732283666040258,0.8019363254139736,0.7746466397090555,0.8100501109608794,0.7664446005948687,0.7928753496906861,0.768763030806671,0.7950532339870493,0.771753823590498,0.4302433707016161,0.5278110787076131,0.4316816426429891,0.5320988941610184,0.4286835081374892,0.5521198153091652
0.74,0.74,0.74,0.3477170095333668,0.735,0.735,0.735,0.4326696638835368,0.7884794328759306,0.762413730832649,0.786262523102603,0.7690052055770064,0.788345571444158,0.7639506302675002,0.7911216586636614,0.7668907553044887,0.7913754295322847,0.7652135256807416,0.7881476192960346,0.7624486536303369,0.7921813410920598,0.7645198263560857,0.790458935381108,0.7660565121146026,0.7894528464952069,0.7669298663297462,0.39932735023538934,0.5645834708066616,0.40174868414549775,0.564959541678114,0.4022218285745093,0.5724284896891817
0.815,0.815,0.815,0.5053475935828877,0.825,0.825,0.825,0.6082381911797627,0.8880495821903747,0.8363204294064567,0.8903651430715699,0.8408804497159615,0.8895392824211625,0.8108801822608656,0.8873020749158875,0.8440501947862795,0.8878080169079864,0.8341553383635323,0.8877994166461345,0.8317544763424516,0.8915051085601137,0.8109157123054371,0.892487669573659,0.8472904400708368,0.8902721006834086,0.8350777362554754,0.44539201900593295,0.5968156116509304,0.45821015938662635,0.6116549606517917,0.4603675030444506,0.5983683269207448
0.785,0.785,0.785,0.5080091533180778,0.81,0.81,0.81,0.6040429300823174,0.7738160534568957,0.7862746988698618,0.7697656103066896,0.7787734627727073,0.7714661655143906,0.7637627269400041,0.7704772785208521,0.7795851746848127,0.7661524586078641,0.7748104019029795,0.7674689544569582,0.775957607278633,0.7691642637520613,0.7692947772769971,0.7760858288705403,0.7835428825691485,0.7715090866156669,0.779053816227627,0.47570951271512435,0.5985275344974016,0.4908166425724139,0.5822078322003525,0.4929043684547707,0.5751603115303818
0.735,0.735,0.735,0.4467640918580376,0.87,0.87,0.87,0.7393483709273183,0.7423431888340536,0.7731700710997632,0.7406890525363878,0.7769771971687913,0.7447213404319625,0.7612488190005854,0.7451645773739334,0.7805947274234475,0.7401371197879284,0.776166333958973,0.7385601621883355,0.7738101716405089,0.7471224067484541,0.765221150899078,0.7463361456884953,0.7744947171290306,0.7405745873353764,0.7769846737010744,0.4902276642444827,0.5467377646124291,0.5046532036741516,0.5229611303787498,0.5083751660479127,0.5115477006209659
0.71,0.71,0.71,0.4503411675511751,0.885,0.885,0.885,0.7683786505538771,0.800521242172618,0.8121042086198552,0.7987148481226082,0.8131106236630632,0.8007369792307146,0.7851929512675867,0.8035903284606876,0.8173482962857622,0.7966178951025115,0.8086767482525028,0.7988945745103885,0.8025319567874027,0.8025495406174773,0.7859082991897642,0.8043436367672001,0.8107667289848803,0.7977065543437859,0.8119009504188305,0.5049963679809532,0.6457762849652205,0.5157945178242966,0.6251020926167289,0.5078125156265549,0.6373207429168699
0.76,0.76,0.76,0.5283018867924527,0.86,0.86,0.86,0.6858168761220826,0.8002464111826576,0.8149109690583057,0.7985065121381738,0.8184784256736933,0.7978076924322605,0.793743325137883,0.8055852438410592,0.8207316892394344,0.7972393549167078,0.8131369430073759,0.7973351102905384,0.8088770427225432,0.8042056252088823,0.7952767306911082,0.8037751168389754,0.8183398151216006,0.7968210744497486,0.8174751935983052,0.4711873909550857,0.5975194113012704,0.4797565454088147,0.5769384177739161,0.4828027606555571,0.5992496880640562
0.79,0.79,0.79,0.5800000000000001,0.845,0.845,0.845,0.6482069904675443,0.7925564952814076,0.8022273898542953,0.7889901589095883,0.8077130521698179,0.7863306295509823,0.7879084536698575,0.7973487694397873,0.8064144745691799,0.7899039624085865,0.803729917337838,0.7900808444573474,0.7953874279325527,0.7948396039052131,0.7833747331770887,0.792245944482267,0.8094780863888694,0.7888231713232803,0.8053389439318399,0.4887477448857627,0.4468212408816204,0.4953221579479961,0.45129388631071393,0.493837596195833,0.4433350727573795
0.825,0.825,0.825,0.6160596752961824,0.805,0.805,0.805,0.5517241379310345,0.7919244101608488,0.7572409119488704,0.7946805930392625,0.7516905489663167,0.7742386506956958,0.7377155920240062,0.792453340670033,0.7556696339847643,0.7833676894617653,0.746554112258117,0.7899843043339202,0.7429691271302804,0.7878545550543554,0.7368810304769657,0.7923204124160046,0.7587231723588994,0.7867078146761369,0.7488615568349755,0.4870629745916192,0.37697694170744744,0.4975357537839972,0.3868765261810827,0.4915298519453079,0.3750122356612561
0.815,0.815,0.815,0.592600748733759,0.75,0.75,0.75,0.3935718617343845,0.8005548707595573,0.7418884234993626,0.7977020784555224,0.7377585534832336,0.7939511542720102,0.7396574410942981,0.8066187338607714,0.7431187038168632,0.799912733400167,0.7406977421489914,0.8024571417661515,0.7418077393414809,0.809074597335641,0.7410603137182494,0.8009582334619614,0.7411431303992538,0.8007228411073839,0.7403049550353443,0.5119701360729344,0.36143463465261905,0.5147646692937214,0.36416121770016324,0.5136099862329447,0.37526198431085706
0.765,0.765,0.765,0.4941885492897115,0.66,0.66,0.66,0.1981132075471698,0.8104398738091765,0.7605320161394875,0.8075433409221098,0.7567696968266092,0.8027096303848231,0.7483898732750772,0.8116722615716537,0.757135604665498,0.8100332101889571,0.7539950469322123,0.813503988189498,0.7514742895860258,0.8141078352645909,0.7498577748662654,0.8090145829197346,0.7585588450173194,0.8110020236290004,0.7588049341683311,0.4945259375772463,0.41996438819180326,0.5029785111868119,0.42793088189129186,0.49369242593252827,0.4047907760965108
0.805,0.805,0.805,0.5306859205776173,0.595,0.595,0.595,0.0186576205476132,0.8067311256835211,0.7638404830803548,0.8055626330005168,0.7565152485300405,0.8035791785359133,0.7483898732750772,0.810667601830627,0.7577079819744085,0.8071837596987822,0.7552157344999451,0.8104459796327672,0.752568248198811,0.8102336408473717,0.7498577748662654,0.809788598455538,0.7601377060907665,0.8073931959773633,0.7580391478596593,0.4739186570134258,0.425702431223209,0.4774384333197221,0.4248155344896009,0.47259273091276643,0.4107274332297405
0.745,0.745,0.745,0.3853940708604482,0.49,0.49,0.49,0.027181688125894,0.8104003320239823,0.771784875310184,0.8152526791384148,0.7644600722292897,0.8135042108689902,0.7484395901309029,0.8098854053768666,0.7643654799035888,0.8158987067221767,0.7606766440973831,0.8148252589341999,0.7539090641407267,0.8118822477137264,0.7498577748662654,0.8173351701460849,0.7695488267168339,0.8171304811175495,0.7669918107265871,0.4059086091322907,0.3503763018296631,0.41131786234046414,0.3257250999289276,0.413876477965111,0.30894123667575296
0.73,0.73,0.73,0.2294520547945205,0.52,0.52,0.52,0.0305967888518631,0.6859725328835411,0.7211119190106099,0.6756289564848038,0.7187169288016428,0.6895313809397995,0.723321750427198,0.686015241301828,0.7184228305633716,0.6811644258966012,0.7221211892775483,0.6846365117959408,0.722749563359628,0.6862081902643586,0.7234780318079516,0.6819727421150389,0.7244493744376485,0.6936332119969012,0.7188553845065012,0.1912404196426248,0.25867460877402915,0.19158121316354906,0.2490658792234091,0.18685504149677928,0.23628396527728251
0.675,0.675,0.675,0.1211465657111953,0.57,0.57,0.57,0.0372775103548641,0.6073069958076465,0.6318276946182503,0.6004718503260619,0.6316673114899731,0.6101958681187374,0.666612006234652,0.6142084525272148,0.6346073911364327,0.6081366638946641,0.6432548544253796,0.6053135994206302,0.647452360203381,0.6105731458537977,0.6698165604602703,0.606173371048021,0.6366522710812453,0.6076705241672813,0.6330574773931122,0.09754348394608446,0.1335616333645092,0.09870893537547398,0.11718067492941944,0.09160064231834128,0.10938241614940254
0.63,0.63,0.63,0.0755777638975641,0.59,0.59,0.59,0.040374488004681,0.6136511882675162,0.6417253033403644,0.607282360424281,0.6427398707852329,0.6097963236204633,0.6677950057987978,0.6195453529412706,0.6432694230184828,0.6078945211535803,0.6501100852110328,0.6058022943261743,0.6497759798866293,0.6155103346095171,0.6708107244815951,0.6067896530121692,0.6453684931728988,0.6130373553050367,0.6448730364726372,0.1086293455282781,0.15367986054976338,0.1087753984989037,0.14191453548844615,0.10247771846409078,0.15052803209012763
0.595,0.595,0.595,0.0657439446366781,0.635,0.635,0.635,0.0484880083420229,0.6503518720603104,0.6709869354116975,0.6398555719900337,0.6761500174787912,0.6476026484902894,0.6890474609272197,0.6508341353802893,0.6752973955096304,0.646199336390431,0.6832298101339529,0.6484612953002618,0.6813774157930893,0.646289398994165,0.6869655770633075,0.645488667929432,0.6748926218882549,0.6545598814229824,0.6782992583843336,0.14017151931703584,0.21963586872883573,0.13449806582094995,0.1739881412303841,0.13200636490717285,0.1664383481222455
0.605,0.605,0.605,0.0559273422562142,0.71,0.71,0.71,0.2579324462640736,0.5940578869911616,0.6503945109639301,0.590999357922031,0.660213676116848,0.5978312962007721,0.681844335646184,0.5968374310460913,0.65180859447803,0.5915952131985921,0.667204151417952,0.598290588172398,0.6680871512204315,0.5948295307167669,0.6817663985759828,0.5972455860761966,0.6548313670635288,0.5979973117061398,0.6561418140955114,0.16963802679663276,0.20339396169841792,0.16482519280380833,0.14998400291732636,0.16480404238475868,0.15446695325257728
0.55,0.55,0.55,0.0449915110356538,0.74,0.74,0.74,0.3477170095333668,0.6077628082050788,0.6457945552557638,0.6002332138516917,0.6539308711687467,0.6084226343958824,0.6738577228693036,0.6071021330746074,0.644811218412829,0.5998311665419748,0.660235445339312,0.6119777786291334,0.6609983854096573,0.6078193522703641,0.6736700874518965,0.6055103794953292,0.6482560669271616,0.6156014384891262,0.6503354220294445,0.14579280931082472,0.26060626927554775,0.13823438498265445,0.20782867882141726,0.1404020194060783,0.1935525722295988
0.505,0.505,0.505,0.046242774566474,0.815,0.815,0.815,0.5053475935828877,0.584446724956212,0.6794796909321221,0.5796176215236514,0.6867594513733996,0.5855633147730417,0.695226745099031,0.5967117738756827,0.6813294942793502,0.577601445139248,0.6942117359399878,0.5881027212754493,0.6924305767360539,0.593109697511254,0.6926209659171153,0.5828307749707706,0.6845769545356722,0.5870783140185339,0.6825549642784596,0.14814011038315794,0.25994826538447624,0.13758201890542,0.20220542363951718,0.14100931152365517,0.2181569330789168
0.495,0.495,0.495,0.0444654683065277,0.785,0.785,0.785,0.5080091533180778,0.6056072228453879,0.7236474340727788,0.6010225808259948,0.7308040565374051,0.6035061489663106,0.7238593285869043,0.6072460593327746,0.723625195813421,0.600179848604071,0.7291709810785529,0.597402437860378,0.7279964008336502,0.6048781610330299,0.7225780206869638,0.6050584159085809,0.724520125968251,0.6010079024616924,0.7273409271969333,0.13718157851617083,0.21960875591325643,0.1352714093087178,0.17211830737295958,0.14175502908358317,0.16863690820743055
0.45,0.45,0.45,0.037199124726477,0.735,0.735,0.735,0.4467640918580376,0.724812312943678,0.7436340024266669,0.7231069835297869,0.7431252864431801,0.7189631058225252,0.7392161697087617,0.715535041851987,0.7398183573214607,0.7187810554770904,0.751848559004915,0.7167715456526792,0.7513914180859717,0.7143257913494261,0.7376995784533129,0.7199125645962557,0.7431463461183644,0.7206961580044878,0.7421377081447093,0.19850235835488175,0.33599319785545684,0.20876011446194423,0.27940439829535263,0.20367117622852518,0.2734592348270287
0.485,0.485,0.485,0.0646567381038867,0.71,0.71,0.71,0.4503411675511751,0.7083140784458668,0.7204561713724004,0.7048685564120266,0.7236976480202207,0.7085771386430543,0.724645846931397,0.6991769647133372,0.7267315114750984,0.7008667675552698,0.7370430126812728,0.6991362265316137,0.7298876385113354,0.6997271852768412,0.7232542639407457,0.704856325167293,0.7250543358417149,0.710134621635005,0.7255654485523556,0.1915710306724911,0.3235924340621051,0.19759062095906418,0.26768477022023174,0.18848407725060268,0.25310400982851133
0.515,0.515,0.515,0.0566037735849056,0.76,0.76,0.76,0.5283018867924527,0.6419556911262475,0.6755092756029103,0.6374545968070842,0.6750930896373281,0.6414557814948161,0.6891773959109069,0.6340103539182105,0.6827114735463637,0.633549346468097,0.6859921580712638,0.6362702444762963,0.685679131724379,0.6326848579168165,0.6925419732773126,0.6422439322678782,0.677660053501215,0.6418169574004062,0.6799431951844661,0.1443201259425326,0.2305390924493562,0.14985373369139202,0.22255546060072087,0.14640623409998918,0.21180843963949283
0.6,0.6,0.6,0.0787655458314141,0.79,0.79,0.79,0.5800000000000001,0.6625156815895746,0.6779062134826747,0.6542011314989389,0.6777192513928006,0.6686225475515041,0.6949099273033813,0.6613418393352124,0.6802247871757785,0.6549691135134682,0.689045142323569,0.6575186764256514,0.6925313076805619,0.6589849207150503,0.6978540658400604,0.6595316327166315,0.6848199081074199,0.6660616069239399,0.6820618285683099,0.1401437665754901,0.21155235627608257,0.13985897757798987,0.20970807883094378,0.13746328481622852,0.1987056639292373
0.625,0.625,0.625,0.0869247626004381,0.825,0.825,0.825,0.6160596752961824,0.6321959954363078,0.6746289363361672,0.6250136282312109,0.6724897048355887,0.6361532345767598,0.6829210963623321,0.627893738478022,0.6714768421691036,0.6236201562301734,0.6762520651423087,0.6207565654168089,0.6796462149523251,0.6249970436847465,0.6851203421973666,0.6288939945052037,0.6750920998362845,0.6349839012336315,0.6741710125758907,0.12711362460408623,0.19554073435287436,0.1287914545577944,0.19070305037899016,0.12670921117134618,0.19125067144015945
0.62,0.62,0.62,0.0594059405940595,0.815,0.815,0.815,0.592600748733759,0.6254592770211087,0.6488636983276013,0.6233314417273259,0.6477358798289846,0.6273884357249506,0.6712711093954664,0.6269665766127587,0.6439499919905887,0.6202394076188208,0.6544106806824614,0.6192421332703719,0.6576665781559916,0.6235806659942212,0.6747666091833133,0.6216731390777265,0.6466531293624606,0.6254462344921309,0.6522375197043404,0.055562100537054335,0.1306623491248454,0.05855930347456116,0.12096440259212049,0.053577000958285326,0.14093689839958007
0.58,0.58,0.58,0.0728476821192052,0.765,0.765,0.765,0.4941885492897115,0.6208263835608069,0.6732352291759518,0.6125192587769722,0.6685686632957316,0.625301543357823,0.6751158305185682,0.623943146902783,0.6710870769852855,0.6102038636083963,0.6733683618059545,0.6142047891799776,0.6730684738139152,0.6214191004753419,0.678363589112447,0.6130618497389634,0.6758972396524249,0.6222621344810784,0.6716670225341131,0.0650521432405747,0.14721963562379115,0.05925389144903534,0.14351454802064179,0.05965989232910485,0.15048174653887628
0.655,0.655,0.655,0.0980392156862745,0.805,0.805,0.805,0.5306859205776173,0.6251073210441891,0.6797945242045688,0.6217001002829254,0.6760119391046858,0.6324711119882759,0.6828101678278223,0.6241863947572525,0.6738543718262459,0.6200587835859451,0.6819421310977085,0.6174126108149807,0.6815379847759028,0.6230868606812209,0.6833438269656124,0.6249991603471264,0.6773423266390189,0.6287695697294686,0.6799143801628377,0.07286208578497827,0.1495597248867213,0.07305500998918188,0.14900465339283853,0.07087965878651202,0.16319682311691933
0.65,0.65,0.65,0.0352811466372657,0.745,0.745,0.745,0.3853940708604482,0.617367636459239,0.6268866523983748,0.617105732497097,0.625685901232071,0.6195154888650022,0.6587221367612791,0.6191758006081808,0.6254728647943721,0.6189067143705277,0.6371149914368393,0.6090815687393388,0.6455795709050889,0.6181947446017898,0.6652828881740264,0.618443517534885,0.6285840145745261,0.6174383413157393,0.6260809943110599,0.04861582347580348,0.11976153688403673,0.04876150947571764,0.11761416391368647,0.04247392956187273,0.11419539298850155
0.655,0.655,0.655,0.0360435875943002,0.73,0.73,0.73,0.2294520547945205,0.6085348230548299,0.6224654841789294,0.6027989547280684,0.6209463864251054,0.606350000082683,0.6584417682822626,0.6140696922664557,0.6219935210626696,0.6055840616092454,0.6331149885625054,0.5992928986983994,0.6412069872383555,0.60793124988223,0.661436342272651,0.6080095915494377,0.6223471603928068,0.6093549736896909,0.6249286633092379,0.05167134433342756,0.08194156429091294,0.04698685325224777,0.04239942999037284,0.0472745388559272,0.06333641796175156
0.64,0.64,0.64,0.0338164251207731,0.675,0.675,0.675,0.1211465657111953,0.6374713494147957,0.6611223028748044,0.6334364855070778,0.6617422622780892,0.6285439368368121,0.6845661175664965,0.6275081166158301,0.6633274828865621,0.6319098321472324,0.6726116089485308,0.6293617952262182,0.6765222035089641,0.6285657715349647,0.6860489120594647,0.6337210552928672,0.6671550222530647,0.6362882344099242,0.6620084759137206,0.06672728674589283,0.12887937509663921,0.06647524398954317,0.10941014006709561,0.06759994477458703,0.12679429687040122
0.71,0.71,0.71,0.0460526315789473,0.63,0.63,0.63,0.0755777638975641,0.6251042151507905,0.6670030051296564,0.6204761392874932,0.6703640882381247,0.6171644925512819,0.6860618266392308,0.6229366165156656,0.6715302787334706,0.6211507586023638,0.6755766062720586,0.6164011422899092,0.6774611286358629,0.6198605223990831,0.6879594580504019,0.6185817725299473,0.6730761996116912,0.6218499258969217,0.666948052976727,0.06381839794396364,0.08121882637553252,0.06418265110064059,0.07470867772171659,0.06907363876609557,0.08964943796369275
0.715,0.715,0.715,0.0686274509803922,0.595,0.595,0.595,0.0657439446366781,0.6340650687583176,0.6823218697855477,0.6387553811748344,0.6871621178610874,0.6336023338781536,0.6987870822894854,0.6279251538104902,0.6835888902491898,0.6350591746722241,0.6886732131337289,0.6246826455847053,0.6893897958901415,0.625846187532143,0.6989482078969098,0.6401739710277767,0.6806762006609309,0.6354485396225503,0.6878993444859406,0.047842847945770366,0.12369699130922436,0.04452216700260672,0.11539330794006444,0.05028903702423854,0.10632516260025686
0.75,0.75,0.75,0.0289376577976304,0.605,0.605,0.605,0.0559273422562142,0.6390980177801421,0.6814409602767545,0.6421802420330613,0.6835737656938605,0.640207012072896,0.6987870822894854,0.6313464146206473,0.6850355378121237,0.6407794683374133,0.6874549767996603,0.629414107620633,0.6881393219849192,0.6260147628020709,0.6989482078969098,0.6452308780445516,0.6850366571420764,0.6378729908904576,0.6852542115188494,0.052615010410406705,0.058587444267566235,0.05181803414078344,0.04391275737341206,0.054981708497207245,0.04468399714819344
0.73,0.73,0.73,0.050632911392405,0.55,0.55,0.55,0.0449915110356538,0.6131813580892859,0.6470770608604604,0.6218987002167159,0.6436115342043883,0.6154822287499426,0.6711216864394064,0.6071791998065655,0.6393967601296316,0.6119864690395307,0.6475099807068184,0.6017682295509625,0.6525475053545843,0.6024902391855583,0.6737152906199974,0.6179110216582612,0.6470300839403391,0.6098001740971424,0.6440350201663733,0.03032245889640908,0.11415529450501326,0.02602935060369045,0.08017608682566203,0.030295640753626812,0.09441510399810331
0.65,0.65,0.65,0.0352811466372657,0.505,0.505,0.505,0.046242774566474,0.6215299845562915,0.6224206820474478,0.6282709118825724,0.6210979051305495,0.6209623109216479,0.648670763950961,0.6149114623421907,0.6233640157945121,0.6242780556611934,0.6311888671479368,0.6183601902967667,0.6358050439388088,0.6138700540364929,0.6517352510474766,0.6257933345376578,0.6218878076934722,0.6195856997824943,0.6265919284705826,0.030058018896768606,0.048744128045478965,0.027904166618583463,0.057675750711615875,0.030280845470015774,0.04409203944420906
0.585,0.585,0.585,0.0269636576787809,0.495,0.495,0.495,0.0444654683065277,0.6138722994020458,0.6277428736087179,0.6190501392634713,0.6247066874035807,0.6156481150089642,0.6491753168056348,0.6126535935073194,0.6298703275438522,0.6185119537355454,0.6336383040242678,0.6107853950034582,0.636092540434219,0.6095443942320866,0.6517352510474766,0.6178275598152672,0.629948206086748,0.6130275868016117,0.6303870498534269,0.05568095956301484,0.14533813868577639,0.055380149092430386,0.1346920902695492,0.06291623485328053,0.13667122909561288
0.485,0.485,0.485,0.0266490266490265,0.45,0.45,0.45,0.037199124726477,0.5983359933535808,0.6239652938633371,0.6034404621742155,0.6258489574791808,0.6033174423787444,0.6444172308784184,0.6046575035672802,0.6279887377318826,0.5948115135711627,0.6308053649124713,0.5973903406928518,0.6319834359474501,0.5988240984013061,0.6477241862692404,0.6003533143675094,0.6290935102645353,0.6005121748932236,0.6284674372847823,0.04445331868602316,0.1366144429360917,0.04598678005770728,0.12520836583520137,0.036503055848040415,0.13650108081007672
0.515,0.515,0.515,0.03,0.485,0.485,0.485,0.0646567381038867,0.6261751285772309,0.6432033105494006,0.6231463211398578,0.6431237190960359,0.6307378441159064,0.6562628487572865,0.6263476836571545,0.6461442901744856,0.6222945429820207,0.6471678521397792,0.6206644180552455,0.6473835840943678,0.6228887754071227,0.6579133012748601,0.6219638189164551,0.6498154403349061,0.6292416659880434,0.6470968119022069,0.05609136422900292,0.12231509300301852,0.055914145298794175,0.1270676953164375,0.057073730225421546,0.13572771807468956
0.54,0.54,0.54,0.0225244368890777,0.515,0.515,0.515,0.0566037735849056,0.6165085983571165,0.6355150060985676,0.6084891812404903,0.6358834472092134,0.6154263016210445,0.6605872169176489,0.6188013133226512,0.6364376721568372,0.6132008590114338,0.6443579286096762,0.6091972765470228,0.6501689428146851,0.6159990696053294,0.6635978888208841,0.6085568071759558,0.6377380085253356,0.6120362381302413,0.6380618773601764,0.05934191877389203,0.13485092115499886,0.06341839270879723,0.11059115785900127,0.060997922676341784,0.11759172782541238
0.58,0.58,0.58,0.0264255910987483,0.6,0.6,0.6,0.0787655458314141,0.6235698755884931,0.6475747396878044,0.6175337070179622,0.6457806545769128,0.6179295942581301,0.6682366841597412,0.6220522034357715,0.644016776855331,0.6219879169411235,0.6519913076628641,0.6143153014910345,0.6569267664045358,0.6194553416815003,0.6685781266740495,0.6179597447830129,0.6464679976176927,0.6211230623595722,0.648576158823577,0.08342856855477819,0.12345622429665208,0.08297220207327377,0.10605792447920763,0.08448609619422856,0.12887841607535228
0.62,0.62,0.62,0.0159264534507314,0.625,0.625,0.625,0.0869247626004381,0.6217282909834324,0.6416375060739082,0.6151974470804599,0.6407392615185372,0.6183156351112647,0.6634785982325249,0.6238318256282095,0.6430911639472107,0.6190239251670552,0.6481002747088854,0.6151474357067164,0.6524668229802546,0.6209005439440851,0.6645670618958133,0.6118649029682158,0.6440478618404889,0.6210126457772227,0.6412420963633866,0.0656619318148342,0.12689246255129544,0.06425140136596746,0.0892187376185363,0.06966290913758788,0.11193287865945828
0.615,0.615,0.615,0.0304709141274236,0.62,0.62,0.62,0.0594059405940595,0.6122284448384999,0.6667006775916591,0.6107003553409871,0.6672762420370414,0.606220073166013,0.6861302633416477,0.6132510293696436,0.6673151093855951,0.6121679818375357,0.6743861391336806,0.6028389721499801,0.6783654198903781,0.6097345300548239,0.6881643562787607,0.609088808937027,0.6712271090503243,0.6105995201552351,0.6666813092182587,0.07569915078689951,0.13214198739806624,0.07229378075588808,0.10795721855813492,0.07270551458141064,0.12822555574918346
0.695,0.695,0.695,0.0429871352368997,0.58,0.58,0.58,0.0728476821192052,0.6214061867148285,0.6730955253902521,0.6233089689323033,0.6745843308712801,0.6238176233769024,0.6799171735748296,0.6230272797647736,0.670799325920064,0.6225487735412447,0.6722092920717644,0.6139782260835817,0.6737647644480493,0.6177683495176284,0.6833557083899233,0.6253779572765263,0.6762623789852314,0.6213189429046261,0.6755354519265624,0.06278247069983067,0.17126369072016237,0.06141048548174584,0.1701682335734889,0.05826911538998888,0.16129363385298615
0.775,0.775,0.775,0.0330898152127203,0.655,0.655,0.655,0.0980392156862745,0.6269542329772207,0.6495852093117814,0.627145756571387,0.6508917866761855,0.6301100835955754,0.6738587093538401,0.6267299472347715,0.6479945875056489,0.6259120518898952,0.6627023134127983,0.6234675443040996,0.6648700332918903,0.6189938366098922,0.6773461163995591,0.6266042859751897,0.6528615997106564,0.6334633580809036,0.6538510158721293,0.022928373265534898,0.03986175173133075,0.027036941077108453,0.022296536800326824,0.03156060682510092,0.03054113467106692
0.645,0.645,0.645,0.0345390263802011,0.65,0.65,0.65,0.0352811466372657,0.6114999234193018,0.6420253505255097,0.6196520546797776,0.6431173677205515,0.6136585831354474,0.6621940286027713,0.6087172975941039,0.6395985868438074,0.6086844972517331,0.6433854343261245,0.6023796286870132,0.6453035923578583,0.6032393999483527,0.6666605895843034,0.6152829758333721,0.6452881530911407,0.6149474321349864,0.6417893740925467,0.06556804097677653,0.14787962883744743,0.06335527268079581,0.15818448091813625,0.0679406072005059,0.1475867227025312
0.62,0.62,0.62,0.0311065782763895,0.655,0.655,0.655,0.0360435875943002,0.6114740025221593,0.6420872930246184,0.6170742647271079,0.6370615142213281,0.6113315887002765,0.6439126780237446,0.6067242837849393,0.6398498553854023,0.6184994383676068,0.6379038933763445,0.6090006381347691,0.639116667537661,0.6043679458418733,0.6477241862692404,0.6160413051183861,0.6429146003581047,0.6165504794562296,0.6380966890786356,0.06337792498165884,0.20261996747530853,0.0638426603131389,0.1969260166668928,0.06135965646615812,0.17833297868567902
0.575,0.575,0.575,0.025899610359844,0.64,0.64,0.64,0.0338164251207731,0.619420989463804,0.649669064729817,0.6169274807219108,0.646744252185935,0.6211090961528574,0.6658693977756571,0.6216503869398393,0.6541764393599955,0.6224653051486542,0.6607893310243571,0.617924054200935,0.6649926272855908,0.6166248888783143,0.6684856582579056,0.6196895832412332,0.6543471382362924,0.6228862336038665,0.6513620473300853,0.06467418222500822,0.18323039358175472,0.06217678260929349,0.17366130404866914,0.05747004341685415,0.16871682799610468
0.645,0.645,0.645,0.0177089097952407,0.71,0.71,0.71,0.0460526315789473,0.6172917428219926,0.6639681613783713,0.6141116695885239,0.65885096962141,0.6137539685151173,0.6736306023982808,0.61955240289741,0.6660629329678743,0.6135556514514161,0.6695286219053667,0.6116055275100997,0.6707677842957762,0.6132761569687749,0.6734403675230252,0.6148014371412712,0.6674294232280937,0.6194033540394331,0.662550007278695,0.027489676758777074,0.13349563690339872,0.03114959904798887,0.09661907828253961,0.029886323411162097,0.09123090046127326
0.59,0.59,0.59,0.0140675724419861,0.715,0.715,0.715,0.0686274509803922,0.6111969124749833,0.6657376714543376,0.6116401446801677,0.6583724675611041,0.6102702595714842,0.6703464895397645,0.6129783871209618,0.6638733947525995,0.6116733962835673,0.6667353988494119,0.6050277128096084,0.667898308554942,0.6086694930475899,0.6699758227976303,0.609550423249123,0.6671027572430674,0.6115338754123781,0.6626566922126993,0.020801236553392582,0.11804716344313439,0.02183955897816967,0.07585261354870441,0.023448109053104817,0.07872317992517251
0.525,0.525,0.525,0.0755157648890618,0.75,0.75,0.75,0.0289376577976304,0.5916198838015765,0.6219141238338968,0.5964493468268401,0.620447233619442,0.5912482944018835,0.645355024319092,0.6016937771908918,0.6186117587639802,0.5949932443550372,0.6306625978758195,0.5899022788882876,0.6333999877917884,0.5979335636502866,0.6497653864662812,0.5910665732235546,0.617843525229108,0.5900276451447792,0.6233424673380221,0.058180900865246084,0.1407285016415123,0.05553186296776638,0.12662580987581656,0.05393419770819656,0.11552803847071155
0.565,0.565,0.565,0.0880503144654089,0.73,0.73,0.73,0.050632911392405,0.5961644194036944,0.6149348774969982,0.5951553776455084,0.6171284913996143,0.5936389025963732,0.645355024319092,0.6040555716385921,0.6146634026501528,0.5941941528958727,0.6234192642055245,0.5938599438323325,0.6261976079974482,0.6019788493554883,0.6497653864662812,0.5911809060159997,0.6139965536348715,0.5985724605068132,0.6186566197580394,0.04502639235097228,0.09714884442733114,0.04674223425274902,0.06624748560512364,0.04345148234688135,0.08187417815326963
0.675,0.675,0.675,0.1211465657111953,0.65,0.65,0.65,0.0352811466372657,0.5977379666042697,0.6222111703761734,0.6007604484684472,0.6213910149223774,0.5930761745498759,0.6501131102463084,0.604241588413235,0.6154544671740492,0.5987457092203214,0.6258925358209648,0.5940142049357464,0.6303700549263191,0.6019788493554883,0.6537764512445174,0.5943191558803488,0.6175022317325948,0.5971202503914061,0.6226321477400925,0.15744713011162936,0.027768942010881686,0.14937941640152788,0.03296601257742436,0.1505193686826066,0.026473389698186037
0.59,0.59,0.59,0.0865545282388327,0.585,0.585,0.585,0.0269636576787809,0.5946997508123363,0.6170814620701909,0.5958387093147639,0.6168505725262583,0.5901002514964401,0.6501131102463084,0.6037381516448689,0.612940192641078,0.5884612367010347,0.6265927026841557,0.5901403185552638,0.6306575514217294,0.5987328225381601,0.6537764512445174,0.5875524996640071,0.6163001554253709,0.5917365795867946,0.6173851093599171,0.17595505304146755,0.025846747401247462,0.17014526099837482,0.020841068771435274,0.17632645978325387,0.021733849835394704
0.565,0.565,0.565,0.0785850455411988,0.485,0.485,0.485,0.0266490266490265,0.6775542552653562,0.6509517231937819,0.6880962916160775,0.6504582374969435,0.6869331055009952,0.670317831985518,0.6811261366531534,0.6443373072902613,0.6774383310382259,0.654056040417207,0.6825195452924545,0.6580071498494218,0.6794321534129997,0.6731257628359334,0.6846142750553437,0.6539882012505341,0.6848261180956411,0.653214883941095,0.15927922413213605,0.04359526290683343,0.15553630422628031,0.0301855793028293,0.157036961109904,0.0296141495877566
0.515,0.515,0.515,0.064789818742769,0.515,0.515,0.515,0.03,0.6900129779549206,0.6515427254957561,0.6856240549758393,0.6562846130337954,0.6905048626289467,0.6738587093538401,0.6985955826803086,0.652665102271959,0.6788447266498957,0.6613761126428248,0.6862364409585034,0.6635204469641259,0.6946186617491875,0.6773461163995591,0.6791027094739859,0.6555620968415541,0.68707800379997,0.6565356095224832,0.10125663646839404,0.027780268846733534,0.10469265856800754,0.011206915042726636,0.10352383199682338,0.01281541984855613
0.505,0.505,0.505,0.0196078431372548,0.54,0.54,0.54,0.0225244368890777,0.6265148706090994,0.6517221292055619,0.6252773430669837,0.6523631207830825,0.6296802390850362,0.6714037670658548,0.6238058148360904,0.6479708878923336,0.6232905523657761,0.6562245505502902,0.6217533030983031,0.6597930489237568,0.618662329583959,0.6725807755030918,0.626113251192019,0.6486382324181961,0.6288877733087032,0.6538281548561249,0.019188063078664164,0.06345010080708713,0.015424025865872241,0.03582613697926061,0.017943376207034845,0.049020561520260644
0.485,0.485,0.485,0.0,0.58,0.58,0.58,0.0264255910987483,0.7223118849495942,0.6531868282296733,0.7167875402313567,0.649653352130196,0.7235247303237338,0.6642588526784362,0.7222575152822037,0.6519699873911966,0.7200106352511384,0.6520186519768847,0.7236167740731225,0.656635602294048,0.7210879689857063,0.6676005376499264,0.7183953787595448,0.6530101294182592,0.725155024839864,0.651284769292976,0.00460551243534696,0.04176537961467144,-0.003196363911694959,0.02512829199483627,-0.0007190194768873724,0.033222362936823235
0.39,0.39,0.39,0.0,0.62,0.62,0.62,0.0159264534507314,0.6951732515568193,0.6184654625186604,0.6927566314306027,0.6178756274378878,0.6965593802318425,0.6445011920415423,0.696584398702918,0.617291932481361,0.687030969548848,0.621500168362347,0.6951276547270717,0.6258186945720238,0.6944200348928404,0.6486916147900189,0.6909665809131418,0.6176713790011064,0.6945974920896507,0.6203968547607692,0.0005603177293864918,0.0739709695377481,-0.009615365342720983,0.05683702575060691,-0.0011018782415898275,0.06295442082295803
0.365,0.365,0.365,0.0,0.615,0.615,0.615,0.0304709141274236,0.6766598849365075,0.6208651866349159,0.6764577798242505,0.6230428359289508,0.6780247977530485,0.648670763950961,0.6891697368346343,0.624921896153664,0.6705178235909929,0.6320864565780506,0.6803610910420381,0.636092540434219,0.6853508136162348,0.6517352510474766,0.6733582505610305,0.6222728465541755,0.6742055903962817,0.6293757693719376,0.001775962206025087,0.14395371512708124,0.0025579712799609104,0.1208129550812842,0.007454719814493658,0.12402404189351439
0.37,0.37,0.37,0.0,0.695,0.695,0.695,0.0429871352368997,0.6670120911000808,0.6353153796974723,0.665787116367813,0.633408072378372,0.6749808742904145,0.648670763950961,0.6693100387006234,0.6317598876358601,0.6582759079119238,0.6342353446457637,0.6651017061347396,0.6368010813605032,0.6670025268836005,0.6517352510474766,0.6640722849162493,0.6361318387439964,0.6738093108181389,0.6353326834659849,0.039079050959673164,0.16115398130303318,0.04249689656766545,0.1387662050418339,0.05258304962245573,0.13399624379311473
0.41,0.41,0.41,0.0,0.775,0.775,0.775,0.0330898152127203,0.6842937917345777,0.6338418089044251,0.686668408009747,0.6292978972590453,0.6843821340984637,0.6407035942279228,0.6875366792967346,0.6226431104913991,0.6747530364653519,0.6345396524318643,0.6823152480113467,0.6393610898970283,0.6840801355282835,0.644757565979205,0.6818292939728628,0.6290400339906583,0.6885644193476631,0.6325676081230406,0.03485623895149251,0.10784403750567707,0.033562876241208496,0.0577804501620489,0.04598840139731453,0.08062788373295653
0.385,0.385,0.385,0.0,0.645,0.645,0.645,0.0345390263802011,0.7029893919214567,0.6367251627477878,0.6998386776294487,0.6363361571904376,0.7047111637858162,0.6604612548648167,0.7149251398359104,0.6374429124201331,0.6959652097494342,0.6422362272420826,0.7045707989442247,0.6480063220700213,0.710776405129641,0.6626245046678263,0.6981601818427232,0.6387739180070283,0.7054890810389572,0.6366706587154831,0.027937690245705752,0.0698976643953757,0.025693458846020038,0.04417678213830018,0.030660095357587888,0.06731503791098167
0.45,0.45,0.45,0.0,0.62,0.62,0.62,0.0311065782763895,0.6985883519682131,0.6239675247069474,0.6948027784226171,0.6249242484796074,0.7037347740333539,0.6604612548648167,0.7142163019678707,0.6296408124298226,0.6902326731511066,0.6422362272420826,0.7029506299204784,0.6480063220700213,0.7099287990890494,0.6626245046678263,0.6928981332598654,0.6293980267139556,0.6998630777772229,0.6285524113837956,0.0049875593997321475,0.09604359318096332,0.005255987738674966,0.0902326319617725,0.007447714990695256,0.08659651362422886
0.46,0.46,0.46,0.0,0.575,0.575,0.575,0.025899610359844,0.7030757270510408,0.6315758493394913,0.6987138078439017,0.631739547600211,0.7066196481015979,0.6656634326752425,0.7121905237728771,0.6310434182183149,0.6951821775961,0.649477424672598,0.7005607684757462,0.6549524252537259,0.7069968914305117,0.6664626824547535,0.699229477482089,0.6318523390500262,0.705599582244846,0.6359395431224598,0.011712508394462673,0.0683476275653758,0.009687020262231403,0.050676063656797846,0.018479322048512176,0.06624081928263091
0.505,0.505,0.505,0.0,0.645,0.645,0.645,0.0177089097952407,0.7040149070228737,0.639721571427935,0.6981554683700314,0.6386343394849945,0.7035203517985159,0.6656634326752425,0.7155933051394292,0.637767179227491,0.6959419489305587,0.6496683944197885,0.7039299226392234,0.6554812010167408,0.7102687528506714,0.6664626824547535,0.697659042549266,0.6397942532505475,0.7060026313312286,0.6402119926135786,0.01676489335133107,0.08384653781117875,0.01569940041100585,0.07699134065638685,0.019344453533044616,0.07047557619095984
0.49,0.49,0.49,0.0,0.59,0.59,0.59,0.0140675724419861,0.6906194404899515,0.6492685979677847,0.6898152399871423,0.6532078997537482,0.6881576589952134,0.6802425928532437,0.7035666030215966,0.650818193313349,0.6837314611143653,0.6667851729540457,0.6861855903562889,0.671188031887485,0.6974026153089634,0.6802957512349369,0.686159640121669,0.6557289289425062,0.6919707534212054,0.6533682832823781,0.022310147151538007,0.1197337380817872,0.019730611275854525,0.1064717109250179,0.021274128227606767,0.11868134130900948
0.5,0.5,0.5,0.0,0.525,0.525,0.525,0.0755157648890618,0.6950415350841082,0.6771385171476652,0.6987876415186146,0.6779681370132986,0.6914177951909338,0.6964430217082294,0.7043441312110621,0.6836105550117235,0.6890462136435234,0.6884092176833784,0.6863966077076626,0.6890164009171751,0.6974515380154171,0.6964477700262365,0.6986799165689175,0.6845456768697789,0.6950023001018488,0.6797341829003761,0.04610032197038933,0.15807317785488936,0.040628353236661176,0.16039099471540297,0.038838733597581,0.15883800976037704
0.425,0.425,0.425,0.0,0.565,0.565,0.565,0.0880503144654089,0.7094100989423269,0.6675375144378403,0.707827925256338,0.6633806569364877,0.7179454415922162,0.6712865418170247,0.7070024854989699,0.6712708000673768,0.7042250796484422,0.6681293125240275,0.7023091014061044,0.6686495751674941,0.703516678296181,0.6709399296523518,0.7080933743982463,0.6766133181967149,0.7163102364808399,0.6657499934856133,0.03735151239131946,0.19122541460749548,0.041515818714832196,0.19245376918255544,0.034403224682614295,0.1950440265048811
0.475,0.475,0.475,0.0,0.675,0.675,0.675,0.1211465657111953,0.6873254297096847,0.6409661702473795,0.6861788617180596,0.6463070827610672,0.6897094071928312,0.6621001858537174,0.6846719876976346,0.645166947921142,0.6757632275171956,0.6547943270019642,0.6805238986200507,0.6545224373374003,0.6824704106976937,0.6635653088241499,0.6871477607218617,0.6451040321993684,0.6883203221657358,0.6461642484081027,0.022166289729576658,0.2244869869102625,0.015395924614684722,0.21555675690716394,0.019302297729607825,0.20438203107905778
0.41,0.41,0.41,0.0,0.59,0.59,0.59,0.0865545282388327,0.7151320144214219,0.6665028454972376,0.7098587500821767,0.6634860339910381,0.7126500191895684,0.678202072773645,0.7129691851527444,0.671292975546123,0.7078026696130403,0.6750515295117716,0.7051105941743481,0.6746797621713289,0.7111060940774524,0.6786867060557338,0.7103259626541356,0.6704454222337521,0.715446232745031,0.6680146927563099,0.0383994469253274,0.19899139028694604,0.04477770754675563,0.17999837159291732,0.041192240570721364,0.19016734786669065
0.435,0.435,0.435,0.0,0.565,0.565,0.565,0.0785850455411988,0.6834104387196178,0.6547080895015472,0.6788158572685522,0.655803693062006,0.6945281581089597,0.6770190732094992,0.6849856142544444,0.6586868433367037,0.6759134391021492,0.6709914807674008,0.678738447085162,0.6739574553308152,0.6826592628064196,0.677692542034409,0.6786008344875126,0.6598308434622225,0.6856865709345409,0.6604521412732952,0.033985607481340344,0.18975902361677285,0.0374087657332343,0.18193451335661506,0.03009992578842618,0.17936313013036387
0.465,0.465,0.465,0.0936811790614942,0.515,0.515,0.515,0.064789818742769,0.6062636735976853,0.704464399312479,0.6165248061427696,0.7012446421947207,0.6132022834562052,0.6987513900643993,0.6022104554030158,0.7013142830192223,0.6088204709696329,0.7006769252348896,0.6012927598775484,0.7022980401089939,0.600935111385058,0.7016756841873304,0.6143981876167497,0.7047882344814331,0.6156779388021272,0.702995506634794,0.21576429113940182,0.25333934899445315,0.2076901527447448,0.244615537741802,0.20867363919470644,0.25826359464267296
0.515,0.515,0.515,0.1197822141560798,0.505,0.505,0.505,0.0196078431372548,0.6067330469514839,0.7098883847750591,0.6162263380598628,0.7123737898628579,0.6101572583634596,0.7129160261850525,0.6034261382330561,0.7105666982977734,0.6177338228891398,0.7130758232297499,0.600625568213932,0.7125157819102934,0.6037387386745484,0.713687811512582,0.6163157004047316,0.7145481738794679,0.614338604711974,0.7137776122476099,0.23621420329749362,0.2665751476184591,0.2225982958280164,0.2776528498381344,0.2252225161004203,0.26274467146820885
0.52,0.52,0.52,0.133495802870295,0.485,0.485,0.485,0.0,0.587233469396318,0.7017656382649023,0.5965475312759029,0.7038256543214166,0.5933402255533686,0.7129160261850525,0.5953503708760675,0.7003910208858081,0.5935545050093131,0.7032723297954152,0.5842259536509447,0.7043020334330782,0.5946266058845363,0.7131944818183364,0.5947203792758748,0.7013982894206131,0.5963946470930794,0.7036487274031343,0.23423024131169734,0.2528760919356891,0.20655667935369695,0.2513084884398,0.21807150440404247,0.25921793472117016
0.535,0.535,0.535,0.1523878964637258,0.39,0.39,0.39,0.0,0.6051145256247544,0.7066297488917231,0.6142530610718362,0.7036278021708496,0.6099858761620307,0.7040246373058483,0.613630520679955,0.7087216104832763,0.6178146781485665,0.7052003657098089,0.6027408336091928,0.7056851670651423,0.6118265835223887,0.7047564615880111,0.6173014606208137,0.7115493464122296,0.6139590047803846,0.7051292397631798,0.3017466107170373,0.24080345579804346,0.291838725190449,0.24399090940066784,0.28852587992369244,0.260587854263142
0.585,0.585,0.585,0.189453125,0.365,0.365,0.365,0.0,0.6420833483990709,0.704094347862335,0.6496163681272143,0.6989334448162978,0.6458978567661013,0.7123731209098207,0.6437128950527612,0.7031957278096557,0.6473606950103368,0.7062861629272619,0.6377823983789905,0.7108179225126627,0.6438289153423322,0.716296247091835,0.6454504981269538,0.7018929053282152,0.6496291208591481,0.7003282813943182,0.2831266196913848,0.2902979868392547,0.2647136532479731,0.28861937235467644,0.27047617295527593,0.29280673795861195
0.56,0.56,0.56,0.1836734693877552,0.37,0.37,0.37,0.0,0.7046389982460973,0.7449586771604424,0.7134062869172411,0.7401559012259467,0.7100779318686314,0.7460439135949959,0.7038643093017516,0.7414953319868061,0.7109752306622266,0.7431505216974794,0.7009571326008712,0.7474989736437934,0.700713899459468,0.7450411313364258,0.7114961383813123,0.7440502927342327,0.7079272762634445,0.7406761992462415,0.27861165550831557,0.3290978643929837,0.2743062225597969,0.32706232533874674,0.2750451864565538,0.31022280889400067
0.575,0.575,0.575,0.1993217784476262,0.41,0.41,0.41,0.0,0.731180118188155,0.7327309527057304,0.7327287905073953,0.7285602797000715,0.732116399452895,0.7274525621065729,0.7260656722870288,0.7332174887656964,0.7342885797435336,0.7311013959613786,0.7307070480379955,0.7297144413147224,0.7276818878926965,0.7250108830865792,0.7358305985675742,0.7362549373686103,0.7289166627200204,0.7340855628262449,0.29914636193251815,0.3915272170101417,0.2941076977307088,0.40077579474920766,0.295041422276215,0.38247739873921893
0.545,0.545,0.545,0.0815502624142108,0.385,0.385,0.385,0.0,0.6063393019132808,0.658161635442174,0.6017980562207034,0.6589290074546043,0.6112926113555288,0.6708237822936234,0.6106623176662206,0.6660247502565773,0.6088954459787107,0.6636720122013124,0.5986116132921967,0.6635016743109234,0.6074263687102952,0.6720026470692215,0.6070276806107463,0.6691098456132084,0.6071048751964929,0.6641072690240161,0.23414431911939207,0.20552185526527303,0.2261604530186551,0.20664083108480158,0.23021750356351542,0.18535156449497397
0.52,0.52,0.52,0.0660570094367155,0.45,0.45,0.45,0.0,0.6181671297374874,0.658114512450599,0.617527427818976,0.6572657629485918,0.6182834477244679,0.6649367456416715,0.6173305598680705,0.6605490435734196,0.6177550631454005,0.6612748123707609,0.6120671149655006,0.6648985899951363,0.6141171672576575,0.6668068280709544,0.6181297718814052,0.6635547901554294,0.6193122033028227,0.6636725207284689,0.22669747751416078,0.16719320555104092,0.2163251148420184,0.16556949290764608,0.22518221571972782,0.13838924597452876
0.51,0.51,0.51,0.0555127216653815,0.46,0.46,0.46,0.0,0.4997044368820412,0.4466310962936804,0.508045206066121,0.445678694424713,0.49718124774267214,0.48311768471939365,0.5108017565119514,0.447365046394227,0.509336141209749,0.4642652073675347,0.4904476397685248,0.4712418621310911,0.509946648426442,0.4888644791100125,0.5139923772121369,0.439514890605761,0.48504109189619354,0.4499196024599091,0.05542523626322446,0.02534197691328061,0.0582671378706767,0.018737004923412157,0.05675588159606666,0.021850593109947393
0.465,0.465,0.465,0.0394973070017954,0.505,0.505,0.505,0.0,0.49433891282755,0.48350399882596784,0.5055755032023659,0.4817152579212338,0.5153716782082403,0.49864497754498116,0.5095999783134675,0.48328731829603255,0.5131932466669245,0.4835247891979678,0.4784583324016802,0.4836306787656642,0.5037088771515488,0.49585128724677796,0.49929146980913613,0.4810450792605875,0.48044340526338186,0.4862727709723124,0.06836242254953799,0.12598106405429477,0.06662051337847466,0.13480979314749192,0.06873880351968178,0.1280930576181664
0.44,0.44,0.44,0.0420800547382824,0.49,0.49,0.49,0.0,0.5083072278605607,0.47690696815736544,0.5083641725953474,0.46998284176465915,0.5130847329580948,0.47584375200684015,0.5227887992355725,0.4711884092895163,0.5152333611506559,0.47333663459918046,0.4808616679383097,0.47247673950537455,0.5135363896903038,0.48041351513668357,0.5102889047997924,0.47075960181601534,0.48478364300512655,0.4692741436837374,0.09658139266362098,0.14460948676944604,0.100678068410354,0.14007064632821747,0.09919978360724876,0.1311109801787087
0.435,0.435,0.435,0.0412353639911761,0.5,0.5,0.5,0.0,0.5053869088022102,0.49855925871795165,0.5181097114966838,0.4961634578014115,0.5147284919441434,0.4854593248507404,0.507345966862259,0.4974769522705488,0.5136871573052327,0.49051866261483507,0.48793199840390755,0.4883168475734904,0.5100805100221172,0.4852465725467935,0.513984706301735,0.4889870430004684,0.49455425407965903,0.492995349117618,0.08545159693438888,0.12228435625877511,0.08051091432291924,0.12652718592160678,0.07738906248701594,0.12002226473424267
0.52,0.52,0.52,0.0490341753343238,0.425,0.425,0.425,0.0,0.5457020818226461,0.499046736386649,0.5559694773268635,0.49523723307601814,0.5784744572007369,0.49486993522914535,0.5502592849843746,0.4961636024875696,0.553973100330308,0.49522807670591934,0.5278173225016746,0.49558624221711756,0.5458408363583314,0.4958317324074929,0.5519998213598905,0.49289189304868214,0.5404677764700277,0.497087543290194,0.08273109339633641,0.11486431780612424,0.08030925376660576,0.11541826995332222,0.07864092579526605,0.11707452465001947
0.495,0.495,0.495,0.0444654683065277,0.475,0.475,0.475,0.0,0.5394529826057998,0.5029625313546968,0.5453956168485987,0.5025181005980194,0.5605545348023613,0.5046698310938617,0.5376755717463715,0.5011293841921054,0.5388447095263277,0.4996756569490357,0.5374325975897586,0.5023374616994734,0.5372991971310866,0.5041162958795323,0.5396628751742749,0.5005066434745543,0.5378388849004293,0.4997302704488415,0.07554117047744689,0.09187702541693016,0.0691564316149019,0.09736792171034266,0.0695535984767558,0.09897672410103951
0.54,0.54,0.54,0.0530108080288215,0.41,0.41,0.41,0.0,0.5801169174344524,0.5459553086746018,0.5862536838607444,0.5407195404147016,0.5918719878781045,0.5422163645300121,0.584508866239039,0.5369303453411152,0.5927326177499205,0.5414426991898204,0.5672808274737609,0.5425820533314395,0.5929728225985829,0.5450550885166695,0.5840172307248003,0.5410328572115223,0.5679779902179432,0.5380158908119632,0.04869711723721491,0.05186282075196609,0.04959899429812195,0.05395190625918282,0.047343583616586575,0.0534909008503999
0.54,0.54,0.54,0.0530108080288215,0.435,0.435,0.435,0.0,0.5906715148020429,0.5484495316414302,0.5931452349173121,0.5448683327572398,0.6018187288668424,0.5390031392473268,0.5896618381650088,0.5410891215215549,0.596393738300845,0.5378371110872181,0.5902659136467003,0.540408191065624,0.5976900572346011,0.5429637913960728,0.5938810128644453,0.5487615473080483,0.5899301074483236,0.5406016586965486,0.07630920405839722,0.039232986561846865,0.08655537291332382,0.048791054291376014,0.07791941367729152,0.03975781465912689
0.61,0.61,0.61,0.069767441860465,0.465,0.465,0.465,0.0936811790614942,0.591070151563963,0.5638269940682248,0.5926969142467986,0.5539627234619044,0.6034629384034523,0.5560157785190321,0.5934482916154925,0.5592756327384705,0.5920281523221883,0.5529034649456492,0.6010461495933465,0.5530041239157304,0.5932068611529294,0.5537028152203602,0.5844942265127756,0.5584350623190218,0.6048608219633537,0.5557318186573236,0.03987242391511165,0.05524605103093061,0.0336697180125102,0.057756014076979396,0.03303873797385092,0.052420187509392535
0.55,0.55,0.55,0.0344383649822981,0.515,0.515,0.515,0.1197822141560798,0.531169036439844,0.523745352473915,0.5312468798201331,0.5267884856485606,0.5327403492202522,0.5408988227944385,0.5396981336947624,0.5289020956472706,0.5276370265733489,0.5400427191918561,0.5257718122855812,0.5370407070125851,0.5390408767567206,0.541988638027054,0.535541909068331,0.5214495818543613,0.5358518782482812,0.5331932168847809,0.00929722677532085,0.015017025411355045,0.009197821783782052,0.016354466894000393,0.01570804170958853,0.021378460777387073
0.53,0.53,0.53,0.0110468174644925,0.52,0.52,0.52,0.133495802870295,0.5668842433842838,0.4930573796530275,0.5497411590705122,0.49443192496689187,0.5716636677268493,0.49955585548654136,0.5581891809825348,0.4994294126001663,0.5637741410478568,0.49577960908055047,0.5511621527043971,0.4925260702488727,0.5555753269765293,0.5005342052696419,0.5498755329705146,0.4950265363564902,0.5466314591568779,0.49625435635348386,0.03362643072295958,0.09961725121385506,0.03203152584474591,0.09317772507336185,0.035692719032883374,0.09460364702103383
0.485,0.485,0.485,0.009234320892651,0.535,0.535,0.535,0.1523878964637258,0.531842892319934,0.4604152005418917,0.530927002285929,0.4634948618093371,0.5423988028058365,0.48825266056669864,0.5446134480494271,0.45581804829713074,0.5293884144816412,0.474254273655044,0.5228716075670679,0.47273349387527136,0.5395668998459965,0.493037756653949,0.531366148845428,0.45367662897610617,0.5169460378694316,0.46640826785609607,0.04213214781244657,0.09873918016977866,0.040110115007130555,0.0971032002790851,0.04784933682523366,0.09743321910479488
0.47,0.47,0.47,0.0251080658511909,0.585,0.585,0.585,0.189453125,0.48788436338208735,0.475620827975889,0.4856222925160589,0.47290074447655156,0.5044729367612506,0.48632019698040135,0.5000046499078915,0.4759294117967804,0.4947237749854893,0.47538567933464193,0.4785260059792425,0.4793533897850921,0.5021948890670119,0.48988655113623747,0.48981547459448993,0.46413349127673287,0.4755076150621271,0.4726602646112034,0.09887693250099262,0.13201114832882957,0.10090338243283264,0.1313957228766393,0.10916920847862974,0.13025989566169133
0.45,0.45,0.45,0.0438108484005562,0.56,0.56,0.56,0.1836734693877552,0.5083886054804125,0.4774468103338662,0.496641360266188,0.47716784712052845,0.5056468855032076,0.483312675153079,0.5139374214654545,0.4751464095386246,0.49758570855569423,0.4779969555115472,0.4929482435495733,0.47727755476443784,0.5120682867763798,0.4892237933016551,0.5005902180915334,0.47222651948457556,0.49223851726710327,0.47207108267268416,0.08413572769215615,0.14867555010437736,0.0752348972059812,0.14977967123444838,0.08076162412304044,0.15172734931700937
0.485,0.485,0.485,0.1166380789022297,0.575,0.575,0.575,0.1993217784476262,0.5261233276663824,0.5049878298303043,0.5281279494109762,0.503236082373736,0.5371770522600864,0.48956426613447657,0.523300451216105,0.50736099215755,0.5450651782636011,0.4979804592913483,0.5318756052048106,0.48868222978263115,0.5221350820242905,0.48637825124722406,0.5217650950768047,0.5010276373550195,0.5309258278395154,0.5047692945918868,0.18084131040120702,0.2117794212348223,0.1610972069169354,0.2089589701063129,0.16748005719638687,0.21419020701613747
0.54,0.54,0.54,0.1797432239657631,0.545,0.545,0.545,0.0815502624142108,0.581014573371913,0.5037883680335389,0.5703373861544565,0.5001429414739476,0.5798561811253613,0.49473707001924555,0.5683302272166291,0.5027407063291707,0.5756568521986437,0.49701807598865333,0.569536050618487,0.49524682359055083,0.559561790908299,0.49101822983666804,0.5671451573369845,0.49997820890930583,0.5575300593545665,0.5030809757262815,0.26761162866036037,0.21282876511023208,0.256752756729224,0.20662805192538802,0.2529686998089445,0.21048467224233988
0.615,0.615,0.615,0.2358078602620086,0.52,0.52,0.52,0.0660570094367155,0.5858881919264839,0.49871968379671633,0.580157928999772,0.4963796979997058,0.5720682497601827,0.48992131091311153,0.5697193010290896,0.4971075559331835,0.5839470901296183,0.49641955327845283,0.5772401407427489,0.4965028498418602,0.5693630897099942,0.48988655113623747,0.5898339599776216,0.48561787967160497,0.5697118868579133,0.49332083564848095,0.2646436140514017,0.19361068194074338,0.2536667949043131,0.20162291891745338,0.25326533571314314,0.20513877953788606
0.635,0.635,0.635,0.2588832487309644,0.51,0.51,0.51,0.0555127216653815,0.6178122167506597,0.5444033703970212,0.5993454677398694,0.544167909744877,0.6097429117130991,0.5429603632615078,0.6127766547674582,0.535888616462321,0.6174031201413418,0.5395467711611203,0.6148797966335247,0.5391203442638608,0.6040206660023891,0.5432723907989693,0.6167351514857602,0.5452431754403765,0.596317327268338,0.5393392150067788,0.29792357456181223,0.19495819378242976,0.30029066228475104,0.18866587591197226,0.3031128339610127,0.19096616397816166
0.595,0.595,0.595,0.2298916143753565,0.465,0.465,0.465,0.0394973070017954,0.6222955257625186,0.5631729173290152,0.6080203419292111,0.5663574915322135,0.6168781988897849,0.5557717827367099,0.6158741833027102,0.570397753640813,0.6256975301703772,0.5572073119449218,0.6207122193862712,0.5551827443410113,0.6111248827538551,0.550537482658585,0.620404193980731,0.5676435969990301,0.6031347590746513,0.5652808032549284,0.31486878252768974,0.24551059026989044,0.3199546399243539,0.2359595908559977,0.32223175275544896,0.24500911475335377
0.625,0.625,0.625,0.2442563482466747,0.44,0.44,0.44,0.0420800547382824,0.6429939218970722,0.5782327907818527,0.6280368638827193,0.5756336076684987,0.6445430818992902,0.5633112363093835,0.6255555231468815,0.5838643850115245,0.6505798978028293,0.5697346312804418,0.6317996402720678,0.5664710255121289,0.6245289189614656,0.5556019189845539,0.6391582999927979,0.5762936879349184,0.6328965547312498,0.5755530330513716,0.2782453328240494,0.24486308374961255,0.268271543903386,0.23803212393628523,0.2659295426492184,0.2415378171161543
0.555,0.555,0.555,0.1252211519559662,0.435,0.435,0.435,0.0412353639911761,0.5774852828947252,0.5499958064099955,0.5743559253783275,0.5437672727939056,0.5806882323346518,0.5269786744141374,0.5714502705417766,0.5612676068836775,0.5713253437709435,0.5399615866990851,0.5762023043090874,0.5341721380717346,0.5626746069624375,0.5181694118594892,0.5674389839233354,0.545056931272934,0.5689652425013315,0.5419788559324534,0.14313319765264612,0.23652033426469773,0.15123247587559457,0.2366890209544029,0.15147606191651072,0.24616128981974555
0.53,0.53,0.53,0.0849800447775721,0.52,0.52,0.52,0.0490341753343238,0.552902766892963,0.5367105309047887,0.5535834781633816,0.5352594461864266,0.5649102940076747,0.5131681382637373,0.5592340498498113,0.5438411220907641,0.5732365274822618,0.5263401157319721,0.5659752348156603,0.5214790745270982,0.554060110675606,0.5062304960721624,0.5599752680096315,0.533913065808023,0.5589290365721998,0.5336375595348452,0.12088263639454978,0.24418044690239396,0.1254530749483466,0.24768599120896767,0.13148702794221134,0.24898751505542827
0.44,0.44,0.44,0.0151248680970805,0.495,0.495,0.495,0.0444654683065277,0.5103658221573142,0.5176858668218937,0.5038030796942571,0.5198834767378766,0.5017038427552908,0.5037127050721989,0.5145805328069244,0.5232679853035809,0.4981564562304091,0.5121436854873606,0.5119135592400679,0.5081703942319159,0.4998668322900699,0.4990024927644895,0.5148432652177035,0.5144775969677573,0.5068145544049952,0.5201306494022107,0.07294870924909186,0.1476459192841475,0.06748313875417418,0.15069835717607738,0.07186360442605232,0.15665757719146525
0.41,0.41,0.41,0.0315962248666392,0.54,0.54,0.54,0.0530108080288215,0.48169601838906156,0.5090264704748704,0.48057838818966137,0.5026313990269752,0.4945353649218802,0.4927530025490955,0.5028695988013405,0.5127793845320087,0.4982235141354621,0.49723487794882204,0.49693386864972827,0.4958868865204112,0.49468798839455075,0.49101822983666804,0.49025406212452327,0.5084337997659693,0.4840860871872652,0.5039839671371215,0.0744616328750103,0.13616675607023818,0.06408002619938183,0.13732279910431905,0.07022780441209367,0.13982445477785765
0.44,0.44,0.44,0.0420800547382824,0.54,0.54,0.54,0.0530108080288215,0.5258728987026274,0.49990942769575714,0.5099445407616872,0.49345847399925014,0.5295440293526504,0.48655308522239293,0.5386087638216747,0.4919477373999901,0.5291153151693082,0.49376252821494543,0.5166462428806542,0.49085081906070044,0.5296269566046223,0.49164092115089925,0.5259514089348777,0.4962157827485973,0.5137190369654724,0.49177770580223223,0.09742624062964267,0.019701225071450758,0.09102062277586527,0.03155156401810761,0.08565028408902224,0.03317945211639143
0.47,0.47,0.47,0.0474478792235801,0.61,0.61,0.61,0.069767441860465,0.5007252590442003,0.4924140348133542,0.5096202731612779,0.4883187403823445,0.5154281539389689,0.4816672774903514,0.5074352056308334,0.4845304488959285,0.5118623425323297,0.4888271034035545,0.49134636132782206,0.4897324110196951,0.510791563332388,0.485713273592301,0.5218188038055409,0.4905896531634596,0.4948737704885954,0.4866397146888734,0.06954413267420319,0.055765172427677465,0.054305892509328046,0.04985355998148583,0.059423196360986745,0.06158354994064114
0.455,0.455,0.455,0.063412957552844,0.55,0.55,0.55,0.0344383649822981,0.531750084310876,0.4857497920838514,0.543955367623699,0.4827540485694654,0.5380803077319168,0.4829725624308762,0.535732636939199,0.4790164964638821,0.5352895342336472,0.4891702879680998,0.5276090232493696,0.48992298309584614,0.5206251803680386,0.4870540506194116,0.5299395690080059,0.4815739943798299,0.5237449213191248,0.483903480986206,0.08336017542389859,0.05518321250205076,0.07703405500987731,0.052278012384025144,0.08134240572350362,0.06547937803460456
0.52,0.52,0.52,0.0817790530846486,0.53,0.53,0.53,0.0110468174644925,0.5343737350593437,0.49721187743926054,0.5508853646798553,0.504898252818119,0.5525337005269524,0.4916292755588565,0.534187959280163,0.4973346082409066,0.5410072734397408,0.5014386235864249,0.5479720319342928,0.5046526201837808,0.5236798601551905,0.49393721133169083,0.5389325155869562,0.4980854229314849,0.5351247402265701,0.5043093652217414,0.08268793479437826,0.09900145606617347,0.07795250487537458,0.09969805211715212,0.0829150102436042,0.09125087066311366
0.49,0.49,0.49,0.1237113402061855,0.485,0.485,0.485,0.009234320892651,0.5410741402667021,0.512160048107548,0.5594990933224394,0.5126482354493158,0.5509882663212531,0.535144606621801,0.5537964290463316,0.5082099663341858,0.5506922343400472,0.5232394925423632,0.5601496943438409,0.5241290470660369,0.5448365974091183,0.5354303004349699,0.5576285978894868,0.5164106357185091,0.5614871781535601,0.514143635660061,0.16269087614732017,0.19907722944344916,0.16839004275835784,0.19016660205414093,0.17480404343229478,0.18914785483968435
0.535,0.535,0.535,0.1884816753926701,0.47,0.47,0.47,0.0251080658511909,0.5663309658138728,0.512005175960284,0.5622331912274908,0.5139097328280877,0.5527644007718219,0.5428158060980229,0.5571068299717576,0.5183968409930321,0.5603302810039986,0.5207709062225391,0.5755144810183156,0.521649675502194,0.5530584903024868,0.5408363734927413,0.5767859864026175,0.5198550560944307,0.550093309354681,0.5174357904569554,0.3186810523566485,0.22201503920808585,0.31796349242477656,0.2164785367816306,0.3288141823013235,0.20429327308198847
0.61,0.61,0.61,0.2371638141809291,0.45,0.45,0.45,0.0438108484005562,0.5777381563693147,0.4950323488409338,0.5674106805835529,0.4962329562237482,0.5587061947223725,0.5351017947895033,0.5662756202994538,0.5002323053635277,0.5748223059883185,0.5107481722256751,0.581083840688978,0.5111175460155825,0.5560130420314757,0.5372621387595736,0.5737671444487895,0.49489766161123655,0.5555059442508623,0.5007653102222624,0.3596725550509415,0.20649384094599507,0.3642678344519533,0.19812552994967178,0.36522586748436725,0.1886254258863674
0.57,0.57,0.57,0.2007434944237918,0.485,0.485,0.485,0.1166380789022297,0.5814947848953143,0.5440197038813598,0.5788251706148125,0.5448609863029787,0.5797606533533105,0.5474230679557007,0.5657481498554054,0.5466528516598341,0.5854832327022044,0.5471475306780107,0.5887714872047358,0.5474070570858821,0.5691177454502659,0.5459924699440616,0.5778273445637806,0.5445189266108229,0.5707765754901626,0.5467445568271221,0.2376950744590991,0.19539957429457527,0.23853684036354178,0.18596179749243008,0.23695193279702256,0.1917152829365314
0.585,0.585,0.585,0.2119255601974933,0.54,0.54,0.54,0.1797432239657631,0.5980962226686805,0.5287293103883859,0.586312352640973,0.5297078790108855,0.5873279941695352,0.514060392974642,0.5870739595548257,0.5296673774880367,0.6051461238022804,0.527176882879255,0.6098774195449633,0.5254316986714624,0.5793444756844398,0.5089310203779697,0.6047706370021978,0.5262070325441112,0.5945563075356339,0.5273902389820182,0.24564859028308925,0.21955419483681257,0.22984788893715244,0.21507897658495306,0.23329532406085093,0.2090052457037188
0.665,0.665,0.665,0.2598320813079983,0.615,0.615,0.615,0.2358078602620086,0.5362326489954932,0.5253091358870577,0.5395071342109329,0.5231255739896595,0.5347116827343964,0.512732514714358,0.5461385220631829,0.5241387815816937,0.5540018736017679,0.5196140766967546,0.5399211627975079,0.5197942716977677,0.5335197031607798,0.5077622085773149,0.5440873732972953,0.5204482210612597,0.5579778192103284,0.5204641008156469,0.1947416296126433,0.19030009436379627,0.18858576032778326,0.1851349541475099,0.1808375275483983,0.18475225609209953
0.675,0.675,0.675,0.2532169117647058,0.635,0.635,0.635,0.2588832487309644,0.5427011659060739,0.49706849167451445,0.5583774095997138,0.4986570022859411,0.55677447043229,0.49866026894610516,0.5477123674913369,0.49633976021355997,0.5757264742757805,0.49959351850022066,0.5265113650493652,0.5028169092213066,0.5546605784510258,0.49592380536904135,0.5486768757473237,0.5000388197373522,0.5433638361162351,0.5045884547636057,0.08578991458976512,0.11468228842161332,0.07185178677647143,0.12236255068940514,0.07037158110390701,0.1367875952034719
0.735,0.735,0.735,0.1898501987159889,0.595,0.595,0.595,0.2298916143753565,0.5184983476506788,0.4820666711226728,0.5251783378659227,0.4825047564262496,0.53147006843644,0.4909810779011413,0.5194866895008455,0.48433858159202553,0.5210584150478087,0.4847283453740429,0.5057886443027647,0.4846852846293001,0.5276891626968669,0.48696743289878347,0.5164830061310017,0.48260809081692935,0.526851923531503,0.48295197692894715,0.06405626796574146,0.04171264870482778,0.04199643973139809,0.04010819132301994,0.04799136674313845,0.055557877608152735
0.675,0.675,0.675,0.0,0.625,0.625,0.625,0.2442563482466747,0.49246762015060547,0.47487611790653594,0.5142349153636491,0.4716691684965382,0.5176339891743188,0.4802644015507101,0.49211702963268067,0.46714154596781293,0.49743029770146663,0.47455813644389644,0.4781039463528039,0.47256159310495965,0.5104792338084075,0.4844096202240348,0.497220164994669,0.46893761577261933,0.4775436941419275,0.4726361289612901,0.02392336380921957,-0.008821316468872556,0.019118187058095988,-0.019952090497692424,0.02109836292702563,0.003390265931718113
0.625,0.625,0.625,0.0,0.555,0.555,0.555,0.1252211519559662,0.45997683782533816,0.4486022618593045,0.47250526528009273,0.4441751332991192,0.47795694950542067,0.46040475984805873,0.461462098969832,0.44245168069818097,0.46230983244530793,0.44800787969630607,0.44678177835590466,0.44538605012856736,0.478634804722225,0.4684050395344557,0.4675375662002199,0.44155412686733636,0.43807107931704103,0.442586711395103,0.0163056740150484,-0.009851515372251169,0.0148304511001576,-0.017698503690556033,0.014422587404178063,-0.007115010175926915
0.66,0.66,0.66,0.2051431911163064,0.53,0.53,0.53,0.0849800447775721,0.5154221502441764,0.4881093335858412,0.5300471340938081,0.4892343805416988,0.5302138986911717,0.48490126936820327,0.5113256063618723,0.49208956773137646,0.5233429446950887,0.48969687448020593,0.5135887499805254,0.49129770421982516,0.5188977287042227,0.48690605114518143,0.51076163617399,0.4938004884906085,0.5042835832588409,0.48835909557263973,0.08508960443747164,0.11835366616544504,0.07636509655095186,0.10362386624588267,0.06758901697474501,0.10176447637893793
0.665,0.665,0.665,0.3206246197525857,0.44,0.44,0.44,0.0151248680970805,0.7309166285605242,0.6791280560930936,0.7154812681553466,0.6840687739490453,0.7280445882962571,0.6916784368203512,0.7156249257951511,0.6801365947791115,0.7310652415877354,0.6836044035298462,0.7278741275409066,0.6888898445167386,0.7178483683968633,0.68944567447075,0.7399803671688105,0.6737925958704301,0.7184046986307258,0.6785965555923409,0.2693264360168719,0.28043310503316504,0.2444517958577979,0.28494629192785587,0.26597371477691245,0.2875086911705654
0.665,0.665,0.665,0.3570057581573895,0.41,0.41,0.41,0.0315962248666392,0.7305798614757385,0.6636069899980279,0.6978853667595998,0.6748953252963441,0.7110446078318373,0.6959337760798063,0.7038473531161703,0.6748550588079869,0.7195905813319251,0.6853549948104634,0.7196075906815552,0.6872074196740787,0.7077394715105843,0.6912874654338567,0.7179202805509466,0.6717415024356334,0.6983755060757235,0.6743875009114797,0.3331672060648969,0.31698493391832483,0.3272538794787872,0.31860919866799686,0.33767903462765086,0.3174451045795358
0.695,0.695,0.695,0.437269372693727,0.44,0.44,0.44,0.0420800547382824,0.7584254744109179,0.6968597384767373,0.7175313116281145,0.7019015124333429,0.7201721926904534,0.6972420836828803,0.7184011030041696,0.6975144938287257,0.7254767723802767,0.7015152333213274,0.7471105986541526,0.6972421398174331,0.7180373061812129,0.6889570144574109,0.7349750196871915,0.6999100812433294,0.7314344622509741,0.6972294236425212,0.5244377216319915,0.35299266643410127,0.5329558066624824,0.3535653599923556,0.5288104356845653,0.34910277099218306
0.78,0.78,0.78,0.5669291338582677,0.47,0.47,0.47,0.0474478792235801,0.7533092421163556,0.7183113180598779,0.7202884344948219,0.7217319458521604,0.7348730264377997,0.7078631699907325,0.7260656722108975,0.7296999143067394,0.7445031760787878,0.7223840548402216,0.7595089444581187,0.7177846864588447,0.7254056672545431,0.6910091834344901,0.7346448493690756,0.7275558528423067,0.7381962792570874,0.7232102340588339,0.541781611697342,0.4738975015772194,0.5314154903875231,0.473680883831573,0.5337261819241133,0.4652490032723833
0.82,0.82,0.82,0.6341463414634146,0.455,0.455,0.455,0.063412957552844,0.7596883567650717,0.7329232395339874,0.7368128930490847,0.7369462540195512,0.7542870452943128,0.7166982151355378,0.7363999889707705,0.7370777345626899,0.7530169529519458,0.732169502226621,0.7586096069164024,0.7310617689239188,0.7350471035527287,0.706453083182545,0.7429819442461991,0.7372374374258489,0.7508964222185467,0.7352034836036668,0.5383072966472052,0.4766312545234142,0.5338959339069617,0.4790863523503049,0.5410687200115553,0.4608492731395469
0.75,0.75,0.75,0.5069519771225717,0.52,0.52,0.52,0.0817790530846486,0.773983428409746,0.7315692378370504,0.7413187787719415,0.738021132999998,0.7611456185715048,0.7224524705797122,0.7448135321116983,0.7368342101325672,0.7722106796075997,0.7307090959263317,0.757040098077537,0.7302905977809377,0.7488031331262206,0.7139938637406925,0.752051913592168,0.7318886408162483,0.7586943477219578,0.7323400025354001,0.5361306723392143,0.47849967671007376,0.5362293364558584,0.4831836128769078,0.5320228305840176,0.4632470365640282
0.78,0.78,0.78,0.5409015025041737,0.49,0.49,0.49,0.1237113402061855,0.7188995018717274,0.6764054839120007,0.697857010832018,0.6805382000341349,0.6891817327529698,0.6836459908724987,0.6968104555600668,0.6832468424551007,0.7202399760482743,0.6850584421917735,0.7187726621917566,0.6852410937929974,0.7016415627617891,0.6823796366431698,0.7078796601582132,0.6820577719608611,0.7072176819337936,0.6822052505479602,0.4947829984245439,0.39949841595085456,0.4956384695780352,0.39681548856575677,0.4918061073743108,0.38768138436300653
0.755,0.755,0.755,0.4932781799379524,0.535,0.535,0.535,0.1884816753926701,0.7323513846061577,0.700730840314374,0.7044237140962991,0.6944813338453973,0.6889168454169874,0.6881818294689213,0.6959993500862853,0.7049699423311158,0.7240565586991737,0.6935107481875573,0.7254923803946036,0.6903974790468758,0.71394769661822,0.6883443727537104,0.7233591262095606,0.6987018336409639,0.7020073563720143,0.6926807241644434,0.44313695750507665,0.4183765102935664,0.4475376725581262,0.426039268650443,0.44869430771588,0.4106410753833707
0.765,0.765,0.765,0.4818081587651598,0.61,0.61,0.61,0.2371638141809291,0.7138749902412204,0.6883255633368648,0.6840778164784903,0.6858314473554066,0.6819904208289976,0.6810563879236237,0.688921676286958,0.6902631407545136,0.7066030880281157,0.6856760467925163,0.6981764116884142,0.6865536052674698,0.7008286583096325,0.6735315713782088,0.6962335223934841,0.6957825784677583,0.6796870826441201,0.6917292506619058,0.3456373426958703,0.44508008465783144,0.3412821684424746,0.4506829050431402,0.354290899532916,0.4421258705803383
0.755,0.755,0.755,0.4059165858389911,0.57,0.57,0.57,0.2007434944237918,0.5311456020654378,0.4961847966380012,0.5315776340860391,0.49464647216237845,0.5254792364895694,0.49106798576031313,0.5120989763923949,0.48931348314833056,0.5392113215606846,0.4955980706436531,0.5205952638531415,0.4923654882658273,0.5349652444097333,0.48684495229273156,0.5241885914009619,0.4894684288683863,0.5101518937589256,0.4968577734844893,0.1847154541747257,0.21010376415950496,0.16641512429365435,0.20732449333040698,0.16652688373460506,0.2135343213839264
0.665,0.665,0.665,0.3156281920326864,0.585,0.585,0.585,0.2119255601974933,0.554174889325014,0.4727360996005903,0.5502648486876325,0.4756469003671059,0.5444212279920094,0.48952098792366056,0.5421966812955484,0.4648369836334447,0.5581023323309691,0.48019532956281796,0.5426226595643899,0.4842316869750145,0.5493157974272268,0.49164092115089925,0.5374753893493877,0.4717261445080377,0.5381171914892502,0.4778686772074499,0.19133035511393856,0.12171674734177829,0.17345948777416903,0.11900914310965943,0.17669165009423246,0.12404251380454118
0.62,0.62,0.62,0.2706333973128598,0.665,0.665,0.665,0.2598320813079983,0.5922508032114785,0.55846055742337,0.5909917999110107,0.5576580297431826,0.5789701675189889,0.5359863258294039,0.5712786136379644,0.549226924398592,0.5994705934456823,0.5426739448196026,0.5747175367404257,0.5429106434290925,0.592147372817679,0.5366531739980887,0.5924087578151477,0.5575850053637933,0.5797868712753803,0.5516725953258526,0.1834159786771292,0.1640274343706414,0.18292024401478424,0.15774783612776716,0.1789903996530796,0.1570449218694549
0.635,0.635,0.635,0.2850146914789422,0.675,0.675,0.675,0.2532169117647058,0.5847855623014253,0.5401188175424729,0.5739905166783096,0.5392074086779589,0.5938965455988894,0.534090879175871,0.5727077120391163,0.5404412800826831,0.5992995220479554,0.5336348823982774,0.5744867117957632,0.5371285951146075,0.5836944524095006,0.5379058504794627,0.5849874447611428,0.5436341470857712,0.5879943173972448,0.5307464748733192,0.23202080087560514,0.1839661133148337,0.23050713358913252,0.18505382042304394,0.21784039589255474,0.1821537777757548
0.545,0.545,0.545,0.1875,0.735,0.735,0.735,0.1898501987159889,0.5825020564800469,0.5402369837847985,0.5691515703738236,0.5400532290076283,0.5707355270865221,0.5309892663747481,0.5885145081917774,0.5310541592583293,0.5940281131072132,0.5302865738872367,0.5699271760322,0.533050487025484,0.575447276593813,0.5337718570686454,0.5777422352186752,0.5370625538967108,0.5776477580727328,0.5280266917708821,0.22791315516468952,0.17472099382804998,0.23534233204602673,0.17515895863741052,0.2271182106869031,0.17086610450326498
0.505,0.505,0.505,0.0973741794310723,0.675,0.675,0.675,0.0,0.5376145125187574,0.4970436350953572,0.5653939372105004,0.49396417225712835,0.5628189615040463,0.509346688641186,0.5540273054456506,0.4876157629011104,0.5663972327780181,0.5005366648162333,0.5505301204336638,0.5031690549284348,0.5587172592596628,0.5173112523218312,0.5574182170301815,0.4937767667104922,0.556709730794818,0.4893801442687591,0.061900481414064644,0.058806994133909975,0.06920609247361995,0.06426283081992662,0.07024015667273062,0.05797019097772293
0.5,0.5,0.5,0.0757001571309732,0.625,0.625,0.625,0.0,0.5655420169932244,0.5331618099514456,0.5916705315314709,0.5286020128767716,0.5789086690938419,0.5130981379376628,0.5817710796952873,0.5260202224854733,0.5989784785202454,0.5244308026526131,0.5811698491979539,0.5226928744867698,0.5864329342082428,0.5194016278797529,0.5795859518300671,0.5290118753303883,0.5839194743348048,0.5182086551477576,0.06868752207044414,0.057289000988522285,0.06996068542670746,0.06162820583397764,0.0723017309984225,0.07008962067253599
0.5,0.5,0.5,0.0757001571309732,0.66,0.66,0.66,0.2051431911163064,0.5479940148336163,0.481259177244443,0.5472872656347,0.4789660487556472,0.5315517068669414,0.48582222458598684,0.5490900873985362,0.479366786636762,0.5311735004204534,0.483614357439418,0.5350941734113241,0.48809954716798704,0.5407211320813915,0.48688789172615143,0.5254051242290886,0.4862632326093012,0.5313390610409803,0.4783961795599808,0.08212624101860315,0.058237109138108985,0.07962204335574849,0.060161865257867375,0.08133197647330472,0.06881897127218593
0.5,0.5,0.5,0.0533888678530858,0.665,0.665,0.665,0.3206246197525857,0.553709431312026,0.47405102401663635,0.5600226582165814,0.475765590890813,0.5446539114865664,0.48303887728010975,0.5588909713757706,0.47135876720123254,0.5439953916956787,0.48196789703147286,0.5438665121771826,0.48297550055623606,0.5587708818033583,0.4869569286103194,0.5521325118213581,0.47009233885116736,0.5418358079827423,0.47758994074500843,0.05070759665172347,0.04972411943620455,0.05000820487853632,0.04256128542700058,0.046365716787240996,0.057122111845792946
0.52,0.52,0.52,0.0740740740740741,0.665,0.665,0.665,0.3570057581573895,0.551834608353162,0.4870779615861412,0.5531161601721263,0.4879033957759925,0.5606902147690731,0.49067832391191046,0.553061360713619,0.4866548663823095,0.5496435326043787,0.48931884889113203,0.5321410341226445,0.4907056321285469,0.556592018896759,0.4911112362302591,0.5533711152934611,0.48583004675973446,0.5311391298830771,0.48697566570965123,0.08121752594630845,0.09553808075934814,0.07794505229441943,0.09047879941819577,0.07703366442799907,0.1061555622476565
0.57,0.57,0.57,0.1472483886960832,0.695,0.695,0.695,0.437269372693727,0.564434182457908,0.4953770439886374,0.5687373897504947,0.49690988189389057,0.5667257990942517,0.49172093781860965,0.5630886397326894,0.49033587726150446,0.5628628944520476,0.4974918409843573,0.5630919474086452,0.4958513484660215,0.5662219381737439,0.4938825890670914,0.5653468916274881,0.5018360738775015,0.5691360575964395,0.49224959045193944,0.10340298768705275,0.08535576807687946,0.10439543339148583,0.08907987009824593,0.1027620470678036,0.09281613129958584
0.67,0.67,0.67,0.2403314917127071,0.78,0.78,0.78,0.5669291338582677,0.5319978546408473,0.49069219329892283,0.5555782652498863,0.5013296752107919,0.5298716927094115,0.49918508195270606,0.527792255589731,0.4916838194970644,0.5260639383973933,0.5017493454452586,0.526079307866737,0.5010924317369885,0.5394921397959342,0.49871564647720124,0.5318302695060609,0.5010873223110412,0.528121701519239,0.49929541246373327,0.14414820110197474,0.13682455906221574,0.1184671070813229,0.14352237835543383,0.12654544054528094,0.15161597230180116
0.665,0.665,0.665,0.2671187923867861,0.82,0.82,0.82,0.6341463414634146,0.5219046662060776,0.46982440329278496,0.5391506232415232,0.47300773103317983,0.5324974859454399,0.4715981558550513,0.5132651505573477,0.46700954282420026,0.5164261958956671,0.4756599412066544,0.5175611116636719,0.47966193872312657,0.5294159284855436,0.4801197434502018,0.5269125632405683,0.46731189421336927,0.5197994959123364,0.4712693850319524,0.1111345763170879,0.10448173019203028,0.09688153353083702,0.10903953958124468,0.0993493366044123,0.10096894894522006
0.595,0.595,0.595,0.2085206175493453,0.75,0.75,0.75,0.5069519771225717,0.5455737687194098,0.5106529938750874,0.5640805534275062,0.5121259387680047,0.5707053572958914,0.5036052358173612,0.5473841894779604,0.5087630421998101,0.5482816082910165,0.5158519071122684,0.5430523394031336,0.5189739531703984,0.5515010360881769,0.5113924092758865,0.5429919937380053,0.5144712407735522,0.5623278218139484,0.5109520357719133,0.0947845763389448,0.09082982608536988,0.07970418218751432,0.09970498839253947,0.0883879645682843,0.09068008385181707
0.61,0.61,0.61,0.2199999999999999,0.78,0.78,0.78,0.5409015025041737,0.5798993923274679,0.5412436328238273,0.5979351651329659,0.5388467422412585,0.6008642841787881,0.5093362975087711,0.5803215615562468,0.5361349907330893,0.5849271963601724,0.5339616368022585,0.5873524563616671,0.529663407293174,0.5882002271737449,0.5145031935155626,0.5787048564240282,0.5395455315889249,0.5942101847883808,0.5335145929479002,0.12619186863837248,0.12544083917000415,0.12287090439829645,0.1424238494924094,0.11884648282726534,0.11466902249972945
0.61,0.61,0.61,0.2259601071747544,0.755,0.755,0.755,0.4932781799379524,0.6234211948922497,0.532207342807764,0.6018882205413303,0.537343020116467,0.611148755429162,0.5089817397169848,0.5939470323774771,0.5276210259900932,0.6108855463503008,0.5261770456853508,0.610350553928261,0.5216583661856972,0.6026943081387629,0.5111203544852914,0.605354367494268,0.5339329696406359,0.6167625556733674,0.5274491771646549,0.21170148626810945,0.09950836297862717,0.1957302811707954,0.12099115703341994,0.1958396386269552,0.08933997660026113
0.63,0.63,0.63,0.2295679333680376,0.765,0.765,0.765,0.4818081587651598,0.579990955120365,0.5684626684615754,0.5951364099904052,0.565262364051033,0.6027346227427778,0.5405613060073334,0.5825456855007431,0.5686950470335973,0.5958323933044523,0.5629624284987405,0.5789810673679654,0.5606179512718066,0.5906226462811314,0.5348992765155158,0.5836872391396751,0.5713418948989852,0.5951852753451442,0.5622651913129099,0.0862446629173181,0.10336048897163015,0.07827178307498199,0.11425758783534815,0.07556681394567011,0.09830145756382459
0.525,0.525,0.525,0.0588468397067564,0.755,0.755,0.755,0.4059165858389911,0.5456378993998829,0.5258147438931643,0.561460489757662,0.5294863771766274,0.561086887060381,0.5175408757290276,0.5569301150523289,0.5253575256868459,0.5526297630568605,0.5295222901066148,0.5523117556992769,0.5334860331941115,0.5502313110549767,0.5239590019883994,0.5559928101454628,0.5248621050604086,0.5644299361785897,0.5254597734111003,0.08017910713024597,0.02588528327145938,0.08215111969777211,0.025585948679236335,0.0835178740871093,0.037182110936789296
0.455,0.455,0.455,0.0446976336546888,0.665,0.665,0.665,0.3156281920326864,0.5359316618219722,0.4766355547250571,0.5305970143028484,0.4840097611406087,0.5380636512163975,0.48788403757652343,0.5354482852740633,0.4781872033394324,0.5211291157535994,0.48254229585507535,0.5251592229243864,0.48429870022957605,0.5260956114940892,0.4878949080513432,0.5273569828878609,0.482182747671912,0.5231508401879185,0.48511357447140635,0.06625048022423871,0.11065109268754764,0.06461007063146171,0.11944407905925765,0.06413426210777207,0.108852724705989
0.435,0.435,0.435,0.0075531354294748,0.62,0.62,0.62,0.2706333973128598,0.5175831211521369,0.4631833550983153,0.5306401019863973,0.4680783212835396,0.5130046465048617,0.47999670287344715,0.5340445591010082,0.46057849832065556,0.5084062028459584,0.473117544873666,0.5218076908102,0.4738026031684768,0.5275609527768258,0.4830618506412333,0.5191574695095995,0.462738844044815,0.5184135388095179,0.4690189359381361,0.027567110541990097,0.07918842942882806,0.022408526598154104,0.08602950876745022,0.022895010537670794,0.07048697134221371
0.475,0.475,0.475,0.1121258244545915,0.635,0.635,0.635,0.2850146914789422,0.48811003534910946,0.4821416472063402,0.5068965625344227,0.4770663783110389,0.5071359026542296,0.47969357918448824,0.4924732872610347,0.48423792069440513,0.49893866040914425,0.47752119203592724,0.4934497911454996,0.4782844277367344,0.5102232667208174,0.4799106451235218,0.5014466050669653,0.48166095901598005,0.49512305513380916,0.48015032026964993,0.10649885879460996,0.24196920387876825,0.09050786684636591,0.2516043891526778,0.09779976683288925,0.23666479540725804
0.445,0.445,0.445,0.1172260219500557,0.545,0.545,0.545,0.1875,0.49150132081690434,0.4983267791262809,0.5230876906616835,0.5008806376758217,0.5218399843011832,0.49119660288665107,0.49971635793101893,0.5061297407455874,0.5083053334489489,0.49841961485182507,0.4956580184041935,0.4945343716186394,0.5151297939572907,0.48908662020892374,0.5045980739126248,0.49995093559562687,0.48235099936620074,0.5004443175424076,0.14372005483250103,0.23994054649355215,0.13614559285262856,0.2517144471556434,0.13009481539754358,0.2364642233419281
0.48,0.48,0.48,0.1665998878115233,0.505,0.505,0.505,0.0973741794310723,0.5517749425711168,0.5006276350290948,0.5410605009117075,0.5001824550134972,0.544556035925095,0.49637162684910535,0.5389586001213075,0.5045977637956718,0.5583597381547016,0.4996074678205503,0.5440564438479447,0.49473787595353985,0.5448292342971871,0.49257890059192305,0.5398893844334626,0.5046771462242939,0.5226632596641431,0.5006283261867811,0.34322987966973195,0.23845928758404172,0.33815112536548925,0.2502752506709153,0.33505138694333686,0.23482564573831405
0.545,0.545,0.545,0.2453143141482834,0.5,0.5,0.5,0.0757001571309732,0.574211375247518,0.497658966862081,0.5639058614193443,0.5007413957356758,0.5710741394143446,0.4917849367937445,0.5531064631908534,0.5009268927721192,0.5782394292174798,0.50060904929221,0.5569760436299434,0.49807672085666477,0.5578104200544686,0.48908662020892374,0.5634620083629537,0.5000820099990189,0.5442431413415553,0.5015115258275473,0.4367230808015264,0.22612501538173446,0.4469844661382869,0.23051750032180962,0.4383895867806284,0.2241602724787635
0.605,0.605,0.605,0.3162541111303444,0.5,0.5,0.5,0.0757001571309732,0.5994125797578302,0.5040383652755615,0.5966063798208386,0.5072252470409766,0.6013837093432796,0.5099123794152308,0.5774486085556026,0.5002139142482104,0.59561834541901,0.513420826910665,0.5911483439117963,0.5180825893441136,0.5915174736753,0.5151103882661803,0.5999571964975591,0.5004153731458405,0.5730977788567831,0.5055998091666019,0.4255489903003935,0.21373780379987944,0.43488451305279807,0.2128658915337518,0.4350685479188445,0.2074655101989065
0.715,0.715,0.715,0.4707520891364902,0.5,0.5,0.5,0.0533888678530858,0.609951978687501,0.526678705697331,0.6134412676728758,0.5317552553651071,0.6055918967174341,0.5085015447630351,0.5877457486108002,0.5237286635038059,0.6041194732989813,0.5221959815205426,0.6153136851943083,0.5236861499841549,0.5902552558826176,0.5080261705262297,0.6244503456889772,0.528600065485301,0.606676593034501,0.5258653490387877,0.32175091847578136,0.20772189465132715,0.31861785125571274,0.2076812444143764,0.3371044980439533,0.19676011298545348
0.76,0.76,0.76,0.5454545454545454,0.52,0.52,0.52,0.0740740740740741,0.6152920628195855,0.5778588592147809,0.6074005255112559,0.5737468397365245,0.6224920124196507,0.5341759237930968,0.5960599237053863,0.5864315357813733,0.6179777257491216,0.5606719619352716,0.5980208175917316,0.553679324661973,0.6057495222512047,0.5236614659771809,0.6092784781011183,0.5857501814882637,0.6029812462938806,0.5715919181242919,0.3248316167479024,0.30302846878132667,0.3141270167984543,0.3081729714655079,0.32441522788976906,0.26855445793766475
0.78,0.78,0.78,0.5711082951554732,0.57,0.57,0.57,0.1472483886960832,0.6087205473430753,0.5931674016247388,0.6174499200361049,0.5788251404692849,0.634123738381722,0.5394461710685169,0.5993791528574771,0.5959861001500445,0.6362305402235161,0.5677677166219322,0.6078029912206213,0.5629144437461658,0.613804591206604,0.5278150587755652,0.6161075329881393,0.5914998772047072,0.6133620480418297,0.5796927070285022,0.31583005734389513,0.31066465739938237,0.3098369616519019,0.31240264525046746,0.3241578073459253,0.2838519238976822
0.73,0.73,0.73,0.4681374963065103,0.67,0.67,0.67,0.2403314917127071,0.5871906121995455,0.5625219048432536,0.5809717318224841,0.5642118262457372,0.5843253334648666,0.5368896868677897,0.5789706593628106,0.5611525675279438,0.582154075646107,0.5612317651661007,0.5785731652798748,0.5573937688970686,0.5763518189330284,0.5309861182775446,0.5716037655031728,0.5631612595982629,0.5717910456624634,0.5606741957608334,0.3103788275244451,0.21606631771400675,0.2982435866976939,0.21311143142192918,0.30674406599085147,0.19958273194955398
0.735,0.735,0.735,0.4671224612909712,0.665,0.665,0.665,0.2671187923867861,0.5822793634357265,0.555535144401903,0.5816471687531632,0.5587924185990286,0.5967826791228972,0.5366716881082818,0.5777482465644623,0.5556954313854765,0.5849700484905678,0.5532606628954915,0.5719988118069831,0.5537455193049456,0.5849161758994337,0.5321177969779752,0.5726381659174582,0.5616798623879649,0.5687555199026552,0.5605395087852632,0.2828118233487282,0.2916122491323192,0.2642507828971821,0.28771147752758147,0.2623420557859004,0.2728619417743117
0.675,0.675,0.675,0.2972972972972972,0.595,0.595,0.595,0.2085206175493453,0.5499599092291064,0.5152424827041014,0.5487886026157561,0.5149080687859308,0.5359871741980128,0.5026683753003505,0.5317316432135877,0.5130564880908016,0.5424091322973107,0.5095842013682902,0.5329197873567992,0.5095445340284168,0.5489136830777988,0.5018264307168772,0.5431270915604651,0.5138698004151244,0.5130171716364935,0.510487696920655,0.17104644859549983,0.1993077955026767,0.15197354311162078,0.21224375445712027,0.1517887852945874,0.19218827416704926
0.6,0.6,0.6,0.2180627504642752,0.61,0.61,0.61,0.2199999999999999,0.5515298879531082,0.5004822921277788,0.5674465633930493,0.5036522059200053,0.5494002676724632,0.49454031467655635,0.5437397894646774,0.5031237010102516,0.5510601172343462,0.4974965609490737,0.5429953945785458,0.5013513998849856,0.5609763428389989,0.4968246962581229,0.5463920808307027,0.5050321926720179,0.528207164953333,0.5034110325791007,0.1949890696952036,0.1590562434050494,0.17226439282621644,0.1638001712846259,0.1634840667902769,0.14622258422178455
0.56,0.56,0.56,0.148606811145511,0.61,0.61,0.61,0.2259601071747544,0.5220921850504687,0.49844091686456327,0.5293360972582194,0.4972094912682423,0.5325356503627845,0.4831745606517589,0.5227352479017672,0.5024672376036897,0.5346381885047167,0.4938918098633552,0.5183791852850789,0.49154062947594684,0.5233600019522571,0.4865163118746483,0.5116216426557059,0.4988328946942377,0.5197644234819232,0.4976669019701072,0.05714880159798985,0.16586887623280672,0.05323708769760485,0.17372853911637737,0.0499115448399693,0.1587748854560681
0.545,0.545,0.545,0.0899999999999999,0.63,0.63,0.63,0.2295679333680376,0.5166465461480817,0.5064305439120872,0.5426118442246544,0.5070496444186695,0.5434886288564598,0.4830995932514979,0.5258529048906962,0.5023990411947372,0.5375197562933839,0.4992722219521192,0.524481799862278,0.49709624641984645,0.5440373222629075,0.48908662020892374,0.5360648207456368,0.5024081672754639,0.5215333352675138,0.5020557074088167,0.08467199740802354,0.10796911226446444,0.0889741149362388,0.10462750256530325,0.0977579408093233,0.10323811558366022
0.565,0.565,0.565,0.0971357409713575,0.525,0.525,0.525,0.0588468397067564,0.5495133053594359,0.4986862045872084,0.5694473168595939,0.49757239687104826,0.5593072394712862,0.4738918510203716,0.5434452941117686,0.494590806750957,0.5565794724247489,0.48792358163624566,0.5472803649776354,0.48401351984414065,0.5526803080756583,0.47848190550893926,0.5500406934869768,0.4978038537443363,0.547462942555762,0.495206701615912,0.08385637415187945,0.08675588946181503,0.07818035222829153,0.08212437579148643,0.08384331694155706,0.08240473889043645
0.6,0.6,0.6,0.111012334703856,0.455,0.455,0.455,0.0446976336546888,0.5442160802085299,0.4959735561108787,0.5634600627206717,0.5062843865755494,0.5651417101280827,0.48426766591633613,0.5342820536915566,0.49565131563626186,0.5503066902855268,0.4980637654249037,0.5439362386831385,0.4973799662428791,0.5507253787824448,0.48444664161947976,0.5463462600683987,0.4941473735241237,0.542967887116421,0.5037252540324594,0.09162313642082937,0.10318660591628447,0.08816212799641467,0.10240250639550305,0.09820084602300827,0.09974237341380995
0.615,0.615,0.615,0.2413793103448276,0.435,0.435,0.435,0.0075531354294748,0.7081502590261227,0.6708321238191167,0.6900070271221461,0.6833528549812762,0.694047750318219,0.7008861691405712,0.6955529729106252,0.6676785935935943,0.7021849958063139,0.6914149629310397,0.7096613133399353,0.6958326863658595,0.700501858968052,0.6936958411728643,0.7064723439082629,0.6755402248435625,0.7030560851654643,0.6782273121486915,0.20524484989064556,0.3380268890492609,0.2027438580854876,0.3287611008484384,0.21086638152020837,0.3423445996203847
0.61,0.61,0.61,0.2569305515861675,0.475,0.475,0.475,0.1121258244545915,0.6726677501032178,0.6740473103822882,0.6687834789424545,0.6831000377354738,0.6682381666759428,0.7100095135346306,0.6676207148282675,0.6768167496193959,0.6751257173827486,0.6905655311975866,0.6852412027078972,0.694367657524908,0.6811869961473404,0.6991019142306357,0.6805544135872182,0.6795731698518606,0.6618447583247132,0.6793217209539821,0.2730858310697896,0.36077270715990284,0.2661401915756105,0.35889733420130665,0.27789054347140213,0.3599493625350538
0.68,0.68,0.68,0.3208828522920204,0.445,0.445,0.445,0.1172260219500557,0.6906306283780376,0.6544059299241268,0.678991700404952,0.6685751125893319,0.6806377934065843,0.7008433573082735,0.6847152267458168,0.6583688441930244,0.6820607346830198,0.6794418709118539,0.6998301232566035,0.6821920301320862,0.687967334670086,0.6955276794974681,0.6843735278149927,0.655354858206262,0.6763114354009225,0.6642583092005739,0.2840153279016345,0.33908481229211396,0.2801252891352921,0.33731878722769826,0.28498706985408284,0.33664365881267927
0.72,0.72,0.72,0.3670886075949366,0.48,0.48,0.48,0.1665998878115233,0.7205830239313245,0.728178021577883,0.7070942774918958,0.7362486886725996,0.701998409337636,0.7189260028740777,0.6972268345423155,0.7282791696239143,0.7032693689182473,0.7323699991181196,0.7152640254429817,0.7323095172228795,0.7051755419546266,0.7086607276566441,0.7037333466438239,0.7308623395541408,0.7070021562429487,0.7291539289898719,0.21030661450435775,0.3427207464686411,0.187062914434504,0.3387985775753988,0.19286129287583534,0.35145345509844234
0.725,0.725,0.725,0.3213228035538005,0.545,0.545,0.545,0.2453143141482834,0.6605831660329436,0.7216476962921664,0.6722372909262679,0.7230674750566009,0.6651185452645273,0.7007682846829943,0.6664222258299444,0.7287809741661475,0.6801658147755506,0.7165589689795625,0.6709511777604101,0.7114289275548986,0.6648050873524424,0.6914072288192871,0.6684260659375478,0.730835137089039,0.6790563964329456,0.7227067613945438,0.15122957530264944,0.3820238010753978,0.1450688925646297,0.3903524768673472,0.14207641443417157,0.3908997679172521
0.67,0.67,0.67,0.2644600468070879,0.605,0.605,0.605,0.3162541111303444,0.6505078322846815,0.6839193008356742,0.6567624157694313,0.6855730868303517,0.6430923469395966,0.6931653516203714,0.651396075638052,0.6910643309161292,0.6626880467422256,0.6886325428354401,0.6529372566476143,0.6914149640109465,0.6554659404524681,0.6881851745609348,0.6577491267674543,0.6912930982533205,0.6624651519639055,0.6824087663806544,0.1400308304623632,0.32313884555079186,0.12871880343679595,0.32677605943769417,0.12656628368044465,0.3248606203287112
0.62,0.62,0.62,0.1852487135506003,0.715,0.715,0.715,0.4707520891364902,0.6594671106046651,0.6590648255030289,0.6624645398278937,0.6635590395262869,0.6554453831614306,0.6759788628651665,0.6453329257370368,0.6729391401133132,0.6655519997882268,0.6703264849368421,0.6478997694545559,0.6746880398909502,0.6667836061986753,0.6747752263962276,0.6575975513093553,0.6639761826616181,0.644158216656303,0.6669733861406444,0.11430153229566177,0.38469921872965407,0.09773350936341586,0.3921495705182092,0.09802115049606568,0.3883717565196612
0.65,0.65,0.65,0.2067089755213056,0.76,0.76,0.76,0.5454545454545454,0.477979114982346,0.4631723582932632,0.6376860359568716,0.461061477764733,0.6371483045360484,0.47184786567570536,0.6346591452754967,0.4638466285793362,0.6503900487354016,0.4640306080570904,0.47238462895425437,0.47430561407415184,0.6526612026843234,0.4799106451235218,0.4735065774718454,0.46276952552397216,0.46771721401382405,0.46025467770511713,0.08565192576948275,0.20481238252476167,0.06492580268503133,0.20557909227228455,0.062461998184112334,0.2029915858951742
0.685,0.685,0.685,0.2446043165467626,0.78,0.78,0.78,0.5711082951554732,0.49358078805349864,0.4629081929779793,0.6555626571296271,0.46325389357522184,0.6549272260625082,0.46988032866923635,0.6460696595527813,0.4635754856649291,0.6767080725995614,0.4682443514150031,0.482806581858954,0.4722521462646459,0.6689880774311595,0.47043760912396787,0.4971056405410646,0.46504700158705076,0.48047724285509896,0.46748947958073045,0.12390246218508545,0.23481163774499364,0.1053811977787241,0.2453708098506428,0.11360911600646076,0.23667037697269788
0.665,0.665,0.665,0.2273985239852398,0.73,0.73,0.73,0.4681374963065103,0.5029610192154829,0.4870915391931375,0.6637477119594164,0.49020383214304314,0.6536060634329464,0.47323665981346613,0.6492882497857773,0.48973889963829326,0.6790667485090808,0.4809270162505352,0.4946984057848739,0.4831253215132999,0.6732908039897104,0.47961358420936984,0.5065074497499426,0.48631666317280275,0.4879920384738266,0.4875571803330532,0.10545794598891932,0.14678279172073383,0.09882838122512148,0.1510490681335424,0.10751132697337135,0.1426811859880069
0.67,0.67,0.67,0.2403314917127071,0.735,0.735,0.735,0.4671224612909712,0.5035987569132057,0.4831285406950951,0.6537298208628086,0.4887230617796249,0.6564607962551877,0.4804422148761358,0.6578855826587592,0.49060886546823146,0.663198535346336,0.4851452923620213,0.5030810325709284,0.488343636130707,0.6641365428154049,0.4833149629190492,0.5001313876493849,0.48752478984333164,0.49844508471572924,0.48490540789464776,0.10903194297347348,0.122932321694711,0.08388553281285777,0.12553919226869706,0.09829306279123276,0.11669381672919042
0.625,0.625,0.625,0.2116880386798401,0.675,0.675,0.675,0.2972972972972972,0.52892429853691,0.5523564008223227,0.6759966071728398,0.5528439002080937,0.6628938274756861,0.5214510858848881,0.6789481083390689,0.5602780999152703,0.6728023214212248,0.5412599769601746,0.5112488281269444,0.5395606142509224,0.6845535307086626,0.5263168119142349,0.5192020365548177,0.5576785679839277,0.5247873105143057,0.5485274253408481,0.06880824462616236,0.09222643311147642,0.06494210124630588,0.09808956292740348,0.07834285978783273,0.09000673349115508
0.64,0.64,0.64,0.2233847481393593,0.6,0.6,0.6,0.2180627504642752,0.5627918711348794,0.5564771880795792,0.7051451241915769,0.5541573300348152,0.7013642278274033,0.5379656834917158,0.7052677664839571,0.5583947414575021,0.7104347675705878,0.5598074634996566,0.5593600802295199,0.5560046171390449,0.7123210732791798,0.5354624924223096,0.5623532238833804,0.5574435470715788,0.5719716740831047,0.5549106235021661,0.08289778520911106,0.11822483212043464,0.07373469207112784,0.1312218856336856,0.0894109956195368,0.11433677046345636
0.725,0.725,0.725,0.2113564668769715,0.56,0.56,0.56,0.148606811145511,0.646243206885555,0.618579847563526,0.6468016543209087,0.6084706289345072,0.6415084978980122,0.6114864442535716,0.6260552188807081,0.6091889744750764,0.6545089977161572,0.6094432698020452,0.6548027963177281,0.6109086798879871,0.6398171262529543,0.6084255309411138,0.6484022936619992,0.6147771687979598,0.650387534346373,0.6111907560474389,0.22947797247464105,0.1659938196178191,0.22986070618645818,0.14767234275485341,0.2311403946211506,0.1487004931754038
0.7,0.7,0.7,0.0831295843520781,0.545,0.545,0.545,0.0899999999999999,0.5615355750819346,0.6117900846093295,0.5591992500026912,0.6014899427997911,0.564826326884292,0.5926642280363691,0.552251697357218,0.6108677686592013,0.5577394109691445,0.6022160752841327,0.5535028865639195,0.6010452376152352,0.5538615308653984,0.5845860974808678,0.5551444224709108,0.6040787654212101,0.5596573613334347,0.6102684923432254,0.09471010089428633,0.11865527545935728,0.10537147866544937,0.11701487997410988,0.09285091993468683,0.11552536924239154
0.645,0.645,0.645,0.0345390263802011,0.565,0.565,0.565,0.0971357409713575,0.5268152880156189,0.5892176915507445,0.5208093831055928,0.5838676494971903,0.5344466191412465,0.5647104280532427,0.5159906880793331,0.57908404224275,0.5295855821557582,0.5713947472890707,0.5177982096719425,0.5691453001192451,0.5148350554324947,0.5626499227283926,0.5210820660459788,0.584287458887869,0.5203082376535747,0.5835362574090944,0.03841411309758795,0.084552800457774,0.03936899034958112,0.07416658564520452,0.03531980221291342,0.07699722035783414
0.565,0.565,0.565,0.0248823133826495,0.6,0.6,0.6,0.111012334703856,0.5013647572861212,0.555022036310092,0.5092787073987881,0.5519376865643058,0.5310170423826801,0.5472307414819468,0.5037708957546871,0.5458710836948564,0.503241957800043,0.5456742832219602,0.4980879118935893,0.5438338715305142,0.5134969082556364,0.543670180177756,0.5134798575488948,0.5466222990871049,0.5015774721004569,0.550802996927737,0.009134333207978206,0.054266611619992806,0.016683802717101105,0.05484431142209208,0.0032385974095815217,0.050852603750095454
0.6,0.6,0.6,0.0146569774602783,0.615,0.615,0.615,0.2413793103448276,0.4946576374406569,0.5478665510393093,0.5081464153274313,0.547369352232094,0.5060797647216128,0.5443946799705206,0.4976638900085638,0.5389892285072657,0.4895774969741686,0.5433728642973215,0.479545896423028,0.5410166122195232,0.49620256051783346,0.542684384873519,0.49953712095307995,0.5385867255191579,0.48921248137273116,0.5478543490958262,0.004396384910410254,0.02673602555569855,0.004297112605956776,0.024313963909119895,0.004088014694006483,0.02970303506857807
0.645,0.645,0.645,0.0,0.61,0.61,0.61,0.2569305515861675,0.6585742804275136,0.588616498307924,0.6486452792291405,0.5867149727895244,0.6593924872049712,0.5546572228316882,0.6348915180132607,0.5798414792721297,0.6521046742858916,0.5761389188146874,0.6476780698153527,0.5722264642623149,0.6386934747070958,0.5512168992734879,0.642390622162002,0.5830485555851547,0.6433088422164492,0.5872599599346638,0.008242392188775066,0.03653019914971754,0.0005233947292332988,0.03747195601893358,0.0033588832685923792,0.04270814449561187
0.62,0.62,0.62,0.0311065782763895,0.68,0.68,0.68,0.3208828522920204,0.49670273766159495,0.5794237004978298,0.510747196691461,0.5794502620552685,0.5033176191383085,0.5570141041227222,0.4959416978069954,0.5716253533816943,0.49441649659730186,0.5699945463067515,0.4918382554623789,0.5691306026316746,0.4930281122849731,0.5518989261644184,0.501404258114797,0.5713100814987572,0.4975599555859475,0.5759052002323096,0.03544204662388372,0.04085038426082266,0.03514856762298166,0.03267876111582586,0.0426744315159329,0.03468838401594802
0.57,0.57,0.57,0.0372775103548641,0.72,0.72,0.72,0.3670886075949366,0.5285265276393968,0.5975089689273733,0.5300437377022361,0.5970007714964826,0.5383914217519683,0.5602155467105051,0.5168169928201471,0.5933209033937149,0.531692449651013,0.5866023454470728,0.5243817417241674,0.5808305617717378,0.5096714869484366,0.5571809783003533,0.5224385520167723,0.5948003787790032,0.5272327744743445,0.5974067252615317,0.029587403086902424,0.0519375996462659,0.029551534730040168,0.049324453030860985,0.040555856962236556,0.04814509204789656
0.57,0.57,0.57,0.0372775103548641,0.725,0.725,0.725,0.3213228035538005,0.5025624774135868,0.5660286460385774,0.5054727287153753,0.5652362954476966,0.5062786689707712,0.5381114832618388,0.4918736530613805,0.5663987954215994,0.4985336815987352,0.5538600710558008,0.5000468234986619,0.5524297767628236,0.4874867968226691,0.5342956458951842,0.4979915381662512,0.5655849806804553,0.4961139953400241,0.562644655152476,0.025315278749225505,0.046974088641852624,0.02441593339283473,0.04374805869028122,0.025981822078845637,0.043709430628589056
0.6,0.6,0.6,0.0420308945036521,0.67,0.67,0.67,0.2644600468070879,0.46961553885587104,0.519027553151038,0.49105955894342396,0.5204746467852428,0.4822618398834898,0.5172659199543075,0.4916079656708929,0.5120687725937798,0.4786864159087661,0.5115652218909883,0.4696190725960217,0.5092855036924698,0.4824764388806804,0.5170044018059883,0.4845645647884024,0.5113026915393319,0.4743166590563471,0.5161134437992119,-0.004837974230646781,0.018273381989213477,-0.0003938036663327135,0.018401220203408033,0.004460564002553546,0.018586745674401117
0.71,0.71,0.71,0.0670741515200257,0.62,0.62,0.62,0.1852487135506003,0.4931072076583863,0.5372335776305565,0.49700883694287773,0.5407006253786308,0.5020832387759918,0.5346201632418951,0.5030546890611663,0.5356256570319347,0.5116296240661842,0.5336170393055978,0.4958628513517016,0.5358164609988135,0.4900891662459423,0.5309824180445343,0.49878790020039887,0.5300606214101886,0.4955195294902146,0.5399553880246759,0.007428700861556686,0.052864867457371685,0.020072742681874388,0.048785644574905127,0.019966523871180183,0.05344712675053622
0.645,0.645,0.645,0.0505482749398235,0.65,0.65,0.65,0.2067089755213056,0.5112046435160462,0.5455772631428554,0.5238217860417327,0.5497832170881799,0.5183981703595387,0.5527890653607638,0.5179776892275068,0.5410052168218967,0.5146192020273664,0.5459476633062779,0.5078545613321102,0.5467510559650032,0.5180925943254739,0.5496342592046214,0.514683862062084,0.5369933696832779,0.5017436491073488,0.5466700179500693,0.019921725291154643,0.014607463614254614,0.029576347303011917,0.010270831052085806,0.019780019415702444,0.014410455332679477
0.605,0.605,0.605,0.0428882965834745,0.685,0.685,0.685,0.2446043165467626,0.5262162156898778,0.5538486088908294,0.5236115236975594,0.5521237223428852,0.5255866904556831,0.5527890653607638,0.51952620048339,0.5437652323015352,0.5198354493404921,0.5486098103989616,0.511908909350168,0.5488780416685358,0.5183581907250587,0.5496342592046214,0.515745428434809,0.543847780896084,0.5024051532007379,0.5535211373009684,0.02207497695023072,0.007291126530056293,0.018343371817027193,0.008154137694938147,0.022916976778865426,0.015895731720244853
0.61,0.61,0.61,0.0,0.665,0.665,0.665,0.2273985239852398,0.6584901056482418,0.5733711002062928,0.6478765481521189,0.5706973460443246,0.6585151460639016,0.5504321840697297,0.6373876099858904,0.5660860781372057,0.6606208462389009,0.5580495794587587,0.6512009993300627,0.5553454239763009,0.6441270024951922,0.548952232313691,0.6480053671217584,0.5694986010425424,0.6501300972353466,0.5731448764906617,0.020259736830169836,0.04263073480609462,0.013610940045806336,0.04420862642155608,0.010685773719922588,0.046038722850884686
0.675,0.675,0.675,0.0,0.67,0.67,0.67,0.2403314917127071,0.6368098110938709,0.5581242422307838,0.6388843228305638,0.5564093179250381,0.6307553826825252,0.5472307414819468,0.6292691061988923,0.5515376157541851,0.6296956880431561,0.5484677676782176,0.6213012438275124,0.545309921587277,0.6349038352228658,0.543670180177756,0.6408956258709624,0.5524111104653036,0.6236322800780089,0.5576935329121038,0.028773799880474685,0.05357601818230882,0.020427875686161525,0.04791832236454515,0.02508594361138061,0.050286131841975897
0.705,0.705,0.705,0.0,0.625,0.625,0.625,0.2116880386798401,0.6281248598483711,0.5272155372158023,0.6194899062536833,0.526888139892185,0.6358542406156555,0.523744987311065,0.6146056173840044,0.5270507765281773,0.6276786506452187,0.520875291315047,0.6257669941705418,0.5226238185960803,0.6147462672022379,0.5235802857607467,0.617948286771589,0.5265441507273337,0.6273063852246443,0.5304318539553218,0.009408602917935948,0.055452384917383406,0.005130600963707895,0.053266308003026716,0.01342122692321684,0.04870103796791909
0.615,0.615,0.615,0.0,0.64,0.64,0.64,0.2233847481393593,0.630942088896395,0.5420634515171817,0.6165988851396523,0.5398142009270613,0.6324017173479908,0.5265810488224912,0.6097833498908489,0.5392357604857434,0.6238894496881414,0.5310830924825188,0.6241959789063682,0.5316983579500751,0.6157808138417936,0.5245660810649837,0.6174872736796496,0.5402281871859501,0.6241613848978302,0.5447011274918083,-0.006863645268867683,0.056502735481882574,-0.01369133972606587,0.05217257689223545,-0.006755079440726025,0.044360594604047676
0.56,0.56,0.56,0.0,0.725,0.725,0.725,0.2113564668769715,0.6052954994557785,0.5406853396408704,0.6073213453524011,0.536617252302317,0.6020348287847123,0.5171518385745107,0.608705834474874,0.5352964804573639,0.5961281527235819,0.525370060162224,0.6020250881787527,0.5214569731781379,0.6086679701498091,0.5156768966670866,0.6029928684776737,0.533028968689749,0.5950138599773843,0.532387353453249,0.009363004134891151,0.03657299657840166,-0.0010164097439269535,0.028102487121380127,0.0023274674127545065,0.02915501723690247
0.61,0.61,0.61,0.0,0.7,0.7,0.7,0.0831295843520781,0.6179273630585568,0.5332810143536139,0.6185003278572245,0.5329244578740872,0.6094718178066355,0.5195741134042233,0.6194131318869275,0.5288334095443984,0.6021957061113535,0.5232527504588045,0.6032112647754857,0.5182994431837928,0.6153458568934166,0.5175379391575401,0.618282031684403,0.5249279585799985,0.6057172674720128,0.5326173268715519,0.000868986502062829,0.049033036070072235,-0.0030228757911345224,0.03917126350158333,0.0005161165549136326,0.041537956220319285
0.65,0.65,0.65,0.0,0.645,0.645,0.645,0.0345390263802011,0.6264609451778161,0.5498882848635154,0.6431446396360658,0.5520798891396708,0.6327103481381157,0.5416781768528897,0.6365338194244009,0.5470251377604105,0.6295717414492396,0.5423471465041624,0.6129362723403542,0.5363881561469463,0.6369497508912054,0.5390999255253953,0.6497669318269804,0.5434796354813837,0.6188799419823733,0.5506342312812582,-0.004597725162401808,0.018917246102583305,-0.003725579957273138,0.018624048506845608,-0.00463307046087317,0.01907517786649763
0.645,0.645,0.645,0.0,0.565,0.565,0.565,0.0248823133826495,0.6264422575593163,0.544603971435827,0.6499279484252422,0.5480919773608296,0.6332943093821267,0.5416781768528897,0.6422076992523963,0.5431131802701292,0.6314090776109422,0.539714941844523,0.6210141323772602,0.5359920596268397,0.6428551986841309,0.5390999255253953,0.6514094781809404,0.5395130772720977,0.621841377006699,0.5459888634113392,0.024814182574856323,0.031745961341811714,0.01922391831974869,0.02944612270302565,0.021935615761764105,0.033872212506702304
0.57,0.57,0.57,0.0,0.6,0.6,0.6,0.0146569774602783,0.6199811699694271,0.5452121929386096,0.6400498814889442,0.5486086722234829,0.6156397903499922,0.5416781768528897,0.642217512645682,0.5429125923572774,0.6220560949582092,0.539714941844523,0.6155405022108027,0.5359920596268397,0.6417179719792818,0.5390999255253953,0.6407907425834796,0.5399747247824617,0.6147738119693945,0.5459888634113392,0.02061062165056241,0.04008795824841809,0.008665125222058851,0.03581530757282958,0.009191577216225152,0.04114564113954315
0.505,0.505,0.505,0.0,0.645,0.645,0.645,0.0,0.6246971819745013,0.5506029623294131,0.64492864024281,0.554244048398588,0.6262029659611131,0.542550482465804,0.6405487892469464,0.5513492459268533,0.6212818172419843,0.5436244779233846,0.6204619522290191,0.5398202523613248,0.6436299215172734,0.5405135700366362,0.6465961172491445,0.5486754162358647,0.6186987805105564,0.551233576390787,0.0019547294108627107,0.0348255426207646,-0.0017056811059343643,0.027637523060867385,0.004065562664777018,0.032418902009752254
0.515,0.515,0.515,0.0,0.62,0.62,0.62,0.0311065782763895,0.6278376736097708,0.5462702019317383,0.6471474938393972,0.5484774918009319,0.6332449375735442,0.5416781768528897,0.6461608701830904,0.5441776310697369,0.6329860817481303,0.5397623745921426,0.6217427638166333,0.5351436158388445,0.6458375163036737,0.5390999255253953,0.6549165551115003,0.5425346357999059,0.6197957633675277,0.5472584856969555,0.023182375133045337,0.01733209588340399,0.017006614312625068,0.015368307184158133,0.014325594277531835,0.02105343997557554
0.44,0.44,0.44,0.0,0.57,0.57,0.57,0.0372775103548641,0.6215638283094763,0.5352253987708975,0.6419999549472769,0.5327547482008714,0.6286113426622214,0.5251944632168898,0.6382528436532722,0.526728988511057,0.6278015724247998,0.5230128750194597,0.6198604397773091,0.5187466674541665,0.6400348722193947,0.5238735010115444,0.6510304457660047,0.5274702226567022,0.6176105836285333,0.5337256991723515,0.024898862192809547,0.03074365398857851,0.019701811688024914,0.02612154336126544,0.01538701083839641,0.03228449115917476
0.42,0.42,0.42,0.0,0.57,0.57,0.57,0.0372775103548641,0.6028431451379908,0.5108321448103532,0.612525508371957,0.51195600272681,0.5975544632635593,0.5140157895254064,0.6091819170669069,0.5081164747355674,0.6004513158259547,0.5079453926766362,0.5999400075545266,0.5078348771668297,0.6093898953865824,0.5128972061679884,0.6145941853270973,0.5084144174003874,0.6051333883426061,0.5162064642793143,0.010761773916508307,0.026179426591648364,0.005050887581422857,0.021570443918645262,0.00015636843373521747,0.018731863203749324
0.34,0.34,0.34,0.0,0.6,0.6,0.6,0.0420308945036521,0.6195686974563688,0.5345977318785099,0.6153670836697409,0.5334958505222344,0.6248128225172488,0.523744987311065,0.6140628222467898,0.5325861094856228,0.6179294568074413,0.5253406100227186,0.6207852371254848,0.5261605082742196,0.615935497782656,0.5235802857607467,0.6146661569105611,0.5316335148270276,0.6203539109027875,0.5366744504598597,-0.007779596892498842,0.04028828682734197,-0.012621242044544146,0.044525863139805166,-0.010613474571151938,0.03974505772573321
0.37,0.37,0.37,0.052132701421801,0.71,0.71,0.71,0.0670741515200257,0.606436322530054,0.572438516187717,0.5882767423588335,0.5721212376981132,0.6256012324975015,0.5776509031844685,0.5977381091695264,0.5723975313048848,0.6105031198161783,0.5692943031532676,0.5956787364848232,0.5745013837259179,0.5914401324820664,0.5864567977085087,0.5869161879469547,0.5764932534294542,0.6016757236815935,0.57695201493189,0.18394522595931448,0.13500497682214882,0.18071127152510036,0.12816265570783827,0.17364114834929015,0.1310905879311017
0.435,0.435,0.435,0.099027268378249,0.645,0.645,0.645,0.0505482749398235,0.70368186641055,0.6216641863428091,0.6772463159703741,0.630440067569144,0.6727880742199436,0.6342718192427756,0.6836557341785987,0.6269784246215291,0.6885230517643313,0.6327700250139197,0.6869797276235804,0.636480110028559,0.6788529246003979,0.638040615088017,0.6676866273577206,0.6293430572526943,0.6863124320788814,0.6255376084884338,0.3219794347070986,0.35992479299151975,0.3166433368019696,0.37917275613492746,0.30619414935600475,0.38008996172285303
0.54,0.54,0.54,0.1605839416058393,0.605,0.605,0.605,0.0428882965834745,0.6874752707655026,0.6393835680114701,0.6568109487288126,0.6430898674179238,0.6635999765264109,0.6458814305311895,0.6581150875573533,0.6454148847650797,0.677827023690576,0.6466881729925499,0.6739377070882551,0.6507682237915642,0.6594270735769544,0.6480290374473123,0.6614231846192281,0.6434823056871127,0.6682527863892068,0.6420108876388775,0.28533576261056964,0.392554815826612,0.288961899691594,0.40287579532967766,0.27441438215678504,0.39638964451931114
0.65,0.65,0.65,0.2391304347826086,0.61,0.61,0.61,0.0,0.7125343254952732,0.6372531668237885,0.6969344041288285,0.6426088375542617,0.6752169175554151,0.6474791298414106,0.7074676195809544,0.6426292256099014,0.7081694963771924,0.6431864590035032,0.6971782074338723,0.6437069961033065,0.6979831480228854,0.649994828878406,0.6956549823017384,0.643871268724508,0.6924534665507653,0.6391638441712777,0.2861818664190763,0.2766170706643392,0.2917526730453942,0.2877191140228528,0.2790582797289215,0.3000426547078861
0.7,0.7,0.7,0.2857142857142857,0.675,0.675,0.675,0.0,0.7147067312034568,0.6313172966954043,0.7010259844879928,0.631000382778403,0.6981599904570339,0.6456716008835481,0.7059901480355836,0.637867095325141,0.7078843345068592,0.6342015744262729,0.7070187559884797,0.6374575431236138,0.7062945009990309,0.6488360095158251,0.7031385687367382,0.6313952938210029,0.7014285719705491,0.6323585463384512,0.32259495049663967,0.3024100751805666,0.3229098137389956,0.308719653371579,0.32348366048259314,0.30883443703296143
0.7,0.7,0.7,0.2857142857142857,0.705,0.705,0.705,0.0,0.70764505641807,0.6494309038982856,0.6919236066218843,0.6440745386524517,0.7193767801736831,0.6607760335763582,0.6982083395589891,0.6485535711903697,0.712188947811089,0.6497292134478897,0.7100904958639556,0.6539613054770836,0.7001048092614849,0.6588713279098533,0.6965730467238249,0.6470381089571815,0.7137285623792304,0.6456881897902883,0.29451908658345977,0.32688563402423076,0.30385470245602586,0.31561935889279225,0.30617613743120237,0.3316142815474561
0.655,0.655,0.655,0.2434210526315788,0.615,0.615,0.615,0.0,0.7084259333598389,0.6474808932782116,0.7147121105506634,0.6474481285811301,0.7349752252176219,0.6704094758223351,0.7072776433638841,0.646230588570225,0.7210453938135143,0.6507429546749692,0.7243880013479473,0.6602949915877512,0.7177712089782399,0.6664293279724663,0.712285353985509,0.6436873377532223,0.7236846998577806,0.6536888360738009,0.30843512510616194,0.3004156478299625,0.31206223375780423,0.30056001958158063,0.3124425203354838,0.3172232413526886
0.62,0.62,0.62,0.08521906596052,0.56,0.56,0.56,0.0,0.6455710983162177,0.6546257398716202,0.6369612368021874,0.6415629290015918,0.6306699210815948,0.6237468169476612,0.6173784115214656,0.6490238185017619,0.6532137472878267,0.6350518642532492,0.6423883619596255,0.6362468156475954,0.6189437741145679,0.6229081214591355,0.6394040689517871,0.6480008980643267,0.6417430619348751,0.647104208574972,0.1874416808703921,0.23608862152704696,0.18630891829639548,0.23591489740019145,0.19617261708563363,0.23689334597982473
0.6,0.6,0.6,0.0,0.61,0.61,0.61,0.0,0.6404024742462758,0.5468357954219908,0.6412764951858482,0.5413355094013527,0.641304785962992,0.5335402356676096,0.6356917142050044,0.5423638007392338,0.640946168502036,0.5401595163905571,0.6376786684221919,0.5410860055622585,0.6321286762498046,0.5295853872186559,0.6377284418993593,0.540937668426473,0.6423797551098411,0.5436079380029447,0.05665563104691777,0.06612933034307049,0.04865995952847456,0.05787384649930655,0.05204734495942415,0.05991561634608656
0.545,0.545,0.545,0.0,0.65,0.65,0.65,0.0,0.6171231534233671,0.5287856465283733,0.6146348244268581,0.5252276161521976,0.6127029178601598,0.5251266780332805,0.6107654620084945,0.5244543624088661,0.6140267336092342,0.5223848779049405,0.611309626596278,0.5238496879469987,0.6103617220536754,0.5221081938099007,0.6093116336999653,0.5218875585663307,0.6092231175304768,0.5288379274796889,0.015991801678509644,0.00980100793238586,0.016592999957607258,0.01096671585763874,0.017780724216980067,0.0112695497367095
0.475,0.475,0.475,0.0,0.645,0.645,0.645,0.0,0.6435788973435447,0.5476321111555863,0.637342535848941,0.5419857736718021,0.6428973819001285,0.5271089168840016,0.6302253472254883,0.5402408217915746,0.6445693585442764,0.5321536429714434,0.6401489758859022,0.5306415075889753,0.6316562832581564,0.5250183390176689,0.633680714632065,0.5407961721878456,0.6316292779018468,0.5446359614824321,-0.006216985330348545,0.027992023031069756,-0.006429921136384891,0.03187588069636721,-0.004347143195496396,0.029377931704203143
0.485,0.485,0.485,0.0,0.57,0.57,0.57,0.0,0.633456572075377,0.5474586625656004,0.6416067954737954,0.5442689875137816,0.6250675878639753,0.5452669855834349,0.6315434332186542,0.5450498453794693,0.6228526424247824,0.540496125178113,0.6161601934408523,0.541493855536186,0.634148320077268,0.5440980293847599,0.6406802859366393,0.5391422389991576,0.6130194244118313,0.5454373280387516,0.001989209909042414,0.012696507341310129,-0.0021721808930525725,0.017334092532472055,0.0019369990225089598,0.015672299517346416
0.52,0.52,0.52,0.0,0.505,0.505,0.505,0.0,0.6631320803205883,0.5758787420720562,0.6685361249606406,0.5756164420646782,0.6738975221977962,0.5536203366416464,0.6467306877191109,0.577724422209917,0.669121599264559,0.5656079937666202,0.656897105421732,0.5664292524003289,0.6535074694635994,0.5498935532361742,0.6675616206419893,0.5768953117812656,0.6579685817953009,0.5764237325517946,0.029373861207953468,0.040644061462840636,0.030113515587080062,0.038889291196086376,0.025468014138832047,0.037734472964252225
0.555,0.555,0.555,0.0,0.515,0.515,0.515,0.0,0.6579164516957313,0.5677623092091424,0.651133070535494,0.5692809345664612,0.6531824693938757,0.5437576174623315,0.6335417872772148,0.5637367882678489,0.6631520918051788,0.5588687642576797,0.6489399624276926,0.5575552777141093,0.6433638173844372,0.539040972490585,0.6505730967347738,0.5690972823514435,0.651124457069481,0.5681885524359183,0.036927173482193175,0.05444195345998839,0.03069068049202908,0.04700139862474482,0.0339297876809679,0.048485631351335275
0.55,0.55,0.55,0.0,0.44,0.44,0.44,0.0,0.616557821642916,0.5318952436493817,0.6241685425426542,0.53307181122097,0.6190572134582992,0.5295755003908822,0.6217220150618209,0.5275583858826071,0.6186777358539188,0.5297249603648362,0.6166264829912992,0.5284214753130472,0.6206956057806975,0.5287582092175194,0.6201391858263483,0.5267198926796711,0.6186344237958773,0.5305555915522091,0.033990311510627286,0.022814580186751053,0.026820141247942273,0.021966343528558887,0.031551945546749,0.025683771663850392
0.565,0.565,0.565,0.0477232924693521,0.42,0.42,0.42,0.0,0.5123438480137238,0.558592828367572,0.49370110507068704,0.5581896780640934,0.5019805474658532,0.5463081070495365,0.5052817368073282,0.553856140411032,0.5073816569866626,0.553478398677541,0.5020314965644446,0.5533366111073481,0.4881470189006317,0.5414128794187517,0.48987617942008244,0.5513392436935189,0.49523269735045733,0.5618509461788954,0.0507602980998783,0.0524765912608278,0.05663553153537203,0.047428549204570604,0.05880723810120975,0.04806688217390442
0.63,0.63,0.63,0.0618661257606489,0.34,0.34,0.34,0.0,0.5137772225553613,0.5297696475211764,0.5196926702941572,0.5322688178115778,0.5108877775022846,0.5470603915845237,0.5186558077689102,0.5275780739159905,0.5077189678401767,0.5355877129804743,0.5003184035240982,0.5351238869433192,0.5134586137906231,0.5443476691492475,0.5105767637707774,0.5244536268457402,0.5098262893121795,0.5303702992279035,0.11336301875516698,0.09328083621281173,0.11646179089640529,0.08395589991964972,0.1165328572858329,0.08934923666513021
0.62,0.62,0.62,0.0594059405940595,0.37,0.37,0.37,0.052132701421801,0.5433351032964406,0.5503471222745943,0.5333750427741344,0.5514053682933229,0.5484555011420562,0.5557035767141505,0.5348130765429228,0.551018213106153,0.5545567369749737,0.553815380158739,0.531319913738118,0.553145025809945,0.5296929194653145,0.5516260873350683,0.5244634116142939,0.5506837193399069,0.5369195932406599,0.5544331866428718,0.08268126539954367,0.08349365453696873,0.08175647943070938,0.0688226598533743,0.07476973855796855,0.0694107220144402
0.635,0.635,0.635,0.0631416837782339,0.435,0.435,0.435,0.099027268378249,0.5577907380447632,0.5590100417050912,0.545870230442207,0.5642304638886917,0.560489320238763,0.5604344024905517,0.5385055392170951,0.5626892377929266,0.5630795727329966,0.5602118953292045,0.5510258758847529,0.5602577235068729,0.5383076019295941,0.5556944221665052,0.5357591542575716,0.5654530465470997,0.5492794046963018,0.5614028026492327,0.11198050304356914,0.11072117930967344,0.11408386214686608,0.09465779510257956,0.10954013283336916,0.10065410344541316
0.58,0.58,0.58,0.050632911392405,0.54,0.54,0.54,0.1605839416058393,0.5379157607587938,0.565381435717543,0.538434588925112,0.5650399626166536,0.541527336285488,0.5625479477459371,0.5318295149841901,0.5589965274068653,0.5385341951023881,0.5660435813017026,0.5272219039158554,0.5642261765436497,0.5290740469689978,0.5569965240907251,0.5255805850068898,0.5626359325826014,0.530271460636305,0.5719521631609072,0.08974586104968876,0.07609908130041745,0.09529232503281786,0.07713732357684813,0.08782633847948255,0.0747021932826278
0.655,0.655,0.655,0.068574514038877,0.65,0.65,0.65,0.2391304347826086,0.5350405638049112,0.5540488610057587,0.5230921453401374,0.5516155652478849,0.5402870822428685,0.5446919041223033,0.5165850053882124,0.5588897136827349,0.534254194771965,0.5503646412448038,0.5317403498826114,0.5485957188525865,0.50942619266963,0.5437029972329177,0.5152756145459249,0.5551844477573467,0.5361995322128627,0.5547985391551553,0.11012691901680499,0.08199740743896743,0.11935955936938697,0.07429570286113153,0.11324332538458244,0.08552175951248024
0.56,0.56,0.56,0.0,0.7,0.7,0.7,0.2857142857142857,0.6423954731839582,0.538807685304248,0.6226586651893449,0.5386570167622229,0.647985889326561,0.5347752678364412,0.6235142060593525,0.5447111691777434,0.6366671933758054,0.5358129448881291,0.6422147002448341,0.5359948008250605,0.6237772036415987,0.5335358801127563,0.6226335325621821,0.5414466901200746,0.6426805768316729,0.5381579765191198,0.0432902555097209,0.06113201475285782,0.041691810953205496,0.05284313499540472,0.03770152209607791,0.06323285812762253
0.505,0.505,0.505,0.01,0.7,0.7,0.7,0.2857142857142857,0.4623099890053,0.5185789172136351,0.46926360564365094,0.5195143342771475,0.4717417716202451,0.5343466879592381,0.480058680402293,0.5219386489591609,0.4606486668956927,0.5215350982534496,0.4644403766000814,0.523751958309241,0.4700705016095591,0.5394748692535097,0.470417293457513,0.5161564905423415,0.4665864837436178,0.5207016963536587,0.0194854914315069,0.10585852087146744,0.019945476166851463,0.10124823462949958,0.02113192787599847,0.10551024849511263
0.445,0.445,0.445,0.0429384376616657,0.655,0.655,0.655,0.2434210526315788,0.5154087975940079,0.5711172962183688,0.4943603875526032,0.5748595834084302,0.5053659044398779,0.5514482415027285,0.502699848304624,0.5769892376998483,0.5144768754965987,0.5684418012920048,0.51456326731492,0.5673877681419753,0.48731099234362224,0.5498902135071143,0.48300155377731124,0.5788475200779957,0.5046689945198652,0.5748184544599989,0.08702404213223501,0.16826229812278762,0.07954787586031245,0.15146400386250525,0.08653480776821157,0.16580729707347952
0.47,0.47,0.47,0.1300065659881812,0.62,0.62,0.62,0.08521906596052,0.6513068166272084,0.6581461122083113,0.634766644358243,0.6646735902002352,0.6561053718614235,0.6384693760269919,0.6305036615903575,0.6629963891432816,0.6487803374115494,0.6578191674334359,0.6451166343777953,0.653007140680365,0.6290705766639251,0.6374292049924499,0.641352697520417,0.6649490541360993,0.652023043251208,0.661816137361237,0.2520482092783213,0.22877132696662375,0.245506461157125,0.23277540504629013,0.24174539433550335,0.24297616012577086
0.52,0.52,0.52,0.1706263498920086,0.6,0.6,0.6,0.0,0.6078717452383484,0.6451173032216857,0.6155389685480861,0.6498582568985857,0.6042132448362074,0.6385591354236274,0.6121356240436848,0.6438949724125504,0.6031663164940004,0.6475449198096057,0.6027452600884486,0.6418556627497918,0.6100557580598088,0.6374887840386491,0.6241529072975187,0.6537752200040176,0.6127587650804683,0.6498046976082192,0.22879661351339928,0.2520922962724098,0.23502792810187276,0.2448388961133375,0.22152412223670284,0.2606204065832909
0.62,0.62,0.62,0.2983751846381093,0.545,0.545,0.545,0.0,0.7318960290417255,0.6978181948662476,0.7330316840096047,0.7054729773457644,0.7160145732368738,0.706026015830277,0.7196283857478661,0.7028140903263198,0.7280207955924778,0.6978003663055478,0.7249079175939559,0.7005004451801242,0.722745338086252,0.7021352601238475,0.7375881279748464,0.7006831711586126,0.7347261200851863,0.7025239230933794,0.47725969306977994,0.43756714652963824,0.4885998997649528,0.4381107163115669,0.4911997588136896,0.45154545224475023
0.665,0.665,0.665,0.3697083725305738,0.475,0.475,0.475,0.0,0.7131765077981495,0.6664176926624356,0.7196194323230009,0.6681981852637868,0.7121008858872662,0.672955604397627,0.7153076920167855,0.6691116317353405,0.715947829695766,0.6635894399009211,0.7051163421081472,0.6663941394867198,0.7166733388066927,0.6754081103141675,0.7218829300646431,0.6679061547957147,0.7107443686134529,0.664269214644606,0.5045007095661925,0.4491778940885517,0.5055875074208064,0.4546089361632893,0.506973078732838,0.4666849148581415
0.76,0.76,0.76,0.5152004847995151,0.485,0.485,0.485,0.0,0.7450152862809531,0.7277972205211785,0.757834790146481,0.7288210333711106,0.747102167468083,0.7134389121727489,0.7365965629392512,0.7309978531170711,0.7525778895050412,0.7165567285806095,0.745139553374338,0.7166079789372214,0.7447471777456565,0.7076191871071074,0.7592783122161403,0.7271598664227,0.7605487769459452,0.7235422931300293,0.5349062023972732,0.5491797737350015,0.5386883447700234,0.5471912591125958,0.5424107602035245,0.5356557175667613
0.825,0.825,0.825,0.6171516079632466,0.52,0.52,0.52,0.0,0.7722472028959282,0.7455190610198064,0.7795698170681636,0.7468737908823395,0.7723419744348484,0.7279817131862982,0.7578866777749216,0.7472938829753348,0.780049360563036,0.7354576898826449,0.7739934152623913,0.7325382353489822,0.7697224232777807,0.7207642534365907,0.7817855145831527,0.7494171459491437,0.7829749700742606,0.740480255403842,0.5269748551701647,0.5193882352188972,0.5301180271246406,0.531278593609984,0.531840949532198,0.5113760265892812
0.795,0.795,0.795,0.5573310300151155,0.555,0.555,0.555,0.0,0.7717953436550584,0.745197760853335,0.774878073578139,0.7449629670659882,0.7785021081664462,0.715780833141943,0.7552122268692878,0.7443417870222967,0.7781934767104601,0.7317160407334888,0.7729743408765336,0.7290669926928823,0.7649128886654148,0.7103670033024683,0.7743156514291263,0.7454690968123404,0.7818930523479679,0.7375551068243332,0.5379103119945075,0.5111600356079637,0.5386289693545487,0.5230775574216215,0.5437212999601715,0.5135753899438811
0.78,0.78,0.78,0.4765020820939917,0.55,0.55,0.55,0.0,0.7609784467578746,0.7361514417784117,0.761493360715677,0.7331105592382311,0.7617516893280837,0.725408033708385,0.7554495300836148,0.7388732328929345,0.765631207027626,0.7253808598222916,0.7634688393757771,0.7262162510217743,0.76044194922594,0.7211485435673799,0.7740993445261337,0.7343682409093024,0.7673240229873781,0.7278475270971255,0.5125926267468278,0.49269695112953227,0.5179802575529558,0.5108266008596545,0.5153422671372119,0.49368962572439284
0.715,0.715,0.715,0.2899850523168908,0.565,0.565,0.565,0.0477232924693521,0.7672481639031609,0.724919099766743,0.7670833585106334,0.7244242665439866,0.767227416688528,0.7160047170436376,0.7583073555671997,0.7319231546320648,0.7704140818221473,0.7167711543957047,0.7698643956270645,0.7195489240822996,0.7633446589220428,0.7142675412235298,0.77858809213988,0.7296131196758451,0.7729956230946334,0.717760251687943,0.5001493074070132,0.4947564681308664,0.509246848086194,0.519146537648845,0.5004287083712678,0.5014656857955705
0.67,0.67,0.67,0.1724137931034483,0.63,0.63,0.63,0.0618661257606489,0.7005596651063523,0.7481852088998391,0.7117667136133401,0.7389300177995843,0.7210260697076949,0.7191949206568723,0.7119269269648584,0.7425332003685358,0.7089484955067173,0.7373192520261802,0.7152381132374602,0.7332065687498162,0.7042333622234176,0.7146057144727549,0.7059799072823925,0.7388931091715757,0.7116438714877996,0.7359734770445499,0.33099308408377703,0.3600155634072694,0.33146279475339413,0.3671568999101813,0.33662963400734586,0.3646998343860261
0.565,0.565,0.565,0.0,0.62,0.62,0.62,0.0594059405940595,0.6888049345105469,0.6211921139633112,0.7009051803041494,0.6167064340536721,0.7038536539250622,0.5917213933683756,0.6804208793670737,0.6191398718100535,0.6991390416298424,0.6097566524601179,0.7002916387040885,0.6056060352668972,0.6877826687615631,0.5847507546739802,0.6960655344675475,0.6166242757066658,0.693045954905249,0.615058764344756,0.03633971491544173,0.07962601076080626,0.03391221443719368,0.08130180911712354,0.03699828331858499,0.08004433547735132
0.495,0.495,0.495,0.0,0.635,0.635,0.635,0.0631416837782339,0.6395022374261737,0.5928579026116764,0.6646700730606606,0.5871900659069228,0.6525652221230738,0.562666631867064,0.6552262016578286,0.5884650382801674,0.6552263758257199,0.5818608578687751,0.6578283659333051,0.5784616882795897,0.6586449233700878,0.5578556241602417,0.659429153032581,0.5852040976864298,0.6526126987772053,0.5861350785323033,0.038086561087623365,0.08498607490887208,0.03318232530133088,0.07698628273455788,0.045800578043527225,0.08009529497506811
0.455,0.455,0.455,0.0,0.58,0.58,0.58,0.050632911392405,0.6868538365487593,0.6343889886790495,0.7080903616151206,0.6233109595534392,0.7043447696144841,0.5853240513475235,0.6731693356390203,0.628649757065228,0.7041359164383332,0.6178205373950598,0.7005165703656366,0.6072583135213651,0.690412950269442,0.5804832073914732,0.7047806893717928,0.6288827150394355,0.7001850876777984,0.6266081296613494,0.05898417025285923,0.10616510940144869,0.050530105817639386,0.09704823918013994,0.059306247690410804,0.09844406224759142
0.445,0.445,0.445,0.0078655702538433,0.655,0.655,0.655,0.068574514038877,0.5069652802090598,0.6206521199842124,0.5111038806775489,0.618811948770161,0.5137378592851927,0.5996377004271343,0.5149292624932549,0.6196297226228378,0.5033117244464281,0.616962485599729,0.5192246961815336,0.6161071522342219,0.5041089099289344,0.5945444090905436,0.508209644225515,0.6199603997981518,0.5090234502073664,0.6225350843698632,0.043455393308195644,0.10890655049337525,0.04752114360207383,0.10624578388640203,0.04969047220717352,0.11295595807607467
0.44,0.44,0.44,0.0291262135922331,0.56,0.56,0.56,0.0,0.48393922464323375,0.589562928599074,0.49582350771704986,0.5818034083265042,0.47767733164287446,0.5826376285252024,0.5043586139313393,0.5906404481217258,0.45856377472722304,0.582769405232188,0.48306095009819117,0.5870045153709778,0.479950681761067,0.5792739971006946,0.48855538071512905,0.587966802581803,0.47835676434354646,0.586860749500462,0.03418805867213635,0.1147310987908969,0.03597989759334511,0.1089523374257783,0.04542465599646705,0.11242285192099398
0.405,0.405,0.405,0.0252293577981652,0.505,0.505,0.505,0.01,0.5232485269022867,0.6060862513729021,0.5207271006859496,0.6026868418727704,0.517368891907049,0.5946765131865838,0.5178769901167091,0.6014655267556086,0.5147198427656293,0.5960991216612553,0.5191192827196761,0.601468610674522,0.5049125309328143,0.5903538798916169,0.5210141083038559,0.6014846886267446,0.5116553733367156,0.6051945498202221,0.03745810173708348,0.16754661603042192,0.03842870818092384,0.1450073310132735,0.045266278903999486,0.14512315174272158
0.42,0.42,0.42,0.0268456375838925,0.445,0.445,0.445,0.0429384376616657,0.4979603374949303,0.564466954145638,0.5070387291473738,0.5653880746170327,0.5064430015631417,0.5746661385403092,0.5020998582005186,0.5691753484264632,0.4998436421562472,0.5626143285636014,0.496677186652046,0.5666797483904314,0.49640042557657243,0.5731712482037614,0.5077216346601386,0.5647909593092711,0.5027767575219482,0.5659128832701389,0.07605631400758665,0.1988073872614378,0.07974408588216637,0.17431011391528664,0.08568575521229611,0.1797324147024977
0.44,0.44,0.44,0.0291262135922331,0.47,0.47,0.47,0.1300065659881812,0.5253597754288671,0.598241273944374,0.5361470064452809,0.5946770421078443,0.5453035505075284,0.5868334809022135,0.5378007291264706,0.6115157227834853,0.5284726757643632,0.5902819855155166,0.5303859982305305,0.5878055227539466,0.5333952637169714,0.5881878373194264,0.5388330192406751,0.6025279438471393,0.5256933668112111,0.5907168744543532,0.14365676303466537,0.27194832488486315,0.13912206914833206,0.26607485827704697,0.14840127232472725,0.2601930091339799
0.44,0.44,0.44,0.0291262135922331,0.52,0.52,0.52,0.1706263498920086,0.5011539547382382,0.5569113855165262,0.5297476496396164,0.5522747747630001,0.5196873263219165,0.5518516257745691,0.5197544085605788,0.5662418914471753,0.5104283477108067,0.5492658477970118,0.5094750402050295,0.5485077444255677,0.5179838051462895,0.5539109291582816,0.531591610422404,0.5554471590229487,0.5089032167874386,0.5504909529260095,0.13649460504438918,0.2361791311045489,0.13257007390451112,0.2293997580355973,0.14240999004509133,0.2373894347178077
0.48,0.48,0.48,0.02612604176421,0.62,0.62,0.62,0.2983751846381093,0.5151501910571701,0.575524639969599,0.5162253150828646,0.5775393647550372,0.528171621406318,0.5796152102673663,0.5204605798158475,0.5876307216850071,0.5046957023980705,0.5771453472945248,0.5126615060261183,0.5770429645649504,0.5154375373897512,0.5816587063154294,0.5233787632997818,0.5814702790019929,0.5181968993599031,0.5739017423635729,0.11696040671781369,0.24414876344236902,0.11695070974305358,0.2298883001372494,0.11067263037007635,0.2287757561961843
0.545,0.545,0.545,0.0337651306009769,0.665,0.665,0.665,0.3697083725305738,0.5024575599475849,0.6082883172458736,0.5426129331128045,0.601198596546679,0.520285284952467,0.5905866891383289,0.532070729383998,0.6093791862283803,0.5010656039092161,0.5949365508985341,0.516825515156976,0.5951853631951167,0.5264418967085803,0.5886719586160921,0.5432915242981188,0.6066224760998249,0.5105147755398403,0.6024420163164036,0.05276081903411807,0.18785262107681963,0.05507443301885814,0.16727391402330163,0.05265323217080483,0.16506040775587444
0.525,0.525,0.525,0.0,0.76,0.76,0.76,0.5152004847995151,0.6448950012625001,0.6160454352870058,0.6756454741095984,0.6091478751795912,0.6555406815462642,0.5938418201427158,0.6725828655939093,0.616148829346397,0.642061606521001,0.6064879369999238,0.6628957167869094,0.6045042698117663,0.6770575690761036,0.5925756874487452,0.6818757735446541,0.6189436955528816,0.6494545133424041,0.6119084708350031,0.045732130825833335,0.16629014479692633,0.04094104095415369,0.1480674135189347,0.048673347101173645,0.1420144613028914
0.5,0.5,0.5,0.0,0.825,0.825,0.825,0.6171516079632466,0.6437673328469975,0.6037161189904796,0.6638273670077018,0.5968083163718646,0.6512985913742355,0.5902176657924125,0.669151678453421,0.6019809139220396,0.6365936559310555,0.5958315904902639,0.6513290137755287,0.5937065405637207,0.6644294927392645,0.5898781875986869,0.6619422301094557,0.6016892187392492,0.6429629443207231,0.5973825441864904,0.054539626867581716,0.1571811839852359,0.05335624389270777,0.15462202989012258,0.05275884453219218,0.14083289901486026
0.565,0.565,0.565,0.0,0.795,0.795,0.795,0.5573310300151155,0.6777143559764095,0.6378188358459819,0.6816346150479721,0.6285485115221026,0.6979788781407609,0.5900862461086794,0.6776864864784081,0.6326282381064637,0.6823404307033452,0.6220621141349097,0.6955466569584686,0.6123417083424917,0.6727556979262218,0.5861201238944204,0.684006386614597,0.6338299538598492,0.6912540056834461,0.6281684140938011,0.03546586536670287,0.13731605887330592,0.03542941741912831,0.12383051099742967,0.04198369349742112,0.13238393796856737
0.515,0.515,0.515,0.0,0.78,0.78,0.78,0.4765020820939917,0.6482747142549942,0.6266124586232883,0.658270486733022,0.6207038047416412,0.6657417399458088,0.5969294517202469,0.6571010865193355,0.6256559264221474,0.6470903497139895,0.6171823706120312,0.6588375625600356,0.6158070240639552,0.6566549102079899,0.5931500772789413,0.6581784688110274,0.6242667206544227,0.6650024737639016,0.6219058647385576,0.03635888632514752,0.12178339944453512,0.028605196203902915,0.13106799899687746,0.03725887645019925,0.12553203259559811
0.525,0.525,0.525,0.0,0.715,0.715,0.715,0.2899850523168908,0.6293950977497912,0.5752020265063091,0.6217597692796705,0.5768272409082152,0.6480726998363256,0.5763125185564981,0.6442560018886153,0.5781758377628055,0.6207932674065096,0.5807625961468534,0.6361925167674717,0.5813877950215116,0.6379549060828015,0.5731185008194707,0.6235278049519133,0.5726711303210161,0.642335991795113,0.5793183352671052,0.037804144734047224,0.09396585371124525,0.02579917929431033,0.09564615610575121,0.047833314666585774,0.10307602369189334
0.445,0.445,0.445,0.0297202797202797,0.67,0.67,0.67,0.1724137931034483,0.5147761764573077,0.6155484659524644,0.4990513952813782,0.6176981180731953,0.49647633781748673,0.5970370746144746,0.5190212976453408,0.6181797420573234,0.4981444807447658,0.6068786237843319,0.5091360556411966,0.6073407918646406,0.501815354596545,0.5908871460651641,0.5013984888021187,0.6136266302947787,0.5052548906975274,0.6142260564632587,0.02949611590743324,0.2390536890599561,0.023061300552774437,0.22677514603088247,0.023308621079309658,0.2269570871047926
0.45,0.45,0.45,0.0732159406858201,0.565,0.565,0.565,0.0,0.511486053473015,0.5859571194458376,0.5259360199404114,0.5861041031896337,0.5292934579282873,0.5814273324319079,0.5221291366621647,0.5893785045975916,0.514880043734243,0.5773987522358368,0.512236554309528,0.5794571539253934,0.5186838170832011,0.5767155573649908,0.525828784811938,0.5884749666842749,0.5322904595027836,0.5862455440844788,0.11014480366936502,0.2835128315006517,0.10339599341150273,0.2689838448902263,0.10421916922967546,0.2724357443431559
0.535,0.535,0.535,0.1091954022988506,0.495,0.495,0.495,0.0,0.6033395120902589,0.6329644932923872,0.6030131795165811,0.6312082973877682,0.6087838545148401,0.6042151706915168,0.5986221005285299,0.6326677082140416,0.5954733163681967,0.6193706659669297,0.594513522893775,0.615766678954894,0.5995762918663826,0.5973498843086907,0.611503690025161,0.6337940319582737,0.6034347749749126,0.6281428413038298,0.1429124984259415,0.28679711793276286,0.14282103197864526,0.2680945946702975,0.1357445017548729,0.2632539184199616
0.52,0.52,0.52,0.1031390134529147,0.455,0.455,0.455,0.0,0.5833223446739398,0.6024077410783202,0.5705263292219726,0.5969964819214634,0.5771919282743692,0.5776164096465582,0.5604787645381423,0.5987864241237049,0.5797483668980329,0.5899100298715881,0.5729893880105024,0.5886627417437879,0.5621651759458425,0.5738585358076893,0.5730178538341777,0.5992533454487975,0.5797898071793746,0.6012505271408527,0.10787005868937946,0.2805695151091123,0.10193147387941154,0.2560902558488699,0.1080313025603146,0.2593439743972097
0.485,0.485,0.485,0.0901060070671376,0.445,0.445,0.445,0.0078655702538433,0.5794228649165981,0.6123140789886301,0.5910762128479007,0.6079733616917281,0.5803524404123385,0.5895067472748551,0.5692399763640406,0.6178871208600236,0.5827334276541339,0.6020439924746004,0.5799873612590217,0.5990126744624263,0.5801664670899761,0.5885421814720353,0.5963442928179944,0.6099357861416518,0.5822169383484795,0.6093512381707545,0.12161136346356934,0.30615950593006264,0.11873739645595371,0.28454102455149727,0.12305724472284922,0.2770161436092798
0.505,0.505,0.505,0.0973741794310723,0.44,0.44,0.44,0.0291262135922331,0.5942811237565695,0.5846330625457801,0.5987366795691027,0.5779756764475347,0.5967261559650339,0.5715984992099624,0.5858319300256252,0.5838927381538357,0.6008879192330793,0.5723377162076783,0.5958657863974687,0.5729556733976899,0.589525997335045,0.5679545893304635,0.5982720646115726,0.5834204886884811,0.615909884968537,0.5736658237350306,0.13485269924602133,0.27360690516153524,0.13668425888355662,0.251359876117098,0.14060785263582573,0.2619064938645153
0.55,0.55,0.55,0.1969304898724011,0.405,0.405,0.405,0.0252293577981652,0.6262390072644278,0.6433406789372024,0.6125638266815833,0.6452952057447839,0.5853898591611497,0.6419284894696605,0.6042923237410917,0.6486857519953764,0.6087771262560775,0.6376061129761995,0.6037024833154636,0.6395138487333718,0.6125717469663683,0.6451387631551267,0.6113380891954852,0.645224551108986,0.617246529418072,0.6407089694762715,0.3067870586847746,0.36312571625943596,0.29084606484988806,0.33969679044105966,0.3092120523877966,0.3488526373861674
0.61,0.61,0.61,0.2313756405202994,0.42,0.42,0.42,0.0268456375838925,0.6522246705353837,0.6472254763471826,0.6388782330708315,0.6432884761782849,0.6155571888932698,0.6402042006418507,0.6299141664771463,0.6449967291474149,0.6411732621402075,0.6358225150282187,0.6291380614912518,0.6362944355872093,0.6356237164827463,0.6451839675346607,0.6306123940067012,0.647708599799789,0.6362601862860074,0.6400108585175622,0.2983131159422301,0.3386108822455239,0.27640283091419404,0.3299602576983514,0.2877873752436099,0.3373427905217801
0.65,0.65,0.65,0.2092182557614099,0.44,0.44,0.44,0.0291262135922331,0.6335962217136523,0.6777761744331727,0.6131765818430338,0.6735945709379914,0.6000603944634759,0.6533690946673028,0.6024135246276768,0.6747900641538984,0.6175809450588693,0.6610900006765248,0.6156514363334451,0.6610655883067172,0.6048506492440112,0.6494599014767644,0.6104947503850682,0.6746246695610951,0.6131757615631048,0.6679636639522425,0.20991976648275112,0.28574357250818266,0.21457318964664945,0.2780394824601242,0.21360991462966583,0.2824962669322343
0.55,0.55,0.55,0.1422035836828058,0.44,0.44,0.44,0.0291262135922331,0.6373820195125517,0.6546423723427173,0.6247010122258698,0.6508452169419883,0.5982644235076238,0.6405067715646117,0.6145538599328627,0.652981126631304,0.6247898580016569,0.6375202437268893,0.6150055691256004,0.6403152371159996,0.6194698091317448,0.643712146236116,0.6158118556613206,0.6533661736344509,0.6099341891189358,0.6438860668057552,0.20725269538450172,0.29138116575616907,0.2078622996004311,0.2854107669185514,0.20711866617319646,0.2775180701109567
0.625,0.625,0.625,0.1902396890520405,0.48,0.48,0.48,0.02612604176421,0.6578081978471568,0.629195250823242,0.6407359377215529,0.632886096125787,0.6433454025931858,0.6226569451540899,0.6317979884036619,0.6314354485473093,0.6597871976344679,0.6218237678400405,0.6553355906664605,0.6243909043639471,0.6387010635114198,0.6230109738953392,0.6412364659330398,0.6304029422655721,0.6494019786621934,0.6262797774361394,0.19230464812898632,0.21707801198518964,0.1950789293282583,0.22918804193586786,0.20626835424573037,0.21758301061145047
0.64,0.64,0.64,0.2014196983141082,0.545,0.545,0.545,0.0337651306009769,0.6384389640217143,0.6228659015659996,0.6196936880435225,0.6255502895593328,0.6293526153209534,0.6208601130745228,0.6172965363343168,0.6215466746725758,0.6382404537743277,0.6132614990810528,0.636848749750261,0.6175457922871719,0.6244575355888508,0.6216058838607028,0.6228697162359067,0.6222300233697686,0.6425318428341015,0.6159589584849737,0.18197406362717855,0.2187548204167916,0.1763128039601829,0.23111896115260622,0.17520185826411222,0.2230477655659478
0.61,0.61,0.61,0.1553871142393069,0.525,0.525,0.525,0.0,0.6490301411746398,0.6503035283935805,0.6189354766848791,0.6499658271106983,0.6385598877731771,0.631137578520126,0.6297312819525305,0.6464644121578849,0.6425465990963907,0.6419842855592508,0.6474993424250687,0.6427413547676368,0.6329960302298131,0.6294429653132096,0.616487031967168,0.6524120206828367,0.6498957970223984,0.6503281691247035,0.14383635696220454,0.23211759948655625,0.15062478537105006,0.23234971067721882,0.15106249858888673,0.22035107295316195
0.575,0.575,0.575,0.0,0.5,0.5,0.5,0.0,0.6972680364935648,0.6647614123445393,0.7069826656577209,0.659119117119533,0.7082142847368034,0.6209180907954717,0.6795099750236997,0.6632245136818211,0.70536650938659,0.6497708927040003,0.7053170305696022,0.6443821952316344,0.6954630453626423,0.6123616919105319,0.7163715978322149,0.6664787444795234,0.7136661913937721,0.6613668657695839,0.056485276722740035,0.20256841121759628,0.05045898640223849,0.2070913897800712,0.05014912042679932,0.2065036252596769
0.48,0.48,0.48,0.0,0.565,0.565,0.565,0.0,0.6509068315977753,0.595678554023971,0.6629457938866025,0.5922163644078817,0.6677573582376443,0.5786095256021415,0.6450171323432056,0.601794445362142,0.663409188202945,0.5922128295662377,0.6656759846180994,0.5897934534635622,0.6527509486364513,0.5733920824420428,0.6631739824005588,0.5965254237037723,0.6734176922640294,0.5937742430491326,0.05813721517081827,0.15338736701520644,0.053663614432316056,0.1518642051866784,0.05722015680791103,0.14926279627249173
0.445,0.445,0.445,0.0,0.515,0.515,0.515,0.0,0.6553674041956393,0.5960987855507172,0.6684997526600236,0.5979967184386266,0.6577698110200209,0.5897705076855805,0.6491412269857908,0.6082661941471543,0.6752126540085225,0.5994276225149124,0.6649505904922375,0.5962777429193048,0.6654274185258532,0.5839076818525674,0.6667216756450023,0.5993983163305269,0.6669693709526536,0.5939216778443345,0.0563247910254543,0.2076720202800152,0.05420956977885878,0.21123372710293314,0.06432642883149975,0.1988904279559376
0.455,0.455,0.455,0.0,0.525,0.525,0.525,0.0,0.6602377944066241,0.5914662839223066,0.6656375226566121,0.5934551477406037,0.6705931642632973,0.5896304141612031,0.6496594135394591,0.6001236543410908,0.6822802603033049,0.5912765315157477,0.6741346768806022,0.5943239868996816,0.6628278347800738,0.5843714869669411,0.6601319634789844,0.5921699094559435,0.6686377016754772,0.5884002221433551,0.02879172897022693,0.19151323102096088,0.034689217271848795,0.18922242571427866,0.0396593866199154,0.18730878087744687
0.485,0.485,0.485,0.1013784679811551,0.445,0.445,0.445,0.0297202797202797,0.5324633668467529,0.5719684819262348,0.5375847699799682,0.5649559896921762,0.5294512253100484,0.5710808155886011,0.5521157858813381,0.5746237112209747,0.5379086188235067,0.5672909109011997,0.5368024148813935,0.569657670629465,0.5419909354363802,0.5738484736496828,0.5334463784218171,0.5698086302789981,0.5350672668246849,0.5648585826476553,0.11192042770071005,0.1766612837130921,0.09511952570223844,0.16441693959965492,0.12149302864100785,0.17656602706126492
0.52,0.52,0.52,0.1220850480109738,0.45,0.45,0.45,0.0732159406858201,0.57540487714758,0.6187071717746659,0.5800280069138184,0.6124514261057723,0.5728810743774885,0.5904569187225297,0.5829763819067904,0.6111900409996482,0.5894416627463805,0.6041713924951698,0.5823854638414181,0.6049550500337244,0.5772424254773858,0.583883483008557,0.577696897664651,0.6152972588057041,0.5808491470769953,0.6121359474616833,0.13898706889379972,0.19414691365978964,0.12584933014992236,0.19092824150821944,0.14910977502311837,0.19707634538509428
0.63,0.63,0.63,0.2931512083293532,0.535,0.535,0.535,0.1091954022988506,0.6338342024731503,0.6766424934264761,0.6366776466103751,0.6748589581407235,0.6211711573257737,0.6570831994255718,0.6371348462714223,0.6680963643007096,0.639730326194157,0.6733437576004188,0.6312454795223484,0.6689820369587476,0.6324632891980744,0.652072173295869,0.6428290788301296,0.6722242200207632,0.6325620538645871,0.6718929689500567,0.25348105815126537,0.2350855096219537,0.25629351577601606,0.23811804774068832,0.24919511033004355,0.23789758974223543
0.63,0.63,0.63,0.3008974964572508,0.52,0.52,0.52,0.1031390134529147,0.6295721599072075,0.6340683748627503,0.6271545687628153,0.6310176323933376,0.6166201136811804,0.6359648176922512,0.6227269970112875,0.6319175580742121,0.6144727369556838,0.637762720872926,0.6233543757948131,0.639121394714334,0.616230155282687,0.630627576950241,0.6205876023256093,0.6323770338490311,0.6194974252855221,0.6304007542481955,0.2530182461273488,0.22808160381700335,0.24301215940974996,0.22888695102397244,0.2504447461162408,0.25607429351827615
0.73,0.73,0.73,0.427541609244143,0.485,0.485,0.485,0.0901060070671376,0.6334166802389161,0.665084284192529,0.6085900749191844,0.6590733046960979,0.6291373000241143,0.6277596239459434,0.6217911624390854,0.6604757127703208,0.604184201317296,0.6512517441724377,0.6290202466267516,0.6509732349850439,0.6146404564682365,0.618084011459724,0.6205568445923543,0.6678452564038159,0.6345518715932202,0.6582454698114877,0.3128957652326999,0.2863677255086081,0.30445602937363514,0.28541742419765875,0.29953118700129416,0.3008029853428723
0.72,0.72,0.72,0.43342776203966,0.505,0.505,0.505,0.0973741794310723,0.6165201358610503,0.6551272743219902,0.5870673009254942,0.655698939507471,0.601190980551529,0.6525886374824021,0.6099939035564189,0.6518314170800535,0.5920483154352429,0.652410651552693,0.6255114988451286,0.6540690072624235,0.6050432055843425,0.6488079305715715,0.6005488324788371,0.6570698342704409,0.6412776183513069,0.6530635341436588,0.305424209387551,0.24023476623060125,0.2988332473042643,0.23916711405541638,0.30690859599805986,0.2590884101252079
0.725,0.725,0.725,0.4499999999999999,0.55,0.55,0.55,0.1969304898724011,0.5481869818586895,0.6413094799789774,0.5613961568867339,0.6376214794721204,0.5606102429622455,0.6138451144066831,0.5647344502284427,0.6439630602672042,0.5587111240668455,0.6310309732950605,0.5507256911890661,0.6259955610106214,0.5590335307343689,0.6092156970822333,0.5510722400028558,0.6407883082422453,0.5587638006755329,0.6349324119321234,0.40513985717971246,0.43056973230305606,0.3945837308518301,0.4365321835045563,0.4021015256970715,0.42548953897054165
0.71,0.71,0.71,0.3723622984525484,0.61,0.61,0.61,0.2313756405202994,0.6369805130190023,0.686266156379143,0.6125266837934003,0.6803202212199387,0.6379753563664373,0.6603762132569313,0.6269477031688061,0.6860369933598836,0.6130503698280556,0.671265045118226,0.6531576457644664,0.6763382388855914,0.637034520623413,0.6547343514525982,0.6353208482147774,0.6821660606762077,0.664179199611036,0.6780957393977058,0.32653769324203863,0.29265462174651913,0.31561444263706,0.299173617204382,0.31822551901353924,0.3054147528402873
0.625,0.625,0.625,0.2382693479585619,0.65,0.65,0.65,0.2092182557614099,0.6041608029548433,0.6837059242718431,0.5752690923213856,0.6797393582435924,0.6144403653092252,0.6777500135125774,0.5935850584794589,0.6874823338795164,0.578077455837584,0.6803674815615292,0.6072326846900352,0.6850787024839393,0.6100179496719023,0.6751894719444801,0.5975360517973822,0.6837342445233594,0.6250407104569632,0.6805380649622075,0.33967284342191617,0.3223652886144427,0.33043410217365426,0.3301088856795212,0.3319768502280229,0.3397088086122275
0.57,0.57,0.57,0.14,0.55,0.55,0.55,0.1422035836828058,0.5524750870711158,0.6325545416339672,0.5512507304676454,0.6350899569068359,0.5760733026643159,0.6254457279620163,0.5496354418273639,0.6325907295088948,0.5648753442486039,0.6354132219898131,0.5530462991427603,0.641055406277141,0.5628556583966874,0.6214796760338559,0.5445391664246099,0.6364493110360084,0.5747772660309489,0.6336107523032981,0.23967716672613512,0.3203536662072162,0.24462525267830706,0.3228207920462622,0.2496516952089036,0.31858522033683145
0.585,0.585,0.585,0.1141942369263606,0.625,0.625,0.625,0.1902396890520405,0.5896944403786645,0.6814780264659754,0.5760808160724173,0.6806913590924357,0.6019967349413097,0.6744970588131165,0.5934352119434871,0.6795078225062792,0.5945026785588576,0.6840306657102875,0.5954339026340922,0.6875505911198526,0.5935377801828418,0.672939813876435,0.574253442226133,0.6782460168646837,0.62207838706633,0.6803093541585593,0.18081519227782528,0.2876935239473275,0.17500922910598188,0.29189415589911427,0.16360319842446966,0.28755478881301716
0.55,0.55,0.55,0.1666666666666666,0.64,0.64,0.64,0.2014196983141082,0.6091880059852987,0.6497401108511444,0.5689647171639826,0.6515616355459122,0.6118101918389067,0.6423053263438979,0.6016007575007443,0.6524475335813091,0.5721129761982043,0.6462226814877612,0.5935782311968946,0.6512450398214014,0.601159493609119,0.638373615406285,0.5815240142345334,0.6541068035046607,0.6118869034214205,0.6473719767886125,0.24564859430306737,0.2937071497067044,0.2469669187402142,0.2927607515714402,0.2564175843336941,0.3012800457097339
0.64,0.64,0.64,0.2511700468018721,0.61,0.61,0.61,0.1553871142393069,0.6034415611299263,0.6450533177897605,0.5811567131190126,0.649034870182823,0.6274154606893244,0.6369715753196389,0.6005013660111361,0.651830665396307,0.5844037972657706,0.6510368386747721,0.6065865312178061,0.6535312973581329,0.6128814443853379,0.6301509885058768,0.601418377221917,0.6447866762702417,0.6114022412140199,0.6472810472204245,0.25956603612849816,0.2849148148835155,0.25502376388846415,0.28783059970988295,0.2530888325619278,0.29643003076712016
0.72,0.72,0.72,0.3239980685659102,0.575,0.575,0.575,0.0,0.5983197947405982,0.6474898588918152,0.5824754323479726,0.645921738219552,0.6094950135017233,0.6363065321491203,0.5882830405119344,0.6472062287985396,0.5842017271944773,0.6441282157771636,0.5880935720369302,0.6453049663888348,0.6017659931278159,0.630627576950241,0.5922491583153222,0.6468108689942936,0.6050462258425808,0.6436084394129504,0.2772023100684927,0.2885504446674963,0.27262673927100023,0.2855895278797842,0.26450543897897105,0.29834571328467807
0.67,0.67,0.67,0.2857142857142858,0.48,0.48,0.48,0.0,0.6177891555951082,0.642001471604153,0.5976939604195302,0.6407501747828106,0.6244868824561469,0.6363065321491203,0.6092745319276504,0.6401130385016581,0.6014212043486915,0.6432307818247353,0.6088169624924377,0.6435753126480508,0.6188832979375413,0.630627576950241,0.6140511492519979,0.6384811797914769,0.6196637534902694,0.6411688301623791,0.24747582492450823,0.29929508730270915,0.2484957832790231,0.29960735137082917,0.24933206947412836,0.307563169589643
0.78,0.78,0.78,0.4798439531859558,0.445,0.445,0.445,0.0,0.6580021298357235,0.6723292421062562,0.6426411104955619,0.665490675260186,0.6480271376753037,0.6437205874021298,0.6411217489605059,0.672830956467298,0.6418579467817532,0.660255061947995,0.6535865583572782,0.6609329797607958,0.6505480877848845,0.6358606891817616,0.6569897873752409,0.6708777860056554,0.6678093573217336,0.6630259674850434,0.2609520637670605,0.287846573412876,0.2598885319229347,0.2934950268373422,0.26266034457362725,0.2994246988002885
0.735,0.735,0.735,0.4202581492014875,0.455,0.455,0.455,0.0,0.6166807888232628,0.6482440480572207,0.5929123190339887,0.6464467215399843,0.6054566214175549,0.6509119985231443,0.6183428631609121,0.6515386289027918,0.5984728633405895,0.6479278854578169,0.6178086052588311,0.6511328162546904,0.6122479548716513,0.6509736385472956,0.6070981051083594,0.6496185870448455,0.6294874585125793,0.644070549432861,0.18859414555136872,0.21064821660530497,0.18615494138926894,0.20692782809280427,0.19083870756062032,0.22578629997806243
0.755,0.755,0.755,0.448073890515882,0.485,0.485,0.485,0.1013784679811551,0.6514066887799397,0.7063802339026554,0.6173001591856764,0.7024357887222794,0.6662227439496698,0.6822381119799388,0.638831264989336,0.706698188735328,0.6510664622811112,0.6924672871333746,0.6438955530764263,0.6916780225333454,0.6438606386629356,0.6789945398098107,0.6430078844044457,0.7098271321121626,0.65605752358371,0.6981110590530081,0.3535631900035481,0.3901945576285284,0.3533141654229335,0.3985454864324577,0.34795594300782745,0.3860448677176458
0.71,0.71,0.71,0.2579324462640736,0.52,0.52,0.52,0.1220850480109738,0.5544874537500032,0.587916821962616,0.5647913562485654,0.5750079669888676,0.5885445060971431,0.5833536000409926,0.5628438517734122,0.5772409773764569,0.568373502596846,0.5691475132924235,0.5547336606389626,0.578672813771061,0.5734233030117947,0.580865104509943,0.5594897459641597,0.5876555261513058,0.5718818114360835,0.575232633272425,0.10237935947231272,0.07409494931208359,0.11274374277004616,0.061768583996398736,0.102980024657757,0.07083647041999415
0.69,0.69,0.69,0.2187500000000001,0.63,0.63,0.63,0.2931512083293532,0.516153014918118,0.5478316529754724,0.5299668557771386,0.5401594965697653,0.5291347829623014,0.5344540491176185,0.5138946010316983,0.5470734224933783,0.5417253190547786,0.542099011086115,0.502454825495072,0.5374544565152033,0.5325053795054765,0.5388128361229251,0.5345168887759747,0.5401620131574363,0.49987540955692095,0.5402029114776289,0.11030956433329575,0.09354178998064698,0.11485348951810652,0.08996552124982346,0.10913943881891049,0.0848227861889654
0.64,0.64,0.64,0.1814461118690314,0.63,0.63,0.63,0.3008974964572508,0.5234438972733543,0.5840108219789009,0.5450590780624821,0.5775735283429504,0.538780472658475,0.5460807231257407,0.5269230322694027,0.5850857795426703,0.5413916033323499,0.5736157568744479,0.5226292956572105,0.5679971304572391,0.5448399240264167,0.5440583062432621,0.5501276252493374,0.5785203691627018,0.5286017332678933,0.5790352809835726,0.15637755822243032,0.21415380655037625,0.16333840250209805,0.21977640375852914,0.1633246054954204,0.2146017675471564
0.685,0.685,0.685,0.0778688524590163,0.73,0.73,0.73,0.427541609244143,0.5167486776746055,0.5405015398040824,0.5141786733328892,0.5377006956842109,0.5458588796005862,0.5388589483867803,0.5248277092900708,0.5415051024077429,0.5296790997288324,0.5411029059705423,0.5231597577915418,0.5466710104380057,0.5344336066065675,0.5408434904613478,0.52837083744585,0.5388059567476882,0.5429993941632397,0.5401311849689769,0.01930205038043125,-0.02915666665554069,0.026018626669846688,-0.02676199025524132,0.029537728853722824,-0.007895590897384633
0.61,0.61,0.61,0.043766090474439,0.72,0.72,0.72,0.43342776203966,0.5573416580615267,0.6369746588767712,0.5442386407216658,0.6363111999293715,0.5581143761824943,0.6294954782360208,0.5693896164365596,0.6380822361398009,0.5612137960777264,0.635816574843026,0.5701313300215621,0.640723397970354,0.5481181058618406,0.6272387713149675,0.5451446055152029,0.6320247827073808,0.5832664225324153,0.6346199329394292,0.06093714085865486,0.04764788078678722,0.07510984451170484,0.0504090599959915,0.08127978101917663,0.052276289581355634
0.55,0.55,0.55,0.0234375,0.725,0.725,0.725,0.4499999999999999,0.5525744430001134,0.5697959147727026,0.5425646084337146,0.5674448957757566,0.5443820147394121,0.5586691366114602,0.5438330949031536,0.5706017080706233,0.5566773474365133,0.5662839306809541,0.5430287221235759,0.5691791172183747,0.5536448906247721,0.559310878317452,0.5634633027429865,0.5673932937144727,0.574785595333145,0.5645934116366854,0.017447905007819217,0.012316006482654155,0.02701750342613554,0.009600260332990919,0.026585133825167175,0.02216305759150506
0.55,0.55,0.55,0.0449915110356538,0.71,0.71,0.71,0.3723622984525484,0.5570214869743854,0.6147105653211062,0.550092415800822,0.6147628742086738,0.5429154729393106,0.5889518558970135,0.549085380977529,0.6174114935298647,0.5559846888013221,0.6073389016609925,0.5612717055395308,0.5992694636134357,0.5417200209481345,0.5847196080862941,0.5521006538558942,0.6157998197425847,0.5740699568798598,0.6096281656204743,0.13021323841483698,0.17559147183855955,0.1413490643142873,0.181329583849068,0.15070798322246182,0.1802875840040795
0.555,0.555,0.555,0.0458833619210977,0.625,0.625,0.625,0.2382693479585619,0.5404877810665403,0.5593899787632016,0.5274847430752988,0.5656885150220474,0.5238796934843556,0.560455002855753,0.5438508978274421,0.5623595563277906,0.5368878416964213,0.5618964723471085,0.5304421166675404,0.5605496154115218,0.5253007868777272,0.5592379653924965,0.5235308911943106,0.5670972043072681,0.5378519265323181,0.5639076054918227,0.09474638877343018,0.12987845862880323,0.10318132812912902,0.14121600686739622,0.10813599313112839,0.1431256078243621
0.51,0.51,0.51,0.0384615384615383,0.57,0.57,0.57,0.14,0.5206165768555604,0.5634411483305722,0.5075597057434875,0.5679243940843433,0.5295529520095942,0.5587804770069332,0.5288528195238652,0.5675831511627377,0.5376385478247202,0.5625928763054866,0.526768528017409,0.5643966518904806,0.5134974301751599,0.5558728539253192,0.5213531817239991,0.568043468864978,0.5268711687969303,0.5664286993494048,0.14591724154050464,0.20294553743768212,0.14976068131184367,0.21729990508258043,0.1511699146623069,0.21381750399300542
0.485,0.485,0.485,0.0348575712143928,0.585,0.585,0.585,0.1141942369263606,0.5106251553342847,0.5587583886242349,0.49682664183866726,0.5642601855416319,0.500112467101845,0.5753905805151833,0.5259728063758514,0.5643908841805183,0.49641253931567125,0.5678987725687968,0.5127392160985623,0.5707549403832487,0.5024104569251474,0.5723235953475171,0.5020154622149613,0.5597561249460805,0.5169410374950698,0.5656061141305514,0.11906423257654346,0.10683249544298654,0.12825404390589973,0.10497753332826171,0.12492439413143745,0.12322160550231712
0.48,0.48,0.48,0.0341753343239228,0.55,0.55,0.55,0.1666666666666666,0.519603483427896,0.5772617871615925,0.5004573015685745,0.5721400190524704,0.5217299529001784,0.5596198649618559,0.5219664901923594,0.5750151018630139,0.5071119885638818,0.5657071074087169,0.5217676027980015,0.5695457914660537,0.5200278991792101,0.5562942577736745,0.5160373070268903,0.5734751599245342,0.5300206108798153,0.569755878395751,0.14314314188108018,0.15104440899528723,0.14129078969768974,0.1586273115612299,0.1394912334279833,0.1546466812685032
0.445,0.445,0.445,0.0227152667723191,0.64,0.64,0.64,0.2511700468018721,0.5305990079865431,0.6145492216955419,0.5224467168747987,0.6114748893157131,0.5447644698848544,0.6106596079926752,0.5311809717907116,0.6113911364262606,0.5243713270761887,0.6096595488639874,0.5342136549981306,0.6128799191703141,0.5249667585707903,0.6097026429911775,0.5306077182030104,0.616806975444832,0.5568684208722082,0.6093360096571843,0.11569994803331228,0.0658867505599224,0.11461540484479309,0.07036690209697098,0.11600236500789272,0.07783219634012699
0.465,0.465,0.465,0.0246125797629899,0.72,0.72,0.72,0.3239980685659102,0.5317149972840274,0.5727245227210561,0.5171394784119214,0.5749795522214521,0.5506064035743069,0.6019437297455794,0.5307195884906281,0.5715474242634029,0.5175089007754047,0.5851752624147819,0.5159635629290437,0.5888137080595711,0.5319905420650585,0.6031649346162576,0.5286636077412038,0.5770732232279882,0.5400279456297912,0.5746917633306078,0.07574245721617136,0.05147861319986241,0.0728117919467494,0.06493762798212013,0.07435337624125994,0.07034862579093197
0.49,0.49,0.49,0.0094202194814023,0.67,0.67,0.67,0.2857142857142858,0.520888608893209,0.5794736000145221,0.5003929650227605,0.5812080429329339,0.5336796001174883,0.5765697242785389,0.5187126602490422,0.5770606936663083,0.516110974537388,0.5818110878707101,0.5338014707732386,0.5847217392318383,0.5197722778124773,0.576371593117995,0.4999284821453009,0.5816851582792355,0.5491069182110866,0.5772329799846107,0.028370808288724198,0.01174736700077401,0.027641517253427894,0.016542005549725552,0.028390440519567024,0.02145293341365394
0.505,0.505,0.505,0.01,0.78,0.78,0.78,0.4798439531859558,0.5270406163083416,0.5549566502564639,0.5299012331240146,0.5578227503625625,0.5596567669844097,0.5826698791998349,0.5304591563341408,0.5495160403441133,0.5462057209902654,0.5686896356325895,0.5159673993376923,0.5747096176555883,0.5315418068405722,0.5834527113777165,0.5343006840703645,0.5596981851945149,0.5196155822791637,0.5602842422689203,-0.0076704878851120714,-0.04907267787874814,0.0034026590910417875,-0.05356583491296016,0.005150410351800593,-0.02902469535157089
0.515,0.515,0.515,0.0104060395837585,0.735,0.735,0.735,0.4202581492014875,0.5569887399306315,0.5897691096224355,0.5410372639411463,0.5930430112207865,0.5650101561027983,0.6039206764849502,0.5560852276387498,0.58886114288671,0.5607217093406942,0.5931607074023402,0.5617341503871025,0.600447499721935,0.5541298817035882,0.6022735332080293,0.5550981606286108,0.5950839779881395,0.5563455491840386,0.5912370475760972,-0.015000961484940366,-0.029902939460086306,-0.013113503549837558,-0.021787331199886018,-0.01118304048469003,-0.02760189811462059
0.49,0.49,0.49,0.0094202194814023,0.755,0.755,0.755,0.448073890515882,0.5586782920204579,0.582691857764362,0.5530655537045958,0.5819632346877853,0.5615156960503778,0.5774333384712642,0.5439255135792312,0.5852114912874627,0.5588033652583909,0.5845571755790459,0.5491644377938766,0.5876362921585909,0.5605139955722839,0.5739049567562081,0.5603806194517089,0.5806630451431332,0.5578486640408832,0.5827893005619936,0.01292531743475572,-0.006208471615450797,0.01760373409001182,-0.0005845140854254991,0.0202870471131426,0.004359680495356864
0.54,0.54,0.54,0.0,0.71,0.71,0.71,0.2579324462640736,0.5469493648079384,0.5380705314126779,0.5470113210910016,0.5359742720609018,0.5553010168571884,0.547331197840937,0.5537448468762869,0.5339617128456339,0.5411986579935605,0.5377846581264304,0.5421325619854984,0.5428247768917505,0.5565561476151997,0.5465322041231883,0.5440445576029006,0.5331745364027515,0.5480338540242663,0.5393052822931119,0.010426214510472454,0.015470958050573564,0.005493009149485081,0.016090246942091848,0.013851735810008037,0.01825401998625791
0.655,0.655,0.655,0.0,0.69,0.69,0.69,0.2187500000000001,0.5604486029428454,0.5949416800931773,0.5450040486190053,0.5910140637984808,0.5644731321933113,0.5705932847132336,0.5571545342584834,0.5886397983756725,0.5375599025478369,0.5857935015757644,0.5532012412822113,0.5856751642410367,0.5559543517936867,0.5655078112232728,0.5540015973222913,0.5974752448735978,0.5720473645829426,0.5906925525898803,0.03242127533715693,0.04881212335008489,0.02633668116301956,0.043763260407338,0.034065121282768375,0.040294109377744115
0.655,0.655,0.655,0.0,0.64,0.64,0.64,0.1814461118690314,0.5495722753979744,0.5297486648849623,0.5206866832743363,0.5320393482032676,0.5382693175393034,0.550406596106911,0.5293650400915122,0.531426277121091,0.5083362434881535,0.5411690236270486,0.5317890100406385,0.5465368411671884,0.5304353786080821,0.5492212287950562,0.533927937938231,0.5257350839826641,0.5447892759966784,0.5337151405035114,-0.021885285353588864,-0.006008548020698907,-0.023877604855889845,-0.012629452967918564,-0.022588427944951806,0.004840112193587231
0.68,0.68,0.68,0.0,0.685,0.685,0.685,0.0778688524590163,0.5618498987958265,0.5501966648188158,0.5380315320656223,0.5531280318839908,0.5660304492137957,0.5627282578296052,0.5551236326269862,0.5546982438690813,0.5475178682984134,0.5568389464086132,0.5514188182286922,0.5608921096542377,0.5595743998835113,0.562506363365384,0.5560261613281118,0.5524946679093623,0.5719205922993871,0.5531492072278886,-0.014037803557170502,0.0060263774919179286,-0.01413085175684663,0.008158753026454486,-0.019516358082414913,0.017214531141765757
0.665,0.665,0.665,0.0,0.61,0.61,0.61,0.043766090474439,0.619028403992678,0.6076185213596931,0.5887330910198105,0.6133982356735292,0.6135506968804952,0.6129159812629339,0.6005323791157731,0.612712029289116,0.5987263887001967,0.6092390613098168,0.6018786024561757,0.6119155029152793,0.5988123198166361,0.6131548362788054,0.6053307520322971,0.6104315124199482,0.6296755512697946,0.6131132735682232,0.004220419338731542,0.04760470031926936,0.0068119228449941395,0.05273724285729539,-0.0028403532080945645,0.05037487263007932
0.65,0.65,0.65,0.0,0.55,0.55,0.55,0.0234375,0.604416222648744,0.613480546039288,0.59103179282033,0.6146954727541568,0.5997314019109815,0.5952656040690001,0.595547982419415,0.6125513289961648,0.5881995634115235,0.6077887182789936,0.5918672405970228,0.6069002652495455,0.591988185654669,0.5935771591973636,0.5917617582906626,0.6121630793680954,0.6108154797231673,0.6100685066924698,0.018974186436541973,0.04552619960134679,0.015547900059864447,0.0382310856726761,0.012439358048907619,0.05229554269273735
0.725,0.725,0.725,0.0,0.55,0.55,0.55,0.0449915110356538,0.5826515839088927,0.6040548158392658,0.5725969121763265,0.6046710448053555,0.5853240965807879,0.5794310090866057,0.5660886024787437,0.5959929448527431,0.5708880007878523,0.5973373712984018,0.5757246319413131,0.5950495752082574,0.5776371084520355,0.5781872159790744,0.5749858463369324,0.6055872738846794,0.5939660005926626,0.6025587734046619,0.03203999368420548,0.03575945974522111,0.027958071317537067,0.0422923404059019,0.02661507360026081,0.0411103102561322
0.665,0.665,0.665,0.0,0.555,0.555,0.555,0.0458833619210977,0.5787820892710998,0.5921414293000428,0.568183580389542,0.5884623714257592,0.5774646400749817,0.5747109421437934,0.5636973635316175,0.5881837506802327,0.5635783448204197,0.5812361236178812,0.5531658935354616,0.5802989809752135,0.569732016246965,0.5741996553680189,0.5675116752382862,0.5913538508032518,0.5790379370653955,0.5852160397567105,0.02012804529300006,0.04737021289814069,0.014044105335002397,0.057459594933099975,0.014541767241510885,0.04951135582221736
0.585,0.585,0.585,0.0,0.51,0.51,0.51,0.0384615384615383,0.5465749665801368,0.5443410956579261,0.5252120300699725,0.545191377518475,0.5355442760466892,0.5306093744611418,0.5226999079943593,0.5497598180676124,0.5314330005657961,0.5402213335519891,0.5308720018244292,0.5366138490845687,0.5284485673658781,0.5306747476740005,0.5336951929060866,0.5432882482033962,0.5492120255985875,0.5418182658083123,0.0009809307106435534,0.0031367199043453075,-0.002821415712209642,-0.007630567483195231,-0.0010595458366868574,0.01134768264863321
0.545,0.545,0.545,0.0,0.485,0.485,0.485,0.0348575712143928,0.5515467535272767,0.5579715512566824,0.5423057289139009,0.5579977440753919,0.5563426491430684,0.5600090065530865,0.5375431470977285,0.5596314205895718,0.5497455965061806,0.5564709815589768,0.5369666710339717,0.5559537081531006,0.5424520462204225,0.5616676173241536,0.5397521596349654,0.562517283225024,0.5600392733918781,0.5557155284630477,-0.0037669293430767207,0.009396660753605502,0.0005313223158980606,0.012346593703046374,-0.0006864387146786561,0.005322513613038927
0.535,0.535,0.535,0.0,0.48,0.48,0.48,0.0341753343239228,0.49960387016067176,0.5101351001642039,0.5078598940124364,0.5126649132078269,0.4987208386059607,0.5188188579996263,0.485489331754784,0.514795924656107,0.5090274338391367,0.5113637726904701,0.4904787168762795,0.5075225056909102,0.5025812176076967,0.5222672609259368,0.5116798620838965,0.5124569285196316,0.505176131347533,0.510508142828265,0.004103669391306519,-0.023494319294512428,0.007256146584321896,-0.01878803124095657,0.007440347827149762,-0.01478793881273003
0.515,0.515,0.515,0.0,0.445,0.445,0.445,0.0227152667723191,0.5023415075646793,0.5060111689413574,0.5049605857897762,0.5035702560733046,0.49240116300175774,0.5001562054885943,0.48930890391830567,0.5057359356496801,0.5025215965960514,0.5022520052876166,0.4884819555909911,0.4985691779391415,0.5029862096865578,0.5061913165238869,0.5132712134432038,0.5010280514229568,0.5123404084075318,0.5030371572719531,-0.0054276545407398145,0.00010198069939386443,-0.0042873485766185705,-0.0039378841873955635,-0.002411154955691127,-0.0026300892054059374
0.54,0.54,0.54,0.0,0.465,0.465,0.465,0.0246125797629899,0.4819512649185212,0.4774951675776982,0.48093879067719736,0.4792814948190342,0.46998587814634013,0.4840027484444036,0.4680045429346468,0.4769594634676789,0.4777468492218824,0.47935619773050325,0.47697923980839463,0.4784983715025504,0.4786475147993258,0.48729757956537706,0.4962213894089899,0.4802764613124769,0.49551199339349794,0.47994955143322815,-0.020058588350689067,0.0009183397008143276,-0.0203616044889771,0.0009494014335575216,-0.016211177500175603,0.009920161220269718
0.495,0.495,0.495,0.05994043186895,0.49,0.49,0.49,0.0094202194814023,0.5053611739001908,0.5102954310753556,0.5096176192697293,0.5132917476969565,0.5150350556098697,0.5274020075267422,0.5152195045766049,0.5104188575857881,0.5130588283186603,0.5187347132318698,0.5096363839112036,0.5201069520788338,0.5195730838534591,0.5291027213235271,0.5134774325563833,0.5145515933868233,0.5243127168620499,0.5161030670141405,0.059055984479581936,0.056427767852770094,0.06737424511584877,0.06184433246319455,0.059894849554995626,0.07607994833211988
0.53,0.53,0.53,0.0926640926640925,0.505,0.505,0.505,0.01,0.5445654733048652,0.5374927246320431,0.5483485405921481,0.5396004291626159,0.5469090593166889,0.5386236990980932,0.5273040678503617,0.5348433004431291,0.5521386469045656,0.5397052098004408,0.5345515721428874,0.5433846874894901,0.5495270169018615,0.5386366891684184,0.5516191408462021,0.5389811438269623,0.5529286465526605,0.5414435709797336,0.1361156968926528,0.14645727641958334,0.1402169419056106,0.16046987677589178,0.13875873326248797,0.16943640528611192
0.61,0.61,0.61,0.1537376586741888,0.515,0.515,0.515,0.0104060395837585,0.5516664834363624,0.5743809060618572,0.561619213032613,0.5798115042951191,0.5657592227417663,0.5726269266923782,0.5500583532174491,0.5698965782588181,0.5656319813577725,0.577714590444704,0.5607554221265553,0.5791992358790482,0.5648977011881382,0.5725716339018099,0.5611235463235955,0.5755824786617011,0.5821467072627142,0.5786676217172609,0.08369974107105362,0.12773008427371485,0.08163353708894994,0.12477342336612292,0.0854331616099761,0.12957083565068997
0.65,0.65,0.65,0.2601204946622979,0.49,0.49,0.49,0.0094202194814023,0.6528982343009533,0.6586560802543646,0.630312688297019,0.6578297638657095,0.6274106146652969,0.6441826026837078,0.6503022341618571,0.6564024134629608,0.6291158240042849,0.6545793828836783,0.6456402412986241,0.6522898168128841,0.6260463056197751,0.6437266783871757,0.629568280754503,0.661742506261948,0.6386152877393325,0.6567499336483926,0.27429297204828507,0.32365612643939756,0.26980425804482383,0.32225533966722114,0.26698143488097975,0.3271843260447029
0.69,0.69,0.69,0.3195785776997366,0.54,0.54,0.54,0.0,0.6701500123878577,0.6721065690405426,0.6380491424560311,0.6677516355147063,0.6533691844305409,0.6501334177953164,0.6631834346272135,0.6728245078781832,0.6470447708450191,0.6646648363952085,0.6625098366856981,0.660383590183438,0.6440047140954502,0.6463106161798106,0.647916780119732,0.6734636669815598,0.6808916130337163,0.6704611605239147,0.3303917706771263,0.31900911096219714,0.3308309470020875,0.3157097962237711,0.32832550071674543,0.30161267936187774
0.785,0.785,0.785,0.4419932520114197,0.655,0.655,0.655,0.0,0.7032867813977991,0.7065588641389343,0.6787726970303274,0.704043836719863,0.703934778405942,0.6852763197346253,0.6963290827328723,0.7059488740217703,0.689300446243487,0.6988849346201371,0.7017942025995981,0.6952779331902377,0.6983676852908838,0.6811120482970149,0.7035387851630065,0.7073079344099468,0.7149178786492426,0.7065639552480147,0.3677891847686544,0.3380169286159159,0.36818481179374046,0.3329166156054816,0.36840553032388845,0.32725960140211335
0.795,0.795,0.795,0.4575284466790156,0.655,0.655,0.655,0.0,0.6773870312211115,0.6993718425496065,0.6605458746423585,0.6964240384190852,0.6981783716947064,0.6740200401646971,0.6866236281623292,0.70082862662725,0.6619497460635587,0.6879114877370198,0.6737271921494382,0.687864808549629,0.6846331114522481,0.669911323327224,0.6795633079175454,0.6978786793969852,0.6865483579345024,0.6952286297627917,0.37103987810856637,0.37957383369017716,0.3656397209615932,0.3791616441020335,0.3643203512518912,0.3642550529471525
0.81,0.81,0.81,0.3807040417209908,0.68,0.68,0.68,0.0,0.6975336533327561,0.6226661010029101,0.6859803514329602,0.6220938909197845,0.7057687562263433,0.6417341835597116,0.6916331534089762,0.6236943854265741,0.6889532140240089,0.627287320540305,0.6790625162013351,0.6374811516841218,0.7028523476316214,0.6425487715173831,0.6913990492167437,0.6242639446275005,0.6994229340241794,0.6238582876040917,0.08458125800045456,0.09084763982334726,0.09669346133225441,0.09695199196135887,0.09506136111155968,0.1133156403089911
0.81,0.81,0.81,0.3671940049958367,0.665,0.665,0.665,0.0,0.6851389964922908,0.5926914713818278,0.6896414023740167,0.5962765311830515,0.6909112326118141,0.6066693680693395,0.6868348650837929,0.5987024380058437,0.6846056740650563,0.6033130818018513,0.6654491433390028,0.6117583660179731,0.6991284705583751,0.6071366339090264,0.6906693503693765,0.5878466532914625,0.6618591693639354,0.5997543302342678,0.07085026564527473,0.07728818829731945,0.08222044235917277,0.07796442041779307,0.07507898395838344,0.09660788486028955
0.775,0.775,0.775,0.2908919004097068,0.65,0.65,0.65,0.0,0.6875675532776316,0.6315497788384947,0.6898004176703546,0.6299635308877412,0.677539312423377,0.6195860656092976,0.6737733670955364,0.634369833753257,0.6954366259162583,0.6323838675443012,0.6665220397710427,0.6321296794000588,0.6882579514100633,0.6156274566868812,0.6870789217855423,0.6280077709212815,0.6600475516895067,0.6318324453812205,0.09245762296001184,0.15464558200339878,0.09536444738417219,0.1722583544405336,0.0858719412338418,0.16150872298700242
0.73,0.73,0.73,0.0,0.725,0.725,0.725,0.0,0.5916457914431632,0.5847071161396985,0.5864134252780276,0.5849363649020116,0.5971096927836773,0.5744303984449508,0.5643809184129547,0.5889232823585638,0.6047534716577184,0.5837695650360858,0.5780679433128831,0.585105854222436,0.5835434951874895,0.5735535728879089,0.5874750423075478,0.5856471707694768,0.5988338595637982,0.5834057166766423,-0.007053648202920955,-0.012194706194160168,-0.00813218761459941,-0.0072118174776423715,-0.006300507673126072,0.01182319223630828
0.645,0.645,0.645,0.0,0.665,0.665,0.665,0.0,0.5612716609601212,0.5167951994570591,0.5751655321076193,0.5188715809389025,0.5759468563392326,0.5365049229200478,0.5426787426639195,0.5246707581434485,0.5897139901823121,0.5228281567401861,0.5423296600786417,0.5267862869579137,0.5688028125990698,0.5395422051835337,0.5782631679123942,0.5205558977412089,0.56619140116006,0.520259982110222,0.0007713416516027317,-0.0010808279124932655,0.0028606470318830956,-4.4518508848665254e-05,0.002530111616603673,0.024466192410072692
0.64,0.64,0.64,0.0,0.585,0.585,0.585,0.0,0.607748994920586,0.6085499448618117,0.607590362868692,0.6077149281512007,0.6035780982168022,0.5938875205231903,0.5785871949736978,0.6066876245302387,0.6126962286711396,0.6070529922606321,0.5834722717884324,0.6034298875480285,0.5905105412607938,0.5895276556837498,0.6074067052557557,0.6052276296377185,0.6113799678578972,0.6054804650603004,-0.004121938979120991,0.011739071690227202,-0.005273193812479874,0.01050669702199717,-0.004614497394569495,0.02436767449923265
0.58,0.58,0.58,0.0,0.545,0.545,0.545,0.0,0.5948105667928602,0.5919158224803491,0.6007308447516807,0.5998244437011118,0.6043516475395525,0.5966487649571582,0.5729300035267654,0.6022389444261254,0.6095524580727648,0.6043580776980421,0.5717571586678473,0.6011284119579136,0.593068266754637,0.5973029300528768,0.6008810536463767,0.5945316586110654,0.5956998559713609,0.6003817835990447,0.013148581513052962,0.016265583726070947,0.019059821744585394,0.014432555529083627,0.008296037026729071,0.023124154068631247
0.615,0.615,0.615,0.0,0.535,0.535,0.535,0.0,0.6214559925145992,0.6340293018743632,0.6180277583925217,0.6278063450769447,0.6168945917418726,0.6267308826242449,0.600385981296137,0.6311919526875195,0.614408192563206,0.6264043000507858,0.5944068264574224,0.6289180025665828,0.6061986385557571,0.6240364878532828,0.617304147505733,0.6300024037908738,0.6242573784205848,0.6264861615014776,0.0200562670966788,0.001843921534669562,0.024057727425502037,0.0007086679034243716,0.018108932590769147,0.014623363074495207
0.61,0.61,0.61,0.0,0.515,0.515,0.515,0.0,0.5960677664233255,0.6347799463117291,0.5941375366865331,0.6298163494446277,0.5985528345578993,0.6125418455903411,0.5811202730935733,0.6369730453104996,0.6069299279637023,0.6209271960351649,0.5991579832482794,0.6244250621119456,0.5849982498575251,0.6111826310796293,0.5956341117829332,0.6332562626778877,0.6104603549767897,0.6254734974032975,0.005758387871982652,0.021067076921928128,0.010722692522707574,0.024935014188710684,0.0033928590147174627,0.03430311571524522
0.59,0.59,0.59,0.0,0.54,0.54,0.54,0.0,0.6098347751493173,0.603621055267251,0.6177162246441006,0.6004350583691213,0.6241664490977893,0.6079737300541103,0.6016212117685202,0.6075140943546418,0.6262054410276655,0.5967399282404121,0.594518263045337,0.6041557217139689,0.6091960650978961,0.6080559923120401,0.622264567041386,0.6049380391022792,0.6134995709570842,0.5995836630788681,0.007520337762721887,0.0001746910087910487,0.009016342681785342,-0.0036398471510373383,0.008808479081568467,0.013226433222496089
0.54,0.54,0.54,0.0,0.495,0.495,0.495,0.05994043186895,0.5645339498513336,0.6061183651782023,0.573371708083381,0.6058383666579469,0.578562669585179,0.6078217786475287,0.5682916314877731,0.6168929040396786,0.5817751807912098,0.5993566417727715,0.566221257144762,0.6091129338675998,0.5704118167910228,0.6071950704685738,0.5650010367688514,0.6037464066732805,0.569089429425104,0.6034801128844121,-0.0029352938920062166,0.04263670129311531,0.0003412663603203489,0.0490601976429215,-0.00174994820155429,0.047525913695943965
0.585,0.585,0.585,0.0,0.53,0.53,0.53,0.0926640926640925,0.5715840981823038,0.626580040316417,0.5763065015900987,0.6219693911729437,0.5894783816054914,0.62451841350329,0.5723846777701814,0.6277715798442036,0.5894122367717947,0.6181052192193611,0.5744883898271463,0.6275276734272548,0.5767723424687149,0.622797194057805,0.5644143308900152,0.6237923366206367,0.5823381238173959,0.621969941586247,-0.0033482606229200303,0.009453168257698161,-0.00048538707062779175,0.011387499390959527,0.0013762396731196278,0.017965339457195143
0.54,0.54,0.54,0.0,0.61,0.61,0.61,0.1537376586741888,0.5400017683377211,0.5731257465358436,0.5485434385808284,0.5707337069479504,0.561006844009595,0.5921170412294641,0.5493819296507185,0.5772130323032562,0.5504928285921947,0.5736365697649692,0.5400497061737457,0.5823640508085811,0.5582003399081256,0.5902078570706973,0.5428066149462256,0.5689828332821669,0.5367477188083175,0.5703715309248224,-0.0094930986497666,-0.01212939104799387,-0.006325540295144719,-0.009789909697381428,-0.0072373012753863455,0.0017415725372729386
0.565,0.565,0.565,0.0,0.65,0.65,0.65,0.2601204946622979,0.5818725018462998,0.5783981823096722,0.5859131802337899,0.5770765339768895,0.5855371908313787,0.5924587556863331,0.5705904869730228,0.5855363678753234,0.5934438520392502,0.5801673764683042,0.568992762048683,0.5865043638556603,0.5843453200378987,0.5902078570706973,0.5786701787827265,0.5692733910857894,0.572997274223421,0.5777723025521511,0.02570825176043804,0.019184392856256977,0.025869335509733613,0.022115049844662685,0.029252891508927518,0.028745154427018624
0.535,0.535,0.535,0.0,0.69,0.69,0.69,0.3195785776997366,0.5859975857373987,0.5952253107565202,0.5761450754722671,0.5948672222452345,0.5701489161683971,0.5997307138508842,0.5681907513799308,0.5972549542577221,0.5862324480910162,0.5999045339631717,0.5724925570516699,0.6039316118590129,0.5762791585550312,0.5970086327841034,0.5714814873404199,0.5889015172892635,0.5872205959748249,0.5960973018574862,0.02472550689240737,0.008192776868088199,0.030831381266159374,0.009186615147762284,0.029682607043932097,0.024787692040897633
0.5,0.5,0.5,0.0,0.785,0.785,0.785,0.4419932520114197,0.5718315933472354,0.5825583225422105,0.5595459263491024,0.5818323022652995,0.5591824321670198,0.5865788766821651,0.553333477355763,0.5834634061360393,0.5652423428768029,0.5864346875161416,0.5611008247721766,0.5893096578536324,0.5689195585049645,0.5833386394975644,0.5631336297772044,0.577629275021948,0.5769083034805504,0.5829722380868272,0.01735647190854335,0.0250177732628545,0.02460169489580627,0.029175756215813378,0.02239009877838719,0.03943542424571343
0.52,0.52,0.52,0.0,0.795,0.795,0.795,0.4575284466790156,0.5876466497817684,0.5732821254611437,0.6051123087240001,0.5760778301695223,0.5984093222200338,0.5781303630681585,0.5691642354159234,0.5777489379849305,0.613414141689506,0.5833124581887797,0.575285299826508,0.583146941285964,0.6112141994439556,0.5772108205115535,0.6020196399252838,0.5715595038061239,0.5892548873273431,0.5787474604581809,0.009969459927911381,0.025176435417278473,0.010590487839819241,0.023177851923318338,0.011596679526059984,0.04133748225616203
0.565,0.565,0.565,0.0,0.81,0.81,0.81,0.3807040417209908,0.5958233476969755,0.5932624552969403,0.6009155136670364,0.5972907624436985,0.6116069973933507,0.5885247231888222,0.5686375384083895,0.5984710719002695,0.6139578394636702,0.6005999255253653,0.5778646827279071,0.6020030575551851,0.6029345505810864,0.5871179696697291,0.602076358453461,0.5939581476107333,0.5925381132580466,0.5968394472545284,0.008339777901004609,0.03296840398510863,0.011999481860603876,0.03468929316465263,0.01333751871046434,0.04471153641397508
0.55,0.55,0.55,0.0,0.81,0.81,0.81,0.3671940049958367,0.5938166073343776,0.6003190525983071,0.5808960154601956,0.6016547962294286,0.584512075538641,0.5942790357029434,0.5648817881841153,0.5990924802307825,0.586414315693359,0.6036411776624855,0.5798181567825939,0.6058526422888691,0.5750731035739759,0.5958562406808705,0.5812588414743569,0.5992751055090538,0.5914607204985783,0.604215724798004,-0.0005747135978205035,0.0257949362121331,0.00404402833790727,0.02763501657910211,0.0020705284024386474,0.03172242428285534
0.52,0.52,0.52,0.0,0.775,0.775,0.775,0.2908919004097068,0.5558783107612416,0.533821945795923,0.549819574516732,0.5386677636548364,0.5507341781075229,0.5436487519219645,0.5399802001540356,0.5308051048822864,0.560962974808365,0.5382351895222174,0.5464900440910961,0.545920515003564,0.5491379809344998,0.5482746508825499,0.5528522606431818,0.5307034383222539,0.5525308245742436,0.5394706244943137,0.025496269375633818,0.024307055910380442,0.025582724033580497,0.019673988651766318,0.023840799530838612,0.028449447993297603
0.565,0.565,0.565,0.0,0.73,0.73,0.73,0.0,0.5862785308053031,0.5983216957387161,0.5604570757032676,0.5924159927161705,0.5941838121499818,0.589084482075745,0.5528018884118018,0.5924229029086987,0.5719764196556709,0.5914906538799519,0.5768241881882826,0.5959777373467562,0.5734036355584986,0.5919753790869883,0.5770983544874713,0.5976769619673793,0.5889529680603934,0.5937303710702779,0.014636151192583454,0.042632863853004015,0.012405794658046969,0.037631623704982464,0.00856813414952298,0.053346090466931236
0.575,0.575,0.575,0.0,0.645,0.645,0.645,0.0,0.5938633486184903,0.6090123249348397,0.577614951380761,0.6019167573251822,0.6023389962091745,0.5983572899785405,0.585648885989301,0.6129921243848877,0.5999515347066059,0.5961154555800596,0.5869381188573971,0.6028625023265722,0.5896195030729074,0.6007213444586296,0.5798510293872443,0.6119824731912694,0.5970010190087348,0.6026046986985265,0.0016558165725134234,0.012478753517902293,0.0010369807188460303,0.012211660613592102,-0.0033705528273655786,0.020759555068683565
0.665,0.665,0.665,0.0,0.64,0.64,0.64,0.0,0.5874198961780086,0.6014488493837709,0.5832936105504852,0.5981141973216364,0.5925071568020889,0.5964213018722078,0.5866629533001516,0.6072072336253738,0.5947997732683502,0.5925715525907622,0.5852864718938925,0.6041097260231388,0.5899724343971577,0.5983587310250997,0.5783180266926584,0.6016232738520296,0.5902129699658205,0.600770353494867,0.026306146351298573,0.00939692488034893,0.024288504773971504,0.013407273686470033,0.019875242155478874,0.028711105286313973
0.64,0.64,0.64,0.0173331513579911,0.58,0.58,0.58,0.0,0.5227087521545137,0.5807994242503577,0.5142368973341133,0.583840026607173,0.551243649445171,0.5959976402495665,0.5326798868931827,0.5874549407779602,0.5249554586423961,0.5853367111574896,0.5282665311124151,0.5945570021733011,0.535008868183033,0.5990348817328105,0.5126636234195142,0.5824299949839016,0.5449415207050236,0.5835472902802246,0.00776039918526175,0.007210254310962658,0.005125495422789152,0.006801253829171462,0.008483369588447198,0.01202243981423159
0.635,0.635,0.635,0.0771175726927938,0.615,0.615,0.615,0.0,0.5161113783971568,0.4959014530733883,0.5291838182321004,0.49829324131508507,0.5317496169246415,0.521199076246972,0.5415792372296809,0.5038071688685517,0.5346188192067265,0.5057185305573152,0.530410691100121,0.5190427761186216,0.5522238667403574,0.5250095656198986,0.5281731248050957,0.49550671615648983,0.5273932818091867,0.5026232376929575,0.01931465845052719,0.01132856378015572,0.02227232850935059,0.012017951768762145,0.014794767643823394,0.035592336703194255
0.69,0.69,0.69,0.0968681718863803,0.61,0.61,0.61,0.0,0.5146200790463104,0.5143628741671852,0.5261833528173631,0.5111354381302613,0.5309588805801784,0.5340166600459536,0.544824229134847,0.5165677166209427,0.5382733341742317,0.5208077573000022,0.52290087006078,0.5282755899038966,0.5491733919948293,0.5372113049615369,0.5188000932417002,0.5146418058557556,0.5193597844124357,0.5152442732581504,0.017135961507160537,0.007370003843189933,0.026036705505836942,-0.008824123851999112,0.0201524491570394,0.026080835339070924
0.73,0.73,0.73,0.1697416974169742,0.59,0.59,0.59,0.0,0.5618729179030931,0.580613250880312,0.5639412584830448,0.5822151112795758,0.577977127652873,0.5921673383512056,0.5872430593417262,0.5883455324252904,0.5710833335770471,0.5863871563296412,0.5834807630570931,0.5957637538259827,0.5781674428166872,0.5918694580546593,0.5643200338567498,0.5796559300380048,0.5751131301583139,0.5845596553171456,0.09620647895201097,0.1387510120534118,0.09868695137172422,0.13825215585240777,0.10465001635851474,0.156777194770818
0.65,0.65,0.65,0.1346272716034119,0.54,0.54,0.54,0.0,0.5692052159604548,0.598006807084234,0.5717531345105844,0.596633660451943,0.5901162090345781,0.5948850266924571,0.5859363293292273,0.6032337653636236,0.5784374178675777,0.5971680233745155,0.5848644798959617,0.6003041019352097,0.5813861095298978,0.5933529398191489,0.5767394400460127,0.5939183073166542,0.578741207299597,0.596488941363151,0.10404836247000403,0.10958473336669267,0.11187946951313335,0.10576842256201965,0.10511078533523407,0.1261644937066191
0.55,0.55,0.55,0.0917347865576748,0.585,0.585,0.585,0.0,0.5471499254444606,0.5551785552701238,0.5593837494193552,0.5583125110156067,0.5598709245255429,0.5749467161728358,0.5747936639738856,0.5516156853244476,0.5582082372372085,0.563476205914165,0.5614025902182784,0.5722427800727509,0.5721065975922396,0.5789008717884544,0.5643067993050003,0.5529743345139624,0.5445505351262205,0.5553071486275445,0.14082225106748614,0.23639218120978203,0.14404206663893349,0.22909063484456826,0.13949883157928356,0.24963808501869947
0.585,0.585,0.585,0.1231776885696175,0.54,0.54,0.54,0.0,0.6278438616448592,0.6674242048950665,0.6221780136403312,0.6654310953442081,0.6372419428325161,0.6664180735228874,0.6396313076015417,0.6635199449405786,0.6263017676055862,0.6726547573190944,0.6503820963769625,0.6803764551004937,0.6458717851926528,0.6650002345490634,0.6296184221936962,0.6693453740004649,0.6627543588278538,0.6703228889877503,0.20024055297858637,0.24306441215659466,0.20080520190615073,0.24234024256559167,0.2059881422772252,0.25213041990217233
0.6,0.6,0.6,0.1208791208791209,0.565,0.565,0.565,0.0,0.6380268292421214,0.6324036619442546,0.6355615432086406,0.6350464683332226,0.6307360148892301,0.6546073676970509,0.6546060387568563,0.6378898478036569,0.6405566700453594,0.6403706341467039,0.6417422973748315,0.6479742297842067,0.6518901905072882,0.6568303705396769,0.644654137523652,0.6351016509292686,0.6528798546757811,0.6402718364278172,0.16857486419597967,0.14905019848016984,0.170178564417776,0.141072153451063,0.16685892423681273,0.16300748286712513
0.635,0.635,0.635,0.0904560179416894,0.535,0.535,0.535,0.0,0.6408900101759657,0.6334734610291768,0.6151678736849147,0.6348074480838392,0.6478392867841738,0.6524508573228347,0.6550957748082304,0.635405801850314,0.6132709089725621,0.6497432102065622,0.6409173931431992,0.6546635218163667,0.6598535189157543,0.6519151910816229,0.6345653082880509,0.6315949405445326,0.6581303543292444,0.6406056351542434,0.1742829931478605,0.13199004500661665,0.17205137861428155,0.13191311889884028,0.16512485420174616,0.15475204704143036
0.59,0.59,0.59,0.040374488004681,0.5,0.5,0.5,0.0,0.6089337056374402,0.6320753846970129,0.5677840582065594,0.6276133430006392,0.617423680145879,0.6265770083209393,0.5923751881513823,0.6293264891553154,0.5794188709703724,0.6305847060899663,0.595795197319939,0.6362268309218055,0.6081540351596137,0.62249366692749,0.5872446059465248,0.6249281369333373,0.6343987657099192,0.628074664169498,0.07345077647495526,0.06299951885842933,0.0728694977831561,0.07274536713522159,0.07161271900746004,0.07798717008608376
0.59,0.59,0.59,0.040374488004681,0.52,0.52,0.52,0.0,0.572266868455236,0.5889348641302299,0.5554289324373333,0.5914234244612391,0.5888735171263794,0.6118711961471257,0.5815456148749503,0.5856928923071903,0.5561690969898737,0.6019589545519295,0.5693446139208089,0.6095066844868513,0.5818194229971573,0.6136926201022221,0.5552721176607924,0.5871274221270844,0.6068708778287145,0.5938219946074444,0.05726892876603081,0.0283481129536578,0.06910608482082306,0.023820724958955906,0.06121439346234507,0.053532170174372506
0.595,0.595,0.595,0.0280777537796976,0.565,0.565,0.565,0.0,0.5772830112560863,0.6497414942063128,0.5770873745917229,0.6495539428107162,0.6013673319064438,0.6518400658370281,0.5754343761076496,0.6546936202378812,0.593215925474247,0.65404647287188,0.5867044797610247,0.6591056405842328,0.5880063157322266,0.6471577967580483,0.5837586620110717,0.6508299979517254,0.6024435383552362,0.6477936316889943,0.05579063781226085,0.02376685811198257,0.050825990771287466,0.023975698657750042,0.055040824203898435,0.041992458902691626
0.57,0.57,0.57,0.0372775103548641,0.55,0.55,0.55,0.0,0.6199241269660435,0.6469712227550111,0.6025718493352983,0.6490367634401926,0.6263878288942161,0.6504253453667808,0.5988776305864444,0.6555591906915519,0.6107873506389556,0.6564733077330225,0.6031094696016811,0.6639602635310224,0.6209015038406518,0.6434562058513736,0.6135379014409834,0.6419518669044404,0.6230908290162599,0.6502333866977382,0.09858077050851641,0.1056804719670746,0.09454971740369483,0.09718773113967573,0.08537519897265601,0.12414194993321259
0.58,0.58,0.58,0.0264255910987483,0.52,0.52,0.52,0.0,0.551446052516683,0.5752338660576377,0.5500050256710047,0.5704230701403524,0.577053232855717,0.5746965683651672,0.5327404986387781,0.5751889894881206,0.5617518363956373,0.5782546633916527,0.5374572621347858,0.5793235986270822,0.5668307280843298,0.5740302194686772,0.557924671400749,0.5720877183097307,0.5605506222693196,0.5721230739151569,0.07248601112239875,0.08250131188237121,0.0550752862748673,0.06504495022523542,0.051762174644762356,0.08963729715062611
0.62,0.62,0.62,0.0311065782763895,0.565,0.565,0.565,0.0,0.5560380991331231,0.5557318832735677,0.5780165233029873,0.5504302384198718,0.5704902902827688,0.5448630216307493,0.5665729752442847,0.5520241672040801,0.583569437088071,0.5521799439976404,0.5610866625781942,0.5535142735944755,0.588425705707741,0.5436837109885353,0.5811668843216814,0.5539995286736326,0.5558702125451196,0.5486426015966319,0.0783084019668063,0.09961151856368604,0.058765116044538705,0.08671395826364713,0.05307507159801306,0.10751068032651205
0.52,0.52,0.52,0.0208078335373316,0.575,0.575,0.575,0.0,0.6103031035713801,0.5868576200252972,0.6246303246896604,0.5833052412419587,0.6277980136519926,0.5787309655622531,0.6017644586481103,0.5856318172252802,0.6432735348085136,0.5894387586241808,0.6041773276263086,0.5885639817978615,0.6345050727490217,0.5770864920488843,0.6397745310235348,0.5808431239318865,0.6082085993709024,0.5823904613981533,0.0703291239585916,0.09715605990921525,0.054794279127982,0.07519021521375212,0.04739588361287628,0.11465509426448534
0.545,0.545,0.545,0.022976164913034,0.665,0.665,0.665,0.0,0.6197860436068089,0.5961010464600521,0.6125260343645786,0.5997946117188924,0.6248079093565234,0.6091994202767209,0.6114624226494152,0.6034406002273213,0.6185172378640275,0.6075030133082665,0.613628933403794,0.6130672543893871,0.62949111683933,0.6104650112289669,0.6207777830157463,0.5934539390722198,0.6078550253463881,0.6000452500460636,0.07221285550309998,0.10156148292874684,0.056366658575819836,0.09309404504040555,0.04541492266094294,0.1172039822384646
0.55,0.55,0.55,0.0234375,0.64,0.64,0.64,0.0173331513579911,0.6440584823818702,0.6440209453797757,0.6237771539680164,0.6455226056898006,0.636872883799461,0.6551566970718258,0.6408422463059181,0.6485945797984549,0.6338531966300475,0.6511282332212044,0.6493255875075798,0.6551198605157017,0.6461043045011794,0.6549012891693905,0.6426936537262014,0.6408565660928214,0.6579591229603776,0.645017770448213,0.08890181906909359,0.12567901762310782,0.07687786945430805,0.12122276710343445,0.06952382150120245,0.13214381356671284
0.65,0.65,0.65,0.0352811466372657,0.635,0.635,0.635,0.0771175726927938,0.6252486693650808,0.6562925295713361,0.6173579977380376,0.6535770417114856,0.6384069402995526,0.6603614819763299,0.6255107776046482,0.6629685278974208,0.6203027869953371,0.6589170452695494,0.6289630451448283,0.6625937854177559,0.6446211503674885,0.6597811495477662,0.6361792114054655,0.6555464283011609,0.625678658670971,0.6542322656880936,0.09531173651061832,0.11901100054815521,0.08248161380949033,0.11190994016518682,0.07768444912011893,0.13406650357992367
0.695,0.695,0.695,0.0,0.69,0.69,0.69,0.0968681718863803,0.5994930587893649,0.6226893886048066,0.5666905559790862,0.6211271036305744,0.5934821052453523,0.6125039576762605,0.5876785778438667,0.6259055396687261,0.5669659078683836,0.6157416935944827,0.5857385596779096,0.6222938352109015,0.586616266799539,0.6113547630182041,0.5822758371176211,0.6219870469456006,0.604790533045834,0.6197198252350873,0.02055438215066349,0.044996008480922396,0.01637356274713049,0.04779439041142956,0.012462131693408074,0.05265940422628827
0.685,0.685,0.685,0.0,0.73,0.73,0.73,0.1697416974169742,0.6036846594394565,0.6093350534034683,0.579184075836596,0.6094732039718725,0.5964063823462955,0.6079808312849901,0.592653935376761,0.6096338812084137,0.5765510405003135,0.611562113922341,0.5762890740786552,0.6129685681464392,0.5913955409948131,0.6067498933617854,0.5808447087422841,0.6075620533580455,0.5999684624214936,0.607313934636761,0.018347983178154625,0.03363215145514097,0.015489368045855965,0.03890713603205871,0.015476013455015713,0.03334562592576536
0.715,0.715,0.715,0.0,0.65,0.65,0.65,0.1346272716034119,0.5937128368653106,0.612985835495467,0.5902675246945592,0.6131898623381632,0.5922963643881721,0.6058523901704217,0.5962761157696522,0.6111249605718573,0.5814711106593864,0.609230888727563,0.5757679155464679,0.612473340069221,0.5941623934844564,0.6036232545941962,0.5818388844236199,0.6116989474974155,0.5939690263492027,0.6108701669659499,-0.0011795108783344646,-0.0017427083638157296,-0.006217576478710954,-0.003554853995499525,-0.004742435131008721,0.011661979895114168
0.75,0.75,0.75,0.0,0.55,0.55,0.55,0.0917347865576748,0.6601164489022213,0.6432170432649003,0.6680713455166495,0.6412631472576406,0.661844838304503,0.6301630286403638,0.6553643480423271,0.6420326293885926,0.6649860602803093,0.6369482508643443,0.6513551946097422,0.6432201291498563,0.6570803585764339,0.6267816170695247,0.6659794162162842,0.6341423385524374,0.6557152846090334,0.643038559109523,-0.0032758704830623507,0.00841879033538459,-0.0013006557609831781,0.007647075097520035,0.0017602372573600597,0.001991945635447685
0.72,0.72,0.72,0.0482664853840925,0.585,0.585,0.585,0.1231776885696175,0.6303797457799628,0.6533712895174332,0.6070948905254339,0.6524560462505614,0.6246462335023232,0.64300810678162,0.6355753669117158,0.6464142165260458,0.6138266939018987,0.650097461210092,0.6216826028691737,0.6526755810588738,0.6222171704974493,0.6418394098001463,0.6192483819368588,0.6514415862795782,0.6200043478275137,0.6535814704164866,0.005726756899504236,0.009834058719362687,0.00454131370478198,0.0025730089909559257,0.007207797088838729,0.009658783136788184
0.745,0.745,0.745,0.0545050055617352,0.6,0.6,0.6,0.1208791208791209,0.6247572423482182,0.6292626700398669,0.6290559864787714,0.6320844127536849,0.6472518059313439,0.633533389060583,0.6310946274735288,0.6272497175760666,0.634376953212019,0.6348272263891155,0.6173456214402733,0.6393817331410725,0.6218445019899373,0.6306261167446281,0.6351156709183974,0.6332371105790188,0.6355617925971679,0.6347185323085535,0.025714341592880233,0.007962583883373243,0.02426884420273229,0.0058599767756113705,0.024732359393017912,0.002921984780294978
0.745,0.745,0.745,0.102112676056338,0.635,0.635,0.635,0.0904560179416894,0.6970153889157937,0.642552036412669,0.699872872554219,0.6374643093841473,0.7178885227539188,0.6274504059152117,0.6901981891574696,0.6436264431800996,0.7009915641310507,0.6334785989483774,0.6809371633240411,0.6312410177015995,0.6898917410679147,0.6286947515626539,0.7183522078824675,0.6524428699486092,0.7062398916973198,0.6379217638748389,0.14881176364374413,0.03197209187910416,0.13850045463856248,0.026833886913833174,0.14086625872152492,0.02910657951055347
0.69,0.69,0.69,0.0795724465558196,0.59,0.59,0.59,0.040374488004681,0.6548096652620347,0.5948059463272938,0.6814247013288218,0.6027188684417587,0.6747706324846746,0.6085275768065406,0.6701781478254127,0.5931673720447115,0.6668004355977152,0.6056614364583705,0.656176396768625,0.6086873523988375,0.6727982843753492,0.6109134996022401,0.6828521953586834,0.5989011675109033,0.6701943461499698,0.6034225006583672,0.1421457761970458,0.021265075802908748,0.13405086322563628,0.021703777060239408,0.13830836724251286,0.022153648654609677
0.675,0.675,0.675,0.1064063788836954,0.59,0.59,0.59,0.040374488004681,0.6905502744412169,0.634301913732826,0.6869159528425228,0.6346505663443511,0.6961187660913957,0.6279202934132209,0.6817382811311875,0.624910945362165,0.6892944076764951,0.6325497586165448,0.6731782422419009,0.6306139025132829,0.6813461990049612,0.6286947515626539,0.7012287307571295,0.6262970766770574,0.6957186414580118,0.6349864828739833,0.1847690465882846,0.03442587597181694,0.18194062567771419,0.032939724519696935,0.1765014784761098,0.028355791279708758
0.62,0.62,0.62,0.08521906596052,0.595,0.595,0.595,0.0280777537796976,0.6569496275169909,0.6051314248999431,0.652338298401515,0.6074402441192026,0.6666075839058696,0.6093652067374167,0.675973341064662,0.5970763449305135,0.6476867623497379,0.6070875715541255,0.6576491703945416,0.6114491296386968,0.6687975871534925,0.6128567087670901,0.6603355576363468,0.6023082440434288,0.6732318113868457,0.6096539324443015,0.14891457941715566,0.00986473804124392,0.13896189516718127,0.01062354407682261,0.13696179225917313,0.009521785787586291
0.665,0.665,0.665,0.1021173948003216,0.57,0.57,0.57,0.0372775103548641,0.6975500157031662,0.613787422570144,0.7052228142811711,0.6165178610924528,0.6988769849127644,0.6000753667632703,0.6923556832964466,0.6080311714693115,0.6927007793507272,0.6076535606723055,0.7005383922977566,0.6077726185765806,0.7076280183142919,0.6032910403228411,0.7188524134970419,0.6181804198264738,0.7090318620929185,0.6180115749544448,0.15869695615538962,0.045319352453723066,0.14600492752538635,0.0464516283386862,0.15659008837981628,0.044508680014324155
0.74,0.74,0.74,0.0997229916897507,0.58,0.58,0.58,0.0264255910987483,0.6821532628957362,0.6165440654440117,0.6857322445852285,0.6197695956694736,0.6885977082936033,0.6128286121078493,0.6770481127634012,0.6156746455656402,0.6828867092722193,0.6176023898067111,0.6790556650779881,0.6212681180130708,0.6861556893078403,0.6142313160389674,0.699220211352141,0.6121842473452541,0.6901424873304555,0.6207370240699577,0.15946470504262572,0.0014035584906222339,0.15099007862486752,0.0018119208727136143,0.15997423060175225,0.004970158847852148
0.73,0.73,0.73,0.0951742627345845,0.62,0.62,0.62,0.0311065782763895,0.7169262914668263,0.6590391708689433,0.7088573084246433,0.6555449794356825,0.7017678626860214,0.6239855972246677,0.6937465530098826,0.65227491698431,0.7087699710907706,0.6453557677800066,0.7144780598132389,0.6396331145590549,0.7092349611360959,0.6213562570334784,0.7315708079851557,0.6570500272424448,0.7284316560620611,0.6548136555939811,0.15239490525649585,0.03431516351559744,0.14835524162391026,0.03648742165891545,0.15452151580506257,0.031835507781113416
0.715,0.715,0.715,0.0471414242728183,0.52,0.52,0.52,0.0208078335373316,0.6239775211481053,0.6237929100247467,0.6271669758967475,0.6111101155763401,0.621003128430822,0.6067888318977561,0.6198940787003702,0.6098564931044799,0.6281199696210715,0.6137117301359399,0.6356216416359868,0.6180046877988471,0.6256204734045321,0.6045091206340293,0.6341790133633932,0.619314909180025,0.6401074663656887,0.6193425630921423,0.0455490483431248,0.029971283184563373,0.04668943324383528,0.0205620321395783,0.04933442166461221,0.021018493116037082
0.75,0.75,0.75,0.0,0.545,0.545,0.545,0.022976164913034,0.6274675698791059,0.6217252342070598,0.6188332811172529,0.6215367586835229,0.6302633072510414,0.6338054179123778,0.641121637442014,0.6244871219503783,0.6278482650652677,0.6342104395871787,0.6208975159882663,0.6333461975425578,0.6379469969912087,0.6306534682158823,0.6235100988187086,0.6195150916283609,0.6252601936511897,0.6276723882638007,0.009029169634785516,0.008426303731595943,0.015471632438519794,0.004860622853122122,0.010083355835124609,0.008287747148464714
0.68,0.68,0.68,0.0,0.55,0.55,0.55,0.0234375,0.644882166696812,0.6075036533987599,0.6256744992763766,0.6099905716106059,0.640708687577961,0.6168438812859877,0.6520865947934052,0.6108909070269093,0.639672444460466,0.6100419857977787,0.6491162193000194,0.6111474193639144,0.6465076383381813,0.6160539239170905,0.6436965745259272,0.6119675697302736,0.6475639258034054,0.6109420522624563,0.0015785826328153089,-0.00777401808509579,-0.0005989198470322013,-0.01076838683055532,0.0006701934988185316,-0.005299851701374067
0.7,0.7,0.7,0.0,0.65,0.65,0.65,0.0352811466372657,0.6287472067297726,0.6116705127040541,0.6111883291330902,0.6048560972721031,0.629256509801197,0.6078844979561361,0.633950267839627,0.6148067358877165,0.626826224197529,0.6081009190814557,0.6318390320424222,0.6035842430630829,0.6281697783254964,0.6105632544043293,0.6228207126130736,0.6111395193551619,0.6386346514116229,0.6075541087311007,-0.006746031069477524,-0.025614619799769308,-0.007528072894071424,-0.024841902793961847,-0.0017451981740539396,-0.016854851425743896
0.69,0.69,0.69,0.0216190626479407,0.695,0.695,0.695,0.0,0.6380283744858926,0.6119115360206545,0.6241445375025187,0.605794971939993,0.6320104087590513,0.6053801375301385,0.6190298943224443,0.6140076543610906,0.6232898812045659,0.6131255784198282,0.6237163131484087,0.6068085099589302,0.6168363899311016,0.6071077080748106,0.6401697566909463,0.6060343062688108,0.6380830496989254,0.6138952687596538,0.028983883625641124,-0.006186796571758434,0.021837332725540042,-0.006182091437006847,0.02832473060629827,0.0008686544460795656
0.69,0.69,0.69,0.0216190626479407,0.685,0.685,0.685,0.0,0.5917120199777235,0.5743164878139917,0.6022197072693259,0.5735979213567788,0.5982528684424008,0.5817379816176315,0.6046462557522481,0.5739106824403795,0.6035660522753992,0.5757213036521704,0.5969046917869432,0.5734857980968694,0.6026468235778046,0.587137282551469,0.612142896273923,0.5767657706023118,0.6009998877126073,0.5773360571122623,0.017148889927849607,-0.022083608021437256,0.0035719028724879175,-0.02057617739462593,0.011624693031539384,-0.015420820482513121
0.73,0.73,0.73,0.0261496844003606,0.715,0.715,0.715,0.0,0.6184163575443242,0.5946737984483771,0.6323495115786641,0.5948579519002163,0.6186425778000291,0.5934841907624157,0.6058140525615872,0.586454401416876,0.6227748300178607,0.5887028913300335,0.6000493516447325,0.590083105802615,0.6151721737524396,0.596511821111505,0.646618804537858,0.5864327629293675,0.6219649549741307,0.5957796972332616,0.03438956340715099,-0.014169083141528522,0.030088043420036938,-0.01637542448534308,0.03552934787579922,-0.013974142722735332
0.665,0.665,0.665,0.1781157998037292,0.75,0.75,0.75,0.0,0.6559671999251572,0.6731264481136886,0.6560260487679269,0.6642180026591268,0.6605611540283015,0.674303904821368,0.6683743242780178,0.6705869933040906,0.6635520886723808,0.6708322874894829,0.6650869246488095,0.6737089981513951,0.6667428825667867,0.6744169344638429,0.6648086037724561,0.669809909410094,0.6790879585425742,0.672587430329683,0.3071205101187467,0.26797713499195497,0.30401427854256785,0.26877996705692997,0.3125091100334579,0.2674373144510969
0.715,0.715,0.715,0.2519685039370077,0.72,0.72,0.72,0.0482664853840925,0.6563514656347911,0.6756478194559054,0.6504610937395979,0.6706005202747857,0.6544436498738723,0.6805295023427341,0.6618308754389347,0.6747962263024629,0.6500184100113293,0.6748399207867402,0.6537423961862014,0.6771081693196475,0.6594375297098625,0.6840711519959115,0.6590891601375849,0.6777302024602293,0.6635572385917572,0.6774191525326412,0.37805765978194456,0.3018285950944186,0.3786346608216904,0.31220440199852195,0.3817903264974419,0.30767797933736596
0.84,0.84,0.84,0.4451187792613144,0.745,0.745,0.745,0.0545050055617352,0.6439178407059789,0.6669861058119781,0.6485009663352963,0.664462460849397,0.6559039668216963,0.6805295023427341,0.6682665038591542,0.663303458024264,0.6394725198403615,0.6748399207867402,0.6520950193311941,0.6771081693196475,0.6636820298019568,0.6840711519959115,0.6638545159655341,0.6651766281188268,0.6592957967729676,0.6707148109156065,0.36904519987684825,0.26485561013163184,0.3706856403938616,0.27573913621685253,0.3736038207641471,0.28486214173531293
0.85,0.85,0.85,0.4643813604713445,0.745,0.745,0.745,0.102112676056338,0.6705962289874942,0.6936466902118307,0.664113635817017,0.6844537687147202,0.6680325500185461,0.6870725457167202,0.6698055275724919,0.6924042365605648,0.6554180429754891,0.6861515340700955,0.6617980327024722,0.6861926926527395,0.6664544967235875,0.6880331796812543,0.67478266600064,0.6954216559635239,0.6692149446787659,0.6910004032879536,0.3704343653892113,0.25340347982257166,0.3737462636833962,0.265445189653963,0.3736383518823232,0.2775137420862733
0.82,0.82,0.82,0.3967828418230563,0.69,0.69,0.69,0.0795724465558196,0.6930093692934798,0.7120353111336719,0.7154207831375347,0.7041243873167484,0.6932662965778043,0.695841409229416,0.7016271195421556,0.7085006210905228,0.6887840018200315,0.7035074803125486,0.6905206067388376,0.70451518187492,0.6951602742536761,0.694548496722186,0.7195946877086654,0.7118340666719254,0.7115593794750372,0.7063567232007786,0.3823779057202179,0.3065707790622911,0.3791845036245318,0.3189657309336198,0.3826125713579125,0.3244017948943548
0.725,0.725,0.725,0.2728714965626651,0.675,0.675,0.675,0.1064063788836954,0.7410828361956846,0.716437137827893,0.7517511582691289,0.7070635403514938,0.7419255380643527,0.695841409229416,0.7546561224955627,0.7150474467309719,0.73790194885232,0.7064186350462438,0.7434578703688474,0.7068507034689026,0.7462945788770169,0.694548496722186,0.7538409732553439,0.7146076906767271,0.7485994354468933,0.7061039851816621,0.3835598659670219,0.3448858683122579,0.38298943867557733,0.34612759526305154,0.38509273934701294,0.34874516127169763
0.685,0.685,0.685,0.2350655658086451,0.62,0.62,0.62,0.08521906596052,0.7552683991014812,0.7119179310506927,0.7436030456633157,0.7045231048890741,0.7441009396316982,0.7001582788538203,0.7486229779220328,0.7121167126557961,0.7534197462061618,0.7069961007291646,0.7525250875322281,0.7109850897114326,0.7558920623153966,0.7010550205912797,0.7542288838794947,0.705381113272969,0.7635618394017761,0.7101474241391269,0.3873485467961262,0.3354990793313325,0.38612117310403954,0.33954588208063835,0.38924428725766974,0.33902219957150026
0.65,0.65,0.65,0.0352811466372657,0.665,0.665,0.665,0.1021173948003216,0.6308452799239673,0.6632639021305098,0.628889811060636,0.660355966113748,0.6263728904798217,0.6434025277681509,0.6355262533131333,0.6621327501577073,0.6317718043153708,0.6520295469418947,0.6341881145624534,0.6567270424728103,0.6378974569168276,0.6442453323619738,0.6402411989159136,0.6685279582173222,0.6379693605822424,0.6609854721129778,0.05396018608004471,0.13796314018174882,0.05406711937403453,0.12409348039204661,0.057285385912242505,0.13227872221938647
0.56,0.56,0.56,0.0573111944295661,0.74,0.74,0.74,0.0997229916897507,0.6722414513497139,0.6300682767267594,0.6563095882321607,0.6312854067114919,0.674111593121568,0.6194960480456465,0.6585040211043617,0.6296611270669872,0.6628978014824044,0.6278290160610033,0.661193833555548,0.6290706815501151,0.654980985182443,0.6220603692401097,0.6672101990567405,0.6404622860464572,0.6739368569160943,0.6348651101718036,0.22911977977677006,0.10441802396241621,0.22266076915736163,0.10388061365828627,0.22393706527384438,0.10628722540404764
0.51,0.51,0.51,0.047156052503646,0.73,0.73,0.73,0.0951742627345845,0.6203663009471049,0.6289742299219337,0.5991499103480814,0.6269111818817364,0.6193735912620402,0.6187241537906157,0.6132877044532445,0.6239715465576205,0.6095615201165219,0.6256610822877381,0.6117024846449179,0.628381691648481,0.6022745370339753,0.6214115712571204,0.6013019984725445,0.6349945275089169,0.6198832323646342,0.6326272284228405,0.13874647752920669,0.11151217068161985,0.14179687697589716,0.10847851281909948,0.14045132064752786,0.10897841263303436
0.475,0.475,0.475,0.0748898678414097,0.715,0.715,0.715,0.0471414242728183,0.6997191695634067,0.6826363305306739,0.6870767663987262,0.6900789283447217,0.6922579211737488,0.6955625764931622,0.6894375846491523,0.6845730501006545,0.6951359882774522,0.6991655399257758,0.6969592906243699,0.6997950728930292,0.67919102195678,0.6970513632557934,0.6879519801482699,0.695246110876347,0.7037155002993299,0.6951397587164361,0.263182546816957,0.32086443298512063,0.264410486013797,0.32634804953904084,0.26570112241806165,0.3191256624127414
0.51,0.51,0.51,0.0858208955223879,0.75,0.75,0.75,0.0,0.6677922813040772,0.6831236193100108,0.6544465273464232,0.6865070366621049,0.6643638499815454,0.6955625764931622,0.6623292442682168,0.6796375671884365,0.6620963259955406,0.6991933185289366,0.6669844919006139,0.6987971487256606,0.6618955655503516,0.6970513632557934,0.6499485873310922,0.6827763010055675,0.6662540872962898,0.6911133978240935,0.25021069273829316,0.3041998818758671,0.2548672502882998,0.30837270875236333,0.2524639196889934,0.30259375772890684
0.555,0.555,0.555,0.1252211519559662,0.68,0.68,0.68,0.0,0.7241998095470569,0.7259479707096358,0.7094406732031713,0.7218718866024273,0.707812701232978,0.7020983458642662,0.7162063224316115,0.7176929088817076,0.7083884171437187,0.7201092555921762,0.732394276321051,0.717649713717649,0.7086436393685113,0.701731142156122,0.7064244702351691,0.7278467876174572,0.7284976182117544,0.7201884948007738,0.28849568026772676,0.3573907667962809,0.29688153696008346,0.36012746995954725,0.2940072656315272,0.34333048429492935
0.535,0.535,0.535,0.14694551458448,0.7,0.7,0.7,0.0,0.7335299702469552,0.6794087389731511,0.7239874136053848,0.6878516625144419,0.7229620143465952,0.6976517075244051,0.7237179003252466,0.6831461150523234,0.7208633804860832,0.6912917777161522,0.7266566578976076,0.6929002074760143,0.7171189200340012,0.6988026248451246,0.7210002887432525,0.6861473958600733,0.7340571728173456,0.6876174444591222,0.36458908645270666,0.32623636974293324,0.3683086524443955,0.3245226853693323,0.3639308522501641,0.3253187764176188
0.555,0.555,0.555,0.1583128428220163,0.69,0.69,0.69,0.0216190626479407,0.6906992720533325,0.6736154576346234,0.683132802459089,0.6718987894176921,0.6775529682189206,0.6805295023427341,0.6938791786949529,0.6752746027161523,0.6714268782819178,0.6720308474890564,0.6914153883197024,0.6721419186409524,0.6909380586452673,0.6840711519959115,0.6850479762051399,0.6736143675909395,0.6950524574900492,0.6733939215072233,0.34887072714097583,0.30444245951170285,0.3579567336196684,0.306564275235188,0.3541115073593343,0.31629557143778414
0.61,0.61,0.61,0.1862284820031298,0.69,0.69,0.69,0.0216190626479407,0.6717237396212409,0.68615757669851,0.6671425996923188,0.690433714487569,0.66756222330285,0.6976517075244051,0.6796753514913939,0.6767182342983002,0.6650269639497838,0.6898452152052423,0.6843931900456321,0.6915281420629101,0.6765816060500582,0.6988026248451246,0.6703576461090828,0.687104140606775,0.686096268323068,0.6875596352663491,0.34767077415941383,0.31883773062493714,0.3549998904469972,0.3146695103047886,0.3512659629046615,0.3170153460235014
0.605,0.605,0.605,0.2036290322580644,0.73,0.73,0.73,0.0261496844003606,0.6991477212298751,0.6879497406701865,0.697614370033323,0.6840124072241448,0.6955959961880629,0.6966461432385788,0.7098591452577437,0.6845055697441723,0.6864899612293581,0.6873803847415529,0.6944010739682653,0.6885436949832838,0.7047244177112518,0.6970379823282166,0.6949384393429175,0.6923647929072438,0.692327954080254,0.6830598216032487,0.3494710838326948,0.300507915887943,0.3554353090462684,0.293468808699106,0.35043290868179977,0.30878741790948333
0.59,0.59,0.59,0.1731370374105071,0.665,0.665,0.665,0.1781157998037292,0.6467202837937115,0.7063005442858876,0.6624795596266814,0.6984352427382672,0.6443070811471056,0.7113379588240314,0.6641010233210072,0.6949347692716152,0.650931237337637,0.7027455889195706,0.6428255259696138,0.7083570285184632,0.6557655830621011,0.7105186676537316,0.6490685336012545,0.7086841410243229,0.6455666676902857,0.7031732074404285,0.33549837101391605,0.30644239912923726,0.34367567996645876,0.3097208787804754,0.3387905208701211,0.3181155473922898
0.605,0.605,0.605,0.1675447839831402,0.715,0.715,0.715,0.2519685039370077,0.6078773459887028,0.7271283237692437,0.6063775886190541,0.7182915259437233,0.5929667696133274,0.7167901614497189,0.6013982658897281,0.7121938701274456,0.6020054145229541,0.715105036653785,0.6005513808942937,0.7199536040751371,0.6025748254491343,0.715211827481637,0.5924302801756857,0.7365855274825616,0.6042345917416826,0.7188969476511239,0.2633582798698922,0.31939986283976757,0.28078738378959067,0.3232495334789573,0.2668362078864786,0.33591991610623306
0.58,0.58,0.58,0.1527987897125567,0.84,0.84,0.84,0.4451187792613144,0.6113343292473771,0.7145629306320005,0.639173292129525,0.699711131575048,0.6159858843622832,0.7107815995960759,0.624888828386945,0.7090380552869825,0.6279820813589629,0.7007582100895283,0.608732442204689,0.7075412825954203,0.631232236865208,0.7101074854439854,0.6324862452096497,0.7111891874199294,0.6089506589147312,0.7033941002686843,0.2333752436249338,0.3286864159142232,0.2391246260946483,0.32562173770419045,0.2404749736512779,0.33693973153019274
0.62,0.62,0.62,0.2079207920792077,0.85,0.85,0.85,0.4643813604713445,0.6797365424657569,0.730820810089507,0.6788813734862995,0.7233694555860928,0.6658256408248425,0.7167901614497189,0.6723443502074884,0.7177633170005471,0.6708721436084778,0.7204535233772174,0.6671228343799347,0.721538836121557,0.6631313169830654,0.715211827481637,0.6715924808398315,0.7324300690681369,0.6722028048286265,0.7238432649870207,0.33867961162882476,0.31816564778708023,0.3457663233277426,0.3214553077316188,0.3400944322094943,0.32708170298300526
0.655,0.655,0.655,0.2892459826946849,0.82,0.82,0.82,0.3967828418230563,0.6939773090551284,0.725909028294977,0.6916061216020565,0.7196556899938896,0.6849358872718262,0.7167901614497189,0.6891556342050991,0.7148747051463707,0.6898043244792758,0.7154477023812036,0.6802478350040567,0.7199536040751371,0.6831465015837046,0.715211827481637,0.6836473765681809,0.7292702865076292,0.6821544306011921,0.7209275737730227,0.377908891072714,0.31856140829486274,0.38692241472634814,0.32302978006074623,0.37897452844255136,0.32849787415534853
0.65,0.65,0.65,0.2665549036043587,0.725,0.725,0.725,0.2728714965626651,0.6688071330820242,0.6936522013577293,0.6907049631953641,0.686495285523664,0.6733492281471934,0.6996679562680479,0.6773470850118023,0.692007390106153,0.6748585914691666,0.6883826686827273,0.6610229492851992,0.6952515974975293,0.6804458763459951,0.700480354632424,0.6736090655132458,0.6926017729991938,0.6640311512260656,0.6896053732984461,0.3451691639201988,0.33187630427527154,0.35191987613083364,0.3383277538458698,0.3448885320262866,0.33742746193510736
0.735,0.735,0.735,0.3416149068322981,0.685,0.685,0.685,0.2350655658086451,0.7218421356622037,0.7245007758550652,0.7265392676195814,0.7225880625263597,0.7047972523307481,0.7167901614497189,0.7114132763428234,0.7157696897539186,0.7149607952998468,0.7219533707303071,0.7141216168309874,0.7217071551528668,0.7089053025331454,0.715211827481637,0.7088013340885849,0.7256204021874391,0.7131026865644438,0.7231463142650276,0.4172754303586671,0.369013812039559,0.42439316873485405,0.37648455335494513,0.416986324254341,0.368708543590489
0.72,0.72,0.72,0.339622641509434,0.65,0.65,0.65,0.0352811466372657,0.761298714702611,0.7448601578449989,0.7579300069446182,0.7350947280915526,0.7444892724097283,0.7167901614497189,0.7437416942187334,0.7390842749103813,0.7500934364947613,0.7283634360504092,0.7611856244770361,0.7260093944578947,0.7460098942168927,0.715211827481637,0.7456949900547402,0.7473805703249062,0.7600799065416266,0.7337576599575055,0.4129828085870766,0.4007610310165691,0.4196201336531938,0.4017495648811904,0.4175571665435599,0.3810229187898567
0.68,0.68,0.68,0.2957746478873239,0.56,0.56,0.56,0.0573111944295661,0.739441225695963,0.7468360279518598,0.7516287793207593,0.7365413414366458,0.7363510785263044,0.7240842211010803,0.7389414952348882,0.7344798055612733,0.7393851762626487,0.72761195987734,0.7348657178611323,0.7274504868976552,0.7433387240450591,0.7206350839457162,0.7457397762574803,0.748221082958277,0.7345027587881453,0.7365060388831739,0.4007298808611854,0.34315320829840723,0.40727384188464255,0.33902184535106084,0.40066275163482723,0.33891585588062373
0.69,0.69,0.69,0.2491219571272859,0.51,0.51,0.51,0.047156052503646,0.6884386014586558,0.6920714986417961,0.6862818248284883,0.6910044982376261,0.6795799688449234,0.6976517075244051,0.683365325716742,0.6974927178866485,0.6869938009605929,0.6926217719365758,0.6858841324882057,0.6962508451805671,0.692117329206543,0.6988026248451246,0.6857971860522908,0.6989317016622373,0.6921744172600318,0.6914770033369037,0.3367311945869618,0.30613124996891933,0.3460731324491091,0.30460432213370026,0.3418078323991547,0.3217956926740157
0.7,0.7,0.7,0.2380952380952381,0.475,0.475,0.475,0.0748898678414097,0.7164278445024369,0.7161322895860561,0.7154567330810572,0.7102166525462084,0.7100638412675834,0.700752859165543,0.7109372467744332,0.7110692212409222,0.7134418198039292,0.7089691664756185,0.7188200178230462,0.7091201655403788,0.7270391887025941,0.7004559432553312,0.7209373600491876,0.7160282860452466,0.7216800054669157,0.7121841473820587,0.34352885537296274,0.34683038710022324,0.3548067338682752,0.34569808636290555,0.3478298642230146,0.35251418839102466
0.69,0.69,0.69,0.1288464240550793,0.51,0.51,0.51,0.0858208955223879,0.5864325053598642,0.647288172857885,0.6051807784050469,0.6381608281609512,0.5960533660223927,0.6373817578027764,0.599913610405145,0.6385747970863479,0.5877272784106581,0.6422723929176088,0.5970538774735137,0.6490457872960899,0.6060351292323857,0.6366160476783426,0.608122538982767,0.6384697166535104,0.5804528125232084,0.6430000039348974,0.07765108356502855,0.10241125904291044,0.07808592277120732,0.0981660544672734,0.07956764133247365,0.10588837938451531
0.675,0.675,0.675,0.1064063788836954,0.555,0.555,0.555,0.1252211519559662,0.6002551391349822,0.6632575254845009,0.6012829644696153,0.6515691070362333,0.6131664139341118,0.6444807056394289,0.6159565256285889,0.650746361346453,0.5943047827926147,0.6510740177230304,0.6070799019889519,0.6561753181508742,0.612630581457934,0.643672611572183,0.6095027852825917,0.6550524911347375,0.6010872688811346,0.6546341043447824,0.07981699845802209,0.10533488372021602,0.07774923015388881,0.09913748777145237,0.08282011761577347,0.10802950883124253
0.625,0.625,0.625,0.074074074074074,0.535,0.535,0.535,0.14694551458448,0.5737236768241459,0.6326733892115164,0.5841260582793733,0.6263748823183566,0.5836692888149898,0.6266875090795974,0.5815528134806346,0.6285501570772107,0.5690066727039323,0.6252080366980496,0.5721951299565531,0.6312348014233302,0.5844513550005151,0.6275023512830659,0.5853296423132891,0.6265421518366132,0.5684495399426848,0.628445663423083,0.08020348205886212,0.09355623517461058,0.07289270742178296,0.09166354874682771,0.07801973475572788,0.10192358666282195
0.625,0.625,0.625,0.0869247626004381,0.555,0.555,0.555,0.1583128428220163,0.6419311515248807,0.6772744259051974,0.6433318294176811,0.6736356817715976,0.624352630525848,0.6538961776800375,0.6254220151209892,0.6779019479699427,0.638923140062728,0.6671071205288781,0.637251330858943,0.6706294436725627,0.6290650426971621,0.6520929627359418,0.643449126021013,0.6815920586849143,0.6377361177269351,0.6745562684290985,0.14598541314275068,0.1634532455781893,0.14126999634117318,0.1692507415461573,0.13477656010194525,0.16712987491474174
0.63,0.63,0.63,0.1011781853516338,0.61,0.61,0.61,0.1862284820031298,0.6538085934150032,0.6572254816031502,0.6538033102822473,0.6526249460740104,0.6497591839586329,0.6392043620945849,0.6492939320691128,0.6480172859988894,0.6532667507973633,0.6531883453738705,0.6456082643245952,0.65628729649354,0.6477410491800569,0.6386122774104267,0.6443969071505938,0.6532775245269669,0.6413831864679135,0.6544145656540287,0.1539554255411297,0.12238957036531072,0.143833009757119,0.12290995472653773,0.14584171647259683,0.12627328876148164
0.655,0.655,0.655,0.0980392156862745,0.605,0.605,0.605,0.2036290322580644,0.5697094378935105,0.6390783068140955,0.5923997275110334,0.6379729241086469,0.57930198625368,0.637218386164844,0.5963169363985533,0.630711861199865,0.5810506721238925,0.6386952828859168,0.5900069257777845,0.6427145607958324,0.6004159689229932,0.6379609461091591,0.587690979408709,0.6416577634763297,0.5828547787869091,0.6426511774420904,0.1329626166500306,0.13487449486916156,0.12681102470790429,0.13902771688139537,0.12935702221079745,0.13595257951608664
0.65,0.65,0.65,0.1095280498664293,0.59,0.59,0.59,0.1731370374105071,0.5337017398053212,0.641627705234485,0.5372620847255123,0.6442688886243886,0.5390597548194661,0.6418225585185535,0.541667921402009,0.6373004566483669,0.5293128562519804,0.6437407245617238,0.5261326896544258,0.6472174335077288,0.542864927109476,0.6419611904478396,0.5306750099466683,0.6379525033794883,0.5311900129592947,0.6468901219462427,0.0702596641536651,0.1489971752656671,0.07675113609468388,0.15770263857693992,0.06932756393353721,0.1514688161729383
0.625,0.625,0.625,0.0992073024261348,0.605,0.605,0.605,0.1675447839831402,0.5625683420054519,0.6448298229731038,0.5685070374590936,0.6390555094685897,0.5471533750829697,0.6391716039370738,0.5567213875454785,0.6434185490277947,0.5360948261996272,0.6426541052237048,0.5616790256321518,0.6437663821090258,0.5613389527445176,0.640580205675552,0.5389061558652252,0.647569729728464,0.5552983581501925,0.6445816649959356,0.08478387094804463,0.182734334576639,0.08879103442201214,0.1852054601076685,0.08278948940095926,0.18082806965709072
0.655,0.655,0.655,0.1248097412480974,0.58,0.58,0.58,0.1527987897125567,0.5960176707028714,0.6923633558540587,0.6214364299357252,0.6789256958922377,0.5967444679919771,0.6621672113232014,0.5990291432896607,0.6841946956815126,0.604409120114892,0.671702541829861,0.5968488071877537,0.6711101469627597,0.609973218183821,0.660395741176929,0.6022731586589979,0.6888581204092064,0.5946962862179452,0.6805146433054169,0.07798228601162276,0.17590067669527554,0.08825270449763249,0.17591149840597994,0.08437197365047525,0.1749800196380116
0.68,0.68,0.68,0.1236478159660413,0.62,0.62,0.62,0.2079207920792077,0.5822308718087648,0.660919862435623,0.6112807994583207,0.6512903641971134,0.5854111136437011,0.6462169969405956,0.5848170429985552,0.6527095443349982,0.5944165132666007,0.6494799752393943,0.5884129089906238,0.6511231489527132,0.6100918558557445,0.6451290012976495,0.6036468616330427,0.6571658039008266,0.5834274081013491,0.6544658754240764,0.08604475153517177,0.10882966622117829,0.09215933650667801,0.10165606433748872,0.08486796227914459,0.11106036925778953
0.695,0.695,0.695,0.0989660265878875,0.655,0.655,0.655,0.2892459826946849,0.5774948510479264,0.6788786973974869,0.596268989415048,0.6705292766185545,0.5805171837762543,0.6617926896166088,0.576521892211674,0.6654301863174872,0.5732114769130662,0.6651629916034228,0.5727066383701593,0.6652842111735592,0.5934380207801524,0.6584896289945903,0.5809366363288163,0.6764017322865806,0.5689798655040219,0.6696947505674726,0.0967108404694242,0.1246646729402828,0.09994853027698938,0.11983169052317261,0.09740165908201746,0.12909279470614576
0.695,0.695,0.695,0.0626920712968653,0.65,0.65,0.65,0.2665549036043587,0.5492652586360917,0.677262873257363,0.5726695212045503,0.6752253525562836,0.5596940049132045,0.6537222827762711,0.5726875043283256,0.6714187217352863,0.5636435173894866,0.6653090259541757,0.5526167925919762,0.6706122408570447,0.5716177878421979,0.6519711633821224,0.5585459213538054,0.6738250510794997,0.5452493373323013,0.6708707930038154,0.03664139456157196,0.10628774615981082,0.03208332093850667,0.09797062432952947,0.03742980697780531,0.10715072818441397
0.725,0.725,0.725,0.0718866014174823,0.735,0.735,0.735,0.3416149068322981,0.5662792483265887,0.683416506913422,0.576011304719778,0.6750230392003392,0.5623402726016185,0.6562288541056863,0.5690012820577878,0.6745566112187547,0.5612100257773676,0.6673196386934989,0.5616898113468307,0.6729826132697986,0.5762944575719706,0.6542235591282775,0.5632703903473573,0.6814041654593855,0.5562749844823278,0.675475334729103,0.06739048264179778,0.11701671832601795,0.07247321460922894,0.1082091910256179,0.07210531930004985,0.11342180379864568
0.695,0.695,0.695,0.0429871352368997,0.72,0.72,0.72,0.339622641509434,0.5376288447877946,0.6583567291815722,0.5426687778323407,0.646504611903527,0.5541217384063901,0.6397913586075125,0.5465052681132652,0.6510935749187944,0.5364439592302684,0.644436816806111,0.540685174357539,0.6481510289001171,0.5572854902246459,0.6402678807290297,0.5414380109152311,0.6534780893481618,0.5275664393728294,0.6478799656017962,0.015475766603724184,0.09810803980175661,0.011320846160876447,0.09192958978825268,0.01619438071418487,0.0970758518555849
0.73,0.73,0.73,0.050632911392405,0.68,0.68,0.68,0.2957746478873239,0.5612590193856577,0.6458359682397259,0.5464557909060772,0.6427444813974572,0.5546090997438449,0.6328041065370189,0.5425310401047564,0.6376921297493551,0.5472994786887424,0.636357026822535,0.550345686317384,0.6401707637174072,0.5443676372631363,0.6333159296010488,0.5429602477398945,0.6450656087246169,0.5515089883123426,0.6444145612068455,0.016166174369367098,0.0895238337115829,0.014687836159622148,0.08969694895425731,0.01236241820208193,0.09169231105189705
0.75,0.75,0.75,0.0289376577976304,0.69,0.69,0.69,0.2491219571272859,0.521877652280215,0.6442396212708033,0.5256952730339434,0.6349889022781254,0.5279566153137462,0.6343448260375321,0.5341922476202782,0.6313164141161103,0.5161361637203393,0.632241805359873,0.5161103817071736,0.6377874162269351,0.5293790369157871,0.6354386144152037,0.5204052147933906,0.6427258037483056,0.5217427440292167,0.6393288120532634,0.013090793939963674,0.06542225031142766,0.014476944373846013,0.062166898480983626,0.012436487151309865,0.06787849265625717
0.76,0.76,0.76,0.0588235294117647,0.7,0.7,0.7,0.2380952380952381,0.5464781355294157,0.6854110033624154,0.54047004387498,0.6796174181016175,0.543338435983881,0.6546247575076852,0.5453266493296894,0.6738016845081538,0.5350439289291148,0.6707531022867292,0.5344866485410183,0.6746816108398197,0.5384911465057494,0.6527444615915624,0.5353239946899508,0.6864809269494001,0.5418129962044967,0.6799784376638781,0.03317258210073934,0.15043273281795116,0.03084043349089565,0.15168753091949266,0.03099821856572975,0.13339232964300937
0.74,0.74,0.74,0.0771960958296361,0.69,0.69,0.69,0.1288464240550793,0.6156326397777038,0.6844517314106546,0.6103553472540328,0.6777915850989806,0.6226264520040224,0.6537222827762711,0.6102000794186812,0.668322090269722,0.6058432163857158,0.6707504424655298,0.6039968419223842,0.6738927112001291,0.6021342859423269,0.6519711633821224,0.6110911773439589,0.6830251119853065,0.6220573215413312,0.6784458921239866,0.04100384964871469,0.14336734106435128,0.030900113937383338,0.1380260467993257,0.027909053363461615,0.13046143103217503
0.725,0.725,0.725,0.0718866014174823,0.675,0.675,0.675,0.1064063788836954,0.5985073382406624,0.6455305530335872,0.600508788083386,0.6380616751452228,0.5965143362580108,0.6306490376324867,0.602629786850045,0.6305605357289,0.5841357332470909,0.6311827311752549,0.6064173876299629,0.6306377714215764,0.5934570153202432,0.6323730725626066,0.5987432779838392,0.6460083847499277,0.6146164632214949,0.639320532284839,0.05835816125012247,0.15956902022112024,0.056146117296842366,0.1578906828338285,0.05411159176005968,0.14696599822871984
0.695,0.695,0.695,0.0813253012048194,0.625,0.625,0.625,0.074074074074074,0.6032592214361809,0.6299103130736522,0.5998325337812973,0.6284504922451689,0.6021998777872306,0.625000976057978,0.5902467272154883,0.6226768497542814,0.5878965607472004,0.6247080954137888,0.5919070451992031,0.6265730693416125,0.5944469823875168,0.6257183836533824,0.6011406191623231,0.6263904135877709,0.5991140369690072,0.624692890084916,0.08483872595253032,0.10653284204961434,0.08844117858597143,0.09984442021706054,0.08665376898198479,0.11169696581220331
0.695,0.695,0.695,0.1315489749430525,0.625,0.625,0.625,0.0869247626004381,0.580642869892412,0.7048734830606396,0.5828155382883988,0.6968279470685297,0.5732877950875763,0.6945570122073359,0.5786433125364314,0.693569141712992,0.5711645201878374,0.6960675819749484,0.5804931669196336,0.6955724114451182,0.5771300713239944,0.6952867207388854,0.5790097356630077,0.708760285730817,0.5784276245857525,0.6969807315678261,0.0844091976491276,0.2843981423813672,0.08253760522129489,0.2818338357563232,0.0776665099498274,0.29039900810285596
0.67,0.67,0.67,0.1042345276872964,0.63,0.63,0.63,0.1011781853516338,0.5958523815053731,0.709216216706597,0.6046566264918978,0.6998357827483407,0.59721155431642,0.6934912738656535,0.6036925400029155,0.6934308145021346,0.5975359541882533,0.7001895473711849,0.6023767202234912,0.6997564770733398,0.6042938694607961,0.6943564070907157,0.5971872118383245,0.7095982002272448,0.5971413063696223,0.7040439169065835,0.09605457978317432,0.30934458693674444,0.09963271994385188,0.30862523740900843,0.09283230294481798,0.31309196487693675
0.67,0.67,0.67,0.1456310679611651,0.655,0.655,0.655,0.0980392156862745,0.64210550201072,0.7077371145128152,0.6449252228010739,0.6925662192447054,0.6350547195772445,0.6996679562680479,0.6465429772532594,0.6901797405697657,0.6314975248468213,0.696115065244576,0.6346827904003955,0.6986148426344259,0.6419250360791504,0.700480354632424,0.6395014960516823,0.7047153787462401,0.6424363654943751,0.6982469482833741,0.09094074867484467,0.30476362281251324,0.09073633744101127,0.311042630254965,0.09335340670686829,0.3170822644010327
0.69,0.69,0.69,0.1577231354435539,0.65,0.65,0.65,0.1095280498664293,0.6663465088967838,0.7252352382800986,0.6772792525590029,0.7114910657170224,0.6658974160838502,0.7107815995960759,0.6767694656959722,0.7217564843665562,0.6637175969866189,0.7111601369981826,0.6644885916256519,0.7154994052414583,0.6777169110799732,0.7101074854439854,0.6736776750639569,0.7211331901931735,0.6579191307519165,0.7161702132049915,0.08736548051993895,0.30985004326322896,0.08776568852196392,0.3103482684361512,0.09117358726149545,0.32192902827723313
0.67,0.67,0.67,0.1701244813278009,0.625,0.625,0.625,0.0992073024261348,0.6684060710497233,0.7168038940400272,0.6605117058292341,0.7060756139787827,0.6588830040192708,0.7107815995960759,0.6669674558630644,0.7153969905108521,0.6640161393557856,0.708371874212348,0.6722449393114498,0.7149809929716853,0.671572635632818,0.7101074854439854,0.6657830798516915,0.7113872217107363,0.6627079939910085,0.7105159831957788,0.092198534519188,0.2986375436901753,0.09033910293271463,0.30343079097437037,0.0935907189486666,0.31403903411247286
0.715,0.715,0.715,0.3338008415147265,0.655,0.655,0.655,0.1248097412480974,0.7120128010477214,0.7104277179745452,0.724365123992765,0.6942859512957323,0.6958220013053673,0.6996679562680479,0.7105148180537031,0.6921733406472886,0.7053418114630545,0.6966237339109587,0.7090649735851812,0.7004319519586354,0.70386742954399,0.700480354632424,0.7178685163847397,0.7076316616243005,0.7125101529568159,0.7001162651475837,0.3104271059051586,0.29956613893132417,0.3089517877538534,0.3030439381347924,0.30922918423438406,0.31346670022944245
0.74,0.74,0.74,0.4050343249427918,0.68,0.68,0.68,0.1236478159660413,0.7184936298334367,0.7046413964678377,0.7345195505374982,0.6913626290948971,0.7119093168454247,0.6996679562680479,0.7200984845070284,0.6908805816718014,0.718749629670721,0.6946022096132525,0.7175562076804689,0.7004319519586354,0.7181253919378897,0.700480354632424,0.7246038767852893,0.701577122640225,0.723524988903329,0.6969239340646026,0.3162746484112638,0.2934309292133475,0.3104230385885745,0.29982191215518006,0.3135733862910506,0.30938817855697637
0.785,0.785,0.785,0.498249708284714,0.695,0.695,0.695,0.0989660265878875,0.6963345890607819,0.6830082008219666,0.7067834256018858,0.6759460553223503,0.6859250973907606,0.6849761406825953,0.6986154338232594,0.6732200230954648,0.6937493205822505,0.6829540822821742,0.6949413344006282,0.6850229850029658,0.6953692408734338,0.6869996693069089,0.7038536161956596,0.6778368690186543,0.6969851291044921,0.6803197579366214,0.4056171717579993,0.305898510836138,0.4129946601410445,0.31443006384423605,0.41004368061507446,0.30806582819175415
0.815,0.815,0.815,0.582392776523702,0.695,0.695,0.695,0.0626920712968653,0.718572338423492,0.7016267786516065,0.7227202745489414,0.691307378551631,0.7075546481578221,0.6996679562680479,0.7167225529952872,0.6906805182886095,0.7087486729032072,0.6946022096132525,0.7019330638805429,0.7004319519586354,0.7152657189015912,0.700480354632424,0.7165462128739511,0.7001812596573251,0.7130458068382031,0.6968838826479992,0.4060399682968746,0.3279825415320345,0.4091598131503151,0.33572125066661357,0.4090627898739106,0.3337569621779227
0.845,0.845,0.845,0.6246973365617433,0.725,0.725,0.725,0.0718866014174823,0.7323253925110889,0.724161245309978,0.7319071249384892,0.7140593660848709,0.7197423434924968,0.7113379588240314,0.7293761708044115,0.7255010418859271,0.7208196786807958,0.7176787652010268,0.7362728119335993,0.7209100286736426,0.7281478483538796,0.7105186676537316,0.7267929996114685,0.729261355706709,0.7309762604290153,0.7204609233048874,0.416493313401957,0.35876398705442775,0.422960688070887,0.36355412625296163,0.4202273202132034,0.35818280245678286
0.82,0.82,0.82,0.5752212389380531,0.695,0.695,0.695,0.0429871352368997,0.7588324764681748,0.7362254604645819,0.7559583529986732,0.7267031965016808,0.7505804242816251,0.7167901614497189,0.7416522775833857,0.7323433214959049,0.7417797752247991,0.7238323852310308,0.7564394803975978,0.7229774292301505,0.7452672509640148,0.715211827481637,0.7468700517754308,0.7388614987261898,0.7546730409365797,0.7285285955433846,0.406023182553328,0.3310108664721637,0.4109368321604103,0.3348080708270504,0.4138819678302935,0.3351045180436378
0.765,0.765,0.765,0.4458854043857581,0.73,0.73,0.73,0.050632911392405,0.7539159214876631,0.7426432677792935,0.7638579450205581,0.7243620678207093,0.7585614823216578,0.7173246429700619,0.7556346760290653,0.7348494792998119,0.7418983649455428,0.7205859740498899,0.7481498097060432,0.7238409546126245,0.7545056327849201,0.7140695131293282,0.7607367996946126,0.7424564390846861,0.7479163916310133,0.7306142419771248,0.40428588379664304,0.3318173309906763,0.40787731219341755,0.3269493376929307,0.4098504032252182,0.3337343112743948
0.72,0.72,0.72,0.3469387755102041,0.75,0.75,0.75,0.0289376577976304,0.741867251075433,0.751598168234003,0.7466742334021143,0.7454290280654683,0.7441231329975878,0.7301620013259548,0.7390893932216411,0.7447908018768453,0.7336167828992624,0.739736412826576,0.7360801236270367,0.7435266317420094,0.7391027048399326,0.7250130506430692,0.743847527733422,0.7529720884340977,0.740679869734847,0.7445806229597105,0.3936170157472339,0.3656169652514882,0.3984785903289761,0.3590431216004823,0.3996040287140478,0.36194679856694234
0.63,0.63,0.63,0.2002593753377283,0.76,0.76,0.76,0.0588235294117647,0.7620765867648897,0.7538156995289957,0.7671296709702617,0.747896743620783,0.7614540957560875,0.7301620013259548,0.7555837565940817,0.7458239051661014,0.754490505208963,0.7408409727254288,0.7603966756021616,0.742322885360215,0.7562538821836842,0.7250130506430692,0.7655723104637869,0.7559968440967157,0.7652732853782059,0.7477654215937719,0.40070458515260704,0.36483563703691085,0.4036495369142847,0.3595447200522591,0.41031266363932106,0.36123858343533444
0.55,0.55,0.55,0.0831295843520781,0.74,0.74,0.74,0.0771960958296361,0.6458473376415194,0.7062582600967167,0.6589383922490771,0.6949075909561302,0.654157181256966,0.6954342284487778,0.6616925046095053,0.6998921224509473,0.650137050300532,0.6941365548877271,0.6458530173248159,0.701235667152282,0.660897036110227,0.6953887965991873,0.6544892637436328,0.7008647958700648,0.6369410786747614,0.7008611616216722,0.08887771856957721,0.29111873911666897,0.08337741482788547,0.28995708110679097,0.09077193950992557,0.30136768240356104
0.44,0.44,0.44,0.0222610213880402,0.725,0.725,0.725,0.0718866014174823,0.6120076629979702,0.7234223535439914,0.6194852529949696,0.7152817955866599,0.6092899890493596,0.7014427903024207,0.6239047951675006,0.7177058137236153,0.6105558379849633,0.7139580602023466,0.6099679294593088,0.7177370613037111,0.6223186018689879,0.7004931386368389,0.6137185362204867,0.721309877036097,0.605180934424602,0.7169530119398724,0.06744086227838837,0.30313107255211047,0.07052989658091846,0.3017287444855914,0.07124627692322845,0.31417575164331113
0.365,0.365,0.365,0.0260736196319016,0.695,0.695,0.695,0.0813253012048194,0.6306197824996552,0.7289411048141936,0.6271202833195285,0.7220324747574532,0.6288494507976479,0.7014427903024207,0.6296099851566025,0.7230204889685852,0.6308453268453895,0.714627703447877,0.6185548178565993,0.717360264077655,0.6282629267361826,0.7004931386368389,0.6254570049258894,0.7294133158047802,0.6251582509887514,0.7219734480118399,0.10099379786955674,0.2924876829176408,0.11100463004941284,0.2855896250876021,0.09684690904005296,0.30252988976922646
0.355,0.355,0.355,0.0249433106575964,0.695,0.695,0.695,0.1315489749430525,0.5945337864418475,0.6997864686395951,0.601851719438602,0.687960766974293,0.6019347873349832,0.6781401532170853,0.6074147964779787,0.6856448826685245,0.5996139059232966,0.6861612401932781,0.585962127513334,0.6896411672222581,0.598247957555567,0.6797134223328668,0.5911747233389909,0.7005460349485736,0.5944600002582785,0.691299349097465,0.07169976560028031,0.2880972898091199,0.07387106044110248,0.28419035968417095,0.06719481947089044,0.29588545790646836
0.41,0.41,0.41,0.062077736268977,0.67,0.67,0.67,0.1042345276872964,0.6804316817315188,0.7145872946459073,0.6793902301940707,0.7070447492998339,0.6794571231576414,0.7000092148330234,0.6804327354687676,0.7035859672281837,0.6811835800342918,0.7056399037790033,0.6826895044054645,0.7035405631670437,0.6731833402523725,0.6999798805667908,0.6660512846566097,0.7153631258072681,0.6852279568994467,0.7111205818952568,0.20916050407246406,0.33289332445006214,0.20827682544748163,0.34217143859591603,0.21031674400474074,0.329099942127407
0.47,0.47,0.47,0.1099168695944243,0.67,0.67,0.67,0.1456310679611651,0.6384615752560852,0.6756849084211772,0.6695741024829385,0.6703885804944105,0.6514352438546398,0.6849761406825953,0.668223139078504,0.6659998099613823,0.6558906678055595,0.6822454729529198,0.6571767327447972,0.6850229850029658,0.6636384618758984,0.6869996693069089,0.6525157127171508,0.6677289373604262,0.6457328019439335,0.6767578736530749,0.31421900608652786,0.2932800866267588,0.31395247599066123,0.2981556095793893,0.3145667242874677,0.2970683994171134
0.58,0.58,0.58,0.1860465116279068,0.69,0.69,0.69,0.1577231354435539,0.6769518505138702,0.713122180313034,0.6789965325247662,0.7059263893517584,0.6712755268844205,0.7000092148330234,0.6744354406764749,0.7039531797085296,0.6732870477830866,0.709066782508624,0.688804082215607,0.7055072808780891,0.6706489112296404,0.6999798805667908,0.6622719597515747,0.7133851950339368,0.6790810913479763,0.7086611371297752,0.3246577139247617,0.3326430587551114,0.3263075020720754,0.3400807909468398,0.32362638995975646,0.3233603994249798
0.62,0.62,0.62,0.2456575682382134,0.67,0.67,0.67,0.1701244813278009,0.6707050406977662,0.7104049643276767,0.6722809717701619,0.7046878908683044,0.6642583685611102,0.7000092148330234,0.6647460583923488,0.7023378670176545,0.6653604434766143,0.7074575206786131,0.6701771735847327,0.7051257952134636,0.6593164577608545,0.6999798805667908,0.651327851389714,0.7126712309653463,0.6663317119420535,0.7070367763690494,0.32724289568680576,0.3178965033094877,0.32762686749509135,0.3220121474881593,0.3253362827242092,0.3189465434246231
0.645,0.645,0.645,0.2680412371134021,0.715,0.715,0.715,0.3338008415147265,0.6947095131925649,0.7062721339231831,0.6992661929094381,0.6963062934480766,0.6868842546649725,0.6996679562680479,0.6954875226561484,0.7075259998818507,0.6856981091862945,0.6994240125672747,0.6934799920141618,0.7032097201435673,0.7003611110825906,0.700480354632424,0.690968204343244,0.7064745182222825,0.6859116268086923,0.7015235565497225,0.3450940622540378,0.30882546290337615,0.34938740846230987,0.30923437013495775,0.3452428996784049,0.3208757889528048
0.715,0.715,0.715,0.3262411347517729,0.74,0.74,0.74,0.4050343249427918,0.6853517987596623,0.731110887890133,0.7024095119141405,0.7247910850792775,0.6784911507747805,0.7167901614497189,0.6850842075963108,0.7247374950831275,0.695419283900966,0.7236676682948007,0.6919339664228629,0.7265480896320897,0.692525769573639,0.715211827481637,0.681561155547598,0.7314469420743743,0.6861443046754377,0.7248508861740651,0.33316365778821716,0.3235111127340824,0.34144090932009635,0.3276833102984987,0.33664510516727675,0.33290962984539507
0.72,0.72,0.72,0.3156544054747648,0.785,0.785,0.785,0.498249708284714,0.7074744233008455,0.749439742130255,0.714871411096871,0.7470544514125804,0.6981121519966769,0.7284064462739149,0.7057955709725837,0.7461529025881711,0.7081061124561171,0.7393824419105205,0.6938042631960969,0.743283860999156,0.7071807758846951,0.7242218836756504,0.7101957846215501,0.7529443800753209,0.7030733082683399,0.7429637495212565,0.3414538298547152,0.3633408149749861,0.3507117169387131,0.35752224402164773,0.3446695980808669,0.36172162770332533
0.675,0.675,0.675,0.2168674698795181,0.815,0.815,0.815,0.582392776523702,0.6772002976173261,0.7150014585251101,0.6785967095464537,0.7080127372299381,0.6726296290091361,0.703949361631836,0.6890144632786412,0.7125972594402744,0.6646083031006239,0.7091321552428015,0.6708047718529693,0.7161060858278036,0.6899738465498184,0.702745534382994,0.6681482825158876,0.711226017219144,0.660804961638877,0.7134779133048127,0.325455348519612,0.30003414595663336,0.3412083426544443,0.2989166638452872,0.33097476144756016,0.30740865033373826
0.59,0.59,0.59,0.1068511055440584,0.845,0.845,0.845,0.6246973365617433,0.6043723821940256,0.6754032754928416,0.6084189798148991,0.6665224883357268,0.6032567341478962,0.6564461904582685,0.6137165649367774,0.6688051314503516,0.5993510310319153,0.6613532260010233,0.6032155447612019,0.6666375664326615,0.6177937525403033,0.6548893762693,0.5928701174280777,0.6750839311277347,0.6047460216735904,0.6688176354026716,0.09697703709601305,0.13219988462707216,0.09591133473297847,0.13232115537713826,0.10316194656172548,0.14517630317050204
0.575,0.575,0.575,0.1766757070902751,0.82,0.82,0.82,0.5752212389380531,0.6097213732206361,0.6730416285317687,0.6097231256936473,0.6566969361768373,0.6163743059318101,0.6654655634838925,0.6138848819227004,0.6599434253003471,0.6008249178947516,0.6606930224754514,0.5959425170640017,0.6650665164464916,0.610520978327764,0.6689006029305165,0.6013393806329924,0.6656307108876977,0.596103264493415,0.6595494496076325,0.16016880624782415,0.2512285196875578,0.16450211660851657,0.2513964270235629,0.15638334860710565,0.2672063739469011
0.615,0.615,0.615,0.2358078602620086,0.765,0.765,0.765,0.4458854043857581,0.6701996742055708,0.7104091911546095,0.668820061490603,0.6970193325814816,0.6582820598805071,0.6825877686655635,0.6658590148278077,0.6972364696046828,0.6633968664002108,0.6959871967807385,0.6661533491798018,0.6971837713876174,0.6606205956133713,0.6836320757797295,0.6561116692714285,0.7069574581853858,0.6641260349977539,0.6961058519705041,0.25012474585956396,0.2860369389499487,0.24549293496507932,0.286896960524624,0.24241807961406345,0.29542486779208266
0.65,0.65,0.65,0.3093922651933702,0.72,0.72,0.72,0.3469387755102041,0.657794109441863,0.6974361005928585,0.6631086495724333,0.6844130842774458,0.6555092286531838,0.6804986376343206,0.6562096603668965,0.6834892497931726,0.6602028935602716,0.6892649841582317,0.6519935197871177,0.6887399870589287,0.655185731942815,0.6818808141903984,0.6436125088391949,0.6942542748906476,0.6558061860256017,0.6853779981527436,0.3062724622539464,0.2619461890463769,0.30448640878678107,0.2653333943999995,0.3059644266160055,0.27224125633485147
0.635,0.635,0.635,0.2940038684719536,0.63,0.63,0.63,0.2002593753377283,0.6589419755132957,0.6605736245252215,0.6665426707563412,0.6518397276830391,0.6568845353002265,0.6654655634838925,0.6721563542443305,0.6501306884163227,0.6653121171474242,0.6607940415170785,0.6474773577228866,0.6645481041767186,0.6677783663715966,0.6689006029305165,0.6549347648933845,0.6539654837478331,0.6490414993169434,0.6561629930921679,0.3912398071665866,0.2915826812760595,0.39370463351147084,0.2928398297772946,0.3925941817819874,0.29545547088505236
0.685,0.685,0.685,0.37,0.55,0.55,0.55,0.0831295843520781,0.6997178587228913,0.6990609928151919,0.6866906532703526,0.6918783407308247,0.6843692129185256,0.6825877686655635,0.6868178524163808,0.6893620036123567,0.6845865619176056,0.6902020756364144,0.6872330852419699,0.6915094666694853,0.6804492659208004,0.6836320757797295,0.6792646944541891,0.6987700790282847,0.6867383513209476,0.692310338272677,0.4087531955473734,0.32233349225562336,0.4168830175666625,0.32521547270269435,0.41730438973046263,0.3232023444098145
0.7,0.7,0.7,0.4068801897983393,0.44,0.44,0.44,0.0222610213880402,0.6589514387332525,0.668100097782711,0.6767555322943025,0.6581333358660978,0.6527691953546501,0.655332712381488,0.6568554899958172,0.667351499183146,0.6786075218161342,0.6535626214524689,0.650049530520842,0.6522559622814208,0.6569022929755209,0.6563116965670457,0.6714815240698158,0.6665701996406053,0.6471069595426209,0.6604323959417496,0.2924256978805214,0.3266966280630452,0.2924891927996054,0.3195660274340145,0.2871218955204412,0.31881009290609563
0.725,0.725,0.725,0.4367062679229823,0.365,0.365,0.365,0.0260736196319016,0.6470357958769567,0.6823310463131268,0.6543532059441818,0.673714345179555,0.6522169950607197,0.6633321804513936,0.6413785812342047,0.6858385130581803,0.6542485600010025,0.6730391275230108,0.6506729438617762,0.6694030713953287,0.6453799446623115,0.6646513132365937,0.6476976058037353,0.6803231405066861,0.6306205598632556,0.6792872752614179,0.25086950220530296,0.29256999645053117,0.2569387765848251,0.2875817036387222,0.2564097074261531,0.2836208057693078
0.72,0.72,0.72,0.3156544054747648,0.355,0.355,0.355,0.0249433106575964,0.6464315624589552,0.6786532867274395,0.6691138634435696,0.6779765756075429,0.6459372184469812,0.6784348878712847,0.6884952380300143,0.6777665460551989,0.6645200361075112,0.672920429381911,0.6826183833389577,0.6727582343622356,0.6490127549215028,0.67914544319524,0.6542134989635956,0.6787970757895245,0.6675105627617172,0.6813269069321995,0.22421863583437066,0.2531839401645092,0.23414324270235393,0.2411753145245969,0.22205392650718733,0.24034262155070463
0.67,0.67,0.67,0.2487194080819578,0.41,0.41,0.41,0.062077736268977,0.6343538174192638,0.6584442859603271,0.6536523371506512,0.6537266191132197,0.6280974192851706,0.6473452215353861,0.6608463323429438,0.6561352738516855,0.6548212442626288,0.6514075250361964,0.6520921164215168,0.6490151587135028,0.6385855766602364,0.6482576311259974,0.6471435511042345,0.6556054169821192,0.6373532544223356,0.6582264563664529,0.21756105845153886,0.2197676320603642,0.2270964521915089,0.2126470741434968,0.2134601414296797,0.19920547432902952
0.635,0.635,0.635,0.1589861751152075,0.47,0.47,0.47,0.1099168695944243,0.6416024408020075,0.6610760866689909,0.6574054835996618,0.6603637965267293,0.6281506085602371,0.6404966361566664,0.6557362358612041,0.6653732336302011,0.6667357919351796,0.6500420039537177,0.6517408058957254,0.6477792904045879,0.6390856933031842,0.6407806558287087,0.6574475331026688,0.6655391635990185,0.6352181157484851,0.6621524136378814,0.14460349845520235,0.15632264412313557,0.14837662853235076,0.1432222242337402,0.1410328351089907,0.14867764843235187
0.525,0.525,0.525,0.0981583444085817,0.58,0.58,0.58,0.1860465116279068,0.5727247602459274,0.5894586690417346,0.5744797419758078,0.5901519425011895,0.5490129977631685,0.5788917574231297,0.5809932724510449,0.5975748167874868,0.5784846792927374,0.5875503630524203,0.571899783387336,0.5831095279232931,0.5677738662176309,0.5777313914103971,0.57282930663812,0.593948455919386,0.5666719589445495,0.589626824000135,0.16301982098354048,0.1749555491741891,0.16024986199206254,0.16425174149639252,0.16217084151032948,0.1665634439442339
0.47,0.47,0.47,0.0543313408867874,0.62,0.62,0.62,0.2456575682382134,0.5499618621649823,0.5697030558583543,0.570222190096546,0.5736950358311608,0.5505111948889642,0.574182400844913,0.5729181407698365,0.568761441735675,0.5765922410108562,0.5739476159136382,0.5587427492393792,0.5759069563690484,0.565852507637781,0.574441535416666,0.5653080292139854,0.5723662894887498,0.5461461196788476,0.577901742901735,0.08897523437958058,0.15455370796397316,0.09802915008529244,0.1384421536188055,0.08992396170222444,0.13399617901513436
0.54,0.54,0.54,0.0713636822448773,0.645,0.645,0.645,0.2680412371134021,0.49405956646946736,0.5853441053737368,0.4899248651632542,0.5921588290913957,0.49472942155647937,0.5845983441650838,0.5533611055051642,0.5920318409547913,0.4963945017461245,0.5889287208029818,0.529904449314269,0.5874494384861272,0.5045533081139225,0.5834220025832884,0.4885966376046312,0.588101718256324,0.5416175869602137,0.5911665837703349,0.16031820457168364,0.17459019706986495,0.17145869790365229,0.16222139448384154,0.16302762649666766,0.17364060268762802
0.49,0.49,0.49,0.0857757461683247,0.715,0.715,0.715,0.3262411347517729,0.5658428286897003,0.5728000847545309,0.5770181509994688,0.5742622678678665,0.5474018276026608,0.577845604169133,0.5853511594843742,0.57539132913049,0.5791459039291575,0.5739524710860128,0.5778991371578039,0.5690079407480912,0.5696296846217164,0.5777313914103971,0.5631113500790031,0.5751384712565428,0.553216518102077,0.5749480677737869,0.2103477455447979,0.18935142409904035,0.20889652935271283,0.1796798513622156,0.2134448835789067,0.18741660972737262
0.49,0.49,0.49,0.0977443609022556,0.72,0.72,0.72,0.3156544054747648,0.555481870033871,0.561595590802199,0.5667117839865606,0.565979871540386,0.5370160450587215,0.5733421861844139,0.5858659004506982,0.5637963495999644,0.5788486190140962,0.5642550307864156,0.581289907490843,0.5661954232835883,0.5550731478998296,0.575333461749867,0.5529390752235354,0.5602962885194392,0.580517027844895,0.5651399146738076,0.1584693879087126,0.13610060436872615,0.16768419002248386,0.13137628922892072,0.16519919196692223,0.13934668276380005
0.55,0.55,0.55,0.1770299926847112,0.675,0.675,0.675,0.2168674698795181,0.5406772115515903,0.5672427907131953,0.5496576036935991,0.5757803272510815,0.5455533431973938,0.5835521909110871,0.5887343730043535,0.5717430514612812,0.5587951979059114,0.5752852530931784,0.5857004521011991,0.575665318832266,0.549749664183575,0.5834220025832884,0.5399481186710714,0.5726611041046853,0.5780871166769598,0.5730253744928934,0.3802888550367404,0.3053639826285107,0.376794387579849,0.29908618868883263,0.37296379191868173,0.29439652286087264
0.595,0.595,0.595,0.2142025611175786,0.59,0.59,0.59,0.1068511055440584,0.5905940639356247,0.5911080777114412,0.5967651918408556,0.586769606143335,0.6012485699921386,0.5890206111566807,0.6046623052440447,0.5875791853721672,0.6064118412548403,0.5798265058506292,0.6019628748531894,0.5793111292535266,0.606539362307797,0.5899254247431528,0.6003911552059856,0.5926851171358342,0.5696623077598987,0.5859887258037879,0.36123072252144406,0.289590957139004,0.35546452076048624,0.2831773225855726,0.354377450897503,0.28105404650672444
0.695,0.695,0.695,0.3042883211678833,0.575,0.575,0.575,0.1766757070902751,0.64932880010849,0.6702714344591124,0.6731032906875337,0.6638491155685902,0.6414142452705374,0.6463103122389093,0.6720384681368231,0.6702077122359871,0.6632570723201447,0.6549988783135615,0.6599093878729226,0.6519519317807521,0.6526667756019165,0.64758002455163,0.6546044490629986,0.6689175443521402,0.6376995415067016,0.6626577431087464,0.3178078881690768,0.2603242349968565,0.3144393410071438,0.2615898385711474,0.3208619106846874,0.25417231650713495
0.645,0.645,0.645,0.2421007685738685,0.615,0.615,0.615,0.2358078602620086,0.6200978586686678,0.6539576404772949,0.6271370338669169,0.650795696946451,0.6115357106999619,0.6463103122389093,0.6427283330459347,0.654538420583808,0.6287062094532098,0.6500991515954015,0.6363414234514744,0.6485380511866443,0.6220002923933998,0.64758002455163,0.6162189044478245,0.6557482800589428,0.6293134571115937,0.6562469103767677,0.22838687032227423,0.19897118295462693,0.23214070003865955,0.1910624862688201,0.2328183008903271,0.188008841593984
0.585,0.585,0.585,0.1556459816887081,0.65,0.65,0.65,0.3093922651933702,0.6346842388354801,0.651616316152952,0.6424639722258502,0.6443930762929815,0.6198628769992893,0.6429558122036817,0.6483344073585481,0.6522943443583412,0.6417784329375278,0.6372026206457592,0.6386976399619169,0.6343759114512021,0.6290854078222871,0.6465959909153655,0.6423936668110426,0.6513738594969337,0.6307880303514157,0.6412331849032693,0.21644425842697557,0.2133723005381611,0.22173965673736984,0.2019923363018518,0.22110300598156007,0.19436195055212244
0.545,0.545,0.545,0.1059147180192572,0.635,0.635,0.635,0.2940038684719536,0.6687188663366308,0.6765159997920057,0.680742592333279,0.6732210849735234,0.6649835227898867,0.6640778005380583,0.656343050197789,0.6789376676881496,0.6738618470408759,0.6636832152090875,0.6367786964884816,0.6584198419999807,0.6671609250303936,0.6635636605075342,0.6773926231340501,0.6771465923943919,0.6325787181540835,0.667886171559518,0.11371873043642163,0.14356755748830333,0.11698812140161353,0.12734082944338315,0.12399442421111495,0.12566513416774988
0.5,0.5,0.5,0.0825688073394494,0.685,0.685,0.685,0.37,0.5750994833777769,0.5901638764467624,0.5748572391318386,0.5828835701674497,0.5600714463202063,0.5796034508939083,0.5768848872274276,0.5957568364388139,0.5768774601069091,0.5805530465147081,0.5702135549888863,0.5721564220257528,0.5657831694573738,0.5811487968365238,0.5713464515950174,0.5894389747032495,0.5673683450400772,0.5813913399464371,0.10090079050859768,0.11028416975993136,0.10684739800105054,0.10798202473854233,0.10932587629411594,0.10733251316008068
0.445,0.445,0.445,0.0078655702538433,0.7,0.7,0.7,0.4068801897983393,0.565695492066887,0.5735437208470044,0.574569492154425,0.5772679431742984,0.5632163416634134,0.5806042051361326,0.5898571557072514,0.5855652940675908,0.5724887946017749,0.5765697174293539,0.5766071846512499,0.5763326963446315,0.5655503766287473,0.5827417055662343,0.5707606408839778,0.5739062531078889,0.5600737782142373,0.5754491823650523,0.040136920107808574,0.13271918230772448,0.04892126324158053,0.13555156042689281,0.040767640942861894,0.1326909936336465
0.325,0.325,0.325,0.0,0.725,0.725,0.725,0.4367062679229823,0.5078279631700007,0.579814625835294,0.5162857628266336,0.5780159895259628,0.5133189180374702,0.5938302247444572,0.5712654998328368,0.5800882847849643,0.5203906939136649,0.5780460584707804,0.5415716796675062,0.5753507114552137,0.5178472665058198,0.5933838129434886,0.5164166962779986,0.5760569536439698,0.5646133508325918,0.574272306244973,0.09648539734401462,0.21154432379078408,0.09956817516338248,0.20031246132508207,0.1068355140089544,0.20955233964056427
0.295,0.295,0.295,0.0,0.72,0.72,0.72,0.3156544054747648,0.5082565097492685,0.531511927470535,0.5129462190164388,0.5275461374853097,0.5157955160835495,0.5516711896104243,0.525084184469515,0.5254825993870809,0.5169717640242424,0.5273649662427319,0.5111470530907728,0.5281273207552047,0.521475342210147,0.553845453432408,0.5097212866002501,0.5227237174310085,0.5223685072270181,0.5247074629076448,0.1473982939935501,0.1782623262918086,0.1440952095959368,0.1657609068027204,0.15874062706261607,0.18187454052150842
0.32,0.32,0.32,0.0,0.67,0.67,0.67,0.2487194080819578,0.5185453102259895,0.5293735576354284,0.5170345537377737,0.5313657308108994,0.5242327143314252,0.5519887040228798,0.5160820388836249,0.5257709986157868,0.5217466725130476,0.5339185097355369,0.5106191914896597,0.5349396295175384,0.5259996872980993,0.553845453432408,0.5226226136337557,0.5216690855699931,0.531343935133826,0.5288053187399178,0.14563074959405478,0.2099100949247734,0.14420675159494856,0.19562771153765368,0.16078068291167302,0.21552373989090903
0.39,0.39,0.39,0.0,0.635,0.635,0.635,0.1589861751152075,0.5383787390234454,0.5419216146824142,0.5366988251761988,0.542447554157774,0.5377088431355961,0.5664791992301774,0.5377161025838681,0.5376294654585585,0.5385721092547462,0.5476580983132289,0.5305767760133344,0.5466672564814941,0.547374946393622,0.5652245359569354,0.5297127311589303,0.5352995963201683,0.5169832672113551,0.5419764862745181,0.17157280764202315,0.2203671101767969,0.16462071869005215,0.20894410371084196,0.17790715885175734,0.21981394928187115
0.445,0.445,0.445,0.0,0.525,0.525,0.525,0.0981583444085817,0.5538135560216717,0.6167520169015052,0.5568838462686714,0.6199139033016204,0.5543585713254933,0.6345094599138814,0.5917494210031107,0.6177000748013152,0.5595899684956339,0.6216406952427652,0.5918173475243012,0.6202982902265399,0.5680219846073459,0.6308978935241242,0.5438467604685356,0.6088289879770777,0.5998421972223055,0.6206372369529125,0.19323062868074586,0.21918253590914924,0.1844289753820237,0.21330074806672158,0.19501465117316075,0.22399057180745288
0.545,0.545,0.545,0.022976164913034,0.47,0.47,0.47,0.0543313408867874,0.6554672938035406,0.6517019053775597,0.6769216317723691,0.6533525422361122,0.6568557002683175,0.6713898052683525,0.6394798316151673,0.6521311157493116,0.6838504269199215,0.659623619681326,0.6282813794051825,0.659014563497411,0.6750297713981493,0.6686858698571082,0.6645224357654689,0.6491565083827215,0.6019493085730995,0.6566081802572477,0.15341224965366146,0.20726708315760392,0.146173975554512,0.19197900177621138,0.15524962373991458,0.19640389071425177
0.62,0.62,0.62,0.0455858344844907,0.54,0.54,0.54,0.0713636822448773,0.6498614813569966,0.6918755259041143,0.6674958791610524,0.689326459499911,0.6559005646567263,0.703783395947209,0.6947988087183767,0.6867235554087379,0.6653571979990327,0.6943263416329222,0.6819122524444277,0.6925823336546848,0.6626930357158269,0.7031816598960312,0.6509084860822876,0.6832564839213666,0.6816007562672687,0.6915082581679254,0.20467993156158282,0.20930412838578202,0.2039280579452109,0.20096245259962242,0.20870554187518123,0.19611675827779396
0.705,0.705,0.705,0.0655685777636997,0.49,0.49,0.49,0.0857757461683247,0.6527277472217726,0.6667900497570158,0.6716832685467298,0.6654265785787282,0.6677050626729105,0.6823676533173693,0.6648159286786688,0.6670700089386854,0.6552814265841913,0.6711751161494647,0.6615771312908996,0.6700616021710856,0.6640117528922139,0.6827854190068505,0.6560694255373071,0.6613040873723698,0.6662888094286578,0.6677587061630872,0.1437243773994466,0.1521536287505891,0.14678882787397732,0.13771438158983887,0.1459828909103953,0.13105488436990148
0.8,0.8,0.8,0.1053455602773427,0.49,0.49,0.49,0.0977443609022556,0.6331809107390254,0.6677186625185277,0.652853971517138,0.6666215065247026,0.6542126305921794,0.6900382017670811,0.6613584599199855,0.665598822449565,0.6388217026628205,0.6721604771014928,0.6506671593301632,0.6718838006586199,0.6533439347223008,0.6905076264333807,0.6427270875856861,0.6617667443464235,0.6621129427322289,0.6690021554476786,0.1157990620055407,0.17543708116405188,0.11365575410562148,0.16892609223039015,0.10996822673689452,0.16835622123299926
0.765,0.765,0.765,0.0873786407766989,0.55,0.55,0.55,0.1770299926847112,0.5676768250875799,0.6101757754460563,0.5727074244624882,0.6102009479780136,0.5631977667570907,0.6251271060968305,0.5901292592044198,0.6072608903889052,0.56389440126312,0.6117332419632002,0.5869205463634202,0.6145049318123883,0.5753441017643701,0.6264623475333211,0.5574069589406074,0.6021637525779049,0.5918020137018598,0.6076333595309222,0.07613117015125934,0.18631470377447584,0.08429230342465127,0.17772642862966526,0.08089496375731665,0.17098393972186973
0.715,0.715,0.715,0.0686274509803922,0.595,0.595,0.595,0.2142025611175786,0.5812460678416947,0.6105290600489928,0.5956805707887458,0.6092783713908047,0.5893810855831989,0.6305693280063589,0.606875922305738,0.6081297457397714,0.5915151447842693,0.6158535361628461,0.6009795868371732,0.6178500401058745,0.5905889032836542,0.6296345269088853,0.5806542295266988,0.6024142855941865,0.605264691940393,0.6092181841299072,0.0643430231276206,0.1489242779128173,0.07422402607598495,0.14946359550416896,0.07185655072869934,0.14647707167889695
0.6,0.6,0.6,0.0286546867411365,0.695,0.695,0.695,0.3042883211678833,0.5651343002015575,0.6140331588516565,0.5794400263679375,0.6188982908489027,0.5656216130373272,0.6329486300198106,0.5984453000049339,0.6104172953034004,0.5721222882985264,0.6222707166182294,0.592811818961424,0.6272141630152038,0.5743934732114444,0.6311272217143191,0.560647596603936,0.6058065147693883,0.5776490006765651,0.6151841015993471,0.06363161490727616,0.14062639970591082,0.0759149156686531,0.13676856621794778,0.07391240997399377,0.14423238335932398
0.575,0.575,0.575,0.0132342697933595,0.645,0.645,0.645,0.2421007685738685,0.5330428930503742,0.6051908986430229,0.5445178643056116,0.6116125148937942,0.5378062864206635,0.629526920663802,0.5881288980585682,0.6028601457438196,0.5374991695517733,0.6157454596989145,0.5710041390971596,0.6223149520158889,0.5515460637935555,0.6290159140771541,0.5332923622962469,0.598490383439973,0.5519244813475563,0.6080247847563643,0.008683909957223998,0.14786395105232736,0.01447273259402842,0.14606157153259455,0.01985921644195004,0.14957234966299426
0.58,0.58,0.58,0.0,0.585,0.585,0.585,0.1556459816887081,0.5510676694614343,0.6117761270889817,0.5603119784859383,0.6116381348214619,0.5435165761725006,0.6306782293772486,0.5898775282903784,0.6080967621331332,0.5530686478177288,0.619570355038709,0.5873391218103051,0.6201746322243545,0.5604157348268743,0.6297038061634992,0.542013340919021,0.6039521824114019,0.6088811304824876,0.6131178234707632,0.015226207006424164,0.13789308153461916,0.01901547194639712,0.12109215085989665,0.02786251866857815,0.13629273547444087
0.515,0.515,0.515,0.0,0.545,0.545,0.545,0.1059147180192572,0.5235623450084512,0.5370001984564804,0.5377115635062861,0.5378761656504488,0.5256504058960861,0.5590485751809582,0.5237058649536407,0.5307308150150712,0.5287617443354943,0.5382955125782579,0.5112485898530693,0.5392622458125492,0.539484208038177,0.5602730397525724,0.5191452356589781,0.5291090420400099,0.5023225723670035,0.5325508314639643,0.059921818998135125,0.15870795673540583,0.07031522599238892,0.14930255151357213,0.07253614236020672,0.1671928088210496
0.475,0.475,0.475,0.0,0.5,0.5,0.5,0.0825688073394494,0.5354392615229139,0.5469973651339626,0.5519960441491896,0.5449633642851248,0.541871262712783,0.5597801549653182,0.5225108784538106,0.5418194472677845,0.5452046953687412,0.5434714276916952,0.520624269941372,0.5412414936578587,0.5460051570837826,0.5602730397525724,0.5382224590213361,0.5358739109595864,0.524355504185992,0.5421956960742736,0.06201514512507235,0.17026863647729096,0.07269398836423259,0.16662957832764683,0.07331277859015617,0.17294858973283117
0.53,0.53,0.53,0.0415986949429039,0.445,0.445,0.445,0.0078655702538433,0.526902771366172,0.5763370670313162,0.546870230770741,0.5762659551558307,0.5300179829169815,0.6146271576745053,0.5787210847185755,0.5739469022064576,0.5347358956548941,0.5931540651627535,0.5662167521286554,0.5944054339774628,0.5407705443307013,0.6149572815175587,0.5227719907439345,0.5688873255505076,0.5620189855911624,0.580635493982256,0.11958633983923818,0.20013809421672646,0.12083692323030548,0.18813518137895244,0.12644848789886107,0.18940316898366522
0.625,0.625,0.625,0.06062124248497,0.325,0.325,0.325,0.0,0.528478193150585,0.5468627008600816,0.5358703934044636,0.5477119790431703,0.5289161021388321,0.6040790075193129,0.5630167028467621,0.5437485298312078,0.533045434863234,0.5680113452191166,0.5524020427980002,0.5742522629242487,0.5473733169568888,0.6089049663179756,0.5246289136176077,0.5336316608531354,0.5560151291229398,0.5509617009562736,0.1307365785349032,0.18363213989454516,0.13381636339055075,0.1768885050692372,0.13712748042129821,0.1773095642340366
0.705,0.705,0.705,0.0849875930521092,0.295,0.295,0.295,0.0,0.5354923838828698,0.5654784283483905,0.538785929210551,0.5587108722521185,0.535270561220389,0.60530244861498,0.5674542098595493,0.5625898713714417,0.5342874871984502,0.5768064652119381,0.5616236611132553,0.5783605152005383,0.5549102893444398,0.6083085418528488,0.5255987480872016,0.5514575299307267,0.5595834504730158,0.5604269134930198,0.13005340884195818,0.10276105329153157,0.12811891995377084,0.10623361904060132,0.13137302301631099,0.1059634348403154
0.68,0.68,0.68,0.0762124711316397,0.32,0.32,0.32,0.0,0.5301362782717695,0.5638577506728355,0.5273153623674773,0.5582957553326056,0.5251123444214305,0.6073686576665961,0.5616363509531624,0.5606237717904755,0.521130561438485,0.5754212630270745,0.5514281175697057,0.5781540533104597,0.5431302417620725,0.6099485540614857,0.5145087208709944,0.5516147738899415,0.5490372841067905,0.5587128696765868,0.12793274193738918,0.15027507670733947,0.1309027169988389,0.14567327131490654,0.13376600301008285,0.14989314784893606
0.64,0.64,0.64,0.0644490644490645,0.39,0.39,0.39,0.0,0.5554109376820175,0.5892499749317294,0.5609142420459708,0.5859433618633304,0.5462548601544523,0.6162780672716227,0.5669839462967959,0.5840592855239191,0.5532989665003298,0.5878697538258474,0.5667930331670646,0.5919935166725632,0.5629962349061858,0.62124922804179,0.5518386018871779,0.5815585576438524,0.5726935407408746,0.5839090684063474,0.1109120378313272,0.11406021220688457,0.11544661795269909,0.10893720799265226,0.11989146631502265,0.11369269122345434
0.625,0.625,0.625,0.06062124248497,0.445,0.445,0.445,0.0,0.5689194927113431,0.6621528379146403,0.5874761667761186,0.6579121387229684,0.576846452276679,0.6408011231661188,0.5875149761201003,0.6534296614364151,0.5773960362604025,0.6470782314823598,0.5794157472112622,0.6442815685404669,0.5788935830795621,0.6379762018762237,0.5791871651791461,0.65419014782406,0.5843574804234178,0.6530928553463178,0.08791055426306414,0.15303654780574868,0.0909485831349326,0.1459670506936173,0.09382536636761601,0.15251727962742792
0.63,0.63,0.63,0.0755777638975641,0.545,0.545,0.545,0.022976164913034,0.5405844155046127,0.6394396360330178,0.5542190502568478,0.6379911629251831,0.5492852216846885,0.6287070728007904,0.5697820737811462,0.6238121932455055,0.5474562310410156,0.6278164062260976,0.5549835338160448,0.6282677040864657,0.5610043697045377,0.6281129418624549,0.5494693713507544,0.6297571469583052,0.5678554785204873,0.6338895140077231,0.11149561702453853,0.1280779222982546,0.11969906057153828,0.12254417094837339,0.12118900356078127,0.12992749975108217
0.625,0.625,0.625,0.016264428121721,0.62,0.62,0.62,0.0455858344844907,0.5452817396828921,0.6500915587833026,0.5575486951056541,0.6434655611843098,0.5501684883111623,0.6309643710118805,0.5713820468068174,0.6387922029469348,0.5528522725953867,0.634455024492571,0.5638279008855072,0.6354247614288666,0.5603562169317261,0.6290692442410556,0.547185467016307,0.6391033170058654,0.5749358117161087,0.6379497122010261,0.08425361461679581,0.13859762515888951,0.09048339721287446,0.13690470144332695,0.09824748096097638,0.13527878098580912
0.58,0.58,0.58,0.0135055783910746,0.705,0.705,0.705,0.0655685777636997,0.5439316731962953,0.6282888616845312,0.5581749712894531,0.6278480023767086,0.547221594428397,0.6341081887512561,0.5859101749826249,0.6215918977172077,0.5545985733151007,0.6226906815019105,0.5824665427867857,0.6244506143975573,0.5543103926541234,0.6321906827371989,0.5396613112887279,0.6191842730696361,0.5825245981510675,0.6242531818688916,0.09007619808950958,0.1335408935900563,0.09354000451618862,0.12720888395551166,0.10108907700334392,0.13288108895029008
0.58,0.58,0.58,0.0135055783910746,0.8,0.8,0.8,0.1053455602773427,0.5533687276006402,0.6133408379951958,0.5646448858590717,0.6106571139156185,0.5534384898608007,0.6206563402439674,0.5846070393028857,0.6060393102959326,0.5654580324721629,0.6045302636733849,0.589912671025983,0.6058871162880606,0.560624017623364,0.6225113332319626,0.5517229312658481,0.6051671736528391,0.5983519110977542,0.6064473058597496,0.09399614668612613,0.1749953394112329,0.10029969606386198,0.17689325266109712,0.1030089525512988,0.17232646589868567
0.565,0.565,0.565,0.036544850498339,0.765,0.765,0.765,0.0873786407766989,0.5575935840689066,0.618015537352424,0.569664256855597,0.6156692384522457,0.5689670575898415,0.6260596037552428,0.5856209901029141,0.6100469138957193,0.5714524116566363,0.6150459540900836,0.5907114753728718,0.6138573356299631,0.5675361909154175,0.6266202470570211,0.5624619241188727,0.6055741518861769,0.6095065332969437,0.6135850423259188,0.10695289037425033,0.14224348981172524,0.11819129728852888,0.13818768974947984,0.11709370398964031,0.1449350558150598
0.64,0.64,0.64,0.1408114558472555,0.715,0.715,0.715,0.0686274509803922,0.6154831515282578,0.6526673972907289,0.6149859364988444,0.655833235019184,0.6191316620543443,0.6809646381694184,0.6401128686648018,0.6488480810901035,0.6144313840330096,0.6619191364747706,0.6375908980677262,0.6614512768522808,0.6194635243122505,0.6836988272682656,0.6106204116733677,0.6481758744582085,0.6706120523553378,0.6575745779746411,0.20115374628576646,0.2909126270698132,0.22706170564235745,0.2848112976373615,0.21762478100577898,0.2925863248353491
0.695,0.695,0.695,0.1745602165087957,0.6,0.6,0.6,0.0286546867411365,0.6132944694747271,0.6512185908979371,0.6273795718196825,0.6578264888514624,0.6323351783356986,0.6762951119409681,0.6260426843247093,0.6462521570650289,0.6141361107134341,0.664673149804328,0.610191515105376,0.667577321059631,0.6295688373186559,0.6794651661124373,0.6160315097720289,0.6474114484447122,0.6255052317031373,0.659395482397816,0.20944885595820922,0.23508738862395887,0.23315389615540774,0.2284014184248283,0.22437246478347128,0.24195729231535662
0.74,0.74,0.74,0.1939234227251589,0.575,0.575,0.575,0.0132342697933595,0.6426482949862801,0.6707195536243693,0.6559482998121717,0.6758036315941026,0.6451360128342254,0.6879563804029147,0.6515228012685192,0.6667576419312683,0.6489671660246396,0.6821614165470826,0.6299895662401293,0.6845653701221168,0.6476645002639646,0.6879652167170679,0.6505781855163717,0.667344563013477,0.6738569242704926,0.676930948866888,0.20880309968471117,0.22452030726241715,0.22328460470959396,0.2224044308536853,0.22560417568185395,0.23178503865875918
0.72,0.72,0.72,0.1930835734870317,0.58,0.58,0.58,0.0,0.6443904387882978,0.6663946198448527,0.6498319100124119,0.6697241708559342,0.6354390744396342,0.6837399762431561,0.657735518856839,0.6661044137756205,0.6413881121535482,0.6758748862442594,0.6408795476127698,0.6720074053242068,0.6420700526507942,0.6846491950170935,0.6426367897461485,0.665251346725241,0.6860361986253701,0.6704827816285737,0.22370384486568076,0.2606907268976653,0.24997950446132863,0.25875078838677984,0.25110255000307086,0.2514852188058763
0.77,0.77,0.77,0.3118922961854898,0.515,0.515,0.515,0.0,0.6719029831948294,0.6748107951154866,0.6711783271302899,0.6782547741883732,0.6576031422682038,0.6882704317021242,0.6617766777537805,0.6719257345801173,0.6612243414472079,0.6786731472303248,0.6518342510106533,0.6786562938117238,0.6748756482323184,0.6902538593085419,0.6687160928953132,0.6664437482189626,0.6895686719460431,0.6761254532130947,0.20074351708979574,0.2532942102984733,0.2424966278873863,0.2479596002699106,0.22244233650631925,0.2542906178221866
0.81,0.81,0.81,0.4055068836045056,0.475,0.475,0.475,0.0,0.6481203294377954,0.6536437994624238,0.6306529395636548,0.6627425967877236,0.6399573836580743,0.7021533251828005,0.6474827425980723,0.6568442680449055,0.6283898246516048,0.6737629971467926,0.6384780378481075,0.6776503749376478,0.658124597375142,0.7055679535409873,0.6342481874556027,0.6539956805965369,0.6644979031933068,0.6670908305173376,0.20819287137237763,0.324756348827476,0.202246038471015,0.3271118913838742,0.2182495784732218,0.3176157933899631
0.845,0.845,0.845,0.4789915966386554,0.53,0.53,0.53,0.0415986949429039,0.6556918601947599,0.6530508889923178,0.6418835716429377,0.6573582324690239,0.6542403553138142,0.7041295577511727,0.6479905336918804,0.6481644507139165,0.6379758280316189,0.6706274357544516,0.6373931235342197,0.6759865590459945,0.6768403506684685,0.7104038748944801,0.6495866580720348,0.6471125328739615,0.6453165320240702,0.6619895209758069,0.2538147574069637,0.3127044864940811,0.23928742187884286,0.3114490382475427,0.2653420341447067,0.31732755252000067
0.855,0.855,0.855,0.5101351351351351,0.625,0.625,0.625,0.06062124248497,0.6680389636002507,0.6342318422272671,0.654222957796198,0.6297384892119723,0.6624978296115935,0.6660458614373655,0.6029411189300948,0.6257271909843402,0.650678907875007,0.6368306969707177,0.6025751563273948,0.6362420836911316,0.6861879733010292,0.6721049962031777,0.654552221216723,0.6239837116348261,0.6058495728896471,0.6319007220036299,0.31760767394403294,0.35310886982085565,0.29895988199582363,0.3534425636105527,0.32481601453923437,0.36450169035201774
0.86,0.86,0.86,0.5901639344262295,0.705,0.705,0.705,0.0849875930521092,0.7187382173584798,0.7121720283435522,0.7210955542039723,0.7007947050073815,0.7148378281163199,0.7169353420403275,0.6987322554352292,0.7042372422894861,0.7303746253671889,0.7043728568895112,0.6977196172908908,0.6979540891108618,0.7322704936862561,0.717391845444132,0.7264831080177134,0.6974775367826505,0.7327816860523642,0.7004544646200982,0.4107176358722109,0.3530147116706963,0.41139498390350715,0.3571806262932995,0.42417333459190354,0.3565499605223616
0.87,0.87,0.87,0.6242774566473989,0.68,0.68,0.68,0.0762124711316397,0.7191837121863573,0.7014675713163929,0.7312160984339788,0.697328227845651,0.7082638909360807,0.7143202586402131,0.6835205365208556,0.6948617588016388,0.7286567626173247,0.7023765757529191,0.688624823365887,0.6977795173964554,0.7251199238725778,0.7132146760116602,0.7196889297780223,0.6867204694793331,0.7118542743887827,0.6975827086254611,0.4250656712206728,0.3610040311949283,0.42388072620693784,0.3648061362676813,0.43604653706322277,0.36089117313743446
0.91,0.91,0.91,0.705497382198953,0.64,0.64,0.64,0.0644490644490645,0.729296034899865,0.7238889231036701,0.7345250654171299,0.7187153809777012,0.7199565870188134,0.72798931749056,0.7081601938223332,0.7195823809928616,0.7358486032654667,0.7201378692068567,0.7159596616709254,0.7161724830376,0.7352601150615545,0.725531408093424,0.7246709164888948,0.7196251044277954,0.7301135122925269,0.7164166610528655,0.4473733656139324,0.41472034258043516,0.4416139401382236,0.4044454584426921,0.4470152628510548,0.39786784762720817
0.89,0.89,0.89,0.65625,0.625,0.625,0.625,0.06062124248497,0.7247492884200434,0.6805826516986786,0.731797339655574,0.6780033233063418,0.7111299052566402,0.6983911607709531,0.703321289879507,0.6777043957096202,0.7301719200891152,0.6852289141812138,0.697600625558855,0.6796202416666483,0.7331918033295335,0.6985234768212858,0.736497693411685,0.6707996509274531,0.7082950394222334,0.6765903869810582,0.4249878185096694,0.32093635471459575,0.42124872484724624,0.31503779500151463,0.42189000036994956,0.31292838978842885
0.87,0.87,0.87,0.5718755145726988,0.63,0.63,0.63,0.0755777638975641,0.7160484070356589,0.728407995142852,0.7304372099806081,0.72724087665837,0.718906587166088,0.7218354020122963,0.7046578917065816,0.7247897207745131,0.7334042570084189,0.726599508643503,0.7040815312483837,0.7204099515358092,0.7315073038347223,0.7196316233361981,0.732258572540366,0.7224452844790357,0.7127032975721284,0.7291941616846047,0.4253862719467144,0.4076897834115878,0.4199822442431416,0.39407640189587195,0.4265534876330628,0.3872130377493908
0.855,0.855,0.855,0.4465648854961832,0.625,0.625,0.625,0.016264428121721,0.6774281171232982,0.679626337455553,0.6773365550946882,0.6814139001743618,0.6830764969778191,0.6834512683055747,0.6626398079410705,0.6754819975077793,0.6666188458558481,0.6761654572393361,0.6573402166228753,0.6768244524995831,0.6903410302110108,0.6860124186454677,0.6757975326517115,0.6769636884253685,0.6827707522734112,0.6815316868789757,0.2555060078386172,0.2737840251252547,0.28398801566360987,0.26238358080077095,0.2664450698662259,0.25697194435943305
0.86,0.86,0.86,0.4246969385658516,0.58,0.58,0.58,0.0135055783910746,0.6563204523819519,0.6762983850459807,0.6789546354777974,0.6781163169316177,0.6629557920108567,0.6866555700603857,0.6574322178258741,0.6749719511943224,0.6638681010843372,0.6799048803144978,0.6422507253677217,0.6797137026760817,0.6751326551040658,0.6873757667273654,0.6699543588280138,0.6720486832808367,0.6706043947697738,0.6781128438417203,0.18053233045125533,0.2684085607915599,0.21246098938301156,0.254026809399665,0.18681559363783834,0.24311753274634348
0.845,0.845,0.845,0.2678318375059046,0.58,0.58,0.58,0.0135055783910746,0.6610719798657069,0.7029160634397795,0.6757564589298785,0.7025672572608149,0.6688896439920122,0.6972545356069481,0.6527260132337305,0.7013179305395468,0.6703643697769247,0.6912304094524376,0.6419098029174909,0.6896993978838006,0.6690358875432025,0.6972114872445632,0.674462963011252,0.6976902458789563,0.6953800924045975,0.6969725698334657,0.0892284816423559,0.16510948501917935,0.09566035779375735,0.16011676908993955,0.08936011536374386,0.13849921994361913
0.84,0.84,0.84,0.1701244813278009,0.565,0.565,0.565,0.036544850498339,0.6230116705651162,0.6462045123031938,0.6476107571821653,0.6507113153014371,0.6324848262451231,0.6906280900689357,0.6458443990579481,0.6538081676306935,0.6328899754931975,0.6623858664069517,0.6387160434618032,0.6677284140072194,0.6451366103358456,0.6939525193131926,0.6268888446423425,0.6423817788030984,0.6527921787700931,0.653136512132762,0.07130580090206806,0.15021678876146624,0.08023818249245267,0.13290482416491717,0.07958470843348012,0.12108192080497514
0.81,0.81,0.81,0.0406463014390305,0.64,0.64,0.64,0.1408114558472555,0.53634449159144,0.559631087883846,0.5488057131602664,0.5655109132028919,0.5391616805081376,0.6087331862072676,0.569784047882394,0.5621953197575994,0.5464968995894858,0.5792240154058853,0.565223047420707,0.5857709149261366,0.5561811810196273,0.6122100455018342,0.5328188719487277,0.5602134257902691,0.5650210707958437,0.5692682774453677,0.05579619991024161,0.10783622635898753,0.059225269988940045,0.10404158294509905,0.05856505478968798,0.1013953367380596
0.78,0.78,0.78,0.0340285400658616,0.695,0.695,0.695,0.1745602165087957,0.5270541148625194,0.5909101160491113,0.5509924163001176,0.588880360347563,0.5317238001143797,0.6215777766201442,0.578889346710683,0.5887665718802346,0.5499312598497722,0.5946652993117164,0.5705583351223583,0.5993592480978273,0.5415975875275869,0.6248355849517938,0.5322487118911183,0.5879888713098163,0.5959319655323253,0.5894614967570682,0.04874591089492327,0.07810819182002214,0.0552463101546377,0.06949192531973698,0.05390229570933307,0.077281169375028
0.78,0.78,0.78,0.0340285400658616,0.74,0.74,0.74,0.1939234227251589,0.5098934702902322,0.5742353220928779,0.5276143360512111,0.5750361646120333,0.5135806015355423,0.6097384681366743,0.5611781446492701,0.5729103324920787,0.5258442917639048,0.5819027261752736,0.5554653738834112,0.5884163489699448,0.5246567502435633,0.6137415036941429,0.5122059619648011,0.569053611856296,0.5842744249653518,0.5777258783173101,0.05185034799927302,0.13082705979990739,0.04940708690715358,0.1292669548842782,0.04949706141962311,0.1366545486929779
0.705,0.705,0.705,0.0,0.72,0.72,0.72,0.1930835734870317,0.5215457710547795,0.5645097993004115,0.5332494730968732,0.5685079427367008,0.5171850644636447,0.6104902917824623,0.5642275784392731,0.563695903323504,0.5324694918834296,0.5819418890997282,0.558887454047191,0.5867418828788089,0.5397000835448981,0.6131355988300766,0.516930715807682,0.5605974759317884,0.610854010117174,0.5731541626924928,0.08899983408019112,0.14578040950883303,0.09077130347827529,0.13198508990118515,0.09891033950342819,0.14847374318756695
0.675,0.675,0.675,0.0201989749773892,0.77,0.77,0.77,0.3118922961854898,0.510598596776281,0.56755252948845,0.5231088112284862,0.5687678461648934,0.5030072390472249,0.6133706018549263,0.5799500636255716,0.5617098108591728,0.520170587885619,0.5817355226230927,0.5724471050419467,0.590478520362572,0.5257501404396318,0.6177617972501153,0.5038437322924908,0.5630363086143095,0.5875173374611756,0.5731827480560863,0.07819713851275753,0.178499590191257,0.07769722784451794,0.16958225803478552,0.08130400923536338,0.17418784327254008
0.635,0.635,0.635,0.0771175726927938,0.81,0.81,0.81,0.4055068836045056,0.6154470537172393,0.6750727759972228,0.6349735292660994,0.6813706854615383,0.6273305199685447,0.6909886386698482,0.6582949382307699,0.6696440801025885,0.6322879813917588,0.6809281393707562,0.6537295142833424,0.6839299471011688,0.6302344111550309,0.6932047328771239,0.62076020410724,0.6685199334309744,0.6805970105837128,0.6810268502610161,0.06469511100407335,0.1673540360808926,0.07155957861224824,0.1669376184415382,0.0756463269700433,0.16838272388276487
0.685,0.685,0.685,0.1803278688524592,0.845,0.845,0.845,0.4789915966386554,0.6059989744868459,0.7033780167885829,0.6209552994048813,0.7105007158607967,0.6180209151207846,0.7211046048485849,0.6502000104531142,0.703355354842894,0.6190747597803004,0.715999226267902,0.638837528596454,0.7192125104028335,0.6177693124229585,0.7209276895139178,0.6048272196049533,0.6973645067110072,0.6586109419539136,0.713216317077115,0.1510229569178981,0.20936614972378753,0.14518649883084594,0.200510959293411,0.15492143763168303,0.2063955617112047
0.685,0.685,0.685,0.2037411526794742,0.855,0.855,0.855,0.5101351351351351,0.6243924488318119,0.6905323989194345,0.6470096112906528,0.6986117764980364,0.629852093155546,0.7182972541076277,0.6530402457424846,0.6900187460819593,0.6324690653229319,0.7079009996661203,0.633873261746645,0.7132006870526899,0.632016083988549,0.7185131954398174,0.6290282494945673,0.6875942600200795,0.6719787837968366,0.7032965701457212,0.1913593077463227,0.2192583273895659,0.19471994202462664,0.20975958781609888,0.20519302381179477,0.21386841746603372
0.7,0.7,0.7,0.2157887857796365,0.86,0.86,0.86,0.5901639344262295,0.6270914070319265,0.7004851067884155,0.6435036076961961,0.7038139866355803,0.6336811866337723,0.7208454241100674,0.6524676466799675,0.6992108102420016,0.6421429721278227,0.714346180939981,0.6359313260481174,0.7140682201251668,0.6304558706098852,0.7195740671782166,0.6326968131897944,0.6966237841292902,0.693821084464762,0.7087828493457057,0.1676781648606311,0.22682597732120421,0.1772827646326974,0.2192130253187322,0.1785117024901961,0.22217288876872363
0.75,0.75,0.75,0.275782155272306,0.87,0.87,0.87,0.6242774566473989,0.7052575789688493,0.719108086120163,0.7321598092436491,0.7178885421056378,0.7267311995863334,0.7292580658649286,0.6964247910257496,0.7211764510178762,0.7214477733153767,0.7239408462356305,0.6934556839519828,0.7189426525166752,0.7151260813626044,0.7267239822897648,0.7187541672243468,0.7147274847684026,0.7121115927306106,0.7216999149081199,0.20327966061293695,0.2374673339001418,0.21650059065607957,0.22959843787220025,0.20798515022067335,0.2273049432882254
0.805,0.805,0.805,0.3454179254783484,0.91,0.91,0.91,0.705497382198953,0.5896121445461268,0.6254915228547419,0.5857997657381998,0.6282824294421311,0.5981958693901932,0.6340109253621854,0.5907500156464146,0.6233222434376213,0.5855376047583479,0.6306252322944633,0.5890602674535003,0.6331162068483003,0.5945025143267353,0.6319322426451387,0.5824174927090682,0.6186938918025823,0.6229541699116851,0.6268354100794219,0.15006438696241228,0.2248796180181609,0.168284988465913,0.21684894253050027,0.1658522281599137,0.21385391833581813
0.795,0.795,0.795,0.3705864292293521,0.89,0.89,0.89,0.65625,0.6705022103666799,0.7113770808820138,0.70988221157482,0.7143081115166379,0.6900361772129265,0.7223552343613043,0.6995841952100584,0.7094412356875729,0.7092726769507445,0.7162513265897393,0.6816415355195938,0.7187590414902731,0.6889577286850277,0.7199715061624056,0.6904522429053022,0.7033905506746232,0.7005939845583796,0.7131746502324853,0.23079346617272498,0.21694863822340846,0.239977500754217,0.21908681645093805,0.2410148742346772,0.21284371790404893
0.79,0.79,0.79,0.2943548387096774,0.87,0.87,0.87,0.5718755145726988,0.6122780655766479,0.6353517415761204,0.6146142435035057,0.6336875104418818,0.6043142667577138,0.6391283794549436,0.6168669014252139,0.6263371138738059,0.615332650595149,0.6288192752010167,0.6189908429684073,0.6303215239511877,0.617760943926839,0.6380144378630319,0.6030539700136225,0.6226214950585325,0.611609064926151,0.6286727754925793,0.16836398293919458,0.22202853037374926,0.18115291202014946,0.21120026095987937,0.17679267392400144,0.20849781634326717
0.79,0.79,0.79,0.2943548387096774,0.855,0.855,0.855,0.4465648854961832,0.5791005067255158,0.6279939690566035,0.5740284320726446,0.6218475753599558,0.5811872718297962,0.6292225918662547,0.584359645680586,0.6144802175349648,0.5800361366864805,0.6168294713300038,0.5835644228497787,0.6178967052952002,0.5852170928812468,0.6282944790913355,0.5725408817628539,0.6113174930563565,0.606619409901799,0.6204106771242155,0.08850939404627815,0.1791514126053581,0.10612835361765315,0.18072511953845916,0.09981557612794335,0.17120294853429094
0.81,0.81,0.81,0.3376329091859857,0.86,0.86,0.86,0.4246969385658516,0.6004228187481391,0.6207051762180469,0.6082020494445916,0.6177871283224116,0.5920843225510303,0.6267864051987406,0.6108668435311172,0.6150916245964585,0.6065017883185773,0.6179885183854232,0.6175594526673547,0.6202189353758147,0.6035806420854406,0.6257522440884483,0.5988135712178306,0.6092153331386284,0.6247952948978354,0.6154672002826403,0.09959321927490421,0.18266958759166563,0.11705749230991844,0.18031179490215685,0.11829457503536146,0.17734533617096293
0.765,0.765,0.765,0.3180499129425421,0.845,0.845,0.845,0.2678318375059046,0.5748752107646821,0.6144977783756199,0.5878093761025645,0.6170077365289104,0.572708161360727,0.6323809533564114,0.5977660116784624,0.6064661605523741,0.5827308260225004,0.6184589372788111,0.5917896163940128,0.620862241493088,0.5865541470624868,0.6318830055655341,0.5680726175080255,0.6061512696338864,0.6236381795343887,0.6165906949411456,0.1534922446267469,0.19754655998109136,0.1720094434278295,0.18972377838805768,0.1651202825331452,0.1951594155428602
0.775,0.775,0.775,0.3307555026769779,0.84,0.84,0.84,0.1701244813278009,0.6469836583609698,0.678965349581479,0.6689397753031573,0.6780544682001554,0.6541664309267367,0.6959167459979207,0.6615888536502105,0.6760756233907614,0.6641364110867399,0.6815558500201871,0.6530020090263979,0.6781456137388203,0.6555367032765567,0.6967520520103282,0.6638120105667272,0.6700741580561422,0.6814660687265403,0.6797748345893851,0.15915851902070374,0.18460195729938597,0.1713902293145668,0.18327365705457446,0.15829099302026142,0.18314199964824146
0.74,0.74,0.74,0.2772758860319666,0.81,0.81,0.81,0.0406463014390305,0.6778700332333127,0.6871968641774795,0.6935292954920037,0.6853523920170758,0.6740315569229456,0.69437986951437,0.673396899266016,0.6833273903600017,0.6952207152806715,0.6914165559709099,0.6609740858414,0.6856713811889001,0.6732789819986045,0.6944189726292594,0.6933185631414359,0.682412289057924,0.707319349001229,0.6841226572713618,0.178788383457398,0.16790761928967418,0.18778323285684714,0.16401674483945886,0.17726267728750245,0.15270206773511755
0.735,0.735,0.735,0.3046444502755182,0.78,0.78,0.78,0.0340285400658616,0.6662741376951238,0.6698113901878813,0.6829358047839847,0.6854861263698161,0.6740425247301307,0.700417998523571,0.6743520433085483,0.6710988578081503,0.6765896011291319,0.6904605594585358,0.6549102022936962,0.6975047820838749,0.6786176813889231,0.7023394916360959,0.6817781787506839,0.6693404627895817,0.7109511263023724,0.6883916376194081,0.26952937177644465,0.22184671960247368,0.2989108592964763,0.21701512695231956,0.2751717694299825,0.21623337237733062
0.715,0.715,0.715,0.2830188679245283,0.78,0.78,0.78,0.0340285400658616,0.6642125675062768,0.672054057769349,0.6673916646025121,0.6874951019884336,0.6675165491851546,0.7019631993918873,0.6800362404947965,0.6745111596020407,0.6578267664182267,0.6924592689834587,0.663659934415091,0.7011054740503132,0.6644111916757545,0.7034003633744951,0.663980546720862,0.672303314164,0.730185350978736,0.6896275078173373,0.255215994527476,0.23312941811690063,0.2766678356238024,0.22185304835096853,0.2552859394448102,0.2164625842750815
0.735,0.735,0.735,0.2719780219780219,0.705,0.705,0.705,0.0,0.6314091599361418,0.6867856384743745,0.648898958167238,0.700698538761214,0.6473971067006837,0.7101968412048751,0.6636140987398995,0.6883616604859788,0.641433709739686,0.6985036483475614,0.6347486610593047,0.706464789411069,0.641139982871475,0.711599004419611,0.642062346370282,0.6868981833776941,0.6890735320558623,0.7020672060923207,0.12488885405458071,0.2644306419906032,0.14339543788465045,0.2589905149016736,0.1306995923597596,0.25393926566701996
0.76,0.76,0.76,0.2734978053579536,0.675,0.675,0.675,0.0201989749773892,0.6275629793663985,0.6993743019370593,0.6444194346968549,0.7069441883318701,0.6278164727721154,0.7041033408550773,0.6633373116156246,0.6961768580494262,0.637668043993789,0.7050898963973091,0.6412284222861335,0.7120562253432718,0.6339531149853352,0.7035629037754098,0.6288363788457642,0.6991121528369759,0.6882545467033142,0.7070047752369056,0.08092995757546172,0.22985925557696338,0.09978076146985057,0.22315492675012893,0.08151239608156498,0.21492134437107394
0.715,0.715,0.715,0.203020134228188,0.635,0.635,0.635,0.0771175726927938,0.6145827453388081,0.7037273451494331,0.6338987780340074,0.7151487611895413,0.6275601928415775,0.7109900141166895,0.6522001400644567,0.7069655030783487,0.6263314168446634,0.7115254069106262,0.6319040918675757,0.7176393465393851,0.6271006818211058,0.7094359670980102,0.6132323686789292,0.7046697014601441,0.6826854629321106,0.7135165028904811,0.0814724125567642,0.20304368827785108,0.0957154915815176,0.2038197998734434,0.08882771918657176,0.20328043282182748
0.635,0.635,0.635,0.2039258451472191,0.685,0.685,0.685,0.1803278688524592,0.6818362865159553,0.7226520438699533,0.693642153994034,0.7251129812874042,0.7012235057662151,0.7179226060948556,0.6758410695602322,0.7165606914641597,0.6855361955832487,0.7185182068535189,0.6731210828282242,0.7195138133360047,0.6997431331862313,0.7162066609018545,0.6854612016153795,0.7178531871172196,0.718075653181021,0.7227553748946902,0.21857482364669406,0.28331956583691026,0.23643841619729905,0.2836587331078918,0.22673564436924512,0.26853847129256037
0.72,0.72,0.72,0.2782575074107488,0.685,0.685,0.685,0.2037411526794742,0.6809327853761575,0.708656483976454,0.6866315800327882,0.708775438511267,0.690862478553223,0.7066293066030681,0.6754772968791485,0.7047174436799831,0.6874114128631188,0.7039855149967624,0.6729420856737344,0.7066236717016046,0.6985262738925974,0.7046942548148775,0.6919417328908493,0.7033303903820518,0.710802796089482,0.7095942414980364,0.21697588839872242,0.3224588634534577,0.22976001060273535,0.3269888865443882,0.20820366920226127,0.299958875413273
0.73,0.73,0.73,0.1346153846153847,0.7,0.7,0.7,0.2157887857796365,0.5899713397784735,0.6283935124401221,0.5943603810904595,0.628716417776206,0.5783620297849582,0.6352508284256791,0.6085053089312187,0.6256997535881081,0.5981415943905636,0.6276542053962698,0.5927071579377027,0.6298641772489284,0.5925846593766884,0.6327263656395425,0.581535288442795,0.6216890459012717,0.6067514645319878,0.625870099500735,0.09426626380602397,0.16246090487013676,0.09940999675544447,0.1697639558125293,0.0929787259584117,0.16908764044115354
0.69,0.69,0.69,0.1132723112128144,0.75,0.75,0.75,0.275782155272306,0.5952633308113517,0.6301517515458767,0.6057841111368139,0.6304917788960297,0.5772794337488538,0.6265345553309206,0.6123525524830885,0.6268514903428911,0.6055143824057604,0.6264910413741204,0.6081398930891896,0.6229556159141152,0.5929465679885121,0.6255832986832501,0.5867284947680509,0.6265307040600613,0.6172141662398801,0.6307124921899999,0.13694571456923607,0.22636302631793942,0.13638643054566113,0.22140954912099717,0.13293890226353064,0.21912828913138616
0.64,0.64,0.64,0.105256617372934,0.805,0.805,0.805,0.3454179254783484,0.5991828432416217,0.6286546195212841,0.6128446872412378,0.632393453859838,0.5919908235654544,0.6313618707434644,0.6160712527654332,0.6286615144071319,0.6166501357257314,0.629606423983617,0.6168649991563513,0.6256516962789275,0.5970443320565948,0.6299249038135418,0.6017337117680557,0.6237290104715068,0.638787321546783,0.6310882099670604,0.16785955395606678,0.2693883070214495,0.16942128216841354,0.2737449318518036,0.15770753518590497,0.2560063343840179
0.605,0.605,0.605,0.0917452287882271,0.795,0.795,0.795,0.3705864292293521,0.6675843341836856,0.6747644719716852,0.6865236473909362,0.6839130663657408,0.6694791148869321,0.6905809116254911,0.6558898307577121,0.6801121211306721,0.6873040046310388,0.6833649686473661,0.6549443677348855,0.6848805671778999,0.6632629676325879,0.6925623345271833,0.6827386308182509,0.6785665374754203,0.6782823554109779,0.6858369810400129,0.2020357056535335,0.26358719636502287,0.19437799342837297,0.250887083518048,0.18611027919369147,0.23610118446341286
0.625,0.625,0.625,0.0465293668954995,0.79,0.79,0.79,0.2943548387096774,0.7041952435210805,0.6792103022845563,0.7167013751834693,0.6869523156901767,0.7135430038749414,0.6994429445924256,0.6847700023813613,0.6820996639968168,0.7117621833600799,0.6891994041835245,0.6778678848006849,0.695339880563727,0.7002054432275597,0.7019482363562688,0.7110618206225952,0.6733522737917095,0.6920491187558495,0.6880401669657229,0.1611516595001466,0.23597152414543987,0.1606170070858321,0.22240351491635996,0.15738086096931347,0.2231235965682698
0.66,0.66,0.66,0.0189005915452316,0.79,0.79,0.79,0.2943548387096774,0.7027622580805316,0.6961367294472061,0.7067955740046158,0.6971296386984853,0.7204307181649277,0.7041858887950435,0.6801987017638724,0.6982434525850684,0.6963849134028681,0.6993401801146467,0.6809065346439694,0.696637864312269,0.6913457808631036,0.703680229860806,0.7015592403283016,0.690520698810578,0.7072367637450204,0.697764741021183,0.10475551741996571,0.18930534430423088,0.11431672386325893,0.18792522110341572,0.10976622119571279,0.17640499584712868
0.665,0.665,0.665,0.0193208430913347,0.81,0.81,0.81,0.3376329091859857,0.6232741265075802,0.6135513247909332,0.6068578561578801,0.6118289732099073,0.6148489310849373,0.6241471983468906,0.6296319170538051,0.6149565551954849,0.6113604898826385,0.6143717564264815,0.6190309406035558,0.6130311927754198,0.6167903434378582,0.6232361304892918,0.6083773686078889,0.6093498268274404,0.6307737755926676,0.6115101129326306,0.11095154196308407,0.16437643047921194,0.11448234215263825,0.16087353696994475,0.11828424689878116,0.15665789860838156
0.65,0.65,0.65,0.0180951045027352,0.765,0.765,0.765,0.3180499129425421,0.6325706323224276,0.6269310250171455,0.6305707854140216,0.6254974746410661,0.6314505549684801,0.6271399147179156,0.6263213798213443,0.630547363502604,0.6295589274972853,0.6264104625162079,0.6226253663432245,0.6299225271559998,0.6286630800796473,0.6256447492206519,0.6253320498221775,0.6264664198178524,0.6336369543553236,0.6239374630479563,0.056565975213783495,0.15832759678006061,0.06684958516014576,0.16406519625237384,0.06523352244928156,0.1588004524964408
0.62,0.62,0.62,0.0,0.775,0.775,0.775,0.3307555026769779,0.6197897704200004,0.6192922188713332,0.6170521606676326,0.625801028559378,0.6177229002782658,0.6412647061559182,0.6229019392486155,0.6200801983985506,0.6182117937323633,0.634942559547675,0.6264488181837377,0.6383812406085515,0.6158802277554364,0.6382702886706115,0.6064973139450232,0.6178738764845778,0.5997804427858761,0.6219453636701491,0.04178634450744827,0.06082364877803493,0.04680474161087552,0.05478677564876551,0.05162916464638289,0.06185452168523596
0.53,0.53,0.53,0.0,0.74,0.74,0.74,0.2772758860319666,0.5883942689977182,0.620334880934739,0.5795476950892198,0.6230988706124588,0.5850039400656148,0.6305616240739242,0.6026728964037155,0.6192762263534203,0.5781469482326532,0.6242696006206598,0.5959563195626918,0.6278157603564983,0.5955231778934783,0.627756056857817,0.5741351843044411,0.6158320647573152,0.5744834380046648,0.6182300117991869,0.03824783142506202,0.024853883695478547,0.04059959055644122,0.018497419196552796,0.04454615571583882,0.021158118564367168
0.525,0.525,0.525,0.0,0.735,0.735,0.735,0.3046444502755182,0.5504491327210329,0.5502361299110603,0.5440661759939589,0.5536190294292391,0.5486961522021186,0.5704561181122728,0.5332999400865474,0.5512643156125675,0.5380293565056933,0.5624070189585332,0.5289681922994842,0.564668601843268,0.556253346179717,0.5735723495247003,0.5595852551148351,0.5538871846090995,0.5419045017499124,0.5573031227676205,-0.01891724717654218,0.011549744843761735,-0.017981650573532754,0.012885287078058978,-0.020292099957470913,0.004660610899391718
0.525,0.525,0.525,0.0,0.715,0.715,0.715,0.2830188679245283,0.5197839052459379,0.5635226767923456,0.5030724264466078,0.566211252815191,0.5134643622747911,0.5707799943426589,0.5087615151634235,0.5667860354211527,0.5065852518133842,0.5643479041728383,0.5007081031763508,0.5623688129059048,0.534774940394262,0.5735519705316646,0.5254994211566503,0.565749757430982,0.52068890920272,0.5661192065395165,-0.008893817141674067,0.0580408500326904,-0.0042751699734460595,0.06949300075358225,-0.007366644479495725,0.059283556550572616
0.51,0.51,0.51,0.0,0.735,0.735,0.735,0.2719780219780219,0.5056165681482613,0.5685398888510435,0.4959737807037308,0.571957927446674,0.5060123965362163,0.5707799943426589,0.5058504130529359,0.5678223148905,0.4951718591174869,0.56663326039327,0.4937421663884477,0.5631415442955267,0.5258615650801085,0.5735519705316646,0.5306388487066914,0.5708445883542523,0.5201175242938497,0.5698884634153513,-0.0049515578725838495,0.06682334433073978,-0.0011429981121867743,0.07884465216028592,-0.003320662170042988,0.07034129003146511
0.5,0.5,0.5,0.0,0.76,0.76,0.76,0.2734978053579536,0.5277137727135593,0.5901205534161531,0.5565543867512892,0.5881484133900271,0.5323740189843015,0.5785697091604824,0.5369958105694629,0.5949521436327452,0.559724901252313,0.581880549300755,0.5375074837995308,0.5762638470113308,0.5392701470594917,0.5809792929914175,0.5515798300052148,0.5901042245924328,0.5450784050969307,0.5839466614158461,-0.007012644985669274,0.0018092210163319561,-0.0017063211136899058,0.002140907900450504,-0.003377901596722175,-0.0012705651036289413
0.5,0.5,0.5,0.0,0.715,0.715,0.715,0.203020134228188,0.527147858747945,0.6121373998334247,0.571588660951229,0.6057659398423665,0.5293263786772223,0.5927025882815217,0.5556864527172823,0.6099310664285327,0.5687391065065126,0.6001423564218193,0.5653606050915745,0.592493120312704,0.5437521444526744,0.5928854513181591,0.5482781847044697,0.6168903302647204,0.5423250803232398,0.60606176685182,0.030164441562687286,0.0304843063097995,0.03968446662444413,0.03779136566660918,0.03728923533277363,0.03001992777557797
0.585,0.585,0.585,0.0,0.635,0.635,0.635,0.2039258451472191,0.4887930640129533,0.6203358281625333,0.5486041080445169,0.6200842361925493,0.4941946810097062,0.5961499455086393,0.5480935895339092,0.6195953893416718,0.5499815473419659,0.605628392031158,0.5491919553452018,0.6025716648563626,0.5193320055821449,0.5926284865552093,0.5115416880005048,0.6161084006459716,0.513110358788459,0.620755700765527,0.032873325261256255,0.031036359054682394,0.04052942159493477,0.032218554530358996,0.04400049628763204,0.02482778794153659
0.665,0.665,0.665,0.0,0.72,0.72,0.72,0.2782575074107488,0.4932153020511879,0.6209900367890802,0.5494450655456571,0.6094544961265214,0.48386492880038157,0.5863951018818505,0.5451695908853493,0.6168263036324875,0.5429627536019398,0.6013713585022686,0.5430062943093698,0.5959233065516657,0.5106731309394825,0.5840985136552423,0.49845366340849395,0.614957526742745,0.5146577362737061,0.6086510980945649,0.011691351665013427,0.06791473737190654,0.018212420651715466,0.0702716682688882,0.01978851511627078,0.0562519214902387
0.64,0.64,0.64,0.0,0.73,0.73,0.73,0.1346153846153847,0.5009449080152784,0.5988965233991423,0.5075835167219703,0.5943565292765459,0.4824199497782404,0.582638419400931,0.5234333639724602,0.5941167422279405,0.5099488362822275,0.5893710649919582,0.532845092747281,0.5863007914210236,0.5065870075428853,0.5830050148929707,0.49513845231964976,0.5904191536507257,0.531226282906073,0.5926501471977013,0.029084508706136554,0.06625167783778109,0.03239916090831284,0.05986939864056252,0.025108010626260332,0.050800194863008116
0.605,0.605,0.605,0.0,0.69,0.69,0.69,0.1132723112128144,0.5635785285596745,0.5868352527833439,0.5669214286148403,0.5840831287884772,0.5510546660039447,0.5706577709095183,0.5809180019686692,0.5874980110184719,0.5827858588463328,0.5801290426462468,0.5837410143243155,0.578251419652093,0.5530494581346991,0.5750837026227568,0.5661963650248767,0.5869206090285116,0.6306440767961425,0.5834285298419876,0.04416562283732571,0.04863841316286022,0.04507504896758078,0.04539456398192892,0.04308933792561606,0.039615899646723816
0.53,0.53,0.53,0.0,0.64,0.64,0.64,0.105256617372934,0.5467959223496229,0.6100996391037271,0.5492426953223438,0.6018400386532364,0.5345562862608918,0.5797649694650916,0.5790489641547293,0.6083840392580363,0.5610567089418077,0.5938742533200865,0.5831991946446409,0.5894495558273717,0.5499070485507718,0.5830050148929707,0.5357904940520255,0.6030352226841835,0.6158000466444442,0.5976037678700213,0.02182615715524882,0.041795078656739676,0.031155296357103884,0.0446249108937871,0.01703235443836368,0.0456343568919234
0.49,0.49,0.49,0.0,0.605,0.605,0.605,0.0917452287882271,0.5266759624415046,0.5774543014028751,0.5314566082516051,0.5796693504215272,0.506233783476162,0.5750382231830039,0.5531382447947053,0.5740754590553395,0.539147107041887,0.5838862297073318,0.5543024973791648,0.5786612728517228,0.5311542239316863,0.5764305766661618,0.5146998497144787,0.5738114326991266,0.543011193851421,0.5809659358845211,0.0012065126542906317,0.027075941543501316,0.016361511391793388,0.019135820187278343,0.0008864302379976688,0.02279881264266736
0.5,0.5,0.5,0.0098029507872067,0.625,0.625,0.625,0.0465293668954995,0.582376011032896,0.5904703805790747,0.5989707983236267,0.5839111395528832,0.6008361803518324,0.5761700227630702,0.6107311201092885,0.5833632760778031,0.6016957080670756,0.5806736154255536,0.6027243628867658,0.5755186379390357,0.5998102016398984,0.5771982540564007,0.6099744572154946,0.5873506987790469,0.6308499226624367,0.5840004672752814,0.041677833354742254,-0.0033626609740225392,0.0510465555617425,-0.0022196837620763244,0.0420409345703876,0.011109543780559249
0.45,0.45,0.45,0.0080259716836503,0.66,0.66,0.66,0.0189005915452316,0.5564044893701316,0.5999459155760491,0.5644186263928026,0.5955140026182849,0.5651776895883512,0.583500420580629,0.5841339306751491,0.592755460805207,0.5742018445511043,0.5976538869313417,0.5744706860623221,0.5934162905458717,0.5719707012892994,0.5828624338568997,0.57474422105364,0.5925338138024795,0.6110962412029386,0.5951921944539593,0.032716373703928346,-0.0025613615222749675,0.04093600037612754,0.01048743902164062,0.030341461832815473,0.01047126445545442
0.45,0.45,0.45,0.0080259716836503,0.665,0.665,0.665,0.0193208430913347,0.5673624648305087,0.5908792362050642,0.5932808182000695,0.5859750613764242,0.5847682354414179,0.581869800165773,0.6093373985883148,0.5801997263837256,0.5943651061042704,0.5878195414912357,0.5938631078513102,0.5831030268679257,0.5851444752893105,0.5828624338568997,0.5985964649102832,0.5810039006375102,0.6372490821555933,0.5886458090614902,0.03172824106119126,-0.009669319231311362,0.03905975759874128,0.009894090728256819,0.03128880372130024,0.008975387509441858
0.485,0.485,0.485,0.009234320892651,0.65,0.65,0.65,0.0180951045027352,0.5707576375432064,0.616610069794663,0.5925829109432658,0.6015782232129455,0.5968730535606369,0.5785039176002458,0.6031836769613923,0.6053931313058125,0.5961310925470107,0.5940656272106213,0.5982887162060352,0.5886907321402598,0.5867663056153442,0.5779073701651085,0.5915269401188946,0.6151627755709482,0.6196635069934341,0.6022476074672468,0.022749632267668407,-0.017612277692116332,0.027991814240777207,0.0025388994133090283,0.024614502646565662,-0.0076811205487453986
0.52,0.52,0.52,0.0106152736267134,0.62,0.62,0.62,0.0,0.5938235078134979,0.5846430053554886,0.6224483473219115,0.5765679913543901,0.6114111386416892,0.5683182647340166,0.6035345258899575,0.5743761515664818,0.6138710197268958,0.5710037835309871,0.611514008339015,0.5661243911692023,0.6057102959826783,0.5636331079457436,0.6113013728703562,0.5858128506523963,0.6099589119024926,0.5807896170249687,0.042326022142060424,-0.03646529474559486,0.04894739113485828,-0.018470164206721505,0.045676869591914596,-0.022479319386165358
0.525,0.525,0.525,0.010828821324448,0.53,0.53,0.53,0.0,0.6307464858663688,0.5937537764191805,0.6496140397816342,0.5869254600099031,0.6335518825463451,0.5683182647340166,0.6153663884649336,0.5846697980017351,0.6592558863314564,0.5779904670573485,0.6301216279752999,0.5718752428521272,0.6289695850608286,0.5636331079457436,0.6582924365683057,0.5966435669373162,0.6500035204231344,0.5888858859879522,0.035795792711465636,-0.004628607280183942,0.04061149904175498,0.002131140425120008,0.03866192108286709,0.0023631846368607117
0.575,0.575,0.575,0.0,0.525,0.525,0.525,0.0,0.5526578700166631,0.6573000281428203,0.5711050490032898,0.6512479645409954,0.5492236074834327,0.6207002687162042,0.5588423514343467,0.656295159504672,0.57162077640758,0.6446081376353874,0.5750094939561297,0.6369856511750334,0.560767147900104,0.6169667127985747,0.5568218073344725,0.6598526514220131,0.5632709106364298,0.6475313813018654,0.003004464620717888,0.03295744074753941,0.01741922601755242,0.046627213635700646,0.010809491182546246,0.040162688948240086
0.6,0.6,0.6,0.0,0.525,0.525,0.525,0.0,0.5266521208134345,0.6194305831359815,0.5491840571970646,0.6111390241660464,0.5226024910332313,0.5871431412147874,0.5396244109546825,0.614207690736564,0.5441994665959443,0.6073574512420313,0.5516298439966263,0.598613444580833,0.5332617277208782,0.5840985136552423,0.5349099498394646,0.6178234439477499,0.5479848951895246,0.6146697453838832,0.01043781416805683,0.025563448442599928,0.020727108318536015,0.03189575144157294,0.0077129645823037895,0.028822853162052943
0.67,0.67,0.67,0.0,0.51,0.51,0.51,0.0,0.5657100945116659,0.6541550472023661,0.5853206967475483,0.6429721286151507,0.5533202107283042,0.5977720644064654,0.5660816393089623,0.654703570591079,0.5807615840840761,0.6284664951980822,0.5738430854874537,0.6188961523348904,0.5715253797541606,0.5953663860651884,0.5827504045789513,0.6528774816600706,0.5761925401117769,0.6429571122823073,-0.015981297762280307,0.04755352810770314,-0.009921101916750942,0.04721722005312362,-0.011531793998521198,0.03594477818914281
0.55,0.55,0.55,0.0,0.5,0.5,0.5,0.0,0.5596853643403916,0.6111147667736408,0.5730473067417088,0.6087161797759927,0.5663081212832977,0.596580683111542,0.5537968203010271,0.6187615115797505,0.5754119619832715,0.6067069241108531,0.5699989983720932,0.6037223427535698,0.5560232695982085,0.5953663860651884,0.5766865234159443,0.6124984765313074,0.5660096467896556,0.605185020452783,-0.017213687904462493,0.015260766275629983,-0.00919593518608864,0.02040116842760783,-0.011947374706796448,0.017851020252641032
0.52,0.52,0.52,0.0,0.5,0.5,0.5,0.0,0.5392205261268751,0.5614296212035826,0.539569224324049,0.5624503518923428,0.5360294563444075,0.5786564439041438,0.532805224880298,0.5642708365541366,0.538571717655468,0.5733780910418962,0.5339380777343663,0.5718063101649032,0.5528729627121999,0.5829115243855378,0.5568949028383159,0.5584729140198135,0.5393620974015855,0.5666770216003808,-0.012151462017229357,0.0339338251727677,-0.004086389352249358,0.04677053996544738,-0.010471788735894235,0.04100668765036712
0.56,0.56,0.56,0.0674014412886817,0.585,0.585,0.585,0.0,0.6695240130674561,0.7248326966798976,0.6892897540993794,0.7246339970417676,0.6878125681860479,0.7294921374602705,0.6834792639977467,0.7314754757021882,0.6950308362790303,0.7251571692977724,0.6812183112437652,0.7227638142470785,0.6891023386496721,0.7331680532690722,0.7067773327288451,0.7213010331405324,0.6863164096354785,0.7156338353130838,0.31734177062108837,0.3215883458844051,0.32415031979352465,0.3276983747819692,0.3339582896251812,0.32786313508339093
0.61,0.61,0.61,0.1706539074960128,0.665,0.665,0.665,0.0,0.6865176925126395,0.7495469247787416,0.6935935095302661,0.7472370472097455,0.6929139550904789,0.7429487049328755,0.6964907361925254,0.7562341355558712,0.6995849543211906,0.7438120728980678,0.6971022335017278,0.7418026453966817,0.6906441917170647,0.7394246033797058,0.7033575363533069,0.7450042811759103,0.7001167246266239,0.7396448033778742,0.4064196433779707,0.34663128222925943,0.41643480833565744,0.3620277877453896,0.4128787781093713,0.35967149858411895
0.67,0.67,0.67,0.2128801431127012,0.64,0.64,0.64,0.0,0.7156737963541073,0.7733329292214488,0.7187362556030477,0.7660807044438385,0.7185203472106542,0.7697709390450778,0.7144604862226661,0.7731234144943936,0.7219775379873667,0.7684776065908052,0.7138432747475983,0.769506049390139,0.7178832203498858,0.7676191108626319,0.7284374191453263,0.777863908333413,0.7074322878313432,0.7646596701127406,0.42076094653333485,0.33114536180201015,0.42887122832198527,0.3555022523130085,0.42970451686803174,0.3535113161509663
0.67,0.67,0.67,0.2128801431127012,0.605,0.605,0.605,0.0,0.7362219919564774,0.7760618249271625,0.732346818966036,0.7597115136753265,0.7371659743075263,0.7673653776852738,0.7406675361577847,0.771479143970123,0.725905091351827,0.7687693439743455,0.7371073869331325,0.7690085327696236,0.7474821775270716,0.7671222714945097,0.7543664856714436,0.7717213481909067,0.7448447235566634,0.7643570470175727,0.36904480487268765,0.32666915900388843,0.37001671113499396,0.33288849738949455,0.3736149734974262,0.3362630418836939
0.725,0.725,0.725,0.261744966442953,0.53,0.53,0.53,0.0,0.802953743281408,0.8261700623289246,0.7877055311687653,0.8194825632983312,0.7977732223721052,0.8148000728338125,0.7829857663400263,0.829197665301126,0.7851552657208368,0.8236924605765129,0.764164137197284,0.820651995442874,0.7977522477816935,0.8135430480410769,0.813138011917024,0.8135574209812839,0.7615914594841924,0.8158791070583219,0.4057558265577271,0.37465059928158756,0.4065583328083321,0.38934989932069725,0.4139965355381501,0.37866779827385216
0.83,0.83,0.83,0.3998234774933804,0.49,0.49,0.49,0.0,0.8041785705720214,0.8317848389569344,0.771406845090877,0.8257108540515259,0.798704651856918,0.8184414867848224,0.7706177629324436,0.8344762052997186,0.7781160366687311,0.8239041709396306,0.7567224952099942,0.8244478677491264,0.7916377535453707,0.8125314061924039,0.7941563832231818,0.8177410646934908,0.7720857551168001,0.8222718220443895,0.4095272795246214,0.39805270985066504,0.4089452740825819,0.39584566391897985,0.4126870777501355,0.392459256633526
0.895,0.895,0.895,0.4680851063829787,0.5,0.5,0.5,0.0098029507872067,0.7182574431256269,0.8375523754839732,0.7270275298908645,0.8381795363871231,0.7072153841509796,0.8170336166385253,0.720588101672255,0.8378296888707054,0.7260982201917373,0.8310371780105299,0.6873543875048717,0.835498314343194,0.7259291229947635,0.8143311671246053,0.7162814118328853,0.8300015046591821,0.7313493059721572,0.8284073388311421,0.3461085609781637,0.32892839855466427,0.34755476612841146,0.32054079006079617,0.3543187010474369,0.3162942412376225
0.845,0.845,0.845,0.3171806167400882,0.45,0.45,0.45,0.0080259716836503,0.7269035896720479,0.8161801429959205,0.7426475452096908,0.8086415915947375,0.7067839981410492,0.7824088590031081,0.7331875793626648,0.8097248785268465,0.7306450006351656,0.803056857109781,0.72172408214623,0.7983613111328335,0.7213200668161169,0.7818647964389701,0.7103505224641797,0.8209858485777587,0.7203883543408909,0.8021957839511579,0.31910562077389976,0.2931885647312198,0.3206289324974532,0.28180780491682034,0.3291642245275542,0.282506726321731
0.82,0.82,0.82,0.0,0.45,0.45,0.45,0.0080259716836503,0.6064430722267042,0.642963051224923,0.6185345080727211,0.6412386060809848,0.5819462806345549,0.6157248584873868,0.6013620261362262,0.652305183789907,0.6131262182371224,0.6259667545150414,0.6152623065428687,0.6251652886764998,0.5872104588365926,0.6156960016405955,0.5957271230626007,0.6510564728768972,0.6068136585633384,0.6310401325741742,0.00795006210622473,0.05280807810213091,0.014175972350350273,0.05472504352649627,0.007002957130823403,0.050420763844205574
0.755,0.755,0.755,0.0,0.485,0.485,0.485,0.009234320892651,0.5948046617801169,0.6135215719302365,0.623659141232965,0.6229404415854806,0.6011236520987693,0.6068475703738508,0.6119574590903417,0.6279023634418021,0.6176247479107895,0.6148086292140466,0.6194756593423347,0.6133320806457313,0.5885279525001985,0.6079824087773005,0.5912940632292492,0.6221692411942005,0.5828942280362208,0.6118168518970671,-0.004888624564056102,0.0002497609366153995,-0.0031684353202838054,0.005075876947362749,-0.006386853064078691,0.014271567319164081
0.66,0.66,0.66,0.0,0.52,0.52,0.52,0.0106152736267134,0.5628968062880223,0.594202259878855,0.5821688360818986,0.6045299294316872,0.5598933283430666,0.6032260811050746,0.565122713883193,0.6107670019642938,0.5788453559538143,0.6012486424952491,0.5753029220725936,0.6003627382629256,0.5634701039049901,0.6062957066600928,0.5628289808724336,0.600983256536265,0.56016033812509,0.5952164672101115,-0.015010391487711263,0.0034899399524898097,-0.011150076323418787,0.0016579319507478503,-0.01776451524023604,0.022247073904788126
0.54,0.54,0.54,0.0,0.525,0.525,0.525,0.010828821324448,0.6258975557226225,0.6146424664595536,0.6269376022959277,0.6111778443610206,0.6283520759155757,0.6118453966900148,0.6198708349131207,0.6210131946730276,0.6280338185790802,0.6092391589109721,0.6326515429525685,0.6076648625521328,0.6224558181709985,0.60997526969764,0.6260368506465083,0.6111539507545659,0.6170606508969803,0.6093189840419759,-0.005603859678789213,0.03809084771702778,0.0045075338970839715,0.03125726287110003,-0.007382930601752074,0.032243215506430736
0.535,0.535,0.535,0.0220820189274447,0.575,0.575,0.575,0.0,0.6944802632909383,0.6899253363084453,0.6944028998558125,0.6966306355451282,0.6847527448239481,0.7103831465064205,0.67902252352038,0.6971360698419339,0.6856791158665689,0.6983292731214654,0.6648430357943944,0.6956490334431394,0.6934863788270339,0.710610923633048,0.714029300617598,0.6904838246682858,0.7015808544522136,0.6950907669947752,0.05529033935610015,0.07556614971097958,0.06483897111514977,0.09058095106345891,0.0513672820840221,0.09054897204897777
0.575,0.575,0.575,0.025899610359844,0.6,0.6,0.6,0.0,0.7001735351516106,0.7205572423856682,0.6930454639492534,0.7228316955676563,0.7072576575937356,0.7112657275883396,0.6804080509997706,0.7288713497264254,0.6872830498449014,0.7127063744131769,0.6763975644031834,0.7070467758139434,0.6957267533845779,0.710610923633048,0.7111785492705112,0.7229081490141838,0.7067776768515882,0.716118656985276,0.04593447186102785,0.06753923842041731,0.053366657246802056,0.08425610786370138,0.033902939443116745,0.07829205228790817
0.505,0.505,0.505,0.046242774566474,0.67,0.67,0.67,0.0,0.7367164458738084,0.7706416159195162,0.7146353982711372,0.7712765730920536,0.736273872417502,0.7633927333606562,0.7165650880204764,0.781787901477973,0.7231571138004522,0.767843892318293,0.7242184066914745,0.7629887510363168,0.7277508718964654,0.7667786326283694,0.7322136668891759,0.7729086126870689,0.7254876569949338,0.7650813222521511,0.1851124503627151,0.16961358687147074,0.1875072194425429,0.186198926098685,0.19031893648689752,0.19942869943473687
0.53,0.53,0.53,0.0849800447775721,0.55,0.55,0.55,0.0,0.7157824740431361,0.7526311968717259,0.7036348548119342,0.7601164191691665,0.71773767462267,0.7638748368538177,0.6958917397918055,0.7622898538616444,0.7140705047050387,0.7632291177719623,0.6715482237707159,0.761220962336229,0.7020202202885543,0.7714152102551193,0.7268696874825409,0.7504632336767101,0.7172681267174127,0.7533032817774706,0.26319037167474446,0.253360151804569,0.26530778486611384,0.2554559724466756,0.270545238178369,0.24201653038614776
0.635,0.635,0.635,0.1687542700979275,0.52,0.52,0.52,0.0,0.7092392492726074,0.7401556959255635,0.7144443282152396,0.7370877734077793,0.7130220452506173,0.7411397090841474,0.7076851023726137,0.7427557916966492,0.7173048365453557,0.7365511959520378,0.6967806199480496,0.7327734054140491,0.7043711617700057,0.7501721767536992,0.7159851399744894,0.7321250686669145,0.7039644184593546,0.7326250451972104,0.31850043912004056,0.2761720745415969,0.32215545940348417,0.27971976308390173,0.32678221530896356,0.27224838726467665
0.75,0.75,0.75,0.262645627488571,0.56,0.56,0.56,0.0674014412886817,0.7499807437422191,0.7785897738549404,0.7203582000428257,0.7694184832883114,0.7342066351353893,0.7743615786925678,0.7298380064750036,0.7801512890175757,0.7297209688816493,0.780212017800057,0.7173394825739499,0.7754952532237152,0.7552729652710041,0.7735089250127731,0.7465806409787644,0.7580282988602529,0.7464093910449747,0.770533766957159,0.3206299287118539,0.2666163531299197,0.32932748488784336,0.26370753938227254,0.3271663740752444,0.2795306755962507
0.825,0.825,0.825,0.3608473338203068,0.61,0.61,0.61,0.1706539074960128,0.7652483679440377,0.7895054428101691,0.7444008965832889,0.7917065265708318,0.747089943644882,0.7854420020172276,0.7367039937307106,0.7975077467538624,0.7433159269652125,0.7914079662186663,0.7386390685571371,0.7928407177611653,0.7518285275164841,0.7853225338964378,0.756720448110764,0.7865351030437984,0.7914964759476052,0.7848898941387749,0.32421310866353303,0.27876280884499244,0.3350206259115037,0.2653389033349483,0.33260741082274975,0.2877529313309435
0.835,0.835,0.835,0.3421052631578947,0.67,0.67,0.67,0.2128801431127012,0.7632782220836138,0.7937717976464502,0.7425933547387475,0.8009883651389421,0.7654129083136251,0.7878251660859464,0.7429444093360271,0.8061746898150036,0.7495258101860897,0.803924236952185,0.7425024078480773,0.807121864948383,0.7638042740143527,0.7853225338964378,0.7630380926822016,0.7967564517738613,0.8070108126876346,0.7905946338411799,0.3099898476948765,0.26373568299599737,0.3146108022239246,0.2640578205077114,0.3199948727088234,0.2691280528010321
0.845,0.845,0.845,0.3592393551054154,0.67,0.67,0.67,0.2128801431127012,0.6997209105136062,0.7984467388614372,0.690752826639713,0.7840682163904817,0.6882430509733286,0.7698105000742403,0.6829619347701442,0.7940420005445368,0.6801345804321682,0.7878587809423021,0.6937793354033912,0.7865121409420863,0.6988240280967426,0.7678799335261242,0.7067210081986041,0.8012357572281111,0.7180937200301984,0.785131347111064,0.29995572163179296,0.24257676327798708,0.29908955870736603,0.2358137313337859,0.3043314025554458,0.242783571211445
0.825,0.825,0.825,0.2640874684608916,0.725,0.725,0.725,0.261744966442953,0.665916783719855,0.7569172402164519,0.6607493917044265,0.7536476305816844,0.6699143342954346,0.7339814972626039,0.6597117077342327,0.7654872140501521,0.6556220718799849,0.7509737332087544,0.6714919716554393,0.7429033051745059,0.6623201728527274,0.7300756732748287,0.6675700709407989,0.7626402095423847,0.6855363373930394,0.7450977160879736,0.28361746883334016,0.2121790020327901,0.2910278299805247,0.2218757170596511,0.2940649909941975,0.2137391616779281
0.715,0.715,0.715,0.0686274509803922,0.83,0.83,0.83,0.3998234774933804,0.6669978499714748,0.7616439485706394,0.6710093330985161,0.7510600879617475,0.6731253758976762,0.7323164673044489,0.6780916809504358,0.7637043751374399,0.6619410056144575,0.7522620984814964,0.6732912436408955,0.7450500861210905,0.6714444946645357,0.7293623276383786,0.665565929953279,0.7574138985698834,0.6738560511666023,0.7508864161923168,0.2574384144847168,0.23272594774821873,0.25974204673008455,0.22946349818672937,0.2644045983675403,0.22672140781041053
0.615,0.615,0.615,0.0,0.895,0.895,0.895,0.4680851063829787,0.5162250208494739,0.5962068496065895,0.5508608937406928,0.5919313246574506,0.512906151050529,0.5995051941795303,0.5348418640883812,0.5970434217599582,0.5449501892138693,0.5910264841837819,0.5265991299852968,0.5933766729879612,0.530755272915343,0.5984831708318632,0.540959751510495,0.5990145363942647,0.5244883605003511,0.5898824075711627,-0.03291386680115512,0.009955369874165646,-0.025447515672653524,0.00672201893398186,-0.029339568227875052,0.0032953523959471185
0.52,0.52,0.52,0.0,0.845,0.845,0.845,0.3171806167400882,0.5448296612821902,0.5900441044250271,0.5692946688474855,0.5921561912787976,0.5499353776632886,0.59658526380016,0.5434358930260293,0.5958616221364453,0.5694132864671652,0.5952015288317662,0.5461830839259941,0.5931837633331494,0.542638940632113,0.5984831708318632,0.5614912034721142,0.5962211521764806,0.5439635589871414,0.5893833250221304,-0.0170094424164238,0.02065548704546096,-0.01220640716495422,0.02242934897662859,-0.012487832419810574,0.011649884091462878
0.41,0.41,0.41,0.0,0.82,0.82,0.82,0.0,0.5368323747119232,0.5877600698247568,0.5601040935581886,0.5895839732829642,0.5327516574197522,0.5940294392531108,0.5389418171637511,0.5947320800103064,0.562279740983221,0.5888442120436815,0.5392085633032382,0.5880835729370798,0.5355343706490895,0.5963350765512508,0.5502205410469466,0.5918818387099906,0.5337094580151908,0.5858814946077759,-0.014886073162811956,0.0020197859950782447,-0.010482001750833825,0.0022766872138150025,-0.009181403969107835,0.009841155998085908
0.385,0.385,0.385,0.0061409179056237,0.755,0.755,0.755,0.0,0.6802503036247278,0.7085241385549312,0.6865807374556909,0.7112149258792095,0.6919969615349556,0.7041287122016902,0.6618423162651851,0.7184195636672497,0.6978486700727514,0.7176388294744167,0.6661453887861313,0.7039373839561489,0.6697149498906241,0.7008686566054088,0.694392545012841,0.7173330618048942,0.6830417304061263,0.7091247100736457,0.06305062955563713,0.12863980330451355,0.06543293735706772,0.12856567140444536,0.05965307147741263,0.13551690445754083
0.425,0.425,0.425,0.0336134453781512,0.66,0.66,0.66,0.0,0.7240512367887042,0.7440534876899434,0.7434020821842146,0.7471564982234811,0.7304777656718534,0.7371876874440413,0.7390861780518202,0.7503869920219197,0.7571341744695307,0.7508105147683627,0.7439390237044001,0.732221342433869,0.7288393439553438,0.7343908455722734,0.7412179617506893,0.740412829021426,0.723098766178081,0.7438512072339669,0.3071388881330284,0.2515763554277845,0.31317886394854544,0.24854250994926547,0.3156267718157071,0.25555106476036027
0.49,0.49,0.49,0.1326530612244897,0.54,0.54,0.54,0.0,0.7092875763902091,0.7647568359378042,0.7115431963500921,0.7561330677737251,0.7036832339386647,0.7386165232409687,0.709995945338976,0.7609347300925996,0.7230685711157352,0.7521821940459231,0.7293351997857576,0.7411134587716802,0.6977491997553125,0.7443250973135027,0.7101151186179533,0.7574427312596469,0.7212697414664124,0.7497805742294067,0.42465089321933597,0.2906516762983799,0.4237600483133774,0.280613190840338,0.4296396567585099,0.29466908266313746
0.61,0.61,0.61,0.2467407049734429,0.535,0.535,0.535,0.0220820189274447,0.7433845667526379,0.7527288681984419,0.7322281154785104,0.7468989053458748,0.7339792299645158,0.7368602299568754,0.7211382068433655,0.7570409872697029,0.7401898971208004,0.7411056543941229,0.7537389968422152,0.7365928990130668,0.7227745174807085,0.7413295205501941,0.7284178176742682,0.746332447795881,0.7006915633429676,0.7439723856098578,0.4475422823459857,0.3176375256656765,0.4587035483346005,0.31238273528657506,0.4571408875068134,0.3159526595842344
0.705,0.705,0.705,0.344881190317566,0.575,0.575,0.575,0.025899610359844,0.6968687811860551,0.7415407367869049,0.6828720593733455,0.7410344244608166,0.6970427955921804,0.7408876982937919,0.7015278870904759,0.7481415550563238,0.6899992636327184,0.7446674831338743,0.7109422866456302,0.741641723386887,0.6848530364571312,0.7446491367710389,0.6820826974757347,0.7389961846259422,0.6876928412754646,0.738265611784135,0.4762375328500559,0.33422970460680534,0.4842674281861166,0.3288832931180265,0.479618725392266,0.3294306661619113
0.8,0.8,0.8,0.4776021940707848,0.505,0.505,0.505,0.046242774566474,0.7279560596765545,0.726902830726379,0.7111325618293515,0.7304845454585144,0.7123047529361615,0.7439223689486335,0.7232076976156766,0.7322122089654947,0.7166276769404265,0.7345382374030749,0.7252846650265719,0.7371303153429272,0.7158057283461672,0.747712144242724,0.7166216197409198,0.7241988578395664,0.7245906031473757,0.7290508621322573,0.4763739761424209,0.36357119125721704,0.49200066986083235,0.3643017151733026,0.4875603007554056,0.3631955895786254
0.845,0.845,0.845,0.5582787118837276,0.53,0.53,0.53,0.0849800447775721,0.7677065065966814,0.7797763018795555,0.7450132164898623,0.7801396984847733,0.7542393067392468,0.7834686033466778,0.7518635718860674,0.7832611420629874,0.7540801912683333,0.7812490660711072,0.7475156052351064,0.7876790035191256,0.7389766288179023,0.7830652474382217,0.7422414648423321,0.7860895483698755,0.7542295848784542,0.779392919774698,0.4744706645054482,0.37269684023907146,0.478166716950999,0.3741877846748263,0.47660183140979717,0.356042913501585
0.825,0.825,0.825,0.5276653171390013,0.635,0.635,0.635,0.1687542700979275,0.7505333758248279,0.7781073459061594,0.7293479143356272,0.7804811863091812,0.7416957679368965,0.7825516127214597,0.7433670960341106,0.7803497672211439,0.7477462644599885,0.7803301389690682,0.7380605293762644,0.7844250524473273,0.7295841782391534,0.7806651996845639,0.7347631799217706,0.7877263356955294,0.7325313609531169,0.7810911399323041,0.4898082548868586,0.4444644079020362,0.49401074952466906,0.445470726912086,0.48993282290393025,0.42751538394411537
0.805,0.805,0.805,0.4858950698655417,0.75,0.75,0.75,0.262645627488571,0.75865490826351,0.7668299496679132,0.7478469894575502,0.7715756617471694,0.7453849859600432,0.7814920124027849,0.7499547765734113,0.7675741070129739,0.7538387488604225,0.7756521013398012,0.7475106086560844,0.7778877777870441,0.7360511565977604,0.7806651996845639,0.7408625812255888,0.770607981173401,0.7409624717119176,0.772992273213367,0.49548290433575454,0.43670318580373485,0.49642963690397107,0.43826051574736963,0.49857802620050906,0.42349745727235666
0.76,0.76,0.76,0.307259344782797,0.825,0.825,0.825,0.3608473338203068,0.7648382969674961,0.7918323964350549,0.7826720317087007,0.7969560940613278,0.7568432666771763,0.796984765294425,0.7842395449342289,0.7910939831898649,0.7811945862640609,0.8023673110364793,0.758923468597916,0.8052617582073868,0.7727724884660694,0.7964104362330909,0.7650855532259797,0.786143074925459,0.7728987653937179,0.7928626739371668,0.40894052276073234,0.4414797645267892,0.4117443442792108,0.4332906526600261,0.4097798128099699,0.4354875551896381
0.765,0.765,0.765,0.4050632911392405,0.835,0.835,0.835,0.3421052631578947,0.767277382496744,0.7485174986256629,0.7783888790626622,0.7539291215577316,0.7416438044852608,0.7806923412945073,0.7729499362279943,0.7518235854470031,0.7629572881768144,0.7711985805530296,0.734340825828467,0.7729352835362918,0.7744241632636111,0.7823224555634868,0.7681513154021145,0.7394713214388322,0.7267389620729398,0.7562381766656537,0.48350682189239474,0.3964495475302781,0.4861772807676854,0.393820030044005,0.4895777530609598,0.38117304753708625
0.77,0.77,0.77,0.4590780809031044,0.845,0.845,0.845,0.3592393551054154,0.7595009017987714,0.7669919636717585,0.7693488049249079,0.7652307075594674,0.7677776614206905,0.7742460984734258,0.7525812840927723,0.770432269354679,0.7677890191123723,0.7757074065640712,0.7310508054298192,0.7767090161346245,0.74910630042439,0.7752489665876869,0.7648067320453342,0.7621984081864056,0.7304871501556816,0.7701442266148935,0.5162540401116217,0.3968044604293571,0.521754502087491,0.39849752600575156,0.523253343275435,0.38878530578355447
0.76,0.76,0.76,0.4444444444444445,0.825,0.825,0.825,0.2640874684608916,0.8181744493509555,0.7525298632340452,0.8240774715598422,0.7523344018787383,0.8044057789933284,0.7738055026126058,0.8261770614219455,0.7566466520249002,0.8293584319513886,0.7605182240013825,0.8206791229582774,0.7696732274720502,0.8207604564398453,0.7810122349022843,0.8072682743303574,0.7534763396878348,0.781959068020661,0.7477045495423549,0.5616442486239548,0.33405392340253615,0.561483605030219,0.34644380487199655,0.5604565537145684,0.3371551293166564
0.84,0.84,0.84,0.576271186440678,0.715,0.715,0.715,0.0686274509803922,0.7952021345068935,0.7925275497212729,0.8102835311445453,0.7891163283139526,0.8049478741295689,0.7918754176299767,0.8136540454372649,0.7837688521359099,0.8068018126182137,0.795057982079352,0.8030448586827778,0.8023167241554504,0.8114253501485047,0.7899219798194459,0.802565961717096,0.7763275271058111,0.783163293607482,0.7905814255434431,0.5525543967171006,0.409797902154557,0.5489255934982062,0.4140644281408533,0.5552960778662247,0.4094864645254606
0.875,0.875,0.875,0.635036496350365,0.615,0.615,0.615,0.0,0.7804423912512318,0.8055916676020968,0.79813607274467,0.8020613876638766,0.7892629992454799,0.807396090737213,0.7982268691276251,0.8025754663629323,0.7893204096288652,0.8051350195294488,0.7866856803913858,0.8121465223804648,0.7866268198798612,0.8002555981980545,0.7818655901711086,0.8043019236490406,0.7866672634213366,0.8022780789547255,0.5500317731341421,0.44120587567892827,0.5583146816638603,0.45085580779589557,0.5604923454433405,0.4388688878623135
0.9,0.9,0.9,0.6668887408394404,0.52,0.52,0.52,0.0,0.7781608119937631,0.8070431630282848,0.7959784673970488,0.8024956185187727,0.7975850848063957,0.807396090737213,0.8007588425979502,0.8011293942364599,0.7899480539448785,0.8076672401372414,0.7840374238371085,0.8130949295905698,0.7877040297927744,0.8002555981980545,0.787982944252875,0.8003239575633626,0.7722594644653026,0.8068113356060544,0.5124344685428666,0.44738710615919364,0.5265796925281677,0.4416969147953345,0.5255017023086512,0.43201463876077534
0.83,0.83,0.83,0.4137931034482759,0.41,0.41,0.41,0.0,0.7839485839545072,0.7899760988112784,0.7752563604479386,0.7940869512878009,0.7659593653986815,0.7990854611338571,0.7905577489292172,0.789312511238617,0.7665434686262501,0.7943647702912409,0.7791197252917657,0.8030127016031018,0.7788471569218792,0.7983909823153267,0.7777978689521549,0.783875229303563,0.7753365165180923,0.7902125362220125,0.4511186716123354,0.3985723465702274,0.4562623834985858,0.37199831464321603,0.46083031821257125,0.3548966213437164
0.715,0.715,0.715,0.0,0.385,0.385,0.385,0.0061409179056237,0.6156939477518002,0.631196160709964,0.6312885024508914,0.6226475483220338,0.610552042625818,0.6019317456244008,0.6328683457770312,0.6274397998792356,0.630051398860427,0.616284406328698,0.6366204897268309,0.6108261081640071,0.6127401721912092,0.5978219154076936,0.6126598705655188,0.6357550396990417,0.6208743657959629,0.6199852347050372,-0.010910555581548685,0.05175838779525406,-0.0036647615483115705,0.0612240962053651,-0.0056547172752650626,0.05258076205406991
0.695,0.695,0.695,0.0,0.425,0.425,0.425,0.0336134453781512,0.6202021677600135,0.6267452079727037,0.6287144175914001,0.6294859469292753,0.6196229480354641,0.6155028340191555,0.6234913645566088,0.6283109423211848,0.6269087434859858,0.6289926124679935,0.6291866980063895,0.6291440596347229,0.6181394678548529,0.6119017642932658,0.6211703155872542,0.6311905524019804,0.6041655968482061,0.6289914586605523,-0.024563838406852223,0.01086051372079978,-0.014244927231927251,0.014376258324681512,-0.018193672181176842,0.012315210169003022
0.695,0.695,0.695,0.0,0.49,0.49,0.49,0.1326530612244897,0.5820250041366334,0.6447962237871028,0.5827055590210677,0.6345749877105079,0.5864150936911661,0.610936709066872,0.5770406568350195,0.6508142853055404,0.5888990358408169,0.6208192064163717,0.5756478613963413,0.6199396587200732,0.5886431354310137,0.6104262962939012,0.5950543514330793,0.6458371029633633,0.586694483832311,0.6320638971132415,-0.020348010237673977,0.044960341195316764,-0.0058432672265348725,0.05015045956772446,-0.015667668514165022,0.04137608541683289
0.68,0.68,0.68,0.0,0.61,0.61,0.61,0.2467407049734429,0.5593160809568031,0.6237153744106837,0.5689792531011308,0.62716894088057,0.572888349017914,0.6096769237429809,0.5846101467417264,0.6298276522834844,0.5818505611155276,0.6183026716475678,0.5810558585371057,0.6178303750465007,0.576427590090856,0.6104262962939012,0.565621484514653,0.6308098335009753,0.572399002122653,0.6209969105409882,-0.01850180662468754,0.04578678864326753,-0.003977204587194085,0.059753875004700835,-0.01281306475194631,0.05381492133712909
0.625,0.625,0.625,0.0,0.705,0.705,0.705,0.344881190317566,0.5526361790347123,0.6008335493219907,0.5532598235526326,0.6055751672058967,0.5524156288485474,0.6116677925969012,0.5662427765928976,0.6046241275843335,0.5568147837605937,0.6022136417537647,0.5509795750289864,0.6076260368030074,0.5673884765472652,0.6104262962939012,0.5667296780352908,0.6033521120369731,0.5594440859474848,0.6031743408819473,-0.006504604017234494,0.07378962514020733,-8.136353766485415e-05,0.09040533433824385,-0.005993528674240334,0.07225104869028554
0.635,0.635,0.635,0.0,0.8,0.8,0.8,0.4776021940707848,0.537290013888305,0.6214148922473327,0.5774576300617822,0.6225576374205327,0.5365115241808671,0.6103829747779567,0.5742893382109712,0.6267005595258681,0.568041521467923,0.6129039106458307,0.5508471740144485,0.6123441428812728,0.5661425693382858,0.6093836031305311,0.5594407788851672,0.6260710724293282,0.541332713973335,0.6179971276971801,0.011762436026839027,0.046910961790045294,0.019025793466706013,0.05395533476130964,0.01743780130316507,0.04251079462750993
0.6,0.6,0.6,0.0,0.845,0.845,0.845,0.5582787118837276,0.528032519698659,0.6363984343785597,0.5646941823952494,0.6332468666886533,0.5238509472687874,0.6116427601018478,0.5715928361084095,0.6333826866901681,0.5652950732435462,0.623313647714253,0.5583275729021784,0.6215617056031599,0.5572756099740582,0.6093836031305311,0.5413838558551949,0.6310461531066862,0.5253138750341607,0.630199317898691,0.01116140343500966,0.025244767376807278,0.018790375163357454,0.02405414602222045,0.0167757814375103,0.029530534769244807
0.605,0.605,0.605,0.029245514868518,0.825,0.825,0.825,0.5276653171390013,0.6722681295863457,0.73651762797886,0.7053102786840625,0.733976487633631,0.6539144172804764,0.7221339407934503,0.6920124995453258,0.7396850024022003,0.6954491940909381,0.7341222942332303,0.6606719491243941,0.7252443052927555,0.6919585203131403,0.7184383927372607,0.6875381569760289,0.7358826953378996,0.644879627963708,0.7309422743320403,0.1949749176171167,0.15165643138896615,0.19170303599916838,0.15071201746291585,0.1897656900172244,0.1624542301582396
0.555,0.555,0.555,0.0458833619210977,0.805,0.805,0.805,0.4858950698655417,0.6866327634796633,0.7236540132755823,0.6908939588681325,0.7250775640745439,0.6480541465640783,0.7284623324106291,0.6863406231662424,0.7245396546802555,0.687981565065747,0.7318580888379989,0.6763273892826868,0.7204728912941444,0.6742453972461305,0.7257943720641498,0.6697814951056226,0.720671409107624,0.6564538491081602,0.7207732826840645,0.1984861287954258,0.17978995495362027,0.20375611579497976,0.172928142989982,0.2016713635251364,0.18738328737373808
0.59,0.59,0.59,0.0526802218114602,0.76,0.76,0.76,0.307259344782797,0.7128880159229768,0.7181699393633668,0.7127979292359492,0.7213227989719058,0.696112784103918,0.7301130875980026,0.715427028140477,0.7250334486867733,0.7160792310950578,0.7272085664303257,0.699911552265251,0.7193424341259279,0.710879711658411,0.7286369880695901,0.7141962302975158,0.715054113562297,0.6628829348536569,0.7194795628811579,0.19000997582402906,0.20436030397577382,0.1928037838590648,0.2012494221899611,0.18718085482445468,0.20646777427105514
0.545,0.545,0.545,0.0441176470588233,0.765,0.765,0.765,0.4050632911392405,0.6832877808881211,0.751105470929579,0.6719991222390262,0.7512010092565445,0.6524640908851626,0.7345390774639743,0.672833031223208,0.7610465601678085,0.6677078552979695,0.7499406640862261,0.6678570324969705,0.737581379137231,0.6662718088157371,0.7329154294913993,0.6739441435982199,0.7583525150134657,0.6467939657727867,0.7462390571945993,0.1985068542527116,0.204763456353478,0.2048383954006951,0.19037809936076708,0.19966647669381954,0.19837722992767867
0.59,0.59,0.59,0.0526802218114602,0.77,0.77,0.77,0.4590780809031044,0.6303509352524836,0.723640379353691,0.6354014571360478,0.7304238865511959,0.6331717736558867,0.7196723146734021,0.6487742667761306,0.7354218961918477,0.6316090303923059,0.7361592648984511,0.6432980124191693,0.7254017311700801,0.6427858165667869,0.7187105722497248,0.6362973741229095,0.7266053211330588,0.6214746231867945,0.7240077271899071,0.1955020192130927,0.14951698114052114,0.2041460317473064,0.13887271169931212,0.1981979936612622,0.17564980921522785
0.54,0.54,0.54,0.0432612312811979,0.76,0.76,0.76,0.4444444444444445,0.6438187098274368,0.7144209306637573,0.6484533100776381,0.7204374526294454,0.6393579162750055,0.732384421539297,0.6568412941257797,0.7196713238033381,0.6371784238888395,0.7292267942632934,0.6372919543489249,0.723504374961915,0.6526757976313357,0.7299051286219462,0.640883177288112,0.7155090217371567,0.6199363266347135,0.7169699600044084,0.20193618409115466,0.18481973630669446,0.21270084268018746,0.17912278822825342,0.21228644123526982,0.2002942118736134
0.595,0.595,0.595,0.0772385509227614,0.84,0.84,0.84,0.576271186440678,0.6703263295917327,0.7918961073594722,0.6649962913610613,0.777504242025933,0.6756798134214194,0.7893941495918668,0.6719317261735056,0.7875952133516456,0.6574203185314133,0.79595126004277,0.6599230039766906,0.7894026750785741,0.6825024820760466,0.785970950793398,0.666720172918123,0.7884720464209886,0.6447516176123165,0.7839236592060375,0.21666800605286782,0.3967809430658816,0.21538781073767474,0.36026450905263596,0.22398621778029748,0.37515947869604616
0.65,0.65,0.65,0.2315292567790098,0.875,0.875,0.875,0.635036496350365,0.6722188041782026,0.776267691169642,0.6808197231278665,0.7815300920656552,0.6805368585401571,0.8031362902027969,0.6856585497773247,0.7812864605293841,0.6692854832998748,0.798437814360756,0.6585315404379305,0.803211868617639,0.6793377559994571,0.7989564051454637,0.6812206227061208,0.7710649556535311,0.6924024508209539,0.7871244475055874,0.411771159903489,0.3849313853317909,0.4161647265678859,0.3692163137601036,0.4192992140197156,0.3731506783339402
0.64,0.64,0.64,0.2233847481393593,0.9,0.9,0.9,0.6668887408394404,0.690833697247867,0.7734412477153956,0.6899137708378443,0.7818375035655211,0.6967005942364936,0.8031362902027969,0.6882857507607429,0.7729408308835974,0.683441528771513,0.7955670149989824,0.6590716064426139,0.8004685941227854,0.6874902778694025,0.7989564051454637,0.6993776220109493,0.7694642235761189,0.6852214594572557,0.7886016852133155,0.4090264497262475,0.3833070971188737,0.4167408271971918,0.3853246352184316,0.4158541886714854,0.36983834664410203
0.6,0.6,0.6,0.1934670833753402,0.83,0.83,0.83,0.4137931034482759,0.6923441336128722,0.7305967166253455,0.6845872519119949,0.7270776916081124,0.6991399678218807,0.7659213518498907,0.6985161407866792,0.7319121104397144,0.6698285301156275,0.7552703836493891,0.6525715242410451,0.7581056832042503,0.6958879137393915,0.7721268716782373,0.6932259594935269,0.7229638277769607,0.6798937968492774,0.736991812089988,0.36925778406617193,0.33373512520769555,0.36485026937303555,0.33767126857981633,0.36893804293709875,0.32533411160693726
0.565,0.565,0.565,0.1761363636363636,0.715,0.715,0.715,0.0,0.7135810679316584,0.7259133133616588,0.706621153040212,0.7274925333476429,0.715229420471228,0.7601907833007815,0.7159744817428684,0.7264500102821293,0.685967828999077,0.7516922369447437,0.6673546859400586,0.7577542259881461,0.719272294445831,0.7696087105155026,0.718833299376395,0.7174290457588585,0.6956370941772066,0.7319791247780456,0.301202254740031,0.33547360623466244,0.29443510530370454,0.34925090671454867,0.29446341144984534,0.33097720140507886
0.615,0.615,0.615,0.2110655737704917,0.695,0.695,0.695,0.0,0.6989828040600095,0.7716698361765055,0.7060898471246665,0.7664680061532767,0.707247555931929,0.777108714723896,0.7262399235385631,0.7696458389078092,0.681418864969727,0.783554071984436,0.6790574945175083,0.7885186908079072,0.7168171651960099,0.7850101326787966,0.7171991294671687,0.7591216868903975,0.7016261185606014,0.7696044929170567,0.3247665296419862,0.411310648776678,0.3189537804389623,0.418146110783735,0.31892089300278503,0.39621210765992637
0.68,0.68,0.68,0.2577989098921488,0.695,0.695,0.695,0.0,0.7705273802530374,0.7769018721351653,0.7846685436096208,0.7693477924716897,0.7747052770307816,0.7783685000477871,0.7886620194445717,0.7740653687561043,0.7802650611806372,0.7836421785032934,0.7644893009957662,0.7906695720975937,0.7867853105238529,0.7850101326787966,0.7749305994192909,0.7628782380413736,0.7528797021707982,0.7691819504982087,0.43294648296091565,0.39540190972274997,0.4288193646400553,0.3954346198833739,0.43259072082422945,0.38808735742325146
0.73,0.73,0.73,0.2990654205607476,0.68,0.68,0.68,0.0,0.7002733203895941,0.7609553676151313,0.726742151997721,0.7549510174011596,0.6934664664138142,0.7832164875149773,0.7287039624615878,0.7565786584651628,0.7049904017481502,0.7751183023359578,0.6951996063849137,0.7798966832099483,0.7200703590030286,0.7858415917243237,0.7204340781281562,0.7491553665067907,0.6868196819194028,0.7597614047370991,0.4553780417559561,0.3248273365488093,0.45482292684305864,0.31611412616072665,0.4559688699931607,0.32500740307859355
0.7,0.7,0.7,0.0226421241244502,0.625,0.625,0.625,0.0,0.636912383855936,0.7774120282699303,0.634952663626228,0.780433917064953,0.6268874588021152,0.7928877049277986,0.6344262202352882,0.7841390131922811,0.6250279191233938,0.7779559060058724,0.6196866829261602,0.7892527235305463,0.6463197255562173,0.7925370784696035,0.6476140793624686,0.7678755044053308,0.6332141467537378,0.7724499632395213,0.0525977513310656,0.2841315643393699,0.06328321133737663,0.2877451453405945,0.04725868991149626,0.27612149324677976
0.635,0.635,0.635,0.0169674117963909,0.635,0.635,0.635,0.0,0.6265395890648928,0.7624901876248329,0.6215797547823192,0.7519710642404881,0.6238336623395625,0.7559317486187671,0.6281455945083183,0.7542383800112495,0.6166528031088879,0.7553304608109401,0.6156757413803287,0.7579156801966384,0.6309608492047142,0.7532010265544324,0.63447404365491,0.7577395708759412,0.6197877724391616,0.7567994263123378,0.033280557497357345,0.18334978917476913,0.04401950798944809,0.19906632182680536,0.03689556768635401,0.21290868303598665
0.58,0.58,0.58,0.0135055783910746,0.6,0.6,0.6,0.0,0.6116255012672169,0.6844795744289082,0.605155600492683,0.6920345952337352,0.5912619370905222,0.7069884699962352,0.6087334966587025,0.6874943906731739,0.6025007905155264,0.6939552046848179,0.6087965096388449,0.6997483285851437,0.6053600871617626,0.7111362930170588,0.6091705825265484,0.6906783295780263,0.607667808789868,0.6854492577827533,0.07876619983839583,0.19694800895137127,0.08940347866785259,0.20459674298612146,0.07922301594731486,0.20891208380243392
0.585,0.585,0.585,0.0,0.605,0.605,0.605,0.029245514868518,0.5196683701204056,0.5897504738004072,0.5322480093954431,0.5917713468689394,0.5171249295066042,0.6070096682661679,0.548369323630768,0.5925335981491443,0.5348443887215583,0.5876848846258237,0.5328383322057209,0.5911127492461833,0.5441373004126584,0.6074415199325962,0.541003656509634,0.5901042832788828,0.5094750384262701,0.5883510326193845,-0.007328419160670967,0.037099744227734065,0.002559671937472231,0.04789732497445644,-0.009142111035184922,0.05249607410317312
0.545,0.545,0.545,0.0,0.555,0.555,0.555,0.0458833619210977,0.536252575397461,0.59275870166326,0.5529994691357502,0.59489079908831,0.5428020118121092,0.6094686710565552,0.5758307865276924,0.5948179224841706,0.5631049787588412,0.5959403487897634,0.5674302924716459,0.5983375493969649,0.5572030768962443,0.6074415199325962,0.5543044110516511,0.5896416158888838,0.5440870369532925,0.5950364432307433,0.028771066735434066,0.06702246780961765,0.03848214909243324,0.08374640851490958,0.02845697223657095,0.08149540104751951
0.48,0.48,0.48,0.0090519294902333,0.59,0.59,0.59,0.0526802218114602,0.6603874726751945,0.7046251845052538,0.6578812020034179,0.7086112790074881,0.6541138726721637,0.7177036584380384,0.6557268637245659,0.7083811654553567,0.6512584646046481,0.7097944429027269,0.6458240686023181,0.7103024686135063,0.6716372937665182,0.7142356937294838,0.6804702554939617,0.6996187633628437,0.6574333741758825,0.7087591772662343,0.06889475191394075,0.12215667558783447,0.07844834192617434,0.13227654737980163,0.06039604744893147,0.13141736464614226
0.41,0.41,0.41,0.0133779264214046,0.545,0.545,0.545,0.0441176470588233,0.6629836691786338,0.7304435340119857,0.6436483611214401,0.7328941683701039,0.664750375738063,0.767134351459482,0.6540061869444606,0.7333471858706684,0.6460225413705223,0.7482431392563212,0.6436700222236238,0.7512781813425959,0.6742828608670449,0.7686932764288245,0.6770044944901218,0.7256731597033214,0.6351305317510256,0.7333605600929772,0.0470301747164974,0.17950789764474212,0.04416284662698437,0.17469817061899298,0.04108537703288066,0.18687490576352067
0.44,0.44,0.44,0.0151248680970805,0.59,0.59,0.59,0.0526802218114602,0.728378135928449,0.694766210058293,0.7076147425967284,0.6982548059127358,0.7257090040273724,0.739595676575163,0.7076946920113932,0.6989950214446872,0.7144959124188663,0.7154629644671157,0.7018880206603815,0.7209579881882919,0.7199515822706124,0.7463032644391429,0.7393318136958135,0.6928184722688833,0.730610968056908,0.6981294352091322,0.021037474913501154,0.16824888955719958,0.02262164520768402,0.18112961871036773,0.029291578914713706,0.18246574580374672
0.515,0.515,0.515,0.0203999192082409,0.54,0.54,0.54,0.0432612312811979,0.7598133824566701,0.6966472269677765,0.7355656427008594,0.6971387007095134,0.736575376040314,0.724034738254926,0.7245400806119583,0.6995019865178137,0.731796992200153,0.7162470338341326,0.7202674125790526,0.7130622472232021,0.7503130103542405,0.7337742964183297,0.7583148572914012,0.6891809453027579,0.7502825266629009,0.6975684773448687,0.08673736924432716,0.1818698849826032,0.07711459209838091,0.18957368024200105,0.07913821520572291,0.18152427831636678
0.555,0.555,0.555,0.0239087519192806,0.595,0.595,0.595,0.0772385509227614,0.7473827899266214,0.7239577796003033,0.7253668770872417,0.7202784504382554,0.7220643270838267,0.7370900551325267,0.7181563941659033,0.7248525583143226,0.7239569109662869,0.7366029433642146,0.7172806316598955,0.7347398161956814,0.7431125237218861,0.7428525321197783,0.7354546371393124,0.7159410703474154,0.734919149673659,0.719503775531026,0.09991816617069459,0.19686093191678247,0.09289786047788853,0.20468512769128266,0.09022248169386403,0.21545726821441719
0.55,0.55,0.55,0.0234375,0.65,0.65,0.65,0.2315292567790098,0.7369313778672344,0.7243033767357745,0.7384225973268597,0.7224751961650238,0.7127317692503222,0.7414004204258272,0.7177176023226732,0.7227546334034683,0.7230625217416613,0.7431692400274013,0.7126388255296713,0.74265959627823,0.7378488895955122,0.745370693282513,0.7364312313990009,0.7203288329258698,0.7258783771983196,0.722758748306287,0.09295153166744397,0.22198710582987025,0.09111009770348216,0.22789150459179697,0.08962284271202473,0.22117940288895016
0.545,0.545,0.545,0.0117289313640314,0.64,0.64,0.64,0.2233847481393593,0.6052886448989778,0.6244161877281954,0.6096044657247502,0.625076204745691,0.6072553196295185,0.628776339747159,0.6100490961608647,0.6296115307070212,0.6048353076794617,0.6202032018460433,0.6121350288179144,0.6288097065302081,0.6163549324897367,0.6246236487766597,0.6103885581642561,0.6240708472892034,0.6050997215863554,0.6294836208054402,0.07923082710423499,0.12874818035923768,0.08209901720307272,0.12292094348046192,0.0811188339881809,0.12943932796202062
0.61,0.61,0.61,0.0,0.6,0.6,0.6,0.1934670833753402,0.48657510723735453,0.48035102059772616,0.4986373114348608,0.4884295212209115,0.4952356061905855,0.5067584798358252,0.5022216021526951,0.47476725375280343,0.493424830100929,0.4815340966608637,0.5042772403949247,0.49080741190915855,0.4972026960246338,0.5177945656165386,0.4872663255217334,0.48049574043328247,0.48560692498201885,0.48484290295831606,0.01021846556196279,-0.005718106034496414,0.008705377974067556,-0.018880922126127235,0.015839987563455712,0.00012278195209521308
0.65,0.65,0.65,0.0,0.565,0.565,0.565,0.1761363636363636,0.4991266875233876,0.47536964696983725,0.5038797147404895,0.4819961353439108,0.5036658870090874,0.5038213726838571,0.5105585651367905,0.46885421193723104,0.5073106101902117,0.47984698224327327,0.516209313632594,0.48640785371184403,0.5102218529240832,0.5177945656165386,0.5000596672458177,0.4722504732770156,0.49159451490106715,0.47953567520385054,-0.001943426572510454,-0.04686597351469317,-0.0030332515050248165,-0.050122925301162975,0.003256397281339159,-0.03704862412846126
0.555,0.555,0.555,0.0,0.615,0.615,0.615,0.2110655737704917,0.5112858205418975,0.4735849572588831,0.5184277235221488,0.48068647734455944,0.5210069790913436,0.5013676573216101,0.5150671186046557,0.4714362332920355,0.516740481174129,0.4810059909018574,0.5129980516030692,0.4863742778796442,0.5198431469470822,0.5110948583261848,0.5219827743942146,0.47508241286776337,0.500309575343016,0.47817575965648146,0.005121364272516668,-0.022707139223554326,0.0015064893265019515,-0.03597893619737557,0.00931108768473586,-0.02146091310788832
0.485,0.485,0.485,0.0,0.68,0.68,0.68,0.2577989098921488,0.5101587083897949,0.48243204984505306,0.510129717448551,0.4942367021589966,0.5121563624765534,0.5177945562778644,0.5128871403564639,0.47753086741768275,0.5047047745538037,0.49647565640875085,0.5114656244518881,0.49946095414945796,0.5116602832749061,0.524996155525707,0.5059194469093067,0.48724390967486075,0.4981004268018839,0.4942026721576458,-0.006990016406417693,-0.014364519734405045,-0.009960217006742099,-0.023577343421195506,-0.0017992334288353376,-0.017550343080404582
0.49,0.49,0.49,0.0,0.73,0.73,0.73,0.2990654205607476,0.5514966116639776,0.5082518332495976,0.5464394163840695,0.506514404536583,0.5496421467699049,0.5340676935026754,0.5385128935898131,0.5062427654826421,0.5455501091861535,0.5116026286993659,0.5535220975207915,0.5130225984253044,0.5418941351524097,0.5394280700111469,0.5524676547693842,0.5115317257822531,0.5322138984732455,0.5117069257291024,-0.016269831237995844,-0.023879182325875645,-0.02157515336027859,-0.03692634541922337,-0.0011326892231753672,-0.015115918702131779
0.525,0.525,0.525,0.0,0.7,0.7,0.7,0.0226421241244502,0.5081463939949334,0.48287189578140294,0.5086943845675643,0.48348812327982615,0.502481506461113,0.5163489965165312,0.4987824555623288,0.4807579976422338,0.4989012103518275,0.49106653649530774,0.5070584021066142,0.4936606302601344,0.5095130052506922,0.5230862410049101,0.5150036100129664,0.4831244922182345,0.48699785286497876,0.4847989648774539,-0.009262682021523689,0.0010191529136639136,-0.009332166871319698,-0.010170782612599575,-3.651191988709776e-05,0.003965968349138906
0.53,0.53,0.53,0.0,0.635,0.635,0.635,0.0169674117963909,0.5118831378003859,0.488957330087446,0.5224422809386601,0.494002694276866,0.5138561753644743,0.5197973277348892,0.5198568210640512,0.49152056187659254,0.5097213725829444,0.4913067438576001,0.5200835752097761,0.4984781784794233,0.5246500054533411,0.5283564958830262,0.5307064543443447,0.48300281163383196,0.5238793678133983,0.48995058254795587,0.008268910817520868,0.06594050996911202,0.02661373508667047,0.053848525414523535,0.02401337128775314,0.07373894646618101
0.465,0.465,0.465,0.0,0.58,0.58,0.58,0.0135055783910746,0.5395351248913576,0.5344494150311293,0.5443912876491068,0.5334680592158167,0.5360949690164586,0.5452412208167011,0.5255586172341711,0.5311755177730862,0.5303788580638344,0.5401278097045333,0.5397253706692597,0.5403222162709403,0.5337558593056292,0.5502883732694601,0.5415190099911882,0.5352306525606582,0.563602934539702,0.532886114050652,0.0018840726876218571,0.030718630814833732,0.033195207708872215,0.025797533451894766,0.02187276674891145,0.030390328763699393
0.46,0.46,0.46,0.0,0.585,0.585,0.585,0.0,0.5691968172101066,0.5984848995053542,0.5875363237654956,0.5951170416678008,0.5731996085531009,0.6066562769324333,0.5808948577634858,0.594859588885159,0.5853361785042779,0.5954831014699831,0.5866264951573982,0.5980108891863358,0.5745017319185435,0.6103090556774847,0.5820707663035943,0.594636904264109,0.6113779803110082,0.5959385607388812,0.0004545230853556623,0.07205402644198011,0.02903243680090332,0.06863923015874301,0.020949229090358203,0.07524050742845896
0.58,0.58,0.58,0.0,0.545,0.545,0.545,0.0,0.6567649254112256,0.6523033473194411,0.6480483613046435,0.6515439428169882,0.6524864375078268,0.636597882912666,0.6551216242157433,0.657872765376786,0.6554649368049242,0.6506982049556442,0.6685817687533202,0.6461468439892689,0.647472027560354,0.6318655447025902,0.6518585350761357,0.6590294423578491,0.656560875657334,0.6600593972708517,-0.012123435751550449,0.04606708558667391,-0.0033722980671640123,0.03871363162717784,-0.0018358267645110225,0.04552347102663737
0.67,0.67,0.67,0.0,0.48,0.48,0.48,0.0090519294902333,0.6775121024453477,0.6556917490753673,0.6855083148384342,0.6516997751838541,0.6782917265235046,0.636597882912666,0.6716852160432428,0.6587816941983777,0.6865002010772387,0.6453219091540595,0.6814231799081355,0.6414604033431412,0.6781737787384299,0.6318655447025902,0.680193305100017,0.6565395040887043,0.7009274527092728,0.6548085479111935,0.07704428480465132,0.03645357061351932,0.09139559707685142,0.03490895467812742,0.09373140122861526,0.03680839903032746
0.635,0.635,0.635,0.0,0.41,0.41,0.41,0.0133779264214046,0.6526433778091973,0.6425565590850665,0.6641355269571521,0.639972127946278,0.6513593834392226,0.6418042653796472,0.6584817826535695,0.6468596637151042,0.6701287157890156,0.6411207555794985,0.6649343881137041,0.6386925443468854,0.665106719681948,0.6358994133299022,0.6662237063054229,0.6460308019278684,0.6791032624440779,0.6431165582548684,0.06585993728837351,0.025844287368698492,0.06627370087682023,0.024794750835944332,0.06305847366101221,0.03581209568101535
0.59,0.59,0.59,0.0,0.44,0.44,0.44,0.0151248680970805,0.6247013367528611,0.6217709955844969,0.6234661008003188,0.6213379012958066,0.6163008658437225,0.6271078680709545,0.6291729437894444,0.6245692540264614,0.6432583377314959,0.6239476383023568,0.6430507720049213,0.6235225619070885,0.6292301942934175,0.6240766227754994,0.6284561408875623,0.6217478913666278,0.6220308921923011,0.6276050216558846,-0.010187751272544187,-0.014864270543922945,-0.007751506792288629,-0.015163095712784045,-0.004340893624653927,-0.006474834573436979
0.56,0.56,0.56,0.0,0.515,0.515,0.515,0.0203999192082409,0.5431599719001567,0.5709567968168201,0.5379457077164526,0.5692003010071306,0.5446571854649911,0.5814824569452693,0.5454714468144213,0.5774833670152126,0.5423194060796008,0.5661394234215583,0.545800635571024,0.5705216542138803,0.5481551940808496,0.5813990996243286,0.5489541308316028,0.570280623331166,0.5746971523744809,0.5625047702221818,-0.008565431012565869,-0.030401833883630065,0.0016878080634756308,-0.03138911454898861,0.007249716117960163,-0.027772188052507665
0.565,0.565,0.565,0.0,0.555,0.555,0.555,0.0239087519192806,0.5318427596264302,0.5262389688061918,0.5324354551836231,0.5273682804645394,0.5279679073665947,0.5379773029726128,0.5235135198950877,0.5268857763979018,0.5328503824463161,0.5301944423618231,0.5371441361934294,0.5312011926159574,0.5301533374458686,0.538090810056979,0.5340566523562283,0.5244454463507173,0.5489354565317061,0.5256009705317717,0.012747692900532882,-0.03046550043158712,0.010420005019546073,-0.033226898686139025,0.020845459430376474,-0.03543856047059496
0.59,0.59,0.59,0.0,0.55,0.55,0.55,0.0234375,0.5292061023166053,0.5198672511656767,0.5272581380776338,0.5181933250765748,0.5325245354417755,0.5189473748365385,0.5189573453849942,0.5172139122240049,0.5266636294938074,0.515421449272717,0.529833517513579,0.5141353730529238,0.5227790738692795,0.5234284830077068,0.5249271050935234,0.5232436845726942,0.5439088203147164,0.5139605252645018,-0.00021869062259743239,-0.058853066760783106,0.001709733706607806,-0.06763729255255783,0.008156147234618024,-0.051901007540964106
0.57,0.57,0.57,0.0372775103548641,0.545,0.545,0.545,0.0117289313640314,0.5815658264248612,0.6706806276814177,0.5762732562979592,0.6695081749033569,0.5791413663621726,0.6602790805445807,0.584334676224959,0.6732758223561764,0.5781732934197059,0.6639212162842231,0.5842452697188744,0.6612120275353248,0.5824413142367272,0.6627627253392148,0.5886886601716027,0.660809218986732,0.6061518351714295,0.6602969281046087,0.10904605692858611,0.19311006476255752,0.09911522176772523,0.18501721244942995,0.10255989269573344,0.193008140255081
0.595,0.595,0.595,0.0411931818181816,0.61,0.61,0.61,0.0,0.5922952794914699,0.6763879705268943,0.5933109141816606,0.6773804512445756,0.6001436380040637,0.6630422873502847,0.5840129445138366,0.6748636733916392,0.5835528317238056,0.6673239152875338,0.5888102781432591,0.6630181101461539,0.5916849027463523,0.6629734794035895,0.598108036662173,0.6765330330347598,0.6163566241338317,0.6678287478462637,0.09914869953259366,0.19055755042147066,0.09773591994985664,0.19085668473278464,0.09759011256974584,0.1929004349968736
0.595,0.595,0.595,0.0411931818181816,0.65,0.65,0.65,0.0,0.5960936768000417,0.6747146920279972,0.6027109669739986,0.6752894351106027,0.606429727500585,0.6665801086447949,0.5964862093919971,0.6785321369953398,0.6000994380485429,0.666550851353163,0.5905577849416902,0.6629153426401962,0.6020880542010842,0.6676185849073003,0.604188870147113,0.6668953601091687,0.6309634646038261,0.6613317201659568,0.10685374967159417,0.2019418181333045,0.10862988675141463,0.19886014606694533,0.11056948052930723,0.2071143126235628
0.63,0.63,0.63,0.0474964602908997,0.555,0.555,0.555,0.0,0.6311783660384882,0.7394441425706882,0.652232283887791,0.7368237134363753,0.6463630142866169,0.724984443065936,0.637311572717841,0.7514257006412883,0.6434464629198121,0.7325210392222269,0.6304952159367135,0.7230134193120598,0.6375596018927904,0.7286031655839338,0.6361293025159621,0.7451532671769908,0.6645296786263374,0.7270210880733159,0.08563875289547128,0.2913401660458101,0.09855347782456378,0.2871591149102095,0.08855748586782952,0.29802780848400945
0.665,0.665,0.665,0.0550070521861777,0.485,0.485,0.485,0.0,0.6833255998208702,0.7863566992402371,0.703324487403747,0.787825574670024,0.7074641096745214,0.7648486925483617,0.6970959426670679,0.7979406197900013,0.6926225874987336,0.7794357830679969,0.7010813505762853,0.7721157874850523,0.7043188757837399,0.7616459549870888,0.706736049012469,0.7890177268893653,0.7414387513182819,0.7834557432440545,0.18286708142969701,0.33824767651827115,0.18340595868056445,0.33225647796010327,0.1790576793454908,0.32222880356502626
0.745,0.745,0.745,0.0790899241603466,0.49,0.49,0.49,0.0,0.7002287426186783,0.7883042959347186,0.7243198142969082,0.7895186814966123,0.7320779002939185,0.7603443465183859,0.7075523600630522,0.7882930635759934,0.7173327092113163,0.7757291552891052,0.7047272656892283,0.7686826361092987,0.7150938326949429,0.7612541270420272,0.7164898757882275,0.7809868370867943,0.7368451082410609,0.7765290406671567,0.17774718197000067,0.35292175314216945,0.17353185770488802,0.35207663484613744,0.17083829476960502,0.3588836700634276
0.73,0.73,0.73,0.0735975295934123,0.525,0.525,0.525,0.0,0.6832680331805095,0.7740416103026472,0.6935092340664673,0.7804151610710452,0.6922074310358803,0.7603443465183859,0.6893851473921097,0.7767486727862418,0.6895639232505819,0.7725693150941426,0.6821483125203087,0.7680465710334756,0.6862835703814003,0.7612541270420272,0.6775384382858368,0.7700223972082749,0.7038936365649757,0.7706029887864112,0.19287764669536483,0.33332151515667513,0.18468805160428536,0.3331732827761913,0.17338567518492934,0.32001156605435
0.625,0.625,0.625,0.0,0.53,0.53,0.53,0.0,0.5996787802341348,0.6074181638832502,0.6125774204116555,0.6200971288135966,0.6080044006489568,0.6356346797864637,0.6168169422706292,0.6144746397128105,0.6079302135562006,0.6193660591986883,0.6092270839402443,0.6239176966173923,0.620814431480702,0.6377482158415081,0.6211066103800599,0.6131912109317867,0.6136393814912691,0.6174350919214008,0.021806395171265296,0.12075037845069844,0.02735344695318011,0.11950333279529626,0.03053482307801942,0.11559075753780791
0.6,0.6,0.6,0.0,0.465,0.465,0.465,0.0,0.5800886199364946,0.6168732165548512,0.5792158611918355,0.6232357581615037,0.5802161146974542,0.6365945532145161,0.6041381725147013,0.6251974446860122,0.5772545864614196,0.6302377866478702,0.5863204662559204,0.6300982573707464,0.5998052556993356,0.6407753588953872,0.587465850333722,0.6218456060179464,0.6209067406485068,0.6255589216987769,0.028019002290683662,0.10767487314346183,0.02992371006462347,0.10983740851869911,0.0375616030634306,0.11098966607818453
0.67,0.67,0.67,0.0,0.46,0.46,0.46,0.0,0.6247319120704585,0.6601570171152471,0.62572856625328,0.6637830701849718,0.6279082301193393,0.6631187282678616,0.6384968641767143,0.6666151965188599,0.6225884038274938,0.6631858172692636,0.6296559725843635,0.6639849202633409,0.6403407681884493,0.6673531665456148,0.6427794439233476,0.6622947933556232,0.6568016141030553,0.6678536441256082,0.04227148001737642,0.10484847254887361,0.03334110173701842,0.1088351276507203,0.03653696608129451,0.11541216550861191
0.745,0.745,0.745,0.0,0.58,0.58,0.58,0.0,0.628997627117355,0.6724410442146733,0.6247661159745153,0.6677137651999404,0.6341630261626793,0.6586372697135274,0.6236953138966,0.6795997101087706,0.6212168257751127,0.6714546130639791,0.6188852097866372,0.6716467437333252,0.627005383051808,0.6581841980928201,0.6369356993702375,0.6683623887842015,0.634157012047501,0.6738934632447744,0.021059591337978707,0.17064481330767808,0.023347708501299205,0.16199460993999343,0.024745530801897165,0.15339150576633867
0.65,0.65,0.65,0.0,0.67,0.67,0.67,0.0,0.5859929051492324,0.5802926760337321,0.5772130575444249,0.5808895194899408,0.5845278949317554,0.5845269666232706,0.578656657029639,0.57774228768882,0.5751475905080259,0.5774347280785069,0.5800396719068124,0.5764964099830732,0.5900983617853287,0.5913549290447135,0.5898411208845153,0.5700996345250533,0.6040448064280138,0.5786098212290991,0.05215024396482699,0.09590398600098396,0.05187015663654427,0.08784948526779217,0.051623270178212596,0.09511376993717044
0.605,0.605,0.605,0.0,0.635,0.635,0.635,0.0,0.5316013251901948,0.5467919310806335,0.5308137911821482,0.5409879813184707,0.5333812741704026,0.5466836176080947,0.5263100589544454,0.5385512891614188,0.5317369589373774,0.539031255818824,0.5354425579098141,0.539894290659044,0.5389144483023811,0.5503280130835805,0.5524140437383466,0.5375001994041646,0.5667463250322834,0.5411598018328944,0.0331020389002688,0.09106233166725367,0.040015582489080714,0.08771502126770342,0.03475044533979144,0.09596335200383503
0.58,0.58,0.58,0.0,0.59,0.59,0.59,0.0,0.5362045447880603,0.5093343131827696,0.5484741984090754,0.5099216829312623,0.5427070652123965,0.5266901580479718,0.5293281630802483,0.5068609883416095,0.5324335021774509,0.5102734794996786,0.5357755689454998,0.5118474227365412,0.5427478079234227,0.5325312689757804,0.555252203239312,0.5060889286363839,0.5586157645630252,0.5058631760710787,0.05495532966543017,0.10766492361629586,0.06845658648414452,0.10763835663302793,0.06716386764799383,0.10798160778982413
0.615,0.615,0.615,0.0,0.56,0.56,0.56,0.0,0.5714096435958378,0.5353887500605995,0.5902643419802165,0.5408664107518057,0.5704094974277047,0.555694413245103,0.563150625678916,0.5302416441643367,0.5612804018471608,0.534539799387635,0.5623596092669015,0.5345482723558085,0.5754370658238307,0.5589037676778243,0.5881167851648125,0.5363534849725575,0.5520963065877417,0.5281836675820919,0.05464041572473732,0.10059535201024497,0.05552250815156031,0.10288921409853993,0.06417489611209776,0.11225255670615052
0.57,0.57,0.57,0.0,0.565,0.565,0.565,0.0,0.5386425073217562,0.5189053949815917,0.553420202742165,0.5200431881247664,0.5466190753029487,0.5301127640992302,0.5277909528801914,0.5115053806895344,0.5422985104202646,0.5173651763979641,0.5311643457216438,0.5160500080926178,0.5476098198022762,0.5377792153550167,0.559710487590254,0.5127272745953909,0.5372977327636127,0.5142192407441998,0.03899721274115491,0.11571469692944854,0.0422449758612892,0.12018657386406871,0.04960559057362288,0.11480729532264532
0.56,0.56,0.56,0.0,0.59,0.59,0.59,0.0,0.5774912899748773,0.5499267340835213,0.6000478931113139,0.5504662530813782,0.5818093981868951,0.5659797313878439,0.5775474016672849,0.5450652428008926,0.5776702967022864,0.5413829614437703,0.5725291335286081,0.5506351829113476,0.5823705251126525,0.5692794373239543,0.5975778400780044,0.5443127051787808,0.5557678027163775,0.5454318787262776,0.042776068046831504,0.07285156513071937,0.047192468427047767,0.0762167559751675,0.051263541262340694,0.08782141893352387
0.545,0.545,0.545,0.0,0.57,0.57,0.57,0.0372775103548641,0.6627411295272405,0.6350130981882245,0.6695352331302956,0.6315128817392607,0.6652844385135933,0.6164727535455725,0.6491914511764172,0.6410661317353947,0.6719804575634573,0.6286621339103563,0.6466363726886429,0.623575675742392,0.649653593338971,0.6146566065185265,0.6643393104893297,0.63965428358171,0.6524082125822619,0.6320392793360925,0.013966941002726819,0.10341624184935388,0.015932425553788303,0.10869917769742773,0.01370882482597299,0.10377386511445068
0.62,0.62,0.62,0.0,0.595,0.595,0.595,0.0411931818181816,0.6094816625045195,0.6103636786011349,0.6150394563894116,0.6139208596549682,0.6185735132656017,0.6122525623446647,0.6104088619574426,0.6192473218323572,0.6060919172529433,0.6078328967758228,0.6012700329366546,0.6096703126333435,0.6109508065932082,0.6119563971438222,0.6281576099410973,0.6131178101657608,0.6270531525633584,0.6110619882095797,0.007518691389979013,0.02716459363118718,0.007952672836418793,0.03403524352365643,-0.0012540793053329863,0.025364567475270897
0.53,0.53,0.53,0.0,0.595,0.595,0.595,0.0411931818181816,0.5975658660129427,0.5855259138958169,0.6061095894772167,0.5924203211802669,0.6030309119865722,0.5975691619839943,0.6026827894573002,0.5931335053266804,0.594066219179663,0.5849055187527944,0.5960511858690364,0.5887668286977301,0.6005641830894382,0.6026161080400627,0.6166800547758834,0.586902488170573,0.6488005639203519,0.5861606239213055,0.02555324250214684,0.07479682665508001,0.023587122975786284,0.08234100719368063,0.020939116649247955,0.07385276710508296
0.565,0.565,0.565,0.0,0.63,0.63,0.63,0.0474964602908997,0.5968505953919692,0.5969318622476412,0.5976579255848294,0.5954347090324239,0.611452674845418,0.5987237156268126,0.5887381417759576,0.6017154467266218,0.5983639570800923,0.5916477401150301,0.6015213911601407,0.597959788385935,0.5949792903055949,0.5988268572317991,0.6072266465005104,0.5934411317606085,0.6359388582137104,0.5975246787209458,-0.0029743982049012163,0.045633125835106605,-0.005761039825886396,0.04884876861672033,2.13498972998304e-05,0.03512415509298367
0.585,0.585,0.585,0.0950719581334496,0.665,0.665,0.665,0.0550070521861777,0.5713546305140613,0.5473957011472247,0.5718112240159768,0.5461143047019639,0.5718544705964352,0.5540689823243444,0.5656968732901876,0.5487505212793805,0.5563096837859274,0.5466859208069362,0.5653808970486468,0.5452603913638862,0.5671148185069456,0.5564227061007584,0.5808396419366713,0.5454959979586458,0.5932329336694893,0.5471082033088683,0.16280785603913028,0.054994027951101546,0.1577498373192518,0.0664093651671348,0.15920342346564142,0.046621888697656905
0.615,0.615,0.615,0.1067285382830625,0.745,0.745,0.745,0.0790899241603466,0.5585440379284773,0.5526957575685685,0.5592695829716005,0.547610607723843,0.5504930131327094,0.5601574940805294,0.5584041470854086,0.5528515710233379,0.5447943882341331,0.5487953699972794,0.5553059710429561,0.5521557008796013,0.5588142892878916,0.5643430805632645,0.5624070803392324,0.5511134024784347,0.6017103558481458,0.5521657653039185,0.16043661623545205,0.07056266792390073,0.15288050404040254,0.07319027088484048,0.15114920368030765,0.06509019540276165
0.64,0.64,0.64,0.1176470588235293,0.73,0.73,0.73,0.0735975295934123,0.4718746103205501,0.506974714432358,0.48177818698260955,0.5083383346091944,0.47255619070778715,0.5286142241656546,0.4708976227090499,0.5079159356946742,0.46597811805849987,0.5086827396347376,0.47101037866090584,0.5141085322906194,0.48002452127435574,0.5370344618332088,0.4875323414996801,0.502116727083859,0.4821149057169934,0.5054910447631548,0.10559860698717423,0.14266724779544065,0.07456566670582841,0.14559693001227553,0.08749833740540354,0.13927340491509232
0.545,0.545,0.545,0.0815502624142108,0.625,0.625,0.625,0.0,0.4799480062081613,0.5451938493205639,0.49950861228786475,0.5456437208484405,0.4808283723346047,0.5570603546833406,0.48463602803217426,0.5517439144597003,0.48072117538095255,0.5430822389190165,0.4890464270424279,0.5507754788280246,0.49007501263339837,0.5597631304406437,0.49615229890110146,0.5388474158050884,0.5014707975702443,0.5472187678302631,0.09921203480884153,0.23599809872246566,0.07939925482897728,0.2266516411844287,0.07843785604302896,0.2347020188862151
0.575,0.575,0.575,0.0914920906370243,0.6,0.6,0.6,0.0,0.6020331682217075,0.6475337775821823,0.5972790509237175,0.6354744679575468,0.605704817035158,0.6280806060775662,0.6038406567144258,0.6536214472965829,0.5928687276851803,0.6414469307436524,0.5948983844828242,0.6394674141440135,0.5968580051101016,0.6242724498779869,0.5986832858617761,0.6544492163090694,0.6071889363266505,0.6487747990666008,0.11432463280181741,0.20133256711437827,0.10238551496584948,0.20050220175916983,0.0979405002551272,0.18149818457609332
0.615,0.615,0.615,0.1175796470318587,0.67,0.67,0.67,0.0,0.5277031934802928,0.6294064162072275,0.524527325364131,0.619326538250504,0.5238633977310915,0.6152558254828961,0.5328916526833228,0.6273530418540905,0.5211774749467504,0.6242019125005912,0.5320600938969543,0.6216404514507532,0.5241888856909387,0.6137220396318435,0.5342856842279347,0.6211642194029623,0.5634997711301436,0.6240279283812985,0.14759547157253644,0.2272564200747493,0.13357329108406024,0.2332834369960585,0.12967267043417968,0.1886590767407911
0.625,0.625,0.625,0.122191011235955,0.745,0.745,0.745,0.0,0.6058904670399149,0.6685782643889783,0.6038740453105029,0.6679150137818969,0.6078484037526485,0.6568254101638691,0.6176320959570323,0.676889450842906,0.5977181645419789,0.6666729404586672,0.6147298663632929,0.6657048103881924,0.6057664144405822,0.6528849093216755,0.5945525938648875,0.675463446562313,0.6216298850955368,0.6678723448575355,0.11888737061297189,0.2582342419631668,0.10426590069733578,0.2586357883097401,0.11061351766524789,0.25528985624028694
0.655,0.655,0.655,0.0184921763869133,0.65,0.65,0.65,0.0,0.6260306524605043,0.6603750532471879,0.6214760143391155,0.6558513299650074,0.629284186931166,0.6297605365461779,0.6185541625579276,0.6645713246093354,0.6180411448115263,0.6426775663640522,0.6249301111684392,0.6407166439326747,0.6161244721409633,0.6255950734208963,0.6112129735632401,0.6624471613328661,0.6368938361602203,0.6540524558308467,-0.0014206732088074317,0.07665001225620184,0.01442720940772635,0.08533120963933592,0.0033712283381826017,0.07415302354727031
0.64,0.64,0.64,0.0173331513579911,0.605,0.605,0.605,0.0,0.5826757959421671,0.6112414585163715,0.5837467694634176,0.6209291489261934,0.5878279270456758,0.6319388501689269,0.597146635739205,0.6232803936051811,0.5700455961245843,0.6184295130272797,0.5806524058160071,0.62208279893039,0.5904582918244496,0.6336551383343458,0.5801848133919167,0.6223843087537771,0.601035534558474,0.6197615307114579,0.029473662720535424,0.10061395693929434,0.03327508564746714,0.10769035335336014,0.03297390591588956,0.09530140532626948
0.575,0.575,0.575,0.0132342697933595,0.58,0.58,0.58,0.0,0.5812757577026011,0.6094871526202167,0.5693753789048187,0.6132837670352375,0.5653669725193365,0.6290017430169588,0.5861528850458434,0.6118768418965084,0.5651584026716454,0.6131248332825412,0.5783750452086559,0.6163339423898501,0.5789253214811441,0.6336551383343458,0.5689986324702444,0.6052504257079593,0.5934765538998774,0.6136385736197004,0.05087334868237705,0.165426796936594,0.04936208958851651,0.16361882389617632,0.050266557529620566,0.15182408571554315
0.645,0.645,0.645,0.0177089097952407,0.615,0.615,0.615,0.0,0.5413603489793319,0.5855551464174606,0.5355142452924188,0.5848359757039312,0.5427218260845311,0.5931944572825095,0.5433418024135764,0.5846619522270653,0.5375153863966585,0.5840732620926401,0.5408264038892241,0.58637573465491,0.5409785439518373,0.5974356607459546,0.5451358847642819,0.5797000153530509,0.5409524706271448,0.5764362793094162,0.06702598835422537,0.08531291205760748,0.04518615020577724,0.0865000462166363,0.048323516602561706,0.07491071757442787
0.595,0.595,0.595,0.0143587247505476,0.57,0.57,0.57,0.0,0.503310482328365,0.5546005537500541,0.4990687087632636,0.5514246550509444,0.5002237751183276,0.553275691041609,0.5119451718204066,0.5521761050692545,0.48885689556316253,0.5472315675756021,0.5122591077685965,0.54724456838972,0.5082585114936545,0.558973037713255,0.5008109862893692,0.5486220145878111,0.5063929608675016,0.5523610836671352,0.0772555856507271,0.12734903910361656,0.06441734992503005,0.13095369791943648,0.0640586703696821,0.11890163800902916
0.59,0.59,0.59,0.0,0.56,0.56,0.56,0.0,0.5786715080472195,0.5759125099261224,0.5752062564144199,0.565914762591871,0.5842677313171751,0.5498450440494089,0.5636457014258075,0.569801863950849,0.5708799207904985,0.5596893137315607,0.580466413261545,0.5589019300871447,0.5685070446589313,0.5561363551681265,0.5770389776600509,0.5732238791675026,0.6061221095020352,0.5653115609198963,0.02052162310916127,0.052924053932371797,0.025862621288334612,0.05905176030463553,0.023566476091666018,0.05537977273579297
0.51,0.51,0.51,0.0,0.545,0.545,0.545,0.0,0.5420045383910896,0.5609832951784531,0.5528340010054483,0.5543917846908057,0.5572556079627718,0.5482500028489227,0.5380634822716936,0.5521609696065608,0.5331036774592157,0.5468125887468844,0.5409721836337124,0.5464228764847447,0.5535368945387927,0.5514281050291436,0.5544560337473887,0.5457378853881643,0.5616682338922145,0.5441856682985264,0.04713916389413787,0.10256928143210557,0.04062042311184495,0.09758131631871493,0.040246525152566194,0.09834706189610702
0.43,0.43,0.43,0.0,0.62,0.62,0.62,0.0,0.49378786330516,0.4991536733851108,0.5083088582456792,0.5020411627975203,0.5091937874337165,0.5306150148114634,0.500080680444161,0.493625168304313,0.49260597452604443,0.5012598038486328,0.49569021655333095,0.5065957800231118,0.515144745568803,0.5399399398647537,0.51918766278962,0.49229563400505777,0.5058164625363414,0.495846165162406,0.041068091541215594,0.052594501104089295,0.045699216784564754,0.05768121164401159,0.037031796579611885,0.057619917060488475
0.405,0.405,0.405,0.0,0.53,0.53,0.53,0.0,0.545219839701417,0.5585085526421519,0.5380934485093484,0.5508544650621301,0.5509747764508958,0.5463288776169342,0.5367156726646545,0.5544342792246204,0.5355433185840186,0.5484960609424601,0.5319401307554007,0.5459943967385648,0.5435925285981473,0.5523764424944902,0.552490988869281,0.5509083681155575,0.5774809846445441,0.5517446236011736,0.042083567618544725,0.07590900582015123,0.04670610834178535,0.08548186811342712,0.04796530630275276,0.07314365355203437
0.395,0.395,0.395,0.0,0.565,0.565,0.565,0.0,0.5161303412700613,0.5112379713317913,0.5184854680981579,0.5106707259334441,0.5285858875516916,0.5304348878002261,0.5096823959342709,0.501042536662639,0.5084643984537531,0.5109506108742942,0.4968662486772725,0.5125945479485364,0.5186990003183087,0.5372533020250988,0.5319221925670617,0.5088473770830895,0.5366345981224002,0.5050417985760124,0.020210748883784505,0.05121983658034986,0.02695061914126625,0.06684532039751903,0.018533063430634152,0.05863877607581788
0.415,0.415,0.415,0.0,0.585,0.585,0.585,0.0950719581334496,0.5676257849986228,0.5753194615679037,0.5670345490966813,0.5727779504612615,0.5806068434452694,0.5698215114708205,0.5571111121722141,0.5648461119349678,0.5626028018203614,0.5676432417332608,0.557057242301877,0.5676761250669997,0.5584584529235447,0.5710583898046933,0.571042963614534,0.5741380942573031,0.5683052809932154,0.5624424209734518,0.03524303925401337,0.06714326232338465,0.042097341901539305,0.07640264598943179,0.034558518407136196,0.06983863293680234
0.395,0.395,0.395,0.0,0.615,0.615,0.615,0.1067285382830625,0.5815967572984354,0.5757234136788021,0.5930950664619159,0.5727348987744394,0.6004875745997518,0.575572566566609,0.5656988961505707,0.5697132999734796,0.5745972507568878,0.5683082328968396,0.576165674390624,0.5713334917648523,0.5799898698865323,0.575874931453148,0.5966641830658186,0.5695609071623889,0.5763134777827544,0.5668285212730666,0.05402065577920835,0.07620196520207462,0.05591669538168953,0.0742588901151364,0.05346999153892955,0.08338099535605889
0.405,0.405,0.405,0.0,0.64,0.64,0.64,0.1176470588235293,0.6046882193844445,0.592292927524496,0.6118344697820209,0.5957202464798447,0.6144540267542773,0.6056440782467595,0.6087330181956422,0.5948433776474834,0.6024939971734856,0.5895243433070946,0.603563594527634,0.5964275899088045,0.6078681407922402,0.6089897138736402,0.6104658652917075,0.592058859058325,0.6061437891523029,0.5932963827987414,0.004918664464847179,0.03189769007791827,0.006364900450158679,0.03221936765649788,0.002422340346752751,0.016566193985009376
0.39,0.39,0.39,0.0,0.545,0.545,0.545,0.0815502624142108,0.6382316626342093,0.6173532215036978,0.6343038721216822,0.6174379632246982,0.639764972604698,0.6191937778363378,0.6287924144400521,0.6176946010739325,0.6495183355393617,0.619831062370244,0.6385956156936446,0.6208841142038171,0.6340339040774922,0.6223993742039319,0.6386409641605404,0.6122224901667197,0.6426232495778811,0.6248538214578931,-0.0005157644026536615,0.0030265293855810537,-0.002635101340812557,0.0017585800199327773,0.005018385220879837,0.00667081535326844
0.41,0.41,0.41,0.0,0.575,0.575,0.575,0.0914920906370243,0.5591359707051061,0.5748469243456524,0.5588269964472327,0.5795549905622325,0.5726039635688587,0.5774009311256915,0.5523896609763909,0.5755196380626899,0.5585882482152612,0.5694867927453873,0.5674307161570533,0.5768410033558028,0.5597858479268742,0.5778252953004968,0.563903079259481,0.573973923702472,0.5697778409392674,0.570923501845316,-0.01354756993819494,-0.02184663971019104,-0.006644239157800942,-0.013668119322544997,-0.00577901770206732,-0.00424310591225934
0.475,0.475,0.475,0.0621650589496249,0.615,0.615,0.615,0.1175796470318587,0.6945166833568418,0.669679509197329,0.7116139795711636,0.6683820582589914,0.6877867007897063,0.6530072525301144,0.684059602849314,0.6776510238401566,0.6794150986709551,0.6581300286447295,0.6818326729331744,0.6594562427840023,0.6875408124748139,0.6513929282502435,0.7053951891285926,0.6630708007894394,0.6820745810975875,0.6645985023774915,0.18675408139564037,0.28504004325421645,0.18312447292619166,0.28271619895542266,0.18018347365840334,0.2839037371239113
0.545,0.545,0.545,0.1382575757575757,0.625,0.625,0.625,0.122191011235955,0.6942758775656498,0.6834905845295207,0.709321493969541,0.6816570179698718,0.6939436617222517,0.6503509621275829,0.6860052246498333,0.689055161134874,0.6925151568789316,0.6622390055402325,0.7019557987070357,0.6625293727208289,0.6849711013474825,0.6533549085537332,0.7102585358472017,0.6831607047325168,0.7325307505094772,0.6733558818666664,0.32276086350848343,0.28897409410297625,0.3321324416459335,0.28262735022027724,0.32994938084077285,0.28354982018128644
0.575,0.575,0.575,0.2107706592386257,0.655,0.655,0.655,0.0184921763869133,0.6416980713258196,0.6383866222570337,0.643191417022711,0.6423581915225608,0.6364749455207366,0.6384134863328154,0.6539602752002578,0.651307899531956,0.6342943286514419,0.629712142878253,0.6420678140556016,0.6365102590089363,0.6296404976839576,0.640505515084333,0.6417966888905215,0.6440340303336837,0.6699500888363833,0.6333448397492096,0.3027034118945986,0.31025264991167495,0.30595758594904876,0.30001243017134516,0.29754707561741855,0.30251884794903977
0.635,0.635,0.635,0.2588832487309644,0.64,0.64,0.64,0.0173331513579911,0.6420249594511337,0.6500576471913804,0.6557003171886632,0.6469105675222683,0.6430497191092707,0.6496789968986265,0.6575220916133068,0.6591031826669973,0.6467784728336148,0.6429551293791248,0.645028941317594,0.6524121097708624,0.6426644392736853,0.646339086619573,0.6528366441817707,0.6518500716487745,0.6713032659341434,0.6467427488008684,0.3399251499914487,0.32709060727310774,0.33953036778038204,0.3246123517911235,0.33044444921906363,0.31571811564079877
0.715,0.715,0.715,0.3609865470852018,0.575,0.575,0.575,0.0132342697933595,0.6717461335405562,0.6746650543456041,0.6836607367820421,0.6828532882000174,0.6702288119827262,0.6734153379645074,0.6704349406260464,0.6795792495103872,0.6681529562239285,0.676633395612933,0.6744090203122187,0.6749627535581008,0.6697323943055031,0.6697948210458357,0.6823229792120737,0.6814436421260973,0.6841333448089656,0.6726538337218048,0.2487972050850978,0.3179523815214932,0.28959332496250534,0.3122633572131287,0.275269462133835,0.3172277219309766
0.78,0.78,0.78,0.4761904761904761,0.645,0.645,0.645,0.0177089097952407,0.7431235749325945,0.7507006537605523,0.7542430997257804,0.7465142712241031,0.7661171186796321,0.7350131156138116,0.7371817749570188,0.7521528715497483,0.7586495899763671,0.7377510303736146,0.7341011218305041,0.7402536403661446,0.7420887866034537,0.7323843099430418,0.7536320306864505,0.752064713986666,0.7518917827886089,0.746843403941147,0.4339639629928868,0.4465588438636173,0.4646639680918968,0.44693812577481745,0.45913317442176493,0.4312847155117579
0.82,0.82,0.82,0.5544554455445545,0.595,0.595,0.595,0.0143587247505476,0.8406999311498927,0.8320642293830096,0.8398881932860861,0.8259375132309574,0.8535867552093996,0.7922510273946525,0.8220660364872476,0.8301294473891604,0.8534437899614012,0.8171015548900387,0.8335301377726343,0.81286048566131,0.8259137718348826,0.7863989977315586,0.836354852531453,0.83988256118904,0.8224165290436007,0.8269366813158532,0.42956742222684985,0.4626396457547158,0.4630478197861826,0.4572846423019913,0.4474350302158366,0.4443179640923102
0.8,0.8,0.8,0.3753903810118676,0.59,0.59,0.59,0.0,0.817811276433467,0.8383311667038271,0.819139944732072,0.8317146737610736,0.842229417771168,0.7951590091019731,0.8026744938872672,0.8325896001181923,0.8317219773575407,0.8117443921220938,0.8103217442278376,0.8110011124544294,0.8076787062131,0.7886859363770551,0.8193519176019335,0.8380202431620963,0.8097214147380107,0.8235508896639105,0.4864039618525889,0.4431535896261742,0.4711752987829876,0.4404162068420486,0.47176724669346876,0.4260158274484675
0.805,0.805,0.805,0.360655737704918,0.51,0.51,0.51,0.0,0.8521501389890357,0.841122362551068,0.8604195826228095,0.833639058992804,0.8536795305567444,0.7948199398783264,0.8418827374903938,0.8456483437191543,0.8597014238453842,0.8215573610002226,0.8481509953003902,0.8153453819161445,0.8448236829726851,0.7886859363770551,0.8592474087694961,0.8386096650748905,0.8423162016571586,0.8265432662684361,0.4699125856794275,0.43056463816291324,0.4685610544185114,0.4251815586234458,0.4534173850687903,0.40386987015836223
0.73,0.73,0.73,-0.0646687697160883,0.43,0.43,0.43,0.0,0.6317581928986638,0.6424808427412952,0.6369208474504138,0.6502617081075845,0.6273164646776224,0.6429922490639556,0.6344343676763818,0.6489604502764098,0.6253119939325965,0.6494435495592584,0.6447414041894864,0.6434113031785516,0.627313520349675,0.6434432574611989,0.6433176714507842,0.6574745064894165,0.6574153321912817,0.6434241486749931,0.21864158422086358,0.10543581200060143,0.21604192247187037,0.11268496706640653,0.22524237465543206,0.10056710463216759
0.685,0.685,0.685,0.0319606637984019,0.405,0.405,0.405,0.0,0.5288675680722822,0.5682763365141412,0.5400558593642671,0.5775798042997369,0.5378980608846039,0.5710114074751245,0.5301006317611513,0.5718662403949668,0.5350811060311965,0.5787638785797004,0.5267161038716658,0.5736003668229176,0.5381129314952652,0.5695312619930796,0.5464351901309947,0.5743573708703723,0.5605997974349191,0.5799062001583949,0.09025426718175925,0.1432043656819856,0.09315636904411984,0.13978010827510337,0.09075113685658395,0.12294991759950746
0.595,0.595,0.595,0.0143587247505476,0.395,0.395,0.395,0.0,0.4993465788668792,0.5348839042812403,0.5036398382678978,0.545501145177584,0.5054486018777425,0.5407053270597056,0.5070761506037579,0.5388706181909394,0.4969002927554333,0.5370740198455507,0.5050186290175755,0.5377548553792207,0.5027337471274937,0.5482207111885223,0.5038559148167474,0.5356205653009825,0.5001634648220118,0.5347200505307003,0.06936373451222555,0.08548605374170541,0.06821698298921826,0.08997932358054188,0.06642236859891337,0.08391504637367686
0.575,0.575,0.575,0.0816767502160761,0.415,0.415,0.415,0.0,0.7400705446226759,0.7155726210125157,0.7525473069653089,0.7178892709992246,0.7463434978908857,0.7074432988198955,0.7348317759619317,0.7258176203188375,0.7470868193357529,0.7106969755098976,0.7329483319754331,0.7149024131709204,0.7401384436574059,0.7073470672987013,0.7528843658928034,0.7165585085732354,0.7423153142670167,0.7143573162979561,0.2235719756474402,0.24098806143583454,0.2478195245326067,0.24327813989255825,0.23503340920614998,0.24027458592218937
0.62,0.62,0.62,0.0972799619907351,0.395,0.395,0.395,0.0,0.6610867945636135,0.7176610550262615,0.6758683637670306,0.7201713891946812,0.6750336969681704,0.7081072804677443,0.6640359329413573,0.7241751580998949,0.6536720296902708,0.7140538214966199,0.6669638005610511,0.7159677043846965,0.6638032422412535,0.7084344370856472,0.6774007549369017,0.7154692231244303,0.6867899433504896,0.7159153205223241,0.17968256273362376,0.2981453723296807,0.20180364264152104,0.296036266712355,0.19607606448332557,0.3024379813885214
0.65,0.65,0.65,0.1095280498664293,0.405,0.405,0.405,0.0,0.6480060813077867,0.6947985764883311,0.6610778419651667,0.6911345651941344,0.6695489921560259,0.6764394944447236,0.6450178064872595,0.7038607107205479,0.6522328538805459,0.6828915528987588,0.6424963841769121,0.6841595894568212,0.6575863909224917,0.6751130862920425,0.6764527754168463,0.6877773967902107,0.659331160267872,0.6913406994347441,0.16696313878619687,0.23550279309593825,0.18221726978745048,0.24034097314736147,0.1796455350332305,0.23532203602395843
0.58,0.58,0.58,0.0832696715049655,0.39,0.39,0.39,0.0,0.6683358951108777,0.6963157132576071,0.6773287353046913,0.6931787088033888,0.6719078712728518,0.6796423509042646,0.6571673821577712,0.6983006829965929,0.6743184867000204,0.6795583552772885,0.6525108191457145,0.6835268404365562,0.6708201343071789,0.6779133229289113,0.6828537905535479,0.6914360031125742,0.6764478512769957,0.6833029579678046,0.16542986904664736,0.2520108794774195,0.18477113261056852,0.2621986881042214,0.17762495287605032,0.24063972318283808
0.555,0.555,0.555,0.0935017315135465,0.41,0.41,0.41,0.0,0.7050615327539026,0.7512480679530061,0.6991505276870053,0.7504586073698402,0.7042186523595783,0.7440116039682346,0.6865124355453909,0.7546252208573312,0.7096779622478717,0.7363571712304438,0.6971140056618332,0.7404705851644594,0.6946421151238766,0.7397499578536724,0.7004190736502244,0.7433052642482304,0.6788476838979576,0.7429378591086272,0.19575113746565698,0.34588343213223594,0.17638914590461774,0.3544479794349072,0.1646477114776198,0.3498571639820843
0.66,0.66,0.66,0.1273100616016426,0.475,0.475,0.475,0.0621650589496249,0.8250698755018024,0.7934361963793383,0.8220137044095182,0.7828703265381456,0.8262316204191409,0.7595532592295481,0.7938680322259464,0.7893777909500608,0.8321528199489958,0.7654704633904306,0.8182501691223899,0.766611514419457,0.8095469364505291,0.7535374396978842,0.8239397531622298,0.786547681480011,0.8040171377339664,0.777760629502645,0.29860044922917733,0.28337559076508395,0.27240029241898966,0.29536225723674187,0.26278610094099547,0.29211133613906454
0.63,0.63,0.63,0.0618661257606489,0.545,0.545,0.545,0.1382575757575757,0.6253618403991126,0.7120248329785176,0.6309025376679018,0.7075989164514699,0.6356621468041276,0.6861531108679714,0.6132479400461787,0.7093056246337454,0.6321267892832781,0.6914202999741946,0.6359040766767237,0.6895882239097972,0.6199594547591821,0.6797785951148134,0.6261945187689804,0.7149716326335857,0.6287008963428731,0.6975514207080205,0.10807617803369342,0.20081052651748818,0.1063258246379487,0.2059947284781262,0.09865932850769876,0.2219692890807277
0.615,0.615,0.615,0.0304709141274236,0.575,0.575,0.575,0.2107706592386257,0.5561424929031665,0.5440843935282584,0.5528188338977502,0.5452074744147198,0.5531081881201139,0.5533963117822961,0.5598475448040993,0.5429380996765404,0.5437748501213738,0.5461550669297275,0.5582833433433496,0.5450164065621642,0.5528825264041614,0.557377187666042,0.5441534008798042,0.5540161761224964,0.5314158477965403,0.5439510986453896,0.0603076291393108,-0.009913998870233576,0.05823037521888206,0.006852783228167014,0.04513931638200927,0.009591538924664985
0.555,0.555,0.555,0.0239087519192806,0.635,0.635,0.635,0.2588832487309644,0.5680846859759997,0.5340870049258758,0.5683460187665682,0.5416968470765164,0.5657962172046526,0.5546129392830863,0.5674779705228371,0.5317848205911581,0.578764364224571,0.5409238704839785,0.5750960532590326,0.5421051478810305,0.5676096098719885,0.5581103708151363,0.5592074832910474,0.5442975444398166,0.529322961142049,0.5384150393377937,0.05236296816895439,-0.04544641793184466,0.03298104064302738,-0.040908404603522554,0.03532667636149203,-0.0313817544419536
0.565,0.565,0.565,0.0248823133826495,0.715,0.715,0.715,0.3609865470852018,0.5918953083040436,0.6141853801003776,0.6024764616044089,0.616929472690343,0.5804815393669095,0.6215152236646073,0.5988966308892537,0.6261113298029147,0.6014039899461816,0.6222902776427538,0.6080527526347342,0.6181034966093536,0.5889634626788557,0.6236459856355857,0.5941702869817415,0.6224286291556085,0.6130739798376961,0.6181598065294284,0.07302205009583294,0.032709166783585646,0.059340479709871774,0.04523448039386002,0.05626976160619361,0.05007706269744686
0.66,0.66,0.66,0.0189005915452316,0.78,0.78,0.78,0.4761904761904761,0.6146412645835516,0.6125712234913341,0.6060686768470325,0.6194703152411399,0.5976891803270424,0.6359169840908018,0.6102611659079203,0.6210263117316396,0.6089227967263762,0.6233456376165494,0.6171461027122712,0.6250777071522652,0.6145924220297996,0.6383825578660681,0.6056318298254031,0.6122144821759286,0.6236780101457818,0.617147449440877,0.05347381923966118,-0.001730873160465527,0.03602689261496526,-0.0016738700703161176,0.043396384892299224,0.013885196758633029
0.735,0.735,0.735,0.0,0.82,0.82,0.82,0.5544554455445545,0.5965240503373804,0.6248166690057575,0.5859071535743469,0.6264778613284916,0.5880216671781905,0.6314960468379773,0.585638760236522,0.6374074098303308,0.5936721546044598,0.63212405882642,0.5952030354904747,0.6339911987411215,0.5902324215766015,0.6361271919970937,0.5994475554810856,0.6222879416570054,0.6353260698049976,0.6290753553956472,0.0012084758769303338,0.06615469582465584,-0.0023384253277172694,0.05671915298944216,-0.004583332514117011,0.061915683899036476
0.7,0.7,0.7,0.0,0.8,0.8,0.8,0.3753903810118676,0.5656122651188449,0.5950007571530757,0.5817601254730956,0.5992080009202554,0.5732324632776681,0.6148454320942363,0.5732555602294678,0.6052679807563225,0.5852812472651502,0.6116043792084568,0.5869355049707012,0.6122638555543019,0.5787066004241017,0.6186652816153055,0.5815751166574873,0.5944910181213644,0.6029790918826381,0.6085240601083349,0.0006980654191484889,0.0707176615522812,0.005225851121429274,0.0661917904110051,0.004117446848249388,0.06351094975161227
0.75,0.75,0.75,0.0,0.805,0.805,0.805,0.360655737704918,0.6011251523621355,0.6285161249650671,0.6050956097078052,0.6246800539519795,0.6058517040483549,0.5989027534172391,0.5990744550531595,0.6346960637636148,0.6108364990106363,0.6210451576040067,0.6116113595183299,0.6143712315501928,0.6064094059300456,0.598127928686421,0.6000571967475411,0.6313741608236378,0.6426784925068473,0.6236394782136427,-0.028631022623638678,0.06594284377007789,-0.017302674310829214,0.06072015111492451,-0.022974240985569064,0.05545321197888212
0.66,0.66,0.66,0.0,0.73,0.73,0.73,-0.0646687697160883,0.5451668884975054,0.526078989603481,0.5399509131829049,0.5217369363038838,0.5496147930146975,0.5213659141998176,0.5288139906742089,0.5027906108051672,0.5474816823812703,0.5236896435703895,0.5353636109365298,0.5221684164206994,0.5364362999715195,0.5274881095059427,0.5559186916680191,0.5260013902859196,0.5384487820276198,0.5161646610837136,-0.0242017626560684,-0.010267037461047453,-0.012276380291336968,-0.011913043032151712,-0.016452891237519026,-0.0004685380805579073
0.705,0.705,0.705,0.0,0.685,0.685,0.685,0.0319606637984019,0.6022783767712012,0.5623017953513115,0.6231230286930742,0.5518048818425353,0.6155669882554008,0.5608516203673612,0.5987839505268794,0.5541337807086089,0.6109494913865529,0.5554074878178314,0.5949176568941487,0.5549409138668657,0.6050629945337607,0.5598644047789725,0.6209449405900306,0.5553643683058842,0.5829620006704034,0.5545499083481246,-0.007833966766071312,-0.0004995081923704037,-4.7475959815822485e-05,-0.005575320640188461,-0.002042213254591304,0.007088447685430302
0.68,0.68,0.68,0.0,0.595,0.595,0.595,0.0143587247505476,0.5460358164973691,0.5573965170870401,0.555791465570098,0.5522624307901058,0.5447605680102487,0.5488476946523829,0.5315982932832066,0.5459136302501015,0.5571909006904976,0.5514223467826788,0.5408592260898585,0.5492143088277104,0.5430071995087109,0.5481273496122171,0.5513370164662568,0.5527583001764159,0.5413722625388374,0.5495742545996014,-0.009462974850434529,0.003451678422719875,-0.005299831472906209,0.004529177268606026,-0.00266548880191397,0.0020441496943861526
0.63,0.63,0.63,0.0,0.575,0.575,0.575,0.0816767502160761,0.5324138425777823,0.5381744264050891,0.5447046687913897,0.5336210399414302,0.552933220542,0.538822774209595,0.5337276487953264,0.5414597384581651,0.540197762659557,0.5290767900427683,0.5361538004337586,0.5376931149409248,0.5379827273711957,0.5450013760816605,0.540753651847053,0.5449175249278643,0.505958851065885,0.5393035409605814,-0.013451495395869902,0.03679302821977749,-0.006900130341961964,0.03131386813550106,-0.012100590700357869,0.027593755838396836
0.605,0.605,0.605,0.0,0.62,0.62,0.62,0.0972799619907351,0.5397528183436431,0.558045541466876,0.5475491929755192,0.5597590226759923,0.5577337738897397,0.549337073925002,0.544188706754754,0.5600659904475106,0.5390532823988421,0.5567751079409315,0.5536106540999385,0.556134113621121,0.5445204021047004,0.5546637968302016,0.544094228094943,0.5615982483864659,0.5282972650855545,0.5580325957753921,-0.004779750349158688,0.03537763323033228,-0.006072816591793843,0.022512493908910466,-0.009209655820433768,0.025630418308488882
0.64,0.64,0.64,0.0,0.65,0.65,0.65,0.1095280498664293,0.5405591627686261,0.579392161654836,0.5472709331931643,0.5845112647711694,0.550921681773279,0.5871454194308895,0.5388359702729637,0.5904408120225114,0.5305303406945373,0.5839991324801845,0.5460698035953646,0.588520102561166,0.5430173732035951,0.5933434607074742,0.5468904777336739,0.5846841381892762,0.558845234130254,0.586554677001275,0.006797087472768474,0.013760300540613422,0.006999799472637674,-0.0021624621238867854,0.00109417155357427,0.010723939130337057
0.645,0.645,0.645,0.0,0.58,0.58,0.58,0.0832696715049655,0.5464569782488252,0.5726771201628187,0.5464775371041927,0.5725981779247149,0.553762584779596,0.5817523549616834,0.5558389443156214,0.5812322062274887,0.5456924447482199,0.5794339418681614,0.5647301630195822,0.5804853420731003,0.5572132143038271,0.588747103972771,0.555093236805028,0.5761635733964263,0.5767043960579481,0.5818295083779699,-0.003738396636130909,0.024534950687242162,-0.007662964832116273,0.017821560138544964,-0.0034706418760450243,0.023560083683255614
0.715,0.715,0.715,0.0,0.555,0.555,0.555,0.0935017315135465,0.5480385805660984,0.562567384635938,0.5413430039373579,0.5603878710890641,0.5497738913031412,0.5716948471476204,0.5408948496511892,0.5684956095300442,0.5473126305165923,0.5697524066054331,0.5592236835480402,0.5709464550874624,0.5465827209925092,0.5772248120403957,0.5433440407428587,0.560360065358658,0.5651196362772364,0.5713209370541383,-0.016690518814209014,0.009309765689696542,-0.01792803356334559,0.0021467817099324357,-0.02049066258442654,0.0018705330820335227
0.64,0.64,0.64,0.0,0.66,0.66,0.66,0.1273100616016426,0.5400139786512983,0.5735189555049013,0.5278751246938882,0.5674415666795086,0.5401805236020181,0.5866013651890197,0.529893995948079,0.5862145203758794,0.5308080269583493,0.5918267159837076,0.5336531204585376,0.5831460682191804,0.5375444974023053,0.5871349358691731,0.5288631015730395,0.5779458028255693,0.5542295379167034,0.5796395337712251,-0.004020471524541543,0.037889568015654275,0.0005137872914406094,0.0365175263573652,0.001724909732018193,0.025139024783272883
0.625,0.625,0.625,0.0,0.63,0.63,0.63,0.0618661257606489,0.5401999739756653,0.6034500252198612,0.5458455867820842,0.6057164978131847,0.5485311157390559,0.6197323623054642,0.5545907134493624,0.6178780791243391,0.5491139973945197,0.618190426261195,0.5550027156183642,0.6179492076949389,0.5583548755985568,0.6204180621258222,0.5438761235734392,0.6082384124582728,0.5553016203545398,0.620937643903922,0.00629066601246651,0.06131693325906902,0.006843950881615519,0.055707015664134454,0.006318205669566651,0.05129539388258166
0.685,0.685,0.685,0.0,0.615,0.615,0.615,0.0304709141274236,0.4494772002854633,0.4685081710051887,0.4504692792406333,0.4725253076953478,0.4673278989724271,0.49998543650687244,0.4580707223445375,0.4664589295885258,0.4475944927687465,0.4819558109401469,0.4623203780008149,0.48230500891355615,0.4696319837186093,0.5024567544699405,0.4562506480525455,0.46490246387570655,0.45322050506994266,0.46935196118107003,-0.0025804026774323306,-0.012552262888087997,-0.006379033759234867,-0.008832422722342087,-0.006073758024690846,-0.015799511306234783
0.65,0.65,0.65,0.0,0.555,0.555,0.555,0.0239087519192806,0.6028236982576626,0.617873887926171,0.5905287509516077,0.6181958443442491,0.6073858161057504,0.6383889062317386,0.6173377373139973,0.6248884600050877,0.6127261176891158,0.6271904481676833,0.6046294702889582,0.6308077191799095,0.6114110111526605,0.635548800553945,0.5960143089555727,0.6167372773765984,0.6064645569226043,0.623617641122391,0.009030683091926983,-0.001734917655975149,0.0016834628026590553,0.009313279327115398,0.00875882660724813,0.007088093649915974
0.65,0.65,0.65,0.0,0.565,0.565,0.565,0.0248823133826495,0.6200419005449679,0.6383455929251628,0.6202926791152046,0.6332265504528574,0.6297574196159585,0.6381304966638737,0.6280964068068347,0.6465909367369403,0.6398167065222129,0.6351574295431462,0.6258797154724588,0.6333237561575253,0.6255922862959631,0.6349005987715227,0.6249477064929317,0.6394420719722932,0.6141103160903189,0.6313523221984733,0.010156702934053753,-0.013940602227430468,0.003407597957697152,-0.0016428038807261506,0.01016561317028663,-0.004234099195668246
0.675,0.675,0.675,0.0,0.66,0.66,0.66,0.0189005915452316,0.6180619756571613,0.6421428803126582,0.6145621905390019,0.6420489686902711,0.62018515576821,0.6352101125264746,0.6277776522811858,0.6509348204992876,0.6333776958734662,0.6415866915713798,0.628634561011401,0.642809159536685,0.6156783248841656,0.631201309490851,0.6168363625853531,0.64652683840079,0.6145030928124641,0.6471830747158385,0.021189729206476493,0.024074114905291953,0.01574987083471224,0.034729192549906876,0.02233871558643275,0.030194002488497153
0.64,0.64,0.64,0.0,0.735,0.735,0.735,0.0,0.6594439588972862,0.6899768379258346,0.6685837840259581,0.6852023071248998,0.6576143314544874,0.6666924536674306,0.6644912411628237,0.6959191272148971,0.67500330290731,0.684871054884407,0.6673570313658251,0.6854595097206261,0.6548868659917387,0.6610953622943739,0.6579879700851446,0.689683760416224,0.6577744082450055,0.6904683387421302,0.0121144160781558,-0.004476018381302391,0.00693116810184039,0.006387679412359612,0.01357491810774205,0.012216030231755486
0.645,0.645,0.645,0.0,0.7,0.7,0.7,0.0,0.6756196093233724,0.6997825985958965,0.6693059104511188,0.6956044988517741,0.6798045781858173,0.6778200203547394,0.670535769372603,0.7042719091661075,0.6737766621390627,0.6988654042861897,0.6650021968820276,0.6980980424702659,0.6696271348481493,0.6710867418033578,0.6751956544792549,0.7017450240066828,0.6621044240386497,0.7021108629151738,-0.026417760572304445,-0.016054886327572317,-0.028011254196697373,-0.020890658004538577,-0.024092721486694384,-0.01633724669822585
0.605,0.605,0.605,0.0,0.75,0.75,0.75,0.0,0.6379478100628799,0.6053757756916643,0.6290047698400975,0.6028493322662772,0.6298992032083005,0.6142439117007497,0.6301441534778885,0.6138502347245054,0.6339017090967031,0.6098837786632193,0.622346259192754,0.6106691876537877,0.6337518810125115,0.6131891048227281,0.6208969030690487,0.6124047755691733,0.6124405867464527,0.606455524604868,-0.0077824703196687295,-0.028080155419678482,-0.010745781163083697,-0.02902676434639161,-0.005150708539900855,-0.02724572982550934
0.59,0.59,0.59,0.0,0.66,0.66,0.66,0.0,0.6129284163386327,0.6020708708712776,0.6237373722597577,0.6096634113247724,0.6081946664511187,0.632288743134316,0.6234654571452084,0.6085818285732484,0.6203606944113493,0.6156950661960673,0.6187015370332496,0.6195149865875752,0.6213694669328924,0.6281450409775428,0.6092609164342133,0.609797041888554,0.606085894685973,0.6126758596125449,-0.01825701051509696,-0.04121635933206204,-0.02131456280687716,-0.033929701668266754,-0.01794745293813653,-0.026364473747274984
0.58,0.58,0.58,0.0264255910987483,0.705,0.705,0.705,0.0,0.6161187870377189,0.5783340808770165,0.5959526166118829,0.582323612291275,0.593728232888001,0.589203762438418,0.6063064942817799,0.5823515330215235,0.5978852598766955,0.576313092985827,0.6060794592023733,0.5791019960250794,0.5852391143576863,0.5829188585564771,0.5961586411484963,0.5851177556556463,0.5894453157287998,0.5836477653147154,0.014222539246937662,-0.013160621277616419,0.009863659038807948,-0.008194757778802512,0.016235351651811916,-0.0024483409002461834
0.625,0.625,0.625,0.0317583268783889,0.68,0.68,0.68,0.0,0.6018839717604485,0.5858812208519533,0.6003564094331626,0.5841522492376912,0.596727956970138,0.5975480312466824,0.6102236961185818,0.5914059569434692,0.5997143970589403,0.5846063309548368,0.5963666298224826,0.5888485993094343,0.6053000547429362,0.5934887071913969,0.58552925050273,0.58948019952051,0.5778846013027742,0.5888545257158412,0.0040631963667490814,-0.043410762947280725,0.0010821930629594894,-0.038859743189538255,0.004656676466646487,-0.03404544863242477
0.615,0.615,0.615,0.0304709141274236,0.63,0.63,0.63,0.0,0.611864985454744,0.6045390758383815,0.6040650328491136,0.6046234506366591,0.612721285418864,0.5999397903754481,0.6075350524692971,0.6069470980192545,0.6018070772630413,0.5956989238462005,0.6025388287744381,0.5993297665318145,0.6071044436041932,0.5967560801154442,0.5967229846797834,0.6047241094726402,0.6092134844968998,0.6064959785456986,0.017201668073376933,-0.0017930926101033984,0.014570570754493369,0.0019610450313907587,0.019559497200395626,0.009688317225886643
0.625,0.625,0.625,0.0317583268783889,0.605,0.605,0.605,0.0,0.6119932945684127,0.6198425874138218,0.6093519836417398,0.6199579496539612,0.6125210649281757,0.6203116284838834,0.6100699538382589,0.6226884194461758,0.6104162894601168,0.6144115499213326,0.6076945615606132,0.6192049868393821,0.6108547396551368,0.6145872880716152,0.6168748294940875,0.6241806423257624,0.5952727134381723,0.6230793448502003,0.01625401100952779,-0.009918943962735235,0.011954287520110506,-0.00045263224569504576,0.016705645771421068,-0.0041866759676304705
0.66,0.66,0.66,0.0368271954674219,0.64,0.64,0.64,0.0,0.597882076499262,0.6213606944959053,0.6056665856411917,0.6211753408272191,0.5947746982561957,0.6144878029829148,0.6164773413885266,0.6240485849826136,0.6075535856389707,0.617353568788277,0.6110020649654383,0.6187360515171315,0.6056234357725631,0.6112928351378474,0.597563099574309,0.6204900954807284,0.6084230917745252,0.6237275052305234,0.00958747814760078,-0.017898135432713888,0.006997224889715912,-0.013400511270523328,0.01013006564249917,-0.011436664217424614
0.735,0.735,0.735,0.0518783542039357,0.645,0.645,0.645,0.0,0.6338288058654109,0.6229508831373114,0.6320684091644267,0.6220438664788849,0.641490061535261,0.6169801911877915,0.6305593563240377,0.6243111195028813,0.6355884450188974,0.6158768606818567,0.6199368854536244,0.6215826034462978,0.6313637384457889,0.6114198137133738,0.6336194356615764,0.6172007244059559,0.6330925177322709,0.6232080963973331,0.033723505181797966,0.0028958756553951357,0.035383951629707464,0.010414192371163394,0.036311032938087455,0.001638924341018165
0.67,0.67,0.67,0.0,0.715,0.715,0.715,0.0,0.645841282300185,0.6177791942499059,0.6537480922475974,0.614225918566544,0.6483368235575291,0.6139899184968919,0.6308119704465609,0.6213580582047815,0.6376199191585074,0.6141053258994742,0.6405308726545167,0.6156742100246183,0.6471680760169197,0.6091769189818967,0.6545158290335511,0.6120015610106884,0.6320167893539899,0.6199503957079997,-0.012070657989277393,0.017972926957893137,-0.007893267008700047,0.03098636534287835,-0.013037370161520902,0.024047386980492136
0.63,0.63,0.63,0.0,0.64,0.64,0.64,0.0,0.6468198455064111,0.6156410209006105,0.6503282321124177,0.6188769886208719,0.6641906236851616,0.6145838637476614,0.6449701202836864,0.6170376172670823,0.6419097568260294,0.6134468916434135,0.6415018488433274,0.6185743752277375,0.6526709536499535,0.6066775479587313,0.6628020472096888,0.6047155519226519,0.6062785980212728,0.6158059599291126,0.00698714548645026,0.008603388770517459,0.008963553314420352,0.009907678803633272,0.008596176154450633,0.0070333004653180264
0.6,0.6,0.6,0.0,0.625,0.625,0.625,0.0,0.5939447962603451,0.6005161215016063,0.5803314508353027,0.5969802239364919,0.595706957162954,0.5900343689616416,0.5815431574360438,0.6015707132483419,0.5830956906223179,0.595811447685982,0.5645663670297909,0.593142258286226,0.5925928237008583,0.5828980906275417,0.5977941347559458,0.5964943512868806,0.5902575351612181,0.6022255938893483,0.011831382564844476,0.007844810396367759,0.01233698324667105,0.005929190271394052,0.011597759332114698,0.008718538038607247
0.62,0.62,0.62,0.0,0.685,0.685,0.685,0.0,0.5741811305346377,0.581572409694453,0.549384051197749,0.5797949602165416,0.5656994308249719,0.5827361240564475,0.5480133873309693,0.5856652401332286,0.5525198580683892,0.5788888739876291,0.5314377587882488,0.5813222472089756,0.5702590289478883,0.5739582693208486,0.5621344741816862,0.5778990204036379,0.5663860886508417,0.5825475822337581,0.013614458632720474,-0.0005893299551152691,0.014874712480395949,-0.004609355155908651,0.016849093784659902,-0.0043428492958030975
0.58,0.58,0.58,0.0,0.65,0.65,0.65,0.0,0.5600482720480946,0.5685953866762878,0.5429305165667497,0.5641795992926584,0.553536486600862,0.5752378801348637,0.5476343927292817,0.571415203150825,0.5459687571963379,0.5675947888596516,0.5317671473066486,0.568071828340587,0.5593881186257691,0.5679840862900224,0.5484530453425523,0.5676151377169681,0.5610473532130035,0.5701638042188705,0.016434973614071362,-6.234439389055541e-05,0.017256757178194256,-0.0038911104169388686,0.019858905439797223,0.0020963758755421905
0.475,0.475,0.475,0.0,0.65,0.65,0.65,0.0,0.5817268319283723,0.6061282827729765,0.5555416877465827,0.6045601774508941,0.561285855305081,0.60291405966189,0.5548891346327345,0.6098652003762981,0.5575323579925435,0.6061178832748502,0.5423301930617167,0.6025151905084736,0.5658143323100322,0.5985950054482196,0.5598946249539124,0.6050131141577991,0.5940405664481383,0.6049721090413218,-0.0034455185856886194,0.011022263770248382,-0.0008209884915551367,0.013274279239513161,-0.0025696324889364955,0.0068821192552661085
0.515,0.515,0.515,0.0,0.675,0.675,0.675,0.0,0.5662298948910851,0.6024039345366393,0.5464429287199666,0.5968118934222901,0.551940613532342,0.6024014755529143,0.5469546019335962,0.6042885476752813,0.5497057844970896,0.6024184026128142,0.5388295417792458,0.5999347264896466,0.5658370038291335,0.5994691789820144,0.5505852335454005,0.5998129024971743,0.5799733407812871,0.6018336893564784,-0.02194245091476607,-0.04138654472882232,-0.02206408495727055,-0.047273659581510634,-0.028498656520863936,-0.04070899906082315
0.64,0.64,0.64,0.0495049504950495,0.64,0.64,0.64,0.0,0.5830606045361543,0.6005822362834803,0.5620017417830274,0.6016721211413932,0.5721771424177956,0.6092187071480029,0.5831875550832742,0.6039036532599341,0.5623138371328951,0.5975060373235831,0.571526378854392,0.597050690726753,0.5751333365750223,0.6035378862829209,0.562116370657576,0.5934895371477575,0.5742612485670961,0.5956237980763748,0.07269279934680353,0.029830463356150444,0.07638200280570609,0.027351262043450408,0.07917696393931607,0.03773483033523499
0.62,0.62,0.62,0.0455858344844907,0.645,0.645,0.645,0.0,0.5773276925434787,0.6070630213456977,0.5749518204811429,0.609592245246843,0.5683978339938524,0.6189043831496761,0.586582681250529,0.6130468311268235,0.576270243772469,0.6087626854269649,0.6020678737053621,0.6090934732335198,0.5895498230987332,0.6156723254889335,0.584174037029107,0.6029220604635389,0.6019485165825824,0.6075877263603062,0.07254492005495654,0.03396237053805968,0.06881991146503441,0.03522279122915226,0.07314453184038679,0.03723195159250275
0.655,0.655,0.655,0.0527182866556837,0.605,0.605,0.605,0.0,0.6145205980636337,0.6263648997805604,0.6014825170198068,0.6370781738693925,0.6025322705014996,0.6431238771787772,0.6158845325359,0.6348600438150762,0.615473948489909,0.63456251210812,0.6205737879510876,0.6351214929839282,0.622074989053325,0.639398704482084,0.6101614594563133,0.622918575346628,0.6249806649184217,0.6316520458453986,0.07526722984213988,0.021146848362913598,0.07275974779687659,0.027683703044692764,0.07619168413331905,0.018193077043440812
0.71,0.71,0.71,0.0670741515200257,0.59,0.59,0.59,0.0,0.6310844434420929,0.6286795871526901,0.596808895661514,0.6411092367262549,0.6110632886852044,0.6478158943398518,0.6181951321436169,0.6354768313732869,0.5940641026943985,0.6385634864151839,0.6150146014141202,0.6368210980615682,0.6193054288758126,0.6399199825599753,0.6173315665016139,0.627486368569521,0.6418000273236651,0.6329211116244533,0.08395359714979467,0.050734439612715065,0.0910977310207567,0.05148273392659304,0.09029606646912844,0.0483157316112289
0.725,0.725,0.725,0.0718866014174823,0.58,0.58,0.58,0.0264255910987483,0.6420456480126687,0.6663903899119414,0.6326780570623459,0.6733279630553546,0.6316581330588656,0.6818989313098871,0.6439943585159579,0.6746347708157385,0.6282033877360739,0.6690141493787422,0.6569465538095819,0.6713284529780036,0.6560352378686813,0.6704930493707701,0.6502927875727371,0.6627365939138367,0.6651841046883847,0.6667534894586506,0.12195883813933431,0.08574049479716164,0.1272734609212653,0.09839666341554736,0.13127704397629392,0.08457598399591726
0.74,0.74,0.74,0.0771960958296361,0.625,0.625,0.625,0.0317583268783889,0.6688201270804567,0.659875771312242,0.6643591519125069,0.6643563797206814,0.6635795876684504,0.6575935829735005,0.6612630123293837,0.6681944595646779,0.654032714391995,0.6575765827218484,0.6673496886740624,0.6584306496879313,0.6613821380658131,0.6505501559418696,0.6744625952909293,0.6576774875428345,0.6885946780943729,0.6600486736631135,0.10938845304237675,0.060068416200766195,0.11393567279133712,0.0663601135735757,0.11570630969533692,0.06298605451850244
0.725,0.725,0.725,0.0,0.615,0.615,0.615,0.0304709141274236,0.6430659191407029,0.6159928358104196,0.6057997093471882,0.6164214470554,0.6236674341947839,0.6081009314267442,0.6035561444525517,0.620617297246843,0.6058085192535068,0.6087351047972066,0.6090418860722092,0.6070667800667608,0.6202984014682843,0.6017049503927098,0.6265066834333148,0.6099094504905771,0.6350392672568927,0.6105167357111655,-0.0001500498717814402,0.01564003065251269,-0.0018975426939818667,0.02042995974614008,-0.0012581132723387578,0.008538293313726839
0.71,0.71,0.71,0.0,0.625,0.625,0.625,0.0317583268783889,0.63829647467398,0.6574691293312116,0.6295150493686117,0.659646183072827,0.6176771695234639,0.6491972987660021,0.6197508908421571,0.665253487674851,0.6281127101957847,0.65185502008286,0.6183743567115126,0.651477054576481,0.6199206431875177,0.6391944706830208,0.6369683744517594,0.6487901999616777,0.6344604039877854,0.6531121675406462,-0.0186629035560188,0.00883439239528435,-0.01922682339120481,0.010563319203885582,-0.022410756470425012,0.004459933971417147
0.635,0.635,0.635,0.0,0.66,0.66,0.66,0.0368271954674219,0.5780200460794425,0.5915513279397998,0.5544738843759531,0.5857161678154533,0.5665190494601745,0.5852120321922233,0.5522614690922409,0.5914331232398925,0.5460107682551816,0.5759826907142692,0.5410317119906916,0.5768986396933872,0.5726653683790325,0.5770444983438138,0.5626162195756447,0.5811607861416682,0.5681172179303763,0.584113101416759,-0.010448878440131273,-0.00352604385606525,-0.008777771888000994,0.0010397544988195633,-0.012086233839521836,-0.0010028103240320146
0.53,0.53,0.53,0.0,0.735,0.735,0.735,0.0518783542039357,0.5660578656148294,0.5904672107880063,0.5545138562210433,0.5860592964834526,0.5400079367352157,0.5918510167054899,0.5596789925615056,0.5954261320653095,0.5517175419310192,0.5833667650200771,0.5551148866694557,0.5852921395269023,0.552365894392064,0.5860444036632759,0.5535665351247844,0.5825960006254066,0.5852739819042672,0.5876124606735516,-0.006297751858485654,-0.021831110459457025,-0.004620366261461505,-0.02002277802040872,-0.0051783258509797035,-0.017433440263807314
0.57,0.57,0.57,0.0,0.67,0.67,0.67,0.0,0.5550819158962788,0.5890809678077952,0.5537363336217888,0.5865547816555973,0.5421607616586186,0.594577181506725,0.5508156446784165,0.5931104090296125,0.5519763206558163,0.5795454829914928,0.5509050818689254,0.5862448811782948,0.5588463457137055,0.5873529662854081,0.5573015906606252,0.5785271538933907,0.5737826345724089,0.5860819650022574,-0.025970069634055196,-0.026946025401871816,-0.023688043084279454,-0.029861557689116774,-0.029518623118793625,-0.02611324607820035
0.615,0.615,0.615,0.0,0.63,0.63,0.63,0.0,0.5653848835098546,0.5609076196900346,0.5522873837268003,0.5581023072591115,0.5682751107919393,0.5570540215997084,0.5544149207294841,0.5669239095763061,0.5509869408214266,0.5521063632427029,0.551848898553591,0.5515549158545204,0.5673137825717184,0.5541873576430518,0.5628534057912196,0.5564883910022171,0.5742129081344753,0.5596040336342738,-0.012463323744886482,-0.022448035312297353,-0.009675617548485315,-0.022021987686270405,-0.012151070637913678,-0.02061378465030361
0.585,0.585,0.585,0.0,0.6,0.6,0.6,0.0,0.5396845059852936,0.5274494808625662,0.5041009902387751,0.5361469742822791,0.5352611922241202,0.5548379332761408,0.5198883671913417,0.5334415173372091,0.5051556448431889,0.5399971843333761,0.5108135120679765,0.5450073406814149,0.5370262840138648,0.5519308026095222,0.5264578399740647,0.5215035461693378,0.5458383729624661,0.5348684188524795,-0.01576206253932877,-0.05170045787293587,-0.01831874054228479,-0.05162420203511615,-0.016525003747420955,-0.0405045042081648
0.61,0.61,0.61,0.0,0.62,0.62,0.62,0.0,0.5808233764158742,0.5730961449645723,0.5618031952081718,0.571619935583674,0.5766610384842903,0.567456508141963,0.568568372205267,0.573979964596996,0.5731430437975212,0.5648328602161953,0.5671906433413539,0.5659842219679738,0.5730346503460556,0.5671263068172151,0.5649539435637353,0.5745931060236171,0.5954343012145915,0.5769706016342676,-0.01238506965759067,-0.006486313116760656,-0.010764737725302957,-0.007790331184084357,-0.010151579225467276,-0.0013005122512753542
0.575,0.575,0.575,0.0,0.58,0.58,0.58,0.0,0.5966116213842106,0.6162427608186958,0.5798907692617289,0.6181771321686136,0.5847760039297135,0.5961146361269873,0.5716910234399526,0.6102471566351156,0.5866589313005989,0.6142330055815146,0.5632289461818764,0.6114585585017144,0.5802265113722507,0.592722653520101,0.5852931202569467,0.6038746196349132,0.6030451566947841,0.6130778376538254,-0.0026244320521240146,-0.02560230961669559,-0.006141033751705539,-0.02221575289662252,-0.008389317719217228,-0.013733992310494813
0.585,0.585,0.585,0.0,0.475,0.475,0.475,0.0,0.5947349692090568,0.5675369585615425,0.5666540208775871,0.5669675688631298,0.5877569492745527,0.5688686136064381,0.5581552964792953,0.564920336640088,0.5616230350806585,0.5690971891946431,0.5634070149464472,0.569318332277973,0.5722849908315589,0.5663429472619641,0.5927633993581983,0.5539483694171217,0.5935227066663249,0.5592047131888972,-0.011419329981115542,-0.006039547532199047,-0.010675735541090348,-0.00018625632362309638,-0.01619394229901729,-0.008352457631971687
0.595,0.595,0.595,0.0,0.515,0.515,0.515,0.0,0.5793433556145059,0.5660368211104623,0.5430893673030762,0.5649781072451573,0.5479158270518288,0.5686591159395012,0.5462019585833481,0.5617231321771342,0.5463913316210324,0.5626897713444465,0.5329826063092438,0.5624870675112736,0.5664159083235197,0.564649705140439,0.5493808225286021,0.5550967000072434,0.5879618556877885,0.5595970381659172,0.004998313691583241,-0.01657644718252168,0.0029546986317951734,-0.00815560940418775,0.003462459014661213,-0.01172636886547068
0.595,0.595,0.595,0.0,0.64,0.64,0.64,0.0495049504950495,0.5803775927024885,0.5853986539536922,0.5475306326470255,0.5771123237165279,0.5660113026477831,0.5813467824037161,0.5442026813948158,0.5786175947071753,0.5531724234720714,0.5797242483993044,0.5483033553332599,0.5800709026317362,0.5564857564735086,0.5755492238053926,0.557500120187223,0.5739357550440327,0.5940171337662504,0.5760851120588403,-0.0032626878175766806,0.01671867902369486,-0.004503302687761985,0.020644668944446266,0.0007707688986554494,0.017567750905313533
0.545,0.545,0.545,0.0,0.62,0.62,0.62,0.0455858344844907,0.5902227385439416,0.5631477167673026,0.5601676074131023,0.5587455226139073,0.5707834723179434,0.5673747822786834,0.573016105354753,0.5561775810713347,0.5750188785422381,0.5591614090191411,0.5694976425249685,0.5602037350343497,0.578773515588371,0.5628009655479981,0.567348732105637,0.5533330499369468,0.5843786565429319,0.5610021615573596,-0.010635186466864259,0.0010577093908561356,-0.012213219231008529,0.0005822416671865975,-0.01333276657509313,-0.003141620129010673
0.5,0.5,0.5,0.0,0.655,0.655,0.655,0.0527182866556837,0.5649367422807975,0.5689795220431321,0.5493807068185956,0.5643751011333775,0.5534486861712853,0.5734562544978153,0.5423692797336623,0.5627948277013166,0.5477713549635713,0.5673543666496427,0.5335675454840119,0.5668281081996084,0.5596236299606612,0.5687902617188463,0.555759885341207,0.5651268381757887,0.5717103940597364,0.5686836437879047,-0.005779404922290822,-0.0265819496718654,-0.009894864342722317,-0.02177419450762538,-0.006433447239630801,-0.022956162411777312
0.5,0.5,0.5,0.0,0.71,0.71,0.71,0.0670741515200257,0.582770017433118,0.5749856687938493,0.5600297861455518,0.5702649699490597,0.5655169558905547,0.5770084534442551,0.5580132968859972,0.5752836019979046,0.5682805671976968,0.5733454545984783,0.5695721008429219,0.5726308407782356,0.566886061450903,0.5734313247978186,0.5719696266992833,0.572894789366762,0.5734737785124379,0.5796301059702713,-0.017471925783393516,-0.008267969504504058,-0.018820555078179594,-0.010020288948774268,-0.017669221144234484,-0.015156248604615006
0.54,0.54,0.54,0.0,0.725,0.725,0.725,0.0718866014174823,0.5914416875158497,0.587938293775936,0.5758056233328742,0.5857494644466889,0.5832803189316363,0.5847924253518594,0.5673710437131896,0.5877594702283855,0.5816021045978227,0.5856958713132787,0.5781809909467353,0.5844583345342763,0.5747908281180883,0.582881070901225,0.5862479715558183,0.5899703189170923,0.5890679651638956,0.5925360244507341,-0.02585000179921641,-0.020981442235197913,-0.020125374362905932,-0.02648344564312755,-0.024377703907871542,-0.026836916658255675
0.55,0.55,0.55,0.0,0.74,0.74,0.74,0.0771960958296361,0.6477049614999136,0.6209086321565135,0.6369264785670308,0.6174212534280026,0.6525807557544723,0.6127211681915073,0.6240077097049284,0.618129751160616,0.6346263611921308,0.6168252767595293,0.6269791140954715,0.6144837189707174,0.6380125251025355,0.6120667698945654,0.6365953369344468,0.625091449578526,0.6191961691605953,0.6201276482407356,0.014723505860156399,-0.020153817436854196,0.011940981817079442,-0.01839361942125009,0.012887518169301745,-0.012559402639091825
0.48,0.48,0.48,0.0,0.725,0.725,0.725,0.0,0.5838116647593173,0.6227645267693809,0.5726099565642905,0.623302222560221,0.5721478827858753,0.6209913888740236,0.5798206405094005,0.6256300116174733,0.5786624278680206,0.6261001422263021,0.5739119592585404,0.6236791878260148,0.5939579373654377,0.6199371652459224,0.5673570595621286,0.6279927192305167,0.5890602238939558,0.6278805807044159,0.012376954634885695,-0.002395261577404449,0.00906017623066812,0.007266984899370557,0.007768806811463695,0.008662041070113851
0.475,0.475,0.475,0.0,0.71,0.71,0.71,0.0,0.579983667562075,0.596540402208903,0.5733334665757455,0.5963893615474967,0.5726845586050902,0.585861798951226,0.5756140819375961,0.6039801025742072,0.5827236287321779,0.5893981977266632,0.5814473305079927,0.5882007278486863,0.5831919332461828,0.5841183806176277,0.5703899848296223,0.6041050104640343,0.5769449536592252,0.5990395843443607,0.024524258758151764,0.03835485994125588,0.02408123136910316,0.04075602956400289,0.02614076651600959,0.039856606665019015
0.535,0.535,0.535,0.0424217462932454,0.635,0.635,0.635,0.0,0.5713299769886335,0.6125092352257696,0.5652389890641579,0.6189385291854104,0.571771674770992,0.619932310452278,0.588603097336364,0.6309683099741972,0.5652272253023964,0.6167312475005847,0.5826613207002347,0.6186766336327736,0.569995199420021,0.6161224442878315,0.5695076847812572,0.6235449023053911,0.5706388584674741,0.6214743246298043,0.07602055235335606,0.1300142258853255,0.07800124532902547,0.13488712808106532,0.07644263927211208,0.13147651628175588
0.615,0.615,0.615,0.0582191780821916,0.53,0.53,0.53,0.0,0.5811982644855452,0.6560243359275861,0.5808075675735338,0.6646683723380135,0.5905649909335452,0.6333947403251103,0.5908994963100719,0.6718587170734192,0.574152284350329,0.6595443632805376,0.5849464191639269,0.6580019401057176,0.584080580644219,0.6319592137144461,0.5760465384977909,0.6691847460582623,0.5916303929832722,0.6670705188227978,0.08471980302266427,0.13736115583252928,0.08619478572045917,0.13803870650352823,0.08309935523581145,0.13364485450022343
0.595,0.595,0.595,0.0537383177570093,0.57,0.57,0.57,0.0,0.6105512542943125,0.6678954471833235,0.603193047784522,0.6693746351165129,0.6097188624645469,0.6363405257378023,0.6038324660208032,0.6833376002443742,0.596993827259732,0.661523582647959,0.6110812745529622,0.6618240173209253,0.5949868095902825,0.6350089626945938,0.5930956712430918,0.6775552745569737,0.6097206148709003,0.676153015696776,0.08949985095052593,0.15126568211709343,0.09286354398850613,0.15576267256063395,0.09149983943597659,0.14947431681539294
0.56,0.56,0.56,0.046793760831889,0.615,0.615,0.615,0.0,0.6251130134758689,0.6724315119520469,0.6223270252559704,0.6729802845239259,0.6261914681841367,0.6375000172886269,0.6188722862905188,0.686486945815715,0.6143395366807359,0.6635973814335497,0.6240112246636611,0.6622128001517293,0.6015738230558773,0.6350089626945938,0.6026465584791895,0.6758276103607326,0.6277060418458533,0.6762062017011548,0.09807636200898734,0.17161439227318817,0.09875375568997949,0.17343444656173232,0.09444512364956395,0.17240401018089102
0.6,0.6,0.6,0.0548204158790168,0.585,0.585,0.585,0.0,0.6420454147521292,0.6824992552831172,0.6424431935827734,0.6814553426347751,0.6503329841377514,0.6503178683836924,0.6447783933118086,0.6963187548066696,0.6425356883160818,0.6707459921165575,0.6548095115747407,0.6721925048366751,0.6322085394001696,0.6504821174912782,0.6258562125151697,0.6869439975710169,0.6426438719324549,0.682878945319419,0.09574488526126673,0.1268512055594324,0.0899638783077279,0.12575116331177627,0.10045679970175363,0.12055448824001139
0.685,0.685,0.685,0.0778688524590163,0.61,0.61,0.61,0.0,0.6450948769738466,0.6459082476859218,0.6301059708124984,0.6463636852911852,0.6551665952718128,0.6238990326999426,0.6278651780562979,0.6603202242864268,0.6298190272807647,0.6386338885306826,0.6364307464582478,0.638752236247706,0.6147018232452574,0.6244769084443674,0.6218395177978603,0.6557861270600706,0.657971082923829,0.6493384520205542,0.12131178816261559,0.11742315418972224,0.1200083514985719,0.11491319071545672,0.12494746949642406,0.11593741369646236
0.72,0.72,0.72,0.0909090909090908,0.575,0.575,0.575,0.0,0.6227589675094551,0.6610457050161967,0.6276851672679248,0.6655854078725785,0.6298947584357414,0.6545656647857006,0.6269823683666502,0.6710250716099285,0.6246690176348422,0.6622664012830284,0.6307622010675028,0.6661304894504037,0.6054993609473496,0.6488714525855147,0.6052214539700955,0.6638959122592782,0.6263336915628087,0.6687399722870679,0.11060033653929244,0.1175879285714026,0.1108334007941701,0.1143604385480383,0.11591662288280247,0.11398886235053036
0.7,0.7,0.7,0.0,0.585,0.585,0.585,0.0,0.6675682504657159,0.6741526547793135,0.6608657431363286,0.6728887043426881,0.6722885883410693,0.6676815818916202,0.6397950155533513,0.683196026400698,0.6525403894470335,0.6684560162048501,0.6495091407909792,0.6706361128669773,0.6549502527827689,0.6605447068863203,0.6714909937825966,0.6698289351447004,0.6705482791941719,0.6767494983058819,0.019275457061989205,0.031281938201982745,0.021479196674972046,0.033261230287949944,0.0239762075608483,0.026005658787852434
0.58,0.58,0.58,0.0,0.595,0.595,0.595,0.0,0.6705285108075866,0.6830120409905027,0.669404124732763,0.6810748785935821,0.6799249190723553,0.6729548501712422,0.6584873243762536,0.6917541682920225,0.6648442912234428,0.6780526947562306,0.6763132248122171,0.6782655866390886,0.6754613342775503,0.6705054957344727,0.6873615348410202,0.6819374275112892,0.6794917283718395,0.6827650868382594,0.024599412252094,0.06447386087326096,0.021945834804850378,0.06784616175838273,0.026117432845713464,0.06133760185207169
0.655,0.655,0.655,0.0,0.595,0.595,0.595,0.0,0.6679621195260355,0.6788982700565411,0.6719048602732246,0.6735344583575439,0.68041332401773,0.6669507036839699,0.6649417766781992,0.689184331333341,0.6660303537522799,0.6693351267681498,0.6777895941810074,0.6696365565379011,0.6676569459998674,0.6625759938395209,0.6862571950212706,0.6772285495588654,0.672894357457193,0.6798495022096567,0.018196225454747198,0.02537491437522607,0.015818155196480114,0.028319078250487545,0.021767122001618917,0.02291223073469503
0.745,0.745,0.745,0.0,0.545,0.545,0.545,0.0,0.6381386130233263,0.6594432183349337,0.6329083221318743,0.6578954615355623,0.6388996204587317,0.6555067252302265,0.6309917940369562,0.669065257903794,0.6264396492877122,0.6546361032075064,0.633378534885553,0.6605744497497663,0.6349611740569983,0.6511443277193301,0.6362171298162852,0.6661672435322457,0.6507319429769408,0.6677978626671297,0.008911943140162904,0.02672329363786659,0.007102763416591075,0.02658857239274305,0.012678768169812334,0.031457032002737355
0.675,0.675,0.675,0.0,0.5,0.5,0.5,0.0,0.6244600852818041,0.6519614328151999,0.6218834613384939,0.6538611949393307,0.6148910482210196,0.6541327098643634,0.6161105882693853,0.6604584410537334,0.6141179822036583,0.6514320957095238,0.6030300589299019,0.6561598675911057,0.6250598443152329,0.6489352026900189,0.6197292592913642,0.6587816382521015,0.6419178419109807,0.6578150615802975,-0.0026102461120554635,0.03913693577569896,-0.003285884546106614,0.0355097069143968,-0.0013612253507635582,0.04935308773686261
0.68,0.68,0.68,0.0,0.5,0.5,0.5,0.0,0.6048863381282721,0.6235709733877925,0.6091762913404063,0.6214027158303265,0.5929400679415345,0.6092362880780477,0.6005649775594617,0.6276857727418756,0.6107017064127594,0.6153615698345671,0.6136037700764687,0.6206090536112947,0.5947425193385281,0.6029036405702073,0.6015156118319672,0.6342717874145859,0.6085847934120814,0.6319988737821188,0.0015631396861911068,0.0907403005782896,-0.0015024344061950136,0.08985206001227757,0.001921388749904598,0.08088341313180819
0.605,0.605,0.605,0.0,0.54,0.54,0.54,0.0,0.5867967062515422,0.6294505087330481,0.5704346461969176,0.6225811331774407,0.5676673642713164,0.5977135493536614,0.573295176654822,0.6307020112509228,0.5696076706296035,0.6140142896528268,0.5764560105516424,0.6177339561799114,0.5652300306815168,0.5935611987907373,0.5710093583027894,0.6274741458464022,0.5947847535410157,0.6292225952899685,0.001767085074179511,0.05126912821593269,0.002117856394471584,0.06625139712178363,0.00033533307184078684,0.057648395126813405
0.605,0.605,0.605,0.0,0.55,0.55,0.55,0.0,0.6388299539147082,0.638588820859643,0.6391930906742233,0.6326095664811392,0.643493593845412,0.6349941591028834,0.6433642148551098,0.6453213813557173,0.6431566923591163,0.6332913183489083,0.6389617852489977,0.6350806434701856,0.6417332286979481,0.6300019881267044,0.6438531395191781,0.6381008713886542,0.6346800707244923,0.6405041940483948,0.027216636389553205,0.07898701666474099,0.022634682208724246,0.07784378061825042,0.027272694661176027,0.07034743864749014
0.63,0.63,0.63,0.0,0.48,0.48,0.48,0.0,0.6539317211597365,0.6355375253591345,0.6477285503394559,0.6351600105579289,0.653448553191864,0.6380779214527569,0.6516506346217352,0.6480921146725965,0.6551262545879657,0.6373875482674316,0.6429364598518422,0.6397141250649853,0.6435864995126581,0.6327129669281463,0.6523595192760075,0.6412588192773047,0.6376720429428796,0.6435772565811639,0.0005263642179332043,0.04205656388080318,-0.002174234421185478,0.04614008994728733,0.0028312048955525617,0.04564533607437071
0.665,0.665,0.665,0.0,0.475,0.475,0.475,0.0,0.6655932780449665,0.6478332506988664,0.6593963914800092,0.6453743171429839,0.6632565147763938,0.6439486265385439,0.656142248420878,0.6546719952115876,0.6622565797816334,0.6446674209583145,0.6491977698481397,0.6451962202310212,0.6455010728611131,0.6386871499589725,0.6604739118838762,0.647665690061681,0.6483995961554146,0.6510567780405176,0.003813326918494453,0.022337842881425356,0.007055767792971228,0.02905988987270157,0.005850652542938917,0.024307366135220002
0.635,0.635,0.635,0.0,0.535,0.535,0.535,0.0424217462932454,0.6418757786491375,0.6826722493450114,0.6358734786212604,0.6836363149205827,0.6385096350563961,0.6873035745022915,0.6331415833723878,0.6901226238392151,0.6347191020519174,0.6855332286187875,0.6292569260102587,0.6864607577254492,0.6329111435090012,0.6813235854237055,0.6330591372957894,0.6783736891370585,0.6467019206879646,0.6875785878593658,0.0003619658127375415,-0.005068104785426686,0.0010093600934438845,0.006964182079522202,-0.004433496537551652,0.004262822425668889
0.58,0.58,0.58,0.0,0.615,0.615,0.615,0.0582191780821916,0.6556087111441906,0.6574259519176313,0.6389255962583317,0.657059651369143,0.6497395970528294,0.6693370558051704,0.638747337544492,0.6561128161245328,0.6434005219610721,0.6600968544472136,0.6459076873090709,0.6646660815915832,0.6447505660886802,0.666600295120765,0.6440661362425183,0.6551315127617232,0.6408981349672949,0.6597066871953042,-0.005717401934485083,-0.017698089230024312,-0.006703265273435888,-0.0037070087530986706,-0.005515399097786143,-0.008656586660681916
0.6,0.6,0.6,0.0,0.595,0.595,0.595,0.0537383177570093,0.6539697978062062,0.6687317612134608,0.6551370575466622,0.6695382455556526,0.6571192926883511,0.681013598787458,0.6425239069934133,0.6716173733219624,0.6458536429956565,0.6683914477203857,0.6473697624426596,0.6724179542975413,0.6554894691369616,0.6754200023429344,0.6627682300223692,0.6652336392952617,0.6444223668654012,0.6717898864231514,-0.009194146872965856,-0.0016249253981056528,-0.009878534778814308,0.009157247960974049,-0.011078376440549258,-0.00011012348407354118
0.62,0.62,0.62,0.0,0.56,0.56,0.56,0.046793760831889,0.6969599865753267,0.6356633323183708,0.6677274992985246,0.6364878120998541,0.701077893033783,0.6466570045616331,0.6598354968498087,0.6372928382624874,0.660832522573309,0.6346178383164839,0.657146608292944,0.6352219986394219,0.6859240232569138,0.6394222640986157,0.6965699814292662,0.6363045781953607,0.6553339042314863,0.6325731860432063,-2.6750022220172533e-05,-0.029544890548940297,-2.4014564888756435e-05,-0.028850921362637047,0.0004082843912857244,-0.02885879628014256
0.65,0.65,0.65,0.0516190218127625,0.6,0.6,0.6,0.0548204158790168,0.6071299701891825,0.6690806790117684,0.6005370376377198,0.6685304153506713,0.6082593486142917,0.663133932385723,0.6051294362500672,0.6678534062632477,0.601158356843561,0.6643317101714035,0.610988208274391,0.6648083178348376,0.6031858792786376,0.6564436460641826,0.6103620370430384,0.6725007388903316,0.6192022897818913,0.6665465834361557,-0.015619683338599479,0.0072016421826554145,-0.021716672430420966,0.01071212530870869,-0.026135595421782763,0.011650736184376708
0.65,0.65,0.65,0.0516190218127625,0.685,0.685,0.685,0.0778688524590163,0.5829363771619165,0.6607943585093338,0.5915053405390863,0.6625641934711072,0.5790528701106492,0.6621495162035245,0.5952067552095011,0.663852259841719,0.5880515785301774,0.6584675970567848,0.5982208783211148,0.659811058860872,0.586635154912371,0.6561573542869089,0.5801066904267086,0.6584488232440507,0.6005673504832625,0.6589269218019882,0.008804288016861223,0.02752696360848665,-0.002211261060377228,0.03691358533161392,-0.0008124982455653323,0.032998347042135126
0.67,0.67,0.67,0.0561990561990562,0.72,0.72,0.72,0.0909090909090908,0.6429560106422354,0.6780794860226421,0.6472062671913934,0.6781247260082205,0.6392897083940979,0.6630609411850075,0.6414227975311033,0.6856071518705233,0.6535038552997432,0.6661546031651823,0.6543561532153699,0.6649718501626309,0.6394548178807972,0.6582076386409454,0.633332486173483,0.68303671902139,0.6727339003880578,0.6735545693801396,0.0024622414533213384,0.02585906452747981,-0.006014324999663403,0.035286653838048354,-0.002318765613124238,0.03762879675973244
0.61,0.61,0.61,0.043766090474439,0.7,0.7,0.7,0.0,0.619954356723829,0.6831522729372427,0.6112194829505616,0.6869845015137426,0.6091990935894702,0.6868393919119051,0.6229468883971511,0.6931793223448403,0.6113563028968434,0.6840036760687731,0.6398951628413584,0.6898476372975725,0.6212486325204827,0.6836468908491882,0.6079256555103381,0.685770299640209,0.6387296642302769,0.6839809203480078,0.0379555438273866,0.08428909917469962,0.041301791175510354,0.10055498059038348,0.041147856316632224,0.08888791401982278
0.67,0.67,0.67,0.0561990561990562,0.58,0.58,0.58,0.0,0.650376931381609,0.7107325632989866,0.6590591780902422,0.7164058016139286,0.6484823452972336,0.6988842816928486,0.658567615221865,0.7173623830567686,0.6550876624093654,0.7100093666268763,0.6735415444844817,0.7111148912800991,0.6557636523283732,0.6936331287585408,0.6441946997104685,0.7156752494276839,0.6636328451853827,0.7113914454355169,0.03922790285476579,0.09050822635826654,0.0395004569726815,0.10689030944415329,0.04134072427522955,0.09276648252676943
0.59,0.59,0.59,0.040374488004681,0.655,0.655,0.655,0.0,0.6644048935769857,0.6854981868316319,0.6737977254456823,0.6875030961811107,0.6553366370322837,0.6803800386010658,0.6699584020073355,0.6969926131535092,0.6714472067411058,0.6867217367937726,0.6777141654741572,0.6864830274986339,0.653055535939961,0.6757231858095062,0.6568814125409382,0.6868180447203521,0.6660290964395829,0.6895645458540655,0.0003466885533465513,0.06363029506659132,-0.0011286879716211782,0.07249592711226273,0.0024259758949171386,0.06764689024658407
0.58,0.58,0.58,0.0387916237555783,0.745,0.745,0.745,0.0,0.6499625795961679,0.691916237047611,0.6500455571534036,0.6970052341461306,0.6343869094837866,0.6886913133242912,0.6583135243797279,0.6924382033558036,0.6498050503580987,0.697490837574703,0.649593556309441,0.6975129387454391,0.6477736643190724,0.6853753482964333,0.6252066261976255,0.6929781781271481,0.6621204270272026,0.6941842224239463,0.0037375361629678762,0.014520254096736657,-0.0061663184181229526,0.021500154270705903,0.004071884024163887,0.03299240310005387
0.565,0.565,0.565,0.0,0.675,0.675,0.675,0.0,0.6192961342605332,0.6208073907045264,0.6187889726469858,0.618178783515955,0.6008954644882748,0.6301461717922592,0.6141528036233946,0.6234010206183577,0.6117881625205789,0.6211315299153686,0.6066727986189173,0.6232599535260795,0.6143177058105976,0.6262859875716378,0.6118174095759691,0.622737438126847,0.6235628490352927,0.6192658006435449,-0.00805886660744636,-0.020799238568076115,-0.009351212664815655,-0.021995863570548495,-0.005726205494173439,-0.017168679798406125
0.505,0.505,0.505,0.0377138413685846,0.68,0.68,0.68,0.0,0.6465631981745757,0.6666159674047428,0.6403165674101997,0.667513853716906,0.6388151260364943,0.6616880166699983,0.6404114019050867,0.6737924984776198,0.6385819547858027,0.6684550433647615,0.6576885699311059,0.6674115371200013,0.6366147055208302,0.6561379636738711,0.6330676916093446,0.6733467579872262,0.6476436977431135,0.6688915947735732,0.05317525186649608,0.039493542901720656,0.04553068699779689,0.04069729298674829,0.057590262934910694,0.0457030705630611
0.525,0.525,0.525,0.0588468397067564,0.605,0.605,0.605,0.0,0.6381039830517526,0.6739332662648626,0.6356237337609384,0.6754122493092106,0.6228717190995223,0.671159439352793,0.647862891804454,0.6752695848212222,0.6269082529715064,0.6771280767524068,0.6487654883535596,0.6770159886676568,0.646636175142972,0.6644436731535559,0.6385194793552865,0.6770074603045534,0.6244067551578469,0.6759579242584475,0.08383124461975347,0.11930192402957866,0.07975762849847032,0.118251110681641,0.08877447584555051,0.12224925703839416
0.62,0.62,0.62,0.08521906596052,0.605,0.605,0.605,0.0,0.589372575369507,0.6773950275150101,0.6011712734840934,0.6789664012549788,0.5869232032652989,0.671159439352793,0.6073941980202505,0.6807954142913643,0.5959990491386896,0.6795212324976183,0.6134535306973826,0.6782212634422254,0.6082368000806428,0.6644436731535559,0.6008846949502811,0.681851153833251,0.62282676718365,0.679975058553579,0.07752438721921338,0.06854977918350721,0.07064574588754949,0.0677874950656268,0.07573744514647172,0.06251604772510874
0.62,0.62,0.62,0.119861030689056,0.63,0.63,0.63,0.0,0.6199658237485559,0.6266223559981567,0.6155405166682492,0.6284718051297826,0.6126994067804954,0.6317788772719415,0.6180176571672297,0.637382266372661,0.6155807088671995,0.6285418666215619,0.6180190340320173,0.6304296827629452,0.6169498008387952,0.6288534455138799,0.6029975416288639,0.632331994245037,0.644807059319874,0.63476149693476,0.12149055405059006,0.14694350053660346,0.11503643034863333,0.14268828082517387,0.12017461971553939,0.14793643745462545
0.68,0.68,0.68,0.1515312209996023,0.665,0.665,0.665,0.0,0.5643711937130862,0.6322049529752541,0.5975585597686677,0.6347627519831329,0.5736242316756999,0.6148483487248622,0.5957571473347255,0.6484298666535202,0.5994882295033529,0.6332945331240658,0.6041044588701583,0.6330693286505803,0.5837956798490007,0.6127136314111182,0.5708743177430142,0.6412076526519183,0.6000117398349617,0.6438516431792123,0.1426840892357221,0.16381927107745273,0.1369320808255064,0.15683475594478488,0.1418795141615632,0.17274511608917917
0.735,0.735,0.735,0.2053973013493253,0.635,0.635,0.635,0.0,0.6014647225038161,0.6543624617730424,0.6087817937204014,0.6554341368870561,0.6302254544055585,0.6285192389457125,0.6155741243681175,0.6660759978986632,0.6193336069049354,0.6504072384042419,0.6193288829886445,0.6469061403782801,0.6087079380334669,0.6254988263001404,0.6001040768878212,0.6684779633379233,0.6222987954244904,0.6663809686936488,0.1584694681172761,0.18850082522306894,0.15284568865170356,0.18372628895768117,0.15948072743976105,0.18758362045010554
0.77,0.77,0.77,0.2384105960264901,0.58,0.58,0.58,0.0,0.6248499104528178,0.65964877866434,0.6434121112096904,0.6624400529000346,0.6320086650287176,0.6418768889173003,0.6319663681174302,0.6750268676899145,0.6404797888222756,0.6598699691368064,0.6431661321467436,0.6599744000539625,0.6378591768166871,0.6384724750498728,0.6259500113207704,0.6687661581487472,0.638027724900287,0.6723018885926617,0.19274176030985518,0.15324171105626566,0.1887759440303077,0.15674797105563681,0.1897340421470256,0.1672851939275169
0.795,0.795,0.795,0.1829414109206856,0.6,0.6,0.6,0.0,0.6717407043839201,0.7099681717000915,0.6745073504296325,0.7050043536668197,0.6837505403309384,0.6679267859332128,0.6623432550877593,0.7251092632445089,0.6778818716741968,0.6964727862736023,0.682350479984867,0.6954186058992647,0.6637163649923122,0.6639779095277623,0.6646457664356451,0.7121329040093577,0.6983022100093393,0.7113578874676626,0.10766203609044381,0.18759506484739075,0.11354346007649768,0.1881261556317343,0.11168297735944453,0.19822024288776172
0.745,0.745,0.745,0.102112676056338,0.62,0.62,0.62,0.0,0.6489774057026818,0.6987921604099666,0.6831640459643866,0.6992240314652465,0.6673123291479705,0.6630636764321556,0.6620261115051806,0.7165421668443747,0.6747336537269661,0.6909974280718202,0.6790683720266016,0.6909363187255135,0.6672505666581976,0.6583809758120522,0.6711476915580198,0.703095016376922,0.6455055619455976,0.7020702920132147,0.11640897069082193,0.16033826910574012,0.1177375973349023,0.16091312538270963,0.12678076261122623,0.17251109306705575
0.755,0.755,0.755,0.1071428571428571,0.65,0.65,0.65,0.0516190218127625,0.6553172536074336,0.6800559699901575,0.6665669824264667,0.6764453355897724,0.6671772372189769,0.6683712306159136,0.6551065696058364,0.6918072925826707,0.6616750172175023,0.6741448075969285,0.667461936030821,0.6756033837880242,0.653679526114872,0.6629056487683334,0.657284411084938,0.6779176514730378,0.6588680574714895,0.6824269614531384,0.1623248907598066,0.17033102229833133,0.16204186021003542,0.1683109543483139,0.1713615342135682,0.16995338360728057
0.745,0.745,0.745,0.0282012195121952,0.65,0.65,0.65,0.0516190218127625,0.5965757774744221,0.6454972005496639,0.6208925418370826,0.6469819834431652,0.6265888709964492,0.642332396980746,0.6084958331700016,0.6567759153162909,0.6176594490323437,0.6488188216642133,0.6167591681060781,0.6496958445769945,0.5987360068655515,0.6380900335684794,0.6065019324862023,0.6513158702484196,0.6202906652319478,0.6538031024688095,0.0358163092820246,0.038411243702311804,0.03265846092762978,0.03233432527670631,0.043047906100398006,0.03332985633480017
0.69,0.69,0.69,0.0216190626479407,0.67,0.67,0.67,0.0561990561990562,0.6358670018442454,0.6710804294995925,0.6645108971386785,0.6697579446349895,0.650218611581329,0.6690297912648251,0.650635533989209,0.6822897394814156,0.6616905307388322,0.6716841745428703,0.67022138683719,0.673594209677967,0.6432386254396563,0.6652869726409628,0.6472943004476296,0.6733710523434603,0.6489610937232961,0.677632691503096,0.031937355801505675,0.05577101036880738,0.03273603310090175,0.0445558063091501,0.04126021769076846,0.04614382200388476
0.66,0.66,0.66,0.0,0.61,0.61,0.61,0.043766090474439,0.5928080867056963,0.6265081304127931,0.6033016824399418,0.6271897125940392,0.592270874221629,0.6233676062542165,0.5910544836508211,0.6242882082951483,0.6022813984183518,0.6217818378514429,0.5991596282586421,0.6250919337440551,0.6048110334644424,0.6166631928272445,0.602577242048629,0.6288342797369041,0.6065510589410822,0.6273202326352125,-0.009733786748530161,0.02098712718436178,-0.005766078382071024,0.013870119635446423,-0.005127531797540807,0.017317937868216036
0.545,0.545,0.545,0.0,0.67,0.67,0.67,0.0561990561990562,0.640803994510467,0.6999025889010382,0.6448390347243107,0.7013560359089258,0.6363081322433982,0.6913119409415328,0.6303117803704391,0.701414720619154,0.6331397195705145,0.6902883008042033,0.6371063575291278,0.6906904007540818,0.6511443254358621,0.6817311526409545,0.6455208449228843,0.6937727791580123,0.649179086371047,0.6933013769255736,0.005811935555475496,0.021545667071908626,0.005980209163115954,0.019758411564371765,0.008159723381414467,0.020792807528162743
0.5,0.5,0.5,0.0,0.59,0.59,0.59,0.040374488004681,0.6195770566848718,0.6636297156320549,0.6247738487535426,0.6620024966300118,0.6112860974363817,0.6603702208723358,0.625395707161759,0.6612696442373814,0.6280388327922265,0.6609257039015871,0.6208896130582384,0.6603039935241323,0.6412603109557293,0.6547181852037,0.6222597782220658,0.6617099146788425,0.6418501474906108,0.6616461382213537,0.0011751151841074704,-0.0008030566529751123,-0.0007880170314759109,-0.0038407445205466038,0.0037090969520304712,0.007097459123574661
0.525,0.525,0.525,0.0,0.58,0.58,0.58,0.0387916237555783,0.630583836006045,0.6671374456168134,0.6334447294781484,0.6646154627348901,0.6375187405394844,0.6609615950173325,0.6409105452130155,0.6699412448349821,0.6356036309713253,0.6623948332580912,0.6278754301572551,0.663839399266923,0.6506128202413195,0.6551862692736647,0.6291353289473822,0.6724456019604558,0.643405284809681,0.6684886628805087,0.009259227028051127,0.014266424034298493,0.010026322500584349,0.015282821603074535,0.013454983039806537,0.015664619505579205
0.465,0.465,0.465,0.0085248332097849,0.565,0.565,0.565,0.0,0.6252062461830101,0.6488149097817099,0.6313662584151839,0.6474636830063251,0.6337576594664551,0.6377393728165923,0.6445499484286338,0.6639970228535848,0.6357080462829332,0.6464822767165611,0.6405547463680638,0.6490365230502038,0.6308123795781863,0.6337542017954269,0.6192124554857061,0.6578875784809414,0.6139958985873869,0.6540197900135989,0.05849951884269554,0.08423507300569731,0.05372632814000164,0.082601603449769,0.06462874761638296,0.08408390651350274
0.485,0.485,0.485,0.009234320892651,0.505,0.505,0.505,0.0377138413685846,0.5934646768756013,0.5978498653012182,0.5919445506696159,0.6006796482709598,0.5960119723846504,0.610000741803396,0.6113218275212922,0.6085273403445375,0.5889949133274203,0.604869508051205,0.6049823402556777,0.6062450436075283,0.6016033088785238,0.6071774060934163,0.5800053868378943,0.6085370830308353,0.5932538552452208,0.6086296527016097,0.07089959313157009,0.08352440419890791,0.06600759324992847,0.08678693069992195,0.07319524450473808,0.08399656220807092
0.565,0.565,0.565,0.0127099409895596,0.525,0.525,0.525,0.0588468397067564,0.6061221254411826,0.6587160068192554,0.615365659042913,0.6521281892948726,0.6334031536686986,0.6385323626408729,0.6173820056707684,0.6665432736437562,0.6102786230257707,0.6451624802976503,0.6239267013670785,0.6443015920629932,0.6090830048927287,0.6327129669281463,0.6096371170657342,0.6611110677769195,0.5952717120312135,0.656226345085532,0.0954026363900236,0.15212779491542558,0.09094738791070398,0.14891471749681365,0.10280850497625584,0.13224921947276924
0.585,0.585,0.585,0.013783269961977,0.62,0.62,0.62,0.08521906596052,0.6297909395987172,0.6591662766626436,0.6170143585761488,0.6651975064826584,0.6418087223111217,0.6329647789250576,0.6207933923360217,0.6747208701013905,0.6235935793767874,0.6632899804374728,0.6401251456338191,0.659170069519546,0.6200249592382684,0.6353094955558839,0.6101853025402288,0.6659040383992699,0.6445601357915858,0.6643394602940745,0.06783339179653824,0.07646057835645338,0.06629436083574794,0.08248268385921055,0.07421059201730709,0.06347298984810205
0.675,0.675,0.675,0.0201989749773892,0.62,0.62,0.62,0.119861030689056,0.6274629618701135,0.6926278239195054,0.63966614821711,0.6921750278376249,0.6538402430035212,0.6718259548171208,0.6410487144452459,0.7041541362216587,0.6380587476974657,0.6968890555948837,0.6536797105518968,0.693583424756021,0.6324985407872743,0.6706858320841692,0.6177724905877224,0.6935541261744694,0.6176723542033041,0.6976895353681833,0.07864375874315953,0.09687880484726343,0.07658680139048031,0.10294842810950301,0.08695740936108665,0.09363315543025626
0.66,0.66,0.66,0.0189005915452316,0.68,0.68,0.68,0.1515312209996023,0.6160291220652373,0.6882701425263061,0.6118422098250769,0.6896631549422896,0.6292416279137042,0.6665573309839267,0.6150095688573759,0.6968909232914928,0.6115266033087897,0.6900753651125204,0.613353583874893,0.6859809144553708,0.6095476238990519,0.6641185604835772,0.6119852516295032,0.6935870482442147,0.6410981860403402,0.6929082680170171,0.058856242068080766,0.047268773874447174,0.05848541564061774,0.04493982258305563,0.06923954877937145,0.04769830227856821
0.73,0.73,0.73,0.0261496844003606,0.735,0.735,0.735,0.2053973013493253,0.6093813021992464,0.6810786174981085,0.6234016403980659,0.6845628211976125,0.6390938648249483,0.6838550805636583,0.6374047467103044,0.687949823912509,0.629319828393601,0.6886031562759147,0.636498294367747,0.6870301328700871,0.623938119120293,0.6786913635436194,0.6199260539662996,0.6827383429011913,0.6392938759424219,0.6910736280588207,0.05282288558614014,0.05814821334053514,0.051718345820021126,0.05375696192816403,0.061803483312681574,0.0528014277491692
0.76,0.76,0.76,0.0,0.77,0.77,0.77,0.2384105960264901,0.6551965515360604,0.6863125173905511,0.6605805548550098,0.6930650148177157,0.6638367421078938,0.6898456846828699,0.647717912775283,0.6921132369866319,0.6601427682599169,0.6896552093105214,0.6578849888075704,0.6858048677212414,0.6508799672713564,0.6854705065021095,0.6624276490241311,0.6894376883572343,0.6591301102615256,0.6890592050038794,-0.00227469950320404,0.015583693374435208,-0.0005573575987619684,0.013688840590317984,-0.0038776908018047455,0.012875750224355687
0.69,0.69,0.69,0.0,0.795,0.795,0.795,0.1829414109206856,0.6008993626359908,0.6553313048135232,0.6397386858910243,0.66156892664894,0.6386412219739059,0.6640904021901786,0.6152225763121089,0.6587686011495916,0.6389261044713349,0.6618152970523291,0.6291111234474582,0.6616820108339193,0.6334945878483618,0.6631208619074588,0.641502008198785,0.6560527066434606,0.6352621996144447,0.6612692568781819,0.0006168509912833066,0.014256392651304739,0.0022023157009239147,0.011563674045793752,-0.00065886187267101,0.0124995945326428
0.605,0.605,0.605,0.0,0.745,0.745,0.745,0.102112676056338,0.5929788975087852,0.6385958756787959,0.6067245498288407,0.6418779700744051,0.6040732151134754,0.6436250431529995,0.6067212927186344,0.6380747706352494,0.6080502017707619,0.640113755353099,0.6071216838231284,0.6425712341617889,0.6082454832497307,0.6485402313751698,0.6039439251972374,0.6343641744964977,0.6023171359330893,0.6368869275444179,0.008757660023603816,0.01633443702485167,0.009386593399248976,0.014953084403563764,0.005882852923243389,0.018171699822591297
0.62,0.62,0.62,0.0,0.755,0.755,0.755,0.1071428571428571,0.6518796096792386,0.6689516805460204,0.6701125338937007,0.6741855158621752,0.6677886936431471,0.6545300525514837,0.6446989522116859,0.6687741246453697,0.677226976217555,0.6662972998301842,0.6561242389752971,0.6685826031361364,0.6541470244830463,0.6502072344498568,0.6673489376487347,0.6677561418314382,0.6325999661119356,0.6688454727269325,0.009930567557862691,0.012479038264311565,0.009826870819225482,0.014504753830974956,0.008974164749742103,0.014660862943039624
0.51,0.51,0.51,0.01020098979901,0.745,0.745,0.745,0.0282012195121952,0.574412509941289,0.5828733895627286,0.5948377661877269,0.5846271815260508,0.582745274525141,0.5927691841569356,0.5737342483502591,0.582215785358044,0.5850756945289424,0.5828901220842393,0.5807572878565955,0.5896524157588185,0.5896908630173783,0.5936195260248954,0.5908440471319195,0.5774146243552051,0.5934474739025415,0.5865387958152745,0.022053651880783592,0.04953301625420964,0.02795443114202995,0.05157240325062957,0.020330378484456523,0.05621562785153003
0.58,0.58,0.58,0.0135055783910746,0.69,0.69,0.69,0.0216190626479407,0.5889962134588286,0.5748622966987593,0.5978154265653705,0.5778657212615224,0.591055584658439,0.585822461597051,0.592131679071866,0.5681675007917099,0.5863287184311554,0.5820406347251951,0.5961030425789089,0.5828573998190476,0.5998017417560512,0.5856576742269327,0.5972714947733505,0.5658176772812573,0.6360214156272861,0.5811295135956067,0.0267084227622646,0.05989716172948604,0.033764452134372104,0.06058062537204106,0.024948438984178922,0.06527940681591506
0.575,0.575,0.575,0.0132342697933595,0.66,0.66,0.66,0.0,0.5886912250592071,0.598320043209215,0.5878690066324838,0.6007110902966467,0.5893512761749481,0.595817314845827,0.590936206473481,0.5943048245812831,0.5801057183808463,0.5997614861317182,0.5972937530228017,0.6001463949879478,0.5964819777913033,0.5938770775760349,0.5899027267579757,0.5907552053252779,0.606184997877336,0.6059926919202842,0.026422322768223233,0.05140371114554361,0.03477869361713031,0.05287899743340281,0.024247949108259323,0.05432791035075969
0.52,0.52,0.52,0.0106152736267134,0.545,0.545,0.545,0.0,0.598666083215933,0.5961715498013622,0.6162569931297219,0.5978630895179912,0.627467853294856,0.5983425879489103,0.6069032931444238,0.5902365774064682,0.6097966575076685,0.5993758991073919,0.5925530589278577,0.6026432248921625,0.6271024923771056,0.5991285315710754,0.6225111349375837,0.588615362197932,0.6249082322158221,0.6034538810021306,0.022044547832713524,0.05498034420667437,0.03071876457169063,0.05435496744259266,0.019615695456645064,0.05431557962647835
0.615,0.615,0.615,0.0155970340066479,0.5,0.5,0.5,0.0,0.6373317793106769,0.6059902169545934,0.6379153179652538,0.609705662782084,0.6396861050978538,0.6053473853070915,0.6437462718421437,0.6067710564068631,0.6432050538923496,0.6110783488708745,0.6275815086038271,0.6154242022946005,0.6500879150563118,0.6041158696059685,0.6383637759364893,0.6080761840425309,0.693054286155283,0.6131376768185891,0.0377830488686922,0.05551064047906626,0.03423814250164313,0.05250804399531991,0.03501432330809086,0.055059328641092094
0.56,0.56,0.56,0.0124565144203794,0.525,0.525,0.525,0.0,0.6593485207502234,0.6550499938162142,0.6731018581147161,0.6548714766493365,0.6768910555224573,0.6339201197764268,0.6675972435463674,0.6554083352486151,0.6712811586231902,0.6417046433375092,0.6396969585986548,0.6448517073353968,0.6698507478830437,0.6352047474516128,0.6699986478139734,0.6503471877511502,0.6401435306494901,0.6542567222992324,0.01897261922856234,0.05443026134597594,0.03184646254178616,0.05394025816622415,0.018869338858871113,0.05524894162113593
0.585,0.585,0.585,0.013783269961977,0.465,0.465,0.465,0.0085248332097849,0.691531209451406,0.6756210795551489,0.6902345009979199,0.6746336384073668,0.698464114436603,0.6574835628741581,0.6926692572183383,0.6774878091209358,0.6971216225295551,0.6683327188048096,0.6785905023611949,0.6692853656569722,0.6970971270776339,0.6558103092237255,0.691618695094124,0.6739788543204368,0.6432674557209176,0.6723335667907976,0.04462757889470687,0.05700626849334421,0.04397234485603395,0.05612656696891294,0.044684344295494456,0.05892480279589918
0.61,0.61,0.61,0.0,0.485,0.485,0.485,0.009234320892651,0.5851336681835692,0.6052058798275557,0.6076331672198717,0.5999389743988098,0.5941139380819422,0.5971782655613879,0.5788634844143542,0.6079957767181385,0.6033301414592209,0.5971838005899814,0.5798658246196499,0.5970901054296343,0.5838615174027006,0.6003937748752364,0.6038982755208481,0.6037028790937649,0.5823480360007748,0.6012289065191031,0.006302769779632771,0.014506051600414153,0.006619823483446583,0.013666025569390904,0.006522151235851973,0.014983695914484028
0.515,0.515,0.515,0.0,0.565,0.565,0.565,0.0127099409895596,0.5387204186888496,0.5758425087412775,0.5654360618686605,0.5732682504545027,0.5735238186197523,0.5880967406062149,0.5630021608568759,0.5727146666692208,0.5767271854611973,0.5761465031832866,0.5483663068948229,0.5778575193396789,0.5649036944294047,0.5920496201325129,0.5673620045218143,0.5729485074264832,0.5502769761836243,0.5745789180905387,0.012059820419052934,0.008540784979046001,0.011639826622403822,0.00971847873187696,0.013445169683827543,0.010275218897635618
0.44,0.44,0.44,0.0,0.585,0.585,0.585,0.013783269961977,0.566582551624919,0.566658039865747,0.582695489028806,0.5673746591794347,0.567452428476728,0.5769903486373883,0.5736363259137761,0.5623260368317171,0.5862577922157594,0.5679996010800439,0.5789520642183041,0.5681295312028256,0.5680830755419012,0.5793001932059886,0.5846605016910497,0.5664441516112749,0.5662427959654868,0.5684141914010971,0.010201457099562826,0.009980951623859959,0.00992981545615246,0.009572835995055078,0.010000488254862255,0.010567711922571303
0.5,0.5,0.5,0.0757001571309732,0.675,0.675,0.675,0.0201989749773892,0.5399757884740519,0.5561465401571859,0.5409802495322227,0.5553770400889139,0.5440380659520578,0.556252508669066,0.5556206969029059,0.5561363966127252,0.5449296347027608,0.5584300125913714,0.5397967522758151,0.5543761214985772,0.5507444391601791,0.55660973873235,0.5375804682913399,0.5602316472827662,0.5421573521280171,0.5558002096711994,0.06418761381531556,0.033606724052562605,0.060991985715474685,0.035040839210128766,0.06308909383695212,0.033700105793917905
0.55,0.55,0.55,0.1494187694924865,0.66,0.66,0.66,0.0189005915452316,0.5677367918358078,0.6041016459968586,0.5800673230258035,0.6093596133079199,0.5780170739192231,0.6248636344028167,0.5831980946820587,0.6048172102699193,0.5774072324037166,0.6097838823378972,0.5892741532633661,0.6161517185266516,0.5887662558798203,0.625093394950843,0.5730329710418287,0.6063905734899125,0.5944623437321678,0.6065060768223265,0.11040647778481606,0.1342019622954676,0.11233633714482796,0.13167658250986758,0.11599277562717683,0.13115144649316512
0.685,0.685,0.685,0.2655630683142924,0.73,0.73,0.73,0.0261496844003606,0.591417038390218,0.627934857040909,0.5798027601575382,0.6343154912119497,0.57791251051538,0.6289490417340078,0.5977634843984037,0.6276759528064417,0.5754957339562187,0.6340561521956645,0.6065951158342626,0.6350104546673488,0.589219852964758,0.6239773309538216,0.5729163469012059,0.629599878226063,0.6162890968008501,0.6314684393831231,0.11412330493304078,0.14844214239680498,0.11900508295242021,0.1470484467812861,0.12104521960815588,0.13544938626061856
0.715,0.715,0.715,0.2966436327739387,0.76,0.76,0.76,0.0,0.6482700446189751,0.6743362458938582,0.6431894067627923,0.6770534801274942,0.637073969448751,0.6610865052439062,0.6430107558428335,0.6708371135655866,0.6382966670391268,0.6700269643811606,0.6331765797191306,0.6693869671250776,0.6391711024891676,0.656261725591204,0.6349969989933029,0.6696068832561256,0.6266044037902152,0.6738277429290609,0.12896850706149965,0.15263735203857356,0.1321702616813707,0.15257604025892885,0.13497647714573774,0.13852259421065466
0.695,0.695,0.695,0.2755344418052255,0.69,0.69,0.69,0.0,0.6842547018656704,0.6866726321768287,0.6765076388940114,0.688698475388709,0.6741841013543451,0.6729325940343674,0.6788816354158538,0.6816207048769167,0.6764757804925595,0.6798997546148045,0.6720823759449144,0.6831985682987326,0.6796067986915106,0.6705071722750373,0.6765887547380904,0.6830777812755816,0.6849713479972592,0.6853227931573241,0.14426371700079435,0.15811023031021373,0.14780528095032036,0.1599681451645425,0.1494325964577633,0.14185206131436745
0.805,0.805,0.805,0.4163424124513618,0.605,0.605,0.605,0.0,0.6820551061856793,0.6628038993697353,0.6712482401574374,0.6672545430874718,0.6608897408567586,0.6544360994922733,0.660376525666482,0.6642303485517801,0.6609384806574842,0.656992177692796,0.6444926256033378,0.6595872383335102,0.6636345187416604,0.6511630054931515,0.6590637364094208,0.6664554092037305,0.6765096113127368,0.6622115470332398,0.10198106592711145,0.11824140077204602,0.10336610034582795,0.11822734135919921,0.10395804832189633,0.11043891125523843
0.78,0.78,0.78,0.3201483312731767,0.62,0.62,0.62,0.0,0.6713295280368842,0.6886539742158417,0.6740052106551512,0.6838857352050087,0.6644709467204616,0.6726900715796743,0.6733772911116124,0.691829957637349,0.6757057671981981,0.6814674118019454,0.657990449525022,0.678785269391872,0.6634049632714824,0.6733365402026495,0.6555403967105409,0.6896617469736052,0.6551576938841708,0.6838958920000318,0.10126407263978048,0.11691762074734216,0.10355838868026661,0.11500636052116794,0.10281580970099928,0.11069021615834024
0.685,0.685,0.685,0.1736621196222456,0.51,0.51,0.51,0.01020098979901,0.6840671661657751,0.6979569270081115,0.7048427247352219,0.6929505624504161,0.6891754086010095,0.6768665449487125,0.6960729063950756,0.6993576060223152,0.7041387149873914,0.6890847566859616,0.6982445865681353,0.6890364218532535,0.6901921033994032,0.6749354494741504,0.6889774026051902,0.6956429129860059,0.6665486998270787,0.6909057369251483,0.10304946816908718,0.11568747441102076,0.106048946680615,0.1141484412524267,0.10591887335712953,0.11104329454959212
0.595,0.595,0.595,0.0,0.58,0.58,0.58,0.0135055783910746,0.5661433403136146,0.5802218855004255,0.5511969964951853,0.5843400445098036,0.542918904414186,0.5999761711894884,0.5502637174251297,0.5824481157943493,0.5558115480248186,0.5888201634496739,0.5528211438828987,0.5875863935488108,0.5482210192062472,0.601101849429095,0.5490343798862843,0.5851689664153321,0.5656084092712023,0.583303056563805,0.005363595527534062,0.02341135813664626,0.006100460995817853,0.023091645206161,0.0054851738156674774,0.025641350647833797
0.535,0.535,0.535,0.0,0.575,0.575,0.575,0.0132342697933595,0.5519665266372259,0.5524913384184958,0.5433483540329441,0.5544831929418612,0.5371271590420291,0.5754617639361743,0.5443676355490893,0.5444642985910203,0.5548678402007565,0.5601650812785928,0.5431880097682044,0.5607452013395267,0.5420264523432183,0.579370493947393,0.5509941552859977,0.5578164288269998,0.5258713024004429,0.5522874417454002,0.004205682039803372,0.018651102021669103,0.004926747288545614,0.01787575243189206,0.005407498149426744,0.018014877709955704
0.54,0.54,0.54,0.0,0.52,0.52,0.52,0.0106152736267134,0.5555323419741073,0.5545315477154098,0.5475968989672745,0.555671088126714,0.5460434363449977,0.5749167016894975,0.5549859984380797,0.5499945991666454,0.565167504135534,0.5660382711953079,0.557579688425958,0.568563686186248,0.5450270580606652,0.5776036857234162,0.5571117016729061,0.5611134578957635,0.5638833043439367,0.5571300661837836,0.0036254776402753273,-0.00479671402110492,0.0024990624058317317,-0.0010552610999513684,0.0034776147722133835,-0.0011394172396736763
0.55,0.55,0.55,0.0,0.615,0.615,0.615,0.0155970340066479,0.5474838370468177,0.546853369196994,0.548995744459807,0.5467360188493561,0.539028613613816,0.5632748768384592,0.5534140332186978,0.5510321216728226,0.5533159480465824,0.5529776358023359,0.5400498770843133,0.5545581579958975,0.5451949178923897,0.5673115110600881,0.5464417808043445,0.5496252905080287,0.5424436385045673,0.551390711629881,0.016435710583139928,0.017736845541282437,0.011839159514211656,0.01979071865855724,0.016312248588211044,0.02006190293629569
0.525,0.525,0.525,0.010828821324448,0.56,0.56,0.56,0.0124565144203794,0.5782085631025297,0.6083935386806328,0.582380196864708,0.611578992847916,0.5628030573931212,0.6123885567280272,0.5786228835850645,0.6146605230098005,0.5771782017649714,0.6078949141184957,0.578356879721424,0.6133046814918931,0.5787548256389783,0.6127785449525308,0.5698806017922102,0.6114189927944135,0.5641923618993019,0.6092252094454902,0.0251209570382914,0.04783963212885183,0.037331399358687595,0.05078574879916852,0.025928956830293174,0.05344289383535473
0.67,0.67,0.67,0.0197534531412447,0.585,0.585,0.585,0.013783269961977,0.6430068044357985,0.6605524627182972,0.6282681112998743,0.6570348412023921,0.6257459775909117,0.6405784372191454,0.6296429693710094,0.6580985393742932,0.6255671589403342,0.6533121306439235,0.6233522964876633,0.6533353039687874,0.621166524202817,0.6394882927987225,0.6249595826926688,0.656516286031748,0.6258412636783134,0.6587961412106897,0.027809770991210566,0.05780644643326462,0.041626147929791545,0.06464700168861835,0.03263816107457645,0.06283643081687604
0.73,0.73,0.73,0.0261496844003606,0.61,0.61,0.61,0.0,0.6066846953201549,0.6189975664306124,0.5844776034681389,0.6206130490989216,0.5713143563323033,0.6269501091934846,0.5943429543520278,0.6151572596703082,0.5783127726126427,0.6180170568868987,0.5881458417458908,0.6214574083348792,0.5884469390630568,0.6260685982261063,0.5812197021915404,0.6166757004923203,0.5687604387381217,0.6182608951976034,0.018985302708780332,0.03337468124867477,0.02910500846953324,0.0412294113636733,0.018608724671544615,0.04061755733897532
0.71,0.71,0.71,0.023733378219155,0.515,0.515,0.515,0.0,0.6576875691741296,0.6738281595076613,0.6458946249498644,0.6724789061040178,0.6335495806778259,0.6674317845686286,0.650978587953286,0.6716636193170432,0.6424279398994905,0.6714436741714701,0.6499794935864163,0.6709035541133183,0.6443713429804105,0.6628114399613273,0.6395298122991324,0.668845746957126,0.6271765519851478,0.6711489373001341,0.02277946747984293,0.02531402041799574,0.03281947806612583,0.03372597159592668,0.022201872796128203,0.03252021378072942
0.665,0.665,0.665,0.0193208430913347,0.44,0.44,0.44,0.0,0.6422833848302147,0.6705106592460447,0.6318394395891271,0.6676048971908924,0.6353181052636729,0.6643220933889838,0.6435834558368245,0.6684012838650126,0.6404208884724585,0.6683592629861188,0.6433769884834352,0.6664978882319087,0.6353908311939737,0.6603267175681179,0.6303475190844248,0.6693124328471101,0.6137437210370406,0.6646943431941518,0.008732603639558188,0.022961278513449992,0.02174756028398145,0.0289446036031711,0.0034352450408917925,0.024444311896205485
0.635,0.635,0.635,0.0169674117963909,0.5,0.5,0.5,0.0757001571309732,0.7169402985942988,0.670471744361963,0.6887781446866141,0.6691585952765322,0.6928344988630397,0.6511112019217933,0.6873246336360367,0.67272191378392,0.6893331849227783,0.6605235111324775,0.6870721273382382,0.6589799594945607,0.6855893354022095,0.6474442635107814,0.6868089544677355,0.6663315629067185,0.6712036480932808,0.6648325868514791,0.014128083478248604,0.04257110337354047,0.02896341701345086,0.04658888474395919,0.013850679741649375,0.045221009005589105
0.605,0.605,0.605,0.0149625935162093,0.55,0.55,0.55,0.1494187694924865,0.6559939074144624,0.6061085429110062,0.6505275206845011,0.6086128903739912,0.6491070199660206,0.6047343420485631,0.6454444044339831,0.6090305756447273,0.6550715415683048,0.6031177453320542,0.6464976007945343,0.6039138371054471,0.6502085349634635,0.6063175471043936,0.6545618037062427,0.6022514199291468,0.6387386290542085,0.6078328133058879,0.012494643857767425,0.017211149646257626,0.028226532976664567,0.020010252006040802,0.010072166890698871,0.01828006886001348
0.615,0.615,0.615,0.0,0.685,0.685,0.685,0.2655630683142924,0.5919347805407609,0.6216824820231143,0.5837400884706325,0.621970966088004,0.5840713934247005,0.6148760274881171,0.5779981529660322,0.6238136049157185,0.5875372849780689,0.6115892228303879,0.5641710357147952,0.6169741795481041,0.5795319210110083,0.6143071126950537,0.5882065047595499,0.6164240723921867,0.5625338700739996,0.6192614985460901,0.00025576500594472825,-0.0033828938816026343,-0.0010881943117416295,-0.0026702919019946153,-0.002045189636553991,-0.000646412840520925
0.53,0.53,0.53,0.0,0.715,0.715,0.715,0.2966436327739387,0.5836309656452622,0.5967808400288263,0.57574766687853,0.5967990234809791,0.57498532661925,0.6001405808732719,0.5726827221739497,0.5977965624351836,0.5786896560313424,0.5912322599538854,0.569228534138699,0.5987587501210317,0.5731394784949193,0.6020482380025847,0.5839352801205917,0.591394918829891,0.5524827253431154,0.5935478312130021,-0.0007091308834663964,-0.002040844176004532,-0.0011673916403487992,-0.001990273303972465,-0.0019670853510524266,-0.0019837071875865495
0.47,0.47,0.47,0.0,0.695,0.695,0.695,0.2755344418052255,0.6178616685736703,0.5906051276513122,0.5836111681532777,0.5968581900833209,0.5846201943965851,0.5924837743211068,0.6019417711844515,0.5974315985498295,0.5983715488209463,0.5937441522884782,0.6049982378642238,0.594649666501799,0.5747397548870021,0.5950934168061411,0.587735149231067,0.592197724988027,0.5858727527649974,0.592830205809712,-0.0057503268097564095,-0.004295069362037684,-0.006304212163109968,-0.004861389356164324,-0.008376499324068294,-0.0009464327796998653
0.41,0.41,0.41,0.0,0.805,0.805,0.805,0.4163424124513618,0.56928597936905,0.5904713211452581,0.5822787017599743,0.5969875581506493,0.5766909565497124,0.5849530446844026,0.583412254111064,0.5935855050028641,0.5886995089002309,0.5915487840535348,0.564726889127264,0.5953074394062967,0.576835367134165,0.584624916954658,0.5876154479092464,0.5984948336904858,0.5659097983489204,0.5925729159405403,0.0024075380703514004,-0.0036797192373576766,0.0008115094925204406,-0.0021907464430028114,0.001748276542487308,-0.00505847587262259
0.445,0.445,0.445,0.0,0.78,0.78,0.78,0.3201483312731767,0.5855889377758797,0.5989760639860545,0.5981479409028506,0.6075335430977323,0.578761574954706,0.5995191435678453,0.5855205300178391,0.6013983970816583,0.5987208789067883,0.6012447595757064,0.5975325774492686,0.6045404138016909,0.5886673688431361,0.6002528292682733,0.5973811128635943,0.6052510529112887,0.5600662855024467,0.6065855195927331,0.00026940955090269593,-0.004636169128420782,0.0014429669648607488,-0.003284376221844382,0.0017513878578935998,-0.004805284619242696
0.445,0.445,0.445,0.0,0.685,0.685,0.685,0.1736621196222456,0.555547349610027,0.5905468284104646,0.5671666116474414,0.5969175196822796,0.5606170972167712,0.5940386388413214,0.5726795036322172,0.5925346956117548,0.561331392232595,0.5947667649793525,0.5814070728381769,0.5947235845125722,0.5684675037805211,0.5939069392765899,0.5562823592322794,0.5963518257539688,0.5672238994534422,0.5994469926403637,0.008704882694649365,0.0019904927885615823,0.00851990205985822,0.00346314326172526,0.010816998975527736,0.0041764828941171775
0.41,0.41,0.41,0.0,0.595,0.595,0.595,0.0,0.5543573928395833,0.575583634890994,0.5716758744480619,0.5820198588666221,0.5665099928439177,0.5832278293543186,0.5679603887838797,0.575447680253612,0.5612181607756361,0.5808326388912374,0.5688753105888567,0.5799872114622335,0.5784551324163362,0.584318829281143,0.5665650234783323,0.5809032281080193,0.5705667899272353,0.5805830148059816,0.027616588932445292,0.05409459406555742,0.025850861544641474,0.05658127753322906,0.029484824644387658,0.05220858425752488
0.44,0.44,0.44,0.0,0.535,0.535,0.535,0.0,0.6143555515497647,0.626792788231621,0.6051333310881877,0.6324644542080051,0.5944232270321298,0.5976609714252272,0.601852180392396,0.6250451421468702,0.5967255034938043,0.6233914402869115,0.6204509486451588,0.6117644445656061,0.5980610253772999,0.5964167270529209,0.6077026740202287,0.6357922523733673,0.6229367047427148,0.6312694488804256,0.03189382825793786,0.0519828816282797,0.029773532595259923,0.05344919693577599,0.034122419602155195,0.05305745102059721
0.47,0.47,0.47,0.0,0.54,0.54,0.54,0.0,0.6266181870705105,0.6440645735172061,0.6153276386263418,0.6564425735383246,0.6248433698328779,0.6360290463799103,0.6084025682332962,0.650034743321154,0.6120254782016895,0.6479754034837463,0.5929832614779011,0.6388542789748856,0.6182089829886526,0.6346141189992619,0.6267326103826943,0.6579637519016133,0.6067818265998787,0.6516374201997114,0.02004927383033625,0.0418359109303913,0.017985125013160838,0.042704620490077005,0.019354219188362304,0.041948268306963396
0.51,0.51,0.51,0.0,0.55,0.55,0.55,0.0,0.660799401936387,0.705305268807897,0.6878899620364479,0.7059590186534394,0.6736249073238839,0.6862338219651004,0.6812826351259429,0.7076425293646066,0.6792571490687165,0.6990491904610896,0.6702824742762451,0.6958470078345119,0.6834375612160266,0.6846019550413623,0.6793602029457921,0.7121247242436852,0.6273001590228906,0.7085876836780454,0.02095934908488342,0.031271026247686545,0.017907824579785746,0.033682145596868544,0.017978270043356136,0.03326100645716589
0.49,0.49,0.49,0.0,0.525,0.525,0.525,0.010828821324448,0.6654025275299604,0.7196810680337216,0.678403372233528,0.7161291171732942,0.6733923188559917,0.7037750001792621,0.6752876190188097,0.7225448732903756,0.6752623191064112,0.7149447462580587,0.6688868806621912,0.710873743895253,0.6804290130270374,0.7003214948699766,0.676723047569604,0.7256226798254509,0.6594765662162398,0.717776129655446,0.00838011095434207,0.030460946472217677,0.011143356467824298,0.03160608635990721,0.00916807806429889,0.029967229356895688
0.45,0.45,0.45,0.0,0.67,0.67,0.67,0.0197534531412447,0.6706277573649765,0.7143110733421644,0.6834410947082128,0.7152794565506998,0.6733264652332026,0.7049688035641324,0.6793647597866642,0.719676889272257,0.683484826459231,0.714458832242252,0.6741765899621573,0.7108502165102376,0.6763989736342929,0.7002760617166471,0.6819373287327405,0.7218460626777093,0.6374708948962694,0.7126224839604335,0.007415605458421774,0.009286132352954337,0.007197915422092454,0.011613313352504444,0.006926557116545304,0.00980977547396663
0.47,0.47,0.47,0.0,0.73,0.73,0.73,0.0261496844003606,0.5816153860573332,0.6370720032199946,0.5991223563281197,0.6471270266940844,0.5971468248462718,0.6406520716869023,0.5939382005234215,0.6470780052836135,0.5967134721827414,0.6387021704081636,0.5877747524635704,0.64090619147337,0.5965073695529423,0.639733506885211,0.6145599181831451,0.6460482261353584,0.5900437680065924,0.6416069869736151,0.0033225777565250546,0.0009486079071670407,0.0035386558494844285,0.0014228959887325348,0.0029202946490252584,0.004818239174699744
0.45,0.45,0.45,0.0,0.71,0.71,0.71,0.023733378219155,0.5848373949070228,0.6137025326141644,0.60963658193389,0.6216336930392553,0.614591202662714,0.6259717197475527,0.6007028585001799,0.618038744181996,0.6126638194583722,0.6223310159839006,0.6060174212772247,0.6195755611389059,0.6042343133277893,0.6260006960658735,0.6179224864386043,0.6238145107888908,0.577885036313353,0.6252830376862667,0.00579790940799319,0.009317490996670522,0.006377866025996922,0.008792998202886308,0.0062181327361050896,0.009411834215996027
0.385,0.385,0.385,0.0,0.665,0.665,0.665,0.0193208430913347,0.6135268008100784,0.6434821752308183,0.6250439153112453,0.6474386606570621,0.6165952043155365,0.6426401114547413,0.6207049172166585,0.6481966073434999,0.6185206641303792,0.640105977826037,0.6153794452248053,0.6432676796228537,0.6273382628795297,0.639574659826303,0.6271025114148735,0.6482817206057584,0.6254364870059059,0.6444288492104363,0.005244159544540877,0.002878706934793624,0.00431774376322722,0.002313265036966381,0.006335879197971644,0.004059703844656041
0.42,0.42,0.42,0.0,0.635,0.635,0.635,0.0169674117963909,0.6292681253027158,0.6521531713258892,0.6241408862954775,0.6528081066205341,0.620788822210714,0.628658889883464,0.612518248508308,0.6492063257951869,0.6238224579417578,0.6440710584355857,0.6185365722738829,0.6446069918269798,0.6207357534032726,0.626599252658549,0.6251110084887086,0.6517264329949208,0.62032935008485,0.653529553019543,0.005640840002484894,0.010670085583909989,0.007609979693673221,0.010371122477618327,0.00648610276538841,0.010644715724744779
0.46,0.46,0.46,0.0,0.605,0.605,0.605,0.0149625935162093,0.5957723016823754,0.6258746778518448,0.60023679475815,0.6266091354785683,0.5990066608380975,0.6108963140285035,0.588637397000099,0.6261816502968314,0.606983319371645,0.6149227153455453,0.5869657821771203,0.6162102077754402,0.5986191839863636,0.6128585259716072,0.606110665804967,0.6261223013149633,0.5796961555957536,0.6244180931766438,0.01922803257749651,0.02323908251733965,0.01850139136749947,0.026906318240071298,0.017734602489841825,0.022579808289954047
0.5,0.5,0.5,0.0,0.615,0.615,0.615,0.0,0.6127213546784988,0.6031499391934625,0.616751184472492,0.6072507101466456,0.6147321910394026,0.6019670303750837,0.6108573685970823,0.6054081448067562,0.6165772509083114,0.600398824940151,0.6172980054316752,0.6013225834714424,0.6110077623551565,0.6029552980808732,0.6254073832929518,0.6048795964569199,0.5917711390380478,0.6049718981402156,0.01836240789532262,0.02148939213821477,0.01913457696039988,0.026936415305601598,0.02073583914352229,0.02314953220360918
0.53,0.53,0.53,0.0,0.53,0.53,0.53,0.0,0.6280166953964906,0.6198515372695296,0.6219041029525596,0.626314466654265,0.624175857915594,0.5980541900293976,0.5959451417029421,0.6248266232600843,0.6159577580839813,0.6135726117689727,0.6070989170256316,0.6091006657137694,0.6137137402445946,0.6015024589575549,0.6254048372378695,0.6224381355048277,0.646046660489079,0.6239036363586634,0.005230228573194792,0.007442997766838727,0.002611663332756981,0.009251204600583679,0.004585702927783895,0.010734933394288517
0.515,0.515,0.515,0.0,0.47,0.47,0.47,0.0,0.5775306501625094,0.5946328109861039,0.5932442516672524,0.5951219381150854,0.6003471488522237,0.6004028505096002,0.580503347543267,0.5988774264774376,0.5928430563865407,0.5964563116643566,0.5689919979001047,0.5968528282490027,0.5963985616306999,0.6032199303143274,0.60681881227971,0.5928847190038751,0.6069301058248757,0.5955969299739667,-0.0010305166343960535,0.007568757427155673,-0.0042010587283678215,0.008003036714402122,-0.0011528599814444342,0.013056427730794101
0.6,0.6,0.6,0.0,0.41,0.41,0.41,0.0,0.676090125044045,0.6623834548871146,0.67206718195937,0.6672870388465074,0.6686812783486239,0.6491836751352339,0.6700988731715776,0.6608851040557305,0.6684115366404444,0.6587530364797103,0.659184781172684,0.657240522302466,0.6691272701223933,0.644067501208788,0.6751723434805214,0.6589502204364712,0.6495342220528855,0.6670268116981388,-0.006455711848337445,-0.015441997995502164,-0.008204550931843609,-0.01355808524855364,-0.008998191482470766,-0.01107741836466912
0.59,0.59,0.59,0.0,0.445,0.445,0.445,0.0,0.5937400309931481,0.5812597579147528,0.5872222544448313,0.5864254938369687,0.605850686767374,0.5837987914492483,0.5811540401049193,0.5820997687162023,0.5865458111736209,0.5833206190134353,0.5793449951461532,0.577912514997727,0.5943263459901471,0.5862363823981497,0.6089528693200839,0.5847841929402883,0.6111967532049122,0.5874383013700211,-0.0027146222400850285,-0.00793212195365774,-0.004425350644508249,-0.006115018637980167,-0.0032444772698728757,-0.0047454122516111
0.565,0.565,0.565,0.0248823133826495,0.445,0.445,0.445,0.0,0.5676292494796744,0.589085112073944,0.5549163453450771,0.5958991049196971,0.5838802266221266,0.5949310649769656,0.5719807445131414,0.5926047255070859,0.5663775209385478,0.5919523342121705,0.560211277862702,0.5917329318046728,0.5744554227091444,0.5996806895840097,0.5701906654366002,0.5983588478735133,0.5880720323887263,0.5902834252185352,0.028939318278262224,0.024866729036964977,0.024775605317374792,0.025336939694296665,0.02961926795585569,0.02621885706809777
0.585,0.585,0.585,0.0395741726452208,0.41,0.41,0.41,0.0,0.5680915229612492,0.5922489318407745,0.5736105739149739,0.6016977000539349,0.5969782730736921,0.5880437253365388,0.5823504186427148,0.5947227438172478,0.5851605744114424,0.5960388967242042,0.5777110553171951,0.5922711798426881,0.5874938330361547,0.5950108008826519,0.5863215622240827,0.5986323468290586,0.6057838820844055,0.5948445901898366,0.031668393291863585,0.02102548025305179,0.023548701719838364,0.021435939171089855,0.029466242906097548,0.02591965117183197
0.7,0.7,0.7,0.0641085634066448,0.44,0.44,0.44,0.0,0.5812902597860362,0.5669631708011797,0.5831882249306403,0.5754574056340722,0.6119370211032812,0.5835857497427823,0.5952306922359907,0.56841510014483,0.5902472639006306,0.5779927695919851,0.5767612142453997,0.5776994911338776,0.6034973537480576,0.5945186558951101,0.6006808413661915,0.5702750845522611,0.6176870303641739,0.5725795258335289,0.02191646587051308,0.029474757248160444,0.014979758613923073,0.027279655132657184,0.019944706914562068,0.028435875108872733
0.64,0.64,0.64,0.0495049504950495,0.47,0.47,0.47,0.0,0.6035214577097395,0.5737056023191843,0.5861857821582391,0.583114323712396,0.6082851337831613,0.5910090226848678,0.57907413005799,0.5791264718275347,0.5932774823427818,0.5798517179180559,0.5629677783583522,0.5827272241487168,0.5924440273490288,0.6027257035509939,0.5987146666786519,0.5783199222706422,0.6255956367505219,0.5808931940640075,0.030968855368666896,0.034483818533762596,0.024202146617749748,0.03192660625468716,0.029091905265514823,0.034233055067117366
0.735,0.735,0.735,0.0753663642707604,0.51,0.51,0.51,0.0,0.7178249703662382,0.6818767328820381,0.723849021208605,0.6832566392930736,0.7339707167832126,0.6517046137181237,0.7067546190492047,0.6795904658583827,0.7159568129737919,0.674102354130333,0.714553952531537,0.6708615020497691,0.7155914523800918,0.654366540524582,0.7155240839647771,0.6785463959455282,0.7064732273564552,0.6807371738106003,0.03579360225372337,0.024328614015398615,0.030072436023978428,0.025023859297057208,0.03527266157151811,0.027781376580893278
0.715,0.715,0.715,0.0686274509803922,0.49,0.49,0.49,0.0,0.6710273037449485,0.6167377064681683,0.6991310973029936,0.6178424268793254,0.6988601533774313,0.6259819557518168,0.677763469149872,0.6206453411942847,0.6816578157977851,0.620655114947004,0.6785784699880075,0.6227955327514368,0.684676045340322,0.6317336261836517,0.6870120393914904,0.6200131878985178,0.6563350809450288,0.6168753734744526,0.04946503002326839,0.029452126200443254,0.05634142250460519,0.03134030683624234,0.04866241919528379,0.030616575371121314
0.685,0.685,0.685,0.0599820948970457,0.45,0.45,0.45,0.0,0.6896719566619385,0.6466363681299563,0.7118328322273056,0.6488194255996401,0.7047480347512854,0.6447220896122521,0.6869392227623918,0.6481702509957469,0.7001773755864369,0.6463826541476159,0.6901009764520679,0.6465671104763958,0.6921814990221784,0.6463201484621394,0.7020770174035537,0.6449900678436858,0.6804201032699554,0.6486157582047626,0.060943804017571816,0.03449834204833648,0.06831573585388842,0.03641547901746695,0.06087805317059795,0.030526774685450522
0.69,0.69,0.69,0.0,0.47,0.47,0.47,0.0,0.5987364527982055,0.5992363307084614,0.6029506270614318,0.5961042140454728,0.6005978132135661,0.5955759827156146,0.6102469310339702,0.5977988475556911,0.5935765825776955,0.5977113764422883,0.6191861841013924,0.5978055659135554,0.5956797506529496,0.598420630068561,0.5958681841143487,0.5955377014125929,0.6069350879219086,0.6006907064314145,0.010829323981191092,0.006277831172591536,0.010686373374293678,0.006539630914152219,0.010405461506171063,0.00709434871219485
0.58,0.58,0.58,0.0,0.45,0.45,0.45,0.0,0.6000516686065,0.5826784023257287,0.6011880328254139,0.585804139314339,0.6046495208154766,0.6015008364773627,0.606745093291733,0.5829402795872108,0.5933056181133384,0.5925757816988463,0.60619969615624,0.5963490060425614,0.593979448657668,0.6018697123741467,0.5950672349466046,0.5767012332667025,0.6194092263698027,0.5888742497026518,0.002390164543062018,0.0009487253517210865,0.002447650108269345,-0.0008446958454603483,0.00078850667187042,-0.004009613576193713
0.545,0.545,0.545,0.0,0.385,0.385,0.385,0.0,0.568897009671052,0.5857217536595141,0.5842221544694773,0.5909069986865952,0.5980014675474156,0.602361972805962,0.584777070599628,0.5851806135788821,0.581365512793468,0.5983300095562151,0.5928180669286497,0.5971407863500618,0.5946214630796283,0.6061710619128142,0.5885846778550589,0.5839316399107914,0.6103708845568739,0.5912845199844801,0.001480796276755866,-0.008499372683252961,0.005108408112841894,-0.010121514627092947,0.0003455176654300552,-0.010267765192063832
0.5,0.5,0.5,0.0,0.42,0.42,0.42,0.0,0.5850831984676822,0.5892622572959924,0.5981941386663215,0.5945008089351507,0.6008048399422004,0.6028414408940062,0.5911859517936874,0.587289336536746,0.5925053877304896,0.5986905131479817,0.5860895901452278,0.5984522139133439,0.592589926461024,0.6057406571920415,0.5948594573545543,0.5820647621905168,0.5910600024757909,0.5900614176255942,0.001235701146684799,-0.005420600982606213,0.003689201398273377,-0.009406969123366166,0.0010002588224364106,-0.007955701144700136
0.43,0.43,0.43,0.0,0.46,0.46,0.46,0.0,0.5538114185065827,0.5876814526804007,0.5546813021373389,0.5915991012985966,0.5627332662538486,0.6049584234369771,0.5628442031052061,0.5858760618257512,0.5641091642978331,0.5959466327780099,0.5509531690567474,0.600761690688034,0.5621216697052134,0.6081957826691902,0.5533771969727851,0.5881660992347468,0.5671231868438414,0.5868224585495997,0.01256310865857007,0.020836261002613054,0.012236154900290182,0.01844775886999871,0.012191763033533708,0.015714428473007212
0.415,0.415,0.415,0.0,0.5,0.5,0.5,0.0,0.5724682218149141,0.5935858947626809,0.5741201005814592,0.5957422444270931,0.5714753478484556,0.602944923043795,0.568306347182639,0.5974922342446263,0.5671446980649248,0.5974021371573458,0.5520504652130477,0.5995989084380541,0.5629801361593273,0.6021275179459334,0.5699332265832409,0.5909845296295331,0.6059521000057148,0.5927526797486319,0.01678385396282776,0.03569101508871499,0.013683216390567507,0.030484762514911046,0.01615441323406447,0.026529885158033898
0.485,0.485,0.485,0.0,0.53,0.53,0.53,0.0,0.5574398282074075,0.5833941911903624,0.5559871097676111,0.5848912834208833,0.5608591543309488,0.6048589284553045,0.5659390130697617,0.5803085184141505,0.5578265878559969,0.5917669191172129,0.5558698284588789,0.5980284411524482,0.559670371865392,0.605071887567483,0.5487279483836451,0.5879392429609024,0.5888344329733091,0.5825876365886588,0.021826006859295775,0.04734358142337501,0.017021146719658403,0.04370710932278099,0.017133697143758595,0.03772192539060519
0.51,0.51,0.51,0.0,0.515,0.515,0.515,0.0,0.5955007761218233,0.5955079862293333,0.5669749614188703,0.5991548310584216,0.5905477445646983,0.6172285405830638,0.5945937734697657,0.5919421898333229,0.5742327991869253,0.6040935837695646,0.5791121724695508,0.6100861198984222,0.5836933114243071,0.6190986457196948,0.5751815268628953,0.5966161926036397,0.596373564208537,0.5963230638030794,0.020763154652120825,0.04876195722925165,0.01594638956823103,0.04540598262932397,0.016514513548550547,0.04025317435778458
0.595,0.595,0.595,0.0,0.6,0.6,0.6,0.0,0.6175477481550635,0.6378846280708353,0.6029677067037966,0.6343237953302089,0.6061141797110587,0.6408392535761853,0.6227732127116724,0.6324638522816318,0.6049655547667343,0.6358974318708697,0.6180713814046849,0.642925772163982,0.6070759961048354,0.6414268499636014,0.6058964624594618,0.6344990736893997,0.579228091674922,0.6302257451894027,0.023190430910625455,0.034289501848443,0.017412634754339577,0.02980652711019518,0.01958991490977617,0.027061184362946456
0.565,0.565,0.565,0.0,0.59,0.59,0.59,0.0,0.6024508805145241,0.6156321960946082,0.5932382521266176,0.611543240884436,0.5880138151719105,0.6268258381157543,0.5905373556269664,0.606058167610503,0.5926618100947727,0.6195664656450856,0.581834864569194,0.6231960361581625,0.5933077013213889,0.62736945967086,0.5967406647333545,0.6140891615921523,0.6043425991108036,0.612016658572312,0.012620141505876394,0.04285569135689618,0.007923386498702197,0.041560089010772835,0.00808784009340052,0.037369395346417145
0.6,0.6,0.6,0.0,0.565,0.565,0.565,0.0248823133826495,0.6246821723367352,0.6413232528435968,0.6079961817719224,0.6376393210639634,0.6068285806163441,0.6332652363236256,0.6096186371387665,0.6375566105063734,0.6082524431265698,0.6452350471231146,0.6110587437998132,0.6418832011249987,0.6126493612926612,0.6307218387140342,0.6135048443322239,0.6438588091889862,0.6626739790886689,0.6368709380598931,0.019078509330842867,0.05247867260158431,0.014618733867498925,0.05254664890208444,0.014137192162743844,0.04582597365022996
0.64,0.64,0.64,0.0,0.585,0.585,0.585,0.0395741726452208,0.599775328891529,0.6303737358138718,0.6162615594304661,0.6282719745906493,0.6061762507444642,0.6265592420629169,0.60731149795041,0.6266460193464494,0.6126100059453621,0.6311079152319968,0.6093171890186817,0.6305096895010266,0.6088252910328784,0.6243561512230487,0.6115502883048078,0.6304557784434824,0.6372846973951583,0.625645339994605,0.034510644716004464,0.05290184367378676,0.03470123351608616,0.049957756073848995,0.034897653976679995,0.04630737282229339
0.59,0.59,0.59,0.0,0.7,0.7,0.7,0.0641085634066448,0.5991571947266905,0.6249033227701312,0.6144818366126225,0.6247008901358707,0.6115687846118336,0.6321980461338711,0.6179850606430075,0.6189898150256158,0.6182989108490964,0.6297471843647157,0.6333631935536509,0.6350208702147216,0.6148277417516901,0.6284739889515161,0.615735813707083,0.6186619080200844,0.6421682425912539,0.6236392397180857,0.015610653301407242,0.033256628926218196,0.012061739385254792,0.030804006275783488,0.009811163747030272,0.029701741543874647
0.645,0.645,0.645,0.0,0.64,0.64,0.64,0.0495049504950495,0.5650465924489444,0.6181217071780555,0.5735766383893589,0.6192759214581761,0.5706246328639428,0.6180729562380172,0.5737038902876571,0.6187658557665439,0.5754529151965255,0.6234971039766383,0.5806909398094174,0.6231569983811402,0.5736586630761292,0.6149449613582576,0.5737894149674395,0.6171819756659516,0.5803857906534649,0.6180425616668876,0.018554689827063004,0.019792514723186726,0.0184945629303737,0.017110720081705465,0.017317787744321793,0.014425558040366897
0.61,0.61,0.61,0.0,0.735,0.735,0.735,0.0753663642707604,0.5713526382894322,0.6269261781428268,0.59371336462628,0.6252000907426453,0.600389274579679,0.6240104739175925,0.5919645208081801,0.6236529844798444,0.5935326509584082,0.6241381205124363,0.604386849634445,0.6292404850865259,0.6030475931383495,0.62144477452075,0.5983068345755904,0.6228690311565621,0.5995976306575703,0.6225453693696681,0.013055430643838337,0.020738116956370605,0.012062120951543137,0.01978504630359522,0.011786320474286552,0.01729259487848186
0.54,0.54,0.54,0.0,0.715,0.715,0.715,0.0686274509803922,0.5602875751009898,0.6114956935041207,0.5728670807065506,0.616802430363139,0.5858788984204496,0.6262216495479538,0.5847515042786046,0.6109109442651731,0.577119123579951,0.6170678837920662,0.5924711012668017,0.6230616203499906,0.590186726817935,0.6223846907080888,0.5791692160221332,0.6096254563433827,0.5869360867197018,0.6119759176854226,0.015095395230063341,0.02712833571413762,0.014504846708933468,0.023760895456442648,0.013179156901078093,0.022426185879114813
0.52,0.52,0.52,0.0,0.685,0.685,0.685,0.0599820948970457,0.5397159578565291,0.5976049458603303,0.5506795841376234,0.6000601218224654,0.5675772115983513,0.6179297126752255,0.5648438774610767,0.5974893888579141,0.5567761589164508,0.6018099458926826,0.5678693568326335,0.6110514787349113,0.5709772561510724,0.616312795831446,0.5604778025069854,0.5956458891839663,0.5711339596359972,0.5973176976755111,0.01037745220106736,0.031157646552685936,0.008459741636991982,0.027760187090484077,0.007590402498843442,0.023637770851176586
0.545,0.545,0.545,0.0,0.69,0.69,0.69,0.0,0.5676053833232033,0.5929185660002846,0.5525303112516163,0.5989228469237011,0.5679597038574365,0.6307793225792055,0.5688310454737495,0.591524667723305,0.5567204414186536,0.6032850827323868,0.5656822045726462,0.6179778685992668,0.5703655737446837,0.63686332935795,0.5531959708510893,0.5897713508850583,0.5826375495651615,0.598941695488979,0.017542407490172624,0.03463225911453576,0.015602495254983414,0.030765019510491338,0.017439684675522035,0.028258924209474685
0.59,0.59,0.59,0.0,0.58,0.58,0.58,0.0,0.5858382463628266,0.6001154768660623,0.5733756437503406,0.6011932659160332,0.5833799192631964,0.6150059654969413,0.5767914630015515,0.5975120825252098,0.5760443515270849,0.6071347070794634,0.5794602125192809,0.6098414479415523,0.5760066332034748,0.6205311884579616,0.5820008627364974,0.5999477360966526,0.6146937176713848,0.6031393633937686,0.02560123079366284,0.029443005993031898,0.022499539978313585,0.02468687696508787,0.02466621957162443,0.02586241072830517
0.61,0.61,0.61,0.0,0.545,0.545,0.545,0.0,0.5954361616623798,0.6106406733312676,0.591177223239107,0.6122183633372564,0.59311173562437,0.6240178626269707,0.5901766972216785,0.6104939753754016,0.5855242021837689,0.6152603985873212,0.5936132079683715,0.6213934770341366,0.5862903658373423,0.6264256475880986,0.5918780022636688,0.610467259778398,0.5971376411088422,0.6099657624984863,0.008246612392055583,0.040542903514938826,0.008876048006752221,0.03703115593499631,0.005136517362337213,0.034006778577250915
0.54,0.54,0.54,0.0,0.5,0.5,0.5,0.0,0.6055887872098893,0.6457132783338492,0.6020351986406349,0.6489652145033447,0.60433549529494,0.6536366308464151,0.6032310007573131,0.6460044281472525,0.6100650687462181,0.6459873043575112,0.6002487254528734,0.6570586387251456,0.6055536597015783,0.6549076430546815,0.5941477485666603,0.643509060938293,0.6076466449191454,0.6444921580176485,0.04114470932601547,0.043601697947007696,0.041159131058670466,0.04175257056388274,0.03821472953220185,0.034536101486228814
0.575,0.575,0.575,0.0,0.43,0.43,0.43,0.0,0.6418465151514317,0.6798394980964074,0.6424533616288988,0.6766584775286446,0.6457585123372797,0.6597227557813496,0.6295570161191449,0.6815402233582913,0.6519444675381664,0.671593330142788,0.6382355143241283,0.6735333952060973,0.6314567776952805,0.6575287500470673,0.6422533637449007,0.6748878783812479,0.6386960251051492,0.6763083532242286,0.04098151389703796,0.05707550885541138,0.04368396382894762,0.054266927869373975,0.041132974140013795,0.04413185853312277
0.69,0.69,0.69,0.0216190626479407,0.415,0.415,0.415,0.0,0.6740391589917937,0.7096746817931106,0.6816545468686063,0.7050920286330429,0.676671973261622,0.6940236453535579,0.6650888896043105,0.7058937653235524,0.6798437694315873,0.7008410700232754,0.6746451284621336,0.7007925906675635,0.6724412233772139,0.6894157952160019,0.6759663175127689,0.7061951661616781,0.6438461849881797,0.703971837267643,0.05162675950142144,0.0675294975779571,0.061279294340420454,0.06561835136158366,0.04968432131454554,0.05697286223359717
0.71,0.71,0.71,0.023733378219155,0.485,0.485,0.485,0.0,0.6743857989146786,0.7188447366838704,0.6734135639629742,0.7138445105871368,0.6720602356641265,0.7067212688598673,0.6756709536138359,0.7113588128536875,0.669257912848076,0.7113442884777392,0.6799136016484406,0.7096124081854399,0.6711881434606165,0.7042926540658605,0.6675195458457798,0.7123082303746077,0.6384498228359147,0.711384838690658,0.051780503109315854,0.0742314948716407,0.06040841377548666,0.07201271647946843,0.05057023198139741,0.06421353328665029
0.785,0.785,0.785,0.0350089766606822,0.51,0.51,0.51,0.0,0.644055303855388,0.6702380670521799,0.6353702502927713,0.6714555172633678,0.6401628246841753,0.6722340540945364,0.6380928710529548,0.6705869296315484,0.6406844702060969,0.6717954960449043,0.6474134941100317,0.6743044022570244,0.6375625143791875,0.6704444046551743,0.6426505540638622,0.6700749629004179,0.6270277259191058,0.6698071990831471,0.02816946039635779,0.052420079744323965,0.03279283799713656,0.05093261896224556,0.02226918507412623,0.04763112099362883
0.8,0.8,0.8,0.0382303438326521,0.595,0.595,0.595,0.0,0.6448653258786741,0.6503118804626059,0.6228657367739373,0.6520509703293276,0.6304556679196462,0.6678789316725513,0.6286756552962192,0.6495618996752008,0.624111162435087,0.6607177390926688,0.6262184012018702,0.6629844309437805,0.6313754756808598,0.6639682426185455,0.6247228311397665,0.6509136380616766,0.6221432164873623,0.653934318620487,0.03898412115440578,0.05245291717560778,0.04433177656275212,0.051007880119834884,0.032759752309465644,0.046465133845584615
0.8,0.8,0.8,0.0382303438326521,0.565,0.565,0.565,0.0,0.6613350725943206,0.6687785457452629,0.6823523882604359,0.6718313976243904,0.6735404080089488,0.674429437342221,0.6769942410259423,0.6704932676453232,0.6762248814558315,0.6774828875157642,0.6815575342308795,0.6771941289722909,0.6795862952986501,0.6701381648684421,0.6740691245225734,0.6700217174004125,0.672314909098098,0.6728231135030868,0.03238167006295733,0.03161901191137762,0.043961411105818374,0.02999677694534699,0.031969942846899774,0.03135407689163392
0.73,0.73,0.73,0.0261496844003606,0.6,0.6,0.6,0.0,0.6727119188922231,0.6827696472795652,0.695631122776496,0.6895012280413445,0.691846478005871,0.6831471863299792,0.6827644840269878,0.6827049884653112,0.6904085206115411,0.6877856019704159,0.6855357480903881,0.6870941550746837,0.6896939874128363,0.677019791345689,0.6935908375096339,0.6829299074417624,0.6700154448646631,0.6886848344318448,0.028561817155592837,0.038091403974452306,0.03837497269207855,0.037047069865369306,0.026810851375320188,0.04043659423375616
0.735,0.735,0.735,0.0268086669114945,0.64,0.64,0.64,0.0,0.642009607473711,0.6493093163244064,0.6798491631522621,0.6544853570162074,0.6647521802975728,0.6628589894949398,0.6513040208227181,0.6517197965645649,0.6814781976609495,0.6565863593830589,0.6715754705535949,0.6609173657595921,0.6756931622559194,0.661217999886322,0.6840531657998088,0.6505032636367631,0.6575133054831964,0.6560900382893334,0.020262737688906723,0.026676182266394805,0.03005791486231348,0.027604774015495336,0.02017845773446037,0.03059297768160021
0.685,0.685,0.685,0.0,0.59,0.59,0.59,0.0,0.6349944261573297,0.6543469332645658,0.6593656506691581,0.6536372769611304,0.6436643049869524,0.6448126369361059,0.6455642241244897,0.6578544711376925,0.660076041905303,0.6499669944089553,0.661766572250029,0.6498228222959076,0.6450982859456271,0.6375689242026638,0.6558491146711206,0.6542503434133045,0.6252608117310091,0.6545935119841317,0.007720806951813327,0.012164102140008626,0.006925623076129652,0.01029302455766952,0.006767666770548713,0.012395704185344835
0.56,0.56,0.56,0.0,0.645,0.645,0.645,0.0,0.5894669101313696,0.6161331267454018,0.6036467362964507,0.6155241667224378,0.5907051621148318,0.6093069908649825,0.5958991127471732,0.616752596146074,0.6110029615677445,0.6089743269153169,0.5993817726612105,0.6160838287944552,0.5998656195759002,0.6076325124051234,0.5996674037038523,0.6192749591261262,0.5998493031834772,0.6148320537758247,0.009694291459373384,0.010163478888596865,0.007113165547669084,0.012088109722767752,0.008715667534894037,0.011786561925031401
0.48,0.48,0.48,0.0,0.61,0.61,0.61,0.0,0.5905655733750941,0.6081036729374417,0.5828541018715127,0.60688677193714,0.5699143812160461,0.60143515968694,0.5762902318443881,0.6066267139949093,0.5905046342979693,0.5990494951551194,0.5965634016216823,0.6041861287807107,0.5782117530142742,0.6018723684532625,0.5858991167940862,0.6104808854923456,0.5941192628364823,0.607069440973203,0.004970374448644627,0.01112049374663542,0.005436361687197424,0.011346332922299163,0.005655980783421049,0.011938770500715429
0.5,0.5,0.5,0.0,0.54,0.54,0.54,0.0,0.592965543459642,0.5892671691417718,0.567163439636596,0.5871131543547865,0.5689792242868142,0.5864971600117227,0.5838988079948317,0.5852183720468793,0.5773272102834348,0.5823488496212714,0.5994181646015871,0.5862333477028501,0.5732798885389229,0.5885219450468051,0.5816488079573703,0.5886012213985893,0.6046567646143536,0.58812551772621,0.0030462785364095894,0.003344260888853047,0.0031894862044196228,0.0026180417913577382,0.0019186800208175062,0.0012000210364749655
0.485,0.485,0.485,0.0,0.52,0.52,0.52,0.0,0.5716452706927523,0.5477148963252298,0.5419176661809276,0.547540886180266,0.5606184231659874,0.5543227571348868,0.5526534750874753,0.5495363909274894,0.5586293490410611,0.5511241092498111,0.5505226239270109,0.5503517174846445,0.5548880997594532,0.5564254193537936,0.5574815207733229,0.5450111106157719,0.5511790449410664,0.5481022053687579,0.010138324717867936,0.004643612512937263,0.011257539103991417,0.00532465504360177,0.010909446710418368,0.006925603013336153
0.5,0.5,0.5,0.0,0.545,0.545,0.545,0.0,0.594532984636685,0.5893518090909179,0.5955593687293256,0.5853204692531054,0.5928122309973051,0.5672490797553981,0.5825164878267721,0.5920499369113942,0.5980625416588854,0.5825341647396778,0.5715931849477995,0.5804540561296293,0.588035013686907,0.5642197771749083,0.5970075602690627,0.5851126747154325,0.5889290009856283,0.5884740111810214,0.009369290601016718,0.0014147637793942452,0.008803591551975418,0.0016062915457166003,0.008997249021486794,0.0038674601643394133
0.4,0.4,0.4,0.0,0.59,0.59,0.59,0.0,0.5431063937231843,0.5571428277090351,0.5368856107411332,0.57058979411297,0.5473652668504387,0.5725315048446664,0.5538382148926061,0.5585117606263654,0.5291813526331851,0.5769245765862919,0.5493153256490739,0.5806805206165998,0.5442882755265734,0.5749305933875747,0.5275210825698786,0.5587986750792956,0.5387612948877026,0.5670105638555144,0.003407279239960957,0.009128391571273356,0.0059825814453424156,0.011528255770781258,0.003305101662294049,0.008607037868824035
0.395,0.395,0.395,0.0,0.61,0.61,0.61,0.0,0.5247082901704676,0.534446648555133,0.5226956094126329,0.5393667671691704,0.5304900290909818,0.5453711674334886,0.5322438364492288,0.5273710256337172,0.5213878898975474,0.541651785481264,0.5206170983414694,0.5467265975469391,0.5200203746425198,0.547568315703068,0.5187533126804031,0.5336459324733243,0.5432796926027464,0.5352109420491925,-0.006441583441941672,-0.004192235772020125,-0.010029243757275099,0.003700188513678024,-0.007022338544102217,-0.007621465816233753
0.415,0.415,0.415,0.0,0.54,0.54,0.54,0.0,0.5503554947885295,0.5404190463579028,0.5522493793820392,0.5382972710277186,0.5569139104744322,0.541794046561354,0.5495639349767261,0.5314754407842424,0.5506722591044562,0.542481790616876,0.5656783092510745,0.5420201806350714,0.5417562075616964,0.5423122928610628,0.5559746314479256,0.5328510012160541,0.5602282316872446,0.5335716480383826,-0.00902116303957511,0.010934425418756293,-0.011898123816441222,0.011603496522637502,-0.00992281429149948,0.0041045748018356115
0.32,0.32,0.32,0.0046109931932957,0.575,0.575,0.575,0.0,0.6129113944096047,0.568297667652826,0.6145942963220303,0.5718431965922267,0.6087820625285032,0.5780166425737048,0.618091314673906,0.565658949158791,0.6099475522159208,0.5720993103044918,0.6126821925868501,0.5731986280177718,0.6142926603562526,0.5792241740168359,0.6060444345732909,0.5774673693405744,0.6164455461341987,0.568657473779393,-0.002670783980560723,0.011319104060511988,-0.0028654932186450506,0.013524857796802958,0.003834694958242008,0.004505174713575698
0.305,0.305,0.305,0.0042979942693411,0.69,0.69,0.69,0.0216190626479407,0.6136975655677368,0.5215057089386311,0.6195588893955757,0.5189383722516308,0.6079180323528898,0.5426101157872507,0.6185945732304453,0.514304894156774,0.6143356787448649,0.5275575154251527,0.6165314840982866,0.5323937385198475,0.6108564324439139,0.5455385885456069,0.6198238051170057,0.5240077768055319,0.5841814720221444,0.5142310834403376,-0.0006569811143372859,0.0043710274761785605,0.002955899976032056,0.006773724023941821,0.007510576207581926,-0.004586372696929013
0.36,0.36,0.36,0.0055162769015615,0.71,0.71,0.71,0.023733378219155,0.6361474667357007,0.5481653376452308,0.6514903452686073,0.5496338071037788,0.6443791980916116,0.5524603518615961,0.6406491922155406,0.551084175163325,0.6458171634560492,0.5495673933553707,0.6382259182666361,0.5565755487695893,0.6423091330775642,0.5538884550171774,0.6587616396851907,0.5664006090405848,0.6183934689314361,0.5512103222669201,0.0010673895009296005,0.003416940549403805,-0.003557610212829355,0.003544997386744205,0.005041195378682841,-0.0017019545386369372
0.435,0.435,0.435,0.0075531354294748,0.785,0.785,0.785,0.0350089766606822,0.5887022006241214,0.5006903232646223,0.5973834399645516,0.5023063674355145,0.5880450179117714,0.5285272974370544,0.5964661756601664,0.496755773026205,0.6006292113755967,0.50128769038005,0.6006098085197983,0.5070866009834154,0.5975171896252496,0.5358176705311508,0.6096247478394947,0.5107647782703968,0.5672473915095436,0.49737303124331594,-0.01336775564672845,-0.02295669320985309,-0.019442846086123223,-0.01438300619051161,-0.008061461363518695,-0.021984891968799134
0.54,0.54,0.54,0.0114967228967443,0.8,0.8,0.8,0.0382303438326521,0.6023891468048062,0.5256053948355476,0.6072097555943512,0.5227356293633355,0.6097067546095182,0.5445187161616692,0.6051972126864512,0.5217030705312025,0.6088862035519021,0.5332551322894636,0.6151532588942432,0.5309650278835609,0.6122673439007627,0.5446762827919113,0.6187001538481721,0.5224537070235026,0.5942301451727426,0.5265384166671934,-0.01928640375453217,-0.01350954352436649,-0.02546669846467826,-0.01035731331975515,-0.013684665910160135,-0.009931109013729806
0.6,0.6,0.6,0.0146569774602783,0.8,0.8,0.8,0.0382303438326521,0.6885801035602427,0.6876232513145234,0.6715626305720329,0.6860422494799155,0.678143869529584,0.6783830354152812,0.6817690465071838,0.6942985613225291,0.6730429682174099,0.6921333366543834,0.6952772431638405,0.6884284188099047,0.6892552878177649,0.6715010221157683,0.6735570676083498,0.691146467662906,0.69587066291095,0.6916918056582703,-0.016483291822720257,0.005245616666300905,-0.02079025171341775,0.003072442100340468,-0.01498388124535822,0.009819969697027635
0.675,0.675,0.675,0.0201989749773892,0.73,0.73,0.73,0.0261496844003606,0.685541383310003,0.6880479643987466,0.685211029824788,0.6883613805687517,0.7003598351338053,0.6955917750372049,0.70391709934138,0.6849775980519149,0.6812178102404125,0.6951310615264902,0.6979618261693503,0.7008429153882346,0.6985115185511002,0.691797318988043,0.6896495954875015,0.6925709170685139,0.6914082010207416,0.6965427652855966,-0.019378977693604343,-0.02435480019184447,-0.027313534029716337,-0.015509056325168006,-0.019407937234077178,-0.023298967714843438
0.75,0.75,0.75,0.0,0.735,0.735,0.735,0.0268086669114945,0.596905589941501,0.5904812438371101,0.605396242360372,0.5904757907021034,0.599990091317537,0.6041218055066089,0.6036696597711859,0.5804490286980863,0.5930655118086141,0.605895344095796,0.6103184533672527,0.6085858577437983,0.6070412659103924,0.5986314208723963,0.6075385024089265,0.5905577439759816,0.6201922757725788,0.5935172714848439,-0.004996112338446624,-0.012225092469133387,-0.004870478498038956,-0.01375245720994651,-0.004003976076229327,-0.01628523313932424
0.705,0.705,0.705,0.0,0.685,0.685,0.685,0.0,0.5777571512302819,0.6127370891183989,0.5809885304131067,0.6134142063471973,0.5818487305529396,0.6098604155033317,0.5842781689919105,0.6075916344039637,0.5716207662115341,0.6210544197579789,0.5848877169883677,0.621395430676163,0.5831150624880302,0.6047403692468347,0.5763242953937076,0.6161326869844501,0.6007323693768537,0.6139725419477092,0.003022623593112451,-0.011870467974614923,0.004201172317730056,-0.015371276693843177,0.003678899094443398,-0.01508762828558132
0.74,0.74,0.74,0.0,0.56,0.56,0.56,0.0,0.5909565183334335,0.6273042092168758,0.5902419590897195,0.6281300863089104,0.5910046760009976,0.6003511528165975,0.5808038789099018,0.6207790436580398,0.5874094467847999,0.6215370744679669,0.5835890090014744,0.6184664474442445,0.5859622016707495,0.5965224961757862,0.5866149515315838,0.6266531575661893,0.5953703146589846,0.6253712470911668,0.008001603529531887,0.011015450393524334,0.009721705585007883,0.013603341797180847,0.007273952963889844,0.015077412952514292
0.635,0.635,0.635,0.0,0.48,0.48,0.48,0.0,0.5833864145427536,0.6267500964203285,0.5827538021770351,0.6286553086169123,0.5833358679706726,0.606016634204591,0.5639053666067414,0.623788965743244,0.5882108911561148,0.6277762994434819,0.5708174778558696,0.6166782007083191,0.5756530645428298,0.5950728199117735,0.5840532431381703,0.6190713823795239,0.5946002745244033,0.6212786646268604,0.006769680034046993,0.012845962238653797,0.00886597710121531,0.013038876500551865,0.007023781744220725,0.015318188605547872
0.63,0.63,0.63,0.0,0.5,0.5,0.5,0.0,0.5730695086804126,0.6114223923887021,0.5634460790632398,0.6233461502765285,0.5817649659090044,0.6034613761649882,0.5704224421596866,0.6180509346442961,0.5588045160042592,0.619075458898719,0.5724833004737543,0.6137606566905801,0.5753073496566438,0.5992171815068886,0.5624496961015809,0.6104833893805715,0.560213452269476,0.6149206295498748,0.0009235191512027279,0.009128404213075182,0.0047982692484468915,0.009208075638093666,0.0031566619013102776,0.008700297751019416
0.665,0.665,0.665,0.0,0.485,0.485,0.485,0.0,0.5634638606150991,0.5661810013141295,0.5658442697552539,0.5771984524177215,0.5707675960418612,0.5760961149083431,0.5618845738159493,0.5698208914227901,0.5484135632754326,0.5811746654038328,0.5732882572584013,0.5766174916252201,0.566509567559835,0.56979131922777,0.5651424338015304,0.5746599717555548,0.5753078760979257,0.569557226003959,0.0025372746104445794,0.008013450978156823,0.005164296459219303,0.007493767305768504,0.004001571073070493,0.009826529102373274
0.645,0.645,0.645,0.0,0.5,0.5,0.5,0.0,0.5894715369444323,0.5813359178134401,0.5949052572154584,0.587822758722566,0.5975515633335883,0.5710097462382576,0.5927253794706346,0.5928121743526084,0.592640671504785,0.5951548456383396,0.5935306664924475,0.5862514344302099,0.591522631823193,0.5607507628791251,0.5882433376244102,0.6013153831446078,0.6033674710108893,0.5888006177428793,0.005459551092714887,-0.004736275471786847,0.004782824766507157,-0.011994726010554327,0.006976522082119025,0.0014673308974050058
0.69,0.69,0.69,0.0,0.4,0.4,0.4,0.0,0.5267857912148013,0.571737995034207,0.5202548883249531,0.579421193613862,0.5319695636260736,0.5775510117942637,0.5297859161101891,0.5841894025299328,0.5201910413868074,0.5850302470850551,0.5329429926515444,0.5835818033485236,0.5238036095899109,0.5725607674318695,0.5124498322692773,0.5861804179797897,0.5443053562896549,0.5837249989100215,0.004224676875997402,-0.017611807134977314,0.0034301995514454658,-0.022382180112007537,0.003119113935193263,-0.008725622128253967
0.67,0.67,0.67,0.0,0.395,0.395,0.395,0.0,0.5661056348234362,0.5523359408985472,0.5617498435648896,0.550678093285983,0.5770460562565556,0.5507025288997747,0.5726842349222893,0.5657133712714092,0.5611443832038658,0.5596383146756984,0.5761575251916987,0.5620125946450125,0.5668638572857514,0.5425260219678488,0.560766542691065,0.5620154083214038,0.5751805787844743,0.5537811210881316,0.01583085522858261,0.005981817312896212,0.017070133454576152,-0.0025661289273763294,0.019076761512006102,0.011095827777461981
0.695,0.695,0.695,0.0,0.415,0.415,0.415,0.0,0.5735539890078422,0.557965937274709,0.5764530492050437,0.5540124578872876,0.5748082097611382,0.5687875450326314,0.5762009858279802,0.5596496858677039,0.5622012369706927,0.5608045693982573,0.5869990658927593,0.5664233199258413,0.5749278320958773,0.5726505964381797,0.5677438687490345,0.5666464636382569,0.5950036294174716,0.5542456644837301,0.011469549434311055,-0.00523832524542813,0.01249542330423792,-0.015605229268732786,0.011347210243975201,-0.005621448587221602
0.71,0.71,0.71,0.0,0.32,0.32,0.32,0.0046109931932957,0.5412156023089606,0.5531951690365131,0.5501875436407295,0.5576421979313235,0.5349366894066873,0.575045903686736,0.5565460731914373,0.5511699802832257,0.5425695069339636,0.5655596810891617,0.5475295891273471,0.5659157100604483,0.5561650871362304,0.5751962563193183,0.5502115449273756,0.5550276437066998,0.5663890875436212,0.5576763242926147,0.01894714108270784,-0.042550709940625445,0.01770878016948376,-0.05162961224546328,0.021878227217806613,-0.04007109111291895
0.665,0.665,0.665,0.0,0.305,0.305,0.305,0.0042979942693411,0.5706440799853629,0.5340401427039199,0.5787773630182367,0.5219517052460791,0.5602428073635208,0.5418611152242608,0.5776956562787114,0.526098736231998,0.5633734711762294,0.5326083584701056,0.5885451724384645,0.5348191511787448,0.5838490890347107,0.5373841790305784,0.5723654715983744,0.5282419259981822,0.5886850026253141,0.521035987467958,0.017079123316857975,-0.04070543383285467,0.016908500239859892,-0.04975539971894138,0.017977886608390704,-0.039441219785333666
0.65,0.65,0.65,0.0,0.36,0.36,0.36,0.0055162769015615,0.5514472394574209,0.5490349105470155,0.5597143843884641,0.5559504268732597,0.5602297462836077,0.5617619745368857,0.5478589831500105,0.5467588011520976,0.5487078448861502,0.5612410562764335,0.5690643414839544,0.5604985438109806,0.5667484537953621,0.5582557296719615,0.5553002970944912,0.5501069184809003,0.5833947842373917,0.5550099339626368,0.02321363532018583,-0.009014035328996514,0.02501445882180203,-0.01993598047796885,0.024930052379187894,-0.006028522294347121
0.61,0.61,0.61,0.0,0.435,0.435,0.435,0.0075531354294748,0.5441764030477667,0.5093123350295197,0.550443950502504,0.5098775888156106,0.5353194138753775,0.5213822579619695,0.543986886193586,0.5108905804551679,0.5456170821306967,0.5100727276781012,0.5623565048566751,0.512711513904976,0.5550641669497164,0.5222903512573034,0.5391333292842004,0.5009418644799052,0.58765183475561,0.5071136962343442,-0.0077062140009204515,-0.017904706752446847,-0.0017899244092844531,-0.029536421982014838,-0.0038073517789890877,-0.01276327529789307
0.575,0.575,0.575,0.0,0.54,0.54,0.54,0.0114967228967443,0.5694995510882207,0.5446468091481008,0.5658856269483586,0.5479955065613406,0.5504401676177813,0.5569109419666349,0.5701710477679062,0.5495422672699385,0.5693792096427988,0.5543689124953807,0.573602993055844,0.5552066263685308,0.5740971173445887,0.5546651343635344,0.5675196014015931,0.5439641870313194,0.5851516547292251,0.5446680405470866,-0.009135411835093305,-0.026834280369318075,-0.0030319198420425807,-0.036352571659336204,-0.006236199204327922,-0.016459411057509362
0.655,0.655,0.655,0.0,0.6,0.6,0.6,0.0146569774602783,0.5379780684065824,0.5224884728702656,0.5317290624557572,0.5254788398600431,0.5169339045304608,0.536340612792489,0.537936533886577,0.528414726118417,0.5349731272589192,0.5266695856271802,0.5472867298178677,0.5242781973367554,0.5304775414888018,0.532001935402096,0.5273886019089005,0.5212273120933685,0.5631829728361543,0.5277753819972427,-0.009529546707489194,-0.022642550533396033,-0.00505324855641974,-0.030334782570874214,-0.005283561582475608,-0.016467534378096234
0.615,0.615,0.615,0.0,0.675,0.675,0.675,0.0201989749773892,0.5854102604075558,0.542320020412487,0.5899596833755382,0.5577645882027025,0.5927444622628446,0.5582034077887981,0.5960850061544054,0.5543741453185502,0.585885714390046,0.5590363493928339,0.5928041472054129,0.5536638215066679,0.5908619753027569,0.5554805990705898,0.5924294045339854,0.5428786085291549,0.613388530548981,0.5567529464516718,-0.007892472212723562,-0.02236437381003425,-0.0014994119562499104,-0.025087334729687858,-0.0041173974997296145,-0.020083026872144534
0.62,0.62,0.62,0.0,0.75,0.75,0.75,0.0,0.5288860494107145,0.5490065014976798,0.5356584820986017,0.5566512176909123,0.5260530906634655,0.5633128795997843,0.5409623541343584,0.5493255261027539,0.5219209505374326,0.5614895293747422,0.5418749039917822,0.5622636093213425,0.5426656947704273,0.5609325302522218,0.5209704136314731,0.5611199109949394,0.5956753974922914,0.5570125688568566,-0.021815424241519256,-0.03225698075267703,-0.020150520477327172,-0.038210718205851174,-0.013575144424434568,-0.02510200112633384
0.635,0.635,0.635,0.0,0.705,0.705,0.705,0.0,0.5491818510731888,0.5438223092208977,0.556950158834923,0.5460023092255012,0.5507342271538607,0.5501416229482059,0.5655243397085489,0.549302455451934,0.5549592813662421,0.5451966133150251,0.5607380581213273,0.5435106521614892,0.5590254421080356,0.5482252631224345,0.543295332958035,0.5456179465763565,0.5864151234529729,0.5457880221083332,-0.0045884087501496815,-0.02836534102877759,-0.0022818777577908534,-0.032119803626287476,-0.00025832978913910894,-0.02599977993022232
0.705,0.705,0.705,0.0,0.74,0.74,0.74,0.0,0.5994319044128394,0.5701371173123608,0.5990753601896409,0.5516094185212025,0.5933146140896848,0.5454583809183756,0.5977335602275541,0.5693161639786666,0.6050584123883911,0.5543344146716135,0.5972061712941629,0.5507501635428594,0.6064417347642372,0.5416137165361186,0.5923609884800687,0.5661244634479436,0.6231593815804319,0.5523845058081148,-0.007109583221871098,-0.030008883720641637,-0.0044024526722868775,-0.03184568177619869,-0.003967410206693055,-0.025399950960626985
0.665,0.665,0.665,0.0,0.635,0.635,0.635,0.0,0.5523053372116186,0.5137268457932623,0.5620611251059404,0.5033639289096299,0.5537571946329032,0.5276479782188167,0.5665144614112735,0.5146490321475303,0.5593323028690791,0.5064237810331412,0.5452329934163144,0.5129249398018364,0.56382130144912,0.534929915565294,0.5544434998371544,0.5153277189784775,0.5615185561427692,0.507723663494644,0.013091915064144343,-0.012106617277667101,0.011271863766523879,-0.014858572748542855,0.01245948304305747,-0.010186792395901378
0.62,0.62,0.62,0.0159264534507314,0.63,0.63,0.63,0.0,0.6640015391078808,0.6351358981128563,0.6620414900681558,0.630418299578217,0.6635725681655867,0.6320217481350013,0.6515631571989965,0.6353872345345016,0.6536208431378407,0.6337079463597403,0.6774365682210065,0.6361425277436171,0.6591137808228752,0.6325840808360639,0.6618282011639522,0.6384463075801975,0.6513639973071668,0.6355062498256083,-0.014044107334944366,-0.03830078120289677,-0.02593986297648289,-0.03349992658307292,-0.021261544988008127,-0.03085757169335997
0.625,0.625,0.625,0.0465293668954995,0.665,0.665,0.665,0.0,0.6408543731593197,0.6528076554467642,0.6587188255316264,0.6333771373116375,0.6564279332972308,0.6264456360363866,0.6408607957315477,0.648873864164497,0.6544056008307645,0.6312206800134814,0.6604904317856409,0.633271868844844,0.649012498715738,0.6240350879811613,0.6535417743685821,0.6449761671376877,0.6563775409370813,0.6343668461138798,0.046158533584910004,0.0291665694475987,0.043824241046684656,0.032109878637685656,0.048026481753170376,0.04054646730107187
0.64,0.64,0.64,0.0922844175491678,0.645,0.645,0.645,0.0,0.6150071957068967,0.636057077608009,0.630412304313334,0.6268535002923679,0.6175570371754163,0.6289836775984404,0.626694995688175,0.6331873308885052,0.6226868575491881,0.6256909449754314,0.6253440524232494,0.6252044229794741,0.6234955567089778,0.628833060003609,0.6183936981460971,0.6259104970074245,0.6219184201183483,0.629623546256148,0.07461055870069688,0.0727800147205823,0.06940326012255331,0.07251612392830974,0.07303255341922864,0.08288708140704465
0.67,0.67,0.67,0.1042345276872964,0.69,0.69,0.69,0.0,0.65347014487817,0.640114671315902,0.665500549982733,0.6208865202789996,0.6545174760457938,0.6324317656377227,0.6517116271158606,0.6278151577320962,0.6673413019736815,0.6248393255274174,0.6733134934914871,0.6286112321736965,0.652447990814264,0.6317586960821756,0.6485025656444597,0.6319559345410879,0.6531622150830876,0.6237289268646037,0.07424878539867738,0.07250575042109267,0.07232081882761549,0.07188885307483431,0.08167599750148082,0.07483186293009729
0.7,0.7,0.7,0.1343240513634396,0.67,0.67,0.67,0.0,0.6446930718397976,0.652198946564925,0.6535079373018409,0.6328718124742904,0.6484084488680684,0.6215879395821934,0.6546504820666669,0.638037472780452,0.6628563581270416,0.629249560087232,0.6677476275778065,0.6287376655868353,0.6528413417851892,0.6137217226799364,0.6422033302915374,0.641073828641576,0.6629957480313463,0.6267291066952303,0.10604868096383745,0.07490048348410488,0.1019156003310991,0.07034230611291625,0.11228421754364355,0.08164720425920334
0.68,0.68,0.68,0.1379310344827586,0.695,0.695,0.695,0.0,0.6209623755571188,0.5970458321769995,0.6191398428928273,0.585059357457974,0.6164491022720742,0.5986578320753674,0.6325693813639203,0.5953731979922554,0.6189500813747683,0.5864379286193827,0.6261972558867912,0.5962776930131531,0.6149613246632247,0.5972413929171722,0.6121229017760349,0.5958166746709159,0.6500174148614907,0.5903572170453668,0.08990412493272797,0.044351268609951255,0.0854999654316638,0.04773554310634455,0.0957728124258816,0.04635399032967509
0.73,0.73,0.73,0.2294520547945205,0.71,0.71,0.71,0.0,0.6753746156384512,0.6639631512442564,0.675448196326826,0.6676257801400288,0.6756503281394458,0.6673531902507841,0.6879130337511218,0.6741583896839914,0.6709707853285078,0.6733617723546249,0.6819039768169807,0.6800713236436015,0.6695868478703807,0.6645834849178979,0.6777665811847825,0.6746730594729681,0.699254167815121,0.6711386360793536,0.10389447087681056,0.06030805864108817,0.11018508246500601,0.06269867917725971,0.1115079231293493,0.058862568782524785
0.805,0.805,0.805,0.2791127541589647,0.665,0.665,0.665,0.0,0.6391605795234894,0.625915094285146,0.6315955845066157,0.6302240905066603,0.6353768690643012,0.6507306441978331,0.6609258040250895,0.630804175003275,0.6257059318636667,0.6405395993086778,0.6446454806345224,0.6451397101463536,0.6346341127771996,0.6499365161303973,0.632128444699938,0.6347579517993385,0.6654781851093597,0.6362773616573778,0.1950592567700674,0.05182075612749286,0.19981498649605844,0.057395977429435,0.19781345221778046,0.05118655180693381
0.845,0.845,0.845,0.3954758190327613,0.65,0.65,0.65,0.0,0.6637996374721995,0.634818798970724,0.6635362740369443,0.6327288604829815,0.6617700280004608,0.6505739898666723,0.6764559292250568,0.6280112987081349,0.658078909929563,0.642826380920879,0.6768788348014568,0.6546016757153164,0.6603656761694571,0.6512489984645213,0.6615159445181213,0.6328523653892985,0.6755035989406863,0.636819831008819,0.20269974641787727,0.07213971068420712,0.20737641761965894,0.07853035167816938,0.20840145708126737,0.07403761106229222
0.85,0.85,0.85,0.3682880606443461,0.61,0.61,0.61,0.0,0.6757117677170272,0.6273139802634321,0.6652313978050721,0.6186276960697669,0.6690789300393563,0.6379220570442354,0.6809902095357847,0.616842631323909,0.6662860222816153,0.6247205932997718,0.6758442732419253,0.631874448319723,0.6696077648501433,0.6369943989433653,0.6713045384275242,0.6229495863868566,0.6676082257585697,0.6302994683308693,0.20109549078206126,0.08614443279126803,0.20672053855754904,0.08584151290423833,0.2076336158293537,0.081691103805825
0.83,0.83,0.83,0.3339862879529872,0.575,0.575,0.575,0.0,0.6889129764362811,0.663149916943314,0.6908572280421612,0.6650671552485068,0.6718864112597781,0.6852012400677704,0.7154285040953902,0.6643042927889449,0.6937000160087494,0.676543011230983,0.6934805926500305,0.6822267985643679,0.7011289093490578,0.6852853051381763,0.6892986253678014,0.6654372498084508,0.688309605529656,0.6705644808161929,0.20015010223268187,0.0711382872077385,0.20138696145332172,0.06690086908956198,0.20307814501214233,0.07787699153151373
0.855,0.855,0.855,0.3345571363010555,0.655,0.655,0.655,0.0,0.7086672326186386,0.6807865008168384,0.7155976215889556,0.6836467350611318,0.6877973545693871,0.694233232368777,0.7290090545761411,0.674700821914156,0.709980133279898,0.6949742483736195,0.7212436985248671,0.6937280361624097,0.7154302465864547,0.6899454977507463,0.709070373043816,0.6763924915855951,0.6906952261260931,0.6847786077455348,0.1695046791020222,0.08314246864248552,0.16726057738307373,0.07902652556807634,0.17267024037387463,0.08270975311298798
0.84,0.84,0.84,0.3090045346577413,0.615,0.615,0.615,0.0,0.701363761628584,0.7032379138666965,0.7048235591058551,0.6979927362130286,0.6873219945536293,0.7010807812488643,0.7320109593413039,0.6954995016123646,0.69955724898211,0.704018939890792,0.713429006578677,0.7080655198956777,0.7127089007500345,0.6973660665022701,0.6980306991958527,0.7007013803728716,0.7021781771571,0.7007497589017614,0.15859737176855013,0.08308584068999446,0.15501059529907382,0.08090045881712012,0.155318869604897,0.08112323212458027
0.795,0.795,0.795,0.1829414109206856,0.62,0.62,0.62,0.0,0.6816545904154431,0.6934126494047924,0.6878370355955287,0.6903682707431655,0.6605578475776315,0.6914244617767745,0.7009271322259708,0.6909031953955274,0.68553116399029,0.6965816102824635,0.6912835738998967,0.6958344097682937,0.6880508598290043,0.6861415399931895,0.680597420952343,0.6874385666414555,0.6901651740883699,0.691397945523713,0.09873289600615047,0.07160006325748845,0.10273157614564368,0.0684785434646686,0.10146891111317966,0.07834079947446906
0.755,0.755,0.755,0.253958587088916,0.635,0.635,0.635,0.0,0.6370892459913857,0.6617311082015067,0.6457173980610639,0.6610100892965743,0.6468977422206268,0.6482232025049717,0.6395702440584691,0.6545799041619057,0.6409216790357807,0.6548705600777576,0.6478306107977098,0.6564635223850706,0.6359431988713038,0.6427409705584588,0.63937229912011,0.6578662377881149,0.6218777116546849,0.6573978486988549,0.07412664340763615,0.08498601237592297,0.07220213089080771,0.0831177033027994,0.06452146684781378,0.078656142737949
0.745,0.745,0.745,0.3055555555555556,0.705,0.705,0.705,0.0,0.6050840811163934,0.6283096360971182,0.6090887499783962,0.6258891022857054,0.6047198936716582,0.6423520802122229,0.6115641917002927,0.624397228631695,0.6086225591061148,0.6274352407502615,0.6036200132877688,0.6334562402243085,0.5992821849319387,0.6468316434619061,0.6024489169284573,0.6253196470086401,0.6325301169750375,0.6287773296307126,0.12351262444387656,0.06493934835530833,0.12229969983460982,0.06721179565083187,0.11639631027178172,0.058549437217941966
0.755,0.755,0.755,0.3577981651376146,0.665,0.665,0.665,0.0,0.6340511215529608,0.6235384719219184,0.6367071143603986,0.6161960320688611,0.646123236471404,0.6314218175484783,0.6326725669229853,0.6161606376136833,0.6328165657958575,0.6121842072469165,0.6359599404882414,0.6194938501160552,0.6245302517983127,0.6318051986507204,0.6345582762844133,0.6157550074625493,0.6315905370301611,0.6208994390093263,0.19216970250956075,0.07053523311232089,0.18954951490936864,0.07290229166370306,0.18572946036066723,0.06289671900177181
0.8,0.8,0.8,0.4218817748229513,0.62,0.62,0.62,0.0159264534507314,0.6759406071124268,0.6581997733209798,0.6704960142852298,0.6570266092770153,0.6795840215496122,0.6646480958068494,0.6776525800566782,0.6506334766878821,0.6695139989299689,0.6559631089638377,0.6815394333378166,0.6574633594165222,0.6713740268067704,0.6634978425644193,0.6686823169244853,0.6514858169608279,0.6811141731431121,0.6582461143093348,0.1323716970612192,0.05927569303387582,0.1309842837073778,0.055432775996329224,0.12331155981585017,0.05528987158835853
0.785,0.785,0.785,0.3991056456120738,0.625,0.625,0.625,0.0465293668954995,0.6905089436606592,0.6730450737034357,0.6868153952418135,0.6750950141583325,0.6895281423643294,0.6833984670245226,0.6836917596074584,0.6724482032373494,0.6881090742283329,0.6791582588825947,0.6901908088730945,0.6803735944663638,0.6879783764609645,0.6838257059224078,0.6759281612544007,0.6764059200286108,0.6904591769434547,0.675058752542032,0.1826292778859992,0.047447874942799256,0.17691174113608843,0.04655330664915308,0.17462623564714663,0.04683419358227198
0.8,0.8,0.8,0.4218817748229513,0.64,0.64,0.64,0.0922844175491678,0.7176028627538326,0.693855742926821,0.7286951372693435,0.6967605311675078,0.7133772897221818,0.6886371015766228,0.7159630286957633,0.6928787562817719,0.7199149015034297,0.6934937030773272,0.7253714145189031,0.690071077140773,0.7103270136611054,0.6869977187966317,0.7153375858335754,0.6941240799217359,0.7173597153015155,0.6905118292833323,0.18505792542165908,0.05418209610678612,0.1766510119540678,0.06143842250996639,0.17566193699990204,0.05653753734997894
0.81,0.81,0.81,0.3807040417209908,0.67,0.67,0.67,0.1042345276872964,0.7102588540954152,0.6749034686336244,0.7026040712537137,0.6704618401972238,0.6803693101169469,0.6670144636608178,0.6922389041775823,0.6699151348084349,0.7067823608184651,0.6673436984854013,0.7074229430709711,0.672043613448573,0.6906133568137688,0.6682655276856082,0.685436931216118,0.6816144277584165,0.6997231811224,0.6653103546874101,0.17743091297545333,0.028370989025702256,0.16849402460930193,0.03100627073863784,0.1633503164570646,0.03928776577701372
0.765,0.765,0.765,0.2928077038820342,0.7,0.7,0.7,0.1343240513634396,0.694912601247778,0.6300930201291037,0.6878506611058556,0.6266238963362663,0.670090364505453,0.6376978570767001,0.7008502993250253,0.6276682260810262,0.7009530113455871,0.634204724999103,0.6877243874342037,0.6392700525941545,0.6877197717803122,0.6378918742160105,0.6769740360075807,0.6325002496917057,0.6675021969522177,0.6291504568708891,0.19178383842664568,0.03946395257337788,0.18120549755988066,0.04087009642083089,0.18171355339447956,0.0430028368471057
0.785,0.785,0.785,0.1962616822429906,0.68,0.68,0.68,0.1379310344827586,0.648876937797209,0.624401762638791,0.662615808901515,0.6169056366146691,0.6483649494000537,0.6129060101662684,0.6525235984864939,0.6235053916209639,0.6611589750295743,0.616601210196911,0.6550686069500407,0.6166570616821679,0.6524450746024787,0.6107442478088891,0.654589599321831,0.62814473657386,0.6189029549645463,0.6190661563647846,0.1718963338770516,0.059687941844746475,0.16213378579467835,0.05820616118785914,0.16079190669558394,0.06522689236108195
0.77,0.77,0.77,0.3118922961854898,0.73,0.73,0.73,0.2294520547945205,0.6163291007107954,0.6029300908104056,0.6302358941466892,0.6002029049487106,0.6233491307550572,0.6132746272772102,0.6355136752091406,0.5997075575474863,0.6304458677123866,0.5995376600890187,0.6292747574188395,0.6020683025687127,0.6191924982550885,0.6167522986395152,0.6220630644118248,0.5993854108512326,0.6164806064890369,0.5975421631553102,0.1346857761755239,0.06530420526121049,0.12990490951208578,0.05892842666423504,0.13195466642518092,0.07216147934865579
0.8,0.8,0.8,0.3898718730933496,0.805,0.805,0.805,0.2791127541589647,0.6382078117678505,0.6038990105690412,0.6596947577890083,0.5973318712801062,0.6455303737930694,0.6189425081008071,0.6426878060388957,0.5968341019498721,0.6417836862119554,0.6069852441285873,0.6621647346427483,0.612640243119194,0.6407949423731388,0.618781029589762,0.6484076180798929,0.5949748026626763,0.6311491727917699,0.5989021328867373,0.14576891261603314,0.11125466739266812,0.1403597625485755,0.11501156676591573,0.14449748323333972,0.1027983900997766
0.755,0.755,0.755,0.3577981651376146,0.845,0.845,0.845,0.3954758190327613,0.6458657022710421,0.636155597580691,0.6596238035985501,0.6275572408004279,0.6484718117113428,0.6307178378501941,0.647374797172764,0.6313045073228025,0.6445779893375005,0.6313912352804802,0.6565960376250739,0.6350596282702337,0.6396769659718923,0.62740844268797,0.6507825897875589,0.633022396710938,0.6327578166397682,0.6323003867544503,0.15713313428118827,0.1014784336074403,0.15457453128975576,0.10272784036063388,0.158254003565171,0.09331900342089591
0.76,0.76,0.76,0.3643226062773143,0.85,0.85,0.85,0.3682880606443461,0.703601817146812,0.6935644467083439,0.6961630550330397,0.6914349541853593,0.6815997226464751,0.6882938809069941,0.7008517618023007,0.6895440798448357,0.6850264412183266,0.6933603521608291,0.6996690605525094,0.6972295160480825,0.6844613418587228,0.6849507352430599,0.6870005844334124,0.6915953923080692,0.7239236709883655,0.6948095823901478,0.16365382535111234,0.10440943100401957,0.16500999985617246,0.10158772301024799,0.16560566504868057,0.09545498862850813
0.83,0.83,0.83,0.5388579953885799,0.83,0.83,0.83,0.3339862879529872,0.6556412101941143,0.611965986667545,0.6613522197814599,0.6013236898436929,0.6686547257390414,0.6074105589958291,0.6586145936295156,0.6045712157377835,0.6581996934942251,0.5992936760549544,0.6593004002884373,0.6080396815838822,0.6587926060982355,0.6057067222327607,0.6634211261122978,0.6052379435073517,0.6577457327997593,0.6078196293419245,0.21995755677955842,0.050697423147141915,0.21342493226317577,0.0511888978546902,0.22402055054084366,0.03797262269721077
0.87,0.87,0.87,0.645535105657805,0.855,0.855,0.855,0.3345571363010555,0.6690348144534782,0.6364801455110565,0.6571157519410802,0.6287155124602121,0.6633338371891256,0.6378937422317364,0.6738205455941916,0.6231495701528841,0.6562697620094876,0.6304869049704772,0.6748458238541687,0.6391855744354474,0.659269557039738,0.6354480306596046,0.6592634043146438,0.6350697942752778,0.6647738555391204,0.6392747832996353,0.22606923954307323,0.09775108678126661,0.22609311952838523,0.09449593463030503,0.22717153831644377,0.08294457060996843
0.865,0.865,0.865,0.6351351351351351,0.84,0.84,0.84,0.3090045346577413,0.6353836457487323,0.6138457797487544,0.6267911783876339,0.6142074685924225,0.6380436033800329,0.634968106575115,0.6485900460624588,0.6073767375867538,0.6287296866104561,0.6135595801577112,0.641690201138401,0.6230453510289214,0.6336107846119844,0.6348783659119192,0.6297378111045605,0.6179959662942215,0.6434473150172099,0.616627338054442,0.23183029259028565,0.09712411519928031,0.2304541693108201,0.09412610098892286,0.23406178089433535,0.08294457060996843
0.845,0.845,0.845,0.6005154639175257,0.795,0.795,0.795,0.1829414109206856,0.6672087148895567,0.6509659063950837,0.6632292520009188,0.6512940748605838,0.6632357990965265,0.6488660160023018,0.6717713377477843,0.6441243816641936,0.6661939596523512,0.6472092328792002,0.6726970648056186,0.6493760769179845,0.6643242214226986,0.6480514701017777,0.6684005860867172,0.6533689396429306,0.6967008162508024,0.6560563949605099,0.2161770534500019,0.10065621376180836,0.2164615702514024,0.09364936197932708,0.21601741846081754,0.08315054264672093
0.865,0.865,0.865,0.6540235776524859,0.755,0.755,0.755,0.253958587088916,0.6503135656728583,0.5997571442133295,0.646639062661916,0.5988563329509359,0.6497179825227459,0.6209971526231979,0.6547414034550295,0.5947575296680391,0.647721656144766,0.6032176259045963,0.6547347127747253,0.6125690542779724,0.6462407710084783,0.6273303255663557,0.6549759838270444,0.607710558221673,0.6688407647740652,0.606686543547531,0.2057309164572141,0.09450753924447733,0.20892460038322416,0.08595657148209751,0.20599339777384532,0.07987913021645744
0.895,0.895,0.895,0.7286120444559318,0.745,0.745,0.745,0.3055555555555556,0.6839752205826575,0.6617344167140861,0.6791316647133442,0.6535713775981824,0.6749633652886431,0.6539811742054311,0.6865286782537419,0.6620644280748913,0.6938720037578388,0.6575880227374559,0.685681011653794,0.6606552697156775,0.6844855023977344,0.6478580937248494,0.6872067621331507,0.6597123050710896,0.6985168453102291,0.6560468756421174,0.20586543352573566,0.08990558536666327,0.20750988664762848,0.08429075677388388,0.2065413646138502,0.07825123461363259
0.89,0.89,0.89,0.7178040020523345,0.755,0.755,0.755,0.3577981651376146,0.7126824691921484,0.6739949147862836,0.7041088251324796,0.6694346823337307,0.7066959839469875,0.6632281110433351,0.7097001845416269,0.6729647142931122,0.7116800795832651,0.6744801740421336,0.7111117563175663,0.6768684426603637,0.71056734696456,0.6594579558836422,0.7119889406985546,0.6744790688547646,0.706251035840132,0.6743138491025789,0.21758258465969052,0.11267188799044903,0.22112845795392466,0.10562529313553008,0.22171953045433354,0.10184264613980656
0.89,0.89,0.89,0.7074468085106382,0.8,0.8,0.8,0.4218817748229513,0.636856252827625,0.6091172441827372,0.6296881303544585,0.6118591590979274,0.6348384670324823,0.6351356875763196,0.6599570509239444,0.6083785191403922,0.6325352205185143,0.6242008504346795,0.6410009052585173,0.6318708256915473,0.6376948402678733,0.6382027077348907,0.6409300683309198,0.61530033909547,0.6332318393583527,0.6218357931923815,0.19093783254676883,0.11244964839035529,0.1963305622228762,0.10768750697244228,0.19312353586694558,0.10224372698106639
0.89,0.89,0.89,0.6626284312222052,0.785,0.785,0.785,0.3991056456120738,0.7046614077394656,0.6906596857192709,0.7030569683640547,0.6842436427528586,0.6915917539683565,0.6888291667328018,0.7174757036723466,0.6863962385335205,0.7048682797249924,0.6919909153348318,0.7117661469789038,0.6959995261115371,0.7028544920190586,0.6832510498763267,0.7060825898207658,0.6921556641333151,0.7090346761871641,0.6891748528538189,0.194991884370295,0.11890651105355865,0.20105266090489832,0.11679501678216926,0.20158213331216696,0.1064996716481193
0.84,0.84,0.84,0.5433138290281148,0.8,0.8,0.8,0.4218817748229513,0.6951611640610381,0.691280631266071,0.7003633471920991,0.6857177776522771,0.6916619507096583,0.6907798081340623,0.718950075344143,0.6832128307495976,0.6983320808701341,0.6927183663632268,0.7014673376636519,0.6982140850352144,0.6981814341376482,0.6870594102673504,0.6998909148103751,0.6879696038361474,0.7145231639298595,0.6917879286086426,0.19347776912289966,0.1268520828493518,0.19875455922804222,0.12618701113770106,0.19900952495902924,0.11533262061586423
0.8,0.8,0.8,0.4314951677089255,0.81,0.81,0.81,0.3807040417209908,0.6376161493986173,0.6297821343775006,0.6324980930495678,0.6177544346527435,0.6335726148366914,0.6374149247501747,0.6601735339575386,0.6206497924607918,0.6389480325314675,0.6206245817568615,0.6458880908604067,0.6301628350052685,0.6357312008926707,0.6374608358204086,0.6400312423356458,0.6253040853122044,0.6474243220033818,0.6254532752462596,0.16549052413017834,0.12117213375291741,0.17047367041868405,0.11983211782133622,0.17322912019249354,0.11323845164621518
0.78,0.78,0.78,0.2819843342036553,0.765,0.765,0.765,0.2928077038820342,0.6215715439260188,0.6416564571963563,0.6193833318486273,0.6306676816992163,0.6122678027083042,0.6318605955530571,0.6267695871476072,0.644424709813244,0.6336945234848764,0.628484470739203,0.6325886009866505,0.6375374509906004,0.6171456093398642,0.6296851178595984,0.6233330571850274,0.644447096785767,0.6267307018874348,0.6397783593410891,0.15079826368703306,0.05426901178957477,0.15392214994253134,0.05705442534704787,0.15465847577011768,0.05382628453669303
0.8,0.8,0.8,0.2535920880761336,0.785,0.785,0.785,0.1962616822429906,0.6048648374877135,0.6038773915395044,0.6079501969507579,0.5883610682152431,0.6091564953714543,0.6053554407099503,0.630053155669549,0.593011860463111,0.608825732366339,0.5874426497574101,0.6180336606200898,0.5980142266042475,0.6073828332874873,0.606451326612478,0.6031293841495986,0.5964468102563206,0.6170275480258635,0.5983233421395433,0.1738799469118494,0.04213179798221758,0.17708145970175554,0.04902108182797159,0.17752962711154596,0.04381196643861375
0.765,0.765,0.765,0.0873786407766989,0.77,0.77,0.77,0.3118922961854898,0.6546618452555021,0.6433238545377474,0.6571133019238645,0.6386867865028183,0.6531815811140863,0.6322273743926606,0.6736182204384814,0.646206556929585,0.6597879470587922,0.6353321176786737,0.6654052539929136,0.6374069102070168,0.6510393758805137,0.630684823821448,0.644310405266229,0.6470123262292142,0.6452790523441356,0.6355066746518758,0.035742811527859894,0.04064409034082939,0.040265366325640185,0.041030019342610996,0.04078542667617779,0.05513258387584464
0.655,0.655,0.655,0.0184921763869133,0.8,0.8,0.8,0.3898718730933496,0.6615350992176127,0.6383747847798318,0.6572618517972679,0.6354296242630166,0.6426440431339424,0.633719368209996,0.6755377299211892,0.6321897938561232,0.6572914232343655,0.6388357018713848,0.6714589679423473,0.6376882501807078,0.6560076313696466,0.6294256735131478,0.6437154554980431,0.6382125471963765,0.6367256992327243,0.6322374674454133,0.07182517129513384,0.020450334383542573,0.07754332401012216,0.0291081373831459,0.08001865023514276,0.034134871811024536
0.615,0.615,0.615,0.0155970340066479,0.755,0.755,0.755,0.3577981651376146,0.5949897209125625,0.6072146390306014,0.5851715156722846,0.6107545572630181,0.5780683619474154,0.6166800345951264,0.6178538367944147,0.6052744776773158,0.5936272094002868,0.6101740115337052,0.6070893426367399,0.6096303043021256,0.5947169819125266,0.6174960922310011,0.5801570566839339,0.6101887635674416,0.5777425573983493,0.6105906394237012,0.07491504608355486,0.04718789093785517,0.07838627996240201,0.04744375713120135,0.07883301582388712,0.058917543183084654
0.645,0.645,0.645,0.0,0.76,0.76,0.76,0.3643226062773143,0.625584372779539,0.6999287200017782,0.6219614339299161,0.6936477609567504,0.6223286972099489,0.6810050747672654,0.6393463782730364,0.6954919066855644,0.6259714656636473,0.6927757563029178,0.6261464972345282,0.6990276759181716,0.6267564618243144,0.6758513677849585,0.6124575553441832,0.6979469214499103,0.6137876142754425,0.6926927604738888,0.006135554690059283,0.02582460970808706,0.00030350272937173834,0.02323621096322876,0.006993201679888148,0.025069948883982545
0.675,0.675,0.675,0.0,0.83,0.83,0.83,0.5388579953885799,0.5784804234672902,0.5929699347523367,0.5737748242075695,0.5981583634886324,0.5945078587977174,0.5858344822871434,0.5961001093397856,0.6012391885722235,0.5670791646379478,0.5986943389784922,0.5835974647465794,0.5953967775639909,0.5889608956581248,0.5854904663315278,0.5705138421461694,0.6006315865988622,0.6084658722513686,0.5968634453839664,0.05184391936179894,0.048128906273323835,0.04037642910545907,0.03678897601405401,0.047144108875610304,0.04433707230574541
0.595,0.595,0.595,0.0,0.87,0.87,0.87,0.645535105657805,0.5235829520638879,0.5425845983233314,0.5203188569600377,0.5606926123607601,0.5390383855590641,0.5659992775486044,0.5364669594685593,0.545396762608335,0.5167692335869042,0.5635186261175651,0.5273302878309869,0.5607140623279981,0.5308666531472976,0.5646520026254691,0.5243130767103399,0.5490303063708416,0.554083422371624,0.5557358071612379,0.05618510332987492,0.06491104759731395,0.04456088362987299,0.06042051743838653,0.051377525524748,0.05846122612594129
0.575,0.575,0.575,0.0,0.865,0.865,0.865,0.6351351351351351,0.5679922993147043,0.5581188264313215,0.5731277209136468,0.5636635768797077,0.5800139354540705,0.5689755531497785,0.5867908077365246,0.5571115422180581,0.5652154150303483,0.5700005188678121,0.5934397116139012,0.5637663979220764,0.5809517619317779,0.5631288626556048,0.5760515467135751,0.5613822537107219,0.57995319894835,0.5599183941635791,0.05913311728327821,0.0641202552405436,0.05104833082753785,0.06505658077859766,0.054616882017800496,0.05945841932357383
0.575,0.575,0.575,0.0,0.845,0.845,0.845,0.6005154639175257,0.5544837745128857,0.5725305104617395,0.5547694901483918,0.5847895635679023,0.574306784027129,0.5819646585561462,0.5743100543372756,0.5778337539088035,0.5538121366078428,0.5858699325978445,0.5616888730115923,0.5818052230210021,0.5712130742837327,0.5807287221904375,0.564268694403848,0.5816392274192309,0.5658132892242258,0.5816595114554751,0.03799994648923073,0.043230861241139854,0.030348420701998488,0.03996625266919879,0.031551402892858384,0.042831117701810556
0.645,0.645,0.645,0.0,0.865,0.865,0.865,0.6540235776524859,0.6113094232575053,0.612219835620498,0.6028868223498199,0.6160683826063723,0.6157030671389666,0.5967717643684433,0.6058668649356359,0.6165641708187134,0.6037406346198351,0.6156781164832048,0.619283927503237,0.6140239168425576,0.6075605244412715,0.5911768296655233,0.6074498468713352,0.6232548837547776,0.6057924255080065,0.6120008344171697,0.04052986949695144,0.04116869008466617,0.04187670634200972,0.03801814559839792,0.03796980479148514,0.0419045028407171
0.59,0.59,0.59,0.0,0.895,0.895,0.895,0.7286120444559318,0.5764385239144256,0.5967130153453978,0.5609992729601204,0.5988428233465308,0.5868850820152641,0.5853377332019766,0.5626844417929628,0.5922332926070998,0.5659339026258762,0.596247702630646,0.5718929825628253,0.5879916269976355,0.5722543330155613,0.5819666043415204,0.5698372744957336,0.5936749005607127,0.5967089482016344,0.5931029579618958,0.035199702710024636,-0.0048881739397306145,0.03360420088811055,-0.011651988219439295,0.0337542040233936,-0.002551828941539493
0.59,0.59,0.59,0.0,0.89,0.89,0.89,0.7178040020523345,0.5546842685982191,0.6139271881498077,0.550320557247445,0.6250801825202721,0.5615363285154086,0.6283025858232656,0.5538926351008805,0.612779234055366,0.547738028235249,0.6234605216733748,0.5477522840135974,0.6248282490881816,0.5462071123783713,0.6286106507995592,0.5436221045622931,0.6182119498697232,0.580710640694764,0.6151266399592833,0.04097636563041401,-0.020255911302682197,0.03773893700532992,-0.024322136770012062,0.03966186434380622,-0.016576398856132837
0.575,0.575,0.575,0.025899610359844,0.89,0.89,0.89,0.7074468085106382,0.6195311395033937,0.5568026714670277,0.6195950400585742,0.5628524750981568,0.61749597794146,0.5684017267273753,0.6325309603618061,0.5493990667728545,0.6227686254031313,0.5608437469615635,0.6207343294149604,0.5657358433278439,0.6229323179538312,0.570617991267824,0.6156429004599046,0.5527924594978848,0.5787204312519607,0.5597825946191873,0.10133306898580899,0.00682893226884608,0.11158623515998135,0.001259960918882164,0.10527579263158554,0.009065430079579169
0.625,0.625,0.625,0.0465293668954995,0.89,0.89,0.89,0.6626284312222052,0.6097480926154255,0.6094356091506298,0.6108242755511368,0.6019446480758313,0.6063186583298523,0.6059964065781129,0.6387251626220947,0.6019440734248672,0.6112241810941829,0.6003228477486686,0.6196059027805487,0.6061581031660547,0.6156255024607654,0.6064601378536791,0.6024866943947299,0.6110023234832104,0.618287884498772,0.5956338986136559,0.08341240712869248,0.042397452004033005,0.0928470641907106,0.037836383902453426,0.08756482139834783,0.04257655256197468
0.59,0.59,0.59,0.040374488004681,0.84,0.84,0.84,0.5433138290281148,0.6249833686055769,0.5805058338285488,0.6125653021139875,0.5754696994334169,0.6131428416316608,0.5849095202708594,0.6414809522532444,0.5803558974028569,0.6256079121956732,0.5682112547036824,0.6296686523390623,0.5738543074915735,0.6258179171887006,0.5903242124182814,0.6120370304122926,0.5850122379450763,0.6061351909148136,0.56877371004303,0.10752292402275378,0.04421044779402913,0.11123868033593151,0.03917670738581683,0.11257226356638415,0.054672944308155697
0.615,0.615,0.615,0.0446650124069478,0.8,0.8,0.8,0.4314951677089255,0.669897217610977,0.6323874223677074,0.652062104146222,0.6299403602453901,0.6556016316276763,0.6145643048640693,0.6745448172270802,0.6354112208585083,0.6636657040124488,0.6191214045095574,0.664443167777264,0.615962762098921,0.6643825388071879,0.6096678211495006,0.6630944372551008,0.6273318567101313,0.6586661258175956,0.6284737353594887,0.11688347741356289,0.05254463584388427,0.12367540562703724,0.04393172803044912,0.115291488839213,0.05861053562441816
0.6,0.6,0.6,0.0420308945036521,0.78,0.78,0.78,0.2819843342036553,0.6323455416534636,0.6168217735888173,0.6296603306253689,0.6110036148802703,0.6186275343783362,0.6272457727887477,0.6480550858827722,0.6153650053882948,0.6356902786989403,0.6177164527007135,0.6288902875441309,0.6186898450550602,0.6305985161266334,0.6293759492878623,0.6264521644890225,0.6131101133184076,0.6154124778907291,0.6127664544602938,0.05620400463052354,0.04956723352990051,0.05851220211040623,0.044719447954347326,0.05512636638977596,0.05577155123704548
0.66,0.66,0.66,0.0538472241547238,0.8,0.8,0.8,0.2535920880761336,0.6789589779516936,0.670224285929549,0.6748901450217101,0.6662382927330814,0.6614923733804963,0.653602472753222,0.6917319054796185,0.6730340103261201,0.6875161918538766,0.6678419096114324,0.6777585431923125,0.6665516331958123,0.6827537715670332,0.6456695911811002,0.6708907351809298,0.6664949791936194,0.645117826235423,0.6664842498255418,0.046897376610710716,0.060744199207376406,0.04859346258321136,0.057112396815076585,0.044023659670643894,0.06380321435278503
0.695,0.695,0.695,0.0429871352368997,0.765,0.765,0.765,0.0873786407766989,0.7166387446194836,0.7270879050395349,0.7060869016587756,0.7140819265486965,0.700342947868762,0.6979414965735857,0.7310823845669152,0.7248822637685435,0.7138335049936314,0.7166472079813954,0.7135309761503162,0.7167427598615493,0.7173768507070605,0.6886125566721796,0.7050428720447107,0.7253322723088135,0.6935949340222346,0.7147211097582643,0.07545351766921937,0.06877128762587865,0.066844334239522,0.05782214314080454,0.06965331699102274,0.06640592027427955
0.63,0.63,0.63,0.0166112956810631,0.655,0.655,0.655,0.0184921763869133,0.661015518416802,0.63130287703939,0.6565475303367053,0.6252678071014416,0.6543479552808951,0.6353006889129816,0.6914728765229866,0.6280018936114995,0.6637613815127424,0.633056632119079,0.6674924694111912,0.6318960933201039,0.6634400443989608,0.6338771101104752,0.6587363361841589,0.6259662476265583,0.6231154354227597,0.6250174741917571,0.09115361604931005,0.05133797848368072,0.08918840884480415,0.04398137908553859,0.08076610627610084,0.05375851888646124
0.63,0.63,0.63,0.0618661257606489,0.615,0.615,0.615,0.0155970340066479,0.6515724291030267,0.6788354456472833,0.6683896636258129,0.6657693518643707,0.6509925866577917,0.6512327977110286,0.6727481056813315,0.6722459865174414,0.6627317615073193,0.6647496738445401,0.6691145052754938,0.6602161722786951,0.6567246509310883,0.6455664533332864,0.6637279077614427,0.6716866744756265,0.6410893257751679,0.6674385914335776,0.14780423708230267,0.11767781858230003,0.1434181718035619,0.11702937057917254,0.14427823283201954,0.10921638080851571
0.675,0.675,0.675,0.0746013667425969,0.645,0.645,0.645,0.0,0.6432512086077632,0.6541146896379111,0.6524247677954217,0.6429804581276878,0.6418157484245653,0.6422601041184038,0.6605988138158168,0.6471704761901976,0.6634224224444126,0.6454395361803156,0.6630957394550221,0.6445690059996861,0.6483948445722589,0.6394480893132312,0.6499251987906364,0.6500460543034923,0.6316900456006804,0.6474402815459561,0.13304627394865387,0.09629615124485515,0.12982595341572706,0.09056532377818312,0.13318864859509907,0.09364436479521936
0.7,0.7,0.7,0.1181657848324514,0.675,0.675,0.675,0.0,0.6542332962066041,0.6345534898954929,0.6413342689993266,0.6187636780987109,0.6375423064580588,0.6276251490654234,0.6582226606533946,0.6262890649431186,0.6565301347226016,0.6172207528354803,0.6511039425952682,0.6208982303339232,0.638541567114269,0.6305309634932587,0.6438043936361367,0.6265037338211875,0.6373141964352023,0.6228434541523289,0.11644595783716738,0.10377974817064724,0.11615064162406015,0.09785370227991559,0.11879850051031181,0.0980668504747099
0.71,0.71,0.71,0.1559953434225843,0.595,0.595,0.595,0.0,0.668237740499898,0.6070711964186741,0.667765295319594,0.6028537021382349,0.6598389497926892,0.6185787322190305,0.6845786431991444,0.6002284587024326,0.6661076999544372,0.6059432015571753,0.6798567609124698,0.6137082187593244,0.6662986351163934,0.6172808586747652,0.6727798410625059,0.6032664831333776,0.6521114365843594,0.6063555465133771,0.12939563765211293,0.1128693041087422,0.1375416679092926,0.11123714922550143,0.13009950093883219,0.10336841743230223
0.735,0.735,0.735,0.1734248284466625,0.575,0.575,0.575,0.0,0.6654857854864946,0.6446534861038958,0.6570040062514307,0.6313330137648021,0.6484692213632536,0.6471748464439095,0.6800585526374429,0.6294852012636636,0.6593198981215193,0.637340732282973,0.6663663926753582,0.644429450405111,0.6629399229836457,0.6488758887935264,0.6535223249479539,0.6358175210225179,0.64925058311788,0.6393675210073994,0.1228364271006783,0.10803498687224468,0.12941579207036122,0.10932758083078689,0.1247904458512594,0.100578936405641
0.71,0.71,0.71,0.2242878159689716,0.575,0.575,0.575,0.0,0.6808247174361384,0.6610632869787663,0.6811746399074685,0.650898139474275,0.6716683616507759,0.6526234397537224,0.6878549440408944,0.6490688891711883,0.6796518860334068,0.6506897342318528,0.6861473255486998,0.6567724584858093,0.678889578288632,0.6510575040801201,0.6750396277416828,0.6537990934917607,0.6706479373301871,0.6591026778855241,0.11782817614245104,0.10700641281916566,0.11956964101635693,0.11247111306474748,0.11527684867598428,0.10043487427548625
0.765,0.765,0.765,0.4015788133435193,0.645,0.645,0.645,0.0,0.6239690380800689,0.6262935840899759,0.6201891928366138,0.6244269486479913,0.6080028818924443,0.6318815056514194,0.6407076515859251,0.620007833595539,0.6240422519689461,0.6231938541555364,0.6139136304888263,0.6297923183405776,0.624499438330681,0.6307890727793318,0.6292895091748777,0.6259997595054554,0.6370034801414164,0.6370348379857319,0.1466255067238611,0.12373843237967348,0.14700262416413543,0.12501818999366449,0.14628542675215644,0.11790569356096477
0.76,0.76,0.76,0.4199395770392748,0.59,0.59,0.59,0.0,0.728849560795815,0.7266460308038906,0.7264292678564426,0.7335293505869219,0.7360566600189866,0.7385618990688666,0.7429157195872348,0.7281320005715175,0.7383353666002154,0.7342394642926638,0.7284613436254089,0.7340970081996095,0.7285111361545427,0.7400792233414607,0.7311976699458926,0.7274667096427943,0.7407113319826459,0.7321145764355338,0.4789519618606046,0.4074403693637582,0.4865497819814931,0.40581180874340467,0.477372041323096,0.4123033121760483
0.775,0.775,0.775,0.4698397737983034,0.59,0.59,0.59,0.0,0.7300793855157572,0.7347700078678991,0.7355656339218003,0.7362867750392963,0.7432697030908793,0.7513144074123955,0.7537334578548152,0.7334935002836129,0.7385773315892876,0.743620237296509,0.7337678425715889,0.750153512625206,0.7393886347247601,0.751288003674887,0.7357482710067496,0.7364697195292149,0.7563670138888985,0.7390864808606653,0.48701988642121335,0.46256759976240003,0.5053507950571128,0.4471717260738738,0.49720249059171884,0.45042276357077293
0.77,0.77,0.77,0.4982000654521653,0.575,0.575,0.575,0.025899610359844,0.8072890251875026,0.8234640964070292,0.8164936622671032,0.8224099503483342,0.8216396914890954,0.8336043170287192,0.8307719918409445,0.8168470178189711,0.819992993364754,0.8284863393220148,0.8162289915577569,0.8307625367627431,0.8218618252385074,0.8304061220235199,0.8169787974562971,0.8200625305578879,0.8398943405169054,0.8222976603310228,0.544031255529333,0.5545638440433559,0.4883224121476991,0.5496898320924135,0.5524678055687172,0.5430908052394775
0.785,0.785,0.785,0.5410885805763074,0.625,0.625,0.625,0.0465293668954995,0.8239352780319614,0.827236503320981,0.8318252083015164,0.8255744480828234,0.8353622962115432,0.8352607648301509,0.8402532564358947,0.8199122788165483,0.8321705493730854,0.8342795642357651,0.822440503588996,0.8376154873337391,0.8311594644174345,0.8331263943595556,0.8292742084191809,0.8267813254427561,0.8252691659869121,0.8308290644798495,0.544987612140052,0.5457078644225924,0.4853743583010386,0.5359806471266477,0.5522787071310276,0.5372139787282547
0.795,0.795,0.795,0.5850202429149798,0.59,0.59,0.59,0.040374488004681,0.8072287117717811,0.8067740844226903,0.8245448037884598,0.8111113467574544,0.8380294891883887,0.8298766145915253,0.8257354034438854,0.805952321055226,0.8345471882277157,0.8175556498185861,0.8159801778928488,0.8219465790569955,0.8251633875712864,0.8288092387450334,0.8287845215204264,0.8056475644302661,0.8178297764002491,0.8157044691877928,0.5517839533726371,0.5295065402386758,0.4988111506863441,0.5292569283532513,0.5595532047598059,0.5385469662081525
0.87,0.87,0.87,0.7180043383947939,0.615,0.615,0.615,0.0446650124069478,0.8496421700287407,0.8424005446078141,0.849319934218388,0.8402741251190379,0.8665387572129742,0.8323236466129557,0.8545399246863463,0.8439654737802715,0.8590771665577336,0.8414518390897975,0.8462381275518088,0.8409036073471755,0.8518629542305899,0.8298451888187899,0.8545725696844838,0.844904726424164,0.8565982366791197,0.8434034739568936,0.5700119287737208,0.490715198361031,0.5187838338538217,0.5000128214068521,0.5786541319248343,0.500915601362764
0.89,0.89,0.89,0.7405660377358491,0.6,0.6,0.6,0.0420308945036521,0.8272506572099149,0.8273357626100133,0.8143159171082869,0.823933944423271,0.8266944314849982,0.8164135627935141,0.8184880608548109,0.8272798375424749,0.8160689443793102,0.8238912379563186,0.811695865650462,0.8260724597113744,0.8129451791592195,0.8134907539264747,0.817523419001844,0.8293484724503628,0.8295522644192421,0.8262044770326925,0.5658849668314467,0.46825573677611876,0.5147204983678446,0.4856601587146092,0.5735093396142398,0.4853254850388776
0.875,0.875,0.875,0.698431845597105,0.66,0.66,0.66,0.0538472241547238,0.8471009014358553,0.8345736172266589,0.8466495995357257,0.8326586424093149,0.8606373777484445,0.834647419306356,0.8506087849141382,0.8271764415496081,0.8560114410430141,0.8394804054474481,0.840058915644402,0.8419035266065287,0.8510804849329081,0.8308217279997124,0.8487941565526609,0.8308245344687493,0.8615609271610655,0.8391185267807256,0.5700681648295811,0.5137930443899003,0.5210402741822521,0.5244417583405399,0.5794189250676894,0.5194234696258528
0.88,0.88,0.88,0.7029702970297029,0.695,0.695,0.695,0.0429871352368997,0.8473192068862327,0.8389231300295502,0.8507241458009575,0.8389690820341729,0.8572096499041957,0.8381172892578389,0.8503377397216905,0.8340511697281299,0.863639942884801,0.8446572624044428,0.8428756561489904,0.8440978702209074,0.8518656055869862,0.8322081565190073,0.8570682678384121,0.837032215634242,0.8497118218484784,0.8453371886201326,0.5706751286789217,0.5156383106668135,0.5196913829617115,0.5285328726908867,0.5785337294885895,0.5245253276323407
0.885,0.885,0.885,0.7281323877068557,0.63,0.63,0.63,0.0166112956810631,0.8223206609346019,0.8287966297293792,0.8223001014250655,0.8256843883655597,0.8269735442275483,0.82604428110301,0.8208983752940794,0.8263610052462779,0.8190873978947919,0.8332071556623468,0.8097167635097765,0.8396869889945608,0.816291949326613,0.8184743054197637,0.8219123815732505,0.8244587221543102,0.8236975334576202,0.8326558311235895,0.5710710580679805,0.4775562916585507,0.522935693304305,0.4780020556626396,0.5791455061105507,0.47900404111171124
0.885,0.885,0.885,0.6915236051502146,0.63,0.63,0.63,0.0618661257606489,0.7945146540325864,0.7980685583736072,0.7838770274220483,0.7956135699360828,0.7871571803811988,0.7997266161094804,0.7977440625616586,0.7969885762845722,0.7886971806081049,0.7972568024962636,0.7916148454593513,0.7996426983328149,0.7879584374006106,0.7976713119525857,0.7901290250425915,0.7932706973288195,0.8246251771429051,0.7965097196958769,0.6025132536773973,0.497561235767035,0.6108146707737047,0.5060548720251977,0.6041470348172727,0.5031332186057353
0.87,0.87,0.87,0.615782473769765,0.675,0.675,0.675,0.0746013667425969,0.7952867308635516,0.8167730166427967,0.8070254567648348,0.813952616004938,0.8009648321789604,0.8150326735268383,0.8059725457642777,0.814678541243838,0.804832266209327,0.8140872859661913,0.7878820983930692,0.8181818850544607,0.795220468070501,0.8143713927081927,0.8086267530310132,0.8201186834469032,0.822078381556969,0.8161082816110866,0.5848405501873012,0.5382897441845851,0.5958004402588594,0.55641877472492,0.5900819102680694,0.5463437782455891
0.87,0.87,0.87,0.6540713145290048,0.7,0.7,0.7,0.1181657848324514,0.8006346273426638,0.8119889097453701,0.8008719005446268,0.8082766745008613,0.7991918366611672,0.815663664923733,0.805232339982914,0.8058021747129858,0.7994188376116353,0.8145539006776509,0.7966314663442672,0.8201072566799738,0.7928470603333914,0.8143696681571396,0.802886604910555,0.8111409255482175,0.8273749861632819,0.8152250202417199,0.5936578189638372,0.5228960818701399,0.6099224940826187,0.5291236412621338,0.5971564890286528,0.5301163142060293
0.855,0.855,0.855,0.6222974733003386,0.71,0.71,0.71,0.1559953434225843,0.8068550230505444,0.8173048048391649,0.788505757562766,0.8189589600418441,0.7880266188129805,0.8186292916919674,0.8112914024051815,0.81507934086845,0.7805987445399454,0.8223386655029225,0.8029735757190908,0.8279051765942692,0.7910345072125441,0.8174297219054424,0.78490907576171,0.8215781702951267,0.8258754198612344,0.8239883927076015,0.6169226759816613,0.5661332423129335,0.6321446763162606,0.5664546678075925,0.6214439202869754,0.5688972010851356
0.86,0.86,0.86,0.6175385876246414,0.735,0.735,0.735,0.1734248284466625,0.7985193314858408,0.8123855988315787,0.7833003004349444,0.8073980240768378,0.7883058874662607,0.8070475468345886,0.8055297520656793,0.8036157343538195,0.785113329988416,0.8083741746014632,0.7918597399013108,0.816161610465738,0.7857473054472854,0.8039728162543323,0.7867308299793542,0.8188905757679026,0.8318154746550307,0.8108941222552992,0.605299748678886,0.569617967726119,0.6229107692498042,0.5714969377515888,0.6118364549224883,0.5786521711650596
0.845,0.845,0.845,0.5996900826446281,0.71,0.71,0.71,0.2242878159689716,0.7943196017367482,0.8002795603152798,0.7897607529129529,0.803005891706137,0.7991331827161575,0.8161424426363143,0.8091815560576727,0.7924688816945998,0.7991180863384153,0.8142956168316309,0.7979414293082249,0.814692321737343,0.8019981232935548,0.813075904240067,0.7959094634013993,0.7970364049259429,0.8258739944678509,0.8083144121577702,0.5426046328196777,0.47394887870792596,0.49813142996698845,0.48285033762645435,0.5531594862814376,0.4907862921372289
0.85,0.85,0.85,0.6052631578947368,0.765,0.765,0.765,0.4015788133435193,0.8220674792116333,0.8309824382249286,0.8190177883613362,0.8252223909606146,0.8267303282738077,0.8256713896368214,0.820189333685807,0.8245738969149501,0.8243293659711172,0.8282108263029985,0.8199410638395552,0.8243524719001692,0.8253719146473352,0.8227419968706735,0.8323194912623639,0.8282926143405053,0.8064496522543773,0.8305601572385205,0.6256184119338637,0.490600928496166,0.634490669682969,0.498497561976859,0.6335245054945587,0.5037822497959122
0.875,0.875,0.875,0.6852178292621506,0.76,0.76,0.76,0.4199395770392748,0.8266665814077471,0.8345931600587038,0.8193654335685961,0.8279525520041836,0.8295747179991392,0.8273065452715367,0.8226874492633157,0.8300634947945728,0.8160060661925552,0.8344924979849833,0.8164518247947455,0.8326534549072552,0.8287017821887489,0.8235362027141736,0.8298452438508357,0.8301828887671395,0.8122440663259091,0.8308021453579453,0.5550943702794789,0.4686119158320653,0.5098342435157799,0.4744471286332215,0.562286902389686,0.48702785059267717
0.89,0.89,0.89,0.7177677998717127,0.775,0.775,0.775,0.4698397737983034,0.8375009606605768,0.8456352387721459,0.8235708602521233,0.8401540334512535,0.8217283912932538,0.823306791797864,0.8264504741653899,0.839334118322602,0.8163359179429968,0.8342567349019444,0.8290092711130184,0.8329671869404737,0.8263254005324235,0.8211231811818932,0.826496269214506,0.846730132705172,0.8463025248492863,0.839310398920179,0.5620234310374014,0.4511482461175,0.5145906715370511,0.45874353502813003,0.5715889109460717,0.4550945874945245
0.83,0.83,0.83,0.5671546785486951,0.77,0.77,0.77,0.4982000654521653,0.8258256564065131,0.8203737235496162,0.8104517187239341,0.8116628186911283,0.8102840613180895,0.8055914549297678,0.8262680068971509,0.8126487071758554,0.8169897003258879,0.8140270976379753,0.8269099027175418,0.8073176606408663,0.8177690341112933,0.8051424210343223,0.818869528562394,0.8131969188540863,0.8175485931719112,0.8121674670047506,0.6446950071468627,0.46591437892192117,0.6458649719113201,0.47071279456940956,0.6461641193121305,0.46600349134080016
0.81,0.81,0.81,0.5647692131485511,0.785,0.785,0.785,0.5410885805763074,0.8352802360728523,0.829900230245175,0.8317440404718279,0.8263749969446339,0.8381228521399098,0.8238261792600221,0.8288499139997972,0.8216363632645185,0.8296608852132806,0.8316173273821479,0.8274597510631615,0.8315806725829011,0.8387029028683297,0.8210475668898878,0.8433204817605928,0.8228076980028614,0.8325407049952507,0.8301479093795854,0.5629442084892702,0.45184179070109104,0.5164153479061935,0.4592444588884798,0.5712308401287111,0.4577127669723595
0.83,0.83,0.83,0.6122262773722629,0.795,0.795,0.795,0.5850202429149798,0.8251771537081375,0.8164025689343367,0.8079029628473368,0.8094796903621753,0.8172192597930219,0.8176177331907791,0.8238452751371756,0.8099302639636293,0.8155088454640257,0.8217692082716939,0.8313669773059694,0.8204253466461324,0.8178641983036697,0.8137881691039829,0.8093028875729839,0.8057750918758079,0.8269979571084054,0.8157505027551805,0.5776992152835876,0.4768946597526941,0.5289672573023831,0.4790794835860418,0.5836557124021843,0.49040674744477714
0.85,0.85,0.85,0.6572212065813527,0.87,0.87,0.87,0.7180043383947939,0.8221249821496637,0.8058064952987711,0.8307885947686168,0.8089411020740864,0.8292762555110591,0.8138755138063176,0.8283419989998033,0.7997717934475929,0.833043713158211,0.81910921904039,0.8267782008540816,0.8160339876368737,0.8199379706079793,0.8125028986801589,0.8263829086326427,0.8061116299131191,0.8193605964508748,0.8162691538342159,0.5771368702566064,0.5529996248505088,0.5269868061212843,0.5374862524489858,0.5831091920419644,0.5297130233060809
0.83,0.83,0.83,0.6296699705914388,0.89,0.89,0.89,0.7405660377358491,0.8295766085172935,0.8191294357292399,0.8258192732951526,0.8221737790129691,0.825763158387162,0.8125448383468402,0.8331302336519985,0.8189755643201629,0.829666162064136,0.8289389576198575,0.8324301160505879,0.818478731720197,0.8207163159349994,0.8094174272645839,0.8243271540876292,0.8185524384268847,0.8256536130835131,0.8245335022403538,0.5991390873379094,0.6012144664903816,0.5459169349426408,0.5880261388688724,0.6086213481053979,0.5860990643673589
0.815,0.815,0.815,0.6067176870748299,0.875,0.875,0.875,0.698431845597105,0.7663807307689839,0.747318205275853,0.7680463792034415,0.7550242814921585,0.7611453923598506,0.7602402639552809,0.7774630704127226,0.7506365679933567,0.7704880703341839,0.7610534824954137,0.773951932000329,0.765054610920067,0.7618418063519823,0.7560715485502486,0.7609140832278508,0.7541740628789808,0.7579140516372992,0.7571267970403348,0.48889423360549594,0.5339982150335498,0.4431244937623158,0.5149809472145462,0.4951328460056885,0.511498960717697
0.8,0.8,0.8,0.5876288659793815,0.88,0.88,0.88,0.7029702970297029,0.7636813615210357,0.7489751612854162,0.7682691366365358,0.7501880636820081,0.7639507535885082,0.7587224218686323,0.7756777635700888,0.7474826370723214,0.7642525453786849,0.7562967120941043,0.7706493584997236,0.7603578493405131,0.7603164795325601,0.7553227042153117,0.7579936850608052,0.7501734011211901,0.7664066152837741,0.7520696704056649,0.49061951491760575,0.5348535153738512,0.44622097752348183,0.5143257665657768,0.49729311978749513,0.5147667598814274
0.805,0.805,0.805,0.5983522142121525,0.885,0.885,0.885,0.7281323877068557,0.7302043008484214,0.7285216510750988,0.7365021518999779,0.7378930806783751,0.7351548087532213,0.7409764996739033,0.7514298753478255,0.7300336721074221,0.7290593928432696,0.7420791683751999,0.729603806882731,0.7471269767486054,0.7336378849318189,0.7407249118512004,0.7295292723468878,0.7321863518156462,0.7452021999529151,0.7401176689185295,0.48818558994504424,0.5211173590949788,0.4567040530763541,0.4975194679287936,0.49773000562667935,0.4983745731263549
0.85,0.85,0.85,0.6667036995889346,0.885,0.885,0.885,0.6915236051502146,0.729432422334572,0.7105101791053154,0.7200118373287006,0.714015016221865,0.7246220513084629,0.711896765418239,0.731192938414047,0.7075279160111243,0.7167448928036644,0.7149792561981646,0.7257101269783285,0.7162409091493697,0.7157570115337213,0.7159156166475592,0.715666942757797,0.7135220771685681,0.7206209821007146,0.7163757793628012,0.4756495322005533,0.4327475727036099,0.4534211140120175,0.43266568609044376,0.48442900270476946,0.4383903381806682
0.805,0.805,0.805,0.5063291139240507,0.87,0.87,0.87,0.615782473769765,0.6458825246487307,0.6439968017941494,0.6386554616474515,0.6504862971744473,0.64215192236788,0.6648428739739803,0.6779685649727205,0.6508353384256177,0.6332631597229339,0.6591054112136425,0.6486318052766342,0.6624422874640888,0.6526450580534167,0.6748323522052246,0.6334536703801172,0.6519623603881857,0.6757544292866965,0.6598075086585118,0.4776764213974432,0.27305368043737305,0.5170776492424494,0.28632618188854997,0.49059920367890547,0.2998795252571491
0.78,0.78,0.78,0.4117647058823529,0.87,0.87,0.87,0.6540713145290048,0.6141616175085084,0.6131541907843785,0.6368564428002252,0.6221333718831707,0.6453454037755374,0.6274550805673083,0.636220400525683,0.6184478975138099,0.6375458917303876,0.6306953760941848,0.6188331176403584,0.629226503871155,0.6455982441444613,0.6337319787495682,0.6371828256118469,0.6228331726737973,0.6442517845084509,0.6319671328867956,0.4844328631508039,0.33827959048534584,0.492687712065485,0.3473584343023011,0.48822040542706474,0.34683864349725163
0.745,0.745,0.745,0.2726754135767256,0.855,0.855,0.855,0.6222974733003386,0.682110364200121,0.6676924634486886,0.6288186610688316,0.6684144148518296,0.6288208488421622,0.6677004541673746,0.6915984537419122,0.6774258891245217,0.6384256112243506,0.671381841733654,0.6854347898652705,0.6702409311445997,0.6276579677604509,0.6709612666649695,0.6228252060444933,0.6718919312549275,0.7256170855785014,0.679213603060227,0.36387229943103255,0.3398499468179488,0.42431565154975776,0.3466887978281364,0.3699042599139454,0.32944847414256695
0.65,0.65,0.65,0.1613753444351263,0.86,0.86,0.86,0.6175385876246414,0.6589736359877227,0.6757408034064923,0.5852601985541895,0.6781068880647115,0.5837827905804913,0.6737558877794014,0.6585770671223324,0.6825929257028367,0.5878877170167818,0.6819248231307491,0.6409281967060795,0.6857280302231279,0.590971035367528,0.6774271525183798,0.5842803360286586,0.6765437813571626,0.67730611844612,0.6884881158108144,0.30290348308307447,0.3539815920713014,0.3469015969077059,0.3585729146275024,0.31050158716092485,0.35705297296476496
0.615,0.615,0.615,0.1067285382830625,0.845,0.845,0.845,0.5996900826446281,0.6468986248761944,0.6848594212528557,0.5791863081629448,0.6816124057309441,0.5833221834672444,0.6736292573447703,0.6518596193359822,0.6911076016752599,0.5935373482834346,0.6852913183150744,0.6335815456416791,0.686234305746616,0.5916133691532445,0.6808906381684029,0.583358885559988,0.6811939127383578,0.6903225408354698,0.6866607812142551,0.26745946352276107,0.24501017539852057,0.27116598001534425,0.2553461676749665,0.27005676267560014,0.2638476408700273
0.64,0.64,0.64,0.1408114558472555,0.85,0.85,0.85,0.6052631578947368,0.601292395517685,0.6111138913086795,0.5849038107459911,0.6111661979308024,0.5755875158531725,0.6171165087881472,0.6022431670942442,0.6163306379503061,0.5787493991305411,0.6170814827332685,0.5757219588863288,0.6166092889561581,0.5715928867934909,0.6219921360027408,0.5773435837819839,0.6199848369154651,0.6036667010458248,0.6167140259574764,0.266248877524895,0.23204237784718634,0.29655134512901876,0.23526068277103146,0.2664087601218242,0.23055678547105687
0.555,0.555,0.555,0.1522194703753094,0.875,0.875,0.875,0.6852178292621506,0.6358039261164743,0.6441383364800187,0.5755435875986192,0.6467913969908532,0.56681244130076,0.660582256560948,0.6334208063786446,0.6503397654795009,0.5726612287951504,0.6560406201182633,0.6118526177793144,0.65923031764894,0.5672447363272148,0.6684968058301886,0.5691926597782082,0.645296994253569,0.6613179755918476,0.657239233624262,0.3572324729703344,0.3589401412911524,0.41841057404700704,0.377696519951454,0.35888003199046253,0.3658141905187344
0.61,0.61,0.61,0.2523006134969324,0.89,0.89,0.89,0.7177677998717127,0.628059656222851,0.6391074958064759,0.572562761134248,0.6428473753723187,0.565854393175307,0.6643384035483351,0.6398405473274369,0.6446792272678454,0.5784135756772194,0.6616142865389197,0.6280235569684451,0.6634945676800551,0.564521982789884,0.672076945403837,0.5675053001606165,0.6431317509027027,0.6592177383218603,0.6554738830225995,0.5066535530098215,0.4322484460234303,0.4986538264275323,0.43541080706128926,0.5046410493750799,0.42957060895360816
0.635,0.635,0.635,0.2862729761439186,0.83,0.83,0.83,0.5671546785486951,0.6276740457259365,0.6362731572147344,0.6063653042557539,0.6439458336236712,0.6079609040090893,0.6710265713101526,0.6589376606718116,0.6411832741725021,0.6106261858496694,0.6626761170616823,0.6236511749128816,0.6654049730211322,0.6143720994249717,0.6807750207867035,0.6018988521948303,0.6385516236201205,0.6664538429155805,0.6545378876927175,0.5105824571631743,0.38398503567530307,0.5281060326907311,0.39134292232451245,0.5179654369259443,0.3869278963505736
0.705,0.705,0.705,0.369792779320658,0.81,0.81,0.81,0.5647692131485511,0.6526205528928435,0.6663973222454533,0.5870159834477903,0.6755880449188316,0.5836677158310972,0.6794034211017046,0.6742833875120157,0.6766863948067643,0.5889226997924747,0.6823569070978676,0.6410832627840114,0.6882567209689756,0.5934391839505448,0.6852178095636766,0.5829430419681064,0.6748661363882728,0.668984338819293,0.6835481726369027,0.5021518680219177,0.3805893832641122,0.5205540280757361,0.3905914502913492,0.5076623311275607,0.3972828084078268
0.735,0.735,0.735,0.401805869074492,0.83,0.83,0.83,0.6122262773722629,0.646222450777132,0.6730473577892057,0.5775939338059282,0.6761567465973055,0.5809298665377495,0.6777426310702943,0.6576444885034096,0.6818274645373837,0.5775858729767461,0.6799384002635354,0.6378458996037675,0.6887947297380161,0.58224990578359,0.6837048322300493,0.5777658862254289,0.6836133648831164,0.6657040902998281,0.6854311931582393,0.45701875411325693,0.36632926575582386,0.4713423223987629,0.3756010000536955,0.46565058725327096,0.3816127828734711
0.735,0.735,0.735,0.4120257377412912,0.85,0.85,0.85,0.6572212065813527,0.6343637866672319,0.6556540318648691,0.566478803107143,0.6553159932995517,0.5682672585786803,0.6616000339194806,0.6413938096210797,0.6607215102183223,0.5554509754133348,0.6649313805379223,0.6183060462837898,0.6702864422391692,0.5761056690232798,0.6716293078758145,0.5664578342360548,0.6543171808432214,0.6357327318981781,0.666814461233067,0.48353516296476723,0.3736091099495224,0.4885696281950027,0.38569549966454486,0.4858097145617561,0.40152520036208933
0.685,0.685,0.685,0.3433395872420263,0.83,0.83,0.83,0.6296699705914388,0.6194616745848018,0.6351041758332253,0.5505132878029746,0.628261090240388,0.5543438419950751,0.639783655580189,0.6290182732723599,0.6385003723601577,0.5486343270329544,0.6403691097370603,0.608929603424772,0.6411535827932371,0.5640674720913915,0.6496281719767776,0.5529103042221183,0.6336269372805077,0.6378652565866595,0.6395730817870785,0.49572694031366404,0.3923180501786777,0.5008344155310822,0.40541642336338607,0.49665568008572475,0.4245119378174706
0.7,0.7,0.7,0.342969776609724,0.815,0.815,0.815,0.6067176870748299,0.6332605463289893,0.6418296793620148,0.5628198543614676,0.6389110865162071,0.5626909320421845,0.6569603620751244,0.636294169835955,0.6481611092481991,0.5622237104214124,0.6553642373201702,0.6167696713423073,0.6563471891766245,0.5733610009980359,0.6649471235494476,0.5594660566624391,0.640491448931483,0.6351759383912434,0.6530657626167875,0.469548025340206,0.3951289812573941,0.47906668924682655,0.40259548474003376,0.47162420015888956,0.4138445149227471
0.705,0.705,0.705,0.3117125524965002,0.8,0.8,0.8,0.5876288659793815,0.6203007635497677,0.6156023955646984,0.5490703939945838,0.6189825182641133,0.5601143360595113,0.6422425320329881,0.6287067474702718,0.6162638891505635,0.5528817769339891,0.6303099113220004,0.6002784005625006,0.6392248969205159,0.5640221452485285,0.6489418773849327,0.5523304978226269,0.6086132572924586,0.6254578598649697,0.6279916851954509,0.4478212162112177,0.3749781471746022,0.4532294873870876,0.37865421022975826,0.4475348322873386,0.3898932337303398
0.72,0.72,0.72,0.4141646615754786,0.805,0.805,0.805,0.5983522142121525,0.609873206715783,0.6100844679720105,0.542440640580673,0.6104489387985086,0.5468006909204842,0.640685783276035,0.6223793615281507,0.6108789151127761,0.5435022574042032,0.6252203584183922,0.5930471171381172,0.6368618861144908,0.5558315805232805,0.6476698888156948,0.5393204643020866,0.6067126241749528,0.614962903324341,0.6193057842548548,0.44223668072880057,0.3990562848488006,0.44972422354307195,0.4061300142008183,0.4443241876281498,0.41377087499789134
0.735,0.735,0.735,0.4296168747309512,0.85,0.85,0.85,0.6667036995889346,0.6230060371427153,0.6322621319727091,0.56486958860202,0.6337723942069313,0.5578333817878376,0.6487586912570953,0.6319858876807671,0.6400414354878412,0.5645088147054376,0.6393759388496261,0.6082399706014799,0.6468413273184618,0.5615638711449308,0.6519079905959069,0.5609304965898408,0.630754407997058,0.6403844728622965,0.64155613167004,0.44496416286301527,0.4136535703951977,0.451784276785223,0.4244231337789293,0.4485287058270112,0.42237484458705293
0.73,0.73,0.73,0.4308000421629598,0.805,0.805,0.805,0.5063291139240507,0.6443678486639369,0.6364418069300996,0.575017498711779,0.6364660948832519,0.5679919799185436,0.650748885677062,0.6456761156825096,0.6401990291726063,0.5688767292636666,0.6467441452533401,0.6189860616258728,0.651423450056953,0.5731136024626748,0.6566978398845921,0.5658593475413018,0.6342474335540605,0.6512977486447032,0.6412166796396082,0.42559261490052247,0.37483794149116395,0.47311547379696667,0.38330106785185636,0.4264454870133978,0.3914546214644227
0.785,0.785,0.785,0.5227524972253053,0.78,0.78,0.78,0.4117647058823529,0.6448743943503373,0.6563643617501462,0.5668240618298139,0.6537741997183405,0.566859248912481,0.6588841564165033,0.6437673964210016,0.6602772486667842,0.5675329471531263,0.6629044591216686,0.6254718292856603,0.6654845456611224,0.5723119304647645,0.6608912837928949,0.5617019987093456,0.6575412456619533,0.6785006495105249,0.6601667116889608,0.4234686288636426,0.4174236589557345,0.4833037225173514,0.4193788599204239,0.42597113371285616,0.41910365721566245
0.81,0.81,0.81,0.5649685174585002,0.745,0.745,0.745,0.2726754135767256,0.6503025646777423,0.6525601913474169,0.5793292434002776,0.6554145547881036,0.5731447737716114,0.6532962989742428,0.6472570720404582,0.6579332253186203,0.5780313519046498,0.6592559751585929,0.63283837841963,0.6615681623363046,0.570769980117347,0.6578998948461903,0.5711019822639611,0.6535846229469349,0.671979088351534,0.6588060444526397,0.4190471115762693,0.3942731775142997,0.48512425515987917,0.39259190493116547,0.41982448298045405,0.39562274976358536
0.765,0.765,0.765,0.4646924829157176,0.65,0.65,0.65,0.1613753444351263,0.6372703610716531,0.6470385779840397,0.5629883998810945,0.6490755608423397,0.5634428357927106,0.6544145144345054,0.6429024476162176,0.6510604061949339,0.5644734627644269,0.6579835880347665,0.6235839177228264,0.6616542249685441,0.5688242787158792,0.6595145732106145,0.556529512554933,0.6527846774370264,0.6557795427289778,0.656812266045696,0.4047460815768083,0.4085070351062279,0.46719277111786245,0.40786134676489416,0.4093597955442278,0.41591716772674525
0.715,0.715,0.715,0.3491664763644668,0.615,0.615,0.615,0.1067285382830625,0.6578739493515169,0.6490894298126839,0.5921070623224585,0.6453894880933382,0.5888667828723244,0.6663660894093347,0.6696674300693933,0.6528950040451137,0.5931227670305529,0.6626418245741981,0.6347340342920315,0.6673295126017557,0.5920263749650567,0.6722587615311457,0.5902066351872057,0.6461694669638594,0.6792459215450075,0.6560509427057919,0.3983242780311085,0.3630334156230635,0.4605156445053526,0.3723370798537951,0.39926069832830663,0.38224137155740767
0.66,0.66,0.66,0.2390331244404656,0.64,0.64,0.64,0.1408114558472555,0.6510349600453312,0.6511416770058008,0.5898758597342451,0.6531959964606739,0.5942248454440665,0.6567794421945847,0.6609330625360688,0.6612618757218222,0.5881746692529106,0.6585851597475221,0.637139383277541,0.6626084191732705,0.5934973430800209,0.6625866542781956,0.5865250311293322,0.6526433404305623,0.6647688100923667,0.6614915339791589,0.3461766651035391,0.3759446723819775,0.4043606815815352,0.38587481364256243,0.35122702328606187,0.39608718258865444
0.62,0.62,0.62,0.2148760330578513,0.555,0.555,0.555,0.1522194703753094,0.619964588814407,0.6345668904288138,0.5470110772697118,0.6335184479818725,0.5441291011766547,0.6442715239940543,0.632356312119009,0.642517773703097,0.5415416799717391,0.6429994495603721,0.6065941012025647,0.6454558470937467,0.5561848091685689,0.6485748626533462,0.5345969387841457,0.6353498108535467,0.6262465324643304,0.640405251037986,0.3461766651035391,0.3843094072257495,0.4043606815815352,0.3990014595467747,0.35122702328606187,0.40764923217247484
0.655,0.655,0.655,0.3051359516616315,0.61,0.61,0.61,0.2523006134969324,0.631030198747432,0.6384042120036163,0.5541180315278308,0.6457643384023252,0.5587978799550696,0.6540374271176423,0.6407990455135221,0.6449761549627283,0.5564407451564088,0.6548502764347189,0.6159405455108172,0.6563816196117831,0.561597342647164,0.6613657640207813,0.546804637759854,0.6396011393117712,0.6531741674516734,0.6525992016460596,0.3598163958813496,0.36459675170311046,0.41713863628154463,0.3725605406912087,0.35929150375422203,0.3868282286139874
0.675,0.675,0.675,0.3096856414613423,0.635,0.635,0.635,0.2862729761439186,0.6411306443600149,0.6331150669998048,0.5536364165556161,0.6376296759755458,0.558241051477883,0.647779050429177,0.6416956194859794,0.6361827273892593,0.5563240697381997,0.645624377395647,0.6171701465183739,0.6532476659616117,0.56199284894741,0.6542779701299417,0.544479735491817,0.6311482347403924,0.6574141713337017,0.646771705459345,0.366830589290562,0.36750189672435996,0.4250210790193449,0.374531203025332,0.36615510752005564,0.38758639588373767
0.69,0.69,0.69,0.331896551724138,0.705,0.705,0.705,0.369792779320658,0.6215594489129425,0.623683559903976,0.5447545383126975,0.62697629672626,0.5475251702146873,0.6442604627334277,0.6300513860930228,0.6298323129644151,0.5473758841116478,0.6427268020213406,0.6029059885906265,0.6482045853273415,0.5533986978645896,0.6494592672909337,0.5392263192563643,0.6189766877859224,0.6532907937321524,0.6342951551830202,0.3930266236067529,0.3720674814053948,0.45360119966266055,0.3816335709550645,0.3934433606654274,0.3893381471028229
0.735,0.735,0.735,0.398410896708286,0.735,0.735,0.735,0.401805869074492,0.6277485047804832,0.6398396861514344,0.5639518174697824,0.6419287828233231,0.5564909899568901,0.6414376578992124,0.6292208029749711,0.648030830227726,0.5644042939207222,0.647467336567502,0.6053385342950283,0.6478337124447985,0.5560133990446171,0.6476231483841478,0.5590783544537075,0.6368091197714095,0.6489992111767647,0.645958191629547,0.41352236612322635,0.38144940516788584,0.46316258028994167,0.3897104996194209,0.4156335953281171,0.38919248538566187
0.695,0.695,0.695,0.3375325803649002,0.735,0.735,0.735,0.4120257377412912,0.6356590086291809,0.6268185854970775,0.5601121137371871,0.6293491632476911,0.550847041119971,0.648587821217233,0.6354056472371693,0.6351524925671179,0.5611719727223433,0.639939102081604,0.609592550446641,0.6472866001226928,0.559286491822497,0.6548964294035287,0.5547905691856329,0.6320703137011858,0.6483853823953406,0.6330450449008224,0.39273833374619865,0.32317764472929233,0.45666351894391916,0.3414016433974476,0.40059442629825365,0.34348729453635546
0.77,0.77,0.77,0.4700460829493088,0.685,0.685,0.685,0.3433395872420263,0.6655447095377502,0.6713390800876424,0.5839925388381701,0.6731251083082855,0.5716365494882583,0.6717173432186121,0.6541712067651113,0.6827077705996307,0.5756506388776319,0.6794366546733439,0.6400783029232736,0.6772903322951921,0.5753715675066379,0.6754571511630099,0.5659030690973649,0.6797892211758317,0.6583660738463856,0.6822913489698563,0.41789155228392644,0.3737419101396359,0.4777841555992767,0.3865227666488103,0.421094194336159,0.3837172665877518
0.72,0.72,0.72,0.360657609316132,0.7,0.7,0.7,0.342969776609724,0.6428177232006566,0.6562226206456362,0.5761999986323216,0.6599361379299835,0.5717099318351501,0.6682306307866034,0.6461769536179033,0.6617972664634721,0.5755858634877603,0.6709158721585367,0.6244136440384587,0.6736949201014494,0.570857406911957,0.673599345109068,0.5662570621103941,0.6603306333892854,0.6713005402464223,0.6703340787195177,0.4050967515022979,0.36758098147974877,0.4578207764761532,0.38318589067076214,0.40427420412197795,0.39763396576797644
0.705,0.705,0.705,0.2908653846153844,0.705,0.705,0.705,0.3117125524965002,0.6457546746341374,0.6594205968061168,0.5900385243689411,0.6623101540589992,0.5855866488787954,0.6706753803714376,0.6704240314792473,0.667389266947985,0.5856255429517311,0.673499547724469,0.6396831354162728,0.6760412999025929,0.593090833038334,0.6752181607978484,0.5825239019532846,0.6651311702206703,0.6741985317598491,0.6720568547538506,0.37515095489008804,0.3919356535100184,0.42655657346205994,0.4106661729651764,0.3754146188812474,0.4174500854504993
0.635,0.635,0.635,0.2194183062446536,0.72,0.72,0.72,0.4141646615754786,0.6322746584984388,0.6392808370648667,0.5832296409144737,0.6465535905665951,0.5864881904190894,0.659292284896443,0.6586841654350029,0.6520562360690447,0.5838954619323524,0.6532031417733912,0.63465545619693,0.6616971190030622,0.5934447296367485,0.6640196443295167,0.5845782917992705,0.6432677205186184,0.669307693174435,0.653878342849063,0.33753264854923776,0.31646192608253665,0.38494201420469676,0.345075975150581,0.34120321647151347,0.34675632591108657
0.605,0.605,0.605,0.2099999999999999,0.735,0.735,0.735,0.4296168747309512,0.6498659810117807,0.6726237425122933,0.58059567918996,0.6748628684672173,0.5772515540004656,0.665957665987068,0.6525668342138085,0.6822264635835306,0.5794196913175348,0.6754013406416229,0.6365931241050486,0.6796465276282446,0.578799306367073,0.6718658107925957,0.5740901521956565,0.6803306835108277,0.6517155038738562,0.6820919545822762,0.33642494549003427,0.3556743748582039,0.3964837717579619,0.3623994145902351,0.34266794787396115,0.37465142140143204
0.6,0.6,0.6,0.2122883024812918,0.73,0.73,0.73,0.4308000421629598,0.6523650271621475,0.6762870931374597,0.5777578503426817,0.6766170703723929,0.5790685366094763,0.6680621747042237,0.6625191975202275,0.6844952865254558,0.5821275602096561,0.6765242747837779,0.6420282279794779,0.6798201079024228,0.5830770045914657,0.6721446280470021,0.5748963671018616,0.6833645490310116,0.6490568942253591,0.6840600753193444,0.38839241770919614,0.3815164203630886,0.4334888951451,0.3943244477216476,0.3862994930147403,0.39545770649458917
0.575,0.575,0.575,0.2380781642165651,0.785,0.785,0.785,0.5227524972253053,0.641373064967865,0.653506067349071,0.5648330772752169,0.6602290109645865,0.5652037482777736,0.6598169208297594,0.6543395505964165,0.6616607010820225,0.5610362225322925,0.6637287323825267,0.6320288918271625,0.6661384962851219,0.5720510570547268,0.665681059785996,0.5586341369152978,0.6603847958400225,0.6454176083362966,0.6667567875553576,0.400358900236896,0.4031227301180853,0.4594663125169765,0.4048980248029262,0.39783085577718597,0.4121035225032721
0.58,0.58,0.58,0.2424242424242424,0.81,0.81,0.81,0.5649685174585002,0.6508564507483305,0.6544856895201608,0.5652040921694216,0.6685684611297397,0.5678835979156441,0.6676134466785629,0.6677956639216137,0.6634370883751795,0.5637760450321836,0.6725612376751735,0.6380472315786384,0.6761743140877716,0.5766139225482081,0.6725584579480515,0.5609300457920285,0.6608137927630335,0.643850824754429,0.6740657101394093,0.39353901886165155,0.38323677243032966,0.44767484296421056,0.388319808382309,0.39050172378735015,0.3957839549454954
0.61,0.61,0.61,0.3075898801597869,0.765,0.765,0.765,0.4646924829157176,0.6270134913998858,0.6400951841334094,0.5813810565133088,0.6507685664768125,0.5850836599838848,0.6768282790146208,0.649471799512156,0.6452272542530832,0.581170514394709,0.6660871716132958,0.6212857655703369,0.6745501648528442,0.6028034522614305,0.684628516100874,0.5790072746321596,0.641142703347135,0.6180806828744141,0.6633746975147163,0.44193683109458115,0.3923595690401767,0.44926355598672213,0.39926842034579463,0.44243177777815507,0.40016989240669515
0.67,0.67,0.67,0.381559220389805,0.715,0.715,0.715,0.3491664763644668,0.671864187108432,0.6510436090335724,0.6423049131312457,0.6611579276368696,0.6461103115866207,0.6772620071347896,0.6775367625133383,0.6603636568504667,0.6364524777339686,0.6702063216943989,0.6188728977965361,0.6770415401755472,0.6535278912418885,0.6829337359088103,0.6351757798690231,0.6540590620471572,0.6869883620232325,0.6698024918150682,0.38156372911583997,0.373551074276984,0.3234036132314413,0.3886930109802972,0.3853660427318615,0.38006493344309084
0.71,0.71,0.71,0.437930031979843,0.66,0.66,0.66,0.2390331244404656,0.6732827553945583,0.6473517277529776,0.6510863122667335,0.6577109712144396,0.6525994018143072,0.6759441977770886,0.6807979114906196,0.655085512535234,0.6486841501466809,0.6686488295974858,0.6160137707174093,0.677274210065942,0.652639877260966,0.6819167670509845,0.6457610149417836,0.6525504809439017,0.6872115549595333,0.6665314787108813,0.3921131321389738,0.38102185278297096,0.33776691896890576,0.38981912409764985,0.3954206432376928,0.38416875928667876
0.75,0.75,0.75,0.4884910485933503,0.62,0.62,0.62,0.2148760330578513,0.6750522352911281,0.6518078860949653,0.6589612876764331,0.6564579399082545,0.6609098153211237,0.6748474557698295,0.6754750843134892,0.6560309615653915,0.6567249055011924,0.6707073385785365,0.6211343224183519,0.6717543318471273,0.6532359482756863,0.6822305885781116,0.651807391242208,0.6507597271600962,0.7000350522303959,0.6663139848278086,0.4432398463341425,0.38121574636226574,0.37761192947346933,0.3897964135610491,0.44738776399454094,0.39349271097698646
0.805,0.805,0.805,0.5961896873058604,0.655,0.655,0.655,0.3051359516616315,0.6683092466913441,0.6698256188472843,0.6286744300203199,0.6796103500262967,0.629248497211701,0.6773622986064323,0.6801546687821083,0.6799625347304562,0.6279039007417682,0.6860659366257776,0.6523976125990826,0.6850778086322125,0.639227617180801,0.6841910356949014,0.6182448599414054,0.6757850851466037,0.6750570917628361,0.6844688058107022,0.4652684632808175,0.4066983646075332,0.45697417142459174,0.4035295616098653,0.504197256832091,0.4067877683170376
0.835,0.835,0.835,0.6493837654058648,0.675,0.675,0.675,0.3096856414613423,0.6873155444403042,0.672194787673558,0.6596151707403601,0.6748264945977517,0.6632190465810875,0.6803539501638456,0.6833639672979802,0.6781644897324508,0.6542098631446384,0.6855366938343389,0.6320598378866191,0.6858133827246822,0.6645083713981891,0.6859476235547686,0.6535300113320527,0.6771138829314856,0.7217278030871284,0.682407859001486,0.45162844197960694,0.38769639226631264,0.4019444796614332,0.38594897373899095,0.45960447065864546,0.39475268921015627
0.815,0.815,0.815,0.6084656084656085,0.69,0.69,0.69,0.331896551724138,0.6386481662571668,0.6561041197352602,0.5986307112653988,0.6625596056735134,0.6003837320779801,0.67583647153078,0.6495780180843895,0.6601122505071629,0.6015659623915799,0.6748834009757068,0.6286246213249178,0.6793064033236689,0.613238357515631,0.6831964452783995,0.5972744356369047,0.6581467964014293,0.6707404367821533,0.672387585514902,0.4188211038110075,0.33947374134078406,0.39996996636981536,0.3495537905108813,0.45381060890167757,0.3571862629657233
0.745,0.745,0.745,0.4395604395604395,0.735,0.735,0.735,0.398410896708286,0.6508448708933287,0.6811291507218088,0.5831535495174544,0.6790461601635702,0.5786544537678077,0.6698460727995129,0.6602325454122054,0.6876705101958003,0.5863425502827477,0.6775150893069665,0.6382988028851825,0.6827158001737968,0.5820838670265582,0.6721188834905434,0.5808698740199375,0.6852418980687768,0.646793217398508,0.6832538514689539,0.39207333879142797,0.3335627143514978,0.36961700299366157,0.33683026353066037,0.42796084885129776,0.3488912575101382
0.725,0.725,0.725,0.4150180812593065,0.695,0.695,0.695,0.3375325803649002,0.6243919535508167,0.6464912607095792,0.5608671353048073,0.6453602854896714,0.5565099808844657,0.6649001097649451,0.6460501525235823,0.6520896151402643,0.5554071046469966,0.6561904745964113,0.6164278330752505,0.6621611926329974,0.5719689751722326,0.6700176829394995,0.5565407973751855,0.6457844796596166,0.6457901349069298,0.6531733394269755,0.3542920284359037,0.34390878051986035,0.3609151575686412,0.35210041709675016,0.36021265708005945,0.3661033297649396
0.675,0.675,0.675,0.3286511051435653,0.77,0.77,0.77,0.4700460829493088,0.6285944863654571,0.6554534065446483,0.5604145309514451,0.6585124760054234,0.557919497497706,0.6577799573673753,0.6508272277632041,0.6633327912990065,0.5525337052474264,0.6613113519168901,0.6357396407536924,0.6644453451359358,0.5723464939740536,0.6642037454159229,0.5508510206411755,0.6600243078497112,0.6508567699232788,0.6671982805594746,0.4357712186378353,0.38366471938314994,0.47896354832889076,0.38937178566426256,0.4330104784832683,0.39656074823881243
0.625,0.625,0.625,0.2884250474383302,0.72,0.72,0.72,0.360657609316132,0.6212260964902144,0.6504327359711065,0.5572906855769368,0.6492376603986015,0.5536820697893323,0.6613566086625126,0.6418466122852667,0.6601242784946346,0.5567981773691476,0.6579081257116869,0.6164453675585684,0.6601101529229024,0.5701935333785692,0.664979568981059,0.5525297911472726,0.653170742718509,0.6465581475177307,0.6566892279348886,0.44001036979087105,0.3957830519137121,0.4835853597510318,0.39605153306744456,0.4370833676286657,0.4080909572654409
0.58,0.58,0.58,0.2387856819211599,0.705,0.705,0.705,0.2908653846153844,0.6375712100574031,0.6532015111350901,0.5803645811130489,0.6575220709930827,0.5731586939121299,0.6642099335227849,0.6547604469075494,0.6624309302723821,0.5816753597812833,0.6642199720351778,0.6358359470539253,0.6668569719417037,0.5788401256503557,0.6700348809404594,0.5712827973052811,0.6537844840567213,0.6632469610128064,0.6627926143473151,0.4214139078102953,0.40138416209851974,0.4718768100899002,0.3984669600425937,0.41859827455395143,0.41169596296936656
0.54,0.54,0.54,0.1920611223324844,0.635,0.635,0.635,0.2194183062446536,0.640796569173434,0.6604247230545288,0.5702005055105538,0.6659690514276772,0.5702963864310006,0.664983191300553,0.6463831110133896,0.6707390732611538,0.5716718096774134,0.6697531776586412,0.6321132692659601,0.671228211052451,0.5754797712354016,0.6690845017716189,0.5592435743798698,0.6605854145053787,0.6677225502804726,0.67164696788683,0.3983700983801474,0.3745529799666405,0.44493515399502825,0.37732785762754506,0.39478169400125285,0.38378628497887224
0.565,0.565,0.565,0.1922005571030639,0.605,0.605,0.605,0.2099999999999999,0.6532411687046776,0.6727407151095877,0.5783718245172648,0.6773263817553388,0.570932164632347,0.6703449837663666,0.6574676961741432,0.6833253727398892,0.5772452107454311,0.6798663214497526,0.6392771799530047,0.6774468848910867,0.5799656278910965,0.6717525491129582,0.5658133371510863,0.6764268247783307,0.6705243852417149,0.6823126081093386,0.38673705674241865,0.41979385438082567,0.44582886143634787,0.42631520478905627,0.38488173674422355,0.42663159924425054
0.635,0.635,0.635,0.3310117302052786,0.6,0.6,0.6,0.2122883024812918,0.7136566521525317,0.7158829207901584,0.6995532950277893,0.7190874274079717,0.708117572973622,0.7222584112455961,0.7243059541846597,0.7133999638406636,0.701420767887936,0.7247608714807282,0.7075662367783818,0.7214834823300078,0.6977483656318424,0.7238008827163828,0.6836834386770189,0.707835482921046,0.7147574493906197,0.7222222105528894,0.5767702755799433,0.4928423396018129,0.5716484314793566,0.4713268276232835,0.577959837478986,0.4769968546853112
0.655,0.655,0.655,0.3552606989347786,0.575,0.575,0.575,0.2380781642165651,0.710989195264118,0.7188480254391866,0.7059334500433189,0.7211030256872107,0.7094951129892233,0.7235961771478757,0.722326309184155,0.7156423639981848,0.7036945451373391,0.7267201221328665,0.7039962256722142,0.7238298621311513,0.6920263609445104,0.7254196984051631,0.6916050078248815,0.7136825786754435,0.712311711358605,0.7221727178691211,0.5634261850094718,0.4614072703225618,0.5586105154205493,0.44731416515747946,0.5666796739380268,0.44073605468637056
0.695,0.695,0.695,0.3844601412714429,0.58,0.58,0.58,0.2424242424242424,0.7161425460115509,0.7126857495700465,0.7130274700398814,0.711238215456521,0.7234037827478554,0.7182671181892196,0.7406570431261411,0.7061736844156208,0.7150441936180483,0.7175239172069962,0.7116663211372062,0.7165160821200732,0.7107252400059492,0.7246708540702261,0.6937874306571077,0.7081807411450723,0.7066027280669636,0.7149995051002508,0.5676468216373837,0.49551325568684074,0.5166062066830039,0.4954134336104239,0.5750964651737998,0.4987246075510748
0.7,0.7,0.7,0.3946731234866828,0.61,0.61,0.61,0.3075898801597869,0.7129086930795897,0.6948435096592334,0.7068384965418778,0.6937168230118089,0.7209604681944586,0.7083931167656516,0.7419924333932136,0.6925338380181849,0.7112613988944737,0.7018185347330075,0.7107899034576437,0.707021910856094,0.7095888307253959,0.7142531948172539,0.6900640980911218,0.6914431705024583,0.7026395826018276,0.700031470923439,0.5805652473796845,0.4606023616268744,0.5292122947519509,0.46035672018541235,0.584657277553022,0.4537338698941629
0.67,0.67,0.67,0.3430874888026276,0.67,0.67,0.67,0.381559220389805,0.6955991477653498,0.7010879023960385,0.6833170548757347,0.700420995645431,0.6975995900519348,0.7176879959321757,0.7083427833126803,0.6948145370552526,0.6827021671351977,0.7106475731644781,0.6940500201765586,0.7138095076607962,0.6882278361869915,0.7226464905940623,0.6692597789592554,0.6967142508984422,0.7035844031423572,0.7067211684656469,0.5743994851414185,0.46580672499632114,0.5010739620147597,0.4678496337488274,0.5746907598019229,0.45995127467362174
0.635,0.635,0.635,0.2878048780487805,0.71,0.71,0.71,0.437930031979843,0.6320970780959185,0.6438015665227748,0.6767603005197034,0.6417480769432291,0.6913757731179925,0.6618557771332934,0.652231150721776,0.6386157173982707,0.6751749585893116,0.6547018782871564,0.6304051118843745,0.6555425461832224,0.6843434270023299,0.6645811472064936,0.6641260766919129,0.6368915688001854,0.6225485612733991,0.6486478462218878,0.6364190353569741,0.4381080734190682,0.6213182938428647,0.43720779590764364,0.6334966609541767,0.44538782683865985
0.62,0.62,0.62,0.2484177215189873,0.75,0.75,0.75,0.4884910485933503,0.6414712280556711,0.6413790273352674,0.6872923979356397,0.6394831649326339,0.7085061107140038,0.6618557771332934,0.6672212768374853,0.6330984758723723,0.6895613664621494,0.6522597162828745,0.6431553198250117,0.6557793246856666,0.7039832317229381,0.6645811472064936,0.6721890806415648,0.6325140606943148,0.6252054801599795,0.6481194696868686,0.636985519180241,0.4389546031811536,0.6215150607111831,0.43547756052065856,0.634802076569214,0.44069099346826784
0.555,0.555,0.555,0.1161866931479641,0.805,0.805,0.805,0.5961896873058604,0.6365592255383995,0.6480152413121759,0.5610721217123118,0.644148940497535,0.5666104356978021,0.6533564472801957,0.6364028364469073,0.6535481584225363,0.5688127198092071,0.6556535944617237,0.6236107185066159,0.654721026940056,0.5752811831910399,0.659008001630379,0.5598195890624297,0.6401948132100321,0.6650099218381469,0.6542705339690259,0.4441400520505004,0.3722839455767559,0.4852047739632772,0.3827760656568934,0.4403957095981702,0.38538793132830385
0.53,0.53,0.53,0.06,0.835,0.835,0.835,0.6493837654058648,0.6269621864246485,0.6430626087754125,0.5545544643918533,0.6438242446213426,0.5635734913546647,0.6535155196749034,0.6350688984834283,0.648625224869648,0.5655412592484008,0.6543526966390634,0.6164605713163102,0.6561583256014525,0.5707811241184598,0.659572131967927,0.5544971045402531,0.6356598023023351,0.6634235803803133,0.6530729805582042,0.3790585886765851,0.3679327181793973,0.3903940471265986,0.37851726888617737,0.3766724661081503,0.37970720543767045
0.47,0.47,0.47,0.0734265734265734,0.815,0.815,0.815,0.6084656084656085,0.6302684284670522,0.6403572453465238,0.5600552388394084,0.6402158046905845,0.5651610721155336,0.6500543504932779,0.6401723125525002,0.6448156606316003,0.5670987190807093,0.6498926717797169,0.6298087981102534,0.6514940586450778,0.5755244560309067,0.6579248835440515,0.5576427096506421,0.6351814065620104,0.6347136499949276,0.6475566026486637,0.358415650870883,0.3516211004393059,0.3751627626782171,0.3630330337493787,0.35943163228271446,0.36623251422044034
0.51,0.51,0.51,0.0858208955223879,0.745,0.745,0.745,0.4395604395604395,0.6224221465439376,0.6444253561219417,0.5553031655299863,0.6494655650151738,0.5558224618003679,0.6575240265034653,0.6403241165976096,0.6564854038991949,0.5520208214587617,0.6553683799965883,0.6203206939162115,0.6609148181073311,0.5626141444126758,0.6637316994934455,0.54513514024342,0.6526643669437718,0.6435843522477237,0.6588621008026261,0.30024512030146927,0.34600286703638566,0.3374535852706171,0.3597526572322229,0.30762990652903843,0.356163552686155
0.47,0.47,0.47,0.1005515485787017,0.725,0.725,0.725,0.4150180812593065,0.6297911138607578,0.6499826244163687,0.5646750768236243,0.6581067382887881,0.5616560316233257,0.6587320613222877,0.6379668552716903,0.6629548720067074,0.5578344879275501,0.661996241033334,0.6191111953156188,0.6620823192259296,0.5714938757246969,0.6631885926630416,0.5528783145553633,0.65448118582554,0.6617698935090183,0.6615655757280626,0.35131318814022816,0.3969329248552776,0.4060044202165873,0.40437137594779343,0.3546240485542841,0.40714457181939523
0.49,0.49,0.49,0.1087811271297508,0.675,0.675,0.675,0.3286511051435653,0.6512479438452018,0.6648772504544107,0.5758402049968512,0.6671382152837019,0.5737161480827181,0.6661870939845653,0.652722906871188,0.6763544326508354,0.5775548413384294,0.6732117369628041,0.6340462663499871,0.6725378999026075,0.5749352902461847,0.6729773483910485,0.5688732886017094,0.670377346935891,0.6626448766457415,0.6734347382627495,0.3681825207206604,0.40971027262968107,0.4240833508628375,0.4136880257744461,0.37288996942171093,0.4158774354341452
0.42,0.42,0.42,0.0647424010320083,0.625,0.625,0.625,0.2884250474383302,0.6319352870489838,0.6425135424627575,0.5507746182286422,0.6511718970174631,0.5566799985257186,0.6703295735335809,0.6478672760499062,0.6528906755647785,0.5580766894206802,0.6591991134775946,0.6241970018145948,0.6665006761791032,0.563309815896061,0.6784318191925516,0.5463705490772894,0.6514623541421056,0.6478921701109345,0.6601703865003613,0.31314694516914077,0.3578469740601325,0.34902668655546065,0.36503985107865644,0.32358889014806114,0.36745663507491844
0.405,0.405,0.405,0.0607734806629833,0.58,0.58,0.58,0.2387856819211599,0.6452535190929539,0.6571735994278752,0.5723161224681457,0.6652632940485294,0.5785346397310799,0.6661810640727572,0.6529206282282474,0.6701036112001773,0.5761837413677463,0.6680380612447939,0.6367577461158811,0.674476399298953,0.5797991971125203,0.6724331485795798,0.5681219418844828,0.6674912365225307,0.6570588510833353,0.6693726890021962,0.293673320423376,0.36428196894352916,0.3300115652628011,0.3753043691885344,0.3025564698711759,0.3800220895783413
0.37,0.37,0.37,0.0557553956834532,0.54,0.54,0.54,0.1920611223324844,0.6439695905550088,0.6800973027649451,0.5803436798696047,0.6773569030525391,0.5837480006291448,0.6677412255429387,0.6540072645725643,0.6923820541176842,0.592189466495252,0.678716019198682,0.6405363005266057,0.6821779084203375,0.5809782321795521,0.6724422823585838,0.5807518258264646,0.6874055550940208,0.6666088777115866,0.6858702249807294,0.2842901931375967,0.3498011550871243,0.3102560255547431,0.3511747828205489,0.28877699131298723,0.36251999320975486
0.38,0.38,0.38,0.0803233701698433,0.565,0.565,0.565,0.1922005571030639,0.6708863188079697,0.6672230021900567,0.5948287461465279,0.6696723967941529,0.5928186225306525,0.6672546975976306,0.6769925651147276,0.6822346019709135,0.6032942511190932,0.6697891372805012,0.658014427162943,0.674712686961866,0.5920710786315668,0.6737410446005221,0.5895413944121861,0.6720557951881692,0.6601472739681329,0.6722988242510773,0.32852473214673233,0.3212706737809021,0.3780843018664155,0.3393057582506462,0.3248707838365171,0.33178928297843346
0.39,0.39,0.39,0.1043242052712721,0.635,0.635,0.635,0.3310117302052786,0.6641708646299013,0.6809659280766953,0.5930253318866876,0.6842696783683194,0.5967716200911135,0.6676496835821228,0.6672361925716,0.6915261276996746,0.6007653917502145,0.6791630532411292,0.6466719436497623,0.6788873739772663,0.5942164847473673,0.6740914916500141,0.5885912225080998,0.6868524715738187,0.6808853509794862,0.6853184423279565,0.336232678745676,0.28723576023970204,0.3935609326923697,0.3098285988496922,0.33612694397514953,0.3153676827674898
0.475,0.475,0.475,0.1214859437751004,0.655,0.655,0.655,0.3552606989347786,0.49200946158795056,0.44007439246507335,0.49563995912761755,0.4532490088763234,0.4932368021559887,0.5021742062620693,0.5259901071550309,0.4478847804037525,0.4910539753061253,0.46525475726455096,0.49583533193140544,0.46997693514149247,0.5019032379970253,0.5097853915825471,0.48104097169788507,0.44597759858723435,0.48503799952683846,0.45321234178938274,0.22080743208732778,0.12677778543694895,0.21176483069804183,0.10994804433942579,0.2287587830488469,0.1139141500834488
0.49,0.49,0.49,0.1396761133603239,0.695,0.695,0.695,0.3844601412714429,0.5001476111513986,0.440916887028805,0.506145539689635,0.4538857346444023,0.5016644549251658,0.5021742062620693,0.5243147979811326,0.44493889605354436,0.5029518357314957,0.4655989171391453,0.49949428413459646,0.46997693514149247,0.5056922666690367,0.5097853915825471,0.49120778913648744,0.44140475916591565,0.49781189131393283,0.454328296295222,0.21011643474421807,0.11253214767581812,0.20302781973347933,0.10912497279123187,0.21798745313094678,0.1128870468007188
0.49,0.49,0.49,0.1431451612903225,0.7,0.7,0.7,0.3946731234866828,0.49877384908655814,0.43726876969815043,0.5146413067241467,0.4484994669775636,0.5080929636466377,0.5010320095496531,0.5245025165467262,0.4371513284699355,0.5005721401514169,0.4647195333793461,0.5017051440265262,0.46978421075049814,0.5039331677815903,0.5097853915825471,0.4879721755709294,0.4375280158900608,0.4965799560171919,0.45029768756632965,0.22379523893892642,0.11017466697653885,0.2120660807465684,0.11110203784043478,0.21934171330959593,0.10729946035646136
0.51,0.51,0.51,0.1590148459624131,0.67,0.67,0.67,0.3430874888026276,0.5165428267269154,0.4660775816379173,0.5472118551433711,0.4731927065072012,0.5281901551657443,0.5010320095496531,0.5497598584287634,0.4687008775871183,0.5282778312353265,0.4831456773281414,0.525623554610411,0.48417585831612264,0.5323724363495612,0.5097853915825471,0.5187195041255777,0.46769038959413256,0.5346428886910207,0.4717437223141213,0.24324361226602478,0.13366551313138167,0.22575477104583988,0.12823410426370135,0.23846541657528225,0.12676656037920916
0.565,0.565,0.565,0.2109559223653182,0.635,0.635,0.635,0.2878048780487805,0.5139504701571721,0.4674968063475765,0.5433059272660347,0.47445885828021267,0.5297788427368891,0.49471753202139895,0.5483326724208896,0.4683206287884113,0.5217816201274044,0.4788157099809542,0.5187618253371926,0.4818782182194717,0.5355355079557836,0.5068781989820511,0.5154410185808345,0.46718522693545883,0.5366407603257197,0.47385415289065635,0.22416325129479445,0.17343493673385432,0.2282828374960003,0.1543521297785406,0.21973812429585976,0.15263710187289106
0.635,0.635,0.635,0.2654457637351579,0.62,0.62,0.62,0.2484177215189873,0.5464504595706898,0.4771813104329739,0.5712488444476398,0.48175920334048933,0.5553523271570323,0.5032052107527982,0.5712167518015052,0.4774010158306114,0.5399594438104539,0.48790394177532237,0.548084691078925,0.49058989914312445,0.5634225335232849,0.512279688070049,0.5429306888707732,0.4800238942624354,0.5575259297388001,0.48156203452239277,0.23771408511095202,0.1566913626400351,0.2437291474831384,0.14521295028608447,0.21875779127762685,0.1540034531171941
0.62,0.62,0.62,0.1387126019945603,0.555,0.555,0.555,0.1161866931479641,0.5066183985951619,0.5163157532782291,0.5081394991936103,0.5099969324477625,0.5116083770157166,0.5063579995929559,0.5119670231676917,0.5122204583786871,0.49826095071009585,0.5079376926408747,0.5181449711290624,0.5076428479365116,0.5182998196454213,0.512279688070049,0.5045676086768783,0.5138682366352076,0.5060616114132264,0.5086921234561602,0.10864289387675352,0.12703855985385604,0.11237732423157575,0.11634870816239357,0.10767361248654057,0.13497505359314704
0.56,0.56,0.56,0.1120976692563818,0.53,0.53,0.53,0.06,0.5149605292403383,0.5274015462992635,0.525593895330598,0.5211762921534195,0.5174155045166234,0.521968288785205,0.5262508252116571,0.5228443185225204,0.5116685718233894,0.5227182429560324,0.5296494139189728,0.520989305206655,0.5221157241623764,0.5267383795933304,0.5203452160698391,0.5241744112887573,0.49373632603437645,0.5230674430707521,0.11767817114281481,0.11475949531097702,0.11323361527108791,0.11307731514747181,0.1189840611180479,0.11659124873134664
0.555,0.555,0.555,0.0661070304302204,0.47,0.47,0.47,0.0734265734265734,0.4783404212200139,0.516311850859073,0.4823504355637868,0.5189616807877546,0.48277968399147664,0.5285283582539999,0.4887177098350752,0.5168986162560572,0.47757175322919276,0.5250587515890138,0.48330321920367375,0.5273782283421911,0.48853304942582604,0.5337968967316848,0.48260888797056034,0.5126083499898831,0.46299298270165384,0.5251155142574887,0.11917623631945293,0.18124453503309912,0.11126336379266144,0.16541334684761405,0.12236606497049116,0.1771328964975627
0.645,0.645,0.645,0.0941566726205663,0.51,0.51,0.51,0.0858208955223879,0.49435088536298116,0.5061100870087006,0.5004275580799206,0.5098470249130322,0.49720079986290183,0.5149863028374936,0.4957897155341615,0.5090687219984386,0.4895568382014105,0.5159471151842104,0.4973117517196616,0.5164831083695044,0.49751531934064575,0.5143727182925569,0.4920312507391797,0.5056747153436516,0.4737622448518233,0.5112097689783082,0.1062197769671322,0.11122545778182352,0.1149863410438422,0.10281502165532648,0.10369008642355564,0.11825071113155539
0.63,0.63,0.63,0.0886699507389161,0.47,0.47,0.47,0.1005515485787017,0.4922572525844846,0.5089256016558966,0.49524594228377145,0.5088041071405314,0.49532747308309366,0.5136250037155263,0.49460741997479096,0.5101972248295161,0.47934313433040915,0.5145589654085874,0.4963243526305509,0.5122383755636446,0.4935234661850046,0.5143727182925569,0.4871336404748065,0.5063737536065828,0.47651129991198576,0.5087624037865971,0.08751803911758077,0.10656236189781647,0.09397039107594167,0.10991240015042199,0.09184129111416313,0.11273718479483638
0.57,0.57,0.57,0.1078838174273859,0.49,0.49,0.49,0.1087811271297508,0.49637229081530554,0.507097102013586,0.4950152225045625,0.503449250175929,0.49489514734804657,0.5094377134279445,0.5009145493621737,0.5066912642761542,0.4968678324948524,0.5046125638046491,0.5028939121908884,0.5023277631308923,0.4973936588819459,0.5131976417651614,0.4931213137656318,0.5090836484014637,0.4924082540739185,0.5023375419973042,0.09748495028727354,0.10459174180331365,0.09867463912982509,0.11352428925202879,0.10547801114009919,0.1111416604280853
0.585,0.585,0.585,0.1556459816887081,0.42,0.42,0.42,0.0647424010320083,0.5169111385112708,0.5545508735826914,0.5248974702553149,0.5474024053890407,0.5226285501550103,0.5673391089882597,0.5254696827693158,0.5535502107804243,0.5209652348134604,0.5539319176830854,0.5171791139636978,0.5524393439923287,0.5241339067080352,0.5713141942026457,0.5262958162368734,0.5480943220928921,0.5085755838401788,0.551197399814608,0.18832337791462467,0.22675246518620443,0.18019333981826263,0.2330906767459926,0.20873979791175717,0.23476708787494155
0.61,0.61,0.61,0.1602971256324683,0.405,0.405,0.405,0.0607734806629833,0.5291871437890312,0.5691560338385797,0.5477824721310025,0.5611055982951771,0.5287448012099156,0.5681100488031287,0.5356658010121592,0.5680400838552471,0.5288461618125109,0.5637294529115973,0.5294551513953001,0.561830336363734,0.5373310920982586,0.5713141942026457,0.5340954316191918,0.5651572063011413,0.5019017738368703,0.5626011405214025,0.18745249916844658,0.26734175199633553,0.17835927684062006,0.2590084135666761,0.1927041519554302,0.2664757184290231
0.615,0.615,0.615,0.193717277486911,0.37,0.37,0.37,0.0557553956834532,0.526594402093017,0.5718383839879718,0.5375287720527456,0.5690947119028118,0.517108095258966,0.5880519791137534,0.5304908485682006,0.5738761070724319,0.5320159626079695,0.578871578149393,0.5305375409742756,0.5748909407522703,0.5330815677842657,0.5929766961871725,0.5269338735971136,0.5691526555618569,0.5103039895729412,0.5731243544845537,0.20476852752808705,0.27437661108819644,0.18618845028455153,0.27640631452801573,0.2201064248535045,0.28033912053685234
0.635,0.635,0.635,0.2179130062138419,0.38,0.38,0.38,0.0803233701698433,0.5158555168305864,0.5357737990811702,0.5303755886274144,0.5357182434157056,0.5143433428220993,0.5657210057191546,0.5264053244320488,0.5391255318699907,0.5171205712198866,0.5457256869179867,0.5186864325083871,0.5487863805821775,0.5335333549534033,0.5699035889460319,0.5083878432112233,0.534745394371724,0.4872727166040506,0.5377475263252895,0.2255510968577356,0.2693090518407296,0.21370978672873503,0.26679012992949025,0.22889849260710607,0.2874492609168408
0.61,0.61,0.61,0.2304656669297554,0.39,0.39,0.39,0.1043242052712721,0.49487618174747117,0.5460621491727595,0.5040405196082475,0.5414951810807672,0.4879083900771064,0.5614735196582561,0.49800415424505007,0.5468583117121645,0.4854275757681417,0.5468969613389262,0.4907868501569635,0.5457867603370775,0.5007860235446812,0.5685963741242834,0.48913566177606493,0.5452841142254721,0.47701519199341563,0.5426964822633881,0.2692394534627734,0.2627556427852909,0.2508929247268145,0.262663049745701,0.2988893515126259,0.26415636850978136
0.61,0.61,0.61,0.2144223990331352,0.475,0.475,0.475,0.1214859437751004,0.49867024389386944,0.5500292256893722,0.5108648619433832,0.5452584337803623,0.49550222720311277,0.5614735196582561,0.5020947258479381,0.5480847089957519,0.4928595471329042,0.5483183898479361,0.5033995135708743,0.5467762718328174,0.5047577370416786,0.5685963741242834,0.48868614221308776,0.5436871826424354,0.4980971469916684,0.5435304416057138,0.2853191187282754,0.29276120870058164,0.25541987425848134,0.2972882928651268,0.29990112472269304,0.29785526458990297
0.56,0.56,0.56,0.1398690255107028,0.49,0.49,0.49,0.1396761133603239,0.4885794068303198,0.5450512400324704,0.4990384692317707,0.5379057113050788,0.48311280410812235,0.5614735196582561,0.49205406984780464,0.545497664844361,0.4857542658215098,0.5456747287992614,0.4927270062305204,0.5450104602973634,0.49330824205832136,0.5685963741242834,0.48181570276648167,0.5416959061406073,0.48043632632296834,0.5406423539939225,0.24079243461228092,0.2857074725164339,0.20814773979023027,0.2826682486962251,0.26464836750626425,0.3005165041351226
0.5,0.5,0.5,0.0955137481910275,0.49,0.49,0.49,0.1431451612903225,0.4719835115730717,0.4817056225909315,0.47874083430437653,0.482131258665602,0.46627706942246777,0.5032052107527982,0.4819609581379459,0.48267268216173476,0.47169473580985843,0.4866573334325774,0.4795793779434267,0.4886631623705454,0.47328193206098257,0.512279688070049,0.4660579829670965,0.4809363137924227,0.45349781210063433,0.4839180301635937,0.11734312625876289,0.2173513584765722,0.11506736353220368,0.1967467560256043,0.11654179906021085,0.20822107167290246
0.475,0.475,0.475,0.0866388308977036,0.51,0.51,0.51,0.1590148459624131,0.5068620379569849,0.5099216567383907,0.5180214965588412,0.5114673172766274,0.5027314825835484,0.5247230279715944,0.5125323593708678,0.5104919439212463,0.5129390032349984,0.5144423064793912,0.5178248734514115,0.5120079433662708,0.5071800461565336,0.5276563332884427,0.505252923941106,0.5046599809175629,0.47696099131014297,0.5125658817567674,0.11601066111550248,0.15227895432340216,0.11710242721415186,0.15491593149879682,0.11040926116679167,0.1637442230902048
0.44,0.44,0.44,0.054054054054054,0.565,0.565,0.565,0.2109559223653182,0.5023594790701892,0.5030027861235247,0.5133007559126057,0.5083548414269305,0.4957206445328994,0.5235808312591782,0.5118267634377858,0.5068054344008672,0.5077144549619508,0.5127674237088778,0.5128230161091838,0.5113155683773083,0.5048619898508199,0.5276563332884427,0.5017080876729925,0.5005605644065948,0.4795686199520939,0.5108274939324378,0.11099851846912344,0.14181105545435488,0.1143919198343744,0.148101516805433,0.11027959091563368,0.14490156941409407
0.405,0.405,0.405,0.0364372469635627,0.635,0.635,0.635,0.2654457637351579,0.5088442284650512,0.5021342355844989,0.5037049477350286,0.5102912869616228,0.5098287968599866,0.5111233309070868,0.503824302754698,0.5075689702369343,0.5014568703509038,0.509510811261532,0.5097934158254742,0.5060936292596175,0.5038086460843852,0.5131976417651614,0.5040757122437536,0.5055148938450834,0.48175930946940027,0.5073028976818038,0.11981344691156935,0.14856939628550928,0.12381628266868673,0.14293676633049152,0.11599697443386014,0.15323428400352673
0.41,0.41,0.41,0.0068176079454591,0.62,0.62,0.62,0.1387126019945603,0.560586649311517,0.5546867885096131,0.554473355945296,0.5587173145406144,0.49627272846850395,0.5458012399238291,0.545397198337887,0.5552873274557824,0.5536761646118045,0.5513208455204442,0.556662301012938,0.5484549143619153,0.5462559448139616,0.5449175549481757,0.5536208145386392,0.5595751268035579,0.5414499783255065,0.5564149771504028,0.17933929038919738,0.256206551326821,0.18067286582435577,0.23738404603975852,0.16972360004154768,0.243934758439982
0.425,0.425,0.425,0.0072513812154696,0.56,0.56,0.56,0.1120976692563818,0.5545160631993813,0.5826283759672908,0.5535059106089705,0.596933843072709,0.49299642180046915,0.5802350123007936,0.5508724427306632,0.5896137360677008,0.5518948509221034,0.590038407017224,0.5600456579244927,0.583058640751475,0.5536953215976514,0.579666412639375,0.5584149505829573,0.5907291822119921,0.5521502828930106,0.5940053687439169,0.17909315169674292,0.24703997905903358,0.16678312973127998,0.23492434158915299,0.1862323279473431,0.2388396045486692
0.41,0.41,0.41,0.0,0.555,0.555,0.555,0.0661070304302204,0.5722988877783766,0.5765274560410636,0.5697996877868282,0.5841077449865785,0.5047281045356264,0.5828698568379462,0.5544219200737033,0.5801329423818689,0.5598879857472349,0.5823091652492783,0.5603474011798608,0.5833803661039348,0.5588205758224603,0.5789382622982758,0.562317409848891,0.5758549613950062,0.554423876558047,0.5790939303718692,0.2767141457328158,0.2652340986945518,0.25893543433297783,0.2637650110698832,0.25726272340235207,0.264328608452757
0.415,0.415,0.415,0.0,0.645,0.645,0.645,0.0941566726205663,0.5711784814636727,0.5762733507855303,0.5699785856489671,0.5832409195761232,0.5649089900420606,0.5817430965815206,0.5511083585490698,0.5777461906078324,0.5668288871050751,0.5827934310223503,0.5575148904205274,0.5793752497584846,0.5566700821111822,0.5825259389326681,0.5665488868685558,0.5812796887458782,0.5683994704291371,0.5804116629597968,0.2765357111860915,0.3576085084624145,0.2609394184622066,0.32387003817075055,0.2678668845029202,0.3318070653658829
0.4,0.4,0.4,0.0,0.63,0.63,0.63,0.0886699507389161,0.5620846406843331,0.601789802600825,0.5554464634859942,0.5944133914553753,0.5583478270441222,0.5852018517030365,0.5418008236623538,0.6059876794788588,0.5511892319102388,0.5945215241616083,0.5530642188466455,0.5886205924370234,0.5453473435823227,0.5871835789758715,0.5570150534348811,0.6010778219826813,0.568458972775617,0.598102503908477,0.3264261759426825,0.4122316402543943,0.31848236937094226,0.38019947795623793,0.32098506245347497,0.36753912633108177
0.44,0.44,0.44,0.0420800547382824,0.57,0.57,0.57,0.1078838174273859,0.622651239153697,0.6255095241192982,0.6244906204951133,0.6246404927036319,0.6141207159482596,0.6171964575857852,0.6049215590516991,0.6325423292805807,0.6130673424054878,0.6287848961770406,0.6067186750672708,0.6180195371401731,0.5932173798515885,0.6146821845324675,0.6263300456805064,0.6244872627026613,0.6031181996617355,0.6220076085513361,0.2043261637096325,0.39725226819284476,0.20565493701428972,0.3662462891055516,0.2473513836608361,0.3663353101723982
0.5,0.5,0.5,0.0533888678530858,0.585,0.585,0.585,0.1556459816887081,0.6503193461905779,0.6854852016096797,0.6549440568834198,0.6774008297192516,0.6437609288447689,0.6813493504704267,0.6445264966327484,0.6879619104365906,0.6448926348273537,0.6848950231329345,0.6366638606988977,0.6840295218636185,0.6337067218405931,0.6818105791597189,0.6454719777506809,0.6805398050277265,0.631650072767195,0.6833984191558586,0.21796664558332762,0.36701412452920035,0.2116359902195233,0.3385706936394546,0.27136122290866815,0.3630542419932809
0.43,0.43,0.43,0.0404040404040404,0.61,0.61,0.61,0.1602971256324683,0.6005489479882946,0.6517081069213357,0.5954675647405404,0.6542830695767496,0.5986373687425212,0.6799880513484594,0.6049978761284815,0.6546821540238302,0.5923015514094042,0.6692495332688565,0.6016764111232423,0.6706313567183656,0.5979013832401152,0.6818105791597189,0.593464214840723,0.6457982344848255,0.5805811840543799,0.659513043078627,0.17113364257389346,0.33405215636023855,0.17063981021406746,0.31448494279233047,0.2184239667731987,0.32605955892875865
0.46,0.46,0.46,0.0455991516436903,0.615,0.615,0.615,0.193717277486911,0.5773791897068873,0.546510333052131,0.5685133409820912,0.5590652332864026,0.5750453969623749,0.5780515588647598,0.5827652158755582,0.5524287958012345,0.5704413760365671,0.5752024991858086,0.5789913718042146,0.5705629767281547,0.5707354597730642,0.5794032128941604,0.5730544170904798,0.5505479706557594,0.5730435595109745,0.55542752681758,0.18871713039435234,0.3155664149968968,0.18906122815854376,0.2922212833169914,0.23422632087194797,0.29386107136520245
0.455,0.455,0.455,0.0446976336546888,0.635,0.635,0.635,0.2179130062138419,0.5668845251618955,0.543241781211302,0.5537454198783249,0.5538985607479591,0.5593086759087276,0.5586511507239157,0.5745206133591015,0.553302758873478,0.5592039327451029,0.5606300310368401,0.5628642456463377,0.5606222061544669,0.5646417452253867,0.5572497875000636,0.5628244433658347,0.5460352192693911,0.5712287296941897,0.54944315922978,0.17234678630107098,0.27319763938821834,0.1779716545191269,0.25957325956146776,0.21336991518176,0.2648823874397992
0.46,0.46,0.46,0.0646921278254092,0.61,0.61,0.61,0.2304656669297554,0.5760162231606286,0.5350534376280383,0.5612999813460455,0.5549653301518913,0.5710229851283964,0.5683145496135641,0.5762976404331623,0.5482515964320447,0.5660212739150621,0.5632991241548874,0.572648907340627,0.5601624245742297,0.565800146585541,0.5631627447774578,0.5635579613529011,0.5398579660044808,0.5710941182510162,0.5505707291092985,0.18242600065155454,0.28256455849788814,0.16862960558050386,0.2766556643762509,0.22166039335949997,0.2659987014651548
0.435,0.435,0.435,0.0637945318972659,0.61,0.61,0.61,0.2144223990331352,0.5271219790209517,0.528505742834844,0.5212086942643355,0.5448712336016426,0.46270982386125914,0.5646532373881494,0.5294959623905565,0.5389519942398174,0.5163398079237457,0.5527004359688367,0.5244490287021129,0.550708371163573,0.5210190779896313,0.5626512765880615,0.5102521723291934,0.5342554314830923,0.519650447189471,0.540971810930979,0.20063923659925845,0.31246815527382943,0.1900284291598014,0.2894907312467518,0.2398208304623165,0.29603646617045026
0.44,0.44,0.44,0.0291262135922331,0.56,0.56,0.56,0.1398690255107028,0.5106270144638663,0.5192115742306922,0.5005255434777324,0.5303606615288506,0.4495799613097776,0.5460218452663226,0.5098423152681071,0.5256260910941096,0.4988346760903624,0.5350870186999326,0.5060543904092188,0.532117539421085,0.5110238157968602,0.5480891610294971,0.49723151363260426,0.5208788927443907,0.49703378249506536,0.5288672161189111,0.1980092250586323,0.31415869463123375,0.19247424037033573,0.2922128898819307,0.21846806476437935,0.29351851400808704
0.45,0.45,0.45,0.0303244005641748,0.5,0.5,0.5,0.0955137481910275,0.5422359677413515,0.5444140298087148,0.5271196712221751,0.5536592061064399,0.45885138320498536,0.5598139121530097,0.535345620794443,0.5446837536381431,0.5264862664581333,0.5568012877228367,0.538288874661866,0.5548252614621042,0.5359058221549516,0.5621761425690257,0.5214015698012238,0.5412432463135987,0.5210601435497929,0.5503679493004501,0.2027352485821162,0.3049430063073953,0.19326205870539667,0.27319370446481667,0.21743514841803863,0.2895094921870392
0.515,0.515,0.515,0.0566037735849056,0.475,0.475,0.475,0.0866388308977036,0.5056285494598204,0.5082973932660219,0.5054841672016914,0.51251677716941,0.5015723777170471,0.5138146738336263,0.5136440229632325,0.5087136067382997,0.5010496735448242,0.5135331026312093,0.5112793983176451,0.5126829995171677,0.5106500683529759,0.515186880670545,0.4989323717349553,0.502818783410818,0.48462041281776014,0.5108830931165571,0.12744425875453003,0.14830033569296444,0.13783936997612606,0.13335704460853007,0.139072715348217,0.14074711115375815
0.44,0.44,0.44,0.0420800547382824,0.44,0.44,0.44,0.054054054054054,0.45073668243598186,0.5089200724303257,0.4517013527636668,0.5114924197003871,0.44656390902562315,0.5307642659433806,0.46347208324123657,0.5150604534118371,0.44467856126152133,0.5163891981020268,0.45350189782954164,0.5195888847707271,0.45908178216211,0.5396905794256551,0.4429219745912539,0.5074498452847443,0.44875089469784385,0.5167037106450695,0.12727207583380162,0.23474866693050433,0.12540565123720596,0.20174340981501032,0.14178783957691904,0.22037788724809848
0.465,0.465,0.465,0.0465157725895561,0.405,0.405,0.405,0.0364372469635627,0.43684016676438886,0.47554919635846504,0.4444981403879159,0.4806323353739854,0.4365427333534269,0.5032052107527982,0.45675144590831374,0.47680576534464175,0.4330148082427721,0.48750983158122274,0.4411778928302419,0.4911130935143463,0.4508054496434668,0.512279688070049,0.43183841667394657,0.47768610370697917,0.4383416834431277,0.4826937082582847,0.12182968933623116,0.17758550598312473,0.11973849099412653,0.1551060250668106,0.1361642790951262,0.1645243400361365
0.5,0.5,0.5,0.0282771353609949,0.41,0.41,0.41,0.0068176079454591,0.4901645435931616,0.5205653366930579,0.5000118888112463,0.5192198300266838,0.49422564815939046,0.5339170547835382,0.5073505844948835,0.5268291155103922,0.4942694685246444,0.526223664146414,0.49725436538693224,0.5299646458301864,0.5025340897476392,0.5396905794256551,0.49480790173346917,0.5189644110204513,0.49276173327480416,0.524245935349632,0.13601411229982271,0.19668032332940355,0.13480066039896646,0.17154139120295891,0.14855114460681676,0.18843265198405806
0.51,0.51,0.51,0.02,0.425,0.425,0.425,0.0072513812154696,0.4918696095272957,0.5005998358566272,0.4939244666858621,0.50019650829869,0.49365584418772224,0.5044845350216576,0.5030463276273389,0.49856349344243245,0.4932629410087993,0.5040587322173871,0.5013505680349457,0.503969703330059,0.500520972599903,0.5102904491646654,0.4879134510395655,0.5037656298738427,0.47594977272076,0.5002147390007887,0.1365144716661415,0.14468453748843013,0.1300009027606237,0.13148115889380116,0.13433656778902225,0.14085527324031877
0.52,0.52,0.52,0.0208078335373316,0.41,0.41,0.41,0.0,0.4976696958479098,0.4911194427763562,0.49610750213350885,0.4948128705936778,0.49241666702702575,0.5044845350216576,0.5053105102756279,0.48983062204378647,0.49872620606395945,0.4990042214393283,0.4972419591694579,0.4983337182555257,0.5019884076781737,0.5102904491646654,0.4992416925386641,0.48797992903573706,0.48973276799660714,0.4943268511709798,0.12491577070537174,0.11593475022781209,0.11913090916941362,0.11028360179120679,0.13755047382959767,0.11322964854089407
0.465,0.465,0.465,0.0,0.415,0.415,0.415,0.0,0.5027291169774177,0.49466515334137734,0.5023067943941231,0.5012428578682383,0.4959882830984692,0.511941209262328,0.5124407795963994,0.49352581006671475,0.5014521617362343,0.5049525054357994,0.5049608920383618,0.5073912057172388,0.5068136295897481,0.5131976417651614,0.5005746659628251,0.48970108169374704,0.5012612323025024,0.5019037236355512,0.19418554841711744,0.10157001447199436,0.18481882076297912,0.09774594059131621,0.181067248233252,0.10730199233521381
0.455,0.455,0.455,0.008189262966333,0.4,0.4,0.4,0.0,0.49853708577400485,0.5021711659921674,0.5011022269628139,0.5069282572905252,0.4915646419680516,0.511941209262328,0.5081224492875027,0.5023798765067728,0.4933378511286352,0.5062617840489135,0.5025354099307456,0.5062466822268481,0.5006345014434468,0.5131976417651614,0.4961076949073801,0.4960776768951359,0.503869078214121,0.5055049563235511,0.11990743630876773,0.1129230405782631,0.1103163571374961,0.10237055079153395,0.12687894909420708,0.11512511315438342
0.47,0.47,0.47,0.0251080658511909,0.44,0.44,0.44,0.0420800547382824,0.5008421310885587,0.5088006142389552,0.5082973907913515,0.511922944951212,0.5000501667645528,0.511941209262328,0.5075051735954295,0.509020649048621,0.508850181457316,0.5101623357122714,0.507783267733624,0.507361355366536,0.5025299562739393,0.5131976417651614,0.4994157640446857,0.5052631400621043,0.49794874931141664,0.512754437540979,0.13128971312221124,0.1365341141884396,0.1343741458205423,0.13569250676387706,0.152266478758133,0.14411690661414028
0.47,0.47,0.47,0.0734265734265734,0.5,0.5,0.5,0.0533888678530858,0.4855110195392208,0.493961866456973,0.4872157001163855,0.49847648057232113,0.4827460109160763,0.5141389921908014,0.5005081666059786,0.4938378337812903,0.494138132653686,0.5007518376474771,0.49320388072078064,0.49997077729301687,0.4971927862523476,0.515186880670545,0.4829557398062978,0.49488794640679645,0.4813072311535029,0.497489584988279,0.12492171880109376,0.1267886561407868,0.12987004401220162,0.12474648902645573,0.13379024327726036,0.12783820897082218
0.48,0.48,0.48,0.0763765541740674,0.43,0.43,0.43,0.0404040404040404,0.47686836502703317,0.47144283556980066,0.4774114348315303,0.4791947696937566,0.47288905815734694,0.5129967954783852,0.5000215056476187,0.4743209098043724,0.48578530464114017,0.4903695139554348,0.48366935823924945,0.4904531802649494,0.4959422882878068,0.515186880670545,0.46955529816236397,0.4723737033662948,0.469573450064815,0.4791001074699627,0.10808654350493752,0.12497912027055931,0.10392163881357774,0.11365275716378646,0.10903930402549622,0.12209736248797305
0.525,0.525,0.525,0.1051243406179351,0.46,0.46,0.46,0.0455991516436903,0.4549975186267118,0.4468499622133364,0.44988038552327064,0.45942725080012176,0.4462404723728835,0.5109862033506437,0.4783344904654337,0.4479651134064401,0.46062679985654625,0.4709750705153333,0.46360591135795504,0.4765431510871716,0.4747940823917668,0.515186880670545,0.44829069120537524,0.44850237950209304,0.4434156021238367,0.4592090011728549,0.09781606297448804,0.11335057266003394,0.10232044762030641,0.09890573674380311,0.09756342727268892,0.11093213985703204
0.515,0.515,0.515,0.113831536634387,0.455,0.455,0.455,0.0446976336546888,0.4365374915605424,0.4492651128145163,0.43845272402239,0.45477665762302294,0.429179219033075,0.5035295291099733,0.45466576097273387,0.4510633597797843,0.43921841481878665,0.4697693558347999,0.43567691629770916,0.4756396371712176,0.4488272461113411,0.512279688070049,0.4304554378264144,0.45325716451650006,0.4199396333994263,0.4555652407562222,0.11235071308997786,0.11459455712083112,0.12077291176505228,0.10589287007564327,0.12316541104720434,0.10800370306186369
0.535,0.535,0.535,0.1228070175438597,0.46,0.46,0.46,0.0646921278254092,0.4346456216785291,0.4717038524175061,0.43949426370639766,0.4785698676282823,0.42993456539344466,0.5035295291099733,0.45379006680717743,0.47127303926819786,0.4343385040154993,0.4853880820265851,0.43376192966153326,0.4907099405919144,0.447221062249388,0.512279688070049,0.425641339916895,0.4765014540703282,0.435843941550423,0.47605608733719207,0.12709014567517393,0.1433981852886216,0.13388909264588064,0.12989319730376095,0.14566386714930032,0.13690087742105692
0.6,0.6,0.6,0.1303402543754757,0.435,0.435,0.435,0.0637945318972659,0.4633985302063053,0.49652837938300043,0.4738329721652351,0.5036726163685951,0.4583504919601025,0.5310885843005556,0.4825282979105514,0.5014176142741531,0.4716222833276593,0.5110901162199111,0.4659507075277612,0.5196347969904243,0.47848398078695575,0.5396905794256551,0.46139682948240796,0.4997717129560907,0.4536412814941218,0.5076625960614282,0.13476711033370878,0.22598395448144323,0.12854707630395176,0.19506688152457743,0.1511592660170118,0.20113579253641917
0.585,0.585,0.585,0.1231776885696175,0.44,0.44,0.44,0.0291262135922331,0.4598133859705152,0.4722300416415601,0.46234570205393855,0.4848789156180252,0.451658428918139,0.5258458487087093,0.48343953820407887,0.47746259820006764,0.4632080827389865,0.4946619977178963,0.46326350877746864,0.5017661186065789,0.47616490686503493,0.5336170316828313,0.45407120028267856,0.47320787860697294,0.4440411659406691,0.48576660778677466,0.11901044508512808,0.12953101065619674,0.10955365625982208,0.11695638583759704,0.13157023747937893,0.13307346049573673
0.625,0.625,0.625,0.06062124248497,0.45,0.45,0.45,0.0303244005641748,0.5083311915456673,0.48429116670498173,0.5065284219921308,0.48958354940810817,0.5052330556270725,0.5053625399184086,0.5230732416143044,0.47979790375160625,0.50814007107236,0.49193602715590834,0.5083792620316228,0.49722480910877176,0.5185800770496877,0.5100071936809464,0.5079492428118039,0.4806102743652306,0.4809613569201173,0.48869818839312323,0.12135068140944612,0.1250172207532271,0.11125320406848212,0.12265464177870515,0.13869286501358094,0.14150832039140057
0.54,0.54,0.54,0.0432612312811979,0.515,0.515,0.515,0.0566037735849056,0.5084122984873678,0.5025772509005882,0.50779455789907,0.5095134832456124,0.5031132436917617,0.5309678397723525,0.5194634606899017,0.5092953606611357,0.5105901365052709,0.514511789214501,0.5096679912241496,0.5219623319227911,0.5167770328409446,0.5349242465045797,0.5097127966605808,0.5064479388037199,0.49072827822858206,0.5102062004486336,0.13584494707279157,0.1168411544371379,0.12941056660136055,0.12104459134915994,0.14594455686421773,0.14052911084342687
0.525,0.525,0.525,0.0212239851638161,0.44,0.44,0.44,0.0420800547382824,0.49272495919924486,0.4925617161731747,0.4955804014467286,0.4971393984227024,0.4883947455666383,0.5243409987346113,0.5036587198637028,0.49690807285317573,0.49212951670922794,0.5039511545652161,0.4934307865289334,0.5112072786974581,0.5015379430527125,0.5322064264262174,0.49271557834968743,0.4912167161421821,0.476688746677955,0.49843717243568453,0.13397902120796007,0.11085515134166929,0.12318272121819775,0.12264948678102525,0.14587514238170807,0.13064125567378765
0.5,0.5,0.5,0.0369799691833589,0.465,0.465,0.465,0.0465157725895561,0.5036566560957684,0.5084503455034167,0.511249597203373,0.5102308945388907,0.49999502169652243,0.5217437689255267,0.5146486423600299,0.5071287456688192,0.5059994954523034,0.5121019950173294,0.5100257922689404,0.5151993947127578,0.5092485199772847,0.5244658852042278,0.49867978131642404,0.511454972559894,0.4793072647142772,0.5084833065978321,0.12014101866837507,0.1343231046819338,0.11007565557337201,0.13107286867845222,0.13553826282739104,0.1262678349008622
0.465,0.465,0.465,0.0321997105643994,0.5,0.5,0.5,0.0282771353609949,0.49360498887723214,0.49614613004504965,0.4959396674877604,0.4934429390309975,0.4883938696290307,0.5209728291106577,0.5067995094874822,0.49109050887319106,0.4899613296809011,0.5005357865760095,0.4903280157756712,0.5054303492880428,0.4974310012476932,0.5244658852042278,0.4805299443762994,0.4915613653723567,0.4789237671378518,0.49207774464858783,0.10209111877020946,0.11137566879394908,0.09956983634818785,0.11442633527612776,0.10201228134909875,0.11335739795474924
0.48,0.48,0.48,0.0341753343239228,0.51,0.51,0.51,0.02,0.5036428148117605,0.5000204640044877,0.5084789760903339,0.4961245447035601,0.5008489297449122,0.5198306323982415,0.5156454020253315,0.49441127080093034,0.5019512722929594,0.5011707954619808,0.5058210264143307,0.5073537528180609,0.5128223556924834,0.5244658852042278,0.4923628836278241,0.49247198057970254,0.48047639764839956,0.49710866409872007,0.11173817901511017,0.1170394500930032,0.10638004548164649,0.11956595124248849,0.11019520486818969,0.11851033216889077
0.485,0.485,0.485,0.0348575712143928,0.52,0.52,0.52,0.0208078335373316,0.5161174872505754,0.5105270936190017,0.5132946593952792,0.5175713466516759,0.509594885871361,0.5317387795872215,0.5191543381914366,0.5172634134837059,0.510690007357962,0.523341667588457,0.5181607710292978,0.5256255931553159,0.519631637878391,0.5349242465045797,0.5010450003972771,0.5138456568822346,0.4970565434900272,0.5178434282722386,0.12110287293851935,0.17784677050582123,0.12295927400855584,0.1563469055914163,0.11021618699495145,0.17343626517319055
0.49,0.49,0.49,0.0355521936459908,0.465,0.465,0.465,0.0,0.49043614720788004,0.4997996754925467,0.49667473433518305,0.5028901632489025,0.48871058123983124,0.506682317950131,0.5070490425372153,0.5024020942324406,0.4863304235411666,0.504613803606883,0.49040618516432866,0.5062935565705105,0.5036621351112757,0.512279688070049,0.4881932244313579,0.5055812580931879,0.47319845206370165,0.5002794264100464,0.10019724208056623,0.12787554151033836,0.10381271259319365,0.1166667560821932,0.10803885827548718,0.1252008373531966
0.515,0.515,0.515,0.0392234548335975,0.455,0.455,0.455,0.008189262966333,0.48941658740165245,0.5111655607042697,0.48991968912164974,0.5059824038204019,0.48132441499561046,0.5063579995929559,0.505046496198208,0.5091074129622292,0.48390329396881526,0.50262025584795,0.49308059367233387,0.503231932391533,0.4975326571150228,0.512279688070049,0.48346002131151744,0.5110920020376365,0.48292855448721383,0.5050729446909497,0.1137549072295825,0.14266927726229098,0.1095756146563143,0.13475469983076283,0.11763310886874417,0.14411067138698272
0.54,0.54,0.54,0.0225244368890777,0.47,0.47,0.47,0.0251080658511909,0.47969575223109984,0.5089202331938559,0.4847150832106904,0.5055778601569914,0.47593027836433,0.5063579995929559,0.4968702793521387,0.5071529809847095,0.47630266255001913,0.5038780870920724,0.48520299038945797,0.504175537215531,0.4900517763726973,0.512279688070049,0.4738177282167737,0.5096285422847221,0.4746049488805437,0.505093013176178,0.12486352150935148,0.12922153312054283,0.1169990933835226,0.1168667808060216,0.13767929243077062,0.12538500267414063
0.51,0.51,0.51,0.0,0.47,0.47,0.47,0.0734265734265734,0.48454466639112587,0.4956917739136018,0.4901661969444025,0.4993648289658222,0.4807850676024433,0.506682317950131,0.5016218130887652,0.4970207377123706,0.4811830887663977,0.5020055080840269,0.4885519937292466,0.5036963330182934,0.5008810296406122,0.512279688070049,0.4883857375897697,0.5006792160930631,0.4771971630544537,0.4992043387806775,0.19944960368921277,0.12598976674261914,0.18580940365706275,0.12292219135415502,0.20030644459112734,0.11985716259454192
0.6,0.6,0.6,0.0,0.48,0.48,0.48,0.0763765541740674,0.5040434461038162,0.5048974802826458,0.49940254327092265,0.5104355953654566,0.5026453142579759,0.5122655276195031,0.5107226021156501,0.5034871735322287,0.5050788294392988,0.511164270244286,0.5035240692078794,0.5120579462610307,0.5111096901889107,0.5131976417651614,0.5093302983343249,0.5060403753396706,0.4940210277771529,0.5067416189234096,0.21824118363420605,0.1578156136612251,0.2048620432729813,0.15187967439992747,0.22432727095539975,0.14705518640265636
0.6,0.6,0.6,0.0,0.525,0.525,0.525,0.1051243406179351,0.4968191734331479,0.5017724206903492,0.49397040835973843,0.5038348093702018,0.4964552035475349,0.5122655276195031,0.5116805241012146,0.5025199059075587,0.5022302410308769,0.5065508287630013,0.50648146779753,0.5057658199798023,0.5119529592239407,0.5131976417651614,0.504304204075771,0.5018208229453498,0.5030153923959197,0.5002617896981134,0.2100424820228975,0.14317028790421366,0.1902472392420339,0.1294266340506497,0.1874023919005887,0.14751805909945093
0.56,0.56,0.56,0.0,0.515,0.515,0.515,0.113831536634387,0.5059141521543932,0.4993770647980293,0.5090472594432173,0.5022798386486624,0.5081882970747928,0.5117399230003477,0.5199683529920447,0.5003579881390184,0.5101893729224372,0.5028782378011484,0.517902229247592,0.5027123195721339,0.5188348404244054,0.5131976417651614,0.5101194075033081,0.4999754556671964,0.5060793910385201,0.4961811048408058,0.21841087686961747,0.13268558178376488,0.1971254203166013,0.12251018702931611,0.20840665965858313,0.13756777037863543
0.54,0.54,0.54,0.0,0.535,0.535,0.535,0.1228070175438597,0.5051947461936857,0.49524843239905614,0.5075256287925639,0.5013052422146363,0.5043399613278267,0.5117399230003477,0.5182074607774528,0.49984030210427427,0.5088544460281392,0.5011558287672617,0.5191618171939415,0.5009939882318449,0.5177247334524665,0.5131976417651614,0.5062408218660143,0.4979637428705591,0.5106614687672166,0.49448724618426554,0.2260990285919017,0.13570452445892106,0.2156924024335781,0.13989553130133675,0.2252121275979787,0.14288184977192117
0.535,0.535,0.535,0.0220820189274447,0.6,0.6,0.6,0.1303402543754757,0.48720558012845033,0.4964130175570264,0.48727641210203476,0.4992168901539478,0.4829823375146125,0.5117399230003477,0.5031147902966957,0.498286724755504,0.48590299148196936,0.49963997733388127,0.49597603637038645,0.4984068572047729,0.5014140688480037,0.5131976417651614,0.4882732653500696,0.49863753308574055,0.48651481470118824,0.49238409019476875,0.12673803661753244,0.12010726703853165,0.1281010713760279,0.1225795847600838,0.1371145109652122,0.11480326178554473
0.565,0.565,0.565,0.0248823133826495,0.585,0.585,0.585,0.1231776885696175,0.48878030711060627,0.502621992435669,0.491627505627145,0.5043820320281053,0.4844249430987256,0.5117399230003477,0.5031147902966957,0.5062520283489825,0.48908885755057163,0.500256016200633,0.4958657417512192,0.49917933023670596,0.5039119320643132,0.5131976417651614,0.492916067300904,0.5064592272333301,0.49201921954629996,0.4953020515102982,0.13775530348086665,0.12333376135147602,0.13495113394420646,0.12355271808660971,0.14691849082452177,0.11906517474709133
0.555,0.555,0.555,0.0847387906211436,0.625,0.625,0.625,0.06062124248497,0.5007507054582481,0.496267602914906,0.4971987037946618,0.4978719121120124,0.49856801811233553,0.5106446648283036,0.5051294553882326,0.4996595240956317,0.506341755917997,0.5013085320138525,0.5007804161086388,0.49916689943381387,0.5073402564626136,0.5131976417651614,0.5052236321483783,0.4971149565265957,0.4985706923467069,0.4969010351102267,0.15047732537030797,0.12032623182714451,0.15288812818109748,0.1303598737525979,0.15731574534715678,0.12348358881515943
0.53,0.53,0.53,0.1000478697941598,0.54,0.54,0.54,0.0432612312811979,0.49364607657691756,0.5032284665348126,0.4977751894843172,0.5068141053635119,0.4925628447501032,0.511941209262328,0.5095125968232185,0.5048711540293294,0.498086694902187,0.5087150041707854,0.5002253319132436,0.5074651638784792,0.5061074693193313,0.5131976417651614,0.4982331259227059,0.501929521849566,0.4869539911383684,0.5034796410422692,0.13835393954967634,0.12700230174242316,0.12970865647211466,0.1310497995737368,0.1432282333691533,0.12909582719716137
0.61,0.61,0.61,0.2259601071747544,0.525,0.525,0.525,0.0212239851638161,0.573024176124116,0.5766754138234079,0.5946955306276345,0.5652017777458804,0.5830076392960258,0.5620403095108026,0.5930393592307779,0.5784866109039399,0.5670374895842873,0.5645781551595851,0.5767104013627636,0.5602443170733361,0.5778799448030301,0.563643915943243,0.5538647460845039,0.5718938370240882,0.5386791997937417,0.5659561249397954,0.16974193147914637,0.2805648107849066,0.16594151301652785,0.28339878636477794,0.16177974791985558,0.2904983572308072
0.725,0.725,0.725,0.4117647058823529,0.5,0.5,0.5,0.0369799691833589,0.5682538154082812,0.5596113072910481,0.5894663978402028,0.5502687103875386,0.5780640692291537,0.5620403095108026,0.5863013607237783,0.5583766915470504,0.5684059306859081,0.5581160524647609,0.5736184286558264,0.5564219803126089,0.5753673589056421,0.563643915943243,0.5566892878236851,0.553107727375863,0.5534016761415814,0.5537318805331419,0.2699957647704206,0.2734750503720566,0.2608837642806378,0.2800072677980283,0.24614224253266406,0.28787961625271985
0.785,0.785,0.785,0.498249708284714,0.465,0.465,0.465,0.0321997105643994,0.5839386730412803,0.5507940524292088,0.6142702922135368,0.5417516577948205,0.5957252808023732,0.5464300203185536,0.5987587117896336,0.5482915169355661,0.5904785843034764,0.5437751155823622,0.5910236210626704,0.5402414981753364,0.5894717419460366,0.5491852244199616,0.5816654336952688,0.5414979745665554,0.5627800485711316,0.5438721030629944,0.29198441788799306,0.29975971034394844,0.29068375683250774,0.29759373539877065,0.28389231943789256,0.30711549153339135
0.845,0.845,0.845,0.5914602003162889,0.48,0.48,0.48,0.0341753343239228,0.5889230801187293,0.5522572773275264,0.6172144951986381,0.544913055970618,0.598815213211044,0.5464300203185536,0.600811533146014,0.5475378488090595,0.5962890986241831,0.5463529407611181,0.594504066244442,0.5423800070710214,0.5898243786327364,0.5491852244199616,0.5880064326377422,0.5401418282290099,0.575260704933267,0.5470216381597389,0.3222080352777707,0.31641219777291174,0.32290222661145174,0.3138435666948988,0.3248229568676574,0.3302170913662306
0.88,0.88,0.88,0.662873999157185,0.485,0.485,0.485,0.0348575712143928,0.6153670236880872,0.5783466746353847,0.6377141386070342,0.5745078999185574,0.6199111394434939,0.5715521608652329,0.6274666136065356,0.5738628421756479,0.6130480080243377,0.5735171689041504,0.6193791840883721,0.5699220270944804,0.6113849160962955,0.574828246981752,0.6093086736096667,0.5730646291023463,0.6072654482590538,0.5717814682719031,0.3292953227134835,0.31691831899391526,0.33698410348737273,0.31610734862986795,0.32366848770204987,0.32294195334724113
0.855,0.855,0.855,0.572775486152033,0.49,0.49,0.49,0.0355521936459908,0.6003129555417004,0.5838565195843365,0.6260062884861394,0.5825764292619724,0.6021026950434613,0.5796946217800671,0.6230165529525565,0.5826406759123424,0.6099295296004325,0.5827224062057272,0.5992562108431194,0.5788364554165994,0.5926800311511243,0.5827749391532164,0.5982584306552821,0.5798761726869043,0.5859366443112702,0.5828063603871017,0.23605643299610604,0.26440087185189065,0.2632003846066631,0.24931050268236685,0.2382319803950614,0.27963213050265284
0.76,0.76,0.76,0.2869875222816398,0.515,0.515,0.515,0.0392234548335975,0.5589971973065205,0.5047977218572393,0.5752513142661331,0.5089021716701589,0.5641094419971825,0.5269223123903517,0.5889408759624128,0.5027243445421965,0.5716237971534567,0.5186129366940542,0.5564852949036593,0.5168120670504441,0.557064274327357,0.5372887734497888,0.5494459003918053,0.5049408790747304,0.5449045600794468,0.5110297176118317,0.19918219708672805,0.20532908294747224,0.19734551925052327,0.21969145549510888,0.21355225190767074,0.21709494340749688
0.695,0.695,0.695,0.2439266236985623,0.54,0.54,0.54,0.0225244368890777,0.5454289898592042,0.4999271683362045,0.5633484444859251,0.5073043385008891,0.5530163604197462,0.5269223123903517,0.5844572402321301,0.49776296324468167,0.5554634086898549,0.5118974486214181,0.5460021521978135,0.5119242102863858,0.5528359937076508,0.5372887734497888,0.5421248531938968,0.4981905448981153,0.5359736989259342,0.5056888481750188,0.18961116318074137,0.21617204381253102,0.185514497679597,0.21050361587729632,0.20989126938631708,0.21693775502289947
0.66,0.66,0.66,0.085406859448554,0.51,0.51,0.51,0.0,0.4748841591860469,0.5055283547039814,0.4731088553087211,0.5036334811019649,0.47876070572081986,0.5262827074917088,0.49012741444457497,0.49997488920829875,0.4836182984055751,0.5120493088902212,0.4773235352060087,0.5124312504372777,0.48496618990304224,0.5372887734497888,0.4698525339773888,0.5021730831026089,0.4864774696925998,0.5050490940403547,0.15556325828850542,0.2947783398737651,0.18478053459049426,0.288821291323464,0.1679543275094349,0.29600491055848266
0.575,0.575,0.575,0.0816767502160761,0.6,0.6,0.6,0.0,0.4887479135997892,0.5177500475212222,0.48890036324043556,0.5217838822513008,0.48676252734922637,0.536871088741215,0.5060107019243918,0.5167158258942463,0.4923075904444523,0.5267333473711395,0.49475077932321665,0.5260085568756656,0.5002896348903588,0.540417768148684,0.48328807364077464,0.5214332197567002,0.4914074308453242,0.5186663115695065,0.15788929094375206,0.293382317195891,0.18889567829485163,0.28496041843460157,0.16319572018857934,0.294120907912965
0.53,0.53,0.53,0.0769835035349568,0.6,0.6,0.6,0.0,0.4987856661605034,0.5221632891240862,0.488936374591147,0.5224166803368523,0.49111157841697495,0.536871088741215,0.5014416306018072,0.5188947459327473,0.4889473721847905,0.526895345583944,0.4964847192467006,0.5260085568756656,0.5082384624032644,0.540417768148684,0.4948609248173697,0.5218267305865096,0.4840387748795075,0.5191950990431441,0.14784934848711195,0.2719123383094684,0.18897870027944152,0.27138889650922343,0.15784193437726343,0.27621526750545616
0.475,0.475,0.475,0.0808823529411765,0.56,0.56,0.56,0.0,0.5048359092757146,0.5308482620344136,0.497736345304998,0.5295551674420753,0.49647410382753443,0.536871088741215,0.503136519961139,0.5276425699600961,0.4991172822362391,0.530547028553249,0.4992457374334585,0.5288600118501794,0.5117926081477724,0.540417768148684,0.5000959737097049,0.5285633546226451,0.4848955899944719,0.5255777350364478,0.15479548095142903,0.28645384441128335,0.19366574975048417,0.2754810381084429,0.156697336584211,0.28957937823274466
0.475,0.475,0.475,0.1025641025641025,0.54,0.54,0.54,0.0,0.4834974596798038,0.49689684952952623,0.4699659384896338,0.49713384504125485,0.4745297389921976,0.5314814059679003,0.4872163022620641,0.49513164922808206,0.47456182345661335,0.510000088740451,0.4747701741962941,0.512551291397811,0.489222401348837,0.5391105533269356,0.46974591542503563,0.4938159059673731,0.45420267736604514,0.4946076292675882,0.15155274855437428,0.28571511466669974,0.18545965739971415,0.281765089647532,0.15883404289871939,0.2843834173625687
0.53,0.53,0.53,0.1267998142127264,0.535,0.535,0.535,0.0220820189274447,0.48009561704756704,0.5002237663804229,0.47872498567328947,0.5074729701747752,0.47761388724497544,0.5318057243250753,0.49294814849318724,0.5014915884261993,0.4765718497215143,0.5153932999290578,0.4863518226434116,0.5186341190667055,0.495533650727988,0.5391105533269356,0.4740990024303652,0.5042398160953525,0.4570702294616571,0.5053028762170635,0.175277571383283,0.34741244221747153,0.19687408031814352,0.34629786766848214,0.2019833720366555,0.3491645139364189
0.5,0.5,0.5,0.0891702340832497,0.565,0.565,0.565,0.0248823133826495,0.44876565792454237,0.4785370599879314,0.44832163078999376,0.49023663496599784,0.4378010198104091,0.5306538395055278,0.47408236308019,0.4806196142636202,0.4455552024299887,0.5028399433844382,0.45561659537223925,0.5080676301676813,0.46807413725490116,0.5391105533269356,0.4334887143875621,0.48006116693245243,0.43097766760273276,0.48810949885684585,0.1395327163548305,0.32849378098874643,0.16426647155512913,0.32083038487921295,0.1514100009860011,0.32513514080098027
0.485,0.485,0.485,0.0778871978513875,0.555,0.555,0.555,0.0847387906211436,0.4446963447938752,0.4831046068083035,0.4388319497291464,0.49159526370080714,0.43730982716643246,0.5339428197607357,0.4688316390354573,0.48352179959712,0.44082085815634653,0.5058335926085749,0.4464110703741125,0.5117989947638639,0.46420251305884164,0.5426902625377866,0.4327351411261808,0.483960449580375,0.42544551209574666,0.49280843714426537,0.15733746712814242,0.26322571371386455,0.1587475757036018,0.2771952784763291,0.1664074394723064,0.3060503265161644
0.52,0.52,0.52,0.0660570094367155,0.53,0.53,0.53,0.1000478697941598,0.4762308918545285,0.49075311544210426,0.4707378853240567,0.5009584203599188,0.46426491350572663,0.5413994940014061,0.4976145743684084,0.4917253338894574,0.47463444953668293,0.5130788679119931,0.4800827762609649,0.5169323920655743,0.4890350905069639,0.5455974551382826,0.4642326544208402,0.4894379258286521,0.45607881098908126,0.5026907751426858,0.16802102225947743,0.2879113749558652,0.172354930209188,0.3117004491761109,0.17486291170718832,0.3159778279633305
0.555,0.555,0.555,0.1945701357466063,0.61,0.61,0.61,0.2259601071747544,0.5564661178440418,0.5020993918786155,0.5533155525844674,0.5103232513044361,0.5464501023504378,0.5413994940014061,0.577654649030127,0.503704390260834,0.5528636250935739,0.5218220284749939,0.5565238213701582,0.5249163679569157,0.5619419509758216,0.5455974551382826,0.5261835123103028,0.5043456814382414,0.5122000050715608,0.509996789695835,0.21561205309601228,0.28972693682400386,0.2313980501118118,0.340742241566971,0.19882456237879065,0.33911320520634136
0.605,0.605,0.605,0.233009708737864,0.725,0.725,0.725,0.4117647058823529,0.5562977843598778,0.4979562018319664,0.561409295210067,0.5098015163413973,0.5526157086562739,0.5395260294301077,0.5778177332723856,0.49831498755090214,0.5582397777768625,0.5166577857321931,0.5592415649045142,0.5190816859082754,0.5690776944513982,0.543608216232899,0.5401265605805047,0.49767997304667777,0.5147409194606248,0.5085160883312088,0.15491187849627333,0.2478770584304891,0.16850974479785727,0.23565779307504614,0.13904827314125404,0.249686979188646
0.71,0.71,0.71,0.3610223642172524,0.785,0.785,0.785,0.498249708284714,0.5486684969368625,0.49737194320765277,0.5402394607795863,0.5067834004254684,0.541786762978745,0.5395260294301077,0.5608072096110144,0.49676698808954245,0.5507085284016651,0.5153841610455849,0.5517111260587954,0.5155694763028087,0.5561398396397872,0.543608216232899,0.5216087972234225,0.49815509660855906,0.5110566673747183,0.5038992651516289,0.19280561188696974,0.22134137543130677,0.20400137051695175,0.23013913210002368,0.17457077626705683,0.2401810868033318
0.75,0.75,0.75,0.4123868844752615,0.845,0.845,0.845,0.5914602003162889,0.5512835773525938,0.5095565594777334,0.5466760546615319,0.515444614969254,0.5443310456551437,0.5413994940014061,0.566535905993172,0.5088971517956083,0.5540485625689063,0.5215987557587523,0.5518631939872835,0.5246852364877655,0.560311649296557,0.5455974551382826,0.5288698370239938,0.509341862333959,0.5201793383036993,0.5126677757324647,0.17407665565296887,0.2429360010544623,0.18862871553389474,0.24526570803846706,0.14780624932852593,0.25930961579370526
0.79,0.79,0.79,0.4710993577635058,0.88,0.88,0.88,0.662873999157185,0.5889349272841663,0.5470620632020408,0.5786849695918177,0.5527276560103142,0.5791128659256986,0.5442279644843887,0.5916343628323726,0.5522166915347262,0.5822333564172242,0.5513289347022666,0.5888865012903446,0.5480529416022514,0.5894959509973582,0.5455974551382826,0.5561771259009182,0.5466088880009694,0.5606281777491313,0.5490595040096095,0.20235145960861567,0.2442608095207779,0.22515539959232378,0.24560559245517014,0.19965322476123204,0.26421975880910725
0.67,0.67,0.67,0.3157076205287713,0.855,0.855,0.855,0.572775486152033,0.5474411279535927,0.5362298202376115,0.5421164337290183,0.536203953417046,0.5426271322273414,0.5611775565941429,0.5602685314890296,0.5420447530888606,0.5408985578573543,0.5457925219781714,0.5492762987475097,0.5499658149604609,0.551612422246912,0.5701011538933928,0.5182645197148361,0.5344115112185924,0.5420787867134439,0.5404303190424761,0.20561003714028722,0.29984209263835376,0.20494264159645176,0.28462113732073224,0.21719337818029116,0.3114159210829846
0.685,0.685,0.685,0.33206106870229,0.76,0.76,0.76,0.2869875222816398,0.5751103487214773,0.5517279100619702,0.5918486585697472,0.5481427897119667,0.5900272760474615,0.5643303454343006,0.5947146215168951,0.5567886724610457,0.5666593343750179,0.5599403838086847,0.5804762701096926,0.5624023735593424,0.5738291235153528,0.5701011538933928,0.5545970932751962,0.5471207751164363,0.5629786880540419,0.5526842129435349,0.1938746566822594,0.28841381511067177,0.20409053374935743,0.285336509412243,0.20245878873879247,0.3153913001400481
0.595,0.595,0.595,0.108910891089109,0.695,0.695,0.695,0.2439266236985623,0.4894835875015767,0.4890239143030679,0.49535792576137383,0.48945193142839516,0.4826470706519972,0.5063579995929559,0.4924371908061927,0.4898887855806813,0.4853025933367569,0.4979341106504817,0.48016910038177346,0.5006022644734636,0.48508686405359674,0.512279688070049,0.4767822276828678,0.4912721503288492,0.4831522425433347,0.49188671701059966,0.1381328624973088,0.16034385646403693,0.13439399542263597,0.14414776906036475,0.1580476339699743,0.16187926880080708
0.515,0.515,0.515,0.0104060395837585,0.66,0.66,0.66,0.085406859448554,0.58910616480286,0.5588320664300155,0.5788777249903639,0.5555842540662658,0.5826706454573308,0.5569792882246046,0.56057216608744,0.5534099509101091,0.5759577405641003,0.5587414488537291,0.5765009928232238,0.5536521132918819,0.5647333930101136,0.5545114977102005,0.5716588703169412,0.5583178822243451,0.5741473669523719,0.5570973278605597,0.02663567138622954,0.07803987114438946,0.03222417947938043,0.08156842491756555,0.02939318736568568,0.07745546235320329
0.515,0.515,0.515,0.0,0.575,0.575,0.575,0.0816767502160761,0.5670827525984714,0.5470549814765023,0.5732481806029077,0.5458489936443546,0.5679929233247328,0.5538458091539366,0.5597607929917037,0.5499927362653292,0.5650799489126125,0.5505269239559318,0.5658519037390684,0.5533423294949826,0.5554859179050637,0.5547231458758887,0.5643869170677895,0.5461886021335726,0.520525940653206,0.5504255189428751,0.042175130581395846,0.03690430659698692,0.04566822871479985,0.030027326967085995,0.038609061298890204,0.03858864916448255
0.475,0.475,0.475,0.0,0.53,0.53,0.53,0.0769835035349568,0.565860785233798,0.5405982141885026,0.5742963232764788,0.5424573027779142,0.5675153525664162,0.5356918599011333,0.5691235316037295,0.5342130277841098,0.5644718590457057,0.5372958133696166,0.5733129881934803,0.5358678180118078,0.5705332700114457,0.5347884724315651,0.570051018088592,0.5403452151185894,0.5728229850878479,0.5423266749309736,0.03637111348715932,0.02472081415004252,0.040742649459521975,0.025393893491322705,0.027577732261060334,0.034979155066444646
0.47,0.47,0.47,0.0,0.475,0.475,0.475,0.0808823529411765,0.5036439520461172,0.48942288630091335,0.5054253164160215,0.48780314556869253,0.5411851706123608,0.4849252214976414,0.5191250494156566,0.4850795536488249,0.5057605538916552,0.48371185421335433,0.5240965474919065,0.48513709298620983,0.5133943902927663,0.48560284464126874,0.5042191334766074,0.48601335911351523,0.5177906009799318,0.48893271502592495,0.017288170612152726,0.0329278511478178,0.023499989931004595,0.032818044994901124,0.019174654683318134,0.03501625219014875
0.515,0.515,0.515,0.0,0.475,0.475,0.475,0.1025641025641025,0.4968535894531039,0.47507843084520757,0.4965756306568279,0.47905404467213947,0.5070972306072162,0.4906781243235589,0.5049114112089708,0.47649294936768755,0.5006953044612661,0.4867739177870325,0.5139171220975519,0.486332179917232,0.49930291991259007,0.4865017030754104,0.491566895376116,0.4794722278274469,0.48931549352870807,0.4803351552566837,0.02997713260022787,0.027362295933921477,0.024264998867895363,0.018292911129689542,0.02929559653868786,0.029572256350495898
0.535,0.535,0.535,0.0,0.53,0.53,0.53,0.1267998142127264,0.4900435829833185,0.4762562460752025,0.47880095481821405,0.48078784110239503,0.4956791832881074,0.4915556462135985,0.49373157421250435,0.4746467194709989,0.4871046182740274,0.48631211648159767,0.5039576713672425,0.4854669142211793,0.492779802175655,0.4894526401594784,0.47711135277680977,0.4817170507789836,0.4733912974541547,0.48137292323280506,-0.0036616223954612356,-0.006941372165132143,-0.006267542274740246,-0.01359327773860182,-0.003151512468684032,-0.004085318819978696
0.585,0.585,0.585,0.0,0.5,0.5,0.5,0.0891702340832497,0.47103309703274604,0.5281862158881122,0.4868482819124326,0.5287820657356149,0.48025844245678684,0.522921511516979,0.4858082788357698,0.5241799682373108,0.47662456638100587,0.5281653155544281,0.4881348581291564,0.5253840742809649,0.48983975990925965,0.5231463993844393,0.4766785406007144,0.5223931682994408,0.5138990869004924,0.5291125001744253,-0.007649397967288075,-0.035167848124923275,-0.01700758864503046,-0.03262375885651761,-0.010873914937254361,-0.03215784158003288
0.62,0.62,0.62,0.0,0.485,0.485,0.485,0.0778871978513875,0.5071445290143577,0.5626127838909781,0.5087768984427933,0.561274425843778,0.5273905288943015,0.5570605629531769,0.5184174365152774,0.5587307577569632,0.5145793674332558,0.5617886077841042,0.532117591562395,0.5604493392319966,0.5146359441221896,0.5590437711402723,0.5058786864595866,0.5629414294188991,0.5545182447505683,0.5595188525640663,-0.01712226561582317,-0.06005358516790369,-0.02115791197146984,-0.05749741472714489,-0.01592379947098896,-0.05293579505392782
0.59,0.59,0.59,0.0,0.52,0.52,0.52,0.0660570094367155,0.5607416962434932,0.5569887088629792,0.5599858211493102,0.5549861967224756,0.5545267896786903,0.5626443685598982,0.5541698224908262,0.5575406897165348,0.5583587829980802,0.5543554924793183,0.5632480383671534,0.5557528798937316,0.5554369406124149,0.5632124490949053,0.5373536053134045,0.5564679354663187,0.5942979671062205,0.5506529550522561,-0.01664510840153055,0.005575000205651868,-0.009631171844098651,0.0062460497151360025,-0.01486764406041891,0.013732874090638662
0.55,0.55,0.55,0.0119661872872983,0.555,0.555,0.555,0.1945701357466063,0.5298646821695976,0.5188668083650096,0.5243538090390663,0.5227728816188213,0.5294700243760372,0.5327444506427098,0.5254468892815088,0.5179971104603898,0.5371785265913851,0.5271303594654873,0.5347095334713073,0.5304686464114673,0.5227722884419815,0.5324711794615078,0.5112218860925289,0.5186253590273363,0.5504798984292524,0.5236019188100907,-0.004292026512879299,0.01797093569272648,0.0022544057382049695,0.021925774232012984,0.0010990319715431472,0.03161567637736883
0.635,0.635,0.635,0.0631416837782339,0.605,0.605,0.605,0.233009708737864,0.59439795471398,0.5932424531127124,0.5908048712704642,0.5911208747751854,0.5762279321664074,0.5794792526009528,0.5586796963623003,0.5921845005460363,0.5932243640712619,0.5837742870671484,0.5814685798660517,0.5825395874643606,0.5674676674111794,0.579456316650815,0.576484627758345,0.5935573124822507,0.6056506876039348,0.5905648332722119,0.039668201356071804,0.020930259487824763,0.030015067315610714,0.03735973539882869,0.0274871477806612,0.05108898907536103
0.705,0.705,0.705,0.0849875930521092,0.71,0.71,0.71,0.3610223642172524,0.6214905937912838,0.6193653991119662,0.623565072607401,0.618970368521943,0.6286471131460659,0.5964221841299838,0.5975577334715673,0.6164395254685648,0.6205929166704774,0.6149942154467981,0.611342186370227,0.6110542576954743,0.6055115429191011,0.5974705613616235,0.6239990210287898,0.6174470747114388,0.6262060039305606,0.6205686880657267,0.09132358883595444,0.06719953160158097,0.09340195498782308,0.0725435951375452,0.09721844756880815,0.08429081266059626
0.705,0.705,0.705,0.0849875930521092,0.75,0.75,0.75,0.4123868844752615,0.6561521649829811,0.6415673290519822,0.6517164911837136,0.6357344253189152,0.66266834859012,0.6203315062557025,0.6273137601657924,0.639027096451172,0.6597079149994723,0.6346265277347224,0.647634751216801,0.6308593709717835,0.632378635852771,0.614142800460987,0.659124489783306,0.6386690560134638,0.676628965774593,0.6374578800330606,0.11294811481508613,0.08787640191004148,0.1203535423139986,0.09453056439432016,0.1187599080112189,0.09931677025393704
0.61,0.61,0.61,0.0570599613152804,0.79,0.79,0.79,0.4710993577635058,0.6369720367613564,0.6248047195721443,0.6262480384277311,0.6225673139806126,0.6421410356800599,0.6162034683243328,0.6109043489723276,0.6231940314687874,0.6398653207847637,0.623904828025283,0.6370326955840881,0.6217497333189882,0.6148917492243675,0.6117126606527375,0.6278458713707938,0.6235500269110739,0.6797704477118683,0.6283485906484217,0.06849013425092107,0.05296104877061318,0.07694251735514619,0.06464181457076841,0.07987842921606746,0.06016891309131965
0.56,0.56,0.56,0.046793760831889,0.67,0.67,0.67,0.3157076205287713,0.5534399224123266,0.5981662720113669,0.5651851820056535,0.5980510968009194,0.5594800750874842,0.5927575321866903,0.551405390759117,0.5940274807669964,0.5494632293870061,0.599292258786969,0.5589854180267028,0.5986280394141551,0.5545001873987202,0.5904139975070406,0.5661829391480009,0.5958990855311853,0.5937944445708615,0.6024718909771013,0.021328489976189816,0.03481500644061875,0.026709384626051835,0.04015097809680136,0.02206356430105997,0.04830378715693746
0.56,0.56,0.56,0.046793760831889,0.685,0.685,0.685,0.33206106870229,0.5728855214875661,0.5978440669368882,0.5733664925368324,0.604296501239039,0.5920404604362386,0.5860684455604498,0.5518513560465313,0.5963429904721148,0.5608671179277269,0.60341351222853,0.5670852268718295,0.598547575561188,0.5557189333060778,0.5789864221054526,0.571135764568493,0.604020708285748,0.5851622778690209,0.6068928863474632,0.046368391041177126,0.05826991496972221,0.03754846346066171,0.07738196109467091,0.0399070073138804,0.08248233538346515
0.58,0.58,0.58,0.0135055783910746,0.595,0.595,0.595,0.108910891089109,0.5645463478992317,0.6257037712692417,0.5585313689763274,0.6248984470614206,0.5731031072664833,0.6016157402511098,0.551101683549786,0.6225990779015512,0.5580309132017556,0.6199535829107615,0.5601266711649221,0.6147541067688528,0.5592370017336649,0.5959689186136471,0.5508394738485503,0.626870590397432,0.5764153295656191,0.6304526480941698,0.010236197614361333,0.07239587088620256,0.002663676294914637,0.07558946020312919,0.006424110268475451,0.07755571460735579
0.54,0.54,0.54,0.0432612312811979,0.515,0.515,0.515,0.0104060395837585,0.6797679812439092,0.7168236514113988,0.667283928238142,0.716396352534196,0.6858559379520862,0.7015483762538666,0.6657387497185266,0.7151650862626109,0.6713437343378172,0.7118980219538753,0.6701181133293266,0.710843994197575,0.67662649561309,0.697009974051491,0.6636679560301196,0.7188029396017621,0.7296571444302289,0.7126298925499389,0.13353026176191074,0.2372231090956653,0.13132765199442328,0.23835033767958097,0.12859209590328682,0.24000158284917292
0.56,0.56,0.56,0.046793760831889,0.515,0.515,0.515,0.0,0.687530422446626,0.702989502384015,0.6760347359572468,0.7044670955832001,0.6857660314790388,0.7004621767167649,0.6806395197042931,0.701817569427611,0.6817988591138141,0.7061950474212798,0.6804081209296066,0.7063392524739137,0.6874506426370485,0.6971378047646511,0.6808415842094895,0.7069355869180695,0.7427765273247936,0.703675019640085,0.13962017578279856,0.22218898174503632,0.13464031275483884,0.22203589243134542,0.1353416687940196,0.23001710242513349
0.6,0.6,0.6,0.1208791208791209,0.475,0.475,0.475,0.0,0.6377151936853295,0.6894411461267782,0.6355956927266899,0.688915686797011,0.6563708244469308,0.699485459621153,0.637853568411647,0.6867604113166764,0.6360265164480504,0.6871730995926204,0.6340514288766625,0.6874544529726099,0.6457799849918826,0.6991723103651961,0.6289401536022623,0.6904454411996507,0.7234874677585311,0.6896328427759553,0.2129605006426703,0.25262552715087544,0.2081536932463256,0.2541152129523335,0.2079711168562962,0.25085354334571264
0.64,0.64,0.64,0.1408114558472555,0.47,0.47,0.47,0.0,0.6307688740624531,0.6700594150389785,0.6308198102440842,0.6725627102238867,0.6422675281897446,0.6997234648003381,0.6406480486761739,0.666720504276799,0.6235713091679687,0.6795635329094619,0.6364973411825942,0.6843650713425069,0.6402610958164474,0.6982598668908261,0.6170560112802778,0.6692818899817322,0.7092292263309432,0.6719312348714485,0.21363429027478045,0.26291450901364866,0.2133638993089285,0.274523079188069,0.20798729921887357,0.27444020634623023
0.75,0.75,0.75,0.21875,0.515,0.515,0.515,0.0,0.6636254479611348,0.711597620104802,0.6592420878413137,0.7040804358675585,0.6661984069931232,0.704532714215394,0.6549166669722105,0.7098360439399224,0.6584576285567482,0.7017083130623779,0.66877258189084,0.7024665631352682,0.6578121029386367,0.7006288524561877,0.6535330561720705,0.7080283300271157,0.7221429396755812,0.7038893982601374,0.24004685241398402,0.2749325049297721,0.23525208194896713,0.27924861460760325,0.23202761421137216,0.27864025721090757
0.715,0.715,0.715,0.1746307558644657,0.535,0.535,0.535,0.0,0.6585690006058534,0.6989120482804383,0.6533286234499086,0.6967412766025751,0.649885783214689,0.701895620253368,0.6558751838980985,0.6977506095357895,0.6436697925136392,0.6959811935729395,0.6577423216803765,0.6964668590023053,0.6618423131596382,0.6991723103651961,0.6475831231310534,0.6995664955511435,0.7081004419217768,0.6962494174716677,0.25096233336267254,0.3034377345842792,0.24427661577519488,0.2964894755051242,0.24291461258933125,0.2997462027641146
0.73,0.73,0.73,0.185888738127544,0.585,0.585,0.585,0.0,0.6547030386818931,0.7122466219891579,0.6549243332935468,0.703734684010954,0.6494074833304773,0.7001858865012692,0.6465051404013394,0.7085152247733303,0.6403020456540978,0.6987585256084902,0.6526317391488985,0.6957044689214545,0.6509927469121256,0.6982598668908261,0.6563685186592881,0.7098391610779452,0.7137343947065139,0.7025194136308753,0.2413338000697022,0.304340801013076,0.24586622765752508,0.3021494507666381,0.2432340626623285,0.30587228063154676
0.75,0.75,0.75,0.1473396998635743,0.62,0.62,0.62,0.0,0.5155287869096156,0.5095469375904849,0.5272234933978922,0.5104665474116641,0.535128859594151,0.5286199221271788,0.5202774734530048,0.5087230528172216,0.5137897000717746,0.5151828733207827,0.5216963227851542,0.5179396737678506,0.5205379695781579,0.5273169762117178,0.5204973111806004,0.5110858673145834,0.5479123762114286,0.5136358230099436,0.05587576905301389,0.06287980869041428,0.05942198035583015,0.06322928406247169,0.0633260293990472,0.05636137346603397
0.66,0.66,0.66,0.085406859448554,0.59,0.59,0.59,0.0,0.5407514415436391,0.5346687138497089,0.5452721208423825,0.534758844185697,0.5642654283479599,0.5400453133711869,0.5327632963676692,0.5336549279326362,0.5415414593028067,0.5360143044506466,0.544824657859721,0.5355099094625472,0.5389060543817566,0.5382916242458116,0.5348435116372486,0.5378857006521285,0.581707563504498,0.5421155985119754,0.04958061348096008,0.07425294438394887,0.04553712652633192,0.07748388113634007,0.04867374102863343,0.07655887431253358
0.67,0.67,0.67,0.0,0.55,0.55,0.55,0.0119661872872983,0.48642580152534853,0.5271478414659699,0.5167337200739176,0.5295628738419822,0.4815137647685139,0.5440431701086904,0.4954325183021922,0.5320118527653748,0.4998757977537036,0.5293577905931007,0.49047926413832416,0.5328884251974327,0.5013615628252792,0.542812598397327,0.5030019258814916,0.5293040280477967,0.5152868594465836,0.5394290012242373,-0.017373511216748086,0.006370562754225602,-0.014383732942945742,0.006654905249056592,-0.018842592851835736,0.001601944578541903
0.705,0.705,0.705,0.0,0.635,0.635,0.635,0.0631416837782339,0.48389211074440236,0.5229492612535492,0.5102910680519852,0.5256697308282984,0.4715855036741631,0.5440431701086904,0.4980856741053547,0.5273113412379696,0.49806528308169695,0.527751647059126,0.4913041299836591,0.5312177697596773,0.502043907998015,0.542812598397327,0.49917325183381805,0.5265964463186135,0.5029352509946745,0.5346383430636045,-0.013686970640980293,-0.0013467945256747551,-0.013632827056464795,0.005591282023020406,-0.015018456878579054,-0.003948860610571061
0.665,0.665,0.665,0.0,0.705,0.705,0.705,0.0849875930521092,0.46332391460961037,0.5085071584529095,0.4809373393627424,0.5115793370256246,0.47838154428924334,0.5138941927298636,0.46157586344426116,0.5100087552829176,0.47995370525395237,0.5088503071480222,0.45923251641331303,0.5078319024798155,0.4687496036764368,0.5127809313644786,0.4678807344269304,0.5112648541304184,0.4931339832761421,0.5161611127699244,-0.010447115168664877,0.04401339385376057,-0.010592163067234336,0.04805386767976604,-0.016391903289434562,0.03267057560444776
0.665,0.665,0.665,0.0550070521861777,0.705,0.705,0.705,0.0849875930521092,0.5263844267406621,0.5047357763099243,0.5397896010275579,0.5034986536548476,0.5561699261388361,0.5146794784654892,0.5113897052422895,0.507239324558333,0.5347087963245555,0.5032930046244273,0.5170171588651378,0.5071926881608356,0.5144346838176657,0.5150392510734226,0.5345870670782665,0.5019356179838335,0.5300185552826507,0.5086036012522364,0.05646852416162786,0.03373057848344342,0.05867448394809996,0.02997184376552432,0.06166725254556844,0.02094490578570825
0.66,0.66,0.66,0.0538472241547238,0.61,0.61,0.61,0.0570599613152804,0.5788020299306162,0.5617900511390763,0.5932981315754452,0.5595528014559825,0.5835781452506924,0.5704678915446795,0.5701278216862564,0.5640618919916559,0.5829942382366685,0.5559881804896577,0.5710483005415289,0.5610207432577287,0.5656680936075315,0.5728832680490897,0.5725100094356149,0.5634472357703822,0.5824643754680287,0.5627979116102473,0.0520546983085436,0.015013910723033397,0.04974106247238678,0.016475581468776118,0.06274293611566127,-0.0009392095577111154
0.72,0.72,0.72,0.0702307820023244,0.56,0.56,0.56,0.046793760831889,0.573675423259165,0.5508876107696449,0.5810231014095287,0.5531798052811827,0.5801494335996186,0.5760504524279069,0.5577825382421694,0.5526873861363362,0.5796715271723677,0.5559132178210029,0.5667743559373757,0.5631036916234812,0.558678869300457,0.5766505152221314,0.5671674155615637,0.5525632124757471,0.580012666135163,0.5537265254806586,0.04875465833105659,-0.006833494963480797,0.05099183409243467,-0.0043412416989976905,0.06279437993770562,-0.012358733024749071
0.735,0.735,0.735,0.0753663642707604,0.56,0.56,0.56,0.046793760831889,0.5816299914940222,0.5750234306337666,0.5968274995038547,0.5713139075899681,0.5929646858725006,0.572019932676622,0.5580129777128494,0.5771485448083883,0.5997008611654738,0.563981626240073,0.5748108223886087,0.5693057505498819,0.563588167772573,0.5702970267551296,0.5758535405443128,0.5753577982959301,0.600082728030627,0.5701324321549543,0.06026458202960446,0.018693974500708647,0.06469558920517822,0.016830899144610414,0.07448621578113696,0.0050560694970822944
0.705,0.705,0.705,0.0655685777636997,0.58,0.58,0.58,0.0135055783910746,0.5896220567746862,0.6029163013491022,0.6170976320443348,0.5964033697430814,0.5991306640987024,0.587343183820626,0.5727703278219184,0.6005016462205608,0.6076907272541094,0.5873155203405408,0.5930012759016298,0.5877199216794012,0.582081677728087,0.5885838423438149,0.6038986696573899,0.6003252215952338,0.6078055832246086,0.5946402922653081,0.0644688061077611,0.07086859076238433,0.06842143125511248,0.06735286428290105,0.07678354671986054,0.05961303270811201
0.655,0.655,0.655,0.0527182866556837,0.54,0.54,0.54,0.0432612312811979,0.6155717102352583,0.608598574097298,0.6333019859776843,0.6034640724178417,0.613113712377634,0.5991187902140281,0.5900715467634575,0.6088038404672196,0.6249093698546424,0.5973961705521025,0.6083560554778918,0.5946855694708522,0.595697298910867,0.5964177230876674,0.6151931626024537,0.6078878991692063,0.6360980866711256,0.6059173717212446,0.08020197596515177,0.055000255693447915,0.0703460433684584,0.049454287664303674,0.07713708241191308,0.04556507364515142
0.735,0.735,0.735,0.0753663642707604,0.56,0.56,0.56,0.046793760831889,0.568201033888518,0.5840495739089747,0.6035422422010468,0.5822752107499762,0.591905133293622,0.5904999951233552,0.5690530197906734,0.5798174764602562,0.5807712405220442,0.5825381099114231,0.5736356563883116,0.5845786405851968,0.5723531694171322,0.5936538742119625,0.5827949755440648,0.5848623441675845,0.5801620732604683,0.5864446585823367,0.06293102652251453,0.04550162196167531,0.0622629567576464,0.03642640726677624,0.07335763876540628,0.0356970362874794
0.655,0.655,0.655,0.0,0.6,0.6,0.6,0.1208791208791209,0.5563896002427267,0.586557796155482,0.5609438241766558,0.5866553765584936,0.5267878331627167,0.595589753963965,0.5445744174483146,0.5857975435862348,0.5724510760535226,0.585736428888868,0.558957352692809,0.5890083403954464,0.545621289040369,0.5948308506144918,0.5464878273334385,0.5890275956942068,0.5679986425965136,0.5913815924279214,-0.006409394275553836,0.039697218374267255,-0.0013817940931254921,0.04098189206935023,-0.009024750621062113,0.034375345648066755
0.59,0.59,0.59,0.0,0.64,0.64,0.64,0.1408114558472555,0.5489363074236162,0.5634381892716203,0.5491506156730683,0.5639506275432004,0.5212285112586815,0.5662833880573579,0.5276415014965994,0.5620237745429228,0.5532355773436621,0.5587238616299537,0.5460216844011532,0.5601599394915509,0.5252919256065218,0.5674549637224279,0.5344191313550133,0.5616527459881961,0.5602877068124618,0.5645780016861163,-0.010344889422722253,0.02345299707593383,-0.009078194403205422,0.02986699441569607,-0.01303929326741676,0.02431646171829419
0.54,0.54,0.54,0.0,0.75,0.75,0.75,0.21875,0.5000181242712731,0.5477162657760135,0.5170588109481089,0.55097851227846,0.4834226442230459,0.5555368558188469,0.5077263770118617,0.5441812640691946,0.50459042538213,0.5457855440005455,0.5003638492623328,0.5505909963361989,0.5130327849539055,0.5549166268634823,0.509107648632853,0.5448251451401613,0.517544086471056,0.5518636768304044,-0.01257218407258868,0.019745493565334997,-0.017033932604276984,0.015565365940143395,-0.013875162757951915,0.012410437292966918
0.56,0.56,0.56,0.0,0.715,0.715,0.715,0.1746307558644657,0.540114750516616,0.5682556160801743,0.548861070035279,0.5672458185582948,0.527702704706101,0.5772473977962326,0.5365000699236994,0.5636738902875421,0.5512724089416037,0.5666342753106715,0.5482304914737105,0.5698633387882522,0.5450040066415685,0.5760848803072306,0.5302080234962478,0.566962491485472,0.5729022683552316,0.5654631369332344,-0.01714323743583624,-0.021386691576953835,-0.017085639104198167,-0.016360883387184305,-0.018270195277494572,-0.01848143295999416
0.585,0.585,0.585,0.1048317515099223,0.73,0.73,0.73,0.185888738127544,0.5879826932363869,0.5910878586837679,0.6036833094545756,0.5877953343766418,0.6135155622580898,0.590227015868287,0.578291280591834,0.5876743583280134,0.5954465419169206,0.5824102269110303,0.5859519463572562,0.5847129596449547,0.584360100252558,0.5925924582560288,0.5883360811018764,0.5881144014994835,0.6296081372212987,0.5869242305774085,0.13488642018316407,0.029730170085774946,0.1301102182268036,0.028819237538159338,0.1337424815246776,0.02595773421184402
0.57,0.57,0.57,0.13245233531726,0.75,0.75,0.75,0.1473396998635743,0.6363346529093121,0.6400403020264964,0.6325891298122203,0.640104259963424,0.6330450550987047,0.6266644882979504,0.6205301730108067,0.6398980780096698,0.6282919046732625,0.6353201951078824,0.6255211008970606,0.6339491170394069,0.6197472388911478,0.6245061642319265,0.6259542656219578,0.6446245661625831,0.6697323164721244,0.6415955002737681,0.18130099063834196,0.1013394975036041,0.16717115228499874,0.09761931918113526,0.18175256191345734,0.09938065225457264
0.625,0.625,0.625,0.2043284532145129,0.66,0.66,0.66,0.085406859448554,0.6252217685053983,0.6392696351172052,0.620546048591606,0.6383357073558752,0.623486334321586,0.631687156556727,0.6074434860122813,0.6408891664555678,0.6153968015179283,0.6343866530969059,0.6172194581206694,0.6354135073883607,0.6158237383064755,0.6274528538395577,0.6182396700687552,0.6433617325141063,0.6622299475088997,0.6408535502453122,0.1782695841361391,0.09409447005999304,0.16899779951108118,0.09595699724136682,0.1767244016434619,0.0984042476840059
0.7,0.7,0.7,0.2857142857142857,0.67,0.67,0.67,0.0,0.6868283481820253,0.7134980408487313,0.6906279993958275,0.7095645075014357,0.7104463103522785,0.7137920829415404,0.6820971339635107,0.7147804821431369,0.6824440304117212,0.7133526678717064,0.6915798266916452,0.7165391292074572,0.6804262078681732,0.7088114978012432,0.6817059687793091,0.7154183560098323,0.7556496061377366,0.7140698471758199,0.25566557855543776,0.2767394260632326,0.25291265091666265,0.28144593649370153,0.2542669316512999,0.27831269708086137
0.745,0.745,0.745,0.3359375,0.705,0.705,0.705,0.0,0.7070685655226407,0.7300741415202325,0.7149602366424189,0.7241337470832586,0.7281424602214299,0.709355933941462,0.6980607901140934,0.7309379649486786,0.7108930876253182,0.7225874773790777,0.7172386281192777,0.7201342692687055,0.699986993591064,0.7064481239563379,0.703112773283932,0.7269235008751875,0.7773712297522055,0.7226430136328241,0.26842600772318637,0.29889166559531566,0.2724455826802768,0.3002337992471165,0.2688498091304003,0.3070477355336393
0.81,0.81,0.81,0.4277108433734941,0.665,0.665,0.665,0.0,0.7506958880541418,0.7459329526535425,0.7614533775012147,0.7400341432190737,0.7552380484613304,0.7174329090937249,0.7302964611084236,0.7457440580769541,0.7514121993651119,0.734706896741559,0.7516580688884669,0.7301326708344609,0.7416648606198809,0.7104424773821849,0.7527562936990774,0.7465645645083262,0.7802483791873276,0.7406572104678475,0.3009964385935591,0.31410741378026613,0.29897495265454155,0.3052130033829693,0.3089185789794076,0.3157229151878188
0.79,0.79,0.79,0.375,0.665,0.665,0.665,0.0550070521861777,0.7155326878848142,0.7475069974771343,0.7301038965384995,0.7425507200160614,0.7059816014676628,0.7138154559151697,0.7064147859664526,0.7442024867589526,0.7136037062414395,0.7311150717082041,0.7123781299492972,0.7283198771993031,0.7135613705032049,0.7094794298197792,0.719965923924791,0.7453027876959947,0.7510717808016085,0.7371806086327327,0.2850408117037366,0.3143911941079358,0.2764020476303386,0.3049830225217264,0.28951798728996325,0.3155772707769945
0.76,0.76,0.76,0.2442135096835145,0.66,0.66,0.66,0.0538472241547238,0.6356178534535171,0.6534084588184561,0.6467077377664368,0.6544786468573036,0.6376736661020564,0.6365594407701947,0.6239867634870909,0.6528926501218036,0.6347138278053438,0.6532128098597005,0.6371147692558804,0.6495811648712866,0.6329996429287739,0.6297341831567005,0.6476298225408241,0.6594419159386036,0.6886039809637626,0.6587942052022656,0.22574292276417066,0.16047744663412314,0.21270460533483723,0.15366566297960144,0.2323079059503312,0.16618959422988788
0.75,0.75,0.75,0.0558912386706947,0.72,0.72,0.72,0.0702307820023244,0.5945497932501442,0.6070080759673971,0.5874847103846655,0.6082427578192205,0.6063725612761582,0.5990825759537171,0.5792469715559129,0.6073186803719574,0.6017169687607401,0.6040905483124369,0.5855930149715063,0.6030288997848509,0.5809715218628192,0.5959689186136471,0.5885174155054985,0.6094443629187336,0.6174273228208499,0.6127177909078411,0.05613250569080813,0.0583467708730415,0.03541397132014343,0.05345962304145433,0.03959733171729959,0.059610547332192544
0.7,0.7,0.7,0.0349042946758887,0.735,0.735,0.735,0.0753663642707604,0.5565527402439062,0.5997215661720549,0.5567444701111627,0.6033236776400365,0.6006189572337621,0.5982347900587848,0.5544061611464507,0.5978442269671285,0.5674658414449739,0.598390224128918,0.5605233430384781,0.5969036269050213,0.5627892098899533,0.5956118588752283,0.5600632451897424,0.599523943685826,0.5722111140859547,0.6051798546677464,0.03457779403166373,0.08116910763169972,0.03276674638849031,0.07559747777051615,0.034659903862667485,0.07731429032748785
0.72,0.72,0.72,-0.0099188458070333,0.705,0.705,0.705,0.0655685777636997,0.5961653497549492,0.5841633970687548,0.5774114259523222,0.583459687770048,0.6051755599773291,0.5832532493330836,0.5748159142578035,0.5840072742415927,0.5865895844177581,0.5822580360088295,0.5875033602984017,0.5816726141821155,0.5734298274338429,0.5786534910439535,0.5705047255445218,0.58522654052324,0.5835182911289181,0.5890872178875707,0.023978811716923894,0.022370455356067263,0.021833272897290455,0.025006744821714447,0.016242752824134652,0.014929547317218544
0.745,0.745,0.745,-0.0099009900990099,0.655,0.655,0.655,0.0527182866556837,0.6153136803615687,0.6117308843715505,0.6207294992101358,0.6099302463322065,0.6228792024635611,0.6000301056419719,0.6105400761588415,0.6089210553872106,0.6216372648509172,0.6049857814112336,0.608201566536793,0.6037730224540521,0.6177170337934205,0.5973300585586883,0.6190924376925501,0.6137910954770932,0.6253047282703732,0.6124526832587148,0.012741046676024829,0.04381738304403403,0.013534814160546253,0.04294542245923815,0.0156378645975283,0.03775225485406731
0.655,0.655,0.655,-0.0099531615925059,0.735,0.735,0.735,0.0753663642707604,0.5987056594501605,0.6167881972154219,0.5878720974775187,0.6146156104220453,0.5834342253569264,0.6018382503467894,0.5790298132752421,0.6133554287236787,0.5904786986678782,0.6094929268573258,0.5850683646160887,0.6066001214376612,0.5819894545513838,0.5999524701226548,0.5871588989968409,0.6150665052001751,0.6064497843473982,0.6154544938434963,0.012311992925022707,0.03300032535415846,0.00621582892047508,0.04403007222859977,0.006957688921595662,0.03457774160607172
0.575,0.575,0.575,-0.0099809885931558,0.655,0.655,0.655,0.0,0.5416190632393907,0.5683163804276815,0.5450458225577977,0.5661221761843701,0.5371207025389444,0.5780199484568003,0.5360333944311615,0.5646232867996754,0.5428415375635405,0.5656342616672638,0.540321543097517,0.5675895297231338,0.536010445333565,0.5788165220708382,0.5187039768815025,0.5661675834072084,0.5620933428530299,0.5671302371908695,-0.015621746310365493,-0.006751378787265802,-0.01672187359410142,-0.0007130177674773821,-0.017472558505792345,0.00016043215203250026
0.59,0.59,0.59,-0.0099765981032147,0.59,0.59,0.59,0.0,0.5299700797403201,0.5594535705038463,0.5378048270701146,0.5585894638399357,0.5445795687821899,0.5702533092707608,0.5180289601187659,0.5538875756265075,0.5368577572948728,0.5573574456061395,0.5313732346150541,0.5614420813980978,0.5232881872272698,0.5707591426188041,0.5248122620235368,0.5583427742858251,0.5750637979904123,0.5578572867192704,0.007816902081849039,0.02143045173352123,0.00364670902904578,0.02579649274627795,0.00040333402373160976,0.02378125113569632
0.56,0.56,0.56,-0.0099850797658671,0.54,0.54,0.54,0.0,0.5669911057003972,0.5906261485575235,0.5763937230097196,0.5879939355954349,0.5756741518456541,0.585872233920116,0.5460868202392002,0.5859819967604025,0.5772661446091443,0.5824470724199746,0.5663291047691936,0.5846096110619887,0.5555497691264802,0.5833163784059882,0.5590298309250274,0.589573275995696,0.6077783960762704,0.5862073903561349,0.0045165475327475285,0.015996387995897983,0.0010636370724156506,0.02720705283918046,-0.0013969724692155393,0.03523946921577595
0.535,0.535,0.535,0.0,0.56,0.56,0.56,0.0,0.5642661577716344,0.5508525958908003,0.5579507823833175,0.546624439919142,0.5405382173565956,0.5597963512062695,0.5370222352026481,0.5523731161246448,0.5665608700326288,0.5475469276977207,0.5542567199296127,0.5487074364535993,0.5480890507826524,0.5593011004413668,0.5394899011829394,0.5487420933687321,0.5781506712993647,0.5472620712527384,0.018649483406298954,-0.028346508045614026,0.015919681682574557,-0.02726051246641264,0.011131536228658784,-0.022426390313635015
0.44,0.44,0.44,0.0,0.585,0.585,0.585,0.1048317515099223,0.5430399923864997,0.5859727060413081,0.5366613218046807,0.583256465536251,0.5497325715477912,0.5775540812411311,0.5264789473497169,0.5803490518375007,0.54372597572862,0.5767500703648187,0.5464602635861318,0.5772332914623204,0.5304022490896505,0.5817369905382638,0.5379522407841023,0.5842586045924417,0.5726828842383122,0.5816255088219326,0.002684374194816893,-0.02343878593067691,-0.013745347070415297,-0.02711008037032147,-0.019661739591683797,-0.019186725420286363
0.37,0.37,0.37,0.0,0.57,0.57,0.57,0.13245233531726,0.529320669268385,0.5758295287374713,0.5353089625942076,0.5752523719550404,0.540786750470072,0.5827034865021621,0.5201458983692232,0.5749600254973772,0.5466651821044578,0.5722917591780114,0.5421044488937878,0.5757241092297252,0.5298070804223224,0.5822577427367072,0.5312501939578075,0.5797157464339214,0.5549262517742308,0.5795624314366264,-0.02966872732604016,0.002914334464732044,-0.026049220696010643,0.0031522335758526216,-0.03395168678759935,0.0061629852737701465
0.375,0.375,0.375,-0.1442694983522519,0.625,0.625,0.625,0.2043284532145129,0.5994874733930726,0.6241587562258054,0.6292402641023556,0.6215754874952094,0.6347014845712533,0.613915682603621,0.599875492745499,0.6221110373138162,0.610820553847936,0.6128008773015116,0.6022227093693048,0.6168670919266759,0.6140611229434856,0.6132262980551605,0.6171433540548077,0.6238387365403533,0.6360646541473614,0.6231948263811975,0.19148578298970256,0.09781602838130081,0.1846845349736078,0.09880776390388069,0.20109316177371278,0.10465101575433003
0.405,0.405,0.405,-0.1526540100736146,0.7,0.7,0.7,0.2857142857142857,0.6216156525180241,0.639354966880926,0.6372401375648292,0.6396095383028788,0.6367961878718562,0.6227823056736137,0.6101101363046413,0.6360642666092896,0.6202748004587826,0.633269300872931,0.6315888656619988,0.6315741425327575,0.6184649322656004,0.6187280489917241,0.6343715409130224,0.6459747872239215,0.6305726952844459,0.6420121272930575,0.26000128353191493,0.12288657929344013,0.24272988392452186,0.12947790998605369,0.265513209813787,0.1385777871752694
0.43,0.43,0.43,-0.1493094061901401,0.745,0.745,0.745,0.3359375,0.6733615594402068,0.6048082636547308,0.680714452120299,0.6055257694234188,0.6713976692515012,0.5882486129714698,0.6651400494382185,0.6047896076195538,0.6690591401550592,0.6004755536134104,0.6838082370849827,0.5961489996254709,0.6706183730899041,0.582905628396528,0.6737421089030622,0.6103077976868678,0.665568618979381,0.604001131046056,0.2641946251086845,0.13456384803156782,0.27866420054355584,0.13743357894685973,0.2759297319053061,0.13758508102920847
0.465,0.465,0.465,-0.1704222270837891,0.81,0.81,0.81,0.4277108433734941,0.7240669994153659,0.705450237800099,0.7244407860785118,0.7062299717250093,0.7227784272144667,0.6883428233369713,0.7199705900469812,0.7049753161518706,0.7189054914764639,0.6996254371374094,0.7250373374850594,0.6964656402957909,0.7205772860425519,0.685664838921825,0.7125532611113815,0.7042752149039719,0.7569310857313306,0.7033835480755136,0.35869855023122904,0.31234684918818534,0.3532389374391893,0.3065988394596265,0.35677331084652236,0.31170567507767555
