#
# A fatal error has been detected by the Java Runtime Environment:
#
#  SIGSEGV (0xb) at pc=0x00000000005850d4, pid=253520, tid=296202
#
# JRE version: OpenJDK Runtime Environment (21.0.8+9) (build 21.0.8+9-Ubuntu-0ubuntu124.04.1)
# Java VM: OpenJDK 64-Bit Server VM (21.0.8+9-Ubuntu-0ubuntu124.04.1, mixed mode, sharing, tiered, compressed oops, compressed class ptrs, g1 gc, linux-amd64)
# Problematic frame:
# C  [python+0x1850d4]  PyObject_RichCompareBool+0x44
#
# Core dump will be written. Default location: Core dumps may be processed with "/usr/share/apport/apport -p%p -s%s -c%c -d%d -P%P -u%u -g%g -F%F -- %E" (or dumping to /home/henriqueramos_qs/meta-learning-concept-drift/notebooks/core.253520)
#
# If you would like to submit a bug report, please visit:
#   https://bugs.launchpad.net/ubuntu/+source/openjdk-21
# The crash happened outside the Java Virtual Machine in native code.
# See problematic frame for where to report the bug.
#

---------------  S U M M A R Y ------------

Command Line: -Xmx8g -Xss10M 

Host: Intel(R) Xeon(R) Gold 5220R CPU @ 2.20GHz, 96 cores, 187G, Ubuntu 24.04.3 LTS
Time: Fri Aug  8 09:49:40 2025 -03 elapsed time: 2055.512367 seconds (0d 0h 34m 15s)

---------------  T H R E A D  ---------------

Current thread (0x0000700128009110):  JavaThread "SIGTERM handler" daemon [_thread_in_native, id=296202, stack(0x00006ffff9800000,0x00006ffffa200000) (10240K)]

Stack: [0x00006ffff9800000,0x00006ffffa200000],  sp=0x00006ffffa1fe650,  free space=10233k
Native frames: (J=compiled Java code, j=interpreted, Vv=VM code, C=native code)
C  [python+0x1850d4]  PyObject_RichCompareBool+0x44
C  [python+0x235fca]
C  [python+0xf9521]  PyErr_SetInterruptEx+0x32
j  org.jpype.JPypeSignal.interruptPy(I)V+0
j  org.jpype.JPypeSignal.lambda$getSignalHandler$0(ILjava/lang/Object;Ljava/lang/reflect/Method;[Ljava/lang/Object;)Ljava/lang/Object;+7
j  org.jpype.JPypeSignal$$Lambda+0x0000700140007870.invoke(Ljava/lang/Object;Ljava/lang/reflect/Method;[Ljava/lang/Object;)Ljava/lang/Object;+7
j  jdk.proxy2.$Proxy3.handle(Lsun/misc/Signal;)V+16 jdk.proxy2
j  sun.misc.Signal$InternalMiscHandler.handle(Ljdk/internal/misc/Signal;)V+8 jdk.unsupported@21.0.8
j  jdk.internal.misc.Signal$1.run()V+8 java.base@21.0.8
j  java.lang.Thread.runWith(Ljava/lang/Object;Ljava/lang/Runnable;)V+5 java.base@21.0.8
j  java.lang.Thread.run()V+19 java.base@21.0.8
v  ~StubRoutines::call_stub 0x00007001a8dcfcc6
V  [libjvm.so+0x911e2a]  JavaCalls::call_helper(JavaValue*, methodHandle const&, JavaCallArguments*, JavaThread*)+0x2da
V  [libjvm.so+0x913612]  JavaCalls::call_virtual(JavaValue*, Handle, Klass*, Symbol*, Symbol*, JavaThread*)+0x1a2
V  [libjvm.so+0x9ef2e3]  thread_entry(JavaThread*, JavaThread*)+0x93
V  [libjvm.so+0x929f66]  JavaThread::thread_main_inner()+0x1e6
V  [libjvm.so+0xf8dba7]  Thread::call_run()+0xa7
V  [libjvm.so+0xd044d5]  thread_native_entry(Thread*)+0xd5
C  [libc.so.6+0x9caa4]
Java frames: (J=compiled Java code, j=interpreted, Vv=VM code)
j  org.jpype.JPypeSignal.interruptPy(I)V+0
j  org.jpype.JPypeSignal.lambda$getSignalHandler$0(ILjava/lang/Object;Ljava/lang/reflect/Method;[Ljava/lang/Object;)Ljava/lang/Object;+7
j  org.jpype.JPypeSignal$$Lambda+0x0000700140007870.invoke(Ljava/lang/Object;Ljava/lang/reflect/Method;[Ljava/lang/Object;)Ljava/lang/Object;+7
j  jdk.proxy2.$Proxy3.handle(Lsun/misc/Signal;)V+16 jdk.proxy2
j  sun.misc.Signal$InternalMiscHandler.handle(Ljdk/internal/misc/Signal;)V+8 jdk.unsupported@21.0.8
j  jdk.internal.misc.Signal$1.run()V+8 java.base@21.0.8
j  java.lang.Thread.runWith(Ljava/lang/Object;Ljava/lang/Runnable;)V+5 java.base@21.0.8
j  java.lang.Thread.run()V+19 java.base@21.0.8
v  ~StubRoutines::call_stub 0x00007001a8dcfcc6

siginfo: si_signo: 11 (SIGSEGV), si_code: 1 (SEGV_MAPERR), si_addr: 0x0000000000000024

Registers:
RAX=0xfffffffffffffff8, RBX=0x0000000000000000, RCX=0x0000000000000003, RDX=0x0000000000000002
RSP=0x00006ffffa1fe650, RBP=0x00006ffffa1fe690, RSI=0x0000000000b37428, RDI=0x0000000000b37408
R8 =0x0000000000000004, R9 =0x0000000000000000, R10=0x00007001a8ddba91, R11=0x00000006004c7a08
R12=0x0000000000b37428, R13=0x0000000000b37408, R14=0x0000000000000002, R15=0x0000700128009110
RIP=0x00000000005850d4, EFLAGS=0x0000000000010206, CSGSFS=0x002b000000000033, ERR=0x0000000000000004
  TRAPNO=0x000000000000000e

XMM[0]=0xffffffffffffffff 0xffffffff0000000e
XMM[1]=0x0000700128009860 0x0000700128009850
XMM[2]=0x0000700128009860 0x0000700128009850
XMM[3]=0x0000000000000000 0x0000000000410000
XMM[4]=0x00007001080000c0 0x00007001080000c0
XMM[5]=0x0000000000000000 0x0000700128009110
XMM[6]=0x0000000000000000 0x0000700128009110
XMM[7]=0x00007001ba6c4bf8 0x0000000000000004
XMM[8]=0xffffffffffffffff 0xffffffffffffffff
XMM[9]=0x6161616161616161 0x6161616161616161
XMM[10]=0x6161616161616161 0x6161616161616161
XMM[11]=0x0000000000000000 0x00007001ba3c0420
XMM[12]=0x0000000000000000 0x0000000000000000
XMM[13]=0x0000000000000000 0x0000000000000000
XMM[14]=0x0000000000000000 0x0000000000000000
XMM[15]=0x0000000000000000 0x0000000000000000
  MXCSR=0x00001fa2


Register to memory mapping:

RAX=0xfffffffffffffff8 is an unknown value
RBX=0x0 is null
RCX=0x0000000000000003 is an unknown value
RDX=0x0000000000000002 is an unknown value
RSP=0x00006ffffa1fe650 is pointing into the stack for thread: 0x0000700128009110
RBP=0x00006ffffa1fe690 is pointing into the stack for thread: 0x0000700128009110
RSI=0x0000000000b37428: _PyRuntime+0x0000000000000ce8 in /home/henriqueramos_qs/meta-learning-concept-drift/.venv/bin/python at 0x0000000000400000
RDI=0x0000000000b37408: _PyRuntime+0x0000000000000cc8 in /home/henriqueramos_qs/meta-learning-concept-drift/.venv/bin/python at 0x0000000000400000
R8 =0x0000000000000004 is an unknown value
R9 =0x0 is null
R10=0x00007001a8ddba91 is at code_begin+1009 in an Interpreter codelet
native method entry point (kind = native)  [0x00007001a8ddb6a0, 0x00007001a8ddc210]  2928 bytes
R11=0x00000006004c7a08 is an oop: java.lang.Class 
{0x00000006004c7a08} - klass: 'java/lang/Class'
 - ---- fields (total size 15 words):
 - private volatile transient 'classRedefinedCount' 'I' @12  0 (0x00000000)
 - injected 'klass' 'J' @16  123150671050344 (0x0000700140007668)
 - injected 'array_klass' 'J' @24  0 (0x0000000000000000)
 - injected 'oop_size' 'I' @32  15 (0x0000000f)
 - injected 'static_oop_field_count' 'I' @36  1 (0x00000001)
 - private volatile transient 'cachedConstructor' 'Ljava/lang/reflect/Constructor;' @40  null (0x00000000)
 - private transient 'name' 'Ljava/lang/String;' @44  "org.jpype.JPypeSignal"{0x00000006004c7a80} (0xc0098f50)
 - private transient 'module' 'Ljava/lang/Module;' @48  a 'java/lang/Module'{0x00000006007f1218} (0xc00fe243)
 - private final 'classLoader' 'Ljava/lang/ClassLoader;' @52  a 'jdk/internal/loader/ClassLoaders$AppClassLoader'{0x00000006007f11b0} (0xc00fe236)
 - private transient 'classData' 'Ljava/lang/Object;' @56  null (0x00000000)
 - private transient 'packageName' 'Ljava/lang/String;' @60  "org.jpype"{0x0000000600476a70} (0xc008ed4e)
 - private final 'componentType' 'Ljava/lang/Class;' @64  null (0x00000000)
 - private volatile transient 'reflectionData' 'Ljava/lang/ref/SoftReference;' @68  null (0x00000000)
 - private volatile transient 'genericInfo' 'Lsun/reflect/generics/repository/ClassRepository;' @72  null (0x00000000)
 - private volatile transient 'enumConstants' '[Ljava/lang/Object;' @76  null (0x00000000)
 - private volatile transient 'enumConstantDirectory' 'Ljava/util/Map;' @80  null (0x00000000)
 - private volatile transient 'annotationData' 'Ljava/lang/Class$AnnotationData;' @84  null (0x00000000)
 - private volatile transient 'annotationType' 'Lsun/reflect/annotation/AnnotationType;' @88  null (0x00000000)
 - transient 'classValueMap' 'Ljava/lang/ClassValue$ClassValueMap;' @92  null (0x00000000)
 - injected 'protection_domain' 'Ljava/lang/Object;' @96  a 'java/security/ProtectionDomain'{0x00000006004772c8} (0xc008ee59)
 - injected 'signers_name' 'Ljava/lang/Object;' @100  null (0x00000000)
 - injected 'source_file' 'Ljava/lang/Object;' @104  null (0x00000000)
 - injected '<init_lock>' 'Ljava/lang/Object;' @108  null (0x00000000)
 - signature: Lorg/jpype/JPypeSignal;
 - ---- static fields (1):
 - static 'main' 'Ljava/lang/Thread;' @112  a 'java/lang/Thread'{0x00000006004016e0} (0xc00802dc)
R12=0x0000000000b37428: _PyRuntime+0x0000000000000ce8 in /home/henriqueramos_qs/meta-learning-concept-drift/.venv/bin/python at 0x0000000000400000
R13=0x0000000000b37408: _PyRuntime+0x0000000000000cc8 in /home/henriqueramos_qs/meta-learning-concept-drift/.venv/bin/python at 0x0000000000400000
R14=0x0000000000000002 is an unknown value
R15=0x0000700128009110 is a thread

Top of Stack: (sp=0x00006ffffa1fe650)
0x00006ffffa1fe650:   00006ffffa1fe680 0000700128001040
0x00006ffffa1fe660:   00006ffffa1fe748 000000000000000f
0x00006ffffa1fe670:   0000000000b37408 0000700134419398
0x00006ffffa1fe680:   00006ffffa1fe748 0000700128009110
0x00006ffffa1fe690:   00006ffffa1fe6a0 0000000000635fca
0x00006ffffa1fe6a0:   00006ffffa1fe6c0 00000000004f9521
0x00006ffffa1fe6b0:   0000700134419398 0000000000000000
0x00006ffffa1fe6c0:   00006ffffa1fe728 00007001a8ddbac0
0x00006ffffa1fe6d0:   0000000000000000 00007001a8ddb75f
0x00006ffffa1fe6e0:   00006ffffa1fe6e0 0000700134419398
0x00006ffffa1fe6f0:   0000000000000004 00007001344195a8
0x00006ffffa1fe700:   0000000000000000 00000006004c7a08
0x00006ffffa1fe710:   0000700134419398 0000000000000000
0x00006ffffa1fe720:   00006ffffa1fe748 00006ffffa1fe798
0x00006ffffa1fe730:   00007001a8dd7180 00000006004c7a08
0x00006ffffa1fe740:   00007001a8dd8fd7 000000000000000f
0x00006ffffa1fe750:   00006ffffa1fe750 00007001344194df
0x00006ffffa1fe760:   0000000000000005 00007001344195a8
0x00006ffffa1fe770:   0000000000000000 00000006004c7a08
0x00006ffffa1fe780:   00007001344194e8 00006ffffa1fe748
0x00006ffffa1fe790:   00006ffffa1fe7a8 00006ffffa1fe810
0x00006ffffa1fe7a0:   00007001a8dd72f2 000000060411b318
0x00006ffffa1fe7b0:   00000006004c9a08 00000006004cae70
0x00006ffffa1fe7c0:   000000000000000f 00006ffffa1fe7c8
0x00006ffffa1fe7d0:   0000700134419aa7 0000000000000005
0x00006ffffa1fe7e0:   0000700134419b28 0000000000000000
0x00006ffffa1fe7f0:   00000006004c9068 0000700134419ab0
0x00006ffffa1fe800:   00006ffffa1fe7a8 00006ffffa1fe820
0x00006ffffa1fe810:   00006ffffa1fe888 00007001a8dd7798
0x00006ffffa1fe820:   000000060411b318 00000006004c9a08
0x00006ffffa1fe830:   00000006004cae70 00000006004cae60
0x00006ffffa1fe840:   00006ffffa1fe840 0000700134424930 

Instructions: (pc=0x00000000005850d4)
0x0000000000584fd4:   89 e7 ff d0 48 85 c0 75 cf 48 8b 3d 04 e7 4a 00
0x0000000000584fe4:   e8 27 c9 06 00 85 c0 74 59 e8 6e cb 06 00 48 8b
0x0000000000584ff4:   35 ef e6 4a 00 48 89 c7 49 89 c5 e8 1c ca 06 00
0x0000000000585004:   85 c0 74 36 49 83 7d 50 00 75 2f 49 83 7d 48 00
0x0000000000585014:   75 28 48 89 da be 50 31 b4 00 4c 89 ef e8 2a eb
0x0000000000585024:   ff ff 85 c0 75 1c 4c 89 e2 be 28 35 b4 00 4c 89
0x0000000000585034:   ef e8 16 eb ff ff 85 c0 75 08 4c 89 ef e8 3a cb
0x0000000000585044:   06 00 31 c0 e9 5f ff ff ff 48 8b 50 18 48 8b 3d
0x0000000000585054:   a8 21 4b 00 be 20 f1 71 00 31 c0 e8 7c bf 06 00
0x0000000000585064:   31 c0 e9 41 ff ff ff 0f 1f 44 00 00 f3 0f 1e fa
0x0000000000585074:   48 85 ff 0f 84 b1 91 ed ff 48 8b 47 08 48 83 b8
0x0000000000585084:   80 00 00 00 00 0f 95 c0 0f b6 c0 c3 f3 0f 1e fa
0x0000000000585094:   55 48 89 e5 41 57 41 56 4c 63 f2 41 55 49 89 fd
0x00000000005850a4:   41 54 49 89 f4 53 48 83 ec 18 48 39 f7 0f 84 a9
0x00000000005850b4:   00 00 00 48 c7 c0 f8 ff ff ff 64 48 8b 18 48 85
0x00000000005850c4:   ff 0f 84 be 00 00 00 48 85 f6 0f 84 b5 00 00 00
0x00000000005850d4:   8b 43 24 8d 50 ff 89 53 24 85 c0 0f 8e 8d 02 00
0x00000000005850e4:   00 49 8b 7c 24 08 49 8b 75 08 48 39 fe 0f 85 51
0x00000000005850f4:   01 00 00 48 8b 86 c8 00 00 00 48 85 c0 0f 84 56
0x0000000000585104:   02 00 00 4c 89 ef 44 89 f2 4c 89 e6 ff d0 48 89
0x0000000000585114:   c7 48 3d 90 05 a4 00 0f 84 8f 00 00 00 83 43 24
0x0000000000585124:   01 48 85 ff 74 7b 48 81 7f 08 a0 a3 a2 00 0f 85
0x0000000000585134:   32 91 ed ff 48 8b 17 31 c0 48 81 ff 60 a3 a2 00
0x0000000000585144:   0f 94 c0 85 d2 0f 89 3d 02 00 00 48 83 c4 18 5b
0x0000000000585154:   41 5c 41 5d 41 5e 41 5f 5d c3 66 90 b8 01 00 00
0x0000000000585164:   00 41 83 fe 02 74 e4 41 83 fe 03 0f 84 cc 90 ed
0x0000000000585174:   ff 48 c7 c0 f8 ff ff ff 64 48 8b 18 48 85 ff 0f
0x0000000000585184:   85 4b ff ff ff 48 8b 43 60 48 85 c0 0f 85 9b 90
0x0000000000585194:   ed ff be 4a 03 00 00 bf 26 64 70 00 e8 bb 08 12
0x00000000005851a4:   00 b8 ff ff ff ff eb a3 0f 1f 40 00 48 8b 05 d9
0x00000000005851b4:   b3 4b 00 85 c0 0f 89 e0 90 ed ff 49 8b 44 24 08
0x00000000005851c4:   48 8b 80 c8 00 00 00 48 85 c0 74 30 49 63 d6 4c 


Stack slot to memory mapping:

stack at sp + 0 slots: 0x00006ffffa1fe680 is pointing into the stack for thread: 0x0000700128009110
stack at sp + 1 slots: 0x0000700128001040 points into unknown readable memory: 0x0000001e00000003 | 03 00 00 00 1e 00 00 00
stack at sp + 2 slots: 0x00006ffffa1fe748 is pointing into the stack for thread: 0x0000700128009110
stack at sp + 3 slots: 0x000000000000000f is an unknown value
stack at sp + 4 slots: 0x0000000000b37408: _PyRuntime+0x0000000000000cc8 in /home/henriqueramos_qs/meta-learning-concept-drift/.venv/bin/python at 0x0000000000400000
stack at sp + 5 slots: {method} {0x0000700134419398} 'interruptPy' '(I)V' in 'org/jpype/JPypeSignal'
stack at sp + 6 slots: 0x00006ffffa1fe748 is pointing into the stack for thread: 0x0000700128009110
stack at sp + 7 slots: 0x0000700128009110 is a thread


---------------  P R O C E S S  ---------------

Threads class SMR info:
_java_thread_list=0x000070012800a580, length=12, elements={
0x000000001401ce30, 0x000000001c28a950, 0x000000001c28c1f0, 0x000000001c28dba0,
0x000000001c28f3f0, 0x000000001c290ba0, 0x000000001c292990, 0x000000001c2942a0,
0x000000001c29fea0, 0x000000001c2abee0, 0x000000001c30fa50, 0x0000700128009110
}

Java Threads: ( => current thread )
  0x000000001401ce30 JavaThread "main"                              [_thread_in_native, id=253520, stack(0x00007ffd8d5e1000,0x00007ffd8dddf000) (8184K)]
  0x000000001c28a950 JavaThread "Reference Handler"          daemon [_thread_blocked, id=253697, stack(0x0000700194200000,0x0000700194c00000) (10240K)]
  0x000000001c28c1f0 JavaThread "Finalizer"                  daemon [_thread_blocked, id=253698, stack(0x000070013e600000,0x000070013f000000) (10240K)]
  0x000000001c28dba0 JavaThread "Signal Dispatcher"          daemon [_thread_blocked, id=253699, stack(0x000070013dc00000,0x000070013e600000) (10240K)]
  0x000000001c28f3f0 JavaThread "Service Thread"             daemon [_thread_blocked, id=253700, stack(0x000070013d200000,0x000070013dc00000) (10240K)]
  0x000000001c290ba0 JavaThread "Monitor Deflation Thread"   daemon [_thread_blocked, id=253701, stack(0x000070013c800000,0x000070013d200000) (10240K)]
  0x000000001c292990 JavaThread "C2 CompilerThread0"         daemon [_thread_blocked, id=253702, stack(0x0000700194cfc000,0x0000700194dfc000) (1024K)]
  0x000000001c2942a0 JavaThread "C1 CompilerThread0"         daemon [_thread_blocked, id=253703, stack(0x0000700194100000,0x0000700194200000) (1024K)]
  0x000000001c29fea0 JavaThread "Notification Thread"        daemon [_thread_blocked, id=253704, stack(0x0000700113600000,0x0000700114000000) (10240K)]
  0x000000001c2abee0 JavaThread "Common-Cleaner"             daemon [_thread_blocked, id=253705, stack(0x0000700112c00000,0x0000700113600000) (10240K)]
  0x000000001c30fa50 JavaThread "Python Reference Queue"     daemon [_thread_blocked, id=253712, stack(0x0000700112200000,0x0000700112c00000) (10240K)]
=>0x0000700128009110 JavaThread "SIGTERM handler"            daemon [_thread_in_native, id=296202, stack(0x00006ffff9800000,0x00006ffffa200000) (10240K)]
Total: 12

Other Threads:
  0x000000001c282c20 VMThread "VM Thread"                           [id=253696, stack(0x0000700194dfd000,0x0000700194efd000) (1024K)]
  0x000000001c271a50 WatcherThread "VM Periodic Task Thread"        [id=253695, stack(0x0000700194efe000,0x0000700194ffe000) (1024K)]
  0x0000000017fc98e0 WorkerThread "GC Thread#0"                     [id=253690, stack(0x00007001a1818000,0x00007001a1918000) (1024K)]
  0x000070012c001000 WorkerThread "GC Thread#1"                     [id=253713, stack(0x000070013c200000,0x000070013c300000) (1024K)]
  0x000070012c001d40 WorkerThread "GC Thread#2"                     [id=253714, stack(0x000070013c0ff000,0x000070013c1ff000) (1024K)]
  0x000070012c002a80 WorkerThread "GC Thread#3"                     [id=253715, stack(0x0000700112100000,0x0000700112200000) (1024K)]
  0x000070012c0037c0 WorkerThread "GC Thread#4"                     [id=253716, stack(0x0000700111fff000,0x00007001120ff000) (1024K)]
  0x000070012c004500 WorkerThread "GC Thread#5"                     [id=253717, stack(0x0000700111efe000,0x0000700111ffe000) (1024K)]
  0x0000000017fda950 ConcurrentGCThread "G1 Main Marker"            [id=253691, stack(0x000070019737b000,0x000070019747b000) (1024K)]
  0x0000000017fdb460 WorkerThread "G1 Conc#0"                       [id=253692, stack(0x000070019727a000,0x000070019737a000) (1024K)]
  0x000000001c13f600 ConcurrentGCThread "G1 Refine#0"               [id=253693, stack(0x0000700195100000,0x0000700195200000) (1024K)]
  0x000000001c140450 ConcurrentGCThread "G1 Service"                [id=253694, stack(0x0000700194fff000,0x00007001950ff000) (1024K)]
Total: 12

Threads with active compile tasks:
Total: 0

VM state: not at safepoint (normal execution)

VM Mutex/Monitor currently owned by a thread: None

Heap address: 0x0000000600000000, size: 8192 MB, Compressed Oops mode: Zero based, Oop shift amount: 3

CDS archive(s) mapped at: [0x000070013f000000-0x000070013fca0000-0x000070013fca0000), size 13238272, SharedBaseAddress: 0x000070013f000000, ArchiveRelocationMode: 1.
Compressed class space mapped at: 0x0000700140000000-0x0000700180000000, reserved size: 1073741824
Narrow klass base: 0x000070013f000000, Narrow klass shift: 0, Narrow klass range: 0x100000000

GC Precious Log:
 CardTable entry size: 512
 Card Set container configuration: InlinePtr #cards 4 size 8 Array Of Cards #cards 32 size 80 Howl #buckets 8 coarsen threshold 7372 Howl Bitmap #cards 1024 size 144 coarsen threshold 921 Card regions per heap region 1 cards per card region 8192
 CPUs: 96 total, 96 available
 Memory: 187G
 Large Page Support: Disabled
 NUMA Support: Disabled
 Compressed Oops: Enabled (Zero based)
 Heap Region Size: 4M
 Heap Min Capacity: 8M
 Heap Initial Capacity: 2G
 Heap Max Capacity: 8G
 Pre-touch: Disabled
 Parallel Workers: 63
 Concurrent Workers: 16
 Concurrent Refinement Workers: 63
 Periodic GC: Disabled

Heap:
 garbage-first heap   total 69632K, used 19907K [0x0000000600000000, 0x0000000800000000)
  region size 4096K, 1 young (4096K), 0 survivors (0K)
 Metaspace       used 3864K, committed 4032K, reserved 1114112K
  class space    used 378K, committed 448K, reserved 1048576K

Heap Regions: E=young(eden), S=young(survivor), O=old, HS=humongous(starts), HC=humongous(continues), CS=collection set, F=free, TAMS=top-at-mark-start, PB=parsable bottom
|   0|0x0000000600000000, 0x0000000600400000, 0x0000000600400000|100%|HS|  |TAMS 0x0000000600000000| PB 0x0000000600000000| Untracked 
|   1|0x0000000600400000, 0x00000006007fffe8, 0x0000000600800000| 99%| O|  |TAMS 0x0000000600400000| PB 0x0000000600400000| Untracked 
|   2|0x0000000600800000, 0x0000000600b70d90, 0x0000000600c00000| 86%| O|  |TAMS 0x0000000600800000| PB 0x0000000600800000| Untracked 
|   3|0x0000000600c00000, 0x0000000601000000, 0x0000000601000000|100%|HS|  |TAMS 0x0000000600c00000| PB 0x0000000600c00000| Untracked 
|   4|0x0000000601000000, 0x0000000601000000, 0x0000000601400000|  0%| F|  |TAMS 0x0000000601000000| PB 0x0000000601000000| Untracked 
|   5|0x0000000601400000, 0x0000000601400000, 0x0000000601800000|  0%| F|  |TAMS 0x0000000601400000| PB 0x0000000601400000| Untracked 
|   6|0x0000000601800000, 0x0000000601800000, 0x0000000601c00000|  0%| F|  |TAMS 0x0000000601800000| PB 0x0000000601800000| Untracked 
|   7|0x0000000601c00000, 0x0000000601c00000, 0x0000000602000000|  0%| F|  |TAMS 0x0000000601c00000| PB 0x0000000601c00000| Untracked 
|   8|0x0000000602000000, 0x0000000602000000, 0x0000000602400000|  0%| F|  |TAMS 0x0000000602000000| PB 0x0000000602000000| Untracked 
|   9|0x0000000602400000, 0x0000000602400000, 0x0000000602800000|  0%| F|  |TAMS 0x0000000602400000| PB 0x0000000602400000| Untracked 
|  10|0x0000000602800000, 0x0000000602c00000, 0x0000000602c00000|100%| O|  |TAMS 0x0000000602800000| PB 0x0000000602800000| Untracked 
|  11|0x0000000602c00000, 0x0000000602c00000, 0x0000000603000000|  0%| F|  |TAMS 0x0000000602c00000| PB 0x0000000602c00000| Untracked 
|  12|0x0000000603000000, 0x0000000603000000, 0x0000000603400000|  0%| F|  |TAMS 0x0000000603000000| PB 0x0000000603000000| Untracked 
|  13|0x0000000603400000, 0x0000000603400000, 0x0000000603800000|  0%| F|  |TAMS 0x0000000603400000| PB 0x0000000603400000| Untracked 
|  14|0x0000000603800000, 0x0000000603800000, 0x0000000603c00000|  0%| F|  |TAMS 0x0000000603800000| PB 0x0000000603800000| Untracked 
|  15|0x0000000603c00000, 0x0000000603c00000, 0x0000000604000000|  0%| F|  |TAMS 0x0000000603c00000| PB 0x0000000603c00000| Untracked 
|  16|0x0000000604000000, 0x000000060414afc0, 0x0000000604400000| 32%| E|  |TAMS 0x0000000604000000| PB 0x0000000604000000| Complete 

Card table byte_map: [0x000070019f800000,0x00007001a0800000] _byte_map_base: 0x000070019c800000

Marking Bits: (CMBitMap*) 0x0000000017fc9ff0
 Bits: [0x0000700197800000, 0x000070019f800000)

Polling page: 0x00007003395a8000

Metaspace:

Usage:
  Non-class:      3.40 MB used.
      Class:    378.39 KB used.
       Both:      3.77 MB used.

Virtual space:
  Non-class space:       64.00 MB reserved,       3.50 MB (  5%) committed,  1 nodes.
      Class space:        1.00 GB reserved,     448.00 KB ( <1%) committed,  1 nodes.
             Both:        1.06 GB reserved,       3.94 MB ( <1%) committed. 

Chunk freelists:
   Non-Class:  10.92 MB
       Class:  15.56 MB
        Both:  26.48 MB

MaxMetaspaceSize: unlimited
CompressedClassSpaceSize: 1.00 GB
Initial GC threshold: 21.00 MB
Current GC threshold: 21.00 MB
CDS: on
 - commit_granule_bytes: 65536.
 - commit_granule_words: 8192.
 - virtual_space_node_default_size: 8388608.
 - enlarge_chunks_in_place: 1.
 - use_allocation_guard: 0.


Internal statistics:

num_allocs_failed_limit: 0.
num_arena_births: 82.
num_arena_deaths: 0.
num_vsnodes_births: 2.
num_vsnodes_deaths: 0.
num_space_committed: 63.
num_space_uncommitted: 0.
num_chunks_returned_to_freelist: 0.
num_chunks_taken_from_freelist: 138.
num_chunk_merges: 0.
num_chunk_splits: 99.
num_chunks_enlarged: 71.
num_inconsistent_stats: 0.

CodeHeap 'non-profiled nmethods': size=118592Kb used=818Kb max_used=818Kb free=117773Kb
 bounds [0x00007001a9630000, 0x00007001a98a0000, 0x00007001b0a00000]
CodeHeap 'profiled nmethods': size=118588Kb used=2054Kb max_used=2056Kb free=116533Kb
 bounds [0x00007001a1a00000, 0x00007001a1c70000, 0x00007001a8dcf000]
CodeHeap 'non-nmethods': size=8580Kb used=1456Kb max_used=4411Kb free=7123Kb
 bounds [0x00007001a8dcf000, 0x00007001a923f000, 0x00007001a9630000]
CodeCache: size=245760Kb, used=4328Kb, max_used=7285Kb, free=241429Kb
 total_blobs=1796, nmethods=1331, adapters=370, full_count=0
Compilation: enabled, stopped_count=0, restarted_count=0

Compilation events (20 events):
Event: 317.826 Thread 0x000000001c292990 1494       4       java.util.concurrent.locks.AbstractQueuedSynchronizer$Node::setStatusRelaxed (12 bytes)
Event: 317.827 Thread 0x000000001c292990 nmethod 1494 0x00007001a96f5090 code [0x00007001a96f5200, 0x00007001a96f5288]
Event: 318.327 Thread 0x000000001c292990 1495       4       jdk.internal.misc.Unsafe::putIntOpaque (9 bytes)
Event: 318.328 Thread 0x000000001c292990 nmethod 1495 0x00007001a96f5390 code [0x00007001a96f5500, 0x00007001a96f5598]
Event: 621.489 Thread 0x000000001c292990 1496       4       java.lang.ref.ReferenceQueue::poll0 (65 bytes)
Event: 621.496 Thread 0x000000001c292990 nmethod 1496 0x00007001a96f5690 code [0x00007001a96f5820, 0x00007001a96f5b98]
Event: 626.492 Thread 0x000000001c292990 1497       4       java.util.concurrent.locks.AbstractQueuedSynchronizer::signalNext (34 bytes)
Event: 626.494 Thread 0x000000001c292990 nmethod 1497 0x00007001a96f5c10 code [0x00007001a96f5da0, 0x00007001a96f5e90]
Event: 668.765 Thread 0x000000001c292990 1498       4       java.util.concurrent.locks.AbstractQueuedSynchronizer$ConditionObject::canReacquire (38 bytes)
Event: 668.766 Thread 0x000000001c292990 nmethod 1498 0x00007001a96f5f90 code [0x00007001a96f6120, 0x00007001a96f61f0]
Event: 796.333 Thread 0x000000001c292990 1499       4       java.util.concurrent.locks.LockSupport::setBlocker (12 bytes)
Event: 796.335 Thread 0x000000001c292990 nmethod 1499 0x00007001a96f6290 code [0x00007001a96f6400, 0x00007001a96f6550]
Event: 1275.337 Thread 0x000000001c292990 1501       4       java.util.concurrent.locks.AbstractQueuedSynchronizer$Node::getAndUnsetStatus (14 bytes)
Event: 1275.338 Thread 0x000000001c292990 nmethod 1501 0x00007001a96f6990 code [0x00007001a96f6b00, 0x00007001a96f6bd0]
Event: 1278.088 Thread 0x000000001c292990 1502   !   4       java.util.concurrent.locks.AbstractQueuedSynchronizer::acquire (424 bytes)
Event: 1278.104 Thread 0x000000001c292990 nmethod 1502 0x00007001a96f6c90 code [0x00007001a96f6e40, 0x00007001a96f7498]
Event: 1327.615 Thread 0x000000001c292990 1503       4       java.util.concurrent.locks.ReentrantLock$Sync::isHeldExclusively (16 bytes)
Event: 1327.617 Thread 0x000000001c292990 nmethod 1503 0x00007001a96f7810 code [0x00007001a96f7980, 0x00007001a96f7a40]
Event: 1329.616 Thread 0x000000001c292990 1504   !   4       java.lang.ref.ReferenceQueue::remove (61 bytes)
Event: 1329.704 Thread 0x000000001c292990 nmethod 1504 0x00007001a96f7b10 code [0x00007001a96f8000, 0x00007001a96fb290]

GC Heap History (14 events):
Event: 0.127 GC heap before
{Heap before GC invocations=0 (full 0):
 garbage-first heap   total 2101248K, used 17458K [0x0000000600000000, 0x0000000800000000)
  region size 4096K, 4 young (16384K), 0 survivors (0K)
 Metaspace       used 1345K, committed 1472K, reserved 1114112K
  class space    used 127K, committed 192K, reserved 1048576K
}
Event: 0.137 GC heap after
{Heap after GC invocations=1 (full 1):
 garbage-first heap   total 81920K, used 6070K [0x0000000600000000, 0x0000000800000000)
  region size 4096K, 0 young (0K), 0 survivors (0K)
 Metaspace       used 1345K, committed 1472K, reserved 1114112K
  class space    used 127K, committed 192K, reserved 1048576K
}
Event: 0.398 GC heap before
{Heap before GC invocations=1 (full 1):
 garbage-first heap   total 81920K, used 26550K [0x0000000600000000, 0x0000000800000000)
  region size 4096K, 5 young (20480K), 0 survivors (0K)
 Metaspace       used 2169K, committed 2304K, reserved 1114112K
  class space    used 188K, committed 256K, reserved 1048576K
}
Event: 0.401 GC heap after
{Heap after GC invocations=2 (full 1):
 garbage-first heap   total 81920K, used 8086K [0x0000000600000000, 0x0000000800000000)
  region size 4096K, 1 young (4096K), 1 survivors (4096K)
 Metaspace       used 2169K, committed 2304K, reserved 1114112K
  class space    used 188K, committed 256K, reserved 1048576K
}
Event: 0.642 GC heap before
{Heap before GC invocations=2 (full 1):
 garbage-first heap   total 81920K, used 44950K [0x0000000600000000, 0x0000000800000000)
  region size 4096K, 9 young (36864K), 1 survivors (4096K)
 Metaspace       used 2669K, committed 2816K, reserved 1114112K
  class space    used 233K, committed 320K, reserved 1048576K
}
Event: 0.655 GC heap after
{Heap after GC invocations=3 (full 1):
 garbage-first heap   total 81920K, used 17365K [0x0000000600000000, 0x0000000800000000)
  region size 4096K, 2 young (8192K), 2 survivors (8192K)
 Metaspace       used 2669K, committed 2816K, reserved 1114112K
  class space    used 233K, committed 320K, reserved 1048576K
}
Event: 0.719 GC heap before
{Heap before GC invocations=3 (full 1):
 garbage-first heap   total 81920K, used 17365K [0x0000000600000000, 0x0000000800000000)
  region size 4096K, 3 young (12288K), 2 survivors (8192K)
 Metaspace       used 2893K, committed 3136K, reserved 1114112K
  class space    used 261K, committed 384K, reserved 1048576K
}
Event: 0.757 GC heap after
{Heap after GC invocations=4 (full 2):
 garbage-first heap   total 69632K, used 19264K [0x0000000600000000, 0x0000000800000000)
  region size 4096K, 0 young (0K), 0 survivors (0K)
 Metaspace       used 2893K, committed 3136K, reserved 1114112K
  class space    used 261K, committed 384K, reserved 1048576K
}
Event: 0.889 GC heap before
{Heap before GC invocations=4 (full 2):
 garbage-first heap   total 69632K, used 19264K [0x0000000600000000, 0x0000000800000000)
  region size 4096K, 1 young (4096K), 0 survivors (0K)
 Metaspace       used 2905K, committed 3136K, reserved 1114112K
  class space    used 262K, committed 384K, reserved 1048576K
}
Event: 0.953 GC heap after
{Heap after GC invocations=5 (full 3):
 garbage-first heap   total 69632K, used 19287K [0x0000000600000000, 0x0000000800000000)
  region size 4096K, 0 young (0K), 0 survivors (0K)
 Metaspace       used 2905K, committed 3136K, reserved 1114112K
  class space    used 262K, committed 384K, reserved 1048576K
}
Event: 1.791 GC heap before
{Heap before GC invocations=5 (full 3):
 garbage-first heap   total 69632K, used 19287K [0x0000000600000000, 0x0000000800000000)
  region size 4096K, 1 young (4096K), 0 survivors (0K)
 Metaspace       used 3160K, committed 3392K, reserved 1114112K
  class space    used 296K, committed 384K, reserved 1048576K
}
Event: 1.850 GC heap after
{Heap after GC invocations=6 (full 4):
 garbage-first heap   total 69632K, used 19510K [0x0000000600000000, 0x0000000800000000)
  region size 4096K, 0 young (0K), 0 survivors (0K)
 Metaspace       used 3160K, committed 3392K, reserved 1114112K
  class space    used 296K, committed 384K, reserved 1048576K
}
Event: 4.666 GC heap before
{Heap before GC invocations=6 (full 4):
 garbage-first heap   total 69632K, used 19510K [0x0000000600000000, 0x0000000800000000)
  region size 4096K, 1 young (4096K), 0 survivors (0K)
 Metaspace       used 3845K, committed 4032K, reserved 1114112K
  class space    used 377K, committed 448K, reserved 1048576K
}
Event: 4.723 GC heap after
{Heap after GC invocations=7 (full 5):
 garbage-first heap   total 69632K, used 19907K [0x0000000600000000, 0x0000000800000000)
  region size 4096K, 0 young (0K), 0 survivors (0K)
 Metaspace       used 3845K, committed 4032K, reserved 1114112K
  class space    used 377K, committed 448K, reserved 1048576K
}

Dll operation events (7 events):
Event: 0.014 Loaded shared library /usr/lib/jvm/java-21-openjdk-amd64/lib/libjava.so
Event: 0.040 Loaded shared library /usr/lib/jvm/java-21-openjdk-amd64/lib/libjsvml.so
Event: 0.043 Loaded shared library /usr/lib/jvm/java-21-openjdk-amd64/lib/libnio.so
Event: 0.058 Loaded shared library /usr/lib/jvm/java-21-openjdk-amd64/lib/libzip.so
Event: 0.080 Loaded shared library /home/henriqueramos_qs/meta-learning-concept-drift/.venv/lib/python3.12/site-packages/_jpype.cpython-312-x86_64-linux-gnu.so
Event: 0.103 Loaded shared library /usr/lib/jvm/java-21-openjdk-amd64/lib/libjimage.so
Event: 0.591 Loaded shared library /usr/lib/jvm/java-21-openjdk-amd64/lib/libnet.so

Deoptimization events (20 events):
Event: 1.884 Thread 0x000000001401ce30 DEOPT PACKING pc=0x00007001a9665cf8 sp=0x00007ffd8ddd7460
Event: 1.884 Thread 0x000000001401ce30 DEOPT UNPACKING pc=0x00007001a8e26619 sp=0x00007ffd8ddd7418 mode 2
Event: 1.884 Thread 0x000000001401ce30 Uncommon trap: trap_request=0xffffff45 fr.pc=0x00007001a96460dc relative=0x00000000000000bc
Event: 1.884 Thread 0x000000001401ce30 Uncommon trap: reason=unstable_if action=reinterpret pc=0x00007001a96460dc method=java.lang.String.hashCode()I @ 42 c2
Event: 1.884 Thread 0x000000001401ce30 DEOPT PACKING pc=0x00007001a96460dc sp=0x00007ffd8ddd7490
Event: 1.884 Thread 0x000000001401ce30 DEOPT UNPACKING pc=0x00007001a8e26619 sp=0x00007ffd8ddd7440 mode 2
Event: 1.884 Thread 0x000000001401ce30 Uncommon trap: trap_request=0xffffff45 fr.pc=0x00007001a967450c relative=0x00000000000002cc
Event: 1.884 Thread 0x000000001401ce30 Uncommon trap: reason=unstable_if action=reinterpret pc=0x00007001a967450c method=java.lang.String.startsWith(Ljava/lang/String;I)Z @ 1 c2
Event: 1.884 Thread 0x000000001401ce30 DEOPT PACKING pc=0x00007001a967450c sp=0x00007ffd8ddd76a0
Event: 1.884 Thread 0x000000001401ce30 DEOPT UNPACKING pc=0x00007001a8e26619 sp=0x00007ffd8ddd7630 mode 2
Event: 2.800 Thread 0x000000001401ce30 DEOPT PACKING pc=0x00007001a1bccf65 sp=0x00007ffd8ddd7ff0
Event: 2.800 Thread 0x000000001401ce30 DEOPT UNPACKING pc=0x00007001a8e2714f sp=0x00007ffd8ddd74f8 mode 0
Event: 2.819 Thread 0x000000001401ce30 Uncommon trap: trap_request=0xffffffc6 fr.pc=0x00007001a96a6db8 relative=0x00000000000026b8
Event: 2.819 Thread 0x000000001401ce30 Uncommon trap: reason=bimorphic_or_optimized_type_check action=maybe_recompile pc=0x00007001a96a6db8 method=java.util.HashMap.putVal(ILjava/lang/Object;Ljava/lang/Object;ZZ)Ljava/lang/Object; @ 91 c2
Event: 2.819 Thread 0x000000001401ce30 DEOPT PACKING pc=0x00007001a96a6db8 sp=0x00007ffd8ddd6cc0
Event: 2.819 Thread 0x000000001401ce30 DEOPT UNPACKING pc=0x00007001a8e26619 sp=0x00007ffd8ddd6c00 mode 2
Event: 2.832 Thread 0x000000001401ce30 Uncommon trap: trap_request=0xffffff45 fr.pc=0x00007001a9691330 relative=0x00000000000004f0
Event: 2.832 Thread 0x000000001401ce30 Uncommon trap: reason=unstable_if action=reinterpret pc=0x00007001a9691330 method=jdk.internal.jimage.ImageStringsReader.stringFromByteBufferMatches(Ljava/nio/ByteBuffer;ILjava/lang/String;I)I @ 48 c2
Event: 2.832 Thread 0x000000001401ce30 DEOPT PACKING pc=0x00007001a9691330 sp=0x00007ffd8ddd67c0
Event: 2.832 Thread 0x000000001401ce30 DEOPT UNPACKING pc=0x00007001a8e26619 sp=0x00007ffd8ddd6758 mode 2

Classes loaded (20 events):
Event: 1.087 Loading class java/lang/SafeVarargs
Event: 1.087 Loading class java/lang/SafeVarargs done
Event: 1.095 Loading class java/util/AbstractList$Itr
Event: 1.095 Loading class java/util/AbstractList$Itr done
Event: 1.095 Loading class java/util/AbstractList$ListItr
Event: 1.095 Loading class java/util/AbstractList$ListItr done
Event: 1.095 Loading class java/util/AbstractList$RandomAccessSubList
Event: 1.095 Loading class java/util/AbstractList$SubList
Event: 1.095 Loading class java/util/AbstractList$SubList done
Event: 1.096 Loading class java/util/AbstractList$RandomAccessSubList done
Event: 1.096 Loading class java/util/ArrayList$ListItr
Event: 1.096 Loading class java/util/ArrayList$ListItr done
Event: 2.828 Loading class java/util/stream/LongStream
Event: 2.828 Loading class java/util/stream/LongStream done
Event: 2.828 Loading class java/util/stream/DoubleStream
Event: 2.828 Loading class java/util/stream/DoubleStream done
Event: 2.849 Loading class java/lang/IndexOutOfBoundsException
Event: 2.849 Loading class java/lang/IndexOutOfBoundsException done
Event: 2055.508 Loading class jdk/internal/misc/Signal$1
Event: 2055.509 Loading class jdk/internal/misc/Signal$1 done

Classes unloaded (0 events):
No events

Classes redefined (0 events):
No events

Internal exceptions (9 events):
Event: 0.082 Thread 0x000000001401ce30 Exception <a 'java/lang/NoSuchMethodError'{0x000000067fd031f8}: 'int java.lang.invoke.DirectMethodHandle$Holder.invokeStaticInit(java.lang.Object, java.lang.Object)'> (0x000000067fd031f8) 
thrown [./src/hotspot/share/interpreter/linkResolver.cpp, line 772]
Event: 0.083 Thread 0x000000001401ce30 Exception <a 'java/lang/NoSuchMethodError'{0x000000067fd09420}: 'java.lang.Object java.lang.invoke.DirectMethodHandle$Holder.invokeStaticInit(java.lang.Object, int)'> (0x000000067fd09420) 
thrown [./src/hotspot/share/interpreter/linkResolver.cpp, line 772]
Event: 0.084 Thread 0x000000001401ce30 Exception <a 'java/lang/NoSuchMethodError'{0x000000067fd13878}: 'int java.lang.invoke.DirectMethodHandle$Holder.invokeSpecial(java.lang.Object, java.lang.Object, java.lang.Object)'> (0x000000067fd13878) 
thrown [./src/hotspot/share/interpreter/linkResolver.cpp, line 772]
Event: 0.086 Thread 0x000000001401ce30 Exception <a 'java/lang/NoSuchMethodError'{0x000000067fd23780}: 'java.lang.Object java.lang.invoke.DirectMethodHandle$Holder.invokeStatic(java.lang.Object, java.lang.Object, int)'> (0x000000067fd23780) 
thrown [./src/hotspot/share/interpreter/linkResolver.cpp, line 772]
Event: 0.087 Thread 0x000000001401ce30 Exception <a 'java/lang/NoSuchMethodError'{0x000000067fd2ee40}: 'void java.lang.invoke.DelegatingMethodHandle$Holder.delegate(java.lang.Object, java.lang.Object, int, java.lang.Object)'> (0x000000067fd2ee40) 
thrown [./src/hotspot/share/interpreter/linkResolver.cpp, line 772]
Event: 0.101 Thread 0x000000001401ce30 Exception <a 'java/lang/NoSuchMethodError'{0x000000067fdc9ad0}: 'java.lang.Object java.lang.invoke.Invokers$Holder.invokeExact_MT(java.lang.Object, java.lang.Object, java.lang.Object, java.lang.Object, java.lang.Object)'> (0x000000067fdc9ad0) 
thrown [./src/hotspot/share/interpreter/linkResolver.cpp, line 772]
Event: 0.109 Thread 0x000000001401ce30 Exception <a 'java/lang/NoSuchMethodError'{0x000000067fdf0088}: 'java.lang.Object java.lang.invoke.DirectMethodHandle$Holder.invokeInterface(java.lang.Object, java.lang.Object)'> (0x000000067fdf0088) 
thrown [./src/hotspot/share/interpreter/linkResolver.cpp, line 772]
Event: 0.109 Thread 0x000000001401ce30 Exception <a 'java/lang/IncompatibleClassChangeError'{0x000000067fdf3320}: Found class java.lang.Object, but interface was expected> (0x000000067fdf3320) 
thrown [./src/hotspot/share/interpreter/linkResolver.cpp, line 840]
Event: 0.246 Thread 0x000000001401ce30 Exception <a 'java/lang/NoSuchMethodError'{0x0000000604c5d230}: method resolution failed> (0x0000000604c5d230) 
thrown [./src/hotspot/share/prims/methodHandles.cpp, line 1144]

ZGC Phase Switch (0 events):
No events

VM Operations (20 events):
Event: 0.889 Executing VM operation: G1CollectFull (System.gc())
Event: 0.953 Executing VM operation: G1CollectFull (System.gc()) done
Event: 1.080 Executing VM operation: HandshakeAllThreads (Deoptimize)
Event: 1.080 Executing VM operation: HandshakeAllThreads (Deoptimize) done
Event: 1.097 Executing VM operation: HandshakeAllThreads (Deoptimize)
Event: 1.097 Executing VM operation: HandshakeAllThreads (Deoptimize) done
Event: 1.791 Executing VM operation: G1CollectFull (System.gc())
Event: 1.850 Executing VM operation: G1CollectFull (System.gc()) done
Event: 2.850 Executing VM operation: Cleanup
Event: 2.850 Executing VM operation: Cleanup done
Event: 3.850 Executing VM operation: Cleanup
Event: 3.850 Executing VM operation: Cleanup done
Event: 4.666 Executing VM operation: G1CollectFull (System.gc())
Event: 4.723 Executing VM operation: G1CollectFull (System.gc()) done
Event: 54.730 Executing VM operation: Cleanup
Event: 54.730 Executing VM operation: Cleanup done
Event: 61.731 Executing VM operation: Cleanup
Event: 61.731 Executing VM operation: Cleanup done
Event: 1327.878 Executing VM operation: Cleanup
Event: 1327.878 Executing VM operation: Cleanup done

Memory protections (20 events):
Event: 0.040 Protecting memory [0x0000700113600000,0x0000700113604000] with protection modes 0
Event: 0.041 Protecting memory [0x0000700112c00000,0x0000700112c04000] with protection modes 0
Event: 0.047 Protecting memory [0x0000700194000000,0x0000700194004000] with protection modes 0
Event: 0.047 Protecting memory [0x000070013c700000,0x000070013c704000] with protection modes 0
Event: 0.047 Protecting memory [0x000070013c600000,0x000070013c604000] with protection modes 0
Event: 0.053 Protecting memory [0x000070013c500000,0x000070013c504000] with protection modes 0
Event: 0.053 Protecting memory [0x000070013c400000,0x000070013c404000] with protection modes 0
Event: 0.091 Protecting memory [0x0000700339812000,0x0000700339813000] with protection modes 1
Event: 0.094 Protecting memory [0x000070013c300000,0x000070013c304000] with protection modes 0
Event: 0.098 Protecting memory [0x0000700112200000,0x0000700112204000] with protection modes 0
Event: 0.343 Protecting memory [0x000070013c400000,0x000070013c404000] with protection modes 0
Event: 0.354 Protecting memory [0x000070013c500000,0x000070013c504000] with protection modes 0
Event: 0.362 Protecting memory [0x0000700111dfd000,0x0000700111e01000] with protection modes 0
Event: 0.370 Protecting memory [0x0000700111cfd000,0x0000700111d01000] with protection modes 0
Event: 0.374 Protecting memory [0x0000700111bfd000,0x0000700111c01000] with protection modes 0
Event: 0.385 Protecting memory [0x0000700111afd000,0x0000700111b01000] with protection modes 0
Event: 2.806 Protecting memory [0x000070013c300000,0x000070013c304000] with protection modes 0
Event: 2.847 Protecting memory [0x0000700111cfd000,0x0000700111d01000] with protection modes 0
Event: 62.690 Protecting memory [0x0000700194000000,0x0000700194004000] with protection modes 0
Event: 2055.509 Protecting memory [0x00006ffff9800000,0x00006ffff9804000] with protection modes 0

Nmethod flushes (20 events):
Event: 4.701 Thread 0x000000001c282c20 flushing  nmethod 0x00007001a1a36a90
Event: 4.701 Thread 0x000000001c282c20 flushing  nmethod 0x00007001a1a51110
Event: 4.701 Thread 0x000000001c282c20 flushing  nmethod 0x00007001a1a55210
Event: 4.701 Thread 0x000000001c282c20 flushing  nmethod 0x00007001a1a57190
Event: 4.701 Thread 0x000000001c282c20 flushing  nmethod 0x00007001a1a5cf10
Event: 4.701 Thread 0x000000001c282c20 flushing  nmethod 0x00007001a1a63110
Event: 4.701 Thread 0x000000001c282c20 flushing  nmethod 0x00007001a1a74c10
Event: 4.701 Thread 0x000000001c282c20 flushing  nmethod 0x00007001a1a77210
Event: 4.701 Thread 0x000000001c282c20 flushing  nmethod 0x00007001a1a79f10
Event: 4.701 Thread 0x000000001c282c20 flushing  nmethod 0x00007001a1a82e90
Event: 4.701 Thread 0x000000001c282c20 flushing  nmethod 0x00007001a1a9ef10
Event: 4.701 Thread 0x000000001c282c20 flushing  nmethod 0x00007001a1a9f910
Event: 4.701 Thread 0x000000001c282c20 flushing  nmethod 0x00007001a1aa7590
Event: 4.701 Thread 0x000000001c282c20 flushing  nmethod 0x00007001a1aaef90
Event: 4.701 Thread 0x000000001c282c20 flushing  nmethod 0x00007001a1ab6290
Event: 4.701 Thread 0x000000001c282c20 flushing  nmethod 0x00007001a1acc210
Event: 4.701 Thread 0x000000001c282c20 flushing  nmethod 0x00007001a1b05410
Event: 4.701 Thread 0x000000001c282c20 flushing  nmethod 0x00007001a1b8c510
Event: 4.701 Thread 0x000000001c282c20 flushing  nmethod 0x00007001a1bbbd10
Event: 4.701 Thread 0x000000001c282c20 flushing  nmethod 0x00007001a1bc9e10

Events (20 events):
Event: 0.370 Thread 0x0000700118034740 Thread added: 0x00007001080e2c70
Event: 0.374 Thread 0x00007001180dfa60 Thread added: 0x00007000f40a8200
Event: 0.385 Thread 0x0000700118034740 Thread added: 0x00007001080f4bd0
Event: 0.567 Thread 0x00007001080f4bd0 Thread exited: 0x00007001080f4bd0
Event: 1.292 Thread 0x00007000f40a8200 Thread exited: 0x00007000f40a8200
Event: 1.850 Thread 0x00007001080e1240 Thread exited: 0x00007001080e1240
Event: 1.885 Thread 0x00007001180dfa60 Thread exited: 0x00007001180dfa60
Event: 2.145 Thread 0x00007000fc09ed50 Thread exited: 0x00007000fc09ed50
Event: 2.796 Thread 0x00007001080e2c70 Thread exited: 0x00007001080e2c70
Event: 2.796 Thread 0x0000700100043030 Thread exited: 0x0000700100043030
Event: 2.806 Thread 0x00007001180371d0 Thread added: 0x0000700100155410
Event: 2.847 Thread 0x0000700118034740 Thread added: 0x0000700108170db0
Event: 7.854 Thread 0x00007001180371d0 Thread exited: 0x00007001180371d0
Event: 7.854 Thread 0x0000700118035ce0 Thread exited: 0x0000700118035ce0
Event: 7.861 Thread 0x0000700108170db0 Thread exited: 0x0000700108170db0
Event: 7.861 Thread 0x0000700100155410 Thread exited: 0x0000700100155410
Event: 12.904 Thread 0x0000700118034740 Thread exited: 0x0000700118034740
Event: 62.690 Thread 0x000000001c2942a0 Thread added: 0x0000700118034690
Event: 66.440 Thread 0x0000700118034690 Thread exited: 0x0000700118034690
Event: 2055.509 Thread 0x000000001c28dba0 Thread added: 0x0000700128009110


Dynamic libraries:
00400000-00420000 r--p 00000000 08:05 8391364                            /usr/bin/python3.12
00420000-00703000 r-xp 00020000 08:05 8391364                            /usr/bin/python3.12
00703000-00a28000 r--p 00303000 08:05 8391364                            /usr/bin/python3.12
00a28000-00a29000 r--p 00627000 08:05 8391364                            /usr/bin/python3.12
00a29000-00ba7000 rw-p 00628000 08:05 8391364                            /usr/bin/python3.12
00ba7000-00bab000 rw-p 00000000 00:00 0 
105c3000-22bed000 rw-p 00000000 00:00 0                                  [heap]
600000000-604400000 rw-p 00000000 00:00 0 
604400000-800000000 ---p 00000000 00:00 0 
6ffff9800000-6ffff9804000 ---p 00000000 00:00 0 
6ffff9804000-6ffffa200000 rw-p 00000000 00:00 0 
6ffffa2af000-6ffffa2b0000 ---p 00000000 00:00 0 
6ffffa2b0000-6ffffaab0000 rw-p 00000000 00:00 0 
6ffffaab0000-6ffffaab1000 ---p 00000000 00:00 0 
6ffffaab1000-6ffffb2b1000 rw-p 00000000 00:00 0 
6ffffb2b1000-6ffffb3b1000 rw-p 00000000 00:00 0 
6ffffb9ff000-6ffffba00000 ---p 00000000 00:00 0 
6ffffba00000-6ffffc200000 rw-p 00000000 00:00 0 
6ffffc200000-6ffffe200000 rw-p 00000000 00:00 0 
6ffffe247000-6ffffe347000 rw-p 00000000 00:00 0 
6ffffe700000-6fffff600000 rw-p 00000000 00:00 0 
6fffff600000-6fffff6e1000 r--p 00000000 08:05 8390854                    /usr/lib/x86_64-linux-gnu/libcuda.so.535.247.01
6fffff6e1000-6fffffc01000 r-xp 000e1000 08:05 8390854                    /usr/lib/x86_64-linux-gnu/libcuda.so.535.247.01
6fffffc01000-7000010e8000 r--p 00601000 08:05 8390854                    /usr/lib/x86_64-linux-gnu/libcuda.so.535.247.01
7000010e8000-700001101000 r--p 01ae7000 08:05 8390854                    /usr/lib/x86_64-linux-gnu/libcuda.so.535.247.01
700001101000-700001207000 rw-p 01b00000 08:05 8390854                    /usr/lib/x86_64-linux-gnu/libcuda.so.535.247.01
700001207000-70000126e000 rw-p 00000000 00:00 0 
700001300000-700001400000 rw-p 00000000 00:00 0 
700001400000-7000108e3000 r-xp 00000000 fc:00 35412103                   /home/henriqueramos_qs/meta-learning-concept-drift/.venv/lib/python3.12/site-packages/nvidia/nccl/lib/libnccl.so.2
7000108e3000-700010ae3000 ---p 0f4e3000 fc:00 35412103                   /home/henriqueramos_qs/meta-learning-concept-drift/.venv/lib/python3.12/site-packages/nvidia/nccl/lib/libnccl.so.2
700010ae3000-700010aed000 r--p 0f4e3000 fc:00 35412103                   /home/henriqueramos_qs/meta-learning-concept-drift/.venv/lib/python3.12/site-packages/nvidia/nccl/lib/libnccl.so.2
700010aed000-700010b00000 rw-p 0f4ed000 fc:00 35412103                   /home/henriqueramos_qs/meta-learning-concept-drift/.venv/lib/python3.12/site-packages/nvidia/nccl/lib/libnccl.so.2
700010b00000-700010b32000 rw-p 00000000 00:00 0 
700010c00000-70002a469000 r-xp 00000000 fc:00 35412387                   /home/henriqueramos_qs/meta-learning-concept-drift/.venv/lib/python3.12/site-packages/nvidia/cublas/lib/libcublasLt.so.12
70002a469000-70002a669000 ---p 19869000 fc:00 35412387                   /home/henriqueramos_qs/meta-learning-concept-drift/.venv/lib/python3.12/site-packages/nvidia/cublas/lib/libcublasLt.so.12
70002a669000-70002a8a7000 r--p 19869000 fc:00 35412387                   /home/henriqueramos_qs/meta-learning-concept-drift/.venv/lib/python3.12/site-packages/nvidia/cublas/lib/libcublasLt.so.12
70002a8a7000-70002e25b000 rw-p 19aa7000 fc:00 35412387                   /home/henriqueramos_qs/meta-learning-concept-drift/.venv/lib/python3.12/site-packages/nvidia/cublas/lib/libcublasLt.so.12
70002e25b000-70003242c000 rw-p 00000000 00:00 0 
700032500000-700032600000 rw-p 00000000 00:00 0 
700032600000-700038d28000 r-xp 00000000 fc:00 35412386                   /home/henriqueramos_qs/meta-learning-concept-drift/.venv/lib/python3.12/site-packages/nvidia/cublas/lib/libcublas.so.12
700038d28000-700038f28000 ---p 06728000 fc:00 35412386                   /home/henriqueramos_qs/meta-learning-concept-drift/.venv/lib/python3.12/site-packages/nvidia/cublas/lib/libcublas.so.12
700038f28000-700038f34000 r--p 06728000 fc:00 35412386                   /home/henriqueramos_qs/meta-learning-concept-drift/.venv/lib/python3.12/site-packages/nvidia/cublas/lib/libcublas.so.12
700038f34000-700038f3b000 rw-p 06734000 fc:00 35412386                   /home/henriqueramos_qs/meta-learning-concept-drift/.venv/lib/python3.12/site-packages/nvidia/cublas/lib/libcublas.so.12
700038f3b000-700038f47000 rw-p 00000000 00:00 0 
700039000000-70003d7cf000 r-xp 00000000 fc:00 35412140                   /home/henriqueramos_qs/meta-learning-concept-drift/.venv/lib/python3.12/site-packages/nvidia/curand/lib/libcurand.so.10
70003d7cf000-70003d9cf000 ---p 047cf000 fc:00 35412140                   /home/henriqueramos_qs/meta-learning-concept-drift/.venv/lib/python3.12/site-packages/nvidia/curand/lib/libcurand.so.10
70003d9cf000-70003d9d5000 r--p 047cf000 fc:00 35412140                   /home/henriqueramos_qs/meta-learning-concept-drift/.venv/lib/python3.12/site-packages/nvidia/curand/lib/libcurand.so.10
70003d9d5000-70003ee01000 rw-p 047d5000 fc:00 35412140                   /home/henriqueramos_qs/meta-learning-concept-drift/.venv/lib/python3.12/site-packages/nvidia/curand/lib/libcurand.so.10
70003ee01000-70003f439000 rw-p 00000000 00:00 0 
70003f500000-70003f600000 rw-p 00000000 00:00 0 
70003f600000-70003fb7a000 r-xp 00000000 fc:00 35414327                   /home/henriqueramos_qs/meta-learning-concept-drift/.venv/lib/python3.12/site-packages/nvidia/cufft/lib/libcufft.so.11
70003fb7a000-70003fd79000 ---p 0057a000 fc:00 35414327                   /home/henriqueramos_qs/meta-learning-concept-drift/.venv/lib/python3.12/site-packages/nvidia/cufft/lib/libcufft.so.11
70003fd79000-70003fd86000 r--p 00579000 fc:00 35414327                   /home/henriqueramos_qs/meta-learning-concept-drift/.venv/lib/python3.12/site-packages/nvidia/cufft/lib/libcufft.so.11
70003fd86000-700050163000 rw-p 00586000 fc:00 35414327                   /home/henriqueramos_qs/meta-learning-concept-drift/.venv/lib/python3.12/site-packages/nvidia/cufft/lib/libcufft.so.11
700050163000-7000504aa000 rw-p 00000000 00:00 0 
7000504aa000-700050600000 ---p 10eaa000 fc:00 35414327                   /home/henriqueramos_qs/meta-learning-concept-drift/.venv/lib/python3.12/site-packages/nvidia/cufft/lib/libcufft.so.11
700050600000-700050601000 rw-p 10a00000 fc:00 35414327                   /home/henriqueramos_qs/meta-learning-concept-drift/.venv/lib/python3.12/site-packages/nvidia/cufft/lib/libcufft.so.11
700050700000-700050800000 rw-p 00000000 00:00 0 
700050800000-700061fba000 r-xp 00000000 fc:00 35414303                   /home/henriqueramos_qs/meta-learning-concept-drift/.venv/lib/python3.12/site-packages/nvidia/cusparse/lib/libcusparse.so.12
700061fba000-7000621ba000 ---p 117ba000 fc:00 35414303                   /home/henriqueramos_qs/meta-learning-concept-drift/.venv/lib/python3.12/site-packages/nvidia/cusparse/lib/libcusparse.so.12
7000621ba000-7000621c9000 r--p 117ba000 fc:00 35414303                   /home/henriqueramos_qs/meta-learning-concept-drift/.venv/lib/python3.12/site-packages/nvidia/cusparse/lib/libcusparse.so.12
7000621c9000-7000621e5000 rw-p 117c9000 fc:00 35414303                   /home/henriqueramos_qs/meta-learning-concept-drift/.venv/lib/python3.12/site-packages/nvidia/cusparse/lib/libcusparse.so.12
7000621e5000-7000621ea000 rw-p 00000000 00:00 0 
7000621ea000-700062200000 ---p 119ea000 fc:00 35414303                   /home/henriqueramos_qs/meta-learning-concept-drift/.venv/lib/python3.12/site-packages/nvidia/cusparse/lib/libcusparse.so.12
700062200000-700062205000 rw-p 11800000 fc:00 35414303                   /home/henriqueramos_qs/meta-learning-concept-drift/.venv/lib/python3.12/site-packages/nvidia/cusparse/lib/libcusparse.so.12
700062300000-700062400000 rw-p 00000000 00:00 0 
700062400000-70006fd29000 r-xp 00000000 fc:00 35407401                   /home/henriqueramos_qs/meta-learning-concept-drift/.venv/lib/python3.12/site-packages/cusparselt/lib/libcusparseLt.so.0
70006fd29000-70006ff29000 ---p 0d929000 fc:00 35407401                   /home/henriqueramos_qs/meta-learning-concept-drift/.venv/lib/python3.12/site-packages/cusparselt/lib/libcusparseLt.so.0
70006ff29000-70006ff56000 r--p 0d929000 fc:00 35407401                   /home/henriqueramos_qs/meta-learning-concept-drift/.venv/lib/python3.12/site-packages/cusparselt/lib/libcusparseLt.so.0
70006ff56000-70006ff5f000 rw-p 0d956000 fc:00 35407401                   /home/henriqueramos_qs/meta-learning-concept-drift/.venv/lib/python3.12/site-packages/cusparselt/lib/libcusparseLt.so.0
70006ff5f000-70007014f000 rw-p 00000000 00:00 0 
70007014f000-700070a54000 rw-p 0d95f000 fc:00 35407401                   /home/henriqueramos_qs/meta-learning-concept-drift/.venv/lib/python3.12/site-packages/cusparselt/lib/libcusparseLt.so.0
700070b00000-700070c00000 rw-p 00000000 00:00 0 
700070c00000-7000719bf000 r--p 00000000 fc:00 35521563                   /home/henriqueramos_qs/meta-learning-concept-drift/.venv/lib/python3.12/site-packages/torch/lib/libtorch_cuda.so
7000719bf000-70007497b000 r-xp 00dbf000 fc:00 35521563                   /home/henriqueramos_qs/meta-learning-concept-drift/.venv/lib/python3.12/site-packages/torch/lib/libtorch_cuda.so
70007497b000-7000a9277000 r--p 03d7b000 fc:00 35521563                   /home/henriqueramos_qs/meta-learning-concept-drift/.venv/lib/python3.12/site-packages/torch/lib/libtorch_cuda.so
7000a9277000-7000a92ee000 r--p 38676000 fc:00 35521563                   /home/henriqueramos_qs/meta-learning-concept-drift/.venv/lib/python3.12/site-packages/torch/lib/libtorch_cuda.so
7000a92ee000-7000a9310000 rw-p 386ed000 fc:00 35521563                   /home/henriqueramos_qs/meta-learning-concept-drift/.venv/lib/python3.12/site-packages/torch/lib/libtorch_cuda.so
7000a9310000-7000aa05b000 rw-p 00000000 00:00 0 
7000aa05b000-7000aab3c000 rw-p 3a024000 fc:00 35521563                   /home/henriqueramos_qs/meta-learning-concept-drift/.venv/lib/python3.12/site-packages/torch/lib/libtorch_cuda.so
7000aac00000-7000aba29000 r--p 00000000 fc:00 35521562                   /home/henriqueramos_qs/meta-learning-concept-drift/.venv/lib/python3.12/site-packages/torch/lib/libtorch_cpu.so
7000aba29000-7000bb7d8000 r-xp 00e29000 fc:00 35521562                   /home/henriqueramos_qs/meta-learning-concept-drift/.venv/lib/python3.12/site-packages/torch/lib/libtorch_cpu.so
7000bb7d8000-7000be140000 r--p 10bd8000 fc:00 35521562                   /home/henriqueramos_qs/meta-learning-concept-drift/.venv/lib/python3.12/site-packages/torch/lib/libtorch_cpu.so
7000be140000-7000be39c000 r--p 1353f000 fc:00 35521562                   /home/henriqueramos_qs/meta-learning-concept-drift/.venv/lib/python3.12/site-packages/torch/lib/libtorch_cpu.so
7000be39c000-7000be406000 rw-p 1379b000 fc:00 35521562                   /home/henriqueramos_qs/meta-learning-concept-drift/.venv/lib/python3.12/site-packages/torch/lib/libtorch_cpu.so
7000be406000-7000be510000 rw-p 00000000 00:00 0 
7000be510000-7000bea29000 rw-p 18d85000 fc:00 35521562                   /home/henriqueramos_qs/meta-learning-concept-drift/.venv/lib/python3.12/site-packages/torch/lib/libtorch_cpu.so
7000beb00000-7000bec00000 rw-p 00000000 00:00 0 
7000bec00000-7000bed7b000 r--p 00000000 fc:00 35521566                   /home/henriqueramos_qs/meta-learning-concept-drift/.venv/lib/python3.12/site-packages/torch/lib/libtorch_python.so
7000bed7b000-7000bf91e000 r-xp 0017b000 fc:00 35521566                   /home/henriqueramos_qs/meta-learning-concept-drift/.venv/lib/python3.12/site-packages/torch/lib/libtorch_python.so
7000bf91e000-7000bfd02000 r--p 00d1e000 fc:00 35521566                   /home/henriqueramos_qs/meta-learning-concept-drift/.venv/lib/python3.12/site-packages/torch/lib/libtorch_python.so
7000bfd02000-7000bfd23000 r--p 01101000 fc:00 35521566                   /home/henriqueramos_qs/meta-learning-concept-drift/.venv/lib/python3.12/site-packages/torch/lib/libtorch_python.so
7000bfd23000-7000bfd81000 rw-p 01122000 fc:00 35521566                   /home/henriqueramos_qs/meta-learning-concept-drift/.venv/lib/python3.12/site-packages/torch/lib/libtorch_python.so
7000bfd81000-7000bfdf7000 rw-p 00000000 00:00 0 
7000bfdf7000-7000bfe85000 rw-p 018f0000 fc:00 35521566                   /home/henriqueramos_qs/meta-learning-concept-drift/.venv/lib/python3.12/site-packages/torch/lib/libtorch_python.so
7000bff00000-7000c0000000 rw-p 00000000 00:00 0 
7000c0000000-7000c30ef000 r-xp 00000000 fc:00 35412297                   /home/henriqueramos_qs/meta-learning-concept-drift/.venv/lib/python3.12/site-packages/nvidia/cuda_nvrtc/lib/libnvrtc.so.12
7000c30ef000-7000c32ee000 ---p 030ef000 fc:00 35412297                   /home/henriqueramos_qs/meta-learning-concept-drift/.venv/lib/python3.12/site-packages/nvidia/cuda_nvrtc/lib/libnvrtc.so.12
7000c32ee000-7000c3877000 r--p 030ee000 fc:00 35412297                   /home/henriqueramos_qs/meta-learning-concept-drift/.venv/lib/python3.12/site-packages/nvidia/cuda_nvrtc/lib/libnvrtc.so.12
7000c3877000-7000c395e000 rw-p 03677000 fc:00 35412297                   /home/henriqueramos_qs/meta-learning-concept-drift/.venv/lib/python3.12/site-packages/nvidia/cuda_nvrtc/lib/libnvrtc.so.12
7000c395e000-7000c3c3a000 rw-p 00000000 00:00 0 
7000c3c3a000-7000c3e00000 ---p 03c3a000 fc:00 35412297                   /home/henriqueramos_qs/meta-learning-concept-drift/.venv/lib/python3.12/site-packages/nvidia/cuda_nvrtc/lib/libnvrtc.so.12
7000c3e00000-7000c3e02000 rw-p 03800000 fc:00 35412297                   /home/henriqueramos_qs/meta-learning-concept-drift/.venv/lib/python3.12/site-packages/nvidia/cuda_nvrtc/lib/libnvrtc.so.12
7000c3f00000-7000c42e9000 rw-p 00000000 00:00 0 
7000c42e9000-7000c8000000 ---p 00000000 00:00 0 
7000c8000000-7000c8c00000 rw-p 00000000 00:00 0 
7000c8c00000-7000cb677000 r-xp 00000000 fc:00 35412082                   /home/henriqueramos_qs/meta-learning-concept-drift/.venv/lib/python3.12/site-packages/nvidia/nvjitlink/lib/libnvJitLink.so.12
7000cb677000-7000cb877000 ---p 02a77000 fc:00 35412082                   /home/henriqueramos_qs/meta-learning-concept-drift/.venv/lib/python3.12/site-packages/nvidia/nvjitlink/lib/libnvJitLink.so.12
7000cb877000-7000cbda2000 r--p 02a77000 fc:00 35412082                   /home/henriqueramos_qs/meta-learning-concept-drift/.venv/lib/python3.12/site-packages/nvidia/nvjitlink/lib/libnvJitLink.so.12
7000cbda2000-7000cbe15000 rw-p 02fa2000 fc:00 35412082                   /home/henriqueramos_qs/meta-learning-concept-drift/.venv/lib/python3.12/site-packages/nvidia/nvjitlink/lib/libnvJitLink.so.12
7000cbe15000-7000cbe89000 rw-p 00000000 00:00 0 
7000cbf00000-7000cc0f5000 rw-p 00000000 00:00 0 
7000cc0f5000-7000d0000000 ---p 00000000 00:00 0 
7000d0000000-7000d2672000 rw-p 00000000 00:00 0 
7000d2672000-7000d4000000 ---p 00000000 00:00 0 
7000d4000000-7000d4021000 rw-p 00000000 00:00 0 
7000d4021000-7000d8000000 ---p 00000000 00:00 0 
7000d8000000-7000d8bf4000 rw-p 00000000 00:00 0 
7000d8bf4000-7000dc000000 ---p 00000000 00:00 0 
7000dc000000-7000dc021000 rw-p 00000000 00:00 0 
7000dc021000-7000e0000000 ---p 00000000 00:00 0 
7000e0000000-7000e0021000 rw-p 00000000 00:00 0 
7000e0021000-7000e4000000 ---p 00000000 00:00 0 
7000e4000000-7000e4021000 rw-p 00000000 00:00 0 
7000e4021000-7000e8000000 ---p 00000000 00:00 0 
7000e8000000-7000e8021000 rw-p 00000000 00:00 0 
7000e8021000-7000ec000000 ---p 00000000 00:00 0 
7000ec000000-7000ec36f000 rw-p 00000000 00:00 0 
7000ec36f000-7000f0000000 ---p 00000000 00:00 0 
7000f0000000-7000f0021000 rw-p 00000000 00:00 0 
7000f0021000-7000f4000000 ---p 00000000 00:00 0 
7000f4000000-7000f458d000 rw-p 00000000 00:00 0 
7000f458d000-7000f8000000 ---p 00000000 00:00 0 
7000f8000000-7000f876e000 rw-p 00000000 00:00 0 
7000f876e000-7000fc000000 ---p 00000000 00:00 0 
7000fc000000-7000fc156000 rw-p 00000000 00:00 0 
7000fc156000-700100000000 ---p 00000000 00:00 0 
700100000000-700100159000 rw-p 00000000 00:00 0 
700100159000-700104000000 ---p 00000000 00:00 0 
700104000000-700104021000 rw-p 00000000 00:00 0 
700104021000-700108000000 ---p 00000000 00:00 0 
700108000000-7001085d6000 rw-p 00000000 00:00 0 
7001085d6000-70010c000000 ---p 00000000 00:00 0 
70010c000000-70010c021000 rw-p 00000000 00:00 0 
70010c021000-700110000000 ---p 00000000 00:00 0 
700110000000-700110400000 rw-p 00000000 00:00 0 
700110400000-7001104bb000 r--p 00000000 fc:00 35412357                   /home/henriqueramos_qs/meta-learning-concept-drift/.venv/lib/python3.12/site-packages/nvidia/cuda_cupti/lib/libcupti.so.12
7001104bb000-700110958000 r-xp 000bb000 fc:00 35412357                   /home/henriqueramos_qs/meta-learning-concept-drift/.venv/lib/python3.12/site-packages/nvidia/cuda_cupti/lib/libcupti.so.12
700110958000-700110aaf000 r--p 00558000 fc:00 35412357                   /home/henriqueramos_qs/meta-learning-concept-drift/.venv/lib/python3.12/site-packages/nvidia/cuda_cupti/lib/libcupti.so.12
700110aaf000-700110afc000 r--p 006ae000 fc:00 35412357                   /home/henriqueramos_qs/meta-learning-concept-drift/.venv/lib/python3.12/site-packages/nvidia/cuda_cupti/lib/libcupti.so.12
700110afc000-700110bb3000 rw-p 006fb000 fc:00 35412357                   /home/henriqueramos_qs/meta-learning-concept-drift/.venv/lib/python3.12/site-packages/nvidia/cuda_cupti/lib/libcupti.so.12
700110bb3000-700110bf4000 rw-p 00000000 00:00 0 
700110c00000-700110c2e000 r--p 00000000 fc:00 35412161                   /home/henriqueramos_qs/meta-learning-concept-drift/.venv/lib/python3.12/site-packages/nvidia/cufile/lib/libcufile.so.0
700110c2e000-700110e11000 r-xp 0002e000 fc:00 35412161                   /home/henriqueramos_qs/meta-learning-concept-drift/.venv/lib/python3.12/site-packages/nvidia/cufile/lib/libcufile.so.0
700110e11000-700110eb3000 r--p 00211000 fc:00 35412161                   /home/henriqueramos_qs/meta-learning-concept-drift/.venv/lib/python3.12/site-packages/nvidia/cufile/lib/libcufile.so.0
700110eb3000-700110eb4000 ---p 002b3000 fc:00 35412161                   /home/henriqueramos_qs/meta-learning-concept-drift/.venv/lib/python3.12/site-packages/nvidia/cufile/lib/libcufile.so.0
700110eb4000-700110eb9000 r--p 002b3000 fc:00 35412161                   /home/henriqueramos_qs/meta-learning-concept-drift/.venv/lib/python3.12/site-packages/nvidia/cufile/lib/libcufile.so.0
700110eb9000-700110ec1000 rw-p 002b8000 fc:00 35412161                   /home/henriqueramos_qs/meta-learning-concept-drift/.venv/lib/python3.12/site-packages/nvidia/cufile/lib/libcufile.so.0
700110ec1000-700110ecc000 rw-p 00000000 00:00 0 
700110ecc000-700110ed8000 rw-p 002db000 fc:00 35412161                   /home/henriqueramos_qs/meta-learning-concept-drift/.venv/lib/python3.12/site-packages/nvidia/cufile/lib/libcufile.so.0
700110f00000-700111000000 rw-p 00000000 00:00 0 
700111000000-70011101e000 r-xp 00000000 fc:00 35414362                   /home/henriqueramos_qs/meta-learning-concept-drift/.venv/lib/python3.12/site-packages/nvidia/cudnn/lib/libcudnn.so.9
70011101e000-70011121d000 ---p 0001e000 fc:00 35414362                   /home/henriqueramos_qs/meta-learning-concept-drift/.venv/lib/python3.12/site-packages/nvidia/cudnn/lib/libcudnn.so.9
70011121d000-70011121e000 r--p 0001d000 fc:00 35414362                   /home/henriqueramos_qs/meta-learning-concept-drift/.venv/lib/python3.12/site-packages/nvidia/cudnn/lib/libcudnn.so.9
70011121e000-70011121f000 rw-p 0001e000 fc:00 35414362                   /home/henriqueramos_qs/meta-learning-concept-drift/.venv/lib/python3.12/site-packages/nvidia/cudnn/lib/libcudnn.so.9
7001112de000-700111305000 r--p 00000000 fc:00 35521556                   /home/henriqueramos_qs/meta-learning-concept-drift/.venv/lib/python3.12/site-packages/torch/lib/libc10.so
700111305000-7001113ad000 r-xp 00027000 fc:00 35521556                   /home/henriqueramos_qs/meta-learning-concept-drift/.venv/lib/python3.12/site-packages/torch/lib/libc10.so
7001113ad000-7001113e0000 r--p 000cf000 fc:00 35521556                   /home/henriqueramos_qs/meta-learning-concept-drift/.venv/lib/python3.12/site-packages/torch/lib/libc10.so
7001113e0000-7001113e3000 r--p 00101000 fc:00 35521556                   /home/henriqueramos_qs/meta-learning-concept-drift/.venv/lib/python3.12/site-packages/torch/lib/libc10.so
7001113e3000-7001113ea000 rw-p 00104000 fc:00 35521556                   /home/henriqueramos_qs/meta-learning-concept-drift/.venv/lib/python3.12/site-packages/torch/lib/libc10.so
7001113ea000-7001113ec000 rw-p 00000000 00:00 0 
7001113ec000-700111400000 rw-p 0014c000 fc:00 35521556                   /home/henriqueramos_qs/meta-learning-concept-drift/.venv/lib/python3.12/site-packages/torch/lib/libc10.so
700111400000-7001114a9000 r-xp 00000000 fc:00 35412275                   /home/henriqueramos_qs/meta-learning-concept-drift/.venv/lib/python3.12/site-packages/nvidia/cuda_runtime/lib/libcudart.so.12
7001114a9000-7001116a9000 ---p 000a9000 fc:00 35412275                   /home/henriqueramos_qs/meta-learning-concept-drift/.venv/lib/python3.12/site-packages/nvidia/cuda_runtime/lib/libcudart.so.12
7001116a9000-7001116ae000 r--p 000a9000 fc:00 35412275                   /home/henriqueramos_qs/meta-learning-concept-drift/.venv/lib/python3.12/site-packages/nvidia/cuda_runtime/lib/libcudart.so.12
7001116ae000-7001116af000 rw-p 000ae000 fc:00 35412275                   /home/henriqueramos_qs/meta-learning-concept-drift/.venv/lib/python3.12/site-packages/nvidia/cuda_runtime/lib/libcudart.so.12
7001116af000-7001116b1000 rw-p 00000000 00:00 0 
700111767000-700111afd000 rw-p 00000000 00:00 0 
700111afd000-700111b01000 ---p 00000000 00:00 0 
700111b01000-700111bfd000 rw-p 00000000 00:00 0 
700111bfd000-700111c01000 ---p 00000000 00:00 0 
700111c01000-700111cfd000 rw-p 00000000 00:00 0 
700111cfd000-700111d01000 ---p 00000000 00:00 0 
700111d01000-700111dfd000 rw-p 00000000 00:00 0 
700111dfd000-700111e01000 ---p 00000000 00:00 0 
700111e01000-700111efd000 rw-p 00000000 00:00 0 
700111efd000-700111efe000 ---p 00000000 00:00 0 
700111efe000-700111ffe000 rw-p 00000000 00:00 0 
700111ffe000-700111fff000 ---p 00000000 00:00 0 
700111fff000-7001120ff000 rw-p 00000000 00:00 0 
7001120ff000-700112100000 ---p 00000000 00:00 0 
700112100000-700112200000 rw-p 00000000 00:00 0 
700112200000-700112204000 ---p 00000000 00:00 0 
700112204000-700112c00000 rw-p 00000000 00:00 0 
700112c00000-700112c04000 ---p 00000000 00:00 0 
700112c04000-700113600000 rw-p 00000000 00:00 0 
700113600000-700113604000 ---p 00000000 00:00 0 
700113604000-700114000000 rw-p 00000000 00:00 0 
700114000000-700114de5000 rw-p 00000000 00:00 0 
700114de5000-700118000000 ---p 00000000 00:00 0 
700118000000-70011816f000 rw-p 00000000 00:00 0 
70011816f000-70011c000000 ---p 00000000 00:00 0 
70011c000000-70011c021000 rw-p 00000000 00:00 0 
70011c021000-700120000000 ---p 00000000 00:00 0 
700120000000-700120021000 rw-p 00000000 00:00 0 
700120021000-700124000000 ---p 00000000 00:00 0 
700124000000-700124021000 rw-p 00000000 00:00 0 
700124021000-700128000000 ---p 00000000 00:00 0 
700128000000-700128021000 rw-p 00000000 00:00 0 
700128021000-70012c000000 ---p 00000000 00:00 0 
70012c000000-70012ca2e000 rw-p 00000000 00:00 0 
70012ca2e000-700130000000 ---p 00000000 00:00 0 
700130000000-700130021000 rw-p 00000000 00:00 0 
700130021000-700134000000 ---p 00000000 00:00 0 
700134000000-700134260000 rw-p 00000000 00:00 0 
700134260000-700134400000 ---p 00000000 00:00 0 
700134400000-700134520000 rw-p 00000000 00:00 0 
700134520000-700138000000 ---p 00000000 00:00 0 
700138000000-700138021000 rw-p 00000000 00:00 0 
700138021000-70013c000000 ---p 00000000 00:00 0 
70013c04d000-70013c05c000 r--p 00000000 fc:00 35521557                   /home/henriqueramos_qs/meta-learning-concept-drift/.venv/lib/python3.12/site-packages/torch/lib/libc10_cuda.so
70013c05c000-70013c0b7000 r-xp 0000f000 fc:00 35521557                   /home/henriqueramos_qs/meta-learning-concept-drift/.venv/lib/python3.12/site-packages/torch/lib/libc10_cuda.so
70013c0b7000-70013c0cd000 r--p 0006a000 fc:00 35521557                   /home/henriqueramos_qs/meta-learning-concept-drift/.venv/lib/python3.12/site-packages/torch/lib/libc10_cuda.so
70013c0cd000-70013c0ce000 ---p 00080000 fc:00 35521557                   /home/henriqueramos_qs/meta-learning-concept-drift/.venv/lib/python3.12/site-packages/torch/lib/libc10_cuda.so
70013c0ce000-70013c0cf000 r--p 00080000 fc:00 35521557                   /home/henriqueramos_qs/meta-learning-concept-drift/.venv/lib/python3.12/site-packages/torch/lib/libc10_cuda.so
70013c0cf000-70013c0d0000 rw-p 00081000 fc:00 35521557                   /home/henriqueramos_qs/meta-learning-concept-drift/.venv/lib/python3.12/site-packages/torch/lib/libc10_cuda.so
70013c0d0000-70013c0f6000 rw-p 00000000 00:00 0 
70013c0f6000-70013c0fe000 rw-p 000a3000 fc:00 35521557                   /home/henriqueramos_qs/meta-learning-concept-drift/.venv/lib/python3.12/site-packages/torch/lib/libc10_cuda.so
70013c0fe000-70013c0ff000 ---p 00000000 00:00 0 
70013c0ff000-70013c1ff000 rw-p 00000000 00:00 0 
70013c1ff000-70013c200000 ---p 00000000 00:00 0 
70013c200000-70013c300000 rw-p 00000000 00:00 0 
70013c300000-70013c304000 ---p 00000000 00:00 0 
70013c304000-70013c400000 rw-p 00000000 00:00 0 
70013c400000-70013c404000 ---p 00000000 00:00 0 
70013c404000-70013c500000 rw-p 00000000 00:00 0 
70013c500000-70013c504000 ---p 00000000 00:00 0 
70013c504000-70013c600000 rw-p 00000000 00:00 0 
70013c600000-70013c604000 ---p 00000000 00:00 0 
70013c604000-70013c700000 rw-p 00000000 00:00 0 
70013c700000-70013c704000 ---p 00000000 00:00 0 
70013c704000-70013c800000 rw-p 00000000 00:00 0 
70013c800000-70013c804000 ---p 00000000 00:00 0 
70013c804000-70013d200000 rw-p 00000000 00:00 0 
70013d200000-70013d204000 ---p 00000000 00:00 0 
70013d204000-70013dc00000 rw-p 00000000 00:00 0 
70013dc00000-70013dc04000 ---p 00000000 00:00 0 
70013dc04000-70013e600000 rw-p 00000000 00:00 0 
70013e600000-70013e604000 ---p 00000000 00:00 0 
70013e604000-70013f000000 rw-p 00000000 00:00 0 
70013f000000-70013fca0000 rw-p 00001000 08:05 8922105                    /usr/lib/jvm/java-21-openjdk-amd64/lib/server/classes.jsa
70013fca0000-700140000000 ---p 00000000 00:00 0 
700140000000-700140030000 rw-p 00000000 00:00 0 
700140030000-700140040000 ---p 00000000 00:00 0 
700140040000-700140080000 rw-p 00000000 00:00 0 
700140080000-700180000000 ---p 00000000 00:00 0 
700180000000-700180021000 rw-p 00000000 00:00 0 
700180021000-700184000000 ---p 00000000 00:00 0 
700184000000-700184021000 rw-p 00000000 00:00 0 
700184021000-700188000000 ---p 00000000 00:00 0 
700188000000-700188021000 rw-p 00000000 00:00 0 
700188021000-70018c000000 ---p 00000000 00:00 0 
70018c000000-70018c021000 rw-p 00000000 00:00 0 
70018c021000-700190000000 ---p 00000000 00:00 0 
700190000000-700190021000 rw-p 00000000 00:00 0 
700190021000-700194000000 ---p 00000000 00:00 0 
700194000000-700194004000 ---p 00000000 00:00 0 
700194004000-700194100000 rw-p 00000000 00:00 0 
700194100000-700194104000 ---p 00000000 00:00 0 
700194104000-700194200000 rw-p 00000000 00:00 0 
700194200000-700194204000 ---p 00000000 00:00 0 
700194204000-700194c00000 rw-p 00000000 00:00 0 
700194c2b000-700194c30000 r--p 00000000 08:05 8922088                    /usr/lib/jvm/java-21-openjdk-amd64/lib/libjsvml.so
700194c30000-700194c71000 r-xp 00005000 08:05 8922088                    /usr/lib/jvm/java-21-openjdk-amd64/lib/libjsvml.so
700194c71000-700194cfa000 r--p 00046000 08:05 8922088                    /usr/lib/jvm/java-21-openjdk-amd64/lib/libjsvml.so
700194cfa000-700194cfb000 r--p 000ce000 08:05 8922088                    /usr/lib/jvm/java-21-openjdk-amd64/lib/libjsvml.so
700194cfb000-700194cfc000 rw-p 000cf000 08:05 8922088                    /usr/lib/jvm/java-21-openjdk-amd64/lib/libjsvml.so
700194cfc000-700194d00000 ---p 00000000 00:00 0 
700194d00000-700194dfc000 rw-p 00000000 00:00 0 
700194dfc000-700194dfd000 ---p 00000000 00:00 0 
700194dfd000-700194efd000 rw-p 00000000 00:00 0 
700194efd000-700194efe000 ---p 00000000 00:00 0 
700194efe000-700194ffe000 rw-p 00000000 00:00 0 
700194ffe000-700194fff000 ---p 00000000 00:00 0 
700194fff000-7001950ff000 rw-p 00000000 00:00 0 
7001950ff000-700195100000 ---p 00000000 00:00 0 
700195100000-700195200000 rw-p 00000000 00:00 0 
700195200000-700197200000 rw-p 00000000 00:00 0 
700197279000-70019727a000 ---p 00000000 00:00 0 
70019727a000-70019737a000 rw-p 00000000 00:00 0 
70019737a000-70019737b000 ---p 00000000 00:00 0 
70019737b000-70019747b000 rw-p 00000000 00:00 0 
70019747b000-700197910000 rw-p 00000000 00:00 0 
700197910000-70019f800000 ---p 00000000 00:00 0 
70019f800000-70019f822000 rw-p 00000000 00:00 0 
70019f822000-7001a0800000 ---p 00000000 00:00 0 
7001a0800000-7001a0822000 rw-p 00000000 00:00 0 
7001a0822000-7001a1800000 ---p 00000000 00:00 0 
7001a1817000-7001a1818000 ---p 00000000 00:00 0 
7001a1818000-7001a1918000 rw-p 00000000 00:00 0 
7001a1918000-7001a191d000 rw-p 00000000 00:00 0 
7001a191d000-7001a1a00000 ---p 00000000 00:00 0 
7001a1a00000-7001a1c70000 rwxp 00000000 00:00 0 
7001a1c70000-7001a8dcf000 ---p 00000000 00:00 0 
7001a8dcf000-7001a923f000 rwxp 00000000 00:00 0 
7001a923f000-7001a9630000 ---p 00000000 00:00 0 
7001a9630000-7001a98a0000 rwxp 00000000 00:00 0 
7001a98a0000-7001b0a00000 ---p 00000000 00:00 0 
7001b0a00000-7001b902a000 r--s 00000000 08:05 8922104                    /usr/lib/jvm/java-21-openjdk-amd64/lib/modules
7001b9041000-7001b904b000 r--p 00000000 fc:00 34870893                   /home/henriqueramos_qs/meta-learning-concept-drift/.venv/lib/python3.12/site-packages/matplotlib/backends/_backend_agg.cpython-312-x86_64-linux-gnu.so
7001b904b000-7001b908e000 r-xp 0000a000 fc:00 34870893                   /home/henriqueramos_qs/meta-learning-concept-drift/.venv/lib/python3.12/site-packages/matplotlib/backends/_backend_agg.cpython-312-x86_64-linux-gnu.so
7001b908e000-7001b9096000 r--p 0004d000 fc:00 34870893                   /home/henriqueramos_qs/meta-learning-concept-drift/.venv/lib/python3.12/site-packages/matplotlib/backends/_backend_agg.cpython-312-x86_64-linux-gnu.so
7001b9096000-7001b9097000 r--p 00054000 fc:00 34870893                   /home/henriqueramos_qs/meta-learning-concept-drift/.venv/lib/python3.12/site-packages/matplotlib/backends/_backend_agg.cpython-312-x86_64-linux-gnu.so
7001b9097000-7001b9098000 rw-p 00055000 fc:00 34870893                   /home/henriqueramos_qs/meta-learning-concept-drift/.venv/lib/python3.12/site-packages/matplotlib/backends/_backend_agg.cpython-312-x86_64-linux-gnu.so
7001b9098000-7001b9099000 rw-p 00000000 00:00 0 
7001b9099000-7001b90a1000 r--p 00000000 fc:00 35521561                   /home/henriqueramos_qs/meta-learning-concept-drift/.venv/lib/python3.12/site-packages/torch/lib/libtorch.so
7001b90a1000-7001b90bd000 r-xp 00008000 fc:00 35521561                   /home/henriqueramos_qs/meta-learning-concept-drift/.venv/lib/python3.12/site-packages/torch/lib/libtorch.so
7001b90bd000-7001b90c5000 r--p 00024000 fc:00 35521561                   /home/henriqueramos_qs/meta-learning-concept-drift/.venv/lib/python3.12/site-packages/torch/lib/libtorch.so
7001b90c5000-7001b90c6000 ---p 0002c000 fc:00 35521561                   /home/henriqueramos_qs/meta-learning-concept-drift/.venv/lib/python3.12/site-packages/torch/lib/libtorch.so
7001b90c6000-7001b90c7000 r--p 0002c000 fc:00 35521561                   /home/henriqueramos_qs/meta-learning-concept-drift/.venv/lib/python3.12/site-packages/torch/lib/libtorch.so
7001b90c7000-7001b90c8000 rw-p 0002d000 fc:00 35521561                   /home/henriqueramos_qs/meta-learning-concept-drift/.venv/lib/python3.12/site-packages/torch/lib/libtorch.so
7001b90c8000-7001b90cd000 rw-p 0003b000 fc:00 35521561                   /home/henriqueramos_qs/meta-learning-concept-drift/.venv/lib/python3.12/site-packages/torch/lib/libtorch.so
7001b90cd000-7001b90d4000 r--p 00000000 08:05 8922096                    /usr/lib/jvm/java-21-openjdk-amd64/lib/libnio.so
7001b90d4000-7001b90dd000 r-xp 00007000 08:05 8922096                    /usr/lib/jvm/java-21-openjdk-amd64/lib/libnio.so
7001b90dd000-7001b90e1000 r--p 00010000 08:05 8922096                    /usr/lib/jvm/java-21-openjdk-amd64/lib/libnio.so
7001b90e1000-7001b90e2000 r--p 00014000 08:05 8922096                    /usr/lib/jvm/java-21-openjdk-amd64/lib/libnio.so
7001b90e2000-7001b90e3000 rw-p 00015000 08:05 8922096                    /usr/lib/jvm/java-21-openjdk-amd64/lib/libnio.so
7001b90e3000-7001b90e8000 rw-p 00000000 00:00 0 
7001b90e8000-7001b91cb000 ---p 00000000 00:00 0 
7001b91cb000-7001b91d4000 rw-p 00000000 00:00 0 
7001b91d4000-7001b91dc000 ---p 00000000 00:00 0 
7001b91dc000-7001b91e9000 r--p 00000000 08:05 8922081                    /usr/lib/jvm/java-21-openjdk-amd64/lib/libjava.so
7001b91e9000-7001b91f8000 r-xp 0000d000 08:05 8922081                    /usr/lib/jvm/java-21-openjdk-amd64/lib/libjava.so
7001b91f8000-7001b91fd000 r--p 0001c000 08:05 8922081                    /usr/lib/jvm/java-21-openjdk-amd64/lib/libjava.so
7001b91fd000-7001b91fe000 r--p 00021000 08:05 8922081                    /usr/lib/jvm/java-21-openjdk-amd64/lib/libjava.so
7001b91fe000-7001b91ff000 rw-p 00022000 08:05 8922081                    /usr/lib/jvm/java-21-openjdk-amd64/lib/libjava.so
7001b91ff000-7001b9200000 rw-p 00000000 00:00 0 
7001b9200000-7001b94a2000 r--p 00000000 08:05 8922108                    /usr/lib/jvm/java-21-openjdk-amd64/lib/server/libjvm.so
7001b94a2000-7001ba317000 r-xp 002a2000 08:05 8922108                    /usr/lib/jvm/java-21-openjdk-amd64/lib/server/libjvm.so
7001ba317000-7001ba5f1000 r--p 01117000 08:05 8922108                    /usr/lib/jvm/java-21-openjdk-amd64/lib/server/libjvm.so
7001ba5f1000-7001ba6c5000 r--p 013f0000 08:05 8922108                    /usr/lib/jvm/java-21-openjdk-amd64/lib/server/libjvm.so
7001ba6c5000-7001ba6f5000 rw-p 014c4000 08:05 8922108                    /usr/lib/jvm/java-21-openjdk-amd64/lib/server/libjvm.so
7001ba6f5000-7001ba75b000 rw-p 00000000 00:00 0 
7001ba765000-7001ba865000 rw-p 00000000 00:00 0 
7001ba865000-7001ba8a0000 r--p 00000000 fc:00 34899781                   /home/henriqueramos_qs/meta-learning-concept-drift/.venv/lib/python3.12/site-packages/_jpype.cpython-312-x86_64-linux-gnu.so
7001ba8a0000-7001ba8f4000 r-xp 0003b000 fc:00 34899781                   /home/henriqueramos_qs/meta-learning-concept-drift/.venv/lib/python3.12/site-packages/_jpype.cpython-312-x86_64-linux-gnu.so
7001ba8f4000-7001ba91c000 r--p 0008f000 fc:00 34899781                   /home/henriqueramos_qs/meta-learning-concept-drift/.venv/lib/python3.12/site-packages/_jpype.cpython-312-x86_64-linux-gnu.so
7001ba91c000-7001ba91d000 ---p 000b7000 fc:00 34899781                   /home/henriqueramos_qs/meta-learning-concept-drift/.venv/lib/python3.12/site-packages/_jpype.cpython-312-x86_64-linux-gnu.so
7001ba91d000-7001ba921000 r--p 000b7000 fc:00 34899781                   /home/henriqueramos_qs/meta-learning-concept-drift/.venv/lib/python3.12/site-packages/_jpype.cpython-312-x86_64-linux-gnu.so
7001ba921000-7001ba925000 rw-p 000bb000 fc:00 34899781                   /home/henriqueramos_qs/meta-learning-concept-drift/.venv/lib/python3.12/site-packages/_jpype.cpython-312-x86_64-linux-gnu.so
7001ba925000-7001baa25000 rw-p 00000000 00:00 0 
7001baa25000-7001baa2a000 r--p 00000000 fc:00 34868728                   /home/henriqueramos_qs/meta-learning-concept-drift/.venv/lib/python3.12/site-packages/scipy/cluster/_optimal_leaf_ordering.cpython-312-x86_64-linux-gnu.so
7001baa2a000-7001baa66000 r-xp 00005000 fc:00 34868728                   /home/henriqueramos_qs/meta-learning-concept-drift/.venv/lib/python3.12/site-packages/scipy/cluster/_optimal_leaf_ordering.cpython-312-x86_64-linux-gnu.so
7001baa66000-7001baa6f000 r--p 00041000 fc:00 34868728                   /home/henriqueramos_qs/meta-learning-concept-drift/.venv/lib/python3.12/site-packages/scipy/cluster/_optimal_leaf_ordering.cpython-312-x86_64-linux-gnu.so
7001baa6f000-7001baa70000 r--p 00049000 fc:00 34868728                   /home/henriqueramos_qs/meta-learning-concept-drift/.venv/lib/python3.12/site-packages/scipy/cluster/_optimal_leaf_ordering.cpython-312-x86_64-linux-gnu.so
7001baa70000-7001baa72000 rw-p 0004a000 fc:00 34868728                   /home/henriqueramos_qs/meta-learning-concept-drift/.venv/lib/python3.12/site-packages/scipy/cluster/_optimal_leaf_ordering.cpython-312-x86_64-linux-gnu.so
7001baa72000-7001baa73000 rw-p 00000000 00:00 0 
7001baa73000-7001baa78000 r--p 00000000 fc:00 34868730                   /home/henriqueramos_qs/meta-learning-concept-drift/.venv/lib/python3.12/site-packages/scipy/cluster/_hierarchy.cpython-312-x86_64-linux-gnu.so
7001baa78000-7001baac2000 r-xp 00005000 fc:00 34868730                   /home/henriqueramos_qs/meta-learning-concept-drift/.venv/lib/python3.12/site-packages/scipy/cluster/_hierarchy.cpython-312-x86_64-linux-gnu.so
7001baac2000-7001baacf000 r--p 0004f000 fc:00 34868730                   /home/henriqueramos_qs/meta-learning-concept-drift/.venv/lib/python3.12/site-packages/scipy/cluster/_hierarchy.cpython-312-x86_64-linux-gnu.so
7001baacf000-7001baad0000 r--p 0005b000 fc:00 34868730                   /home/henriqueramos_qs/meta-learning-concept-drift/.venv/lib/python3.12/site-packages/scipy/cluster/_hierarchy.cpython-312-x86_64-linux-gnu.so
7001baad0000-7001baad3000 rw-p 0005c000 fc:00 34868730                   /home/henriqueramos_qs/meta-learning-concept-drift/.venv/lib/python3.12/site-packages/scipy/cluster/_hierarchy.cpython-312-x86_64-linux-gnu.so
7001baad3000-7001baad4000 rw-p 00000000 00:00 0 
7001baad4000-7001baad7000 r--p 00000000 fc:00 34868731                   /home/henriqueramos_qs/meta-learning-concept-drift/.venv/lib/python3.12/site-packages/scipy/cluster/_vq.cpython-312-x86_64-linux-gnu.so
7001baad7000-7001baaeb000 r-xp 00003000 fc:00 34868731                   /home/henriqueramos_qs/meta-learning-concept-drift/.venv/lib/python3.12/site-packages/scipy/cluster/_vq.cpython-312-x86_64-linux-gnu.so
7001baaeb000-7001baaef000 r--p 00017000 fc:00 34868731                   /home/henriqueramos_qs/meta-learning-concept-drift/.venv/lib/python3.12/site-packages/scipy/cluster/_vq.cpython-312-x86_64-linux-gnu.so
7001baaef000-7001baaf0000 r--p 0001a000 fc:00 34868731                   /home/henriqueramos_qs/meta-learning-concept-drift/.venv/lib/python3.12/site-packages/scipy/cluster/_vq.cpython-312-x86_64-linux-gnu.so
7001baaf0000-7001baaf1000 rw-p 0001b000 fc:00 34868731                   /home/henriqueramos_qs/meta-learning-concept-drift/.venv/lib/python3.12/site-packages/scipy/cluster/_vq.cpython-312-x86_64-linux-gnu.so
7001baaf1000-7001babf1000 rw-p 00000000 00:00 0 
7001babf1000-7001babf5000 r--p 00000000 fc:00 34996378                   /home/henriqueramos_qs/meta-learning-concept-drift/.venv/lib/python3.12/site-packages/river/drift/adwin_c.cpython-312-x86_64-linux-gnu.so
7001babf5000-7001bac0c000 r-xp 00004000 fc:00 34996378                   /home/henriqueramos_qs/meta-learning-concept-drift/.venv/lib/python3.12/site-packages/river/drift/adwin_c.cpython-312-x86_64-linux-gnu.so
7001bac0c000-7001bac11000 r--p 0001b000 fc:00 34996378                   /home/henriqueramos_qs/meta-learning-concept-drift/.venv/lib/python3.12/site-packages/river/drift/adwin_c.cpython-312-x86_64-linux-gnu.so
7001bac11000-7001bac12000 r--p 0001f000 fc:00 34996378                   /home/henriqueramos_qs/meta-learning-concept-drift/.venv/lib/python3.12/site-packages/river/drift/adwin_c.cpython-312-x86_64-linux-gnu.so
7001bac12000-7001bac14000 rw-p 00020000 fc:00 34996378                   /home/henriqueramos_qs/meta-learning-concept-drift/.venv/lib/python3.12/site-packages/river/drift/adwin_c.cpython-312-x86_64-linux-gnu.so
7001bac14000-7001bb214000 rw-p 00000000 00:00 0 
7001bb214000-7001bb21d000 r--p 00000000 fc:00 35534111                   /home/henriqueramos_qs/meta-learning-concept-drift/.venv/lib/python3.12/site-packages/greenlet/_greenlet.cpython-312-x86_64-linux-gnu.so
7001bb21d000-7001bb22e000 r-xp 00009000 fc:00 35534111                   /home/henriqueramos_qs/meta-learning-concept-drift/.venv/lib/python3.12/site-packages/greenlet/_greenlet.cpython-312-x86_64-linux-gnu.so
7001bb22e000-7001bb234000 r--p 0001a000 fc:00 35534111                   /home/henriqueramos_qs/meta-learning-concept-drift/.venv/lib/python3.12/site-packages/greenlet/_greenlet.cpython-312-x86_64-linux-gnu.so
7001bb234000-7001bb235000 r--p 00020000 fc:00 35534111                   /home/henriqueramos_qs/meta-learning-concept-drift/.venv/lib/python3.12/site-packages/greenlet/_greenlet.cpython-312-x86_64-linux-gnu.so
7001bb235000-7001bb236000 rw-p 00021000 fc:00 35534111                   /home/henriqueramos_qs/meta-learning-concept-drift/.venv/lib/python3.12/site-packages/greenlet/_greenlet.cpython-312-x86_64-linux-gnu.so
7001bb236000-7001bb23a000 r--p 00000000 fc:00 35534473                   /home/henriqueramos_qs/meta-learning-concept-drift/.venv/lib/python3.12/site-packages/sqlalchemy/cyextension/util.cpython-312-x86_64-linux-gnu.so
7001bb23a000-7001bb24b000 r-xp 00004000 fc:00 35534473                   /home/henriqueramos_qs/meta-learning-concept-drift/.venv/lib/python3.12/site-packages/sqlalchemy/cyextension/util.cpython-312-x86_64-linux-gnu.so
7001bb24b000-7001bb24f000 r--p 00015000 fc:00 35534473                   /home/henriqueramos_qs/meta-learning-concept-drift/.venv/lib/python3.12/site-packages/sqlalchemy/cyextension/util.cpython-312-x86_64-linux-gnu.so
7001bb24f000-7001bb250000 r--p 00018000 fc:00 35534473                   /home/henriqueramos_qs/meta-learning-concept-drift/.venv/lib/python3.12/site-packages/sqlalchemy/cyextension/util.cpython-312-x86_64-linux-gnu.so
7001bb250000-7001bb251000 rw-p 00019000 fc:00 35534473                   /home/henriqueramos_qs/meta-learning-concept-drift/.venv/lib/python3.12/site-packages/sqlalchemy/cyextension/util.cpython-312-x86_64-linux-gnu.so
7001bb251000-7001bb252000 rw-p 00000000 00:00 0 
7001bb252000-7001bb256000 r--p 00000000 fc:00 35534469                   /home/henriqueramos_qs/meta-learning-concept-drift/.venv/lib/python3.12/site-packages/sqlalchemy/cyextension/resultproxy.cpython-312-x86_64-linux-gnu.so
7001bb256000-7001bb261000 r-xp 00004000 fc:00 35534469                   /home/henriqueramos_qs/meta-learning-concept-drift/.venv/lib/python3.12/site-packages/sqlalchemy/cyextension/resultproxy.cpython-312-x86_64-linux-gnu.so
7001bb261000-7001bb264000 r--p 0000f000 fc:00 35534469                   /home/henriqueramos_qs/meta-learning-concept-drift/.venv/lib/python3.12/site-packages/sqlalchemy/cyextension/resultproxy.cpython-312-x86_64-linux-gnu.so
7001bb264000-7001bb265000 ---p 00012000 fc:00 35534469                   /home/henriqueramos_qs/meta-learning-concept-drift/.venv/lib/python3.12/site-packages/sqlalchemy/cyextension/resultproxy.cpython-312-x86_64-linux-gnu.so
7001bb265000-7001bb266000 r--p 00012000 fc:00 35534469                   /home/henriqueramos_qs/meta-learning-concept-drift/.venv/lib/python3.12/site-packages/sqlalchemy/cyextension/resultproxy.cpython-312-x86_64-linux-gnu.so
7001bb266000-7001bb267000 rw-p 00013000 fc:00 35534469                   /home/henriqueramos_qs/meta-learning-concept-drift/.venv/lib/python3.12/site-packages/sqlalchemy/cyextension/resultproxy.cpython-312-x86_64-linux-gnu.so
7001bb267000-7001bb268000 rw-p 00000000 00:00 0 
7001bb268000-7001bb26c000 r--p 00000000 fc:00 35534472                   /home/henriqueramos_qs/meta-learning-concept-drift/.venv/lib/python3.12/site-packages/sqlalchemy/cyextension/immutabledict.cpython-312-x86_64-linux-gnu.so
7001bb26c000-7001bb27a000 r-xp 00004000 fc:00 35534472                   /home/henriqueramos_qs/meta-learning-concept-drift/.venv/lib/python3.12/site-packages/sqlalchemy/cyextension/immutabledict.cpython-312-x86_64-linux-gnu.so
7001bb27a000-7001bb27e000 r--p 00012000 fc:00 35534472                   /home/henriqueramos_qs/meta-learning-concept-drift/.venv/lib/python3.12/site-packages/sqlalchemy/cyextension/immutabledict.cpython-312-x86_64-linux-gnu.so
7001bb27e000-7001bb27f000 r--p 00015000 fc:00 35534472                   /home/henriqueramos_qs/meta-learning-concept-drift/.venv/lib/python3.12/site-packages/sqlalchemy/cyextension/immutabledict.cpython-312-x86_64-linux-gnu.so
7001bb27f000-7001bb281000 rw-p 00016000 fc:00 35534472                   /home/henriqueramos_qs/meta-learning-concept-drift/.venv/lib/python3.12/site-packages/sqlalchemy/cyextension/immutabledict.cpython-312-x86_64-linux-gnu.so
7001bb281000-7001bb288000 r--p 00000000 fc:00 35534471                   /home/henriqueramos_qs/meta-learning-concept-drift/.venv/lib/python3.12/site-packages/sqlalchemy/cyextension/collections.cpython-312-x86_64-linux-gnu.so
7001bb288000-7001bb2ac000 r-xp 00007000 fc:00 35534471                   /home/henriqueramos_qs/meta-learning-concept-drift/.venv/lib/python3.12/site-packages/sqlalchemy/cyextension/collections.cpython-312-x86_64-linux-gnu.so
7001bb2ac000-7001bb2b4000 r--p 0002b000 fc:00 35534471                   /home/henriqueramos_qs/meta-learning-concept-drift/.venv/lib/python3.12/site-packages/sqlalchemy/cyextension/collections.cpython-312-x86_64-linux-gnu.so
7001bb2b4000-7001bb2b5000 ---p 00033000 fc:00 35534471                   /home/henriqueramos_qs/meta-learning-concept-drift/.venv/lib/python3.12/site-packages/sqlalchemy/cyextension/collections.cpython-312-x86_64-linux-gnu.so
7001bb2b5000-7001bb2b6000 r--p 00033000 fc:00 35534471                   /home/henriqueramos_qs/meta-learning-concept-drift/.venv/lib/python3.12/site-packages/sqlalchemy/cyextension/collections.cpython-312-x86_64-linux-gnu.so
7001bb2b6000-7001bb2b9000 rw-p 00034000 fc:00 35534471                   /home/henriqueramos_qs/meta-learning-concept-drift/.venv/lib/python3.12/site-packages/sqlalchemy/cyextension/collections.cpython-312-x86_64-linux-gnu.so
7001bb2b9000-7001bb3b9000 rw-p 00000000 00:00 0 
7001bb3b9000-7001bb3be000 r--p 00000000 fc:00 34869300                   /home/henriqueramos_qs/meta-learning-concept-drift/.venv/lib/python3.12/site-packages/scipy/io/matlab/_mio5_utils.cpython-312-x86_64-linux-gnu.so
7001bb3be000-7001bb3e5000 r-xp 00005000 fc:00 34869300                   /home/henriqueramos_qs/meta-learning-concept-drift/.venv/lib/python3.12/site-packages/scipy/io/matlab/_mio5_utils.cpython-312-x86_64-linux-gnu.so
7001bb3e5000-7001bb3ed000 r--p 0002c000 fc:00 34869300                   /home/henriqueramos_qs/meta-learning-concept-drift/.venv/lib/python3.12/site-packages/scipy/io/matlab/_mio5_utils.cpython-312-x86_64-linux-gnu.so
7001bb3ed000-7001bb3ee000 r--p 00033000 fc:00 34869300                   /home/henriqueramos_qs/meta-learning-concept-drift/.venv/lib/python3.12/site-packages/scipy/io/matlab/_mio5_utils.cpython-312-x86_64-linux-gnu.so
7001bb3ee000-7001bb3f0000 rw-p 00034000 fc:00 34869300                   /home/henriqueramos_qs/meta-learning-concept-drift/.venv/lib/python3.12/site-packages/scipy/io/matlab/_mio5_utils.cpython-312-x86_64-linux-gnu.so
7001bb3f0000-7001bb4f0000 rw-p 00000000 00:00 0 
7001bb4f0000-7001bb51a000 r--p 00000000 fc:00 34996353                   /home/henriqueramos_qs/meta-learning-concept-drift/.venv/lib/python3.12/site-packages/river/stats/_rust_stats.cpython-312-x86_64-linux-gnu.so
7001bb51a000-7001bb587000 r-xp 00029000 fc:00 34996353                   /home/henriqueramos_qs/meta-learning-concept-drift/.venv/lib/python3.12/site-packages/river/stats/_rust_stats.cpython-312-x86_64-linux-gnu.so
7001bb587000-7001bb58f000 r--p 00095000 fc:00 34996353                   /home/henriqueramos_qs/meta-learning-concept-drift/.venv/lib/python3.12/site-packages/river/stats/_rust_stats.cpython-312-x86_64-linux-gnu.so
7001bb58f000-7001bb590000 rw-p 0009c000 fc:00 34996353                   /home/henriqueramos_qs/meta-learning-concept-drift/.venv/lib/python3.12/site-packages/river/stats/_rust_stats.cpython-312-x86_64-linux-gnu.so
7001bb590000-7001bb891000 rw-p 00000000 00:00 0 
7001bb891000-7001bb8a0000 r--p 00000000 fc:00 34870549                   /home/henriqueramos_qs/meta-learning-concept-drift/.venv/lib/python3.12/site-packages/matplotlib/_image.cpython-312-x86_64-linux-gnu.so
7001bb8a0000-7001bb8eb000 r-xp 0000f000 fc:00 34870549                   /home/henriqueramos_qs/meta-learning-concept-drift/.venv/lib/python3.12/site-packages/matplotlib/_image.cpython-312-x86_64-linux-gnu.so
7001bb8eb000-7001bb8fb000 r--p 0005a000 fc:00 34870549                   /home/henriqueramos_qs/meta-learning-concept-drift/.venv/lib/python3.12/site-packages/matplotlib/_image.cpython-312-x86_64-linux-gnu.so
7001bb8fb000-7001bb8fc000 r--p 00069000 fc:00 34870549                   /home/henriqueramos_qs/meta-learning-concept-drift/.venv/lib/python3.12/site-packages/matplotlib/_image.cpython-312-x86_64-linux-gnu.so
7001bb8fc000-7001bb8fd000 rw-p 0006a000 fc:00 34870549                   /home/henriqueramos_qs/meta-learning-concept-drift/.venv/lib/python3.12/site-packages/matplotlib/_image.cpython-312-x86_64-linux-gnu.so
7001bb8fd000-7001bc0a9000 rw-p 00000000 00:00 0 
7001bc0a9000-7001bc0ae000 r--p 00000000 fc:00 34869033                   /home/henriqueramos_qs/meta-learning-concept-drift/.venv/lib/python3.12/site-packages/scipy/signal/_upfirdn_apply.cpython-312-x86_64-linux-gnu.so
7001bc0ae000-7001bc0f2000 r-xp 00005000 fc:00 34869033                   /home/henriqueramos_qs/meta-learning-concept-drift/.venv/lib/python3.12/site-packages/scipy/signal/_upfirdn_apply.cpython-312-x86_64-linux-gnu.so
7001bc0f2000-7001bc0fb000 r--p 00049000 fc:00 34869033                   /home/henriqueramos_qs/meta-learning-concept-drift/.venv/lib/python3.12/site-packages/scipy/signal/_upfirdn_apply.cpython-312-x86_64-linux-gnu.so
7001bc0fb000-7001bc0fc000 ---p 00052000 fc:00 34869033                   /home/henriqueramos_qs/meta-learning-concept-drift/.venv/lib/python3.12/site-packages/scipy/signal/_upfirdn_apply.cpython-312-x86_64-linux-gnu.so
7001bc0fc000-7001bc0fd000 r--p 00052000 fc:00 34869033                   /home/henriqueramos_qs/meta-learning-concept-drift/.venv/lib/python3.12/site-packages/scipy/signal/_upfirdn_apply.cpython-312-x86_64-linux-gnu.so
7001bc0fd000-7001bc0ff000 rw-p 00053000 fc:00 34869033                   /home/henriqueramos_qs/meta-learning-concept-drift/.venv/lib/python3.12/site-packages/scipy/signal/_upfirdn_apply.cpython-312-x86_64-linux-gnu.so
7001bc0ff000-7001bc200000 rw-p 00000000 00:00 0 
7001bc200000-7001bc203000 r-xp 00000000 fc:00 35402594                   /home/henriqueramos_qs/meta-learning-concept-drift/.venv/lib/python3.12/site-packages/pillow.libs/libXau-154567c4.so.6.0.0
7001bc203000-7001bc402000 ---p 00003000 fc:00 35402594                   /home/henriqueramos_qs/meta-learning-concept-drift/.venv/lib/python3.12/site-packages/pillow.libs/libXau-154567c4.so.6.0.0
7001bc402000-7001bc403000 r--p 00002000 fc:00 35402594                   /home/henriqueramos_qs/meta-learning-concept-drift/.venv/lib/python3.12/site-packages/pillow.libs/libXau-154567c4.so.6.0.0
7001bc403000-7001bc404000 rw-p 00000000 00:00 0 
7001bc404000-7001bc405000 rw-p 00005000 fc:00 35402594                   /home/henriqueramos_qs/meta-learning-concept-drift/.venv/lib/python3.12/site-packages/pillow.libs/libXau-154567c4.so.6.0.0
7001bc412000-7001bc416000 r--p 00000000 fc:00 34869303                   /home/henriqueramos_qs/meta-learning-concept-drift/.venv/lib/python3.12/site-packages/scipy/io/matlab/_streams.cpython-312-x86_64-linux-gnu.so
7001bc416000-7001bc42b000 r-xp 00004000 fc:00 34869303                   /home/henriqueramos_qs/meta-learning-concept-drift/.venv/lib/python3.12/site-packages/scipy/io/matlab/_streams.cpython-312-x86_64-linux-gnu.so
7001bc42b000-7001bc42f000 r--p 00019000 fc:00 34869303                   /home/henriqueramos_qs/meta-learning-concept-drift/.venv/lib/python3.12/site-packages/scipy/io/matlab/_streams.cpython-312-x86_64-linux-gnu.so
7001bc42f000-7001bc430000 ---p 0001d000 fc:00 34869303                   /home/henriqueramos_qs/meta-learning-concept-drift/.venv/lib/python3.12/site-packages/scipy/io/matlab/_streams.cpython-312-x86_64-linux-gnu.so
7001bc430000-7001bc431000 r--p 0001d000 fc:00 34869303                   /home/henriqueramos_qs/meta-learning-concept-drift/.venv/lib/python3.12/site-packages/scipy/io/matlab/_streams.cpython-312-x86_64-linux-gnu.so
7001bc431000-7001bc433000 rw-p 0001e000 fc:00 34869303                   /home/henriqueramos_qs/meta-learning-concept-drift/.venv/lib/python3.12/site-packages/scipy/io/matlab/_streams.cpython-312-x86_64-linux-gnu.so
7001bc433000-7001bc438000 r--p 00000000 fc:00 35399571                   /home/henriqueramos_qs/meta-learning-concept-drift/.venv/lib/python3.12/site-packages/sklearn/cluster/_hdbscan/_reachability.cpython-312-x86_64-linux-gnu.so
7001bc438000-7001bc460000 r-xp 00005000 fc:00 35399571                   /home/henriqueramos_qs/meta-learning-concept-drift/.venv/lib/python3.12/site-packages/sklearn/cluster/_hdbscan/_reachability.cpython-312-x86_64-linux-gnu.so
7001bc460000-7001bc467000 r--p 0002d000 fc:00 35399571                   /home/henriqueramos_qs/meta-learning-concept-drift/.venv/lib/python3.12/site-packages/sklearn/cluster/_hdbscan/_reachability.cpython-312-x86_64-linux-gnu.so
7001bc467000-7001bc468000 ---p 00034000 fc:00 35399571                   /home/henriqueramos_qs/meta-learning-concept-drift/.venv/lib/python3.12/site-packages/sklearn/cluster/_hdbscan/_reachability.cpython-312-x86_64-linux-gnu.so
7001bc468000-7001bc469000 r--p 00034000 fc:00 35399571                   /home/henriqueramos_qs/meta-learning-concept-drift/.venv/lib/python3.12/site-packages/sklearn/cluster/_hdbscan/_reachability.cpython-312-x86_64-linux-gnu.so
7001bc469000-7001bc46a000 rw-p 00035000 fc:00 35399571                   /home/henriqueramos_qs/meta-learning-concept-drift/.venv/lib/python3.12/site-packages/sklearn/cluster/_hdbscan/_reachability.cpython-312-x86_64-linux-gnu.so
7001bc46a000-7001bc46b000 rw-p 00000000 00:00 0 
7001bc46b000-7001bc470000 r--p 00000000 fc:00 35399573                   /home/henriqueramos_qs/meta-learning-concept-drift/.venv/lib/python3.12/site-packages/sklearn/cluster/_hdbscan/_tree.cpython-312-x86_64-linux-gnu.so
7001bc470000-7001bc49c000 r-xp 00005000 fc:00 35399573                   /home/henriqueramos_qs/meta-learning-concept-drift/.venv/lib/python3.12/site-packages/sklearn/cluster/_hdbscan/_tree.cpython-312-x86_64-linux-gnu.so
7001bc49c000-7001bc4a4000 r--p 00031000 fc:00 35399573                   /home/henriqueramos_qs/meta-learning-concept-drift/.venv/lib/python3.12/site-packages/sklearn/cluster/_hdbscan/_tree.cpython-312-x86_64-linux-gnu.so
7001bc4a4000-7001bc4a5000 r--p 00038000 fc:00 35399573                   /home/henriqueramos_qs/meta-learning-concept-drift/.venv/lib/python3.12/site-packages/sklearn/cluster/_hdbscan/_tree.cpython-312-x86_64-linux-gnu.so
7001bc4a5000-7001bc4a6000 rw-p 00039000 fc:00 35399573                   /home/henriqueramos_qs/meta-learning-concept-drift/.venv/lib/python3.12/site-packages/sklearn/cluster/_hdbscan/_tree.cpython-312-x86_64-linux-gnu.so
7001bc4a6000-7001bc4a7000 rw-p 00000000 00:00 0 
7001bc4a7000-7001bc4ac000 r--p 00000000 fc:00 35399556                   /home/henriqueramos_qs/meta-learning-concept-drift/.venv/lib/python3.12/site-packages/sklearn/cluster/_k_means_elkan.cpython-312-x86_64-linux-gnu.so
7001bc4ac000-7001bc4ee000 r-xp 00005000 fc:00 35399556                   /home/henriqueramos_qs/meta-learning-concept-drift/.venv/lib/python3.12/site-packages/sklearn/cluster/_k_means_elkan.cpython-312-x86_64-linux-gnu.so
7001bc4ee000-7001bc4f9000 r--p 00047000 fc:00 35399556                   /home/henriqueramos_qs/meta-learning-concept-drift/.venv/lib/python3.12/site-packages/sklearn/cluster/_k_means_elkan.cpython-312-x86_64-linux-gnu.so
7001bc4f9000-7001bc4fa000 ---p 00052000 fc:00 35399556                   /home/henriqueramos_qs/meta-learning-concept-drift/.venv/lib/python3.12/site-packages/sklearn/cluster/_k_means_elkan.cpython-312-x86_64-linux-gnu.so
7001bc4fa000-7001bc4fb000 r--p 00052000 fc:00 35399556                   /home/henriqueramos_qs/meta-learning-concept-drift/.venv/lib/python3.12/site-packages/sklearn/cluster/_k_means_elkan.cpython-312-x86_64-linux-gnu.so
7001bc4fb000-7001bc4fc000 rw-p 00053000 fc:00 35399556                   /home/henriqueramos_qs/meta-learning-concept-drift/.venv/lib/python3.12/site-packages/sklearn/cluster/_k_means_elkan.cpython-312-x86_64-linux-gnu.so
7001bc4fc000-7001bc4fd000 rw-p 00000000 00:00 0 
7001bc4fd000-7001bc500000 rw-p 0005c000 fc:00 35399556                   /home/henriqueramos_qs/meta-learning-concept-drift/.venv/lib/python3.12/site-packages/sklearn/cluster/_k_means_elkan.cpython-312-x86_64-linux-gnu.so
7001bc500000-7001bc600000 rw-p 00000000 00:00 0 
7001bc600000-7001bc729000 r--p 00000000 fc:00 35401307                   /home/henriqueramos_qs/meta-learning-concept-drift/.venv/lib/python3.12/site-packages/lightgbm/lib/lib_lightgbm.so
7001bc729000-7001bcdb7000 r-xp 00129000 fc:00 35401307                   /home/henriqueramos_qs/meta-learning-concept-drift/.venv/lib/python3.12/site-packages/lightgbm/lib/lib_lightgbm.so
7001bcdb7000-7001bce79000 r--p 007b7000 fc:00 35401307                   /home/henriqueramos_qs/meta-learning-concept-drift/.venv/lib/python3.12/site-packages/lightgbm/lib/lib_lightgbm.so
7001bce79000-7001bce85000 r--p 00879000 fc:00 35401307                   /home/henriqueramos_qs/meta-learning-concept-drift/.venv/lib/python3.12/site-packages/lightgbm/lib/lib_lightgbm.so
7001bce85000-7001bce8a000 rw-p 00885000 fc:00 35401307                   /home/henriqueramos_qs/meta-learning-concept-drift/.venv/lib/python3.12/site-packages/lightgbm/lib/lib_lightgbm.so
7001bce8a000-7001bce8b000 rw-p 00000000 00:00 0 
7001bce8d000-7001bce91000 r--p 00000000 fc:00 35534467                   /home/henriqueramos_qs/meta-learning-concept-drift/.venv/lib/python3.12/site-packages/sqlalchemy/cyextension/processors.cpython-312-x86_64-linux-gnu.so
7001bce91000-7001bce9c000 r-xp 00004000 fc:00 35534467                   /home/henriqueramos_qs/meta-learning-concept-drift/.venv/lib/python3.12/site-packages/sqlalchemy/cyextension/processors.cpython-312-x86_64-linux-gnu.so
7001bce9c000-7001bce9f000 r--p 0000f000 fc:00 35534467                   /home/henriqueramos_qs/meta-learning-concept-drift/.venv/lib/python3.12/site-packages/sqlalchemy/cyextension/processors.cpython-312-x86_64-linux-gnu.so
7001bce9f000-7001bcea0000 r--p 00011000 fc:00 35534467                   /home/henriqueramos_qs/meta-learning-concept-drift/.venv/lib/python3.12/site-packages/sqlalchemy/cyextension/processors.cpython-312-x86_64-linux-gnu.so
7001bcea0000-7001bcea1000 rw-p 00012000 fc:00 35534467                   /home/henriqueramos_qs/meta-learning-concept-drift/.venv/lib/python3.12/site-packages/sqlalchemy/cyextension/processors.cpython-312-x86_64-linux-gnu.so
7001bcea1000-7001bcea2000 rw-p 00000000 00:00 0 
7001bcea2000-7001bcea7000 r--p 00000000 fc:00 35399553                   /home/henriqueramos_qs/meta-learning-concept-drift/.venv/lib/python3.12/site-packages/sklearn/cluster/_k_means_common.cpython-312-x86_64-linux-gnu.so
7001bcea7000-7001bcef0000 r-xp 00005000 fc:00 35399553                   /home/henriqueramos_qs/meta-learning-concept-drift/.venv/lib/python3.12/site-packages/sklearn/cluster/_k_means_common.cpython-312-x86_64-linux-gnu.so
7001bcef0000-7001bcef9000 r--p 0004e000 fc:00 35399553                   /home/henriqueramos_qs/meta-learning-concept-drift/.venv/lib/python3.12/site-packages/sklearn/cluster/_k_means_common.cpython-312-x86_64-linux-gnu.so
7001bcef9000-7001bcefa000 ---p 00057000 fc:00 35399553                   /home/henriqueramos_qs/meta-learning-concept-drift/.venv/lib/python3.12/site-packages/sklearn/cluster/_k_means_common.cpython-312-x86_64-linux-gnu.so
7001bcefa000-7001bcefb000 r--p 00057000 fc:00 35399553                   /home/henriqueramos_qs/meta-learning-concept-drift/.venv/lib/python3.12/site-packages/sklearn/cluster/_k_means_common.cpython-312-x86_64-linux-gnu.so
7001bcefb000-7001bcefd000 rw-p 00058000 fc:00 35399553                   /home/henriqueramos_qs/meta-learning-concept-drift/.venv/lib/python3.12/site-packages/sklearn/cluster/_k_means_common.cpython-312-x86_64-linux-gnu.so
7001bcefd000-7001bcf00000 rw-p 00062000 fc:00 35399553                   /home/henriqueramos_qs/meta-learning-concept-drift/.venv/lib/python3.12/site-packages/sklearn/cluster/_k_means_common.cpython-312-x86_64-linux-gnu.so
7001bcf00000-7001bd000000 rw-p 00000000 00:00 0 
7001bd000000-7001bd00c000 r--p 00000000 fc:00 35399529                   /home/henriqueramos_qs/meta-learning-concept-drift/.venv/lib/python3.12/site-packages/sklearn/_loss/_loss.cpython-312-x86_64-linux-gnu.so
7001bd00c000-7001bd281000 r-xp 0000c000 fc:00 35399529                   /home/henriqueramos_qs/meta-learning-concept-drift/.venv/lib/python3.12/site-packages/sklearn/_loss/_loss.cpython-312-x86_64-linux-gnu.so
7001bd281000-7001bd2a7000 r--p 00281000 fc:00 35399529                   /home/henriqueramos_qs/meta-learning-concept-drift/.venv/lib/python3.12/site-packages/sklearn/_loss/_loss.cpython-312-x86_64-linux-gnu.so
7001bd2a7000-7001bd2a9000 r--p 002a6000 fc:00 35399529                   /home/henriqueramos_qs/meta-learning-concept-drift/.venv/lib/python3.12/site-packages/sklearn/_loss/_loss.cpython-312-x86_64-linux-gnu.so
7001bd2a9000-7001bd2af000 rw-p 002a8000 fc:00 35399529                   /home/henriqueramos_qs/meta-learning-concept-drift/.venv/lib/python3.12/site-packages/sklearn/_loss/_loss.cpython-312-x86_64-linux-gnu.so
7001bd2af000-7001bd2b1000 rw-p 00000000 00:00 0 
7001bd2b1000-7001bd2b4000 rw-p 002ce000 fc:00 35399529                   /home/henriqueramos_qs/meta-learning-concept-drift/.venv/lib/python3.12/site-packages/sklearn/_loss/_loss.cpython-312-x86_64-linux-gnu.so
7001bd2b8000-7001bd2bc000 r--p 00000000 fc:00 35399500                   /home/henriqueramos_qs/meta-learning-concept-drift/.venv/lib/python3.12/site-packages/sklearn/_isotonic.cpython-312-x86_64-linux-gnu.so
7001bd2bc000-7001bd2d8000 r-xp 00004000 fc:00 35399500                   /home/henriqueramos_qs/meta-learning-concept-drift/.venv/lib/python3.12/site-packages/sklearn/_isotonic.cpython-312-x86_64-linux-gnu.so
7001bd2d8000-7001bd2de000 r--p 00020000 fc:00 35399500                   /home/henriqueramos_qs/meta-learning-concept-drift/.venv/lib/python3.12/site-packages/sklearn/_isotonic.cpython-312-x86_64-linux-gnu.so
7001bd2de000-7001bd2df000 r--p 00025000 fc:00 35399500                   /home/henriqueramos_qs/meta-learning-concept-drift/.venv/lib/python3.12/site-packages/sklearn/_isotonic.cpython-312-x86_64-linux-gnu.so
7001bd2df000-7001bd2e0000 rw-p 00026000 fc:00 35399500                   /home/henriqueramos_qs/meta-learning-concept-drift/.venv/lib/python3.12/site-packages/sklearn/_isotonic.cpython-312-x86_64-linux-gnu.so
7001bd2e0000-7001bd2e1000 rw-p 00000000 00:00 0 
7001bd2e1000-7001bd2e5000 r--p 00000000 fc:00 35399569                   /home/henriqueramos_qs/meta-learning-concept-drift/.venv/lib/python3.12/site-packages/sklearn/cluster/_hdbscan/_linkage.cpython-312-x86_64-linux-gnu.so
7001bd2e5000-7001bd2f8000 r-xp 00004000 fc:00 35399569                   /home/henriqueramos_qs/meta-learning-concept-drift/.venv/lib/python3.12/site-packages/sklearn/cluster/_hdbscan/_linkage.cpython-312-x86_64-linux-gnu.so
7001bd2f8000-7001bd2fd000 r--p 00017000 fc:00 35399569                   /home/henriqueramos_qs/meta-learning-concept-drift/.venv/lib/python3.12/site-packages/sklearn/cluster/_hdbscan/_linkage.cpython-312-x86_64-linux-gnu.so
7001bd2fd000-7001bd2fe000 ---p 0001c000 fc:00 35399569                   /home/henriqueramos_qs/meta-learning-concept-drift/.venv/lib/python3.12/site-packages/sklearn/cluster/_hdbscan/_linkage.cpython-312-x86_64-linux-gnu.so
7001bd2fe000-7001bd2ff000 r--p 0001c000 fc:00 35399569                   /home/henriqueramos_qs/meta-learning-concept-drift/.venv/lib/python3.12/site-packages/sklearn/cluster/_hdbscan/_linkage.cpython-312-x86_64-linux-gnu.so
7001bd2ff000-7001bd300000 rw-p 0001d000 fc:00 35399569                   /home/henriqueramos_qs/meta-learning-concept-drift/.venv/lib/python3.12/site-packages/sklearn/cluster/_hdbscan/_linkage.cpython-312-x86_64-linux-gnu.so
7001bd300000-7001bd400000 rw-p 00000000 00:00 0 
7001bd400000-7001bd425000 r-xp 00000000 fc:00 35399493                   /home/henriqueramos_qs/meta-learning-concept-drift/.venv/lib/python3.12/site-packages/scikit_learn.libs/libgomp-a34b3233.so.1.0.0
7001bd425000-7001bd624000 ---p 00025000 fc:00 35399493                   /home/henriqueramos_qs/meta-learning-concept-drift/.venv/lib/python3.12/site-packages/scikit_learn.libs/libgomp-a34b3233.so.1.0.0
7001bd624000-7001bd625000 r--p 00024000 fc:00 35399493                   /home/henriqueramos_qs/meta-learning-concept-drift/.venv/lib/python3.12/site-packages/scikit_learn.libs/libgomp-a34b3233.so.1.0.0
7001bd625000-7001bd62a000 rw-p 00025000 fc:00 35399493                   /home/henriqueramos_qs/meta-learning-concept-drift/.venv/lib/python3.12/site-packages/scikit_learn.libs/libgomp-a34b3233.so.1.0.0
7001bd62c000-7001bd640000 r--p 00000000 fc:00 34870600                   /home/henriqueramos_qs/meta-learning-concept-drift/.venv/lib/python3.12/site-packages/matplotlib/ft2font.cpython-312-x86_64-linux-gnu.so
7001bd640000-7001bd6cb000 r-xp 00014000 fc:00 34870600                   /home/henriqueramos_qs/meta-learning-concept-drift/.venv/lib/python3.12/site-packages/matplotlib/ft2font.cpython-312-x86_64-linux-gnu.so
7001bd6cb000-7001bd6f7000 r--p 0009f000 fc:00 34870600                   /home/henriqueramos_qs/meta-learning-concept-drift/.venv/lib/python3.12/site-packages/matplotlib/ft2font.cpython-312-x86_64-linux-gnu.so
7001bd6f7000-7001bd6fd000 r--p 000ca000 fc:00 34870600                   /home/henriqueramos_qs/meta-learning-concept-drift/.venv/lib/python3.12/site-packages/matplotlib/ft2font.cpython-312-x86_64-linux-gnu.so
7001bd6fd000-7001bd6ff000 rw-p 000d0000 fc:00 34870600                   /home/henriqueramos_qs/meta-learning-concept-drift/.venv/lib/python3.12/site-packages/matplotlib/ft2font.cpython-312-x86_64-linux-gnu.so
7001bd6ff000-7001bd800000 rw-p 00000000 00:00 0 
7001bd800000-7001bd80e000 r--p 00000000 fc:00 34868529                   /home/henriqueramos_qs/meta-learning-concept-drift/.venv/lib/python3.12/site-packages/scipy/special/cython_special.cpython-312-x86_64-linux-gnu.so
7001bd80e000-7001bdaa4000 r-xp 0000e000 fc:00 34868529                   /home/henriqueramos_qs/meta-learning-concept-drift/.venv/lib/python3.12/site-packages/scipy/special/cython_special.cpython-312-x86_64-linux-gnu.so
7001bdaa4000-7001bdaea000 r--p 002a4000 fc:00 34868529                   /home/henriqueramos_qs/meta-learning-concept-drift/.venv/lib/python3.12/site-packages/scipy/special/cython_special.cpython-312-x86_64-linux-gnu.so
7001bdaea000-7001bdaeb000 r--p 002e9000 fc:00 34868529                   /home/henriqueramos_qs/meta-learning-concept-drift/.venv/lib/python3.12/site-packages/scipy/special/cython_special.cpython-312-x86_64-linux-gnu.so
7001bdaeb000-7001bdaf0000 rw-p 002ea000 fc:00 34868529                   /home/henriqueramos_qs/meta-learning-concept-drift/.venv/lib/python3.12/site-packages/scipy/special/cython_special.cpython-312-x86_64-linux-gnu.so
7001bdaf0000-7001bdaf3000 rw-p 00000000 00:00 0 
7001bdaf7000-7001bdafc000 r--p 00000000 fc:00 35399558                   /home/henriqueramos_qs/meta-learning-concept-drift/.venv/lib/python3.12/site-packages/sklearn/cluster/_k_means_lloyd.cpython-312-x86_64-linux-gnu.so
7001bdafc000-7001bdb25000 r-xp 00005000 fc:00 35399558                   /home/henriqueramos_qs/meta-learning-concept-drift/.venv/lib/python3.12/site-packages/sklearn/cluster/_k_means_lloyd.cpython-312-x86_64-linux-gnu.so
7001bdb25000-7001bdb2d000 r--p 0002e000 fc:00 35399558                   /home/henriqueramos_qs/meta-learning-concept-drift/.venv/lib/python3.12/site-packages/sklearn/cluster/_k_means_lloyd.cpython-312-x86_64-linux-gnu.so
7001bdb2d000-7001bdb2e000 ---p 00036000 fc:00 35399558                   /home/henriqueramos_qs/meta-learning-concept-drift/.venv/lib/python3.12/site-packages/sklearn/cluster/_k_means_lloyd.cpython-312-x86_64-linux-gnu.so
7001bdb2e000-7001bdb2f000 r--p 00036000 fc:00 35399558                   /home/henriqueramos_qs/meta-learning-concept-drift/.venv/lib/python3.12/site-packages/sklearn/cluster/_k_means_lloyd.cpython-312-x86_64-linux-gnu.so
7001bdb2f000-7001bdb30000 rw-p 00037000 fc:00 35399558                   /home/henriqueramos_qs/meta-learning-concept-drift/.venv/lib/python3.12/site-packages/sklearn/cluster/_k_means_lloyd.cpython-312-x86_64-linux-gnu.so
7001bdb30000-7001bdb31000 rw-p 00000000 00:00 0 
7001bdb31000-7001bdb34000 rw-p 0003f000 fc:00 35399558                   /home/henriqueramos_qs/meta-learning-concept-drift/.venv/lib/python3.12/site-packages/sklearn/cluster/_k_means_lloyd.cpython-312-x86_64-linux-gnu.so
7001bdb34000-7001bdb3a000 r--p 00000000 fc:00 35402600                   /home/henriqueramos_qs/meta-learning-concept-drift/.venv/lib/python3.12/site-packages/pillow.libs/libjpeg-8a13c6e0.so.62.4.0
7001bdb3a000-7001bdbd1000 r-xp 00006000 fc:00 35402600                   /home/henriqueramos_qs/meta-learning-concept-drift/.venv/lib/python3.12/site-packages/pillow.libs/libjpeg-8a13c6e0.so.62.4.0
7001bdbd1000-7001bdbfa000 r--p 0009d000 fc:00 35402600                   /home/henriqueramos_qs/meta-learning-concept-drift/.venv/lib/python3.12/site-packages/pillow.libs/libjpeg-8a13c6e0.so.62.4.0
7001bdbfa000-7001bdbfb000 r--p 000c6000 fc:00 35402600                   /home/henriqueramos_qs/meta-learning-concept-drift/.venv/lib/python3.12/site-packages/pillow.libs/libjpeg-8a13c6e0.so.62.4.0
7001bdbfb000-7001bdc00000 rw-p 000c7000 fc:00 35402600                   /home/henriqueramos_qs/meta-learning-concept-drift/.venv/lib/python3.12/site-packages/pillow.libs/libjpeg-8a13c6e0.so.62.4.0
7001bdc00000-7001bdc0d000 r--p 00000000 fc:00 34868342                   /home/henriqueramos_qs/meta-learning-concept-drift/.venv/lib/python3.12/site-packages/scipy/optimize/_highs/_highs_wrapper.cpython-312-x86_64-linux-gnu.so
7001bdc0d000-7001bdf04000 r-xp 0000d000 fc:00 34868342                   /home/henriqueramos_qs/meta-learning-concept-drift/.venv/lib/python3.12/site-packages/scipy/optimize/_highs/_highs_wrapper.cpython-312-x86_64-linux-gnu.so
7001bdf04000-7001bdf72000 r--p 00304000 fc:00 34868342                   /home/henriqueramos_qs/meta-learning-concept-drift/.venv/lib/python3.12/site-packages/scipy/optimize/_highs/_highs_wrapper.cpython-312-x86_64-linux-gnu.so
7001bdf72000-7001bdf74000 r--p 00371000 fc:00 34868342                   /home/henriqueramos_qs/meta-learning-concept-drift/.venv/lib/python3.12/site-packages/scipy/optimize/_highs/_highs_wrapper.cpython-312-x86_64-linux-gnu.so
7001bdf74000-7001bdf76000 rw-p 00373000 fc:00 34868342                   /home/henriqueramos_qs/meta-learning-concept-drift/.venv/lib/python3.12/site-packages/scipy/optimize/_highs/_highs_wrapper.cpython-312-x86_64-linux-gnu.so
7001bdf76000-7001bdf7a000 rw-p 00000000 00:00 0 
7001bdf83000-7001bdf87000 r--p 00000000 fc:00 35399560                   /home/henriqueramos_qs/meta-learning-concept-drift/.venv/lib/python3.12/site-packages/sklearn/cluster/_k_means_minibatch.cpython-312-x86_64-linux-gnu.so
7001bdf87000-7001bdfa5000 r-xp 00004000 fc:00 35399560                   /home/henriqueramos_qs/meta-learning-concept-drift/.venv/lib/python3.12/site-packages/sklearn/cluster/_k_means_minibatch.cpython-312-x86_64-linux-gnu.so
7001bdfa5000-7001bdfab000 r--p 00022000 fc:00 35399560                   /home/henriqueramos_qs/meta-learning-concept-drift/.venv/lib/python3.12/site-packages/sklearn/cluster/_k_means_minibatch.cpython-312-x86_64-linux-gnu.so
7001bdfab000-7001bdfac000 r--p 00027000 fc:00 35399560                   /home/henriqueramos_qs/meta-learning-concept-drift/.venv/lib/python3.12/site-packages/sklearn/cluster/_k_means_minibatch.cpython-312-x86_64-linux-gnu.so
7001bdfac000-7001bdfad000 rw-p 00028000 fc:00 35399560                   /home/henriqueramos_qs/meta-learning-concept-drift/.venv/lib/python3.12/site-packages/sklearn/cluster/_k_means_minibatch.cpython-312-x86_64-linux-gnu.so
7001bdfad000-7001bdfae000 rw-p 00000000 00:00 0 
7001bdfae000-7001bdfb1000 rw-p 0002f000 fc:00 35399560                   /home/henriqueramos_qs/meta-learning-concept-drift/.venv/lib/python3.12/site-packages/sklearn/cluster/_k_means_minibatch.cpython-312-x86_64-linux-gnu.so
7001bdfb1000-7001bdfb6000 r--p 00000000 fc:00 35399550                   /home/henriqueramos_qs/meta-learning-concept-drift/.venv/lib/python3.12/site-packages/sklearn/cluster/_hierarchical_fast.cpython-312-x86_64-linux-gnu.so
7001bdfb6000-7001bdfd1000 r-xp 00005000 fc:00 35399550                   /home/henriqueramos_qs/meta-learning-concept-drift/.venv/lib/python3.12/site-packages/sklearn/cluster/_hierarchical_fast.cpython-312-x86_64-linux-gnu.so
7001bdfd1000-7001bdfd9000 r--p 00020000 fc:00 35399550                   /home/henriqueramos_qs/meta-learning-concept-drift/.venv/lib/python3.12/site-packages/sklearn/cluster/_hierarchical_fast.cpython-312-x86_64-linux-gnu.so
7001bdfd9000-7001bdfda000 ---p 00028000 fc:00 35399550                   /home/henriqueramos_qs/meta-learning-concept-drift/.venv/lib/python3.12/site-packages/sklearn/cluster/_hierarchical_fast.cpython-312-x86_64-linux-gnu.so
7001bdfda000-7001bdfdb000 r--p 00028000 fc:00 35399550                   /home/henriqueramos_qs/meta-learning-concept-drift/.venv/lib/python3.12/site-packages/sklearn/cluster/_hierarchical_fast.cpython-312-x86_64-linux-gnu.so
7001bdfdb000-7001bdfdd000 rw-p 00029000 fc:00 35399550                   /home/henriqueramos_qs/meta-learning-concept-drift/.venv/lib/python3.12/site-packages/sklearn/cluster/_hierarchical_fast.cpython-312-x86_64-linux-gnu.so
7001bdfdd000-7001bdfe2000 r--p 00000000 fc:00 35400428                   /home/henriqueramos_qs/meta-learning-concept-drift/.venv/lib/python3.12/site-packages/sklearn/utils/_fast_dict.cpython-312-x86_64-linux-gnu.so
7001bdfe2000-7001bdff6000 r-xp 00005000 fc:00 35400428                   /home/henriqueramos_qs/meta-learning-concept-drift/.venv/lib/python3.12/site-packages/sklearn/utils/_fast_dict.cpython-312-x86_64-linux-gnu.so
7001bdff6000-7001bdffc000 r--p 00019000 fc:00 35400428                   /home/henriqueramos_qs/meta-learning-concept-drift/.venv/lib/python3.12/site-packages/sklearn/utils/_fast_dict.cpython-312-x86_64-linux-gnu.so
7001bdffc000-7001bdffd000 ---p 0001f000 fc:00 35400428                   /home/henriqueramos_qs/meta-learning-concept-drift/.venv/lib/python3.12/site-packages/sklearn/utils/_fast_dict.cpython-312-x86_64-linux-gnu.so
7001bdffd000-7001bdffe000 r--p 0001f000 fc:00 35400428                   /home/henriqueramos_qs/meta-learning-concept-drift/.venv/lib/python3.12/site-packages/sklearn/utils/_fast_dict.cpython-312-x86_64-linux-gnu.so
7001bdffe000-7001be000000 rw-p 00020000 fc:00 35400428                   /home/henriqueramos_qs/meta-learning-concept-drift/.venv/lib/python3.12/site-packages/sklearn/utils/_fast_dict.cpython-312-x86_64-linux-gnu.so
7001be000000-7001be03b000 r-xp 00000000 fc:00 34868032                   /home/henriqueramos_qs/meta-learning-concept-drift/.venv/lib/python3.12/site-packages/scipy.libs/libquadmath-96973f99.so.0.0.0
7001be03b000-7001be23a000 ---p 0003b000 fc:00 34868032                   /home/henriqueramos_qs/meta-learning-concept-drift/.venv/lib/python3.12/site-packages/scipy.libs/libquadmath-96973f99.so.0.0.0
7001be23a000-7001be23b000 r--p 0003a000 fc:00 34868032                   /home/henriqueramos_qs/meta-learning-concept-drift/.venv/lib/python3.12/site-packages/scipy.libs/libquadmath-96973f99.so.0.0.0
7001be23b000-7001be23d000 rw-p 0003b000 fc:00 34868032                   /home/henriqueramos_qs/meta-learning-concept-drift/.venv/lib/python3.12/site-packages/scipy.libs/libquadmath-96973f99.so.0.0.0
7001be23e000-7001be242000 r--p 00000000 fc:00 35400119                   /home/henriqueramos_qs/meta-learning-concept-drift/.venv/lib/python3.12/site-packages/sklearn/manifold/_barnes_hut_tsne.cpython-312-x86_64-linux-gnu.so
7001be242000-7001be251000 r-xp 00004000 fc:00 35400119                   /home/henriqueramos_qs/meta-learning-concept-drift/.venv/lib/python3.12/site-packages/sklearn/manifold/_barnes_hut_tsne.cpython-312-x86_64-linux-gnu.so
7001be251000-7001be256000 r--p 00013000 fc:00 35400119                   /home/henriqueramos_qs/meta-learning-concept-drift/.venv/lib/python3.12/site-packages/sklearn/manifold/_barnes_hut_tsne.cpython-312-x86_64-linux-gnu.so
7001be256000-7001be257000 r--p 00017000 fc:00 35400119                   /home/henriqueramos_qs/meta-learning-concept-drift/.venv/lib/python3.12/site-packages/sklearn/manifold/_barnes_hut_tsne.cpython-312-x86_64-linux-gnu.so
7001be257000-7001be258000 rw-p 00018000 fc:00 35400119                   /home/henriqueramos_qs/meta-learning-concept-drift/.venv/lib/python3.12/site-packages/sklearn/manifold/_barnes_hut_tsne.cpython-312-x86_64-linux-gnu.so
7001be258000-7001be25b000 rw-p 0001e000 fc:00 35400119                   /home/henriqueramos_qs/meta-learning-concept-drift/.venv/lib/python3.12/site-packages/sklearn/manifold/_barnes_hut_tsne.cpython-312-x86_64-linux-gnu.so
7001be25b000-7001be262000 r--p 00000000 fc:00 35402728                   /home/henriqueramos_qs/meta-learning-concept-drift/.venv/lib/python3.12/site-packages/kiwisolver/_cext.cpython-312-x86_64-linux-gnu.so
7001be262000-7001be286000 r-xp 00007000 fc:00 35402728                   /home/henriqueramos_qs/meta-learning-concept-drift/.venv/lib/python3.12/site-packages/kiwisolver/_cext.cpython-312-x86_64-linux-gnu.so
7001be286000-7001be28c000 r--p 0002b000 fc:00 35402728                   /home/henriqueramos_qs/meta-learning-concept-drift/.venv/lib/python3.12/site-packages/kiwisolver/_cext.cpython-312-x86_64-linux-gnu.so
7001be28c000-7001be28d000 r--p 00030000 fc:00 35402728                   /home/henriqueramos_qs/meta-learning-concept-drift/.venv/lib/python3.12/site-packages/kiwisolver/_cext.cpython-312-x86_64-linux-gnu.so
7001be28d000-7001be28e000 rw-p 00031000 fc:00 35402728                   /home/henriqueramos_qs/meta-learning-concept-drift/.venv/lib/python3.12/site-packages/kiwisolver/_cext.cpython-312-x86_64-linux-gnu.so
7001be28e000-7001be28f000 rw-p 00000000 00:00 0 
7001be28f000-7001be297000 r--p 00000000 fc:00 35402606                   /home/henriqueramos_qs/meta-learning-concept-drift/.venv/lib/python3.12/site-packages/pillow.libs/libtiff-13a02c81.so.6.1.0
7001be297000-7001be30a000 r-xp 00008000 fc:00 35402606                   /home/henriqueramos_qs/meta-learning-concept-drift/.venv/lib/python3.12/site-packages/pillow.libs/libtiff-13a02c81.so.6.1.0
7001be30a000-7001be33c000 r--p 0007b000 fc:00 35402606                   /home/henriqueramos_qs/meta-learning-concept-drift/.venv/lib/python3.12/site-packages/pillow.libs/libtiff-13a02c81.so.6.1.0
7001be33c000-7001be340000 r--p 000ad000 fc:00 35402606                   /home/henriqueramos_qs/meta-learning-concept-drift/.venv/lib/python3.12/site-packages/pillow.libs/libtiff-13a02c81.so.6.1.0
7001be340000-7001be341000 rw-p 000b1000 fc:00 35402606                   /home/henriqueramos_qs/meta-learning-concept-drift/.venv/lib/python3.12/site-packages/pillow.libs/libtiff-13a02c81.so.6.1.0
7001be341000-7001be345000 rw-p 000b3000 fc:00 35402606                   /home/henriqueramos_qs/meta-learning-concept-drift/.venv/lib/python3.12/site-packages/pillow.libs/libtiff-13a02c81.so.6.1.0
7001be345000-7001be359000 r--p 00000000 fc:00 35402572                   /home/henriqueramos_qs/meta-learning-concept-drift/.venv/lib/python3.12/site-packages/PIL/_imaging.cpython-312-x86_64-linux-gnu.so
7001be359000-7001be3e0000 r-xp 00014000 fc:00 35402572                   /home/henriqueramos_qs/meta-learning-concept-drift/.venv/lib/python3.12/site-packages/PIL/_imaging.cpython-312-x86_64-linux-gnu.so
7001be3e0000-7001be3f1000 r--p 0009b000 fc:00 35402572                   /home/henriqueramos_qs/meta-learning-concept-drift/.venv/lib/python3.12/site-packages/PIL/_imaging.cpython-312-x86_64-linux-gnu.so
7001be3f1000-7001be3f5000 r--p 000ac000 fc:00 35402572                   /home/henriqueramos_qs/meta-learning-concept-drift/.venv/lib/python3.12/site-packages/PIL/_imaging.cpython-312-x86_64-linux-gnu.so
7001be3f5000-7001be3f9000 rw-p 000b0000 fc:00 35402572                   /home/henriqueramos_qs/meta-learning-concept-drift/.venv/lib/python3.12/site-packages/PIL/_imaging.cpython-312-x86_64-linux-gnu.so
7001be3f9000-7001be400000 rw-p 00333000 fc:00 35402572                   /home/henriqueramos_qs/meta-learning-concept-drift/.venv/lib/python3.12/site-packages/PIL/_imaging.cpython-312-x86_64-linux-gnu.so
7001be400000-7001be676000 r-xp 00000000 fc:00 34868034                   /home/henriqueramos_qs/meta-learning-concept-drift/.venv/lib/python3.12/site-packages/scipy.libs/libgfortran-040039e1.so.5.0.0
7001be676000-7001be875000 ---p 00276000 fc:00 34868034                   /home/henriqueramos_qs/meta-learning-concept-drift/.venv/lib/python3.12/site-packages/scipy.libs/libgfortran-040039e1.so.5.0.0
7001be875000-7001be876000 r--p 00275000 fc:00 34868034                   /home/henriqueramos_qs/meta-learning-concept-drift/.venv/lib/python3.12/site-packages/scipy.libs/libgfortran-040039e1.so.5.0.0
7001be876000-7001be878000 rw-p 00276000 fc:00 34868034                   /home/henriqueramos_qs/meta-learning-concept-drift/.venv/lib/python3.12/site-packages/scipy.libs/libgfortran-040039e1.so.5.0.0
7001be878000-7001be88d000 rw-p 0027b000 fc:00 34868034                   /home/henriqueramos_qs/meta-learning-concept-drift/.venv/lib/python3.12/site-packages/scipy.libs/libgfortran-040039e1.so.5.0.0
7001be88f000-7001be890000 r--p 00000000 fc:00 34869030                   /home/henriqueramos_qs/meta-learning-concept-drift/.venv/lib/python3.12/site-packages/scipy/signal/_spline.cpython-312-x86_64-linux-gnu.so
7001be890000-7001be89f000 r-xp 00001000 fc:00 34869030                   /home/henriqueramos_qs/meta-learning-concept-drift/.venv/lib/python3.12/site-packages/scipy/signal/_spline.cpython-312-x86_64-linux-gnu.so
7001be89f000-7001be8a1000 r--p 00010000 fc:00 34869030                   /home/henriqueramos_qs/meta-learning-concept-drift/.venv/lib/python3.12/site-packages/scipy/signal/_spline.cpython-312-x86_64-linux-gnu.so
7001be8a1000-7001be8a2000 r--p 00011000 fc:00 34869030                   /home/henriqueramos_qs/meta-learning-concept-drift/.venv/lib/python3.12/site-packages/scipy/signal/_spline.cpython-312-x86_64-linux-gnu.so
7001be8a2000-7001be8a4000 rw-p 00012000 fc:00 34869030                   /home/henriqueramos_qs/meta-learning-concept-drift/.venv/lib/python3.12/site-packages/scipy/signal/_spline.cpython-312-x86_64-linux-gnu.so
7001be8a4000-7001be8b3000 r--p 00000000 fc:00 34870561                   /home/henriqueramos_qs/meta-learning-concept-drift/.venv/lib/python3.12/site-packages/matplotlib/_path.cpython-312-x86_64-linux-gnu.so
7001be8b3000-7001be8ee000 r-xp 0000f000 fc:00 34870561                   /home/henriqueramos_qs/meta-learning-concept-drift/.venv/lib/python3.12/site-packages/matplotlib/_path.cpython-312-x86_64-linux-gnu.so
7001be8ee000-7001be8fc000 r--p 0004a000 fc:00 34870561                   /home/henriqueramos_qs/meta-learning-concept-drift/.venv/lib/python3.12/site-packages/matplotlib/_path.cpython-312-x86_64-linux-gnu.so
7001be8fc000-7001be8fd000 ---p 00058000 fc:00 34870561                   /home/henriqueramos_qs/meta-learning-concept-drift/.venv/lib/python3.12/site-packages/matplotlib/_path.cpython-312-x86_64-linux-gnu.so
7001be8fd000-7001be8fe000 r--p 00058000 fc:00 34870561                   /home/henriqueramos_qs/meta-learning-concept-drift/.venv/lib/python3.12/site-packages/matplotlib/_path.cpython-312-x86_64-linux-gnu.so
7001be8fe000-7001be8ff000 rw-p 00059000 fc:00 34870561                   /home/henriqueramos_qs/meta-learning-concept-drift/.venv/lib/python3.12/site-packages/matplotlib/_path.cpython-312-x86_64-linux-gnu.so
7001be8ff000-7001bea00000 rw-p 00000000 00:00 0 
7001bea00000-7001bea3c000 r--p 00000000 fc:00 34868759                   /home/henriqueramos_qs/meta-learning-concept-drift/.venv/lib/python3.12/site-packages/scipy/linalg/_flapack.cpython-312-x86_64-linux-gnu.so
7001bea3c000-7001beb05000 r-xp 0003c000 fc:00 34868759                   /home/henriqueramos_qs/meta-learning-concept-drift/.venv/lib/python3.12/site-packages/scipy/linalg/_flapack.cpython-312-x86_64-linux-gnu.so
7001beb05000-7001beb81000 r--p 00105000 fc:00 34868759                   /home/henriqueramos_qs/meta-learning-concept-drift/.venv/lib/python3.12/site-packages/scipy/linalg/_flapack.cpython-312-x86_64-linux-gnu.so
7001beb81000-7001beb82000 ---p 00181000 fc:00 34868759                   /home/henriqueramos_qs/meta-learning-concept-drift/.venv/lib/python3.12/site-packages/scipy/linalg/_flapack.cpython-312-x86_64-linux-gnu.so
7001beb82000-7001beb83000 r--p 00181000 fc:00 34868759                   /home/henriqueramos_qs/meta-learning-concept-drift/.venv/lib/python3.12/site-packages/scipy/linalg/_flapack.cpython-312-x86_64-linux-gnu.so
7001beb83000-7001bec0f000 rw-p 00182000 fc:00 34868759                   /home/henriqueramos_qs/meta-learning-concept-drift/.venv/lib/python3.12/site-packages/scipy/linalg/_flapack.cpython-312-x86_64-linux-gnu.so
7001bec0f000-7001bec27000 rw-p 0023a000 fc:00 34868759                   /home/henriqueramos_qs/meta-learning-concept-drift/.venv/lib/python3.12/site-packages/scipy/linalg/_flapack.cpython-312-x86_64-linux-gnu.so
7001bec29000-7001bec2b000 r--p 00000000 fc:00 34869050                   /home/henriqueramos_qs/meta-learning-concept-drift/.venv/lib/python3.12/site-packages/scipy/signal/_sigtools.cpython-312-x86_64-linux-gnu.so
7001bec2b000-7001bec3e000 r-xp 00002000 fc:00 34869050                   /home/henriqueramos_qs/meta-learning-concept-drift/.venv/lib/python3.12/site-packages/scipy/signal/_sigtools.cpython-312-x86_64-linux-gnu.so
7001bec3e000-7001bec40000 r--p 00015000 fc:00 34869050                   /home/henriqueramos_qs/meta-learning-concept-drift/.venv/lib/python3.12/site-packages/scipy/signal/_sigtools.cpython-312-x86_64-linux-gnu.so
7001bec40000-7001bec41000 r--p 00016000 fc:00 34869050                   /home/henriqueramos_qs/meta-learning-concept-drift/.venv/lib/python3.12/site-packages/scipy/signal/_sigtools.cpython-312-x86_64-linux-gnu.so
7001bec41000-7001bec42000 rw-p 00017000 fc:00 34869050                   /home/henriqueramos_qs/meta-learning-concept-drift/.venv/lib/python3.12/site-packages/scipy/signal/_sigtools.cpython-312-x86_64-linux-gnu.so
7001bec42000-7001bec46000 r--p 00000000 fc:00 35402602                   /home/henriqueramos_qs/meta-learning-concept-drift/.venv/lib/python3.12/site-packages/pillow.libs/liblzma-64b7ab39.so.5.8.1
7001bec46000-7001bec73000 r-xp 00004000 fc:00 35402602                   /home/henriqueramos_qs/meta-learning-concept-drift/.venv/lib/python3.12/site-packages/pillow.libs/liblzma-64b7ab39.so.5.8.1
7001bec73000-7001bec80000 r--p 00031000 fc:00 35402602                   /home/henriqueramos_qs/meta-learning-concept-drift/.venv/lib/python3.12/site-packages/pillow.libs/liblzma-64b7ab39.so.5.8.1
7001bec80000-7001bec81000 r--p 0003e000 fc:00 35402602                   /home/henriqueramos_qs/meta-learning-concept-drift/.venv/lib/python3.12/site-packages/pillow.libs/liblzma-64b7ab39.so.5.8.1
7001bec81000-7001bec84000 rw-p 0003f000 fc:00 35402602                   /home/henriqueramos_qs/meta-learning-concept-drift/.venv/lib/python3.12/site-packages/pillow.libs/liblzma-64b7ab39.so.5.8.1
7001bec84000-7001bec90000 r--p 00000000 fc:00 35402610                   /home/henriqueramos_qs/meta-learning-concept-drift/.venv/lib/python3.12/site-packages/pillow.libs/libxcb-64009ff3.so.1.1.0
7001bec90000-7001becab000 r-xp 0000c000 fc:00 35402610                   /home/henriqueramos_qs/meta-learning-concept-drift/.venv/lib/python3.12/site-packages/pillow.libs/libxcb-64009ff3.so.1.1.0
7001becab000-7001becb5000 r--p 00027000 fc:00 35402610                   /home/henriqueramos_qs/meta-learning-concept-drift/.venv/lib/python3.12/site-packages/pillow.libs/libxcb-64009ff3.so.1.1.0
7001becb5000-7001becb6000 r--p 00030000 fc:00 35402610                   /home/henriqueramos_qs/meta-learning-concept-drift/.venv/lib/python3.12/site-packages/pillow.libs/libxcb-64009ff3.so.1.1.0
7001becb6000-7001becb7000 rw-p 00031000 fc:00 35402610                   /home/henriqueramos_qs/meta-learning-concept-drift/.venv/lib/python3.12/site-packages/pillow.libs/libxcb-64009ff3.so.1.1.0
7001becb7000-7001becc2000 rw-p 00033000 fc:00 35402610                   /home/henriqueramos_qs/meta-learning-concept-drift/.venv/lib/python3.12/site-packages/pillow.libs/libxcb-64009ff3.so.1.1.0
7001becc2000-7001bedc2000 rw-p 00000000 00:00 0 
7001bedc2000-7001bedc3000 ---p 00000000 00:00 0 
7001bedc3000-7001bf5c3000 rw-p 00000000 00:00 0 
7001bf5c3000-7001bf5c4000 ---p 00000000 00:00 0 
7001bf5c4000-7001bfdc4000 rw-p 00000000 00:00 0 
7001bfdc4000-7001bfdc5000 ---p 00000000 00:00 0 
7001bfdc5000-7001c05c5000 rw-p 00000000 00:00 0 
7001c05c5000-7001c05c6000 ---p 00000000 00:00 0 
7001c05c6000-7001c0dc6000 rw-p 00000000 00:00 0 
7001c0dc6000-7001c0dc7000 ---p 00000000 00:00 0 
7001c0dc7000-7001c15c7000 rw-p 00000000 00:00 0 
7001c15c7000-7001c15c8000 ---p 00000000 00:00 0 
7001c15c8000-7001c1dc8000 rw-p 00000000 00:00 0 
7001c1dc8000-7001c1dc9000 ---p 00000000 00:00 0 
7001c1dc9000-7001c25c9000 rw-p 00000000 00:00 0 
7001c25c9000-7001c25ca000 ---p 00000000 00:00 0 
7001c25ca000-7001c2dca000 rw-p 00000000 00:00 0 
7001c2dca000-7001c2dcb000 ---p 00000000 00:00 0 
7001c2dcb000-7001c35cb000 rw-p 00000000 00:00 0 
7001c35cb000-7001c35cc000 ---p 00000000 00:00 0 
7001c35cc000-7001c3dcc000 rw-p 00000000 00:00 0 
7001c3dcc000-7001c3dcd000 ---p 00000000 00:00 0 
7001c3dcd000-7001c45cd000 rw-p 00000000 00:00 0 
7001c45cd000-7001c45ce000 ---p 00000000 00:00 0 
7001c45ce000-7001c4dce000 rw-p 00000000 00:00 0 
7001c4dce000-7001c4dcf000 ---p 00000000 00:00 0 
7001c4dcf000-7001c55cf000 rw-p 00000000 00:00 0 
7001c55cf000-7001c55d0000 ---p 00000000 00:00 0 
7001c55d0000-7001c5dd0000 rw-p 00000000 00:00 0 
7001c5dd0000-7001c5dd1000 ---p 00000000 00:00 0 
7001c5dd1000-7001c65d1000 rw-p 00000000 00:00 0 
7001c65d1000-7001c65d2000 ---p 00000000 00:00 0 
7001c65d2000-7001c6dd2000 rw-p 00000000 00:00 0 
7001c6dd2000-7001c6dd3000 ---p 00000000 00:00 0 
7001c6dd3000-7001c75d3000 rw-p 00000000 00:00 0 
7001c75d3000-7001c75d4000 ---p 00000000 00:00 0 
7001c75d4000-7001c7dd4000 rw-p 00000000 00:00 0 
7001c7dd4000-7001c7dd5000 ---p 00000000 00:00 0 
7001c7dd5000-7001c85d5000 rw-p 00000000 00:00 0 
7001c85d5000-7001c85d6000 ---p 00000000 00:00 0 
7001c85d6000-7001c8dd6000 rw-p 00000000 00:00 0 
7001c8dd6000-7001c8dd7000 ---p 00000000 00:00 0 
7001c8dd7000-7001c95d7000 rw-p 00000000 00:00 0 
7001c95d7000-7001c95d8000 ---p 00000000 00:00 0 
7001c95d8000-7001c9dd8000 rw-p 00000000 00:00 0 
7001c9dd8000-7001c9dd9000 ---p 00000000 00:00 0 
7001c9dd9000-7001ca5d9000 rw-p 00000000 00:00 0 
7001ca5d9000-7001ca5da000 ---p 00000000 00:00 0 
7001ca5da000-7001cadda000 rw-p 00000000 00:00 0 
7001cadda000-7001caddb000 ---p 00000000 00:00 0 
7001caddb000-7001cb5db000 rw-p 00000000 00:00 0 
7001cb5db000-7001cb5dc000 ---p 00000000 00:00 0 
7001cb5dc000-7001cbddc000 rw-p 00000000 00:00 0 
7001cbddc000-7001cbddd000 ---p 00000000 00:00 0 
7001cbddd000-7001cc5dd000 rw-p 00000000 00:00 0 
7001cc5dd000-7001cc5de000 ---p 00000000 00:00 0 
7001cc5de000-7001ccdde000 rw-p 00000000 00:00 0 
7001ccdde000-7001ccddf000 ---p 00000000 00:00 0 
7001ccddf000-7001cd5df000 rw-p 00000000 00:00 0 
7001cd5df000-7001cd5e0000 ---p 00000000 00:00 0 
7001cd5e0000-7001cdde0000 rw-p 00000000 00:00 0 
7001cdde0000-7001cdde1000 ---p 00000000 00:00 0 
7001cdde1000-7001ce5e1000 rw-p 00000000 00:00 0 
7001ce5e1000-7001ce5e2000 ---p 00000000 00:00 0 
7001ce5e2000-7001cede2000 rw-p 00000000 00:00 0 
7001cede2000-7001cede3000 ---p 00000000 00:00 0 
7001cede3000-7001cf5e3000 rw-p 00000000 00:00 0 
7001cf5e3000-7001cf5e4000 ---p 00000000 00:00 0 
7001cf5e4000-7001cfde4000 rw-p 00000000 00:00 0 
7001cfde4000-7001cfde5000 ---p 00000000 00:00 0 
7001cfde5000-7001d05e5000 rw-p 00000000 00:00 0 
7001d05e5000-7001d05e6000 ---p 00000000 00:00 0 
7001d05e6000-7001d0de6000 rw-p 00000000 00:00 0 
7001d0de6000-7001d0de7000 ---p 00000000 00:00 0 
7001d0de7000-7001d15e7000 rw-p 00000000 00:00 0 
7001d15e7000-7001d15e8000 ---p 00000000 00:00 0 
7001d15e8000-7001d1de8000 rw-p 00000000 00:00 0 
7001d1de8000-7001d1de9000 ---p 00000000 00:00 0 
7001d1de9000-7001d25e9000 rw-p 00000000 00:00 0 
7001d25e9000-7001d25ea000 ---p 00000000 00:00 0 
7001d25ea000-7001d2dea000 rw-p 00000000 00:00 0 
7001d2dea000-7001d2deb000 ---p 00000000 00:00 0 
7001d2deb000-7001d35eb000 rw-p 00000000 00:00 0 
7001d35eb000-7001d35ec000 ---p 00000000 00:00 0 
7001d35ec000-7001d3dec000 rw-p 00000000 00:00 0 
7001d3dec000-7001d3ded000 ---p 00000000 00:00 0 
7001d3ded000-7001d45ed000 rw-p 00000000 00:00 0 
7001d45ed000-7001d45ee000 ---p 00000000 00:00 0 
7001d45ee000-7001d4dee000 rw-p 00000000 00:00 0 
7001d4dee000-7001d4def000 ---p 00000000 00:00 0 
7001d4def000-7001d55ef000 rw-p 00000000 00:00 0 
7001d55ef000-7001d55f0000 ---p 00000000 00:00 0 
7001d55f0000-7001d5df0000 rw-p 00000000 00:00 0 
7001d5df0000-7001d5df1000 ---p 00000000 00:00 0 
7001d5df1000-7001d65f1000 rw-p 00000000 00:00 0 
7001d65f1000-7001d65f2000 ---p 00000000 00:00 0 
7001d65f2000-7001d6df2000 rw-p 00000000 00:00 0 
7001d6df2000-7001d6df3000 ---p 00000000 00:00 0 
7001d6df3000-7001d75f3000 rw-p 00000000 00:00 0 
7001d75f3000-7001d75f4000 ---p 00000000 00:00 0 
7001d75f4000-7001d7df4000 rw-p 00000000 00:00 0 
7001d7df4000-7001d7df5000 ---p 00000000 00:00 0 
7001d7df5000-7001d85f5000 rw-p 00000000 00:00 0 
7001d85f5000-7001d85f6000 ---p 00000000 00:00 0 
7001d85f6000-7001d8df6000 rw-p 00000000 00:00 0 
7001d8df6000-7001d8df7000 ---p 00000000 00:00 0 
7001d8df7000-7001d95f7000 rw-p 00000000 00:00 0 
7001d95f7000-7001d95f8000 ---p 00000000 00:00 0 
7001d95f8000-7001d9df8000 rw-p 00000000 00:00 0 
7001d9df8000-7001d9df9000 ---p 00000000 00:00 0 
7001d9df9000-7001da5f9000 rw-p 00000000 00:00 0 
7001da5f9000-7001da5fa000 ---p 00000000 00:00 0 
7001da5fa000-7001dadfa000 rw-p 00000000 00:00 0 
7001dadfa000-7001dadfb000 ---p 00000000 00:00 0 
7001dadfb000-7001db5fb000 rw-p 00000000 00:00 0 
7001db5fb000-7001db5fc000 ---p 00000000 00:00 0 
7001db5fc000-7001dbdfc000 rw-p 00000000 00:00 0 
7001dbdfc000-7001dbdfd000 ---p 00000000 00:00 0 
7001dbdfd000-7001dc5fd000 rw-p 00000000 00:00 0 
7001dc5fd000-7001dc5fe000 ---p 00000000 00:00 0 
7001dc5fe000-7001dcdfe000 rw-p 00000000 00:00 0 
7001dcdfe000-7001dcdff000 ---p 00000000 00:00 0 
7001dcdff000-7001dd5ff000 rw-p 00000000 00:00 0 
7001dd5ff000-7001dd600000 ---p 00000000 00:00 0 
7001dd600000-7001dde00000 rw-p 00000000 00:00 0 
7001dde00000-70025de00000 rw-p 00000000 00:00 0 
70025de00000-70025df0e000 r--p 00000000 fc:00 34868036                   /home/henriqueramos_qs/meta-learning-concept-drift/.venv/lib/python3.12/site-packages/scipy.libs/libscipy_openblas-c128ec02.so
70025df0e000-70025df16000 r-xp 0010e000 fc:00 34868036                   /home/henriqueramos_qs/meta-learning-concept-drift/.venv/lib/python3.12/site-packages/scipy.libs/libscipy_openblas-c128ec02.so
70025df16000-70025df18000 ---p 00116000 fc:00 34868036                   /home/henriqueramos_qs/meta-learning-concept-drift/.venv/lib/python3.12/site-packages/scipy.libs/libscipy_openblas-c128ec02.so
70025df18000-70025fb8f000 r-xp 00118000 fc:00 34868036                   /home/henriqueramos_qs/meta-learning-concept-drift/.venv/lib/python3.12/site-packages/scipy.libs/libscipy_openblas-c128ec02.so
70025fb8f000-70025fd9c000 r--p 01d8f000 fc:00 34868036                   /home/henriqueramos_qs/meta-learning-concept-drift/.venv/lib/python3.12/site-packages/scipy.libs/libscipy_openblas-c128ec02.so
70025fd9c000-70025fd9d000 ---p 01f9c000 fc:00 34868036                   /home/henriqueramos_qs/meta-learning-concept-drift/.venv/lib/python3.12/site-packages/scipy.libs/libscipy_openblas-c128ec02.so
70025fd9d000-70025fda3000 r--p 01f9c000 fc:00 34868036                   /home/henriqueramos_qs/meta-learning-concept-drift/.venv/lib/python3.12/site-packages/scipy.libs/libscipy_openblas-c128ec02.so
70025fda3000-70025fdb9000 rw-p 01fa2000 fc:00 34868036                   /home/henriqueramos_qs/meta-learning-concept-drift/.venv/lib/python3.12/site-packages/scipy.libs/libscipy_openblas-c128ec02.so
70025fdb9000-70025fdc5000 rw-p 00000000 00:00 0 
70025fdc5000-70025ff5e000 rw-p 020cb000 fc:00 34868036                   /home/henriqueramos_qs/meta-learning-concept-drift/.venv/lib/python3.12/site-packages/scipy.libs/libscipy_openblas-c128ec02.so
70025ff60000-70025ff63000 r--p 00000000 fc:00 34869287                   /home/henriqueramos_qs/meta-learning-concept-drift/.venv/lib/python3.12/site-packages/scipy/io/matlab/_mio_utils.cpython-312-x86_64-linux-gnu.so
70025ff63000-70025ff6c000 r-xp 00003000 fc:00 34869287                   /home/henriqueramos_qs/meta-learning-concept-drift/.venv/lib/python3.12/site-packages/scipy/io/matlab/_mio_utils.cpython-312-x86_64-linux-gnu.so
70025ff6c000-70025ff6e000 r--p 0000c000 fc:00 34869287                   /home/henriqueramos_qs/meta-learning-concept-drift/.venv/lib/python3.12/site-packages/scipy/io/matlab/_mio_utils.cpython-312-x86_64-linux-gnu.so
70025ff6e000-70025ff6f000 ---p 0000e000 fc:00 34869287                   /home/henriqueramos_qs/meta-learning-concept-drift/.venv/lib/python3.12/site-packages/scipy/io/matlab/_mio_utils.cpython-312-x86_64-linux-gnu.so
70025ff6f000-70025ff70000 r--p 0000e000 fc:00 34869287                   /home/henriqueramos_qs/meta-learning-concept-drift/.venv/lib/python3.12/site-packages/scipy/io/matlab/_mio_utils.cpython-312-x86_64-linux-gnu.so
70025ff70000-70025ff71000 rw-p 0000f000 fc:00 34869287                   /home/henriqueramos_qs/meta-learning-concept-drift/.venv/lib/python3.12/site-packages/scipy/io/matlab/_mio_utils.cpython-312-x86_64-linux-gnu.so
70025ff71000-70025ff79000 r--p 00000000 fc:00 35402603                   /home/henriqueramos_qs/meta-learning-concept-drift/.venv/lib/python3.12/site-packages/pillow.libs/libopenjp2-56811f71.so.2.5.3
70025ff79000-70025ffe8000 r-xp 00008000 fc:00 35402603                   /home/henriqueramos_qs/meta-learning-concept-drift/.venv/lib/python3.12/site-packages/pillow.libs/libopenjp2-56811f71.so.2.5.3
70025ffe8000-70025fffb000 r--p 00077000 fc:00 35402603                   /home/henriqueramos_qs/meta-learning-concept-drift/.venv/lib/python3.12/site-packages/pillow.libs/libopenjp2-56811f71.so.2.5.3
70025fffb000-70025fffc000 r--p 0008a000 fc:00 35402603                   /home/henriqueramos_qs/meta-learning-concept-drift/.venv/lib/python3.12/site-packages/pillow.libs/libopenjp2-56811f71.so.2.5.3
70025fffc000-70025fffd000 rw-p 0008b000 fc:00 35402603                   /home/henriqueramos_qs/meta-learning-concept-drift/.venv/lib/python3.12/site-packages/pillow.libs/libopenjp2-56811f71.so.2.5.3
70025fffd000-700260000000 rw-p 0008d000 fc:00 35402603                   /home/henriqueramos_qs/meta-learning-concept-drift/.venv/lib/python3.12/site-packages/pillow.libs/libopenjp2-56811f71.so.2.5.3
700260000000-700260021000 rw-p 00000000 00:00 0 
700260021000-700264000000 ---p 00000000 00:00 0 
700264009000-700264016000 r--p 00000000 fc:00 34870579                   /home/henriqueramos_qs/meta-learning-concept-drift/.venv/lib/python3.12/site-packages/matplotlib/_c_internal_utils.cpython-312-x86_64-linux-gnu.so
700264016000-70026402d000 r-xp 0000d000 fc:00 34870579                   /home/henriqueramos_qs/meta-learning-concept-drift/.venv/lib/python3.12/site-packages/matplotlib/_c_internal_utils.cpython-312-x86_64-linux-gnu.so
70026402d000-700264035000 r--p 00024000 fc:00 34870579                   /home/henriqueramos_qs/meta-learning-concept-drift/.venv/lib/python3.12/site-packages/matplotlib/_c_internal_utils.cpython-312-x86_64-linux-gnu.so
700264035000-700264036000 ---p 0002c000 fc:00 34870579                   /home/henriqueramos_qs/meta-learning-concept-drift/.venv/lib/python3.12/site-packages/matplotlib/_c_internal_utils.cpython-312-x86_64-linux-gnu.so
700264036000-700264037000 r--p 0002c000 fc:00 34870579                   /home/henriqueramos_qs/meta-learning-concept-drift/.venv/lib/python3.12/site-packages/matplotlib/_c_internal_utils.cpython-312-x86_64-linux-gnu.so
700264037000-700264038000 rw-p 0002d000 fc:00 34870579                   /home/henriqueramos_qs/meta-learning-concept-drift/.venv/lib/python3.12/site-packages/matplotlib/_c_internal_utils.cpython-312-x86_64-linux-gnu.so
700264038000-700264043000 r--p 00000000 08:05 8398478                    /usr/lib/x86_64-linux-gnu/libgomp.so.1.0.0
700264043000-70026407f000 r-xp 0000b000 08:05 8398478                    /usr/lib/x86_64-linux-gnu/libgomp.so.1.0.0
70026407f000-70026408c000 r--p 00047000 08:05 8398478                    /usr/lib/x86_64-linux-gnu/libgomp.so.1.0.0
70026408c000-70026408d000 r--p 00054000 08:05 8398478                    /usr/lib/x86_64-linux-gnu/libgomp.so.1.0.0
70026408d000-70026408e000 rw-p 00055000 08:05 8398478                    /usr/lib/x86_64-linux-gnu/libgomp.so.1.0.0
700264091000-700264095000 r--p 00000000 fc:00 35400126                   /home/henriqueramos_qs/meta-learning-concept-drift/.venv/lib/python3.12/site-packages/sklearn/manifold/_utils.cpython-312-x86_64-linux-gnu.so
700264095000-70026409e000 r-xp 00004000 fc:00 35400126                   /home/henriqueramos_qs/meta-learning-concept-drift/.venv/lib/python3.12/site-packages/sklearn/manifold/_utils.cpython-312-x86_64-linux-gnu.so
70026409e000-7002640a2000 r--p 0000d000 fc:00 35400126                   /home/henriqueramos_qs/meta-learning-concept-drift/.venv/lib/python3.12/site-packages/sklearn/manifold/_utils.cpython-312-x86_64-linux-gnu.so
7002640a2000-7002640a3000 ---p 00011000 fc:00 35400126                   /home/henriqueramos_qs/meta-learning-concept-drift/.venv/lib/python3.12/site-packages/sklearn/manifold/_utils.cpython-312-x86_64-linux-gnu.so
7002640a3000-7002640a4000 r--p 00011000 fc:00 35400126                   /home/henriqueramos_qs/meta-learning-concept-drift/.venv/lib/python3.12/site-packages/sklearn/manifold/_utils.cpython-312-x86_64-linux-gnu.so
7002640a4000-7002640a5000 rw-p 00012000 fc:00 35400126                   /home/henriqueramos_qs/meta-learning-concept-drift/.venv/lib/python3.12/site-packages/sklearn/manifold/_utils.cpython-312-x86_64-linux-gnu.so
7002640a5000-7002640aa000 r--p 00000000 fc:00 35399868                   /home/henriqueramos_qs/meta-learning-concept-drift/.venv/lib/python3.12/site-packages/sklearn/ensemble/_hist_gradient_boosting/splitting.cpython-312-x86_64-linux-gnu.so
7002640aa000-7002640ce000 r-xp 00005000 fc:00 35399868                   /home/henriqueramos_qs/meta-learning-concept-drift/.venv/lib/python3.12/site-packages/sklearn/ensemble/_hist_gradient_boosting/splitting.cpython-312-x86_64-linux-gnu.so
7002640ce000-7002640d8000 r--p 00029000 fc:00 35399868                   /home/henriqueramos_qs/meta-learning-concept-drift/.venv/lib/python3.12/site-packages/sklearn/ensemble/_hist_gradient_boosting/splitting.cpython-312-x86_64-linux-gnu.so
7002640d8000-7002640da000 r--p 00032000 fc:00 35399868                   /home/henriqueramos_qs/meta-learning-concept-drift/.venv/lib/python3.12/site-packages/sklearn/ensemble/_hist_gradient_boosting/splitting.cpython-312-x86_64-linux-gnu.so
7002640da000-7002640dc000 rw-p 00034000 fc:00 35399868                   /home/henriqueramos_qs/meta-learning-concept-drift/.venv/lib/python3.12/site-packages/sklearn/ensemble/_hist_gradient_boosting/splitting.cpython-312-x86_64-linux-gnu.so
7002640dc000-7002640df000 rw-p 0003e000 fc:00 35399868                   /home/henriqueramos_qs/meta-learning-concept-drift/.venv/lib/python3.12/site-packages/sklearn/ensemble/_hist_gradient_boosting/splitting.cpython-312-x86_64-linux-gnu.so
7002640df000-7002640e3000 r--p 00000000 fc:00 35399856                   /home/henriqueramos_qs/meta-learning-concept-drift/.venv/lib/python3.12/site-packages/sklearn/ensemble/_hist_gradient_boosting/_predictor.cpython-312-x86_64-linux-gnu.so
7002640e3000-7002640f3000 r-xp 00004000 fc:00 35399856                   /home/henriqueramos_qs/meta-learning-concept-drift/.venv/lib/python3.12/site-packages/sklearn/ensemble/_hist_gradient_boosting/_predictor.cpython-312-x86_64-linux-gnu.so
7002640f3000-7002640f8000 r--p 00014000 fc:00 35399856                   /home/henriqueramos_qs/meta-learning-concept-drift/.venv/lib/python3.12/site-packages/sklearn/ensemble/_hist_gradient_boosting/_predictor.cpython-312-x86_64-linux-gnu.so
7002640f8000-7002640fa000 r--p 00018000 fc:00 35399856                   /home/henriqueramos_qs/meta-learning-concept-drift/.venv/lib/python3.12/site-packages/sklearn/ensemble/_hist_gradient_boosting/_predictor.cpython-312-x86_64-linux-gnu.so
7002640fa000-7002640fb000 rw-p 0001a000 fc:00 35399856                   /home/henriqueramos_qs/meta-learning-concept-drift/.venv/lib/python3.12/site-packages/sklearn/ensemble/_hist_gradient_boosting/_predictor.cpython-312-x86_64-linux-gnu.so
7002640fb000-7002640fe000 rw-p 00020000 fc:00 35399856                   /home/henriqueramos_qs/meta-learning-concept-drift/.venv/lib/python3.12/site-packages/sklearn/ensemble/_hist_gradient_boosting/_predictor.cpython-312-x86_64-linux-gnu.so
7002640fe000-700264103000 r--p 00000000 fc:00 35399864                   /home/henriqueramos_qs/meta-learning-concept-drift/.venv/lib/python3.12/site-packages/sklearn/ensemble/_hist_gradient_boosting/histogram.cpython-312-x86_64-linux-gnu.so
700264103000-700264122000 r-xp 00005000 fc:00 35399864                   /home/henriqueramos_qs/meta-learning-concept-drift/.venv/lib/python3.12/site-packages/sklearn/ensemble/_hist_gradient_boosting/histogram.cpython-312-x86_64-linux-gnu.so
700264122000-70026412b000 r--p 00024000 fc:00 35399864                   /home/henriqueramos_qs/meta-learning-concept-drift/.venv/lib/python3.12/site-packages/sklearn/ensemble/_hist_gradient_boosting/histogram.cpython-312-x86_64-linux-gnu.so
70026412b000-70026412c000 ---p 0002d000 fc:00 35399864                   /home/henriqueramos_qs/meta-learning-concept-drift/.venv/lib/python3.12/site-packages/sklearn/ensemble/_hist_gradient_boosting/histogram.cpython-312-x86_64-linux-gnu.so
70026412c000-70026412d000 r--p 0002d000 fc:00 35399864                   /home/henriqueramos_qs/meta-learning-concept-drift/.venv/lib/python3.12/site-packages/sklearn/ensemble/_hist_gradient_boosting/histogram.cpython-312-x86_64-linux-gnu.so
70026412d000-70026412e000 rw-p 0002e000 fc:00 35399864                   /home/henriqueramos_qs/meta-learning-concept-drift/.venv/lib/python3.12/site-packages/sklearn/ensemble/_hist_gradient_boosting/histogram.cpython-312-x86_64-linux-gnu.so
70026412e000-70026412f000 rw-p 00000000 00:00 0 
70026412f000-700264132000 rw-p 00037000 fc:00 35399864                   /home/henriqueramos_qs/meta-learning-concept-drift/.venv/lib/python3.12/site-packages/sklearn/ensemble/_hist_gradient_boosting/histogram.cpython-312-x86_64-linux-gnu.so
700264132000-700264136000 r--p 00000000 fc:00 35399840                   /home/henriqueramos_qs/meta-learning-concept-drift/.venv/lib/python3.12/site-packages/sklearn/ensemble/_gradient_boosting.cpython-312-x86_64-linux-gnu.so
700264136000-700264146000 r-xp 00004000 fc:00 35399840                   /home/henriqueramos_qs/meta-learning-concept-drift/.venv/lib/python3.12/site-packages/sklearn/ensemble/_gradient_boosting.cpython-312-x86_64-linux-gnu.so
700264146000-70026414b000 r--p 00014000 fc:00 35399840                   /home/henriqueramos_qs/meta-learning-concept-drift/.venv/lib/python3.12/site-packages/sklearn/ensemble/_gradient_boosting.cpython-312-x86_64-linux-gnu.so
70026414b000-70026414c000 ---p 00019000 fc:00 35399840                   /home/henriqueramos_qs/meta-learning-concept-drift/.venv/lib/python3.12/site-packages/sklearn/ensemble/_gradient_boosting.cpython-312-x86_64-linux-gnu.so
70026414c000-70026414d000 r--p 00019000 fc:00 35399840                   /home/henriqueramos_qs/meta-learning-concept-drift/.venv/lib/python3.12/site-packages/sklearn/ensemble/_gradient_boosting.cpython-312-x86_64-linux-gnu.so
70026414d000-70026414e000 rw-p 0001a000 fc:00 35399840                   /home/henriqueramos_qs/meta-learning-concept-drift/.venv/lib/python3.12/site-packages/sklearn/ensemble/_gradient_boosting.cpython-312-x86_64-linux-gnu.so
70026414e000-700264152000 r--p 00000000 fc:00 35400396                   /home/henriqueramos_qs/meta-learning-concept-drift/.venv/lib/python3.12/site-packages/sklearn/tree/_partitioner.cpython-312-x86_64-linux-gnu.so
700264152000-70026416c000 r-xp 00004000 fc:00 35400396                   /home/henriqueramos_qs/meta-learning-concept-drift/.venv/lib/python3.12/site-packages/sklearn/tree/_partitioner.cpython-312-x86_64-linux-gnu.so
70026416c000-700264172000 r--p 0001e000 fc:00 35400396                   /home/henriqueramos_qs/meta-learning-concept-drift/.venv/lib/python3.12/site-packages/sklearn/tree/_partitioner.cpython-312-x86_64-linux-gnu.so
700264172000-700264173000 ---p 00024000 fc:00 35400396                   /home/henriqueramos_qs/meta-learning-concept-drift/.venv/lib/python3.12/site-packages/sklearn/tree/_partitioner.cpython-312-x86_64-linux-gnu.so
700264173000-700264174000 r--p 00024000 fc:00 35400396                   /home/henriqueramos_qs/meta-learning-concept-drift/.venv/lib/python3.12/site-packages/sklearn/tree/_partitioner.cpython-312-x86_64-linux-gnu.so
700264174000-700264175000 rw-p 00025000 fc:00 35400396                   /home/henriqueramos_qs/meta-learning-concept-drift/.venv/lib/python3.12/site-packages/sklearn/tree/_partitioner.cpython-312-x86_64-linux-gnu.so
700264175000-700264176000 rw-p 00000000 00:00 0 
700264176000-70026417a000 r--p 00000000 fc:00 35400406                   /home/henriqueramos_qs/meta-learning-concept-drift/.venv/lib/python3.12/site-packages/sklearn/tree/_utils.cpython-312-x86_64-linux-gnu.so
70026417a000-70026418c000 r-xp 00004000 fc:00 35400406                   /home/henriqueramos_qs/meta-learning-concept-drift/.venv/lib/python3.12/site-packages/sklearn/tree/_utils.cpython-312-x86_64-linux-gnu.so
70026418c000-700264193000 r--p 00016000 fc:00 35400406                   /home/henriqueramos_qs/meta-learning-concept-drift/.venv/lib/python3.12/site-packages/sklearn/tree/_utils.cpython-312-x86_64-linux-gnu.so
700264193000-700264194000 r--p 0001c000 fc:00 35400406                   /home/henriqueramos_qs/meta-learning-concept-drift/.venv/lib/python3.12/site-packages/sklearn/tree/_utils.cpython-312-x86_64-linux-gnu.so
700264194000-700264195000 rw-p 0001d000 fc:00 35400406                   /home/henriqueramos_qs/meta-learning-concept-drift/.venv/lib/python3.12/site-packages/sklearn/tree/_utils.cpython-312-x86_64-linux-gnu.so
700264195000-700264196000 rw-p 00000000 00:00 0 
700264196000-70026419b000 r--p 00000000 fc:00 35400258                   /home/henriqueramos_qs/meta-learning-concept-drift/.venv/lib/python3.12/site-packages/sklearn/neighbors/_quad_tree.cpython-312-x86_64-linux-gnu.so
70026419b000-7002641b3000 r-xp 00005000 fc:00 35400258                   /home/henriqueramos_qs/meta-learning-concept-drift/.venv/lib/python3.12/site-packages/sklearn/neighbors/_quad_tree.cpython-312-x86_64-linux-gnu.so
7002641b3000-7002641ba000 r--p 0001d000 fc:00 35400258                   /home/henriqueramos_qs/meta-learning-concept-drift/.venv/lib/python3.12/site-packages/sklearn/neighbors/_quad_tree.cpython-312-x86_64-linux-gnu.so
7002641ba000-7002641bb000 ---p 00024000 fc:00 35400258                   /home/henriqueramos_qs/meta-learning-concept-drift/.venv/lib/python3.12/site-packages/sklearn/neighbors/_quad_tree.cpython-312-x86_64-linux-gnu.so
7002641bb000-7002641bc000 r--p 00024000 fc:00 35400258                   /home/henriqueramos_qs/meta-learning-concept-drift/.venv/lib/python3.12/site-packages/sklearn/neighbors/_quad_tree.cpython-312-x86_64-linux-gnu.so
7002641bc000-7002641bd000 rw-p 00025000 fc:00 35400258                   /home/henriqueramos_qs/meta-learning-concept-drift/.venv/lib/python3.12/site-packages/sklearn/neighbors/_quad_tree.cpython-312-x86_64-linux-gnu.so
7002641bd000-7002642be000 rw-p 00000000 00:00 0 
7002642be000-7002642c2000 r--p 00000000 fc:00 35399816                   /home/henriqueramos_qs/meta-learning-concept-drift/.venv/lib/python3.12/site-packages/sklearn/decomposition/_online_lda_fast.cpython-312-x86_64-linux-gnu.so
7002642c2000-7002642dd000 r-xp 00004000 fc:00 35399816                   /home/henriqueramos_qs/meta-learning-concept-drift/.venv/lib/python3.12/site-packages/sklearn/decomposition/_online_lda_fast.cpython-312-x86_64-linux-gnu.so
7002642dd000-7002642e2000 r--p 0001f000 fc:00 35399816                   /home/henriqueramos_qs/meta-learning-concept-drift/.venv/lib/python3.12/site-packages/sklearn/decomposition/_online_lda_fast.cpython-312-x86_64-linux-gnu.so
7002642e2000-7002642e3000 ---p 00024000 fc:00 35399816                   /home/henriqueramos_qs/meta-learning-concept-drift/.venv/lib/python3.12/site-packages/sklearn/decomposition/_online_lda_fast.cpython-312-x86_64-linux-gnu.so
7002642e3000-7002642e4000 r--p 00024000 fc:00 35399816                   /home/henriqueramos_qs/meta-learning-concept-drift/.venv/lib/python3.12/site-packages/sklearn/decomposition/_online_lda_fast.cpython-312-x86_64-linux-gnu.so
7002642e4000-7002642e5000 rw-p 00025000 fc:00 35399816                   /home/henriqueramos_qs/meta-learning-concept-drift/.venv/lib/python3.12/site-packages/sklearn/decomposition/_online_lda_fast.cpython-312-x86_64-linux-gnu.so
7002642e5000-7002642e6000 rw-p 00000000 00:00 0 
7002642e6000-7002642eb000 r--p 00000000 fc:00 35400085                   /home/henriqueramos_qs/meta-learning-concept-drift/.venv/lib/python3.12/site-packages/sklearn/linear_model/_sgd_fast.cpython-312-x86_64-linux-gnu.so
7002642eb000-70026430c000 r-xp 00005000 fc:00 35400085                   /home/henriqueramos_qs/meta-learning-concept-drift/.venv/lib/python3.12/site-packages/sklearn/linear_model/_sgd_fast.cpython-312-x86_64-linux-gnu.so
70026430c000-700264316000 r--p 00026000 fc:00 35400085                   /home/henriqueramos_qs/meta-learning-concept-drift/.venv/lib/python3.12/site-packages/sklearn/linear_model/_sgd_fast.cpython-312-x86_64-linux-gnu.so
700264316000-700264318000 r--p 0002f000 fc:00 35400085                   /home/henriqueramos_qs/meta-learning-concept-drift/.venv/lib/python3.12/site-packages/sklearn/linear_model/_sgd_fast.cpython-312-x86_64-linux-gnu.so
700264318000-70026431a000 rw-p 00031000 fc:00 35400085                   /home/henriqueramos_qs/meta-learning-concept-drift/.venv/lib/python3.12/site-packages/sklearn/linear_model/_sgd_fast.cpython-312-x86_64-linux-gnu.so
70026431a000-70026431b000 rw-p 00000000 00:00 0 
70026431b000-700264324000 r--p 00000000 fc:00 35400332                   /home/henriqueramos_qs/meta-learning-concept-drift/.venv/lib/python3.12/site-packages/sklearn/svm/_libsvm_sparse.cpython-312-x86_64-linux-gnu.so
700264324000-700264363000 r-xp 00009000 fc:00 35400332                   /home/henriqueramos_qs/meta-learning-concept-drift/.venv/lib/python3.12/site-packages/sklearn/svm/_libsvm_sparse.cpython-312-x86_64-linux-gnu.so
700264363000-70026436d000 r--p 00048000 fc:00 35400332                   /home/henriqueramos_qs/meta-learning-concept-drift/.venv/lib/python3.12/site-packages/sklearn/svm/_libsvm_sparse.cpython-312-x86_64-linux-gnu.so
70026436d000-70026436f000 r--p 00051000 fc:00 35400332                   /home/henriqueramos_qs/meta-learning-concept-drift/.venv/lib/python3.12/site-packages/sklearn/svm/_libsvm_sparse.cpython-312-x86_64-linux-gnu.so
70026436f000-700264370000 rw-p 00053000 fc:00 35400332                   /home/henriqueramos_qs/meta-learning-concept-drift/.venv/lib/python3.12/site-packages/sklearn/svm/_libsvm_sparse.cpython-312-x86_64-linux-gnu.so
700264370000-700264372000 rw-p 00000000 00:00 0 
700264372000-70026437b000 r--p 00000000 fc:00 35400329                   /home/henriqueramos_qs/meta-learning-concept-drift/.venv/lib/python3.12/site-packages/sklearn/svm/_libsvm.cpython-312-x86_64-linux-gnu.so
70026437b000-7002643c2000 r-xp 00009000 fc:00 35400329                   /home/henriqueramos_qs/meta-learning-concept-drift/.venv/lib/python3.12/site-packages/sklearn/svm/_libsvm.cpython-312-x86_64-linux-gnu.so
7002643c2000-7002643cf000 r--p 00050000 fc:00 35400329                   /home/henriqueramos_qs/meta-learning-concept-drift/.venv/lib/python3.12/site-packages/sklearn/svm/_libsvm.cpython-312-x86_64-linux-gnu.so
7002643cf000-7002643d1000 r--p 0005c000 fc:00 35400329                   /home/henriqueramos_qs/meta-learning-concept-drift/.venv/lib/python3.12/site-packages/sklearn/svm/_libsvm.cpython-312-x86_64-linux-gnu.so
7002643d1000-7002643d3000 rw-p 0005e000 fc:00 35400329                   /home/henriqueramos_qs/meta-learning-concept-drift/.venv/lib/python3.12/site-packages/sklearn/svm/_libsvm.cpython-312-x86_64-linux-gnu.so
7002643d3000-7002643d4000 rw-p 00000000 00:00 0 
7002643d4000-7002643da000 r--p 00000000 fc:00 35400326                   /home/henriqueramos_qs/meta-learning-concept-drift/.venv/lib/python3.12/site-packages/sklearn/svm/_liblinear.cpython-312-x86_64-linux-gnu.so
7002643da000-7002643f4000 r-xp 00006000 fc:00 35400326                   /home/henriqueramos_qs/meta-learning-concept-drift/.venv/lib/python3.12/site-packages/sklearn/svm/_liblinear.cpython-312-x86_64-linux-gnu.so
7002643f4000-7002643fa000 r--p 00020000 fc:00 35400326                   /home/henriqueramos_qs/meta-learning-concept-drift/.venv/lib/python3.12/site-packages/sklearn/svm/_liblinear.cpython-312-x86_64-linux-gnu.so
7002643fa000-7002643fb000 ---p 00026000 fc:00 35400326                   /home/henriqueramos_qs/meta-learning-concept-drift/.venv/lib/python3.12/site-packages/sklearn/svm/_liblinear.cpython-312-x86_64-linux-gnu.so
7002643fb000-7002643fc000 r--p 00026000 fc:00 35400326                   /home/henriqueramos_qs/meta-learning-concept-drift/.venv/lib/python3.12/site-packages/sklearn/svm/_liblinear.cpython-312-x86_64-linux-gnu.so
7002643fc000-7002643fd000 rw-p 00027000 fc:00 35400326                   /home/henriqueramos_qs/meta-learning-concept-drift/.venv/lib/python3.12/site-packages/sklearn/svm/_liblinear.cpython-312-x86_64-linux-gnu.so
7002643fd000-7002643ff000 rw-p 00000000 00:00 0 
7002643ff000-700264400000 ---p 00000000 00:00 0 
700264400000-700264c00000 rw-p 00000000 00:00 0 
700264c00000-700264c03000 r--p 00000000 fc:00 34868078                   /home/henriqueramos_qs/meta-learning-concept-drift/.venv/lib/python3.12/site-packages/scipy/sparse/_sparsetools.cpython-312-x86_64-linux-gnu.so
700264c03000-700264fa5000 r-xp 00003000 fc:00 34868078                   /home/henriqueramos_qs/meta-learning-concept-drift/.venv/lib/python3.12/site-packages/scipy/sparse/_sparsetools.cpython-312-x86_64-linux-gnu.so
700264fa5000-700264ff6000 r--p 003a5000 fc:00 34868078                   /home/henriqueramos_qs/meta-learning-concept-drift/.venv/lib/python3.12/site-packages/scipy/sparse/_sparsetools.cpython-312-x86_64-linux-gnu.so
700264ff6000-700264ff7000 r--p 003f5000 fc:00 34868078                   /home/henriqueramos_qs/meta-learning-concept-drift/.venv/lib/python3.12/site-packages/scipy/sparse/_sparsetools.cpython-312-x86_64-linux-gnu.so
700264ff7000-700264ff8000 rw-p 003f6000 fc:00 34868078                   /home/henriqueramos_qs/meta-learning-concept-drift/.venv/lib/python3.12/site-packages/scipy/sparse/_sparsetools.cpython-312-x86_64-linux-gnu.so
700265000000-70026500b000 r--p 00000000 fc:00 35393363                   /home/henriqueramos_qs/meta-learning-concept-drift/.venv/lib/python3.12/site-packages/pandas/_libs/groupby.cpython-312-x86_64-linux-gnu.so
70026500b000-700265266000 r-xp 0000b000 fc:00 35393363                   /home/henriqueramos_qs/meta-learning-concept-drift/.venv/lib/python3.12/site-packages/pandas/_libs/groupby.cpython-312-x86_64-linux-gnu.so
700265266000-70026528b000 r--p 00266000 fc:00 35393363                   /home/henriqueramos_qs/meta-learning-concept-drift/.venv/lib/python3.12/site-packages/pandas/_libs/groupby.cpython-312-x86_64-linux-gnu.so
70026528b000-70026528c000 ---p 0028b000 fc:00 35393363                   /home/henriqueramos_qs/meta-learning-concept-drift/.venv/lib/python3.12/site-packages/pandas/_libs/groupby.cpython-312-x86_64-linux-gnu.so
70026528c000-70026528f000 r--p 0028b000 fc:00 35393363                   /home/henriqueramos_qs/meta-learning-concept-drift/.venv/lib/python3.12/site-packages/pandas/_libs/groupby.cpython-312-x86_64-linux-gnu.so
70026528f000-700265295000 rw-p 0028e000 fc:00 35393363                   /home/henriqueramos_qs/meta-learning-concept-drift/.venv/lib/python3.12/site-packages/pandas/_libs/groupby.cpython-312-x86_64-linux-gnu.so
700265295000-700265298000 rw-p 00000000 00:00 0 
70026529a000-70026529d000 r--p 00000000 fc:00 34869040                   /home/henriqueramos_qs/meta-learning-concept-drift/.venv/lib/python3.12/site-packages/scipy/signal/_max_len_seq_inner.cpython-312-x86_64-linux-gnu.so
70026529d000-7002652a5000 r-xp 00003000 fc:00 34869040                   /home/henriqueramos_qs/meta-learning-concept-drift/.venv/lib/python3.12/site-packages/scipy/signal/_max_len_seq_inner.cpython-312-x86_64-linux-gnu.so
7002652a5000-7002652a8000 r--p 0000b000 fc:00 34869040                   /home/henriqueramos_qs/meta-learning-concept-drift/.venv/lib/python3.12/site-packages/scipy/signal/_max_len_seq_inner.cpython-312-x86_64-linux-gnu.so
7002652a8000-7002652a9000 r--p 0000d000 fc:00 34869040                   /home/henriqueramos_qs/meta-learning-concept-drift/.venv/lib/python3.12/site-packages/scipy/signal/_max_len_seq_inner.cpython-312-x86_64-linux-gnu.so
7002652a9000-7002652aa000 rw-p 0000e000 fc:00 34869040                   /home/henriqueramos_qs/meta-learning-concept-drift/.venv/lib/python3.12/site-packages/scipy/signal/_max_len_seq_inner.cpython-312-x86_64-linux-gnu.so
7002652aa000-7002653aa000 rw-p 00000000 00:00 0 
7002653aa000-7002653af000 r--p 00000000 fc:00 35400069                   /home/henriqueramos_qs/meta-learning-concept-drift/.venv/lib/python3.12/site-packages/sklearn/linear_model/_cd_fast.cpython-312-x86_64-linux-gnu.so
7002653af000-7002653f1000 r-xp 00005000 fc:00 35400069                   /home/henriqueramos_qs/meta-learning-concept-drift/.venv/lib/python3.12/site-packages/sklearn/linear_model/_cd_fast.cpython-312-x86_64-linux-gnu.so
7002653f1000-7002653fc000 r--p 00047000 fc:00 35400069                   /home/henriqueramos_qs/meta-learning-concept-drift/.venv/lib/python3.12/site-packages/sklearn/linear_model/_cd_fast.cpython-312-x86_64-linux-gnu.so
7002653fc000-7002653fd000 ---p 00052000 fc:00 35400069                   /home/henriqueramos_qs/meta-learning-concept-drift/.venv/lib/python3.12/site-packages/sklearn/linear_model/_cd_fast.cpython-312-x86_64-linux-gnu.so
7002653fd000-7002653fe000 r--p 00052000 fc:00 35400069                   /home/henriqueramos_qs/meta-learning-concept-drift/.venv/lib/python3.12/site-packages/sklearn/linear_model/_cd_fast.cpython-312-x86_64-linux-gnu.so
7002653fe000-7002653ff000 rw-p 00053000 fc:00 35400069                   /home/henriqueramos_qs/meta-learning-concept-drift/.venv/lib/python3.12/site-packages/sklearn/linear_model/_cd_fast.cpython-312-x86_64-linux-gnu.so
7002653ff000-700265400000 rw-p 00000000 00:00 0 
700265400000-700265414000 r--p 00000000 fc:00 35393367                   /home/henriqueramos_qs/meta-learning-concept-drift/.venv/lib/python3.12/site-packages/pandas/_libs/hashtable.cpython-312-x86_64-linux-gnu.so
700265414000-7002655be000 r-xp 00014000 fc:00 35393367                   /home/henriqueramos_qs/meta-learning-concept-drift/.venv/lib/python3.12/site-packages/pandas/_libs/hashtable.cpython-312-x86_64-linux-gnu.so
7002655be000-7002655fb000 r--p 001be000 fc:00 35393367                   /home/henriqueramos_qs/meta-learning-concept-drift/.venv/lib/python3.12/site-packages/pandas/_libs/hashtable.cpython-312-x86_64-linux-gnu.so
7002655fb000-7002655fc000 ---p 001fb000 fc:00 35393367                   /home/henriqueramos_qs/meta-learning-concept-drift/.venv/lib/python3.12/site-packages/pandas/_libs/hashtable.cpython-312-x86_64-linux-gnu.so
7002655fc000-700265600000 r--p 001fb000 fc:00 35393367                   /home/henriqueramos_qs/meta-learning-concept-drift/.venv/lib/python3.12/site-packages/pandas/_libs/hashtable.cpython-312-x86_64-linux-gnu.so
700265600000-70026560d000 rw-p 001ff000 fc:00 35393367                   /home/henriqueramos_qs/meta-learning-concept-drift/.venv/lib/python3.12/site-packages/pandas/_libs/hashtable.cpython-312-x86_64-linux-gnu.so
70026560d000-700265613000 rw-p 00000000 00:00 0 
700265615000-700265619000 r--p 00000000 fc:00 35400083                   /home/henriqueramos_qs/meta-learning-concept-drift/.venv/lib/python3.12/site-packages/sklearn/linear_model/_sag_fast.cpython-312-x86_64-linux-gnu.so
700265619000-700265630000 r-xp 00004000 fc:00 35400083                   /home/henriqueramos_qs/meta-learning-concept-drift/.venv/lib/python3.12/site-packages/sklearn/linear_model/_sag_fast.cpython-312-x86_64-linux-gnu.so
700265630000-700265637000 r--p 0001b000 fc:00 35400083                   /home/henriqueramos_qs/meta-learning-concept-drift/.venv/lib/python3.12/site-packages/sklearn/linear_model/_sag_fast.cpython-312-x86_64-linux-gnu.so
700265637000-700265638000 r--p 00021000 fc:00 35400083                   /home/henriqueramos_qs/meta-learning-concept-drift/.venv/lib/python3.12/site-packages/sklearn/linear_model/_sag_fast.cpython-312-x86_64-linux-gnu.so
700265638000-700265639000 rw-p 00022000 fc:00 35400083                   /home/henriqueramos_qs/meta-learning-concept-drift/.venv/lib/python3.12/site-packages/sklearn/linear_model/_sag_fast.cpython-312-x86_64-linux-gnu.so
700265639000-70026563e000 r--p 00000000 fc:00 35400448                   /home/henriqueramos_qs/meta-learning-concept-drift/.venv/lib/python3.12/site-packages/sklearn/utils/_random.cpython-312-x86_64-linux-gnu.so
70026563e000-700265663000 r-xp 00005000 fc:00 35400448                   /home/henriqueramos_qs/meta-learning-concept-drift/.venv/lib/python3.12/site-packages/sklearn/utils/_random.cpython-312-x86_64-linux-gnu.so
700265663000-70026566b000 r--p 0002a000 fc:00 35400448                   /home/henriqueramos_qs/meta-learning-concept-drift/.venv/lib/python3.12/site-packages/sklearn/utils/_random.cpython-312-x86_64-linux-gnu.so
70026566b000-70026566c000 ---p 00032000 fc:00 35400448                   /home/henriqueramos_qs/meta-learning-concept-drift/.venv/lib/python3.12/site-packages/sklearn/utils/_random.cpython-312-x86_64-linux-gnu.so
70026566c000-70026566d000 r--p 00032000 fc:00 35400448                   /home/henriqueramos_qs/meta-learning-concept-drift/.venv/lib/python3.12/site-packages/sklearn/utils/_random.cpython-312-x86_64-linux-gnu.so
70026566d000-70026566e000 rw-p 00033000 fc:00 35400448                   /home/henriqueramos_qs/meta-learning-concept-drift/.venv/lib/python3.12/site-packages/sklearn/utils/_random.cpython-312-x86_64-linux-gnu.so
70026566e000-70026576f000 rw-p 00000000 00:00 0 
70026576f000-700265777000 r--p 00000000 fc:00 35400249                   /home/henriqueramos_qs/meta-learning-concept-drift/.venv/lib/python3.12/site-packages/sklearn/neighbors/_kd_tree.cpython-312-x86_64-linux-gnu.so
700265777000-7002657e4000 r-xp 00008000 fc:00 35400249                   /home/henriqueramos_qs/meta-learning-concept-drift/.venv/lib/python3.12/site-packages/sklearn/neighbors/_kd_tree.cpython-312-x86_64-linux-gnu.so
7002657e4000-7002657f8000 r--p 00075000 fc:00 35400249                   /home/henriqueramos_qs/meta-learning-concept-drift/.venv/lib/python3.12/site-packages/sklearn/neighbors/_kd_tree.cpython-312-x86_64-linux-gnu.so
7002657f8000-7002657f9000 ---p 00089000 fc:00 35400249                   /home/henriqueramos_qs/meta-learning-concept-drift/.venv/lib/python3.12/site-packages/sklearn/neighbors/_kd_tree.cpython-312-x86_64-linux-gnu.so
7002657f9000-7002657fb000 r--p 00089000 fc:00 35400249                   /home/henriqueramos_qs/meta-learning-concept-drift/.venv/lib/python3.12/site-packages/sklearn/neighbors/_kd_tree.cpython-312-x86_64-linux-gnu.so
7002657fb000-7002657fe000 rw-p 0008b000 fc:00 35400249                   /home/henriqueramos_qs/meta-learning-concept-drift/.venv/lib/python3.12/site-packages/sklearn/neighbors/_kd_tree.cpython-312-x86_64-linux-gnu.so
7002657fe000-7002657ff000 rw-p 00000000 00:00 0 
7002657ff000-700265800000 ---p 00000000 00:00 0 
700265800000-700266000000 rw-p 00000000 00:00 0 
700266000000-700266800000 rw-p 00000000 00:00 0 
700266800000-700266c22000 r--p 00000000 fc:00 35401656                   /home/henriqueramos_qs/meta-learning-concept-drift/.venv/lib/python3.12/site-packages/pyarrow/libarrow.so.2100
700266c22000-70026858b000 r-xp 00422000 fc:00 35401656                   /home/henriqueramos_qs/meta-learning-concept-drift/.venv/lib/python3.12/site-packages/pyarrow/libarrow.so.2100
70026858b000-700268c59000 r--p 01d8b000 fc:00 35401656                   /home/henriqueramos_qs/meta-learning-concept-drift/.venv/lib/python3.12/site-packages/pyarrow/libarrow.so.2100
700268c59000-700268d33000 r--p 02458000 fc:00 35401656                   /home/henriqueramos_qs/meta-learning-concept-drift/.venv/lib/python3.12/site-packages/pyarrow/libarrow.so.2100
700268d33000-700268d66000 rw-p 02532000 fc:00 35401656                   /home/henriqueramos_qs/meta-learning-concept-drift/.venv/lib/python3.12/site-packages/pyarrow/libarrow.so.2100
700268d66000-700268f8e000 rw-p 00000000 00:00 0 
700268f91000-700268f94000 r--p 00000000 fc:00 35399849                   /home/henriqueramos_qs/meta-learning-concept-drift/.venv/lib/python3.12/site-packages/sklearn/ensemble/_hist_gradient_boosting/_binning.cpython-312-x86_64-linux-gnu.so
700268f94000-700268f9d000 r-xp 00003000 fc:00 35399849                   /home/henriqueramos_qs/meta-learning-concept-drift/.venv/lib/python3.12/site-packages/sklearn/ensemble/_hist_gradient_boosting/_binning.cpython-312-x86_64-linux-gnu.so
700268f9d000-700268fa1000 r--p 0000c000 fc:00 35399849                   /home/henriqueramos_qs/meta-learning-concept-drift/.venv/lib/python3.12/site-packages/sklearn/ensemble/_hist_gradient_boosting/_binning.cpython-312-x86_64-linux-gnu.so
700268fa1000-700268fa2000 r--p 0000f000 fc:00 35399849                   /home/henriqueramos_qs/meta-learning-concept-drift/.venv/lib/python3.12/site-packages/sklearn/ensemble/_hist_gradient_boosting/_binning.cpython-312-x86_64-linux-gnu.so
700268fa2000-700268fa3000 rw-p 00010000 fc:00 35399849                   /home/henriqueramos_qs/meta-learning-concept-drift/.venv/lib/python3.12/site-packages/sklearn/ensemble/_hist_gradient_boosting/_binning.cpython-312-x86_64-linux-gnu.so
700268fa3000-700268fa6000 rw-p 00015000 fc:00 35399849                   /home/henriqueramos_qs/meta-learning-concept-drift/.venv/lib/python3.12/site-packages/sklearn/ensemble/_hist_gradient_boosting/_binning.cpython-312-x86_64-linux-gnu.so
700268fa6000-700268fab000 r--p 00000000 fc:00 35400452                   /home/henriqueramos_qs/meta-learning-concept-drift/.venv/lib/python3.12/site-packages/sklearn/utils/_seq_dataset.cpython-312-x86_64-linux-gnu.so
700268fab000-700268fca000 r-xp 00005000 fc:00 35400452                   /home/henriqueramos_qs/meta-learning-concept-drift/.venv/lib/python3.12/site-packages/sklearn/utils/_seq_dataset.cpython-312-x86_64-linux-gnu.so
700268fca000-700268fd1000 r--p 00024000 fc:00 35400452                   /home/henriqueramos_qs/meta-learning-concept-drift/.venv/lib/python3.12/site-packages/sklearn/utils/_seq_dataset.cpython-312-x86_64-linux-gnu.so
700268fd1000-700268fd2000 ---p 0002b000 fc:00 35400452                   /home/henriqueramos_qs/meta-learning-concept-drift/.venv/lib/python3.12/site-packages/sklearn/utils/_seq_dataset.cpython-312-x86_64-linux-gnu.so
700268fd2000-700268fd3000 r--p 0002b000 fc:00 35400452                   /home/henriqueramos_qs/meta-learning-concept-drift/.venv/lib/python3.12/site-packages/sklearn/utils/_seq_dataset.cpython-312-x86_64-linux-gnu.so
700268fd3000-700268fd5000 rw-p 0002c000 fc:00 35400452                   /home/henriqueramos_qs/meta-learning-concept-drift/.venv/lib/python3.12/site-packages/sklearn/utils/_seq_dataset.cpython-312-x86_64-linux-gnu.so
700268fd5000-700268fd6000 rw-p 00000000 00:00 0 
700268fd6000-700268fda000 r--p 00000000 fc:00 35400473                   /home/henriqueramos_qs/meta-learning-concept-drift/.venv/lib/python3.12/site-packages/sklearn/utils/arrayfuncs.cpython-312-x86_64-linux-gnu.so
700268fda000-700268ff6000 r-xp 00004000 fc:00 35400473                   /home/henriqueramos_qs/meta-learning-concept-drift/.venv/lib/python3.12/site-packages/sklearn/utils/arrayfuncs.cpython-312-x86_64-linux-gnu.so
700268ff6000-700268ffc000 r--p 00020000 fc:00 35400473                   /home/henriqueramos_qs/meta-learning-concept-drift/.venv/lib/python3.12/site-packages/sklearn/utils/arrayfuncs.cpython-312-x86_64-linux-gnu.so
700268ffc000-700268ffd000 ---p 00026000 fc:00 35400473                   /home/henriqueramos_qs/meta-learning-concept-drift/.venv/lib/python3.12/site-packages/sklearn/utils/arrayfuncs.cpython-312-x86_64-linux-gnu.so
700268ffd000-700268ffe000 r--p 00026000 fc:00 35400473                   /home/henriqueramos_qs/meta-learning-concept-drift/.venv/lib/python3.12/site-packages/sklearn/utils/arrayfuncs.cpython-312-x86_64-linux-gnu.so
700268ffe000-700268fff000 rw-p 00027000 fc:00 35400473                   /home/henriqueramos_qs/meta-learning-concept-drift/.venv/lib/python3.12/site-packages/sklearn/utils/arrayfuncs.cpython-312-x86_64-linux-gnu.so
700268fff000-700269000000 rw-p 00000000 00:00 0 
700269000000-700269110000 r--p 00000000 fc:00 35401658                   /home/henriqueramos_qs/meta-learning-concept-drift/.venv/lib/python3.12/site-packages/pyarrow/libarrow_compute.so.2100
700269110000-700269bec000 r-xp 00110000 fc:00 35401658                   /home/henriqueramos_qs/meta-learning-concept-drift/.venv/lib/python3.12/site-packages/pyarrow/libarrow_compute.so.2100
700269bec000-700269e03000 r--p 00bec000 fc:00 35401658                   /home/henriqueramos_qs/meta-learning-concept-drift/.venv/lib/python3.12/site-packages/pyarrow/libarrow_compute.so.2100
700269e03000-700269e04000 ---p 00e03000 fc:00 35401658                   /home/henriqueramos_qs/meta-learning-concept-drift/.venv/lib/python3.12/site-packages/pyarrow/libarrow_compute.so.2100
700269e04000-700269e22000 r--p 00e03000 fc:00 35401658                   /home/henriqueramos_qs/meta-learning-concept-drift/.venv/lib/python3.12/site-packages/pyarrow/libarrow_compute.so.2100
700269e22000-700269e27000 rw-p 00e21000 fc:00 35401658                   /home/henriqueramos_qs/meta-learning-concept-drift/.venv/lib/python3.12/site-packages/pyarrow/libarrow_compute.so.2100
700269e27000-700269e34000 rw-p 00000000 00:00 0 
700269e39000-700269e3d000 r--p 00000000 fc:00 35399807                   /home/henriqueramos_qs/meta-learning-concept-drift/.venv/lib/python3.12/site-packages/sklearn/decomposition/_cdnmf_fast.cpython-312-x86_64-linux-gnu.so
700269e3d000-700269e4b000 r-xp 00004000 fc:00 35399807                   /home/henriqueramos_qs/meta-learning-concept-drift/.venv/lib/python3.12/site-packages/sklearn/decomposition/_cdnmf_fast.cpython-312-x86_64-linux-gnu.so
700269e4b000-700269e50000 r--p 00012000 fc:00 35399807                   /home/henriqueramos_qs/meta-learning-concept-drift/.venv/lib/python3.12/site-packages/sklearn/decomposition/_cdnmf_fast.cpython-312-x86_64-linux-gnu.so
700269e50000-700269e51000 r--p 00016000 fc:00 35399807                   /home/henriqueramos_qs/meta-learning-concept-drift/.venv/lib/python3.12/site-packages/sklearn/decomposition/_cdnmf_fast.cpython-312-x86_64-linux-gnu.so
700269e51000-700269e52000 rw-p 00017000 fc:00 35399807                   /home/henriqueramos_qs/meta-learning-concept-drift/.venv/lib/python3.12/site-packages/sklearn/decomposition/_cdnmf_fast.cpython-312-x86_64-linux-gnu.so
700269e52000-700269e53000 rw-p 00000000 00:00 0 
700269e53000-700269e57000 r--p 00000000 fc:00 35400144                   /home/henriqueramos_qs/meta-learning-concept-drift/.venv/lib/python3.12/site-packages/sklearn/metrics/_pairwise_fast.cpython-312-x86_64-linux-gnu.so
700269e57000-700269e70000 r-xp 00004000 fc:00 35400144                   /home/henriqueramos_qs/meta-learning-concept-drift/.venv/lib/python3.12/site-packages/sklearn/metrics/_pairwise_fast.cpython-312-x86_64-linux-gnu.so
700269e70000-700269e75000 r--p 0001d000 fc:00 35400144                   /home/henriqueramos_qs/meta-learning-concept-drift/.venv/lib/python3.12/site-packages/sklearn/metrics/_pairwise_fast.cpython-312-x86_64-linux-gnu.so
700269e75000-700269e76000 ---p 00022000 fc:00 35400144                   /home/henriqueramos_qs/meta-learning-concept-drift/.venv/lib/python3.12/site-packages/sklearn/metrics/_pairwise_fast.cpython-312-x86_64-linux-gnu.so
700269e76000-700269e77000 r--p 00022000 fc:00 35400144                   /home/henriqueramos_qs/meta-learning-concept-drift/.venv/lib/python3.12/site-packages/sklearn/metrics/_pairwise_fast.cpython-312-x86_64-linux-gnu.so
700269e77000-700269e78000 rw-p 00023000 fc:00 35400144                   /home/henriqueramos_qs/meta-learning-concept-drift/.venv/lib/python3.12/site-packages/sklearn/metrics/_pairwise_fast.cpython-312-x86_64-linux-gnu.so
700269e78000-700269e79000 rw-p 00000000 00:00 0 
700269e79000-700269e7c000 rw-p 0002a000 fc:00 35400144                   /home/henriqueramos_qs/meta-learning-concept-drift/.venv/lib/python3.12/site-packages/sklearn/metrics/_pairwise_fast.cpython-312-x86_64-linux-gnu.so
700269e7c000-700269e82000 r--p 00000000 fc:00 35400169                   /home/henriqueramos_qs/meta-learning-concept-drift/.venv/lib/python3.12/site-packages/sklearn/metrics/_pairwise_distances_reduction/_radius_neighbors.cpython-312-x86_64-linux-gnu.so
700269e82000-700269ea4000 r-xp 00006000 fc:00 35400169                   /home/henriqueramos_qs/meta-learning-concept-drift/.venv/lib/python3.12/site-packages/sklearn/metrics/_pairwise_distances_reduction/_radius_neighbors.cpython-312-x86_64-linux-gnu.so
700269ea4000-700269ead000 r--p 00028000 fc:00 35400169                   /home/henriqueramos_qs/meta-learning-concept-drift/.venv/lib/python3.12/site-packages/sklearn/metrics/_pairwise_distances_reduction/_radius_neighbors.cpython-312-x86_64-linux-gnu.so
700269ead000-700269eae000 ---p 00031000 fc:00 35400169                   /home/henriqueramos_qs/meta-learning-concept-drift/.venv/lib/python3.12/site-packages/sklearn/metrics/_pairwise_distances_reduction/_radius_neighbors.cpython-312-x86_64-linux-gnu.so
700269eae000-700269eaf000 r--p 00031000 fc:00 35400169                   /home/henriqueramos_qs/meta-learning-concept-drift/.venv/lib/python3.12/site-packages/sklearn/metrics/_pairwise_distances_reduction/_radius_neighbors.cpython-312-x86_64-linux-gnu.so
700269eaf000-700269eb1000 rw-p 00032000 fc:00 35400169                   /home/henriqueramos_qs/meta-learning-concept-drift/.venv/lib/python3.12/site-packages/sklearn/metrics/_pairwise_distances_reduction/_radius_neighbors.cpython-312-x86_64-linux-gnu.so
700269eb1000-700269eb2000 rw-p 00000000 00:00 0 
700269eb2000-700269eb6000 rw-p 00042000 fc:00 35400169                   /home/henriqueramos_qs/meta-learning-concept-drift/.venv/lib/python3.12/site-packages/sklearn/metrics/_pairwise_distances_reduction/_radius_neighbors.cpython-312-x86_64-linux-gnu.so
700269eb6000-700269ebc000 r--p 00000000 fc:00 35400166                   /home/henriqueramos_qs/meta-learning-concept-drift/.venv/lib/python3.12/site-packages/sklearn/metrics/_pairwise_distances_reduction/_middle_term_computer.cpython-312-x86_64-linux-gnu.so
700269ebc000-700269eef000 r-xp 00006000 fc:00 35400166                   /home/henriqueramos_qs/meta-learning-concept-drift/.venv/lib/python3.12/site-packages/sklearn/metrics/_pairwise_distances_reduction/_middle_term_computer.cpython-312-x86_64-linux-gnu.so
700269eef000-700269efb000 r--p 00039000 fc:00 35400166                   /home/henriqueramos_qs/meta-learning-concept-drift/.venv/lib/python3.12/site-packages/sklearn/metrics/_pairwise_distances_reduction/_middle_term_computer.cpython-312-x86_64-linux-gnu.so
700269efb000-700269efc000 ---p 00045000 fc:00 35400166                   /home/henriqueramos_qs/meta-learning-concept-drift/.venv/lib/python3.12/site-packages/sklearn/metrics/_pairwise_distances_reduction/_middle_term_computer.cpython-312-x86_64-linux-gnu.so
700269efc000-700269efd000 r--p 00045000 fc:00 35400166                   /home/henriqueramos_qs/meta-learning-concept-drift/.venv/lib/python3.12/site-packages/sklearn/metrics/_pairwise_distances_reduction/_middle_term_computer.cpython-312-x86_64-linux-gnu.so
700269efd000-700269eff000 rw-p 00046000 fc:00 35400166                   /home/henriqueramos_qs/meta-learning-concept-drift/.venv/lib/python3.12/site-packages/sklearn/metrics/_pairwise_distances_reduction/_middle_term_computer.cpython-312-x86_64-linux-gnu.so
700269eff000-70026a000000 rw-p 00000000 00:00 0 
70026a000000-70026a1c6000 r--p 00000000 fc:00 35401671                   /home/henriqueramos_qs/meta-learning-concept-drift/.venv/lib/python3.12/site-packages/pyarrow/libparquet.so.2100
70026a1c6000-70026a6e7000 r-xp 001c6000 fc:00 35401671                   /home/henriqueramos_qs/meta-learning-concept-drift/.venv/lib/python3.12/site-packages/pyarrow/libparquet.so.2100
70026a6e7000-70026a856000 r--p 006e7000 fc:00 35401671                   /home/henriqueramos_qs/meta-learning-concept-drift/.venv/lib/python3.12/site-packages/pyarrow/libparquet.so.2100
70026a856000-70026a857000 ---p 00856000 fc:00 35401671                   /home/henriqueramos_qs/meta-learning-concept-drift/.venv/lib/python3.12/site-packages/pyarrow/libparquet.so.2100
70026a857000-70026a8d5000 r--p 00856000 fc:00 35401671                   /home/henriqueramos_qs/meta-learning-concept-drift/.venv/lib/python3.12/site-packages/pyarrow/libparquet.so.2100
70026a8d5000-70026a8e3000 rw-p 008d4000 fc:00 35401671                   /home/henriqueramos_qs/meta-learning-concept-drift/.venv/lib/python3.12/site-packages/pyarrow/libparquet.so.2100
70026a8e3000-70026a8e7000 rw-p 00000000 00:00 0 
70026a8ea000-70026a8ed000 r--p 00000000 fc:00 35399854                   /home/henriqueramos_qs/meta-learning-concept-drift/.venv/lib/python3.12/site-packages/sklearn/ensemble/_hist_gradient_boosting/_gradient_boosting.cpython-312-x86_64-linux-gnu.so
70026a8ed000-70026a8f7000 r-xp 00003000 fc:00 35399854                   /home/henriqueramos_qs/meta-learning-concept-drift/.venv/lib/python3.12/site-packages/sklearn/ensemble/_hist_gradient_boosting/_gradient_boosting.cpython-312-x86_64-linux-gnu.so
70026a8f7000-70026a8fb000 r--p 0000d000 fc:00 35399854                   /home/henriqueramos_qs/meta-learning-concept-drift/.venv/lib/python3.12/site-packages/sklearn/ensemble/_hist_gradient_boosting/_gradient_boosting.cpython-312-x86_64-linux-gnu.so
70026a8fb000-70026a8fc000 r--p 00010000 fc:00 35399854                   /home/henriqueramos_qs/meta-learning-concept-drift/.venv/lib/python3.12/site-packages/sklearn/ensemble/_hist_gradient_boosting/_gradient_boosting.cpython-312-x86_64-linux-gnu.so
70026a8fc000-70026a8fd000 rw-p 00011000 fc:00 35399854                   /home/henriqueramos_qs/meta-learning-concept-drift/.venv/lib/python3.12/site-packages/sklearn/ensemble/_hist_gradient_boosting/_gradient_boosting.cpython-312-x86_64-linux-gnu.so
70026a8fd000-70026a900000 rw-p 00016000 fc:00 35399854                   /home/henriqueramos_qs/meta-learning-concept-drift/.venv/lib/python3.12/site-packages/sklearn/ensemble/_hist_gradient_boosting/_gradient_boosting.cpython-312-x86_64-linux-gnu.so
70026a900000-70026aa00000 rw-p 00000000 00:00 0 
70026aa00000-70026aa74000 r--p 00000000 fc:00 35401670                   /home/henriqueramos_qs/meta-learning-concept-drift/.venv/lib/python3.12/site-packages/pyarrow/libarrow_substrait.so.2100
70026aa74000-70026acb0000 r-xp 00074000 fc:00 35401670                   /home/henriqueramos_qs/meta-learning-concept-drift/.venv/lib/python3.12/site-packages/pyarrow/libarrow_substrait.so.2100
70026acb0000-70026ad69000 r--p 002b0000 fc:00 35401670                   /home/henriqueramos_qs/meta-learning-concept-drift/.venv/lib/python3.12/site-packages/pyarrow/libarrow_substrait.so.2100
70026ad69000-70026ad6a000 ---p 00369000 fc:00 35401670                   /home/henriqueramos_qs/meta-learning-concept-drift/.venv/lib/python3.12/site-packages/pyarrow/libarrow_substrait.so.2100
70026ad6a000-70026ad7c000 r--p 00369000 fc:00 35401670                   /home/henriqueramos_qs/meta-learning-concept-drift/.venv/lib/python3.12/site-packages/pyarrow/libarrow_substrait.so.2100
70026ad7c000-70026ad81000 rw-p 0037b000 fc:00 35401670                   /home/henriqueramos_qs/meta-learning-concept-drift/.venv/lib/python3.12/site-packages/pyarrow/libarrow_substrait.so.2100
70026ad81000-70026ad83000 rw-p 00000000 00:00 0 
70026ad88000-70026ad8d000 r--p 00000000 fc:00 35400172                   /home/henriqueramos_qs/meta-learning-concept-drift/.venv/lib/python3.12/site-packages/sklearn/metrics/_pairwise_distances_reduction/_radius_neighbors_classmode.cpython-312-x86_64-linux-gnu.so
70026ad8d000-70026ada5000 r-xp 00005000 fc:00 35400172                   /home/henriqueramos_qs/meta-learning-concept-drift/.venv/lib/python3.12/site-packages/sklearn/metrics/_pairwise_distances_reduction/_radius_neighbors_classmode.cpython-312-x86_64-linux-gnu.so
70026ada5000-70026adab000 r--p 0001d000 fc:00 35400172                   /home/henriqueramos_qs/meta-learning-concept-drift/.venv/lib/python3.12/site-packages/sklearn/metrics/_pairwise_distances_reduction/_radius_neighbors_classmode.cpython-312-x86_64-linux-gnu.so
70026adab000-70026adac000 ---p 00023000 fc:00 35400172                   /home/henriqueramos_qs/meta-learning-concept-drift/.venv/lib/python3.12/site-packages/sklearn/metrics/_pairwise_distances_reduction/_radius_neighbors_classmode.cpython-312-x86_64-linux-gnu.so
70026adac000-70026adad000 r--p 00023000 fc:00 35400172                   /home/henriqueramos_qs/meta-learning-concept-drift/.venv/lib/python3.12/site-packages/sklearn/metrics/_pairwise_distances_reduction/_radius_neighbors_classmode.cpython-312-x86_64-linux-gnu.so
70026adad000-70026adae000 rw-p 00024000 fc:00 35400172                   /home/henriqueramos_qs/meta-learning-concept-drift/.venv/lib/python3.12/site-packages/sklearn/metrics/_pairwise_distances_reduction/_radius_neighbors_classmode.cpython-312-x86_64-linux-gnu.so
70026adae000-70026adaf000 rw-p 00000000 00:00 0 
70026adaf000-70026adb2000 rw-p 0002e000 fc:00 35400172                   /home/henriqueramos_qs/meta-learning-concept-drift/.venv/lib/python3.12/site-packages/sklearn/metrics/_pairwise_distances_reduction/_radius_neighbors_classmode.cpython-312-x86_64-linux-gnu.so
70026adb2000-70026adb7000 r--p 00000000 fc:00 35400423                   /home/henriqueramos_qs/meta-learning-concept-drift/.venv/lib/python3.12/site-packages/sklearn/utils/_cython_blas.cpython-312-x86_64-linux-gnu.so
70026adb7000-70026adf4000 r-xp 00005000 fc:00 35400423                   /home/henriqueramos_qs/meta-learning-concept-drift/.venv/lib/python3.12/site-packages/sklearn/utils/_cython_blas.cpython-312-x86_64-linux-gnu.so
70026adf4000-70026adfd000 r--p 00042000 fc:00 35400423                   /home/henriqueramos_qs/meta-learning-concept-drift/.venv/lib/python3.12/site-packages/sklearn/utils/_cython_blas.cpython-312-x86_64-linux-gnu.so
70026adfd000-70026adfe000 r--p 0004a000 fc:00 35400423                   /home/henriqueramos_qs/meta-learning-concept-drift/.venv/lib/python3.12/site-packages/sklearn/utils/_cython_blas.cpython-312-x86_64-linux-gnu.so
70026adfe000-70026ae00000 rw-p 0004b000 fc:00 35400423                   /home/henriqueramos_qs/meta-learning-concept-drift/.venv/lib/python3.12/site-packages/sklearn/utils/_cython_blas.cpython-312-x86_64-linux-gnu.so
70026ae00000-70026ae5e000 r--p 00000000 fc:00 35401651                   /home/henriqueramos_qs/meta-learning-concept-drift/.venv/lib/python3.12/site-packages/pyarrow/lib.cpython-312-x86_64-linux-gnu.so
70026ae5e000-70026b0ce000 r-xp 0005e000 fc:00 35401651                   /home/henriqueramos_qs/meta-learning-concept-drift/.venv/lib/python3.12/site-packages/pyarrow/lib.cpython-312-x86_64-linux-gnu.so
70026b0ce000-70026b1c2000 r--p 002ce000 fc:00 35401651                   /home/henriqueramos_qs/meta-learning-concept-drift/.venv/lib/python3.12/site-packages/pyarrow/lib.cpython-312-x86_64-linux-gnu.so
70026b1c2000-70026b1c3000 ---p 003c2000 fc:00 35401651                   /home/henriqueramos_qs/meta-learning-concept-drift/.venv/lib/python3.12/site-packages/pyarrow/lib.cpython-312-x86_64-linux-gnu.so
70026b1c3000-70026b1d1000 r--p 003c2000 fc:00 35401651                   /home/henriqueramos_qs/meta-learning-concept-drift/.venv/lib/python3.12/site-packages/pyarrow/lib.cpython-312-x86_64-linux-gnu.so
70026b1d1000-70026b1f9000 rw-p 003d0000 fc:00 35401651                   /home/henriqueramos_qs/meta-learning-concept-drift/.venv/lib/python3.12/site-packages/pyarrow/lib.cpython-312-x86_64-linux-gnu.so
70026b1f9000-70026b204000 rw-p 00000000 00:00 0 
70026b205000-70026b20a000 r--p 00000000 fc:00 35400467                   /home/henriqueramos_qs/meta-learning-concept-drift/.venv/lib/python3.12/site-packages/sklearn/utils/_vector_sentinel.cpython-312-x86_64-linux-gnu.so
70026b20a000-70026b21d000 r-xp 00005000 fc:00 35400467                   /home/henriqueramos_qs/meta-learning-concept-drift/.venv/lib/python3.12/site-packages/sklearn/utils/_vector_sentinel.cpython-312-x86_64-linux-gnu.so
70026b21d000-70026b223000 r--p 00018000 fc:00 35400467                   /home/henriqueramos_qs/meta-learning-concept-drift/.venv/lib/python3.12/site-packages/sklearn/utils/_vector_sentinel.cpython-312-x86_64-linux-gnu.so
70026b223000-70026b224000 r--p 0001d000 fc:00 35400467                   /home/henriqueramos_qs/meta-learning-concept-drift/.venv/lib/python3.12/site-packages/sklearn/utils/_vector_sentinel.cpython-312-x86_64-linux-gnu.so
70026b224000-70026b226000 rw-p 0001e000 fc:00 35400467                   /home/henriqueramos_qs/meta-learning-concept-drift/.venv/lib/python3.12/site-packages/sklearn/utils/_vector_sentinel.cpython-312-x86_64-linux-gnu.so
70026b226000-70026b22c000 r--p 00000000 fc:00 35400162                   /home/henriqueramos_qs/meta-learning-concept-drift/.venv/lib/python3.12/site-packages/sklearn/metrics/_pairwise_distances_reduction/_datasets_pair.cpython-312-x86_64-linux-gnu.so
70026b22c000-70026b25f000 r-xp 00006000 fc:00 35400162                   /home/henriqueramos_qs/meta-learning-concept-drift/.venv/lib/python3.12/site-packages/sklearn/metrics/_pairwise_distances_reduction/_datasets_pair.cpython-312-x86_64-linux-gnu.so
70026b25f000-70026b26c000 r--p 00039000 fc:00 35400162                   /home/henriqueramos_qs/meta-learning-concept-drift/.venv/lib/python3.12/site-packages/sklearn/metrics/_pairwise_distances_reduction/_datasets_pair.cpython-312-x86_64-linux-gnu.so
70026b26c000-70026b26d000 r--p 00045000 fc:00 35400162                   /home/henriqueramos_qs/meta-learning-concept-drift/.venv/lib/python3.12/site-packages/sklearn/metrics/_pairwise_distances_reduction/_datasets_pair.cpython-312-x86_64-linux-gnu.so
70026b26d000-70026b270000 rw-p 00046000 fc:00 35400162                   /home/henriqueramos_qs/meta-learning-concept-drift/.venv/lib/python3.12/site-packages/sklearn/metrics/_pairwise_distances_reduction/_datasets_pair.cpython-312-x86_64-linux-gnu.so
70026b270000-70026b275000 r--p 00000000 fc:00 35400153                   /home/henriqueramos_qs/meta-learning-concept-drift/.venv/lib/python3.12/site-packages/sklearn/metrics/_pairwise_distances_reduction/_argkmin.cpython-312-x86_64-linux-gnu.so
70026b275000-70026b297000 r-xp 00005000 fc:00 35400153                   /home/henriqueramos_qs/meta-learning-concept-drift/.venv/lib/python3.12/site-packages/sklearn/metrics/_pairwise_distances_reduction/_argkmin.cpython-312-x86_64-linux-gnu.so
70026b297000-70026b29f000 r--p 00027000 fc:00 35400153                   /home/henriqueramos_qs/meta-learning-concept-drift/.venv/lib/python3.12/site-packages/sklearn/metrics/_pairwise_distances_reduction/_argkmin.cpython-312-x86_64-linux-gnu.so
70026b29f000-70026b2a0000 r--p 0002e000 fc:00 35400153                   /home/henriqueramos_qs/meta-learning-concept-drift/.venv/lib/python3.12/site-packages/sklearn/metrics/_pairwise_distances_reduction/_argkmin.cpython-312-x86_64-linux-gnu.so
70026b2a0000-70026b2a2000 rw-p 0002f000 fc:00 35400153                   /home/henriqueramos_qs/meta-learning-concept-drift/.venv/lib/python3.12/site-packages/sklearn/metrics/_pairwise_distances_reduction/_argkmin.cpython-312-x86_64-linux-gnu.so
70026b2a2000-70026b2a5000 rw-p 0003c000 fc:00 35400153                   /home/henriqueramos_qs/meta-learning-concept-drift/.venv/lib/python3.12/site-packages/sklearn/metrics/_pairwise_distances_reduction/_argkmin.cpython-312-x86_64-linux-gnu.so
70026b2a5000-70026b2ad000 r--p 00000000 fc:00 34868958                   /home/henriqueramos_qs/meta-learning-concept-drift/.venv/lib/python3.12/site-packages/scipy/stats/_unuran/unuran_wrapper.cpython-312-x86_64-linux-gnu.so
70026b2ad000-70026b3bc000 r-xp 00008000 fc:00 34868958                   /home/henriqueramos_qs/meta-learning-concept-drift/.venv/lib/python3.12/site-packages/scipy/stats/_unuran/unuran_wrapper.cpython-312-x86_64-linux-gnu.so
70026b3bc000-70026b3f8000 r--p 00117000 fc:00 34868958                   /home/henriqueramos_qs/meta-learning-concept-drift/.venv/lib/python3.12/site-packages/scipy/stats/_unuran/unuran_wrapper.cpython-312-x86_64-linux-gnu.so
70026b3f8000-70026b3f9000 ---p 00153000 fc:00 34868958                   /home/henriqueramos_qs/meta-learning-concept-drift/.venv/lib/python3.12/site-packages/scipy/stats/_unuran/unuran_wrapper.cpython-312-x86_64-linux-gnu.so
70026b3f9000-70026b3fa000 r--p 00153000 fc:00 34868958                   /home/henriqueramos_qs/meta-learning-concept-drift/.venv/lib/python3.12/site-packages/scipy/stats/_unuran/unuran_wrapper.cpython-312-x86_64-linux-gnu.so
70026b3fa000-70026b3ff000 rw-p 00154000 fc:00 34868958                   /home/henriqueramos_qs/meta-learning-concept-drift/.venv/lib/python3.12/site-packages/scipy/stats/_unuran/unuran_wrapper.cpython-312-x86_64-linux-gnu.so
70026b3ff000-70026b400000 rw-p 00000000 00:00 0 
70026b400000-700279400000 rw-p 00000000 00:00 0 
700279402000-700279406000 r--p 00000000 fc:00 35400156                   /home/henriqueramos_qs/meta-learning-concept-drift/.venv/lib/python3.12/site-packages/sklearn/metrics/_pairwise_distances_reduction/_argkmin_classmode.cpython-312-x86_64-linux-gnu.so
700279406000-70027941a000 r-xp 00004000 fc:00 35400156                   /home/henriqueramos_qs/meta-learning-concept-drift/.venv/lib/python3.12/site-packages/sklearn/metrics/_pairwise_distances_reduction/_argkmin_classmode.cpython-312-x86_64-linux-gnu.so
70027941a000-700279420000 r--p 00018000 fc:00 35400156                   /home/henriqueramos_qs/meta-learning-concept-drift/.venv/lib/python3.12/site-packages/sklearn/metrics/_pairwise_distances_reduction/_argkmin_classmode.cpython-312-x86_64-linux-gnu.so
700279420000-700279421000 r--p 0001d000 fc:00 35400156                   /home/henriqueramos_qs/meta-learning-concept-drift/.venv/lib/python3.12/site-packages/sklearn/metrics/_pairwise_distances_reduction/_argkmin_classmode.cpython-312-x86_64-linux-gnu.so
700279421000-700279422000 rw-p 0001e000 fc:00 35400156                   /home/henriqueramos_qs/meta-learning-concept-drift/.venv/lib/python3.12/site-packages/sklearn/metrics/_pairwise_distances_reduction/_argkmin_classmode.cpython-312-x86_64-linux-gnu.so
700279422000-700279423000 rw-p 00000000 00:00 0 
700279423000-700279426000 rw-p 00027000 fc:00 35400156                   /home/henriqueramos_qs/meta-learning-concept-drift/.venv/lib/python3.12/site-packages/sklearn/metrics/_pairwise_distances_reduction/_argkmin_classmode.cpython-312-x86_64-linux-gnu.so
700279426000-70027942f000 r--p 00000000 fc:00 35400140                   /home/henriqueramos_qs/meta-learning-concept-drift/.venv/lib/python3.12/site-packages/sklearn/metrics/_dist_metrics.cpython-312-x86_64-linux-gnu.so
70027942f000-700279488000 r-xp 00009000 fc:00 35400140                   /home/henriqueramos_qs/meta-learning-concept-drift/.venv/lib/python3.12/site-packages/sklearn/metrics/_dist_metrics.cpython-312-x86_64-linux-gnu.so
700279488000-70027949d000 r--p 00062000 fc:00 35400140                   /home/henriqueramos_qs/meta-learning-concept-drift/.venv/lib/python3.12/site-packages/sklearn/metrics/_dist_metrics.cpython-312-x86_64-linux-gnu.so
70027949d000-70027949e000 ---p 00077000 fc:00 35400140                   /home/henriqueramos_qs/meta-learning-concept-drift/.venv/lib/python3.12/site-packages/sklearn/metrics/_dist_metrics.cpython-312-x86_64-linux-gnu.so
70027949e000-7002794a0000 r--p 00077000 fc:00 35400140                   /home/henriqueramos_qs/meta-learning-concept-drift/.venv/lib/python3.12/site-packages/sklearn/metrics/_dist_metrics.cpython-312-x86_64-linux-gnu.so
7002794a0000-7002794a6000 rw-p 00079000 fc:00 35400140                   /home/henriqueramos_qs/meta-learning-concept-drift/.venv/lib/python3.12/site-packages/sklearn/metrics/_dist_metrics.cpython-312-x86_64-linux-gnu.so
7002794a6000-7002794a8000 rw-p 00000000 00:00 0 
7002794a8000-7002794ad000 r--p 00000000 fc:00 35400300                   /home/henriqueramos_qs/meta-learning-concept-drift/.venv/lib/python3.12/site-packages/sklearn/preprocessing/_target_encoder_fast.cpython-312-x86_64-linux-gnu.so
7002794ad000-7002794f4000 r-xp 00005000 fc:00 35400300                   /home/henriqueramos_qs/meta-learning-concept-drift/.venv/lib/python3.12/site-packages/sklearn/preprocessing/_target_encoder_fast.cpython-312-x86_64-linux-gnu.so
7002794f4000-7002794fb000 r--p 0004c000 fc:00 35400300                   /home/henriqueramos_qs/meta-learning-concept-drift/.venv/lib/python3.12/site-packages/sklearn/preprocessing/_target_encoder_fast.cpython-312-x86_64-linux-gnu.so
7002794fb000-7002794fc000 ---p 00053000 fc:00 35400300                   /home/henriqueramos_qs/meta-learning-concept-drift/.venv/lib/python3.12/site-packages/sklearn/preprocessing/_target_encoder_fast.cpython-312-x86_64-linux-gnu.so
7002794fc000-7002794fd000 r--p 00053000 fc:00 35400300                   /home/henriqueramos_qs/meta-learning-concept-drift/.venv/lib/python3.12/site-packages/sklearn/preprocessing/_target_encoder_fast.cpython-312-x86_64-linux-gnu.so
7002794fd000-7002794ff000 rw-p 00054000 fc:00 35400300                   /home/henriqueramos_qs/meta-learning-concept-drift/.venv/lib/python3.12/site-packages/sklearn/preprocessing/_target_encoder_fast.cpython-312-x86_64-linux-gnu.so
7002794ff000-7002795ff000 rw-p 00000000 00:00 0 
7002795ff000-700279600000 ---p 00000000 00:00 0 
700279600000-700279e00000 rw-p 00000000 00:00 0 
700279e00000-700287e00000 rw-p 00000000 00:00 0 
700287e0e000-700287e13000 r--p 00000000 fc:00 35400291                   /home/henriqueramos_qs/meta-learning-concept-drift/.venv/lib/python3.12/site-packages/sklearn/preprocessing/_csr_polynomial_expansion.cpython-312-x86_64-linux-gnu.so
700287e13000-700287e56000 r-xp 00005000 fc:00 35400291                   /home/henriqueramos_qs/meta-learning-concept-drift/.venv/lib/python3.12/site-packages/sklearn/preprocessing/_csr_polynomial_expansion.cpython-312-x86_64-linux-gnu.so
700287e56000-700287e5d000 r--p 00048000 fc:00 35400291                   /home/henriqueramos_qs/meta-learning-concept-drift/.venv/lib/python3.12/site-packages/sklearn/preprocessing/_csr_polynomial_expansion.cpython-312-x86_64-linux-gnu.so
700287e5d000-700287e5e000 ---p 0004f000 fc:00 35400291                   /home/henriqueramos_qs/meta-learning-concept-drift/.venv/lib/python3.12/site-packages/sklearn/preprocessing/_csr_polynomial_expansion.cpython-312-x86_64-linux-gnu.so
700287e5e000-700287e5f000 r--p 0004f000 fc:00 35400291                   /home/henriqueramos_qs/meta-learning-concept-drift/.venv/lib/python3.12/site-packages/sklearn/preprocessing/_csr_polynomial_expansion.cpython-312-x86_64-linux-gnu.so
700287e5f000-700287e61000 rw-p 00050000 fc:00 35400291                   /home/henriqueramos_qs/meta-learning-concept-drift/.venv/lib/python3.12/site-packages/sklearn/preprocessing/_csr_polynomial_expansion.cpython-312-x86_64-linux-gnu.so
700287e61000-700287e69000 r--p 00000000 fc:00 35400243                   /home/henriqueramos_qs/meta-learning-concept-drift/.venv/lib/python3.12/site-packages/sklearn/neighbors/_ball_tree.cpython-312-x86_64-linux-gnu.so
700287e69000-700287ed4000 r-xp 00008000 fc:00 35400243                   /home/henriqueramos_qs/meta-learning-concept-drift/.venv/lib/python3.12/site-packages/sklearn/neighbors/_ball_tree.cpython-312-x86_64-linux-gnu.so
700287ed4000-700287ee9000 r--p 00073000 fc:00 35400243                   /home/henriqueramos_qs/meta-learning-concept-drift/.venv/lib/python3.12/site-packages/sklearn/neighbors/_ball_tree.cpython-312-x86_64-linux-gnu.so
700287ee9000-700287eea000 ---p 00088000 fc:00 35400243                   /home/henriqueramos_qs/meta-learning-concept-drift/.venv/lib/python3.12/site-packages/sklearn/neighbors/_ball_tree.cpython-312-x86_64-linux-gnu.so
700287eea000-700287eec000 r--p 00088000 fc:00 35400243                   /home/henriqueramos_qs/meta-learning-concept-drift/.venv/lib/python3.12/site-packages/sklearn/neighbors/_ball_tree.cpython-312-x86_64-linux-gnu.so
700287eec000-700287eef000 rw-p 0008a000 fc:00 35400243                   /home/henriqueramos_qs/meta-learning-concept-drift/.venv/lib/python3.12/site-packages/sklearn/neighbors/_ball_tree.cpython-312-x86_64-linux-gnu.so
700287eef000-700287ef0000 rw-p 00000000 00:00 0 
700287ef0000-700287ef2000 r--p 00000000 fc:00 34868911                   /home/henriqueramos_qs/meta-learning-concept-drift/.venv/lib/python3.12/site-packages/scipy/stats/_mvn.cpython-312-x86_64-linux-gnu.so
700287ef2000-700287efb000 r-xp 00002000 fc:00 34868911                   /home/henriqueramos_qs/meta-learning-concept-drift/.venv/lib/python3.12/site-packages/scipy/stats/_mvn.cpython-312-x86_64-linux-gnu.so
700287efb000-700287f01000 r--p 0000b000 fc:00 34868911                   /home/henriqueramos_qs/meta-learning-concept-drift/.venv/lib/python3.12/site-packages/scipy/stats/_mvn.cpython-312-x86_64-linux-gnu.so
700287f01000-700287f02000 r--p 00010000 fc:00 34868911                   /home/henriqueramos_qs/meta-learning-concept-drift/.venv/lib/python3.12/site-packages/scipy/stats/_mvn.cpython-312-x86_64-linux-gnu.so
700287f02000-700287f04000 rw-p 00011000 fc:00 34868911                   /home/henriqueramos_qs/meta-learning-concept-drift/.venv/lib/python3.12/site-packages/scipy/stats/_mvn.cpython-312-x86_64-linux-gnu.so
700287f04000-700287ffb000 rw-p 00000000 00:00 0 
700287ffb000-700287ffc000 ---p 00000000 00:00 0 
700287ffc000-7002887fc000 rw-p 00000000 00:00 0 
7002887fc000-7002887fd000 ---p 00000000 00:00 0 
7002887fd000-700288ffd000 rw-p 00000000 00:00 0 
700288ffd000-700288ffe000 ---p 00000000 00:00 0 
700288ffe000-7002897fe000 rw-p 00000000 00:00 0 
7002897fe000-7002897ff000 ---p 00000000 00:00 0 
7002897ff000-700289fff000 rw-p 00000000 00:00 0 
700289fff000-70028a000000 ---p 00000000 00:00 0 
70028a000000-70028a800000 rw-p 00000000 00:00 0 
70028a800000-70028c800000 rw-p 00000000 00:00 0 
70028c802000-70028c807000 r--p 00000000 fc:00 35400158                   /home/henriqueramos_qs/meta-learning-concept-drift/.venv/lib/python3.12/site-packages/sklearn/metrics/_pairwise_distances_reduction/_base.cpython-312-x86_64-linux-gnu.so
70028c807000-70028c822000 r-xp 00005000 fc:00 35400158                   /home/henriqueramos_qs/meta-learning-concept-drift/.venv/lib/python3.12/site-packages/sklearn/metrics/_pairwise_distances_reduction/_base.cpython-312-x86_64-linux-gnu.so
70028c822000-70028c829000 r--p 00020000 fc:00 35400158                   /home/henriqueramos_qs/meta-learning-concept-drift/.venv/lib/python3.12/site-packages/sklearn/metrics/_pairwise_distances_reduction/_base.cpython-312-x86_64-linux-gnu.so
70028c829000-70028c82a000 ---p 00027000 fc:00 35400158                   /home/henriqueramos_qs/meta-learning-concept-drift/.venv/lib/python3.12/site-packages/sklearn/metrics/_pairwise_distances_reduction/_base.cpython-312-x86_64-linux-gnu.so
70028c82a000-70028c82b000 r--p 00027000 fc:00 35400158                   /home/henriqueramos_qs/meta-learning-concept-drift/.venv/lib/python3.12/site-packages/sklearn/metrics/_pairwise_distances_reduction/_base.cpython-312-x86_64-linux-gnu.so
70028c82b000-70028c82d000 rw-p 00028000 fc:00 35400158                   /home/henriqueramos_qs/meta-learning-concept-drift/.venv/lib/python3.12/site-packages/sklearn/metrics/_pairwise_distances_reduction/_base.cpython-312-x86_64-linux-gnu.so
70028c82d000-70028c830000 rw-p 00034000 fc:00 35400158                   /home/henriqueramos_qs/meta-learning-concept-drift/.venv/lib/python3.12/site-packages/sklearn/metrics/_pairwise_distances_reduction/_base.cpython-312-x86_64-linux-gnu.so
70028c830000-70028c834000 r--p 00000000 fc:00 35400193                   /home/henriqueramos_qs/meta-learning-concept-drift/.venv/lib/python3.12/site-packages/sklearn/metrics/cluster/_expected_mutual_info_fast.cpython-312-x86_64-linux-gnu.so
70028c834000-70028c842000 r-xp 00004000 fc:00 35400193                   /home/henriqueramos_qs/meta-learning-concept-drift/.venv/lib/python3.12/site-packages/sklearn/metrics/cluster/_expected_mutual_info_fast.cpython-312-x86_64-linux-gnu.so
70028c842000-70028c846000 r--p 00012000 fc:00 35400193                   /home/henriqueramos_qs/meta-learning-concept-drift/.venv/lib/python3.12/site-packages/sklearn/metrics/cluster/_expected_mutual_info_fast.cpython-312-x86_64-linux-gnu.so
70028c846000-70028c847000 r--p 00015000 fc:00 35400193                   /home/henriqueramos_qs/meta-learning-concept-drift/.venv/lib/python3.12/site-packages/sklearn/metrics/cluster/_expected_mutual_info_fast.cpython-312-x86_64-linux-gnu.so
70028c847000-70028c848000 rw-p 00016000 fc:00 35400193                   /home/henriqueramos_qs/meta-learning-concept-drift/.venv/lib/python3.12/site-packages/sklearn/metrics/cluster/_expected_mutual_info_fast.cpython-312-x86_64-linux-gnu.so
70028c848000-70028c850000 r--p 00000000 fc:00 35400403                   /home/henriqueramos_qs/meta-learning-concept-drift/.venv/lib/python3.12/site-packages/sklearn/tree/_tree.cpython-312-x86_64-linux-gnu.so
70028c850000-70028c897000 r-xp 00008000 fc:00 35400403                   /home/henriqueramos_qs/meta-learning-concept-drift/.venv/lib/python3.12/site-packages/sklearn/tree/_tree.cpython-312-x86_64-linux-gnu.so
70028c897000-70028c8a5000 r--p 0004f000 fc:00 35400403                   /home/henriqueramos_qs/meta-learning-concept-drift/.venv/lib/python3.12/site-packages/sklearn/tree/_tree.cpython-312-x86_64-linux-gnu.so
70028c8a5000-70028c8a6000 ---p 0005d000 fc:00 35400403                   /home/henriqueramos_qs/meta-learning-concept-drift/.venv/lib/python3.12/site-packages/sklearn/tree/_tree.cpython-312-x86_64-linux-gnu.so
70028c8a6000-70028c8a8000 r--p 0005d000 fc:00 35400403                   /home/henriqueramos_qs/meta-learning-concept-drift/.venv/lib/python3.12/site-packages/sklearn/tree/_tree.cpython-312-x86_64-linux-gnu.so
70028c8a8000-70028c8ab000 rw-p 0005f000 fc:00 35400403                   /home/henriqueramos_qs/meta-learning-concept-drift/.venv/lib/python3.12/site-packages/sklearn/tree/_tree.cpython-312-x86_64-linux-gnu.so
70028c8ab000-70028c8ac000 rw-p 00000000 00:00 0 
70028c8ac000-70028c8b0000 r--p 00000000 fc:00 35400400                   /home/henriqueramos_qs/meta-learning-concept-drift/.venv/lib/python3.12/site-packages/sklearn/tree/_splitter.cpython-312-x86_64-linux-gnu.so
70028c8b0000-70028c8c4000 r-xp 00004000 fc:00 35400400                   /home/henriqueramos_qs/meta-learning-concept-drift/.venv/lib/python3.12/site-packages/sklearn/tree/_splitter.cpython-312-x86_64-linux-gnu.so
70028c8c4000-70028c8cb000 r--p 00018000 fc:00 35400400                   /home/henriqueramos_qs/meta-learning-concept-drift/.venv/lib/python3.12/site-packages/sklearn/tree/_splitter.cpython-312-x86_64-linux-gnu.so
70028c8cb000-70028c8cc000 r--p 0001e000 fc:00 35400400                   /home/henriqueramos_qs/meta-learning-concept-drift/.venv/lib/python3.12/site-packages/sklearn/tree/_splitter.cpython-312-x86_64-linux-gnu.so
70028c8cc000-70028c8ce000 rw-p 0001f000 fc:00 35400400                   /home/henriqueramos_qs/meta-learning-concept-drift/.venv/lib/python3.12/site-packages/sklearn/tree/_splitter.cpython-312-x86_64-linux-gnu.so
70028c8ce000-70028c8d3000 r--p 00000000 fc:00 35400392                   /home/henriqueramos_qs/meta-learning-concept-drift/.venv/lib/python3.12/site-packages/sklearn/tree/_criterion.cpython-312-x86_64-linux-gnu.so
70028c8d3000-70028c8f0000 r-xp 00005000 fc:00 35400392                   /home/henriqueramos_qs/meta-learning-concept-drift/.venv/lib/python3.12/site-packages/sklearn/tree/_criterion.cpython-312-x86_64-linux-gnu.so
70028c8f0000-70028c8f8000 r--p 00022000 fc:00 35400392                   /home/henriqueramos_qs/meta-learning-concept-drift/.venv/lib/python3.12/site-packages/sklearn/tree/_criterion.cpython-312-x86_64-linux-gnu.so
70028c8f8000-70028c8f9000 r--p 00029000 fc:00 35400392                   /home/henriqueramos_qs/meta-learning-concept-drift/.venv/lib/python3.12/site-packages/sklearn/tree/_criterion.cpython-312-x86_64-linux-gnu.so
70028c8f9000-70028c8fb000 rw-p 0002a000 fc:00 35400392                   /home/henriqueramos_qs/meta-learning-concept-drift/.venv/lib/python3.12/site-packages/sklearn/tree/_criterion.cpython-312-x86_64-linux-gnu.so
70028c8fb000-70028c9fc000 rw-p 00000000 00:00 0 
70028c9fc000-70028c9fd000 ---p 00000000 00:00 0 
70028c9fd000-70028d1fd000 rw-p 00000000 00:00 0 
70028d1fd000-70028d1fe000 ---p 00000000 00:00 0 
70028d1fe000-70028d9fe000 rw-p 00000000 00:00 0 
70028d9fe000-70028d9ff000 ---p 00000000 00:00 0 
70028d9ff000-70028e1ff000 rw-p 00000000 00:00 0 
70028e1ff000-70028e200000 ---p 00000000 00:00 0 
70028e200000-70028ea00000 rw-p 00000000 00:00 0 
70028ea00000-700290a00000 rw-p 00000000 00:00 0 
700290a00000-700290a03000 r--p 00000000 08:05 8922095                    /usr/lib/jvm/java-21-openjdk-amd64/lib/libnet.so
700290a03000-700290a0b000 r-xp 00003000 08:05 8922095                    /usr/lib/jvm/java-21-openjdk-amd64/lib/libnet.so
700290a0b000-700290a0d000 r--p 0000b000 08:05 8922095                    /usr/lib/jvm/java-21-openjdk-amd64/lib/libnet.so
700290a0d000-700290a0e000 r--p 0000c000 08:05 8922095                    /usr/lib/jvm/java-21-openjdk-amd64/lib/libnet.so
700290a0e000-700290a0f000 rw-p 0000d000 08:05 8922095                    /usr/lib/jvm/java-21-openjdk-amd64/lib/libnet.so
700290a0f000-700290a13000 r--p 00000000 fc:00 35400486                   /home/henriqueramos_qs/meta-learning-concept-drift/.venv/lib/python3.12/site-packages/sklearn/utils/murmurhash.cpython-312-x86_64-linux-gnu.so
700290a13000-700290a26000 r-xp 00004000 fc:00 35400486                   /home/henriqueramos_qs/meta-learning-concept-drift/.venv/lib/python3.12/site-packages/sklearn/utils/murmurhash.cpython-312-x86_64-linux-gnu.so
700290a26000-700290a2c000 r--p 00017000 fc:00 35400486                   /home/henriqueramos_qs/meta-learning-concept-drift/.venv/lib/python3.12/site-packages/sklearn/utils/murmurhash.cpython-312-x86_64-linux-gnu.so
700290a2c000-700290a2d000 r--p 0001c000 fc:00 35400486                   /home/henriqueramos_qs/meta-learning-concept-drift/.venv/lib/python3.12/site-packages/sklearn/utils/murmurhash.cpython-312-x86_64-linux-gnu.so
700290a2d000-700290a2e000 rw-p 0001d000 fc:00 35400486                   /home/henriqueramos_qs/meta-learning-concept-drift/.venv/lib/python3.12/site-packages/sklearn/utils/murmurhash.cpython-312-x86_64-linux-gnu.so
700290a2e000-700290a33000 r--p 00000000 fc:00 35400493                   /home/henriqueramos_qs/meta-learning-concept-drift/.venv/lib/python3.12/site-packages/sklearn/utils/sparsefuncs_fast.cpython-312-x86_64-linux-gnu.so
700290a33000-700290ac3000 r-xp 00005000 fc:00 35400493                   /home/henriqueramos_qs/meta-learning-concept-drift/.venv/lib/python3.12/site-packages/sklearn/utils/sparsefuncs_fast.cpython-312-x86_64-linux-gnu.so
700290ac3000-700290ad0000 r--p 00095000 fc:00 35400493                   /home/henriqueramos_qs/meta-learning-concept-drift/.venv/lib/python3.12/site-packages/sklearn/utils/sparsefuncs_fast.cpython-312-x86_64-linux-gnu.so
700290ad0000-700290ad2000 r--p 000a1000 fc:00 35400493                   /home/henriqueramos_qs/meta-learning-concept-drift/.venv/lib/python3.12/site-packages/sklearn/utils/sparsefuncs_fast.cpython-312-x86_64-linux-gnu.so
700290ad2000-700290ad4000 rw-p 000a3000 fc:00 35400493                   /home/henriqueramos_qs/meta-learning-concept-drift/.venv/lib/python3.12/site-packages/sklearn/utils/sparsefuncs_fast.cpython-312-x86_64-linux-gnu.so
700290ad4000-700290ad9000 r--p 00000000 fc:00 35399498                   /home/henriqueramos_qs/meta-learning-concept-drift/.venv/lib/python3.12/site-packages/sklearn/_cyutility.cpython-312-x86_64-linux-gnu.so
700290ad9000-700290af5000 r-xp 00005000 fc:00 35399498                   /home/henriqueramos_qs/meta-learning-concept-drift/.venv/lib/python3.12/site-packages/sklearn/_cyutility.cpython-312-x86_64-linux-gnu.so
700290af5000-700290afb000 r--p 00021000 fc:00 35399498                   /home/henriqueramos_qs/meta-learning-concept-drift/.venv/lib/python3.12/site-packages/sklearn/_cyutility.cpython-312-x86_64-linux-gnu.so
700290afb000-700290afc000 ---p 00027000 fc:00 35399498                   /home/henriqueramos_qs/meta-learning-concept-drift/.venv/lib/python3.12/site-packages/sklearn/_cyutility.cpython-312-x86_64-linux-gnu.so
700290afc000-700290afd000 r--p 00027000 fc:00 35399498                   /home/henriqueramos_qs/meta-learning-concept-drift/.venv/lib/python3.12/site-packages/sklearn/_cyutility.cpython-312-x86_64-linux-gnu.so
700290afd000-700290aff000 rw-p 00028000 fc:00 35399498                   /home/henriqueramos_qs/meta-learning-concept-drift/.venv/lib/python3.12/site-packages/sklearn/_cyutility.cpython-312-x86_64-linux-gnu.so
700290aff000-700290b06000 r--p 00000000 fc:00 34868507                   /home/henriqueramos_qs/meta-learning-concept-drift/.venv/lib/python3.12/site-packages/scipy/fft/_pocketfft/pypocketfft.cpython-312-x86_64-linux-gnu.so
700290b06000-700290be0000 r-xp 00007000 fc:00 34868507                   /home/henriqueramos_qs/meta-learning-concept-drift/.venv/lib/python3.12/site-packages/scipy/fft/_pocketfft/pypocketfft.cpython-312-x86_64-linux-gnu.so
700290be0000-700290bfa000 r--p 000e1000 fc:00 34868507                   /home/henriqueramos_qs/meta-learning-concept-drift/.venv/lib/python3.12/site-packages/scipy/fft/_pocketfft/pypocketfft.cpython-312-x86_64-linux-gnu.so
700290bfa000-700290bfb000 ---p 000fb000 fc:00 34868507                   /home/henriqueramos_qs/meta-learning-concept-drift/.venv/lib/python3.12/site-packages/scipy/fft/_pocketfft/pypocketfft.cpython-312-x86_64-linux-gnu.so
700290bfb000-700290bfc000 r--p 000fb000 fc:00 34868507                   /home/henriqueramos_qs/meta-learning-concept-drift/.venv/lib/python3.12/site-packages/scipy/fft/_pocketfft/pypocketfft.cpython-312-x86_64-linux-gnu.so
700290bfc000-700290bfd000 rw-p 000fc000 fc:00 34868507                   /home/henriqueramos_qs/meta-learning-concept-drift/.venv/lib/python3.12/site-packages/scipy/fft/_pocketfft/pypocketfft.cpython-312-x86_64-linux-gnu.so
700290bfd000-700290bff000 rw-p 00000000 00:00 0 
700290bff000-700290c00000 ---p 00000000 00:00 0 
700290c00000-700291400000 rw-p 00000000 00:00 0 
700291400000-700293400000 rw-p 00000000 00:00 0 
700293404000-700293409000 r--p 00000000 fc:00 34869483                   /home/henriqueramos_qs/meta-learning-concept-drift/.venv/lib/python3.12/site-packages/scipy/ndimage/_ni_label.cpython-312-x86_64-linux-gnu.so
700293409000-700293459000 r-xp 00005000 fc:00 34869483                   /home/henriqueramos_qs/meta-learning-concept-drift/.venv/lib/python3.12/site-packages/scipy/ndimage/_ni_label.cpython-312-x86_64-linux-gnu.so
700293459000-700293463000 r--p 00055000 fc:00 34869483                   /home/henriqueramos_qs/meta-learning-concept-drift/.venv/lib/python3.12/site-packages/scipy/ndimage/_ni_label.cpython-312-x86_64-linux-gnu.so
700293463000-700293464000 r--p 0005e000 fc:00 34869483                   /home/henriqueramos_qs/meta-learning-concept-drift/.venv/lib/python3.12/site-packages/scipy/ndimage/_ni_label.cpython-312-x86_64-linux-gnu.so
700293464000-700293467000 rw-p 0005f000 fc:00 34869483                   /home/henriqueramos_qs/meta-learning-concept-drift/.venv/lib/python3.12/site-packages/scipy/ndimage/_ni_label.cpython-312-x86_64-linux-gnu.so
700293467000-70029346d000 r--p 00000000 fc:00 34868914                   /home/henriqueramos_qs/meta-learning-concept-drift/.venv/lib/python3.12/site-packages/scipy/stats/_qmc_cy.cpython-312-x86_64-linux-gnu.so
70029346d000-700293498000 r-xp 00006000 fc:00 34868914                   /home/henriqueramos_qs/meta-learning-concept-drift/.venv/lib/python3.12/site-packages/scipy/stats/_qmc_cy.cpython-312-x86_64-linux-gnu.so
700293498000-7002934a1000 r--p 00031000 fc:00 34868914                   /home/henriqueramos_qs/meta-learning-concept-drift/.venv/lib/python3.12/site-packages/scipy/stats/_qmc_cy.cpython-312-x86_64-linux-gnu.so
7002934a1000-7002934a2000 r--p 00039000 fc:00 34868914                   /home/henriqueramos_qs/meta-learning-concept-drift/.venv/lib/python3.12/site-packages/scipy/stats/_qmc_cy.cpython-312-x86_64-linux-gnu.so
7002934a2000-7002934a4000 rw-p 0003a000 fc:00 34868914                   /home/henriqueramos_qs/meta-learning-concept-drift/.venv/lib/python3.12/site-packages/scipy/stats/_qmc_cy.cpython-312-x86_64-linux-gnu.so
7002934a4000-7002934a5000 rw-p 00000000 00:00 0 
7002934a5000-7002934aa000 r--p 00000000 fc:00 34868917                   /home/henriqueramos_qs/meta-learning-concept-drift/.venv/lib/python3.12/site-packages/scipy/stats/_sobol.cpython-312-x86_64-linux-gnu.so
7002934aa000-7002934ee000 r-xp 00005000 fc:00 34868917                   /home/henriqueramos_qs/meta-learning-concept-drift/.venv/lib/python3.12/site-packages/scipy/stats/_sobol.cpython-312-x86_64-linux-gnu.so
7002934ee000-7002934f8000 r--p 00049000 fc:00 34868917                   /home/henriqueramos_qs/meta-learning-concept-drift/.venv/lib/python3.12/site-packages/scipy/stats/_sobol.cpython-312-x86_64-linux-gnu.so
7002934f8000-7002934f9000 r--p 00052000 fc:00 34868917                   /home/henriqueramos_qs/meta-learning-concept-drift/.venv/lib/python3.12/site-packages/scipy/stats/_sobol.cpython-312-x86_64-linux-gnu.so
7002934f9000-7002934fb000 rw-p 00053000 fc:00 34868917                   /home/henriqueramos_qs/meta-learning-concept-drift/.venv/lib/python3.12/site-packages/scipy/stats/_sobol.cpython-312-x86_64-linux-gnu.so
7002934fb000-7002935fc000 rw-p 00000000 00:00 0 
7002935fc000-7002935fd000 ---p 00000000 00:00 0 
7002935fd000-700293dfd000 rw-p 00000000 00:00 0 
700293dfd000-700293dfe000 ---p 00000000 00:00 0 
700293dfe000-7002945fe000 rw-p 00000000 00:00 0 
7002945fe000-7002945ff000 ---p 00000000 00:00 0 
7002945ff000-700294dff000 rw-p 00000000 00:00 0 
700294dff000-700294e00000 ---p 00000000 00:00 0 
700294e00000-700295600000 rw-p 00000000 00:00 0 
700295600000-700297600000 rw-p 00000000 00:00 0 
700297600000-700297604000 r--p 00000000 fc:00 35400435                   /home/henriqueramos_qs/meta-learning-concept-drift/.venv/lib/python3.12/site-packages/sklearn/utils/_isfinite.cpython-312-x86_64-linux-gnu.so
700297604000-700297612000 r-xp 00004000 fc:00 35400435                   /home/henriqueramos_qs/meta-learning-concept-drift/.venv/lib/python3.12/site-packages/sklearn/utils/_isfinite.cpython-312-x86_64-linux-gnu.so
700297612000-700297616000 r--p 00012000 fc:00 35400435                   /home/henriqueramos_qs/meta-learning-concept-drift/.venv/lib/python3.12/site-packages/sklearn/utils/_isfinite.cpython-312-x86_64-linux-gnu.so
700297616000-700297617000 ---p 00016000 fc:00 35400435                   /home/henriqueramos_qs/meta-learning-concept-drift/.venv/lib/python3.12/site-packages/sklearn/utils/_isfinite.cpython-312-x86_64-linux-gnu.so
700297617000-700297618000 r--p 00016000 fc:00 35400435                   /home/henriqueramos_qs/meta-learning-concept-drift/.venv/lib/python3.12/site-packages/sklearn/utils/_isfinite.cpython-312-x86_64-linux-gnu.so
700297618000-700297619000 rw-p 00017000 fc:00 35400435                   /home/henriqueramos_qs/meta-learning-concept-drift/.venv/lib/python3.12/site-packages/sklearn/utils/_isfinite.cpython-312-x86_64-linux-gnu.so
700297619000-70029761a000 rw-p 00000000 00:00 0 
70029761a000-70029761f000 r--p 00000000 fc:00 34868904                   /home/henriqueramos_qs/meta-learning-concept-drift/.venv/lib/python3.12/site-packages/scipy/stats/_ansari_swilk_statistics.cpython-312-x86_64-linux-gnu.so
70029761f000-70029764b000 r-xp 00005000 fc:00 34868904                   /home/henriqueramos_qs/meta-learning-concept-drift/.venv/lib/python3.12/site-packages/scipy/stats/_ansari_swilk_statistics.cpython-312-x86_64-linux-gnu.so
70029764b000-700297653000 r--p 00031000 fc:00 34868904                   /home/henriqueramos_qs/meta-learning-concept-drift/.venv/lib/python3.12/site-packages/scipy/stats/_ansari_swilk_statistics.cpython-312-x86_64-linux-gnu.so
700297653000-700297654000 r--p 00038000 fc:00 34868904                   /home/henriqueramos_qs/meta-learning-concept-drift/.venv/lib/python3.12/site-packages/scipy/stats/_ansari_swilk_statistics.cpython-312-x86_64-linux-gnu.so
700297654000-700297656000 rw-p 00039000 fc:00 34868904                   /home/henriqueramos_qs/meta-learning-concept-drift/.venv/lib/python3.12/site-packages/scipy/stats/_ansari_swilk_statistics.cpython-312-x86_64-linux-gnu.so
700297656000-700297757000 rw-p 00000000 00:00 0 
700297757000-70029775d000 r--p 00000000 fc:00 34868935                   /home/henriqueramos_qs/meta-learning-concept-drift/.venv/lib/python3.12/site-packages/scipy/stats/_stats.cpython-312-x86_64-linux-gnu.so
70029775d000-7002977eb000 r-xp 00006000 fc:00 34868935                   /home/henriqueramos_qs/meta-learning-concept-drift/.venv/lib/python3.12/site-packages/scipy/stats/_stats.cpython-312-x86_64-linux-gnu.so
7002977eb000-7002977f9000 r--p 00094000 fc:00 34868935                   /home/henriqueramos_qs/meta-learning-concept-drift/.venv/lib/python3.12/site-packages/scipy/stats/_stats.cpython-312-x86_64-linux-gnu.so
7002977f9000-7002977fa000 r--p 000a1000 fc:00 34868935                   /home/henriqueramos_qs/meta-learning-concept-drift/.venv/lib/python3.12/site-packages/scipy/stats/_stats.cpython-312-x86_64-linux-gnu.so
7002977fa000-7002977fd000 rw-p 000a2000 fc:00 34868935                   /home/henriqueramos_qs/meta-learning-concept-drift/.venv/lib/python3.12/site-packages/scipy/stats/_stats.cpython-312-x86_64-linux-gnu.so
7002977fd000-7002977fe000 rw-p 00000000 00:00 0 
7002977fe000-7002977ff000 ---p 00000000 00:00 0 
7002977ff000-700297fff000 rw-p 00000000 00:00 0 
700297fff000-700298000000 ---p 00000000 00:00 0 
700298000000-700298800000 rw-p 00000000 00:00 0 
700298800000-70029a800000 rw-p 00000000 00:00 0 
70029a801000-70029a804000 r--p 00000000 fc:00 35399851                   /home/henriqueramos_qs/meta-learning-concept-drift/.venv/lib/python3.12/site-packages/sklearn/ensemble/_hist_gradient_boosting/_bitset.cpython-312-x86_64-linux-gnu.so
70029a804000-70029a80c000 r-xp 00003000 fc:00 35399851                   /home/henriqueramos_qs/meta-learning-concept-drift/.venv/lib/python3.12/site-packages/sklearn/ensemble/_hist_gradient_boosting/_bitset.cpython-312-x86_64-linux-gnu.so
70029a80c000-70029a810000 r--p 0000b000 fc:00 35399851                   /home/henriqueramos_qs/meta-learning-concept-drift/.venv/lib/python3.12/site-packages/sklearn/ensemble/_hist_gradient_boosting/_bitset.cpython-312-x86_64-linux-gnu.so
70029a810000-70029a811000 ---p 0000f000 fc:00 35399851                   /home/henriqueramos_qs/meta-learning-concept-drift/.venv/lib/python3.12/site-packages/sklearn/ensemble/_hist_gradient_boosting/_bitset.cpython-312-x86_64-linux-gnu.so
70029a811000-70029a812000 r--p 0000f000 fc:00 35399851                   /home/henriqueramos_qs/meta-learning-concept-drift/.venv/lib/python3.12/site-packages/sklearn/ensemble/_hist_gradient_boosting/_bitset.cpython-312-x86_64-linux-gnu.so
70029a812000-70029a813000 rw-p 00010000 fc:00 35399851                   /home/henriqueramos_qs/meta-learning-concept-drift/.venv/lib/python3.12/site-packages/sklearn/ensemble/_hist_gradient_boosting/_bitset.cpython-312-x86_64-linux-gnu.so
70029a813000-70029a818000 r--p 00000000 fc:00 34868938                   /home/henriqueramos_qs/meta-learning-concept-drift/.venv/lib/python3.12/site-packages/scipy/stats/_biasedurn.cpython-312-x86_64-linux-gnu.so
70029a818000-70029a842000 r-xp 00005000 fc:00 34868938                   /home/henriqueramos_qs/meta-learning-concept-drift/.venv/lib/python3.12/site-packages/scipy/stats/_biasedurn.cpython-312-x86_64-linux-gnu.so
70029a842000-70029a84e000 r--p 0002f000 fc:00 34868938                   /home/henriqueramos_qs/meta-learning-concept-drift/.venv/lib/python3.12/site-packages/scipy/stats/_biasedurn.cpython-312-x86_64-linux-gnu.so
70029a84e000-70029a84f000 r--p 0003a000 fc:00 34868938                   /home/henriqueramos_qs/meta-learning-concept-drift/.venv/lib/python3.12/site-packages/scipy/stats/_biasedurn.cpython-312-x86_64-linux-gnu.so
70029a84f000-70029a852000 rw-p 0003b000 fc:00 34868938                   /home/henriqueramos_qs/meta-learning-concept-drift/.venv/lib/python3.12/site-packages/scipy/stats/_biasedurn.cpython-312-x86_64-linux-gnu.so
70029a852000-70029a855000 rw-p 00000000 00:00 0 
70029a855000-70029a85b000 r--p 00000000 fc:00 34868680                   /home/henriqueramos_qs/meta-learning-concept-drift/.venv/lib/python3.12/site-packages/scipy/interpolate/interpnd.cpython-312-x86_64-linux-gnu.so
70029a85b000-70029a8a8000 r-xp 00006000 fc:00 34868680                   /home/henriqueramos_qs/meta-learning-concept-drift/.venv/lib/python3.12/site-packages/scipy/interpolate/interpnd.cpython-312-x86_64-linux-gnu.so
70029a8a8000-70029a8b4000 r--p 00053000 fc:00 34868680                   /home/henriqueramos_qs/meta-learning-concept-drift/.venv/lib/python3.12/site-packages/scipy/interpolate/interpnd.cpython-312-x86_64-linux-gnu.so
70029a8b4000-70029a8b5000 r--p 0005e000 fc:00 34868680                   /home/henriqueramos_qs/meta-learning-concept-drift/.venv/lib/python3.12/site-packages/scipy/interpolate/interpnd.cpython-312-x86_64-linux-gnu.so
70029a8b5000-70029a8b8000 rw-p 0005f000 fc:00 34868680                   /home/henriqueramos_qs/meta-learning-concept-drift/.venv/lib/python3.12/site-packages/scipy/interpolate/interpnd.cpython-312-x86_64-linux-gnu.so
70029a8b8000-70029a8bd000 r--p 00000000 fc:00 34868685                   /home/henriqueramos_qs/meta-learning-concept-drift/.venv/lib/python3.12/site-packages/scipy/interpolate/_ppoly.cpython-312-x86_64-linux-gnu.so
70029a8bd000-70029a911000 r-xp 00005000 fc:00 34868685                   /home/henriqueramos_qs/meta-learning-concept-drift/.venv/lib/python3.12/site-packages/scipy/interpolate/_ppoly.cpython-312-x86_64-linux-gnu.so
70029a911000-70029a91c000 r--p 00059000 fc:00 34868685                   /home/henriqueramos_qs/meta-learning-concept-drift/.venv/lib/python3.12/site-packages/scipy/interpolate/_ppoly.cpython-312-x86_64-linux-gnu.so
70029a91c000-70029a91d000 r--p 00063000 fc:00 34868685                   /home/henriqueramos_qs/meta-learning-concept-drift/.venv/lib/python3.12/site-packages/scipy/interpolate/_ppoly.cpython-312-x86_64-linux-gnu.so
70029a91d000-70029a91f000 rw-p 00064000 fc:00 34868685                   /home/henriqueramos_qs/meta-learning-concept-drift/.venv/lib/python3.12/site-packages/scipy/interpolate/_ppoly.cpython-312-x86_64-linux-gnu.so
70029a91f000-70029a920000 rw-p 00000000 00:00 0 
70029a920000-70029a926000 r--p 00000000 fc:00 34868706                   /home/henriqueramos_qs/meta-learning-concept-drift/.venv/lib/python3.12/site-packages/scipy/interpolate/_bspl.cpython-312-x86_64-linux-gnu.so
70029a926000-70029a997000 r-xp 00006000 fc:00 34868706                   /home/henriqueramos_qs/meta-learning-concept-drift/.venv/lib/python3.12/site-packages/scipy/interpolate/_bspl.cpython-312-x86_64-linux-gnu.so
70029a997000-70029a9a7000 r--p 00077000 fc:00 34868706                   /home/henriqueramos_qs/meta-learning-concept-drift/.venv/lib/python3.12/site-packages/scipy/interpolate/_bspl.cpython-312-x86_64-linux-gnu.so
70029a9a7000-70029a9a8000 r--p 00086000 fc:00 34868706                   /home/henriqueramos_qs/meta-learning-concept-drift/.venv/lib/python3.12/site-packages/scipy/interpolate/_bspl.cpython-312-x86_64-linux-gnu.so
70029a9a8000-70029a9ab000 rw-p 00087000 fc:00 34868706                   /home/henriqueramos_qs/meta-learning-concept-drift/.venv/lib/python3.12/site-packages/scipy/interpolate/_bspl.cpython-312-x86_64-linux-gnu.so
70029a9ab000-70029a9ac000 rw-p 00000000 00:00 0 
70029a9ac000-70029a9b0000 r--p 00000000 fc:00 34868696                   /home/henriqueramos_qs/meta-learning-concept-drift/.venv/lib/python3.12/site-packages/scipy/interpolate/_dfitpack.cpython-312-x86_64-linux-gnu.so
70029a9b0000-70029a9e6000 r-xp 00004000 fc:00 34868696                   /home/henriqueramos_qs/meta-learning-concept-drift/.venv/lib/python3.12/site-packages/scipy/interpolate/_dfitpack.cpython-312-x86_64-linux-gnu.so
70029a9e6000-70029a9f2000 r--p 0003a000 fc:00 34868696                   /home/henriqueramos_qs/meta-learning-concept-drift/.venv/lib/python3.12/site-packages/scipy/interpolate/_dfitpack.cpython-312-x86_64-linux-gnu.so
70029a9f2000-70029a9f3000 ---p 00046000 fc:00 34868696                   /home/henriqueramos_qs/meta-learning-concept-drift/.venv/lib/python3.12/site-packages/scipy/interpolate/_dfitpack.cpython-312-x86_64-linux-gnu.so
70029a9f3000-70029a9f4000 r--p 00046000 fc:00 34868696                   /home/henriqueramos_qs/meta-learning-concept-drift/.venv/lib/python3.12/site-packages/scipy/interpolate/_dfitpack.cpython-312-x86_64-linux-gnu.so
70029a9f4000-70029a9fc000 rw-p 00047000 fc:00 34868696                   /home/henriqueramos_qs/meta-learning-concept-drift/.venv/lib/python3.12/site-packages/scipy/interpolate/_dfitpack.cpython-312-x86_64-linux-gnu.so
70029a9fc000-70029a9ff000 rw-p 00052000 fc:00 34868696                   /home/henriqueramos_qs/meta-learning-concept-drift/.venv/lib/python3.12/site-packages/scipy/interpolate/_dfitpack.cpython-312-x86_64-linux-gnu.so
70029a9ff000-70029aa00000 ---p 00000000 00:00 0 
70029aa00000-70029b200000 rw-p 00000000 00:00 0 
70029b200000-70029d200000 rw-p 00000000 00:00 0 
70029d207000-70029d209000 r--p 00000000 fc:00 34869499                   /home/henriqueramos_qs/meta-learning-concept-drift/.venv/lib/python3.12/site-packages/scipy/ndimage/_nd_image.cpython-312-x86_64-linux-gnu.so
70029d209000-70029d224000 r-xp 00002000 fc:00 34869499                   /home/henriqueramos_qs/meta-learning-concept-drift/.venv/lib/python3.12/site-packages/scipy/ndimage/_nd_image.cpython-312-x86_64-linux-gnu.so
70029d224000-70029d228000 r--p 0001d000 fc:00 34869499                   /home/henriqueramos_qs/meta-learning-concept-drift/.venv/lib/python3.12/site-packages/scipy/ndimage/_nd_image.cpython-312-x86_64-linux-gnu.so
70029d228000-70029d229000 r--p 00020000 fc:00 34869499                   /home/henriqueramos_qs/meta-learning-concept-drift/.venv/lib/python3.12/site-packages/scipy/ndimage/_nd_image.cpython-312-x86_64-linux-gnu.so
70029d229000-70029d22a000 rw-p 00021000 fc:00 34869499                   /home/henriqueramos_qs/meta-learning-concept-drift/.venv/lib/python3.12/site-packages/scipy/ndimage/_nd_image.cpython-312-x86_64-linux-gnu.so
70029d22a000-70029d32a000 rw-p 00000000 00:00 0 
70029d32a000-70029d346000 r--p 00000000 fc:00 34868847                   /home/henriqueramos_qs/meta-learning-concept-drift/.venv/lib/python3.12/site-packages/scipy/integrate/_lsoda.cpython-312-x86_64-linux-gnu.so
70029d346000-70029d361000 r-xp 0001c000 fc:00 34868847                   /home/henriqueramos_qs/meta-learning-concept-drift/.venv/lib/python3.12/site-packages/scipy/integrate/_lsoda.cpython-312-x86_64-linux-gnu.so
70029d361000-70029d370000 r--p 00037000 fc:00 34868847                   /home/henriqueramos_qs/meta-learning-concept-drift/.venv/lib/python3.12/site-packages/scipy/integrate/_lsoda.cpython-312-x86_64-linux-gnu.so
70029d370000-70029d371000 ---p 00046000 fc:00 34868847                   /home/henriqueramos_qs/meta-learning-concept-drift/.venv/lib/python3.12/site-packages/scipy/integrate/_lsoda.cpython-312-x86_64-linux-gnu.so
70029d371000-70029d372000 r--p 00046000 fc:00 34868847                   /home/henriqueramos_qs/meta-learning-concept-drift/.venv/lib/python3.12/site-packages/scipy/integrate/_lsoda.cpython-312-x86_64-linux-gnu.so
70029d372000-70029d377000 rw-p 00047000 fc:00 34868847                   /home/henriqueramos_qs/meta-learning-concept-drift/.venv/lib/python3.12/site-packages/scipy/integrate/_lsoda.cpython-312-x86_64-linux-gnu.so
70029d377000-70029d38f000 rw-p 00067000 fc:00 34868847                   /home/henriqueramos_qs/meta-learning-concept-drift/.venv/lib/python3.12/site-packages/scipy/integrate/_lsoda.cpython-312-x86_64-linux-gnu.so
70029d38f000-70029d3ab000 r--p 00000000 fc:00 34868845                   /home/henriqueramos_qs/meta-learning-concept-drift/.venv/lib/python3.12/site-packages/scipy/integrate/_vode.cpython-312-x86_64-linux-gnu.so
70029d3ab000-70029d3d0000 r-xp 0001c000 fc:00 34868845                   /home/henriqueramos_qs/meta-learning-concept-drift/.venv/lib/python3.12/site-packages/scipy/integrate/_vode.cpython-312-x86_64-linux-gnu.so
70029d3d0000-70029d3e1000 r--p 00041000 fc:00 34868845                   /home/henriqueramos_qs/meta-learning-concept-drift/.venv/lib/python3.12/site-packages/scipy/integrate/_vode.cpython-312-x86_64-linux-gnu.so
70029d3e1000-70029d3e2000 r--p 00051000 fc:00 34868845                   /home/henriqueramos_qs/meta-learning-concept-drift/.venv/lib/python3.12/site-packages/scipy/integrate/_vode.cpython-312-x86_64-linux-gnu.so
70029d3e2000-70029d3e7000 rw-p 00052000 fc:00 34868845                   /home/henriqueramos_qs/meta-learning-concept-drift/.venv/lib/python3.12/site-packages/scipy/integrate/_vode.cpython-312-x86_64-linux-gnu.so
70029d3e7000-70029d3ff000 rw-p 00073000 fc:00 34868845                   /home/henriqueramos_qs/meta-learning-concept-drift/.venv/lib/python3.12/site-packages/scipy/integrate/_vode.cpython-312-x86_64-linux-gnu.so
70029d3ff000-70029d400000 ---p 00000000 00:00 0 
70029d400000-70029dc00000 rw-p 00000000 00:00 0 
70029dc00000-7002a1c00000 rw-p 00000000 00:00 0 
7002a1c03000-7002a1c08000 r--p 00000000 fc:00 34869022                   /home/henriqueramos_qs/meta-learning-concept-drift/.venv/lib/python3.12/site-packages/scipy/stats/_rcont/rcont.cpython-312-x86_64-linux-gnu.so
7002a1c08000-7002a1c2e000 r-xp 00005000 fc:00 34869022                   /home/henriqueramos_qs/meta-learning-concept-drift/.venv/lib/python3.12/site-packages/scipy/stats/_rcont/rcont.cpython-312-x86_64-linux-gnu.so
7002a1c2e000-7002a1c37000 r--p 0002b000 fc:00 34869022                   /home/henriqueramos_qs/meta-learning-concept-drift/.venv/lib/python3.12/site-packages/scipy/stats/_rcont/rcont.cpython-312-x86_64-linux-gnu.so
7002a1c37000-7002a1c38000 ---p 00034000 fc:00 34869022                   /home/henriqueramos_qs/meta-learning-concept-drift/.venv/lib/python3.12/site-packages/scipy/stats/_rcont/rcont.cpython-312-x86_64-linux-gnu.so
7002a1c38000-7002a1c39000 r--p 00034000 fc:00 34869022                   /home/henriqueramos_qs/meta-learning-concept-drift/.venv/lib/python3.12/site-packages/scipy/stats/_rcont/rcont.cpython-312-x86_64-linux-gnu.so
7002a1c39000-7002a1c3b000 rw-p 00035000 fc:00 34869022                   /home/henriqueramos_qs/meta-learning-concept-drift/.venv/lib/python3.12/site-packages/scipy/stats/_rcont/rcont.cpython-312-x86_64-linux-gnu.so
7002a1c3b000-7002a1c3c000 rw-p 00000000 00:00 0 
7002a1c3c000-7002a1c57000 r--p 00000000 fc:00 34868851                   /home/henriqueramos_qs/meta-learning-concept-drift/.venv/lib/python3.12/site-packages/scipy/integrate/_quadpack.cpython-312-x86_64-linux-gnu.so
7002a1c57000-7002a1c77000 r-xp 0001b000 fc:00 34868851                   /home/henriqueramos_qs/meta-learning-concept-drift/.venv/lib/python3.12/site-packages/scipy/integrate/_quadpack.cpython-312-x86_64-linux-gnu.so
7002a1c77000-7002a1c85000 r--p 0003b000 fc:00 34868851                   /home/henriqueramos_qs/meta-learning-concept-drift/.venv/lib/python3.12/site-packages/scipy/integrate/_quadpack.cpython-312-x86_64-linux-gnu.so
7002a1c85000-7002a1c86000 r--p 00048000 fc:00 34868851                   /home/henriqueramos_qs/meta-learning-concept-drift/.venv/lib/python3.12/site-packages/scipy/integrate/_quadpack.cpython-312-x86_64-linux-gnu.so
7002a1c86000-7002a1c8a000 rw-p 00049000 fc:00 34868851                   /home/henriqueramos_qs/meta-learning-concept-drift/.venv/lib/python3.12/site-packages/scipy/integrate/_quadpack.cpython-312-x86_64-linux-gnu.so
7002a1c8a000-7002a1ca1000 rw-p 00068000 fc:00 34868851                   /home/henriqueramos_qs/meta-learning-concept-drift/.venv/lib/python3.12/site-packages/scipy/integrate/_quadpack.cpython-312-x86_64-linux-gnu.so
7002a1ca1000-7002a1cbc000 r--p 00000000 fc:00 34868855                   /home/henriqueramos_qs/meta-learning-concept-drift/.venv/lib/python3.12/site-packages/scipy/integrate/_odepack.cpython-312-x86_64-linux-gnu.so
7002a1cbc000-7002a1cd4000 r-xp 0001b000 fc:00 34868855                   /home/henriqueramos_qs/meta-learning-concept-drift/.venv/lib/python3.12/site-packages/scipy/integrate/_odepack.cpython-312-x86_64-linux-gnu.so
7002a1cd4000-7002a1ce2000 r--p 00033000 fc:00 34868855                   /home/henriqueramos_qs/meta-learning-concept-drift/.venv/lib/python3.12/site-packages/scipy/integrate/_odepack.cpython-312-x86_64-linux-gnu.so
7002a1ce2000-7002a1ce3000 r--p 00040000 fc:00 34868855                   /home/henriqueramos_qs/meta-learning-concept-drift/.venv/lib/python3.12/site-packages/scipy/integrate/_odepack.cpython-312-x86_64-linux-gnu.so
7002a1ce3000-7002a1ce7000 rw-p 00041000 fc:00 34868855                   /home/henriqueramos_qs/meta-learning-concept-drift/.venv/lib/python3.12/site-packages/scipy/integrate/_odepack.cpython-312-x86_64-linux-gnu.so
7002a1ce7000-7002a1ce8000 rw-p 00000000 00:00 0 
7002a1ce8000-7002a1cfe000 rw-p 0005f000 fc:00 34868855                   /home/henriqueramos_qs/meta-learning-concept-drift/.venv/lib/python3.12/site-packages/scipy/integrate/_odepack.cpython-312-x86_64-linux-gnu.so
7002a1cfe000-7002a1dfe000 rw-p 00000000 00:00 0 
7002a1dfe000-7002a1dff000 ---p 00000000 00:00 0 
7002a1dff000-7002a25ff000 rw-p 00000000 00:00 0 
7002a25ff000-7002a2600000 ---p 00000000 00:00 0 
7002a2600000-7002a2e00000 rw-p 00000000 00:00 0 
7002a2e00000-7002a4e00000 rw-p 00000000 00:00 0 
7002a4e09000-7002a4e0e000 r--p 00000000 fc:00 34868695                   /home/henriqueramos_qs/meta-learning-concept-drift/.venv/lib/python3.12/site-packages/scipy/interpolate/_rgi_cython.cpython-312-x86_64-linux-gnu.so
7002a4e0e000-7002a4e3e000 r-xp 00005000 fc:00 34868695                   /home/henriqueramos_qs/meta-learning-concept-drift/.venv/lib/python3.12/site-packages/scipy/interpolate/_rgi_cython.cpython-312-x86_64-linux-gnu.so
7002a4e3e000-7002a4e46000 r--p 00035000 fc:00 34868695                   /home/henriqueramos_qs/meta-learning-concept-drift/.venv/lib/python3.12/site-packages/scipy/interpolate/_rgi_cython.cpython-312-x86_64-linux-gnu.so
7002a4e46000-7002a4e47000 ---p 0003d000 fc:00 34868695                   /home/henriqueramos_qs/meta-learning-concept-drift/.venv/lib/python3.12/site-packages/scipy/interpolate/_rgi_cython.cpython-312-x86_64-linux-gnu.so
7002a4e47000-7002a4e48000 r--p 0003d000 fc:00 34868695                   /home/henriqueramos_qs/meta-learning-concept-drift/.venv/lib/python3.12/site-packages/scipy/interpolate/_rgi_cython.cpython-312-x86_64-linux-gnu.so
7002a4e48000-7002a4e4a000 rw-p 0003e000 fc:00 34868695                   /home/henriqueramos_qs/meta-learning-concept-drift/.venv/lib/python3.12/site-packages/scipy/interpolate/_rgi_cython.cpython-312-x86_64-linux-gnu.so
7002a4e4a000-7002a4e4b000 rw-p 00000000 00:00 0 
7002a4e4b000-7002a4e6a000 r--p 00000000 fc:00 34868741                   /home/henriqueramos_qs/meta-learning-concept-drift/.venv/lib/python3.12/site-packages/scipy/linalg/_interpolative.cpython-312-x86_64-linux-gnu.so
7002a4e6a000-7002a4eb4000 r-xp 0001f000 fc:00 34868741                   /home/henriqueramos_qs/meta-learning-concept-drift/.venv/lib/python3.12/site-packages/scipy/linalg/_interpolative.cpython-312-x86_64-linux-gnu.so
7002a4eb4000-7002a4ed3000 r--p 00069000 fc:00 34868741                   /home/henriqueramos_qs/meta-learning-concept-drift/.venv/lib/python3.12/site-packages/scipy/linalg/_interpolative.cpython-312-x86_64-linux-gnu.so
7002a4ed3000-7002a4ed4000 r--p 00087000 fc:00 34868741                   /home/henriqueramos_qs/meta-learning-concept-drift/.venv/lib/python3.12/site-packages/scipy/linalg/_interpolative.cpython-312-x86_64-linux-gnu.so
7002a4ed4000-7002a4ee7000 rw-p 00088000 fc:00 34868741                   /home/henriqueramos_qs/meta-learning-concept-drift/.venv/lib/python3.12/site-packages/scipy/linalg/_interpolative.cpython-312-x86_64-linux-gnu.so
7002a4ee7000-7002a4eff000 rw-p 000bb000 fc:00 34868741                   /home/henriqueramos_qs/meta-learning-concept-drift/.venv/lib/python3.12/site-packages/scipy/linalg/_interpolative.cpython-312-x86_64-linux-gnu.so
7002a4eff000-7002a4fff000 rw-p 00000000 00:00 0 
7002a4fff000-7002a5000000 ---p 00000000 00:00 0 
7002a5000000-7002a5800000 rw-p 00000000 00:00 0 
7002a5800000-7002a7800000 rw-p 00000000 00:00 0 
7002a7801000-7002a7804000 r--p 00000000 fc:00 35399547                   /home/henriqueramos_qs/meta-learning-concept-drift/.venv/lib/python3.12/site-packages/sklearn/cluster/_dbscan_inner.cpython-312-x86_64-linux-gnu.so
7002a7804000-7002a780b000 r-xp 00003000 fc:00 35399547                   /home/henriqueramos_qs/meta-learning-concept-drift/.venv/lib/python3.12/site-packages/sklearn/cluster/_dbscan_inner.cpython-312-x86_64-linux-gnu.so
7002a780b000-7002a780f000 r--p 0000a000 fc:00 35399547                   /home/henriqueramos_qs/meta-learning-concept-drift/.venv/lib/python3.12/site-packages/sklearn/cluster/_dbscan_inner.cpython-312-x86_64-linux-gnu.so
7002a780f000-7002a7810000 r--p 0000d000 fc:00 35399547                   /home/henriqueramos_qs/meta-learning-concept-drift/.venv/lib/python3.12/site-packages/sklearn/cluster/_dbscan_inner.cpython-312-x86_64-linux-gnu.so
7002a7810000-7002a7811000 rw-p 0000e000 fc:00 35399547                   /home/henriqueramos_qs/meta-learning-concept-drift/.venv/lib/python3.12/site-packages/sklearn/cluster/_dbscan_inner.cpython-312-x86_64-linux-gnu.so
7002a7811000-7002a7815000 r--p 00000000 fc:00 34868688                   /home/henriqueramos_qs/meta-learning-concept-drift/.venv/lib/python3.12/site-packages/scipy/interpolate/_rbfinterp_pythran.cpython-312-x86_64-linux-gnu.so
7002a7815000-7002a7840000 r-xp 00004000 fc:00 34868688                   /home/henriqueramos_qs/meta-learning-concept-drift/.venv/lib/python3.12/site-packages/scipy/interpolate/_rbfinterp_pythran.cpython-312-x86_64-linux-gnu.so
7002a7840000-7002a7846000 r--p 0002f000 fc:00 34868688                   /home/henriqueramos_qs/meta-learning-concept-drift/.venv/lib/python3.12/site-packages/scipy/interpolate/_rbfinterp_pythran.cpython-312-x86_64-linux-gnu.so
7002a7846000-7002a7847000 r--p 00034000 fc:00 34868688                   /home/henriqueramos_qs/meta-learning-concept-drift/.venv/lib/python3.12/site-packages/scipy/interpolate/_rbfinterp_pythran.cpython-312-x86_64-linux-gnu.so
7002a7847000-7002a7848000 rw-p 00035000 fc:00 34868688                   /home/henriqueramos_qs/meta-learning-concept-drift/.venv/lib/python3.12/site-packages/scipy/interpolate/_rbfinterp_pythran.cpython-312-x86_64-linux-gnu.so
7002a7848000-7002a784e000 r--p 00000000 fc:00 34868219                   /home/henriqueramos_qs/meta-learning-concept-drift/.venv/lib/python3.12/site-packages/scipy/optimize/_bglu_dense.cpython-312-x86_64-linux-gnu.so
7002a784e000-7002a7887000 r-xp 00006000 fc:00 34868219                   /home/henriqueramos_qs/meta-learning-concept-drift/.venv/lib/python3.12/site-packages/scipy/optimize/_bglu_dense.cpython-312-x86_64-linux-gnu.so
7002a7887000-7002a7891000 r--p 0003f000 fc:00 34868219                   /home/henriqueramos_qs/meta-learning-concept-drift/.venv/lib/python3.12/site-packages/scipy/optimize/_bglu_dense.cpython-312-x86_64-linux-gnu.so
7002a7891000-7002a7892000 ---p 00049000 fc:00 34868219                   /home/henriqueramos_qs/meta-learning-concept-drift/.venv/lib/python3.12/site-packages/scipy/optimize/_bglu_dense.cpython-312-x86_64-linux-gnu.so
7002a7892000-7002a7893000 r--p 00049000 fc:00 34868219                   /home/henriqueramos_qs/meta-learning-concept-drift/.venv/lib/python3.12/site-packages/scipy/optimize/_bglu_dense.cpython-312-x86_64-linux-gnu.so
7002a7893000-7002a7896000 rw-p 0004a000 fc:00 34868219                   /home/henriqueramos_qs/meta-learning-concept-drift/.venv/lib/python3.12/site-packages/scipy/optimize/_bglu_dense.cpython-312-x86_64-linux-gnu.so
7002a7896000-7002a7897000 rw-p 00000000 00:00 0 
7002a7897000-7002a78b3000 r--p 00000000 fc:00 34868261                   /home/henriqueramos_qs/meta-learning-concept-drift/.venv/lib/python3.12/site-packages/scipy/optimize/_lbfgsb.cpython-312-x86_64-linux-gnu.so
7002a78b3000-7002a78d1000 r-xp 0001c000 fc:00 34868261                   /home/henriqueramos_qs/meta-learning-concept-drift/.venv/lib/python3.12/site-packages/scipy/optimize/_lbfgsb.cpython-312-x86_64-linux-gnu.so
7002a78d1000-7002a78e1000 r--p 0003a000 fc:00 34868261                   /home/henriqueramos_qs/meta-learning-concept-drift/.venv/lib/python3.12/site-packages/scipy/optimize/_lbfgsb.cpython-312-x86_64-linux-gnu.so
7002a78e1000-7002a78e2000 r--p 00049000 fc:00 34868261                   /home/henriqueramos_qs/meta-learning-concept-drift/.venv/lib/python3.12/site-packages/scipy/optimize/_lbfgsb.cpython-312-x86_64-linux-gnu.so
7002a78e2000-7002a78e7000 rw-p 0004a000 fc:00 34868261                   /home/henriqueramos_qs/meta-learning-concept-drift/.venv/lib/python3.12/site-packages/scipy/optimize/_lbfgsb.cpython-312-x86_64-linux-gnu.so
7002a78e7000-7002a78ff000 rw-p 0006a000 fc:00 34868261                   /home/henriqueramos_qs/meta-learning-concept-drift/.venv/lib/python3.12/site-packages/scipy/optimize/_lbfgsb.cpython-312-x86_64-linux-gnu.so
7002a78ff000-7002a79ff000 rw-p 00000000 00:00 0 
7002a79ff000-7002a7a00000 ---p 00000000 00:00 0 
7002a7a00000-7002a8200000 rw-p 00000000 00:00 0 
7002a8200000-7002ac200000 rw-p 00000000 00:00 0 
7002ac201000-7002ac204000 r--p 00000000 fc:00 35400470                   /home/henriqueramos_qs/meta-learning-concept-drift/.venv/lib/python3.12/site-packages/sklearn/utils/_weight_vector.cpython-312-x86_64-linux-gnu.so
7002ac204000-7002ac20e000 r-xp 00003000 fc:00 35400470                   /home/henriqueramos_qs/meta-learning-concept-drift/.venv/lib/python3.12/site-packages/sklearn/utils/_weight_vector.cpython-312-x86_64-linux-gnu.so
7002ac20e000-7002ac212000 r--p 0000d000 fc:00 35400470                   /home/henriqueramos_qs/meta-learning-concept-drift/.venv/lib/python3.12/site-packages/sklearn/utils/_weight_vector.cpython-312-x86_64-linux-gnu.so
7002ac212000-7002ac213000 ---p 00011000 fc:00 35400470                   /home/henriqueramos_qs/meta-learning-concept-drift/.venv/lib/python3.12/site-packages/sklearn/utils/_weight_vector.cpython-312-x86_64-linux-gnu.so
7002ac213000-7002ac214000 r--p 00011000 fc:00 35400470                   /home/henriqueramos_qs/meta-learning-concept-drift/.venv/lib/python3.12/site-packages/sklearn/utils/_weight_vector.cpython-312-x86_64-linux-gnu.so
7002ac214000-7002ac215000 rw-p 00012000 fc:00 35400470                   /home/henriqueramos_qs/meta-learning-concept-drift/.venv/lib/python3.12/site-packages/sklearn/utils/_weight_vector.cpython-312-x86_64-linux-gnu.so
7002ac215000-7002ac21c000 r--p 00000000 fc:00 34869170                   /home/henriqueramos_qs/meta-learning-concept-drift/.venv/lib/python3.12/site-packages/scipy/spatial/transform/_rotation.cpython-312-x86_64-linux-gnu.so
7002ac21c000-7002ac2bf000 r-xp 00007000 fc:00 34869170                   /home/henriqueramos_qs/meta-learning-concept-drift/.venv/lib/python3.12/site-packages/scipy/spatial/transform/_rotation.cpython-312-x86_64-linux-gnu.so
7002ac2bf000-7002ac2f1000 r--p 000aa000 fc:00 34869170                   /home/henriqueramos_qs/meta-learning-concept-drift/.venv/lib/python3.12/site-packages/scipy/spatial/transform/_rotation.cpython-312-x86_64-linux-gnu.so
7002ac2f1000-7002ac2f2000 r--p 000db000 fc:00 34869170                   /home/henriqueramos_qs/meta-learning-concept-drift/.venv/lib/python3.12/site-packages/scipy/spatial/transform/_rotation.cpython-312-x86_64-linux-gnu.so
7002ac2f2000-7002ac2f6000 rw-p 000dc000 fc:00 34869170                   /home/henriqueramos_qs/meta-learning-concept-drift/.venv/lib/python3.12/site-packages/scipy/spatial/transform/_rotation.cpython-312-x86_64-linux-gnu.so
7002ac2f6000-7002ac2f7000 rw-p 00000000 00:00 0 
7002ac2f7000-7002ac2fe000 r--p 00000000 fc:00 34869102                   /home/henriqueramos_qs/meta-learning-concept-drift/.venv/lib/python3.12/site-packages/scipy/spatial/_qhull.cpython-312-x86_64-linux-gnu.so
7002ac2fe000-7002ac3c1000 r-xp 00007000 fc:00 34869102                   /home/henriqueramos_qs/meta-learning-concept-drift/.venv/lib/python3.12/site-packages/scipy/spatial/_qhull.cpython-312-x86_64-linux-gnu.so
7002ac3c1000-7002ac3f9000 r--p 000ca000 fc:00 34869102                   /home/henriqueramos_qs/meta-learning-concept-drift/.venv/lib/python3.12/site-packages/scipy/spatial/_qhull.cpython-312-x86_64-linux-gnu.so
7002ac3f9000-7002ac3fa000 r--p 00101000 fc:00 34869102                   /home/henriqueramos_qs/meta-learning-concept-drift/.venv/lib/python3.12/site-packages/scipy/spatial/_qhull.cpython-312-x86_64-linux-gnu.so
7002ac3fa000-7002ac3fd000 rw-p 00102000 fc:00 34869102                   /home/henriqueramos_qs/meta-learning-concept-drift/.venv/lib/python3.12/site-packages/scipy/spatial/_qhull.cpython-312-x86_64-linux-gnu.so
7002ac3fd000-7002ac3fe000 rw-p 00000000 00:00 0 
7002ac3fe000-7002ac3ff000 ---p 00000000 00:00 0 
7002ac3ff000-7002acbff000 rw-p 00000000 00:00 0 
7002acbff000-7002acc00000 ---p 00000000 00:00 0 
7002acc00000-7002ad400000 rw-p 00000000 00:00 0 
7002ad400000-7002af400000 rw-p 00000000 00:00 0 
7002af403000-7002af405000 r--p 00000000 fc:00 35402578                   /home/henriqueramos_qs/meta-learning-concept-drift/.venv/lib/python3.12/site-packages/PIL/_imagingmath.cpython-312-x86_64-linux-gnu.so
7002af405000-7002af40a000 r-xp 00002000 fc:00 35402578                   /home/henriqueramos_qs/meta-learning-concept-drift/.venv/lib/python3.12/site-packages/PIL/_imagingmath.cpython-312-x86_64-linux-gnu.so
7002af40a000-7002af40b000 r--p 00007000 fc:00 35402578                   /home/henriqueramos_qs/meta-learning-concept-drift/.venv/lib/python3.12/site-packages/PIL/_imagingmath.cpython-312-x86_64-linux-gnu.so
7002af40b000-7002af40c000 r--p 00008000 fc:00 35402578                   /home/henriqueramos_qs/meta-learning-concept-drift/.venv/lib/python3.12/site-packages/PIL/_imagingmath.cpython-312-x86_64-linux-gnu.so
7002af40c000-7002af40d000 rw-p 00009000 fc:00 35402578                   /home/henriqueramos_qs/meta-learning-concept-drift/.venv/lib/python3.12/site-packages/PIL/_imagingmath.cpython-312-x86_64-linux-gnu.so
7002af40d000-7002af411000 r--p 00000000 fc:00 34868433                   /home/henriqueramos_qs/meta-learning-concept-drift/.venv/lib/python3.12/site-packages/scipy/_lib/_uarray/_uarray.cpython-312-x86_64-linux-gnu.so
7002af411000-7002af423000 r-xp 00004000 fc:00 34868433                   /home/henriqueramos_qs/meta-learning-concept-drift/.venv/lib/python3.12/site-packages/scipy/_lib/_uarray/_uarray.cpython-312-x86_64-linux-gnu.so
7002af423000-7002af429000 r--p 00016000 fc:00 34868433                   /home/henriqueramos_qs/meta-learning-concept-drift/.venv/lib/python3.12/site-packages/scipy/_lib/_uarray/_uarray.cpython-312-x86_64-linux-gnu.so
7002af429000-7002af42a000 r--p 0001b000 fc:00 34868433                   /home/henriqueramos_qs/meta-learning-concept-drift/.venv/lib/python3.12/site-packages/scipy/_lib/_uarray/_uarray.cpython-312-x86_64-linux-gnu.so
7002af42a000-7002af42b000 rw-p 0001c000 fc:00 34868433                   /home/henriqueramos_qs/meta-learning-concept-drift/.venv/lib/python3.12/site-packages/scipy/_lib/_uarray/_uarray.cpython-312-x86_64-linux-gnu.so
7002af42b000-7002af433000 r--p 00000000 fc:00 34869105                   /home/henriqueramos_qs/meta-learning-concept-drift/.venv/lib/python3.12/site-packages/scipy/spatial/_ckdtree.cpython-312-x86_64-linux-gnu.so
7002af433000-7002af4da000 r-xp 00008000 fc:00 34869105                   /home/henriqueramos_qs/meta-learning-concept-drift/.venv/lib/python3.12/site-packages/scipy/spatial/_ckdtree.cpython-312-x86_64-linux-gnu.so
7002af4da000-7002af4f9000 r--p 000af000 fc:00 34869105                   /home/henriqueramos_qs/meta-learning-concept-drift/.venv/lib/python3.12/site-packages/scipy/spatial/_ckdtree.cpython-312-x86_64-linux-gnu.so
7002af4f9000-7002af4fa000 r--p 000cd000 fc:00 34869105                   /home/henriqueramos_qs/meta-learning-concept-drift/.venv/lib/python3.12/site-packages/scipy/spatial/_ckdtree.cpython-312-x86_64-linux-gnu.so
7002af4fa000-7002af4fe000 rw-p 000ce000 fc:00 34869105                   /home/henriqueramos_qs/meta-learning-concept-drift/.venv/lib/python3.12/site-packages/scipy/spatial/_ckdtree.cpython-312-x86_64-linux-gnu.so
7002af4fe000-7002af5ff000 rw-p 00000000 00:00 0 
7002af5ff000-7002af600000 ---p 00000000 00:00 0 
7002af600000-7002afe00000 rw-p 00000000 00:00 0 
7002afe00000-7002b1e00000 rw-p 00000000 00:00 0 
7002b1e01000-7002b1e04000 r--p 00000000 fc:00 35521560                   /home/henriqueramos_qs/meta-learning-concept-drift/.venv/lib/python3.12/site-packages/torch/lib/libshm.so
7002b1e04000-7002b1e07000 r-xp 00003000 fc:00 35521560                   /home/henriqueramos_qs/meta-learning-concept-drift/.venv/lib/python3.12/site-packages/torch/lib/libshm.so
7002b1e07000-7002b1e08000 r--p 00006000 fc:00 35521560                   /home/henriqueramos_qs/meta-learning-concept-drift/.venv/lib/python3.12/site-packages/torch/lib/libshm.so
7002b1e08000-7002b1e09000 ---p 00007000 fc:00 35521560                   /home/henriqueramos_qs/meta-learning-concept-drift/.venv/lib/python3.12/site-packages/torch/lib/libshm.so
7002b1e09000-7002b1e0a000 r--p 00007000 fc:00 35521560                   /home/henriqueramos_qs/meta-learning-concept-drift/.venv/lib/python3.12/site-packages/torch/lib/libshm.so
7002b1e0a000-7002b1e0b000 rw-p 00008000 fc:00 35521560                   /home/henriqueramos_qs/meta-learning-concept-drift/.venv/lib/python3.12/site-packages/torch/lib/libshm.so
7002b1e0b000-7002b1e0d000 rw-p 0000c000 fc:00 35521560                   /home/henriqueramos_qs/meta-learning-concept-drift/.venv/lib/python3.12/site-packages/torch/lib/libshm.so
7002b1e0d000-7002b1e13000 r--p 00000000 fc:00 34869104                   /home/henriqueramos_qs/meta-learning-concept-drift/.venv/lib/python3.12/site-packages/scipy/spatial/_distance_pybind.cpython-312-x86_64-linux-gnu.so
7002b1e13000-7002b1e7c000 r-xp 00006000 fc:00 34869104                   /home/henriqueramos_qs/meta-learning-concept-drift/.venv/lib/python3.12/site-packages/scipy/spatial/_distance_pybind.cpython-312-x86_64-linux-gnu.so
7002b1e7c000-7002b1e8c000 r--p 0006f000 fc:00 34869104                   /home/henriqueramos_qs/meta-learning-concept-drift/.venv/lib/python3.12/site-packages/scipy/spatial/_distance_pybind.cpython-312-x86_64-linux-gnu.so
7002b1e8c000-7002b1e8d000 r--p 0007e000 fc:00 34869104                   /home/henriqueramos_qs/meta-learning-concept-drift/.venv/lib/python3.12/site-packages/scipy/spatial/_distance_pybind.cpython-312-x86_64-linux-gnu.so
7002b1e8d000-7002b1e8e000 rw-p 0007f000 fc:00 34869104                   /home/henriqueramos_qs/meta-learning-concept-drift/.venv/lib/python3.12/site-packages/scipy/spatial/_distance_pybind.cpython-312-x86_64-linux-gnu.so
7002b1e8e000-7002b1e93000 r--p 00000000 fc:00 34868549                   /home/henriqueramos_qs/meta-learning-concept-drift/.venv/lib/python3.12/site-packages/scipy/special/_ufuncs_cxx.cpython-312-x86_64-linux-gnu.so
7002b1e93000-7002b1fd5000 r-xp 00005000 fc:00 34868549                   /home/henriqueramos_qs/meta-learning-concept-drift/.venv/lib/python3.12/site-packages/scipy/special/_ufuncs_cxx.cpython-312-x86_64-linux-gnu.so
7002b1fd5000-7002b1ffc000 r--p 00147000 fc:00 34868549                   /home/henriqueramos_qs/meta-learning-concept-drift/.venv/lib/python3.12/site-packages/scipy/special/_ufuncs_cxx.cpython-312-x86_64-linux-gnu.so
7002b1ffc000-7002b1ffd000 r--p 0016d000 fc:00 34868549                   /home/henriqueramos_qs/meta-learning-concept-drift/.venv/lib/python3.12/site-packages/scipy/special/_ufuncs_cxx.cpython-312-x86_64-linux-gnu.so
7002b1ffd000-7002b1ffe000 rw-p 0016e000 fc:00 34868549                   /home/henriqueramos_qs/meta-learning-concept-drift/.venv/lib/python3.12/site-packages/scipy/special/_ufuncs_cxx.cpython-312-x86_64-linux-gnu.so
7002b1ffe000-7002b1fff000 rw-p 00000000 00:00 0 
7002b1fff000-7002b2000000 ---p 00000000 00:00 0 
7002b2000000-7002b2800000 rw-p 00000000 00:00 0 
7002b2800000-7002b4800000 rw-p 00000000 00:00 0 
7002b4808000-7002b480b000 r--p 00000000 fc:00 34868896                   /home/henriqueramos_qs/meta-learning-concept-drift/.venv/lib/python3.12/site-packages/scipy/stats/_stats_pythran.cpython-312-x86_64-linux-gnu.so
7002b480b000-7002b4821000 r-xp 00003000 fc:00 34868896                   /home/henriqueramos_qs/meta-learning-concept-drift/.venv/lib/python3.12/site-packages/scipy/stats/_stats_pythran.cpython-312-x86_64-linux-gnu.so
7002b4821000-7002b4826000 r--p 00019000 fc:00 34868896                   /home/henriqueramos_qs/meta-learning-concept-drift/.venv/lib/python3.12/site-packages/scipy/stats/_stats_pythran.cpython-312-x86_64-linux-gnu.so
7002b4826000-7002b4827000 r--p 0001d000 fc:00 34868896                   /home/henriqueramos_qs/meta-learning-concept-drift/.venv/lib/python3.12/site-packages/scipy/stats/_stats_pythran.cpython-312-x86_64-linux-gnu.so
7002b4827000-7002b4828000 rw-p 0001e000 fc:00 34868896                   /home/henriqueramos_qs/meta-learning-concept-drift/.venv/lib/python3.12/site-packages/scipy/stats/_stats_pythran.cpython-312-x86_64-linux-gnu.so
7002b4828000-7002b482d000 r--p 00000000 fc:00 34868334                   /home/henriqueramos_qs/meta-learning-concept-drift/.venv/lib/python3.12/site-packages/scipy/optimize/_trlib/_trlib.cpython-312-x86_64-linux-gnu.so
7002b482d000-7002b486c000 r-xp 00005000 fc:00 34868334                   /home/henriqueramos_qs/meta-learning-concept-drift/.venv/lib/python3.12/site-packages/scipy/optimize/_trlib/_trlib.cpython-312-x86_64-linux-gnu.so
7002b486c000-7002b4876000 r--p 00044000 fc:00 34868334                   /home/henriqueramos_qs/meta-learning-concept-drift/.venv/lib/python3.12/site-packages/scipy/optimize/_trlib/_trlib.cpython-312-x86_64-linux-gnu.so
7002b4876000-7002b4877000 r--p 0004d000 fc:00 34868334                   /home/henriqueramos_qs/meta-learning-concept-drift/.venv/lib/python3.12/site-packages/scipy/optimize/_trlib/_trlib.cpython-312-x86_64-linux-gnu.so
7002b4877000-7002b4879000 rw-p 0004e000 fc:00 34868334                   /home/henriqueramos_qs/meta-learning-concept-drift/.venv/lib/python3.12/site-packages/scipy/optimize/_trlib/_trlib.cpython-312-x86_64-linux-gnu.so
7002b4879000-7002b487a000 rw-p 00000000 00:00 0 
7002b487a000-7002b487f000 rw-p 00059000 fc:00 34868334                   /home/henriqueramos_qs/meta-learning-concept-drift/.venv/lib/python3.12/site-packages/scipy/optimize/_trlib/_trlib.cpython-312-x86_64-linux-gnu.so
7002b487f000-7002b4885000 r--p 00000000 fc:00 34868546                   /home/henriqueramos_qs/meta-learning-concept-drift/.venv/lib/python3.12/site-packages/scipy/special/_ufuncs.cpython-312-x86_64-linux-gnu.so
7002b4885000-7002b498f000 r-xp 00006000 fc:00 34868546                   /home/henriqueramos_qs/meta-learning-concept-drift/.venv/lib/python3.12/site-packages/scipy/special/_ufuncs.cpython-312-x86_64-linux-gnu.so
7002b498f000-7002b49f0000 r--p 00110000 fc:00 34868546                   /home/henriqueramos_qs/meta-learning-concept-drift/.venv/lib/python3.12/site-packages/scipy/special/_ufuncs.cpython-312-x86_64-linux-gnu.so
7002b49f0000-7002b49f1000 r--p 00170000 fc:00 34868546                   /home/henriqueramos_qs/meta-learning-concept-drift/.venv/lib/python3.12/site-packages/scipy/special/_ufuncs.cpython-312-x86_64-linux-gnu.so
7002b49f1000-7002b49f2000 rw-p 00171000 fc:00 34868546                   /home/henriqueramos_qs/meta-learning-concept-drift/.venv/lib/python3.12/site-packages/scipy/special/_ufuncs.cpython-312-x86_64-linux-gnu.so
7002b49f2000-7002b49fa000 rw-p 00000000 00:00 0 
7002b49fa000-7002b49ff000 rw-p 0019c000 fc:00 34868546                   /home/henriqueramos_qs/meta-learning-concept-drift/.venv/lib/python3.12/site-packages/scipy/special/_ufuncs.cpython-312-x86_64-linux-gnu.so
7002b49ff000-7002b4a00000 ---p 00000000 00:00 0 
7002b4a00000-7002b5200000 rw-p 00000000 00:00 0 
7002b5200000-7002b7200000 rw-p 00000000 00:00 0 
7002b7205000-7002b7206000 r--p 00000000 fc:00 34868690                   /home/henriqueramos_qs/meta-learning-concept-drift/.venv/lib/python3.12/site-packages/scipy/interpolate/_fitpack.cpython-312-x86_64-linux-gnu.so
7002b7206000-7002b7216000 r-xp 00001000 fc:00 34868690                   /home/henriqueramos_qs/meta-learning-concept-drift/.venv/lib/python3.12/site-packages/scipy/interpolate/_fitpack.cpython-312-x86_64-linux-gnu.so
7002b7216000-7002b7218000 r--p 00011000 fc:00 34868690                   /home/henriqueramos_qs/meta-learning-concept-drift/.venv/lib/python3.12/site-packages/scipy/interpolate/_fitpack.cpython-312-x86_64-linux-gnu.so
7002b7218000-7002b7219000 r--p 00012000 fc:00 34868690                   /home/henriqueramos_qs/meta-learning-concept-drift/.venv/lib/python3.12/site-packages/scipy/interpolate/_fitpack.cpython-312-x86_64-linux-gnu.so
7002b7219000-7002b721a000 rw-p 00013000 fc:00 34868690                   /home/henriqueramos_qs/meta-learning-concept-drift/.venv/lib/python3.12/site-packages/scipy/interpolate/_fitpack.cpython-312-x86_64-linux-gnu.so
7002b721a000-7002b721c000 rw-p 00015000 fc:00 34868690                   /home/henriqueramos_qs/meta-learning-concept-drift/.venv/lib/python3.12/site-packages/scipy/interpolate/_fitpack.cpython-312-x86_64-linux-gnu.so
7002b721c000-7002b721f000 r--p 00000000 fc:00 34868544                   /home/henriqueramos_qs/meta-learning-concept-drift/.venv/lib/python3.12/site-packages/scipy/special/_special_ufuncs.cpython-312-x86_64-linux-gnu.so
7002b721f000-7002b72d2000 r-xp 00003000 fc:00 34868544                   /home/henriqueramos_qs/meta-learning-concept-drift/.venv/lib/python3.12/site-packages/scipy/special/_special_ufuncs.cpython-312-x86_64-linux-gnu.so
7002b72d2000-7002b72fd000 r--p 000b6000 fc:00 34868544                   /home/henriqueramos_qs/meta-learning-concept-drift/.venv/lib/python3.12/site-packages/scipy/special/_special_ufuncs.cpython-312-x86_64-linux-gnu.so
7002b72fd000-7002b72fe000 r--p 000e0000 fc:00 34868544                   /home/henriqueramos_qs/meta-learning-concept-drift/.venv/lib/python3.12/site-packages/scipy/special/_special_ufuncs.cpython-312-x86_64-linux-gnu.so
7002b72fe000-7002b72ff000 rw-p 000e1000 fc:00 34868544                   /home/henriqueramos_qs/meta-learning-concept-drift/.venv/lib/python3.12/site-packages/scipy/special/_special_ufuncs.cpython-312-x86_64-linux-gnu.so
7002b72ff000-7002b73ff000 rw-p 00000000 00:00 0 
7002b73ff000-7002b7400000 ---p 00000000 00:00 0 
7002b7400000-7002b7c00000 rw-p 00000000 00:00 0 
7002b7c00000-7002b9c00000 rw-p 00000000 00:00 0 
7002b9c00000-7002b9c05000 r--p 00000000 fc:00 34869115                   /home/henriqueramos_qs/meta-learning-concept-drift/.venv/lib/python3.12/site-packages/scipy/spatial/_hausdorff.cpython-312-x86_64-linux-gnu.so
7002b9c05000-7002b9c2b000 r-xp 00005000 fc:00 34869115                   /home/henriqueramos_qs/meta-learning-concept-drift/.venv/lib/python3.12/site-packages/scipy/spatial/_hausdorff.cpython-312-x86_64-linux-gnu.so
7002b9c2b000-7002b9c32000 r--p 0002b000 fc:00 34869115                   /home/henriqueramos_qs/meta-learning-concept-drift/.venv/lib/python3.12/site-packages/scipy/spatial/_hausdorff.cpython-312-x86_64-linux-gnu.so
7002b9c32000-7002b9c33000 ---p 00032000 fc:00 34869115                   /home/henriqueramos_qs/meta-learning-concept-drift/.venv/lib/python3.12/site-packages/scipy/spatial/_hausdorff.cpython-312-x86_64-linux-gnu.so
7002b9c33000-7002b9c34000 r--p 00032000 fc:00 34869115                   /home/henriqueramos_qs/meta-learning-concept-drift/.venv/lib/python3.12/site-packages/scipy/spatial/_hausdorff.cpython-312-x86_64-linux-gnu.so
7002b9c34000-7002b9c36000 rw-p 00033000 fc:00 34869115                   /home/henriqueramos_qs/meta-learning-concept-drift/.venv/lib/python3.12/site-packages/scipy/spatial/_hausdorff.cpython-312-x86_64-linux-gnu.so
7002b9c36000-7002b9c37000 rw-p 00000000 00:00 0 
7002b9c37000-7002b9c3c000 r--p 00000000 fc:00 34869111                   /home/henriqueramos_qs/meta-learning-concept-drift/.venv/lib/python3.12/site-packages/scipy/spatial/_voronoi.cpython-312-x86_64-linux-gnu.so
7002b9c3c000-7002b9c60000 r-xp 00005000 fc:00 34869111                   /home/henriqueramos_qs/meta-learning-concept-drift/.venv/lib/python3.12/site-packages/scipy/spatial/_voronoi.cpython-312-x86_64-linux-gnu.so
7002b9c60000-7002b9c67000 r--p 00029000 fc:00 34869111                   /home/henriqueramos_qs/meta-learning-concept-drift/.venv/lib/python3.12/site-packages/scipy/spatial/_voronoi.cpython-312-x86_64-linux-gnu.so
7002b9c67000-7002b9c68000 ---p 00030000 fc:00 34869111                   /home/henriqueramos_qs/meta-learning-concept-drift/.venv/lib/python3.12/site-packages/scipy/spatial/_voronoi.cpython-312-x86_64-linux-gnu.so
7002b9c68000-7002b9c69000 r--p 00030000 fc:00 34869111                   /home/henriqueramos_qs/meta-learning-concept-drift/.venv/lib/python3.12/site-packages/scipy/spatial/_voronoi.cpython-312-x86_64-linux-gnu.so
7002b9c69000-7002b9c6b000 rw-p 00031000 fc:00 34869111                   /home/henriqueramos_qs/meta-learning-concept-drift/.venv/lib/python3.12/site-packages/scipy/spatial/_voronoi.cpython-312-x86_64-linux-gnu.so
7002b9c6b000-7002b9d6c000 rw-p 00000000 00:00 0 
7002b9d6c000-7002b9d71000 r--p 00000000 fc:00 34868104                   /home/henriqueramos_qs/meta-learning-concept-drift/.venv/lib/python3.12/site-packages/scipy/sparse/csgraph/_traversal.cpython-312-x86_64-linux-gnu.so
7002b9d71000-7002b9dea000 r-xp 00005000 fc:00 34868104                   /home/henriqueramos_qs/meta-learning-concept-drift/.venv/lib/python3.12/site-packages/scipy/sparse/csgraph/_traversal.cpython-312-x86_64-linux-gnu.so
7002b9dea000-7002b9dfb000 r--p 0007e000 fc:00 34868104                   /home/henriqueramos_qs/meta-learning-concept-drift/.venv/lib/python3.12/site-packages/scipy/sparse/csgraph/_traversal.cpython-312-x86_64-linux-gnu.so
7002b9dfb000-7002b9dfc000 r--p 0008e000 fc:00 34868104                   /home/henriqueramos_qs/meta-learning-concept-drift/.venv/lib/python3.12/site-packages/scipy/sparse/csgraph/_traversal.cpython-312-x86_64-linux-gnu.so
7002b9dfc000-7002b9dfe000 rw-p 0008f000 fc:00 34868104                   /home/henriqueramos_qs/meta-learning-concept-drift/.venv/lib/python3.12/site-packages/scipy/sparse/csgraph/_traversal.cpython-312-x86_64-linux-gnu.so
7002b9dfe000-7002b9dff000 rw-p 00000000 00:00 0 
7002b9dff000-7002b9e00000 ---p 00000000 00:00 0 
7002b9e00000-7002ba600000 rw-p 00000000 00:00 0 
7002ba600000-7002bc600000 rw-p 00000000 00:00 0 
7002bc600000-7002bc602000 r--p 00000000 08:05 8922103                    /usr/lib/jvm/java-21-openjdk-amd64/lib/libzip.so
7002bc602000-7002bc607000 r-xp 00002000 08:05 8922103                    /usr/lib/jvm/java-21-openjdk-amd64/lib/libzip.so
7002bc607000-7002bc609000 r--p 00007000 08:05 8922103                    /usr/lib/jvm/java-21-openjdk-amd64/lib/libzip.so
7002bc609000-7002bc60a000 r--p 00008000 08:05 8922103                    /usr/lib/jvm/java-21-openjdk-amd64/lib/libzip.so
7002bc60a000-7002bc60b000 rw-p 00009000 08:05 8922103                    /usr/lib/jvm/java-21-openjdk-amd64/lib/libzip.so
7002bc60b000-7002bc60f000 r--p 00000000 fc:00 34868532                   /home/henriqueramos_qs/meta-learning-concept-drift/.venv/lib/python3.12/site-packages/scipy/special/_specfun.cpython-312-x86_64-linux-gnu.so
7002bc60f000-7002bc637000 r-xp 00004000 fc:00 34868532                   /home/henriqueramos_qs/meta-learning-concept-drift/.venv/lib/python3.12/site-packages/scipy/special/_specfun.cpython-312-x86_64-linux-gnu.so
7002bc637000-7002bc63c000 r--p 0002c000 fc:00 34868532                   /home/henriqueramos_qs/meta-learning-concept-drift/.venv/lib/python3.12/site-packages/scipy/special/_specfun.cpython-312-x86_64-linux-gnu.so
7002bc63c000-7002bc63d000 r--p 00030000 fc:00 34868532                   /home/henriqueramos_qs/meta-learning-concept-drift/.venv/lib/python3.12/site-packages/scipy/special/_specfun.cpython-312-x86_64-linux-gnu.so
7002bc63d000-7002bc63e000 rw-p 00031000 fc:00 34868532                   /home/henriqueramos_qs/meta-learning-concept-drift/.venv/lib/python3.12/site-packages/scipy/special/_specfun.cpython-312-x86_64-linux-gnu.so
7002bc63e000-7002bc63f000 rw-p 00000000 00:00 0 
7002bc63f000-7002bc644000 r--p 00000000 fc:00 34868109                   /home/henriqueramos_qs/meta-learning-concept-drift/.venv/lib/python3.12/site-packages/scipy/sparse/csgraph/_reordering.cpython-312-x86_64-linux-gnu.so
7002bc644000-7002bc679000 r-xp 00005000 fc:00 34868109                   /home/henriqueramos_qs/meta-learning-concept-drift/.venv/lib/python3.12/site-packages/scipy/sparse/csgraph/_reordering.cpython-312-x86_64-linux-gnu.so
7002bc679000-7002bc683000 r--p 0003a000 fc:00 34868109                   /home/henriqueramos_qs/meta-learning-concept-drift/.venv/lib/python3.12/site-packages/scipy/sparse/csgraph/_reordering.cpython-312-x86_64-linux-gnu.so
7002bc683000-7002bc684000 r--p 00043000 fc:00 34868109                   /home/henriqueramos_qs/meta-learning-concept-drift/.venv/lib/python3.12/site-packages/scipy/sparse/csgraph/_reordering.cpython-312-x86_64-linux-gnu.so
7002bc684000-7002bc686000 rw-p 00044000 fc:00 34868109                   /home/henriqueramos_qs/meta-learning-concept-drift/.venv/lib/python3.12/site-packages/scipy/sparse/csgraph/_reordering.cpython-312-x86_64-linux-gnu.so
7002bc686000-7002bc687000 rw-p 00000000 00:00 0 
7002bc687000-7002bc68c000 r--p 00000000 fc:00 34868112                   /home/henriqueramos_qs/meta-learning-concept-drift/.venv/lib/python3.12/site-packages/scipy/sparse/csgraph/_shortest_path.cpython-312-x86_64-linux-gnu.so
7002bc68c000-7002bc6e6000 r-xp 00005000 fc:00 34868112                   /home/henriqueramos_qs/meta-learning-concept-drift/.venv/lib/python3.12/site-packages/scipy/sparse/csgraph/_shortest_path.cpython-312-x86_64-linux-gnu.so
7002bc6e6000-7002bc6fb000 r--p 0005f000 fc:00 34868112                   /home/henriqueramos_qs/meta-learning-concept-drift/.venv/lib/python3.12/site-packages/scipy/sparse/csgraph/_shortest_path.cpython-312-x86_64-linux-gnu.so
7002bc6fb000-7002bc6fc000 r--p 00073000 fc:00 34868112                   /home/henriqueramos_qs/meta-learning-concept-drift/.venv/lib/python3.12/site-packages/scipy/sparse/csgraph/_shortest_path.cpython-312-x86_64-linux-gnu.so
7002bc6fc000-7002bc6fe000 rw-p 00074000 fc:00 34868112                   /home/henriqueramos_qs/meta-learning-concept-drift/.venv/lib/python3.12/site-packages/scipy/sparse/csgraph/_shortest_path.cpython-312-x86_64-linux-gnu.so
7002bc6fe000-7002bc7ff000 rw-p 00000000 00:00 0 
7002bc7ff000-7002bc800000 ---p 00000000 00:00 0 
7002bc800000-7002bd000000 rw-p 00000000 00:00 0 
7002bd000000-7002c1000000 rw-p 00000000 00:00 0 
7002c1006000-7002c100e000 rw-s 00000000 08:05 10487231                   /tmp/hsperfdata_henriqueramos_qs/253520
7002c100e000-7002c1013000 r--p 00000000 fc:00 34868103                   /home/henriqueramos_qs/meta-learning-concept-drift/.venv/lib/python3.12/site-packages/scipy/sparse/csgraph/_matching.cpython-312-x86_64-linux-gnu.so
7002c1013000-7002c1048000 r-xp 00005000 fc:00 34868103                   /home/henriqueramos_qs/meta-learning-concept-drift/.venv/lib/python3.12/site-packages/scipy/sparse/csgraph/_matching.cpython-312-x86_64-linux-gnu.so
7002c1048000-7002c1056000 r--p 0003a000 fc:00 34868103                   /home/henriqueramos_qs/meta-learning-concept-drift/.venv/lib/python3.12/site-packages/scipy/sparse/csgraph/_matching.cpython-312-x86_64-linux-gnu.so
7002c1056000-7002c1057000 r--p 00047000 fc:00 34868103                   /home/henriqueramos_qs/meta-learning-concept-drift/.venv/lib/python3.12/site-packages/scipy/sparse/csgraph/_matching.cpython-312-x86_64-linux-gnu.so
7002c1057000-7002c1059000 rw-p 00048000 fc:00 34868103                   /home/henriqueramos_qs/meta-learning-concept-drift/.venv/lib/python3.12/site-packages/scipy/sparse/csgraph/_matching.cpython-312-x86_64-linux-gnu.so
7002c1059000-7002c105a000 rw-p 00000000 00:00 0 
7002c105a000-7002c1077000 r--p 00000000 fc:00 34868159                   /home/henriqueramos_qs/meta-learning-concept-drift/.venv/lib/python3.12/site-packages/scipy/sparse/linalg/_propack/_zpropack.cpython-312-x86_64-linux-gnu.so
7002c1077000-7002c1096000 r-xp 0001d000 fc:00 34868159                   /home/henriqueramos_qs/meta-learning-concept-drift/.venv/lib/python3.12/site-packages/scipy/sparse/linalg/_propack/_zpropack.cpython-312-x86_64-linux-gnu.so
7002c1096000-7002c10a6000 r--p 0003c000 fc:00 34868159                   /home/henriqueramos_qs/meta-learning-concept-drift/.venv/lib/python3.12/site-packages/scipy/sparse/linalg/_propack/_zpropack.cpython-312-x86_64-linux-gnu.so
7002c10a6000-7002c10a7000 ---p 0004c000 fc:00 34868159                   /home/henriqueramos_qs/meta-learning-concept-drift/.venv/lib/python3.12/site-packages/scipy/sparse/linalg/_propack/_zpropack.cpython-312-x86_64-linux-gnu.so
7002c10a7000-7002c10a8000 r--p 0004c000 fc:00 34868159                   /home/henriqueramos_qs/meta-learning-concept-drift/.venv/lib/python3.12/site-packages/scipy/sparse/linalg/_propack/_zpropack.cpython-312-x86_64-linux-gnu.so
7002c10a8000-7002c10b0000 rw-p 0004d000 fc:00 34868159                   /home/henriqueramos_qs/meta-learning-concept-drift/.venv/lib/python3.12/site-packages/scipy/sparse/linalg/_propack/_zpropack.cpython-312-x86_64-linux-gnu.so
7002c10b0000-7002c10e6000 rw-p 00000000 00:00 0 
7002c10e6000-7002c10fe000 rw-p 00071000 fc:00 34868159                   /home/henriqueramos_qs/meta-learning-concept-drift/.venv/lib/python3.12/site-packages/scipy/sparse/linalg/_propack/_zpropack.cpython-312-x86_64-linux-gnu.so
7002c10fe000-7002c11fe000 rw-p 00000000 00:00 0 
7002c11fe000-7002c11ff000 ---p 00000000 00:00 0 
7002c11ff000-7002c19ff000 rw-p 00000000 00:00 0 
7002c19ff000-7002c1a00000 ---p 00000000 00:00 0 
7002c1a00000-7002c2200000 rw-p 00000000 00:00 0 
7002c2200000-7002c4200000 rw-p 00000000 00:00 0 
7002c4201000-7002c4202000 r--p 00000000 fc:00 35414505                   /home/henriqueramos_qs/meta-learning-concept-drift/.venv/lib/python3.12/site-packages/torch/_C.cpython-312-x86_64-linux-gnu.so
7002c4202000-7002c4203000 r-xp 00001000 fc:00 35414505                   /home/henriqueramos_qs/meta-learning-concept-drift/.venv/lib/python3.12/site-packages/torch/_C.cpython-312-x86_64-linux-gnu.so
7002c4203000-7002c4204000 r--p 00002000 fc:00 35414505                   /home/henriqueramos_qs/meta-learning-concept-drift/.venv/lib/python3.12/site-packages/torch/_C.cpython-312-x86_64-linux-gnu.so
7002c4204000-7002c4205000 r--p 00002000 fc:00 35414505                   /home/henriqueramos_qs/meta-learning-concept-drift/.venv/lib/python3.12/site-packages/torch/_C.cpython-312-x86_64-linux-gnu.so
7002c4205000-7002c4206000 rw-p 00003000 fc:00 35414505                   /home/henriqueramos_qs/meta-learning-concept-drift/.venv/lib/python3.12/site-packages/torch/_C.cpython-312-x86_64-linux-gnu.so
7002c4206000-7002c4207000 rw-p 00006000 fc:00 35414505                   /home/henriqueramos_qs/meta-learning-concept-drift/.venv/lib/python3.12/site-packages/torch/_C.cpython-312-x86_64-linux-gnu.so
7002c4207000-7002c4209000 r--p 00000000 08:05 8922084                    /usr/lib/jvm/java-21-openjdk-amd64/lib/libjimage.so
7002c4209000-7002c420c000 r-xp 00002000 08:05 8922084                    /usr/lib/jvm/java-21-openjdk-amd64/lib/libjimage.so
7002c420c000-7002c420d000 r--p 00005000 08:05 8922084                    /usr/lib/jvm/java-21-openjdk-amd64/lib/libjimage.so
7002c420d000-7002c420e000 r--p 00006000 08:05 8922084                    /usr/lib/jvm/java-21-openjdk-amd64/lib/libjimage.so
7002c420e000-7002c420f000 rw-p 00007000 08:05 8922084                    /usr/lib/jvm/java-21-openjdk-amd64/lib/libjimage.so
7002c420f000-7002c4212000 r--p 00000000 fc:00 34868843                   /home/henriqueramos_qs/meta-learning-concept-drift/.venv/lib/python3.12/site-packages/scipy/integrate/_dop.cpython-312-x86_64-linux-gnu.so
7002c4212000-7002c4220000 r-xp 00003000 fc:00 34868843                   /home/henriqueramos_qs/meta-learning-concept-drift/.venv/lib/python3.12/site-packages/scipy/integrate/_dop.cpython-312-x86_64-linux-gnu.so
7002c4220000-7002c4224000 r--p 00011000 fc:00 34868843                   /home/henriqueramos_qs/meta-learning-concept-drift/.venv/lib/python3.12/site-packages/scipy/integrate/_dop.cpython-312-x86_64-linux-gnu.so
7002c4224000-7002c4225000 r--p 00014000 fc:00 34868843                   /home/henriqueramos_qs/meta-learning-concept-drift/.venv/lib/python3.12/site-packages/scipy/integrate/_dop.cpython-312-x86_64-linux-gnu.so
7002c4225000-7002c4227000 rw-p 00015000 fc:00 34868843                   /home/henriqueramos_qs/meta-learning-concept-drift/.venv/lib/python3.12/site-packages/scipy/integrate/_dop.cpython-312-x86_64-linux-gnu.so
7002c4227000-7002c422a000 rw-p 0001a000 fc:00 34868843                   /home/henriqueramos_qs/meta-learning-concept-drift/.venv/lib/python3.12/site-packages/scipy/integrate/_dop.cpython-312-x86_64-linux-gnu.so
7002c422a000-7002c422f000 r--p 00000000 fc:00 34868111                   /home/henriqueramos_qs/meta-learning-concept-drift/.venv/lib/python3.12/site-packages/scipy/sparse/csgraph/_flow.cpython-312-x86_64-linux-gnu.so
7002c422f000-7002c4264000 r-xp 00005000 fc:00 34868111                   /home/henriqueramos_qs/meta-learning-concept-drift/.venv/lib/python3.12/site-packages/scipy/sparse/csgraph/_flow.cpython-312-x86_64-linux-gnu.so
7002c4264000-7002c4270000 r--p 0003a000 fc:00 34868111                   /home/henriqueramos_qs/meta-learning-concept-drift/.venv/lib/python3.12/site-packages/scipy/sparse/csgraph/_flow.cpython-312-x86_64-linux-gnu.so
7002c4270000-7002c4271000 r--p 00045000 fc:00 34868111                   /home/henriqueramos_qs/meta-learning-concept-drift/.venv/lib/python3.12/site-packages/scipy/sparse/csgraph/_flow.cpython-312-x86_64-linux-gnu.so
7002c4271000-7002c4273000 rw-p 00046000 fc:00 34868111                   /home/henriqueramos_qs/meta-learning-concept-drift/.venv/lib/python3.12/site-packages/scipy/sparse/csgraph/_flow.cpython-312-x86_64-linux-gnu.so
7002c4273000-7002c4274000 rw-p 00000000 00:00 0 
7002c4274000-7002c4291000 r--p 00000000 fc:00 34868160                   /home/henriqueramos_qs/meta-learning-concept-drift/.venv/lib/python3.12/site-packages/scipy/sparse/linalg/_propack/_cpropack.cpython-312-x86_64-linux-gnu.so
7002c4291000-7002c42b2000 r-xp 0001d000 fc:00 34868160                   /home/henriqueramos_qs/meta-learning-concept-drift/.venv/lib/python3.12/site-packages/scipy/sparse/linalg/_propack/_cpropack.cpython-312-x86_64-linux-gnu.so
7002c42b2000-7002c42c2000 r--p 0003e000 fc:00 34868160                   /home/henriqueramos_qs/meta-learning-concept-drift/.venv/lib/python3.12/site-packages/scipy/sparse/linalg/_propack/_cpropack.cpython-312-x86_64-linux-gnu.so
7002c42c2000-7002c42c3000 ---p 0004e000 fc:00 34868160                   /home/henriqueramos_qs/meta-learning-concept-drift/.venv/lib/python3.12/site-packages/scipy/sparse/linalg/_propack/_cpropack.cpython-312-x86_64-linux-gnu.so
7002c42c3000-7002c42c4000 r--p 0004e000 fc:00 34868160                   /home/henriqueramos_qs/meta-learning-concept-drift/.venv/lib/python3.12/site-packages/scipy/sparse/linalg/_propack/_cpropack.cpython-312-x86_64-linux-gnu.so
7002c42c4000-7002c42cc000 rw-p 0004f000 fc:00 34868160                   /home/henriqueramos_qs/meta-learning-concept-drift/.venv/lib/python3.12/site-packages/scipy/sparse/linalg/_propack/_cpropack.cpython-312-x86_64-linux-gnu.so
7002c42cc000-7002c42e7000 rw-p 00000000 00:00 0 
7002c42e7000-7002c42ff000 rw-p 00073000 fc:00 34868160                   /home/henriqueramos_qs/meta-learning-concept-drift/.venv/lib/python3.12/site-packages/scipy/sparse/linalg/_propack/_cpropack.cpython-312-x86_64-linux-gnu.so
7002c42ff000-7002c43ff000 rw-p 00000000 00:00 0 
7002c43ff000-7002c4400000 ---p 00000000 00:00 0 
7002c4400000-7002c4c00000 rw-p 00000000 00:00 0 
7002c4c00000-7002c6c00000 rw-p 00000000 00:00 0 
7002c6c04000-7002c6c09000 r--p 00000000 fc:00 34868217                   /home/henriqueramos_qs/meta-learning-concept-drift/.venv/lib/python3.12/site-packages/scipy/optimize/_pava_pybind.cpython-312-x86_64-linux-gnu.so
7002c6c09000-7002c6c22000 r-xp 00005000 fc:00 34868217                   /home/henriqueramos_qs/meta-learning-concept-drift/.venv/lib/python3.12/site-packages/scipy/optimize/_pava_pybind.cpython-312-x86_64-linux-gnu.so
7002c6c22000-7002c6c2a000 r--p 0001e000 fc:00 34868217                   /home/henriqueramos_qs/meta-learning-concept-drift/.venv/lib/python3.12/site-packages/scipy/optimize/_pava_pybind.cpython-312-x86_64-linux-gnu.so
7002c6c2a000-7002c6c2b000 ---p 00026000 fc:00 34868217                   /home/henriqueramos_qs/meta-learning-concept-drift/.venv/lib/python3.12/site-packages/scipy/optimize/_pava_pybind.cpython-312-x86_64-linux-gnu.so
7002c6c2b000-7002c6c2c000 r--p 00026000 fc:00 34868217                   /home/henriqueramos_qs/meta-learning-concept-drift/.venv/lib/python3.12/site-packages/scipy/optimize/_pava_pybind.cpython-312-x86_64-linux-gnu.so
7002c6c2c000-7002c6c2d000 rw-p 00027000 fc:00 34868217                   /home/henriqueramos_qs/meta-learning-concept-drift/.venv/lib/python3.12/site-packages/scipy/optimize/_pava_pybind.cpython-312-x86_64-linux-gnu.so
7002c6c2d000-7002c6c4a000 r--p 00000000 fc:00 34868162                   /home/henriqueramos_qs/meta-learning-concept-drift/.venv/lib/python3.12/site-packages/scipy/sparse/linalg/_propack/_dpropack.cpython-312-x86_64-linux-gnu.so
7002c6c4a000-7002c6c65000 r-xp 0001d000 fc:00 34868162                   /home/henriqueramos_qs/meta-learning-concept-drift/.venv/lib/python3.12/site-packages/scipy/sparse/linalg/_propack/_dpropack.cpython-312-x86_64-linux-gnu.so
7002c6c65000-7002c6c75000 r--p 00038000 fc:00 34868162                   /home/henriqueramos_qs/meta-learning-concept-drift/.venv/lib/python3.12/site-packages/scipy/sparse/linalg/_propack/_dpropack.cpython-312-x86_64-linux-gnu.so
7002c6c75000-7002c6c76000 r--p 00047000 fc:00 34868162                   /home/henriqueramos_qs/meta-learning-concept-drift/.venv/lib/python3.12/site-packages/scipy/sparse/linalg/_propack/_dpropack.cpython-312-x86_64-linux-gnu.so
7002c6c76000-7002c6c7e000 rw-p 00048000 fc:00 34868162                   /home/henriqueramos_qs/meta-learning-concept-drift/.venv/lib/python3.12/site-packages/scipy/sparse/linalg/_propack/_dpropack.cpython-312-x86_64-linux-gnu.so
7002c6c7e000-7002c6c96000 rw-p 0006b000 fc:00 34868162                   /home/henriqueramos_qs/meta-learning-concept-drift/.venv/lib/python3.12/site-packages/scipy/sparse/linalg/_propack/_dpropack.cpython-312-x86_64-linux-gnu.so
7002c6c96000-7002c6cb3000 r--p 00000000 fc:00 34868161                   /home/henriqueramos_qs/meta-learning-concept-drift/.venv/lib/python3.12/site-packages/scipy/sparse/linalg/_propack/_spropack.cpython-312-x86_64-linux-gnu.so
7002c6cb3000-7002c6cce000 r-xp 0001d000 fc:00 34868161                   /home/henriqueramos_qs/meta-learning-concept-drift/.venv/lib/python3.12/site-packages/scipy/sparse/linalg/_propack/_spropack.cpython-312-x86_64-linux-gnu.so
7002c6cce000-7002c6cde000 r--p 00038000 fc:00 34868161                   /home/henriqueramos_qs/meta-learning-concept-drift/.venv/lib/python3.12/site-packages/scipy/sparse/linalg/_propack/_spropack.cpython-312-x86_64-linux-gnu.so
7002c6cde000-7002c6cdf000 r--p 00047000 fc:00 34868161                   /home/henriqueramos_qs/meta-learning-concept-drift/.venv/lib/python3.12/site-packages/scipy/sparse/linalg/_propack/_spropack.cpython-312-x86_64-linux-gnu.so
7002c6cdf000-7002c6ce7000 rw-p 00048000 fc:00 34868161                   /home/henriqueramos_qs/meta-learning-concept-drift/.venv/lib/python3.12/site-packages/scipy/sparse/linalg/_propack/_spropack.cpython-312-x86_64-linux-gnu.so
7002c6ce7000-7002c6cff000 rw-p 0006b000 fc:00 34868161                   /home/henriqueramos_qs/meta-learning-concept-drift/.venv/lib/python3.12/site-packages/scipy/sparse/linalg/_propack/_spropack.cpython-312-x86_64-linux-gnu.so
7002c6cff000-7002c6dff000 rw-p 00000000 00:00 0 
7002c6dff000-7002c6e00000 ---p 00000000 00:00 0 
7002c6e00000-7002c7600000 rw-p 00000000 00:00 0 
7002c7600000-7002cb600000 rw-p 00000000 00:00 0 
7002cb602000-7002cb604000 r--p 00000000 fc:00 35399859                   /home/henriqueramos_qs/meta-learning-concept-drift/.venv/lib/python3.12/site-packages/sklearn/ensemble/_hist_gradient_boosting/common.cpython-312-x86_64-linux-gnu.so
7002cb604000-7002cb609000 r-xp 00002000 fc:00 35399859                   /home/henriqueramos_qs/meta-learning-concept-drift/.venv/lib/python3.12/site-packages/sklearn/ensemble/_hist_gradient_boosting/common.cpython-312-x86_64-linux-gnu.so
7002cb609000-7002cb60a000 r--p 00007000 fc:00 35399859                   /home/henriqueramos_qs/meta-learning-concept-drift/.venv/lib/python3.12/site-packages/sklearn/ensemble/_hist_gradient_boosting/common.cpython-312-x86_64-linux-gnu.so
7002cb60a000-7002cb60b000 r--p 00007000 fc:00 35399859                   /home/henriqueramos_qs/meta-learning-concept-drift/.venv/lib/python3.12/site-packages/sklearn/ensemble/_hist_gradient_boosting/common.cpython-312-x86_64-linux-gnu.so
7002cb60b000-7002cb60c000 rw-p 00008000 fc:00 35399859                   /home/henriqueramos_qs/meta-learning-concept-drift/.venv/lib/python3.12/site-packages/sklearn/ensemble/_hist_gradient_boosting/common.cpython-312-x86_64-linux-gnu.so
7002cb60c000-7002cb611000 r--p 00000000 fc:00 34868108                   /home/henriqueramos_qs/meta-learning-concept-drift/.venv/lib/python3.12/site-packages/scipy/sparse/csgraph/_min_spanning_tree.cpython-312-x86_64-linux-gnu.so
7002cb611000-7002cb638000 r-xp 00005000 fc:00 34868108                   /home/henriqueramos_qs/meta-learning-concept-drift/.venv/lib/python3.12/site-packages/scipy/sparse/csgraph/_min_spanning_tree.cpython-312-x86_64-linux-gnu.so
7002cb638000-7002cb641000 r--p 0002c000 fc:00 34868108                   /home/henriqueramos_qs/meta-learning-concept-drift/.venv/lib/python3.12/site-packages/scipy/sparse/csgraph/_min_spanning_tree.cpython-312-x86_64-linux-gnu.so
7002cb641000-7002cb642000 r--p 00034000 fc:00 34868108                   /home/henriqueramos_qs/meta-learning-concept-drift/.venv/lib/python3.12/site-packages/scipy/sparse/csgraph/_min_spanning_tree.cpython-312-x86_64-linux-gnu.so
7002cb642000-7002cb644000 rw-p 00035000 fc:00 34868108                   /home/henriqueramos_qs/meta-learning-concept-drift/.venv/lib/python3.12/site-packages/scipy/sparse/csgraph/_min_spanning_tree.cpython-312-x86_64-linux-gnu.so
7002cb644000-7002cb645000 rw-p 00000000 00:00 0 
7002cb645000-7002cb663000 r--p 00000000 fc:00 34868191                   /home/henriqueramos_qs/meta-learning-concept-drift/.venv/lib/python3.12/site-packages/scipy/sparse/linalg/_eigen/arpack/_arpack.cpython-312-x86_64-linux-gnu.so
7002cb663000-7002cb6ba000 r-xp 0001e000 fc:00 34868191                   /home/henriqueramos_qs/meta-learning-concept-drift/.venv/lib/python3.12/site-packages/scipy/sparse/linalg/_eigen/arpack/_arpack.cpython-312-x86_64-linux-gnu.so
7002cb6ba000-7002cb6d6000 r--p 00075000 fc:00 34868191                   /home/henriqueramos_qs/meta-learning-concept-drift/.venv/lib/python3.12/site-packages/scipy/sparse/linalg/_eigen/arpack/_arpack.cpython-312-x86_64-linux-gnu.so
7002cb6d6000-7002cb6d7000 r--p 00090000 fc:00 34868191                   /home/henriqueramos_qs/meta-learning-concept-drift/.venv/lib/python3.12/site-packages/scipy/sparse/linalg/_eigen/arpack/_arpack.cpython-312-x86_64-linux-gnu.so
7002cb6d7000-7002cb6e5000 rw-p 00091000 fc:00 34868191                   /home/henriqueramos_qs/meta-learning-concept-drift/.venv/lib/python3.12/site-packages/scipy/sparse/linalg/_eigen/arpack/_arpack.cpython-312-x86_64-linux-gnu.so
7002cb6e5000-7002cb6e6000 rw-p 00000000 00:00 0 
7002cb6e6000-7002cb6fe000 rw-p 000bf000 fc:00 34868191                   /home/henriqueramos_qs/meta-learning-concept-drift/.venv/lib/python3.12/site-packages/scipy/sparse/linalg/_eigen/arpack/_arpack.cpython-312-x86_64-linux-gnu.so
7002cb6fe000-7002cb7fe000 rw-p 00000000 00:00 0 
7002cb7fe000-7002cb7ff000 ---p 00000000 00:00 0 
7002cb7ff000-7002cbfff000 rw-p 00000000 00:00 0 
7002cbfff000-7002cc000000 ---p 00000000 00:00 0 
7002cc000000-7002cc800000 rw-p 00000000 00:00 0 
7002cc800000-7002ce800000 rw-p 00000000 00:00 0 
7002ce800000-7002ce81c000 r--p 00000000 fc:00 34868140                   /home/henriqueramos_qs/meta-learning-concept-drift/.venv/lib/python3.12/site-packages/scipy/sparse/linalg/_dsolve/_superlu.cpython-312-x86_64-linux-gnu.so
7002ce81c000-7002ce875000 r-xp 0001c000 fc:00 34868140                   /home/henriqueramos_qs/meta-learning-concept-drift/.venv/lib/python3.12/site-packages/scipy/sparse/linalg/_dsolve/_superlu.cpython-312-x86_64-linux-gnu.so
7002ce875000-7002ce88b000 r--p 00075000 fc:00 34868140                   /home/henriqueramos_qs/meta-learning-concept-drift/.venv/lib/python3.12/site-packages/scipy/sparse/linalg/_dsolve/_superlu.cpython-312-x86_64-linux-gnu.so
7002ce88b000-7002ce88c000 r--p 0008a000 fc:00 34868140                   /home/henriqueramos_qs/meta-learning-concept-drift/.venv/lib/python3.12/site-packages/scipy/sparse/linalg/_dsolve/_superlu.cpython-312-x86_64-linux-gnu.so
7002ce88c000-7002ce891000 rw-p 0008b000 fc:00 34868140                   /home/henriqueramos_qs/meta-learning-concept-drift/.venv/lib/python3.12/site-packages/scipy/sparse/linalg/_dsolve/_superlu.cpython-312-x86_64-linux-gnu.so
7002ce891000-7002ce8a9000 rw-p 000af000 fc:00 34868140                   /home/henriqueramos_qs/meta-learning-concept-drift/.venv/lib/python3.12/site-packages/scipy/sparse/linalg/_dsolve/_superlu.cpython-312-x86_64-linux-gnu.so
7002ce8a9000-7002ce8ad000 r--p 00000000 fc:00 34868756                   /home/henriqueramos_qs/meta-learning-concept-drift/.venv/lib/python3.12/site-packages/scipy/linalg/_decomp_update.cpython-312-x86_64-linux-gnu.so
7002ce8ad000-7002ce8ec000 r-xp 00004000 fc:00 34868756                   /home/henriqueramos_qs/meta-learning-concept-drift/.venv/lib/python3.12/site-packages/scipy/linalg/_decomp_update.cpython-312-x86_64-linux-gnu.so
7002ce8ec000-7002ce8fc000 r--p 00043000 fc:00 34868756                   /home/henriqueramos_qs/meta-learning-concept-drift/.venv/lib/python3.12/site-packages/scipy/linalg/_decomp_update.cpython-312-x86_64-linux-gnu.so
7002ce8fc000-7002ce8fd000 r--p 00052000 fc:00 34868756                   /home/henriqueramos_qs/meta-learning-concept-drift/.venv/lib/python3.12/site-packages/scipy/linalg/_decomp_update.cpython-312-x86_64-linux-gnu.so
7002ce8fd000-7002ce8fe000 rw-p 00053000 fc:00 34868756                   /home/henriqueramos_qs/meta-learning-concept-drift/.venv/lib/python3.12/site-packages/scipy/linalg/_decomp_update.cpython-312-x86_64-linux-gnu.so
7002ce8fe000-7002ce9ff000 rw-p 00000000 00:00 0 
7002ce9ff000-7002cea00000 ---p 00000000 00:00 0 
7002cea00000-7002cf200000 rw-p 00000000 00:00 0 
7002cf200000-7002d1200000 rw-p 00000000 00:00 0 
7002d1202000-7002d1209000 r--p 00000000 fc:00 34868742                   /home/henriqueramos_qs/meta-learning-concept-drift/.venv/lib/python3.12/site-packages/scipy/linalg/cython_blas.cpython-312-x86_64-linux-gnu.so
7002d1209000-7002d1235000 r-xp 00007000 fc:00 34868742                   /home/henriqueramos_qs/meta-learning-concept-drift/.venv/lib/python3.12/site-packages/scipy/linalg/cython_blas.cpython-312-x86_64-linux-gnu.so
7002d1235000-7002d1243000 r--p 00033000 fc:00 34868742                   /home/henriqueramos_qs/meta-learning-concept-drift/.venv/lib/python3.12/site-packages/scipy/linalg/cython_blas.cpython-312-x86_64-linux-gnu.so
7002d1243000-7002d1244000 ---p 00041000 fc:00 34868742                   /home/henriqueramos_qs/meta-learning-concept-drift/.venv/lib/python3.12/site-packages/scipy/linalg/cython_blas.cpython-312-x86_64-linux-gnu.so
7002d1244000-7002d1245000 r--p 00041000 fc:00 34868742                   /home/henriqueramos_qs/meta-learning-concept-drift/.venv/lib/python3.12/site-packages/scipy/linalg/cython_blas.cpython-312-x86_64-linux-gnu.so
7002d1245000-7002d1248000 rw-p 00042000 fc:00 34868742                   /home/henriqueramos_qs/meta-learning-concept-drift/.venv/lib/python3.12/site-packages/scipy/linalg/cython_blas.cpython-312-x86_64-linux-gnu.so
7002d1248000-7002d124e000 rw-p 00051000 fc:00 34868742                   /home/henriqueramos_qs/meta-learning-concept-drift/.venv/lib/python3.12/site-packages/scipy/linalg/cython_blas.cpython-312-x86_64-linux-gnu.so
7002d124e000-7002d1253000 r--p 00000000 fc:00 34868779                   /home/henriqueramos_qs/meta-learning-concept-drift/.venv/lib/python3.12/site-packages/scipy/linalg/_matfuncs_expm.cpython-312-x86_64-linux-gnu.so
7002d1253000-7002d12b2000 r-xp 00005000 fc:00 34868779                   /home/henriqueramos_qs/meta-learning-concept-drift/.venv/lib/python3.12/site-packages/scipy/linalg/_matfuncs_expm.cpython-312-x86_64-linux-gnu.so
7002d12b2000-7002d12bd000 r--p 00064000 fc:00 34868779                   /home/henriqueramos_qs/meta-learning-concept-drift/.venv/lib/python3.12/site-packages/scipy/linalg/_matfuncs_expm.cpython-312-x86_64-linux-gnu.so
7002d12bd000-7002d12be000 ---p 0006f000 fc:00 34868779                   /home/henriqueramos_qs/meta-learning-concept-drift/.venv/lib/python3.12/site-packages/scipy/linalg/_matfuncs_expm.cpython-312-x86_64-linux-gnu.so
7002d12be000-7002d12bf000 r--p 0006f000 fc:00 34868779                   /home/henriqueramos_qs/meta-learning-concept-drift/.venv/lib/python3.12/site-packages/scipy/linalg/_matfuncs_expm.cpython-312-x86_64-linux-gnu.so
7002d12bf000-7002d12c1000 rw-p 00070000 fc:00 34868779                   /home/henriqueramos_qs/meta-learning-concept-drift/.venv/lib/python3.12/site-packages/scipy/linalg/_matfuncs_expm.cpython-312-x86_64-linux-gnu.so
7002d12c1000-7002d12c2000 rw-p 00000000 00:00 0 
7002d12c2000-7002d12c7000 r--p 00000000 fc:00 34868777                   /home/henriqueramos_qs/meta-learning-concept-drift/.venv/lib/python3.12/site-packages/scipy/linalg/_matfuncs_sqrtm_triu.cpython-312-x86_64-linux-gnu.so
7002d12c7000-7002d12f3000 r-xp 00005000 fc:00 34868777                   /home/henriqueramos_qs/meta-learning-concept-drift/.venv/lib/python3.12/site-packages/scipy/linalg/_matfuncs_sqrtm_triu.cpython-312-x86_64-linux-gnu.so
7002d12f3000-7002d12fb000 r--p 00031000 fc:00 34868777                   /home/henriqueramos_qs/meta-learning-concept-drift/.venv/lib/python3.12/site-packages/scipy/linalg/_matfuncs_sqrtm_triu.cpython-312-x86_64-linux-gnu.so
7002d12fb000-7002d12fc000 r--p 00038000 fc:00 34868777                   /home/henriqueramos_qs/meta-learning-concept-drift/.venv/lib/python3.12/site-packages/scipy/linalg/_matfuncs_sqrtm_triu.cpython-312-x86_64-linux-gnu.so
7002d12fc000-7002d12fe000 rw-p 00039000 fc:00 34868777                   /home/henriqueramos_qs/meta-learning-concept-drift/.venv/lib/python3.12/site-packages/scipy/linalg/_matfuncs_sqrtm_triu.cpython-312-x86_64-linux-gnu.so
7002d12fe000-7002d13ff000 rw-p 00000000 00:00 0 
7002d13ff000-7002d1400000 ---p 00000000 00:00 0 
7002d1400000-7002d1c00000 rw-p 00000000 00:00 0 
7002d1c00000-7002d3c00000 rw-p 00000000 00:00 0 
7002d3c03000-7002d3c06000 r--p 00000000 fc:00 35400441                   /home/henriqueramos_qs/meta-learning-concept-drift/.venv/lib/python3.12/site-packages/sklearn/utils/_openmp_helpers.cpython-312-x86_64-linux-gnu.so
7002d3c06000-7002d3c0d000 r-xp 00003000 fc:00 35400441                   /home/henriqueramos_qs/meta-learning-concept-drift/.venv/lib/python3.12/site-packages/sklearn/utils/_openmp_helpers.cpython-312-x86_64-linux-gnu.so
7002d3c0d000-7002d3c0f000 r--p 0000a000 fc:00 35400441                   /home/henriqueramos_qs/meta-learning-concept-drift/.venv/lib/python3.12/site-packages/sklearn/utils/_openmp_helpers.cpython-312-x86_64-linux-gnu.so
7002d3c0f000-7002d3c10000 ---p 0000c000 fc:00 35400441                   /home/henriqueramos_qs/meta-learning-concept-drift/.venv/lib/python3.12/site-packages/sklearn/utils/_openmp_helpers.cpython-312-x86_64-linux-gnu.so
7002d3c10000-7002d3c11000 r--p 0000c000 fc:00 35400441                   /home/henriqueramos_qs/meta-learning-concept-drift/.venv/lib/python3.12/site-packages/sklearn/utils/_openmp_helpers.cpython-312-x86_64-linux-gnu.so
7002d3c11000-7002d3c12000 rw-p 0000d000 fc:00 35400441                   /home/henriqueramos_qs/meta-learning-concept-drift/.venv/lib/python3.12/site-packages/sklearn/utils/_openmp_helpers.cpython-312-x86_64-linux-gnu.so
7002d3c12000-7002d3c15000 rw-p 00012000 fc:00 35400441                   /home/henriqueramos_qs/meta-learning-concept-drift/.venv/lib/python3.12/site-packages/sklearn/utils/_openmp_helpers.cpython-312-x86_64-linux-gnu.so
7002d3c15000-7002d3c1a000 r--p 00000000 fc:00 34868787                   /home/henriqueramos_qs/meta-learning-concept-drift/.venv/lib/python3.12/site-packages/scipy/linalg/_decomp_lu_cython.cpython-312-x86_64-linux-gnu.so
7002d3c1a000-7002d3c46000 r-xp 00005000 fc:00 34868787                   /home/henriqueramos_qs/meta-learning-concept-drift/.venv/lib/python3.12/site-packages/scipy/linalg/_decomp_lu_cython.cpython-312-x86_64-linux-gnu.so
7002d3c46000-7002d3c4e000 r--p 00031000 fc:00 34868787                   /home/henriqueramos_qs/meta-learning-concept-drift/.venv/lib/python3.12/site-packages/scipy/linalg/_decomp_lu_cython.cpython-312-x86_64-linux-gnu.so
7002d3c4e000-7002d3c4f000 r--p 00038000 fc:00 34868787                   /home/henriqueramos_qs/meta-learning-concept-drift/.venv/lib/python3.12/site-packages/scipy/linalg/_decomp_lu_cython.cpython-312-x86_64-linux-gnu.so
7002d3c4f000-7002d3c51000 rw-p 00039000 fc:00 34868787                   /home/henriqueramos_qs/meta-learning-concept-drift/.venv/lib/python3.12/site-packages/scipy/linalg/_decomp_lu_cython.cpython-312-x86_64-linux-gnu.so
7002d3c51000-7002d3c52000 rw-p 00000000 00:00 0 
7002d3c52000-7002d3c6c000 r--p 00000000 fc:00 34868785                   /home/henriqueramos_qs/meta-learning-concept-drift/.venv/lib/python3.12/site-packages/scipy/linalg/cython_lapack.cpython-312-x86_64-linux-gnu.so
7002d3c6c000-7002d3c8b000 r-xp 0001a000 fc:00 34868785                   /home/henriqueramos_qs/meta-learning-concept-drift/.venv/lib/python3.12/site-packages/scipy/linalg/cython_lapack.cpython-312-x86_64-linux-gnu.so
7002d3c8b000-7002d3ce3000 r--p 00039000 fc:00 34868785                   /home/henriqueramos_qs/meta-learning-concept-drift/.venv/lib/python3.12/site-packages/scipy/linalg/cython_lapack.cpython-312-x86_64-linux-gnu.so
7002d3ce3000-7002d3ce4000 ---p 00091000 fc:00 34868785                   /home/henriqueramos_qs/meta-learning-concept-drift/.venv/lib/python3.12/site-packages/scipy/linalg/cython_lapack.cpython-312-x86_64-linux-gnu.so
7002d3ce4000-7002d3ce5000 r--p 00091000 fc:00 34868785                   /home/henriqueramos_qs/meta-learning-concept-drift/.venv/lib/python3.12/site-packages/scipy/linalg/cython_lapack.cpython-312-x86_64-linux-gnu.so
7002d3ce5000-7002d3ce9000 rw-p 00092000 fc:00 34868785                   /home/henriqueramos_qs/meta-learning-concept-drift/.venv/lib/python3.12/site-packages/scipy/linalg/cython_lapack.cpython-312-x86_64-linux-gnu.so
7002d3ce9000-7002d3cff000 rw-p 000c1000 fc:00 34868785                   /home/henriqueramos_qs/meta-learning-concept-drift/.venv/lib/python3.12/site-packages/scipy/linalg/cython_lapack.cpython-312-x86_64-linux-gnu.so
7002d3cff000-7002d3dff000 rw-p 00000000 00:00 0 
7002d3dff000-7002d3e00000 ---p 00000000 00:00 0 
7002d3e00000-7002d4600000 rw-p 00000000 00:00 0 
7002d4600000-7002d6600000 rw-p 00000000 00:00 0 
7002d6602000-7002d6607000 r--p 00000000 fc:00 34868366                   /home/henriqueramos_qs/meta-learning-concept-drift/.venv/lib/python3.12/site-packages/scipy/optimize/_lsq/givens_elimination.cpython-312-x86_64-linux-gnu.so
7002d6607000-7002d6629000 r-xp 00005000 fc:00 34868366                   /home/henriqueramos_qs/meta-learning-concept-drift/.venv/lib/python3.12/site-packages/scipy/optimize/_lsq/givens_elimination.cpython-312-x86_64-linux-gnu.so
7002d6629000-7002d6630000 r--p 00027000 fc:00 34868366                   /home/henriqueramos_qs/meta-learning-concept-drift/.venv/lib/python3.12/site-packages/scipy/optimize/_lsq/givens_elimination.cpython-312-x86_64-linux-gnu.so
7002d6630000-7002d6631000 r--p 0002d000 fc:00 34868366                   /home/henriqueramos_qs/meta-learning-concept-drift/.venv/lib/python3.12/site-packages/scipy/optimize/_lsq/givens_elimination.cpython-312-x86_64-linux-gnu.so
7002d6631000-7002d6633000 rw-p 0002e000 fc:00 34868366                   /home/henriqueramos_qs/meta-learning-concept-drift/.venv/lib/python3.12/site-packages/scipy/optimize/_lsq/givens_elimination.cpython-312-x86_64-linux-gnu.so
7002d6633000-7002d6638000 r--p 00000000 fc:00 34868746                   /home/henriqueramos_qs/meta-learning-concept-drift/.venv/lib/python3.12/site-packages/scipy/linalg/_solve_toeplitz.cpython-312-x86_64-linux-gnu.so
7002d6638000-7002d6668000 r-xp 00005000 fc:00 34868746                   /home/henriqueramos_qs/meta-learning-concept-drift/.venv/lib/python3.12/site-packages/scipy/linalg/_solve_toeplitz.cpython-312-x86_64-linux-gnu.so
7002d6668000-7002d6670000 r--p 00035000 fc:00 34868746                   /home/henriqueramos_qs/meta-learning-concept-drift/.venv/lib/python3.12/site-packages/scipy/linalg/_solve_toeplitz.cpython-312-x86_64-linux-gnu.so
7002d6670000-7002d6671000 ---p 0003d000 fc:00 34868746                   /home/henriqueramos_qs/meta-learning-concept-drift/.venv/lib/python3.12/site-packages/scipy/linalg/_solve_toeplitz.cpython-312-x86_64-linux-gnu.so
7002d6671000-7002d6672000 r--p 0003d000 fc:00 34868746                   /home/henriqueramos_qs/meta-learning-concept-drift/.venv/lib/python3.12/site-packages/scipy/linalg/_solve_toeplitz.cpython-312-x86_64-linux-gnu.so
7002d6672000-7002d6674000 rw-p 0003e000 fc:00 34868746                   /home/henriqueramos_qs/meta-learning-concept-drift/.venv/lib/python3.12/site-packages/scipy/linalg/_solve_toeplitz.cpython-312-x86_64-linux-gnu.so
7002d6674000-7002d6675000 rw-p 00000000 00:00 0 
7002d6675000-7002d667b000 r--p 00000000 fc:00 34868774                   /home/henriqueramos_qs/meta-learning-concept-drift/.venv/lib/python3.12/site-packages/scipy/linalg/_cythonized_array_utils.cpython-312-x86_64-linux-gnu.so
7002d667b000-7002d66eb000 r-xp 00006000 fc:00 34868774                   /home/henriqueramos_qs/meta-learning-concept-drift/.venv/lib/python3.12/site-packages/scipy/linalg/_cythonized_array_utils.cpython-312-x86_64-linux-gnu.so
7002d66eb000-7002d66fa000 r--p 00076000 fc:00 34868774                   /home/henriqueramos_qs/meta-learning-concept-drift/.venv/lib/python3.12/site-packages/scipy/linalg/_cythonized_array_utils.cpython-312-x86_64-linux-gnu.so
7002d66fa000-7002d66fb000 r--p 00084000 fc:00 34868774                   /home/henriqueramos_qs/meta-learning-concept-drift/.venv/lib/python3.12/site-packages/scipy/linalg/_cythonized_array_utils.cpython-312-x86_64-linux-gnu.so
7002d66fb000-7002d66fe000 rw-p 00085000 fc:00 34868774                   /home/henriqueramos_qs/meta-learning-concept-drift/.venv/lib/python3.12/site-packages/scipy/linalg/_cythonized_array_utils.cpython-312-x86_64-linux-gnu.so
7002d66fe000-7002d67ff000 rw-p 00000000 00:00 0 
7002d67ff000-7002d6800000 ---p 00000000 00:00 0 
7002d6800000-7002d7000000 rw-p 00000000 00:00 0 
7002d7000000-7002d9000000 rw-p 00000000 00:00 0 
7002d9000000-7002d9002000 r--p 00000000 fc:00 35400255                   /home/henriqueramos_qs/meta-learning-concept-drift/.venv/lib/python3.12/site-packages/sklearn/neighbors/_partition_nodes.cpython-312-x86_64-linux-gnu.so
7002d9002000-7002d9004000 r-xp 00002000 fc:00 35400255                   /home/henriqueramos_qs/meta-learning-concept-drift/.venv/lib/python3.12/site-packages/sklearn/neighbors/_partition_nodes.cpython-312-x86_64-linux-gnu.so
7002d9004000-7002d9005000 r--p 00004000 fc:00 35400255                   /home/henriqueramos_qs/meta-learning-concept-drift/.venv/lib/python3.12/site-packages/sklearn/neighbors/_partition_nodes.cpython-312-x86_64-linux-gnu.so
7002d9005000-7002d9006000 r--p 00004000 fc:00 35400255                   /home/henriqueramos_qs/meta-learning-concept-drift/.venv/lib/python3.12/site-packages/sklearn/neighbors/_partition_nodes.cpython-312-x86_64-linux-gnu.so
7002d9006000-7002d9007000 rw-p 00005000 fc:00 35400255                   /home/henriqueramos_qs/meta-learning-concept-drift/.venv/lib/python3.12/site-packages/sklearn/neighbors/_partition_nodes.cpython-312-x86_64-linux-gnu.so
7002d9007000-7002d900a000 r--p 00000000 fc:00 34869020                   /home/henriqueramos_qs/meta-learning-concept-drift/.venv/lib/python3.12/site-packages/scipy/stats/_levy_stable/levyst.cpython-312-x86_64-linux-gnu.so
7002d900a000-7002d9011000 r-xp 00003000 fc:00 34869020                   /home/henriqueramos_qs/meta-learning-concept-drift/.venv/lib/python3.12/site-packages/scipy/stats/_levy_stable/levyst.cpython-312-x86_64-linux-gnu.so
7002d9011000-7002d9013000 r--p 0000a000 fc:00 34869020                   /home/henriqueramos_qs/meta-learning-concept-drift/.venv/lib/python3.12/site-packages/scipy/stats/_levy_stable/levyst.cpython-312-x86_64-linux-gnu.so
7002d9013000-7002d9014000 r--p 0000b000 fc:00 34869020                   /home/henriqueramos_qs/meta-learning-concept-drift/.venv/lib/python3.12/site-packages/scipy/stats/_levy_stable/levyst.cpython-312-x86_64-linux-gnu.so
7002d9014000-7002d9015000 rw-p 0000c000 fc:00 34869020                   /home/henriqueramos_qs/meta-learning-concept-drift/.venv/lib/python3.12/site-packages/scipy/stats/_levy_stable/levyst.cpython-312-x86_64-linux-gnu.so
7002d9015000-7002d9016000 r--p 00000000 fc:00 34868278                   /home/henriqueramos_qs/meta-learning-concept-drift/.venv/lib/python3.12/site-packages/scipy/optimize/_direct.cpython-312-x86_64-linux-gnu.so
7002d9016000-7002d901c000 r-xp 00001000 fc:00 34868278                   /home/henriqueramos_qs/meta-learning-concept-drift/.venv/lib/python3.12/site-packages/scipy/optimize/_direct.cpython-312-x86_64-linux-gnu.so
7002d901c000-7002d901e000 r--p 00007000 fc:00 34868278                   /home/henriqueramos_qs/meta-learning-concept-drift/.venv/lib/python3.12/site-packages/scipy/optimize/_direct.cpython-312-x86_64-linux-gnu.so
7002d901e000-7002d901f000 r--p 00008000 fc:00 34868278                   /home/henriqueramos_qs/meta-learning-concept-drift/.venv/lib/python3.12/site-packages/scipy/optimize/_direct.cpython-312-x86_64-linux-gnu.so
7002d901f000-7002d9020000 rw-p 00009000 fc:00 34868278                   /home/henriqueramos_qs/meta-learning-concept-drift/.venv/lib/python3.12/site-packages/scipy/optimize/_direct.cpython-312-x86_64-linux-gnu.so
7002d9020000-7002d9047000 r--p 00000000 fc:00 34868778                   /home/henriqueramos_qs/meta-learning-concept-drift/.venv/lib/python3.12/site-packages/scipy/linalg/_fblas.cpython-312-x86_64-linux-gnu.so
7002d9047000-7002d9090000 r-xp 00027000 fc:00 34868778                   /home/henriqueramos_qs/meta-learning-concept-drift/.venv/lib/python3.12/site-packages/scipy/linalg/_fblas.cpython-312-x86_64-linux-gnu.so
7002d9090000-7002d90bd000 r--p 00070000 fc:00 34868778                   /home/henriqueramos_qs/meta-learning-concept-drift/.venv/lib/python3.12/site-packages/scipy/linalg/_fblas.cpython-312-x86_64-linux-gnu.so
7002d90bd000-7002d90be000 r--p 0009c000 fc:00 34868778                   /home/henriqueramos_qs/meta-learning-concept-drift/.venv/lib/python3.12/site-packages/scipy/linalg/_fblas.cpython-312-x86_64-linux-gnu.so
7002d90be000-7002d90e7000 rw-p 0009d000 fc:00 34868778                   /home/henriqueramos_qs/meta-learning-concept-drift/.venv/lib/python3.12/site-packages/scipy/linalg/_fblas.cpython-312-x86_64-linux-gnu.so
7002d90e7000-7002d90ff000 rw-p 000e6000 fc:00 34868778                   /home/henriqueramos_qs/meta-learning-concept-drift/.venv/lib/python3.12/site-packages/scipy/linalg/_fblas.cpython-312-x86_64-linux-gnu.so
7002d90ff000-7002d91ff000 rw-p 00000000 00:00 0 
7002d91ff000-7002d9200000 ---p 00000000 00:00 0 
7002d9200000-7002d9a00000 rw-p 00000000 00:00 0 
7002d9a00000-7002dba00000 rw-p 00000000 00:00 0 
7002dba02000-7002dba08000 r--p 00000000 fc:00 34868061                   /home/henriqueramos_qs/meta-learning-concept-drift/.venv/lib/python3.12/site-packages/scipy/sparse/_csparsetools.cpython-312-x86_64-linux-gnu.so
7002dba08000-7002dbaa4000 r-xp 00006000 fc:00 34868061                   /home/henriqueramos_qs/meta-learning-concept-drift/.venv/lib/python3.12/site-packages/scipy/sparse/_csparsetools.cpython-312-x86_64-linux-gnu.so
7002dbaa4000-7002dbab3000 r--p 000a2000 fc:00 34868061                   /home/henriqueramos_qs/meta-learning-concept-drift/.venv/lib/python3.12/site-packages/scipy/sparse/_csparsetools.cpython-312-x86_64-linux-gnu.so
7002dbab3000-7002dbab4000 r--p 000b0000 fc:00 34868061                   /home/henriqueramos_qs/meta-learning-concept-drift/.venv/lib/python3.12/site-packages/scipy/sparse/_csparsetools.cpython-312-x86_64-linux-gnu.so
7002dbab4000-7002dbab7000 rw-p 000b1000 fc:00 34868061                   /home/henriqueramos_qs/meta-learning-concept-drift/.venv/lib/python3.12/site-packages/scipy/sparse/_csparsetools.cpython-312-x86_64-linux-gnu.so
7002dbab7000-7002dbab8000 rw-p 00000000 00:00 0 
7002dbab8000-7002dbac0000 r--p 00000000 fc:00 35393377                   /home/henriqueramos_qs/meta-learning-concept-drift/.venv/lib/python3.12/site-packages/pandas/_libs/join.cpython-312-x86_64-linux-gnu.so
7002dbac0000-7002dbbe8000 r-xp 00008000 fc:00 35393377                   /home/henriqueramos_qs/meta-learning-concept-drift/.venv/lib/python3.12/site-packages/pandas/_libs/join.cpython-312-x86_64-linux-gnu.so
7002dbbe8000-7002dbbf8000 r--p 00130000 fc:00 35393377                   /home/henriqueramos_qs/meta-learning-concept-drift/.venv/lib/python3.12/site-packages/pandas/_libs/join.cpython-312-x86_64-linux-gnu.so
7002dbbf8000-7002dbbf9000 ---p 00140000 fc:00 35393377                   /home/henriqueramos_qs/meta-learning-concept-drift/.venv/lib/python3.12/site-packages/pandas/_libs/join.cpython-312-x86_64-linux-gnu.so
7002dbbf9000-7002dbbfb000 r--p 00140000 fc:00 35393377                   /home/henriqueramos_qs/meta-learning-concept-drift/.venv/lib/python3.12/site-packages/pandas/_libs/join.cpython-312-x86_64-linux-gnu.so
7002dbbfb000-7002dbbfe000 rw-p 00142000 fc:00 35393377                   /home/henriqueramos_qs/meta-learning-concept-drift/.venv/lib/python3.12/site-packages/pandas/_libs/join.cpython-312-x86_64-linux-gnu.so
7002dbbfe000-7002dbbff000 rw-p 00000000 00:00 0 
7002dbbff000-7002dbc00000 ---p 00000000 00:00 0 
7002dbc00000-7002dc400000 rw-p 00000000 00:00 0 
7002dc400000-7002de400000 rw-p 00000000 00:00 0 
7002de401000-7002de403000 r--p 00000000 fc:00 35400457                   /home/henriqueramos_qs/meta-learning-concept-drift/.venv/lib/python3.12/site-packages/sklearn/utils/_sorting.cpython-312-x86_64-linux-gnu.so
7002de403000-7002de405000 r-xp 00002000 fc:00 35400457                   /home/henriqueramos_qs/meta-learning-concept-drift/.venv/lib/python3.12/site-packages/sklearn/utils/_sorting.cpython-312-x86_64-linux-gnu.so
7002de405000-7002de406000 r--p 00004000 fc:00 35400457                   /home/henriqueramos_qs/meta-learning-concept-drift/.venv/lib/python3.12/site-packages/sklearn/utils/_sorting.cpython-312-x86_64-linux-gnu.so
7002de406000-7002de407000 r--p 00004000 fc:00 35400457                   /home/henriqueramos_qs/meta-learning-concept-drift/.venv/lib/python3.12/site-packages/sklearn/utils/_sorting.cpython-312-x86_64-linux-gnu.so
7002de407000-7002de408000 rw-p 00005000 fc:00 35400457                   /home/henriqueramos_qs/meta-learning-concept-drift/.venv/lib/python3.12/site-packages/sklearn/utils/_sorting.cpython-312-x86_64-linux-gnu.so
7002de408000-7002de40a000 r--p 00000000 fc:00 34868255                   /home/henriqueramos_qs/meta-learning-concept-drift/.venv/lib/python3.12/site-packages/scipy/optimize/_minpack.cpython-312-x86_64-linux-gnu.so
7002de40a000-7002de417000 r-xp 00002000 fc:00 34868255                   /home/henriqueramos_qs/meta-learning-concept-drift/.venv/lib/python3.12/site-packages/scipy/optimize/_minpack.cpython-312-x86_64-linux-gnu.so
7002de417000-7002de419000 r--p 0000f000 fc:00 34868255                   /home/henriqueramos_qs/meta-learning-concept-drift/.venv/lib/python3.12/site-packages/scipy/optimize/_minpack.cpython-312-x86_64-linux-gnu.so
7002de419000-7002de41a000 r--p 00010000 fc:00 34868255                   /home/henriqueramos_qs/meta-learning-concept-drift/.venv/lib/python3.12/site-packages/scipy/optimize/_minpack.cpython-312-x86_64-linux-gnu.so
7002de41a000-7002de41b000 rw-p 00011000 fc:00 34868255                   /home/henriqueramos_qs/meta-learning-concept-drift/.venv/lib/python3.12/site-packages/scipy/optimize/_minpack.cpython-312-x86_64-linux-gnu.so
7002de41b000-7002de41d000 r--p 00000000 fc:00 34868213                   /home/henriqueramos_qs/meta-learning-concept-drift/.venv/lib/python3.12/site-packages/scipy/optimize/_cobyla.cpython-312-x86_64-linux-gnu.so
7002de41d000-7002de42b000 r-xp 00002000 fc:00 34868213                   /home/henriqueramos_qs/meta-learning-concept-drift/.venv/lib/python3.12/site-packages/scipy/optimize/_cobyla.cpython-312-x86_64-linux-gnu.so
7002de42b000-7002de42e000 r--p 00010000 fc:00 34868213                   /home/henriqueramos_qs/meta-learning-concept-drift/.venv/lib/python3.12/site-packages/scipy/optimize/_cobyla.cpython-312-x86_64-linux-gnu.so
7002de42e000-7002de42f000 r--p 00012000 fc:00 34868213                   /home/henriqueramos_qs/meta-learning-concept-drift/.venv/lib/python3.12/site-packages/scipy/optimize/_cobyla.cpython-312-x86_64-linux-gnu.so
7002de42f000-7002de430000 rw-p 00013000 fc:00 34868213                   /home/henriqueramos_qs/meta-learning-concept-drift/.venv/lib/python3.12/site-packages/scipy/optimize/_cobyla.cpython-312-x86_64-linux-gnu.so
7002de430000-7002de432000 rw-p 00017000 fc:00 34868213                   /home/henriqueramos_qs/meta-learning-concept-drift/.venv/lib/python3.12/site-packages/scipy/optimize/_cobyla.cpython-312-x86_64-linux-gnu.so
7002de432000-7002de43f000 r--p 00000000 fc:00 34867981                   /home/henriqueramos_qs/meta-learning-concept-drift/.venv/lib/python3.12/site-packages/charset_normalizer/md__mypyc.cpython-312-x86_64-linux-gnu.so
7002de43f000-7002de45e000 r-xp 0000d000 fc:00 34867981                   /home/henriqueramos_qs/meta-learning-concept-drift/.venv/lib/python3.12/site-packages/charset_normalizer/md__mypyc.cpython-312-x86_64-linux-gnu.so
7002de45e000-7002de467000 r--p 0002c000 fc:00 34867981                   /home/henriqueramos_qs/meta-learning-concept-drift/.venv/lib/python3.12/site-packages/charset_normalizer/md__mypyc.cpython-312-x86_64-linux-gnu.so
7002de467000-7002de468000 ---p 00035000 fc:00 34867981                   /home/henriqueramos_qs/meta-learning-concept-drift/.venv/lib/python3.12/site-packages/charset_normalizer/md__mypyc.cpython-312-x86_64-linux-gnu.so
7002de468000-7002de469000 r--p 00035000 fc:00 34867981                   /home/henriqueramos_qs/meta-learning-concept-drift/.venv/lib/python3.12/site-packages/charset_normalizer/md__mypyc.cpython-312-x86_64-linux-gnu.so
7002de469000-7002de46d000 rw-p 00036000 fc:00 34867981                   /home/henriqueramos_qs/meta-learning-concept-drift/.venv/lib/python3.12/site-packages/charset_normalizer/md__mypyc.cpython-312-x86_64-linux-gnu.so
7002de46d000-7002de46e000 rw-p 00000000 00:00 0 
7002de46e000-7002de478000 r--p 00000000 fc:00 34866703                   /home/henriqueramos_qs/meta-learning-concept-drift/.venv/lib/python3.12/site-packages/numpy/fft/_pocketfft_umath.cpython-312-x86_64-linux-gnu.so
7002de478000-7002de4f4000 r-xp 0000a000 fc:00 34866703                   /home/henriqueramos_qs/meta-learning-concept-drift/.venv/lib/python3.12/site-packages/numpy/fft/_pocketfft_umath.cpython-312-x86_64-linux-gnu.so
7002de4f4000-7002de4fd000 r--p 00086000 fc:00 34866703                   /home/henriqueramos_qs/meta-learning-concept-drift/.venv/lib/python3.12/site-packages/numpy/fft/_pocketfft_umath.cpython-312-x86_64-linux-gnu.so
7002de4fd000-7002de4fe000 r--p 0008e000 fc:00 34866703                   /home/henriqueramos_qs/meta-learning-concept-drift/.venv/lib/python3.12/site-packages/numpy/fft/_pocketfft_umath.cpython-312-x86_64-linux-gnu.so
7002de4fe000-7002de4ff000 rw-p 0008f000 fc:00 34866703                   /home/henriqueramos_qs/meta-learning-concept-drift/.venv/lib/python3.12/site-packages/numpy/fft/_pocketfft_umath.cpython-312-x86_64-linux-gnu.so
7002de4ff000-7002de5ff000 rw-p 00000000 00:00 0 
7002de5ff000-7002de600000 ---p 00000000 00:00 0 
7002de600000-7002dee00000 rw-p 00000000 00:00 0 
7002dee00000-7002e0e00000 rw-p 00000000 00:00 0 
7002e0e05000-7002e0e08000 r--p 00000000 fc:00 34868252                   /home/henriqueramos_qs/meta-learning-concept-drift/.venv/lib/python3.12/site-packages/scipy/optimize/_moduleTNC.cpython-312-x86_64-linux-gnu.so
7002e0e08000-7002e0e22000 r-xp 00003000 fc:00 34868252                   /home/henriqueramos_qs/meta-learning-concept-drift/.venv/lib/python3.12/site-packages/scipy/optimize/_moduleTNC.cpython-312-x86_64-linux-gnu.so
7002e0e22000-7002e0e26000 r--p 0001d000 fc:00 34868252                   /home/henriqueramos_qs/meta-learning-concept-drift/.venv/lib/python3.12/site-packages/scipy/optimize/_moduleTNC.cpython-312-x86_64-linux-gnu.so
7002e0e26000-7002e0e27000 r--p 00020000 fc:00 34868252                   /home/henriqueramos_qs/meta-learning-concept-drift/.venv/lib/python3.12/site-packages/scipy/optimize/_moduleTNC.cpython-312-x86_64-linux-gnu.so
7002e0e27000-7002e0e28000 rw-p 00021000 fc:00 34868252                   /home/henriqueramos_qs/meta-learning-concept-drift/.venv/lib/python3.12/site-packages/scipy/optimize/_moduleTNC.cpython-312-x86_64-linux-gnu.so
7002e0e28000-7002e0e32000 r--p 00000000 fc:00 35393391                   /home/henriqueramos_qs/meta-learning-concept-drift/.venv/lib/python3.12/site-packages/pandas/_libs/parsers.cpython-312-x86_64-linux-gnu.so
7002e0e32000-7002e0e99000 r-xp 0000a000 fc:00 35393391                   /home/henriqueramos_qs/meta-learning-concept-drift/.venv/lib/python3.12/site-packages/pandas/_libs/parsers.cpython-312-x86_64-linux-gnu.so
7002e0e99000-7002e0ea7000 r--p 00071000 fc:00 35393391                   /home/henriqueramos_qs/meta-learning-concept-drift/.venv/lib/python3.12/site-packages/pandas/_libs/parsers.cpython-312-x86_64-linux-gnu.so
7002e0ea7000-7002e0ea8000 ---p 0007f000 fc:00 35393391                   /home/henriqueramos_qs/meta-learning-concept-drift/.venv/lib/python3.12/site-packages/pandas/_libs/parsers.cpython-312-x86_64-linux-gnu.so
7002e0ea8000-7002e0eaa000 r--p 0007f000 fc:00 35393391                   /home/henriqueramos_qs/meta-learning-concept-drift/.venv/lib/python3.12/site-packages/pandas/_libs/parsers.cpython-312-x86_64-linux-gnu.so
7002e0eaa000-7002e0ead000 rw-p 00081000 fc:00 35393391                   /home/henriqueramos_qs/meta-learning-concept-drift/.venv/lib/python3.12/site-packages/pandas/_libs/parsers.cpython-312-x86_64-linux-gnu.so
7002e0ead000-7002e0eaf000 rw-p 00000000 00:00 0 
7002e0eaf000-7002e0eb6000 r--p 00000000 fc:00 35393395                   /home/henriqueramos_qs/meta-learning-concept-drift/.venv/lib/python3.12/site-packages/pandas/_libs/reshape.cpython-312-x86_64-linux-gnu.so
7002e0eb6000-7002e0ef1000 r-xp 00007000 fc:00 35393395                   /home/henriqueramos_qs/meta-learning-concept-drift/.venv/lib/python3.12/site-packages/pandas/_libs/reshape.cpython-312-x86_64-linux-gnu.so
7002e0ef1000-7002e0efa000 r--p 00042000 fc:00 35393395                   /home/henriqueramos_qs/meta-learning-concept-drift/.venv/lib/python3.12/site-packages/pandas/_libs/reshape.cpython-312-x86_64-linux-gnu.so
7002e0efa000-7002e0efc000 r--p 0004a000 fc:00 35393395                   /home/henriqueramos_qs/meta-learning-concept-drift/.venv/lib/python3.12/site-packages/pandas/_libs/reshape.cpython-312-x86_64-linux-gnu.so
7002e0efc000-7002e0efe000 rw-p 0004c000 fc:00 35393395                   /home/henriqueramos_qs/meta-learning-concept-drift/.venv/lib/python3.12/site-packages/pandas/_libs/reshape.cpython-312-x86_64-linux-gnu.so
7002e0efe000-7002e0fff000 rw-p 00000000 00:00 0 
7002e0fff000-7002e1000000 ---p 00000000 00:00 0 
7002e1000000-7002e1800000 rw-p 00000000 00:00 0 
7002e1800000-7002e3800000 rw-p 00000000 00:00 0 
7002e3802000-7002e3804000 r--p 00000000 fc:00 34868256                   /home/henriqueramos_qs/meta-learning-concept-drift/.venv/lib/python3.12/site-packages/scipy/optimize/_slsqp.cpython-312-x86_64-linux-gnu.so
7002e3804000-7002e3811000 r-xp 00002000 fc:00 34868256                   /home/henriqueramos_qs/meta-learning-concept-drift/.venv/lib/python3.12/site-packages/scipy/optimize/_slsqp.cpython-312-x86_64-linux-gnu.so
7002e3811000-7002e3814000 r--p 0000f000 fc:00 34868256                   /home/henriqueramos_qs/meta-learning-concept-drift/.venv/lib/python3.12/site-packages/scipy/optimize/_slsqp.cpython-312-x86_64-linux-gnu.so
7002e3814000-7002e3815000 r--p 00011000 fc:00 34868256                   /home/henriqueramos_qs/meta-learning-concept-drift/.venv/lib/python3.12/site-packages/scipy/optimize/_slsqp.cpython-312-x86_64-linux-gnu.so
7002e3815000-7002e3816000 rw-p 00012000 fc:00 34868256                   /home/henriqueramos_qs/meta-learning-concept-drift/.venv/lib/python3.12/site-packages/scipy/optimize/_slsqp.cpython-312-x86_64-linux-gnu.so
7002e3816000-7002e3818000 r--p 00000000 fc:00 34869117                   /home/henriqueramos_qs/meta-learning-concept-drift/.venv/lib/python3.12/site-packages/scipy/spatial/_distance_wrap.cpython-312-x86_64-linux-gnu.so
7002e3818000-7002e382c000 r-xp 00002000 fc:00 34869117                   /home/henriqueramos_qs/meta-learning-concept-drift/.venv/lib/python3.12/site-packages/scipy/spatial/_distance_wrap.cpython-312-x86_64-linux-gnu.so
7002e382c000-7002e382e000 r--p 00016000 fc:00 34869117                   /home/henriqueramos_qs/meta-learning-concept-drift/.venv/lib/python3.12/site-packages/scipy/spatial/_distance_wrap.cpython-312-x86_64-linux-gnu.so
7002e382e000-7002e382f000 ---p 00018000 fc:00 34869117                   /home/henriqueramos_qs/meta-learning-concept-drift/.venv/lib/python3.12/site-packages/scipy/spatial/_distance_wrap.cpython-312-x86_64-linux-gnu.so
7002e382f000-7002e3830000 r--p 00018000 fc:00 34869117                   /home/henriqueramos_qs/meta-learning-concept-drift/.venv/lib/python3.12/site-packages/scipy/spatial/_distance_wrap.cpython-312-x86_64-linux-gnu.so
7002e3830000-7002e3831000 rw-p 00019000 fc:00 34869117                   /home/henriqueramos_qs/meta-learning-concept-drift/.venv/lib/python3.12/site-packages/scipy/spatial/_distance_wrap.cpython-312-x86_64-linux-gnu.so
7002e3831000-7002e3837000 r--p 00000000 fc:00 35393444                   /home/henriqueramos_qs/meta-learning-concept-drift/.venv/lib/python3.12/site-packages/pandas/_libs/window/indexers.cpython-312-x86_64-linux-gnu.so
7002e3837000-7002e3858000 r-xp 00006000 fc:00 35393444                   /home/henriqueramos_qs/meta-learning-concept-drift/.venv/lib/python3.12/site-packages/pandas/_libs/window/indexers.cpython-312-x86_64-linux-gnu.so
7002e3858000-7002e3860000 r--p 00027000 fc:00 35393444                   /home/henriqueramos_qs/meta-learning-concept-drift/.venv/lib/python3.12/site-packages/pandas/_libs/window/indexers.cpython-312-x86_64-linux-gnu.so
7002e3860000-7002e3861000 ---p 0002f000 fc:00 35393444                   /home/henriqueramos_qs/meta-learning-concept-drift/.venv/lib/python3.12/site-packages/pandas/_libs/window/indexers.cpython-312-x86_64-linux-gnu.so
7002e3861000-7002e3862000 r--p 0002f000 fc:00 35393444                   /home/henriqueramos_qs/meta-learning-concept-drift/.venv/lib/python3.12/site-packages/pandas/_libs/window/indexers.cpython-312-x86_64-linux-gnu.so
7002e3862000-7002e3864000 rw-p 00030000 fc:00 35393444                   /home/henriqueramos_qs/meta-learning-concept-drift/.venv/lib/python3.12/site-packages/pandas/_libs/window/indexers.cpython-312-x86_64-linux-gnu.so
7002e3864000-7002e386b000 r--p 00000000 fc:00 35393442                   /home/henriqueramos_qs/meta-learning-concept-drift/.venv/lib/python3.12/site-packages/pandas/_libs/window/aggregations.cpython-312-x86_64-linux-gnu.so
7002e386b000-7002e38b2000 r-xp 00007000 fc:00 35393442                   /home/henriqueramos_qs/meta-learning-concept-drift/.venv/lib/python3.12/site-packages/pandas/_libs/window/aggregations.cpython-312-x86_64-linux-gnu.so
7002e38b2000-7002e38be000 r--p 0004e000 fc:00 35393442                   /home/henriqueramos_qs/meta-learning-concept-drift/.venv/lib/python3.12/site-packages/pandas/_libs/window/aggregations.cpython-312-x86_64-linux-gnu.so
7002e38be000-7002e38c0000 r--p 00059000 fc:00 35393442                   /home/henriqueramos_qs/meta-learning-concept-drift/.venv/lib/python3.12/site-packages/pandas/_libs/window/aggregations.cpython-312-x86_64-linux-gnu.so
7002e38c0000-7002e38c2000 rw-p 0005b000 fc:00 35393442                   /home/henriqueramos_qs/meta-learning-concept-drift/.venv/lib/python3.12/site-packages/pandas/_libs/window/aggregations.cpython-312-x86_64-linux-gnu.so
7002e38c2000-7002e38c3000 rw-p 00000000 00:00 0 
7002e38c3000-7002e38c9000 r--p 00000000 fc:00 35393405                   /home/henriqueramos_qs/meta-learning-concept-drift/.venv/lib/python3.12/site-packages/pandas/_libs/writers.cpython-312-x86_64-linux-gnu.so
7002e38c9000-7002e38f1000 r-xp 00006000 fc:00 35393405                   /home/henriqueramos_qs/meta-learning-concept-drift/.venv/lib/python3.12/site-packages/pandas/_libs/writers.cpython-312-x86_64-linux-gnu.so
7002e38f1000-7002e38fa000 r--p 0002e000 fc:00 35393405                   /home/henriqueramos_qs/meta-learning-concept-drift/.venv/lib/python3.12/site-packages/pandas/_libs/writers.cpython-312-x86_64-linux-gnu.so
7002e38fa000-7002e38fc000 r--p 00036000 fc:00 35393405                   /home/henriqueramos_qs/meta-learning-concept-drift/.venv/lib/python3.12/site-packages/pandas/_libs/writers.cpython-312-x86_64-linux-gnu.so
7002e38fc000-7002e38fe000 rw-p 00038000 fc:00 35393405                   /home/henriqueramos_qs/meta-learning-concept-drift/.venv/lib/python3.12/site-packages/pandas/_libs/writers.cpython-312-x86_64-linux-gnu.so
7002e38fe000-7002e39ff000 rw-p 00000000 00:00 0 
7002e39ff000-7002e3a00000 ---p 00000000 00:00 0 
7002e3a00000-7002e4200000 rw-p 00000000 00:00 0 
7002e4200000-7002e6200000 rw-p 00000000 00:00 0 
7002e6200000-7002e6202000 r--p 00000000 fc:00 34868537                   /home/henriqueramos_qs/meta-learning-concept-drift/.venv/lib/python3.12/site-packages/scipy/special/_gufuncs.cpython-312-x86_64-linux-gnu.so
7002e6202000-7002e6228000 r-xp 00002000 fc:00 34868537                   /home/henriqueramos_qs/meta-learning-concept-drift/.venv/lib/python3.12/site-packages/scipy/special/_gufuncs.cpython-312-x86_64-linux-gnu.so
7002e6228000-7002e622d000 r--p 00028000 fc:00 34868537                   /home/henriqueramos_qs/meta-learning-concept-drift/.venv/lib/python3.12/site-packages/scipy/special/_gufuncs.cpython-312-x86_64-linux-gnu.so
7002e622d000-7002e622e000 r--p 0002c000 fc:00 34868537                   /home/henriqueramos_qs/meta-learning-concept-drift/.venv/lib/python3.12/site-packages/scipy/special/_gufuncs.cpython-312-x86_64-linux-gnu.so
7002e622e000-7002e622f000 rw-p 0002d000 fc:00 34868537                   /home/henriqueramos_qs/meta-learning-concept-drift/.venv/lib/python3.12/site-packages/scipy/special/_gufuncs.cpython-312-x86_64-linux-gnu.so
7002e622f000-7002e623c000 r--p 00000000 fc:00 35393369                   /home/henriqueramos_qs/meta-learning-concept-drift/.venv/lib/python3.12/site-packages/pandas/_libs/index.cpython-312-x86_64-linux-gnu.so
7002e623c000-7002e62d8000 r-xp 0000d000 fc:00 35393369                   /home/henriqueramos_qs/meta-learning-concept-drift/.venv/lib/python3.12/site-packages/pandas/_libs/index.cpython-312-x86_64-linux-gnu.so
7002e62d8000-7002e62f1000 r--p 000a9000 fc:00 35393369                   /home/henriqueramos_qs/meta-learning-concept-drift/.venv/lib/python3.12/site-packages/pandas/_libs/index.cpython-312-x86_64-linux-gnu.so
7002e62f1000-7002e62f4000 r--p 000c1000 fc:00 35393369                   /home/henriqueramos_qs/meta-learning-concept-drift/.venv/lib/python3.12/site-packages/pandas/_libs/index.cpython-312-x86_64-linux-gnu.so
7002e62f4000-7002e62fc000 rw-p 000c4000 fc:00 35393369                   /home/henriqueramos_qs/meta-learning-concept-drift/.venv/lib/python3.12/site-packages/pandas/_libs/index.cpython-312-x86_64-linux-gnu.so
7002e62fc000-7002e63ff000 rw-p 00000000 00:00 0 
7002e63ff000-7002e6400000 ---p 00000000 00:00 0 
7002e6400000-7002e6c00000 rw-p 00000000 00:00 0 
7002e6c00000-7002e8c00000 rw-p 00000000 00:00 0 
7002e8c04000-7002e8c06000 r--p 00000000 fc:00 34868341                   /home/henriqueramos_qs/meta-learning-concept-drift/.venv/lib/python3.12/site-packages/scipy/optimize/_highs/_highs_constants.cpython-312-x86_64-linux-gnu.so
7002e8c06000-7002e8c0a000 r-xp 00002000 fc:00 34868341                   /home/henriqueramos_qs/meta-learning-concept-drift/.venv/lib/python3.12/site-packages/scipy/optimize/_highs/_highs_constants.cpython-312-x86_64-linux-gnu.so
7002e8c0a000-7002e8c0b000 r--p 00006000 fc:00 34868341                   /home/henriqueramos_qs/meta-learning-concept-drift/.venv/lib/python3.12/site-packages/scipy/optimize/_highs/_highs_constants.cpython-312-x86_64-linux-gnu.so
7002e8c0b000-7002e8c0c000 r--p 00006000 fc:00 34868341                   /home/henriqueramos_qs/meta-learning-concept-drift/.venv/lib/python3.12/site-packages/scipy/optimize/_highs/_highs_constants.cpython-312-x86_64-linux-gnu.so
7002e8c0c000-7002e8c0d000 rw-p 00007000 fc:00 34868341                   /home/henriqueramos_qs/meta-learning-concept-drift/.venv/lib/python3.12/site-packages/scipy/optimize/_highs/_highs_constants.cpython-312-x86_64-linux-gnu.so
7002e8c0d000-7002e8c10000 r--p 00000000 fc:00 34868552                   /home/henriqueramos_qs/meta-learning-concept-drift/.venv/lib/python3.12/site-packages/scipy/special/_ellip_harm_2.cpython-312-x86_64-linux-gnu.so
7002e8c10000-7002e8c25000 r-xp 00003000 fc:00 34868552                   /home/henriqueramos_qs/meta-learning-concept-drift/.venv/lib/python3.12/site-packages/scipy/special/_ellip_harm_2.cpython-312-x86_64-linux-gnu.so
7002e8c25000-7002e8c28000 r--p 00018000 fc:00 34868552                   /home/henriqueramos_qs/meta-learning-concept-drift/.venv/lib/python3.12/site-packages/scipy/special/_ellip_harm_2.cpython-312-x86_64-linux-gnu.so
7002e8c28000-7002e8c29000 r--p 0001a000 fc:00 34868552                   /home/henriqueramos_qs/meta-learning-concept-drift/.venv/lib/python3.12/site-packages/scipy/special/_ellip_harm_2.cpython-312-x86_64-linux-gnu.so
7002e8c29000-7002e8c2a000 rw-p 0001b000 fc:00 34868552                   /home/henriqueramos_qs/meta-learning-concept-drift/.venv/lib/python3.12/site-packages/scipy/special/_ellip_harm_2.cpython-312-x86_64-linux-gnu.so
7002e8c2a000-7002e8c2d000 rw-p 00020000 fc:00 34868552                   /home/henriqueramos_qs/meta-learning-concept-drift/.venv/lib/python3.12/site-packages/scipy/special/_ellip_harm_2.cpython-312-x86_64-linux-gnu.so
7002e8c2d000-7002e8c35000 r--p 00000000 fc:00 35393399                   /home/henriqueramos_qs/meta-learning-concept-drift/.venv/lib/python3.12/site-packages/pandas/_libs/sparse.cpython-312-x86_64-linux-gnu.so
7002e8c35000-7002e8cea000 r-xp 00008000 fc:00 35393399                   /home/henriqueramos_qs/meta-learning-concept-drift/.venv/lib/python3.12/site-packages/pandas/_libs/sparse.cpython-312-x86_64-linux-gnu.so
7002e8cea000-7002e8cf9000 r--p 000bd000 fc:00 35393399                   /home/henriqueramos_qs/meta-learning-concept-drift/.venv/lib/python3.12/site-packages/pandas/_libs/sparse.cpython-312-x86_64-linux-gnu.so
7002e8cf9000-7002e8cfb000 r--p 000cb000 fc:00 35393399                   /home/henriqueramos_qs/meta-learning-concept-drift/.venv/lib/python3.12/site-packages/pandas/_libs/sparse.cpython-312-x86_64-linux-gnu.so
7002e8cfb000-7002e8cfe000 rw-p 000cd000 fc:00 35393399                   /home/henriqueramos_qs/meta-learning-concept-drift/.venv/lib/python3.12/site-packages/pandas/_libs/sparse.cpython-312-x86_64-linux-gnu.so
7002e8cfe000-7002e8dff000 rw-p 00000000 00:00 0 
7002e8dff000-7002e8e00000 ---p 00000000 00:00 0 
7002e8e00000-7002e9600000 rw-p 00000000 00:00 0 
7002e9600000-7002eb600000 rw-p 00000000 00:00 0 
7002eb600000-7002eb601000 r--p 00000000 fc:00 35521565                   /home/henriqueramos_qs/meta-learning-concept-drift/.venv/lib/python3.12/site-packages/torch/lib/libtorch_global_deps.so
7002eb601000-7002eb602000 r-xp 00001000 fc:00 35521565                   /home/henriqueramos_qs/meta-learning-concept-drift/.venv/lib/python3.12/site-packages/torch/lib/libtorch_global_deps.so
7002eb602000-7002eb603000 r--p 00002000 fc:00 35521565                   /home/henriqueramos_qs/meta-learning-concept-drift/.venv/lib/python3.12/site-packages/torch/lib/libtorch_global_deps.so
7002eb603000-7002eb604000 r--p 00002000 fc:00 35521565                   /home/henriqueramos_qs/meta-learning-concept-drift/.venv/lib/python3.12/site-packages/torch/lib/libtorch_global_deps.so
7002eb604000-7002eb606000 rw-p 00003000 fc:00 35521565                   /home/henriqueramos_qs/meta-learning-concept-drift/.venv/lib/python3.12/site-packages/torch/lib/libtorch_global_deps.so
7002eb606000-7002eb609000 r--p 00000000 fc:00 34868105                   /home/henriqueramos_qs/meta-learning-concept-drift/.venv/lib/python3.12/site-packages/scipy/sparse/csgraph/_tools.cpython-312-x86_64-linux-gnu.so
7002eb609000-7002eb625000 r-xp 00003000 fc:00 34868105                   /home/henriqueramos_qs/meta-learning-concept-drift/.venv/lib/python3.12/site-packages/scipy/sparse/csgraph/_tools.cpython-312-x86_64-linux-gnu.so
7002eb625000-7002eb62f000 r--p 0001f000 fc:00 34868105                   /home/henriqueramos_qs/meta-learning-concept-drift/.venv/lib/python3.12/site-packages/scipy/sparse/csgraph/_tools.cpython-312-x86_64-linux-gnu.so
7002eb62f000-7002eb630000 r--p 00028000 fc:00 34868105                   /home/henriqueramos_qs/meta-learning-concept-drift/.venv/lib/python3.12/site-packages/scipy/sparse/csgraph/_tools.cpython-312-x86_64-linux-gnu.so
7002eb630000-7002eb631000 rw-p 00029000 fc:00 34868105                   /home/henriqueramos_qs/meta-learning-concept-drift/.venv/lib/python3.12/site-packages/scipy/sparse/csgraph/_tools.cpython-312-x86_64-linux-gnu.so
7002eb631000-7002eb632000 rw-p 00000000 00:00 0 
7002eb632000-7002eb63a000 r--p 00000000 fc:00 35393373                   /home/henriqueramos_qs/meta-learning-concept-drift/.venv/lib/python3.12/site-packages/pandas/_libs/internals.cpython-312-x86_64-linux-gnu.so
7002eb63a000-7002eb67f000 r-xp 00008000 fc:00 35393373                   /home/henriqueramos_qs/meta-learning-concept-drift/.venv/lib/python3.12/site-packages/pandas/_libs/internals.cpython-312-x86_64-linux-gnu.so
7002eb67f000-7002eb68c000 r--p 0004d000 fc:00 35393373                   /home/henriqueramos_qs/meta-learning-concept-drift/.venv/lib/python3.12/site-packages/pandas/_libs/internals.cpython-312-x86_64-linux-gnu.so
7002eb68c000-7002eb68e000 r--p 00059000 fc:00 35393373                   /home/henriqueramos_qs/meta-learning-concept-drift/.venv/lib/python3.12/site-packages/pandas/_libs/internals.cpython-312-x86_64-linux-gnu.so
7002eb68e000-7002eb691000 rw-p 0005b000 fc:00 35393373                   /home/henriqueramos_qs/meta-learning-concept-drift/.venv/lib/python3.12/site-packages/pandas/_libs/internals.cpython-312-x86_64-linux-gnu.so
7002eb691000-7002eb693000 rw-p 00000000 00:00 0 
7002eb693000-7002eb69a000 r--p 00000000 fc:00 35393403                   /home/henriqueramos_qs/meta-learning-concept-drift/.venv/lib/python3.12/site-packages/pandas/_libs/tslib.cpython-312-x86_64-linux-gnu.so
7002eb69a000-7002eb6d2000 r-xp 00007000 fc:00 35393403                   /home/henriqueramos_qs/meta-learning-concept-drift/.venv/lib/python3.12/site-packages/pandas/_libs/tslib.cpython-312-x86_64-linux-gnu.so
7002eb6d2000-7002eb6dd000 r--p 0003f000 fc:00 35393403                   /home/henriqueramos_qs/meta-learning-concept-drift/.venv/lib/python3.12/site-packages/pandas/_libs/tslib.cpython-312-x86_64-linux-gnu.so
7002eb6dd000-7002eb6df000 r--p 00049000 fc:00 35393403                   /home/henriqueramos_qs/meta-learning-concept-drift/.venv/lib/python3.12/site-packages/pandas/_libs/tslib.cpython-312-x86_64-linux-gnu.so
7002eb6df000-7002eb6e1000 rw-p 0004b000 fc:00 35393403                   /home/henriqueramos_qs/meta-learning-concept-drift/.venv/lib/python3.12/site-packages/pandas/_libs/tslib.cpython-312-x86_64-linux-gnu.so
7002eb6e1000-7002eb6e2000 rw-p 00000000 00:00 0 
7002eb6e2000-7002eb716000 r--p 00000000 fc:00 35401576                   /home/henriqueramos_qs/meta-learning-concept-drift/.venv/lib/python3.12/site-packages/pyarrow/_compute.cpython-312-x86_64-linux-gnu.so
7002eb716000-7002eb7b3000 r-xp 00034000 fc:00 35401576                   /home/henriqueramos_qs/meta-learning-concept-drift/.venv/lib/python3.12/site-packages/pyarrow/_compute.cpython-312-x86_64-linux-gnu.so
7002eb7b3000-7002eb7e8000 r--p 000d1000 fc:00 35401576                   /home/henriqueramos_qs/meta-learning-concept-drift/.venv/lib/python3.12/site-packages/pyarrow/_compute.cpython-312-x86_64-linux-gnu.so
7002eb7e8000-7002eb7ee000 r--p 00105000 fc:00 35401576                   /home/henriqueramos_qs/meta-learning-concept-drift/.venv/lib/python3.12/site-packages/pyarrow/_compute.cpython-312-x86_64-linux-gnu.so
7002eb7ee000-7002eb7fb000 rw-p 0010b000 fc:00 35401576                   /home/henriqueramos_qs/meta-learning-concept-drift/.venv/lib/python3.12/site-packages/pyarrow/_compute.cpython-312-x86_64-linux-gnu.so
7002eb7fb000-7002eb7ff000 rw-p 00000000 00:00 0 
7002eb7ff000-7002eb800000 ---p 00000000 00:00 0 
7002eb800000-7002ec000000 rw-p 00000000 00:00 0 
7002ec000000-7002ee000000 rw-p 00000000 00:00 0 
7002ee004000-7002ee007000 r--p 00000000 fc:00 34868259                   /home/henriqueramos_qs/meta-learning-concept-drift/.venv/lib/python3.12/site-packages/scipy/optimize/_group_columns.cpython-312-x86_64-linux-gnu.so
7002ee007000-7002ee014000 r-xp 00003000 fc:00 34868259                   /home/henriqueramos_qs/meta-learning-concept-drift/.venv/lib/python3.12/site-packages/scipy/optimize/_group_columns.cpython-312-x86_64-linux-gnu.so
7002ee014000-7002ee017000 r--p 00010000 fc:00 34868259                   /home/henriqueramos_qs/meta-learning-concept-drift/.venv/lib/python3.12/site-packages/scipy/optimize/_group_columns.cpython-312-x86_64-linux-gnu.so
7002ee017000-7002ee018000 r--p 00012000 fc:00 34868259                   /home/henriqueramos_qs/meta-learning-concept-drift/.venv/lib/python3.12/site-packages/scipy/optimize/_group_columns.cpython-312-x86_64-linux-gnu.so
7002ee018000-7002ee019000 rw-p 00013000 fc:00 34868259                   /home/henriqueramos_qs/meta-learning-concept-drift/.venv/lib/python3.12/site-packages/scipy/optimize/_group_columns.cpython-312-x86_64-linux-gnu.so
7002ee019000-7002ee01d000 r--p 00000000 fc:00 34868409                   /home/henriqueramos_qs/meta-learning-concept-drift/.venv/lib/python3.12/site-packages/scipy/_lib/_ccallback_c.cpython-312-x86_64-linux-gnu.so
7002ee01d000-7002ee02b000 r-xp 00004000 fc:00 34868409                   /home/henriqueramos_qs/meta-learning-concept-drift/.venv/lib/python3.12/site-packages/scipy/_lib/_ccallback_c.cpython-312-x86_64-linux-gnu.so
7002ee02b000-7002ee02e000 r--p 00012000 fc:00 34868409                   /home/henriqueramos_qs/meta-learning-concept-drift/.venv/lib/python3.12/site-packages/scipy/_lib/_ccallback_c.cpython-312-x86_64-linux-gnu.so
7002ee02e000-7002ee02f000 r--p 00014000 fc:00 34868409                   /home/henriqueramos_qs/meta-learning-concept-drift/.venv/lib/python3.12/site-packages/scipy/_lib/_ccallback_c.cpython-312-x86_64-linux-gnu.so
7002ee02f000-7002ee030000 rw-p 00015000 fc:00 34868409                   /home/henriqueramos_qs/meta-learning-concept-drift/.venv/lib/python3.12/site-packages/scipy/_lib/_ccallback_c.cpython-312-x86_64-linux-gnu.so
7002ee030000-7002ee130000 rw-p 00000000 00:00 0 
7002ee130000-7002ee13c000 r--p 00000000 fc:00 35393381                   /home/henriqueramos_qs/meta-learning-concept-drift/.venv/lib/python3.12/site-packages/pandas/_libs/lib.cpython-312-x86_64-linux-gnu.so
7002ee13c000-7002ee1d8000 r-xp 0000c000 fc:00 35393381                   /home/henriqueramos_qs/meta-learning-concept-drift/.venv/lib/python3.12/site-packages/pandas/_libs/lib.cpython-312-x86_64-linux-gnu.so
7002ee1d8000-7002ee1f3000 r--p 000a8000 fc:00 35393381                   /home/henriqueramos_qs/meta-learning-concept-drift/.venv/lib/python3.12/site-packages/pandas/_libs/lib.cpython-312-x86_64-linux-gnu.so
7002ee1f3000-7002ee1f4000 ---p 000c3000 fc:00 35393381                   /home/henriqueramos_qs/meta-learning-concept-drift/.venv/lib/python3.12/site-packages/pandas/_libs/lib.cpython-312-x86_64-linux-gnu.so
7002ee1f4000-7002ee1f7000 r--p 000c3000 fc:00 35393381                   /home/henriqueramos_qs/meta-learning-concept-drift/.venv/lib/python3.12/site-packages/pandas/_libs/lib.cpython-312-x86_64-linux-gnu.so
7002ee1f7000-7002ee1fd000 rw-p 000c6000 fc:00 35393381                   /home/henriqueramos_qs/meta-learning-concept-drift/.venv/lib/python3.12/site-packages/pandas/_libs/lib.cpython-312-x86_64-linux-gnu.so
7002ee1fd000-7002ee1ff000 rw-p 00000000 00:00 0 
7002ee1ff000-7002ee200000 ---p 00000000 00:00 0 
7002ee200000-7002eea00000 rw-p 00000000 00:00 0 
7002eea00000-7002f0a00000 rw-p 00000000 00:00 0 
7002f0a03000-7002f0a06000 r--p 00000000 fc:00 34868389                   /home/henriqueramos_qs/meta-learning-concept-drift/.venv/lib/python3.12/site-packages/scipy/_lib/messagestream.cpython-312-x86_64-linux-gnu.so
7002f0a06000-7002f0a11000 r-xp 00003000 fc:00 34868389                   /home/henriqueramos_qs/meta-learning-concept-drift/.venv/lib/python3.12/site-packages/scipy/_lib/messagestream.cpython-312-x86_64-linux-gnu.so
7002f0a11000-7002f0a14000 r--p 0000e000 fc:00 34868389                   /home/henriqueramos_qs/meta-learning-concept-drift/.venv/lib/python3.12/site-packages/scipy/_lib/messagestream.cpython-312-x86_64-linux-gnu.so
7002f0a14000-7002f0a15000 r--p 00010000 fc:00 34868389                   /home/henriqueramos_qs/meta-learning-concept-drift/.venv/lib/python3.12/site-packages/scipy/_lib/messagestream.cpython-312-x86_64-linux-gnu.so
7002f0a15000-7002f0a16000 rw-p 00011000 fc:00 34868389                   /home/henriqueramos_qs/meta-learning-concept-drift/.venv/lib/python3.12/site-packages/scipy/_lib/messagestream.cpython-312-x86_64-linux-gnu.so
7002f0a16000-7002f0a22000 r--p 00000000 fc:00 35393357                   /home/henriqueramos_qs/meta-learning-concept-drift/.venv/lib/python3.12/site-packages/pandas/_libs/algos.cpython-312-x86_64-linux-gnu.so
7002f0a22000-7002f0bd0000 r-xp 0000c000 fc:00 35393357                   /home/henriqueramos_qs/meta-learning-concept-drift/.venv/lib/python3.12/site-packages/pandas/_libs/algos.cpython-312-x86_64-linux-gnu.so
7002f0bd0000-7002f0bf4000 r--p 001ba000 fc:00 35393357                   /home/henriqueramos_qs/meta-learning-concept-drift/.venv/lib/python3.12/site-packages/pandas/_libs/algos.cpython-312-x86_64-linux-gnu.so
7002f0bf4000-7002f0bf5000 ---p 001de000 fc:00 35393357                   /home/henriqueramos_qs/meta-learning-concept-drift/.venv/lib/python3.12/site-packages/pandas/_libs/algos.cpython-312-x86_64-linux-gnu.so
7002f0bf5000-7002f0bf8000 r--p 001de000 fc:00 35393357                   /home/henriqueramos_qs/meta-learning-concept-drift/.venv/lib/python3.12/site-packages/pandas/_libs/algos.cpython-312-x86_64-linux-gnu.so
7002f0bf8000-7002f0bfc000 rw-p 001e1000 fc:00 35393357                   /home/henriqueramos_qs/meta-learning-concept-drift/.venv/lib/python3.12/site-packages/pandas/_libs/algos.cpython-312-x86_64-linux-gnu.so
7002f0bfc000-7002f0bff000 rw-p 00000000 00:00 0 
7002f0bff000-7002f0c00000 ---p 00000000 00:00 0 
7002f0c00000-7002f1400000 rw-p 00000000 00:00 0 
7002f1400000-7002f5400000 rw-p 00000000 00:00 0 
7002f5404000-7002f5407000 r--p 00000000 fc:00 34868526                   /home/henriqueramos_qs/meta-learning-concept-drift/.venv/lib/python3.12/site-packages/scipy/special/_comb.cpython-312-x86_64-linux-gnu.so
7002f5407000-7002f540e000 r-xp 00003000 fc:00 34868526                   /home/henriqueramos_qs/meta-learning-concept-drift/.venv/lib/python3.12/site-packages/scipy/special/_comb.cpython-312-x86_64-linux-gnu.so
7002f540e000-7002f5410000 r--p 0000a000 fc:00 34868526                   /home/henriqueramos_qs/meta-learning-concept-drift/.venv/lib/python3.12/site-packages/scipy/special/_comb.cpython-312-x86_64-linux-gnu.so
7002f5410000-7002f5411000 r--p 0000b000 fc:00 34868526                   /home/henriqueramos_qs/meta-learning-concept-drift/.venv/lib/python3.12/site-packages/scipy/special/_comb.cpython-312-x86_64-linux-gnu.so
7002f5411000-7002f5412000 rw-p 0000c000 fc:00 34868526                   /home/henriqueramos_qs/meta-learning-concept-drift/.venv/lib/python3.12/site-packages/scipy/special/_comb.cpython-312-x86_64-linux-gnu.so
7002f5412000-7002f5418000 r--p 00000000 fc:00 35393365                   /home/henriqueramos_qs/meta-learning-concept-drift/.venv/lib/python3.12/site-packages/pandas/_libs/hashing.cpython-312-x86_64-linux-gnu.so
7002f5418000-7002f543a000 r-xp 00006000 fc:00 35393365                   /home/henriqueramos_qs/meta-learning-concept-drift/.venv/lib/python3.12/site-packages/pandas/_libs/hashing.cpython-312-x86_64-linux-gnu.so
7002f543a000-7002f5442000 r--p 00028000 fc:00 35393365                   /home/henriqueramos_qs/meta-learning-concept-drift/.venv/lib/python3.12/site-packages/pandas/_libs/hashing.cpython-312-x86_64-linux-gnu.so
7002f5442000-7002f5443000 r--p 0002f000 fc:00 35393365                   /home/henriqueramos_qs/meta-learning-concept-drift/.venv/lib/python3.12/site-packages/pandas/_libs/hashing.cpython-312-x86_64-linux-gnu.so
7002f5443000-7002f5445000 rw-p 00030000 fc:00 35393365                   /home/henriqueramos_qs/meta-learning-concept-drift/.venv/lib/python3.12/site-packages/pandas/_libs/hashing.cpython-312-x86_64-linux-gnu.so
7002f5445000-7002f5446000 rw-p 00000000 00:00 0 
7002f5446000-7002f544c000 r--p 00000000 fc:00 35393385                   /home/henriqueramos_qs/meta-learning-concept-drift/.venv/lib/python3.12/site-packages/pandas/_libs/ops.cpython-312-x86_64-linux-gnu.so
7002f544c000-7002f5476000 r-xp 00006000 fc:00 35393385                   /home/henriqueramos_qs/meta-learning-concept-drift/.venv/lib/python3.12/site-packages/pandas/_libs/ops.cpython-312-x86_64-linux-gnu.so
7002f5476000-7002f547f000 r--p 00030000 fc:00 35393385                   /home/henriqueramos_qs/meta-learning-concept-drift/.venv/lib/python3.12/site-packages/pandas/_libs/ops.cpython-312-x86_64-linux-gnu.so
7002f547f000-7002f5480000 ---p 00039000 fc:00 35393385                   /home/henriqueramos_qs/meta-learning-concept-drift/.venv/lib/python3.12/site-packages/pandas/_libs/ops.cpython-312-x86_64-linux-gnu.so
7002f5480000-7002f5481000 r--p 00039000 fc:00 35393385                   /home/henriqueramos_qs/meta-learning-concept-drift/.venv/lib/python3.12/site-packages/pandas/_libs/ops.cpython-312-x86_64-linux-gnu.so
7002f5481000-7002f5483000 rw-p 0003a000 fc:00 35393385                   /home/henriqueramos_qs/meta-learning-concept-drift/.venv/lib/python3.12/site-packages/pandas/_libs/ops.cpython-312-x86_64-linux-gnu.so
7002f5483000-7002f5584000 rw-p 00000000 00:00 0 
7002f5584000-7002f558d000 r--p 00000000 fc:00 35393426                   /home/henriqueramos_qs/meta-learning-concept-drift/.venv/lib/python3.12/site-packages/pandas/_libs/tslibs/period.cpython-312-x86_64-linux-gnu.so
7002f558d000-7002f55dd000 r-xp 00009000 fc:00 35393426                   /home/henriqueramos_qs/meta-learning-concept-drift/.venv/lib/python3.12/site-packages/pandas/_libs/tslibs/period.cpython-312-x86_64-linux-gnu.so
7002f55dd000-7002f55f7000 r--p 00059000 fc:00 35393426                   /home/henriqueramos_qs/meta-learning-concept-drift/.venv/lib/python3.12/site-packages/pandas/_libs/tslibs/period.cpython-312-x86_64-linux-gnu.so
7002f55f7000-7002f55fa000 r--p 00072000 fc:00 35393426                   /home/henriqueramos_qs/meta-learning-concept-drift/.venv/lib/python3.12/site-packages/pandas/_libs/tslibs/period.cpython-312-x86_64-linux-gnu.so
7002f55fa000-7002f55fd000 rw-p 00075000 fc:00 35393426                   /home/henriqueramos_qs/meta-learning-concept-drift/.venv/lib/python3.12/site-packages/pandas/_libs/tslibs/period.cpython-312-x86_64-linux-gnu.so
7002f55fd000-7002f55fe000 rw-p 00000000 00:00 0 
7002f55fe000-7002f55ff000 ---p 00000000 00:00 0 
7002f55ff000-7002f5dff000 rw-p 00000000 00:00 0 
7002f5dff000-7002f5e00000 ---p 00000000 00:00 0 
7002f5e00000-7002f6600000 rw-p 00000000 00:00 0 
7002f6600000-7002f8600000 rw-p 00000000 00:00 0 
7002f8605000-7002f8608000 r--p 00000000 08:05 8394174                    /usr/lib/python3.12/lib-dynload/_multibytecodec.cpython-312-x86_64-linux-gnu.so
7002f8608000-7002f860f000 r-xp 00003000 08:05 8394174                    /usr/lib/python3.12/lib-dynload/_multibytecodec.cpython-312-x86_64-linux-gnu.so
7002f860f000-7002f8611000 r--p 0000a000 08:05 8394174                    /usr/lib/python3.12/lib-dynload/_multibytecodec.cpython-312-x86_64-linux-gnu.so
7002f8611000-7002f8612000 r--p 0000b000 08:05 8394174                    /usr/lib/python3.12/lib-dynload/_multibytecodec.cpython-312-x86_64-linux-gnu.so
7002f8612000-7002f8613000 rw-p 0000c000 08:05 8394174                    /usr/lib/python3.12/lib-dynload/_multibytecodec.cpython-312-x86_64-linux-gnu.so
7002f8613000-7002f861a000 r--p 00000000 fc:00 35393428                   /home/henriqueramos_qs/meta-learning-concept-drift/.venv/lib/python3.12/site-packages/pandas/_libs/tslibs/strptime.cpython-312-x86_64-linux-gnu.so
7002f861a000-7002f865d000 r-xp 00007000 fc:00 35393428                   /home/henriqueramos_qs/meta-learning-concept-drift/.venv/lib/python3.12/site-packages/pandas/_libs/tslibs/strptime.cpython-312-x86_64-linux-gnu.so
7002f865d000-7002f8668000 r--p 0004a000 fc:00 35393428                   /home/henriqueramos_qs/meta-learning-concept-drift/.venv/lib/python3.12/site-packages/pandas/_libs/tslibs/strptime.cpython-312-x86_64-linux-gnu.so
7002f8668000-7002f8669000 ---p 00055000 fc:00 35393428                   /home/henriqueramos_qs/meta-learning-concept-drift/.venv/lib/python3.12/site-packages/pandas/_libs/tslibs/strptime.cpython-312-x86_64-linux-gnu.so
7002f8669000-7002f866b000 r--p 00055000 fc:00 35393428                   /home/henriqueramos_qs/meta-learning-concept-drift/.venv/lib/python3.12/site-packages/pandas/_libs/tslibs/strptime.cpython-312-x86_64-linux-gnu.so
7002f866b000-7002f866d000 rw-p 00057000 fc:00 35393428                   /home/henriqueramos_qs/meta-learning-concept-drift/.venv/lib/python3.12/site-packages/pandas/_libs/tslibs/strptime.cpython-312-x86_64-linux-gnu.so
7002f866d000-7002f866e000 rw-p 00000000 00:00 0 
7002f866e000-7002f8676000 r--p 00000000 fc:00 35393424                   /home/henriqueramos_qs/meta-learning-concept-drift/.venv/lib/python3.12/site-packages/pandas/_libs/tslibs/parsing.cpython-312-x86_64-linux-gnu.so
7002f8676000-7002f86c1000 r-xp 00008000 fc:00 35393424                   /home/henriqueramos_qs/meta-learning-concept-drift/.venv/lib/python3.12/site-packages/pandas/_libs/tslibs/parsing.cpython-312-x86_64-linux-gnu.so
7002f86c1000-7002f86cf000 r--p 00053000 fc:00 35393424                   /home/henriqueramos_qs/meta-learning-concept-drift/.venv/lib/python3.12/site-packages/pandas/_libs/tslibs/parsing.cpython-312-x86_64-linux-gnu.so
7002f86cf000-7002f86d0000 ---p 00061000 fc:00 35393424                   /home/henriqueramos_qs/meta-learning-concept-drift/.venv/lib/python3.12/site-packages/pandas/_libs/tslibs/parsing.cpython-312-x86_64-linux-gnu.so
7002f86d0000-7002f86d2000 r--p 00061000 fc:00 35393424                   /home/henriqueramos_qs/meta-learning-concept-drift/.venv/lib/python3.12/site-packages/pandas/_libs/tslibs/parsing.cpython-312-x86_64-linux-gnu.so
7002f86d2000-7002f86d5000 rw-p 00063000 fc:00 35393424                   /home/henriqueramos_qs/meta-learning-concept-drift/.venv/lib/python3.12/site-packages/pandas/_libs/tslibs/parsing.cpython-312-x86_64-linux-gnu.so
7002f86d5000-7002f86d6000 rw-p 00000000 00:00 0 
7002f86d6000-7002f86dc000 r--p 00000000 fc:00 35393436                   /home/henriqueramos_qs/meta-learning-concept-drift/.venv/lib/python3.12/site-packages/pandas/_libs/tslibs/tzconversion.cpython-312-x86_64-linux-gnu.so
7002f86dc000-7002f8714000 r-xp 00006000 fc:00 35393436                   /home/henriqueramos_qs/meta-learning-concept-drift/.venv/lib/python3.12/site-packages/pandas/_libs/tslibs/tzconversion.cpython-312-x86_64-linux-gnu.so
7002f8714000-7002f871e000 r--p 0003e000 fc:00 35393436                   /home/henriqueramos_qs/meta-learning-concept-drift/.venv/lib/python3.12/site-packages/pandas/_libs/tslibs/tzconversion.cpython-312-x86_64-linux-gnu.so
7002f871e000-7002f8720000 r--p 00047000 fc:00 35393436                   /home/henriqueramos_qs/meta-learning-concept-drift/.venv/lib/python3.12/site-packages/pandas/_libs/tslibs/tzconversion.cpython-312-x86_64-linux-gnu.so
7002f8720000-7002f8722000 rw-p 00049000 fc:00 35393436                   /home/henriqueramos_qs/meta-learning-concept-drift/.venv/lib/python3.12/site-packages/pandas/_libs/tslibs/tzconversion.cpython-312-x86_64-linux-gnu.so
7002f8722000-7002f8723000 rw-p 00000000 00:00 0 
7002f8723000-7002f872a000 r--p 00000000 fc:00 35393416                   /home/henriqueramos_qs/meta-learning-concept-drift/.venv/lib/python3.12/site-packages/pandas/_libs/tslibs/fields.cpython-312-x86_64-linux-gnu.so
7002f872a000-7002f8762000 r-xp 00007000 fc:00 35393416                   /home/henriqueramos_qs/meta-learning-concept-drift/.venv/lib/python3.12/site-packages/pandas/_libs/tslibs/fields.cpython-312-x86_64-linux-gnu.so
7002f8762000-7002f876d000 r--p 0003f000 fc:00 35393416                   /home/henriqueramos_qs/meta-learning-concept-drift/.venv/lib/python3.12/site-packages/pandas/_libs/tslibs/fields.cpython-312-x86_64-linux-gnu.so
7002f876d000-7002f876e000 ---p 0004a000 fc:00 35393416                   /home/henriqueramos_qs/meta-learning-concept-drift/.venv/lib/python3.12/site-packages/pandas/_libs/tslibs/fields.cpython-312-x86_64-linux-gnu.so
7002f876e000-7002f8770000 r--p 0004a000 fc:00 35393416                   /home/henriqueramos_qs/meta-learning-concept-drift/.venv/lib/python3.12/site-packages/pandas/_libs/tslibs/fields.cpython-312-x86_64-linux-gnu.so
7002f8770000-7002f8772000 rw-p 0004c000 fc:00 35393416                   /home/henriqueramos_qs/meta-learning-concept-drift/.venv/lib/python3.12/site-packages/pandas/_libs/tslibs/fields.cpython-312-x86_64-linux-gnu.so
7002f8772000-7002f8773000 rw-p 00000000 00:00 0 
7002f8773000-7002f877d000 r--p 00000000 fc:00 35393430                   /home/henriqueramos_qs/meta-learning-concept-drift/.venv/lib/python3.12/site-packages/pandas/_libs/tslibs/timedeltas.cpython-312-x86_64-linux-gnu.so
7002f877d000-7002f87e1000 r-xp 0000a000 fc:00 35393430                   /home/henriqueramos_qs/meta-learning-concept-drift/.venv/lib/python3.12/site-packages/pandas/_libs/tslibs/timedeltas.cpython-312-x86_64-linux-gnu.so
7002f87e1000-7002f87f7000 r--p 0006e000 fc:00 35393430                   /home/henriqueramos_qs/meta-learning-concept-drift/.venv/lib/python3.12/site-packages/pandas/_libs/tslibs/timedeltas.cpython-312-x86_64-linux-gnu.so
7002f87f7000-7002f87fa000 r--p 00083000 fc:00 35393430                   /home/henriqueramos_qs/meta-learning-concept-drift/.venv/lib/python3.12/site-packages/pandas/_libs/tslibs/timedeltas.cpython-312-x86_64-linux-gnu.so
7002f87fa000-7002f87fd000 rw-p 00086000 fc:00 35393430                   /home/henriqueramos_qs/meta-learning-concept-drift/.venv/lib/python3.12/site-packages/pandas/_libs/tslibs/timedeltas.cpython-312-x86_64-linux-gnu.so
7002f87fd000-7002f87ff000 rw-p 00000000 00:00 0 
7002f87ff000-7002f8800000 ---p 00000000 00:00 0 
7002f8800000-7002f9000000 rw-p 00000000 00:00 0 
7002f9000000-7002fb000000 rw-p 00000000 00:00 0 
7002fb005000-7002fb015000 r--p 00000000 fc:00 35393422                   /home/henriqueramos_qs/meta-learning-concept-drift/.venv/lib/python3.12/site-packages/pandas/_libs/tslibs/offsets.cpython-312-x86_64-linux-gnu.so
7002fb015000-7002fb0c5000 r-xp 00010000 fc:00 35393422                   /home/henriqueramos_qs/meta-learning-concept-drift/.venv/lib/python3.12/site-packages/pandas/_libs/tslibs/offsets.cpython-312-x86_64-linux-gnu.so
7002fb0c5000-7002fb0ed000 r--p 000c0000 fc:00 35393422                   /home/henriqueramos_qs/meta-learning-concept-drift/.venv/lib/python3.12/site-packages/pandas/_libs/tslibs/offsets.cpython-312-x86_64-linux-gnu.so
7002fb0ed000-7002fb0ee000 ---p 000e8000 fc:00 35393422                   /home/henriqueramos_qs/meta-learning-concept-drift/.venv/lib/python3.12/site-packages/pandas/_libs/tslibs/offsets.cpython-312-x86_64-linux-gnu.so
7002fb0ee000-7002fb0f2000 r--p 000e8000 fc:00 35393422                   /home/henriqueramos_qs/meta-learning-concept-drift/.venv/lib/python3.12/site-packages/pandas/_libs/tslibs/offsets.cpython-312-x86_64-linux-gnu.so
7002fb0f2000-7002fb0fc000 rw-p 000ec000 fc:00 35393422                   /home/henriqueramos_qs/meta-learning-concept-drift/.venv/lib/python3.12/site-packages/pandas/_libs/tslibs/offsets.cpython-312-x86_64-linux-gnu.so
7002fb0fc000-7002fb1ff000 rw-p 00000000 00:00 0 
7002fb1ff000-7002fb200000 ---p 00000000 00:00 0 
7002fb200000-7002fba00000 rw-p 00000000 00:00 0 
7002fba00000-7002ffa00000 rw-p 00000000 00:00 0 
7002ffa03000-7002ffa07000 r--p 00000000 fc:00 35393401                   /home/henriqueramos_qs/meta-learning-concept-drift/.venv/lib/python3.12/site-packages/pandas/_libs/testing.cpython-312-x86_64-linux-gnu.so
7002ffa07000-7002ffa1b000 r-xp 00004000 fc:00 35393401                   /home/henriqueramos_qs/meta-learning-concept-drift/.venv/lib/python3.12/site-packages/pandas/_libs/testing.cpython-312-x86_64-linux-gnu.so
7002ffa1b000-7002ffa1f000 r--p 00018000 fc:00 35393401                   /home/henriqueramos_qs/meta-learning-concept-drift/.venv/lib/python3.12/site-packages/pandas/_libs/testing.cpython-312-x86_64-linux-gnu.so
7002ffa1f000-7002ffa20000 r--p 0001b000 fc:00 35393401                   /home/henriqueramos_qs/meta-learning-concept-drift/.venv/lib/python3.12/site-packages/pandas/_libs/testing.cpython-312-x86_64-linux-gnu.so
7002ffa20000-7002ffa21000 rw-p 0001c000 fc:00 35393401                   /home/henriqueramos_qs/meta-learning-concept-drift/.venv/lib/python3.12/site-packages/pandas/_libs/testing.cpython-312-x86_64-linux-gnu.so
7002ffa21000-7002ffa2c000 r--p 00000000 fc:00 35393432                   /home/henriqueramos_qs/meta-learning-concept-drift/.venv/lib/python3.12/site-packages/pandas/_libs/tslibs/timestamps.cpython-312-x86_64-linux-gnu.so
7002ffa2c000-7002ffa8b000 r-xp 0000b000 fc:00 35393432                   /home/henriqueramos_qs/meta-learning-concept-drift/.venv/lib/python3.12/site-packages/pandas/_libs/tslibs/timestamps.cpython-312-x86_64-linux-gnu.so
7002ffa8b000-7002ffaad000 r--p 0006a000 fc:00 35393432                   /home/henriqueramos_qs/meta-learning-concept-drift/.venv/lib/python3.12/site-packages/pandas/_libs/tslibs/timestamps.cpython-312-x86_64-linux-gnu.so
7002ffaad000-7002ffaae000 ---p 0008c000 fc:00 35393432                   /home/henriqueramos_qs/meta-learning-concept-drift/.venv/lib/python3.12/site-packages/pandas/_libs/tslibs/timestamps.cpython-312-x86_64-linux-gnu.so
7002ffaae000-7002ffab1000 r--p 0008c000 fc:00 35393432                   /home/henriqueramos_qs/meta-learning-concept-drift/.venv/lib/python3.12/site-packages/pandas/_libs/tslibs/timestamps.cpython-312-x86_64-linux-gnu.so
7002ffab1000-7002ffab4000 rw-p 0008f000 fc:00 35393432                   /home/henriqueramos_qs/meta-learning-concept-drift/.venv/lib/python3.12/site-packages/pandas/_libs/tslibs/timestamps.cpython-312-x86_64-linux-gnu.so
7002ffab4000-7002ffab6000 rw-p 00000000 00:00 0 
7002ffab6000-7002ffac3000 r--p 00000000 fc:00 35393375                   /home/henriqueramos_qs/meta-learning-concept-drift/.venv/lib/python3.12/site-packages/pandas/_libs/interval.cpython-312-x86_64-linux-gnu.so
7002ffac3000-7002ffbcf000 r-xp 0000d000 fc:00 35393375                   /home/henriqueramos_qs/meta-learning-concept-drift/.venv/lib/python3.12/site-packages/pandas/_libs/interval.cpython-312-x86_64-linux-gnu.so
7002ffbcf000-7002ffbf4000 r--p 00119000 fc:00 35393375                   /home/henriqueramos_qs/meta-learning-concept-drift/.venv/lib/python3.12/site-packages/pandas/_libs/interval.cpython-312-x86_64-linux-gnu.so
7002ffbf4000-7002ffbf6000 r--p 0013d000 fc:00 35393375                   /home/henriqueramos_qs/meta-learning-concept-drift/.venv/lib/python3.12/site-packages/pandas/_libs/interval.cpython-312-x86_64-linux-gnu.so
7002ffbf6000-7002ffbfd000 rw-p 0013f000 fc:00 35393375                   /home/henriqueramos_qs/meta-learning-concept-drift/.venv/lib/python3.12/site-packages/pandas/_libs/interval.cpython-312-x86_64-linux-gnu.so
7002ffbfd000-7002ffbff000 rw-p 00000000 00:00 0 
7002ffbff000-7002ffc00000 ---p 00000000 00:00 0 
7002ffc00000-700300400000 rw-p 00000000 00:00 0 
700300400000-700302400000 rw-p 00000000 00:00 0 
700302401000-700302403000 r--p 00000000 fc:00 35400431                   /home/henriqueramos_qs/meta-learning-concept-drift/.venv/lib/python3.12/site-packages/sklearn/utils/_heap.cpython-312-x86_64-linux-gnu.so
700302403000-700302404000 r-xp 00002000 fc:00 35400431                   /home/henriqueramos_qs/meta-learning-concept-drift/.venv/lib/python3.12/site-packages/sklearn/utils/_heap.cpython-312-x86_64-linux-gnu.so
700302404000-700302405000 r--p 00003000 fc:00 35400431                   /home/henriqueramos_qs/meta-learning-concept-drift/.venv/lib/python3.12/site-packages/sklearn/utils/_heap.cpython-312-x86_64-linux-gnu.so
700302405000-700302406000 r--p 00003000 fc:00 35400431                   /home/henriqueramos_qs/meta-learning-concept-drift/.venv/lib/python3.12/site-packages/sklearn/utils/_heap.cpython-312-x86_64-linux-gnu.so
700302406000-700302407000 rw-p 00004000 fc:00 35400431                   /home/henriqueramos_qs/meta-learning-concept-drift/.venv/lib/python3.12/site-packages/sklearn/utils/_heap.cpython-312-x86_64-linux-gnu.so
700302407000-700302409000 r--p 00000000 fc:00 35393379                   /home/henriqueramos_qs/meta-learning-concept-drift/.venv/lib/python3.12/site-packages/pandas/_libs/json.cpython-312-x86_64-linux-gnu.so
700302409000-700302412000 r-xp 00002000 fc:00 35393379                   /home/henriqueramos_qs/meta-learning-concept-drift/.venv/lib/python3.12/site-packages/pandas/_libs/json.cpython-312-x86_64-linux-gnu.so
700302412000-700302416000 r--p 0000b000 fc:00 35393379                   /home/henriqueramos_qs/meta-learning-concept-drift/.venv/lib/python3.12/site-packages/pandas/_libs/json.cpython-312-x86_64-linux-gnu.so
700302416000-700302417000 r--p 0000e000 fc:00 35393379                   /home/henriqueramos_qs/meta-learning-concept-drift/.venv/lib/python3.12/site-packages/pandas/_libs/json.cpython-312-x86_64-linux-gnu.so
700302417000-700302418000 rw-p 0000f000 fc:00 35393379                   /home/henriqueramos_qs/meta-learning-concept-drift/.venv/lib/python3.12/site-packages/pandas/_libs/json.cpython-312-x86_64-linux-gnu.so
700302418000-70030241c000 r--p 00000000 fc:00 35393371                   /home/henriqueramos_qs/meta-learning-concept-drift/.venv/lib/python3.12/site-packages/pandas/_libs/indexing.cpython-312-x86_64-linux-gnu.so
70030241c000-700302424000 r-xp 00004000 fc:00 35393371                   /home/henriqueramos_qs/meta-learning-concept-drift/.venv/lib/python3.12/site-packages/pandas/_libs/indexing.cpython-312-x86_64-linux-gnu.so
700302424000-700302427000 r--p 0000c000 fc:00 35393371                   /home/henriqueramos_qs/meta-learning-concept-drift/.venv/lib/python3.12/site-packages/pandas/_libs/indexing.cpython-312-x86_64-linux-gnu.so
700302427000-700302428000 r--p 0000e000 fc:00 35393371                   /home/henriqueramos_qs/meta-learning-concept-drift/.venv/lib/python3.12/site-packages/pandas/_libs/indexing.cpython-312-x86_64-linux-gnu.so
700302428000-700302429000 rw-p 0000f000 fc:00 35393371                   /home/henriqueramos_qs/meta-learning-concept-drift/.venv/lib/python3.12/site-packages/pandas/_libs/indexing.cpython-312-x86_64-linux-gnu.so
700302429000-70030242f000 r--p 00000000 fc:00 34996757                   /home/henriqueramos_qs/meta-learning-concept-drift/.venv/lib/python3.12/site-packages/river/utils/vectordict.cpython-312-x86_64-linux-gnu.so
70030242f000-70030245d000 r-xp 00006000 fc:00 34996757                   /home/henriqueramos_qs/meta-learning-concept-drift/.venv/lib/python3.12/site-packages/river/utils/vectordict.cpython-312-x86_64-linux-gnu.so
70030245d000-700302465000 r--p 00034000 fc:00 34996757                   /home/henriqueramos_qs/meta-learning-concept-drift/.venv/lib/python3.12/site-packages/river/utils/vectordict.cpython-312-x86_64-linux-gnu.so
700302465000-700302466000 r--p 0003b000 fc:00 34996757                   /home/henriqueramos_qs/meta-learning-concept-drift/.venv/lib/python3.12/site-packages/river/utils/vectordict.cpython-312-x86_64-linux-gnu.so
700302466000-70030246a000 rw-p 0003c000 fc:00 34996757                   /home/henriqueramos_qs/meta-learning-concept-drift/.venv/lib/python3.12/site-packages/river/utils/vectordict.cpython-312-x86_64-linux-gnu.so
70030246a000-70030256a000 rw-p 00000000 00:00 0 
70030256a000-70030256f000 r--p 00000000 fc:00 34869054                   /home/henriqueramos_qs/meta-learning-concept-drift/.venv/lib/python3.12/site-packages/scipy/signal/_peak_finding_utils.cpython-312-x86_64-linux-gnu.so
70030256f000-70030259e000 r-xp 00005000 fc:00 34869054                   /home/henriqueramos_qs/meta-learning-concept-drift/.venv/lib/python3.12/site-packages/scipy/signal/_peak_finding_utils.cpython-312-x86_64-linux-gnu.so
70030259e000-7003025a7000 r--p 00034000 fc:00 34869054                   /home/henriqueramos_qs/meta-learning-concept-drift/.venv/lib/python3.12/site-packages/scipy/signal/_peak_finding_utils.cpython-312-x86_64-linux-gnu.so
7003025a7000-7003025a8000 ---p 0003d000 fc:00 34869054                   /home/henriqueramos_qs/meta-learning-concept-drift/.venv/lib/python3.12/site-packages/scipy/signal/_peak_finding_utils.cpython-312-x86_64-linux-gnu.so
7003025a8000-7003025a9000 r--p 0003d000 fc:00 34869054                   /home/henriqueramos_qs/meta-learning-concept-drift/.venv/lib/python3.12/site-packages/scipy/signal/_peak_finding_utils.cpython-312-x86_64-linux-gnu.so
7003025a9000-7003025ab000 rw-p 0003e000 fc:00 34869054                   /home/henriqueramos_qs/meta-learning-concept-drift/.venv/lib/python3.12/site-packages/scipy/signal/_peak_finding_utils.cpython-312-x86_64-linux-gnu.so
7003025ab000-7003025ac000 rw-p 00000000 00:00 0 
7003025ac000-7003025af000 r--p 00000000 fc:00 34869029                   /home/henriqueramos_qs/meta-learning-concept-drift/.venv/lib/python3.12/site-packages/scipy/signal/_spectral.cpython-312-x86_64-linux-gnu.so
7003025af000-7003025b7000 r-xp 00003000 fc:00 34869029                   /home/henriqueramos_qs/meta-learning-concept-drift/.venv/lib/python3.12/site-packages/scipy/signal/_spectral.cpython-312-x86_64-linux-gnu.so
7003025b7000-7003025ba000 r--p 0000b000 fc:00 34869029                   /home/henriqueramos_qs/meta-learning-concept-drift/.venv/lib/python3.12/site-packages/scipy/signal/_spectral.cpython-312-x86_64-linux-gnu.so
7003025ba000-7003025bb000 r--p 0000d000 fc:00 34869029                   /home/henriqueramos_qs/meta-learning-concept-drift/.venv/lib/python3.12/site-packages/scipy/signal/_spectral.cpython-312-x86_64-linux-gnu.so
7003025bb000-7003025bc000 rw-p 0000e000 fc:00 34869029                   /home/henriqueramos_qs/meta-learning-concept-drift/.venv/lib/python3.12/site-packages/scipy/signal/_spectral.cpython-312-x86_64-linux-gnu.so
7003025bc000-7003025c1000 r--p 00000000 fc:00 34869027                   /home/henriqueramos_qs/meta-learning-concept-drift/.venv/lib/python3.12/site-packages/scipy/signal/_sosfilt.cpython-312-x86_64-linux-gnu.so
7003025c1000-7003025f3000 r-xp 00005000 fc:00 34869027                   /home/henriqueramos_qs/meta-learning-concept-drift/.venv/lib/python3.12/site-packages/scipy/signal/_sosfilt.cpython-312-x86_64-linux-gnu.so
7003025f3000-7003025fb000 r--p 00037000 fc:00 34869027                   /home/henriqueramos_qs/meta-learning-concept-drift/.venv/lib/python3.12/site-packages/scipy/signal/_sosfilt.cpython-312-x86_64-linux-gnu.so
7003025fb000-7003025fc000 r--p 0003e000 fc:00 34869027                   /home/henriqueramos_qs/meta-learning-concept-drift/.venv/lib/python3.12/site-packages/scipy/signal/_sosfilt.cpython-312-x86_64-linux-gnu.so
7003025fc000-7003025fe000 rw-p 0003f000 fc:00 34869027                   /home/henriqueramos_qs/meta-learning-concept-drift/.venv/lib/python3.12/site-packages/scipy/signal/_sosfilt.cpython-312-x86_64-linux-gnu.so
7003025fe000-7003025ff000 rw-p 00000000 00:00 0 
7003025ff000-700302600000 ---p 00000000 00:00 0 
700302600000-700302e00000 rw-p 00000000 00:00 0 
700302e00000-700304e00000 rw-p 00000000 00:00 0 
700304e03000-700304e09000 r--p 00000000 fc:00 35393438                   /home/henriqueramos_qs/meta-learning-concept-drift/.venv/lib/python3.12/site-packages/pandas/_libs/tslibs/vectorized.cpython-312-x86_64-linux-gnu.so
700304e09000-700304e30000 r-xp 00006000 fc:00 35393438                   /home/henriqueramos_qs/meta-learning-concept-drift/.venv/lib/python3.12/site-packages/pandas/_libs/tslibs/vectorized.cpython-312-x86_64-linux-gnu.so
700304e30000-700304e39000 r--p 0002d000 fc:00 35393438                   /home/henriqueramos_qs/meta-learning-concept-drift/.venv/lib/python3.12/site-packages/pandas/_libs/tslibs/vectorized.cpython-312-x86_64-linux-gnu.so
700304e39000-700304e3a000 ---p 00036000 fc:00 35393438                   /home/henriqueramos_qs/meta-learning-concept-drift/.venv/lib/python3.12/site-packages/pandas/_libs/tslibs/vectorized.cpython-312-x86_64-linux-gnu.so
700304e3a000-700304e3b000 r--p 00036000 fc:00 35393438                   /home/henriqueramos_qs/meta-learning-concept-drift/.venv/lib/python3.12/site-packages/pandas/_libs/tslibs/vectorized.cpython-312-x86_64-linux-gnu.so
700304e3b000-700304e3d000 rw-p 00037000 fc:00 35393438                   /home/henriqueramos_qs/meta-learning-concept-drift/.venv/lib/python3.12/site-packages/pandas/_libs/tslibs/vectorized.cpython-312-x86_64-linux-gnu.so
700304e3d000-700304e3e000 rw-p 00000000 00:00 0 
700304e3e000-700304e44000 r--p 00000000 fc:00 35393434                   /home/henriqueramos_qs/meta-learning-concept-drift/.venv/lib/python3.12/site-packages/pandas/_libs/tslibs/timezones.cpython-312-x86_64-linux-gnu.so
700304e44000-700304e72000 r-xp 00006000 fc:00 35393434                   /home/henriqueramos_qs/meta-learning-concept-drift/.venv/lib/python3.12/site-packages/pandas/_libs/tslibs/timezones.cpython-312-x86_64-linux-gnu.so
700304e72000-700304e7c000 r--p 00034000 fc:00 35393434                   /home/henriqueramos_qs/meta-learning-concept-drift/.venv/lib/python3.12/site-packages/pandas/_libs/tslibs/timezones.cpython-312-x86_64-linux-gnu.so
700304e7c000-700304e7e000 r--p 0003d000 fc:00 35393434                   /home/henriqueramos_qs/meta-learning-concept-drift/.venv/lib/python3.12/site-packages/pandas/_libs/tslibs/timezones.cpython-312-x86_64-linux-gnu.so
700304e7e000-700304e80000 rw-p 0003f000 fc:00 35393434                   /home/henriqueramos_qs/meta-learning-concept-drift/.venv/lib/python3.12/site-packages/pandas/_libs/tslibs/timezones.cpython-312-x86_64-linux-gnu.so
700304e80000-700304e81000 rw-p 00000000 00:00 0 
700304e81000-700304ed8000 r--p 00000000 fc:00 35401657                   /home/henriqueramos_qs/meta-learning-concept-drift/.venv/lib/python3.12/site-packages/pyarrow/libarrow_acero.so.2100
700304ed8000-700304fbc000 r-xp 00057000 fc:00 35401657                   /home/henriqueramos_qs/meta-learning-concept-drift/.venv/lib/python3.12/site-packages/pyarrow/libarrow_acero.so.2100
700304fbc000-700304ff5000 r--p 0013b000 fc:00 35401657                   /home/henriqueramos_qs/meta-learning-concept-drift/.venv/lib/python3.12/site-packages/pyarrow/libarrow_acero.so.2100
700304ff5000-700304ff6000 ---p 00174000 fc:00 35401657                   /home/henriqueramos_qs/meta-learning-concept-drift/.venv/lib/python3.12/site-packages/pyarrow/libarrow_acero.so.2100
700304ff6000-700304ffb000 r--p 00174000 fc:00 35401657                   /home/henriqueramos_qs/meta-learning-concept-drift/.venv/lib/python3.12/site-packages/pyarrow/libarrow_acero.so.2100
700304ffb000-700304ffe000 rw-p 00179000 fc:00 35401657                   /home/henriqueramos_qs/meta-learning-concept-drift/.venv/lib/python3.12/site-packages/pyarrow/libarrow_acero.so.2100
700304ffe000-700304fff000 ---p 00000000 00:00 0 
700304fff000-7003057ff000 rw-p 00000000 00:00 0 
7003057ff000-700305800000 ---p 00000000 00:00 0 
700305800000-700306000000 rw-p 00000000 00:00 0 
700306000000-70030a000000 rw-p 00000000 00:00 0 
70030a001000-70030a006000 r--p 00000000 fc:00 35393359                   /home/henriqueramos_qs/meta-learning-concept-drift/.venv/lib/python3.12/site-packages/pandas/_libs/arrays.cpython-312-x86_64-linux-gnu.so
70030a006000-70030a019000 r-xp 00005000 fc:00 35393359                   /home/henriqueramos_qs/meta-learning-concept-drift/.venv/lib/python3.12/site-packages/pandas/_libs/arrays.cpython-312-x86_64-linux-gnu.so
70030a019000-70030a01e000 r--p 00018000 fc:00 35393359                   /home/henriqueramos_qs/meta-learning-concept-drift/.venv/lib/python3.12/site-packages/pandas/_libs/arrays.cpython-312-x86_64-linux-gnu.so
70030a01e000-70030a01f000 r--p 0001c000 fc:00 35393359                   /home/henriqueramos_qs/meta-learning-concept-drift/.venv/lib/python3.12/site-packages/pandas/_libs/arrays.cpython-312-x86_64-linux-gnu.so
70030a01f000-70030a021000 rw-p 0001d000 fc:00 35393359                   /home/henriqueramos_qs/meta-learning-concept-drift/.venv/lib/python3.12/site-packages/pandas/_libs/arrays.cpython-312-x86_64-linux-gnu.so
70030a021000-70030a025000 r--p 00000000 fc:00 35393387                   /home/henriqueramos_qs/meta-learning-concept-drift/.venv/lib/python3.12/site-packages/pandas/_libs/ops_dispatch.cpython-312-x86_64-linux-gnu.so
70030a025000-70030a02c000 r-xp 00004000 fc:00 35393387                   /home/henriqueramos_qs/meta-learning-concept-drift/.venv/lib/python3.12/site-packages/pandas/_libs/ops_dispatch.cpython-312-x86_64-linux-gnu.so
70030a02c000-70030a02e000 r--p 0000b000 fc:00 35393387                   /home/henriqueramos_qs/meta-learning-concept-drift/.venv/lib/python3.12/site-packages/pandas/_libs/ops_dispatch.cpython-312-x86_64-linux-gnu.so
70030a02e000-70030a02f000 ---p 0000d000 fc:00 35393387                   /home/henriqueramos_qs/meta-learning-concept-drift/.venv/lib/python3.12/site-packages/pandas/_libs/ops_dispatch.cpython-312-x86_64-linux-gnu.so
70030a02f000-70030a030000 r--p 0000d000 fc:00 35393387                   /home/henriqueramos_qs/meta-learning-concept-drift/.venv/lib/python3.12/site-packages/pandas/_libs/ops_dispatch.cpython-312-x86_64-linux-gnu.so
70030a030000-70030a031000 rw-p 0000e000 fc:00 35393387                   /home/henriqueramos_qs/meta-learning-concept-drift/.venv/lib/python3.12/site-packages/pandas/_libs/ops_dispatch.cpython-312-x86_64-linux-gnu.so
70030a031000-70030a0da000 r--p 00000000 fc:00 35401659                   /home/henriqueramos_qs/meta-learning-concept-drift/.venv/lib/python3.12/site-packages/pyarrow/libarrow_dataset.so.2100
70030a0da000-70030a1ae000 r-xp 000a9000 fc:00 35401659                   /home/henriqueramos_qs/meta-learning-concept-drift/.venv/lib/python3.12/site-packages/pyarrow/libarrow_dataset.so.2100
70030a1ae000-70030a1f3000 r--p 0017d000 fc:00 35401659                   /home/henriqueramos_qs/meta-learning-concept-drift/.venv/lib/python3.12/site-packages/pyarrow/libarrow_dataset.so.2100
70030a1f3000-70030a1f4000 ---p 001c2000 fc:00 35401659                   /home/henriqueramos_qs/meta-learning-concept-drift/.venv/lib/python3.12/site-packages/pyarrow/libarrow_dataset.so.2100
70030a1f4000-70030a1fc000 r--p 001c2000 fc:00 35401659                   /home/henriqueramos_qs/meta-learning-concept-drift/.venv/lib/python3.12/site-packages/pyarrow/libarrow_dataset.so.2100
70030a1fc000-70030a1fe000 rw-p 001ca000 fc:00 35401659                   /home/henriqueramos_qs/meta-learning-concept-drift/.venv/lib/python3.12/site-packages/pyarrow/libarrow_dataset.so.2100
70030a1fe000-70030a1ff000 rw-p 00000000 00:00 0 
70030a1ff000-70030a200000 ---p 00000000 00:00 0 
70030a200000-70030aa00000 rw-p 00000000 00:00 0 
70030aa00000-70030ca00000 rw-p 00000000 00:00 0 
70030ca02000-70030ca8f000 r--p 00000000 fc:00 35401662                   /home/henriqueramos_qs/meta-learning-concept-drift/.venv/lib/python3.12/site-packages/pyarrow/libarrow_python.so.2100
70030ca8f000-70030cbaa000 r-xp 0008d000 fc:00 35401662                   /home/henriqueramos_qs/meta-learning-concept-drift/.venv/lib/python3.12/site-packages/pyarrow/libarrow_python.so.2100
70030cbaa000-70030cbee000 r--p 001a8000 fc:00 35401662                   /home/henriqueramos_qs/meta-learning-concept-drift/.venv/lib/python3.12/site-packages/pyarrow/libarrow_python.so.2100
70030cbee000-70030cbfa000 r--p 001eb000 fc:00 35401662                   /home/henriqueramos_qs/meta-learning-concept-drift/.venv/lib/python3.12/site-packages/pyarrow/libarrow_python.so.2100
70030cbfa000-70030cbfd000 rw-p 001f7000 fc:00 35401662                   /home/henriqueramos_qs/meta-learning-concept-drift/.venv/lib/python3.12/site-packages/pyarrow/libarrow_python.so.2100
70030cbfd000-70030cbfe000 ---p 00000000 00:00 0 
70030cbfe000-70030d3fe000 rw-p 00000000 00:00 0 
70030d3fe000-70030d3ff000 ---p 00000000 00:00 0 
70030d3ff000-70030dbff000 rw-p 00000000 00:00 0 
70030dbff000-70030dc00000 ---p 00000000 00:00 0 
70030dc00000-70030e400000 rw-p 00000000 00:00 0 
70030e400000-70030e676000 r-xp 00000000 fc:00 34867494                   /home/henriqueramos_qs/meta-learning-concept-drift/.venv/lib/python3.12/site-packages/numpy.libs/libgfortran-040039e1-0352e75f.so.5.0.0
70030e676000-70030e875000 ---p 00276000 fc:00 34867494                   /home/henriqueramos_qs/meta-learning-concept-drift/.venv/lib/python3.12/site-packages/numpy.libs/libgfortran-040039e1-0352e75f.so.5.0.0
70030e875000-70030e876000 r--p 00275000 fc:00 34867494                   /home/henriqueramos_qs/meta-learning-concept-drift/.venv/lib/python3.12/site-packages/numpy.libs/libgfortran-040039e1-0352e75f.so.5.0.0
70030e876000-70030e878000 rw-p 00276000 fc:00 34867494                   /home/henriqueramos_qs/meta-learning-concept-drift/.venv/lib/python3.12/site-packages/numpy.libs/libgfortran-040039e1-0352e75f.so.5.0.0
70030e878000-70030e8b1000 rw-p 0027b000 fc:00 34867494                   /home/henriqueramos_qs/meta-learning-concept-drift/.venv/lib/python3.12/site-packages/numpy.libs/libgfortran-040039e1-0352e75f.so.5.0.0
70030e8b1000-70030e8b2000 r--p 00000000 fc:00 34868225                   /home/henriqueramos_qs/meta-learning-concept-drift/.venv/lib/python3.12/site-packages/scipy/optimize/_lsap.cpython-312-x86_64-linux-gnu.so
70030e8b2000-70030e8b4000 r-xp 00001000 fc:00 34868225                   /home/henriqueramos_qs/meta-learning-concept-drift/.venv/lib/python3.12/site-packages/scipy/optimize/_lsap.cpython-312-x86_64-linux-gnu.so
70030e8b4000-70030e8b6000 r--p 00003000 fc:00 34868225                   /home/henriqueramos_qs/meta-learning-concept-drift/.venv/lib/python3.12/site-packages/scipy/optimize/_lsap.cpython-312-x86_64-linux-gnu.so
70030e8b6000-70030e8b7000 r--p 00004000 fc:00 34868225                   /home/henriqueramos_qs/meta-learning-concept-drift/.venv/lib/python3.12/site-packages/scipy/optimize/_lsap.cpython-312-x86_64-linux-gnu.so
70030e8b7000-70030e8b8000 rw-p 00005000 fc:00 34868225                   /home/henriqueramos_qs/meta-learning-concept-drift/.venv/lib/python3.12/site-packages/scipy/optimize/_lsap.cpython-312-x86_64-linux-gnu.so
70030e8b8000-70030e8bc000 r--p 00000000 fc:00 35393393                   /home/henriqueramos_qs/meta-learning-concept-drift/.venv/lib/python3.12/site-packages/pandas/_libs/properties.cpython-312-x86_64-linux-gnu.so
70030e8bc000-70030e8c9000 r-xp 00004000 fc:00 35393393                   /home/henriqueramos_qs/meta-learning-concept-drift/.venv/lib/python3.12/site-packages/pandas/_libs/properties.cpython-312-x86_64-linux-gnu.so
70030e8c9000-70030e8cc000 r--p 00011000 fc:00 35393393                   /home/henriqueramos_qs/meta-learning-concept-drift/.venv/lib/python3.12/site-packages/pandas/_libs/properties.cpython-312-x86_64-linux-gnu.so
70030e8cc000-70030e8cd000 ---p 00014000 fc:00 35393393                   /home/henriqueramos_qs/meta-learning-concept-drift/.venv/lib/python3.12/site-packages/pandas/_libs/properties.cpython-312-x86_64-linux-gnu.so
70030e8cd000-70030e8ce000 r--p 00014000 fc:00 35393393                   /home/henriqueramos_qs/meta-learning-concept-drift/.venv/lib/python3.12/site-packages/pandas/_libs/properties.cpython-312-x86_64-linux-gnu.so
70030e8ce000-70030e8cf000 rw-p 00015000 fc:00 35393393                   /home/henriqueramos_qs/meta-learning-concept-drift/.venv/lib/python3.12/site-packages/pandas/_libs/properties.cpython-312-x86_64-linux-gnu.so
70030e8cf000-70030e8d0000 rw-p 00000000 00:00 0 
70030e8d0000-70030e8d2000 r--p 00000000 08:05 8394189                    /usr/lib/python3.12/lib-dynload/_zoneinfo.cpython-312-x86_64-linux-gnu.so
70030e8d2000-70030e8da000 r-xp 00002000 08:05 8394189                    /usr/lib/python3.12/lib-dynload/_zoneinfo.cpython-312-x86_64-linux-gnu.so
70030e8da000-70030e8dc000 r--p 0000a000 08:05 8394189                    /usr/lib/python3.12/lib-dynload/_zoneinfo.cpython-312-x86_64-linux-gnu.so
70030e8dc000-70030e8dd000 r--p 0000b000 08:05 8394189                    /usr/lib/python3.12/lib-dynload/_zoneinfo.cpython-312-x86_64-linux-gnu.so
70030e8dd000-70030e8de000 rw-p 0000c000 08:05 8394189                    /usr/lib/python3.12/lib-dynload/_zoneinfo.cpython-312-x86_64-linux-gnu.so
70030e8de000-70030e8e4000 r--p 00000000 fc:00 35393418                   /home/henriqueramos_qs/meta-learning-concept-drift/.venv/lib/python3.12/site-packages/pandas/_libs/tslibs/nattype.cpython-312-x86_64-linux-gnu.so
70030e8e4000-70030e902000 r-xp 00006000 fc:00 35393418                   /home/henriqueramos_qs/meta-learning-concept-drift/.venv/lib/python3.12/site-packages/pandas/_libs/tslibs/nattype.cpython-312-x86_64-linux-gnu.so
70030e902000-70030e90f000 r--p 00024000 fc:00 35393418                   /home/henriqueramos_qs/meta-learning-concept-drift/.venv/lib/python3.12/site-packages/pandas/_libs/tslibs/nattype.cpython-312-x86_64-linux-gnu.so
70030e90f000-70030e911000 r--p 00030000 fc:00 35393418                   /home/henriqueramos_qs/meta-learning-concept-drift/.venv/lib/python3.12/site-packages/pandas/_libs/tslibs/nattype.cpython-312-x86_64-linux-gnu.so
70030e911000-70030e913000 rw-p 00032000 fc:00 35393418                   /home/henriqueramos_qs/meta-learning-concept-drift/.venv/lib/python3.12/site-packages/pandas/_libs/tslibs/nattype.cpython-312-x86_64-linux-gnu.so
70030e913000-70030e914000 rw-p 00000000 00:00 0 
70030e914000-70030e91c000 r--p 00000000 fc:00 34866633                   /home/henriqueramos_qs/meta-learning-concept-drift/.venv/lib/python3.12/site-packages/numpy/random/_generator.cpython-312-x86_64-linux-gnu.so
70030e91c000-70030e9a2000 r-xp 00008000 fc:00 34866633                   /home/henriqueramos_qs/meta-learning-concept-drift/.venv/lib/python3.12/site-packages/numpy/random/_generator.cpython-312-x86_64-linux-gnu.so
70030e9a2000-70030e9fa000 r--p 0008e000 fc:00 34866633                   /home/henriqueramos_qs/meta-learning-concept-drift/.venv/lib/python3.12/site-packages/numpy/random/_generator.cpython-312-x86_64-linux-gnu.so
70030e9fa000-70030e9fb000 r--p 000e5000 fc:00 34866633                   /home/henriqueramos_qs/meta-learning-concept-drift/.venv/lib/python3.12/site-packages/numpy/random/_generator.cpython-312-x86_64-linux-gnu.so
70030e9fb000-70030e9fe000 rw-p 000e6000 fc:00 34866633                   /home/henriqueramos_qs/meta-learning-concept-drift/.venv/lib/python3.12/site-packages/numpy/random/_generator.cpython-312-x86_64-linux-gnu.so
70030e9fe000-70030ea00000 rw-p 00000000 00:00 0 
70030ea00000-70030eaae000 r--p 00000000 fc:00 34867495                   /home/henriqueramos_qs/meta-learning-concept-drift/.venv/lib/python3.12/site-packages/numpy.libs/libscipy_openblas64_-ff651d7f.so
70030eaae000-70030fbd4000 r-xp 000ae000 fc:00 34867495                   /home/henriqueramos_qs/meta-learning-concept-drift/.venv/lib/python3.12/site-packages/numpy.libs/libscipy_openblas64_-ff651d7f.so
70030fbd4000-70030fd87000 r--p 011d4000 fc:00 34867495                   /home/henriqueramos_qs/meta-learning-concept-drift/.venv/lib/python3.12/site-packages/numpy.libs/libscipy_openblas64_-ff651d7f.so
70030fd87000-70030fd8d000 r--p 01386000 fc:00 34867495                   /home/henriqueramos_qs/meta-learning-concept-drift/.venv/lib/python3.12/site-packages/numpy.libs/libscipy_openblas64_-ff651d7f.so
70030fd8d000-70030fd99000 rw-p 0138c000 fc:00 34867495                   /home/henriqueramos_qs/meta-learning-concept-drift/.venv/lib/python3.12/site-packages/numpy.libs/libscipy_openblas64_-ff651d7f.so
70030fd99000-70030fda0000 rw-p 00000000 00:00 0 
70030fda0000-70030fead000 rw-p 01455000 fc:00 34867495                   /home/henriqueramos_qs/meta-learning-concept-drift/.venv/lib/python3.12/site-packages/numpy.libs/libscipy_openblas64_-ff651d7f.so
70030fead000-70030feae000 r--p 00000000 08:05 8420176                    /usr/lib/x86_64-linux-gnu/libutil.so.1
70030feae000-70030feaf000 r-xp 00001000 08:05 8420176                    /usr/lib/x86_64-linux-gnu/libutil.so.1
70030feaf000-70030feb0000 r--p 00002000 08:05 8420176                    /usr/lib/x86_64-linux-gnu/libutil.so.1
70030feb0000-70030feb1000 r--p 00002000 08:05 8420176                    /usr/lib/x86_64-linux-gnu/libutil.so.1
70030feb1000-70030feb2000 rw-p 00003000 08:05 8420176                    /usr/lib/x86_64-linux-gnu/libutil.so.1
70030feb2000-70030feb3000 r--p 00000000 fc:00 34868273                   /home/henriqueramos_qs/meta-learning-concept-drift/.venv/lib/python3.12/site-packages/scipy/optimize/_zeros.cpython-312-x86_64-linux-gnu.so
70030feb3000-70030feb5000 r-xp 00001000 fc:00 34868273                   /home/henriqueramos_qs/meta-learning-concept-drift/.venv/lib/python3.12/site-packages/scipy/optimize/_zeros.cpython-312-x86_64-linux-gnu.so
70030feb5000-70030feb6000 r--p 00003000 fc:00 34868273                   /home/henriqueramos_qs/meta-learning-concept-drift/.venv/lib/python3.12/site-packages/scipy/optimize/_zeros.cpython-312-x86_64-linux-gnu.so
70030feb6000-70030feb7000 r--p 00003000 fc:00 34868273                   /home/henriqueramos_qs/meta-learning-concept-drift/.venv/lib/python3.12/site-packages/scipy/optimize/_zeros.cpython-312-x86_64-linux-gnu.so
70030feb7000-70030feb8000 rw-p 00004000 fc:00 34868273                   /home/henriqueramos_qs/meta-learning-concept-drift/.venv/lib/python3.12/site-packages/scipy/optimize/_zeros.cpython-312-x86_64-linux-gnu.so
70030feb8000-70030febf000 r--p 00000000 fc:00 35393412                   /home/henriqueramos_qs/meta-learning-concept-drift/.venv/lib/python3.12/site-packages/pandas/_libs/tslibs/conversion.cpython-312-x86_64-linux-gnu.so
70030febf000-70030fef1000 r-xp 00007000 fc:00 35393412                   /home/henriqueramos_qs/meta-learning-concept-drift/.venv/lib/python3.12/site-packages/pandas/_libs/tslibs/conversion.cpython-312-x86_64-linux-gnu.so
70030fef1000-70030fefb000 r--p 00039000 fc:00 35393412                   /home/henriqueramos_qs/meta-learning-concept-drift/.venv/lib/python3.12/site-packages/pandas/_libs/tslibs/conversion.cpython-312-x86_64-linux-gnu.so
70030fefb000-70030fefd000 r--p 00042000 fc:00 35393412                   /home/henriqueramos_qs/meta-learning-concept-drift/.venv/lib/python3.12/site-packages/pandas/_libs/tslibs/conversion.cpython-312-x86_64-linux-gnu.so
70030fefd000-70030feff000 rw-p 00044000 fc:00 35393412                   /home/henriqueramos_qs/meta-learning-concept-drift/.venv/lib/python3.12/site-packages/pandas/_libs/tslibs/conversion.cpython-312-x86_64-linux-gnu.so
70030feff000-700310021000 rw-p 00000000 00:00 0 
700310021000-700314000000 ---p 00000000 00:00 0 
700314000000-700314029000 rw-p 00000000 00:00 0 
700314029000-700318000000 ---p 00000000 00:00 0 
700318000000-700318021000 rw-p 00000000 00:00 0 
700318021000-70031c000000 ---p 00000000 00:00 0 
70031c000000-70031c021000 rw-p 00000000 00:00 0 
70031c021000-700320000000 ---p 00000000 00:00 0 
700320000000-700320021000 rw-p 00000000 00:00 0 
700320021000-700324000000 ---p 00000000 00:00 0 
700324000000-700324200000 rw-p 00000000 00:00 0 
700324200000-70032423b000 r-xp 00000000 fc:00 34867493                   /home/henriqueramos_qs/meta-learning-concept-drift/.venv/lib/python3.12/site-packages/numpy.libs/libquadmath-96973f99-934c22de.so.0.0.0
70032423b000-70032443a000 ---p 0003b000 fc:00 34867493                   /home/henriqueramos_qs/meta-learning-concept-drift/.venv/lib/python3.12/site-packages/numpy.libs/libquadmath-96973f99-934c22de.so.0.0.0
70032443a000-70032443b000 r--p 0003a000 fc:00 34867493                   /home/henriqueramos_qs/meta-learning-concept-drift/.venv/lib/python3.12/site-packages/numpy.libs/libquadmath-96973f99-934c22de.so.0.0.0
70032443b000-70032443e000 rw-p 0003b000 fc:00 34867493                   /home/henriqueramos_qs/meta-learning-concept-drift/.venv/lib/python3.12/site-packages/numpy.libs/libquadmath-96973f99-934c22de.so.0.0.0
700324440000-700324441000 r--p 00000000 fc:00 34868540                   /home/henriqueramos_qs/meta-learning-concept-drift/.venv/lib/python3.12/site-packages/scipy/special/libsf_error_state.so
700324441000-700324442000 r-xp 00001000 fc:00 34868540                   /home/henriqueramos_qs/meta-learning-concept-drift/.venv/lib/python3.12/site-packages/scipy/special/libsf_error_state.so
700324442000-700324443000 r--p 00002000 fc:00 34868540                   /home/henriqueramos_qs/meta-learning-concept-drift/.venv/lib/python3.12/site-packages/scipy/special/libsf_error_state.so
700324443000-700324444000 r--p 00002000 fc:00 34868540                   /home/henriqueramos_qs/meta-learning-concept-drift/.venv/lib/python3.12/site-packages/scipy/special/libsf_error_state.so
700324444000-700324445000 rw-p 00003000 fc:00 34868540                   /home/henriqueramos_qs/meta-learning-concept-drift/.venv/lib/python3.12/site-packages/scipy/special/libsf_error_state.so
700324445000-70032444b000 r--p 00000000 fc:00 34866616                   /home/henriqueramos_qs/meta-learning-concept-drift/.venv/lib/python3.12/site-packages/numpy/random/mtrand.cpython-312-x86_64-linux-gnu.so
70032444b000-7003244a8000 r-xp 00006000 fc:00 34866616                   /home/henriqueramos_qs/meta-learning-concept-drift/.venv/lib/python3.12/site-packages/numpy/random/mtrand.cpython-312-x86_64-linux-gnu.so
7003244a8000-7003244fb000 r--p 00063000 fc:00 34866616                   /home/henriqueramos_qs/meta-learning-concept-drift/.venv/lib/python3.12/site-packages/numpy/random/mtrand.cpython-312-x86_64-linux-gnu.so
7003244fb000-7003244fc000 r--p 000b5000 fc:00 34866616                   /home/henriqueramos_qs/meta-learning-concept-drift/.venv/lib/python3.12/site-packages/numpy/random/mtrand.cpython-312-x86_64-linux-gnu.so
7003244fc000-7003244fe000 rw-p 000b6000 fc:00 34866616                   /home/henriqueramos_qs/meta-learning-concept-drift/.venv/lib/python3.12/site-packages/numpy/random/mtrand.cpython-312-x86_64-linux-gnu.so
7003244fe000-700324600000 rw-p 00000000 00:00 0 
700324600000-700324628000 r--p 00000000 fc:00 34867266                   /home/henriqueramos_qs/meta-learning-concept-drift/.venv/lib/python3.12/site-packages/numpy/_core/_multiarray_umath.cpython-312-x86_64-linux-gnu.so
700324628000-700324dcf000 r-xp 00028000 fc:00 34867266                   /home/henriqueramos_qs/meta-learning-concept-drift/.venv/lib/python3.12/site-packages/numpy/_core/_multiarray_umath.cpython-312-x86_64-linux-gnu.so
700324dcf000-700324f5e000 r--p 007cf000 fc:00 34867266                   /home/henriqueramos_qs/meta-learning-concept-drift/.venv/lib/python3.12/site-packages/numpy/_core/_multiarray_umath.cpython-312-x86_64-linux-gnu.so
700324f5e000-700324f61000 r--p 0095d000 fc:00 34867266                   /home/henriqueramos_qs/meta-learning-concept-drift/.venv/lib/python3.12/site-packages/numpy/_core/_multiarray_umath.cpython-312-x86_64-linux-gnu.so
700324f61000-700324f83000 rw-p 00960000 fc:00 34867266                   /home/henriqueramos_qs/meta-learning-concept-drift/.venv/lib/python3.12/site-packages/numpy/_core/_multiarray_umath.cpython-312-x86_64-linux-gnu.so
700324f83000-700324f9b000 rw-p 00000000 00:00 0 
700324f9b000-700324fa5000 rw-p 009f8000 fc:00 34867266                   /home/henriqueramos_qs/meta-learning-concept-drift/.venv/lib/python3.12/site-packages/numpy/_core/_multiarray_umath.cpython-312-x86_64-linux-gnu.so
700324fa6000-700324fa9000 r--p 00000000 fc:00 35399520                   /home/henriqueramos_qs/meta-learning-concept-drift/.venv/lib/python3.12/site-packages/sklearn/__check_build/_check_build.cpython-312-x86_64-linux-gnu.so
700324fa9000-700324fac000 r-xp 00003000 fc:00 35399520                   /home/henriqueramos_qs/meta-learning-concept-drift/.venv/lib/python3.12/site-packages/sklearn/__check_build/_check_build.cpython-312-x86_64-linux-gnu.so
700324fac000-700324fae000 r--p 00006000 fc:00 35399520                   /home/henriqueramos_qs/meta-learning-concept-drift/.venv/lib/python3.12/site-packages/sklearn/__check_build/_check_build.cpython-312-x86_64-linux-gnu.so
700324fae000-700324faf000 r--p 00007000 fc:00 35399520                   /home/henriqueramos_qs/meta-learning-concept-drift/.venv/lib/python3.12/site-packages/sklearn/__check_build/_check_build.cpython-312-x86_64-linux-gnu.so
700324faf000-700324fb0000 rw-p 00008000 fc:00 35399520                   /home/henriqueramos_qs/meta-learning-concept-drift/.venv/lib/python3.12/site-packages/sklearn/__check_build/_check_build.cpython-312-x86_64-linux-gnu.so
700324fb0000-700324fb3000 r--p 00000000 fc:00 35393409                   /home/henriqueramos_qs/meta-learning-concept-drift/.venv/lib/python3.12/site-packages/pandas/_libs/tslibs/base.cpython-312-x86_64-linux-gnu.so
700324fb3000-700324fba000 r-xp 00003000 fc:00 35393409                   /home/henriqueramos_qs/meta-learning-concept-drift/.venv/lib/python3.12/site-packages/pandas/_libs/tslibs/base.cpython-312-x86_64-linux-gnu.so
700324fba000-700324fbc000 r--p 0000a000 fc:00 35393409                   /home/henriqueramos_qs/meta-learning-concept-drift/.venv/lib/python3.12/site-packages/pandas/_libs/tslibs/base.cpython-312-x86_64-linux-gnu.so
700324fbc000-700324fbd000 ---p 0000c000 fc:00 35393409                   /home/henriqueramos_qs/meta-learning-concept-drift/.venv/lib/python3.12/site-packages/pandas/_libs/tslibs/base.cpython-312-x86_64-linux-gnu.so
700324fbd000-700324fbe000 r--p 0000c000 fc:00 35393409                   /home/henriqueramos_qs/meta-learning-concept-drift/.venv/lib/python3.12/site-packages/pandas/_libs/tslibs/base.cpython-312-x86_64-linux-gnu.so
700324fbe000-700324fbf000 rw-p 0000d000 fc:00 35393409                   /home/henriqueramos_qs/meta-learning-concept-drift/.venv/lib/python3.12/site-packages/pandas/_libs/tslibs/base.cpython-312-x86_64-linux-gnu.so
700324fbf000-700324fc3000 r--p 00000000 fc:00 35393420                   /home/henriqueramos_qs/meta-learning-concept-drift/.venv/lib/python3.12/site-packages/pandas/_libs/tslibs/np_datetime.cpython-312-x86_64-linux-gnu.so
700324fc3000-700324fd8000 r-xp 00004000 fc:00 35393420                   /home/henriqueramos_qs/meta-learning-concept-drift/.venv/lib/python3.12/site-packages/pandas/_libs/tslibs/np_datetime.cpython-312-x86_64-linux-gnu.so
700324fd8000-700324fdd000 r--p 00019000 fc:00 35393420                   /home/henriqueramos_qs/meta-learning-concept-drift/.venv/lib/python3.12/site-packages/pandas/_libs/tslibs/np_datetime.cpython-312-x86_64-linux-gnu.so
700324fdd000-700324fde000 ---p 0001e000 fc:00 35393420                   /home/henriqueramos_qs/meta-learning-concept-drift/.venv/lib/python3.12/site-packages/pandas/_libs/tslibs/np_datetime.cpython-312-x86_64-linux-gnu.so
700324fde000-700324fdf000 r--p 0001e000 fc:00 35393420                   /home/henriqueramos_qs/meta-learning-concept-drift/.venv/lib/python3.12/site-packages/pandas/_libs/tslibs/np_datetime.cpython-312-x86_64-linux-gnu.so
700324fdf000-700324fe0000 rw-p 0001f000 fc:00 35393420                   /home/henriqueramos_qs/meta-learning-concept-drift/.venv/lib/python3.12/site-packages/pandas/_libs/tslibs/np_datetime.cpython-312-x86_64-linux-gnu.so
700324fe0000-700324fe1000 rw-p 00000000 00:00 0 
700324fe1000-700324fe5000 r--p 00000000 fc:00 35393410                   /home/henriqueramos_qs/meta-learning-concept-drift/.venv/lib/python3.12/site-packages/pandas/_libs/tslibs/ccalendar.cpython-312-x86_64-linux-gnu.so
700324fe5000-700324ff4000 r-xp 00004000 fc:00 35393410                   /home/henriqueramos_qs/meta-learning-concept-drift/.venv/lib/python3.12/site-packages/pandas/_libs/tslibs/ccalendar.cpython-312-x86_64-linux-gnu.so
700324ff4000-700324ff7000 r--p 00013000 fc:00 35393410                   /home/henriqueramos_qs/meta-learning-concept-drift/.venv/lib/python3.12/site-packages/pandas/_libs/tslibs/ccalendar.cpython-312-x86_64-linux-gnu.so
700324ff7000-700324ff8000 ---p 00016000 fc:00 35393410                   /home/henriqueramos_qs/meta-learning-concept-drift/.venv/lib/python3.12/site-packages/pandas/_libs/tslibs/ccalendar.cpython-312-x86_64-linux-gnu.so
700324ff8000-700324ff9000 r--p 00016000 fc:00 35393410                   /home/henriqueramos_qs/meta-learning-concept-drift/.venv/lib/python3.12/site-packages/pandas/_libs/tslibs/ccalendar.cpython-312-x86_64-linux-gnu.so
700324ff9000-700324ffa000 rw-p 00017000 fc:00 35393410                   /home/henriqueramos_qs/meta-learning-concept-drift/.venv/lib/python3.12/site-packages/pandas/_libs/tslibs/ccalendar.cpython-312-x86_64-linux-gnu.so
700324ffa000-700324ffb000 ---p 00000000 00:00 0 
700324ffb000-7003257fb000 rw-p 00000000 00:00 0 
7003257fb000-7003257fc000 ---p 00000000 00:00 0 
7003257fc000-700325ffc000 rw-p 00000000 00:00 0 
700325ffc000-700325ffd000 ---p 00000000 00:00 0 
700325ffd000-7003267fd000 rw-p 00000000 00:00 0 
7003267fd000-7003267fe000 ---p 00000000 00:00 0 
7003267fe000-700326ffe000 rw-p 00000000 00:00 0 
700326ffe000-700326fff000 ---p 00000000 00:00 0 
700326fff000-7003277ff000 rw-p 00000000 00:00 0 
7003277ff000-700327800000 ---p 00000000 00:00 0 
700327800000-700328000000 rw-p 00000000 00:00 0 
700328000000-700328021000 rw-p 00000000 00:00 0 
700328021000-70032c000000 ---p 00000000 00:00 0 
70032c000000-70032c021000 rw-p 00000000 00:00 0 
70032c021000-700330000000 ---p 00000000 00:00 0 
700330000000-700330063000 rw-p 00000000 00:00 0 
700330063000-700334000000 ---p 00000000 00:00 0 
700334004000-700334006000 r--p 00000000 08:05 8394191                    /usr/lib/python3.12/lib-dynload/mmap.cpython-312-x86_64-linux-gnu.so
700334006000-700334009000 r-xp 00002000 08:05 8394191                    /usr/lib/python3.12/lib-dynload/mmap.cpython-312-x86_64-linux-gnu.so
700334009000-70033400b000 r--p 00005000 08:05 8394191                    /usr/lib/python3.12/lib-dynload/mmap.cpython-312-x86_64-linux-gnu.so
70033400b000-70033400c000 r--p 00006000 08:05 8394191                    /usr/lib/python3.12/lib-dynload/mmap.cpython-312-x86_64-linux-gnu.so
70033400c000-70033400d000 rw-p 00007000 08:05 8394191                    /usr/lib/python3.12/lib-dynload/mmap.cpython-312-x86_64-linux-gnu.so
70033400d000-700334014000 r--p 00000000 fc:00 35393414                   /home/henriqueramos_qs/meta-learning-concept-drift/.venv/lib/python3.12/site-packages/pandas/_libs/tslibs/dtypes.cpython-312-x86_64-linux-gnu.so
700334014000-700334033000 r-xp 00007000 fc:00 35393414                   /home/henriqueramos_qs/meta-learning-concept-drift/.venv/lib/python3.12/site-packages/pandas/_libs/tslibs/dtypes.cpython-312-x86_64-linux-gnu.so
700334033000-700334039000 r--p 00026000 fc:00 35393414                   /home/henriqueramos_qs/meta-learning-concept-drift/.venv/lib/python3.12/site-packages/pandas/_libs/tslibs/dtypes.cpython-312-x86_64-linux-gnu.so
700334039000-70033403a000 ---p 0002c000 fc:00 35393414                   /home/henriqueramos_qs/meta-learning-concept-drift/.venv/lib/python3.12/site-packages/pandas/_libs/tslibs/dtypes.cpython-312-x86_64-linux-gnu.so
70033403a000-70033403c000 r--p 0002c000 fc:00 35393414                   /home/henriqueramos_qs/meta-learning-concept-drift/.venv/lib/python3.12/site-packages/pandas/_libs/tslibs/dtypes.cpython-312-x86_64-linux-gnu.so
70033403c000-70033403d000 rw-p 0002e000 fc:00 35393414                   /home/henriqueramos_qs/meta-learning-concept-drift/.venv/lib/python3.12/site-packages/pandas/_libs/tslibs/dtypes.cpython-312-x86_64-linux-gnu.so
70033403d000-70033403f000 rw-p 00000000 00:00 0 
70033403f000-700334045000 r--p 00000000 fc:00 35393383                   /home/henriqueramos_qs/meta-learning-concept-drift/.venv/lib/python3.12/site-packages/pandas/_libs/missing.cpython-312-x86_64-linux-gnu.so
700334045000-700334063000 r-xp 00006000 fc:00 35393383                   /home/henriqueramos_qs/meta-learning-concept-drift/.venv/lib/python3.12/site-packages/pandas/_libs/missing.cpython-312-x86_64-linux-gnu.so
700334063000-70033406b000 r--p 00024000 fc:00 35393383                   /home/henriqueramos_qs/meta-learning-concept-drift/.venv/lib/python3.12/site-packages/pandas/_libs/missing.cpython-312-x86_64-linux-gnu.so
70033406b000-70033406d000 r--p 0002b000 fc:00 35393383                   /home/henriqueramos_qs/meta-learning-concept-drift/.venv/lib/python3.12/site-packages/pandas/_libs/missing.cpython-312-x86_64-linux-gnu.so
70033406d000-70033406f000 rw-p 0002d000 fc:00 35393383                   /home/henriqueramos_qs/meta-learning-concept-drift/.venv/lib/python3.12/site-packages/pandas/_libs/missing.cpython-312-x86_64-linux-gnu.so
70033406f000-700334071000 r--p 00000000 fc:00 35393389                   /home/henriqueramos_qs/meta-learning-concept-drift/.venv/lib/python3.12/site-packages/pandas/_libs/pandas_datetime.cpython-312-x86_64-linux-gnu.so
700334071000-700334076000 r-xp 00002000 fc:00 35393389                   /home/henriqueramos_qs/meta-learning-concept-drift/.venv/lib/python3.12/site-packages/pandas/_libs/pandas_datetime.cpython-312-x86_64-linux-gnu.so
700334076000-700334078000 r--p 00007000 fc:00 35393389                   /home/henriqueramos_qs/meta-learning-concept-drift/.venv/lib/python3.12/site-packages/pandas/_libs/pandas_datetime.cpython-312-x86_64-linux-gnu.so
700334078000-700334079000 r--p 00008000 fc:00 35393389                   /home/henriqueramos_qs/meta-learning-concept-drift/.venv/lib/python3.12/site-packages/pandas/_libs/pandas_datetime.cpython-312-x86_64-linux-gnu.so
700334079000-70033407a000 rw-p 00009000 fc:00 35393389                   /home/henriqueramos_qs/meta-learning-concept-drift/.venv/lib/python3.12/site-packages/pandas/_libs/pandas_datetime.cpython-312-x86_64-linux-gnu.so
70033407a000-70033437a000 rw-p 00000000 00:00 0 
70033437d000-70033437e000 r--p 00000000 08:05 8394176                    /usr/lib/python3.12/lib-dynload/_posixshmem.cpython-312-x86_64-linux-gnu.so
70033437e000-70033437f000 r-xp 00001000 08:05 8394176                    /usr/lib/python3.12/lib-dynload/_posixshmem.cpython-312-x86_64-linux-gnu.so
70033437f000-700334380000 r--p 00002000 08:05 8394176                    /usr/lib/python3.12/lib-dynload/_posixshmem.cpython-312-x86_64-linux-gnu.so
700334380000-700334381000 r--p 00002000 08:05 8394176                    /usr/lib/python3.12/lib-dynload/_posixshmem.cpython-312-x86_64-linux-gnu.so
700334381000-700334382000 rw-p 00003000 08:05 8394176                    /usr/lib/python3.12/lib-dynload/_posixshmem.cpython-312-x86_64-linux-gnu.so
700334382000-700334384000 r--p 00000000 fc:00 35393390                   /home/henriqueramos_qs/meta-learning-concept-drift/.venv/lib/python3.12/site-packages/pandas/_libs/pandas_parser.cpython-312-x86_64-linux-gnu.so
700334384000-70033438a000 r-xp 00002000 fc:00 35393390                   /home/henriqueramos_qs/meta-learning-concept-drift/.venv/lib/python3.12/site-packages/pandas/_libs/pandas_parser.cpython-312-x86_64-linux-gnu.so
70033438a000-70033438c000 r--p 00008000 fc:00 35393390                   /home/henriqueramos_qs/meta-learning-concept-drift/.venv/lib/python3.12/site-packages/pandas/_libs/pandas_parser.cpython-312-x86_64-linux-gnu.so
70033438c000-70033438d000 r--p 00009000 fc:00 35393390                   /home/henriqueramos_qs/meta-learning-concept-drift/.venv/lib/python3.12/site-packages/pandas/_libs/pandas_parser.cpython-312-x86_64-linux-gnu.so
70033438d000-70033438e000 rw-p 0000a000 fc:00 35393390                   /home/henriqueramos_qs/meta-learning-concept-drift/.venv/lib/python3.12/site-packages/pandas/_libs/pandas_parser.cpython-312-x86_64-linux-gnu.so
70033438e000-700334391000 r--p 00000000 fc:00 34866631                   /home/henriqueramos_qs/meta-learning-concept-drift/.venv/lib/python3.12/site-packages/numpy/random/_sfc64.cpython-312-x86_64-linux-gnu.so
700334391000-70033439c000 r-xp 00003000 fc:00 34866631                   /home/henriqueramos_qs/meta-learning-concept-drift/.venv/lib/python3.12/site-packages/numpy/random/_sfc64.cpython-312-x86_64-linux-gnu.so
70033439c000-70033439f000 r--p 0000e000 fc:00 34866631                   /home/henriqueramos_qs/meta-learning-concept-drift/.venv/lib/python3.12/site-packages/numpy/random/_sfc64.cpython-312-x86_64-linux-gnu.so
70033439f000-7003343a0000 ---p 00011000 fc:00 34866631                   /home/henriqueramos_qs/meta-learning-concept-drift/.venv/lib/python3.12/site-packages/numpy/random/_sfc64.cpython-312-x86_64-linux-gnu.so
7003343a0000-7003343a1000 r--p 00011000 fc:00 34866631                   /home/henriqueramos_qs/meta-learning-concept-drift/.venv/lib/python3.12/site-packages/numpy/random/_sfc64.cpython-312-x86_64-linux-gnu.so
7003343a1000-7003343a2000 rw-p 00012000 fc:00 34866631                   /home/henriqueramos_qs/meta-learning-concept-drift/.venv/lib/python3.12/site-packages/numpy/random/_sfc64.cpython-312-x86_64-linux-gnu.so
7003343a2000-7003343a6000 r--p 00000000 fc:00 34866617                   /home/henriqueramos_qs/meta-learning-concept-drift/.venv/lib/python3.12/site-packages/numpy/random/_pcg64.cpython-312-x86_64-linux-gnu.so
7003343a6000-7003343ba000 r-xp 00004000 fc:00 34866617                   /home/henriqueramos_qs/meta-learning-concept-drift/.venv/lib/python3.12/site-packages/numpy/random/_pcg64.cpython-312-x86_64-linux-gnu.so
7003343ba000-7003343c0000 r--p 00018000 fc:00 34866617                   /home/henriqueramos_qs/meta-learning-concept-drift/.venv/lib/python3.12/site-packages/numpy/random/_pcg64.cpython-312-x86_64-linux-gnu.so
7003343c0000-7003343c1000 r--p 0001d000 fc:00 34866617                   /home/henriqueramos_qs/meta-learning-concept-drift/.venv/lib/python3.12/site-packages/numpy/random/_pcg64.cpython-312-x86_64-linux-gnu.so
7003343c1000-7003343c2000 rw-p 0001e000 fc:00 34866617                   /home/henriqueramos_qs/meta-learning-concept-drift/.venv/lib/python3.12/site-packages/numpy/random/_pcg64.cpython-312-x86_64-linux-gnu.so
7003343c2000-7003343c3000 rw-p 00000000 00:00 0 
7003343c3000-7003343c7000 r--p 00000000 fc:00 34866626                   /home/henriqueramos_qs/meta-learning-concept-drift/.venv/lib/python3.12/site-packages/numpy/random/_philox.cpython-312-x86_64-linux-gnu.so
7003343c7000-7003343d8000 r-xp 00004000 fc:00 34866626                   /home/henriqueramos_qs/meta-learning-concept-drift/.venv/lib/python3.12/site-packages/numpy/random/_philox.cpython-312-x86_64-linux-gnu.so
7003343d8000-7003343dd000 r--p 00015000 fc:00 34866626                   /home/henriqueramos_qs/meta-learning-concept-drift/.venv/lib/python3.12/site-packages/numpy/random/_philox.cpython-312-x86_64-linux-gnu.so
7003343dd000-7003343de000 r--p 00019000 fc:00 34866626                   /home/henriqueramos_qs/meta-learning-concept-drift/.venv/lib/python3.12/site-packages/numpy/random/_philox.cpython-312-x86_64-linux-gnu.so
7003343de000-7003343df000 rw-p 0001a000 fc:00 34866626                   /home/henriqueramos_qs/meta-learning-concept-drift/.venv/lib/python3.12/site-packages/numpy/random/_philox.cpython-312-x86_64-linux-gnu.so
7003343df000-7003343e0000 rw-p 00000000 00:00 0 
7003343e0000-7003343e4000 r--p 00000000 fc:00 34867015                   /home/henriqueramos_qs/meta-learning-concept-drift/.venv/lib/python3.12/site-packages/numpy/linalg/_umath_linalg.cpython-312-x86_64-linux-gnu.so
7003343e4000-700334408000 r-xp 00004000 fc:00 34867015                   /home/henriqueramos_qs/meta-learning-concept-drift/.venv/lib/python3.12/site-packages/numpy/linalg/_umath_linalg.cpython-312-x86_64-linux-gnu.so
700334408000-70033440d000 r--p 00028000 fc:00 34867015                   /home/henriqueramos_qs/meta-learning-concept-drift/.venv/lib/python3.12/site-packages/numpy/linalg/_umath_linalg.cpython-312-x86_64-linux-gnu.so
70033440d000-70033440e000 ---p 0002d000 fc:00 34867015                   /home/henriqueramos_qs/meta-learning-concept-drift/.venv/lib/python3.12/site-packages/numpy/linalg/_umath_linalg.cpython-312-x86_64-linux-gnu.so
70033440e000-70033440f000 r--p 0002d000 fc:00 34867015                   /home/henriqueramos_qs/meta-learning-concept-drift/.venv/lib/python3.12/site-packages/numpy/linalg/_umath_linalg.cpython-312-x86_64-linux-gnu.so
70033440f000-700334410000 rw-p 0002e000 fc:00 34867015                   /home/henriqueramos_qs/meta-learning-concept-drift/.venv/lib/python3.12/site-packages/numpy/linalg/_umath_linalg.cpython-312-x86_64-linux-gnu.so
700334410000-700334413000 rw-p 00035000 fc:00 34867015                   /home/henriqueramos_qs/meta-learning-concept-drift/.venv/lib/python3.12/site-packages/numpy/linalg/_umath_linalg.cpython-312-x86_64-linux-gnu.so
700334413000-700334513000 rw-p 00000000 00:00 0 
700334513000-700334518000 r--p 00000000 fc:00 34897502                   /home/henriqueramos_qs/meta-learning-concept-drift/.venv/lib/python3.12/site-packages/debugpy/_vendored/pydevd/_pydevd_sys_monitoring/_pydevd_sys_monitoring_cython.cpython-312-x86_64-linux-gnu.so
700334518000-700334582000 r-xp 00005000 fc:00 34897502                   /home/henriqueramos_qs/meta-learning-concept-drift/.venv/lib/python3.12/site-packages/debugpy/_vendored/pydevd/_pydevd_sys_monitoring/_pydevd_sys_monitoring_cython.cpython-312-x86_64-linux-gnu.so
700334582000-70033458b000 r--p 0006f000 fc:00 34897502                   /home/henriqueramos_qs/meta-learning-concept-drift/.venv/lib/python3.12/site-packages/debugpy/_vendored/pydevd/_pydevd_sys_monitoring/_pydevd_sys_monitoring_cython.cpython-312-x86_64-linux-gnu.so
70033458b000-70033458c000 r--p 00077000 fc:00 34897502                   /home/henriqueramos_qs/meta-learning-concept-drift/.venv/lib/python3.12/site-packages/debugpy/_vendored/pydevd/_pydevd_sys_monitoring/_pydevd_sys_monitoring_cython.cpython-312-x86_64-linux-gnu.so
70033458c000-70033458e000 rw-p 00078000 fc:00 34897502                   /home/henriqueramos_qs/meta-learning-concept-drift/.venv/lib/python3.12/site-packages/debugpy/_vendored/pydevd/_pydevd_sys_monitoring/_pydevd_sys_monitoring_cython.cpython-312-x86_64-linux-gnu.so
70033458e000-70033458f000 rw-p 00000000 00:00 0 
70033458f000-700334595000 r--p 00000000 fc:00 34897336                   /home/henriqueramos_qs/meta-learning-concept-drift/.venv/lib/python3.12/site-packages/debugpy/_vendored/pydevd/_pydevd_bundle/pydevd_cython.cpython-312-x86_64-linux-gnu.so
700334595000-70033461d000 r-xp 00006000 fc:00 34897336                   /home/henriqueramos_qs/meta-learning-concept-drift/.venv/lib/python3.12/site-packages/debugpy/_vendored/pydevd/_pydevd_bundle/pydevd_cython.cpython-312-x86_64-linux-gnu.so
70033461d000-700334629000 r--p 0008e000 fc:00 34897336                   /home/henriqueramos_qs/meta-learning-concept-drift/.venv/lib/python3.12/site-packages/debugpy/_vendored/pydevd/_pydevd_bundle/pydevd_cython.cpython-312-x86_64-linux-gnu.so
700334629000-70033462a000 r--p 00099000 fc:00 34897336                   /home/henriqueramos_qs/meta-learning-concept-drift/.venv/lib/python3.12/site-packages/debugpy/_vendored/pydevd/_pydevd_bundle/pydevd_cython.cpython-312-x86_64-linux-gnu.so
70033462a000-70033462d000 rw-p 0009a000 fc:00 34897336                   /home/henriqueramos_qs/meta-learning-concept-drift/.venv/lib/python3.12/site-packages/debugpy/_vendored/pydevd/_pydevd_bundle/pydevd_cython.cpython-312-x86_64-linux-gnu.so
70033462d000-70033472e000 rw-p 00000000 00:00 0 
70033472e000-70033472f000 ---p 00000000 00:00 0 
70033472f000-700334f2f000 rw-p 00000000 00:00 0 
700334f2f000-700334f30000 ---p 00000000 00:00 0 
700334f30000-700335730000 rw-p 00000000 00:00 0 
700335730000-700335731000 ---p 00000000 00:00 0 
700335731000-700335f31000 rw-p 00000000 00:00 0 
700335f31000-700335f32000 ---p 00000000 00:00 0 
700335f32000-700336732000 rw-p 00000000 00:00 0 
700336732000-700337232000 rw-p 00000000 00:00 0 
700337232000-700337252000 r--p 00000000 08:05 8388653                    /usr/lib/x86_64-linux-gnu/libsqlite3.so.0.8.6
700337252000-70033735d000 r-xp 00020000 08:05 8388653                    /usr/lib/x86_64-linux-gnu/libsqlite3.so.0.8.6
70033735d000-700337391000 r--p 0012b000 08:05 8388653                    /usr/lib/x86_64-linux-gnu/libsqlite3.so.0.8.6
700337391000-700337395000 r--p 0015e000 08:05 8388653                    /usr/lib/x86_64-linux-gnu/libsqlite3.so.0.8.6
700337395000-700337399000 rw-p 00162000 08:05 8388653                    /usr/lib/x86_64-linux-gnu/libsqlite3.so.0.8.6
700337399000-70033749a000 rw-p 00000000 00:00 0 
70033749a000-70033749c000 r--p 00000000 08:05 8394175                    /usr/lib/python3.12/lib-dynload/_multiprocessing.cpython-312-x86_64-linux-gnu.so
70033749c000-70033749e000 r-xp 00002000 08:05 8394175                    /usr/lib/python3.12/lib-dynload/_multiprocessing.cpython-312-x86_64-linux-gnu.so
70033749e000-70033749f000 r--p 00004000 08:05 8394175                    /usr/lib/python3.12/lib-dynload/_multiprocessing.cpython-312-x86_64-linux-gnu.so
70033749f000-7003374a0000 r--p 00004000 08:05 8394175                    /usr/lib/python3.12/lib-dynload/_multiprocessing.cpython-312-x86_64-linux-gnu.so
7003374a0000-7003374a1000 rw-p 00005000 08:05 8394175                    /usr/lib/python3.12/lib-dynload/_multiprocessing.cpython-312-x86_64-linux-gnu.so
7003374a1000-7003374a5000 r--p 00000000 fc:00 34866627                   /home/henriqueramos_qs/meta-learning-concept-drift/.venv/lib/python3.12/site-packages/numpy/random/_mt19937.cpython-312-x86_64-linux-gnu.so
7003374a5000-7003374b9000 r-xp 00004000 fc:00 34866627                   /home/henriqueramos_qs/meta-learning-concept-drift/.venv/lib/python3.12/site-packages/numpy/random/_mt19937.cpython-312-x86_64-linux-gnu.so
7003374b9000-7003374bf000 r--p 00018000 fc:00 34866627                   /home/henriqueramos_qs/meta-learning-concept-drift/.venv/lib/python3.12/site-packages/numpy/random/_mt19937.cpython-312-x86_64-linux-gnu.so
7003374bf000-7003374c0000 r--p 0001d000 fc:00 34866627                   /home/henriqueramos_qs/meta-learning-concept-drift/.venv/lib/python3.12/site-packages/numpy/random/_mt19937.cpython-312-x86_64-linux-gnu.so
7003374c0000-7003374c1000 rw-p 0001e000 fc:00 34866627                   /home/henriqueramos_qs/meta-learning-concept-drift/.venv/lib/python3.12/site-packages/numpy/random/_mt19937.cpython-312-x86_64-linux-gnu.so
7003374c1000-7003374c2000 rw-p 00000000 00:00 0 
7003374c2000-7003374c6000 r--p 00000000 fc:00 34866637                   /home/henriqueramos_qs/meta-learning-concept-drift/.venv/lib/python3.12/site-packages/numpy/random/_bounded_integers.cpython-312-x86_64-linux-gnu.so
7003374c6000-700337507000 r-xp 00004000 fc:00 34866637                   /home/henriqueramos_qs/meta-learning-concept-drift/.venv/lib/python3.12/site-packages/numpy/random/_bounded_integers.cpython-312-x86_64-linux-gnu.so
700337507000-700337510000 r--p 00045000 fc:00 34866637                   /home/henriqueramos_qs/meta-learning-concept-drift/.venv/lib/python3.12/site-packages/numpy/random/_bounded_integers.cpython-312-x86_64-linux-gnu.so
700337510000-700337511000 r--p 0004d000 fc:00 34866637                   /home/henriqueramos_qs/meta-learning-concept-drift/.venv/lib/python3.12/site-packages/numpy/random/_bounded_integers.cpython-312-x86_64-linux-gnu.so
700337511000-700337512000 rw-p 0004e000 fc:00 34866637                   /home/henriqueramos_qs/meta-learning-concept-drift/.venv/lib/python3.12/site-packages/numpy/random/_bounded_integers.cpython-312-x86_64-linux-gnu.so
700337512000-700337516000 r--p 00000000 fc:00 34866630                   /home/henriqueramos_qs/meta-learning-concept-drift/.venv/lib/python3.12/site-packages/numpy/random/_common.cpython-312-x86_64-linux-gnu.so
700337516000-700337547000 r-xp 00004000 fc:00 34866630                   /home/henriqueramos_qs/meta-learning-concept-drift/.venv/lib/python3.12/site-packages/numpy/random/_common.cpython-312-x86_64-linux-gnu.so
700337547000-70033754b000 r--p 00035000 fc:00 34866630                   /home/henriqueramos_qs/meta-learning-concept-drift/.venv/lib/python3.12/site-packages/numpy/random/_common.cpython-312-x86_64-linux-gnu.so
70033754b000-70033754c000 ---p 00039000 fc:00 34866630                   /home/henriqueramos_qs/meta-learning-concept-drift/.venv/lib/python3.12/site-packages/numpy/random/_common.cpython-312-x86_64-linux-gnu.so
70033754c000-70033754d000 r--p 00039000 fc:00 34866630                   /home/henriqueramos_qs/meta-learning-concept-drift/.venv/lib/python3.12/site-packages/numpy/random/_common.cpython-312-x86_64-linux-gnu.so
70033754d000-70033754e000 rw-p 0003a000 fc:00 34866630                   /home/henriqueramos_qs/meta-learning-concept-drift/.venv/lib/python3.12/site-packages/numpy/random/_common.cpython-312-x86_64-linux-gnu.so
70033754e000-70033754f000 rw-p 00000000 00:00 0 
70033754f000-700337554000 r--p 00000000 fc:00 34866622                   /home/henriqueramos_qs/meta-learning-concept-drift/.venv/lib/python3.12/site-packages/numpy/random/bit_generator.cpython-312-x86_64-linux-gnu.so
700337554000-700337577000 r-xp 00005000 fc:00 34866622                   /home/henriqueramos_qs/meta-learning-concept-drift/.venv/lib/python3.12/site-packages/numpy/random/bit_generator.cpython-312-x86_64-linux-gnu.so
700337577000-700337581000 r--p 00028000 fc:00 34866622                   /home/henriqueramos_qs/meta-learning-concept-drift/.venv/lib/python3.12/site-packages/numpy/random/bit_generator.cpython-312-x86_64-linux-gnu.so
700337581000-700337582000 r--p 00031000 fc:00 34866622                   /home/henriqueramos_qs/meta-learning-concept-drift/.venv/lib/python3.12/site-packages/numpy/random/bit_generator.cpython-312-x86_64-linux-gnu.so
700337582000-700337584000 rw-p 00032000 fc:00 34866622                   /home/henriqueramos_qs/meta-learning-concept-drift/.venv/lib/python3.12/site-packages/numpy/random/bit_generator.cpython-312-x86_64-linux-gnu.so
700337584000-700337a85000 rw-p 00000000 00:00 0 
700337a85000-700337a88000 r--p 00000000 08:05 8390031                    /usr/lib/x86_64-linux-gnu/liblzma.so.5.4.5
700337a88000-700337aaa000 r-xp 00003000 08:05 8390031                    /usr/lib/x86_64-linux-gnu/liblzma.so.5.4.5
700337aaa000-700337ab5000 r--p 00025000 08:05 8390031                    /usr/lib/x86_64-linux-gnu/liblzma.so.5.4.5
700337ab5000-700337ab6000 r--p 00030000 08:05 8390031                    /usr/lib/x86_64-linux-gnu/liblzma.so.5.4.5
700337ab6000-700337ab7000 rw-p 00031000 08:05 8390031                    /usr/lib/x86_64-linux-gnu/liblzma.so.5.4.5
700337ab8000-700337ab9000 r--p 00000000 fc:00 34867979                   /home/henriqueramos_qs/meta-learning-concept-drift/.venv/lib/python3.12/site-packages/charset_normalizer/md.cpython-312-x86_64-linux-gnu.so
700337ab9000-700337aba000 r-xp 00001000 fc:00 34867979                   /home/henriqueramos_qs/meta-learning-concept-drift/.venv/lib/python3.12/site-packages/charset_normalizer/md.cpython-312-x86_64-linux-gnu.so
700337aba000-700337abb000 r--p 00002000 fc:00 34867979                   /home/henriqueramos_qs/meta-learning-concept-drift/.venv/lib/python3.12/site-packages/charset_normalizer/md.cpython-312-x86_64-linux-gnu.so
700337abb000-700337abc000 r--p 00002000 fc:00 34867979                   /home/henriqueramos_qs/meta-learning-concept-drift/.venv/lib/python3.12/site-packages/charset_normalizer/md.cpython-312-x86_64-linux-gnu.so
700337abc000-700337abd000 rw-p 00003000 fc:00 34867979                   /home/henriqueramos_qs/meta-learning-concept-drift/.venv/lib/python3.12/site-packages/charset_normalizer/md.cpython-312-x86_64-linux-gnu.so
700337abd000-700337abe000 r--p 00000000 08:05 8419745                    /usr/lib/x86_64-linux-gnu/libdl.so.2
700337abe000-700337abf000 r-xp 00001000 08:05 8419745                    /usr/lib/x86_64-linux-gnu/libdl.so.2
700337abf000-700337ac0000 r--p 00002000 08:05 8419745                    /usr/lib/x86_64-linux-gnu/libdl.so.2
700337ac0000-700337ac1000 r--p 00002000 08:05 8419745                    /usr/lib/x86_64-linux-gnu/libdl.so.2
700337ac1000-700337ac2000 rw-p 00003000 08:05 8419745                    /usr/lib/x86_64-linux-gnu/libdl.so.2
700337ac2000-700337ac4000 r--p 00000000 08:05 8404077                    /usr/lib/x86_64-linux-gnu/libffi.so.8.1.4
700337ac4000-700337acb000 r-xp 00002000 08:05 8404077                    /usr/lib/x86_64-linux-gnu/libffi.so.8.1.4
700337acb000-700337acc000 r--p 00009000 08:05 8404077                    /usr/lib/x86_64-linux-gnu/libffi.so.8.1.4
700337acc000-700337acd000 r--p 0000a000 08:05 8404077                    /usr/lib/x86_64-linux-gnu/libffi.so.8.1.4
700337acd000-700337ace000 rw-p 0000b000 08:05 8404077                    /usr/lib/x86_64-linux-gnu/libffi.so.8.1.4
700337ace000-700337ad5000 r--p 00000000 08:05 8394170                    /usr/lib/python3.12/lib-dynload/_decimal.cpython-312-x86_64-linux-gnu.so
700337ad5000-700337b15000 r-xp 00007000 08:05 8394170                    /usr/lib/python3.12/lib-dynload/_decimal.cpython-312-x86_64-linux-gnu.so
700337b15000-700337b26000 r--p 00047000 08:05 8394170                    /usr/lib/python3.12/lib-dynload/_decimal.cpython-312-x86_64-linux-gnu.so
700337b26000-700337b27000 r--p 00057000 08:05 8394170                    /usr/lib/python3.12/lib-dynload/_decimal.cpython-312-x86_64-linux-gnu.so
700337b27000-700337b2a000 rw-p 00058000 08:05 8394170                    /usr/lib/python3.12/lib-dynload/_decimal.cpython-312-x86_64-linux-gnu.so
700337b2a000-700337c2a000 rw-p 00000000 00:00 0 
700337c2a000-700337c38000 r--p 00000000 08:05 8404569                    /usr/lib/x86_64-linux-gnu/libtinfo.so.6.4
700337c38000-700337c4b000 r-xp 0000e000 08:05 8404569                    /usr/lib/x86_64-linux-gnu/libtinfo.so.6.4
700337c4b000-700337c59000 r--p 00021000 08:05 8404569                    /usr/lib/x86_64-linux-gnu/libtinfo.so.6.4
700337c59000-700337c5d000 r--p 0002e000 08:05 8404569                    /usr/lib/x86_64-linux-gnu/libtinfo.so.6.4
700337c5d000-700337c5e000 rw-p 00032000 08:05 8404569                    /usr/lib/x86_64-linux-gnu/libtinfo.so.6.4
700337c5e000-700337c67000 r--p 00000000 08:05 8404339                    /usr/lib/x86_64-linux-gnu/libncursesw.so.6.4
700337c67000-700337c91000 r-xp 00009000 08:05 8404339                    /usr/lib/x86_64-linux-gnu/libncursesw.so.6.4
700337c91000-700337c98000 r--p 00033000 08:05 8404339                    /usr/lib/x86_64-linux-gnu/libncursesw.so.6.4
700337c98000-700337c99000 r--p 00039000 08:05 8404339                    /usr/lib/x86_64-linux-gnu/libncursesw.so.6.4
700337c99000-700337c9a000 rw-p 0003a000 08:05 8404339                    /usr/lib/x86_64-linux-gnu/libncursesw.so.6.4
700337c9a000-700337d9e000 rw-p 00000000 00:00 0 
700337d9e000-700337db2000 rw-p 00000000 00:00 0 
700337db2000-700337db8000 r--p 00000000 08:05 8394165                    /usr/lib/python3.12/lib-dynload/_ctypes.cpython-312-x86_64-linux-gnu.so
700337db8000-700337dca000 r-xp 00006000 08:05 8394165                    /usr/lib/python3.12/lib-dynload/_ctypes.cpython-312-x86_64-linux-gnu.so
700337dca000-700337dd0000 r--p 00018000 08:05 8394165                    /usr/lib/python3.12/lib-dynload/_ctypes.cpython-312-x86_64-linux-gnu.so
700337dd0000-700337dd1000 r--p 0001d000 08:05 8394165                    /usr/lib/python3.12/lib-dynload/_ctypes.cpython-312-x86_64-linux-gnu.so
700337dd1000-700337dd5000 rw-p 0001e000 08:05 8394165                    /usr/lib/python3.12/lib-dynload/_ctypes.cpython-312-x86_64-linux-gnu.so
700337dd5000-700337dd7000 r--p 00000000 fc:00 34896620                   /home/henriqueramos_qs/meta-learning-concept-drift/.venv/lib/python3.12/site-packages/psutil/_psutil_linux.abi3.so
700337dd7000-700337dda000 r-xp 00002000 fc:00 34896620                   /home/henriqueramos_qs/meta-learning-concept-drift/.venv/lib/python3.12/site-packages/psutil/_psutil_linux.abi3.so
700337dda000-700337ddb000 r--p 00005000 fc:00 34896620                   /home/henriqueramos_qs/meta-learning-concept-drift/.venv/lib/python3.12/site-packages/psutil/_psutil_linux.abi3.so
700337ddb000-700337ddc000 r--p 00005000 fc:00 34896620                   /home/henriqueramos_qs/meta-learning-concept-drift/.venv/lib/python3.12/site-packages/psutil/_psutil_linux.abi3.so
700337ddc000-700337ddd000 rw-p 00006000 fc:00 34896620                   /home/henriqueramos_qs/meta-learning-concept-drift/.venv/lib/python3.12/site-packages/psutil/_psutil_linux.abi3.so
700337ddd000-700337de4000 r--p 00000000 08:05 8394178                    /usr/lib/python3.12/lib-dynload/_sqlite3.cpython-312-x86_64-linux-gnu.so
700337de4000-700337df6000 r-xp 00007000 08:05 8394178                    /usr/lib/python3.12/lib-dynload/_sqlite3.cpython-312-x86_64-linux-gnu.so
700337df6000-700337dfd000 r--p 00019000 08:05 8394178                    /usr/lib/python3.12/lib-dynload/_sqlite3.cpython-312-x86_64-linux-gnu.so
700337dfd000-700337dfe000 r--p 00020000 08:05 8394178                    /usr/lib/python3.12/lib-dynload/_sqlite3.cpython-312-x86_64-linux-gnu.so
700337dfe000-700337e00000 rw-p 00021000 08:05 8394178                    /usr/lib/python3.12/lib-dynload/_sqlite3.cpython-312-x86_64-linux-gnu.so
700337e00000-700338000000 rw-p 00000000 00:00 0 
700338000000-7003380b3000 r--p 00000000 08:05 8388997                    /usr/lib/x86_64-linux-gnu/libcrypto.so.3
7003380b3000-7003383e6000 r-xp 000b3000 08:05 8388997                    /usr/lib/x86_64-linux-gnu/libcrypto.so.3
7003383e6000-7003384b1000 r--p 003e6000 08:05 8388997                    /usr/lib/x86_64-linux-gnu/libcrypto.so.3
7003384b1000-70033850d000 r--p 004b0000 08:05 8388997                    /usr/lib/x86_64-linux-gnu/libcrypto.so.3
70033850d000-700338510000 rw-p 0050c000 08:05 8388997                    /usr/lib/x86_64-linux-gnu/libcrypto.so.3
700338510000-700338513000 rw-p 00000000 00:00 0 
700338513000-700338515000 r--p 00000000 fc:00 34896621                   /home/henriqueramos_qs/meta-learning-concept-drift/.venv/lib/python3.12/site-packages/psutil/_psutil_posix.abi3.so
700338515000-700338517000 r-xp 00002000 fc:00 34896621                   /home/henriqueramos_qs/meta-learning-concept-drift/.venv/lib/python3.12/site-packages/psutil/_psutil_posix.abi3.so
700338517000-700338518000 r--p 00004000 fc:00 34896621                   /home/henriqueramos_qs/meta-learning-concept-drift/.venv/lib/python3.12/site-packages/psutil/_psutil_posix.abi3.so
700338518000-700338519000 r--p 00004000 fc:00 34896621                   /home/henriqueramos_qs/meta-learning-concept-drift/.venv/lib/python3.12/site-packages/psutil/_psutil_posix.abi3.so
700338519000-70033851a000 rw-p 00005000 fc:00 34896621                   /home/henriqueramos_qs/meta-learning-concept-drift/.venv/lib/python3.12/site-packages/psutil/_psutil_posix.abi3.so
70033851a000-70033851c000 r--p 00000000 08:05 8388634                    /usr/lib/x86_64-linux-gnu/libbz2.so.1.0.4
70033851c000-70033852a000 r-xp 00002000 08:05 8388634                    /usr/lib/x86_64-linux-gnu/libbz2.so.1.0.4
70033852a000-70033852c000 r--p 00010000 08:05 8388634                    /usr/lib/x86_64-linux-gnu/libbz2.so.1.0.4
70033852c000-70033852d000 r--p 00011000 08:05 8388634                    /usr/lib/x86_64-linux-gnu/libbz2.so.1.0.4
70033852d000-70033852e000 rw-p 00012000 08:05 8388634                    /usr/lib/x86_64-linux-gnu/libbz2.so.1.0.4
70033852f000-700338531000 r--p 00000000 08:05 8394172                    /usr/lib/python3.12/lib-dynload/_lsprof.cpython-312-x86_64-linux-gnu.so
700338531000-700338534000 r-xp 00002000 08:05 8394172                    /usr/lib/python3.12/lib-dynload/_lsprof.cpython-312-x86_64-linux-gnu.so
700338534000-700338536000 r--p 00005000 08:05 8394172                    /usr/lib/python3.12/lib-dynload/_lsprof.cpython-312-x86_64-linux-gnu.so
700338536000-700338537000 r--p 00006000 08:05 8394172                    /usr/lib/python3.12/lib-dynload/_lsprof.cpython-312-x86_64-linux-gnu.so
700338537000-700338538000 rw-p 00007000 08:05 8394172                    /usr/lib/python3.12/lib-dynload/_lsprof.cpython-312-x86_64-linux-gnu.so
700338538000-70033853b000 r--p 00000000 08:05 8394173                    /usr/lib/python3.12/lib-dynload/_lzma.cpython-312-x86_64-linux-gnu.so
70033853b000-700338540000 r-xp 00003000 08:05 8394173                    /usr/lib/python3.12/lib-dynload/_lzma.cpython-312-x86_64-linux-gnu.so
700338540000-700338543000 r--p 00008000 08:05 8394173                    /usr/lib/python3.12/lib-dynload/_lzma.cpython-312-x86_64-linux-gnu.so
700338543000-700338544000 r--p 0000a000 08:05 8394173                    /usr/lib/python3.12/lib-dynload/_lzma.cpython-312-x86_64-linux-gnu.so
700338544000-700338545000 rw-p 0000b000 08:05 8394173                    /usr/lib/python3.12/lib-dynload/_lzma.cpython-312-x86_64-linux-gnu.so
700338545000-700338549000 r--p 00000000 08:05 8396168                    /usr/lib/python3.12/lib-dynload/_hashlib.cpython-312-x86_64-linux-gnu.so
700338549000-70033854f000 r-xp 00004000 08:05 8396168                    /usr/lib/python3.12/lib-dynload/_hashlib.cpython-312-x86_64-linux-gnu.so
70033854f000-700338553000 r--p 0000a000 08:05 8396168                    /usr/lib/python3.12/lib-dynload/_hashlib.cpython-312-x86_64-linux-gnu.so
700338553000-700338554000 r--p 0000d000 08:05 8396168                    /usr/lib/python3.12/lib-dynload/_hashlib.cpython-312-x86_64-linux-gnu.so
700338554000-700338556000 rw-p 0000e000 08:05 8396168                    /usr/lib/python3.12/lib-dynload/_hashlib.cpython-312-x86_64-linux-gnu.so
700338556000-700338574000 r--p 00000000 08:05 8388999                    /usr/lib/x86_64-linux-gnu/libssl.so.3
700338574000-7003385d6000 r-xp 0001e000 08:05 8388999                    /usr/lib/x86_64-linux-gnu/libssl.so.3
7003385d6000-7003385f2000 r--p 00080000 08:05 8388999                    /usr/lib/x86_64-linux-gnu/libssl.so.3
7003385f2000-7003385fc000 r--p 0009c000 08:05 8388999                    /usr/lib/x86_64-linux-gnu/libssl.so.3
7003385fc000-700338600000 rw-p 000a6000 08:05 8388999                    /usr/lib/x86_64-linux-gnu/libssl.so.3
700338600000-700338800000 rw-p 00000000 00:00 0 
700338800000-70033889d000 r--p 00000000 08:05 8398454                    /usr/lib/x86_64-linux-gnu/libstdc++.so.6.0.33
70033889d000-7003389e5000 r-xp 0009d000 08:05 8398454                    /usr/lib/x86_64-linux-gnu/libstdc++.so.6.0.33
7003389e5000-700338a6c000 r--p 001e5000 08:05 8398454                    /usr/lib/x86_64-linux-gnu/libstdc++.so.6.0.33
700338a6c000-700338a77000 r--p 0026b000 08:05 8398454                    /usr/lib/x86_64-linux-gnu/libstdc++.so.6.0.33
700338a77000-700338a7a000 rw-p 00276000 08:05 8398454                    /usr/lib/x86_64-linux-gnu/libstdc++.so.6.0.33
700338a7a000-700338a7e000 rw-p 00000000 00:00 0 
700338a80000-700338a82000 r--p 00000000 08:05 8394194                    /usr/lib/python3.12/lib-dynload/resource.cpython-312-x86_64-linux-gnu.so
700338a82000-700338a83000 r-xp 00002000 08:05 8394194                    /usr/lib/python3.12/lib-dynload/resource.cpython-312-x86_64-linux-gnu.so
700338a83000-700338a84000 r--p 00003000 08:05 8394194                    /usr/lib/python3.12/lib-dynload/resource.cpython-312-x86_64-linux-gnu.so
700338a84000-700338a85000 r--p 00003000 08:05 8394194                    /usr/lib/python3.12/lib-dynload/resource.cpython-312-x86_64-linux-gnu.so
700338a85000-700338a86000 rw-p 00004000 08:05 8394194                    /usr/lib/python3.12/lib-dynload/resource.cpython-312-x86_64-linux-gnu.so
700338a86000-700338a99000 r--p 00000000 08:05 8396169                    /usr/lib/python3.12/lib-dynload/_ssl.cpython-312-x86_64-linux-gnu.so
700338a99000-700338aa6000 r-xp 00013000 08:05 8396169                    /usr/lib/python3.12/lib-dynload/_ssl.cpython-312-x86_64-linux-gnu.so
700338aa6000-700338ab4000 r--p 00020000 08:05 8396169                    /usr/lib/python3.12/lib-dynload/_ssl.cpython-312-x86_64-linux-gnu.so
700338ab4000-700338ab5000 r--p 0002d000 08:05 8396169                    /usr/lib/python3.12/lib-dynload/_ssl.cpython-312-x86_64-linux-gnu.so
700338ab5000-700338abe000 rw-p 0002e000 08:05 8396169                    /usr/lib/python3.12/lib-dynload/_ssl.cpython-312-x86_64-linux-gnu.so
700338abe000-700338ac0000 r--p 00000000 08:05 8394155                    /usr/lib/python3.12/lib-dynload/_bz2.cpython-312-x86_64-linux-gnu.so
700338ac0000-700338ac3000 r-xp 00002000 08:05 8394155                    /usr/lib/python3.12/lib-dynload/_bz2.cpython-312-x86_64-linux-gnu.so
700338ac3000-700338ac5000 r--p 00005000 08:05 8394155                    /usr/lib/python3.12/lib-dynload/_bz2.cpython-312-x86_64-linux-gnu.so
700338ac5000-700338ac6000 r--p 00006000 08:05 8394155                    /usr/lib/python3.12/lib-dynload/_bz2.cpython-312-x86_64-linux-gnu.so
700338ac6000-700338ac7000 rw-p 00007000 08:05 8394155                    /usr/lib/python3.12/lib-dynload/_bz2.cpython-312-x86_64-linux-gnu.so
700338ac7000-700338aca000 r--p 00000000 08:05 8394195                    /usr/lib/python3.12/lib-dynload/termios.cpython-312-x86_64-linux-gnu.so
700338aca000-700338acc000 r-xp 00003000 08:05 8394195                    /usr/lib/python3.12/lib-dynload/termios.cpython-312-x86_64-linux-gnu.so
700338acc000-700338ace000 r--p 00005000 08:05 8394195                    /usr/lib/python3.12/lib-dynload/termios.cpython-312-x86_64-linux-gnu.so
700338ace000-700338acf000 r--p 00006000 08:05 8394195                    /usr/lib/python3.12/lib-dynload/termios.cpython-312-x86_64-linux-gnu.so
700338acf000-700338ad1000 rw-p 00007000 08:05 8394195                    /usr/lib/python3.12/lib-dynload/termios.cpython-312-x86_64-linux-gnu.so
700338ad1000-700338ad8000 r--p 00000000 08:05 8394167                    /usr/lib/python3.12/lib-dynload/_curses.cpython-312-x86_64-linux-gnu.so
700338ad8000-700338ae3000 r-xp 00007000 08:05 8394167                    /usr/lib/python3.12/lib-dynload/_curses.cpython-312-x86_64-linux-gnu.so
700338ae3000-700338aee000 r--p 00012000 08:05 8394167                    /usr/lib/python3.12/lib-dynload/_curses.cpython-312-x86_64-linux-gnu.so
700338aee000-700338aef000 r--p 0001c000 08:05 8394167                    /usr/lib/python3.12/lib-dynload/_curses.cpython-312-x86_64-linux-gnu.so
700338aef000-700338af1000 rw-p 0001d000 08:05 8394167                    /usr/lib/python3.12/lib-dynload/_curses.cpython-312-x86_64-linux-gnu.so
700338af1000-700338afe000 r--p 00000000 fc:00 34894754                   /home/henriqueramos_qs/meta-learning-concept-drift/.venv/lib/python3.12/site-packages/pyzmq.libs/libsodium-19479d6d.so.26.2.0
700338afe000-700338bf4000 r-xp 0000d000 fc:00 34894754                   /home/henriqueramos_qs/meta-learning-concept-drift/.venv/lib/python3.12/site-packages/pyzmq.libs/libsodium-19479d6d.so.26.2.0
700338bf4000-700338c09000 r--p 00103000 fc:00 34894754                   /home/henriqueramos_qs/meta-learning-concept-drift/.venv/lib/python3.12/site-packages/pyzmq.libs/libsodium-19479d6d.so.26.2.0
700338c09000-700338c0a000 r--p 00118000 fc:00 34894754                   /home/henriqueramos_qs/meta-learning-concept-drift/.venv/lib/python3.12/site-packages/pyzmq.libs/libsodium-19479d6d.so.26.2.0
700338c0a000-700338c0b000 rw-p 00119000 fc:00 34894754                   /home/henriqueramos_qs/meta-learning-concept-drift/.venv/lib/python3.12/site-packages/pyzmq.libs/libsodium-19479d6d.so.26.2.0
700338c0b000-700338c18000 rw-p 0011b000 fc:00 34894754                   /home/henriqueramos_qs/meta-learning-concept-drift/.venv/lib/python3.12/site-packages/pyzmq.libs/libsodium-19479d6d.so.26.2.0
700338c18000-700338c30000 r--p 00000000 fc:00 34894755                   /home/henriqueramos_qs/meta-learning-concept-drift/.venv/lib/python3.12/site-packages/pyzmq.libs/libzmq-7b073b3d.so.5.2.5
700338c30000-700338cba000 r-xp 00018000 fc:00 34894755                   /home/henriqueramos_qs/meta-learning-concept-drift/.venv/lib/python3.12/site-packages/pyzmq.libs/libzmq-7b073b3d.so.5.2.5
700338cba000-700338cef000 r--p 000a2000 fc:00 34894755                   /home/henriqueramos_qs/meta-learning-concept-drift/.venv/lib/python3.12/site-packages/pyzmq.libs/libzmq-7b073b3d.so.5.2.5
700338cef000-700338cf6000 r--p 000d7000 fc:00 34894755                   /home/henriqueramos_qs/meta-learning-concept-drift/.venv/lib/python3.12/site-packages/pyzmq.libs/libzmq-7b073b3d.so.5.2.5
700338cf6000-700338cf7000 rw-p 000de000 fc:00 34894755                   /home/henriqueramos_qs/meta-learning-concept-drift/.venv/lib/python3.12/site-packages/pyzmq.libs/libzmq-7b073b3d.so.5.2.5
700338cf7000-700338d00000 rw-p 000e0000 fc:00 34894755                   /home/henriqueramos_qs/meta-learning-concept-drift/.venv/lib/python3.12/site-packages/pyzmq.libs/libzmq-7b073b3d.so.5.2.5
700338d00000-700339000000 rw-p 00000000 00:00 0 
700339000000-700339575000 r--p 00000000 08:05 8389048                    /usr/lib/locale/locale-archive
700339576000-70033957a000 rw-p 00000000 00:00 0 
70033957a000-70033957e000 r--p 00000000 08:05 8398492                    /usr/lib/x86_64-linux-gnu/libgcc_s.so.1
70033957e000-7003395a2000 r-xp 00004000 08:05 8398492                    /usr/lib/x86_64-linux-gnu/libgcc_s.so.1
7003395a2000-7003395a6000 r--p 00028000 08:05 8398492                    /usr/lib/x86_64-linux-gnu/libgcc_s.so.1
7003395a6000-7003395a7000 r--p 0002b000 08:05 8398492                    /usr/lib/x86_64-linux-gnu/libgcc_s.so.1
7003395a7000-7003395a8000 rw-p 0002c000 08:05 8398492                    /usr/lib/x86_64-linux-gnu/libgcc_s.so.1
7003395a8000-7003395a9000 ---p 00000000 00:00 0 
7003395a9000-7003395aa000 r--p 00000000 00:00 0 
7003395aa000-7003395ae000 r--p 00000000 08:05 8394154                    /usr/lib/python3.12/lib-dynload/_asyncio.cpython-312-x86_64-linux-gnu.so
7003395ae000-7003395b7000 r-xp 00004000 08:05 8394154                    /usr/lib/python3.12/lib-dynload/_asyncio.cpython-312-x86_64-linux-gnu.so
7003395b7000-7003395bc000 r--p 0000d000 08:05 8394154                    /usr/lib/python3.12/lib-dynload/_asyncio.cpython-312-x86_64-linux-gnu.so
7003395bc000-7003395bd000 r--p 00011000 08:05 8394154                    /usr/lib/python3.12/lib-dynload/_asyncio.cpython-312-x86_64-linux-gnu.so
7003395bd000-7003395bf000 rw-p 00012000 08:05 8394154                    /usr/lib/python3.12/lib-dynload/_asyncio.cpython-312-x86_64-linux-gnu.so
7003395bf000-7003395c7000 r--p 00000000 fc:00 34894795                   /home/henriqueramos_qs/meta-learning-concept-drift/.venv/lib/python3.12/site-packages/zmq/backend/cython/_zmq.abi3.so
7003395c7000-7003395eb000 r-xp 00008000 fc:00 34894795                   /home/henriqueramos_qs/meta-learning-concept-drift/.venv/lib/python3.12/site-packages/zmq/backend/cython/_zmq.abi3.so
7003395eb000-7003395f6000 r--p 0002c000 fc:00 34894795                   /home/henriqueramos_qs/meta-learning-concept-drift/.venv/lib/python3.12/site-packages/zmq/backend/cython/_zmq.abi3.so
7003395f6000-7003395f8000 r--p 00037000 fc:00 34894795                   /home/henriqueramos_qs/meta-learning-concept-drift/.venv/lib/python3.12/site-packages/zmq/backend/cython/_zmq.abi3.so
7003395f8000-7003395fa000 rw-p 00039000 fc:00 34894795                   /home/henriqueramos_qs/meta-learning-concept-drift/.venv/lib/python3.12/site-packages/zmq/backend/cython/_zmq.abi3.so
7003395fa000-7003395fb000 rw-p 00000000 00:00 0 
7003395fb000-700339600000 rw-p 0003c000 fc:00 34894795                   /home/henriqueramos_qs/meta-learning-concept-drift/.venv/lib/python3.12/site-packages/zmq/backend/cython/_zmq.abi3.so
700339600000-700339628000 r--p 00000000 08:05 8419413                    /usr/lib/x86_64-linux-gnu/libc.so.6
700339628000-7003397b0000 r-xp 00028000 08:05 8419413                    /usr/lib/x86_64-linux-gnu/libc.so.6
7003397b0000-7003397ff000 r--p 001b0000 08:05 8419413                    /usr/lib/x86_64-linux-gnu/libc.so.6
7003397ff000-700339803000 r--p 001fe000 08:05 8419413                    /usr/lib/x86_64-linux-gnu/libc.so.6
700339803000-700339805000 rw-p 00202000 08:05 8419413                    /usr/lib/x86_64-linux-gnu/libc.so.6
700339805000-700339812000 rw-p 00000000 00:00 0 
700339812000-700339813000 r--p 00000000 00:00 0 
700339813000-700339814000 r--p 00000000 fc:00 34894569                   /home/henriqueramos_qs/meta-learning-concept-drift/.venv/lib/python3.12/site-packages/tornado/speedups.abi3.so
700339814000-700339815000 r-xp 00001000 fc:00 34894569                   /home/henriqueramos_qs/meta-learning-concept-drift/.venv/lib/python3.12/site-packages/tornado/speedups.abi3.so
700339815000-700339816000 r--p 00002000 fc:00 34894569                   /home/henriqueramos_qs/meta-learning-concept-drift/.venv/lib/python3.12/site-packages/tornado/speedups.abi3.so
700339816000-700339817000 r--p 00002000 fc:00 34894569                   /home/henriqueramos_qs/meta-learning-concept-drift/.venv/lib/python3.12/site-packages/tornado/speedups.abi3.so
700339817000-700339818000 rw-p 00003000 fc:00 34894569                   /home/henriqueramos_qs/meta-learning-concept-drift/.venv/lib/python3.12/site-packages/tornado/speedups.abi3.so
700339818000-70033981a000 r--p 00000000 08:05 8394177                    /usr/lib/python3.12/lib-dynload/_queue.cpython-312-x86_64-linux-gnu.so
70033981a000-70033981c000 r-xp 00002000 08:05 8394177                    /usr/lib/python3.12/lib-dynload/_queue.cpython-312-x86_64-linux-gnu.so
70033981c000-70033981d000 r--p 00004000 08:05 8394177                    /usr/lib/python3.12/lib-dynload/_queue.cpython-312-x86_64-linux-gnu.so
70033981d000-70033981e000 r--p 00004000 08:05 8394177                    /usr/lib/python3.12/lib-dynload/_queue.cpython-312-x86_64-linux-gnu.so
70033981e000-70033981f000 rw-p 00005000 08:05 8394177                    /usr/lib/python3.12/lib-dynload/_queue.cpython-312-x86_64-linux-gnu.so
70033981f000-700339820000 r--p 00000000 08:05 8394163                    /usr/lib/python3.12/lib-dynload/_contextvars.cpython-312-x86_64-linux-gnu.so
700339820000-700339821000 r-xp 00001000 08:05 8394163                    /usr/lib/python3.12/lib-dynload/_contextvars.cpython-312-x86_64-linux-gnu.so
700339821000-700339822000 r--p 00002000 08:05 8394163                    /usr/lib/python3.12/lib-dynload/_contextvars.cpython-312-x86_64-linux-gnu.so
700339822000-700339823000 r--p 00002000 08:05 8394163                    /usr/lib/python3.12/lib-dynload/_contextvars.cpython-312-x86_64-linux-gnu.so
700339823000-700339824000 rw-p 00003000 08:05 8394163                    /usr/lib/python3.12/lib-dynload/_contextvars.cpython-312-x86_64-linux-gnu.so
700339824000-700339826000 r--p 00000000 08:05 8394171                    /usr/lib/python3.12/lib-dynload/_json.cpython-312-x86_64-linux-gnu.so
700339826000-70033982d000 r-xp 00002000 08:05 8394171                    /usr/lib/python3.12/lib-dynload/_json.cpython-312-x86_64-linux-gnu.so
70033982d000-70033982f000 r--p 00009000 08:05 8394171                    /usr/lib/python3.12/lib-dynload/_json.cpython-312-x86_64-linux-gnu.so
70033982f000-700339830000 r--p 0000a000 08:05 8394171                    /usr/lib/python3.12/lib-dynload/_json.cpython-312-x86_64-linux-gnu.so
700339830000-700339831000 rw-p 0000b000 08:05 8394171                    /usr/lib/python3.12/lib-dynload/_json.cpython-312-x86_64-linux-gnu.so
700339831000-700339995000 rw-p 00000000 00:00 0 
700339995000-700339999000 r--p 00000000 08:05 8390286                    /usr/lib/x86_64-linux-gnu/libexpat.so.1.9.1
700339999000-7003399b6000 r-xp 00004000 08:05 8390286                    /usr/lib/x86_64-linux-gnu/libexpat.so.1.9.1
7003399b6000-7003399be000 r--p 00021000 08:05 8390286                    /usr/lib/x86_64-linux-gnu/libexpat.so.1.9.1
7003399be000-7003399c0000 r--p 00028000 08:05 8390286                    /usr/lib/x86_64-linux-gnu/libexpat.so.1.9.1
7003399c0000-7003399c1000 rw-p 0002a000 08:05 8390286                    /usr/lib/x86_64-linux-gnu/libexpat.so.1.9.1
7003399c1000-7003399c3000 r--p 00000000 08:05 8405465                    /usr/lib/x86_64-linux-gnu/libz.so.1.3
7003399c3000-7003399d5000 r-xp 00002000 08:05 8405465                    /usr/lib/x86_64-linux-gnu/libz.so.1.3
7003399d5000-7003399db000 r--p 00014000 08:05 8405465                    /usr/lib/x86_64-linux-gnu/libz.so.1.3
7003399db000-7003399dc000 r--p 0001a000 08:05 8405465                    /usr/lib/x86_64-linux-gnu/libz.so.1.3
7003399dc000-7003399dd000 rw-p 0001b000 08:05 8405465                    /usr/lib/x86_64-linux-gnu/libz.so.1.3
7003399dd000-7003399ed000 r--p 00000000 08:05 8419746                    /usr/lib/x86_64-linux-gnu/libm.so.6
7003399ed000-700339a6c000 r-xp 00010000 08:05 8419746                    /usr/lib/x86_64-linux-gnu/libm.so.6
700339a6c000-700339ac4000 r--p 0008f000 08:05 8419746                    /usr/lib/x86_64-linux-gnu/libm.so.6
700339ac4000-700339ac5000 r--p 000e7000 08:05 8419746                    /usr/lib/x86_64-linux-gnu/libm.so.6
700339ac5000-700339ac6000 rw-p 000e8000 08:05 8419746                    /usr/lib/x86_64-linux-gnu/libm.so.6
700339ac6000-700339ac7000 ---p 00000000 00:00 0 
700339ac7000-700339ac8000 rwxp 00000000 00:00 0 
700339ac8000-700339ac9000 r--p 00000000 08:05 8420174                    /usr/lib/x86_64-linux-gnu/librt.so.1
700339ac9000-700339aca000 r-xp 00001000 08:05 8420174                    /usr/lib/x86_64-linux-gnu/librt.so.1
700339aca000-700339acb000 r--p 00002000 08:05 8420174                    /usr/lib/x86_64-linux-gnu/librt.so.1
700339acb000-700339acc000 r--p 00002000 08:05 8420174                    /usr/lib/x86_64-linux-gnu/librt.so.1
700339acc000-700339acd000 rw-p 00003000 08:05 8420174                    /usr/lib/x86_64-linux-gnu/librt.so.1
700339acd000-700339ace000 r--p 00000000 08:05 8420150                    /usr/lib/x86_64-linux-gnu/libpthread.so.0
700339ace000-700339acf000 r-xp 00001000 08:05 8420150                    /usr/lib/x86_64-linux-gnu/libpthread.so.0
700339acf000-700339ad0000 r--p 00002000 08:05 8420150                    /usr/lib/x86_64-linux-gnu/libpthread.so.0
700339ad0000-700339ad1000 r--p 00002000 08:05 8420150                    /usr/lib/x86_64-linux-gnu/libpthread.so.0
700339ad1000-700339ad2000 rw-p 00003000 08:05 8420150                    /usr/lib/x86_64-linux-gnu/libpthread.so.0
700339ad2000-700339ad6000 rw-p 00000000 00:00 0 
700339ad6000-700339add000 r--s 00000000 08:05 8418918                    /usr/lib/x86_64-linux-gnu/gconv/gconv-modules.cache
700339add000-700339adf000 rw-p 00000000 00:00 0 
700339adf000-700339ae1000 r--p 00000000 00:00 0                          [vvar]
700339ae1000-700339ae3000 r--p 00000000 00:00 0                          [vvar_vclock]
700339ae3000-700339ae5000 r-xp 00000000 00:00 0                          [vdso]
700339ae5000-700339ae6000 r--p 00000000 08:05 8419229                    /usr/lib/x86_64-linux-gnu/ld-linux-x86-64.so.2
700339ae6000-700339b11000 r-xp 00001000 08:05 8419229                    /usr/lib/x86_64-linux-gnu/ld-linux-x86-64.so.2
700339b11000-700339b1b000 r--p 0002c000 08:05 8419229                    /usr/lib/x86_64-linux-gnu/ld-linux-x86-64.so.2
700339b1b000-700339b1d000 r--p 00036000 08:05 8419229                    /usr/lib/x86_64-linux-gnu/ld-linux-x86-64.so.2
700339b1d000-700339b1f000 rw-p 00038000 08:05 8419229                    /usr/lib/x86_64-linux-gnu/ld-linux-x86-64.so.2
7ffd8d5e1000-7ffd8d5e5000 ---p 00000000 00:00 0 
7ffd8d5e5000-7ffd8dddf000 rw-p 00000000 00:00 0                          [stack]
ffffffffff600000-ffffffffff601000 --xp 00000000 00:00 0                  [vsyscall]
Total number of mappings: 2589

JVMTI agents: none


VM Arguments:
jvm_args: -Xmx8g -Xss10M 
java_command: <unknown>
java_class_path (initial): /home/henriqueramos_qs/meta-learning-concept-drift/.venv/lib/python3.12/site-packages/capymoa/jar/moa.jar:/home/henriqueramos_qs/meta-learning-concept-drift/.venv/lib/python3.12/site-packages/org.jpype.jar
Launcher Type: generic

[Global flags]
     intx CICompilerCount                          = 18                                        {product} {ergonomic}
     uint ConcGCThreads                            = 16                                        {product} {ergonomic}
     uint G1ConcRefinementThreads                  = 63                                        {product} {ergonomic}
   size_t G1HeapRegionSize                         = 4194304                                   {product} {ergonomic}
    uintx GCDrainStackTargetSize                   = 64                                        {product} {ergonomic}
   size_t InitialHeapSize                          = 2147483648                                {product} {ergonomic}
   size_t MarkStackSize                            = 4194304                                   {product} {ergonomic}
   size_t MaxHeapSize                              = 8589934592                                {product} {command line}
   size_t MaxNewSize                               = 5150605312                                {product} {ergonomic}
   size_t MinHeapDeltaBytes                        = 4194304                                   {product} {ergonomic}
   size_t MinHeapSize                              = 8388608                                   {product} {ergonomic}
    uintx NonNMethodCodeHeapSize                   = 8782280                                {pd product} {ergonomic}
    uintx NonProfiledCodeHeapSize                  = 121437980                              {pd product} {ergonomic}
    uintx ProfiledCodeHeapSize                     = 121437980                              {pd product} {ergonomic}
    uintx ReservedCodeCacheSize                    = 251658240                              {pd product} {ergonomic}
     bool SegmentedCodeCache                       = true                                      {product} {ergonomic}
   size_t SoftMaxHeapSize                          = 8589934592                             {manageable} {ergonomic}
     intx ThreadStackSize                          = 10240                                  {pd product} {command line}
     bool UseCompressedOops                        = true                           {product lp64_product} {ergonomic}
     bool UseG1GC                                  = true                                      {product} {ergonomic}

Logging:
Log output configuration:
 #0: stdout all=warning uptime,level,tags foldmultilines=false
 #1: stderr all=off uptime,level,tags foldmultilines=false

Environment Variables:
JAVA_HOME=/usr/lib/jvm/java-21-openjdk-amd64
PATH=/home/henriqueramos_qs/meta-learning-concept-drift/.venv/bin:/home/henriqueramos_qs/.vscode-server/cli/servers/Stable-e3550cfac4b63ca4eafca7b601f0d2885817fd1f/server/bin/remote-cli:/usr/local/sbin:/usr/local/bin:/usr/sbin:/usr/bin:/sbin:/bin:/usr/games:/usr/local/games:/snap/bin
SHELL=/bin/bash
LANG=en_US.UTF-8
TERM=xterm-color

Active Locale:
LC_ALL=LC_CTYPE=en_US.UTF-8;LC_NUMERIC=C;LC_TIME=C;LC_COLLATE=C;LC_MONETARY=C;LC_MESSAGES=C;LC_PAPER=en_US.UTF-8;LC_NAME=en_US.UTF-8;LC_ADDRESS=en_US.UTF-8;LC_TELEPHONE=en_US.UTF-8;LC_MEASUREMENT=en_US.UTF-8;LC_IDENTIFICATION=en_US.UTF-8
LC_COLLATE=C
LC_CTYPE=en_US.UTF-8
LC_MESSAGES=C
LC_MONETARY=C
LC_NUMERIC=C
LC_TIME=C

Signal Handlers:
   SIGSEGV: crash_handler in libjvm.so, mask=11100100010111111101111111111110, flags=SA_RESTART|SA_SIGINFO, unblocked
    SIGBUS: crash_handler in libjvm.so, mask=11100100010111111101111111111110, flags=SA_RESTART|SA_SIGINFO, unblocked
    SIGFPE: crash_handler in libjvm.so, mask=11100100010111111101111111111110, flags=SA_RESTART|SA_SIGINFO, unblocked
   SIGPIPE: javaSignalHandler in libjvm.so, mask=11100100010111111101111111111110, flags=SA_RESTART|SA_SIGINFO, blocked
   SIGXFSZ: javaSignalHandler in libjvm.so, mask=11100100010111111101111111111110, flags=SA_RESTART|SA_SIGINFO, blocked
    SIGILL: crash_handler in libjvm.so, mask=11100100010111111101111111111110, flags=SA_RESTART|SA_SIGINFO, unblocked
   SIGUSR2: SR_handler in libjvm.so, mask=00000000000000000000000000000000, flags=SA_RESTART|SA_SIGINFO, blocked
    SIGHUP: UserHandler in libjvm.so, mask=11100100010111111101111111111110, flags=SA_RESTART|SA_SIGINFO, blocked
    SIGINT: SIG_IGN, mask=00000000000000000000000000000000, flags=SA_ONSTACK, blocked
   SIGTERM: UserHandler in libjvm.so, mask=11100100010111111101111111111110, flags=SA_RESTART|SA_SIGINFO, blocked
   SIGQUIT: UserHandler in libjvm.so, mask=11100100010111111101111111111110, flags=SA_RESTART|SA_SIGINFO, blocked
   SIGTRAP: crash_handler in libjvm.so, mask=11100100010111111101111111111110, flags=SA_RESTART|SA_SIGINFO, unblocked


Periodic native trim disabled

---------------  S Y S T E M  ---------------

OS:
DISTRIB_ID=Ubuntu
DISTRIB_RELEASE=24.04
DISTRIB_CODENAME=noble
DISTRIB_DESCRIPTION="Ubuntu 24.04.3 LTS"
uname: Linux 6.14.0-27-generic #27~24.04.1-Ubuntu SMP PREEMPT_DYNAMIC Tue Jul 22 17:38:49 UTC 2 x86_64
OS uptime: 0 days 21:20 hours
libc: glibc 2.39 NPTL 2.39 
rlimit (soft/hard): STACK 8192k/infinity , CORE 0k/infinity , NPROC 767845/767845 , NOFILE 1048576/1048576 , AS infinity/infinity , CPU infinity/infinity , DATA infinity/infinity , FSIZE infinity/infinity , MEMLOCK 24582040k/24582040k
load average: 21.59 24.72 25.15

/proc/meminfo:
MemTotal:       196656332 kB
MemFree:        170763400 kB
MemAvailable:   184568256 kB
Buffers:          664160 kB
Cached:         14128040 kB
SwapCached:            0 kB
Active:         19314028 kB
Inactive:        3400556 kB
Active(anon):    7943776 kB
Inactive(anon):        0 kB
Active(file):   11370252 kB
Inactive(file):  3400556 kB
Unevictable:       10256 kB
Mlocked:               0 kB
SwapTotal:       8388604 kB
SwapFree:        8388604 kB
Zswap:                 0 kB
Zswapped:              0 kB
Dirty:                48 kB
Writeback:             0 kB
AnonPages:       7905504 kB
Mapped:           836492 kB
Shmem:             21464 kB
KReclaimable:     388280 kB
Slab:            1297016 kB
SReclaimable:     388280 kB
SUnreclaim:       908736 kB
KernelStack:       44688 kB
PageTables:       118416 kB
SecPageTables:     18000 kB
NFS_Unstable:          0 kB
Bounce:                0 kB
WritebackTmp:          0 kB
CommitLimit:    106716768 kB
Committed_AS:   33438336 kB
VmallocTotal:   34359738367 kB
VmallocUsed:      389756 kB
VmallocChunk:          0 kB
Percpu:           273792 kB
HardwareCorrupted:     0 kB
AnonHugePages:     94208 kB
ShmemHugePages:        0 kB
ShmemPmdMapped:        0 kB
FileHugePages:         0 kB
FilePmdMapped:         0 kB
Unaccepted:            0 kB
HugePages_Total:       0
HugePages_Free:        0
HugePages_Rsvd:        0
HugePages_Surp:        0
Hugepagesize:       2048 kB
Hugetlb:               0 kB
DirectMap4k:     1896812 kB
DirectMap2M:    13486080 kB
DirectMap1G:    186646528 kB

/sys/kernel/mm/transparent_hugepage/enabled: always [madvise] never
/sys/kernel/mm/transparent_hugepage/hpage_pmd_size: 2097152
/sys/kernel/mm/transparent_hugepage/defrag (defrag/compaction efforts parameter): always defer defer+madvise [madvise] never

Process Memory:
Virtual Size: 22315388K (peak: 22315388K)
Resident Set Size: 831624K (peak: 869984K) (anon: 539488K, file: 292136K, shmem: 0K)
Swapped out: 0K
C-Heap outstanding allocations: 312514K, retained: 73061K
glibc malloc tunables: (default)

/proc/sys/kernel/threads-max (system-wide limit on the number of threads): 1535691
/proc/sys/vm/max_map_count (maximum number of memory map areas a process may have): 1048576
/proc/sys/vm/swappiness (control to define how aggressively the kernel swaps out anonymous memory): 60
/proc/sys/kernel/pid_max (system-wide limit on number of process identifiers): 4194304

container information not found.
Steal ticks since vm start: 0
Steal ticks percentage since vm start:  0.000

CPU: total 96 (initial active 96) (24 cores per cpu, 2 threads per core) family 6 model 85 stepping 7 microcode 0x5003901, cx8, cmov, fxsr, ht, mmx, 3dnowpref, sse, sse2, sse3, ssse3, sse4.1, sse4.2, popcnt, lzcnt, tsc, tscinvbit, avx, avx2, aes, erms, clmul, bmi1, bmi2, adx, avx512f, avx512dq, avx512cd, avx512bw, avx512vl, fma, vzeroupper, avx512_vnni, clflush, clflushopt, clwb, rdtscp, f16c, pku, ospke
CPU Model and flags from /proc/cpuinfo:
model name	: Intel(R) Xeon(R) Gold 5220R CPU @ 2.20GHz
flags		: fpu vme de pse tsc msr pae mce cx8 apic sep mtrr pge mca cmov pat pse36 clflush dts acpi mmx fxsr sse sse2 ss ht tm pbe syscall nx pdpe1gb rdtscp lm constant_tsc art arch_perfmon pebs bts rep_good nopl xtopology nonstop_tsc cpuid aperfmperf pni pclmulqdq dtes64 monitor ds_cpl vmx smx est tm2 ssse3 sdbg fma cx16 xtpr pdcm pcid dca sse4_1 sse4_2 x2apic movbe popcnt tsc_deadline_timer aes xsave avx f16c rdrand lahf_lm abm 3dnowprefetch cpuid_fault epb cat_l3 cdp_l3 intel_ppin ssbd mba ibrs ibpb stibp ibrs_enhanced tpr_shadow flexpriority ept vpid ept_ad fsgsbase tsc_adjust bmi1 avx2 smep bmi2 erms invpcid cqm mpx rdt_a avx512f avx512dq rdseed adx smap clflushopt clwb intel_pt avx512cd avx512bw avx512vl xsaveopt xsavec xgetbv1 xsaves cqm_llc cqm_occup_llc cqm_mbm_total cqm_mbm_local dtherm ida arat pln pts vnmi pku ospke avx512_vnni md_clear flush_l1d arch_capabilities

Online cpus: 0-95
Offline cpus: 
BIOS frequency limitation: <Not Available>
Frequency switch latency (ns): 20000
Available cpu frequencies: <Not Available>
Current governor: schedutil
Core performance/turbo boost: <Not Available>

Memory: 4k page, physical 196656332k(184596480k free), swap 8388604k(8388604k free)
Page Sizes: 4k

vm_info: OpenJDK 64-Bit Server VM (21.0.8+9-Ubuntu-0ubuntu124.04.1) for linux-amd64 JRE (21.0.8+9-Ubuntu-0ubuntu124.04.1), built on 2025-07-16T21:55:59Z by "buildd" with gcc 13.3.0

END.
